# 1.2589e-07 0 22 : grain size, compostion index, size index
# Heating and cooling timescale: 20907 18.1607
# Ratio of heating to cooling to determine stochastic cutoff: 100
# Equilibrium emission is recorded even for those grains in the stochastic regime.
# Emission spectrum was computed for: 
# Type: ISRF
# Scales: 0.25 0.5 1 1.5 2 2.5 3 3.5 4 4.5 5 5.5 6 6.5 7 7.5 8 8.5 9 9.5 10 10.5 11 11.5 12 12.5 13 13.5 14 14.5 15 15.5 16 16.5 17 17.5 18 18.5 19 19.5 20
# StochasticallyHeated: 1 1 1 1 1 1 1 1 1 1 1 1 1 1 1 1 1 1 1 1 1 1 1 1 1 1 1 1 1 1 1 1 1 1 1 1 1 1 1 1 1
# Temperature: -1
# Wavelength  CExt  CAbs  CSca  Albedo G EqEm1 StEm1 EqEm2 StEm2 EqEm3 StEm3 EqEm4 StEm4 EqEm5 StEm5 EqEm6 StEm6 EqEm7 StEm7 EqEm8 StEm8 EqEm9 StEm9 EqEm10 StEm10 EqEm11 StEm11 EqEm12 StEm12 EqEm13 StEm13 EqEm14 StEm14 EqEm15 StEm15 EqEm16 StEm16 EqEm17 StEm17 EqEm18 StEm18 EqEm19 StEm19 EqEm20 StEm20 EqEm21 StEm21 EqEm22 StEm22 EqEm23 StEm23 EqEm24 StEm24 EqEm25 StEm25 EqEm26 StEm26 EqEm27 StEm27 EqEm28 StEm28 EqEm29 StEm29 EqEm30 StEm30 EqEm31 StEm31 EqEm32 StEm32 EqEm33 StEm33 EqEm34 StEm34 EqEm35 StEm35 EqEm36 StEm36 EqEm37 StEm37 EqEm38 StEm38 EqEm39 StEm39 EqEm40 StEm40 EqEm41 StEm41
0.05 2.4931e-15 2.49233e-15 7.67999e-19 0.00030805 0.000265892 0 0 0 0 0 0 0 0 0 0 0 0 0 0 0 0 0 0 0 0 0 0 0 0 0 0 0 0 0 0 0 0 0 0 0 0 0 0 0 0 0 0 0 0 0 0 0 0 0 0 0 0 0 0 0 0 0 0 0 0 0 0 0 0 0 0 0 0 0 0 0 0 0 0 0 0 0 0 0 0 0 0
0.0525665 2.75561e-15 2.75476e-15 8.48866e-19 0.00030805 0.00029389 0 0 0 0 0 0 0 0 0 0 0 0 0 0 0 0 0 0 0 0 0 0 0 0 0 0 0 0 0 0 0 0 0 0 0 0 0 0 0 0 0 0 0 0 0 0 0 0 0 0 0 0 0 0 0 0 0 0 0 0 0 0 0 0 0 0 0 0 0 0 0 0 0 0 0 0 0 0 0 0 0 0
0.0552647 3.04576e-15 3.04482e-15 9.38248e-19 0.00030805 0.000324835 0 0 0 0 0 0 0 0 0 0 0 0 0 0 0 0 0 0 0 0 0 0 0 0 0 0 0 0 0 0 0 0 0 0 0 0 0 0 0 0 0 0 0 0 0 0 0 0 0 0 0 0 0 0 0 0 0 0 0 0 0 0 0 0 0 0 0 0 0 0 0 0 0 0 0 0 0 0 0 0 0 0
0.0581015 3.36647e-15 3.36543e-15 1.03704e-18 0.00030805 0.000359038 0 0 0 0 0 0 0 0 0 0 0 0 0 0 0 0 0 0 0 0 0 0 0 0 0 0 0 0 0 0 0 0 0 0 0 0 0 0 0 0 0 0 0 0 0 0 0 0 0 0 0 0 0 0 0 0 0 0 0 0 0 0 0 0 0 0 0 0 0 0 0 0 0 0 0 0 0 0 0 0 0 0
0.0610839 3.72094e-15 3.71979e-15 1.14624e-18 0.00030805 0.000396843 0 0 0 0 0 0 0 0 0 0 0 0 0 0 0 0 0 0 0 0 0 0 0 0 0 0 0 0 0 0 0 0 0 0 0 0 0 0 0 0 0 0 0 0 0 0 0 0 0 0 0 0 0 0 0 0 0 0 0 0 0 0 0 0 0 0 0 0 0 0 0 0 0 0 0 0 0 0 0 0 0 0
0.0642193 4.11274e-15 4.11147e-15 1.26693e-18 0.00030805 0.000438629 0 0 0 0 0 0 0 0 0 0 0 0 0 0 0 0 0 0 0 0 0 0 0 0 0 0 0 0 0 0 0 0 0 0 0 0 0 0 0 0 0 0 0 0 0 0 0 0 0 0 0 0 0 0 0 0 0 0 0 0 0 0 0 0 0 0 0 0 0 0 0 0 0 0 0 0 0 0 0 0 0 0
0.0675157 4.54579e-15 4.54439e-15 1.40033e-18 0.00030805 0.000484814 0 0 0 0 0 0 0 0 0 0 0 0 0 0 0 0 0 0 0 0 0 0 0 0 0 0 0 0 0 0 0 0 0 0 0 0 0 0 0 0 0 0 0 0 0 0 0 0 0 0 0 0 0 0 0 0 0 0 0 0 0 0 0 0 0 0 0 0 0 0 0 0 0 0 0 0 0 0 0 0 0 0
0.0709813 5.02444e-15 5.02289e-15 1.54778e-18 0.00030805 0.000535863 0 0 0 0 0 0 0 0 0 0 0 0 0 0 0 0 0 0 0 0 0 0 0 0 0 0 0 0 0 0 0 0 0 0 0 0 0 0 0 0 0 0 0 0 0 0 0 0 0 0 0 0 0 0 0 0 0 0 0 0 0 0 0 0 0 0 0 0 0 0 0 0 0 0 0 0 0 0 0 0 0 0
0.0746248 5.55348e-15 5.55177e-15 1.71075e-18 0.00030805 0.000592287 0 0 0 0 0 0 0 0 0 0 0 0 0 0 0 0 0 0 0 0 0 0 0 0 0 0 0 0 0 0 0 0 0 0 0 0 0 0 0 0 0 0 0 0 0 0 0 0 0 0 0 0 0 0 0 0 0 0 0 0 0 0 0 0 0 0 0 0 0 0 0 0 0 0 0 0 0 0 0 0 0 0
0.0784553 6.13824e-15 6.13635e-15 1.89089e-18 0.00030805 0.000654652 0 0 0 0 0 0 0 0 0 0 0 0 0 0 0 0 0 0 0 0 0 0 0 0 0 0 0 0 0 0 0 0 0 0 0 0 0 0 0 0 0 0 0 0 0 0 0 0 0 0 0 0 0 0 0 0 0 0 0 0 0 0 0 0 0 0 0 0 0 0 0 0 0 0 0 0 0 0 0 0 0 0
0.0824824 6.78457e-15 6.78248e-15 2.08999e-18 0.00030805 0.000723583 0 0 0 0 0 0 0 0 0 0 0 0 0 0 0 0 0 0 0 0 0 0 0 0 0 0 0 0 0 0 0 0 0 0 0 0 0 0 0 0 0 0 0 0 0 0 0 0 0 0 0 0 0 0 0 0 0 0 0 0 0 0 0 0 0 0 0 0 0 0 0 0 0 0 0 0 0 0 0 0 0 0
0.0867162 7.49895e-15 7.49664e-15 2.31005e-18 0.00030805 0.000799774 0 0 0 0 0 0 0 0 0 0 0 0 0 0 0 0 0 0 0 0 0 0 0 0 0 0 0 0 0 0 0 0 0 0 0 0 0 0 0 0 0 0 0 0 0 0 0 0 0 0 0 0 0 0 0 0 0 0 0 0 0 0 0 0 0 0 0 0 0 0 0 0 0 0 0 0 0 0 0 0 0 0
0.0911674 8.28855e-15 8.286e-15 2.55329e-18 0.00030805 0.000883986 0 0 0 0 0 0 0 0 0 0 0 0 0 0 0 0 0 0 0 0 0 0 0 0 0 0 0 0 0 0 0 0 0 0 0 0 0 0 0 0 0 0 0 0 0 0 0 0 0 0 0 0 0 0 0 0 0 0 0 0 0 0 0 0 0 0 0 0 0 0 0 0 0 0 0 0 0 0 0 0 0 0
0.095847 9.1613e-15 9.15848e-15 2.82214e-18 0.00030805 0.000977065 0 0 0 0 0 0 0 0 0 0 0 0 0 0 0 0 0 0 0 0 0 0 0 0 0 0 0 0 0 0 0 0 0 0 0 0 0 0 0 0 0 0 0 0 0 0 0 0 0 0 0 0 0 0 0 0 0 0 0 0 0 0 0 0 0 0 0 0 0 0 0 0 0 0 0 0 0 0 0 0 0 0
0.100767 9.78515e-15 9.78227e-15 2.88083e-18 0.000294408 0.00108577 0 0 0 0 0 0 0 0 0 0 0 0 0 0 0 0 0 0 0 0 0 0 0 0 0 0 0 0 0 0 0 0 0 0 0 0 0 0 0 0 0 0 0 0 0 0 0 0 0 0 0 0 0 0 0 0 0 0 0 0 0 0 0 0 0 0 0 0 0 0 0 0 0 0 0 0 0 0 0 0 0 0
0.105939 8.56531e-15 8.56338e-15 1.93107e-18 0.000225452 0.00117188 0 0 0 0 0 0 0 0 0 0 0 0 0 0 0 0 0 0 0 0 0 0 0 0 0 0 0 0 0 0 0 0 0 0 0 0 0 0 0 0 0 0 0 0 0 0 0 0 0 0 0 0 0 0 0 0 0 0 0 0 0 0 0 0 0 0 0 0 0 0 0 0 0 0 0 0 0 0 0 0 0 0
0.111377 7.39092e-15 7.38941e-15 1.50827e-18 0.000204071 0.00133107 0 0 0 0 0 0 0 0 0 0 0 0 0 0 0 0 0 0 0 0 0 0 0 0 0 0 0 0 0 0 0 0 0 0 0 0 0 0 0 0 0 0 0 0 0 0 0 0 0 0 0 0 0 0 0 0 0 0 0 0 0 0 0 0 0 0 0 0 0 0 0 0 0 0 0 0 0 0 0 0 0 0
0.117094 6.3015e-15 6.30048e-15 1.01538e-18 0.000161133 0.00123063 0 0 0 0 0 0 0 0 0 0 0 0 0 0 0 0 0 0 0 0 0 0 0 0 0 0 0 0 0 0 0 0 0 0 0 0 0 0 0 0 0 0 0 0 0 0 0 0 0 0 0 0 0 0 0 0 0 0 0 0 0 0 0 0 0 0 0 0 0 0 0 0 0 0 0 0 0 0 0 0 0 0
0.123105 5.3417e-15 5.34106e-15 6.39746e-19 0.000119764 0.00105614 0 0 0 0 0 0 0 0 0 0 0 0 0 0 0 0 0 0 0 0 0 0 0 0 0 0 0 0 0 0 0 0 0 0 0 0 0 0 0 0 0 0 0 0 0 0 0 0 0 0 0 0 0 0 0 0 0 0 0 0 0 0 0 0 0 0 0 0 0 0 0 0 0 0 0 0 0 0 0 0 0 0
0.129424 4.50343e-15 4.50302e-15 4.11102e-19 9.12863e-05 0.000888816 0 0 0 0 0 0 0 0 0 0 0 0 0 0 0 0 0 0 0 0 0 0 0 0 0 0 0 0 0 0 0 0 0 0 0 0 0 0 0 0 0 0 0 0 0 0 0 0 0 0 0 0 0 0 0 0 0 0 0 0 0 0 0 0 0 0 0 0 0 0 0 0 0 0 0 0 0 0 0 0 0 0
0.136067 3.9167e-15 3.91643e-15 2.67905e-19 6.84007e-05 0.000751974 0 0 0 0 0 0 0 0 0 0 0 0 0 0 0 0 0 0 0 0 0 0 0 0 0 0 0 0 0 0 0 0 0 0 0 0 0 0 0 0 0 0 0 0 0 0 0 0 0 0 0 0 0 0 0 0 0 0 0 0 0 0 0 0 0 0 0 0 0 0 0 0 0 0 0 0 0 0 0 0 0 0
0.143051 3.56276e-15 3.56259e-15 1.75229e-19 4.91833e-05 0.000641207 0 0 0 0 0 0 0 0 0 0 0 0 0 0 0 0 0 0 0 0 0 0 0 0 0 0 0 0 0 0 0 0 0 0 0 0 0 0 0 0 0 0 0 0 0 0 0 0 0 0 0 0 0 0 0 0 0 0 0 0 0 0 0 0 0 0 0 0 0 0 0 0 0 0 0 0 0 0 0 0 0 0
0.150394 3.37209e-15 3.37198e-15 1.15099e-19 3.41327e-05 0.000547403 0 0 0 0 0 0 0 0 0 0 0 0 0 0 0 0 0 0 0 0 0 0 0 0 0 0 0 0 0 0 0 0 0 0 0 0 0 0 0 0 0 0 0 0 0 0 0 0 0 0 0 0 0 0 0 0 0 0 0 0 0 0 0 0 0 0 0 0 0 0 0 0 0 0 0 0 0 0 0 0 0 0
0.158114 3.33838e-15 3.3383e-15 7.79831e-20 2.33595e-05 0.000468922 0 0 0 0 0 0 0 0 0 0 0 0 0 0 0 0 0 0 0 0 0 0 0 0 0 0 0 0 0 0 0 0 0 0 0 0 0 0 0 0 0 0 0 0 0 0 0 0 0 0 0 0 0 0 0 0 0 0 0 0 0 0 0 0 0 0 0 0 0 0 0 0 0 0 0 0 0 0 0 0 0 0
0.16623 3.46994e-15 3.46988e-15 5.89942e-20 1.70015e-05 0.00040306 0 0 0 0 0 0 0 0 0 0 0 0 0 0 0 0 0 0 0 0 0 0 0 0 0 0 0 0 0 0 0 0 0 0 0 0 0 0 0 0 0 0 0 0 0 0 0 0 0 0 0 0 0 0 0 0 0 0 0 0 0 0 0 0 0 0 0 0 0 0 0 0 0 0 0 0 0 0 0 0 0 0
0.174762 3.79847e-15 3.79842e-15 5.39475e-20 1.42024e-05 0.000346534 0 0 0 0 0 0 0 0 0 0 0 0 0 0 0 0 0 0 0 0 0 0 0 0 0 0 0 0 0 0 0 0 0 0 0 0 0 0 0 0 0 0 0 0 0 0 0 0 0 0 0 0 0 0 0 0 0 0 0 0 0 0 0 0 0 0 0 0 0 0 0 0 0 0 0 0 0 0 0 0 0 0
0.183733 4.38262e-15 4.38256e-15 6.1716e-20 1.4082e-05 0.000295151 0 0 0 0 0 0 0 0 0 0 0 0 0 0 0 0 0 0 0 0 0 0 0 0 0 0 0 0 0 0 0 0 0 0 0 0 0 0 0 0 0 0 0 0 0 0 0 0 0 0 0 0 0 0 0 0 0 0 0 0 0 0 0 0 0 0 0 0 0 0 0 0 0 0 0 0 0 0 0 0 0 0
0.193164 5.41031e-15 5.41022e-15 8.96786e-20 1.65755e-05 0.000245627 0 0 0 0 0 0 0 0 0 0 0 0 0 0 0 0 0 0 0 0 0 0 0 0 0 0 0 0 0 0 0 0 0 0 0 0 0 0 0 0 0 0 0 0 0 0 0 0 0 0 0 0 0 0 0 0 0 0 0 0 0 0 0 0 0 0 0 0 0 0 0 0 0 0 0 0 0 0 0 0 0 0
0.203079 7.06196e-15 7.06182e-15 1.43176e-19 2.02743e-05 0.000196973 0 0 0 0 0 0 0 0 0 0 0 0 0 0 0 0 0 0 0 0 0 0 0 0 0 0 0 0 0 0 0 0 0 0 0 0 0 0 0 0 0 0 0 0 0 0 0 0 0 0 0 0 0 0 0 0 0 0 0 0 0 0 0 0 0 0 0 0 0 0 0 0 0 0 0 0 0 0 0 0 0 0
0.213503 8.69052e-15 8.69031e-15 2.07054e-19 2.38252e-05 0.000151485 0 0 0 0 0 0 0 0 0 0 0 0 0 0 0 0 0 0 0 0 0 0 0 0 0 0 0 0 0 0 0 0 0 0 0 0 0 0 0 0 0 0 0 0 0 0 0 0 0 0 0 0 0 0 0 0 0 0 0 0 0 0 0 0 0 0 0 0 0 0 0 0 0 0 0 0 0 0 0 0 0 0
0.224463 8.33883e-15 8.3386e-15 2.33706e-19 2.80262e-05 0.000112156 0 0 0 0 0 0 0 0 0 0 0 0 0 0 0 0 0 0 0 0 0 0 0 0 0 0 0 0 0 0 0 0 0 0 0 0 0 0 0 0 0 0 0 0 0 0 0 0 0 0 0 0 0 0 0 0 0 0 0 0 0 0 0 0 0 0 0 0 0 0 0 0 0 0 0 0 0 0 0 0 0 0
0.235984 6.46031e-15 6.4601e-15 2.05245e-19 3.17702e-05 8.0063e-05 0 0 0 0 0 0 0 0 0 0 0 0 0 0 0 0 0 0 0 0 0 0 0 0 0 0 0 0 0 0 0 0 0 0 0 0 0 0 0 0 0 0 0 0 0 0 0 0 0 0 0 0 0 0 0 0 0 0 0 0 0 0 0 0 0 0 0 0 0 0 0 0 0 0 0 0 0 0 0 0 0 0
0.248097 4.88868e-15 4.88852e-15 1.56668e-19 3.2047e-05 6.13127e-05 0 0 0 0 0 0 0 0 0 0 0 0 0 0 0 0 0 0 0 0 0 0 0 0 0 0 0 0 0 0 0 0 0 0 0 0 0 0 0 0 0 0 0 0 0 0 0 0 0 0 0 0 0 0 0 0 0 0 0 0 0 0 0 0 0 0 0 0 0 0 0 0 0 0 0 0 0 0 0 0 0 0
0.260832 3.92305e-15 3.92294e-15 1.12964e-19 2.87949e-05 6.3843e-05 0 0 0 0 0 0 0 0 0 0 0 0 0 0 0 0 0 0 0 0 0 0 0 0 0 0 0 0 0 0 0 0 0 0 0 0 0 0 0 0 0 0 0 0 0 0 0 0 0 0 0 0 0 0 0 0 0 0 0 0 0 0 0 0 0 0 0 0 0 0 0 0 0 0 0 0 0 0 0 0 0 0
0.274221 3.34226e-15 3.34218e-15 8.00662e-20 2.39557e-05 8.53044e-05 0 0 0 0 0 0 0 0 0 0 0 0 0 0 0 0 0 0 0 0 0 0 0 0 0 0 0 0 0 0 0 0 0 0 0 0 0 0 0 0 0 0 0 0 0 0 0 0 0 0 0 0 0 0 0 0 0 0 0 0 0 0 0 0 0 0 0 0 0 0 0 0 0 0 0 0 0 0 0 0 0 0
0.288297 2.97644e-15 2.97638e-15 5.69395e-20 1.91301e-05 0.000114301 0 0 0 0 0 0 0 0 0 0 0 0 0 0 0 0 0 0 0 0 0 0 0 0 0 0 0 0 0 0 0 0 0 0 0 0 0 0 0 0 0 0 0 0 0 0 0 0 0 0 0 0 0 0 0 0 0 0 0 0 0 0 0 0 0 0 0 0 0 0 0 0 0 0 0 0 0 0 0 0 0 0
0.303095 2.7246e-15 2.72455e-15 4.11746e-20 1.51122e-05 0.000128215 0 0 0 0 0 0 0 0 0 0 0 0 0 0 0 0 0 0 0 0 0 0 0 0 0 0 0 0 0 0 0 0 0 0 0 0 0 0 0 0 0 0 0 0 0 0 0 0 0 0 0 0 0 0 0 0 0 0 0 0 0 0 0 0 0 0 0 0 0 0 0 0 0 0 0 0 0 0 0 0 0 0
0.318653 2.41977e-15 2.41974e-15 3.04807e-20 1.25965e-05 0.000133803 0 0 0 0 0 0 0 0 0 0 0 0 0 0 0 0 0 0 0 0 0 0 0 0 0 0 0 0 0 0 0 0 0 0 0 0 0 0 0 0 0 0 0 0 0 0 0 0 0 0 0 0 0 0 0 0 0 0 0 0 0 0 0 0 0 0 0 0 0 0 0 0 0 0 0 0 0 0 0 0 0 0
0.335009 2.13068e-15 2.13065e-15 2.31686e-20 1.08738e-05 0.000131607 0 0 0 0 0 0 0 0 0 0 0 0 0 0 0 0 0 0 0 0 0 0 0 0 0 0 0 0 0 0 0 0 0 0 0 0 0 0 0 0 0 0 0 0 0 0 0 0 0 0 0 0 0 0 0 0 0 0 0 0 0 0 0 0 0 0 0 0 0 0 0 0 0 0 0 0 0 0 0 0 0 0
0.352205 1.8645e-15 1.86448e-15 1.80736e-20 9.69353e-06 0.000124889 0 0 0 0 0 0 0 0 0 0 0 0 0 0 0 0 0 0 0 0 0 0 0 0 0 0 0 0 0 0 0 0 0 0 0 0 0 0 0 0 0 0 0 0 0 0 0 0 0 0 0 0 0 0 0 0 0 0 0 0 0 0 0 0 0 0 0 0 0 0 0 0 0 0 0 0 0 0 0 0 0 0
0.370284 1.62114e-15 1.62112e-15 1.44238e-20 8.89735e-06 0.000116766 0 0 0 0 0 0 0 0 0 0 0 0 0 0 0 0 0 0 0 0 0 0 0 0 0 0 0 0 0 0 0 0 0 0 0 0 0 0 0 0 0 0 0 0 0 0 0 0 0 0 0 0 0 0 0 0 0 0 0 0 0 0 0 0 0 0 0 0 0 0 0 0 0 0 0 0 0 0 0 0 0 0
0.389291 1.39958e-15 1.39957e-15 1.17122e-20 8.36833e-06 0.000108877 0 0 0 0 0 0 0 0 0 0 0 0 0 0 0 0 0 0 0 0 0 0 0 0 0 0 0 0 0 0 0 0 0 0 0 0 0 0 0 0 0 0 0 0 0 0 0 0 0 0 0 0 0 0 0 0 0 0 0 0 0 0 0 0 0 0 0 0 0 0 0 0 0 0 0 0 0 0 0 0 0 0
0.409273 1.19964e-15 1.19963e-15 9.61058e-21 8.0112e-06 0.0001012 0 0 0 0 0 0 0 0 0 0 0 0 0 0 0 0 0 0 0 0 0 0 0 0 0 0 0 0 0 0 0 0 0 0 0 0 0 0 0 0 0 0 0 0 0 0 0 0 0 0 0 0 0 0 0 0 0 0 0 0 0 0 0 0 0 0 0 0 0 0 0 0 0 0 0 0 0 0 0 1.4013e-45 0 1.4013e-45
0.430281 1.02045e-15 1.02044e-15 7.92373e-21 7.76494e-06 9.3909e-05 0 0 0 0 0 0 0 0 0 0 0 0 0 0 0 0 0 0 0 0 0 1.4013e-45 0 1.4013e-45 0 1.4013e-45 0 1.4013e-45 0 2.8026e-45 0 2.8026e-45 0 2.8026e-45 0 4.2039e-45 0 4.2039e-45 0 4.2039e-45 0 5.60519e-45 0 5.60519e-45 0 7.00649e-45 0 7.00649e-45 0 8.40779e-45 0 8.40779e-45 0 9.80909e-45 0 1.12104e-44 0 1.12104e-44 0 1.26117e-44 0 1.4013e-44 0 1.54143e-44 0 1.54143e-44 0 1.68156e-44 0 1.82169e-44 0 1.96182e-44 0 2.10195e-44 0 2.24208e-44 0 2.38221e-44 0 2.52234e-44 0 2.66247e-44
0.452368 8.61155e-16 8.61149e-16 6.53756e-21 7.59162e-06 8.63902e-05 0 0 0 0 0 0 0 0 0 1.4013e-45 0 2.8026e-45 0 5.60519e-45 0 9.80909e-45 0 1.26117e-44 0 1.96182e-44 0 2.52234e-44 0 3.22299e-44 0 4.2039e-44 0 5.1848e-44 0 6.30584e-44 0 7.28675e-44 0 8.68805e-44 0 1.03696e-43 0 1.16308e-43 0 1.35926e-43 0 1.49939e-43 0 1.66755e-43 0 1.89175e-43 0 2.07392e-43 0 2.35418e-43 0 2.55036e-43 0 2.76056e-43 0 3.09687e-43 0 3.32108e-43 0 3.57331e-43 0 3.83956e-43 0 4.23192e-43 0 4.51218e-43 0 4.80645e-43 0 5.11474e-43 0 5.56315e-43 0 5.89947e-43 0 6.24979e-43 0 6.60012e-43 0 7.13261e-43 0 7.51096e-43
0.475588 7.20783e-16 7.20778e-16 5.38811e-21 7.47536e-06 7.91853e-05 0 0 0 0 0 2.8026e-45 0 1.54143e-44 0 4.06377e-44 0 8.26766e-44 0 1.5134e-43 0 2.39622e-43 0 3.36312e-43 0 4.84849e-43 0 6.37591e-43 0 8.16957e-43 0 1.02855e-42 0 1.27098e-42 0 1.54703e-42 0 1.77825e-42 0 2.11876e-42 0 2.49431e-42 0 2.79979e-42 0 3.24541e-42 0 3.60274e-42 0 3.97829e-42 0 4.52339e-42 0 4.95219e-42 0 5.57016e-42 0 6.05361e-42 0 6.56088e-42 0 7.29656e-42 0 7.85148e-42 0 8.43582e-42 0 9.04258e-42 0 9.9254e-42 0 1.05938e-41 0 1.12819e-41 0 1.19965e-41 0 1.30223e-41 0 1.37986e-41 0 1.46001e-41 0 1.54297e-41 0 1.6604e-41 0 1.74966e-41
0.5 5.98131e-16 5.98127e-16 4.43461e-21 7.41411e-06 7.22594e-05 0 1.4013e-45 0 4.2039e-45 0 7.14662e-44 0 3.62936e-43 0 9.24857e-43 0 1.84971e-42 0 3.32528e-42 0 5.1778e-42 0 7.19847e-42 0 1.02463e-41 0 1.33712e-41 0 1.70202e-41 0 2.12913e-41 0 2.61552e-41 0 3.16469e-41 0 3.63931e-41 0 4.31095e-41 0 5.04762e-41 0 5.66755e-41 0 6.53439e-41 0 7.25382e-41 0 8.00954e-41 0 9.065e-41 0 9.92315e-41 0 1.11138e-40 0 1.20782e-40 0 1.30877e-40 0 1.44935e-40 0 1.55967e-40 0 1.6757e-40 0 1.79606e-40 0 1.96353e-40 0 2.09557e-40 0 2.23175e-40 0 2.37278e-40 0 2.56663e-40 0 2.7195e-40 0 2.87723e-40 0 3.0404e-40 0 3.26116e-40 0 3.43605e-40
0.525665 4.91984e-16 4.9198e-16 3.64672e-21 7.41227e-06 6.57143e-05 0 3.08286e-44 0 1.30321e-43 0 1.58767e-42 0 7.32599e-42 0 1.7959e-41 0 3.4975e-41 0 6.14329e-41 0 9.42583e-41 0 1.3012e-40 0 1.82757e-40 0 2.36976e-40 0 2.99825e-40 0 3.72846e-40 0 4.55484e-40 0 5.48215e-40 0 6.30333e-40 0 7.42856e-40 0 8.65668e-40 0 9.71887e-40 0 1.11547e-39 0 1.23813e-39 0 1.367e-39 0 1.54068e-39 0 1.68639e-39 0 1.8813e-39 0 2.04438e-39 0 2.21498e-39 0 2.44368e-39 0 2.62973e-39 0 2.82513e-39 0 3.0278e-39 0 3.2987e-39 0 3.52024e-39 0 3.74881e-39 0 3.98537e-39 0 4.29756e-39 0 4.55323e-39 0 4.81692e-39 0 5.08948e-39 0 5.44364e-39 0 5.73507e-39
0.552648 4.00999e-16 4.00996e-16 2.99866e-21 7.47797e-06 5.97598e-05 0 1.09582e-42 0 3.58312e-42 0 3.07179e-41 0 1.2661e-40 0 2.97441e-40 0 5.63693e-40 0 9.66885e-40 0 1.46207e-39 0 2.00413e-39 0 2.77929e-39 0 3.58139e-39 0 4.50535e-39 0 5.57106e-39 0 6.77044e-39 0 8.10872e-39 0 9.32127e-39 0 1.09335e-38 0 1.26857e-38 0 1.42401e-38 0 1.62766e-38 0 1.80633e-38 0 1.99408e-38 0 2.23896e-38 0 2.45041e-38 0 2.72402e-38 0 2.95981e-38 0 3.20635e-38 0 3.52556e-38 0 3.79396e-38 0 4.07543e-38 0 4.36735e-38 0 4.74362e-38 0 5.06168e-38 0 5.38997e-38 0 5.72952e-38 0 6.16154e-38 0 6.5276e-38 0 6.90495e-38 0 7.29474e-38 0 7.78329e-38 0 8.19916e-38
0.581015 3.23685e-16 3.23683e-16 2.46747e-21 7.62304e-06 5.4228e-05 0 3.22523e-41 0 8.83673e-41 0 5.30142e-40 0 1.91e-39 0 4.26826e-39 0 7.84571e-39 0 1.31222e-38 0 1.95412e-38 0 2.65828e-38 0 3.63994e-38 0 4.66069e-38 0 5.82957e-38 0 7.16852e-38 0 8.66771e-38 0 1.03319e-37 0 1.1872e-37 0 1.38634e-37 0 1.60195e-37 0 1.79773e-37 0 2.047e-37 0 2.27108e-37 0 2.5066e-37 0 2.8047e-37 0 3.06899e-37 0 3.40078e-37 0 3.6945e-37 0 4.00147e-37 0 4.38657e-37 0 4.72023e-37 0 5.06967e-37 0 5.43202e-37 0 5.88405e-37 0 6.27772e-37 0 6.68416e-37 0 7.10432e-37 0 7.62171e-37 0 8.07364e-37 0 8.53931e-37 0 9.02003e-37 0 9.6036e-37 0 1.01155e-36
0.610839 2.58587e-16 2.58585e-16 2.03308e-21 7.86227e-06 4.92065e-05 0 7.8928e-40 0 1.92579e-39 0 8.37553e-39 0 2.57763e-38 0 5.41585e-38 0 9.59551e-38 0 1.55921e-37 0 2.28178e-37 0 3.07595e-37 0 4.15525e-37 0 5.28311e-37 0 6.56713e-37 0 8.02809e-37 0 9.6559e-37 0 1.14541e-36 0 1.31511e-36 0 1.52889e-36 0 1.75956e-36 0 1.97356e-36 0 2.23889e-36 0 2.48281e-36 0 2.73919e-36 0 3.05493e-36 0 3.34165e-36 0 3.69184e-36 0 4.00948e-36 0 4.34129e-36 0 4.74586e-36 0 5.10598e-36 0 5.48265e-36 0 5.87317e-36 0 6.34626e-36 0 6.76941e-36 0 7.20636e-36 0 7.65785e-36 0 8.1979e-36 0 8.6825e-36 0 9.18164e-36 0 9.69662e-36 0 1.03044e-35 0 1.08519e-35
0.642193 2.04074e-16 2.04072e-16 1.67828e-21 8.22388e-06 4.46531e-05 0 1.61257e-38 0 3.65693e-38 0 1.22863e-37 0 3.19231e-37 0 6.22241e-37 0 1.05315e-36 0 1.65257e-36 0 2.36723e-36 0 3.1535e-36 0 4.19417e-36 0 5.28676e-36 0 6.52293e-36 0 7.91971e-36 0 9.46822e-36 0 1.11705e-35 0 1.28063e-35 0 1.48166e-35 0 1.69788e-35 0 1.90243e-35 0 2.14989e-35 0 2.38206e-35 0 2.62603e-35 0 2.91904e-35 0 3.19096e-35 0 3.51487e-35 0 3.81518e-35 0 4.12869e-35 0 4.50124e-35 0 4.84099e-35 0 5.19589e-35 0 5.56375e-35 0 5.99783e-35 0 6.39542e-35 0 6.80599e-35 0 7.23002e-35 0 7.72435e-35 0 8.17855e-35 0 8.64621e-35 0 9.12841e-35 0 9.68365e-35 0 1.01955e-34
0.675157 1.58116e-16 1.58115e-16 1.38812e-21 8.77912e-06 4.05498e-05 0 2.75205e-37 0 5.96421e-37 0 1.66311e-36 0 3.68431e-36 0 6.60342e-36 0 1.05812e-35 0 1.59168e-35 0 2.21954e-35 0 2.90977e-35 0 3.79739e-35 0 4.73287e-35 0 5.78364e-35 0 6.96177e-35 0 8.26056e-35 0 9.68092e-35 0 1.10682e-34 0 1.27329e-34 0 1.45174e-34 0 1.62357e-34 0 1.8267e-34 0 2.0208e-34 0 2.22465e-34 0 2.46383e-34 0 2.69018e-34 0 2.95369e-34 0 3.20284e-34 0 3.46271e-34 0 3.76438e-34 0 4.04552e-34 0 4.33879e-34 0 4.64262e-34 0 4.99281e-34 0 5.32036e-34 0 5.65854e-34 0 6.00761e-34 0 6.4054e-34 0 6.77854e-34 0 7.16256e-34 0 7.55827e-34 0 8.00416e-34 0 8.4235e-34
0.709813 1.17586e-16 1.17585e-16 1.15043e-21 9.78375e-06 3.6861e-05 0 3.8622e-36 0 8.13872e-36 0 2.00504e-35 0 3.89996e-35 0 6.44109e-35 0 9.73203e-35 0 1.39595e-34 0 1.88509e-34 0 2.42075e-34 0 3.08766e-34 0 3.79205e-34 0 4.57607e-34 0 5.44699e-34 0 6.40054e-34 0 7.43696e-34 0 8.46385e-34 0 9.66734e-34 0 1.09523e-33 0 1.22092e-33 0 1.36623e-33 0 1.50737e-33 0 1.65542e-33 0 1.82535e-33 0 1.98899e-33 0 2.17546e-33 0 2.35485e-33 0 2.54175e-33 0 2.75408e-33 0 2.9558e-33 0 3.16586e-33 0 3.38333e-33 0 3.6287e-33 0 3.86248e-33 0 4.10372e-33 0 4.35255e-33 0 4.63041e-33 0 4.89577e-33 0 5.16871e-33 0 5.44973e-33 0 5.76042e-33 0 6.05769e-33
0.746248 8.31694e-17 8.31685e-17 9.55367e-22 1.1487e-05 3.35648e-05 0 4.44736e-35 0 9.20982e-35 0 2.09856e-34 0 3.71695e-34 0 5.73257e-34 0 8.20213e-34 0 1.12242e-33 0 1.46475e-33 0 1.83677e-33 0 2.28348e-33 0 2.75509e-33 0 3.27396e-33 0 3.84375e-33 0 4.46218e-33 0 5.12923e-33 0 5.79808e-33 0 6.56332e-33 0 7.37635e-33 0 8.18242e-33 0 9.09393e-33 0 9.99205e-33 0 1.09321e-32 0 1.19884e-32 0 1.30211e-32 0 1.41743e-32 0 1.53005e-32 0 1.64718e-32 0 1.7776e-32 0 1.90359e-32 0 2.03453e-32 0 2.16991e-32 0 2.3197e-32 0 2.46472e-32 0 2.61422e-32 0 2.76826e-32 0 2.93718e-32 0 3.10098e-32 0 3.26931e-32 0 3.44243e-32 0 3.63064e-32 0 3.81337e-32
0.784553 6.23717e-17 6.23709e-17 7.94669e-22 1.27409e-05 3.05722e-05 0 4.71649e-34 0 9.66051e-34 0 2.09843e-33 0 3.49455e-33 0 5.12517e-33 0 7.01988e-33 0 9.22793e-33 0 1.167e-32 0 1.42939e-32 0 1.73267e-32 0 2.05173e-32 0 2.39785e-32 0 2.77276e-32 0 3.17532e-32 0 3.60545e-32 0 4.04057e-32 0 4.52643e-32 0 5.0394e-32 0 5.55342e-32 0 6.12214e-32 0 6.68902e-32 0 7.28037e-32 0 7.93134e-32 0 8.57585e-32 0 9.28169e-32 0 9.97977e-32 0 1.07038e-31 0 1.14949e-31 0 1.22701e-31 0 1.30735e-31 0 1.39026e-31 0 1.48035e-31 0 1.56875e-31 0 1.65975e-31 0 1.75336e-31 0 1.85432e-31 0 1.95349e-31 0 2.05527e-31 0 2.15978e-31 0 2.27171e-31 0 2.38171e-31
0.824824 4.77724e-17 4.77717e-17 6.61984e-22 1.3857e-05 2.78905e-05 0 4.46687e-33 0 9.08516e-33 0 1.91686e-32 0 3.07166e-32 0 4.35566e-32 0 5.78307e-32 0 7.37644e-32 0 9.09759e-32 0 1.09226e-31 0 1.29568e-31 0 1.50835e-31 0 1.73555e-31 0 1.97799e-31 0 2.23515e-31 0 2.50698e-31 0 2.78343e-31 0 3.08489e-31 0 3.40078e-31 0 3.71967e-31 0 4.06514e-31 0 4.41243e-31 0 4.77304e-31 0 5.16231e-31 0 5.55144e-31 0 5.96985e-31 0 6.38768e-31 0 6.81951e-31 0 7.28306e-31 0 7.7425e-31 0 8.21692e-31 0 8.70525e-31 0 9.22718e-31 0 9.74478e-31 0 1.02764e-30 0 1.08221e-30 0 1.1402e-30 0 1.19773e-30 0 1.25667e-30 0 1.31707e-30 0 1.38089e-30 0 1.44422e-30
0.867162 3.43712e-17 3.43707e-17 5.51998e-22 1.60599e-05 2.54736e-05 0 3.49698e-32 0 7.07999e-32 0 1.46744e-31 0 2.29693e-31 0 3.18803e-31 0 4.14656e-31 0 5.18125e-31 0 6.27649e-31 0 7.42293e-31 0 8.66213e-31 0 9.94798e-31 0 1.13015e-30 0 1.2725e-30 0 1.42166e-30 0 1.5776e-30 0 1.73649e-30 0 1.90611e-30 0 2.0824e-30 0 2.26109e-30 0 2.45101e-30 0 2.64291e-30 0 2.84109e-30 0 3.05125e-30 0 3.26269e-30 0 3.48629e-30 0 3.71104e-30 0 3.94234e-30 0 4.18669e-30 0 4.43088e-30 0 4.68198e-30 0 4.93958e-30 0 5.21085e-30 0 5.48198e-30 0 5.75966e-30 0 6.0439e-30 0 6.34196e-30 0 6.63987e-30 0 6.94431e-30 0 7.25553e-30 0 7.58055e-30 0 7.9053e-30
0.911674 2.48627e-17 2.48622e-17 4.6063e-22 1.8527e-05 2.32877e-05 0 2.43696e-31 0 4.91885e-31 0 1.00832e-30 0 1.5559e-30 0 2.1309e-30 0 2.73554e-30 0 3.37284e-30 0 4.03699e-30 0 4.7246e-30 0 5.45074e-30 0 6.1986e-30 0 6.97597e-30 0 7.78342e-30 0 8.62034e-30 0 9.48662e-30 0 1.03688e-29 0 1.12941e-29 0 1.22484e-29 0 1.32167e-29 0 1.42297e-29 0 1.52555e-29 0 1.63089e-29 0 1.74094e-29 0 1.85203e-29 0 1.96787e-29 0 2.08473e-29 0 2.20445e-29 0 2.32921e-29 0 2.45454e-29 0 2.58284e-29 0 2.71398e-29 0 2.85035e-29 0 2.98732e-29 0 3.12713e-29 0 3.2698e-29 0 3.41775e-29 0 3.5663e-29 0 3.7177e-29 0 3.87202e-29 0 4.03159e-29 0 4.19174e-29
0.95847 2.47322e-17 2.47318e-17 3.84518e-22 1.55472e-05 2.13289e-05 0 2.0799e-30 0 4.18944e-30 0 8.52818e-30 0 1.30444e-29 0 1.77177e-29 0 2.25585e-29 0 2.75798e-29 0 3.27543e-29 0 3.80664e-29 0 4.3585e-29 0 4.92324e-29 0 5.50457e-29 0 6.10254e-29 0 6.71694e-29 0 7.34773e-29 0 7.98885e-29 0 8.65246e-29 0 9.33219e-29 0 1.00216e-28 0 1.07339e-28 0 1.14553e-28 0 1.21923e-28 0 1.29533e-28 0 1.37224e-28 0 1.45154e-28 0 1.53166e-28 0 1.61337e-28 0 1.69763e-28 0 1.78248e-28 0 1.86897e-28 0 1.95705e-28 0 2.04773e-28 0 2.13904e-28 0 2.23194e-28 0 2.32643e-28 0 2.42353e-28 0 2.52128e-28 0 2.6206e-28 0 2.72155e-28 0 2.82509e-28 0 2.92926e-28
1.00767 4.7822e-17 4.78216e-17 3.21027e-22 6.71295e-06 1.95507e-05 0 3.09019e-29 0 6.21547e-29 0 1.25954e-28 0 1.91597e-28 0 2.58884e-28 0 3.27901e-28 0 3.98746e-28 0 4.71188e-28 0 5.45097e-28 0 6.21038e-28 0 6.98362e-28 0 7.77392e-28 0 8.58107e-28 0 9.40495e-28 0 1.02456e-27 0 1.1098e-27 0 1.1972e-27 0 1.28624e-27 0 1.37641e-27 0 1.46876e-27 0 1.5622e-27 0 1.65724e-27 0 1.75453e-27 0 1.85283e-27 0 1.95337e-27 0 2.05494e-27 0 2.15812e-27 0 2.26367e-27 0 2.37005e-27 0 2.4781e-27 0 2.58775e-27 0 2.69979e-27 0 2.81272e-27 0 2.92725e-27 0 3.0434e-27 0 3.16196e-27 0 3.28139e-27 0 3.40243e-27 0 3.5251e-27 0 3.65016e-27 0 3.77609e-27
1.05939 1.11701e-16 1.117e-16 2.67946e-22 2.39879e-06 1.79379e-05 0 4.99346e-28 0 1.00333e-27 0 2.02711e-27 0 3.0727e-27 0 4.13787e-27 0 5.22345e-27 0 6.33017e-27 0 7.45584e-27 0 8.59922e-27 0 9.76555e-27 0 1.09486e-26 0 1.21517e-26 0 1.33743e-26 0 1.46162e-26 0 1.58778e-26 0 1.71541e-26 0 1.84543e-26 0 1.97735e-26 0 2.11073e-26 0 2.24647e-26 0 2.38363e-26 0 2.52266e-26 0 2.66413e-26 0 2.80693e-26 0 2.95215e-26 0 3.09873e-26 0 3.24719e-26 0 3.39818e-26 0 3.55034e-26 0 3.70441e-26 0 3.86033e-26 0 4.0188e-26 0 4.17849e-26 0 4.34002e-26 0 4.50344e-26 0 4.66941e-26 0 4.83659e-26 0 5.00562e-26 0 5.17652e-26 0 5.34996e-26 0 5.5246e-26
1.11377 3.16614e-17 3.16612e-17 2.23457e-22 7.05772e-06 1.64699e-05 0 8.86078e-28 0 1.77905e-27 0 3.58703e-27 0 5.42455e-27 0 7.28881e-27 0 9.18067e-27 0 1.11007e-26 0 1.30464e-26 0 1.50165e-26 0 1.70166e-26 0 1.90397e-26 0 2.10897e-26 0 2.31656e-26 0 2.52673e-26 0 2.73952e-26 0 2.95439e-26 0 3.17232e-26 0 3.3928e-26 0 3.61533e-26 0 3.84085e-26 0 4.06842e-26 0 4.29848e-26 0 4.53161e-26 0 4.76667e-26 0 5.00476e-26 0 5.24482e-26 0 5.48738e-26 0 5.73309e-26 0 5.98055e-26 0 6.23053e-26 0 6.48296e-26 0 6.73853e-26 0 6.99593e-26 0 7.25574e-26 0 7.51804e-26 0 7.78353e-26 0 8.05079e-26 0 8.32047e-26 0 8.59263e-26 0 8.86794e-26 0 9.145e-26
1.17094 2.20634e-17 2.20632e-17 1.86324e-22 8.44495e-06 1.50997e-05 0 3.51495e-27 0 7.05332e-27 0 1.42009e-26 0 2.14415e-26 0 2.87668e-26 0 3.6179e-26 0 4.36783e-26 0 5.1259e-26 0 5.89171e-26 0 6.66665e-26 0 7.44891e-26 0 8.23961e-26 0 9.03826e-26 0 9.84495e-26 0 1.06598e-25 0 1.14813e-25 0 1.2312e-25 0 1.31506e-25 0 1.39958e-25 0 1.48499e-25 0 1.57107e-25 0 1.65792e-25 0 1.74568e-25 0 1.83408e-25 0 1.92336e-25 0 2.01329e-25 0 2.10398e-25 0 2.19561e-25 0 2.28782e-25 0 2.38079e-25 0 2.47452e-25 0 2.56917e-25 0 2.66441e-25 0 2.7604e-25 0 2.85715e-25 0 2.95484e-25 0 3.0531e-25 0 3.1521e-25 0 3.25186e-25 0 3.35255e-25 0 3.45381e-25
1.23105 3.03625e-17 3.03623e-17 1.55192e-22 5.11131e-06 1.38437e-05 0 2.51533e-26 0 5.04527e-26 0 1.01474e-25 0 1.53042e-25 0 2.05111e-25 0 2.57688e-25 0 3.10771e-25 0 3.64332e-25 0 4.1835e-25 0 4.72891e-25 0 5.27863e-25 0 5.83327e-25 0 6.3925e-25 0 6.95638e-25 0 7.52498e-25 0 8.09754e-25 0 8.6753e-25 0 9.25763e-25 0 9.84389e-25 0 1.04352e-24 0 1.10304e-24 0 1.16301e-24 0 1.22348e-24 0 1.28434e-24 0 1.34569e-24 0 1.40742e-24 0 1.4696e-24 0 1.53229e-24 0 1.59534e-24 0 1.65882e-24 0 1.72273e-24 0 1.78715e-24 0 1.85193e-24 0 1.91713e-24 0 1.98277e-24 0 2.04893e-24 0 2.11543e-24 0 2.18235e-24 0 2.2497e-24 0 2.31757e-24 0 2.38577e-24
1.29424 2.72215e-17 2.72214e-17 1.2916e-22 4.74478e-06 1.26898e-05 0 1.07592e-25 0 2.15737e-25 0 4.33573e-25 0 6.53381e-25 0 8.75003e-25 0 1.09846e-24 0 1.32372e-24 0 1.55071e-24 0 1.77935e-24 0 2.00984e-24 0 2.24189e-24 0 2.4757e-24 0 2.71114e-24 0 2.94823e-24 0 3.18701e-24 0 3.42722e-24 0 3.66925e-24 0 3.9129e-24 0 4.15798e-24 0 4.4048e-24 0 4.65306e-24 0 4.90288e-24 0 5.15449e-24 0 5.40745e-24 0 5.66213e-24 0 5.91821e-24 0 6.17584e-24 0 6.43527e-24 0 6.69596e-24 0 6.95818e-24 0 7.22193e-24 0 7.48743e-24 0 7.75422e-24 0 8.02249e-24 0 8.2923e-24 0 8.56391e-24 0 8.83674e-24 0 9.11106e-24 0 9.38687e-24 0 9.66448e-24 0 9.94328e-24
1.36067 1.38832e-17 1.38831e-17 1.07397e-22 7.7357e-06 1.16387e-05 0 2.412e-25 0 4.83509e-25 0 9.71151e-25 0 1.46261e-24 0 1.95759e-24 0 2.45612e-24 0 2.95812e-24 0 3.46345e-24 0 3.97197e-24 0 4.48403e-24 0 4.99907e-24 0 5.51751e-24 0 6.03906e-24 0 6.56377e-24 0 7.09171e-24 0 7.62239e-24 0 8.15654e-24 0 8.69377e-24 0 9.23374e-24 0 9.77698e-24 0 1.0323e-23 0 1.0872e-23 0 1.14244e-23 0 1.19793e-23 0 1.25375e-23 0 1.30983e-23 0 1.36622e-23 0 1.42293e-23 0 1.47989e-23 0 1.53714e-23 0 1.59468e-23 0 1.65254e-23 0 1.71065e-23 0 1.76904e-23 0 1.82772e-23 0 1.88674e-23 0 1.94599e-23 0 2.00552e-23 0 2.06533e-23 0 2.12548e-23 0 2.18585e-23
1.43051 8.23554e-18 8.23545e-18 8.91804e-23 1.08287e-05 1.06807e-05 0 5.81728e-25 0 1.16588e-24 0 2.34064e-24 0 3.52351e-24 0 4.71385e-24 0 5.91171e-24 0 7.11689e-24 0 8.3291e-24 0 9.54809e-24 0 1.07745e-23 0 1.20071e-23 0 1.3247e-23 0 1.44933e-23 0 1.57463e-23 0 1.70061e-23 0 1.82716e-23 0 1.95443e-23 0 2.08235e-23 0 2.21085e-23 0 2.34002e-23 0 2.46978e-23 0 2.60016e-23 0 2.73123e-23 0 2.86285e-23 0 2.99513e-23 0 3.12798e-23 0 3.26144e-23 0 3.3956e-23 0 3.53026e-23 0 3.66552e-23 0 3.80139e-23 0 3.93792e-23 0 4.07497e-23 0 4.21259e-23 0 4.35082e-23 0 4.48975e-23 0 4.62916e-23 0 4.76914e-23 0 4.90971e-23 0 5.05097e-23 0 5.1927e-23
1.50394 5.71113e-18 5.71105e-18 7.39908e-23 1.29556e-05 9.79395e-06 0 1.52286e-24 0 3.0515e-24 0 6.12397e-24 0 9.21538e-24 0 1.23243e-23 0 1.54507e-23 0 1.85942e-23 0 2.1754e-23 0 2.49296e-23 0 2.81223e-23 0 3.13296e-23 0 3.45536e-23 0 3.77926e-23 0 4.10469e-23 0 4.43168e-23 0 4.76002e-23 0 5.09001e-23 0 5.42149e-23 0 5.75431e-23 0 6.08867e-23 0 6.42439e-23 0 6.76155e-23 0 7.10028e-23 0 7.44028e-23 0 7.78179e-23 0 8.12462e-23 0 8.46884e-23 0 8.81466e-23 0 9.16163e-23 0 9.50999e-23 0 9.85972e-23 0 1.0211e-22 0 1.05634e-22 0 1.09172e-22 0 1.12723e-22 0 1.1629e-22 0 1.19869e-22 0 1.2346e-22 0 1.27065e-22 0 1.30685e-22 0 1.34317e-22
1.58114 4.30757e-18 4.30751e-18 6.13336e-23 1.42386e-05 8.96895e-06 0 4.04019e-24 0 8.09449e-24 0 1.62396e-23 0 2.44302e-23 0 3.26627e-23 0 4.09371e-23 0 4.9252e-23 0 5.76061e-23 0 6.59978e-23 0 7.44302e-23 0 8.28973e-23 0 9.14041e-23 0 9.99465e-23 0 1.08525e-22 0 1.17141e-22 0 1.25789e-22 0 1.34476e-22 0 1.43198e-22 0 1.51951e-22 0 1.60742e-22 0 1.69564e-22 0 1.7842e-22 0 1.87314e-22 0 1.96237e-22 0 2.05196e-22 0 2.14186e-22 0 2.23209e-22 0 2.32269e-22 0 2.41357e-22 0 2.50477e-22 0 2.5963e-22 0 2.68818e-22 0 2.78034e-22 0 2.87281e-22 0 2.9656e-22 0 3.05878e-22 0 3.1522e-22 0 3.24593e-22 0 3.33998e-22 0 3.4344e-22 0 3.52907e-22
1.6623 3.38218e-18 3.38213e-18 5.07878e-23 1.50163e-05 8.20401e-06 0 1.0433e-23 0 2.08995e-23 0 4.19191e-23 0 6.30456e-23 0 8.42707e-23 0 1.05594e-22 0 1.27013e-22 0 1.48524e-22 0 1.70122e-22 0 1.91816e-22 0 2.13591e-22 0 2.35459e-22 0 2.5741e-22 0 2.79445e-22 0 3.01568e-22 0 3.23764e-22 0 3.46051e-22 0 3.68421e-22 0 3.90864e-22 0 4.13393e-22 0 4.35995e-22 0 4.58677e-22 0 4.81444e-22 0 5.04282e-22 0 5.27202e-22 0 5.50193e-22 0 5.73262e-22 0 5.96417e-22 0 6.19635e-22 0 6.42929e-22 0 6.66296e-22 0 6.89747e-22 0 7.13263e-22 0 7.36849e-22 0 7.60511e-22 0 7.8426e-22 0 8.08067e-22 0 8.31946e-22 0 8.55896e-22 0 8.79934e-22 0 9.04027e-22
1.74763 2.65327e-18 2.65323e-18 4.20181e-23 1.58363e-05 7.51335e-06 0 2.525e-23 0 5.05755e-23 0 1.01419e-22 0 1.525e-22 0 2.03801e-22 0 2.5532e-22 0 3.07049e-22 0 3.58982e-22 0 4.1111e-22 0 4.63448e-22 0 5.15965e-22 0 5.68688e-22 0 6.21593e-22 0 6.74685e-22 0 7.27969e-22 0 7.81415e-22 0 8.35062e-22 0 8.8889e-22 0 9.4288e-22 0 9.97057e-22 0 1.0514e-21 0 1.10591e-21 0 1.16061e-21 0 1.21547e-21 0 1.2705e-21 0 1.3257e-21 0 1.38106e-21 0 1.43661e-21 0 1.4923e-21 0 1.54816e-21 0 1.60417e-21 0 1.66037e-21 0 1.71672e-21 0 1.77321e-21 0 1.82987e-21 0 1.88672e-21 0 1.9437e-21 0 2.00083e-21 0 2.05813e-21 0 2.11561e-21 0 2.17321e-21
1.83733 1.82622e-18 1.82618e-18 3.47316e-23 1.90183e-05 6.88176e-06 0 5.04515e-23 0 1.01044e-22 0 2.02584e-22 0 3.04563e-22 0 4.06947e-22 0 5.09733e-22 0 6.12906e-22 0 7.16454e-22 0 8.2036e-22 0 9.24652e-22 0 1.02927e-21 0 1.13427e-21 0 1.2396e-21 0 1.34528e-21 0 1.4513e-21 0 1.55763e-21 0 1.66432e-21 0 1.77134e-21 0 1.87866e-21 0 1.98632e-21 0 2.09428e-21 0 2.20255e-21 0 2.31117e-21 0 2.42007e-21 0 2.5293e-21 0 2.63881e-21 0 2.74863e-21 0 2.8588e-21 0 2.96922e-21 0 3.07994e-21 0 3.19096e-21 0 3.3023e-21 0 3.41391e-21 0 3.52579e-21 0 3.63798e-21 0 3.75051e-21 0 3.86328e-21 0 3.97632e-21 0 4.08965e-21 0 4.20333e-21 0 4.31723e-21
1.93164 1.2164e-18 1.21637e-18 2.86816e-23 2.35791e-05 6.30312e-06 0 9.20677e-23 0 1.84375e-22 0 3.69595e-22 0 5.55558e-22 0 7.42205e-22 0 9.29534e-22 0 1.11752e-21 0 1.30613e-21 0 1.49535e-21 0 1.68522e-21 0 1.87564e-21 0 2.0667e-21 0 2.25833e-21 0 2.45052e-21 0 2.64332e-21 0 2.8366e-21 0 3.03051e-21 0 3.22498e-21 0 3.41994e-21 0 3.61547e-21 0 3.8115e-21 0 4.00807e-21 0 4.20521e-21 0 4.40282e-21 0 4.60099e-21 0 4.79963e-21 0 4.99879e-21 0 5.19853e-21 0 5.39869e-21 0 5.59935e-21 0 5.80051e-21 0 6.00222e-21 0 6.20437e-21 0 6.40697e-21 0 6.61009e-21 0 6.81379e-21 0 7.01786e-21 0 7.22241e-21 0 7.42744e-21 0 7.63305e-21 0 7.83902e-21
2.03079 1.43974e-18 1.43971e-18 2.36663e-23 1.6438e-05 5.76647e-06 0 2.82573e-22 0 5.65836e-22 0 1.13409e-21 0 1.70448e-21 0 2.27682e-21 0 2.8511e-21 0 3.42725e-21 0 4.00521e-21 0 4.58489e-21 0 5.16642e-21 0 5.74953e-21 0 6.33444e-21 0 6.92097e-21 0 7.50912e-21 0 8.09896e-21 0 8.69021e-21 0 9.28323e-21 0 9.87782e-21 0 1.04738e-20 0 1.10714e-20 0 1.16705e-20 0 1.2271e-20 0 1.28732e-20 0 1.34768e-20 0 1.40818e-20 0 1.46883e-20 0 1.52962e-20 0 1.59057e-20 0 1.65165e-20 0 1.71286e-20 0 1.77422e-20 0 1.83573e-20 0 1.89736e-20 1.4013e-45 1.95913e-20 1.4013e-45 2.02104e-20 1.4013e-45 2.08311e-20 2.8026e-45 2.14529e-20 4.2039e-45 2.20761e-20 7.00649e-45 2.27006e-20 9.80909e-45 2.33267e-20 1.4013e-44 2.39539e-20
2.13503 1.39145e-18 1.39143e-18 1.95164e-23 1.4026e-05 5.27437e-06 0 6.72059e-22 0 1.34566e-21 0 2.69671e-21 0 4.0525e-21 0 5.41263e-21 0 6.77708e-21 0 8.14567e-21 0 9.51826e-21 0 1.08947e-20 0 1.22752e-20 0 1.36592e-20 0 1.50472e-20 0 1.64388e-20 0 1.78339e-20 0 1.92329e-20 0 2.06349e-20 0 2.20408e-20 0 2.34502e-20 0 2.48627e-20 0 2.62788e-20 0 2.7698e-20 0 2.91206e-20 0 3.05468e-20 0 3.19759e-20 0 3.34085e-20 1.4013e-45 3.4844e-20 1.4013e-45 3.62828e-20 2.8026e-45 3.77252e-20 5.60519e-45 3.91702e-20 8.40779e-45 4.06183e-20 1.4013e-44 4.20695e-20 2.38221e-44 4.35242e-20 3.78351e-44 4.49815e-20 5.88545e-44 4.64418e-20 9.10844e-44 4.79051e-20 1.35926e-43 4.93722e-20 2.07392e-43 5.08416e-20 2.99878e-43 5.23139e-20 4.44212e-43 5.37891e-20 6.3619e-43 5.52681e-20 9.10844e-43 5.67492e-20
2.24463 1.2635e-18 1.26349e-18 1.60812e-23 1.27275e-05 4.82587e-06 0 1.42896e-21 0 2.86099e-21 0 5.73276e-21 0 8.61397e-21 0 1.15038e-20 0 1.44023e-20 0 1.7309e-20 0 2.02236e-20 0 2.31459e-20 0 2.60763e-20 0 2.90137e-20 0 3.19589e-20 0 3.49113e-20 0 3.78708e-20 0 4.08377e-20 0 4.38108e-20 0 4.67916e-20 0 4.97793e-20 0 5.27732e-20 1.4013e-45 5.57742e-20 2.8026e-45 5.87814e-20 4.2039e-45 6.17951e-20 9.80909e-45 6.48161e-20 1.82169e-44 6.78428e-20 3.50325e-44 7.08764e-20 6.44597e-44 7.39159e-20 1.12104e-43 7.69617e-20 1.9478e-43 8.00148e-20 3.27904e-43 8.30729e-20 5.33895e-43 8.61373e-20 8.64601e-43 8.92077e-20 1.35506e-42 9.22851e-20 2.11456e-42 9.53676e-20 3.28604e-42 9.84558e-20 4.95359e-42 1.0155e-19 7.25172e-42 1.04652e-19 1.08489e-41 1.07758e-19 1.53849e-41 1.1087e-19 2.22975e-41 1.13988e-19 3.14325e-41 1.17114e-19 4.41843e-41 1.20243e-19
2.35984 1.13343e-18 1.13341e-18 1.32432e-23 1.16843e-05 4.41337e-06 0 2.86302e-21 0 5.73186e-21 0 1.14841e-20 0 1.7254e-20 0 2.30403e-20 0 2.88427e-20 0 3.46606e-20 0 4.04935e-20 0 4.63406e-20 0 5.22031e-20 0 5.80786e-20 0 6.3969e-20 0 6.98726e-20 0 7.57897e-20 0 8.17206e-20 1.4013e-45 8.76631e-20 5.60519e-45 9.36201e-20 1.26117e-44 9.95901e-20 3.08286e-44 1.05572e-19 6.72623e-44 1.11566e-19 1.42932e-43 1.17573e-19 2.85865e-43 1.23591e-19 5.61921e-43 1.29624e-19 1.06639e-42 1.35666e-19 1.9478e-42 1.41722e-19 3.43598e-42 1.47789e-19 5.85743e-42 1.53868e-19 9.91839e-42 1.5996e-19 1.62607e-41 1.66062e-19 2.58343e-41 1.72175e-19 4.08352e-41 1.783e-19 6.26352e-41 1.84437e-19 9.56456e-41 1.90584e-19 1.45418e-40 1.96742e-19 2.14864e-40 2.02912e-19 3.08768e-40 2.09095e-19 4.52939e-40 2.15287e-19 6.3146e-40 2.21489e-19 8.98733e-40 2.27702e-19 1.24586e-39 2.33929e-19 1.72244e-39 2.40164e-19
2.48097 1.01662e-18 1.01661e-18 1.08988e-23 1.07207e-05 4.03236e-06 0 5.4841e-21 0 1.09787e-20 0 2.19942e-20 0 3.30417e-20 0 4.41186e-20 0 5.52247e-20 0 6.63586e-20 0 7.75195e-20 0 8.87061e-20 0 9.99203e-20 0 1.11158e-19 1.4013e-45 1.22422e-19 4.2039e-45 1.33711e-19 1.4013e-44 1.45023e-19 4.34403e-44 1.5636e-19 1.17709e-43 1.67718e-19 3.06884e-43 1.79102e-19 7.17465e-43 1.9051e-19 1.65213e-42 2.01938e-19 3.53828e-42 2.1339e-19 7.27414e-42 2.24863e-19 1.39976e-41 2.36357e-19 2.66597e-41 2.47876e-19 4.89712e-41 2.59415e-19 8.68819e-41 2.70976e-19 1.49056e-40 2.82558e-19 2.47583e-40 2.9416e-19 4.08628e-40 3.05787e-19 6.53951e-40 3.1743e-19 1.01577e-39 3.29095e-19 1.57009e-39 3.4078e-19 2.35847e-39 3.52488e-19 3.5278e-39 3.64213e-19 5.25502e-39 3.75957e-19 7.61801e-39 3.87723e-19 1.07553e-38 3.99513e-19 1.54848e-38 4.11317e-19 2.12405e-38 4.23141e-19 2.97143e-38 4.34985e-19 4.05397e-38 4.46853e-19 5.51678e-38 4.58735e-19
2.60832 9.15406e-19 9.15397e-19 8.96528e-24 9.79377e-06 3.68004e-06 0 1.01063e-20 0 2.0231e-20 0 4.0526e-20 0 6.08767e-20 0 8.12786e-20 0 1.01731e-19 0 1.22232e-19 0 1.4278e-19 0 1.63372e-19 2.8026e-45 1.84013e-19 1.54143e-44 2.04694e-19 6.5861e-44 2.25421e-19 2.42425e-43 2.4619e-19 7.76319e-43 2.67e-19 2.2701e-42 2.87854e-19 5.9359e-42 3.08744e-19 1.47655e-41 3.29679e-19 3.31505e-41 3.50654e-19 7.32655e-41 3.71665e-19 1.51216e-40 3.92718e-19 3.00155e-40 4.13806e-19 5.59373e-40 4.34933e-19 1.03241e-39 4.56102e-19 1.841e-39 4.77304e-19 3.17599e-39 4.98546e-19 5.30707e-39 5.19822e-19 8.59938e-39 5.41135e-19 1.385e-38 5.62489e-19 2.16619e-38 5.83874e-19 3.29313e-38 6.05294e-19 4.98316e-38 6.26749e-19 7.33809e-38 6.48244e-19 1.07626e-37 6.6977e-19 1.57231e-37 6.91328e-19 2.23837e-37 7.12922e-19 3.10741e-37 7.34559e-19 4.39496e-37 7.56221e-19 5.93627e-37 7.77917e-19 8.1695e-37 7.99646e-19 1.0978e-36 8.21418e-19 1.47162e-36 8.43215e-19
2.74221 8.29637e-19 8.2963e-19 7.37177e-24 8.88553e-06 3.35947e-06 0 1.80042e-20 0 3.60393e-20 0 7.21864e-20 0 1.08427e-19 0 1.44755e-19 0 1.81167e-19 0 2.17661e-19 4.2039e-45 2.54234e-19 3.22299e-44 2.90882e-19 1.89175e-43 3.27611e-19 8.77213e-43 3.64407e-19 3.41637e-42 4.01282e-19 1.16742e-41 4.38226e-19 3.53155e-41 4.75241e-19 9.80937e-41 5.12328e-19 2.44709e-40 5.49476e-19 5.82197e-40 5.867e-19 1.2565e-39 6.23991e-19 2.67151e-39 6.61342e-19 5.32214e-39 6.98763e-19 1.02164e-38 7.36244e-19 1.84695e-38 7.73789e-19 3.30835e-38 8.11404e-19 5.7352e-38 8.49076e-19 9.63411e-38 8.86815e-19 1.57e-37 9.2461e-19 2.48473e-37 9.62468e-19 3.90982e-37 1.0004e-18 5.98299e-37 1.03837e-18 8.91148e-37 1.07641e-18 1.32148e-36 1.11451e-18 1.90956e-36 1.15267e-18 2.74883e-36 1.19088e-18 3.94213e-36 1.22915e-18 5.51614e-36 1.26748e-18 7.53609e-36 1.30588e-18 1.04797e-35 1.34432e-18 1.39488e-35 1.38282e-18 1.88993e-35 1.42138e-18 2.50328e-35 1.46e-18 3.30801e-35 1.49867e-18
2.88297 7.60227e-19 7.60221e-19 6.05729e-24 7.96774e-06 3.06991e-06 0 3.12118e-20 0 6.24745e-20 0 1.25126e-19 0 1.87933e-19 0 2.5088e-19 1.4013e-45 3.13968e-19 2.38221e-44 3.77189e-19 2.36819e-43 4.4054e-19 1.68716e-42 5.04014e-19 9.15749e-42 5.6762e-19 3.94409e-41 6.31338e-19 1.43815e-40 6.95184e-19 4.628e-40 7.59144e-19 1.32642e-39 8.23219e-19 3.50507e-39 8.87413e-19 8.36219e-39 9.51706e-19 1.90706e-38 1.01612e-18 3.96408e-38 1.08065e-18 8.12351e-38 1.14528e-18 1.5648e-37 1.21002e-18 2.90967e-37 1.27486e-18 5.11029e-37 1.3398e-18 8.89693e-37 1.40486e-18 1.50145e-36 1.47001e-18 2.4591e-36 1.53527e-18 3.91301e-36 1.60062e-18 6.05556e-36 1.66608e-18 9.32009e-36 1.73165e-18 1.39689e-35 1.7973e-18 2.04053e-35 1.86304e-18 2.96826e-35 1.92889e-18 4.21277e-35 1.99484e-18 5.95741e-35 2.06088e-18 8.39452e-35 2.12701e-18 1.15552e-34 2.19323e-18 1.55479e-34 2.25957e-18 2.12757e-34 2.32598e-18 2.79258e-34 2.39249e-18 3.728e-34 2.45908e-18 4.87056e-34 2.52579e-18 6.3493e-34 2.59257e-18
3.03095 7.18683e-19 7.18678e-19 4.97637e-24 6.92429e-06 2.80684e-06 0 5.38354e-20 0 1.07754e-19 0 2.15799e-19 0 3.24096e-19 2.8026e-45 4.32625e-19 8.54792e-44 5.41384e-19 1.26117e-42 6.50361e-19 1.15173e-41 7.5955e-19 7.46219e-41 8.68939e-19 3.7279e-40 9.78546e-19 1.49518e-39 1.08833e-18 5.11832e-39 1.19833e-18 1.55572e-38 1.30852e-18 4.23539e-38 1.41889e-18 1.06734e-37 1.52946e-18 2.44056e-37 1.64019e-18 5.34628e-37 1.75112e-18 1.0723e-36 1.86223e-18 2.12179e-36 1.9735e-18 3.95838e-36 2.08496e-18 7.14085e-36 2.19658e-18 1.22014e-35 2.30837e-18 2.06751e-35 2.42035e-18 3.40113e-35 2.53248e-18 5.43784e-35 2.64478e-18 8.45884e-35 2.75724e-18 1.28143e-34 2.86987e-18 1.93116e-34 2.98268e-18 2.83778e-34 3.09562e-18 4.06936e-34 3.20872e-18 5.81215e-34 3.32198e-18 8.10921e-34 3.43542e-18 1.12751e-33 3.54899e-18 1.56238e-33 3.66271e-18 2.11735e-33 3.77659e-18 2.80798e-33 3.89066e-18 3.78404e-33 4.00484e-18 4.90129e-33 4.11918e-18 6.45141e-33 4.23366e-18 8.31935e-33 4.34833e-18 1.07057e-32 4.46311e-18
3.18653 8.88599e-19 8.88595e-19 4.08631e-24 4.5986e-06 2.56245e-06 0 1.17354e-19 0 2.34881e-19 0 4.70365e-19 2.8026e-45 7.06372e-19 2.10195e-43 9.4286e-19 5.61781e-42 1.17982e-18 7.28927e-41 1.41724e-18 5.97451e-40 1.6551e-18 3.53329e-39 1.89337e-18 1.6318e-38 2.13209e-18 6.11566e-38 2.37118e-18 1.97144e-37 2.61071e-18 5.67564e-37 2.85063e-18 1.47143e-36 3.09093e-18 3.54448e-36 3.33164e-18 7.78396e-36 3.57268e-18 1.6411e-35 3.81414e-18 3.18157e-35 4.05598e-18 6.08917e-35 4.29815e-18 1.10192e-34 4.5407e-18 1.9314e-34 4.78358e-18 3.21494e-34 5.02682e-18 5.30919e-34 5.27044e-18 8.52411e-34 5.51438e-18 1.33199e-33 5.75869e-18 2.02777e-33 6.00331e-18 3.0102e-33 6.24826e-18 4.44653e-33 6.49361e-18 6.4124e-33 6.73923e-18 9.03493e-33 6.98518e-18 1.26817e-32 7.23145e-18 1.74083e-32 7.47809e-18 2.38183e-32 7.72501e-18 3.24833e-32 7.97223e-18 4.3373e-32 8.21979e-18 5.67329e-32 8.46773e-18 7.53481e-32 8.71591e-18 9.63698e-32 8.9644e-18 1.25158e-31 9.21319e-18 1.59405e-31 9.46238e-18 2.02618e-31 9.71179e-18
3.35009 1.94715e-18 1.94715e-18 3.35415e-24 1.72259e-06 2.33775e-06 0 4.38904e-19 0 8.78423e-19 0 1.75899e-18 3.37713e-43 2.64143e-18 2.34297e-41 3.52558e-18 5.33934e-40 4.41142e-18 6.11238e-39 5.29888e-18 4.52089e-38 6.1879e-18 2.4514e-37 7.0784e-18 1.05065e-36 7.9705e-18 3.69166e-36 8.86394e-18 1.12394e-35 9.75892e-18 3.07293e-35 1.06553e-17 7.60463e-35 1.1553e-17 1.75488e-34 1.24522e-17 3.70865e-34 1.33525e-17 7.53938e-34 1.42544e-17 1.41515e-33 1.51576e-17 2.62396e-33 1.60619e-17 4.61288e-33 1.69677e-17 7.86674e-33 1.78746e-17 1.27729e-32 1.87827e-17 2.0583e-32 1.96923e-17 3.22916e-32 2.06029e-17 4.93718e-32 2.15149e-17 7.36349e-32 2.2428e-17 1.07222e-31 2.33422e-17 1.55395e-31 2.42579e-17 2.20127e-31 2.51745e-17 3.05005e-31 2.60923e-17 4.21086e-31 2.70113e-17 5.69159e-31 2.79315e-17 7.66901e-31 2.88528e-17 1.03017e-30 2.97751e-17 1.35625e-30 3.06986e-17 1.7509e-30 3.16235e-17 2.29341e-30 3.25492e-17 2.89822e-30 3.3476e-17 3.71627e-30 3.44039e-17 4.67758e-30 3.53332e-17 5.87641e-30 3.62633e-17
3.52205 6.01337e-19 6.01334e-19 2.75251e-24 4.57732e-06 2.13356e-06 0 2.24361e-19 0 4.49021e-19 1.26117e-44 8.9909e-19 5.33334e-42 1.35007e-18 3.00402e-40 1.80189e-18 5.87676e-39 2.25453e-18 5.97268e-38 2.70796e-18 4.00639e-37 3.16215e-18 2.00032e-36 3.61706e-18 7.98516e-36 4.07276e-18 2.63876e-35 4.52911e-18 7.60875e-35 4.9862e-18 1.9806e-34 5.44397e-18 4.68931e-34 5.90241e-18 1.03884e-33 6.36155e-18 2.11665e-33 6.82127e-18 4.15648e-33 7.28171e-18 7.56557e-33 7.7428e-18 1.36114e-32 8.20447e-18 2.32785e-32 8.66681e-18 3.86776e-32 9.12971e-18 6.13305e-32 9.59323e-18 9.65558e-32 1.00574e-17 1.48187e-31 1.05222e-17 2.2192e-31 1.09875e-17 3.24583e-31 1.14534e-17 4.64042e-31 1.19199e-17 6.60455e-31 1.23871e-17 9.19805e-31 1.28547e-17 1.25434e-30 1.33229e-17 1.70467e-30 1.37917e-17 2.27045e-30 1.42611e-17 3.01506e-30 1.4731e-17 3.99216e-30 1.52014e-17 5.18569e-30 1.56724e-17 6.61169e-30 1.6144e-17 8.54692e-30 1.66161e-17 1.06782e-29 1.70887e-17 1.3527e-29 1.75618e-17 1.68359e-29 1.80356e-17 2.09165e-29 1.85098e-17
3.70284 5.20439e-19 5.20437e-19 2.25808e-24 4.3388e-06 1.94679e-06 0 3.12238e-19 0 6.24875e-19 6.05361e-43 1.25114e-18 1.92135e-40 1.87863e-18 8.88919e-39 2.50722e-18 1.50399e-37 3.13691e-18 1.36492e-36 3.76766e-18 8.34326e-36 4.39941e-18 3.8511e-35 5.03213e-18 1.43687e-34 5.66588e-18 4.47908e-34 6.30051e-18 1.22644e-33 6.93613e-18 3.04681e-33 7.57264e-18 6.91643e-33 8.21005e-18 1.47386e-32 8.84838e-18 2.90045e-32 9.48749e-18 5.51101e-32 1.01276e-17 9.742e-32 1.07685e-17 1.70316e-31 1.14102e-17 2.83746e-31 1.20528e-17 4.59905e-31 1.26961e-17 7.13034e-31 1.33403e-17 1.09797e-30 1.39853e-17 1.65021e-30 1.46311e-17 2.42304e-30 1.52777e-17 3.47878e-30 1.5925e-17 4.88743e-30 1.65731e-17 6.83726e-30 1.72221e-17 9.36939e-30 1.78717e-17 1.2585e-29 1.85221e-17 1.68489e-29 1.91732e-17 2.21293e-29 1.98252e-17 2.89826e-29 2.04778e-17 3.78528e-29 2.11311e-17 4.85456e-29 2.17852e-17 6.11653e-29 2.24401e-17 7.80832e-29 2.30956e-17 9.64995e-29 2.37518e-17 1.20841e-28 2.44087e-17 1.48802e-28 2.50665e-17 1.8292e-28 2.57248e-17
3.89291 4.83595e-19 4.83593e-19 1.85187e-24 3.82939e-06 1.77437e-06 0 4.53958e-19 1.4013e-45 9.08473e-19 2.55667e-41 1.81889e-18 6.11973e-39 2.73099e-18 2.34793e-37 3.64465e-18 3.46013e-36 4.55983e-18 2.81961e-35 5.47648e-18 1.57772e-34 6.39454e-18 6.75845e-34 7.31394e-18 2.36462e-33 8.23477e-18 6.97308e-33 9.15683e-18 1.81771e-32 1.00803e-17 4.31943e-32 1.10049e-17 9.42065e-32 1.19309e-17 1.93469e-31 1.28581e-17 3.68355e-31 1.37864e-17 6.78302e-31 1.4716e-17 1.16616e-30 1.56468e-17 1.98391e-30 1.65787e-17 3.22384e-30 1.75118e-17 5.10353e-30 1.8446e-17 7.74488e-30 1.93813e-17 1.16772e-29 2.03179e-17 1.72048e-29 2.12554e-17 2.47929e-29 2.21942e-17 3.49725e-29 2.31339e-17 4.83248e-29 2.40747e-17 6.65048e-29 2.50167e-17 8.97432e-29 2.59596e-17 1.18819e-28 2.69036e-17 1.56827e-28 2.78486e-17 2.03252e-28 2.87948e-17 2.62714e-28 2.97418e-17 3.38674e-28 3.06899e-17 4.291e-28 3.16389e-17 5.34581e-28 3.25892e-17 6.74355e-28 3.35403e-17 8.24832e-28 3.44923e-17 1.02161e-27 3.54454e-17 1.24528e-27 3.63996e-17 1.51545e-27 3.73546e-17
4.09273 4.62635e-19 4.62634e-19 1.51854e-24 3.28236e-06 1.61159e-06 0 6.62209e-19 4.48416e-44 1.3252e-18 9.10652e-40 2.65311e-18 1.66821e-37 3.98339e-18 5.35634e-36 5.31585e-18 6.92197e-35 6.65044e-18 5.09147e-34 7.98708e-18 2.61922e-33 9.3257e-18 1.04506e-32 1.06662e-17 3.43952e-32 1.20087e-17 9.62125e-32 1.33529e-17 2.3934e-31 1.46991e-17 5.45211e-31 1.6047e-17 1.14468e-30 1.73966e-17 2.26964e-30 1.8748e-17 4.18753e-30 2.0101e-17 7.48458e-30 2.14558e-17 1.25318e-29 2.28122e-17 2.07735e-29 2.41702e-17 3.2966e-29 2.55299e-17 5.10298e-29 2.68911e-17 7.58794e-29 2.82538e-17 1.12135e-28 2.96183e-17 1.62119e-28 3.09842e-17 2.29491e-28 3.23517e-17 3.18324e-28 3.37207e-17 4.32968e-28 3.50911e-17 5.86636e-28 3.64633e-17 7.80122e-28 3.78367e-17 1.01882e-27 3.92115e-17 1.32661e-27 4.05878e-17 1.6977e-27 4.19657e-17 2.16705e-27 4.33449e-17 2.75919e-27 4.47254e-17 3.45574e-27 4.61074e-17 4.25927e-27 4.74911e-17 5.31233e-27 4.88759e-17 6.43415e-27 5.0262e-17 7.88631e-27 5.16495e-17 9.52047e-27 5.30387e-17 1.14754e-26 5.4429e-17
4.30281 4.54524e-19 4.54523e-19 1.2449e-24 2.7389e-06 1.4646e-06 0 9.68229e-19 2.17622e-42 1.93755e-18 2.75791e-38 3.87891e-18 3.91738e-36 5.82361e-18 1.06183e-34 7.77137e-18 1.21103e-33 9.72213e-18 8.08084e-33 1.16758e-17 3.83755e-32 1.36322e-17 1.43114e-31 1.55913e-17 4.44407e-31 1.75532e-17 1.18223e-30 1.95175e-17 2.81295e-30 2.14844e-17 6.15538e-30 2.34539e-17 1.24637e-29 2.54258e-17 2.39004e-29 2.74002e-17 4.27976e-29 2.93768e-17 7.43559e-29 3.1356e-17 1.21404e-28 3.33375e-17 1.96341e-28 3.53211e-17 3.04633e-28 3.73071e-17 4.61604e-28 3.92952e-17 6.7322e-28 4.12856e-17 9.76099e-28 4.32784e-17 1.38602e-27 4.52731e-17 1.929e-27 4.72701e-17 2.63328e-27 4.92691e-17 3.52827e-27 5.12702e-17 4.71014e-27 5.32738e-17 6.17708e-27 5.5279e-17 7.96264e-27 5.72863e-17 1.02355e-26 5.92957e-17 1.29418e-26 6.13073e-17 1.6324e-26 6.33207e-17 2.05408e-26 6.5336e-17 2.5445e-26 6.73533e-17 3.10431e-26 6.9373e-17 3.83027e-26 7.13942e-17 4.59593e-26 7.34174e-17 5.57752e-26 7.54424e-17 6.67164e-26 7.74699e-17 7.96862e-26 7.94988e-17
4.52368 4.62612e-19 4.62611e-19 1.02051e-24 2.20598e-06 1.33055e-06 2.8026e-45 1.43334e-18 9.05099e-41 2.86824e-18 7.23024e-37 5.74192e-18 8.06265e-35 8.62036e-18 1.86024e-33 1.15032e-17 1.88389e-32 1.43902e-17 1.14581e-31 1.72814e-17 5.04286e-31 2.01766e-17 1.76358e-30 2.30755e-17 5.18164e-30 2.59785e-17 1.31414e-29 2.88849e-17 2.99725e-29 3.17951e-17 6.31263e-29 3.47088e-17 1.23493e-28 3.76261e-17 2.29401e-28 4.05469e-17 3.99261e-28 4.34708e-17 6.75212e-28 4.63983e-17 1.07637e-27 4.93292e-17 1.70039e-27 5.22632e-17 2.58225e-27 5.52006e-17 3.83424e-27 5.81409e-17 5.48991e-27 6.10844e-17 7.81673e-27 6.40313e-17 1.09111e-26 6.69811e-17 1.49423e-26 6.99341e-17 2.00902e-26 7.28899e-17 2.65366e-26 7.58488e-17 3.49294e-26 7.8811e-17 4.52056e-26 8.17758e-17 5.75549e-26 8.47435e-17 7.30816e-26 8.7714e-17 9.13526e-26 9.06878e-17 1.13928e-25 9.36641e-17 1.41758e-25 9.66431e-17 1.73778e-25 9.9625e-17 2.09961e-25 1.0261e-16 2.56418e-25 1.05598e-16 3.04949e-25 1.08588e-16 3.66599e-25 1.11581e-16 4.34694e-25 1.14577e-16 5.14716e-25 1.17576e-16
4.75588 4.9905e-19 4.99049e-19 8.36455e-25 1.67609e-06 1.20786e-06 2.00386e-43 2.20093e-18 3.28758e-39 4.40416e-18 1.69356e-35 8.81637e-18 1.50026e-33 1.32356e-17 2.96965e-32 1.76614e-17 2.68597e-31 2.20934e-17 1.49581e-30 2.65316e-17 6.12377e-30 3.09757e-17 2.01461e-29 3.54253e-17 5.61577e-29 3.98809e-17 1.36098e-28 4.43416e-17 2.98159e-28 4.88079e-17 6.05539e-28 5.32795e-17 1.14643e-27 5.77562e-17 2.06618e-27 6.22383e-17 3.50008e-27 6.67249e-17 5.76927e-27 7.12169e-17 8.9899e-27 7.57139e-17 1.38881e-26 8.02154e-17 2.0665e-26 8.4722e-17 3.00978e-26 8.92329e-17 4.23457e-26 9.37485e-17 5.9262e-26 9.82692e-17 8.13854e-26 1.02794e-16 1.09757e-25 1.07324e-16 1.45452e-25 1.11858e-16 1.89531e-25 1.16396e-16 2.4615e-25 1.20939e-16 3.14581e-25 1.25486e-16 3.95822e-25 1.30038e-16 4.96778e-25 1.34594e-16 6.14247e-25 1.39154e-16 7.57825e-25 1.43718e-16 9.3294e-25 1.48286e-16 1.13235e-24 1.52859e-16 1.35555e-24 1.57436e-16 1.63941e-24 1.62017e-16 1.93326e-24 1.66602e-16 2.30329e-24 1.7119e-16 2.70851e-24 1.75784e-16 3.18076e-24 1.80381e-16
5 6.22639e-19 6.22638e-19 6.85431e-25 1.10085e-06 1.09043e-06 1.12202e-41 3.82984e-18 1.14907e-37 7.66353e-18 3.89976e-34 1.53406e-17 2.77541e-32 2.30295e-17 4.74857e-31 3.07293e-17 3.85713e-30 3.84398e-17 1.97527e-29 4.61605e-17 7.54888e-29 5.38912e-17 2.34317e-28 6.16312e-17 6.21278e-28 6.93812e-17 1.44197e-27 7.71398e-17 3.04036e-27 8.49079e-17 5.9648e-27 9.26848e-17 1.09463e-26 1.0047e-16 1.91689e-26 1.08265e-16 3.16469e-26 1.16067e-16 5.09069e-26 1.23878e-16 7.76258e-26 1.31698e-16 1.17401e-25 1.39525e-16 1.71332e-25 1.47361e-16 2.44999e-25 1.55204e-16 3.39e-25 1.63055e-16 4.66702e-25 1.70914e-16 6.31078e-25 1.78781e-16 8.38739e-25 1.86655e-16 1.09634e-24 1.94537e-16 1.41024e-24 2.02426e-16 1.80829e-24 2.10323e-16 2.28349e-24 2.18227e-16 2.84117e-24 2.26138e-16 3.52648e-24 2.34056e-16 4.31541e-24 2.41982e-16 5.2698e-24 2.49914e-16 6.422e-24 2.57854e-16 7.7213e-24 2.658e-16 9.16242e-24 2.73755e-16 1.09787e-23 2.81715e-16 1.28427e-23 2.89681e-16 1.51706e-23 2.97655e-16 1.76989e-23 3.05637e-16 2.06225e-23 3.13624e-16
5.25665 1.526e-18 1.526e-18 5.61646e-25 3.68052e-07 9.85156e-07 1.01511e-39 1.28421e-17 6.6232e-36 2.56966e-17 1.51139e-32 5.14371e-17 8.73431e-31 7.72161e-17 1.30093e-29 1.0303e-16 9.5398e-29 1.28879e-16 4.51096e-28 1.54762e-16 1.61472e-27 1.80676e-16 4.74242e-27 2.06621e-16 1.19896e-26 2.32598e-16 2.67069e-26 2.58603e-16 5.42968e-26 2.84639e-16 1.03076e-25 3.10704e-16 1.83633e-25 3.36796e-16 3.12898e-25 3.62918e-16 5.04088e-25 3.89064e-16 7.92268e-25 4.1524e-16 1.18346e-24 4.41443e-16 1.75408e-24 4.6767e-16 2.51304e-24 4.93925e-16 3.53136e-24 5.20204e-16 4.80941e-24 5.46508e-16 6.51859e-24 5.7284e-16 8.68558e-24 5.99195e-16 1.13844e-23 6.25576e-16 1.46876e-23 6.5198e-16 1.8662e-23 6.78408e-16 2.36408e-23 7.04863e-16 2.95152e-23 7.31338e-16 3.63338e-23 7.57837e-16 4.46245e-23 7.84359e-16 5.40721e-23 8.10907e-16 6.53895e-23 8.37475e-16 7.89209e-23 8.64065e-16 9.40383e-23 8.90679e-16 1.10661e-22 9.17319e-16 1.31432e-22 9.43977e-16 1.52575e-22 9.70657e-16 1.78771e-22 9.97358e-16 2.07001e-22 1.02409e-15 2.394e-22 1.05083e-15
5.52648 1.33636e-18 1.33636e-18 4.60156e-25 3.44335e-07 8.91122e-07 2.71808e-38 1.511e-17 1.15498e-34 3.02342e-17 1.80683e-31 6.05183e-17 8.56543e-30 9.08463e-17 1.11816e-28 1.21215e-16 7.43946e-28 1.51622e-16 3.26083e-27 1.82068e-16 1.09677e-26 2.12551e-16 3.05615e-26 2.43068e-16 7.38436e-26 2.73622e-16 1.58179e-25 3.04207e-16 3.10638e-25 3.34828e-16 5.71537e-25 3.65482e-16 9.8991e-25 3.96167e-16 1.64341e-24 4.26885e-16 2.58665e-24 4.57632e-16 3.97665e-24 4.88412e-16 5.82493e-24 5.19223e-16 8.4692e-24 5.50062e-16 1.19225e-23 5.80933e-16 1.64777e-23 6.1183e-16 2.21053e-23 6.42757e-16 2.95196e-23 6.73715e-16 3.87856e-23 7.04698e-16 5.01701e-23 7.35712e-16 6.39267e-23 7.66752e-16 8.02809e-23 7.97819e-16 1.00532e-22 8.28917e-16 1.2416e-22 8.60038e-16 1.51299e-22 8.91186e-16 1.83968e-22 9.2236e-16 2.20836e-22 9.53564e-16 2.64591e-22 9.84791e-16 3.16425e-22 1.01604e-15 3.73824e-22 1.04732e-15 4.36423e-22 1.07863e-15 5.14002e-22 1.10996e-15 5.92358e-22 1.14131e-15 6.88713e-22 1.17269e-15 7.91781e-22 1.2041e-15 9.09228e-22 1.23553e-15
5.81015 2.24351e-18 2.24351e-18 3.76992e-25 1.68037e-07 8.05028e-07 1.16632e-36 3.3503e-17 3.29596e-33 6.70365e-17 3.60051e-30 1.3418e-16 1.41376e-28 2.01418e-16 1.62799e-27 2.68743e-16 9.87432e-27 3.36153e-16 4.02679e-26 4.03644e-16 1.27652e-25 4.71214e-16 3.38342e-25 5.38858e-16 7.83048e-25 6.06582e-16 1.61611e-24 6.74375e-16 3.07091e-24 7.42242e-16 5.48439e-24 8.1018e-16 9.24768e-24 8.78186e-16 1.49773e-23 9.46263e-16 2.30573e-23 1.0144e-15 3.47111e-23 1.08261e-15 4.99055e-23 1.15089e-15 7.12464e-23 1.21922e-15 9.86364e-23 1.28763e-15 1.34185e-22 1.35609e-15 1.77449e-22 1.42461e-15 2.33645e-22 1.4932e-15 3.02919e-22 1.56185e-15 3.8694e-22 1.63056e-15 4.8724e-22 1.69933e-15 6.05123e-22 1.76815e-15 7.49486e-22 1.83704e-15 9.16148e-22 1.90599e-15 1.10568e-21 1.97498e-15 1.33165e-21 2.04404e-15 1.58433e-21 2.11316e-15 1.88156e-21 2.18233e-15 2.23059e-21 2.25155e-15 2.61385e-21 2.32083e-15 3.02857e-21 2.39017e-15 3.53856e-21 2.45955e-15 4.04984e-21 2.529e-15 4.67407e-21 2.59849e-15 5.3371e-21 2.66805e-15 6.08752e-21 2.73765e-15
6.10839 7.94385e-18 7.94385e-18 3.08937e-25 3.88901e-08 7.24561e-07 8.90107e-35 1.54155e-16 1.7065e-31 3.08446e-16 1.32478e-28 6.1737e-16 4.34838e-27 9.26715e-16 4.44416e-26 1.23645e-15 2.46844e-25 1.54656e-15 9.39874e-25 1.85704e-15 2.81626e-24 2.16786e-15 7.1176e-24 2.47902e-15 1.58115e-23 2.79054e-15 3.14987e-23 3.10236e-15 5.80063e-23 3.41451e-15 1.00702e-22 3.72698e-15 1.65526e-22 4.03975e-15 2.61845e-22 4.35284e-15 3.94702e-22 4.6662e-15 5.82445e-22 4.97988e-15 8.22691e-22 5.29385e-15 1.15426e-21 5.60809e-15 1.57282e-21 5.92264e-15 2.10776e-21 6.23744e-15 2.74957e-21 6.55252e-15 3.57201e-21 6.8679e-15 4.57275e-21 7.18353e-15 5.7717e-21 7.49944e-15 7.18647e-21 7.81561e-15 8.83124e-21 8.13203e-15 1.08244e-20 8.44874e-15 1.31024e-20 8.76569e-15 1.56685e-20 9.08288e-15 1.87001e-20 9.40033e-15 2.20604e-20 9.71806e-15 2.59801e-20 1.0036e-14 3.05446e-20 1.03542e-14 3.55169e-20 1.06726e-14 4.08573e-20 1.09914e-14 4.73759e-20 1.13103e-14 5.3865e-20 1.16294e-14 6.17341e-20 1.19488e-14 7.00361e-20 1.22685e-14 7.93721e-20 1.25884e-14
6.42193 5.03366e-18 5.03366e-18 2.52434e-25 5.01492e-08 6.58396e-07 1.03372e-33 1.24999e-16 1.37024e-30 2.50104e-16 7.6865e-28 5.00584e-16 2.12758e-26 7.51395e-16 1.94117e-25 1.00251e-15 9.91606e-25 1.25393e-15 3.53702e-24 1.50563e-15 1.00455e-23 1.7576e-15 2.42645e-23 2.00984e-15 5.18426e-23 2.26236e-15 9.98602e-23 2.51512e-15 1.78496e-22 2.76814e-15 3.01645e-22 3.0214e-15 4.83932e-22 3.27491e-15 7.48579e-22 3.52866e-15 1.10602e-21 3.78263e-15 1.60139e-21 4.03685e-15 2.22411e-21 4.2913e-15 3.06931e-21 4.54596e-15 4.11962e-21 4.80086e-15 5.4424e-21 5.05596e-15 7.00807e-21 5.31128e-15 8.98871e-21 5.56683e-15 1.13691e-20 5.82258e-15 1.41878e-20 6.07856e-15 1.74774e-20 6.33472e-15 2.12625e-20 6.5911e-15 2.58037e-20 6.8477e-15 3.0944e-20 7.10448e-15 3.66827e-20 7.36146e-15 4.34038e-20 7.61864e-15 5.07918e-20 7.87603e-15 5.93407e-20 8.1336e-15 6.92173e-20 8.39135e-15 7.98945e-20 8.6493e-15 9.12811e-20 8.90748e-15 1.05082e-19 9.16581e-15 1.18729e-19 9.42433e-15 1.35171e-19 9.68304e-15 1.52407e-19 9.94197e-15 1.71672e-19 1.0201e-14
6.75157 4.08251e-18 4.08251e-18 2.07004e-25 5.0705e-08 5.87921e-07 1.31697e-32 1.27851e-16 1.22891e-29 2.55807e-16 5.06104e-27 5.11987e-16 1.1912e-25 7.68495e-16 9.75623e-25 1.02531e-15 4.60233e-24 1.28241e-15 1.5428e-23 1.5398e-15 4.164e-23 1.79747e-15 9.63412e-23 2.05539e-15 1.98349e-22 2.31359e-15 3.70027e-22 2.57203e-15 6.42916e-22 2.83073e-15 1.059e-21 3.08967e-15 1.66021e-21 3.34885e-15 2.514e-21 3.60828e-15 3.64429e-21 3.86792e-15 5.18204e-21 4.12781e-15 7.08262e-21 4.38792e-15 9.62166e-21 4.64825e-15 1.27299e-20 4.9088e-15 1.65903e-20 5.16956e-15 2.11009e-20 5.43054e-15 2.67376e-20 5.69175e-15 3.34325e-20 5.95315e-15 4.12725e-20 6.21477e-15 5.03272e-20 6.47659e-15 6.06432e-20 6.73861e-15 7.29031e-20 7.00085e-15 8.66539e-20 7.26327e-15 1.01875e-19 7.52589e-15 1.19554e-19 7.7887e-15 1.38835e-19 8.05173e-15 1.60975e-19 8.31493e-15 1.86361e-19 8.57832e-15 2.13607e-19 8.8419e-15 2.42468e-19 9.1057e-15 2.77216e-19 9.36965e-15 3.11356e-19 9.63379e-15 3.52237e-19 9.89812e-15 3.94831e-19 1.01627e-14 4.4216e-19 1.04273e-14
7.09813 4.78797e-18 4.78797e-18 1.69544e-25 3.54103e-08 5.26394e-07 2.0952e-31 1.86489e-16 1.40012e-28 3.73125e-16 4.29756e-26 7.46776e-16 8.6695e-25 1.12089e-15 6.40766e-24 1.49543e-15 2.80222e-23 1.8704e-15 8.85496e-23 2.24576e-15 2.27685e-22 2.62151e-15 5.05648e-22 2.99763e-15 1.00497e-21 3.37413e-15 1.8186e-21 3.75098e-15 3.07569e-21 4.12819e-15 4.94429e-21 4.50575e-15 7.5829e-21 4.88364e-15 1.12523e-20 5.26188e-15 1.60182e-20 5.64042e-15 2.23892e-20 6.0193e-15 3.01374e-20 6.39851e-15 4.03335e-20 6.77802e-15 5.26387e-20 7.15786e-15 6.77202e-20 7.53798e-15 8.51266e-20 7.9184e-15 1.06627e-19 8.29915e-15 1.31879e-19 8.68018e-15 1.61139e-19 9.06151e-15 1.94597e-19 9.44312e-15 2.3236e-19 9.82502e-15 2.76835e-19 1.02072e-14 3.26287e-19 1.05897e-14 3.80581e-19 1.09724e-14 4.43151e-19 1.13554e-14 5.10875e-19 1.17388e-14 5.88082e-19 1.21223e-14 6.75974e-19 1.25061e-14 7.69657e-19 1.28902e-14 8.68258e-19 1.32746e-14 9.86218e-19 1.36593e-14 1.10141e-18 1.40441e-14 1.23854e-18 1.44293e-14 1.38059e-18 1.48147e-14 1.53757e-18 1.52004e-14
7.46248 1.16131e-17 1.16131e-17 1.38848e-25 1.19561e-08 4.69586e-07 5.99583e-30 5.55162e-16 2.91651e-27 1.11075e-15 6.76852e-25 2.22301e-15 1.17913e-23 3.33661e-15 7.90411e-23 4.45145e-15 3.2164e-22 5.56749e-15 9.60853e-22 6.68469e-15 2.35928e-21 7.80301e-15 5.03936e-21 8.92239e-15 9.68537e-21 1.00429e-14 1.70264e-20 1.11643e-14 2.80665e-20 1.22869e-14 4.40842e-20 1.34104e-14 6.62135e-20 1.45349e-14 9.6379e-20 1.56603e-14 1.34856e-19 1.67867e-14 1.85435e-19 1.7914e-14 2.46013e-19 1.90423e-14 3.24593e-19 2.01714e-14 4.1815e-19 2.13015e-14 5.31378e-19 2.24324e-14 6.60541e-19 2.35642e-14 8.18325e-19 2.46969e-14 1.00168e-18 2.58303e-14 1.212e-18 2.69647e-14 1.45024e-18 2.80999e-14 1.71674e-18 2.92359e-14 2.02792e-18 3.03728e-14 2.37107e-18 3.15104e-14 2.7449e-18 3.26488e-14 3.17252e-18 3.3788e-14 3.63205e-18 3.49281e-14 4.15232e-18 3.60689e-14 4.74056e-18 3.72104e-14 5.36345e-18 3.83527e-14 6.01506e-18 3.94959e-14 6.78989e-18 4.06397e-14 7.54218e-18 4.17843e-14 8.43276e-18 4.29296e-14 9.35025e-18 4.40757e-14 1.03588e-17 4.52225e-14
7.84553 1.42206e-17 1.42206e-17 1.13704e-25 7.99575e-09 4.15288e-07 7.5859e-29 8.23871e-16 2.72791e-26 1.64835e-15 4.85244e-24 3.29887e-15 7.35249e-23 4.95131e-15 4.49142e-22 6.60553e-15 1.70664e-21 8.26147e-15 4.83306e-21 9.91907e-15 1.13579e-20 1.15783e-14 2.33777e-20 1.3239e-14 4.352e-20 1.49013e-14 7.44275e-20 1.65651e-14 1.19729e-19 1.82303e-14 1.83959e-19 1.98969e-14 2.70869e-19 2.1565e-14 3.87111e-19 2.32344e-14 5.32843e-19 2.49052e-14 7.21386e-19 2.65773e-14 9.43932e-19 2.82508e-14 1.22869e-18 2.99255e-14 1.56339e-18 3.16015e-14 1.96362e-18 3.32787e-14 2.41512e-18 3.49572e-14 2.9609e-18 3.6637e-14 3.58871e-18 3.83179e-14 4.30203e-18 4.00001e-14 5.10274e-18 4.16834e-14 5.99089e-18 4.3368e-14 7.01949e-18 4.50537e-14 8.14487e-18 4.67406e-14 9.36187e-18 4.84285e-14 1.07441e-17 5.01176e-14 1.22194e-17 5.18079e-14 1.38787e-17 5.34993e-14 1.57427e-17 5.51917e-14 1.77042e-17 5.68852e-14 1.97443e-17 5.858e-14 2.21562e-17 6.02757e-14 2.4485e-17 6.19724e-14 2.72274e-17 6.36702e-14 3.0038e-17 6.53693e-14 3.31118e-17 6.70692e-14
8.24824 5.43016e-18 5.43016e-18 9.3103e-26 1.71455e-08 3.6467e-07 2.63796e-28 3.7667e-16 7.11715e-26 7.53607e-16 9.83051e-24 1.50817e-15 1.30441e-22 2.26358e-15 7.29441e-22 3.01977e-15 2.59682e-21 3.77673e-15 6.98957e-21 4.53442e-15 1.57546e-20 5.29281e-15 3.13044e-20 6.05188e-15 5.65348e-20 6.81165e-15 9.41852e-20 7.57203e-15 1.48036e-19 8.33309e-15 2.22732e-19 9.09477e-15 3.21823e-19 9.85705e-15 4.51982e-19 1.062e-14 6.12505e-19 1.13834e-14 8.17062e-19 1.21475e-14 1.05518e-18 1.29122e-14 1.35594e-18 1.36774e-14 1.70512e-18 1.44432e-14 2.11793e-18 1.52095e-14 2.57873e-18 1.59764e-14 3.13018e-18 1.67439e-14 3.75843e-18 1.75118e-14 4.46578e-18 1.82803e-14 5.25301e-18 1.90494e-14 6.11918e-18 1.98189e-14 7.11455e-18 2.0589e-14 8.19546e-18 2.13595e-14 9.3562e-18 2.21306e-14 1.06656e-17 2.29021e-14 1.20542e-17 2.36742e-14 1.36062e-17 2.44467e-14 1.53389e-17 2.52197e-14 1.71515e-17 2.59932e-14 1.90263e-17 2.67672e-14 2.12307e-17 2.75417e-14 2.33481e-17 2.83166e-14 2.58289e-17 2.90919e-14 2.83587e-17 2.98678e-14 3.11124e-17 3.06441e-14
8.67162 5.45554e-18 5.45554e-18 7.62357e-26 1.3974e-08 3.20624e-07 2.14049e-27 4.47855e-16 4.39397e-25 8.96015e-16 4.77123e-23 1.79312e-15 5.58017e-22 2.6912e-15 2.86895e-21 3.59018e-15 9.59955e-21 4.49003e-15 2.46187e-20 5.39072e-15 5.33322e-20 6.29221e-15 1.02477e-19 7.19448e-15 1.79806e-19 8.09754e-15 2.92179e-19 9.00132e-15 4.49207e-19 9.90585e-15 6.62519e-19 1.08111e-14 9.40218e-19 1.1717e-14 1.29877e-18 1.26237e-14 1.73411e-18 1.3531e-14 2.28092e-18 1.4439e-14 2.90911e-18 1.53477e-14 3.69279e-18 1.6257e-14 4.59209e-18 1.71669e-14 5.64379e-18 1.80775e-14 6.80598e-18 1.89887e-14 8.18361e-18 1.99005e-14 9.73877e-18 2.08129e-14 1.14746e-17 2.1726e-14 1.33908e-17 2.26396e-14 1.5483e-17 2.35538e-14 1.78696e-17 2.44686e-14 2.04428e-17 2.5384e-14 2.31877e-17 2.62999e-14 2.62644e-17 2.72164e-14 2.95069e-17 2.81335e-14 3.31098e-17 2.90511e-14 3.71084e-17 2.99693e-14 4.12678e-17 3.0888e-14 4.55474e-17 3.18073e-14 5.05532e-17 3.27271e-14 5.53374e-17 3.36474e-14 6.09162e-17 3.45682e-14 6.65783e-17 3.54897e-14 7.27134e-17 3.64116e-14
9.11674 1.47877e-18 1.47877e-18 6.24229e-26 4.22127e-08 2.81309e-07 4.18016e-27 1.42067e-16 6.61667e-25 2.84226e-16 5.71502e-23 5.68785e-16 5.92775e-22 8.53639e-16 2.81351e-21 1.13877e-15 8.87496e-21 1.42416e-15 2.17376e-20 1.70981e-15 4.53465e-20 1.99571e-15 8.43984e-20 2.28184e-15 1.44075e-19 2.56821e-15 2.28633e-19 2.8548e-15 3.44204e-19 3.14162e-15 4.98114e-19 3.42865e-15 6.94923e-19 3.7159e-15 9.44908e-19 4.00336e-15 1.24395e-18 4.29102e-15 1.61446e-18 4.57889e-15 2.03478e-18 4.86697e-15 2.55302e-18 5.15523e-15 3.14116e-18 5.4437e-15 3.82188e-18 5.73234e-15 4.56695e-18 6.02118e-15 5.44218e-18 6.31022e-15 6.42158e-18 6.59943e-15 7.50583e-18 6.88883e-15 8.69346e-18 7.1784e-15 9.98075e-18 7.46816e-15 1.14388e-17 7.7581e-15 1.30004e-17 8.0482e-15 1.46555e-17 8.33848e-15 1.64995e-17 8.62893e-15 1.84314e-17 8.91955e-15 2.05659e-17 9.21034e-15 2.29216e-17 9.50128e-15 2.5359e-17 9.7924e-15 2.78542e-17 1.00837e-14 3.07585e-17 1.03751e-14 3.35212e-17 1.06667e-14 3.67279e-17 1.09585e-14 3.99679e-17 1.12504e-14 4.34634e-17 1.15425e-14
9.5847 8.45717e-19 8.45717e-19 5.111e-26 6.04339e-08 2.45647e-07 1.5451e-26 9.40648e-17 1.90993e-24 1.88188e-16 1.32695e-22 3.76587e-16 1.2278e-21 5.65173e-16 5.40085e-21 7.53934e-16 1.61072e-20 9.42862e-16 3.77634e-20 1.13195e-15 7.59998e-20 1.3212e-15 1.37224e-19 1.51059e-15 2.28216e-19 1.70014e-15 3.54082e-19 1.88983e-15 5.22524e-19 2.07966e-15 7.42647e-19 2.26962e-15 1.01936e-18 2.45972e-15 1.36542e-18 2.64996e-15 1.77358e-18 2.84032e-15 2.27272e-18 3.03082e-15 2.83224e-18 3.22144e-15 3.51444e-18 3.41218e-15 4.28051e-18 3.60305e-15 5.1585e-18 3.79404e-15 6.11078e-18 3.98514e-15 7.21979e-18 4.17637e-15 8.45056e-18 4.36771e-15 9.80243e-18 4.55917e-15 1.12723e-17 4.75073e-15 1.28545e-17 4.94242e-15 1.46347e-17 5.13421e-15 1.65289e-17 5.32612e-15 1.85246e-17 5.51813e-15 2.0735e-17 5.71025e-15 2.30379e-17 5.90247e-15 2.55687e-17 6.0948e-15 2.83471e-17 6.28724e-15 3.1207e-17 6.47977e-15 3.4121e-17 6.67243e-15 3.74967e-17 6.86517e-15 4.06932e-17 7.05801e-15 4.43877e-17 7.25095e-15 4.81044e-17 7.44401e-15 5.20978e-17 7.63715e-15
10.0767 6.52873e-19 6.52873e-19 4.18498e-26 6.4101e-08 2.12938e-07 6.95219e-26 8.32007e-17 6.79265e-24 1.66451e-16 3.83663e-22 3.33078e-16 3.18453e-21 4.99865e-16 1.30308e-20 6.66798e-16 3.68434e-20 8.33873e-16 8.28596e-20 1.00108e-15 1.61159e-19 1.16843e-15 2.82712e-19 1.33589e-15 4.58641e-19 1.50349e-15 6.96494e-19 1.6712e-15 1.00848e-18 1.83904e-15 1.40893e-18 2.00699e-15 1.90424e-18 2.17505e-15 2.51455e-18 2.34323e-15 3.22478e-18 2.51151e-15 4.0826e-18 2.6799e-15 5.03332e-18 2.8484e-15 6.18022e-18 3.017e-15 7.45525e-18 3.18571e-15 8.90295e-18 3.35451e-15 1.04596e-17 3.52341e-15 1.22576e-17 3.69242e-15 1.42374e-17 3.86152e-15 1.63958e-17 4.03072e-15 1.87261e-17 4.20001e-15 2.12181e-17 4.3694e-15 2.4004e-17 4.53889e-15 2.69503e-17 4.70846e-15 3.00366e-17 4.87812e-15 3.34361e-17 5.04787e-15 3.69592e-17 5.21772e-15 4.08111e-17 5.38764e-15 4.50183e-17 5.55766e-15 4.93282e-17 5.72776e-15 5.36997e-17 5.89796e-15 5.87412e-17 6.06823e-15 6.34947e-17 6.23859e-15 6.8966e-17 6.40903e-15 7.44479e-17 6.57956e-15 8.03149e-17 6.75017e-15
10.5939 6.7777e-19 6.7777e-19 3.42545e-26 5.054e-08 1.80891e-07 3.81288e-25 9.79756e-17 2.97862e-23 1.96006e-16 1.38163e-21 3.9221e-16 1.03422e-20 5.88592e-16 3.95058e-20 7.85138e-16 1.06172e-19 9.81843e-16 2.29514e-19 1.1787e-15 4.3213e-19 1.3757e-15 7.37541e-19 1.57285e-15 1.16857e-18 1.77013e-15 1.73877e-18 1.96755e-15 2.47254e-18 2.1651e-15 3.39841e-18 2.36278e-15 4.52605e-18 2.56059e-15 5.89609e-18 2.75852e-15 7.47012e-18 2.95657e-15 9.34897e-18 3.15474e-15 1.14088e-17 3.35303e-15 1.38688e-17 3.55144e-15 1.65775e-17 3.74996e-15 1.96259e-17 3.94859e-15 2.28767e-17 4.14733e-15 2.66024e-17 4.34618e-15 3.0674e-17 4.54514e-15 3.50815e-17 4.74421e-15 3.98086e-17 4.94338e-15 4.48317e-17 5.14266e-15 5.04135e-17 5.34204e-15 5.62823e-17 5.54153e-15 6.23965e-17 5.74111e-15 6.90959e-17 5.94079e-15 7.60037e-17 6.14057e-15 8.35196e-17 6.34044e-15 9.16894e-17 6.54041e-15 1.0002e-16 6.74048e-15 1.08433e-16 6.94065e-15 1.18095e-16 7.14091e-15 1.27167e-16 7.34126e-15 1.37569e-16 7.5417e-15 1.4795e-16 7.74224e-15 1.5902e-16 7.94286e-15
11.1377 2.60811e-18 2.60811e-18 2.8007e-26 1.07384e-08 1.51074e-07 7.05946e-24 4.23531e-16 4.45781e-22 8.47285e-16 1.7145e-20 1.69538e-15 1.16326e-19 2.5442e-15 4.16205e-19 3.39369e-15 1.06585e-18 4.24383e-15 2.21894e-18 5.09459e-15 4.05075e-18 5.94595e-15 6.73552e-18 6.79788e-15 1.04348e-17 7.65039e-15 1.5228e-17 8.50343e-15 2.12853e-17 9.35702e-15 2.88049e-17 1.02111e-14 3.78298e-17 1.10658e-14 4.86487e-17 1.19209e-14 6.09282e-17 1.27765e-14 7.54218e-17 1.36326e-14 9.11492e-17 1.44892e-14 1.09751e-16 1.53463e-14 1.30049e-16 1.62038e-14 1.52699e-16 1.70617e-14 1.76665e-16 1.79202e-14 2.0393e-16 1.8779e-14 2.33512e-16 1.96383e-14 2.65321e-16 2.04981e-14 2.99219e-16 2.13582e-14 3.35026e-16 2.22188e-14 3.74586e-16 2.30798e-14 4.1595e-16 2.39412e-14 4.58821e-16 2.4803e-14 5.0556e-16 2.56652e-14 5.53522e-16 2.65279e-14 6.05464e-16 2.73908e-14 6.61669e-16 2.82542e-14 7.18727e-16 2.9118e-14 7.76118e-16 2.99822e-14 8.41756e-16 3.08467e-14 9.03153e-16 3.17116e-14 9.73283e-16 3.25769e-14 1.04302e-15 3.34425e-14 1.11711e-15 3.43085e-14
11.7094 1.40701e-18 1.40701e-18 2.31572e-26 1.64584e-08 1.25935e-07 1.67649e-23 2.54278e-16 8.64671e-22 5.08681e-16 2.78279e-20 1.01782e-15 1.71957e-19 1.52737e-15 5.78123e-19 2.03729e-15 1.41406e-18 2.54758e-15 2.84035e-18 3.05823e-15 5.035e-18 3.5692e-15 8.16682e-18 4.0805e-15 1.23846e-17 4.59213e-15 1.7743e-17 5.10405e-15 2.43985e-17 5.61629e-15 3.25339e-17 6.12881e-15 4.21623e-17 6.64162e-15 5.35585e-17 7.15472e-15 6.63441e-17 7.66808e-15 8.12749e-17 8.18173e-15 9.73187e-17 8.69564e-15 1.16122e-16 9.20981e-15 1.36463e-16 9.72424e-15 1.58979e-16 1.02389e-14 1.82626e-16 1.07539e-14 2.09338e-16 1.1269e-14 2.38125e-16 1.17845e-14 2.68881e-16 1.23001e-14 3.01459e-16 1.2816e-14 3.35676e-16 1.33322e-14 3.73273e-16 1.38485e-14 4.12378e-16 1.43651e-14 4.52708e-16 1.48819e-14 4.96467e-16 1.5399e-14 5.41166e-16 1.59162e-14 5.89362e-16 1.64337e-14 6.41287e-16 1.69514e-14 6.93779e-16 1.74693e-14 7.46374e-16 1.79875e-14 8.06294e-16 1.85058e-14 8.62136e-16 1.90243e-14 9.25695e-16 1.9543e-14 9.88675e-16 2.0062e-14 1.05537e-15 2.05811e-14
12.3105 1.3863e-18 1.3863e-18 1.8852e-26 1.35987e-08 9.78228e-08 6.68172e-23 2.76301e-16 2.84269e-21 5.52728e-16 7.72236e-20 1.10592e-15 4.36589e-19 1.65952e-15 1.38345e-18 2.21352e-15 3.23926e-18 2.76788e-15 6.28868e-18 3.3226e-15 1.08405e-17 3.87765e-15 1.7173e-17 4.43303e-15 2.5518e-17 4.98874e-15 3.59226e-17 5.54476e-15 4.86351e-17 6.10108e-15 6.3947e-17 6.65769e-15 8.18299e-17 7.2146e-15 1.02741e-16 7.77179e-15 1.25944e-16 8.32925e-15 1.52766e-16 8.88699e-15 1.81321e-16 9.445e-15 2.14497e-16 1.00033e-14 2.50091e-16 1.05618e-14 2.89191e-16 1.11206e-14 3.29965e-16 1.16796e-14 3.75715e-16 1.22389e-14 4.24701e-16 1.27984e-14 4.76718e-16 1.33582e-14 5.31503e-16 1.39182e-14 5.88732e-16 1.44784e-14 6.51288e-16 1.50388e-14 7.16027e-16 1.55995e-14 7.8248e-16 1.61605e-14 8.54258e-16 1.67216e-14 9.27259e-16 1.72829e-14 1.00564e-15 1.78445e-14 1.08974e-15 1.84063e-14 1.17442e-15 1.89683e-14 1.25895e-15 1.95305e-14 1.35491e-15 2.00929e-14 1.44402e-15 2.06555e-14 1.5451e-15 2.12183e-14 1.64492e-15 2.17813e-14 1.7503e-15 2.23445e-14
12.9424 1.08975e-18 1.08975e-18 1.54277e-26 1.41571e-08 7.14765e-08 1.9604e-22 2.37439e-16 6.94479e-21 4.74979e-16 1.6057e-19 9.50326e-16 8.34174e-19 1.426e-15 2.49857e-18 1.90199e-15 5.61221e-18 2.37827e-15 1.05483e-17 2.85483e-15 1.77061e-17 3.33166e-15 2.74262e-17 3.80875e-15 3.99732e-17 4.2861e-15 5.53399e-17 4.76368e-15 7.38238e-17 5.24151e-15 9.57775e-17 5.71958e-15 1.21095e-16 6.19787e-15 1.5036e-16 6.67638e-15 1.82494e-16 7.15511e-15 2.19283e-16 7.63405e-15 2.58102e-16 8.11321e-15 3.02832e-16 8.59257e-15 3.50448e-16 9.07213e-15 4.02374e-16 9.55189e-15 4.56159e-16 1.00318e-14 5.16124e-16 1.0512e-14 5.79936e-16 1.09923e-14 6.47304e-16 1.14729e-14 7.1787e-16 1.19536e-14 7.91206e-16 1.24345e-14 8.70971e-16 1.29155e-14 9.53127e-16 1.33968e-14 1.03708e-15 1.38782e-14 1.12737e-15 1.43598e-14 1.21882e-15 1.48415e-14 1.31663e-15 1.53235e-14 1.42115e-15 1.58056e-14 1.526e-15 1.62878e-14 1.63029e-15 1.67702e-14 1.74827e-15 1.72528e-14 1.85746e-15 1.77355e-14 1.98093e-15 1.82184e-14 2.10248e-15 1.87015e-14 2.23039e-15 1.91847e-14
13.6067 7.70093e-19 7.70093e-19 1.26336e-26 1.64053e-08 4.85398e-08 4.78973e-22 1.81878e-16 1.42555e-20 3.63827e-16 2.82743e-19 7.27913e-16 1.35533e-18 1.09223e-15 3.84785e-18 1.45677e-15 8.30811e-18 1.82151e-15 1.51415e-17 2.18645e-15 2.47816e-17 2.55157e-15 3.75745e-17 2.91688e-15 5.3766e-17 3.28237e-15 7.32622e-17 3.64802e-15 9.63668e-17 4.01384e-15 1.23445e-16 4.37983e-15 1.54299e-16 4.74596e-15 1.89574e-16 5.11226e-15 2.27924e-16 5.4787e-15 2.71426e-16 5.84529e-15 3.16944e-16 6.21203e-15 3.68981e-16 6.57891e-15 4.23964e-16 6.94593e-15 4.8351e-16 7.31308e-15 5.44793e-16 7.68037e-15 6.12704e-16 8.04779e-15 6.84549e-16 8.41534e-15 7.59981e-16 8.78302e-15 8.38583e-16 9.15082e-15 9.19872e-16 9.51875e-15 1.00787e-15 9.8868e-15 1.0981e-15 1.0255e-14 1.18991e-15 1.06233e-14 1.28824e-15 1.09917e-14 1.38745e-15 1.13602e-14 1.49315e-15 1.17288e-14 1.60568e-15 1.20975e-14 1.71816e-15 1.24664e-14 1.82967e-15 1.28354e-14 1.9554e-15 1.32044e-14 2.07139e-15 1.35736e-14 2.20215e-15 1.39429e-14 2.33048e-15 1.43123e-14 2.46515e-15 1.46818e-14
14.3051 5.55883e-19 5.55883e-19 1.03462e-26 1.86122e-08 3.22021e-08 1.11146e-21 1.41146e-16 2.80293e-20 2.82342e-16 4.80482e-19 5.64866e-16 2.13353e-18 8.47554e-16 5.75633e-18 1.1304e-15 1.19704e-17 1.41338e-15 2.1186e-17 1.6965e-15 3.38503e-17 1.97976e-15 5.02922e-17 2.26314e-15 7.07161e-17 2.54664e-15 9.49139e-17 2.83026e-15 1.23187e-16 3.114e-15 1.55905e-16 3.39785e-15 1.92761e-16 3.6818e-15 2.34461e-16 3.96587e-15 2.79366e-16 4.25003e-15 3.29861e-16 4.5343e-15 3.82274e-16 4.81867e-15 4.41746e-16 5.10313e-15 5.04142e-16 5.38769e-15 5.71272e-16 5.67234e-15 6.39938e-16 5.95709e-15 7.15594e-16 6.24192e-15 7.95187e-16 6.52684e-15 8.78317e-16 6.81184e-15 9.64511e-16 7.09694e-15 1.05324e-15 7.38212e-15 1.14886e-15 7.66737e-15 1.24648e-15 7.95272e-15 1.34541e-15 8.23813e-15 1.45096e-15 8.52363e-15 1.55705e-15 8.8092e-15 1.66967e-15 9.09485e-15 1.78915e-15 9.38057e-15 1.90816e-15 9.66637e-15 2.02578e-15 9.95224e-15 2.15796e-15 1.02382e-14 2.27955e-15 1.05242e-14 2.41622e-15 1.08103e-14 2.54997e-15 1.10964e-14 2.68993e-15 1.13827e-14
15.0394 3.90608e-19 3.90608e-19 8.47223e-27 2.16899e-08 1.21919e-08 2.34273e-21 1.05786e-16 5.04668e-20 2.11605e-16 7.53041e-19 4.23332e-16 3.10907e-18 6.35169e-16 7.99156e-18 8.47109e-16 1.60351e-17 1.05914e-15 2.75998e-17 1.27127e-15 4.31005e-17 1.48349e-15 6.28097e-17 1.69578e-15 8.68594e-17 1.90816e-15 1.14918e-16 2.12062e-15 1.47263e-16 2.33315e-15 1.84245e-16 2.54575e-15 2.25453e-16 2.75842e-15 2.71615e-16 2.97117e-15 3.20879e-16 3.18398e-15 3.75817e-16 3.39685e-15 4.32407e-16 3.60979e-15 4.96163e-16 3.8228e-15 5.62604e-16 4.03586e-15 6.3364e-16 4.24898e-15 7.05881e-16 4.46216e-15 7.85037e-16 4.6754e-15 8.67875e-16 4.8887e-15 9.5396e-16 5.10204e-15 1.0428e-15 5.31545e-15 1.13385e-15 5.52891e-15 1.23155e-15 5.74241e-15 1.33089e-15 5.95598e-15 1.43117e-15 6.16958e-15 1.53777e-15 6.38324e-15 1.64453e-15 6.59695e-15 1.75748e-15 6.8107e-15 1.87689e-15 7.0245e-15 1.99546e-15 7.23835e-15 2.11228e-15 7.45224e-15 2.24318e-15 7.66618e-15 2.36323e-15 7.88015e-15 2.4978e-15 8.09418e-15 2.62915e-15 8.30824e-15 2.76623e-15 8.52235e-15
15.8114 4.12241e-19 4.12241e-19 6.93953e-27 1.68337e-08 -4.14491e-09 6.94396e-21 1.1817e-16 1.28764e-19 2.36373e-16 1.68382e-18 4.72865e-16 6.48696e-18 7.09465e-16 1.5923e-17 9.46165e-16 3.08815e-17 1.18296e-15 5.17629e-17 1.41984e-15 7.9094e-17 1.6568e-15 1.13163e-16 1.89385e-15 1.54035e-16 2.13097e-15 2.01027e-16 2.36817e-15 2.54509e-16 2.60543e-15 3.14959e-16 2.84277e-15 3.81622e-16 3.08017e-15 4.55598e-16 3.31764e-15 5.3387e-16 3.55517e-15 6.20468e-16 3.79276e-15 7.09025e-16 4.03041e-15 8.08122e-16 4.26812e-15 9.10732e-16 4.50588e-15 1.01979e-15 4.7437e-15 1.13008e-15 4.98157e-15 1.2503e-15 5.21949e-15 1.37548e-15 5.45747e-15 1.50495e-15 5.69549e-15 1.63797e-15 5.93356e-15 1.77371e-15 6.17169e-15 1.9188e-15 6.40985e-15 2.06573e-15 6.64807e-15 2.21351e-15 6.88632e-15 2.37006e-15 7.12462e-15 2.5263e-15 7.36296e-15 2.69107e-15 7.60135e-15 2.86472e-15 7.83977e-15 3.03659e-15 8.07824e-15 3.20545e-15 8.31675e-15 3.39411e-15 8.55529e-15 3.56667e-15 8.79387e-15 3.75959e-15 9.0325e-15 3.9474e-15 9.27115e-15 4.14292e-15 9.50984e-15
16.623 6.64166e-19 6.64166e-19 5.68435e-27 8.55863e-09 -2.01124e-08 2.95123e-20 2.00025e-16 4.74539e-19 4.00096e-16 5.47346e-18 8.00364e-16 1.97428e-17 1.20079e-15 4.63823e-17 1.60136e-15 8.70922e-17 2.00206e-15 1.42347e-16 2.40288e-15 2.13051e-16 2.80383e-15 2.99535e-16 3.20488e-15 4.0163e-16 3.60604e-15 5.17387e-16 4.00731e-15 6.47532e-16 4.40867e-15 7.93037e-16 4.81013e-15 9.51925e-16 5.21167e-15 1.12666e-15 5.61331e-15 1.31004e-15 6.01502e-15 1.51141e-15 6.41682e-15 1.71591e-15 6.81869e-15 1.94329e-15 7.22065e-15 2.17729e-15 7.62268e-15 2.42458e-15 8.02477e-15 2.67337e-15 8.42694e-15 2.94321e-15 8.82917e-15 3.22283e-15 9.23148e-15 3.51073e-15 9.63383e-15 3.80527e-15 1.00363e-14 4.10465e-15 1.04388e-14 4.42338e-15 1.08413e-14 4.74497e-15 1.12439e-14 5.06731e-15 1.16465e-14 5.40761e-15 1.20493e-14 5.74618e-15 1.2452e-14 6.1021e-15 1.28548e-14 6.47605e-15 1.32577e-14 6.84509e-15 1.36606e-14 7.20666e-15 1.40635e-14 7.60954e-15 1.44666e-14 7.97709e-15 1.48696e-14 8.38698e-15 1.52727e-14 8.785e-15 1.56758e-14 9.1984e-15 1.6079e-14
17.4762 6.02228e-19 6.02228e-19 4.65708e-27 7.73309e-09 -3.55813e-08 6.65094e-20 1.89196e-16 9.33805e-19 3.78426e-16 9.55864e-18 7.56986e-16 3.23848e-17 1.13567e-15 7.29748e-17 1.51446e-15 1.32874e-16 1.89335e-15 2.12027e-16 2.27234e-15 3.11155e-16 2.65141e-15 4.30246e-16 3.03057e-15 5.68691e-16 3.4098e-15 7.23595e-16 3.78911e-15 8.95744e-16 4.16848e-15 1.08622e-15 4.54793e-15 1.29227e-15 4.92743e-15 1.51695e-15 5.307e-15 1.75092e-15 5.68662e-15 2.00601e-15 6.0663e-15 2.26337e-15 6.44603e-15 2.54776e-15 6.82581e-15 2.83875e-15 7.20564e-15 3.1446e-15 7.58552e-15 3.45078e-15 7.96544e-15 3.78129e-15 8.3454e-15 4.12223e-15 8.72541e-15 4.47176e-15 9.10544e-15 4.8279e-15 9.48552e-15 5.18851e-15 9.86565e-15 5.57103e-15 1.02458e-14 5.95562e-15 1.0626e-14 6.33983e-15 1.10062e-14 6.74415e-15 1.13865e-14 7.14518e-15 1.17667e-14 7.56553e-15 1.2147e-14 8.00588e-15 1.25274e-14 8.43925e-15 1.29077e-14 8.86272e-15 1.32881e-14 9.33336e-15 1.36685e-14 9.76167e-15 1.40489e-14 1.02382e-14 1.44294e-14 1.06998e-14 1.48098e-14 1.11782e-14 1.51903e-14
18.3733 3.17836e-19 3.17836e-19 3.81564e-27 1.20051e-08 -5.08435e-08 8.24348e-20 1.03441e-16 1.01734e-18 2.06897e-16 9.29576e-18 4.1385e-16 2.96726e-17 6.20854e-16 6.4263e-17 8.27906e-16 1.13637e-16 1.035e-15 1.77241e-16 1.24213e-15 2.55279e-16 1.44929e-15 3.47443e-16 1.65648e-15 4.53031e-16 1.8637e-15 5.69691e-16 2.07095e-15 6.97915e-16 2.27823e-15 8.38395e-16 2.48553e-15 9.89014e-16 2.69285e-15 1.15192e-15 2.90019e-15 1.32031e-15 3.10754e-15 1.50264e-15 3.31492e-15 1.68546e-15 3.52231e-15 1.88631e-15 3.72972e-15 2.09068e-15 3.93714e-15 2.3044e-15 4.14457e-15 2.51733e-15 4.35202e-15 2.74614e-15 4.55947e-15 2.98116e-15 4.76694e-15 3.22111e-15 4.97441e-15 3.46466e-15 5.1819e-15 3.71038e-15 5.3894e-15 3.97012e-15 5.59689e-15 4.23038e-15 5.8044e-15 4.48957e-15 6.01191e-15 4.7615e-15 6.21943e-15 5.03043e-15 6.42694e-15 5.31153e-15 6.63447e-15 5.60519e-15 6.842e-15 5.89341e-15 7.04953e-15 6.17437e-15 7.25705e-15 6.48584e-15 7.46459e-15 6.76864e-15 7.67213e-15 7.08256e-15 7.87966e-15 7.38599e-15 8.08719e-15 7.69976e-15 8.29473e-15
19.3164 2.53144e-19 2.53144e-19 3.12663e-27 1.23512e-08 -6.5886e-08 1.461e-19 8.4782e-17 1.59484e-18 1.69572e-16 1.30806e-17 3.39176e-16 3.94537e-17 5.08808e-16 8.22825e-17 6.78466e-16 1.41508e-16 8.48144e-16 2.15973e-16 1.01784e-15 3.05572e-16 1.18755e-15 4.09682e-16 1.35728e-15 5.27308e-16 1.52702e-15 6.55719e-16 1.69677e-15 7.95383e-16 1.86653e-15 9.46966e-16 2.03629e-15 1.10812e-15 2.20607e-15 1.28106e-15 2.37584e-15 1.45859e-15 2.54563e-15 1.64957e-15 2.71541e-15 1.83992e-15 2.88519e-15 2.04789e-15 3.05499e-15 2.2584e-15 3.22477e-15 2.47747e-15 3.39456e-15 2.69473e-15 3.56435e-15 2.92721e-15 3.73414e-15 3.16501e-15 3.90392e-15 3.40687e-15 4.0737e-15 3.65145e-15 4.24348e-15 3.89736e-15 4.41326e-15 4.15643e-15 4.58302e-15 4.4152e-15 4.75279e-15 4.67214e-15 4.92255e-15 4.94093e-15 5.0923e-15 5.20601e-15 5.26204e-15 5.48235e-15 5.43178e-15 5.77028e-15 5.60151e-15 6.05217e-15 5.77123e-15 6.32629e-15 5.94094e-15 6.62949e-15 6.11065e-15 6.90416e-15 6.28034e-15 7.20839e-15 6.45003e-15 7.50184e-15 6.6197e-15 7.80467e-15 6.78937e-15
20.3079 2.06804e-19 2.06804e-19 2.56219e-27 1.23895e-08 -8.24328e-08 2.52317e-19 7.08184e-17 2.45094e-18 1.4164e-16 1.81394e-17 2.83294e-16 5.18409e-17 4.2496e-16 1.04306e-16 5.66637e-16 1.74697e-16 7.0832e-16 2.61178e-16 8.50007e-16 3.63324e-16 9.91697e-16 4.80187e-16 1.13339e-15 6.10487e-16 1.27508e-15 7.51119e-16 1.41677e-15 9.02555e-16 1.55846e-15 1.06545e-15 1.70014e-15 1.23723e-15 1.84182e-15 1.42025e-15 1.98349e-15 1.60684e-15 2.12515e-15 1.80635e-15 2.26681e-15 2.00409e-15 2.40846e-15 2.21898e-15 2.55011e-15 2.43542e-15 2.69174e-15 2.65961e-15 2.83336e-15 2.881e-15 2.97498e-15 3.11694e-15 3.11658e-15 3.35733e-15 3.25817e-15 3.60092e-15 3.39974e-15 3.84639e-15 3.54131e-15 4.09239e-15 3.68287e-15 4.35075e-15 3.8244e-15 4.60802e-15 3.96593e-15 4.86273e-15 4.10745e-15 5.12846e-15 4.24895e-15 5.38985e-15 4.39043e-15 5.66164e-15 4.5319e-15 5.94412e-15 4.67335e-15 6.22001e-15 4.81479e-15 6.4877e-15 4.95621e-15 6.78312e-15 5.09762e-15 7.05018e-15 5.23901e-15 7.34537e-15 5.38038e-15 7.62953e-15 5.52173e-15 7.92221e-15 5.66307e-15
21.3503 1.79101e-19 1.79101e-19 2.09989e-27 1.17246e-08 -9.58928e-08 4.39958e-19 6.23221e-17 3.82464e-18 1.24644e-16 2.56707e-17 2.49288e-16 6.96982e-17 3.73933e-16 1.35529e-16 4.98576e-16 2.21347e-16 6.23214e-16 3.24489e-16 7.47846e-16 4.44179e-16 8.72471e-16 5.7911e-16 9.97087e-16 7.27674e-16 1.12169e-15 8.86287e-16 1.24629e-15 1.05547e-15 1.37087e-15 1.23591e-15 1.49544e-15 1.42475e-15 1.61999e-15 1.62452e-15 1.74454e-15 1.82691e-15 1.86906e-15 2.04205e-15 1.99357e-15 2.25413e-15 2.11806e-15 2.48345e-15 2.24254e-15 2.71334e-15 2.367e-15 2.9504e-15 2.49145e-15 3.18356e-15 2.61587e-15 3.43107e-15 2.74028e-15 3.68231e-15 2.86467e-15 3.936e-15 2.98903e-15 4.19081e-15 3.11338e-15 4.44537e-15 3.23771e-15 4.71191e-15 3.36202e-15 4.97657e-15 3.48631e-15 5.23789e-15 3.61058e-15 5.50981e-15 3.73482e-15 5.7766e-15 3.85904e-15 6.05335e-15 3.98324e-15 6.3403e-15 4.10742e-15 6.61991e-15 4.23158e-15 6.89064e-15 4.35571e-15 7.18878e-15 4.47983e-15 7.45774e-15 4.60392e-15 7.75448e-15 4.72799e-15 8.03957e-15 4.85202e-15 8.33266e-15 4.97604e-15
22.4463 1.56919e-19 1.56919e-19 1.72104e-27 1.09677e-08 -1.0389e-07 7.4092e-19 5.51546e-17 5.79556e-18 1.10306e-16 3.54464e-17 2.20601e-16 9.16597e-17 3.30886e-16 1.72539e-16 4.4116e-16 2.75124e-16 5.51421e-16 3.95863e-16 6.61666e-16 5.33637e-16 7.71895e-16 6.86793e-16 8.82107e-16 8.53415e-16 9.92299e-16 1.02948e-15 1.10247e-15 1.21558e-15 1.21263e-15 1.41248e-15 1.32276e-15 1.61703e-15 1.43287e-15 1.83199e-15 1.54297e-15 2.04846e-15 1.65304e-15 2.27729e-15 1.76308e-15 2.5017e-15 1.8731e-15 2.74322e-15 1.98311e-15 2.98423e-15 2.09308e-15 3.23173e-15 2.20303e-15 3.4742e-15 2.31296e-15 3.73065e-15 2.42286e-15 3.99006e-15 2.53274e-15 4.25111e-15 2.64259e-15 4.51249e-15 2.75241e-15 4.77284e-15 2.86222e-15 5.04467e-15 2.97199e-15 5.31384e-15 3.08174e-15 5.57893e-15 3.19146e-15 5.85408e-15 3.30115e-15 6.12341e-15 3.41081e-15 6.40215e-15 3.52045e-15 6.69051e-15 3.63006e-15 6.97088e-15 3.73965e-15 7.24179e-15 3.8492e-15 7.53954e-15 3.95872e-15 7.80764e-15 4.06822e-15 8.10288e-15 4.1777e-15 8.386e-15 4.28713e-15 8.67657e-15 4.39654e-15
23.5984 1.3834e-19 1.3834e-19 1.4109e-27 1.01988e-08 -1.15666e-07 1.20133e-18 4.88328e-17 8.49906e-18 9.76599e-17 4.75827e-17 1.953e-16 1.17466e-16 2.92922e-16 2.14392e-16 3.90524e-16 3.34162e-16 4.88105e-16 4.72345e-16 5.85664e-16 6.27523e-16 6.83199e-16 7.97738e-16 7.8071e-16 9.80823e-16 8.78195e-16 1.17239e-15 9.75656e-16 1.37315e-15 1.07309e-15 1.58392e-15 1.1705e-15 1.80137e-15 1.26788e-15 2.02845e-15 1.36523e-15 2.2558e-15 1.46255e-15 2.49487e-15 1.55985e-15 2.72819e-15 1.65711e-15 2.97815e-15 1.75435e-15 3.22652e-15 1.85156e-15 3.48056e-15 1.94874e-15 3.72852e-15 2.04589e-15 3.98987e-15 2.14301e-15 4.25333e-15 2.2401e-15 4.51763e-15 2.33715e-15 4.78147e-15 2.43418e-15 5.04353e-15 2.53118e-15 5.3164e-15 2.62813e-15 5.5859e-15 2.72507e-15 5.85066e-15 2.82197e-15 6.12482e-15 2.91884e-15 6.39258e-15 3.01568e-15 6.66909e-15 3.11248e-15 6.95453e-15 3.20926e-15 7.23149e-15 3.306e-15 7.49859e-15 3.4027e-15 7.79159e-15 3.49938e-15 8.05493e-15 3.59603e-15 8.34441e-15 3.69264e-15 8.62154e-15 3.78921e-15 8.90549e-15 3.88576e-15
24.8097 1.22547e-19 1.22547e-19 1.15688e-27 9.4403e-09 -1.27292e-07 1.87676e-18 4.32027e-17 1.20679e-17 8.63976e-17 6.21134e-17 1.72768e-16 1.46719e-16 2.59113e-16 2.60033e-16 3.45432e-16 3.96614e-16 4.31723e-16 5.5123e-16 5.17985e-16 7.2224e-16 6.04218e-16 9.07456e-16 6.90422e-16 1.10453e-15 7.76594e-16 1.30881e-15 8.62736e-16 1.52116e-15 9.48846e-16 1.74246e-15 1.03492e-15 1.96928e-15 1.12097e-15 2.20472e-15 1.20698e-15 2.43917e-15 1.29296e-15 2.68444e-15 1.37891e-15 2.92272e-15 1.46482e-15 3.1769e-15 1.5507e-15 3.42843e-15 1.63655e-15 3.68473e-15 1.72236e-15 3.93402e-15 1.80814e-15 4.1959e-15 1.89388e-15 4.45904e-15 1.97959e-15 4.72223e-15 2.06526e-15 4.98422e-15 2.1509e-15 5.24374e-15 2.23651e-15 5.51327e-15 2.32207e-15 5.77881e-15 2.40761e-15 6.03908e-15 2.49311e-15 6.308e-15 2.57857e-15 6.57006e-15 2.66399e-15 6.84013e-15 2.74938e-15 7.11835e-15 2.83474e-15 7.38777e-15 2.92006e-15 7.64713e-15 3.00534e-15 7.93113e-15 3.09059e-15 8.18593e-15 3.1758e-15 8.46556e-15 3.26098e-15 8.73283e-15 3.34611e-15 9.00623e-15 3.43121e-15
26.0832 1.0901e-19 1.0901e-19 9.48493e-28 8.70098e-09 -1.34612e-07 2.82895e-18 3.81763e-17 1.66107e-17 7.63433e-17 7.89229e-17 1.52653e-16 1.78764e-16 2.28932e-16 3.08098e-16 3.05179e-16 4.60341e-16 3.81393e-16 6.29604e-16 4.57574e-16 8.14122e-16 5.3372e-16 1.01157e-15 6.09833e-16 1.2195e-15 6.85908e-16 1.43314e-15 7.61951e-16 1.65349e-15 8.37956e-16 1.88154e-15 9.13925e-16 2.11381e-15 9.89858e-16 2.35354e-15 1.06575e-15 2.59101e-15 1.14161e-15 2.83827e-15 1.21744e-15 3.07742e-15 1.29322e-15 3.33149e-15 1.36897e-15 3.58194e-15 1.44468e-15 3.83622e-15 1.52035e-15 4.08271e-15 1.59599e-15 4.34084e-15 1.67158e-15 4.59944e-15 1.74715e-15 4.85733e-15 1.82266e-15 5.11335e-15 1.89815e-15 5.36633e-15 1.97359e-15 5.62842e-15 2.049e-15 5.88601e-15 2.12437e-15 6.13794e-15 2.1997e-15 6.39768e-15 2.27499e-15 6.65029e-15 2.35024e-15 6.91011e-15 2.42545e-15 7.17724e-15 2.50063e-15 7.43545e-15 2.57577e-15 7.68359e-15 2.65086e-15 7.95482e-15 2.72592e-15 8.19778e-15 2.80094e-15 8.46399e-15 2.87593e-15 8.71803e-15 2.95086e-15 8.97751e-15 3.02577e-15
27.4221 9.73747e-20 9.73747e-20 7.77893e-28 7.98865e-09 -1.42718e-07 4.1226e-18 3.37019e-17 2.22024e-17 6.73933e-17 9.77624e-17 1.34748e-16 2.12772e-16 2.02067e-16 3.57096e-16 2.69351e-16 5.23197e-16 3.36596e-16 7.04721e-16 4.03805e-16 8.99899e-16 4.70975e-16 1.10637e-15 5.38108e-16 1.32169e-15 6.052e-16 1.54105e-15 6.72255e-16 1.76563e-15 7.3927e-16 1.99653e-15 8.06245e-16 2.23032e-15 8.73181e-16 2.47029e-15 9.40078e-16 2.70684e-15 1.00693e-15 2.95202e-15 1.07375e-15 3.18817e-15 1.14053e-15 3.43808e-15 1.20726e-15 3.68352e-15 1.27396e-15 3.93187e-15 1.34061e-15 4.17185e-15 1.40723e-15 4.4224e-15 1.4738e-15 4.67269e-15 1.54034e-15 4.92161e-15 1.60683e-15 5.1681e-15 1.67328e-15 5.41106e-15 1.7397e-15 5.66219e-15 1.80606e-15 5.90847e-15 1.8724e-15 6.14883e-15 1.93869e-15 6.39614e-15 2.00494e-15 6.63619e-15 2.07114e-15 6.88263e-15 2.13731e-15 7.13555e-15 2.20344e-15 7.37959e-15 2.26952e-15 7.61372e-15 2.33556e-15 7.86923e-15 2.40157e-15 8.09774e-15 2.46753e-15 8.34775e-15 2.53346e-15 8.58597e-15 2.59933e-15 8.82896e-15 2.66518e-15
28.8297 8.73258e-20 8.73258e-20 6.38047e-28 7.30651e-09 -1.42895e-07 5.81764e-18 2.97217e-17 2.88586e-17 5.94318e-17 1.182e-16 1.18822e-16 2.47672e-16 1.78172e-16 4.05296e-16 2.37482e-16 5.82853e-16 2.96752e-16 7.73752e-16 3.55982e-16 9.76339e-16 4.1517e-16 1.18832e-15 4.74317e-16 1.40733e-15 5.33422e-16 1.62868e-15 5.92486e-16 1.8537e-15 6.51507e-16 2.08362e-15 7.10487e-16 2.31508e-15 7.69424e-16 2.55145e-15 8.2832e-16 2.78335e-15 8.87174e-16 3.02268e-15 9.45983e-16 3.25229e-15 1.00475e-15 3.49438e-15 1.06348e-15 3.73131e-15 1.12216e-15 3.97027e-15 1.1808e-15 4.20048e-15 1.2394e-15 4.44016e-15 1.29796e-15 4.67892e-15 1.35647e-15 4.91577e-15 1.41494e-15 5.14973e-15 1.47337e-15 5.37982e-15 1.53176e-15 5.61712e-15 1.5901e-15 5.84935e-15 1.6484e-15 6.07553e-15 1.70666e-15 6.30782e-15 1.76488e-15 6.53288e-15 1.82305e-15 6.76352e-15 1.88118e-15 6.99981e-15 1.93927e-15 7.22742e-15 1.99732e-15 7.44545e-15 2.05532e-15 7.68302e-15 2.11329e-15 7.89517e-15 2.17121e-15 8.12696e-15 2.22909e-15 8.3475e-15 2.28692e-15 8.57215e-15 2.34471e-15
30.3095 7.86172e-20 7.86172e-20 5.23392e-28 6.65747e-09 -1.46557e-07 7.9631e-18 2.61874e-17 3.65303e-17 5.23625e-17 1.39671e-16 1.0468e-16 2.82283e-16 1.56955e-16 4.50967e-16 2.09187e-16 6.37142e-16 2.61377e-16 8.34218e-16 3.13523e-16 1.04077e-15 3.65626e-16 1.25467e-15 4.17685e-16 1.47372e-15 4.697e-16 1.69342e-15 5.21673e-16 1.91529e-15 5.736e-16 2.14063e-15 6.25484e-16 2.36627e-15 6.77323e-16 2.59557e-15 7.29119e-16 2.81954e-15 7.80872e-16 3.04973e-15 8.32578e-16 3.26975e-15 8.84242e-16 3.5009e-15 9.35863e-16 3.72639e-15 9.87437e-16 3.95311e-15 1.03897e-15 4.17091e-15 1.09046e-15 4.39705e-15 1.1419e-15 4.62174e-15 1.1933e-15 4.84409e-15 1.24466e-15 5.06321e-15 1.29597e-15 5.27825e-15 1.34724e-15 5.49957e-15 1.39846e-15 5.71571e-15 1.44965e-15 5.92584e-15 1.50078e-15 6.14125e-15 1.55188e-15 6.34959e-15 1.60293e-15 6.56274e-15 1.65394e-15 6.78074e-15 1.7049e-15 6.99041e-15 1.75582e-15 7.19095e-15 1.8067e-15 7.40915e-15 1.85753e-15 7.60374e-15 1.90833e-15 7.81604e-15 1.95908e-15 8.01778e-15 2.00978e-15 8.22301e-15 2.06044e-15
31.8653 7.10418e-20 7.10418e-20 4.29436e-28 6.04483e-09 -1.4656e-07 1.05888e-17 2.30531e-17 4.50943e-17 4.60934e-17 1.61489e-16 9.21395e-17 3.15365e-16 1.38141e-16 4.92437e-16 1.84098e-16 6.84108e-16 2.30009e-16 8.84026e-16 2.75876e-16 1.09109e-15 3.21697e-16 1.30342e-15 3.67474e-16 1.51905e-15 4.13204e-16 1.73374e-15 4.5889e-16 1.94919e-15 5.0453e-16 2.16678e-15 5.50125e-16 2.38355e-15 5.95674e-16 2.60281e-15 6.41179e-16 2.81607e-15 6.86639e-16 3.0344e-15 7.32051e-16 3.24234e-15 7.77419e-16 3.46009e-15 8.22744e-16 3.67182e-15 8.68021e-16 3.88409e-15 9.13256e-16 4.08746e-15 9.58446e-16 4.29808e-15 1.00359e-15 4.50684e-15 1.04869e-15 4.71294e-15 1.09374e-15 4.91562e-15 1.13875e-15 5.1141e-15 1.18372e-15 5.31797e-15 1.22864e-15 5.5167e-15 1.27352e-15 5.70955e-15 1.31835e-15 5.90691e-15 1.36314e-15 6.09748e-15 1.40788e-15 6.29215e-15 1.45258e-15 6.49093e-15 1.49724e-15 6.68183e-15 1.54185e-15 6.86416e-15 1.58642e-15 7.06227e-15 1.63094e-15 7.23871e-15 1.67543e-15 7.43096e-15 1.71987e-15 7.61342e-15 1.76426e-15 7.79882e-15 1.80861e-15
33.5009 6.44256e-20 6.44256e-20 3.52396e-28 5.46981e-09 -1.42201e-07 1.36983e-17 2.02762e-17 5.43524e-17 4.05392e-17 1.82896e-16 8.10294e-17 3.45697e-16 1.21473e-16 5.28201e-16 1.61871e-16 7.22135e-16 2.02222e-16 9.21591e-16 2.42527e-16 1.12587e-15 2.82785e-16 1.33339e-15 3.22998e-16 1.54245e-15 3.63162e-16 1.74919e-15 4.03282e-16 1.95541e-15 4.43355e-16 2.16256e-15 4.83381e-16 2.36794e-15 5.23362e-16 2.57476e-15 5.63296e-16 2.77511e-15 6.03185e-16 2.97949e-15 6.43026e-16 3.17347e-15 6.82822e-16 3.37597e-15 7.22574e-16 3.57229e-15 7.62278e-16 3.76856e-15 8.01939e-16 3.95612e-15 8.41554e-16 4.1499e-15 8.81122e-16 4.34152e-15 9.20647e-16 4.53028e-15 9.60123e-16 4.71553e-15 9.99558e-16 4.89658e-15 1.03895e-15 5.08221e-15 1.07829e-15 5.26283e-15 1.11759e-15 5.43782e-15 1.15685e-15 5.6166e-15 1.19606e-15 5.78896e-15 1.23522e-15 5.96476e-15 1.27435e-15 6.14402e-15 1.31343e-15 6.31592e-15 1.35246e-15 6.47989e-15 1.39145e-15 6.65782e-15 1.4304e-15 6.81608e-15 1.4693e-15 6.98833e-15 1.50816e-15 7.15161e-15 1.54698e-15 7.31732e-15 1.58575e-15
35.2205 5.86175e-20 5.86175e-20 2.8924e-28 4.93436e-09 -1.37687e-07 1.72611e-17 1.78159e-17 6.40331e-17 3.56184e-17 2.03085e-16 7.11868e-17 3.72126e-16 1.06707e-16 5.56963e-16 1.42181e-16 7.49954e-16 1.77607e-16 9.4581e-16 2.12986e-16 1.14427e-15 2.48318e-16 1.3441e-15 2.83603e-16 1.54389e-15 3.1884e-16 1.74018e-15 3.54031e-16 1.93487e-15 3.89174e-16 2.12944e-15 4.24271e-16 2.32146e-15 4.59321e-16 2.51402e-15 4.94325e-16 2.69987e-15 5.29283e-16 2.88877e-15 5.64193e-16 3.0675e-15 5.99057e-16 3.25352e-15 6.33877e-16 3.43336e-15 6.68649e-16 3.61269e-15 7.03377e-16 3.78364e-15 7.3806e-16 3.95985e-15 7.72696e-16 4.13372e-15 8.07288e-16 4.30464e-15 8.41832e-16 4.47204e-15 8.76334e-16 4.63536e-15 9.10792e-16 4.80251e-15 9.45201e-16 4.96487e-15 9.79571e-16 5.12192e-15 1.01389e-15 5.28213e-15 1.04817e-15 5.43636e-15 1.08241e-15 5.59344e-15 1.1166e-15 5.7534e-15 1.15075e-15 5.90657e-15 1.18485e-15 6.0525e-15 1.21891e-15 6.21066e-15 1.25292e-15 6.35117e-15 1.2869e-15 6.50392e-15 1.32083e-15 6.64856e-15 1.35471e-15 6.7952e-15 1.38856e-15
37.0284 5.3498e-20 5.3498e-20 2.37433e-28 4.43817e-09 -1.2322e-07 2.1213e-17 1.5638e-17 7.38161e-17 3.12625e-17 2.21297e-16 6.24743e-17 3.93708e-16 9.36376e-17 5.77813e-16 1.24753e-16 7.66858e-16 1.55821e-16 9.56293e-16 1.86841e-16 1.14631e-15 2.17813e-16 1.33604e-15 2.48739e-16 1.52437e-15 2.79615e-16 1.70827e-15 3.10446e-16 1.88967e-15 3.41229e-16 2.0701e-15 3.71965e-16 2.2474e-15 4.02655e-16 2.42449e-15 4.33298e-16 2.59479e-15 4.63895e-16 2.76733e-15 4.94444e-16 2.93008e-15 5.24948e-16 3.09899e-15 5.55408e-16 3.26185e-15 5.85819e-16 3.42385e-15 6.16187e-16 3.57793e-15 6.4651e-16 3.73641e-15 6.76786e-16 3.89245e-15 7.07018e-16 4.04555e-15 7.37203e-16 4.19523e-15 7.67346e-16 4.341e-15 7.97446e-16 4.48993e-15 8.27497e-16 4.63437e-15 8.57508e-16 4.77387e-15 8.87475e-16 4.91598e-15 9.17397e-16 5.05259e-15 9.47273e-16 5.19154e-15 9.77108e-16 5.33285e-15 1.0069e-15 5.468e-15 1.03665e-15 5.5966e-15 1.06635e-15 5.73582e-15 1.09602e-15 5.85936e-15 1.12564e-15 5.99353e-15 1.15522e-15 6.12043e-15 1.18475e-15 6.24896e-15 1.21425e-15
38.9291 4.89677e-20 4.89677e-20 1.94949e-28 3.98118e-09 -1.16216e-07 2.54557e-17 1.37118e-17 8.33504e-17 2.74101e-17 2.36858e-16 5.47691e-17 4.09739e-16 8.20793e-17 5.90232e-16 1.09342e-16 7.72654e-16 1.36556e-16 9.53268e-16 1.63722e-16 1.13271e-15 1.90841e-16 1.31044e-15 2.17912e-16 1.48568e-15 2.44935e-16 1.65579e-15 2.71912e-16 1.82275e-15 2.98841e-16 1.98804e-15 3.25724e-16 2.1498e-15 3.5256e-16 2.31078e-15 3.79351e-16 2.46505e-15 4.06095e-16 2.62087e-15 4.32792e-16 2.76743e-15 4.59444e-16 2.91913e-15 4.86052e-16 3.06503e-15 5.12613e-16 3.20982e-15 5.3913e-16 3.34723e-15 5.65603e-16 3.48828e-15 5.92029e-16 3.62689e-15 6.18412e-16 3.76264e-15 6.44749e-16 3.89511e-15 6.71044e-16 4.02392e-15 6.97296e-16 4.15532e-15 7.23501e-16 4.28256e-15 7.49666e-16 4.40528e-15 7.75787e-16 4.53011e-15 8.01865e-16 4.64997e-15 8.27897e-16 4.77172e-15 8.5389e-16 4.89539e-15 8.79841e-16 5.01352e-15 9.05749e-16 5.12581e-15 9.31611e-16 5.24723e-15 9.57436e-16 5.35487e-15 9.83219e-16 5.47164e-15 1.00896e-15 5.58199e-15 1.03466e-15 5.69364e-15 1.06032e-15
40.9273 4.49384e-20 4.49384e-20 1.60096e-28 3.56255e-09 -1.0196e-07 2.98578e-17 1.20084e-17 9.22683e-17 2.40032e-17 2.49193e-16 4.79555e-17 4.19744e-16 7.18589e-17 5.9403e-16 9.57145e-17 7.67548e-16 1.19522e-16 9.374e-16 1.43282e-16 1.10462e-15 1.66994e-16 1.269e-15 1.90659e-16 1.43004e-15 2.14277e-16 1.5855e-15 2.37848e-16 1.73734e-15 2.61373e-16 1.88703e-15 2.84851e-16 2.03295e-15 3.08283e-16 2.17765e-15 3.3167e-16 2.31588e-15 3.55012e-16 2.45508e-15 3.78307e-16 2.58566e-15 4.01557e-16 2.72049e-15 4.24764e-16 2.84985e-15 4.47924e-16 2.97794e-15 4.71042e-16 3.09927e-15 4.94116e-16 3.22356e-15 5.17144e-16 3.34547e-15 5.4013e-16 3.46466e-15 5.6307e-16 3.58079e-15 5.8597e-16 3.69353e-15 6.08827e-16 3.80837e-15 6.31638e-16 3.91941e-15 6.54411e-16 4.02637e-15 6.7714e-16 4.13503e-15 6.99828e-16 4.23922e-15 7.2247e-16 4.34495e-15 7.45074e-16 4.4522e-15 7.67637e-16 4.55455e-15 7.90158e-16 4.65173e-15 8.12635e-16 4.75671e-15 8.35076e-16 4.84968e-15 8.57475e-16 4.95044e-15 8.79835e-16 5.04557e-15 9.02149e-16 5.14174e-15 9.24428e-16
43.0281 4.13388e-20 4.13388e-20 1.31487e-28 3.18071e-09 -9.38925e-08 3.42658e-17 1.05029e-17 1.00222e-16 2.09923e-17 2.57896e-16 4.1934e-17 4.23546e-16 6.28271e-17 5.89416e-16 8.36728e-17 7.52218e-16 1.04471e-16 9.09868e-16 1.25221e-16 1.06375e-15 1.45925e-16 1.21393e-15 1.66582e-16 1.36017e-15 1.87192e-16 1.50061e-15 2.07756e-16 1.63716e-15 2.28274e-16 1.77123e-15 2.48747e-16 1.90144e-15 2.69174e-16 2.03013e-15 2.89557e-16 2.1527e-15 3.09895e-16 2.27579e-15 3.30188e-16 2.39097e-15 3.50436e-16 2.5096e-15 3.70642e-16 2.62318e-15 3.90803e-16 2.73541e-15 4.10922e-16 2.8415e-15 4.30998e-16 2.94999e-15 4.51029e-16 3.05623e-15 4.7102e-16 3.15991e-15 4.90965e-16 3.26078e-15 5.10871e-16 3.35857e-15 5.30736e-16 3.45804e-15 5.50556e-16 3.55409e-15 5.70338e-16 3.64649e-15 5.90078e-16 3.74025e-15 6.09778e-16 3.83005e-15 6.29434e-16 3.92107e-15 6.49052e-16 4.01331e-15 6.68631e-16 4.10123e-15 6.88169e-16 4.18463e-15 7.07665e-16 4.27464e-15 7.27125e-16 4.35428e-15 7.46545e-16 4.44052e-15 7.65927e-16 4.52186e-15 7.85266e-16 4.60402e-15 8.0457e-16
45.2368 3.81091e-20 3.81091e-20 1.08015e-28 2.83435e-09 -6.62309e-08 3.85129e-17 9.17327e-18 1.06904e-16 1.83333e-17 2.62737e-16 3.66167e-17 4.2125e-16 5.48519e-17 5.7694e-16 7.30402e-17 7.277e-16 9.11812e-17 8.72206e-16 1.09276e-16 1.01211e-15 1.27324e-16 1.14774e-15 1.45326e-16 1.27905e-15 1.63282e-16 1.40453e-15 1.81194e-16 1.52602e-15 1.9906e-16 1.64483e-15 2.16881e-16 1.75984e-15 2.34658e-16 1.87314e-15 2.52392e-16 1.98075e-15 2.70082e-16 2.08854e-15 2.87727e-16 2.18915e-15 3.0533e-16 2.29256e-15 3.22891e-16 2.39135e-15 3.40408e-16 2.48877e-15 3.57883e-16 2.58071e-15 3.75318e-16 2.67456e-15 3.92709e-16 2.76631e-15 4.1006e-16 2.85573e-15 4.27368e-16 2.94259e-15 4.44638e-16 3.02667e-15 4.61867e-16 3.1121e-15 4.79053e-16 3.19448e-15 4.96203e-16 3.27364e-15 5.13312e-16 3.35388e-15 5.30381e-16 3.43064e-15 5.47409e-16 3.50837e-15 5.644e-16 3.58705e-15 5.81353e-16 3.66198e-15 5.98268e-16 3.733e-15 6.15141e-16 3.80956e-15 6.3198e-16 3.87725e-15 6.4878e-16 3.95049e-15 6.65544e-16 4.01951e-15 6.82267e-16 4.08917e-15 6.98956e-16
47.5588 3.51984e-20 3.51984e-20 8.8755e-29 2.52156e-09 -5.78876e-08 4.24305e-17 7.9999e-18 1.12066e-16 1.59869e-17 2.63662e-16 3.19245e-17 4.13201e-16 4.78147e-17 5.57413e-16 6.36587e-17 6.95286e-16 7.94563e-17 8.2617e-16 9.52082e-17 9.51917e-16 1.10915e-16 1.07305e-15 1.26576e-16 1.18969e-15 1.42193e-16 1.30063e-15 1.57766e-16 1.40761e-15 1.73294e-16 1.51186e-15 1.88779e-16 1.61244e-15 2.04221e-16 1.71125e-15 2.1962e-16 1.80484e-15 2.34977e-16 1.89834e-15 2.5029e-16 1.98543e-15 2.65562e-16 2.07476e-15 2.80794e-16 2.15992e-15 2.95983e-16 2.24376e-15 3.11132e-16 2.32274e-15 3.26241e-16 2.40324e-15 3.41309e-16 2.48182e-15 3.56338e-16 2.55828e-15 3.71325e-16 2.63246e-15 3.86275e-16 2.70418e-15 4.01186e-16 2.77695e-15 4.16056e-16 2.84705e-15 4.3089e-16 2.91433e-15 4.45686e-16 2.98245e-15 4.60443e-16 3.04756e-15 4.75161e-16 3.11343e-15 4.89843e-16 3.18004e-15 5.04489e-16 3.24341e-15 5.19098e-16 3.30342e-15 5.33668e-16 3.36806e-15 5.48204e-16 3.42517e-15 5.62704e-16 3.48691e-15 5.77169e-16 3.54505e-15 5.91594e-16 3.60369e-15 6.05987e-16
50 3.25631e-20 3.25631e-20 7.2934e-29 2.23978e-09 -2.50857e-08 4.58597e-17 6.96516e-18 1.15534e-16 1.39177e-17 2.60788e-16 2.7787e-17 3.99946e-16 4.161e-17 5.31845e-16 5.53876e-17 6.56431e-16 6.91198e-17 7.73629e-16 8.28073e-17 8.85415e-16 9.64504e-17 9.92455e-16 1.1005e-16 1.095e-15 1.23605e-16 1.19212e-15 1.37118e-16 1.2854e-15 1.50588e-16 1.376e-15 1.64016e-16 1.46315e-15 1.77402e-16 1.54852e-15 1.90746e-16 1.62918e-15 2.0405e-16 1.70959e-15 2.17312e-16 1.78431e-15 2.30533e-16 1.86081e-15 2.43716e-16 1.93361e-15 2.56858e-16 2.00516e-15 2.69961e-16 2.07245e-15 2.83026e-16 2.14093e-15 2.9605e-16 2.20769e-15 3.09038e-16 2.27256e-15 3.21985e-16 2.33541e-15 3.34897e-16 2.3961e-15 3.47771e-16 2.45762e-15 3.60607e-16 2.51681e-15 3.73408e-16 2.57356e-15 3.86171e-16 2.63097e-15 3.98899e-16 2.68579e-15 4.11589e-16 2.74119e-15 4.24245e-16 2.79716e-15 4.36866e-16 2.85038e-15 4.49451e-16 2.90072e-15 4.62e-16 2.95492e-15 4.74517e-16 3.00275e-15 4.86999e-16 3.05443e-15 4.99447e-16 3.10307e-15 5.11859e-16 3.15209e-15 5.2424e-16
52.5665 3.01672e-20 3.01672e-20 5.99463e-29 1.98713e-09 1.24665e-08 4.86644e-17 6.05365e-18 1.17219e-16 1.2095e-17 2.54386e-16 2.41428e-17 3.82205e-16 3.61453e-17 5.01389e-16 4.81034e-17 6.12689e-16 6.00174e-17 7.16494e-16 7.18878e-17 8.14833e-16 8.37151e-17 9.08466e-16 9.55e-17 9.97741e-16 1.07242e-16 1.08194e-15 1.18943e-16 1.16253e-15 1.30603e-16 1.24056e-15 1.42221e-16 1.31539e-15 1.538e-16 1.38851e-15 1.65338e-16 1.45743e-15 1.76837e-16 1.52599e-15 1.88296e-16 1.58958e-15 1.99716e-16 1.65456e-15 2.11099e-16 1.71629e-15 2.22442e-16 1.77686e-15 2.33749e-16 1.83375e-15 2.45018e-16 1.89156e-15 2.5625e-16 1.94783e-15 2.67445e-16 2.00245e-15 2.78603e-16 2.05531e-15 2.89727e-16 2.1063e-15 3.00815e-16 2.15792e-15 3.11865e-16 2.20754e-15 3.22883e-16 2.25507e-15 3.33866e-16 2.3031e-15 3.44814e-16 2.34893e-15 3.55727e-16 2.3952e-15 3.66607e-16 2.44192e-15 3.77454e-16 2.48629e-15 3.88268e-16 2.52824e-15 3.99046e-16 2.57337e-15 4.09795e-16 2.61317e-15 4.20511e-16 2.65614e-15 4.31195e-16 2.69656e-15 4.41844e-16 2.73726e-15 4.52464e-16
55.2648 2.79799e-20 2.79799e-20 4.92774e-29 1.76117e-09 5.2014e-08 5.07385e-17 5.25159e-18 1.17116e-16 1.04912e-17 2.44852e-16 2.09365e-17 3.60797e-16 3.13377e-17 4.67249e-16 4.16957e-17 5.65598e-16 5.20109e-17 6.56587e-16 6.22838e-17 7.42233e-16 7.2515e-17 8.2335e-16 8.27052e-17 9.00345e-16 9.28542e-17 9.72684e-16 1.02964e-16 1.04169e-15 1.13033e-16 1.1083e-15 1.23063e-16 1.17202e-15 1.33054e-16 1.23412e-15 1.43007e-16 1.29254e-15 1.52922e-16 1.35052e-15 1.62799e-16 1.40421e-15 1.72639e-16 1.45897e-15 1.82442e-16 1.51092e-15 1.92209e-16 1.56181e-15 2.0194e-16 1.60954e-15 2.11636e-16 1.65798e-15 2.21296e-16 1.70508e-15 2.30922e-16 1.75074e-15 2.40512e-16 1.79487e-15 2.50069e-16 1.8374e-15 2.59592e-16 1.88041e-15 2.69081e-16 1.92172e-15 2.78538e-16 1.96126e-15 2.87962e-16 2.00118e-15 2.97353e-16 2.03923e-15 3.0671e-16 2.07762e-15 3.16038e-16 2.11635e-15 3.25334e-16 2.15311e-15 3.34598e-16 2.18784e-15 3.43829e-16 2.22518e-15 3.53033e-16 2.25809e-15 3.62205e-16 2.29359e-15 3.71347e-16 2.32696e-15 3.80457e-16 2.36055e-15 3.8954e-16
58.1015 2.59748e-20 2.59748e-20 4.05131e-29 1.55971e-09 5.92743e-08 5.20135e-17 4.54673e-18 1.15297e-16 9.08185e-18 2.32672e-16 1.81192e-17 3.36594e-16 2.71137e-17 4.30626e-16 3.60664e-17 5.16627e-16 4.49777e-17 5.9559e-16 5.38482e-17 6.69471e-16 6.26785e-17 7.39099e-16 7.14692e-17 8.0491e-16 8.02205e-17 8.6652e-16 8.89336e-17 9.25107e-16 9.76082e-17 9.81504e-16 1.06245e-16 1.03531e-15 1.14845e-16 1.08765e-15 1.23408e-16 1.13677e-15 1.31936e-16 1.18544e-15 1.40427e-16 1.23042e-15 1.48882e-16 1.27623e-15 1.57304e-16 1.31962e-15 1.6569e-16 1.36207e-15 1.74042e-16 1.40183e-15 1.82361e-16 1.44214e-15 1.90646e-16 1.48128e-15 1.98899e-16 1.51919e-15 2.07118e-16 1.55579e-15 2.15305e-16 1.59103e-15 2.23462e-16 1.62663e-15 2.31585e-16 1.6608e-15 2.39678e-16 1.69346e-15 2.4774e-16 1.72642e-15 2.55772e-16 1.75782e-15 2.63772e-16 1.78947e-15 2.71744e-16 1.82138e-15 2.79686e-16 1.85164e-15 2.87599e-16 1.88022e-15 2.95481e-16 1.91092e-15 3.03336e-16 1.93796e-15 3.11163e-16 1.96712e-15 3.18962e-16 1.99451e-15 3.26731e-16 2.02206e-15 3.34474e-16
61.0839 2.413e-20 2.413e-20 3.3312e-29 1.38052e-09 7.78735e-08 5.24612e-17 3.92822e-18 1.11909e-16 7.84523e-18 2.18389e-16 1.56474e-17 3.10473e-16 2.34082e-17 3.92659e-16 3.11287e-17 4.67115e-16 3.88092e-17 5.34993e-16 4.64504e-17 5.98145e-16 5.40531e-17 6.57385e-16 6.16179e-17 7.13159e-16 6.91448e-17 7.65196e-16 7.66353e-17 8.14537e-16 8.40891e-17 8.61909e-16 9.1507e-17 9.07003e-16 9.88896e-17 9.50766e-16 1.06237e-16 9.91764e-16 1.13551e-16 1.03232e-15 1.2083e-16 1.06974e-15 1.28076e-16 1.10779e-15 1.35289e-16 1.14378e-15 1.42469e-16 1.17895e-15 1.49617e-16 1.21184e-15 1.56734e-16 1.24516e-15 1.63819e-16 1.27747e-15 1.70873e-16 1.30873e-15 1.77895e-16 1.33889e-15 1.84889e-16 1.3679e-15 1.91852e-16 1.39719e-15 1.98785e-16 1.42526e-15 2.0569e-16 1.45209e-15 2.12566e-16 1.47914e-15 2.19413e-16 1.50488e-15 2.26231e-16 1.53082e-15 2.33022e-16 1.55695e-15 2.39786e-16 1.58172e-15 2.46522e-16 1.60509e-15 2.5323e-16 1.63018e-15 2.59913e-16 1.65227e-15 2.6657e-16 1.67608e-15 2.732e-16 1.69843e-15 2.79803e-16 1.72091e-15 2.86382e-16
64.2193 2.24264e-20 2.24264e-20 2.73928e-29 1.22145e-09 9.95016e-08 5.20926e-17 3.38633e-18 1.07149e-16 6.76186e-18 2.02566e-16 1.34822e-17 2.83271e-16 2.01627e-17 3.54377e-16 2.68044e-17 4.18225e-16 3.34077e-17 4.76045e-16 3.99735e-17 5.29557e-16 4.65023e-17 5.79536e-16 5.2995e-17 6.26418e-16 5.94516e-17 6.70023e-16 6.58734e-17 7.11255e-16 7.22605e-17 7.50746e-16 7.86135e-17 7.88257e-16 8.49331e-17 8.24589e-16 9.12196e-17 8.58565e-16 9.7474e-17 8.92118e-16 1.03696e-16 9.23033e-16 1.09886e-16 9.54427e-16 1.16046e-16 9.84081e-16 1.22174e-16 1.01302e-15 1.28273e-16 1.04006e-15 1.34342e-16 1.06742e-15 1.40381e-16 1.09393e-15 1.46392e-16 1.11955e-15 1.52373e-16 1.14424e-15 1.58327e-16 1.16798e-15 1.64253e-16 1.19192e-15 1.7015e-16 1.21486e-15 1.76022e-16 1.23676e-15 1.81866e-16 1.25882e-15 1.87684e-16 1.27981e-15 1.93475e-16 1.30094e-15 1.99241e-16 1.32221e-15 2.04981e-16 1.34237e-15 2.10696e-16 1.36137e-15 2.16385e-16 1.38177e-15 2.22051e-16 1.39971e-15 2.27692e-16 1.41905e-15 2.3331e-16 1.43719e-15 2.38902e-16 1.45542e-15 2.44471e-16
67.5157 2.08475e-20 2.08475e-20 2.25263e-29 1.08053e-09 1.03058e-07 5.09543e-17 2.91233e-18 1.01252e-16 5.81429e-18 1.85752e-16 1.15887e-17 2.55743e-16 1.73248e-17 3.16668e-16 2.30238e-17 3.7092e-16 2.8686e-17 4.19744e-16 3.43124e-17 4.64709e-16 3.99037e-17 5.06536e-16 4.54605e-17 5.45637e-16 5.09831e-17 5.81898e-16 5.64729e-17 6.16099e-16 6.19297e-17 6.48782e-16 6.73543e-17 6.79764e-16 7.27475e-17 7.09718e-16 7.81096e-17 7.37683e-16 8.34414e-17 7.65257e-16 8.87426e-17 7.9063e-16 9.40144e-17 8.16362e-16 9.92576e-17 8.40638e-16 1.04472e-16 8.64303e-16 1.09658e-16 8.86395e-16 1.14816e-16 9.08722e-16 1.19947e-16 9.30336e-16 1.25051e-16 9.51207e-16 1.30128e-16 9.71308e-16 1.35179e-16 9.90613e-16 1.40205e-16 1.01007e-15 1.45204e-16 1.0287e-15 1.50179e-16 1.04647e-15 1.55129e-16 1.06437e-15 1.60055e-16 1.08138e-15 1.64955e-16 1.0985e-15 1.69833e-16 1.11573e-15 1.74687e-16 1.13204e-15 1.79518e-16 1.14741e-15 1.84325e-16 1.1639e-15 1.89111e-16 1.1784e-15 1.93875e-16 1.19402e-15 1.98616e-16 1.20866e-15 2.03334e-16 1.22337e-15 2.08032e-16
70.9813 1.93819e-20 1.93819e-20 1.8527e-29 9.55891e-10 1.15987e-07 4.91308e-17 2.49882e-18 9.4488e-17 4.98773e-18 1.68487e-16 9.93724e-18 2.28586e-16 1.48501e-17 2.8031e-16 1.97274e-17 3.26011e-16 2.45699e-17 3.66902e-16 2.93782e-17 4.04388e-16 3.41532e-17 4.39127e-16 3.88956e-17 4.71499e-16 4.36057e-17 5.01437e-16 4.82847e-17 5.29609e-16 5.29328e-17 5.56474e-16 5.75507e-17 5.81893e-16 6.2139e-17 6.06427e-16 6.66982e-17 6.29297e-16 7.12292e-17 6.51815e-16 7.57316e-17 6.7251e-16 8.02065e-17 6.93472e-16 8.46548e-17 7.13227e-16 8.9076e-17 7.32464e-16 9.34714e-17 7.50406e-16 9.78411e-17 7.68521e-16 1.02185e-16 7.86044e-16 1.06504e-16 8.02951e-16 1.10798e-16 8.19221e-16 1.15069e-16 8.34836e-16 1.19316e-16 8.50564e-16 1.23539e-16 8.65612e-16 1.27739e-16 8.79961e-16 1.31917e-16 8.94399e-16 1.36072e-16 9.08118e-16 1.40204e-16 9.21915e-16 1.44315e-16 9.35791e-16 1.48405e-16 9.48921e-16 1.52474e-16 9.61293e-16 1.56521e-16 9.74554e-16 1.60548e-16 9.86213e-16 1.64555e-16 9.98761e-16 1.68542e-16 1.01052e-15 1.72508e-16 1.02234e-15 1.76455e-16
74.6248 1.80165e-20 1.80165e-20 1.52372e-29 8.45733e-10 1.03516e-07 4.67202e-17 2.13866e-18 8.71134e-17 4.26785e-18 1.51221e-16 8.4992e-18 2.02334e-16 1.26956e-17 2.4586e-16 1.68582e-17 2.84039e-16 2.09876e-17 3.18016e-16 2.50848e-17 3.4903e-16 2.91504e-17 3.77671e-16 3.31854e-17 4.04281e-16 3.719e-17 4.28829e-16 4.11655e-17 4.51878e-16 4.51119e-17 4.73816e-16 4.90302e-17 4.94536e-16 5.29208e-17 5.14504e-16 5.67843e-17 5.33091e-16 6.06216e-17 5.51369e-16 6.44323e-17 5.68147e-16 6.82177e-17 5.85123e-16 7.19783e-17 6.01105e-16 7.57138e-17 6.16652e-16 7.94256e-17 6.3114e-16 8.31137e-17 6.45757e-16 8.6778e-17 6.59884e-16 9.04199e-17 6.73504e-16 9.40385e-17 6.86602e-16 9.76357e-17 6.99164e-16 1.01211e-16 7.1181e-16 1.04764e-16 7.23901e-16 1.08297e-16 7.35424e-16 1.1181e-16 7.47013e-16 1.15301e-16 7.58019e-16 1.18772e-16 7.69082e-16 1.22224e-16 7.80202e-16 1.25656e-16 7.9072e-16 1.29069e-16 8.00626e-16 1.32462e-16 8.1124e-16 1.35838e-16 8.20567e-16 1.39195e-16 8.30602e-16 1.42534e-16 8.40006e-16 1.45854e-16 8.49447e-16 1.49157e-16
78.4553 1.67431e-20 1.67431e-20 1.25333e-29 7.48565e-10 9.63034e-08 4.38438e-17 1.82585e-18 7.93908e-17 3.64267e-18 1.34365e-16 7.25056e-18 1.77443e-16 1.08252e-17 2.13766e-16 1.43678e-17 2.45411e-16 1.78791e-17 2.73432e-16 2.13599e-17 2.98909e-16 2.48111e-17 3.22359e-16 2.82336e-17 3.44087e-16 3.16276e-17 3.64085e-16 3.49944e-17 3.82823e-16 3.83341e-17 4.00626e-16 4.16477e-17 4.17415e-16 4.49356e-17 4.33569e-16 4.81984e-17 4.48587e-16 5.14368e-17 4.63338e-16 5.46509e-17 4.76863e-16 5.78415e-17 4.90534e-16 6.10093e-17 5.03392e-16 6.41542e-17 5.15891e-16 6.72772e-17 5.27527e-16 7.03785e-17 5.39258e-16 7.34581e-17 5.50588e-16 7.65172e-17 5.61504e-16 7.95551e-17 5.71994e-16 8.25734e-17 5.82049e-16 8.5572e-17 5.92166e-16 8.85504e-17 6.01833e-16 9.15105e-17 6.11041e-16 9.44516e-17 6.20298e-16 9.73742e-17 6.29084e-16 1.00278e-16 6.37912e-16 1.03164e-16 6.46781e-16 1.06033e-16 6.55167e-16 1.08885e-16 6.63061e-16 1.11719e-16 6.71517e-16 1.14536e-16 6.78945e-16 1.17338e-16 6.86933e-16 1.20123e-16 6.94416e-16 1.22891e-16 7.01926e-16 1.25644e-16
82.4824 1.55519e-20 1.55519e-20 1.03094e-29 6.62903e-10 8.21547e-08 4.06217e-17 1.55468e-18 7.15482e-17 3.10077e-18 1.18229e-16 6.16851e-18 1.5422e-16 9.20476e-18 1.84289e-16 1.22107e-17 2.10322e-16 1.51872e-17 2.33265e-16 1.81351e-17 2.54048e-16 2.10553e-17 2.73121e-16 2.39486e-17 2.90748e-16 2.68154e-17 3.06937e-16 2.9657e-17 3.22078e-16 3.24734e-17 3.36438e-16 3.52657e-17 3.49961e-16 3.80342e-17 3.62956e-16 4.07797e-17 3.75021e-16 4.35027e-17 3.86859e-16 4.62034e-17 3.97702e-16 4.88826e-17 4.08653e-16 5.15409e-17 4.18943e-16 5.41783e-17 4.28937e-16 5.67958e-17 4.38234e-16 5.93935e-17 4.47601e-16 6.19715e-17 4.56641e-16 6.45308e-17 4.65346e-16 6.7071e-17 4.73706e-16 6.95935e-17 4.81715e-16 7.20981e-17 4.89769e-16 7.45845e-17 4.9746e-16 7.70544e-17 5.04784e-16 7.95071e-17 5.12142e-16 8.19433e-17 5.19123e-16 8.43624e-17 5.26134e-16 8.67662e-17 5.33176e-16 8.91542e-17 5.39831e-16 9.15267e-17 5.46094e-16 9.38832e-17 5.52799e-16 9.62255e-17 5.58687e-16 9.8553e-17 5.65018e-16 1.00866e-16 5.70947e-16 1.03164e-16 5.76894e-16 1.05448e-16
86.7162 1.44367e-20 1.44367e-20 8.4794e-30 5.8735e-10 8.86601e-08 3.71791e-17 1.32027e-18 6.37944e-17 2.63241e-18 1.03065e-16 5.23353e-18 1.32888e-16 7.80492e-18 1.57591e-16 1.03478e-17 1.78853e-16 1.28631e-17 1.97511e-16 1.53516e-17 2.14355e-16 1.78143e-17 2.2977e-16 2.0252e-17 2.43983e-16 2.26652e-17 2.5701e-16 2.5055e-17 2.69173e-16 2.74218e-17 2.80691e-16 2.97662e-17 2.91523e-16 3.20889e-17 3.01918e-16 3.43904e-17 3.1156e-16 3.66715e-17 3.2101e-16 3.89321e-17 3.29658e-16 4.11732e-17 3.38384e-16 4.33953e-17 3.46578e-16 4.55984e-17 3.54529e-16 4.77835e-17 3.61922e-16 4.99507e-17 3.69364e-16 5.21001e-17 3.76543e-16 5.42326e-17 3.83451e-16 5.6348e-17 3.90082e-16 5.84474e-17 3.96431e-16 6.05308e-17 4.02813e-16 6.25978e-17 4.08905e-16 6.46501e-17 4.14702e-16 6.6687e-17 4.20525e-16 6.87091e-17 4.26047e-16 7.07161e-17 4.31591e-16 7.27093e-17 4.37157e-16 7.46885e-17 4.42415e-16 7.66539e-17 4.47362e-16 7.86052e-17 4.52656e-16 8.05438e-17 4.57304e-16 8.24693e-17 4.623e-16 8.4382e-17 4.66976e-16 8.62813e-17 4.71667e-16 8.81688e-17
91.1674 1.33923e-20 1.33923e-20 6.97379e-30 5.20733e-10 6.95525e-08 3.36333e-17 1.11825e-18 5.63033e-17 2.22881e-18 8.90492e-17 4.42807e-18 1.13569e-16 6.59935e-18 1.33718e-16 8.74391e-18 1.50967e-16 1.08627e-17 1.66043e-16 1.29566e-17 1.7961e-16 1.50265e-17 1.91994e-16 1.70733e-17 2.03388e-16 1.90976e-17 2.13812e-16 2.11003e-17 2.23529e-16 2.30819e-17 2.32718e-16 2.50431e-17 2.41349e-16 2.69844e-17 2.49622e-16 2.89065e-17 2.57288e-16 3.081e-17 2.64794e-16 3.26949e-17 2.71658e-16 3.45622e-17 2.78578e-16 3.64123e-17 2.8507e-16 3.82453e-17 2.91366e-16 4.0062e-17 2.97217e-16 4.18627e-17 3.03103e-16 4.36475e-17 3.08777e-16 4.54171e-17 3.14235e-16 4.71714e-17 3.19471e-16 4.89114e-17 3.24482e-16 5.06371e-17 3.29517e-16 5.23483e-17 3.34321e-16 5.40464e-17 3.38891e-16 5.57308e-17 3.43479e-16 5.7402e-17 3.47828e-16 5.90599e-17 3.52194e-16 6.07056e-17 3.56574e-16 6.2339e-17 3.60712e-16 6.39601e-17 3.64603e-16 6.55687e-17 3.68766e-16 6.71663e-17 3.7242e-16 6.87522e-17 3.76346e-16 7.03269e-17 3.8002e-16 7.18899e-17 3.83705e-16 7.34425e-17
95.847 1.24139e-20 1.24139e-20 5.73523e-30 4.62002e-10 7.34585e-08 3.00885e-17 9.44656e-19 4.921e-17 1.88206e-18 7.62883e-17 3.73628e-18 9.62998e-17 5.56427e-18 1.12623e-16 7.36729e-18 1.26527e-16 9.14633e-18 1.38635e-16 1.09023e-17 1.49499e-16 1.26363e-17 1.59392e-16 1.43489e-17 1.68477e-16 1.60409e-17 1.76773e-16 1.77131e-17 1.84496e-16 1.93661e-17 1.9179e-16 2.10005e-17 1.98632e-16 2.2617e-17 2.05185e-16 2.42159e-17 2.1125e-16 2.57981e-17 2.17185e-16 2.73636e-17 2.22606e-16 2.89132e-17 2.28069e-16 3.04475e-17 2.3319e-16 3.19663e-17 2.38154e-16 3.34707e-17 2.42763e-16 3.49607e-17 2.47398e-16 3.64365e-17 2.51864e-16 3.78989e-17 2.56157e-16 3.93476e-17 2.60275e-16 4.07837e-17 2.64213e-16 4.22071e-17 2.68168e-16 4.36177e-17 2.71941e-16 4.50166e-17 2.75528e-16 4.64035e-17 2.79129e-16 4.77788e-17 2.82541e-16 4.91424e-17 2.85964e-16 5.04953e-17 2.89399e-16 5.18373e-17 2.92641e-16 5.31686e-17 2.9569e-16 5.4489e-17 2.98951e-16 5.57997e-17 3.01812e-16 5.71002e-17 3.04886e-16 5.83909e-17 3.07762e-16 5.96714e-17 3.10645e-16 6.09429e-17
100.767 1.14955e-20 1.14955e-20 4.71535e-30 4.10192e-10 9.37224e-08 2.66286e-17 7.95801e-19 4.26059e-17 1.58478e-18 6.48179e-17 3.14342e-18 8.10342e-17 4.67754e-18 9.41717e-17 6.18845e-18 1.05311e-16 7.67716e-18 1.14977e-16 9.14465e-18 1.23628e-16 1.05918e-17 1.31488e-16 1.20196e-17 1.38692e-16 1.34284e-17 1.45262e-16 1.48194e-17 1.51368e-16 1.61929e-17 1.57129e-16 1.75496e-17 1.62527e-16 1.88901e-17 1.67692e-16 2.02149e-17 1.72469e-16 2.15246e-17 1.77139e-16 2.28194e-17 1.81402e-16 2.41e-17 1.85694e-16 2.53669e-17 1.89716e-16 2.66201e-17 1.93612e-16 2.78604e-17 1.97228e-16 2.9088e-17 2.00862e-16 3.0303e-17 2.04362e-16 3.15062e-17 2.07725e-16 3.26974e-17 2.10949e-16 3.38773e-17 2.14032e-16 3.50462e-17 2.17126e-16 3.62038e-17 2.20077e-16 3.73511e-17 2.22881e-16 3.8488e-17 2.25696e-16 3.96147e-17 2.28362e-16 4.07311e-17 2.31036e-16 4.18382e-17 2.33718e-16 4.29359e-17 2.36249e-16 4.40242e-17 2.38629e-16 4.51031e-17 2.41173e-16 4.61734e-17 2.43405e-16 4.7235e-17 2.45802e-16 4.82881e-17 2.48045e-16 4.93324e-17 2.50292e-16 5.03689e-17
105.939 1.06366e-20 1.06366e-20 3.87758e-30 3.64551e-10 8.02126e-08 2.33314e-17 6.68741e-19 3.65668e-17 1.33108e-18 5.46536e-17 2.63768e-18 6.77099e-17 3.92144e-18 7.82207e-17 5.1837e-18 8.70946e-17 6.4255e-18 9.4771e-17 7.64784e-18 1.01624e-16 8.85162e-18 1.07839e-16 1.00377e-17 1.13525e-16 1.12067e-17 1.18703e-16 1.23595e-17 1.2351e-16 1.34965e-17 1.28039e-16 1.46184e-17 1.3228e-16 1.57259e-17 1.36334e-16 1.68193e-17 1.4008e-16 1.78992e-17 1.43739e-16 1.89659e-17 1.47078e-16 2.002e-17 1.50437e-16 2.10619e-17 1.53583e-16 2.20917e-17 1.56629e-16 2.31102e-17 1.59455e-16 2.41175e-17 1.62293e-16 2.51137e-17 1.65026e-16 2.60995e-17 1.6765e-16 2.70747e-17 1.70165e-16 2.80402e-17 1.72569e-16 2.8996e-17 1.74981e-16 2.9942e-17 1.77281e-16 3.0879e-17 1.79466e-16 3.18069e-17 1.81657e-16 3.2726e-17 1.83733e-16 3.36362e-17 1.85815e-16 3.45383e-17 1.87902e-16 3.54322e-17 1.89871e-16 3.63181e-17 1.91722e-16 3.71958e-17 1.93701e-16 3.80662e-17 1.95436e-16 3.8929e-17 1.97299e-16 3.97845e-17 1.99042e-16 4.06324e-17 2.00788e-16 4.14736e-17
111.377 9.83066e-21 9.83066e-21 3.1875e-30 3.2424e-10 7.63789e-08 2.02423e-17 5.60427e-19 3.11141e-17 1.11486e-18 4.57361e-17 2.20686e-18 5.61814e-17 3.27767e-18 6.45414e-17 4.32865e-18 7.15717e-17 5.36087e-18 7.76358e-17 6.37531e-18 8.30374e-17 7.3729e-18 8.79264e-17 8.35447e-18 9.2393e-17 9.32062e-18 9.64547e-17 1.02722e-17 1.00221e-16 1.12097e-17 1.03767e-16 1.21337e-17 1.07084e-16 1.30448e-17 1.10252e-16 1.39434e-17 1.13177e-16 1.48302e-17 1.16033e-16 1.57052e-17 1.18637e-16 1.6569e-17 1.21255e-16 1.74222e-17 1.23706e-16 1.82648e-17 1.26078e-16 1.90974e-17 1.28277e-16 1.99202e-17 1.30486e-16 2.07334e-17 1.3261e-16 2.15375e-17 1.34651e-16 2.23325e-17 1.36605e-16 2.31189e-17 1.38473e-16 2.38969e-17 1.40346e-16 2.46664e-17 1.42132e-16 2.54282e-17 1.43828e-16 2.61822e-17 1.45528e-16 2.69285e-17 1.47139e-16 2.76672e-17 1.48753e-16 2.83988e-17 1.50371e-16 2.91235e-17 1.51898e-16 2.98412e-17 1.53332e-16 3.0552e-17 1.54865e-16 3.12565e-17 1.5621e-16 3.19545e-17 1.57653e-16 3.26463e-17 1.59002e-16 3.33316e-17 1.60354e-16 3.40112e-17
117.094 9.07658e-21 9.07658e-21 2.61984e-30 2.88637e-10 3.24452e-08 1.74013e-17 4.68461e-19 2.6262e-17 9.3132e-19 3.80048e-17 1.84136e-18 4.63125e-17 2.73181e-18 5.29261e-17 3.60405e-18 5.84677e-17 4.45916e-18 6.3235e-17 5.29813e-18 6.74726e-17 6.12187e-18 7.13017e-17 6.93118e-18 7.47949e-17 7.72668e-18 7.79677e-17 8.50917e-18 8.09069e-17 9.27912e-18 8.36713e-17 1.00371e-17 8.62548e-17 1.07837e-17 8.87206e-17 1.15192e-17 9.09961e-17 1.22443e-17 9.32162e-17 1.29591e-17 9.52394e-17 1.36641e-17 9.7273e-17 1.43598e-17 9.91754e-17 1.50463e-17 1.01016e-16 1.57241e-17 1.02721e-16 1.63934e-17 1.04433e-16 1.70543e-17 1.0608e-16 1.77073e-17 1.07661e-16 1.83525e-17 1.09174e-16 1.89903e-17 1.1062e-16 1.96208e-17 1.1207e-16 2.02441e-17 1.13452e-16 2.08607e-17 1.14764e-16 2.14706e-17 1.16079e-16 2.2074e-17 1.17324e-16 2.26708e-17 1.18572e-16 2.32616e-17 1.19823e-16 2.38465e-17 1.21002e-16 2.44255e-17 1.22111e-16 2.49985e-17 1.23295e-16 2.55662e-17 1.24333e-16 2.61284e-17 1.25447e-16 2.66853e-17 1.26489e-16 2.72367e-17 1.27533e-16 2.77833e-17
123.105 8.37187e-21 8.37187e-21 2.15325e-30 2.57201e-10 1.72702e-08 1.4829e-17 3.90622e-19 2.19982e-17 7.76023e-19 3.13704e-17 1.53229e-18 3.7942e-17 2.27051e-18 4.31478e-17 2.99209e-18 4.74954e-17 3.6981e-18 5.12263e-17 4.38953e-18 5.45364e-17 5.06727e-18 5.75227e-17 5.7321e-18 6.02436e-17 6.38462e-18 6.27121e-17 7.02559e-18 6.49968e-17 7.65546e-18 6.71437e-17 8.2748e-18 6.91487e-17 8.88408e-18 7.1061e-17 9.48371e-18 7.28247e-17 1.00742e-17 7.45445e-17 1.06557e-17 7.61109e-17 1.12287e-17 7.76847e-17 1.17936e-17 7.91563e-17 1.23506e-17 8.05792e-17 1.29e-17 8.18975e-17 1.34421e-17 8.32204e-17 1.39769e-17 8.44924e-17 1.45051e-17 8.57129e-17 1.50264e-17 8.68814e-17 1.55415e-17 8.79972e-17 1.60503e-17 8.9116e-17 1.65529e-17 9.01815e-17 1.70499e-17 9.11933e-17 1.75411e-17 9.22074e-17 1.80268e-17 9.31671e-17 1.85069e-17 9.41289e-17 1.8982e-17 9.50925e-17 1.94519e-17 9.60013e-17 1.99169e-17 9.68547e-17 2.03769e-17 9.77667e-17 2.08324e-17 9.8566e-17 2.12832e-17 9.94238e-17 2.17296e-17 1.00226e-16 2.21713e-17 1.01029e-16 2.2609e-17
129.424 7.71306e-21 7.71306e-21 1.76906e-30 2.29358e-10 -3.00908e-09 1.25314e-17 3.24893e-19 1.82916e-17 6.44932e-19 2.57274e-17 1.27157e-18 3.08987e-17 1.88167e-18 3.49766e-17 2.47661e-18 3.83718e-17 3.05748e-18 4.1279e-17 3.62525e-18 4.38538e-17 4.18078e-18 4.61734e-17 4.72483e-18 4.82843e-17 5.25798e-18 5.01975e-17 5.78094e-18 5.19667e-17 6.29415e-18 5.36279e-17 6.79812e-18 5.51782e-17 7.29331e-18 5.6656e-17 7.78011e-18 5.80182e-17 8.25895e-18 5.93457e-17 8.73003e-18 6.05544e-17 9.19378e-18 6.17682e-17 9.65053e-18 6.29027e-17 1.01004e-17 6.39993e-17 1.05438e-17 6.50149e-17 1.0981e-17 6.60338e-17 1.1412e-17 6.70131e-17 1.18372e-17 6.79526e-17 1.22567e-17 6.88517e-17 1.26708e-17 6.97101e-17 1.30796e-17 7.05706e-17 1.34832e-17 7.13899e-17 1.38819e-17 7.21678e-17 1.42758e-17 7.29472e-17 1.4665e-17 7.36847e-17 1.50496e-17 7.44237e-17 1.54298e-17 7.5164e-17 1.58058e-17 7.58619e-17 1.61776e-17 7.65173e-17 1.65452e-17 7.72175e-17 1.6909e-17 7.78311e-17 1.7269e-17 7.84895e-17 1.76252e-17 7.91049e-17 1.79775e-17 7.97212e-17 1.83265e-17
136.067 7.09885e-21 7.09885e-21 1.45339e-30 2.04737e-10 1.38545e-08 1.05071e-17 2.69593e-19 1.51057e-17 5.34683e-19 2.09733e-17 1.05248e-18 2.50232e-17 1.55517e-18 2.82035e-17 2.04412e-18 3.08441e-17 2.52042e-18 3.31004e-17 2.98501e-18 3.50956e-17 3.43872e-18 3.68907e-17 3.88229e-18 3.85226e-17 4.31625e-18 4.00002e-17 4.74128e-18 4.13655e-17 5.1578e-18 4.26466e-17 5.56628e-18 4.38414e-17 5.96714e-18 4.49797e-17 6.36073e-18 4.60284e-17 6.74747e-18 4.705e-17 7.12753e-18 4.79797e-17 7.50129e-18 4.89129e-17 7.86906e-18 4.9785e-17 8.23097e-18 5.06275e-17 8.58738e-18 5.14077e-17 8.93844e-18 5.219e-17 9.28427e-18 5.29419e-17 9.62522e-18 5.36629e-17 9.96128e-18 5.43528e-17 1.02928e-17 5.50113e-17 1.06199e-17 5.56712e-17 1.09425e-17 5.62995e-17 1.12611e-17 5.68958e-17 1.15757e-17 5.74932e-17 1.18863e-17 5.80585e-17 1.2193e-17 5.86246e-17 1.24961e-17 5.91918e-17 1.27956e-17 5.97264e-17 1.30917e-17 6.02283e-17 1.33842e-17 6.07645e-17 1.36736e-17 6.12343e-17 1.39597e-17 6.17383e-17 1.42428e-17 6.22094e-17 1.45227e-17 6.2681e-17 1.47997e-17
143.051 6.52646e-21 6.52646e-21 1.19372e-30 1.82904e-10 -1.62812e-08 8.74402e-18 2.23181e-19 1.2393e-17 4.42193e-19 1.69994e-17 8.68853e-19 2.01567e-17 1.28176e-18 2.26267e-17 1.68228e-18 2.46722e-17 2.07148e-18 2.64168e-17 2.45028e-18 2.79572e-17 2.81946e-18 2.93416e-17 3.17973e-18 3.05987e-17 3.5316e-18 3.17361e-17 3.87569e-18 3.27863e-17 4.21239e-18 3.37711e-17 4.54213e-18 3.4689e-17 4.86531e-18 3.55631e-17 5.18225e-18 3.6368e-17 5.49331e-18 3.71517e-17 5.79867e-18 3.78647e-17 6.09866e-18 3.85801e-17 6.39355e-18 3.92484e-17 6.68347e-18 3.98939e-17 6.96873e-18 4.04915e-17 7.24947e-18 4.10905e-17 7.5258e-18 4.16661e-17 7.79801e-18 4.22179e-17 8.06613e-18 4.27457e-17 8.33044e-18 4.32495e-17 8.59102e-18 4.37543e-17 8.84789e-18 4.42347e-17 9.10138e-18 4.46906e-17 9.35147e-18 4.51473e-17 9.59829e-18 4.55793e-17 9.84186e-18 4.6012e-17 1.00824e-17 4.64454e-17 1.03201e-17 4.68538e-17 1.05548e-17 4.72372e-17 1.07866e-17 4.76467e-17 1.10158e-17 4.80055e-17 1.12424e-17 4.83903e-17 1.14664e-17 4.875e-17 1.16877e-17 4.911e-17 1.19068e-17
150.394 5.99414e-21 5.99414e-21 9.8031e-31 1.63545e-10 -2.75269e-08 7.22585e-18 1.8435e-19 1.01052e-17 3.64851e-19 1.37043e-17 7.1545e-19 1.61555e-17 1.05358e-18 1.80664e-17 1.38061e-18 1.96452e-17 1.69756e-18 2.09895e-17 2.00532e-18 2.21749e-17 2.30463e-18 2.3239e-17 2.59616e-18 2.42044e-17 2.88038e-18 2.50772e-17 3.15787e-18 2.58826e-17 3.42899e-18 2.66374e-17 3.69413e-18 2.73405e-17 3.95365e-18 2.80097e-17 4.20785e-18 2.86257e-17 4.45703e-18 2.92254e-17 4.70138e-18 2.97706e-17 4.94118e-18 3.03176e-17 5.17668e-18 3.08284e-17 5.40799e-18 3.13216e-17 5.63537e-18 3.17781e-17 5.85896e-18 3.22356e-17 6.07886e-18 3.2675e-17 6.29531e-18 3.30963e-17 6.50834e-18 3.34992e-17 6.7182e-18 3.38836e-17 6.92495e-18 3.42687e-17 7.12863e-18 3.46351e-17 7.32949e-18 3.49829e-17 7.52753e-18 3.53311e-17 7.72288e-18 3.56605e-17 7.91553e-18 3.59904e-17 8.10572e-18 3.63207e-17 8.29347e-18 3.66319e-17 8.47883e-18 3.69241e-17 8.66181e-18 3.72361e-17 8.84263e-18 3.75095e-17 9.02127e-18 3.78026e-17 9.19781e-18 3.80766e-17 9.3722e-18 3.83508e-17 9.54467e-18
158.114 5.49987e-21 5.49987e-21 8.04918e-31 1.46352e-10 -1.71958e-08 5.93184e-18 1.51951e-19 8.19203e-18 3.00356e-19 1.09918e-17 5.87679e-19 1.28875e-17 8.63753e-19 1.43606e-17 1.12991e-18 1.55751e-17 1.38715e-18 1.66076e-17 1.63631e-18 1.75169e-17 1.87811e-18 1.83324e-17 2.11313e-18 1.90716e-17 2.34186e-18 1.97395e-17 2.56478e-18 2.03554e-17 2.78225e-18 2.09322e-17 2.99462e-18 2.14694e-17 3.20221e-18 2.19805e-17 3.40528e-18 2.24507e-17 3.60411e-18 2.29082e-17 3.79887e-18 2.33242e-17 3.9898e-18 2.37413e-17 4.17712e-18 2.41307e-17 4.36092e-18 2.45067e-17 4.54145e-18 2.48545e-17 4.71882e-18 2.52031e-17 4.89311e-18 2.55378e-17 5.06453e-18 2.58586e-17 5.23312e-18 2.61653e-17 5.39909e-18 2.6458e-17 5.56248e-18 2.67511e-17 5.72333e-18 2.703e-17 5.88186e-18 2.72946e-17 6.03808e-18 2.75595e-17 6.19206e-18 2.78101e-17 6.34384e-18 2.8061e-17 6.4936e-18 2.83122e-17 6.64136e-18 2.85489e-17 6.78717e-18 2.8771e-17 6.93102e-18 2.90083e-17 7.07312e-18 2.9216e-17 7.21343e-18 2.94389e-17 7.35203e-18 2.96471e-17 7.48888e-18 2.98554e-17 7.62417e-18
166.23 5.04149e-21 5.04149e-21 6.6082e-31 1.31076e-10 -1.07367e-07 4.83917e-18 1.24987e-19 6.60479e-18 2.46715e-19 8.7738e-18 4.81549e-19 1.02346e-17 7.06278e-19 1.13664e-17 9.22195e-19 1.22977e-17 1.13027e-18 1.30883e-17 1.33128e-18 1.37839e-17 1.5259e-18 1.44071e-17 1.71468e-18 1.49716e-17 1.89805e-18 1.54812e-17 2.07647e-18 1.5951e-17 2.25024e-18 1.63908e-17 2.41969e-18 1.68001e-17 2.58509e-18 1.71894e-17 2.74669e-18 1.75474e-17 2.90473e-18 1.78957e-17 3.05935e-18 1.82123e-17 3.21077e-18 1.85296e-17 3.35918e-18 1.88258e-17 3.50467e-18 1.91117e-17 3.64744e-18 1.93761e-17 3.78759e-18 1.96411e-17 3.92519e-18 1.98955e-17 4.06043e-18 2.01392e-17 4.19333e-18 2.03723e-17 4.32407e-18 2.05945e-17 4.4527e-18 2.08172e-17 4.57924e-18 2.10289e-17 4.70388e-18 2.12298e-17 4.82662e-18 2.1431e-17 4.94754e-18 2.16212e-17 5.06666e-18 2.18116e-17 5.18414e-18 2.20022e-17 5.29998e-18 2.21818e-17 5.41423e-18 2.23504e-17 5.5269e-18 2.25304e-17 5.63814e-18 2.2688e-17 5.74794e-18 2.2857e-17 5.85634e-18 2.30149e-17 5.96333e-18 2.31729e-17 6.06906e-18
174.763 4.61677e-21 4.61677e-21 5.42339e-31 1.17471e-10 -4.42655e-08 3.92433e-18 1.02597e-19 5.29733e-18 2.02206e-19 6.97123e-18 3.93618e-19 8.09304e-18 5.75994e-19 8.95993e-18 7.50583e-19 9.67198e-18 9.18306e-19 1.02756e-17 1.0799e-18 1.08062e-17 1.23598e-18 1.12811e-17 1.38706e-18 1.17111e-17 1.53352e-18 1.20991e-17 1.67576e-18 1.24564e-17 1.81409e-18 1.27909e-17 1.94876e-18 1.31021e-17 2.08005e-18 1.33979e-17 2.20814e-18 1.36699e-17 2.33327e-18 1.39344e-17 2.45555e-18 1.41747e-17 2.57518e-18 1.44156e-17 2.69231e-18 1.46404e-17 2.80702e-18 1.48573e-17 2.91949e-18 1.50579e-17 3.0298e-18 1.52588e-17 3.13802e-18 1.54518e-17 3.2443e-18 1.56366e-17 3.34867e-18 1.58132e-17 3.45126e-18 1.59817e-17 3.55213e-18 1.61504e-17 3.6513e-18 1.63109e-17 3.74892e-18 1.64631e-17 3.845e-18 1.66155e-17 3.9396e-18 1.67596e-17 4.03274e-18 1.69038e-17 4.12454e-18 1.70482e-17 4.21503e-18 1.71842e-17 4.30422e-18 1.73118e-17 4.39214e-18 1.74481e-17 4.4789e-18 1.75674e-17 4.5645e-18 1.76954e-17 4.64898e-18 1.78149e-17 4.73231e-18 1.79345e-17 4.81464e-18
183.733 4.22402e-21 4.22402e-21 4.45012e-31 1.05353e-10 -1.15729e-07 3.16479e-18 8.40559e-20 4.22802e-18 1.65379e-19 5.51527e-18 3.20983e-19 6.3741e-18 4.68545e-19 7.03616e-18 6.09263e-19 7.57908e-18 7.44006e-19 8.03881e-18 8.73461e-19 8.44248e-18 9.98189e-19 8.8036e-18 1.11865e-18 9.13029e-18 1.2352e-18 9.42492e-18 1.34819e-18 9.6962e-18 1.45789e-18 9.94998e-18 1.56453e-18 1.0186e-17 1.66834e-18 1.04103e-17 1.76951e-18 1.06165e-17 1.8682e-18 1.0817e-17 1.96455e-18 1.0999e-17 2.0587e-18 1.11815e-17 2.1508e-18 1.13518e-17 2.24091e-18 1.1516e-17 2.32918e-18 1.16679e-17 2.41569e-18 1.182e-17 2.50048e-18 1.1966e-17 2.5837e-18 1.21058e-17 2.66535e-18 1.22395e-17 2.74557e-18 1.23669e-17 2.82438e-18 1.24945e-17 2.90182e-18 1.26159e-17 2.978e-18 1.2731e-17 3.05294e-18 1.28463e-17 3.12668e-18 1.29552e-17 3.19924e-18 1.30642e-17 3.27073e-18 1.31734e-17 3.34115e-18 1.32762e-17 3.41054e-18 1.33726e-17 3.4789e-18 1.34756e-17 3.54634e-18 1.35658e-17 3.61284e-18 1.36625e-17 3.67844e-18 1.37528e-17 3.74313e-18 1.38431e-17 3.80701e-18
193.164 3.86145e-21 3.86145e-21 3.65098e-31 9.45494e-11 -6.46598e-08 2.53899e-18 6.87387e-20 3.35919e-18 1.34985e-19 4.3459e-18 2.61149e-19 5.00153e-18 3.8019e-19 5.50582e-18 4.93247e-19 5.91875e-18 6.01136e-19 6.26804e-18 7.04487e-19 6.57447e-18 8.03811e-19 6.84842e-18 8.99521e-19 7.09611e-18 9.91935e-19 7.31938e-18 1.08137e-18 7.52487e-18 1.16805e-18 7.71704e-18 1.25219e-18 7.8957e-18 1.33398e-18 8.06545e-18 1.41358e-18 8.22144e-18 1.49115e-18 8.37306e-18 1.56678e-18 8.51076e-18 1.64062e-18 8.64872e-18 1.71277e-18 8.77741e-18 1.7833e-18 8.90153e-18 1.85234e-18 9.01629e-18 1.91993e-18 9.13121e-18 1.98614e-18 9.2415e-18 2.05106e-18 9.34713e-18 2.11473e-18 9.44808e-18 2.17722e-18 9.54434e-18 2.23859e-18 9.64069e-18 2.29885e-18 9.73233e-18 2.3581e-18 9.81923e-18 2.41634e-18 9.90621e-18 2.47363e-18 9.98843e-18 2.52997e-18 1.00707e-17 2.58544e-18 1.01531e-17 2.64007e-18 1.02306e-17 2.69387e-18 1.03034e-17 2.74684e-18 1.03811e-17 2.79908e-18 1.04491e-17 2.85057e-18 1.05221e-17 2.90135e-18 1.05902e-17 2.9514e-18 1.06584e-17 3.0008e-18
203.079 3.52741e-21 3.52741e-21 2.99527e-31 8.49142e-11 -9.60987e-08 2.02711e-18 5.61166e-20 2.65764e-18 1.09965e-19 3.41176e-18 2.12e-19 3.91098e-18 3.07754e-19 4.29419e-18 3.98306e-19 4.60755e-18 4.84413e-19 4.87236e-18 5.66649e-19 5.10449e-18 6.45475e-19 5.31189e-18 7.21258e-19 5.49932e-18 7.94283e-19 5.66819e-18 8.64822e-19 5.82356e-18 9.33076e-19 5.96881e-18 9.99229e-19 6.10381e-18 1.06345e-18 6.23203e-18 1.12586e-18 6.34984e-18 1.18661e-18 6.46432e-18 1.24578e-18 6.56827e-18 1.30349e-18 6.6724e-18 1.35982e-18 6.76952e-18 1.41484e-18 6.86317e-18 1.46865e-18 6.94975e-18 1.52129e-18 7.03643e-18 1.57281e-18 7.11961e-18 1.62329e-18 7.19927e-18 1.67276e-18 7.27539e-18 1.7213e-18 7.34796e-18 1.76892e-18 7.42061e-18 1.81566e-18 7.48968e-18 1.86159e-18 7.55518e-18 1.90671e-18 7.62073e-18 1.95107e-18 7.6827e-18 1.99467e-18 7.7447e-18 2.03759e-18 7.80676e-18 2.07982e-18 7.86521e-18 2.1214e-18 7.92004e-18 2.16233e-18 7.97857e-18 2.20267e-18 8.02981e-18 2.24242e-18 8.08475e-18 2.2816e-18 8.13605e-18 2.3202e-18 8.18738e-18 2.35829e-18
213.503 3.21956e-21 3.21956e-21 2.45639e-31 7.62959e-11 -1.07725e-07 1.61086e-18 4.57298e-20 2.09396e-18 8.94021e-20 2.66869e-18 1.717e-19 3.04786e-18 2.4849e-19 3.33838e-18 3.20783e-19 3.57566e-18 3.89274e-19 3.77599e-18 4.54485e-19 3.95148e-18 5.16824e-19 4.10819e-18 5.76619e-19 4.24974e-18 6.34117e-19 4.37722e-18 6.89558e-19 4.49447e-18 7.43112e-19 4.60405e-18 7.9494e-19 4.70587e-18 8.45181e-19 4.80256e-18 8.93952e-19 4.89137e-18 9.41366e-19 4.97766e-18 9.87495e-19 5.056e-18 1.03244e-18 5.13446e-18 1.07627e-18 5.20762e-18 1.11904e-18 5.27817e-18 1.16083e-18 5.34337e-18 1.20169e-18 5.40865e-18 1.24164e-18 5.47128e-18 1.28077e-18 5.53126e-18 1.31908e-18 5.58856e-18 1.35665e-18 5.64319e-18 1.39349e-18 5.69787e-18 1.42962e-18 5.74985e-18 1.4651e-18 5.79914e-18 1.49995e-18 5.84847e-18 1.53419e-18 5.89509e-18 1.56783e-18 5.94174e-18 1.60092e-18 5.98843e-18 1.63348e-18 6.0324e-18 1.66551e-18 6.07364e-18 1.69703e-18 6.11766e-18 1.72808e-18 6.15621e-18 1.75867e-18 6.19752e-18 1.78881e-18 6.23611e-18 1.81849e-18 6.27471e-18 1.84778e-18
224.463 2.93678e-21 2.93678e-21 2.01464e-31 6.86003e-11 9.12373e-08 1.2747e-18 3.72074e-20 1.64377e-18 7.25534e-20 2.08071e-18 1.38767e-19 2.36808e-18 2.00173e-19 2.5879e-18 2.57714e-19 2.76723e-18 3.12022e-19 2.91852e-18 3.63566e-19 3.05096e-18 4.12708e-19 3.16917e-18 4.59733e-19 3.2759e-18 5.04858e-19 3.37199e-18 5.48289e-19 3.46033e-18 5.90172e-19 3.54287e-18 6.30645e-19 3.61956e-18 6.69825e-19 3.69236e-18 7.07811e-19 3.75922e-18 7.44698e-19 3.82416e-18 7.80546e-19 3.88311e-18 8.15436e-19 3.94215e-18 8.49435e-19 3.99719e-18 8.82581e-19 4.05025e-18 9.14942e-19 4.09929e-18 9.46553e-19 4.14839e-18 9.77447e-19 4.19549e-18 1.00768e-18 4.24058e-18 1.03726e-18 4.28366e-18 1.06625e-18 4.32473e-18 1.09466e-18 4.36583e-18 1.12251e-18 4.4049e-18 1.14985e-18 4.44195e-18 1.17668e-18 4.47902e-18 1.20303e-18 4.51405e-18 1.22891e-18 4.54911e-18 1.25436e-18 4.58418e-18 1.27938e-18 4.61722e-18 1.30399e-18 4.6482e-18 1.3282e-18 4.68127e-18 1.35204e-18 4.71023e-18 1.37551e-18 4.74126e-18 1.39863e-18 4.77024e-18 1.42139e-18 4.79923e-18 1.44384e-18
235.984 2.67688e-21 2.67688e-21 1.65187e-31 6.17088e-11 2.01591e-07 1.00455e-18 3.02226e-20 1.28571e-18 5.87664e-20 1.6171e-18 1.11897e-19 1.83444e-18 1.60856e-19 2.00044e-18 2.06509e-19 2.13572e-18 2.49431e-19 2.24977e-18 2.90037e-19 2.34955e-18 3.28646e-19 2.43857e-18 3.65504e-19 2.5189e-18 4.00801e-19 2.59121e-18 4.34709e-19 2.65768e-18 4.67357e-19 2.71976e-18 4.98858e-19 2.77742e-18 5.29311e-19 2.83215e-18 5.58801e-19 2.8824e-18 5.87405e-19 2.93121e-18 6.15174e-19 2.97551e-18 6.42175e-19 3.01986e-18 6.68462e-19 3.06121e-18 6.94069e-19 3.10107e-18 7.19049e-19 3.1379e-18 7.43433e-19 3.17477e-18 7.67246e-19 3.21014e-18 7.90534e-19 3.244e-18 8.13308e-19 3.27634e-18 8.3561e-19 3.30717e-18 8.57458e-19 3.33802e-18 8.78861e-19 3.36735e-18 8.9986e-19 3.39516e-18 9.20461e-19 3.42298e-18 9.40683e-19 3.44927e-18 9.60533e-19 3.47557e-18 9.80044e-19 3.5019e-18 9.99222e-19 3.52668e-18 1.01808e-18 3.54993e-18 1.03662e-18 3.57474e-18 1.05487e-18 3.59646e-18 1.07283e-18 3.61974e-18 1.09052e-18 3.64148e-18 1.10793e-18 3.66323e-18 1.12509e-18
248.097 2.43848e-21 2.43848e-21 1.35421e-31 5.5535e-11 -1.9071e-07 7.88666e-19 2.45107e-20 1.00231e-18 4.7512e-20 1.25312e-18 9.00348e-20 1.41718e-18 1.28955e-19 1.54231e-18 1.65066e-19 1.6442e-18 1.98882e-19 1.73004e-18 2.30769e-19 1.8051e-18 2.61005e-19 1.87203e-18 2.89803e-19 1.93242e-18 3.17323e-19 1.98676e-18 3.43714e-19 2.03669e-18 3.69082e-19 2.08331e-18 3.93523e-19 2.12661e-18 4.17121e-19 2.1677e-18 4.39944e-19 2.20543e-18 4.62058e-19 2.24206e-18 4.83504e-19 2.27531e-18 5.04337e-19 2.30859e-18 5.24602e-19 2.33961e-18 5.44327e-19 2.36951e-18 5.63554e-19 2.39714e-18 5.82308e-19 2.4248e-18 6.00612e-19 2.45132e-18 6.185e-19 2.47671e-18 6.35983e-19 2.50097e-18 6.53094e-19 2.52408e-18 6.69848e-19 2.54722e-18 6.86251e-19 2.5692e-18 7.02338e-19 2.59005e-18 7.18113e-19 2.6109e-18 7.3359e-19 2.63061e-18 7.48776e-19 2.65033e-18 7.63697e-19 2.67006e-18 7.78357e-19 2.68863e-18 7.92766e-19 2.70606e-18 8.06927e-19 2.72465e-18 8.20864e-19 2.74093e-18 8.34577e-19 2.75837e-18 8.48075e-19 2.77466e-18 8.61358e-19 2.79096e-18 8.74447e-19
260.832 2.22e-21 2.22e-21 1.11002e-31 5.0001e-11 1.10288e-07 6.16971e-19 1.98477e-20 7.78937e-19 3.83427e-20 9.6838e-19 7.22867e-20 1.09201e-18 1.03137e-19 1.18619e-18 1.31613e-19 1.26281e-18 1.58172e-19 1.32732e-18 1.83134e-19 1.38371e-18 2.06739e-19 1.43396e-18 2.29168e-19 1.47929e-18 2.50559e-19 1.52007e-18 2.71035e-19 1.55753e-18 2.90687e-19 1.59251e-18 3.09594e-19 1.62498e-18 3.27824e-19 1.6558e-18 3.45436e-19 1.68408e-18 3.62482e-19 1.71154e-18 3.78997e-19 1.73646e-18 3.95025e-19 1.76141e-18 4.10604e-19 1.78465e-18 4.25754e-19 1.80706e-18 4.40512e-19 1.82776e-18 4.54897e-19 1.84848e-18 4.68928e-19 1.86835e-18 4.82631e-19 1.88737e-18 4.96017e-19 1.90554e-18 5.09111e-19 1.92285e-18 5.21924e-19 1.94018e-18 5.34464e-19 1.95664e-18 5.46756e-19 1.97225e-18 5.58804e-19 1.98787e-18 5.7062e-19 2.00263e-18 5.82209e-19 2.01739e-18 5.93591e-19 2.03216e-18 6.04771e-19 2.04607e-18 6.15755e-19 2.05911e-18 6.26545e-19 2.07303e-18 6.37163e-19 2.08521e-18 6.47605e-19 2.09827e-18 6.57882e-19 2.11047e-18 6.67991e-19 2.12266e-18 6.77951e-19
274.221 2.02016e-21 2.02016e-21 9.09815e-32 4.50367e-11 2.15235e-07 4.81088e-19 1.60489e-20 6.03626e-19 3.08895e-20 7.46474e-19 5.79172e-20 8.39502e-19 8.23018e-20 9.10284e-19 1.04692e-19 9.67826e-19 1.25489e-19 1.01624e-18 1.44972e-19 1.05855e-18 1.63345e-19 1.09624e-18 1.80763e-19 1.13023e-18 1.97342e-19 1.1608e-18 2.13183e-19 1.18888e-18 2.28363e-19 1.21508e-18 2.42948e-19 1.23941e-18 2.56993e-19 1.26249e-18 2.70546e-19 1.28368e-18 2.8365e-19 1.30425e-18 2.96334e-19 1.3229e-18 3.08633e-19 1.34158e-18 3.20578e-19 1.35899e-18 3.32185e-19 1.37576e-18 3.43484e-19 1.39126e-18 3.5449e-19 1.40676e-18 3.65218e-19 1.42163e-18 3.7569e-19 1.43587e-18 3.85914e-19 1.44946e-18 3.9591e-19 1.46242e-18 4.05687e-19 1.47538e-18 4.1525e-19 1.4877e-18 4.24621e-19 1.49938e-18 4.33801e-19 1.51106e-18 4.42801e-19 1.5221e-18 4.51625e-19 1.53315e-18 4.60289e-19 1.5442e-18 4.68795e-19 1.5546e-18 4.77149e-19 1.56435e-18 4.85354e-19 1.57476e-18 4.93425e-19 1.58388e-18 5.0136e-19 1.59364e-18 5.09168e-19 1.60276e-18 5.16845e-19 1.61188e-18 5.24408e-19
288.297 1.83732e-21 1.83732e-21 7.45662e-32 4.05843e-11 6.4683e-07 3.73949e-19 1.29574e-20 4.66473e-19 2.48394e-20 5.74005e-19 4.63029e-20 6.43898e-19 6.55212e-20 6.97023e-19 8.30729e-20 7.40181e-19 9.93094e-20 7.76478e-19 1.1447e-19 8.08179e-19 1.28728e-19 8.36417e-19 1.42214e-19 8.61872e-19 1.55025e-19 8.84759e-19 1.67246e-19 9.05777e-19 1.78939e-19 9.25394e-19 1.90157e-19 9.43601e-19 2.00948e-19 9.60872e-19 2.11349e-19 9.76723e-19 2.21396e-19 9.92109e-19 2.31112e-19 1.00607e-18 2.40525e-19 1.02004e-18 2.49659e-19 1.03305e-18 2.5853e-19 1.0456e-18 2.67159e-19 1.05718e-18 2.75559e-19 1.06878e-18 2.83742e-19 1.0799e-18 2.91725e-19 1.09054e-18 2.99514e-19 1.1007e-18 3.07127e-19 1.11039e-18 3.14569e-19 1.12008e-18 3.21846e-19 1.12929e-18 3.28973e-19 1.13802e-18 3.35952e-19 1.14675e-18 3.42792e-19 1.155e-18 3.49496e-19 1.16325e-18 3.56075e-19 1.17151e-18 3.62533e-19 1.17928e-18 3.68874e-19 1.18657e-18 3.75099e-19 1.19435e-18 3.81221e-19 1.20116e-18 3.87238e-19 1.20846e-18 3.93157e-19 1.21527e-18 3.98976e-19 1.22209e-18 4.04706e-19
303.095 1.67024e-21 1.67024e-21 6.11e-32 3.65815e-11 -1.24323e-07 2.89821e-19 1.0446e-20 3.59558e-19 1.99383e-20 4.40383e-19 3.69386e-20 4.92826e-19 5.2042e-20 5.32649e-19 6.57609e-20 5.64981e-19 7.83997e-20 5.9216e-19 9.01626e-20 6.1589e-19 1.01196e-19 6.37022e-19 1.11609e-19 6.56066e-19 1.21481e-19 6.73185e-19 1.30882e-19 6.88904e-19 1.39864e-19 7.03572e-19 1.48471e-19 7.17185e-19 1.5674e-19 7.30096e-19 1.64703e-19 7.41944e-19 1.72386e-19 7.53444e-19 1.79809e-19 7.63875e-19 1.86996e-19 7.74314e-19 1.93965e-19 7.84041e-19 2.00728e-19 7.93413e-19 2.07302e-19 8.0207e-19 2.13698e-19 8.10733e-19 2.19925e-19 8.19039e-19 2.25998e-19 8.26988e-19 2.3192e-19 8.3458e-19 2.37704e-19 8.41814e-19 2.43357e-19 8.49051e-19 2.48882e-19 8.55929e-19 2.54291e-19 8.62447e-19 2.59586e-19 8.68968e-19 2.64774e-19 8.75129e-19 2.69856e-19 8.81292e-19 2.74842e-19 8.87458e-19 2.79735e-19 8.93262e-19 2.84538e-19 8.98706e-19 2.89252e-19 9.04514e-19 2.93886e-19 9.09597e-19 2.9844e-19 9.15045e-19 3.02919e-19 9.20132e-19 3.0732e-19 9.25219e-19 3.11654e-19
318.653 1.51773e-21 1.51773e-21 5.00622e-32 3.29848e-11 -3.4957e-08 2.2401e-19 8.40921e-21 2.76488e-19 1.59757e-20 3.37158e-19 2.94061e-20 3.7646e-19 4.12426e-20 4.06279e-19 5.19352e-20 4.30476e-19 6.17458e-20 4.50807e-19 7.08471e-20 4.68553e-19 7.93615e-20 4.84351e-19 8.73793e-20 4.98586e-19 9.49667e-20 5.1138e-19 1.02181e-19 5.23125e-19 1.09064e-19 5.34084e-19 1.1565e-19 5.44253e-19 1.21971e-19 5.53897e-19 1.28052e-19 5.62745e-19 1.33914e-19 5.71333e-19 1.39573e-19 5.79122e-19 1.45047e-19 5.86917e-19 1.50352e-19 5.94179e-19 1.55496e-19 6.01177e-19 1.60494e-19 6.07639e-19 1.65354e-19 6.14106e-19 1.70083e-19 6.20306e-19 1.74692e-19 6.26239e-19 1.79185e-19 6.31906e-19 1.83572e-19 6.37304e-19 1.87857e-19 6.42705e-19 1.92044e-19 6.47838e-19 1.96141e-19 6.52703e-19 2.0015e-19 6.57569e-19 2.04077e-19 6.62166e-19 2.07922e-19 6.66765e-19 2.11695e-19 6.71365e-19 2.15395e-19 6.75696e-19 2.19026e-19 6.79757e-19 2.22589e-19 6.84091e-19 2.26091e-19 6.87883e-19 2.29532e-19 6.91948e-19 2.32914e-19 6.95742e-19 2.36238e-19 6.99537e-19 2.3951e-19
335.009 1.3787e-21 1.3787e-21 4.10205e-32 2.9753e-11 3.83418e-07 1.72712e-19 6.76009e-21 2.12147e-19 1.27785e-20 2.57633e-19 2.33615e-20 2.87057e-19 3.26127e-20 3.09364e-19 4.09239e-20 3.27456e-19 4.85186e-20 3.42652e-19 5.55419e-20 3.55911e-19 6.20955e-20 3.67713e-19 6.82537e-20 3.78344e-19 7.40708e-20 3.87898e-19 7.95932e-20 3.96668e-19 8.48545e-20 4.04849e-19 8.98836e-20 4.1244e-19 9.47047e-20 4.19638e-19 9.93376e-20 4.26242e-19 1.038e-19 4.32651e-19 1.08105e-19 4.38463e-19 1.12267e-19 4.44279e-19 1.16296e-19 4.49697e-19 1.20201e-19 4.54918e-19 1.23994e-19 4.59739e-19 1.27679e-19 4.64563e-19 1.31263e-19 4.69188e-19 1.34755e-19 4.73614e-19 1.38157e-19 4.7784e-19 1.41478e-19 4.81867e-19 1.4472e-19 4.85895e-19 1.47887e-19 4.89723e-19 1.50985e-19 4.93351e-19 1.54015e-19 4.9698e-19 1.56983e-19 5.00408e-19 1.59888e-19 5.03838e-19 1.62736e-19 5.07268e-19 1.6553e-19 5.10497e-19 1.68271e-19 5.13526e-19 1.70959e-19 5.16757e-19 1.73601e-19 5.19584e-19 1.76196e-19 5.22615e-19 1.78747e-19 5.25444e-19 1.81253e-19 5.28273e-19 1.83719e-19
352.205 1.25193e-21 1.25193e-21 3.36074e-32 2.68445e-11 -4.3138e-08 1.32841e-19 5.42631e-21 1.62433e-19 1.02024e-20 1.96497e-19 1.852e-20 2.18503e-19 2.57306e-20 2.35175e-19 3.21731e-20 2.48689e-19 3.80366e-20 2.60037e-19 4.34421e-20 2.69936e-19 4.84735e-20 2.78745e-19 5.31916e-20 2.86679e-19 5.76406e-20 2.93808e-19 6.18578e-20 3.0035e-19 6.58705e-20 3.06453e-19 6.97016e-20 3.12116e-19 7.33705e-20 3.17484e-19 7.68929e-20 3.22409e-19 8.02832e-20 3.27189e-19 8.35511e-20 3.31523e-19 8.67077e-20 3.35859e-19 8.97626e-20 3.39899e-19 9.27215e-20 3.43791e-19 9.55931e-20 3.47386e-19 9.83824e-20 3.50982e-19 1.01094e-19 3.54429e-19 1.03734e-19 3.57728e-19 1.06306e-19 3.60879e-19 1.08815e-19 3.6388e-19 1.11264e-19 3.66882e-19 1.13655e-19 3.69735e-19 1.15993e-19 3.72439e-19 1.1828e-19 3.75144e-19 1.20518e-19 3.77699e-19 1.22709e-19 3.80254e-19 1.24857e-19 3.8281e-19 1.26963e-19 3.85217e-19 1.29028e-19 3.87473e-19 1.31054e-19 3.89881e-19 1.33044e-19 3.91988e-19 1.34998e-19 3.94246e-19 1.36919e-19 3.96354e-19 1.38805e-19 3.98462e-19 1.40661e-19
370.284 1.13644e-21 1.13644e-21 2.75327e-32 2.42271e-11 1.57764e-07 1.01945e-19 4.34924e-21 1.24125e-19 8.13085e-21 1.49608e-19 1.46509e-20 1.66051e-19 2.0256e-20 1.785e-19 2.52368e-20 1.88588e-19 2.9752e-20 1.97055e-19 3.39019e-20 2.0444e-19 3.77553e-20 2.1101e-19 4.13615e-20 2.16927e-19 4.47563e-20 2.22243e-19 4.79697e-20 2.2712e-19 5.10233e-20 2.3167e-19 5.39356e-20 2.35891e-19 5.67219e-20 2.39892e-19 5.93947e-20 2.43563e-19 6.19651e-20 2.47125e-19 6.44409e-20 2.50355e-19 6.68309e-20 2.53586e-19 6.91425e-20 2.56596e-19 7.13803e-20 2.59496e-19 7.35509e-20 2.62174e-19 7.56583e-20 2.64853e-19 7.77062e-20 2.67422e-19 7.96994e-20 2.6988e-19 8.164e-20 2.72226e-19 8.35326e-20 2.74462e-19 8.53794e-20 2.76698e-19 8.71816e-20 2.78824e-19 8.89438e-20 2.80837e-19 9.06667e-20 2.82852e-19 9.23525e-20 2.84755e-19 9.40022e-20 2.86658e-19 9.5619e-20 2.88562e-19 9.72039e-20 2.90354e-19 9.8758e-20 2.92035e-19 1.00282e-19 2.93828e-19 1.01779e-19 2.95397e-19 1.03248e-19 2.97078e-19 1.04692e-19 2.98648e-19 1.0611e-19 3.00218e-19 1.07505e-19
389.291 1.03131e-21 1.03131e-21 2.25546e-32 2.18699e-11 -4.15178e-07 7.80715e-20 3.48078e-21 9.46773e-20 6.46809e-21 1.13724e-19 1.1566e-20 1.26e-19 1.59117e-20 1.35289e-19 1.97525e-20 1.42813e-19 2.32208e-20 1.49127e-19 2.63992e-20 1.54633e-19 2.93435e-20 1.5953e-19 3.20938e-20 1.6394e-19 3.46786e-20 1.67901e-19 3.71219e-20 1.71535e-19 3.9441e-20 1.74925e-19 4.16505e-20 1.78069e-19 4.37624e-20 1.8105e-19 4.57865e-20 1.83784e-19 4.77318e-20 1.86437e-19 4.96042e-20 1.88842e-19 5.14106e-20 1.91249e-19 5.31567e-20 1.93491e-19 5.48462e-20 1.9565e-19 5.64842e-20 1.97644e-19 5.80739e-20 1.99639e-19 5.96179e-20 2.01552e-19 6.11202e-20 2.03382e-19 6.25823e-20 2.05129e-19 6.40078e-20 2.06793e-19 6.53983e-20 2.08458e-19 6.67549e-20 2.10041e-19 6.80809e-20 2.1154e-19 6.93771e-20 2.13039e-19 7.0645e-20 2.14456e-19 7.18854e-20 2.15873e-19 7.31009e-20 2.1729e-19 7.42921e-20 2.18624e-19 7.54599e-20 2.19875e-19 7.66047e-20 2.2121e-19 7.7729e-20 2.22378e-19 7.88328e-20 2.23629e-19 7.9917e-20 2.24797e-19 8.09816e-20 2.25966e-19 8.20288e-20
409.273 9.3564e-22 9.3564e-22 1.84744e-32 1.97452e-11 -4.93708e-08 5.96715e-20 2.78151e-21 7.20913e-20 5.13586e-21 8.63144e-20 9.11169e-21 9.54729e-20 1.24723e-20 1.02399e-19 1.54266e-20 1.08008e-19 1.80845e-20 1.12713e-19 2.05131e-20 1.16815e-19 2.27579e-20 1.20463e-19 2.48509e-20 1.23747e-19 2.68149e-20 1.26697e-19 2.8669e-20 1.29404e-19 3.04268e-20 1.31928e-19 3.20999e-20 1.34269e-19 3.36978e-20 1.36488e-19 3.5228e-20 1.38524e-19 3.66976e-20 1.40499e-19 3.81112e-20 1.42289e-19 3.94742e-20 1.44081e-19 4.07911e-20 1.45749e-19 4.20646e-20 1.47356e-19 4.32988e-20 1.48841e-19 4.44961e-20 1.50325e-19 4.56585e-20 1.51749e-19 4.67891e-20 1.5311e-19 4.78891e-20 1.54411e-19 4.89612e-20 1.55649e-19 5.00067e-20 1.56888e-19 5.10264e-20 1.58066e-19 5.20229e-20 1.59181e-19 5.29967e-20 1.60297e-19 5.3949e-20 1.61351e-19 5.48805e-20 1.62405e-19 5.57931e-20 1.6346e-19 5.66872e-20 1.64452e-19 5.75637e-20 1.65383e-19 5.84227e-20 1.66376e-19 5.92662e-20 1.67245e-19 6.00941e-20 1.68176e-19 6.09072e-20 1.69045e-19 6.17055e-20 1.69914e-19 6.24907e-20
430.281 8.48638e-22 8.48638e-22 1.51322e-32 1.78311e-11 -7.55839e-07 4.55246e-20 2.21932e-21 5.48051e-20 4.07048e-21 6.54183e-20 7.16337e-21 7.22462e-20 9.7557e-21 7.74076e-20 1.20228e-20 8.15854e-20 1.40548e-20 8.50898e-20 1.59066e-20 8.81441e-20 1.76145e-20 9.08603e-20 1.9204e-20 9.33054e-20 2.06935e-20 9.55013e-20 2.20978e-20 9.75158e-20 2.34279e-20 9.93943e-20 2.46926e-20 1.01137e-19 2.58994e-20 1.02788e-19 2.70544e-20 1.04303e-19 2.81628e-20 1.05772e-19 2.92284e-20 1.07104e-19 3.02553e-20 1.08437e-19 3.1247e-20 1.09678e-19 3.22055e-20 1.10874e-19 3.31341e-20 1.11978e-19 3.40345e-20 1.13083e-19 3.49085e-20 1.14142e-19 3.57582e-20 1.15155e-19 3.65847e-20 1.16122e-19 3.739e-20 1.17043e-19 3.8175e-20 1.17965e-19 3.89406e-20 1.1884e-19 3.96885e-20 1.1967e-19 4.04191e-20 1.205e-19 4.11336e-20 1.21284e-19 4.18323e-20 1.22068e-19 4.25166e-20 1.22852e-19 4.3187e-20 1.2359e-19 4.3844e-20 1.24282e-19 4.44878e-20 1.25021e-19 4.51199e-20 1.25667e-19 4.57402e-20 1.2636e-19 4.63494e-20 1.27006e-19 4.69474e-20 1.27652e-19 4.75354e-20
452.368 7.69517e-22 7.69517e-22 1.23931e-32 1.61051e-11 -2.56317e-07 3.46702e-20 1.7679e-21 4.15989e-20 3.21992e-21 4.95124e-20 5.61985e-21 5.45994e-20 7.61459e-21 5.84431e-20 9.3502e-21 6.15535e-20 1.09004e-20 6.41619e-20 1.23093e-20 6.64351e-20 1.3606e-20 6.84563e-20 1.48109e-20 7.02755e-20 1.59383e-20 7.19092e-20 1.70001e-20 7.34078e-20 1.80047e-20 7.48052e-20 1.89591e-20 7.61011e-20 1.98691e-20 7.73295e-20 2.07395e-20 7.8456e-20 2.15742e-20 7.95488e-20 2.23762e-20 8.05396e-20 2.31488e-20 8.15307e-20 2.38944e-20 8.24538e-20 2.46149e-20 8.3343e-20 2.53126e-20 8.4164e-20 2.59889e-20 8.49852e-20 2.66451e-20 8.57725e-20 2.72829e-20 8.65256e-20 2.7903e-20 8.72447e-20 2.85071e-20 8.79297e-20 2.90959e-20 8.86149e-20 2.96699e-20 8.92659e-20 3.02305e-20 8.98827e-20 3.07782e-20 9.04997e-20 3.13135e-20 9.10825e-20 3.18369e-20 9.16654e-20 3.23495e-20 9.22483e-20 3.28516e-20 9.27971e-20 3.33436e-20 9.33116e-20 3.38256e-20 9.38605e-20 3.42987e-20 9.43409e-20 3.4763e-20 9.48556e-20 3.52189e-20 9.53361e-20 3.56663e-20 9.58166e-20 3.61062e-20
475.588 6.97671e-22 6.97671e-22 1.01496e-32 1.45479e-11 -2.10923e-07 2.6363e-20 1.40614e-21 3.15322e-20 2.54246e-21 3.74294e-20 4.40024e-21 4.12175e-20 5.93166e-21 4.40786e-20 7.25753e-21 4.63933e-20 8.43769e-21 4.83341e-20 9.50759e-21 5.00251e-20 1.04904e-20 5.15286e-20 1.14021e-20 5.28817e-20 1.22541e-20 5.40967e-20 1.30557e-20 5.52111e-20 1.38133e-20 5.62502e-20 1.45325e-20 5.72138e-20 1.52177e-20 5.81271e-20 1.58726e-20 5.89647e-20 1.65004e-20 5.97772e-20 1.71033e-20 6.05137e-20 1.76838e-20 6.12506e-20 1.82438e-20 6.19368e-20 1.87847e-20 6.25978e-20 1.93083e-20 6.32081e-20 1.98156e-20 6.38185e-20 2.03077e-20 6.44037e-20 2.07859e-20 6.49635e-20 2.12508e-20 6.5498e-20 2.17035e-20 6.60071e-20 2.21446e-20 6.65164e-20 2.25745e-20 6.70002e-20 2.29944e-20 6.74587e-20 2.34044e-20 6.79172e-20 2.38052e-20 6.83503e-20 2.41969e-20 6.87835e-20 2.45805e-20 6.92167e-20 2.49562e-20 6.96246e-20 2.53242e-20 7.00069e-20 2.56848e-20 7.04148e-20 2.60387e-20 7.07718e-20 2.63859e-20 7.11543e-20 2.67267e-20 7.15114e-20 2.70612e-20 7.18685e-20 2.73901e-20
500 6.32383e-22 6.32383e-22 8.31167e-33 1.31434e-11 -4.67204e-07 2.00149e-20 1.11654e-21 2.38687e-20 2.00365e-21 2.82605e-20 3.43822e-21 3.10797e-20 4.6112e-21 3.32083e-20 5.62186e-21 3.493e-20 6.51852e-21 3.63733e-20 7.32944e-21 3.76308e-20 8.07294e-21 3.87486e-20 8.76167e-21 3.97545e-20 9.40448e-21 4.06577e-20 1.00086e-20 4.14861e-20 1.05791e-20 4.22585e-20 1.11202e-20 4.29747e-20 1.16355e-20 4.36534e-20 1.21276e-20 4.42759e-20 1.25992e-20 4.48797e-20 1.30517e-20 4.54271e-20 1.34873e-20 4.59746e-20 1.39073e-20 4.64845e-20 1.43129e-20 4.69757e-20 1.47054e-20 4.74292e-20 1.50856e-20 4.78828e-20 1.54542e-20 4.83175e-20 1.58124e-20 4.87335e-20 1.61604e-20 4.91306e-20 1.64993e-20 4.95089e-20 1.68294e-20 4.98872e-20 1.71511e-20 5.02467e-20 1.74652e-20 5.05873e-20 1.77719e-20 5.0928e-20 1.80716e-20 5.12497e-20 1.83646e-20 5.15716e-20 1.86513e-20 5.18934e-20 1.89321e-20 5.21964e-20 1.92072e-20 5.24804e-20 1.94767e-20 5.27835e-20 1.97411e-20 5.30486e-20 2.00005e-20 5.33328e-20 2.02551e-20 5.3598e-20 2.05049e-20 5.38633e-20 2.07506e-20
525.665 5.73118e-22 5.73118e-22 6.80674e-33 1.18767e-11 -7.51873e-07 1.51743e-20 8.85141e-22 1.80456e-20 1.57607e-21 2.13146e-20 2.68126e-21 2.34119e-20 3.57776e-21 2.49949e-20 4.34662e-21 2.6275e-20 5.02661e-21 2.7348e-20 5.64017e-21 2.82826e-20 6.20174e-21 2.91134e-20 6.72119e-21 2.9861e-20 7.20546e-21 3.05322e-20 7.66011e-21 3.11478e-20 8.08912e-21 3.17217e-20 8.49577e-21 3.22538e-20 8.88271e-21 3.27582e-20 9.25211e-21 3.32206e-20 9.60585e-21 3.36692e-20 9.94523e-21 3.40759e-20 1.02717e-20 3.44826e-20 1.05864e-20 3.48614e-20 1.08902e-20 3.52263e-20 1.11841e-20 3.55632e-20 1.14687e-20 3.59001e-20 1.17446e-20 3.62231e-20 1.20126e-20 3.6532e-20 1.22729e-20 3.6827e-20 1.25263e-20 3.7108e-20 1.27732e-20 3.7389e-20 1.30137e-20 3.7656e-20 1.32485e-20 3.7909e-20 1.34777e-20 3.8162e-20 1.37016e-20 3.8401e-20 1.39205e-20 3.864e-20 1.41347e-20 3.8879e-20 1.43444e-20 3.9104e-20 1.45499e-20 3.9315e-20 1.4751e-20 3.954e-20 1.49485e-20 3.9737e-20 1.51421e-20 3.9948e-20 1.53322e-20 4.0145e-20 1.55187e-20 4.0342e-20 1.5702e-20
552.648 5.1933e-22 5.1933e-22 5.5739e-33 1.07329e-11 8.74977e-08 1.14891e-20 7.0052e-22 1.36272e-20 1.23738e-21 1.60594e-20 2.08688e-21 1.76189e-20 2.77063e-21 1.87957e-20 3.35442e-21 1.97471e-20 3.86919e-21 2.05445e-20 4.33267e-21 2.1239e-20 4.75615e-21 2.18563e-20 5.14737e-21 2.24117e-20 5.51169e-21 2.29103e-20 5.85341e-21 2.33676e-20 6.17562e-21 2.37939e-20 6.48082e-21 2.41892e-20 6.77107e-21 2.45638e-20 7.04801e-21 2.49073e-20 7.31309e-21 2.52405e-20 7.56731e-21 2.55425e-20 7.81176e-21 2.58446e-20 8.04735e-21 2.61259e-20 8.27467e-21 2.63969e-20 8.49451e-21 2.6647e-20 8.70736e-21 2.68972e-20 8.91365e-21 2.71371e-20 9.11396e-21 2.73665e-20 9.30854e-21 2.75855e-20 9.49792e-21 2.77942e-20 9.68234e-21 2.80028e-20 9.86198e-21 2.82011e-20 1.00373e-20 2.83889e-20 1.02085e-20 2.85768e-20 1.03757e-20 2.87543e-20 1.05391e-20 2.89317e-20 1.0699e-20 2.91092e-20 1.08555e-20 2.92763e-20 1.10088e-20 2.94329e-20 1.11589e-20 2.96e-20 1.13062e-20 2.97462e-20 1.14507e-20 2.99029e-20 1.15924e-20 3.00492e-20 1.17315e-20 3.01954e-20 1.18682e-20
581.015 4.70509e-22 4.70509e-22 4.56376e-33 9.69962e-12 -3.76536e-07 8.68781e-21 5.53444e-22 1.02791e-20 9.69615e-22 1.20878e-20 1.6211e-21 1.3247e-20 2.14153e-21 1.41215e-20 2.58398e-21 1.48284e-20 2.97301e-21 1.54207e-20 3.32256e-21 1.59366e-20 3.64145e-21 1.63951e-20 3.93568e-21 1.68076e-20 4.20939e-21 1.71779e-20 4.46592e-21 1.75175e-20 4.70762e-21 1.78341e-20 4.93642e-21 1.81276e-20 5.15389e-21 1.84057e-20 5.36129e-21 1.86608e-20 5.55973e-21 1.89082e-20 5.74996e-21 1.91324e-20 5.93281e-21 1.93567e-20 6.10899e-21 1.95656e-20 6.27893e-21 1.97667e-20 6.44324e-21 1.99524e-20 6.60229e-21 2.01382e-20 6.75639e-21 2.03163e-20 6.906e-21 2.04866e-20 7.05131e-21 2.06492e-20 7.1927e-21 2.08041e-20 7.33037e-21 2.0959e-20 7.46445e-21 2.11062e-20 7.5953e-21 2.12456e-20 7.723e-21 2.13851e-20 7.84775e-21 2.15168e-20 7.96962e-21 2.16485e-20 8.08888e-21 2.17803e-20 8.20562e-21 2.19043e-20 8.31994e-21 2.20206e-20 8.43187e-21 2.21446e-20 8.54169e-21 2.22531e-20 8.64938e-21 2.23694e-20 8.75507e-21 2.2478e-20 8.85874e-21 2.25865e-20 8.96063e-21
610.839 4.26231e-22 4.26231e-22 3.73694e-33 8.76739e-12 3.77055e-07 6.56196e-21 4.36498e-22 7.7457e-21 7.58368e-22 9.09029e-21 1.25693e-21 9.95165e-21 1.6523e-21 1.06013e-20 1.98706e-21 1.11263e-20 2.28061e-21 1.15662e-20 2.54386e-21 1.19493e-20 2.78367e-21 1.22898e-20 3.00467e-21 1.25961e-20 3.21008e-21 1.2871e-20 3.40243e-21 1.31232e-20 3.58354e-21 1.33582e-20 3.75489e-21 1.35761e-20 3.91767e-21 1.37826e-20 4.07285e-21 1.39719e-20 4.22125e-21 1.41556e-20 4.36348e-21 1.4322e-20 4.50014e-21 1.44885e-20 4.63178e-21 1.46435e-20 4.75872e-21 1.47929e-20 4.88143e-21 1.49307e-20 5.00017e-21 1.50686e-20 5.11521e-21 1.52007e-20 5.22687e-21 1.53272e-20 5.3353e-21 1.54479e-20 5.44079e-21 1.55628e-20 5.54349e-21 1.56778e-20 5.64349e-21 1.5787e-20 5.74107e-21 1.58905e-20 5.8363e-21 1.5994e-20 5.9293e-21 1.60918e-20 6.02016e-21 1.61895e-20 6.10906e-21 1.62873e-20 6.19607e-21 1.63794e-20 6.28126e-21 1.64656e-20 6.36467e-21 1.65577e-20 6.4465e-21 1.66382e-20 6.52674e-21 1.67246e-20 6.60547e-21 1.68051e-20 6.6827e-21 1.68857e-20 6.75859e-21
642.193 3.8607e-22 3.8607e-22 3.05972e-33 7.92531e-12 2.53827e-07 4.95079e-21 3.43656e-22 5.831e-21 5.92023e-22 6.83018e-21 9.72759e-22 7.47001e-21 1.27257e-21 7.95246e-21 1.52544e-21 8.34233e-21 1.74662e-21 8.66895e-21 1.9446e-21 8.95338e-21 2.12471e-21 9.20612e-21 2.29052e-21 9.43349e-21 2.44448e-21 9.63757e-21 2.58856e-21 9.82472e-21 2.72413e-21 9.99916e-21 2.85233e-21 1.01609e-20 2.97406e-21 1.03141e-20 3.09006e-21 1.04547e-20 3.20096e-21 1.0591e-20 3.3072e-21 1.07145e-20 3.40926e-21 1.0838e-20 3.50753e-21 1.09531e-20 3.60228e-21 1.10639e-20 3.69385e-21 1.11662e-20 3.78245e-21 1.12685e-20 3.86826e-21 1.13666e-20 3.95154e-21 1.14604e-20 4.03239e-21 1.155e-20 4.11104e-21 1.16353e-20 4.1876e-21 1.17206e-20 4.26214e-21 1.18016e-20 4.33486e-21 1.18784e-20 4.40582e-21 1.19552e-20 4.47512e-21 1.20278e-20 4.54281e-21 1.21003e-20 4.60904e-21 1.21729e-20 4.67385e-21 1.22412e-20 4.7373e-21 1.23052e-20 4.79943e-21 1.23735e-20 4.86036e-21 1.24332e-20 4.92011e-21 1.24973e-20 4.97873e-21 1.25571e-20 5.03623e-21 1.26168e-20 5.09273e-21
675.157 3.49656e-22 3.49656e-22 2.50525e-33 7.1649e-12 4.20786e-07 3.73134e-21 2.70081e-22 4.38561e-21 4.61302e-22 5.12787e-21 7.51475e-22 5.60301e-21 9.78432e-22 5.9612e-21 1.16915e-21 6.25063e-21 1.33557e-21 6.49308e-21 1.48428e-21 6.70419e-21 1.6194e-21 6.89177e-21 1.74366e-21 7.06052e-21 1.85895e-21 7.21197e-21 1.96676e-21 7.35085e-21 2.06815e-21 7.48031e-21 2.16398e-21 7.60032e-21 2.25493e-21 7.71404e-21 2.34157e-21 7.81831e-21 2.42437e-21 7.91943e-21 2.50367e-21 8.0111e-21 2.57983e-21 8.10277e-21 2.65315e-21 8.18814e-21 2.72382e-21 8.27036e-21 2.7921e-21 8.34626e-21 2.85816e-21 8.42217e-21 2.92213e-21 8.49493e-21 2.9842e-21 8.56453e-21 3.04445e-21 8.63098e-21 3.10306e-21 8.69426e-21 3.16009e-21 8.75756e-21 3.21562e-21 8.81769e-21 3.26979e-21 8.87466e-21 3.32264e-21 8.93164e-21 3.37425e-21 8.98545e-21 3.42465e-21 9.03927e-21 3.47396e-21 9.0931e-21 3.52221e-21 9.14376e-21 3.56945e-21 9.19126e-21 3.61569e-21 9.24192e-21 3.66104e-21 9.28626e-21 3.70551e-21 9.33376e-21 3.74914e-21 9.3781e-21 3.79193e-21 9.42245e-21 3.83397e-21
709.813 3.16643e-22 3.16643e-22 2.05103e-33 6.47742e-12 5.18787e-07 2.80952e-21 2.11878e-22 3.29566e-21 3.58778e-22 3.8469e-21 5.79503e-22 4.19964e-21 7.51028e-22 4.46552e-21 8.94663e-22 4.68033e-21 1.01972e-21 4.86026e-21 1.13129e-21 5.01692e-21 1.23254e-21 5.15611e-21 1.32557e-21 5.28132e-21 1.41181e-21 5.3937e-21 1.49242e-21 5.49674e-21 1.56818e-21 5.59278e-21 1.63975e-21 5.68182e-21 1.70766e-21 5.76619e-21 1.77232e-21 5.84355e-21 1.8341e-21 5.91857e-21 1.89324e-21 5.98657e-21 1.95004e-21 6.05458e-21 2.0047e-21 6.11791e-21 2.05738e-21 6.1789e-21 2.10827e-21 6.2352e-21 2.15749e-21 6.29152e-21 2.20514e-21 6.34549e-21 2.25138e-21 6.39712e-21 2.29626e-21 6.4464e-21 2.3399e-21 6.49335e-21 2.38237e-21 6.5403e-21 2.42371e-21 6.5849e-21 2.46404e-21 6.62716e-21 2.50338e-21 6.66942e-21 2.54179e-21 6.70934e-21 2.5793e-21 6.74926e-21 2.616e-21 6.78918e-21 2.6519e-21 6.82676e-21 2.68705e-21 6.86199e-21 2.72145e-21 6.89957e-21 2.75519e-21 6.93246e-21 2.78827e-21 6.96769e-21 2.82073e-21 7.00058e-21 2.85256e-21 7.03347e-21 2.88383e-21
746.248 2.86727e-22 2.86727e-22 1.67925e-33 5.85662e-12 -1.26962e-06 2.11353e-21 1.65923e-22 2.47464e-21 2.78535e-22 2.88392e-21 4.46127e-22 3.14574e-21 5.75561e-22 3.34306e-21 6.83595e-22 3.50245e-21 7.77456e-22 3.63596e-21 8.61076e-22 3.75219e-21 9.36873e-22 3.85546e-21 1.00645e-21 3.94835e-21 1.07092e-21 4.03172e-21 1.13113e-21 4.10816e-21 1.1877e-21 4.17941e-21 1.24112e-21 4.24545e-21 1.29178e-21 4.30804e-21 1.34e-21 4.36542e-21 1.38607e-21 4.42107e-21 1.43016e-21 4.4715e-21 1.47248e-21 4.52195e-21 1.51321e-21 4.56892e-21 1.55245e-21 4.61416e-21 1.59036e-21 4.65592e-21 1.62701e-21 4.69769e-21 1.6625e-21 4.73772e-21 1.69692e-21 4.77601e-21 1.73033e-21 4.81257e-21 1.76281e-21 4.84739e-21 1.79442e-21 4.88221e-21 1.82519e-21 4.91529e-21 1.8552e-21 4.94663e-21 1.88447e-21 4.97797e-21 1.91304e-21 5.00758e-21 1.94095e-21 5.03719e-21 1.96825e-21 5.06679e-21 1.99495e-21 5.09466e-21 2.02109e-21 5.12079e-21 2.04668e-21 5.14866e-21 2.07177e-21 5.17305e-21 2.09637e-21 5.19918e-21 2.1205e-21 5.22357e-21 2.14417e-21 5.24796e-21 2.16742e-21
784.553 2.59612e-22 2.59612e-22 1.37476e-33 5.29544e-12 2.52658e-07 1.58855e-21 1.29699e-22 1.85671e-21 2.15845e-22 2.16051e-21 3.42869e-22 2.3548e-21 4.40398e-22 2.5012e-21 5.21551e-22 2.61945e-21 5.91919e-22 2.71849e-21 6.54524e-22 2.80471e-21 7.11213e-22 2.88132e-21 7.63212e-22 2.95022e-21 8.11356e-22 3.01205e-21 8.563e-22 3.06875e-21 8.98505e-22 3.12159e-21 9.38343e-22 3.17058e-21 9.76115e-22 3.21699e-21 1.01206e-21 3.25955e-21 1.04638e-21 3.30082e-21 1.07923e-21 3.33822e-21 1.11075e-21 3.37563e-21 1.14108e-21 3.41047e-21 1.1703e-21 3.44402e-21 1.19852e-21 3.47499e-21 1.2258e-21 3.50596e-21 1.25221e-21 3.53565e-21 1.27783e-21 3.56404e-21 1.30268e-21 3.59115e-21 1.32685e-21 3.61697e-21 1.35037e-21 3.64279e-21 1.37325e-21 3.66732e-21 1.39557e-21 3.69056e-21 1.41734e-21 3.71381e-21 1.43859e-21 3.73576e-21 1.45934e-21 3.75771e-21 1.47964e-21 3.77967e-21 1.49949e-21 3.80033e-21 1.51893e-21 3.81971e-21 1.53795e-21 3.84037e-21 1.5566e-21 3.85846e-21 1.57488e-21 3.87783e-21 1.59282e-21 3.89592e-21 1.61041e-21 3.91401e-21 1.62769e-21
824.824 2.35046e-22 2.35046e-22 1.12549e-33 4.78838e-12 -1.18085e-07 1.19302e-21 1.01202e-22 1.39211e-21 1.66971e-22 1.61756e-21 2.63087e-22 1.76171e-21 3.36476e-22 1.87032e-21 3.97366e-22 1.95803e-21 4.50069e-22 2.03149e-21 4.96897e-22 2.09544e-21 5.39259e-22 2.15226e-21 5.78088e-22 2.20336e-21 6.14017e-22 2.24921e-21 6.47542e-22 2.29126e-21 6.7901e-22 2.33045e-21 7.08703e-22 2.36677e-21 7.36847e-22 2.40119e-21 7.63622e-22 2.43275e-21 7.89184e-22 2.46335e-21 8.13641e-22 2.49109e-21 8.37109e-22 2.51883e-21 8.59684e-22 2.54466e-21 8.81429e-22 2.56954e-21 9.02425e-22 2.5925e-21 9.22723e-22 2.61547e-21 9.42369e-22 2.63748e-21 9.61423e-22 2.65854e-21 9.79909e-22 2.67864e-21 9.97882e-22 2.69778e-21 1.01537e-21 2.71693e-21 1.03238e-21 2.73511e-21 1.04898e-21 2.75235e-21 1.06516e-21 2.76958e-21 1.08096e-21 2.78586e-21 1.09638e-21 2.80213e-21 1.11147e-21 2.81841e-21 1.12622e-21 2.83373e-21 1.14067e-21 2.8481e-21 1.1548e-21 2.86342e-21 1.16866e-21 2.87683e-21 1.18225e-21 2.8912e-21 1.19558e-21 2.90461e-21 1.20865e-21 2.91801e-21 1.22149e-21
867.163 2.12785e-22 2.12785e-22 9.21369e-34 4.33004e-12 -4.24649e-07 8.95275e-22 7.88226e-23 1.04304e-21 1.28936e-22 1.21031e-21 2.01549e-22 1.31724e-21 2.56702e-22 1.39779e-21 3.02338e-22 1.46285e-21 3.41771e-22 1.51733e-21 3.76767e-22 1.56475e-21 4.08398e-22 1.60688e-21 4.37371e-22 1.64477e-21 4.64165e-22 1.67878e-21 4.89155e-22 1.70995e-21 5.12603e-22 1.73901e-21 5.34721e-22 1.76594e-21 5.55679e-22 1.79146e-21 5.75614e-22 1.81486e-21 5.9464e-22 1.83755e-21 6.12841e-22 1.85812e-21 6.30303e-22 1.87868e-21 6.47098e-22 1.89783e-21 6.63272e-22 1.91628e-21 6.78888e-22 1.9333e-21 6.93983e-22 1.95033e-21 7.08591e-22 1.96665e-21 7.22758e-22 1.98226e-21 7.36501e-22 1.99716e-21 7.49861e-22 2.01135e-21 7.62858e-22 2.02555e-21 7.75504e-22 2.03903e-21 7.87837e-22 2.05181e-21 7.99863e-22 2.06458e-21 8.11602e-22 2.07665e-21 8.23063e-22 2.08872e-21 8.34271e-22 2.10079e-21 8.45236e-22 2.11214e-21 8.55966e-22 2.12279e-21 8.66467e-22 2.13415e-21 8.76764e-22 2.14409e-21 8.86857e-22 2.15474e-21 8.96757e-22 2.16468e-21 9.06463e-22 2.17462e-21 9.15999e-22
911.674 1.92629e-22 1.92629e-22 7.54292e-34 3.91577e-12 -4.89636e-08 6.71381e-22 6.12855e-23 7.81034e-22 9.93993e-23 9.05127e-22 1.54177e-22 9.84437e-22 1.95577e-22 1.04418e-21 2.29748e-22 1.09242e-21 2.59228e-22 1.13282e-21 2.85361e-22 1.16798e-21 3.08963e-22 1.19922e-21 3.30568e-22 1.22731e-21 3.50539e-22 1.25253e-21 3.69156e-22 1.27564e-21 3.86619e-22 1.29718e-21 4.03087e-22 1.31715e-21 4.18687e-22 1.33607e-21 4.33522e-22 1.35342e-21 4.47678e-22 1.37024e-21 4.61218e-22 1.38549e-21 4.74205e-22 1.40074e-21 4.86695e-22 1.41493e-21 4.98722e-22 1.42861e-21 5.10332e-22 1.44123e-21 5.21553e-22 1.45385e-21 5.32412e-22 1.46595e-21 5.42941e-22 1.47752e-21 5.53155e-22 1.48857e-21 5.63084e-22 1.49909e-21 5.72741e-22 1.50961e-21 5.82138e-22 1.51961e-21 5.913e-22 1.52908e-21 6.00235e-22 1.53855e-21 6.08956e-22 1.54749e-21 6.17469e-22 1.55644e-21 6.25795e-22 1.56539e-21 6.33939e-22 1.57381e-21 6.41909e-22 1.5817e-21 6.49708e-22 1.59012e-21 6.57355e-22 1.59749e-21 6.64851e-22 1.60538e-21 6.72202e-22 1.61275e-21 6.7941e-22 1.62012e-21 6.86491e-22
958.471 1.74364e-22 1.74364e-22 6.17476e-34 3.54131e-12 2.71336e-07 5.03111e-22 4.75633e-23 5.84463e-22 7.64976e-23 6.76502e-22 1.1776e-22 7.35314e-22 1.48801e-22 7.7961e-22 1.74362e-22 8.15379e-22 1.96381e-22 8.4533e-22 2.15882e-22 8.714e-22 2.3348e-22 8.94558e-22 2.4958e-22 9.15385e-22 2.64455e-22 9.34075e-22 2.78317e-22 9.51211e-22 2.91315e-22 9.6718e-22 3.03569e-22 9.81983e-22 3.15175e-22 9.96009e-22 3.26209e-22 1.00887e-21 3.36736e-22 1.02134e-21 3.46804e-22 1.03264e-21 3.56459e-22 1.04394e-21 3.65743e-22 1.05446e-21 3.74682e-22 1.0646e-21 3.8331e-22 1.07395e-21 3.91649e-22 1.08331e-21 3.99718e-22 1.09228e-21 4.0754e-22 1.10086e-21 4.15129e-22 1.10904e-21 4.22504e-22 1.11684e-21 4.29678e-22 1.12464e-21 4.36657e-22 1.13205e-21 4.43462e-22 1.13907e-21 4.50098e-22 1.14609e-21 4.56574e-22 1.15272e-21 4.62896e-22 1.15935e-21 4.69078e-22 1.16598e-21 4.75125e-22 1.17222e-21 4.81043e-22 1.17807e-21 4.86833e-22 1.18431e-21 4.92511e-22 1.18977e-21 4.98075e-22 1.19563e-21 5.03533e-22 1.20109e-21 5.08884e-22 1.20655e-21 5.1414e-22
1007.67 1.57824e-22 1.57824e-22 5.05465e-34 3.20272e-12 3.78925e-06 3.7678e-22 3.68496e-23 4.37125e-22 5.87779e-23 5.0538e-22 8.98188e-23 5.48987e-22 1.13069e-22 5.81828e-22 1.32173e-22 6.08346e-22 1.48608e-22 6.30549e-22 1.63149e-22 6.49875e-22 1.76263e-22 6.67042e-22 1.88254e-22 6.82481e-22 1.99328e-22 6.96335e-22 2.09644e-22 7.09036e-22 2.19315e-22 7.20873e-22 2.2843e-22 7.31845e-22 2.3706e-22 7.42241e-22 2.45264e-22 7.51772e-22 2.5309e-22 7.61014e-22 2.60573e-22 7.69391e-22 2.67749e-22 7.77768e-22 2.74648e-22 7.85568e-22 2.81289e-22 7.9308e-22 2.877e-22 8.00014e-22 2.93894e-22 8.06948e-22 2.99887e-22 8.13594e-22 3.05698e-22 8.19952e-22 3.11333e-22 8.2602e-22 3.16811e-22 8.318e-22 3.22138e-22 8.37581e-22 3.2732e-22 8.43072e-22 3.32373e-22 8.48274e-22 3.373e-22 8.53477e-22 3.42108e-22 8.58391e-22 3.46802e-22 8.63305e-22 3.51392e-22 8.68219e-22 3.55881e-22 8.72844e-22 3.60273e-22 8.77181e-22 3.64572e-22 8.81806e-22 3.68786e-22 8.85853e-22 3.72916e-22 8.9019e-22 3.76967e-22 8.94237e-22 3.80938e-22 8.98285e-22 3.84839e-22
1059.39 1.42857e-22 1.42857e-22 4.13808e-34 2.89667e-12 -2.14269e-06 2.82021e-22 2.8502e-23 3.2678e-22 4.50947e-23 3.77394e-22 6.84191e-23 4.09726e-22 8.58187e-23 4.34074e-22 1.00086e-22 4.53732e-22 1.12346e-22 4.70192e-22 1.23183e-22 4.84517e-22 1.3295e-22 4.97242e-22 1.41877e-22 5.08686e-22 1.50118e-22 5.18956e-22 1.57793e-22 5.2837e-22 1.64985e-22 5.37144e-22 1.71762e-22 5.45277e-22 1.78179e-22 5.52982e-22 1.84276e-22 5.60046e-22 1.90093e-22 5.66897e-22 1.95653e-22 5.73105e-22 2.00984e-22 5.79315e-22 2.0611e-22 5.85096e-22 2.11043e-22 5.90663e-22 2.15805e-22 5.95802e-22 2.20405e-22 6.00942e-22 2.24856e-22 6.05868e-22 2.29171e-22 6.1058e-22 2.33356e-22 6.15077e-22 2.37423e-22 6.19361e-22 2.41378e-22 6.23645e-22 2.45225e-22 6.27715e-22 2.48977e-22 6.31571e-22 2.52634e-22 6.35427e-22 2.56203e-22 6.39069e-22 2.59687e-22 6.42711e-22 2.63094e-22 6.46353e-22 2.66426e-22 6.4978e-22 2.69686e-22 6.52994e-22 2.72876e-22 6.56422e-22 2.76004e-22 6.59422e-22 2.79069e-22 6.62636e-22 2.82075e-22 6.65635e-22 2.85022e-22 6.68635e-22 2.87917e-22
1113.77 1.29283e-22 1.29283e-22 3.38676e-34 2.61965e-12 -4.01226e-06 2.1094e-22 2.20045e-23 2.44129e-22 3.45385e-23 2.81651e-22 5.20415e-23 3.05616e-22 6.5049e-23 3.23662e-22 7.56953e-23 3.38232e-22 8.48324e-23 3.50431e-22 9.29036e-23 3.61048e-22 1.00174e-22 3.70478e-22 1.06815e-22 3.78959e-22 1.12944e-22 3.86569e-22 1.1865e-22 3.93546e-22 1.23996e-22 4.00047e-22 1.29033e-22 4.06074e-22 1.338e-22 4.11784e-22 1.38331e-22 4.17019e-22 1.42651e-22 4.22095e-22 1.46781e-22 4.26695e-22 1.5074e-22 4.31296e-22 1.54546e-22 4.3558e-22 1.58209e-22 4.39706e-22 1.61744e-22 4.43514e-22 1.6516e-22 4.47322e-22 1.68464e-22 4.50972e-22 1.71667e-22 4.54464e-22 1.74773e-22 4.57796e-22 1.77791e-22 4.60971e-22 1.80727e-22 4.64145e-22 1.83582e-22 4.67161e-22 1.86366e-22 4.70018e-22 1.8908e-22 4.72875e-22 1.91729e-22 4.75573e-22 1.94314e-22 4.78272e-22 1.96841e-22 4.8097e-22 1.99314e-22 4.8351e-22 2.01732e-22 4.85892e-22 2.04099e-22 4.88432e-22 2.0642e-22 4.90654e-22 2.08694e-22 4.93036e-22 2.10924e-22 4.95258e-22 2.1311e-22 4.97481e-22 2.15257e-22
1170.94 1.17005e-22 1.17005e-22 2.77228e-34 2.36937e-12 6.22991e-06 1.57705e-22 1.69615e-23 1.82313e-22 2.64165e-23 2.10129e-22 3.9538e-23 2.27893e-22 4.9255e-23 2.41268e-22 5.71945e-23 2.52067e-22 6.40013e-23 2.61107e-22 7.00097e-23 2.68975e-22 7.54189e-23 2.75964e-22 8.03584e-23 2.82249e-22 8.49151e-23 2.87889e-22 8.91564e-23 2.93059e-22 9.31293e-23 2.97877e-22 9.68716e-23 3.02343e-22 1.00413e-22 3.06575e-22 1.03778e-22 3.10454e-22 1.06987e-22 3.14215e-22 1.10053e-22 3.17624e-22 1.12993e-22 3.21034e-22 1.15819e-22 3.24208e-22 1.18538e-22 3.27265e-22 1.21163e-22 3.30087e-22 1.23698e-22 3.32909e-22 1.2615e-22 3.35614e-22 1.28527e-22 3.38201e-22 1.30833e-22 3.40671e-22 1.33073e-22 3.43023e-22 1.35251e-22 3.45375e-22 1.3737e-22 3.47609e-22 1.39435e-22 3.49727e-22 1.41449e-22 3.51844e-22 1.43414e-22 3.53843e-22 1.45332e-22 3.55843e-22 1.47208e-22 3.57842e-22 1.49042e-22 3.59724e-22 1.50836e-22 3.61489e-22 1.52592e-22 3.63371e-22 1.54313e-22 3.65018e-22 1.56e-22 3.66782e-22 1.57654e-22 3.68429e-22 1.59276e-22 3.70076e-22 1.60869e-22
1231.05 1.05893e-22 1.05893e-22 2.26948e-34 2.14317e-12 -9.79681e-07 1.17849e-22 1.30535e-23 1.36094e-22 2.01761e-23 1.56713e-22 3.00034e-23 1.69879e-22 3.72571e-23 1.79792e-22 4.31745e-23 1.87795e-22 4.82428e-23 1.94495e-22 5.27137e-23 2.00326e-22 5.67367e-23 2.05505e-22 6.0409e-23 2.10163e-22 6.37958e-23 2.14342e-22 6.69474e-23 2.18174e-22 6.98989e-23 2.21744e-22 7.26786e-23 2.25053e-22 7.53089e-23 2.28189e-22 7.78076e-23 2.31063e-22 8.01899e-23 2.33851e-22 8.24667e-23 2.36377e-22 8.46492e-23 2.38903e-22 8.67466e-23 2.41256e-22 8.87652e-23 2.43521e-22 9.07128e-23 2.45612e-22 9.25944e-23 2.47703e-22 9.44143e-23 2.49707e-22 9.61782e-23 2.51624e-22 9.78887e-23 2.53454e-22 9.95508e-23 2.55197e-22 1.01167e-22 2.5694e-22 1.02739e-22 2.58596e-22 1.04272e-22 2.60164e-22 1.05766e-22 2.61733e-22 1.07223e-22 2.63215e-22 1.08646e-22 2.64696e-22 1.10037e-22 2.66178e-22 1.11398e-22 2.67572e-22 1.12729e-22 2.6888e-22 1.14031e-22 2.70274e-22 1.15308e-22 2.71495e-22 1.16559e-22 2.72802e-22 1.17786e-22 2.74022e-22 1.18989e-22 2.75243e-22 1.2017e-22
1294.24 9.58432e-23 9.58432e-23 1.85804e-34 1.93862e-12 -5.73212e-07 8.80327e-23 1.00308e-23 1.01559e-22 1.539e-23 1.16843e-22 2.27439e-23 1.26603e-22 2.81556e-23 1.3395e-22 3.25638e-23 1.39881e-22 3.63362e-23 1.44846e-22 3.96618e-23 1.49168e-22 4.26531e-23 1.53006e-22 4.53826e-23 1.56458e-22 4.78992e-23 1.59555e-22 5.02405e-23 1.62394e-22 5.24328e-23 1.6504e-22 5.44972e-23 1.67492e-22 5.64503e-23 1.69816e-22 5.83055e-23 1.71946e-22 6.00741e-23 1.74012e-22 6.17642e-23 1.75884e-22 6.33842e-23 1.77756e-22 6.49409e-23 1.79499e-22 6.6439e-23 1.81178e-22 6.78844e-23 1.82727e-22 6.92806e-23 1.84277e-22 7.0631e-23 1.85762e-22 7.19399e-23 1.87182e-22 7.3209e-23 1.88538e-22 7.44421e-23 1.8983e-22 7.56412e-23 1.91121e-22 7.68075e-23 1.92348e-22 7.79443e-23 1.93511e-22 7.90526e-23 1.94673e-22 8.0134e-23 1.95771e-22 8.11894e-23 1.96869e-22 8.22213e-23 1.97967e-22 8.32304e-23 1.99e-22 8.42177e-23 1.99969e-22 8.51837e-23 2.01002e-22 8.61306e-23 2.01906e-22 8.70586e-23 2.02875e-22 8.79686e-23 2.0378e-22 8.88606e-23 2.04684e-22 8.97368e-23
1360.67 8.67322e-23 8.67322e-23 1.52098e-34 1.75365e-12 3.13446e-06 6.57211e-23 7.69509e-24 7.57471e-23 1.17219e-23 8.70745e-23 1.72194e-23 9.43064e-23 2.12536e-23 9.97508e-23 2.45354e-23 1.04146e-22 2.73415e-23 1.07825e-22 2.9814e-23 1.11027e-22 3.2037e-23 1.13871e-22 3.40648e-23 1.16428e-22 3.5934e-23 1.18723e-22 3.76726e-23 1.20827e-22 3.93004e-23 1.22787e-22 4.08328e-23 1.24604e-22 4.22826e-23 1.26326e-22 4.36595e-23 1.27904e-22 4.4972e-23 1.29434e-22 4.62262e-23 1.30821e-22 4.74282e-23 1.32208e-22 4.85832e-23 1.335e-22 4.96947e-23 1.34744e-22 5.07669e-23 1.35892e-22 5.18027e-23 1.3704e-22 5.28044e-23 1.3814e-22 5.37753e-23 1.39192e-22 5.47166e-23 1.40197e-22 5.56313e-23 1.41154e-22 5.65206e-23 1.42111e-22 5.73855e-23 1.4302e-22 5.82287e-23 1.43881e-22 5.90506e-23 1.44742e-22 5.98525e-23 1.45555e-22 6.06352e-23 1.46369e-22 6.14004e-23 1.47182e-22 6.21487e-23 1.47948e-22 6.28808e-23 1.48665e-22 6.35971e-23 1.49431e-22 6.42992e-23 1.50101e-22 6.49872e-23 1.50819e-22 6.5662e-23 1.51489e-22 6.63234e-23 1.52159e-22 6.6973e-23
1430.51 7.84895e-23 7.84895e-23 1.24508e-34 1.58631e-12 -7.42142e-06 4.9046e-23 5.89463e-24 5.64772e-23 8.91702e-24 6.48719e-23 1.30236e-23 7.0231e-23 1.60294e-23 7.42653e-23 1.84716e-23 7.75219e-23 2.05582e-23 8.02481e-23 2.23958e-23 8.26206e-23 2.40473e-23 8.47278e-23 2.55535e-23 8.66227e-23 2.69415e-23 8.83229e-23 2.82324e-23 8.98816e-23 2.94407e-23 9.13341e-23 3.05781e-23 9.26804e-23 3.1654e-23 9.39559e-23 3.26758e-23 9.51251e-23 3.36497e-23 9.6259e-23 3.45802e-23 9.72867e-23 3.5472e-23 9.83143e-23 3.63289e-23 9.92711e-23 3.71534e-23 1.00193e-22 3.79488e-23 1.01043e-22 3.8717e-23 1.01894e-22 3.946e-23 1.02709e-22 4.01801e-23 1.03489e-22 4.08782e-23 1.04233e-22 4.15566e-23 1.04942e-22 4.22161e-23 1.05651e-22 4.28575e-23 1.06324e-22 4.34828e-23 1.06962e-22 4.40923e-23 1.076e-22 4.46869e-23 1.08203e-22 4.52673e-23 1.08805e-22 4.58347e-23 1.09408e-22 4.63895e-23 1.09975e-22 4.69323e-23 1.10507e-22 4.74634e-23 1.11074e-22 4.7984e-23 1.11571e-22 4.84941e-23 1.12102e-22 4.89944e-23 1.12599e-22 4.94848e-23 1.13095e-22 4.99664e-23
1503.94 7.10247e-23 7.10247e-23 1.01919e-34 1.43497e-12 -1.55455e-06 3.65852e-23 4.50859e-24 4.20925e-23 6.77453e-24 4.8313e-23 9.83974e-24 5.22839e-23 1.20779e-23 5.5273e-23 1.38944e-23 5.76858e-23 1.54453e-23 5.97056e-23 1.68106e-23 6.14634e-23 1.80372e-23 6.30245e-23 1.91555e-23 6.44284e-23 2.01859e-23 6.5688e-23 2.1144e-23 6.68428e-23 2.20407e-23 6.79188e-23 2.28847e-23 6.89162e-23 2.3683e-23 6.98612e-23 2.44411e-23 7.07274e-23 2.51636e-23 7.15674e-23 2.58538e-23 7.23287e-23 2.65153e-23 7.30901e-23 2.71508e-23 7.37989e-23 2.77623e-23 7.44815e-23 2.83522e-23 7.51116e-23 2.89219e-23 7.57417e-23 2.94729e-23 7.63456e-23 3.00069e-23 7.69233e-23 3.05246e-23 7.74747e-23 3.10275e-23 7.79998e-23 3.15166e-23 7.8525e-23 3.19922e-23 7.90239e-23 3.24557e-23 7.94965e-23 3.29076e-23 7.99692e-23 3.33485e-23 8.04156e-23 3.37788e-23 8.08621e-23 3.41994e-23 8.13085e-23 3.46108e-23 8.17287e-23 3.50132e-23 8.21226e-23 3.54069e-23 8.25428e-23 3.57928e-23 8.29104e-23 3.6171e-23 8.33043e-23 3.65418e-23 8.3672e-23 3.69053e-23 8.40397e-23 3.72623e-23
1581.14 6.42723e-23 6.42723e-23 8.34326e-35 1.29811e-12 2.99646e-06 2.72814e-23 3.44376e-24 3.13628e-23 5.14096e-24 3.59722e-23 7.42742e-24 3.89145e-23 9.0933e-24 4.11292e-23 1.04439e-23 4.29169e-23 1.15964e-23 4.44133e-23 1.26104e-23 4.57156e-23 1.35212e-23 4.68723e-23 1.43514e-23 4.79123e-23 1.51162e-23 4.88456e-23 1.58272e-23 4.97011e-23 1.64926e-23 5.04983e-23 1.71188e-23 5.12372e-23 1.7711e-23 5.19373e-23 1.82734e-23 5.2579e-23 1.88093e-23 5.32014e-23 1.93212e-23 5.37654e-23 1.98118e-23 5.43294e-23 2.02832e-23 5.48545e-23 2.07366e-23 5.53602e-23 2.11741e-23 5.5827e-23 2.15966e-23 5.62939e-23 2.20051e-23 5.67412e-23 2.2401e-23 5.71692e-23 2.27849e-23 5.75777e-23 2.31578e-23 5.79667e-23 2.35204e-23 5.83558e-23 2.3873e-23 5.87254e-23 2.42167e-23 5.90755e-23 2.45517e-23 5.94257e-23 2.48786e-23 5.97564e-23 2.51975e-23 6.00871e-23 2.55094e-23 6.04178e-23 2.58143e-23 6.07291e-23 2.61126e-23 6.10209e-23 2.64045e-23 6.13322e-23 2.66906e-23 6.16046e-23 2.69709e-23 6.18964e-23 2.72458e-23 6.21688e-23 2.75152e-23 6.24412e-23 2.77798e-23
1662.3 5.81595e-23 5.81595e-23 6.82975e-35 1.17431e-12 -1.87821e-06 2.0336e-23 2.62676e-24 2.33604e-23 3.89677e-24 2.67758e-23 5.60122e-24 2.89557e-23 6.84056e-24 3.05965e-23 7.8444e-24 3.1921e-23 8.70049e-24 3.30296e-23 9.45347e-24 3.39944e-23 1.01296e-23 3.48513e-23 1.07457e-23 3.56218e-23 1.13133e-23 3.63132e-23 1.18408e-23 3.6947e-23 1.23344e-23 3.75376e-23 1.27989e-23 3.8085e-23 1.32382e-23 3.86036e-23 1.36553e-23 3.9079e-23 1.40527e-23 3.954e-23 1.44324e-23 3.99578e-23 1.47962e-23 4.03757e-23 1.51457e-23 4.07647e-23 1.5482e-23 4.11393e-23 1.58063e-23 4.14851e-23 1.61195e-23 4.18309e-23 1.64225e-23 4.21624e-23 1.6716e-23 4.24794e-23 1.70006e-23 4.2782e-23 1.7277e-23 4.30702e-23 1.75458e-23 4.33584e-23 1.78072e-23 4.36322e-23 1.8062e-23 4.38916e-23 1.83103e-23 4.4151e-23 1.85526e-23 4.4396e-23 1.87891e-23 4.4641e-23 1.90202e-23 4.48859e-23 1.92462e-23 4.51165e-23 1.94674e-23 4.53327e-23 1.96837e-23 4.55633e-23 1.98957e-23 4.57651e-23 2.01035e-23 4.59813e-23 2.03072e-23 4.6183e-23 2.05069e-23 4.63848e-23 2.07031e-23
1747.63 5.26295e-23 5.26295e-23 5.59118e-35 1.06237e-12 -8.23294e-06 1.51543e-23 2.001e-24 1.73953e-23 2.95056e-24 1.9926e-23 4.22047e-24 2.15411e-23 5.14214e-24 2.27567e-23 5.88803e-24 2.3738e-23 6.5238e-24 2.45593e-23 7.08281e-24 2.52741e-23 7.58462e-24 2.59089e-23 8.04185e-24 2.64797e-23 8.46291e-24 2.69919e-23 8.85427e-24 2.74615e-23 9.22043e-24 2.7899e-23 9.56497e-24 2.83045e-23 9.89076e-24 2.86887e-23 1.02001e-23 2.90409e-23 1.04948e-23 2.93824e-23 1.07763e-23 2.9692e-23 1.10461e-23 3.00015e-23 1.13052e-23 3.02897e-23 1.15545e-23 3.05672e-23 1.1795e-23 3.08234e-23 1.20272e-23 3.10796e-23 1.22518e-23 3.13251e-23 1.24694e-23 3.15599e-23 1.26804e-23 3.17841e-23 1.28853e-23 3.19976e-23 1.30846e-23 3.22111e-23 1.32783e-23 3.24139e-23 1.34672e-23 3.26061e-23 1.36513e-23 3.27983e-23 1.38309e-23 3.29797e-23 1.40061e-23 3.31612e-23 1.41775e-23 3.33427e-23 1.4345e-23 3.35135e-23 1.45089e-23 3.36737e-23 1.46692e-23 3.38445e-23 1.48264e-23 3.3994e-23 1.49804e-23 3.41541e-23 1.51314e-23 3.43036e-23 1.52794e-23 3.4453e-23 1.54247e-23
1837.33 4.76208e-23 4.76208e-23 4.57654e-35 9.61037e-13 -1.20598e-05 1.12884e-23 1.52225e-24 1.29488e-23 2.23159e-24 1.48237e-23 3.17717e-24 1.60202e-23 3.86228e-24 1.69207e-23 4.41629e-24 1.76476e-23 4.8883e-24 1.82561e-23 5.30317e-24 1.87855e-23 5.67552e-24 1.92558e-23 6.01472e-24 1.96786e-23 6.32705e-24 2.0058e-23 6.61731e-24 2.04058e-23 6.88886e-24 2.07299e-23 7.14435e-24 2.10303e-23 7.38593e-24 2.13149e-23 7.61526e-24 2.15758e-23 7.83378e-24 2.18288e-23 8.0425e-24 2.20581e-23 8.24248e-24 2.22873e-23 8.43459e-24 2.25008e-23 8.6194e-24 2.27064e-23 8.79765e-24 2.28961e-23 8.9698e-24 2.30859e-23 9.13625e-24 2.32678e-23 9.29755e-24 2.34417e-23 9.45391e-24 2.36078e-23 9.60581e-24 2.37659e-23 9.75349e-24 2.39241e-23 9.8971e-24 2.40743e-23 1.00371e-23 2.42166e-23 1.01735e-23 2.4359e-23 1.03066e-23 2.44934e-23 1.04365e-23 2.46278e-23 1.05635e-23 2.47623e-23 1.06876e-23 2.48888e-23 1.08091e-23 2.50074e-23 1.09279e-23 2.51339e-23 1.10444e-23 2.52447e-23 1.11585e-23 2.53633e-23 1.12704e-23 2.5474e-23 1.13801e-23 2.55847e-23 1.14878e-23
1931.64 4.30929e-23 4.30929e-23 3.74683e-35 8.69477e-13 -1.78542e-06 8.40707e-24 1.15674e-24 9.63738e-24 1.6863e-24 1.10264e-23 2.39011e-24 1.19129e-23 2.89926e-24 1.25801e-23 3.31068e-24 1.31186e-23 3.66105e-24 1.35693e-23 3.96893e-24 1.39616e-23 4.24519e-24 1.431e-23 4.49682e-24 1.46232e-23 4.72848e-24 1.49043e-23 4.94376e-24 1.51619e-23 5.14513e-24 1.5402e-23 5.33459e-24 1.56246e-23 5.51371e-24 1.58354e-23 5.68375e-24 1.60287e-23 5.84577e-24 1.62161e-23 6.00051e-24 1.63859e-23 6.14876e-24 1.65558e-23 6.29118e-24 1.67139e-23 6.42818e-24 1.68662e-23 6.56031e-24 1.70068e-23 6.68792e-24 1.71473e-23 6.8113e-24 1.72821e-23 6.93086e-24 1.74109e-23 7.04676e-24 1.75339e-23 7.15935e-24 1.76511e-23 7.2688e-24 1.77682e-23 7.37524e-24 1.78795e-23 7.47898e-24 1.7985e-23 7.5801e-24 1.80904e-23 7.67875e-24 1.819e-23 7.77501e-24 1.82896e-23 7.86911e-24 1.83892e-23 7.96112e-24 1.84829e-23 8.05113e-24 1.85708e-23 8.13919e-24 1.86645e-23 8.2255e-24 1.87465e-23 8.31008e-24 1.88344e-23 8.39301e-24 1.89164e-23 8.47429e-24 1.89984e-23 8.55411e-24
2030.79 3.89929e-23 3.89929e-23 3.0671e-35 7.86578e-13 -1.83458e-06 6.25906e-24 8.77905e-25 7.17058e-24 1.27295e-24 8.19965e-24 1.79655e-24 8.85634e-24 2.17479e-24 9.35059e-24 2.48023e-24 9.7495e-24 2.74025e-24 1.00834e-23 2.96867e-24 1.0374e-23 3.17359e-24 1.0632e-23 3.36022e-24 1.08641e-23 3.53202e-24 1.10723e-23 3.69164e-24 1.12631e-23 3.84095e-24 1.1441e-23 3.98142e-24 1.16058e-23 4.11422e-24 1.1762e-23 4.24027e-24 1.19052e-23 4.36037e-24 1.2044e-23 4.47508e-24 1.21698e-23 4.58497e-24 1.22956e-23 4.69053e-24 1.24128e-23 4.79208e-24 1.25256e-23 4.89001e-24 1.26297e-23 4.98459e-24 1.27338e-23 5.07603e-24 1.28336e-23 5.16464e-24 1.29291e-23 5.25054e-24 1.30202e-23 5.33398e-24 1.31069e-23 5.41509e-24 1.31937e-23 5.49398e-24 1.32762e-23 5.57085e-24 1.33543e-23 5.64579e-24 1.34324e-23 5.71889e-24 1.35061e-23 5.79022e-24 1.35799e-23 5.85996e-24 1.36537e-23 5.92814e-24 1.37231e-23 5.99484e-24 1.37882e-23 6.06009e-24 1.38576e-23 6.12405e-24 1.39184e-23 6.18672e-24 1.39834e-23 6.24817e-24 1.40442e-23 6.3084e-24 1.41049e-23 6.36755e-24
2135.03 3.52826e-23 3.52826e-23 2.51075e-35 7.11609e-13 6.46245e-06 4.65861e-24 6.65523e-25 5.33391e-24 9.6004e-25 6.09626e-24 1.34941e-24 6.58272e-24 1.63032e-24 6.94885e-24 1.85703e-24 7.24435e-24 2.04995e-24 7.4917e-24 2.21939e-24 7.70693e-24 2.37138e-24 7.89809e-24 2.50977e-24 8.06997e-24 2.63716e-24 8.2242e-24 2.75551e-24 8.36557e-24 2.86621e-24 8.49731e-24 2.97034e-24 8.61941e-24 3.06878e-24 8.73509e-24 3.16222e-24 8.84113e-24 3.25124e-24 8.94397e-24 3.33626e-24 9.03716e-24 3.41771e-24 9.13035e-24 3.49595e-24 9.21712e-24 3.57121e-24 9.30067e-24 3.64379e-24 9.3778e-24 3.71388e-24 9.45493e-24 3.78165e-24 9.52885e-24 3.84731e-24 9.59955e-24 3.91097e-24 9.66704e-24 3.9728e-24 9.73132e-24 4.03291e-24 9.7956e-24 4.09137e-24 9.85666e-24 4.14834e-24 9.91451e-24 4.20386e-24 9.97237e-24 4.25803e-24 1.0027e-23 4.31089e-24 1.00816e-23 4.36256e-24 1.01363e-23 4.41309e-24 1.01877e-23 4.46251e-24 1.02359e-23 4.51086e-24 1.02873e-23 4.55825e-24 1.03323e-23 4.60469e-24 1.03806e-23 4.65022e-24 1.04256e-23 4.69485e-24 1.04706e-23 4.73867e-24
2244.63 3.19229e-23 3.19229e-23 2.05511e-35 6.43771e-13 -1.80037e-06 3.46627e-24 5.03934e-25 3.96652e-24 7.23362e-25 4.53122e-24 1.01278e-24 4.89156e-24 1.22134e-24 5.16274e-24 1.38957e-24 5.38162e-24 1.53268e-24 5.56483e-24 1.65834e-24 5.72425e-24 1.77104e-24 5.86583e-24 1.87364e-24 5.99315e-24 1.96808e-24 6.10737e-24 2.05582e-24 6.21209e-24 2.13787e-24 6.30966e-24 2.21505e-24 6.4001e-24 2.28802e-24 6.48578e-24 2.35727e-24 6.56432e-24 2.42324e-24 6.64048e-24 2.48625e-24 6.70951e-24 2.54661e-24 6.77853e-24 2.60459e-24 6.8428e-24 2.66036e-24 6.90468e-24 2.71414e-24 6.96181e-24 2.76608e-24 7.01893e-24 2.8163e-24 7.07368e-24 2.86496e-24 7.12605e-24 2.91212e-24 7.17603e-24 2.95794e-24 7.22364e-24 3.00248e-24 7.27125e-24 3.04579e-24 7.31648e-24 3.088e-24 7.35933e-24 3.12914e-24 7.40217e-24 3.16928e-24 7.44264e-24 3.20844e-24 7.48311e-24 3.24672e-24 7.52358e-24 3.28416e-24 7.56166e-24 3.32077e-24 7.59737e-24 3.3566e-24 7.63546e-24 3.39171e-24 7.66879e-24 3.42611e-24 7.7045e-24 3.45984e-24 7.73782e-24 3.4929e-24 7.77115e-24 3.52537e-24
2359.84 2.88853e-23 2.88853e-23 1.68231e-35 5.82412e-13 7.52972e-06 2.5787e-24 3.81212e-25 2.9493e-24 5.44621e-25 3.36762e-24 7.59697e-25 3.63454e-24 9.14513e-25 3.83542e-24 1.03933e-24 3.99755e-24 1.14548e-24 4.13326e-24 1.23867e-24 4.25135e-24 1.32223e-24 4.35623e-24 1.39831e-24 4.45053e-24 1.46832e-24 4.53514e-24 1.53335e-24 4.6127e-24 1.59418e-24 4.68498e-24 1.65138e-24 4.75197e-24 1.70546e-24 4.81543e-24 1.75679e-24 4.87361e-24 1.80568e-24 4.93002e-24 1.85238e-24 4.98115e-24 1.89711e-24 5.03228e-24 1.94008e-24 5.07988e-24 1.98141e-24 5.12572e-24 2.02126e-24 5.16803e-24 2.05975e-24 5.21035e-24 2.09696e-24 5.2509e-24 2.13302e-24 5.28969e-24 2.16797e-24 5.32671e-24 2.20192e-24 5.36198e-24 2.23492e-24 5.39724e-24 2.26701e-24 5.43074e-24 2.29829e-24 5.46248e-24 2.32877e-24 5.49421e-24 2.35851e-24 5.52419e-24 2.38753e-24 5.55416e-24 2.41589e-24 5.58414e-24 2.44363e-24 5.61235e-24 2.47076e-24 5.6388e-24 2.4973e-24 5.66701e-24 2.52331e-24 5.6917e-24 2.5488e-24 5.71814e-24 2.57379e-24 5.74283e-24 2.59829e-24 5.76752e-24 2.62235e-24
2480.97 2.61361e-23 2.61361e-23 1.37711e-35 5.269e-13 -3.28805e-05 1.91792e-24 2.8808e-25 2.19245e-24 4.0971e-25 2.50233e-24 5.69485e-25 2.70004e-24 6.84381e-25 2.84884e-24 7.7697e-25 2.96893e-24 8.55693e-25 3.06945e-24 9.24791e-25 3.15692e-24 9.86744e-25 3.2346e-24 1.04314e-24 3.30445e-24 1.09504e-24 3.36713e-24 1.14324e-24 3.42458e-24 1.18832e-24 3.47811e-24 1.23072e-24 3.52773e-24 1.2708e-24 3.57474e-24 1.30883e-24 3.61783e-24 1.34507e-24 3.65961e-24 1.37967e-24 3.69748e-24 1.41282e-24 3.73535e-24 1.44466e-24 3.77061e-24 1.47528e-24 3.80456e-24 1.50482e-24 3.8359e-24 1.53333e-24 3.86724e-24 1.56091e-24 3.89728e-24 1.58762e-24 3.92601e-24 1.61352e-24 3.95343e-24 1.63867e-24 3.97955e-24 1.66312e-24 4.00567e-24 1.6869e-24 4.03048e-24 1.71007e-24 4.05399e-24 1.73266e-24 4.0775e-24 1.75469e-24 4.0997e-24 1.77619e-24 4.1219e-24 1.79721e-24 4.1441e-24 1.81775e-24 4.165e-24 1.83785e-24 4.18459e-24 1.85752e-24 4.20548e-24 1.87679e-24 4.22377e-24 1.89567e-24 4.24336e-24 1.91419e-24 4.26164e-24 1.93234e-24 4.27993e-24 1.95016e-24
2608.32 2.36478e-23 2.36478e-23 1.12723e-35 4.76677e-13 3.1282e-05 1.42612e-24 2.17487e-25 1.62948e-24 3.07976e-25 1.85901e-24 4.26633e-25 2.00546e-24 5.11884e-25 2.11567e-24 5.80556e-25 2.20462e-24 6.38929e-25 2.27908e-24 6.90157e-25 2.34386e-24 7.36082e-25 2.4014e-24 7.77884e-25 2.45314e-24 8.16348e-25 2.49955e-24 8.52075e-25 2.54211e-24 8.85483e-25 2.58176e-24 9.16904e-25 2.61851e-24 9.46603e-25 2.65332e-24 9.74788e-25 2.68524e-24 1.00164e-24 2.71619e-24 1.02728e-24 2.74424e-24 1.05184e-24 2.77229e-24 1.07543e-24 2.7984e-24 1.09812e-24 2.82355e-24 1.12e-24 2.84676e-24 1.14113e-24 2.86997e-24 1.16156e-24 2.89222e-24 1.18135e-24 2.9135e-24 1.20054e-24 2.93381e-24 1.21918e-24 2.95315e-24 1.23729e-24 2.9725e-24 1.25491e-24 2.99088e-24 1.27208e-24 3.00829e-24 1.28881e-24 3.0257e-24 1.30513e-24 3.04214e-24 1.32106e-24 3.05859e-24 1.33663e-24 3.07503e-24 1.35185e-24 3.09051e-24 1.36674e-24 3.10502e-24 1.38131e-24 3.12049e-24 1.39559e-24 3.13403e-24 1.40958e-24 3.14854e-24 1.42329e-24 3.16209e-24 1.43674e-24 3.17563e-24 1.44994e-24
2742.21 2.13963e-23 2.13963e-23 9.2269e-36 4.31239e-13 2.17349e-05 1.06021e-24 1.64041e-25 1.21085e-24 2.31335e-25 1.38086e-24 3.19433e-25 1.48933e-24 3.82677e-25 1.57097e-24 4.33602e-25 1.63685e-24 4.7688e-25 1.692e-24 5.14856e-25 1.73998e-24 5.48897e-25 1.7826e-24 5.79879e-25 1.82092e-24 6.08386e-25 1.8553e-24 6.34862e-25 1.88681e-24 6.59619e-25 1.91618e-24 6.82902e-25 1.9434e-24 7.04909e-25 1.96919e-24 7.25794e-25 1.99283e-24 7.45689e-25 2.01575e-24 7.64687e-25 2.03652e-24 7.82886e-25 2.0573e-24 8.00364e-25 2.07664e-24 8.17176e-25 2.09526e-24 8.33388e-25 2.11245e-24 8.49043e-25 2.12965e-24 8.64177e-25 2.14612e-24 8.78841e-25 2.16188e-24 8.93055e-25 2.17693e-24 9.06862e-25 2.19126e-24 9.20284e-25 2.20558e-24 9.33334e-25 2.2192e-24 9.46053e-25 2.23209e-24 9.58448e-25 2.24499e-24 9.70541e-25 2.25716e-24 9.8234e-25 2.26934e-24 9.93874e-25 2.28152e-24 1.00515e-24 2.29298e-24 1.01618e-24 2.30373e-24 1.02697e-24 2.31519e-24 1.03755e-24 2.32522e-24 1.04792e-24 2.33597e-24 1.05808e-24 2.346e-24 1.06804e-24 2.35603e-24 1.07782e-24
2882.97 1.93584e-23 1.93584e-23 7.55236e-36 3.90133e-13 -2.05459e-05 7.88013e-25 1.23617e-25 8.99587e-25 1.73641e-25 1.02551e-24 2.39033e-25 1.10585e-24 2.85941e-25 1.16631e-24 3.23701e-25 1.21511e-24 3.55783e-25 1.25595e-24 3.83932e-25 1.29149e-24 4.09161e-25 1.32305e-24 4.32121e-25 1.35144e-24 4.53246e-25 1.3769e-24 4.72865e-25 1.40024e-24 4.91209e-25 1.42199e-24 5.08462e-25 1.44215e-24 5.24767e-25 1.46125e-24 5.40241e-25 1.47876e-24 5.54982e-25 1.49573e-24 5.69057e-25 1.51112e-24 5.8254e-25 1.5265e-24 5.95489e-25 1.54083e-24 6.07944e-25 1.55462e-24 6.19954e-25 1.56736e-24 6.31552e-25 1.58009e-24 6.42764e-25 1.59229e-24 6.53627e-25 1.60396e-24 6.64157e-25 1.61511e-24 6.74386e-25 1.62572e-24 6.84328e-25 1.63633e-24 6.93996e-25 1.64641e-24 7.03418e-25 1.65596e-24 7.126e-25 1.66551e-24 7.21558e-25 1.67453e-24 7.30299e-25 1.68355e-24 7.38843e-25 1.69257e-24 7.47197e-25 1.70106e-24 7.55368e-25 1.70902e-24 7.63362e-25 1.71751e-24 7.71197e-25 1.72494e-24 7.78874e-25 1.7329e-24 7.86401e-25 1.74032e-24 7.93779e-25 1.74775e-24 8.01024e-25
3030.95 1.75156e-23 1.75156e-23 6.18226e-36 3.52957e-13 -7.74538e-06 5.85622e-25 9.30815e-26 6.68268e-25 1.30257e-25 7.6154e-25 1.78787e-25 8.21048e-25 2.13577e-25 8.6583e-25 2.41572e-25 9.01973e-25 2.65354e-25 9.32224e-25 2.86218e-25 9.58547e-25 3.04916e-25 9.81924e-25 3.21931e-25 1.00294e-24 3.37585e-25 1.0218e-24 3.52123e-25 1.03909e-24 3.65716e-25 1.0552e-24 3.78499e-25 1.07013e-24 3.90581e-25 1.08428e-24 4.02046e-25 1.09725e-24 4.12967e-25 1.10982e-24 4.23396e-25 1.12122e-24 4.33385e-25 1.13261e-24 4.42978e-25 1.14322e-24 4.52206e-25 1.15344e-24 4.61104e-25 1.16287e-24 4.69696e-25 1.1723e-24 4.78002e-25 1.18134e-24 4.8605e-25 1.18998e-24 4.93851e-25 1.19823e-24 5.01428e-25 1.20609e-24 5.08794e-25 1.21395e-24 5.15956e-25 1.22142e-24 5.22936e-25 1.22849e-24 5.29738e-25 1.23557e-24 5.36374e-25 1.24225e-24 5.42849e-25 1.24893e-24 5.49179e-25 1.25561e-24 5.55367e-25 1.2619e-24 5.61421e-25 1.26779e-24 5.67342e-25 1.27408e-24 5.73146e-25 1.27958e-24 5.78833e-25 1.28548e-24 5.84409e-25 1.29098e-24 5.89874e-25 1.29648e-24 5.95241e-25
3186.53 1.58475e-23 1.58475e-23 5.0606e-36 3.1933e-13 -2.47364e-05 4.3512e-25 7.00298e-26 4.96334e-25 9.76472e-26 5.65417e-25 1.33655e-25 6.09491e-25 1.59452e-25 6.42659e-25 1.80205e-25 6.69428e-25 1.97832e-25 6.91832e-25 2.13294e-25 7.11328e-25 2.27151e-25 7.28642e-25 2.39759e-25 7.4421e-25 2.51358e-25 7.58179e-25 2.6213e-25 7.70983e-25 2.72201e-25 7.82914e-25 2.81672e-25 7.93973e-25 2.90623e-25 8.04449e-25 2.99117e-25 8.14053e-25 3.07208e-25 8.23365e-25 3.14934e-25 8.31805e-25 3.22334e-25 8.40245e-25 3.29441e-25 8.48103e-25 3.36277e-25 8.55669e-25 3.42869e-25 8.62654e-25 3.49234e-25 8.69639e-25 3.55387e-25 8.76333e-25 3.61349e-25 8.82735e-25 3.67128e-25 8.88847e-25 3.72741e-25 8.94668e-25 3.78197e-25 9.00489e-25 3.83502e-25 9.06019e-25 3.88672e-25 9.11257e-25 3.93711e-25 9.16496e-25 3.98627e-25 9.21444e-25 4.03423e-25 9.26392e-25 4.08112e-25 9.31339e-25 4.12696e-25 9.35996e-25 4.1718e-25 9.40362e-25 4.21566e-25 9.45019e-25 4.25865e-25 9.49093e-25 4.30078e-25 9.53459e-25 4.34208e-25 9.57534e-25 4.38256e-25 9.61608e-25 4.42231e-25
3350.09 1.43385e-23 1.43385e-23 4.14228e-36 2.88893e-13 5.00222e-06 3.23247e-25 5.26474e-26 3.68587e-25 7.31585e-26 4.19755e-25 9.98711e-26 4.52399e-25 1.18998e-25 4.76964e-25 1.34381e-25 4.9679e-25 1.47445e-25 5.13384e-25 1.58904e-25 5.27824e-25 1.69171e-25 5.40647e-25 1.78514e-25 5.52177e-25 1.87108e-25 5.62523e-25 1.95089e-25 5.72006e-25 2.02551e-25 5.80843e-25 2.09568e-25 5.89033e-25 2.16199e-25 5.96792e-25 2.22492e-25 6.03905e-25 2.28486e-25 6.10802e-25 2.3421e-25 6.17053e-25 2.39692e-25 6.23303e-25 2.44957e-25 6.29123e-25 2.50021e-25 6.34727e-25 2.54904e-25 6.399e-25 2.59619e-25 6.45073e-25 2.64177e-25 6.50031e-25 2.68593e-25 6.54773e-25 2.72874e-25 6.593e-25 2.77032e-25 6.63611e-25 2.81074e-25 6.67922e-25 2.85004e-25 6.72017e-25 2.88834e-25 6.75897e-25 2.92566e-25 6.79777e-25 2.96207e-25 6.83441e-25 2.9976e-25 6.87106e-25 3.03233e-25 6.9077e-25 3.06629e-25 6.94219e-25 3.0995e-25 6.97452e-25 3.13199e-25 7.00901e-25 3.16384e-25 7.03919e-25 3.19504e-25 7.07153e-25 3.22563e-25 7.1017e-25 3.25562e-25 7.13188e-25 3.28506e-25
3522.05 1.29731e-23 1.29731e-23 3.39069e-36 2.61364e-13 5.76528e-05 2.40101e-25 3.95507e-26 2.73683e-25 5.47801e-26 3.11581e-25 7.45938e-26 3.35758e-25 8.87737e-26 3.53953e-25 1.00176e-25 3.68637e-25 1.09857e-25 3.80927e-25 1.18348e-25 3.91621e-25 1.25956e-25 4.01118e-25 1.32879e-25 4.09658e-25 1.39246e-25 4.1732e-25 1.45159e-25 4.24344e-25 1.50687e-25 4.30888e-25 1.55886e-25 4.36954e-25 1.60798e-25 4.42701e-25 1.6546e-25 4.47969e-25 1.69901e-25 4.53077e-25 1.74141e-25 4.57706e-25 1.78202e-25 4.62336e-25 1.82102e-25 4.66646e-25 1.85853e-25 4.70797e-25 1.89471e-25 4.74628e-25 1.92963e-25 4.78459e-25 1.9634e-25 4.82131e-25 1.99611e-25 4.85643e-25 2.02782e-25 4.88995e-25 2.05862e-25 4.92188e-25 2.08856e-25 4.95381e-25 2.11767e-25 4.98414e-25 2.14604e-25 5.01288e-25 2.17369e-25 5.04161e-25 2.20066e-25 5.06875e-25 2.22698e-25 5.09589e-25 2.2527e-25 5.12303e-25 2.27786e-25 5.14858e-25 2.30246e-25 5.17252e-25 2.32652e-25 5.19807e-25 2.35011e-25 5.22042e-25 2.37322e-25 5.24436e-25 2.39589e-25 5.26671e-25 2.4181e-25 5.28906e-25 2.43991e-25
3702.84 1.17376e-23 1.17376e-23 2.7754e-36 2.36453e-13 1.51755e-05 1.78313e-25 2.9691e-26 2.03186e-25 4.0996e-26 2.31255e-25 5.56903e-26 2.49162e-25 6.62015e-26 2.62637e-25 7.46517e-26 2.73512e-25 8.18262e-26 2.82614e-25 8.81177e-26 2.90535e-25 9.37548e-26 2.97569e-25 9.88835e-26 3.03894e-25 1.03601e-25 3.09568e-25 1.07982e-25 3.1477e-25 1.12077e-25 3.19617e-25 1.15928e-25 3.2411e-25 1.19568e-25 3.28366e-25 1.23021e-25 3.32267e-25 1.2631e-25 3.3605e-25 1.29451e-25 3.39479e-25 1.3246e-25 3.42908e-25 1.35349e-25 3.461e-25 1.38127e-25 3.49174e-25 1.40807e-25 3.52011e-25 1.43394e-25 3.54849e-25 1.45895e-25 3.57568e-25 1.48319e-25 3.60169e-25 1.50667e-25 3.62652e-25 1.52949e-25 3.65017e-25 1.55166e-25 3.67381e-25 1.57323e-25 3.69628e-25 1.59424e-25 3.71756e-25 1.61472e-25 3.73884e-25 1.6347e-25 3.75894e-25 1.65419e-25 3.77904e-25 1.67325e-25 3.79914e-25 1.69188e-25 3.81806e-25 1.7101e-25 3.83579e-25 1.72793e-25 3.85471e-25 1.7454e-25 3.87126e-25 1.76252e-25 3.889e-25 1.7793e-25 3.90555e-25 1.79575e-25 3.9221e-25 1.81191e-25
3892.91 1.06194e-23 1.06194e-23 2.27175e-36 2.13925e-13 -8.80995e-05 1.32404e-25 2.22739e-26 1.50825e-25 3.06636e-26 1.71613e-25 4.15594e-26 1.84875e-25 4.93502e-26 1.94855e-25 5.56122e-26 2.02909e-25 6.09283e-26 2.0965e-25 6.55898e-26 2.15516e-25 6.97661e-26 2.20725e-25 7.35657e-26 2.25409e-25 7.70605e-26 2.29612e-25 8.03057e-26 2.33464e-25 8.33395e-26 2.37054e-25 8.61923e-26 2.40381e-25 8.88882e-26 2.43533e-25 9.14463e-26 2.46422e-25 9.38829e-26 2.49224e-25 9.62095e-26 2.51764e-25 9.84378e-26 2.54303e-25 1.00578e-25 2.56667e-25 1.02636e-25 2.58943e-25 1.04621e-25 2.61045e-25 1.06537e-25 2.63146e-25 1.0839e-25 2.6516e-25 1.10185e-25 2.67086e-25 1.11924e-25 2.68925e-25 1.13614e-25 2.70676e-25 1.15257e-25 2.72428e-25 1.16854e-25 2.74091e-25 1.1841e-25 2.75667e-25 1.19927e-25 2.77243e-25 1.21407e-25 2.78732e-25 1.22851e-25 2.80221e-25 1.24262e-25 2.81709e-25 1.25642e-25 2.8311e-25 1.26992e-25 2.84424e-25 1.28312e-25 2.85825e-25 1.29606e-25 2.8705e-25 1.30874e-25 2.88364e-25 1.32117e-25 2.8959e-25 1.33336e-25 2.90816e-25 1.34532e-25
4092.73 9.60823e-24 9.60823e-24 1.85943e-36 1.93525e-13 5.23724e-06 9.8306e-26 1.66999e-26 1.1195e-25 2.29253e-26 1.27347e-25 3.10039e-26 1.37169e-25 3.67782e-26 1.4456e-25 4.14186e-26 1.50525e-25 4.53576e-26 1.55518e-25 4.88114e-26 1.59862e-25 5.19055e-26 1.63721e-25 5.47205e-26 1.6719e-25 5.73096e-26 1.70302e-25 5.97137e-26 1.73155e-25 6.19611e-26 1.75814e-25 6.40744e-26 1.78278e-25 6.60715e-26 1.80613e-25 6.79664e-26 1.82753e-25 6.97714e-26 1.84828e-25 7.14948e-26 1.86708e-25 7.31454e-26 1.88589e-25 7.47307e-26 1.9034e-25 7.62553e-26 1.92026e-25 7.77254e-26 1.93582e-25 7.91449e-26 1.95138e-25 8.05172e-26 1.9663e-25 8.18467e-26 1.98057e-25 8.31353e-26 1.99418e-25 8.4387e-26 2.00715e-25 8.56036e-26 2.02012e-25 8.67866e-26 2.03245e-25 8.79395e-26 2.04412e-25 8.9063e-26 2.05579e-25 9.01591e-26 2.06682e-25 9.12285e-26 2.07784e-25 9.22738e-26 2.08886e-25 9.32959e-26 2.09924e-25 9.42956e-26 2.10897e-25 9.52735e-26 2.11934e-25 9.6232e-26 2.12842e-25 9.71712e-26 2.13815e-25 9.8092e-26 2.14723e-25 9.89944e-26 2.15631e-25 9.98807e-26
4302.81 8.69296e-24 8.69296e-24 1.52196e-36 1.75079e-13 8.1318e-05 7.29774e-26 1.25128e-26 8.30825e-26 1.71311e-26 9.44853e-26 2.31201e-26 1.0176e-25 2.73993e-26 1.07234e-25 3.08378e-26 1.11652e-25 3.37562e-26 1.15349e-25 3.6315e-26 1.18567e-25 3.86072e-26 1.21424e-25 4.06925e-26 1.23993e-25 4.26104e-26 1.26298e-25 4.43913e-26 1.28411e-25 4.60561e-26 1.3038e-25 4.76215e-26 1.32205e-25 4.91008e-26 1.33934e-25 5.05044e-26 1.35519e-25 5.18414e-26 1.37056e-25 5.31179e-26 1.38448e-25 5.43406e-26 1.39841e-25 5.55147e-26 1.41138e-25 5.6644e-26 1.42387e-25 5.77329e-26 1.43539e-25 5.87843e-26 1.44692e-25 5.98007e-26 1.45796e-25 6.07855e-26 1.46853e-25 6.17399e-26 1.47861e-25 6.2667e-26 1.48822e-25 6.35681e-26 1.49783e-25 6.44444e-26 1.50695e-25 6.52982e-26 1.5156e-25 6.61304e-26 1.52424e-25 6.69422e-26 1.5324e-25 6.77343e-26 1.54057e-25 6.85085e-26 1.54873e-25 6.92655e-26 1.55642e-25 7.00059e-26 1.56362e-25 7.07303e-26 1.57131e-25 7.14402e-26 1.57803e-25 7.21357e-26 1.58523e-25 7.28177e-26 1.59196e-25 7.34861e-26 1.59868e-25 7.41425e-26
4523.68 7.86499e-24 7.86499e-24 1.2458e-36 1.58398e-13 -5.90021e-05 5.41689e-26 9.37021e-27 6.1653e-26 1.27959e-26 7.00981e-26 1.72354e-26 7.54856e-26 2.04065e-26 7.95397e-26 2.29541e-26 8.28116e-26 2.51163e-26 8.555e-26 2.7012e-26 8.79329e-26 2.87101e-26 9.0049e-26 3.02548e-26 9.19518e-26 3.16756e-26 9.36589e-26 3.29948e-26 9.52238e-26 3.42279e-26 9.66821e-26 3.53875e-26 9.80336e-26 3.64832e-26 9.9314e-26 3.75229e-26 1.00488e-25 3.85132e-26 1.01626e-25 3.94588e-26 1.02657e-25 4.03644e-26 1.03689e-25 4.12341e-26 1.04649e-25 4.20705e-26 1.05574e-25 4.28771e-26 1.06427e-25 4.36558e-26 1.07281e-25 4.44087e-26 1.08099e-25 4.5138e-26 1.08882e-25 4.5845e-26 1.09629e-25 4.65316e-26 1.1034e-25 4.71991e-26 1.11051e-25 4.7848e-26 1.11727e-25 4.84805e-26 1.12367e-25 4.90968e-26 1.13008e-25 4.96981e-26 1.13612e-25 5.02847e-26 1.14217e-25 5.08582e-26 1.14822e-25 5.14189e-26 1.15391e-25 5.19673e-26 1.15924e-25 5.25038e-26 1.16493e-25 5.30295e-26 1.16991e-25 5.35447e-26 1.17525e-25 5.40498e-26 1.18023e-25 5.45449e-26 1.18521e-25 5.5031e-26
4755.88 7.1156e-24 7.1156e-24 1.01965e-36 1.43298e-13 7.7006e-05 4.02019e-26 7.01284e-27 4.57446e-26 9.55335e-27 5.1999e-26 1.28438e-26 5.59888e-26 1.51935e-26 5.89912e-26 1.7081e-26 6.14143e-26 1.86829e-26 6.34423e-26 2.00871e-26 6.5207e-26 2.1345e-26 6.67741e-26 2.24893e-26 6.81833e-26 2.35417e-26 6.94475e-26 2.45188e-26 7.06065e-26 2.54322e-26 7.16864e-26 2.62911e-26 7.26873e-26 2.71027e-26 7.36355e-26 2.78728e-26 7.45047e-26 2.86062e-26 7.53476e-26 2.93066e-26 7.61115e-26 2.99773e-26 7.68753e-26 3.06215e-26 7.75865e-26 3.1241e-26 7.82714e-26 3.18383e-26 7.89035e-26 3.24151e-26 7.95357e-26 3.29727e-26 8.01415e-26 3.35129e-26 8.0721e-26 3.40365e-26 8.12742e-26 3.45451e-26 8.1801e-26 3.50394e-26 8.23278e-26 3.55201e-26 8.28283e-26 3.59885e-26 8.33024e-26 3.64449e-26 8.37766e-26 3.68903e-26 8.42243e-26 3.73247e-26 8.46721e-26 3.77495e-26 8.51199e-26 3.81647e-26 8.55414e-26 3.85709e-26 8.59365e-26 3.89682e-26 8.6358e-26 3.93576e-26 8.67267e-26 3.97391e-26 8.71219e-26 4.01132e-26 8.74906e-26 4.04799e-26 8.78594e-26 4.08399e-26
5000 6.43777e-24 6.43777e-24 8.346e-37 1.29641e-13 -4.58274e-05 2.98336e-26 5.24593e-27 3.39386e-26 7.12979e-27 3.85705e-26 9.56849e-27 4.15254e-26 1.13095e-26 4.3749e-26 1.27079e-26 4.55435e-26 1.38945e-26 4.70454e-26 1.49348e-26 4.83523e-26 1.58666e-26 4.95129e-26 1.67142e-26 5.05565e-26 1.74937e-26 5.14928e-26 1.82175e-26 5.23511e-26 1.8894e-26 5.31508e-26 1.95302e-26 5.38921e-26 2.01313e-26 5.45943e-26 2.07017e-26 5.5238e-26 2.1245e-26 5.58623e-26 2.17637e-26 5.6428e-26 2.22605e-26 5.69937e-26 2.27376e-26 5.75204e-26 2.31965e-26 5.80276e-26 2.36389e-26 5.84957e-26 2.40661e-26 5.89639e-26 2.44791e-26 5.94126e-26 2.48792e-26 5.98417e-26 2.5267e-26 6.02514e-26 2.56436e-26 6.06415e-26 2.60098e-26 6.10317e-26 2.63657e-26 6.14023e-26 2.67127e-26 6.17534e-26 2.70508e-26 6.21046e-26 2.73806e-26 6.24362e-26 2.77024e-26 6.27678e-26 2.80169e-26 6.30995e-26 2.83245e-26 6.34116e-26 2.86253e-26 6.37042e-26 2.89195e-26 6.40163e-26 2.92079e-26 6.42894e-26 2.94905e-26 6.4582e-26 2.97676e-26 6.48552e-26 3.00391e-26 6.51283e-26 3.03058e-26
