# 3.16228e-05 2 60 : grain size, compostion index, size index
# Heating and cooling timescale: 0.000607821 663310
# Ratio of heating to cooling to determine stochastic cutoff: 100
# Equilibrium emission is recorded even for those grains in the stochastic regime.
# Emission spectrum was computed for: 
# Type: ISRF
# Scales: 0.0001 0.001 0.01 0.05 0.1 0.15 0.2 0.25 0.5 1 1.5 2 2.5 3 3.5 4 4.5 5 5.5 6 6.5 7 7.5 8 8.5 9 9.5 10 10.5 11 11.5 12 12.5 13 13.5 14 14.5 15 15.5 16 16.5 17 17.5 18 18.5 19 19.5 20 20.5 21 21.5 22 22.5 23 23.5 24 24.5 25 25.5 26 26.5 27 27.5 28 28.5 29 29.5 30
# StochasticallyHeated: 0 0 0 0 0 0 0 0 0 0 0 0 0 0 0 0 0 0 0 0 0 0 0 0 0 0 0 0 0 0 0 0 0 0 0 0 0 0 0 0 0 0 0 0 0 0 0 0 0 0 0 0 0 0 0 0 0 0 0 0 0 0 0 0 0 0 0 0
# Temperature: -1
# Wavelength  CExt  CAbs  CSca  Albedo G EqEm1 StEm1 EqEm2 StEm2 EqEm3 StEm3 EqEm4 StEm4 EqEm5 StEm5 EqEm6 StEm6 EqEm7 StEm7 EqEm8 StEm8 EqEm9 StEm9 EqEm10 StEm10 EqEm11 StEm11 EqEm12 StEm12 EqEm13 StEm13 EqEm14 StEm14 EqEm15 StEm15 EqEm16 StEm16 EqEm17 StEm17 EqEm18 StEm18 EqEm19 StEm19 EqEm20 StEm20 EqEm21 StEm21 EqEm22 StEm22 EqEm23 StEm23 EqEm24 StEm24 EqEm25 StEm25 EqEm26 StEm26 EqEm27 StEm27 EqEm28 StEm28 EqEm29 StEm29 EqEm30 StEm30 EqEm31 StEm31 EqEm32 StEm32 EqEm33 StEm33 EqEm34 StEm34 EqEm35 StEm35 EqEm36 StEm36 EqEm37 StEm37 EqEm38 StEm38 EqEm39 StEm39 EqEm40 StEm40 EqEm41 StEm41 EqEm42 StEm42 EqEm43 StEm43 EqEm44 StEm44 EqEm45 StEm45 EqEm46 StEm46 EqEm47 StEm47 EqEm48 StEm48 EqEm49 StEm49 EqEm50 StEm50 EqEm51 StEm51 EqEm52 StEm52 EqEm53 StEm53 EqEm54 StEm54 EqEm55 StEm55 EqEm56 StEm56 EqEm57 StEm57 EqEm58 StEm58 EqEm59 StEm59 EqEm60 StEm60 EqEm61 StEm61 EqEm62 StEm62 EqEm63 StEm63 EqEm64 StEm64 EqEm65 StEm65 EqEm66 StEm66 EqEm67 StEm67 EqEm68 StEm68
0.05 6.37952e-09 2.97677e-09 3.40275e-09 0.533387 0.971641 0 0 0 0 0 0 0 0 0 0 0 0 0 0 0 0 0 0 0 0 0 0 0 0 0 0 0 0 0 0 0 0 0 0 0 0 0 0 0 0 0 0 0 0 0 0 0 0 0 0 0 0 0 0 0 0 0 0 0 0 0 0 0 0 0 0 0 0 0 0 0 0 0 0 0 0 0 0 0 0 0 0 0 0 0 0 0 0 0 0 0 0 0 0 0 0 0 0 0 0 0 0 0 0 0 0 0 0 0 0 0 0 0 0 0 0 0 0 0 0 0 0 0 0 0 0 0 0 0 0 0 0 0 0 0 0
0.0525665 6.40426e-09 2.98876e-09 3.41549e-09 0.533316 0.969289 0 0 0 0 0 0 0 0 0 0 0 0 0 0 0 0 0 0 0 0 0 0 0 0 0 0 0 0 0 0 0 0 0 0 0 0 0 0 0 0 0 0 0 0 0 0 0 0 0 0 0 0 0 0 0 0 0 0 0 0 0 0 0 0 0 0 0 0 0 0 0 0 0 0 0 0 0 0 0 0 0 0 0 0 0 0 0 0 0 0 0 0 0 0 0 0 0 0 0 0 0 0 0 0 0 0 0 0 0 0 0 0 0 0 0 0 0 0 0 0 0 0 0 0 0 0 0 0 0 0 0 0 0 0 0 0
0.0552647 6.4287e-09 2.99983e-09 3.42887e-09 0.533369 0.966871 0 0 0 0 0 0 0 0 0 0 0 0 0 0 0 0 0 0 0 0 0 0 0 0 0 0 0 0 0 0 0 0 0 0 0 0 0 0 0 0 0 0 0 0 0 0 0 0 0 0 0 0 0 0 0 0 0 0 0 0 0 0 0 0 0 0 0 0 0 0 0 0 0 0 0 0 0 0 0 0 0 0 0 0 0 0 0 0 0 0 0 0 0 0 0 0 0 0 0 0 0 0 0 0 0 0 0 0 0 0 0 0 0 0 0 0 0 0 0 0 0 0 0 0 0 0 0 0 0 0 0 0 0 0 0 0
0.0581015 6.45352e-09 3.01021e-09 3.4433e-09 0.533555 0.964327 0 0 0 0 0 0 0 0 0 0 0 0 0 0 0 0 0 0 0 0 0 0 0 0 0 0 0 0 0 0 0 0 0 0 0 0 0 0 0 0 0 0 0 0 0 0 0 0 0 0 0 0 0 0 0 0 0 0 0 0 0 0 0 0 0 0 0 0 0 0 0 0 0 0 0 0 0 0 0 0 0 0 0 0 0 0 0 0 0 0 0 0 0 0 0 0 0 0 0 0 0 0 0 0 0 0 0 0 0 0 0 0 0 0 0 0 0 0 0 0 0 0 0 0 0 0 0 0 0 0 0 0 0 0 0 0
0.0610839 6.47947e-09 3.02056e-09 3.45891e-09 0.533826 0.961618 0 0 0 0 0 0 0 0 0 0 0 0 0 0 0 0 0 0 0 0 0 0 0 0 0 0 0 0 0 0 0 0 0 0 0 0 0 0 0 0 0 0 0 0 0 0 0 0 0 0 0 0 0 0 0 0 0 0 0 0 0 0 0 0 0 0 0 0 0 0 0 0 0 0 0 0 0 0 0 0 0 0 0 0 0 0 0 0 0 0 0 0 0 0 0 0 0 0 0 0 0 0 0 0 0 0 0 0 0 0 0 0 0 0 0 0 0 0 0 0 0 0 0 0 0 0 0 0 0 0 0 0 0 0 0 0
0.0642193 6.50706e-09 3.03188e-09 3.47518e-09 0.534063 0.958775 0 0 0 0 0 0 0 0 0 0 0 0 0 0 0 0 0 0 0 0 0 0 0 0 0 0 0 0 0 0 0 0 0 0 0 0 0 0 0 0 0 0 0 0 0 0 0 0 0 0 0 0 0 0 0 0 0 0 0 0 0 0 0 0 0 0 0 0 0 0 0 0 0 0 0 0 0 0 0 0 0 0 0 0 0 0 0 0 0 0 0 0 0 0 0 0 0 0 0 0 0 0 0 0 0 0 0 0 0 0 0 0 0 0 0 0 0 0 0 0 0 0 0 0 0 0 0 0 0 0 0 0 0 0 0 0
0.0675157 6.53548e-09 3.04469e-09 3.49079e-09 0.534129 0.955931 0 0 0 0 0 0 0 0 0 0 0 0 0 0 0 0 0 0 0 0 0 0 0 0 0 0 0 0 0 0 0 0 0 0 0 0 0 0 0 0 0 0 0 0 0 0 0 0 0 0 0 0 0 0 0 0 0 0 0 0 0 0 0 0 0 0 0 0 0 0 0 0 0 0 0 0 0 0 0 0 0 0 0 0 0 0 0 0 0 0 0 0 0 0 0 0 0 0 0 0 0 0 0 0 0 0 0 0 0 0 0 0 0 0 0 0 0 0 0 0 0 0 0 0 0 0 0 0 0 0 0 0 0 0 0 0
0.0709813 6.56426e-09 3.05875e-09 3.5055e-09 0.534029 0.953129 0 0 0 0 0 0 0 0 0 0 0 0 0 0 0 0 0 0 0 0 0 0 0 0 0 0 0 0 0 0 0 0 0 0 0 0 0 0 0 0 0 0 0 0 0 0 0 0 0 0 0 0 0 0 0 0 0 0 0 0 0 0 0 0 0 0 0 0 0 0 0 0 0 0 0 0 0 0 0 0 0 0 0 0 0 0 0 0 0 0 0 0 0 0 0 0 0 0 0 0 0 0 0 0 0 0 0 0 0 0 0 0 0 0 0 0 0 0 0 0 0 0 0 0 0 0 0 0 0 0 0 0 0 0 0 0
0.0746248 6.59351e-09 3.07264e-09 3.52087e-09 0.533991 0.950228 0 0 0 0 0 0 0 0 0 0 0 0 0 0 0 0 0 0 0 0 0 0 0 0 0 0 0 0 0 0 0 0 0 0 0 0 0 0 0 0 0 0 0 0 0 0 0 0 0 0 0 0 0 0 0 0 0 0 0 0 0 0 0 0 0 0 0 0 0 0 0 0 0 0 0 0 0 0 0 0 0 0 0 0 0 0 0 0 0 0 0 0 0 0 0 0 0 0 0 0 0 0 0 0 0 0 0 0 0 0 0 0 0 0 0 0 0 0 0 0 0 0 0 0 0 0 0 0 0 0 0 0 0 0 0 0
0.0784553 6.62446e-09 3.08579e-09 3.53867e-09 0.534183 0.947029 0 0 0 0 0 0 0 0 0 0 0 0 0 0 0 0 0 0 0 0 0 0 0 0 0 0 0 0 0 0 0 0 0 0 0 0 0 0 0 0 0 0 0 0 0 0 0 0 0 0 0 0 0 0 0 0 0 0 0 0 0 0 0 0 0 0 0 0 0 0 0 0 0 0 0 0 0 0 0 0 0 0 0 0 0 0 0 0 0 0 0 0 0 0 0 0 0 0 0 0 0 0 0 0 0 0 0 0 0 0 0 0 0 0 0 0 0 0 0 0 0 0 0 0 0 0 0 0 0 0 0 0 0 0 0 0
0.0824824 6.65903e-09 3.09896e-09 3.56007e-09 0.534623 0.943385 0 0 0 0 0 0 0 0 0 0 0 0 0 0 0 0 0 0 0 0 0 0 0 0 0 0 0 0 0 0 0 0 0 0 0 0 0 0 0 0 0 0 0 0 0 0 0 0 0 0 0 0 0 0 0 0 0 0 0 0 0 0 0 0 0 0 0 0 0 0 0 0 0 0 0 0 0 0 0 0 0 0 0 0 0 0 0 0 0 0 0 0 0 0 0 0 0 0 0 0 0 0 0 0 0 0 0 0 0 0 0 0 0 0 0 0 0 0 0 0 0 0 0 0 0 0 0 0 0 0 0 0 0 0 0 0
0.0867162 6.69738e-09 3.11505e-09 3.58233e-09 0.534885 0.939586 0 0 0 0 0 0 0 0 0 0 0 0 0 0 0 0 0 0 0 0 0 0 0 0 0 0 0 0 0 0 0 0 0 0 0 0 0 0 0 0 0 0 0 0 0 0 0 0 0 0 0 0 0 0 0 0 0 0 0 0 0 0 0 0 0 0 0 0 0 0 0 0 0 0 0 0 0 0 0 0 0 0 0 0 0 0 0 0 0 0 0 0 0 0 0 0 0 0 0 0 0 0 0 0 0 0 0 0 0 0 0 0 0 0 0 0 0 0 0 0 0 0 0 0 0 0 0 0 0 0 0 0 0 0 0 0
0.0911674 6.73814e-09 3.13534e-09 3.6028e-09 0.534687 0.935958 0 0 0 0 0 0 0 0 0 0 0 0 0 0 0 0 0 0 0 0 0 0 0 0 0 0 0 0 0 0 0 0 0 0 0 0 0 0 0 0 0 0 0 0 0 0 0 0 0 0 0 0 0 0 0 0 0 0 0 0 0 0 0 0 0 0 0 0 0 0 0 0 0 0 0 0 0 0 0 0 0 0 0 0 0 0 0 0 0 0 0 0 0 0 0 0 0 0 0 0 0 0 0 0 0 0 0 0 0 0 0 0 0 0 0 0 0 0 0 0 0 0 0 0 0 0 0 0 0 0 0 0 0 0 0 0
0.095847 6.77994e-09 3.15976e-09 3.62018e-09 0.533954 0.932695 0 0 0 0 0 0 0 0 0 0 0 0 0 0 0 0 0 0 0 0 0 0 0 0 0 0 0 0 0 0 0 0 0 0 0 0 0 0 0 0 0 0 0 0 0 0 0 0 0 0 0 0 0 0 0 0 0 0 0 0 0 0 0 0 0 0 0 0 0 0 0 0 0 0 0 0 0 0 0 0 0 0 0 0 0 0 0 0 0 0 0 0 0 0 0 0 0 0 0 0 0 0 0 0 0 0 0 0 0 0 0 0 0 0 0 0 0 0 0 0 0 0 0 0 0 0 0 0 0 0 0 0 0 0 0 0
0.100767 6.82208e-09 3.18729e-09 3.63479e-09 0.532798 0.929787 0 0 0 0 0 0 0 0 0 0 0 0 0 0 0 0 0 0 0 0 0 0 0 0 0 0 0 0 0 0 0 0 0 0 0 0 0 0 0 0 0 0 0 0 0 0 0 0 0 0 0 0 0 0 0 0 0 0 0 0 0 0 0 0 0 0 0 0 0 0 0 0 0 0 0 0 0 0 0 0 0 0 0 0 0 0 0 0 0 0 0 0 0 0 0 0 0 0 0 0 0 0 0 0 0 0 0 0 0 0 0 0 0 0 0 0 0 0 0 0 0 0 0 0 0 0 0 0 0 0 0 0 0 0 0 0
0.105939 6.86477e-09 3.21779e-09 3.64698e-09 0.53126 0.927217 0 0 0 0 0 0 0 0 0 0 0 0 0 0 0 0 0 0 0 0 0 0 0 0 0 0 0 0 0 0 0 0 0 0 0 0 0 0 0 0 0 0 0 0 0 0 0 0 0 0 0 0 0 0 0 0 0 0 0 0 0 0 0 0 0 0 0 0 0 0 0 0 0 0 0 0 0 0 0 0 0 0 0 0 0 0 0 0 0 0 0 0 0 0 0 0 0 0 0 0 0 0 0 0 0 0 0 0 0 0 0 0 0 0 0 0 0 0 0 0 0 0 0 0 0 0 0 0 0 0 0 0 0 0 0 0
0.111377 6.90759e-09 3.2515e-09 3.65609e-09 0.529286 0.925083 0 0 0 0 0 0 0 0 0 0 0 0 0 0 0 0 0 0 0 0 0 0 0 0 0 0 0 0 0 0 0 0 0 0 0 0 0 0 0 0 0 0 0 0 0 0 0 0 0 0 0 0 0 0 0 0 0 0 0 0 0 0 0 0 0 0 0 0 0 0 0 0 0 0 0 0 0 0 0 0 0 0 0 0 0 0 0 0 0 0 0 0 0 0 0 0 0 0 0 0 0 0 0 0 0 0 0 0 0 0 0 0 0 0 0 0 0 0 0 0 0 0 0 0 0 0 0 0 0 0 0 0 0 0 0 0
0.117094 6.94925e-09 3.28781e-09 3.66144e-09 0.526883 0.92347 0 0 0 0 0 0 0 0 0 0 0 0 0 0 0 0 0 0 0 0 0 0 0 0 0 0 0 0 0 0 0 0 0 0 0 0 0 0 0 0 0 0 0 0 0 0 0 0 0 0 0 0 0 0 0 0 0 0 0 0 0 0 0 0 0 0 0 0 0 0 0 0 0 0 0 0 0 0 0 0 0 0 0 0 0 0 0 0 0 0 0 0 0 0 0 0 0 0 0 0 0 0 0 0 0 0 0 0 0 0 0 0 0 0 0 0 0 0 0 0 0 0 0 0 0 0 0 0 0 0 0 0 0 0 0 0
0.123105 6.98819e-09 3.32616e-09 3.66203e-09 0.524031 0.922485 0 0 0 0 0 0 0 0 0 0 0 0 0 0 0 0 0 0 0 0 0 0 0 0 0 0 0 0 0 0 0 0 0 0 0 0 0 0 0 0 0 0 0 0 0 0 0 0 0 0 0 0 0 0 0 0 0 0 0 0 0 0 0 0 0 0 0 0 0 0 0 0 0 0 0 0 0 0 0 0 0 0 0 0 0 0 0 0 0 0 0 0 0 0 0 0 0 0 0 0 0 0 0 0 0 0 0 0 0 0 0 0 0 0 0 0 0 0 0 0 0 0 0 0 0 0 0 0 0 0 0 0 0 0 0 0
0.129424 7.02413e-09 3.36343e-09 3.6607e-09 0.521161 0.921694 0 0 0 0 0 0 0 0 0 0 0 0 0 0 0 0 0 0 0 0 0 0 0 0 0 0 0 0 0 0 0 0 0 0 0 0 0 0 0 0 0 0 0 0 0 0 0 0 0 0 0 0 0 0 0 0 0 0 0 0 0 0 0 0 0 0 0 0 0 0 0 0 0 0 0 0 0 0 0 0 0 0 0 0 0 0 0 0 0 0 0 0 0 0 0 0 0 0 0 0 0 0 0 0 0 0 0 0 0 0 0 0 0 0 0 0 0 0 0 0 0 0 0 0 0 0 0 0 0 0 0 0 0 0 0 0
0.136067 7.06098e-09 3.39739e-09 3.66358e-09 0.518849 0.920297 0 0 0 0 0 0 0 0 0 0 0 0 0 0 0 0 0 0 0 0 0 0 0 0 0 0 0 0 0 0 0 0 0 0 0 0 0 0 0 0 0 0 0 0 0 0 0 0 0 0 0 0 0 0 0 0 0 0 0 0 0 0 0 0 0 0 0 0 0 0 0 0 0 0 0 0 0 0 0 0 0 0 0 0 0 0 0 0 0 0 0 0 0 0 0 0 0 0 0 0 0 0 0 0 0 0 0 0 0 0 0 0 0 0 0 0 0 0 0 0 0 0 0 0 0 0 0 0 0 0 0 0 0 0 0 0
0.143051 7.10148e-09 3.43509e-09 3.66639e-09 0.516285 0.919018 0 0 0 0 0 0 0 0 0 0 0 0 0 0 0 0 0 0 0 0 0 0 0 0 0 0 0 0 0 0 0 0 0 0 0 0 0 0 0 0 0 0 0 0 0 0 0 0 0 0 0 0 0 0 0 0 0 0 0 0 0 0 0 0 0 0 0 0 0 0 0 0 0 0 0 0 0 0 0 0 0 0 0 0 0 0 0 0 0 0 0 0 0 0 0 0 0 0 0 0 0 0 0 0 0 0 0 0 0 0 0 0 0 0 0 0 0 0 0 0 0 0 0 0 0 0 0 0 0 0 0 0 0 0 0 0
0.150394 7.13731e-09 3.47482e-09 3.66249e-09 0.513147 0.918529 0 0 0 0 0 0 0 0 0 0 0 0 0 0 0 0 0 0 0 0 0 0 0 0 0 0 0 0 0 0 0 0 0 0 0 0 0 0 0 0 0 0 0 0 0 0 0 0 0 0 0 0 0 0 0 0 0 0 0 0 0 0 0 0 0 0 0 0 0 0 0 0 0 0 0 0 0 0 0 0 0 0 0 0 0 0 0 0 0 0 0 0 0 0 0 0 0 0 0 0 0 0 0 0 0 0 0 0 0 0 0 0 0 0 0 0 0 0 0 0 0 0 0 0 0 0 0 0 0 0 0 0 0 0 0 0
0.158114 7.17142e-09 3.51321e-09 3.65821e-09 0.510109 0.91795 0 0 0 0 0 0 0 0 0 0 0 0 0 0 0 0 0 0 0 0 0 0 0 0 0 0 0 0 0 0 0 0 0 0 0 0 0 0 0 0 0 0 0 0 0 0 0 0 0 0 0 0 0 0 0 0 0 0 0 0 0 0 0 0 0 0 0 0 0 0 0 0 0 0 0 0 0 0 0 0 0 0 0 0 0 0 0 0 0 0 0 0 0 0 0 0 0 0 0 0 0 0 0 0 0 0 0 0 0 0 0 0 0 0 0 0 0 0 0 0 0 0 0 0 0 0 0 0 0 0 0 0 0 0 0 0
0.16623 7.20417e-09 3.54999e-09 3.65419e-09 0.507232 0.917159 0 0 0 0 0 0 0 0 0 0 0 0 0 0 0 0 0 0 0 0 0 0 0 0 0 0 0 0 0 0 0 0 0 0 0 0 0 0 0 0 0 0 0 0 0 0 0 0 0 0 0 0 0 0 0 0 0 0 0 0 0 0 0 0 0 0 0 0 0 0 0 0 0 0 0 0 0 0 0 0 0 0 0 0 0 0 0 0 0 0 0 0 0 0 0 0 0 0 0 0 0 0 0 0 0 0 0 0 0 0 0 0 0 0 0 0 0 0 0 0 0 0 0 0 0 0 0 0 0 0 0 0 0 0 0 0
0.174762 7.23692e-09 3.58316e-09 3.65376e-09 0.504877 0.915663 0 0 0 0 0 0 0 0 0 0 0 0 0 0 0 0 0 0 0 0 0 0 0 0 0 0 0 0 0 0 0 0 0 0 0 0 0 0 0 0 0 0 0 0 0 0 0 0 0 0 0 0 0 0 0 0 0 0 0 0 0 0 0 0 0 0 0 0 0 0 0 0 0 0 0 0 0 0 0 0 0 0 0 0 0 0 0 0 0 0 0 0 0 0 0 0 0 0 0 0 0 0 0 0 0 0 0 0 0 0 0 0 0 0 0 0 0 0 0 0 0 0 0 0 0 0 0 0 0 0 0 0 0 0 0 0
0.183733 7.27289e-09 3.61684e-09 3.65605e-09 0.502696 0.91377 0 0 0 0 0 0 0 0 0 0 0 0 0 0 0 0 0 0 0 0 0 0 0 0 0 0 0 0 0 0 0 0 0 0 0 0 0 0 0 0 0 0 0 0 0 0 0 0 0 0 0 0 0 0 0 0 0 0 0 0 0 0 0 0 0 0 0 0 0 0 0 0 0 0 0 0 0 0 0 0 0 0 0 0 0 0 0 0 0 0 0 0 0 0 0 0 0 0 0 0 0 0 0 0 0 0 0 0 0 0 0 0 0 0 0 0 0 0 0 0 0 0 0 0 0 0 0 0 0 0 0 0 0 0 0 0
0.193164 7.30462e-09 3.64646e-09 3.65817e-09 0.500802 0.91147 0 0 0 0 0 0 0 0 0 0 0 0 0 0 0 0 0 0 0 0 0 0 0 0 0 0 0 0 0 0 0 0 0 0 0 0 0 0 0 0 0 0 0 0 0 0 0 0 0 0 0 0 0 0 0 0 0 0 0 0 0 0 0 0 0 0 0 0 0 0 0 0 0 0 0 0 0 0 0 0 0 0 0 0 0 0 0 0 0 0 0 0 0 0 0 0 0 0 0 0 0 0 0 0 0 0 0 0 0 0 0 0 0 0 0 0 0 0 0 0 0 0 0 0 0 0 0 0 0 0 0 0 0 0 0 0
0.203079 7.349e-09 3.67192e-09 3.67708e-09 0.500351 0.907035 0 0 0 0 0 0 0 0 0 0 0 0 0 0 0 0 0 0 0 0 0 0 0 0 0 0 0 0 0 0 0 0 0 0 0 0 0 0 0 0 0 0 0 0 0 0 0 0 0 0 0 0 0 0 0 0 0 0 0 0 0 0 0 0 0 0 0 0 0 0 0 0 0 0 0 0 0 0 0 0 0 0 0 0 0 0 0 0 0 0 0 0 0 0 0 0 0 0 0 0 0 0 0 0 0 0 0 0 0 0 0 0 0 0 0 0 0 0 0 0 0 0 0 0 0 0 0 0 0 0 0 0 0 0 0 0
0.213503 7.39969e-09 3.70512e-09 3.69457e-09 0.499287 0.903065 0 0 0 0 0 0 0 0 0 0 0 0 0 0 0 0 0 0 0 0 0 0 0 0 0 0 0 0 0 0 0 0 0 0 0 0 0 0 0 0 0 0 0 0 0 0 0 0 0 0 0 0 0 0 0 0 0 0 0 0 0 0 0 0 0 0 0 0 0 0 0 0 0 0 0 0 0 0 0 0 0 0 0 0 0 0 0 0 0 0 0 0 0 0 0 0 0 0 0 0 0 0 0 0 0 0 0 0 0 0 0 0 0 0 0 0 0 0 0 0 0 0 0 0 0 0 0 0 0 0 0 0 0 0 0 0
0.224463 7.45032e-09 3.7396e-09 3.71072e-09 0.498061 0.899119 0 0 0 0 0 0 0 0 0 0 0 0 0 0 0 0 0 0 0 0 0 0 0 0 0 0 0 0 0 0 0 0 0 0 0 0 0 0 0 0 0 0 0 0 0 0 0 0 0 0 0 0 0 0 0 0 0 0 0 0 0 0 0 0 0 0 0 0 0 0 0 0 0 0 0 0 0 0 0 0 0 0 0 0 0 0 0 0 0 0 0 0 0 0 0 0 0 0 0 0 0 0 0 0 0 0 0 0 0 0 0 0 0 0 0 0 0 0 0 0 0 0 0 0 0 0 0 0 0 0 0 0 0 0 0 0
0.235984 7.50677e-09 3.77716e-09 3.72961e-09 0.496833 0.89492 0 0 0 0 0 0 0 0 0 0 0 0 0 0 0 0 0 0 0 0 0 0 0 0 0 0 0 0 0 0 0 0 0 0 0 0 0 0 0 0 0 0 0 0 0 0 0 0 0 0 0 0 0 0 0 0 0 0 0 0 0 0 0 0 0 0 0 0 0 0 0 0 0 0 0 0 0 0 0 0 0 0 0 0 0 0 0 0 0 0 0 0 0 0 0 0 0 0 0 0 0 0 0 0 0 0 0 0 0 0 0 0 0 0 0 0 0 0 0 0 0 0 0 0 0 0 0 0 0 0 0 0 0 0 0 0
0.248097 7.56063e-09 3.81847e-09 3.74216e-09 0.494954 0.89138 0 0 0 0 0 0 0 0 0 0 0 0 0 0 0 0 0 0 0 0 0 0 0 0 0 0 0 0 0 0 0 0 0 0 0 0 0 0 0 0 0 0 0 0 0 0 0 0 0 0 0 0 0 0 0 0 0 0 0 0 0 0 0 0 0 0 0 0 0 0 0 0 0 0 0 0 0 0 0 0 0 0 0 0 0 0 0 0 0 0 0 0 0 0 0 0 0 0 0 0 0 0 0 0 0 0 0 0 0 0 0 0 0 0 0 0 0 0 0 0 0 0 0 0 0 0 0 0 0 0 0 0 0 0 0 0
0.260832 7.61618e-09 3.85893e-09 3.75725e-09 0.493324 0.887332 0 0 0 0 0 0 0 0 0 0 0 0 0 0 0 0 0 0 0 0 0 0 0 0 0 0 0 0 0 0 0 0 0 0 0 0 0 0 0 0 0 0 0 0 0 0 0 0 0 0 0 0 0 0 0 0 0 0 0 0 0 0 0 0 0 0 0 0 0 0 0 0 0 0 0 0 0 0 0 0 0 0 0 0 0 0 0 0 0 0 0 0 0 0 0 0 0 0 0 0 0 0 0 0 0 0 0 0 0 0 0 0 0 0 0 0 0 0 0 0 0 0 0 0 0 0 0 0 0 0 0 0 0 0 0 0
0.274221 7.67545e-09 3.9019e-09 3.77355e-09 0.491639 0.883036 0 0 0 0 0 0 0 0 0 0 0 0 0 0 0 0 0 0 0 0 0 0 0 0 0 0 0 0 0 0 0 0 0 0 0 0 0 0 0 0 0 0 0 0 0 0 0 0 0 0 0 0 0 0 0 0 0 0 0 0 0 0 0 0 0 0 0 0 0 0 0 0 0 0 0 0 0 0 0 0 0 0 0 0 0 0 0 0 0 0 0 0 0 0 0 0 0 0 0 0 0 0 0 0 0 0 0 0 0 0 0 0 0 0 0 0 0 0 0 0 0 0 0 0 0 0 0 0 0 0 0 0 0 0 0 0
0.288297 7.73681e-09 3.94824e-09 3.78857e-09 0.489682 0.87884 0 0 0 0 0 0 0 0 0 0 0 0 0 0 0 0 0 0 0 0 0 0 0 0 0 0 0 0 0 0 0 0 0 0 0 0 0 0 0 0 0 0 0 0 0 0 0 0 0 0 0 0 0 0 0 0 0 0 0 0 0 0 0 0 0 0 0 0 0 0 0 0 0 0 0 0 0 0 0 0 0 0 0 0 0 0 0 0 0 0 0 0 0 0 0 0 0 0 0 0 0 0 0 0 0 0 0 0 0 0 0 0 0 0 0 0 0 0 0 0 0 0 0 0 0 0 0 0 0 0 0 0 0 0 0 0
0.303095 7.79719e-09 3.99803e-09 3.79915e-09 0.487247 0.875008 0 0 0 0 0 0 0 0 0 0 0 0 0 0 0 0 0 0 0 0 0 0 0 0 0 0 0 0 0 0 0 0 0 0 0 0 0 0 0 0 0 0 0 0 0 0 0 0 0 0 0 0 0 0 0 0 0 0 0 0 0 0 0 0 0 0 0 0 0 0 0 0 0 0 0 0 0 0 0 0 0 0 0 0 0 0 0 0 0 0 0 0 0 0 0 0 0 0 0 0 0 0 0 0 0 0 0 0 0 0 0 0 0 0 0 0 0 0 0 0 0 0 0 0 0 0 0 0 0 0 0 0 0 0 0 0
0.318653 7.85897e-09 4.0503e-09 3.80867e-09 0.484627 0.870894 0 0 0 0 0 0 0 0 0 0 0 0 0 0 0 0 0 0 0 0 0 0 0 0 0 0 0 0 0 0 0 0 0 0 0 0 0 0 0 0 0 0 0 0 0 0 0 0 0 0 0 0 0 0 0 0 0 0 0 0 0 0 0 0 0 0 0 0 0 0 0 0 0 0 0 0 0 0 0 0 0 0 0 0 0 0 0 0 0 0 0 0 0 0 0 0 0 0 0 0 0 0 0 0 0 0 0 0 0 0 0 0 0 0 0 0 0 0 0 0 0 0 0 0 0 0 0 0 0 0 0 0 0 0 0 0
0.335009 7.91935e-09 4.10367e-09 3.81567e-09 0.481816 0.866663 0 0 0 0 0 0 0 0 0 0 0 0 0 0 0 0 0 0 0 0 0 0 0 0 0 0 0 0 0 0 0 0 0 0 0 0 0 0 0 0 0 0 0 0 0 0 0 0 0 0 0 0 0 0 0 0 0 0 0 0 0 0 0 0 0 0 0 0 0 0 0 0 0 0 0 0 0 0 0 0 0 0 0 0 0 0 0 0 0 0 0 0 0 0 0 0 0 0 0 0 0 0 0 0 0 0 0 0 0 0 0 0 0 0 0 0 0 0 0 0 0 0 0 0 0 0 0 0 0 0 0 0 0 0 0 0
0.352205 7.98251e-09 4.162e-09 3.82051e-09 0.47861 0.862398 0 0 0 0 0 0 0 0 0 0 0 0 0 0 0 0 0 0 0 0 0 0 0 0 0 0 0 0 0 0 0 0 0 0 0 0 0 0 0 0 0 0 0 0 0 0 0 0 0 0 0 0 0 0 0 0 0 0 0 0 0 0 0 0 0 0 0 0 0 0 0 0 0 0 0 0 0 0 0 0 0 0 0 0 0 0 0 0 0 0 0 0 0 0 0 0 0 0 0 0 0 0 0 0 0 0 0 0 0 0 0 0 0 0 0 0 0 0 0 0 0 0 0 0 0 0 0 0 0 0 0 0 0 0 0 0
0.370284 8.04629e-09 4.22494e-09 3.82135e-09 0.47492 0.857648 0 0 0 0 0 0 0 0 0 0 0 0 0 0 0 0 0 0 0 0 0 0 0 0 0 0 0 0 0 0 0 0 0 0 0 0 0 0 0 0 0 0 0 0 0 0 0 0 0 0 0 0 0 0 0 0 0 0 0 0 0 0 0 0 0 0 0 0 0 0 0 0 0 0 0 0 0 0 0 0 0 0 0 0 0 0 0 0 0 0 0 0 0 0 0 0 0 0 0 0 0 0 0 0 0 0 0 0 0 0 0 0 0 0 0 0 0 0 0 0 0 0 0 0 0 0 0 0 0 0 0 0 0 0 0 0
0.389291 8.10431e-09 4.28492e-09 3.81938e-09 0.471278 0.852002 0 0 0 0 0 0 0 0 0 0 0 0 0 0 0 0 0 0 0 0 0 0 0 0 0 0 0 0 0 0 0 0 0 0 0 0 0 0 0 0 0 0 0 0 0 0 0 0 0 0 0 0 0 0 0 0 0 0 0 0 0 0 0 0 0 0 0 0 0 0 0 0 0 0 0 0 0 0 0 0 0 0 0 0 0 0 0 0 0 0 0 0 0 0 0 0 0 0 0 0 0 0 0 0 0 0 0 0 0 0 0 0 0 0 0 0 0 0 0 0 0 0 0 0 0 0 0 0 0 0 0 0 0 0 0 0
0.409273 8.16998e-09 4.34846e-09 3.82152e-09 0.467752 0.845894 0 0 0 0 0 0 0 0 0 0 0 0 0 0 0 0 0 0 0 0 0 0 0 0 0 0 0 0 0 0 0 0 0 0 0 0 0 0 0 0 0 0 0 0 0 0 0 0 0 0 0 0 0 0 0 0 0 0 0 0 0 0 0 0 0 0 0 0 0 0 0 0 0 0 0 0 0 0 0 0 0 0 0 0 0 0 0 0 0 0 0 0 0 0 0 0 0 0 0 0 0 0 0 0 0 0 0 0 0 0 0 0 0 0 0 0 0 0 0 0 0 0 0 0 0 0 0 0 0 0 0 0 0 0 0 0
0.430281 8.2534e-09 4.42461e-09 3.82879e-09 0.463904 0.839191 0 0 0 0 0 0 0 0 0 0 0 0 0 0 0 0 0 0 0 0 0 0 0 0 0 0 0 0 0 0 0 0 0 0 0 0 0 0 0 0 0 0 0 0 0 0 0 0 0 0 0 0 0 0 0 0 0 0 0 0 0 0 0 0 0 0 0 0 0 0 0 0 0 0 0 0 0 0 0 0 0 0 0 0 0 0 0 0 0 0 0 0 0 0 0 0 0 0 0 0 0 0 0 0 0 0 0 0 0 0 0 0 0 0 0 0 0 0 0 0 0 0 0 0 0 0 0 0 0 0 0 0 0 0 0 0
0.452368 8.33528e-09 4.49164e-09 3.84364e-09 0.461129 0.83017 0 0 0 0 0 0 0 0 0 0 0 0 0 0 0 0 0 0 0 0 0 0 0 0 0 0 0 0 0 0 0 0 0 0 0 0 0 0 0 0 0 0 0 0 0 0 0 0 0 0 0 0 0 0 0 0 0 0 0 0 0 0 0 0 0 0 0 0 0 0 0 0 0 0 0 0 0 0 0 0 0 0 0 0 0 0 0 0 0 0 0 0 0 0 0 0 0 0 0 0 0 0 0 0 0 0 0 0 0 0 0 0 0 0 0 0 0 0 0 0 0 0 0 0 0 0 0 0 0 0 0 0 0 0 0 0
0.475588 8.42748e-09 4.53591e-09 3.89157e-09 0.461771 0.819 0 0 0 0 0 0 0 0 0 0 0 0 0 0 0 0 0 0 0 0 0 0 0 0 0 0 0 0 0 0 0 0 0 0 0 0 0 0 0 0 0 0 0 0 0 0 0 0 0 0 0 0 0 0 0 0 0 0 0 0 0 0 0 0 0 0 0 0 0 0 0 0 0 0 0 0 0 0 0 0 0 0 0 0 0 0 0 0 0 0 0 0 0 0 0 0 0 0 0 0 0 0 0 0 0 0 0 0 0 0 0 0 0 0 0 0 0 0 0 0 0 0 0 0 0 0 0 0 0 0 0 0 0 0 0 0
0.5 8.59874e-09 4.59231e-09 4.00644e-09 0.465933 0.808858 0 0 0 0 0 0 0 0 0 0 0 0 0 0 0 0 0 0 0 0 0 0 0 0 0 0 0 0 0 0 0 0 0 0 0 0 0 0 0 0 0 0 0 0 0 0 0 0 0 0 0 0 0 0 0 0 0 0 0 0 0 0 0 0 0 0 0 0 0 0 0 0 0 0 0 0 0 0 0 0 0 0 0 0 0 0 0 0 0 0 0 0 0 0 0 0 0 0 0 0 0 0 0 0 0 0 0 0 0 0 0 0 0 0 0 0 0 0 0 0 0 0 0 0 0 0 0 0 0 0 0 0 0 0 0 0
0.525665 8.85072e-09 4.66678e-09 4.18394e-09 0.472723 0.798821 0 0 0 0 0 0 0 0 0 0 0 0 0 0 0 0 0 0 0 0 0 0 0 0 0 0 0 0 0 0 0 0 0 0 0 0 0 0 0 0 0 0 0 0 0 0 0 0 0 0 0 0 0 0 0 0 0 0 0 0 0 0 0 0 0 0 0 0 0 0 0 0 0 0 0 0 0 0 0 0 0 0 0 0 0 0 0 0 0 0 0 0 0 0 0 0 0 0 0 0 0 0 0 0 0 0 0 0 0 0 0 0 0 0 0 0 0 0 0 0 0 0 0 0 0 0 0 0 0 0 0 0 0 0 0 0
0.552648 9.09263e-09 4.68987e-09 4.40275e-09 0.484211 0.784775 0 0 0 0 0 0 0 0 0 0 0 0 0 0 0 0 0 0 0 0 0 0 0 0 0 0 0 0 0 0 0 0 0 0 0 0 0 0 0 0 0 0 0 0 0 0 0 0 0 0 0 0 0 0 0 0 0 0 0 0 0 0 0 0 0 0 0 0 0 0 0 0 0 0 0 0 0 0 0 0 0 0 0 0 0 0 0 0 0 0 0 0 0 0 0 0 0 0 0 0 0 0 0 0 0 0 0 0 0 0 0 0 0 0 0 0 0 0 0 0 0 0 0 0 0 0 0 0 0 0 0 0 0 0 0 0
0.581015 9.34492e-09 4.63051e-09 4.71441e-09 0.504489 0.771009 0 0 0 0 0 0 0 0 0 0 0 0 0 0 0 0 0 0 0 0 0 0 0 0 0 0 0 0 0 0 0 0 0 0 0 0 0 0 0 0 0 0 0 0 0 0 0 0 0 0 0 0 0 0 0 0 0 0 0 0 0 0 0 0 0 0 0 0 0 0 0 0 0 0 0 0 0 0 0 0 0 0 0 0 0 0 0 0 0 0 0 0 0 0 0 0 0 0 0 0 0 0 0 0 0 0 0 0 0 0 0 0 0 0 0 0 0 0 0 0 0 0 0 0 0 0 0 0 0 0 0 0 0 0 0 0
0.610839 9.73921e-09 4.58794e-09 5.15127e-09 0.52892 0.765611 0 0 0 0 0 0 0 0 0 0 0 0 0 0 0 0 0 0 0 0 0 0 0 0 0 0 0 0 0 0 0 0 0 0 0 0 0 0 0 0 0 0 0 0 0 0 0 0 0 0 0 0 0 0 0 0 0 0 0 0 0 0 0 0 0 0 0 0 0 0 0 0 0 0 0 0 0 0 0 0 0 0 0 0 0 0 0 0 0 0 0 0 0 0 0 0 0 0 0 0 0 0 0 0 0 0 0 0 0 0 0 0 0 0 0 0 0 0 0 0 0 0 0 0 0 0 0 0 0 0 0 0 0 0 0 0
0.642193 1.02193e-08 4.62162e-09 5.59764e-09 0.547754 0.763116 0 0 0 0 0 0 0 0 0 0 0 0 0 0 0 0 0 0 0 0 0 0 0 0 0 0 0 0 0 0 0 0 0 0 0 0 0 0 0 0 0 0 0 0 0 0 0 0 0 0 0 0 0 0 0 0 0 0 0 0 0 0 0 0 0 0 0 0 0 0 0 0 0 0 0 0 0 0 0 0 0 0 0 0 0 0 0 0 0 0 0 0 0 0 0 0 0 0 0 0 0 0 0 0 0 0 0 0 0 0 0 0 0 0 0 0 0 0 0 0 0 0 0 0 0 0 0 0 0 0 0 0 0 0 0 0
0.675157 1.05418e-08 4.61869e-09 5.92307e-09 0.561867 0.752975 0 0 0 0 0 0 0 0 0 0 0 0 0 0 0 0 0 0 0 0 0 0 0 0 0 0 0 0 0 0 0 0 0 0 0 0 0 0 0 0 0 0 0 0 0 0 0 0 0 0 0 0 0 0 0 0 0 0 0 0 0 0 0 0 0 0 0 0 0 0 0 0 0 0 0 0 0 0 0 0 0 0 0 0 0 0 0 0 0 0 0 0 0 0 0 0 0 0 0 0 0 0 0 0 0 0 0 0 0 0 0 0 0 0 0 0 0 0 0 0 0 0 0 0 0 0 0 0 0 0 0 0 0 0 0 0
0.709813 1.06148e-08 4.46378e-09 6.15101e-09 0.579475 0.735052 0 0 0 0 0 0 0 0 0 0 0 0 0 0 0 0 0 0 0 0 0 0 0 0 0 0 0 0 0 0 0 0 0 0 0 0 0 0 0 0 0 0 0 0 0 0 0 0 0 0 0 0 0 0 0 0 0 0 0 0 0 0 0 0 0 0 0 0 0 0 0 0 0 0 0 0 0 0 0 0 0 0 0 0 0 0 0 0 0 0 0 0 0 0 0 0 0 0 0 0 0 0 0 0 0 0 0 0 0 0 0 0 0 0 0 0 0 0 0 0 0 0 0 0 0 0 0 0 0 0 0 0 0 0 0 0
0.746248 1.06527e-08 4.25183e-09 6.4009e-09 0.600869 0.721219 0 0 0 0 0 0 0 0 0 0 0 0 0 0 0 0 0 0 0 0 0 0 0 0 0 0 0 0 0 0 0 0 0 0 0 0 0 0 0 0 0 0 0 0 0 0 0 0 0 0 0 0 0 0 0 0 0 0 0 0 0 0 0 0 0 0 0 0 0 0 0 0 0 0 0 0 0 0 0 0 0 0 0 0 0 0 0 0 0 0 0 0 0 0 0 0 0 0 0 0 0 0 0 0 0 0 0 0 0 0 0 0 0 0 0 0 0 0 0 0 0 0 0 0 0 0 0 0 0 0 0 0 0 0 0 0
0.784553 1.08238e-08 4.15096e-09 6.67284e-09 0.616497 0.718509 0 0 0 0 0 0 0 0 0 0 0 0 0 0 0 0 0 0 0 0 0 0 0 0 0 0 0 0 0 0 0 0 0 0 0 0 0 0 0 0 0 0 0 0 0 0 0 0 0 0 0 0 0 0 0 0 0 0 0 0 0 0 0 0 0 0 0 0 0 0 0 0 0 0 0 0 0 0 0 0 0 0 0 0 0 0 0 0 0 0 0 0 0 0 0 0 0 0 0 0 0 0 0 0 0 0 0 0 0 0 0 0 0 0 0 0 0 0 0 0 0 0 0 0 0 0 0 0 0 0 0 0 0 0 0 0
0.824824 1.10118e-08 4.17229e-09 6.83951e-09 0.621107 0.719801 0 0 0 0 0 0 0 0 0 0 0 0 0 0 0 0 0 0 0 0 0 0 0 0 0 0 0 0 0 0 0 0 0 0 0 0 0 0 0 0 0 0 0 0 0 0 0 0 0 0 0 0 0 0 0 0 0 0 0 0 0 0 0 0 0 0 0 0 0 0 0 0 0 0 0 0 0 0 0 0 0 0 0 0 0 0 0 0 0 0 0 0 0 0 0 0 0 0 0 0 0 0 0 0 0 0 0 0 0 0 0 0 0 0 0 0 0 0 0 0 0 0 0 0 0 0 0 0 0 0 0 0 0 0 0 0
0.867162 1.09966e-08 4.18685e-09 6.8098e-09 0.619261 0.71364 0 0 0 0 0 0 0 0 0 0 0 0 0 0 0 0 0 0 0 0 0 0 0 0 0 0 0 0 0 0 0 0 0 0 0 0 0 0 0 0 0 0 0 0 0 0 0 0 0 0 0 0 0 0 0 0 0 0 0 0 0 0 0 0 0 0 0 0 0 0 0 0 0 0 0 0 0 0 0 0 0 0 0 0 0 0 0 0 0 0 0 0 0 0 0 0 0 0 0 0 0 0 0 0 0 0 0 0 0 0 0 0 0 0 0 0 0 0 0 0 0 0 0 0 0 0 0 0 0 0 0 0 0 0 0 0
0.911674 1.0691e-08 4.07219e-09 6.61883e-09 0.619101 0.694032 0 0 0 0 0 0 0 0 0 0 0 0 0 0 0 0 0 0 0 0 0 0 0 0 0 0 0 0 0 0 0 0 0 0 0 0 0 0 0 0 0 0 0 0 0 0 0 0 0 0 0 0 0 0 0 0 0 0 0 0 0 0 0 0 0 0 0 0 0 0 0 0 0 0 0 0 0 0 0 0 0 0 0 0 0 0 0 0 0 0 0 0 0 0 0 0 0 0 0 0 0 0 0 0 0 0 0 0 0 0 0 0 0 0 0 0 0 0 0 0 0 0 0 0 0 0 0 0 0 0 0 0 0 0 0 0
0.95847 1.01929e-08 3.82738e-09 6.36554e-09 0.624506 0.663413 0 0 0 0 0 0 0 0 0 0 0 0 0 0 0 0 0 0 0 0 0 0 0 0 0 0 0 0 0 0 0 0 0 0 0 0 0 0 0 0 0 0 0 0 0 0 0 0 0 0 0 0 0 0 0 0 0 0 0 0 0 0 0 0 0 0 0 0 0 0 0 0 0 0 0 0 0 0 0 0 0 0 0 0 0 0 0 0 0 0 0 0 0 0 0 0 0 0 0 0 0 0 0 0 0 0 0 0 0 0 0 0 0 0 0 0 0 0 0 0 0 0 0 0 0 0 0 0 0 0 0 0 0 0 0 0
1.00767 9.69688e-09 3.56464e-09 6.13223e-09 0.632393 0.631052 0 0 0 0 0 0 0 0 0 0 0 0 0 0 0 0 0 0 0 0 0 0 0 0 0 0 0 0 0 0 0 0 0 0 0 0 0 0 0 0 0 0 0 0 0 0 0 0 0 0 0 0 0 0 0 0 0 0 0 0 0 0 0 0 0 0 0 0 0 0 0 0 0 0 0 0 0 0 0 0 0 0 0 0 0 0 0 0 0 0 0 0 0 0 0 0 0 0 0 0 0 0 0 0 0 0 0 0 0 0 0 0 0 0 0 0 0 0 0 0 0 0 0 0 0 0 0 0 0 0 0 0 0 0 0 0
1.05939 9.32254e-09 3.38506e-09 5.93748e-09 0.636895 0.605652 0 0 0 0 0 0 0 0 0 0 0 0 0 0 0 0 0 0 0 0 0 0 0 0 0 0 0 0 0 0 0 0 0 0 0 0 0 0 0 0 0 0 0 0 0 0 0 0 0 0 0 0 0 0 0 0 0 0 0 0 0 0 0 0 0 0 0 0 0 0 0 0 0 0 0 0 0 0 0 0 0 0 0 0 0 0 0 0 0 0 0 0 0 0 0 0 0 0 0 0 0 0 0 0 0 0 0 0 0 0 0 0 0 0 0 0 0 0 0 0 0 0 0 0 0 0 0 0 0 0 0 0 0 0 0 0
1.11377 9.03961e-09 3.31313e-09 5.72647e-09 0.633487 0.590648 0 0 0 0 0 0 0 0 0 0 0 0 0 0 0 0 0 0 0 0 0 0 0 0 0 0 0 0 0 0 0 0 0 0 0 0 0 0 0 0 0 0 0 0 0 0 0 0 0 0 0 0 0 0 0 0 0 0 0 0 0 0 0 0 0 0 0 0 0 0 0 0 0 0 0 0 0 0 0 0 0 0 0 0 0 0 0 0 0 0 0 0 0 0 0 0 0 0 0 0 0 0 0 0 0 0 0 0 0 0 0 0 0 0 0 0 0 0 0 0 0 0 0 0 0 0 0 0 0 0 0 0 0 0 0 0
1.17094 8.76586e-09 3.31133e-09 5.45453e-09 0.622247 0.58381 0 0 0 0 0 0 0 0 0 0 0 0 0 0 0 0 0 0 0 0 0 0 0 0 0 0 0 0 0 0 0 0 0 0 0 0 0 0 0 0 0 0 0 0 0 0 0 0 0 0 0 0 0 0 0 0 0 0 0 0 0 0 0 0 0 0 0 0 0 0 0 0 0 0 0 0 0 0 0 0 0 0 0 0 0 0 0 0 0 0 0 0 0 0 0 0 0 0 0 0 0 0 0 0 0 0 0 0 0 0 0 0 0 0 0 0 0 0 0 0 0 0 0 0 0 0 0 0 0 0 0 0 0 0 0 0
1.23105 8.43183e-09 3.31298e-09 5.11885e-09 0.607086 0.579148 0 0 0 0 0 0 0 0 0 0 0 0 0 0 0 0 0 0 0 0 0 0 0 0 0 0 0 0 0 0 0 0 0 0 0 0 0 0 0 0 0 0 0 0 0 0 0 0 0 0 0 0 0 0 0 0 0 0 0 0 0 0 0 0 0 0 0 0 0 0 0 0 0 0 0 0 0 0 0 0 0 0 0 0 0 0 0 0 0 0 0 0 0 0 0 0 0 0 0 0 0 0 0 0 0 0 0 0 0 0 0 0 0 0 0 0 0 0 0 0 0 0 0 0 0 0 0 0 0 0 0 0 0 0 0 0
1.29424 7.93607e-09 3.2607e-09 4.67537e-09 0.589129 0.570488 0 0 0 0 0 0 0 0 0 0 0 0 0 0 0 0 0 0 0 0 0 0 0 0 0 0 0 0 0 0 0 0 0 0 0 0 0 0 0 0 0 0 0 0 0 0 0 0 0 0 0 0 0 0 0 0 0 0 0 0 0 0 0 0 0 0 0 0 0 0 0 0 0 0 0 0 0 0 0 0 0 0 0 0 0 0 0 0 0 0 0 0 0 0 0 0 0 0 0 0 0 0 0 0 0 0 0 0 0 0 0 0 0 0 0 0 0 0 0 0 0 0 0 0 0 0 0 0 0 0 0 0 0 0 0 0
1.36067 7.33809e-09 3.14711e-09 4.19098e-09 0.571126 0.55095 0 0 0 0 0 0 0 0 0 0 0 0 0 0 0 0 0 0 0 0 0 0 0 0 0 0 0 0 0 0 0 0 0 0 0 0 0 0 0 0 0 0 0 0 0 0 0 0 0 0 0 0 0 0 0 0 0 0 0 0 0 0 0 0 0 0 0 0 0 0 0 0 0 0 0 0 0 0 0 0 0 0 0 0 0 0 0 0 0 0 0 0 0 0 0 0 0 0 0 0 0 0 0 0 0 0 0 0 0 0 0 0 0 0 0 0 0 0 0 0 0 0 0 0 0 0 0 0 0 0 0 0 0 0 0 0
1.43051 6.70212e-09 2.98008e-09 3.72204e-09 0.555352 0.519014 0 0 0 0 0 0 0 0 0 0 0 0 0 0 0 0 0 0 0 0 0 0 0 0 0 0 0 0 0 0 0 0 0 0 0 0 0 0 0 0 0 0 0 0 0 0 0 0 0 0 0 0 0 0 0 0 0 0 0 0 0 0 0 0 0 0 0 0 0 0 0 0 0 0 0 0 0 0 0 0 0 0 0 0 0 0 0 0 0 0 0 0 0 0 0 0 0 0 0 0 0 0 0 0 0 0 0 0 0 0 0 0 0 0 0 0 0 0 0 0 0 0 0 0 0 0 0 0 0 0 0 0 0 0 0 0
1.50394 6.07054e-09 2.78308e-09 3.28746e-09 0.541544 0.4773 0 0 0 0 0 0 0 0 0 0 0 0 0 0 0 0 0 0 0 0 0 0 0 0 0 0 0 0 0 0 0 0 0 0 0 0 0 0 0 0 0 0 0 0 0 0 0 0 0 0 0 0 0 0 0 0 0 0 0 0 0 0 0 0 0 0 0 0 0 0 0 0 0 0 0 0 0 0 0 0 0 0 0 0 0 0 0 0 0 0 0 0 0 0 0 0 0 0 0 0 0 0 0 0 0 0 0 0 0 0 0 0 0 0 0 0 0 0 0 0 0 0 0 0 0 0 0 0 0 0 0 0 0 0 0 0
1.58114 5.47562e-09 2.5901e-09 2.88552e-09 0.526976 0.430357 0 0 0 0 0 0 0 0 0 0 0 0 0 0 0 0 0 0 0 0 0 0 0 0 0 0 0 0 0 0 0 0 0 0 0 0 0 0 0 0 0 0 0 0 0 0 0 0 0 0 0 0 0 0 0 0 0 0 0 0 0 0 0 0 0 0 0 0 0 0 0 0 0 0 0 0 0 0 0 0 0 0 0 0 0 0 0 0 0 0 0 0 0 0 0 0 0 0 0 0 0 0 0 0 0 0 0 0 0 0 0 0 0 0 0 0 0 0 0 0 0 0 0 0 0 0 0 0 0 0 0 0 0 0 0 0
1.6623 4.95363e-09 2.42693e-09 2.5267e-09 0.510071 0.383497 0 0 0 0 0 0 0 0 0 0 0 0 0 0 0 0 0 0 0 0 0 0 0 0 0 0 0 0 0 0 0 0 0 0 0 0 0 0 0 0 0 0 0 0 0 0 0 0 0 0 0 0 0 0 0 0 0 0 0 0 0 0 0 0 0 0 0 0 0 0 0 0 0 0 0 0 0 0 0 0 0 0 0 0 0 0 0 0 0 0 0 0 0 0 0 0 0 0 0 0 0 0 0 0 0 0 0 0 0 0 0 0 0 0 0 0 0 0 0 0 0 0 0 0 0 0 0 0 0 0 0 0 0 0 0 0
1.74763 4.48204e-09 2.27129e-09 2.21074e-09 0.493246 0.340043 0 0 0 0 0 0 0 0 0 0 0 0 0 0 0 0 0 0 0 0 0 0 0 0 0 0 0 0 0 0 0 0 0 0 0 0 0 0 0 0 0 0 0 0 0 0 0 0 0 0 0 0 0 0 0 0 0 0 0 0 0 0 0 0 0 0 0 0 0 0 0 0 0 0 0 0 0 0 0 0 0 0 0 0 0 0 0 0 0 0 0 0 0 0 0 0 0 0 0 0 0 0 0 0 0 0 0 0 0 0 0 0 0 0 0 0 0 0 0 0 0 0 0 0 0 0 0 0 0 0 0 0 0 0 0 0
1.83733 4.04696e-09 2.13579e-09 1.91117e-09 0.472248 0.300431 0 0 0 0 0 0 0 0 0 0 0 0 0 0 0 0 0 0 0 0 0 0 0 0 0 0 0 0 0 0 0 0 0 0 0 0 0 0 0 0 0 0 0 0 0 0 0 0 0 0 0 0 0 0 0 0 0 0 0 0 0 0 0 0 0 0 0 0 0 0 0 0 0 0 0 0 0 0 0 0 0 0 0 0 0 0 0 0 0 0 0 0 0 0 0 0 0 0 0 0 0 0 0 0 0 0 0 0 0 0 0 0 0 0 0 0 0 0 0 0 0 0 0 0 0 0 0 0 0 0 0 0 0 0 0 0
1.93164 3.67991e-09 2.03204e-09 1.64786e-09 0.4478 0.265988 0 0 0 0 0 0 0 0 0 0 0 0 0 0 0 0 0 0 0 0 0 0 0 0 0 0 0 0 0 0 0 0 0 0 0 0 0 0 0 0 0 0 0 0 0 0 0 0 0 0 0 0 0 0 0 0 0 0 0 0 0 0 0 0 0 0 0 0 0 0 0 0 0 0 0 0 0 0 0 0 0 0 0 0 0 0 0 0 0 0 0 0 0 0 0 0 0 0 0 0 0 0 0 0 0 0 0 0 0 0 0 0 0 0 0 0 0 0 0 0 0 0 0 0 0 0 0 0 0 0 0 0 0 0 0 0
2.03079 3.33182e-09 1.91589e-09 1.41594e-09 0.424973 0.236172 0 0 0 0 0 0 0 0 0 0 0 0 0 0 0 0 0 0 0 0 0 0 0 0 0 0 0 0 0 0 0 0 0 0 0 0 0 0 0 0 0 0 0 0 0 0 0 0 0 0 0 0 0 0 0 0 0 0 0 0 0 0 0 0 0 0 0 0 0 0 0 0 0 0 0 0 0 0 0 0 0 0 0 0 0 0 0 0 0 0 0 0 0 0 0 0 0 0 0 0 0 0 0 0 0 0 0 0 0 0 0 0 0 0 0 0 0 0 0 0 0 0 0 0 0 0 0 0 0 0 0 0 0 0 0 0
2.13503 3.01005e-09 1.8121e-09 1.19796e-09 0.397986 0.209693 0 0 0 0 0 0 0 0 0 0 0 0 0 0 0 0 0 0 0 0 0 0 0 0 0 0 0 0 0 0 0 0 0 0 0 0 0 0 0 0 0 0 0 0 0 0 0 0 0 0 0 0 0 0 0 0 0 0 0 0 0 0 0 0 0 0 0 0 0 0 0 0 0 0 0 0 0 0 0 0 0 0 0 0 0 0 0 0 0 0 0 0 0 0 0 0 0 0 0 0 0 0 0 0 0 0 0 0 0 0 0 0 0 0 0 0 0 0 0 0 0 0 0 0 0 0 0 0 0 0 0 0 0 0 0 0
2.24463 2.74448e-09 1.7284e-09 1.01608e-09 0.370228 0.187104 0 0 0 0 0 0 0 0 0 0 0 0 0 0 0 0 0 0 0 0 0 0 0 0 0 0 0 0 0 0 0 0 0 0 0 0 0 0 0 0 0 0 0 0 0 0 0 0 0 0 0 0 0 0 0 0 0 0 0 0 0 0 0 0 0 0 0 0 0 0 0 0 0 0 0 0 0 0 0 0 0 0 0 0 0 0 0 0 0 0 0 0 0 0 0 0 0 0 0 0 0 0 0 0 0 0 0 0 0 0 0 0 0 0 0 0 0 0 0 0 0 0 0 0 0 0 0 0 0 0 0 0 0 0 0 0
2.35984 2.48518e-09 1.63327e-09 8.51908e-10 0.342795 0.167082 0 0 0 0 0 0 0 0 0 0 0 0 0 0 0 0 0 0 0 0 0 0 0 0 0 0 0 0 0 0 0 0 0 0 0 0 0 0 0 0 0 0 0 0 0 0 0 0 0 0 0 0 0 0 0 0 0 0 0 0 0 0 0 0 0 0 0 0 0 0 0 0 0 0 0 0 0 0 0 0 0 0 0 0 0 0 0 0 0 0 0 0 0 0 0 0 0 0 0 0 0 0 0 0 0 0 0 0 0 0 0 0 0 0 0 0 0 0 0 0 0 0 0 0 0 0 0 0 0 0 0 0 0 0 0 0
2.48097 2.27173e-09 1.56086e-09 7.10862e-10 0.312917 0.149482 0 0 0 0 0 0 0 0 0 0 0 0 0 0 0 0 0 0 0 0 0 0 0 0 0 0 0 0 0 0 0 0 0 0 0 0 0 0 0 0 0 0 0 0 0 0 0 0 0 0 0 0 0 0 0 0 0 0 0 0 0 0 0 0 0 0 0 0 0 0 0 0 0 0 0 0 0 0 0 0 0 0 0 0 0 0 0 0 0 0 0 0 0 0 0 0 0 0 0 0 0 0 0 0 0 0 0 0 0 0 0 0 0 0 0 0 0 0 0 0 0 0 0 0 0 0 0 0 0 0 0 0 0 0 0 0
2.60832 2.08532e-09 1.49395e-09 5.91368e-10 0.283586 0.133987 0 0 0 0 0 0 0 0 0 0 0 0 0 0 0 0 0 0 0 0 0 0 0 0 0 0 0 0 0 0 0 0 0 0 0 0 0 0 0 0 0 0 0 0 0 0 0 0 0 0 0 0 0 0 0 0 0 0 0 0 0 0 0 0 0 0 0 0 0 0 0 0 0 0 0 0 0 0 0 0 0 0 0 0 0 0 0 0 0 0 0 0 0 0 0 0 0 0 0 0 0 0 0 0 0 0 0 0 0 0 0 0 0 0 0 0 0 0 0 0 0 0 0 0 0 0 0 0 0 0 0 0 0 0 0 0
2.74221 1.93362e-09 1.44123e-09 4.92393e-10 0.254648 0.120344 0 0 0 0 0 0 0 0 0 0 0 0 0 0 0 0 0 0 0 0 0 0 0 0 0 0 0 0 0 0 0 0 0 0 0 0 0 0 0 0 0 0 0 0 0 0 0 0 0 0 0 0 0 0 0 0 0 0 0 0 0 0 0 0 0 0 0 0 0 0 0 0 0 0 0 0 0 0 0 0 0 0 0 0 0 0 0 0 0 0 0 0 0 0 0 0 0 0 0 0 0 0 0 0 0 0 0 0 0 0 0 0 0 0 0 0 0 0 0 0 0 0 0 0 0 0 0 0 0 0 0 0 0 0 0 0
2.88297 1.81303e-09 1.40215e-09 4.10873e-10 0.226623 0.108272 0 0 0 0 0 0 0 0 0 0 0 0 0 0 0 0 0 0 0 0 0 0 0 0 0 0 0 0 0 0 0 0 0 0 0 0 0 0 0 0 0 0 0 0 0 0 0 0 0 0 0 0 0 0 0 0 0 0 0 0 0 0 0 0 0 0 0 0 0 0 0 0 0 0 0 0 0 0 0 0 0 0 0 0 0 0 0 0 0 0 0 0 0 0 0 0 0 0 0 0 0 0 0 0 0 0 0 0 0 0 0 0 0 0 0 0 0 0 0 0 0 0 0 0 0 0 0 0 0 0 0 0 0 0 0 0
3.03095 1.68835e-09 1.34515e-09 3.43195e-10 0.203273 0.0976778 0 0 0 0 0 0 0 0 0 0 0 0 0 0 0 0 0 0 0 0 0 0 0 0 0 0 0 0 0 0 0 0 0 0 0 0 0 0 0 0 0 0 0 0 0 0 0 0 0 0 0 0 0 0 0 0 0 0 0 0 0 0 0 0 0 0 0 0 0 0 0 0 0 0 0 0 0 0 0 0 0 0 0 0 0 0 0 0 0 0 0 0 0 0 0 0 0 0 0 0 0 0 0 0 0 0 0 0 0 0 0 0 0 0 0 0 0 0 0 0 0 0 0 0 0 0 0 0 0 0 0 0 0 0 0 0
3.18653 1.5772e-09 1.29188e-09 2.85318e-10 0.180902 0.0881074 0 0 0 0 0 0 0 0 0 0 0 0 0 0 0 0 0 0 0 0 0 0 0 0 0 0 0 0 0 0 0 0 0 0 0 0 0 0 0 0 0 0 0 0 0 0 0 0 0 0 0 0 0 0 0 0 0 0 0 0 0 0 0 0 0 0 0 0 0 0 0 0 0 0 0 0 0 0 0 0 0 0 0 0 0 0 0 0 0 0 0 0 0 0 0 0 0 0 0 0 0 0 0 0 0 0 0 0 0 0 0 0 0 0 0 0 0 0 0 0 0 0 0 0 0 0 0 0 0 0 0 0 0 0 0 0
3.35009 1.50548e-09 1.26815e-09 2.37329e-10 0.157644 0.0793713 0 0 0 0 0 0 0 0 0 0 0 0 0 0 0 0 0 0 0 0 0 0 0 0 0 0 0 0 0 0 0 0 0 0 0 0 0 0 0 0 0 0 0 0 0 0 0 0 0 0 0 0 0 0 0 0 0 0 0 0 0 0 0 0 0 0 0 0 0 0 0 0 0 0 0 0 0 0 0 0 0 0 0 0 0 0 0 0 0 0 0 0 0 0 0 0 0 0 0 0 0 0 0 0 0 0 0 0 0 0 0 0 0 0 0 0 0 0 0 0 0 0 0 0 0 0 0 0 0 0 0 0 0 0 0 0
3.52205 1.41838e-09 1.21794e-09 2.0044e-10 0.141316 0.0720287 0 0 0 0 0 0 0 0 0 0 0 0 0 0 0 0 0 0 0 0 0 0 0 0 0 0 0 0 0 0 0 0 0 0 0 0 0 0 0 0 0 0 0 0 0 0 0 0 0 0 0 0 0 0 0 0 0 0 0 0 0 0 0 0 0 0 0 0 0 0 0 0 0 0 0 0 0 0 0 0 0 0 0 0 0 0 0 0 0 0 0 0 0 0 0 0 0 0 0 0 0 0 0 0 0 0 0 0 0 0 0 0 0 0 0 0 0 0 0 0 0 0 0 0 0 0 0 0 0 0 0 0 0 0 0 0
3.70284 1.33046e-09 1.16479e-09 1.65671e-10 0.124522 0.0650503 0 0 0 0 0 0 0 0 0 0 0 0 0 0 0 0 0 0 0 0 0 0 0 0 0 0 0 0 0 0 0 0 0 0 0 0 0 0 0 0 0 0 0 0 0 0 0 0 0 0 0 0 0 0 0 0 0 0 0 0 0 0 0 0 0 0 0 0 0 0 0 0 0 0 0 0 0 0 0 0 0 0 0 0 0 0 0 0 0 0 0 0 0 0 0 0 0 0 0 0 0 0 0 0 0 0 0 0 0 0 0 0 0 0 0 0 0 0 0 0 0 0 0 0 0 0 0 0 0 0 0 0 0 0 0 0
3.89291 1.2643e-09 1.12656e-09 1.37745e-10 0.108949 0.0587872 0 0 0 0 0 0 0 0 0 0 0 0 0 0 0 0 0 0 0 0 0 0 0 0 0 0 0 0 0 0 0 0 0 0 0 0 0 0 0 0 0 0 0 0 0 0 0 0 0 0 0 0 0 0 0 0 0 0 0 0 0 0 0 0 0 0 0 0 0 0 0 0 0 0 0 0 0 0 0 0 0 0 0 0 0 0 0 0 0 0 0 0 0 0 0 0 0 0 0 0 0 0 0 0 0 0 0 0 0 0 0 0 0 0 0 0 0 0 0 0 0 0 0 0 0 0 0 0 0 0 0 0 0 0 0 0
4.09273 1.21168e-09 1.09678e-09 1.14902e-10 0.0948282 0.0531364 0 0 0 0 0 0 0 0 0 0 0 0 0 0 0 0 0 0 0 0 0 0 0 0 0 0 0 0 0 0 0 0 0 0 0 0 0 0 0 0 0 0 0 0 0 0 0 0 0 0 0 0 0 0 0 0 0 0 0 0 0 0 0 0 0 0 0 0 0 0 0 0 0 0 0 0 0 0 0 0 0 0 0 0 0 0 0 0 0 0 0 0 0 0 0 0 0 0 0 0 0 0 0 0 0 0 0 0 0 0 0 0 0 0 0 0 0 0 0 0 0 0 0 0 0 0 0 0 0 0 0 0 0 0 0 0
4.30281 1.14868e-09 1.05358e-09 9.51026e-11 0.0827927 0.0480327 0 0 0 0 0 0 0 0 0 0 0 0 0 0 0 0 0 0 0 0 0 0 0 0 0 0 0 0 0 0 0 0 0 0 0 0 0 0 0 0 0 0 0 0 0 0 0 0 0 0 0 0 0 0 0 0 0 0 0 0 0 0 0 0 0 0 0 0 0 0 0 0 0 0 0 0 0 0 0 0 0 0 0 0 0 0 0 0 0 0 0 0 0 0 0 0 0 0 0 0 0 0 0 0 0 0 0 0 0 0 0 0 0 0 0 0 0 0 0 0 0 0 0 0 0 0 0 0 0 0 0 0 0 0 0 0
4.52368 1.11663e-09 1.03711e-09 7.95206e-11 0.071215 0.0433637 0 0 0 0 0 0 0 0 0 0 0 0 0 0 0 0 0 0 0 0 0 0 0 0 0 0 0 0 0 0 0 0 0 0 0 0 0 0 0 0 0 0 0 0 0 0 0 0 0 0 0 0 0 0 0 0 0 0 0 0 0 0 0 0 0 0 0 0 0 0 0 0 0 0 0 0 0 0 0 0 0 0 0 0 0 0 0 0 0 0 0 0 0 0 0 0 0 0 0 0 0 0 0 0 1.4013e-45 0 1.4013e-45 0 1.4013e-45 0 2.8026e-45 0 2.8026e-45 0 4.2039e-45 0 5.60519e-45 0 8.40779e-45 0 1.12104e-44 0 1.54143e-44 0 2.10195e-44 0 2.94273e-44 0 3.92364e-44 0 5.1848e-44 0 7.00649e-44 0 9.24857e-44 0
4.75588 1.06654e-09 9.99651e-10 6.68846e-11 0.062712 0.0393706 0 0 0 0 0 0 0 0 0 0 0 0 0 0 0 0 0 0 0 0 0 0 0 0 0 0 0 0 0 0 0 0 0 0 0 0 0 0 0 0 0 0 0 0 0 0 0 0 0 0 0 0 0 0 0 0 0 0 0 0 0 0 0 0 0 0 0 0 0 0 0 0 0 0 0 0 0 0 0 0 0 0 1.4013e-45 0 1.4013e-45 0 2.8026e-45 0 4.2039e-45 0 7.00649e-45 0 1.12104e-44 0 1.68156e-44 0 2.38221e-44 0 3.64338e-44 0 5.46506e-44 0 7.9874e-44 0 1.17709e-43 0 1.63952e-43 0 2.36819e-43 0 3.29305e-43 0 4.66632e-43 0 6.44597e-43 0 8.89825e-43 0 1.20091e-42 0 1.65073e-42 0 2.2659e-42 0 2.98336e-42 0 3.99931e-42 0 5.35156e-42 0 7.0149e-42 0 9.17991e-42 0 1.19979e-41 0
5 1.02687e-09 9.71133e-10 5.57326e-11 0.0542745 0.0355898 0 0 0 0 0 0 0 0 0 0 0 0 0 0 0 0 0 0 0 0 0 0 0 0 0 0 0 0 0 0 0 0 0 0 0 0 0 0 0 0 0 0 0 0 0 0 0 0 0 0 0 0 0 0 0 0 0 0 0 0 0 0 0 0 1.4013e-45 0 1.4013e-45 0 4.2039e-45 0 7.00649e-45 0 1.26117e-44 0 2.10195e-44 0 3.64338e-44 0 6.16571e-44 0 1.00893e-43 0 1.66755e-43 0 2.67648e-43 0 4.18988e-43 0 6.68419e-43 0 1.01734e-42 0 1.54283e-42 0 2.33316e-42 0 3.37573e-42 0 4.97041e-42 0 7.29656e-42 0 1.04705e-41 0 1.49841e-41 0 2.05641e-41 0 2.92899e-41 0 4.00253e-41 0 5.56554e-41 0 7.575e-41 0 1.02902e-40 0 1.369e-40 0 1.85289e-40 0 2.50315e-40 0 3.2519e-40 0 4.29757e-40 0 5.67042e-40 0 7.33431e-40 0 9.47344e-40 0 1.22198e-39 0
5.25665 9.8976e-10 9.43587e-10 4.61726e-11 0.0466503 0.0321104 0 0 0 0 0 0 0 0 0 0 0 0 0 0 0 0 0 0 0 0 0 0 0 0 0 0 0 0 0 0 0 0 0 0 0 0 0 0 0 0 0 0 0 0 0 0 0 0 0 0 0 0 1.4013e-45 0 4.2039e-45 0 8.40779e-45 0 1.82169e-44 0 4.06377e-44 0 7.9874e-44 0 1.55544e-43 0 2.9147e-43 0 5.32493e-43 0 9.66896e-43 0 1.70258e-42 0 2.9175e-42 0 4.86811e-42 0 8.07849e-42 0 1.27981e-41 0 2.06075e-41 0 3.23658e-41 0 4.9613e-41 0 7.73068e-41 0 1.15299e-40 0 1.71405e-40 0 2.53998e-40 0 3.60893e-40 0 5.21441e-40 0 7.51305e-40 0 1.05918e-39 0 1.48957e-39 0 2.01283e-39 0 2.81782e-39 0 3.79242e-39 0 5.18913e-39 0 6.95723e-39 0 9.31075e-39 0 1.22154e-38 0 1.62907e-38 0 2.1687e-38 0 2.78162e-38 0 3.62638e-38 0 4.7205e-38 0 6.02943e-38 0 7.69126e-38 0 9.79844e-38 0
5.52648 9.66655e-10 9.28402e-10 3.82529e-11 0.0395724 0.0288755 0 0 0 0 0 0 0 0 0 0 0 0 0 0 0 0 0 0 0 0 0 0 0 0 0 0 0 0 0 0 0 0 0 0 0 0 0 0 0 0 0 0 1.4013e-45 0 5.60519e-45 0 1.54143e-44 0 4.06377e-44 0 1.06499e-43 0 2.49431e-43 0 5.77335e-43 0 1.25977e-42 0 2.59801e-42 0 5.30391e-42 0 1.02645e-41 0 1.92721e-41 0 3.51432e-41 0 6.22933e-41 0 1.09692e-40 0 1.8799e-40 0 3.13811e-40 0 5.10618e-40 0 8.26794e-40 0 1.28061e-39 0 2.01474e-39 0 3.09537e-39 0 4.64681e-39 0 7.08551e-39 0 1.03635e-38 0 1.51111e-38 0 2.19666e-38 0 3.06805e-38 0 4.35397e-38 0 6.16244e-38 0 8.5433e-38 0 1.18164e-37 0 1.57343e-37 0 2.16681e-37 0 2.87425e-37 0 3.87306e-37 0 5.11893e-37 0 6.75381e-37 0 8.74411e-37 0 1.14985e-36 0 1.50951e-36 0 1.91274e-36 0 2.46154e-36 0 3.16323e-36 0 3.99236e-36 0 5.03256e-36 0 6.33599e-36 0
5.81015 9.94688e-10 9.61457e-10 3.32305e-11 0.0334079 0.0259363 0 0 0 0 0 0 0 0 0 0 0 0 0 0 0 0 0 0 0 0 0 0 0 0 0 0 0 0 0 0 0 0 0 0 1.4013e-45 0 4.2039e-45 0 2.10195e-44 0 7.70714e-44 0 2.62043e-43 0 7.83326e-43 0 2.18322e-42 0 5.56175e-42 0 1.39317e-41 0 3.13821e-41 0 6.97636e-41 0 1.46615e-40 0 2.91945e-40 0 5.75705e-40 0 1.07873e-39 0 1.96401e-39 0 3.4778e-39 0 5.99472e-39 0 1.02684e-38 0 1.71411e-38 0 2.79067e-38 0 4.43418e-38 0 7.01287e-38 0 1.06326e-37 0 1.63618e-37 0 2.46161e-37 0 3.62282e-37 0 5.4115e-37 0 7.76943e-37 0 1.1122e-36 0 1.58752e-36 0 2.18139e-36 0 3.04323e-36 0 4.23482e-36 0 5.77805e-36 0 7.86615e-36 0 1.03289e-35 0 1.40037e-35 0 1.83212e-35 0 2.4331e-35 0 3.17228e-35 0 4.12918e-35 0 5.27904e-35 0 6.84976e-35 0 8.87353e-35 0 1.11147e-34 0 1.41287e-34 0 1.79352e-34 0 2.23804e-34 0 2.78945e-34 0 3.47264e-34 0
6.10839 9.34059e-10 9.05676e-10 2.83827e-11 0.0303864 0.0238043 0 0 0 0 0 0 0 0 0 0 0 0 0 0 0 0 0 0 0 0 0 0 0 0 0 0 0 0 0 0 4.2039e-45 0 2.66247e-44 0 1.47136e-43 0 6.68419e-43 0 2.6961e-42 0 9.2864e-42 0 2.96305e-41 0 8.39882e-41 0 2.22689e-40 0 5.4209e-40 0 1.29825e-39 0 2.81074e-39 0 6.00948e-39 0 1.21797e-38 0 2.34506e-38 0 4.47357e-38 0 8.12926e-38 0 1.4374e-37 0 2.47527e-37 0 4.15472e-37 0 6.93206e-37 0 1.12859e-36 0 1.79419e-36 0 2.78712e-36 0 4.31041e-36 0 6.40377e-36 0 9.64914e-36 0 1.42304e-35 0 2.05518e-35 0 3.01032e-35 0 4.24635e-35 0 5.97316e-35 0 8.37902e-35 0 1.13363e-34 0 1.556e-34 0 2.13062e-34 0 2.86327e-34 0 3.83974e-34 0 4.9753e-34 0 6.64587e-34 0 8.58158e-34 0 1.12398e-33 0 1.44658e-33 0 1.85886e-33 0 2.34816e-33 0 3.00832e-33 0 3.8482e-33 0 4.76742e-33 0 5.98961e-33 0 7.51528e-33 0 9.27712e-33 0 1.14391e-32 0 1.40893e-32 0
6.42193 8.87554e-10 8.63614e-10 2.39402e-11 0.0269732 0.0216915 0 0 0 0 0 0 0 0 0 0 0 0 0 0 0 0 0 0 0 0 0 0 0 0 0 0 4.2039e-45 0 6.02558e-44 0 5.12875e-43 0 3.33929e-42 0 1.71085e-41 0 7.20408e-41 0 2.71367e-40 0 8.80172e-40 0 2.65359e-39 0 7.14857e-39 0 1.80728e-38 0 4.21245e-38 0 9.66729e-38 0 2.01552e-37 0 4.15232e-37 0 8.13038e-37 0 1.51613e-36 0 2.80248e-36 0 4.94623e-36 0 8.50583e-36 0 1.42638e-35 0 2.33439e-35 0 3.79874e-35 0 6.03918e-35 0 9.38603e-35 0 1.42702e-34 0 2.16046e-34 0 3.14826e-34 0 4.64975e-34 0 6.72852e-34 0 9.54464e-34 0 1.37224e-33 0 1.90343e-33 0 2.63324e-33 0 3.63331e-33 0 4.84362e-33 0 6.54629e-33 0 8.82726e-33 0 1.16927e-32 0 1.54573e-32 0 1.97769e-32 0 2.60466e-32 0 3.32159e-32 0 4.29353e-32 0 5.45821e-32 0 6.92844e-32 0 8.65292e-32 0 1.09523e-31 0 1.38426e-31 0 1.69708e-31 0 2.10852e-31 0 2.61646e-31 0 3.1968e-31 0 3.9017e-31 0 4.75698e-31 0
6.75157 8.50568e-10 8.30996e-10 1.95727e-11 0.0230113 0.0195193 0 0 0 0 0 0 0 0 0 0 0 0 0 0 0 0 0 0 0 0 0 0 1.4013e-45 0 3.50325e-44 0 6.43196e-43 0 7.26994e-42 0 5.56189e-41 0 3.30805e-40 0 1.56521e-39 0 6.14404e-39 0 2.16924e-38 0 6.64307e-38 0 1.89774e-37 0 4.87088e-37 0 1.17692e-36 0 2.63216e-36 0 5.80054e-36 0 1.16674e-35 0 2.32033e-35 0 4.39665e-35 0 7.95308e-35 0 1.42664e-34 0 2.44906e-34 0 4.10154e-34 0 6.70662e-34 0 1.07151e-33 0 1.7027e-33 0 2.64634e-33 0 4.02532e-33 0 5.99603e-33 0 8.89584e-33 0 1.2727e-32 0 1.84424e-32 0 2.62103e-32 0 3.65509e-32 0 5.16261e-32 0 7.04757e-32 0 9.59645e-32 0 1.30346e-31 0 1.71344e-31 0 2.28195e-31 0 3.03248e-31 0 3.96211e-31 0 5.16685e-31 0 6.53167e-31 0 8.48749e-31 0 1.06959e-30 0 1.36535e-30 0 1.7155e-30 0 2.15238e-30 0 2.65909e-30 0 3.32721e-30 0 4.15744e-30 0 5.04649e-30 0 6.20388e-30 0 7.61766e-30 0 9.2167e-30 0 1.11401e-29 0 1.34513e-29 0
7.09813 8.45563e-10 8.28779e-10 1.67843e-11 0.0198499 0.0176023 0 0 0 0 0 0 0 0 0 0 0 0 0 0 0 0 0 0 0 0 1.4013e-45 0 1.26117e-43 0 4.36925e-42 0 7.0596e-41 0 7.08674e-40 0 4.90929e-39 0 2.67646e-38 0 1.17383e-37 0 4.31013e-37 0 1.43086e-36 0 4.14883e-36 0 1.12599e-35 0 2.76007e-35 0 6.38782e-35 0 1.37357e-34 0 2.91241e-34 0 5.6616e-34 0 1.08877e-33 0 1.99967e-33 0 3.51402e-33 0 6.12621e-33 0 1.02428e-32 0 1.67275e-32 0 2.67032e-32 0 4.16984e-32 0 6.478e-32 0 9.85368e-32 0 1.46845e-31 0 2.14523e-31 0 3.12199e-31 0 4.38912e-31 0 6.24602e-31 0 8.72578e-31 0 1.19723e-30 0 1.66275e-30 0 2.23562e-30 0 2.99864e-30 0 4.01252e-30 0 5.20462e-30 0 6.83521e-30 0 8.95806e-30 0 1.15524e-29 0 1.48711e-29 0 1.85854e-29 0 2.38436e-29 0 2.97103e-29 0 3.74764e-29 0 4.65653e-29 0 5.77804e-29 0 7.06499e-29 0 8.74391e-29 0 1.08076e-28 0 1.29952e-28 0 1.58153e-28 0 1.92258e-28 0 2.30461e-28 0 2.75989e-28 0 3.30194e-28 0
7.46248 8.22871e-10 8.08648e-10 1.42226e-11 0.0172841 0.0159218 0 0 0 0 0 0 0 0 0 0 0 0 0 0 0 0 0 0 0 0 1.59748e-43 0 1.45511e-41 0 4.22009e-40 0 5.95165e-39 0 5.33823e-38 0 3.36457e-37 0 1.68854e-36 0 6.88981e-36 0 2.37418e-35 0 7.4332e-35 0 2.04613e-34 0 5.28898e-34 0 1.24092e-33 0 2.75667e-33 0 5.71018e-33 0 1.16712e-32 0 2.19637e-32 0 4.0911e-32 0 7.29406e-32 0 1.24698e-31 0 2.11575e-31 0 3.44978e-31 0 5.50053e-31 0 8.58256e-31 0 1.31137e-30 0 1.9939e-30 0 2.97145e-30 0 4.3428e-30 0 6.22797e-30 0 8.89915e-30 0 1.23047e-29 0 1.72114e-29 0 2.36552e-29 0 3.19591e-29 0 4.36797e-29 0 5.78858e-29 0 7.6537e-29 0 1.00969e-28 0 1.29314e-28 0 1.67583e-28 0 2.16749e-28 0 2.76072e-28 0 3.51025e-28 0 4.33949e-28 0 5.49992e-28 0 6.77996e-28 0 8.45577e-28 0 1.03957e-27 0 1.27643e-27 0 1.54548e-27 0 1.89294e-27 0 2.31562e-27 0 2.75939e-27 0 3.32616e-27 0 4.00505e-27 0 4.75859e-27 0 5.64872e-27 0 6.69924e-27 0
7.84553 8.08487e-10 7.96304e-10 1.21829e-11 0.0150687 0.0143833 0 0 0 0 0 0 0 0 0 0 0 0 0 0 0 0 0 0 2.94273e-44 0 1.81118e-41 0 1.31945e-39 0 3.24667e-38 0 4.02382e-37 0 3.24251e-36 0 1.868e-35 0 8.66467e-35 0 3.3009e-34 0 1.07079e-33 0 3.17079e-33 0 8.30717e-33 0 2.05001e-32 0 4.61366e-32 0 9.85737e-32 0 1.97054e-31 0 3.88948e-31 0 7.09703e-31 0 1.28239e-30 0 2.22274e-30 0 3.70177e-30 0 6.12072e-30 0 9.74459e-30 0 1.51874e-29 0 2.3188e-29 0 3.47042e-29 0 5.16983e-29 0 7.55581e-29 0 1.08402e-28 0 1.52746e-28 0 2.14488e-28 0 2.91914e-28 0 4.01683e-28 0 5.43566e-28 0 7.23669e-28 0 9.74091e-28 0 1.27327e-27 0 1.66073e-27 0 2.16143e-27 0 2.73496e-27 0 3.49976e-27 0 4.47003e-27 0 5.62662e-27 0 7.07081e-27 0 8.65114e-27 0 1.08384e-26 0 1.32251e-26 0 1.63171e-26 0 1.98593e-26 0 2.41409e-26 0 2.89578e-26 0 3.51188e-26 0 4.25398e-26 0 5.02601e-26 0 6.00334e-26 0 7.1634e-26 0 8.43984e-26 0 9.93504e-26 0 1.1685e-25 0
8.24824 7.81908e-10 7.71564e-10 1.03437e-11 0.0132288 0.013035 0 0 0 0 0 0 0 0 0 0 0 0 0 0 0 0 0 0 3.52286e-42 0 1.5782e-39 0 9.32562e-38 0 1.96248e-36 0 2.15096e-35 0 1.56541e-34 0 8.27928e-34 0 3.56314e-33 0 1.27161e-32 0 3.89468e-32 0 1.09374e-31 0 2.73388e-31 0 6.45547e-31 0 1.39643e-30 0 2.87498e-30 0 5.55612e-30 0 1.06087e-29 0 1.87972e-29 0 3.29983e-29 0 5.56798e-29 0 9.04488e-29 0 1.45926e-28 0 2.27109e-28 0 3.46374e-28 0 5.18026e-28 0 7.60185e-28 0 1.11061e-27 0 1.59339e-27 0 2.24607e-27 0 3.11232e-27 0 4.29853e-27 0 5.76284e-27 0 7.80723e-27 0 1.041e-26 0 1.36669e-26 0 1.81313e-26 0 2.33923e-26 0 3.01173e-26 0 3.86965e-26 0 4.84051e-26 0 6.11997e-26 0 7.72384e-26 0 9.6137e-26 0 1.19473e-25 0 1.44742e-25 0 1.79353e-25 0 2.16732e-25 0 2.64673e-25 0 3.19055e-25 0 3.84163e-25 0 4.56741e-25 0 5.48723e-25 0 6.58482e-25 0 7.71678e-25 0 9.13772e-25 0 1.08098e-24 0 1.26344e-24 0 1.47548e-24 0 1.72168e-24 0
8.67162 7.48561e-10 7.39748e-10 8.81272e-12 0.0117729 0.0118772 0 0 0 0 0 0 0 0 0 0 0 0 0 0 0 0 5.60519e-45 0 3.24506e-40 0 1.07918e-37 0 5.22534e-36 0 9.47637e-35 0 9.24059e-34 0 6.10393e-33 0 2.97616e-32 0 1.19275e-31 0 4.00031e-31 0 1.16006e-30 0 3.09762e-30 0 7.404e-30 0 1.67647e-29 0 3.49241e-29 0 6.94115e-29 0 1.29896e-28 0 2.4031e-28 0 4.14071e-28 0 7.07198e-28 0 1.1632e-27 0 1.84532e-27 0 2.90843e-27 0 4.42977e-27 0 6.61823e-27 0 9.70541e-27 0 1.39781e-26 0 2.00472e-26 0 2.82591e-26 0 3.91725e-26 0 5.34226e-26 0 7.26298e-26 0 9.59876e-26 0 1.28126e-25 0 1.68458e-25 0 2.18242e-25 0 2.85564e-25 0 3.63869e-25 0 4.62733e-25 0 5.87315e-25 0 7.26681e-25 0 9.08299e-25 0 1.13338e-24 0 1.39571e-24 0 1.71618e-24 0 2.05978e-24 0 2.52574e-24 0 3.02405e-24 0 3.65712e-24 0 4.36851e-24 0 5.21249e-24 0 6.14511e-24 0 7.31682e-24 0 8.70256e-24 0 1.01199e-23 0 1.18848e-23 0 1.39448e-23 0 1.61749e-23 0 1.87469e-23 0 2.17108e-23 0
9.11674 7.1806e-10 7.10597e-10 7.46307e-12 0.0103934 0.0107909 0 0 0 0 0 0 0 0 0 0 0 0 0 0 0 0 7.6651e-43 0 2.36765e-38 0 5.93005e-36 0 2.37581e-34 0 3.74018e-33 0 3.26332e-32 0 1.9658e-31 0 8.87141e-31 0 3.32239e-30 0 1.05035e-29 0 2.89164e-29 0 7.35983e-29 0 1.68589e-28 0 3.66801e-28 0 7.37221e-28 0 1.4169e-27 0 2.57168e-27 0 4.61686e-27 0 7.74662e-27 0 1.28893e-26 0 2.06914e-26 0 3.20939e-26 0 4.94725e-26 0 7.38183e-26 0 1.08146e-25 0 1.55656e-25 0 2.20225e-25 0 3.10331e-25 0 4.30179e-25 0 5.86877e-25 0 7.88339e-25 0 1.05582e-24 0 1.3765e-24 0 1.81166e-24 0 2.35032e-24 0 3.00666e-24 0 3.88283e-24 0 4.88935e-24 0 6.14526e-24 0 7.70949e-24 0 9.44025e-24 0 1.16718e-23 0 1.44076e-23 0 1.75628e-23 0 2.13787e-23 0 2.54314e-23 0 3.08754e-23 0 3.66433e-23 0 4.39051e-23 0 5.19923e-23 0 6.15044e-23 0 7.19284e-23 0 8.49166e-23 0 1.00147e-22 0 1.15603e-22 0 1.34703e-22 0 1.56822e-22 0 1.80589e-22 0 2.07802e-22 0 2.38937e-22 0
9.5847 6.89206e-10 6.8285e-10 6.35609e-12 0.00922234 0.00981486 0 0 0 0 0 0 0 0 0 0 0 0 0 0 1.4013e-45 0 7.41301e-41 0 1.38183e-36 0 2.64289e-34 0 8.84258e-33 0 1.21679e-31 0 9.55102e-31 0 5.27049e-30 0 2.2098e-29 0 7.75911e-29 0 2.31894e-28 0 6.07612e-28 0 1.47754e-27 0 3.25032e-27 0 6.80839e-27 0 1.32254e-26 0 2.46206e-26 0 4.34046e-26 0 7.57284e-26 0 1.23894e-25 0 2.01081e-25 0 3.15425e-25 0 4.78874e-25 0 7.22746e-25 0 1.05755e-24 0 1.52073e-24 0 2.15022e-24 0 2.99106e-24 0 4.14488e-24 0 5.65473e-24 0 7.59842e-24 0 1.00608e-23 0 1.32835e-23 0 1.70953e-23 0 2.21999e-23 0 2.84369e-23 0 3.59433e-23 0 4.58416e-23 0 5.70788e-23 0 7.0944e-23 0 8.80223e-23 0 1.06723e-22 0 1.30591e-22 0 1.59551e-22 0 1.92621e-22 0 2.32232e-22 0 2.73923e-22 0 3.29427e-22 0 3.87713e-22 0 4.60464e-22 0 5.40799e-22 0 6.34512e-22 0 7.36402e-22 0 8.62357e-22 0 1.00887e-21 0 1.15644e-21 0 1.33748e-21 0 1.54559e-21 0 1.76761e-21 0 2.02008e-21 0 2.30697e-21 0
10.0767 6.58106e-10 6.52768e-10 5.33841e-12 0.00811177 0.0089123 0 0 0 0 0 0 0 0 0 0 0 0 4.2039e-45 0 1.52742e-43 0 5.62318e-39 0 6.48542e-35 0 9.59766e-33 0 2.70541e-31 0 3.27548e-30 0 2.32499e-29 0 1.18033e-28 0 4.61437e-28 0 1.52385e-27 0 4.31722e-27 0 1.07923e-26 0 2.51297e-26 0 5.31934e-26 0 1.07472e-25 0 2.02108e-25 0 3.65001e-25 0 6.25907e-25 0 1.06275e-24 0 1.6974e-24 0 2.69052e-24 0 4.12872e-24 0 6.14168e-24 0 9.08497e-24 0 1.30487e-23 0 1.84338e-23 0 2.56273e-23 0 3.5079e-23 0 4.78427e-23 0 6.42879e-23 0 8.51483e-23 0 1.11207e-22 0 1.44851e-22 0 1.84135e-22 0 2.36086e-22 0 2.9878e-22 0 3.73353e-22 0 4.70547e-22 0 5.79655e-22 0 7.12853e-22 0 8.75192e-22 0 1.05119e-21 0 1.27367e-21 0 1.54099e-21 0 1.84335e-21 0 2.20222e-21 0 2.57672e-21 0 3.07104e-21 0 3.58576e-21 0 4.223e-21 0 4.92097e-21 0 5.72884e-21 0 6.60061e-21 0 7.67023e-21 0 8.90491e-21 0 1.01396e-20 0 1.1644e-20 0 1.33611e-20 0 1.51806e-20 0 1.72361e-20 0 1.95568e-20 0
10.5939 6.28328e-10 6.23861e-10 4.46706e-12 0.00710944 0.00808406 0 0 0 0 0 0 0 0 0 0 4.2039e-45 0 4.79244e-43 0 1.54886e-41 0 3.4026e-37 0 2.48569e-33 0 2.88214e-31 0 6.90215e-30 0 7.39857e-29 0 4.77241e-28 0 2.23806e-27 0 8.18598e-27 0 2.55016e-26 0 6.86672e-26 0 1.64147e-25 0 3.66761e-25 0 7.48433e-25 0 1.4611e-24 0 2.66425e-24 0 4.67468e-24 0 7.80786e-24 0 1.29189e-23 0 2.01675e-23 0 3.12562e-23 0 4.69716e-23 0 6.85309e-23 0 9.94537e-23 0 1.40342e-22 0 1.94944e-22 0 2.66693e-22 0 3.59499e-22 0 4.82933e-22 0 6.3964e-22 0 8.35649e-22 0 1.07725e-21 0 1.38517e-21 0 1.74032e-21 0 2.20442e-21 0 2.75792e-21 0 3.40899e-21 0 4.24818e-21 0 5.18021e-21 0 6.30655e-21 0 7.66557e-21 0 9.12511e-21 0 1.09532e-20 0 1.31294e-20 0 1.55688e-20 0 1.84389e-20 0 2.14098e-20 0 2.52993e-20 0 2.9317e-20 0 3.42524e-20 0 3.96166e-20 0 4.57793e-20 0 5.23821e-20 0 6.04259e-20 0 6.96433e-20 0 7.87984e-20 0 8.98808e-20 0 1.02444e-19 0 1.15672e-19 0 1.30523e-19 0 1.47186e-19 0
11.1377 6.11159e-10 6.07399e-10 3.76008e-12 0.00615237 0.00726768 0 0 0 0 0 0 0 0 0 0 5.33895e-43 0 4.59584e-41 0 1.25489e-39 0 1.69213e-35 0 8.00629e-32 0 7.3606e-30 0 1.50953e-28 0 1.44115e-27 0 8.48733e-27 0 3.69095e-26 0 1.26718e-25 0 3.73458e-25 0 9.5812e-25 0 2.19495e-24 0 4.7155e-24 0 9.29337e-24 0 1.75596e-23 0 3.10937e-23 0 5.30796e-23 0 8.64631e-23 0 1.39588e-22 0 2.13221e-22 0 3.23463e-22 0 4.76525e-22 0 6.82538e-22 0 9.72669e-22 0 1.34967e-21 0 1.84495e-21 0 2.48565e-21 0 3.30214e-21 0 4.37245e-21 0 5.71235e-21 0 7.36605e-21 0 9.37874e-21 0 1.19124e-20 0 1.48008e-20 0 1.85326e-20 0 2.29337e-20 0 2.80559e-20 0 3.45888e-20 0 4.17709e-20 0 5.03671e-20 0 6.06403e-20 0 7.15747e-20 0 8.51515e-20 0 1.0117e-19 0 1.18973e-19 0 1.39747e-19 0 1.61083e-19 0 1.88802e-19 0 2.17216e-19 0 2.51863e-19 0 2.89245e-19 0 3.31889e-19 0 3.77268e-19 0 4.32176e-19 0 4.9466e-19 0 5.56322e-19 0 6.305e-19 0 7.14056e-19 0 8.01488e-19 0 8.99071e-19 0 1.00792e-18 0
11.7094 5.91695e-10 5.88484e-10 3.21054e-12 0.00542601 0.00656821 0 0 0 0 0 0 0 0 8.82818e-44 0 5.00488e-41 0 3.46662e-39 0 8.05432e-38 0 6.82687e-34 0 2.13693e-30 0 1.57546e-28 0 2.78793e-27 0 2.38401e-26 0 1.28758e-25 0 5.21161e-25 0 1.68468e-24 0 4.7098e-24 0 1.15399e-23 0 2.53882e-23 0 5.25437e-23 0 1.0018e-22 0 1.83497e-22 0 3.15988e-22 0 5.25517e-22 0 8.35879e-22 0 1.31827e-21 0 1.97244e-21 0 2.93198e-21 0 4.23845e-21 0 5.96527e-21 0 8.35521e-21 0 1.14097e-20 0 1.53604e-20 0 2.03956e-20 0 2.67221e-20 0 3.49017e-20 0 4.50058e-20 0 5.73189e-20 0 7.21249e-20 0 9.05459e-20 0 1.11315e-19 0 1.37859e-19 0 1.68832e-19 0 2.04518e-19 0 2.49576e-19 0 2.98635e-19 0 3.56817e-19 0 4.25721e-19 0 4.98433e-19 0 5.87973e-19 0 6.92726e-19 0 8.08204e-19 0 9.41894e-19 0 1.0782e-18 0 1.25397e-18 0 1.43285e-18 0 1.64943e-18 0 1.88149e-18 0 2.14443e-18 0 2.42243e-18 0 2.75665e-18 0 3.13447e-18 0 3.50504e-18 0 3.94819e-18 0 4.44433e-18 0 4.96046e-18 0 5.53328e-18 0 6.16867e-18 0
12.3105 5.64514e-10 5.61801e-10 2.71277e-12 0.00480549 0.0059674 0 0 0 0 0 0 0 0 8.79595e-42 0 3.65374e-39 0 2.05775e-37 0 4.10031e-36 0 2.2347e-32 0 4.72194e-29 0 2.82197e-27 0 4.34011e-26 0 3.34212e-25 0 1.66236e-24 0 6.2846e-24 0 1.91843e-23 0 5.10071e-23 0 1.19627e-22 0 2.53244e-22 0 5.0583e-22 0 9.34503e-22 0 1.66187e-21 0 2.78685e-21 0 4.52109e-21 0 7.03007e-21 0 1.08433e-20 0 1.5908e-20 0 2.31935e-20 0 3.29306e-20 0 4.55801e-20 0 6.27998e-20 0 8.44636e-20 0 1.12071e-19 0 1.46763e-19 0 1.89766e-19 0 2.44643e-19 0 3.11576e-19 0 3.92162e-19 0 4.87956e-19 0 6.05817e-19 0 7.37303e-19 0 9.03639e-19 0 1.09576e-18 0 1.315e-18 0 1.58919e-18 0 1.88499e-18 0 2.23275e-18 0 2.64104e-18 0 3.06841e-18 0 3.59055e-18 0 4.19652e-18 0 4.85936e-18 0 5.621e-18 0 6.39211e-18 0 7.37959e-18 0 8.37755e-18 0 9.57782e-18 0 1.08553e-17 0 1.22936e-17 0 1.38049e-17 0 1.56107e-17 0 1.76394e-17 0 1.96174e-17 0 2.19696e-17 0 2.45878e-17 0 2.72964e-17 0 3.02866e-17 0 3.35857e-17 0
12.9424 5.46893e-10 5.4461e-10 2.28332e-12 0.00417508 0.00536181 0 0 0 0 0 0 1.4013e-44 0 6.99635e-40 0 2.16509e-37 0 1.00152e-35 0 1.7244e-34 0 6.17467e-31 0 8.978e-28 0 4.3942e-26 0 5.91393e-25 0 4.12205e-24 0 1.89583e-23 0 6.71668e-23 0 1.9416e-22 0 4.92164e-22 0 1.10722e-21 0 2.25965e-21 0 4.36351e-21 0 7.82343e-21 0 1.35272e-20 0 2.21188e-20 0 3.50455e-20 0 5.3332e-20 0 8.05378e-20 0 1.15965e-19 0 1.65991e-19 0 2.31678e-19 0 3.15622e-19 0 4.2811e-19 0 5.67521e-19 0 7.42689e-19 0 9.5987e-19 0 1.22565e-18 0 1.56061e-18 0 1.96426e-18 0 2.44468e-18 0 3.00956e-18 0 3.69723e-18 0 4.45672e-18 0 5.40818e-18 0 6.49659e-18 0 7.7273e-18 0 9.25257e-18 0 1.08837e-17 0 1.27854e-17 0 1.5e-17 0 1.73001e-17 0 2.00892e-17 0 2.33015e-17 0 2.67895e-17 0 3.0769e-17 0 3.4771e-17 0 3.9862e-17 0 4.49733e-17 0 5.10816e-17 0 5.75421e-17 0 6.47716e-17 0 7.23237e-17 0 8.12949e-17 0 9.13129e-17 0 1.01027e-16 0 1.12517e-16 0 1.25236e-16 0 1.38324e-16 0 1.52699e-16 0 1.6848e-16 0
13.6067 5.22229e-10 5.20288e-10 1.9411e-12 0.00371696 0.0048676 0 0 0 0 0 0 1.49519e-42 0 4.36863e-38 0 1.02176e-35 0 3.91949e-34 0 5.87305e-33 0 1.41033e-29 0 1.43707e-26 0 5.81673e-25 0 6.89531e-24 0 4.3714e-23 0 1.86618e-22 0 6.21564e-22 0 1.70601e-21 0 4.13247e-21 0 8.93597e-21 0 1.76126e-20 0 3.29355e-20 0 5.73912e-20 0 9.6615e-20 0 1.54231e-19 0 2.38937e-19 0 3.56235e-19 0 5.27241e-19 0 7.45772e-19 0 1.04896e-18 0 1.44042e-18 0 1.93293e-18 0 2.58309e-18 0 3.37745e-18 0 4.36225e-18 0 5.56771e-18 0 7.02503e-18 0 8.84003e-18 0 1.10022e-17 0 1.35476e-17 0 1.65096e-17 0 2.00792e-17 0 2.39841e-17 0 2.88308e-17 0 3.43244e-17 0 4.04824e-17 0 4.80486e-17 0 5.60727e-17 0 6.53547e-17 0 7.60789e-17 0 8.7136e-17 0 1.00448e-16 0 1.1567e-16 0 1.32081e-16 0 1.50679e-16 0 1.69264e-16 0 1.92756e-16 0 2.16195e-16 0 2.44037e-16 0 2.73308e-16 0 3.05873e-16 0 3.39702e-16 0 3.79666e-16 0 4.2404e-16 0 4.6684e-16 0 5.17206e-16 0 5.72669e-16 0 6.29457e-16 0 6.91527e-16 0 7.59338e-16 0
14.3051 5.00314e-10 4.98678e-10 1.63522e-12 0.00326839 0.00439784 0 0 0 0 0 0 1.24692e-40 0 2.20445e-36 0 3.95038e-34 0 1.2682e-32 0 1.66504e-31 0 2.73422e-28 0 1.98664e-25 0 6.71199e-24 0 7.05172e-23 0 4.08509e-22 0 1.62464e-21 0 5.10245e-21 0 1.33311e-20 0 3.09268e-20 0 6.44041e-20 0 1.22802e-19 0 2.22729e-19 0 3.77731e-19 0 6.19922e-19 0 9.6727e-19 0 1.46682e-18 0 2.14468e-18 0 3.11401e-18 0 4.33077e-18 0 5.99079e-18 0 8.10008e-18 0 1.07147e-17 0 1.41174e-17 0 1.82188e-17 0 2.32389e-17 0 2.93095e-17 0 3.65637e-17 0 4.5497e-17 0 5.60232e-17 0 6.82872e-17 0 8.24176e-17 0 9.9284e-17 0 1.17568e-16 0 1.40062e-16 0 1.65336e-16 0 1.93433e-16 0 2.27674e-16 0 2.63699e-16 0 3.05061e-16 0 3.52494e-16 0 4.01059e-16 0 4.59133e-16 0 5.25077e-16 0 5.95707e-16 0 6.75228e-16 0 7.54216e-16 0 8.53462e-16 0 9.51894e-16 0 1.06814e-15 0 1.18966e-15 0 1.32411e-15 0 1.46305e-15 0 1.62631e-15 0 1.80661e-15 0 1.97965e-15 0 2.18228e-15 0 2.40431e-15 0 2.63056e-15 0 2.87672e-15 0 3.14441e-15 0
15.0394 4.83541e-10 4.82159e-10 1.38158e-12 0.00285722 0.00394648 0 0 0 0 0 0 8.32935e-39 0 9.13472e-35 0 1.27063e-32 0 3.44359e-31 0 3.98703e-30 0 4.5611e-27 0 2.40246e-24 0 6.83518e-23 0 6.4021e-22 0 3.40393e-21 0 1.26551e-20 0 3.75854e-20 0 9.37007e-20 0 2.08626e-19 0 4.19172e-19 0 7.74463e-19 0 1.36441e-18 0 2.25502e-18 0 3.61244e-18 0 5.51541e-18 0 8.19557e-18 0 1.17627e-17 0 1.6771e-17 0 2.29514e-17 0 3.12499e-17 0 4.16349e-17 0 5.43272e-17 0 7.06228e-17 0 9.00121e-17 0 1.13458e-16 0 1.41484e-16 0 1.74607e-16 0 2.1496e-16 0 2.62018e-16 0 3.16304e-16 0 3.78266e-16 0 4.51553e-16 0 5.30315e-16 0 6.264e-16 0 7.3347e-16 0 8.51567e-16 0 9.94363e-16 0 1.14347e-15 0 1.31345e-15 0 1.50701e-15 0 1.70386e-15 0 1.93775e-15 0 2.20159e-15 0 2.48239e-15 0 2.7966e-15 0 3.10692e-15 0 3.4946e-15 0 3.87692e-15 0 4.32598e-15 0 4.79285e-15 0 5.30671e-15 0 5.83503e-15 0 6.45275e-15 0 7.13143e-15 0 7.77964e-15 0 8.53525e-15 0 9.35927e-15 0 1.01951e-14 0 1.11006e-14 0 1.20809e-14 0
15.8114 4.61418e-10 4.60243e-10 1.1744e-12 0.0025452 0.00357051 0 0 0 0 0 0 4.41265e-37 0 3.07277e-33 0 3.35897e-31 0 7.74882e-30 0 7.96054e-29 0 6.45712e-26 0 2.50465e-23 0 6.05125e-22 0 5.08138e-21 0 2.49007e-20 0 8.68263e-20 0 2.44525e-19 0 5.83013e-19 0 1.24833e-18 0 2.42415e-18 0 4.34662e-18 0 7.44884e-18 0 1.20127e-17 0 1.88061e-17 0 2.81257e-17 0 4.09926e-17 0 5.7806e-17 0 8.10033e-17 0 1.09169e-16 0 1.46418e-16 0 1.92363e-16 0 2.47764e-16 0 3.17983e-16 0 4.00512e-16 0 4.99163e-16 0 6.1579e-16 0 7.52187e-16 0 9.16673e-16 0 1.1066e-15 0 1.32364e-15 0 1.56917e-15 0 1.85706e-15 0 2.16393e-15 0 2.5353e-15 0 2.94587e-15 0 3.39535e-15 0 3.93481e-15 0 4.4941e-15 0 5.12733e-15 0 5.84356e-15 0 6.5674e-15 0 7.42215e-15 0 8.38034e-15 0 9.39398e-15 0 1.05216e-14 0 1.16292e-14 0 1.30055e-14 0 1.43554e-14 0 1.59326e-14 0 1.7564e-14 0 1.93507e-14 0 2.11788e-14 0 2.33061e-14 0 2.56319e-14 0 2.78432e-14 0 3.04095e-14 0 3.31957e-14 0 3.60096e-14 0 3.9045e-14 0 4.23182e-14 0
16.623 4.37165e-10 4.36176e-10 9.89489e-13 0.00226342 0.00324113 0 0 0 0 1.4013e-45 0 1.88449e-35 0 8.51926e-32 0 7.40529e-30 0 1.46562e-28 0 1.3438e-27 0 7.85952e-25 0 2.27884e-22 0 4.71285e-21 0 3.56697e-20 0 1.61744e-19 0 5.30622e-19 0 1.4207e-18 0 3.24663e-18 0 6.69795e-18 0 1.25921e-17 0 2.19437e-17 0 3.6629e-17 0 5.77088e-17 0 8.83887e-17 0 1.29618e-16 0 1.85474e-16 0 2.57194e-16 0 3.54517e-16 0 4.70877e-16 0 6.22554e-16 0 8.07078e-16 0 1.02675e-15 0 1.30179e-15 0 1.62129e-15 0 1.99903e-15 0 2.44094e-15 0 2.95261e-15 0 3.56371e-15 0 4.2627e-15 0 5.05438e-15 0 5.94237e-15 0 6.97499e-15 0 8.0671e-15 0 9.37877e-15 0 1.0818e-14 0 1.23825e-14 0 1.42469e-14 0 1.61667e-14 0 1.83263e-14 0 2.07533e-14 0 2.31915e-14 0 2.60537e-14 0 2.92433e-14 0 3.25982e-14 0 3.63098e-14 0 3.99365e-14 0 4.44194e-14 0 4.8794e-14 0 5.38803e-14 0 5.91152e-14 0 6.48212e-14 0 7.06331e-14 0 7.73654e-14 0 8.46917e-14 0 9.16272e-14 0 9.96429e-14 0 1.08308e-13 0 1.17023e-13 0 1.26387e-13 0 1.36445e-13 0
17.4762 4.20679e-10 4.19846e-10 8.3249e-13 0.00197892 0.00290386 0 0 0 0 8.54792e-44 0 6.70485e-34 0 2.00972e-30 0 1.40475e-28 0 2.40315e-27 0 1.97746e-26 0 8.47366e-24 0 1.86281e-21 0 3.32282e-20 0 2.27828e-19 0 9.5958e-19 0 2.97062e-18 0 7.58021e-18 0 1.66375e-17 0 3.31314e-17 0 6.03965e-17 0 1.02434e-16 0 1.66762e-16 0 2.56966e-16 0 3.85469e-16 0 5.54806e-16 0 7.80116e-16 0 1.06465e-15 0 1.4447e-15 0 1.89247e-15 0 2.46819e-15 0 3.15946e-15 0 3.97245e-15 0 4.97852e-15 0 6.13431e-15 0 7.48657e-15 0 9.05287e-15 0 1.08493e-14 0 1.2975e-14 0 1.53848e-14 0 1.80911e-14 0 2.1102e-14 0 2.4576e-14 0 2.82228e-14 0 3.25712e-14 0 3.73086e-14 0 4.24233e-14 0 4.84778e-14 0 5.46717e-14 0 6.15968e-14 0 6.93321e-14 0 7.70582e-14 0 8.60782e-14 0 9.6073e-14 0 1.06528e-13 0 1.18034e-13 0 1.29222e-13 0 1.42983e-13 0 1.56346e-13 0 1.71809e-13 0 1.8765e-13 0 2.0484e-13 0 2.22272e-13 0 2.42377e-13 0 2.6416e-13 0 2.84697e-13 0 3.08337e-13 0 3.33788e-13 0 3.59286e-13 0 3.86581e-13 0 4.15787e-13 0
18.3733 4.01195e-10 4.00491e-10 7.03949e-13 0.00175463 0.002615 0 0 0 0 7.58523e-42 0 1.95801e-32 0 3.9702e-29 0 2.25539e-27 0 3.35887e-26 0 2.49362e-25 0 7.94859e-23 0 1.34288e-20 0 2.08103e-19 0 1.29884e-18 0 5.09967e-18 0 1.49398e-17 0 3.64181e-17 0 7.69226e-17 0 1.48116e-16 0 2.62205e-16 0 4.33383e-16 0 6.88953e-16 0 1.03944e-15 0 1.52868e-15 0 2.16146e-15 0 2.98908e-15 0 4.01782e-15 0 5.37142e-15 0 6.94411e-15 0 8.93992e-15 0 1.13066e-14 0 1.4058e-14 0 1.74252e-14 0 2.12528e-14 0 2.56868e-14 0 3.0774e-14 0 3.65562e-14 0 4.33385e-14 0 5.0962e-14 0 5.94541e-14 0 6.88299e-14 0 7.95669e-14 0 9.07587e-14 0 1.04012e-13 0 1.18353e-13 0 1.33737e-13 0 1.51831e-13 0 1.70228e-13 0 1.90676e-13 0 2.13386e-13 0 2.35944e-13 0 2.62142e-13 0 2.91015e-13 0 3.21062e-13 0 3.53962e-13 0 3.85802e-13 0 4.24782e-13 0 4.62459e-13 0 5.05865e-13 0 5.50133e-13 0 5.97962e-13 0 6.46267e-13 0 7.01752e-13 0 7.61613e-13 0 8.17828e-13 0 8.82295e-13 0 9.51429e-13 0 1.02044e-12 0 1.09404e-12 0 1.17252e-12 0
19.3164 3.81602e-10 3.81011e-10 5.90441e-13 0.00154727 0.00235737 0 0 0 0 5.32024e-40 0 4.76673e-31 0 6.66433e-28 0 3.10819e-26 0 4.05705e-25 0 2.73112e-24 0 6.57008e-22 0 8.6407e-20 0 1.17133e-18 0 6.68541e-18 0 2.45535e-17 0 6.82536e-17 0 1.59296e-16 0 3.24403e-16 0 6.04978e-16 0 1.04152e-15 0 1.67975e-15 0 2.61056e-15 0 3.86033e-15 0 5.57136e-15 0 7.74546e-15 0 1.0543e-14 0 1.39684e-14 0 1.84114e-14 0 2.35055e-14 0 2.98903e-14 0 3.73722e-14 0 4.59749e-14 0 5.63927e-14 0 6.81163e-14 0 8.15692e-14 0 9.68656e-14 0 1.14103e-13 0 1.34153e-13 0 1.56508e-13 0 1.81219e-13 0 2.08302e-13 0 2.39098e-13 0 2.70982e-13 0 3.08493e-13 0 3.48821e-13 0 3.91817e-13 0 4.42081e-13 0 4.92886e-13 0 5.49045e-13 0 6.11069e-13 0 6.72362e-13 0 7.43186e-13 0 8.20845e-13 0 9.01262e-13 0 9.88897e-13 0 1.07333e-12 0 1.17623e-12 0 1.27526e-12 0 1.38886e-12 0 1.50422e-12 0 1.62836e-12 0 1.75324e-12 0 1.89612e-12 0 2.04966e-12 0 2.1933e-12 0 2.35744e-12 0 2.53282e-12 0 2.70725e-12 0 2.89267e-12 0 3.0897e-12 0
20.3079 3.67348e-10 3.66851e-10 4.97187e-13 0.00135345 0.00209983 0 0 0 0 3.02395e-38 0 9.90324e-30 0 9.72155e-27 0 3.75848e-25 0 4.32755e-24 0 2.65423e-23 0 4.88549e-21 0 5.06325e-19 0 6.04345e-18 0 3.16811e-17 0 1.09194e-16 0 2.88759e-16 0 6.46609e-16 0 1.27187e-15 0 2.30082e-15 0 3.85739e-15 0 6.07764e-15 0 9.2443e-15 0 1.34113e-14 0 1.9012e-14 0 2.60092e-14 0 3.48743e-14 0 4.55745e-14 0 5.92662e-14 0 7.47671e-14 0 9.3967e-14 0 1.16214e-13 0 1.41526e-13 0 1.71873e-13 0 2.05698e-13 0 2.44166e-13 0 2.8753e-13 0 3.35998e-13 0 3.9193e-13 0 4.53813e-13 0 5.21718e-13 0 5.95624e-13 0 6.79095e-13 0 7.64965e-13 0 8.65361e-13 0 9.72633e-13 0 1.08634e-12 0 1.2185e-12 0 1.35133e-12 0 1.49739e-12 0 1.65786e-12 0 1.81566e-12 0 1.99713e-12 0 2.19514e-12 0 2.39922e-12 0 2.62061e-12 0 2.833e-12 0 3.09076e-12 0 3.33778e-12 0 3.61999e-12 0 3.90543e-12 0 4.21139e-12 0 4.51804e-12 0 4.86759e-12 0 5.24177e-12 0 5.59061e-12 0 5.98786e-12 0 6.41082e-12 0 6.83008e-12 0 7.27431e-12 0 7.74483e-12 0
21.3503 3.54256e-10 3.5383e-10 4.25894e-13 0.00120222 0.00185275 0 0 0 0 1.39378e-36 0 1.75247e-28 0 1.22894e-25 0 3.97474e-24 0 4.06186e-23 0 2.28015e-22 0 3.25348e-20 0 2.68821e-18 0 2.84277e-17 0 1.37445e-16 0 4.45954e-16 0 1.12462e-15 0 2.42113e-15 0 4.60759e-15 0 8.09737e-15 0 1.32373e-14 0 2.03986e-14 0 3.03981e-14 0 4.33064e-14 0 6.03546e-14 0 8.13139e-14 0 1.07479e-13 0 1.38633e-13 0 1.77984e-13 0 2.22003e-13 0 2.75916e-13 0 3.37717e-13 0 4.07337e-13 0 4.90011e-13 0 5.81326e-13 0 6.84287e-13 0 7.99412e-13 0 9.27088e-13 0 1.07332e-12 0 1.23392e-12 0 1.40893e-12 0 1.59815e-12 0 1.81048e-12 0 2.02759e-12 0 2.27993e-12 0 2.54798e-12 0 2.83052e-12 0 3.15713e-12 0 3.48366e-12 0 3.8409e-12 0 4.23143e-12 0 4.61367e-12 0 5.05123e-12 0 5.52648e-12 0 6.01411e-12 0 6.54082e-12 0 7.04407e-12 0 7.65238e-12 0 8.233e-12 0 8.89378e-12 0 9.55959e-12 0 1.02706e-11 0 1.09807e-11 0 1.17873e-11 0 1.26476e-11 0 1.34469e-11 0 1.43542e-11 0 1.5317e-11 0 1.62684e-11 0 1.72732e-11 0 1.83343e-11 0
22.4463 3.36286e-10 3.35926e-10 3.60234e-13 0.00107121 0.00165522 0 0 0 0 5.17203e-35 0 2.61619e-27 0 1.3323e-24 0 3.63636e-23 0 3.31741e-22 0 1.71181e-21 0 1.91714e-19 0 1.27693e-17 0 1.20348e-16 0 5.38778e-16 0 1.6505e-15 0 3.97846e-15 0 8.2503e-15 0 1.52153e-14 0 2.60134e-14 0 4.15173e-14 0 6.26414e-14 0 9.15481e-14 0 1.28189e-13 0 1.7578e-13 0 2.33402e-13 0 3.04332e-13 0 3.87698e-13 0 4.91712e-13 0 6.06738e-13 0 7.46122e-13 0 9.04274e-13 0 1.08075e-12 0 1.28843e-12 0 1.51583e-12 0 1.77016e-12 0 2.05233e-12 0 2.36296e-12 0 2.71617e-12 0 3.10142e-12 0 3.51844e-12 0 3.96648e-12 0 4.46619e-12 0 4.97418e-12 0 5.5613e-12 0 6.18148e-12 0 6.83179e-12 0 7.57956e-12 0 8.32341e-12 0 9.13332e-12 0 1.00145e-11 0 1.08731e-11 0 1.18518e-11 0 1.29101e-11 0 1.39913e-11 0 1.51544e-11 0 1.62614e-11 0 1.75944e-11 0 1.88619e-11 0 2.02991e-11 0 2.1742e-11 0 2.32775e-11 0 2.48057e-11 0 2.65359e-11 0 2.83748e-11 0 3.0078e-11 0 3.20053e-11 0 3.40439e-11 0 3.60521e-11 0 3.81671e-11 0 4.0394e-11 0
23.5984 3.18087e-10 3.17781e-10 3.05411e-13 0.000960152 0.00147496 0 0 0 0 1.57952e-33 0 3.36041e-26 0 1.26229e-23 0 2.93165e-22 0 2.40086e-21 0 1.14348e-20 0 1.01713e-18 0 5.519e-17 0 4.66189e-16 0 1.93977e-15 0 5.62623e-15 0 1.29916e-14 0 2.59987e-14 0 4.65357e-14 0 7.75048e-14 0 1.20906e-13 0 1.78797e-13 0 2.56508e-13 0 3.53317e-13 0 4.77078e-13 0 6.24758e-13 0 8.04135e-13 0 1.01237e-12 0 1.26917e-12 0 1.55007e-12 0 1.88702e-12 0 2.26563e-12 0 2.68433e-12 0 3.1728e-12 0 3.70328e-12 0 4.29199e-12 0 4.94035e-12 0 5.64908e-12 0 6.44948e-12 0 7.31671e-12 0 8.24955e-12 0 9.2458e-12 0 1.03505e-11 0 1.14673e-11 0 1.27511e-11 0 1.41002e-11 0 1.55076e-11 0 1.7118e-11 0 1.87122e-11 0 2.04401e-11 0 2.23116e-11 0 2.41274e-11 0 2.61886e-11 0 2.84082e-11 0 3.06668e-11 0 3.30869e-11 0 3.53819e-11 0 3.81353e-11 0 4.07439e-11 0 4.36915e-11 0 4.66405e-11 0 4.97682e-11 0 5.28713e-11 0 5.63731e-11 0 6.00829e-11 0 6.35083e-11 0 6.7373e-11 0 7.14487e-11 0 7.5452e-11 0 7.96564e-11 0 8.40708e-11 0
24.8097 2.99846e-10 2.99589e-10 2.56881e-13 0.00085671 0.00131911 0 0 0 0 4.00794e-32 0 3.74122e-25 0 1.05213e-22 0 2.09571e-21 0 1.5488e-20 0 6.83539e-20 0 4.88367e-18 0 2.18044e-16 0 1.65959e-15 0 6.44108e-15 0 1.77356e-14 0 3.93139e-14 0 7.60545e-14 0 1.32317e-13 0 2.14952e-13 0 3.28119e-13 0 4.76044e-13 0 6.71022e-13 0 9.09934e-13 0 1.21078e-12 0 1.56484e-12 0 1.98946e-12 0 2.47665e-12 0 3.07078e-12 0 3.71401e-12 0 4.47812e-12 0 5.32884e-12 0 6.26157e-12 0 7.34083e-12 0 8.50376e-12 0 9.78486e-12 0 1.11859e-11 0 1.27071e-11 0 1.4414e-11 0 1.62518e-11 0 1.82168e-11 0 2.03034e-11 0 2.26043e-11 0 2.49183e-11 0 2.75649e-11 0 3.03319e-11 0 3.32049e-11 0 3.64766e-11 0 3.97008e-11 0 4.31802e-11 0 4.69326e-11 0 5.05587e-11 0 5.46588e-11 0 5.90563e-11 0 6.35139e-11 0 6.82725e-11 0 7.27693e-11 0 7.81457e-11 0 8.32219e-11 0 8.89388e-11 0 9.46395e-11 0 1.00667e-10 0 1.06628e-10 0 1.13335e-10 0 1.20418e-10 0 1.26939e-10 0 1.34276e-10 0 1.41991e-10 0 1.49548e-10 0 1.57464e-10 0 1.65753e-10 0
26.0832 2.8517e-10 2.84953e-10 2.16912e-13 0.000760641 0.00116127 0 0 4.06377e-44 0 8.63062e-31 0 3.67981e-24 0 7.85797e-22 0 1.3525e-20 0 9.06546e-20 0 3.72114e-19 0 2.15844e-17 0 8.00552e-16 0 5.51836e-15 0 2.00453e-14 0 5.25317e-14 0 1.12007e-13 0 2.09812e-13 0 3.55286e-13 0 5.63659e-13 0 8.42827e-13 0 1.20078e-12 0 1.66446e-12 0 2.22377e-12 0 2.91802e-12 0 3.72438e-12 0 4.67981e-12 0 5.76384e-12 0 7.07192e-12 0 8.47419e-12 0 1.01247e-11 0 1.19463e-11 0 1.39272e-11 0 1.62014e-11 0 1.86338e-11 0 2.12946e-11 0 2.41851e-11 0 2.73037e-11 0 3.07813e-11 0 3.45031e-11 0 3.84599e-11 0 4.26388e-11 0 4.72228e-11 0 5.18099e-11 0 5.70309e-11 0 6.24632e-11 0 6.80783e-11 0 7.44438e-11 0 8.06894e-11 0 8.74019e-11 0 9.46115e-11 0 1.01552e-10 0 1.0937e-10 0 1.17724e-10 0 1.2616e-10 0 1.35135e-10 0 1.43588e-10 0 1.53661e-10 0 1.6314e-10 0 1.73783e-10 0 1.84361e-10 0 1.95512e-10 0 2.06509e-10 0 2.18845e-10 0 2.31835e-10 0 2.43762e-10 0 2.57144e-10 0 2.71179e-10 0 2.84889e-10 0 2.99215e-10 0 3.14178e-10 0
27.4221 2.69167e-10 2.68983e-10 1.84189e-13 0.000684295 0.00101556 0 0 3.25382e-42 0 1.56463e-29 0 3.16593e-23 0 5.20297e-21 0 7.79361e-20 0 4.76049e-19 0 1.82388e-18 0 8.67681e-17 0 2.69769e-15 0 1.6923e-14 0 5.77201e-14 0 1.44314e-13 0 2.96535e-13 0 5.38709e-13 0 8.89066e-13 0 1.37907e-12 0 2.02198e-12 0 2.83137e-12 0 3.86263e-12 0 5.0881e-12 0 6.58862e-12 0 8.3097e-12 0 1.03257e-11 0 1.25888e-11 0 1.52923e-11 0 1.81634e-11 0 2.15135e-11 0 2.51797e-11 0 2.91359e-11 0 3.36443e-11 0 3.8432e-11 0 4.36346e-11 0 4.92505e-11 0 5.52729e-11 0 6.19491e-11 0 6.90536e-11 0 7.65657e-11 0 8.44586e-11 0 9.30734e-11 0 1.01653e-10 0 1.11374e-10 0 1.21442e-10 0 1.31803e-10 0 1.435e-10 0 1.54928e-10 0 1.67163e-10 0 1.80253e-10 0 1.92808e-10 0 2.06901e-10 0 2.21906e-10 0 2.37007e-10 0 2.53016e-10 0 2.68047e-10 0 2.85903e-10 0 3.02655e-10 0 3.21405e-10 0 3.39988e-10 0 3.59519e-10 0 3.78728e-10 0 4.00217e-10 0 4.22781e-10 0 4.43442e-10 0 4.66568e-10 0 4.90758e-10 0 5.1433e-10 0 5.389e-10 0 5.64503e-10 0
28.8297 2.51172e-10 2.51016e-10 1.55568e-13 0.000619371 0.000894026 0 0 2.07459e-40 0 2.39793e-28 0 2.38802e-22 0 3.05919e-20 0 4.01514e-19 0 2.24514e-18 0 8.05573e-18 0 3.17376e-16 0 8.34314e-15 0 4.78496e-14 0 1.53714e-13 0 3.67505e-13 0 7.29055e-13 0 1.28641e-12 0 2.07174e-12 0 3.14542e-12 0 4.52644e-12 0 6.235e-12 0 8.37795e-12 0 1.08885e-11 0 1.39228e-11 0 1.73619e-11 0 2.13463e-11 0 2.57743e-11 0 3.10135e-11 0 3.65281e-11 0 4.29092e-11 0 4.98373e-11 0 5.72582e-11 0 6.56553e-11 0 7.45127e-11 0 8.40768e-11 0 9.43385e-11 0 1.0528e-10 0 1.17341e-10 0 1.30106e-10 0 1.43535e-10 0 1.57575e-10 0 1.72826e-10 0 1.87946e-10 0 2.05003e-10 0 2.22592e-10 0 2.4062e-10 0 2.60888e-10 0 2.80614e-10 0 3.01652e-10 0 3.24079e-10 0 3.45514e-10 0 3.69494e-10 0 3.94937e-10 0 4.20459e-10 0 4.4743e-10 0 4.72678e-10 0 5.0258e-10 0 5.30551e-10 0 5.61768e-10 0 5.9262e-10 0 6.24957e-10 0 6.56677e-10 0 6.92069e-10 0 7.29132e-10 0 7.62986e-10 0 8.00787e-10 0 8.40227e-10 0 8.78571e-10 0 9.18446e-10 0 9.59904e-10 0
30.3095 2.35005e-10 2.34874e-10 1.30992e-13 0.000557401 0.000781433 0 0 1.06616e-38 0 3.17516e-27 0 1.61106e-21 0 1.62847e-19 0 1.88489e-18 0 9.69011e-18 0 3.26663e-17 0 1.07565e-15 0 2.41051e-14 0 1.26947e-13 0 3.85223e-13 0 8.82633e-13 0 1.69337e-12 0 2.90623e-12 0 4.5728e-12 0 6.80255e-12 0 9.61681e-12 0 1.30413e-11 0 1.72726e-11 0 2.21631e-11 0 2.80012e-11 0 3.45434e-11 0 4.20447e-11 0 5.03012e-11 0 5.99816e-11 0 7.0085e-11 0 8.16835e-11 0 9.41813e-11 0 1.07474e-10 0 1.22415e-10 0 1.38074e-10 0 1.54881e-10 0 1.7281e-10 0 1.91821e-10 0 2.12668e-10 0 2.34618e-10 0 2.57595e-10 0 2.81506e-10 0 3.07362e-10 0 3.32888e-10 0 3.61561e-10 0 3.91008e-10 0 4.21073e-10 0 4.54741e-10 0 4.87387e-10 0 5.22082e-10 0 5.58936e-10 0 5.94044e-10 0 6.33195e-10 0 6.74599e-10 0 7.16002e-10 0 7.59622e-10 0 8.00338e-10 0 8.48424e-10 0 8.93277e-10 0 9.43201e-10 0 9.92406e-10 0 1.04385e-09 0 1.09418e-09 0 1.1502e-09 0 1.20872e-09 0 1.26204e-09 0 1.32144e-09 0 1.38327e-09 0 1.44325e-09 0 1.50549e-09 0 1.57005e-09 0
31.8653 2.15356e-10 2.15245e-10 1.10488e-13 0.00051305 0.000684353 0 0 4.35943e-37 0 3.57413e-26 0 9.549e-21 0 7.7046e-19 0 7.91281e-18 0 3.75542e-17 0 1.19306e-16 0 3.31238e-15 0 6.37739e-14 0 3.09692e-13 0 8.90187e-13 0 1.9587e-12 0 3.6402e-12 0 6.08486e-12 0 9.36464e-12 0 1.36634e-11 0 1.89923e-11 0 2.53751e-11 0 3.31502e-11 0 4.20216e-11 0 5.24881e-11 0 6.40911e-11 0 7.72639e-11 0 9.1631e-11 0 1.0833e-10 0 1.25619e-10 0 1.45317e-10 0 1.66391e-10 0 1.88656e-10 0 2.13521e-10 0 2.39422e-10 0 2.67063e-10 0 2.96389e-10 0 3.27324e-10 0 3.61074e-10 0 3.96435e-10 0 4.33278e-10 0 4.7145e-10 0 5.12549e-10 0 5.52956e-10 0 5.98167e-10 0 6.44416e-10 0 6.9146e-10 0 7.43949e-10 0 7.94662e-10 0 8.48378e-10 0 9.05245e-10 0 9.59249e-10 0 1.01929e-09 0 1.08259e-09 0 1.14569e-09 0 1.21198e-09 0 1.2737e-09 0 1.34638e-09 0 1.414e-09 0 1.48906e-09 0 1.56286e-09 0 1.63982e-09 0 1.71494e-09 0 1.79836e-09 0 1.88527e-09 0 1.96429e-09 0 2.05214e-09 0 2.14337e-09 0 2.23168e-09 0 2.32312e-09 0 2.41779e-09 0
33.5009 1.97554e-10 1.97463e-10 9.18992e-14 0.000465184 0.000611882 0 0 1.46435e-35 0 3.51993e-25 0 5.10933e-20 0 3.32705e-18 0 3.04965e-17 0 1.3414e-16 0 4.02764e-16 0 9.5072e-15 0 1.58431e-13 0 7.1223e-13 0 1.94439e-12 0 4.11671e-12 0 7.42275e-12 0 1.21003e-11 0 1.82346e-11 0 2.61188e-11 0 3.57263e-11 0 4.70625e-11 0 6.06857e-11 0 7.60403e-11 0 9.39542e-11 0 1.13611e-10 0 1.35717e-10 0 1.59619e-10 0 1.87172e-10 0 2.1548e-10 0 2.47503e-10 0 2.81527e-10 0 3.17248e-10 0 3.56897e-10 0 3.97961e-10 0 4.41543e-10 0 4.87542e-10 0 5.35825e-10 0 5.88247e-10 0 6.42917e-10 0 6.99625e-10 0 7.5813e-10 0 8.20863e-10 0 8.82302e-10 0 9.50786e-10 0 1.02058e-09 0 1.09133e-09 0 1.16998e-09 0 1.24572e-09 0 1.32568e-09 0 1.41007e-09 0 1.48997e-09 0 1.57854e-09 0 1.67164e-09 0 1.7642e-09 0 1.86116e-09 0 1.95119e-09 0 2.05696e-09 0 2.1551e-09 0 2.26379e-09 0 2.37037e-09 0 2.48127e-09 0 2.58927e-09 0 2.70892e-09 0 2.83331e-09 0 2.94615e-09 0 3.07134e-09 0 3.20108e-09 0 3.32639e-09 0 3.45591e-09 0 3.58974e-09 0
35.2205 1.82523e-10 1.82447e-10 7.64957e-14 0.000419101 0.000538702 0 0 4.105e-34 0 3.07159e-24 0 2.49559e-19 0 1.3253e-17 0 1.09026e-16 0 4.46094e-16 0 1.26943e-15 0 2.56787e-14 0 3.73001e-13 0 1.55818e-12 0 4.05028e-12 0 8.26697e-12 0 1.44831e-11 0 2.30532e-11 0 3.40514e-11 0 4.79261e-11 0 6.45604e-11 0 8.39092e-11 0 1.06864e-10 0 1.32436e-10 0 1.61954e-10 0 1.94029e-10 0 2.2978e-10 0 2.68115e-10 0 3.11962e-10 0 3.56683e-10 0 4.06928e-10 0 4.59967e-10 0 5.15313e-10 0 5.76394e-10 0 6.39303e-10 0 7.05726e-10 0 7.75486e-10 0 8.48364e-10 0 9.27128e-10 0 1.00891e-09 0 1.09337e-09 0 1.18017e-09 0 1.27287e-09 0 1.36333e-09 0 1.4638e-09 0 1.56583e-09 0 1.6689e-09 0 1.78311e-09 0 1.89274e-09 0 2.00813e-09 0 2.12953e-09 0 2.24415e-09 0 2.37086e-09 0 2.50368e-09 0 2.63536e-09 0 2.77295e-09 0 2.90039e-09 0 3.04973e-09 0 3.18798e-09 0 3.34072e-09 0 3.49016e-09 0 3.6453e-09 0 3.79606e-09 0 3.96273e-09 0 4.13561e-09 0 4.29214e-09 0 4.46543e-09 0 4.64467e-09 0 4.81746e-09 0 4.99571e-09 0 5.17955e-09 0
37.0284 1.67576e-10 1.67513e-10 6.38976e-14 0.000381304 0.000466181 0 0 9.56254e-33 0 2.35794e-23 0 1.10313e-18 0 4.82548e-17 0 3.58153e-16 0 1.36802e-15 0 3.69911e-15 0 6.46102e-14 0 8.23563e-13 0 3.20841e-12 0 7.95979e-12 0 1.56904e-11 0 2.67461e-11 0 4.16172e-11 0 6.03123e-11 0 8.34827e-11 0 1.10834e-10 0 1.42219e-10 0 1.78999e-10 0 2.19521e-10 0 2.65826e-10 0 3.15675e-10 0 3.70766e-10 0 4.29376e-10 0 4.95914e-10 0 5.63308e-10 0 6.38538e-10 0 7.17461e-10 0 7.99344e-10 0 8.89214e-10 0 9.8129e-10 0 1.07803e-09 0 1.17915e-09 0 1.28432e-09 0 1.39749e-09 0 1.51449e-09 0 1.63486e-09 0 1.75807e-09 0 1.88918e-09 0 2.01667e-09 0 2.15778e-09 0 2.3006e-09 0 2.44442e-09 0 2.60328e-09 0 2.75528e-09 0 2.91482e-09 0 3.0822e-09 0 3.23979e-09 0 3.41355e-09 0 3.5952e-09 0 3.77483e-09 0 3.96205e-09 0 4.13506e-09 0 4.33734e-09 0 4.52415e-09 0 4.73008e-09 0 4.93113e-09 0 5.13939e-09 0 5.34137e-09 0 5.5642e-09 0 5.79486e-09 0 6.00328e-09 0 6.23361e-09 0 6.47137e-09 0 6.70016e-09 0 6.93575e-09 0 7.17831e-09 0
38.9291 1.54033e-10 1.5398e-10 5.3186e-14 0.00034529 0.000402653 3.50325e-44 0 1.88133e-31 0 1.61388e-22 0 4.46634e-18 0 1.62461e-16 0 1.09339e-15 0 3.91185e-15 0 1.00762e-14 0 1.53056e-13 0 1.72296e-12 0 6.28107e-12 0 1.49066e-11 0 2.84264e-11 0 4.72105e-11 0 7.18914e-11 0 1.02316e-10 0 1.39393e-10 0 1.82518e-10 0 2.31369e-10 0 2.87952e-10 0 3.49639e-10 0 4.19452e-10 0 4.93947e-10 0 5.75611e-10 0 6.61843e-10 0 7.59048e-10 0 8.56854e-10 0 9.65361e-10 0 1.07852e-09 0 1.19529e-09 0 1.32278e-09 0 1.45275e-09 0 1.58865e-09 0 1.73008e-09 0 1.87655e-09 0 2.0335e-09 0 2.19512e-09 0 2.36074e-09 0 2.52967e-09 0 2.7088e-09 0 2.88239e-09 0 3.07391e-09 0 3.26713e-09 0 3.4611e-09 0 3.67472e-09 0 3.87853e-09 0 4.09185e-09 0 4.31503e-09 0 4.52463e-09 0 4.75515e-09 0 4.99553e-09 0 5.23266e-09 0 5.47923e-09 0 5.70656e-09 0 5.97177e-09 0 6.21617e-09 0 6.48502e-09 0 6.74693e-09 0 7.01769e-09 0 7.27978e-09 0 7.56835e-09 0 7.86647e-09 0 8.13536e-09 0 8.43197e-09 0 8.7376e-09 0 9.03118e-09 0 9.33298e-09 0 9.64318e-09 0
40.9273 1.42988e-10 1.42944e-10 4.42407e-14 0.000309402 0.000341092 2.4817e-42 0 3.17963e-30 0 9.99122e-22 0 1.6781e-17 0 5.12168e-16 0 3.14059e-15 0 1.05581e-14 0 2.5968e-14 0 3.45386e-13 0 3.45459e-12 0 1.1823e-11 0 2.68996e-11 0 4.97051e-11 0 8.05307e-11 0 1.20139e-10 0 1.6806e-10 0 2.25531e-10 0 2.91445e-10 0 3.65196e-10 0 4.49679e-10 0 5.40861e-10 0 6.43114e-10 0 7.51311e-10 0 8.69009e-10 0 9.92408e-10 0 1.13057e-09 0 1.26872e-09 0 1.42109e-09 0 1.57911e-09 0 1.74131e-09 0 1.91752e-09 0 2.09631e-09 0 2.28243e-09 0 2.4753e-09 0 2.67422e-09 0 2.88655e-09 0 3.10435e-09 0 3.32675e-09 0 3.55279e-09 0 3.79168e-09 0 4.02244e-09 0 4.27626e-09 0 4.53155e-09 0 4.7871e-09 0 5.06772e-09 0 5.33471e-09 0 5.61343e-09 0 5.90427e-09 0 6.17674e-09 0 6.47571e-09 0 6.78671e-09 0 7.09278e-09 0 7.41032e-09 0 7.70247e-09 0 8.04259e-09 0 8.35535e-09 0 8.69872e-09 0 9.03257e-09 0 9.37702e-09 0 9.70982e-09 0 1.00756e-08 0 1.04527e-08 0 1.07923e-08 0 1.11662e-08 0 1.15509e-08 0 1.19197e-08 0 1.22983e-08 0 1.26868e-08 0
43.0281 1.30198e-10 1.30161e-10 3.68012e-14 0.000282656 0.000286389 1.37581e-40 0 4.51927e-29 0 5.46312e-21 0 5.70623e-17 0 1.47387e-15 0 8.27188e-15 0 2.62103e-14 0 6.16935e-14 0 7.23159e-13 0 6.46393e-12 0 2.08324e-11 0 4.55331e-11 0 8.16513e-11 0 1.29209e-10 0 1.8903e-10 0 2.60133e-10 0 3.44112e-10 0 4.39151e-10 0 5.44253e-10 0 6.63384e-10 0 7.90739e-10 0 9.32316e-10 0 1.08093e-09 0 1.24141e-09 0 1.40853e-09 0 1.59446e-09 0 1.77924e-09 0 1.98192e-09 0 2.19099e-09 0 2.40453e-09 0 2.63543e-09 0 2.86864e-09 0 3.1104e-09 0 3.35989e-09 0 3.61622e-09 0 3.88881e-09 0 4.16741e-09 0 4.45091e-09 0 4.7381e-09 0 5.04065e-09 0 5.33203e-09 0 5.65158e-09 0 5.97204e-09 0 6.29194e-09 0 6.64228e-09 0 6.97472e-09 0 7.3209e-09 0 7.68124e-09 0 8.01803e-09 0 8.38675e-09 0 8.76942e-09 0 9.1452e-09 0 9.53421e-09 0 9.89141e-09 0 1.03064e-08 0 1.06873e-08 0 1.11046e-08 0 1.15096e-08 0 1.19268e-08 0 1.2329e-08 0 1.27704e-08 0 1.32247e-08 0 1.3633e-08 0 1.40819e-08 0 1.45429e-08 0 1.49843e-08 0 1.54366e-08 0 1.59001e-08 0
45.2368 1.18998e-10 1.18967e-10 3.05993e-14 0.000257141 0.000233927 6.18855e-39 0 5.56952e-28 0 2.71379e-20 0 1.80412e-16 0 3.97586e-15 0 2.05116e-14 0 6.14345e-14 0 1.38685e-13 0 1.44155e-12 0 1.15784e-11 0 3.52433e-11 0 7.41457e-11 0 1.29222e-10 0 1.99956e-10 0 2.87148e-10 0 3.89046e-10 0 5.07659e-10 0 6.40201e-10 0 7.8515e-10 0 9.47806e-10 0 1.12012e-09 0 1.31009e-09 0 1.508e-09 0 1.72022e-09 0 1.9398e-09 0 2.18259e-09 0 2.42254e-09 0 2.68432e-09 0 2.95299e-09 0 3.22612e-09 0 3.52012e-09 0 3.81578e-09 0 4.12105e-09 0 4.43488e-09 0 4.75612e-09 0 5.09652e-09 0 5.44322e-09 0 5.79486e-09 0 6.14996e-09 0 6.52293e-09 0 6.88109e-09 0 7.27277e-09 0 7.6645e-09 0 8.05452e-09 0 8.48053e-09 0 8.88377e-09 0 9.30267e-09 0 9.73769e-09 0 1.01434e-08 0 1.05866e-08 0 1.10455e-08 0 1.14953e-08 0 1.19599e-08 0 1.23857e-08 0 1.28795e-08 0 1.33319e-08 0 1.38266e-08 0 1.43058e-08 0 1.47985e-08 0 1.52729e-08 0 1.57925e-08 0 1.63264e-08 0 1.68055e-08 0 1.73315e-08 0 1.78708e-08 0 1.83863e-08 0 1.89139e-08 0 1.94536e-08 0
47.5588 1.05809e-10 1.05783e-10 2.53679e-14 0.000239752 0.000190313 2.21179e-37 0 5.80955e-27 0 1.19276e-19 0 5.15945e-16 0 9.77665e-15 0 4.65552e-14 0 1.32166e-13 0 2.86729e-13 0 2.65846e-12 0 1.92873e-11 0 5.56027e-11 0 1.12806e-10 0 1.91341e-10 0 2.89832e-10 0 4.08926e-10 0 5.45884e-10 0 7.03119e-10 0 8.76706e-10 0 1.06454e-09 0 1.27332e-09 0 1.49259e-09 0 1.73243e-09 0 1.98049e-09 0 2.24473e-09 0 2.51646e-09 0 2.81517e-09 0 3.10879e-09 0 3.42751e-09 0 3.75305e-09 0 4.08251e-09 0 4.43562e-09 0 4.78929e-09 0 5.15304e-09 0 5.52562e-09 0 5.90568e-09 0 6.30703e-09 0 6.71448e-09 0 7.12642e-09 0 7.5412e-09 0 7.97558e-09 0 8.39158e-09 0 8.8453e-09 0 9.29789e-09 0 9.74738e-09 0 1.02371e-08 0 1.06996e-08 0 1.1179e-08 0 1.16756e-08 0 1.21379e-08 0 1.26418e-08 0 1.31626e-08 0 1.36718e-08 0 1.4197e-08 0 1.46773e-08 0 1.52334e-08 0 1.57418e-08 0 1.6297e-08 0 1.68338e-08 0 1.73849e-08 0 1.79145e-08 0 1.84938e-08 0 1.9088e-08 0 1.96205e-08 0 2.02041e-08 0 2.08016e-08 0 2.1372e-08 0 2.19549e-08 0 2.25505e-08 0
50 9.49526e-11 9.49317e-11 2.09283e-14 0.000220408 0.00015668 6.58068e-36 0 5.35738e-26 0 4.8344e-19 0 1.38953e-15 0 2.28074e-14 0 1.00638e-13 0 2.71513e-13 0 5.67179e-13 0 4.7169e-12 0 3.10655e-11 0 8.50458e-11 0 1.66683e-10 0 2.75525e-10 0 4.08973e-10 0 5.67407e-10 0 7.46834e-10 0 9.50136e-10 0 1.17201e-09 0 1.4097e-09 0 1.67149e-09 0 1.94418e-09 0 2.24024e-09 0 2.54432e-09 0 2.86621e-09 0 3.1953e-09 0 3.55507e-09 0 3.90689e-09 0 4.28696e-09 0 4.67338e-09 0 5.06279e-09 0 5.47846e-09 0 5.89317e-09 0 6.31814e-09 0 6.75191e-09 0 7.19292e-09 0 7.65713e-09 0 8.12693e-09 0 8.6005e-09 0 9.07597e-09 0 9.57255e-09 0 1.00469e-08 0 1.05629e-08 0 1.10764e-08 0 1.15851e-08 0 1.21381e-08 0 1.26592e-08 0 1.3198e-08 0 1.37552e-08 0 1.42727e-08 0 1.48357e-08 0 1.54165e-08 0 1.59833e-08 0 1.65667e-08 0 1.70995e-08 0 1.77151e-08 0 1.82771e-08 0 1.88897e-08 0 1.94811e-08 0 2.00872e-08 0 2.06689e-08 0 2.13041e-08 0 2.19547e-08 0 2.25368e-08 0 2.31741e-08 0 2.38255e-08 0 2.44466e-08 0 2.50803e-08 0 2.5727e-08 0
52.5665 8.60014e-11 8.59841e-11 1.72538e-14 0.000200622 0.000125406 1.64542e-34 0 4.39619e-25 0 1.81499e-18 0 3.53621e-15 0 5.06309e-14 0 2.0779e-13 0 5.34083e-13 0 1.07626e-12 0 8.07123e-12 0 4.84833e-11 0 1.26361e-10 0 2.39652e-10 0 3.8654e-10 0 5.62801e-10 0 7.68442e-10 0 9.97965e-10 0 1.25479e-09 0 1.53203e-09 0 1.82619e-09 0 2.1474e-09 0 2.47937e-09 0 2.83722e-09 0 3.20238e-09 0 3.58661e-09 0 3.97724e-09 0 4.40207e-09 0 4.81548e-09 0 5.26004e-09 0 5.71007e-09 0 6.16174e-09 0 6.64201e-09 0 7.11939e-09 0 7.60689e-09 0 8.10284e-09 0 8.60546e-09 0 9.13292e-09 0 9.66512e-09 0 1.02001e-08 0 1.07358e-08 0 1.12938e-08 0 1.18254e-08 0 1.24025e-08 0 1.29752e-08 0 1.35415e-08 0 1.41556e-08 0 1.4733e-08 0 1.5329e-08 0 1.59439e-08 0 1.65139e-08 0 1.7133e-08 0 1.77703e-08 0 1.83913e-08 0 1.90293e-08 0 1.96109e-08 0 2.02819e-08 0 2.08935e-08 0 2.15591e-08 0 2.22006e-08 0 2.28571e-08 0 2.34863e-08 0 2.41724e-08 0 2.4874e-08 0 2.5501e-08 0 2.61864e-08 0 2.68861e-08 0 2.75523e-08 0 2.82313e-08 0 2.89234e-08 0
55.2648 7.81922e-11 7.81779e-11 1.42196e-14 0.000181854 9.66219e-05 3.46951e-33 0 3.21229e-24 0 6.3038e-18 0 8.48499e-15 0 1.06683e-13 0 4.08663e-13 0 1.00307e-12 0 1.95336e-12 0 1.32765e-11 0 7.30666e-11 0 1.8173e-10 0 3.34061e-10 0 5.26383e-10 0 7.52482e-10 0 1.01193e-09 0 1.29751e-09 0 1.61329e-09 0 1.95064e-09 0 2.30532e-09 0 2.68944e-09 0 3.0835e-09 0 3.5054e-09 0 3.93324e-09 0 4.38085e-09 0 4.83354e-09 0 5.3234e-09 0 5.79787e-09 0 6.30589e-09 0 6.81801e-09 0 7.33005e-09 0 7.87248e-09 0 8.40976e-09 0 8.95662e-09 0 9.5112e-09 0 1.00716e-08 0 1.06579e-08 0 1.12478e-08 0 1.18392e-08 0 1.24299e-08 0 1.30437e-08 0 1.36271e-08 0 1.42588e-08 0 1.48845e-08 0 1.55018e-08 0 1.61698e-08 0 1.67965e-08 0 1.74421e-08 0 1.81071e-08 0 1.87223e-08 0 1.93894e-08 0 2.00748e-08 0 2.07415e-08 0 2.14254e-08 0 2.20478e-08 0 2.27649e-08 0 2.34173e-08 0 2.41264e-08 0 2.48088e-08 0 2.55061e-08 0 2.61736e-08 0 2.69003e-08 0 2.76426e-08 0 2.83049e-08 0 2.90281e-08 0 2.97655e-08 0 3.04666e-08 0 3.11804e-08 0 3.1907e-08 0
58.1015 6.97042e-11 6.96925e-11 1.17425e-14 0.000168461 6.30746e-05 6.07756e-32 0 2.05349e-23 0 1.98628e-17 0 1.88069e-14 0 2.08969e-13 0 7.49678e-13 0 1.76117e-12 0 3.31987e-12 0 2.05487e-11 0 1.04054e-10 0 2.47542e-10 0 4.4171e-10 0 6.80727e-10 0 9.56292e-10 0 1.26754e-09 0 1.60566e-09 0 1.97532e-09 0 2.36633e-09 0 2.77388e-09 0 3.21183e-09 0 3.65793e-09 0 4.13247e-09 0 4.61086e-09 0 5.10864e-09 0 5.60955e-09 0 6.14901e-09 0 6.66922e-09 0 7.22392e-09 0 7.78089e-09 0 8.33573e-09 0 8.92145e-09 0 9.49967e-09 0 1.00863e-08 0 1.06795e-08 0 1.12772e-08 0 1.19008e-08 0 1.25266e-08 0 1.31523e-08 0 1.37757e-08 0 1.4422e-08 0 1.50349e-08 0 1.56972e-08 0 1.63517e-08 0 1.69961e-08 0 1.7692e-08 0 1.83437e-08 0 1.90138e-08 0 1.97027e-08 0 2.03389e-08 0 2.10277e-08 0 2.17342e-08 0 2.24202e-08 0 2.31228e-08 0 2.37614e-08 0 2.44959e-08 0 2.51633e-08 0 2.58875e-08 0 2.65836e-08 0 2.72939e-08 0 2.79729e-08 0 2.87112e-08 0 2.94643e-08 0 3.01355e-08 0 3.08675e-08 0 3.16129e-08 0 3.23209e-08 0 3.30408e-08 0 3.37728e-08 0
61.0839 6.19053e-11 6.18956e-11 9.67633e-15 0.000156309 3.37526e-05 9.05958e-31 0 1.17344e-22 0 5.79126e-17 0 3.92406e-14 0 3.87652e-13 0 1.30661e-12 0 2.94417e-12 0 5.38073e-12 0 3.04686e-11 0 1.42539e-10 0 3.25046e-10 0 5.6384e-10 0 8.50788e-10 0 1.17553e-09 0 1.53685e-09 0 1.92446e-09 0 2.34369e-09 0 2.78298e-09 0 3.23708e-09 0 3.72143e-09 0 4.21149e-09 0 4.72961e-09 0 5.24899e-09 0 5.78664e-09 0 6.32509e-09 0 6.90237e-09 0 7.45671e-09 0 8.04548e-09 0 8.63445e-09 0 9.21912e-09 0 9.83428e-09 0 1.04396e-08 0 1.1052e-08 0 1.16694e-08 0 1.22898e-08 0 1.29354e-08 0 1.35816e-08 0 1.42261e-08 0 1.48668e-08 0 1.55295e-08 0 1.61567e-08 0 1.6833e-08 0 1.75e-08 0 1.81553e-08 0 1.88618e-08 0 1.95221e-08 0 2.01999e-08 0 2.08955e-08 0 2.15369e-08 0 2.223e-08 0 2.294e-08 0 2.36283e-08 0 2.43321e-08 0 2.49709e-08 0 2.57047e-08 0 2.63704e-08 0 2.70919e-08 0 2.77844e-08 0 2.84902e-08 0 2.9164e-08 0 2.98958e-08 0 3.06413e-08 0 3.13049e-08 0 3.20279e-08 0 3.27632e-08 0 3.34608e-08 0 3.41695e-08 0 3.48892e-08 0
64.2193 5.47771e-11 5.47691e-11 7.97996e-15 0.000145681 1.50806e-06 1.15819e-29 0 6.02636e-22 0 1.56818e-16 0 7.72928e-14 0 6.82778e-13 0 2.1688e-12 0 4.69689e-12 0 8.33494e-12 0 4.33659e-11 0 1.88154e-10 0 4.12142e-10 0 6.95953e-10 0 1.02925e-09 0 1.39984e-09 0 1.80632e-09 0 2.23721e-09 0 2.69848e-09 0 3.17752e-09 0 3.66884e-09 0 4.18919e-09 0 4.71232e-09 0 5.26217e-09 0 5.81042e-09 0 6.37518e-09 0 6.93821e-09 0 7.53926e-09 0 8.11412e-09 0 8.7224e-09 0 9.32873e-09 0 9.92863e-09 0 1.05578e-08 0 1.11751e-08 0 1.17978e-08 0 1.24239e-08 0 1.30514e-08 0 1.37027e-08 0 1.43531e-08 0 1.50003e-08 0 1.56423e-08 0 1.63048e-08 0 1.69306e-08 0 1.76041e-08 0 1.8267e-08 0 1.89172e-08 0 1.96168e-08 0 2.02696e-08 0 2.09385e-08 0 2.16237e-08 0 2.22547e-08 0 2.29356e-08 0 2.36319e-08 0 2.43059e-08 0 2.49942e-08 0 2.5618e-08 0 2.63336e-08 0 2.6982e-08 0 2.76838e-08 0 2.83566e-08 0 2.90414e-08 0 2.96945e-08 0 3.04029e-08 0 3.11237e-08 0 3.17647e-08 0 3.24621e-08 0 3.31708e-08 0 3.38424e-08 0 3.45239e-08 0 3.52154e-08 0
67.5157 4.91098e-11 4.91033e-11 6.53727e-15 0.000133115 -1.14842e-05 1.30081e-28 0 2.84283e-21 0 4.02432e-16 0 1.46543e-13 0 1.16389e-12 0 3.49419e-12 0 7.28705e-12 0 1.25742e-11 0 6.03612e-11 0 2.43784e-10 0 5.13941e-10 0 8.45938e-10 0 1.2274e-09 0 1.64446e-09 0 2.09574e-09 0 2.5687e-09 0 3.07011e-09 0 3.5864e-09 0 4.11199e-09 0 4.66491e-09 0 5.21742e-09 0 5.79493e-09 0 6.36783e-09 0 6.95523e-09 0 7.53831e-09 0 8.15823e-09 0 8.74888e-09 0 9.37167e-09 0 9.99034e-09 0 1.06005e-08 0 1.12386e-08 0 1.18628e-08 0 1.24908e-08 0 1.31205e-08 0 1.37501e-08 0 1.44022e-08 0 1.50517e-08 0 1.56967e-08 0 1.63351e-08 0 1.69926e-08 0 1.76125e-08 0 1.82783e-08 0 1.89325e-08 0 1.9573e-08 0 2.02611e-08 0 2.09019e-08 0 2.15576e-08 0 2.22283e-08 0 2.28449e-08 0 2.35093e-08 0 2.41878e-08 0 2.48437e-08 0 2.55125e-08 0 2.61179e-08 0 2.68115e-08 0 2.74392e-08 0 2.81178e-08 0 2.87675e-08 0 2.94281e-08 0 3.00573e-08 0 3.07392e-08 0 3.14321e-08 0 3.20477e-08 0 3.27168e-08 0 3.3396e-08 0 3.4039e-08 0 3.46908e-08 0 3.53516e-08 0
70.9813 4.24211e-11 4.24157e-11 5.34848e-15 0.000126081 -2.74603e-05 1.22909e-27 0 1.17699e-20 0 9.3374e-16 0 2.54945e-13 0 1.83001e-12 0 5.20689e-12 0 1.04761e-11 0 1.7602e-11 0 7.82664e-11 0 2.95274e-10 0 6.00234e-10 0 9.64231e-10 0 1.37385e-09 0 1.81458e-09 0 2.28534e-09 0 2.77342e-09 0 3.28607e-09 0 3.80969e-09 0 4.33897e-09 0 4.89222e-09 0 5.44186e-09 0 6.01336e-09 0 6.57755e-09 0 7.15347e-09 0 7.72281e-09 0 8.32578e-09 0 8.8982e-09 0 9.49973e-09 0 1.00954e-08 0 1.06811e-08 0 1.12918e-08 0 1.18877e-08 0 1.24855e-08 0 1.30837e-08 0 1.36803e-08 0 1.42967e-08 0 1.49094e-08 0 1.55166e-08 0 1.61164e-08 0 1.6733e-08 0 1.73132e-08 0 1.79353e-08 0 1.85455e-08 0 1.91419e-08 0 1.97815e-08 0 2.03763e-08 0 2.0984e-08 0 2.16046e-08 0 2.21744e-08 0 2.27876e-08 0 2.34129e-08 0 2.40165e-08 0 2.46312e-08 0 2.51871e-08 0 2.5823e-08 0 2.63979e-08 0 2.70187e-08 0 2.76124e-08 0 2.82153e-08 0 2.8789e-08 0 2.94101e-08 0 3.00406e-08 0 3.06001e-08 0 3.12077e-08 0 3.18238e-08 0 3.24065e-08 0 3.29967e-08 0 3.35944e-08 0
74.6248 3.70667e-11 3.70624e-11 4.37198e-15 0.000117949 -3.80745e-05 1.03254e-26 0 4.51076e-20 0 2.06296e-15 0 4.28318e-13 0 2.79241e-12 0 7.54972e-12 0 1.46801e-11 0 2.40484e-11 0 9.94176e-11 0 3.51529e-10 0 6.90267e-10 0 1.0835e-09 0 1.51735e-09 0 1.97709e-09 0 2.46215e-09 0 2.95991e-09 0 3.47815e-09 0 4.00341e-09 0 4.53078e-09 0 5.07869e-09 0 5.62004e-09 0 6.18011e-09 0 6.73048e-09 0 7.28992e-09 0 7.84083e-09 0 8.42213e-09 0 8.97208e-09 0 9.54816e-09 0 1.01169e-08 0 1.06745e-08 0 1.12544e-08 0 1.18186e-08 0 1.23834e-08 0 1.29472e-08 0 1.35082e-08 0 1.40867e-08 0 1.46605e-08 0 1.5228e-08 0 1.57875e-08 0 1.63616e-08 0 1.69009e-08 0 1.74782e-08 0 1.80435e-08 0 1.85952e-08 0 1.91859e-08 0 1.97344e-08 0 2.0294e-08 0 2.08647e-08 0 2.1388e-08 0 2.19503e-08 0 2.2523e-08 0 2.30752e-08 0 2.36369e-08 0 2.41441e-08 0 2.47239e-08 0 2.52473e-08 0 2.5812e-08 0 2.63514e-08 0 2.68986e-08 0 2.74188e-08 0 2.79814e-08 0 2.85519e-08 0 2.90577e-08 0 2.96064e-08 0 3.01624e-08 0 3.06877e-08 0 3.12193e-08 0 3.17573e-08 0
78.4553 3.20677e-11 3.20641e-11 3.57567e-15 0.000111504 -5.2077e-05 7.59655e-26 0 1.57308e-19 0 4.26049e-15 0 6.81704e-13 0 4.05561e-12 0 1.04452e-11 0 1.96614e-11 0 3.14419e-11 0 1.21281e-10 0 4.03194e-10 0 7.66068e-10 0 1.17632e-09 0 1.62049e-09 0 2.0844e-09 0 2.56816e-09 0 3.05976e-09 0 3.56732e-09 0 4.07801e-09 0 4.58746e-09 0 5.11371e-09 0 5.63096e-09 0 6.16354e-09 0 6.68463e-09 0 7.21218e-09 0 7.72977e-09 0 8.274e-09 0 8.78722e-09 0 9.32317e-09 0 9.85073e-09 0 1.03666e-08 0 1.09017e-08 0 1.14211e-08 0 1.19398e-08 0 1.24564e-08 0 1.29695e-08 0 1.34974e-08 0 1.402e-08 0 1.45359e-08 0 1.50436e-08 0 1.55637e-08 0 1.60515e-08 0 1.65728e-08 0 1.70824e-08 0 1.7579e-08 0 1.811e-08 0 1.86023e-08 0 1.91039e-08 0 1.96148e-08 0 2.00826e-08 0 2.05848e-08 0 2.10955e-08 0 2.15874e-08 0 2.20871e-08 0 2.2538e-08 0 2.30527e-08 0 2.35169e-08 0 2.40172e-08 0 2.44946e-08 0 2.49785e-08 0 2.5438e-08 0 2.59344e-08 0 2.64374e-08 0 2.68829e-08 0 2.73659e-08 0 2.78547e-08 0 2.83163e-08 0 2.8783e-08 0 2.92548e-08 0
82.4824 3.00741e-11 3.00712e-11 2.91556e-15 9.69459e-05 -3.93808e-05 5.39107e-25 0 5.4882e-19 0 9.03059e-15 0 1.12782e-12 0 6.15016e-12 0 1.51248e-11 0 2.76041e-11 0 4.31432e-11 0 1.55802e-10 0 4.88461e-10 0 8.99457e-10 0 1.35255e-09 0 1.83437e-09 0 2.33074e-09 0 2.84261e-09 0 3.35797e-09 0 3.88585e-09 0 4.41329e-09 0 4.93626e-09 0 5.47353e-09 0 5.99899e-09 0 6.53759e-09 0 7.06238e-09 0 7.59167e-09 0 8.10914e-09 0 8.65145e-09 0 9.16127e-09 0 9.69215e-09 0 1.02133e-08 0 1.07216e-08 0 1.12475e-08 0 1.17568e-08 0 1.22643e-08 0 1.27688e-08 0 1.32687e-08 0 1.37821e-08 0 1.42895e-08 0 1.47893e-08 0 1.52805e-08 0 1.57828e-08 0 1.62532e-08 0 1.67551e-08 0 1.72451e-08 0 1.77219e-08 0 1.82309e-08 0 1.87023e-08 0 1.91819e-08 0 1.96698e-08 0 2.0116e-08 0 2.05944e-08 0 2.10805e-08 0 2.15481e-08 0 2.20226e-08 0 2.24502e-08 0 2.29379e-08 0 2.33774e-08 0 2.38504e-08 0 2.43015e-08 0 2.47582e-08 0 2.51915e-08 0 2.56593e-08 0 2.61327e-08 0 2.65518e-08 0 2.70057e-08 0 2.74646e-08 0 2.78977e-08 0 2.83352e-08 0 2.87772e-08 0
86.7162 2.61659e-11 2.61635e-11 2.39728e-15 9.16186e-05 -6.59749e-05 3.17633e-24 0 1.64573e-18 0 1.68573e-14 0 1.66322e-12 0 8.34897e-12 0 1.96497e-11 0 3.48244e-11 0 5.32543e-11 0 1.80631e-10 0 5.35585e-10 0 9.57292e-10 0 1.41116e-09 0 1.88566e-09 0 2.36811e-09 0 2.8604e-09 0 3.35169e-09 0 3.85113e-09 0 4.34686e-09 0 4.83557e-09 0 5.33503e-09 0 5.82122e-09 0 6.31744e-09 0 6.79903e-09 0 7.283e-09 0 7.75459e-09 0 8.24727e-09 0 8.70907e-09 0 9.18864e-09 0 9.65816e-09 0 1.0115e-08 0 1.05866e-08 0 1.10424e-08 0 1.14955e-08 0 1.1945e-08 0 1.23897e-08 0 1.28455e-08 0 1.32951e-08 0 1.37374e-08 0 1.41713e-08 0 1.46143e-08 0 1.50285e-08 0 1.547e-08 0 1.59003e-08 0 1.63184e-08 0 1.67643e-08 0 1.71766e-08 0 1.75956e-08 0 1.80213e-08 0 1.84103e-08 0 1.88268e-08 0 1.92496e-08 0 1.96558e-08 0 2.00676e-08 0 2.04384e-08 0 2.08608e-08 0 2.12411e-08 0 2.16501e-08 0 2.20397e-08 0 2.24339e-08 0 2.28075e-08 0 2.32105e-08 0 2.36181e-08 0 2.39785e-08 0 2.43686e-08 0 2.47628e-08 0 2.51344e-08 0 2.55095e-08 0 2.58883e-08 0
91.1674 2.26222e-11 2.26202e-11 1.95838e-15 8.65691e-05 -7.47067e-05 1.67329e-23 0 4.56038e-18 0 2.97596e-14 0 2.34652e-12 0 1.08867e-11 0 2.45738e-11 0 4.23513e-11 0 6.34354e-11 0 2.02711e-10 0 5.70008e-10 0 9.90371e-10 0 1.43258e-09 0 1.88744e-09 0 2.34421e-09 0 2.80563e-09 0 3.26229e-09 0 3.72318e-09 0 4.17781e-09 0 4.62355e-09 0 5.07684e-09 0 5.51613e-09 0 5.96265e-09 0 6.3944e-09 0 6.82681e-09 0 7.24683e-09 0 7.68433e-09 0 8.09326e-09 0 8.51684e-09 0 8.93051e-09 0 9.33212e-09 0 9.74577e-09 0 1.01446e-08 0 1.05405e-08 0 1.09324e-08 0 1.13195e-08 0 1.17155e-08 0 1.21055e-08 0 1.24886e-08 0 1.28637e-08 0 1.32463e-08 0 1.36034e-08 0 1.39835e-08 0 1.43535e-08 0 1.47127e-08 0 1.50951e-08 0 1.54484e-08 0 1.58069e-08 0 1.61708e-08 0 1.6503e-08 0 1.68583e-08 0 1.72185e-08 0 1.75643e-08 0 1.79145e-08 0 1.82295e-08 0 1.85881e-08 0 1.89107e-08 0 1.92572e-08 0 1.95871e-08 0 1.99205e-08 0 2.02363e-08 0 2.05767e-08 0 2.09206e-08 0 2.12245e-08 0 2.15532e-08 0 2.18851e-08 0 2.21977e-08 0 2.25131e-08 0 2.28314e-08 0
95.847 1.94951e-11 1.94935e-11 1.59275e-15 8.17e-05 -6.75712e-05 7.94657e-23 0 1.17552e-17 0 4.99587e-14 0 3.18273e-12 0 1.37004e-11 0 2.97198e-11 0 4.98771e-11 0 7.32488e-11 0 2.21167e-10 0 5.91321e-10 0 1.00011e-09 0 1.42089e-09 0 1.84709e-09 0 2.27006e-09 0 2.69327e-09 0 3.10881e-09 0 3.52535e-09 0 3.9338e-09 0 4.33217e-09 0 4.73542e-09 0 5.12455e-09 0 5.51857e-09 0 5.89822e-09 0 6.27721e-09 0 6.64425e-09 0 7.02548e-09 0 7.38089e-09 0 7.74812e-09 0 8.10593e-09 0 8.45254e-09 0 8.80882e-09 0 9.15168e-09 0 9.49133e-09 0 9.827e-09 0 1.01579e-08 0 1.0496e-08 0 1.08284e-08 0 1.11544e-08 0 1.14732e-08 0 1.17978e-08 0 1.21005e-08 0 1.24222e-08 0 1.2735e-08 0 1.30382e-08 0 1.33608e-08 0 1.36583e-08 0 1.39601e-08 0 1.4266e-08 0 1.45448e-08 0 1.48429e-08 0 1.51448e-08 0 1.54343e-08 0 1.57273e-08 0 1.59906e-08 0 1.629e-08 0 1.65591e-08 0 1.68481e-08 0 1.71228e-08 0 1.74003e-08 0 1.7663e-08 0 1.79458e-08 0 1.82315e-08 0 1.84837e-08 0 1.87562e-08 0 1.90313e-08 0 1.92902e-08 0 1.95512e-08 0 1.98144e-08 0
100.767 1.72834e-11 1.72821e-11 1.29942e-15 7.51829e-05 -6.35056e-05 3.52865e-22 0 2.91901e-17 0 8.25018e-14 0 4.29107e-12 0 1.72008e-11 0 3.59288e-11 0 5.87925e-11 0 8.47374e-11 0 2.42425e-10 0 6.1781e-10 0 1.01851e-09 0 1.42253e-09 0 1.8258e-09 0 2.22154e-09 0 2.61396e-09 0 2.99636e-09 0 3.37722e-09 0 3.74858e-09 0 4.10901e-09 0 4.47223e-09 0 4.82134e-09 0 5.17355e-09 0 5.51177e-09 0 5.84838e-09 0 6.17345e-09 0 6.51019e-09 0 6.82335e-09 0 7.14617e-09 0 7.46002e-09 0 7.76342e-09 0 8.07467e-09 0 8.37364e-09 0 8.6693e-09 0 8.96099e-09 0 9.24812e-09 0 9.541e-09 0 9.82852e-09 0 1.01101e-08 0 1.03851e-08 0 1.06647e-08 0 1.09252e-08 0 1.12016e-08 0 1.14701e-08 0 1.17301e-08 0 1.20063e-08 0 1.22609e-08 0 1.25188e-08 0 1.27799e-08 0 1.30178e-08 0 1.32718e-08 0 1.35289e-08 0 1.37751e-08 0 1.40241e-08 0 1.42477e-08 0 1.45018e-08 0 1.47299e-08 0 1.49747e-08 0 1.52073e-08 0 1.5442e-08 0 1.56641e-08 0 1.5903e-08 0 1.61441e-08 0 1.63568e-08 0 1.65866e-08 0 1.68183e-08 0 1.70362e-08 0 1.72558e-08 0 1.74771e-08 0
105.939 1.53754e-11 1.53744e-11 1.05975e-15 6.89247e-05 -5.55836e-05 1.43569e-21 0 6.83264e-17 0 1.31012e-13 0 5.6186e-12 0 2.10462e-11 0 4.24084e-11 0 6.77472e-11 0 9.59173e-11 0 2.60694e-10 0 6.34764e-10 0 1.02132e-09 0 1.40349e-09 0 1.77969e-09 0 2.14496e-09 0 2.50406e-09 0 2.85151e-09 0 3.19546e-09 0 3.52904e-09 0 3.8513e-09 0 4.17469e-09 0 4.48434e-09 0 4.79567e-09 0 5.09369e-09 0 5.38944e-09 0 5.67429e-09 0 5.96862e-09 0 6.24169e-09 0 6.52258e-09 0 6.79509e-09 0 7.05802e-09 0 7.32725e-09 0 7.58541e-09 0 7.84028e-09 0 8.09134e-09 0 8.3381e-09 0 8.58944e-09 0 8.83583e-09 0 9.07678e-09 0 9.31183e-09 0 9.55056e-09 0 9.77262e-09 0 1.00081e-08 0 1.02365e-08 0 1.04575e-08 0 1.0692e-08 0 1.09079e-08 0 1.11263e-08 0 1.13474e-08 0 1.15486e-08 0 1.17633e-08 0 1.19802e-08 0 1.2188e-08 0 1.23978e-08 0 1.25861e-08 0 1.28e-08 0 1.29918e-08 0 1.31975e-08 0 1.33928e-08 0 1.35898e-08 0 1.3776e-08 0 1.39762e-08 0 1.41781e-08 0 1.43561e-08 0 1.45483e-08 0 1.4742e-08 0 1.4924e-08 0 1.51074e-08 0 1.5292e-08 0
111.377 1.37011e-11 1.37003e-11 8.66611e-16 6.32511e-05 -5.7182e-05 5.36655e-21 0 1.50956e-16 0 2.00124e-13 0 7.14364e-12 0 2.5088e-11 0 4.88532e-11 0 7.62789e-11 0 1.0618e-10 0 2.74854e-10 0 6.40868e-10 0 1.00759e-09 0 1.36345e-09 0 1.70916e-09 0 2.04146e-09 0 2.36551e-09 0 2.67693e-09 0 2.98343e-09 0 3.27921e-09 0 3.56368e-09 0 3.84803e-09 0 4.11932e-09 0 4.3912e-09 0 4.65068e-09 0 4.90748e-09 0 5.1542e-09 0 5.40852e-09 0 5.64395e-09 0 5.88562e-09 0 6.11962e-09 0 6.34499e-09 0 6.57535e-09 0 6.79587e-09 0 7.01325e-09 0 7.22706e-09 0 7.4369e-09 0 7.65036e-09 0 7.85932e-09 0 8.06342e-09 0 8.26229e-09 0 8.46403e-09 0 8.65148e-09 0 8.85004e-09 0 9.04245e-09 0 9.22837e-09 0 9.42552e-09 0 9.60685e-09 0 9.79019e-09 0 9.97554e-09 0 1.01441e-08 0 1.03237e-08 0 1.05052e-08 0 1.06788e-08 0 1.0854e-08 0 1.10111e-08 0 1.11894e-08 0 1.13493e-08 0 1.15206e-08 0 1.16831e-08 0 1.18469e-08 0 1.20016e-08 0 1.21679e-08 0 1.23354e-08 0 1.24831e-08 0 1.26424e-08 0 1.28029e-08 0 1.29536e-08 0 1.31054e-08 0 1.32581e-08 0
117.094 1.22519e-11 1.22512e-11 7.06374e-16 5.76542e-05 -4.43517e-05 1.85415e-20 0 3.16281e-16 0 2.95169e-13 0 8.84889e-12 0 2.92284e-11 0 5.50943e-11 0 8.4174e-11 0 1.15295e-10 0 2.84932e-10 0 6.37571e-10 0 9.80651e-10 0 1.30772e-09 0 1.62152e-09 0 1.92028e-09 0 2.2094e-09 0 2.48547e-09 0 2.75571e-09 0 3.01525e-09 0 3.26383e-09 0 3.51138e-09 0 3.74677e-09 0 3.98195e-09 0 4.20577e-09 0 4.42671e-09 0 4.63847e-09 0 4.85626e-09 0 5.05746e-09 0 5.2636e-09 0 5.46282e-09 0 5.65436e-09 0 5.84983e-09 0 6.03665e-09 0 6.22054e-09 0 6.40116e-09 0 6.5782e-09 0 6.75805e-09 0 6.9339e-09 0 7.10545e-09 0 7.27242e-09 0 7.44161e-09 0 7.59866e-09 0 7.76485e-09 0 7.92572e-09 0 8.08103e-09 0 8.24557e-09 0 8.39677e-09 0 8.54952e-09 0 8.70381e-09 0 8.84399e-09 0 8.99331e-09 0 9.14403e-09 0 9.28809e-09 0 9.43341e-09 0 9.56362e-09 0 9.71128e-09 0 9.84359e-09 0 9.98523e-09 0 1.01196e-08 0 1.02549e-08 0 1.03826e-08 0 1.05198e-08 0 1.0658e-08 0 1.07797e-08 0 1.09109e-08 0 1.1043e-08 0 1.11671e-08 0 1.12919e-08 0 1.14174e-08 0
123.105 1.07436e-11 1.07431e-11 5.78886e-16 5.38817e-05 -5.73758e-05 5.80928e-20 0 6.15787e-16 0 4.1155e-13 0 1.04506e-11 0 3.25635e-11 0 5.95115e-11 0 8.90625e-11 0 1.20134e-10 0 2.84096e-10 0 6.1132e-10 0 9.20891e-10 0 1.2111e-09 0 1.48627e-09 0 1.74588e-09 0 1.9953e-09 0 2.23204e-09 0 2.46258e-09 0 2.683e-09 0 2.89329e-09 0 3.10197e-09 0 3.29977e-09 0 3.49682e-09 0 3.68385e-09 0 3.86804e-09 0 4.04417e-09 0 4.22495e-09 0 4.39163e-09 0 4.56208e-09 0 4.72653e-09 0 4.88439e-09 0 5.04523e-09 0 5.19873e-09 0 5.34962e-09 0 5.49763e-09 0 5.64252e-09 0 5.78954e-09 0 5.93312e-09 0 6.07304e-09 0 6.20907e-09 0 6.34677e-09 0 6.47447e-09 0 6.60947e-09 0 6.74004e-09 0 6.86597e-09 0 6.99928e-09 0 7.12167e-09 0 7.24523e-09 0 7.36993e-09 0 7.48314e-09 0 7.60365e-09 0 7.7252e-09 0 7.84131e-09 0 7.95834e-09 0 8.06314e-09 0 8.18191e-09 0 8.28827e-09 0 8.40206e-09 0 8.50991e-09 0 8.61849e-09 0 8.72093e-09 0 8.83091e-09 0 8.9416e-09 0 9.03906e-09 0 9.14408e-09 0 9.24973e-09 0 9.34891e-09 0 9.44863e-09 0 9.54891e-09 0
129.424 9.44136e-12 9.44088e-12 4.7141e-16 4.99303e-05 -3.97553e-05 1.69329e-19 0 1.14158e-15 0 5.55356e-13 0 1.20424e-11 0 3.54989e-11 0 6.29962e-11 0 9.24429e-11 0 1.22889e-10 0 2.78696e-10 0 5.77838e-10 0 8.53417e-10 0 1.10769e-09 0 1.34609e-09 0 1.56911e-09 0 1.78191e-09 0 1.98274e-09 0 2.17737e-09 0 2.36267e-09 0 2.5388e-09 0 2.713e-09 0 2.87763e-09 0 3.04119e-09 0 3.19605e-09 0 3.3482e-09 0 3.49341e-09 0 3.64214e-09 0 3.77902e-09 0 3.91876e-09 0 4.05335e-09 0 4.18236e-09 0 4.31362e-09 0 4.43872e-09 0 4.56152e-09 0 4.68184e-09 0 4.79948e-09 0 4.91872e-09 0 5.03504e-09 0 5.14827e-09 0 5.25825e-09 0 5.36948e-09 0 5.47253e-09 0 5.58138e-09 0 5.68656e-09 0 5.78793e-09 0 5.89515e-09 0 5.99351e-09 0 6.09273e-09 0 6.1928e-09 0 6.28359e-09 0 6.38016e-09 0 6.4775e-09 0 6.57042e-09 0 6.66402e-09 0 6.7478e-09 0 6.84268e-09 0 6.9276e-09 0 7.0184e-09 0 7.10441e-09 0 7.19096e-09 0 7.27257e-09 0 7.36014e-09 0 7.44824e-09 0 7.52576e-09 0 7.60927e-09 0 7.69323e-09 0 7.77202e-09 0 7.8512e-09 0 7.93078e-09 0
136.067 8.3915e-12 8.39111e-12 3.85802e-16 4.59753e-05 -4.30488e-05 4.65079e-19 0 2.03877e-15 0 7.33229e-13 0 1.36822e-11 0 3.82609e-11 0 6.60255e-11 0 9.50952e-11 0 1.24676e-10 0 2.71722e-10 0 5.43865e-10 0 7.88326e-10 0 1.01051e-09 0 1.21664e-09 0 1.40793e-09 0 1.58928e-09 0 1.75951e-09 0 1.92374e-09 0 2.07946e-09 0 2.22698e-09 0 2.37242e-09 0 2.50948e-09 0 2.64531e-09 0 2.77361e-09 0 2.8994e-09 0 3.01921e-09 0 3.1417e-09 0 3.25424e-09 0 3.36894e-09 0 3.47926e-09 0 3.58484e-09 0 3.69212e-09 0 3.79424e-09 0 3.89436e-09 0 3.99234e-09 0 4.08804e-09 0 4.18493e-09 0 4.27936e-09 0 4.37119e-09 0 4.4603e-09 0 4.55034e-09 0 4.63369e-09 0 4.72166e-09 0 4.80659e-09 0 4.88839e-09 0 4.97483e-09 0 5.05409e-09 0 5.13397e-09 0 5.21448e-09 0 5.28748e-09 0 5.36509e-09 0 5.44326e-09 0 5.51784e-09 0 5.59292e-09 0 5.66007e-09 0 5.7361e-09 0 5.8041e-09 0 5.87677e-09 0 5.94558e-09 0 6.01478e-09 0 6.08e-09 0 6.14996e-09 0 6.2203e-09 0 6.28216e-09 0 6.34877e-09 0 6.41572e-09 0 6.47851e-09 0 6.5416e-09 0 6.60497e-09 0
143.051 7.50284e-12 7.50252e-12 3.142e-16 4.18775e-05 -2.00173e-05 1.20137e-18 0 3.49711e-15 0 9.43613e-13 0 1.52643e-11 0 4.05972e-11 0 6.82197e-11 0 9.65266e-11 0 1.24897e-10 0 2.62116e-10 0 5.07381e-10 0 7.22488e-10 0 9.15236e-10 0 1.09228e-09 0 1.25534e-09 0 1.40899e-09 0 1.5525e-09 0 1.69034e-09 0 1.82057e-09 0 1.94352e-09 0 2.0644e-09 0 2.17801e-09 0 2.29033e-09 0 2.3962e-09 0 2.49978e-09 0 2.59826e-09 0 2.69877e-09 0 2.79096e-09 0 2.88479e-09 0 2.9749e-09 0 3.06103e-09 0 3.14843e-09 0 3.23152e-09 0 3.3129e-09 0 3.39246e-09 0 3.47008e-09 0 3.54859e-09 0 3.62503e-09 0 3.6993e-09 0 3.77131e-09 0 3.84401e-09 0 3.91126e-09 0 3.98218e-09 0 4.0506e-09 0 4.11645e-09 0 4.18599e-09 0 4.2497e-09 0 4.31387e-09 0 4.37851e-09 0 4.43709e-09 0 4.49932e-09 0 4.56197e-09 0 4.6217e-09 0 4.68181e-09 0 4.73554e-09 0 4.79634e-09 0 4.85069e-09 0 4.90876e-09 0 4.9637e-09 0 5.01894e-09 0 5.07098e-09 0 5.12676e-09 0 5.18283e-09 0 5.23212e-09 0 5.28517e-09 0 5.33847e-09 0 5.38844e-09 0 5.43863e-09 0 5.48902e-09 0
150.394 6.72253e-12 6.72228e-12 2.57278e-16 3.8271e-05 -2.49807e-05 2.91705e-18 0 5.75237e-15 0 1.18097e-12 0 1.66772e-11 0 4.22901e-11 0 6.92921e-11 0 9.64043e-11 0 1.23189e-10 0 2.49425e-10 0 4.67742e-10 0 6.54927e-10 0 8.20419e-10 0 9.71013e-10 0 1.10872e-09 0 1.23774e-09 0 1.35768e-09 0 1.47242e-09 0 1.58044e-09 0 1.68212e-09 0 1.78181e-09 0 1.87527e-09 0 1.96747e-09 0 2.05419e-09 0 2.13888e-09 0 2.21926e-09 0 2.30117e-09 0 2.37618e-09 0 2.45242e-09 0 2.52553e-09 0 2.59534e-09 0 2.66609e-09 0 2.73327e-09 0 2.79901e-09 0 2.8632e-09 0 2.92578e-09 0 2.98901e-09 0 3.05052e-09 0 3.11024e-09 0 3.16809e-09 0 3.22645e-09 0 3.28039e-09 0 3.33724e-09 0 3.39205e-09 0 3.44476e-09 0 3.50039e-09 0 3.55132e-09 0 3.60259e-09 0 3.65421e-09 0 3.70096e-09 0 3.7506e-09 0 3.80054e-09 0 3.84813e-09 0 3.896e-09 0 3.93877e-09 0 3.98715e-09 0 4.03037e-09 0 4.07652e-09 0 4.12018e-09 0 4.16404e-09 0 4.20536e-09 0 4.24963e-09 0 4.2941e-09 0 4.33318e-09 0 4.37523e-09 0 4.41746e-09 0 4.45704e-09 0 4.49677e-09 0 4.53665e-09 0
158.114 5.86684e-12 5.86663e-12 2.10177e-16 3.58246e-05 -1.84792e-05 6.49128e-18 0 8.83817e-15 0 1.39913e-12 0 1.73635e-11 0 4.20796e-11 0 6.73122e-11 0 9.21614e-11 0 1.16377e-10 0 2.27751e-10 0 4.1445e-10 0 5.71134e-10 0 7.0792e-10 0 8.31298e-10 0 9.43367e-10 0 1.04781e-09 0 1.14446e-09 0 1.23658e-09 0 1.32302e-09 0 1.40415e-09 0 1.48349e-09 0 1.55771e-09 0 1.63077e-09 0 1.69935e-09 0 1.76622e-09 0 1.82958e-09 0 1.89404e-09 0 1.953e-09 0 2.01284e-09 0 2.07016e-09 0 2.12482e-09 0 2.18016e-09 0 2.23266e-09 0 2.28397e-09 0 2.33403e-09 0 2.38279e-09 0 2.43202e-09 0 2.47987e-09 0 2.52629e-09 0 2.57122e-09 0 2.61651e-09 0 2.65835e-09 0 2.70241e-09 0 2.74487e-09 0 2.78567e-09 0 2.8287e-09 0 2.86808e-09 0 2.90771e-09 0 2.94757e-09 0 2.98366e-09 0 3.02195e-09 0 3.06047e-09 0 3.09715e-09 0 3.13403e-09 0 3.16697e-09 0 3.2042e-09 0 3.23746e-09 0 3.27295e-09 0 3.30651e-09 0 3.34022e-09 0 3.37196e-09 0 3.40595e-09 0 3.44008e-09 0 3.47007e-09 0 3.50232e-09 0 3.5347e-09 0 3.56504e-09 0 3.59548e-09 0 3.62603e-09 0
166.23 5.21204e-12 5.21187e-12 1.7159e-16 3.29217e-05 -4.82289e-06 1.38768e-17 0 1.32834e-14 0 1.64218e-12 0 1.8024e-11 0 4.18392e-11 0 6.54193e-11 0 8.82178e-11 0 1.10149e-10 0 2.08718e-10 0 3.69155e-10 0 5.01103e-10 0 6.14933e-10 0 7.16759e-10 0 8.08672e-10 0 8.93898e-10 0 9.72446e-10 0 1.04704e-09 0 1.11683e-09 0 1.18216e-09 0 1.24589e-09 0 1.30538e-09 0 1.36382e-09 0 1.41859e-09 0 1.4719e-09 0 1.52233e-09 0 1.57358e-09 0 1.62038e-09 0 1.66783e-09 0 1.71323e-09 0 1.75647e-09 0 1.80021e-09 0 1.84167e-09 0 1.88214e-09 0 1.9216e-09 0 1.96e-09 0 1.99874e-09 0 2.03637e-09 0 2.07284e-09 0 2.10812e-09 0 2.14366e-09 0 2.17647e-09 0 2.211e-09 0 2.24425e-09 0 2.27619e-09 0 2.30986e-09 0 2.34065e-09 0 2.37161e-09 0 2.40275e-09 0 2.43092e-09 0 2.46081e-09 0 2.49085e-09 0 2.51945e-09 0 2.54819e-09 0 2.57385e-09 0 2.60284e-09 0 2.62873e-09 0 2.65634e-09 0 2.68245e-09 0 2.70865e-09 0 2.73332e-09 0 2.75972e-09 0 2.78624e-09 0 2.80952e-09 0 2.83455e-09 0 2.85967e-09 0 2.8832e-09 0 2.90681e-09 0 2.93049e-09 0
174.763 4.63633e-12 4.63619e-12 1.4022e-16 3.02437e-05 3.44563e-06 2.8112e-17 0 1.9247e-14 0 1.88079e-12 0 1.83673e-11 0 4.09269e-11 0 6.26228e-11 0 8.32366e-11 0 1.02825e-10 0 1.8897e-10 0 3.25341e-10 0 4.35379e-10 0 5.29254e-10 0 6.12579e-10 0 6.87352e-10 0 7.56361e-10 0 8.19716e-10 0 8.79689e-10 0 9.35631e-10 0 9.87869e-10 0 1.03872e-09 0 1.08609e-09 0 1.13254e-09 0 1.176e-09 0 1.21824e-09 0 1.25814e-09 0 1.29863e-09 0 1.33557e-09 0 1.37298e-09 0 1.40873e-09 0 1.44275e-09 0 1.47713e-09 0 1.50968e-09 0 1.54144e-09 0 1.57237e-09 0 1.60245e-09 0 1.63278e-09 0 1.66221e-09 0 1.69071e-09 0 1.71827e-09 0 1.74602e-09 0 1.77162e-09 0 1.79855e-09 0 1.82446e-09 0 1.84934e-09 0 1.87555e-09 0 1.89951e-09 0 1.9236e-09 0 1.94781e-09 0 1.9697e-09 0 1.99291e-09 0 2.01623e-09 0 2.03843e-09 0 2.06072e-09 0 2.08062e-09 0 2.1031e-09 0 2.12315e-09 0 2.14455e-09 0 2.16476e-09 0 2.18504e-09 0 2.20413e-09 0 2.22456e-09 0 2.24506e-09 0 2.26306e-09 0 2.2824e-09 0 2.30181e-09 0 2.31999e-09 0 2.33821e-09 0 2.35649e-09 0
183.733 4.09408e-12 4.09397e-12 1.14486e-16 2.79637e-05 1.79528e-05 5.36472e-17 0 2.67042e-14 0 2.08648e-12 0 1.82346e-11 0 3.90828e-11 0 5.85854e-11 0 7.68113e-11 0 9.39306e-11 0 1.67695e-10 0 2.81447e-10 0 3.71603e-10 0 4.47715e-10 0 5.14785e-10 0 5.74642e-10 0 6.29642e-10 0 6.79955e-10 0 7.27435e-10 0 7.71608e-10 0 8.12759e-10 0 8.52733e-10 0 8.89903e-10 0 9.26291e-10 0 9.60284e-10 0 9.93274e-10 0 1.0244e-09 0 1.05595e-09 0 1.0847e-09 0 1.11378e-09 0 1.14154e-09 0 1.16794e-09 0 1.19459e-09 0 1.2198e-09 0 1.24438e-09 0 1.26831e-09 0 1.29156e-09 0 1.31498e-09 0 1.33769e-09 0 1.35968e-09 0 1.38093e-09 0 1.40231e-09 0 1.42202e-09 0 1.44274e-09 0 1.46268e-09 0 1.48181e-09 0 1.50195e-09 0 1.52035e-09 0 1.53885e-09 0 1.55742e-09 0 1.57422e-09 0 1.59202e-09 0 1.6099e-09 0 1.6269e-09 0 1.64398e-09 0 1.65921e-09 0 1.67642e-09 0 1.69176e-09 0 1.70813e-09 0 1.72358e-09 0 1.73909e-09 0 1.75367e-09 0 1.76928e-09 0 1.78494e-09 0 1.79868e-09 0 1.81344e-09 0 1.82825e-09 0 1.84212e-09 0 1.85602e-09 0 1.86995e-09 0
193.164 3.69335e-12 3.69326e-12 9.34708e-17 2.53078e-05 3.35516e-05 9.95037e-17 0 3.65757e-14 0 2.31013e-12 0 1.81671e-11 0 3.75277e-11 0 5.51689e-11 0 7.13993e-11 0 8.64779e-11 0 1.50213e-10 0 2.46106e-10 0 3.20838e-10 0 3.83313e-10 0 4.37995e-10 0 4.86546e-10 0 5.30977e-10 0 5.71484e-10 0 6.09602e-10 0 6.44977e-10 0 6.77861e-10 0 7.09744e-10 0 7.39338e-10 0 7.68265e-10 0 7.95249e-10 0 8.21404e-10 0 8.46053e-10 0 8.71006e-10 0 8.93721e-10 0 9.16675e-10 0 9.38571e-10 0 9.59371e-10 0 9.80353e-10 0 1.00019e-09 0 1.01951e-09 0 1.03831e-09 0 1.05656e-09 0 1.07494e-09 0 1.09275e-09 0 1.10998e-09 0 1.12662e-09 0 1.14336e-09 0 1.15878e-09 0 1.17499e-09 0 1.19057e-09 0 1.20551e-09 0 1.22125e-09 0 1.23561e-09 0 1.25004e-09 0 1.26453e-09 0 1.27763e-09 0 1.2915e-09 0 1.30543e-09 0 1.31868e-09 0 1.33197e-09 0 1.34383e-09 0 1.35722e-09 0 1.36915e-09 0 1.38188e-09 0 1.39389e-09 0 1.40594e-09 0 1.41727e-09 0 1.42939e-09 0 1.44155e-09 0 1.45222e-09 0 1.46368e-09 0 1.47517e-09 0 1.48592e-09 0 1.4967e-09 0 1.50751e-09 0
203.079 3.35198e-12 3.3519e-12 7.64375e-17 2.28037e-05 3.90836e-05 1.77074e-16 0 4.87819e-14 0 2.51671e-12 0 1.79032e-11 0 3.57104e-11 0 5.15364e-11 0 6.58831e-11 0 7.90744e-11 0 1.33836e-10 0 2.1434e-10 0 2.76097e-10 0 3.27256e-10 0 3.71749e-10 0 4.11067e-10 0 4.46911e-10 0 4.79489e-10 0 5.10063e-10 0 5.38372e-10 0 5.64636e-10 0 5.90055e-10 0 6.13611e-10 0 6.36603e-10 0 6.58022e-10 0 6.78758e-10 0 6.98279e-10 0 7.1802e-10 0 7.35972e-10 0 7.54098e-10 0 7.71374e-10 0 7.87771e-10 0 8.043e-10 0 8.19915e-10 0 8.35117e-10 0 8.49894e-10 0 8.64234e-10 0 8.78664e-10 0 8.92642e-10 0 9.0616e-10 0 9.19206e-10 0 9.32319e-10 0 9.44399e-10 0 9.57088e-10 0 9.69281e-10 0 9.80972e-10 0 9.93272e-10 0 1.0045e-09 0 1.01577e-09 0 1.02709e-09 0 1.03731e-09 0 1.04814e-09 0 1.05901e-09 0 1.06934e-09 0 1.07971e-09 0 1.08895e-09 0 1.09938e-09 0 1.10868e-09 0 1.11859e-09 0 1.12794e-09 0 1.13732e-09 0 1.14614e-09 0 1.15557e-09 0 1.16503e-09 0 1.17332e-09 0 1.18223e-09 0 1.19116e-09 0 1.19952e-09 0 1.20789e-09 0 1.21629e-09 0
213.503 2.99127e-12 2.9912e-12 6.24814e-17 2.08879e-05 4.81064e-05 2.96185e-16 0 6.202e-14 0 2.63962e-12 0 1.70713e-11 0 3.2939e-11 0 4.67121e-11 0 5.90245e-11 0 7.02357e-11 0 1.15996e-10 0 1.81823e-10 0 2.3158e-10 0 2.72447e-10 0 3.07781e-10 0 3.38867e-10 0 3.67108e-10 0 3.927e-10 0 4.1666e-10 0 4.38797e-10 0 4.59297e-10 0 4.79105e-10 0 4.97434e-10 0 5.153e-10 0 5.31924e-10 0 5.48e-10 0 5.63118e-10 0 5.78392e-10 0 5.92269e-10 0 6.06269e-10 0 6.19602e-10 0 6.32248e-10 0 6.44987e-10 0 6.57013e-10 0 6.68714e-10 0 6.80081e-10 0 6.91107e-10 0 7.02195e-10 0 7.1293e-10 0 7.23306e-10 0 7.33316e-10 0 7.43374e-10 0 7.52634e-10 0 7.62357e-10 0 7.71697e-10 0 7.80649e-10 0 7.90063e-10 0 7.98655e-10 0 8.07277e-10 0 8.15931e-10 0 8.23744e-10 0 8.32019e-10 0 8.40321e-10 0 8.4821e-10 0 8.56123e-10 0 8.63177e-10 0 8.71136e-10 0 8.78229e-10 0 8.85786e-10 0 8.92918e-10 0 9.00067e-10 0 9.06787e-10 0 9.13971e-10 0 9.21173e-10 0 9.2749e-10 0 9.34273e-10 0 9.41071e-10 0 9.47429e-10 0 9.53801e-10 0 9.60186e-10 0
224.463 2.69778e-12 2.69773e-12 5.10859e-17 1.89363e-05 5.42571e-05 4.79664e-16 0 7.73731e-14 0 2.74245e-12 0 1.62022e-11 0 3.02934e-11 0 4.22542e-11 0 5.28067e-11 0 6.23276e-11 0 1.00578e-10 0 1.54496e-10 0 1.94691e-10 0 2.27444e-10 0 2.55609e-10 0 2.80285e-10 0 3.0263e-10 0 3.22824e-10 0 3.41688e-10 0 3.59083e-10 0 3.75163e-10 0 3.90677e-10 0 4.05014e-10 0 4.1897e-10 0 4.31942e-10 0 4.44473e-10 0 4.56247e-10 0 4.68131e-10 0 4.7892e-10 0 4.89796e-10 0 5.00146e-10 0 5.09956e-10 0 5.19833e-10 0 5.2915e-10 0 5.38211e-10 0 5.47009e-10 0 5.55538e-10 0 5.6411e-10 0 5.72407e-10 0 5.80422e-10 0 5.88151e-10 0 5.95913e-10 0 6.03058e-10 0 6.10556e-10 0 6.17757e-10 0 6.24655e-10 0 6.31908e-10 0 6.38524e-10 0 6.45163e-10 0 6.51822e-10 0 6.57834e-10 0 6.64199e-10 0 6.70583e-10 0 6.76648e-10 0 6.8273e-10 0 6.8815e-10 0 6.94263e-10 0 6.99711e-10 0 7.05513e-10 0 7.10987e-10 0 7.16474e-10 0 7.21629e-10 0 7.27141e-10 0 7.32664e-10 0 7.37508e-10 0 7.42708e-10 0 7.47918e-10 0 7.52791e-10 0 7.57673e-10 0 7.62565e-10 0
235.984 2.43569e-12 2.43565e-12 4.17405e-17 1.7137e-05 6.43387e-05 7.46547e-16 0 9.39567e-14 0 2.79848e-12 0 1.51726e-11 0 2.7535e-11 0 3.78091e-11 0 4.6762e-11 0 5.47703e-11 0 8.64714e-11 0 1.30316e-10 0 1.62583e-10 0 1.88683e-10 0 2.11013e-10 0 2.30503e-10 0 2.48098e-10 0 2.63961e-10 0 2.78747e-10 0 2.92356e-10 0 3.04918e-10 0 3.1702e-10 0 3.2819e-10 0 3.39051e-10 0 3.49135e-10 0 3.58868e-10 0 3.68004e-10 0 3.77219e-10 0 3.85578e-10 0 3.93998e-10 0 4.02006e-10 0 4.09592e-10 0 4.17224e-10 0 4.24421e-10 0 4.31415e-10 0 4.38203e-10 0 4.44781e-10 0 4.51389e-10 0 4.57782e-10 0 4.63955e-10 0 4.69906e-10 0 4.7588e-10 0 4.81376e-10 0 4.87143e-10 0 4.92678e-10 0 4.9798e-10 0 5.03552e-10 0 5.08634e-10 0 5.13731e-10 0 5.18844e-10 0 5.23457e-10 0 5.2834e-10 0 5.33237e-10 0 5.37887e-10 0 5.4255e-10 0 5.46704e-10 0 5.51388e-10 0 5.55562e-10 0 5.60006e-10 0 5.64198e-10 0 5.68399e-10 0 5.72345e-10 0 5.76563e-10 0 5.8079e-10 0 5.84495e-10 0 5.88472e-10 0 5.92457e-10 0 5.96183e-10 0 5.99915e-10 0 6.03653e-10 0
248.097 2.20495e-12 2.20491e-12 3.41696e-17 1.54968e-05 6.35022e-05 1.12068e-15 0 1.11388e-13 0 2.81192e-12 0 1.40525e-11 0 2.47924e-11 0 3.35421e-11 0 4.10783e-11 0 4.77653e-11 0 7.38725e-11 0 1.09346e-10 0 1.35142e-10 0 1.55864e-10 0 1.7351e-10 0 1.88858e-10 0 2.02675e-10 0 2.15104e-10 0 2.26666e-10 0 2.3729e-10 0 2.47083e-10 0 2.56504e-10 0 2.6519e-10 0 2.73627e-10 0 2.81453e-10 0 2.88999e-10 0 2.96077e-10 0 3.03211e-10 0 3.09678e-10 0 3.16188e-10 0 3.22376e-10 0 3.28234e-10 0 3.34124e-10 0 3.39676e-10 0 3.45069e-10 0 3.50301e-10 0 3.55368e-10 0 3.60457e-10 0 3.65377e-10 0 3.70127e-10 0 3.74704e-10 0 3.79297e-10 0 3.83522e-10 0 3.87953e-10 0 3.92206e-10 0 3.96277e-10 0 4.00555e-10 0 4.04455e-10 0 4.08366e-10 0 4.12287e-10 0 4.15826e-10 0 4.19569e-10 0 4.23322e-10 0 4.26887e-10 0 4.30459e-10 0 4.33641e-10 0 4.37228e-10 0 4.40424e-10 0 4.43826e-10 0 4.47035e-10 0 4.50249e-10 0 4.53269e-10 0 4.56495e-10 0 4.59728e-10 0 4.62561e-10 0 4.65602e-10 0 4.68648e-10 0 4.71495e-10 0 4.74348e-10 0 4.77204e-10 0
260.832 1.97185e-12 1.97182e-12 2.79277e-17 1.41632e-05 7.29072e-05 1.60169e-15 0 1.27182e-13 0 2.74357e-12 0 1.26913e-11 0 2.18007e-11 0 2.90842e-11 0 3.52895e-11 0 4.07541e-11 0 6.18157e-11 0 8.99647e-11 0 1.10208e-10 0 1.26367e-10 0 1.40067e-10 0 1.51945e-10 0 1.6261e-10 0 1.72183e-10 0 1.81073e-10 0 1.89229e-10 0 1.96737e-10 0 2.03952e-10 0 2.10595e-10 0 2.17043e-10 0 2.23018e-10 0 2.28776e-10 0 2.34172e-10 0 2.39607e-10 0 2.4453e-10 0 2.49484e-10 0 2.54189e-10 0 2.58642e-10 0 2.63117e-10 0 2.67332e-10 0 2.71426e-10 0 2.75395e-10 0 2.79238e-10 0 2.83096e-10 0 2.86825e-10 0 2.90423e-10 0 2.93889e-10 0 2.97367e-10 0 3.00564e-10 0 3.03917e-10 0 3.07133e-10 0 3.10212e-10 0 3.13446e-10 0 3.16394e-10 0 3.19349e-10 0 3.22311e-10 0 3.24983e-10 0 3.2781e-10 0 3.30644e-10 0 3.33334e-10 0 3.36029e-10 0 3.3843e-10 0 3.41136e-10 0 3.43546e-10 0 3.46111e-10 0 3.4853e-10 0 3.50953e-10 0 3.53229e-10 0 3.5566e-10 0 3.58095e-10 0 3.6023e-10 0 3.6252e-10 0 3.64814e-10 0 3.66958e-10 0 3.69105e-10 0 3.71255e-10 0
274.221 1.80735e-12 1.80733e-12 2.28461e-17 1.26407e-05 7.32817e-05 2.26526e-15 0 1.45286e-13 0 2.69918e-12 0 1.16041e-11 0 1.94361e-11 0 2.5589e-11 0 3.07776e-11 0 3.53147e-11 0 5.25935e-11 0 7.53349e-11 0 9.15211e-11 0 1.04366e-10 0 1.15213e-10 0 1.24589e-10 0 1.32988e-10 0 1.40512e-10 0 1.47487e-10 0 1.53878e-10 0 1.59754e-10 0 1.65394e-10 0 1.70582e-10 0 1.75613e-10 0 1.80272e-10 0 1.84757e-10 0 1.88959e-10 0 1.93187e-10 0 1.97016e-10 0 2.00866e-10 0 2.04521e-10 0 2.07978e-10 0 2.11451e-10 0 2.14721e-10 0 2.17895e-10 0 2.20972e-10 0 2.23949e-10 0 2.26937e-10 0 2.29825e-10 0 2.3261e-10 0 2.35292e-10 0 2.37982e-10 0 2.40455e-10 0 2.43047e-10 0 2.45534e-10 0 2.47913e-10 0 2.50411e-10 0 2.52688e-10 0 2.5497e-10 0 2.57257e-10 0 2.5932e-10 0 2.61502e-10 0 2.63688e-10 0 2.65763e-10 0 2.67842e-10 0 2.69694e-10 0 2.7178e-10 0 2.73638e-10 0 2.75615e-10 0 2.77479e-10 0 2.79346e-10 0 2.81099e-10 0 2.82972e-10 0 2.84848e-10 0 2.86491e-10 0 2.88254e-10 0 2.9002e-10 0 2.91671e-10 0 2.93323e-10 0 2.94978e-10 0
288.297 1.6282e-12 1.62818e-12 1.86883e-17 1.14779e-05 7.54536e-05 3.04544e-15 0 1.59424e-13 0 2.56991e-12 0 1.03078e-11 0 1.68579e-11 0 2.19193e-11 0 2.6147e-11 0 2.98195e-11 0 4.36508e-11 0 6.15973e-11 0 7.42492e-11 0 8.42353e-11 0 9.2637e-11 0 9.98788e-11 0 1.06352e-10 0 1.12141e-10 0 1.17499e-10 0 1.22402e-10 0 1.26905e-10 0 1.31223e-10 0 1.35191e-10 0 1.39036e-10 0 1.42594e-10 0 1.46017e-10 0 1.49221e-10 0 1.52445e-10 0 1.55362e-10 0 1.58293e-10 0 1.61075e-10 0 1.63705e-10 0 1.66346e-10 0 1.68832e-10 0 1.71244e-10 0 1.73581e-10 0 1.75842e-10 0 1.7811e-10 0 1.80301e-10 0 1.82415e-10 0 1.84449e-10 0 1.86489e-10 0 1.88363e-10 0 1.90328e-10 0 1.92212e-10 0 1.94014e-10 0 1.95906e-10 0 1.9763e-10 0 1.99358e-10 0 2.01089e-10 0 2.0265e-10 0 2.043e-10 0 2.05954e-10 0 2.07524e-10 0 2.09096e-10 0 2.10496e-10 0 2.12073e-10 0 2.13477e-10 0 2.14971e-10 0 2.1638e-10 0 2.1779e-10 0 2.19114e-10 0 2.20529e-10 0 2.21945e-10 0 2.23186e-10 0 2.24518e-10 0 2.25851e-10 0 2.27096e-10 0 2.28343e-10 0 2.29592e-10 0
303.095 1.47361e-12 1.4736e-12 1.5296e-17 1.03799e-05 7.53496e-05 3.98472e-15 0 1.71956e-13 0 2.42233e-12 0 9.09826e-12 0 1.45484e-11 0 1.86952e-11 0 2.21281e-11 0 2.5092e-11 0 3.61398e-11 0 5.02868e-11 0 6.01722e-11 0 6.79359e-11 0 7.44457e-11 0 8.00425e-11 0 8.50353e-11 0 8.94927e-11 0 9.36133e-11 0 9.73792e-11 0 1.00834e-10 0 1.04143e-10 0 1.07183e-10 0 1.10126e-10 0 1.12847e-10 0 1.15463e-10 0 1.17911e-10 0 1.20372e-10 0 1.22598e-10 0 1.24834e-10 0 1.26955e-10 0 1.2896e-10 0 1.30972e-10 0 1.32865e-10 0 1.34701e-10 0 1.3648e-10 0 1.382e-10 0 1.39926e-10 0 1.41592e-10 0 1.43199e-10 0 1.44745e-10 0 1.46295e-10 0 1.47719e-10 0 1.49211e-10 0 1.50641e-10 0 1.52009e-10 0 1.53446e-10 0 1.54754e-10 0 1.56065e-10 0 1.57378e-10 0 1.58562e-10 0 1.59814e-10 0 1.61067e-10 0 1.62257e-10 0 1.63449e-10 0 1.6451e-10 0 1.65705e-10 0 1.66769e-10 0 1.67901e-10 0 1.68967e-10 0 1.70036e-10 0 1.71038e-10 0 1.72109e-10 0 1.73181e-10 0 1.74121e-10 0 1.75128e-10 0 1.76137e-10 0 1.7708e-10 0 1.78023e-10 0 1.78968e-10 0
318.653 1.31175e-12 1.31174e-12 1.25151e-17 9.54075e-06 7.86842e-05 4.97526e-15 0 1.78675e-13 0 2.21459e-12 0 7.81691e-12 0 1.22368e-11 0 1.55513e-11 0 1.82726e-11 0 2.06087e-11 0 2.92336e-11 0 4.01439e-11 0 4.77057e-11 0 5.36173e-11 0 5.85585e-11 0 6.27969e-11 0 6.6571e-11 0 6.99352e-11 0 7.30413e-11 0 7.58769e-11 0 7.84756e-11 0 8.09633e-11 0 8.32463e-11 0 8.54549e-11 0 8.74959e-11 0 8.94573e-11 0 9.12914e-11 0 9.31345e-11 0 9.48008e-11 0 9.6474e-11 0 9.80606e-11 0 9.95593e-11 0 1.01063e-10 0 1.02478e-10 0 1.03849e-10 0 1.05178e-10 0 1.06462e-10 0 1.0775e-10 0 1.08993e-10 0 1.10191e-10 0 1.11344e-10 0 1.125e-10 0 1.13561e-10 0 1.14674e-10 0 1.15739e-10 0 1.16759e-10 0 1.17829e-10 0 1.18803e-10 0 1.19779e-10 0 1.20757e-10 0 1.21638e-10 0 1.22569e-10 0 1.23502e-10 0 1.24388e-10 0 1.25274e-10 0 1.26063e-10 0 1.26952e-10 0 1.27743e-10 0 1.28585e-10 0 1.29378e-10 0 1.30172e-10 0 1.30917e-10 0 1.31713e-10 0 1.3251e-10 0 1.33208e-10 0 1.33956e-10 0 1.34706e-10 0 1.35406e-10 0 1.36107e-10 0 1.36808e-10 0
335.009 1.16981e-12 1.1698e-12 1.0236e-17 8.75012e-06 8.26436e-05 6.04716e-15 0 1.82368e-13 0 2.0018e-12 0 6.66278e-12 0 1.02233e-11 0 1.28576e-11 0 1.50037e-11 0 1.68363e-11 0 2.35429e-11 0 3.19314e-11 0 3.77018e-11 0 4.21938e-11 0 4.59378e-11 0 4.91424e-11 0 5.19911e-11 0 5.45269e-11 0 5.68654e-11 0 5.89982e-11 0 6.0951e-11 0 6.2819e-11 0 6.45321e-11 0 6.61884e-11 0 6.77181e-11 0 6.91874e-11 0 7.05607e-11 0 7.19401e-11 0 7.31866e-11 0 7.44379e-11 0 7.5624e-11 0 7.67439e-11 0 7.78675e-11 0 7.89239e-11 0 7.9948e-11 0 8.09394e-11 0 8.18978e-11 0 8.28586e-11 0 8.37859e-11 0 8.46795e-11 0 8.55392e-11 0 8.64007e-11 0 8.71918e-11 0 8.80205e-11 0 8.88145e-11 0 8.95738e-11 0 9.03706e-11 0 9.10961e-11 0 9.18227e-11 0 9.25504e-11 0 9.32063e-11 0 9.38996e-11 0 9.45939e-11 0 9.52525e-11 0 9.59119e-11 0 9.64988e-11 0 9.71598e-11 0 9.77481e-11 0 9.83739e-11 0 9.89635e-11 0 9.95537e-11 0 1.00108e-10 0 1.00699e-10 0 1.01291e-10 0 1.0181e-10 0 1.02366e-10 0 1.02923e-10 0 1.03443e-10 0 1.03963e-10 0 1.04484e-10 0
352.205 1.05601e-12 1.056e-12 8.36754e-18 7.92374e-06 8.60421e-05 7.23938e-15 0 1.84918e-13 0 1.80889e-12 0 5.69575e-12 0 8.5762e-12 0 1.06806e-11 0 1.23829e-11 0 1.38294e-11 0 1.90798e-11 0 2.5579e-11 0 3.00189e-11 0 3.34619e-11 0 3.63239e-11 0 3.87688e-11 0 4.09388e-11 0 4.2868e-11 0 4.46453e-11 0 4.62646e-11 0 4.77462e-11 0 4.91625e-11 0 5.04605e-11 0 5.17146e-11 0 5.28724e-11 0 5.39839e-11 0 5.50224e-11 0 5.6065e-11 0 5.70069e-11 0 5.7952e-11 0 5.88475e-11 0 5.96929e-11 0 6.05407e-11 0 6.13378e-11 0 6.21102e-11 0 6.28577e-11 0 6.35802e-11 0 6.43043e-11 0 6.50031e-11 0 6.56764e-11 0 6.63239e-11 0 6.69726e-11 0 6.75683e-11 0 6.81922e-11 0 6.87899e-11 0 6.93613e-11 0 6.99608e-11 0 7.05067e-11 0 7.10533e-11 0 7.16007e-11 0 7.20939e-11 0 7.26152e-11 0 7.31372e-11 0 7.36323e-11 0 7.4128e-11 0 7.45691e-11 0 7.50659e-11 0 7.55079e-11 0 7.59781e-11 0 7.64211e-11 0 7.68645e-11 0 7.72805e-11 0 7.77248e-11 0 7.81694e-11 0 7.85588e-11 0 7.89764e-11 0 7.93944e-11 0 7.97848e-11 0 8.01755e-11 0 8.05666e-11 0
370.284 9.86195e-13 9.86188e-13 6.84325e-18 6.93904e-06 8.30952e-05 8.73591e-15 0 1.90559e-13 0 1.67115e-12 0 4.99355e-12 0 7.38655e-12 0 9.11455e-12 0 1.0503e-11 0 1.16775e-11 0 1.59089e-11 0 2.10966e-11 0 2.46181e-11 0 2.73392e-11 0 2.95957e-11 0 3.15198e-11 0 3.32252e-11 0 3.47397e-11 0 3.61334e-11 0 3.74023e-11 0 3.85624e-11 0 3.96706e-11 0 4.06857e-11 0 4.1666e-11 0 4.25706e-11 0 4.34386e-11 0 4.42492e-11 0 4.50628e-11 0 4.57975e-11 0 4.65346e-11 0 4.72327e-11 0 4.78916e-11 0 4.85522e-11 0 4.91731e-11 0 4.97746e-11 0 5.03567e-11 0 5.09191e-11 0 5.14827e-11 0 5.20264e-11 0 5.25502e-11 0 5.30539e-11 0 5.35585e-11 0 5.40217e-11 0 5.45067e-11 0 5.49714e-11 0 5.54155e-11 0 5.58815e-11 0 5.63056e-11 0 5.67303e-11 0 5.71555e-11 0 5.75387e-11 0 5.79435e-11 0 5.83489e-11 0 5.87333e-11 0 5.91182e-11 0 5.94606e-11 0 5.98462e-11 0 6.01894e-11 0 6.05542e-11 0 6.0898e-11 0 6.1242e-11 0 6.15649e-11 0 6.19095e-11 0 6.22544e-11 0 6.25565e-11 0 6.28804e-11 0 6.32046e-11 0 6.35073e-11 0 6.38103e-11 0 6.41135e-11 0
389.291 9.07845e-13 9.0784e-13 5.60611e-18 6.17519e-06 7.67751e-05 1.01375e-14 0 1.90323e-13 0 1.50495e-12 0 4.28019e-12 0 6.22645e-12 0 7.61668e-12 0 8.72691e-12 0 9.66214e-12 0 1.30081e-11 0 1.70744e-11 0 1.98185e-11 0 2.1932e-11 0 2.36808e-11 0 2.51696e-11 0 2.64874e-11 0 2.76565e-11 0 2.87314e-11 0 2.97092e-11 0 3.06027e-11 0 3.14557e-11 0 3.22365e-11 0 3.29903e-11 0 3.36855e-11 0 3.43524e-11 0 3.4975e-11 0 3.55996e-11 0 3.61635e-11 0 3.6729e-11 0 3.72646e-11 0 3.77699e-11 0 3.82764e-11 0 3.87523e-11 0 3.92133e-11 0 3.96592e-11 0 4.00901e-11 0 4.05218e-11 0 4.09381e-11 0 4.13392e-11 0 4.17248e-11 0 4.2111e-11 0 4.24655e-11 0 4.28366e-11 0 4.31921e-11 0 4.35319e-11 0 4.38883e-11 0 4.42126e-11 0 4.45374e-11 0 4.48625e-11 0 4.51555e-11 0 4.5465e-11 0 4.57748e-11 0 4.60686e-11 0 4.63628e-11 0 4.66244e-11 0 4.69191e-11 0 4.71812e-11 0 4.746e-11 0 4.77225e-11 0 4.79853e-11 0 4.82319e-11 0 4.84951e-11 0 4.87585e-11 0 4.89891e-11 0 4.92364e-11 0 4.94839e-11 0 4.9715e-11 0 4.99463e-11 0 5.01778e-11 0
409.273 8.09387e-13 8.09382e-13 4.5883e-18 5.66886e-06 7.69469e-05 1.11286e-14 0 1.8117e-13 0 1.29879e-12 0 3.52582e-12 0 5.04914e-12 0 6.12636e-12 0 6.98176e-12 0 7.69954e-12 0 1.02513e-11 0 1.33273e-11 0 1.53921e-11 0 1.69776e-11 0 1.82869e-11 0 1.93998e-11 0 2.03838e-11 0 2.12558e-11 0 2.2057e-11 0 2.27853e-11 0 2.34504e-11 0 2.4085e-11 0 2.46657e-11 0 2.52259e-11 0 2.57425e-11 0 2.62378e-11 0 2.67001e-11 0 2.71637e-11 0 2.75822e-11 0 2.80017e-11 0 2.83989e-11 0 2.87736e-11 0 2.91491e-11 0 2.95018e-11 0 2.98435e-11 0 3.01739e-11 0 3.04931e-11 0 3.08128e-11 0 3.11211e-11 0 3.14181e-11 0 3.17035e-11 0 3.19894e-11 0 3.22518e-11 0 3.25264e-11 0 3.27895e-11 0 3.30408e-11 0 3.33045e-11 0 3.35444e-11 0 3.37846e-11 0 3.40251e-11 0 3.42417e-11 0 3.44705e-11 0 3.46996e-11 0 3.49168e-11 0 3.51342e-11 0 3.53276e-11 0 3.55453e-11 0 3.5739e-11 0 3.5945e-11 0 3.6139e-11 0 3.63332e-11 0 3.65153e-11 0 3.67098e-11 0 3.69043e-11 0 3.70747e-11 0 3.72573e-11 0 3.74401e-11 0 3.76108e-11 0 3.77815e-11 0 3.79524e-11 0
430.281 7.28086e-13 7.28082e-13 3.7541e-18 5.15612e-06 7.63894e-05 1.20538e-14 0 1.71376e-13 0 1.11974e-12 0 2.90931e-12 0 4.10523e-12 0 4.9431e-12 0 5.60496e-12 0 6.15836e-12 0 8.11426e-12 0 1.04546e-11 0 1.20178e-11 0 1.32149e-11 0 1.42016e-11 0 1.50392e-11 0 1.5779e-11 0 1.6434e-11 0 1.70354e-11 0 1.75817e-11 0 1.80803e-11 0 1.85558e-11 0 1.89908e-11 0 1.94102e-11 0 1.97968e-11 0 2.01675e-11 0 2.05132e-11 0 2.08599e-11 0 2.11727e-11 0 2.14863e-11 0 2.17831e-11 0 2.2063e-11 0 2.23435e-11 0 2.26069e-11 0 2.2862e-11 0 2.31086e-11 0 2.33469e-11 0 2.35855e-11 0 2.38156e-11 0 2.40371e-11 0 2.425e-11 0 2.44633e-11 0 2.46589e-11 0 2.48638e-11 0 2.50599e-11 0 2.52473e-11 0 2.54438e-11 0 2.56227e-11 0 2.58017e-11 0 2.59809e-11 0 2.61423e-11 0 2.63128e-11 0 2.64835e-11 0 2.66453e-11 0 2.68072e-11 0 2.69513e-11 0 2.71134e-11 0 2.72577e-11 0 2.74111e-11 0 2.75556e-11 0 2.77001e-11 0 2.78358e-11 0 2.79805e-11 0 2.81253e-11 0 2.82522e-11 0 2.83881e-11 0 2.85241e-11 0 2.86512e-11 0 2.87783e-11 0 2.89054e-11 0
452.368 6.5623e-13 6.56227e-13 3.07196e-18 4.68123e-06 7.5354e-05 1.28064e-14 0 1.60102e-13 0 9.58212e-13 0 2.38893e-12 0 3.32454e-12 0 3.97441e-12 0 4.48531e-12 0 4.91108e-12 0 6.40786e-12 0 8.18666e-12 0 9.36949e-12 0 1.0273e-11 0 1.10166e-11 0 1.16469e-11 0 1.22031e-11 0 1.26952e-11 0 1.31466e-11 0 1.35565e-11 0 1.39304e-11 0 1.42869e-11 0 1.46127e-11 0 1.49269e-11 0 1.52164e-11 0 1.54938e-11 0 1.57526e-11 0 1.6012e-11 0 1.6246e-11 0 1.64804e-11 0 1.67023e-11 0 1.69116e-11 0 1.71212e-11 0 1.7318e-11 0 1.75086e-11 0 1.76929e-11 0 1.78708e-11 0 1.8049e-11 0 1.82208e-11 0 1.83862e-11 0 1.85452e-11 0 1.87044e-11 0 1.88504e-11 0 1.90032e-11 0 1.91496e-11 0 1.92894e-11 0 1.9436e-11 0 1.95695e-11 0 1.9703e-11 0 1.98366e-11 0 1.9957e-11 0 2.00842e-11 0 2.02114e-11 0 2.03321e-11 0 2.04528e-11 0 2.05602e-11 0 2.06811e-11 0 2.07887e-11 0 2.0903e-11 0 2.10107e-11 0 2.11184e-11 0 2.12195e-11 0 2.13273e-11 0 2.14353e-11 0 2.15297e-11 0 2.1631e-11 0 2.17324e-11 0 2.1827e-11 0 2.19217e-11 0 2.20164e-11 0
475.588 5.9335e-13 5.93348e-13 2.51378e-18 4.23659e-06 7.371e-05 1.33763e-14 0 1.48008e-13 0 8.15346e-13 0 1.95532e-12 0 2.68592e-12 0 3.18939e-12 0 3.58343e-12 0 3.91084e-12 0 5.05618e-12 0 6.40886e-12 0 7.30465e-12 0 7.98738e-12 0 8.54832e-12 0 9.02336e-12 0 9.44211e-12 0 9.81233e-12 0 1.01518e-11 0 1.04598e-11 0 1.07407e-11 0 1.10083e-11 0 1.12529e-11 0 1.14887e-11 0 1.17058e-11 0 1.19139e-11 0 1.21079e-11 0 1.23023e-11 0 1.24776e-11 0 1.26533e-11 0 1.28196e-11 0 1.29763e-11 0 1.31332e-11 0 1.32806e-11 0 1.34233e-11 0 1.35612e-11 0 1.36944e-11 0 1.38278e-11 0 1.39563e-11 0 1.40801e-11 0 1.4199e-11 0 1.4318e-11 0 1.44273e-11 0 1.45416e-11 0 1.4651e-11 0 1.47556e-11 0 1.48652e-11 0 1.49649e-11 0 1.50648e-11 0 1.51646e-11 0 1.52546e-11 0 1.53497e-11 0 1.54448e-11 0 1.55349e-11 0 1.56251e-11 0 1.57054e-11 0 1.57957e-11 0 1.5876e-11 0 1.59614e-11 0 1.60419e-11 0 1.61223e-11 0 1.61978e-11 0 1.62784e-11 0 1.6359e-11 0 1.64295e-11 0 1.65052e-11 0 1.65809e-11 0 1.66515e-11 0 1.67222e-11 0 1.67929e-11 0
500 5.38297e-13 5.38295e-13 2.05689e-18 3.82111e-06 7.14265e-05 1.3752e-14 0 1.3552e-13 0 6.90328e-13 0 1.59615e-12 0 2.16592e-12 0 2.55571e-12 0 2.85954e-12 0 3.11129e-12 0 3.98803e-12 0 5.01758e-12 0 5.69684e-12 0 6.21347e-12 0 6.63733e-12 0 6.99592e-12 0 7.31176e-12 0 7.59081e-12 0 7.84653e-12 0 8.07848e-12 0 8.28987e-12 0 8.49123e-12 0 8.67521e-12 0 8.85248e-12 0 9.0157e-12 0 9.17205e-12 0 9.3178e-12 0 9.46386e-12 0 9.59555e-12 0 9.72748e-12 0 9.85228e-12 0 9.96993e-12 0 1.00877e-11 0 1.01983e-11 0 1.03054e-11 0 1.04089e-11 0 1.05088e-11 0 1.06088e-11 0 1.07052e-11 0 1.0798e-11 0 1.08872e-11 0 1.09765e-11 0 1.10584e-11 0 1.1144e-11 0 1.12261e-11 0 1.13044e-11 0 1.13866e-11 0 1.14613e-11 0 1.15361e-11 0 1.1611e-11 0 1.16784e-11 0 1.17496e-11 0 1.18208e-11 0 1.18884e-11 0 1.19559e-11 0 1.2016e-11 0 1.20837e-11 0 1.21439e-11 0 1.22078e-11 0 1.22681e-11 0 1.23283e-11 0 1.23848e-11 0 1.24451e-11 0 1.25055e-11 0 1.25583e-11 0 1.26149e-11 0 1.26716e-11 0 1.27245e-11 0 1.27774e-11 0 1.28303e-11 0
525.665 4.90252e-13 4.90251e-13 1.68294e-18 3.4328e-06 6.85442e-05 1.39368e-14 0 1.23051e-13 0 5.82167e-13 0 1.30066e-12 0 1.74484e-12 0 2.04667e-12 0 2.28107e-12 0 2.4748e-12 0 3.14669e-12 0 3.9316e-12 0 4.44768e-12 0 4.83946e-12 0 5.16048e-12 0 5.43181e-12 0 5.67061e-12 0 5.88147e-12 0 6.07461e-12 0 6.24971e-12 0 6.40923e-12 0 6.56114e-12 0 6.69988e-12 0 6.83354e-12 0 6.95657e-12 0 7.0744e-12 0 7.18422e-12 0 7.29424e-12 0 7.39343e-12 0 7.49278e-12 0 7.58675e-12 0 7.67531e-12 0 7.76399e-12 0 7.84723e-12 0 7.92779e-12 0 8.00566e-12 0 8.08083e-12 0 8.15607e-12 0 8.2286e-12 0 8.2984e-12 0 8.36547e-12 0 8.43259e-12 0 8.49417e-12 0 8.5586e-12 0 8.62027e-12 0 8.67918e-12 0 8.74094e-12 0 8.79713e-12 0 8.85335e-12 0 8.9096e-12 0 8.96026e-12 0 9.01377e-12 0 9.0673e-12 0 9.11805e-12 0 9.16882e-12 0 9.21398e-12 0 9.2648e-12 0 9.31e-12 0 9.35804e-12 0 9.40329e-12 0 9.44855e-12 0 9.491e-12 0 9.5363e-12 0 9.58162e-12 0 9.62129e-12 0 9.66381e-12 0 9.70635e-12 0 9.74607e-12 0 9.7858e-12 0 9.82555e-12 0
552.648 4.48503e-13 4.48502e-13 1.37717e-18 3.07059e-06 6.51578e-05 1.39439e-14 0 1.10938e-13 0 4.89531e-13 0 1.05901e-12 0 1.40547e-12 0 1.63945e-12 0 1.82054e-12 0 1.96986e-12 0 2.48579e-12 0 3.08565e-12 0 3.47882e-12 0 3.77678e-12 0 4.02065e-12 0 4.22659e-12 0 4.40773e-12 0 4.56758e-12 0 4.71392e-12 0 4.84654e-12 0 4.96733e-12 0 5.08231e-12 0 5.18731e-12 0 5.28842e-12 0 5.38148e-12 0 5.47059e-12 0 5.55362e-12 0 5.63679e-12 0 5.71176e-12 0 5.78684e-12 0 5.85785e-12 0 5.92476e-12 0 5.99175e-12 0 6.05463e-12 0 6.11547e-12 0 6.17427e-12 0 6.23103e-12 0 6.28784e-12 0 6.3426e-12 0 6.39529e-12 0 6.44591e-12 0 6.49658e-12 0 6.54305e-12 0 6.59167e-12 0 6.63821e-12 0 6.68267e-12 0 6.72926e-12 0 6.77165e-12 0 6.81407e-12 0 6.8565e-12 0 6.89472e-12 0 6.93508e-12 0 6.97545e-12 0 7.01373e-12 0 7.05202e-12 0 7.08607e-12 0 7.1244e-12 0 7.15848e-12 0 7.19471e-12 0 7.22882e-12 0 7.26295e-12 0 7.29495e-12 0 7.32911e-12 0 7.36327e-12 0 7.39318e-12 0 7.42523e-12 0 7.4573e-12 0 7.48723e-12 0 7.51718e-12 0 7.54714e-12 0
581.015 4.11587e-13 4.11586e-13 1.12715e-18 2.73854e-06 6.15123e-05 1.37662e-14 0 9.9235e-14 0 4.10061e-13 0 8.60647e-13 0 1.13075e-12 0 1.31214e-12 0 1.45208e-12 0 1.56724e-12 0 1.96374e-12 0 2.42274e-12 0 2.72274e-12 0 2.94973e-12 0 3.13532e-12 0 3.29191e-12 0 3.42957e-12 0 3.55099e-12 0 3.6621e-12 0 3.76276e-12 0 3.8544e-12 0 3.94162e-12 0 4.02124e-12 0 4.09791e-12 0 4.16845e-12 0 4.23598e-12 0 4.2989e-12 0 4.36191e-12 0 4.41871e-12 0 4.47557e-12 0 4.52935e-12 0 4.58002e-12 0 4.63074e-12 0 4.67834e-12 0 4.7244e-12 0 4.76891e-12 0 4.81187e-12 0 4.85486e-12 0 4.8963e-12 0 4.93617e-12 0 4.97447e-12 0 5.0128e-12 0 5.04796e-12 0 5.08474e-12 0 5.11994e-12 0 5.15357e-12 0 5.18881e-12 0 5.22087e-12 0 5.25294e-12 0 5.28503e-12 0 5.31393e-12 0 5.34445e-12 0 5.37498e-12 0 5.40391e-12 0 5.43286e-12 0 5.4586e-12 0 5.48758e-12 0 5.51334e-12 0 5.54073e-12 0 5.56651e-12 0 5.5923e-12 0 5.61649e-12 0 5.64231e-12 0 5.66813e-12 0 5.69073e-12 0 5.71495e-12 0 5.73918e-12 0 5.7618e-12 0 5.78443e-12 0 5.80707e-12 0
610.839 3.79208e-13 3.79207e-13 9.22516e-19 2.43274e-06 5.76668e-05 1.34333e-14 0 8.82014e-14 0 3.42612e-13 0 6.98947e-13 0 9.09664e-13 0 1.05044e-12 0 1.15873e-12 0 1.24767e-12 0 1.55296e-12 0 1.90497e-12 0 2.13445e-12 0 2.30784e-12 0 2.44946e-12 0 2.56888e-12 0 2.67379e-12 0 2.76628e-12 0 2.85089e-12 0 2.92752e-12 0 2.99727e-12 0 3.06363e-12 0 3.12419e-12 0 3.1825e-12 0 3.23614e-12 0 3.28748e-12 0 3.3353e-12 0 3.3832e-12 0 3.42636e-12 0 3.46957e-12 0 3.51042e-12 0 3.54891e-12 0 3.58744e-12 0 3.6236e-12 0 3.65858e-12 0 3.69238e-12 0 3.725e-12 0 3.75764e-12 0 3.7891e-12 0 3.81937e-12 0 3.84844e-12 0 3.87754e-12 0 3.90422e-12 0 3.93214e-12 0 3.95885e-12 0 3.98437e-12 0 4.01111e-12 0 4.03544e-12 0 4.05978e-12 0 4.08412e-12 0 4.10605e-12 0 4.1292e-12 0 4.15236e-12 0 4.17431e-12 0 4.19627e-12 0 4.2158e-12 0 4.23777e-12 0 4.25731e-12 0 4.27808e-12 0 4.29764e-12 0 4.3172e-12 0 4.33554e-12 0 4.35512e-12 0 4.3747e-12 0 4.39184e-12 0 4.4102e-12 0 4.42858e-12 0 4.44573e-12 0 4.46289e-12 0 4.48005e-12 0
642.193 3.49858e-13 3.49857e-13 7.55055e-19 2.15818e-06 5.38859e-05 1.29337e-14 0 7.77397e-14 0 2.84902e-13 0 5.6593e-13 0 7.30044e-13 0 8.39163e-13 0 9.22887e-13 0 9.91527e-13 0 1.22646e-12 0 1.49638e-12 0 1.67193e-12 0 1.80439e-12 0 1.91249e-12 0 2.00359e-12 0 2.08357e-12 0 2.15407e-12 0 2.21853e-12 0 2.27689e-12 0 2.33e-12 0 2.38052e-12 0 2.42661e-12 0 2.47098e-12 0 2.51179e-12 0 2.55085e-12 0 2.58723e-12 0 2.62365e-12 0 2.65647e-12 0 2.68933e-12 0 2.72039e-12 0 2.74965e-12 0 2.77894e-12 0 2.80641e-12 0 2.833e-12 0 2.85869e-12 0 2.88347e-12 0 2.90828e-12 0 2.93218e-12 0 2.95517e-12 0 2.97726e-12 0 2.99936e-12 0 3.01963e-12 0 3.04084e-12 0 3.06113e-12 0 3.08051e-12 0 3.10082e-12 0 3.11929e-12 0 3.13777e-12 0 3.15626e-12 0 3.17291e-12 0 3.19048e-12 0 3.20807e-12 0 3.22473e-12 0 3.24141e-12 0 3.25623e-12 0 3.27291e-12 0 3.28775e-12 0 3.30351e-12 0 3.31835e-12 0 3.3332e-12 0 3.34713e-12 0 3.36198e-12 0 3.37684e-12 0 3.38985e-12 0 3.40379e-12 0 3.41773e-12 0 3.43075e-12 0 3.44377e-12 0 3.45679e-12 0
675.157 3.22298e-13 3.22298e-13 6.18086e-19 1.91775e-06 5.03734e-05 1.22609e-14 0 6.77895e-14 0 2.35202e-13 0 4.55671e-13 0 5.82943e-13 0 6.672e-13 0 7.31694e-13 0 7.84482e-13 0 9.64696e-13 0 1.17106e-12 0 1.30499e-12 0 1.40593e-12 0 1.48824e-12 0 1.55756e-12 0 1.6184e-12 0 1.672e-12 0 1.721e-12 0 1.76535e-12 0 1.80569e-12 0 1.84406e-12 0 1.87907e-12 0 1.91276e-12 0 1.94374e-12 0 1.97339e-12 0 2.001e-12 0 2.02864e-12 0 2.05354e-12 0 2.07847e-12 0 2.10204e-12 0 2.12423e-12 0 2.14645e-12 0 2.16729e-12 0 2.18745e-12 0 2.20693e-12 0 2.22573e-12 0 2.24454e-12 0 2.26266e-12 0 2.28009e-12 0 2.29684e-12 0 2.31359e-12 0 2.32896e-12 0 2.34503e-12 0 2.36041e-12 0 2.3751e-12 0 2.39049e-12 0 2.40449e-12 0 2.4185e-12 0 2.43251e-12 0 2.44512e-12 0 2.45844e-12 0 2.47177e-12 0 2.4844e-12 0 2.49703e-12 0 2.50826e-12 0 2.5209e-12 0 2.53214e-12 0 2.54408e-12 0 2.55533e-12 0 2.56657e-12 0 2.57712e-12 0 2.58837e-12 0 2.59963e-12 0 2.60948e-12 0 2.62004e-12 0 2.6306e-12 0 2.64046e-12 0 2.65032e-12 0 2.66018e-12 0
709.813 2.94738e-13 2.94738e-13 5.06073e-19 1.71703e-06 4.74153e-05 1.13857e-14 0 5.81735e-14 0 1.91714e-13 0 3.62812e-13 0 4.60543e-13 0 5.24988e-13 0 5.74208e-13 0 6.14437e-13 0 7.51446e-13 0 9.07871e-13 0 1.00919e-12 0 1.08547e-12 0 1.14763e-12 0 1.19995e-12 0 1.24585e-12 0 1.28627e-12 0 1.32322e-12 0 1.35665e-12 0 1.38705e-12 0 1.41597e-12 0 1.44234e-12 0 1.46771e-12 0 1.49105e-12 0 1.51337e-12 0 1.53416e-12 0 1.55498e-12 0 1.57372e-12 0 1.59249e-12 0 1.61022e-12 0 1.62693e-12 0 1.64365e-12 0 1.65933e-12 0 1.6745e-12 0 1.68916e-12 0 1.7033e-12 0 1.71745e-12 0 1.73108e-12 0 1.7442e-12 0 1.7568e-12 0 1.7694e-12 0 1.78096e-12 0 1.79304e-12 0 1.80461e-12 0 1.81566e-12 0 1.82723e-12 0 1.83776e-12 0 1.84829e-12 0 1.85883e-12 0 1.86831e-12 0 1.87832e-12 0 1.88834e-12 0 1.89784e-12 0 1.90733e-12 0 1.91578e-12 0 1.92528e-12 0 1.93373e-12 0 1.9427e-12 0 1.95116e-12 0 1.95961e-12 0 1.96754e-12 0 1.976e-12 0 1.98446e-12 0 1.99186e-12 0 1.9998e-12 0 2.00774e-12 0 2.01515e-12 0 2.02256e-12 0 2.02997e-12 0
746.248 2.68123e-13 2.68123e-13 4.14302e-19 1.54519e-06 4.48218e-05 1.0386e-14 0 4.92559e-14 0 1.54664e-13 0 2.86329e-13 0 3.6081e-13 0 4.09746e-13 0 4.47047e-13 0 4.77493e-13 0 5.80962e-13 0 6.98772e-13 0 7.74944e-13 0 8.32237e-13 0 8.78893e-13 0 9.18145e-13 0 9.52568e-13 0 9.82874e-13 0 1.01056e-12 0 1.03561e-12 0 1.0584e-12 0 1.08005e-12 0 1.09981e-12 0 1.11881e-12 0 1.13628e-12 0 1.153e-12 0 1.16856e-12 0 1.18414e-12 0 1.19817e-12 0 1.21221e-12 0 1.22549e-12 0 1.23799e-12 0 1.2505e-12 0 1.26223e-12 0 1.27358e-12 0 1.28455e-12 0 1.29512e-12 0 1.30571e-12 0 1.31591e-12 0 1.32572e-12 0 1.33514e-12 0 1.34456e-12 0 1.3532e-12 0 1.36224e-12 0 1.37089e-12 0 1.37915e-12 0 1.38781e-12 0 1.39568e-12 0 1.40356e-12 0 1.41143e-12 0 1.41852e-12 0 1.42601e-12 0 1.4335e-12 0 1.4406e-12 0 1.4477e-12 0 1.45401e-12 0 1.46111e-12 0 1.46742e-12 0 1.47414e-12 0 1.48045e-12 0 1.48677e-12 0 1.4927e-12 0 1.49902e-12 0 1.50534e-12 0 1.51088e-12 0 1.51681e-12 0 1.52274e-12 0 1.52828e-12 0 1.53382e-12 0 1.53936e-12 0
784.553 2.43416e-13 2.43416e-13 3.39109e-19 1.39312e-06 4.23751e-05 9.34294e-15 0 4.13017e-14 0 1.23929e-13 0 2.24748e-13 0 2.81275e-13 0 3.18292e-13 0 3.46457e-13 0 3.69418e-13 0 4.47296e-13 0 5.35751e-13 0 5.9285e-13 0 6.35759e-13 0 6.70681e-13 0 7.00049e-13 0 7.25794e-13 0 7.48454e-13 0 7.69153e-13 0 7.87876e-13 0 8.04899e-13 0 8.2108e-13 0 8.35836e-13 0 8.5003e-13 0 8.6308e-13 0 8.75562e-13 0 8.87183e-13 0 8.98814e-13 0 9.09291e-13 0 9.19774e-13 0 9.29682e-13 0 9.39014e-13 0 9.4835e-13 0 9.57108e-13 0 9.65579e-13 0 9.73762e-13 0 9.81656e-13 0 9.89553e-13 0 9.97162e-13 0 1.00448e-12 0 1.01151e-12 0 1.01854e-12 0 1.02499e-12 0 1.03173e-12 0 1.03819e-12 0 1.04435e-12 0 1.0508e-12 0 1.05668e-12 0 1.06255e-12 0 1.06842e-12 0 1.07371e-12 0 1.0793e-12 0 1.08488e-12 0 1.09017e-12 0 1.09547e-12 0 1.10018e-12 0 1.10547e-12 0 1.11018e-12 0 1.11519e-12 0 1.1199e-12 0 1.12461e-12 0 1.12903e-12 0 1.13374e-12 0 1.13846e-12 0 1.14258e-12 0 1.147e-12 0 1.15143e-12 0 1.15555e-12 0 1.15968e-12 0 1.16381e-12 0
824.824 2.21489e-13 2.21489e-13 2.77533e-19 1.25303e-06 3.98805e-05 8.32947e-15 0 3.44608e-14 0 9.90866e-14 0 1.76254e-13 0 2.19169e-13 0 2.47188e-13 0 2.68472e-13 0 2.85804e-13 0 3.44485e-13 0 4.10985e-13 0 4.5385e-13 0 4.86037e-13 0 5.12218e-13 0 5.34226e-13 0 5.53514e-13 0 5.70486e-13 0 5.85985e-13 0 6.00003e-13 0 6.12745e-13 0 6.24856e-13 0 6.35899e-13 0 6.46521e-13 0 6.56284e-13 0 6.65623e-13 0 6.74316e-13 0 6.83017e-13 0 6.90852e-13 0 6.98693e-13 0 7.06103e-13 0 7.13081e-13 0 7.20063e-13 0 7.26612e-13 0 7.32945e-13 0 7.39063e-13 0 7.44965e-13 0 7.50869e-13 0 7.56557e-13 0 7.62028e-13 0 7.67283e-13 0 7.72539e-13 0 7.77358e-13 0 7.82399e-13 0 7.87221e-13 0 7.91826e-13 0 7.96651e-13 0 8.01039e-13 0 8.05428e-13 0 8.09819e-13 0 8.13771e-13 0 8.17944e-13 0 8.22117e-13 0 8.26072e-13 0 8.30028e-13 0 8.33545e-13 0 8.37503e-13 0 8.41021e-13 0 8.4476e-13 0 8.4828e-13 0 8.518e-13 0 8.55101e-13 0 8.58623e-13 0 8.62145e-13 0 8.65228e-13 0 8.68531e-13 0 8.71835e-13 0 8.74919e-13 0 8.78003e-13 0 8.81088e-13 0
867.163 2.02508e-13 2.02508e-13 2.27183e-19 1.12185e-06 3.72963e-05 7.38275e-15 0 2.86956e-14 0 7.92732e-14 0 1.38476e-13 0 1.71157e-13 0 1.92436e-13 0 2.08575e-13 0 2.21704e-13 0 2.66085e-13 0 3.16277e-13 0 3.48587e-13 0 3.7283e-13 0 3.92541e-13 0 4.09103e-13 0 4.23615e-13 0 4.36381e-13 0 4.48038e-13 0 4.58578e-13 0 4.68158e-13 0 4.77262e-13 0 4.85562e-13 0 4.93544e-13 0 5.00882e-13 0 5.07899e-13 0 5.14431e-13 0 5.20968e-13 0 5.26854e-13 0 5.32744e-13 0 5.38311e-13 0 5.43552e-13 0 5.48796e-13 0 5.53714e-13 0 5.58471e-13 0 5.63065e-13 0 5.67497e-13 0 5.71931e-13 0 5.76202e-13 0 5.8031e-13 0 5.84256e-13 0 5.88202e-13 0 5.91821e-13 0 5.95605e-13 0 5.99225e-13 0 6.02682e-13 0 6.06305e-13 0 6.09599e-13 0 6.12894e-13 0 6.16189e-13 0 6.19156e-13 0 6.22288e-13 0 6.25421e-13 0 6.2839e-13 0 6.31359e-13 0 6.33998e-13 0 6.36969e-13 0 6.39609e-13 0 6.42416e-13 0 6.45057e-13 0 6.47699e-13 0 6.50177e-13 0 6.5282e-13 0 6.55463e-13 0 6.57776e-13 0 6.60255e-13 0 6.62734e-13 0 6.65048e-13 0 6.67363e-13 0 6.69678e-13 0
911.674 1.86091e-13 1.86091e-13 1.85954e-19 9.99259e-07 3.46757e-05 6.51105e-15 0 2.3863e-14 0 6.34937e-14 0 1.09042e-13 0 1.34015e-13 0 1.50234e-13 0 1.6252e-13 0 1.72505e-13 0 2.06207e-13 0 2.44252e-13 0 2.68713e-13 0 2.87055e-13 0 3.0196e-13 0 3.14482e-13 0 3.25449e-13 0 3.35096e-13 0 3.43902e-13 0 3.51864e-13 0 3.591e-13 0 3.65976e-13 0 3.72243e-13 0 3.78271e-13 0 3.8381e-13 0 3.89108e-13 0 3.94039e-13 0 3.98973e-13 0 4.03416e-13 0 4.07862e-13 0 4.12063e-13 0 4.16018e-13 0 4.19975e-13 0 4.23687e-13 0 4.27276e-13 0 4.30743e-13 0 4.34087e-13 0 4.37432e-13 0 4.40654e-13 0 4.43754e-13 0 4.4673e-13 0 4.49707e-13 0 4.52437e-13 0 4.55292e-13 0 4.58023e-13 0 4.6063e-13 0 4.63363e-13 0 4.65848e-13 0 4.68333e-13 0 4.70818e-13 0 4.73056e-13 0 4.75418e-13 0 4.77781e-13 0 4.8002e-13 0 4.82259e-13 0 4.8425e-13 0 4.8649e-13 0 4.88481e-13 0 4.90598e-13 0 4.9259e-13 0 4.94582e-13 0 4.9645e-13 0 4.98443e-13 0 5.00436e-13 0 5.02181e-13 0 5.0405e-13 0 5.05919e-13 0 5.07664e-13 0 5.09409e-13 0 5.11155e-13 0
958.471 1.73223e-13 1.73223e-13 1.5551e-19 8.97744e-07 3.15798e-05 5.76191e-15 0 1.99814e-14 0 5.13256e-14 0 8.675e-14 0 1.06052e-13 0 1.1856e-13 0 1.28023e-13 0 1.35707e-13 0 1.61609e-13 0 1.90799e-13 0 2.09546e-13 0 2.23596e-13 0 2.35008e-13 0 2.44592e-13 0 2.52985e-13 0 2.60366e-13 0 2.67103e-13 0 2.73193e-13 0 2.78727e-13 0 2.83984e-13 0 2.88777e-13 0 2.93385e-13 0 2.97621e-13 0 3.0167e-13 0 3.0544e-13 0 3.09211e-13 0 3.12607e-13 0 3.16005e-13 0 3.19215e-13 0 3.22238e-13 0 3.25262e-13 0 3.28099e-13 0 3.30841e-13 0 3.3349e-13 0 3.36045e-13 0 3.38601e-13 0 3.41063e-13 0 3.43431e-13 0 3.45705e-13 0 3.4798e-13 0 3.50065e-13 0 3.52246e-13 0 3.54332e-13 0 3.56324e-13 0 3.58411e-13 0 3.60309e-13 0 3.62207e-13 0 3.64106e-13 0 3.65815e-13 0 3.67619e-13 0 3.69424e-13 0 3.71134e-13 0 3.72844e-13 0 3.74365e-13 0 3.76076e-13 0 3.77596e-13 0 3.79213e-13 0 3.80734e-13 0 3.82256e-13 0 3.83682e-13 0 3.85204e-13 0 3.86726e-13 0 3.88058e-13 0 3.89486e-13 0 3.90913e-13 0 3.92246e-13 0 3.93578e-13 0 3.94911e-13 0
1007.67 1.56721e-13 1.56721e-13 1.40695e-19 8.97744e-07 2.85714e-05 4.91186e-15 0 1.61705e-14 0 4.01869e-14 0 6.69147e-14 0 8.13963e-14 0 9.07611e-14 0 9.78375e-14 0 1.0358e-13 0 1.22913e-13 0 1.44667e-13 0 1.58624e-13 0 1.69079e-13 0 1.77568e-13 0 1.84695e-13 0 1.90935e-13 0 1.96421e-13 0 2.01428e-13 0 2.05954e-13 0 2.10066e-13 0 2.13973e-13 0 2.17533e-13 0 2.20957e-13 0 2.24103e-13 0 2.27111e-13 0 2.29911e-13 0 2.32712e-13 0 2.35234e-13 0 2.37757e-13 0 2.40141e-13 0 2.42386e-13 0 2.44632e-13 0 2.46738e-13 0 2.48774e-13 0 2.50741e-13 0 2.52638e-13 0 2.54535e-13 0 2.56363e-13 0 2.58121e-13 0 2.59809e-13 0 2.61498e-13 0 2.63046e-13 0 2.64664e-13 0 2.66213e-13 0 2.67692e-13 0 2.69241e-13 0 2.7065e-13 0 2.72059e-13 0 2.73468e-13 0 2.74736e-13 0 2.76076e-13 0 2.77415e-13 0 2.78684e-13 0 2.79953e-13 0 2.81082e-13 0 2.82351e-13 0 2.8348e-13 0 2.8468e-13 0 2.85809e-13 0 2.86938e-13 0 2.87996e-13 0 2.89126e-13 0 2.90255e-13 0 2.91244e-13 0 2.92303e-13 0 2.93362e-13 0 2.94351e-13 0 2.9534e-13 0 2.96329e-13 0
1059.39 1.41791e-13 1.41791e-13 1.27292e-19 8.97744e-07 2.58495e-05 4.15214e-15 0 1.30174e-14 0 3.13639e-14 0 5.14956e-14 0 6.23473e-14 0 6.93516e-14 0 7.46388e-14 0 7.89264e-14 0 9.33456e-14 0 1.09548e-13 0 1.19935e-13 0 1.2771e-13 0 1.34022e-13 0 1.3932e-13 0 1.43957e-13 0 1.48034e-13 0 1.51755e-13 0 1.55117e-13 0 1.58171e-13 0 1.61073e-13 0 1.63718e-13 0 1.6626e-13 0 1.68596e-13 0 1.7083e-13 0 1.72909e-13 0 1.74989e-13 0 1.76861e-13 0 1.78735e-13 0 1.80505e-13 0 1.82171e-13 0 1.83838e-13 0 1.85402e-13 0 1.86913e-13 0 1.88373e-13 0 1.89781e-13 0 1.9119e-13 0 1.92546e-13 0 1.93851e-13 0 1.95104e-13 0 1.96357e-13 0 1.97506e-13 0 1.98707e-13 0 1.99857e-13 0 2.00954e-13 0 2.02104e-13 0 2.03149e-13 0 2.04195e-13 0 2.0524e-13 0 2.06182e-13 0 2.07175e-13 0 2.08169e-13 0 2.09111e-13 0 2.10053e-13 0 2.1089e-13 0 2.11832e-13 0 2.1267e-13 0 2.1356e-13 0 2.14397e-13 0 2.15235e-13 0 2.16021e-13 0 2.16859e-13 0 2.17697e-13 0 2.1843e-13 0 2.19216e-13 0 2.20002e-13 0 2.20735e-13 0 2.21469e-13 0 2.22203e-13 0
1113.77 1.28284e-13 1.28283e-13 1.15166e-19 8.97744e-07 2.3387e-05 3.48225e-15 0 1.04274e-14 0 2.4404e-14 0 3.95439e-14 0 4.76666e-14 0 5.29005e-14 0 5.68477e-14 0 6.00466e-14 0 7.07938e-14 0 8.28552e-14 0 9.05805e-14 0 9.63613e-14 0 1.01053e-13 0 1.04989e-13 0 1.08435e-13 0 1.11463e-13 0 1.14227e-13 0 1.16724e-13 0 1.18992e-13 0 1.21147e-13 0 1.2311e-13 0 1.24998e-13 0 1.26733e-13 0 1.28391e-13 0 1.29934e-13 0 1.31478e-13 0 1.32868e-13 0 1.34259e-13 0 1.35573e-13 0 1.36809e-13 0 1.38047e-13 0 1.39207e-13 0 1.40329e-13 0 1.41412e-13 0 1.42457e-13 0 1.43502e-13 0 1.44509e-13 0 1.45477e-13 0 1.46407e-13 0 1.47337e-13 0 1.48189e-13 0 1.49081e-13 0 1.49934e-13 0 1.50748e-13 0 1.51601e-13 0 1.52376e-13 0 1.53152e-13 0 1.53928e-13 0 1.54626e-13 0 1.55364e-13 0 1.56101e-13 0 1.568e-13 0 1.57498e-13 0 1.5812e-13 0 1.58818e-13 0 1.5944e-13 0 1.601e-13 0 1.60721e-13 0 1.61343e-13 0 1.61925e-13 0 1.62547e-13 0 1.63169e-13 0 1.63713e-13 0 1.64296e-13 0 1.64879e-13 0 1.65423e-13 0 1.65967e-13 0 1.66511e-13 0
1170.94 1.16063e-13 1.16063e-13 1.04195e-19 8.97744e-07 2.1159e-05 2.89876e-15 0 8.31388e-15 0 1.89347e-14 0 3.03042e-14 0 3.63782e-14 0 4.02859e-14 0 4.32305e-14 0 4.56154e-14 0 5.36209e-14 0 6.25951e-14 0 6.83388e-14 0 7.26351e-14 0 7.61206e-14 0 7.9045e-14 0 8.16042e-14 0 8.38532e-14 0 8.59051e-14 0 8.77591e-14 0 8.94433e-14 0 9.10428e-14 0 9.25005e-14 0 9.39017e-14 0 9.51891e-14 0 9.64199e-14 0 9.75653e-14 0 9.87111e-14 0 9.97427e-14 0 1.00775e-13 0 1.0175e-13 0 1.02667e-13 0 1.03585e-13 0 1.04446e-13 0 1.05279e-13 0 1.06083e-13 0 1.06858e-13 0 1.07633e-13 0 1.0838e-13 0 1.09099e-13 0 1.09788e-13 0 1.10478e-13 0 1.11111e-13 0 1.11772e-13 0 1.12405e-13 0 1.13009e-13 0 1.13641e-13 0 1.14217e-13 0 1.14792e-13 0 1.15368e-13 0 1.15886e-13 0 1.16433e-13 0 1.1698e-13 0 1.17498e-13 0 1.18016e-13 0 1.18477e-13 0 1.18995e-13 0 1.19456e-13 0 1.19946e-13 0 1.20407e-13 0 1.20868e-13 0 1.213e-13 0 1.21761e-13 0 1.22222e-13 0 1.22626e-13 0 1.23058e-13 0 1.2349e-13 0 1.23894e-13 0 1.24297e-13 0 1.24701e-13 0
1231.05 1.05006e-13 1.05006e-13 9.42686e-20 8.97744e-07 1.91433e-05 2.39621e-15 0 6.59995e-15 0 1.4652e-14 0 2.31792e-14 0 2.7717e-14 0 3.06324e-14 0 3.28275e-14 0 3.46045e-14 0 4.05645e-14 0 4.72387e-14 0 5.15075e-14 0 5.46994e-14 0 5.72884e-14 0 5.94601e-14 0 6.13603e-14 0 6.30301e-14 0 6.45534e-14 0 6.59296e-14 0 6.71797e-14 0 6.83669e-14 0 6.94487e-14 0 7.04886e-14 0 7.1444e-14 0 7.23573e-14 0 7.32072e-14 0 7.40574e-14 0 7.48228e-14 0 7.55885e-14 0 7.63118e-14 0 7.69927e-14 0 7.76738e-14 0 7.83125e-14 0 7.893e-14 0 7.95264e-14 0 8.01016e-14 0 8.06768e-14 0 8.12309e-14 0 8.17638e-14 0 8.22754e-14 0 8.27871e-14 0 8.32562e-14 0 8.37467e-14 0 8.4216e-14 0 8.4664e-14 0 8.51333e-14 0 8.55601e-14 0 8.59869e-14 0 8.64138e-14 0 8.6798e-14 0 8.72036e-14 0 8.76092e-14 0 8.79936e-14 0 8.8378e-14 0 8.87197e-14 0 8.91041e-14 0 8.94459e-14 0 8.9809e-14 0 9.01508e-14 0 9.04927e-14 0 9.08132e-14 0 9.11551e-14 0 9.1497e-14 0 9.17962e-14 0 9.21169e-14 0 9.24375e-14 0 9.27368e-14 0 9.30361e-14 0 9.33354e-14 0
1294.24 9.50027e-14 9.50026e-14 8.52881e-20 8.97744e-07 1.73197e-05 1.96778e-15 0 5.21795e-15 0 1.13096e-14 0 1.76975e-14 0 2.10849e-14 0 2.32584e-14 0 2.48938e-14 0 2.62171e-14 0 3.06519e-14 0 3.56136e-14 0 3.87852e-14 0 4.11559e-14 0 4.30783e-14 0 4.46907e-14 0 4.61013e-14 0 4.73407e-14 0 4.84713e-14 0 4.94926e-14 0 5.04203e-14 0 5.13013e-14 0 5.2104e-14 0 5.28755e-14 0 5.35844e-14 0 5.4262e-14 0 5.48925e-14 0 5.55233e-14 0 5.60911e-14 0 5.66591e-14 0 5.71956e-14 0 5.77007e-14 0 5.82059e-14 0 5.86797e-14 0 5.91377e-14 0 5.95801e-14 0 6.00067e-14 0 6.04333e-14 0 6.08443e-14 0 6.12395e-14 0 6.16189e-14 0 6.19984e-14 0 6.23463e-14 0 6.27101e-14 0 6.30581e-14 0 6.33904e-14 0 6.37385e-14 0 6.40549e-14 0 6.43715e-14 0 6.4688e-14 0 6.49729e-14 0 6.52737e-14 0 6.55745e-14 0 6.58595e-14 0 6.61446e-14 0 6.63979e-14 0 6.6683e-14 0 6.69364e-14 0 6.72057e-14 0 6.74592e-14 0 6.77127e-14 0 6.79503e-14 0 6.82038e-14 0 6.84574e-14 0 6.86792e-14 0 6.8917e-14 0 6.91547e-14 0 6.93766e-14 0 6.95985e-14 0 6.98204e-14 0
1360.67 8.59524e-14 8.59523e-14 7.71633e-20 8.97744e-07 1.56697e-05 1.60599e-15 0 4.10956e-15 0 8.70917e-15 0 1.34894e-14 0 1.60162e-14 0 1.76356e-14 0 1.88532e-14 0 1.98381e-14 0 2.31367e-14 0 2.6824e-14 0 2.91797e-14 0 3.09399e-14 0 3.23671e-14 0 3.35639e-14 0 3.46108e-14 0 3.55305e-14 0 3.63694e-14 0 3.71273e-14 0 3.78156e-14 0 3.84692e-14 0 3.90647e-14 0 3.9637e-14 0 4.01629e-14 0 4.06655e-14 0 4.11332e-14 0 4.16011e-14 0 4.20222e-14 0 4.24435e-14 0 4.28415e-14 0 4.32161e-14 0 4.35908e-14 0 4.39422e-14 0 4.42818e-14 0 4.46099e-14 0 4.49263e-14 0 4.52427e-14 0 4.55474e-14 0 4.58405e-14 0 4.61219e-14 0 4.64033e-14 0 4.66613e-14 0 4.6931e-14 0 4.71891e-14 0 4.74354e-14 0 4.76936e-14 0 4.79282e-14 0 4.81629e-14 0 4.83976e-14 0 4.86089e-14 0 4.88319e-14 0 4.9055e-14 0 4.92663e-14 0 4.94776e-14 0 4.96655e-14 0 4.98768e-14 0 5.00647e-14 0 5.02644e-14 0 5.04523e-14 0 5.06402e-14 0 5.08164e-14 0 5.10044e-14 0 5.11924e-14 0 5.13569e-14 0 5.15331e-14 0 5.17094e-14 0 5.18739e-14 0 5.20384e-14 0 5.22029e-14 0
1430.51 7.77642e-14 7.77641e-14 6.98123e-20 8.97744e-07 1.4177e-05 1.30314e-15 0 3.22498e-15 0 6.69189e-15 0 1.02656e-14 0 1.21491e-14 0 1.33549e-14 0 1.42611e-14 0 1.49938e-14 0 1.74462e-14 0 2.01855e-14 0 2.19347e-14 0 2.32413e-14 0 2.43006e-14 0 2.51887e-14 0 2.59655e-14 0 2.66479e-14 0 2.72703e-14 0 2.78325e-14 0 2.83431e-14 0 2.88279e-14 0 2.92696e-14 0 2.96942e-14 0 3.00842e-14 0 3.0457e-14 0 3.08039e-14 0 3.11508e-14 0 3.14632e-14 0 3.17756e-14 0 3.20707e-14 0 3.23485e-14 0 3.26264e-14 0 3.28869e-14 0 3.31388e-14 0 3.33821e-14 0 3.36167e-14 0 3.38513e-14 0 3.40772e-14 0 3.42945e-14 0 3.45032e-14 0 3.47118e-14 0 3.49031e-14 0 3.51031e-14 0 3.52945e-14 0 3.54771e-14 0 3.56685e-14 0 3.58425e-14 0 3.60165e-14 0 3.61905e-14 0 3.63471e-14 0 3.65124e-14 0 3.66778e-14 0 3.68345e-14 0 3.69911e-14 0 3.71304e-14 0 3.72871e-14 0 3.74264e-14 0 3.75744e-14 0 3.77137e-14 0 3.7853e-14 0 3.79837e-14 0 3.8123e-14 0 3.82624e-14 0 3.83843e-14 0 3.85149e-14 0 3.86456e-14 0 3.87676e-14 0 3.88895e-14 0 3.90115e-14 0
1503.94 7.0356e-14 7.0356e-14 6.31617e-20 8.97744e-07 1.28264e-05 1.05165e-15 0 2.5223e-15 0 5.13124e-15 0 7.80056e-15 0 9.2037e-15 0 1.01012e-14 0 1.07753e-14 0 1.13201e-14 0 1.31427e-14 0 1.51771e-14 0 1.64756e-14 0 1.74454e-14 0 1.82314e-14 0 1.88903e-14 0 1.94666e-14 0 1.99729e-14 0 2.04345e-14 0 2.08515e-14 0 2.12302e-14 0 2.15898e-14 0 2.19174e-14 0 2.22323e-14 0 2.25215e-14 0 2.27979e-14 0 2.30552e-14 0 2.33125e-14 0 2.35441e-14 0 2.37757e-14 0 2.39945e-14 0 2.42005e-14 0 2.44065e-14 0 2.45997e-14 0 2.47865e-14 0 2.49668e-14 0 2.51408e-14 0 2.53147e-14 0 2.54822e-14 0 2.56433e-14 0 2.5798e-14 0 2.59527e-14 0 2.60945e-14 0 2.62428e-14 0 2.63846e-14 0 2.65201e-14 0 2.66619e-14 0 2.67909e-14 0 2.69199e-14 0 2.70489e-14 0 2.7165e-14 0 2.72876e-14 0 2.74101e-14 0 2.75263e-14 0 2.76424e-14 0 2.77457e-14 0 2.78618e-14 0 2.79651e-14 0 2.80748e-14 0 2.81781e-14 0 2.82813e-14 0 2.83782e-14 0 2.84814e-14 0 2.85847e-14 0 2.86751e-14 0 2.8772e-14 0 2.88688e-14 0 2.89592e-14 0 2.90496e-14 0 2.914e-14 0
1581.14 6.36536e-14 6.36535e-14 5.71447e-20 8.97744e-07 1.16045e-05 8.4437e-16 0 1.96649e-15 0 3.92689e-15 0 5.91911e-15 0 6.96381e-15 0 7.63142e-15 0 8.13266e-15 0 8.53764e-15 0 9.89175e-15 0 1.14023e-14 0 1.2366e-14 0 1.30855e-14 0 1.36687e-14 0 1.41575e-14 0 1.4585e-14 0 1.49605e-14 0 1.53029e-14 0 1.56121e-14 0 1.58929e-14 0 1.61596e-14 0 1.64025e-14 0 1.6636e-14 0 1.68504e-14 0 1.70554e-14 0 1.72461e-14 0 1.74369e-14 0 1.76086e-14 0 1.77804e-14 0 1.79426e-14 0 1.80953e-14 0 1.82481e-14 0 1.83913e-14 0 1.85297e-14 0 1.86634e-14 0 1.87924e-14 0 1.89213e-14 0 1.90455e-14 0 1.91649e-14 0 1.92796e-14 0 1.93943e-14 0 1.94994e-14 0 1.96093e-14 0 1.97145e-14 0 1.98148e-14 0 1.992e-14 0 2.00156e-14 0 2.01112e-14 0 2.02068e-14 0 2.02929e-14 0 2.03838e-14 0 2.04746e-14 0 2.05607e-14 0 2.06468e-14 0 2.07233e-14 0 2.08094e-14 0 2.08859e-14 0 2.09673e-14 0 2.10438e-14 0 2.11203e-14 0 2.11921e-14 0 2.12687e-14 0 2.13452e-14 0 2.14122e-14 0 2.1484e-14 0 2.15558e-14 0 2.16228e-14 0 2.16898e-14 0 2.17568e-14 0
1662.3 5.75897e-14 5.75897e-14 5.17008e-20 8.97744e-07 1.0499e-05 6.74702e-16 0 1.52862e-15 0 2.99973e-15 0 4.48552e-15 0 5.26295e-15 0 5.75939e-15 0 6.13194e-15 0 6.43287e-15 0 7.4386e-15 0 8.55985e-15 0 9.27494e-15 0 9.80878e-15 0 1.02413e-14 0 1.06039e-14 0 1.09209e-14 0 1.11994e-14 0 1.14533e-14 0 1.16826e-14 0 1.18908e-14 0 1.20886e-14 0 1.22687e-14 0 1.24418e-14 0 1.26008e-14 0 1.27527e-14 0 1.28941e-14 0 1.30356e-14 0 1.31629e-14 0 1.32902e-14 0 1.34105e-14 0 1.35237e-14 0 1.36369e-14 0 1.37431e-14 0 1.38457e-14 0 1.39448e-14 0 1.40404e-14 0 1.4136e-14 0 1.4228e-14 0 1.43165e-14 0 1.44015e-14 0 1.44865e-14 0 1.45644e-14 0 1.46459e-14 0 1.47238e-14 0 1.47982e-14 0 1.48762e-14 0 1.49471e-14 0 1.50179e-14 0 1.50888e-14 0 1.51526e-14 0 1.52199e-14 0 1.52873e-14 0 1.53511e-14 0 1.54149e-14 0 1.54716e-14 0 1.55354e-14 0 1.55921e-14 0 1.56524e-14 0 1.57091e-14 0 1.57658e-14 0 1.5819e-14 0 1.58758e-14 0 1.59325e-14 0 1.59821e-14 0 1.60353e-14 0 1.60885e-14 0 1.61382e-14 0 1.61879e-14 0 1.62375e-14 0
1747.63 5.21034e-14 5.21034e-14 4.67756e-20 8.97744e-07 9.49882e-06 5.36708e-16 0 1.18494e-15 0 2.28754e-15 0 3.3949e-15 0 3.97318e-15 0 4.34218e-15 0 4.61899e-15 0 4.84253e-15 0 5.5893e-15 0 6.42142e-15 0 6.95193e-15 0 7.34791e-15 0 7.66871e-15 0 7.93758e-15 0 8.17268e-15 0 8.37915e-15 0 8.56741e-15 0 8.73744e-15 0 8.89183e-15 0 9.03841e-15 0 9.17194e-15 0 9.30026e-15 0 9.41813e-15 0 9.53079e-15 0 9.6356e-15 0 9.74044e-15 0 9.8348e-15 0 9.92918e-15 0 1.00183e-14 0 1.01022e-14 0 1.01862e-14 0 1.02649e-14 0 1.03409e-14 0 1.04144e-14 0 1.04852e-14 0 1.05561e-14 0 1.06243e-14 0 1.06899e-14 0 1.07529e-14 0 1.08159e-14 0 1.08737e-14 0 1.0934e-14 0 1.09918e-14 0 1.10469e-14 0 1.11047e-14 0 1.11572e-14 0 1.12098e-14 0 1.12623e-14 0 1.13096e-14 0 1.13595e-14 0 1.14094e-14 0 1.14566e-14 0 1.15039e-14 0 1.1546e-14 0 1.15932e-14 0 1.16353e-14 0 1.168e-14 0 1.1722e-14 0 1.1764e-14 0 1.18034e-14 0 1.18455e-14 0 1.18875e-14 0 1.19243e-14 0 1.19638e-14 0 1.20032e-14 0 1.204e-14 0 1.20768e-14 0 1.21136e-14 0
1837.33 4.71399e-14 4.71398e-14 4.23195e-20 8.97744e-07 8.59393e-06 4.25141e-16 0 9.16142e-16 0 1.74162e-15 0 2.56645e-15 0 2.99641e-15 0 3.27059e-15 0 3.4762e-15 0 3.6422e-15 0 4.19656e-15 0 4.81398e-15 0 5.2075e-15 0 5.50117e-15 0 5.73906e-15 0 5.93843e-15 0 6.11274e-15 0 6.26582e-15 0 6.40539e-15 0 6.53144e-15 0 6.64589e-15 0 6.75455e-15 0 6.85354e-15 0 6.94866e-15 0 7.03603e-15 0 7.11954e-15 0 7.19723e-15 0 7.27493e-15 0 7.34488e-15 0 7.41483e-15 0 7.48091e-15 0 7.5431e-15 0 7.60531e-15 0 7.66363e-15 0 7.72001e-15 0 7.77445e-15 0 7.82696e-15 0 7.87946e-15 0 7.93003e-15 0 7.97866e-15 0 8.02534e-15 0 8.07203e-15 0 8.11483e-15 0 8.15958e-15 0 8.20238e-15 0 8.24324e-15 0 8.28605e-15 0 8.32497e-15 0 8.36389e-15 0 8.40282e-15 0 8.43785e-15 0 8.47483e-15 0 8.51182e-15 0 8.54686e-15 0 8.5819e-15 0 8.61305e-15 0 8.64809e-15 0 8.67924e-15 0 8.71234e-15 0 8.74349e-15 0 8.77465e-15 0 8.80386e-15 0 8.83501e-15 0 8.86617e-15 0 8.89343e-15 0 8.92265e-15 0 8.95186e-15 0 8.97913e-15 0 9.00639e-15 0 9.03366e-15 0
1931.64 4.26491e-14 4.26491e-14 3.8288e-20 8.97744e-07 7.77523e-06 3.35436e-16 0 7.06583e-16 0 1.32397e-15 0 1.93801e-15 0 2.25757e-15 0 2.46124e-15 0 2.61392e-15 0 2.73716e-15 0 3.14858e-15 0 3.60662e-15 0 3.89847e-15 0 4.11624e-15 0 4.29262e-15 0 4.44044e-15 0 4.56966e-15 0 4.68315e-15 0 4.78661e-15 0 4.88005e-15 0 4.96489e-15 0 5.04543e-15 0 5.1188e-15 0 5.1893e-15 0 5.25406e-15 0 5.31595e-15 0 5.37354e-15 0 5.43113e-15 0 5.48297e-15 0 5.53481e-15 0 5.58378e-15 0 5.62987e-15 0 5.67597e-15 0 5.71919e-15 0 5.76098e-15 0 5.80133e-15 0 5.84024e-15 0 5.87915e-15 0 5.91662e-15 0 5.95266e-15 0 5.98725e-15 0 6.02185e-15 0 6.05357e-15 0 6.08673e-15 0 6.11845e-15 0 6.14873e-15 0 6.18045e-15 0 6.20929e-15 0 6.23813e-15 0 6.26698e-15 0 6.29294e-15 0 6.32034e-15 0 6.34775e-15 0 6.37371e-15 0 6.39968e-15 0 6.42276e-15 0 6.44872e-15 0 6.47181e-15 0 6.49633e-15 0 6.51942e-15 0 6.5425e-15 0 6.56415e-15 0 6.58723e-15 0 6.61032e-15 0 6.63052e-15 0 6.65217e-15 0 6.67381e-15 0 6.69402e-15 0 6.71422e-15 0 6.73443e-15 0
2030.79 3.85862e-14 3.85862e-14 3.46405e-20 8.97744e-07 7.03453e-06 2.6368e-16 0 5.43708e-16 0 1.00503e-15 0 1.46193e-15 0 1.69937e-15 0 1.85061e-15 0 1.96396e-15 0 2.05543e-15 0 2.36071e-15 0 2.70045e-15 0 2.91687e-15 0 3.07833e-15 0 3.2091e-15 0 3.31868e-15 0 3.41448e-15 0 3.4986e-15 0 3.57529e-15 0 3.64455e-15 0 3.70743e-15 0 3.76712e-15 0 3.8215e-15 0 3.87375e-15 0 3.92175e-15 0 3.96762e-15 0 4.01029e-15 0 4.05297e-15 0 4.09139e-15 0 4.12981e-15 0 4.1661e-15 0 4.20026e-15 0 4.23442e-15 0 4.26645e-15 0 4.29741e-15 0 4.32731e-15 0 4.35615e-15 0 4.38498e-15 0 4.41275e-15 0 4.43945e-15 0 4.46509e-15 0 4.49073e-15 0 4.51423e-15 0 4.5388e-15 0 4.5623e-15 0 4.58474e-15 0 4.60825e-15 0 4.62962e-15 0 4.65099e-15 0 4.67236e-15 0 4.6916e-15 0 4.71191e-15 0 4.73221e-15 0 4.75145e-15 0 4.77069e-15 0 4.78779e-15 0 4.80703e-15 0 4.82413e-15 0 4.84231e-15 0 4.85941e-15 0 4.87652e-15 0 4.89255e-15 0 4.90966e-15 0 4.92677e-15 0 4.94173e-15 0 4.95777e-15 0 4.97381e-15 0 4.98878e-15 0 5.00375e-15 0 5.01872e-15 0
2135.03 3.49103e-14 3.49103e-14 3.13405e-20 8.97744e-07 6.36439e-06 2.06554e-16 0 4.17474e-16 0 7.61897e-16 0 1.10172e-15 0 1.27807e-15 0 1.39036e-15 0 1.47448e-15 0 1.54237e-15 0 1.76885e-15 0 2.0208e-15 0 2.18127e-15 0 2.30097e-15 0 2.39791e-15 0 2.47913e-15 0 2.55014e-15 0 2.61249e-15 0 2.66933e-15 0 2.72066e-15 0 2.76726e-15 0 2.8115e-15 0 2.8518e-15 0 2.89052e-15 0 2.92609e-15 0 2.96009e-15 0 2.99171e-15 0 3.02334e-15 0 3.05181e-15 0 3.08028e-15 0 3.10717e-15 0 3.13248e-15 0 3.1578e-15 0 3.18153e-15 0 3.20447e-15 0 3.22663e-15 0 3.24799e-15 0 3.26936e-15 0 3.28994e-15 0 3.30972e-15 0 3.32872e-15 0 3.34771e-15 0 3.36513e-15 0 3.38333e-15 0 3.40075e-15 0 3.41737e-15 0 3.43479e-15 0 3.45063e-15 0 3.46646e-15 0 3.4823e-15 0 3.49655e-15 0 3.5116e-15 0 3.52664e-15 0 3.5409e-15 0 3.55515e-15 0 3.56782e-15 0 3.58208e-15 0 3.59475e-15 0 3.60821e-15 0 3.62089e-15 0 3.63356e-15 0 3.64544e-15 0 3.65811e-15 0 3.67079e-15 0 3.68188e-15 0 3.69376e-15 0 3.70564e-15 0 3.71674e-15 0 3.72783e-15 0 3.73892e-15 0
2244.63 3.15846e-14 3.15845e-14 2.83549e-20 8.97744e-07 5.75809e-06 1.61278e-16 0 3.19898e-16 0 5.76849e-16 0 8.29489e-16 0 9.60442e-16 0 1.04378e-15 0 1.10621e-15 0 1.15657e-15 0 1.32456e-15 0 1.51139e-15 0 1.63036e-15 0 1.71909e-15 0 1.79095e-15 0 1.85115e-15 0 1.90377e-15 0 1.94998e-15 0 1.99211e-15 0 2.03015e-15 0 2.06468e-15 0 2.09747e-15 0 2.12733e-15 0 2.15603e-15 0 2.18239e-15 0 2.20758e-15 0 2.23101e-15 0 2.25445e-15 0 2.27554e-15 0 2.29664e-15 0 2.31656e-15 0 2.33532e-15 0 2.35408e-15 0 2.37166e-15 0 2.38866e-15 0 2.40508e-15 0 2.42091e-15 0 2.43674e-15 0 2.45199e-15 0 2.46664e-15 0 2.48072e-15 0 2.49479e-15 0 2.5077e-15 0 2.52119e-15 0 2.53409e-15 0 2.54641e-15 0 2.55931e-15 0 2.57104e-15 0 2.58278e-15 0 2.59451e-15 0 2.60507e-15 0 2.61622e-15 0 2.62736e-15 0 2.63792e-15 0 2.64849e-15 0 2.65787e-15 0 2.66844e-15 0 2.67782e-15 0 2.6878e-15 0 2.69719e-15 0 2.70658e-15 0 2.71538e-15 0 2.72477e-15 0 2.73416e-15 0 2.74238e-15 0 2.75118e-15 0 2.75998e-15 0 2.7682e-15 0 2.77642e-15 0 2.78463e-15 0
2359.84 2.85757e-14 2.85757e-14 2.56537e-20 8.97744e-07 5.20955e-06 1.25541e-16 0 2.44663e-16 0 4.36225e-16 0 6.23982e-16 0 7.21197e-16 0 7.8304e-16 0 8.29356e-16 0 8.66717e-16 0 9.91306e-16 0 1.12983e-15 0 1.21801e-15 0 1.28379e-15 0 1.33704e-15 0 1.38166e-15 0 1.42066e-15 0 1.45491e-15 0 1.48612e-15 0 1.51431e-15 0 1.5399e-15 0 1.5642e-15 0 1.58633e-15 0 1.60759e-15 0 1.62712e-15 0 1.64579e-15 0 1.66315e-15 0 1.68052e-15 0 1.69615e-15 0 1.71178e-15 0 1.72654e-15 0 1.74044e-15 0 1.75434e-15 0 1.76737e-15 0 1.77996e-15 0 1.79212e-15 0 1.80385e-15 0 1.81558e-15 0 1.82688e-15 0 1.83774e-15 0 1.84817e-15 0 1.8586e-15 0 1.86815e-15 0 1.87815e-15 0 1.88771e-15 0 1.89683e-15 0 1.9064e-15 0 1.91509e-15 0 1.92378e-15 0 1.93247e-15 0 1.9403e-15 0 1.94855e-15 0 1.95681e-15 0 1.96464e-15 0 1.97246e-15 0 1.97942e-15 0 1.98724e-15 0 1.9942e-15 0 2.00159e-15 0 2.00854e-15 0 2.0155e-15 0 2.02202e-15 0 2.02898e-15 0 2.03593e-15 0 2.04202e-15 0 2.04854e-15 0 2.05506e-15 0 2.06115e-15 0 2.06724e-15 0 2.07333e-15 0
2480.97 2.58534e-14 2.58534e-14 2.32098e-20 8.97744e-07 4.71326e-06 9.74436e-17 0 1.86786e-16 0 3.29511e-16 0 4.69e-16 0 5.41152e-16 0 5.87036e-16 0 6.21392e-16 0 6.49102e-16 0 7.4149e-16 0 8.44182e-16 0 9.09548e-16 0 9.58294e-16 0 9.97763e-16 0 1.03083e-15 0 1.05973e-15 0 1.08511e-15 0 1.10824e-15 0 1.12913e-15 0 1.14809e-15 0 1.16609e-15 0 1.18249e-15 0 1.19824e-15 0 1.21271e-15 0 1.22654e-15 0 1.23941e-15 0 1.25228e-15 0 1.26386e-15 0 1.27544e-15 0 1.28638e-15 0 1.29667e-15 0 1.30697e-15 0 1.31662e-15 0 1.32596e-15 0 1.33497e-15 0 1.34366e-15 0 1.35235e-15 0 1.36071e-15 0 1.36876e-15 0 1.37649e-15 0 1.38421e-15 0 1.39129e-15 0 1.3987e-15 0 1.40578e-15 0 1.41254e-15 0 1.41963e-15 0 1.42607e-15 0 1.43251e-15 0 1.43894e-15 0 1.44474e-15 0 1.45086e-15 0 1.45698e-15 0 1.46277e-15 0 1.46857e-15 0 1.47372e-15 0 1.47952e-15 0 1.48467e-15 0 1.49015e-15 0 1.4953e-15 0 1.50045e-15 0 1.50528e-15 0 1.51044e-15 0 1.51559e-15 0 1.5201e-15 0 1.52493e-15 0 1.52976e-15 0 1.53427e-15 0 1.53878e-15 0 1.54329e-15 0
2608.32 2.33905e-14 2.33905e-14 2.09987e-20 8.97744e-07 4.26426e-06 7.54314e-17 0 1.42361e-16 0 2.48638e-16 0 3.52239e-16 0 4.05778e-16 0 4.39814e-16 0 4.65296e-16 0 4.85845e-16 0 5.54346e-16 0 6.30469e-16 0 6.78915e-16 0 7.15041e-16 0 7.4429e-16 0 7.68793e-16 0 7.90209e-16 0 8.09012e-16 0 8.26153e-16 0 8.4163e-16 0 8.55681e-16 0 8.69019e-16 0 8.81167e-16 0 8.92841e-16 0 9.03562e-16 0 9.13808e-16 0 9.2334e-16 0 9.32873e-16 0 9.41453e-16 0 9.50033e-16 0 9.58138e-16 0 9.65766e-16 0 9.73394e-16 0 9.80546e-16 0 9.8746e-16 0 9.94136e-16 0 1.00057e-15 0 1.00701e-15 0 1.01321e-15 0 1.01917e-15 0 1.0249e-15 0 1.03062e-15 0 1.03587e-15 0 1.04135e-15 0 1.0466e-15 0 1.05161e-15 0 1.05686e-15 0 1.06163e-15 0 1.0664e-15 0 1.07117e-15 0 1.07546e-15 0 1.07999e-15 0 1.08453e-15 0 1.08882e-15 0 1.09311e-15 0 1.09693e-15 0 1.10122e-15 0 1.10504e-15 0 1.1091e-15 0 1.11292e-15 0 1.11673e-15 0 1.12031e-15 0 1.12413e-15 0 1.12795e-15 0 1.13129e-15 0 1.13487e-15 0 1.13845e-15 0 1.14179e-15 0 1.14513e-15 0 1.14847e-15 0
2742.21 2.11623e-14 2.11622e-14 1.89983e-20 8.97744e-07 3.85803e-06 5.82442e-17 0 1.0833e-16 0 1.87427e-16 0 2.6435e-16 0 3.04071e-16 0 3.29315e-16 0 3.48211e-16 0 3.63448e-16 0 4.14232e-16 0 4.70655e-16 0 5.06559e-16 0 5.3333e-16 0 5.55003e-16 0 5.73159e-16 0 5.89028e-16 0 6.0296e-16 0 6.15661e-16 0 6.27128e-16 0 6.37538e-16 0 6.4742e-16 0 6.56421e-16 0 6.65069e-16 0 6.73013e-16 0 6.80604e-16 0 6.87665e-16 0 6.94728e-16 0 7.01084e-16 0 7.07441e-16 0 7.13445e-16 0 7.19096e-16 0 7.24748e-16 0 7.30046e-16 0 7.35168e-16 0 7.40114e-16 0 7.44883e-16 0 7.49652e-16 0 7.54245e-16 0 7.58662e-16 0 7.62902e-16 0 7.67142e-16 0 7.71028e-16 0 7.75092e-16 0 7.78979e-16 0 7.8269e-16 0 7.86577e-16 0 7.90111e-16 0 7.93645e-16 0 7.97179e-16 0 8.0036e-16 0 8.03717e-16 0 8.07075e-16 0 8.10256e-16 0 8.13437e-16 0 8.16264e-16 0 8.19446e-16 0 8.22273e-16 0 8.25278e-16 0 8.28106e-16 0 8.30933e-16 0 8.33585e-16 0 8.36413e-16 0 8.39241e-16 0 8.41715e-16 0 8.44367e-16 0 8.47018e-16 0 8.49493e-16 0 8.51967e-16 0 8.54442e-16 0
2882.97 1.91463e-14 1.91462e-14 1.71884e-20 8.97744e-07 3.4905e-06 4.48668e-17 0 8.23113e-17 0 1.41152e-16 0 1.98254e-16 0 2.27718e-16 0 2.46438e-16 0 2.60449e-16 0 2.71746e-16 0 3.09391e-16 0 3.51208e-16 0 3.77815e-16 0 3.97653e-16 0 4.13712e-16 0 4.27165e-16 0 4.38923e-16 0 4.49245e-16 0 4.58655e-16 0 4.67151e-16 0 4.74863e-16 0 4.82185e-16 0 4.88853e-16 0 4.9526e-16 0 5.01145e-16 0 5.06769e-16 0 5.12e-16 0 5.17232e-16 0 5.21941e-16 0 5.26651e-16 0 5.31099e-16 0 5.35285e-16 0 5.39472e-16 0 5.43397e-16 0 5.47191e-16 0 5.50855e-16 0 5.54388e-16 0 5.57921e-16 0 5.61324e-16 0 5.64595e-16 0 5.67736e-16 0 5.70877e-16 0 5.73756e-16 0 5.76767e-16 0 5.79646e-16 0 5.82395e-16 0 5.85274e-16 0 5.87892e-16 0 5.9051e-16 0 5.93128e-16 0 5.95484e-16 0 5.97971e-16 0 6.00459e-16 0 6.02815e-16 0 6.05171e-16 0 6.07266e-16 0 6.09622e-16 0 6.11717e-16 0 6.13943e-16 0 6.16038e-16 0 6.18132e-16 0 6.20096e-16 0 6.22191e-16 0 6.24286e-16 0 6.26119e-16 0 6.28083e-16 0 6.30047e-16 0 6.3188e-16 0 6.33713e-16 0 6.35546e-16 0
3030.95 1.73223e-14 1.73223e-14 1.5551e-20 8.97744e-07 3.15798e-06 3.44849e-17 0 6.24541e-17 0 1.06207e-16 0 1.48585e-16 0 1.70438e-16 0 1.84318e-16 0 1.94706e-16 0 2.0308e-16 0 2.30984e-16 0 2.61974e-16 0 2.8169e-16 0 2.96389e-16 0 3.08288e-16 0 3.18255e-16 0 3.26966e-16 0 3.34614e-16 0 3.41585e-16 0 3.47879e-16 0 3.53593e-16 0 3.59017e-16 0 3.63957e-16 0 3.68704e-16 0 3.73063e-16 0 3.77229e-16 0 3.81105e-16 0 3.84981e-16 0 3.88469e-16 0 3.91958e-16 0 3.95253e-16 0 3.98354e-16 0 4.01456e-16 0 4.04363e-16 0 4.07174e-16 0 4.09888e-16 0 4.12505e-16 0 4.15123e-16 0 4.17643e-16 0 4.20067e-16 0 4.22393e-16 0 4.2472e-16 0 4.26853e-16 0 4.29083e-16 0 4.31216e-16 0 4.33252e-16 0 4.35385e-16 0 4.37324e-16 0 4.39263e-16 0 4.41203e-16 0 4.42948e-16 0 4.4479e-16 0 4.46633e-16 0 4.48378e-16 0 4.50124e-16 0 4.51675e-16 0 4.53421e-16 0 4.54972e-16 0 4.56621e-16 0 4.58173e-16 0 4.59724e-16 0 4.61179e-16 0 4.62731e-16 0 4.64282e-16 0 4.6564e-16 0 4.67095e-16 0 4.6855e-16 0 4.69908e-16 0 4.71266e-16 0 4.72623e-16 0
3186.53 1.56721e-14 1.56721e-14 1.40695e-20 8.97744e-07 2.85714e-06 2.64501e-17 0 4.7325e-17 0 7.98466e-17 0 1.11292e-16 0 1.27496e-16 0 1.37787e-16 0 1.45488e-16 0 1.51695e-16 0 1.72376e-16 0 1.95341e-16 0 2.0995e-16 0 2.20841e-16 0 2.29657e-16 0 2.37041e-16 0 2.43495e-16 0 2.49161e-16 0 2.54325e-16 0 2.58988e-16 0 2.63221e-16 0 2.67239e-16 0 2.70899e-16 0 2.74415e-16 0 2.77645e-16 0 2.80731e-16 0 2.83602e-16 0 2.86473e-16 0 2.89058e-16 0 2.91642e-16 0 2.94083e-16 0 2.9638e-16 0 2.98677e-16 0 3.00831e-16 0 3.02914e-16 0 3.04924e-16 0 3.06863e-16 0 3.08801e-16 0 3.10668e-16 0 3.12464e-16 0 3.14187e-16 0 3.15911e-16 0 3.17491e-16 0 3.19142e-16 0 3.20722e-16 0 3.2223e-16 0 3.23811e-16 0 3.25247e-16 0 3.26683e-16 0 3.2812e-16 0 3.29413e-16 0 3.30777e-16 0 3.32142e-16 0 3.33435e-16 0 3.34728e-16 0 3.35877e-16 0 3.3717e-16 0 3.3832e-16 0 3.39541e-16 0 3.4069e-16 0 3.41839e-16 0 3.42917e-16 0 3.44066e-16 0 3.45216e-16 0 3.46222e-16 0 3.47299e-16 0 3.48377e-16 0 3.49383e-16 0 3.50388e-16 0 3.51394e-16 0
3350.09 1.41791e-14 1.41791e-14 1.27292e-20 8.97744e-07 2.58495e-06 2.02475e-17 0 3.58161e-17 0 5.9981e-17 0 8.3309e-17 0 9.5324e-17 0 1.02953e-16 0 1.08661e-16 0 1.13262e-16 0 1.28588e-16 0 1.45605e-16 0 1.56429e-16 0 1.64498e-16 0 1.7103e-16 0 1.765e-16 0 1.81281e-16 0 1.85479e-16 0 1.89305e-16 0 1.92759e-16 0 1.95895e-16 0 1.98871e-16 0 2.01582e-16 0 2.04187e-16 0 2.0658e-16 0 2.08866e-16 0 2.10993e-16 0 2.13119e-16 0 2.15034e-16 0 2.16948e-16 0 2.18756e-16 0 2.20458e-16 0 2.2216e-16 0 2.23755e-16 0 2.25298e-16 0 2.26787e-16 0 2.28223e-16 0 2.29659e-16 0 2.31042e-16 0 2.32372e-16 0 2.33648e-16 0 2.34925e-16 0 2.36095e-16 0 2.37319e-16 0 2.38489e-16 0 2.39606e-16 0 2.40777e-16 0 2.41841e-16 0 2.42905e-16 0 2.43969e-16 0 2.44926e-16 0 2.45937e-16 0 2.46948e-16 0 2.47906e-16 0 2.48863e-16 0 2.49715e-16 0 2.50672e-16 0 2.51524e-16 0 2.52428e-16 0 2.5328e-16 0 2.54131e-16 0 2.54929e-16 0 2.5578e-16 0 2.56632e-16 0 2.57377e-16 0 2.58175e-16 0 2.58973e-16 0 2.59718e-16 0 2.60463e-16 0 2.61208e-16 0
3522.05 1.28284e-14 1.28283e-14 1.15166e-20 8.97744e-07 2.3387e-06 1.54709e-17 0 2.70744e-17 0 4.50244e-17 0 6.23278e-17 0 7.12355e-17 0 7.68905e-17 0 8.11209e-17 0 8.45308e-17 0 9.58885e-17 0 1.08497e-16 0 1.16517e-16 0 1.22495e-16 0 1.27334e-16 0 1.31386e-16 0 1.34928e-16 0 1.38038e-16 0 1.40872e-16 0 1.43431e-16 0 1.45754e-16 0 1.47959e-16 0 1.49967e-16 0 1.51896e-16 0 1.53669e-16 0 1.55362e-16 0 1.56938e-16 0 1.58513e-16 0 1.59931e-16 0 1.61349e-16 0 1.62688e-16 0 1.63949e-16 0 1.65209e-16 0 1.66391e-16 0 1.67534e-16 0 1.68637e-16 0 1.69701e-16 0 1.70764e-16 0 1.71789e-16 0 1.72774e-16 0 1.73719e-16 0 1.74665e-16 0 1.75532e-16 0 1.76438e-16 0 1.77305e-16 0 1.78132e-16 0 1.78999e-16 0 1.79787e-16 0 1.80576e-16 0 1.81364e-16 0 1.82073e-16 0 1.82822e-16 0 1.83571e-16 0 1.8428e-16 0 1.84989e-16 0 1.8562e-16 0 1.86329e-16 0 1.8696e-16 0 1.8763e-16 0 1.8826e-16 0 1.88891e-16 0 1.89482e-16 0 1.90113e-16 0 1.90743e-16 0 1.91295e-16 0 1.91886e-16 0 1.92477e-16 0 1.93029e-16 0 1.93581e-16 0 1.94133e-16 0
3702.84 1.16063e-14 1.16063e-14 1.04195e-20 8.97744e-07 2.1159e-06 1.18006e-17 0 2.04437e-17 0 3.37733e-17 0 4.66061e-17 0 5.32093e-17 0 5.74006e-17 0 6.05358e-17 0 6.30628e-17 0 7.14789e-17 0 8.08211e-17 0 8.67625e-17 0 9.11911e-17 0 9.47757e-17 0 9.7778e-17 0 1.00402e-16 0 1.02705e-16 0 1.04805e-16 0 1.067e-16 0 1.08421e-16 0 1.10054e-16 0 1.11542e-16 0 1.12971e-16 0 1.14284e-16 0 1.15538e-16 0 1.16705e-16 0 1.17872e-16 0 1.18922e-16 0 1.19973e-16 0 1.20965e-16 0 1.21899e-16 0 1.22832e-16 0 1.23708e-16 0 1.24554e-16 0 1.25371e-16 0 1.26159e-16 0 1.26947e-16 0 1.27706e-16 0 1.28435e-16 0 1.29136e-16 0 1.29836e-16 0 1.30478e-16 0 1.31149e-16 0 1.31791e-16 0 1.32404e-16 0 1.33046e-16 0 1.3363e-16 0 1.34214e-16 0 1.34798e-16 0 1.35323e-16 0 1.35878e-16 0 1.36432e-16 0 1.36958e-16 0 1.37483e-16 0 1.3795e-16 0 1.38476e-16 0 1.38943e-16 0 1.39439e-16 0 1.39906e-16 0 1.40373e-16 0 1.40811e-16 0 1.41278e-16 0 1.41745e-16 0 1.42154e-16 0 1.42592e-16 0 1.4303e-16 0 1.43438e-16 0 1.43847e-16 0 1.44256e-16 0
3892.91 1.05006e-14 1.05006e-14 9.42686e-21 8.97744e-07 1.91433e-06 8.9864e-18 0 1.54209e-17 0 2.53169e-17 0 3.48328e-17 0 3.97273e-17 0 4.28336e-17 0 4.5157e-17 0 4.70295e-17 0 5.32656e-17 0 6.01871e-17 0 6.45886e-17 0 6.78694e-17 0 7.05248e-17 0 7.27489e-17 0 7.46925e-17 0 7.63987e-17 0 7.79539e-17 0 7.9358e-17 0 8.06326e-17 0 8.18425e-17 0 8.29444e-17 0 8.40031e-17 0 8.49754e-17 0 8.59046e-17 0 8.6769e-17 0 8.76334e-17 0 8.84114e-17 0 8.91894e-17 0 8.99242e-17 0 9.06158e-17 0 9.13074e-17 0 9.19558e-17 0 9.25826e-17 0 9.31878e-17 0 9.37714e-17 0 9.4355e-17 0 9.49171e-17 0 9.54575e-17 0 9.59763e-17 0 9.64951e-17 0 9.69706e-17 0 9.74678e-17 0 9.79434e-17 0 9.83974e-17 0 9.8873e-17 0 9.93054e-17 0 9.97378e-17 0 1.0017e-16 0 1.00559e-16 0 1.0097e-16 0 1.01381e-16 0 1.0177e-16 0 1.02159e-16 0 1.02505e-16 0 1.02894e-16 0 1.0324e-16 0 1.03608e-16 0 1.03954e-16 0 1.043e-16 0 1.04624e-16 0 1.0497e-16 0 1.05316e-16 0 1.05619e-16 0 1.05943e-16 0 1.06267e-16 0 1.0657e-16 0 1.06873e-16 0 1.07175e-16 0
4092.73 9.50027e-15 9.50026e-15 8.52881e-21 8.97744e-07 1.73197e-06 6.83283e-18 0 1.16207e-17 0 1.89658e-17 0 2.60212e-17 0 2.96489e-17 0 3.19509e-17 0 3.36725e-17 0 3.50601e-17 0 3.96805e-17 0 4.48083e-17 0 4.8069e-17 0 5.04993e-17 0 5.24664e-17 0 5.41138e-17 0 5.55536e-17 0 5.68174e-17 0 5.79694e-17 0 5.90095e-17 0 5.99536e-17 0 6.08497e-17 0 6.16659e-17 0 6.24501e-17 0 6.31704e-17 0 6.38586e-17 0 6.44988e-17 0 6.51391e-17 0 6.57154e-17 0 6.62916e-17 0 6.68359e-17 0 6.73481e-17 0 6.78604e-17 0 6.83407e-17 0 6.8805e-17 0 6.92532e-17 0 6.96855e-17 0 7.01178e-17 0 7.0534e-17 0 7.09343e-17 0 7.13185e-17 0 7.17028e-17 0 7.20551e-17 0 7.24233e-17 0 7.27756e-17 0 7.31118e-17 0 7.34641e-17 0 7.37843e-17 0 7.41046e-17 0 7.44248e-17 0 7.47131e-17 0 7.50173e-17 0 7.53216e-17 0 7.56098e-17 0 7.5898e-17 0 7.61542e-17 0 7.64425e-17 0 7.66987e-17 0 7.69709e-17 0 7.72272e-17 0 7.74834e-17 0 7.77236e-17 0 7.79798e-17 0 7.82361e-17 0 7.84603e-17 0 7.87005e-17 0 7.89407e-17 0 7.91649e-17 0 7.93891e-17 0 7.96133e-17 0
4302.81 8.59524e-15 8.59523e-15 7.71633e-21 8.97744e-07 1.56697e-06 5.18788e-18 0 8.74894e-18 0 1.41995e-17 0 1.94301e-17 0 2.21186e-17 0 2.38244e-17 0 2.51002e-17 0 2.61282e-17 0 2.95515e-17 0 3.33503e-17 0 3.57658e-17 0 3.75661e-17 0 3.90232e-17 0 4.02436e-17 0 4.131e-17 0 4.22462e-17 0 4.30995e-17 0 4.38699e-17 0 4.45692e-17 0 4.52329e-17 0 4.58375e-17 0 4.64184e-17 0 4.69518e-17 0 4.74616e-17 0 4.79358e-17 0 4.841e-17 0 4.88369e-17 0 4.92637e-17 0 4.96668e-17 0 5.00463e-17 0 5.04257e-17 0 5.07814e-17 0 5.11253e-17 0 5.14573e-17 0 5.17775e-17 0 5.20976e-17 0 5.2406e-17 0 5.27024e-17 0 5.2987e-17 0 5.32716e-17 0 5.35325e-17 0 5.38053e-17 0 5.40662e-17 0 5.43152e-17 0 5.45762e-17 0 5.48133e-17 0 5.50505e-17 0 5.52877e-17 0 5.55012e-17 0 5.57266e-17 0 5.59519e-17 0 5.61654e-17 0 5.63789e-17 0 5.65686e-17 0 5.67821e-17 0 5.69719e-17 0 5.71735e-17 0 5.73633e-17 0 5.75531e-17 0 5.7731e-17 0 5.79208e-17 0 5.81106e-17 0 5.82766e-17 0 5.84545e-17 0 5.86324e-17 0 5.87985e-17 0 5.89646e-17 0 5.91306e-17 0
4523.68 7.77642e-15 7.77641e-15 6.98123e-21 8.97744e-07 1.4177e-06 3.93358e-18 0 6.58109e-18 0 1.0625e-17 0 1.45024e-17 0 1.64947e-17 0 1.77587e-17 0 1.87039e-17 0 1.94656e-17 0 2.20018e-17 0 2.48159e-17 0 2.66052e-17 0 2.79388e-17 0 2.90181e-17 0 2.9922e-17 0 3.0712e-17 0 3.14054e-17 0 3.20374e-17 0 3.26081e-17 0 3.3126e-17 0 3.36177e-17 0 3.40655e-17 0 3.44957e-17 0 3.48908e-17 0 3.52684e-17 0 3.56197e-17 0 3.59709e-17 0 3.6287e-17 0 3.66032e-17 0 3.69018e-17 0 3.71828e-17 0 3.74638e-17 0 3.77273e-17 0 3.7982e-17 0 3.82279e-17 0 3.8465e-17 0 3.87022e-17 0 3.89305e-17 0 3.91501e-17 0 3.93609e-17 0 3.95717e-17 0 3.9765e-17 0 3.9967e-17 0 4.01602e-17 0 4.03447e-17 0 4.05379e-17 0 4.07136e-17 0 4.08893e-17 0 4.10649e-17 0 4.12231e-17 0 4.139e-17 0 4.15569e-17 0 4.1715e-17 0 4.18731e-17 0 4.20136e-17 0 4.21718e-17 0 4.23123e-17 0 4.24617e-17 0 4.26022e-17 0 4.27428e-17 0 4.28745e-17 0 4.30151e-17 0 4.31557e-17 0 4.32786e-17 0 4.34104e-17 0 4.35422e-17 0 4.36652e-17 0 4.37882e-17 0 4.39112e-17 0
4755.88 7.03561e-15 7.0356e-15 6.31617e-21 8.97744e-07 1.28264e-06 2.97873e-18 0 4.94633e-18 0 7.94613e-18 0 1.08201e-17 0 1.22964e-17 0 1.3233e-17 0 1.39333e-17 0 1.44976e-17 0 1.63765e-17 0 1.84612e-17 0 1.97866e-17 0 2.07744e-17 0 2.15739e-17 0 2.22434e-17 0 2.28285e-17 0 2.33421e-17 0 2.38103e-17 0 2.42329e-17 0 2.46166e-17 0 2.49807e-17 0 2.53124e-17 0 2.56311e-17 0 2.59237e-17 0 2.62034e-17 0 2.64635e-17 0 2.67237e-17 0 2.69579e-17 0 2.7192e-17 0 2.74132e-17 0 2.76213e-17 0 2.78295e-17 0 2.80246e-17 0 2.82132e-17 0 2.83954e-17 0 2.8571e-17 0 2.87466e-17 0 2.89158e-17 0 2.90784e-17 0 2.92345e-17 0 2.93907e-17 0 2.95338e-17 0 2.96834e-17 0 2.98265e-17 0 2.99631e-17 0 3.01063e-17 0 3.02364e-17 0 3.03665e-17 0 3.04966e-17 0 3.06137e-17 0 3.07373e-17 0 3.0861e-17 0 3.09781e-17 0 3.10952e-17 0 3.11993e-17 0 3.13164e-17 0 3.14205e-17 0 3.15311e-17 0 3.16352e-17 0 3.17393e-17 0 3.18369e-17 0 3.1941e-17 0 3.20451e-17 0 3.21362e-17 0 3.22338e-17 0 3.23314e-17 0 3.24225e-17 0 3.25135e-17 0 3.26046e-17 0
5000 6.36536e-15 6.36535e-15 5.71446e-21 8.97744e-07 1.16045e-06 2.25294e-18 0 3.71475e-18 0 5.93965e-18 0 8.06969e-18 0 9.1636e-18 0 9.85748e-18 0 1.03763e-17 0 1.07944e-17 0 1.21863e-17 0 1.37305e-17 0 1.47123e-17 0 1.5444e-17 0 1.60362e-17 0 1.65321e-17 0 1.69655e-17 0 1.73459e-17 0 1.76926e-17 0 1.80057e-17 0 1.82898e-17 0 1.85596e-17 0 1.88052e-17 0 1.90412e-17 0 1.9258e-17 0 1.94651e-17 0 1.96578e-17 0 1.98505e-17 0 2.00239e-17 0 2.01974e-17 0 2.03612e-17 0 2.05153e-17 0 2.06695e-17 0 2.0814e-17 0 2.09537e-17 0 2.10886e-17 0 2.12187e-17 0 2.13488e-17 0 2.14741e-17 0 2.15945e-17 0 2.17101e-17 0 2.18258e-17 0 2.19318e-17 0 2.20426e-17 0 2.21486e-17 0 2.22498e-17 0 2.23558e-17 0 2.24522e-17 0 2.25485e-17 0 2.26449e-17 0 2.27316e-17 0 2.28232e-17 0 2.29147e-17 0 2.30015e-17 0 2.30882e-17 0 2.31653e-17 0 2.3252e-17 0 2.33291e-17 0 2.3411e-17 0 2.34881e-17 0 2.35652e-17 0 2.36375e-17 0 2.37146e-17 0 2.37917e-17 0 2.38592e-17 0 2.39315e-17 0 2.40038e-17 0 2.40712e-17 0 2.41387e-17 0 2.42062e-17 0
