# 3.16228e-06 0 36 : grain size, compostion index, size index
# Heating and cooling timescale: 0.318382 8414.54
# Ratio of heating to cooling to determine stochastic cutoff: 100
# Equilibrium emission is recorded even for those grains in the stochastic regime.
# Emission spectrum was computed for: 
# Type: ISRF
# Scales: 0.0001 0.001 0.01 0.05 0.1 0.15 0.2 0.25 0.5 1 1.5 2 2.5 3 3.5 4 4.5 5 5.5 6 6.5 7 7.5 8 8.5 9 9.5 10 10.5 11 11.5 12 12.5 13 13.5 14 14.5 15 15.5 16 16.5 17 17.5 18 18.5 19 19.5 20 20.5 21 21.5 22 22.5 23 23.5 24 24.5 25 25.5 26 26.5 27 27.5 28 28.5 29 29.5 30
# StochasticallyHeated: 1 1 1 1 0 0 0 0 0 0 0 0 0 0 0 0 0 0 0 0 0 0 0 0 0 0 0 0 0 0 0 0 0 0 0 0 0 0 0 0 0 0 0 0 0 0 0 0 0 0 0 0 0 0 0 0 0 0 0 0 0 0 0 0 0 0 0 0
# Temperature: -1
# Wavelength  CExt  CAbs  CSca  Albedo G EqEm1 StEm1 EqEm2 StEm2 EqEm3 StEm3 EqEm4 StEm4 EqEm5 StEm5 EqEm6 StEm6 EqEm7 StEm7 EqEm8 StEm8 EqEm9 StEm9 EqEm10 StEm10 EqEm11 StEm11 EqEm12 StEm12 EqEm13 StEm13 EqEm14 StEm14 EqEm15 StEm15 EqEm16 StEm16 EqEm17 StEm17 EqEm18 StEm18 EqEm19 StEm19 EqEm20 StEm20 EqEm21 StEm21 EqEm22 StEm22 EqEm23 StEm23 EqEm24 StEm24 EqEm25 StEm25 EqEm26 StEm26 EqEm27 StEm27 EqEm28 StEm28 EqEm29 StEm29 EqEm30 StEm30 EqEm31 StEm31 EqEm32 StEm32 EqEm33 StEm33 EqEm34 StEm34 EqEm35 StEm35 EqEm36 StEm36 EqEm37 StEm37 EqEm38 StEm38 EqEm39 StEm39 EqEm40 StEm40 EqEm41 StEm41 EqEm42 StEm42 EqEm43 StEm43 EqEm44 StEm44 EqEm45 StEm45 EqEm46 StEm46 EqEm47 StEm47 EqEm48 StEm48 EqEm49 StEm49 EqEm50 StEm50 EqEm51 StEm51 EqEm52 StEm52 EqEm53 StEm53 EqEm54 StEm54 EqEm55 StEm55 EqEm56 StEm56 EqEm57 StEm57 EqEm58 StEm58 EqEm59 StEm59 EqEm60 StEm60 EqEm61 StEm61 EqEm62 StEm62 EqEm63 StEm63 EqEm64 StEm64 EqEm65 StEm65 EqEm66 StEm66 EqEm67 StEm67 EqEm68 StEm68
0.05 2.15312e-11 1.66606e-11 4.87061e-12 0.226212 0.862918 0 0 0 0 0 0 0 0 0 0 0 0 0 0 0 0 0 0 0 0 0 0 0 0 0 0 0 0 0 0 0 0 0 0 0 0 0 0 0 0 0 0 0 0 0 0 0 0 0 0 0 0 0 0 0 0 0 0 0 0 0 0 0 0 0 0 0 0 0 0 0 0 0 0 0 0 0 0 0 0 0 0 0 0 0 0 0 0 0 0 0 0 0 0 0 0 0 0 0 0 0 0 0 0 0 0 0 0 0 0 0 0 0 0 0 0 0 0 0 0 0 0 0 0 0 0 0 0 0 0 0 0 0 0 0 0
0.0525665 2.64529e-11 1.95219e-11 6.93103e-12 0.262014 0.858877 0 0 0 0 0 0 0 0 0 0 0 0 0 0 0 0 0 0 0 0 0 0 0 0 0 0 0 0 0 0 0 0 0 0 0 0 0 0 0 0 0 0 0 0 0 0 0 0 0 0 0 0 0 0 0 0 0 0 0 0 0 0 0 0 0 0 0 0 0 0 0 0 0 0 0 0 0 0 0 0 0 0 0 0 0 0 0 0 0 0 0 0 0 0 0 0 0 0 0 0 0 0 0 0 0 0 0 0 0 0 0 0 0 0 0 0 0 0 0 0 0 0 0 0 0 0 0 0 0 0 0 0 0 0 0 0
0.0552647 2.98328e-11 2.1812e-11 8.02085e-12 0.26886 0.84698 0 0 0 0 0 0 0 0 0 0 0 0 0 0 0 0 0 0 0 0 0 0 0 0 0 0 0 0 0 0 0 0 0 0 0 0 0 0 0 0 0 0 0 0 0 0 0 0 0 0 0 0 0 0 0 0 0 0 0 0 0 0 0 0 0 0 0 0 0 0 0 0 0 0 0 0 0 0 0 0 0 0 0 0 0 0 0 0 0 0 0 0 0 0 0 0 0 0 0 0 0 0 0 0 0 0 0 0 0 0 0 0 0 0 0 0 0 0 0 0 0 0 0 0 0 0 0 0 0 0 0 0 0 0 0 0
0.0581015 3.21127e-11 2.35212e-11 8.59151e-12 0.267542 0.835427 0 0 0 0 0 0 0 0 0 0 0 0 0 0 0 0 0 0 0 0 0 0 0 0 0 0 0 0 0 0 0 0 0 0 0 0 0 0 0 0 0 0 0 0 0 0 0 0 0 0 0 0 0 0 0 0 0 0 0 0 0 0 0 0 0 0 0 0 0 0 0 0 0 0 0 0 0 0 0 0 0 0 0 0 0 0 0 0 0 0 0 0 0 0 0 0 0 0 0 0 0 0 0 0 0 0 0 0 0 0 0 0 0 0 0 0 0 0 0 0 0 0 0 0 0 0 0 0 0 0 0 0 0 0 0 0
0.0610839 3.3655e-11 2.47922e-11 8.86277e-12 0.263342 0.823624 0 0 0 0 0 0 0 0 0 0 0 0 0 0 0 0 0 0 0 0 0 0 0 0 0 0 0 0 0 0 0 0 0 0 0 0 0 0 0 0 0 0 0 0 0 0 0 0 0 0 0 0 0 0 0 0 0 0 0 0 0 0 0 0 0 0 0 0 0 0 0 0 0 0 0 0 0 0 0 0 0 0 0 0 0 0 0 0 0 0 0 0 0 0 0 0 0 0 0 0 0 0 0 0 0 0 0 0 0 0 0 0 0 0 0 0 0 0 0 0 0 0 0 0 0 0 0 0 0 0 0 0 0 0 0 0
0.0642193 3.47241e-11 2.57472e-11 8.97693e-12 0.258522 0.81115 0 0 0 0 0 0 0 0 0 0 0 0 0 0 0 0 0 0 0 0 0 0 0 0 0 0 0 0 0 0 0 0 0 0 0 0 0 0 0 0 0 0 0 0 0 0 0 0 0 0 0 0 0 0 0 0 0 0 0 0 0 0 0 0 0 0 0 0 0 0 0 0 0 0 0 0 0 0 0 0 0 0 0 0 0 0 0 0 0 0 0 0 0 0 0 0 0 0 0 0 0 0 0 0 0 0 0 0 0 0 0 0 0 0 0 0 0 0 0 0 0 0 0 0 0 0 0 0 0 0 0 0 0 0 0 0
0.0675157 3.55443e-11 2.65074e-11 9.03695e-12 0.254245 0.797642 0 0 0 0 0 0 0 0 0 0 0 0 0 0 0 0 0 0 0 0 0 0 0 0 0 0 0 0 0 0 0 0 0 0 0 0 0 0 0 0 0 0 0 0 0 0 0 0 0 0 0 0 0 0 0 0 0 0 0 0 0 0 0 0 0 0 0 0 0 0 0 0 0 0 0 0 0 0 0 0 0 0 0 0 0 0 0 0 0 0 0 0 0 0 0 0 0 0 0 0 0 0 0 0 0 0 0 0 0 0 0 0 0 0 0 0 0 0 0 0 0 0 0 0 0 0 0 0 0 0 0 0 0 0 0 0
0.0709813 3.63309e-11 2.72173e-11 9.11362e-12 0.25085 0.782835 0 0 0 0 0 0 0 0 0 0 0 0 0 0 0 0 0 0 0 0 0 0 0 0 0 0 0 0 0 0 0 0 0 0 0 0 0 0 0 0 0 0 0 0 0 0 0 0 0 0 0 0 0 0 0 0 0 0 0 0 0 0 0 0 0 0 0 0 0 0 0 0 0 0 0 0 0 0 0 0 0 0 0 0 0 0 0 0 0 0 0 0 0 0 0 0 0 0 0 0 0 0 0 0 0 0 0 0 0 0 0 0 0 0 0 0 0 0 0 0 0 0 0 0 0 0 0 0 0 0 0 0 0 0 0 0
0.0746248 3.71844e-11 2.79579e-11 9.22646e-12 0.248127 0.766597 0 0 0 0 0 0 0 0 0 0 0 0 0 0 0 0 0 0 0 0 0 0 0 0 0 0 0 0 0 0 0 0 0 0 0 0 0 0 0 0 0 0 0 0 0 0 0 0 0 0 0 0 0 0 0 0 0 0 0 0 0 0 0 0 0 0 0 0 0 0 0 0 0 0 0 0 0 0 0 0 0 0 0 0 0 0 0 0 0 0 0 0 0 0 0 0 0 0 0 0 0 0 0 0 0 0 0 0 0 0 0 0 0 0 0 0 0 0 0 0 0 0 0 0 0 0 0 0 0 0 0 0 0 0 0 0
0.0784553 3.80479e-11 2.87115e-11 9.33645e-12 0.245386 0.748934 0 0 0 0 0 0 0 0 0 0 0 0 0 0 0 0 0 0 0 0 0 0 0 0 0 0 0 0 0 0 0 0 0 0 0 0 0 0 0 0 0 0 0 0 0 0 0 0 0 0 0 0 0 0 0 0 0 0 0 0 0 0 0 0 0 0 0 0 0 0 0 0 0 0 0 0 0 0 0 0 0 0 0 0 0 0 0 0 0 0 0 0 0 0 0 0 0 0 0 0 0 0 0 0 0 0 0 0 0 0 0 0 0 0 0 0 0 0 0 0 0 0 0 0 0 0 0 0 0 0 0 0 0 0 0 0
0.0824824 3.88983e-11 2.94654e-11 9.43289e-12 0.242501 0.729773 0 0 0 0 0 0 0 0 0 0 0 0 0 0 0 0 0 0 0 0 0 0 0 0 0 0 0 0 0 0 0 0 0 0 0 0 0 0 0 0 0 0 0 0 0 0 0 0 0 0 0 0 0 0 0 0 0 0 0 0 0 0 0 0 0 0 0 0 0 0 0 0 0 0 0 0 0 0 0 0 0 0 0 0 0 0 0 0 0 0 0 0 0 0 0 0 0 0 0 0 0 0 0 0 0 0 0 0 0 0 0 0 0 0 0 0 0 0 0 0 0 0 0 0 0 0 0 0 0 0 0 0 0 0 0 0
0.0867162 3.97255e-11 3.02108e-11 9.51474e-12 0.239512 0.708939 0 0 0 0 0 0 0 0 0 0 0 0 0 0 0 0 0 0 0 0 0 0 0 0 0 0 0 0 0 0 0 0 0 0 0 0 0 0 0 0 0 0 0 0 0 0 0 0 0 0 0 0 0 0 0 0 0 0 0 0 0 0 0 0 0 0 0 0 0 0 0 0 0 0 0 0 0 0 0 0 0 0 0 0 0 0 0 0 0 0 0 0 0 0 0 0 0 0 0 0 0 0 0 0 0 0 0 0 0 0 0 0 0 0 0 0 0 0 0 0 0 0 0 0 0 0 0 0 0 0 0 0 0 0 0 0
0.0911674 4.05441e-11 3.09558e-11 9.58833e-12 0.236491 0.686234 0 0 0 0 0 0 0 0 0 0 0 0 0 0 0 0 0 0 0 0 0 0 0 0 0 0 0 0 0 0 0 0 0 0 0 0 0 0 0 0 0 0 0 0 0 0 0 0 0 0 0 0 0 0 0 0 0 0 0 0 0 0 0 0 0 0 0 0 0 0 0 0 0 0 0 0 0 0 0 0 0 0 0 0 0 0 0 0 0 0 0 0 0 0 0 0 0 0 0 0 0 0 0 0 0 0 0 0 0 0 0 0 0 0 0 0 0 0 0 0 0 0 0 0 0 0 0 0 0 0 0 0 0 0 0 0
0.095847 4.13691e-11 3.17093e-11 9.65976e-12 0.233502 0.661475 0 0 0 0 0 0 0 0 0 0 0 0 0 0 0 0 0 0 0 0 0 0 0 0 0 0 0 0 0 0 0 0 0 0 0 0 0 0 0 0 0 0 0 0 0 0 0 0 0 0 0 0 0 0 0 0 0 0 0 0 0 0 0 0 0 0 0 0 0 0 0 0 0 0 0 0 0 0 0 0 0 0 0 0 0 0 0 0 0 0 0 0 0 0 0 0 0 0 0 0 0 0 0 0 0 0 0 0 0 0 0 0 0 0 0 0 0 0 0 0 0 0 0 0 0 0 0 0 0 0 0 0 0 0 0 0
0.100767 4.21929e-11 3.24674e-11 9.72552e-12 0.230501 0.634558 0 0 0 0 0 0 0 0 0 0 0 0 0 0 0 0 0 0 0 0 0 0 0 0 0 0 0 0 0 0 0 0 0 0 0 0 0 0 0 0 0 0 0 0 0 0 0 0 0 0 0 0 0 0 0 0 0 0 0 0 0 0 0 0 0 0 0 0 0 0 0 0 0 0 0 0 0 0 0 0 0 0 0 0 0 0 0 0 0 0 0 0 0 0 0 0 0 0 0 0 0 0 0 0 0 0 0 0 0 0 0 0 0 0 0 0 0 0 0 0 0 0 0 0 0 0 0 0 0 0 0 0 0 0 0 0
0.105939 4.29958e-11 3.32237e-11 9.77215e-12 0.227281 0.605682 0 0 0 0 0 0 0 0 0 0 0 0 0 0 0 0 0 0 0 0 0 0 0 0 0 0 0 0 0 0 0 0 0 0 0 0 0 0 0 0 0 0 0 0 0 0 0 0 0 0 0 0 0 0 0 0 0 0 0 0 0 0 0 0 0 0 0 0 0 0 0 0 0 0 0 0 0 0 0 0 0 0 0 0 0 0 0 0 0 0 0 0 0 0 0 0 0 0 0 0 0 0 0 0 0 0 0 0 0 0 0 0 0 0 0 0 0 0 0 0 0 0 0 0 0 0 0 0 0 0 0 0 0 0 0 0
0.111377 4.3517e-11 3.3808e-11 9.70895e-12 0.223107 0.574446 0 0 0 0 0 0 0 0 0 0 0 0 0 0 0 0 0 0 0 0 0 0 0 0 0 0 0 0 0 0 0 0 0 0 0 0 0 0 0 0 0 0 0 0 0 0 0 0 0 0 0 0 0 0 0 0 0 0 0 0 0 0 0 0 0 0 0 0 0 0 0 0 0 0 0 0 0 0 0 0 0 0 0 0 0 0 0 0 0 0 0 0 0 0 0 0 0 0 0 0 0 0 0 0 0 0 0 0 0 0 0 0 0 0 0 0 0 0 0 0 0 0 0 0 0 0 0 0 0 0 0 0 0 0 0 0
0.117094 4.3612e-11 3.41137e-11 9.49823e-12 0.21779 0.540222 0 0 0 0 0 0 0 0 0 0 0 0 0 0 0 0 0 0 0 0 0 0 0 0 0 0 0 0 0 0 0 0 0 0 0 0 0 0 0 0 0 0 0 0 0 0 0 0 0 0 0 0 0 0 0 0 0 0 0 0 0 0 0 0 0 0 0 0 0 0 0 0 0 0 0 0 0 0 0 0 0 0 0 0 0 0 0 0 0 0 0 0 0 0 0 0 0 0 0 0 0 0 0 0 0 0 0 0 0 0 0 0 0 0 0 0 0 0 0 0 0 0 0 0 0 0 0 0 0 0 0 0 0 0 0 0
0.123105 4.36608e-11 3.43661e-11 9.29474e-12 0.212885 0.503715 0 0 0 0 0 0 0 0 0 0 0 0 0 0 0 0 0 0 0 0 0 0 0 0 0 0 0 0 0 0 0 0 0 0 0 0 0 0 0 0 0 0 0 0 0 0 0 0 0 0 0 0 0 0 0 0 0 0 0 0 0 0 0 0 0 0 0 0 0 0 0 0 0 0 0 0 0 0 0 0 0 0 0 0 0 0 0 0 0 0 0 0 0 0 0 0 0 0 0 0 0 0 0 0 0 0 0 0 0 0 0 0 0 0 0 0 0 0 0 0 0 0 0 0 0 0 0 0 0 0 0 0 0 0 0 0
0.129424 4.36232e-11 3.45505e-11 9.0727e-12 0.207979 0.466376 0 0 0 0 0 0 0 0 0 0 0 0 0 0 0 0 0 0 0 0 0 0 0 0 0 0 0 0 0 0 0 0 0 0 0 0 0 0 0 0 0 0 0 0 0 0 0 0 0 0 0 0 0 0 0 0 0 0 0 0 0 0 0 0 0 0 0 0 0 0 0 0 0 0 0 0 0 0 0 0 0 0 0 0 0 0 0 0 0 0 0 0 0 0 0 0 0 0 0 0 0 0 0 0 0 0 0 0 0 0 0 0 0 0 0 0 0 0 0 0 0 0 0 0 0 0 0 0 0 0 0 0 0 0 0 0
0.136067 4.28671e-11 3.42718e-11 8.59528e-12 0.20051 0.427797 0 0 0 0 0 0 0 0 0 0 0 0 0 0 0 0 0 0 0 0 0 0 0 0 0 0 0 0 0 0 0 0 0 0 0 0 0 0 0 0 0 0 0 0 0 0 0 0 0 0 0 0 0 0 0 0 0 0 0 0 0 0 0 0 0 0 0 0 0 0 0 0 0 0 0 0 0 0 0 0 0 0 0 0 0 0 0 0 0 0 0 0 0 0 0 0 0 0 0 0 0 0 0 0 0 0 0 0 0 0 0 0 0 0 0 0 0 0 0 0 0 0 0 0 0 0 0 0 0 0 0 0 0 0 0 0
0.143051 4.20523e-11 3.39442e-11 8.10802e-12 0.192808 0.389067 0 0 0 0 0 0 0 0 0 0 0 0 0 0 0 0 0 0 0 0 0 0 0 0 0 0 0 0 0 0 0 0 0 0 0 0 0 0 0 0 0 0 0 0 0 0 0 0 0 0 0 0 0 0 0 0 0 0 0 0 0 0 0 0 0 0 0 0 0 0 0 0 0 0 0 0 0 0 0 0 0 0 0 0 0 0 0 0 0 0 0 0 0 0 0 0 0 0 0 0 0 0 0 0 0 0 0 0 0 0 0 0 0 0 0 0 0 0 0 0 0 0 0 0 0 0 0 0 0 0 0 0 0 0 0 0
0.150394 4.09632e-11 3.33933e-11 7.5699e-12 0.184798 0.352555 0 0 0 0 0 0 0 0 0 0 0 0 0 0 0 0 0 0 0 0 0 0 0 0 0 0 0 0 0 0 0 0 0 0 0 0 0 0 0 0 0 0 0 0 0 0 0 0 0 0 0 0 0 0 0 0 0 0 0 0 0 0 0 0 0 0 0 0 0 0 0 0 0 0 0 0 0 0 0 0 0 0 0 0 0 0 0 0 0 0 0 0 0 0 0 0 0 0 0 0 0 0 0 0 0 0 0 0 0 0 0 0 0 0 0 0 0 0 0 0 0 0 0 0 0 0 0 0 0 0 0 0 0 0 0 0
0.158114 3.74911e-11 3.12445e-11 6.24653e-12 0.166614 0.314973 0 0 0 0 0 0 0 0 0 0 0 0 0 0 0 0 0 0 0 0 0 0 0 0 0 0 0 0 0 0 0 0 0 0 0 0 0 0 0 0 0 0 0 0 0 0 0 0 0 0 0 0 0 0 0 0 0 0 0 0 0 0 0 0 0 0 0 0 0 0 0 0 0 0 0 0 0 0 0 0 0 0 0 0 0 0 0 0 0 0 0 0 0 0 0 0 0 0 0 0 0 0 0 0 0 0 0 0 0 0 0 0 0 0 0 0 0 0 0 0 0 0 0 0 0 0 0 0 0 0 0 0 0 0 0 0
0.16623 3.4861e-11 2.97112e-11 5.14986e-12 0.147726 0.278353 0 0 0 0 0 0 0 0 0 0 0 0 0 0 0 0 0 0 0 0 0 0 0 0 0 0 0 0 0 0 0 0 0 0 0 0 0 0 0 0 0 0 0 0 0 0 0 0 0 0 0 0 0 0 0 0 0 0 0 0 0 0 0 0 0 0 0 0 0 0 0 0 0 0 0 0 0 0 0 0 0 0 0 0 0 0 0 0 0 0 0 0 0 0 0 0 0 0 0 0 0 0 0 0 0 0 0 0 0 0 0 0 0 0 0 0 0 0 0 0 0 0 0 0 0 0 0 0 0 0 0 0 0 0 0 0
0.174762 3.43776e-11 2.96413e-11 4.73624e-12 0.137771 0.246822 0 0 0 0 0 0 0 0 0 0 0 0 0 0 0 0 0 0 0 0 0 0 0 0 0 0 0 0 0 0 0 0 0 0 0 0 0 0 0 0 0 0 0 0 0 0 0 0 0 0 0 0 0 0 0 0 0 0 0 0 0 0 0 0 0 0 0 0 0 0 0 0 0 0 0 0 0 0 0 0 0 0 0 0 0 0 0 0 0 0 0 0 0 0 0 0 0 0 0 0 0 0 0 0 0 0 0 0 0 0 0 0 0 0 0 0 0 0 0 0 0 0 0 0 0 0 0 0 0 0 0 0 0 0 0 0
0.183733 3.49158e-11 3.02798e-11 4.63606e-12 0.132778 0.219318 0 0 0 0 0 0 0 0 0 0 0 0 0 0 0 0 0 0 0 0 0 0 0 0 0 0 0 0 0 0 0 0 0 0 0 0 0 0 0 0 0 0 0 0 0 0 0 0 0 0 0 0 0 0 0 0 0 0 0 0 0 0 0 0 0 0 0 0 0 0 0 0 0 0 0 0 0 0 0 0 0 0 0 0 0 0 0 0 0 0 0 0 0 0 0 0 0 0 0 0 0 0 0 0 0 0 0 0 0 0 0 0 0 0 0 0 0 0 0 0 0 0 0 0 0 0 0 0 0 0 0 0 0 0 0 0
0.193164 3.65759e-11 3.17391e-11 4.83672e-12 0.132238 0.194952 0 0 0 0 0 0 0 0 0 0 0 0 0 0 0 0 0 0 0 0 0 0 0 0 0 0 0 0 0 0 0 0 0 0 0 0 0 0 0 0 0 0 0 0 0 0 0 0 0 0 0 0 0 0 0 0 0 0 0 0 0 0 0 0 0 0 0 0 0 0 0 0 0 0 0 0 0 0 0 0 0 0 0 0 0 0 0 0 0 0 0 0 0 0 0 0 0 0 0 0 0 0 0 0 0 0 0 0 0 0 0 0 0 0 0 0 0 0 0 0 0 0 0 0 0 0 0 0 0 0 0 0 0 0 0 0
0.203079 3.93359e-11 3.40457e-11 5.29018e-12 0.134487 0.173752 0 0 0 0 0 0 0 0 0 0 0 0 0 0 0 0 0 0 0 0 0 0 0 0 0 0 0 0 0 0 0 0 0 0 0 0 0 0 0 0 0 0 0 0 0 0 0 0 0 0 0 0 0 0 0 0 0 0 0 0 0 0 0 0 0 0 0 0 0 0 0 0 0 0 0 0 0 0 0 0 0 0 0 0 0 0 0 0 0 0 0 0 0 0 0 0 0 0 0 0 0 0 0 0 0 0 0 0 0 0 0 0 0 0 0 0 0 0 0 0 0 0 0 0 0 0 0 0 0 0 0 0 0 0 0 0
0.213503 4.16267e-11 3.60539e-11 5.57279e-12 0.133875 0.154645 0 0 0 0 0 0 0 0 0 0 0 0 0 0 0 0 0 0 0 0 0 0 0 0 0 0 0 0 0 0 0 0 0 0 0 0 0 0 0 0 0 0 0 0 0 0 0 0 0 0 0 0 0 0 0 0 0 0 0 0 0 0 0 0 0 0 0 0 0 0 0 0 0 0 0 0 0 0 0 0 0 0 0 0 0 0 0 0 0 0 0 0 0 0 0 0 0 0 0 0 0 0 0 0 0 0 0 0 0 0 0 0 0 0 0 0 0 0 0 0 0 0 0 0 0 0 0 0 0 0 0 0 0 0 0 0
0.224463 4.36035e-11 3.78688e-11 5.73478e-12 0.131521 0.137381 0 0 0 0 0 0 0 0 0 0 0 0 0 0 0 0 0 0 0 0 0 0 0 0 0 0 0 0 0 0 0 0 0 0 0 0 0 0 0 0 0 0 0 0 0 0 0 0 0 0 0 0 0 0 0 0 0 0 0 0 0 0 0 0 0 0 0 0 0 0 0 0 0 0 0 0 0 0 0 0 0 0 0 0 0 0 0 0 0 0 0 0 0 0 0 0 0 0 0 0 0 0 0 0 0 0 0 0 0 0 0 0 0 0 0 0 0 0 0 0 0 0 0 0 0 0 0 0 0 0 0 0 0 0 0 0
0.235984 4.54101e-11 3.95869e-11 5.82326e-12 0.128237 0.121711 0 0 0 0 0 0 0 0 0 0 0 0 0 0 0 0 0 0 0 0 0 0 0 0 0 0 0 0 0 0 0 0 0 0 0 0 0 0 0 0 0 0 0 0 0 0 0 0 0 0 0 0 0 0 0 0 0 0 0 0 0 0 0 0 0 0 0 0 0 0 0 0 0 0 0 0 0 0 0 0 0 0 0 0 0 0 0 0 0 0 0 0 0 0 0 0 0 0 0 0 0 0 0 0 0 0 0 0 0 0 0 0 0 0 0 0 0 0 0 0 0 0 0 0 0 0 0 0 0 0 0 0 0 0 0 0
0.248097 4.77209e-11 4.17042e-11 6.01668e-12 0.126081 0.107526 0 0 0 0 0 0 0 0 0 0 0 0 0 0 0 0 0 0 0 0 0 0 0 0 0 0 0 0 0 0 0 0 0 0 0 0 0 0 0 0 0 0 0 0 0 0 0 0 0 0 0 0 0 0 0 0 0 0 0 0 0 0 0 0 0 0 0 0 0 0 0 0 0 0 0 0 0 0 0 0 0 0 0 0 0 0 0 0 0 0 0 0 0 0 0 0 0 0 0 0 0 0 0 0 0 0 0 0 0 0 0 0 0 0 0 0 0 0 0 0 0 0 0 0 0 0 0 0 0 0 0 0 0 0 0 0
0.260832 4.95829e-11 4.34875e-11 6.09542e-12 0.122934 0.0950785 0 0 0 0 0 0 0 0 0 0 0 0 0 0 0 0 0 0 0 0 0 0 0 0 0 0 0 0 0 0 0 0 0 0 0 0 0 0 0 0 0 0 0 0 0 0 0 0 0 0 0 0 0 0 0 0 0 0 0 0 0 0 0 0 0 0 0 0 0 0 0 0 0 0 0 0 0 0 0 0 0 0 0 0 0 0 0 0 0 0 0 0 0 0 0 0 0 0 0 0 0 0 0 0 0 0 0 0 0 0 0 0 0 0 0 0 0 0 0 0 0 0 0 0 0 0 0 0 0 0 0 0 0 0 0 0
0.274221 5.06904e-11 4.4675e-11 6.01541e-12 0.11867 0.0842099 0 0 0 0 0 0 0 0 0 0 0 0 0 0 0 0 0 0 0 0 0 0 0 0 0 0 0 0 0 0 0 0 0 0 0 0 0 0 0 0 0 0 0 0 0 0 0 0 0 0 0 0 0 0 0 0 0 0 0 0 0 0 0 0 0 0 0 0 0 0 0 0 0 0 0 0 0 0 0 0 0 0 0 0 0 0 0 0 0 0 0 0 0 0 0 0 0 0 0 0 0 0 0 0 0 0 0 0 0 0 0 0 0 0 0 0 0 0 0 0 0 0 0 0 0 0 0 0 0 0 0 0 0 0 0 0
0.288297 5.08869e-11 4.51298e-11 5.75715e-12 0.113136 0.0747617 0 0 0 0 0 0 0 0 0 0 0 0 0 0 0 0 0 0 0 0 0 0 0 0 0 0 0 0 0 0 0 0 0 0 0 0 0 0 0 0 0 0 0 0 0 0 0 0 0 0 0 0 0 0 0 0 0 0 0 0 0 0 0 0 0 0 0 0 0 0 0 0 0 0 0 0 0 0 0 0 0 0 0 0 0 0 0 0 0 0 0 0 0 0 0 0 0 0 0 0 0 0 0 0 0 0 0 0 0 0 0 0 0 0 0 0 0 0 0 0 0 0 0 0 0 0 0 0 0 0 0 0 0 0 0 0
0.303095 5.03339e-11 4.49337e-11 5.40012e-12 0.107286 0.066631 0 0 0 0 0 0 0 0 0 0 0 0 0 0 0 0 0 0 0 0 0 0 0 0 0 0 0 0 0 0 0 0 0 0 0 0 0 0 0 0 0 0 0 0 0 0 0 0 0 0 0 0 0 0 0 0 0 0 0 0 0 0 0 0 0 0 0 0 0 0 0 0 0 0 0 0 0 0 0 0 0 0 0 0 0 0 0 0 0 0 0 0 0 0 0 0 0 0 0 0 0 0 0 0 0 0 0 0 0 0 0 0 0 0 0 0 0 0 0 0 0 0 0 0 0 0 0 0 0 0 0 0 0 0 0 0
0.318653 4.90394e-11 4.40917e-11 4.94766e-12 0.100892 0.0596081 0 0 0 0 0 0 0 0 0 0 0 0 0 0 0 0 0 0 0 0 0 0 0 0 0 0 0 0 0 0 0 0 0 0 0 0 0 0 0 0 0 0 0 0 0 0 0 0 0 0 0 0 0 0 0 0 0 0 0 0 0 0 0 0 0 0 0 0 0 0 0 0 0 0 0 0 0 0 0 0 0 0 0 0 0 0 0 0 0 0 0 0 0 0 0 0 0 0 0 0 0 0 0 0 0 0 0 0 0 0 0 0 0 0 0 0 0 0 0 0 0 0 0 0 0 0 0 0 0 0 0 0 0 0 0 0
0.335009 4.71776e-11 4.27249e-11 4.45271e-12 0.0943818 0.0535337 0 0 0 0 0 0 0 0 0 0 0 0 0 0 0 0 0 0 0 0 0 0 0 0 0 0 0 0 0 0 0 0 0 0 0 0 0 0 0 0 0 0 0 0 0 0 0 0 0 0 0 0 0 0 0 0 0 0 0 0 0 0 0 0 0 0 0 0 0 0 0 0 0 0 0 0 0 0 0 0 0 0 0 0 0 0 0 0 0 0 0 0 0 0 0 0 0 0 0 0 0 0 0 0 0 0 0 0 0 0 0 0 0 0 0 0 0 0 0 0 0 0 0 0 0 0 0 0 0 0 0 0 0 0 0 0
0.352205 4.48623e-11 4.09197e-11 3.94255e-12 0.0878811 0.048278 0 0 0 0 0 0 0 0 0 0 0 0 0 0 0 0 0 0 0 0 0 0 0 0 0 0 0 0 0 0 0 0 0 0 0 0 0 0 0 0 0 0 0 0 0 0 0 0 0 0 0 0 0 0 0 0 0 0 0 0 0 0 0 0 0 0 0 0 0 0 0 0 0 0 0 0 0 0 0 0 0 0 0 0 0 0 0 0 0 0 0 0 0 0 0 0 0 0 0 0 0 0 0 0 0 0 0 0 0 0 0 0 0 0 0 0 0 0 0 0 0 0 0 0 0 0 0 0 0 0 0 0 0 0 0 0
0.370284 4.22899e-11 3.88401e-11 3.44985e-12 0.0815761 0.0436806 0 0 0 0 0 0 0 0 0 0 0 0 0 0 0 0 0 0 0 0 0 0 0 0 0 0 0 0 0 0 0 0 0 0 0 0 0 0 0 0 0 0 0 0 0 0 0 0 0 0 0 0 0 0 0 0 0 0 0 0 0 0 0 0 0 0 0 0 0 0 0 0 0 0 0 0 0 0 0 0 0 0 0 0 0 0 0 0 0 0 0 0 0 0 0 0 0 0 0 0 0 0 0 0 0 0 0 0 0 0 0 0 0 0 0 0 0 0 0 0 0 0 0 0 0 0 0 0 0 0 0 0 0 0 0 0
0.389291 3.95401e-11 3.65548e-11 2.98529e-12 0.0755005 0.0396619 0 0 0 0 0 0 0 0 0 0 0 0 0 0 0 0 0 0 0 0 0 0 0 0 0 0 0 0 0 0 0 0 0 0 0 0 0 0 0 0 0 0 0 0 0 0 0 0 0 0 0 0 0 0 0 0 0 0 0 0 0 0 0 0 0 0 0 0 0 0 0 0 0 0 0 0 0 0 0 0 0 0 0 0 0 0 0 0 0 0 0 0 0 0 0 0 0 0 0 0 0 0 0 0 0 0 0 0 0 0 0 0 0 0 0 0 0 0 0 0 0 0 0 0 0 0 0 0 0 0 0 0 0 0 0 0
0.409273 3.67611e-11 3.41969e-11 2.56423e-12 0.069754 0.0360998 0 0 0 0 0 0 0 0 0 0 0 0 0 0 0 0 0 0 0 0 0 0 0 0 0 0 0 0 0 0 0 0 0 0 0 0 0 0 0 0 0 0 0 0 0 0 0 0 0 0 0 0 0 0 0 0 0 0 0 0 0 0 0 0 0 0 0 0 0 0 0 0 0 0 0 0 0 0 0 0 0 0 0 0 0 0 0 0 0 0 0 0 0 0 0 0 0 0 0 0 0 0 0 0 0 0 0 0 0 0 0 0 0 0 0 0 0 0 0 0 0 0 0 0 0 0 0 0 0 0 0 0 0 0 0 0
0.430281 3.39547e-11 3.17691e-11 2.18554e-12 0.0643665 0.0329773 0 0 0 0 0 0 0 0 0 0 0 0 0 0 0 0 0 0 0 0 0 0 0 0 0 0 0 0 0 0 0 0 0 0 0 0 0 0 0 0 0 0 0 0 0 0 0 0 0 0 0 0 0 0 0 0 0 0 0 0 0 0 0 0 0 0 0 0 0 0 0 0 0 0 0 0 0 0 0 0 0 0 0 0 0 0 0 0 0 0 0 0 0 0 0 0 0 0 0 0 0 0 0 0 0 0 0 0 0 0 0 0 0 0 0 0 0 0 0 0 0 0 0 0 0 0 0 0 0 0 0 0 0 0 0 0
0.452368 3.11528e-11 2.93036e-11 1.84916e-12 0.0593578 0.0302589 0 0 0 0 0 0 0 0 0 0 0 0 0 0 0 0 0 0 0 0 0 0 0 0 0 0 0 0 0 0 0 0 0 0 0 0 0 0 0 0 0 0 0 0 0 0 0 0 0 0 0 0 0 0 0 0 0 0 0 0 0 0 0 0 0 0 0 0 0 0 0 0 0 0 0 0 0 0 0 0 0 0 0 0 0 0 0 0 0 0 0 0 0 0 0 0 0 0 0 0 0 0 0 0 0 0 0 0 0 0 0 0 0 0 0 0 0 0 0 0 0 0 0 0 0 0 0 0 0 0 0 0 0 0 0 0
0.475588 2.84293e-11 2.68733e-11 1.55602e-12 0.0547331 0.0278769 0 0 0 0 0 0 0 0 0 0 0 0 0 0 0 0 0 0 0 0 0 0 0 0 0 0 0 0 0 0 0 0 0 0 0 0 0 0 0 0 0 0 0 0 0 0 0 0 0 0 0 0 0 0 0 0 0 0 0 0 0 0 0 0 0 0 0 0 0 0 0 0 0 0 0 0 0 0 0 0 0 0 0 0 0 0 0 0 0 0 0 0 0 0 0 0 0 0 0 0 0 0 0 0 0 0 0 0 0 0 0 0 0 0 0 0 0 0 0 0 0 0 0 0 0 0 0 0 0 0 0 0 0 0 0 0
0.5 2.57666e-11 2.4469e-11 1.2976e-12 0.0503599 0.0258387 0 0 0 0 0 0 0 0 0 0 0 0 0 0 0 0 0 0 0 0 0 0 0 0 0 0 0 0 0 0 0 0 0 0 0 0 0 0 0 0 0 0 0 0 0 0 0 0 0 0 0 0 0 0 0 0 0 0 0 0 0 0 0 0 0 0 0 0 0 0 0 0 0 0 0 0 0 0 0 0 0 0 0 0 0 0 0 0 0 0 0 0 0 0 0 0 0 0 0 0 0 0 0 0 0 0 0 0 0 0 0 0 0 0 0 0 0 0 0 0 0 0 0 0 0 0 0 0 0 0 0 0 0 0 0 0
0.525665 2.3249e-11 2.21744e-11 1.07458e-12 0.0462206 0.0240638 0 0 0 0 0 0 0 0 0 0 0 0 0 0 0 0 0 0 0 0 0 0 0 0 0 0 0 0 0 0 0 0 0 0 0 0 0 0 0 0 0 0 0 0 0 0 0 0 0 0 0 0 0 0 0 0 0 0 0 0 0 0 0 0 0 0 0 0 0 0 0 0 0 0 0 0 0 0 0 0 0 0 0 0 0 0 0 0 0 0 0 0 0 0 0 0 0 0 0 0 0 0 0 0 0 0 0 0 0 0 0 0 0 0 0 0 0 0 0 0 0 0 0 0 0 0 0 0 0 0 0 0 0 0 0 0
0.552648 2.09298e-11 2.00444e-11 8.85453e-13 0.0423058 0.022485 0 0 0 0 0 0 0 0 0 0 0 0 0 0 0 0 0 0 0 0 0 0 0 0 0 0 0 0 0 0 0 0 0 0 0 0 0 0 0 0 0 0 0 0 0 0 0 0 0 0 0 0 0 0 0 0 0 0 0 0 0 0 0 0 0 0 0 0 0 0 0 0 0 0 0 0 0 0 0 0 0 0 0 0 0 0 0 0 0 0 0 0 0 0 0 0 0 0 0 0 0 0 0 0 0 0 0 0 0 0 0 0 0 0 0 0 0 0 0 0 0 0 0 0 0 0 0 0 0 0 0 0 0 0 0 0
0.581015 1.88218e-11 1.80947e-11 7.27153e-13 0.0386335 0.0210611 0 0 0 0 0 0 0 0 0 0 0 0 0 0 0 0 0 0 0 0 0 0 0 0 0 0 0 0 0 0 0 0 0 0 0 0 0 0 0 0 0 0 0 0 0 0 0 0 0 0 0 0 0 0 0 0 0 0 0 0 0 0 0 0 0 0 0 0 0 0 0 0 0 0 0 0 0 0 0 0 0 0 0 0 0 0 0 0 0 0 0 0 0 0 0 0 0 0 0 0 0 0 0 0 0 0 0 0 0 0 0 0 0 0 0 0 0 0 0 0 0 0 0 0 0 0 0 0 0 0 0 0 0 0 0 0
0.610839 1.69269e-11 1.63307e-11 5.96199e-13 0.035222 0.0197505 0 0 0 0 0 0 0 0 0 0 0 0 0 0 0 0 0 0 0 0 0 0 0 0 0 0 0 0 0 0 0 0 0 0 0 0 0 0 0 0 0 0 0 0 0 0 0 0 0 0 0 0 0 0 0 0 0 0 0 0 0 0 0 0 0 0 0 0 0 0 0 0 0 0 0 0 0 0 0 0 0 0 0 0 0 0 0 0 0 0 0 0 0 0 0 0 0 0 0 0 0 0 0 0 0 0 0 0 0 0 0 0 0 0 0 0 0 0 0 0 0 0 0 0 0 0 0 0 0 0 0 0 0 0 0 0
0.642193 1.52301e-11 1.47418e-11 4.88227e-13 0.0320568 0.0185341 0 0 0 0 0 0 0 0 0 0 0 0 0 0 0 0 0 0 0 0 0 0 0 0 0 0 0 0 0 0 0 0 0 0 0 0 0 0 0 0 0 0 0 0 0 0 0 0 0 0 0 0 0 0 0 0 0 0 0 0 0 0 0 0 0 0 0 0 0 0 0 0 0 0 0 0 0 0 0 0 0 0 0 0 0 0 0 0 0 0 0 0 0 0 0 0 0 0 0 0 0 0 0 0 0 0 0 0 0 0 0 0 0 0 0 0 0 0 0 0 0 0 0 0 0 0 0 0 0 0 0 0 0 0 0 0
0.675157 1.37157e-11 1.3316e-11 3.99751e-13 0.0291454 0.0173943 0 0 0 0 0 0 0 0 0 0 0 0 0 0 0 0 0 0 0 0 0 0 0 0 0 0 0 0 0 0 0 0 0 0 0 0 0 0 0 0 0 0 0 0 0 0 0 0 0 0 0 0 0 0 0 0 0 0 0 0 0 0 0 0 0 0 0 0 0 0 0 0 0 0 0 0 0 0 0 0 0 0 0 0 0 0 0 0 0 0 0 0 0 0 0 0 0 0 0 0 0 0 0 0 0 0 0 0 0 0 0 0 0 0 0 0 0 0 0 0 0 0 0 0 0 0 0 0 0 0 0 0 0 0 0 0
0.709813 1.23527e-11 1.20255e-11 3.27222e-13 0.0264899 0.0163394 0 0 0 0 0 0 0 0 0 0 0 0 0 0 0 0 0 0 0 0 0 0 0 0 0 0 0 0 0 0 0 0 0 0 0 0 0 0 0 0 0 0 0 0 0 0 0 0 0 0 0 0 0 0 0 0 0 0 0 0 0 0 0 0 0 0 0 0 0 0 0 0 0 0 0 0 0 0 0 0 0 0 0 0 0 0 0 0 0 0 0 0 0 0 0 0 0 0 0 0 0 0 0 0 0 0 0 0 0 0 0 0 0 0 0 0 0 0 0 0 0 0 0 0 0 0 0 0 0 0 0 0 0 0 0 0
0.746248 1.11244e-11 1.08567e-11 2.67687e-13 0.0240631 0.0153594 0 0 0 0 0 0 0 0 0 0 0 0 0 0 0 0 0 0 0 0 0 0 0 0 0 0 0 0 0 0 0 0 0 0 0 0 0 0 0 0 0 0 0 0 0 0 0 0 0 0 0 0 0 0 0 0 0 0 0 0 0 0 0 0 0 0 0 0 0 0 0 0 0 0 0 0 0 0 0 0 0 0 0 0 0 0 0 0 0 0 0 0 0 0 0 0 0 0 0 0 0 0 0 0 0 0 0 0 0 0 0 0 0 0 0 0 0 0 0 0 0 0 0 0 0 0 0 0 0 0 0 0 0 0 0 0
0.784553 9.99693e-12 9.77819e-12 2.18741e-13 0.0218808 0.0144717 0 0 0 0 0 0 0 0 0 0 0 0 0 0 0 0 0 0 0 0 0 0 0 0 0 0 0 0 0 0 0 0 0 0 0 0 0 0 0 0 0 0 0 0 0 0 0 0 0 0 0 0 0 0 0 0 0 0 0 0 0 0 0 0 0 0 0 0 0 0 0 0 0 0 0 0 0 0 0 0 0 0 0 0 0 0 0 0 0 0 0 0 0 0 0 0 0 0 0 0 0 0 0 0 0 0 0 0 0 0 0 0 0 0 0 0 0 0 0 0 0 0 0 0 0 0 0 0 0 0 0 0 0 0 0 0
0.824824 8.96903e-12 8.79085e-12 1.78187e-13 0.0198669 0.0136565 0 0 0 0 0 0 0 0 0 0 0 0 0 0 0 0 0 0 0 0 0 0 0 0 0 0 0 0 0 0 0 0 0 0 0 0 0 0 0 0 0 0 0 0 0 0 0 0 0 0 0 0 0 0 0 0 0 0 0 0 0 0 0 0 0 0 0 0 0 0 0 0 0 0 0 0 0 0 0 0 0 0 0 0 0 0 0 0 0 0 0 0 0 0 0 0 0 0 0 0 0 0 0 0 0 0 0 0 0 0 0 0 0 0 0 0 0 0 0 0 0 0 0 0 0 0 0 0 0 0 0 0 0 0 0 0
0.867162 8.08034e-12 7.93547e-12 1.44868e-13 0.0179285 0.0128383 0 0 0 0 0 0 0 0 0 0 0 0 0 0 0 0 0 0 0 0 0 0 0 0 0 0 0 0 0 0 0 0 0 0 0 0 0 0 0 0 0 0 0 0 0 0 0 0 0 0 0 0 0 0 0 0 0 0 0 0 0 0 0 0 0 0 0 0 0 0 0 0 0 0 0 0 0 0 0 0 0 0 0 0 0 0 0 0 0 0 0 0 0 0 0 0 0 0 0 0 0 0 0 0 0 0 0 0 0 0 0 0 0 0 0 0 0 0 0 0 0 0 0 0 0 0 0 0 0 0 0 0 0 0 0 0
0.911674 7.31968e-12 7.2018e-12 1.17875e-13 0.0161038 0.0120091 0 0 0 0 0 0 0 0 0 0 0 0 0 0 0 0 0 0 0 0 0 0 0 0 0 0 0 0 0 0 0 0 0 0 0 0 0 0 0 0 0 0 0 0 0 0 0 0 0 0 0 0 0 0 0 0 0 0 0 0 0 0 0 0 0 0 0 0 0 0 0 0 0 0 0 0 0 0 0 0 0 0 0 0 0 0 0 0 0 0 0 0 0 0 0 0 0 0 0 0 0 0 0 0 0 0 0 0 0 0 0 0 0 0 0 0 0 0 0 0 0 0 0 0 0 0 0 0 0 0 0 0 0 0 0 0
0.95847 6.66834e-12 6.57208e-12 9.62591e-14 0.0144352 0.0111828 0 0 0 0 0 0 0 0 0 0 0 0 0 0 0 0 0 0 0 0 0 0 0 0 0 0 0 0 0 0 0 0 0 0 0 0 0 0 0 0 0 0 0 0 0 0 0 0 0 0 0 0 0 0 0 0 0 0 0 0 0 0 0 0 0 0 0 0 0 0 0 0 0 0 0 0 0 0 0 0 0 0 0 0 0 0 0 0 0 0 0 0 0 0 0 0 0 0 0 0 0 0 0 0 0 0 0 0 0 0 0 0 0 0 0 0 0 0 0 0 0 0 0 0 0 0 0 0 0 0 0 0 0 0 0 0
1.00767 6.07472e-12 5.99597e-12 7.87455e-14 0.0129628 0.0104151 0 0 0 0 0 0 0 0 0 0 0 0 0 0 0 0 0 0 0 0 0 0 0 0 0 0 0 0 0 0 0 0 0 0 0 0 0 0 0 0 0 0 0 0 0 0 0 0 0 0 0 0 0 0 0 0 0 0 0 0 0 0 0 0 0 0 0 0 0 0 0 0 0 0 0 0 0 0 0 0 0 0 0 0 0 0 0 0 0 0 0 0 0 0 0 0 0 0 0 0 0 0 0 0 0 0 0 0 0 0 0 0 0 0 0 0 0 0 0 0 0 0 0 0 0 0 0 0 0 0 0 0 0 0 0 0
1.05939 5.53941e-12 5.47498e-12 6.44336e-14 0.0116319 0.00969211 0 0 0 0 0 0 0 0 0 0 0 0 0 0 0 0 0 0 0 0 0 0 0 0 0 0 0 0 0 0 0 0 0 0 0 0 0 0 0 0 0 0 0 0 0 0 0 0 0 0 0 0 0 0 0 0 0 0 0 0 0 0 0 0 0 0 0 0 0 0 0 0 0 0 0 0 0 0 0 0 0 0 0 0 0 0 0 0 0 0 0 0 0 0 0 0 0 0 0 0 0 0 0 0 0 0 0 0 0 0 0 0 0 0 0 0 0 0 0 0 0 0 0 0 0 0 0 0 0 0 0 0 0 0 0 0
1.11377 5.05651e-12 5.00377e-12 5.27397e-14 0.0104301 0.00901123 0 0 0 0 0 0 0 0 0 0 0 0 0 0 0 0 0 0 0 0 0 0 0 0 0 0 0 0 0 0 0 0 0 0 0 0 0 0 0 0 0 0 0 0 0 0 0 0 0 0 0 0 0 0 0 0 0 0 0 0 0 0 0 0 0 0 0 0 0 0 0 0 0 0 0 0 0 0 0 0 0 0 0 0 0 0 0 0 0 0 0 0 0 0 0 0 0 0 0 0 0 0 0 0 0 0 0 0 0 0 0 0 0 0 0 0 0 0 0 0 0 0 0 0 0 0 0 0 0 0 0 0 0 0 0 0
1.17094 4.61976e-12 4.57655e-12 4.32035e-14 0.0093519 0.00837257 0 0 0 0 0 0 0 0 0 0 0 0 0 0 0 0 0 0 0 0 0 0 0 0 0 0 0 0 0 0 0 0 0 0 0 0 0 0 0 0 0 0 0 0 0 0 0 0 0 0 0 0 0 0 0 0 0 0 0 0 0 0 0 0 0 0 0 0 0 0 0 0 0 0 0 0 0 0 0 0 0 0 0 0 0 0 0 0 0 0 0 0 0 0 0 0 0 0 0 0 0 0 0 0 0 0 0 0 0 0 0 0 0 0 0 0 0 0 0 0 0 0 0 0 0 0 0 0 0 0 0 0 0 0 0 0
1.23105 4.22539e-12 4.18999e-12 3.5398e-14 0.00837745 0.00777166 0 0 0 0 0 0 0 0 0 0 0 0 0 0 0 0 0 0 0 0 0 0 0 0 0 0 0 0 0 0 0 0 0 0 0 0 0 0 0 0 0 0 0 0 0 0 0 0 0 0 0 0 0 0 0 0 0 0 0 0 0 0 0 0 0 0 0 0 0 0 0 0 0 0 0 0 0 0 0 0 0 0 0 0 0 0 0 0 0 0 0 0 0 0 0 0 0 0 0 0 0 0 0 0 0 0 0 0 0 0 0 0 0 0 0 0 0 0 0 0 0 0 0 0 0 0 0 0 0 0 0 0 0 0 0 0
1.29424 3.86364e-12 3.83464e-12 2.90051e-14 0.0075072 0.00721381 0 0 0 0 0 0 0 0 0 0 0 0 0 0 0 0 0 0 0 0 0 0 0 0 0 0 0 0 0 0 0 0 0 0 0 0 0 0 0 0 0 0 0 0 0 0 0 0 0 0 0 0 0 0 0 0 0 0 0 0 0 0 0 0 0 0 0 0 0 0 0 0 0 0 0 0 0 0 0 0 0 0 0 0 0 0 0 0 0 0 0 0 0 0 0 0 0 0 0 0 0 0 0 0 0 0 0 0 0 0 0 0 0 0 0 0 0 0 0 0 0 0 0 0 0 0 0 0 0 0 0 0 0 0 0 0
1.36067 3.53509e-12 3.51136e-12 2.37282e-14 0.00671219 0.00668701 0 0 0 0 0 0 0 0 0 0 0 0 0 0 0 0 0 0 0 0 0 0 0 0 0 0 0 0 0 0 0 0 0 0 0 0 0 0 0 0 0 0 0 0 0 0 0 0 0 0 0 0 0 0 0 0 0 0 0 0 0 0 0 0 0 0 0 0 0 0 0 0 0 0 0 0 0 0 0 0 0 0 0 0 0 0 0 0 0 0 0 0 0 0 0 0 0 0 0 0 0 0 0 0 0 0 0 0 0 0 0 0 0 0 0 0 0 0 0 0 0 0 0 0 0 0 0 0 0 0 0 0 0 0 0 0
1.43051 3.25768e-12 3.23826e-12 1.94243e-14 0.00596262 0.00616785 0 0 0 0 0 0 0 0 0 0 0 0 0 0 0 0 0 0 0 0 0 0 0 0 0 0 0 0 0 0 0 0 0 0 0 0 0 0 0 0 0 0 0 0 0 0 0 0 0 0 0 0 0 0 0 0 0 0 0 0 0 0 0 0 0 0 0 0 0 0 0 0 0 0 0 0 0 0 0 0 0 0 0 0 0 0 0 0 0 0 0 0 0 0 0 0 0 0 0 0 0 0 0 0 0 0 0 0 0 0 0 0 0 0 0 0 0 0 0 0 0 0 0 0 0 0 0 0 0 0 0 0 0 0 0 0
1.50394 3.00702e-12 2.99107e-12 1.59426e-14 0.00530181 0.00568799 0 0 0 0 0 0 0 0 0 0 0 0 0 0 0 0 0 0 0 0 0 0 0 0 0 0 0 0 0 0 0 0 0 0 0 0 0 0 0 0 0 0 0 0 0 0 0 0 0 0 0 0 0 0 0 0 0 0 0 0 0 0 0 0 0 0 0 0 0 0 0 0 0 0 0 0 0 0 0 0 0 0 0 0 0 0 0 0 0 0 0 0 0 0 0 0 0 0 0 0 0 0 0 0 0 0 0 0 0 0 0 0 0 0 0 0 0 0 0 0 0 0 0 0 0 0 0 0 0 0 0 0 0 0 0 0
1.58114 2.77431e-12 2.76122e-12 1.30954e-14 0.00472022 0.00524865 0 0 0 0 0 0 0 0 0 0 0 0 0 0 0 0 0 0 0 0 0 0 0 0 0 0 0 0 0 0 0 0 0 0 0 0 0 0 0 0 0 0 0 0 0 0 0 0 0 0 0 0 0 0 0 0 0 0 0 0 0 0 0 0 0 0 0 0 0 0 0 0 0 0 0 0 0 0 0 0 0 0 0 0 0 0 0 0 0 0 0 0 0 0 0 0 0 0 0 0 0 0 0 0 0 0 0 0 0 0 0 0 0 0 0 0 0 0 0 0 0 0 0 0 0 0 0 0 0 0 0 0 0 0 0 0
1.6623 2.55509e-12 2.54434e-12 1.07513e-14 0.00420779 0.00484721 0 0 0 0 0 0 0 0 0 0 0 0 0 0 0 0 0 0 0 0 0 0 0 0 0 0 0 0 0 0 0 0 0 0 0 0 0 0 0 0 0 0 0 0 0 0 0 0 0 0 0 0 0 0 0 0 0 0 0 0 0 0 0 0 0 0 0 0 0 0 0 0 0 0 0 0 0 0 0 0 0 0 0 0 0 0 0 0 0 0 0 0 0 0 0 0 0 0 0 0 0 0 0 0 0 0 0 0 0 0 0 0 0 0 0 0 0 0 0 0 0 0 0 0 0 0 0 0 0 0 0 0 0 0 0 0
1.74763 2.35623e-12 2.34741e-12 8.82019e-15 0.00374335 0.00447053 0 0 0 0 0 0 0 0 0 0 0 0 0 0 0 0 0 0 0 0 0 0 0 0 0 0 0 0 0 0 0 0 0 0 0 0 0 0 0 0 0 0 0 0 0 0 0 0 0 0 0 0 0 0 0 0 0 0 0 0 0 0 0 0 0 0 0 0 0 0 0 0 0 0 0 0 0 0 0 0 0 0 0 0 0 0 0 0 0 0 0 0 0 0 0 0 0 0 0 0 0 0 0 0 0 0 0 0 0 0 0 0 0 0 0 0 0 0 0 0 0 0 0 0 0 0 0 0 0 0 0 0 0 0 0 0
1.83733 2.186e-12 2.17876e-12 7.24119e-15 0.00331253 0.00410881 0 0 0 0 0 0 0 0 0 0 0 0 0 0 0 0 0 0 0 0 0 0 0 0 0 0 0 0 0 0 0 0 0 0 0 0 0 0 0 0 0 0 0 0 0 0 0 0 0 0 0 0 0 0 0 0 0 0 0 0 0 0 0 0 0 0 0 0 0 0 0 0 0 0 0 0 0 0 0 0 0 0 0 0 0 0 0 0 0 0 0 0 0 0 0 0 0 0 0 0 0 0 0 0 0 0 0 0 0 0 0 0 0 0 0 0 0 0 0 0 0 0 0 0 0 0 0 0 0 0 0 0 0 0 0 0
1.93164 2.02487e-12 2.01891e-12 5.95594e-15 0.0029414 0.00378385 0 0 0 0 0 0 0 0 0 0 0 0 0 0 0 0 0 0 0 0 0 0 0 0 0 0 0 0 0 0 0 0 0 0 0 0 0 0 0 0 0 0 0 0 0 0 0 0 0 0 0 0 0 0 0 0 0 0 0 0 0 0 0 0 0 0 0 0 0 0 0 0 0 0 0 0 0 0 0 0 0 0 0 0 0 0 0 0 0 0 0 0 0 0 0 0 0 0 0 0 0 0 0 0 0 0 0 0 0 0 0 0 0 0 0 0 0 0 0 0 0 0 0 0 0 0 0 0 0 0 0 0 0 0 0 0
2.03079 1.87066e-12 1.86576e-12 4.89279e-15 0.00261555 0.00348745 0 0 0 0 0 0 0 0 0 0 0 0 0 0 0 0 0 0 0 0 0 0 0 0 0 0 0 0 0 0 0 0 0 0 0 0 0 0 0 0 0 0 0 0 0 0 0 0 0 0 0 0 0 0 0 0 0 0 0 0 0 0 0 0 0 0 0 0 0 0 0 0 0 0 0 0 0 0 0 0 0 0 0 0 0 0 0 0 0 0 0 0 0 0 0 0 0 0 0 0 0 0 0 0 0 0 0 0 0 0 0 0 0 0 0 0 0 0 0 0 0 0 0 0 0 0 0 0 0 0 0 0 0 0 0 0
2.13503 1.73377e-12 1.72976e-12 4.01804e-15 0.00231751 0.00320725 0 0 0 0 0 0 0 0 0 0 0 0 0 0 0 0 0 0 0 0 0 0 0 0 0 0 0 0 0 0 0 0 0 0 0 0 0 0 0 0 0 0 0 0 0 0 0 0 0 0 0 0 0 0 0 0 0 0 0 0 0 0 0 0 0 0 0 0 0 0 0 0 0 0 0 0 0 0 0 0 0 0 0 0 0 0 0 0 0 0 0 0 0 0 0 0 0 0 0 0 0 0 0 0 0 0 0 0 0 0 0 0 0 0 0 0 0 0 0 0 0 0 0 0 0 0 0 0 0 0 0 0 0 0 0 0
2.24463 1.60953e-12 1.60623e-12 3.29995e-15 0.00205026 0.00294684 0 0 0 0 0 0 0 0 0 0 0 0 0 0 0 0 0 0 0 0 0 0 0 0 0 0 0 0 0 0 0 0 0 0 0 0 0 0 0 0 0 0 0 0 0 0 0 0 0 0 0 0 0 0 0 0 0 0 0 0 0 0 0 0 0 0 0 0 0 0 0 0 0 0 0 0 0 0 0 0 0 0 0 0 0 0 0 0 0 0 0 0 0 0 0 0 0 0 0 0 0 0 0 0 0 0 0 0 0 0 0 0 0 0 0 0 0 0 0 0 0 0 0 0 0 0 0 0 0 0 0 0 0 0 0 0
2.35984 1.49821e-12 1.4955e-12 2.711e-15 0.00180949 0.00270387 0 0 0 0 0 0 0 0 0 0 0 0 0 0 0 0 0 0 0 0 0 0 0 0 0 0 0 0 0 0 0 0 0 0 0 0 0 0 0 0 0 0 0 0 0 0 0 0 0 0 0 0 0 0 0 0 0 0 0 0 0 0 0 0 0 0 0 0 0 0 0 0 0 0 0 0 0 0 0 0 0 0 0 0 0 0 0 0 0 0 0 0 0 0 0 0 0 0 0 0 0 0 0 0 0 0 0 0 0 0 0 0 0 0 0 0 0 0 0 0 0 0 0 0 0 0 0 0 0 0 0 0 0 0 0 0
2.48097 1.39267e-12 1.39044e-12 2.22952e-15 0.0016009 0.00248449 0 0 0 0 0 0 0 0 0 0 0 0 0 0 0 0 0 0 0 0 0 0 0 0 0 0 0 0 0 0 0 0 0 0 0 0 0 0 0 0 0 0 0 0 0 0 0 0 0 0 0 0 0 0 0 0 0 0 0 0 0 0 0 0 0 0 0 0 0 0 0 0 0 0 0 0 0 0 0 0 0 0 0 0 0 0 0 0 0 0 0 0 0 0 0 0 0 0 0 0 0 0 0 0 0 0 0 0 0 0 0 0 0 0 0 0 0 0 0 0 0 0 0 0 0 0 0 0 0 0 0 0 0 0 0 0
2.60832 1.29676e-12 1.29493e-12 1.82857e-15 0.0014101 0.00227645 0 0 0 0 0 0 0 0 0 0 0 0 0 0 0 0 0 0 0 0 0 0 0 0 0 0 0 0 0 0 0 0 0 0 0 0 0 0 0 0 0 0 0 0 0 0 0 0 0 0 0 0 0 0 0 0 0 0 0 0 0 0 0 0 0 0 0 0 0 0 0 0 0 0 0 0 0 0 0 0 0 0 0 0 0 0 0 0 0 0 0 0 0 0 0 0 0 0 0 0 0 0 0 0 0 0 0 0 0 0 0 0 0 0 0 0 0 0 0 0 0 0 0 0 0 0 0 0 0 0 0 0 0 0 0 0
2.74221 1.22064e-12 1.21914e-12 1.50527e-15 0.00123318 0.00207889 0 0 0 0 0 0 0 0 0 0 0 0 0 0 0 0 0 0 0 0 0 0 0 0 0 0 0 0 0 0 0 0 0 0 0 0 0 0 0 0 0 0 0 0 0 0 0 0 0 0 0 0 0 0 0 0 0 0 0 0 0 0 0 0 0 0 0 0 0 0 0 0 0 0 0 0 0 0 0 0 0 0 0 0 0 0 0 0 0 0 0 0 0 0 0 0 0 0 0 0 0 0 0 0 0 0 0 0 0 0 0 0 0 0 0 0 0 0 0 0 0 0 0 0 0 0 0 0 0 0 0 0 0 0 0 0
2.88297 1.13812e-12 1.13688e-12 1.23919e-15 0.0010888 0.00190884 0 0 0 0 0 0 0 0 0 0 0 0 0 0 0 0 0 0 0 0 0 0 0 0 0 0 0 0 0 0 0 0 0 0 0 0 0 0 0 0 0 0 0 0 0 0 0 0 0 0 0 0 0 0 0 0 0 0 0 0 0 0 0 0 0 0 0 0 0 0 0 0 0 0 0 0 0 0 0 0 0 0 0 0 0 0 0 0 0 0 0 0 0 0 0 0 0 0 0 0 0 0 0 0 0 0 0 0 0 0 0 0 0 0 0 0 0 0 0 0 0 0 0 0 0 0 0 0 0 0 0 0 0 0 0 0
3.03095 1.06792e-12 1.0669e-12 1.01887e-15 0.000954071 0.00174498 0 0 0 0 0 0 0 0 0 0 0 0 0 0 0 0 0 0 0 0 0 0 0 0 0 0 0 0 0 0 0 0 0 0 0 0 0 0 0 0 0 0 0 0 0 0 0 0 0 0 0 0 0 0 0 0 0 0 0 0 0 0 0 0 0 0 0 0 0 0 0 0 0 0 0 0 0 0 0 0 0 0 0 0 0 0 0 0 0 0 0 0 0 0 0 0 0 0 0 0 0 0 0 0 0 0 0 0 0 0 0 0 0 0 0 0 0 0 0 0 0 0 0 0 0 0 0 0 0 0 0 0 0 0 0 0
3.18653 1.00439e-12 1.00355e-12 8.40364e-16 0.000836687 0.00159708 0 0 0 0 0 0 0 0 0 0 0 0 0 0 0 0 0 0 0 0 0 0 0 0 0 0 0 0 0 0 0 0 0 0 0 0 0 0 0 0 0 0 0 0 0 0 0 0 0 0 0 0 0 0 0 0 0 0 0 0 0 0 0 0 0 0 0 0 0 0 0 0 0 0 0 0 0 0 0 0 0 0 0 0 0 0 0 0 0 0 0 0 0 0 0 0 0 0 0 0 0 0 0 0 0 0 0 0 0 0 0 0 0 0 0 0 0 0 0 0 0 0 0 0 0 0 1.4013e-45 0 1.4013e-45 0 1.4013e-45 0 2.8026e-45 0 2.8026e-45 0
3.35009 9.30689e-13 9.29997e-13 6.92374e-16 0.000743937 0.00147282 0 0 0 0 0 0 0 0 0 0 0 0 0 0 0 0 0 0 0 0 0 0 0 0 0 0 0 0 0 0 0 0 0 0 0 0 0 0 0 0 0 0 0 0 0 0 0 0 0 0 0 0 0 0 0 0 0 0 0 0 0 0 0 0 0 0 0 0 0 0 0 0 0 0 0 0 0 0 0 0 0 0 0 0 0 0 0 0 0 0 0 0 0 0 0 0 0 0 0 0 1.4013e-45 0 1.4013e-45 0 1.4013e-45 0 2.8026e-45 0 4.2039e-45 0 5.60519e-45 0 9.80909e-45 0 1.26117e-44 0 1.82169e-44 0 2.8026e-44 0 3.92364e-44 0 5.60519e-44 0 7.70714e-44 0 1.06499e-43 0 1.5134e-43 0 2.07392e-43 0 2.83062e-43 0 3.76949e-43 0
3.52205 8.76583e-13 8.76014e-13 5.69266e-16 0.000649414 0.00134407 0 0 0 0 0 0 0 0 0 0 0 0 0 0 0 0 0 0 0 0 0 0 0 0 0 0 0 0 0 0 0 0 0 0 0 0 0 0 0 0 0 0 0 0 0 0 0 0 0 0 0 0 0 0 0 0 0 0 0 0 0 0 0 0 0 0 0 0 0 0 0 0 0 0 0 0 0 0 0 0 0 0 1.4013e-45 0 1.4013e-45 0 2.8026e-45 0 5.60519e-45 0 9.80909e-45 0 1.54143e-44 0 2.52234e-44 0 3.92364e-44 0 6.02558e-44 0 9.10844e-44 0 1.41531e-43 0 2.08793e-43 0 3.15292e-43 0 4.72238e-43 0 6.88038e-43 0 9.99126e-43 0 1.40971e-42 0 1.98284e-42 0 2.85585e-42 0 3.99931e-42 0 5.58558e-42 0 7.58943e-42 0 1.02897e-41 0 1.42792e-41 0 1.92833e-41 0 2.59927e-41 0 3.41188e-41 0
3.70284 8.22058e-13 8.21589e-13 4.69053e-16 0.000570584 0.00123166 0 0 0 0 0 0 0 0 0 0 0 0 0 0 0 0 0 0 0 0 0 0 0 0 0 0 0 0 0 0 0 0 0 0 0 0 0 0 0 0 0 0 0 0 0 0 0 0 0 0 0 0 0 0 0 0 0 0 0 0 0 0 0 0 0 0 1.4013e-45 0 1.4013e-45 0 4.2039e-45 0 7.00649e-45 0 1.4013e-44 0 2.52234e-44 0 4.48416e-44 0 7.84727e-44 0 1.37327e-43 0 2.29813e-43 0 3.82554e-43 0 6.17973e-43 0 9.92119e-43 0 1.58627e-42 0 2.52514e-42 0 3.89421e-42 0 5.8252e-42 0 8.68385e-42 0 1.32465e-41 0 1.91081e-41 0 2.82067e-41 0 4.15037e-41 0 5.93478e-41 0 8.46314e-41 0 1.17381e-40 0 1.6243e-40 0 2.29868e-40 0 3.16593e-40 0 4.35065e-40 0 5.8229e-40 0 7.77886e-40 0 1.06236e-39 0 1.4138e-39 0 1.8781e-39 0 2.4327e-39 0
3.89291 7.67606e-13 7.67219e-13 3.86731e-16 0.000503814 0.00113207 0 0 0 0 0 0 0 0 0 0 0 0 0 0 0 0 0 0 0 0 0 0 0 0 0 0 0 0 0 0 0 0 0 0 0 0 0 0 0 0 0 0 0 0 0 0 0 0 0 0 0 0 0 0 1.4013e-45 0 1.4013e-45 0 4.2039e-45 0 1.12104e-44 0 2.38221e-44 0 5.32493e-44 0 1.06499e-43 0 2.14399e-43 0 4.11982e-43 0 7.60905e-43 0 1.3985e-42 0 2.4775e-42 0 4.35944e-42 0 7.41147e-42 0 1.25262e-41 0 2.04842e-41 0 3.33299e-41 0 5.25375e-41 0 8.24496e-41 0 1.28831e-40 0 2.0044e-40 0 3.02678e-40 0 4.43941e-40 0 6.49051e-40 0 9.69864e-40 0 1.37426e-39 0 1.99041e-39 0 2.87403e-39 0 4.03849e-39 0 5.66005e-39 0 7.72593e-39 0 1.05228e-38 0 1.46413e-38 0 1.98525e-38 0 2.68614e-38 0 3.54433e-38 0 4.66841e-38 0 6.27935e-38 0 8.24084e-38 0 1.07965e-37 0 1.38091e-37 0
4.09273 7.19805e-13 7.19487e-13 3.18574e-16 0.000442583 0.00103754 0 0 0 0 0 0 0 0 0 0 0 0 0 0 0 0 0 0 0 0 0 0 0 0 0 0 0 0 0 0 0 0 0 0 0 0 0 0 0 0 0 0 0 0 0 0 1.4013e-45 0 4.2039e-45 0 1.4013e-44 0 3.78351e-44 0 9.52883e-44 0 2.31214e-43 0 5.17079e-43 0 1.13926e-42 0 2.40883e-42 0 5.03206e-42 0 9.81189e-42 0 1.89582e-41 0 3.52903e-41 0 6.33779e-41 0 1.12985e-40 0 1.94643e-40 0 3.33177e-40 0 5.51953e-40 0 9.09284e-40 0 1.45172e-39 0 2.30651e-39 0 3.55589e-39 0 5.45902e-39 0 8.34605e-39 0 1.27079e-38 0 1.88073e-38 0 2.7074e-38 0 3.88554e-38 0 5.69333e-38 0 7.93115e-38 0 1.12812e-37 0 1.59997e-37 0 2.2112e-37 0 3.0484e-37 0 4.09831e-37 0 5.49836e-37 0 7.52797e-37 0 1.00567e-36 0 1.34079e-36 0 1.74537e-36 0 2.2682e-36 0 3.00705e-36 0 3.89433e-36 0 5.03519e-36 0 6.36328e-36 0
4.30281 6.75696e-13 6.75434e-13 2.61891e-16 0.000387587 0.000948836 0 0 0 0 0 0 0 0 0 0 0 0 0 0 0 0 0 0 0 0 0 0 0 0 0 0 0 0 0 0 0 0 0 0 0 0 0 0 1.4013e-45 0 4.2039e-45 0 1.54143e-44 0 5.32493e-44 0 1.70958e-43 0 5.12875e-43 0 1.37187e-42 0 3.59433e-42 0 8.69926e-42 0 2.01072e-41 0 4.31978e-41 0 9.16575e-41 0 1.86775e-40 0 3.76448e-40 0 7.10593e-40 0 1.32946e-39 0 2.40085e-39 0 4.19008e-39 0 7.26187e-39 0 1.21825e-38 0 2.0313e-38 0 3.2832e-38 0 5.27849e-38 0 8.23707e-38 0 1.27946e-37 0 1.93127e-37 0 2.90348e-37 0 4.34795e-37 0 6.48577e-37 0 9.41679e-37 0 1.33169e-36 0 1.87776e-36 0 2.70057e-36 0 3.70166e-36 0 5.1754e-36 0 7.21593e-36 0 9.8163e-36 0 1.33224e-35 0 1.76539e-35 0 2.33473e-35 0 3.1479e-35 0 4.14628e-35 0 5.45085e-35 0 7.00484e-35 0 8.98745e-35 0 1.17522e-34 0 1.50289e-34 0 1.91894e-34 0 2.39753e-34 0
4.52368 6.31051e-13 6.30836e-13 2.15288e-16 0.000341158 0.000870185 0 0 0 0 0 0 0 0 0 0 0 0 0 0 0 0 0 0 0 0 0 0 0 0 0 0 0 0 0 0 0 0 0 0 2.8026e-45 0 2.10195e-44 0 9.66896e-44 0 4.04975e-43 0 1.47837e-42 0 4.89053e-42 0 1.47487e-41 0 4.206e-41 0 1.07147e-40 0 2.67871e-40 0 6.2089e-40 0 1.37757e-39 0 2.85109e-39 0 5.83123e-39 0 1.14768e-38 0 2.23534e-38 0 4.09061e-38 0 7.42267e-38 0 1.30232e-37 0 2.2119e-37 0 3.73191e-37 0 6.10447e-37 0 9.92762e-37 0 1.56743e-36 0 2.46225e-36 0 3.75975e-36 0 5.71579e-36 0 8.45591e-36 0 1.24621e-35 0 1.82976e-35 0 2.67666e-35 0 3.81617e-35 0 5.30615e-35 0 7.35751e-35 0 1.03954e-34 0 1.40312e-34 0 1.92991e-34 0 2.64751e-34 0 3.54787e-34 0 4.7438e-34 0 6.20033e-34 0 8.08881e-34 0 1.07481e-33 0 1.39678e-33 0 1.81189e-33 0 2.30011e-33 0 2.91543e-33 0 3.76267e-33 0 4.75435e-33 0 5.99852e-33 0 7.41352e-33 0
4.75588 5.91211e-13 5.91033e-13 1.77164e-16 0.000299663 0.000797419 0 0 0 0 0 0 0 0 0 0 0 0 0 0 0 0 0 0 0 0 0 0 0 0 0 0 0 0 0 0 7.00649e-45 0 5.46506e-44 0 3.57331e-43 0 1.94921e-42 0 8.49467e-42 0 3.32038e-41 0 1.13676e-40 0 3.54545e-40 0 1.01323e-39 0 2.74532e-39 0 6.68153e-39 0 1.59731e-38 0 3.55347e-38 0 7.58325e-38 0 1.5147e-37 0 2.99161e-37 0 5.69649e-37 0 1.07398e-36 0 1.90821e-36 0 3.36329e-36 0 5.74116e-36 0 9.50203e-36 0 1.56276e-35 0 2.49559e-35 0 3.96332e-35 0 6.11953e-35 0 9.40342e-35 0 1.40649e-34 0 2.09495e-34 0 3.04055e-34 0 4.39704e-34 0 6.33606e-34 0 9.09812e-34 0 1.27487e-33 0 1.74433e-33 0 2.3804e-33 0 3.30697e-33 0 4.39871e-33 0 5.95673e-33 0 8.04645e-33 0 1.06299e-32 0 1.40129e-32 0 1.80775e-32 0 2.32793e-32 0 3.05063e-32 0 3.91409e-32 0 5.01323e-32 0 6.29034e-32 0 7.88136e-32 0 1.00458e-31 0 1.25493e-31 0 1.56547e-31 0 1.91485e-31 0
5 5.50179e-13 5.50033e-13 1.45682e-16 0.000264791 0.000733032 0 0 0 0 0 0 0 0 0 0 0 0 0 0 0 0 0 0 0 0 0 0 0 0 0 0 4.2039e-45 0 6.16571e-44 0 6.43196e-43 0 4.88493e-42 0 2.88289e-41 0 1.44561e-40 0 5.8639e-40 0 2.14447e-39 0 6.91345e-39 0 2.03977e-38 0 5.53797e-38 0 1.42923e-37 0 3.33061e-37 0 7.63056e-37 0 1.63255e-36 0 3.35734e-36 0 6.48332e-36 0 1.23863e-35 0 2.28554e-35 0 4.17764e-35 0 7.21729e-35 0 1.23736e-34 0 2.05775e-34 0 3.32296e-34 0 5.33397e-34 0 8.32545e-34 0 1.29266e-33 0 1.95404e-33 0 2.9403e-33 0 4.31228e-33 0 6.29932e-33 0 8.9779e-33 0 1.27515e-32 0 1.80498e-32 0 2.54644e-32 0 3.5099e-32 0 4.72943e-32 0 6.35679e-32 0 8.69055e-32 0 1.13997e-31 0 1.52106e-31 0 2.02473e-31 0 2.63867e-31 0 3.43184e-31 0 4.37257e-31 0 5.56169e-31 0 7.19272e-31 0 9.11694e-31 0 1.15369e-30 0 1.43164e-30 0 1.7741e-30 0 2.23469e-30 0 2.76144e-30 0 3.40777e-30 0 4.12751e-30 0
5.25665 5.16794e-13 5.16675e-13 1.19437e-16 0.000231112 0.000668636 0 0 0 0 0 0 0 0 0 0 0 0 0 0 0 0 0 0 0 0 0 0 0 0 1.54143e-44 0 3.81153e-43 0 5.38379e-42 0 5.00726e-41 0 3.44184e-40 0 1.86278e-39 0 8.63378e-39 0 3.27074e-38 0 1.12275e-37 0 3.41853e-37 0 9.56717e-37 0 2.47386e-36 0 6.09569e-36 0 1.36303e-35 0 2.99889e-35 0 6.18219e-35 0 1.22739e-34 0 2.29526e-34 0 4.24865e-34 0 7.60865e-34 0 1.35039e-33 0 2.27149e-33 0 3.79316e-33 0 6.15336e-33 0 9.70697e-33 0 1.52256e-32 0 2.32537e-32 0 3.53378e-32 0 5.23511e-32 0 7.72184e-32 0 1.11151e-31 0 1.59392e-31 0 2.23272e-31 0 3.11731e-31 0 4.33835e-31 0 6.01849e-31 0 8.16666e-31 0 1.08451e-30 0 1.43679e-30 0 1.93452e-30 0 2.50418e-30 0 3.2946e-30 0 4.32472e-30 0 5.56367e-30 0 7.1438e-30 0 8.99504e-30 0 1.13076e-29 0 1.44413e-29 0 1.8094e-29 0 2.26351e-29 0 2.7794e-29 0 3.40838e-29 0 4.24515e-29 0 5.19185e-29 0 6.34159e-29 0 7.60946e-29 0
5.52648 4.88675e-13 4.88577e-13 9.78986e-17 0.000200335 0.000607573 0 0 0 0 0 0 0 0 0 0 0 0 0 0 0 0 0 0 0 0 0 0 2.8026e-44 0 1.36767e-42 0 3.01503e-41 0 3.74311e-40 0 3.12239e-39 0 1.95344e-38 0 9.73563e-38 0 4.18682e-37 0 1.48624e-36 0 4.80368e-36 0 1.38522e-35 0 3.68674e-35 0 9.10102e-35 0 2.14593e-34 0 4.61356e-34 0 9.7672e-34 0 1.94363e-33 0 3.73174e-33 0 6.76842e-33 0 1.21577e-32 0 2.11617e-32 0 3.65208e-32 0 5.98912e-32 0 9.75395e-32 0 1.54537e-31 0 2.38418e-31 0 3.65835e-31 0 5.47297e-31 0 8.14887e-31 0 1.18427e-30 0 1.71397e-30 0 2.42368e-30 0 3.41493e-30 0 4.70548e-30 0 6.46358e-30 0 8.85134e-30 0 1.20846e-29 0 1.61553e-29 0 2.11588e-29 0 2.76494e-29 0 3.66909e-29 0 4.69005e-29 0 6.08833e-29 0 7.88652e-29 0 1.00218e-28 0 1.2712e-28 0 1.58271e-28 0 1.96752e-28 0 2.48294e-28 0 3.07691e-28 0 3.80727e-28 0 4.62837e-28 0 5.61953e-28 0 6.92453e-28 0 8.38592e-28 0 1.01434e-27 0 1.20636e-27 0
5.81015 4.73521e-13 4.73441e-13 8.00145e-17 0.000168978 0.00054332 0 0 0 0 0 0 0 0 0 0 0 0 0 0 0 0 0 0 0 0 1.68156e-44 0 2.51393e-42 0 1.02609e-40 0 1.94559e-39 0 2.13593e-38 0 1.60644e-37 0 9.1896e-37 0 4.23452e-36 0 1.69587e-35 0 5.65892e-35 0 1.72721e-34 0 4.72971e-34 0 1.20005e-33 0 2.83457e-33 0 6.4095e-33 0 1.32744e-32 0 2.70922e-32 0 5.21311e-32 0 9.69537e-32 0 1.70811e-31 0 2.98167e-31 0 5.05136e-31 0 8.4884e-31 0 1.35882e-30 0 2.16091e-30 0 3.34759e-30 0 5.05643e-30 0 7.5982e-30 0 1.11457e-29 0 1.62758e-29 0 2.32256e-29 0 3.30128e-29 0 4.58993e-29 0 6.3598e-29 0 8.62716e-29 0 1.16683e-28 0 1.57353e-28 0 2.1159e-28 0 2.78884e-28 0 3.60479e-28 0 4.64944e-28 0 6.08518e-28 0 7.68577e-28 0 9.85089e-28 0 1.26001e-27 0 1.58255e-27 0 1.98418e-27 0 2.44411e-27 0 3.00624e-27 0 3.75092e-27 0 4.59979e-27 0 5.63276e-27 0 6.78257e-27 0 8.15741e-27 0 9.9498e-27 0 1.19375e-26 0 1.43059e-26 0 1.68705e-26 0
6.10839 4.69148e-13 4.69082e-13 6.60152e-17 0.000140713 0.000483541 0 0 0 0 0 0 0 0 0 0 0 0 0 0 0 0 0 0 1.4013e-45 0 1.58487e-42 0 1.84691e-40 0 6.29003e-39 0 1.03307e-37 0 1.00894e-36 0 6.87635e-36 0 3.61252e-35 0 1.54498e-34 0 5.78217e-34 0 1.8192e-33 0 5.25811e-33 0 1.37075e-32 0 3.3234e-32 0 7.52738e-32 0 1.63561e-31 0 3.26914e-31 0 6.44372e-31 0 1.20091e-30 0 2.16681e-30 0 3.71334e-30 0 6.30805e-30 0 1.04152e-29 0 1.70639e-29 0 2.66954e-29 0 4.15026e-29 0 6.29346e-29 0 9.31658e-29 0 1.37242e-28 0 1.97588e-28 0 2.83248e-28 0 3.9724e-28 0 5.55023e-28 0 7.5936e-28 0 1.03555e-27 0 1.38398e-27 0 1.84444e-27 0 2.45128e-27 0 3.24887e-27 0 4.2248e-27 0 5.39287e-27 0 6.86981e-27 0 8.87384e-27 0 1.10809e-26 0 1.40313e-26 0 1.77329e-26 0 2.20256e-26 0 2.73123e-26 0 3.33025e-26 0 4.055e-26 0 5.00508e-26 0 6.07695e-26 0 7.3684e-26 0 8.79241e-26 0 1.04798e-25 0 1.26591e-25 0 1.50536e-25 0 1.78815e-25 0 2.0918e-25 0
6.42193 4.47695e-13 4.4764e-13 5.52219e-17 0.000123347 0.000444137 0 0 0 0 0 0 0 0 0 0 0 0 0 0 0 0 0 0 1.27518e-43 0 1.13274e-40 0 1.04629e-38 0 2.99951e-37 0 4.29719e-36 0 3.75488e-35 0 2.3302e-34 0 1.12894e-33 0 4.49748e-33 0 1.57817e-32 0 4.69502e-32 0 1.2885e-31 0 3.20549e-31 0 7.44286e-31 0 1.61981e-30 0 3.38881e-30 0 6.5481e-30 0 1.24862e-29 0 2.25737e-29 0 3.95731e-29 0 6.60573e-29 0 1.09349e-28 0 1.76179e-28 0 2.81772e-28 0 4.31287e-28 0 6.56219e-28 0 9.75068e-28 0 1.41607e-27 0 2.04693e-27 0 2.89499e-27 0 4.07771e-27 0 5.62511e-27 0 7.7321e-27 0 1.04181e-26 0 1.39937e-26 0 1.84391e-26 0 2.42318e-26 0 3.17602e-26 0 4.15193e-26 0 5.33033e-26 0 6.72344e-26 0 8.46417e-26 0 1.07975e-25 0 1.33375e-25 0 1.66954e-25 0 2.08599e-25 0 2.56368e-25 0 3.1458e-25 0 3.7988e-25 0 4.58125e-25 0 5.59682e-25 0 6.73134e-25 0 8.08543e-25 0 9.56513e-25 0 1.13035e-24 0 1.35287e-24 0 1.59522e-24 0 1.87903e-24 0 2.18135e-24 0
6.75157 4.22231e-13 4.22185e-13 4.55841e-17 0.00010796 0.000406548 0 0 0 0 0 0 0 0 0 0 0 0 0 0 0 0 0 0 1.00823e-41 0 6.40168e-39 0 4.74083e-37 0 1.15371e-35 0 1.45138e-34 0 1.14085e-33 0 6.4762e-33 0 2.90495e-32 0 1.08175e-31 0 3.57021e-31 0 1.00707e-30 0 2.63087e-30 0 6.26018e-30 0 1.39499e-29 0 2.92285e-29 0 5.89842e-29 0 1.10367e-28 0 2.03923e-28 0 3.58165e-28 0 6.10909e-28 0 9.94564e-28 0 1.60635e-27 0 2.52852e-27 0 3.95232e-27 0 5.92509e-27 0 8.83237e-27 0 1.28726e-26 0 1.83571e-26 0 2.60621e-26 0 3.62413e-26 0 5.02006e-26 0 6.81714e-26 0 9.2262e-26 0 1.22515e-25 0 1.6221e-25 0 2.10881e-25 0 2.73458e-25 0 3.53713e-25 0 4.56391e-25 0 5.78819e-25 0 7.21867e-25 0 8.98602e-25 0 1.13278e-24 0 1.3849e-24 0 1.71465e-24 0 2.11919e-24 0 2.57839e-24 0 3.1324e-24 0 3.74794e-24 0 4.47878e-24 0 5.41841e-24 0 6.45829e-24 0 7.68835e-24 0 9.02106e-24 0 1.0574e-23 0 1.2545e-23 0 1.46738e-23 0 1.71468e-23 0 1.97611e-23 0
7.09813 4.08665e-13 4.08627e-13 3.77013e-17 9.22548e-05 0.000366208 0 0 0 0 0 0 0 0 0 0 0 0 0 0 0 0 5.60519e-45 0 6.48239e-40 0 3.00339e-37 0 1.80257e-35 0 3.75363e-34 0 4.17299e-33 0 2.96603e-32 0 1.54685e-31 0 6.44827e-31 0 2.25193e-30 0 7.01136e-30 0 1.8801e-29 0 4.6866e-29 0 1.06896e-28 0 2.29063e-28 0 4.62922e-28 0 9.02714e-28 0 1.6382e-27 0 2.9375e-27 0 5.01939e-27 0 8.34108e-27 0 1.326e-26 0 2.09212e-26 0 3.22101e-26 0 4.92615e-26 0 7.24045e-26 0 1.05848e-25 0 1.51455e-25 0 2.12274e-25 0 2.96258e-25 0 4.0539e-25 0 5.52675e-25 0 7.39392e-25 0 9.86005e-25 0 1.29132e-24 0 1.68644e-24 0 2.16454e-24 0 2.77146e-24 0 3.54007e-24 0 4.51122e-24 0 5.65537e-24 0 6.97738e-24 0 8.59329e-24 0 1.07109e-23 0 1.29669e-23 0 1.58879e-23 0 1.94343e-23 0 2.34201e-23 0 2.81833e-23 0 3.34274e-23 0 3.95998e-23 0 4.74641e-23 0 5.60905e-23 0 6.62076e-23 0 7.70801e-23 0 8.96511e-23 0 1.05479e-22 0 1.22437e-22 0 1.41987e-22 0 1.62506e-22 0
7.46248 3.87798e-13 3.87767e-13 3.14122e-17 8.10015e-05 0.000335528 0 0 0 0 0 0 0 0 0 0 0 0 0 0 0 0 5.46506e-43 0 3.28876e-38 0 1.12915e-35 0 5.54892e-34 0 9.963e-33 0 9.84727e-32 0 6.36003e-31 0 3.05993e-30 0 1.1897e-29 0 3.90868e-29 0 1.15132e-28 0 2.94211e-28 0 7.01405e-28 0 1.5367e-27 0 3.17265e-27 0 6.19522e-27 0 1.16933e-26 0 2.06119e-26 0 3.59208e-26 0 5.97942e-26 0 9.69308e-26 0 1.50645e-25 0 2.32449e-25 0 3.50416e-25 0 5.24916e-25 0 7.57149e-25 0 1.08654e-24 0 1.52775e-24 0 2.10622e-24 0 2.89208e-24 0 3.8973e-24 0 5.23346e-24 0 6.90275e-24 0 9.0766e-24 0 1.17316e-23 0 1.51228e-23 0 1.91751e-23 0 2.42571e-23 0 3.06163e-23 0 3.85561e-23 0 4.78044e-23 0 5.83774e-23 0 7.11697e-23 0 8.77587e-23 0 1.05256e-22 0 1.27694e-22 0 1.54668e-22 0 1.847e-22 0 2.20263e-22 0 2.59081e-22 0 3.04391e-22 0 3.6163e-22 0 4.23883e-22 0 4.96305e-22 0 5.73534e-22 0 6.62169e-22 0 7.72914e-22 0 8.9067e-22 0 1.02545e-21 0 1.16593e-21 0
7.84553 3.61086e-13 3.61059e-13 2.60472e-17 7.21357e-05 0.00031056 0 0 0 0 0 0 0 0 0 0 0 0 0 0 0 0 3.78897e-41 0 1.33174e-36 0 3.43821e-34 0 1.39703e-32 0 2.17849e-31 0 1.92533e-30 0 1.13525e-29 0 5.05866e-29 0 1.84063e-28 0 5.70609e-28 0 1.5944e-27 0 3.89195e-27 0 8.89313e-27 0 1.87519e-26 0 3.73686e-26 0 7.06238e-26 0 1.2923e-25 0 2.21576e-25 0 3.75814e-25 0 6.10213e-25 0 9.6614e-25 0 1.46955e-24 0 2.22003e-24 0 3.28029e-24 0 4.81781e-24 0 6.82611e-24 0 9.62454e-24 0 1.33094e-23 0 1.80636e-23 0 2.44222e-23 0 3.2435e-23 0 4.29327e-23 0 5.58664e-23 0 7.24848e-23 0 9.2521e-23 0 1.17797e-22 0 1.47639e-22 0 1.84637e-22 0 2.30407e-22 0 2.86911e-22 0 3.52016e-22 0 4.257e-22 0 5.13987e-22 0 6.27342e-22 0 7.45775e-22 0 8.96257e-22 0 1.07547e-21 0 1.27321e-21 0 1.50537e-21 0 1.75669e-21 0 2.04774e-21 0 2.41242e-21 0 2.80587e-21 0 3.26005e-21 0 3.74084e-21 0 4.28875e-21 0 4.96837e-21 0 5.68582e-21 0 6.50132e-21 0 7.34577e-21 0
8.24824 3.34745e-13 3.34724e-13 2.16361e-17 6.46344e-05 0.000288671 0 0 0 0 0 0 0 0 0 0 0 0 0 0 2.66247e-44 0 2.09245e-39 0 4.4117e-35 0 8.68481e-33 0 2.94498e-31 0 4.01593e-30 0 3.19103e-29 0 1.72543e-28 0 7.14751e-28 0 2.44174e-27 0 7.16276e-27 0 1.90349e-26 0 4.44834e-26 0 9.76254e-26 0 1.98488e-25 0 3.8245e-25 0 7.00684e-25 0 1.24486e-24 0 2.07898e-24 0 3.43635e-24 0 5.44913e-24 0 8.43613e-24 0 1.25717e-23 0 1.86132e-23 0 2.69834e-23 0 3.8894e-23 0 5.41774e-23 0 7.51173e-23 0 1.02246e-22 0 1.36714e-22 0 1.82138e-22 0 2.38568e-22 0 3.11488e-22 0 4.00148e-22 0 5.12619e-22 0 6.46566e-22 0 8.1355e-22 0 1.00847e-21 0 1.2475e-21 0 1.54e-21 0 1.89724e-21 0 2.30463e-21 0 2.76129e-21 0 3.30343e-21 0 3.99293e-21 0 4.70683e-21 0 5.60603e-21 0 6.6674e-21 0 7.82852e-21 0 9.1806e-21 0 1.06328e-20 0 1.2302e-20 0 1.43774e-20 0 1.65994e-20 0 1.91455e-20 0 2.1822e-20 0 2.48518e-20 0 2.8584e-20 0 3.24969e-20 0 3.69155e-20 0 4.14624e-20 0
8.67162 3.07152e-13 3.07134e-13 1.78914e-17 5.82493e-05 0.00026983 0 0 0 0 0 0 0 0 0 0 0 0 4.90454e-44 0 2.08513e-42 0 9.2545e-38 0 1.20003e-33 0 1.82531e-31 0 5.21124e-30 0 6.25523e-29 0 4.492e-28 0 2.23676e-27 0 8.64451e-27 0 2.78122e-26 0 7.741e-26 0 1.9613e-25 0 4.39735e-25 0 9.2873e-25 0 1.82396e-24 0 3.40368e-24 0 6.05421e-24 0 1.04585e-23 0 1.70343e-23 0 2.74736e-23 0 4.25961e-23 0 6.45532e-23 0 9.4343e-23 0 1.3703e-22 0 1.95082e-22 0 2.76217e-22 0 3.78581e-22 0 5.16597e-22 0 6.92658e-22 0 9.13119e-22 0 1.19959e-21 0 1.55067e-21 0 1.99846e-21 0 2.53608e-21 0 3.20985e-21 0 4.00295e-21 0 4.98058e-21 0 6.10952e-21 0 7.47948e-21 0 9.13875e-21 0 1.11446e-20 0 1.34097e-20 0 1.59256e-20 0 1.88863e-20 0 2.2618e-20 0 2.64486e-20 0 3.12337e-20 0 3.6834e-20 0 4.29109e-20 0 4.99322e-20 0 5.74174e-20 0 6.596e-20 0 7.65029e-20 0 8.77086e-20 0 1.0046e-19 0 1.13775e-19 0 1.28752e-19 0 1.47079e-19 0 1.66168e-19 0 1.87591e-19 0 2.09505e-19 0
9.11674 2.80017e-13 2.80002e-13 1.47476e-17 5.26668e-05 0.000253086 0 0 0 0 0 0 0 4.2039e-45 0 0 2.94273e-44 0 3.5621e-42 0 1.26331e-40 0 3.32476e-36 0 2.71515e-32 0 3.23145e-30 0 7.83311e-29 0 8.328e-28 0 5.43168e-27 0 2.50077e-26 0 9.04753e-26 0 2.74945e-25 0 7.27953e-25 0 1.76253e-24 0 3.79896e-24 0 7.73589e-24 0 1.47002e-23 0 2.66091e-23 0 4.60179e-23 0 7.74013e-23 0 1.231e-22 0 1.93961e-22 0 2.94354e-22 0 4.37123e-22 0 6.27118e-22 0 8.9442e-22 0 1.25156e-21 0 1.74226e-21 0 2.35145e-21 0 3.16037e-21 0 4.17721e-21 0 5.43295e-21 0 7.04294e-21 0 8.99082e-21 0 1.14444e-20 0 1.43552e-20 0 1.79613e-20 0 2.2159e-20 0 2.72783e-20 0 3.31293e-20 0 4.01593e-20 0 4.85907e-20 0 5.86845e-20 0 6.99769e-20 0 8.24111e-20 0 9.69219e-20 0 1.15055e-19 0 1.33517e-19 0 1.56398e-19 0 1.82961e-19 0 2.11563e-19 0 2.44365e-19 0 2.79088e-19 0 3.18447e-19 0 3.66683e-19 0 4.17595e-19 0 4.75147e-19 0 5.34862e-19 0 6.01626e-19 0 6.82813e-19 0 7.66854e-19 0 8.60607e-19 0 9.55972e-19 0
9.5847 2.55016e-13 2.55004e-13 1.2125e-17 4.75463e-05 0.000237181 0 0 0 0 0 0 0 1.82169e-43 2.8026e-45 0 2.18603e-42 0 2.06533e-40 0 6.1529e-39 0 9.85178e-35 0 5.18258e-31 0 4.88439e-29 0 1.01332e-27 0 9.59913e-27 0 5.71299e-26 0 2.44133e-25 0 8.29499e-25 0 2.38761e-24 0 6.02803e-24 0 1.39784e-23 0 2.90203e-23 0 5.7078e-23 0 1.05116e-22 0 1.84839e-22 0 3.11226e-22 0 5.10354e-22 0 7.93492e-22 0 1.22281e-21 0 1.81832e-21 0 2.64861e-21 0 3.73345e-21 0 5.23328e-21 0 7.20379e-21 0 9.8675e-21 0 1.31242e-20 0 1.73862e-20 0 2.26694e-20 0 2.91082e-20 0 3.72589e-20 0 4.7e-20 0 5.91257e-20 0 7.33479e-20 0 9.0774e-20 0 1.10847e-19 0 1.35077e-19 0 1.62501e-19 0 1.95142e-19 0 2.33925e-19 0 2.79926e-19 0 3.30936e-19 0 3.8664e-19 0 4.51132e-19 0 5.31068e-19 0 6.11824e-19 0 7.11159e-19 0 8.25597e-19 0 9.47915e-19 0 1.08721e-18 0 1.23366e-18 0 1.39861e-18 0 1.5994e-18 0 1.80995e-18 0 2.04645e-18 0 2.29036e-18 0 2.56151e-18 0 2.88926e-18 0 3.22653e-18 0 3.60067e-18 0 3.97919e-18 0
10.0767 2.34216e-13 2.34206e-13 9.93742e-18 4.24285e-05 0.000220322 0 0 0 0 0 0 0 7.03031e-42 1.9478e-43 0 1.28713e-40 0 9.73889e-39 0 2.45826e-37 0 2.45349e-33 0 8.49455e-30 0 6.41228e-28 0 1.14724e-26 0 9.73779e-26 0 5.31216e-25 0 2.11465e-24 0 6.7685e-24 0 1.85022e-23 0 4.46475e-23 0 9.93678e-23 0 1.99067e-22 0 3.78812e-22 0 6.77138e-22 0 1.15833e-21 0 1.90137e-21 0 3.04351e-21 0 4.63114e-21 0 6.9877e-21 0 1.01914e-20 0 1.45749e-20 0 2.02031e-20 0 2.78562e-20 0 3.77514e-20 0 5.09222e-20 0 6.67921e-20 0 8.72759e-20 0 1.12332e-19 0 1.42488e-19 0 1.80201e-19 0 2.2475e-19 0 2.79584e-19 0 3.43204e-19 0 4.20346e-19 0 5.08313e-19 0 6.13478e-19 0 7.31398e-19 0 8.70496e-19 0 1.03431e-18 0 1.2269e-18 0 1.43867e-18 0 1.66811e-18 0 1.93175e-18 0 2.256e-18 0 2.58115e-18 0 2.97826e-18 0 3.43242e-18 0 3.91447e-18 0 4.45973e-18 0 5.02937e-18 0 5.66697e-18 0 6.43827e-18 0 7.24195e-18 0 8.13928e-18 0 9.05944e-18 0 1.00767e-17 0 1.12995e-17 0 1.25507e-17 0 1.39311e-17 0 1.53207e-17 0
10.5939 2.18786e-13 2.18778e-13 8.12389e-18 3.71317e-05 0.000201676 0 0 0 0 0 1.4013e-45 0 2.35491e-40 1.2948e-41 0 6.21459e-39 0 3.80683e-37 0 8.20774e-36 0 5.22548e-32 0 1.21528e-28 0 7.42786e-27 0 1.15437e-25 0 8.82682e-25 0 4.43242e-24 0 1.64936e-23 0 4.98771e-23 0 1.2981e-22 0 3.00057e-22 0 6.42227e-22 0 1.24369e-21 0 2.29346e-21 0 3.985e-21 0 6.64049e-21 0 1.06396e-20 0 1.66441e-20 0 2.48125e-20 0 3.6694e-20 0 5.25401e-20 0 7.38376e-20 0 1.00732e-19 0 1.36729e-19 0 1.82568e-19 0 2.42691e-19 0 3.14137e-19 0 4.05151e-19 0 5.15078e-19 0 6.45811e-19 0 8.07433e-19 0 9.96243e-19 0 1.22616e-18 0 1.49019e-18 0 1.80716e-18 0 2.16517e-18 0 2.58924e-18 0 3.06055e-18 0 3.61177e-18 0 4.25546e-18 0 5.00595e-18 0 5.82453e-18 0 6.70482e-18 0 7.70907e-18 0 8.93511e-18 0 1.01559e-17 0 1.16368e-17 0 1.33187e-17 0 1.50921e-17 0 1.70852e-17 0 1.91547e-17 0 2.14576e-17 0 2.42267e-17 0 2.70948e-17 0 3.02789e-17 0 3.35262e-17 0 3.70976e-17 0 4.13672e-17 0 4.57128e-17 0 5.0483e-17 0 5.52614e-17 0
11.1377 2.09837e-13 2.09831e-13 6.69276e-18 3.1895e-05 0.000182304 0 0 0 0 0 4.90454e-44 9.80909e-45 6.93277e-39 7.06982e-40 0 2.51015e-37 0 1.25775e-35 0 2.33421e-34 0 9.68993e-31 0 1.54349e-27 0 7.71758e-26 0 1.04903e-24 0 7.26298e-24 0 3.37081e-23 0 1.17637e-22 0 3.37029e-22 0 8.3713e-22 0 1.85747e-21 0 3.83063e-21 0 7.18255e-21 0 1.28553e-20 0 2.17423e-20 0 3.53386e-20 0 5.53324e-20 0 8.46886e-20 0 1.23814e-19 0 1.79638e-19 0 2.52745e-19 0 3.49344e-19 0 4.69415e-19 0 6.27727e-19 0 8.26429e-19 0 1.08342e-18 0 1.38482e-18 0 1.76398e-18 0 2.21647e-18 0 2.74851e-18 0 3.39909e-18 0 4.15112e-18 0 5.05761e-18 0 6.08841e-18 0 7.31424e-18 0 8.68625e-18 0 1.02972e-17 0 1.20726e-17 0 1.41322e-17 0 1.65181e-17 0 1.92777e-17 0 2.22648e-17 0 2.54542e-17 0 2.9068e-17 0 3.3449e-17 0 3.77822e-17 0 4.30048e-17 0 4.8897e-17 0 5.50703e-17 0 6.19667e-17 0 6.9086e-17 0 7.69642e-17 0 8.63829e-17 0 9.60832e-17 0 1.06794e-16 0 1.1766e-16 0 1.29552e-16 0 1.43696e-16 0 1.58019e-16 0 1.73665e-16 0 1.89265e-16 0
11.7094 1.95088e-13 1.95082e-13 5.52444e-18 2.83177e-05 0.00016878 0 0 0 0 0 1.60168e-42 7.73517e-43 1.70378e-37 3.03442e-38 0 8.0882e-36 0 3.34774e-34 0 5.38718e-33 0 1.48898e-29 0 1.65473e-26 0 6.83525e-25 0 8.17957e-24 0 5.15261e-23 0 2.21871e-22 0 7.28465e-22 0 1.9825e-21 0 4.71028e-21 0 1.00525e-20 0 2.00114e-20 0 3.63878e-20 0 6.3302e-20 0 1.04351e-19 0 1.65631e-19 0 2.53726e-19 0 3.80351e-19 0 5.45854e-19 0 7.77701e-19 0 1.07611e-18 0 1.46408e-18 0 1.93912e-18 0 2.55656e-18 0 3.32093e-18 0 4.29646e-18 0 5.42626e-18 0 6.8308e-18 0 8.48782e-18 0 1.04153e-17 0 1.27477e-17 0 1.54169e-17 0 1.86032e-17 0 2.21928e-17 0 2.64234e-17 0 3.11176e-17 0 3.65836e-17 0 4.25593e-17 0 4.94384e-17 0 5.73463e-17 0 6.64241e-17 0 7.61787e-17 0 8.65242e-17 0 9.81697e-17 0 1.12194e-16 0 1.25977e-16 0 1.42487e-16 0 1.60997e-16 0 1.80273e-16 0 2.01683e-16 0 2.23664e-16 0 2.47859e-16 0 2.76628e-16 0 3.06097e-16 0 3.38466e-16 0 3.71146e-16 0 4.06742e-16 0 4.48871e-16 0 4.91327e-16 0 5.37491e-16 0 5.83319e-16 0
12.3105 1.81202e-13 1.81197e-13 4.54703e-18 2.50937e-05 0.000156059 0 0 0 1.4013e-45 0 4.52619e-41 4.55744e-41 3.62319e-36 1.06602e-36 0 2.16324e-34 0 7.46552e-33 0 1.04896e-31 0 1.96905e-28 0 1.55376e-25 0 5.35194e-24 0 5.67357e-23 0 3.26684e-22 0 1.30991e-21 0 4.05829e-21 0 1.05176e-20 0 2.39553e-20 0 4.92671e-20 0 9.48331e-20 0 1.67479e-19 0 2.83584e-19 0 4.56208e-19 0 7.07964e-19 0 1.06216e-18 0 1.56108e-18 0 2.20119e-18 0 3.0824e-18 0 4.19804e-18 0 5.62635e-18 0 7.35035e-18 0 9.56087e-18 0 1.22618e-17 0 1.56655e-17 0 1.95607e-17 0 2.43486e-17 0 2.9936e-17 0 3.63688e-17 0 4.40762e-17 0 5.28127e-17 0 6.3146e-17 0 7.46844e-17 0 8.81671e-17 0 1.03005e-16 0 1.20145e-16 0 1.38741e-16 0 1.59992e-16 0 1.84244e-16 0 2.11884e-16 0 2.41379e-16 0 2.7246e-16 0 3.07232e-16 0 3.4884e-16 0 3.89484e-16 0 4.37888e-16 0 4.91831e-16 0 5.47686e-16 0 6.09384e-16 0 6.72393e-16 0 7.41403e-16 0 8.23032e-16 0 9.0622e-16 0 9.97146e-16 0 1.08851e-15 0 1.18759e-15 0 1.3043e-15 0 1.42139e-15 0 1.54813e-15 0 1.67343e-15 0
12.9424 1.74761e-13 1.74757e-13 3.73953e-18 2.1398e-05 0.000140189 0 0 0 2.52234e-44 0 1.14973e-39 2.24769e-39 6.96796e-35 3.2171e-35 0 5.03675e-33 0 1.46223e-31 0 1.80584e-30 0 2.34613e-27 0 1.33669e-24 0 3.87355e-23 0 3.65925e-22 0 1.93439e-21 0 7.2479e-21 0 2.12488e-20 0 5.25675e-20 0 1.15013e-19 0 2.28356e-19 0 4.25727e-19 0 7.31259e-19 0 1.20677e-18 0 1.89682e-18 0 2.88108e-18 0 4.23773e-18 0 6.11229e-18 0 8.4752e-18 0 1.16746e-17 0 1.5662e-17 0 2.06928e-17 0 2.66829e-17 0 3.42647e-17 0 4.34139e-17 0 5.48055e-17 0 6.76948e-17 0 8.33686e-17 0 1.01471e-16 0 1.22109e-16 0 1.46605e-16 0 1.7412e-16 0 2.0638e-16 0 2.42099e-16 0 2.83498e-16 0 3.28702e-16 0 3.80528e-16 0 4.36351e-16 0 4.99697e-16 0 5.7149e-16 0 6.52754e-16 0 7.38905e-16 0 8.29131e-16 0 9.29478e-16 0 1.04883e-15 0 1.16475e-15 0 1.30203e-15 0 1.45416e-15 0 1.61082e-15 0 1.78297e-15 0 1.95789e-15 0 2.14856e-15 0 2.37299e-15 0 2.60058e-15 0 2.84819e-15 0 3.09589e-15 0 3.36333e-15 0 3.67701e-15 0 3.9903e-15 0 4.32803e-15 0 4.66058e-15 0
13.6067 1.56894e-13 1.56891e-13 3.0913e-18 1.97031e-05 0.000133471 0 0 0 6.54406e-43 0 2.36639e-38 8.41191e-38 1.09218e-33 7.54612e-34 0 9.23116e-32 0 2.27352e-30 0 2.4835e-29 0 2.2736e-26 0 9.50275e-24 0 2.33637e-22 0 1.97792e-21 0 9.63949e-21 0 3.3862e-20 0 9.41953e-20 0 2.22949e-19 0 4.69498e-19 0 9.0148e-19 0 1.63029e-18 0 2.72732e-18 0 4.39206e-18 0 6.75272e-18 0 1.00495e-17 0 1.45058e-17 0 2.05516e-17 0 2.80454e-17 0 3.80331e-17 0 5.02966e-17 0 6.55546e-17 0 8.34884e-17 0 1.0591e-16 0 1.32648e-16 0 1.6556e-16 0 2.02399e-16 0 2.4674e-16 0 2.97448e-16 0 3.54726e-16 0 4.22101e-16 0 4.97129e-16 0 5.84364e-16 0 6.80181e-16 0 7.90378e-16 0 9.09808e-16 0 1.04575e-15 0 1.19118e-15 0 1.3551e-15 0 1.53967e-15 0 1.74723e-15 0 1.96589e-15 0 2.19357e-15 0 2.44537e-15 0 2.74316e-15 0 3.03079e-15 0 3.36962e-15 0 3.74307e-15 0 4.12566e-15 0 4.54398e-15 0 4.96704e-15 0 5.42609e-15 0 5.96387e-15 0 6.5067e-15 0 7.09464e-15 0 7.68031e-15 0 8.31011e-15 0 9.04568e-15 0 9.77726e-15 0 1.05628e-14 0 1.13334e-14 0
14.3051 1.47008e-13 1.47005e-13 2.53841e-18 1.72672e-05 0.000122433 0 1.82169e-44 0 1.57338e-41 0 4.44857e-37 2.70534e-36 1.57242e-32 1.55617e-32 0 1.50546e-30 0 3.17086e-29 0 3.08208e-28 0 2.02253e-25 0 6.29586e-23 0 1.32388e-21 0 1.00977e-20 0 4.55496e-20 0 1.50488e-19 0 3.98222e-19 0 9.03717e-19 0 1.83515e-18 0 3.41318e-18 0 5.99662e-18 0 9.78286e-18 0 1.5392e-17 0 2.31731e-17 0 3.38237e-17 0 4.79551e-17 0 6.67963e-17 0 8.97792e-17 0 1.19954e-16 0 1.56483e-16 0 2.01332e-16 0 2.53401e-16 0 3.17743e-16 0 3.9361e-16 0 4.85983e-16 0 5.8832e-16 0 7.10305e-16 0 8.48504e-16 0 1.00323e-15 0 1.18369e-15 0 1.383e-15 0 1.6129e-15 0 1.8635e-15 0 2.14959e-15 0 2.45746e-15 0 2.80552e-15 0 3.1754e-15 0 3.58973e-15 0 4.05331e-15 0 4.5714e-15 0 5.11399e-15 0 5.67581e-15 0 6.29386e-15 0 7.02079e-15 0 7.71927e-15 0 8.53798e-15 0 9.43569e-15 0 1.03508e-14 0 1.13467e-14 0 1.23494e-14 0 1.34326e-14 0 1.46959e-14 0 1.59655e-14 0 1.73347e-14 0 1.86932e-14 0 2.01484e-14 0 2.18412e-14 0 2.35182e-14 0 2.53121e-14 0 2.70654e-14 0
15.0394 1.37258e-13 1.37256e-13 2.08198e-18 1.51683e-05 0.000112512 0 4.41409e-43 0 3.29201e-40 4.2039e-45 7.33034e-36 7.20663e-35 1.99506e-31 2.71643e-31 0 2.10215e-29 0 3.81551e-28 0 3.31893e-27 0 1.58675e-24 0 3.73201e-22 0 6.76322e-21 0 4.67139e-20 0 1.95778e-19 0 6.10157e-19 0 1.53968e-18 0 3.35707e-18 0 6.58534e-18 0 1.18826e-17 0 2.03099e-17 0 3.23511e-17 0 4.9786e-17 0 7.3472e-17 0 1.05279e-16 0 1.46741e-16 0 2.01114e-16 0 2.66437e-16 0 3.50987e-16 0 4.51966e-16 0 5.74393e-16 0 7.14869e-16 0 8.86536e-16 0 1.08679e-15 0 1.3281e-15 0 1.59284e-15 0 1.90549e-15 0 2.25656e-15 0 2.64632e-15 0 3.09722e-15 0 3.59133e-15 0 4.157e-15 0 4.76914e-15 0 5.46308e-15 0 6.20484e-15 0 7.038e-15 0 7.91787e-15 0 8.89756e-15 0 9.98718e-15 0 1.11978e-14 0 1.24585e-14 0 1.3757e-14 0 1.51782e-14 0 1.68411e-14 0 1.84311e-14 0 2.02858e-14 0 2.23095e-14 0 2.43629e-14 0 2.65875e-14 0 2.88174e-14 0 3.12167e-14 0 3.40031e-14 0 3.67915e-14 0 3.97867e-14 0 4.27468e-14 0 4.59062e-14 0 4.95675e-14 0 5.31809e-14 0 5.70323e-14 0 6.07837e-14 0
15.8114 1.27777e-13 1.27775e-13 1.71089e-18 1.33897e-05 0.000103787 0 9.41112e-42 0 6.02383e-39 3.16693e-43 1.06463e-34 1.60545e-33 2.24269e-30 4.04815e-30 0 2.53343e-28 0 3.99148e-27 0 3.12401e-26 0 1.10509e-23 0 1.9909e-21 0 3.13205e-20 0 1.96854e-19 0 7.69269e-19 0 2.26805e-18 0 5.47034e-18 0 1.1482e-17 0 2.17945e-17 0 3.82088e-17 0 6.36202e-17 0 9.90615e-17 0 1.49274e-16 0 2.16145e-16 0 3.04324e-16 0 4.17356e-16 0 5.63266e-16 0 7.36043e-16 0 9.56655e-16 0 1.21677e-15 0 1.52837e-15 0 1.88195e-15 0 2.30947e-15 0 2.80314e-15 0 3.39217e-15 0 4.0324e-15 0 4.78189e-15 0 5.61633e-15 0 6.53538e-15 0 7.59038e-15 0 8.73793e-15 0 1.00423e-14 0 1.1444e-14 0 1.30226e-14 0 1.46991e-14 0 1.65705e-14 0 1.85352e-14 0 2.07103e-14 0 2.31158e-14 0 2.57735e-14 0 2.85261e-14 0 3.13472e-14 0 3.442e-14 0 3.79978e-14 0 4.14023e-14 0 4.53558e-14 0 4.96495e-14 0 5.39867e-14 0 5.86653e-14 0 6.33362e-14 0 6.83421e-14 0 7.41322e-14 0 7.99032e-14 0 8.60786e-14 0 9.21594e-14 0 9.86268e-14 0 1.06095e-13 0 1.13438e-13 0 1.21239e-13 0 1.28813e-13 0
16.623 1.2081e-13 1.20808e-13 1.41127e-18 1.16818e-05 9.49014e-05 0 1.77914e-40 0 9.86823e-38 1.80515e-41 1.39488e-33 3.07303e-32 2.28563e-29 5.28618e-29 0 2.70324e-27 0 3.7226e-26 0 2.6351e-25 0 6.99915e-23 0 9.78515e-21 0 1.3456e-19 0 7.73131e-19 0 2.82675e-18 0 7.90559e-18 0 1.82653e-17 0 3.6975e-17 0 6.80221e-17 0 1.16028e-16 0 1.88444e-16 0 2.87146e-16 0 4.24118e-16 0 6.03115e-16 0 8.35096e-16 0 1.12774e-15 0 1.49989e-15 0 1.93453e-15 0 2.48238e-15 0 3.12049e-15 0 3.87622e-15 0 4.7247e-15 0 5.74036e-15 0 6.90181e-15 0 8.27469e-15 0 9.75376e-15 0 1.14708e-14 0 1.33671e-14 0 1.54397e-14 0 1.78016e-14 0 2.03526e-14 0 2.32323e-14 0 2.63068e-14 0 2.97472e-14 0 3.33789e-14 0 3.74091e-14 0 4.16163e-14 0 4.62487e-14 0 5.13443e-14 0 5.6944e-14 0 6.27142e-14 0 6.85997e-14 0 7.49812e-14 0 8.23763e-14 0 8.93818e-14 0 9.74818e-14 0 1.0624e-13 0 1.15049e-13 0 1.24513e-13 0 1.33925e-13 0 1.43975e-13 0 1.55553e-13 0 1.6705e-13 0 1.79308e-13 0 1.91336e-13 0 2.04087e-13 0 2.18759e-13 0 2.33138e-13 0 2.48362e-13 0 2.63097e-13 0
17.4762 1.13317e-13 1.13316e-13 1.16151e-18 1.02501e-05 8.71462e-05 0 2.93841e-39 0 1.42087e-36 8.25338e-40 1.6178e-32 4.97727e-31 2.07195e-28 5.95105e-28 0 2.51136e-26 0 3.04272e-25 0 1.95755e-24 0 3.95914e-22 0 4.34881e-20 0 5.26186e-19 0 2.7759e-18 0 9.5268e-18 0 2.53389e-17 0 5.61984e-17 0 1.09913e-16 0 1.96276e-16 0 3.26179e-16 0 5.1736e-16 0 7.72294e-16 0 1.11917e-15 0 1.56439e-15 0 2.13196e-15 0 2.83715e-15 0 3.72122e-15 0 4.7403e-15 0 6.00914e-15 0 7.46989e-15 0 9.18124e-15 0 1.10833e-14 0 1.33385e-14 0 1.58936e-14 0 1.88871e-14 0 2.20851e-14 0 2.5768e-14 0 2.98044e-14 0 3.41844e-14 0 3.91408e-14 0 4.44579e-14 0 5.04216e-14 0 5.67489e-14 0 6.37865e-14 0 7.11725e-14 0 7.93233e-14 0 8.77863e-14 0 9.70565e-14 0 1.07202e-13 0 1.18294e-13 0 1.29668e-13 0 1.41217e-13 0 1.53685e-13 0 1.68069e-13 0 1.81637e-13 0 1.9726e-13 0 2.14081e-13 0 2.30933e-13 0 2.48967e-13 0 2.66835e-13 0 2.85846e-13 0 3.0767e-13 0 3.29262e-13 0 3.52202e-13 0 3.74639e-13 0 3.98348e-13 0 4.2554e-13 0 4.52104e-13 0 4.80142e-13 0 5.07199e-13 0
18.3733 1.04377e-13 1.04376e-13 9.5576e-19 9.15677e-06 8.11805e-05 0 4.23443e-38 0 1.78897e-35 3.02806e-38 1.65144e-31 6.805e-30 1.66075e-27 5.75664e-27 0 2.02362e-25 0 2.17064e-24 0 1.27517e-23 0 1.99009e-21 0 1.73781e-19 0 1.86168e-18 0 9.05536e-18 0 2.92619e-17 0 7.41993e-17 0 1.58287e-16 0 2.99605e-16 0 5.20081e-16 0 8.43121e-16 0 1.30751e-15 0 1.91399e-15 0 2.72388e-15 0 3.74571e-15 0 5.02812e-15 0 6.59856e-15 0 8.54084e-15 0 1.0752e-14 0 1.3473e-14 0 1.65712e-14 0 2.01636e-14 0 2.41181e-14 0 2.87642e-14 0 3.39823e-14 0 4.00439e-14 0 4.64679e-14 0 5.38102e-14 0 6.17985e-14 0 7.04074e-14 0 8.00845e-14 0 9.03999e-14 0 1.01898e-13 0 1.14025e-13 0 1.27436e-13 0 1.41434e-13 0 1.56799e-13 0 1.72671e-13 0 1.89971e-13 0 2.08812e-13 0 2.29314e-13 0 2.50239e-13 0 2.71394e-13 0 2.94137e-13 0 3.20264e-13 0 3.44808e-13 0 3.72961e-13 0 4.03151e-13 0 4.3328e-13 0 4.65404e-13 0 4.9712e-13 0 5.30751e-13 0 5.69226e-13 0 6.0716e-13 0 6.4733e-13 0 6.86494e-13 0 7.27754e-13 0 7.74931e-13 0 8.20875e-13 0 8.69225e-13 0 9.15754e-13 0
19.3164 9.65332e-14 9.65325e-14 7.8332e-19 8.11451e-06 7.51534e-05 0 5.49126e-37 0 2.02391e-34 9.20469e-37 1.52336e-30 8.08932e-29 1.2083e-26 4.92411e-26 0 1.45482e-24 0 1.38981e-23 0 7.48843e-23 0 9.13291e-21 0 6.41159e-19 0 6.11765e-18 0 2.7545e-17 0 8.4056e-17 0 2.03675e-16 0 4.18714e-16 0 7.6823e-16 0 1.29813e-15 0 2.05539e-15 0 3.11993e-15 0 4.48291e-15 0 6.27083e-15 0 8.49018e-15 0 1.12343e-14 0 1.45487e-14 0 1.85954e-14 0 2.31479e-14 0 2.86884e-14 0 3.49306e-14 0 4.20977e-14 0 4.99157e-14 0 5.90216e-14 0 6.91634e-14 0 8.08499e-14 0 9.3141e-14 0 1.07088e-13 0 1.22158e-13 0 1.38291e-13 0 1.56313e-13 0 1.75406e-13 0 1.96564e-13 0 2.18753e-13 0 2.43158e-13 0 2.68497e-13 0 2.96171e-13 0 3.24619e-13 0 3.55483e-13 0 3.88939e-13 0 4.25177e-13 0 4.62e-13 0 4.99076e-13 0 5.38779e-13 0 5.84204e-13 0 6.26712e-13 0 6.75289e-13 0 7.27183e-13 0 7.78783e-13 0 8.33607e-13 0 8.87554e-13 0 9.44575e-13 0 1.00959e-12 0 1.07349e-12 0 1.14093e-12 0 1.2065e-12 0 1.27537e-12 0 1.35389e-12 0 1.43013e-12 0 1.51014e-12 0 1.58693e-12 0
20.3079 9.15462e-14 9.15456e-14 6.43279e-19 7.02682e-06 6.8328e-05 0 6.59607e-36 0 2.11145e-33 2.38993e-35 1.30212e-29 8.59873e-28 8.18141e-26 3.8274e-25 0 9.58495e-24 0 8.2013e-23 0 4.07011e-22 0 3.92615e-20 0 2.23963e-18 0 1.91411e-17 0 8.00794e-17 0 2.31414e-16 0 5.37022e-16 0 1.06584e-15 0 1.89844e-15 0 3.1268e-15 0 4.84096e-15 0 7.20002e-15 0 1.0164e-14 0 1.39866e-14 0 1.86586e-14 0 2.43539e-14 0 3.11434e-14 0 3.93318e-14 0 4.84402e-14 0 5.94086e-14 0 7.16432e-14 0 8.55599e-14 0 1.00609e-13 0 1.17993e-13 0 1.37202e-13 0 1.59167e-13 0 1.82102e-13 0 2.07949e-13 0 2.35691e-13 0 2.65209e-13 0 2.97982e-13 0 3.32504e-13 0 3.70546e-13 0 4.10226e-13 0 4.53644e-13 0 4.98498e-13 0 5.47251e-13 0 5.97136e-13 0 6.51017e-13 0 7.09167e-13 0 7.71875e-13 0 8.35331e-13 0 8.98972e-13 0 9.66867e-13 0 1.04425e-12 0 1.1164e-12 0 1.19855e-12 0 1.286e-12 0 1.37265e-12 0 1.46441e-12 0 1.55441e-12 0 1.64926e-12 0 1.75706e-12 0 1.86267e-12 0 1.97382e-12 0 2.08156e-12 0 2.19443e-12 0 2.32274e-12 0 2.44699e-12 0 2.57703e-12 0 2.70152e-12 0
21.3503 8.60836e-14 8.6083e-14 5.31e-19 6.16843e-06 6.27699e-05 0 7.1415e-35 0 1.97341e-32 5.17121e-34 1.00121e-28 7.95654e-27 5.00414e-25 2.62957e-24 0 5.62705e-23 0 4.33567e-22 0 1.98981e-21 0 1.53563e-19 0 7.19038e-18 0 5.53412e-17 0 2.15901e-16 0 5.92411e-16 0 1.31939e-15 0 2.53244e-15 0 4.38535e-15 0 7.049e-15 0 1.06829e-14 0 1.55839e-14 0 2.16319e-14 0 2.93071e-14 0 3.85504e-14 0 4.96673e-14 0 6.27559e-14 0 7.83577e-14 0 9.55273e-14 0 1.15996e-13 0 1.38611e-13 0 1.64108e-13 0 1.91452e-13 0 2.22793e-13 0 2.57162e-13 0 2.96176e-13 0 3.36633e-13 0 3.81931e-13 0 4.30245e-13 0 4.81347e-13 0 5.37762e-13 0 5.9686e-13 0 6.61638e-13 0 7.28861e-13 0 8.02054e-13 0 8.77309e-13 0 9.58731e-13 0 1.04168e-12 0 1.13089e-12 0 1.22677e-12 0 1.32973e-12 0 1.43351e-12 0 1.53721e-12 0 1.64744e-12 0 1.77261e-12 0 1.88891e-12 0 2.0209e-12 0 2.16091e-12 0 2.29917e-12 0 2.44513e-12 0 2.58786e-12 0 2.73783e-12 0 2.90779e-12 0 3.07379e-12 0 3.24801e-12 0 3.41642e-12 0 3.5924e-12 0 3.79192e-12 0 3.98461e-12 0 4.18577e-12 0 4.37788e-12 0
22.4463 8.00969e-14 8.00965e-14 4.36077e-19 5.44437e-06 5.79487e-05 0 6.98509e-34 0 1.65607e-31 9.38452e-33 6.9365e-28 6.43635e-26 2.76916e-24 1.60252e-23 0 2.95288e-22 0 2.05932e-21 0 8.77345e-21 0 5.47636e-19 0 2.12519e-17 0 1.48055e-16 0 5.4046e-16 0 1.41165e-15 0 3.02344e-15 0 5.62136e-15 0 9.47683e-15 0 1.48841e-14 0 2.21039e-14 0 3.16554e-14 0 4.32427e-14 0 5.77236e-14 0 7.49197e-14 0 9.53378e-14 0 1.19094e-13 0 1.47099e-13 0 1.77604e-13 0 2.13625e-13 0 2.53064e-13 0 2.97154e-13 0 3.44068e-13 0 3.9744e-13 0 4.55548e-13 0 5.21054e-13 0 5.88538e-13 0 6.63629e-13 0 7.43244e-13 0 8.26978e-13 0 9.18915e-13 0 1.01472e-12 0 1.11921e-12 0 1.22711e-12 0 1.34404e-12 0 1.46373e-12 0 1.59266e-12 0 1.72345e-12 0 1.86356e-12 0 2.01354e-12 0 2.17397e-12 0 2.33505e-12 0 2.49544e-12 0 2.66535e-12 0 2.85764e-12 0 3.03569e-12 0 3.23712e-12 0 3.45008e-12 0 3.65974e-12 0 3.88039e-12 0 4.09554e-12 0 4.32098e-12 0 4.57574e-12 0 4.82387e-12 0 5.08358e-12 0 5.33398e-12 0 5.595e-12 0 5.89019e-12 0 6.17453e-12 0 6.47067e-12 0 6.75284e-12 0
23.5984 7.46475e-14 7.46471e-14 3.59026e-19 4.80962e-06 5.3522e-05 0 6.26311e-33 8.40779e-45 1.26815e-30 1.4576e-31 4.399e-27 4.63548e-25 1.40828e-23 8.81595e-23 0 1.40905e-21 0 8.93764e-21 0 3.54762e-20 0 1.80969e-18 0 5.87399e-17 0 3.72218e-16 0 1.27551e-15 0 3.179e-15 0 6.56014e-15 0 1.18332e-14 0 1.94469e-14 0 2.9877e-14 0 4.3521e-14 0 6.12438e-14 0 8.23973e-14 0 1.0845e-13 0 1.38977e-13 0 1.74784e-13 0 2.15977e-13 0 2.64027e-13 0 3.15862e-13 0 3.76514e-13 0 4.42351e-13 0 5.15362e-13 0 5.92471e-13 0 6.79573e-13 0 7.73759e-13 0 8.79236e-13 0 9.87222e-13 0 1.10667e-12 0 1.2326e-12 0 1.36434e-12 0 1.50823e-12 0 1.65744e-12 0 1.81937e-12 0 1.98583e-12 0 2.16542e-12 0 2.34845e-12 0 2.5448e-12 0 2.7432e-12 0 2.95492e-12 0 3.18068e-12 0 3.42127e-12 0 3.66197e-12 0 3.90083e-12 0 4.15306e-12 0 4.43755e-12 0 4.70015e-12 0 4.99632e-12 0 5.30848e-12 0 5.61488e-12 0 5.93642e-12 0 6.24908e-12 0 6.57584e-12 0 6.94409e-12 0 7.30179e-12 0 7.67523e-12 0 8.03441e-12 0 8.40794e-12 0 8.82934e-12 0 9.23429e-12 0 9.65507e-12 0 1.00551e-11 0
24.8097 6.92254e-14 6.92251e-14 2.95118e-19 4.26315e-06 4.95858e-05 0 5.11959e-32 4.61027e-43 8.83492e-30 1.93979e-30 2.54576e-26 2.96985e-24 6.56084e-23 4.3715e-22 0 6.10268e-21 0 3.53709e-20 0 1.31259e-19 0 5.52612e-18 0 1.51342e-16 0 8.76343e-16 0 2.82777e-15 0 6.74043e-15 0 1.34261e-14 0 2.35305e-14 0 3.77437e-14 0 5.67841e-14 0 8.12106e-14 0 1.12391e-13 0 1.49036e-13 0 1.93545e-13 0 2.4504e-13 0 3.04744e-13 0 3.72696e-13 0 4.51166e-13 0 5.35037e-13 0 6.32329e-13 0 7.37074e-13 0 8.52349e-13 0 9.73232e-13 0 1.10886e-12 0 1.25457e-12 0 1.41672e-12 0 1.58175e-12 0 1.76328e-12 0 1.95361e-12 0 2.15171e-12 0 2.36703e-12 0 2.58924e-12 0 2.82931e-12 0 3.07501e-12 0 3.33895e-12 0 3.60685e-12 0 3.89312e-12 0 4.18129e-12 0 4.48767e-12 0 4.81321e-12 0 5.15889e-12 0 5.50354e-12 0 5.84445e-12 0 6.20335e-12 0 6.60689e-12 0 6.97825e-12 0 7.39587e-12 0 7.83473e-12 0 8.26427e-12 0 8.7138e-12 0 9.14979e-12 0 9.60429e-12 0 1.01152e-11 0 1.06102e-11 0 1.11257e-11 0 1.16204e-11 0 1.21337e-11 0 1.27114e-11 0 1.32653e-11 0 1.38397e-11 0 1.43846e-11 0
26.0832 6.44868e-14 6.44865e-14 2.42583e-19 3.76174e-06 4.57721e-05 0 3.85221e-31 2.20803e-41 5.67112e-29 2.24925e-29 1.36172e-25 1.71807e-23 2.83575e-22 1.98195e-21 0 2.43267e-20 0 1.29405e-19 0 4.50431e-19 0 1.57985e-17 0 3.68103e-16 0 1.95634e-15 0 5.96176e-15 0 1.36207e-14 0 2.62331e-14 0 4.47336e-14 0 7.01178e-14 0 1.03407e-13 0 1.45328e-13 0 1.9796e-13 0 2.58913e-13 0 3.31974e-13 0 4.15486e-13 0 5.11247e-13 0 6.1913e-13 0 7.42527e-13 0 8.73262e-13 0 1.02367e-12 0 1.18435e-12 0 1.35989e-12 0 1.54273e-12 0 1.74657e-12 0 1.96419e-12 0 2.20494e-12 0 2.44858e-12 0 2.71515e-12 0 2.99321e-12 0 3.28122e-12 0 3.5928e-12 0 3.9129e-12 0 4.25723e-12 0 4.60815e-12 0 4.98362e-12 0 5.36323e-12 0 5.76735e-12 0 6.17269e-12 0 6.60216e-12 0 7.05692e-12 0 7.53817e-12 0 8.01642e-12 0 8.48805e-12 0 8.98311e-12 0 9.53808e-12 0 1.00473e-11 0 1.06185e-11 0 1.12169e-11 0 1.18011e-11 0 1.24109e-11 0 1.30008e-11 0 1.36144e-11 0 1.43023e-11 0 1.49673e-11 0 1.56582e-11 0 1.63197e-11 0 1.70046e-11 0 1.77739e-11 0 1.85098e-11 0 1.92713e-11 0 1.99923e-11 0
27.4221 5.97518e-14 5.97516e-14 1.99437e-19 3.33776e-06 4.24522e-05 0 2.64214e-30 8.57986e-40 3.33082e-28 2.2658e-28 6.68782e-25 8.93293e-23 1.12951e-21 8.17273e-21 0 8.87543e-20 0 4.35127e-19 0 1.42511e-18 0 4.20148e-17 0 8.39452e-16 0 4.11198e-15 0 1.18673e-14 0 2.60411e-14 0 4.85749e-14 0 8.07011e-14 0 1.23749e-13 0 1.79072e-13 0 2.4752e-13 0 3.32113e-13 0 4.28717e-13 0 5.43061e-13 0 6.7227e-13 0 8.1888e-13 0 9.82452e-13 0 1.16785e-12 0 1.36264e-12 0 1.585e-12 0 1.82077e-12 0 2.07658e-12 0 2.34132e-12 0 2.63466e-12 0 2.94601e-12 0 3.28848e-12 0 3.6332e-12 0 4.00846e-12 0 4.39799e-12 0 4.79959e-12 0 5.23213e-12 0 5.67459e-12 0 6.14858e-12 0 6.62971e-12 0 7.14252e-12 0 7.65908e-12 0 8.20704e-12 0 8.75476e-12 0 9.33318e-12 0 9.94366e-12 0 1.05876e-11 0 1.12256e-11 0 1.18529e-11 0 1.25095e-11 0 1.32435e-11 0 1.39153e-11 0 1.46666e-11 0 1.54518e-11 0 1.62163e-11 0 1.70123e-11 0 1.77806e-11 0 1.85778e-11 0 1.94697e-11 0 2.03298e-11 0 2.12214e-11 0 2.20733e-11 0 2.29536e-11 0 2.39402e-11 0 2.48821e-11 0 2.58548e-11 0 2.67741e-11 0
28.8297 5.5635e-14 5.56349e-14 1.63817e-19 2.94449e-06 3.91932e-05 0 1.66937e-29 2.75761e-38 1.8132e-27 2.0166e-27 3.05631e-24 4.23822e-22 4.20115e-21 3.11024e-20 0 3.00638e-19 0 1.36383e-18 0 4.21538e-18 0 1.05352e-16 0 1.81859e-15 0 8.24326e-15 0 2.25906e-14 0 4.77056e-14 0 8.63183e-14 0 1.39896e-13 0 2.1009e-13 0 2.98575e-13 0 4.06231e-13 0 5.37298e-13 0 6.84993e-13 0 8.57732e-13 0 1.0508e-12 0 1.26769e-12 0 1.50745e-12 0 1.77687e-12 0 2.05768e-12 0 2.37585e-12 0 2.71085e-12 0 3.07194e-12 0 3.44334e-12 0 3.85247e-12 0 4.28431e-12 0 4.75675e-12 0 5.22986e-12 0 5.74241e-12 0 6.27199e-12 0 6.81557e-12 0 7.39856e-12 0 7.99249e-12 0 8.62623e-12 0 9.26708e-12 0 9.94764e-12 0 1.06308e-11 0 1.1353e-11 0 1.20725e-11 0 1.283e-11 0 1.3627e-11 0 1.44651e-11 0 1.52929e-11 0 1.61047e-11 0 1.69522e-11 0 1.7897e-11 0 1.87594e-11 0 1.97216e-11 0 2.07246e-11 0 2.16987e-11 0 2.27107e-11 0 2.36852e-11 0 2.46942e-11 0 2.58206e-11 0 2.69043e-11 0 2.80255e-11 0 2.90946e-11 0 3.01972e-11 0 3.14305e-11 0 3.26057e-11 0 3.38169e-11 0 3.49596e-11 0
30.3095 5.1434e-14 5.14339e-14 1.34704e-19 2.61896e-06 3.64305e-05 0 9.60814e-29 7.31286e-37 9.06208e-27 1.57669e-26 1.28801e-23 1.82155e-21 1.44593e-20 1.08384e-19 0 9.37803e-19 0 3.95153e-18 0 1.15588e-17 0 2.46872e-16 0 3.70823e-15 0 1.56129e-14 0 4.0732e-14 0 8.29329e-14 0 1.45776e-13 0 2.30755e-13 0 3.39726e-13 0 4.74596e-13 0 6.36084e-13 0 8.29903e-13 0 1.04556e-12 0 1.29493e-12 0 1.57076e-12 0 1.87769e-12 0 2.21402e-12 0 2.58884e-12 0 2.97658e-12 0 3.4128e-12 0 3.86901e-12 0 4.35768e-12 0 4.85739e-12 0 5.40483e-12 0 5.97958e-12 0 6.60514e-12 0 7.22856e-12 0 7.90084e-12 0 8.59238e-12 0 9.29926e-12 0 1.00543e-11 0 1.08206e-11 0 1.16351e-11 0 1.24559e-11 0 1.33244e-11 0 1.41934e-11 0 1.5109e-11 0 1.60185e-11 0 1.69731e-11 0 1.79744e-11 0 1.90244e-11 0 2.00586e-11 0 2.10701e-11 0 2.21235e-11 0 2.32947e-11 0 2.43611e-11 0 2.55482e-11 0 2.67826e-11 0 2.79787e-11 0 2.92184e-11 0 3.04097e-11 0 3.16407e-11 0 3.30119e-11 0 3.43286e-11 0 3.5688e-11 0 3.69817e-11 0 3.83136e-11 0 3.98005e-11 0 4.12147e-11 0 4.26697e-11 0 4.404e-11 0
31.8653 4.74935e-14 4.74934e-14 1.106e-19 2.32874e-06 3.38681e-05 0 5.07448e-28 1.62425e-35 4.19294e-26 1.09592e-25 5.04988e-23 7.16627e-21 4.64532e-20 3.49284e-19 0 2.72e-18 0 1.06838e-17 0 2.9656e-17 0 5.45453e-16 0 7.17795e-15 0 2.81732e-14 0 7.01383e-14 0 1.37934e-13 0 2.35869e-13 0 3.65087e-13 0 5.27439e-13 0 7.249e-13 0 9.57765e-13 0 1.23348e-12 0 1.53658e-12 0 1.88329e-12 0 2.26301e-12 0 2.68174e-12 0 3.13675e-12 0 3.63989e-12 0 4.15662e-12 0 4.73406e-12 0 5.33412e-12 0 5.97305e-12 0 6.6228e-12 0 7.33089e-12 0 8.07053e-12 0 8.87164e-12 0 9.66633e-12 0 1.05196e-11 0 1.13935e-11 0 1.22834e-11 0 1.32302e-11 0 1.41875e-11 0 1.52016e-11 0 1.62198e-11 0 1.72939e-11 0 1.83649e-11 0 1.94901e-11 0 2.06044e-11 0 2.17707e-11 0 2.29907e-11 0 2.42663e-11 0 2.55195e-11 0 2.6742e-11 0 2.80121e-11 0 2.94209e-11 0 3.07007e-11 0 3.2122e-11 0 3.35965e-11 0 3.50221e-11 0 3.64966e-11 0 3.79106e-11 0 3.9369e-11 0 4.09901e-11 0 4.25436e-11 0 4.41446e-11 0 4.56654e-11 0 4.72284e-11 0 4.89702e-11 0 5.06239e-11 0 5.23223e-11 0 5.39194e-11 0
33.5009 4.40198e-14 4.40197e-14 9.07263e-20 2.06104e-06 3.1367e-05 0 2.47607e-27 3.06268e-34 1.8092e-25 6.84435e-25 1.85627e-22 2.60455e-20 1.40374e-19 1.05005e-18 0 7.39739e-18 0 2.71785e-17 0 7.17738e-17 0 1.14516e-15 0 1.32881e-14 0 4.8787e-14 0 1.16167e-13 0 2.21033e-13 0 3.68199e-13 0 5.57885e-13 0 7.91625e-13 0 1.07123e-12 0 1.39623e-12 0 1.77609e-12 0 2.18892e-12 0 2.6563e-12 0 3.16339e-12 0 3.71778e-12 0 4.31542e-12 0 4.97138e-12 0 5.64047e-12 0 6.38337e-12 0 7.1507e-12 0 7.96312e-12 0 8.78496e-12 0 9.67611e-12 0 1.06025e-11 0 1.16012e-11 0 1.25876e-11 0 1.36422e-11 0 1.47182e-11 0 1.58095e-11 0 1.69665e-11 0 1.81323e-11 0 1.93629e-11 0 2.05946e-11 0 2.18897e-11 0 2.31773e-11 0 2.45261e-11 0 2.5858e-11 0 2.72483e-11 0 2.86988e-11 0 3.02114e-11 0 3.16935e-11 0 3.31361e-11 0 3.46313e-11 0 3.6286e-11 0 3.77858e-11 0 3.94478e-11 0 4.11684e-11 0 4.28283e-11 0 4.45417e-11 0 4.61817e-11 0 4.78699e-11 0 4.9743e-11 0 5.15346e-11 0 5.33776e-11 0 5.51253e-11 0 5.69185e-11 0 5.89135e-11 0 6.08043e-11 0 6.27432e-11 0 6.45635e-11 0
35.2205 4.1138e-14 4.11379e-14 7.44584e-20 1.80997e-06 2.88623e-05 0 1.12381e-26 4.96529e-33 7.33013e-25 3.87889e-24 6.44342e-22 8.82014e-20 4.01824e-19 2.96869e-18 0 1.90125e-17 0 6.55529e-17 0 1.65098e-16 0 2.30097e-15 0 2.36881e-14 0 8.16194e-14 0 1.86285e-13 0 3.43488e-13 0 5.58104e-13 0 8.28642e-13 0 1.1559e-12 0 1.54125e-12 0 1.98302e-12 0 2.49307e-12 0 3.04135e-12 0 3.65604e-12 0 4.31699e-12 0 5.03371e-12 0 5.80053e-12 0 6.63623e-12 0 7.48311e-12 0 8.4177e-12 0 9.37746e-12 0 1.03882e-11 0 1.14054e-11 0 1.25033e-11 0 1.36394e-11 0 1.48587e-11 0 1.60579e-11 0 1.73351e-11 0 1.86331e-11 0 1.9945e-11 0 2.1331e-11 0 2.27228e-11 0 2.41873e-11 0 2.56486e-11 0 2.71805e-11 0 2.86991e-11 0 3.02855e-11 0 3.18479e-11 0 3.34745e-11 0 3.51673e-11 0 3.69281e-11 0 3.86494e-11 0 4.03208e-11 0 4.20496e-11 0 4.39585e-11 0 4.5685e-11 0 4.75944e-11 0 4.95669e-11 0 5.1466e-11 0 5.34226e-11 0 5.5292e-11 0 5.72129e-11 0 5.93404e-11 0 6.13716e-11 0 6.34574e-11 0 6.54322e-11 0 6.74552e-11 0 6.97023e-11 0 7.18285e-11 0 7.40055e-11 0 7.60464e-11 0
37.0284 3.81566e-14 3.81565e-14 6.11518e-20 1.60265e-06 2.67417e-05 2.24208e-44 4.68216e-26 6.86604e-32 2.75151e-24 1.97374e-23 2.08436e-21 2.75006e-19 1.07523e-18 7.79602e-18 0 4.56006e-17 0 1.48006e-16 0 3.56322e-16 0 4.36666e-15 0 4.01169e-14 0 1.30125e-13 0 2.85264e-13 0 5.10513e-13 0 8.10061e-13 0 1.17975e-12 0 1.61915e-12 0 2.12881e-12 0 2.7055e-12 0 3.36357e-12 0 4.06368e-12 0 4.84128e-12 0 5.67032e-12 0 6.56232e-12 0 7.50984e-12 0 8.53553e-12 0 9.56852e-12 0 1.07019e-11 0 1.18594e-11 0 1.30722e-11 0 1.4287e-11 0 1.55921e-11 0 1.69368e-11 0 1.83739e-11 0 1.97818e-11 0 2.12755e-11 0 2.27881e-11 0 2.43116e-11 0 2.5916e-11 0 2.75219e-11 0 2.92066e-11 0 3.08825e-11 0 3.26344e-11 0 3.43665e-11 0 3.6171e-11 0 3.79438e-11 0 3.97849e-11 0 4.16963e-11 0 4.36798e-11 0 4.56142e-11 0 4.74887e-11 0 4.94235e-11 0 5.15553e-11 0 5.34795e-11 0 5.56035e-11 0 5.77933e-11 0 5.98977e-11 0 6.20617e-11 0 6.41257e-11 0 6.6243e-11 0 6.8584e-11 0 7.08152e-11 0 7.31027e-11 0 7.52651e-11 0 7.7477e-11 0 7.993e-11 0 8.22475e-11 0 8.4617e-11 0 8.68353e-11 0
38.9291 3.5521e-14 3.5521e-14 5.0194e-20 1.41308e-06 2.46911e-05 1.0832e-42 1.81586e-25 8.25008e-31 9.69989e-24 9.16345e-23 6.37008e-21 8.01277e-19 2.72634e-18 1.92928e-17 0 1.03524e-16 0 3.17237e-16 0 7.31676e-16 0 7.93395e-15 0 6.54097e-14 0 2.0032e-13 0 4.22636e-13 0 7.35168e-13 0 1.14053e-12 0 1.63083e-12 0 2.2039e-12 0 2.85917e-12 0 3.59144e-12 0 4.41779e-12 0 5.28828e-12 0 6.2466e-12 0 7.26005e-12 0 8.34242e-12 0 9.48431e-12 0 1.07125e-11 0 1.19422e-11 0 1.3284e-11 0 1.46472e-11 0 1.60684e-11 0 1.74856e-11 0 1.90017e-11 0 2.05573e-11 0 2.22131e-11 0 2.38291e-11 0 2.55376e-11 0 2.72617e-11 0 2.89926e-11 0 3.08096e-11 0 3.26229e-11 0 3.45196e-11 0 3.64012e-11 0 3.83628e-11 0 4.02971e-11 0 4.23072e-11 0 4.42772e-11 0 4.63185e-11 0 4.84328e-11 0 5.06219e-11 0 5.2752e-11 0 5.4812e-11 0 5.69342e-11 0 5.92677e-11 0 6.137e-11 0 6.36863e-11 0 6.60698e-11 0 6.83562e-11 0 7.07033e-11 0 7.29382e-11 0 7.52272e-11 0 7.77539e-11 0 8.01582e-11 0 8.26193e-11 0 8.49424e-11 0 8.73152e-11 0 8.99429e-11 0 9.24219e-11 0 9.49529e-11 0 9.73193e-11 0
40.9273 3.30582e-14 3.30581e-14 4.11844e-20 1.24582e-06 2.27985e-05 4.31194e-41 6.54857e-25 8.64062e-30 3.20657e-23 3.88443e-22 1.83632e-20 2.18072e-18 6.53995e-18 4.49529e-17 0 2.22217e-16 0 6.44729e-16 0 1.42755e-15 0 1.37791e-14 0 1.02481e-13 0 2.97162e-13 0 6.04512e-13 0 1.0235e-12 0 1.55416e-12 0 2.18381e-12 0 2.90813e-12 0 3.72514e-12 0 4.6274e-12 0 5.63486e-12 0 6.6862e-12 0 7.83389e-12 0 9.03829e-12 0 1.03156e-11 0 1.16543e-11 0 1.30855e-11 0 1.45104e-11 0 1.60571e-11 0 1.76207e-11 0 1.92432e-11 0 2.08543e-11 0 2.25707e-11 0 2.43248e-11 0 2.6185e-11 0 2.79939e-11 0 2.98998e-11 0 3.18168e-11 0 3.37354e-11 0 3.57435e-11 0 3.77417e-11 0 3.98261e-11 0 4.18884e-11 0 4.40327e-11 0 4.6142e-11 0 4.83289e-11 0 5.04671e-11 0 5.26779e-11 0 5.49627e-11 0 5.73231e-11 0 5.96154e-11 0 6.18278e-11 0 6.41027e-11 0 6.65995e-11 0 6.88447e-11 0 7.13142e-11 0 7.38507e-11 0 7.62798e-11 0 7.87693e-11 0 8.11359e-11 0 8.35563e-11 0 8.62238e-11 0 8.87581e-11 0 9.13486e-11 0 9.37902e-11 0 9.62809e-11 0 9.90352e-11 0 1.0163e-10 0 1.04276e-10 0 1.06746e-10 0
43.0281 3.09362e-14 3.09362e-14 3.38139e-20 1.09302e-06 2.09666e-05 1.42013e-39 2.21532e-24 7.98717e-29 1.00224e-22 1.51892e-21 5.03367e-20 5.5944e-18 1.49614e-17 9.94828e-17 0 4.54866e-16 0 1.25284e-15 0 2.66843e-15 0 2.30575e-14 0 1.55485e-13 0 4.28021e-13 0 8.41045e-13 0 1.38783e-12 0 2.06486e-12 0 2.85362e-12 0 3.74734e-12 0 4.74244e-12 0 5.82905e-12 0 7.03021e-12 0 8.27252e-12 0 9.61785e-12 0 1.10193e-11 0 1.24957e-11 0 1.40336e-11 0 1.56681e-11 0 1.72869e-11 0 1.90351e-11 0 2.07942e-11 0 2.26116e-11 0 2.44088e-11 0 2.6316e-11 0 2.82578e-11 0 3.03096e-11 0 3.2298e-11 0 3.43862e-11 0 3.64802e-11 0 3.85697e-11 0 4.07505e-11 0 4.29146e-11 0 4.51661e-11 0 4.73881e-11 0 4.96929e-11 0 5.19546e-11 0 5.42943e-11 0 5.65769e-11 0 5.8932e-11 0 6.13609e-11 0 6.38652e-11 0 6.62922e-11 0 6.86304e-11 0 7.10304e-11 0 7.36598e-11 0 7.60201e-11 0 7.86118e-11 0 8.12694e-11 0 8.38103e-11 0 8.64103e-11 0 8.88782e-11 0 9.13986e-11 0 9.41722e-11 0 9.68035e-11 0 9.94893e-11 0 1.02017e-10 0 1.04593e-10 0 1.07437e-10 0 1.10114e-10 0 1.12839e-10 0 1.15381e-10 0
45.2368 2.89238e-14 2.89238e-14 2.77499e-20 9.59416e-07 1.92895e-05 3.87941e-38 7.0055e-24 6.51581e-28 2.95008e-22 5.46657e-21 1.30648e-19 1.34839e-17 3.25026e-17 2.08344e-16 0 8.84475e-16 0 2.31854e-15 0 4.7593e-15 0 3.70146e-14 0 2.27395e-13 0 5.95779e-13 0 1.13271e-12 0 1.82396e-12 0 2.66161e-12 0 3.6207e-12 0 4.69183e-12 0 5.86988e-12 0 7.14253e-12 0 8.53594e-12 0 9.96487e-12 0 1.15005e-11 0 1.30892e-11 0 1.47521e-11 0 1.64741e-11 0 1.82943e-11 0 2.00878e-11 0 2.20156e-11 0 2.39466e-11 0 2.59334e-11 0 2.78903e-11 0 2.99594e-11 0 3.20585e-11 0 3.4269e-11 0 3.64042e-11 0 3.86397e-11 0 4.08747e-11 0 4.30987e-11 0 4.54137e-11 0 4.7705e-11 0 5.00829e-11 0 5.24239e-11 0 5.48466e-11 0 5.72187e-11 0 5.96672e-11 0 6.20511e-11 0 6.45058e-11 0 6.70324e-11 0 6.96323e-11 0 7.21473e-11 0 7.45661e-11 0 7.70446e-11 0 7.97553e-11 0 8.21847e-11 0 8.4848e-11 0 8.75746e-11 0 9.01773e-11 0 9.28367e-11 0 9.53574e-11 0 9.79281e-11 0 1.00753e-10 0 1.0343e-10 0 1.06158e-10 0 1.08723e-10 0 1.11332e-10 0 1.14211e-10 0 1.16916e-10 0 1.19667e-10 0 1.2223e-10 0
47.5588 2.68709e-14 2.68708e-14 2.27848e-20 8.47939e-07 1.78511e-05 8.82223e-37 2.06574e-23 4.69402e-27 8.15317e-22 1.80819e-20 3.19995e-19 3.046e-17 6.68272e-17 4.1176e-16 0 1.62889e-15 0 4.07369e-15 0 8.07359e-15 0 5.68071e-14 0 3.19387e-13 0 7.98361e-13 0 1.47099e-12 0 2.31423e-12 0 3.31531e-12 0 4.44271e-12 0 5.68466e-12 0 7.03466e-12 0 8.47826e-12 0 1.00445e-11 0 1.16378e-11 0 1.33376e-11 0 1.50845e-11 0 1.6902e-11 0 1.87736e-11 0 2.07417e-11 0 2.26714e-11 0 2.47364e-11 0 2.6796e-11 0 2.89066e-11 0 3.09778e-11 0 3.31601e-11 0 3.53666e-11 0 3.76825e-11 0 3.99126e-11 0 4.22407e-11 0 4.45618e-11 0 4.68654e-11 0 4.92569e-11 0 5.16183e-11 0 5.4063e-11 0 5.64643e-11 0 5.89439e-11 0 6.13666e-11 0 6.38622e-11 0 6.62872e-11 0 6.87794e-11 0 7.134e-11 0 7.39699e-11 0 7.65094e-11 0 7.89476e-11 0 8.14422e-11 0 8.41659e-11 0 8.66032e-11 0 8.92711e-11 0 9.19983e-11 0 9.45977e-11 0 9.72499e-11 0 9.97605e-11 0 1.02318e-10 0 1.05124e-10 0 1.07779e-10 0 1.10482e-10 0 1.1302e-10 0 1.156e-10 0 1.18442e-10 0 1.21109e-10 0 1.23819e-10 0 1.26341e-10 0
50 2.50491e-14 2.50491e-14 1.86982e-20 7.46464e-07 1.64665e-05 1.70121e-35 5.75231e-23 3.03294e-26 2.14165e-21 5.57216e-20 7.48363e-19 6.53099e-17 1.31582e-16 7.7746e-16 0 2.87585e-15 0 6.87741e-15 0 1.31825e-14 0 8.43267e-14 0 4.35779e-13 0 1.04166e-12 0 1.86285e-12 0 2.8666e-12 0 4.0352e-12 0 5.33071e-12 0 6.73934e-12 0 8.25353e-12 0 9.85709e-12 0 1.15819e-11 0 1.3323e-11 0 1.51678e-11 0 1.70517e-11 0 1.90006e-11 0 2.09968e-11 0 2.30854e-11 0 2.5124e-11 0 2.72962e-11 0 2.94539e-11 0 3.16567e-11 0 3.38108e-11 0 3.60728e-11 0 3.83526e-11 0 4.0738e-11 0 4.30284e-11 0 4.54128e-11 0 4.77835e-11 0 5.01305e-11 0 5.25613e-11 0 5.49557e-11 0 5.7429e-11 0 5.98532e-11 0 6.23512e-11 0 6.47869e-11 0 6.7291e-11 0 6.97198e-11 0 7.22115e-11 0 7.47669e-11 0 7.73868e-11 0 7.99125e-11 0 8.23336e-11 0 8.48069e-11 0 8.75033e-11 0 8.99125e-11 0 9.25459e-11 0 9.52339e-11 0 9.77924e-11 0 1.00399e-10 0 1.02864e-10 0 1.05371e-10 0 1.08119e-10 0 1.10716e-10 0 1.13356e-10 0 1.15833e-10 0 1.18347e-10 0 1.21114e-10 0 1.23708e-10 0 1.26341e-10 0 1.28788e-10 0
52.5665 2.34457e-14 2.34456e-14 1.53463e-20 6.54546e-07 1.51386e-05 2.80649e-34 1.51795e-22 1.76844e-25 5.36318e-21 1.6066e-19 1.67539e-18 1.33359e-16 2.48751e-16 1.4067e-15 0 4.8815e-15 0 1.11873e-14 0 2.07731e-14 0 1.21372e-13 0 5.78887e-13 0 1.3261e-12 0 2.30518e-12 0 3.47344e-12 0 4.8085e-12 0 6.26656e-12 0 7.83237e-12 0 9.49778e-12 0 1.12453e-11 0 1.31095e-11 0 1.49776e-11 0 1.69441e-11 0 1.89403e-11 0 2.09939e-11 0 2.30869e-11 0 2.52664e-11 0 2.73845e-11 0 2.96323e-11 0 3.18564e-11 0 3.41189e-11 0 3.6324e-11 0 3.86323e-11 0 4.09515e-11 0 4.33711e-11 0 4.56878e-11 0 4.80932e-11 0 5.04789e-11 0 5.2835e-11 0 5.52696e-11 0 5.76624e-11 0 6.01289e-11 0 6.25413e-11 0 6.50222e-11 0 6.74367e-11 0 6.99144e-11 0 7.23133e-11 0 7.47702e-11 0 7.72856e-11 0 7.98603e-11 0 8.23383e-11 0 8.47102e-11 0 8.71298e-11 0 8.97638e-11 0 9.21138e-11 0 9.46792e-11 0 9.72941e-11 0 9.97797e-11 0 1.02309e-10 0 1.04698e-10 0 1.07125e-10 0 1.09781e-10 0 1.12289e-10 0 1.14836e-10 0 1.17222e-10 0 1.19642e-10 0 1.22303e-10 0 1.24794e-10 0 1.2732e-10 0 1.29666e-10 0
55.2648 2.1919e-14 2.19189e-14 1.25951e-20 5.7462e-07 1.39318e-05 3.971e-33 3.78653e-22 9.30472e-25 1.2767e-20 4.32625e-19 3.57818e-18 2.58645e-16 4.49981e-16 2.4318e-15 0 7.9414e-15 0 1.74777e-14 0 3.14875e-14 0 1.68781e-13 0 7.45895e-13 0 1.64092e-12 0 2.77649e-12 0 4.10073e-12 0 5.58754e-12 0 7.18835e-12 0 8.88728e-12 0 1.06762e-11 0 1.25368e-11 0 1.45063e-11 0 1.64662e-11 0 1.85166e-11 0 2.0586e-11 0 2.2704e-11 0 2.48523e-11 0 2.70793e-11 0 2.92347e-11 0 3.15131e-11 0 3.37594e-11 0 3.60366e-11 0 3.82491e-11 0 4.0558e-11 0 4.28713e-11 0 4.52779e-11 0 4.7576e-11 0 4.99563e-11 0 5.23113e-11 0 5.46319e-11 0 5.70245e-11 0 5.93711e-11 0 6.1785e-11 0 6.41414e-11 0 6.65602e-11 0 6.891e-11 0 7.1317e-11 0 7.36437e-11 0 7.60226e-11 0 7.84544e-11 0 8.09395e-11 0 8.33277e-11 0 8.56104e-11 0 8.79359e-11 0 9.04638e-11 0 9.27163e-11 0 9.5172e-11 0 9.76718e-11 0 1.00045e-10 0 1.02457e-10 0 1.04732e-10 0 1.07042e-10 0 1.09567e-10 0 1.11947e-10 0 1.14363e-10 0 1.16623e-10 0 1.18914e-10 0 1.21429e-10 0 1.23782e-10 0 1.26166e-10 0 1.28378e-10 0
58.1015 2.04767e-14 2.04767e-14 1.03421e-20 5.05064e-07 1.28331e-05 4.85736e-32 8.957e-22 4.44178e-24 2.89697e-20 1.09209e-18 7.30646e-18 4.77846e-16 7.80659e-16 4.02712e-15 0 1.24128e-14 0 2.62863e-14 0 4.60154e-14 0 2.27242e-13 0 9.33977e-13 0 1.97712e-12 0 3.26059e-12 0 4.72497e-12 0 6.34169e-12 0 8.05895e-12 0 9.86115e-12 0 1.17407e-11 0 1.36794e-11 0 1.57163e-11 0 1.77299e-11 0 1.98241e-11 0 2.19264e-11 0 2.40674e-11 0 2.62291e-11 0 2.84605e-11 0 3.06117e-11 0 3.28774e-11 0 3.51033e-11 0 3.73527e-11 0 3.95314e-11 0 4.17987e-11 0 4.40641e-11 0 4.64146e-11 0 4.86535e-11 0 5.0967e-11 0 5.32507e-11 0 5.54962e-11 0 5.78065e-11 0 6.0068e-11 0 6.23899e-11 0 6.46522e-11 0 6.69702e-11 0 6.92183e-11 0 7.15174e-11 0 7.37361e-11 0 7.60012e-11 0 7.83132e-11 0 8.06723e-11 0 8.29362e-11 0 8.50971e-11 0 8.72957e-11 0 8.96826e-11 0 9.18068e-11 0 9.41197e-11 0 9.64713e-11 0 9.87012e-11 0 1.00965e-10 0 1.03098e-10 0 1.05261e-10 0 1.07623e-10 0 1.09848e-10 0 1.12103e-10 0 1.14211e-10 0 1.16346e-10 0 1.18687e-10 0 1.20876e-10 0 1.23091e-10 0 1.25144e-10 0
61.0839 1.91547e-14 1.91547e-14 8.48376e-21 4.42908e-07 1.18002e-05 5.18357e-31 2.01861e-21 1.93682e-23 6.29277e-20 2.59775e-18 1.43174e-17 8.44656e-16 1.3038e-15 6.4149e-15 0 1.87153e-14 0 3.82073e-14 0 6.508e-14 0 2.97284e-13 0 1.14039e-12 0 2.32732e-12 0 3.74559e-12 0 5.33049e-12 0 7.05249e-12 0 8.85819e-12 0 1.07331e-11 0 1.26707e-11 0 1.46536e-11 0 1.67223e-11 0 1.87545e-11 0 2.08562e-11 0 2.29553e-11 0 2.5083e-11 0 2.7222e-11 0 2.94211e-11 0 3.15332e-11 0 3.37501e-11 0 3.59209e-11 0 3.81078e-11 0 4.022e-11 0 4.24122e-11 0 4.45967e-11 0 4.68577e-11 0 4.90062e-11 0 5.12214e-11 0 5.34033e-11 0 5.55442e-11 0 5.77428e-11 0 5.98907e-11 0 6.2092e-11 0 6.42331e-11 0 6.64233e-11 0 6.85438e-11 0 7.07091e-11 0 7.27955e-11 0 7.49226e-11 0 7.70904e-11 0 7.92995e-11 0 8.14164e-11 0 8.34345e-11 0 8.54853e-11 0 8.77089e-11 0 8.96854e-11 0 9.18352e-11 0 9.40183e-11 0 9.60861e-11 0 9.81832e-11 0 1.00157e-10 0 1.02156e-10 0 1.04338e-10 0 1.0639e-10 0 1.08469e-10 0 1.1041e-10 0 1.12374e-10 0 1.14526e-10 0 1.16536e-10 0 1.18569e-10 0 1.20452e-10 0
64.2193 1.78914e-14 1.78914e-14 6.97104e-21 3.89631e-07 1.08746e-05 4.84495e-30 4.33303e-21 7.72738e-23 1.30766e-19 5.82363e-18 2.68915e-17 1.42766e-15 2.09387e-15 9.82078e-15 0 2.71925e-14 0 5.36126e-14 0 8.89765e-14 0 3.77391e-13 0 1.35574e-12 0 2.67216e-12 0 4.20194e-12 0 5.87796e-12 0 7.67149e-12 0 9.52932e-12 0 1.14389e-11 0 1.33954e-11 0 1.53826e-11 0 1.74419e-11 0 1.9453e-11 0 2.15217e-11 0 2.35779e-11 0 2.56528e-11 0 2.77303e-11 0 2.98579e-11 0 3.18942e-11 0 3.40244e-11 0 3.61039e-11 0 3.81926e-11 0 4.02047e-11 0 4.22875e-11 0 4.4358e-11 0 4.64958e-11 0 4.85228e-11 0 5.06081e-11 0 5.2658e-11 0 5.46656e-11 0 5.67233e-11 0 5.87301e-11 0 6.07831e-11 0 6.27767e-11 0 6.48128e-11 0 6.6781e-11 0 6.87879e-11 0 7.0719e-11 0 7.26849e-11 0 7.46858e-11 0 7.6722e-11 0 7.86708e-11 0 8.05264e-11 0 8.24099e-11 0 8.44498e-11 0 8.62609e-11 0 8.82286e-11 0 9.02247e-11 0 9.21133e-11 0 9.40268e-11 0 9.58259e-11 0 9.76466e-11 0 9.96315e-11 0 1.01497e-10 0 1.03385e-10 0 1.05146e-10 0 1.06927e-10 0 1.08876e-10 0 1.10695e-10 0 1.12533e-10 0 1.14235e-10 0
67.5157 1.66364e-14 1.66364e-14 5.72203e-21 3.43947e-07 1.00568e-05 3.97969e-29 8.85402e-21 2.8244e-22 2.59708e-19 1.23017e-17 4.83406e-17 2.30534e-15 3.22896e-15 1.44332e-14 0 3.80253e-14 0 7.25265e-14 0 1.17426e-13 0 4.64138e-13 0 1.56649e-12 0 2.98706e-12 0 4.59461e-12 0 6.32304e-12 0 8.14612e-12 0 1.00127e-11 0 1.1913e-11 0 1.3844e-11 0 1.57914e-11 0 1.77966e-11 0 1.9744e-11 0 2.1737e-11 0 2.37088e-11 0 2.56902e-11 0 2.76664e-11 0 2.9683e-11 0 3.16065e-11 0 3.36125e-11 0 3.5565e-11 0 3.75208e-11 0 3.93999e-11 0 4.13405e-11 0 4.3265e-11 0 4.52477e-11 0 4.71235e-11 0 4.90496e-11 0 5.09392e-11 0 5.27864e-11 0 5.46765e-11 0 5.65167e-11 0 5.83962e-11 0 6.02185e-11 0 6.20767e-11 0 6.38705e-11 0 6.56969e-11 0 6.7452e-11 0 6.92364e-11 0 7.10503e-11 0 7.28939e-11 0 7.46562e-11 0 7.63323e-11 0 7.80318e-11 0 7.98703e-11 0 8.15009e-11 0 8.32707e-11 0 8.50641e-11 0 8.67593e-11 0 8.84752e-11 0 9.00871e-11 0 9.17168e-11 0 9.3492e-11 0 9.5159e-11 0 9.6844e-11 0 9.84154e-11 0 1.00002e-10 0 1.01739e-10 0 1.03358e-10 0 1.04992e-10 0 1.06504e-10 0
70.9813 1.55989e-14 1.55989e-14 4.69648e-21 3.01078e-07 9.22856e-06 2.9277e-28 1.74866e-20 9.61847e-22 5.00303e-19 2.48684e-17 8.43672e-17 3.60955e-15 4.85061e-15 2.06628e-14 0 5.19227e-14 0 9.596e-14 0 1.51754e-13 0 5.60905e-13 0 1.78401e-12 0 3.29646e-12 0 4.96531e-12 0 6.72785e-12 0 8.56156e-12 0 1.04185e-11 0 1.22916e-11 0 1.41804e-11 0 1.60724e-11 0 1.80088e-11 0 1.98794e-11 0 2.17846e-11 0 2.36614e-11 0 2.55398e-11 0 2.74064e-11 0 2.93046e-11 0 3.11095e-11 0 3.29862e-11 0 3.48078e-11 0 3.66277e-11 0 3.83721e-11 0 4.01694e-11 0 4.19479e-11 0 4.37762e-11 0 4.55026e-11 0 4.72718e-11 0 4.90044e-11 0 5.06953e-11 0 5.24224e-11 0 5.41013e-11 0 5.58135e-11 0 5.74711e-11 0 5.91589e-11 0 6.0786e-11 0 6.24406e-11 0 6.40284e-11 0 6.56409e-11 0 6.72781e-11 0 6.894e-11 0 7.05268e-11 0 7.20345e-11 0 7.35616e-11 0 7.52119e-11 0 7.66741e-11 0 7.82597e-11 0 7.98648e-11 0 8.13806e-11 0 8.29135e-11 0 8.43522e-11 0 8.58057e-11 0 8.73875e-11 0 8.88718e-11 0 9.03708e-11 0 9.17678e-11 0 9.31773e-11 0 9.47187e-11 0 9.61546e-11 0 9.76033e-11 0 9.89423e-11 0
74.6248 1.45048e-14 1.45048e-14 3.85546e-21 2.65805e-07 8.53419e-06 1.90811e-27 3.29039e-20 3.01313e-21 9.21103e-19 4.74374e-17 1.40795e-16 5.39981e-15 6.99138e-15 2.83869e-14 0 6.81946e-14 0 1.2231e-13 0 1.89145e-13 0 6.55895e-13 0 1.97167e-12 0 3.53588e-12 0 5.22085e-12 0 6.97046e-12 0 8.76715e-12 0 1.05676e-11 0 1.23682e-11 0 1.41705e-11 0 1.59642e-11 0 1.77898e-11 0 1.95442e-11 0 2.13232e-11 0 2.30683e-11 0 2.48085e-11 0 2.65316e-11 0 2.82783e-11 0 2.99341e-11 0 3.16511e-11 0 3.33132e-11 0 3.49698e-11 0 3.65539e-11 0 3.81826e-11 0 3.97909e-11 0 4.1441e-11 0 4.29961e-11 0 4.4587e-11 0 4.61422e-11 0 4.76575e-11 0 4.9203e-11 0 5.07029e-11 0 5.22305e-11 0 5.37072e-11 0 5.52089e-11 0 5.66547e-11 0 5.81231e-11 0 5.95306e-11 0 6.09583e-11 0 6.24062e-11 0 6.38744e-11 0 6.52747e-11 0 6.66038e-11 0 6.79488e-11 0 6.94009e-11 0 7.06862e-11 0 7.20788e-11 0 7.34872e-11 0 7.4816e-11 0 7.61587e-11 0 7.74179e-11 0 7.8689e-11 0 8.00713e-11 0 8.13673e-11 0 8.26752e-11 0 8.38931e-11 0 8.51213e-11 0 8.64632e-11 0 8.77126e-11 0 8.89721e-11 0 9.01356e-11 0
78.4553 1.35529e-14 1.35529e-14 3.16549e-21 2.33566e-07 7.85518e-06 1.12249e-26 5.99019e-20 8.83008e-21 1.64504e-18 8.6726e-17 2.2796e-16 7.83452e-15 9.81061e-15 3.79808e-14 0 8.74206e-14 0 1.52384e-13 0 2.30692e-13 0 7.52871e-13 0 2.14497e-12 0 3.73887e-12 0 5.41704e-12 0 7.13172e-12 0 8.8709e-12 0 1.05965e-11 0 1.23082e-11 0 1.40095e-11 0 1.56926e-11 0 1.73963e-11 0 1.90259e-11 0 2.06711e-11 0 2.22788e-11 0 2.38762e-11 0 2.54527e-11 0 2.7046e-11 0 2.85521e-11 0 3.01097e-11 0 3.16139e-11 0 3.31095e-11 0 3.45366e-11 0 3.6001e-11 0 3.74441e-11 0 3.8922e-11 0 4.03123e-11 0 4.17322e-11 0 4.3118e-11 0 4.44662e-11 0 4.58392e-11 0 4.717e-11 0 4.85233e-11 0 4.98299e-11 0 5.1157e-11 0 5.24331e-11 0 5.37276e-11 0 5.4967e-11 0 5.62229e-11 0 5.74952e-11 0 5.8784e-11 0 6.00119e-11 0 6.11764e-11 0 6.23536e-11 0 6.36235e-11 0 6.47465e-11 0 6.59622e-11 0 6.71906e-11 0 6.83487e-11 0 6.9518e-11 0 7.06137e-11 0 7.17189e-11 0 7.292e-11 0 7.40452e-11 0 7.51799e-11 0 7.62359e-11 0 7.73001e-11 0 7.84621e-11 0 7.95432e-11 0 8.06324e-11 0 8.1638e-11 0
82.4824 1.25398e-14 1.25398e-14 2.59796e-21 2.07178e-07 7.29728e-06 5.90447e-26 1.04194e-19 2.39391e-20 2.8131e-18 1.50099e-16 3.53352e-16 1.0883e-14 1.32261e-14 4.88461e-14 0 1.07946e-13 0 1.83127e-13 0 2.71679e-13 0 8.36927e-13 0 2.2659e-12 0 3.84443e-12 0 5.47072e-12 0 7.10716e-12 0 8.74767e-12 0 1.03602e-11 0 1.19473e-11 0 1.35144e-11 0 1.50559e-11 0 1.66083e-11 0 1.80864e-11 0 1.95728e-11 0 2.10199e-11 0 2.24529e-11 0 2.38629e-11 0 2.52836e-11 0 2.66232e-11 0 2.80051e-11 0 2.93364e-11 0 3.06573e-11 0 3.19152e-11 0 3.32033e-11 0 3.44706e-11 0 3.5766e-11 0 3.69826e-11 0 3.82231e-11 0 3.9432e-11 0 4.06065e-11 0 4.18008e-11 0 4.29569e-11 0 4.41311e-11 0 4.52634e-11 0 4.6412e-11 0 4.75153e-11 0 4.86332e-11 0 4.97025e-11 0 5.07849e-11 0 5.18803e-11 0 5.29888e-11 0 5.4044e-11 0 5.50438e-11 0 5.60537e-11 0 5.71421e-11 0 5.81038e-11 0 5.91441e-11 0 6.01944e-11 0 6.11838e-11 0 6.2182e-11 0 6.31168e-11 0 6.40591e-11 0 6.50823e-11 0 6.60402e-11 0 6.70056e-11 0 6.79035e-11 0 6.88077e-11 0 6.97945e-11 0 7.0712e-11 0 7.16359e-11 0 7.24883e-11 0
86.7162 1.15589e-14 1.15589e-14 2.13017e-21 1.84288e-07 6.80436e-06 2.80797e-25 1.74569e-19 6.06064e-20 4.64111e-18 2.47965e-16 5.28227e-16 1.45858e-14 1.72576e-14 6.08386e-14 0 1.29344e-13 0 2.13841e-13 0 3.11198e-13 0 9.07492e-13 0 2.34071e-12 0 3.87079e-12 0 5.415e-12 0 6.94648e-12 0 8.46484e-12 0 9.94408e-12 0 1.13894e-11 0 1.28076e-11 0 1.41951e-11 0 1.55857e-11 0 1.69042e-11 0 1.82249e-11 0 1.95063e-11 0 2.07713e-11 0 2.20123e-11 0 2.32593e-11 0 2.44322e-11 0 2.56393e-11 0 2.67997e-11 0 2.79487e-11 0 2.90407e-11 0 3.01571e-11 0 3.12534e-11 0 3.23721e-11 0 3.34212e-11 0 3.44893e-11 0 3.55288e-11 0 3.65372e-11 0 3.75614e-11 0 3.85516e-11 0 3.9556e-11 0 4.05235e-11 0 4.15039e-11 0 4.24445e-11 0 4.33967e-11 0 4.43066e-11 0 4.52267e-11 0 4.6157e-11 0 4.70976e-11 0 4.79921e-11 0 4.8839e-11 0 4.96937e-11 0 5.06142e-11 0 5.14269e-11 0 5.23053e-11 0 5.31916e-11 0 5.40259e-11 0 5.48669e-11 0 5.5654e-11 0 5.64469e-11 0 5.73074e-11 0 5.81124e-11 0 5.89233e-11 0 5.96769e-11 0 6.04355e-11 0 6.12628e-11 0 6.20316e-11 0 6.28053e-11 0 6.35189e-11 0
91.1674 1.06791e-14 1.06791e-14 1.7483e-21 1.63713e-07 6.33111e-06 1.22038e-24 2.83963e-19 1.44606e-19 7.44239e-18 3.94197e-16 7.67102e-16 1.90047e-14 2.19537e-14 7.39316e-14 0 1.51499e-13 0 2.44401e-13 0 3.49221e-13 0 9.66625e-13 0 2.38103e-12 0 3.84272e-12 0 5.28936e-12 0 6.70452e-12 0 8.0929e-12 0 9.43421e-12 0 1.07357e-11 0 1.20053e-11 0 1.3241e-11 0 1.4474e-11 0 1.56383e-11 0 1.68005e-11 0 1.79244e-11 0 1.90305e-11 0 2.01127e-11 0 2.11974e-11 0 2.22152e-11 0 2.32605e-11 0 2.42632e-11 0 2.52541e-11 0 2.61942e-11 0 2.71537e-11 0 2.80944e-11 0 2.90528e-11 0 2.99503e-11 0 3.08627e-11 0 3.17495e-11 0 3.26087e-11 0 3.34804e-11 0 3.4322e-11 0 3.51749e-11 0 3.59954e-11 0 3.68261e-11 0 3.76223e-11 0 3.84274e-11 0 3.91961e-11 0 3.99728e-11 0 4.07574e-11 0 4.155e-11 0 4.23031e-11 0 4.30156e-11 0 4.37341e-11 0 4.45073e-11 0 4.51896e-11 0 4.59264e-11 0 4.66693e-11 0 4.73682e-11 0 4.80722e-11 0 4.87307e-11 0 4.93937e-11 0 5.01127e-11 0 5.0785e-11 0 5.14617e-11 0 5.20904e-11 0 5.27228e-11 0 5.34122e-11 0 5.40525e-11 0 5.46966e-11 0 5.52902e-11 0
95.847 9.95267e-15 9.95267e-15 1.43373e-21 1.44055e-07 5.84143e-06 4.90058e-24 4.5218e-19 3.28262e-19 1.16902e-17 6.08151e-16 1.0905e-15 2.42651e-14 2.74374e-14 8.83397e-14 0 1.74797e-13 0 2.75484e-13 0 3.86846e-13 0 1.01899e-12 0 2.4026e-12 0 3.78894e-12 0 5.13581e-12 0 6.43638e-12 0 7.69976e-12 0 8.91067e-12 0 1.0078e-11 0 1.12104e-11 0 1.23074e-11 0 1.33972e-11 0 1.44224e-11 0 1.54424e-11 0 1.64257e-11 0 1.73907e-11 0 1.83325e-11 0 1.92742e-11 0 2.01559e-11 0 2.10595e-11 0 2.19246e-11 0 2.2778e-11 0 2.35863e-11 0 2.441e-11 0 2.52163e-11 0 2.60366e-11 0 2.68037e-11 0 2.75825e-11 0 2.83385e-11 0 2.90702e-11 0 2.98115e-11 0 3.05266e-11 0 3.12505e-11 0 3.19462e-11 0 3.26498e-11 0 3.33236e-11 0 3.40044e-11 0 3.46538e-11 0 3.53094e-11 0 3.59711e-11 0 3.66391e-11 0 3.72733e-11 0 3.78728e-11 0 3.8477e-11 0 3.91267e-11 0 3.96996e-11 0 4.0318e-11 0 4.0941e-11 0 4.15267e-11 0 4.21165e-11 0 4.26677e-11 0 4.32224e-11 0 4.38236e-11 0 4.43854e-11 0 4.49507e-11 0 4.54755e-11 0 4.60032e-11 0 4.65782e-11 0 4.71119e-11 0 4.76485e-11 0 4.8143e-11 0
100.767 9.25027e-15 9.25026e-15 1.17614e-21 1.27146e-07 5.40365e-06 1.80522e-23 6.98025e-19 7.02878e-19 1.78027e-17 9.01828e-16 1.50198e-15 3.00563e-14 3.33441e-14 1.02736e-13 0 1.96626e-13 0 3.03091e-13 0 4.18632e-13 0 1.05198e-12 0 2.3795e-12 0 3.67114e-12 0 4.9042e-12 0 6.08034e-12 0 7.21223e-12 0 8.28903e-12 0 9.3207e-12 0 1.03163e-11 0 1.12764e-11 0 1.22265e-11 0 1.31171e-11 0 1.40003e-11 0 1.48493e-11 0 1.56804e-11 0 1.64895e-11 0 1.72967e-11 0 1.80509e-11 0 1.88223e-11 0 1.95596e-11 0 2.02856e-11 0 2.09723e-11 0 2.16709e-11 0 2.23538e-11 0 2.30477e-11 0 2.36956e-11 0 2.43528e-11 0 2.49899e-11 0 2.56058e-11 0 2.62292e-11 0 2.683e-11 0 2.74374e-11 0 2.80208e-11 0 2.86102e-11 0 2.91742e-11 0 2.97435e-11 0 3.02861e-11 0 3.08335e-11 0 3.13856e-11 0 3.19424e-11 0 3.24708e-11 0 3.29699e-11 0 3.34727e-11 0 3.40129e-11 0 3.44889e-11 0 3.50024e-11 0 3.55195e-11 0 3.60053e-11 0 3.64942e-11 0 3.69509e-11 0 3.74102e-11 0 3.79079e-11 0 3.83726e-11 0 3.884e-11 0 3.92737e-11 0 3.97097e-11 0 4.01844e-11 0 4.06249e-11 0 4.10675e-11 0 4.14752e-11 0
105.939 8.53982e-15 8.53982e-15 9.65032e-22 1.13004e-07 5.03165e-06 6.10081e-23 1.04206e-18 1.41781e-18 2.62095e-17 1.28264e-15 1.99857e-15 3.60224e-14 3.92911e-14 1.15962e-13 0 2.15026e-13 0 3.2454e-13 0 4.41266e-13 0 1.06033e-12 0 2.30572e-12 0 3.48412e-12 0 4.59059e-12 0 5.63385e-12 0 6.62905e-12 0 7.56919e-12 0 8.46472e-12 0 9.32477e-12 0 1.01506e-11 0 1.09647e-11 0 1.17254e-11 0 1.24775e-11 0 1.31985e-11 0 1.39026e-11 0 1.45865e-11 0 1.52674e-11 0 1.59023e-11 0 1.65506e-11 0 1.71692e-11 0 1.77773e-11 0 1.83517e-11 0 1.89352e-11 0 1.95048e-11 0 2.00829e-11 0 2.0622e-11 0 2.11682e-11 0 2.16972e-11 0 2.2208e-11 0 2.27246e-11 0 2.32218e-11 0 2.37242e-11 0 2.42063e-11 0 2.46929e-11 0 2.51581e-11 0 2.56274e-11 0 2.60744e-11 0 2.65249e-11 0 2.69791e-11 0 2.74367e-11 0 2.78707e-11 0 2.82805e-11 0 2.86929e-11 0 2.91358e-11 0 2.95259e-11 0 2.99465e-11 0 3.03697e-11 0 3.07671e-11 0 3.11668e-11 0 3.154e-11 0 3.19152e-11 0 3.23215e-11 0 3.27008e-11 0 3.3082e-11 0 3.34356e-11 0 3.37909e-11 0 3.41776e-11 0 3.45362e-11 0 3.48965e-11 0 3.52282e-11 0
111.377 7.95215e-15 7.95215e-15 7.9149e-22 9.95316e-08 4.64633e-06 1.92823e-22 1.52987e-18 2.74292e-18 3.79173e-17 1.77973e-15 2.61173e-15 4.24733e-14 4.5635e-14 1.29149e-13 0 2.32382e-13 0 3.43779e-13 0 4.60496e-13 0 1.06051e-12 0 2.22148e-12 0 3.29137e-12 0 4.28035e-12 0 5.20273e-12 0 6.07536e-12 0 6.89428e-12 0 7.67013e-12 0 8.41182e-12 0 9.12119e-12 0 9.81804e-12 0 1.04671e-11 0 1.11071e-11 0 1.17191e-11 0 1.23154e-11 0 1.28933e-11 0 1.34676e-11 0 1.40021e-11 0 1.4547e-11 0 1.50661e-11 0 1.55757e-11 0 1.60562e-11 0 1.65439e-11 0 1.70194e-11 0 1.75013e-11 0 1.79503e-11 0 1.84046e-11 0 1.88442e-11 0 1.92683e-11 0 1.96968e-11 0 2.01089e-11 0 2.0525e-11 0 2.09238e-11 0 2.13261e-11 0 2.17104e-11 0 2.20978e-11 0 2.24666e-11 0 2.2838e-11 0 2.32121e-11 0 2.3589e-11 0 2.39461e-11 0 2.4283e-11 0 2.4622e-11 0 2.49858e-11 0 2.5306e-11 0 2.56511e-11 0 2.59982e-11 0 2.6324e-11 0 2.66515e-11 0 2.69571e-11 0 2.72642e-11 0 2.75966e-11 0 2.79068e-11 0 2.82184e-11 0 2.85074e-11 0 2.87976e-11 0 2.91133e-11 0 2.9406e-11 0 2.97e-11 0 2.99705e-11 0
117.094 7.37598e-15 7.37598e-15 6.49201e-22 8.80155e-08 4.30664e-06 5.64957e-22 2.18418e-18 5.03848e-18 5.32839e-17 2.38309e-15 3.31364e-15 4.87141e-14 5.16466e-14 1.40309e-13 0 2.45345e-13 0 3.56112e-13 0 4.70297e-13 0 1.04026e-12 0 2.1032e-12 0 3.05855e-12 0 3.92872e-12 0 4.73201e-12 0 5.4861e-12 0 6.1894e-12 0 6.85234e-12 0 7.48336e-12 0 8.08466e-12 0 8.6734e-12 0 9.22017e-12 0 9.75791e-12 0 1.02709e-11 0 1.07697e-11 0 1.12522e-11 0 1.17307e-11 0 1.21754e-11 0 1.2628e-11 0 1.30585e-11 0 1.34806e-11 0 1.38781e-11 0 1.4281e-11 0 1.46734e-11 0 1.50707e-11 0 1.54404e-11 0 1.58142e-11 0 1.61755e-11 0 1.65238e-11 0 1.68754e-11 0 1.72132e-11 0 1.7554e-11 0 1.78805e-11 0 1.82096e-11 0 1.85237e-11 0 1.88402e-11 0 1.91412e-11 0 1.94442e-11 0 1.97493e-11 0 2.00563e-11 0 2.03471e-11 0 2.06214e-11 0 2.08971e-11 0 2.1193e-11 0 2.14532e-11 0 2.17335e-11 0 2.20154e-11 0 2.22797e-11 0 2.25454e-11 0 2.27932e-11 0 2.30421e-11 0 2.33114e-11 0 2.35626e-11 0 2.38148e-11 0 2.40486e-11 0 2.42833e-11 0 2.45387e-11 0 2.47753e-11 0 2.50127e-11 0 2.52312e-11 0
123.105 6.81895e-15 6.81895e-15 5.32379e-22 7.80735e-08 4.00492e-06 1.54075e-21 3.03786e-18 8.81352e-18 7.28411e-17 3.08601e-15 4.08837e-15 5.44448e-14 5.70454e-14 1.48937e-13 0 2.53452e-13 0 3.61289e-13 0 4.70749e-13 0 1.00217e-12 0 1.95926e-12 0 2.7994e-12 0 3.55409e-12 0 4.24409e-12 0 4.88712e-12 0 5.48338e-12 0 6.04276e-12 0 6.57307e-12 0 7.07664e-12 0 7.5682e-12 0 8.02347e-12 0 8.47015e-12 0 8.89535e-12 0 9.30792e-12 0 9.7063e-12 0 1.01007e-11 0 1.04667e-11 0 1.08387e-11 0 1.1192e-11 0 1.15379e-11 0 1.18634e-11 0 1.21929e-11 0 1.25134e-11 0 1.28376e-11 0 1.31391e-11 0 1.34435e-11 0 1.37376e-11 0 1.40208e-11 0 1.43064e-11 0 1.45807e-11 0 1.48572e-11 0 1.51219e-11 0 1.53885e-11 0 1.56429e-11 0 1.58989e-11 0 1.61424e-11 0 1.63873e-11 0 1.66337e-11 0 1.68816e-11 0 1.71162e-11 0 1.73374e-11 0 1.75597e-11 0 1.77981e-11 0 1.80077e-11 0 1.82333e-11 0 1.84601e-11 0 1.86727e-11 0 1.88862e-11 0 1.90854e-11 0 1.92854e-11 0 1.95016e-11 0 1.97032e-11 0 1.99056e-11 0 2.00932e-11 0 2.02814e-11 0 2.0486e-11 0 2.06756e-11 0 2.08659e-11 0 2.10408e-11 0
129.424 6.34681e-15 6.34681e-15 4.36509e-22 6.87761e-08 3.6999e-06 3.96416e-21 4.16227e-18 1.48633e-17 9.79305e-17 3.90971e-15 4.95988e-15 5.99632e-14 6.2177e-14 1.56192e-13 0 2.59025e-13 0 3.62948e-13 0 4.66904e-13 0 9.58554e-13 0 1.81535e-12 0 2.55086e-12 0 3.203e-12 0 3.79389e-12 0 4.3408e-12 0 4.8452e-12 0 5.3163e-12 0 5.76125e-12 0 6.18241e-12 0 6.59233e-12 0 6.97105e-12 0 7.34178e-12 0 7.69397e-12 0 8.03506e-12 0 8.36387e-12 0 8.68892e-12 0 8.99007e-12 0 9.29572e-12 0 9.58567e-12 0 9.86926e-12 0 1.01358e-11 0 1.04053e-11 0 1.06672e-11 0 1.09319e-11 0 1.11778e-11 0 1.1426e-11 0 1.16654e-11 0 1.18959e-11 0 1.21281e-11 0 1.2351e-11 0 1.25755e-11 0 1.27903e-11 0 1.30066e-11 0 1.32127e-11 0 1.34201e-11 0 1.36172e-11 0 1.38154e-11 0 1.40147e-11 0 1.42151e-11 0 1.44046e-11 0 1.45833e-11 0 1.47627e-11 0 1.4955e-11 0 1.51241e-11 0 1.5306e-11 0 1.54887e-11 0 1.566e-11 0 1.58319e-11 0 1.59922e-11 0 1.61531e-11 0 1.63271e-11 0 1.64892e-11 0 1.66519e-11 0 1.68026e-11 0 1.69538e-11 0 1.71181e-11 0 1.72703e-11 0 1.7423e-11 0 1.75634e-11 0
136.067 5.8577e-15 5.8577e-15 3.57911e-22 6.11009e-08 3.44688e-06 9.50674e-21 5.53824e-18 2.38507e-17 1.27629e-16 4.77949e-15 5.83272e-15 6.41639e-14 6.59268e-14 1.59533e-13 0 2.5816e-13 0 3.55891e-13 0 4.52307e-13 0 8.97189e-13 0 1.64877e-12 0 2.28056e-12 0 2.83392e-12 0 3.33109e-12 0 3.78833e-12 0 4.20791e-12 0 4.59817e-12 0 4.96548e-12 0 5.3121e-12 0 5.64858e-12 0 5.95872e-12 0 6.26169e-12 0 6.54896e-12 0 6.8267e-12 0 7.09402e-12 0 7.35789e-12 0 7.60204e-12 0 7.84952e-12 0 8.08402e-12 0 8.31313e-12 0 8.52821e-12 0 8.74552e-12 0 8.95654e-12 0 9.16957e-12 0 9.36731e-12 0 9.5667e-12 0 9.75897e-12 0 9.94388e-12 0 1.01301e-11 0 1.03087e-11 0 1.04885e-11 0 1.06604e-11 0 1.08334e-11 0 1.09982e-11 0 1.1164e-11 0 1.13213e-11 0 1.14795e-11 0 1.16385e-11 0 1.17983e-11 0 1.19495e-11 0 1.20918e-11 0 1.22347e-11 0 1.23878e-11 0 1.25223e-11 0 1.2667e-11 0 1.28124e-11 0 1.29485e-11 0 1.30851e-11 0 1.32125e-11 0 1.33403e-11 0 1.34783e-11 0 1.3607e-11 0 1.37361e-11 0 1.38556e-11 0 1.39755e-11 0 1.41057e-11 0 1.42263e-11 0 1.43473e-11 0 1.44585e-11 0
143.051 5.4196e-15 5.4196e-15 2.93504e-22 5.41561e-08 3.20321e-06 2.15491e-20 7.2409e-18 3.68911e-17 1.63126e-16 5.70722e-15 6.72803e-15 6.75072e-14 6.88078e-14 1.60586e-13 0 2.5389e-13 0 3.44636e-13 0 4.32994e-13 0 8.31348e-13 0 1.48493e-12 0 2.02358e-12 0 2.49e-12 0 2.90576e-12 0 3.28588e-12 0 3.63303e-12 0 3.95469e-12 0 4.25645e-12 0 4.54042e-12 0 4.81541e-12 0 5.06832e-12 0 5.3149e-12 0 5.54829e-12 0 5.77359e-12 0 5.99011e-12 0 6.20355e-12 0 6.40079e-12 0 6.6005e-12 0 6.78952e-12 0 6.97402e-12 0 7.14705e-12 0 7.32173e-12 0 7.4912e-12 0 7.66215e-12 0 7.82071e-12 0 7.98049e-12 0 8.13444e-12 0 8.28241e-12 0 8.43135e-12 0 8.57411e-12 0 8.71773e-12 0 8.85497e-12 0 8.99297e-12 0 9.12441e-12 0 9.25653e-12 0 9.38193e-12 0 9.50791e-12 0 9.63448e-12 0 9.76164e-12 0 9.88184e-12 0 9.99498e-12 0 1.01086e-11 0 1.02302e-11 0 1.0337e-11 0 1.04519e-11 0 1.05673e-11 0 1.06753e-11 0 1.07836e-11 0 1.08846e-11 0 1.09859e-11 0 1.10953e-11 0 1.11972e-11 0 1.12994e-11 0 1.1394e-11 0 1.14889e-11 0 1.1592e-11 0 1.16874e-11 0 1.1783e-11 0 1.18709e-11 0
150.394 5.02797e-15 5.02797e-15 2.40669e-22 4.78661e-08 2.96859e-06 4.63129e-20 9.31171e-18 5.51218e-17 2.04677e-16 6.66717e-15 7.62118e-15 6.99195e-14 7.0769e-14 1.59486e-13 0 2.46647e-13 0 3.29934e-13 0 4.10031e-13 0 7.63351e-13 0 1.32731e-12 0 1.78357e-12 0 2.17443e-12 0 2.52029e-12 0 2.83475e-12 0 3.12069e-12 0 3.38468e-12 0 3.6316e-12 0 3.86336e-12 0 4.08727e-12 0 4.29279e-12 0 4.49281e-12 0 4.68183e-12 0 4.86401e-12 0 5.03887e-12 0 5.21103e-12 0 5.36994e-12 0 5.53066e-12 0 5.68263e-12 0 5.83082e-12 0 5.96969e-12 0 6.10976e-12 0 6.24555e-12 0 6.38243e-12 0 6.50929e-12 0 6.63704e-12 0 6.76006e-12 0 6.87822e-12 0 6.9971e-12 0 7.11097e-12 0 7.22548e-12 0 7.33484e-12 0 7.44476e-12 0 7.5494e-12 0 7.65453e-12 0 7.75427e-12 0 7.85444e-12 0 7.95503e-12 0 8.05605e-12 0 8.1515e-12 0 8.24132e-12 0 8.33146e-12 0 8.42796e-12 0 8.51269e-12 0 8.60377e-12 0 8.69516e-12 0 8.78073e-12 0 8.86657e-12 0 8.94651e-12 0 9.02668e-12 0 9.11326e-12 0 9.19389e-12 0 9.27473e-12 0 9.34955e-12 0 9.42456e-12 0 9.50602e-12 0 9.58141e-12 0 9.65698e-12 0 9.72641e-12 0
158.114 4.64525e-15 4.64525e-15 1.9735e-22 4.24842e-08 2.76263e-06 9.39829e-20 1.17051e-17 7.91599e-17 2.50543e-16 7.57642e-15 8.42668e-15 7.08669e-14 7.1292e-14 1.55333e-13 0 2.35248e-13 0 3.10347e-13 0 3.8173e-13 0 6.90232e-13 0 1.1701e-12 0 1.55163e-12 0 1.87524e-12 0 2.15963e-12 0 2.41687e-12 0 2.64983e-12 0 2.8642e-12 0 3.06415e-12 0 3.25137e-12 0 3.43187e-12 0 3.59723e-12 0 3.75791e-12 0 3.90951e-12 0 4.05545e-12 0 4.19533e-12 0 4.3329e-12 0 4.45974e-12 0 4.58791e-12 0 4.70899e-12 0 4.82695e-12 0 4.9374e-12 0 5.04873e-12 0 5.15658e-12 0 5.26522e-12 0 5.36584e-12 0 5.46711e-12 0 5.56456e-12 0 5.65812e-12 0 5.7522e-12 0 5.84227e-12 0 5.9328e-12 0 6.01921e-12 0 6.10603e-12 0 6.18865e-12 0 6.27162e-12 0 6.3503e-12 0 6.42929e-12 0 6.50859e-12 0 6.58819e-12 0 6.66338e-12 0 6.73411e-12 0 6.80507e-12 0 6.88101e-12 0 6.94767e-12 0 7.0193e-12 0 7.09116e-12 0 7.15842e-12 0 7.22587e-12 0 7.28868e-12 0 7.35164e-12 0 7.41963e-12 0 7.48292e-12 0 7.54637e-12 0 7.60508e-12 0 7.66392e-12 0 7.72781e-12 0 7.78692e-12 0 7.84616e-12 0 7.90058e-12 0
166.23 4.27781e-15 4.27781e-15 1.61823e-22 3.78285e-08 2.57935e-06 1.80716e-19 1.44044e-17 1.09552e-16 2.99677e-16 8.39261e-15 9.11076e-15 7.04163e-14 7.04658e-14 1.48619e-13 0 2.20661e-13 0 2.87301e-13 0 3.49949e-13 0 6.15558e-13 0 1.01882e-12 0 1.33428e-12 0 1.59937e-12 0 1.83085e-12 0 2.03924e-12 0 2.22725e-12 0 2.39973e-12 0 2.56018e-12 0 2.71009e-12 0 2.85434e-12 0 2.98627e-12 0 3.11425e-12 0 3.23485e-12 0 3.35079e-12 0 3.4618e-12 0 3.57085e-12 0 3.6713e-12 0 3.77271e-12 0 3.86842e-12 0 3.9616e-12 0 4.04879e-12 0 4.1366e-12 0 4.22162e-12 0 4.3072e-12 0 4.38642e-12 0 4.46611e-12 0 4.54275e-12 0 4.6163e-12 0 4.69021e-12 0 4.76094e-12 0 4.832e-12 0 4.8998e-12 0 4.9679e-12 0 5.03267e-12 0 5.09769e-12 0 5.15933e-12 0 5.22119e-12 0 5.28327e-12 0 5.34556e-12 0 5.40439e-12 0 5.45971e-12 0 5.51519e-12 0 5.57455e-12 0 5.62664e-12 0 5.6826e-12 0 5.73872e-12 0 5.79124e-12 0 5.84389e-12 0 5.8929e-12 0 5.94203e-12 0 5.99506e-12 0 6.04443e-12 0 6.0939e-12 0 6.13966e-12 0 6.18552e-12 0 6.23531e-12 0 6.28136e-12 0 6.3275e-12 0 6.36988e-12 0
174.763 3.9371e-15 3.9371e-15 1.32601e-22 3.36799e-08 2.41027e-06 3.30957e-19 1.74089e-17 1.46737e-16 3.51402e-16 9.09632e-15 9.66532e-15 6.88338e-14 6.85697e-14 1.40164e-13 0 2.04234e-13 0 2.62626e-13 0 3.16953e-13 0 5.43187e-13 0 8.78969e-13 0 1.13769e-12 0 1.35322e-12 0 1.54033e-12 0 1.70803e-12 0 1.8588e-12 0 1.99671e-12 0 2.12472e-12 0 2.24406e-12 0 2.35869e-12 0 2.46336e-12 0 2.56476e-12 0 2.66019e-12 0 2.75182e-12 0 2.83947e-12 0 2.92548e-12 0 3.00465e-12 0 3.08449e-12 0 3.1598e-12 0 3.23306e-12 0 3.30156e-12 0 3.37051e-12 0 3.43723e-12 0 3.50435e-12 0 3.56644e-12 0 3.62887e-12 0 3.68888e-12 0 3.74644e-12 0 3.80427e-12 0 3.85958e-12 0 3.91513e-12 0 3.96811e-12 0 4.02129e-12 0 4.07186e-12 0 4.12261e-12 0 4.17071e-12 0 4.21896e-12 0 4.26737e-12 0 4.31593e-12 0 4.36177e-12 0 4.40487e-12 0 4.44808e-12 0 4.4943e-12 0 4.53485e-12 0 4.5784e-12 0 4.62207e-12 0 4.66292e-12 0 4.70387e-12 0 4.74198e-12 0 4.78017e-12 0 4.82139e-12 0 4.85974e-12 0 4.89818e-12 0 4.93373e-12 0 4.96934e-12 0 5.008e-12 0 5.04375e-12 0 5.07956e-12 0 5.11245e-12 0
183.733 3.67597e-15 3.67597e-15 1.08687e-22 2.95668e-08 2.2202e-06 5.8734e-19 2.09854e-17 1.9339e-16 4.10301e-16 9.80218e-15 1.02206e-14 6.72481e-14 6.67296e-14 1.32361e-13 0 1.89467e-13 0 2.40788e-13 0 2.88073e-13 0 4.81705e-13 0 7.63079e-13 0 9.76837e-13 0 1.15349e-12 0 1.306e-12 0 1.44214e-12 0 1.56414e-12 0 1.67545e-12 0 1.77853e-12 0 1.87446e-12 0 1.96644e-12 0 2.05031e-12 0 2.13146e-12 0 2.20774e-12 0 2.2809e-12 0 2.35081e-12 0 2.41936e-12 0 2.4824e-12 0 2.54594e-12 0 2.60582e-12 0 2.66403e-12 0 2.71842e-12 0 2.77315e-12 0 2.82607e-12 0 2.87927e-12 0 2.92848e-12 0 2.97792e-12 0 3.02543e-12 0 3.07098e-12 0 3.11672e-12 0 3.16045e-12 0 3.20435e-12 0 3.24621e-12 0 3.28822e-12 0 3.32815e-12 0 3.36821e-12 0 3.40616e-12 0 3.44422e-12 0 3.4824e-12 0 3.52068e-12 0 3.55681e-12 0 3.59077e-12 0 3.62481e-12 0 3.66122e-12 0 3.69314e-12 0 3.72743e-12 0 3.7618e-12 0 3.79395e-12 0 3.82616e-12 0 3.85614e-12 0 3.88617e-12 0 3.91857e-12 0 3.94873e-12 0 3.97893e-12 0 4.00687e-12 0 4.03485e-12 0 4.06521e-12 0 4.09329e-12 0 4.12142e-12 0 4.14724e-12 0
193.164 3.3704e-15 3.3704e-15 8.91303e-23 2.6445e-08 2.08166e-06 9.79935e-19 2.44352e-17 2.43123e-16 4.62043e-16 1.0176e-14 1.04361e-14 6.36087e-14 6.29096e-14 1.21234e-13 0 1.70646e-13 0 2.14472e-13 0 2.54483e-13 0 4.15787e-13 0 6.45601e-13 0 8.17909e-13 0 9.5925e-13 0 1.08066e-12 0 1.18863e-12 0 1.2851e-12 0 1.3729e-12 0 1.45405e-12 0 1.52944e-12 0 1.60161e-12 0 1.66733e-12 0 1.73084e-12 0 1.79048e-12 0 1.84762e-12 0 1.90218e-12 0 1.95563e-12 0 2.00474e-12 0 2.05421e-12 0 2.1008e-12 0 2.14607e-12 0 2.18834e-12 0 2.23085e-12 0 2.27193e-12 0 2.31322e-12 0 2.35138e-12 0 2.38971e-12 0 2.42653e-12 0 2.46182e-12 0 2.49723e-12 0 2.53109e-12 0 2.56506e-12 0 2.59744e-12 0 2.62992e-12 0 2.66079e-12 0 2.69175e-12 0 2.72108e-12 0 2.75048e-12 0 2.77996e-12 0 2.80951e-12 0 2.8374e-12 0 2.86361e-12 0 2.88987e-12 0 2.91795e-12 0 2.94257e-12 0 2.969e-12 0 2.9955e-12 0 3.02027e-12 0 3.04509e-12 0 3.06819e-12 0 3.09132e-12 0 3.11627e-12 0 3.13949e-12 0 3.16275e-12 0 3.18425e-12 0 3.20578e-12 0 3.22915e-12 0 3.25075e-12 0 3.27238e-12 0 3.29224e-12 0
203.079 3.09853e-15 3.09853e-15 7.3034e-23 2.35705e-08 1.94741e-06 1.57278e-18 2.80745e-17 2.98117e-16 5.12686e-16 1.04014e-14 1.05141e-14 5.95234e-14 5.87049e-14 1.10045e-13 0 1.52456e-13 0 1.89609e-13 0 2.2324e-13 0 3.56859e-13 0 5.4376e-13 0 6.82194e-13 0 7.94971e-13 0 8.91396e-13 0 9.76844e-13 0 1.05298e-12 0 1.12213e-12 0 1.18591e-12 0 1.24507e-12 0 1.30164e-12 0 1.35308e-12 0 1.40273e-12 0 1.44931e-12 0 1.49391e-12 0 1.53645e-12 0 1.5781e-12 0 1.61634e-12 0 1.65483e-12 0 1.69106e-12 0 1.72624e-12 0 1.75908e-12 0 1.79209e-12 0 1.82397e-12 0 1.856e-12 0 1.88559e-12 0 1.9153e-12 0 1.94383e-12 0 1.97115e-12 0 1.99858e-12 0 2.02478e-12 0 2.05107e-12 0 2.07611e-12 0 2.10123e-12 0 2.1251e-12 0 2.14903e-12 0 2.17168e-12 0 2.1944e-12 0 2.21716e-12 0 2.23999e-12 0 2.26151e-12 0 2.28174e-12 0 2.302e-12 0 2.32367e-12 0 2.34266e-12 0 2.36304e-12 0 2.38347e-12 0 2.40257e-12 0 2.4217e-12 0 2.4395e-12 0 2.45732e-12 0 2.47654e-12 0 2.49443e-12 0 2.51234e-12 0 2.52889e-12 0 2.54547e-12 0 2.56346e-12 0 2.58009e-12 0 2.59673e-12 0 2.61202e-12 0
213.503 2.85419e-15 2.85419e-15 5.98489e-23 2.09688e-08 1.81829e-06 2.43148e-18 3.18191e-17 3.56772e-16 5.60464e-16 1.04702e-14 1.04513e-14 5.51047e-14 5.42202e-14 9.89844e-14 0 1.3509e-13 0 1.66356e-13 0 1.94432e-13 0 3.04478e-13 0 4.55799e-13 0 5.66619e-13 0 6.56327e-13 0 7.32699e-13 0 8.0016e-13 0 8.60121e-13 0 9.14463e-13 0 9.64506e-13 0 1.01085e-12 0 1.05511e-12 0 1.09531e-12 0 1.13408e-12 0 1.17041e-12 0 1.20517e-12 0 1.2383e-12 0 1.27071e-12 0 1.30046e-12 0 1.33038e-12 0 1.35852e-12 0 1.38584e-12 0 1.41133e-12 0 1.43693e-12 0 1.46165e-12 0 1.48648e-12 0 1.50941e-12 0 1.53242e-12 0 1.55451e-12 0 1.57566e-12 0 1.59688e-12 0 1.61715e-12 0 1.63748e-12 0 1.65684e-12 0 1.67626e-12 0 1.6947e-12 0 1.71318e-12 0 1.73068e-12 0 1.74822e-12 0 1.76579e-12 0 1.78341e-12 0 1.80002e-12 0 1.81563e-12 0 1.83126e-12 0 1.84797e-12 0 1.86261e-12 0 1.87833e-12 0 1.89407e-12 0 1.90879e-12 0 1.92353e-12 0 1.93724e-12 0 1.95097e-12 0 1.96578e-12 0 1.97955e-12 0 1.99335e-12 0 2.00609e-12 0 2.01885e-12 0 2.0327e-12 0 2.0455e-12 0 2.05831e-12 0 2.07007e-12 0
224.463 2.64353e-15 2.64353e-15 4.90326e-23 1.85481e-08 1.68867e-06 3.64048e-18 3.57147e-17 4.18711e-16 6.06091e-16 1.04248e-14 1.02933e-14 5.06802e-14 4.97706e-14 8.85927e-14 0 1.19208e-13 0 1.45434e-13 0 1.68809e-13 0 2.59283e-13 0 3.81734e-13 0 4.70478e-13 0 5.41895e-13 0 6.02455e-13 0 6.55791e-13 0 7.03088e-13 0 7.45873e-13 0 7.85211e-13 0 8.21595e-13 0 8.56295e-13 0 8.87784e-13 0 9.18123e-13 0 9.46533e-13 0 9.73691e-13 0 9.99559e-13 0 1.02485e-12 0 1.04805e-12 0 1.07137e-12 0 1.09329e-12 0 1.11456e-12 0 1.1344e-12 0 1.15432e-12 0 1.17355e-12 0 1.19285e-12 0 1.21067e-12 0 1.22855e-12 0 1.2457e-12 0 1.26212e-12 0 1.27859e-12 0 1.29432e-12 0 1.31009e-12 0 1.32511e-12 0 1.34016e-12 0 1.35446e-12 0 1.36879e-12 0 1.38235e-12 0 1.39593e-12 0 1.40955e-12 0 1.42319e-12 0 1.43605e-12 0 1.44813e-12 0 1.46023e-12 0 1.47316e-12 0 1.48449e-12 0 1.49665e-12 0 1.50883e-12 0 1.52021e-12 0 1.53161e-12 0 1.54221e-12 0 1.55283e-12 0 1.56427e-12 0 1.57492e-12 0 1.58557e-12 0 1.59542e-12 0 1.60528e-12 0 1.61597e-12 0 1.62586e-12 0 1.63575e-12 0 1.64483e-12 0
235.984 2.44218e-15 2.44218e-15 4.01747e-23 1.64503e-08 1.57042e-06 5.24626e-18 3.93999e-17 4.78643e-16 6.43548e-16 1.01933e-14 9.97077e-15 4.59663e-14 4.50704e-14 7.83137e-14 0 1.03979e-13 0 1.25744e-13 0 1.45008e-13 0 2.18706e-13 0 3.16997e-13 0 3.87546e-13 0 4.44016e-13 0 4.91726e-13 0 5.33631e-13 0 5.70713e-13 0 6.042e-13 0 6.34944e-13 0 6.63345e-13 0 6.90402e-13 0 7.14932e-13 0 7.38546e-13 0 7.60642e-13 0 7.8175e-13 0 8.01843e-13 0 8.21476e-13 0 8.39472e-13 0 8.57557e-13 0 8.74554e-13 0 8.91035e-13 0 9.06399e-13 0 9.2182e-13 0 9.36701e-13 0 9.51633e-13 0 9.65414e-13 0 9.79237e-13 0 9.92496e-13 0 1.00519e-12 0 1.01791e-12 0 1.03006e-12 0 1.04224e-12 0 1.05383e-12 0 1.06545e-12 0 1.07648e-12 0 1.08753e-12 0 1.09799e-12 0 1.10847e-12 0 1.11897e-12 0 1.12949e-12 0 1.1394e-12 0 1.14871e-12 0 1.15803e-12 0 1.16799e-12 0 1.17672e-12 0 1.18609e-12 0 1.19547e-12 0 1.20423e-12 0 1.21301e-12 0 1.22117e-12 0 1.22934e-12 0 1.23815e-12 0 1.24634e-12 0 1.25454e-12 0 1.26211e-12 0 1.2697e-12 0 1.27792e-12 0 1.28553e-12 0 1.29313e-12 0 1.30012e-12 0
248.097 2.26283e-15 2.26283e-15 3.29306e-23 1.45529e-08 1.45869e-06 7.3297e-18 4.29736e-17 5.36509e-16 6.74997e-16 9.84974e-15 9.55799e-15 4.13671e-14 4.05098e-14 6.87891e-14 0 9.01909e-14 0 1.0817e-13 0 1.23982e-13 0 1.83818e-13 0 2.62547e-13 0 3.18552e-13 0 3.63159e-13 0 4.0072e-13 0 4.3363e-13 0 4.62695e-13 0 4.889e-13 0 5.12928e-13 0 5.351e-13 0 5.56201e-13 0 5.75315e-13 0 5.93701e-13 0 6.10894e-13 0 6.27307e-13 0 6.42922e-13 0 6.58171e-13 0 6.72143e-13 0 6.86177e-13 0 6.99361e-13 0 7.12139e-13 0 7.24048e-13 0 7.35997e-13 0 7.47523e-13 0 7.59085e-13 0 7.69754e-13 0 7.80451e-13 0 7.9071e-13 0 8.00526e-13 0 8.10366e-13 0 8.19758e-13 0 8.2917e-13 0 8.3813e-13 0 8.47108e-13 0 8.5563e-13 0 8.64167e-13 0 8.72244e-13 0 8.80334e-13 0 8.88438e-13 0 8.96555e-13 0 9.04206e-13 0 9.11389e-13 0 9.18583e-13 0 9.26266e-13 0 9.32998e-13 0 9.4022e-13 0 9.47452e-13 0 9.5421e-13 0 9.60976e-13 0 9.67266e-13 0 9.73562e-13 0 9.80351e-13 0 9.86661e-13 0 9.92979e-13 0 9.98816e-13 0 1.00466e-12 0 1.01099e-12 0 1.01685e-12 0 1.02271e-12 0 1.02808e-12 0
260.832 2.08123e-15 2.08123e-15 2.69771e-23 1.29621e-08 1.36291e-06 9.84245e-18 4.58842e-17 5.84261e-16 6.9254e-16 9.31648e-15 8.97946e-15 3.6581e-14 3.57876e-14 5.9455e-14 0 7.70346e-14 0 9.16742e-14 0 1.04472e-13 0 1.5242e-13 0 2.14721e-13 0 2.58678e-13 0 2.93528e-13 0 3.22785e-13 0 3.48359e-13 0 3.70906e-13 0 3.91206e-13 0 4.09796e-13 0 4.26932e-13 0 4.43226e-13 0 4.57974e-13 0 4.72151e-13 0 4.85399e-13 0 4.98038e-13 0 5.10057e-13 0 5.2179e-13 0 5.32533e-13 0 5.43321e-13 0 5.53451e-13 0 5.63267e-13 0 5.72411e-13 0 5.81583e-13 0 5.90429e-13 0 5.99299e-13 0 6.07481e-13 0 6.15683e-13 0 6.23547e-13 0 6.31071e-13 0 6.38611e-13 0 6.45806e-13 0 6.53015e-13 0 6.59877e-13 0 6.66751e-13 0 6.73275e-13 0 6.79809e-13 0 6.8599e-13 0 6.9218e-13 0 6.9838e-13 0 7.04589e-13 0 7.1044e-13 0 7.15934e-13 0 7.21434e-13 0 7.27308e-13 0 7.32454e-13 0 7.37974e-13 0 7.43501e-13 0 7.48665e-13 0 7.53834e-13 0 7.5864e-13 0 7.6345e-13 0 7.68635e-13 0 7.73455e-13 0 7.78279e-13 0 7.82736e-13 0 7.87198e-13 0 7.92035e-13 0 7.96504e-13 0 8.00976e-13 0 8.0508e-13 0
274.221 1.92897e-15 1.92897e-15 2.21027e-23 1.14583e-08 1.2643e-06 1.29159e-17 4.87083e-17 6.28209e-16 7.05956e-16 8.76305e-15 8.39815e-15 3.22874e-14 3.15636e-14 5.13579e-14 0 6.58057e-14 0 7.77396e-14 0 8.81141e-14 0 1.26627e-13 0 1.76093e-13 0 2.10731e-13 0 2.38079e-13 0 2.60973e-13 0 2.80943e-13 0 2.98521e-13 0 3.14326e-13 0 3.28784e-13 0 3.42099e-13 0 3.54749e-13 0 3.6619e-13 0 3.77181e-13 0 3.87446e-13 0 3.97235e-13 0 4.06539e-13 0 4.15616e-13 0 4.23926e-13 0 4.32266e-13 0 4.40095e-13 0 4.47679e-13 0 4.54742e-13 0 4.61824e-13 0 4.68652e-13 0 4.75498e-13 0 4.81811e-13 0 4.88138e-13 0 4.94203e-13 0 5.00004e-13 0 5.05816e-13 0 5.11362e-13 0 5.16918e-13 0 5.22205e-13 0 5.275e-13 0 5.32525e-13 0 5.37557e-13 0 5.42317e-13 0 5.47083e-13 0 5.51855e-13 0 5.56634e-13 0 5.61137e-13 0 5.65364e-13 0 5.69596e-13 0 5.74115e-13 0 5.78074e-13 0 5.82319e-13 0 5.8657e-13 0 5.90541e-13 0 5.94516e-13 0 5.9821e-13 0 6.01908e-13 0 6.05894e-13 0 6.09598e-13 0 6.13306e-13 0 6.16731e-13 0 6.20159e-13 0 6.23876e-13 0 6.2731e-13 0 6.30746e-13 0 6.33898e-13 0
288.297 1.78885e-15 1.78885e-15 1.81075e-23 1.01224e-08 1.17247e-06 1.64707e-17 5.10633e-17 6.62852e-16 7.1028e-16 8.14423e-15 7.76837e-15 2.82576e-14 2.76091e-14 4.4045e-14 0 5.58468e-14 0 6.5522e-14 0 7.38897e-14 0 1.0469e-13 0 1.43831e-13 0 1.71049e-13 0 1.92456e-13 0 2.10331e-13 0 2.25894e-13 0 2.39572e-13 0 2.51855e-13 0 2.63081e-13 0 2.73409e-13 0 2.83215e-13 0 2.92078e-13 0 3.00587e-13 0 3.0853e-13 0 3.16101e-13 0 3.23293e-13 0 3.30308e-13 0 3.36727e-13 0 3.43168e-13 0 3.49212e-13 0 3.55064e-13 0 3.60513e-13 0 3.65976e-13 0 3.71242e-13 0 3.76519e-13 0 3.81385e-13 0 3.86261e-13 0 3.90934e-13 0 3.95403e-13 0 3.9988e-13 0 4.04151e-13 0 4.08428e-13 0 4.12498e-13 0 4.16574e-13 0 4.20441e-13 0 4.24313e-13 0 4.27975e-13 0 4.31641e-13 0 4.35312e-13 0 4.38987e-13 0 4.42451e-13 0 4.45701e-13 0 4.48954e-13 0 4.52428e-13 0 4.55471e-13 0 4.58734e-13 0 4.62001e-13 0 4.65052e-13 0 4.68107e-13 0 4.70945e-13 0 4.73786e-13 0 4.76848e-13 0 4.79693e-13 0 4.82541e-13 0 4.85172e-13 0 4.87804e-13 0 4.90658e-13 0 4.93295e-13 0 4.95933e-13 0 4.98353e-13 0
303.095 1.65613e-15 1.65613e-15 1.48365e-23 8.95857e-09 1.08875e-06 2.03945e-17 5.27703e-17 6.85478e-16 7.0412e-16 7.46721e-15 7.09515e-15 2.44802e-14 2.39097e-14 3.74354e-14 0 4.70008e-14 0 5.47879e-14 0 6.14907e-14 0 8.59706e-14 0 1.16776e-13 0 1.38062e-13 0 1.54745e-13 0 1.68642e-13 0 1.80721e-13 0 1.91322e-13 0 2.00832e-13 0 2.09515e-13 0 2.17498e-13 0 2.25072e-13 0 2.31913e-13 0 2.38478e-13 0 2.44603e-13 0 2.50438e-13 0 2.5598e-13 0 2.61383e-13 0 2.66325e-13 0 2.71282e-13 0 2.75933e-13 0 2.80435e-13 0 2.84626e-13 0 2.88827e-13 0 2.92874e-13 0 2.96931e-13 0 3.0067e-13 0 3.04416e-13 0 3.08005e-13 0 3.11437e-13 0 3.14875e-13 0 3.18154e-13 0 3.21437e-13 0 3.24561e-13 0 3.27689e-13 0 3.30656e-13 0 3.33627e-13 0 3.36436e-13 0 3.39248e-13 0 3.42064e-13 0 3.44882e-13 0 3.47538e-13 0 3.5003e-13 0 3.52524e-13 0 3.55187e-13 0 3.57519e-13 0 3.6002e-13 0 3.62523e-13 0 3.64862e-13 0 3.67202e-13 0 3.69377e-13 0 3.71553e-13 0 3.73899e-13 0 3.76078e-13 0 3.78259e-13 0 3.80274e-13 0 3.8229e-13 0 3.84476e-13 0 3.86494e-13 0 3.88514e-13 0 3.90367e-13 0
318.653 1.5385e-15 1.5385e-15 1.21585e-23 7.90281e-09 1.00975e-06 2.4679e-17 5.40549e-17 6.98954e-16 6.91597e-16 6.79321e-15 6.43474e-15 2.11107e-14 2.06142e-14 3.17081e-14 0 3.94432e-14 0 4.56997e-14 0 5.10616e-14 0 7.05035e-14 0 9.47504e-14 0 1.11407e-13 0 1.24419e-13 0 1.35236e-13 0 1.44622e-13 0 1.5285e-13 0 1.60223e-13 0 1.6695e-13 0 1.7313e-13 0 1.7899e-13 0 1.8428e-13 0 1.89353e-13 0 1.94085e-13 0 1.98591e-13 0 2.02869e-13 0 2.07038e-13 0 2.10851e-13 0 2.14674e-13 0 2.1826e-13 0 2.2173e-13 0 2.2496e-13 0 2.28197e-13 0 2.31315e-13 0 2.34439e-13 0 2.37318e-13 0 2.40202e-13 0 2.42965e-13 0 2.45607e-13 0 2.48252e-13 0 2.50775e-13 0 2.53301e-13 0 2.55704e-13 0 2.5811e-13 0 2.60392e-13 0 2.62677e-13 0 2.64837e-13 0 2.66999e-13 0 2.69163e-13 0 2.71329e-13 0 2.7337e-13 0 2.75285e-13 0 2.77202e-13 0 2.79248e-13 0 2.8104e-13 0 2.82961e-13 0 2.84884e-13 0 2.8668e-13 0 2.88478e-13 0 2.90148e-13 0 2.91819e-13 0 2.9362e-13 0 2.95294e-13 0 2.96969e-13 0 2.98515e-13 0 3.00063e-13 0 3.01741e-13 0 3.0329e-13 0 3.04841e-13 0 3.06263e-13 0
335.009 1.41417e-15 1.41417e-15 9.96386e-24 7.04574e-09 9.44356e-07 2.8816e-17 5.41423e-17 6.93552e-16 6.64002e-16 6.05036e-15 5.71714e-15 1.78779e-14 1.74559e-14 2.64029e-14 0 3.25595e-14 0 3.75097e-14 0 4.17349e-14 0 5.69545e-14 0 7.57796e-14 0 8.86426e-14 0 9.86622e-14 0 1.06974e-13 0 1.14177e-13 0 1.20484e-13 0 1.2613e-13 0 1.31278e-13 0 1.36004e-13 0 1.40482e-13 0 1.44523e-13 0 1.48397e-13 0 1.52009e-13 0 1.55447e-13 0 1.5871e-13 0 1.61889e-13 0 1.64795e-13 0 1.67709e-13 0 1.70441e-13 0 1.73084e-13 0 1.75544e-13 0 1.78009e-13 0 1.80382e-13 0 1.8276e-13 0 1.84952e-13 0 1.87146e-13 0 1.89248e-13 0 1.91258e-13 0 1.9327e-13 0 1.95189e-13 0 1.97109e-13 0 1.98936e-13 0 2.00765e-13 0 2.025e-13 0 2.04236e-13 0 2.05878e-13 0 2.07521e-13 0 2.09165e-13 0 2.10811e-13 0 2.12362e-13 0 2.13817e-13 0 2.15272e-13 0 2.16827e-13 0 2.18187e-13 0 2.19647e-13 0 2.21107e-13 0 2.22471e-13 0 2.23835e-13 0 2.25103e-13 0 2.26372e-13 0 2.27739e-13 0 2.2901e-13 0 2.30281e-13 0 2.31455e-13 0 2.32629e-13 0 2.33902e-13 0 2.35078e-13 0 2.36255e-13 0 2.37334e-13 0
352.205 1.2992e-15 1.2992e-15 8.16119e-24 6.28171e-09 8.83032e-07 3.2835e-17 5.35848e-17 6.77059e-16 6.29758e-16 5.33225e-15 5.02924e-15 1.50254e-14 1.4671e-14 2.1841e-14 0 2.67149e-14 0 3.06123e-14 0 3.39267e-14 0 4.57929e-14 0 6.03598e-14 0 7.02646e-14 0 7.79592e-14 0 8.43313e-14 0 8.98455e-14 0 9.46687e-14 0 9.89836e-14 0 1.02914e-13 0 1.06521e-13 0 1.09937e-13 0 1.13018e-13 0 1.1597e-13 0 1.18722e-13 0 1.2134e-13 0 1.23825e-13 0 1.26244e-13 0 1.28456e-13 0 1.30673e-13 0 1.32751e-13 0 1.34761e-13 0 1.36631e-13 0 1.38505e-13 0 1.40309e-13 0 1.42116e-13 0 1.43781e-13 0 1.45448e-13 0 1.47045e-13 0 1.48572e-13 0 1.501e-13 0 1.51556e-13 0 1.53015e-13 0 1.54402e-13 0 1.5579e-13 0 1.57107e-13 0 1.58425e-13 0 1.5967e-13 0 1.60917e-13 0 1.62165e-13 0 1.63414e-13 0 1.6459e-13 0 1.65693e-13 0 1.66798e-13 0 1.67976e-13 0 1.69009e-13 0 1.70115e-13 0 1.71222e-13 0 1.72256e-13 0 1.73291e-13 0 1.74252e-13 0 1.75214e-13 0 1.76251e-13 0 1.77214e-13 0 1.78177e-13 0 1.79067e-13 0 1.79957e-13 0 1.80922e-13 0 1.81813e-13 0 1.82705e-13 0 1.83522e-13 0
370.284 1.18918e-15 1.18918e-15 6.68561e-24 5.62202e-09 8.28794e-07 3.64399e-17 5.22577e-17 6.48741e-16 5.88424e-16 4.63805e-15 4.36859e-15 1.2498e-14 1.22045e-14 1.78987e-14 0 2.17258e-14 0 2.47707e-14 0 2.73513e-14 0 3.65393e-14 0 4.77407e-14 0 5.53231e-14 0 6.11992e-14 0 6.60574e-14 0 7.02564e-14 0 7.39259e-14 0 7.72061e-14 0 8.01923e-14 0 8.2931e-14 0 8.55236e-14 0 8.7861e-14 0 9.01001e-14 0 9.21859e-14 0 9.41706e-14 0 9.60528e-14 0 9.78858e-14 0 9.95608e-14 0 1.01239e-13 0 1.02812e-13 0 1.04334e-13 0 1.05749e-13 0 1.07167e-13 0 1.08532e-13 0 1.09899e-13 0 1.11158e-13 0 1.12419e-13 0 1.13626e-13 0 1.1478e-13 0 1.15935e-13 0 1.17036e-13 0 1.18138e-13 0 1.19187e-13 0 1.20236e-13 0 1.21231e-13 0 1.22226e-13 0 1.23167e-13 0 1.24109e-13 0 1.25051e-13 0 1.25994e-13 0 1.26883e-13 0 1.27716e-13 0 1.2855e-13 0 1.2944e-13 0 1.30219e-13 0 1.31055e-13 0 1.31891e-13 0 1.32671e-13 0 1.33452e-13 0 1.34178e-13 0 1.34904e-13 0 1.35686e-13 0 1.36413e-13 0 1.3714e-13 0 1.37811e-13 0 1.38483e-13 0 1.39211e-13 0 1.39883e-13 0 1.40556e-13 0 1.41173e-13 0
389.291 1.10416e-15 1.10416e-15 5.47242e-24 4.9562e-09 7.65654e-07 4.01465e-17 5.11494e-17 6.2167e-16 5.51726e-16 4.05604e-15 3.8169e-15 1.04797e-14 1.02355e-14 1.47999e-14 0 1.78357e-14 0 2.024e-14 0 2.22713e-14 0 2.94667e-14 0 3.81835e-14 0 4.40601e-14 0 4.86041e-14 0 5.23553e-14 0 5.55941e-14 0 5.84219e-14 0 6.09481e-14 0 6.32465e-14 0 6.53533e-14 0 6.73469e-14 0 6.91437e-14 0 7.08643e-14 0 7.24666e-14 0 7.39908e-14 0 7.5436e-14 0 7.6843e-14 0 7.81285e-14 0 7.94164e-14 0 8.06233e-14 0 8.17904e-14 0 8.28758e-14 0 8.39628e-14 0 8.50093e-14 0 8.60572e-14 0 8.70224e-14 0 8.79887e-14 0 8.8914e-14 0 8.97981e-14 0 9.06831e-14 0 9.15268e-14 0 9.23712e-14 0 9.3174e-14 0 9.39776e-14 0 9.47394e-14 0 9.55018e-14 0 9.62224e-14 0 9.69434e-14 0 9.7665e-14 0 9.83871e-14 0 9.90671e-14 0 9.97049e-14 0 1.00343e-13 0 1.01024e-13 0 1.01621e-13 0 1.0226e-13 0 1.029e-13 0 1.03497e-13 0 1.04095e-13 0 1.0465e-13 0 1.05205e-13 0 1.05804e-13 0 1.0636e-13 0 1.06916e-13 0 1.07429e-13 0 1.07943e-13 0 1.085e-13 0 1.09014e-13 0 1.09529e-13 0 1.10001e-13 0
409.273 1.04192e-15 1.04192e-15 4.48373e-24 4.30334e-09 6.9796e-07 4.40377e-17 5.03609e-17 5.97349e-16 5.20325e-16 3.57475e-15 3.36218e-15 8.87828e-15 8.6734e-15 1.23748e-14 0 1.48131e-14 0 1.67359e-14 0 1.83557e-14 0 2.4067e-14 0 3.09461e-14 0 3.55665e-14 0 3.91319e-14 0 4.20713e-14 0 4.46066e-14 0 4.68186e-14 0 4.87933e-14 0 5.0589e-14 0 5.22344e-14 0 5.37907e-14 0 5.51928e-14 0 5.65351e-14 0 5.77848e-14 0 5.89732e-14 0 6.00999e-14 0 6.11965e-14 0 6.21983e-14 0 6.32017e-14 0 6.41418e-14 0 6.50509e-14 0 6.58962e-14 0 6.67426e-14 0 6.75573e-14 0 6.83731e-14 0 6.91244e-14 0 6.98765e-14 0 7.05966e-14 0 7.12846e-14 0 7.19732e-14 0 7.26295e-14 0 7.32864e-14 0 7.39109e-14 0 7.45359e-14 0 7.51285e-14 0 7.57214e-14 0 7.62817e-14 0 7.68425e-14 0 7.74035e-14 0 7.79649e-14 0 7.84936e-14 0 7.89895e-14 0 7.94856e-14 0 8.00152e-14 0 8.04787e-14 0 8.09756e-14 0 8.14728e-14 0 8.1937e-14 0 8.24014e-14 0 8.28328e-14 0 8.32645e-14 0 8.37295e-14 0 8.41615e-14 0 8.45936e-14 0 8.49926e-14 0 8.53918e-14 0 8.58245e-14 0 8.62239e-14 0 8.66236e-14 0 8.699e-14 0
430.281 9.71329e-16 9.71329e-16 3.67332e-24 3.78175e-09 6.46168e-07 4.68015e-17 4.85043e-17 5.59881e-16 4.79997e-16 3.0881e-15 2.90383e-15 7.39001e-15 7.22154e-15 1.01744e-14 0 1.21024e-14 0 1.36169e-14 0 1.48893e-14 0 1.9357e-14 0 2.47098e-14 0 2.82928e-14 0 3.10527e-14 0 3.33251e-14 0 3.52834e-14 0 3.69907e-14 0 3.85141e-14 0 3.98987e-14 0 4.11668e-14 0 4.23659e-14 0 4.34458e-14 0 4.44794e-14 0 4.54415e-14 0 4.63562e-14 0 4.72232e-14 0 4.80669e-14 0 4.88374e-14 0 4.96091e-14 0 5.03321e-14 0 5.10311e-14 0 5.16809e-14 0 5.23315e-14 0 5.29578e-14 0 5.35847e-14 0 5.4162e-14 0 5.47399e-14 0 5.52932e-14 0 5.58217e-14 0 5.63506e-14 0 5.68548e-14 0 5.73593e-14 0 5.7839e-14 0 5.83189e-14 0 5.87739e-14 0 5.92292e-14 0 5.96594e-14 0 6.00899e-14 0 6.05206e-14 0 6.09516e-14 0 6.13574e-14 0 6.1738e-14 0 6.21188e-14 0 6.25253e-14 0 6.2881e-14 0 6.32624e-14 0 6.36439e-14 0 6.40001e-14 0 6.43565e-14 0 6.46875e-14 0 6.50187e-14 0 6.53754e-14 0 6.57068e-14 0 6.60384e-14 0 6.63445e-14 0 6.66507e-14 0 6.69826e-14 0 6.7289e-14 0 6.75956e-14 0 6.78766e-14 0
452.368 9.00358e-16 9.00358e-16 3.01026e-24 3.3434e-09 6.0122e-07 4.85468e-17 4.60095e-17 5.1552e-16 4.36093e-16 2.63285e-15 2.47587e-15 6.08458e-15 5.94778e-15 8.28098e-15 0 9.79194e-15 0 1.09746e-14 0 1.19659e-14 0 1.54329e-14 0 1.95669e-14 0 2.23255e-14 0 2.44468e-14 0 2.61915e-14 0 2.76938e-14 0 2.90026e-14 0 3.01699e-14 0 3.12304e-14 0 3.22013e-14 0 3.3119e-14 0 3.39454e-14 0 3.47361e-14 0 3.54718e-14 0 3.61713e-14 0 3.68341e-14 0 3.7479e-14 0 3.80679e-14 0 3.86576e-14 0 3.921e-14 0 3.9744e-14 0 4.02404e-14 0 4.07373e-14 0 4.12155e-14 0 4.16943e-14 0 4.21351e-14 0 4.25763e-14 0 4.29987e-14 0 4.34021e-14 0 4.38059e-14 0 4.41907e-14 0 4.45757e-14 0 4.49418e-14 0 4.5308e-14 0 4.56552e-14 0 4.60026e-14 0 4.63308e-14 0 4.66593e-14 0 4.69878e-14 0 4.73166e-14 0 4.76262e-14 0 4.79165e-14 0 4.8207e-14 0 4.85169e-14 0 4.87883e-14 0 4.90791e-14 0 4.937e-14 0 4.96417e-14 0 4.99134e-14 0 5.01659e-14 0 5.04184e-14 0 5.06904e-14 0 5.09431e-14 0 5.11958e-14 0 5.14292e-14 0 5.16627e-14 0 5.19157e-14 0 5.21493e-14 0 5.2383e-14 0 5.25972e-14 0
475.588 8.29044e-16 8.29044e-16 2.4666e-24 2.97524e-09 5.59935e-07 4.91506e-17 4.29585e-17 4.66187e-16 3.90006e-16 2.21433e-15 2.08288e-15 4.95248e-15 4.84283e-15 6.66764e-15 0 7.84053e-15 0 8.75559e-15 0 9.5209e-15 0 1.21881e-14 0 1.53544e-14 0 1.74614e-14 0 1.90791e-14 0 2.04083e-14 0 2.15519e-14 0 2.25477e-14 0 2.34354e-14 0 2.42415e-14 0 2.49793e-14 0 2.56765e-14 0 2.63041e-14 0 2.69045e-14 0 2.74631e-14 0 2.7994e-14 0 2.8497e-14 0 2.89864e-14 0 2.94332e-14 0 2.98805e-14 0 3.02995e-14 0 3.07045e-14 0 3.10809e-14 0 3.14577e-14 0 3.18203e-14 0 3.21832e-14 0 3.25174e-14 0 3.28518e-14 0 3.31719e-14 0 3.34777e-14 0 3.37837e-14 0 3.40753e-14 0 3.4367e-14 0 3.46444e-14 0 3.49218e-14 0 3.51849e-14 0 3.5448e-14 0 3.56967e-14 0 3.59455e-14 0 3.61943e-14 0 3.64433e-14 0 3.66778e-14 0 3.68977e-14 0 3.71177e-14 0 3.73524e-14 0 3.75579e-14 0 3.77781e-14 0 3.79984e-14 0 3.82041e-14 0 3.84098e-14 0 3.86009e-14 0 3.87921e-14 0 3.89981e-14 0 3.91893e-14 0 3.93807e-14 0 3.95574e-14 0 3.97341e-14 0 3.99256e-14 0 4.01024e-14 0 4.02793e-14 0 4.04414e-14 0
500 7.62405e-16 7.62405e-16 2.02054e-24 2.65022e-09 5.23237e-07 4.88745e-17 3.97074e-17 4.16528e-16 3.45317e-16 1.84779e-15 1.7389e-15 4.00761e-15 3.92032e-15 5.34103e-15 0 6.24791e-15 0 6.95332e-15 0 7.54212e-15 0 9.58753e-15 0 1.2006e-14 0 1.36113e-14 0 1.4842e-14 0 1.58523e-14 0 1.6721e-14 0 1.7477e-14 0 1.81506e-14 0 1.87621e-14 0 1.93217e-14 0 1.98503e-14 0 2.0326e-14 0 2.0781e-14 0 2.12042e-14 0 2.16064e-14 0 2.19874e-14 0 2.2358e-14 0 2.26963e-14 0 2.3035e-14 0 2.33522e-14 0 2.36588e-14 0 2.39437e-14 0 2.42289e-14 0 2.45033e-14 0 2.4778e-14 0 2.50308e-14 0 2.52838e-14 0 2.5526e-14 0 2.57574e-14 0 2.59888e-14 0 2.62094e-14 0 2.64301e-14 0 2.66398e-14 0 2.68497e-14 0 2.70486e-14 0 2.72476e-14 0 2.74356e-14 0 2.76238e-14 0 2.78119e-14 0 2.80002e-14 0 2.81775e-14 0 2.83437e-14 0 2.851e-14 0 2.86875e-14 0 2.88428e-14 0 2.90093e-14 0 2.91758e-14 0 2.93313e-14 0 2.94868e-14 0 2.96312e-14 0 2.97757e-14 0 2.99314e-14 0 3.00759e-14 0 3.02205e-14 0 3.03541e-14 0 3.04876e-14 0 3.06323e-14 0 3.0766e-14 0 3.08996e-14 0 3.10221e-14 0
525.665 7.02715e-16 7.02715e-16 1.65474e-24 2.35478e-09 4.84721e-07 4.79435e-17 3.64755e-17 3.69231e-16 3.03895e-16 1.53594e-15 1.44631e-15 3.23653e-15 3.16725e-15 4.27253e-15 0 4.97362e-15 0 5.51747e-15 0 5.97059e-15 0 7.54004e-15 0 9.38902e-15 0 1.06134e-14 0 1.1551e-14 0 1.23199e-14 0 1.29807e-14 0 1.35555e-14 0 1.40675e-14 0 1.45321e-14 0 1.49571e-14 0 1.53585e-14 0 1.57196e-14 0 1.6065e-14 0 1.63862e-14 0 1.66914e-14 0 1.69805e-14 0 1.72616e-14 0 1.75183e-14 0 1.77752e-14 0 1.80157e-14 0 1.82482e-14 0 1.84642e-14 0 1.86805e-14 0 1.88885e-14 0 1.90967e-14 0 1.92884e-14 0 1.94802e-14 0 1.96637e-14 0 1.9839e-14 0 2.00144e-14 0 2.01816e-14 0 2.03488e-14 0 2.05078e-14 0 2.06668e-14 0 2.08175e-14 0 2.09682e-14 0 2.11107e-14 0 2.12532e-14 0 2.13958e-14 0 2.15384e-14 0 2.16726e-14 0 2.17986e-14 0 2.19245e-14 0 2.20589e-14 0 2.21765e-14 0 2.23026e-14 0 2.24287e-14 0 2.25465e-14 0 2.26642e-14 0 2.27736e-14 0 2.2883e-14 0 2.30009e-14 0 2.31104e-14 0 2.32199e-14 0 2.3321e-14 0 2.34221e-14 0 2.35316e-14 0 2.36328e-14 0 2.3734e-14 0 2.38268e-14 0
552.648 6.49328e-16 6.49328e-16 1.35522e-24 2.08712e-09 4.53859e-07 4.64442e-17 3.3319e-17 3.24996e-16 2.65985e-16 1.27254e-15 1.19917e-15 2.60992e-15 2.55505e-15 3.41472e-15 0 3.95688e-15 0 4.37639e-15 0 4.72533e-15 0 5.93073e-15 0 7.34612e-15 0 8.2814e-15 0 8.99675e-15 0 9.58305e-15 0 1.00866e-14 0 1.05244e-14 0 1.09141e-14 0 1.12678e-14 0 1.15912e-14 0 1.18966e-14 0 1.21713e-14 0 1.2434e-14 0 1.26783e-14 0 1.29103e-14 0 1.31301e-14 0 1.33438e-14 0 1.35388e-14 0 1.37341e-14 0 1.39169e-14 0 1.40935e-14 0 1.42577e-14 0 1.44219e-14 0 1.458e-14 0 1.47381e-14 0 1.48837e-14 0 1.50294e-14 0 1.51688e-14 0 1.5302e-14 0 1.54352e-14 0 1.55621e-14 0 1.56891e-14 0 1.58098e-14 0 1.59305e-14 0 1.60449e-14 0 1.61594e-14 0 1.62675e-14 0 1.63757e-14 0 1.64839e-14 0 1.65922e-14 0 1.66941e-14 0 1.67897e-14 0 1.68853e-14 0 1.69873e-14 0 1.70766e-14 0 1.71723e-14 0 1.7268e-14 0 1.73574e-14 0 1.74467e-14 0 1.75297e-14 0 1.76128e-14 0 1.77022e-14 0 1.77853e-14 0 1.78684e-14 0 1.79451e-14 0 1.80218e-14 0 1.81049e-14 0 1.81817e-14 0 1.82585e-14 0 1.83289e-14 0
581.015 6.01987e-16 6.01987e-16 1.11002e-24 1.84393e-09 4.20301e-07 4.45014e-17 3.02992e-17 2.84425e-16 2.31805e-16 1.05208e-15 9.92242e-16 2.1037e-15 2.06029e-15 2.72946e-15 0 3.14924e-15 0 3.47334e-15 0 3.7425e-15 0 4.67005e-15 0 5.7559e-15 0 6.47205e-15 0 7.01923e-15 0 7.46738e-15 0 7.85205e-15 0 8.18639e-15 0 8.48397e-15 0 8.7539e-15 0 9.00068e-15 0 9.23367e-15 0 9.44323e-15 0 9.64356e-15 0 9.82983e-15 0 1.00068e-14 0 1.01743e-14 0 1.03372e-14 0 1.04859e-14 0 1.06347e-14 0 1.0774e-14 0 1.09086e-14 0 1.10337e-14 0 1.11589e-14 0 1.12793e-14 0 1.13998e-14 0 1.15107e-14 0 1.16216e-14 0 1.17278e-14 0 1.18293e-14 0 1.19307e-14 0 1.20274e-14 0 1.21241e-14 0 1.2216e-14 0 1.23079e-14 0 1.23951e-14 0 1.24822e-14 0 1.25646e-14 0 1.2647e-14 0 1.27294e-14 0 1.28118e-14 0 1.28894e-14 0 1.29621e-14 0 1.30349e-14 0 1.31126e-14 0 1.31806e-14 0 1.32534e-14 0 1.33263e-14 0 1.33943e-14 0 1.34623e-14 0 1.35255e-14 0 1.35887e-14 0 1.36568e-14 0 1.372e-14 0 1.37832e-14 0 1.38416e-14 0 1.39e-14 0 1.39633e-14 0 1.40217e-14 0 1.40801e-14 0 1.41337e-14 0
610.839 5.58832e-16 5.58832e-16 9.09153e-25 1.62688e-09 3.90786e-07 4.21224e-17 2.73835e-17 2.47132e-16 2.00818e-16 8.66525e-16 8.17984e-16 1.69193e-15 1.65767e-15 2.17804e-15 0 2.5029e-15 0 2.75319e-15 0 2.96077e-15 0 3.67453e-15 0 4.50783e-15 0 5.05644e-15 0 5.47522e-15 0 5.81799e-15 0 6.11208e-15 0 6.36759e-15 0 6.59495e-15 0 6.80113e-15 0 6.98959e-15 0 7.16748e-15 0 7.32747e-15 0 7.48038e-15 0 7.62254e-15 0 7.75756e-15 0 7.8854e-15 0 8.0097e-15 0 8.12313e-15 0 8.23665e-15 0 8.34292e-15 0 8.44559e-15 0 8.54099e-15 0 8.63644e-15 0 8.72827e-15 0 8.82015e-15 0 8.90472e-15 0 8.98933e-15 0 9.0703e-15 0 9.14762e-15 0 9.22497e-15 0 9.29867e-15 0 9.37239e-15 0 9.44245e-15 0 9.51253e-15 0 9.57895e-15 0 9.64539e-15 0 9.70815e-15 0 9.77094e-15 0 9.83374e-15 0 9.89656e-15 0 9.95569e-15 0 1.00111e-14 0 1.00666e-14 0 1.01258e-14 0 1.01776e-14 0 1.02331e-14 0 1.02886e-14 0 1.03404e-14 0 1.03923e-14 0 1.04404e-14 0 1.04886e-14 0 1.05405e-14 0 1.05886e-14 0 1.06368e-14 0 1.06813e-14 0 1.07258e-14 0 1.0774e-14 0 1.08185e-14 0 1.0863e-14 0 1.09038e-14 0
642.193 5.19397e-16 5.19397e-16 7.44587e-25 1.43356e-09 3.61152e-07 3.94107e-17 2.4601e-17 2.1327e-16 1.72982e-16 7.11154e-16 6.71961e-16 1.35792e-15 1.33094e-15 1.73523e-15 0 1.98652e-15 0 2.17976e-15 0 2.33982e-15 0 2.88909e-15 0 3.52874e-15 0 3.9492e-15 0 4.26989e-15 0 4.53221e-15 0 4.75719e-15 0 4.95259e-15 0 5.12642e-15 0 5.28401e-15 0 5.42804e-15 0 5.56398e-15 0 5.6862e-15 0 5.80301e-15 0 5.9116e-15 0 6.01472e-15 0 6.11235e-15 0 6.20727e-15 0 6.29388e-15 0 6.38054e-15 0 6.46167e-15 0 6.54005e-15 0 6.61288e-15 0 6.68573e-15 0 6.75583e-15 0 6.82595e-15 0 6.8905e-15 0 6.95507e-15 0 7.01686e-15 0 7.07586e-15 0 7.13488e-15 0 7.19111e-15 0 7.24737e-15 0 7.30082e-15 0 7.35429e-15 0 7.40497e-15 0 7.45565e-15 0 7.50354e-15 0 7.55143e-15 0 7.59934e-15 0 7.64726e-15 0 7.69237e-15 0 7.73467e-15 0 7.77698e-15 0 7.82212e-15 0 7.86163e-15 0 7.90397e-15 0 7.94631e-15 0 7.98584e-15 0 8.02538e-15 0 8.0621e-15 0 8.09882e-15 0 8.13838e-15 0 8.17512e-15 0 8.21186e-15 0 8.24578e-15 0 8.27971e-15 0 8.31647e-15 0 8.35041e-15 0 8.38435e-15 0 8.41547e-15 0
675.157 4.83395e-16 4.83395e-16 6.09854e-25 1.26161e-09 3.31333e-07 3.64785e-17 2.19792e-17 1.82911e-16 1.48225e-16 5.81813e-16 5.50296e-16 1.08794e-15 1.06674e-15 1.38067e-15 0 1.575e-15 0 1.72419e-15 0 1.84763e-15 0 2.27042e-15 0 2.76169e-15 0 3.08414e-15 0 3.32988e-15 0 3.53081e-15 0 3.70305e-15 0 3.85261e-15 0 3.98563e-15 0 4.1062e-15 0 4.21637e-15 0 4.32034e-15 0 4.41381e-15 0 4.50313e-15 0 4.58615e-15 0 4.66498e-15 0 4.73961e-15 0 4.81216e-15 0 4.87836e-15 0 4.9446e-15 0 5.0066e-15 0 5.06649e-15 0 5.12214e-15 0 5.17781e-15 0 5.23137e-15 0 5.28494e-15 0 5.33425e-15 0 5.38358e-15 0 5.43079e-15 0 5.47586e-15 0 5.52095e-15 0 5.5639e-15 0 5.60687e-15 0 5.6477e-15 0 5.68854e-15 0 5.72724e-15 0 5.76595e-15 0 5.80252e-15 0 5.8391e-15 0 5.87568e-15 0 5.91228e-15 0 5.94673e-15 0 5.97903e-15 0 6.01134e-15 0 6.04581e-15 0 6.07598e-15 0 6.1083e-15 0 6.14064e-15 0 6.17082e-15 0 6.20101e-15 0 6.22904e-15 0 6.25708e-15 0 6.28728e-15 0 6.31533e-15 0 6.34339e-15 0 6.36928e-15 0 6.39519e-15 0 6.42325e-15 0 6.44916e-15 0 6.47507e-15 0 6.49883e-15 0
709.813 4.4933e-16 4.4933e-16 4.99595e-25 1.11187e-09 3.05256e-07 3.33383e-17 1.94835e-17 1.5557e-16 1.26059e-16 4.73411e-16 4.48223e-16 8.68036e-16 8.51442e-16 1.09447e-15 0 1.24437e-15 0 1.35927e-15 0 1.45423e-15 0 1.77896e-15 0 2.1555e-15 0 2.40233e-15 0 2.59031e-15 0 2.74393e-15 0 2.87558e-15 0 2.98986e-15 0 3.09148e-15 0 3.18357e-15 0 3.26771e-15 0 3.3471e-15 0 3.41846e-15 0 3.48665e-15 0 3.55003e-15 0 3.6102e-15 0 3.66716e-15 0 3.72253e-15 0 3.77305e-15 0 3.82359e-15 0 3.8709e-15 0 3.9166e-15 0 3.95905e-15 0 4.00153e-15 0 4.04238e-15 0 4.08326e-15 0 4.12087e-15 0 4.1585e-15 0 4.19451e-15 0 4.22889e-15 0 4.26328e-15 0 4.29604e-15 0 4.32881e-15 0 4.35995e-15 0 4.3911e-15 0 4.42061e-15 0 4.45013e-15 0 4.47802e-15 0 4.50591e-15 0 4.53381e-15 0 4.56172e-15 0 4.58799e-15 0 4.61262e-15 0 4.63726e-15 0 4.66354e-15 0 4.68654e-15 0 4.71119e-15 0 4.73584e-15 0 4.75885e-15 0 4.78187e-15 0 4.80324e-15 0 4.82462e-15 0 4.84765e-15 0 4.86903e-15 0 4.89042e-15 0 4.91016e-15 0 4.92991e-15 0 4.9513e-15 0 4.97105e-15 0 4.9908e-15 0 5.00891e-15 0
746.248 4.15978e-16 4.15978e-16 4.09248e-25 9.83822e-10 2.84136e-07 3.00184e-17 1.7093e-17 1.30905e-16 1.0614e-16 3.82139e-16 3.62181e-16 6.87903e-16 6.75003e-16 8.62091e-16 0 9.77098e-16 0 1.06512e-15 0 1.13781e-15 0 1.38599e-15 0 1.67324e-15 0 1.86131e-15 0 2.00445e-15 0 2.12138e-15 0 2.22155e-15 0 2.30848e-15 0 2.38577e-15 0 2.4558e-15 0 2.51978e-15 0 2.58013e-15 0 2.63438e-15 0 2.68621e-15 0 2.73437e-15 0 2.7801e-15 0 2.82339e-15 0 2.86546e-15 0 2.90385e-15 0 2.94225e-15 0 2.97819e-15 0 3.01291e-15 0 3.04517e-15 0 3.07743e-15 0 3.10847e-15 0 3.13951e-15 0 3.16808e-15 0 3.19667e-15 0 3.22401e-15 0 3.25012e-15 0 3.27624e-15 0 3.30112e-15 0 3.32601e-15 0 3.34966e-15 0 3.37331e-15 0 3.39572e-15 0 3.41814e-15 0 3.43932e-15 0 3.4605e-15 0 3.48168e-15 0 3.50287e-15 0 3.52282e-15 0 3.54152e-15 0 3.56022e-15 0 3.58018e-15 0 3.59764e-15 0 3.61636e-15 0 3.63507e-15 0 3.65254e-15 0 3.67002e-15 0 3.68624e-15 0 3.70247e-15 0 3.71995e-15 0 3.73619e-15 0 3.75242e-15 0 3.76741e-15 0 3.7824e-15 0 3.79864e-15 0 3.81364e-15 0 3.82863e-15 0 3.84238e-15 0
784.553 3.84856e-16 3.84856e-16 3.35199e-25 8.70972e-10 2.63701e-07 2.67371e-17 1.48957e-17 1.09393e-16 8.88056e-17 3.07131e-16 2.91391e-16 5.43414e-16 5.33416e-16 6.77137e-16 0 7.65217e-16 0 8.32546e-16 0 8.88094e-16 0 1.0775e-15 0 1.29635e-15 0 1.43949e-15 0 1.54836e-15 0 1.63727e-15 0 1.71341e-15 0 1.77948e-15 0 1.8382e-15 0 1.8914e-15 0 1.94e-15 0 1.98584e-15 0 2.02704e-15 0 2.0664e-15 0 2.10297e-15 0 2.13769e-15 0 2.17056e-15 0 2.2025e-15 0 2.23164e-15 0 2.26079e-15 0 2.28808e-15 0 2.31443e-15 0 2.33891e-15 0 2.3634e-15 0 2.38695e-15 0 2.41052e-15 0 2.4322e-15 0 2.45389e-15 0 2.47464e-15 0 2.49446e-15 0 2.51428e-15 0 2.53316e-15 0 2.55204e-15 0 2.56998e-15 0 2.58793e-15 0 2.60494e-15 0 2.62194e-15 0 2.63801e-15 0 2.65408e-15 0 2.67015e-15 0 2.68623e-15 0 2.70136e-15 0 2.71555e-15 0 2.72974e-15 0 2.74488e-15 0 2.75813e-15 0 2.77232e-15 0 2.78652e-15 0 2.79978e-15 0 2.81303e-15 0 2.82534e-15 0 2.83765e-15 0 2.85091e-15 0 2.86322e-15 0 2.87554e-15 0 2.88691e-15 0 2.89828e-15 0 2.9106e-15 0 2.92197e-15 0 2.93334e-15 0 2.94377e-15 0
824.824 3.5475e-16 3.5475e-16 2.7453e-25 7.73869e-10 2.46803e-07 2.34987e-17 1.28581e-17 9.0545e-17 7.36305e-17 2.45084e-16 2.32762e-16 4.26667e-16 4.18962e-16 5.28816e-16 0 5.95955e-16 0 6.47216e-16 0 6.89474e-16 0 8.33387e-16 0 9.99419e-16 0 1.1079e-15 0 1.19038e-15 0 1.2577e-15 0 1.31534e-15 0 1.36535e-15 0 1.40979e-15 0 1.45005e-15 0 1.48681e-15 0 1.52149e-15 0 1.55266e-15 0 1.58243e-15 0 1.61009e-15 0 1.63635e-15 0 1.66121e-15 0 1.68536e-15 0 1.7074e-15 0 1.72944e-15 0 1.75007e-15 0 1.76999e-15 0 1.7885e-15 0 1.80702e-15 0 1.82483e-15 0 1.84264e-15 0 1.85903e-15 0 1.87543e-15 0 1.89111e-15 0 1.90609e-15 0 1.92107e-15 0 1.93534e-15 0 1.94962e-15 0 1.96318e-15 0 1.97674e-15 0 1.9896e-15 0 2.00245e-15 0 2.0146e-15 0 2.02674e-15 0 2.03889e-15 0 2.05104e-15 0 2.06247e-15 0 2.0732e-15 0 2.08392e-15 0 2.09536e-15 0 2.10537e-15 0 2.1161e-15 0 2.12683e-15 0 2.13684e-15 0 2.14686e-15 0 2.15616e-15 0 2.16546e-15 0 2.17548e-15 0 2.18479e-15 0 2.19409e-15 0 2.20268e-15 0 2.21128e-15 0 2.22058e-15 0 2.22918e-15 0 2.23777e-15 0 2.24565e-15 0
867.163 3.2712e-16 3.2712e-16 2.24868e-25 6.87416e-10 2.28172e-07 2.04732e-17 1.10417e-17 7.45594e-17 6.07599e-17 1.9501e-16 1.85393e-16 3.34373e-16 3.28445e-16 4.12343e-16 0 4.63489e-16 0 5.02498e-16 0 5.34634e-16 0 6.4395e-16 0 7.69891e-16 0 8.52108e-16 0 9.14582e-16 0 9.65562e-16 0 1.0092e-15 0 1.04706e-15 0 1.08069e-15 0 1.11116e-15 0 1.13898e-15 0 1.16522e-15 0 1.1888e-15 0 1.21132e-15 0 1.23224e-15 0 1.25211e-15 0 1.2709e-15 0 1.28917e-15 0 1.30584e-15 0 1.32251e-15 0 1.33811e-15 0 1.35318e-15 0 1.36718e-15 0 1.38118e-15 0 1.39464e-15 0 1.40811e-15 0 1.4205e-15 0 1.4329e-15 0 1.44476e-15 0 1.45609e-15 0 1.46741e-15 0 1.4782e-15 0 1.48899e-15 0 1.49924e-15 0 1.5095e-15 0 1.51922e-15 0 1.52893e-15 0 1.53811e-15 0 1.54729e-15 0 1.55648e-15 0 1.56566e-15 0 1.57431e-15 0 1.58241e-15 0 1.59052e-15 0 1.59916e-15 0 1.60673e-15 0 1.61484e-15 0 1.62295e-15 0 1.63052e-15 0 1.63809e-15 0 1.64512e-15 0 1.65215e-15 0 1.65972e-15 0 1.66676e-15 0 1.67379e-15 0 1.68028e-15 0 1.68678e-15 0 1.69381e-15 0 1.7003e-15 0 1.7068e-15 0 1.71275e-15 0
911.674 3.01151e-16 3.01151e-16 1.84166e-25 6.1154e-10 2.18252e-07 1.76562e-17 9.41594e-18 6.09792e-17 4.98151e-17 1.54442e-16 1.46972e-16 2.61063e-16 2.56519e-16 3.20419e-16 0 3.59285e-16 0 3.88899e-16 0 4.1328e-16 0 4.96131e-16 0 5.91463e-16 0 6.53647e-16 0 7.00878e-16 0 7.39409e-16 0 7.72387e-16 0 8.00986e-16 0 8.26394e-16 0 8.49406e-16 0 8.70419e-16 0 8.90234e-16 0 9.08039e-16 0 9.25046e-16 0 9.40846e-16 0 9.55843e-16 0 9.70035e-16 0 9.83828e-16 0 9.96409e-16 0 1.00899e-15 0 1.02077e-15 0 1.03214e-15 0 1.04271e-15 0 1.05328e-15 0 1.06344e-15 0 1.07361e-15 0 1.08296e-15 0 1.09232e-15 0 1.10127e-15 0 1.10981e-15 0 1.11836e-15 0 1.1265e-15 0 1.13465e-15 0 1.14239e-15 0 1.15012e-15 0 1.15746e-15 0 1.16479e-15 0 1.17172e-15 0 1.17865e-15 0 1.18557e-15 0 1.1925e-15 0 1.19903e-15 0 1.20514e-15 0 1.21126e-15 0 1.21778e-15 0 1.22349e-15 0 1.22961e-15 0 1.23573e-15 0 1.24144e-15 0 1.24715e-15 0 1.25246e-15 0 1.25776e-15 0 1.26348e-15 0 1.26878e-15 0 1.27409e-15 0 1.27899e-15 0 1.28389e-15 0 1.28919e-15 0 1.29409e-15 0 1.29899e-15 0 1.30349e-15 0
958.471 2.78197e-16 2.78197e-16 1.50808e-25 5.42089e-10 2.01281e-07 1.51563e-17 8.01593e-18 4.98013e-17 4.07943e-17 1.22383e-16 1.16578e-16 2.04122e-16 2.00631e-16 2.49419e-16 0 2.79032e-16 0 3.01576e-16 0 3.20124e-16 0 3.83099e-16 0 4.55478e-16 0 5.02656e-16 0 5.38476e-16 0 5.67689e-16 0 5.92688e-16 0 6.14364e-16 0 6.33619e-16 0 6.51057e-16 0 6.66978e-16 0 6.81991e-16 0 6.9548e-16 0 7.08364e-16 0 7.20332e-16 0 7.31692e-16 0 7.42443e-16 0 7.5289e-16 0 7.62418e-16 0 7.71949e-16 0 7.80868e-16 0 7.89482e-16 0 7.97483e-16 0 8.05485e-16 0 8.13182e-16 0 8.2088e-16 0 8.27963e-16 0 8.35048e-16 0 8.41826e-16 0 8.48298e-16 0 8.5477e-16 0 8.60935e-16 0 8.67101e-16 0 8.72959e-16 0 8.78818e-16 0 8.8437e-16 0 8.89922e-16 0 8.95167e-16 0 9.00412e-16 0 9.05657e-16 0 9.10904e-16 0 9.15842e-16 0 9.20472e-16 0 9.25102e-16 0 9.30042e-16 0 9.34364e-16 0 9.38996e-16 0 9.43628e-16 0 9.47952e-16 0 9.52276e-16 0 9.56291e-16 0 9.60307e-16 0 9.64632e-16 0 9.68649e-16 0 9.72665e-16 0 9.76373e-16 0 9.80082e-16 0 9.84099e-16 0 9.87808e-16 0 9.91517e-16 0 9.94917e-16 0
1007.67 2.57081e-16 2.57081e-16 1.23482e-25 4.80324e-10 1.89045e-07 1.29164e-17 6.79284e-18 4.05013e-17 3.32733e-17 9.67529e-17 9.22503e-17 1.59357e-16 1.56679e-16 1.93908e-16 0 2.16462e-16 0 2.33619e-16 0 2.47727e-16 0 2.95588e-16 0 3.50538e-16 0 3.86332e-16 0 4.13499e-16 0 4.3565e-16 0 4.54602e-16 0 4.71033e-16 0 4.85627e-16 0 4.98843e-16 0 5.10908e-16 0 5.22284e-16 0 5.32506e-16 0 5.42267e-16 0 5.51335e-16 0 5.59942e-16 0 5.68086e-16 0 5.76e-16 0 5.83218e-16 0 5.90438e-16 0 5.97194e-16 0 6.03719e-16 0 6.09779e-16 0 6.15841e-16 0 6.2167e-16 0 6.27501e-16 0 6.32866e-16 0 6.38232e-16 0 6.43365e-16 0 6.48266e-16 0 6.53168e-16 0 6.57837e-16 0 6.62506e-16 0 6.66943e-16 0 6.7138e-16 0 6.75584e-16 0 6.79789e-16 0 6.8376e-16 0 6.87732e-16 0 6.91705e-16 0 6.95677e-16 0 6.99417e-16 0 7.02923e-16 0 7.06429e-16 0 7.10169e-16 0 7.13442e-16 0 7.1695e-16 0 7.20457e-16 0 7.23731e-16 0 7.27005e-16 0 7.30046e-16 0 7.33086e-16 0 7.36361e-16 0 7.39402e-16 0 7.42443e-16 0 7.45251e-16 0 7.48059e-16 0 7.511e-16 0 7.53908e-16 0 7.56717e-16 0 7.59291e-16 0
1059.39 2.37733e-16 2.37733e-16 1.01135e-25 4.25413e-10 1.76325e-07 1.09367e-17 5.7331e-18 3.28203e-17 2.70459e-17 7.63507e-17 7.28645e-17 1.24278e-16 1.22225e-16 1.5063e-16 0 1.67808e-16 0 1.80866e-16 0 1.91599e-16 0 2.27982e-16 0 2.69714e-16 0 2.96883e-16 0 3.17496e-16 0 3.343e-16 0 3.48675e-16 0 3.61136e-16 0 3.72203e-16 0 3.82224e-16 0 3.91372e-16 0 3.99997e-16 0 4.07746e-16 0 4.15146e-16 0 4.2202e-16 0 4.28544e-16 0 4.34718e-16 0 4.40716e-16 0 4.46187e-16 0 4.5166e-16 0 4.5678e-16 0 4.61726e-16 0 4.66318e-16 0 4.70912e-16 0 4.7533e-16 0 4.79749e-16 0 4.83814e-16 0 4.87881e-16 0 4.91771e-16 0 4.95485e-16 0 4.99199e-16 0 5.02737e-16 0 5.06276e-16 0 5.09637e-16 0 5.13e-16 0 5.16185e-16 0 5.19371e-16 0 5.2238e-16 0 5.2539e-16 0 5.284e-16 0 5.3141e-16 0 5.34243e-16 0 5.369e-16 0 5.39556e-16 0 5.4239e-16 0 5.4487e-16 0 5.47527e-16 0 5.50185e-16 0 5.52665e-16 0 5.55146e-16 0 5.57449e-16 0 5.59753e-16 0 5.62234e-16 0 5.64538e-16 0 5.66842e-16 0 5.68969e-16 0 5.71096e-16 0 5.73401e-16 0 5.75528e-16 0 5.77656e-16 0 5.79606e-16 0
1113.77 2.20186e-16 2.20186e-16 8.28188e-26 3.76132e-10 1.68986e-07 9.21298e-18 4.82419e-18 2.65311e-17 2.19328e-17 6.02028e-17 5.75049e-17 9.69127e-17 9.53379e-17 1.17028e-16 0 1.30125e-16 0 1.40074e-16 0 1.48249e-16 0 1.75938e-16 0 2.07672e-16 0 2.2832e-16 0 2.43982e-16 0 2.56747e-16 0 2.67665e-16 0 2.77129e-16 0 2.85533e-16 0 2.93142e-16 0 3.00088e-16 0 3.06636e-16 0 3.12519e-16 0 3.18137e-16 0 3.23356e-16 0 3.28308e-16 0 3.32994e-16 0 3.37548e-16 0 3.41701e-16 0 3.45854e-16 0 3.49741e-16 0 3.53494e-16 0 3.5698e-16 0 3.60466e-16 0 3.63819e-16 0 3.67173e-16 0 3.70258e-16 0 3.73345e-16 0 3.76297e-16 0 3.79115e-16 0 3.81934e-16 0 3.84619e-16 0 3.87304e-16 0 3.89855e-16 0 3.92407e-16 0 3.94824e-16 0 3.97242e-16 0 3.99525e-16 0 4.01809e-16 0 4.04093e-16 0 4.06377e-16 0 4.08527e-16 0 4.10543e-16 0 4.12558e-16 0 4.14709e-16 0 4.16591e-16 0 4.18607e-16 0 4.20623e-16 0 4.22505e-16 0 4.24387e-16 0 4.26135e-16 0 4.27883e-16 0 4.29766e-16 0 4.31514e-16 0 4.33262e-16 0 4.34876e-16 0 4.3649e-16 0 4.38238e-16 0 4.39852e-16 0 4.41467e-16 0 4.42946e-16 0
1170.94 2.04028e-16 2.04028e-16 6.78192e-26 3.32401e-10 1.55109e-07 7.71571e-18 4.04341e-18 2.13765e-17 1.7729e-17 4.73868e-17 4.53021e-17 7.54908e-17 7.42838e-17 9.0843e-17 0 1.00828e-16 0 1.08408e-16 0 1.14634e-16 0 1.35709e-16 0 1.59845e-16 0 1.75541e-16 0 1.87443e-16 0 1.97143e-16 0 2.05438e-16 0 2.12627e-16 0 2.19011e-16 0 2.24791e-16 0 2.30066e-16 0 2.3504e-16 0 2.39508e-16 0 2.43774e-16 0 2.47737e-16 0 2.51498e-16 0 2.55056e-16 0 2.58514e-16 0 2.61667e-16 0 2.64821e-16 0 2.67772e-16 0 2.70621e-16 0 2.73268e-16 0 2.75915e-16 0 2.78461e-16 0 2.81007e-16 0 2.83349e-16 0 2.85692e-16 0 2.87934e-16 0 2.90073e-16 0 2.92213e-16 0 2.94252e-16 0 2.9629e-16 0 2.98227e-16 0 3.00164e-16 0 3.01999e-16 0 3.03834e-16 0 3.05568e-16 0 3.07301e-16 0 3.09035e-16 0 3.10769e-16 0 3.12401e-16 0 3.13931e-16 0 3.15461e-16 0 3.17093e-16 0 3.18522e-16 0 3.20052e-16 0 3.21583e-16 0 3.23011e-16 0 3.2444e-16 0 3.25767e-16 0 3.27093e-16 0 3.28522e-16 0 3.29849e-16 0 3.31176e-16 0 3.32401e-16 0 3.33626e-16 0 3.34953e-16 0 3.36178e-16 0 3.37403e-16 0 3.38527e-16 0
1231.05 1.89008e-16 1.89008e-16 5.55287e-26 2.9379e-10 1.35698e-07 6.42198e-18 3.37378e-18 1.71584e-17 1.42773e-17 3.7212e-17 3.56043e-17 5.87035e-17 5.77794e-17 7.04104e-17 0 7.80169e-17 0 8.37886e-17 0 8.85271e-17 0 1.04559e-16 0 1.22906e-16 0 1.34832e-16 0 1.43874e-16 0 1.51241e-16 0 1.5754e-16 0 1.63e-16 0 1.67847e-16 0 1.72235e-16 0 1.76241e-16 0 1.80017e-16 0 1.83408e-16 0 1.86647e-16 0 1.89655e-16 0 1.9251e-16 0 1.95211e-16 0 1.97836e-16 0 2.00229e-16 0 2.02623e-16 0 2.04863e-16 0 2.07026e-16 0 2.09035e-16 0 2.11044e-16 0 2.12976e-16 0 2.14908e-16 0 2.16686e-16 0 2.18464e-16 0 2.20165e-16 0 2.21789e-16 0 2.23413e-16 0 2.2496e-16 0 2.26507e-16 0 2.27977e-16 0 2.29446e-16 0 2.30839e-16 0 2.32232e-16 0 2.33547e-16 0 2.34863e-16 0 2.36178e-16 0 2.37494e-16 0 2.38733e-16 0 2.39894e-16 0 2.41055e-16 0 2.42293e-16 0 2.43377e-16 0 2.44539e-16 0 2.457e-16 0 2.46784e-16 0 2.47868e-16 0 2.48875e-16 0 2.49882e-16 0 2.50966e-16 0 2.51973e-16 0 2.52979e-16 0 2.53909e-16 0 2.54838e-16 0 2.55845e-16 0 2.56775e-16 0 2.57705e-16 0 2.58557e-16 0
1294.24 1.74962e-16 1.74962e-16 4.54765e-26 2.59923e-10 1.25647e-07 5.31155e-18 2.80143e-18 1.37168e-17 1.14512e-17 2.91427e-17 2.79058e-17 4.55522e-17 4.48459e-17 5.4468e-17 0 6.02557e-17 0 6.46453e-17 0 6.82479e-17 0 8.04304e-17 0 9.43631e-17 0 1.03416e-16 0 1.10279e-16 0 1.15869e-16 0 1.20649e-16 0 1.24791e-16 0 1.28468e-16 0 1.31797e-16 0 1.34835e-16 0 1.377e-16 0 1.40272e-16 0 1.42729e-16 0 1.4501e-16 0 1.47176e-16 0 1.49224e-16 0 1.51215e-16 0 1.5303e-16 0 1.54845e-16 0 1.56544e-16 0 1.58184e-16 0 1.59708e-16 0 1.61231e-16 0 1.62696e-16 0 1.64162e-16 0 1.6551e-16 0 1.66858e-16 0 1.68148e-16 0 1.69379e-16 0 1.70611e-16 0 1.71784e-16 0 1.72957e-16 0 1.74071e-16 0 1.75186e-16 0 1.76242e-16 0 1.77298e-16 0 1.78295e-16 0 1.79293e-16 0 1.8029e-16 0 1.81288e-16 0 1.82227e-16 0 1.83107e-16 0 1.83987e-16 0 1.84927e-16 0 1.85748e-16 0 1.86629e-16 0 1.87509e-16 0 1.88331e-16 0 1.89153e-16 0 1.89917e-16 0 1.9068e-16 0 1.91502e-16 0 1.92265e-16 0 1.93029e-16 0 1.93733e-16 0 1.94438e-16 0 1.95201e-16 0 1.95906e-16 0 1.96611e-16 0 1.97257e-16 0
1360.67 1.61889e-16 1.61889e-16 3.72437e-26 2.30057e-10 1.28521e-07 4.36838e-18 2.31599e-18 1.09269e-17 9.1519e-18 2.27714e-17 2.18215e-17 3.52862e-17 3.47471e-17 4.20702e-17 0 4.64704e-17 0 4.98061e-17 0 5.2543e-17 0 6.17939e-17 0 7.23678e-17 0 7.9236e-17 0 8.44409e-17 0 8.86807e-17 0 9.23054e-17 0 9.5446e-17 0 9.82344e-17 0 1.00758e-16 0 1.03062e-16 0 1.05233e-16 0 1.07184e-16 0 1.09046e-16 0 1.10776e-16 0 1.12417e-16 0 1.1397e-16 0 1.15479e-16 0 1.16854e-16 0 1.18231e-16 0 1.19518e-16 0 1.20761e-16 0 1.21916e-16 0 1.23071e-16 0 1.24181e-16 0 1.25292e-16 0 1.26314e-16 0 1.27336e-16 0 1.28313e-16 0 1.29246e-16 0 1.3018e-16 0 1.31069e-16 0 1.31958e-16 0 1.32802e-16 0 1.33647e-16 0 1.34447e-16 0 1.35248e-16 0 1.36003e-16 0 1.36759e-16 0 1.37515e-16 0 1.38271e-16 0 1.38983e-16 0 1.3965e-16 0 1.40317e-16 0 1.41029e-16 0 1.41652e-16 0 1.42319e-16 0 1.42986e-16 0 1.43609e-16 0 1.44232e-16 0 1.44811e-16 0 1.45389e-16 0 1.46012e-16 0 1.4659e-16 0 1.47169e-16 0 1.47703e-16 0 1.48237e-16 0 1.48815e-16 0 1.4935e-16 0 1.49884e-16 0 1.50373e-16 0
1430.51 1.49647e-16 1.49647e-16 3.04979e-26 2.03799e-10 1.14633e-07 3.57167e-18 1.9055e-18 8.67066e-18 7.28567e-18 1.7745e-17 1.70171e-17 2.72739e-17 2.68631e-17 3.24285e-17 0 3.57693e-17 0 3.8301e-17 0 4.03776e-17 0 4.73937e-17 0 5.54091e-17 0 6.06138e-17 0 6.45573e-17 0 6.77691e-17 0 7.05149e-17 0 7.28937e-17 0 7.50057e-17 0 7.69173e-17 0 7.86618e-17 0 8.03062e-17 0 8.17833e-17 0 8.31935e-17 0 8.45033e-17 0 8.57461e-17 0 8.6922e-17 0 8.80645e-17 0 8.91064e-17 0 9.01484e-17 0 9.11232e-17 0 9.20646e-17 0 9.29389e-17 0 9.38132e-17 0 9.4654e-17 0 9.54949e-17 0 9.62686e-17 0 9.70423e-17 0 9.77825e-17 0 9.8489e-17 0 9.91956e-17 0 9.98687e-17 0 1.00542e-16 0 1.01181e-16 0 1.01821e-16 0 1.02427e-16 0 1.03032e-16 0 1.03605e-16 0 1.04177e-16 0 1.04749e-16 0 1.05322e-16 0 1.0586e-16 0 1.06366e-16 0 1.06871e-16 0 1.07409e-16 0 1.07881e-16 0 1.08386e-16 0 1.08891e-16 0 1.09363e-16 0 1.09834e-16 0 1.10272e-16 0 1.1071e-16 0 1.11182e-16 0 1.1162e-16 0 1.12057e-16 0 1.12462e-16 0 1.12866e-16 0 1.13304e-16 0 1.13708e-16 0 1.14113e-16 0 1.14483e-16 0
1503.94 1.37925e-16 1.37925e-16 2.49698e-26 1.81039e-10 1.28589e-07 2.89836e-18 1.55741e-18 6.84143e-18 5.76692e-18 1.37651e-17 1.32097e-17 2.0995e-17 2.06831e-17 2.48985e-17 0 2.74268e-17 0 2.9342e-17 0 3.09126e-17 0 3.6217e-17 0 4.22741e-17 0 4.6206e-17 0 4.91846e-17 0 5.16104e-17 0 5.3684e-17 0 5.54804e-17 0 5.70751e-17 0 5.85185e-17 0 5.98358e-17 0 6.10774e-17 0 6.21925e-17 0 6.32573e-17 0 6.42461e-17 0 6.51844e-17 0 6.60722e-17 0 6.69347e-17 0 6.77212e-17 0 6.85078e-17 0 6.92438e-17 0 6.99545e-17 0 7.06144e-17 0 7.12744e-17 0 7.19091e-17 0 7.25439e-17 0 7.31279e-17 0 7.3712e-17 0 7.42707e-17 0 7.4804e-17 0 7.53374e-17 0 7.58455e-17 0 7.63535e-17 0 7.68362e-17 0 7.73189e-17 0 7.77762e-17 0 7.82336e-17 0 7.86655e-17 0 7.90975e-17 0 7.95295e-17 0 7.99615e-17 0 8.03681e-17 0 8.07494e-17 0 8.11306e-17 0 8.15373e-17 0 8.18931e-17 0 8.22744e-17 0 8.26557e-17 0 8.30116e-17 0 8.33675e-17 0 8.3698e-17 0 8.40285e-17 0 8.43844e-17 0 8.4715e-17 0 8.50455e-17 0 8.53506e-17 0 8.56557e-17 0 8.59863e-17 0 8.62914e-17 0 8.65966e-17 0 8.68763e-17 0
1581.14 1.26929e-16 1.26929e-16 2.04442e-26 1.61068e-10 9.00512e-08 2.33834e-18 1.26645e-18 5.37616e-18 4.54589e-18 1.06453e-17 1.02226e-17 1.61197e-17 1.58834e-17 1.90702e-17 0 2.09801e-17 0 2.24264e-17 0 2.36122e-17 0 2.76157e-17 0 3.21852e-17 0 3.51507e-17 0 3.73969e-17 0 3.9226e-17 0 4.07894e-17 0 4.21438e-17 0 4.33461e-17 0 4.44343e-17 0 4.54273e-17 0 4.63632e-17 0 4.72039e-17 0 4.80064e-17 0 4.87518e-17 0 4.94591e-17 0 5.01283e-17 0 5.07784e-17 0 5.13712e-17 0 5.19641e-17 0 5.25188e-17 0 5.30545e-17 0 5.35519e-17 0 5.40493e-17 0 5.45277e-17 0 5.50061e-17 0 5.54463e-17 0 5.58865e-17 0 5.63076e-17 0 5.67095e-17 0 5.71115e-17 0 5.74944e-17 0 5.78773e-17 0 5.82411e-17 0 5.86049e-17 0 5.89495e-17 0 5.92942e-17 0 5.96197e-17 0 5.99453e-17 0 6.02708e-17 0 6.05964e-17 0 6.09029e-17 0 6.11902e-17 0 6.14775e-17 0 6.17839e-17 0 6.20521e-17 0 6.23395e-17 0 6.26268e-17 0 6.2895e-17 0 6.31632e-17 0 6.34123e-17 0 6.36613e-17 0 6.39296e-17 0 6.41786e-17 0 6.44277e-17 0 6.46577e-17 0 6.48876e-17 0 6.51367e-17 0 6.53666e-17 0 6.55966e-17 0 6.58074e-17 0
1662.3 1.18514e-16 1.18514e-16 1.67374e-26 1.41227e-10 6.55564e-08 1.90635e-18 1.04129e-18 4.27609e-18 3.6267e-18 8.34082e-18 8.01472e-18 1.25443e-17 1.23628e-17 1.48064e-17 0 1.62698e-17 0 1.73777e-17 0 1.82858e-17 0 2.13509e-17 0 2.48481e-17 0 2.71171e-17 0 2.88355e-17 0 3.02347e-17 0 3.14306e-17 0 3.24666e-17 0 3.33861e-17 0 3.42184e-17 0 3.49778e-17 0 3.56936e-17 0 3.63365e-17 0 3.69503e-17 0 3.75203e-17 0 3.80612e-17 0 3.85729e-17 0 3.90701e-17 0 3.95234e-17 0 3.99768e-17 0 4.0401e-17 0 4.08105e-17 0 4.11909e-17 0 4.15713e-17 0 4.19371e-17 0 4.23029e-17 0 4.26395e-17 0 4.29761e-17 0 4.3298e-17 0 4.36054e-17 0 4.39128e-17 0 4.42055e-17 0 4.44983e-17 0 4.47764e-17 0 4.50546e-17 0 4.53181e-17 0 4.55817e-17 0 4.58306e-17 0 4.60795e-17 0 4.63284e-17 0 4.65773e-17 0 4.68116e-17 0 4.70313e-17 0 4.7251e-17 0 4.74853e-17 0 4.76903e-17 0 4.791e-17 0 4.81297e-17 0 4.83348e-17 0 4.85398e-17 0 4.87303e-17 0 4.89207e-17 0 4.91258e-17 0 4.93162e-17 0 4.95066e-17 0 4.96824e-17 0 4.98582e-17 0 5.00487e-17 0 5.02245e-17 0 5.04003e-17 0 5.05615e-17 0
1747.63 1.12579e-16 1.12579e-16 1.37045e-26 1.21732e-10 7.2567e-08 1.57518e-18 8.68135e-19 3.45236e-18 2.93672e-18 6.63964e-18 6.38393e-18 9.92193e-18 9.78008e-18 1.16857e-17 0 1.28262e-17 0 1.36894e-17 0 1.43969e-17 0 1.67839e-17 0 1.95065e-17 0 2.12725e-17 0 2.26099e-17 0 2.36987e-17 0 2.46293e-17 0 2.54353e-17 0 2.61508e-17 0 2.67983e-17 0 2.73892e-17 0 2.79461e-17 0 2.84463e-17 0 2.89238e-17 0 2.93673e-17 0 2.97881e-17 0 3.01861e-17 0 3.05729e-17 0 3.09256e-17 0 3.12783e-17 0 3.16082e-17 0 3.19269e-17 0 3.22227e-17 0 3.25186e-17 0 3.28032e-17 0 3.30877e-17 0 3.33496e-17 0 3.36114e-17 0 3.38618e-17 0 3.41009e-17 0 3.434e-17 0 3.45678e-17 0 3.47955e-17 0 3.50118e-17 0 3.52282e-17 0 3.54332e-17 0 3.56382e-17 0 3.58318e-17 0 3.60254e-17 0 3.6219e-17 0 3.64127e-17 0 3.65949e-17 0 3.67658e-17 0 3.69366e-17 0 3.71189e-17 0 3.72784e-17 0 3.74493e-17 0 3.76202e-17 0 3.77796e-17 0 3.79391e-17 0 3.80873e-17 0 3.82354e-17 0 3.83949e-17 0 3.8543e-17 0 3.86911e-17 0 3.88279e-17 0 3.89646e-17 0 3.91127e-17 0 3.92495e-17 0 3.93862e-17 0 3.95116e-17 0
1837.33 1.05784e-16 1.05784e-16 1.12241e-26 1.06104e-10 9.51886e-08 1.28291e-18 7.13658e-19 2.75136e-18 2.34712e-18 5.22163e-18 5.02344e-18 7.75588e-18 7.64631e-18 9.11596e-18 0 9.99501e-18 0 1.06602e-17 0 1.12052e-17 0 1.30438e-17 0 1.51402e-17 0 1.64998e-17 0 1.75292e-17 0 1.83673e-17 0 1.90835e-17 0 1.97039e-17 0 2.02546e-17 0 2.07529e-17 0 2.12076e-17 0 2.16362e-17 0 2.20211e-17 0 2.23885e-17 0 2.27298e-17 0 2.30536e-17 0 2.33599e-17 0 2.36575e-17 0 2.39289e-17 0 2.42003e-17 0 2.44542e-17 0 2.46994e-17 0 2.49271e-17 0 2.51547e-17 0 2.53737e-17 0 2.55926e-17 0 2.57941e-17 0 2.59956e-17 0 2.61883e-17 0 2.63722e-17 0 2.65562e-17 0 2.67314e-17 0 2.69066e-17 0 2.70731e-17 0 2.72396e-17 0 2.73973e-17 0 2.7555e-17 0 2.7704e-17 0 2.7853e-17 0 2.80019e-17 0 2.81509e-17 0 2.82911e-17 0 2.84226e-17 0 2.85541e-17 0 2.86943e-17 0 2.8817e-17 0 2.89485e-17 0 2.90799e-17 0 2.92027e-17 0 2.93254e-17 0 2.94393e-17 0 2.95533e-17 0 2.9676e-17 0 2.979e-17 0 2.99039e-17 0 3.00091e-17 0 3.01143e-17 0 3.02283e-17 0 3.03335e-17 0 3.04387e-17 0 3.05352e-17 0
1931.64 9.76501e-17 9.76501e-17 9.19228e-27 9.41349e-11 6.34514e-08 1.02307e-18 5.7456e-19 2.1498e-18 1.83903e-18 4.02932e-18 3.87852e-18 5.95086e-18 5.86774e-18 6.9809e-18 0 7.64637e-18 0 8.1498e-18 0 8.56226e-18 0 9.95331e-18 0 1.15389e-17 0 1.25671e-17 0 1.33455e-17 0 1.39792e-17 0 1.45207e-17 0 1.49897e-17 0 1.5406e-17 0 1.57828e-17 0 1.61266e-17 0 1.64505e-17 0 1.67415e-17 0 1.70193e-17 0 1.72773e-17 0 1.7522e-17 0 1.77536e-17 0 1.79786e-17 0 1.81837e-17 0 1.83888e-17 0 1.85808e-17 0 1.87661e-17 0 1.89382e-17 0 1.91103e-17 0 1.92758e-17 0 1.94413e-17 0 1.95936e-17 0 1.97458e-17 0 1.98915e-17 0 2.00305e-17 0 2.01696e-17 0 2.0302e-17 0 2.04345e-17 0 2.05603e-17 0 2.06861e-17 0 2.08053e-17 0 2.09246e-17 0 2.10371e-17 0 2.11497e-17 0 2.12623e-17 0 2.13749e-17 0 2.14809e-17 0 2.15803e-17 0 2.16797e-17 0 2.17856e-17 0 2.18784e-17 0 2.19778e-17 0 2.20771e-17 0 2.21699e-17 0 2.22626e-17 0 2.23488e-17 0 2.24349e-17 0 2.25276e-17 0 2.26138e-17 0 2.26999e-17 0 2.27794e-17 0 2.28589e-17 0 2.29451e-17 0 2.30246e-17 0 2.31041e-17 0 2.3177e-17 0
2030.79 8.90876e-17 8.90876e-17 7.88489e-27 8.85072e-11 4.11636e-08 8.03802e-19 4.55807e-19 1.65703e-18 1.42129e-18 3.06944e-18 2.95612e-18 4.5089e-18 4.44662e-18 5.27972e-18 0 5.77752e-18 0 6.15403e-18 0 6.46248e-18 0 7.50248e-18 0 8.68767e-18 0 9.45604e-18 0 1.00377e-17 0 1.05112e-17 0 1.09158e-17 0 1.12663e-17 0 1.15773e-17 0 1.18588e-17 0 1.21156e-17 0 1.23577e-17 0 1.25751e-17 0 1.27826e-17 0 1.29753e-17 0 1.31582e-17 0 1.33312e-17 0 1.34992e-17 0 1.36525e-17 0 1.38057e-17 0 1.39491e-17 0 1.40875e-17 0 1.42161e-17 0 1.43447e-17 0 1.44683e-17 0 1.45919e-17 0 1.47057e-17 0 1.48194e-17 0 1.49282e-17 0 1.50321e-17 0 1.5136e-17 0 1.52349e-17 0 1.53338e-17 0 1.54278e-17 0 1.55218e-17 0 1.56109e-17 0 1.56999e-17 0 1.5784e-17 0 1.58681e-17 0 1.59522e-17 0 1.60363e-17 0 1.61155e-17 0 1.61897e-17 0 1.6264e-17 0 1.63431e-17 0 1.64124e-17 0 1.64866e-17 0 1.65609e-17 0 1.66301e-17 0 1.66994e-17 0 1.67638e-17 0 1.68281e-17 0 1.68974e-17 0 1.69617e-17 0 1.7026e-17 0 1.70854e-17 0 1.71448e-17 0 1.72092e-17 0 1.72686e-17 0 1.7328e-17 0 1.73824e-17 0
2135.03 8.06007e-17 8.06007e-17 7.13374e-27 8.85072e-11 3.72422e-08 6.24453e-19 3.57568e-19 1.26438e-18 1.08729e-18 2.31633e-18 2.23193e-18 3.38538e-18 3.3391e-18 3.9573e-18 0 4.32653e-18 0 4.60574e-18 0 4.83445e-18 0 5.60546e-18 0 6.48389e-18 0 7.0533e-18 0 7.48434e-18 0 7.83519e-18 0 8.13498e-18 0 8.39463e-18 0 8.62508e-18 0 8.83362e-18 0 9.0239e-18 0 9.20323e-18 0 9.36427e-18 0 9.51802e-18 0 9.66079e-18 0 9.79626e-18 0 9.92442e-18 0 1.00489e-17 0 1.01624e-17 0 1.0276e-17 0 1.03822e-17 0 1.04847e-17 0 1.058e-17 0 1.06752e-17 0 1.07668e-17 0 1.08584e-17 0 1.09426e-17 0 1.10269e-17 0 1.11075e-17 0 1.11845e-17 0 1.12614e-17 0 1.13347e-17 0 1.1408e-17 0 1.14776e-17 0 1.15472e-17 0 1.16132e-17 0 1.16792e-17 0 1.17415e-17 0 1.18038e-17 0 1.18661e-17 0 1.19284e-17 0 1.1987e-17 0 1.2042e-17 0 1.2097e-17 0 1.21556e-17 0 1.22069e-17 0 1.22619e-17 0 1.23169e-17 0 1.23682e-17 0 1.24195e-17 0 1.24672e-17 0 1.25148e-17 0 1.25662e-17 0 1.26138e-17 0 1.26615e-17 0 1.27055e-17 0 1.27495e-17 0 1.27971e-17 0 1.28411e-17 0 1.28851e-17 0 1.29254e-17 0
2244.63 7.29223e-17 7.29223e-17 6.45415e-27 8.85072e-11 3.36943e-08 4.83791e-19 2.79731e-19 9.63177e-19 8.30322e-19 1.74624e-18 1.68342e-18 2.53998e-18 2.50562e-18 2.96425e-18 0 3.23807e-18 0 3.4451e-18 0 3.61467e-18 0 4.1862e-18 0 4.83722e-18 0 5.25917e-18 0 5.57855e-18 0 5.83851e-18 0 6.06063e-18 0 6.253e-18 0 6.42373e-18 0 6.57823e-18 0 6.7192e-18 0 6.85205e-18 0 6.97136e-18 0 7.08525e-18 0 7.19102e-18 0 7.29138e-18 0 7.38631e-18 0 7.47854e-18 0 7.56264e-18 0 7.64674e-18 0 7.72543e-18 0 7.8014e-18 0 7.87194e-18 0 7.9425e-18 0 8.01034e-18 0 8.07818e-18 0 8.1406e-18 0 8.20302e-18 0 8.26273e-18 0 8.31972e-18 0 8.37672e-18 0 8.431e-18 0 8.48529e-18 0 8.53686e-18 0 8.58844e-18 0 8.6373e-18 0 8.68616e-18 0 8.73231e-18 0 8.77846e-18 0 8.82461e-18 0 8.87076e-18 0 8.9142e-18 0 8.95493e-18 0 8.99565e-18 0 9.03909e-18 0 9.0771e-18 0 9.11783e-18 0 9.15855e-18 0 9.19657e-18 0 9.23458e-18 0 9.26988e-18 0 9.30518e-18 0 9.34319e-18 0 9.37849e-18 0 9.41379e-18 0 9.44638e-18 0 9.47896e-18 0 9.51427e-18 0 9.54685e-18 0 9.57944e-18 0 9.60931e-18 0
2359.84 6.59754e-17 6.59754e-17 5.8393e-27 8.85072e-11 3.04845e-08 3.73851e-19 2.1826e-19 7.3259e-19 6.33042e-19 1.31522e-18 1.26847e-18 1.90441e-18 1.87889e-18 2.21909e-18 0 2.42214e-18 0 2.57563e-18 0 2.70133e-18 0 3.12496e-18 0 3.60741e-18 0 3.92006e-18 0 4.1567e-18 0 4.3493e-18 0 4.51387e-18 0 4.65639e-18 0 4.78287e-18 0 4.89733e-18 0 5.00176e-18 0 5.10018e-18 0 5.18856e-18 0 5.27294e-18 0 5.35129e-18 0 5.42563e-18 0 5.49596e-18 0 5.56428e-18 0 5.62658e-18 0 5.68888e-18 0 5.74716e-18 0 5.80344e-18 0 5.8557e-18 0 5.90796e-18 0 5.95821e-18 0 6.00846e-18 0 6.0547e-18 0 6.10094e-18 0 6.14517e-18 0 6.18738e-18 0 6.2296e-18 0 6.26982e-18 0 6.31003e-18 0 6.34823e-18 0 6.38643e-18 0 6.42262e-18 0 6.45882e-18 0 6.493e-18 0 6.52719e-18 0 6.56137e-18 0 6.59556e-18 0 6.62773e-18 0 6.6579e-18 0 6.68806e-18 0 6.72024e-18 0 6.74839e-18 0 6.77856e-18 0 6.80873e-18 0 6.83688e-18 0 6.86504e-18 0 6.89119e-18 0 6.91733e-18 0 6.94549e-18 0 6.97164e-18 0 6.99778e-18 0 7.02192e-18 0 7.04606e-18 0 7.0722e-18 0 7.09634e-18 0 7.12048e-18 0 7.1426e-18 0
2480.97 5.96903e-17 5.96903e-17 5.28302e-27 8.85072e-11 2.75804e-08 2.88195e-19 1.69865e-19 5.56391e-19 4.8188e-19 9.89692e-19 9.54929e-19 1.42695e-18 1.40801e-18 1.66032e-18 0 1.81086e-18 0 1.92465e-18 0 2.01782e-18 0 2.33179e-18 0 2.6893e-18 0 2.92096e-18 0 3.09628e-18 0 3.23897e-18 0 3.36089e-18 0 3.46647e-18 0 3.56017e-18 0 3.64496e-18 0 3.72233e-18 0 3.79523e-18 0 3.86071e-18 0 3.92321e-18 0 3.98125e-18 0 4.03632e-18 0 4.08841e-18 0 4.13902e-18 0 4.18517e-18 0 4.23132e-18 0 4.27449e-18 0 4.31618e-18 0 4.35489e-18 0 4.3936e-18 0 4.43082e-18 0 4.46805e-18 0 4.50229e-18 0 4.53654e-18 0 4.5693e-18 0 4.60058e-18 0 4.63185e-18 0 4.66163e-18 0 4.69142e-18 0 4.71972e-18 0 4.74801e-18 0 4.77482e-18 0 4.80163e-18 0 4.82695e-18 0 4.85227e-18 0 4.87759e-18 0 4.90291e-18 0 4.92675e-18 0 4.94909e-18 0 4.97143e-18 0 4.99527e-18 0 5.01612e-18 0 5.03846e-18 0 5.06081e-18 0 5.08166e-18 0 5.10252e-18 0 5.12188e-18 0 5.14125e-18 0 5.16211e-18 0 5.18147e-18 0 5.20084e-18 0 5.21872e-18 0 5.2366e-18 0 5.25596e-18 0 5.27384e-18 0 5.29172e-18 0 5.30811e-18 0
2608.32 5.4004e-17 5.4004e-17 4.77974e-27 8.85072e-11 2.4953e-08 2.21662e-19 1.3188e-19 4.2199e-19 3.66276e-19 7.4411e-19 7.18268e-19 1.06855e-18 1.05449e-18 1.24159e-18 0 1.3532e-18 0 1.43754e-18 0 1.5066e-18 0 1.73928e-18 0 2.00419e-18 0 2.17582e-18 0 2.30572e-18 0 2.41143e-18 0 2.50174e-18 0 2.57996e-18 0 2.64937e-18 0 2.71219e-18 0 2.76949e-18 0 2.8235e-18 0 2.872e-18 0 2.9183e-18 0 2.96129e-18 0 3.00209e-18 0 3.04067e-18 0 3.07816e-18 0 3.11234e-18 0 3.14653e-18 0 3.17851e-18 0 3.20939e-18 0 3.23806e-18 0 3.26673e-18 0 3.29431e-18 0 3.32188e-18 0 3.34725e-18 0 3.37262e-18 0 3.39688e-18 0 3.42004e-18 0 3.44321e-18 0 3.46527e-18 0 3.48733e-18 0 3.50829e-18 0 3.52925e-18 0 3.54911e-18 0 3.56897e-18 0 3.58772e-18 0 3.60647e-18 0 3.62523e-18 0 3.64398e-18 0 3.66164e-18 0 3.67819e-18 0 3.69474e-18 0 3.71239e-18 0 3.72784e-18 0 3.74439e-18 0 3.76094e-18 0 3.77638e-18 0 3.79183e-18 0 3.80617e-18 0 3.82052e-18 0 3.83597e-18 0 3.85031e-18 0 3.86466e-18 0 3.8779e-18 0 3.89114e-18 0 3.90548e-18 0 3.91872e-18 0 3.93197e-18 0 3.9441e-18 0
2742.21 4.88593e-17 4.88593e-17 4.3244e-27 8.85072e-11 2.25758e-08 1.70125e-19 1.02151e-19 3.19639e-19 2.78017e-19 5.5902e-19 5.39816e-19 7.99705e-19 7.89273e-19 9.28003e-19 0 1.01073e-18 0 1.07324e-18 0 1.12443e-18 0 1.29685e-18 0 1.49313e-18 0 1.62029e-18 0 1.71652e-18 0 1.79483e-18 0 1.86174e-18 0 1.91968e-18 0 1.9711e-18 0 2.01763e-18 0 2.06008e-18 0 2.10008e-18 0 2.13601e-18 0 2.1703e-18 0 2.20215e-18 0 2.23237e-18 0 2.26095e-18 0 2.28872e-18 0 2.31404e-18 0 2.33936e-18 0 2.36305e-18 0 2.38592e-18 0 2.40716e-18 0 2.4284e-18 0 2.44882e-18 0 2.46924e-18 0 2.48803e-18 0 2.50682e-18 0 2.5248e-18 0 2.54195e-18 0 2.55911e-18 0 2.57545e-18 0 2.59179e-18 0 2.60732e-18 0 2.62284e-18 0 2.63755e-18 0 2.65226e-18 0 2.66615e-18 0 2.68004e-18 0 2.69393e-18 0 2.70782e-18 0 2.7209e-18 0 2.73315e-18 0 2.74541e-18 0 2.75849e-18 0 2.76993e-18 0 2.78219e-18 0 2.79444e-18 0 2.80589e-18 0 2.81733e-18 0 2.82795e-18 0 2.83857e-18 0 2.85002e-18 0 2.86064e-18 0 2.87127e-18 0 2.88107e-18 0 2.89088e-18 0 2.90151e-18 0 2.91131e-18 0 2.92112e-18 0 2.93011e-18 0
2882.97 4.42048e-17 4.42048e-17 3.91244e-27 8.85072e-11 2.04252e-08 1.30309e-19 7.89475e-20 2.41819e-19 2.1075e-19 4.19654e-19 4.05388e-19 5.98177e-19 5.90438e-19 6.93289e-19 0 7.54605e-19 0 8.00936e-19 0 8.38867e-19 0 9.66635e-19 0 1.11206e-18 0 1.20626e-18 0 1.27755e-18 0 1.33556e-18 0 1.38513e-18 0 1.42805e-18 0 1.46614e-18 0 1.5006e-18 0 1.53205e-18 0 1.56168e-18 0 1.58829e-18 0 1.61369e-18 0 1.63728e-18 0 1.65967e-18 0 1.68084e-18 0 1.70141e-18 0 1.72016e-18 0 1.73892e-18 0 1.75646e-18 0 1.7734e-18 0 1.78913e-18 0 1.80486e-18 0 1.81999e-18 0 1.83512e-18 0 1.84904e-18 0 1.86295e-18 0 1.87627e-18 0 1.88897e-18 0 1.90168e-18 0 1.91379e-18 0 1.92589e-18 0 1.93739e-18 0 1.94889e-18 0 1.95978e-18 0 1.97067e-18 0 1.98096e-18 0 1.99125e-18 0 2.00154e-18 0 2.01183e-18 0 2.02151e-18 0 2.03059e-18 0 2.03967e-18 0 2.04936e-18 0 2.05783e-18 0 2.06691e-18 0 2.07599e-18 0 2.08446e-18 0 2.09294e-18 0 2.1008e-18 0 2.10867e-18 0 2.11715e-18 0 2.12502e-18 0 2.13289e-18 0 2.14015e-18 0 2.14741e-18 0 2.15528e-18 0 2.16255e-18 0 2.16981e-18 0 2.17647e-18 0
3030.95 3.99936e-17 3.99936e-17 3.53972e-27 8.85072e-11 1.84794e-08 9.96243e-20 6.08849e-20 1.82734e-19 1.59559e-19 3.14808e-19 3.04213e-19 4.47203e-19 4.41463e-19 5.17706e-19 0 5.6315e-19 0 5.97484e-19 0 6.25592e-19 0 7.20263e-19 0 8.28002e-19 0 8.97791e-19 0 9.506e-19 0 9.93574e-19 0 1.03029e-18 0 1.06208e-18 0 1.0903e-18 0 1.11582e-18 0 1.13912e-18 0 1.16107e-18 0 1.18078e-18 0 1.19959e-18 0 1.21707e-18 0 1.23364e-18 0 1.24933e-18 0 1.26456e-18 0 1.27845e-18 0 1.29234e-18 0 1.30534e-18 0 1.31789e-18 0 1.32954e-18 0 1.34119e-18 0 1.35239e-18 0 1.3636e-18 0 1.37391e-18 0 1.38422e-18 0 1.39408e-18 0 1.40349e-18 0 1.4129e-18 0 1.42187e-18 0 1.43083e-18 0 1.43935e-18 0 1.44786e-18 0 1.45593e-18 0 1.464e-18 0 1.47162e-18 0 1.47924e-18 0 1.48686e-18 0 1.49448e-18 0 1.50165e-18 0 1.50838e-18 0 1.5151e-18 0 1.52228e-18 0 1.52855e-18 0 1.53528e-18 0 1.542e-18 0 1.54828e-18 0 1.55455e-18 0 1.56038e-18 0 1.56621e-18 0 1.57249e-18 0 1.57832e-18 0 1.58414e-18 0 1.58952e-18 0 1.5949e-18 0 1.60073e-18 0 1.60611e-18 0 1.61149e-18 0 1.61642e-18 0
3186.53 3.61837e-17 3.61837e-17 3.20252e-27 8.85072e-11 1.6719e-08 7.60306e-20 4.68598e-20 1.37936e-19 1.20662e-19 2.35999e-19 2.28132e-19 3.34172e-19 3.29915e-19 3.86429e-19 0 4.20106e-19 0 4.45549e-19 0 4.66377e-19 0 5.3652e-19 0 6.16338e-19 0 6.68038e-19 0 7.07157e-19 0 7.3899e-19 0 7.66185e-19 0 7.89735e-19 0 8.10634e-19 0 8.29544e-19 0 8.46796e-19 0 8.63054e-19 0 8.77654e-19 0 8.91591e-19 0 9.04533e-19 0 9.16812e-19 0 9.28428e-19 0 9.39712e-19 0 9.50001e-19 0 9.6029e-19 0 9.69915e-19 0 9.79209e-19 0 9.87839e-19 0 9.96469e-19 0 1.00477e-18 0 1.01307e-18 0 1.0207e-18 0 1.02834e-18 0 1.03564e-18 0 1.04261e-18 0 1.04958e-18 0 1.05622e-18 0 1.06286e-18 0 1.06917e-18 0 1.07548e-18 0 1.08145e-18 0 1.08743e-18 0 1.09307e-18 0 1.09872e-18 0 1.10436e-18 0 1.11001e-18 0 1.11532e-18 0 1.1203e-18 0 1.12528e-18 0 1.13059e-18 0 1.13524e-18 0 1.14022e-18 0 1.1452e-18 0 1.14985e-18 0 1.1545e-18 0 1.15882e-18 0 1.16313e-18 0 1.16778e-18 0 1.1721e-18 0 1.17641e-18 0 1.1804e-18 0 1.18438e-18 0 1.1887e-18 0 1.19268e-18 0 1.19667e-18 0 1.20032e-18 0
3350.09 3.27366e-17 3.27366e-17 2.89743e-27 8.85072e-11 1.51262e-08 5.79279e-20 3.59955e-20 1.04014e-19 9.11462e-20 1.76805e-19 1.70966e-19 2.49594e-19 2.46437e-19 2.88323e-19 0 3.13279e-19 0 3.32132e-19 0 3.47564e-19 0 3.99532e-19 0 4.58663e-19 0 4.9696e-19 0 5.25937e-19 0 5.49517e-19 0 5.69661e-19 0 5.87105e-19 0 6.02584e-19 0 6.16591e-19 0 6.2937e-19 0 6.41412e-19 0 6.52226e-19 0 6.62549e-19 0 6.72135e-19 0 6.81229e-19 0 6.89833e-19 0 6.9819e-19 0 7.05811e-19 0 7.13432e-19 0 7.20561e-19 0 7.27444e-19 0 7.33836e-19 0 7.40228e-19 0 7.46375e-19 0 7.52521e-19 0 7.58176e-19 0 7.63831e-19 0 7.6924e-19 0 7.74404e-19 0 7.79567e-19 0 7.84485e-19 0 7.89402e-19 0 7.94074e-19 0 7.98746e-19 0 8.03172e-19 0 8.07598e-19 0 8.11779e-19 0 8.15959e-19 0 8.20139e-19 0 8.2432e-19 0 8.28254e-19 0 8.31943e-19 0 8.35631e-19 0 8.39566e-19 0 8.43009e-19 0 8.46698e-19 0 8.50386e-19 0 8.53829e-19 0 8.57272e-19 0 8.60469e-19 0 8.63666e-19 0 8.67109e-19 0 8.70306e-19 0 8.73503e-19 0 8.76454e-19 0 8.79405e-19 0 8.82603e-19 0 8.85554e-19 0 8.88505e-19 0 8.9121e-19 0
3522.05 2.9618e-17 2.9618e-17 2.62141e-27 8.85072e-11 1.36852e-08 4.40666e-20 2.75991e-20 7.83594e-20 6.87787e-20 1.3238e-19 1.28047e-19 1.86342e-19 1.84001e-19 2.15043e-19 0 2.33536e-19 0 2.47504e-19 0 2.58938e-19 0 2.97439e-19 0 3.41243e-19 0 3.69612e-19 0 3.91076e-19 0 4.08542e-19 0 4.23463e-19 0 4.36383e-19 0 4.47849e-19 0 4.58224e-19 0 4.67688e-19 0 4.76608e-19 0 4.84618e-19 0 4.92263e-19 0 4.99363e-19 0 5.06099e-19 0 5.12472e-19 0 5.18662e-19 0 5.24306e-19 0 5.2995e-19 0 5.35231e-19 0 5.40329e-19 0 5.45063e-19 0 5.49798e-19 0 5.5435e-19 0 5.58902e-19 0 5.63091e-19 0 5.67279e-19 0 5.71285e-19 0 5.75109e-19 0 5.78934e-19 0 5.82576e-19 0 5.86218e-19 0 5.89678e-19 0 5.93139e-19 0 5.96417e-19 0 5.99695e-19 0 6.02791e-19 0 6.05887e-19 0 6.08983e-19 0 6.12079e-19 0 6.14993e-19 0 6.17725e-19 0 6.20457e-19 0 6.23371e-19 0 6.25921e-19 0 6.28653e-19 0 6.31385e-19 0 6.33935e-19 0 6.36485e-19 0 6.38853e-19 0 6.41221e-19 0 6.4377e-19 0 6.46138e-19 0 6.48506e-19 0 6.50692e-19 0 6.52878e-19 0 6.55245e-19 0 6.57431e-19 0 6.59617e-19 0 6.61621e-19 0
3702.84 2.67965e-17 2.67965e-17 2.37168e-27 8.85072e-11 1.23815e-08 3.34728e-20 2.11241e-20 5.89784e-20 5.18489e-20 9.90609e-20 9.58456e-20 1.39061e-19 1.37326e-19 1.6033e-19 0 1.74032e-19 0 1.84381e-19 0 1.92852e-19 0 2.21375e-19 0 2.53823e-19 0 2.74837e-19 0 2.90736e-19 0 3.03673e-19 0 3.14725e-19 0 3.24295e-19 0 3.32787e-19 0 3.40471e-19 0 3.47482e-19 0 3.54088e-19 0 3.6002e-19 0 3.65683e-19 0 3.70942e-19 0 3.75931e-19 0 3.80651e-19 0 3.85236e-19 0 3.89416e-19 0 3.93596e-19 0 3.97507e-19 0 4.01283e-19 0 4.0479e-19 0 4.08296e-19 0 4.11668e-19 0 4.15039e-19 0 4.18141e-19 0 4.21243e-19 0 4.24211e-19 0 4.27043e-19 0 4.29875e-19 0 4.32573e-19 0 4.35271e-19 0 4.37833e-19 0 4.40396e-19 0 4.42824e-19 0 4.45252e-19 0 4.47545e-19 0 4.49838e-19 0 4.52131e-19 0 4.54424e-19 0 4.56582e-19 0 4.58606e-19 0 4.60629e-19 0 4.62787e-19 0 4.64676e-19 0 4.66699e-19 0 4.68722e-19 0 4.70611e-19 0 4.72499e-19 0 4.74253e-19 0 4.76007e-19 0 4.77895e-19 0 4.79649e-19 0 4.81403e-19 0 4.83021e-19 0 4.8464e-19 0 4.86394e-19 0 4.88013e-19 0 4.89632e-19 0 4.91115e-19 0
3892.91 2.42437e-17 2.42437e-17 2.14575e-27 8.85072e-11 1.1202e-08 2.53906e-20 1.61411e-20 4.43531e-20 3.90501e-20 7.40884e-20 7.17031e-20 1.03737e-19 1.0245e-19 1.19497e-19 0 1.29649e-19 0 1.37316e-19 0 1.43592e-19 0 1.64722e-19 0 1.88758e-19 0 2.04323e-19 0 2.161e-19 0 2.25682e-19 0 2.33868e-19 0 2.40956e-19 0 2.47246e-19 0 2.52938e-19 0 2.5813e-19 0 2.63023e-19 0 2.67417e-19 0 2.71611e-19 0 2.75506e-19 0 2.79201e-19 0 2.82697e-19 0 2.86092e-19 0 2.89189e-19 0 2.92285e-19 0 2.95181e-19 0 2.97978e-19 0 3.00575e-19 0 3.03172e-19 0 3.05669e-19 0 3.08166e-19 0 3.10464e-19 0 3.12761e-19 0 3.14959e-19 0 3.17057e-19 0 3.19154e-19 0 3.21152e-19 0 3.2315e-19 0 3.25048e-19 0 3.26946e-19 0 3.28744e-19 0 3.30542e-19 0 3.32241e-19 0 3.33939e-19 0 3.35637e-19 0 3.37336e-19 0 3.38934e-19 0 3.40433e-19 0 3.41931e-19 0 3.4353e-19 0 3.44928e-19 0 3.46427e-19 0 3.47925e-19 0 3.49324e-19 0 3.50723e-19 0 3.52022e-19 0 3.5332e-19 0 3.54719e-19 0 3.56018e-19 0 3.57317e-19 0 3.58516e-19 0 3.59714e-19 0 3.61013e-19 0 3.62212e-19 0 3.63411e-19 0 3.6451e-19 0
4092.73 2.19342e-17 2.19342e-17 1.94133e-27 8.85072e-11 1.01349e-08 1.92347e-20 1.23139e-20 3.33274e-20 2.93846e-20 5.53829e-20 5.36136e-20 7.73564e-20 7.6403e-20 8.90338e-20 0 9.65551e-20 0 1.02236e-19 0 1.06885e-19 0 1.22537e-19 0 1.40342e-19 0 1.51871e-19 0 1.60594e-19 0 1.67691e-19 0 1.73754e-19 0 1.79004e-19 0 1.83663e-19 0 1.87878e-19 0 1.91724e-19 0 1.95348e-19 0 1.98602e-19 0 2.01709e-19 0 2.04593e-19 0 2.0733e-19 0 2.09919e-19 0 2.12434e-19 0 2.14727e-19 0 2.1702e-19 0 2.19166e-19 0 2.21237e-19 0 2.2316e-19 0 2.25084e-19 0 2.26933e-19 0 2.28783e-19 0 2.30484e-19 0 2.32186e-19 0 2.33813e-19 0 2.35367e-19 0 2.36921e-19 0 2.384e-19 0 2.3988e-19 0 2.41286e-19 0 2.42691e-19 0 2.44023e-19 0 2.45355e-19 0 2.46613e-19 0 2.47871e-19 0 2.49128e-19 0 2.50386e-19 0 2.5157e-19 0 2.5268e-19 0 2.5379e-19 0 2.54973e-19 0 2.56009e-19 0 2.57119e-19 0 2.58229e-19 0 2.59265e-19 0 2.60301e-19 0 2.61263e-19 0 2.62225e-19 0 2.63261e-19 0 2.64222e-19 0 2.65184e-19 0 2.66072e-19 0 2.6696e-19 0 2.67922e-19 0 2.6881e-19 0 2.69698e-19 0 2.70512e-19 0
4302.81 1.98446e-17 1.98446e-17 1.75639e-27 8.85072e-11 9.16937e-09 1.45535e-20 9.38002e-21 2.50236e-20 2.20931e-20 4.13803e-20 4.00683e-20 5.76647e-20 5.69581e-20 6.63167e-20 0 7.18889e-20 0 7.60971e-20 0 7.95412e-20 0 9.1136e-20 0 1.04324e-19 0 1.12864e-19 0 1.19325e-19 0 1.24581e-19 0 1.29072e-19 0 1.3296e-19 0 1.36411e-19 0 1.39533e-19 0 1.42381e-19 0 1.45065e-19 0 1.47476e-19 0 1.49776e-19 0 1.51913e-19 0 1.5394e-19 0 1.55857e-19 0 1.5772e-19 0 1.59418e-19 0 1.61117e-19 0 1.62706e-19 0 1.6424e-19 0 1.65664e-19 0 1.67089e-19 0 1.68459e-19 0 1.69828e-19 0 1.71088e-19 0 1.72349e-19 0 1.73554e-19 0 1.74705e-19 0 1.75855e-19 0 1.76951e-19 0 1.78047e-19 0 1.79088e-19 0 1.80129e-19 0 1.81116e-19 0 1.82102e-19 0 1.83034e-19 0 1.83965e-19 0 1.84897e-19 0 1.85828e-19 0 1.86705e-19 0 1.87527e-19 0 1.88349e-19 0 1.89226e-19 0 1.89993e-19 0 1.90815e-19 0 1.91637e-19 0 1.92404e-19 0 1.93171e-19 0 1.93883e-19 0 1.94596e-19 0 1.95363e-19 0 1.96075e-19 0 1.96788e-19 0 1.97445e-19 0 1.98103e-19 0 1.98815e-19 0 1.99473e-19 0 2.00131e-19 0 2.00734e-19 0
4523.68 1.79541e-17 1.79541e-17 1.58907e-27 8.85072e-11 8.29585e-09 1.09988e-20 7.13484e-21 1.87751e-20 1.65978e-20 3.09039e-20 2.9931e-20 4.29713e-20 4.24476e-20 4.93813e-20 0 5.35093e-20 0 5.66268e-20 0 5.91781e-20 0 6.77668e-20 0 7.75353e-20 0 8.38605e-20 0 8.86457e-20 0 9.25392e-20 0 9.58652e-20 0 9.87452e-20 0 1.01301e-19 0 1.03613e-19 0 1.05723e-19 0 1.07711e-19 0 1.09496e-19 0 1.112e-19 0 1.12782e-19 0 1.14283e-19 0 1.15703e-19 0 1.17083e-19 0 1.18341e-19 0 1.19599e-19 0 1.20775e-19 0 1.21911e-19 0 1.22966e-19 0 1.24022e-19 0 1.25036e-19 0 1.2605e-19 0 1.26984e-19 0 1.27917e-19 0 1.2881e-19 0 1.29662e-19 0 1.30514e-19 0 1.31326e-19 0 1.32137e-19 0 1.32909e-19 0 1.3368e-19 0 1.3441e-19 0 1.35141e-19 0 1.3583e-19 0 1.3652e-19 0 1.3721e-19 0 1.379e-19 0 1.38549e-19 0 1.39158e-19 0 1.39767e-19 0 1.40416e-19 0 1.40984e-19 0 1.41593e-19 0 1.42202e-19 0 1.4277e-19 0 1.43338e-19 0 1.43866e-19 0 1.44394e-19 0 1.44962e-19 0 1.45489e-19 0 1.46017e-19 0 1.46504e-19 0 1.46991e-19 0 1.47519e-19 0 1.48006e-19 0 1.48493e-19 0 1.48939e-19 0
4755.88 1.62438e-17 1.62438e-17 1.43769e-27 8.85072e-11 7.50556e-09 8.30335e-21 5.41967e-21 1.40773e-20 1.24602e-20 2.307e-20 2.23486e-20 3.20119e-20 3.16238e-20 3.67607e-20 0 3.98188e-20 0 4.21281e-20 0 4.4018e-20 0 5.03799e-20 0 5.76154e-20 0 6.23002e-20 0 6.58445e-20 0 6.87282e-20 0 7.11916e-20 0 7.33246e-20 0 7.52174e-20 0 7.69299e-20 0 7.84924e-20 0 7.99647e-20 0 8.12868e-20 0 8.25488e-20 0 8.37207e-20 0 8.48326e-20 0 8.58843e-20 0 8.6906e-20 0 8.78376e-20 0 8.87692e-20 0 8.96407e-20 0 9.04822e-20 0 9.12635e-20 0 9.20449e-20 0 9.27962e-20 0 9.35476e-20 0 9.42388e-20 0 9.493e-20 0 9.55912e-20 0 9.62224e-20 0 9.68535e-20 0 9.74546e-20 0 9.80557e-20 0 9.86267e-20 0 9.91978e-20 0 9.97388e-20 0 1.0028e-19 0 1.00791e-19 0 1.01302e-19 0 1.01813e-19 0 1.02324e-19 0 1.02804e-19 0 1.03255e-19 0 1.03706e-19 0 1.04187e-19 0 1.04608e-19 0 1.05059e-19 0 1.0551e-19 0 1.0593e-19 0 1.06351e-19 0 1.06742e-19 0 1.07133e-19 0 1.07553e-19 0 1.07944e-19 0 1.08335e-19 0 1.08696e-19 0 1.09056e-19 0 1.09447e-19 0 1.09808e-19 0 1.10168e-19 0 1.10499e-19 0
5000 1.46963e-17 1.46963e-17 1.30073e-27 8.85072e-11 6.79054e-09 6.26199e-21 4.11146e-21 1.05482e-20 9.34736e-21 1.72148e-20 1.66801e-20 2.38403e-20 2.35528e-20 2.73584e-20 0 2.96237e-20 0 3.13344e-20 0 3.27343e-20 0 3.74466e-20 0 4.28058e-20 0 4.62757e-20 0 4.89007e-20 0 5.10365e-20 0 5.28609e-20 0 5.44407e-20 0 5.58426e-20 0 5.71109e-20 0 5.82681e-20 0 5.93585e-20 0 6.03377e-20 0 6.12724e-20 0 6.21403e-20 0 6.29638e-20 0 6.37427e-20 0 6.44994e-20 0 6.51894e-20 0 6.58793e-20 0 6.65247e-20 0 6.71479e-20 0 6.77266e-20 0 6.83053e-20 0 6.88617e-20 0 6.94182e-20 0 6.99301e-20 0 7.0442e-20 0 7.09317e-20 0 7.13991e-20 0 7.18666e-20 0 7.23117e-20 0 7.27569e-20 0 7.31798e-20 0 7.36028e-20 0 7.40034e-20 0 7.44041e-20 0 7.47825e-20 0 7.51609e-20 0 7.55393e-20 0 7.59177e-20 0 7.62739e-20 0 7.66078e-20 0 7.69417e-20 0 7.72978e-20 0 7.76094e-20 0 7.79433e-20 0 7.82772e-20 0 7.85889e-20 0 7.89005e-20 0 7.91899e-20 0 7.94793e-20 0 7.97909e-20 0 8.00803e-20 0 8.03697e-20 0 8.06368e-20 0 8.0904e-20 0 8.11933e-20 0 8.14605e-20 0 8.17276e-20 0 8.19725e-20 0
