# 2.5119e-06 1 74 : grain size, compostion index, size index
# Heating and cooling timescale: 3.40808 72824.7
# Ratio of heating to cooling to determine stochastic cutoff: 100
# Equilibrium emission is recorded even for those grains in the stochastic regime.
# Emission spectrum was computed for: 
# Type: ISRF
# Scales: 0.0001 0.001 0.01 0.05 0.1 0.15 0.2 0.25 0.5 1 1.5 2 2.5 3 3.5 4 4.5 5 5.5 6 6.5 7 7.5 8 8.5 9 9.5 10 10.5 11 11.5 12 12.5 13 13.5 14 14.5 15 15.5 16 16.5 17 17.5 18 18.5 19 19.5 20 20.5 21 21.5 22 22.5 23 23.5 24 24.5 25 25.5 26 26.5 27 27.5 28 28.5 29 29.5 30
# StochasticallyHeated: 0 0 0 0 0 0 0 0 0 0 0 0 0 0 0 0 0 0 0 0 0 0 0 0 0 0 0 0 0 0 0 0 0 0 0 0 0 0 0 0 0 0 0 0 0 0 0 0 0 0 0 0 0 0 0 0 0 0 0 0 0 0 0 0 0 0 0 0
# Temperature: -1
# Wavelength  CExt  CAbs  CSca  Albedo G EqEm1 StEm1 EqEm2 StEm2 EqEm3 StEm3 EqEm4 StEm4 EqEm5 StEm5 EqEm6 StEm6 EqEm7 StEm7 EqEm8 StEm8 EqEm9 StEm9 EqEm10 StEm10 EqEm11 StEm11 EqEm12 StEm12 EqEm13 StEm13 EqEm14 StEm14 EqEm15 StEm15 EqEm16 StEm16 EqEm17 StEm17 EqEm18 StEm18 EqEm19 StEm19 EqEm20 StEm20 EqEm21 StEm21 EqEm22 StEm22 EqEm23 StEm23 EqEm24 StEm24 EqEm25 StEm25 EqEm26 StEm26 EqEm27 StEm27 EqEm28 StEm28 EqEm29 StEm29 EqEm30 StEm30 EqEm31 StEm31 EqEm32 StEm32 EqEm33 StEm33 EqEm34 StEm34 EqEm35 StEm35 EqEm36 StEm36 EqEm37 StEm37 EqEm38 StEm38 EqEm39 StEm39 EqEm40 StEm40 EqEm41 StEm41 EqEm42 StEm42 EqEm43 StEm43 EqEm44 StEm44 EqEm45 StEm45 EqEm46 StEm46 EqEm47 StEm47 EqEm48 StEm48 EqEm49 StEm49 EqEm50 StEm50 EqEm51 StEm51 EqEm52 StEm52 EqEm53 StEm53 EqEm54 StEm54 EqEm55 StEm55 EqEm56 StEm56 EqEm57 StEm57 EqEm58 StEm58 EqEm59 StEm59 EqEm60 StEm60 EqEm61 StEm61 EqEm62 StEm62 EqEm63 StEm63 EqEm64 StEm64 EqEm65 StEm65 EqEm66 StEm66 EqEm67 StEm67 EqEm68 StEm68
0.05 1.13665e-11 7.55102e-12 3.8155e-12 0.335679 0.128026 0 0 0 0 0 0 0 0 0 0 0 0 0 0 0 0 0 0 0 0 0 0 0 0 0 0 0 0 0 0 0 0 0 0 0 0 0 0 0 0 0 0 0 0 0 0 0 0 0 0 0 0 0 0 0 0 0 0 0 0 0 0 0 0 0 0 0 0 0 0 0 0 0 0 0 0 0 0 0 0 0 0 0 0 0 0 0 0 0 0 0 0 0 0 0 0 0 0 0 0 0 0 0 0 0 0 0 0 0 0 0 0 0 0 0 0 0 0 0 0 0 0 0 0 0 0 0 0 0 0 0 0 0 0 0 0
0.0525665 1.25634e-11 8.3461e-12 4.21725e-12 0.335679 0.141507 0 0 0 0 0 0 0 0 0 0 0 0 0 0 0 0 0 0 0 0 0 0 0 0 0 0 0 0 0 0 0 0 0 0 0 0 0 0 0 0 0 0 0 0 0 0 0 0 0 0 0 0 0 0 0 0 0 0 0 0 0 0 0 0 0 0 0 0 0 0 0 0 0 0 0 0 0 0 0 0 0 0 0 0 0 0 0 0 0 0 0 0 0 0 0 0 0 0 0 0 0 0 0 0 0 0 0 0 0 0 0 0 0 0 0 0 0 0 0 0 0 0 0 0 0 0 0 0 0 0 0 0 0 0 0 0
0.0552647 1.38862e-11 9.22491e-12 4.66131e-12 0.335679 0.156407 0 0 0 0 0 0 0 0 0 0 0 0 0 0 0 0 0 0 0 0 0 0 0 0 0 0 0 0 0 0 0 0 0 0 0 0 0 0 0 0 0 0 0 0 0 0 0 0 0 0 0 0 0 0 0 0 0 0 0 0 0 0 0 0 0 0 0 0 0 0 0 0 0 0 0 0 0 0 0 0 0 0 0 0 0 0 0 0 0 0 0 0 0 0 0 0 0 0 0 0 0 0 0 0 0 0 0 0 0 0 0 0 0 0 0 0 0 0 0 0 0 0 0 0 0 0 0 0 0 0 0 0 0 0 0 0
0.0581015 1.53484e-11 1.01962e-11 5.15212e-12 0.335679 0.172876 0 0 0 0 0 0 0 0 0 0 0 0 0 0 0 0 0 0 0 0 0 0 0 0 0 0 0 0 0 0 0 0 0 0 0 0 0 0 0 0 0 0 0 0 0 0 0 0 0 0 0 0 0 0 0 0 0 0 0 0 0 0 0 0 0 0 0 0 0 0 0 0 0 0 0 0 0 0 0 0 0 0 0 0 0 0 0 0 0 0 0 0 0 0 0 0 0 0 0 0 0 0 0 0 0 0 0 0 0 0 0 0 0 0 0 0 0 0 0 0 0 0 0 0 0 0 0 0 0 0 0 0 0 0 0 0
0.0610839 1.69645e-11 1.12699e-11 5.69462e-12 0.335679 0.191079 0 0 0 0 0 0 0 0 0 0 0 0 0 0 0 0 0 0 0 0 0 0 0 0 0 0 0 0 0 0 0 0 0 0 0 0 0 0 0 0 0 0 0 0 0 0 0 0 0 0 0 0 0 0 0 0 0 0 0 0 0 0 0 0 0 0 0 0 0 0 0 0 0 0 0 0 0 0 0 0 0 0 0 0 0 0 0 0 0 0 0 0 0 0 0 0 0 0 0 0 0 0 0 0 0 0 0 0 0 0 0 0 0 0 0 0 0 0 0 0 0 0 0 0 0 0 0 0 0 0 0 0 0 0 0 0
0.0642193 1.87507e-11 1.24565e-11 6.29423e-12 0.335679 0.211199 0 0 0 0 0 0 0 0 0 0 0 0 0 0 0 0 0 0 0 0 0 0 0 0 0 0 0 0 0 0 0 0 0 0 0 0 0 0 0 0 0 0 0 0 0 0 0 0 0 0 0 0 0 0 0 0 0 0 0 0 0 0 0 0 0 0 0 0 0 0 0 0 0 0 0 0 0 0 0 0 0 0 0 0 0 0 0 0 0 0 0 0 0 0 0 0 0 0 0 0 0 0 0 0 0 0 0 0 0 0 0 0 0 0 0 0 0 0 0 0 0 0 0 0 0 0 0 0 0 0 0 0 0 0 0 0
0.0675157 2.07251e-11 1.37681e-11 6.95698e-12 0.335679 0.233437 0 0 0 0 0 0 0 0 0 0 0 0 0 0 0 0 0 0 0 0 0 0 0 0 0 0 0 0 0 0 0 0 0 0 0 0 0 0 0 0 0 0 0 0 0 0 0 0 0 0 0 0 0 0 0 0 0 0 0 0 0 0 0 0 0 0 0 0 0 0 0 0 0 0 0 0 0 0 0 0 0 0 0 0 0 0 0 0 0 0 0 0 0 0 0 0 0 0 0 0 0 0 0 0 0 0 0 0 0 0 0 0 0 0 0 0 0 0 0 0 0 0 0 0 0 0 0 0 0 0 0 0 0 0 0 0
0.0709813 2.29074e-11 1.52178e-11 7.68952e-12 0.335679 0.258017 0 0 0 0 0 0 0 0 0 0 0 0 0 0 0 0 0 0 0 0 0 0 0 0 0 0 0 0 0 0 0 0 0 0 0 0 0 0 0 0 0 0 0 0 0 0 0 0 0 0 0 0 0 0 0 0 0 0 0 0 0 0 0 0 0 0 0 0 0 0 0 0 0 0 0 0 0 0 0 0 0 0 0 0 0 0 0 0 0 0 0 0 0 0 0 0 0 0 0 0 0 0 0 0 0 0 0 0 0 0 0 0 0 0 0 0 0 0 0 0 0 0 0 0 0 0 0 0 0 0 0 0 0 0 0 0
0.0746248 2.53194e-11 1.68202e-11 8.49919e-12 0.335679 0.285184 0 0 0 0 0 0 0 0 0 0 0 0 0 0 0 0 0 0 0 0 0 0 0 0 0 0 0 0 0 0 0 0 0 0 0 0 0 0 0 0 0 0 0 0 0 0 0 0 0 0 0 0 0 0 0 0 0 0 0 0 0 0 0 0 0 0 0 0 0 0 0 0 0 0 0 0 0 0 0 0 0 0 0 0 0 0 0 0 0 0 0 0 0 0 0 0 0 0 0 0 0 0 0 0 0 0 0 0 0 0 0 0 0 0 0 0 0 0 0 0 0 0 0 0 0 0 0 0 0 0 0 0 0 0 0 0
0.0784553 2.79854e-11 1.85913e-11 9.39411e-12 0.335679 0.315213 0 0 0 0 0 0 0 0 0 0 0 0 0 0 0 0 0 0 0 0 0 0 0 0 0 0 0 0 0 0 0 0 0 0 0 0 0 0 0 0 0 0 0 0 0 0 0 0 0 0 0 0 0 0 0 0 0 0 0 0 0 0 0 0 0 0 0 0 0 0 0 0 0 0 0 0 0 0 0 0 0 0 0 0 0 0 0 0 0 0 0 0 0 0 0 0 0 0 0 0 0 0 0 0 0 0 0 0 0 0 0 0 0 0 0 0 0 0 0 0 0 0 0 0 0 0 0 0 0 0 0 0 0 0 0 0
0.0824824 3.09321e-11 2.05489e-11 1.03833e-11 0.335679 0.348403 0 0 0 0 0 0 0 0 0 0 0 0 0 0 0 0 0 0 0 0 0 0 0 0 0 0 0 0 0 0 0 0 0 0 0 0 0 0 0 0 0 0 0 0 0 0 0 0 0 0 0 0 0 0 0 0 0 0 0 0 0 0 0 0 0 0 0 0 0 0 0 0 0 0 0 0 0 0 0 0 0 0 0 0 0 0 0 0 0 0 0 0 0 0 0 0 0 0 0 0 0 0 0 0 0 0 0 0 0 0 0 0 0 0 0 0 0 0 0 0 0 0 0 0 0 0 0 0 0 0 0 0 0 0 0 0
0.0867162 3.41892e-11 2.27126e-11 1.14766e-11 0.335679 0.385089 0 0 0 0 0 0 0 0 0 0 0 0 0 0 0 0 0 0 0 0 0 0 0 0 0 0 0 0 0 0 0 0 0 0 0 0 0 0 0 0 0 0 0 0 0 0 0 0 0 0 0 0 0 0 0 0 0 0 0 0 0 0 0 0 0 0 0 0 0 0 0 0 0 0 0 0 0 0 0 0 0 0 0 0 0 0 0 0 0 0 0 0 0 0 0 0 0 0 0 0 0 0 0 0 0 0 0 0 0 0 0 0 0 0 0 0 0 0 0 0 0 0 0 0 0 0 0 0 0 0 0 0 0 0 0 0
0.0911674 3.77891e-11 2.51041e-11 1.2685e-11 0.335679 0.425637 0 0 0 0 0 0 0 0 0 0 0 0 0 0 0 0 0 0 0 0 0 0 0 0 0 0 0 0 0 0 0 0 0 0 0 0 0 0 0 0 0 0 0 0 0 0 0 0 0 0 0 0 0 0 0 0 0 0 0 0 0 0 0 0 0 0 0 0 0 0 0 0 0 0 0 0 0 0 0 0 0 0 0 0 0 0 0 0 0 0 0 0 0 0 0 0 0 0 0 0 0 0 0 0 0 0 0 0 0 0 0 0 0 0 0 0 0 0 0 0 0 0 0 0 0 0 0 0 0 0 0 0 0 0 0 0
0.095847 4.17681e-11 2.77474e-11 1.40207e-11 0.335679 0.470454 0 0 0 0 0 0 0 0 0 0 0 0 0 0 0 0 0 0 0 0 0 0 0 0 0 0 0 0 0 0 0 0 0 0 0 0 0 0 0 0 0 0 0 0 0 0 0 0 0 0 0 0 0 0 0 0 0 0 0 0 0 0 0 0 0 0 0 0 0 0 0 0 0 0 0 0 0 0 0 0 0 0 0 0 0 0 0 0 0 0 0 0 0 0 0 0 0 0 0 0 0 0 0 0 0 0 0 0 0 0 0 0 0 0 0 0 0 0 0 0 0 0 0 0 0 0 0 0 0 0 0 0 0 0 0 0
0.100767 4.55028e-11 3.02113e-11 1.52916e-11 0.336058 0.507101 0 0 0 0 0 0 0 0 0 0 0 0 0 0 0 0 0 0 0 0 0 0 0 0 0 0 0 0 0 0 0 0 0 0 0 0 0 0 0 0 0 0 0 0 0 0 0 0 0 0 0 0 0 0 0 0 0 0 0 0 0 0 0 0 0 0 0 0 0 0 0 0 0 0 0 0 0 0 0 0 0 0 0 0 0 0 0 0 0 0 0 0 0 0 0 0 0 0 0 0 0 0 0 0 0 0 0 0 0 0 0 0 0 0 0 0 0 0 0 0 0 0 0 0 0 0 0 0 0 0 0 0 0 0 0 0
0.105939 4.57783e-11 3.0225e-11 1.55533e-11 0.339753 0.476411 0 0 0 0 0 0 0 0 0 0 0 0 0 0 0 0 0 0 0 0 0 0 0 0 0 0 0 0 0 0 0 0 0 0 0 0 0 0 0 0 0 0 0 0 0 0 0 0 0 0 0 0 0 0 0 0 0 0 0 0 0 0 0 0 0 0 0 0 0 0 0 0 0 0 0 0 0 0 0 0 0 0 0 0 0 0 0 0 0 0 0 0 0 0 0 0 0 0 0 0 0 0 0 0 0 0 0 0 0 0 0 0 0 0 0 0 0 0 0 0 0 0 0 0 0 0 0 0 0 0 0 0 0 0 0 0
0.111377 4.59267e-11 3.00977e-11 1.58291e-11 0.344659 0.447699 0 0 0 0 0 0 0 0 0 0 0 0 0 0 0 0 0 0 0 0 0 0 0 0 0 0 0 0 0 0 0 0 0 0 0 0 0 0 0 0 0 0 0 0 0 0 0 0 0 0 0 0 0 0 0 0 0 0 0 0 0 0 0 0 0 0 0 0 0 0 0 0 0 0 0 0 0 0 0 0 0 0 0 0 0 0 0 0 0 0 0 0 0 0 0 0 0 0 0 0 0 0 0 0 0 0 0 0 0 0 0 0 0 0 0 0 0 0 0 0 0 0 0 0 0 0 0 0 0 0 0 0 0 0 0 0
0.117094 4.59836e-11 2.98391e-11 1.61445e-11 0.351092 0.421121 0 0 0 0 0 0 0 0 0 0 0 0 0 0 0 0 0 0 0 0 0 0 0 0 0 0 0 0 0 0 0 0 0 0 0 0 0 0 0 0 0 0 0 0 0 0 0 0 0 0 0 0 0 0 0 0 0 0 0 0 0 0 0 0 0 0 0 0 0 0 0 0 0 0 0 0 0 0 0 0 0 0 0 0 0 0 0 0 0 0 0 0 0 0 0 0 0 0 0 0 0 0 0 0 0 0 0 0 0 0 0 0 0 0 0 0 0 0 0 0 0 0 0 0 0 0 0 0 0 0 0 0 0 0 0 0
0.123105 4.56018e-11 2.92268e-11 1.6375e-11 0.359086 0.397173 0 0 0 0 0 0 0 0 0 0 0 0 0 0 0 0 0 0 0 0 0 0 0 0 0 0 0 0 0 0 0 0 0 0 0 0 0 0 0 0 0 0 0 0 0 0 0 0 0 0 0 0 0 0 0 0 0 0 0 0 0 0 0 0 0 0 0 0 0 0 0 0 0 0 0 0 0 0 0 0 0 0 0 0 0 0 0 0 0 0 0 0 0 0 0 0 0 0 0 0 0 0 0 0 0 0 0 0 0 0 0 0 0 0 0 0 0 0 0 0 0 0 0 0 0 0 0 0 0 0 0 0 0 0 0 0
0.129424 4.43201e-11 2.80638e-11 1.62563e-11 0.366792 0.375397 0 0 0 0 0 0 0 0 0 0 0 0 0 0 0 0 0 0 0 0 0 0 0 0 0 0 0 0 0 0 0 0 0 0 0 0 0 0 0 0 0 0 0 0 0 0 0 0 0 0 0 0 0 0 0 0 0 0 0 0 0 0 0 0 0 0 0 0 0 0 0 0 0 0 0 0 0 0 0 0 0 0 0 0 0 0 0 0 0 0 0 0 0 0 0 0 0 0 0 0 0 0 0 0 0 0 0 0 0 0 0 0 0 0 0 0 0 0 0 0 0 0 0 0 0 0 0 0 0 0 0 0 0 0 0 0
0.136067 4.25679e-11 2.63824e-11 1.61855e-11 0.380229 0.355528 0 0 0 0 0 0 0 0 0 0 0 0 0 0 0 0 0 0 0 0 0 0 0 0 0 0 0 0 0 0 0 0 0 0 0 0 0 0 0 0 0 0 0 0 0 0 0 0 0 0 0 0 0 0 0 0 0 0 0 0 0 0 0 0 0 0 0 0 0 0 0 0 0 0 0 0 0 0 0 0 0 0 0 0 0 0 0 0 0 0 0 0 0 0 0 0 0 0 0 0 0 0 0 0 0 0 0 0 0 0 0 0 0 0 0 0 0 0 0 0 0 0 0 0 0 0 0 0 0 0 0 0 0 0 0 0
0.143051 3.88097e-11 2.31157e-11 1.5694e-11 0.404383 0.340526 0 0 0 0 0 0 0 0 0 0 0 0 0 0 0 0 0 0 0 0 0 0 0 0 0 0 0 0 0 0 0 0 0 0 0 0 0 0 0 0 0 0 0 0 0 0 0 0 0 0 0 0 0 0 0 0 0 0 0 0 0 0 0 0 0 0 0 0 0 0 0 0 0 0 0 0 0 0 0 0 0 0 0 0 0 0 0 0 0 0 0 0 0 0 0 0 0 0 0 0 0 0 0 0 0 0 0 0 0 0 0 0 0 0 0 0 0 0 0 0 0 0 0 0 0 0 0 0 0 0 0 0 0 0 0 0
0.150394 3.21262e-11 1.78874e-11 1.42389e-11 0.443216 0.335407 0 0 0 0 0 0 0 0 0 0 0 0 0 0 0 0 0 0 0 0 0 0 0 0 0 0 0 0 0 0 0 0 0 0 0 0 0 0 0 0 0 0 0 0 0 0 0 0 0 0 0 0 0 0 0 0 0 0 0 0 0 0 0 0 0 0 0 0 0 0 0 0 0 0 0 0 0 0 0 0 0 0 0 0 0 0 0 0 0 0 0 0 0 0 0 0 0 0 0 0 0 0 0 0 0 0 0 0 0 0 0 0 0 0 0 0 0 0 0 0 0 0 0 0 0 0 0 0 0 0 0 0 0 0 0 0
0.158114 2.38952e-11 1.2062e-11 1.18332e-11 0.495212 0.310779 0 0 0 0 0 0 0 0 0 0 0 0 0 0 0 0 0 0 0 0 0 0 0 0 0 0 0 0 0 0 0 0 0 0 0 0 0 0 0 0 0 0 0 0 0 0 0 0 0 0 0 0 0 0 0 0 0 0 0 0 0 0 0 0 0 0 0 0 0 0 0 0 0 0 0 0 0 0 0 0 0 0 0 0 0 0 0 0 0 0 0 0 0 0 0 0 0 0 0 0 0 0 0 0 0 0 0 0 0 0 0 0 0 0 0 0 0 0 0 0 0 0 0 0 0 0 0 0 0 0 0 0 0 0 0 0
0.16623 1.67656e-11 7.59426e-12 9.17131e-12 0.547032 0.266613 0 0 0 0 0 0 0 0 0 0 0 0 0 0 0 0 0 0 0 0 0 0 0 0 0 0 0 0 0 0 0 0 0 0 0 0 0 0 0 0 0 0 0 0 0 0 0 0 0 0 0 0 0 0 0 0 0 0 0 0 0 0 0 0 0 0 0 0 0 0 0 0 0 0 0 0 0 0 0 0 0 0 0 0 0 0 0 0 0 0 0 0 0 0 0 0 0 0 0 0 0 0 0 0 0 0 0 0 0 0 0 0 0 0 0 0 0 0 0 0 0 0 0 0 0 0 0 0 0 0 0 0 0 0 0 0
0.174762 1.20569e-11 5.1327e-12 6.92422e-12 0.574294 0.224775 0 0 0 0 0 0 0 0 0 0 0 0 0 0 0 0 0 0 0 0 0 0 0 0 0 0 0 0 0 0 0 0 0 0 0 0 0 0 0 0 0 0 0 0 0 0 0 0 0 0 0 0 0 0 0 0 0 0 0 0 0 0 0 0 0 0 0 0 0 0 0 0 0 0 0 0 0 0 0 0 0 0 0 0 0 0 0 0 0 0 0 0 0 0 0 0 0 0 0 0 0 0 0 0 0 0 0 0 0 0 0 0 0 0 0 0 0 0 0 0 0 0 0 0 0 0 0 0 0 0 0 0 0 0 0 0
0.183733 8.65862e-12 3.47703e-12 5.18159e-12 0.598432 0.191246 0 0 0 0 0 0 0 0 0 0 0 0 0 0 0 0 0 0 0 0 0 0 0 0 0 0 0 0 0 0 0 0 0 0 0 0 0 0 0 0 0 0 0 0 0 0 0 0 0 0 0 0 0 0 0 0 0 0 0 0 0 0 0 0 0 0 0 0 0 0 0 0 0 0 0 0 0 0 0 0 0 0 0 0 0 0 0 0 0 0 0 0 0 0 0 0 0 0 0 0 0 0 0 0 0 0 0 0 0 0 0 0 0 0 0 0 0 0 0 0 0 0 0 0 0 0 0 0 0 0 0 0 0 0 0 0
0.193164 6.39387e-12 2.51006e-12 3.88381e-12 0.607427 0.165166 0 0 0 0 0 0 0 0 0 0 0 0 0 0 0 0 0 0 0 0 0 0 0 0 0 0 0 0 0 0 0 0 0 0 0 0 0 0 0 0 0 0 0 0 0 0 0 0 0 0 0 0 0 0 0 0 0 0 0 0 0 0 0 0 0 0 0 0 0 0 0 0 0 0 0 0 0 0 0 0 0 0 0 0 0 0 0 0 0 0 0 0 0 0 0 0 0 0 0 0 0 0 0 0 0 0 0 0 0 0 0 0 0 0 0 0 0 0 0 0 0 0 0 0 0 0 0 0 0 0 0 0 0 0 0 0
0.203079 5.15647e-12 2.22192e-12 2.93455e-12 0.5691 0.144316 0 0 0 0 0 0 0 0 0 0 0 0 0 0 0 0 0 0 0 0 0 0 0 0 0 0 0 0 0 0 0 0 0 0 0 0 0 0 0 0 0 0 0 0 0 0 0 0 0 0 0 0 0 0 0 0 0 0 0 0 0 0 0 0 0 0 0 0 0 0 0 0 0 0 0 0 0 0 0 0 0 0 0 0 0 0 0 0 0 0 0 0 0 0 0 0 0 0 0 0 0 0 0 0 0 0 0 0 0 0 0 0 0 0 0 0 0 0 0 0 0 0 0 0 0 0 0 0 0 0 0 0 0 0 0 0
0.213503 4.3129e-12 2.05505e-12 2.25785e-12 0.523511 0.127126 0 0 0 0 0 0 0 0 0 0 0 0 0 0 0 0 0 0 0 0 0 0 0 0 0 0 0 0 0 0 0 0 0 0 0 0 0 0 0 0 0 0 0 0 0 0 0 0 0 0 0 0 0 0 0 0 0 0 0 0 0 0 0 0 0 0 0 0 0 0 0 0 0 0 0 0 0 0 0 0 0 0 0 0 0 0 0 0 0 0 0 0 0 0 0 0 0 0 0 0 0 0 0 0 0 0 0 0 0 0 0 0 0 0 0 0 0 0 0 0 0 0 0 0 0 0 0 0 0 0 0 0 0 0 0 0
0.224463 3.65855e-12 1.88753e-12 1.77102e-12 0.484077 0.112776 0 0 0 0 0 0 0 0 0 0 0 0 0 0 0 0 0 0 0 0 0 0 0 0 0 0 0 0 0 0 0 0 0 0 0 0 0 0 0 0 0 0 0 0 0 0 0 0 0 0 0 0 0 0 0 0 0 0 0 0 0 0 0 0 0 0 0 0 0 0 0 0 0 0 0 0 0 0 0 0 0 0 0 0 0 0 0 0 0 0 0 0 0 0 0 0 0 0 0 0 0 0 0 0 0 0 0 0 0 0 0 0 0 0 0 0 0 0 0 0 0 0 0 0 0 0 0 0 0 0 0 0 0 0 0 0
0.235984 3.15475e-12 1.75676e-12 1.39799e-12 0.443138 0.100649 0 0 0 0 0 0 0 0 0 0 0 0 0 0 0 0 0 0 0 0 0 0 0 0 0 0 0 0 0 0 0 0 0 0 0 0 0 0 0 0 0 0 0 0 0 0 0 0 0 0 0 0 0 0 0 0 0 0 0 0 0 0 0 0 0 0 0 0 0 0 0 0 0 0 0 0 0 0 0 0 0 0 0 0 0 0 0 0 0 0 0 0 0 0 0 0 0 0 0 0 0 0 0 0 0 0 0 0 0 0 0 0 0 0 0 0 0 0 0 0 0 0 0 0 0 0 0 0 0 0 0 0 0 0 0 0
0.248097 2.75406e-12 1.64452e-12 1.10954e-12 0.402873 0.0901989 0 0 0 0 0 0 0 0 0 0 0 0 0 0 0 0 0 0 0 0 0 0 0 0 0 0 0 0 0 0 0 0 0 0 0 0 0 0 0 0 0 0 0 0 0 0 0 0 0 0 0 0 0 0 0 0 0 0 0 0 0 0 0 0 0 0 0 0 0 0 0 0 0 0 0 0 0 0 0 0 0 0 0 0 0 0 0 0 0 0 0 0 0 0 0 0 0 0 0 0 0 0 0 0 0 0 0 0 0 0 0 0 0 0 0 0 0 0 0 0 0 0 0 0 0 0 0 0 0 0 0 0 0 0 0 0
0.260832 2.43563e-12 1.54934e-12 8.86291e-13 0.363886 0.0810279 0 0 0 0 0 0 0 0 0 0 0 0 0 0 0 0 0 0 0 0 0 0 0 0 0 0 0 0 0 0 0 0 0 0 0 0 0 0 0 0 0 0 0 0 0 0 0 0 0 0 0 0 0 0 0 0 0 0 0 0 0 0 0 0 0 0 0 0 0 0 0 0 0 0 0 0 0 0 0 0 0 0 0 0 0 0 0 0 0 0 0 0 0 0 0 0 0 0 0 0 0 0 0 0 0 0 0 0 0 0 0 0 0 0 0 0 0 0 0 0 0 0 0 0 0 0 0 0 0 0 0 0 0 0 0 0
0.274221 2.1716e-12 1.46091e-12 7.10687e-13 0.327264 0.0729031 0 0 0 0 0 0 0 0 0 0 0 0 0 0 0 0 0 0 0 0 0 0 0 0 0 0 0 0 0 0 0 0 0 0 0 0 0 0 0 0 0 0 0 0 0 0 0 0 0 0 0 0 0 0 0 0 0 0 0 0 0 0 0 0 0 0 0 0 0 0 0 0 0 0 0 0 0 0 0 0 0 0 0 0 0 0 0 0 0 0 0 0 0 0 0 0 0 0 0 0 0 0 0 0 0 0 0 0 0 0 0 0 0 0 0 0 0 0 0 0 0 0 0 0 0 0 0 0 0 0 0 0 0 0 0 0
0.288297 1.94957e-12 1.37762e-12 5.71943e-13 0.293369 0.065688 0 0 0 0 0 0 0 0 0 0 0 0 0 0 0 0 0 0 0 0 0 0 0 0 0 0 0 0 0 0 0 0 0 0 0 0 0 0 0 0 0 0 0 0 0 0 0 0 0 0 0 0 0 0 0 0 0 0 0 0 0 0 0 0 0 0 0 0 0 0 0 0 0 0 0 0 0 0 0 0 0 0 0 0 0 0 0 0 0 0 0 0 0 0 0 0 0 0 0 0 0 0 0 0 0 0 0 0 0 0 0 0 0 0 0 0 0 0 0 0 0 0 0 0 0 0 0 0 0 0 0 0 0 0 0 0
0.303095 1.76055e-12 1.29917e-12 4.61386e-13 0.262069 0.059247 0 0 0 0 0 0 0 0 0 0 0 0 0 0 0 0 0 0 0 0 0 0 0 0 0 0 0 0 0 0 0 0 0 0 0 0 0 0 0 0 0 0 0 0 0 0 0 0 0 0 0 0 0 0 0 0 0 0 0 0 0 0 0 0 0 0 0 0 0 0 0 0 0 0 0 0 0 0 0 0 0 0 0 0 0 0 0 0 0 0 0 0 0 0 0 0 0 0 0 0 0 0 0 0 0 0 0 0 0 0 0 0 0 0 0 0 0 0 0 0 0 0 0 0 0 0 0 0 0 0 0 0 0 0 0 0
0.318653 1.59843e-12 1.22528e-12 3.73155e-13 0.233451 0.0534705 0 0 0 0 0 0 0 0 0 0 0 0 0 0 0 0 0 0 0 0 0 0 0 0 0 0 0 0 0 0 0 0 0 0 0 0 0 0 0 0 0 0 0 0 0 0 0 0 0 0 0 0 0 0 0 0 0 0 0 0 0 0 0 0 0 0 0 0 0 0 0 0 0 0 0 0 0 0 0 0 0 0 0 0 0 0 0 0 0 0 0 0 0 0 0 0 0 0 0 0 0 0 0 0 0 0 0 0 0 0 0 0 0 0 0 0 0 0 0 0 0 0 0 0 0 0 0 0 0 0 0 0 0 0 0 0
0.335009 1.45816e-12 1.15576e-12 3.02396e-13 0.207383 0.0482833 0 0 0 0 0 0 0 0 0 0 0 0 0 0 0 0 0 0 0 0 0 0 0 0 0 0 0 0 0 0 0 0 0 0 0 0 0 0 0 0 0 0 0 0 0 0 0 0 0 0 0 0 0 0 0 0 0 0 0 0 0 0 0 0 0 0 0 0 0 0 0 0 0 0 0 0 0 0 0 0 0 0 0 0 0 0 0 0 0 0 0 0 0 0 0 0 0 0 0 0 0 0 0 0 0 0 0 0 0 0 0 0 0 0 0 0 0 0 0 0 0 0 0 0 0 0 0 0 0 0 0 0 0 0 0 0
0.352205 1.33603e-12 1.09058e-12 2.45449e-13 0.183715 0.0436202 0 0 0 0 0 0 0 0 0 0 0 0 0 0 0 0 0 0 0 0 0 0 0 0 0 0 0 0 0 0 0 0 0 0 0 0 0 0 0 0 0 0 0 0 0 0 0 0 0 0 0 0 0 0 0 0 0 0 0 0 0 0 0 0 0 0 0 0 0 0 0 0 0 0 0 0 0 0 0 0 0 0 0 0 0 0 0 0 0 0 0 0 0 0 0 0 0 0 0 0 0 0 0 0 0 0 0 0 0 0 0 0 0 0 0 0 0 0 0 0 0 0 0 0 0 0 0 0 0 0 0 0 0 0 0 0
0.370284 1.22894e-12 1.02933e-12 1.99614e-13 0.162428 0.0394222 0 0 0 0 0 0 0 0 0 0 0 0 0 0 0 0 0 0 0 0 0 0 0 0 0 0 0 0 0 0 0 0 0 0 0 0 0 0 0 0 0 0 0 0 0 0 0 0 0 0 0 0 0 0 0 0 0 0 0 0 0 0 0 0 0 0 0 0 0 0 0 0 0 0 0 0 0 0 0 0 0 0 0 0 0 0 0 0 0 0 0 0 0 0 0 0 0 0 0 0 0 0 0 0 0 0 0 0 0 0 0 0 0 0 0 0 0 0 0 0 0 0 0 0 0 0 0 0 0 0 0 0 0 0 0 0
0.389291 1.13434e-12 9.71873e-13 1.62468e-13 0.143227 0.0356391 0 0 0 0 0 0 0 0 0 0 0 0 0 0 0 0 0 0 0 0 0 0 0 0 0 0 0 0 0 0 0 0 0 0 0 0 0 0 0 0 0 0 0 0 0 0 0 0 0 0 0 0 0 0 0 0 0 0 0 0 0 0 0 0 0 0 0 0 0 0 0 0 0 0 0 0 0 0 0 0 0 0 0 0 0 0 0 0 0 0 0 0 0 0 0 0 0 0 0 0 0 0 0 0 0 0 0 0 0 0 0 0 0 0 0 0 0 0 0 0 0 0 0 0 0 0 0 0 0 0 0 0 0 0 0 0
0.409273 1.05031e-12 9.17887e-13 1.32425e-13 0.126082 0.032225 0 0 0 0 0 0 0 0 0 0 0 0 0 0 0 0 0 0 0 0 0 0 0 0 0 0 0 0 0 0 0 0 0 0 0 0 0 0 0 0 0 0 0 0 0 0 0 0 0 0 0 0 0 0 0 0 0 0 0 0 0 0 0 0 0 0 0 0 0 0 0 0 0 0 0 0 0 0 0 0 0 0 0 0 0 0 0 0 0 0 0 0 0 0 0 0 0 0 0 0 0 0 0 0 0 0 0 0 0 0 0 0 0 0 0 0 0 0 0 0 0 0 0 0 0 0 0 0 0 0 0 0 0 0 0 0
0.430281 9.75316e-13 8.673e-13 1.08016e-13 0.11075 0.0291408 0 0 0 0 0 0 0 0 0 0 0 0 0 0 0 0 0 0 0 0 0 0 0 0 0 0 0 0 0 0 0 0 0 0 0 0 0 0 0 0 0 0 0 0 0 0 0 0 0 0 0 0 0 0 0 0 0 0 0 0 0 0 0 0 0 0 0 0 0 0 0 0 0 0 0 0 0 0 0 0 0 0 0 0 0 0 0 0 0 0 0 0 0 0 0 0 0 0 0 0 0 0 0 0 0 0 0 0 0 0 0 0 0 0 0 0 0 0 0 0 0 0 0 0 0 0 0 0 0 0 0 0 0 0 0 0
0.452368 9.07944e-13 8.19773e-13 8.81707e-14 0.0971103 0.0263622 0 0 0 0 0 0 0 0 0 0 0 0 0 0 0 0 0 0 0 0 0 0 0 0 0 0 0 0 0 0 0 0 0 0 0 0 0 0 0 0 0 0 0 0 0 0 0 0 0 0 0 0 0 0 0 0 0 0 0 0 0 0 0 0 0 0 0 0 0 0 0 0 0 0 0 0 0 0 0 0 0 0 0 0 0 0 0 0 0 0 0 0 0 0 0 0 0 0 0 0 0 0 0 0 0 0 0 0 0 0 0 0 0 0 0 0 0 0 0 0 0 0 0 0 0 0 0 0 0 0 0 0 0 0 0 0
0.475588 8.47112e-13 7.75097e-13 7.20147e-14 0.0850121 0.0238486 0 0 0 0 0 0 0 0 0 0 0 0 0 0 0 0 0 0 0 0 0 0 0 0 0 0 0 0 0 0 0 0 0 0 0 0 0 0 0 0 0 0 0 0 0 0 0 0 0 0 0 0 0 0 0 0 0 0 0 0 0 0 0 0 0 0 0 0 0 0 0 0 0 0 0 0 0 0 0 0 0 0 0 0 0 0 0 0 0 0 0 0 0 0 0 0 0 0 0 0 0 0 0 0 0 0 0 0 0 0 0 0 0 0 0 0 0 0 0 0 0 0 0 0 0 0 0 0 0 0 0 0 0 0 0 0
0.5 7.91982e-13 7.33125e-13 5.88572e-14 0.0743164 0.0215748 0 0 0 0 0 0 0 0 0 0 0 0 0 0 0 0 0 0 0 0 0 0 0 0 0 0 0 0 0 0 0 0 0 0 0 0 0 0 0 0 0 0 0 0 0 0 0 0 0 0 0 0 0 0 0 0 0 0 0 0 0 0 0 0 0 0 0 0 0 0 0 0 0 0 0 0 0 0 0 0 0 0 0 0 0 0 0 0 0 0 0 0 0 0 0 0 0 0 0 0 0 0 0 0 0 0 0 0 0 0 0 0 0 0 0 0 0 0 0 0 0 0 0 0 0 0 0 0 0 0 0 0 0 0 0 0
0.525665 7.41778e-13 6.93639e-13 4.81392e-14 0.064897 0.0195184 0 0 0 0 0 0 0 0 0 0 0 0 0 0 0 0 0 0 0 0 0 0 0 0 0 0 0 0 0 0 0 0 0 0 0 0 0 0 0 0 0 0 0 0 0 0 0 0 0 0 0 0 0 0 0 0 0 0 0 0 0 0 0 0 0 0 0 0 0 0 0 0 0 0 0 0 0 0 0 0 0 0 0 0 0 0 0 0 0 0 0 0 0 0 0 0 0 0 0 0 0 0 0 0 0 0 0 0 0 0 0 0 0 0 0 0 0 0 0 0 0 0 0 0 0 0 0 0 0 0 0 0 0 0 0 0
0.552648 6.95814e-13 6.56418e-13 3.93963e-14 0.056619 0.0176599 0 0 0 0 0 0 0 0 0 0 0 0 0 0 0 0 0 0 0 0 0 0 0 0 0 0 0 0 0 0 0 0 0 0 0 0 0 0 0 0 0 0 0 0 0 0 0 0 0 0 0 0 0 0 0 0 0 0 0 0 0 0 0 0 0 0 0 0 0 0 0 0 0 0 0 0 0 0 0 0 0 0 0 0 0 0 0 0 0 0 0 0 0 0 0 0 0 0 0 0 0 0 0 0 0 0 0 0 0 0 0 0 0 0 0 0 0 0 0 0 0 0 0 0 0 0 0 0 0 0 0 0 0 0 0 0
0.581015 6.5374e-13 6.21508e-13 3.22321e-14 0.0493042 0.0159821 0 0 0 0 0 0 0 0 0 0 0 0 0 0 0 0 0 0 0 0 0 0 0 0 0 0 0 0 0 0 0 0 0 0 0 0 0 0 0 0 0 0 0 0 0 0 0 0 0 0 0 0 0 0 0 0 0 0 0 0 0 0 0 0 0 0 0 0 0 0 0 0 0 0 0 0 0 0 0 0 0 0 0 0 0 0 0 0 0 0 0 0 0 0 0 0 0 0 0 0 0 0 0 0 0 0 0 0 0 0 0 0 0 0 0 0 0 0 0 0 0 0 0 0 0 0 0 0 0 0 0 0 0 0 0 0
0.610839 6.15034e-13 5.88658e-13 2.63766e-14 0.0428865 0.0144621 0 0 0 0 0 0 0 0 0 0 0 0 0 0 0 0 0 0 0 0 0 0 0 0 0 0 0 0 0 0 0 0 0 0 0 0 0 0 0 0 0 0 0 0 0 0 0 0 0 0 0 0 0 0 0 0 0 0 0 0 0 0 0 0 0 0 0 0 0 0 0 0 0 0 0 0 0 0 0 0 0 0 0 0 0 0 0 0 0 0 0 0 0 0 0 0 0 0 0 0 0 0 0 0 0 0 0 0 0 0 0 0 0 0 0 0 0 0 0 0 0 0 0 0 0 0 0 0 0 0 0 0 0 0 0 0
0.642193 5.79039e-13 5.57441e-13 2.15984e-14 0.0373005 0.0130851 0 0 0 0 0 0 0 0 0 0 0 0 0 0 0 0 0 0 0 0 0 0 0 0 0 0 0 0 0 0 0 0 0 0 0 0 0 0 0 0 0 0 0 0 0 0 0 0 0 0 0 0 0 0 0 0 0 0 0 0 0 0 0 0 0 0 0 0 0 0 0 0 0 0 0 0 0 0 0 0 0 0 0 0 0 0 0 0 0 0 0 0 0 0 0 0 0 0 0 0 0 0 0 0 0 0 0 0 0 0 0 0 0 0 0 0 0 0 0 0 0 0 0 0 0 0 0 0 0 0 0 0 0 0 0 0
0.675157 5.45842e-13 5.28156e-13 1.76855e-14 0.0324004 0.011842 0 0 0 0 0 0 0 0 0 0 0 0 0 0 0 0 0 0 0 0 0 0 0 0 0 0 0 0 0 0 0 0 0 0 0 0 0 0 0 0 0 0 0 0 0 0 0 0 0 0 0 0 0 0 0 0 0 0 0 0 0 0 0 0 0 0 0 0 0 0 0 0 0 0 0 0 0 0 0 0 0 0 0 0 0 0 0 0 0 0 0 0 0 0 0 0 0 0 0 0 0 0 0 0 0 0 0 0 0 0 0 0 0 0 0 0 0 0 0 0 0 0 0 0 0 0 0 0 0 0 0 0 0 0 0 0
0.709813 5.15192e-13 5.00712e-13 1.44794e-14 0.0281049 0.010717 0 0 0 0 0 0 0 0 0 0 0 0 0 0 0 0 0 0 0 0 0 0 0 0 0 0 0 0 0 0 0 0 0 0 0 0 0 0 0 0 0 0 0 0 0 0 0 0 0 0 0 0 0 0 0 0 0 0 0 0 0 0 0 0 0 0 0 0 0 0 0 0 0 0 0 0 0 0 0 0 0 0 0 0 0 0 0 0 0 0 0 0 0 0 0 0 0 0 0 0 0 0 0 0 0 0 0 0 0 0 0 0 0 0 0 0 0 0 0 0 0 0 0 0 0 0 0 0 0 0 0 0 0 0 0 0
0.746248 4.86742e-13 4.74884e-13 1.18584e-14 0.0243627 0.00969794 0 0 0 0 0 0 0 0 0 0 0 0 0 0 0 0 0 0 0 0 0 0 0 0 0 0 0 0 0 0 0 0 0 0 0 0 0 0 0 0 0 0 0 0 0 0 0 0 0 0 0 0 0 0 0 0 0 0 0 0 0 0 0 0 0 0 0 0 0 0 0 0 0 0 0 0 0 0 0 0 0 0 0 0 0 0 0 0 0 0 0 0 0 0 0 0 0 0 0 0 0 0 0 0 0 0 0 0 0 0 0 0 0 0 0 0 0 0 0 0 0 0 0 0 0 0 0 0 0 0 0 0 0 0 0 0
0.784553 4.60218e-13 4.5051e-13 9.7081e-15 0.0210946 0.00877492 0 0 0 0 0 0 0 0 0 0 0 0 0 0 0 0 0 0 0 0 0 0 0 0 0 0 0 0 0 0 0 0 0 0 0 0 0 0 0 0 0 0 0 0 0 0 0 0 0 0 0 0 0 0 0 0 0 0 0 0 0 0 0 0 0 0 0 0 0 0 0 0 0 0 0 0 0 0 0 0 0 0 0 0 0 0 0 0 0 0 0 0 0 0 0 0 0 0 0 0 0 0 0 0 0 0 0 0 0 0 0 0 0 0 0 0 0 0 0 0 0 0 0 0 0 0 0 0 0 0 0 0 0 0 0 0
0.824824 4.35476e-13 4.27527e-13 7.94899e-15 0.0182536 0.0079414 0 0 0 0 0 0 0 0 0 0 0 0 0 0 0 0 0 0 0 0 0 0 0 0 0 0 0 0 0 0 0 0 0 0 0 0 0 0 0 0 0 0 0 0 0 0 0 0 0 0 0 0 0 0 0 0 0 0 0 0 0 0 0 0 0 0 0 0 0 0 0 0 0 0 0 0 0 0 0 0 0 0 0 0 0 0 0 0 0 0 0 0 0 0 0 0 0 0 0 0 0 0 0 0 0 0 0 0 0 0 0 0 0 0 0 0 0 0 0 0 0 0 0 0 0 0 0 0 0 0 0 0 0 0 0 0
0.867162 4.12227e-13 4.05719e-13 6.50832e-15 0.0157882 0.00718726 0 0 0 0 0 0 0 0 0 0 0 0 0 0 0 0 0 0 0 0 0 0 0 0 0 0 0 0 0 0 0 0 0 0 0 0 0 0 0 0 0 0 0 0 0 0 0 0 0 0 0 0 0 0 0 0 0 0 0 0 0 0 0 0 0 0 0 0 0 0 0 0 0 0 0 0 0 0 0 0 0 0 0 0 0 0 0 0 0 0 0 0 0 0 0 0 0 0 0 0 0 0 0 0 0 0 0 0 0 0 0 0 0 0 0 0 0 0 0 0 0 0 0 0 0 0 0 0 0 0 0 0 0 0 0 0
0.911674 3.90723e-13 3.85397e-13 5.32628e-15 0.0136318 0.0065042 0 0 0 0 0 0 0 0 0 0 0 0 0 0 0 0 0 0 0 0 0 0 0 0 0 0 0 0 0 0 0 0 0 0 0 0 0 0 0 0 0 0 0 0 0 0 0 0 0 0 0 0 0 0 0 0 0 0 0 0 0 0 0 0 0 0 0 0 0 0 0 0 0 0 0 0 0 0 0 0 0 0 0 0 0 0 0 0 0 0 0 0 0 0 0 0 0 0 0 0 0 0 0 0 0 0 0 0 0 0 0 0 0 0 0 0 0 0 0 0 0 0 0 0 0 0 0 0 0 0 0 0 0 0 0 0
0.95847 3.70754e-13 3.66398e-13 4.35552e-15 0.0117477 0.00588576 0 0 0 0 0 0 0 0 0 0 0 0 0 0 0 0 0 0 0 0 0 0 0 0 0 0 0 0 0 0 0 0 0 0 0 0 0 0 0 0 0 0 0 0 0 0 0 0 0 0 0 0 0 0 0 0 0 0 0 0 0 0 0 0 0 0 0 0 0 0 0 0 0 0 0 0 0 0 0 0 0 0 0 0 0 0 0 0 0 0 0 0 0 0 0 0 0 0 0 0 0 0 0 0 0 0 0 0 0 0 0 0 0 0 0 0 0 0 0 0 0 0 0 0 0 0 0 0 0 0 0 0 0 0 0 0
1.00767 3.52012e-13 3.48459e-13 3.55296e-15 0.0100933 0.00532647 0 0 0 0 0 0 0 0 0 0 0 0 0 0 0 0 0 0 0 0 0 0 0 0 0 0 0 0 0 0 0 0 0 0 0 0 0 0 0 0 0 0 0 0 0 0 0 0 0 0 0 0 0 0 0 0 0 0 0 0 0 0 0 0 0 0 0 0 0 0 0 0 0 0 0 0 0 0 0 0 0 0 0 0 0 0 0 0 0 0 0 0 0 0 0 0 0 0 0 0 0 0 0 0 0 0 0 0 0 0 0 0 0 0 0 0 0 0 0 0 0 0 0 0 0 0 0 0 0 0 0 0 0 0 0 0
1.05939 3.41794e-13 3.38895e-13 2.89892e-15 0.00848149 0.00482048 0 0 0 0 0 0 0 0 0 0 0 0 0 0 0 0 0 0 0 0 0 0 0 0 0 0 0 0 0 0 0 0 0 0 0 0 0 0 0 0 0 0 0 0 0 0 0 0 0 0 0 0 0 0 0 0 0 0 0 0 0 0 0 0 0 0 0 0 0 0 0 0 0 0 0 0 0 0 0 0 0 0 0 0 0 0 0 0 0 0 0 0 0 0 0 0 0 0 0 0 0 0 0 0 0 0 0 0 0 0 0 0 0 0 0 0 0 0 0 0 0 0 0 0 0 0 0 0 0 0 0 0 0 0 0 0
1.11377 3.33254e-13 3.30885e-13 2.3688e-15 0.00710811 0.00436215 0 0 0 0 0 0 0 0 0 0 0 0 0 0 0 0 0 0 0 0 0 0 0 0 0 0 0 0 0 0 0 0 0 0 0 0 0 0 0 0 0 0 0 0 0 0 0 0 0 0 0 0 0 0 0 0 0 0 0 0 0 0 0 0 0 0 0 0 0 0 0 0 0 0 0 0 0 0 0 0 0 0 0 0 0 0 0 0 0 0 0 0 0 0 0 0 0 0 0 0 0 0 0 0 0 0 0 0 0 0 0 0 0 0 0 0 0 0 0 0 0 0 0 0 0 0 0 0 0 0 0 0 0 0 0 0
1.17094 3.26282e-13 3.24342e-13 1.93957e-15 0.00594446 0.00394701 0 0 0 0 0 0 0 0 0 0 0 0 0 0 0 0 0 0 0 0 0 0 0 0 0 0 0 0 0 0 0 0 0 0 0 0 0 0 0 0 0 0 0 0 0 0 0 0 0 0 0 0 0 0 0 0 0 0 0 0 0 0 0 0 0 0 0 0 0 0 0 0 0 0 0 0 0 0 0 0 0 0 0 0 0 0 0 0 0 0 0 0 0 0 0 0 0 0 0 0 0 0 0 0 0 0 0 0 0 0 0 0 0 0 0 0 0 0 0 0 0 0 0 0 0 0 0 0 0 0 0 0 0 0 0 0
1.23105 3.20131e-13 3.18543e-13 1.5877e-15 0.00495952 0.00357139 0 0 0 0 0 0 0 0 0 0 0 0 0 0 0 0 0 0 0 0 0 0 0 0 0 0 0 0 0 0 0 0 0 0 0 0 0 0 0 0 0 0 0 0 0 0 0 0 0 0 0 0 0 0 0 0 0 0 0 0 0 0 0 0 0 0 0 0 0 0 0 0 0 0 0 0 0 0 0 0 0 0 0 0 0 0 0 0 0 0 0 0 0 0 0 0 0 0 0 0 0 0 0 0 0 0 0 0 0 0 0 0 0 0 0 0 0 0 0 0 0 0 0 0 0 0 0 0 0 0 0 0 0 0 0 0
1.29424 3.13601e-13 3.12301e-13 1.3003e-15 0.00414634 0.00323158 0 0 0 0 0 0 0 0 0 0 0 0 0 0 0 0 0 0 0 0 0 0 0 0 0 0 0 0 0 0 0 0 0 0 0 0 0 0 0 0 0 0 0 0 0 0 0 0 0 0 0 0 0 0 0 0 0 0 0 0 0 0 0 0 0 0 0 0 0 0 0 0 0 0 0 0 0 0 0 0 0 0 0 0 0 0 0 0 0 0 0 0 0 0 0 0 0 0 0 0 0 0 0 0 0 0 0 0 0 0 0 0 0 0 0 0 0 0 0 0 0 0 0 0 0 0 0 0 0 0 0 0 0 0 0 0
1.36067 3.06432e-13 3.05362e-13 1.06953e-15 0.00349028 0.00292429 0 0 0 0 0 0 0 0 0 0 0 0 0 0 0 0 0 0 0 0 0 0 0 0 0 0 0 0 0 0 0 0 0 0 0 0 0 0 0 0 0 0 0 0 0 0 0 0 0 0 0 0 0 0 0 0 0 0 0 0 0 0 0 0 0 0 0 0 0 0 0 0 0 0 0 0 0 0 0 0 0 0 0 0 0 0 0 0 0 0 0 0 0 0 0 0 0 0 0 0 0 0 0 0 0 0 0 0 0 0 0 0 0 0 0 0 0 0 0 0 0 0 0 0 0 0 0 0 0 0 0 0 0 0 0 0
1.43051 2.9884e-13 2.9797e-13 8.70121e-16 0.00291166 0.00264561 0 0 0 0 0 0 0 0 0 0 0 0 0 0 0 0 0 0 0 0 0 0 0 0 0 0 0 0 0 0 0 0 0 0 0 0 0 0 0 0 0 0 0 0 0 0 0 0 0 0 0 0 0 0 0 0 0 0 0 0 0 0 0 0 0 0 0 0 0 0 0 0 0 0 0 0 0 0 0 0 0 0 0 0 0 0 0 0 0 0 0 0 0 0 0 0 0 0 0 0 0 0 0 0 0 0 0 0 0 0 0 0 0 0 0 0 0 0 0 0 0 0 0 0 0 0 0 0 0 0 0 0 0 0 0 0
1.50394 2.91117e-13 2.90406e-13 7.11154e-16 0.00244285 0.00239356 0 0 0 0 0 0 0 0 0 0 0 0 0 0 0 0 0 0 0 0 0 0 0 0 0 0 0 0 0 0 0 0 0 0 0 0 0 0 0 0 0 0 0 0 0 0 0 0 0 0 0 0 0 0 0 0 0 0 0 0 0 0 0 0 0 0 0 0 0 0 0 0 0 0 0 0 0 0 0 0 0 0 0 0 0 0 0 0 0 0 0 0 0 0 0 0 0 0 0 0 0 0 0 0 0 0 0 0 0 0 0 0 0 0 0 0 0 0 0 0 0 0 0 0 0 0 0 0 0 0 0 0 0 0 0 0
1.58114 2.83694e-13 2.83113e-13 5.81871e-16 0.00205105 0.00216579 0 0 0 0 0 0 0 0 0 0 0 0 0 0 0 0 0 0 0 0 0 0 0 0 0 0 0 0 0 0 0 0 0 0 0 0 0 0 0 0 0 0 0 0 0 0 0 0 0 0 0 0 0 0 0 0 0 0 0 0 0 0 0 0 0 0 0 0 0 0 0 0 0 0 0 0 0 0 0 0 0 0 0 0 0 0 0 0 0 0 0 0 0 0 0 0 0 0 0 0 0 0 0 0 0 0 0 0 0 0 0 0 0 0 0 0 0 0 0 0 0 0 0 0 0 0 0 0 0 0 0 0 0 0 0 0
1.6623 2.76935e-13 2.76459e-13 4.76053e-16 0.001719 0.00195931 0 0 0 0 0 0 0 0 0 0 0 0 0 0 0 0 0 0 0 0 0 0 0 0 0 0 0 0 0 0 0 0 0 0 0 0 0 0 0 0 0 0 0 0 0 0 0 0 0 0 0 0 0 0 0 0 0 0 0 0 0 0 0 0 0 0 0 0 0 0 0 0 0 0 0 0 0 0 0 0 0 0 0 0 0 0 0 0 0 0 0 0 0 0 0 0 0 0 0 0 0 0 0 0 0 0 0 0 0 0 0 0 0 0 0 0 0 0 0 0 0 0 0 0 0 0 0 0 0 0 0 0 0 0 0 0
1.74763 2.71217e-13 2.70827e-13 3.89431e-16 0.00143587 0.00177237 0 0 0 0 0 0 0 0 0 0 0 0 0 0 0 0 0 0 0 0 0 0 0 0 0 0 0 0 0 0 0 0 0 0 0 0 0 0 0 0 0 0 0 0 0 0 0 0 0 0 0 0 0 0 0 0 0 0 0 0 0 0 0 0 0 0 0 0 0 0 0 0 0 0 0 0 0 0 0 0 0 0 0 0 0 0 0 0 0 0 0 0 0 0 0 0 0 0 0 0 0 0 0 0 0 0 0 0 0 0 0 0 0 0 0 0 0 0 0 0 0 0 0 0 0 0 0 0 0 0 0 0 0 0 0 0
1.83733 2.66919e-13 2.666e-13 3.18444e-16 0.00119304 0.00160305 0 0 0 0 0 0 0 0 0 0 0 0 0 0 0 0 0 0 0 0 0 0 0 0 0 0 0 0 0 0 0 0 0 0 0 0 0 0 0 0 0 0 0 0 0 0 0 0 0 0 0 0 0 0 0 0 0 0 0 0 0 0 0 0 0 0 0 0 0 0 0 0 0 0 0 0 0 0 0 0 0 0 0 0 0 0 0 0 0 0 0 0 0 0 0 0 0 0 0 0 0 0 0 0 0 0 0 0 0 0 0 0 0 0 0 0 0 0 0 0 0 0 0 0 0 0 0 0 0 0 0 0 0 0 0 0
1.93164 2.64219e-13 2.63959e-13 2.603e-16 0.000985167 0.00145007 0 0 0 0 0 0 0 0 0 0 0 0 0 0 0 0 0 0 0 0 0 0 0 0 0 0 0 0 0 0 0 0 0 0 0 0 0 0 0 0 0 0 0 0 0 0 0 0 0 0 0 0 0 0 0 0 0 0 0 0 0 0 0 0 0 0 0 0 0 0 0 0 0 0 0 0 0 0 0 0 0 0 0 0 0 0 0 0 0 0 0 0 0 0 0 0 0 0 0 0 0 0 0 0 0 0 0 0 0 0 0 0 0 0 0 0 0 0 0 0 0 0 0 0 0 0 0 0 0 0 0 0 0 0 0 0
2.03079 2.63102e-13 2.62889e-13 2.12897e-16 0.000809184 0.00131165 0 0 0 0 0 0 0 0 0 0 0 0 0 0 0 0 0 0 0 0 0 0 0 0 0 0 0 0 0 0 0 0 0 0 0 0 0 0 0 0 0 0 0 0 0 0 0 0 0 0 0 0 0 0 0 0 0 0 0 0 0 0 0 0 0 0 0 0 0 0 0 0 0 0 0 0 0 0 0 0 0 0 0 0 0 0 0 0 0 0 0 0 0 0 0 0 0 0 0 0 0 0 0 0 0 0 0 0 0 0 0 0 0 0 0 0 0 0 0 0 0 0 0 0 0 0 0 0 0 0 0 0 0 0 0 0
2.13503 2.63192e-13 2.63017e-13 1.74291e-16 0.000662222 0.00118621 0 0 0 0 0 0 0 0 0 0 0 0 0 0 0 0 0 0 0 0 0 0 0 0 0 0 0 0 0 0 0 0 0 0 0 0 0 0 0 0 0 0 0 0 0 0 0 0 0 0 0 0 0 0 0 0 0 0 0 0 0 0 0 0 0 0 0 0 0 0 0 0 0 0 0 0 0 0 0 0 0 0 0 0 0 0 0 0 0 0 0 0 0 0 0 0 0 0 0 0 0 0 0 0 0 0 0 0 0 0 0 0 0 0 0 0 0 0 0 0 0 0 0 0 0 0 0 0 0 0 0 0 0 0 0 0
2.24463 2.63602e-13 2.63459e-13 1.42815e-16 0.000541785 0.00107258 0 0 0 0 0 0 0 0 0 0 0 0 0 0 0 0 0 0 0 0 0 0 0 0 0 0 0 0 0 0 0 0 0 0 0 0 0 0 0 0 0 0 0 0 0 0 0 0 0 0 0 0 0 0 0 0 0 0 0 0 0 0 0 0 0 0 0 0 0 0 0 0 0 0 0 0 0 0 0 0 0 0 0 0 0 0 0 0 0 0 0 0 0 0 0 0 0 0 0 0 0 0 0 0 0 0 0 0 0 0 0 0 0 0 0 0 0 0 0 0 0 0 0 0 0 0 0 0 0 0 0 0 0 0 0 0
2.35984 2.64108e-13 2.6399e-13 1.17088e-16 0.000443336 0.000969936 0 0 0 0 0 0 0 0 0 0 0 0 0 0 0 0 0 0 0 0 0 0 0 0 0 0 0 0 0 0 0 0 0 0 0 0 0 0 0 0 0 0 0 0 0 0 0 0 0 0 0 0 0 0 0 0 0 0 0 0 0 0 0 0 0 0 0 0 0 0 0 0 0 0 0 0 0 0 0 0 0 0 0 0 0 0 0 0 0 0 0 0 0 0 0 0 0 0 0 0 0 0 0 0 0 0 0 0 0 0 0 0 0 0 0 0 0 0 0 0 0 0 0 0 0 0 0 0 0 0 0 0 0 0 0 0
2.48097 2.65034e-13 2.64938e-13 9.60368e-17 0.000362357 0.000876921 0 0 0 0 0 0 0 0 0 0 0 0 0 0 0 0 0 0 0 0 0 0 0 0 0 0 0 0 0 0 0 0 0 0 0 0 0 0 0 0 0 0 0 0 0 0 0 0 0 0 0 0 0 0 0 0 0 0 0 0 0 0 0 0 0 0 0 0 0 0 0 0 0 0 0 0 0 0 0 0 0 0 0 0 0 0 0 0 0 0 0 0 0 0 0 0 0 0 0 0 0 0 0 0 0 0 0 0 0 0 0 0 0 0 0 0 0 0 0 0 0 0 0 0 0 0 0 0 0 0 0 0 0 0 0 0
2.60832 2.6643e-13 2.66352e-13 7.88149e-17 0.000295818 0.000792726 0 0 0 0 0 0 0 0 0 0 0 0 0 0 0 0 0 0 0 0 0 0 0 0 0 0 0 0 0 0 0 0 0 0 0 0 0 0 0 0 0 0 0 0 0 0 0 0 0 0 0 0 0 0 0 0 0 0 0 0 0 0 0 0 0 0 0 0 0 0 0 0 0 0 0 0 0 0 0 0 0 0 0 0 0 0 0 0 0 0 0 0 0 0 0 0 0 0 0 0 0 0 0 0 0 0 0 0 0 0 0 0 0 0 0 0 0 0 0 0 0 0 0 0 0 0 0 0 0 0 0 0 0 0 0 0
2.74221 2.6864e-13 2.68575e-13 6.47338e-17 0.000240969 0.000716543 0 0 0 0 0 0 0 0 0 0 0 0 0 0 0 0 0 0 0 0 0 0 0 0 0 0 0 0 0 0 0 0 0 0 0 0 0 0 0 0 0 0 0 0 0 0 0 0 0 0 0 0 0 0 0 0 0 0 0 0 0 0 0 0 0 0 0 0 0 0 0 0 0 0 0 0 0 0 0 0 0 0 0 0 0 0 0 0 0 0 0 0 0 0 0 0 0 0 0 0 0 0 0 0 0 0 0 0 0 0 0 0 0 0 0 0 0 0 0 0 0 0 0 0 0 0 0 0 0 0 0 0 0 0 0 0
2.88297 2.71693e-13 2.7164e-13 5.32573e-17 0.00019602 0.000647548 0 0 0 0 0 0 0 0 0 0 0 0 0 0 0 0 0 0 0 0 0 0 0 0 0 0 0 0 0 0 0 0 0 0 0 0 0 0 0 0 0 0 0 0 0 0 0 0 0 0 0 0 0 0 0 0 0 0 0 0 0 0 0 0 0 0 0 0 0 0 0 0 0 0 0 0 0 0 0 0 0 0 0 0 0 0 0 0 0 0 0 0 0 0 0 0 0 0 0 0 0 0 0 0 0 0 0 0 0 0 0 0 0 0 0 0 0 0 0 0 0 0 0 0 0 0 0 0 0 0 0 0 0 0 0 0
3.03095 2.75537e-13 2.75493e-13 4.3983e-17 0.000159627 0.000585154 0 0 0 0 0 0 0 0 0 0 0 0 0 0 0 0 0 0 0 0 0 0 0 0 0 0 0 0 0 0 0 0 0 0 0 0 0 0 0 0 0 0 0 0 0 0 0 0 0 0 0 0 0 0 0 0 0 0 0 0 0 0 0 0 0 0 0 0 0 0 0 0 0 0 0 0 0 0 0 0 0 0 0 0 0 0 0 0 0 0 0 0 0 0 0 0 0 0 0 0 0 0 0 0 0 0 0 0 0 0 0 0 0 0 0 0 0 0 0 0 0 0 0 0 0 0 0 0 0 0 0 0 0 0 0 0
3.18653 2.76818e-13 2.76781e-13 3.64111e-17 0.000131534 0.000528665 0 0 0 0 0 0 0 0 0 0 0 0 0 0 0 0 0 0 0 0 0 0 0 0 0 0 0 0 0 0 0 0 0 0 0 0 0 0 0 0 0 0 0 0 0 0 0 0 0 0 0 0 0 0 0 0 0 0 0 0 0 0 0 0 0 0 0 0 0 0 0 0 0 0 0 0 0 0 0 0 0 0 0 0 0 0 0 0 0 0 0 0 0 0 0 0 0 0 0 0 0 0 0 0 0 0 0 0 0 0 0 0 0 0 0 0 0 0 0 0 0 0 0 0 0 0 0 0 0 0 0 0 0 0 0 0
3.35009 2.83773e-13 2.83744e-13 2.97694e-17 0.000104905 0.000477496 0 0 0 0 0 0 0 0 0 0 0 0 0 0 0 0 0 0 0 0 0 0 0 0 0 0 0 0 0 0 0 0 0 0 0 0 0 0 0 0 0 0 0 0 0 0 0 0 0 0 0 0 0 0 0 0 0 0 0 0 0 0 0 0 0 0 0 0 0 0 0 0 0 0 0 0 0 0 0 0 0 0 0 0 0 0 0 0 0 0 0 0 0 0 0 0 0 0 0 0 0 0 0 0 0 0 0 0 0 0 0 0 0 0 0 0 0 0 0 0 0 0 0 0 0 0 0 0 0 0 0 0 0 0 0 0
3.52205 2.82729e-13 2.82703e-13 2.59025e-17 9.16162e-05 0.000431177 0 0 0 0 0 0 0 0 0 0 0 0 0 0 0 0 0 0 0 0 0 0 0 0 0 0 0 0 0 0 0 0 0 0 0 0 0 0 0 0 0 0 0 0 0 0 0 0 0 0 0 0 0 0 0 0 0 0 0 0 0 0 0 0 0 0 0 0 0 0 0 0 0 0 0 0 0 0 0 0 0 0 0 0 0 0 0 0 0 0 0 0 0 0 0 0 0 0 0 0 0 0 0 0 0 0 0 0 0 0 0 0 0 0 0 0 0 0 0 0 0 0 0 0 0 0 0 0 0 0 0 0 0 0 0 0
3.70284 2.63892e-13 2.63871e-13 2.10725e-17 7.98527e-05 0.000389284 0 0 0 0 0 0 0 0 0 0 0 0 0 0 0 0 0 0 0 0 0 0 0 0 0 0 0 0 0 0 0 0 0 0 0 0 0 0 0 0 0 0 0 0 0 0 0 0 0 0 0 0 0 0 0 0 0 0 0 0 0 0 0 0 0 0 0 0 0 0 0 0 0 0 0 0 0 0 0 0 0 0 0 0 0 0 0 0 0 0 0 0 0 0 0 0 0 0 0 0 0 0 0 0 0 0 0 0 0 0 0 0 0 0 0 0 0 0 0 0 0 0 0 0 0 0 0 0 0 0 0 0 0 0 0 0
3.89291 2.58488e-13 2.58471e-13 1.72663e-17 6.67975e-05 0.000351317 0 0 0 0 0 0 0 0 0 0 0 0 0 0 0 0 0 0 0 0 0 0 0 0 0 0 0 0 0 0 0 0 0 0 0 0 0 0 0 0 0 0 0 0 0 0 0 0 0 0 0 0 0 0 0 0 0 0 0 0 0 0 0 0 0 0 0 0 0 0 0 0 0 0 0 0 0 0 0 0 0 0 0 0 0 0 0 0 0 0 0 0 0 0 0 0 0 0 0 0 0 0 0 0 0 0 0 0 0 0 0 0 0 0 0 0 0 0 0 0 0 0 0 0 0 0 0 0 0 0 0 0 0 0 0 0
4.09273 2.54242e-13 2.54227e-13 1.41586e-17 5.56894e-05 0.000316884 0 0 0 0 0 0 0 0 0 0 0 0 0 0 0 0 0 0 0 0 0 0 0 0 0 0 0 0 0 0 0 0 0 0 0 0 0 0 0 0 0 0 0 0 0 0 0 0 0 0 0 0 0 0 0 0 0 0 0 0 0 0 0 0 0 0 0 0 0 0 0 0 0 0 0 0 0 0 0 0 0 0 0 0 0 0 0 0 0 0 0 0 0 0 0 0 0 0 0 0 0 0 0 0 0 0 0 0 0 0 0 0 0 0 0 0 0 0 0 0 0 0 0 0 0 0 0 0 0 0 0 0 0 0 0 0
4.30281 2.5117e-13 2.51158e-13 1.16144e-17 4.62414e-05 0.000285683 0 0 0 0 0 0 0 0 0 0 0 0 0 0 0 0 0 0 0 0 0 0 0 0 0 0 0 0 0 0 0 0 0 0 0 0 0 0 0 0 0 0 0 0 0 0 0 0 0 0 0 0 0 0 0 0 0 0 0 0 0 0 0 0 0 0 0 0 0 0 0 0 0 0 0 0 0 0 0 0 0 0 0 0 0 0 0 0 0 0 0 0 0 0 0 0 0 0 0 0 0 0 0 0 0 0 0 0 0 0 0 0 0 0 0 0 0 0 0 0 0 0 0 0 0 0 0 0 0 0 0 0 0 0 0 0
4.52368 2.49363e-13 2.49353e-13 9.53746e-18 3.82473e-05 0.000257447 0 0 0 0 0 0 0 0 0 0 0 0 0 0 0 0 0 0 0 0 0 0 0 0 0 0 0 0 0 0 0 0 0 0 0 0 0 0 0 0 0 0 0 0 0 0 0 0 0 0 0 0 0 0 0 0 0 0 0 0 0 0 0 0 0 0 0 0 0 0 0 0 0 0 0 0 0 0 0 0 0 0 0 0 0 0 0 0 0 0 0 0 0 0 0 0 0 0 0 0 0 0 0 0 0 0 0 0 0 0 0 0 0 0 0 0 0 0 0 0 0 0 0 0 0 0 0 0 0 0 0 0 0 0 0 0
4.75588 2.48492e-13 2.48484e-13 7.8452e-18 3.15713e-05 0.000231831 0 0 0 0 0 0 0 0 0 0 0 0 0 0 0 0 0 0 0 0 0 0 0 0 0 0 0 0 0 0 0 0 0 0 0 0 0 0 0 0 0 0 0 0 0 0 0 0 0 0 0 0 0 0 0 0 0 0 0 0 0 0 0 0 0 0 0 0 0 0 0 0 0 0 0 0 0 0 0 0 0 0 0 0 0 0 0 0 0 0 0 0 0 0 0 0 0 0 0 0 0 0 0 0 0 0 0 0 0 0 0 0 0 0 0 0 0 0 0 0 0 0 0 0 0 0 0 0 0 0 0 0 0 0 0 0
5 2.47858e-13 2.47852e-13 6.46632e-18 2.60888e-05 0.000208538 0 0 0 0 0 0 0 0 0 0 0 0 0 0 0 0 0 0 0 0 0 0 0 0 0 0 0 0 0 0 0 0 0 0 0 0 0 0 0 0 0 0 0 0 0 0 0 0 0 0 0 0 0 0 0 0 0 0 0 0 0 0 0 0 0 0 0 0 0 0 0 0 0 0 0 0 0 0 0 0 0 0 0 0 0 0 0 0 0 0 0 0 0 0 0 0 0 0 0 0 0 0 0 0 0 0 1.4013e-45 0 1.4013e-45 0 1.4013e-45 0 2.8026e-45 0 4.2039e-45 0 5.60519e-45 0 7.00649e-45 0 9.80909e-45 0 1.26117e-44 0 1.82169e-44 0 2.38221e-44 0 3.08286e-44 0 4.2039e-44 0 5.46506e-44 0 7.14662e-44 0
5.25665 2.46871e-13 2.46865e-13 5.33556e-18 2.16128e-05 0.000187371 0 0 0 0 0 0 0 0 0 0 0 0 0 0 0 0 0 0 0 0 0 0 0 0 0 0 0 0 0 0 0 0 0 0 0 0 0 0 0 0 0 0 0 0 0 0 0 0 0 0 0 0 0 0 0 0 0 0 0 0 0 0 0 0 0 0 0 0 0 0 0 0 0 0 0 0 0 0 0 0 0 0 1.4013e-45 0 1.4013e-45 0 1.4013e-45 0 2.8026e-45 0 4.2039e-45 0 7.00649e-45 0 1.12104e-44 0 1.54143e-44 0 2.38221e-44 0 3.36312e-44 0 4.90454e-44 0 7.14662e-44 0 1.02295e-43 0 1.41531e-43 0 1.96182e-43 0 2.77457e-43 0 3.75548e-43 0 5.0727e-43 0 6.96445e-43 0 9.3887e-43 0 1.23875e-42 0 1.66054e-42 0 2.22386e-42 0 2.86706e-42 0 3.75828e-42 0 4.91856e-42 0 6.31425e-42 0
5.52648 2.4554e-13 2.45535e-13 4.40244e-18 1.79296e-05 0.000168212 0 0 0 0 0 0 0 0 0 0 0 0 0 0 0 0 0 0 0 0 0 0 0 0 0 0 0 0 0 0 0 0 0 0 0 0 0 0 0 0 0 0 0 0 0 0 0 0 0 0 0 0 0 0 0 0 0 0 0 0 0 0 0 0 0 0 1.4013e-45 0 1.4013e-45 0 2.8026e-45 0 5.60519e-45 0 9.80909e-45 0 1.82169e-44 0 2.94273e-44 0 4.90454e-44 0 7.84727e-44 0 1.24716e-43 0 1.93379e-43 0 3.01279e-43 0 4.55422e-43 0 6.86636e-43 0 1.01314e-42 0 1.48958e-42 0 2.14118e-42 0 3.07024e-42 0 4.38887e-42 0 6.2582e-42 0 8.7371e-42 0 1.19447e-41 0 1.62985e-41 0 2.25945e-41 0 3.01475e-41 0 4.01542e-41 0 5.43382e-41 0 7.21038e-41 0 9.38478e-41 0 1.24105e-40 0 1.6383e-40 0 2.08596e-40 0 2.69824e-40 0 3.48504e-40 0 4.41923e-40 0
5.81015 2.43721e-13 2.43717e-13 3.6284e-18 1.48875e-05 0.000150748 0 0 0 0 0 0 0 0 0 0 0 0 0 0 0 0 0 0 0 0 0 0 0 0 0 0 0 0 0 0 0 0 0 0 0 0 0 0 0 0 0 0 0 0 0 0 0 0 0 0 0 0 0 0 1.4013e-45 0 2.8026e-45 0 7.00649e-45 0 1.4013e-44 0 2.8026e-44 0 5.46506e-44 0 1.03696e-43 0 1.87774e-43 0 3.36312e-43 0 5.74532e-43 0 9.75304e-43 0 1.64653e-42 0 2.65546e-42 0 4.26135e-42 0 6.67438e-42 0 1.04088e-41 0 1.58585e-41 0 2.40687e-41 0 3.57177e-41 0 5.28205e-41 0 7.6431e-41 0 1.10258e-40 0 1.55738e-40 0 2.1939e-40 0 3.08242e-40 0 4.31947e-40 0 5.93231e-40 0 7.98817e-40 0 1.07347e-39 0 1.46466e-39 0 1.92699e-39 0 2.53084e-39 0 3.37467e-39 0 4.41655e-39 0 5.67499e-39 0 7.4029e-39 0 9.64091e-39 0 1.21314e-38 0 1.54963e-38 0 1.97665e-38 0 2.4776e-38 0
6.10839 2.41669e-13 2.41666e-13 2.98425e-18 1.23485e-05 0.000134875 0 0 0 0 0 0 0 0 0 0 0 0 0 0 0 0 0 0 0 0 0 0 0 0 0 0 0 0 0 0 0 0 0 0 0 0 0 0 0 0 0 0 0 0 1.4013e-45 0 4.2039e-45 0 1.12104e-44 0 2.8026e-44 0 6.44597e-44 0 1.5134e-43 0 3.18095e-43 0 6.60012e-43 0 1.32703e-42 0 2.53635e-42 0 4.70416e-42 0 8.65302e-42 0 1.51733e-41 0 2.64243e-41 0 4.39643e-41 0 7.27302e-41 0 1.19641e-40 0 1.8849e-40 0 2.95583e-40 0 4.52964e-40 0 6.91276e-40 0 1.03181e-39 0 1.53443e-39 0 2.23353e-39 0 3.24055e-39 0 4.6052e-39 0 6.52566e-39 0 9.06327e-39 0 1.25557e-38 0 1.73502e-38 0 2.39161e-38 0 3.23411e-38 0 4.2921e-38 0 5.68522e-38 0 7.6402e-38 0 9.91812e-38 0 1.28539e-37 0 1.69005e-37 0 2.18297e-37 0 2.77085e-37 0 3.56791e-37 0 4.587e-37 0 5.70753e-37 0 7.20402e-37 0 9.08063e-37 0 1.12572e-36 0
6.42193 2.39325e-13 2.39322e-13 2.44554e-18 1.02185e-05 0.000120393 0 0 0 0 0 0 0 0 0 0 0 0 0 0 0 0 0 0 0 0 0 0 0 0 0 0 0 0 0 0 0 0 0 0 0 0 1.4013e-45 0 4.2039e-45 0 1.4013e-44 0 4.76441e-44 0 1.44334e-43 0 3.92364e-43 0 1.00333e-42 0 2.40883e-42 0 5.45385e-42 0 1.21731e-41 0 2.46713e-41 0 4.94574e-41 0 9.61515e-41 0 1.77945e-40 0 3.2024e-40 0 5.71842e-40 0 9.7564e-40 0 1.65372e-39 0 2.6839e-39 0 4.33217e-39 0 6.95537e-39 0 1.07174e-38 0 1.64414e-38 0 2.46758e-38 0 3.68889e-38 0 5.39946e-38 0 7.87563e-38 0 1.12556e-37 0 1.60363e-37 0 2.24018e-37 0 3.12081e-37 0 4.26542e-37 0 5.81576e-37 0 7.91066e-37 0 1.07348e-36 0 1.4304e-36 0 1.87228e-36 0 2.44619e-36 0 3.24026e-36 0 4.15309e-36 0 5.31471e-36 0 6.89511e-36 0 8.79551e-36 0 1.1035e-35 0 1.40349e-35 0 1.78237e-35 0 2.19423e-35 0 2.73825e-35 0 3.41275e-35 0 4.1866e-35 0
6.75157 2.37633e-13 2.37631e-13 1.98836e-18 8.36735e-06 0.000107047 0 0 0 0 0 0 0 0 0 0 0 0 0 0 0 0 0 0 0 0 0 0 0 0 0 0 0 0 0 0 0 0 4.2039e-45 0 2.10195e-44 0 9.52883e-44 0 3.71344e-43 0 1.27518e-42 0 3.96848e-42 0 1.15075e-41 0 2.98785e-41 0 7.2918e-41 0 1.67782e-40 0 3.65007e-40 0 7.83296e-40 0 1.5337e-39 0 2.97193e-39 0 5.59327e-39 0 1.00449e-38 0 1.7566e-38 0 3.04915e-38 0 5.06833e-38 0 8.37237e-38 0 1.32704e-37 0 2.09253e-37 0 3.28282e-37 0 4.95277e-37 0 7.44087e-37 0 1.09483e-36 0 1.60489e-36 0 2.30581e-36 0 3.30182e-36 0 4.6373e-36 0 6.49374e-36 0 8.92451e-36 0 1.22332e-35 0 1.64668e-35 0 2.21146e-35 0 2.96321e-35 0 3.96159e-35 0 5.20534e-35 0 6.7244e-35 0 8.67166e-35 0 1.133e-34 0 1.4347e-34 0 1.81401e-34 0 2.3237e-34 0 2.92913e-34 0 3.63445e-34 0 4.56856e-34 0 5.73455e-34 0 6.98838e-34 0 8.6272e-34 0 1.06373e-33 0 1.29198e-33 0
7.09813 2.33794e-13 2.33792e-13 1.6157e-18 6.9108e-06 9.44793e-05 0 0 0 0 0 0 0 0 0 0 0 0 0 0 0 0 0 0 0 0 0 0 0 0 0 0 0 0 5.60519e-45 0 5.32493e-44 0 3.46121e-43 0 1.76003e-42 0 7.5502e-42 0 2.7677e-41 0 8.9606e-41 0 2.6395e-40 0 7.26492e-40 0 1.80052e-39 0 4.20688e-39 0 9.2939e-39 0 1.94658e-38 0 4.02445e-38 0 7.62559e-38 0 1.43069e-37 0 2.61073e-37 0 4.55644e-37 0 7.75362e-37 0 1.31014e-36 0 2.12436e-36 0 3.42427e-36 0 5.30686e-36 0 8.18405e-36 0 1.25602e-35 0 1.85727e-35 0 2.7354e-35 0 3.94963e-35 0 5.68257e-35 0 8.02116e-35 0 1.12864e-34 0 1.55907e-34 0 2.14761e-34 0 2.90604e-34 0 3.92257e-34 0 5.20402e-34 0 6.889e-34 0 9.09986e-34 0 1.19946e-33 0 1.55516e-33 0 1.98404e-33 0 2.527e-33 0 3.25885e-33 0 4.07932e-33 0 5.09909e-33 0 6.45332e-33 0 8.04325e-33 0 9.87545e-33 0 1.22757e-32 0 1.52387e-32 0 1.83921e-32 0 2.24728e-32 0 2.74271e-32 0 3.29975e-32 0
7.46248 2.30676e-13 2.30675e-13 1.28049e-18 5.55104e-06 8.22458e-05 0 0 0 0 0 0 0 0 0 0 0 0 0 0 0 0 0 0 0 0 0 0 0 0 2.8026e-45 0 5.04467e-44 0 5.57717e-43 0 4.34262e-42 0 2.56241e-41 0 1.20514e-40 0 4.81671e-40 0 1.65716e-39 0 5.06621e-39 0 1.41566e-38 0 3.7085e-38 0 8.79267e-38 0 1.97101e-37 0 4.18908e-37 0 8.46287e-37 0 1.68869e-36 0 3.10146e-36 0 5.6428e-36 0 9.99906e-36 0 1.6983e-35 0 2.81592e-35 0 4.63777e-35 0 7.34466e-35 0 1.15661e-34 0 1.75456e-34 0 2.64919e-34 0 3.9816e-34 0 5.77623e-34 0 8.34795e-34 0 1.18393e-33 0 1.6734e-33 0 2.32266e-33 0 3.21411e-33 0 4.37039e-33 0 5.92679e-33 0 7.90231e-33 0 1.05114e-32 0 1.37542e-32 0 1.796e-32 0 2.34036e-32 0 3.04352e-32 0 3.89636e-32 0 4.91213e-32 0 6.18297e-32 0 7.87523e-32 0 9.75045e-32 0 1.20559e-31 0 1.50832e-31 0 1.85983e-31 0 2.26072e-31 0 2.78051e-31 0 3.41539e-31 0 4.08447e-31 0 4.94211e-31 0 5.97324e-31 0 7.12183e-31 0
7.84553 2.27449e-13 2.27448e-13 9.69186e-19 4.26111e-06 7.05767e-05 0 0 0 0 0 0 0 0 0 0 0 0 0 0 0 0 0 0 0 0 0 0 7.00649e-45 0 2.43826e-43 0 4.01332e-42 0 3.99062e-41 0 2.80827e-40 0 1.51935e-39 0 6.62554e-39 0 2.47489e-38 0 8.01621e-38 0 2.32056e-37 0 6.16707e-37 0 1.54134e-36 0 3.50362e-36 0 7.55037e-36 0 1.54672e-35 0 3.01926e-35 0 5.82483e-35 0 1.03851e-34 0 1.83504e-34 0 3.16213e-34 0 5.23362e-34 0 8.46617e-34 0 1.36081e-33 0 2.10722e-33 0 3.24563e-33 0 4.82439e-33 0 7.13922e-33 0 1.05186e-32 0 1.49849e-32 0 2.12706e-32 0 2.96563e-32 0 4.1215e-32 0 5.62973e-32 0 7.66788e-32 0 1.02711e-31 0 1.37233e-31 0 1.80424e-31 0 2.36675e-31 0 3.0565e-31 0 3.93946e-31 0 5.06757e-31 0 6.50613e-31 0 8.2294e-31 0 1.02581e-30 0 1.27677e-30 0 1.60713e-30 0 1.96917e-30 0 2.40967e-30 0 2.98197e-30 0 3.63948e-30 0 4.38202e-30 0 5.33535e-30 0 6.48811e-30 0 7.69166e-30 0 9.22053e-30 0 1.10417e-29 0 1.30523e-29 0
8.24824 2.53522e-13 2.53522e-13 7.1307e-19 2.81265e-06 6.06635e-05 0 0 0 0 0 0 0 0 0 0 0 0 0 0 0 0 0 0 0 0 7.00649e-45 0 6.86636e-43 0 2.0288e-41 0 2.90733e-40 0 2.58403e-39 0 1.65321e-38 0 8.23658e-38 0 3.34261e-37 0 1.17078e-36 0 3.58071e-36 0 9.84135e-36 0 2.49354e-35 0 5.95954e-35 0 1.30142e-34 0 2.7014e-34 0 5.34352e-34 0 1.00956e-33 0 1.88618e-33 0 3.26924e-33 0 5.61841e-33 0 9.42775e-33 0 1.52246e-32 0 2.40565e-32 0 3.77815e-32 0 5.72691e-32 0 8.63674e-32 0 1.25918e-31 0 1.82805e-31 0 2.64286e-31 0 3.70056e-31 0 5.16377e-31 0 7.08365e-31 0 9.6876e-31 0 1.30328e-30 0 1.74853e-30 0 2.30897e-30 0 3.04169e-30 0 3.94591e-30 0 5.108e-30 0 6.51479e-30 0 8.2934e-30 0 1.05379e-29 0 1.33653e-29 0 1.67126e-29 0 2.06096e-29 0 2.53791e-29 0 3.15888e-29 0 3.83229e-29 0 4.64356e-29 0 5.68694e-29 0 6.87369e-29 0 8.20139e-29 0 9.89014e-29 0 1.19127e-28 0 1.40057e-28 0 1.66416e-28 0 1.97539e-28 0 2.3161e-28 0
8.67162 3.07912e-13 3.07912e-13 6.18302e-19 2.00804e-06 5.2795e-05 0 0 0 0 0 0 0 0 0 0 0 0 0 0 0 0 0 0 1.4013e-45 0 7.59504e-43 0 5.86205e-41 0 1.46932e-39 0 1.84893e-38 0 1.47706e-37 0 8.63129e-37 0 3.97598e-36 0 1.50689e-35 0 4.9647e-35 0 1.43774e-34 0 3.76123e-34 0 9.10704e-34 0 2.08593e-33 0 4.38474e-33 0 8.78272e-33 0 1.68036e-32 0 3.07764e-32 0 5.57719e-32 0 9.4106e-32 0 1.57508e-31 0 2.57704e-31 0 4.06535e-31 0 6.28178e-31 0 9.65067e-31 0 1.43344e-30 0 2.11884e-30 0 3.03279e-30 0 4.3235e-30 0 6.13914e-30 0 8.45595e-30 0 1.16091e-29 0 1.56814e-29 0 2.11205e-29 0 2.8005e-29 0 3.70374e-29 0 4.82492e-29 0 6.27108e-29 0 8.0326e-29 0 1.0268e-28 0 1.29413e-28 0 1.62814e-28 0 2.04473e-28 0 2.56343e-28 0 3.17062e-28 0 3.87014e-28 0 4.71758e-28 0 5.80946e-28 0 6.98173e-28 0 8.38077e-28 0 1.01628e-27 0 1.21704e-27 0 1.43966e-27 0 1.7203e-27 0 2.05337e-27 0 2.39513e-27 0 2.82204e-27 0 3.32189e-27 0 3.8647e-27 0
9.11674 4.22638e-13 4.22637e-13 7.35468e-19 1.74018e-06 4.50428e-05 0 0 0 0 0 0 0 0 0 0 0 0 0 0 0 0 0 0 1.48538e-43 0 7.28227e-41 0 4.54335e-39 0 9.73041e-38 0 1.08203e-36 0 7.81009e-36 0 4.18697e-35 0 1.79011e-34 0 6.3572e-34 0 1.97604e-33 0 5.43298e-33 0 1.35611e-32 0 3.14479e-32 0 6.91737e-32 0 1.40227e-31 0 2.71512e-31 0 5.03275e-31 0 8.9493e-31 0 1.57536e-30 0 2.59112e-30 0 4.22914e-30 0 6.7551e-30 0 1.04218e-29 0 1.57652e-29 0 2.37176e-29 0 3.45544e-29 0 5.01112e-29 0 7.04816e-29 0 9.87531e-29 0 1.37844e-28 0 1.86919e-28 0 2.52679e-28 0 3.36341e-28 0 4.46464e-28 0 5.83895e-28 0 7.61749e-28 0 9.79614e-28 0 1.25704e-27 0 1.59079e-27 0 2.00926e-27 0 2.50393e-27 0 3.11507e-27 0 3.86884e-27 0 4.79702e-27 0 5.87202e-27 0 7.09811e-27 0 8.56914e-27 0 1.04457e-26 0 1.24414e-26 0 1.48019e-26 0 1.77811e-26 0 2.11071e-26 0 2.47639e-26 0 2.93351e-26 0 3.47134e-26 0 4.01879e-26 0 4.69734e-26 0 5.4855e-26 0 6.33487e-26 0
9.5847 5.15197e-13 5.15196e-13 1.02011e-18 1.98004e-06 4.03089e-05 0 0 0 0 0 0 0 0 0 0 0 0 0 0 0 0 0 0 1.37579e-41 0 4.97584e-39 0 2.53706e-37 0 4.67856e-36 0 4.62536e-35 0 3.03145e-34 0 1.49723e-33 0 5.96297e-33 0 1.99057e-32 0 5.85408e-32 0 1.53199e-31 0 3.65693e-31 0 8.13914e-31 0 1.72271e-30 0 3.37381e-30 0 6.32508e-30 0 1.13762e-29 0 1.96687e-29 0 3.36802e-29 0 5.40671e-29 0 8.61606e-29 0 1.34511e-28 0 2.03177e-28 0 3.01201e-28 0 4.44188e-28 0 6.35361e-28 0 9.04837e-28 0 1.25164e-27 0 1.72505e-27 0 2.36901e-27 0 3.16501e-27 0 4.21598e-27 0 5.53407e-27 0 7.24513e-27 0 9.35198e-27 0 1.20432e-26 0 1.52986e-26 0 1.93936e-26 0 2.42622e-26 0 3.02972e-26 0 3.73526e-26 0 4.59764e-26 0 5.65006e-26 0 6.93241e-26 0 8.40259e-26 0 1.00634e-25 0 1.20378e-25 0 1.45328e-25 0 1.71622e-25 0 2.02459e-25 0 2.41041e-25 0 2.83743e-25 0 3.30315e-25 0 3.88065e-25 0 4.55454e-25 0 5.23525e-25 0 6.07276e-25 0 7.03819e-25 0 8.07106e-25 0
10.0767 4.98706e-13 4.98705e-13 1.12235e-18 2.25053e-06 3.8275e-05 0 0 0 0 0 0 0 0 0 0 0 0 0 0 0 0 2.24208e-44 0 8.0769e-40 0 2.19103e-37 0 9.22035e-36 0 1.47478e-34 0 1.30371e-33 0 7.79507e-33 0 3.56117e-32 0 1.32576e-31 0 4.1727e-31 0 1.1642e-30 0 2.90686e-30 0 6.65023e-30 0 1.42342e-29 0 2.90449e-29 0 5.50459e-29 0 1.00079e-28 0 1.74916e-28 0 2.94441e-28 0 4.91125e-28 0 7.70396e-28 0 1.20008e-27 0 1.83322e-27 0 2.71384e-27 0 3.94656e-27 0 5.71073e-27 0 8.02704e-27 0 1.12359e-26 0 1.52981e-26 0 2.07567e-26 0 2.80671e-26 0 3.69711e-26 0 4.8563e-26 0 6.29048e-26 0 8.1278e-26 0 1.03614e-25 0 1.31794e-25 0 1.65474e-25 0 2.07351e-25 0 2.56584e-25 0 3.16951e-25 0 3.86786e-25 0 4.71282e-25 0 5.73362e-25 0 6.96503e-25 0 8.36321e-25 0 9.92847e-25 0 1.17729e-24 0 1.4083e-24 0 1.64964e-24 0 1.93042e-24 0 2.2788e-24 0 2.66122e-24 0 3.07512e-24 0 3.58444e-24 0 4.17413e-24 0 4.76547e-24 0 5.48792e-24 0 6.31473e-24 0 7.19317e-24 0
10.5939 4.24605e-13 4.24604e-13 9.963e-19 2.34642e-06 3.76403e-05 0 0 0 0 0 0 0 0 0 0 0 0 0 0 0 0 1.54843e-42 0 3.37172e-38 0 6.95739e-36 0 2.43921e-34 0 3.40759e-33 0 2.70826e-32 0 1.48392e-31 0 6.29465e-31 0 2.19771e-30 0 6.5405e-30 0 1.73566e-29 0 4.14438e-29 0 9.10592e-29 0 1.87795e-28 0 3.70082e-28 0 6.79825e-28 0 1.20044e-27 0 2.04167e-27 0 3.35053e-27 0 5.45078e-27 0 8.36439e-27 0 1.27506e-26 0 1.90788e-26 0 2.7708e-26 0 3.95638e-26 0 5.62259e-26 0 7.77286e-26 0 1.07029e-25 0 1.43545e-25 0 1.91884e-25 0 2.5567e-25 0 3.32279e-25 0 4.30688e-25 0 5.50877e-25 0 7.02926e-25 0 8.85537e-25 0 1.11322e-24 0 1.38227e-24 0 1.71311e-24 0 2.09793e-24 0 2.56491e-24 0 3.09977e-24 0 3.74067e-24 0 4.50755e-24 0 5.42387e-24 0 6.45476e-24 0 7.59892e-24 0 8.93596e-24 0 1.05962e-23 0 1.23167e-23 0 1.43028e-23 0 1.67478e-23 0 1.94108e-23 0 2.2272e-23 0 2.57674e-23 0 2.97841e-23 0 3.37843e-23 0 3.86388e-23 0 4.41566e-23 0 4.99803e-23 0
11.1377 3.54739e-13 3.54738e-13 8.37304e-19 2.36034e-06 3.85489e-05 0 0 0 0 0 0 0 0 0 0 0 0 0 0 1.4013e-45 0 8.4347e-41 0 1.12823e-36 0 1.79467e-34 0 5.2889e-33 0 6.49606e-32 0 4.66593e-31 0 2.35284e-30 0 9.30064e-30 0 3.05492e-29 0 8.62018e-29 0 2.1811e-28 0 4.99132e-28 0 1.05533e-27 0 2.10088e-27 0 4.00526e-27 0 7.14225e-27 0 1.22665e-26 0 2.03286e-26 0 3.25634e-26 0 5.17317e-26 0 7.77414e-26 0 1.16094e-25 0 1.70328e-25 0 2.42899e-25 0 3.40852e-25 0 4.76159e-25 0 6.47932e-25 0 8.78353e-25 0 1.16126e-24 0 1.53047e-24 0 2.01086e-24 0 2.58016e-24 0 3.30223e-24 0 4.1733e-24 0 5.26219e-24 0 6.55491e-24 0 8.14874e-24 0 1.00118e-23 0 1.22787e-23 0 1.48889e-23 0 1.80253e-23 0 2.15836e-23 0 2.58083e-23 0 3.08173e-23 0 3.67485e-23 0 4.33632e-23 0 5.06445e-23 0 5.90861e-23 0 6.94835e-23 0 8.01741e-23 0 9.24255e-23 0 1.07395e-22 0 1.23578e-22 0 1.40844e-22 0 1.61793e-22 0 1.85696e-22 0 2.09344e-22 0 2.3786e-22 0 2.70061e-22 0 3.03836e-22 0
11.7094 2.84876e-13 2.84875e-13 6.54718e-19 2.29826e-06 3.87802e-05 0 0 0 0 0 0 0 0 0 0 0 0 4.2039e-45 0 1.28919e-43 0 3.55919e-39 0 2.99374e-35 0 3.71802e-33 0 9.28862e-32 0 1.00937e-30 0 6.58466e-30 0 3.06818e-29 0 1.13412e-28 0 3.51502e-28 0 9.42862e-28 0 2.27994e-27 0 5.01082e-27 0 1.02142e-26 0 1.96616e-26 0 3.63217e-26 0 6.29661e-26 0 1.05324e-25 0 1.70294e-25 0 2.66582e-25 0 4.14041e-25 0 6.09961e-25 0 8.93215e-25 0 1.28619e-24 0 1.80268e-24 0 2.48814e-24 0 3.41958e-24 0 4.58373e-24 0 6.12218e-24 0 7.98447e-24 0 1.03822e-23 0 1.34603e-23 0 1.70622e-23 0 2.15757e-23 0 2.69571e-23 0 3.36081e-23 0 4.14177e-23 0 5.09442e-23 0 6.19654e-23 0 7.52426e-23 0 9.03827e-23 0 1.08406e-22 0 1.28669e-22 0 1.52517e-22 0 1.80548e-22 0 2.13455e-22 0 2.49849e-22 0 2.89599e-22 0 3.35337e-22 0 3.91238e-22 0 4.48289e-22 0 5.13217e-22 0 5.91982e-22 0 6.76534e-22 0 7.66155e-22 0 8.74169e-22 0 9.96591e-22 0 1.11695e-21 0 1.26121e-21 0 1.4231e-21 0 1.59189e-21 0
12.3105 2.28836e-13 2.28835e-13 4.87865e-19 2.13194e-06 3.85734e-05 0 0 0 0 0 0 0 0 0 0 2.8026e-45 0 2.42425e-43 0 7.32178e-42 0 1.22305e-37 0 6.61729e-34 0 6.49434e-32 0 1.38655e-30 0 1.34107e-29 0 7.98299e-29 0 3.4505e-28 0 1.19657e-27 0 3.5093e-27 0 8.97056e-27 0 2.07764e-26 0 4.394e-26 0 8.6508e-26 0 1.61281e-25 0 2.89146e-25 0 4.87967e-25 0 7.95979e-25 0 1.25715e-24 0 1.92538e-24 0 2.9268e-24 0 4.23093e-24 0 6.08138e-24 0 8.60239e-24 0 1.18598e-23 0 1.61138e-23 0 2.18049e-23 0 2.88129e-23 0 3.79436e-23 0 4.8848e-23 0 6.27077e-23 0 8.02755e-23 0 1.00585e-22 0 1.25744e-22 0 1.55408e-22 0 1.91676e-22 0 2.33819e-22 0 2.84708e-22 0 3.43005e-22 0 4.12571e-22 0 4.91171e-22 0 5.83909e-22 0 6.87278e-22 0 8.07926e-22 0 9.4857e-22 0 1.11232e-21 0 1.29201e-21 0 1.48681e-21 0 1.70934e-21 0 1.97933e-21 0 2.25294e-21 0 2.56227e-21 0 2.93498e-21 0 3.33239e-21 0 3.75098e-21 0 4.25233e-21 0 4.81692e-21 0 5.36868e-21 0 6.02624e-21 0 6.7598e-21 0 7.52031e-21 0
12.9424 2.08073e-13 2.08073e-13 3.54785e-19 1.7051e-06 3.6896e-05 0 0 0 0 0 0 0 0 0 0 1.90577e-43 0 1.47234e-41 0 3.76484e-40 0 3.91213e-36 0 1.39116e-32 0 1.09139e-30 0 2.00667e-29 0 1.73729e-28 0 9.47902e-28 0 3.81453e-27 0 1.24488e-26 0 3.46416e-26 0 8.45855e-26 0 1.88035e-25 0 3.83395e-25 0 7.30261e-25 0 1.32068e-24 0 2.30119e-24 0 3.78556e-24 0 6.02927e-24 0 9.31234e-24 0 1.39685e-23 0 2.0804e-23 0 2.95377e-23 0 4.17109e-23 0 5.80112e-23 0 7.87336e-23 0 1.05386e-22 0 1.40516e-22 0 1.83168e-22 0 2.37992e-22 0 3.02632e-22 0 3.8379e-22 0 4.85421e-22 0 6.01572e-22 0 7.43885e-22 0 9.09916e-22 0 1.11083e-21 0 1.34198e-21 0 1.61842e-21 0 1.93215e-21 0 2.30316e-21 0 2.7187e-21 0 3.20484e-21 0 3.74228e-21 0 4.36462e-21 0 5.08442e-21 0 5.91598e-21 0 6.82159e-21 0 7.79645e-21 0 8.90254e-21 0 1.02352e-20 0 1.15766e-20 0 1.30836e-20 0 1.48877e-20 0 1.67991e-20 0 1.88003e-20 0 2.1183e-20 0 2.38499e-20 0 2.64414e-20 0 2.9513e-20 0 3.29205e-20 0 3.6434e-20 0
13.6067 2.01945e-13 2.01945e-13 2.75836e-19 1.3659e-06 3.35557e-05 0 0 0 0 0 0 0 0 2.52234e-44 0 1.22684e-41 0 7.6797e-40 0 1.67627e-38 0 1.10893e-34 0 2.64541e-31 0 1.67724e-29 0 2.67518e-28 0 2.08441e-27 0 1.04688e-26 0 3.93595e-26 0 1.21243e-25 0 3.20942e-25 0 7.5023e-25 0 1.60398e-24 0 3.15864e-24 0 5.83e-24 0 1.02429e-23 0 1.73702e-23 0 2.78887e-23 0 4.34204e-23 0 6.56554e-23 0 9.65526e-23 0 1.41031e-22 0 1.96839e-22 0 2.73317e-22 0 3.74055e-22 0 5.00157e-22 0 6.60006e-22 0 8.6774e-22 0 1.11659e-21 0 1.43237e-21 0 1.80016e-21 0 2.25659e-21 0 2.82161e-21 0 3.46032e-21 0 4.23479e-21 0 5.12928e-21 0 6.20116e-21 0 7.42271e-21 0 8.87022e-21 0 1.04985e-20 0 1.24076e-20 0 1.4528e-20 0 1.69888e-20 0 1.96882e-20 0 2.27906e-20 0 2.6352e-20 0 3.04359e-20 0 3.48518e-20 0 3.95735e-20 0 4.4896e-20 0 5.12662e-20 0 5.76375e-20 0 6.47525e-20 0 7.32181e-20 0 8.21324e-20 0 9.1413e-20 0 1.024e-19 0 1.14626e-19 0 1.26443e-19 0 1.40377e-19 0 1.55751e-19 0 1.71522e-19 0
14.3051 2.00896e-13 2.00896e-13 2.16419e-19 1.07727e-06 2.87535e-05 0 0 0 0 0 0 0 0 1.8343e-42 0 6.52802e-40 0 3.33893e-38 0 6.2695e-37 0 2.69932e-33 0 4.40493e-30 0 2.28063e-28 0 3.17752e-27 0 2.23968e-26 0 1.03962e-25 0 3.66395e-25 0 1.06832e-24 0 2.69668e-24 0 6.04774e-24 0 1.2459e-23 0 2.37365e-23 0 4.25197e-23 0 7.26769e-23 0 1.2011e-22 0 1.88435e-22 0 2.87104e-22 0 4.2545e-22 0 6.13995e-22 0 8.80401e-22 0 1.20895e-21 0 1.65198e-21 0 2.22648e-21 0 2.93515e-21 0 3.82112e-21 0 4.95713e-21 0 6.30067e-21 0 7.98488e-21 0 9.92382e-21 0 1.23035e-20 0 1.52172e-20 0 1.84768e-20 0 2.23903e-20 0 2.68671e-20 0 3.21821e-20 0 3.81848e-20 0 4.52361e-20 0 5.31014e-20 0 6.22475e-20 0 7.23262e-20 0 8.39333e-20 0 9.6572e-20 0 1.10993e-19 0 1.27431e-19 0 1.46148e-19 0 1.66249e-19 0 1.87605e-19 0 2.11531e-19 0 2.39984e-19 0 2.68271e-19 0 2.99679e-19 0 3.36832e-19 0 3.75728e-19 0 4.16003e-19 0 4.63428e-19 0 5.15911e-19 0 5.66378e-19 0 6.25587e-19 0 6.90589e-19 0 7.56946e-19 0
15.0394 2.10705e-13 2.10705e-13 1.74648e-19 8.28872e-07 2.43465e-05 0 0 0 0 0 0 2.8026e-45 0 1.11511e-40 0 2.97878e-38 0 1.25728e-36 0 2.04585e-35 0 5.85421e-32 0 6.65727e-29 0 2.84264e-27 0 3.48257e-26 0 2.23146e-25 0 9.61014e-25 0 3.18488e-24 0 8.8136e-24 0 2.12641e-23 0 4.58443e-23 0 9.117e-23 0 1.68313e-22 0 2.93042e-22 0 4.87943e-22 0 7.8686e-22 0 1.20762e-21 0 1.80253e-21 0 2.6203e-21 0 3.7144e-21 0 5.23315e-21 0 7.07565e-21 0 9.52229e-21 0 1.26482e-20 0 1.64505e-20 0 2.11421e-20 0 2.70812e-20 0 3.40204e-20 0 4.26184e-20 0 5.24081e-20 0 6.42969e-20 0 7.87026e-20 0 9.46602e-20 0 1.13639e-19 0 1.35152e-19 0 1.60468e-19 0 1.88816e-19 0 2.2184e-19 0 2.58381e-19 0 3.00543e-19 0 3.46656e-19 0 3.99376e-19 0 4.56378e-19 0 5.20977e-19 0 5.94113e-19 0 6.76833e-19 0 7.65094e-19 0 8.58297e-19 0 9.62101e-19 0 1.08481e-18 0 1.2061e-18 0 1.34004e-18 0 1.4976e-18 0 1.66165e-18 0 1.83064e-18 0 2.02861e-18 0 2.24656e-18 0 2.4551e-18 0 2.69863e-18 0 2.96469e-18 0 3.23503e-18 0
15.8114 2.31524e-13 2.31523e-13 1.52275e-19 6.57708e-07 2.08857e-05 0 0 0 0 0 0 2.43826e-43 0 5.75391e-39 0 1.17005e-36 0 4.11376e-35 0 5.84162e-34 0 1.13335e-30 0 9.14098e-28 0 3.24949e-26 0 3.5226e-25 0 2.06142e-24 0 8.26696e-24 0 2.58406e-23 0 6.80425e-23 0 1.57253e-22 0 3.26549e-22 0 6.27968e-22 0 1.12513e-21 0 1.90659e-21 0 3.0966e-21 0 4.87845e-21 0 7.33218e-21 0 1.07322e-20 0 1.53189e-20 0 2.13484e-20 0 2.95782e-20 0 3.94074e-20 0 5.22705e-20 0 6.84737e-20 0 8.7923e-20 0 1.11622e-19 0 1.4126e-19 0 1.75491e-19 0 2.17438e-19 0 2.64699e-19 0 3.2152e-19 0 3.89691e-19 0 4.64498e-19 0 5.52673e-19 0 6.5176e-19 0 7.67384e-19 0 8.95805e-19 0 1.04423e-18 0 1.20722e-18 0 1.39388e-18 0 1.59658e-18 0 1.82672e-18 0 2.07389e-18 0 2.3522e-18 0 2.66526e-18 0 3.01708e-18 0 3.39017e-18 0 3.78187e-18 0 4.21569e-18 0 4.7256e-18 0 5.22682e-18 0 5.77751e-18 0 6.42187e-18 0 7.08925e-18 0 7.77339e-18 0 8.57097e-18 0 9.44461e-18 0 1.02767e-17 0 1.1244e-17 0 1.2296e-17 0 1.33602e-17 0
16.623 2.54676e-13 2.54676e-13 1.44325e-19 5.66698e-07 1.8052e-05 0 0 0 0 0 0 1.68548e-41 0 2.43308e-37 0 3.81679e-35 0 1.12785e-33 0 1.40697e-32 0 1.88621e-29 0 1.09725e-26 0 3.27651e-25 0 3.16173e-24 0 1.69733e-23 0 6.36055e-23 0 1.88056e-22 0 4.72318e-22 0 1.04783e-21 0 2.09964e-21 0 3.91083e-21 0 6.81032e-21 0 1.12471e-20 0 1.78395e-20 0 2.74879e-20 0 4.04999e-20 0 5.81879e-20 0 8.16253e-20 0 1.11925e-19 0 1.52622e-19 0 2.00512e-19 0 2.62319e-19 0 3.39134e-19 0 4.30179e-19 0 5.39804e-19 0 6.75325e-19 0 8.30131e-19 0 1.01785e-18 0 1.22724e-18 0 1.4766e-18 0 1.77295e-18 0 2.09525e-18 0 2.47193e-18 0 2.89173e-18 0 3.37769e-18 0 3.91327e-18 0 4.52765e-18 0 5.1974e-18 0 5.95907e-18 0 6.78055e-18 0 7.70709e-18 0 8.69587e-18 0 9.80235e-18 0 1.10394e-17 0 1.24213e-17 0 1.3878e-17 0 1.53991e-17 0 1.70747e-17 0 1.90336e-17 0 2.0949e-17 0 2.30432e-17 0 2.54813e-17 0 2.79939e-17 0 3.05577e-17 0 3.35327e-17 0 3.67761e-17 0 3.98515e-17 0 4.34116e-17 0 4.72662e-17 0 5.11494e-17 0
17.4762 2.68333e-13 2.68333e-13 1.4154e-19 5.27481e-07 1.57843e-05 0 0 0 0 0 0 9.00784e-40 0 8.14626e-36 0 9.98402e-34 0 2.50069e-32 0 2.75792e-31 0 2.60135e-28 0 1.109e-25 0 2.80553e-24 0 2.42359e-23 0 1.19858e-22 0 4.21099e-22 0 1.18084e-21 0 2.83538e-21 0 6.05022e-21 0 1.17189e-20 0 2.1175e-20 0 3.58889e-20 0 5.78356e-20 0 8.96928e-20 0 1.35316e-19 0 1.95634e-19 0 2.76146e-19 0 3.81025e-19 0 5.14471e-19 0 6.90998e-19 0 8.95804e-19 0 1.15666e-18 0 1.47673e-18 0 1.85155e-18 0 2.29778e-18 0 2.84339e-18 0 3.46014e-18 0 4.20056e-18 0 5.01864e-18 0 5.98408e-18 0 7.12121e-18 0 8.34741e-18 0 9.7689e-18 0 1.13408e-17 0 1.31465e-17 0 1.5122e-17 0 1.7372e-17 0 1.98079e-17 0 2.25596e-17 0 2.55081e-17 0 2.8813e-17 0 3.23185e-17 0 3.62184e-17 0 4.05532e-17 0 4.53673e-17 0 5.04143e-17 0 5.56564e-17 0 6.14023e-17 0 6.80846e-17 0 7.45862e-17 0 8.16615e-17 0 8.98594e-17 0 9.8268e-17 0 1.0681e-16 0 1.16678e-16 0 1.27388e-16 0 1.375e-16 0 1.49159e-16 0 1.61731e-16 0 1.74344e-16 0
18.3733 2.67391e-13 2.67391e-13 1.36204e-19 5.09381e-07 1.40608e-05 0 0 0 0 0 0 3.7131e-38 0 2.15233e-34 0 2.0859e-32 0 4.46431e-31 0 4.37901e-30 0 2.95638e-27 0 9.37772e-25 0 2.02618e-23 0 1.57543e-22 0 7.20632e-22 0 2.38115e-21 0 6.34934e-21 0 1.46075e-20 0 3.00376e-20 0 5.63331e-20 0 9.88903e-20 0 1.63344e-19 0 2.5717e-19 0 3.90372e-19 0 5.77232e-19 0 8.1965e-19 0 1.13767e-18 0 1.54527e-18 0 2.0561e-18 0 2.7221e-18 0 3.48447e-18 0 4.44333e-18 0 5.60563e-18 0 6.95126e-18 0 8.53608e-18 0 1.04537e-17 0 1.25998e-17 0 1.51518e-17 0 1.79461e-17 0 2.12154e-17 0 2.50333e-17 0 2.91171e-17 0 3.38148e-17 0 3.89709e-17 0 4.48514e-17 0 5.12397e-17 0 5.84663e-17 0 6.62386e-17 0 7.49628e-17 0 8.42537e-17 0 9.46053e-17 0 1.05522e-16 0 1.176e-16 0 1.3095e-16 0 1.45695e-16 0 1.61071e-16 0 1.76963e-16 0 1.94298e-16 0 2.14359e-16 0 2.33786e-16 0 2.54833e-16 0 2.79108e-16 0 3.03896e-16 0 3.2897e-16 0 3.57816e-16 0 3.88988e-16 0 4.18305e-16 0 4.51975e-16 0 4.88135e-16 0 5.24279e-16 0
19.3164 2.51924e-13 2.51924e-13 1.25379e-19 4.97684e-07 1.29059e-05 0 0 0 0 0 0 1.19195e-36 0 4.52581e-33 0 3.50831e-31 0 6.46547e-30 0 5.67292e-29 0 2.78643e-26 0 6.67207e-24 0 1.24074e-22 0 8.72802e-22 0 3.70672e-21 0 1.15537e-20 0 2.93674e-20 0 6.48702e-20 0 1.2878e-19 0 2.34214e-19 0 4.00011e-19 0 6.44733e-19 0 9.92825e-19 0 1.47666e-18 0 2.1422e-18 0 2.99022e-18 0 4.08448e-18 0 5.46553e-18 0 7.17161e-18 0 9.36543e-18 0 1.18447e-17 0 1.49259e-17 0 1.86179e-17 0 2.28459e-17 0 2.77746e-17 0 3.36791e-17 0 4.0225e-17 0 4.79387e-17 0 5.63124e-17 0 6.60291e-17 0 7.72848e-17 0 8.92318e-17 0 1.02874e-16 0 1.17742e-16 0 1.34582e-16 0 1.52754e-16 0 1.73179e-16 0 1.95009e-16 0 2.19364e-16 0 2.45149e-16 0 2.73716e-16 0 3.03678e-16 0 3.36649e-16 0 3.72903e-16 0 4.12737e-16 0 4.54067e-16 0 4.96579e-16 0 5.42741e-16 0 5.95913e-16 0 6.47172e-16 0 7.02472e-16 0 7.6598e-16 0 8.30548e-16 0 8.95602e-16 0 9.70146e-16 0 1.05037e-15 0 1.12553e-15 0 1.21154e-15 0 1.30356e-15 0 1.39521e-15 0
20.3079 2.29668e-13 2.29668e-13 1.09195e-19 4.75446e-07 1.22462e-05 0 0 0 0 5.60519e-45 0 3.07863e-35 0 7.8169e-32 0 4.89991e-30 0 7.83256e-29 0 6.181e-28 0 2.24339e-25 0 4.11105e-23 0 6.6282e-22 0 4.23901e-21 0 1.67754e-20 0 4.9465e-20 0 1.20133e-19 0 2.55293e-19 0 4.90119e-19 0 8.65732e-19 0 1.44043e-18 0 2.26819e-18 0 3.41994e-18 0 4.98895e-18 0 7.10719e-18 0 9.76044e-18 0 1.31308e-17 0 1.73225e-17 0 2.24303e-17 0 2.89125e-17 0 3.61496e-17 0 4.5042e-17 0 5.55802e-17 0 6.75239e-17 0 8.13122e-17 0 9.76746e-17 0 1.15651e-16 0 1.36654e-16 0 1.59267e-16 0 1.85303e-16 0 2.1523e-16 0 2.46763e-16 0 2.82521e-16 0 3.21227e-16 0 3.64782e-16 0 4.11486e-16 0 4.63656e-16 0 5.19084e-16 0 5.80568e-16 0 6.453e-16 0 7.16628e-16 0 7.91051e-16 0 8.72535e-16 0 9.61685e-16 0 1.05915e-15 0 1.15979e-15 0 1.26285e-15 0 1.37427e-15 0 1.50204e-15 0 1.62468e-15 0 1.75646e-15 0 1.90718e-15 0 2.05979e-15 0 2.21296e-15 0 2.38781e-15 0 2.57526e-15 0 2.75025e-15 0 2.94978e-15 0 3.1625e-15 0 3.37364e-15 0
21.3503 2.11528e-13 2.11528e-13 9.41444e-20 4.45068e-07 1.16023e-05 0 0 0 0 4.06377e-43 0 6.74043e-34 0 1.16717e-30 0 5.97782e-29 0 8.34619e-28 0 5.95444e-27 0 1.6207e-24 0 2.30283e-22 0 3.24154e-21 0 1.89354e-20 0 7.00674e-20 0 1.9598e-19 0 4.55786e-19 0 9.33583e-19 0 1.73615e-18 0 2.98267e-18 0 4.84081e-18 0 7.45551e-18 0 1.10181e-17 0 1.57795e-17 0 2.20942e-17 0 2.9876e-17 0 3.96146e-17 0 5.15585e-17 0 6.59242e-17 0 8.39293e-17 0 1.03799e-16 0 1.27951e-16 0 1.56275e-16 0 1.88061e-16 0 2.24418e-16 0 2.67175e-16 0 3.13749e-16 0 3.67718e-16 0 4.25375e-16 0 4.91267e-16 0 5.66454e-16 0 6.45123e-16 0 7.33744e-16 0 8.29055e-16 0 9.35639e-16 0 1.04924e-15 0 1.1754e-15 0 1.30868e-15 0 1.45571e-15 0 1.60969e-15 0 1.77849e-15 0 1.95374e-15 0 2.14469e-15 0 2.35262e-15 0 2.57888e-15 0 2.81144e-15 0 3.04856e-15 0 3.30386e-15 0 3.59539e-15 0 3.87407e-15 0 4.17239e-15 0 4.51224e-15 0 4.85503e-15 0 5.19783e-15 0 5.58774e-15 0 6.00419e-15 0 6.39162e-15 0 6.83194e-15 0 7.29976e-15 0 7.76258e-15 0
22.4463 1.92717e-13 1.92717e-13 8.13038e-20 4.21882e-07 1.09882e-05 0 0 0 0 2.10321e-41 0 1.2354e-32 0 1.48642e-29 0 6.28187e-28 0 7.7114e-27 0 4.9983e-26 0 1.03468e-23 0 1.15416e-21 0 1.42785e-20 0 7.65211e-20 0 2.65631e-19 0 7.06584e-19 0 1.57695e-18 0 3.11893e-18 0 5.62709e-18 0 9.41516e-18 0 1.49236e-17 0 2.25048e-17 0 3.26305e-17 0 4.5919e-17 0 6.32471e-17 0 8.42728e-17 0 1.10214e-16 0 1.4161e-16 0 1.78907e-16 0 2.251e-16 0 2.75518e-16 0 3.36176e-16 0 4.06603e-16 0 4.84903e-16 0 5.73674e-16 0 6.77182e-16 0 7.89015e-16 0 9.17597e-16 0 1.05395e-15 0 1.20868e-15 0 1.38401e-15 0 1.56625e-15 0 1.77024e-15 0 1.9883e-15 0 2.2307e-15 0 2.48759e-15 0 2.77128e-15 0 3.06938e-15 0 3.39653e-15 0 3.73741e-15 0 4.10928e-15 0 4.49353e-15 0 4.91032e-15 0 5.3621e-15 0 5.85149e-15 0 6.35234e-15 0 6.86093e-15 0 7.40636e-15 0 8.02666e-15 0 8.61736e-15 0 9.24737e-15 0 9.96244e-15 0 1.0681e-14 0 1.13971e-14 0 1.22089e-14 0 1.30729e-14 0 1.3874e-14 0 1.47816e-14 0 1.57428e-14 0 1.66907e-14 0
23.5984 1.71463e-13 1.71463e-13 6.8719e-20 4.0078e-07 1.03889e-05 0 0 0 0 8.60756e-40 0 1.88657e-31 0 1.6055e-28 0 5.65164e-27 0 6.13828e-26 0 3.63166e-25 0 5.79446e-23 0 5.13463e-21 0 5.6181e-20 0 2.7739e-19 0 9.06146e-19 0 2.29794e-18 0 4.9314e-18 0 9.43404e-18 0 1.65372e-17 0 2.69832e-17 0 4.18187e-17 0 6.18106e-17 0 8.80104e-17 0 1.21803e-16 0 1.65165e-16 0 2.17009e-16 0 2.80116e-16 0 3.55533e-16 0 4.44075e-16 0 5.52503e-16 0 6.69613e-16 0 8.09134e-16 0 9.69598e-16 0 1.14641e-15 0 1.3452e-15 0 1.57511e-15 0 1.82158e-15 0 2.10288e-15 0 2.39908e-15 0 2.73296e-15 0 3.10876e-15 0 3.49692e-15 0 3.92881e-15 0 4.38781e-15 0 4.89518e-15 0 5.42993e-15 0 6.01737e-15 0 6.63148e-15 0 7.30209e-15 0 7.99751e-15 0 8.75262e-15 0 9.52939e-15 0 1.03683e-14 0 1.12737e-14 0 1.22502e-14 0 1.32456e-14 0 1.42524e-14 0 1.5328e-14 0 1.65467e-14 0 1.77029e-14 0 1.89318e-14 0 2.03217e-14 0 2.17135e-14 0 2.30961e-14 0 2.46581e-14 0 2.6315e-14 0 2.78467e-14 0 2.95767e-14 0 3.14032e-14 0 3.31993e-14 0
24.8097 1.5222e-13 1.5222e-13 5.71927e-20 3.75724e-07 9.79843e-06 0 0 0 0 2.88033e-38 0 2.47174e-30 0 1.51318e-27 0 4.47656e-26 0 4.32755e-25 0 2.3475e-24 0 2.92387e-22 0 2.08147e-20 0 2.02637e-19 0 9.25464e-19 0 2.85343e-18 0 6.91474e-18 0 1.4296e-17 0 2.64964e-17 0 4.5191e-17 0 7.19946e-17 0 1.09216e-16 0 1.58378e-16 0 2.21653e-16 0 3.01931e-16 0 4.03375e-16 0 5.22975e-16 0 6.66696e-16 0 8.36402e-16 0 1.03342e-15 0 1.2721e-15 0 1.52733e-15 0 1.8286e-15 0 2.17197e-15 0 2.54713e-15 0 2.96555e-15 0 3.44575e-15 0 3.95676e-15 0 4.53586e-15 0 5.14158e-15 0 5.81997e-15 0 6.57876e-15 0 7.35778e-15 0 8.21966e-15 0 9.13056e-15 0 1.01321e-14 0 1.11822e-14 0 1.23299e-14 0 1.35239e-14 0 1.48217e-14 0 1.61613e-14 0 1.76094e-14 0 1.90928e-14 0 2.06882e-14 0 2.2403e-14 0 2.42451e-14 0 2.61152e-14 0 2.79999e-14 0 3.00063e-14 0 3.22712e-14 0 3.44125e-14 0 3.6681e-14 0 3.9238e-14 0 4.179e-14 0 4.43171e-14 0 4.71634e-14 0 5.0173e-14 0 5.29469e-14 0 5.60711e-14 0 5.93599e-14 0 6.25846e-14 0
26.0832 1.35528e-13 1.35528e-13 4.73614e-20 3.49459e-07 9.24544e-06 0 0 0 0 7.9982e-37 0 2.81323e-29 0 1.259e-26 0 3.15687e-25 0 2.73179e-24 0 1.36445e-23 0 1.34278e-21 0 7.76203e-20 0 6.76189e-19 0 2.8675e-18 0 8.36826e-18 0 1.94212e-17 0 3.87538e-17 0 6.96953e-17 0 1.1581e-16 0 1.80352e-16 0 2.68084e-16 0 3.81767e-16 0 5.25592e-16 0 7.05228e-16 0 9.28943e-16 0 1.1892e-15 0 1.49814e-15 0 1.8588e-15 0 2.27304e-15 0 2.7698e-15 0 3.29597e-15 0 3.91155e-15 0 4.60719e-15 0 5.36111e-15 0 6.19562e-15 0 7.14628e-15 0 8.15087e-15 0 9.28172e-15 0 1.0457e-14 0 1.17653e-14 0 1.32199e-14 0 1.47048e-14 0 1.63387e-14 0 1.80564e-14 0 1.99354e-14 0 2.18958e-14 0 2.40284e-14 0 2.62366e-14 0 2.86258e-14 0 3.10815e-14 0 3.37251e-14 0 3.64219e-14 0 3.93109e-14 0 4.24041e-14 0 4.57141e-14 0 4.90619e-14 0 5.24239e-14 0 5.5991e-14 0 6.00037e-14 0 6.37849e-14 0 6.7778e-14 0 7.22646e-14 0 7.67281e-14 0 8.1135e-14 0 8.6084e-14 0 9.13011e-14 0 9.60959e-14 0 1.01482e-13 0 1.07135e-13 0 1.12664e-13 0
27.4221 1.20831e-13 1.20831e-13 3.91464e-20 3.23975e-07 8.73127e-06 0 0 0 0 1.85733e-35 0 2.79683e-28 0 9.29098e-26 0 1.99057e-24 0 1.55028e-23 0 7.15839e-23 0 5.63062e-21 0 2.66992e-19 0 2.09263e-18 0 8.26978e-18 0 2.29042e-17 0 5.10158e-17 0 9.84224e-17 0 1.72004e-16 0 2.78814e-16 0 4.24908e-16 0 6.195e-16 0 8.67105e-16 0 1.17529e-15 0 1.5545e-15 0 2.02026e-15 0 2.55527e-15 0 3.18301e-15 0 3.90789e-15 0 4.73208e-15 0 5.71085e-15 0 6.73827e-15 0 7.9302e-15 0 9.26616e-15 0 1.0703e-14 0 1.2282e-14 0 1.40681e-14 0 1.5943e-14 0 1.80402e-14 0 2.02065e-14 0 2.26041e-14 0 2.52546e-14 0 2.79456e-14 0 3.08914e-14 0 3.39729e-14 0 3.73274e-14 0 4.08108e-14 0 4.45828e-14 0 4.84714e-14 0 5.2661e-14 0 5.69492e-14 0 6.15471e-14 0 6.62194e-14 0 7.12062e-14 0 7.65256e-14 0 8.21969e-14 0 8.79125e-14 0 9.36333e-14 0 9.96836e-14 0 1.06467e-13 0 1.12839e-13 0 1.19548e-13 0 1.27063e-13 0 1.34518e-13 0 1.41856e-13 0 1.50075e-13 0 1.58713e-13 0 1.66631e-13 0 1.75502e-13 0 1.8479e-13 0 1.9385e-13 0
28.8297 1.07754e-13 1.07754e-13 3.22568e-20 2.99357e-07 8.22171e-06 0 0 0 0 3.6346e-34 0 2.44222e-27 0 6.1105e-25 0 1.12723e-23 0 7.94185e-23 0 3.4032e-22 0 2.16307e-20 0 8.49546e-19 0 6.02175e-18 0 2.22529e-17 0 5.86418e-17 0 1.25608e-16 0 2.34677e-16 0 3.99097e-16 0 6.31846e-16 0 9.43319e-16 0 1.35024e-15 0 1.85914e-15 0 2.48276e-15 0 3.2393e-15 0 4.15635e-15 0 5.19708e-15 0 6.40476e-15 0 7.78498e-15 0 9.33919e-15 0 1.11679e-14 0 1.30711e-14 0 1.52614e-14 0 1.76973e-14 0 2.02981e-14 0 2.31367e-14 0 2.63263e-14 0 2.96532e-14 0 3.3352e-14 0 3.71507e-14 0 4.13321e-14 0 4.59292e-14 0 5.05725e-14 0 5.56306e-14 0 6.08965e-14 0 6.66025e-14 0 7.25014e-14 0 7.88612e-14 0 8.53904e-14 0 9.23963e-14 0 9.9539e-14 0 1.07168e-13 0 1.14893e-13 0 1.23108e-13 0 1.3184e-13 0 1.41117e-13 0 1.50435e-13 0 1.59732e-13 0 1.69535e-13 0 1.80491e-13 0 1.90751e-13 0 2.01523e-13 0 2.13555e-13 0 2.25455e-13 0 2.37139e-13 0 2.50188e-13 0 2.63868e-13 0 2.76374e-13 0 2.90351e-13 0 3.04948e-13 0 3.19152e-13 0
30.3095 9.61719e-14 9.61719e-14 2.654e-20 2.75965e-07 7.7393e-06 0 0 0 0 6.04771e-33 0 1.88618e-26 0 3.60396e-24 0 5.76642e-23 0 3.69333e-22 0 1.47411e-21 0 7.65021e-20 0 2.51165e-18 0 1.61796e-17 0 5.60939e-17 0 1.40991e-16 0 2.9097e-16 0 5.2729e-16 0 8.7377e-16 0 1.35266e-15 0 1.98033e-15 0 2.78539e-15 0 3.77576e-15 0 4.97158e-15 0 6.40283e-15 0 8.11608e-15 0 1.00382e-14 0 1.22453e-14 0 1.4743e-14 0 1.75298e-14 0 2.07801e-14 0 2.41352e-14 0 2.79671e-14 0 3.21975e-14 0 3.66829e-14 0 4.15463e-14 0 4.69768e-14 0 5.26068e-14 0 5.883e-14 0 6.51865e-14 0 7.21466e-14 0 7.97593e-14 0 8.74108e-14 0 9.57068e-14 0 1.04305e-13 0 1.1358e-13 0 1.23129e-13 0 1.33381e-13 0 1.43864e-13 0 1.55069e-13 0 1.66451e-13 0 1.78564e-13 0 1.90785e-13 0 2.03738e-13 0 2.17461e-13 0 2.31991e-13 0 2.46539e-13 0 2.6101e-13 0 2.76223e-13 0 2.93176e-13 0 3.09006e-13 0 3.25582e-13 0 3.44046e-13 0 3.62256e-13 0 3.80091e-13 0 3.9996e-13 0 4.20733e-13 0 4.39679e-13 0 4.60804e-13 0 4.82813e-13 0 5.04179e-13 0
31.8653 8.58455e-14 8.58455e-14 2.17998e-20 2.53942e-07 7.26302e-06 0 0 2.94273e-44 0 8.61872e-32 0 1.2953e-25 0 1.9151e-23 0 2.67625e-22 0 1.56553e-21 0 5.84015e-21 0 2.49935e-19 0 6.91962e-18 0 4.06998e-17 0 1.32794e-16 0 3.19087e-16 0 6.35629e-16 0 1.11892e-15 0 1.80899e-15 0 2.74134e-15 0 3.93939e-15 0 5.44933e-15 0 7.27799e-15 0 9.45513e-15 0 1.20276e-14 0 1.50705e-14 0 1.84472e-14 0 2.22858e-14 0 2.65894e-14 0 3.13494e-14 0 3.68548e-14 0 4.24935e-14 0 4.88872e-14 0 5.58963e-14 0 6.32789e-14 0 7.12341e-14 0 8.00634e-14 0 8.91647e-14 0 9.91696e-14 0 1.09336e-13 0 1.20412e-13 0 1.32467e-13 0 1.44527e-13 0 1.57545e-13 0 1.70978e-13 0 1.8541e-13 0 2.00207e-13 0 2.16031e-13 0 2.32151e-13 0 2.49318e-13 0 2.66693e-13 0 2.85122e-13 0 3.03653e-13 0 3.23231e-13 0 3.43905e-13 0 3.65728e-13 0 3.8751e-13 0 4.09114e-13 0 4.31764e-13 0 4.56932e-13 0 4.80369e-13 0 5.04849e-13 0 5.32043e-13 0 5.58796e-13 0 5.84933e-13 0 6.1398e-13 0 6.44274e-13 0 6.71841e-13 0 7.02509e-13 0 7.34387e-13 0 7.65266e-13 0
33.5009 7.66686e-14 7.66686e-14 1.78932e-20 2.33383e-07 6.81937e-06 0 0 1.43913e-42 0 1.0604e-30 0 7.95824e-25 0 9.2193e-23 0 1.1327e-21 0 6.07847e-21 0 2.12638e-20 0 7.57519e-19 0 1.78333e-17 0 9.6199e-17 0 2.96265e-16 0 6.82062e-16 0 1.31373e-15 0 2.24962e-15 0 3.55272e-15 0 5.27561e-15 0 7.4482e-15 0 1.01411e-14 0 1.33542e-14 0 1.71287e-14 0 2.15345e-14 0 2.6687e-14 0 3.23456e-14 0 3.87173e-14 0 4.57975e-14 0 5.35637e-14 0 6.24747e-14 0 7.15344e-14 0 8.17363e-14 0 9.28457e-14 0 1.04474e-13 0 1.1693e-13 0 1.30675e-13 0 1.44767e-13 0 1.60177e-13 0 1.75758e-13 0 1.92653e-13 0 2.10955e-13 0 2.29184e-13 0 2.48777e-13 0 2.68914e-13 0 2.90461e-13 0 3.12467e-13 0 3.35915e-13 0 3.59715e-13 0 3.84971e-13 0 4.10448e-13 0 4.3738e-13 0 4.64377e-13 0 4.92812e-13 0 5.22749e-13 0 5.54253e-13 0 5.85606e-13 0 6.16619e-13 0 6.49047e-13 0 6.84984e-13 0 7.18362e-13 0 7.53139e-13 0 7.91678e-13 0 8.29496e-13 0 8.66359e-13 0 9.07232e-13 0 9.4976e-13 0 9.88374e-13 0 1.03124e-12 0 1.0757e-12 0 1.11868e-12 0
35.2205 6.84938e-14 6.84938e-14 1.46733e-20 2.14227e-07 6.35912e-06 0 0 5.84468e-41 0 1.13426e-29 0 4.39744e-24 0 4.03937e-22 0 4.39077e-21 0 2.17067e-20 0 7.14313e-20 0 2.13736e-18 0 4.31258e-17 0 2.14259e-16 0 6.24595e-16 0 1.38058e-15 0 2.57539e-15 0 4.29578e-15 0 6.63444e-15 0 9.66344e-15 0 1.34152e-14 0 1.79923e-14 0 2.33768e-14 0 2.96219e-14 0 3.68272e-14 0 4.51633e-14 0 5.4228e-14 0 6.4343e-14 0 7.54878e-14 0 8.76161e-14 0 1.01427e-13 0 1.1537e-13 0 1.30969e-13 0 1.47847e-13 0 1.65407e-13 0 1.84113e-13 0 2.04643e-13 0 2.2558e-13 0 2.48363e-13 0 2.71289e-13 0 2.96038e-13 0 3.22729e-13 0 3.492e-13 0 3.77539e-13 0 4.06549e-13 0 4.37475e-13 0 4.68944e-13 0 5.02357e-13 0 5.36154e-13 0 5.71901e-13 0 6.07844e-13 0 6.45722e-13 0 6.83577e-13 0 7.23332e-13 0 7.65066e-13 0 8.08859e-13 0 8.52322e-13 0 8.95202e-13 0 9.39925e-13 0 9.89361e-13 0 1.03516e-12 0 1.08278e-12 0 1.13541e-12 0 1.18694e-12 0 1.23706e-12 0 1.29251e-12 0 1.35008e-12 0 1.40224e-12 0 1.46002e-12 0 1.51984e-12 0 1.57754e-12 0
37.0284 6.12512e-14 6.12512e-14 1.20234e-20 1.96296e-07 5.93259e-06 0 0 1.94805e-39 0 1.06275e-28 0 2.1982e-23 0 1.61932e-21 0 1.56664e-20 0 7.16367e-20 0 2.2242e-19 0 5.63766e-18 0 9.82311e-17 0 4.51295e-16 0 1.24863e-15 0 2.65508e-15 0 4.80439e-15 0 7.81608e-15 0 1.18178e-14 0 1.69001e-14 0 2.30887e-14 0 3.05256e-14 0 3.9157e-14 0 4.90476e-14 0 6.03333e-14 0 7.32566e-14 0 8.71779e-14 0 1.02579e-13 0 1.19411e-13 0 1.37592e-13 0 1.58147e-13 0 1.78759e-13 0 2.01676e-13 0 2.26322e-13 0 2.5182e-13 0 2.78836e-13 0 3.08332e-13 0 3.38266e-13 0 3.70684e-13 0 4.0316e-13 0 4.38067e-13 0 4.75556e-13 0 5.12586e-13 0 5.52076e-13 0 5.92353e-13 0 6.35135e-13 0 6.78518e-13 0 7.24424e-13 0 7.70708e-13 0 8.19507e-13 0 8.68422e-13 0 9.1982e-13 0 9.71039e-13 0 1.02468e-12 0 1.08084e-12 0 1.1396e-12 0 1.19777e-12 0 1.25502e-12 0 1.31459e-12 0 1.38027e-12 0 1.44098e-12 0 1.50396e-12 0 1.57342e-12 0 1.64127e-12 0 1.70712e-12 0 1.77982e-12 0 1.85514e-12 0 1.92325e-12 0 1.99856e-12 0 2.07637e-12 0 2.15128e-12 0
38.9291 5.47826e-14 5.47825e-14 9.84672e-21 1.79742e-07 5.53991e-06 0 0 5.37625e-38 0 8.77194e-28 0 9.9816e-23 0 5.96073e-21 0 5.16192e-20 0 2.19153e-19 0 6.43814e-19 0 1.39361e-17 0 2.112e-16 0 9.00686e-16 0 2.37119e-15 0 4.85975e-15 0 8.54281e-15 0 1.35716e-14 0 2.011e-14 0 2.82605e-14 0 3.80254e-14 0 4.95928e-14 0 6.2847e-14 0 7.78605e-14 0 9.48125e-14 0 1.14035e-13 0 1.34558e-13 0 1.57077e-13 0 1.81501e-13 0 2.07693e-13 0 2.37102e-13 0 2.66407e-13 0 2.98795e-13 0 3.33428e-13 0 3.69065e-13 0 4.0663e-13 0 4.47443e-13 0 4.88666e-13 0 5.33111e-13 0 5.77444e-13 0 6.24903e-13 0 6.75666e-13 0 7.25617e-13 0 7.78692e-13 0 8.32635e-13 0 8.89737e-13 0 9.47449e-13 0 1.00832e-12 0 1.0695e-12 0 1.13382e-12 0 1.1981e-12 0 1.26545e-12 0 1.33239e-12 0 1.4023e-12 0 1.47531e-12 0 1.55151e-12 0 1.62674e-12 0 1.70061e-12 0 1.7773e-12 0 1.86167e-12 0 1.93947e-12 0 2.02001e-12 0 2.10865e-12 0 2.19505e-12 0 2.27874e-12 0 2.37096e-12 0 2.46629e-12 0 2.55234e-12 0 2.64732e-12 0 2.74526e-12 0 2.83939e-12 0
40.9273 4.9022e-14 4.9022e-14 8.06338e-21 1.64485e-07 5.17828e-06 0 0 1.24038e-36 0 6.42025e-27 0 4.13806e-22 0 2.02386e-20 0 1.57731e-19 0 6.24016e-19 0 1.73924e-18 0 3.23997e-17 0 4.29986e-16 0 1.70837e-15 0 4.28992e-15 0 8.48947e-15 0 1.4518e-14 0 2.25487e-14 0 3.27766e-14 0 4.5302e-14 0 6.00784e-14 0 7.73449e-14 0 9.68891e-14 0 1.18786e-13 0 1.43264e-13 0 1.70764e-13 0 1.99875e-13 0 2.31568e-13 0 2.65693e-13 0 3.02041e-13 0 3.42588e-13 0 3.82747e-13 0 4.2688e-13 0 4.73815e-13 0 5.21863e-13 0 5.72266e-13 0 6.2677e-13 0 6.81575e-13 0 7.40411e-13 0 7.98863e-13 0 8.61192e-13 0 9.27605e-13 0 9.92718e-13 0 1.06167e-12 0 1.13151e-12 0 1.20519e-12 0 1.27944e-12 0 1.35751e-12 0 1.43574e-12 0 1.51775e-12 0 1.59948e-12 0 1.68489e-12 0 1.76955e-12 0 1.85777e-12 0 1.94964e-12 0 2.04531e-12 0 2.13954e-12 0 2.23185e-12 0 2.32748e-12 0 2.43244e-12 0 2.52904e-12 0 2.62883e-12 0 2.73844e-12 0 2.84506e-12 0 2.94815e-12 0 3.06152e-12 0 3.1785e-12 0 3.2839e-12 0 3.40003e-12 0 3.51956e-12 0 3.63426e-12 0
43.0281 4.38891e-14 4.38891e-14 6.59835e-21 1.50341e-07 4.8312e-06 0 0 2.41345e-35 0 4.19138e-26 0 1.57324e-21 0 6.3635e-20 0 4.48638e-19 0 1.65963e-18 0 4.39988e-18 0 7.10571e-17 0 8.31181e-16 0 3.08724e-15 0 7.41166e-15 0 1.41864e-14 0 2.36332e-14 0 3.59254e-14 0 5.12759e-14 0 6.97596e-14 0 9.12471e-14 0 1.16031e-13 0 1.43761e-13 0 1.74507e-13 0 2.0855e-13 0 2.4646e-13 0 2.86267e-13 0 3.29284e-13 0 3.75282e-13 0 4.23959e-13 0 4.77925e-13 0 5.31066e-13 0 5.89153e-13 0 6.50609e-13 0 7.13213e-13 0 7.78585e-13 0 8.4896e-13 0 9.19423e-13 0 9.94762e-13 0 1.06932e-12 0 1.14853e-12 0 1.23262e-12 0 1.31478e-12 0 1.4015e-12 0 1.48905e-12 0 1.58115e-12 0 1.67366e-12 0 1.77066e-12 0 1.86759e-12 0 1.96891e-12 0 2.06964e-12 0 2.17462e-12 0 2.27843e-12 0 2.38634e-12 0 2.49846e-12 0 2.61493e-12 0 2.7294e-12 0 2.84129e-12 0 2.95697e-12 0 3.08368e-12 0 3.20005e-12 0 3.32004e-12 0 3.45158e-12 0 3.57929e-12 0 3.70253e-12 0 3.83784e-12 0 3.9772e-12 0 4.10253e-12 0 4.24042e-12 0 4.3821e-12 0 4.51782e-12 0
45.2368 3.932e-14 3.932e-14 5.39882e-21 1.37305e-07 4.50659e-06 0 0 3.9941e-34 0 2.45481e-25 0 5.50953e-21 0 1.8602e-19 0 1.19219e-18 0 4.13738e-18 0 1.04588e-17 0 1.47455e-16 0 1.52968e-15 0 5.32906e-15 0 1.22582e-14 0 2.2731e-14 0 3.69355e-14 0 5.50103e-14 0 7.71634e-14 0 1.03413e-13 0 1.33505e-13 0 1.67787e-13 0 2.05722e-13 0 2.47366e-13 0 2.93063e-13 0 3.43523e-13 0 3.961e-13 0 4.52518e-13 0 5.12449e-13 0 5.75481e-13 0 6.4495e-13 0 7.12983e-13 0 7.86971e-13 0 8.64861e-13 0 9.43838e-13 0 1.02595e-12 0 1.11396e-12 0 1.20174e-12 0 1.29522e-12 0 1.38739e-12 0 1.48497e-12 0 1.58821e-12 0 1.68874e-12 0 1.79452e-12 0 1.90099e-12 0 2.01266e-12 0 2.12451e-12 0 2.24147e-12 0 2.35803e-12 0 2.47956e-12 0 2.60006e-12 0 2.72536e-12 0 2.84897e-12 0 2.97717e-12 0 3.11007e-12 0 3.24782e-12 0 3.38291e-12 0 3.5147e-12 0 3.65067e-12 0 3.79931e-12 0 3.93557e-12 0 4.0758e-12 0 4.22925e-12 0 4.37797e-12 0 4.52124e-12 0 4.67826e-12 0 4.8397e-12 0 4.98466e-12 0 5.14388e-12 0 5.30723e-12 0 5.46347e-12 0
47.5588 3.52621e-14 3.52621e-14 4.41676e-21 1.25255e-07 4.19153e-06 2.10195e-44 0 5.66888e-33 0 1.29718e-24 0 1.78508e-20 0 5.0755e-19 0 2.97082e-18 0 9.7022e-18 0 2.34402e-17 0 2.90424e-16 0 2.68764e-15 0 8.80961e-15 0 1.94567e-14 0 3.50079e-14 0 5.55519e-14 0 8.11432e-14 0 1.11955e-13 0 1.47911e-13 0 1.88584e-13 0 2.3438e-13 0 2.84525e-13 0 3.39057e-13 0 3.9838e-13 0 4.63366e-13 0 5.30584e-13 0 6.02229e-13 0 6.77859e-13 0 7.56937e-13 0 8.43603e-13 0 9.28037e-13 0 1.01942e-12 0 1.11516e-12 0 1.21181e-12 0 1.31188e-12 0 1.41872e-12 0 1.52484e-12 0 1.63746e-12 0 1.74811e-12 0 1.86487e-12 0 1.98798e-12 0 2.1075e-12 0 2.23287e-12 0 2.35871e-12 0 2.49032e-12 0 2.62178e-12 0 2.75888e-12 0 2.89517e-12 0 3.03693e-12 0 3.17715e-12 0 3.32262e-12 0 3.46581e-12 0 3.61398e-12 0 3.76727e-12 0 3.92582e-12 0 4.08098e-12 0 4.23206e-12 0 4.38765e-12 0 4.55741e-12 0 4.71274e-12 0 4.87233e-12 0 5.04666e-12 0 5.21531e-12 0 5.37753e-12 0 5.55502e-12 0 5.73721e-12 0 5.90055e-12 0 6.07969e-12 0 6.26319e-12 0 6.43844e-12 0
50 3.16106e-14 3.16106e-14 3.61217e-21 1.14271e-07 3.89996e-06 9.43074e-43 0 6.94279e-32 0 6.20717e-24 0 5.36397e-20 0 1.29517e-18 0 6.95432e-18 0 2.14365e-17 0 4.96068e-17 0 5.43557e-16 0 4.51234e-15 0 1.39577e-14 0 2.96569e-14 0 5.18524e-14 0 8.04472e-14 0 1.15353e-13 0 1.56674e-13 0 2.04196e-13 0 2.57277e-13 0 3.16379e-13 0 3.80449e-13 0 4.49501e-13 0 5.24007e-13 0 6.05006e-13 0 6.88203e-13 0 7.76317e-13 0 8.68777e-13 0 9.64916e-13 0 1.06972e-12 0 1.17132e-12 0 1.28076e-12 0 1.39493e-12 0 1.50969e-12 0 1.62804e-12 0 1.75391e-12 0 1.87848e-12 0 2.01021e-12 0 2.13921e-12 0 2.27489e-12 0 2.41752e-12 0 2.55557e-12 0 2.69997e-12 0 2.8445e-12 0 2.99527e-12 0 3.14548e-12 0 3.30174e-12 0 3.45671e-12 0 3.6175e-12 0 3.77621e-12 0 3.94048e-12 0 4.10184e-12 0 4.26847e-12 0 4.44052e-12 0 4.61809e-12 0 4.79154e-12 0 4.96012e-12 0 5.13342e-12 0 5.32216e-12 0 5.49457e-12 0 5.67141e-12 0 5.86426e-12 0 6.05051e-12 0 6.22939e-12 0 6.42481e-12 0 6.62508e-12 0 6.80437e-12 0 7.00073e-12 0 7.20156e-12 0 7.39311e-12 0
52.5665 2.836e-14 2.836e-14 2.9543e-21 1.04171e-07 3.61828e-06 3.40978e-41 0 7.39917e-31 0 2.70597e-23 0 1.50215e-19 0 3.10482e-18 0 1.53578e-17 0 4.48081e-17 0 9.95299e-17 0 9.70273e-16 0 7.26396e-15 0 2.12639e-14 0 4.35485e-14 0 7.40916e-14 0 1.12512e-13 0 1.58517e-13 0 2.12105e-13 0 2.72887e-13 0 3.39969e-13 0 4.13866e-13 0 4.93218e-13 0 5.78012e-13 0 6.68793e-13 0 7.66772e-13 0 8.66746e-13 0 9.71986e-13 0 1.08179e-12 0 1.19536e-12 0 1.31854e-12 0 1.43739e-12 0 1.56486e-12 0 1.69726e-12 0 1.82982e-12 0 1.966e-12 0 2.11031e-12 0 2.25264e-12 0 2.40265e-12 0 2.54908e-12 0 2.70264e-12 0 2.86357e-12 0 3.0189e-12 0 3.18093e-12 0 3.3427e-12 0 3.511e-12 0 3.67829e-12 0 3.85189e-12 0 4.02366e-12 0 4.20149e-12 0 4.37664e-12 0 4.55755e-12 0 4.73489e-12 0 4.91768e-12 0 5.10603e-12 0 5.30007e-12 0 5.48925e-12 0 5.67279e-12 0 5.86116e-12 0 6.06597e-12 0 6.25273e-12 0 6.444e-12 0 6.65226e-12 0 6.85308e-12 0 7.04566e-12 0 7.25574e-12 0 7.47072e-12 0 7.6629e-12 0 7.8731e-12 0 8.08779e-12 0 8.29229e-12 0
55.2648 2.54616e-14 2.54616e-14 2.41577e-21 9.48788e-08 3.35179e-06 1.01754e-39 0 6.90794e-30 0 1.07951e-22 0 3.93369e-19 0 7.013e-18 0 3.20846e-17 0 8.88427e-17 0 1.898e-16 0 1.65559e-15 0 1.12343e-14 0 3.12062e-14 0 6.17121e-14 0 1.02305e-13 0 1.52219e-13 0 2.10901e-13 0 2.78214e-13 0 3.53565e-13 0 4.35777e-13 0 5.2543e-13 0 6.20833e-13 0 7.21953e-13 0 8.29413e-13 0 9.44599e-13 0 1.06139e-12 0 1.18362e-12 0 1.31047e-12 0 1.44101e-12 0 1.58191e-12 0 1.71725e-12 0 1.8618e-12 0 2.01133e-12 0 2.16048e-12 0 2.31315e-12 0 2.47438e-12 0 2.63286e-12 0 2.79936e-12 0 2.96141e-12 0 3.13085e-12 0 3.30794e-12 0 3.47839e-12 0 3.65574e-12 0 3.83237e-12 0 4.01569e-12 0 4.19747e-12 0 4.3857e-12 0 4.57153e-12 0 4.76352e-12 0 4.95221e-12 0 5.14674e-12 0 5.33705e-12 0 5.53285e-12 0 5.73424e-12 0 5.94133e-12 0 6.14288e-12 0 6.3381e-12 0 6.53813e-12 0 6.75527e-12 0 6.95296e-12 0 7.15513e-12 0 7.37492e-12 0 7.58654e-12 0 7.78919e-12 0 8.00995e-12 0 8.23554e-12 0 8.43694e-12 0 8.65694e-12 0 8.88134e-12 0 9.09482e-12 0
58.1015 2.28609e-14 2.28609e-14 1.97562e-21 8.64189e-08 3.09998e-06 2.52821e-38 0 5.68306e-29 0 3.95572e-22 0 9.6585e-19 0 1.49599e-17 0 6.35447e-17 0 1.6742e-16 0 3.44656e-16 0 2.70468e-15 0 1.67151e-14 0 4.41713e-14 0 8.44913e-14 0 1.36654e-13 0 1.9942e-13 0 2.71934e-13 0 3.53908e-13 0 4.44527e-13 0 5.42327e-13 0 6.47955e-13 0 7.59396e-13 0 8.76603e-13 0 1.00028e-12 0 1.13199e-12 0 1.26473e-12 0 1.4029e-12 0 1.54555e-12 0 1.69165e-12 0 1.84862e-12 0 1.99875e-12 0 2.15846e-12 0 2.32305e-12 0 2.48662e-12 0 2.65348e-12 0 2.82911e-12 0 3.0012e-12 0 3.18147e-12 0 3.35641e-12 0 3.53883e-12 0 3.72897e-12 0 3.91151e-12 0 4.10098e-12 0 4.28924e-12 0 4.48418e-12 0 4.67706e-12 0 4.87635e-12 0 5.07269e-12 0 5.27512e-12 0 5.4737e-12 0 5.67803e-12 0 5.87758e-12 0 6.08251e-12 0 6.29292e-12 0 6.50891e-12 0 6.71877e-12 0 6.92173e-12 0 7.12937e-12 0 7.35441e-12 0 7.559e-12 0 7.76793e-12 0 7.99474e-12 0 8.21281e-12 0 8.42136e-12 0 8.64825e-12 0 8.87978e-12 0 9.08623e-12 0 9.31146e-12 0 9.54092e-12 0 9.75895e-12 0
61.0839 2.05439e-14 2.05439e-14 1.61547e-21 7.86351e-08 2.86105e-06 5.28132e-37 0 4.14877e-28 0 1.33807e-21 0 2.23235e-18 0 3.02468e-17 0 1.19718e-16 0 3.00849e-16 0 5.97883e-16 0 4.24289e-15 0 2.39903e-14 0 6.04591e-14 0 1.12042e-13 0 1.7701e-13 0 2.53588e-13 0 3.40603e-13 0 4.37612e-13 0 5.43581e-13 0 6.56767e-13 0 7.77898e-13 0 9.04652e-13 0 1.03699e-12 0 1.1757e-12 0 1.32249e-12 0 1.4696e-12 0 1.62192e-12 0 1.77842e-12 0 1.93797e-12 0 2.10864e-12 0 2.27122e-12 0 2.44353e-12 0 2.62044e-12 0 2.79564e-12 0 2.97381e-12 0 3.16074e-12 0 3.34336e-12 0 3.53411e-12 0 3.71871e-12 0 3.91072e-12 0 4.11033e-12 0 4.3015e-12 0 4.49948e-12 0 4.69574e-12 0 4.89853e-12 0 5.09875e-12 0 5.3052e-12 0 5.50819e-12 0 5.71709e-12 0 5.92162e-12 0 6.13171e-12 0 6.33652e-12 0 6.5465e-12 0 6.76175e-12 0 6.98234e-12 0 7.19632e-12 0 7.40296e-12 0 7.61406e-12 0 7.84252e-12 0 8.04991e-12 0 8.26142e-12 0 8.49072e-12 0 8.71089e-12 0 8.92118e-12 0 9.14968e-12 0 9.38255e-12 0 9.58994e-12 0 9.81595e-12 0 1.00459e-11 0 1.02642e-11 0
64.2193 1.84675e-14 1.84675e-14 1.32098e-21 7.153e-08 2.63643e-06 9.34959e-36 0 2.70191e-27 0 4.19233e-21 0 4.86872e-18 0 5.80855e-17 0 2.1497e-16 0 5.16447e-16 0 9.92501e-16 0 6.40067e-15 0 3.32556e-14 0 8.01111e-14 0 1.44056e-13 0 2.22562e-13 0 3.13301e-13 0 4.14788e-13 0 5.26447e-13 0 6.47042e-13 0 7.74586e-13 0 9.09899e-13 0 1.05039e-12 0 1.19605e-12 0 1.34776e-12 0 1.50736e-12 0 1.66643e-12 0 1.83032e-12 0 1.99793e-12 0 2.16806e-12 0 2.34931e-12 0 2.52129e-12 0 2.70291e-12 0 2.88874e-12 0 3.07217e-12 0 3.25813e-12 0 3.45265e-12 0 3.64215e-12 0 3.83954e-12 0 4.03008e-12 0 4.22778e-12 0 4.4328e-12 0 4.6287e-12 0 4.83113e-12 0 5.03137e-12 0 5.23785e-12 0 5.4413e-12 0 5.65068e-12 0 5.85617e-12 0 6.06725e-12 0 6.27356e-12 0 6.4851e-12 0 6.691e-12 0 6.90176e-12 0 7.11746e-12 0 7.33817e-12 0 7.55195e-12 0 7.75809e-12 0 7.9684e-12 0 8.19568e-12 0 8.40173e-12 0 8.6116e-12 0 8.83883e-12 0 9.05673e-12 0 9.26461e-12 0 9.49021e-12 0 9.71985e-12 0 9.92413e-12 0 1.01465e-11 0 1.03725e-11 0 1.05868e-11 0
67.5157 1.66116e-14 1.66116e-14 1.08006e-21 6.50184e-08 2.42501e-06 1.41454e-34 0 1.57907e-26 0 1.22159e-20 0 1.00517e-17 0 1.0625e-16 0 3.68884e-16 0 8.4909e-16 0 1.58055e-15 0 9.30634e-15 0 4.46148e-14 0 1.02959e-13 0 1.79913e-13 0 2.7212e-13 0 3.76721e-13 0 4.91968e-13 0 6.1718e-13 0 7.50962e-13 0 8.91131e-13 0 1.03861e-12 0 1.19061e-12 0 1.34715e-12 0 1.5092e-12 0 1.67873e-12 0 1.84683e-12 0 2.0192e-12 0 2.1947e-12 0 2.37212e-12 0 2.56038e-12 0 2.73837e-12 0 2.92568e-12 0 3.11671e-12 0 3.30468e-12 0 3.49469e-12 0 3.69288e-12 0 3.88543e-12 0 4.08549e-12 0 4.27813e-12 0 4.47753e-12 0 4.68384e-12 0 4.88055e-12 0 5.08338e-12 0 5.28361e-12 0 5.48968e-12 0 5.69234e-12 0 5.90052e-12 0 6.10447e-12 0 6.3136e-12 0 6.51767e-12 0 6.72658e-12 0 6.92959e-12 0 7.13709e-12 0 7.34913e-12 0 7.56577e-12 0 7.77531e-12 0 7.97709e-12 0 8.18268e-12 0 8.40457e-12 0 8.60547e-12 0 8.80985e-12 0 9.03087e-12 0 9.24255e-12 0 9.44426e-12 0 9.66293e-12 0 9.88525e-12 0 1.00828e-11 0 1.02976e-11 0 1.05158e-11 0 1.07223e-11 0
70.9813 1.49455e-14 1.49455e-14 8.83218e-22 5.90958e-08 2.22695e-06 1.84239e-33 0 8.32226e-26 0 3.32097e-20 0 1.96899e-17 0 1.85494e-16 0 6.06038e-16 0 1.33932e-15 0 2.4186e-15 0 1.306e-14 0 5.79975e-14 0 1.28489e-13 0 2.18489e-13 0 3.23858e-13 0 4.41286e-13 0 5.68827e-13 0 7.05747e-13 0 8.50546e-13 0 1.00091e-12 0 1.15788e-12 0 1.31851e-12 0 1.48291e-12 0 1.65212e-12 0 1.82818e-12 0 2.00191e-12 0 2.17925e-12 0 2.35906e-12 0 2.54012e-12 0 2.73153e-12 0 2.91186e-12 0 3.10103e-12 0 3.29334e-12 0 3.48202e-12 0 3.67221e-12 0 3.87006e-12 0 4.06179e-12 0 4.26049e-12 0 4.45138e-12 0 4.64854e-12 0 4.85208e-12 0 5.04574e-12 0 5.24503e-12 0 5.4414e-12 0 5.6431e-12 0 5.84112e-12 0 6.04417e-12 0 6.24276e-12 0 6.44606e-12 0 6.64412e-12 0 6.84658e-12 0 7.04302e-12 0 7.24352e-12 0 7.44812e-12 0 7.65686e-12 0 7.85848e-12 0 8.05238e-12 0 8.24971e-12 0 8.46241e-12 0 8.65475e-12 0 8.85021e-12 0 9.06133e-12 0 9.2633e-12 0 9.45555e-12 0 9.66373e-12 0 9.87516e-12 0 1.00628e-11 0 1.02667e-11 0 1.04735e-11 0 1.06692e-11 0
74.6248 1.34571e-14 1.34571e-14 7.22209e-22 5.36676e-08 2.04124e-06 2.08215e-32 0 3.97769e-25 0 8.45648e-20 0 3.67096e-17 0 3.09961e-16 0 9.55814e-16 0 2.0321e-15 0 3.56527e-15 0 1.77302e-14 0 7.32098e-14 0 1.56013e-13 0 2.58506e-13 0 3.75884e-13 0 5.04501e-13 0 6.42305e-13 0 7.88571e-13 0 9.4175e-13 0 1.09947e-12 0 1.26289e-12 0 1.42902e-12 0 1.59801e-12 0 1.771e-12 0 1.95009e-12 0 2.12597e-12 0 2.30476e-12 0 2.48531e-12 0 2.66644e-12 0 2.85724e-12 0 3.0364e-12 0 3.22377e-12 0 3.41367e-12 0 3.59948e-12 0 3.78627e-12 0 3.98009e-12 0 4.16745e-12 0 4.36118e-12 0 4.54689e-12 0 4.73828e-12 0 4.93546e-12 0 5.12269e-12 0 5.315e-12 0 5.50414e-12 0 5.69809e-12 0 5.88816e-12 0 6.08274e-12 0 6.27274e-12 0 6.46695e-12 0 6.65587e-12 0 6.84869e-12 0 7.03553e-12 0 7.22596e-12 0 7.42003e-12 0 7.61776e-12 0 7.8085e-12 0 7.99172e-12 0 8.17795e-12 0 8.37845e-12 0 8.55955e-12 0 8.74339e-12 0 8.94174e-12 0 9.13128e-12 0 9.31151e-12 0 9.50649e-12 0 9.7043e-12 0 9.87972e-12 0 1.00701e-11 0 1.0263e-11 0 1.04454e-11 0
78.4553 1.21245e-14 1.21245e-14 5.9062e-22 4.87131e-08 1.8689e-06 2.05572e-31 0 1.73216e-24 0 2.02318e-19 0 6.52901e-17 0 4.9675e-16 0 1.44986e-15 0 2.97102e-15 0 5.07144e-15 0 2.33207e-14 0 8.98528e-14 0 1.84537e-13 0 2.98325e-13 0 4.25931e-13 0 5.63524e-13 0 7.09049e-13 0 8.61847e-13 0 1.02039e-12 0 1.18233e-12 0 1.34892e-12 0 1.5172e-12 0 1.6874e-12 0 1.86073e-12 0 2.0393e-12 0 2.2139e-12 0 2.39067e-12 0 2.5685e-12 0 2.74628e-12 0 2.93292e-12 0 3.10762e-12 0 3.28979e-12 0 3.4739e-12 0 3.65356e-12 0 3.83372e-12 0 4.0202e-12 0 4.20006e-12 0 4.38562e-12 0 4.56311e-12 0 4.74568e-12 0 4.93339e-12 0 5.1113e-12 0 5.29371e-12 0 5.4728e-12 0 5.65614e-12 0 5.83552e-12 0 6.01886e-12 0 6.19762e-12 0 6.38006e-12 0 6.55729e-12 0 6.73793e-12 0 6.91272e-12 0 7.09065e-12 0 7.27175e-12 0 7.45603e-12 0 7.63357e-12 0 7.80392e-12 0 7.97688e-12 0 8.16288e-12 0 8.3307e-12 0 8.50088e-12 0 8.68431e-12 0 8.8594e-12 0 9.02574e-12 0 9.2055e-12 0 9.3877e-12 0 9.54913e-12 0 9.72418e-12 0 9.90141e-12 0 1.00688e-11 0
82.4824 1.09262e-14 1.09262e-14 4.83076e-22 4.42126e-08 1.70911e-06 1.78418e-30 0 6.90125e-24 0 4.55996e-19 0 1.1099e-16 0 7.64797e-16 0 2.11847e-15 0 4.19168e-15 0 6.9707e-15 0 2.97534e-14 0 1.07332e-13 0 2.12827e-13 0 3.3609e-13 0 4.71585e-13 0 6.15467e-13 0 7.6578e-13 0 9.21991e-13 0 1.08265e-12 0 1.2455e-12 0 1.4119e-12 0 1.57897e-12 0 1.74705e-12 0 1.91735e-12 0 2.09201e-12 0 2.26207e-12 0 2.43358e-12 0 2.6055e-12 0 2.77679e-12 0 2.95605e-12 0 3.12334e-12 0 3.2973e-12 0 3.47264e-12 0 3.6433e-12 0 3.81404e-12 0 3.99037e-12 0 4.16005e-12 0 4.33475e-12 0 4.50152e-12 0 4.67273e-12 0 4.84843e-12 0 5.01466e-12 0 5.18482e-12 0 5.3516e-12 0 5.52206e-12 0 5.68859e-12 0 5.85854e-12 0 6.024e-12 0 6.19265e-12 0 6.35624e-12 0 6.52277e-12 0 6.68371e-12 0 6.84733e-12 0 7.01366e-12 0 7.18272e-12 0 7.34541e-12 0 7.50133e-12 0 7.65948e-12 0 7.82936e-12 0 7.98249e-12 0 8.13762e-12 0 8.30465e-12 0 8.46394e-12 0 8.61513e-12 0 8.77837e-12 0 8.94367e-12 0 9.08999e-12 0 9.24853e-12 0 9.4089e-12 0 9.56024e-12 0
86.7162 9.85156e-15 9.85156e-15 3.95124e-22 4.01077e-08 1.561e-06 1.37028e-29 0 2.52738e-23 0 9.71339e-19 0 1.80794e-16 0 1.13375e-15 0 2.98808e-15 0 5.71858e-15 0 9.27668e-15 0 3.68878e-14 0 1.24991e-13 0 2.397e-13 0 3.70184e-13 0 5.10916e-13 0 6.58198e-13 0 8.10274e-13 0 9.66781e-13 0 1.1264e-12 0 1.28702e-12 0 1.4501e-12 0 1.61289e-12 0 1.77583e-12 0 1.94015e-12 0 2.10794e-12 0 2.27066e-12 0 2.43416e-12 0 2.59751e-12 0 2.75974e-12 0 2.92899e-12 0 3.0865e-12 0 3.24986e-12 0 3.4141e-12 0 3.57358e-12 0 3.73276e-12 0 3.89679e-12 0 4.05432e-12 0 4.21618e-12 0 4.37041e-12 0 4.52845e-12 0 4.69036e-12 0 4.84328e-12 0 4.99955e-12 0 5.1525e-12 0 5.30858e-12 0 5.46083e-12 0 5.616e-12 0 5.76686e-12 0 5.92042e-12 0 6.06919e-12 0 6.22044e-12 0 6.36644e-12 0 6.51471e-12 0 6.66526e-12 0 6.81809e-12 0 6.96501e-12 0 7.10568e-12 0 7.24821e-12 0 7.40116e-12 0 7.53889e-12 0 7.6783e-12 0 7.82826e-12 0 7.97113e-12 0 8.10662e-12 0 8.25279e-12 0 8.40067e-12 0 8.53146e-12 0 8.67307e-12 0 8.81619e-12 0 8.95114e-12 0
91.1674 8.88835e-15 8.88835e-15 3.23177e-22 3.63596e-08 1.42412e-06 9.36985e-29 0 8.54415e-23 0 1.96122e-18 0 2.82824e-16 0 1.62152e-15 0 4.07612e-15 0 7.55755e-15 0 1.19737e-14 0 4.45095e-14 0 1.42096e-13 0 2.63983e-13 0 3.99137e-13 0 5.42293e-13 0 6.90054e-13 0 8.40937e-13 0 9.94782e-13 0 1.15045e-12 0 1.306e-12 0 1.46298e-12 0 1.61884e-12 0 1.77406e-12 0 1.92992e-12 0 2.0884e-12 0 2.24152e-12 0 2.39485e-12 0 2.54753e-12 0 2.69871e-12 0 2.85599e-12 0 3.00196e-12 0 3.15297e-12 0 3.30443e-12 0 3.45117e-12 0 3.59732e-12 0 3.74762e-12 0 3.89167e-12 0 4.0394e-12 0 4.17991e-12 0 4.32366e-12 0 4.47068e-12 0 4.60931e-12 0 4.75076e-12 0 4.889e-12 0 5.02987e-12 0 5.16711e-12 0 5.30678e-12 0 5.4424e-12 0 5.58027e-12 0 5.71368e-12 0 5.84916e-12 0 5.97978e-12 0 6.11229e-12 0 6.24669e-12 0 6.38299e-12 0 6.51387e-12 0 6.63907e-12 0 6.7658e-12 0 6.90167e-12 0 7.02391e-12 0 7.14752e-12 0 7.28037e-12 0 7.40685e-12 0 7.52668e-12 0 7.65585e-12 0 7.78642e-12 0 7.90182e-12 0 8.02666e-12 0 8.15274e-12 0 8.27154e-12 0
95.847 8.02335e-15 8.02335e-15 2.64351e-22 3.29477e-08 1.29814e-06 5.73614e-28 0 2.67651e-22 0 3.76279e-18 0 4.25687e-16 0 2.24114e-15 0 5.38578e-15 0 9.68929e-15 0 1.501e-14 0 5.23325e-14 0 1.57871e-13 0 2.84564e-13 0 4.21674e-13 0 5.64426e-13 0 7.09846e-13 0 8.56779e-13 0 1.00528e-12 0 1.15441e-12 0 1.30246e-12 0 1.451e-12 0 1.59772e-12 0 1.74317e-12 0 1.8886e-12 0 2.03591e-12 0 2.17771e-12 0 2.31925e-12 0 2.45975e-12 0 2.59849e-12 0 2.74242e-12 0 2.87566e-12 0 3.01319e-12 0 3.1508e-12 0 3.28384e-12 0 3.41608e-12 0 3.55181e-12 0 3.68165e-12 0 3.81457e-12 0 3.94079e-12 0 4.0697e-12 0 4.20133e-12 0 4.32527e-12 0 4.45156e-12 0 4.5748e-12 0 4.70022e-12 0 4.82223e-12 0 4.94627e-12 0 5.06655e-12 0 5.18869e-12 0 5.30674e-12 0 5.42649e-12 0 5.54183e-12 0 5.65871e-12 0 5.77714e-12 0 5.89712e-12 0 6.01222e-12 0 6.12221e-12 0 6.23346e-12 0 6.35262e-12 0 6.45973e-12 0 6.56796e-12 0 6.68418e-12 0 6.79473e-12 0 6.89939e-12 0 7.01212e-12 0 7.12599e-12 0 7.22655e-12 0 7.33526e-12 0 7.44497e-12 0 7.54828e-12 0
100.767 7.24556e-15 7.24556e-15 2.16218e-22 2.98414e-08 1.18216e-06 3.16078e-27 0 7.79759e-22 0 6.87675e-18 0 6.17589e-16 0 2.99818e-15 0 6.90315e-15 0 1.20681e-14 0 1.82999e-14 0 6.00298e-14 0 1.71596e-13 0 3.00548e-13 0 4.36913e-13 0 5.76589e-13 0 7.17108e-13 0 8.57674e-13 0 9.98557e-13 0 1.13903e-12 0 1.27762e-12 0 1.41591e-12 0 1.55183e-12 0 1.68599e-12 0 1.8196e-12 0 1.95443e-12 0 2.08378e-12 0 2.21249e-12 0 2.3399e-12 0 2.46535e-12 0 2.59517e-12 0 2.71507e-12 0 2.83854e-12 0 2.96182e-12 0 3.08076e-12 0 3.19877e-12 0 3.31966e-12 0 3.4351e-12 0 3.55309e-12 0 3.66495e-12 0 3.77902e-12 0 3.89532e-12 0 4.00467e-12 0 4.11594e-12 0 4.22438e-12 0 4.33461e-12 0 4.44171e-12 0 4.55045e-12 0 4.65578e-12 0 4.76262e-12 0 4.86577e-12 0 4.97029e-12 0 5.07087e-12 0 5.17269e-12 0 5.27575e-12 0 5.38007e-12 0 5.48006e-12 0 5.57552e-12 0 5.672e-12 0 5.77524e-12 0 5.86797e-12 0 5.9616e-12 0 6.06206e-12 0 6.15754e-12 0 6.24788e-12 0 6.34511e-12 0 6.44324e-12 0 6.52985e-12 0 6.62341e-12 0 6.71778e-12 0 6.80657e-12 0
105.939 6.54656e-15 6.54656e-15 1.76908e-22 2.70231e-08 1.07574e-06 1.57593e-26 0 2.12049e-21 0 1.20013e-17 0 8.65315e-16 0 3.88895e-15 0 8.59686e-15 0 1.46248e-14 0 2.17307e-14 0 6.7269e-14 0 1.8269e-13 0 3.11364e-13 0 4.44476e-13 0 5.78719e-13 0 7.12182e-13 0 8.44425e-13 0 9.75921e-13 0 1.10614e-12 0 1.23387e-12 0 1.36066e-12 0 1.48471e-12 0 1.60664e-12 0 1.7276e-12 0 1.84925e-12 0 1.96558e-12 0 2.08099e-12 0 2.19493e-12 0 2.30683e-12 0 2.42234e-12 0 2.52878e-12 0 2.63817e-12 0 2.74717e-12 0 2.85212e-12 0 2.95607e-12 0 3.06236e-12 0 3.1637e-12 0 3.26712e-12 0 3.365e-12 0 3.46469e-12 0 3.56618e-12 0 3.66147e-12 0 3.75832e-12 0 3.85258e-12 0 3.94828e-12 0 4.04116e-12 0 4.13536e-12 0 4.22651e-12 0 4.31886e-12 0 4.40794e-12 0 4.49811e-12 0 4.5848e-12 0 4.67247e-12 0 4.76114e-12 0 4.85081e-12 0 4.93667e-12 0 5.01859e-12 0 5.10131e-12 0 5.18977e-12 0 5.26915e-12 0 5.34925e-12 0 5.43512e-12 0 5.51668e-12 0 5.59379e-12 0 5.67673e-12 0 5.76039e-12 0 5.83417e-12 0 5.91382e-12 0 5.99411e-12 0 6.06961e-12 0
111.377 5.91765e-15 5.91765e-15 1.44724e-22 2.44563e-08 9.78389e-07 7.14408e-26 0 5.40048e-21 0 2.00446e-17 0 1.17283e-15 0 4.89811e-15 0 1.04164e-14 0 1.72665e-14 0 2.51649e-14 0 7.37217e-14 0 1.907e-13 0 3.16697e-13 0 4.44341e-13 0 5.71187e-13 0 6.95887e-13 0 8.18339e-13 0 9.39188e-13 0 1.0581e-12 0 1.17409e-12 0 1.28866e-12 0 1.40026e-12 0 1.50953e-12 0 1.61754e-12 0 1.72581e-12 0 1.82903e-12 0 1.93116e-12 0 2.03171e-12 0 2.13023e-12 0 2.2317e-12 0 2.32501e-12 0 2.4207e-12 0 2.51587e-12 0 2.60734e-12 0 2.69778e-12 0 2.79012e-12 0 2.87801e-12 0 2.96756e-12 0 3.05221e-12 0 3.1383e-12 0 3.22584e-12 0 3.30792e-12 0 3.39124e-12 0 3.47224e-12 0 3.55439e-12 0 3.63403e-12 0 3.71471e-12 0 3.7927e-12 0 3.87165e-12 0 3.94772e-12 0 4.02465e-12 0 4.09855e-12 0 4.17322e-12 0 4.24868e-12 0 4.32492e-12 0 4.39787e-12 0 4.46742e-12 0 4.53759e-12 0 4.61257e-12 0 4.67981e-12 0 4.74761e-12 0 4.82025e-12 0 4.8892e-12 0 4.95434e-12 0 5.02436e-12 0 5.09493e-12 0 5.15714e-12 0 5.22427e-12 0 5.29188e-12 0 5.35542e-12 0
117.094 5.35165e-15 5.35165e-15 1.18397e-22 2.21235e-08 8.89403e-07 2.95846e-25 0 1.2923e-20 0 3.21105e-17 0 1.54028e-15 0 5.99914e-15 0 1.22966e-14 0 1.98865e-14 0 2.84555e-14 0 7.91048e-14 0 1.95372e-13 0 3.16559e-13 0 4.36917e-13 0 5.54863e-13 0 6.69584e-13 0 7.81281e-13 0 8.90735e-13 0 9.97782e-13 0 1.10165e-12 0 1.20377e-12 0 1.30283e-12 0 1.39947e-12 0 1.49467e-12 0 1.5898e-12 0 1.68024e-12 0 1.76949e-12 0 1.85714e-12 0 1.94284e-12 0 2.0309e-12 0 2.11171e-12 0 2.19444e-12 0 2.27657e-12 0 2.35537e-12 0 2.43316e-12 0 2.51245e-12 0 2.58782e-12 0 2.66451e-12 0 2.7369e-12 0 2.81043e-12 0 2.88509e-12 0 2.95503e-12 0 3.02594e-12 0 3.0948e-12 0 3.16456e-12 0 3.23212e-12 0 3.3005e-12 0 3.36654e-12 0 3.43332e-12 0 3.49761e-12 0 3.56258e-12 0 3.62493e-12 0 3.68788e-12 0 3.75144e-12 0 3.81562e-12 0 3.87697e-12 0 3.93542e-12 0 3.99436e-12 0 4.05729e-12 0 4.11368e-12 0 4.17051e-12 0 4.23136e-12 0 4.28907e-12 0 4.34357e-12 0 4.40211e-12 0 4.46108e-12 0 4.51303e-12 0 4.56906e-12 0 4.62546e-12 0 4.67844e-12 0
123.105 4.84276e-15 4.84276e-15 9.6883e-23 2.00057e-08 8.08032e-07 1.12429e-24 0 2.91487e-20 0 4.94461e-17 0 1.96343e-15 0 7.15615e-15 0 1.41632e-14 0 2.23743e-14 0 3.14607e-14 0 8.32075e-14 0 1.96665e-13 0 3.11284e-13 0 4.22994e-13 0 5.31025e-13 0 6.35049e-13 0 7.35516e-13 0 8.33307e-13 0 9.284e-13 0 1.02021e-12 0 1.11008e-12 0 1.19693e-12 0 1.28134e-12 0 1.36425e-12 0 1.44684e-12 0 1.52516e-12 0 1.60224e-12 0 1.67779e-12 0 1.75148e-12 0 1.82706e-12 0 1.89628e-12 0 1.96702e-12 0 2.03713e-12 0 2.10429e-12 0 2.17049e-12 0 2.23787e-12 0 2.30183e-12 0 2.36682e-12 0 2.42809e-12 0 2.49025e-12 0 2.5533e-12 0 2.61228e-12 0 2.67203e-12 0 2.72999e-12 0 2.78865e-12 0 2.84541e-12 0 2.9028e-12 0 2.95817e-12 0 3.01412e-12 0 3.06794e-12 0 3.12228e-12 0 3.17439e-12 0 3.22696e-12 0 3.28001e-12 0 3.33352e-12 0 3.38465e-12 0 3.43332e-12 0 3.48237e-12 0 3.53471e-12 0 3.58158e-12 0 3.62878e-12 0 3.67929e-12 0 3.72717e-12 0 3.77236e-12 0 3.82087e-12 0 3.86971e-12 0 3.91272e-12 0 3.95907e-12 0 4.00571e-12 0 4.04949e-12 0
129.424 4.38467e-15 4.38467e-15 7.92546e-23 1.80754e-08 7.3375e-07 3.93731e-24 0 6.21503e-20 0 7.33293e-17 0 2.43277e-15 0 8.32432e-15 0 1.59354e-14 0 2.46187e-14 0 3.40461e-14 0 8.58797e-14 0 1.94677e-13 0 3.01368e-13 0 4.0351e-13 0 5.01057e-13 0 5.94096e-13 0 6.8327e-13 0 7.69521e-13 0 8.52938e-13 0 9.331e-13 0 1.01125e-12 0 1.08648e-12 0 1.15938e-12 0 1.23075e-12 0 1.30166e-12 0 1.36873e-12 0 1.43459e-12 0 1.49899e-12 0 1.56169e-12 0 1.62587e-12 0 1.68455e-12 0 1.74442e-12 0 1.80366e-12 0 1.86032e-12 0 1.91609e-12 0 1.97278e-12 0 2.02652e-12 0 2.08106e-12 0 2.13242e-12 0 2.18447e-12 0 2.2372e-12 0 2.28649e-12 0 2.33636e-12 0 2.38469e-12 0 2.43356e-12 0 2.4808e-12 0 2.52853e-12 0 2.57454e-12 0 2.62099e-12 0 2.66564e-12 0 2.71069e-12 0 2.75385e-12 0 2.79738e-12 0 2.84126e-12 0 2.88549e-12 0 2.92773e-12 0 2.96791e-12 0 3.00838e-12 0 3.05153e-12 0 3.09016e-12 0 3.12903e-12 0 3.17061e-12 0 3.21e-12 0 3.24715e-12 0 3.28702e-12 0 3.32714e-12 0 3.36245e-12 0 3.40048e-12 0 3.43873e-12 0 3.47463e-12 0
136.067 3.97128e-15 3.97128e-15 6.4858e-23 1.63318e-08 6.66348e-07 1.27548e-23 0 1.25587e-19 0 1.04906e-16 0 2.93344e-15 0 9.4526e-15 0 1.75312e-14 0 2.65157e-14 0 3.60947e-14 0 8.70398e-14 0 1.89634e-13 0 2.87438e-13 0 3.79501e-13 0 4.66386e-13 0 5.48513e-13 0 6.26665e-13 0 7.01804e-13 0 7.74105e-13 0 8.43278e-13 0 9.10451e-13 0 9.749e-13 0 1.03715e-12 0 1.09793e-12 0 1.15816e-12 0 1.21498e-12 0 1.27067e-12 0 1.32501e-12 0 1.37782e-12 0 1.43178e-12 0 1.48103e-12 0 1.53119e-12 0 1.58076e-12 0 1.62811e-12 0 1.67465e-12 0 1.72189e-12 0 1.76663e-12 0 1.81197e-12 0 1.85463e-12 0 1.89781e-12 0 1.94151e-12 0 1.98232e-12 0 2.02357e-12 0 2.06352e-12 0 2.10387e-12 0 2.14285e-12 0 2.1822e-12 0 2.2201e-12 0 2.25834e-12 0 2.29506e-12 0 2.33209e-12 0 2.36754e-12 0 2.40327e-12 0 2.43926e-12 0 2.47553e-12 0 2.51013e-12 0 2.54303e-12 0 2.57614e-12 0 2.61144e-12 0 2.64301e-12 0 2.67477e-12 0 2.70872e-12 0 2.74087e-12 0 2.77117e-12 0 2.80368e-12 0 2.83637e-12 0 2.86513e-12 0 2.8961e-12 0 2.92723e-12 0 2.95642e-12 0
143.051 3.59947e-15 3.59947e-15 5.30669e-23 1.4743e-08 6.04445e-07 3.83831e-23 0 2.41235e-19 0 1.45091e-16 0 3.44824e-15 0 1.04949e-14 0 1.88867e-14 0 2.79959e-14 0 3.75418e-14 0 8.67392e-14 0 1.81995e-13 0 2.704e-13 0 3.52294e-13 0 4.28722e-13 0 5.00354e-13 0 5.68057e-13 0 6.32786e-13 0 6.94772e-13 0 7.5383e-13 0 8.10972e-13 0 8.65619e-13 0 9.18247e-13 0 9.69498e-13 0 1.02016e-12 0 1.06785e-12 0 1.1145e-12 0 1.15993e-12 0 1.204e-12 0 1.24895e-12 0 1.28992e-12 0 1.33159e-12 0 1.3727e-12 0 1.41192e-12 0 1.45043e-12 0 1.48947e-12 0 1.5264e-12 0 1.56379e-12 0 1.59892e-12 0 1.63446e-12 0 1.67039e-12 0 1.7039e-12 0 1.73776e-12 0 1.77051e-12 0 1.80357e-12 0 1.83548e-12 0 1.86767e-12 0 1.89865e-12 0 1.92989e-12 0 1.95987e-12 0 1.99007e-12 0 2.01898e-12 0 2.04808e-12 0 2.07739e-12 0 2.1069e-12 0 2.13504e-12 0 2.16178e-12 0 2.18869e-12 0 2.21735e-12 0 2.24297e-12 0 2.26873e-12 0 2.29626e-12 0 2.32231e-12 0 2.34686e-12 0 2.37317e-12 0 2.39963e-12 0 2.42289e-12 0 2.44793e-12 0 2.47309e-12 0 2.49668e-12 0
150.394 3.26324e-15 3.26324e-15 4.34272e-23 1.3308e-08 5.48369e-07 1.07635e-22 0 4.41372e-19 0 1.94229e-16 0 3.95462e-15 0 1.14001e-14 0 1.99367e-14 0 2.89914e-14 0 3.8326e-14 0 8.50265e-14 0 1.72141e-13 0 2.50958e-13 0 3.22875e-13 0 3.89287e-13 0 4.51035e-13 0 5.09027e-13 0 5.64178e-13 0 6.16754e-13 0 6.66653e-13 0 7.14767e-13 0 7.60641e-13 0 8.047e-13 0 8.475e-13 0 8.89712e-13 0 9.29368e-13 0 9.68076e-13 0 1.00571e-12 0 1.04216e-12 0 1.07928e-12 0 1.11306e-12 0 1.14737e-12 0 1.18119e-12 0 1.2134e-12 0 1.24499e-12 0 1.27699e-12 0 1.30721e-12 0 1.33779e-12 0 1.3665e-12 0 1.3955e-12 0 1.42481e-12 0 1.45212e-12 0 1.47968e-12 0 1.50633e-12 0 1.53321e-12 0 1.55913e-12 0 1.58526e-12 0 1.61039e-12 0 1.63572e-12 0 1.66e-12 0 1.68446e-12 0 1.70785e-12 0 1.73139e-12 0 1.75508e-12 0 1.77892e-12 0 1.80164e-12 0 1.82322e-12 0 1.84492e-12 0 1.86803e-12 0 1.88867e-12 0 1.90942e-12 0 1.93158e-12 0 1.95255e-12 0 1.97229e-12 0 1.99345e-12 0 2.01471e-12 0 2.0334e-12 0 2.05351e-12 0 2.07371e-12 0 2.09263e-12 0
158.114 2.9599e-15 2.9599e-15 3.55431e-23 1.20082e-08 4.97487e-07 2.82315e-22 0 7.71246e-19 0 2.52137e-16 0 4.43145e-15 0 1.2132e-14 0 2.06471e-14 0 2.94829e-14 0 3.84511e-14 0 8.20771e-14 0 1.60634e-13 0 2.30017e-13 0 2.92428e-13 0 3.49493e-13 0 4.02152e-13 0 4.51313e-13 0 4.97834e-13 0 5.41996e-13 0 5.83756e-13 0 6.23894e-13 0 6.62054e-13 0 6.98612e-13 0 7.34043e-13 0 7.68912e-13 0 8.01607e-13 0 8.33463e-13 0 8.64386e-13 0 8.94286e-13 0 9.24694e-13 0 9.52328e-13 0 9.80363e-13 0 1.00795e-12 0 1.03421e-12 0 1.05993e-12 0 1.08596e-12 0 1.11052e-12 0 1.13534e-12 0 1.15863e-12 0 1.18213e-12 0 1.20586e-12 0 1.22796e-12 0 1.25024e-12 0 1.27177e-12 0 1.29347e-12 0 1.31438e-12 0 1.33545e-12 0 1.3557e-12 0 1.37609e-12 0 1.39564e-12 0 1.41531e-12 0 1.43411e-12 0 1.45302e-12 0 1.47205e-12 0 1.49118e-12 0 1.50941e-12 0 1.52671e-12 0 1.5441e-12 0 1.56261e-12 0 1.57915e-12 0 1.59575e-12 0 1.61348e-12 0 1.63025e-12 0 1.64603e-12 0 1.66294e-12 0 1.67993e-12 0 1.69485e-12 0 1.7109e-12 0 1.72701e-12 0 1.74211e-12 0
166.23 2.68644e-15 2.68644e-15 2.90897e-23 1.08283e-08 4.50709e-07 6.94964e-22 0 1.29015e-18 0 3.17922e-16 0 4.85825e-15 0 1.26636e-14 0 2.10017e-14 0 2.94751e-14 0 3.79494e-14 0 7.80953e-14 0 1.48012e-13 0 2.08372e-13 0 2.61942e-13 0 3.10467e-13 0 3.54931e-13 0 3.96209e-13 0 4.35089e-13 0 4.71852e-13 0 5.06496e-13 0 5.39696e-13 0 5.71175e-13 0 6.01261e-13 0 6.30358e-13 0 6.58936e-13 0 6.85682e-13 0 7.117e-13 0 7.36917e-13 0 7.61265e-13 0 7.85993e-13 0 8.08436e-13 0 8.31178e-13 0 8.53534e-13 0 8.74787e-13 0 8.95586e-13 0 9.1661e-13 0 9.36435e-13 0 9.56452e-13 0 9.75213e-13 0 9.94137e-13 0 1.01323e-12 0 1.03099e-12 0 1.04889e-12 0 1.06617e-12 0 1.08358e-12 0 1.10035e-12 0 1.11723e-12 0 1.13345e-12 0 1.14977e-12 0 1.1654e-12 0 1.18113e-12 0 1.19615e-12 0 1.21126e-12 0 1.22645e-12 0 1.24171e-12 0 1.25625e-12 0 1.27004e-12 0 1.2839e-12 0 1.29864e-12 0 1.31181e-12 0 1.32503e-12 0 1.33913e-12 0 1.35246e-12 0 1.36501e-12 0 1.37845e-12 0 1.39194e-12 0 1.40379e-12 0 1.41653e-12 0 1.42932e-12 0 1.4413e-12 0
174.763 2.43921e-15 2.43921e-15 2.3806e-23 9.75973e-09 4.08811e-07 1.61029e-21 0 2.07009e-18 0 3.89855e-16 0 5.21542e-15 0 1.29751e-14 0 2.09963e-14 0 2.89876e-14 0 3.68685e-14 0 7.32828e-14 0 1.3473e-13 0 1.86649e-13 0 2.32149e-13 0 2.73004e-13 0 3.10193e-13 0 3.44536e-13 0 3.76744e-13 0 4.07085e-13 0 4.35588e-13 0 4.62825e-13 0 4.88587e-13 0 5.13154e-13 0 5.36865e-13 0 5.60111e-13 0 5.8183e-13 0 6.02925e-13 0 6.23341e-13 0 6.43028e-13 0 6.62996e-13 0 6.81098e-13 0 6.99421e-13 0 7.17414e-13 0 7.34503e-13 0 7.51211e-13 0 7.68084e-13 0 7.83982e-13 0 8.00021e-13 0 8.15041e-13 0 8.30182e-13 0 8.45443e-13 0 8.59635e-13 0 8.73928e-13 0 8.87719e-13 0 9.01601e-13 0 9.14965e-13 0 9.2841e-13 0 9.41321e-13 0 9.54305e-13 0 9.6674e-13 0 9.79241e-13 0 9.91178e-13 0 1.00317e-12 0 1.01523e-12 0 1.02734e-12 0 1.03887e-12 0 1.04981e-12 0 1.06079e-12 0 1.07247e-12 0 1.08289e-12 0 1.09335e-12 0 1.10451e-12 0 1.11506e-12 0 1.12498e-12 0 1.1356e-12 0 1.14626e-12 0 1.15562e-12 0 1.16569e-12 0 1.17578e-12 0 1.18523e-12 0
183.733 2.21652e-15 2.21652e-15 1.94813e-23 8.78912e-09 3.70057e-07 3.52386e-21 0 3.19381e-18 0 4.65756e-16 0 5.4905e-15 0 1.30674e-14 0 2.06581e-14 0 2.80796e-14 0 3.53021e-14 0 6.78981e-14 0 1.21288e-13 0 1.65493e-13 0 2.03776e-13 0 2.37869e-13 0 2.68712e-13 0 2.97054e-13 0 3.23527e-13 0 3.4838e-13 0 3.71657e-13 0 3.93843e-13 0 4.14779e-13 0 4.34702e-13 0 4.53896e-13 0 4.72681e-13 0 4.90204e-13 0 5.07199e-13 0 5.23626e-13 0 5.39446e-13 0 5.55473e-13 0 5.69987e-13 0 5.84663e-13 0 5.99061e-13 0 6.12722e-13 0 6.26068e-13 0 6.39535e-13 0 6.52212e-13 0 6.64994e-13 0 6.76954e-13 0 6.89003e-13 0 7.01139e-13 0 7.12418e-13 0 7.2377e-13 0 7.34718e-13 0 7.45731e-13 0 7.56327e-13 0 7.66983e-13 0 7.7721e-13 0 7.8749e-13 0 7.97331e-13 0 8.07219e-13 0 8.16657e-13 0 8.26138e-13 0 8.35661e-13 0 8.45226e-13 0 8.54327e-13 0 8.62956e-13 0 8.71618e-13 0 8.80826e-13 0 8.89042e-13 0 8.97287e-13 0 9.06078e-13 0 9.14382e-13 0 9.22192e-13 0 9.30551e-13 0 9.38938e-13 0 9.46299e-13 0 9.5421e-13 0 9.62145e-13 0 9.69573e-13 0
193.164 2.01445e-15 2.01445e-15 1.59449e-23 7.91526e-09 3.363e-07 7.29887e-21 0 4.74414e-18 0 5.42464e-16 0 5.67017e-15 0 1.29388e-14 0 2.00068e-14 0 2.67952e-14 0 3.33192e-14 0 6.21173e-14 0 1.0798e-13 0 1.45236e-13 0 1.77143e-13 0 2.05341e-13 0 2.30703e-13 0 2.53903e-13 0 2.7549e-13 0 2.95692e-13 0 3.14561e-13 0 3.32501e-13 0 3.49394e-13 0 3.6544e-13 0 3.80871e-13 0 3.95949e-13 0 4.09994e-13 0 4.23598e-13 0 4.3673e-13 0 4.49363e-13 0 4.62147e-13 0 4.73713e-13 0 4.85396e-13 0 4.96848e-13 0 5.07705e-13 0 5.18303e-13 0 5.28988e-13 0 5.39041e-13 0 5.49168e-13 0 5.58639e-13 0 5.68173e-13 0 5.77771e-13 0 5.86686e-13 0 5.95653e-13 0 6.04297e-13 0 6.12988e-13 0 6.21345e-13 0 6.29746e-13 0 6.37804e-13 0 6.45901e-13 0 6.53649e-13 0 6.6143e-13 0 6.68855e-13 0 6.7631e-13 0 6.83795e-13 0 6.91311e-13 0 6.98459e-13 0 7.05234e-13 0 7.12034e-13 0 7.19259e-13 0 7.25703e-13 0 7.32168e-13 0 7.3906e-13 0 7.45567e-13 0 7.51686e-13 0 7.58233e-13 0 7.648e-13 0 7.70562e-13 0 7.76753e-13 0 7.82961e-13 0 7.88771e-13 0
203.079 1.83177e-15 1.83177e-15 1.30525e-23 7.12564e-09 3.03861e-07 1.43531e-20 0 6.80005e-18 0 6.16954e-16 0 5.75216e-15 0 1.26116e-14 0 1.90954e-14 0 2.52186e-14 0 3.10338e-14 0 5.6174e-14 0 9.51678e-14 0 1.26281e-13 0 1.5265e-13 0 1.75788e-13 0 1.96487e-13 0 2.1534e-13 0 2.32822e-13 0 2.49133e-13 0 2.64328e-13 0 2.78743e-13 0 2.9229e-13 0 3.05134e-13 0 3.17467e-13 0 3.29499e-13 0 3.40692e-13 0 3.5152e-13 0 3.61961e-13 0 3.71994e-13 0 3.82137e-13 0 3.91304e-13 0 4.00558e-13 0 4.0962e-13 0 4.18204e-13 0 4.26577e-13 0 4.35014e-13 0 4.42945e-13 0 4.50931e-13 0 4.58394e-13 0 4.65903e-13 0 4.73458e-13 0 4.80472e-13 0 4.87523e-13 0 4.94316e-13 0 5.01143e-13 0 5.07705e-13 0 5.14298e-13 0 5.2062e-13 0 5.2697e-13 0 5.33043e-13 0 5.3914e-13 0 5.44955e-13 0 5.50793e-13 0 5.56652e-13 0 5.62532e-13 0 5.68123e-13 0 5.73421e-13 0 5.78736e-13 0 5.84382e-13 0 5.89416e-13 0 5.94466e-13 0 5.99846e-13 0 6.04926e-13 0 6.09701e-13 0 6.14808e-13 0 6.1993e-13 0 6.24423e-13 0 6.29249e-13 0 6.34087e-13 0 6.38614e-13 0
213.503 1.66698e-15 1.66698e-15 1.0681e-23 6.40738e-09 2.75485e-07 2.68735e-20 0 9.42449e-18 0 6.86181e-16 0 5.73895e-15 0 1.21142e-14 0 1.79805e-14 0 2.34328e-14 0 2.85531e-14 0 5.02606e-14 0 8.31044e-14 0 1.08873e-13 0 1.30502e-13 0 1.49354e-13 0 1.66134e-13 0 1.81357e-13 0 1.95427e-13 0 2.08518e-13 0 2.20684e-13 0 2.32202e-13 0 2.43007e-13 0 2.53234e-13 0 2.63039e-13 0 2.72592e-13 0 2.81468e-13 0 2.90044e-13 0 2.98305e-13 0 3.06236e-13 0 3.14246e-13 0 3.2148e-13 0 3.28775e-13 0 3.35914e-13 0 3.42672e-13 0 3.49259e-13 0 3.55892e-13 0 3.62123e-13 0 3.68394e-13 0 3.74251e-13 0 3.80141e-13 0 3.86063e-13 0 3.91559e-13 0 3.97082e-13 0 4.02399e-13 0 4.07742e-13 0 4.12875e-13 0 4.18029e-13 0 4.2297e-13 0 4.27931e-13 0 4.32674e-13 0 4.37434e-13 0 4.41972e-13 0 4.46526e-13 0 4.51095e-13 0 4.5568e-13 0 4.60038e-13 0 4.64166e-13 0 4.68306e-13 0 4.72703e-13 0 4.76622e-13 0 4.80552e-13 0 4.84739e-13 0 4.88691e-13 0 4.92404e-13 0 4.96375e-13 0 5.00357e-13 0 5.03849e-13 0 5.07598e-13 0 5.11357e-13 0 5.14873e-13 0
224.463 1.51711e-15 1.51711e-15 8.74491e-24 5.76418e-09 2.50005e-07 4.79867e-20 0 1.26416e-17 0 7.46625e-16 0 5.63202e-15 0 1.14682e-14 0 1.67033e-14 0 2.14961e-14 0 2.59498e-14 0 4.44881e-14 0 7.18911e-14 0 9.30554e-14 0 1.10659e-13 0 1.25907e-13 0 1.39417e-13 0 1.51628e-13 0 1.62879e-13 0 1.73321e-13 0 1.83004e-13 0 1.92154e-13 0 2.00722e-13 0 2.08819e-13 0 2.16572e-13 0 2.24116e-13 0 2.31118e-13 0 2.37875e-13 0 2.44378e-13 0 2.50616e-13 0 2.5691e-13 0 2.6259e-13 0 2.68314e-13 0 2.73911e-13 0 2.79206e-13 0 2.84364e-13 0 2.89555e-13 0 2.94428e-13 0 2.9933e-13 0 3.03906e-13 0 3.08506e-13 0 3.13128e-13 0 3.17416e-13 0 3.21722e-13 0 3.25868e-13 0 3.30031e-13 0 3.34028e-13 0 3.38042e-13 0 3.41888e-13 0 3.45747e-13 0 3.49436e-13 0 3.53137e-13 0 3.56665e-13 0 3.60203e-13 0 3.63753e-13 0 3.67313e-13 0 3.70697e-13 0 3.73901e-13 0 3.77113e-13 0 3.80524e-13 0 3.83564e-13 0 3.86611e-13 0 3.89856e-13 0 3.92919e-13 0 3.95796e-13 0 3.98872e-13 0 4.01956e-13 0 4.0466e-13 0 4.07562e-13 0 4.10472e-13 0 4.13192e-13 0
235.984 1.38191e-15 1.38191e-15 7.15763e-24 5.17953e-09 2.26141e-07 8.1978e-20 0 1.6451e-17 0 7.96278e-16 0 5.44553e-15 0 1.07164e-14 0 1.53317e-14 0 1.94974e-14 0 2.333e-14 0 3.90115e-14 0 6.16917e-14 0 7.89526e-14 0 9.3189e-14 0 1.05449e-13 0 1.16265e-13 0 1.26007e-13 0 1.34959e-13 0 1.43247e-13 0 1.50917e-13 0 1.58152e-13 0 1.64916e-13 0 1.71299e-13 0 1.77404e-13 0 1.83336e-13 0 1.88836e-13 0 1.9414e-13 0 1.99239e-13 0 2.04126e-13 0 2.09054e-13 0 2.13497e-13 0 2.17971e-13 0 2.22344e-13 0 2.26478e-13 0 2.30503e-13 0 2.34551e-13 0 2.3835e-13 0 2.42169e-13 0 2.45732e-13 0 2.49312e-13 0 2.52909e-13 0 2.56243e-13 0 2.59591e-13 0 2.62812e-13 0 2.66046e-13 0 2.6915e-13 0 2.72266e-13 0 2.7525e-13 0 2.78244e-13 0 2.81104e-13 0 2.83973e-13 0 2.86707e-13 0 2.89449e-13 0 2.92199e-13 0 2.94956e-13 0 2.97575e-13 0 3.00055e-13 0 3.02541e-13 0 3.0518e-13 0 3.07531e-13 0 3.09887e-13 0 3.12397e-13 0 3.14763e-13 0 3.16987e-13 0 3.19364e-13 0 3.21746e-13 0 3.23834e-13 0 3.26076e-13 0 3.28322e-13 0 3.30422e-13 0
248.097 1.25943e-15 1.25943e-15 5.8586e-24 4.65177e-09 2.04709e-07 1.34234e-19 0 2.07943e-17 0 8.32978e-16 0 5.19007e-15 0 9.8886e-15 0 1.391e-14 0 1.74913e-14 0 2.07556e-14 0 3.38991e-14 0 5.25248e-14 0 6.6507e-14 0 7.7949e-14 0 8.77499e-14 0 9.63615e-14 0 1.04094e-13 0 1.11181e-13 0 1.17728e-13 0 1.23776e-13 0 1.2947e-13 0 1.34787e-13 0 1.39798e-13 0 1.44584e-13 0 1.4923e-13 0 1.53534e-13 0 1.5768e-13 0 1.61663e-13 0 1.65477e-13 0 1.69321e-13 0 1.72784e-13 0 1.76269e-13 0 1.79673e-13 0 1.82889e-13 0 1.86019e-13 0 1.89165e-13 0 1.92116e-13 0 1.95082e-13 0 1.97847e-13 0 2.00625e-13 0 2.03414e-13 0 2.05999e-13 0 2.08593e-13 0 2.11088e-13 0 2.13592e-13 0 2.15996e-13 0 2.18407e-13 0 2.20715e-13 0 2.23031e-13 0 2.25243e-13 0 2.27461e-13 0 2.29574e-13 0 2.31692e-13 0 2.33816e-13 0 2.35945e-13 0 2.37967e-13 0 2.39881e-13 0 2.41799e-13 0 2.43835e-13 0 2.45649e-13 0 2.47466e-13 0 2.494e-13 0 2.51225e-13 0 2.52939e-13 0 2.5477e-13 0 2.56606e-13 0 2.58214e-13 0 2.59941e-13 0 2.6167e-13 0 2.63287e-13 0
260.832 1.14809e-15 1.14809e-15 4.79556e-24 4.17697e-09 1.85401e-07 2.11061e-19 0 2.55602e-17 0 8.55284e-16 0 4.87832e-15 0 9.01423e-15 0 1.24786e-14 0 1.55253e-14 0 1.82781e-14 0 2.91969e-14 0 4.43784e-14 0 5.56305e-14 0 6.47717e-14 0 7.25629e-14 0 7.93834e-14 0 8.54902e-14 0 9.10733e-14 0 9.62207e-14 0 1.00967e-13 0 1.0543e-13 0 1.09591e-13 0 1.13508e-13 0 1.17245e-13 0 1.2087e-13 0 1.24224e-13 0 1.27453e-13 0 1.30552e-13 0 1.33518e-13 0 1.36504e-13 0 1.39194e-13 0 1.41899e-13 0 1.44539e-13 0 1.47033e-13 0 1.49459e-13 0 1.51895e-13 0 1.5418e-13 0 1.56475e-13 0 1.58615e-13 0 1.60763e-13 0 1.62919e-13 0 1.64916e-13 0 1.6692e-13 0 1.68847e-13 0 1.7078e-13 0 1.72635e-13 0 1.74495e-13 0 1.76276e-13 0 1.78062e-13 0 1.79767e-13 0 1.81476e-13 0 1.83104e-13 0 1.84736e-13 0 1.86372e-13 0 1.88011e-13 0 1.89568e-13 0 1.91041e-13 0 1.92517e-13 0 1.94084e-13 0 1.95479e-13 0 1.96876e-13 0 1.98364e-13 0 1.99767e-13 0 2.01084e-13 0 2.02492e-13 0 2.03902e-13 0 2.05137e-13 0 2.06464e-13 0 2.07792e-13 0 2.09034e-13 0
274.221 1.04728e-15 1.04728e-15 3.9256e-24 3.74838e-09 1.68787e-07 3.19425e-19 0 3.06072e-17 0 8.63141e-16 0 4.52721e-15 0 8.1264e-15 0 1.10807e-14 0 1.36482e-14 0 1.5949e-14 0 2.49486e-14 0 3.72418e-14 0 4.62457e-14 0 5.35113e-14 0 5.96756e-14 0 6.50534e-14 0 6.98556e-14 0 7.42363e-14 0 7.82675e-14 0 8.19789e-14 0 8.54635e-14 0 8.87083e-14 0 9.17599e-14 0 9.46683e-14 0 9.74867e-14 0 1.00092e-13 0 1.02599e-13 0 1.05003e-13 0 1.07303e-13 0 1.09617e-13 0 1.11699e-13 0 1.13793e-13 0 1.15835e-13 0 1.17764e-13 0 1.19638e-13 0 1.21521e-13 0 1.23285e-13 0 1.25056e-13 0 1.26707e-13 0 1.28364e-13 0 1.30026e-13 0 1.31566e-13 0 1.3311e-13 0 1.34595e-13 0 1.36084e-13 0 1.37512e-13 0 1.38944e-13 0 1.40314e-13 0 1.41688e-13 0 1.42999e-13 0 1.44314e-13 0 1.45566e-13 0 1.4682e-13 0 1.48077e-13 0 1.49337e-13 0 1.50532e-13 0 1.51664e-13 0 1.52797e-13 0 1.54e-13 0 1.55071e-13 0 1.56143e-13 0 1.57285e-13 0 1.58361e-13 0 1.59372e-13 0 1.60451e-13 0 1.61533e-13 0 1.6248e-13 0 1.63497e-13 0 1.64515e-13 0 1.65467e-13 0
288.297 9.55719e-16 9.55719e-16 3.21376e-24 3.36266e-09 1.52162e-07 4.66089e-19 0 3.57431e-17 0 8.56722e-16 0 4.15015e-15 0 7.2481e-15 0 9.74283e-15 0 1.18871e-14 0 1.3794e-14 0 2.11561e-14 0 3.10481e-14 0 3.82141e-14 0 4.39605e-14 0 4.88154e-14 0 5.30376e-14 0 5.67984e-14 0 6.02223e-14 0 6.33676e-14 0 6.62591e-14 0 6.89704e-14 0 7.14923e-14 0 7.38616e-14 0 7.61178e-14 0 7.83023e-14 0 8.03204e-14 0 8.22604e-14 0 8.41201e-14 0 8.58975e-14 0 8.76852e-14 0 8.92931e-14 0 9.0909e-14 0 9.24847e-14 0 9.39715e-14 0 9.54163e-14 0 9.68668e-14 0 9.82257e-14 0 9.95895e-14 0 1.0086e-13 0 1.02135e-13 0 1.03414e-13 0 1.04598e-13 0 1.05785e-13 0 1.06926e-13 0 1.0807e-13 0 1.09167e-13 0 1.10266e-13 0 1.11318e-13 0 1.12373e-13 0 1.13379e-13 0 1.14388e-13 0 1.15348e-13 0 1.1631e-13 0 1.17274e-13 0 1.1824e-13 0 1.19156e-13 0 1.20023e-13 0 1.20892e-13 0 1.21813e-13 0 1.22634e-13 0 1.23455e-13 0 1.24329e-13 0 1.25153e-13 0 1.25927e-13 0 1.26753e-13 0 1.27581e-13 0 1.28306e-13 0 1.29084e-13 0 1.29863e-13 0 1.30591e-13 0
303.095 8.72655e-16 8.72655e-16 2.63083e-24 3.01474e-09 1.37737e-07 6.56986e-19 0 4.0764e-17 0 8.37185e-16 0 3.76121e-15 0 6.4008e-15 0 8.48864e-15 0 1.02647e-14 0 1.18328e-14 0 1.78144e-14 0 2.57293e-14 0 3.14049e-14 0 3.59301e-14 0 3.97383e-14 0 4.30406e-14 0 4.59755e-14 0 4.86423e-14 0 5.10883e-14 0 5.33339e-14 0 5.54371e-14 0 5.73914e-14 0 5.92257e-14 0 6.0971e-14 0 6.26595e-14 0 6.42184e-14 0 6.57159e-14 0 6.71506e-14 0 6.85211e-14 0 6.98988e-14 0 7.11374e-14 0 7.23816e-14 0 7.35943e-14 0 7.47381e-14 0 7.58492e-14 0 7.69643e-14 0 7.80086e-14 0 7.90564e-14 0 8.00323e-14 0 8.1011e-14 0 8.19925e-14 0 8.2901e-14 0 8.38119e-14 0 8.46869e-14 0 8.5564e-14 0 8.6405e-14 0 8.72478e-14 0 8.8054e-14 0 8.88619e-14 0 8.96328e-14 0 9.04053e-14 0 9.11404e-14 0 9.18769e-14 0 9.26147e-14 0 9.33538e-14 0 9.40551e-14 0 9.47185e-14 0 9.5383e-14 0 9.60875e-14 0 9.67148e-14 0 9.73429e-14 0 9.80112e-14 0 9.8641e-14 0 9.92323e-14 0 9.98638e-14 0 1.00496e-13 0 1.0105e-13 0 1.01644e-13 0 1.02239e-13 0 1.02795e-13 0
318.653 7.97056e-16 7.97056e-16 2.15372e-24 2.70209e-09 1.23431e-07 8.95905e-19 0 4.54446e-17 0 8.05889e-16 0 3.37129e-15 0 5.59854e-15 0 7.33086e-15 0 8.79027e-15 0 1.00703e-14 0 1.48984e-14 0 2.1197e-14 0 2.56712e-14 0 2.92196e-14 0 3.21952e-14 0 3.47685e-14 0 3.70507e-14 0 3.9121e-14 0 4.10171e-14 0 4.27557e-14 0 4.43823e-14 0 4.58923e-14 0 4.73084e-14 0 4.86547e-14 0 4.99563e-14 0 5.11572e-14 0 5.23102e-14 0 5.34143e-14 0 5.44684e-14 0 5.55275e-14 0 5.64793e-14 0 5.7435e-14 0 5.83662e-14 0 5.92441e-14 0 6.00967e-14 0 6.0952e-14 0 6.17528e-14 0 6.25559e-14 0 6.33038e-14 0 6.40537e-14 0 6.48055e-14 0 6.55012e-14 0 6.61985e-14 0 6.68683e-14 0 6.75395e-14 0 6.81829e-14 0 6.88276e-14 0 6.94442e-14 0 7.0062e-14 0 7.06514e-14 0 7.12418e-14 0 7.18036e-14 0 7.23664e-14 0 7.293e-14 0 7.34946e-14 0 7.40302e-14 0 7.45369e-14 0 7.50442e-14 0 7.55821e-14 0 7.60609e-14 0 7.65402e-14 0 7.70502e-14 0 7.75308e-14 0 7.79819e-14 0 7.84637e-14 0 7.8946e-14 0 7.93685e-14 0 7.98216e-14 0 8.02753e-14 0 8.06991e-14 0
335.009 7.2869e-16 7.2869e-16 1.76352e-24 2.42013e-09 1.13375e-07 1.1846e-18 0 4.96106e-17 0 7.65278e-16 0 2.99236e-15 0 4.85583e-15 0 6.28258e-15 0 7.47377e-15 0 8.51206e-15 0 1.23879e-14 0 1.73784e-14 0 2.08926e-14 0 2.36661e-14 0 2.59842e-14 0 2.7984e-14 0 2.97542e-14 0 3.13575e-14 0 3.28239e-14 0 3.4167e-14 0 3.54224e-14 0 3.65867e-14 0 3.76778e-14 0 3.87144e-14 0 3.9716e-14 0 4.06395e-14 0 4.15257e-14 0 4.23739e-14 0 4.31833e-14 0 4.39963e-14 0 4.47265e-14 0 4.54595e-14 0 4.61734e-14 0 4.68463e-14 0 4.74995e-14 0 4.81547e-14 0 4.87679e-14 0 4.93828e-14 0 4.99552e-14 0 5.05289e-14 0 5.11041e-14 0 5.16361e-14 0 5.21694e-14 0 5.26814e-14 0 5.31944e-14 0 5.36861e-14 0 5.41787e-14 0 5.46497e-14 0 5.51215e-14 0 5.55716e-14 0 5.60225e-14 0 5.64514e-14 0 5.68809e-14 0 5.73111e-14 0 5.77419e-14 0 5.81506e-14 0 5.85371e-14 0 5.8924e-14 0 5.93343e-14 0 5.96994e-14 0 6.00649e-14 0 6.04538e-14 0 6.08201e-14 0 6.1164e-14 0 6.15311e-14 0 6.18987e-14 0 6.22206e-14 0 6.25659e-14 0 6.29115e-14 0 6.32344e-14 0
352.205 6.6644e-16 6.6644e-16 1.44374e-24 2.16634e-09 1.02601e-07 1.52025e-18 0 5.30617e-17 0 7.17035e-16 0 2.63026e-15 0 4.17629e-15 0 5.34273e-15 0 6.30845e-15 0 7.14537e-15 0 1.02397e-14 0 1.41757e-14 0 1.69253e-14 0 1.90857e-14 0 2.08858e-14 0 2.24353e-14 0 2.38045e-14 0 2.50428e-14 0 2.6174e-14 0 2.7209e-14 0 2.81755e-14 0 2.90713e-14 0 2.99101e-14 0 3.07064e-14 0 3.14755e-14 0 3.21842e-14 0 3.28639e-14 0 3.35142e-14 0 3.41346e-14 0 3.47573e-14 0 3.53166e-14 0 3.58777e-14 0 3.64241e-14 0 3.69389e-14 0 3.74385e-14 0 3.79394e-14 0 3.84082e-14 0 3.88781e-14 0 3.93154e-14 0 3.97537e-14 0 4.0193e-14 0 4.05993e-14 0 4.10063e-14 0 4.13972e-14 0 4.17887e-14 0 4.21639e-14 0 4.25396e-14 0 4.28989e-14 0 4.32588e-14 0 4.3602e-14 0 4.39457e-14 0 4.42726e-14 0 4.46001e-14 0 4.49279e-14 0 4.52562e-14 0 4.55675e-14 0 4.5862e-14 0 4.61567e-14 0 4.64692e-14 0 4.67473e-14 0 4.70256e-14 0 4.73216e-14 0 4.76006e-14 0 4.78623e-14 0 4.81418e-14 0 4.84215e-14 0 4.86665e-14 0 4.89292e-14 0 4.91922e-14 0 4.94379e-14 0
370.284 6.09789e-16 6.09789e-16 1.18205e-24 1.93845e-09 8.98301e-08 1.89658e-18 0 5.56655e-17 0 6.63423e-16 0 2.29105e-15 0 3.56381e-15 0 4.51101e-15 0 5.28913e-15 0 5.95987e-15 0 8.41786e-15 0 1.15097e-14 0 1.36537e-14 0 1.53313e-14 0 1.67253e-14 0 1.79227e-14 0 1.89791e-14 0 1.99332e-14 0 2.08039e-14 0 2.15998e-14 0 2.23424e-14 0 2.30301e-14 0 2.36736e-14 0 2.42843e-14 0 2.48737e-14 0 2.54166e-14 0 2.59371e-14 0 2.64348e-14 0 2.69094e-14 0 2.73857e-14 0 2.78133e-14 0 2.82422e-14 0 2.86596e-14 0 2.90529e-14 0 2.94344e-14 0 2.98169e-14 0 3.01747e-14 0 3.05333e-14 0 3.0867e-14 0 3.12014e-14 0 3.15364e-14 0 3.18462e-14 0 3.21566e-14 0 3.24545e-14 0 3.27529e-14 0 3.30388e-14 0 3.33251e-14 0 3.35988e-14 0 3.38729e-14 0 3.41342e-14 0 3.4396e-14 0 3.46449e-14 0 3.48942e-14 0 3.51437e-14 0 3.53936e-14 0 3.56306e-14 0 3.58546e-14 0 3.60789e-14 0 3.63166e-14 0 3.65281e-14 0 3.67398e-14 0 3.6965e-14 0 3.71771e-14 0 3.73761e-14 0 3.75886e-14 0 3.78013e-14 0 3.79875e-14 0 3.81872e-14 0 3.83871e-14 0 3.85738e-14 0
389.291 5.57857e-16 5.57857e-16 9.67913e-25 1.73506e-09 8.29512e-08 2.30183e-18 0 5.72982e-17 0 6.06173e-16 0 1.97735e-15 0 3.01697e-15 0 3.78087e-15 0 4.40388e-15 0 4.93828e-15 0 6.88064e-15 0 9.29886e-15 0 1.09644e-14 0 1.22627e-14 0 1.33387e-14 0 1.42613e-14 0 1.5074e-14 0 1.58072e-14 0 1.64756e-14 0 1.7086e-14 0 1.76551e-14 0 1.81818e-14 0 1.86744e-14 0 1.91416e-14 0 1.95923e-14 0 2.00072e-14 0 2.04049e-14 0 2.0785e-14 0 2.11474e-14 0 2.15109e-14 0 2.18371e-14 0 2.21642e-14 0 2.24826e-14 0 2.27824e-14 0 2.30732e-14 0 2.33647e-14 0 2.36373e-14 0 2.39104e-14 0 2.41646e-14 0 2.44191e-14 0 2.46742e-14 0 2.491e-14 0 2.51462e-14 0 2.53729e-14 0 2.55999e-14 0 2.58173e-14 0 2.60351e-14 0 2.62432e-14 0 2.64517e-14 0 2.66504e-14 0 2.68493e-14 0 2.70386e-14 0 2.7228e-14 0 2.74176e-14 0 2.76075e-14 0 2.77875e-14 0 2.79577e-14 0 2.81281e-14 0 2.83087e-14 0 2.84693e-14 0 2.86301e-14 0 2.8801e-14 0 2.89621e-14 0 2.91132e-14 0 2.92745e-14 0 2.9436e-14 0 2.95773e-14 0 2.97289e-14 0 2.98806e-14 0 3.00223e-14 0
409.273 5.11049e-16 5.11049e-16 7.92538e-25 1.55081e-09 7.60601e-08 2.72568e-18 0 5.80135e-17 0 5.48178e-16 0 1.69451e-15 0 2.53883e-15 0 3.15192e-15 0 3.64861e-15 0 4.0727e-15 0 5.60258e-15 0 7.48927e-15 0 8.78062e-15 0 9.78378e-15 0 1.06133e-14 0 1.13233e-14 0 1.19479e-14 0 1.25107e-14 0 1.30233e-14 0 1.34911e-14 0 1.39269e-14 0 1.43301e-14 0 1.47069e-14 0 1.50641e-14 0 1.54085e-14 0 1.57255e-14 0 1.60292e-14 0 1.63194e-14 0 1.65959e-14 0 1.68732e-14 0 1.71221e-14 0 1.73715e-14 0 1.76142e-14 0 1.78427e-14 0 1.80643e-14 0 1.82863e-14 0 1.8494e-14 0 1.8702e-14 0 1.88955e-14 0 1.90893e-14 0 1.92834e-14 0 1.94629e-14 0 1.96426e-14 0 1.98151e-14 0 1.99878e-14 0 2.01532e-14 0 2.03188e-14 0 2.04771e-14 0 2.06355e-14 0 2.07866e-14 0 2.09379e-14 0 2.10817e-14 0 2.12257e-14 0 2.13698e-14 0 2.1514e-14 0 2.16508e-14 0 2.17801e-14 0 2.19095e-14 0 2.20467e-14 0 2.21687e-14 0 2.22908e-14 0 2.24206e-14 0 2.25429e-14 0 2.26577e-14 0 2.27801e-14 0 2.29027e-14 0 2.301e-14 0 2.31251e-14 0 2.32402e-14 0 2.33477e-14 0
430.281 4.68379e-16 4.68379e-16 6.48825e-25 1.38526e-09 6.62962e-08 3.15012e-18 0 5.77745e-17 0 4.90503e-16 0 1.44122e-15 0 2.12272e-15 0 2.61218e-15 0 3.00626e-15 0 3.34132e-15 0 4.5417e-15 0 6.00919e-15 0 7.00789e-15 0 7.78126e-15 0 8.41939e-15 0 8.96472e-15 0 9.44387e-15 0 9.8752e-15 0 1.02677e-14 0 1.06257e-14 0 1.0959e-14 0 1.12671e-14 0 1.15549e-14 0 1.18277e-14 0 1.20905e-14 0 1.23324e-14 0 1.2564e-14 0 1.27853e-14 0 1.29961e-14 0 1.32074e-14 0 1.3397e-14 0 1.3587e-14 0 1.37718e-14 0 1.39458e-14 0 1.41144e-14 0 1.42834e-14 0 1.44414e-14 0 1.45997e-14 0 1.47469e-14 0 1.48943e-14 0 1.50419e-14 0 1.51783e-14 0 1.5315e-14 0 1.54461e-14 0 1.55773e-14 0 1.5703e-14 0 1.58289e-14 0 1.59491e-14 0 1.60695e-14 0 1.61843e-14 0 1.62992e-14 0 1.64084e-14 0 1.65177e-14 0 1.66272e-14 0 1.67367e-14 0 1.68406e-14 0 1.69387e-14 0 1.7037e-14 0 1.7141e-14 0 1.72336e-14 0 1.73263e-14 0 1.74248e-14 0 1.75176e-14 0 1.76047e-14 0 1.76976e-14 0 1.77906e-14 0 1.7872e-14 0 1.79593e-14 0 1.80466e-14 0 1.81281e-14 0
452.368 4.29299e-16 4.29299e-16 5.31274e-25 1.23754e-09 6.10287e-08 3.55625e-18 0 5.66204e-17 0 4.34366e-16 0 1.21669e-15 0 1.76344e-15 0 2.15215e-15 0 2.46333e-15 0 2.72688e-15 0 3.66507e-15 0 4.8029e-15 0 5.57321e-15 0 6.16799e-15 0 6.6578e-15 0 7.07579e-15 0 7.44263e-15 0 7.77257e-15 0 8.07259e-15 0 8.346e-15 0 8.60043e-15 0 8.8355e-15 0 9.05504e-15 0 9.26298e-15 0 9.46331e-15 0 9.64756e-15 0 9.82396e-15 0 9.99242e-15 0 1.01529e-14 0 1.03137e-14 0 1.04579e-14 0 1.06025e-14 0 1.0743e-14 0 1.08753e-14 0 1.10035e-14 0 1.1132e-14 0 1.12521e-14 0 1.13723e-14 0 1.14841e-14 0 1.15961e-14 0 1.17082e-14 0 1.18119e-14 0 1.19156e-14 0 1.20151e-14 0 1.21148e-14 0 1.22102e-14 0 1.23057e-14 0 1.2397e-14 0 1.24884e-14 0 1.25754e-14 0 1.26626e-14 0 1.27455e-14 0 1.28284e-14 0 1.29114e-14 0 1.29945e-14 0 1.30733e-14 0 1.31477e-14 0 1.32222e-14 0 1.33011e-14 0 1.33713e-14 0 1.34416e-14 0 1.35163e-14 0 1.35866e-14 0 1.36526e-14 0 1.3723e-14 0 1.37935e-14 0 1.38552e-14 0 1.39213e-14 0 1.39875e-14 0 1.40493e-14 0
475.588 3.93692e-16 3.93692e-16 4.35008e-25 1.10494e-09 5.51784e-08 3.92804e-18 0 5.46766e-17 0 3.81088e-16 0 1.02046e-15 0 1.45686e-15 0 1.76421e-15 0 2.00897e-15 0 2.21553e-15 0 2.94655e-15 0 3.82664e-15 0 4.41962e-15 0 4.87626e-15 0 5.25165e-15 0 5.57158e-15 0 5.85207e-15 0 6.10413e-15 0 6.33318e-15 0 6.54179e-15 0 6.73581e-15 0 6.91499e-15 0 7.08227e-15 0 7.24064e-15 0 7.39317e-15 0 7.53342e-15 0 7.66764e-15 0 7.7958e-15 0 7.91783e-15 0 8.04013e-15 0 8.14978e-15 0 8.25964e-15 0 8.36645e-15 0 8.46696e-15 0 8.56438e-15 0 8.66195e-15 0 8.75314e-15 0 8.84446e-15 0 8.92937e-15 0 9.01437e-15 0 9.09949e-15 0 9.17814e-15 0 9.25687e-15 0 9.33241e-15 0 9.40802e-15 0 9.48041e-15 0 9.55287e-15 0 9.6221e-15 0 9.69139e-15 0 9.75743e-15 0 9.82353e-15 0 9.88637e-15 0 9.94925e-15 0 1.00122e-14 0 1.00752e-14 0 1.01349e-14 0 1.01913e-14 0 1.02478e-14 0 1.03076e-14 0 1.03608e-14 0 1.0414e-14 0 1.04706e-14 0 1.05239e-14 0 1.05739e-14 0 1.06273e-14 0 1.06807e-14 0 1.07274e-14 0 1.07775e-14 0 1.08276e-14 0 1.08744e-14 0
500 3.61334e-16 3.61334e-16 3.56169e-25 9.85705e-10 5.03324e-08 4.25088e-18 0 5.2082e-17 0 3.31524e-16 0 8.50904e-16 0 1.19769e-15 0 1.43981e-15 0 1.6317e-15 0 1.7931e-15 0 2.36127e-15 0 3.04073e-15 0 3.49653e-15 0 3.84668e-15 0 4.13407e-15 0 4.3787e-15 0 4.59297e-15 0 4.78539e-15 0 4.96012e-15 0 5.11917e-15 0 5.26704e-15 0 5.40353e-15 0 5.53091e-15 0 5.65147e-15 0 5.76755e-15 0 5.87425e-15 0 5.97634e-15 0 6.0738e-15 0 6.16657e-15 0 6.25953e-15 0 6.34286e-15 0 6.42633e-15 0 6.50748e-15 0 6.58383e-15 0 6.65782e-15 0 6.73191e-15 0 6.80115e-15 0 6.87047e-15 0 6.93492e-15 0 6.99944e-15 0 7.06403e-15 0 7.12372e-15 0 7.18346e-15 0 7.24077e-15 0 7.29812e-15 0 7.35304e-15 0 7.40799e-15 0 7.4605e-15 0 7.51304e-15 0 7.56312e-15 0 7.61324e-15 0 7.66088e-15 0 7.70856e-15 0 7.75626e-15 0 7.804e-15 0 7.84926e-15 0 7.89202e-15 0 7.93481e-15 0 7.98015e-15 0 8.02047e-15 0 8.06081e-15 0 8.10369e-15 0 8.14407e-15 0 8.18195e-15 0 8.22237e-15 0 8.26282e-15 0 8.29822e-15 0 8.33617e-15 0 8.37414e-15 0 8.40959e-15 0
525.665 3.3165e-16 3.3165e-16 2.91645e-25 8.79376e-10 4.85785e-08 4.5084e-18 0 4.89355e-17 0 2.85905e-16 0 7.05142e-16 0 9.79395e-16 0 1.16935e-15 0 1.31923e-15 0 1.44492e-15 0 1.88519e-15 0 2.40849e-15 0 2.75812e-15 0 3.02612e-15 0 3.24576e-15 0 3.43252e-15 0 3.59597e-15 0 3.74264e-15 0 3.87576e-15 0 3.99687e-15 0 4.10941e-15 0 4.21326e-15 0 4.31014e-15 0 4.4018e-15 0 4.49004e-15 0 4.57112e-15 0 4.64869e-15 0 4.72272e-15 0 4.79318e-15 0 4.86377e-15 0 4.92703e-15 0 4.99039e-15 0 5.05197e-15 0 5.10991e-15 0 5.16605e-15 0 5.22225e-15 0 5.27478e-15 0 5.32736e-15 0 5.37623e-15 0 5.42516e-15 0 5.47414e-15 0 5.51938e-15 0 5.56467e-15 0 5.60811e-15 0 5.65159e-15 0 5.6932e-15 0 5.73485e-15 0 5.77464e-15 0 5.81445e-15 0 5.8524e-15 0 5.89036e-15 0 5.92646e-15 0 5.96257e-15 0 5.99871e-15 0 6.03487e-15 0 6.06914e-15 0 6.10153e-15 0 6.13393e-15 0 6.16826e-15 0 6.19879e-15 0 6.22934e-15 0 6.26181e-15 0 6.29238e-15 0 6.32106e-15 0 6.35166e-15 0 6.38227e-15 0 6.40907e-15 0 6.4378e-15 0 6.46653e-15 0 6.49337e-15 0
552.648 3.04675e-16 3.04675e-16 2.38811e-25 7.83823e-10 4.12563e-08 4.69473e-18 0 4.54249e-17 0 2.44755e-16 0 5.81453e-16 0 7.97572e-16 0 9.46165e-16 0 1.06293e-15 0 1.16058e-15 0 1.50111e-15 0 1.90357e-15 0 2.1715e-15 0 2.37646e-15 0 2.54421e-15 0 2.6867e-15 0 2.81131e-15 0 2.92306e-15 0 3.02443e-15 0 3.11662e-15 0 3.20225e-15 0 3.28124e-15 0 3.3549e-15 0 3.42458e-15 0 3.49164e-15 0 3.55325e-15 0 3.61217e-15 0 3.6684e-15 0 3.7219e-15 0 3.77549e-15 0 3.82352e-15 0 3.87161e-15 0 3.91835e-15 0 3.96231e-15 0 4.0049e-15 0 4.04754e-15 0 4.08738e-15 0 4.12726e-15 0 4.16433e-15 0 4.20143e-15 0 4.23857e-15 0 4.27287e-15 0 4.30721e-15 0 4.34014e-15 0 4.37309e-15 0 4.40463e-15 0 4.4362e-15 0 4.46635e-15 0 4.49652e-15 0 4.52527e-15 0 4.55404e-15 0 4.58139e-15 0 4.60875e-15 0 4.63612e-15 0 4.66351e-15 0 4.68947e-15 0 4.71401e-15 0 4.73855e-15 0 4.76455e-15 0 4.78767e-15 0 4.8108e-15 0 4.83539e-15 0 4.85854e-15 0 4.88025e-15 0 4.90342e-15 0 4.9266e-15 0 4.94689e-15 0 4.96864e-15 0 4.99039e-15 0 5.01071e-15 0
581.015 2.80036e-16 2.80036e-16 1.95519e-25 6.98193e-10 3.85383e-08 4.80276e-18 0 4.16708e-17 0 2.08014e-16 0 4.77073e-16 0 6.4677e-16 0 7.62659e-16 0 8.53383e-16 0 9.29064e-16 0 1.1919e-15 0 1.50096e-15 0 1.70602e-15 0 1.86261e-15 0 1.9906e-15 0 2.09923e-15 0 2.19416e-15 0 2.27925e-15 0 2.35639e-15 0 2.42651e-15 0 2.49163e-15 0 2.55168e-15 0 2.60766e-15 0 2.6606e-15 0 2.71154e-15 0 2.75833e-15 0 2.80307e-15 0 2.84575e-15 0 2.88637e-15 0 2.92704e-15 0 2.96348e-15 0 2.99997e-15 0 3.03543e-15 0 3.06877e-15 0 3.10108e-15 0 3.13342e-15 0 3.16363e-15 0 3.19387e-15 0 3.22197e-15 0 3.2501e-15 0 3.27825e-15 0 3.30425e-15 0 3.33027e-15 0 3.35523e-15 0 3.3802e-15 0 3.4041e-15 0 3.42802e-15 0 3.45087e-15 0 3.47372e-15 0 3.4955e-15 0 3.5173e-15 0 3.53801e-15 0 3.55874e-15 0 3.57947e-15 0 3.60022e-15 0 3.61988e-15 0 3.63846e-15 0 3.65704e-15 0 3.67673e-15 0 3.69424e-15 0 3.71175e-15 0 3.73037e-15 0 3.7479e-15 0 3.76434e-15 0 3.78188e-15 0 3.79942e-15 0 3.81478e-15 0 3.83124e-15 0 3.84771e-15 0 3.86309e-15 0
610.839 2.57514e-16 2.57514e-16 1.60089e-25 6.21673e-10 2.95111e-08 4.83118e-18 0 3.78023e-17 0 1.75586e-16 0 3.89604e-16 0 5.22413e-16 0 6.12549e-16 0 6.8287e-16 0 7.41397e-16 0 9.43898e-16 0 1.1809e-15 0 1.33767e-15 0 1.45718e-15 0 1.55476e-15 0 1.63751e-15 0 1.70978e-15 0 1.77452e-15 0 1.83319e-15 0 1.88651e-15 0 1.936e-15 0 1.98162e-15 0 2.02415e-15 0 2.06436e-15 0 2.10303e-15 0 2.13855e-15 0 2.17251e-15 0 2.2049e-15 0 2.23572e-15 0 2.26658e-15 0 2.29422e-15 0 2.3219e-15 0 2.34879e-15 0 2.37408e-15 0 2.39857e-15 0 2.42309e-15 0 2.44599e-15 0 2.46892e-15 0 2.49022e-15 0 2.51154e-15 0 2.53287e-15 0 2.55258e-15 0 2.5723e-15 0 2.59121e-15 0 2.61013e-15 0 2.62824e-15 0 2.64635e-15 0 2.66366e-15 0 2.68097e-15 0 2.69747e-15 0 2.71398e-15 0 2.72967e-15 0 2.74536e-15 0 2.76106e-15 0 2.77677e-15 0 2.79166e-15 0 2.80573e-15 0 2.8198e-15 0 2.83471e-15 0 2.84796e-15 0 2.86122e-15 0 2.87532e-15 0 2.88859e-15 0 2.90103e-15 0 2.91431e-15 0 2.92759e-15 0 2.93922e-15 0 2.95168e-15 0 2.96414e-15 0 2.97578e-15 0
642.193 2.3688e-16 2.3688e-16 1.31084e-25 5.53376e-10 3.21137e-08 4.782e-18 0 3.39283e-17 0 1.47248e-16 0 3.1674e-16 0 4.20355e-16 0 4.90277e-16 0 5.44658e-16 0 5.89822e-16 0 7.45557e-16 0 9.27046e-16 0 1.04677e-15 0 1.13789e-15 0 1.21223e-15 0 1.27522e-15 0 1.33019e-15 0 1.37942e-15 0 1.42401e-15 0 1.46452e-15 0 1.50212e-15 0 1.53676e-15 0 1.56905e-15 0 1.59957e-15 0 1.62892e-15 0 1.65587e-15 0 1.68164e-15 0 1.70621e-15 0 1.72958e-15 0 1.75299e-15 0 1.77395e-15 0 1.79493e-15 0 1.81532e-15 0 1.83449e-15 0 1.85305e-15 0 1.87164e-15 0 1.88899e-15 0 1.90636e-15 0 1.92251e-15 0 1.93866e-15 0 1.95482e-15 0 1.96975e-15 0 1.98469e-15 0 1.99901e-15 0 2.01334e-15 0 2.02706e-15 0 2.04078e-15 0 2.05389e-15 0 2.067e-15 0 2.07949e-15 0 2.09199e-15 0 2.10387e-15 0 2.11575e-15 0 2.12764e-15 0 2.13954e-15 0 2.15081e-15 0 2.16146e-15 0 2.17211e-15 0 2.18339e-15 0 2.19343e-15 0 2.20346e-15 0 2.21413e-15 0 2.22417e-15 0 2.23359e-15 0 2.24364e-15 0 2.25369e-15 0 2.26249e-15 0 2.27192e-15 0 2.28135e-15 0 2.29016e-15 0
675.157 2.17999e-16 2.17999e-16 1.07336e-25 4.92369e-10 2.94039e-08 4.66208e-18 0 3.01497e-17 0 1.22746e-16 0 2.56453e-16 0 3.37071e-16 0 3.91192e-16 0 4.33163e-16 0 4.67953e-16 0 5.87543e-16 0 7.2637e-16 0 8.17717e-16 0 8.87154e-16 0 9.4374e-16 0 9.91658e-16 0 1.03346e-15 0 1.07087e-15 0 1.10475e-15 0 1.13552e-15 0 1.16406e-15 0 1.19037e-15 0 1.21487e-15 0 1.23803e-15 0 1.2603e-15 0 1.28075e-15 0 1.30029e-15 0 1.31892e-15 0 1.33665e-15 0 1.35439e-15 0 1.37028e-15 0 1.38619e-15 0 1.40164e-15 0 1.41617e-15 0 1.43024e-15 0 1.44432e-15 0 1.45747e-15 0 1.47063e-15 0 1.48286e-15 0 1.4951e-15 0 1.50734e-15 0 1.51865e-15 0 1.52997e-15 0 1.54082e-15 0 1.55167e-15 0 1.56206e-15 0 1.57245e-15 0 1.58237e-15 0 1.5923e-15 0 1.60176e-15 0 1.61123e-15 0 1.62022e-15 0 1.62922e-15 0 1.63822e-15 0 1.64722e-15 0 1.65575e-15 0 1.66381e-15 0 1.67188e-15 0 1.68042e-15 0 1.68801e-15 0 1.69561e-15 0 1.70368e-15 0 1.71129e-15 0 1.71841e-15 0 1.72602e-15 0 1.73363e-15 0 1.74028e-15 0 1.74742e-15 0 1.75456e-15 0 1.76122e-15 0
709.813 2.00737e-16 2.00737e-16 8.78832e-26 4.37803e-10 2.44457e-08 4.4809e-18 0 2.65454e-17 0 1.01761e-16 0 2.06877e-16 0 2.69456e-16 0 3.11268e-16 0 3.43607e-16 0 3.70367e-16 0 4.62092e-16 0 5.68195e-16 0 6.37851e-16 0 6.90733e-16 0 7.33793e-16 0 7.70233e-16 0 8.02008e-16 0 8.30435e-16 0 8.5617e-16 0 8.79533e-16 0 9.01203e-16 0 9.21166e-16 0 9.39763e-16 0 9.57335e-16 0 9.7423e-16 0 9.89737e-16 0 1.00456e-15 0 1.01869e-15 0 1.03213e-15 0 1.04558e-15 0 1.05763e-15 0 1.06969e-15 0 1.0814e-15 0 1.09241e-15 0 1.10307e-15 0 1.11375e-15 0 1.12371e-15 0 1.13368e-15 0 1.14295e-15 0 1.15222e-15 0 1.16149e-15 0 1.17006e-15 0 1.17863e-15 0 1.18685e-15 0 1.19507e-15 0 1.20294e-15 0 1.21081e-15 0 1.21832e-15 0 1.22584e-15 0 1.23301e-15 0 1.24017e-15 0 1.24698e-15 0 1.25379e-15 0 1.26061e-15 0 1.26743e-15 0 1.27389e-15 0 1.27999e-15 0 1.28609e-15 0 1.29256e-15 0 1.29831e-15 0 1.30406e-15 0 1.31017e-15 0 1.31592e-15 0 1.32132e-15 0 1.32707e-15 0 1.33283e-15 0 1.33787e-15 0 1.34327e-15 0 1.34867e-15 0 1.35372e-15 0
746.248 1.85001e-16 1.85001e-16 7.19588e-26 3.88965e-10 2.61157e-08 4.25035e-18 0 2.31765e-17 0 8.39575e-17 0 1.66363e-16 0 2.14852e-16 0 2.47109e-16 0 2.71999e-16 0 2.92561e-16 0 3.62861e-16 0 4.43919e-16 0 4.97022e-16 0 5.37292e-16 0 5.70057e-16 0 5.9777e-16 0 6.21924e-16 0 6.43525e-16 0 6.63076e-16 0 6.8082e-16 0 6.97274e-16 0 7.1243e-16 0 7.26545e-16 0 7.39881e-16 0 7.52701e-16 0 7.64467e-16 0 7.75711e-16 0 7.8643e-16 0 7.96623e-16 0 8.06826e-16 0 8.15962e-16 0 8.25105e-16 0 8.33986e-16 0 8.42334e-16 0 8.50418e-16 0 8.58507e-16 0 8.66062e-16 0 8.73621e-16 0 8.80643e-16 0 8.87669e-16 0 8.94699e-16 0 9.0119e-16 0 9.07685e-16 0 9.13912e-16 0 9.20141e-16 0 9.26102e-16 0 9.32065e-16 0 9.37759e-16 0 9.43455e-16 0 9.48882e-16 0 9.5431e-16 0 9.59469e-16 0 9.64629e-16 0 9.69791e-16 0 9.74954e-16 0 9.79847e-16 0 9.8447e-16 0 9.89093e-16 0 9.9399e-16 0 9.98344e-16 0 1.0027e-15 0 1.00733e-15 0 1.01168e-15 0 1.01577e-15 0 1.02013e-15 0 1.02449e-15 0 1.0283e-15 0 1.03239e-15 0 1.03648e-15 0 1.0403e-15 0
784.553 1.70506e-16 1.70506e-16 5.8921e-26 3.45565e-10 1.79035e-08 3.97857e-18 0 2.00602e-17 0 6.89035e-17 0 1.33289e-16 0 1.70772e-16 0 1.95607e-16 0 2.14729e-16 0 2.30503e-16 0 2.84306e-16 0 3.46161e-16 0 3.86607e-16 0 4.17247e-16 0 4.42159e-16 0 4.6322e-16 0 4.81569e-16 0 4.97974e-16 0 5.12816e-16 0 5.26284e-16 0 5.38772e-16 0 5.50271e-16 0 5.60979e-16 0 5.71095e-16 0 5.80818e-16 0 5.89741e-16 0 5.98267e-16 0 6.06394e-16 0 6.14122e-16 0 6.21856e-16 0 6.28781e-16 0 6.35711e-16 0 6.42441e-16 0 6.48768e-16 0 6.54894e-16 0 6.61024e-16 0 6.66748e-16 0 6.72475e-16 0 6.77795e-16 0 6.83118e-16 0 6.88443e-16 0 6.93361e-16 0 6.98281e-16 0 7.02997e-16 0 7.07715e-16 0 7.1223e-16 0 7.16746e-16 0 7.21059e-16 0 7.25373e-16 0 7.29482e-16 0 7.33593e-16 0 7.375e-16 0 7.41407e-16 0 7.45316e-16 0 7.49225e-16 0 7.5293e-16 0 7.5643e-16 0 7.59931e-16 0 7.63638e-16 0 7.66935e-16 0 7.70232e-16 0 7.73736e-16 0 7.77034e-16 0 7.80127e-16 0 7.83427e-16 0 7.86727e-16 0 7.89616e-16 0 7.92711e-16 0 7.95807e-16 0 7.98697e-16 0
824.824 1.57279e-16 1.57279e-16 4.82416e-26 3.06727e-10 2.01408e-08 3.68062e-18 0 1.72352e-17 0 5.63134e-17 0 1.06505e-16 0 1.3544e-16 0 1.54542e-16 0 1.6922e-16 0 1.81312e-16 0 2.22469e-16 0 2.69659e-16 0 3.00463e-16 0 3.23776e-16 0 3.4272e-16 0 3.58728e-16 0 3.72669e-16 0 3.8513e-16 0 3.96401e-16 0 4.06627e-16 0 4.16106e-16 0 4.24834e-16 0 4.3296e-16 0 4.40635e-16 0 4.48012e-16 0 4.54781e-16 0 4.61248e-16 0 4.67412e-16 0 4.73273e-16 0 4.79138e-16 0 4.84389e-16 0 4.89644e-16 0 4.94747e-16 0 4.99544e-16 0 5.04188e-16 0 5.08835e-16 0 5.13174e-16 0 5.17515e-16 0 5.21547e-16 0 5.25582e-16 0 5.29618e-16 0 5.33345e-16 0 5.37073e-16 0 5.40647e-16 0 5.44222e-16 0 5.47643e-16 0 5.51066e-16 0 5.54333e-16 0 5.57602e-16 0 5.60715e-16 0 5.6383e-16 0 5.66789e-16 0 5.6975e-16 0 5.72711e-16 0 5.75673e-16 0 5.78479e-16 0 5.81131e-16 0 5.83782e-16 0 5.86591e-16 0 5.89088e-16 0 5.91585e-16 0 5.94239e-16 0 5.96737e-16 0 5.9908e-16 0 6.01579e-16 0 6.04079e-16 0 6.06266e-16 0 6.08611e-16 0 6.10955e-16 0 6.13144e-16 0
867.163 1.45108e-16 1.45108e-16 3.95019e-26 2.72225e-10 2.19277e-08 3.36536e-18 0 1.46971e-17 0 4.5818e-17 0 8.48422e-17 0 1.07137e-16 0 1.21807e-16 0 1.3306e-16 0 1.42318e-16 0 1.7377e-16 0 2.09745e-16 0 2.33191e-16 0 2.50921e-16 0 2.6532e-16 0 2.77482e-16 0 2.8807e-16 0 2.97532e-16 0 3.06088e-16 0 3.1385e-16 0 3.21043e-16 0 3.27665e-16 0 3.3383e-16 0 3.39653e-16 0 3.45248e-16 0 3.50382e-16 0 3.55286e-16 0 3.59961e-16 0 3.64404e-16 0 3.68851e-16 0 3.72832e-16 0 3.76816e-16 0 3.80684e-16 0 3.8432e-16 0 3.87841e-16 0 3.91362e-16 0 3.94651e-16 0 3.97941e-16 0 4.00997e-16 0 4.04054e-16 0 4.07113e-16 0 4.09937e-16 0 4.12762e-16 0 4.1547e-16 0 4.18179e-16 0 4.20771e-16 0 4.23364e-16 0 4.25839e-16 0 4.28315e-16 0 4.30674e-16 0 4.33034e-16 0 4.35276e-16 0 4.37518e-16 0 4.39761e-16 0 4.42005e-16 0 4.44131e-16 0 4.46139e-16 0 4.48147e-16 0 4.50275e-16 0 4.52166e-16 0 4.54057e-16 0 4.56067e-16 0 4.57959e-16 0 4.59734e-16 0 4.61626e-16 0 4.63519e-16 0 4.65176e-16 0 4.66951e-16 0 4.68727e-16 0 4.70384e-16 0
911.674 1.33989e-16 1.33989e-16 3.23418e-26 2.41377e-10 1.26067e-08 3.04512e-18 0 1.24522e-17 0 3.71454e-17 0 6.74324e-17 0 8.45942e-17 0 9.58525e-17 0 1.04474e-16 0 1.1156e-16 0 1.35587e-16 0 1.63011e-16 0 1.80859e-16 0 1.94345e-16 0 2.05291e-16 0 2.14534e-16 0 2.22578e-16 0 2.29765e-16 0 2.36262e-16 0 2.42155e-16 0 2.47616e-16 0 2.52643e-16 0 2.57322e-16 0 2.6174e-16 0 2.65986e-16 0 2.69881e-16 0 2.73602e-16 0 2.77148e-16 0 2.80519e-16 0 2.83893e-16 0 2.86912e-16 0 2.89934e-16 0 2.92867e-16 0 2.95625e-16 0 2.98294e-16 0 3.00965e-16 0 3.03459e-16 0 3.05953e-16 0 3.0827e-16 0 3.10588e-16 0 3.12907e-16 0 3.15048e-16 0 3.1719e-16 0 3.19243e-16 0 3.21297e-16 0 3.23261e-16 0 3.25227e-16 0 3.27103e-16 0 3.2898e-16 0 3.30768e-16 0 3.32556e-16 0 3.34256e-16 0 3.35955e-16 0 3.37655e-16 0 3.39356e-16 0 3.40967e-16 0 3.42489e-16 0 3.44011e-16 0 3.45623e-16 0 3.47056e-16 0 3.4849e-16 0 3.50013e-16 0 3.51447e-16 0 3.52791e-16 0 3.54225e-16 0 3.5566e-16 0 3.56915e-16 0 3.5826e-16 0 3.59606e-16 0 3.60861e-16 0
958.471 1.23738e-16 1.23738e-16 2.64832e-26 2.14027e-10 1.91189e-08 2.72652e-18 0 1.04795e-17 0 2.9994e-17 0 5.34467e-17 0 6.66365e-17 0 7.52654e-17 0 8.18632e-17 0 8.72804e-17 0 1.05621e-16 0 1.26512e-16 0 1.4009e-16 0 1.50343e-16 0 1.58662e-16 0 1.65683e-16 0 1.71792e-16 0 1.77249e-16 0 1.82181e-16 0 1.86654e-16 0 1.90799e-16 0 1.94613e-16 0 1.98163e-16 0 2.01516e-16 0 2.04737e-16 0 2.07691e-16 0 2.10514e-16 0 2.13203e-16 0 2.1576e-16 0 2.18318e-16 0 2.20608e-16 0 2.22899e-16 0 2.25124e-16 0 2.27214e-16 0 2.29238e-16 0 2.31263e-16 0 2.33154e-16 0 2.35045e-16 0 2.36802e-16 0 2.38559e-16 0 2.40316e-16 0 2.41939e-16 0 2.43563e-16 0 2.45119e-16 0 2.46675e-16 0 2.48165e-16 0 2.49654e-16 0 2.51076e-16 0 2.52499e-16 0 2.53854e-16 0 2.55209e-16 0 2.56497e-16 0 2.57785e-16 0 2.59073e-16 0 2.60362e-16 0 2.61583e-16 0 2.62736e-16 0 2.63889e-16 0 2.65111e-16 0 2.66197e-16 0 2.67283e-16 0 2.68437e-16 0 2.69523e-16 0 2.70542e-16 0 2.71629e-16 0 2.72715e-16 0 2.73666e-16 0 2.74686e-16 0 2.75705e-16 0 2.76656e-16 0
1007.67 1.1437e-16 1.1437e-16 2.16821e-26 1.89579e-10 7.14797e-09 2.41896e-18 0 8.77053e-18 0 2.41468e-17 0 4.22837e-17 0 5.24141e-17 0 5.90249e-17 0 6.40728e-17 0 6.82137e-17 0 8.22126e-17 0 9.8129e-17 0 1.08462e-16 0 1.1626e-16 0 1.22584e-16 0 1.27919e-16 0 1.32561e-16 0 1.36706e-16 0 1.40453e-16 0 1.43849e-16 0 1.46996e-16 0 1.49892e-16 0 1.52587e-16 0 1.55132e-16 0 1.57577e-16 0 1.59819e-16 0 1.61961e-16 0 1.64003e-16 0 1.65943e-16 0 1.67884e-16 0 1.69621e-16 0 1.71359e-16 0 1.73047e-16 0 1.74633e-16 0 1.76169e-16 0 1.77705e-16 0 1.79139e-16 0 1.80574e-16 0 1.81906e-16 0 1.83239e-16 0 1.84572e-16 0 1.85803e-16 0 1.87034e-16 0 1.88215e-16 0 1.89395e-16 0 1.90525e-16 0 1.91654e-16 0 1.92733e-16 0 1.93812e-16 0 1.94839e-16 0 1.95867e-16 0 1.96843e-16 0 1.9782e-16 0 1.98797e-16 0 1.99774e-16 0 2.007e-16 0 2.01574e-16 0 2.02449e-16 0 2.03375e-16 0 2.04198e-16 0 2.05022e-16 0 2.05897e-16 0 2.0672e-16 0 2.07493e-16 0 2.08317e-16 0 2.09141e-16 0 2.09862e-16 0 2.10634e-16 0 2.11407e-16 0 2.12128e-16 0
1059.39 1.05724e-16 1.05724e-16 1.7756e-26 1.67947e-10 9.69627e-09 2.12608e-18 0 7.29692e-18 0 1.93713e-17 0 3.33708e-17 0 4.11415e-17 0 4.62008e-17 0 5.00593e-17 0 5.32219e-17 0 6.38993e-17 0 7.60192e-17 0 8.38796e-17 0 8.98076e-17 0 9.46131e-17 0 9.86668e-17 0 1.02193e-16 0 1.0534e-16 0 1.08185e-16 0 1.10764e-16 0 1.13153e-16 0 1.15351e-16 0 1.17397e-16 0 1.19328e-16 0 1.21183e-16 0 1.22885e-16 0 1.2451e-16 0 1.26059e-16 0 1.27531e-16 0 1.29004e-16 0 1.30322e-16 0 1.3164e-16 0 1.32921e-16 0 1.34124e-16 0 1.35289e-16 0 1.36454e-16 0 1.37542e-16 0 1.3863e-16 0 1.3964e-16 0 1.40651e-16 0 1.41662e-16 0 1.42596e-16 0 1.43529e-16 0 1.44424e-16 0 1.4532e-16 0 1.46176e-16 0 1.47033e-16 0 1.47851e-16 0 1.48669e-16 0 1.49448e-16 0 1.50227e-16 0 1.50967e-16 0 1.51708e-16 0 1.52449e-16 0 1.53189e-16 0 1.53891e-16 0 1.54554e-16 0 1.55217e-16 0 1.5592e-16 0 1.56544e-16 0 1.57168e-16 0 1.57831e-16 0 1.58456e-16 0 1.59041e-16 0 1.59666e-16 0 1.60291e-16 0 1.60837e-16 0 1.61423e-16 0 1.62009e-16 0 1.62556e-16 0
1113.77 9.78021e-17 9.78021e-17 1.45344e-26 1.4861e-10 1.53186e-08 1.85338e-18 0 6.04101e-18 0 1.54987e-17 0 2.62929e-17 0 3.22503e-17 0 3.6121e-17 0 3.90697e-17 0 4.14847e-17 0 4.96285e-17 0 5.88588e-17 0 6.48394e-17 0 6.93473e-17 0 7.30004e-17 0 7.60812e-17 0 7.87601e-17 0 8.11516e-17 0 8.33125e-17 0 8.52712e-17 0 8.70854e-17 0 8.87548e-17 0 9.03081e-17 0 9.17745e-17 0 9.31831e-17 0 9.4475e-17 0 9.57088e-17 0 9.68845e-17 0 9.80018e-17 0 9.91196e-17 0 1.0012e-16 0 1.01121e-16 0 1.02093e-16 0 1.03006e-16 0 1.0389e-16 0 1.04774e-16 0 1.05599e-16 0 1.06425e-16 0 1.07192e-16 0 1.07959e-16 0 1.08726e-16 0 1.09434e-16 0 1.10143e-16 0 1.10822e-16 0 1.11501e-16 0 1.12151e-16 0 1.12801e-16 0 1.13421e-16 0 1.14042e-16 0 1.14633e-16 0 1.15224e-16 0 1.15786e-16 0 1.16348e-16 0 1.1691e-16 0 1.17472e-16 0 1.18004e-16 0 1.18507e-16 0 1.1901e-16 0 1.19543e-16 0 1.20016e-16 0 1.2049e-16 0 1.20993e-16 0 1.21467e-16 0 1.21911e-16 0 1.22384e-16 0 1.22858e-16 0 1.23273e-16 0 1.23717e-16 0 1.24161e-16 0 1.24576e-16 0
1170.94 9.05101e-17 9.05101e-17 1.1901e-26 1.31488e-10 1.40851e-08 1.60275e-18 0 4.97672e-18 0 1.23657e-17 0 2.06779e-17 0 2.52417e-17 0 2.82013e-17 0 3.04537e-17 0 3.22971e-17 0 3.85068e-17 0 4.55353e-17 0 5.00854e-17 0 5.35134e-17 0 5.62905e-17 0 5.8632e-17 0 6.06677e-17 0 6.24847e-17 0 6.41263e-17 0 6.56142e-17 0 6.69921e-17 0 6.826e-17 0 6.94396e-17 0 7.05531e-17 0 7.16227e-17 0 7.26037e-17 0 7.35405e-17 0 7.44331e-17 0 7.52813e-17 0 7.61299e-17 0 7.68894e-17 0 7.76492e-17 0 7.83868e-17 0 7.90799e-17 0 7.97508e-17 0 8.0422e-17 0 8.10485e-17 0 8.16751e-17 0 8.22572e-17 0 8.28393e-17 0 8.34216e-17 0 8.39591e-17 0 8.44968e-17 0 8.50122e-17 0 8.55276e-17 0 8.60207e-17 0 8.65139e-17 0 8.69848e-17 0 8.74557e-17 0 8.79042e-17 0 8.83529e-17 0 8.87791e-17 0 8.92054e-17 0 8.96317e-17 0 9.00581e-17 0 9.04621e-17 0 9.08437e-17 0 9.12253e-17 0 9.16295e-17 0 9.19887e-17 0 9.2348e-17 0 9.27298e-17 0 9.30892e-17 0 9.34261e-17 0 9.37856e-17 0 9.4145e-17 0 9.44596e-17 0 9.47966e-17 0 9.51337e-17 0 9.54484e-17 0
1231.05 8.38172e-17 8.38172e-17 9.74465e-27 1.16261e-10 2.84963e-08 1.37599e-18 0 4.08225e-18 0 9.84302e-18 0 1.62385e-17 0 1.97333e-17 0 2.19959e-17 0 2.37162e-17 0 2.51233e-17 0 2.98583e-17 0 3.52113e-17 0 3.86738e-17 0 4.12814e-17 0 4.33933e-17 0 4.51735e-17 0 4.6721e-17 0 4.81021e-17 0 4.93497e-17 0 5.04803e-17 0 5.15274e-17 0 5.24907e-17 0 5.33869e-17 0 5.42329e-17 0 5.50454e-17 0 5.57906e-17 0 5.65022e-17 0 5.71801e-17 0 5.78244e-17 0 5.84689e-17 0 5.90458e-17 0 5.96228e-17 0 6.0183e-17 0 6.07093e-17 0 6.12188e-17 0 6.17285e-17 0 6.22042e-17 0 6.26801e-17 0 6.3122e-17 0 6.35641e-17 0 6.40062e-17 0 6.44144e-17 0 6.48226e-17 0 6.52139e-17 0 6.56053e-17 0 6.59797e-17 0 6.63541e-17 0 6.67116e-17 0 6.70691e-17 0 6.74096e-17 0 6.77502e-17 0 6.80738e-17 0 6.83974e-17 0 6.87211e-17 0 6.90448e-17 0 6.93515e-17 0 6.96412e-17 0 6.99309e-17 0 7.02377e-17 0 7.05104e-17 0 7.07832e-17 0 7.1073e-17 0 7.13458e-17 0 7.16015e-17 0 7.18744e-17 0 7.21472e-17 0 7.2386e-17 0 7.26418e-17 0 7.28977e-17 0 7.31365e-17 0
1294.24 7.76537e-17 7.76537e-17 7.98054e-27 1.02771e-10 1.99268e-08 1.17305e-18 0 3.33439e-18 0 7.81645e-18 0 1.27326e-17 0 1.54075e-17 0 1.71366e-17 0 1.84501e-17 0 1.95239e-17 0 2.31341e-17 0 2.72109e-17 0 2.9846e-17 0 3.18298e-17 0 3.3436e-17 0 3.47897e-17 0 3.59663e-17 0 3.70162e-17 0 3.79645e-17 0 3.88239e-17 0 3.96197e-17 0 4.03517e-17 0 4.10328e-17 0 4.16756e-17 0 4.2293e-17 0 4.28592e-17 0 4.33999e-17 0 4.39149e-17 0 4.44044e-17 0 4.48941e-17 0 4.53323e-17 0 4.57706e-17 0 4.61961e-17 0 4.6596e-17 0 4.6983e-17 0 4.73701e-17 0 4.77315e-17 0 4.80929e-17 0 4.84286e-17 0 4.87644e-17 0 4.91002e-17 0 4.94102e-17 0 4.97202e-17 0 5.00174e-17 0 5.03147e-17 0 5.0599e-17 0 5.08834e-17 0 5.11548e-17 0 5.14264e-17 0 5.1685e-17 0 5.19436e-17 0 5.21894e-17 0 5.24351e-17 0 5.26809e-17 0 5.29267e-17 0 5.31596e-17 0 5.33796e-17 0 5.35996e-17 0 5.38325e-17 0 5.40396e-17 0 5.42467e-17 0 5.44668e-17 0 5.4674e-17 0 5.48682e-17 0 5.50753e-17 0 5.52825e-17 0 5.54638e-17 0 5.56581e-17 0 5.58524e-17 0 5.60337e-17 0
1360.67 7.1967e-17 7.1967e-17 6.5345e-27 9.07986e-11 1.70746e-09 9.93387e-19 0 2.71251e-18 0 6.19285e-18 0 9.96837e-18 0 1.20146e-17 0 1.33354e-17 0 1.4338e-17 0 1.51573e-17 0 1.79094e-17 0 2.1014e-17 0 2.30195e-17 0 2.45287e-17 0 2.57504e-17 0 2.67798e-17 0 2.76745e-17 0 2.84727e-17 0 2.91936e-17 0 2.98469e-17 0 3.04518e-17 0 3.10082e-17 0 3.15258e-17 0 3.20144e-17 0 3.24836e-17 0 3.29138e-17 0 3.33247e-17 0 3.37161e-17 0 3.4088e-17 0 3.446e-17 0 3.4793e-17 0 3.5126e-17 0 3.54493e-17 0 3.57531e-17 0 3.60472e-17 0 3.63413e-17 0 3.66158e-17 0 3.68904e-17 0 3.71454e-17 0 3.74005e-17 0 3.76555e-17 0 3.7891e-17 0 3.81266e-17 0 3.83523e-17 0 3.85781e-17 0 3.87941e-17 0 3.90101e-17 0 3.92163e-17 0 3.94226e-17 0 3.9619e-17 0 3.98155e-17 0 4.00021e-17 0 4.01888e-17 0 4.03755e-17 0 4.05622e-17 0 4.0739e-17 0 4.09061e-17 0 4.10732e-17 0 4.12502e-17 0 4.14074e-17 0 4.15647e-17 0 4.17319e-17 0 4.18892e-17 0 4.20367e-17 0 4.2194e-17 0 4.23514e-17 0 4.24891e-17 0 4.26366e-17 0 4.27842e-17 0 4.29219e-17 0
1430.51 6.67525e-17 6.67525e-17 5.35058e-27 8.01555e-11 1.03471e-08 8.36414e-19 0 2.19939e-18 0 4.89845e-18 0 7.79709e-18 0 9.36248e-18 0 1.03716e-17 0 1.11372e-17 0 1.17623e-17 0 1.38611e-17 0 1.62265e-17 0 1.77536e-17 0 1.89024e-17 0 1.98321e-17 0 2.06155e-17 0 2.12962e-17 0 2.19034e-17 0 2.24518e-17 0 2.29487e-17 0 2.34088e-17 0 2.3832e-17 0 2.42256e-17 0 2.45972e-17 0 2.4954e-17 0 2.52812e-17 0 2.55936e-17 0 2.58912e-17 0 2.6174e-17 0 2.64569e-17 0 2.671e-17 0 2.69632e-17 0 2.72091e-17 0 2.744e-17 0 2.76636e-17 0 2.78872e-17 0 2.80959e-17 0 2.83046e-17 0 2.84985e-17 0 2.86924e-17 0 2.88863e-17 0 2.90653e-17 0 2.92444e-17 0 2.9416e-17 0 2.95876e-17 0 2.97518e-17 0 2.9916e-17 0 3.00727e-17 0 3.02295e-17 0 3.03788e-17 0 3.05281e-17 0 3.067e-17 0 3.08119e-17 0 3.09538e-17 0 3.10957e-17 0 3.12302e-17 0 3.13571e-17 0 3.14841e-17 0 3.16186e-17 0 3.17382e-17 0 3.18577e-17 0 3.19848e-17 0 3.21043e-17 0 3.22164e-17 0 3.2336e-17 0 3.24556e-17 0 3.25603e-17 0 3.26724e-17 0 3.27845e-17 0 3.28892e-17 0
1503.94 6.19218e-17 6.19218e-17 4.38126e-27 7.07547e-11 -1.85022e-08 6.99969e-19 0 1.77664e-18 0 3.86599e-18 0 6.08931e-18 0 7.28612e-18 0 8.05678e-18 0 8.641e-18 0 9.11794e-18 0 1.07179e-17 0 1.25197e-17 0 1.36823e-17 0 1.45566e-17 0 1.52641e-17 0 1.58601e-17 0 1.63779e-17 0 1.68399e-17 0 1.7257e-17 0 1.7635e-17 0 1.79849e-17 0 1.83067e-17 0 1.86061e-17 0 1.88886e-17 0 1.91599e-17 0 1.94087e-17 0 1.96463e-17 0 1.98726e-17 0 2.00876e-17 0 2.03027e-17 0 2.04951e-17 0 2.06876e-17 0 2.08745e-17 0 2.10501e-17 0 2.12201e-17 0 2.139e-17 0 2.15487e-17 0 2.17074e-17 0 2.18548e-17 0 2.20022e-17 0 2.21496e-17 0 2.22857e-17 0 2.24218e-17 0 2.25522e-17 0 2.26827e-17 0 2.28075e-17 0 2.29323e-17 0 2.30514e-17 0 2.31706e-17 0 2.32841e-17 0 2.33976e-17 0 2.35054e-17 0 2.36133e-17 0 2.37211e-17 0 2.3829e-17 0 2.39312e-17 0 2.40277e-17 0 2.41242e-17 0 2.42264e-17 0 2.43173e-17 0 2.44082e-17 0 2.45047e-17 0 2.45956e-17 0 2.46808e-17 0 2.47717e-17 0 2.48626e-17 0 2.49421e-17 0 2.50273e-17 0 2.51126e-17 0 2.51921e-17 0
1581.14 5.74982e-17 5.74982e-17 3.58745e-27 6.23924e-11 2.75265e-08 5.82973e-19 0 1.4314e-18 0 3.04755e-18 0 4.75299e-18 0 5.66833e-18 0 6.25712e-18 0 6.70321e-18 0 7.06725e-18 0 8.28775e-18 0 9.66116e-18 0 1.05469e-17 0 1.12129e-17 0 1.17517e-17 0 1.22055e-17 0 1.25998e-17 0 1.29515e-17 0 1.3269e-17 0 1.35567e-17 0 1.38231e-17 0 1.4068e-17 0 1.42959e-17 0 1.45109e-17 0 1.47174e-17 0 1.49068e-17 0 1.50875e-17 0 1.52598e-17 0 1.54234e-17 0 1.55871e-17 0 1.57335e-17 0 1.588e-17 0 1.60222e-17 0 1.61558e-17 0 1.62852e-17 0 1.64145e-17 0 1.65352e-17 0 1.6656e-17 0 1.67681e-17 0 1.68802e-17 0 1.69924e-17 0 1.70959e-17 0 1.71995e-17 0 1.72987e-17 0 1.7398e-17 0 1.7493e-17 0 1.75879e-17 0 1.76786e-17 0 1.77692e-17 0 1.78556e-17 0 1.79419e-17 0 1.8024e-17 0 1.8106e-17 0 1.81881e-17 0 1.82701e-17 0 1.83479e-17 0 1.84213e-17 0 1.84947e-17 0 1.85725e-17 0 1.86416e-17 0 1.87107e-17 0 1.87842e-17 0 1.88533e-17 0 1.89181e-17 0 1.89872e-17 0 1.90564e-17 0 1.91169e-17 0 1.91817e-17 0 1.92466e-17 0 1.93071e-17 0
1662.3 5.33817e-17 5.33817e-17 2.93785e-27 5.50348e-11 2.71941e-08 4.82811e-19 0 1.14915e-18 0 2.39706e-18 0 3.70391e-18 0 4.40344e-18 0 4.85299e-18 0 5.19342e-18 0 5.47112e-18 0 6.40167e-18 0 7.4481e-18 0 8.12269e-18 0 8.62977e-18 0 9.03995e-18 0 9.3854e-18 0 9.68548e-18 0 9.95313e-18 0 1.01948e-17 0 1.04137e-17 0 1.06164e-17 0 1.08028e-17 0 1.09762e-17 0 1.11398e-17 0 1.12969e-17 0 1.1441e-17 0 1.15785e-17 0 1.17095e-17 0 1.1834e-17 0 1.19585e-17 0 1.207e-17 0 1.21814e-17 0 1.22896e-17 0 1.23912e-17 0 1.24896e-17 0 1.2588e-17 0 1.26798e-17 0 1.27717e-17 0 1.2857e-17 0 1.29423e-17 0 1.30276e-17 0 1.31063e-17 0 1.31851e-17 0 1.32606e-17 0 1.33361e-17 0 1.34083e-17 0 1.34805e-17 0 1.35495e-17 0 1.36184e-17 0 1.36841e-17 0 1.37498e-17 0 1.38122e-17 0 1.38746e-17 0 1.3937e-17 0 1.39994e-17 0 1.40585e-17 0 1.41144e-17 0 1.41702e-17 0 1.42294e-17 0 1.42819e-17 0 1.43345e-17 0 1.43904e-17 0 1.4443e-17 0 1.44923e-17 0 1.45448e-17 0 1.45974e-17 0 1.46434e-17 0 1.46927e-17 0 1.4742e-17 0 1.47881e-17 0
1747.63 4.96158e-17 4.96158e-17 2.40561e-27 4.84848e-11 5.14505e-09 3.98266e-19 0 9.20664e-19 0 1.88391e-18 0 2.88568e-18 0 3.42061e-18 0 3.76408e-18 0 4.02405e-18 0 4.23607e-18 0 4.94613e-18 0 5.74413e-18 0 6.25836e-18 0 6.64482e-18 0 6.95738e-18 0 7.22059e-18 0 7.44922e-18 0 7.65312e-18 0 7.83723e-18 0 8.004e-18 0 8.15838e-18 0 8.30036e-18 0 8.43241e-18 0 8.55703e-18 0 8.67669e-18 0 8.7864e-18 0 8.89115e-18 0 8.99093e-18 0 9.08574e-18 0 9.18056e-18 0 9.26541e-18 0 9.35028e-18 0 9.43266e-18 0 9.51006e-18 0 9.58497e-18 0 9.65989e-18 0 9.72982e-18 0 9.79976e-18 0 9.86471e-18 0 9.92967e-18 0 9.99463e-18 0 1.00546e-17 0 1.01146e-17 0 1.01721e-17 0 1.02295e-17 0 1.02845e-17 0 1.03395e-17 0 1.0392e-17 0 1.04445e-17 0 1.04945e-17 0 1.05445e-17 0 1.0592e-17 0 1.06396e-17 0 1.06871e-17 0 1.07346e-17 0 1.07796e-17 0 1.08221e-17 0 1.08646e-17 0 1.09097e-17 0 1.09497e-17 0 1.09897e-17 0 1.10322e-17 0 1.10723e-17 0 1.11098e-17 0 1.11498e-17 0 1.11899e-17 0 1.12249e-17 0 1.12624e-17 0 1.13e-17 0 1.1335e-17 0
1837.33 4.61175e-17 4.61175e-17 1.96984e-27 4.27134e-11 3.66026e-08 3.26967e-19 0 7.3544e-19 0 1.478e-18 0 2.2454e-18 0 2.65428e-18 0 2.91661e-18 0 3.11508e-18 0 3.27689e-18 0 3.81859e-18 0 4.42702e-18 0 4.81895e-18 0 5.11345e-18 0 5.3516e-18 0 5.55214e-18 0 5.7263e-18 0 5.88163e-18 0 6.02187e-18 0 6.14889e-18 0 6.26648e-18 0 6.37462e-18 0 6.47519e-18 0 6.5701e-18 0 6.66123e-18 0 6.74478e-18 0 6.82455e-18 0 6.90054e-18 0 6.97273e-18 0 7.04494e-18 0 7.10956e-18 0 7.17418e-18 0 7.23691e-18 0 7.29585e-18 0 7.35289e-18 0 7.40994e-18 0 7.46319e-18 0 7.51644e-18 0 7.5659e-18 0 7.61536e-18 0 7.66482e-18 0 7.71048e-18 0 7.75615e-18 0 7.79991e-18 0 7.84368e-18 0 7.88555e-18 0 7.92742e-18 0 7.96739e-18 0 8.00736e-18 0 8.04543e-18 0 8.0835e-18 0 8.11968e-18 0 8.15585e-18 0 8.19202e-18 0 8.2282e-18 0 8.26248e-18 0 8.29485e-18 0 8.32722e-18 0 8.3615e-18 0 8.39197e-18 0 8.42244e-18 0 8.45482e-18 0 8.4853e-18 0 8.51387e-18 0 8.54434e-18 0 8.57482e-18 0 8.60149e-18 0 8.63007e-18 0 8.65864e-18 0 8.68532e-18 0
1931.64 4.29091e-17 4.29091e-17 1.61314e-27 3.75943e-11 1.70613e-08 2.67497e-19 0 5.8643e-19 0 1.15875e-18 0 1.74682e-18 0 2.05953e-18 0 2.26002e-18 0 2.41164e-18 0 2.53523e-18 0 2.94879e-18 0 3.41306e-18 0 3.71204e-18 0 3.93664e-18 0 4.11826e-18 0 4.27117e-18 0 4.40397e-18 0 4.5224e-18 0 4.62932e-18 0 4.72616e-18 0 4.8158e-18 0 4.89823e-18 0 4.9749e-18 0 5.04725e-18 0 5.11672e-18 0 5.18041e-18 0 5.24121e-18 0 5.29913e-18 0 5.35416e-18 0 5.4092e-18 0 5.45845e-18 0 5.5077e-18 0 5.55552e-18 0 5.60044e-18 0 5.64391e-18 0 5.68739e-18 0 5.72797e-18 0 5.76856e-18 0 5.80625e-18 0 5.84395e-18 0 5.88164e-18 0 5.91644e-18 0 5.95125e-18 0 5.9846e-18 0 6.01796e-18 0 6.04986e-18 0 6.08177e-18 0 6.11223e-18 0 6.1427e-18 0 6.17171e-18 0 6.20072e-18 0 6.22829e-18 0 6.25586e-18 0 6.28342e-18 0 6.31099e-18 0 6.33711e-18 0 6.36178e-18 0 6.38645e-18 0 6.41257e-18 0 6.43579e-18 0 6.45902e-18 0 6.48369e-18 0 6.50691e-18 0 6.52868e-18 0 6.55191e-18 0 6.57514e-18 0 6.59546e-18 0 6.61723e-18 0 6.63901e-18 0 6.65933e-18 0
2030.79 3.98704e-17 3.98704e-17 1.32113e-27 3.31355e-11 -8.14503e-09 2.17629e-19 0 4.65759e-19 0 9.05789e-19 0 1.35558e-18 0 1.59432e-18 0 1.74729e-18 0 1.86293e-18 0 1.95717e-18 0 2.27241e-18 0 2.62614e-18 0 2.85387e-18 0 3.02492e-18 0 3.16321e-18 0 3.27964e-18 0 3.38075e-18 0 3.47092e-18 0 3.55232e-18 0 3.62604e-18 0 3.69428e-18 0 3.75703e-18 0 3.81539e-18 0 3.87046e-18 0 3.92334e-18 0 3.97182e-18 0 4.0181e-18 0 4.06219e-18 0 4.10407e-18 0 4.14596e-18 0 4.18345e-18 0 4.22094e-18 0 4.25733e-18 0 4.29152e-18 0 4.32461e-18 0 4.3577e-18 0 4.38858e-18 0 4.41947e-18 0 4.44816e-18 0 4.47685e-18 0 4.50554e-18 0 4.53202e-18 0 4.55851e-18 0 4.58389e-18 0 4.60928e-18 0 4.63356e-18 0 4.65784e-18 0 4.68102e-18 0 4.70421e-18 0 4.72629e-18 0 4.74837e-18 0 4.76934e-18 0 4.79032e-18 0 4.8113e-18 0 4.83228e-18 0 4.85216e-18 0 4.87093e-18 0 4.8897e-18 0 4.90958e-18 0 4.92725e-18 0 4.94492e-18 0 4.9637e-18 0 4.98137e-18 0 4.99794e-18 0 5.01562e-18 0 5.03329e-18 0 5.04875e-18 0 5.06532e-18 0 5.08189e-18 0 5.09736e-18 0
2135.03 3.69609e-17 3.69609e-17 1.08174e-27 2.92672e-11 4.92525e-08 1.75949e-19 0 3.68153e-19 0 7.05347e-19 0 1.04839e-18 0 1.23017e-18 0 1.34658e-18 0 1.43456e-18 0 1.50623e-18 0 1.74591e-18 0 2.01476e-18 0 2.18778e-18 0 2.31773e-18 0 2.42278e-18 0 2.51122e-18 0 2.58802e-18 0 2.6565e-18 0 2.71832e-18 0 2.7743e-18 0 2.82613e-18 0 2.87378e-18 0 2.9181e-18 0 2.95992e-18 0 3.00008e-18 0 3.03689e-18 0 3.07203e-18 0 3.10551e-18 0 3.13731e-18 0 3.16912e-18 0 3.19758e-18 0 3.22605e-18 0 3.25368e-18 0 3.27964e-18 0 3.30476e-18 0 3.32989e-18 0 3.35334e-18 0 3.37679e-18 0 3.39857e-18 0 3.42035e-18 0 3.44213e-18 0 3.46224e-18 0 3.48235e-18 0 3.50162e-18 0 3.5209e-18 0 3.53933e-18 0 3.55777e-18 0 3.57537e-18 0 3.59297e-18 0 3.60973e-18 0 3.6265e-18 0 3.64242e-18 0 3.65835e-18 0 3.67428e-18 0 3.6902e-18 0 3.70529e-18 0 3.71955e-18 0 3.7338e-18 0 3.74889e-18 0 3.76231e-18 0 3.77572e-18 0 3.78998e-18 0 3.80339e-18 0 3.81597e-18 0 3.82939e-18 0 3.8428e-18 0 3.85455e-18 0 3.86712e-18 0 3.8797e-18 0 3.89145e-18 0
2244.63 3.42466e-17 3.42466e-17 8.85766e-28 2.58644e-11 -6.1733e-08 1.41654e-19 0 2.90183e-19 0 5.48209e-19 0 8.09582e-19 0 9.47884e-19 0 1.0364e-18 0 1.10327e-18 0 1.15775e-18 0 1.33986e-18 0 1.54405e-18 0 1.67544e-18 0 1.7741e-18 0 1.85385e-18 0 1.92099e-18 0 1.97928e-18 0 2.03126e-18 0 2.07818e-18 0 2.12068e-18 0 2.16001e-18 0 2.19618e-18 0 2.22982e-18 0 2.26156e-18 0 2.29203e-18 0 2.31997e-18 0 2.34664e-18 0 2.37204e-18 0 2.39618e-18 0 2.42032e-18 0 2.44192e-18 0 2.46352e-18 0 2.48449e-18 0 2.50419e-18 0 2.52325e-18 0 2.54232e-18 0 2.56011e-18 0 2.57791e-18 0 2.59444e-18 0 2.61096e-18 0 2.62749e-18 0 2.64275e-18 0 2.65801e-18 0 2.67263e-18 0 2.68726e-18 0 2.70125e-18 0 2.71524e-18 0 2.72859e-18 0 2.74195e-18 0 2.75467e-18 0 2.76739e-18 0 2.77947e-18 0 2.79156e-18 0 2.80364e-18 0 2.81573e-18 0 2.82718e-18 0 2.83799e-18 0 2.84881e-18 0 2.86026e-18 0 2.87044e-18 0 2.88062e-18 0 2.89143e-18 0 2.90161e-18 0 2.91116e-18 0 2.92134e-18 0 2.93152e-18 0 2.94042e-18 0 2.94997e-18 0 2.95951e-18 0 2.96842e-18 0
2359.84 3.17437e-17 3.17437e-17 7.25285e-28 2.28481e-11 6.15844e-08 1.1369e-19 0 2.28317e-19 0 4.25675e-19 0 6.24812e-19 0 7.3004e-19 0 7.97354e-19 0 8.48201e-19 0 8.89612e-19 0 1.02801e-18 0 1.18313e-18 0 1.28293e-18 0 1.35785e-18 0 1.41842e-18 0 1.4694e-18 0 1.51366e-18 0 1.55313e-18 0 1.58876e-18 0 1.62102e-18 0 1.65088e-18 0 1.67834e-18 0 1.70388e-18 0 1.72797e-18 0 1.75111e-18 0 1.77232e-18 0 1.79257e-18 0 1.81185e-18 0 1.83017e-18 0 1.8485e-18 0 1.8649e-18 0 1.88129e-18 0 1.89721e-18 0 1.91217e-18 0 1.92664e-18 0 1.94111e-18 0 1.95462e-18 0 1.96813e-18 0 1.98067e-18 0 1.99322e-18 0 2.00577e-18 0 2.01735e-18 0 2.02893e-18 0 2.04003e-18 0 2.05113e-18 0 2.06175e-18 0 2.07237e-18 0 2.08251e-18 0 2.09265e-18 0 2.1023e-18 0 2.11196e-18 0 2.12113e-18 0 2.1303e-18 0 2.13947e-18 0 2.14865e-18 0 2.15734e-18 0 2.16555e-18 0 2.17376e-18 0 2.18245e-18 0 2.19017e-18 0 2.1979e-18 0 2.20611e-18 0 2.21384e-18 0 2.22108e-18 0 2.22881e-18 0 2.23653e-18 0 2.24329e-18 0 2.25054e-18 0 2.25778e-18 0 2.26455e-18 0
2480.97 2.9415e-17 2.9415e-17 5.93943e-28 2.01919e-11 4.53478e-08 9.09227e-20 0 1.79221e-19 0 3.30016e-19 0 4.81631e-19 0 5.6165e-19 0 6.12815e-19 0 6.51455e-19 0 6.82919e-19 0 7.88048e-19 0 9.05847e-19 0 9.81613e-19 0 1.03849e-18 0 1.08447e-18 0 1.12316e-18 0 1.15676e-18 0 1.18672e-18 0 1.21376e-18 0 1.23825e-18 0 1.26091e-18 0 1.28175e-18 0 1.30113e-18 0 1.31942e-18 0 1.33697e-18 0 1.35307e-18 0 1.36844e-18 0 1.38307e-18 0 1.39698e-18 0 1.41088e-18 0 1.42332e-18 0 1.43577e-18 0 1.44785e-18 0 1.45919e-18 0 1.47018e-18 0 1.48116e-18 0 1.49141e-18 0 1.50166e-18 0 1.51118e-18 0 1.5207e-18 0 1.53022e-18 0 1.53901e-18 0 1.5478e-18 0 1.55622e-18 0 1.56465e-18 0 1.5727e-18 0 1.58076e-18 0 1.58845e-18 0 1.59615e-18 0 1.60347e-18 0 1.6108e-18 0 1.61776e-18 0 1.62472e-18 0 1.63168e-18 0 1.63864e-18 0 1.64523e-18 0 1.65146e-18 0 1.65769e-18 0 1.66428e-18 0 1.67015e-18 0 1.67601e-18 0 1.68224e-18 0 1.6881e-18 0 1.6936e-18 0 1.69946e-18 0 1.70532e-18 0 1.71045e-18 0 1.71595e-18 0 1.72145e-18 0 1.72658e-18 0
2608.32 2.726e-17 2.726e-17 4.86323e-28 1.78402e-11 6.95929e-09 7.25e-20 0 1.40428e-19 0 2.55579e-19 0 3.70984e-19 0 4.31825e-19 0 4.70712e-19 0 5.00073e-19 0 5.23979e-19 0 6.03834e-19 0 6.93288e-19 0 7.50813e-19 0 7.93997e-19 0 8.28897e-19 0 8.5827e-19 0 8.83773e-19 0 9.0651e-19 0 9.27034e-19 0 9.4562e-19 0 9.62823e-19 0 9.7864e-19 0 9.93349e-19 0 1.00723e-18 0 1.02055e-18 0 1.03277e-18 0 1.04443e-18 0 1.05554e-18 0 1.06609e-18 0 1.07664e-18 0 1.08609e-18 0 1.09553e-18 0 1.1047e-18 0 1.11331e-18 0 1.12164e-18 0 1.12998e-18 0 1.13776e-18 0 1.14553e-18 0 1.15276e-18 0 1.15998e-18 0 1.16721e-18 0 1.17388e-18 0 1.18055e-18 0 1.18694e-18 0 1.19333e-18 0 1.19945e-18 0 1.20556e-18 0 1.2114e-18 0 1.21723e-18 0 1.22279e-18 0 1.22835e-18 0 1.23363e-18 0 1.23892e-18 0 1.2442e-18 0 1.24948e-18 0 1.25448e-18 0 1.25921e-18 0 1.26394e-18 0 1.26894e-18 0 1.27339e-18 0 1.27784e-18 0 1.28256e-18 0 1.28701e-18 0 1.29118e-18 0 1.29563e-18 0 1.30008e-18 0 1.30398e-18 0 1.30815e-18 0 1.31232e-18 0 1.31621e-18 0
2742.21 2.526e-17 2.526e-17 3.98214e-28 1.57646e-11 -3.22237e-08 5.76378e-20 0 1.09821e-19 0 1.97689e-19 0 2.85494e-19 0 3.31737e-19 0 3.61284e-19 0 3.83589e-19 0 4.01746e-19 0 4.62389e-19 0 5.30305e-19 0 5.73971e-19 0 6.06749e-19 0 6.33237e-19 0 6.55531e-19 0 6.74886e-19 0 6.92141e-19 0 7.07716e-19 0 7.21821e-19 0 7.34875e-19 0 7.46878e-19 0 7.5804e-19 0 7.68572e-19 0 7.78683e-19 0 7.87952e-19 0 7.96801e-19 0 8.05229e-19 0 8.13236e-19 0 8.21244e-19 0 8.2841e-19 0 8.35575e-19 0 8.42531e-19 0 8.49065e-19 0 8.55389e-19 0 8.61713e-19 0 8.67615e-19 0 8.73518e-19 0 8.79e-19 0 8.84481e-19 0 8.89963e-19 0 8.95024e-19 0 9.00084e-19 0 9.04934e-19 0 9.09784e-19 0 9.14423e-19 0 9.19063e-19 0 9.23491e-19 0 9.2792e-19 0 9.32138e-19 0 9.36356e-19 0 9.40363e-19 0 9.44371e-19 0 9.48378e-19 0 9.52386e-19 0 9.56182e-19 0 9.59768e-19 0 9.63354e-19 0 9.67151e-19 0 9.70526e-19 0 9.73901e-19 0 9.77487e-19 0 9.80863e-19 0 9.84027e-19 0 9.87402e-19 0 9.90778e-19 0 9.93731e-19 0 9.96896e-19 0 1.00006e-18 0 1.00301e-18 0
2882.97 2.34095e-17 2.34095e-17 3.2603e-28 1.39272e-11 2.98577e-08 4.57044e-20 0 8.575e-20 0 1.52769e-19 0 2.19562e-19 0 2.54708e-19 0 2.77157e-19 0 2.941e-19 0 3.07892e-19 0 3.53945e-19 0 4.05509e-19 0 4.38658e-19 0 4.63538e-19 0 4.83644e-19 0 5.00564e-19 0 5.15254e-19 0 5.2835e-19 0 5.40171e-19 0 5.50875e-19 0 5.60782e-19 0 5.69891e-19 0 5.78362e-19 0 5.86354e-19 0 5.94028e-19 0 6.01062e-19 0 6.07777e-19 0 6.14173e-19 0 6.20249e-19 0 6.26326e-19 0 6.31763e-19 0 6.37201e-19 0 6.42479e-19 0 6.47438e-19 0 6.52236e-19 0 6.57035e-19 0 6.61514e-19 0 6.65993e-19 0 6.70153e-19 0 6.74313e-19 0 6.78472e-19 0 6.82312e-19 0 6.86152e-19 0 6.89832e-19 0 6.93512e-19 0 6.97033e-19 0 7.00553e-19 0 7.03914e-19 0 7.07274e-19 0 7.10475e-19 0 7.13675e-19 0 7.16716e-19 0 7.19757e-19 0 7.22798e-19 0 7.25839e-19 0 7.28719e-19 0 7.3144e-19 0 7.34161e-19 0 7.37042e-19 0 7.39603e-19 0 7.42164e-19 0 7.44885e-19 0 7.47446e-19 0 7.49847e-19 0 7.52409e-19 0 7.5497e-19 0 7.57211e-19 0 7.59612e-19 0 7.62013e-19 0 7.64255e-19 0
3030.95 2.1696e-17 2.1696e-17 2.66961e-28 1.23046e-11 3.31327e-08 3.61526e-20 0 6.68529e-20 0 1.17947e-19 0 1.68747e-19 0 1.95456e-19 0 2.1251e-19 0 2.2538e-19 0 2.35855e-19 0 2.70827e-19 0 3.09976e-19 0 3.3514e-19 0 3.54026e-19 0 3.69286e-19 0 3.82129e-19 0 3.93279e-19 0 4.03218e-19 0 4.1219e-19 0 4.20314e-19 0 4.27833e-19 0 4.34746e-19 0 4.41175e-19 0 4.4724e-19 0 4.53063e-19 0 4.58402e-19 0 4.63498e-19 0 4.68351e-19 0 4.72963e-19 0 4.77574e-19 0 4.817e-19 0 4.85827e-19 0 4.89832e-19 0 4.93595e-19 0 4.97236e-19 0 5.00878e-19 0 5.04277e-19 0 5.07676e-19 0 5.10833e-19 0 5.13989e-19 0 5.17146e-19 0 5.2006e-19 0 5.22974e-19 0 5.25766e-19 0 5.28559e-19 0 5.3123e-19 0 5.33902e-19 0 5.36452e-19 0 5.39002e-19 0 5.4143e-19 0 5.43859e-19 0 5.46166e-19 0 5.48474e-19 0 5.50781e-19 0 5.53089e-19 0 5.55275e-19 0 5.5734e-19 0 5.59404e-19 0 5.6159e-19 0 5.63534e-19 0 5.65477e-19 0 5.67542e-19 0 5.69485e-19 0 5.71307e-19 0 5.73251e-19 0 5.75194e-19 0 5.76895e-19 0 5.78717e-19 0 5.80539e-19 0 5.82239e-19 0
3186.53 2.01089e-17 2.01089e-17 2.18584e-28 1.087e-11 4.62595e-08 2.85306e-20 0 5.20445e-20 0 9.09815e-20 0 1.2961e-19 0 1.49905e-19 0 1.6286e-19 0 1.72635e-19 0 1.80591e-19 0 2.07146e-19 0 2.36868e-19 0 2.55971e-19 0 2.70306e-19 0 2.8189e-19 0 2.91638e-19 0 3.001e-19 0 3.07644e-19 0 3.14453e-19 0 3.20619e-19 0 3.26325e-19 0 3.31572e-19 0 3.3645e-19 0 3.41054e-19 0 3.45473e-19 0 3.49524e-19 0 3.53392e-19 0 3.57075e-19 0 3.60575e-19 0 3.64074e-19 0 3.67206e-19 0 3.70337e-19 0 3.73377e-19 0 3.76232e-19 0 3.78996e-19 0 3.81759e-19 0 3.84339e-19 0 3.86918e-19 0 3.89313e-19 0 3.91709e-19 0 3.94104e-19 0 3.96315e-19 0 3.98527e-19 0 4.00646e-19 0 4.02765e-19 0 4.04792e-19 0 4.06819e-19 0 4.08754e-19 0 4.1069e-19 0 4.12533e-19 0 4.14376e-19 0 4.16126e-19 0 4.17877e-19 0 4.19628e-19 0 4.21379e-19 0 4.23038e-19 0 4.24605e-19 0 4.26172e-19 0 4.27831e-19 0 4.29305e-19 0 4.3078e-19 0 4.32347e-19 0 4.33822e-19 0 4.35204e-19 0 4.36679e-19 0 4.38154e-19 0 4.39444e-19 0 4.40827e-19 0 4.42209e-19 0 4.435e-19 0
3350.09 1.86352e-17 1.86352e-17 1.78965e-28 9.60359e-12 -4.26899e-08 2.24623e-20 0 4.04535e-20 0 7.01094e-20 0 9.94726e-20 0 1.14889e-19 0 1.24727e-19 0 1.3215e-19 0 1.3819e-19 0 1.58351e-19 0 1.80911e-19 0 1.95409e-19 0 2.06289e-19 0 2.15079e-19 0 2.22477e-19 0 2.28898e-19 0 2.34623e-19 0 2.3979e-19 0 2.44469e-19 0 2.48799e-19 0 2.5278e-19 0 2.56482e-19 0 2.59975e-19 0 2.63328e-19 0 2.66402e-19 0 2.69337e-19 0 2.72131e-19 0 2.74787e-19 0 2.77442e-19 0 2.79818e-19 0 2.82194e-19 0 2.845e-19 0 2.86667e-19 0 2.88764e-19 0 2.90861e-19 0 2.92818e-19 0 2.94775e-19 0 2.96592e-19 0 2.9841e-19 0 3.00227e-19 0 3.01905e-19 0 3.03583e-19 0 3.05191e-19 0 3.06798e-19 0 3.08337e-19 0 3.09875e-19 0 3.11343e-19 0 3.12811e-19 0 3.14209e-19 0 3.15608e-19 0 3.16936e-19 0 3.18265e-19 0 3.19593e-19 0 3.20922e-19 0 3.2218e-19 0 3.23369e-19 0 3.24558e-19 0 3.25816e-19 0 3.26935e-19 0 3.28054e-19 0 3.29243e-19 0 3.30362e-19 0 3.3141e-19 0 3.32529e-19 0 3.33648e-19 0 3.34627e-19 0 3.35676e-19 0 3.36725e-19 0 3.37704e-19 0
3522.05 1.72639e-17 1.72639e-17 1.46558e-28 8.48928e-12 -2.83058e-08 1.76419e-20 0 3.1392e-20 0 5.39629e-20 0 7.62713e-20 0 8.79762e-20 0 9.54449e-20 0 1.01079e-19 0 1.05663e-19 0 1.20962e-19 0 1.3808e-19 0 1.49079e-19 0 1.57333e-19 0 1.64002e-19 0 1.69613e-19 0 1.74485e-19 0 1.78827e-19 0 1.82746e-19 0 1.86295e-19 0 1.8958e-19 0 1.926e-19 0 1.95408e-19 0 1.98057e-19 0 2.00601e-19 0 2.02932e-19 0 2.05158e-19 0 2.07278e-19 0 2.09292e-19 0 2.11306e-19 0 2.13109e-19 0 2.14911e-19 0 2.1666e-19 0 2.18303e-19 0 2.19894e-19 0 2.21484e-19 0 2.22969e-19 0 2.24453e-19 0 2.25831e-19 0 2.2721e-19 0 2.28588e-19 0 2.29861e-19 0 2.31133e-19 0 2.32353e-19 0 2.33573e-19 0 2.34739e-19 0 2.35906e-19 0 2.37019e-19 0 2.38133e-19 0 2.39193e-19 0 2.40254e-19 0 2.41261e-19 0 2.42269e-19 0 2.43277e-19 0 2.44284e-19 0 2.45239e-19 0 2.4614e-19 0 2.47042e-19 0 2.47997e-19 0 2.48845e-19 0 2.49694e-19 0 2.50595e-19 0 2.51444e-19 0 2.5224e-19 0 2.53088e-19 0 2.53937e-19 0 2.54679e-19 0 2.55475e-19 0 2.5627e-19 0 2.57013e-19 0
3702.84 1.60002e-17 1.60002e-17 1.19993e-28 7.4995e-12 1.01357e-07 1.38346e-20 0 2.434e-20 0 4.152e-20 0 5.84725e-20 0 6.73624e-20 0 7.30338e-20 0 7.73115e-20 0 8.07921e-20 0 9.24061e-20 0 1.05399e-19 0 1.13747e-19 0 1.20011e-19 0 1.25072e-19 0 1.2933e-19 0 1.33027e-19 0 1.36322e-19 0 1.39296e-19 0 1.4199e-19 0 1.44482e-19 0 1.46773e-19 0 1.48904e-19 0 1.50915e-19 0 1.52845e-19 0 1.54614e-19 0 1.56303e-19 0 1.57912e-19 0 1.5944e-19 0 1.60968e-19 0 1.62336e-19 0 1.63703e-19 0 1.65031e-19 0 1.66277e-19 0 1.67484e-19 0 1.68691e-19 0 1.69817e-19 0 1.70944e-19 0 1.7199e-19 0 1.73036e-19 0 1.74082e-19 0 1.75047e-19 0 1.76013e-19 0 1.76938e-19 0 1.77863e-19 0 1.78748e-19 0 1.79634e-19 0 1.80479e-19 0 1.81323e-19 0 1.82128e-19 0 1.82933e-19 0 1.83697e-19 0 1.84462e-19 0 1.85226e-19 0 1.85991e-19 0 1.86715e-19 0 1.87399e-19 0 1.88083e-19 0 1.88808e-19 0 1.89452e-19 0 1.90095e-19 0 1.9078e-19 0 1.91423e-19 0 1.92027e-19 0 1.92671e-19 0 1.93315e-19 0 1.93878e-19 0 1.94482e-19 0 1.95086e-19 0 1.95649e-19 0
3892.91 1.48284e-17 1.48284e-17 9.8239e-29 6.62508e-12 -2.28151e-07 1.08285e-20 0 1.88492e-20 0 3.19211e-20 0 4.48011e-20 0 5.1552e-20 0 5.58579e-20 0 5.91055e-20 0 6.17477e-20 0 7.05634e-20 0 8.04244e-20 0 8.67598e-20 0 9.15132e-20 0 9.53536e-20 0 9.85851e-20 0 1.0139e-19 0 1.03891e-19 0 1.06148e-19 0 1.08191e-19 0 1.10082e-19 0 1.11821e-19 0 1.13438e-19 0 1.14963e-19 0 1.16428e-19 0 1.1777e-19 0 1.19052e-19 0 1.20272e-19 0 1.21432e-19 0 1.22591e-19 0 1.23629e-19 0 1.24666e-19 0 1.25674e-19 0 1.2662e-19 0 1.27535e-19 0 1.28451e-19 0 1.29305e-19 0 1.3016e-19 0 1.30954e-19 0 1.31747e-19 0 1.32541e-19 0 1.33273e-19 0 1.34006e-19 0 1.34708e-19 0 1.3541e-19 0 1.36082e-19 0 1.36753e-19 0 1.37394e-19 0 1.38035e-19 0 1.38646e-19 0 1.39257e-19 0 1.39837e-19 0 1.40417e-19 0 1.40997e-19 0 1.41577e-19 0 1.42126e-19 0 1.42645e-19 0 1.43164e-19 0 1.43714e-19 0 1.44202e-19 0 1.44691e-19 0 1.4521e-19 0 1.45698e-19 0 1.46156e-19 0 1.46645e-19 0 1.47133e-19 0 1.47561e-19 0 1.48019e-19 0 1.48477e-19 0 1.48904e-19 0
4092.73 1.37431e-17 1.37431e-17 8.04289e-29 5.8523e-12 -2.07534e-08 8.46129e-21 0 1.45817e-20 0 2.45256e-20 0 3.43104e-20 0 3.94367e-20 0 4.27059e-20 0 4.51714e-20 0 4.71771e-20 0 5.38687e-20 0 6.13529e-20 0 6.61608e-20 0 6.97681e-20 0 7.26825e-20 0 7.51347e-20 0 7.72633e-20 0 7.91607e-20 0 8.08732e-20 0 8.24238e-20 0 8.38589e-20 0 8.51782e-20 0 8.64051e-20 0 8.75626e-20 0 8.86738e-20 0 8.96924e-20 0 9.06648e-20 0 9.1591e-20 0 9.24708e-20 0 9.33507e-20 0 9.41379e-20 0 9.49252e-20 0 9.56894e-20 0 9.64073e-20 0 9.7102e-20 0 9.77967e-20 0 9.84451e-20 0 9.90936e-20 0 9.96957e-20 0 1.00298e-19 0 1.009e-19 0 1.01456e-19 0 1.02012e-19 0 1.02544e-19 0 1.03077e-19 0 1.03587e-19 0 1.04096e-19 0 1.04583e-19 0 1.05069e-19 0 1.05532e-19 0 1.05996e-19 0 1.06436e-19 0 1.06876e-19 0 1.07316e-19 0 1.07756e-19 0 1.08173e-19 0 1.08567e-19 0 1.08961e-19 0 1.09378e-19 0 1.09748e-19 0 1.10119e-19 0 1.10513e-19 0 1.10883e-19 0 1.11231e-19 0 1.11601e-19 0 1.11972e-19 0 1.12296e-19 0 1.12644e-19 0 1.12991e-19 0 1.13316e-19 0
4302.81 1.27364e-17 1.27364e-17 6.58471e-29 5.17e-12 -6.26514e-10 6.60034e-21 0 1.12677e-20 0 1.88296e-20 0 2.62617e-20 0 3.01537e-20 0 3.26354e-20 0 3.45068e-20 0 3.60292e-20 0 4.11079e-20 0 4.67874e-20 0 5.04359e-20 0 5.31731e-20 0 5.53845e-20 0 5.72451e-20 0 5.88602e-20 0 6.02999e-20 0 6.15993e-20 0 6.27758e-20 0 6.38646e-20 0 6.48657e-20 0 6.57965e-20 0 6.66747e-20 0 6.75178e-20 0 6.82907e-20 0 6.90284e-20 0 6.97311e-20 0 7.03987e-20 0 7.10662e-20 0 7.16635e-20 0 7.22609e-20 0 7.28406e-20 0 7.33853e-20 0 7.39123e-20 0 7.44394e-20 0 7.49314e-20 0 7.54234e-20 0 7.58802e-20 0 7.63371e-20 0 7.67939e-20 0 7.72156e-20 0 7.76373e-20 0 7.80415e-20 0 7.84457e-20 0 7.88323e-20 0 7.92188e-20 0 7.95879e-20 0 7.99569e-20 0 8.03084e-20 0 8.06598e-20 0 8.09937e-20 0 8.13276e-20 0 8.16615e-20 0 8.19954e-20 0 8.23118e-20 0 8.26105e-20 0 8.29093e-20 0 8.32256e-20 0 8.35068e-20 0 8.3788e-20 0 8.40868e-20 0 8.4368e-20 0 8.46316e-20 0 8.49128e-20 0 8.5194e-20 0 8.54401e-20 0 8.57037e-20 0 8.59674e-20 0 8.62134e-20 0
4523.68 1.18043e-17 1.18043e-17 5.39115e-29 4.56709e-12 1.51198e-07 5.14119e-21 0 8.69904e-21 0 1.44486e-20 0 2.00933e-20 0 2.30483e-20 0 2.49322e-20 0 2.63528e-20 0 2.75083e-20 0 3.13629e-20 0 3.56732e-20 0 3.84419e-20 0 4.0519e-20 0 4.21971e-20 0 4.3609e-20 0 4.48345e-20 0 4.59269e-20 0 4.69129e-20 0 4.78056e-20 0 4.86318e-20 0 4.93914e-20 0 5.00977e-20 0 5.0764e-20 0 5.14037e-20 0 5.19902e-20 0 5.255e-20 0 5.30831e-20 0 5.35896e-20 0 5.40961e-20 0 5.45493e-20 0 5.50026e-20 0 5.54425e-20 0 5.58557e-20 0 5.62556e-20 0 5.66556e-20 0 5.70288e-20 0 5.74021e-20 0 5.77487e-20 0 5.80954e-20 0 5.8442e-20 0 5.8762e-20 0 5.90819e-20 0 5.93886e-20 0 5.96952e-20 0 5.99886e-20 0 6.02819e-20 0 6.05619e-20 0 6.08419e-20 0 6.11085e-20 0 6.13752e-20 0 6.16285e-20 0 6.18819e-20 0 6.21352e-20 0 6.23886e-20 0 6.26286e-20 0 6.28553e-20 0 6.30819e-20 0 6.3322e-20 0 6.35353e-20 0 6.37487e-20 0 6.39753e-20 0 6.41887e-20 0 6.43887e-20 0 6.46021e-20 0 6.48154e-20 0 6.50021e-20 0 6.52021e-20 0 6.54022e-20 0 6.55889e-20 0
4755.88 1.09383e-17 1.09383e-17 4.41363e-29 4.03504e-12 2.1106e-07 3.99804e-21 0 6.70834e-21 0 1.10782e-20 0 1.53641e-20 0 1.76069e-20 0 1.90367e-20 0 2.01148e-20 0 2.09916e-20 0 2.39165e-20 0 2.71869e-20 0 2.92874e-20 0 3.08633e-20 0 3.21364e-20 0 3.32075e-20 0 3.41372e-20 0 3.4966e-20 0 3.57139e-20 0 3.63912e-20 0 3.70179e-20 0 3.75942e-20 0 3.813e-20 0 3.86355e-20 0 3.91208e-20 0 3.95656e-20 0 3.99903e-20 0 4.03947e-20 0 4.0779e-20 0 4.11632e-20 0 4.1507e-20 0 4.18508e-20 0 4.21845e-20 0 4.2498e-20 0 4.28014e-20 0 4.31047e-20 0 4.33879e-20 0 4.36711e-20 0 4.3934e-20 0 4.4197e-20 0 4.44599e-20 0 4.47026e-20 0 4.49454e-20 0 4.5178e-20 0 4.54106e-20 0 4.56331e-20 0 4.58556e-20 0 4.6068e-20 0 4.62804e-20 0 4.64827e-20 0 4.6685e-20 0 4.68771e-20 0 4.70693e-20 0 4.72615e-20 0 4.74537e-20 0 4.76357e-20 0 4.78077e-20 0 4.79796e-20 0 4.81617e-20 0 4.83235e-20 0 4.84854e-20 0 4.86573e-20 0 4.88192e-20 0 4.89709e-20 0 4.91328e-20 0 4.92946e-20 0 4.94362e-20 0 4.9588e-20 0 4.97397e-20 0 4.98813e-20 0
5000 1.01377e-17 1.01377e-17 3.61342e-29 3.56434e-12 -2.16517e-07 3.10543e-21 0 5.16964e-21 0 8.49084e-21 0 1.17453e-20 0 1.34479e-20 0 1.45331e-20 0 1.53514e-20 0 1.60169e-20 0 1.82366e-20 0 2.07183e-20 0 2.23123e-20 0 2.35081e-20 0 2.4474e-20 0 2.52868e-20 0 2.59922e-20 0 2.66211e-20 0 2.71886e-20 0 2.77024e-20 0 2.8178e-20 0 2.86152e-20 0 2.90217e-20 0 2.94053e-20 0 2.97735e-20 0 3.0111e-20 0 3.04332e-20 0 3.07401e-20 0 3.10316e-20 0 3.13231e-20 0 3.1584e-20 0 3.18448e-20 0 3.2098e-20 0 3.23359e-20 0 3.25661e-20 0 3.27962e-20 0 3.30111e-20 0 3.32259e-20 0 3.34254e-20 0 3.36249e-20 0 3.38244e-20 0 3.40086e-20 0 3.41927e-20 0 3.43692e-20 0 3.45457e-20 0 3.47145e-20 0 3.48834e-20 0 3.50445e-20 0 3.52056e-20 0 3.53591e-20 0 3.55126e-20 0 3.56584e-20 0 3.58042e-20 0 3.595e-20 0 3.60958e-20 0 3.6234e-20 0 3.63644e-20 0 3.64949e-20 0 3.6633e-20 0 3.67558e-20 0 3.68786e-20 0 3.70091e-20 0 3.71318e-20 0 3.7247e-20 0 3.73698e-20 0 3.74925e-20 0 3.76e-20 0 3.77151e-20 0 3.78302e-20 0 3.79377e-20 0
