# 3.9811e-07 1 42 : grain size, compostion index, size index
# Heating and cooling timescale: 1866.28 233.717
# Ratio of heating to cooling to determine stochastic cutoff: 100
# Equilibrium emission is recorded even for those grains in the stochastic regime.
# Emission spectrum was computed for: 
# Type: ISRF
# Scales: 0.25 0.5 1 1.5 2 2.5 3 3.5 4 4.5 5 5.5 6 6.5 7 7.5 8 8.5 9 9.5 10 10.5 11 11.5 12 12.5 13 13.5 14 14.5 15 15.5 16 16.5 17 17.5 18 18.5 19 19.5 20
# StochasticallyHeated: 1 1 1 1 1 1 1 1 1 1 1 1 1 1 1 1 1 1 1 1 1 1 1 1 1 1 1 1 1 1 1 1 1 1 1 1 1 1 1 1 1
# Temperature: -1
# Wavelength  CExt  CAbs  CSca  Albedo G EqEm1 StEm1 EqEm2 StEm2 EqEm3 StEm3 EqEm4 StEm4 EqEm5 StEm5 EqEm6 StEm6 EqEm7 StEm7 EqEm8 StEm8 EqEm9 StEm9 EqEm10 StEm10 EqEm11 StEm11 EqEm12 StEm12 EqEm13 StEm13 EqEm14 StEm14 EqEm15 StEm15 EqEm16 StEm16 EqEm17 StEm17 EqEm18 StEm18 EqEm19 StEm19 EqEm20 StEm20 EqEm21 StEm21 EqEm22 StEm22 EqEm23 StEm23 EqEm24 StEm24 EqEm25 StEm25 EqEm26 StEm26 EqEm27 StEm27 EqEm28 StEm28 EqEm29 StEm29 EqEm30 StEm30 EqEm31 StEm31 EqEm32 StEm32 EqEm33 StEm33 EqEm34 StEm34 EqEm35 StEm35 EqEm36 StEm36 EqEm37 StEm37 EqEm38 StEm38 EqEm39 StEm39 EqEm40 StEm40 EqEm41 StEm41
0.05 4.80587e-14 4.77175e-14 3.41174e-16 0.00709912 0.00274235 0 0 0 0 0 0 0 0 0 0 0 0 0 0 0 0 0 0 0 0 0 0 0 0 0 0 0 0 0 0 0 0 0 0 0 0 0 0 0 0 0 0 0 0 0 0 0 0 0 0 0 0 0 0 0 0 0 0 0 0 0 0 0 0 0 0 0 0 0 0 0 0 0 0 0 0 0 0 0 0 0 0
0.0525665 5.3119e-14 5.27419e-14 3.77098e-16 0.00709912 0.00303111 0 0 0 0 0 0 0 0 0 0 0 0 0 0 0 0 0 0 0 0 0 0 0 0 0 0 0 0 0 0 0 0 0 0 0 0 0 0 0 0 0 0 0 0 0 0 0 0 0 0 0 0 0 0 0 0 0 0 0 0 0 0 0 0 0 0 0 0 0 0 0 0 0 0 0 0 0 0 0 0 0 0
0.0552647 5.87122e-14 5.82954e-14 4.16805e-16 0.00709912 0.00335027 0 0 0 0 0 0 0 0 0 0 0 0 0 0 0 0 0 0 0 0 0 0 0 0 0 0 0 0 0 0 0 0 0 0 0 0 0 0 0 0 0 0 0 0 0 0 0 0 0 0 0 0 0 0 0 0 0 0 0 0 0 0 0 0 0 0 0 0 0 0 0 0 0 0 0 0 0 0 0 0 0 0
0.0581015 6.48943e-14 6.44336e-14 4.60693e-16 0.00709912 0.00370303 0 0 0 0 0 0 0 0 0 0 0 0 0 0 0 0 0 0 0 0 0 0 0 0 0 0 0 0 0 0 0 0 0 0 0 0 0 0 0 0 0 0 0 0 0 0 0 0 0 0 0 0 0 0 0 0 0 0 0 0 0 0 0 0 0 0 0 0 0 0 0 0 0 0 0 0 0 0 0 0 0 0
0.0610839 7.17274e-14 7.12182e-14 5.09201e-16 0.00709912 0.00409294 0 0 0 0 0 0 0 0 0 0 0 0 0 0 0 0 0 0 0 0 0 0 0 0 0 0 0 0 0 0 0 0 0 0 0 0 0 0 0 0 0 0 0 0 0 0 0 0 0 0 0 0 0 0 0 0 0 0 0 0 0 0 0 0 0 0 0 0 0 0 0 0 0 0 0 0 0 0 0 0 0 0
0.0642193 7.92799e-14 7.87171e-14 5.62818e-16 0.00709912 0.00452391 0 0 0 0 0 0 0 0 0 0 0 0 0 0 0 0 0 0 0 0 0 0 0 0 0 0 0 0 0 0 0 0 0 0 0 0 0 0 0 0 0 0 0 0 0 0 0 0 0 0 0 0 0 0 0 0 0 0 0 0 0 0 0 0 0 0 0 0 0 0 0 0 0 0 0 0 0 0 0 0 0 0
0.0675157 8.76277e-14 8.70056e-14 6.2208e-16 0.00709912 0.00500026 0 0 0 0 0 0 0 0 0 0 0 0 0 0 0 0 0 0 0 0 0 0 0 0 0 0 0 0 0 0 0 0 0 0 0 0 0 0 0 0 0 0 0 0 0 0 0 0 0 0 0 0 0 0 0 0 0 0 0 0 0 0 0 0 0 0 0 0 0 0 0 0 0 0 0 0 0 0 0 0 0 0
0.0709813 9.68545e-14 9.61669e-14 6.87582e-16 0.00709912 0.00552676 0 0 0 0 0 0 0 0 0 0 0 0 0 0 0 0 0 0 0 0 0 0 0 0 0 0 0 0 0 0 0 0 0 0 0 0 0 0 0 0 0 0 0 0 0 0 0 0 0 0 0 0 0 0 0 0 0 0 0 0 0 0 0 0 0 0 0 0 0 0 0 0 0 0 0 0 0 0 0 0 0 0
0.0746248 1.07053e-13 1.06293e-13 7.59981e-16 0.00709912 0.0061087 0 0 0 0 0 0 0 0 0 0 0 0 0 0 0 0 0 0 0 0 0 0 0 0 0 0 0 0 0 0 0 0 0 0 0 0 0 0 0 0 0 0 0 0 0 0 0 0 0 0 0 0 0 0 0 0 0 0 0 0 0 0 0 0 0 0 0 0 0 0 0 0 0 0 0 0 0 0 0 0 0 0
0.0784553 1.18325e-13 1.17485e-13 8.40003e-16 0.00709912 0.00675192 0 0 0 0 0 0 0 0 0 0 0 0 0 0 0 0 0 0 0 0 0 0 0 0 0 0 0 0 0 0 0 0 0 0 0 0 0 0 0 0 0 0 0 0 0 0 0 0 0 0 0 0 0 0 0 0 0 0 0 0 0 0 0 0 0 0 0 0 0 0 0 0 0 0 0 0 0 0 0 0 0 0
0.0824824 1.30784e-13 1.29856e-13 9.28451e-16 0.00709912 0.00746286 0 0 0 0 0 0 0 0 0 0 0 0 0 0 0 0 0 0 0 0 0 0 0 0 0 0 0 0 0 0 0 0 0 0 0 0 0 0 0 0 0 0 0 0 0 0 0 0 0 0 0 0 0 0 0 0 0 0 0 0 0 0 0 0 0 0 0 0 0 0 0 0 0 0 0 0 0 0 0 0 0 0
0.0867162 1.44555e-13 1.43529e-13 1.02621e-15 0.00709912 0.00824867 0 0 0 0 0 0 0 0 0 0 0 0 0 0 0 0 0 0 0 0 0 0 0 0 0 0 0 0 0 0 0 0 0 0 0 0 0 0 0 0 0 0 0 0 0 0 0 0 0 0 0 0 0 0 0 0 0 0 0 0 0 0 0 0 0 0 0 0 0 0 0 0 0 0 0 0 0 0 0 0 0 0
0.0911674 1.59776e-13 1.58642e-13 1.13427e-15 0.00709912 0.00911721 0 0 0 0 0 0 0 0 0 0 0 0 0 0 0 0 0 0 0 0 0 0 0 0 0 0 0 0 0 0 0 0 0 0 0 0 0 0 0 0 0 0 0 0 0 0 0 0 0 0 0 0 0 0 0 0 0 0 0 0 0 0 0 0 0 0 0 0 0 0 0 0 0 0 0 0 0 0 0 0 0 0
0.095847 1.766e-13 1.75346e-13 1.2537e-15 0.00709912 0.0100772 0 0 0 0 0 0 0 0 0 0 0 0 0 0 0 0 0 0 0 0 0 0 0 0 0 0 0 0 0 0 0 0 0 0 0 0 0 0 0 0 0 0 0 0 0 0 0 0 0 0 0 0 0 0 0 0 0 0 0 0 0 0 0 0 0 0 0 0 0 0 0 0 0 0 0 0 0 0 0 0 0 0
0.100767 1.89362e-13 1.88032e-13 1.3301e-15 0.0070241 0.0109364 0 0 0 0 0 0 0 0 0 0 0 0 0 0 0 0 0 0 0 0 0 0 0 0 0 0 0 0 0 0 0 0 0 0 0 0 0 0 0 0 0 0 0 0 0 0 0 0 0 0 0 0 0 0 0 0 0 0 0 0 0 0 0 0 0 0 0 0 0 0 0 0 0 0 0 0 0 0 0 0 0 0
0.105939 1.70305e-13 1.69183e-13 1.12201e-15 0.00658821 0.0107814 0 0 0 0 0 0 0 0 0 0 0 0 0 0 0 0 0 0 0 0 0 0 0 0 0 0 0 0 0 0 0 0 0 0 0 0 0 0 0 0 0 0 0 0 0 0 0 0 0 0 0 0 0 0 0 0 0 0 0 0 0 0 0 0 0 0 0 0 0 0 0 0 0 0 0 0 0 0 0 0 0 0
0.111377 1.50595e-13 1.49658e-13 9.36644e-16 0.00621962 0.0103205 0 0 0 0 0 0 0 0 0 0 0 0 0 0 0 0 0 0 0 0 0 0 0 0 0 0 0 0 0 0 0 0 0 0 0 0 0 0 0 0 0 0 0 0 0 0 0 0 0 0 0 0 0 0 0 0 0 0 0 0 0 0 0 0 0 0 0 0 0 0 0 0 0 0 0 0 0 0 0 0 0 0
0.117094 1.31277e-13 1.30498e-13 7.79467e-16 0.00593757 0.00975024 0 0 0 0 0 0 0 0 0 0 0 0 0 0 0 0 0 0 0 0 0 0 0 0 0 0 0 0 0 0 0 0 0 0 0 0 0 0 0 0 0 0 0 0 0 0 0 0 0 0 0 0 0 0 0 0 0 0 0 0 0 0 0 0 0 0 0 0 0 0 0 0 0 0 0 0 0 0 0 0 0 0
0.123105 1.11385e-13 1.10746e-13 6.38876e-16 0.00573573 0.00915438 0 0 0 0 0 0 0 0 0 0 0 0 0 0 0 0 0 0 0 0 0 0 0 0 0 0 0 0 0 0 0 0 0 0 0 0 0 0 0 0 0 0 0 0 0 0 0 0 0 0 0 0 0 0 0 0 0 0 0 0 0 0 0 0 0 0 0 0 0 0 0 0 0 0 0 0 0 0 0 0 0 0
0.129424 9.30886e-14 9.25726e-14 5.16034e-16 0.00554348 0.0085741 0 0 0 0 0 0 0 0 0 0 0 0 0 0 0 0 0 0 0 0 0 0 0 0 0 0 0 0 0 0 0 0 0 0 0 0 0 0 0 0 0 0 0 0 0 0 0 0 0 0 0 0 0 0 0 0 0 0 0 0 0 0 0 0 0 0 0 0 0 0 0 0 0 0 0 0 0 0 0 0 0 0
0.136067 7.6207e-14 7.57844e-14 4.22666e-16 0.00554628 0.00804101 0 0 0 0 0 0 0 0 0 0 0 0 0 0 0 0 0 0 0 0 0 0 0 0 0 0 0 0 0 0 0 0 0 0 0 0 0 0 0 0 0 0 0 0 0 0 0 0 0 0 0 0 0 0 0 0 0 0 0 0 0 0 0 0 0 0 0 0 0 0 0 0 0 0 0 0 0 0 0 0 0 0
0.143051 5.81615e-14 5.78237e-14 3.3772e-16 0.0058066 0.00762944 0 0 0 0 0 0 0 0 0 0 0 0 0 0 0 0 0 0 0 0 0 0 0 0 0 0 0 0 0 0 0 0 0 0 0 0 0 0 0 0 0 0 0 0 0 0 0 0 0 0 0 0 0 0 0 0 0 0 0 0 0 0 0 0 0 0 0 0 0 0 0 0 0 0 0 0 0 0 0 0 0 0
0.150394 4.10792e-14 4.08189e-14 2.60305e-16 0.00633667 0.00726892 0 0 0 0 0 0 0 0 0 0 0 0 0 0 0 0 0 0 0 0 0 0 0 0 0 0 0 0 0 0 0 0 0 0 0 0 0 0 0 0 0 0 0 0 0 0 0 0 0 0 0 0 0 0 0 0 0 0 0 0 0 0 0 0 0 0 0 0 0 0 0 0 0 0 0 0 0 0 0 0 0 0
0.158114 2.73186e-14 2.71242e-14 1.94341e-16 0.00711388 0.00665329 0 0 0 0 0 0 0 0 0 0 0 0 0 0 0 0 0 0 0 0 0 0 0 0 0 0 0 0 0 0 0 0 0 0 0 0 0 0 0 0 0 0 0 0 0 0 0 0 0 0 0 0 0 0 0 0 0 0 0 0 0 0 0 0 0 0 0 0 0 0 0 0 0 0 0 0 0 0 0 0 0 0
0.16623 1.78905e-14 1.77479e-14 1.4261e-16 0.00797127 0.00592026 0 0 0 0 0 0 0 0 0 0 0 0 0 0 0 0 0 0 0 0 0 0 0 0 0 0 0 0 0 0 0 0 0 0 0 0 0 0 0 0 0 0 0 0 0 0 0 0 0 0 0 0 0 0 0 0 0 0 0 0 0 0 0 0 0 0 0 0 0 0 0 0 0 0 0 0 0 0 0 0 0 0
0.174762 1.27745e-14 1.26689e-14 1.05544e-16 0.00826214 0.00522575 0 0 0 0 0 0 0 0 0 0 0 0 0 0 0 0 0 0 0 0 0 0 0 0 0 0 0 0 0 0 0 0 0 0 0 0 0 0 0 0 0 0 0 0 0 0 0 0 0 0 0 0 0 0 0 0 0 0 0 0 0 0 0 0 0 0 0 0 0 0 0 0 0 0 0 0 0 0 0 0 0 0
0.183733 9.11621e-15 9.03778e-15 7.84287e-17 0.00860321 0.00461107 0 0 0 0 0 0 0 0 0 0 0 0 0 0 0 0 0 0 0 0 0 0 0 0 0 0 0 0 0 0 0 0 0 0 0 0 0 0 0 0 0 0 0 0 0 0 0 0 0 0 0 0 0 0 0 0 0 0 0 0 0 0 0 0 0 0 0 0 0 0 0 0 0 0 0 0 0 0 0 0 0 0
0.193164 6.89997e-15 6.84114e-15 5.88323e-17 0.00852645 0.00407967 0 0 0 0 0 0 0 0 0 0 0 0 0 0 0 0 0 0 0 0 0 0 0 0 0 0 0 0 0 0 0 0 0 0 0 0 0 0 0 0 0 0 0 0 0 0 0 0 0 0 0 0 0 0 0 0 0 0 0 0 0 0 0 0 0 0 0 0 0 0 0 0 0 0 0 0 0 0 0 0 0 0
0.203079 6.37104e-15 6.32631e-15 4.47306e-17 0.00702093 0.00361978 0 0 0 0 0 0 0 0 0 0 0 0 0 0 0 0 0 0 0 0 0 0 0 0 0 0 0 0 0 0 0 0 0 0 0 0 0 0 0 0 0 0 0 0 0 0 0 0 0 0 0 0 0 0 0 0 0 0 0 0 0 0 0 0 0 0 0 0 0 0 0 0 0 0 0 0 0 0 0 0 0 0
0.213503 6.10021e-15 6.06562e-15 3.45849e-17 0.00566946 0.00321847 0 0 0 0 0 0 0 0 0 0 0 0 0 0 0 0 0 0 0 0 0 0 0 0 0 0 0 0 0 0 0 0 0 0 0 0 0 0 0 0 0 0 0 0 0 0 0 0 0 0 0 0 0 0 0 0 0 0 0 0 0 0 0 0 0 0 0 0 0 0 0 0 0 0 0 0 0 0 0 0 0 0
0.224463 5.76365e-15 5.73645e-15 2.72013e-17 0.00471946 0.0028699 0 0 0 0 0 0 0 0 0 0 0 0 0 0 0 0 0 0 0 0 0 0 0 0 0 0 0 0 0 0 0 0 0 0 0 0 0 0 0 0 0 0 0 0 0 0 0 0 0 0 0 0 0 0 0 0 0 0 0 0 0 0 0 0 0 0 0 0 0 0 0 0 0 0 0 0 0 0 0 0 0 0
0.235984 5.50056e-15 5.47903e-15 2.15271e-17 0.00391362 0.00256787 0 0 0 0 0 0 0 0 0 0 0 0 0 0 0 0 0 0 0 0 0 0 0 0 0 0 0 0 0 0 0 0 0 0 0 0 0 0 0 0 0 0 0 0 0 0 0 0 0 0 0 0 0 0 0 0 0 0 0 0 0 0 0 0 0 0 0 0 0 0 0 0 0 0 0 0 0 0 0 0 0 0
0.248097 5.26542e-15 5.24829e-15 1.71245e-17 0.00325227 0.00230396 0 0 0 0 0 0 0 0 0 0 0 0 0 0 0 0 0 0 0 0 0 0 0 0 0 0 0 0 0 0 0 0 0 0 0 0 0 0 0 0 0 0 0 0 0 0 0 0 0 0 0 0 0 0 0 0 0 0 0 0 0 0 0 0 0 0 0 0 0 0 0 0 0 0 0 0 0 0 0 0 0 0
0.260832 5.06058e-15 5.04688e-15 1.37061e-17 0.00270841 0.00207066 0 0 0 0 0 0 0 0 0 0 0 0 0 0 0 0 0 0 0 0 0 0 0 0 0 0 0 0 0 0 0 0 0 0 0 0 0 0 0 0 0 0 0 0 0 0 0 0 0 0 0 0 0 0 0 0 0 0 0 0 0 0 0 0 0 0 0 0 0 0 0 0 0 0 0 0 0 0 0 0 0 0
0.274221 4.85808e-15 4.84707e-15 1.10104e-17 0.00226642 0.00186293 0 0 0 0 0 0 0 0 0 0 0 0 0 0 0 0 0 0 0 0 0 0 0 0 0 0 0 0 0 0 0 0 0 0 0 0 0 0 0 0 0 0 0 0 0 0 0 0 0 0 0 0 0 0 0 0 0 0 0 0 0 0 0 0 0 0 0 0 0 0 0 0 0 0 0 0 0 0 0 0 0 0
0.288297 4.65583e-15 4.64695e-15 8.87546e-18 0.00190631 0.0016779 0 0 0 0 0 0 0 0 0 0 0 0 0 0 0 0 0 0 0 0 0 0 0 0 0 0 0 0 0 0 0 0 0 0 0 0 0 0 0 0 0 0 0 0 0 0 0 0 0 0 0 0 0 0 0 0 0 0 0 0 0 0 0 0 0 0 0 0 0 0 0 0 0 0 0 0 0 0 0 0 0 0
0.303095 4.45584e-15 4.44867e-15 7.17084e-18 0.00160931 0.00151241 0 0 0 0 0 0 0 0 0 0 0 0 0 0 0 0 0 0 0 0 0 0 0 0 0 0 0 0 0 0 0 0 0 0 0 0 0 0 0 0 0 0 0 0 0 0 0 0 0 0 0 0 0 0 0 0 0 0 0 0 0 0 0 0 0 0 0 0 0 0 0 0 0 0 0 0 0 0 0 0 0 0
0.318653 4.25883e-15 4.25302e-15 5.80758e-18 0.00136366 0.00136389 0 0 0 0 0 0 0 0 0 0 0 0 0 0 0 0 0 0 0 0 0 0 0 0 0 0 0 0 0 0 0 0 0 0 0 0 0 0 0 0 0 0 0 0 0 0 0 0 0 0 0 0 0 0 0 0 0 0 0 0 0 0 0 0 0 0 0 0 0 0 0 0 0 0 0 0 0 0 0 0 0 0
0.335009 4.0663e-15 4.06159e-15 4.71253e-18 0.00115892 0.0012305 0 0 0 0 0 0 0 0 0 0 0 0 0 0 0 0 0 0 0 0 0 0 0 0 0 0 0 0 0 0 0 0 0 0 0 0 0 0 0 0 0 0 0 0 0 0 0 0 0 0 0 0 0 0 0 0 0 0 0 0 0 0 0 0 0 0 0 0 0 0 0 0 0 0 0 0 0 0 0 0 0 0
0.352205 3.87968e-15 3.87585e-15 3.8297e-18 0.000987116 0.00111063 0 0 0 0 0 0 0 0 0 0 0 0 0 0 0 0 0 0 0 0 0 0 0 0 0 0 0 0 0 0 0 0 0 0 0 0 0 0 0 0 0 0 0 0 0 0 0 0 0 0 0 0 0 0 0 0 0 0 0 0 0 0 0 0 0 0 0 0 0 0 0 0 0 0 0 0 0 0 0 0 0 0
0.370284 3.69874e-15 3.69562e-15 3.11802e-18 0.000842997 0.00100281 0 0 0 0 0 0 0 0 0 0 0 0 0 0 0 0 0 0 0 0 0 0 0 0 0 0 0 0 0 0 0 0 0 0 0 0 0 0 0 0 0 0 0 0 0 0 0 0 0 0 0 0 0 0 0 0 0 0 0 0 0 0 0 0 0 0 0 0 0 0 0 0 0 0 0 0 0 0 0 0 0 0
0.389291 3.52456e-15 3.52202e-15 2.54056e-18 0.000720815 0.000905732 0 0 0 0 0 0 0 0 0 0 0 0 0 0 0 0 0 0 0 0 0 0 0 0 0 0 0 0 0 0 0 0 0 0 0 0 0 0 0 0 0 0 0 0 0 0 0 0 0 0 0 0 0 0 0 0 0 0 0 0 0 0 0 0 0 0 0 0 0 0 0 0 0 0 0 0 0 0 0 0 0 0
0.409273 3.35674e-15 3.35467e-15 2.07279e-18 0.000617501 0.000818223 0 0 0 0 0 0 0 0 0 0 0 0 0 0 0 0 0 0 0 0 0 0 0 0 0 0 0 0 0 0 0 0 0 0 0 0 0 0 0 0 0 0 0 0 0 0 0 0 0 0 0 0 0 0 0 0 0 0 0 0 0 0 0 0 0 0 0 0 0 0 0 0 0 0 0 0 0 0 0 0 0 0
0.430281 3.19607e-15 3.19438e-15 1.69227e-18 0.000529483 0.000739265 0 0 0 0 0 0 0 0 0 0 0 0 0 0 0 0 0 0 0 0 0 0 0 0 0 0 0 0 0 0 0 0 0 0 0 0 0 0 0 0 0 0 0 0 0 0 0 0 0 0 0 0 0 0 0 0 0 0 0 0 0 0 0 0 0 0 0 0 0 0 0 0 0 0 0 0 0 0 0 0 0 0
0.452368 3.04209e-15 3.04071e-15 1.38261e-18 0.000454493 0.000668219 0 0 0 0 0 0 0 0 0 0 0 0 0 0 0 0 0 0 0 0 0 0 0 0 0 0 0 0 0 0 0 0 0 0 0 0 0 0 0 0 0 0 0 0 0 0 0 0 0 0 0 0 0 0 0 0 0 0 0 0 0 0 0 0 0 0 0 0 0 0 0 0 0 0 0 0 0 0 0 0 0 0
0.475588 2.89463e-15 2.8935e-15 1.13018e-18 0.00039044 0.000604027 0 0 0 0 0 0 0 0 0 0 0 0 0 0 0 0 0 0 0 0 0 0 0 0 0 0 0 0 0 0 0 0 0 0 0 0 0 0 0 0 0 0 0 0 0 0 0 0 0 0 0 0 0 0 0 0 0 0 0 0 0 0 0 0 0 0 0 0 0 0 0 0 0 0 0 0 0 0 0 0 0 0
0.5 2.75372e-15 2.75279e-15 9.24406e-19 0.000335694 0.00054603 0 0 0 0 0 0 0 0 0 0 0 0 0 0 0 0 0 0 0 0 0 0 0 0 0 0 0 0 0 0 0 0 0 0 0 0 0 0 0 0 0 0 0 0 0 0 0 0 0 0 0 0 0 0 0 0 0 0 0 0 0 0 0 0 0 0 0 0 0 0 0 0 0 0 0 0 0 0 0 0 0 0
0.525665 2.61919e-15 2.61843e-15 7.566e-19 0.000288868 0.00049364 0 0 0 0 0 0 0 0 0 0 0 0 0 0 0 0 0 0 0 0 0 0 0 0 0 0 0 0 0 0 0 0 0 0 0 0 0 0 0 0 0 0 0 0 0 0 0 0 0 0 0 0 0 0 0 0 0 0 0 0 0 0 0 0 0 0 0 0 0 0 0 0 0 0 0 0 0 0 0 0 0 0
0.552648 2.49059e-15 2.48997e-15 6.19585e-19 0.00024877 0.00044635 0 0 0 0 0 0 0 0 0 0 0 0 0 0 0 0 0 0 0 0 0 0 0 0 0 0 0 0 0 0 0 0 0 0 0 0 0 0 0 0 0 0 0 0 0 0 0 0 0 0 0 0 0 0 0 0 0 0 0 0 0 0 0 0 0 0 0 0 0 0 0 0 0 0 0 0 0 0 0 0 0 0
0.581015 2.36848e-15 2.36797e-15 5.07231e-19 0.000214159 0.000403698 0 0 0 0 0 0 0 0 0 0 0 0 0 0 0 0 0 0 0 0 0 0 0 0 0 0 0 0 0 0 0 0 0 0 0 0 0 0 0 0 0 0 0 0 0 0 0 0 0 0 0 0 0 0 0 0 0 0 0 0 0 0 0 0 0 0 0 0 0 0 0 0 0 0 0 0 0 0 0 0 0 0
0.610839 2.25227e-15 2.25185e-15 4.15327e-19 0.000184404 0.000365099 0 0 0 0 0 0 0 0 0 0 0 0 0 0 0 0 0 0 0 0 0 0 0 0 0 0 0 0 0 0 0 0 0 0 0 0 0 0 0 0 0 0 0 0 0 0 0 0 0 0 0 0 0 0 0 0 0 0 0 0 0 0 0 0 0 0 0 0 0 0 0 0 0 0 0 0 0 0 0 0 0 0
0.642193 2.14061e-15 2.14027e-15 3.40268e-19 0.000158958 0.000330168 0 0 0 0 0 0 0 0 0 0 0 0 0 0 0 0 0 0 0 0 0 0 0 0 0 0 0 0 0 0 0 0 0 0 0 0 0 0 0 0 0 0 0 0 0 0 0 0 0 0 0 0 0 0 0 0 0 0 0 0 0 0 0 0 0 0 0 0 0 0 0 0 0 0 0 0 0 0 0 0 0 0
0.675157 2.03491e-15 2.03463e-15 2.78761e-19 0.00013699 0.000298658 0 0 0 0 0 0 0 0 0 0 0 0 0 0 0 0 0 0 0 0 0 0 0 0 0 0 0 0 0 0 0 0 0 0 0 0 0 0 0 0 0 0 0 0 0 0 0 0 0 0 0 0 0 0 0 0 0 0 0 0 0 0 0 0 0 0 0 0 0 0 0 0 0 0 0 0 0 0 0 0 0 0
0.709813 1.93498e-15 1.93475e-15 2.28342e-19 0.000118007 0.000270168 0 0 0 0 0 0 0 0 0 0 0 0 0 0 0 0 0 0 0 0 0 0 0 0 0 0 0 0 0 0 0 0 0 0 0 0 0 0 0 0 0 0 0 0 0 0 0 0 0 0 0 0 0 0 0 0 0 0 0 0 0 0 0 0 0 0 0 0 0 0 0 0 0 0 0 0 0 0 0 0 0 0
0.746248 1.84023e-15 1.84005e-15 1.8707e-19 0.000101655 0.00024438 0 0 0 0 0 0 0 0 0 0 0 0 0 0 0 0 0 0 0 0 0 0 0 0 0 0 0 0 0 0 0 0 0 0 0 0 0 0 0 0 0 0 0 0 0 0 0 0 0 0 0 0 0 0 0 0 0 0 0 0 0 0 0 0 0 0 0 0 0 0 0 0 0 0 0 0 0 0 0 0 0 0
0.784553 1.75012e-15 1.74997e-15 1.53217e-19 8.75463e-05 0.000221038 0 0 0 0 0 0 0 0 0 0 0 0 0 0 0 0 0 0 0 0 0 0 0 0 0 0 0 0 0 0 0 0 0 0 0 0 0 0 0 0 0 0 0 0 0 0 0 0 0 0 0 0 0 0 0 0 0 0 0 0 0 0 0 0 0 0 0 0 0 0 0 0 0 0 0 0 0 0 0 0 0 0
0.824824 1.66461e-15 1.66448e-15 1.255e-19 7.5393e-05 0.000199975 0 0 0 0 0 0 0 0 0 0 0 0 0 0 0 0 0 0 0 0 0 0 0 0 0 0 0 0 0 0 0 0 0 0 0 0 0 0 0 0 0 0 0 0 0 0 0 0 0 0 0 0 0 0 0 0 0 0 0 0 0 0 0 0 0 0 0 0 0 0 0 0 0 0 0 0 0 0 0 0 0 0
0.867162 1.58293e-15 1.58283e-15 1.02789e-19 6.49358e-05 0.000180928 0 0 0 0 0 0 0 0 0 0 0 0 0 0 0 0 0 0 0 0 0 0 0 0 0 0 0 0 0 0 0 0 0 0 0 0 0 0 0 0 0 0 0 0 0 0 0 0 0 0 0 0 0 0 0 0 0 0 0 0 0 0 0 0 0 0 0 0 0 0 0 0 0 0 0 0 0 0 0 0 0 0
0.911674 1.50649e-15 1.50641e-15 8.41471e-20 5.58563e-05 0.000163688 0 0 0 0 0 0 0 0 0 0 0 0 0 0 0 0 0 0 0 0 0 0 0 0 0 0 0 0 0 0 0 0 0 0 0 0 0 0 0 0 0 0 0 0 0 0 0 0 0 0 0 0 0 0 0 0 0 0 0 0 0 0 0 0 0 0 0 0 0 0 0 0 0 0 0 0 0 0 0 0 0 0
0.95847 1.43476e-15 1.43469e-15 6.883e-20 4.79733e-05 0.000148085 0 0 0 0 0 0 0 0 0 0 0 0 0 0 0 0 0 0 0 0 0 0 0 0 0 0 0 0 0 0 0 0 0 0 0 0 0 0 0 0 0 0 0 0 0 0 0 0 0 0 0 0 0 0 0 0 0 0 0 0 0 0 0 0 0 0 0 0 0 0 0 0 0 0 0 0 0 0 0 0 0 0
1.00767 1.36669e-15 1.36663e-15 5.61633e-20 4.10944e-05 0.000133982 0 0 0 0 0 0 0 0 0 0 0 0 0 0 0 0 0 0 0 0 0 0 0 0 0 0 0 0 0 0 0 0 0 0 0 0 0 0 0 0 0 0 0 0 0 0 0 0 0 0 0 0 0 0 0 0 0 0 0 0 0 0 0 0 0 0 0 0 0 0 0 0 0 0 0 0 0 0 0 0 0 0
1.05939 1.33106e-15 1.33102e-15 4.58359e-20 3.44355e-05 0.000121228 0 0 0 0 0 0 0 0 0 0 0 0 0 0 0 0 0 0 0 0 0 0 0 0 0 0 0 0 0 0 0 0 0 0 0 0 0 0 0 0 0 0 0 0 0 0 0 0 0 0 0 0 0 0 0 0 0 0 0 0 0 0 0 0 0 0 0 0 0 0 0 0 0 0 0 0 0 0 0 0 0 0
1.11377 1.30121e-15 1.30117e-15 3.74626e-20 2.87907e-05 0.000109681 0 0 0 0 0 0 0 0 0 0 0 0 0 0 0 0 0 0 0 0 0 0 0 0 0 0 0 0 0 0 0 0 0 0 0 0 0 0 0 0 0 0 0 0 0 0 0 0 0 0 0 0 0 0 0 0 0 0 0 0 0 0 0 0 0 0 0 0 0 0 0 0 0 0 0 0 0 0 0 0 0 0
1.17094 1.27703e-15 1.277e-15 3.06809e-20 2.40252e-05 9.92248e-05 0 0 0 0 0 0 0 0 0 0 0 0 0 0 0 0 0 0 0 0 0 0 0 0 0 0 0 0 0 0 0 0 0 0 0 0 0 0 0 0 0 0 0 0 0 0 0 0 0 0 0 0 0 0 0 0 0 0 0 0 0 0 0 0 0 0 0 0 0 0 0 0 0 0 0 0 0 0 0 0 0 0
1.23105 1.25547e-15 1.25545e-15 2.51187e-20 2.00073e-05 8.97674e-05 0 0 0 0 0 0 0 0 0 0 0 0 0 0 0 0 0 0 0 0 0 0 0 0 0 0 0 0 0 0 0 0 0 0 0 0 0 0 0 0 0 0 0 0 0 0 0 0 0 0 0 0 0 0 0 0 0 0 0 0 0 0 0 0 0 0 0 0 0 0 0 0 0 0 0 0 0 0 0 0 0 0
1.29424 1.23203e-15 1.23201e-15 2.05754e-20 1.67005e-05 8.12142e-05 0 0 0 0 0 0 0 0 0 0 0 0 0 0 0 0 0 0 0 0 0 0 0 0 0 0 0 0 0 0 0 0 0 0 0 0 0 0 0 0 0 0 0 0 0 0 0 0 0 0 0 0 0 0 0 0 0 0 0 0 0 0 0 0 0 0 0 0 0 0 0 0 0 0 0 0 0 0 0 0 0 0
1.36067 1.20568e-15 1.20566e-15 1.69263e-20 1.40388e-05 7.34818e-05 0 0 0 0 0 0 0 0 0 0 0 0 0 0 0 0 0 0 0 0 0 0 0 0 0 0 0 0 0 0 0 0 0 0 0 0 0 0 0 0 0 0 0 0 0 0 0 0 0 0 0 0 0 0 0 0 0 0 0 0 0 0 0 0 0 0 0 0 0 0 0 0 0 0 0 0 0 0 0 0 0 0
1.43051 1.17747e-15 1.17745e-15 1.37725e-20 1.16967e-05 6.64711e-05 0 0 0 0 0 0 0 0 0 0 0 0 0 0 0 0 0 0 0 0 0 0 0 0 0 0 0 0 0 0 0 0 0 0 0 0 0 0 0 0 0 0 0 0 0 0 0 0 0 0 0 0 0 0 0 0 0 0 0 0 0 0 0 0 0 0 0 0 0 0 0 0 0 0 0 0 0 0 0 0 0 0
1.50394 1.14834e-15 1.14833e-15 1.12583e-20 9.80391e-06 6.01316e-05 0 0 0 0 0 0 0 0 0 0 0 0 0 0 0 0 0 0 0 0 0 0 0 0 0 0 0 0 0 0 0 0 0 0 0 0 0 0 0 0 0 0 0 0 0 0 0 0 0 0 0 0 0 0 0 0 0 0 0 0 0 0 0 0 0 0 0 0 0 0 0 0 0 0 0 0 0 0 0 0 0 0
1.58114 1.12028e-15 1.12027e-15 9.21225e-21 8.22316e-06 5.44042e-05 0 0 0 0 0 0 0 0 0 0 0 0 0 0 0 0 0 0 0 0 0 0 0 0 0 0 0 0 0 0 0 0 0 0 0 0 0 0 0 0 0 0 0 0 0 0 0 0 0 0 0 0 0 0 0 0 0 0 0 0 0 0 0 0 0 0 0 0 0 0 0 0 0 0 0 0 0 0 0 0 0 0
1.6623 1.09454e-15 1.09453e-15 7.53764e-21 6.8866e-06 4.92128e-05 0 0 0 0 0 0 0 0 0 0 0 0 0 0 0 0 0 0 0 0 0 0 0 0 0 0 0 0 0 0 0 0 0 0 0 0 0 0 0 0 0 0 0 0 0 0 0 0 0 0 0 0 0 0 0 0 0 0 0 0 0 0 0 0 0 0 0 0 0 0 0 0 0 0 0 0 0 0 0 0 0 0
1.74763 1.07283e-15 1.07283e-15 6.16666e-21 5.74802e-06 4.45137e-05 0 0 0 0 0 0 0 0 0 0 0 0 0 0 0 0 0 0 0 0 0 0 0 0 0 0 0 0 0 0 0 0 0 0 0 0 0 0 0 0 0 0 0 0 0 0 0 0 0 0 0 0 0 0 0 0 0 0 0 0 0 0 0 0 0 0 0 0 0 0 0 0 0 0 0 0 0 0 0 0 0 0
1.83733 1.05654e-15 1.05653e-15 5.04314e-21 4.77328e-06 4.0258e-05 0 0 0 0 0 0 0 0 0 0 0 0 0 0 0 0 0 0 0 0 0 0 0 0 0 0 0 0 0 0 0 0 0 0 0 0 0 0 0 0 0 0 0 0 0 0 0 0 0 0 0 0 0 0 0 0 0 0 0 0 0 0 0 0 0 0 0 0 0 0 0 0 0 0 0 0 0 0 0 0 0 0
1.93164 1.04658e-15 1.04657e-15 4.12259e-21 3.93911e-06 3.64138e-05 0 0 0 0 0 0 0 0 0 0 0 0 0 0 0 0 0 0 0 0 0 0 0 0 0 0 0 0 0 0 0 0 0 0 0 0 0 0 0 0 0 0 0 0 0 0 0 0 0 0 0 0 0 0 0 0 0 0 0 0 0 0 0 0 0 0 0 0 0 0 0 0 0 0 0 0 0 0 0 0 0 0
2.03079 1.0427e-15 1.0427e-15 3.37205e-21 3.23395e-06 3.29358e-05 0 0 0 0 0 0 0 0 0 0 0 0 0 0 0 0 0 0 0 0 0 0 0 0 0 0 0 0 0 0 0 0 0 0 0 0 0 0 0 0 0 0 0 0 0 0 0 0 0 0 0 0 0 0 0 0 0 0 0 0 0 0 0 0 0 0 0 0 0 0 0 0 0 0 0 0 0 0 0 0 0 0
2.13503 1.04359e-15 1.04358e-15 2.76073e-21 2.64542e-06 2.97843e-05 0 0 0 0 0 0 0 0 0 0 0 0 0 0 0 0 0 0 0 0 0 0 0 0 0 0 0 0 0 0 0 0 0 0 0 0 0 0 0 0 0 0 0 0 0 0 0 0 0 0 0 0 0 0 0 0 0 0 0 0 0 0 0 0 0 0 0 0 0 0 0 0 0 0 0 0 0 0 0 0 0 0
2.24463 1.04572e-15 1.04572e-15 2.26229e-21 2.16338e-06 2.69299e-05 0 0 0 0 0 0 0 0 0 0 0 0 0 0 0 0 0 0 0 0 0 0 0 0 0 0 0 0 0 0 0 0 0 0 0 0 0 0 0 0 0 0 0 0 0 0 0 0 0 0 0 0 0 0 0 0 0 0 0 0 0 0 0 1.4013e-45 0 1.4013e-45 0 1.4013e-45 0 1.4013e-45 0 1.4013e-45 0 1.4013e-45 0 1.4013e-45 0 1.4013e-45 0 1.4013e-45 0 1.4013e-45
2.35984 1.04813e-15 1.04813e-15 1.85494e-21 1.76976e-06 2.43516e-05 0 0 0 0 0 0 0 0 0 0 0 0 0 0 0 0 0 0 0 0 0 0 0 1.4013e-45 0 1.4013e-45 0 1.4013e-45 0 1.4013e-45 0 2.8026e-45 0 2.8026e-45 0 2.8026e-45 0 4.2039e-45 0 5.60519e-45 0 5.60519e-45 0 7.00649e-45 0 8.40779e-45 0 9.80909e-45 0 1.12104e-44 0 1.26117e-44 0 1.4013e-44 0 1.68156e-44 0 1.82169e-44 0 2.10195e-44 0 2.38221e-44 0 2.66247e-44 0 2.94273e-44 0 3.22299e-44 0 3.64338e-44 0 3.92364e-44 0 4.34403e-44 0 4.90454e-44 0 5.32493e-44 0 5.88545e-44 0 6.30584e-44
2.48097 1.05215e-15 1.05214e-15 1.52143e-21 1.44603e-06 2.20154e-05 0 0 0 0 0 0 0 1.4013e-45 0 1.4013e-45 0 2.8026e-45 0 5.60519e-45 0 8.40779e-45 0 1.12104e-44 0 1.54143e-44 0 2.24208e-44 0 2.94273e-44 0 3.78351e-44 0 4.90454e-44 0 6.02558e-44 0 7.56701e-44 0 9.24857e-44 0 1.12104e-43 0 1.33123e-43 0 1.58347e-43 0 1.87774e-43 0 2.20004e-43 0 2.55036e-43 0 2.94273e-43 0 3.37713e-43 0 3.85357e-43 0 4.40008e-43 0 4.98862e-43 0 5.61921e-43 0 6.31986e-43 0 7.06254e-43 0 7.88931e-43 0 8.77213e-43 0 9.72501e-43 0 1.0748e-42 0 1.1897e-42 0 1.30881e-42 0 1.43633e-42 0 1.57366e-42 0 1.71939e-42 0 1.87494e-42
2.60832 1.05801e-15 1.05801e-15 1.24867e-21 1.18021e-06 1.99009e-05 0 0 0 1.4013e-45 0 9.80909e-45 0 2.52234e-44 0 5.32493e-44 0 9.52883e-44 0 1.55544e-43 0 2.36819e-43 0 3.43318e-43 0 4.77843e-43 0 6.45999e-43 0 8.53391e-43 0 1.09862e-42 0 1.39009e-42 0 1.732e-42 0 2.13838e-42 0 2.59661e-42 0 3.12069e-42 0 3.71484e-42 0 4.38606e-42 0 5.15818e-42 0 6.00176e-42 0 6.94063e-42 0 7.97899e-42 0 9.12526e-42 0 1.0385e-41 0 1.17933e-41 0 1.33053e-41 0 1.49519e-41 0 1.67413e-41 0 1.86793e-41 0 2.07757e-41 0 2.30373e-41 0 2.54728e-41 0 2.80904e-41 0 3.09505e-41 0 3.39647e-41 0 3.71863e-41 0 4.06264e-41 0 4.42936e-41 0 4.81963e-41
2.74221 1.06706e-15 1.06706e-15 1.02564e-21 9.61176e-07 1.79877e-05 0 1.4013e-44 0 6.02558e-44 0 2.87266e-43 0 7.48293e-43 0 1.5092e-42 0 2.64145e-42 0 4.23613e-42 0 6.34788e-42 0 9.09583e-42 0 1.25206e-41 0 1.67259e-41 0 2.18757e-41 0 2.79489e-41 0 3.50913e-41 0 4.34024e-41 0 5.314e-41 0 6.41514e-41 0 7.66622e-41 0 9.07845e-41 0 1.06637e-40 0 1.2462e-40 0 1.44363e-40 0 1.66218e-40 0 1.90312e-40 0 2.16785e-40 0 2.45765e-40 0 2.77831e-40 0 3.12344e-40 0 3.49819e-40 0 3.90405e-40 0 4.34241e-40 0 4.81507e-40 0 5.32363e-40 0 5.86956e-40 0 6.45479e-40 0 7.08824e-40 0 7.75809e-40 0 8.47222e-40 0 9.23295e-40 0 1.0042e-39 0 1.09011e-39
2.88297 1.07946e-15 1.07946e-15 8.43807e-22 7.8169e-07 1.62552e-05 0 3.76949e-43 0 1.62971e-42 0 7.48994e-42 0 1.89666e-41 0 3.74469e-41 0 6.43981e-41 0 1.01559e-40 0 1.50169e-40 0 2.1236e-40 0 2.89215e-40 0 3.82674e-40 0 4.95488e-40 0 6.27919e-40 0 7.8253e-40 0 9.61211e-40 0 1.16802e-39 0 1.40152e-39 0 1.66534e-39 0 1.9616e-39 0 2.29255e-39 0 2.66399e-39 0 3.07195e-39 0 3.52161e-39 0 4.01538e-39 0 4.55583e-39 0 5.14532e-39 0 5.79188e-39 0 6.48844e-39 0 7.24229e-39 0 8.05614e-39 0 8.9325e-39 0 9.87463e-39 0 1.08854e-38 0 1.19674e-38 0 1.31242e-38 0 1.43674e-38 0 1.56838e-38 0 1.70839e-38 0 1.85717e-38 0 2.01502e-38 0 2.18226e-38
3.03095 1.09499e-15 1.09499e-15 6.96897e-22 6.3644e-07 1.46885e-05 0 8.96971e-42 0 3.802e-41 0 1.69659e-40 0 4.2024e-40 0 8.15053e-40 0 1.38035e-39 0 2.14587e-39 0 3.13498e-39 0 4.38235e-39 0 5.9097e-39 0 7.74943e-39 0 9.94377e-39 0 1.2505e-38 0 1.54734e-38 0 1.88809e-38 0 2.27852e-38 0 2.71802e-38 0 3.21184e-38 0 3.76354e-38 0 4.37681e-38 0 5.05935e-38 0 5.80795e-38 0 6.62959e-38 0 7.52824e-38 0 8.50808e-38 0 9.57294e-38 0 1.0733e-37 0 1.19819e-37 0 1.33291e-37 0 1.47789e-37 0 1.63354e-37 0 1.80038e-37 0 1.97885e-37 0 2.16938e-37 0 2.37254e-37 0 2.58968e-37 0 2.81959e-37 0 3.06353e-37 0 3.32211e-37 0 3.59582e-37 0 3.88515e-37
3.18653 1.1002e-15 1.1002e-15 5.76925e-22 5.24381e-07 1.32702e-05 0 1.83012e-40 0 7.60848e-40 0 3.31278e-39 0 8.05929e-39 0 1.54003e-38 0 2.57446e-38 0 3.95389e-38 0 5.71592e-38 0 7.9105e-38 0 1.05738e-37 0 1.37532e-37 0 1.75069e-37 0 2.18614e-37 0 2.6873e-37 0 3.25889e-37 0 3.90831e-37 0 4.63648e-37 0 5.4503e-37 0 6.35494e-37 0 7.35573e-37 0 8.46193e-37 0 9.67223e-37 0 1.09951e-36 0 1.24363e-36 0 1.40018e-36 0 1.5697e-36 0 1.75338e-36 0 1.95078e-36 0 2.16304e-36 0 2.39074e-36 0 2.63447e-36 0 2.89496e-36 0 3.17283e-36 0 3.46867e-36 0 3.78327e-36 0 4.1181e-36 0 4.47227e-36 0 4.84712e-36 0 5.24353e-36 0 5.66217e-36 0 6.10371e-36
3.35009 1.1281e-15 1.1281e-15 4.71702e-22 4.18137e-07 1.19855e-05 0 3.33243e-39 0 1.35595e-38 0 5.7741e-38 0 1.38335e-37 0 2.6103e-37 0 4.31564e-37 0 6.56032e-37 0 9.39814e-37 0 1.28949e-36 0 1.71033e-36 0 2.20867e-36 0 2.79186e-36 0 3.46428e-36 0 4.23314e-36 0 5.10476e-36 0 6.08799e-36 0 7.18575e-36 0 8.4064e-36 0 9.75677e-36 0 1.12438e-35 0 1.28781e-35 0 1.46608e-35 0 1.66015e-35 0 1.87078e-35 0 2.09874e-35 0 2.34473e-35 0 2.61006e-35 0 2.89456e-35 0 3.19951e-35 0 3.52567e-35 0 3.87375e-35 0 4.24473e-35 0 4.63935e-35 0 5.0584e-35 0 5.50286e-35 0 5.97424e-35 0 6.47206e-35 0 6.99771e-35 0 7.5523e-35 0 8.13666e-35 0 8.75162e-35
3.52205 1.12402e-15 1.12402e-15 4.10433e-22 3.65147e-07 1.08227e-05 0 5.22351e-38 0 2.06844e-37 0 8.60877e-37 0 2.03365e-36 0 3.7948e-36 0 6.21379e-36 0 9.36274e-36 0 1.33075e-35 0 1.81237e-35 0 2.38763e-35 0 3.06388e-35 0 3.84932e-35 0 4.74967e-35 0 5.77306e-35 0 6.92678e-35 0 8.22027e-35 0 9.65819e-35 0 1.12495e-34 0 1.30021e-34 0 1.49238e-34 0 1.70253e-34 0 1.93102e-34 0 2.17884e-34 0 2.44684e-34 0 2.73588e-34 0 3.04675e-34 0 3.38074e-34 0 3.73797e-34 0 4.11972e-34 0 4.52683e-34 0 4.9601e-34 0 5.42061e-34 0 5.90917e-34 0 6.42664e-34 0 6.97413e-34 0 7.55303e-34 0 8.16326e-34 0 8.80614e-34 0 9.48289e-34 0 1.01944e-33 0 1.09416e-33
3.70284 1.04926e-15 1.04926e-15 3.339e-22 3.18225e-07 9.77092e-06 0 6.89301e-37 0 2.63188e-36 0 1.06657e-35 0 2.48379e-35 0 4.5859e-35 0 7.44308e-35 0 1.1127e-34 0 1.57043e-34 0 2.12486e-34 0 2.78258e-34 0 3.55075e-34 0 4.43715e-34 0 5.44776e-34 0 6.59033e-34 0 7.87189e-34 0 9.30109e-34 0 1.08832e-33 0 1.26266e-33 0 1.45386e-33 0 1.6627e-33 0 1.89009e-33 0 2.13653e-33 0 2.40287e-33 0 2.68993e-33 0 2.99854e-33 0 3.32941e-33 0 3.68367e-33 0 4.06159e-33 0 4.46432e-33 0 4.89262e-33 0 5.34723e-33 0 5.82918e-33 0 6.3392e-33 0 6.87808e-33 0 7.44687e-33 0 8.04669e-33 0 8.67774e-33 0 9.3411e-33 0 1.00379e-32 0 1.0769e-32 0 1.15351e-32
3.89291 1.02793e-15 1.02793e-15 2.73602e-22 2.66169e-07 8.81782e-06 0 8.70225e-36 0 3.16587e-35 0 1.24081e-34 0 2.8436e-34 0 5.19287e-34 0 8.35521e-34 0 1.23976e-33 0 1.73834e-33 0 2.33802e-33 0 3.04504e-33 0 3.86597e-33 0 4.80784e-33 0 5.87639e-33 0 7.07861e-33 0 8.42092e-33 0 9.91089e-33 0 1.15539e-32 0 1.3357e-32 0 1.53273e-32 0 1.74713e-32 0 1.97971e-32 0 2.23097e-32 0 2.50166e-32 0 2.7925e-32 0 3.10421e-32 0 3.43745e-32 0 3.79316e-32 0 4.17167e-32 0 4.57394e-32 0 5.00067e-32 0 5.45248e-32 0 5.9303e-32 0 6.43476e-32 0 6.96654e-32 0 7.52657e-32 0 8.11575e-32 0 8.7344e-32 0 9.38337e-32 0 1.00637e-31 0 1.0776e-31 0 1.15211e-31
4.09273 1.01111e-15 1.01111e-15 2.2435e-22 2.21883e-07 7.95348e-06 0 1.01793e-34 0 3.48545e-34 0 1.30922e-33 0 2.94325e-33 0 5.30906e-33 0 8.46353e-33 0 1.24633e-32 0 1.73624e-32 0 2.32172e-32 0 3.00807e-32 0 3.80076e-32 0 4.70556e-32 0 5.72738e-32 0 6.87195e-32 0 8.14457e-32 0 9.55131e-32 0 1.10968e-31 0 1.27869e-31 0 1.46272e-31 0 1.66231e-31 0 1.87809e-31 0 2.11053e-31 0 2.36018e-31 0 2.62764e-31 0 2.91351e-31 0 3.21829e-31 0 3.54273e-31 0 3.88714e-31 0 4.25226e-31 0 4.63866e-31 0 5.04681e-31 0 5.47748e-31 0 5.93116e-31 0 6.40839e-31 0 6.90991e-31 0 7.4364e-31 0 7.98817e-31 0 8.56585e-31 0 9.17028e-31 0 9.80197e-31 0 1.04615e-30
4.30281 9.99047e-16 9.99047e-16 1.84042e-22 1.84218e-07 7.17025e-06 0 1.11218e-33 0 3.55096e-33 0 1.26566e-32 0 2.77916e-32 0 4.9409e-32 0 7.79478e-32 0 1.13842e-31 0 1.57508e-31 0 2.09373e-31 0 2.69843e-31 0 3.39333e-31 0 4.18273e-31 0 5.0704e-31 0 6.06065e-31 0 7.15742e-31 0 8.36519e-31 0 9.68758e-31 0 1.11288e-30 0 1.26931e-30 0 1.43844e-30 0 1.62074e-30 0 1.81655e-30 0 2.0263e-30 0 2.2504e-30 0 2.48931e-30 0 2.7434e-30 0 3.01319e-30 0 3.29893e-30 0 3.60116e-30 0 3.92029e-30 0 4.25667e-30 0 4.61084e-30 0 4.98318e-30 0 5.37405e-30 0 5.78401e-30 0 6.21353e-30 0 6.66286e-30 0 7.13243e-30 0 7.62286e-30 0 8.13451e-30 0 8.66778e-30
4.52368 9.91964e-16 9.91964e-16 1.51133e-22 1.52357e-07 6.4615e-06 0 1.13767e-32 0 3.37474e-32 0 1.13166e-31 0 2.41556e-31 0 4.22091e-31 0 6.57841e-31 0 9.51828e-31 0 1.30695e-30 0 1.72617e-30 0 2.2123e-30 0 2.76821e-30 0 3.39684e-30 0 4.1008e-30 0 4.88303e-30 0 5.74621e-30 0 6.6934e-30 0 7.72709e-30 0 8.85014e-30 0 1.00654e-29 0 1.13755e-29 0 1.27836e-29 0 1.42922e-29 0 1.59038e-29 0 1.76216e-29 0 1.94484e-29 0 2.13867e-29 0 2.344e-29 0 2.561e-29 0 2.79004e-29 0 3.03137e-29 0 3.28523e-29 0 3.552e-29 0 3.83189e-29 0 4.12518e-29 0 4.43222e-29 0 4.75332e-29 0 5.08865e-29 0 5.43848e-29 0 5.80324e-29 0 6.18315e-29 0 6.57848e-29
4.75588 9.88562e-16 9.88562e-16 1.24322e-22 1.2576e-07 5.8185e-06 0 1.08513e-31 0 2.99902e-31 0 9.41455e-31 0 1.94514e-30 0 3.331e-30 0 5.11848e-30 0 7.32668e-30 0 9.97398e-30 0 1.30789e-29 0 1.66595e-29 0 2.07335e-29 0 2.53194e-29 0 3.04337e-29 0 3.60946e-29 0 4.2319e-29 0 4.91256e-29 0 5.65303e-29 0 6.45506e-29 0 7.3204e-29 0 8.25075e-29 0 9.24796e-29 0 1.03136e-28 0 1.14493e-28 0 1.26569e-28 0 1.39382e-28 0 1.52946e-28 0 1.67285e-28 0 1.82406e-28 0 1.98335e-28 0 2.15085e-28 0 2.32671e-28 0 2.51116e-28 0 2.70434e-28 0 2.9064e-28 0 3.11757e-28 0 3.33802e-28 0 3.56787e-28 0 3.80727e-28 0 4.05649e-28 0 4.31565e-28 0 4.58492e-28
5 9.86108e-16 9.86108e-16 1.02468e-22 1.03912e-07 5.23384e-06 0 9.57458e-31 0 2.48474e-30 0 7.30046e-30 0 1.45592e-29 0 2.43746e-29 0 3.68578e-29 0 5.21182e-29 0 7.02614e-29 0 9.13936e-29 0 1.15618e-28 0 1.43036e-28 0 1.73754e-28 0 2.07865e-28 0 2.45474e-28 0 2.86676e-28 0 3.31578e-28 0 3.8027e-28 0 4.32852e-28 0 4.89421e-28 0 5.50075e-28 0 6.14917e-28 0 6.84038e-28 0 7.57526e-28 0 8.35485e-28 0 9.18018e-28 0 1.00521e-27 0 1.09717e-27 0 1.19398e-27 0 1.29574e-27 0 1.40255e-27 0 1.51449e-27 0 1.63168e-27 0 1.7542e-27 0 1.88214e-27 0 2.01562e-27 0 2.15474e-27 0 2.29956e-27 0 2.45017e-27 0 2.60671e-27 0 2.76926e-27 0 2.9379e-27
5.25665 9.82229e-16 9.82229e-16 8.45554e-23 8.60852e-08 4.70256e-06 0 7.75613e-30 0 1.90952e-29 0 5.27309e-29 0 1.01435e-28 0 1.65782e-28 0 2.46343e-28 0 3.43683e-28 0 4.58351e-28 0 5.90898e-28 0 7.41861e-28 0 9.11772e-28 0 1.10118e-27 0 1.31057e-27 0 1.54049e-27 0 1.79142e-27 0 2.06393e-27 0 2.35848e-27 0 2.67559e-27 0 3.01576e-27 0 3.37949e-27 0 3.76731e-27 0 4.17971e-27 0 4.61712e-27 0 5.08008e-27 0 5.56912e-27 0 6.08466e-27 0 6.62735e-27 0 7.19743e-27 0 7.79558e-27 0 8.42224e-27 0 9.07779e-27 0 9.76292e-27 0 1.0478e-26 0 1.12234e-26 0 1.19999e-26 0 1.28079e-26 0 1.36477e-26 0 1.45198e-26 1.4013e-45 1.54249e-26 1.4013e-45 1.63634e-26 2.8026e-45 1.73357e-26
5.52648 9.77018e-16 9.77018e-16 6.97675e-23 7.14086e-08 4.22167e-06 0 5.74758e-29 0 1.3565e-28 0 3.54612e-28 0 6.5893e-28 0 1.05116e-27 0 1.53391e-27 0 2.10983e-27 0 2.78148e-27 0 3.55146e-27 0 4.42231e-27 0 5.39656e-27 0 6.47679e-27 0 7.6653e-27 0 8.9647e-27 0 1.03773e-26 0 1.19057e-26 0 1.35522e-26 0 1.53191e-26 0 1.72089e-26 0 1.92239e-26 0 2.13667e-26 0 2.36395e-26 0 2.60444e-26 0 2.85838e-26 0 3.12605e-26 0 3.40761e-26 0 3.70339e-26 0 4.01349e-26 1.4013e-45 4.33824e-26 1.4013e-45 4.67784e-26 2.8026e-45 5.03247e-26 4.2039e-45 5.40245e-26 5.60519e-45 5.78795e-26 9.80909e-45 6.18917e-26 1.54143e-44 6.60642e-26 2.52234e-44 7.03995e-26 3.78351e-44 7.48986e-26 5.74532e-44 7.95636e-26 8.68805e-44 8.43982e-26 1.28919e-43 8.94042e-26 1.8357e-43 9.45833e-26
5.81015 9.69818e-16 9.69818e-16 5.75015e-23 5.9291e-08 3.78333e-06 0 3.88639e-28 0 8.8752e-28 0 2.21496e-27 0 3.9879e-27 0 6.21605e-27 0 8.91002e-27 0 1.20808e-26 0 1.57392e-26 0 1.98962e-26 0 2.45629e-26 0 2.97499e-26 0 3.54686e-26 0 4.17286e-26 0 4.85415e-26 0 5.59168e-26 0 6.38665e-26 0 7.23999e-26 0 8.15274e-26 0 9.12595e-26 0 1.01606e-25 0 1.12579e-25 1.4013e-45 1.24187e-25 1.4013e-45 1.3644e-25 2.8026e-45 1.49347e-25 5.60519e-45 1.62922e-25 1.12104e-44 1.7717e-25 2.10195e-44 1.92107e-25 3.64338e-44 2.07735e-25 6.30584e-44 2.24071e-25 1.079e-43 2.41122e-25 1.80768e-43 2.58895e-25 2.92871e-43 2.77406e-25 4.6383e-43 2.9666e-25 7.28675e-43 3.16667e-25 1.12244e-42 3.37441e-25 1.71939e-42 3.58991e-25 2.57699e-42 3.81321e-25 3.84937e-42 4.04442e-25 5.63182e-42 4.28369e-25 8.21021e-42 4.53108e-25 1.15341e-41 4.78669e-25
6.10839 9.61699e-16 9.61699e-16 4.72934e-23 4.91769e-08 3.3849e-06 0 2.40016e-27 0 5.34415e-27 0 1.28393e-26 0 2.24868e-26 0 3.43164e-26 0 4.83653e-26 0 6.46738e-26 0 8.32821e-26 0 1.04233e-25 0 1.27569e-25 0 1.53331e-25 0 1.81564e-25 0 2.12306e-25 0 2.45602e-25 0 2.8149e-25 0 3.20018e-25 1.4013e-45 3.61221e-25 2.8026e-45 4.05142e-25 5.60519e-45 4.51822e-25 1.4013e-44 5.01301e-25 2.94273e-44 5.53625e-25 6.02558e-44 6.08829e-25 1.23314e-43 6.6695e-25 2.38221e-43 7.2803e-25 4.41409e-43 7.92116e-25 8.08549e-43 8.59237e-25 1.41671e-42 9.2945e-25 2.46488e-42 1.00277e-24 4.1058e-42 1.07925e-24 6.8005e-42 1.15893e-24 1.1195e-41 1.24184e-24 1.76956e-41 1.32804e-24 2.73561e-41 1.41754e-24 4.2102e-41 1.51039e-24 6.3427e-41 1.60664e-24 9.51734e-41 1.70634e-24 1.399e-40 1.80949e-24 2.04917e-40 1.91613e-24 2.94247e-40 2.02634e-24 4.21184e-40 2.14012e-24 5.81963e-40 2.25753e-24
6.42193 9.52407e-16 9.52407e-16 3.87565e-23 4.06932e-08 3.02144e-06 0 1.35506e-26 0 2.95928e-26 0 6.89518e-26 0 1.17966e-25 0 1.76693e-25 0 2.45237e-25 0 3.23725e-25 0 4.12289e-25 0 5.11074e-25 0 6.20226e-25 0 7.39891e-25 0 8.70228e-25 1.4013e-45 1.01137e-24 2.8026e-45 1.16348e-24 9.80909e-45 1.32669e-24 2.8026e-44 1.50118e-24 7.28675e-44 1.68707e-24 1.80768e-43 1.88452e-24 4.23192e-43 2.09368e-24 9.31863e-43 2.31469e-24 1.95061e-42 2.54773e-24 3.883e-42 2.79291e-24 7.64268e-42 3.05038e-24 1.43493e-41 3.32028e-24 2.57447e-41 3.60279e-24 4.58183e-41 3.89801e-24 7.81014e-41 4.20616e-24 1.32235e-40 4.52728e-24 2.14877e-40 4.86159e-24 3.47194e-40 5.20921e-24 5.57874e-40 5.57023e-24 8.62299e-40 5.94489e-24 1.30498e-39 6.33328e-24 1.96658e-39 6.7355e-24 2.90398e-39 7.15178e-24 4.27201e-39 7.58227e-24 6.16265e-39 8.02701e-24 8.86006e-39 8.48612e-24 1.24996e-38 8.95986e-24 1.75813e-38 9.44833e-24 2.39122e-38 9.95164e-24
6.75157 9.45709e-16 9.45709e-16 3.15117e-23 3.33207e-08 2.68645e-06 0 7.03587e-26 0 1.5139e-25 0 3.44234e-25 0 5.77567e-25 0 8.51315e-25 0 1.16567e-24 0 1.52094e-24 0 1.91748e-24 0 2.35574e-24 1.4013e-45 2.83616e-24 4.2039e-45 3.35918e-24 1.82169e-44 3.92533e-24 6.86636e-44 4.535e-24 2.29813e-43 5.18875e-24 6.81031e-43 5.88699e-24 1.85112e-42 6.63034e-24 4.63409e-42 7.41919e-24 1.09483e-41 8.25405e-24 2.44779e-41 9.13542e-24 5.19377e-41 1.00638e-23 1.04828e-40 1.10397e-23 2.01706e-40 1.20637e-23 3.84144e-40 1.3136e-23 6.99387e-40 1.42573e-23 1.21943e-39 1.54282e-23 2.11004e-39 1.66489e-23 3.50431e-39 1.79202e-23 5.78264e-39 1.92423e-23 9.1765e-39 2.06158e-23 1.44839e-38 2.20413e-23 2.27401e-38 2.3519e-23 3.44097e-38 2.50497e-23 5.10317e-38 2.66337e-23 7.53794e-38 2.82713e-23 1.09212e-37 2.99634e-23 1.57661e-37 3.17105e-23 2.23403e-37 3.35126e-23 3.15544e-37 3.53702e-23 4.37748e-37 3.72841e-23 6.05543e-37 3.92548e-23 8.11319e-37 4.12825e-23
7.09813 9.30461e-16 9.30461e-16 2.56051e-23 2.75187e-08 2.37115e-06 0 3.32908e-25 0 7.08149e-25 0 1.57925e-24 0 2.60761e-24 0 3.79173e-24 0 5.13143e-24 0 6.62713e-24 1.4013e-45 8.27951e-24 1.12104e-44 1.00896e-23 6.5861e-44 1.20586e-23 3.1249e-43 1.41877e-23 1.24575e-42 1.64783e-23 4.28937e-42 1.89314e-23 1.34286e-41 2.15488e-23 3.77216e-41 2.43316e-23 9.7578e-41 2.72816e-23 2.33547e-40 3.03999e-23 5.29034e-40 3.36882e-23 1.13729e-39 3.71478e-23 2.32607e-39 4.07803e-23 4.53661e-39 4.45874e-23 8.45466e-39 4.85705e-23 1.56031e-38 5.27305e-23 2.75886e-38 5.70694e-23 4.68144e-38 6.1589e-23 7.88656e-38 6.629e-23 1.27774e-37 7.11753e-23 2.05753e-37 7.62444e-23 3.19231e-37 8.15004e-23 4.92762e-37 8.69442e-23 7.56797e-37 9.25766e-23 1.12224e-36 9.84005e-23 1.63263e-36 1.04416e-22 2.36607e-36 1.10626e-22 3.36654e-36 1.17031e-22 4.77367e-36 1.23633e-22 6.6501e-36 1.30433e-22 9.23585e-36 1.37432e-22 1.26095e-35 1.44632e-22 1.71688e-35 1.52035e-22 2.26769e-35 1.59642e-22
7.46248 9.18123e-16 9.18123e-16 2.02936e-23 2.21033e-08 2.06401e-06 0 1.45724e-24 0 3.07218e-24 0 6.74611e-24 0 1.09939e-23 0 1.58059e-23 0 2.11781e-23 9.80909e-45 2.71094e-23 1.05097e-43 3.35999e-23 7.37083e-43 4.06513e-23 4.02313e-42 4.82656e-23 1.77951e-41 5.64455e-23 6.6259e-41 6.51945e-23 2.1477e-40 7.45146e-23 6.35992e-40 8.44105e-23 1.69874e-39 9.48845e-23 4.19506e-39 1.05942e-22 9.62175e-39 1.17586e-22 2.09423e-38 1.2982e-22 4.33693e-38 1.42648e-22 8.56571e-38 1.56075e-22 1.61699e-37 1.70105e-22 2.92329e-37 1.84742e-22 5.23593e-37 1.99989e-22 9.00384e-37 2.1585e-22 1.4889e-36 2.32332e-22 2.4452e-36 2.49436e-22 3.86936e-36 2.6717e-22 6.08751e-36 2.85533e-22 9.24454e-36 3.04534e-22 1.39705e-35 3.24174e-22 2.10115e-35 3.44457e-22 3.05638e-35 3.65391e-22 4.36578e-35 3.86978e-22 6.21348e-35 4.09219e-22 8.68986e-35 4.32125e-22 1.21137e-34 4.55698e-22 1.66044e-34 4.79939e-22 2.26938e-34 5.0485e-22 3.0516e-34 5.30442e-22 4.09283e-34 5.56717e-22 5.33294e-34 5.83678e-22
7.84553 9.05284e-16 9.05284e-16 1.53603e-23 1.69674e-08 1.77126e-06 0 5.89828e-24 0 1.23473e-23 0 2.67786e-23 0 4.31745e-23 1.4013e-45 6.14881e-23 4.48416e-44 8.16952e-23 6.68419e-43 1.03783e-22 6.18393e-42 1.27745e-22 3.96708e-41 1.53579e-22 1.99382e-40 1.81286e-22 8.20062e-40 2.1087e-22 2.86374e-39 2.42338e-22 8.76445e-39 2.7569e-22 2.4614e-38 3.10938e-22 6.2665e-38 3.48085e-22 1.4807e-37 3.87146e-22 3.26124e-37 4.28124e-22 6.83378e-37 4.7103e-22 1.36579e-36 5.15872e-22 2.60935e-36 5.62662e-22 4.77534e-36 6.11412e-22 8.38711e-36 6.62129e-22 1.46008e-35 7.1482e-22 2.4452e-35 7.69498e-22 3.94537e-35 8.26179e-22 6.32438e-35 8.84864e-22 9.78612e-35 9.4558e-22 1.50592e-34 1.00832e-21 2.24073e-34 1.0731e-21 3.31864e-34 1.13993e-21 4.89273e-34 1.20882e-21 6.98805e-34 1.2798e-21 9.80955e-34 1.35285e-21 1.37227e-33 1.428e-21 1.88801e-33 1.50526e-21 2.58955e-33 1.58465e-21 3.4953e-33 1.66616e-21 4.70483e-33 1.7498e-21 6.23569e-33 1.83561e-21 8.24434e-33 1.92357e-21 1.06044e-32 2.01371e-21
8.24824 1.00911e-15 1.00911e-15 1.13009e-23 1.11988e-08 1.52238e-06 0 2.50547e-23 0 5.21534e-23 0 1.11978e-22 1.4013e-45 1.78956e-22 1.21913e-43 2.52867e-22 3.10668e-42 3.33587e-22 4.03196e-41 4.21041e-22 3.34895e-40 5.15176e-22 1.96197e-39 6.15966e-22 9.11337e-39 7.23393e-22 3.49826e-38 8.3745e-22 1.14927e-37 9.58144e-22 3.3304e-37 1.08546e-21 8.8932e-37 1.21943e-21 2.16315e-36 1.36004e-21 4.90113e-36 1.50734e-21 1.03865e-35 1.66131e-21 2.09923e-35 1.822e-21 4.05602e-35 1.98941e-21 7.50797e-35 2.16357e-21 1.33407e-34 2.34452e-21 2.27953e-34 2.53226e-21 3.86237e-34 2.72682e-21 6.30752e-34 2.92822e-21 9.9423e-34 3.13652e-21 1.55744e-33 3.3517e-21 2.35911e-33 3.57384e-21 3.55468e-33 3.80291e-21 5.18753e-33 4.03899e-21 7.53709e-33 4.28208e-21 1.09034e-32 4.53219e-21 1.53042e-32 4.7894e-21 2.11306e-32 5.05371e-21 2.90793e-32 5.32513e-21 3.93898e-32 5.60374e-21 5.31991e-32 5.88957e-21 7.07627e-32 6.1826e-21 9.38777e-32 6.48284e-21 1.22724e-31 6.7904e-21 1.60059e-31 7.10528e-21 2.03364e-31 7.4275e-21
8.67162 1.22564e-15 1.22564e-15 9.79947e-24 7.99541e-09 1.32489e-06 0 1.07996e-22 0 2.23774e-22 0 4.76531e-22 1.37327e-43 7.56031e-22 8.65722e-42 1.06128e-21 1.88269e-40 1.39169e-21 2.15607e-39 1.74688e-21 1.61498e-38 2.12655e-21 8.67888e-38 2.53054e-21 3.74013e-37 2.95871e-21 1.34443e-36 3.41096e-21 4.16762e-36 3.88725e-21 1.14657e-35 4.3875e-21 2.91834e-35 4.91173e-21 6.79698e-35 5.45989e-21 1.47973e-34 6.03206e-21 3.02294e-34 6.62819e-21 5.9034e-34 7.24833e-21 1.10453e-33 7.8925e-21 1.984e-33 8.56077e-21 3.42775e-33 9.2532e-21 5.70579e-33 9.96982e-21 9.422e-33 1.07106e-20 1.50227e-32 1.14757e-20 2.31594e-32 1.22652e-20 3.54924e-32 1.30791e-20 5.26825e-32 1.39176e-20 7.78083e-32 1.47804e-20 1.11473e-31 1.5668e-20 1.59035e-31 1.65803e-20 2.25956e-31 1.75173e-20 3.11947e-31 1.84792e-20 4.23977e-31 1.9466e-20 5.74438e-31 2.04777e-20 7.6667e-31 2.15146e-20 1.02037e-30 2.25768e-20 1.33847e-30 2.36641e-20 1.75135e-30 2.47765e-20 2.25974e-30 2.59145e-20 2.90922e-30 2.7078e-20 3.65336e-30 2.8267e-20
9.11674 1.68236e-15 1.68236e-15 1.16562e-23 6.9285e-09 1.13037e-06 0 4.9149e-22 0 1.01455e-21 2.94273e-44 2.14588e-21 1.08825e-41 3.3839e-21 5.6248e-40 4.72401e-21 1.05244e-38 6.16337e-21 1.06999e-37 7.70008e-21 7.26423e-37 9.33267e-21 3.59609e-36 1.10602e-20 1.44304e-35 1.28817e-20 4.87303e-35 1.47968e-20 1.42942e-34 1.6805e-20 3.74295e-34 1.89058e-20 9.10206e-34 2.1099e-20 2.03419e-33 2.33843e-20 4.26348e-33 2.57618e-20 8.4113e-33 2.82312e-20 1.5898e-32 3.07926e-20 2.88492e-32 3.34458e-20 5.03594e-32 3.61908e-20 8.47137e-32 3.9028e-20 1.37548e-31 4.19573e-20 2.21639e-31 4.49784e-20 3.4543e-31 4.80916e-20 5.21389e-31 5.12974e-20 7.82559e-31 5.45953e-20 1.13939e-30 5.79863e-20 1.65106e-30 6.14695e-20 2.32427e-30 6.50458e-20 3.25892e-30 6.87151e-20 4.55151e-30 7.24773e-20 6.18551e-30 7.63333e-20 8.28191e-30 8.02828e-20 1.10558e-29 8.43256e-20 1.45491e-29 8.84629e-20 1.90951e-29 9.26947e-20 2.47183e-29 9.70205e-20 3.19215e-29 1.0144e-19 4.06785e-29 1.05956e-19 5.17281e-29 1.10566e-19 6.42411e-29 1.15271e-19
9.5847 2.05069e-15 2.05069e-15 1.61674e-23 7.88391e-09 1.01162e-06 0 1.86132e-21 0 3.83014e-21 2.25889e-42 8.05525e-21 6.22891e-40 1.26379e-20 2.65554e-38 1.75606e-20 4.3066e-37 2.28124e-20 3.90971e-36 2.83858e-20 2.41735e-35 3.42747e-20 1.10679e-34 4.04752e-20 4.15001e-34 4.69837e-20 1.32059e-33 5.37975e-20 3.67544e-33 6.09148e-20 9.1823e-33 6.83329e-20 2.13813e-32 7.60512e-20 4.59448e-32 8.40675e-20 9.28789e-32 9.23822e-20 1.77259e-31 1.00993e-19 3.2478e-31 1.09901e-19 5.7246e-31 1.19104e-19 9.72476e-31 1.28602e-19 1.59486e-30 1.38395e-19 2.52899e-30 1.48484e-19 3.98129e-30 1.58866e-19 6.07195e-30 1.69543e-19 8.98254e-30 1.80515e-19 1.32174e-29 1.91781e-19 1.88945e-29 2.03343e-19 2.68881e-29 2.15199e-19 3.72247e-29 2.2735e-19 5.13394e-29 2.39797e-19 7.05424e-29 2.52537e-19 9.4442e-29 2.65575e-19 1.24661e-28 2.78909e-19 1.64085e-28 2.92538e-19 2.13054e-28 3.06464e-19 2.75938e-28 3.2069e-19 3.52724e-28 3.35211e-19 4.49859e-28 3.50029e-19 5.66523e-28 3.65146e-19 7.12006e-28 3.80563e-19 8.74937e-28 3.96278e-19
10.0767 1.98501e-15 1.98501e-15 1.77866e-23 8.96045e-09 9.60567e-07 0 5.26107e-21 4.2039e-45 1.07972e-20 1.10578e-40 2.2599e-20 2.31775e-38 3.53024e-20 8.22693e-37 4.88585e-20 1.16451e-35 6.32363e-20 9.49245e-35 7.84141e-20 5.36963e-34 9.43746e-20 2.2825e-33 1.11105e-19 8.02363e-33 1.28596e-19 2.41293e-32 1.46838e-19 6.38825e-32 1.65825e-19 1.52619e-31 1.85549e-19 3.41013e-31 2.06008e-19 7.05915e-31 2.27194e-19 1.37882e-30 2.49108e-19 2.54974e-30 2.71744e-19 4.53562e-30 2.95099e-19 7.77631e-30 3.19171e-19 1.28728e-29 3.43959e-19 2.06076e-29 3.69462e-19 3.19503e-29 3.95677e-19 4.91959e-29 4.22602e-19 7.34994e-29 4.50237e-19 1.06672e-28 4.78582e-19 1.54031e-28 5.07635e-19 2.16381e-28 5.37399e-19 3.02667e-28 5.67867e-19 4.12418e-28 5.99045e-19 5.59939e-28 6.30929e-19 7.57535e-28 6.63518e-19 9.99841e-28 6.96816e-19 1.302e-27 7.30821e-19 1.69091e-27 7.6553e-19 2.16773e-27 8.0095e-19 2.77231e-27 8.3708e-19 3.50155e-27 8.73915e-19 4.41309e-27 9.11454e-19 5.49535e-27 9.49706e-19 6.82991e-27 9.88667e-19 8.3088e-27 1.02834e-18
10.5939 1.69001e-15 1.69001e-15 1.57886e-23 9.3423e-09 9.44644e-07 0 1.23278e-20 2.71852e-43 2.52428e-20 3.88367e-39 5.26178e-20 6.2705e-37 8.18909e-20 1.86976e-35 1.1295e-19 2.32541e-34 1.45724e-19 1.71098e-33 1.8016e-19 8.89341e-33 2.16219e-19 3.5225e-32 2.5387e-19 1.16454e-31 2.93088e-19 3.3188e-31 3.33852e-19 8.37866e-31 3.76147e-19 1.91838e-30 4.19953e-19 4.12144e-30 4.65261e-19 8.23386e-30 5.12056e-19 1.55655e-29 5.60335e-19 2.79328e-29 6.10083e-19 4.83107e-29 6.61295e-19 8.06769e-29 7.13962e-19 1.30305e-28 7.68081e-19 2.03863e-28 8.23648e-19 3.09376e-28 8.80657e-19 4.66433e-28 9.39099e-19 6.83331e-28 9.98973e-19 9.73869e-28 1.06028e-18 1.38123e-27 1.12301e-18 1.90841e-27 1.18718e-18 2.62604e-27 1.25275e-18 3.52462e-27 1.31975e-18 4.71447e-27 1.38817e-18 6.28471e-27 1.458e-18 8.18331e-27 1.52926e-18 1.05199e-26 1.60192e-18 1.34889e-26 1.67599e-18 1.70842e-26 1.75148e-18 2.15882e-26 1.82839e-18 2.69576e-26 1.9067e-18 3.35938e-26 1.98642e-18 4.13867e-26 2.06755e-18 5.08944e-26 2.15009e-18 6.1325e-26 2.23405e-18
11.1377 1.41196e-15 1.41196e-15 1.32688e-23 9.39746e-09 9.67456e-07 0 2.67911e-20 1.22866e-41 5.47505e-20 1.10266e-37 1.13722e-19 1.38898e-35 1.76423e-19 3.50905e-34 2.42616e-19 3.85883e-33 3.12148e-19 2.57563e-32 3.8491e-19 1.23525e-31 4.60812e-19 4.57459e-31 5.39791e-19 1.4266e-30 6.21789e-19 3.86298e-30 7.06761e-19 9.32135e-30 7.94672e-19 2.04963e-29 8.85477e-19 4.24203e-29 9.79157e-19 8.19319e-29 1.07568e-18 1.50145e-28 1.17502e-18 2.61856e-28 1.27717e-18 4.40936e-28 1.3821e-18 7.18137e-28 1.4898e-18 1.13306e-27 1.60024e-18 1.73436e-27 1.71344e-18 2.57896e-27 1.82936e-18 3.81102e-27 1.94799e-18 5.48007e-27 2.06932e-18 7.67615e-27 2.19336e-18 1.07028e-26 2.32008e-18 1.45563e-26 2.44949e-18 1.97201e-26 2.58157e-18 2.60905e-26 2.71632e-18 3.4406e-26 2.85373e-18 4.52263e-26 2.99379e-18 5.81349e-26 3.13651e-18 7.38231e-26 3.28187e-18 9.35165e-26 3.42987e-18 1.17083e-25 3.58052e-18 1.4627e-25 3.73382e-18 1.8068e-25 3.88973e-18 2.22752e-25 4.04827e-18 2.71644e-25 4.20944e-18 3.30693e-25 4.37324e-18 3.94856e-25 4.53966e-18
11.7094 1.1339e-15 1.1339e-15 1.03756e-23 9.15035e-09 9.7325e-07 2.38221e-44 5.30324e-20 4.34913e-40 1.08191e-19 2.50262e-36 2.2403e-19 2.48946e-34 3.4658e-19 5.37185e-33 4.75385e-19 5.25473e-32 6.1015e-19 3.19688e-31 7.50661e-19 1.42022e-30 8.96748e-19 4.93391e-30 1.04828e-18 1.45554e-29 1.20515e-18 3.75425e-29 1.36727e-18 8.67763e-29 1.53456e-18 1.83607e-28 1.70693e-18 3.66746e-28 1.88435e-18 6.85942e-28 2.06675e-18 1.2204e-27 2.25409e-18 2.07138e-27 2.44633e-18 3.40034e-27 2.64342e-18 5.4077e-27 2.84533e-18 8.34426e-27 3.05204e-18 1.25097e-26 3.26352e-18 1.82449e-26 3.47973e-18 2.64519e-26 3.70065e-18 3.7368e-26 3.92625e-18 5.14887e-26 4.15654e-18 7.06348e-26 4.39146e-18 9.46345e-26 4.63105e-18 1.2632e-25 4.87522e-18 1.64857e-25 5.12402e-18 2.14484e-25 5.3774e-18 2.78197e-25 5.63533e-18 3.53244e-25 5.89785e-18 4.43368e-25 6.16492e-18 5.55196e-25 6.43651e-18 6.87523e-25 6.71265e-18 8.49626e-25 6.99334e-18 1.03873e-24 7.27851e-18 1.26758e-24 7.56817e-18 1.5309e-24 7.86234e-18 1.84587e-24 8.16101e-18 2.18502e-24 8.46416e-18
12.3105 9.10854e-16 9.10854e-16 7.73144e-24 8.48812e-09 9.68157e-07 1.12104e-42 9.97525e-20 1.26442e-38 2.03198e-19 4.76767e-35 4.19616e-19 3.78861e-33 6.47562e-19 7.03667e-32 8.8621e-19 6.15796e-31 1.13502e-18 3.43025e-30 1.3936e-18 1.41689e-29 1.66163e-18 4.63197e-29 1.93889e-18 1.29616e-28 2.22516e-18 3.19203e-28 2.52027e-18 7.08238e-28 2.82409e-18 1.4447e-27 3.13646e-18 2.78985e-27 3.45729e-18 5.06089e-27 3.78646e-18 8.75436e-27 4.12391e-18 1.44799e-26 4.46954e-18 2.32016e-26 4.82327e-18 3.6072e-26 5.18504e-18 5.4494e-26 5.5548e-18 8.00982e-26 5.93249e-18 1.14687e-25 6.31806e-18 1.63288e-25 6.71143e-18 2.26814e-25 7.11257e-18 3.0767e-25 7.52148e-18 4.15613e-25 7.93807e-18 5.4893e-25 8.36237e-18 7.22463e-25 8.79425e-18 9.30692e-25 9.23375e-18 1.1954e-24 9.68083e-18 1.53093e-24 1.01354e-17 1.92138e-24 1.05976e-17 2.38498e-24 1.10672e-17 2.95391e-24 1.15442e-17 3.61998e-24 1.20288e-17 4.42749e-24 1.25208e-17 5.3601e-24 1.30202e-17 6.47773e-24 1.35269e-17 7.7516e-24 1.4041e-17 9.26144e-24 1.45625e-17 1.08732e-23 1.50913e-17
12.9424 8.28229e-16 8.28229e-16 5.62247e-24 6.78855e-09 9.25945e-07 4.82439e-41 2.02252e-19 3.4499e-37 4.11438e-19 8.70175e-34 8.47602e-19 5.58478e-32 1.3052e-18 8.99375e-31 1.78261e-18 7.0797e-30 2.27879e-18 3.62649e-29 2.79295e-18 1.39772e-28 3.3245e-18 4.31254e-28 3.87294e-18 1.14765e-27 4.43788e-18 2.70461e-27 5.01898e-18 5.77191e-27 5.61596e-18 1.1371e-26 6.22852e-18 2.12643e-26 6.85647e-18 3.74687e-26 7.49957e-18 6.31025e-26 8.15769e-18 1.0184e-25 8.83063e-18 1.59468e-25 9.51824e-18 2.42643e-25 1.02204e-17 3.59251e-25 1.09369e-17 5.18209e-25 1.16678e-17 7.29096e-25 1.24129e-17 1.02031e-24 1.3172e-17 1.39471e-24 1.39452e-17 1.86394e-24 1.47322e-17 2.48118e-24 1.55331e-17 3.23287e-24 1.63478e-17 4.19819e-24 1.71761e-17 5.34173e-24 1.80181e-17 6.77767e-24 1.88736e-17 8.57588e-24 1.97425e-17 1.06444e-23 2.0625e-17 1.3074e-23 2.15208e-17 1.60245e-23 2.24299e-17 1.94438e-23 2.33523e-17 2.35485e-23 2.42881e-17 2.82439e-23 2.52369e-17 3.38189e-23 2.61989e-17 4.01163e-23 2.7174e-17 4.75154e-23 2.81622e-17 5.5349e-23 2.91635e-17
13.6067 8.03862e-16 8.03862e-16 4.37157e-24 5.43821e-09 8.42098e-07 1.81319e-39 4.17779e-19 8.40657e-36 8.48858e-19 1.44654e-32 1.74497e-18 7.57677e-31 2.68182e-18 1.06535e-29 3.65621e-18 7.58256e-29 4.66602e-18 3.58631e-28 5.70973e-18 1.29412e-27 6.78611e-18 3.77918e-27 7.8942e-18 9.58778e-27 9.03319e-18 2.1669e-26 1.02024e-17 4.45634e-26 1.14013e-17 8.49341e-26 1.26292e-17 1.54049e-25 1.38858e-17 2.64038e-25 1.51705e-17 4.33502e-25 1.64832e-17 6.83459e-25 1.78234e-17 1.04703e-24 1.91907e-17 1.56082e-24 2.0585e-17 2.26706e-24 2.2006e-17 3.2122e-24 2.34534e-17 4.44469e-24 2.4927e-17 6.11878e-24 2.64266e-17 8.23732e-24 2.79519e-17 1.08539e-23 2.9503e-17 1.42478e-23 3.10794e-17 1.83259e-23 3.26813e-17 2.34963e-23 3.43081e-17 2.95469e-23 3.59601e-17 3.70563e-23 3.76369e-17 4.63522e-23 3.93383e-17 5.69285e-23 4.10645e-17 6.92242e-23 4.28151e-17 8.40077e-23 4.459e-17 1.00975e-22 4.63894e-17 1.21153e-22 4.8213e-17 1.44026e-22 5.00606e-17 1.70945e-22 5.19321e-17 2.01093e-22 5.38276e-17 2.36223e-22 5.57469e-17 2.73125e-22 5.769e-17
14.3051 7.99706e-16 7.99706e-16 3.42979e-24 4.28881e-09 7.21774e-07 5.77193e-38 8.46105e-19 1.77214e-34 1.71728e-18 2.11948e-31 3.52335e-18 9.15056e-30 5.40556e-18 1.13085e-28 7.35771e-18 7.31333e-28 9.3757e-18 3.20626e-27 1.14565e-17 1.08671e-26 1.35978e-17 3.01171e-26 1.57976e-17 7.3012e-26 1.80544e-17 1.58571e-25 2.03669e-17 3.1483e-25 2.27339e-17 5.81438e-25 2.51542e-17 1.02437e-24 2.76272e-17 1.71016e-24 3.01517e-17 2.74062e-24 3.27273e-17 4.22588e-24 3.53531e-17 6.34045e-24 3.80287e-17 9.26934e-24 4.07533e-17 1.32204e-23 4.35265e-17 1.84159e-23 4.6348e-17 2.50811e-23 4.92172e-17 3.39932e-23 5.21334e-17 4.51034e-23 5.50965e-17 5.86354e-23 5.81063e-17 7.59543e-23 6.11621e-17 9.65012e-23 6.4264e-17 1.22235e-22 6.74111e-17 1.52002e-22 7.06037e-17 1.88538e-22 7.38412e-17 2.33271e-22 7.71231e-17 2.83637e-22 8.04498e-17 3.41621e-22 8.38206e-17 4.10678e-22 8.72352e-17 4.89211e-22 9.06938e-17 5.81773e-22 9.41963e-17 6.85794e-22 9.77418e-17 8.07189e-22 1.0133e-16 9.42045e-22 1.04962e-16 1.09795e-21 1.08637e-16 1.2605e-21 1.12354e-16
15.0394 8.38768e-16 8.38768e-16 2.76782e-24 3.29986e-09 6.11064e-07 1.61572e-36 1.73174e-18 3.35186e-33 3.51135e-18 2.83628e-30 7.19166e-18 1.0189e-28 1.10162e-17 1.11371e-27 1.49728e-17 6.57509e-27 1.90535e-17 2.68193e-26 2.32522e-17 8.56408e-26 2.75644e-17 2.25821e-25 3.19862e-17 5.24286e-25 3.65147e-17 1.09636e-24 4.1147e-17 2.10505e-24 4.58811e-17 3.77296e-24 5.07146e-17 6.46587e-24 5.56459e-17 1.05279e-23 6.06731e-17 1.64874e-23 6.57952e-17 2.48908e-23 7.10105e-17 3.66132e-23 7.63179e-17 5.2543e-23 8.17161e-17 7.36513e-23 8.72043e-17 1.00949e-22 9.27816e-17 1.35427e-22 9.8447e-17 1.80844e-22 1.04199e-16 2.3666e-22 1.10038e-16 3.03747e-22 1.15963e-16 3.88523e-22 1.21972e-16 4.87889e-22 1.28067e-16 6.10903e-22 1.34244e-16 7.51631e-22 1.40505e-16 9.22541e-22 1.46848e-16 1.12962e-21 1.53273e-16 1.36047e-21 1.5978e-16 1.62378e-21 1.66368e-16 1.93455e-21 1.73036e-16 2.28489e-21 1.79785e-16 2.69431e-21 1.86614e-16 3.15065e-21 1.93522e-16 3.67897e-21 2.00508e-16 4.26134e-21 2.07573e-16 4.92958e-21 2.14716e-16 5.62139e-21 2.21938e-16
15.8114 9.21648e-16 9.21648e-16 2.41336e-24 2.61853e-09 5.23993e-07 3.9873e-35 3.56651e-18 5.69709e-32 7.22513e-18 3.46885e-29 1.47745e-17 1.04623e-27 2.25994e-17 1.01756e-26 3.06759e-17 5.50856e-26 3.89881e-17 2.09785e-25 4.75244e-17 6.32978e-25 5.62754e-17 1.59189e-24 6.52338e-17 3.54697e-24 7.43935e-17 7.15484e-24 8.37491e-17 1.33069e-23 9.32963e-17 2.31805e-23 1.0303e-16 3.86942e-23 1.12948e-16 6.15209e-23 1.23046e-16 9.42592e-23 1.33322e-16 1.39468e-22 1.43773e-16 2.01323e-22 1.54396e-16 2.83863e-22 1.65189e-16 3.91394e-22 1.7615e-16 5.28264e-22 1.87277e-16 6.98594e-22 1.98569e-16 9.19794e-22 2.10023e-16 1.18798e-21 2.21638e-16 1.50627e-21 2.33413e-16 1.90366e-21 2.45345e-16 2.36409e-21 2.57435e-16 2.92784e-21 2.6968e-16 3.56602e-21 2.8208e-16 4.33332e-21 2.94633e-16 5.25381e-21 3.07337e-16 6.27029e-21 3.20193e-16 7.41948e-21 3.33199e-16 8.76423e-21 3.46354e-16 1.02676e-20 3.59657e-16 1.20104e-20 3.73109e-16 1.39377e-20 3.86707e-16 1.61521e-20 4.00449e-16 1.85753e-20 4.14337e-16 2.13358e-20 4.2837e-16 2.41746e-20 4.42546e-16
16.623 1.0138e-15 1.0138e-15 2.28724e-24 2.2561e-09 4.52994e-07 8.35927e-34 7.07604e-18 8.37729e-31 1.43231e-17 3.72979e-28 2.92465e-17 9.52562e-27 4.46782e-17 8.29069e-26 6.05727e-17 4.13293e-25 7.68997e-17 1.47448e-24 9.36373e-17 4.21539e-24 1.10768e-16 1.01346e-23 1.28277e-16 2.17152e-23 1.46153e-16 4.2328e-23 1.64387e-16 7.63743e-23 1.82969e-16 1.29487e-22 2.0189e-16 2.10806e-22 2.21146e-16 3.27663e-22 2.40728e-16 4.91679e-22 2.60633e-16 7.13717e-22 2.80854e-16 1.01195e-21 3.01387e-16 1.40311e-21 3.22228e-16 1.90452e-21 3.43371e-16 2.53316e-21 3.64816e-16 3.30454e-21 3.86557e-16 4.29283e-21 4.0859e-16 5.47565e-21 4.30913e-16 6.86274e-21 4.53524e-16 8.57469e-21 4.76418e-16 1.05366e-20 4.99597e-16 1.29136e-20 5.23053e-16 1.55777e-20 5.46787e-16 1.87503e-20 5.70796e-16 2.25205e-20 5.95077e-16 2.66466e-20 6.1963e-16 3.12722e-20 6.44451e-16 3.6641e-20 6.69539e-16 4.25957e-20 6.94893e-16 4.94458e-20 7.20512e-16 5.6965e-20 7.46392e-16 6.5542e-20 7.72531e-16 7.48619e-20 7.9893e-16 8.54077e-20 8.25587e-16 9.61829e-20 8.525e-16
17.4762 1.06815e-15 1.06815e-15 2.24325e-24 2.10013e-09 3.96073e-07 1.43596e-32 1.29642e-17 1.02697e-29 2.6222e-17 3.39489e-27 5.34721e-17 7.40166e-26 8.15895e-17 5.79625e-25 1.10495e-16 2.67148e-24 1.40135e-16 8.95702e-24 1.70471e-16 2.4327e-23 2.01472e-16 5.60348e-23 2.33114e-16 1.15679e-22 2.65376e-16 2.18256e-22 2.9824e-16 3.82624e-22 3.31691e-16 6.32201e-22 3.65715e-16 1.00503e-21 4.003e-16 1.52888e-21 4.35434e-16 2.24916e-21 4.71109e-16 3.206e-21 5.07315e-16 4.46882e-21 5.44044e-16 6.09811e-21 5.81287e-16 8.15474e-21 6.19039e-16 1.06965e-20 6.57293e-16 1.37737e-20 6.96043e-16 1.76659e-20 7.3528e-16 2.22673e-20 7.75002e-16 2.76021e-20 8.15204e-16 3.41146e-20 8.55879e-16 4.15005e-20 8.97027e-16 5.03603e-20 9.38636e-16 6.01959e-20 9.80709e-16 7.18027e-20 1.02324e-15 8.54722e-20 1.06622e-15 1.00305e-19 1.10965e-15 1.168e-19 1.15353e-15 1.35798e-19 1.19785e-15 1.56711e-19 1.24262e-15 1.80593e-19 1.28782e-15 2.06622e-19 1.33346e-15 2.36111e-19 1.37952e-15 2.6794e-19 1.42601e-15 3.03724e-19 1.47294e-15 3.40064e-19 1.52028e-15
18.3733 1.06437e-15 1.06437e-15 2.15869e-24 2.02815e-09 3.52902e-07 2.01098e-31 2.16951e-17 1.04342e-28 4.38511e-17 2.59851e-26 8.93128e-17 4.8739e-25 1.36129e-16 3.45187e-24 1.84171e-16 1.47659e-23 2.33356e-16 4.66679e-23 2.83622e-16 1.20714e-22 3.34919e-16 2.66952e-22 3.87208e-16 5.31938e-22 4.40455e-16 9.72996e-22 4.94632e-16 1.65964e-21 5.49716e-16 2.67577e-21 6.05681e-16 4.15856e-21 6.62512e-16 6.19784e-21 7.20187e-16 8.94754e-21 7.78695e-16 1.25352e-20 8.38018e-16 1.71917e-20 8.98143e-16 2.31062e-20 9.59058e-16 3.04636e-20 1.02075e-15 3.94329e-20 1.08322e-15 5.01543e-20 1.14644e-15 6.355e-20 1.21041e-15 7.92025e-20 1.27512e-15 9.71537e-20 1.34056e-15 1.18841e-19 1.40673e-15 1.43193e-19 1.47362e-15 1.7213e-19 1.54121e-15 2.03963e-19 1.60951e-15 2.41205e-19 1.67851e-15 2.84692e-19 1.74819e-15 3.31496e-19 1.81856e-15 3.83154e-19 1.88961e-15 4.42208e-19 1.96133e-15 5.06751e-19 2.03373e-15 5.79948e-19 2.10679e-15 6.5919e-19 2.18051e-15 7.48376e-19 2.25488e-15 8.44035e-19 2.3299e-15 9.5092e-19 2.40558e-15 1.05884e-18 2.48189e-15
19.3164 1.00281e-15 1.00281e-15 1.98705e-24 1.98148e-09 3.23957e-07 2.31199e-30 3.32086e-17 8.84055e-28 6.70798e-17 1.6817e-25 1.36471e-16 2.73363e-24 2.07798e-16 1.75958e-23 2.80876e-16 7.01125e-23 3.55582e-16 2.09486e-22 4.31826e-16 5.17299e-22 5.09534e-16 1.1005e-21 5.88649e-16 2.12031e-21 6.69123e-16 3.76569e-21 7.50914e-16 6.25783e-21 8.33988e-16 9.8567e-21 9.18308e-16 1.49926e-20 1.00385e-15 2.19136e-20 1.09058e-15 3.10735e-20 1.17849e-15 4.28221e-20 1.26755e-15 5.78306e-20 1.35773e-15 7.66123e-20 1.44903e-15 9.96529e-20 1.54142e-15 1.27378e-19 1.6349e-15 1.6012e-19 1.72944e-15 2.00555e-19 1.82503e-15 2.47279e-19 1.92165e-15 3.00314e-19 2.01931e-15 3.63756e-19 2.11798e-15 4.34325e-19 2.21766e-15 5.17422e-19 2.31832e-15 6.08054e-19 2.41998e-15 7.13216e-19 2.5226e-15 8.35018e-19 2.62619e-15 9.65097e-19 2.73074e-15 1.10763e-18 2.83624e-15 1.26943e-18 2.94267e-15 1.44507e-18 3.05005e-15 1.64294e-18 3.15835e-15 1.85579e-18 3.26757e-15 2.09386e-18 3.3777e-15 2.34767e-18 3.48874e-15 2.62961e-18 3.60067e-15 2.91271e-18 3.7135e-15
20.3079 9.14275e-16 9.14275e-16 1.73056e-24 1.89282e-09 3.07514e-07 2.24876e-29 4.7662e-17 6.43204e-27 9.62184e-17 9.46968e-25 1.9555e-16 1.34339e-23 2.97482e-16 7.89564e-23 4.01761e-16 2.94077e-22 5.08217e-16 8.32935e-22 6.16729e-16 1.96802e-21 7.27195e-16 4.03527e-21 8.39537e-16 7.52965e-21 9.53689e-16 1.30029e-20 1.06959e-15 2.10791e-20 1.1872e-15 3.24733e-20 1.30647e-15 4.83925e-20 1.42735e-15 6.94331e-20 1.54982e-15 9.67917e-20 1.67384e-15 1.31315e-19 1.79939e-15 1.74757e-19 1.92643e-15 2.28356e-19 2.05493e-15 2.93243e-19 2.18489e-15 3.70364e-19 2.31628e-15 4.60392e-19 2.44907e-15 5.7035e-19 2.58325e-15 6.96074e-19 2.71879e-15 8.37382e-19 2.85569e-15 1.00483e-18 2.99393e-15 1.18943e-18 3.13349e-15 1.40494e-18 3.27436e-15 1.63807e-18 3.41652e-15 1.90646e-18 3.55996e-15 2.21493e-18 3.70467e-15 2.54194e-18 3.85064e-15 2.8978e-18 3.99785e-15 3.29907e-18 4.1463e-15 3.73184e-18 4.29597e-15 4.21633e-18 4.44687e-15 4.73432e-18 4.59896e-15 5.31028e-18 4.75224e-15 5.92081e-18 4.90672e-15 6.59525e-18 5.06238e-15 7.26891e-18 5.2192e-15
21.3503 8.42037e-16 8.42037e-16 1.49203e-24 1.77193e-09 2.91066e-07 1.94445e-28 6.70597e-17 4.21958e-26 1.35304e-16 4.86862e-24 2.74723e-16 6.06783e-23 4.17572e-16 3.27088e-22 5.63508e-16 1.1425e-21 7.12307e-16 3.0756e-21 8.63801e-16 6.96816e-21 1.01786e-15 1.37954e-20 1.17437e-15 2.49695e-20 1.33325e-15 4.19849e-20 1.49442e-15 6.64751e-20 1.65782e-15 1.0027e-19 1.82338e-15 1.46543e-19 1.99105e-15 2.06584e-19 2.16078e-15 2.83351e-19 2.33254e-15 3.78734e-19 2.50628e-15 4.97042e-19 2.68196e-15 6.4106e-19 2.85955e-15 8.13226e-19 3.03902e-15 1.01545e-18 3.22035e-15 1.24895e-18 3.4035e-15 1.53115e-18 3.58844e-15 1.85058e-18 3.77516e-15 2.20627e-18 3.96364e-15 2.62399e-18 4.15384e-15 3.08057e-18 4.34577e-15 3.60926e-18 4.53937e-15 4.17675e-18 4.73465e-15 4.82522e-18 4.93159e-15 5.56504e-18 5.13016e-15 6.34387e-18 5.33036e-15 7.18587e-18 5.53217e-15 8.12928e-18 5.73556e-15 9.14051e-18 5.94054e-15 1.02658e-17 6.14709e-15 1.1462e-17 6.35519e-15 1.27845e-17 6.56481e-15 1.41789e-17 6.77598e-15 1.5711e-17 6.98866e-15 1.72338e-17 7.20284e-15
22.4463 7.67152e-16 7.67152e-16 1.28849e-24 1.67958e-09 2.7591e-07 1.47282e-27 9.071e-17 2.45781e-25 1.8293e-16 2.24907e-23 3.71097e-16 2.4782e-22 5.63617e-16 1.2304e-21 7.6005e-16 4.04313e-21 9.60104e-16 1.03704e-20 1.16357e-15 2.25756e-20 1.37026e-15 4.32289e-20 1.58006e-15 7.60097e-20 1.79283e-15 1.24604e-19 2.00849e-15 1.9291e-19 2.22696e-15 2.85201e-19 2.44813e-15 4.09165e-19 2.67197e-15 5.67219e-19 2.89838e-15 7.66088e-19 3.12734e-15 1.00957e-18 3.35878e-15 1.30747e-18 3.59266e-15 1.66548e-18 3.82893e-15 2.08838e-18 4.06755e-15 2.57958e-18 4.30849e-15 3.14084e-18 4.55172e-15 3.81241e-18 4.79718e-15 4.56532e-18 5.04486e-15 5.39626e-18 5.29473e-15 6.36387e-18 5.54676e-15 7.41291e-18 5.80093e-15 8.61821e-18 6.0572e-15 9.9024e-18 6.31556e-15 1.13595e-17 6.57598e-15 1.30103e-17 6.83843e-15 1.47365e-17 7.10291e-15 1.65912e-17 7.36939e-15 1.86567e-17 7.63784e-15 2.08577e-17 7.90826e-15 2.32931e-17 8.18064e-15 2.58676e-17 8.45493e-15 2.8699e-17 8.73112e-15 3.16685e-17 9.00922e-15 3.49152e-17 9.2892e-15 3.81267e-17 9.57104e-15
23.5984 6.82571e-16 6.82571e-16 1.08906e-24 1.59552e-09 2.6065e-07 9.7052e-27 1.16624e-16 1.26153e-24 2.35079e-16 9.25944e-23 4.765e-16 9.07481e-22 7.23181e-16 4.1665e-21 9.74582e-16 1.29186e-20 1.23035e-15 3.1646e-20 1.49021e-15 6.63239e-20 1.75396e-15 1.23035e-19 2.02143e-15 2.10454e-19 2.29248e-15 3.36776e-19 2.56699e-15 5.10382e-19 2.84485e-15 7.40289e-19 3.12596e-15 1.04351e-18 3.41026e-15 1.42371e-18 3.69764e-15 1.89486e-18 3.98805e-15 2.46367e-18 4.28143e-15 3.15061e-18 4.57772e-15 3.96618e-18 4.87686e-15 4.91862e-18 5.1788e-15 6.01318e-18 5.48352e-15 7.25148e-18 5.79094e-15 8.71909e-18 6.10103e-15 1.03496e-17 6.41376e-15 1.21338e-17 6.7291e-15 1.41948e-17 7.04699e-15 1.6412e-17 7.36744e-15 1.89406e-17 7.69037e-15 2.16159e-17 8.01579e-15 2.46309e-17 8.34365e-15 2.8024e-17 8.67392e-15 3.15498e-17 9.00659e-15 3.53155e-17 9.34163e-15 3.94853e-17 9.679e-15 4.39038e-17 1.00187e-14 4.87666e-17 1.03607e-14 5.38801e-17 1.0705e-14 5.94752e-17 1.10516e-14 6.53144e-17 1.14004e-14 7.16683e-17 1.17514e-14 7.79247e-17 1.21046e-14
24.8097 6.05981e-16 6.05981e-16 9.06411e-25 1.49578e-09 2.45972e-07 5.71662e-26 1.45805e-16 5.85898e-24 2.93772e-16 3.48675e-22 5.95024e-16 3.05687e-21 9.02465e-16 1.30284e-20 1.21545e-15 3.82245e-20 1.53355e-15 8.96289e-20 1.85646e-15 1.8118e-19 2.18393e-15 3.26112e-19 2.51574e-15 5.43391e-19 2.85174e-15 8.49819e-19 3.19178e-15 1.26202e-18 3.53573e-15 1.79757e-18 3.88347e-15 2.49173e-18 4.23492e-15 3.34842e-18 4.58996e-15 4.39474e-18 4.94855e-15 5.6412e-18 5.31058e-15 7.12802e-18 5.67599e-15 8.8729e-18 6.04471e-15 1.08886e-17 6.41669e-15 1.31818e-17 6.79188e-15 1.57516e-17 7.17023e-15 1.87699e-17 7.55167e-15 2.20942e-17 7.93616e-15 2.57028e-17 8.32368e-15 2.98391e-17 8.71415e-15 3.42563e-17 9.10758e-15 3.92587e-17 9.50389e-15 4.45156e-17 9.90307e-15 5.04024e-17 1.03051e-14 5.69855e-17 1.07099e-14 6.37849e-17 1.11174e-14 7.10062e-17 1.15277e-14 7.89585e-17 1.19407e-14 8.73408e-17 1.23564e-14 9.65184e-17 1.27748e-14 1.06121e-16 1.31957e-14 1.16577e-16 1.36193e-14 1.27439e-16 1.40454e-14 1.39204e-16 1.44742e-14 1.50739e-16 1.49054e-14
26.0832 5.39504e-16 5.39504e-16 7.50615e-25 1.39131e-09 2.32039e-07 3.04136e-25 1.78384e-16 2.48646e-23 3.5927e-16 1.2121e-21 7.27184e-16 9.55782e-21 1.10224e-15 3.79519e-20 1.48367e-15 1.05648e-19 1.871e-15 2.37628e-19 2.26384e-15 4.64125e-19 2.66192e-15 8.11762e-19 3.06498e-15 1.31932e-18 3.47284e-15 2.01874e-18 3.88532e-15 2.94059e-18 4.30229e-15 4.11675e-18 4.72359e-15 5.61624e-18 5.14912e-15 7.43906e-18 5.57877e-15 9.63486e-18 6.01245e-15 1.22177e-17 6.45006e-15 1.52625e-17 6.89153e-15 1.87967e-17 7.33677e-15 2.28374e-17 7.78573e-15 2.73902e-17 8.23834e-15 3.24467e-17 8.69453e-15 3.83345e-17 9.15425e-15 4.4766e-17 9.61743e-15 5.16944e-17 1.00841e-14 5.95777e-17 1.0554e-14 6.79378e-17 1.10274e-14 7.73422e-17 1.1504e-14 8.71623e-17 1.19838e-14 9.80921e-17 1.24669e-14 1.10241e-16 1.29531e-14 1.22718e-16 1.34425e-14 1.35898e-16 1.39349e-14 1.50336e-16 1.44304e-14 1.65479e-16 1.4929e-14 1.81977e-16 1.54305e-14 1.99158e-16 1.59351e-14 2.1778e-16 1.64425e-14 2.37037e-16 1.69529e-14 2.57806e-16 1.74662e-14 2.78085e-16 1.79823e-14
27.4221 4.81011e-16 4.81011e-16 6.20405e-25 1.2898e-09 2.19231e-07 1.46693e-24 2.13538e-16 9.67264e-23 4.29915e-16 3.9002e-21 8.69621e-16 2.7805e-20 1.31739e-15 1.03219e-19 1.77238e-15 2.73324e-19 2.234e-15 5.90915e-19 2.70184e-15 1.11704e-18 3.17556e-15 1.90111e-18 3.6549e-15 3.01738e-18 4.13962e-15 4.52212e-18 4.62953e-15 6.46727e-18 5.12448e-15 8.90649e-18 5.62428e-15 1.19677e-17 6.12882e-15 1.56359e-17 6.63797e-15 1.99971e-17 7.15164e-15 2.50655e-17 7.6697e-15 3.09738e-17 8.19207e-15 3.776e-17 8.71866e-15 4.54433e-17 9.24939e-15 5.40211e-17 9.78421e-15 6.34667e-17 1.0323e-14 7.43754e-17 1.08658e-14 8.61983e-17 1.14124e-14 9.88423e-17 1.19628e-14 1.13129e-16 1.2517e-14 1.28179e-16 1.30749e-14 1.45002e-16 1.36364e-14 1.62462e-16 1.42016e-14 1.81782e-16 1.47703e-14 2.03135e-16 1.53425e-14 2.24945e-16 1.59182e-14 2.47866e-16 1.64973e-14 2.72852e-16 1.70799e-14 2.98931e-16 1.76658e-14 3.27213e-16 1.8255e-14 3.56532e-16 1.88476e-14 3.8817e-16 1.94433e-14 4.2075e-16 2.00423e-14 4.55744e-16 2.06445e-14 4.89779e-16 2.12499e-14
28.8297 4.28935e-16 4.28935e-16 5.11213e-25 1.19182e-09 2.06288e-07 6.43755e-24 2.50096e-16 3.45971e-22 5.03347e-16 1.16464e-20 1.01756e-15 7.54362e-20 1.54072e-15 2.62665e-19 2.07186e-15 6.63244e-19 2.61033e-15 1.38093e-18 3.15567e-15 2.53054e-18 3.7075e-15 4.19641e-18 4.26552e-15 6.51186e-18 4.82947e-15 9.56838e-18 5.39913e-15 1.34472e-17 5.97433e-15 1.82319e-17 6.55487e-15 2.41475e-17 7.14061e-15 3.11397e-17 7.73141e-15 3.93497e-17 8.32716e-15 4.8782e-17 8.92773e-15 5.9661e-17 9.53303e-15 7.20323e-17 1.01429e-14 8.59088e-17 1.07574e-14 1.01266e-16 1.13763e-14 1.18041e-16 1.19996e-14 1.37262e-16 1.26272e-14 1.5794e-16 1.3259e-14 1.79901e-16 1.38949e-14 2.04552e-16 1.4535e-14 2.30355e-16 1.51791e-14 2.59023e-16 1.58272e-14 2.88606e-16 1.64792e-14 3.21162e-16 1.71352e-14 3.56946e-16 1.77949e-14 3.93306e-16 1.84584e-14 4.31334e-16 1.91257e-14 4.72594e-16 1.97966e-14 5.15462e-16 2.04712e-14 5.61745e-16 2.11494e-14 6.09519e-16 2.18312e-14 6.60859e-16 2.25165e-14 7.13512e-16 2.32054e-14 7.69846e-16 2.38977e-14 8.24435e-16 2.45934e-14
30.3095 3.82848e-16 3.82848e-16 4.20621e-25 1.09866e-09 1.94056e-07 2.58424e-23 2.87124e-16 1.14333e-21 5.77693e-16 3.24162e-20 1.16724e-15 1.91661e-19 1.76652e-15 6.27919e-19 2.37448e-15 1.51542e-18 2.9904e-15 3.04427e-18 3.61377e-15 5.41602e-18 4.24417e-15 8.76234e-18 4.88127e-15 1.33085e-17 5.52479e-15 1.91913e-17 6.17449e-15 2.65265e-17 6.83016e-15 3.54344e-17 7.4916e-15 4.62922e-17 8.15865e-15 5.89602e-17 8.83116e-15 7.36586e-17 9.509e-15 9.0362e-17 1.0192e-14 1.09433e-16 1.08802e-14 1.30915e-16 1.15732e-14 1.54797e-16 1.22712e-14 1.8101e-16 1.29739e-14 2.09421e-16 1.36814e-14 2.41736e-16 1.43934e-14 2.76253e-16 1.511e-14 3.12671e-16 1.58311e-14 3.53292e-16 1.65565e-14 3.95557e-16 1.72863e-14 4.42246e-16 1.80203e-14 4.90159e-16 1.87585e-14 5.42611e-16 1.95009e-14 5.99968e-16 2.02474e-14 6.57959e-16 2.09979e-14 7.18332e-16 2.17524e-14 7.83543e-16 2.25108e-14 8.51001e-16 2.32732e-14 9.23526e-16 2.40394e-14 9.98083e-16 2.48094e-14 1.07789e-15 2.55832e-14 1.15942e-15 2.63607e-14 1.24633e-15 2.71419e-14 1.33024e-15 2.79267e-14
31.8653 3.41739e-16 3.41739e-16 3.45493e-25 1.01099e-09 1.82552e-07 9.5234e-23 3.23208e-16 3.50166e-21 6.50113e-16 8.43226e-20 1.31293e-15 4.57125e-19 1.98617e-15 1.41332e-18 2.66866e-15 3.26731e-18 3.35966e-15 6.34378e-18 4.0586e-15 1.09731e-17 4.76503e-15 1.73408e-17 5.47858e-15 2.58057e-17 6.19897e-15 3.65534e-17 6.92591e-15 4.97326e-17 7.65919e-15 6.55009e-17 8.39858e-15 8.4462e-17 9.14394e-15 1.06312e-16 9.89506e-15 1.3138e-16 1.06518e-14 1.59572e-16 1.14141e-14 1.91452e-16 1.21817e-14 2.27039e-16 1.29546e-14 2.6627e-16 1.37326e-14 3.0899e-16 1.45157e-14 3.54952e-16 1.53037e-14 4.06862e-16 1.60966e-14 4.61938e-16 1.68943e-14 5.19683e-16 1.76966e-14 5.83706e-16 1.85036e-14 6.49941e-16 1.93151e-14 7.22707e-16 2.01311e-14 7.96994e-16 2.09515e-14 8.77912e-16 2.17763e-14 9.65961e-16 2.26054e-14 1.05457e-15 2.34387e-14 1.14641e-15 2.42762e-14 1.24518e-15 2.51177e-14 1.34694e-15 2.59634e-14 1.45591e-15 2.68132e-14 1.56749e-15 2.76669e-14 1.68648e-15 2.85245e-14 1.8076e-15 2.9386e-14 1.93625e-15 3.02514e-14 2.06006e-15 3.11206e-14
33.5009 3.05208e-16 3.05208e-16 2.83583e-25 9.29146e-10 1.70721e-07 3.23678e-22 3.57279e-16 9.9807e-21 7.18464e-16 2.05766e-19 1.45034e-15 1.02712e-18 2.19318e-15 3.00535e-18 2.94577e-15 6.66921e-18 3.70729e-15 1.25361e-17 4.47713e-15 2.11118e-17 5.25483e-15 3.26258e-17 6.03999e-15 4.7619e-17 6.83229e-15 6.63145e-17 7.63145e-15 8.88778e-17 8.43723e-15 1.15494e-16 9.24939e-15 1.4709e-16 1.00678e-14 1.83074e-16 1.08921e-14 2.23915e-16 1.17224e-14 2.69395e-16 1.25584e-14 3.20353e-16 1.33999e-14 3.76751e-16 1.42469e-14 4.38426e-16 1.50993e-14 5.05085e-16 1.59569e-14 5.763e-16 1.68196e-14 6.56195e-16 1.76874e-14 7.40418e-16 1.856e-14 8.28199e-16 1.94376e-14 9.24969e-16 2.03199e-14 1.02454e-15 2.1207e-14 1.13335e-15 2.20986e-14 1.24389e-15 2.29948e-14 1.36373e-15 2.38955e-14 1.49352e-15 2.48007e-14 1.62355e-15 2.57102e-14 1.75776e-15 2.6624e-14 1.90152e-15 2.7542e-14 2.04905e-15 2.84642e-14 2.20641e-15 2.93906e-14 2.36697e-15 3.03211e-14 2.53756e-15 3.12556e-14 2.71061e-15 3.21941e-14 2.89379e-15 3.31366e-14 3.06953e-15 3.4083e-14
35.2205 2.72669e-16 2.72669e-16 2.3255e-25 8.52865e-10 1.59303e-07 1.01842e-21 3.88146e-16 2.65627e-20 7.8036e-16 4.7241e-19 1.57467e-15 2.18011e-18 2.38037e-15 6.0532e-18 3.19617e-15 1.292e-17 4.0212e-15 2.35488e-17 4.85485e-15 3.86616e-17 5.69661e-15 5.84906e-17 6.54606e-15 8.38082e-17 7.40287e-15 1.1484e-16 8.26673e-15 1.51729e-16 9.13741e-15 1.94661e-16 1.00146e-14 2.45005e-16 1.08982e-14 3.01702e-16 1.1788e-14 3.65397e-16 1.26838e-14 4.35663e-16 1.35855e-14 5.13708e-16 1.44928e-14 5.99382e-16 1.54057e-14 6.92359e-16 1.63241e-14 7.92133e-16 1.72479e-14 8.98019e-16 1.81768e-14 1.01605e-15 1.91109e-14 1.13972e-15 2.005e-14 1.26789e-15 2.09941e-14 1.40842e-15 2.1943e-14 1.55226e-15 2.28967e-14 1.70868e-15 2.38551e-14 1.86684e-15 2.48181e-14 2.03752e-15 2.57857e-14 2.22155e-15 2.67578e-14 2.40513e-15 2.77342e-14 2.59388e-15 2.87151e-14 2.79528e-15 2.97002e-14 3.00117e-15 3.06896e-14 3.22001e-15 3.16832e-14 3.4425e-15 3.26808e-14 3.67809e-15 3.36826e-14 3.91628e-15 3.46884e-14 4.16761e-15 3.56981e-14 4.408e-15 3.67118e-14
37.0284 2.43838e-16 2.43838e-16 1.9056e-25 7.81502e-10 1.49047e-07 2.97963e-21 4.1511e-16 6.62762e-20 8.34406e-16 1.02417e-18 1.68315e-15 4.38635e-18 2.54356e-15 1.15866e-17 3.4143e-15 2.38318e-17 4.29448e-15 4.21828e-17 5.18345e-15 6.7598e-17 6.08067e-15 1.00222e-16 6.98573e-15 1.41103e-16 7.89826e-15 1.90398e-16 8.81796e-15 2.48159e-16 9.74456e-15 3.14528e-16 1.06778e-14 3.91452e-16 1.16175e-14 4.77164e-16 1.25634e-14 5.72522e-16 1.35154e-14 6.76781e-16 1.44733e-14 7.91626e-16 1.5437e-14 9.1672e-16 1.64063e-14 1.05149e-15 1.73811e-14 1.19514e-15 1.83612e-14 1.34662e-15 1.93466e-14 1.51446e-15 2.03372e-14 1.6893e-15 2.13328e-14 1.86951e-15 2.23333e-14 2.06609e-15 2.33387e-14 2.26631e-15 2.43489e-14 2.48303e-15 2.53638e-14 2.70115e-15 2.63833e-14 2.93555e-15 2.74073e-14 3.18721e-15 2.84358e-14 3.43724e-15 2.94687e-14 3.69333e-15 3.0506e-14 3.96559e-15 3.15475e-14 4.24294e-15 3.25933e-14 4.53671e-15 3.36432e-14 4.83438e-15 3.46972e-14 5.14856e-15 3.57552e-14 5.46521e-15 3.68172e-14 5.79831e-15 3.78832e-14 6.11599e-15 3.8953e-14
38.9291 2.18087e-16 2.18087e-16 1.56061e-25 7.15591e-10 1.3831e-07 8.12865e-21 4.3708e-16 1.55395e-19 8.78415e-16 2.10087e-18 1.77138e-15 8.38085e-18 2.67616e-15 2.11128e-17 3.59137e-15 4.19231e-17 4.51611e-15 7.21647e-17 5.44969e-15 1.13012e-16 6.39156e-15 1.64362e-16 7.34131e-15 2.27573e-16 8.29854e-15 3.02618e-16 9.26295e-15 3.89355e-16 1.02343e-14 4.87808e-16 1.12122e-14 6.00659e-16 1.21966e-14 7.25135e-16 1.31872e-14 8.62344e-16 1.41838e-14 1.01109e-15 1.51863e-14 1.17365e-15 1.61945e-14 1.34941e-15 1.72083e-14 1.53746e-15 1.82275e-14 1.73661e-15 1.92521e-14 1.94535e-15 2.02818e-14 2.17531e-15 2.13166e-14 2.41353e-15 2.23564e-14 2.65782e-15 2.34011e-14 2.92298e-15 2.44506e-14 3.19179e-15 2.55048e-14 3.48145e-15 2.65636e-14 3.77175e-15 2.76269e-14 4.08243e-15 2.86947e-14 4.41464e-15 2.97668e-14 4.74344e-15 3.08433e-14 5.079e-15 3.1924e-14 5.4345e-15 3.30089e-14 5.79543e-15 3.40979e-14 6.17647e-15 3.5191e-14 6.56133e-15 3.62881e-14 6.96629e-15 3.7389e-14 7.37323e-15 3.84939e-14 7.80006e-15 3.96027e-14 8.20601e-15 4.07152e-14
40.9273 1.95158e-16 1.95158e-16 1.27794e-25 6.54827e-10 1.28807e-07 2.07564e-20 4.53686e-16 3.43563e-19 9.11653e-16 4.09026e-18 1.83792e-15 1.52511e-17 2.77601e-15 3.67254e-17 3.72452e-15 7.0523e-17 4.68253e-15 1.18218e-16 5.64932e-15 1.81123e-16 6.62436e-15 2.58647e-16 7.6072e-15 3.52475e-16 8.59744e-15 4.62231e-16 9.59478e-15 5.87443e-16 1.05989e-14 7.27929e-16 1.16096e-14 8.8727e-16 1.26266e-14 1.06134e-15 1.36497e-14 1.25153e-15 1.46788e-14 1.45605e-15 1.57136e-14 1.67789e-15 1.67539e-14 1.91606e-15 1.77998e-14 2.16922e-15 1.88509e-14 2.43567e-15 1.99072e-14 2.71336e-15 2.09686e-14 3.0176e-15 2.20349e-14 3.33111e-15 2.31061e-14 3.65105e-15 2.4182e-14 3.9967e-15 2.52625e-14 4.34556e-15 2.63477e-14 4.71986e-15 2.74372e-14 5.09346e-15 2.85311e-14 5.49175e-15 2.96294e-14 5.91601e-15 3.07318e-14 6.33438e-15 3.18384e-14 6.75989e-15 3.29491e-14 7.20919e-15 3.40638e-14 7.66388e-15 3.51825e-14 8.14242e-15 3.6305e-14 8.62429e-15 3.74314e-14 9.12985e-15 3.85615e-14 9.63641e-15 3.96954e-14 1.01663e-14 4.08329e-14 1.06689e-14 4.1974e-14
43.0281 1.74716e-16 1.74716e-16 1.04577e-25 5.98557e-10 1.2214e-07 4.97662e-20 4.64612e-16 7.18259e-19 9.33491e-16 7.57709e-18 1.88151e-15 2.6494e-17 2.84125e-15 6.11194e-17 3.81129e-15 1.13686e-16 4.79068e-15 1.85827e-16 5.77872e-15 2.78837e-16 6.77484e-15 3.91318e-16 7.77859e-15 5.25276e-16 8.78959e-15 6.79783e-16 9.80751e-15 8.53874e-16 1.0832e-14 1.04706e-15 1.18629e-14 1.26398e-15 1.29e-14 1.49878e-15 1.39429e-14 1.7532e-15 1.49916e-14 2.02468e-15 1.60459e-14 2.31706e-15 1.71055e-14 2.62887e-15 1.81704e-14 2.95823e-15 1.92404e-14 3.30286e-15 2.03153e-14 3.66008e-15 2.13951e-14 4.0494e-15 2.24797e-14 4.44859e-15 2.35688e-14 4.85408e-15 2.46625e-14 5.29021e-15 2.57606e-14 5.72852e-15 2.68631e-14 6.1969e-15 2.79698e-14 6.66259e-15 2.90806e-14 7.15721e-15 3.01955e-14 7.68217e-15 3.13145e-14 8.19805e-15 3.24373e-14 8.72102e-15 3.3564e-14 9.27151e-15 3.46945e-14 9.82688e-15 3.58287e-14 1.04096e-14 3.69666e-14 1.09948e-14 3.81081e-14 1.1607e-14 3.92531e-14 1.22187e-14 4.04015e-14 1.2857e-14 4.15535e-14 1.34609e-14 4.27088e-14
45.2368 1.56526e-16 1.56526e-16 8.55642e-26 5.46646e-10 1.13752e-07 1.12416e-19 4.69948e-16 1.4242e-18 9.44114e-16 1.33917e-17 1.90256e-15 4.4049e-17 2.8725e-15 9.75536e-17 3.85251e-15 1.76041e-16 4.84165e-15 2.80928e-16 5.83919e-15 4.13268e-16 6.84458e-15 5.7046e-16 7.85735e-15 7.54815e-16 8.87712e-15 9.64619e-16 9.90355e-15 1.19824e-15 1.09363e-14 1.45478e-15 1.19752e-14 1.7401e-15 1.302e-14 2.04626e-15 1.40705e-14 2.37535e-15 1.51264e-14 2.72396e-15 1.61875e-14 3.09685e-15 1.72539e-14 3.49201e-15 1.83251e-14 3.90694e-15 1.94012e-14 4.33868e-15 2.04821e-14 4.78389e-15 2.15675e-14 5.26669e-15 2.26573e-14 5.75938e-15 2.37515e-14 6.25764e-15 2.48499e-14 6.79129e-15 2.59525e-14 7.32545e-15 2.70592e-14 7.89405e-15 2.81698e-14 8.45731e-15 2.92843e-14 9.05347e-15 3.04026e-14 9.68399e-15 3.15246e-14 1.03016e-14 3.26502e-14 1.09257e-14 3.37794e-14 1.15807e-14 3.49121e-14 1.22395e-14 3.60483e-14 1.2929e-14 3.71879e-14 1.36193e-14 3.83307e-14 1.43397e-14 3.94768e-14 1.50577e-14 4.06261e-14 1.58048e-14 4.17786e-14 1.65102e-14 4.29341e-14
47.5588 1.4038e-16 1.4038e-16 7.0001e-26 4.98655e-10 1.05952e-07 2.40033e-19 4.70051e-16 2.68641e-18 9.44241e-16 2.26422e-17 1.9025e-15 7.02704e-17 2.87195e-15 1.497e-16 3.85116e-15 2.62466e-16 4.83917e-15 4.09396e-16 5.83528e-15 5.91013e-16 6.83892e-15 8.03074e-16 7.84962e-15 1.04817e-15 8.867e-15 1.32357e-15 9.89071e-15 1.62681e-15 1.09205e-14 1.95649e-15 1.1956e-14 2.31983e-15 1.29971e-14 2.70649e-15 1.40435e-14 3.11897e-15 1.50951e-14 3.55288e-15 1.61516e-14 4.01403e-15 1.72129e-14 4.49976e-15 1.82788e-14 5.00691e-15 1.93493e-14 5.53183e-15 2.04241e-14 6.07045e-15 2.15032e-14 6.65179e-15 2.25864e-14 7.24238e-15 2.36736e-14 7.83712e-15 2.47647e-14 8.47156e-15 2.58597e-14 9.10416e-15 2.69584e-14 9.77508e-15 2.80607e-14 1.04374e-14 2.91665e-14 1.1136e-14 3.02758e-14 1.18725e-14 3.13886e-14 1.25916e-14 3.25046e-14 1.33161e-14 3.36239e-14 1.40744e-14 3.47463e-14 1.4835e-14 3.58719e-14 1.56288e-14 3.70005e-14 1.64215e-14 3.81321e-14 1.72467e-14 3.92666e-14 1.8067e-14 4.0404e-14 1.89188e-14 4.15442e-14 1.9721e-14 4.26872e-14
50 1.25839e-16 1.25839e-16 5.72501e-26 4.54947e-10 9.62225e-08 4.85071e-19 4.64559e-16 4.82498e-18 9.33147e-16 3.66473e-17 1.87989e-15 1.07618e-16 2.83741e-15 2.2095e-16 3.80429e-15 3.76913e-16 4.77957e-15 5.75289e-16 5.76255e-15 8.15744e-16 6.75267e-15 1.09197e-15 7.74945e-15 1.40683e-15 8.75251e-15 1.75634e-15 9.76152e-15 2.13711e-15 1.07762e-14 2.54713e-15 1.17962e-14 2.99516e-15 1.28214e-14 3.46818e-15 1.38516e-14 3.96917e-15 1.48865e-14 4.49269e-15 1.59259e-14 5.04567e-15 1.69698e-14 5.62479e-15 1.80179e-14 6.22618e-15 1.90702e-14 6.84553e-15 2.01264e-14 7.47806e-15 2.11865e-14 8.15771e-15 2.22503e-14 8.84519e-15 2.33178e-14 9.53475e-15 2.43888e-14 1.02675e-14 2.54632e-14 1.09955e-14 2.6541e-14 1.17649e-14 2.76221e-14 1.25219e-14 2.87063e-14 1.33179e-14 2.97936e-14 1.41543e-14 3.08839e-14 1.49686e-14 3.19772e-14 1.57868e-14 3.30733e-14 1.66407e-14 3.41723e-14 1.7495e-14 3.5274e-14 1.83842e-14 3.63784e-14 1.92702e-14 3.74854e-14 2.019e-14 3.85949e-14 2.11025e-14 3.9707e-14 2.20477e-14 4.08215e-14 2.29361e-14 4.19385e-14
52.5665 1.12901e-16 1.12901e-16 4.68223e-26 4.14721e-10 9.01384e-08 9.3147e-19 4.54606e-16 8.28224e-18 9.13107e-16 5.69773e-17 1.8393e-15 1.58745e-16 2.77579e-15 3.14673e-16 3.72117e-15 5.22975e-16 4.67449e-15 7.81916e-16 5.63504e-15 1.08999e-15 6.60227e-15 1.43846e-15 7.57571e-15 1.83044e-15 8.55499e-15 2.26057e-15 9.53977e-15 2.72442e-15 1.05297e-14 3.21943e-15 1.15247e-14 3.75588e-15 1.25243e-14 4.31801e-15 1.35285e-14 4.90932e-15 1.45369e-14 5.52334e-15 1.55495e-14 6.16812e-15 1.65661e-14 6.83969e-15 1.75865e-14 7.53354e-15 1.86106e-14 8.24468e-15 1.96382e-14 8.96772e-15 2.06693e-14 9.7413e-15 2.17037e-14 1.05206e-14 2.27413e-14 1.12993e-14 2.37821e-14 1.21238e-14 2.48258e-14 1.29401e-14 2.58726e-14 1.37999e-14 2.69221e-14 1.46432e-14 2.79744e-14 1.55272e-14 2.90294e-14 1.64535e-14 3.0087e-14 1.73525e-14 3.11472e-14 1.82536e-14 3.22098e-14 1.91915e-14 3.32749e-14 2.01275e-14 3.43423e-14 2.10995e-14 3.5412e-14 2.20655e-14 3.64839e-14 2.30663e-14 3.7558e-14 2.40568e-14 3.86342e-14 2.50807e-14 3.97125e-14 2.6041e-14 4.07928e-14
55.2648 1.0136e-16 1.0136e-16 3.82868e-26 3.77732e-10 8.3309e-08 1.70363e-18 4.40709e-16 1.36151e-17 8.85158e-16 8.5248e-17 1.78282e-15 2.25921e-16 2.69022e-15 4.33118e-16 3.60598e-15 7.02194e-16 4.52916e-15 1.02946e-15 5.45906e-15 1.41198e-15 6.39512e-15 1.83831e-15 7.3369e-15 2.31189e-15 8.28401e-15 2.8259e-15 9.23613e-15 3.37486e-15 1.0193e-14 3.95567e-15 1.11543e-14 4.58021e-15 1.21198e-14 5.23e-15 1.30893e-14 5.90905e-15 1.40627e-14 6.60998e-15 1.50398e-14 7.34194e-15 1.60203e-14 8.10035e-15 1.70043e-14 8.8801e-15 1.79914e-14 9.67565e-15 1.89817e-14 1.04811e-14 1.9975e-14 1.13393e-14 2.09711e-14 1.22006e-14 2.197e-14 1.3058e-14 2.29716e-14 1.39628e-14 2.39757e-14 1.48556e-14 2.49824e-14 1.5793e-14 2.59915e-14 1.67097e-14 2.70029e-14 1.76679e-14 2.80166e-14 1.86689e-14 2.90324e-14 1.9638e-14 3.00504e-14 2.06068e-14 3.10704e-14 2.16127e-14 3.20925e-14 2.26142e-14 3.31165e-14 2.36517e-14 3.41423e-14 2.46807e-14 3.517e-14 2.57443e-14 3.61994e-14 2.67948e-14 3.72306e-14 2.78784e-14 3.82635e-14 2.88929e-14 3.9298e-14
58.1015 9.10083e-17 9.10083e-17 3.13112e-26 3.44048e-10 7.79705e-08 2.97327e-18 4.23288e-16 2.14689e-17 8.50141e-16 1.22907e-16 1.71212e-15 3.10586e-16 2.58324e-15 5.7681e-16 3.46212e-15 9.13351e-16 4.34784e-15 1.31425e-15 5.23972e-15 1.775e-15 6.1372e-15 2.28137e-15 7.03985e-15 2.83716e-15 7.94729e-15 3.43413e-15 8.85921e-15 4.06585e-15 9.77531e-15 4.72879e-15 1.06953e-14 5.43636e-15 1.16191e-14 6.16753e-15 1.25464e-14 6.92692e-15 1.3477e-14 7.70631e-15 1.44108e-14 8.51591e-15 1.53476e-14 9.35062e-15 1.62873e-14 1.02049e-14 1.72297e-14 1.10726e-14 1.81747e-14 1.19477e-14 1.91223e-14 1.28765e-14 2.00723e-14 1.3805e-14 2.10246e-14 1.47264e-14 2.19791e-14 1.56953e-14 2.29357e-14 1.66484e-14 2.38944e-14 1.76463e-14 2.4855e-14 1.86192e-14 2.58175e-14 1.96334e-14 2.67819e-14 2.06901e-14 2.7748e-14 2.17105e-14 2.87158e-14 2.2728e-14 2.96852e-14 2.37821e-14 3.06562e-14 2.48293e-14 3.16288e-14 2.59117e-14 3.26028e-14 2.69829e-14 3.35782e-14 2.80878e-14 3.45549e-14 2.9177e-14 3.5533e-14 3.02984e-14 3.65124e-14 3.13462e-14 3.7493e-14
61.0839 8.17877e-17 8.17877e-17 2.56027e-26 3.13038e-10 6.96496e-08 4.96689e-18 4.0337e-16 3.25642e-17 8.10114e-16 1.71202e-16 1.63135e-15 4.13485e-16 2.46107e-15 7.45049e-16 3.29791e-15 1.15357e-15 4.14097e-15 1.63068e-15 4.98958e-15 2.17029e-15 5.84322e-15 2.75546e-15 6.70144e-15 3.39048e-15 7.56388e-15 4.0658e-15 8.43024e-15 4.77421e-15 9.30023e-15 5.51187e-15 1.01736e-14 6.29363e-15 1.10502e-14 7.09626e-15 1.19298e-14 7.92497e-15 1.28121e-14 8.7709e-15 1.36972e-14 9.64522e-15 1.45847e-14 1.05424e-14 1.54746e-14 1.14565e-14 1.63668e-14 1.23814e-14 1.72611e-14 1.33103e-14 1.81575e-14 1.42928e-14 1.90557e-14 1.52715e-14 1.99559e-14 1.62395e-14 2.08577e-14 1.72543e-14 2.17613e-14 1.82495e-14 2.26664e-14 1.92885e-14 2.3573e-14 2.02987e-14 2.44811e-14 2.13492e-14 2.53906e-14 2.24408e-14 2.63014e-14 2.34923e-14 2.72135e-14 2.45385e-14 2.81268e-14 2.56199e-14 2.90412e-14 2.66918e-14 2.99567e-14 2.77976e-14 3.08733e-14 2.88896e-14 3.17909e-14 3.00138e-14 3.27095e-14 3.112e-14 3.3629e-14 3.22566e-14 3.45493e-14 3.3317e-14 3.54706e-14
64.2193 7.35166e-17 7.35166e-17 2.0936e-26 2.84779e-10 6.52406e-08 7.95377e-18 3.81334e-16 4.75726e-17 7.65836e-16 2.3064e-16 1.54203e-15 5.33567e-16 2.32598e-15 9.34177e-16 3.11638e-15 1.41586e-15 3.91236e-15 1.96792e-15 4.71324e-15 2.58283e-15 5.51854e-15 3.24125e-15 6.32781e-15 3.94805e-15 7.14072e-15 4.69264e-15 7.95695e-15 5.46725e-15 8.77626e-15 6.26789e-15 9.5984e-15 7.11071e-15 1.04232e-14 7.97074e-15 1.12504e-14 8.85372e-15 1.20799e-14 9.75043e-15 1.29116e-14 1.06728e-14 1.37452e-14 1.16151e-14 1.45808e-14 1.25711e-14 1.5418e-14 1.35346e-14 1.6257e-14 1.44989e-14 1.70974e-14 1.5515e-14 1.79394e-14 1.65241e-14 1.87827e-14 1.75188e-14 1.96273e-14 1.85587e-14 2.04731e-14 1.95756e-14 2.13201e-14 2.06343e-14 2.21681e-14 2.1661e-14 2.30172e-14 2.2726e-14 2.38672e-14 2.38301e-14 2.47181e-14 2.48911e-14 2.55699e-14 2.59444e-14 2.64224e-14 2.70309e-14 2.72757e-14 2.81057e-14 2.81297e-14 2.92122e-14 2.89844e-14 3.03029e-14 2.98397e-14 3.14236e-14 3.06955e-14 3.25243e-14 3.15519e-14 3.36535e-14 3.24088e-14 3.4705e-14 3.32662e-14
67.5157 6.61292e-17 6.61292e-17 1.71177e-26 2.58853e-10 6.05534e-08 1.22411e-17 3.58011e-16 6.70931e-17 7.1897e-16 3.01151e-16 1.44748e-15 6.68737e-16 2.18301e-15 1.13926e-15 2.92428e-15 1.69199e-15 3.67045e-15 2.31422e-15 4.42087e-15 2.99729e-15 5.17507e-15 3.71992e-15 5.93263e-15 4.4877e-15 6.69321e-15 5.28928e-15 7.45655e-15 6.11662e-15 8.22237e-15 6.96576e-15 8.99048e-15 7.85394e-15 9.76067e-15 8.75497e-15 1.05328e-14 9.67513e-15 1.13066e-14 1.0605e-14 1.20821e-14 1.15572e-14 1.28591e-14 1.25258e-14 1.36375e-14 1.35046e-14 1.44171e-14 1.44874e-14 1.51979e-14 1.54676e-14 1.59797e-14 1.64971e-14 1.67626e-14 1.75161e-14 1.75464e-14 1.85178e-14 1.8331e-14 1.95619e-14 1.91164e-14 2.05802e-14 1.99026e-14 2.16377e-14 2.06894e-14 2.26607e-14 2.14767e-14 2.37193e-14 2.22647e-14 2.48143e-14 2.30531e-14 2.58642e-14 2.3842e-14 2.69044e-14 2.46312e-14 2.79751e-14 2.54209e-14 2.90323e-14 2.62109e-14 3.01187e-14 2.70011e-14 3.11875e-14 2.77916e-14 3.22839e-14 2.85823e-14 3.33588e-14 2.93733e-14 3.44597e-14 3.01643e-14 3.54833e-14 3.09555e-14
70.9813 5.94997e-17 5.94997e-17 1.39979e-26 2.3526e-10 5.50637e-08 1.81337e-17 3.33808e-16 9.14683e-17 6.70332e-16 3.8154e-16 1.34935e-15 8.14886e-16 2.03461e-15 1.3526e-15 2.72488e-15 1.97043e-15 3.41936e-15 2.65418e-15 4.11743e-15 3.39449e-15 4.81862e-15 4.16871e-15 5.52256e-15 4.9833e-15 6.22892e-15 5.82651e-15 6.93744e-15 6.6903e-15 7.64789e-15 7.57093e-15 8.36005e-15 8.48647e-15 9.07377e-15 9.41012e-15 9.78887e-15 1.03486e-14 1.05052e-14 1.12926e-14 1.12227e-14 1.22551e-14 1.19411e-14 1.32302e-14 1.26605e-14 1.42119e-14 1.33806e-14 1.5194e-14 1.41015e-14 1.61704e-14 1.4823e-14 1.71927e-14 1.55451e-14 1.82015e-14 1.62676e-14 1.91903e-14 1.69906e-14 2.02183e-14 1.77139e-14 2.12183e-14 1.84376e-14 2.22542e-14 1.91615e-14 2.32541e-14 1.98856e-14 2.42864e-14 2.06098e-14 2.53519e-14 2.13342e-14 2.63713e-14 2.20587e-14 2.73793e-14 2.27832e-14 2.84151e-14 2.35078e-14 2.94358e-14 2.42323e-14 3.04827e-14 2.49567e-14 3.1511e-14 2.56811e-14 3.25641e-14 2.64054e-14 3.35949e-14 2.71295e-14 3.46488e-14 2.78535e-14 3.56274e-14 2.85773e-14
74.6248 5.35721e-17 5.35721e-17 1.14461e-26 2.13658e-10 5.01735e-08 2.59164e-17 3.0938e-16 1.20795e-16 6.21235e-16 4.69933e-16 1.25027e-15 9.67176e-16 1.88476e-15 1.56616e-15 2.52352e-15 2.24004e-15 3.16579e-15 2.9738e-15 3.81098e-15 3.7579e-15 4.45866e-15 4.56899e-15 5.10846e-15 5.41446e-15 5.7601e-15 6.28257e-15 6.41332e-15 7.16552e-15 7.0679e-15 8.05999e-15 7.72368e-15 8.98456e-15 8.38047e-15 9.9124e-15 9.03815e-15 1.08506e-14 9.69658e-15 1.17902e-14 1.03556e-14 1.27442e-14 1.10152e-14 1.37071e-14 1.16753e-14 1.46729e-14 1.23357e-14 1.5636e-14 1.29964e-14 1.65905e-14 1.36572e-14 1.75868e-14 1.43183e-14 1.85671e-14 1.49794e-14 1.95256e-14 1.56406e-14 2.05194e-14 1.63017e-14 2.14839e-14 1.69628e-14 2.24806e-14 1.76238e-14 2.34405e-14 1.82846e-14 2.44296e-14 1.89453e-14 2.54481e-14 1.96057e-14 2.64208e-14 2.02659e-14 2.73809e-14 2.09258e-14 2.83655e-14 2.15854e-14 2.93341e-14 2.22447e-14 3.0326e-14 2.29036e-14 3.12986e-14 2.35621e-14 3.2293e-14 2.42202e-14 3.32649e-14 2.48779e-14 3.42572e-14 2.55352e-14 3.51771e-14 2.6192e-14
78.4553 4.82677e-17 4.82677e-17 9.36053e-27 1.9393e-10 4.75172e-08 3.57976e-17 2.85137e-16 1.54771e-16 5.72501e-16 5.63477e-16 1.1519e-15 1.11956e-15 1.73595e-15 1.77077e-15 2.32354e-15 2.48885e-15 2.91394e-15 3.25878e-15 3.5066e-15 4.07128e-15 4.10113e-15 4.90308e-15 4.69718e-15 5.7625e-15 5.29448e-15 6.63814e-15 5.89282e-15 7.52272e-15 6.492e-15 8.41345e-15 7.09184e-15 9.32912e-15 7.69222e-15 1.02434e-14 8.293e-15 1.11638e-14 8.89406e-15 1.20815e-14 9.49532e-15 1.30098e-14 1.00967e-14 1.39433e-14 1.06981e-14 1.48765e-14 1.12994e-14 1.5804e-14 1.19006e-14 1.67205e-14 1.25017e-14 1.76745e-14 1.31025e-14 1.86107e-14 1.3703e-14 1.95236e-14 1.43033e-14 2.04679e-14 1.49031e-14 2.13823e-14 1.55026e-14 2.23251e-14 1.61017e-14 2.32313e-14 1.67003e-14 2.4163e-14 1.72984e-14 2.51207e-14 1.7896e-14 2.60335e-14 1.8493e-14 2.69328e-14 1.90895e-14 2.78536e-14 1.96854e-14 2.8758e-14 2.02807e-14 2.96826e-14 2.08754e-14 3.05877e-14 2.14694e-14 3.15119e-14 2.20628e-14 3.24137e-14 2.26556e-14 3.33331e-14 2.32476e-14 3.41844e-14 2.3839e-14
82.4824 4.34995e-17 4.34995e-17 7.65616e-27 1.76006e-10 4.41913e-08 4.78493e-17 2.61313e-16 1.92606e-16 5.24599e-16 6.5836e-16 1.05518e-15 1.26498e-15 1.58962e-15 1.95653e-15 2.12686e-15 2.70466e-15 2.66623e-15 3.49512e-15 3.20723e-15 4.31944e-15 3.74948e-15 5.15505e-15 4.29268e-15 6.01117e-15 4.83659e-15 6.87708e-15 5.38102e-15 7.74621e-15 5.92577e-15 8.61636e-15 6.47073e-15 9.50624e-15 7.01575e-15 1.03906e-14 7.56073e-15 1.12769e-14 8.10558e-15 1.21572e-14 8.65021e-15 1.30443e-14 9.19455e-15 1.39333e-14 9.73854e-15 1.48192e-14 1.02821e-14 1.56971e-14 1.08252e-14 1.6562e-14 1.13678e-14 1.74599e-14 1.19098e-14 1.83388e-14 1.24513e-14 1.91938e-14 1.29921e-14 2.00762e-14 1.35323e-14 2.09287e-14 1.40718e-14 2.1806e-14 1.46106e-14 2.26474e-14 1.51486e-14 2.3511e-14 1.56859e-14 2.43969e-14 1.62224e-14 2.52398e-14 1.67582e-14 2.60689e-14 1.72931e-14 2.69164e-14 1.78273e-14 2.77475e-14 1.83606e-14 2.85959e-14 1.8893e-14 2.94252e-14 1.94247e-14 3.02707e-14 1.99554e-14 3.10947e-14 2.04853e-14 3.19336e-14 2.10144e-14 3.27093e-14 2.15425e-14
86.7162 3.92197e-17 3.92197e-17 6.26232e-27 1.59673e-10 4.05791e-08 6.20048e-17 2.38254e-16 2.33182e-16 4.78225e-16 7.50646e-16 9.61516e-16 1.39707e-15 1.44788e-15 2.11537e-15 1.93634e-15 2.87845e-15 2.42627e-15 3.67353e-15 2.91722e-15 4.49336e-15 3.40884e-15 5.31666e-15 3.90088e-15 6.15346e-15 4.39311e-15 6.99395e-15 4.88537e-15 7.83242e-15 5.37751e-15 8.66732e-15 5.86941e-15 9.51694e-15 6.36096e-15 1.03575e-14 6.85207e-15 1.11964e-14 7.34267e-15 1.20265e-14 7.83269e-15 1.28602e-14 8.32208e-15 1.36928e-14 8.81077e-15 1.452e-14 9.29874e-15 1.53373e-14 9.78593e-15 1.61405e-14 1.02723e-14 1.69722e-14 1.07579e-14 1.77842e-14 1.12426e-14 1.85724e-14 1.17264e-14 1.93841e-14 1.22093e-14 2.01667e-14 1.26912e-14 2.09704e-14 1.31723e-14 2.17399e-14 1.36524e-14 2.25281e-14 1.41315e-14 2.33354e-14 1.46097e-14 2.41021e-14 1.50868e-14 2.48551e-14 1.5563e-14 2.56236e-14 1.60382e-14 2.63762e-14 1.65124e-14 2.71432e-14 1.69855e-14 2.78921e-14 1.74577e-14 2.86544e-14 1.79288e-14 2.93964e-14 1.83989e-14 3.01509e-14 1.8868e-14 3.08477e-14 1.93361e-14
91.1674 3.53846e-17 3.53846e-17 5.12194e-27 1.44751e-10 3.85833e-08 7.80312e-17 2.16231e-16 2.75078e-16 4.33927e-16 8.36413e-16 8.72019e-16 1.51025e-15 1.31242e-15 2.24096e-15 1.75424e-15 3.00395e-15 2.1969e-15 3.78846e-15 2.64001e-15 4.58876e-15 3.08326e-15 5.38531e-15 3.52642e-15 6.18882e-15 3.96932e-15 6.99056e-15 4.41181e-15 7.78573e-15 4.85376e-15 8.57346e-15 5.29509e-15 9.37131e-15 5.73569e-15 1.01573e-14 6.17552e-15 1.09387e-14 6.61449e-15 1.17091e-14 7.05258e-15 1.24802e-14 7.48973e-15 1.3248e-14 7.92592e-15 1.40086e-14 8.3611e-15 1.47581e-14 8.79526e-15 1.54927e-14 9.22836e-15 1.62516e-14 9.66041e-15 1.69909e-14 1.00914e-14 1.77069e-14 1.05212e-14 1.84427e-14 1.095e-14 1.91508e-14 1.13776e-14 1.98766e-14 1.18042e-14 2.05703e-14 1.22296e-14 2.12797e-14 1.26538e-14 2.20049e-14 1.3077e-14 2.26927e-14 1.3499e-14 2.33671e-14 1.39198e-14 2.40545e-14 1.43395e-14 2.47266e-14 1.47581e-14 2.54107e-14 1.51756e-14 2.60777e-14 1.55919e-14 2.67559e-14 1.60071e-14 2.74151e-14 1.64211e-14 2.80847e-14 1.6834e-14 2.87024e-14 1.72459e-14
95.847 3.19416e-17 3.19416e-17 4.18965e-27 1.31166e-10 2.94362e-08 9.54953e-17 1.95368e-16 3.16564e-16 3.91952e-16 9.11731e-16 7.87194e-16 1.59951e-15 1.18402e-15 2.32824e-15 1.58161e-15 3.07677e-15 1.97947e-15 3.83677e-15 2.37724e-15 4.60422e-15 2.77467e-15 5.36165e-15 3.17157e-15 6.12022e-15 3.56778e-15 6.87239e-15 3.9632e-15 7.61431e-15 4.35772e-15 8.34569e-15 4.75127e-15 9.08319e-15 5.1438e-15 9.80676e-15 5.53524e-15 1.05235e-14 5.92556e-15 1.12278e-14 6.31474e-15 1.19304e-14 6.70273e-15 1.2628e-14 7.08952e-15 1.33172e-14 7.4751e-15 1.39946e-14 7.85944e-15 1.46569e-14 8.24255e-15 1.53396e-14 8.6244e-15 1.60031e-14 9.00501e-15 1.66445e-14 9.38436e-15 1.73024e-14 9.76245e-15 1.79343e-14 1.01393e-14 1.85809e-14 1.05148e-14 1.91977e-14 1.08892e-14 1.98276e-14 1.12622e-14 2.04705e-14 1.16341e-14 2.10793e-14 1.20046e-14 2.16754e-14 1.2374e-14 2.22821e-14 1.27421e-14 2.28746e-14 1.3109e-14 2.34769e-14 1.34746e-14 2.40634e-14 1.3839e-14 2.4659e-14 1.42023e-14 2.52373e-14 1.45643e-14 2.5824e-14 1.49252e-14 2.63647e-14 1.52848e-14
100.767 2.88453e-17 2.88453e-17 3.4268e-27 1.18799e-10 3.89886e-08 1.13792e-16 1.75748e-16 3.5579e-16 3.52469e-16 9.73189e-16 7.07388e-16 1.66122e-15 1.0632e-15 2.37431e-15 1.41918e-15 3.09544e-15 1.7749e-15 3.81893e-15 2.13005e-15 4.54248e-15 2.48443e-15 5.25089e-15 2.83788e-15 5.95554e-15 3.19029e-15 6.65012e-15 3.54157e-15 7.33166e-15 3.89165e-15 8.00042e-15 4.24048e-15 8.67195e-15 4.58801e-15 9.32827e-15 4.93423e-15 9.97612e-15 5.27911e-15 1.06107e-14 5.62262e-15 1.12419e-14 5.96477e-15 1.18669e-14 6.30554e-15 1.24826e-14 6.64492e-15 1.30864e-14 6.98292e-15 1.36755e-14 7.31954e-15 1.42813e-14 7.65478e-15 1.48689e-14 7.98864e-15 1.54358e-14 8.32113e-15 1.60163e-14 8.65226e-15 1.65728e-14 8.98203e-15 1.71413e-14 9.31045e-15 1.76829e-14 9.63754e-15 1.8235e-14 9.9633e-15 1.87977e-14 1.02877e-14 1.93298e-14 1.06109e-14 1.98501e-14 1.09327e-14 2.0379e-14 1.12533e-14 2.08948e-14 1.15725e-14 2.14186e-14 1.18905e-14 2.1928e-14 1.22073e-14 2.24447e-14 1.25228e-14 2.29459e-14 1.28371e-14 2.34538e-14 1.31501e-14 2.39214e-14 1.3462e-14
105.939 2.60624e-17 2.60624e-17 2.80386e-27 1.07583e-10 2.48681e-08 1.32216e-16 1.57457e-16 3.9103e-16 3.15656e-16 1.0184e-15 6.32964e-16 1.69375e-15 9.5053e-16 2.37917e-15 1.26772e-15 3.06214e-15 1.58417e-15 3.7396e-15 1.89963e-15 4.41095e-15 2.21395e-15 5.06328e-15 2.527e-15 5.70799e-15 2.8387e-15 6.33991e-15 3.149e-15 6.95693e-15 3.45785e-15 7.55972e-15 3.76523e-15 8.16261e-15 4.07111e-15 8.74971e-15 4.37548e-15 9.32733e-15 4.67834e-15 9.89139e-15 4.97969e-15 1.04509e-14 5.27953e-15 1.10034e-14 5.57786e-15 1.15465e-14 5.87469e-15 1.20777e-14 6.17004e-15 1.2595e-14 6.4639e-15 1.31258e-14 6.7563e-15 1.36397e-14 7.04725e-15 1.41346e-14 7.33676e-15 1.46404e-14 7.62484e-15 1.51246e-14 7.91151e-15 1.56185e-14 8.19679e-15 1.60882e-14 8.48068e-15 1.65664e-14 8.76321e-15 1.70531e-14 9.0444e-15 1.75127e-14 9.32424e-15 1.79616e-14 9.60276e-15 1.84173e-14 9.87999e-15 1.88612e-14 1.01559e-14 1.93114e-14 1.04306e-14 1.97489e-14 1.0704e-14 2.01921e-14 1.09761e-14 2.06216e-14 1.1247e-14 2.10564e-14 1.15168e-14 2.14563e-14 1.17853e-14
111.377 2.35586e-17 2.35586e-17 2.29369e-27 9.73609e-11 1.94506e-08 1.49974e-16 1.40515e-16 4.20704e-16 2.81554e-16 1.04578e-15 5.64016e-16 1.69683e-15 8.46155e-16 2.34455e-15 1.12743e-15 2.98095e-15 1.40755e-15 3.60548e-15 1.68633e-15 4.21904e-15 1.96364e-15 4.81093e-15 2.23941e-15 5.39235e-15 2.51359e-15 5.95923e-15 2.78614e-15 6.51015e-15 3.05706e-15 7.04616e-15 3.32633e-15 7.58025e-15 3.59395e-15 8.09857e-15 3.85994e-15 8.60693e-15 4.12429e-15 9.10194e-15 4.38702e-15 9.59167e-15 4.64816e-15 1.00741e-14 4.9077e-15 1.05471e-14 5.16568e-15 1.10089e-14 5.42212e-15 1.14576e-14 5.67702e-15 1.19172e-14 5.93041e-15 1.23613e-14 6.18232e-15 1.27883e-14 6.43276e-15 1.3224e-14 6.68175e-15 1.36404e-14 6.92931e-15 1.40645e-14 7.17547e-15 1.44673e-14 7.42024e-15 1.48769e-14 7.66364e-15 1.52931e-14 7.9057e-15 1.56857e-14 8.14643e-15 1.60687e-14 8.38585e-15 1.64571e-14 8.62398e-15 1.6835e-14 8.86084e-15 1.72178e-14 9.09644e-15 1.75894e-14 9.3308e-15 1.79656e-14 9.56395e-15 1.83297e-14 9.7959e-15 1.8698e-14 1.00267e-14 1.90364e-14 1.02562e-14
117.094 2.13051e-17 2.13051e-17 1.87645e-27 8.80751e-11 1.64179e-08 1.66278e-16 1.24923e-16 4.43567e-16 2.50166e-16 1.05484e-15 5.00558e-16 1.67183e-15 7.50106e-16 2.27415e-15 9.98372e-16 2.85813e-15 1.24513e-15 3.42541e-15 1.49024e-15 3.97817e-15 1.73363e-15 4.50781e-15 1.97526e-15 5.02508e-15 2.21511e-15 5.52689e-15 2.45318e-15 6.01244e-15 2.68947e-15 6.483e-15 2.924e-15 6.95022e-15 3.15679e-15 7.40218e-15 3.38785e-15 7.84416e-15 3.61721e-15 8.27338e-15 3.84489e-15 8.69697e-15 4.07093e-15 9.11323e-15 4.29535e-15 9.52055e-15 4.51817e-15 9.91737e-15 4.73942e-15 1.03022e-14 4.95914e-15 1.06957e-14 5.17734e-15 1.10753e-14 5.39405e-15 1.14396e-14 5.60931e-15 1.18108e-14 5.82313e-15 1.21651e-14 6.03553e-15 1.25254e-14 6.24655e-15 1.28672e-14 6.45621e-15 1.32142e-14 6.66454e-15 1.35665e-14 6.87155e-15 1.38984e-14 7.07726e-15 1.42217e-14 7.2817e-15 1.45493e-14 7.4849e-15 1.48678e-14 7.68686e-15 1.51901e-14 7.88761e-15 1.55026e-14 8.08718e-15 1.58186e-14 8.28558e-15 1.61242e-14 8.48282e-15 1.64331e-14 8.67893e-15 1.67167e-14 8.87393e-15
123.105 1.92793e-17 1.92793e-17 1.53549e-27 7.96444e-11 1.86548e-08 1.80431e-16 1.10678e-16 4.5886e-16 2.21487e-16 1.04625e-15 4.42584e-16 1.62166e-15 6.62383e-16 2.17342e-15 8.80542e-16 2.70167e-15 1.0969e-15 3.2099e-15 1.31137e-15 3.7013e-15 1.52393e-15 4.16913e-15 1.73458e-15 4.62356e-15 1.94331e-15 5.06233e-15 2.15015e-15 5.48513e-15 2.35512e-15 5.89336e-15 2.55827e-15 6.29735e-15 2.75962e-15 6.68697e-15 2.95921e-15 7.06693e-15 3.15707e-15 7.43498e-15 3.35323e-15 7.79735e-15 3.54775e-15 8.15268e-15 3.74065e-15 8.49967e-15 3.93196e-15 8.83706e-15 4.12172e-15 9.16367e-15 4.30996e-15 9.49707e-15 4.49672e-15 9.81819e-15 4.68202e-15 1.01259e-14 4.8659e-15 1.04391e-14 5.04839e-15 1.07375e-14 5.2295e-15 1.10406e-14 5.40929e-15 1.13277e-14 5.58776e-15 1.16189e-14 5.76494e-15 1.19142e-14 5.94087e-15 1.21921e-14 6.11556e-15 1.24626e-14 6.28904e-15 1.27363e-14 6.46133e-15 1.30021e-14 6.63245e-15 1.32709e-14 6.80243e-15 1.35313e-14 6.97128e-15 1.37944e-14 7.13904e-15 1.40486e-14 7.3057e-15 1.43053e-14 7.4713e-15 1.45408e-14 7.63586e-15
129.424 1.74555e-17 1.74555e-17 1.25609e-27 7.19595e-11 1.99182e-08 1.91815e-16 9.77214e-17 4.66151e-16 1.95405e-16 1.02124e-15 3.89872e-16 1.54977e-15 5.82654e-16 2.04803e-15 7.73503e-16 2.51942e-15 9.62322e-16 2.96884e-15 1.14908e-15 3.40021e-15 1.33379e-15 3.80842e-15 1.51647e-15 4.20291e-15 1.69716e-15 4.5821e-15 1.87591e-15 4.94607e-15 2.05275e-15 5.29629e-15 2.22774e-15 5.64178e-15 2.40092e-15 5.97403e-15 2.57234e-15 6.2972e-15 2.74205e-15 6.60951e-15 2.91008e-15 6.91631e-15 3.07649e-15 7.21654e-15 3.24132e-15 7.50916e-15 3.4046e-15 7.79318e-15 3.56638e-15 8.06766e-15 3.72669e-15 8.34741e-15 3.88557e-15 8.61644e-15 4.04305e-15 8.87391e-15 4.19917e-15 9.13552e-15 4.35397e-15 9.38452e-15 4.50745e-15 9.63714e-15 4.65968e-15 9.87616e-15 4.81066e-15 1.01183e-14 4.96043e-15 1.03636e-14 5.10901e-15 1.05942e-14 5.25643e-15 1.08184e-14 5.40272e-15 1.10451e-14 5.54789e-15 1.1265e-14 5.69198e-15 1.14872e-14 5.83499e-15 1.17023e-14 5.97696e-15 1.19195e-14 6.11791e-15 1.21291e-14 6.25785e-15 1.23406e-14 6.39681e-15 1.25346e-14 6.5348e-15
136.067 1.58102e-17 1.58102e-17 1.02794e-27 6.50177e-11 1.38693e-08 1.99953e-16 8.59818e-17 4.65404e-16 1.71775e-16 9.81647e-16 3.42135e-16 1.46011e-15 5.10492e-16 1.90397e-15 6.76685e-16 2.31919e-15 8.40683e-16 2.71169e-15 1.0025e-15 3.08583e-15 1.16218e-15 3.43788e-15 1.31979e-15 3.77644e-15 1.47536e-15 4.10053e-15 1.62898e-15 4.41046e-15 1.7807e-15 4.70772e-15 1.93059e-15 5.00011e-15 2.07869e-15 5.28053e-15 2.22507e-15 5.55264e-15 2.36978e-15 5.815e-15 2.51287e-15 6.07221e-15 2.65439e-15 6.32343e-15 2.79439e-15 6.56784e-15 2.93291e-15 6.80467e-15 3.07e-15 7.03319e-15 3.20569e-15 7.26575e-15 3.34003e-15 7.48908e-15 3.47306e-15 7.70254e-15 3.60479e-15 7.91915e-15 3.73529e-15 8.12508e-15 3.86456e-15 8.33376e-15 3.99265e-15 8.531e-15 4.11958e-15 8.73063e-15 4.24539e-15 8.93262e-15 4.37009e-15 9.1223e-15 4.49373e-15 9.3066e-15 4.61631e-15 9.49277e-15 4.73787e-15 9.67324e-15 4.85843e-15 9.85543e-15 4.978e-15 1.00316e-14 5.09662e-15 1.02094e-14 5.21431e-15 1.03809e-14 5.33107e-15 1.05538e-14 5.44694e-15 1.07122e-14 5.56192e-15
143.051 1.43299e-17 1.43299e-17 8.41051e-28 5.8692e-11 6.87883e-09 2.04652e-16 7.54212e-17 4.57214e-16 1.50522e-16 9.30275e-16 2.99224e-16 1.35763e-15 4.45669e-16 1.74811e-15 5.89783e-16 2.10954e-15 7.3159e-16 2.44844e-15 8.71151e-16 2.7694e-15 1.00854e-15 3.06979e-15 1.14384e-15 3.35737e-15 1.27713e-15 3.63158e-15 1.40848e-15 3.89291e-15 1.53797e-15 4.14279e-15 1.66567e-15 4.38789e-15 1.79165e-15 4.62238e-15 1.91598e-15 4.84939e-15 2.0387e-15 5.06782e-15 2.15988e-15 5.28155e-15 2.27957e-15 5.48992e-15 2.39782e-15 5.69231e-15 2.51468e-15 5.88811e-15 2.6302e-15 6.07677e-15 2.74441e-15 6.2685e-15 2.85736e-15 6.45237e-15 2.96908e-15 6.6279e-15 3.07961e-15 6.80581e-15 3.18899e-15 6.97476e-15 3.29724e-15 7.14579e-15 3.4044e-15 7.30728e-15 3.5105e-15 7.47056e-15 3.61557e-15 7.63562e-15 3.71964e-15 7.79048e-15 3.82272e-15 7.94083e-15 3.92485e-15 8.09257e-15 4.02605e-15 8.23955e-15 4.12633e-15 8.38782e-15 4.22573e-15 8.5311e-15 4.32426e-15 8.67555e-15 4.42195e-15 8.8148e-15 4.51882e-15 8.95511e-15 4.61487e-15 9.08358e-15 4.71013e-15
150.394 1.29907e-17 1.29907e-17 6.88273e-28 5.29818e-11 1.3763e-08 2.05753e-16 6.59288e-17 4.42128e-16 1.31424e-16 8.69389e-16 2.60695e-16 1.24613e-15 3.87518e-16 1.58545e-15 5.11901e-16 1.89641e-15 6.33921e-16 2.18578e-15 7.53675e-16 2.45816e-15 8.71267e-16 2.71181e-15 9.86797e-16 2.95362e-15 1.10036e-15 3.18333e-15 1.21205e-15 3.40155e-15 1.32195e-15 3.60961e-15 1.43014e-15 3.81317e-15 1.53668e-15 4.00746e-15 1.64166e-15 4.19515e-15 1.74513e-15 4.3754e-15 1.84715e-15 4.55145e-15 1.94778e-15 4.72279e-15 2.04707e-15 4.88895e-15 2.14507e-15 5.04948e-15 2.24182e-15 5.20394e-15 2.33737e-15 5.3607e-15 2.43176e-15 5.51086e-15 2.52502e-15 5.65404e-15 2.6172e-15 5.79901e-15 2.70832e-15 5.93653e-15 2.79842e-15 6.07561e-15 2.88753e-15 6.2068e-15 2.97568e-15 6.33933e-15 3.06289e-15 6.47319e-15 3.1492e-15 6.59867e-15 3.23463e-15 6.7204e-15 3.31919e-15 6.84316e-15 3.40293e-15 6.96199e-15 3.48584e-15 7.08176e-15 3.56796e-15 7.19744e-15 3.64931e-15 7.31397e-15 3.72991e-15 7.42625e-15 3.80977e-15 7.5393e-15 3.88891e-15 7.64275e-15 3.96735e-15
158.114 1.17834e-17 1.17834e-17 5.63326e-28 4.78069e-11 1.59982e-08 2.03457e-16 5.74578e-17 4.21341e-16 1.14388e-16 8.02134e-16 2.26356e-16 1.13028e-15 3.35747e-16 1.42189e-15 4.4264e-16 1.6866e-15 5.4716e-16 1.93119e-15 6.49438e-16 2.16011e-15 7.496e-16 2.37229e-15 8.47763e-16 2.57376e-15 9.44037e-16 2.76449e-15 1.03852e-15 2.94513e-15 1.13131e-15 3.1169e-15 1.22248e-15 3.28455e-15 1.31211e-15 3.44422e-15 1.40028e-15 3.59816e-15 1.48704e-15 3.74572e-15 1.57247e-15 3.88961e-15 1.65661e-15 4.02943e-15 1.73953e-15 4.16482e-15 1.82125e-15 4.29544e-15 1.90184e-15 4.42097e-15 1.98134e-15 4.54822e-15 2.05978e-15 4.66997e-15 2.13721e-15 4.78593e-15 2.21365e-15 4.90323e-15 2.28914e-15 5.01439e-15 2.36371e-15 5.1267e-15 2.4374e-15 5.23255e-15 2.51023e-15 5.3394e-15 2.58222e-15 5.44723e-15 2.6534e-15 5.54823e-15 2.7238e-15 5.64613e-15 2.79343e-15 5.7448e-15 2.86233e-15 5.84024e-15 2.9305e-15 5.93638e-15 2.99797e-15 6.02917e-15 3.06476e-15 6.1226e-15 3.13089e-15 6.21255e-15 3.19637e-15 6.30307e-15 3.26121e-15 6.38586e-15 3.32544e-15
166.23 1.06948e-17 1.06948e-17 4.61032e-28 4.3108e-11 1.24656e-08 1.98059e-16 4.99315e-17 3.96043e-16 9.92583e-17 7.31211e-16 1.95895e-16 1.01386e-15 2.8988e-16 1.26185e-15 3.81357e-16 1.485e-15 4.70492e-16 1.68981e-15 5.57443e-16 1.88047e-15 6.42355e-16 2.05642e-15 7.25359e-16 2.22286e-15 8.06573e-16 2.37992e-15 8.86102e-16 2.52826e-15 9.64041e-16 2.66896e-15 1.04048e-15 2.80599e-15 1.1155e-15 2.93622e-15 1.18916e-15 3.06154e-15 1.26154e-15 3.18147e-15 1.33269e-15 3.29823e-15 1.40268e-15 3.41152e-15 1.47155e-15 3.52108e-15 1.53935e-15 3.62664e-15 1.60612e-15 3.72797e-15 1.67191e-15 3.83057e-15 1.73675e-15 3.92863e-15 1.80068e-15 4.02194e-15 1.86373e-15 4.11624e-15 1.92594e-15 4.20552e-15 1.98734e-15 4.29565e-15 2.04794e-15 4.38052e-15 2.10779e-15 4.46613e-15 2.16689e-15 4.55246e-15 2.22529e-15 4.63326e-15 2.28299e-15 4.71153e-15 2.34003e-15 4.79036e-15 2.39641e-15 4.86657e-15 2.45217e-15 4.94329e-15 2.5073e-15 5.01728e-15 2.56185e-15 5.09175e-15 2.61582e-15 5.1634e-15 2.66922e-15 5.23547e-15 2.72207e-15 5.30136e-15 2.77439e-15
174.763 9.71046e-18 9.71046e-18 3.77307e-28 3.88557e-11 1.14887e-08 1.8992e-16 4.32593e-17 3.67361e-16 8.58539e-17 6.58857e-16 1.68945e-16 8.99705e-16 2.49358e-16 1.10852e-15 3.27295e-16 1.29486e-15 4.02957e-16 1.46483e-15 4.76524e-16 1.62227e-15 5.48154e-16 1.76695e-15 6.17987e-16 1.90334e-15 6.86145e-16 2.03167e-15 7.5274e-16 2.15254e-15 8.17867e-16 2.26694e-15 8.81616e-16 2.3781e-15 9.44063e-16 2.48356e-15 1.00528e-15 2.58487e-15 1.06534e-15 2.68166e-15 1.12428e-15 2.77576e-15 1.18218e-15 2.86694e-15 1.23907e-15 2.955e-15 1.29501e-15 3.03975e-15 1.35003e-15 3.12102e-15 1.40418e-15 3.20322e-15 1.45749e-15 3.2817e-15 1.50999e-15 3.35632e-15 1.56172e-15 3.43165e-15 1.61271e-15 3.50292e-15 1.66297e-15 3.57481e-15 1.71255e-15 3.64246e-15 1.76146e-15 3.71064e-15 1.80973e-15 3.77935e-15 1.85738e-15 3.84361e-15 1.90442e-15 3.90583e-15 1.95088e-15 3.96845e-15 1.99678e-15 4.02895e-15 2.04213e-15 4.08983e-15 2.08695e-15 4.14851e-15 2.13126e-15 4.20753e-15 2.17507e-15 4.2643e-15 2.21839e-15 4.32136e-15 2.26124e-15 4.37351e-15 2.30363e-15
183.733 8.82415e-18 8.82415e-18 3.08755e-28 3.49898e-11 3.02334e-08 1.79617e-16 3.7385e-17 3.3667e-16 7.40607e-17 5.87463e-16 1.45271e-16 7.90734e-16 2.1382e-16 9.65007e-16 2.79961e-16 1.11933e-15 3.43921e-16 1.25927e-15 4.05896e-16 1.38829e-15 4.66054e-16 1.5064e-15 5.24541e-16 1.61739e-15 5.81482e-16 1.72152e-15 6.36987e-16 1.81936e-15 6.91152e-16 1.91176e-15 7.44067e-16 2.00138e-15 7.95805e-16 2.08624e-15 8.46439e-16 2.16763e-15 8.96026e-16 2.24529e-15 9.44627e-16 2.32068e-15 9.92292e-16 2.39364e-15 1.03907e-15 2.46403e-15 1.085e-15 2.53169e-15 1.13012e-15 2.5965e-15 1.17447e-15 2.662e-15 1.21809e-15 2.72448e-15 1.261e-15 2.78383e-15 1.30323e-15 2.8437e-15 1.34482e-15 2.9003e-15 1.38578e-15 2.95735e-15 1.42614e-15 3.01099e-15 1.46593e-15 3.06503e-15 1.50515e-15 3.11944e-15 1.54385e-15 3.1703e-15 1.58202e-15 3.21952e-15 1.61969e-15 3.26903e-15 1.65688e-15 3.31683e-15 1.69359e-15 3.36491e-15 1.72985e-15 3.41123e-15 1.76568e-15 3.45779e-15 1.80107e-15 3.50255e-15 1.83605e-15 3.54754e-15 1.87063e-15 3.58862e-15 1.90482e-15
193.164 8.01976e-18 8.01976e-18 2.52701e-28 3.15099e-11 1.67074e-08 1.67551e-16 3.22069e-17 3.04834e-16 6.36744e-17 5.18287e-16 1.24461e-16 6.88197e-16 1.82642e-16 8.32348e-16 2.38512e-16 9.59081e-16 2.92319e-16 1.07337e-15 3.44269e-16 1.17829e-15 3.94537e-16 1.274e-15 4.43269e-16 1.36366e-15 4.90589e-16 1.44756e-15 5.36608e-16 1.52622e-15 5.81418e-16 1.60036e-15 6.25106e-16 1.67213e-15 6.67742e-16 1.73999e-15 7.09395e-16 1.80497e-15 7.50122e-16 1.86689e-15 7.89976e-16 1.92692e-15 8.29006e-16 1.98496e-15 8.67256e-16 2.04088e-15 9.04765e-16 2.09459e-15 9.41569e-16 2.14598e-15 9.77703e-16 2.19787e-15 1.0132e-15 2.24733e-15 1.04808e-15 2.29428e-15 1.08238e-15 2.3416e-15 1.11612e-15 2.3863e-15 1.14932e-15 2.43133e-15 1.18201e-15 2.47365e-15 1.2142e-15 2.51624e-15 1.24591e-15 2.55911e-15 1.27716e-15 2.59916e-15 1.30797e-15 2.63789e-15 1.33836e-15 2.67683e-15 1.36833e-15 2.71441e-15 1.3979e-15 2.75219e-15 1.42709e-15 2.78857e-15 1.4559e-15 2.82512e-15 1.48435e-15 2.86025e-15 1.51245e-15 2.89553e-15 1.54021e-15 2.92775e-15 1.56764e-15
203.079 7.29242e-18 7.29242e-18 2.06869e-28 2.83677e-11 1.34023e-08 1.54331e-16 2.76712e-17 2.72978e-16 5.45859e-17 4.52886e-16 1.0629e-16 5.93687e-16 1.55476e-16 7.1198e-16 2.02471e-16 8.15279e-16 2.47537e-16 9.07965e-16 2.90887e-16 9.92708e-16 3.32695e-16 1.06975e-15 3.73108e-16 1.14173e-15 4.12247e-16 1.20893e-15 4.50217e-16 1.27179e-15 4.87109e-16 1.33093e-15 5.23004e-16 1.38809e-15 5.5797e-16 1.44204e-15 5.92069e-16 1.49364e-15 6.25355e-16 1.54274e-15 6.57878e-16 1.5903e-15 6.89683e-16 1.63622e-15 7.20809e-16 1.68043e-15 7.51294e-16 1.72284e-15 7.81169e-16 1.7634e-15 8.10465e-16 1.80431e-15 8.39212e-16 1.84328e-15 8.67434e-16 1.88023e-15 8.95155e-16 1.91746e-15 9.22398e-16 1.95261e-15 9.4918e-16 1.98799e-15 9.75526e-16 2.02121e-15 1.00145e-15 2.05464e-15 1.02697e-15 2.08827e-15 1.05209e-15 2.11966e-15 1.07685e-15 2.15001e-15 1.10124e-15 2.18051e-15 1.12528e-15 2.20993e-15 1.14899e-15 2.23948e-15 1.17237e-15 2.26794e-15 1.19544e-15 2.29652e-15 1.21821e-15 2.32397e-15 1.24068e-15 2.35153e-15 1.26286e-15 2.37669e-15 1.28477e-15
213.503 6.63634e-18 6.63634e-18 1.69284e-28 2.55087e-11 -1.49111e-08 1.40508e-16 2.37185e-17 2.41988e-16 4.66747e-17 3.9229e-16 9.05103e-17 5.08069e-16 1.3194e-16 6.04456e-16 1.71315e-16 6.88099e-16 2.08906e-16 7.62796e-16 2.44927e-16 8.30834e-16 2.79551e-16 8.92503e-16 3.12919e-16 9.49969e-16 3.45149e-16 1.00349e-15 3.76341e-16 1.05347e-15 4.06579e-16 1.10041e-15 4.35941e-16 1.1457e-15 4.64488e-16 1.18839e-15 4.92279e-16 1.22918e-15 5.19363e-16 1.26794e-15 5.45787e-16 1.30544e-15 5.7159e-16 1.34162e-15 5.96808e-16 1.37641e-15 6.21474e-16 1.40976e-15 6.45619e-16 1.44163e-15 6.69268e-16 1.47376e-15 6.92449e-16 1.50433e-15 7.15184e-16 1.5333e-15 7.37492e-16 1.56247e-15 7.59395e-16 1.58999e-15 7.80908e-16 1.61768e-15 8.02052e-16 1.64368e-15 8.22839e-16 1.66981e-15 8.43285e-16 1.69608e-15 8.63404e-16 1.7206e-15 8.83208e-16 1.74429e-15 9.02709e-16 1.76809e-15 9.21919e-16 1.79104e-15 9.40847e-16 1.81409e-15 9.59502e-16 1.83626e-15 9.77897e-16 1.85853e-15 9.96039e-16 1.87991e-15 1.01394e-15 1.90137e-15 1.03159e-15 1.92094e-15 1.04902e-15
224.463 6.03991e-18 6.03991e-18 1.386e-28 2.29474e-11 -1.1901e-08 1.26436e-16 2.027e-17 2.12338e-16 3.97818e-17 3.36793e-16 7.68003e-17 4.31251e-16 1.11546e-16 5.09222e-16 1.44385e-16 5.76491e-16 1.75593e-16 6.36302e-16 2.0538e-16 6.90593e-16 2.33914e-16 7.39662e-16 2.61329e-16 7.85276e-16 2.87737e-16 8.27675e-16 3.13232e-16 8.67193e-16 3.37894e-16 9.04245e-16 3.61791e-16 9.39952e-16 3.84981e-16 9.73567e-16 4.07519e-16 1.00564e-15 4.29447e-16 1.03609e-15 4.50808e-16 1.06552e-15 4.71638e-16 1.09388e-15 4.91969e-16 1.12114e-15 5.1183e-16 1.14725e-15 5.31248e-16 1.17217e-15 5.50246e-16 1.19728e-15 5.68848e-16 1.22116e-15 5.87074e-16 1.24378e-15 6.0494e-16 1.26654e-15 6.22465e-16 1.288e-15 6.39664e-16 1.30958e-15 6.56553e-16 1.32983e-15 6.73144e-16 1.35018e-15 6.8945e-16 1.37062e-15 7.05483e-16 1.3897e-15 7.21253e-16 1.40812e-15 7.36772e-16 1.42662e-15 7.52048e-16 1.44444e-15 7.67091e-16 1.46234e-15 7.81908e-16 1.47956e-15 7.96509e-16 1.49684e-15 8.10901e-16 1.51343e-15 8.25091e-16 1.53007e-15 8.39085e-16 1.54525e-15 8.52889e-16
235.984 5.50142e-18 5.50142e-18 1.13438e-28 2.06197e-11 -8.89635e-09 1.12603e-16 1.72841e-17 1.84662e-16 3.38227e-17 2.86932e-16 6.49832e-17 3.63486e-16 9.40172e-17 4.26181e-16 1.21301e-16 4.79979e-16 1.47106e-16 5.27619e-16 1.71637e-16 5.70723e-16 1.95054e-16 6.09578e-16 2.17484e-16 6.45618e-16 2.39032e-16 6.79054e-16 2.59783e-16 7.10167e-16 2.79812e-16 7.39295e-16 2.9918e-16 7.67329e-16 3.17941e-16 7.93689e-16 3.36141e-16 8.18811e-16 3.53822e-16 8.4264e-16 3.7102e-16 8.65649e-16 3.87766e-16 8.87808e-16 4.0409e-16 9.09084e-16 4.20018e-16 9.2945e-16 4.35571e-16 9.4888e-16 4.50772e-16 9.6844e-16 4.65641e-16 9.87031e-16 4.80194e-16 1.00463e-15 4.94447e-16 1.02233e-15 5.08415e-16 1.03901e-15 5.22111e-16 1.05577e-15 5.3555e-16 1.0715e-15 5.48741e-16 1.08729e-15 5.61695e-16 1.10315e-15 5.74424e-16 1.11794e-15 5.86935e-16 1.13222e-15 5.99239e-16 1.14656e-15 6.11343e-16 1.16037e-15 6.23254e-16 1.17423e-15 6.34979e-16 1.18756e-15 6.46527e-16 1.20093e-15 6.57903e-16 1.21376e-15 6.69113e-16 1.22663e-15 6.80162e-16 1.23837e-15 6.91057e-16
248.097 5.01375e-18 5.01375e-18 9.28518e-29 1.85194e-11 1.52134e-08 9.92889e-17 1.47025e-17 1.59215e-16 2.86793e-17 2.42646e-16 5.48184e-17 3.04298e-16 7.8987e-17 3.5442e-16 1.01563e-16 3.97214e-16 1.22812e-16 4.34968e-16 1.42929e-16 4.69026e-16 1.62064e-16 4.99653e-16 1.80337e-16 5.28003e-16 1.97843e-16 5.54257e-16 2.14662e-16 5.7865e-16 2.30858e-16 6.01458e-16 2.46488e-16 6.23381e-16 2.61601e-16 6.43972e-16 2.76237e-16 6.63578e-16 2.90433e-16 6.82157e-16 3.04221e-16 7.00082e-16 3.17629e-16 7.17331e-16 3.30682e-16 7.33881e-16 3.43403e-16 7.49712e-16 3.55811e-16 7.64807e-16 3.67925e-16 7.79994e-16 3.79761e-16 7.9442e-16 3.91336e-16 8.0807e-16 4.02661e-16 8.2179e-16 4.13751e-16 8.34714e-16 4.24615e-16 8.47698e-16 4.35267e-16 8.59869e-16 4.45714e-16 8.7209e-16 4.55967e-16 8.84361e-16 4.66035e-16 8.958e-16 4.75923e-16 9.06838e-16 4.85641e-16 9.17914e-16 4.95196e-16 9.28583e-16 5.04592e-16 9.39286e-16 5.13837e-16 9.49575e-16 5.22937e-16 9.59895e-16 5.31897e-16 9.69795e-16 5.40721e-16 9.79723e-16 5.49414e-16 9.88773e-16 5.57982e-16
260.832 4.57034e-18 4.57034e-18 7.60045e-29 1.66299e-11 5.91805e-09 8.67034e-17 1.24729e-17 1.36123e-16 2.42459e-17 2.03705e-16 4.60901e-17 2.53051e-16 6.61254e-17 2.92896e-16 8.47252e-17 3.2676e-16 1.02144e-16 3.56532e-16 1.18567e-16 3.83315e-16 1.34134e-16 4.07346e-16 1.48953e-16 4.29549e-16 1.63111e-16 4.50077e-16 1.7668e-16 4.69124e-16 1.89719e-16 4.8691e-16 2.02277e-16 5.03987e-16 2.14397e-16 5.20011e-16 2.26116e-16 5.35254e-16 2.37464e-16 5.49687e-16 2.48471e-16 5.63601e-16 2.59159e-16 5.76981e-16 2.69552e-16 5.8981e-16 2.79669e-16 6.02075e-16 2.89525e-16 6.13762e-16 2.99139e-16 6.25514e-16 3.08523e-16 6.36672e-16 3.1769e-16 6.47224e-16 3.26653e-16 6.57826e-16 3.35422e-16 6.67808e-16 3.44005e-16 6.77833e-16 3.52414e-16 6.87226e-16 3.60656e-16 6.96655e-16 3.68739e-16 7.06118e-16 3.7667e-16 7.14936e-16 3.84456e-16 7.23443e-16 3.92102e-16 7.31977e-16 3.99615e-16 7.40194e-16 4.07e-16 7.48436e-16 4.14262e-16 7.56356e-16 4.21405e-16 7.64298e-16 4.28436e-16 7.71915e-16 4.35356e-16 7.79552e-16 4.42171e-16 7.86511e-16 4.48884e-16
274.221 4.16915e-18 4.16915e-18 6.22163e-29 1.4923e-11 2.63494e-08 7.50616e-17 1.05586e-17 1.15521e-16 2.04479e-17 1.69933e-16 3.86434e-17 2.09225e-16 5.51923e-17 2.40753e-16 7.04583e-17 2.67433e-16 8.46831e-17 2.90815e-16 9.80382e-17 3.11797e-16 1.10652e-16 3.30584e-16 1.22623e-16 3.47912e-16 1.34029e-16 3.63909e-16 1.44934e-16 3.78732e-16 1.55391e-16 3.92558e-16 1.65442e-16 4.0582e-16 1.75126e-16 4.18253e-16 1.84473e-16 4.30069e-16 1.93512e-16 4.41249e-16 2.02266e-16 4.5202e-16 2.10756e-16 4.6237e-16 2.19001e-16 4.72288e-16 2.27018e-16 4.81765e-16 2.34821e-16 4.9079e-16 2.42423e-16 4.99861e-16 2.49838e-16 5.0847e-16 2.57074e-16 5.16608e-16 2.64143e-16 5.2478e-16 2.71053e-16 5.32472e-16 2.77812e-16 5.40194e-16 2.84429e-16 5.47426e-16 2.9091e-16 5.54684e-16 2.97262e-16 5.61966e-16 3.0349e-16 5.68749e-16 3.096e-16 5.75291e-16 3.15597e-16 5.81852e-16 3.21487e-16 5.88167e-16 3.27273e-16 5.945e-16 3.32959e-16 6.00584e-16 3.3855e-16 6.06684e-16 3.4405e-16 6.12532e-16 3.49461e-16 6.18394e-16 3.54787e-16 6.23735e-16 3.60032e-16
288.297 3.80481e-18 3.80481e-18 5.09357e-29 1.33872e-11 -1.04082e-08 6.44393e-17 8.91672e-18 9.73296e-17 1.71982e-17 1.40883e-16 3.23008e-17 1.72012e-16 4.59172e-17 1.96845e-16 5.83967e-17 2.17778e-16 6.99655e-17 2.36068e-16 8.07813e-17 2.52443e-16 9.09605e-17 2.67078e-16 1.00591e-16 2.80554e-16 1.09743e-16 2.92978e-16 1.18473e-16 3.04477e-16 1.26825e-16 3.15191e-16 1.34839e-16 3.25459e-16 1.42545e-16 3.35076e-16 1.49973e-16 3.4421e-16 1.57144e-16 3.52845e-16 1.64081e-16 3.61159e-16 1.708e-16 3.69144e-16 1.77317e-16 3.76791e-16 1.83647e-16 3.84094e-16 1.89801e-16 3.91046e-16 1.95792e-16 3.9803e-16 2.01629e-16 4.04655e-16 2.07322e-16 4.10916e-16 2.12877e-16 4.172e-16 2.18304e-16 4.23113e-16 2.23609e-16 4.29047e-16 2.28798e-16 4.34603e-16 2.33877e-16 4.40176e-16 2.38852e-16 4.45767e-16 2.43727e-16 4.50973e-16 2.48507e-16 4.55992e-16 2.53195e-16 4.61025e-16 2.57798e-16 4.65868e-16 2.62316e-16 4.70724e-16 2.66755e-16 4.75388e-16 2.71118e-16 4.80062e-16 2.75407e-16 4.84543e-16 2.79625e-16 4.89033e-16 2.83775e-16 4.93124e-16 2.87859e-16
303.095 3.47407e-18 3.47407e-18 4.16956e-29 1.2002e-11 1.04032e-08 5.48898e-17 7.51293e-18 8.14553e-17 1.44274e-17 1.16132e-16 2.69197e-17 1.40681e-16 3.80811e-17 1.60162e-16 4.82433e-17 1.76523e-16 5.76152e-17 1.9078e-16 6.63403e-17 2.03517e-16 7.45229e-17 2.1488e-16 8.22412e-17 2.25329e-16 8.95566e-17 2.3495e-16 9.65179e-17 2.43844e-16 1.03165e-16 2.52124e-16 1.0953e-16 2.60052e-16 1.15641e-16 2.67472e-16 1.21522e-16 2.74514e-16 1.27192e-16 2.81167e-16 1.32669e-16 2.8757e-16 1.37967e-16 2.93715e-16 1.43101e-16 2.99597e-16 1.48082e-16 3.05212e-16 1.52921e-16 3.10555e-16 1.57626e-16 3.1592e-16 1.62206e-16 3.21008e-16 1.6667e-16 3.25813e-16 1.71022e-16 3.30635e-16 1.75271e-16 3.35171e-16 1.79421e-16 3.39722e-16 1.83478e-16 3.43981e-16 1.87447e-16 3.48253e-16 1.91331e-16 3.52536e-16 1.95135e-16 3.56524e-16 1.98863e-16 3.60368e-16 2.02518e-16 3.64221e-16 2.06104e-16 3.67929e-16 2.09623e-16 3.71644e-16 2.13078e-16 3.75213e-16 2.16472e-16 3.78789e-16 2.19808e-16 3.82216e-16 2.23087e-16 3.85649e-16 2.26312e-16 3.88777e-16 2.29484e-16
318.653 3.17306e-18 3.17306e-18 3.41348e-29 1.07577e-11 3.39015e-08 4.64055e-17 6.31471e-18 6.77311e-17 1.20696e-17 9.52008e-17 2.23653e-17 1.14477e-16 3.14789e-17 1.29699e-16 3.9721e-17 1.4244e-16 4.72828e-17 1.53516e-16 5.42933e-17 1.63391e-16 6.08448e-17 1.72187e-16 6.70063e-17 1.80264e-16 7.28311e-17 1.87693e-16 7.83612e-17 1.94555e-16 8.36308e-17 2.00936e-16 8.86681e-17 2.07041e-16 9.34965e-17 2.12751e-16 9.81358e-17 2.18167e-16 1.02603e-16 2.23281e-16 1.06912e-16 2.28199e-16 1.11076e-16 2.32918e-16 1.15107e-16 2.37432e-16 1.19013e-16 2.4174e-16 1.22804e-16 2.45837e-16 1.26488e-16 2.49949e-16 1.3007e-16 2.53847e-16 1.33559e-16 2.57529e-16 1.36958e-16 2.61221e-16 1.40274e-16 2.64694e-16 1.43511e-16 2.68176e-16 1.46673e-16 2.71435e-16 1.49764e-16 2.74702e-16 1.52788e-16 2.77978e-16 1.55748e-16 2.81027e-16 1.58647e-16 2.83965e-16 1.61488e-16 2.8691e-16 1.64274e-16 2.89742e-16 1.67006e-16 2.92581e-16 1.69688e-16 2.95306e-16 1.72321e-16 2.98036e-16 1.74908e-16 3.00653e-16 1.7745e-16 3.03274e-16 1.79949e-16 3.0566e-16 1.82406e-16
335.009 2.90099e-18 2.90099e-18 2.79505e-29 9.63482e-12 1.24692e-09 3.8983e-17 5.29835e-18 5.60169e-17 1.00762e-17 7.76906e-17 1.85367e-17 9.27771e-17 2.59545e-17 1.04636e-16 3.26177e-17 1.14533e-16 3.86994e-17 1.23116e-16 4.43141e-17 1.30755e-16 4.95432e-17 1.37549e-16 5.44467e-17 1.4378e-16 5.90704e-17 1.49506e-16 6.34506e-17 1.54789e-16 6.76162e-17 1.59698e-16 7.15913e-17 1.64392e-16 7.53954e-17 1.68779e-16 7.90452e-17 1.72938e-16 8.25549e-17 1.76862e-16 8.59366e-17 1.80635e-16 8.92009e-17 1.84253e-16 9.23571e-17 1.87713e-16 9.54131e-17 1.91012e-16 9.83761e-17 1.9415e-16 1.01253e-16 1.97298e-16 1.04048e-16 2.00282e-16 1.06768e-16 2.03098e-16 1.09417e-16 2.05922e-16 1.11999e-16 2.08577e-16 1.14518e-16 2.11239e-16 1.16977e-16 2.1373e-16 1.19379e-16 2.16226e-16 1.21728e-16 2.18728e-16 1.24027e-16 2.21057e-16 1.26276e-16 2.233e-16 1.2848e-16 2.25548e-16 1.3064e-16 2.2771e-16 1.32758e-16 2.29876e-16 1.34835e-16 2.31956e-16 1.36874e-16 2.34039e-16 1.38876e-16 2.36034e-16 1.40843e-16 2.38033e-16 1.42776e-16 2.39853e-16 1.44676e-16
352.205 2.65317e-18 2.65317e-18 2.28822e-29 8.62447e-12 -1.53548e-08 3.25333e-17 4.43517e-18 4.60689e-17 8.38954e-18 6.30974e-17 1.53174e-17 7.48624e-17 2.13325e-17 8.4072e-17 2.66989e-17 9.1736e-17 3.15718e-17 9.83691e-17 3.60521e-17 1.04263e-16 4.02105e-17 1.09498e-16 4.40989e-17 1.14294e-16 4.77564e-17 1.18696e-16 5.12139e-17 1.22755e-16 5.44957e-17 1.26524e-16 5.76221e-17 1.30125e-16 6.06095e-17 1.33489e-16 6.34718e-17 1.36676e-16 6.62207e-17 1.39682e-16 6.88663e-17 1.4257e-16 7.14174e-17 1.45339e-16 7.38814e-17 1.47985e-16 7.62651e-17 1.50509e-16 7.85743e-17 1.52907e-16 8.08142e-17 1.55313e-16 8.29896e-17 1.57593e-16 8.51046e-17 1.59744e-16 8.71628e-17 1.619e-16 8.91678e-17 1.63927e-16 9.11225e-17 1.65959e-16 9.303e-17 1.67859e-16 9.48926e-17 1.69764e-16 9.67127e-17 1.71672e-16 9.84927e-17 1.73448e-16 1.00234e-16 1.75158e-16 1.01939e-16 1.76872e-16 1.0361e-16 1.78519e-16 1.05247e-16 1.8017e-16 1.06852e-16 1.81754e-16 1.08427e-16 1.83341e-16 1.09974e-16 1.84861e-16 1.11492e-16 1.86383e-16 1.12983e-16 1.87769e-16 1.14449e-16
370.284 2.42764e-18 2.42764e-18 1.87343e-29 7.71705e-12 -5.38946e-08 2.6987e-17 3.7044e-18 3.76929e-17 6.96738e-18 5.10215e-17 1.2621e-17 6.01672e-17 1.74812e-17 6.72993e-17 2.17879e-17 7.32192e-17 2.56784e-17 7.8333e-17 2.92411e-17 8.287e-17 3.2537e-17 8.68949e-17 3.56102e-17 9.05785e-17 3.84941e-17 9.39567e-17 4.12146e-17 9.7069e-17 4.37921e-17 9.99572e-17 4.62436e-17 1.02715e-16 4.85827e-17 1.0529e-16 5.08209e-17 1.07728e-16 5.29678e-17 1.10026e-16 5.50318e-17 1.12234e-16 5.70199e-17 1.1435e-16 5.89385e-17 1.16371e-16 6.07929e-17 1.18298e-16 6.25878e-17 1.20129e-16 6.43276e-17 1.21965e-16 6.60161e-17 1.23704e-16 6.76565e-17 1.25345e-16 6.9252e-17 1.26989e-16 7.08053e-17 1.28535e-16 7.23187e-17 1.30083e-16 7.37948e-17 1.31531e-16 7.52354e-17 1.32982e-16 7.66424e-17 1.34436e-16 7.80178e-17 1.35788e-16 7.93629e-17 1.37091e-16 8.06793e-17 1.38395e-16 8.19685e-17 1.3965e-16 8.32314e-17 1.40906e-16 8.44694e-17 1.42112e-16 8.56836e-17 1.43319e-16 8.68751e-17 1.44475e-16 8.80447e-17 1.45633e-16 8.91933e-17 1.46687e-16 9.03217e-17
389.291 2.22091e-18 2.22091e-18 1.53406e-29 6.90736e-12 1.04003e-07 2.22462e-17 3.08531e-18 3.06727e-17 5.76803e-18 4.10631e-17 1.03634e-17 4.8148e-17 1.42744e-17 5.36537e-17 1.77164e-17 5.82129e-17 2.08102e-17 6.21444e-17 2.36321e-17 6.56277e-17 2.62342e-17 6.87144e-17 2.8654e-17 7.15367e-17 3.09195e-17 7.41229e-17 3.30524e-17 7.65039e-17 3.50697e-17 7.87121e-17 3.69853e-17 8.08195e-17 3.88105e-17 8.27859e-17 4.05548e-17 8.46471e-17 4.2226e-17 8.64014e-17 4.3831e-17 8.80856e-17 4.53756e-17 8.96987e-17 4.68648e-17 9.12399e-17 4.83029e-17 9.27084e-17 4.96939e-17 9.41033e-17 5.10412e-17 9.55019e-17 5.23478e-17 9.6826e-17 5.36165e-17 9.8075e-17 5.48497e-17 9.93267e-17 5.60496e-17 1.00503e-16 5.7218e-17 1.01681e-16 5.83571e-17 1.02782e-16 5.94683e-17 1.03886e-16 6.05531e-17 1.04992e-16 6.1613e-17 1.0602e-16 6.26492e-17 1.0701e-16 6.36628e-17 1.08001e-16 6.46551e-17 1.08955e-16 6.56268e-17 1.09909e-16 6.65791e-17 1.10825e-16 6.75127e-17 1.11742e-16 6.84286e-17 1.12621e-16 6.93273e-17 1.135e-16 7.02096e-17 1.14301e-16 7.10763e-17
409.273 2.03453e-18 2.03453e-18 1.25608e-29 6.17384e-12 -8.00587e-08 1.8258e-17 2.5664e-18 2.48706e-17 4.7674e-18 3.29527e-17 8.4936e-18 3.84319e-17 1.16328e-17 4.26762e-17 1.4377e-17 4.61833e-17 1.68314e-17 4.92027e-17 1.90614e-17 5.18745e-17 2.11114e-17 5.42397e-17 2.30127e-17 5.64004e-17 2.47888e-17 5.83791e-17 2.64578e-17 6.01994e-17 2.80337e-17 6.18869e-17 2.95279e-17 6.34964e-17 3.09497e-17 6.49976e-17 3.23069e-17 6.64178e-17 3.36058e-17 6.7756e-17 3.4852e-17 6.90403e-17 3.60501e-17 7.02701e-17 3.72043e-17 7.14446e-17 3.83181e-17 7.25634e-17 3.93946e-17 7.36259e-17 4.04366e-17 7.4691e-17 4.14465e-17 7.56991e-17 4.24265e-17 7.66498e-17 4.33785e-17 7.76024e-17 4.43043e-17 7.84971e-17 4.52054e-17 7.93934e-17 4.60835e-17 8.02314e-17 4.69396e-17 8.10707e-17 4.77751e-17 8.19112e-17 4.85911e-17 8.26929e-17 4.93885e-17 8.34456e-17 5.01683e-17 8.41993e-17 5.09314e-17 8.49237e-17 5.16784e-17 8.5649e-17 5.24102e-17 8.6345e-17 5.31275e-17 8.70417e-17 5.38309e-17 8.77089e-17 5.45209e-17 8.83768e-17 5.51982e-17 8.89846e-17 5.58633e-17
430.281 1.86464e-18 1.86464e-18 1.02835e-29 5.51501e-12 -2.85911e-08 1.49112e-17 2.13014e-18 2.00821e-17 3.93054e-18 2.63511e-17 6.9421e-18 3.05786e-17 9.45355e-18 3.38438e-17 1.16344e-17 3.65365e-17 1.35754e-17 3.88515e-17 1.53324e-17 4.08976e-17 1.69426e-17 4.27071e-17 1.84323e-17 4.43591e-17 1.9821e-17 4.58707e-17 2.11235e-17 4.72606e-17 2.23514e-17 4.85484e-17 2.35141e-17 4.97762e-17 2.4619e-17 5.09208e-17 2.56724e-17 5.20034e-17 2.66796e-17 5.30231e-17 2.7645e-17 5.40013e-17 2.85724e-17 5.49378e-17 2.94651e-17 5.5832e-17 3.03259e-17 5.66835e-17 3.11573e-17 5.7492e-17 3.19615e-17 5.83023e-17 3.27405e-17 5.90691e-17 3.3496e-17 5.97921e-17 3.42295e-17 6.05164e-17 3.49426e-17 6.11966e-17 3.56363e-17 6.18778e-17 3.63119e-17 6.25146e-17 3.69704e-17 6.31524e-17 3.76127e-17 6.3791e-17 3.82399e-17 6.43848e-17 3.88525e-17 6.49565e-17 3.94513e-17 6.55288e-17 4.00372e-17 6.6079e-17 4.06105e-17 6.66297e-17 4.1172e-17 6.7158e-17 4.17222e-17 6.76869e-17 4.22616e-17 6.81933e-17 4.27906e-17 6.87002e-17 4.33097e-17 6.91615e-17 4.38193e-17
452.368 1.70903e-18 1.70903e-18 8.42021e-30 4.92688e-12 -4.10129e-08 1.21172e-17 1.76352e-18 1.61461e-17 3.23126e-18 2.09944e-17 5.65645e-18 2.42481e-17 7.65841e-18 2.67545e-17 9.38541e-18 2.88177e-17 1.09153e-17 3.0589e-17 1.2295e-17 3.21531e-17 1.35558e-17 3.35351e-17 1.47195e-17 3.47959e-17 1.58021e-17 3.59489e-17 1.68157e-17 3.70085e-17 1.77698e-17 3.79898e-17 1.86719e-17 3.89249e-17 1.95283e-17 3.97965e-17 2.03439e-17 4.06205e-17 2.11229e-17 4.13963e-17 2.18689e-17 4.21405e-17 2.2585e-17 4.28527e-17 2.32737e-17 4.35325e-17 2.39374e-17 4.41798e-17 2.45781e-17 4.47943e-17 2.51974e-17 4.54099e-17 2.57969e-17 4.59924e-17 2.63781e-17 4.65416e-17 2.69421e-17 4.70917e-17 2.74901e-17 4.76081e-17 2.8023e-17 4.81253e-17 2.85418e-17 4.86087e-17 2.90472e-17 4.90927e-17 2.95401e-17 4.95774e-17 3.00211e-17 5.0028e-17 3.04908e-17 5.04617e-17 3.09499e-17 5.08959e-17 3.13988e-17 5.13132e-17 3.1838e-17 5.17309e-17 3.2268e-17 5.21316e-17 3.26893e-17 5.25326e-17 3.31022e-17 5.29166e-17 3.3507e-17 5.33009e-17 3.39041e-17 5.36506e-17 3.42939e-17
475.588 1.56731e-18 1.56731e-18 6.89447e-30 4.39892e-12 -1.0435e-08 9.80576e-18 1.45704e-18 1.29362e-17 2.65018e-18 1.66777e-17 4.59726e-18 1.91775e-17 6.18832e-18 2.10984e-17 7.55203e-18 2.26771e-17 8.75452e-18 2.40309e-17 9.83524e-18 2.52251e-17 1.082e-17 2.62795e-17 1.17269e-17 2.72407e-17 1.25689e-17 2.81193e-17 1.33559e-17 2.89264e-17 1.40957e-17 2.96735e-17 1.47943e-17 3.03852e-17 1.54567e-17 3.10482e-17 1.60869e-17 3.16749e-17 1.66883e-17 3.22648e-17 1.72638e-17 3.28305e-17 1.78157e-17 3.33717e-17 1.83462e-17 3.38883e-17 1.88571e-17 3.438e-17 1.935e-17 3.48467e-17 1.98261e-17 3.53142e-17 2.02869e-17 3.57564e-17 2.07333e-17 3.61733e-17 2.11663e-17 3.65908e-17 2.15868e-17 3.69827e-17 2.19956e-17 3.73752e-17 2.23934e-17 3.7742e-17 2.27809e-17 3.81091e-17 2.31586e-17 3.84767e-17 2.3527e-17 3.88185e-17 2.38867e-17 3.91474e-17 2.42382e-17 3.94766e-17 2.45817e-17 3.9793e-17 2.49178e-17 4.01097e-17 2.52467e-17 4.04134e-17 2.55689e-17 4.07174e-17 2.58845e-17 4.10085e-17 2.6194e-17 4.12997e-17 2.64975e-17 4.15647e-17 2.67953e-17
500 1.43847e-18 1.43847e-18 5.64489e-30 3.92423e-12 -2.72346e-08 7.90634e-18 1.20165e-18 1.0333e-17 2.16904e-18 1.32154e-17 3.72798e-18 1.51335e-17 4.98912e-18 1.66041e-17 6.06327e-18 1.78109e-17 7.00622e-18 1.88446e-17 7.85082e-18 1.97557e-17 8.6184e-18 2.05596e-17 9.32367e-18 2.1292e-17 9.97731e-18 2.19611e-17 1.05873e-17 2.25754e-17 1.11599e-17 2.31439e-17 1.17e-17 2.36853e-17 1.22116e-17 2.41895e-17 1.26978e-17 2.46659e-17 1.31614e-17 2.51143e-17 1.36047e-17 2.55441e-17 1.40296e-17 2.59553e-17 1.44377e-17 2.63476e-17 1.48304e-17 2.6721e-17 1.52091e-17 2.70754e-17 1.55748e-17 2.74303e-17 1.59284e-17 2.7766e-17 1.62709e-17 2.80824e-17 1.6603e-17 2.83992e-17 1.69254e-17 2.86965e-17 1.72386e-17 2.89943e-17 1.75434e-17 2.92725e-17 1.78401e-17 2.95509e-17 1.81292e-17 2.98297e-17 1.84112e-17 3.00889e-17 1.86864e-17 3.03383e-17 1.89552e-17 3.05879e-17 1.92179e-17 3.08277e-17 1.94748e-17 3.10678e-17 1.97262e-17 3.1298e-17 1.99724e-17 3.15284e-17 2.02135e-17 3.17489e-17 2.04499e-17 3.19696e-17 2.06816e-17 3.21704e-17 2.0909e-17
525.665 1.32031e-18 1.32031e-18 4.62226e-30 3.50088e-12 1.01182e-07 6.34878e-18 9.88536e-19 8.22478e-18 1.7703e-18 1.04404e-17 3.01426e-18 1.19094e-17 4.01063e-18 1.30333e-17 4.85408e-18 1.39544e-17 5.59134e-18 1.47426e-17 6.24958e-18 1.54368e-17 6.84626e-18 1.60488e-17 7.39337e-18 1.66062e-17 7.89955e-18 1.71151e-17 8.37125e-18 1.75823e-17 8.81344e-18 1.80144e-17 9.23007e-18 1.84257e-17 9.62428e-18 1.88088e-17 9.99865e-18 1.91706e-17 1.03553e-17 1.9511e-17 1.06961e-17 1.98373e-17 1.10225e-17 2.01493e-17 1.13358e-17 2.04471e-17 1.16372e-17 2.07303e-17 1.19276e-17 2.09991e-17 1.22079e-17 2.12683e-17 1.24789e-17 2.15229e-17 1.27412e-17 2.17628e-17 1.29955e-17 2.2003e-17 1.32422e-17 2.22284e-17 1.34818e-17 2.24541e-17 1.37149e-17 2.26649e-17 1.39418e-17 2.2876e-17 1.41627e-17 2.30872e-17 1.43782e-17 2.32836e-17 1.45885e-17 2.34725e-17 1.47937e-17 2.36616e-17 1.49943e-17 2.38433e-17 1.51905e-17 2.40251e-17 1.53823e-17 2.41995e-17 1.55702e-17 2.4374e-17 1.57541e-17 2.4541e-17 1.59344e-17 2.47081e-17 1.61112e-17 2.48601e-17 1.62845e-17
552.648 1.21294e-18 1.21294e-18 3.78489e-30 3.12042e-12 4.37856e-08 5.08271e-18 8.11841e-19 6.53054e-18 1.44205e-18 8.23162e-18 2.43221e-18 9.35561e-18 3.21758e-18 1.02141e-17 3.87848e-18 1.09167e-17 4.45379e-18 1.15174e-17 4.96585e-18 1.2046e-17 5.42891e-18 1.25119e-17 5.85265e-18 1.29359e-17 6.24405e-18 1.3323e-17 6.60829e-18 1.36781e-17 6.94932e-18 1.40064e-17 7.27031e-18 1.43189e-17 7.57373e-18 1.46099e-17 7.86165e-18 1.48846e-17 8.13575e-18 1.5143e-17 8.39745e-18 1.53907e-17 8.64795e-18 1.56275e-17 8.88829e-18 1.58534e-17 9.11935e-18 1.60684e-17 9.34189e-18 1.62723e-17 9.5566e-18 1.64764e-17 9.76407e-18 1.66695e-17 9.96483e-18 1.68514e-17 1.01593e-17 1.70335e-17 1.0348e-17 1.72044e-17 1.05313e-17 1.73755e-17 1.07094e-17 1.75353e-17 1.08827e-17 1.76952e-17 1.10515e-17 1.78553e-17 1.12161e-17 1.80041e-17 1.13766e-17 1.81473e-17 1.15333e-17 1.82905e-17 1.16864e-17 1.84282e-17 1.1836e-17 1.85659e-17 1.19824e-17 1.8698e-17 1.21257e-17 1.88301e-17 1.22659e-17 1.89566e-17 1.24034e-17 1.90832e-17 1.25381e-17 1.91983e-17 1.26702e-17
581.015 1.11486e-18 1.11486e-18 3.09883e-30 2.77957e-12 -4.82314e-09 4.05627e-18 6.65348e-19 5.17157e-18 1.17197e-18 6.47577e-18 1.95792e-18 7.33487e-18 2.57537e-18 7.9899e-18 3.092e-18 8.52545e-18 3.53995e-18 8.98292e-18 3.93748e-18 9.38524e-18 4.29615e-18 9.73961e-18 4.62375e-18 1.0062e-17 4.92588e-18 1.03562e-17 5.20668e-18 1.0626e-17 5.46929e-18 1.08754e-17 5.71622e-18 1.11127e-17 5.94943e-18 1.13336e-17 6.17056e-18 1.15421e-17 6.38092e-18 1.17382e-17 6.58165e-18 1.19262e-17 6.77367e-18 1.21058e-17 6.95781e-18 1.22772e-17 7.13475e-18 1.24402e-17 7.30509e-18 1.25948e-17 7.46937e-18 1.27496e-17 7.62805e-18 1.2896e-17 7.78154e-18 1.30339e-17 7.93021e-18 1.31719e-17 8.07438e-18 1.33014e-17 8.21433e-18 1.34311e-17 8.35036e-18 1.35522e-17 8.48268e-18 1.36734e-17 8.61152e-18 1.37947e-17 8.73708e-18 1.39074e-17 8.85954e-18 1.40158e-17 8.97905e-18 1.41244e-17 9.09578e-18 1.42286e-17 9.20987e-18 1.43329e-17 9.32143e-18 1.44329e-17 9.4306e-18 1.4533e-17 9.5375e-18 1.46288e-17 9.64221e-18 1.47247e-17 9.74483e-18 1.48118e-17 9.84546e-18
610.839 1.02518e-18 1.02518e-18 2.53724e-30 2.47493e-12 3.18086e-08 3.22748e-18 5.44139e-19 4.08518e-18 9.50264e-19 5.0838e-18 1.57243e-18 5.73978e-18 2.05666e-18 6.23917e-18 2.45959e-18 6.64705e-18 2.80764e-18 6.99521e-18 3.11566e-18 7.30121e-18 3.39296e-18 7.57061e-18 3.64581e-18 7.8156e-18 3.87865e-18 8.03906e-18 4.09479e-18 8.24396e-18 4.29672e-18 8.43332e-18 4.48641e-18 8.61346e-18 4.66543e-18 8.78107e-18 4.83504e-18 8.93931e-18 4.99629e-18 9.0881e-18 5.15006e-18 9.23064e-18 5.2971e-18 9.36689e-18 5.43802e-18 9.49683e-18 5.57337e-18 9.62042e-18 5.70362e-18 9.73764e-18 5.82919e-18 9.85498e-18 5.95043e-18 9.96592e-18 6.06768e-18 1.00704e-17 6.18119e-18 1.0175e-17 6.29125e-18 1.02732e-17 6.39806e-18 1.03714e-17 6.50184e-18 1.04632e-17 6.60277e-18 1.0555e-17 6.70103e-18 1.06468e-17 6.79676e-18 1.07322e-17 6.8901e-18 1.08144e-17 6.98118e-18 1.08965e-17 7.07013e-18 1.09755e-17 7.15705e-18 1.10545e-17 7.24202e-18 1.11302e-17 7.32517e-18 1.1206e-17 7.40656e-18 1.12785e-17 7.48628e-18 1.13511e-17 7.5644e-18 1.14171e-17 7.641e-18
642.193 9.43037e-19 9.43037e-19 2.07757e-30 2.20306e-12 -2.89258e-08 2.56068e-18 4.4403e-19 3.2192e-18 7.68671e-19 3.98291e-18 1.25984e-18 4.4833e-18 1.63866e-18 4.86371e-18 1.95221e-18 5.17413e-18 2.22209e-18 5.43891e-18 2.46029e-18 5.67151e-18 2.67431e-18 5.87619e-18 2.86913e-18 6.06226e-18 3.04829e-18 6.23193e-18 3.21441e-18 6.38746e-18 3.36946e-18 6.53116e-18 3.51499e-18 6.66784e-18 3.65222e-18 6.79499e-18 3.78215e-18 6.915e-18 3.90561e-18 7.02784e-18 4.02328e-18 7.13591e-18 4.13573e-18 7.23921e-18 4.24346e-18 7.33771e-18 4.34689e-18 7.43138e-18 4.44639e-18 7.52022e-18 4.54227e-18 7.60914e-18 4.63482e-18 7.6932e-18 4.72429e-18 7.77238e-18 4.8109e-18 7.85162e-18 4.89483e-18 7.92597e-18 4.97627e-18 8.00037e-18 5.05539e-18 8.06986e-18 5.13232e-18 8.1394e-18 5.20718e-18 8.20898e-18 5.28011e-18 8.27363e-18 5.35121e-18 8.33583e-18 5.42057e-18 8.39806e-18 5.4883e-18 8.45784e-18 5.55447e-18 8.51764e-18 5.61915e-18 8.57498e-18 5.68242e-18 8.63235e-18 5.74436e-18 8.68725e-18 5.80501e-18 8.74217e-18 5.86444e-18 8.79213e-18 5.9227e-18
675.157 8.6787e-19 8.6787e-19 1.70118e-30 1.96018e-12 1.27252e-07 2.02642e-18 3.61581e-19 2.53134e-18 6.20389e-19 3.11482e-18 1.00717e-18 3.49623e-18 1.30286e-18 3.78583e-18 1.54637e-18 4.02194e-18 1.75525e-18 4.22322e-18 1.93916e-18 4.39994e-18 2.10408e-18 4.55539e-18 2.25398e-18 4.69667e-18 2.39165e-18 4.82545e-18 2.51917e-18 4.94347e-18 2.63808e-18 5.05249e-18 2.74959e-18 5.15617e-18 2.85468e-18 5.25259e-18 2.95412e-18 5.3436e-18 3.04855e-18 5.42914e-18 3.1385e-18 5.51107e-18 3.22443e-18 5.58937e-18 3.30671e-18 5.66402e-18 3.38569e-18 5.73501e-18 3.46163e-18 5.80232e-18 3.53478e-18 5.86969e-18 3.60538e-18 5.93338e-18 3.67361e-18 5.99336e-18 3.73963e-18 6.05339e-18 3.8036e-18 6.1097e-18 3.86566e-18 6.16605e-18 3.92593e-18 6.21868e-18 3.98452e-18 6.27134e-18 4.04153e-18 6.32403e-18 4.09706e-18 6.37298e-18 4.15118e-18 6.42007e-18 4.20398e-18 6.46719e-18 4.25552e-18 6.51244e-18 4.30586e-18 6.55772e-18 4.35507e-18 6.60113e-18 4.4032e-18 6.64455e-18 4.4503e-18 6.68611e-18 4.49643e-18 6.72768e-18 4.54162e-18 6.76549e-18 4.58591e-18
709.813 7.99153e-19 7.99153e-19 1.39287e-30 1.74293e-12 2.84763e-07 1.60001e-18 2.93867e-19 1.98675e-18 4.99676e-19 2.4322e-18 8.03558e-19 2.72278e-18 1.03391e-18 2.94315e-18 1.22269e-18 3.12268e-18 1.38412e-18 3.27564e-18 1.52591e-18 3.40988e-18 1.65284e-18 3.52792e-18 1.76803e-18 3.63517e-18 1.87371e-18 3.7329e-18 1.97149e-18 3.82245e-18 2.0626e-18 3.90515e-18 2.14798e-18 3.98378e-18 2.22838e-18 4.05691e-18 2.30442e-18 4.12591e-18 2.37659e-18 4.19077e-18 2.44531e-18 4.25288e-18 2.51093e-18 4.31222e-18 2.57374e-18 4.3688e-18 2.634e-18 4.4226e-18 2.69192e-18 4.4736e-18 2.74771e-18 4.52465e-18 2.80153e-18 4.5729e-18 2.85353e-18 4.61834e-18 2.90384e-18 4.66381e-18 2.95257e-18 4.70647e-18 2.99984e-18 4.74915e-18 3.04574e-18 4.78901e-18 3.09034e-18 4.82889e-18 3.13374e-18 4.86879e-18 3.176e-18 4.90586e-18 3.21719e-18 4.94152e-18 3.25735e-18 4.9772e-18 3.29656e-18 5.01146e-18 3.33485e-18 5.04574e-18 3.37228e-18 5.07861e-18 3.40888e-18 5.11148e-18 3.44469e-18 5.14294e-18 3.47976e-18 5.17441e-18 3.51411e-18 5.20303e-18 3.54777e-18
746.248 7.36524e-19 7.36524e-19 1.14049e-30 1.54847e-12 -1.25603e-07 1.26108e-18 2.38443e-19 1.55712e-18 4.01761e-19 1.89709e-18 6.40068e-19 2.11843e-18 8.19239e-19 2.28613e-18 9.65414e-19 2.42265e-18 1.09002e-18 2.5389e-18 1.19924e-18 2.64089e-18 1.29684e-18 2.73054e-18 1.3853e-18 2.81196e-18 1.46637e-18 2.88615e-18 1.54131e-18 2.95411e-18 1.61107e-18 3.01687e-18 1.67641e-18 3.07653e-18 1.7379e-18 3.132e-18 1.79603e-18 3.18433e-18 1.85117e-18 3.23352e-18 1.90365e-18 3.28062e-18 1.95374e-18 3.32562e-18 2.00167e-18 3.36851e-18 2.04764e-18 3.40929e-18 2.09182e-18 3.44796e-18 2.13436e-18 3.48665e-18 2.17538e-18 3.52322e-18 2.21501e-18 3.55766e-18 2.25334e-18 3.59212e-18 2.29046e-18 3.62445e-18 2.32646e-18 3.65679e-18 2.36141e-18 3.68699e-18 2.39537e-18 3.71721e-18 2.42841e-18 3.74744e-18 2.46057e-18 3.77552e-18 2.49191e-18 3.80254e-18 2.52247e-18 3.82956e-18 2.5523e-18 3.85552e-18 2.58143e-18 3.88148e-18 2.60989e-18 3.90637e-18 2.63772e-18 3.93128e-18 2.66496e-18 3.9551e-18 2.69162e-18 3.97894e-18 2.71773e-18 4.00061e-18 2.74332e-18
784.553 6.78793e-19 6.78793e-19 9.33826e-31 1.37572e-12 1.25036e-07 9.91448e-19 1.92988e-19 1.21775e-18 3.22207e-19 1.47693e-18 5.08598e-19 1.64539e-18 6.47641e-19 1.77289e-18 7.6059e-19 1.87662e-18 8.56601e-19 1.96491e-18 9.40581e-19 2.04234e-18 1.01551e-18 2.11038e-18 1.08334e-18 2.17217e-18 1.14543e-18 2.22845e-18 1.20279e-18 2.28e-18 1.25614e-18 2.32759e-18 1.30608e-18 2.37283e-18 1.35305e-18 2.41489e-18 1.39743e-18 2.45456e-18 1.43951e-18 2.49185e-18 1.47954e-18 2.52754e-18 1.51774e-18 2.56164e-18 1.55429e-18 2.59415e-18 1.58932e-18 2.62505e-18 1.62298e-18 2.65435e-18 1.65538e-18 2.68366e-18 1.68662e-18 2.71137e-18 1.71679e-18 2.73746e-18 1.74597e-18 2.76356e-18 1.77423e-18 2.78805e-18 1.80162e-18 2.81254e-18 1.82821e-18 2.83542e-18 1.85404e-18 2.8583e-18 1.87916e-18 2.88119e-18 1.90362e-18 2.90246e-18 1.92745e-18 2.92292e-18 1.95069e-18 2.94338e-18 1.97336e-18 2.96304e-18 1.9955e-18 2.9827e-18 2.01713e-18 3.00154e-18 2.03828e-18 3.02039e-18 2.05898e-18 3.03843e-18 2.07923e-18 3.05648e-18 2.09907e-18 3.07289e-18 2.11851e-18
824.824 6.26149e-19 6.26149e-19 7.64576e-31 1.22108e-12 2.60229e-07 7.78345e-19 1.55954e-19 9.51281e-19 2.57996e-19 1.14886e-18 4.03547e-19 1.27706e-18 5.11316e-19 1.37402e-18 5.98503e-19 1.45286e-18 6.72418e-19 1.51994e-18 7.36948e-19 1.57874e-18 7.94438e-19 1.6304e-18 8.46422e-19 1.6773e-18 8.93967e-19 1.72001e-18 9.37845e-19 1.75912e-18 9.78637e-19 1.79523e-18 1.01679e-18 1.82955e-18 1.05267e-18 1.86145e-18 1.08654e-18 1.89154e-18 1.11865e-18 1.91981e-18 1.14919e-18 1.94688e-18 1.17832e-18 1.97274e-18 1.20618e-18 1.99738e-18 1.23288e-18 2.02081e-18 1.25852e-18 2.04302e-18 1.2832e-18 2.06524e-18 1.307e-18 2.08624e-18 1.32997e-18 2.10601e-18 1.35218e-18 2.12579e-18 1.37369e-18 2.14435e-18 1.39453e-18 2.16291e-18 1.41476e-18 2.18025e-18 1.43442e-18 2.19759e-18 1.45353e-18 2.21493e-18 1.47213e-18 2.23105e-18 1.49026e-18 2.24655e-18 1.50792e-18 2.26205e-18 1.52516e-18 2.27694e-18 1.54199e-18 2.29183e-18 1.55844e-18 2.30611e-18 1.57451e-18 2.32039e-18 1.59024e-18 2.33406e-18 1.60564e-18 2.34773e-18 1.62071e-18 2.36016e-18 1.63548e-18
867.163 5.77695e-19 5.77695e-19 6.26052e-31 1.08371e-12 -7.9936e-08 6.09817e-19 1.25743e-19 7.41848e-19 2.06118e-19 8.92353e-19 3.19529e-19 9.89878e-19 4.02905e-19 1.06357e-18 4.70098e-19 1.12347e-18 5.26922e-19 1.1744e-18 5.76442e-19 1.21904e-18 6.20501e-19 1.25825e-18 6.60297e-19 1.29384e-18 6.96663e-19 1.32624e-18 7.302e-19 1.35592e-18 7.61359e-19 1.3833e-18 7.9049e-19 1.40933e-18 8.17864e-19 1.43352e-18 8.43704e-19 1.45633e-18 8.68188e-19 1.47777e-18 8.91465e-19 1.49829e-18 9.13661e-19 1.51789e-18 9.34882e-19 1.53657e-18 9.55217e-19 1.55433e-18 9.74745e-19 1.57116e-18 9.93534e-19 1.588e-18 1.01164e-18 1.60391e-18 1.02912e-18 1.6189e-18 1.04602e-18 1.63389e-18 1.06238e-18 1.64795e-18 1.07824e-18 1.66202e-18 1.09363e-18 1.67515e-18 1.10857e-18 1.68829e-18 1.1231e-18 1.70143e-18 1.13724e-18 1.71364e-18 1.15102e-18 1.72538e-18 1.16445e-18 1.73712e-18 1.17755e-18 1.7484e-18 1.19034e-18 1.75968e-18 1.20283e-18 1.7705e-18 1.21505e-18 1.78132e-18 1.227e-18 1.79166e-18 1.23869e-18 1.80202e-18 1.25014e-18 1.81143e-18 1.26136e-18
911.674 5.3343e-19 5.3343e-19 5.12592e-31 9.60936e-13 9.40365e-08 4.77186e-19 1.01224e-19 5.77969e-19 1.64418e-19 6.9262e-19 2.52659e-19 7.66814e-19 3.17094e-19 8.22841e-19 3.68836e-19 8.68352e-19 4.12491e-19 9.07044e-19 4.50473e-19 9.40945e-19 4.84223e-19 9.70714e-19 5.14678e-19 9.97729e-19 5.42486e-19 1.02233e-18 5.68113e-19 1.04484e-18 5.9191e-19 1.06562e-18 6.14146e-19 1.08537e-18 6.35033e-19 1.10372e-18 6.54742e-19 1.12103e-18 6.73409e-19 1.13729e-18 6.91152e-19 1.15285e-18 7.08066e-19 1.16772e-18 7.24232e-19 1.18188e-18 7.39721e-19 1.19535e-18 7.54591e-19 1.20811e-18 7.68895e-19 1.22088e-18 7.8268e-19 1.23295e-18 7.95985e-19 1.24431e-18 8.08845e-19 1.25567e-18 8.21293e-19 1.26633e-18 8.33355e-19 1.277e-18 8.45058e-19 1.28695e-18 8.56425e-19 1.29691e-18 8.67475e-19 1.30687e-18 8.78229e-19 1.31612e-18 8.88702e-19 1.32502e-18 8.98911e-19 1.33393e-18 9.0887e-19 1.34247e-18 9.18592e-19 1.35102e-18 9.28088e-19 1.35922e-18 9.3737e-19 1.36742e-18 9.4645e-19 1.37526e-18 9.55335e-19 1.38311e-18 9.64035e-19 1.39024e-18 9.72558e-19
958.471 4.92598e-19 4.92598e-19 4.1974e-31 8.52093e-13 3.26501e-07 3.72709e-19 8.12995e-20 4.49574e-19 1.30863e-19 5.36855e-19 1.9938e-19 5.93271e-19 2.49093e-19 6.35845e-19 2.88878e-19 6.70414e-19 3.22374e-19 6.99794e-19 3.51471e-19 7.25529e-19 3.77296e-19 7.48123e-19 4.0058e-19 7.68624e-19 4.21823e-19 7.87286e-19 4.41389e-19 8.04369e-19 4.59547e-19 8.20134e-19 4.76507e-19 8.3511e-19 4.92432e-19 8.49029e-19 5.07453e-19 8.62155e-19 5.21676e-19 8.74485e-19 5.35191e-19 8.86286e-19 5.48071e-19 8.97558e-19 5.60379e-19 9.08299e-19 5.72169e-19 9.18508e-19 5.83485e-19 9.28183e-19 5.9437e-19 9.37864e-19 6.04857e-19 9.4701e-19 6.14978e-19 9.55621e-19 6.24758e-19 9.64236e-19 6.34224e-19 9.72315e-19 6.43395e-19 9.80396e-19 6.52293e-19 9.87942e-19 6.60933e-19 9.95489e-19 6.69333e-19 1.00304e-18 6.77506e-19 1.01005e-18 6.85466e-19 1.0168e-18 6.93223e-19 1.02354e-18 7.0079e-19 1.03002e-18 7.08176e-19 1.0365e-18 7.1539e-19 1.04271e-18 7.22442e-19 1.04892e-18 7.29339e-19 1.05486e-18 7.36087e-19 1.06081e-18 7.42695e-19 1.06621e-18 7.49168e-19
1007.67 4.55309e-19 4.55309e-19 3.43636e-31 7.54733e-13 -2.71725e-07 2.90843e-19 6.52048e-20 3.4947e-19 1.04018e-19 4.15932e-19 1.57161e-19 4.58845e-19 1.95488e-19 4.9121e-19 2.26064e-19 5.17479e-19 2.51755e-19 5.39799e-19 2.7404e-19 5.59346e-19 2.93799e-19 5.76504e-19 3.11598e-19 5.92069e-19 3.27826e-19 6.06237e-19 3.42764e-19 6.19205e-19 3.56621e-19 6.31171e-19 3.69558e-19 6.42537e-19 3.81701e-19 6.531e-19 3.93151e-19 6.6306e-19 4.0399e-19 6.72416e-19 4.14287e-19 6.8137e-19 4.24098e-19 6.89922e-19 4.33471e-19 6.98071e-19 4.42448e-19 7.05815e-19 4.51063e-19 7.13156e-19 4.59347e-19 7.20499e-19 4.67328e-19 7.27436e-19 4.75029e-19 7.33968e-19 4.8247e-19 7.40502e-19 4.89671e-19 7.4663e-19 4.96647e-19 7.52759e-19 5.03415e-19 7.58481e-19 5.09985e-19 7.64205e-19 5.16372e-19 7.69931e-19 5.22587e-19 7.75248e-19 5.28638e-19 7.80363e-19 5.34535e-19 7.85478e-19 5.40288e-19 7.9039e-19 5.45902e-19 7.95303e-19 5.51385e-19 8.00012e-19 5.56744e-19 8.04723e-19 5.61985e-19 8.09229e-19 5.67113e-19 8.13736e-19 5.72134e-19 8.17834e-19 5.77052e-19
1059.39 4.20899e-19 4.20899e-19 2.81414e-31 6.68601e-13 8.16169e-07 2.266e-19 5.21838e-20 2.7129e-19 8.25121e-20 3.21874e-19 1.23658e-19 3.54504e-19 1.53165e-19 3.791e-19 1.76636e-19 3.99057e-19 1.96319e-19 4.16009e-19 2.13372e-19 4.30852e-19 2.28476e-19 4.43879e-19 2.42071e-19 4.55695e-19 2.54459e-19 4.66449e-19 2.65857e-19 4.7629e-19 2.76424e-19 4.85371e-19 2.86287e-19 4.93996e-19 2.95541e-19 5.02011e-19 3.04265e-19 5.09568e-19 3.12521e-19 5.16666e-19 3.20361e-19 5.23459e-19 3.27831e-19 5.29947e-19 3.34965e-19 5.36128e-19 3.41797e-19 5.42003e-19 3.48352e-19 5.4757e-19 3.54655e-19 5.5314e-19 3.60727e-19 5.58402e-19 3.66584e-19 5.63356e-19 3.72244e-19 5.68311e-19 3.77719e-19 5.72958e-19 3.83024e-19 5.77606e-19 3.88169e-19 5.81946e-19 3.93164e-19 5.86286e-19 3.98019e-19 5.90628e-19 4.02743e-19 5.9466e-19 4.07342e-19 5.98538e-19 4.11824e-19 6.02417e-19 4.16195e-19 6.06141e-19 4.20461e-19 6.09866e-19 4.24627e-19 6.13437e-19 4.28699e-19 6.17008e-19 4.32681e-19 6.20425e-19 4.36577e-19 6.23842e-19 4.40391e-19 6.26949e-19 4.44127e-19
1113.77 3.89363e-19 3.89363e-19 2.30358e-31 5.91629e-13 1.26071e-08 1.76387e-19 4.16987e-20 2.10453e-19 6.53608e-20 2.48959e-19 9.7184e-20 2.73775e-19 1.19883e-19 2.92473e-19 1.37891e-19 3.0764e-19 1.52966e-19 3.20519e-19 1.66011e-19 3.31794e-19 1.77555e-19 3.41688e-19 1.87938e-19 3.50662e-19 1.97394e-19 3.58828e-19 2.06089e-19 3.663e-19 2.14148e-19 3.73194e-19 2.21667e-19 3.79742e-19 2.2872e-19 3.85826e-19 2.35367e-19 3.91562e-19 2.41656e-19 3.9695e-19 2.47627e-19 4.02106e-19 2.53314e-19 4.0703e-19 2.58746e-19 4.11721e-19 2.63946e-19 4.16179e-19 2.68935e-19 4.20404e-19 2.73732e-19 4.2463e-19 2.78351e-19 4.28623e-19 2.82808e-19 4.32382e-19 2.87113e-19 4.36142e-19 2.91278e-19 4.39668e-19 2.95312e-19 4.43195e-19 2.99225e-19 4.46487e-19 3.03023e-19 4.4978e-19 3.06715e-19 4.53074e-19 3.10307e-19 4.56133e-19 3.13803e-19 4.59075e-19 3.1721e-19 4.62018e-19 3.20533e-19 4.64843e-19 3.23776e-19 4.67669e-19 3.26942e-19 4.70378e-19 3.30037e-19 4.73087e-19 3.33063e-19 4.75679e-19 3.36023e-19 4.78271e-19 3.38922e-19 4.80627e-19 3.41761e-19
1170.94 3.60329e-19 3.60329e-19 1.88614e-31 5.23449e-13 -4.28951e-07 1.37146e-19 3.32603e-20 1.63107e-19 5.16894e-20 1.92416e-19 7.62705e-20 2.11289e-19 9.37169e-20 2.25504e-19 1.07522e-19 2.3703e-19 1.19061e-19 2.46816e-19 1.29035e-19 2.55381e-19 1.37854e-19 2.62897e-19 1.45781e-19 2.69712e-19 1.52996e-19 2.75914e-19 1.59628e-19 2.81588e-19 1.65773e-19 2.86823e-19 1.71503e-19 2.91795e-19 1.76877e-19 2.96414e-19 1.81941e-19 3.00769e-19 1.8673e-19 3.04859e-19 1.91278e-19 3.08773e-19 1.95608e-19 3.1251e-19 1.99742e-19 3.16071e-19 2.037e-19 3.19455e-19 2.07497e-19 3.22661e-19 2.11147e-19 3.25869e-19 2.14661e-19 3.289e-19 2.18051e-19 3.31752e-19 2.21326e-19 3.34606e-19 2.24494e-19 3.37282e-19 2.27562e-19 3.39958e-19 2.30538e-19 3.42457e-19 2.33427e-19 3.44956e-19 2.36234e-19 3.47455e-19 2.38964e-19 3.49776e-19 2.41622e-19 3.52009e-19 2.44213e-19 3.54242e-19 2.46738e-19 3.56385e-19 2.49203e-19 3.5853e-19 2.5161e-19 3.60585e-19 2.53962e-19 3.6264e-19 2.56262e-19 3.64607e-19 2.58512e-19 3.66573e-19 2.60715e-19 3.68361e-19 2.62872e-19
1231.05 3.33688e-19 3.33688e-19 1.54447e-31 4.6285e-13 5.19148e-07 1.06556e-19 2.64909e-20 1.26343e-19 4.08253e-20 1.48656e-19 5.97957e-20 1.63014e-19 7.31975e-20 1.73824e-19 8.37773e-20 1.82587e-19 9.26077e-20 1.90025e-19 1.00232e-19 1.96535e-19 1.06969e-19 2.02246e-19 1.1302e-19 2.07425e-19 1.18526e-19 2.12137e-19 1.23585e-19 2.16448e-19 1.2827e-19 2.20424e-19 1.32638e-19 2.24201e-19 1.36734e-19 2.27709e-19 1.40592e-19 2.31017e-19 1.4424e-19 2.34124e-19 1.47703e-19 2.37096e-19 1.51001e-19 2.39934e-19 1.54149e-19 2.42639e-19 1.57162e-19 2.45208e-19 1.60052e-19 2.47644e-19 1.6283e-19 2.50079e-19 1.65505e-19 2.5238e-19 1.68085e-19 2.54547e-19 1.70576e-19 2.56713e-19 1.72987e-19 2.58745e-19 1.75321e-19 2.60777e-19 1.77585e-19 2.62674e-19 1.79782e-19 2.64571e-19 1.81917e-19 2.66469e-19 1.83994e-19 2.68231e-19 1.86015e-19 2.69926e-19 1.87985e-19 2.71621e-19 1.89906e-19 2.73249e-19 1.9178e-19 2.74877e-19 1.9361e-19 2.76437e-19 1.95399e-19 2.77997e-19 1.97147e-19 2.7949e-19 1.98858e-19 2.80983e-19 2.00532e-19 2.8234e-19 2.02172e-19
1294.24 3.09141e-19 3.09141e-19 1.26478e-31 4.09129e-13 5.81703e-07 8.27105e-20 2.10637e-20 9.77899e-20 3.21965e-20 1.14777e-19 4.68215e-20 1.25701e-19 5.71086e-20 1.33922e-19 6.52122e-20 1.40585e-19 7.19666e-20 1.4624e-19 7.77932e-20 1.51188e-19 8.29376e-20 1.55529e-19 8.75565e-20 1.59465e-19 9.17567e-20 1.63045e-19 9.56146e-20 1.66321e-19 9.91865e-20 1.69342e-19 1.02516e-19 1.72212e-19 1.05637e-19 1.74877e-19 1.08576e-19 1.7739e-19 1.11355e-19 1.7975e-19 1.13993e-19 1.82008e-19 1.16504e-19 1.84164e-19 1.18901e-19 1.86218e-19 1.21195e-19 1.8817e-19 1.23395e-19 1.9002e-19 1.25509e-19 1.9187e-19 1.27545e-19 1.93618e-19 1.29508e-19 1.95263e-19 1.31404e-19 1.96909e-19 1.33238e-19 1.98452e-19 1.35014e-19 1.99995e-19 1.36736e-19 2.01436e-19 1.38407e-19 2.02876e-19 1.40032e-19 2.04317e-19 1.41611e-19 2.05656e-19 1.43149e-19 2.06943e-19 1.44647e-19 2.0823e-19 1.46108e-19 2.09466e-19 1.47533e-19 2.10702e-19 1.48925e-19 2.11887e-19 1.50285e-19 2.13072e-19 1.51615e-19 2.14205e-19 1.52915e-19 2.15339e-19 1.54188e-19 2.1637e-19 1.55435e-19
1360.67 2.86509e-19 2.86509e-19 1.03565e-31 3.61472e-13 3.86132e-07 6.4145e-20 1.67209e-20 7.56359e-20 2.5355e-20 8.85686e-20 3.6619e-20 9.68804e-20 4.45102e-20 1.03133e-19 5.07139e-20 1.082e-19 5.58785e-20 1.125e-19 6.03297e-20 1.16262e-19 6.42573e-20 1.19562e-19 6.77819e-20 1.22553e-19 7.09857e-20 1.25275e-19 7.39275e-20 1.27764e-19 7.66504e-20 1.3006e-19 7.91879e-20 1.32241e-19 8.15659e-20 1.34266e-19 8.3805e-20 1.36176e-19 8.5922e-20 1.37969e-19 8.79307e-20 1.39685e-19 8.98428e-20 1.41323e-19 9.16678e-20 1.42884e-19 9.34142e-20 1.44367e-19 9.50889e-20 1.45772e-19 9.66983e-20 1.47177e-19 9.82476e-20 1.48505e-19 9.97417e-20 1.49755e-19 1.01185e-19 1.51005e-19 1.0258e-19 1.52177e-19 1.03931e-19 1.53349e-19 1.05242e-19 1.54444e-19 1.06513e-19 1.55538e-19 1.07749e-19 1.56633e-19 1.08951e-19 1.5765e-19 1.1012e-19 1.58627e-19 1.1126e-19 1.59605e-19 1.12371e-19 1.60544e-19 1.13455e-19 1.61483e-19 1.14513e-19 1.62382e-19 1.15548e-19 1.63282e-19 1.16559e-19 1.64143e-19 1.17548e-19 1.65004e-19 1.18516e-19 1.65787e-19 1.19464e-19
1430.51 2.65745e-19 2.65745e-19 8.48004e-32 3.19104e-13 -1.36167e-07 4.97269e-20 1.32579e-20 5.84865e-20 1.99481e-20 6.83369e-20 2.86194e-20 7.46643e-20 3.46716e-20 7.94231e-20 3.94209e-20 8.32785e-20 4.33701e-20 8.65497e-20 4.67712e-20 8.94113e-20 4.97704e-20 9.19211e-20 5.24607e-20 9.41963e-20 5.49052e-20 9.6266e-20 5.7149e-20 9.81592e-20 5.92254e-20 9.99054e-20 6.11601e-20 1.01563e-19 6.29727e-20 1.03104e-19 6.46792e-20 1.04556e-19 6.62924e-20 1.05919e-19 6.78229e-20 1.07223e-19 6.92795e-20 1.08469e-19 7.06697e-20 1.09655e-19 7.19999e-20 1.10783e-19 7.32753e-20 1.11851e-19 7.45009e-20 1.12919e-19 7.56807e-20 1.13929e-19 7.68183e-20 1.14879e-19 7.79169e-20 1.15829e-19 7.89793e-20 1.1672e-19 8.0008e-20 1.17611e-19 8.10054e-20 1.18443e-19 8.19734e-20 1.19275e-19 8.29138e-20 1.20107e-19 8.38284e-20 1.2088e-19 8.47187e-20 1.21623e-19 8.55859e-20 1.22366e-19 8.64315e-20 1.2308e-19 8.72565e-20 1.23793e-19 8.80619e-20 1.24477e-19 8.88489e-20 1.25161e-19 8.96184e-20 1.25816e-19 9.0371e-20 1.2647e-19 9.11076e-20 1.27065e-19 9.1829e-20
1503.94 2.46508e-19 2.46508e-19 6.94385e-32 2.81688e-13 -2.05594e-06 3.851e-20 1.0493e-20 4.51855e-20 1.56692e-20 5.26867e-20 2.23375e-20 5.75028e-20 2.69756e-20 6.11239e-20 3.0609e-20 6.4057e-20 3.36272e-20 6.65454e-20 3.62247e-20 6.87221e-20 3.8514e-20 7.06309e-20 4.05666e-20 7.23613e-20 4.24311e-20 7.39352e-20 4.4142e-20 7.53749e-20 4.57249e-20 7.67026e-20 4.71995e-20 7.79634e-20 4.85808e-20 7.91344e-20 4.9881e-20 8.02383e-20 5.111e-20 8.12749e-20 5.22758e-20 8.22666e-20 5.33853e-20 8.32135e-20 5.4444e-20 8.41155e-20 5.54569e-20 8.49726e-20 5.64282e-20 8.57847e-20 5.73613e-20 8.65969e-20 5.82595e-20 8.73642e-20 5.91256e-20 8.80864e-20 5.99618e-20 8.88088e-20 6.07705e-20 8.94861e-20 6.15535e-20 9.01635e-20 6.23127e-20 9.07958e-20 6.30494e-20 9.14282e-20 6.37651e-20 9.20606e-20 6.44611e-20 9.2648e-20 6.51386e-20 9.32128e-20 6.57985e-20 9.37777e-20 6.64419e-20 9.432e-20 6.70697e-20 9.48624e-20 6.76825e-20 9.53822e-20 6.82813e-20 9.59021e-20 6.88667e-20 9.63994e-20 6.94393e-20 9.68968e-20 6.99997e-20 9.7349e-20 7.05485e-20
1581.14 2.28906e-19 2.28906e-19 5.68566e-32 2.48384e-13 1.4471e-06 2.98231e-20 8.29811e-21 3.49141e-20 1.23013e-20 4.06307e-20 1.74291e-20 4.42994e-20 2.09843e-20 4.70572e-20 2.37651e-20 4.92907e-20 2.60728e-20 5.11853e-20 2.80576e-20 5.28423e-20 2.9806e-20 5.42955e-20 3.1373e-20 5.56126e-20 3.2796e-20 5.68106e-20 3.41015e-20 5.79063e-20 3.5309e-20 5.89169e-20 3.64337e-20 5.98764e-20 3.7487e-20 6.07676e-20 3.84785e-20 6.16077e-20 3.94154e-20 6.23965e-20 4.03041e-20 6.31512e-20 4.11498e-20 6.38717e-20 4.19568e-20 6.45581e-20 4.27287e-20 6.52103e-20 4.34688e-20 6.58282e-20 4.41798e-20 6.64463e-20 4.48642e-20 6.70301e-20 4.55241e-20 6.75796e-20 4.61612e-20 6.81293e-20 4.67773e-20 6.86446e-20 4.73738e-20 6.916e-20 4.7952e-20 6.96411e-20 4.85132e-20 7.01222e-20 4.90583e-20 7.06034e-20 4.95885e-20 7.10503e-20 5.01044e-20 7.148e-20 5.0607e-20 7.19097e-20 5.10971e-20 7.23223e-20 5.15751e-20 7.2735e-20 5.20418e-20 7.31305e-20 5.24978e-20 7.3526e-20 5.29436e-20 7.39043e-20 5.33796e-20 7.42827e-20 5.38063e-20 7.46267e-20 5.42242e-20
1662.3 2.12516e-19 2.12516e-19 4.65615e-32 2.19096e-13 9.53763e-07 2.3068e-20 6.54929e-21 2.69485e-20 9.64027e-21 3.13032e-20 1.35787e-20 3.40967e-20 1.63013e-20 3.61961e-20 1.84278e-20 3.78962e-20 2.0191e-20 3.93382e-20 2.17065e-20 4.05992e-20 2.30409e-20 4.1705e-20 2.42366e-20 4.27073e-20 2.5322e-20 4.36188e-20 2.63175e-20 4.44526e-20 2.72382e-20 4.52214e-20 2.80955e-20 4.59514e-20 2.88984e-20 4.66295e-20 2.9654e-20 4.72686e-20 3.0368e-20 4.78687e-20 3.10451e-20 4.84428e-20 3.16894e-20 4.89909e-20 3.23042e-20 4.95131e-20 3.28922e-20 5.00092e-20 3.34559e-20 5.04792e-20 3.39975e-20 5.09494e-20 3.45187e-20 5.13934e-20 3.50213e-20 5.18114e-20 3.55064e-20 5.22295e-20 3.59756e-20 5.26215e-20 3.64298e-20 5.30135e-20 3.68701e-20 5.33794e-20 3.72974e-20 5.37454e-20 3.77124e-20 5.41114e-20 3.81161e-20 5.44513e-20 3.85089e-20 5.47781e-20 3.88915e-20 5.5105e-20 3.92645e-20 5.54188e-20 3.96285e-20 5.57326e-20 3.99837e-20 5.60334e-20 4.03308e-20 5.63342e-20 4.06702e-20 5.6622e-20 4.1002e-20 5.69097e-20 4.13269e-20 5.71713e-20 4.16449e-20
1747.63 1.9752e-19 1.9752e-19 3.81258e-32 1.93023e-13 -4.98285e-07 1.7846e-20 5.16587e-21 2.08063e-20 7.55211e-21 2.41264e-20 1.05777e-20 2.62555e-20 1.26635e-20 2.78553e-20 1.42905e-20 2.91506e-20 1.56385e-20 3.02491e-20 1.67965e-20 3.12098e-20 1.78157e-20 3.20521e-20 1.87286e-20 3.28155e-20 1.95572e-20 3.35098e-20 2.03169e-20 3.41448e-20 2.10195e-20 3.47303e-20 2.16736e-20 3.52863e-20 2.2286e-20 3.58027e-20 2.28624e-20 3.62894e-20 2.34069e-20 3.67463e-20 2.39233e-20 3.71835e-20 2.44146e-20 3.7601e-20 2.48833e-20 3.79985e-20 2.53317e-20 3.83763e-20 2.57615e-20 3.87342e-20 2.61743e-20 3.90922e-20 2.65717e-20 3.94304e-20 2.69547e-20 3.97487e-20 2.73245e-20 4.0067e-20 2.76821e-20 4.03654e-20 2.80283e-20 4.06639e-20 2.83639e-20 4.09425e-20 2.86895e-20 4.12212e-20 2.90058e-20 4.14998e-20 2.93134e-20 4.17586e-20 2.96127e-20 4.20074e-20 2.99043e-20 4.22563e-20 3.01886e-20 4.24952e-20 3.04659e-20 4.27342e-20 3.07366e-20 4.29632e-20 3.1001e-20 4.31922e-20 3.12596e-20 4.34113e-20 3.15124e-20 4.36304e-20 3.17599e-20 4.38295e-20 3.20023e-20
1837.33 1.83596e-19 1.83596e-19 3.12204e-32 1.70049e-13 -1.32089e-06 1.37951e-20 4.06825e-21 1.6053e-20 5.90836e-21 1.8584e-20 8.23083e-21 2.02065e-20 9.82796e-21 2.14255e-20 1.10723e-20 2.24123e-20 1.21025e-20 2.32492e-20 1.2987e-20 2.3981e-20 1.37652e-20 2.46225e-20 1.44621e-20 2.5204e-20 1.50944e-20 2.57328e-20 1.56742e-20 2.62164e-20 1.62101e-20 2.66624e-20 1.67091e-20 2.70858e-20 1.71762e-20 2.7479e-20 1.76157e-20 2.78496e-20 1.8031e-20 2.81976e-20 1.84247e-20 2.85306e-20 1.87993e-20 2.88484e-20 1.91567e-20 2.91512e-20 1.94985e-20 2.94388e-20 1.98261e-20 2.97114e-20 2.01408e-20 2.9984e-20 2.04437e-20 3.02415e-20 2.07356e-20 3.04838e-20 2.10175e-20 3.07262e-20 2.129e-20 3.09534e-20 2.15538e-20 3.11807e-20 2.18096e-20 3.13928e-20 2.20577e-20 3.1605e-20 2.22987e-20 3.18172e-20 2.25331e-20 3.20142e-20 2.27612e-20 3.22036e-20 2.29834e-20 3.23931e-20 2.32e-20 3.2575e-20 2.34113e-20 3.2757e-20 2.36175e-20 3.29313e-20 2.3819e-20 3.31057e-20 2.4016e-20 3.32725e-20 2.42086e-20 3.34393e-20 2.43972e-20 3.35909e-20 2.45818e-20
1931.64 1.70821e-19 1.70821e-19 2.55665e-32 1.49668e-13 7.40495e-07 1.06651e-20 3.20184e-21 1.23885e-20 4.62061e-21 1.43196e-20 6.40373e-21 1.55571e-20 7.62715e-21 1.64867e-20 8.57929e-21 1.72391e-20 9.36703e-21 1.78772e-20 1.00431e-20 1.84351e-20 1.06377e-20 1.89242e-20 1.117e-20 1.93675e-20 1.16529e-20 1.97706e-20 1.20956e-20 2.01392e-20 1.25048e-20 2.04791e-20 1.28856e-20 2.08019e-20 1.32422e-20 2.11016e-20 1.35776e-20 2.13841e-20 1.38945e-20 2.16494e-20 1.4195e-20 2.19031e-20 1.44808e-20 2.21454e-20 1.47535e-20 2.23761e-20 1.50142e-20 2.25954e-20 1.52642e-20 2.28031e-20 1.55043e-20 2.30108e-20 1.57353e-20 2.32071e-20 1.5958e-20 2.33918e-20 1.6173e-20 2.35765e-20 1.63809e-20 2.37497e-20 1.65821e-20 2.39229e-20 1.67771e-20 2.40845e-20 1.69664e-20 2.42462e-20 1.71502e-20 2.44079e-20 1.7329e-20 2.4558e-20 1.75029e-20 2.47024e-20 1.76724e-20 2.48468e-20 1.78375e-20 2.49854e-20 1.79986e-20 2.51241e-20 1.81559e-20 2.52569e-20 1.83096e-20 2.53898e-20 1.84598e-20 2.55169e-20 1.86067e-20 2.5644e-20 1.87504e-20 2.57596e-20 1.88912e-20
2030.79 1.58724e-19 1.58724e-19 2.09381e-32 1.31915e-13 1.78294e-06 8.22787e-21 2.51275e-21 9.54132e-21 3.60407e-21 1.10124e-20 4.9703e-21 1.19549e-20 5.90572e-21 1.26627e-20 6.63299e-21 1.32356e-20 7.23432e-21 1.37214e-20 7.75018e-21 1.41462e-20 8.20376e-21 1.45185e-20 8.60972e-21 1.48559e-20 8.97792e-21 1.51628e-20 9.3154e-21 1.54434e-20 9.62731e-21 1.57022e-20 9.91761e-21 1.59478e-20 1.01893e-20 1.6176e-20 1.0445e-20 1.6391e-20 1.06864e-20 1.65929e-20 1.09154e-20 1.6786e-20 1.11331e-20 1.69704e-20 1.13408e-20 1.7146e-20 1.15395e-20 1.73129e-20 1.17299e-20 1.7471e-20 1.19128e-20 1.76291e-20 1.20888e-20 1.77784e-20 1.22584e-20 1.7919e-20 1.24222e-20 1.80596e-20 1.25805e-20 1.81914e-20 1.27337e-20 1.83232e-20 1.28823e-20 1.84462e-20 1.30264e-20 1.85693e-20 1.31664e-20 1.86923e-20 1.33025e-20 1.88066e-20 1.3435e-20 1.89165e-20 1.3564e-20 1.90263e-20 1.36898e-20 1.91318e-20 1.38125e-20 1.92373e-20 1.39322e-20 1.93384e-20 1.40492e-20 1.94396e-20 1.41636e-20 1.95363e-20 1.42754e-20 1.9633e-20 1.43849e-20 1.97209e-20 1.44921e-20
2135.03 1.47147e-19 1.47147e-19 1.71451e-32 1.16516e-13 5.6775e-07 6.32839e-21 1.96456e-21 7.32692e-21 2.80129e-21 8.44484e-21 3.84503e-21 9.16091e-21 4.55827e-21 9.69863e-21 5.11229e-21 1.01338e-20 5.57013e-21 1.05028e-20 5.96274e-21 1.08254e-20 6.30786e-21 1.11082e-20 6.61667e-21 1.13644e-20 6.89671e-21 1.15975e-20 7.15335e-21 1.18106e-20 7.39052e-21 1.20071e-20 7.61123e-21 1.21936e-20 7.81781e-21 1.23669e-20 8.01212e-21 1.25301e-20 8.19566e-21 1.26834e-20 8.36967e-21 1.28301e-20 8.53518e-21 1.29701e-20 8.69304e-21 1.31035e-20 8.84401e-21 1.32302e-20 8.9887e-21 1.33502e-20 9.12767e-21 1.34702e-20 9.26139e-21 1.35836e-20 9.39028e-21 1.36904e-20 9.51471e-21 1.37971e-20 9.635e-21 1.38972e-20 9.75143e-21 1.39973e-20 9.86429e-21 1.40907e-20 9.97379e-21 1.41841e-20 1.00801e-20 1.42775e-20 1.01836e-20 1.43643e-20 1.02842e-20 1.44477e-20 1.03822e-20 1.45311e-20 1.04777e-20 1.46112e-20 1.05709e-20 1.46913e-20 1.06619e-20 1.47681e-20 1.07508e-20 1.48448e-20 1.08377e-20 1.49183e-20 1.09226e-20 1.49917e-20 1.10058e-20 1.50585e-20 1.10872e-20
2244.63 1.36339e-19 1.36339e-19 1.4038e-32 1.02964e-13 9.63814e-07 4.86127e-21 1.53293e-21 5.61983e-21 2.17354e-21 6.46879e-21 2.96998e-21 7.01247e-21 3.51327e-21 7.42068e-21 3.93493e-21 7.75103e-21 4.28321e-21 8.03111e-21 4.58177e-21 8.27596e-21 4.84415e-21 8.4906e-21 5.07887e-21 8.68509e-21 5.2917e-21 8.86195e-21 5.48672e-21 9.02368e-21 5.66692e-21 9.1728e-21 5.8346e-21 9.31437e-21 5.99153e-21 9.44584e-21 6.13914e-21 9.56975e-21 6.27855e-21 9.68609e-21 6.41071e-21 9.79738e-21 6.53641e-21 9.90362e-21 6.6563e-21 1.00048e-20 6.77095e-21 1.0101e-20 6.88083e-21 1.0192e-20 6.98635e-21 1.02831e-20 7.0879e-21 1.03692e-20 7.18577e-21 1.04502e-20 7.28024e-21 1.05312e-20 7.37158e-21 1.06071e-20 7.45998e-21 1.0683e-20 7.54567e-21 1.07539e-20 7.6288e-21 1.08248e-20 7.70955e-21 1.08957e-20 7.78806e-21 1.09615e-20 7.86446e-21 1.10248e-20 7.93887e-21 1.10881e-20 8.0114e-21 1.11489e-20 8.08215e-21 1.12097e-20 8.15121e-21 1.12679e-20 8.21867e-21 1.13262e-20 8.28462e-21 1.13819e-20 8.34912e-21 1.14376e-20 8.41223e-21 1.14883e-20 8.47403e-21
2359.84 1.26377e-19 1.26377e-19 1.14946e-32 9.09554e-14 1.57948e-06 3.73335e-21 1.19501e-21 4.30975e-21 1.68527e-21 4.95466e-21 2.29293e-21 5.36757e-21 2.70677e-21 5.67757e-21 3.02772e-21 5.92842e-21 3.2927e-21 6.14108e-21 3.51977e-21 6.327e-21 3.71928e-21 6.48996e-21 3.89774e-21 6.63762e-21 4.05952e-21 6.7719e-21 4.20774e-21 6.89468e-21 4.34469e-21 7.0079e-21 4.47212e-21 7.11537e-21 4.59137e-21 7.21518e-21 4.70352e-21 7.30924e-21 4.80944e-21 7.39756e-21 4.90985e-21 7.48204e-21 5.00535e-21 7.56269e-21 5.09643e-21 7.63951e-21 5.18352e-21 7.71249e-21 5.26698e-21 7.78164e-21 5.34714e-21 7.85079e-21 5.42427e-21 7.91611e-21 5.49861e-21 7.97758e-21 5.57036e-21 8.03906e-21 5.63973e-21 8.0967e-21 5.70687e-21 8.15435e-21 5.77195e-21 8.20815e-21 5.83509e-21 8.26196e-21 5.89641e-21 8.31577e-21 5.95604e-21 8.36574e-21 6.01406e-21 8.41378e-21 6.07056e-21 8.46183e-21 6.12564e-21 8.50796e-21 6.17937e-21 8.5541e-21 6.23181e-21 8.59831e-21 6.28304e-21 8.64252e-21 6.33312e-21 8.68481e-21 6.3821e-21 8.7271e-21 6.43002e-21 8.76555e-21 6.47695e-21
2480.97 1.17104e-19 1.17104e-19 9.41332e-33 8.03839e-14 1.04666e-06 2.86439e-21 9.30072e-22 3.30218e-21 1.30486e-21 3.79186e-21 1.7681e-21 4.10532e-21 2.08312e-21 4.34064e-21 2.32726e-21 4.53105e-21 2.52874e-21 4.69246e-21 2.70135e-21 4.83357e-21 2.85298e-21 4.95725e-21 2.98858e-21 5.06932e-21 3.1115e-21 5.17122e-21 3.22411e-21 5.2644e-21 3.32814e-21 5.35032e-21 3.42492e-21 5.43188e-21 3.5155e-21 5.50762e-21 3.60067e-21 5.579e-21 3.68111e-21 5.64602e-21 3.75736e-21 5.71013e-21 3.82988e-21 5.77133e-21 3.89904e-21 5.82962e-21 3.96517e-21 5.88501e-21 4.02854e-21 5.93748e-21 4.0894e-21 5.98995e-21 4.14796e-21 6.03951e-21 4.2044e-21 6.08616e-21 4.25888e-21 6.13281e-21 4.31154e-21 6.17655e-21 4.36252e-21 6.22029e-21 4.41192e-21 6.26112e-21 4.45985e-21 6.30194e-21 4.5064e-21 6.34277e-21 4.55167e-21 6.38069e-21 4.59571e-21 6.41715e-21 4.6386e-21 6.4536e-21 4.68042e-21 6.48861e-21 4.7212e-21 6.52361e-21 4.76101e-21 6.55716e-21 4.79989e-21 6.5907e-21 4.83791e-21 6.62279e-21 4.87508e-21 6.65488e-21 4.91146e-21 6.68406e-21 4.94708e-21
2608.32 1.08528e-19 1.08528e-19 7.70764e-33 7.10201e-14 -2.47728e-06 2.19668e-21 7.23073e-22 2.5292e-21 1.00943e-21 2.90103e-21 1.36247e-21 3.13902e-21 1.60222e-21 3.31766e-21 1.78791e-21 3.4622e-21 1.94109e-21 3.58472e-21 2.07229e-21 3.69182e-21 2.18752e-21 3.7857e-21 2.29056e-21 3.87076e-21 2.38395e-21 3.9481e-21 2.46949e-21 4.01882e-21 2.54852e-21 4.08403e-21 2.62204e-21 4.14593e-21 2.69083e-21 4.20342e-21 2.75552e-21 4.25759e-21 2.81661e-21 4.30845e-21 2.87451e-21 4.35711e-21 2.92958e-21 4.40355e-21 2.9821e-21 4.44779e-21 3.03231e-21 4.48982e-21 3.08043e-21 4.52964e-21 3.12665e-21 4.56946e-21 3.17111e-21 4.60707e-21 3.21396e-21 4.64248e-21 3.25532e-21 4.67788e-21 3.29531e-21 4.71107e-21 3.33401e-21 4.74426e-21 3.37152e-21 4.77525e-21 3.4079e-21 4.80623e-21 3.44325e-21 4.83721e-21 3.47761e-21 4.86598e-21 3.51104e-21 4.89365e-21 3.54361e-21 4.92132e-21 3.57535e-21 4.94788e-21 3.60631e-21 4.97444e-21 3.63653e-21 4.9999e-21 3.66605e-21 5.02536e-21 3.6949e-21 5.04971e-21 3.72312e-21 5.07406e-21 3.75074e-21 5.0962e-21 3.77777e-21
2742.21 1.00564e-19 1.00564e-19 6.31135e-33 6.27593e-14 -3.53624e-06 1.68343e-21 5.61394e-22 1.93592e-21 7.80019e-22 2.21819e-21 1.04891e-21 2.39883e-21 1.23129e-21 2.53442e-21 1.37247e-21 2.64411e-21 1.48889e-21 2.7371e-21 1.58859e-21 2.81837e-21 1.67613e-21 2.88961e-21 1.7544e-21 2.95416e-21 1.82533e-21 3.01285e-21 1.8903e-21 3.06652e-21 1.95031e-21 3.116e-21 2.00614e-21 3.16297e-21 2.05837e-21 3.20659e-21 2.10749e-21 3.2477e-21 2.15387e-21 3.28629e-21 2.19784e-21 3.32321e-21 2.23965e-21 3.35845e-21 2.27952e-21 3.39202e-21 2.31764e-21 3.42391e-21 2.35417e-21 3.45412e-21 2.38925e-21 3.48434e-21 2.423e-21 3.51287e-21 2.45553e-21 3.53973e-21 2.48693e-21 3.5666e-21 2.51728e-21 3.59178e-21 2.54665e-21 3.61696e-21 2.57512e-21 3.64047e-21 2.60274e-21 3.66398e-21 2.62957e-21 3.68749e-21 2.65565e-21 3.70932e-21 2.68103e-21 3.73031e-21 2.70574e-21 3.7513e-21 2.72983e-21 3.77145e-21 2.75333e-21 3.79161e-21 2.77626e-21 3.81092e-21 2.79867e-21 3.83023e-21 2.82057e-21 3.84871e-21 2.84198e-21 3.86718e-21 2.86294e-21 3.88398e-21 2.88346e-21
2882.97 9.31957e-20 9.31957e-20 5.16722e-33 5.54448e-14 2.86046e-06 1.28955e-21 4.3542e-22 1.48128e-21 6.02253e-22 1.69557e-21 8.06998e-22 1.83269e-21 9.4572e-22 1.9356e-21 1.05305e-21 2.01886e-21 1.14152e-21 2.08943e-21 1.21727e-21 2.15111e-21 1.28378e-21 2.20518e-21 1.34323e-21 2.25416e-21 1.3971e-21 2.2987e-21 1.44645e-21 2.33943e-21 1.49202e-21 2.37698e-21 1.53441e-21 2.41262e-21 1.57408e-21 2.44572e-21 1.61137e-21 2.47692e-21 1.64659e-21 2.5062e-21 1.67997e-21 2.53422e-21 1.71171e-21 2.56096e-21 1.74198e-21 2.58643e-21 1.77092e-21 2.61063e-21 1.79865e-21 2.63356e-21 1.82528e-21 2.65649e-21 1.8509e-21 2.67814e-21 1.8756e-21 2.69852e-21 1.89943e-21 2.7189e-21 1.92247e-21 2.73801e-21 1.94477e-21 2.75712e-21 1.96638e-21 2.77496e-21 1.98734e-21 2.7928e-21 2.00771e-21 2.81064e-21 2.0275e-21 2.8272e-21 2.04676e-21 2.84313e-21 2.06552e-21 2.85906e-21 2.08381e-21 2.87435e-21 2.10164e-21 2.88964e-21 2.11905e-21 2.9043e-21 2.13606e-21 2.91895e-21 2.15268e-21 2.93297e-21 2.16893e-21 2.94699e-21 2.18484e-21 2.95973e-21 2.20041e-21
3030.95 8.63741e-20 8.63741e-20 4.23112e-33 4.8986e-14 5.55558e-07 9.87416e-22 3.37376e-22 1.133e-21 4.64628e-22 1.29568e-21 6.20491e-22 1.39977e-21 7.25984e-22 1.47788e-21 8.07564e-22 1.54107e-21 8.74798e-22 1.59464e-21 9.32348e-22 1.64145e-21 9.82868e-22 1.68248e-21 1.02803e-21 1.71966e-21 1.06894e-21 1.75346e-21 1.10642e-21 1.78437e-21 1.14102e-21 1.81287e-21 1.17321e-21 1.83992e-21 1.20333e-21 1.86504e-21 1.23165e-21 1.88871e-21 1.25839e-21 1.91093e-21 1.28373e-21 1.93219e-21 1.30783e-21 1.95249e-21 1.33081e-21 1.97182e-21 1.35278e-21 1.99018e-21 1.37384e-21 2.00758e-21 1.39405e-21 2.02498e-21 1.4135e-21 2.04141e-21 1.43225e-21 2.05688e-21 1.45034e-21 2.07234e-21 1.46783e-21 2.08684e-21 1.48476e-21 2.10135e-21 1.50116e-21 2.11488e-21 1.51707e-21 2.12842e-21 1.53253e-21 2.14195e-21 1.54756e-21 2.15452e-21 1.56218e-21 2.16661e-21 1.57642e-21 2.17869e-21 1.5903e-21 2.1903e-21 1.60383e-21 2.2019e-21 1.61705e-21 2.21302e-21 1.62995e-21 2.22414e-21 1.64257e-21 2.23478e-21 1.65491e-21 2.24542e-21 1.66698e-21 2.25509e-21 1.6788e-21
3186.53 8.00544e-20 8.00544e-20 3.4643e-33 4.32744e-14 -2.80101e-06 7.55735e-22 2.61148e-22 8.6627e-22 3.58166e-22 9.89775e-22 4.76782e-22 1.06878e-21 5.56992e-22 1.12807e-21 6.18992e-22 1.17604e-21 6.70078e-22 1.21669e-21 7.13796e-22 1.25222e-21 7.5217e-22 1.28336e-21 7.86468e-22 1.31157e-21 8.17542e-22 1.33723e-21 8.45997e-22 1.36068e-21 8.72277e-22 1.38231e-21 8.9672e-22 1.40284e-21 9.19588e-22 1.4219e-21 9.41089e-22 1.43986e-21 9.6139e-22 1.45673e-21 9.8063e-22 1.47286e-21 9.98926e-22 1.48826e-21 1.01637e-21 1.50293e-21 1.03305e-21 1.51687e-21 1.04903e-21 1.53007e-21 1.06438e-21 1.54327e-21 1.07915e-21 1.55574e-21 1.09338e-21 1.56748e-21 1.10711e-21 1.57922e-21 1.12039e-21 1.59022e-21 1.13323e-21 1.60123e-21 1.14569e-21 1.6115e-21 1.15777e-21 1.62177e-21 1.1695e-21 1.63204e-21 1.1809e-21 1.64158e-21 1.192e-21 1.65075e-21 1.20281e-21 1.65992e-21 1.21334e-21 1.66873e-21 1.22362e-21 1.67753e-21 1.23365e-21 1.68597e-21 1.24344e-21 1.69441e-21 1.25302e-21 1.70248e-21 1.26238e-21 1.71055e-21 1.27155e-21 1.71789e-21 1.28052e-21
3350.09 7.41892e-20 7.41892e-20 2.83643e-33 3.82323e-14 2.13165e-06 5.7809e-22 2.01922e-22 6.62002e-22 2.75848e-22 7.55744e-22 3.66083e-22 8.15708e-22 4.27049e-22 8.60703e-22 4.74157e-22 8.97101e-22 5.12962e-22 9.27949e-22 5.46166e-22 9.54912e-22 5.75307e-22 9.78543e-22 6.0135e-22 9.99952e-22 6.24945e-22 1.01942e-21 6.46549e-22 1.03722e-21 6.66501e-22 1.05363e-21 6.85057e-22 1.0692e-21 7.02417e-22 1.08367e-21 7.18738e-22 1.0973e-21 7.34149e-22 1.1101e-21 7.48754e-22 1.12234e-21 7.62641e-22 1.13402e-21 7.75883e-22 1.14515e-21 7.88544e-22 1.15573e-21 8.00675e-22 1.16574e-21 8.12323e-22 1.17576e-21 8.2353e-22 1.18522e-21 8.3433e-22 1.19413e-21 8.44753e-22 1.20303e-21 8.54829e-22 1.21138e-21 8.6458e-22 1.21973e-21 8.74031e-22 1.22753e-21 8.83199e-22 1.23532e-21 8.92102e-22 1.24311e-21 9.00759e-22 1.25035e-21 9.09181e-22 1.25731e-21 9.17383e-22 1.26427e-21 9.25378e-22 1.27095e-21 9.33176e-22 1.27763e-21 9.40787e-22 1.28403e-21 9.48221e-22 1.29043e-21 9.55488e-22 1.29656e-21 9.62594e-22 1.30268e-21 9.69548e-22 1.30825e-21 9.76356e-22
3522.05 6.87302e-20 6.87302e-20 2.32275e-33 3.37952e-14 -8.41495e-06 4.41863e-22 1.55928e-22 5.05538e-22 2.12216e-22 5.76663e-22 2.80819e-22 6.22154e-22 3.27135e-22 6.56288e-22 3.62909e-22 6.83899e-22 3.92372e-22 7.073e-22 4.17579e-22 7.27753e-22 4.39699e-22 7.45678e-22 4.59466e-22 7.61918e-22 4.77373e-22 7.76683e-22 4.93769e-22 7.90184e-22 5.0891e-22 8.02631e-22 5.22992e-22 8.14446e-22 5.36165e-22 8.25418e-22 5.4855e-22 8.35757e-22 5.60243e-22 8.45464e-22 5.71325e-22 8.54749e-22 5.81862e-22 8.63613e-22 5.91909e-22 8.72054e-22 6.01515e-22 8.80074e-22 6.10719e-22 8.87672e-22 6.19557e-22 8.95271e-22 6.28059e-22 9.02447e-22 6.36253e-22 9.09202e-22 6.44161e-22 9.15956e-22 6.51805e-22 9.22289e-22 6.59203e-22 9.28622e-22 6.66373e-22 9.34533e-22 6.73328e-22 9.40444e-22 6.80082e-22 9.46355e-22 6.86649e-22 9.51844e-22 6.93039e-22 9.57121e-22 6.99261e-22 9.624e-22 7.05326e-22 9.67466e-22 7.11242e-22 9.72534e-22 7.17015e-22 9.7739e-22 7.22655e-22 9.82246e-22 7.28168e-22 9.86891e-22 7.33559e-22 9.91536e-22 7.38834e-22 9.95759e-22 7.43998e-22
3702.84 6.36965e-20 6.36965e-20 1.90165e-33 2.98549e-14 3.62569e-06 3.37726e-22 1.20347e-22 3.86059e-22 1.63206e-22 4.4004e-22 2.15369e-22 4.74564e-22 2.50562e-22 5.00467e-22 2.77736e-22 5.21419e-22 3.00111e-22 5.39177e-22 3.19252e-22 5.54697e-22 3.36048e-22 5.68298e-22 3.51055e-22 5.80621e-22 3.6465e-22 5.91825e-22 3.77096e-22 6.02069e-22 3.8859e-22 6.11514e-22 3.99279e-22 6.20479e-22 4.09278e-22 6.28804e-22 4.18679e-22 6.36649e-22 4.27554e-22 6.44014e-22 4.35965e-22 6.51059e-22 4.43963e-22 6.57784e-22 4.51589e-22 6.64189e-22 4.58879e-22 6.70274e-22 4.65865e-22 6.76039e-22 4.72572e-22 6.81805e-22 4.79025e-22 6.8725e-22 4.85243e-22 6.92375e-22 4.91245e-22 6.975e-22 4.97046e-22 7.02305e-22 5.0266e-22 7.07109e-22 5.08101e-22 7.11594e-22 5.1338e-22 7.16079e-22 5.18506e-22 7.20564e-22 5.23489e-22 7.24728e-22 5.28338e-22 7.28733e-22 5.3306e-22 7.32738e-22 5.37663e-22 7.36582e-22 5.42152e-22 7.40426e-22 5.46533e-22 7.44111e-22 5.50813e-22 7.47795e-22 5.54996e-22 7.5132e-22 5.59087e-22 7.54844e-22 5.6309e-22 7.58048e-22 5.67009e-22
3892.91 5.90332e-20 5.90332e-20 1.55695e-33 2.63742e-14 6.86184e-06 2.58042e-22 9.28093e-23 2.94728e-22 1.25432e-22 3.35697e-22 1.65089e-22 3.61897e-22 1.91826e-22 3.81554e-22 2.12465e-22 3.97454e-22 2.29457e-22 4.10929e-22 2.43991e-22 4.22705e-22 2.56743e-22 4.33027e-22 2.68136e-22 4.42377e-22 2.78456e-22 4.50879e-22 2.87905e-22 4.58652e-22 2.9663e-22 4.65818e-22 3.04743e-22 4.72621e-22 3.12333e-22 4.78937e-22 3.19468e-22 4.8489e-22 3.26205e-22 4.90478e-22 3.32589e-22 4.95824e-22 3.38659e-22 5.00927e-22 3.44446e-22 5.05787e-22 3.49979e-22 5.10404e-22 3.55281e-22 5.14778e-22 3.60371e-22 5.19153e-22 3.65269e-22 5.23284e-22 3.69988e-22 5.27173e-22 3.74543e-22 5.31061e-22 3.78945e-22 5.34707e-22 3.83206e-22 5.38353e-22 3.87335e-22 5.41755e-22 3.91341e-22 5.45158e-22 3.95231e-22 5.48561e-22 3.99013e-22 5.51721e-22 4.02692e-22 5.54759e-22 4.06276e-22 5.57798e-22 4.09769e-22 5.60715e-22 4.13175e-22 5.63632e-22 4.165e-22 5.66427e-22 4.19748e-22 5.69223e-22 4.22922e-22 5.71897e-22 4.26026e-22 5.74571e-22 4.29064e-22 5.77002e-22 4.32038e-22
4092.73 5.47122e-20 5.47122e-20 1.27474e-33 2.3299e-14 2.93285e-06 1.97089e-22 7.15155e-23 2.24934e-22 9.63402e-23 2.56027e-22 1.26482e-22 2.75909e-22 1.46793e-22 2.90826e-22 1.62468e-22 3.02892e-22 1.7537e-22 3.13116e-22 1.86405e-22 3.22053e-22 1.96086e-22 3.29885e-22 2.04735e-22 3.3698e-22 2.12569e-22 3.43431e-22 2.19742e-22 3.49329e-22 2.26364e-22 3.54766e-22 2.32522e-22 3.59928e-22 2.38283e-22 3.64721e-22 2.43699e-22 3.69238e-22 2.48812e-22 3.73478e-22 2.53657e-22 3.77534e-22 2.58264e-22 3.81406e-22 2.62656e-22 3.85093e-22 2.66855e-22 3.88597e-22 2.70879e-22 3.91916e-22 2.74742e-22 3.95235e-22 2.78459e-22 3.98369e-22 2.8204e-22 4.0132e-22 2.85497e-22 4.0427e-22 2.88838e-22 4.07036e-22 2.92071e-22 4.09803e-22 2.95205e-22 4.12384e-22 2.98245e-22 4.14966e-22 3.01197e-22 4.17548e-22 3.04067e-22 4.19946e-22 3.06859e-22 4.22251e-22 3.09578e-22 4.24556e-22 3.12229e-22 4.2677e-22 3.14814e-22 4.28983e-22 3.17337e-22 4.31104e-22 3.19801e-22 4.33225e-22 3.2221e-22 4.35254e-22 3.24566e-22 4.37282e-22 3.26871e-22 4.39127e-22 3.29128e-22
4302.81 5.07048e-20 5.07048e-20 1.04363e-33 2.05826e-14 1.00138e-06 1.50475e-22 5.50621e-23 1.71608e-22 7.39461e-23 1.95203e-22 9.68516e-23 2.1029e-22 1.12278e-22 2.21609e-22 1.2418e-22 2.30764e-22 1.33976e-22 2.38522e-22 1.42353e-22 2.45303e-22 1.49702e-22 2.51245e-22 1.56267e-22 2.56628e-22 1.62214e-22 2.61523e-22 1.67657e-22 2.65998e-22 1.72683e-22 2.70124e-22 1.77358e-22 2.7404e-22 1.81729e-22 2.77676e-22 1.8584e-22 2.81103e-22 1.8972e-22 2.8432e-22 1.93397e-22 2.87398e-22 1.96893e-22 2.90335e-22 2.00226e-22 2.93133e-22 2.03413e-22 2.95791e-22 2.06466e-22 2.98309e-22 2.09398e-22 3.00827e-22 2.12218e-22 3.03206e-22 2.14936e-22 3.05444e-22 2.17559e-22 3.07683e-22 2.20094e-22 3.09781e-22 2.22548e-22 3.1188e-22 2.24925e-22 3.13839e-22 2.27232e-22 3.15798e-22 2.29472e-22 3.17757e-22 2.3165e-22 3.19576e-22 2.33769e-22 3.21325e-22 2.35832e-22 3.23074e-22 2.37843e-22 3.24753e-22 2.39805e-22 3.26432e-22 2.41719e-22 3.28041e-22 2.43589e-22 3.2965e-22 2.45417e-22 3.3119e-22 2.47204e-22 3.32729e-22 2.48953e-22 3.34128e-22 2.50666e-22
4523.68 4.69923e-20 4.69923e-20 8.54444e-34 1.81826e-14 -1.6262e-06 1.14851e-22 4.2364e-23 1.3089e-22 5.67258e-23 1.48795e-22 7.41296e-23 1.60244e-22 8.58452e-23 1.68832e-22 9.48824e-23 1.75779e-22 1.02319e-22 1.81665e-22 1.08679e-22 1.8681e-22 1.14257e-22 1.91319e-22 1.1924e-22 1.95404e-22 1.23753e-22 1.99117e-22 1.27885e-22 2.02513e-22 1.317e-22 2.05643e-22 1.35247e-22 2.08614e-22 1.38565e-22 2.11374e-22 1.41684e-22 2.13974e-22 1.44629e-22 2.16415e-22 1.47419e-22 2.18749e-22 1.50072e-22 2.20978e-22 1.52602e-22 2.23101e-22 1.5502e-22 2.25118e-22 1.57337e-22 2.27028e-22 1.59562e-22 2.28939e-22 1.61702e-22 2.30743e-22 1.63764e-22 2.32442e-22 1.65755e-22 2.3414e-22 1.67679e-22 2.35732e-22 1.6954e-22 2.37324e-22 1.71345e-22 2.38811e-22 1.73095e-22 2.40297e-22 1.74795e-22 2.41783e-22 1.76447e-22 2.43163e-22 1.78055e-22 2.4449e-22 1.79621e-22 2.45817e-22 1.81147e-22 2.47091e-22 1.82635e-22 2.48365e-22 1.84088e-22 2.49586e-22 1.85507e-22 2.50807e-22 1.86894e-22 2.51975e-22 1.8825e-22 2.53142e-22 1.89577e-22 2.54204e-22 1.90876e-22
4755.88 4.35464e-20 4.35464e-20 6.9951e-34 1.60636e-14 4.10264e-07 8.76241e-23 3.25677e-23 9.97941e-23 4.34864e-23 1.1338e-22 5.67065e-23 1.22066e-22 6.56019e-23 1.28582e-22 7.24623e-23 1.33852e-22 7.81073e-23 1.38318e-22 8.29338e-23 1.42221e-22 8.71673e-23 1.45642e-22 9.09492e-23 1.48741e-22 9.43742e-23 1.51558e-22 9.75095e-23 1.54134e-22 1.00404e-22 1.56509e-22 1.03096e-22 1.58763e-22 1.05614e-22 1.60856e-22 1.0798e-22 1.62828e-22 1.10215e-22 1.6468e-22 1.12332e-22 1.66451e-22 1.14345e-22 1.68142e-22 1.16265e-22 1.69753e-22 1.18099e-22 1.71282e-22 1.19857e-22 1.72732e-22 1.21545e-22 1.74181e-22 1.23169e-22 1.7555e-22 1.24734e-22 1.76839e-22 1.26244e-22 1.78127e-22 1.27704e-22 1.79335e-22 1.29116e-22 1.80543e-22 1.30485e-22 1.8167e-22 1.31813e-22 1.82798e-22 1.33103e-22 1.83925e-22 1.34357e-22 1.84972e-22 1.35576e-22 1.85979e-22 1.36764e-22 1.86985e-22 1.37922e-22 1.87952e-22 1.39051e-22 1.88918e-22 1.40153e-22 1.89844e-22 1.4123e-22 1.9077e-22 1.42282e-22 1.91656e-22 1.43311e-22 1.92542e-22 1.44318e-22 1.93348e-22 1.45304e-22
5000 4.03572e-20 4.03572e-20 5.72687e-34 1.41905e-14 3.89295e-06 6.68383e-23 2.50225e-23 7.60735e-23 3.33225e-23 8.63822e-23 4.33642e-23 9.29729e-23 5.01184e-23 9.7917e-23 5.53265e-23 1.01916e-22 5.96113e-23 1.05304e-22 6.32747e-23 1.08266e-22 6.64879e-23 1.10861e-22 6.9358e-23 1.13212e-22 7.19573e-23 1.15349e-22 7.43367e-23 1.17304e-22 7.65334e-23 1.19105e-22 7.85761e-23 1.20816e-22 8.04867e-23 1.22404e-22 8.22827e-23 1.239e-22 8.39782e-23 1.25305e-22 8.55849e-23 1.26649e-22 8.71124e-23 1.27932e-22 8.85689e-23 1.29154e-22 8.99611e-23 1.30314e-22 9.12951e-23 1.31414e-22 9.25759e-23 1.32513e-22 9.3808e-23 1.33552e-22 9.49953e-23 1.34529e-22 9.61412e-23 1.35507e-22 9.72487e-23 1.36423e-22 9.83205e-23 1.3734e-22 9.93593e-23 1.38195e-22 1.00367e-22 1.3905e-22 1.01345e-22 1.39906e-22 1.02297e-22 1.407e-22 1.03222e-22 1.41464e-22 1.04123e-22 1.42227e-22 1.05002e-22 1.42961e-22 1.05859e-22 1.43694e-22 1.06695e-22 1.44396e-22 1.07512e-22 1.45099e-22 1.0831e-22 1.45771e-22 1.09091e-22 1.46443e-22 1.09855e-22 1.47054e-22 1.10603e-22
