# 9.4406e-07 1 57 : grain size, compostion index, size index
# Heating and cooling timescale: 135.622 3015.4
# Ratio of heating to cooling to determine stochastic cutoff: 100
# Equilibrium emission is recorded even for those grains in the stochastic regime.
# Emission spectrum was computed for: 
# Type: ISRF
# Scales: 0.25 0.5 1 1.5 2 2.5 3 3.5 4 4.5 5 5.5 6 6.5 7 7.5 8 8.5 9 9.5 10 10.5 11 11.5 12 12.5 13 13.5 14 14.5 15 15.5 16 16.5 17 17.5 18 18.5 19 19.5 20
# StochasticallyHeated: 1 1 1 1 1 1 1 1 1 1 1 1 1 1 1 1 1 1 1 1 1 1 1 1 1 1 1 1 1 1 1 1 1 1 1 1 1 1 1 1 1
# Temperature: -1
# Wavelength  CExt  CAbs  CSca  Albedo G EqEm1 StEm1 EqEm2 StEm2 EqEm3 StEm3 EqEm4 StEm4 EqEm5 StEm5 EqEm6 StEm6 EqEm7 StEm7 EqEm8 StEm8 EqEm9 StEm9 EqEm10 StEm10 EqEm11 StEm11 EqEm12 StEm12 EqEm13 StEm13 EqEm14 StEm14 EqEm15 StEm15 EqEm16 StEm16 EqEm17 StEm17 EqEm18 StEm18 EqEm19 StEm19 EqEm20 StEm20 EqEm21 StEm21 EqEm22 StEm22 EqEm23 StEm23 EqEm24 StEm24 EqEm25 StEm25 EqEm26 StEm26 EqEm27 StEm27 EqEm28 StEm28 EqEm29 StEm29 EqEm30 StEm30 EqEm31 StEm31 EqEm32 StEm32 EqEm33 StEm33 EqEm34 StEm34 EqEm35 StEm35 EqEm36 StEm36 EqEm37 StEm37 EqEm38 StEm38 EqEm39 StEm39 EqEm40 StEm40 EqEm41 StEm41
0.05 7.184e-13 6.6315e-13 5.525e-14 0.076907 0.015686 0 0 0 0 0 0 0 0 0 0 0 0 0 0 0 0 0 0 0 0 0 0 0 0 0 0 0 0 0 0 0 0 0 0 0 0 0 0 0 0 0 0 0 0 0 0 0 0 0 0 0 0 0 0 0 0 0 0 0 0 0 0 0 0 0 0 0 0 0 0 0 0 0 0 0 0 0 0 0 0 0 0
0.0525665 7.94044e-13 7.32977e-13 6.10675e-14 0.076907 0.0173376 0 0 0 0 0 0 0 0 0 0 0 0 0 0 0 0 0 0 0 0 0 0 0 0 0 0 0 0 0 0 0 0 0 0 0 0 0 0 0 0 0 0 0 0 0 0 0 0 0 0 0 0 0 0 0 0 0 0 0 0 0 0 0 0 0 0 0 0 0 0 0 0 0 0 0 0 0 0 0 0 0 0
0.0552647 8.77653e-13 8.10155e-13 6.74977e-14 0.076907 0.0191632 0 0 0 0 0 0 0 0 0 0 0 0 0 0 0 0 0 0 0 0 0 0 0 0 0 0 0 0 0 0 0 0 0 0 0 0 0 0 0 0 0 0 0 0 0 0 0 0 0 0 0 0 0 0 0 0 0 0 0 0 0 0 0 0 0 0 0 0 0 0 0 0 0 0 0 0 0 0 0 0 0 0
0.0581015 9.70066e-13 8.95461e-13 7.46048e-14 0.076907 0.021181 0 0 0 0 0 0 0 0 0 0 0 0 0 0 0 0 0 0 0 0 0 0 0 0 0 0 0 0 0 0 0 0 0 0 0 0 0 0 0 0 0 0 0 0 0 0 0 0 0 0 0 0 0 0 0 0 0 0 0 0 0 0 0 0 0 0 0 0 0 0 0 0 0 0 0 0 0 0 0 0 0 0
0.0610839 1.07221e-12 9.89748e-13 8.24604e-14 0.076907 0.0234112 0 0 0 0 0 0 0 0 0 0 0 0 0 0 0 0 0 0 0 0 0 0 0 0 0 0 0 0 0 0 0 0 0 0 0 0 0 0 0 0 0 0 0 0 0 0 0 0 0 0 0 0 0 0 0 0 0 0 0 0 0 0 0 0 0 0 0 0 0 0 0 0 0 0 0 0 0 0 0 0 0 0
0.0642193 1.18511e-12 1.09396e-12 9.1143e-14 0.076907 0.0258763 0 0 0 0 0 0 0 0 0 0 0 0 0 0 0 0 0 0 0 0 0 0 0 0 0 0 0 0 0 0 0 0 0 0 0 0 0 0 0 0 0 0 0 0 0 0 0 0 0 0 0 0 0 0 0 0 0 0 0 0 0 0 0 0 0 0 0 0 0 0 0 0 0 0 0 0 0 0 0 0 0 0
0.0675157 1.30989e-12 1.20915e-12 1.0074e-13 0.076907 0.028601 0 0 0 0 0 0 0 0 0 0 0 0 0 0 0 0 0 0 0 0 0 0 0 0 0 0 0 0 0 0 0 0 0 0 0 0 0 0 0 0 0 0 0 0 0 0 0 0 0 0 0 0 0 0 0 0 0 0 0 0 0 0 0 0 0 0 0 0 0 0 0 0 0 0 0 0 0 0 0 0 0 0
0.0709813 1.44782e-12 1.33647e-12 1.11347e-13 0.076907 0.0316125 0 0 0 0 0 0 0 0 0 0 0 0 0 0 0 0 0 0 0 0 0 0 0 0 0 0 0 0 0 0 0 0 0 0 0 0 0 0 0 0 0 0 0 0 0 0 0 0 0 0 0 0 0 0 0 0 0 0 0 0 0 0 0 0 0 0 0 0 0 0 0 0 0 0 0 0 0 0 0 0 0 0
0.0746248 1.60027e-12 1.4772e-12 1.23072e-13 0.076907 0.0349412 0 0 0 0 0 0 0 0 0 0 0 0 0 0 0 0 0 0 0 0 0 0 0 0 0 0 0 0 0 0 0 0 0 0 0 0 0 0 0 0 0 0 0 0 0 0 0 0 0 0 0 0 0 0 0 0 0 0 0 0 0 0 0 0 0 0 0 0 0 0 0 0 0 0 0 0 0 0 0 0 0 0
0.0784553 1.76877e-12 1.63274e-12 1.36031e-13 0.076907 0.0386203 0 0 0 0 0 0 0 0 0 0 0 0 0 0 0 0 0 0 0 0 0 0 0 0 0 0 0 0 0 0 0 0 0 0 0 0 0 0 0 0 0 0 0 0 0 0 0 0 0 0 0 0 0 0 0 0 0 0 0 0 0 0 0 0 0 0 0 0 0 0 0 0 0 0 0 0 0 0 0 0 0 0
0.0824824 1.95501e-12 1.80466e-12 1.50354e-13 0.076907 0.0426868 0 0 0 0 0 0 0 0 0 0 0 0 0 0 0 0 0 0 0 0 0 0 0 0 0 0 0 0 0 0 0 0 0 0 0 0 0 0 0 0 0 0 0 0 0 0 0 0 0 0 0 0 0 0 0 0 0 0 0 0 0 0 0 0 0 0 0 0 0 0 0 0 0 0 0 0 0 0 0 0 0 0
0.0867162 2.16086e-12 1.99468e-12 1.66186e-13 0.076907 0.0471816 0 0 0 0 0 0 0 0 0 0 0 0 0 0 0 0 0 0 0 0 0 0 0 0 0 0 0 0 0 0 0 0 0 0 0 0 0 0 0 0 0 0 0 0 0 0 0 0 0 0 0 0 0 0 0 0 0 0 0 0 0 0 0 0 0 0 0 0 0 0 0 0 0 0 0 0 0 0 0 0 0 0
0.0911674 2.38839e-12 2.20471e-12 1.83684e-13 0.076907 0.0521496 0 0 0 0 0 0 0 0 0 0 0 0 0 0 0 0 0 0 0 0 0 0 0 0 0 0 0 0 0 0 0 0 0 0 0 0 0 0 0 0 0 0 0 0 0 0 0 0 0 0 0 0 0 0 0 0 0 0 0 0 0 0 0 0 0 0 0 0 0 0 0 0 0 0 0 0 0 0 0 0 0 0
0.095847 2.63988e-12 2.43685e-12 2.03025e-13 0.076907 0.0576407 0 0 0 0 0 0 0 0 0 0 0 0 0 0 0 0 0 0 0 0 0 0 0 0 0 0 0 0 0 0 0 0 0 0 0 0 0 0 0 0 0 0 0 0 0 0 0 0 0 0 0 0 0 0 0 0 0 0 0 0 0 0 0 0 0 0 0 0 0 0 0 0 0 0 0 0 0 0 0 0 0 0
0.100767 2.83871e-12 2.62223e-12 2.16483e-13 0.0762611 0.0623957 0 0 0 0 0 0 0 0 0 0 0 0 0 0 0 0 0 0 0 0 0 0 0 0 0 0 0 0 0 0 0 0 0 0 0 0 0 0 0 0 0 0 0 0 0 0 0 0 0 0 0 0 0 0 0 0 0 0 0 0 0 0 0 0 0 0 0 0 0 0 0 0 0 0 0 0 0 0 0 0 0 0
0.105939 2.5994e-12 2.41094e-12 1.88454e-13 0.0724991 0.0607675 0 0 0 0 0 0 0 0 0 0 0 0 0 0 0 0 0 0 0 0 0 0 0 0 0 0 0 0 0 0 0 0 0 0 0 0 0 0 0 0 0 0 0 0 0 0 0 0 0 0 0 0 0 0 0 0 0 0 0 0 0 0 0 0 0 0 0 0 0 0 0 0 0 0 0 0 0 0 0 0 0 0
0.111377 2.33311e-12 2.17157e-12 1.6154e-13 0.0692381 0.0579086 0 0 0 0 0 0 0 0 0 0 0 0 0 0 0 0 0 0 0 0 0 0 0 0 0 0 0 0 0 0 0 0 0 0 0 0 0 0 0 0 0 0 0 0 0 0 0 0 0 0 0 0 0 0 0 0 0 0 0 0 0 0 0 0 0 0 0 0 0 0 0 0 0 0 0 0 0 0 0 0 0 0
0.117094 2.05809e-12 1.92074e-12 1.37353e-13 0.0667382 0.0545837 0 0 0 0 0 0 0 0 0 0 0 0 0 0 0 0 0 0 0 0 0 0 0 0 0 0 0 0 0 0 0 0 0 0 0 0 0 0 0 0 0 0 0 0 0 0 0 0 0 0 0 0 0 0 0 0 0 0 0 0 0 0 0 0 0 0 0 0 0 0 0 0 0 0 0 0 0 0 0 0 0 0
0.123105 1.76188e-12 1.64739e-12 1.14494e-13 0.064984 0.0511889 0 0 0 0 0 0 0 0 0 0 0 0 0 0 0 0 0 0 0 0 0 0 0 0 0 0 0 0 0 0 0 0 0 0 0 0 0 0 0 0 0 0 0 0 0 0 0 0 0 0 0 0 0 0 0 0 0 0 0 0 0 0 0 0 0 0 0 0 0 0 0 0 0 0 0 0 0 0 0 0 0 0
0.129424 1.47751e-12 1.38399e-12 9.35233e-14 0.063298 0.0479221 0 0 0 0 0 0 0 0 0 0 0 0 0 0 0 0 0 0 0 0 0 0 0 0 0 0 0 0 0 0 0 0 0 0 0 0 0 0 0 0 0 0 0 0 0 0 0 0 0 0 0 0 0 0 0 0 0 0 0 0 0 0 0 0 0 0 0 0 0 0 0 0 0 0 0 0 0 0 0 0 0 0
0.136067 1.21408e-12 1.13681e-12 7.72757e-14 0.0636495 0.0449444 0 0 0 0 0 0 0 0 0 0 0 0 0 0 0 0 0 0 0 0 0 0 0 0 0 0 0 0 0 0 0 0 0 0 0 0 0 0 0 0 0 0 0 0 0 0 0 0 0 0 0 0 0 0 0 0 0 0 0 0 0 0 0 0 0 0 0 0 0 0 0 0 0 0 0 0 0 0 0 0 0 0
0.143051 9.29695e-13 8.67601e-13 6.20939e-14 0.0667895 0.0426744 0 0 0 0 0 0 0 0 0 0 0 0 0 0 0 0 0 0 0 0 0 0 0 0 0 0 0 0 0 0 0 0 0 0 0 0 0 0 0 0 0 0 0 0 0 0 0 0 0 0 0 0 0 0 0 0 0 0 0 0 0 0 0 0 0 0 0 0 0 0 0 0 0 0 0 0 0 0 0 0 0 0
0.150394 6.57032e-13 6.0911e-13 4.79213e-14 0.0729361 0.0407368 0 0 0 0 0 0 0 0 0 0 0 0 0 0 0 0 0 0 0 0 0 0 0 0 0 0 0 0 0 0 0 0 0 0 0 0 0 0 0 0 0 0 0 0 0 0 0 0 0 0 0 0 0 0 0 0 0 0 0 0 0 0 0 0 0 0 0 0 0 0 0 0 0 0 0 0 0 0 0 0 0 0
0.158114 4.36154e-13 4.00466e-13 3.56881e-14 0.0818247 0.0373008 0 0 0 0 0 0 0 0 0 0 0 0 0 0 0 0 0 0 0 0 0 0 0 0 0 0 0 0 0 0 0 0 0 0 0 0 0 0 0 0 0 0 0 0 0 0 0 0 0 0 0 0 0 0 0 0 0 0 0 0 0 0 0 0 0 0 0 0 0 0 0 0 0 0 0 0 0 0 0 0 0 0
0.16623 2.84761e-13 2.58691e-13 2.60701e-14 0.0915508 0.0331621 0 0 0 0 0 0 0 0 0 0 0 0 0 0 0 0 0 0 0 0 0 0 0 0 0 0 0 0 0 0 0 0 0 0 0 0 0 0 0 0 0 0 0 0 0 0 0 0 0 0 0 0 0 0 0 0 0 0 0 0 0 0 0 0 0 0 0 0 0 0 0 0 0 0 0 0 0 0 0 0 0 0
0.174762 2.01658e-13 1.82454e-13 1.92034e-14 0.0952279 0.0292496 0 0 0 0 0 0 0 0 0 0 0 0 0 0 0 0 0 0 0 0 0 0 0 0 0 0 0 0 0 0 0 0 0 0 0 0 0 0 0 0 0 0 0 0 0 0 0 0 0 0 0 0 0 0 0 0 0 0 0 0 0 0 0 0 0 0 0 0 0 0 0 0 0 0 0 0 0 0 0 0 0 0
0.183733 1.43007e-13 1.28797e-13 1.421e-14 0.0993659 0.0257996 0 0 0 0 0 0 0 0 0 0 0 0 0 0 0 0 0 0 0 0 0 0 0 0 0 0 0 0 0 0 0 0 0 0 0 0 0 0 0 0 0 0 0 0 0 0 0 0 0 0 0 0 0 0 0 0 0 0 0 0 0 0 0 0 0 0 0 0 0 0 0 0 0 0 0 0 0 0 0 0 0 0
0.193164 1.07252e-13 9.663e-14 1.06222e-14 0.0990392 0.0228264 0 0 0 0 0 0 0 0 0 0 0 0 0 0 0 0 0 0 0 0 0 0 0 0 0 0 0 0 0 0 0 0 0 0 0 0 0 0 0 0 0 0 0 0 0 0 0 0 0 0 0 0 0 0 0 0 0 0 0 0 0 0 0 0 0 0 0 0 0 0 0 0 0 0 0 0 0 0 0 0 0 0
0.203079 9.67385e-14 8.86858e-14 8.05269e-15 0.0832418 0.020258 0 0 0 0 0 0 0 0 0 0 0 0 0 0 0 0 0 0 0 0 0 0 0 0 0 0 0 0 0 0 0 0 0 0 0 0 0 0 0 0 0 0 0 0 0 0 0 0 0 0 0 0 0 0 0 0 0 0 0 0 0 0 0 0 0 0 0 0 0 0 0 0 0 0 0 0 0 0 0 0 0 0
0.213503 9.07251e-14 8.45127e-14 6.21247e-15 0.0684757 0.0180188 0 0 0 0 0 0 0 0 0 0 0 0 0 0 0 0 0 0 0 0 0 0 0 0 0 0 0 0 0 0 0 0 0 0 0 0 0 0 0 0 0 0 0 0 0 0 0 0 0 0 0 0 0 0 0 0 0 0 0 0 0 0 0 0 0 0 0 0 0 0 0 0 0 0 0 0 0 0 0 0 0 0
0.224463 8.44082e-14 7.95297e-14 4.8785e-15 0.0577965 0.0160744 0 0 0 0 0 0 0 0 0 0 0 0 0 0 0 0 0 0 0 0 0 0 0 0 0 0 0 0 0 0 0 0 0 0 0 0 0 0 0 0 0 0 0 0 0 0 0 0 0 0 0 0 0 0 0 0 0 0 0 0 0 0 0 0 0 0 0 0 0 0 0 0 0 0 0 0 0 0 0 0 0 0
0.235984 7.94908e-14 7.56347e-14 3.8561e-15 0.0485101 0.0143893 0 0 0 0 0 0 0 0 0 0 0 0 0 0 0 0 0 0 0 0 0 0 0 0 0 0 0 0 0 0 0 0 0 0 0 0 0 0 0 0 0 0 0 0 0 0 0 0 0 0 0 0 0 0 0 0 0 0 0 0 0 0 0 0 0 0 0 0 0 0 0 0 0 0 0 0 0 0 0 0 0 0
0.248097 7.52478e-14 7.21834e-14 3.06434e-15 0.0407233 0.0129162 0 0 0 0 0 0 0 0 0 0 0 0 0 0 0 0 0 0 0 0 0 0 0 0 0 0 0 0 0 0 0 0 0 0 0 0 0 0 0 0 0 0 0 0 0 0 0 0 0 0 0 0 0 0 0 0 0 0 0 0 0 0 0 0 0 0 0 0 0 0 0 0 0 0 0 0 0 0 0 0 0 0
0.260832 7.16385e-14 6.91878e-14 2.45069e-15 0.0342091 0.011613 0 0 0 0 0 0 0 0 0 0 0 0 0 0 0 0 0 0 0 0 0 0 0 0 0 0 0 0 0 0 0 0 0 0 0 0 0 0 0 0 0 0 0 0 0 0 0 0 0 0 0 0 0 0 0 0 0 0 0 0 0 0 0 0 0 0 0 0 0 0 0 0 0 0 0 0 0 0 0 0 0 0
0.274221 6.82274e-14 6.62601e-14 1.96739e-15 0.0288358 0.0104519 0 0 0 0 0 0 0 0 0 0 0 0 0 0 0 0 0 0 0 0 0 0 0 0 0 0 0 0 0 0 0 0 0 0 0 0 0 0 0 0 0 0 0 0 0 0 0 0 0 0 0 0 0 0 0 0 0 0 0 0 0 0 0 0 0 0 0 0 0 0 0 0 0 0 0 0 0 0 0 0 0 0
0.288297 6.49491e-14 6.33642e-14 1.58493e-15 0.0244026 0.00941694 0 0 0 0 0 0 0 0 0 0 0 0 0 0 0 0 0 0 0 0 0 0 0 0 0 0 0 0 0 0 0 0 0 0 0 0 0 0 0 0 0 0 0 0 0 0 0 0 0 0 0 0 0 0 0 0 0 0 0 0 0 0 0 0 0 0 0 0 0 0 0 0 0 0 0 0 0 0 0 0 0 0
0.303095 6.18055e-14 6.05257e-14 1.27987e-15 0.020708 0.00849082 0 0 0 0 0 0 0 0 0 0 0 0 0 0 0 0 0 0 0 0 0 0 0 0 0 0 0 0 0 0 0 0 0 0 0 0 0 0 0 0 0 0 0 0 0 0 0 0 0 0 0 0 0 0 0 0 0 0 0 0 0 0 0 0 0 0 0 0 0 0 0 0 0 0 0 0 0 0 0 0 0 0
0.318653 5.87853e-14 5.77492e-14 1.03611e-15 0.0176254 0.00765915 0 0 0 0 0 0 0 0 0 0 0 0 0 0 0 0 0 0 0 0 0 0 0 0 0 0 0 0 0 0 0 0 0 0 0 0 0 0 0 0 0 0 0 0 0 0 0 0 0 0 0 0 0 0 0 0 0 0 0 0 0 0 0 0 0 0 0 0 0 0 0 0 0 0 0 0 0 0 0 0 0 0
0.335009 5.58923e-14 5.50518e-14 8.40464e-16 0.0150372 0.00691188 0 0 0 0 0 0 0 0 0 0 0 0 0 0 0 0 0 0 0 0 0 0 0 0 0 0 0 0 0 0 0 0 0 0 0 0 0 0 0 0 0 0 0 0 0 0 0 0 0 0 0 0 0 0 0 0 0 0 0 0 0 0 0 0 0 0 0 0 0 0 0 0 0 0 0 0 0 0 0 0 0 0
0.352205 5.31335e-14 5.24507e-14 6.82815e-16 0.0128509 0.00624007 0 0 0 0 0 0 0 0 0 0 0 0 0 0 0 0 0 0 0 0 0 0 0 0 0 0 0 0 0 0 0 0 0 0 0 0 0 0 0 0 0 0 0 0 0 0 0 0 0 0 0 0 0 0 0 0 0 0 0 0 0 0 0 0 0 0 0 0 0 0 0 0 0 0 0 0 0 0 0 0 0 0
0.370284 5.04985e-14 4.99427e-14 5.55784e-16 0.011006 0.00563544 0 0 0 0 0 0 0 0 0 0 0 0 0 0 0 0 0 0 0 0 0 0 0 0 0 0 0 0 0 0 0 0 0 0 0 0 0 0 0 0 0 0 0 0 0 0 0 0 0 0 0 0 0 0 0 0 0 0 0 0 0 0 0 0 0 0 0 0 0 0 0 0 0 0 0 0 0 0 0 0 0 0
0.389291 4.79876e-14 4.75348e-14 4.52741e-16 0.00943455 0.00509089 0 0 0 0 0 0 0 0 0 0 0 0 0 0 0 0 0 0 0 0 0 0 0 0 0 0 0 0 0 0 0 0 0 0 0 0 0 0 0 0 0 0 0 0 0 0 0 0 0 0 0 0 0 0 0 0 0 0 0 0 0 0 0 0 0 0 0 0 0 0 0 0 0 0 0 0 0 0 0 0 0 0
0.409273 4.55935e-14 4.52242e-14 3.69305e-16 0.00809994 0.00459984 0 0 0 0 0 0 0 0 0 0 0 0 0 0 0 0 0 0 0 0 0 0 0 0 0 0 0 0 0 0 0 0 0 0 0 0 0 0 0 0 0 0 0 0 0 0 0 0 0 0 0 0 0 0 0 0 0 0 0 0 0 0 0 0 0 0 0 0 0 0 0 0 0 0 0 0 0 0 0 0 0 0
0.430281 4.33204e-14 4.30189e-14 3.01455e-16 0.00695873 0.00415662 0 0 0 0 0 0 0 0 0 0 0 0 0 0 0 0 0 0 0 0 0 0 0 0 0 0 0 0 0 0 0 0 0 0 0 0 0 0 0 0 0 0 0 0 0 0 0 0 0 0 0 0 0 0 0 0 0 0 0 0 0 0 0 0 0 0 0 0 0 0 0 0 0 0 0 0 0 0 0 0 0 0
0.452368 4.11564e-14 4.09102e-14 2.46248e-16 0.00598322 0.00375771 0 0 0 0 0 0 0 0 0 0 0 0 0 0 0 0 0 0 0 0 0 0 0 0 0 0 0 0 0 0 0 0 0 0 0 0 0 0 0 0 0 0 0 0 0 0 0 0 0 0 0 0 0 0 0 0 0 0 0 0 0 0 0 0 0 0 0 0 0 0 0 0 0 0 0 0 0 0 0 0 0 0
0.475588 3.90982e-14 3.8897e-14 2.01263e-16 0.00514763 0.00339717 0 0 0 0 0 0 0 0 0 0 0 0 0 0 0 0 0 0 0 0 0 0 0 0 0 0 0 0 0 0 0 0 0 0 0 0 0 0 0 0 0 0 0 0 0 0 0 0 0 0 0 0 0 0 0 0 0 0 0 0 0 0 0 0 0 0 0 0 0 0 0 0 0 0 0 0 0 0 0 0 0 0
0.5 3.71425e-14 3.69779e-14 1.6459e-16 0.00443131 0.00307134 0 0 0 0 0 0 0 0 0 0 0 0 0 0 0 0 0 0 0 0 0 0 0 0 0 0 0 0 0 0 0 0 0 0 0 0 0 0 0 0 0 0 0 0 0 0 0 0 0 0 0 0 0 0 0 0 0 0 0 0 0 0 0 0 0 0 0 0 0 0 0 0 0 0 0 0 0 0 0 0 0 0
0.525665 3.52831e-14 3.51484e-14 1.34702e-16 0.00381774 0.00277696 0 0 0 0 0 0 0 0 0 0 0 0 0 0 0 0 0 0 0 0 0 0 0 0 0 0 0 0 0 0 0 0 0 0 0 0 0 0 0 0 0 0 0 0 0 0 0 0 0 0 0 0 0 0 0 0 0 0 0 0 0 0 0 0 0 0 0 0 0 0 0 0 0 0 0 0 0 0 0 0 0 0
0.552648 3.35132e-14 3.34029e-14 1.10296e-16 0.00329112 0.00251117 0 0 0 0 0 0 0 0 0 0 0 0 0 0 0 0 0 0 0 0 0 0 0 0 0 0 0 0 0 0 0 0 0 0 0 0 0 0 0 0 0 0 0 0 0 0 0 0 0 0 0 0 0 0 0 0 0 0 0 0 0 0 0 0 0 0 0 0 0 0 0 0 0 0 0 0 0 0 0 0 0 0
0.581015 3.18395e-14 3.17492e-14 9.02873e-17 0.0028357 0.00227142 0 0 0 0 0 0 0 0 0 0 0 0 0 0 0 0 0 0 0 0 0 0 0 0 0 0 0 0 0 0 0 0 0 0 0 0 0 0 0 0 0 0 0 0 0 0 0 0 0 0 0 0 0 0 0 0 0 0 0 0 0 0 0 0 0 0 0 0 0 0 0 0 0 0 0 0 0 0 0 0 0 0
0.610839 3.02507e-14 3.01768e-14 7.3921e-17 0.00244361 0.0020544 0 0 0 0 0 0 0 0 0 0 0 0 0 0 0 0 0 0 0 0 0 0 0 0 0 0 0 0 0 0 0 0 0 0 0 0 0 0 0 0 0 0 0 0 0 0 0 0 0 0 0 0 0 0 0 0 0 0 0 0 0 0 0 0 0 0 0 0 0 0 0 0 0 0 0 0 0 0 0 0 0 0
0.642193 2.87282e-14 2.86677e-14 6.05561e-17 0.0021079 0.00185798 0 0 0 0 0 0 0 0 0 0 0 0 0 0 0 0 0 0 0 0 0 0 0 0 0 0 0 0 0 0 0 0 0 0 0 0 0 0 0 0 0 0 0 0 0 0 0 0 0 0 0 0 0 0 0 0 0 0 0 0 0 0 0 0 0 0 0 0 0 0 0 0 0 0 0 0 0 0 0 0 0 0
0.675157 2.72911e-14 2.72415e-14 4.96078e-17 0.00181773 0.00168079 0 0 0 0 0 0 0 0 0 0 0 0 0 0 0 0 0 0 0 0 0 0 0 0 0 0 0 0 0 0 0 0 0 0 0 0 0 0 0 0 0 0 0 0 0 0 0 0 0 0 0 0 0 0 0 0 0 0 0 0 0 0 0 0 0 0 0 0 0 0 0 0 0 0 0 0 0 0 0 0 0 0
0.709813 2.59353e-14 2.58946e-14 4.0632e-17 0.00156667 0.00152053 0 0 0 0 0 0 0 0 0 0 0 0 0 0 0 0 0 0 0 0 0 0 0 0 0 0 0 0 0 0 0 0 0 0 0 0 0 0 0 0 0 0 0 0 0 0 0 0 0 0 0 0 0 0 0 0 0 0 0 0 0 0 0 0 0 0 0 0 0 0 0 0 0 0 0 0 0 0 0 0 0 0
0.746248 2.46511e-14 2.46178e-14 3.32865e-17 0.00135031 0.00137547 0 0 0 0 0 0 0 0 0 0 0 0 0 0 0 0 0 0 0 0 0 0 0 0 0 0 0 0 0 0 0 0 0 0 0 0 0 0 0 0 0 0 0 0 0 0 0 0 0 0 0 0 0 0 0 0 0 0 0 0 0 0 0 0 0 0 0 0 0 0 0 0 0 0 0 0 0 0 0 0 0 0
0.784553 2.34337e-14 2.34065e-14 2.72605e-17 0.0011633 0.00124416 0 0 0 0 0 0 0 0 0 0 0 0 0 0 0 0 0 0 0 0 0 0 0 0 0 0 0 0 0 0 0 0 0 0 0 0 0 0 0 0 0 0 0 0 0 0 0 0 0 0 0 0 0 0 0 0 0 0 0 0 0 0 0 0 0 0 0 0 0 0 0 0 0 0 0 0 0 0 0 0 0 0
0.824824 2.2279e-14 2.22567e-14 2.23278e-17 0.00100219 0.00112565 0 0 0 0 0 0 0 0 0 0 0 0 0 0 0 0 0 0 0 0 0 0 0 0 0 0 0 0 0 0 0 0 0 0 0 0 0 0 0 0 0 0 0 0 0 0 0 0 0 0 0 0 0 0 0 0 0 0 0 0 0 0 0 0 0 0 0 0 0 0 0 0 0 0 0 0 0 0 0 0 0 0
0.867162 2.11775e-14 2.11593e-14 1.82865e-17 0.000863485 0.00101847 0 0 0 0 0 0 0 0 0 0 0 0 0 0 0 0 0 0 0 0 0 0 0 0 0 0 0 0 0 0 0 0 0 0 0 0 0 0 0 0 0 0 0 0 0 0 0 0 0 0 0 0 0 0 0 0 0 0 0 0 0 0 0 0 0 0 0 0 0 0 0 0 0 0 0 0 0 0 0 0 0 0
0.911674 2.01486e-14 2.01336e-14 1.49696e-17 0.000742959 0.00092146 0 0 0 0 0 0 0 0 0 0 0 0 0 0 0 0 0 0 0 0 0 0 0 0 0 0 0 0 0 0 0 0 0 0 0 0 0 0 0 0 0 0 0 0 0 0 0 0 0 0 0 0 0 0 0 0 0 0 0 0 0 0 0 0 0 0 0 0 0 0 0 0 0 0 0 0 0 0 0 0 0 0
0.95847 1.9182e-14 1.91698e-14 1.2244e-17 0.000638309 0.000833655 0 0 0 0 0 0 0 0 0 0 0 0 0 0 0 0 0 0 0 0 0 0 0 0 0 0 0 0 0 0 0 0 0 0 0 0 0 0 0 0 0 0 0 0 0 0 0 0 0 0 0 0 0 0 0 0 0 0 0 0 0 0 0 0 0 0 0 0 0 0 0 0 0 0 0 0 0 0 0 0 0 0
1.00767 1.82664e-14 1.82564e-14 9.9906e-18 0.000546938 0.000754285 0 0 0 0 0 0 0 0 0 0 0 0 0 0 0 0 0 0 0 0 0 0 0 0 0 0 0 0 0 0 0 0 0 0 0 0 0 0 0 0 0 0 0 0 0 0 0 0 0 0 0 0 0 0 0 0 0 0 0 0 0 0 0 0 0 0 0 0 0 0 0 0 0 0 0 0 0 0 0 0 0 0
1.05939 1.77864e-14 1.77783e-14 8.15344e-18 0.000458408 0.000682503 0 0 0 0 0 0 0 0 0 0 0 0 0 0 0 0 0 0 0 0 0 0 0 0 0 0 0 0 0 0 0 0 0 0 0 0 0 0 0 0 0 0 0 0 0 0 0 0 0 0 0 0 0 0 0 0 0 0 0 0 0 0 0 0 0 0 0 0 0 0 0 0 0 0 0 0 0 0 0 0 0 0
1.11377 1.7384e-14 1.73773e-14 6.66364e-18 0.000383321 0.000617506 0 0 0 0 0 0 0 0 0 0 0 0 0 0 0 0 0 0 0 0 0 0 0 0 0 0 0 0 0 0 0 0 0 0 0 0 0 0 0 0 0 0 0 0 0 0 0 0 0 0 0 0 0 0 0 0 0 0 0 0 0 0 0 0 0 0 0 0 0 0 0 0 0 0 0 0 0 0 0 0 0 0
1.17094 1.70566e-14 1.70512e-14 5.45729e-18 0.000319951 0.000558653 0 0 0 0 0 0 0 0 0 0 0 0 0 0 0 0 0 0 0 0 0 0 0 0 0 0 0 0 0 0 0 0 0 0 0 0 0 0 0 0 0 0 0 0 0 0 0 0 0 0 0 0 0 0 0 0 0 0 0 0 0 0 0 0 0 0 0 0 0 0 0 0 0 0 0 0 0 0 0 0 0 0
1.23105 1.67666e-14 1.67621e-14 4.46787e-18 0.000266474 0.000505415 0 0 0 0 0 0 0 0 0 0 0 0 0 0 0 0 0 0 0 0 0 0 0 0 0 0 0 0 0 0 0 0 0 0 0 0 0 0 0 0 0 0 0 0 0 0 0 0 0 0 0 0 0 0 0 0 0 0 0 0 0 0 0 0 0 0 0 0 0 0 0 0 0 0 0 0 0 0 0 0 0 0
1.29424 1.64504e-14 1.64468e-14 3.65969e-18 0.000222468 0.000457267 0 0 0 0 0 0 0 0 0 0 0 0 0 0 0 0 0 0 0 0 0 0 0 0 0 0 0 0 0 0 0 0 0 0 0 0 0 0 0 0 0 0 0 0 0 0 0 0 0 0 0 0 0 0 0 0 0 0 0 0 0 0 0 0 0 0 0 0 0 0 0 0 0 0 0 0 0 0 0 0 0 0
1.36067 1.60965e-14 1.60935e-14 3.01053e-18 0.00018703 0.000413737 0 0 0 0 0 0 0 0 0 0 0 0 0 0 0 0 0 0 0 0 0 0 0 0 0 0 0 0 0 0 0 0 0 0 0 0 0 0 0 0 0 0 0 0 0 0 0 0 0 0 0 0 0 0 0 0 0 0 0 0 0 0 0 0 0 0 0 0 0 0 0 0 0 0 0 0 0 0 0 0 0 0
1.43051 1.57181e-14 1.57156e-14 2.44955e-18 0.000155843 0.00037427 0 0 0 0 0 0 0 0 0 0 0 0 0 0 0 0 0 0 0 0 0 0 0 0 0 0 0 0 0 0 0 0 0 0 0 0 0 0 0 0 0 0 0 0 0 0 0 0 0 0 0 0 0 0 0 0 0 0 0 0 0 0 0 0 0 0 0 0 0 0 0 0 0 0 0 0 0 0 0 0 0 0
1.50394 1.5328e-14 1.5326e-14 2.00222e-18 0.000130625 0.000338579 0 0 0 0 0 0 0 0 0 0 0 0 0 0 0 0 0 0 0 0 0 0 0 0 0 0 0 0 0 0 0 0 0 0 0 0 0 0 0 0 0 0 0 0 0 0 0 0 0 0 0 0 0 0 0 0 0 0 0 0 0 0 0 0 0 0 0 0 0 0 0 0 0 0 0 0 0 0 0 0 0 0
1.58114 1.49509e-14 1.49493e-14 1.6384e-18 0.000109586 0.000306334 0 0 0 0 0 0 0 0 0 0 0 0 0 0 0 0 0 0 0 0 0 0 0 0 0 0 0 0 0 0 0 0 0 0 0 0 0 0 0 0 0 0 0 0 0 0 0 0 0 0 0 0 0 0 0 0 0 0 0 0 0 0 0 0 0 0 0 0 0 0 0 0 0 0 0 0 0 0 0 0 0 0
1.6623 1.4607e-14 1.46057e-14 1.34053e-18 9.17732e-05 0.000277107 0 0 0 0 0 0 0 0 0 0 0 0 0 0 0 0 0 0 0 0 0 0 0 0 0 0 0 0 0 0 0 0 0 0 0 0 0 0 0 0 0 0 0 0 0 0 0 0 0 0 0 0 0 0 0 0 0 0 0 0 0 0 0 0 0 0 0 0 0 0 0 0 0 0 0 0 0 0 0 0 0 0
1.74763 1.43159e-14 1.43148e-14 1.0967e-18 7.66068e-05 0.000250649 0 0 0 0 0 0 0 0 0 0 0 0 0 0 0 0 0 0 0 0 0 0 0 0 0 0 0 0 0 0 0 0 0 0 0 0 0 0 0 0 0 0 0 0 0 0 0 0 0 0 0 0 0 0 0 0 0 0 0 0 0 0 0 0 0 0 0 0 0 0 0 0 0 0 0 0 0 0 0 0 0 0
1.83733 1.40978e-14 1.40969e-14 8.96886e-19 6.36187e-05 0.000226689 0 0 0 0 0 0 0 0 0 0 0 0 0 0 0 0 0 0 0 0 0 0 0 0 0 0 0 0 0 0 0 0 0 0 0 0 0 0 0 0 0 0 0 0 0 0 0 0 0 0 0 0 0 0 0 0 0 0 0 0 0 0 0 0 0 0 0 0 0 0 0 0 0 0 0 0 0 0 0 0 0 0
1.93164 1.39637e-14 1.3963e-14 7.3317e-19 5.25053e-05 0.000205043 0 0 0 0 0 0 0 0 0 0 0 0 0 0 0 0 0 0 0 0 0 0 0 0 0 0 0 0 0 0 0 0 0 0 0 0 0 0 0 0 0 0 0 0 0 0 0 0 0 0 0 0 0 0 0 0 0 0 0 0 0 0 0 0 0 0 0 0 0 0 0 0 0 0 0 0 0 0 0 0 0 0
2.03079 1.39121e-14 1.39115e-14 5.99688e-19 4.31056e-05 0.00018546 0 0 0 0 0 0 0 0 0 0 0 0 0 0 0 0 0 0 0 0 0 0 0 0 0 0 0 0 0 0 0 0 0 0 0 0 0 0 0 0 0 0 0 0 0 0 0 0 0 0 0 0 0 0 0 0 0 0 0 0 0 0 0 0 0 0 0 0 0 0 0 0 0 0 0 0 0 0 0 0 0 0
2.13503 1.39228e-14 1.39223e-14 4.90971e-19 3.52638e-05 0.000167716 0 0 0 0 0 0 0 0 0 0 0 0 0 0 0 0 0 0 0 0 0 0 0 0 0 0 0 0 0 0 0 0 0 0 0 0 0 0 0 0 0 0 0 0 0 0 0 0 0 0 0 0 0 0 0 0 0 0 0 0 0 0 0 0 0 0 0 0 0 0 0 0 0 0 0 0 0 0 0 0 0 0
2.24463 1.395e-14 1.39496e-14 4.02327e-19 2.88405e-05 0.000151644 0 0 0 0 0 0 0 0 0 0 0 0 0 0 0 0 0 0 0 0 0 0 0 0 0 0 0 0 0 0 0 0 0 0 0 0 0 0 0 0 0 0 0 0 0 0 0 0 0 0 0 0 0 0 0 0 0 0 0 0 0 0 0 0 0 0 0 0 0 0 0 0 0 0 0 0 0 0 0 0 0 0
2.35984 1.39816e-14 1.39813e-14 3.2987e-19 2.35931e-05 0.000137125 0 0 0 0 0 0 0 0 0 0 0 0 0 0 0 0 0 0 0 0 0 0 0 0 0 0 0 0 0 0 0 0 0 0 0 0 0 0 0 0 0 0 0 0 0 0 0 0 0 0 0 0 0 0 0 0 0 0 0 0 0 0 0 0 0 0 0 0 0 0 0 0 0 0 0 0 0 0 0 0 0 0
2.48097 1.40352e-14 1.4035e-14 2.70567e-19 1.92777e-05 0.000123971 0 0 0 0 0 0 0 0 0 0 0 0 0 0 0 0 0 0 0 0 0 0 0 0 0 0 0 0 0 0 0 0 0 0 0 0 0 0 0 0 0 0 0 0 0 0 0 0 0 0 0 0 0 0 0 0 0 0 0 0 0 0 0 0 0 0 0 0 0 0 0 0 0 0 0 0 0 0 0 0 0 0
2.60832 1.41123e-14 1.41121e-14 2.22056e-19 1.57349e-05 0.000112065 0 0 0 0 0 0 0 0 0 0 0 0 0 0 0 0 0 0 0 0 0 0 0 0 0 0 0 0 0 0 0 0 0 0 0 0 0 0 0 0 0 0 0 0 0 0 0 0 0 0 0 0 0 0 0 0 0 0 0 0 0 0 0 0 0 0 0 0 0 0 0 0 0 0 0 0 0 0 0 0 0 0
2.74221 1.42329e-14 1.42327e-14 1.82391e-19 1.28148e-05 0.000101292 0 0 0 0 0 0 0 0 0 0 0 0 0 0 0 0 0 0 0 0 0 0 0 0 0 0 0 0 0 0 0 0 0 0 0 0 0 0 0 0 0 0 0 0 0 0 0 0 0 0 0 0 0 0 0 0 0 0 0 0 0 0 0 0 0 0 0 0 0 0 0 0 0 0 0 0 0 0 0 0 0 0
2.88297 1.43983e-14 1.43981e-14 1.50057e-19 1.04219e-05 9.1536e-05 0 0 0 0 0 0 0 0 0 0 0 0 0 0 0 0 0 0 0 0 0 0 0 0 0 0 0 0 0 0 0 0 0 0 0 0 0 0 0 0 0 0 0 0 0 0 0 0 0 0 0 0 0 0 0 0 0 0 0 0 0 0 0 0 0 0 0 0 0 0 0 0 0 0 0 0 0 0 0 0 0 0
3.03095 1.46043e-14 1.46042e-14 1.23926e-19 8.48559e-06 8.2714e-05 0 0 0 0 0 0 0 0 0 0 0 0 0 0 0 0 0 0 0 0 0 0 0 0 0 0 0 0 0 0 0 0 0 0 0 0 0 0 0 0 0 0 0 0 0 0 0 0 0 0 0 0 0 0 0 0 0 0 0 0 0 0 0 0 0 0 0 0 0 0 0 0 0 0 0 0 0 0 0 0 0 0
3.18653 1.46745e-14 1.46744e-14 1.02602e-19 6.99181e-06 7.47274e-05 0 0 0 0 0 0 0 0 0 0 0 0 0 0 0 0 0 0 0 0 0 0 0 0 0 0 0 0 0 0 0 0 0 0 0 0 0 0 0 0 0 0 0 0 0 0 0 0 0 0 0 0 0 0 0 0 0 0 0 0 0 0 0 0 0 0 0 0 0 0 0 0 0 0 0 0 0 0 0 0 0 0
3.35009 1.50451e-14 1.5045e-14 8.38851e-20 5.57557e-06 6.74932e-05 0 0 0 0 0 0 0 0 0 0 0 0 0 0 0 0 0 0 0 0 0 0 0 0 0 0 0 0 0 0 0 0 0 0 0 0 0 0 0 0 0 0 0 0 0 0 0 0 0 0 0 0 0 0 0 0 0 0 0 0 0 0 0 0 0 0 0 0 0 0 0 0 0 0 0 0 0 0 0 0 0 0
3.52205 1.4992e-14 1.49919e-14 7.29884e-20 4.86849e-06 6.09449e-05 0 0 0 0 0 0 0 0 0 0 0 0 0 0 0 0 0 0 0 0 0 0 0 0 0 0 0 0 0 0 0 0 0 0 0 0 0 0 0 0 0 0 0 0 0 0 0 0 0 0 0 0 0 0 0 0 0 0 0 0 0 0 0 0 0 0 0 0 0 0 0 0 0 0 0 0 0 0 0 0 0 0
3.70284 1.39948e-14 1.39947e-14 5.93771e-20 4.24281e-06 5.50226e-05 0 0 0 0 0 0 0 0 0 0 0 0 0 0 0 0 0 0 0 0 0 0 0 0 0 0 0 0 0 0 0 0 0 0 0 0 0 0 0 0 0 0 0 0 0 0 0 0 0 0 0 0 0 0 0 0 0 0 0 0 0 0 0 0 0 0 0 0 0 0 0 0 0 0 0 0 0 0 0 0 0 0
3.89291 1.37093e-14 1.37093e-14 4.86549e-20 3.54903e-06 4.96555e-05 0 0 0 0 0 0 0 0 0 0 0 0 0 0 0 0 0 0 0 0 0 0 0 0 0 0 0 0 0 0 0 0 0 0 0 0 0 0 0 0 0 0 0 0 0 0 0 0 0 0 0 0 0 0 0 0 0 1.4013e-45 0 1.4013e-45 0 1.4013e-45 0 1.4013e-45 0 1.4013e-45 0 2.8026e-45 0 2.8026e-45 0 4.2039e-45 0 4.2039e-45 0 5.60519e-45 0 7.00649e-45 0 8.40779e-45 0 9.80909e-45
4.09273 1.34859e-14 1.34859e-14 3.98969e-20 2.95841e-06 4.47882e-05 0 0 0 0 0 0 0 0 0 0 0 0 0 0 0 0 0 0 0 0 0 0 0 0 0 0 0 0 0 0 0 0 0 1.4013e-45 0 1.4013e-45 0 1.4013e-45 0 2.8026e-45 0 2.8026e-45 0 4.2039e-45 0 7.00649e-45 0 8.40779e-45 0 1.26117e-44 0 1.54143e-44 0 2.10195e-44 0 2.8026e-44 0 3.50325e-44 0 4.62428e-44 0 5.74532e-44 0 7.28675e-44 0 9.24857e-44 0 1.16308e-43 0 1.42932e-43 0 1.76564e-43 0 2.17201e-43 0 2.64845e-43 0 3.22299e-43 0 3.89561e-43 0 4.69435e-43
4.30281 1.33234e-14 1.33234e-14 3.2729e-20 2.45651e-06 4.03777e-05 0 0 0 0 0 0 0 0 0 0 0 0 0 0 0 0 0 0 0 1.4013e-45 0 1.4013e-45 0 2.8026e-45 0 5.60519e-45 0 9.80909e-45 0 1.54143e-44 0 2.24208e-44 0 3.50325e-44 0 5.1848e-44 0 7.56701e-44 0 1.079e-43 0 1.5134e-43 0 2.10195e-43 0 2.88667e-43 0 3.89561e-43 0 5.19882e-43 0 6.86636e-43 0 8.98232e-43 0 1.16308e-42 0 1.49378e-42 0 1.90436e-42 0 2.41023e-42 0 3.02821e-42 0 3.79331e-42 0 4.70696e-42 0 5.80558e-42 0 7.1214e-42 0 8.69085e-42 0 1.05532e-41 0 1.2756e-41 0 1.53498e-41 0 1.83934e-41
4.52368 1.32288e-14 1.32288e-14 2.68767e-20 2.03168e-06 3.63865e-05 0 0 0 0 0 0 0 0 0 0 0 1.4013e-45 0 4.2039e-45 0 9.80909e-45 0 1.96182e-44 0 4.06377e-44 0 7.56701e-44 0 1.35926e-43 0 2.31214e-43 0 3.78351e-43 0 6.01157e-43 0 9.26258e-43 0 1.39289e-42 0 2.0473e-42 0 2.94973e-42 0 4.17727e-42 0 5.8224e-42 0 7.99721e-42 0 1.08657e-41 0 1.45483e-41 0 1.92608e-41 0 2.52388e-41 0 3.27596e-41 0 4.21441e-41 0 5.37692e-41 0 6.80779e-41 0 8.55703e-41 0 1.06848e-40 0 1.32997e-40 0 1.64025e-40 0 2.01123e-40 0 2.4533e-40 0 2.977e-40 0 3.59561e-40 0 4.32309e-40 0 5.17515e-40 0 6.16986e-40
4.75588 1.31837e-14 1.31837e-14 2.2108e-20 1.67692e-06 3.27656e-05 0 0 0 0 0 0 0 4.2039e-45 0 1.68156e-44 0 5.60519e-44 0 1.54143e-43 0 3.62936e-43 0 7.74918e-43 0 1.52742e-42 0 2.81941e-42 0 4.94238e-42 0 8.29429e-42 0 1.34062e-41 0 2.10475e-41 0 3.20505e-41 0 4.76371e-41 0 6.92914e-41 0 9.88658e-41 0 1.38651e-40 0 1.91542e-40 0 2.60775e-40 0 3.51338e-40 0 4.66631e-40 0 6.13053e-40 0 7.97358e-40 0 1.0275e-39 0 1.31264e-39 0 1.6635e-39 0 2.09239e-39 0 2.61337e-39 0 3.24306e-39 0 4.01172e-39 0 4.91875e-39 0 5.99699e-39 0 7.27451e-39 0 8.77963e-39 0 1.05479e-38 0 1.26165e-38 0 1.50268e-38 0 1.78264e-38
5 1.31511e-14 1.31511e-14 1.82226e-20 1.38564e-06 2.94733e-05 0 0 0 1.4013e-45 0 1.96182e-44 0 1.45735e-43 0 6.23578e-43 0 1.99825e-42 0 5.28009e-42 0 1.22011e-41 0 2.55106e-41 0 4.93173e-41 0 8.95906e-41 0 1.5465e-40 0 2.55972e-40 0 4.08378e-40 0 6.33293e-40 0 9.53404e-40 0 1.40185e-39 0 2.01838e-39 0 2.85203e-39 0 3.9629e-39 0 5.42628e-39 0 7.32526e-39 0 9.78787e-39 0 1.28986e-38 0 1.68188e-38 0 2.17169e-38 0 2.77892e-38 0 3.52609e-38 0 4.43929e-38 0 5.54834e-38 0 6.88703e-38 0 8.49515e-38 0 1.04453e-37 0 1.2734e-37 0 1.54395e-37 0 1.86273e-37 0 2.23629e-37 0 2.67285e-37 0 3.18093e-37 0 3.76997e-37 1.4013e-45 4.45081e-37
5.25665 1.30995e-14 1.30994e-14 1.50365e-20 1.14787e-06 2.64815e-05 0 1.4013e-45 0 3.08286e-44 0 6.89439e-43 0 4.72097e-42 0 1.95061e-41 0 6.05389e-41 0 1.55931e-40 0 3.5231e-40 0 7.22212e-40 0 1.37172e-39 0 2.45222e-39 0 4.17119e-39 0 6.81063e-39 0 1.07293e-38 0 1.64404e-38 0 2.44771e-38 0 3.56146e-38 0 5.07706e-38 0 7.10663e-38 0 9.78618e-38 0 1.32847e-37 0 1.77865e-37 0 2.35754e-37 0 3.08323e-37 0 3.99096e-37 0 5.11691e-37 0 6.50307e-37 0 8.19718e-37 0 1.02543e-36 0 1.27367e-36 1.4013e-45 1.57147e-36 1.4013e-45 1.92707e-36 2.8026e-45 2.35554e-36 4.2039e-45 2.85577e-36 7.00649e-45 3.44384e-36 1.12104e-44 4.13299e-36 1.82169e-44 4.93637e-36 2.8026e-44 5.87043e-36 4.2039e-44 6.95207e-36 6.16571e-44 8.19994e-36 9.10844e-44 9.63537e-36
5.52648 1.30294e-14 1.30294e-14 1.24067e-20 9.52208e-07 2.37735e-05 0 6.16571e-44 0 1.00473e-42 0 2.03497e-41 0 1.32302e-40 0 5.26419e-40 0 1.58528e-39 0 3.98152e-39 0 8.80216e-39 0 1.77003e-38 0 3.30455e-38 0 5.81601e-38 0 9.75245e-38 0 1.5714e-37 0 2.44531e-37 0 3.70352e-37 0 5.45468e-37 0 7.85602e-37 0 1.10914e-36 0 1.53832e-36 0 2.09986e-36 0 2.82669e-36 0 3.75433e-36 0 4.93737e-36 1.4013e-45 6.40951e-36 2.8026e-45 8.23752e-36 5.60519e-45 1.04891e-35 9.80909e-45 1.32421e-35 1.68156e-44 1.65847e-35 3.08286e-44 2.06176e-35 5.32493e-44 2.54545e-35 8.96831e-44 3.12222e-35 1.5134e-43 3.80691e-35 2.46629e-43 4.62677e-35 3.85357e-43 5.57906e-35 6.10966e-43 6.69257e-35 9.47278e-43 7.99063e-35 1.43633e-42 9.49614e-35 2.16921e-42 1.12378e-34 3.26362e-42 1.32448e-34 4.72518e-42 1.55492e-34 6.81872e-42 1.81875e-34
5.81015 1.29337e-14 1.29337e-14 1.02251e-20 7.90582e-07 2.13051e-05 0 1.85252e-42 0 2.77877e-41 0 5.19485e-40 0 3.21373e-39 0 1.23269e-38 0 3.60499e-38 0 8.83492e-38 0 1.91229e-37 0 3.77423e-37 0 6.92938e-37 0 1.20119e-36 0 1.98636e-36 0 3.15961e-36 0 4.85833e-36 0 7.27523e-36 0 1.06031e-35 0 1.512e-35 1.4013e-45 2.11469e-35 2.8026e-45 2.90683e-35 5.60519e-45 3.93422e-35 1.4013e-44 5.25285e-35 2.94273e-44 6.92237e-35 6.02558e-44 9.03453e-35 1.23314e-43 1.1644e-34 2.35418e-43 1.48612e-34 4.38606e-43 1.87968e-34 7.79122e-43 2.3577e-34 1.37748e-42 2.93438e-34 2.41584e-42 3.62585e-34 4.05536e-42 4.45016e-34 6.64776e-42 5.42738e-34 1.08348e-41 6.58086e-34 1.72556e-41 7.95369e-34 2.64019e-41 9.54029e-34 4.09375e-41 1.13858e-33 6.21168e-41 1.35262e-33 9.22839e-41 1.59964e-33 1.36608e-40 1.884e-33 2.01503e-40 2.21013e-33 2.86467e-40 2.58285e-33 4.06084e-40 3.00764e-33
6.10839 1.28247e-14 1.28247e-14 8.41026e-21 6.55786e-07 1.90616e-05 0 4.78403e-41 0 6.67752e-40 0 1.1551e-38 0 6.80934e-38 0 2.52051e-37 0 7.16426e-37 0 1.71444e-36 0 3.63529e-36 0 7.04566e-36 0 1.27269e-35 0 2.17384e-35 0 3.54644e-35 0 5.57085e-35 1.4013e-45 8.46685e-35 4.2039e-45 1.25399e-34 1.4013e-44 1.80898e-34 3.64338e-44 2.55477e-34 9.3887e-44 3.54052e-34 2.25609e-43 4.82455e-34 5.1848e-43 6.47576e-34 1.10703e-42 8.57763e-34 2.28832e-42 1.12182e-33 4.50097e-42 1.45328e-33 8.76512e-42 1.85992e-33 1.62817e-41 2.35781e-33 2.94385e-41 2.96278e-33 5.09246e-41 3.69287e-33 8.74873e-41 4.56814e-33 1.49294e-40 5.6113e-33 2.44388e-40 6.84758e-33 3.90972e-40 8.30485e-33 6.22247e-40 1.00154e-32 9.68761e-40 1.20393e-32 1.45175e-39 1.43669e-32 2.20336e-39 1.70606e-32 3.27587e-39 2.0169e-32 4.77364e-39 2.37391e-32 6.93237e-39 2.78293e-32 1.00333e-38 3.24985e-32 1.4021e-38 3.78106e-32 1.95399e-38 4.3838e-32
6.42193 1.2701e-14 1.2701e-14 6.89211e-21 5.42641e-07 1.70148e-05 0 1.07667e-39 0 1.40155e-38 0 2.24869e-37 0 1.26497e-36 0 4.52314e-36 0 1.25057e-35 0 2.92416e-35 0 6.07758e-35 0 1.15728e-34 0 2.05763e-34 1.4013e-45 3.46442e-34 8.40779e-45 5.57796e-34 3.50325e-44 8.65578e-34 1.21913e-43 1.30073e-33 3.74147e-43 1.90592e-33 1.06499e-42 2.72217e-33 2.73393e-42 3.80841e-33 6.74585e-42 5.231e-33 1.54185e-41 7.06792e-33 3.40473e-41 9.41051e-33 7.00565e-41 1.23687e-32 1.39823e-40 1.60568e-32 2.66118e-40 2.06514e-32 5.01624e-40 2.62496e-32 9.04059e-40 3.30577e-32 1.58802e-39 4.12764e-32 2.67447e-39 5.11323e-32 4.47493e-39 6.28764e-32 7.43966e-39 7.67907e-32 1.18888e-38 9.31867e-32 1.85883e-38 1.12406e-31 2.89204e-38 1.34845e-31 4.40627e-38 1.61239e-31 6.47393e-38 1.91452e-31 9.62753e-38 2.26244e-31 1.40394e-37 2.66196e-31 2.00857e-37 3.11865e-31 2.86423e-37 3.63945e-31 4.07129e-37 4.23129e-31 5.59721e-37 4.90164e-31 7.67495e-37 5.65896e-31
6.75157 1.26119e-14 1.26119e-14 5.60366e-21 4.44316e-07 1.51285e-05 0 2.13154e-38 0 2.59287e-37 0 3.86717e-36 0 2.07873e-35 0 7.18734e-35 0 1.93445e-34 0 4.42256e-34 0 9.0148e-34 5.60519e-45 1.68732e-33 3.36312e-44 2.95422e-33 1.68156e-43 4.90496e-33 7.1186e-43 7.79677e-33 2.591e-42 1.19561e-32 8.54512e-42 1.77699e-32 2.46909e-41 2.57673e-32 6.68756e-41 3.64475e-32 1.63937e-40 5.05259e-32 3.87095e-40 6.87991e-32 8.49809e-40 9.21942e-32 1.80541e-39 1.21788e-31 3.58618e-39 1.58868e-31 6.92005e-39 2.04757e-31 1.27632e-38 2.61501e-31 2.33251e-38 3.30181e-31 4.08461e-38 4.13156e-31 6.98015e-38 5.12686e-31 1.14602e-37 6.31313e-31 1.86994e-37 7.71827e-31 3.0326e-37 9.3735e-31 4.73654e-37 1.13131e-30 7.24578e-37 1.35744e-30 1.10326e-36 1.62005e-30 1.64671e-36 1.92723e-30 2.37441e-36 2.27722e-30 3.46328e-36 2.6783e-30 4.95817e-36 3.13669e-30 6.97053e-36 3.65826e-30 9.76927e-36 4.25035e-30 1.36499e-35 4.92024e-30 1.84765e-35 5.67572e-30 2.49477e-35 6.5256e-30
7.09813 1.24085e-14 1.24085e-14 4.55337e-21 3.66956e-07 1.33523e-05 0 3.68794e-37 0 4.19928e-36 0 5.83437e-35 0 3.00072e-34 0 1.0042e-33 0 2.63303e-33 4.2039e-45 5.88936e-33 5.46506e-44 1.17797e-32 4.18988e-43 2.16829e-32 2.40183e-42 3.73989e-32 1.13113e-41 6.12554e-32 4.46061e-41 9.61629e-32 1.52418e-40 1.45768e-31 4.74274e-40 2.14339e-31 1.30129e-39 3.07663e-31 3.35719e-39 4.31094e-31 7.87728e-39 5.92301e-31 1.7836e-38 7.9972e-31 3.76815e-38 1.06308e-30 7.71623e-38 1.3936e-30 1.48221e-37 1.80458e-30 2.7698e-37 2.30954e-30 4.95814e-37 2.92945e-30 8.79825e-37 3.67491e-30 1.49915e-36 4.56974e-30 2.49572e-36 5.63646e-30 3.99956e-36 6.90027e-30 6.37183e-36 8.38859e-30 1.00925e-35 1.0132e-29 1.54238e-35 1.21638e-29 2.31101e-35 1.45201e-29 3.44729e-35 1.72425e-29 5.04574e-35 2.04095e-29 7.14666e-35 2.40016e-29 1.02337e-34 2.80986e-29 1.43965e-34 3.27593e-29 1.99057e-34 3.80386e-29 2.74421e-34 4.40053e-29 3.77218e-34 5.07269e-29 5.0311e-34 5.82754e-29 6.69431e-34 6.67322e-29
7.46248 1.22439e-14 1.22439e-14 3.60877e-21 2.94741e-07 1.16233e-05 0 5.67286e-36 0 6.05583e-35 0 7.85333e-34 0 3.86952e-33 0 1.2545e-32 2.38221e-44 3.20683e-32 3.83956e-43 7.02173e-32 3.87039e-42 1.37887e-31 2.67158e-41 2.49714e-31 1.40378e-40 4.2448e-31 6.13055e-40 6.86111e-31 2.26099e-39 1.06411e-30 7.2759e-39 1.59499e-30 2.14196e-38 2.32092e-30 5.59443e-38 3.2987e-30 1.37804e-37 4.57979e-30 3.10154e-37 6.23796e-30 6.74793e-37 8.35335e-30 1.37449e-36 1.10176e-29 2.71782e-36 1.43356e-29 5.05687e-36 1.84308e-29 9.16566e-36 2.34272e-29 1.59473e-35 2.95179e-29 2.75172e-35 3.67958e-29 4.56828e-35 4.54776e-29 7.41817e-35 5.57645e-29 1.16175e-34 6.7881e-29 1.80921e-34 8.20696e-29 2.80204e-34 9.8599e-29 4.19442e-34 1.17761e-28 6.16181e-34 1.39868e-28 9.01375e-34 1.65282e-28 1.29501e-33 1.9469e-28 1.80332e-33 2.27898e-28 2.53739e-33 2.65599e-28 3.51056e-33 3.08294e-28 4.77778e-33 3.56443e-28 6.48422e-33 4.10627e-28 8.7758e-33 4.7141e-28 1.15412e-32 5.39391e-28 1.51439e-32 6.15245e-28
7.84553 1.20728e-14 1.20728e-14 2.73153e-21 2.26255e-07 9.97405e-06 0 7.76665e-35 0 7.78464e-34 0 9.44025e-33 0 4.46147e-32 6.02558e-44 1.40249e-31 1.70118e-42 3.49766e-31 2.42327e-41 7.50164e-31 2.18076e-40 1.44698e-30 1.36975e-39 2.57937e-30 6.63741e-39 4.32285e-30 2.69738e-38 6.89785e-30 9.33399e-38 1.05724e-29 2.83709e-37 1.56745e-29 7.92326e-37 2.25776e-29 1.97465e-36 3.17822e-29 4.65458e-36 4.37319e-29 1.00692e-35 5.90636e-29 2.10914e-35 7.84611e-29 4.14946e-35 1.027e-28 7.93625e-35 1.32659e-28 1.43255e-34 1.6937e-28 2.52222e-34 2.13854e-28 4.27133e-34 2.67708e-28 7.1765e-34 3.31665e-28 1.16228e-33 4.07491e-28 1.84322e-33 4.9681e-28 2.82411e-33 6.01416e-28 4.30394e-33 7.23236e-28 6.5249e-33 8.64399e-28 9.57675e-33 1.02719e-27 1.3807e-32 1.21408e-27 1.98258e-32 1.42786e-27 2.79844e-32 1.67395e-27 3.83436e-32 1.95064e-27 5.30599e-32 2.26336e-27 7.22556e-32 2.61595e-27 9.68695e-32 3.01188e-27 1.29522e-31 3.45556e-27 1.72725e-31 3.95123e-27 2.24135e-31 4.50338e-27 2.90226e-31 5.11707e-27
8.24824 1.34566e-14 1.34566e-14 2.0097e-21 1.49347e-07 8.57303e-06 0 1.07533e-33 0 1.01356e-32 0 1.15142e-31 6.02558e-44 5.22539e-31 4.59906e-42 1.59411e-30 1.11308e-40 3.88116e-30 1.39308e-39 8.15826e-30 1.12616e-38 1.54648e-29 6.46653e-38 2.71462e-29 2.90113e-37 4.48719e-29 1.10098e-36 7.07088e-29 3.58576e-36 1.07137e-28 1.03232e-35 1.57156e-28 2.74201e-35 2.24138e-28 6.53571e-35 3.12576e-28 1.47741e-34 4.26366e-28 3.0779e-34 5.71117e-28 6.21852e-34 7.52777e-28 1.18365e-33 9.78033e-28 2.1933e-33 1.25443e-27 3.84653e-33 1.59071e-27 6.5879e-33 1.9955e-27 1.08732e-32 2.48227e-27 1.78117e-32 3.05689e-27 2.8176e-32 3.73411e-27 4.36885e-32 4.52724e-27 6.55578e-32 5.45096e-27 9.78756e-32 6.52093e-27 1.45398e-31 7.75433e-27 2.09444e-31 9.16957e-27 2.96614e-31 1.07863e-26 4.18457e-31 1.26268e-26 5.80802e-31 1.47348e-26 7.83659e-31 1.7095e-26 1.06737e-30 1.97508e-26 1.43176e-30 2.27322e-26 1.89221e-30 2.60663e-26 2.4944e-30 2.97871e-26 3.28001e-30 3.39273e-26 4.20248e-30 3.85212e-26 5.37344e-30 4.36075e-26
8.67162 1.6345e-14 1.6345e-14 1.74258e-21 1.06612e-07 7.46101e-06 0 1.45742e-32 0 1.294e-31 1.12104e-44 1.37946e-30 5.00404e-42 6.01821e-30 3.10302e-40 1.7832e-29 6.4283e-39 4.24129e-29 7.1115e-38 8.74233e-29 5.19126e-37 1.62936e-28 2.73705e-36 2.81759e-28 1.14117e-35 4.59527e-28 4.05773e-35 7.15336e-28 1.24752e-34 1.0718e-27 3.41084e-34 1.55596e-27 8.63774e-34 2.19785e-27 1.97336e-33 3.03724e-27 4.28668e-33 4.10788e-27 8.61611e-33 5.4585e-27 1.68202e-32 7.14018e-27 3.10256e-32 9.20986e-27 5.57847e-32 1.17313e-26 9.51865e-32 1.47781e-26 1.58797e-31 1.84216e-26 2.55758e-31 2.27747e-26 4.08989e-31 2.78831e-26 6.32648e-31 3.38688e-26 9.60172e-31 4.08397e-26 1.41254e-30 4.89144e-26 2.06801e-30 5.82186e-26 3.01333e-30 6.88895e-26 4.26398e-30 8.10733e-26 5.93691e-30 9.49249e-26 8.23612e-30 1.10621e-25 1.12499e-29 1.28509e-25 1.49588e-29 1.48455e-25 2.00692e-29 1.70804e-25 2.65375e-29 1.95787e-25 3.45976e-29 2.23612e-25 4.49971e-29 2.54539e-25 5.83831e-29 2.88818e-25 7.39031e-29 3.26709e-25 9.33679e-29 3.68504e-25
9.11674 2.24348e-14 2.24348e-14 2.07286e-21 9.23945e-08 6.3655e-06 0 2.01279e-31 0 1.68653e-30 1.11824e-42 1.69015e-29 3.7898e-40 7.09618e-29 1.92095e-38 2.04381e-28 3.4321e-37 4.75188e-28 3.37644e-36 9.6099e-28 2.23676e-35 1.76178e-27 1.08737e-34 3.00248e-27 4.22836e-34 4.83323e-27 1.41321e-33 7.43494e-27 4.11298e-33 1.10191e-26 1.07064e-32 1.58359e-26 2.59107e-32 2.21598e-26 5.68549e-32 3.03524e-26 1.18914e-31 4.07135e-26 2.31004e-31 5.36782e-26 4.36471e-31 6.96969e-26 7.81381e-31 8.92677e-26 1.36527e-30 1.12945e-25 2.26959e-30 1.41363e-25 3.69287e-30 1.75133e-25 5.81091e-30 2.15222e-25 9.08179e-30 2.61999e-25 1.37522e-29 3.16498e-25 2.04509e-29 3.79621e-25 2.95243e-29 4.52354e-25 4.24276e-29 5.35732e-25 6.06959e-29 6.30883e-25 8.44437e-29 7.39004e-25 1.1569e-28 8.61351e-25 1.57949e-28 9.99357e-25 2.12486e-28 1.15588e-24 2.78634e-28 1.32972e-24 3.685e-28 1.52368e-24 4.80666e-28 1.73962e-24 6.18595e-28 1.97916e-24 7.94276e-28 2.24437e-24 1.01754e-27 2.5372e-24 1.2733e-27 2.85968e-24 1.5904e-27 3.21409e-24
9.5847 2.7347e-14 2.7347e-14 2.875e-21 1.0513e-07 5.69663e-06 0 2.23425e-30 2.8026e-45 1.77033e-29 8.11338e-41 1.67077e-28 2.07e-38 6.75803e-28 8.66222e-37 1.89345e-27 1.34444e-35 4.30603e-27 1.18295e-34 8.54829e-27 7.14551e-34 1.54222e-26 3.2156e-33 2.59127e-26 1.1702e-32 4.11854e-26 3.68729e-32 6.26267e-26 1.01861e-31 9.18374e-26 2.5305e-31 1.3069e-25 5.86546e-31 1.81215e-25 1.23859e-30 2.46075e-25 2.49888e-30 3.27426e-25 4.69951e-30 4.28415e-25 8.60789e-30 5.52259e-25 1.49781e-29 7.02489e-25 2.5467e-29 8.83007e-25 4.12982e-29 1.09826e-24 6.56183e-29 1.35246e-24 1.00993e-28 1.65237e-24 1.54437e-28 2.00035e-24 2.29168e-28 2.40354e-24 3.34257e-28 2.86804e-24 4.73981e-28 3.40049e-24 6.6918e-28 4.00784e-24 9.40721e-28 4.69759e-24 1.28785e-27 5.47767e-24 1.73747e-27 6.35638e-24 2.33635e-27 7.34316e-24 3.09786e-27 8.45708e-24 4.00886e-27 9.6894e-24 5.22993e-27 1.10588e-23 6.73391e-27 1.25772e-23 8.56014e-27 1.4255e-23 1.08579e-26 1.61056e-23 1.37427e-26 1.81413e-23 1.70097e-26 2.03749e-23 2.10164e-26 2.2821e-23
10.0767 2.64717e-14 2.64717e-14 3.163e-21 1.19486e-07 5.40931e-06 0 1.78874e-29 1.82169e-43 1.34316e-28 3.78451e-39 1.19597e-27 7.36668e-37 4.66534e-27 2.56895e-35 1.27253e-26 3.48758e-34 2.83237e-26 2.75953e-33 5.52226e-26 1.52675e-32 9.80851e-26 6.38416e-32 1.62545e-25 2.18128e-31 2.55167e-25 6.49865e-31 3.83662e-25 1.70835e-30 5.56826e-25 4.05958e-30 7.84843e-25 9.03133e-30 1.07861e-24 1.83877e-29 1.45239e-24 3.58479e-29 1.91743e-24 6.53699e-29 2.49027e-24 1.16249e-28 3.18763e-24 1.9688e-28 4.0277e-24 3.26189e-28 5.03045e-24 5.16621e-28 6.21854e-24 8.02505e-28 7.61313e-24 1.20941e-27 9.24851e-24 1.81145e-27 1.11358e-23 2.63669e-27 1.33106e-23 3.77557e-27 1.58031e-23 5.26328e-27 1.86459e-23 7.30677e-27 2.18727e-23 1.01023e-26 2.552e-23 1.36197e-26 2.96262e-23 1.81079e-26 3.42309e-23 2.39999e-26 3.93795e-23 3.13871e-26 4.51649e-23 4.01091e-26 5.15408e-23 5.16513e-26 5.85976e-23 6.5689e-26 6.63919e-23 8.25312e-26 7.4972e-23 1.03476e-25 8.43999e-23 1.29471e-25 9.47335e-23 1.58589e-25 1.06032e-22 1.93932e-25 1.18361e-22
10.5939 2.25377e-14 2.25377e-14 2.80763e-21 1.24575e-07 5.31968e-06 0 1.14795e-28 9.89457e-42 8.18668e-28 1.26941e-37 6.89029e-27 1.91026e-35 2.59488e-26 5.60099e-34 6.89567e-26 6.69464e-33 1.50306e-25 4.78828e-32 2.87951e-25 2.43691e-31 5.03741e-25 9.50253e-31 8.23644e-25 3.05769e-30 1.27748e-24 8.63689e-30 1.89983e-24 2.16579e-29 2.72969e-24 4.93364e-29 3.81175e-24 1.05556e-28 5.19324e-24 2.07579e-28 6.9358e-24 3.91709e-28 9.08676e-24 6.93648e-28 1.17164e-23 1.19934e-27 1.48949e-23 1.97964e-27 1.86979e-23 3.19998e-27 2.32081e-23 4.95564e-27 2.85186e-23 7.53419e-27 3.47155e-23 1.11292e-26 4.19394e-23 1.63437e-26 5.02317e-23 2.33574e-26 5.97372e-23 3.28651e-26 7.05758e-23 4.50781e-26 8.28767e-23 6.15855e-26 9.67731e-23 8.38118e-26 1.12408e-22 1.11357e-25 1.29931e-22 1.46009e-25 1.49497e-22 1.90873e-25 1.71281e-22 2.46376e-25 1.95649e-22 3.11093e-25 2.22405e-22 3.95699e-25 2.51904e-22 4.97369e-25 2.84361e-22 6.17966e-25 3.19958e-22 7.66288e-25 3.5893e-22 9.48356e-25 4.01494e-22 1.15019e-24 4.4787e-22 1.39278e-24 4.98308e-22
11.1377 1.88292e-14 1.88292e-14 2.35963e-21 1.25318e-07 5.44809e-06 1.68156e-44 6.61147e-28 4.26719e-40 4.48757e-27 3.4497e-36 3.57677e-26 4.06405e-34 1.30178e-25 1.01041e-32 3.3728e-25 1.06993e-31 7.2037e-25 6.95168e-31 1.3567e-24 3.26775e-30 2.33857e-24 1.19232e-29 3.77398e-24 3.62381e-29 5.78513e-24 9.72998e-29 8.5121e-24 2.3328e-28 1.21109e-23 5.10472e-28 1.67587e-23 1.05235e-27 2.26404e-23 2.00226e-27 2.99968e-23 3.66299e-27 3.90076e-23 6.30804e-27 4.9943e-23 1.06191e-26 6.30687e-23 1.71043e-26 7.86696e-23 2.70074e-26 9.70549e-23 4.09413e-26 1.18572e-22 6.09839e-26 1.43535e-22 8.83834e-26 1.72468e-22 1.27382e-25 2.05508e-22 1.78901e-25 2.43187e-22 2.47561e-25 2.85937e-22 3.34358e-25 3.34223e-22 4.49892e-25 3.88518e-22 6.03116e-25 4.49331e-22 7.90291e-25 5.1719e-22 1.0226e-24 5.92638e-22 1.31944e-24 6.76292e-22 1.68201e-24 7.69466e-22 2.09979e-24 8.71395e-22 2.63968e-24 9.83345e-22 3.28107e-24 1.10606e-21 4.03365e-24 1.24017e-21 4.94953e-24 1.38647e-21 6.0621e-24 1.5457e-21 7.28335e-24 1.71859e-21 8.73744e-24 1.90602e-21
11.7094 1.51212e-14 1.51212e-14 1.84508e-21 1.2202e-07 5.48075e-06 9.03838e-43 3.35903e-27 1.44145e-38 2.17428e-26 7.51021e-35 1.64414e-25 7.00981e-33 5.78892e-25 1.48974e-31 1.46338e-24 1.40582e-30 3.06432e-24 8.33648e-30 5.67606e-24 3.63349e-29 9.64417e-24 1.24458e-28 1.53667e-23 3.58281e-28 2.32879e-23 9.16701e-28 3.39107e-23 2.10597e-27 4.77891e-23 4.43548e-27 6.5546e-23 8.82652e-27 8.78239e-23 1.62746e-26 1.15459e-22 2.8908e-26 1.49055e-22 4.84788e-26 1.89534e-22 7.95613e-26 2.37792e-22 1.25202e-25 2.94781e-22 1.93332e-25 3.61527e-22 2.87184e-25 4.39178e-22 4.19532e-25 5.28761e-22 5.97107e-25 6.3201e-22 8.45359e-25 7.49314e-22 1.16773e-24 8.82419e-22 1.59046e-24 1.03271e-21 2.11681e-24 1.20166e-21 2.80727e-24 1.39077e-21 3.7099e-24 1.60166e-21 4.79752e-24 1.83598e-21 6.13013e-24 2.09543e-21 7.81179e-24 2.38193e-21 9.84108e-24 2.69968e-21 1.21531e-23 3.04606e-21 1.5108e-23 3.42507e-21 1.85806e-23 3.83903e-21 2.26133e-23 4.28981e-21 2.74721e-23 4.77986e-21 3.33159e-23 5.31143e-21 3.96705e-23 5.88672e-21 4.71695e-23 6.50831e-21
12.3105 1.21465e-14 1.21465e-14 1.37485e-21 1.13189e-07 5.45146e-06 4.0342e-41 1.57203e-26 4.00847e-37 9.72112e-26 1.37518e-33 6.98632e-25 1.02856e-31 2.38204e-24 1.88288e-30 5.87925e-24 1.59238e-29 1.20767e-23 8.6568e-29 2.20111e-23 3.51142e-28 3.68788e-23 1.1326e-27 5.80376e-23 3.0964e-27 8.69805e-23 7.56729e-27 1.2538e-22 1.66927e-26 1.75057e-22 3.39018e-26 2.38041e-22 6.5235e-26 3.16398e-22 1.16742e-25 4.12815e-22 2.0163e-25 5.29177e-22 3.29705e-25 6.68398e-22 5.28166e-25 8.33273e-22 8.12953e-25 1.02675e-21 1.22898e-24 1.25199e-21 1.79065e-24 1.51251e-21 2.56791e-24 1.81143e-21 3.59238e-24 2.15405e-21 5.00034e-24 2.54138e-21 6.79909e-24 2.97874e-21 9.1218e-24 3.47021e-21 1.19723e-23 4.0202e-21 1.56601e-23 4.6331e-21 2.04155e-23 5.31363e-21 2.60713e-23 6.06662e-21 3.29169e-23 6.89698e-21 4.14533e-23 7.81032e-21 5.16363e-23 8.81907e-21 6.31137e-23 9.91489e-21 7.76302e-23 1.11096e-20 9.45141e-23 1.24099e-20 1.13929e-22 1.38209e-20 1.37099e-22 1.53496e-20 1.64705e-22 1.70024e-20 1.94456e-22 1.87853e-20 2.29268e-22 2.07056e-20
12.9424 1.10449e-14 1.10449e-14 9.99891e-22 9.05293e-08 5.21431e-06 1.65381e-39 7.69618e-26 1.04843e-35 4.55335e-25 2.41719e-32 3.11518e-24 1.4645e-30 1.02954e-23 2.32616e-29 2.4827e-23 1.77253e-28 5.00528e-23 8.87159e-28 8.98036e-23 3.36075e-27 1.48426e-22 1.02376e-26 2.30781e-22 2.66473e-26 3.42139e-22 6.23432e-26 4.88343e-22 1.32312e-25 6.75679e-22 2.59581e-25 9.11091e-22 4.83785e-25 1.20156e-21 8.4151e-25 1.55619e-21 1.41514e-24 1.98112e-21 2.25913e-24 2.48606e-21 3.53668e-24 3.08017e-21 5.33023e-24 3.77305e-21 7.89702e-24 4.57496e-21 1.12966e-23 5.49725e-21 1.59174e-23 6.54977e-21 2.19057e-23 7.74973e-21 3.00027e-23 9.09975e-21 4.0188e-23 1.06168e-20 5.3149e-23 1.23137e-20 6.88375e-23 1.42041e-20 8.88686e-23 1.63017e-20 1.14365e-22 1.8621e-20 1.44314e-22 2.11767e-20 1.80145e-22 2.3984e-20 2.24323e-22 2.70598e-20 2.76446e-22 3.04433e-20 3.34598e-22 3.41063e-20 4.07419e-22 3.80858e-20 4.91286e-22 4.24016e-20 5.86829e-22 4.70694e-20 6.9982e-22 5.21099e-20 8.33234e-22 5.75417e-20 9.75799e-22 6.33829e-20 1.14128e-21 6.96547e-20
13.6067 1.07197e-14 1.07197e-14 7.7739e-22 7.25199e-08 4.74223e-06 5.93539e-38 3.72904e-25 2.454e-34 2.11338e-24 3.87669e-31 1.37848e-23 1.92228e-29 4.41992e-23 2.66766e-28 1.04205e-22 1.84087e-27 2.06297e-22 8.51696e-27 3.64514e-22 3.02328e-26 5.94523e-22 8.72206e-26 9.13592e-22 2.16666e-25 1.3402e-21 4.863e-25 1.8946e-21 9.94856e-25 2.59834e-21 1.88861e-24 3.47506e-21 3.41445e-24 4.54817e-21 5.78084e-24 5.84827e-21 9.47781e-24 7.39528e-21 1.47888e-23 9.22129e-21 2.26508e-23 1.13562e-20 3.34607e-23 1.38311e-20 4.86315e-23 1.66791e-20 6.83615e-23 1.99364e-20 9.47249e-23 2.36343e-20 1.28345e-22 2.78282e-20 1.73106e-22 3.25242e-20 2.28586e-22 3.77766e-20 2.9821e-22 4.36251e-20 3.81388e-22 5.01122e-20 4.86267e-22 5.72797e-20 6.18116e-22 6.51722e-20 7.7118e-22 7.38349e-20 9.52282e-22 8.33134e-20 1.17318e-21 9.36598e-20 1.43111e-21 1.04996e-19 1.71608e-21 1.17228e-19 2.06957e-21 1.3047e-19 2.47289e-21 1.44784e-19 2.92829e-21 1.60214e-19 3.46222e-21 1.76821e-19 4.08729e-21 1.94662e-19 4.74985e-21 2.13788e-19 5.51301e-21 2.34262e-19
14.3051 1.06647e-14 1.06647e-14 6.09914e-22 5.719e-08 4.06353e-06 1.80843e-36 1.72311e-24 4.9792e-33 9.36313e-24 5.49007e-30 5.83036e-23 2.24988e-28 1.81524e-22 2.74601e-27 4.1867e-22 1.72439e-26 8.14317e-22 7.40315e-26 1.41758e-21 2.47029e-25 2.28239e-21 6.76741e-25 3.46738e-21 1.60806e-24 5.03444e-21 3.46953e-24 7.05068e-21 6.85409e-24 9.5868e-21 1.26107e-23 1.27196e-20 2.21494e-23 1.65242e-20 3.65483e-23 2.10992e-20 5.84927e-23 2.65061e-20 8.93084e-23 3.28465e-20 1.33969e-22 4.02139e-20 1.9417e-22 4.87042e-20 2.77099e-22 5.84197e-20 3.83097e-22 6.9472e-20 5.22451e-22 8.19548e-20 6.97458e-22 9.60395e-20 9.27063e-22 1.11738e-19 1.20768e-21 1.29216e-19 1.5552e-21 1.48592e-19 1.96524e-21 1.69992e-19 2.47612e-21 1.93539e-19 3.11085e-21 2.19364e-19 3.83949e-21 2.47599e-19 4.69256e-21 2.78376e-19 5.72253e-21 3.11848e-19 6.91324e-21 3.48379e-19 8.21667e-21 3.8767e-19 9.81898e-21 4.30065e-19 1.16309e-20 4.75736e-19 1.36597e-20 5.24809e-19 1.60188e-20 5.77462e-19 1.87582e-20 6.3385e-19 2.16396e-20 6.94118e-19 2.49344e-20 7.58443e-19
15.0394 1.11853e-14 1.11853e-14 4.92203e-22 4.40043e-08 3.44074e-06 4.85541e-35 7.83421e-24 9.08103e-32 4.08439e-23 7.11231e-29 2.43089e-22 2.43141e-27 7.3549e-22 2.62635e-26 1.66048e-21 1.50775e-25 3.1745e-21 6.02856e-25 5.44667e-21 1.89668e-24 8.65984e-21 4.94652e-24 1.301e-20 1.12675e-23 1.87014e-20 2.34148e-23 2.59532e-20 4.47438e-23 3.49938e-20 7.99091e-23 4.60693e-20 1.36544e-22 5.94176e-20 2.19867e-22 7.53515e-20 3.43892e-22 9.40577e-20 5.14328e-22 1.15854e-19 7.564e-22 1.41028e-19 1.07662e-21 1.69873e-19 1.50999e-21 2.027e-19 2.05484e-21 2.39847e-19 2.76018e-21 2.81592e-19 3.63315e-21 3.28459e-19 4.76256e-21 3.80462e-19 6.12459e-21 4.381e-19 7.79019e-21 5.01722e-19 9.73228e-21 5.71696e-19 1.21247e-20 6.48379e-19 1.5064e-20 7.32152e-19 1.84023e-20 8.23396e-19 2.22718e-20 9.22489e-19 2.68983e-20 1.02987e-18 3.21967e-20 1.14662e-18 3.79457e-20 1.2718e-18 4.49527e-20 1.40642e-18 5.28097e-20 1.55097e-18 6.1536e-20 1.7058e-18 7.16045e-20 1.87142e-18 8.3206e-20 2.04824e-18 9.53199e-20 2.23668e-18 1.09076e-19 2.43722e-18
15.8114 1.22902e-14 1.22902e-14 4.29161e-22 3.49188e-08 2.95167e-06 1.15159e-33 3.49324e-23 1.49094e-30 1.74825e-22 8.43423e-28 9.95531e-22 2.42664e-26 2.92926e-21 2.33367e-25 6.47705e-21 1.23015e-24 1.21769e-20 4.59683e-24 2.05995e-20 1.36752e-23 3.23528e-20 3.40341e-23 4.80796e-20 7.44707e-23 6.84406e-20 1.49328e-22 9.41386e-20 2.76472e-22 1.25897e-19 4.79973e-22 1.64492e-19 7.98978e-22 2.1066e-19 1.25695e-21 2.65378e-19 1.92352e-21 3.29199e-19 2.82085e-21 4.03102e-19 4.07111e-21 4.87954e-19 5.69557e-21 5.84635e-19 7.85737e-21 6.94073e-19 1.05329e-20 8.17276e-19 1.3946e-20 9.55056e-19 1.81121e-20 1.10899e-18 2.34308e-20 1.27903e-18 2.97639e-20 1.46668e-18 3.74163e-20 1.67294e-18 4.62389e-20 1.89886e-18 5.69906e-20 2.14548e-18 7.00599e-20 2.41386e-18 8.47535e-20 2.70509e-18 1.01623e-19 3.02023e-18 1.21608e-19 3.36054e-18 1.44289e-19 3.72918e-18 1.68695e-19 4.1232e-18 1.982e-19 4.54556e-18 2.31018e-19 4.99766e-18 2.67189e-19 5.48043e-18 3.08614e-19 5.99525e-18 3.55997e-19 6.54331e-18 4.05129e-19 7.12567e-18 4.60553e-19 7.7437e-18
16.623 1.3519e-14 1.3519e-14 4.0675e-22 3.00872e-08 2.55117e-06 2.32487e-32 1.46384e-22 2.12135e-29 7.0353e-22 8.80653e-27 3.83658e-21 2.15047e-25 1.09859e-20 1.8517e-24 2.38039e-20 9.00003e-24 4.4026e-20 3.15349e-23 7.34601e-20 8.89508e-23 1.14004e-19 2.11737e-22 1.67636e-19 4.45927e-22 2.36367e-19 8.64304e-22 3.2231e-19 1.5528e-21 4.27624e-19 2.62413e-21 5.54597e-19 4.26087e-21 7.05383e-19 6.55654e-21 8.82851e-19 9.82723e-21 1.08853e-18 1.41447e-20 1.32525e-18 2.00516e-20 1.59549e-18 2.75965e-20 1.9017e-18 3.74775e-20 2.24651e-18 4.95255e-20 2.63274e-18 6.46812e-20 3.06261e-18 8.29383e-20 3.54057e-18 1.05953e-19 4.0663e-18 1.33028e-19 4.64399e-18 1.65372e-19 5.27634e-18 2.02265e-19 5.96623e-18 2.46765e-19 6.71639e-18 3.00311e-19 7.52972e-18 3.59933e-19 8.40909e-18 4.27769e-19 9.35732e-18 5.07423e-19 1.03777e-17 5.97058e-19 1.14791e-17 6.92741e-19 1.26528e-17 8.07521e-19 1.39069e-17 9.34215e-19 1.52452e-17 1.07284e-18 1.66699e-17 1.23049e-18 1.81848e-17 1.40955e-18 1.97928e-17 1.59399e-18 2.14967e-17 1.80074e-18 2.33e-17
17.4762 1.42446e-14 1.42446e-14 3.98914e-22 2.80045e-08 2.23069e-06 3.85313e-31 5.53041e-22 2.52056e-28 2.55342e-21 7.79577e-26 1.33461e-20 1.62867e-24 3.72146e-20 1.26246e-23 7.90559e-20 5.68022e-23 1.43905e-19 1.87208e-22 2.36914e-19 5.01991e-22 3.63412e-19 1.14539e-21 5.2889e-19 2.3261e-21 7.38842e-19 4.36513e-21 9.99004e-19 7.62122e-21 1.31516e-18 1.25536e-20 1.69342e-18 1.99069e-20 2.13942e-18 2.99944e-20 2.66077e-18 4.40774e-20 3.26127e-18 6.23243e-20 3.94829e-18 8.68584e-20 4.72814e-18 1.17691e-19 5.60712e-18 1.57461e-19 6.59182e-18 2.05267e-19 7.68938e-18 2.64611e-19 8.90524e-18 3.35207e-19 1.02509e-17 4.23134e-19 1.17247e-17 5.25391e-19 1.33375e-17 6.4623e-19 1.50958e-17 7.82663e-19 1.70066e-17 9.45629e-19 1.90764e-17 1.13984e-18 2.13124e-17 1.35412e-18 2.37214e-17 1.59581e-18 2.631e-17 1.87725e-18 2.90864e-17 2.19139e-18 3.20725e-17 2.52419e-18 3.52452e-17 2.92048e-18 3.8625e-17 3.35473e-18 4.22205e-17 3.82659e-18 4.60373e-17 4.3596e-18 5.00837e-17 4.96098e-18 5.43669e-17 5.57655e-18 5.88929e-17 6.26249e-18 6.36701e-17
18.3733 1.41942e-14 1.41942e-14 3.83864e-22 2.70437e-08 1.98712e-06 5.21498e-30 1.86416e-21 2.48578e-27 8.27181e-21 5.81078e-25 4.14707e-20 1.04655e-23 1.12676e-19 7.34046e-23 2.34783e-19 3.06888e-22 4.20783e-19 9.54227e-22 6.83741e-19 2.43841e-21 1.03698e-18 5.34409e-21 1.49404e-18 1.0484e-20 2.06832e-18 1.90787e-20 2.77366e-18 3.24159e-20 3.62389e-18 5.21099e-20 4.63347e-18 8.07938e-20 5.81561e-18 1.19323e-19 7.18826e-18 1.72082e-19 8.75973e-18 2.3924e-19 1.05472e-17 3.28057e-19 1.2565e-17 4.37966e-19 1.48274e-17 5.77691e-19 1.73493e-17 7.43397e-19 2.01467e-17 9.46508e-19 2.32315e-17 1.18526e-18 2.663e-17 1.47925e-18 3.0337e-17 1.81742e-18 3.43769e-17 2.21294e-18 3.87639e-17 2.65519e-18 4.35133e-17 3.17857e-18 4.86392e-17 3.79661e-18 5.41566e-17 4.47254e-18 6.00802e-17 5.22874e-18 6.64243e-17 6.1023e-18 7.3206e-17 7.06985e-18 8.04752e-17 8.08751e-18 8.8176e-17 9.29082e-18 9.63549e-17 1.06003e-17 1.0503e-16 1.20139e-17 1.14213e-16 1.36004e-17 1.2392e-16 1.53792e-17 1.34168e-16 1.7189e-17 1.44967e-16 1.91943e-17 1.56336e-16
19.3164 1.33732e-14 1.33732e-14 3.5335e-22 2.64224e-08 1.82396e-06 5.80397e-29 5.617e-21 2.04727e-26 2.39662e-20 3.66685e-24 1.15341e-19 5.73482e-23 3.05529e-19 3.65745e-22 6.2475e-19 1.42595e-21 1.10284e-18 4.19489e-21 1.76931e-18 1.02396e-20 2.65383e-18 2.15979e-20 3.7862e-18 4.09992e-20 5.19547e-18 7.24608e-20 6.91145e-18 1.1997e-19 8.96356e-18 1.88438e-19 1.13824e-17 2.85975e-19 1.41955e-17 4.14386e-19 1.74407e-17 5.87022e-19 2.11339e-17 8.03091e-19 2.53109e-17 1.08439e-18 3.0001e-17 1.42742e-18 3.52325e-17 1.85752e-18 4.10356e-17 2.36109e-18 4.74425e-17 2.97094e-18 5.44761e-17 3.67972e-18 6.21902e-17 4.543e-18 7.05712e-17 5.52576e-18 7.96681e-17 6.66394e-18 8.95086e-17 7.9249e-18 1.00122e-16 9.40405e-18 1.11536e-16 1.11355e-17 1.23779e-16 1.30135e-17 1.36878e-16 1.50982e-17 1.50862e-16 1.74882e-17 1.65761e-16 2.0116e-17 1.81678e-16 2.2861e-17 1.98493e-16 2.60852e-17 2.16299e-16 2.95707e-17 2.3513e-16 3.33098e-17 2.55008e-16 3.7481e-17 2.75964e-16 4.21294e-17 2.98026e-16 4.68322e-17 3.21214e-16 5.20147e-17 3.45563e-16
20.3079 1.2192e-14 1.2192e-14 3.07742e-22 2.52414e-08 1.73065e-06 5.47332e-28 1.55142e-20 1.44985e-25 6.36923e-20 2.01575e-23 2.94481e-19 2.75648e-22 7.60951e-19 1.60593e-21 1.52764e-18 5.85871e-21 2.65708e-18 1.63508e-20 4.21008e-18 3.82102e-20 6.24696e-18 7.77109e-20 8.8276e-18 1.42973e-19 1.20095e-17 2.45758e-19 1.58513e-17 3.96996e-19 2.04101e-17 6.09969e-19 2.57452e-17 9.07031e-19 3.19085e-17 1.29073e-18 3.89734e-17 1.79763e-18 4.69673e-17 2.42194e-18 5.59581e-17 3.22269e-18 6.60001e-17 4.18557e-18 7.71455e-17 5.37717e-18 8.94495e-17 6.7553e-18 1.02971e-16 8.40533e-18 1.17751e-16 1.03024e-17 1.3389e-16 1.25892e-17 1.51355e-16 1.51668e-17 1.70239e-16 1.81244e-17 1.90588e-16 2.13723e-17 2.12457e-16 2.51503e-17 2.35892e-16 2.95363e-17 2.60942e-16 3.42559e-17 2.87657e-16 3.94562e-17 3.16083e-16 4.53753e-17 3.46276e-16 5.18379e-17 3.78425e-16 5.85448e-17 4.12293e-16 6.63727e-17 4.48054e-16 7.47821e-17 4.85769e-16 8.37497e-17 5.25469e-16 9.3696e-17 5.6721e-16 1.04717e-16 6.11039e-16 1.15806e-16 6.56988e-16 1.27964e-16 7.05114e-16
21.3503 1.12283e-14 1.12283e-14 2.65326e-22 2.36302e-08 1.63967e-06 4.59547e-27 4.10798e-20 9.27039e-25 1.62407e-19 1.01292e-22 7.21984e-19 1.21909e-21 1.82097e-18 6.51686e-21 3.59064e-18 2.23187e-20 6.15586e-18 5.92439e-20 9.63613e-18 1.32827e-19 1.41484e-17 2.60937e-19 1.98074e-17 4.65995e-19 2.67218e-17 7.80095e-19 3.50013e-17 1.231e-18 4.4752e-17 1.85214e-18 5.60829e-17 2.70131e-18 6.90879e-17 3.77838e-18 8.39029e-17 5.17782e-18 1.00571e-16 6.87528e-18 1.19216e-16 9.02168e-18 1.39934e-16 1.15686e-17 1.62816e-16 1.46814e-17 1.87959e-16 1.82398e-17 2.15466e-16 2.24542e-17 2.45403e-16 2.725e-17 2.77955e-16 3.29742e-17 3.13046e-16 3.9366e-17 3.50842e-16 4.6635e-17 3.91423e-16 5.45513e-17 4.34878e-16 6.36863e-17 4.81283e-16 7.42078e-17 5.30723e-16 8.54449e-17 5.83277e-16 9.77393e-17 6.39019e-16 1.11637e-16 6.98046e-16 1.26711e-16 7.60694e-16 1.42257e-16 8.26515e-16 1.60293e-16 8.95819e-16 1.79554e-16 9.68707e-16 1.99976e-16 1.04523e-15 2.22503e-16 1.12547e-15 2.47328e-16 1.20951e-15 2.72179e-16 1.29739e-15 2.99291e-16 1.38921e-15
22.4463 1.02304e-14 1.02304e-14 2.29137e-22 2.23975e-08 1.55292e-06 3.38517e-26 1.02299e-19 5.27012e-24 3.89855e-19 4.579e-22 1.6679e-18 4.88065e-21 4.10841e-18 2.40402e-20 7.96042e-18 7.75293e-20 1.34569e-17 1.96219e-19 2.0817e-17 4.22923e-19 3.02526e-17 8.03886e-19 4.19693e-17 1.39555e-18 5.61584e-17 2.27816e-18 7.30123e-17 3.51579e-18 9.27142e-17 5.18532e-18 1.15452e-16 7.42462e-18 1.41385e-16 1.02162e-17 1.70746e-16 1.37864e-17 2.03598e-16 1.80544e-17 2.40151e-16 2.33786e-17 2.80564e-16 2.96168e-17 3.24984e-16 3.71512e-17 3.7357e-16 4.56693e-17 4.2649e-16 5.56535e-17 4.83846e-16 6.69048e-17 5.45951e-16 8.02089e-17 6.12649e-16 9.49321e-17 6.8422e-16 1.11535e-16 7.60788e-16 1.29473e-16 8.42493e-16 1.50016e-16 9.29451e-16 1.735e-16 1.02179e-15 1.98402e-16 1.11964e-15 2.25464e-16 1.2231e-15 2.55858e-16 1.33233e-15 2.88614e-16 1.4479e-15 3.222e-16 1.569e-15 3.60939e-16 1.69616e-15 4.02075e-16 1.82953e-15 4.45458e-16 1.96918e-15 4.93062e-16 2.11525e-15 5.4525e-16 2.26784e-15 5.97237e-16 2.42703e-15 6.53691e-16 2.59295e-15
23.5984 9.10217e-15 9.10217e-15 1.93673e-22 2.12777e-08 1.46818e-06 2.17208e-25 2.36856e-19 2.64291e-23 8.71099e-19 1.84657e-21 3.59011e-18 1.75346e-20 8.64163e-18 7.99e-20 1.64606e-17 2.43359e-19 2.74472e-17 5.88615e-19 4.19722e-17 1.22199e-18 6.03896e-17 2.25104e-18 8.30381e-17 3.80397e-18 1.10229e-16 6.06299e-18 1.42272e-16 9.1606e-18 1.7946e-16 1.32568e-17 2.22091e-16 1.8652e-17 2.70409e-16 2.52682e-17 3.24792e-16 3.3603e-17 3.8531e-16 4.34301e-17 4.52297e-16 5.55325e-17 5.25992e-16 6.95428e-17 6.06615e-16 8.62741e-17 6.94405e-16 1.04992e-16 7.89614e-16 1.26716e-16 8.92383e-16 1.5097e-16 1.00321e-15 1.79395e-16 1.12179e-15 2.10585e-16 1.24857e-15 2.45475e-16 1.38373e-15 2.82888e-16 1.52746e-15 3.25424e-16 1.67993e-15 3.73704e-16 1.84132e-15 4.24551e-16 2.0118e-15 4.79459e-16 2.19152e-15 5.40743e-16 2.38071e-15 6.06395e-16 2.58025e-15 6.73331e-16 2.78881e-15 7.50118e-16 3.00721e-15 8.31217e-16 3.23568e-15 9.16308e-16 3.4743e-15 1.00921e-15 3.72324e-15 1.11057e-15 3.98268e-15 1.21106e-15 4.25268e-15 1.3197e-15 4.53343e-15
24.8097 8.08085e-15 8.08085e-15 1.61187e-22 1.99468e-08 1.38479e-06 1.24748e-24 5.21823e-19 1.20069e-22 1.85447e-18 6.81819e-21 7.37041e-18 5.80059e-20 1.73472e-17 2.45451e-19 3.24983e-17 7.08026e-19 5.34704e-17 1.64023e-18 8.08533e-17 3.2859e-18 1.15203e-16 5.8751e-18 1.57045e-16 9.67708e-18 2.06855e-16 1.50768e-17 2.65102e-16 2.23252e-17 3.32224e-16 3.17302e-17 4.08666e-16 4.39055e-17 4.94779e-16 5.86045e-17 5.91137e-16 7.68584e-17 6.97799e-16 9.80988e-17 8.15263e-16 1.23939e-16 9.43866e-16 1.53512e-16 1.08392e-15 1.88452e-16 1.23575e-15 2.27149e-16 1.39971e-15 2.71643e-16 1.576e-15 3.20882e-16 1.76534e-15 3.78101e-16 1.9672e-15 4.40378e-16 2.18226e-15 5.09512e-16 2.41072e-15 5.83113e-16 2.65287e-15 6.6622e-16 2.90891e-15 7.59911e-16 3.17908e-15 8.57947e-16 3.46361e-15 9.6317e-16 3.76268e-15 1.07992e-15 4.07659e-15 1.20428e-15 4.40668e-15 1.33039e-15 4.75083e-15 1.47432e-15 5.11028e-15 1.62554e-15 5.48532e-15 1.78344e-15 5.87604e-15 1.95503e-15 6.28266e-15 2.14134e-15 6.70541e-15 2.32524e-15 7.14433e-15 2.52323e-15 7.59969e-15
26.0832 7.19443e-15 7.19443e-15 1.33481e-22 1.85534e-08 1.30657e-06 6.47921e-24 1.10105e-18 4.9898e-22 3.78636e-18 2.32633e-20 1.45284e-17 1.7827e-19 3.34566e-17 7.03045e-19 6.16724e-17 1.92577e-18 1.00161e-16 4.282e-18 1.49807e-16 8.29207e-18 2.11433e-16 1.44113e-17 2.8581e-16 2.31659e-17 3.73617e-16 3.53194e-17 4.75527e-16 5.13069e-17 5.92153e-16 7.168e-17 7.24121e-16 9.76244e-17 8.71902e-16 1.28483e-16 1.03633e-15 1.66287e-16 1.21739e-15 2.09728e-16 1.41579e-15 2.61965e-16 1.63199e-15 3.211e-16 1.86638e-15 3.90255e-16 2.11939e-15 4.66122e-16 2.3915e-15 5.5258e-16 2.6829e-15 6.47455e-16 2.99467e-15 7.56819e-16 3.32589e-15 8.74937e-16 3.67751e-15 1.00511e-15 4.0498e-15 1.14275e-15 4.4431e-15 1.29715e-15 4.85765e-15 1.4701e-15 5.29374e-15 1.64995e-15 5.75164e-15 1.84187e-15 6.23156e-15 2.05364e-15 6.73388e-15 2.27796e-15 7.26053e-15 2.50431e-15 7.80827e-15 2.76135e-15 8.37887e-15 3.03011e-15 8.97273e-15 3.30943e-15 9.5899e-15 3.6116e-15 1.02306e-14 3.93824e-15 1.08952e-14 4.25929e-15 1.15837e-14 4.60356e-15 1.22963e-14
27.4221 6.41432e-15 6.41432e-15 1.10329e-22 1.72004e-08 1.23389e-06 3.05438e-23 2.22521e-18 1.90272e-21 7.41544e-18 7.35352e-20 2.75028e-17 5.10178e-19 6.20081e-17 1.88162e-18 1.12521e-16 4.90667e-18 1.80448e-16 1.04927e-17 2.67031e-16 1.96738e-17 3.73412e-16 3.32819e-17 5.00646e-16 5.22746e-17 6.49642e-16 7.80748e-17 8.21296e-16 1.11367e-16 1.01641e-15 1.53069e-16 1.23581e-15 2.05352e-16 1.48007e-15 2.66663e-16 1.75032e-15 3.40804e-16 2.04641e-15 4.24993e-16 2.36928e-15 5.25113e-16 2.71948e-15 6.37285e-16 3.09747e-15 7.67197e-16 3.50379e-15 9.08429e-16 3.93902e-15 1.06802e-15 4.40332e-15 1.24175e-15 4.89816e-15 1.44048e-15 5.42208e-15 1.65354e-15 5.97636e-15 1.88674e-15 6.56127e-15 2.13171e-15 7.17723e-15 2.40481e-15 7.82445e-15 2.70883e-15 8.50327e-15 3.02314e-15 9.21396e-15 3.35672e-15 9.95673e-15 3.72281e-15 1.0732e-14 4.10862e-15 1.15426e-14 4.49602e-15 1.23835e-14 4.9339e-15 1.32573e-14 5.38961e-15 1.41646e-14 5.86115e-15 1.51051e-14 6.36908e-15 1.60793e-14 6.9158e-15 1.70875e-14 7.45104e-15 1.81295e-14 8.02278e-15 1.92057e-14
28.8297 5.72007e-15 5.72007e-15 9.091e-23 1.58932e-08 1.16201e-06 1.3116e-22 4.30854e-18 6.67789e-21 1.39349e-17 2.15909e-19 5.0018e-17 1.36278e-18 1.10483e-16 4.71587e-18 1.9745e-16 1.17353e-17 3.12782e-16 2.41811e-17 4.58094e-16 4.39693e-17 6.34855e-16 7.24972e-17 8.44402e-16 1.11386e-16 1.08785e-15 1.63134e-16 1.3663e-15 2.28696e-16 1.68072e-15 3.0949e-16 2.0321e-15 4.09286e-16 2.42106e-15 5.24749e-16 2.84907e-15 6.62661e-16 3.31568e-15 8.17499e-16 3.82207e-15 9.99706e-16 4.36883e-15 1.20185e-15 4.95643e-15 1.4338e-15 5.58549e-15 1.68379e-15 6.25663e-15 1.96401e-15 6.96992e-15 2.26675e-15 7.72728e-15 2.61053e-15 8.52644e-15 2.97655e-15 9.36908e-15 3.37452e-15 1.02554e-14 3.79e-15 1.11859e-14 4.25046e-15 1.21606e-14 4.76006e-15 1.31799e-14 5.284e-15 1.4244e-14 5.83713e-15 1.53531e-14 6.4411e-15 1.65077e-14 7.07448e-15 1.77113e-14 7.70755e-15 1.89572e-14 8.4199e-15 2.02486e-14 9.15802e-15 2.15861e-14 9.91856e-15 2.29695e-14 1.07344e-14 2.43992e-14 1.16091e-14 2.58753e-14 1.24622e-14 2.73976e-14 1.33701e-14 2.89666e-14
30.3095 5.10536e-15 5.10536e-15 7.4799e-23 1.46511e-08 1.0937e-06 5.15723e-22 8.00934e-18 2.16731e-20 2.5179e-17 5.91352e-19 8.75785e-17 3.41141e-18 1.89652e-16 1.11109e-17 3.33964e-16 2.64452e-17 5.22764e-16 5.26017e-17 7.57964e-16 9.28956e-17 1.04128e-15 1.49474e-16 1.37426e-15 2.24888e-16 1.75811e-15 3.23289e-16 2.19407e-15 4.45801e-16 2.68314e-15 5.94449e-16 3.22642e-15 7.75476e-16 3.82446e-15 9.82254e-16 4.47902e-15 1.22635e-15 5.18913e-15 1.49747e-15 5.95618e-15 1.81333e-15 6.78072e-15 2.16048e-15 7.66312e-15 2.55533e-15 8.60396e-15 2.97742e-15 9.60386e-15 3.44692e-15 1.06626e-14 3.95049e-15 1.17827e-14 4.51837e-15 1.29607e-14 5.11899e-15 1.41987e-14 5.76796e-15 1.54968e-14 6.44151e-15 1.68553e-14 7.18377e-15 1.82743e-14 8.00071e-15 1.97539e-14 8.83616e-15 2.12942e-14 9.71381e-15 2.28954e-14 1.06675e-14 2.45578e-14 1.16629e-14 2.6286e-14 1.26536e-14 2.80707e-14 1.37635e-14 2.99163e-14 1.49088e-14 3.18233e-14 1.60841e-14 3.37912e-14 1.73401e-14 3.58203e-14 1.86815e-14 3.79108e-14 1.99849e-14 4.00621e-14 2.13673e-14 4.22748e-14
31.8653 4.55725e-15 4.55725e-15 6.14392e-23 1.34816e-08 1.02636e-06 1.86353e-21 1.43049e-17 6.52491e-20 4.37777e-17 1.51493e-18 1.47743e-16 8.0227e-18 3.13875e-16 2.46659e-17 5.44857e-16 5.62742e-17 8.43069e-16 1.08238e-16 1.21049e-15 1.85916e-16 1.64886e-15 2.92281e-16 2.15972e-15 4.31064e-16 2.7442e-15 6.08792e-16 3.40342e-15 8.26431e-16 4.13828e-15 1.08662e-15 4.94976e-15 1.39925e-15 5.83816e-15 1.75202e-15 6.80544e-15 2.16383e-15 7.84981e-15 2.61657e-15 8.97274e-15 3.13901e-15 1.01746e-14 3.70809e-15 1.14555e-14 4.34999e-15 1.28158e-14 5.03083e-15 1.4256e-14 5.78264e-15 1.57756e-14 6.58346e-15 1.73773e-14 7.48062e-15 1.90565e-14 8.42352e-15 2.08154e-14 9.43628e-15 2.26541e-14 1.04815e-14 2.45725e-14 1.16272e-14 2.65705e-14 1.28816e-14 2.86481e-14 1.41579e-14 3.0805e-14 1.54923e-14 3.30412e-14 1.69357e-14 3.53569e-14 1.84356e-14 3.77579e-14 1.9922e-14 4.02318e-14 2.15808e-14 4.27841e-14 2.32854e-14 4.54151e-14 2.50283e-14 4.81242e-14 2.68839e-14 5.09113e-14 2.88583e-14 5.37767e-14 3.07702e-14 5.67193e-14 3.27915e-14 5.97396e-14
33.5009 4.07007e-15 4.07007e-15 5.04296e-23 1.23903e-08 9.63739e-07 6.21616e-21 2.45919e-17 1.82963e-19 7.3372e-17 3.64332e-18 2.40572e-16 1.77861e-17 5.0174e-16 5.17656e-17 8.58994e-16 1.1344e-16 1.31431e-15 2.11333e-16 1.86927e-15 3.53535e-16 2.52523e-15 5.43654e-16 3.28336e-15 7.86729e-16 4.1443e-15 1.09253e-15 5.10878e-15 1.46113e-15 6.17724e-15 1.89565e-15 7.3503e-15 2.41108e-15 8.62766e-15 2.98599e-15 1.00113e-14 3.65004e-15 1.14982e-14 4.37298e-15 1.30898e-14 5.1997e-15 1.4786e-14 6.0926e-15 1.65864e-14 7.09178e-15 1.84911e-14 8.14373e-15 2.05002e-14 9.2973e-15 2.26124e-14 1.0518e-14 2.48311e-14 1.18771e-14 2.71496e-14 1.32968e-14 2.95707e-14 1.48132e-14 3.20937e-14 1.63698e-14 3.47186e-14 1.80674e-14 3.74445e-14 1.99166e-14 4.02712e-14 2.17893e-14 4.31981e-14 2.37383e-14 4.62246e-14 2.58374e-14 4.9351e-14 2.80094e-14 5.25838e-14 3.01533e-14 5.59077e-14 3.25367e-14 5.93289e-14 3.49767e-14 6.28477e-14 3.74623e-14 6.6463e-14 4.00995e-14 7.01745e-14 4.28958e-14 7.39822e-14 4.55947e-14 7.78846e-14 4.84392e-14 8.18821e-14
35.2205 3.63609e-15 3.63609e-15 4.13545e-23 1.13734e-08 8.98737e-07 1.9213e-20 4.07437e-17 4.79426e-19 1.18684e-16 8.24947e-18 3.7855e-16 3.72726e-17 7.75602e-16 1.02967e-16 1.31019e-15 2.17163e-16 1.98298e-15 3.9246e-16 2.79439e-15 6.40251e-16 3.74475e-15 9.64087e-16 4.83425e-15 1.3702e-15 6.06251e-15 1.87252e-15 7.42937e-15 2.46899e-15 8.93436e-15 3.16276e-15 1.05773e-14 3.97578e-15 1.23569e-14 4.87263e-15 1.42749e-14 5.89814e-15 1.63267e-14 7.00428e-15 1.85131e-14 8.25832e-15 2.08336e-14 9.60188e-15 2.32868e-14 1.1094e-14 2.58723e-14 1.26539e-14 2.85895e-14 1.43532e-14 3.14364e-14 1.61403e-14 3.44164e-14 1.81179e-14 3.75208e-14 2.01722e-14 4.07526e-14 2.23544e-14 4.41105e-14 2.45833e-14 4.75938e-14 2.70023e-14 5.12013e-14 2.96247e-14 5.49319e-14 3.22682e-14 5.87849e-14 3.50079e-14 6.27589e-14 3.79462e-14 6.68539e-14 4.09743e-14 7.10774e-14 4.3952e-14 7.54106e-14 4.72502e-14 7.98606e-14 5.06147e-14 8.44276e-14 5.40302e-14 8.91098e-14 5.76419e-14 9.39064e-14 6.14589e-14 9.88174e-14 6.51315e-14 1.03841e-13 6.89906e-14 1.08976e-13
37.0284 3.25158e-15 3.25158e-15 3.38873e-23 1.04218e-08 8.38356e-07 5.52672e-20 6.51929e-17 1.17864e-18 1.85665e-16 1.76504e-17 5.76796e-16 7.40866e-17 1.16175e-15 1.94761e-16 1.93724e-15 3.96065e-16 2.90129e-15 6.95388e-16 4.05201e-15 1.10766e-15 5.38777e-15 1.6349e-15 6.90696e-15 2.28404e-15 8.60744e-15 3.07415e-15 1.04875e-14 3.99903e-15 1.25452e-14 5.06117e-15 1.4779e-14 6.29151e-15 1.71861e-14 7.63455e-15 1.97676e-14 9.15556e-15 2.25166e-14 1.07817e-14 2.54335e-14 1.26103e-14 2.85165e-14 1.45544e-14 3.17631e-14 1.66979e-14 3.51721e-14 1.89238e-14 3.8742e-14 2.13335e-14 4.24695e-14 2.38526e-14 4.63582e-14 2.66245e-14 5.03969e-14 2.94883e-14 5.45887e-14 3.25148e-14 5.89312e-14 3.55912e-14 6.34234e-14 3.89147e-14 6.80629e-14 4.25013e-14 7.28483e-14 4.6101e-14 7.7778e-14 4.98165e-14 8.285e-14 5.37857e-14 8.80638e-14 5.78604e-14 9.34278e-14 6.18531e-14 9.89195e-14 6.62601e-14 1.04547e-13 7.07402e-14 1.1031e-13 7.52734e-14 1.16206e-13 8.00519e-14 1.22233e-13 8.50861e-14 1.28393e-13 8.99154e-14 1.3468e-13 9.49757e-14 1.41096e-13
38.9291 2.90815e-15 2.90815e-15 2.77522e-23 9.5429e-09 7.82842e-07 1.48362e-19 1.00801e-16 2.72493e-18 2.81037e-16 3.57553e-17 8.51435e-16 1.3993e-16 1.68693e-15 3.50895e-16 2.77803e-15 6.89273e-16 4.1182e-15 1.17738e-15 5.7018e-15 1.83326e-15 7.52394e-15 2.65493e-15 9.5802e-15 3.64902e-15 1.18657e-14 4.8406e-15 1.43765e-14 6.21657e-15 1.71083e-14 7.77773e-15 2.00578e-14 9.56628e-15 2.322e-14 1.14992e-14 2.65948e-14 1.36684e-14 3.01727e-14 1.59682e-14 3.39531e-14 1.8534e-14 3.79326e-14 2.12421e-14 4.21073e-14 2.42077e-14 4.64748e-14 2.72676e-14 5.10324e-14 3.05603e-14 5.57755e-14 3.39833e-14 6.07073e-14 3.77295e-14 6.58141e-14 4.15797e-14 7.10987e-14 4.56291e-14 7.65578e-14 4.97264e-14 8.21894e-14 5.41333e-14 8.79903e-14 5.88686e-14 9.39582e-14 6.36016e-14 1.00091e-13 6.8468e-14 1.06385e-13 7.3647e-14 1.1284e-13 7.89445e-14 1.19465e-13 8.41177e-14 1.26233e-13 8.98087e-14 1.33154e-13 9.55752e-14 1.40227e-13 1.01392e-13 1.47448e-13 1.07505e-13 1.54816e-13 1.13926e-13 1.6233e-13 1.20068e-13 1.69987e-13 1.26487e-13 1.77785e-13
40.9273 2.60246e-15 2.60246e-15 2.27256e-23 8.73235e-09 7.31814e-07 3.73088e-19 1.50882e-16 5.94467e-18 4.12336e-16 6.87905e-17 1.21968e-15 2.51864e-16 2.37862e-15 6.03865e-16 3.87004e-15 1.14773e-15 5.68049e-15 1.9099e-15 7.79867e-15 2.91023e-15 1.0215e-14 4.1391e-15 1.2921e-14 5.60126e-15 1.5908e-14 7.32852e-15 1.91688e-14 9.29744e-15 2.26962e-14 1.15057e-14 2.64841e-14 1.40093e-14 3.05251e-14 1.66894e-14 3.48172e-14 1.96709e-14 3.93479e-14 2.28068e-14 4.4115e-14 2.62796e-14 4.91134e-14 2.99196e-14 5.43374e-14 3.38798e-14 5.9783e-14 3.79411e-14 6.54461e-14 4.22867e-14 7.13204e-14 4.67799e-14 7.74087e-14 5.16723e-14 8.36947e-14 5.66759e-14 9.01806e-14 6.19139e-14 9.6862e-14 6.71908e-14 1.03736e-13 7.28429e-14 1.10798e-13 7.88911e-14 1.18045e-13 8.49127e-14 1.25474e-13 9.10813e-14 1.33081e-13 9.76226e-14 1.40865e-13 1.0429e-13 1.48833e-13 1.10781e-13 1.56959e-13 1.17898e-13 1.6525e-13 1.25088e-13 1.73705e-13 1.32318e-13 1.82321e-13 1.39895e-13 1.91095e-13 1.47832e-13 2.00026e-13 1.55403e-13 2.09109e-13 1.63295e-13 2.18344e-13
43.0281 2.32994e-15 2.32994e-15 1.85963e-23 7.98145e-09 6.82718e-07 8.81611e-19 2.18908e-16 1.22713e-17 5.87092e-16 1.26001e-16 1.69747e-15 4.33003e-16 3.26042e-15 9.9477e-16 5.24314e-15 1.83233e-15 7.62236e-15 2.97425e-15 1.03791e-14 4.43981e-15 1.34972e-14 6.20689e-15 1.6963e-14 8.27634e-15 2.07629e-14 1.06874e-14 2.48854e-14 1.34021e-14 2.93196e-14 1.64136e-14 3.40562e-14 1.97939e-14 3.90845e-14 2.33799e-14 4.44003e-14 2.73365e-14 4.99877e-14 3.14663e-14 5.58425e-14 3.60077e-14 6.19576e-14 4.07362e-14 6.83252e-14 4.58491e-14 7.49396e-14 5.10621e-14 8.1795e-14 5.66101e-14 8.88835e-14 6.23173e-14 9.62068e-14 6.85011e-14 1.03746e-13 7.4796e-14 1.11503e-13 8.13568e-14 1.19473e-13 8.7939e-14 1.2765e-13 9.49612e-14 1.3603e-13 1.02446e-13 1.44608e-13 1.0987e-13 1.5338e-13 1.17449e-13 1.62342e-13 1.25459e-13 1.71491e-13 1.33596e-13 1.80836e-13 1.41493e-13 1.90346e-13 1.50126e-13 2.0003e-13 1.58821e-13 2.09886e-13 1.67542e-13 2.1991e-13 1.76655e-13 2.30099e-13 1.86174e-13 2.4045e-13 1.95233e-13 2.50959e-13 2.04652e-13 2.61626e-13
45.2368 2.08735e-15 2.08735e-15 1.52155e-23 7.28937e-09 6.36965e-07 1.96403e-18 3.08333e-16 2.40395e-17 8.12413e-16 2.20304e-16 2.29848e-15 7.12797e-16 4.35069e-15 1.57239e-15 6.91778e-15 2.81119e-15 9.9636e-15 4.45649e-15 1.34591e-14 6.52356e-15 1.73801e-14 8.97201e-15 2.1706e-14 1.17965e-14 2.64173e-14 1.5044e-14 3.14976e-14 1.8658e-14 3.69316e-14 2.26256e-14 4.27059e-14 2.70369e-14 4.88063e-14 3.16765e-14 5.52259e-14 3.67555e-14 6.19452e-14 4.20187e-14 6.89577e-14 4.77676e-14 7.62542e-14 5.37159e-14 8.38244e-14 6.01099e-14 9.16611e-14 6.65933e-14 9.97564e-14 7.34579e-14 1.08101e-13 8.04853e-14 1.16695e-13 8.80643e-14 1.25518e-13 9.57451e-14 1.3457e-13 1.03717e-13 1.43845e-13 1.11683e-13 1.53337e-13 1.2015e-13 1.63041e-13 1.29141e-13 1.7295e-13 1.38028e-13 1.8306e-13 1.47069e-13 1.93365e-13 1.56593e-13 2.03863e-13 1.66239e-13 2.1456e-13 1.75572e-13 2.25426e-13 1.85748e-13 2.36469e-13 1.95966e-13 2.47686e-13 2.06188e-13 2.59073e-13 2.16842e-13 2.70624e-13 2.27942e-13 2.8234e-13 2.38478e-13 2.94213e-13 2.4941e-13 3.06243e-13
47.5588 1.87197e-15 1.87197e-15 1.24484e-23 6.64989e-09 5.9231e-07 4.13855e-18 4.22319e-16 4.48246e-17 1.09436e-15 3.68672e-16 3.03273e-15 1.12638e-15 5.66022e-15 2.39059e-15 8.90206e-15 4.15446e-15 1.27059e-14 6.43943e-15 1.70304e-14 9.2525e-15 2.18418e-14 1.25287e-14 2.71113e-14 1.62542e-14 3.28127e-14 2.04843e-14 3.89239e-14 2.51396e-14 4.54244e-14 3.01998e-14 5.22969e-14 3.57754e-14 5.95231e-14 4.15918e-14 6.70929e-14 4.79114e-14 7.49835e-14 5.44153e-14 8.3186e-14 6.14743e-14 9.16886e-14 6.87345e-14 1.00479e-13 7.6495e-14 1.09548e-13 8.4323e-14 1.18886e-13 9.25707e-14 1.28482e-13 1.00975e-13 1.38335e-13 1.09999e-13 1.48422e-13 1.19106e-13 1.58744e-13 1.2852e-13 1.69292e-13 1.37892e-13 1.8006e-13 1.47818e-13 1.91041e-13 1.58321e-13 2.02228e-13 1.68666e-13 2.13616e-13 1.79159e-13 2.25198e-13 1.90178e-13 2.3697e-13 2.01305e-13 2.48941e-13 2.1204e-13 2.61077e-13 2.23713e-13 2.73387e-13 2.35404e-13 2.85868e-13 2.47068e-13 2.98514e-13 2.59196e-13 3.1132e-13 2.71801e-13 3.24285e-13 2.83739e-13 3.37402e-13 2.96096e-13 3.5067e-13
50 1.67809e-15 1.67809e-15 1.01803e-23 6.06655e-09 5.50962e-07 8.25924e-18 5.62392e-16 7.96329e-17 1.43465e-15 5.9093e-16 3.89797e-15 1.70962e-15 7.17698e-15 3.49754e-15 1.11684e-14 5.91635e-15 1.58009e-14 8.97623e-15 2.10188e-14 1.26713e-14 2.67773e-14 1.6906e-14 3.30388e-14 2.16561e-14 3.97699e-14 2.69855e-14 4.6942e-14 3.27888e-14 5.45298e-14 3.90377e-14 6.25114e-14 4.58639e-14 7.08646e-14 5.29298e-14 7.95762e-14 6.05526e-14 8.86202e-14 6.83465e-14 9.79852e-14 7.67543e-14 1.07657e-13 8.53526e-14 1.17622e-13 9.44946e-14 1.27869e-13 1.0367e-13 1.38385e-13 1.13293e-13 1.4916e-13 1.23056e-13 1.60191e-13 1.33494e-13 1.71453e-13 1.43986e-13 1.82947e-13 1.54791e-13 1.94662e-13 1.65509e-13 2.06593e-13 1.76821e-13 2.1873e-13 1.88752e-13 2.31067e-13 2.00466e-13 2.43598e-13 2.1231e-13 2.56314e-13 2.24712e-13 2.69214e-13 2.372e-13 2.82301e-13 2.49217e-13 2.95545e-13 2.6225e-13 3.08954e-13 2.75269e-13 3.22524e-13 2.88228e-13 3.36248e-13 3.0167e-13 3.50122e-13 3.15609e-13 3.64145e-13 3.2878e-13 3.78308e-13 3.42385e-13 3.92611e-13
52.5665 1.50553e-15 1.50553e-15 8.32623e-24 5.53043e-09 5.11543e-07 1.56716e-17 7.29964e-16 1.35275e-16 1.83478e-15 9.10251e-16 4.89192e-15 2.50034e-15 8.88974e-15 4.93951e-15 1.3692e-14 8.14384e-15 1.92056e-14 1.21068e-14 2.53595e-14 1.68053e-14 3.20968e-14 2.21082e-14 3.93708e-14 2.79797e-14 4.71404e-14 3.44928e-14 5.53709e-14 4.15139e-14 6.40319e-14 4.90064e-14 7.30973e-14 5.71247e-14 8.25412e-14 6.54659e-14 9.23472e-14 7.44038e-14 1.02487e-13 8.34856e-14 1.12947e-13 9.32262e-14 1.2371e-13 1.03134e-13 1.34762e-13 1.13615e-13 1.46089e-13 1.24084e-13 1.57679e-13 1.35016e-13 1.69518e-13 1.4606e-13 1.81603e-13 1.57821e-13 1.93909e-13 1.69598e-13 2.06436e-13 1.81681e-13 2.19172e-13 1.93628e-13 2.32111e-13 2.06196e-13 2.45244e-13 2.19407e-13 2.58563e-13 2.3234e-13 2.72061e-13 2.4538e-13 2.85731e-13 2.58995e-13 2.9957e-13 2.72667e-13 3.1358e-13 2.85791e-13 3.27734e-13 2.99989e-13 3.42037e-13 3.14139e-13 3.56484e-13 3.28189e-13 3.71072e-13 3.42732e-13 3.85794e-13 3.57778e-13 4.00648e-13 3.71967e-13 4.15627e-13 3.86594e-13 4.3073e-13
55.2648 1.35168e-15 1.35168e-15 6.80842e-24 5.03702e-09 4.73466e-07 2.83405e-17 9.24489e-16 2.20193e-16 2.2915e-15 1.34998e-15 6.00025e-15 3.5297e-15 1.07664e-14 6.74508e-15 1.64172e-14 1.08525e-14 2.28363e-14 1.58243e-14 2.99362e-14 2.16166e-14 3.76481e-14 2.80595e-14 4.59159e-14 3.51056e-14 5.46914e-14 4.28375e-14 6.39343e-14 5.1093e-14 7.36095e-14 5.98278e-14 8.36868e-14 6.92187e-14 9.41376e-14 7.87999e-14 1.04942e-13 8.90005e-14 1.16071e-13 9.93042e-14 1.27508e-13 1.10295e-13 1.39236e-13 1.21416e-13 1.51238e-13 1.33125e-13 1.63499e-13 1.44768e-13 1.76007e-13 1.56874e-13 1.88747e-13 1.69056e-13 2.01714e-13 1.8198e-13 2.14885e-13 1.94873e-13 2.28258e-13 2.08058e-13 2.41821e-13 2.21051e-13 2.55568e-13 2.34678e-13 2.69489e-13 2.48959e-13 2.83576e-13 2.62897e-13 2.97824e-13 2.76913e-13 3.12223e-13 2.91509e-13 3.2677e-13 3.06129e-13 3.41468e-13 3.20128e-13 3.56291e-13 3.35237e-13 3.71243e-13 3.50262e-13 3.8632e-13 3.65148e-13 4.01517e-13 3.80522e-13 4.16829e-13 3.96396e-13 4.32253e-13 4.11335e-13 4.47783e-13 4.26707e-13 4.63417e-13
58.1015 1.21359e-15 1.21359e-15 5.56804e-24 4.58808e-09 4.3821e-07 4.89282e-17 1.14302e-15 3.43941e-16 2.79601e-15 1.92999e-15 7.1955e-15 4.81491e-15 1.27534e-14 8.91469e-15 1.92581e-14 1.40141e-14 2.65696e-14 2.00615e-14 3.45845e-14 2.69907e-14 4.32226e-14 3.45919e-14 5.24192e-14 4.28076e-14 6.21199e-14 5.17308e-14 7.22794e-14 6.11717e-14 8.28588e-14 7.10798e-14 9.38251e-14 8.16538e-14 1.05147e-13 9.23699e-14 1.16803e-13 1.03709e-13 1.28763e-13 1.15099e-13 1.41009e-13 1.27184e-13 1.53523e-13 1.39354e-13 1.66286e-13 1.52107e-13 1.79286e-13 1.64735e-13 1.92507e-13 1.77813e-13 2.05935e-13 1.90923e-13 2.19565e-13 2.04781e-13 2.33375e-13 2.18559e-13 2.47362e-13 2.32602e-13 2.61514e-13 2.46398e-13 2.75824e-13 2.60825e-13 2.90283e-13 2.75901e-13 3.04885e-13 2.90575e-13 3.19621e-13 3.05292e-13 3.34486e-13 3.2058e-13 3.49474e-13 3.35855e-13 3.64587e-13 3.50448e-13 3.79803e-13 3.66164e-13 3.95125e-13 3.81757e-13 4.10548e-13 3.97175e-13 4.2607e-13 4.13067e-13 4.41682e-13 4.29441e-13 4.57385e-13 4.44822e-13 4.73171e-13 4.60621e-13 4.8904e-13
61.0839 1.09062e-15 1.09062e-15 4.55293e-24 4.17461e-09 4.04457e-07 8.08998e-17 1.38243e-15 5.17037e-16 3.33957e-15 2.66699e-15 8.45229e-15 6.36311e-15 1.4803e-14 1.14321e-14 2.2141e-14 1.7579e-14 3.03034e-14 2.47279e-14 3.91719e-14 3.27904e-14 4.86563e-14 4.15191e-14 5.8685e-14 5.08484e-14 6.91983e-14 6.08824e-14 8.01473e-14 7.14067e-14 9.14906e-14 8.2367e-14 1.03193e-13 9.39819e-14 1.15222e-13 1.05678e-13 1.27555e-13 1.17982e-13 1.40162e-13 1.30275e-13 1.53023e-13 1.43255e-13 1.66121e-13 1.56264e-13 1.79438e-13 1.69838e-13 1.9296e-13 1.83224e-13 2.06672e-13 1.97033e-13 2.20561e-13 2.10828e-13 2.3462e-13 2.25359e-13 2.48829e-13 2.39759e-13 2.63186e-13 2.5439e-13 2.77678e-13 2.68723e-13 2.923e-13 2.83669e-13 3.07042e-13 2.99244e-13 3.21899e-13 3.14365e-13 3.36863e-13 3.29492e-13 3.51927e-13 3.45168e-13 3.67089e-13 3.60795e-13 3.82346e-13 3.75692e-13 3.97684e-13 3.91702e-13 4.13101e-13 4.07553e-13 4.28595e-13 4.23196e-13 4.44163e-13 4.39288e-13 4.59797e-13 4.55838e-13 4.75498e-13 4.71355e-13 4.91259e-13 4.87267e-13 5.0708e-13
64.2193 9.80356e-16 9.80356e-16 3.7229e-24 3.7975e-09 3.72734e-07 1.28294e-16 1.63623e-15 7.48942e-16 3.90592e-15 3.56583e-15 9.7279e-15 8.15403e-15 1.68398e-14 1.42366e-14 2.49535e-14 2.14365e-14 3.38856e-14 2.96559e-14 4.35054e-14 3.87872e-14 5.37146e-14 4.85497e-14 6.44367e-14 5.88734e-14 7.56087e-14 6.98742e-14 8.71796e-14 8.13178e-14 9.91067e-14 9.3148e-14 1.11354e-13 1.05601e-13 1.2389e-13 1.18066e-13 1.36689e-13 1.31106e-13 1.49724e-13 1.44069e-13 1.62976e-13 1.5769e-13 1.76427e-13 1.71282e-13 1.90059e-13 1.85406e-13 2.0386e-13 1.99281e-13 2.17815e-13 2.13542e-13 2.31912e-13 2.2774e-13 2.46144e-13 2.42648e-13 2.60494e-13 2.57373e-13 2.74958e-13 2.72292e-13 2.89526e-13 2.86866e-13 3.04192e-13 3.02023e-13 3.18949e-13 3.17778e-13 3.33789e-13 3.33034e-13 3.48707e-13 3.48261e-13 3.63698e-13 3.64005e-13 3.78758e-13 3.79665e-13 3.93884e-13 3.94563e-13 4.09065e-13 4.10542e-13 4.24301e-13 4.26331e-13 4.39588e-13 4.41883e-13 4.54923e-13 4.57853e-13 4.70301e-13 4.74248e-13 4.85722e-13 4.89593e-13 5.01179e-13 5.05303e-13 5.16674e-13
67.5157 8.81845e-16 8.81845e-16 3.04398e-24 3.45183e-09 3.4267e-07 1.95622e-16 1.89804e-15 1.04773e-15 4.47977e-15 4.62249e-15 1.09846e-14 1.0152e-14 1.88e-14 1.72492e-14 2.76043e-14 2.54589e-14 3.71972e-14 3.46671e-14 4.74388e-14 4.47513e-14 5.82258e-14 5.54046e-14 6.94787e-14 6.65568e-14 8.11336e-14 7.83358e-14 9.31391e-14 9.04931e-14 1.05453e-13 1.02974e-13 1.18039e-13 1.16028e-13 1.30867e-13 1.2902e-13 1.43913e-13 1.4254e-13 1.57151e-13 1.55914e-13 1.70562e-13 1.69906e-13 1.8413e-13 1.83809e-13 1.97839e-13 1.98198e-13 2.11678e-13 2.12282e-13 2.25632e-13 2.2671e-13 2.39691e-13 2.41026e-13 2.53848e-13 2.56011e-13 2.68089e-13 2.70769e-13 2.8241e-13 2.8568e-13 2.96803e-13 3.00207e-13 3.11261e-13 3.15278e-13 3.25779e-13 3.30903e-13 3.40351e-13 3.45999e-13 3.54972e-13 3.61032e-13 3.69637e-13 3.76542e-13 3.84343e-13 3.91937e-13 3.99087e-13 4.06555e-13 4.13863e-13 4.22203e-13 4.28668e-13 4.37636e-13 4.43499e-13 4.52811e-13 4.58354e-13 4.68366e-13 4.73229e-13 4.84308e-13 4.88125e-13 4.99205e-13 5.03035e-13 5.14433e-13 5.17961e-13
70.9813 7.93436e-16 7.93436e-16 2.48921e-24 3.13725e-09 3.1458e-07 2.8724e-16 2.15916e-15 1.4174e-15 5.04094e-15 5.8163e-15 1.21747e-14 1.22925e-14 2.06055e-14 2.03527e-14 2.99843e-14 2.94742e-14 4.00988e-14 3.95345e-14 5.08039e-14 5.04027e-14 6.19947e-14 6.17547e-14 7.35915e-14 7.35244e-14 8.55315e-14 8.58515e-14 9.77649e-14 9.84799e-14 1.10251e-13 1.11358e-13 1.22956e-13 1.24748e-13 1.35851e-13 1.38e-13 1.48914e-13 1.51723e-13 1.62122e-13 1.65235e-13 1.75458e-13 1.7931e-13 1.88907e-13 1.93241e-13 2.02455e-13 2.07606e-13 2.16092e-13 2.21616e-13 2.29805e-13 2.35921e-13 2.43587e-13 2.50073e-13 2.57429e-13 2.64842e-13 2.71322e-13 2.79346e-13 2.85262e-13 2.93961e-13 2.99241e-13 3.08165e-13 3.13255e-13 3.22865e-13 3.273e-13 3.3807e-13 3.41369e-13 3.52727e-13 3.5546e-13 3.67292e-13 3.69569e-13 3.82289e-13 3.83693e-13 3.97144e-13 3.97828e-13 4.11223e-13 4.11972e-13 4.26268e-13 4.26122e-13 4.41081e-13 4.40276e-13 4.55619e-13 4.54433e-13 4.70499e-13 4.68588e-13 4.85723e-13 4.82744e-13 4.99928e-13 4.96894e-13 5.14427e-13 5.1104e-13
74.6248 7.14404e-16 7.14404e-16 2.03543e-24 2.84912e-09 2.88351e-07 4.07091e-16 2.41214e-15 1.85821e-15 5.57294e-15 7.11727e-15 1.32618e-14 1.45026e-14 2.22002e-14 2.34282e-14 3.20196e-14 3.33204e-14 4.25016e-14 4.40578e-14 5.35007e-14 5.5508e-14 6.49133e-14 6.73394e-14 7.66625e-14 7.94945e-14 8.86889e-14 9.21239e-14 1.00946e-13 1.0497e-13 1.13395e-13 1.17989e-13 1.26008e-13 1.31447e-13 1.38757e-13 1.44697e-13 1.51622e-13 1.58353e-13 1.64585e-13 1.71741e-13 1.7763e-13 1.85631e-13 1.90745e-13 1.99326e-13 2.03917e-13 2.13397e-13 2.1714e-13 2.27075e-13 2.30401e-13 2.40999e-13 2.43695e-13 2.54732e-13 2.57015e-13 2.69024e-13 2.70354e-13 2.83024e-13 2.83709e-13 2.97094e-13 2.97074e-13 3.10736e-13 3.10446e-13 3.24822e-13 3.23821e-13 3.39361e-13 3.37195e-13 3.53344e-13 3.50565e-13 3.67213e-13 3.6393e-13 3.81465e-13 3.77286e-13 3.95556e-13 3.9063e-13 4.08887e-13 4.03964e-13 4.23108e-13 4.17283e-13 4.37086e-13 4.30587e-13 4.50784e-13 4.43875e-13 4.6478e-13 4.57142e-13 4.79079e-13 4.70392e-13 4.92402e-13 4.83621e-13 5.05981e-13 4.96829e-13
78.4553 6.43668e-16 6.43668e-16 1.66455e-24 2.58604e-09 2.63842e-07 5.57826e-16 2.64875e-15 2.36433e-15 6.05789e-15 8.48119e-15 1.42079e-14 1.66917e-14 2.35277e-14 2.63409e-14 3.36383e-14 3.68247e-14 4.43221e-14 4.80326e-14 5.54374e-14 5.98381e-14 6.68858e-14 7.1912e-14 7.85957e-14 8.42089e-14 9.05128e-14 9.68888e-14 1.02595e-13 1.097e-13 1.1481e-13 1.22605e-13 1.2713e-13 1.35874e-13 1.39534e-13 1.48873e-13 1.52005e-13 1.6221e-13 1.64527e-13 1.75231e-13 1.77088e-13 1.88688e-13 1.89678e-13 2.01909e-13 2.02287e-13 2.15447e-13 2.1491e-13 2.28566e-13 2.27537e-13 2.41881e-13 2.40165e-13 2.54977e-13 2.52787e-13 2.68571e-13 2.65401e-13 2.81852e-13 2.78003e-13 2.95169e-13 2.90589e-13 3.08051e-13 3.03157e-13 3.21324e-13 3.15704e-13 3.34994e-13 3.28228e-13 3.48116e-13 3.40727e-13 3.61105e-13 3.532e-13 3.74429e-13 3.65645e-13 3.87579e-13 3.78058e-13 3.99999e-13 3.90445e-13 4.13226e-13 4.028e-13 4.26207e-13 4.15123e-13 4.38908e-13 4.27415e-13 4.51867e-13 4.39672e-13 4.65087e-13 4.51897e-13 4.77387e-13 4.64086e-13 4.89907e-13 4.76243e-13
82.4824 5.80054e-16 5.80054e-16 1.36145e-24 2.34711e-09 2.41297e-07 7.39943e-16 2.86016e-15 2.92271e-15 6.47713e-15 9.85047e-15 1.49751e-14 1.87565e-14 2.45337e-14 2.8948e-14 3.47742e-14 3.98137e-14 4.5486e-14 5.1263e-14 5.65365e-14 6.31823e-14 6.78352e-14 7.52543e-14 7.93182e-14 8.74481e-14 9.09381e-14 9.99313e-14 1.02659e-13 1.12464e-13 1.14453e-13 1.25016e-13 1.26299e-13 1.37855e-13 1.38179e-13 1.50374e-13 1.50079e-13 1.63164e-13 1.61988e-13 1.75602e-13 1.73897e-13 1.8841e-13 1.85798e-13 2.0095e-13 1.97683e-13 2.1375e-13 2.09551e-13 2.26117e-13 2.21393e-13 2.38633e-13 2.33207e-13 2.50912e-13 2.44989e-13 2.63625e-13 2.56739e-13 2.76016e-13 2.68454e-13 2.88411e-13 2.8013e-13 3.00377e-13 2.91769e-13 3.12681e-13 3.03367e-13 3.25327e-13 3.14924e-13 3.37442e-13 3.26439e-13 3.49414e-13 3.37911e-13 3.61673e-13 3.4934e-13 3.73751e-13 3.60721e-13 3.85141e-13 3.72062e-13 3.97253e-13 3.8336e-13 4.09121e-13 3.94612e-13 4.20716e-13 4.05821e-13 4.32531e-13 4.16985e-13 4.44567e-13 4.28105e-13 4.5575e-13 4.3918e-13 4.6712e-13 4.50212e-13
86.7162 5.23008e-16 5.23008e-16 1.11357e-24 2.12916e-09 2.20635e-07 9.51977e-16 3.04063e-15 3.51634e-15 6.81948e-15 1.11689e-14 1.55445e-14 2.06092e-14 2.51969e-14 3.11414e-14 3.54092e-14 4.21703e-14 4.59844e-14 5.3633e-14 5.68023e-14 6.5434e-14 6.77838e-14 7.72761e-14 7.88741e-14 8.9144e-14 9.0034e-14 1.01211e-13 1.01234e-13 1.13252e-13 1.12454e-13 1.25247e-13 1.23675e-13 1.37456e-13 1.34886e-13 1.49308e-13 1.46076e-13 1.61367e-13 1.57238e-13 1.73051e-13 1.68365e-13 1.85041e-13 1.79453e-13 1.96742e-13 1.90497e-13 2.08649e-13 2.01496e-13 2.20121e-13 2.12445e-13 2.31701e-13 2.23343e-13 2.43033e-13 2.34187e-13 2.54738e-13 2.4498e-13 2.6612e-13 2.55719e-13 2.77482e-13 2.66403e-13 2.88428e-13 2.77033e-13 2.99662e-13 2.87608e-13 3.11186e-13 2.98128e-13 3.22206e-13 3.08592e-13 3.33078e-13 3.19001e-13 3.44191e-13 3.29356e-13 3.55124e-13 3.39651e-13 3.65418e-13 3.49897e-13 3.76349e-13 3.6009e-13 3.87043e-13 3.70229e-13 3.97479e-13 3.80316e-13 4.08098e-13 3.9035e-13 4.18901e-13 4.00333e-13 4.28926e-13 4.10264e-13 4.39108e-13 4.20145e-13
91.1674 4.71865e-16 4.71865e-16 9.10834e-25 1.93028e-09 2.01215e-07 1.18982e-15 3.18529e-15 4.1233e-15 7.07591e-15 1.23786e-14 1.59029e-14 2.21693e-14 2.55065e-14 3.28317e-14 3.55406e-14 4.38078e-14 4.58276e-14 5.50676e-14 5.62634e-14 6.65377e-14 6.67815e-14 7.79469e-14 7.7338e-14 8.92963e-14 8.79025e-14 1.00761e-13 9.84533e-14 1.12136e-13 1.08975e-13 1.23409e-13 1.19456e-13 1.3483e-13 1.29888e-13 1.45871e-13 1.40264e-13 1.57061e-13 1.50581e-13 1.67865e-13 1.60836e-13 1.78915e-13 1.71026e-13 1.89666e-13 1.81149e-13 2.00576e-13 1.91206e-13 2.11058e-13 2.01194e-13 2.21613e-13 2.11113e-13 2.31918e-13 2.20962e-13 2.42537e-13 2.30745e-13 2.52841e-13 2.40461e-13 2.63107e-13 2.50109e-13 2.72977e-13 2.59692e-13 2.83089e-13 2.69209e-13 2.93443e-13 2.78661e-13 3.03328e-13 2.88049e-13 3.13063e-13 2.97373e-13 3.23e-13 3.06636e-13 3.3276e-13 3.15831e-13 3.41937e-13 3.24972e-13 3.51669e-13 3.34052e-13 3.61177e-13 3.43074e-13 3.70443e-13 3.52039e-13 3.7986e-13 3.60946e-13 3.89429e-13 3.69798e-13 3.98299e-13 3.78593e-13 4.07296e-13 3.87335e-13
95.847 4.25948e-16 4.25948e-16 7.45054e-25 1.74917e-09 1.8418e-07 1.4466e-15 3.29033e-15 4.71812e-15 7.24002e-15 1.34248e-14 1.60437e-14 2.33698e-14 2.54626e-14 3.39542e-14 3.51811e-14 4.46745e-14 4.50457e-14 5.55363e-14 5.49707e-14 6.64905e-14 6.49039e-14 7.7296e-14 7.48124e-14 8.79692e-14 8.46752e-14 9.86847e-14 9.44777e-14 1.09258e-13 1.04211e-13 1.19686e-13 1.13867e-13 1.30205e-13 1.23444e-13 1.40333e-13 1.32937e-13 1.50561e-13 1.42348e-13 1.60402e-13 1.51675e-13 1.70437e-13 1.60917e-13 1.80172e-13 1.70076e-13 1.90024e-13 1.79152e-13 1.99466e-13 1.88146e-13 2.0895e-13 1.97059e-13 2.18189e-13 2.05891e-13 2.27691e-13 2.14647e-13 2.36891e-13 2.23326e-13 2.46039e-13 2.31931e-13 2.5482e-13 2.40462e-13 2.63799e-13 2.48921e-13 2.72978e-13 2.57309e-13 2.81728e-13 2.65628e-13 2.90331e-13 2.73879e-13 2.991e-13 2.82064e-13 3.077e-13 2.90178e-13 3.15776e-13 2.98234e-13 3.24329e-13 3.06227e-13 3.32675e-13 3.14159e-13 3.40799e-13 3.22032e-13 3.49045e-13 3.29845e-13 3.57414e-13 3.37601e-13 3.65163e-13 3.45299e-13 3.73016e-13 3.52944e-13
100.767 3.84651e-16 3.84651e-16 6.09387e-25 1.58426e-09 1.67333e-07 1.71305e-15 3.35345e-15 5.27395e-15 7.30885e-15 1.42605e-14 1.59687e-14 2.41634e-14 2.50783e-14 3.44753e-14 3.43609e-14 4.47595e-14 4.36901e-14 5.50577e-14 5.30001e-14 6.5345e-14 6.22535e-14 7.54128e-14 7.14286e-14 8.52909e-14 8.05132e-14 9.51505e-14 8.94997e-14 1.04829e-13 9.83847e-14 1.14331e-13 1.07166e-13 1.23876e-13 1.15844e-13 1.33031e-13 1.24418e-13 1.42245e-13 1.32892e-13 1.51083e-13 1.41267e-13 1.60068e-13 1.49544e-13 1.68761e-13 1.57727e-13 1.77535e-13 1.65817e-13 1.85925e-13 1.73815e-13 1.94333e-13 1.81726e-13 2.02507e-13 1.89549e-13 2.10895e-13 1.9729e-13 2.19003e-13 2.04951e-13 2.2705e-13 2.12532e-13 2.3476e-13 2.20036e-13 2.42632e-13 2.27466e-13 2.50667e-13 2.34822e-13 2.58313e-13 2.42107e-13 2.65821e-13 2.49323e-13 2.73463e-13 2.56472e-13 2.80948e-13 2.63548e-13 2.87968e-13 2.70566e-13 2.95393e-13 2.77522e-13 3.0263e-13 2.84416e-13 3.09666e-13 2.91251e-13 3.168e-13 2.98026e-13 3.24033e-13 3.04745e-13 3.30723e-13 3.11408e-13 3.37496e-13 3.18017e-13
105.939 3.47544e-16 3.47544e-16 4.98608e-25 1.43466e-09 1.51457e-07 1.97867e-15 3.37491e-15 5.76654e-15 7.28517e-15 1.48547e-14 1.5692e-14 2.45329e-14 2.43862e-14 3.44037e-14 3.31355e-14 4.41049e-14 4.18428e-14 5.37113e-14 5.04625e-14 6.32215e-14 5.89716e-14 7.24592e-14 6.73592e-14 8.14657e-14 7.56212e-14 9.04058e-14 8.37565e-14 9.91389e-14 9.17666e-14 1.07676e-13 9.96535e-14 1.16217e-13 1.07421e-13 1.24381e-13 1.15071e-13 1.3257e-13 1.2261e-13 1.40401e-13 1.3004e-13 1.48342e-13 1.37366e-13 1.56003e-13 1.44589e-13 1.63718e-13 1.51716e-13 1.71078e-13 1.58747e-13 1.7844e-13 1.65688e-13 1.85581e-13 1.72537e-13 1.92896e-13 1.79304e-13 1.99954e-13 1.85988e-13 2.06946e-13 1.92593e-13 2.13636e-13 1.9912e-13 2.20455e-13 2.05573e-13 2.27405e-13 2.11953e-13 2.34009e-13 2.18263e-13 2.40485e-13 2.24504e-13 2.47068e-13 2.30679e-13 2.53508e-13 2.36785e-13 2.5954e-13 2.42833e-13 2.65913e-13 2.4882e-13 2.72118e-13 2.54748e-13 2.78144e-13 2.60619e-13 2.84248e-13 2.66432e-13 2.9043e-13 2.72192e-13 2.96142e-13 2.77898e-13 3.01919e-13 2.83553e-13
111.377 3.14158e-16 3.14158e-16 4.07881e-25 1.29833e-09 1.38815e-07 2.23185e-15 3.35577e-15 6.17383e-15 7.17341e-15 1.51879e-14 1.52311e-14 2.44794e-14 2.34226e-14 3.37706e-14 3.15641e-14 4.27763e-14 3.95881e-14 5.16003e-14 4.74687e-14 6.02615e-14 5.51962e-14 6.86151e-14 6.27696e-14 7.6711e-14 7.0192e-14 8.47053e-14 7.7468e-14 9.24786e-14 8.46032e-14 1.00046e-13 9.1603e-14 1.07589e-13 9.84743e-14 1.14775e-13 1.0522e-13 1.21961e-13 1.1185e-13 1.28814e-13 1.18367e-13 1.35743e-13 1.24776e-13 1.42414e-13 1.31082e-13 1.49115e-13 1.3729e-13 1.55495e-13 1.43403e-13 1.61863e-13 1.49424e-13 1.68029e-13 1.55356e-13 1.74334e-13 1.61206e-13 1.80407e-13 1.66976e-13 1.86414e-13 1.72668e-13 1.92152e-13 1.78286e-13 1.97993e-13 1.8383e-13 2.03937e-13 1.89305e-13 2.09578e-13 1.94713e-13 2.15103e-13 2.00055e-13 2.20712e-13 2.05334e-13 2.26192e-13 2.10547e-13 2.3132e-13 2.15706e-13 2.36732e-13 2.20807e-13 2.41995e-13 2.25852e-13 2.47102e-13 2.30844e-13 2.52269e-13 2.35782e-13 2.57497e-13 2.4067e-13 2.62324e-13 2.45508e-13 2.67202e-13 2.50298e-13
117.094 2.84119e-16 2.84119e-16 3.33692e-25 1.17448e-09 1.25807e-07 2.46138e-15 3.2988e-15 6.47934e-15 6.98165e-15 1.52568e-14 1.46105e-14 2.4028e-14 2.22336e-14 3.26362e-14 2.97168e-14 4.08709e-14 3.70217e-14 4.8859e-14 4.41401e-14 5.66366e-14 5.10748e-14 6.4088e-14 5.78329e-14 7.12687e-14 6.44239e-14 7.83245e-14 7.08567e-14 8.51554e-14 7.71405e-14 9.17798e-14 8.32833e-14 9.83596e-14 8.9294e-14 1.04608e-13 9.51772e-14 1.10838e-13 1.00944e-13 1.16764e-13 1.06598e-13 1.22742e-13 1.12146e-13 1.28482e-13 1.17592e-13 1.34238e-13 1.22942e-13 1.39705e-13 1.282e-13 1.45153e-13 1.33371e-13 1.50419e-13 1.38455e-13 1.55794e-13 1.43461e-13 1.60963e-13 1.48391e-13 1.66068e-13 1.53246e-13 1.70938e-13 1.58032e-13 1.75888e-13 1.62749e-13 1.80919e-13 1.67401e-13 1.85688e-13 1.71989e-13 1.90353e-13 1.76517e-13 1.95083e-13 1.80986e-13 1.997e-13 1.85394e-13 2.04015e-13 1.89751e-13 2.08565e-13 1.94056e-13 2.12985e-13 1.98309e-13 2.1727e-13 2.02513e-13 2.21601e-13 2.06668e-13 2.2598e-13 2.10777e-13 2.30019e-13 2.1484e-13 2.34098e-13 2.1886e-13
123.105 2.57096e-16 2.57096e-16 2.73058e-25 1.06209e-09 1.13725e-07 2.65725e-15 3.20792e-15 6.6729e-15 6.72027e-15 1.50726e-14 1.38587e-14 2.32221e-14 2.08694e-14 3.10797e-14 2.76674e-14 3.85031e-14 3.42408e-14 4.56364e-14 4.05976e-14 5.2529e-14 4.67506e-14 5.90908e-14 5.27143e-14 6.53806e-14 5.85028e-14 7.15323e-14 6.41285e-14 7.74635e-14 6.96031e-14 8.31946e-14 7.49367e-14 8.88682e-14 8.01394e-14 9.42399e-14 8.5217e-14 9.95817e-14 9.01813e-14 1.0465e-13 9.50369e-14 1.0975e-13 9.97904e-14 1.14638e-13 1.04447e-13 1.19528e-13 1.09013e-13 1.24166e-13 1.13491e-13 1.28778e-13 1.17887e-13 1.33229e-13 1.22202e-13 1.37765e-13 1.26445e-13 1.4212e-13 1.30617e-13 1.46416e-13 1.3472e-13 1.50508e-13 1.38758e-13 1.54663e-13 1.42734e-13 1.5888e-13 1.46649e-13 1.62873e-13 1.50507e-13 1.66774e-13 1.54309e-13 1.70725e-13 1.58058e-13 1.74578e-13 1.61751e-13 1.78176e-13 1.65399e-13 1.81965e-13 1.68999e-13 1.85644e-13 1.72552e-13 1.89206e-13 1.76061e-13 1.92804e-13 1.79527e-13 1.96438e-13 1.82951e-13 1.99788e-13 1.86333e-13 2.03168e-13 1.89677e-13
129.424 2.32773e-16 2.32773e-16 2.23373e-25 9.59619e-10 1.02757e-07 2.81124e-15 3.08758e-15 6.75037e-15 6.40056e-15 1.46573e-14 1.30049e-14 2.21164e-14 1.93795e-14 2.91884e-14 2.54859e-14 3.57915e-14 3.13357e-14 4.20801e-14 3.69504e-14 4.81129e-14 4.23514e-14 5.3822e-14 4.75582e-14 5.9267e-14 5.25888e-14 6.45693e-14 5.74579e-14 6.96617e-14 6.21791e-14 7.45655e-14 6.67634e-14 7.94051e-14 7.12219e-14 8.39743e-14 7.55612e-14 8.85065e-14 7.97931e-14 9.27963e-14 8.39227e-14 9.71042e-14 8.79568e-14 1.01224e-13 9.19007e-14 1.05338e-13 9.57602e-14 1.09233e-13 9.95389e-14 1.131e-13 1.03242e-13 1.16826e-13 1.06872e-13 1.20618e-13 1.10435e-13 1.24254e-13 1.13933e-13 1.27835e-13 1.17369e-13 1.31242e-13 1.20747e-13 1.34698e-13 1.24068e-13 1.38201e-13 1.27335e-13 1.41513e-13 1.3055e-13 1.44747e-13 1.33716e-13 1.48019e-13 1.36833e-13 1.51206e-13 1.39902e-13 1.54179e-13 1.42929e-13 1.57308e-13 1.45914e-13 1.60343e-13 1.48858e-13 1.63279e-13 1.51763e-13 1.66243e-13 1.54629e-13 1.69234e-13 1.57459e-13 1.71989e-13 1.60252e-13 1.74766e-13 1.63011e-13
136.067 2.10827e-16 2.10827e-16 1.82795e-25 8.67039e-10 9.4273e-08 2.917e-15 2.94212e-15 6.71251e-15 6.03333e-15 1.40389e-14 1.20759e-14 2.07687e-14 1.78081e-14 2.70487e-14 2.32332e-14 3.28473e-14 2.8383e-14 3.83235e-14 3.32898e-14 4.35414e-14 3.79812e-14 4.84517e-14 4.24805e-14 5.31127e-14 4.68082e-14 5.76329e-14 5.09804e-14 6.19586e-14 5.50117e-14 6.61106e-14 5.89137e-14 7.01963e-14 6.26977e-14 7.40436e-14 6.63709e-14 7.78506e-14 6.99445e-14 8.14461e-14 7.34241e-14 8.50494e-14 7.6816e-14 8.84891e-14 8.01258e-14 9.19179e-14 8.33589e-14 9.51582e-14 8.65189e-14 9.83708e-14 8.9611e-14 1.01462e-13 9.26366e-14 1.04603e-13 9.56029e-14 1.07611e-13 9.85113e-14 1.1057e-13 1.01364e-13 1.13382e-13 1.04165e-13 1.1623e-13 1.06916e-13 1.19115e-13 1.09619e-13 1.2184e-13 1.12276e-13 1.24498e-13 1.1489e-13 1.27184e-13 1.17461e-13 1.29799e-13 1.1999e-13 1.32236e-13 1.22482e-13 1.34798e-13 1.24938e-13 1.37281e-13 1.27357e-13 1.39682e-13 1.29742e-13 1.42104e-13 1.32094e-13 1.44546e-13 1.34414e-13 1.46794e-13 1.36703e-13 1.49058e-13 1.38962e-13
143.051 1.91091e-16 1.91091e-16 1.49563e-25 7.82678e-10 8.4779e-08 2.97261e-15 2.77782e-15 6.56954e-15 5.63311e-15 1.32599e-14 1.11049e-14 1.92522e-14 1.62064e-14 2.47605e-14 2.09775e-14 2.97937e-14 2.54661e-14 3.45093e-14 2.97125e-14 3.8974e-14 3.37485e-14 4.31534e-14 3.76001e-14 4.71031e-14 4.12886e-14 5.09187e-14 4.48311e-14 5.45576e-14 4.82424e-14 5.80399e-14 5.15343e-14 6.14573e-14 5.4718e-14 6.46673e-14 5.78004e-14 6.78366e-14 6.07926e-14 7.08237e-14 6.36997e-14 7.38116e-14 6.65281e-14 7.66588e-14 6.92829e-14 7.94922e-14 7.19692e-14 8.21658e-14 7.45906e-14 8.48127e-14 7.71517e-14 8.73559e-14 7.9654e-14 8.99373e-14 8.21041e-14 9.24059e-14 8.45033e-14 9.48317e-14 8.6854e-14 9.71344e-14 8.9159e-14 9.94646e-14 9.14202e-14 1.01822e-13 9.36398e-14 1.04047e-13 9.58196e-14 1.06214e-13 9.79614e-14 1.08404e-13 1.00067e-13 1.10533e-13 1.02135e-13 1.12515e-13 1.04172e-13 1.14599e-13 1.06177e-13 1.16616e-13 1.08152e-13 1.18565e-13 1.10096e-13 1.2053e-13 1.12013e-13 1.2251e-13 1.13901e-13 1.2433e-13 1.15763e-13 1.26164e-13 1.176e-13
150.394 1.73242e-16 1.73242e-16 1.22392e-25 7.06483e-10 7.75613e-08 2.97638e-15 2.59835e-15 6.33026e-15 5.20879e-15 1.23532e-14 1.0112e-14 1.76203e-14 1.46052e-14 2.23939e-14 1.87586e-14 2.67129e-14 2.26319e-14 3.07293e-14 2.62708e-14 3.45093e-14 2.97098e-14 3.80302e-14 3.29757e-14 4.13438e-14 3.60904e-14 4.45334e-14 3.90709e-14 4.75655e-14 4.19317e-14 5.0459e-14 4.46843e-14 5.32913e-14 4.73395e-14 5.59457e-14 4.9904e-14 5.85608e-14 5.2388e-14 6.10209e-14 5.47965e-14 6.34773e-14 5.71353e-14 6.58141e-14 5.94093e-14 6.81361e-14 6.16232e-14 7.03239e-14 6.37802e-14 7.2487e-14 6.58846e-14 7.45628e-14 6.79379e-14 7.66671e-14 6.99457e-14 7.86773e-14 7.19095e-14 8.06504e-14 7.38314e-14 8.25216e-14 7.57137e-14 8.44132e-14 7.75584e-14 8.63251e-14 7.93674e-14 8.81278e-14 8.11422e-14 8.98828e-14 8.28845e-14 9.16539e-14 8.45957e-14 9.33746e-14 8.62749e-14 9.49761e-14 8.79278e-14 9.66578e-14 8.95536e-14 9.82849e-14 9.11531e-14 9.98559e-14 9.27276e-14 1.01438e-13 9.42776e-14 1.03032e-13 9.58045e-14 1.04497e-13 9.73088e-14 1.05971e-13 9.87916e-14
158.114 1.57133e-16 1.57133e-16 1.00171e-25 6.37495e-10 6.98981e-08 2.93145e-15 2.4094e-15 6.01178e-15 4.77294e-15 1.13627e-14 9.12356e-15 1.59375e-14 1.30426e-14 2.00287e-14 1.66239e-14 2.36961e-14 1.99353e-14 2.70828e-14 2.30254e-14 3.02522e-14 2.59297e-14 3.31908e-14 2.8675e-14 3.59455e-14 3.12827e-14 3.85882e-14 3.37694e-14 4.1093e-14 3.61487e-14 4.3477e-14 3.84318e-14 4.5805e-14 4.06285e-14 4.7982e-14 4.27452e-14 5.01228e-14 4.47913e-14 5.21329e-14 4.67714e-14 5.41368e-14 4.86908e-14 5.60401e-14 5.05539e-14 5.79286e-14 5.23649e-14 5.97057e-14 5.41269e-14 6.14604e-14 5.58435e-14 6.31424e-14 5.75162e-14 6.48456e-14 5.915e-14 6.64708e-14 6.0746e-14 6.80646e-14 6.23063e-14 6.95745e-14 6.3833e-14 7.10995e-14 6.53276e-14 7.26396e-14 6.67918e-14 7.40905e-14 6.82272e-14 7.55019e-14 6.9635e-14 7.69251e-14 7.10165e-14 7.83069e-14 7.23711e-14 7.9592e-14 7.37035e-14 8.09406e-14 7.50131e-14 8.22446e-14 7.63006e-14 8.35028e-14 7.75671e-14 8.47693e-14 7.8813e-14 8.60442e-14 8.00397e-14 8.72154e-14 8.12474e-14 8.83934e-14 8.24371e-14
166.23 1.42618e-16 1.42618e-16 8.19857e-26 5.74862e-10 6.39092e-08 2.84306e-15 2.21603e-15 5.6326e-15 4.3365e-15 1.03286e-14 8.16114e-15 1.42587e-14 1.15484e-14 1.77295e-14 1.46091e-14 2.08138e-14 1.74157e-14 2.36433e-14 2.00178e-14 2.62775e-14 2.24504e-14 2.87092e-14 2.47396e-14 3.09806e-14 2.69057e-14 3.31526e-14 2.89644e-14 3.52057e-14 3.09285e-14 3.71548e-14 3.2808e-14 3.9054e-14 3.46121e-14 4.08265e-14 3.63468e-14 4.25662e-14 3.80203e-14 4.41971e-14 3.96368e-14 4.58204e-14 4.12011e-14 4.73601e-14 4.27172e-14 4.88857e-14 4.41887e-14 5.03195e-14 4.56184e-14 5.17337e-14 4.70095e-14 5.30877e-14 4.83633e-14 5.44574e-14 4.96842e-14 5.57631e-14 5.09731e-14 5.70423e-14 5.2232e-14 5.82532e-14 5.34624e-14 5.94752e-14 5.46659e-14 6.07083e-14 5.58439e-14 6.1869e-14 5.69977e-14 6.29972e-14 5.81284e-14 6.41342e-14 5.92372e-14 6.52373e-14 6.03234e-14 6.62626e-14 6.13912e-14 6.73378e-14 6.24399e-14 6.83769e-14 6.34702e-14 6.93789e-14 6.44832e-14 7.0387e-14 6.5479e-14 7.14012e-14 6.64589e-14 7.23324e-14 6.7423e-14 7.32685e-14 6.83723e-14
174.763 1.29496e-16 1.29496e-16 6.70951e-26 5.18125e-10 5.8413e-08 2.71666e-15 2.0217e-15 5.20887e-15 3.90677e-15 9.28185e-15 7.23823e-15 1.26226e-14 1.01396e-14 1.55384e-14 1.27326e-14 1.81084e-14 1.50914e-14 2.04517e-14 1.72645e-14 2.26225e-14 1.92858e-14 2.46184e-14 2.11797e-14 2.64763e-14 2.29653e-14 2.82478e-14 2.46569e-14 2.99179e-14 2.62662e-14 3.14999e-14 2.78023e-14 3.30382e-14 2.92735e-14 3.44711e-14 3.06851e-14 3.58751e-14 3.20444e-14 3.71893e-14 3.33552e-14 3.84956e-14 3.46216e-14 3.97328e-14 3.58471e-14 4.09573e-14 3.7035e-14 4.21067e-14 3.81876e-14 4.32392e-14 3.93077e-14 4.43224e-14 4.03966e-14 4.54171e-14 4.14578e-14 4.64597e-14 4.24923e-14 4.74803e-14 4.35017e-14 4.84455e-14 4.44874e-14 4.94189e-14 4.54507e-14 5.04003e-14 4.63928e-14 5.13235e-14 4.73148e-14 5.22203e-14 4.82176e-14 5.31234e-14 4.91023e-14 5.39991e-14 4.99684e-14 5.48125e-14 5.08192e-14 5.56651e-14 5.16543e-14 5.64885e-14 5.24742e-14 5.72821e-14 5.32798e-14 5.80801e-14 5.40714e-14 5.88825e-14 5.48498e-14 5.9619e-14 5.56154e-14 6.0359e-14 5.63687e-14
183.733 1.17672e-16 1.17672e-16 5.4905e-26 4.66594e-10 5.11489e-08 2.56056e-15 1.8307e-15 4.75966e-15 3.49235e-15 8.25465e-15 6.36975e-15 1.10675e-14 8.83459e-15 1.34956e-14 1.10141e-14 1.56195e-14 1.29813e-14 1.7545e-14 1.47828e-14 1.93206e-14 1.64502e-14 2.0947e-14 1.80061e-14 2.24562e-14 1.9468e-14 2.38912e-14 2.08487e-14 2.52408e-14 2.21586e-14 2.65165e-14 2.34061e-14 2.77546e-14 2.45983e-14 2.89058e-14 2.57399e-14 3.00322e-14 2.68373e-14 3.10849e-14 2.78938e-14 3.21298e-14 2.8913e-14 3.31184e-14 2.98979e-14 3.40956e-14 3.08513e-14 3.5012e-14 3.17753e-14 3.59139e-14 3.26723e-14 3.67758e-14 3.35432e-14 3.76461e-14 3.43912e-14 3.84742e-14 3.52171e-14 3.92842e-14 3.60221e-14 4.00497e-14 3.68076e-14 4.08211e-14 3.75746e-14 4.15983e-14 3.83242e-14 4.2329e-14 3.90572e-14 4.30383e-14 3.97745e-14 4.37522e-14 4.04769e-14 4.44439e-14 4.1164e-14 4.50862e-14 4.18386e-14 4.57589e-14 4.25003e-14 4.64084e-14 4.31497e-14 4.70341e-14 4.37874e-14 4.76629e-14 4.44136e-14 4.82949e-14 4.50291e-14 4.88747e-14 4.5634e-14 4.9457e-14 4.62291e-14
193.164 1.06942e-16 1.06942e-16 4.49375e-26 4.20204e-10 4.78591e-08 2.3809e-15 1.64483e-15 4.29765e-15 3.09669e-15 7.26492e-15 5.56026e-15 9.61097e-15 7.63663e-15 1.16153e-14 9.45366e-15 1.33561e-14 1.10815e-14 1.49258e-14 1.25635e-14 1.63672e-14 1.39289e-14 1.76828e-14 1.5198e-14 1.89e-14 1.63864e-14 2.00545e-14 1.75056e-14 2.11378e-14 1.85648e-14 2.21598e-14 1.95712e-14 2.31498e-14 2.0531e-14 2.4069e-14 2.14484e-14 2.4967e-14 2.23288e-14 2.58052e-14 2.31751e-14 2.66361e-14 2.39904e-14 2.74213e-14 2.47772e-14 2.81967e-14 2.55379e-14 2.89231e-14 2.62743e-14 2.96373e-14 2.69884e-14 3.03193e-14 2.7681e-14 3.10074e-14 2.83548e-14 3.16616e-14 2.90105e-14 3.2301e-14 2.9649e-14 3.29048e-14 3.02716e-14 3.3513e-14 3.0879e-14 3.41253e-14 3.14722e-14 3.47006e-14 3.20518e-14 3.52587e-14 3.26187e-14 3.58201e-14 3.31734e-14 3.63639e-14 3.37157e-14 3.68685e-14 3.42479e-14 3.73968e-14 3.47696e-14 3.79065e-14 3.52813e-14 3.83974e-14 3.57835e-14 3.88905e-14 3.62765e-14 3.93859e-14 3.67607e-14 3.98401e-14 3.72365e-14 4.02962e-14 3.77042e-14
203.079 9.7246e-17 9.7246e-17 3.67876e-26 3.78294e-10 4.54561e-08 2.18651e-15 1.46732e-15 3.83866e-15 2.72563e-15 6.33394e-15 4.81815e-15 8.27419e-15 6.55396e-15 9.91591e-15 8.05779e-15 1.13323e-14 9.39534e-15 1.26032e-14 1.06064e-14 1.37656e-14 1.17171e-14 1.4823e-14 1.27458e-14 1.57988e-14 1.37059e-14 1.6722e-14 1.46077e-14 1.75866e-14 1.54591e-14 1.84007e-14 1.62663e-14 1.91881e-14 1.70347e-14 1.9918e-14 1.77679e-14 2.06302e-14 1.84704e-14 2.12941e-14 1.91447e-14 2.19515e-14 1.97935e-14 2.25721e-14 2.04188e-14 2.31843e-14 2.10227e-14 2.37572e-14 2.16066e-14 2.43202e-14 2.21723e-14 2.48573e-14 2.27205e-14 2.53987e-14 2.32533e-14 2.59132e-14 2.37713e-14 2.64156e-14 2.42754e-14 2.68899e-14 2.47665e-14 2.73672e-14 2.52454e-14 2.78475e-14 2.57127e-14 2.82985e-14 2.6169e-14 2.87358e-14 2.6615e-14 2.91754e-14 2.70512e-14 2.9601e-14 2.74774e-14 2.99958e-14 2.78953e-14 3.0409e-14 2.83049e-14 3.08074e-14 2.87064e-14 3.1191e-14 2.91002e-14 3.15761e-14 2.94866e-14 3.19629e-14 2.9866e-14 3.23174e-14 3.02386e-14 3.26732e-14 3.06048e-14
213.503 8.84968e-17 8.84968e-17 3.01041e-26 3.40172e-10 4.14006e-08 1.98498e-15 1.30022e-15 3.39453e-15 2.38251e-15 5.4747e-15 4.1467e-15 7.06712e-15 5.58762e-15 8.40246e-15 6.82394e-15 9.54743e-15 7.91598e-15 1.05701e-14 8.89956e-15 1.15019e-14 9.7978e-15 1.23471e-14 1.06267e-14 1.3125e-14 1.13982e-14 1.38595e-14 1.21209e-14 1.45459e-14 1.28017e-14 1.51912e-14 1.34458e-14 1.58144e-14 1.40579e-14 1.63913e-14 1.46409e-14 1.69534e-14 1.51988e-14 1.74769e-14 1.57335e-14 1.79947e-14 1.62474e-14 1.8483e-14 1.67421e-14 1.89643e-14 1.72193e-14 1.94144e-14 1.76803e-14 1.98562e-14 1.81265e-14 2.02775e-14 1.85585e-14 2.07018e-14 1.8978e-14 2.11048e-14 1.93856e-14 2.14981e-14 1.97819e-14 2.18691e-14 2.01678e-14 2.22422e-14 2.05437e-14 2.26176e-14 2.09104e-14 2.29698e-14 2.12682e-14 2.33111e-14 2.16178e-14 2.36542e-14 2.19594e-14 2.39861e-14 2.2293e-14 2.42939e-14 2.26201e-14 2.46158e-14 2.29404e-14 2.49262e-14 2.32543e-14 2.52248e-14 2.3562e-14 2.55246e-14 2.38638e-14 2.58255e-14 2.416e-14 2.61013e-14 2.44508e-14 2.6378e-14 2.47365e-14
224.463 8.05428e-17 8.05428e-17 2.46464e-26 3.06004e-10 3.64708e-08 1.78137e-15 1.14395e-15 2.9717e-15 2.06741e-15 4.69068e-15 3.54332e-15 5.98755e-15 4.73071e-15 7.06599e-15 5.74005e-15 7.98539e-15 6.62574e-15 8.80304e-15 7.41946e-15 9.54556e-15 8.14139e-15 1.02172e-14 8.80542e-15 1.08339e-14 9.42167e-15 1.14149e-14 9.99755e-15 1.19571e-14 1.05389e-14 1.24659e-14 1.10501e-14 1.29566e-14 1.15351e-14 1.34103e-14 1.19964e-14 1.38518e-14 1.24371e-14 1.42626e-14 1.2859e-14 1.46685e-14 1.3264e-14 1.5051e-14 1.36535e-14 1.54276e-14 1.40288e-14 1.57796e-14 1.43911e-14 1.61249e-14 1.47413e-14 1.64538e-14 1.50802e-14 1.67849e-14 1.54091e-14 1.70992e-14 1.57283e-14 1.74057e-14 1.60385e-14 1.76948e-14 1.63403e-14 1.79853e-14 1.66342e-14 1.82774e-14 1.69207e-14 1.85514e-14 1.72001e-14 1.88168e-14 1.74729e-14 1.90834e-14 1.77394e-14 1.93413e-14 1.79995e-14 1.95803e-14 1.82544e-14 1.98302e-14 1.85039e-14 2.0071e-14 1.87483e-14 2.03026e-14 1.89878e-14 2.05351e-14 1.92226e-14 2.07684e-14 1.94529e-14 2.0982e-14 1.9679e-14 2.11964e-14 1.99009e-14
235.984 7.33635e-17 7.33635e-17 2.0173e-26 2.74973e-10 3.38498e-08 1.58246e-15 1.00024e-15 2.57878e-15 1.78267e-15 3.98873e-15 3.00917e-15 5.03809e-15 3.98156e-15 5.90394e-15 4.80077e-15 6.63819e-15 5.51513e-15 7.28859e-15 6.15225e-15 7.87737e-15 6.72954e-15 8.40855e-15 7.25887e-15 8.89523e-15 7.74882e-15 9.35296e-15 8.20563e-15 9.77931e-15 8.63417e-15 1.01789e-14 9.03818e-15 1.05637e-14 9.42083e-15 1.09191e-14 9.78426e-15 1.12647e-14 1.01311e-14 1.15858e-14 1.04627e-14 1.19029e-14 1.07806e-14 1.22014e-14 1.10861e-14 1.24951e-14 1.13802e-14 1.27694e-14 1.16638e-14 1.30383e-14 1.19378e-14 1.32943e-14 1.22027e-14 1.35519e-14 1.24595e-14 1.37961e-14 1.27087e-14 1.40343e-14 1.29507e-14 1.42588e-14 1.31861e-14 1.44843e-14 1.34151e-14 1.47109e-14 1.36381e-14 1.49234e-14 1.38556e-14 1.51292e-14 1.40679e-14 1.53358e-14 1.42751e-14 1.55355e-14 1.44772e-14 1.57206e-14 1.46753e-14 1.5914e-14 1.4869e-14 1.61004e-14 1.50587e-14 1.62795e-14 1.52446e-14 1.64593e-14 1.54267e-14 1.66396e-14 1.56053e-14 1.68048e-14 1.57805e-14 1.69704e-14 1.59525e-14
248.097 6.68601e-17 6.68601e-17 1.65118e-26 2.46961e-10 3.17876e-08 1.39199e-15 8.69106e-16 2.21885e-15 1.52743e-15 3.36705e-15 2.53993e-15 4.21085e-15 3.33136e-15 4.9021e-15 3.99245e-15 5.48539e-15 4.56549e-15 6.00019e-15 5.07426e-15 6.46485e-15 5.53361e-15 6.88307e-15 5.95355e-15 7.26548e-15 6.34128e-15 7.62452e-15 6.70201e-15 7.95846e-15 7.0398e-15 8.27101e-15 7.35772e-15 8.57167e-15 7.65838e-15 8.84903e-15 7.94357e-15 9.11844e-15 8.21538e-15 9.36858e-15 8.47501e-15 9.61537e-15 8.72367e-15 9.84752e-15 8.96236e-15 1.00758e-14 9.19197e-15 1.02888e-14 9.41321e-15 1.04975e-14 9.62681e-15 1.06961e-14 9.83313e-15 1.08959e-14 1.00331e-14 1.10852e-14 1.02269e-14 1.12697e-14 1.04151e-14 1.14434e-14 1.0598e-14 1.1618e-14 1.07758e-14 1.17933e-14 1.0949e-14 1.19576e-14 1.11177e-14 1.21166e-14 1.12823e-14 1.22762e-14 1.1443e-14 1.24305e-14 1.15996e-14 1.25734e-14 1.1753e-14 1.27227e-14 1.1903e-14 1.28665e-14 1.20498e-14 1.30047e-14 1.21936e-14 1.31434e-14 1.23345e-14 1.32824e-14 1.24726e-14 1.34097e-14 1.2608e-14 1.35373e-14 1.27409e-14
260.832 6.09473e-17 6.09473e-17 1.35158e-26 2.21762e-10 2.66438e-08 1.2128e-15 7.50366e-16 1.89337e-15 1.30037e-15 2.82195e-15 2.13072e-15 3.49637e-15 2.77097e-15 4.04519e-15 3.30143e-15 4.50619e-15 3.75863e-15 4.91168e-15 4.16283e-15 5.27669e-15 4.52654e-15 5.6045e-15 4.85813e-15 5.9037e-15 5.16356e-15 6.18417e-15 5.44717e-15 6.44466e-15 5.71227e-15 6.68818e-15 5.96139e-15 6.92217e-15 6.19667e-15 7.13783e-15 6.41956e-15 7.3471e-15 6.63177e-15 7.54126e-15 6.83425e-15 7.73266e-15 7.028e-15 7.91259e-15 7.21381e-15 8.08941e-15 7.39243e-15 8.2543e-15 7.56439e-15 8.41578e-15 7.73031e-15 8.56935e-15 7.89046e-15 8.7237e-15 8.04558e-15 8.86994e-15 8.19588e-15 9.01239e-15 8.34169e-15 9.14651e-15 8.48331e-15 9.28117e-15 8.62099e-15 9.41637e-15 8.75498e-15 9.54302e-15 8.8855e-15 9.66559e-15 9.01273e-15 9.78857e-15 9.13687e-15 9.90738e-15 9.25787e-15 1.00174e-14 9.3763e-15 1.01323e-14 9.49211e-15 1.0243e-14 9.6054e-15 1.03493e-14 9.71632e-15 1.04559e-14 9.82495e-15 1.05628e-14 9.93141e-15 1.06607e-14 1.00358e-14 1.07587e-14 1.01382e-14
274.221 5.5597e-17 5.5597e-17 1.10636e-26 1.98996e-10 2.80852e-08 1.0477e-15 6.4417e-16 1.60387e-15 1.10082e-15 2.35037e-15 1.77785e-15 2.88667e-15 2.29308e-15 3.3204e-15 2.71666e-15 3.68321e-15 3.0798e-15 4.00133e-15 3.39955e-15 4.28699e-15 3.68636e-15 4.54302e-15 3.94715e-15 4.7763e-15 4.18686e-15 4.99467e-15 4.40902e-15 5.19722e-15 4.61634e-15 5.38637e-15 4.8109e-15 5.56793e-15 4.99441e-15 5.73511e-15 5.16805e-15 5.89721e-15 5.3332e-15 6.04749e-15 5.49064e-15 6.19554e-15 5.64115e-15 6.33462e-15 5.78538e-15 6.47121e-15 5.92392e-15 6.59853e-15 6.05721e-15 6.72314e-15 6.18573e-15 6.84159e-15 6.30971e-15 6.96059e-15 6.42973e-15 7.07329e-15 6.54596e-15 7.18303e-15 6.65865e-15 7.2863e-15 6.76806e-15 7.38996e-15 6.87437e-15 7.49399e-15 6.9778e-15 7.59142e-15 7.07849e-15 7.68567e-15 7.17663e-15 7.78021e-15 7.27233e-15 7.87152e-15 7.36558e-15 7.95604e-15 7.45682e-15 8.04432e-15 7.54601e-15 8.12929e-15 7.63324e-15 8.21092e-15 7.71861e-15 8.29275e-15 7.80219e-15 8.37478e-15 7.88409e-15 8.44984e-15 7.96436e-15 8.52506e-15 8.04309e-15
288.297 5.07366e-17 5.07366e-17 9.05762e-27 1.78522e-10 2.37482e-08 8.97591e-16 5.49801e-16 1.34894e-15 9.26553e-16 1.94561e-15 1.47541e-15 2.36997e-15 1.88788e-15 2.71121e-15 2.22449e-15 2.99554e-15 2.51161e-15 3.24415e-15 2.76348e-15 3.46688e-15 2.98873e-15 3.66613e-15 3.19305e-15 3.8474e-15 3.38047e-15 4.01685e-15 3.55387e-15 4.17385e-15 3.71544e-15 4.32031e-15 3.86686e-15 4.46076e-15 4.00952e-15 4.58998e-15 4.14436e-15 4.71519e-15 4.27249e-15 4.83118e-15 4.39452e-15 4.94537e-15 4.51109e-15 5.05259e-15 4.62272e-15 5.15784e-15 4.72987e-15 5.25588e-15 4.83289e-15 5.3518e-15 4.93216e-15 5.44293e-15 5.02787e-15 5.53445e-15 5.12048e-15 5.62109e-15 5.21012e-15 5.70542e-15 5.297e-15 5.78476e-15 5.3813e-15 5.86436e-15 5.46318e-15 5.94423e-15 5.54281e-15 6.019e-15 5.62031e-15 6.09131e-15 5.69581e-15 6.16383e-15 5.76941e-15 6.23385e-15 5.8411e-15 6.29864e-15 5.91123e-15 6.3663e-15 5.97976e-15 6.43141e-15 6.04676e-15 6.49395e-15 6.11233e-15 6.55663e-15 6.17649e-15 6.61944e-15 6.23935e-15 6.6769e-15 6.30095e-15 6.73448e-15 6.36135e-15
303.095 4.6328e-17 4.6328e-17 7.41472e-27 1.60048e-10 2.48371e-08 7.63153e-16 4.66714e-16 1.12715e-15 7.75741e-16 1.60162e-15 1.21835e-15 1.93593e-15 1.547e-15 2.20335e-15 1.81335e-15 2.42538e-15 2.03947e-15 2.619e-15 2.23712e-15 2.79211e-15 2.41339e-15 2.9467e-15 2.57292e-15 3.08714e-15 2.71898e-15 3.21827e-15 2.8539e-15 3.33963e-15 2.97944e-15 3.45273e-15 3.09695e-15 3.56111e-15 3.20753e-15 3.66074e-15 3.31195e-15 3.75721e-15 3.41108e-15 3.84653e-15 3.50542e-15 3.93441e-15 3.59548e-15 4.01688e-15 3.68165e-15 4.09779e-15 3.76432e-15 4.17313e-15 3.84375e-15 4.2468e-15 3.92025e-15 4.31677e-15 3.99397e-15 4.38701e-15 4.06527e-15 4.45348e-15 4.13425e-15 4.51816e-15 4.20107e-15 4.57899e-15 4.26589e-15 4.64e-15 4.32882e-15 4.7012e-15 4.39e-15 4.75847e-15 4.44952e-15 4.81385e-15 4.50749e-15 4.86937e-15 4.56398e-15 4.92297e-15 4.61899e-15 4.97255e-15 4.67279e-15 5.02432e-15 4.72534e-15 5.07412e-15 4.77671e-15 5.12195e-15 4.82696e-15 5.16987e-15 4.87613e-15 5.21789e-15 4.92429e-15 5.26181e-15 4.97146e-15 5.30581e-15 5.01771e-15
318.653 4.23136e-17 4.23136e-17 6.07019e-27 1.43457e-10 2.0072e-08 6.44034e-16 3.93989e-16 9.35813e-16 6.45983e-16 1.31122e-15 1.00104e-15 1.57345e-15 1.26168e-15 1.78221e-15 1.47154e-15 1.95497e-15 1.6489e-15 2.10525e-15 1.80342e-15 2.23936e-15 1.94087e-15 2.35894e-15 2.06501e-15 2.46743e-15 2.17846e-15 2.56861e-15 2.28311e-15 2.66216e-15 2.38035e-15 2.74928e-15 2.47126e-15 2.83268e-15 2.55674e-15 2.90931e-15 2.63737e-15 2.98345e-15 2.71386e-15 3.05206e-15 2.7866e-15 3.11953e-15 2.85599e-15 3.18282e-15 2.92234e-15 3.24488e-15 2.98596e-15 3.30264e-15 3.04705e-15 3.3591e-15 3.10586e-15 3.41271e-15 3.16251e-15 3.4665e-15 3.21727e-15 3.51739e-15 3.27022e-15 3.56689e-15 3.3215e-15 3.61343e-15 3.37123e-15 3.6601e-15 3.41949e-15 3.7069e-15 3.46639e-15 3.75069e-15 3.51201e-15 3.79302e-15 3.55642e-15 3.83544e-15 3.59969e-15 3.87639e-15 3.64181e-15 3.91426e-15 3.68299e-15 3.9538e-15 3.72321e-15 3.99182e-15 3.76251e-15 4.02833e-15 3.80095e-15 4.06491e-15 3.83855e-15 4.10155e-15 3.87538e-15 4.13506e-15 3.91144e-15 4.16863e-15 3.94679e-15
335.009 3.86845e-17 3.86845e-17 4.97019e-27 1.2848e-10 1.88127e-08 5.40101e-16 3.31051e-16 7.72844e-16 5.35538e-16 1.06871e-15 8.19159e-16 1.27374e-15 1.02511e-15 1.43624e-15 1.18991e-15 1.57032e-15 1.32861e-15 1.68669e-15 1.44908e-15 1.79035e-15 1.55598e-15 1.88266e-15 1.65234e-15 1.9663e-15 1.74026e-15 2.04423e-15 1.82125e-15 2.11621e-15 1.89641e-15 2.18319e-15 1.96661e-15 2.24728e-15 2.03255e-15 2.30611e-15 2.0947e-15 2.36301e-15 2.15361e-15 2.41564e-15 2.2096e-15 2.46736e-15 2.26297e-15 2.51586e-15 2.31398e-15 2.56339e-15 2.36285e-15 2.60762e-15 2.40977e-15 2.65084e-15 2.45492e-15 2.69185e-15 2.49838e-15 2.733e-15 2.54037e-15 2.77191e-15 2.58097e-15 2.80976e-15 2.62027e-15 2.84532e-15 2.65837e-15 2.88098e-15 2.69533e-15 2.91673e-15 2.73124e-15 2.95017e-15 2.76615e-15 2.98249e-15 2.80013e-15 3.01488e-15 2.83324e-15 3.04613e-15 2.86545e-15 3.07503e-15 2.89694e-15 3.10519e-15 2.92768e-15 3.13419e-15 2.95772e-15 3.16203e-15 2.98709e-15 3.18992e-15 3.01582e-15 3.21786e-15 3.04394e-15 3.2434e-15 3.07148e-15 3.26899e-15 3.09847e-15
352.205 3.53794e-17 3.53794e-17 4.06909e-27 1.15013e-10 7.3862e-09 4.50023e-16 2.7676e-16 6.34736e-16 4.41834e-16 8.66948e-16 6.67362e-16 1.0267e-15 8.29449e-16 1.1528e-15 9.58402e-16 1.25655e-15 1.06651e-15 1.34642e-15 1.16014e-15 1.42635e-15 1.24304e-15 1.49742e-15 1.31763e-15 1.56176e-15 1.38559e-15 1.62164e-15 1.4481e-15 1.67691e-15 1.50606e-15 1.7283e-15 1.56014e-15 1.77744e-15 1.61088e-15 1.82253e-15 1.65868e-15 1.86611e-15 1.70396e-15 1.9064e-15 1.74696e-15 1.94598e-15 1.78792e-15 1.98307e-15 1.82706e-15 2.01942e-15 1.86453e-15 2.05323e-15 1.90049e-15 2.08625e-15 1.93508e-15 2.11758e-15 1.96836e-15 2.149e-15 2.00051e-15 2.17871e-15 2.03158e-15 2.20759e-15 2.06165e-15 2.23473e-15 2.09078e-15 2.26194e-15 2.11904e-15 2.2892e-15 2.14648e-15 2.3147e-15 2.17316e-15 2.33934e-15 2.19912e-15 2.36403e-15 2.22441e-15 2.38784e-15 2.249e-15 2.40986e-15 2.27304e-15 2.43284e-15 2.29651e-15 2.45493e-15 2.31943e-15 2.47614e-15 2.34184e-15 2.49738e-15 2.36375e-15 2.51864e-15 2.3852e-15 2.53809e-15 2.4062e-15 2.55756e-15 2.42677e-15
370.284 3.23723e-17 3.23723e-17 3.33144e-27 1.0291e-10 9.96341e-09 3.72753e-16 2.30274e-16 5.18685e-16 3.62894e-16 7.00275e-16 5.41488e-16 8.24366e-16 6.68603e-16 9.21946e-16 7.69186e-16 1.00203e-15 8.53205e-16 1.07128e-15 9.25779e-16 1.13277e-15 9.89903e-16 1.18738e-15 1.0475e-15 1.23677e-15 1.09991e-15 1.2827e-15 1.14805e-15 1.32506e-15 1.19265e-15 1.36442e-15 1.23422e-15 1.40204e-15 1.2732e-15 1.43653e-15 1.30989e-15 1.46986e-15 1.34462e-15 1.50065e-15 1.37758e-15 1.53089e-15 1.40897e-15 1.55922e-15 1.43894e-15 1.58698e-15 1.46763e-15 1.61278e-15 1.49515e-15 1.63798e-15 1.52161e-15 1.66188e-15 1.54705e-15 1.68584e-15 1.57163e-15 1.70849e-15 1.59537e-15 1.7305e-15 1.61833e-15 1.75119e-15 1.64058e-15 1.77192e-15 1.66216e-15 1.79268e-15 1.68311e-15 1.81211e-15 1.70346e-15 1.83087e-15 1.72327e-15 1.84966e-15 1.74255e-15 1.86779e-15 1.76131e-15 1.88455e-15 1.77963e-15 1.90203e-15 1.79752e-15 1.91885e-15 1.81499e-15 1.93498e-15 1.83207e-15 1.95113e-15 1.84876e-15 1.96731e-15 1.8651e-15 1.98209e-15 1.88109e-15 1.9969e-15 1.89676e-15
389.291 2.96159e-17 2.96159e-17 2.72786e-27 9.21082e-11 1.10017e-08 3.06848e-16 1.906e-16 4.2159e-16 2.96596e-16 5.63031e-16 4.3739e-16 6.59092e-16 5.36688e-16 7.34371e-16 6.14863e-16 7.96014e-16 6.79945e-16 8.49218e-16 7.36022e-16 8.96402e-16 7.85475e-16 9.38264e-16 8.29827e-16 9.76085e-16 8.70128e-16 1.01123e-15 9.07115e-16 1.04363e-15 9.41339e-16 1.07371e-15 9.73217e-16 1.10244e-15 1.00309e-15 1.12877e-15 1.03118e-15 1.1542e-15 1.05776e-15 1.17769e-15 1.08298e-15 1.20075e-15 1.10698e-15 1.22235e-15 1.12988e-15 1.2435e-15 1.1518e-15 1.26315e-15 1.17281e-15 1.28234e-15 1.193e-15 1.30054e-15 1.21242e-15 1.31878e-15 1.23117e-15 1.33602e-15 1.24927e-15 1.35277e-15 1.26678e-15 1.36851e-15 1.28374e-15 1.38427e-15 1.30018e-15 1.40007e-15 1.31614e-15 1.41483e-15 1.33164e-15 1.42909e-15 1.34672e-15 1.44338e-15 1.36141e-15 1.45716e-15 1.37568e-15 1.46989e-15 1.38963e-15 1.48317e-15 1.40324e-15 1.49594e-15 1.41653e-15 1.5082e-15 1.42952e-15 1.52046e-15 1.44222e-15 1.53275e-15 1.45464e-15 1.54397e-15 1.4668e-15 1.55521e-15 1.47871e-15
409.273 2.71306e-17 2.71306e-17 2.23367e-27 8.23303e-11 7.73536e-09 2.5151e-16 1.57208e-16 3.41466e-16 2.41637e-16 4.51399e-16 3.52333e-16 5.25639e-16 4.29734e-16 5.83637e-16 4.90384e-16 6.31027e-16 5.40718e-16 6.71868e-16 5.83989e-16 7.08042e-16 6.22081e-16 7.40104e-16 6.56195e-16 7.69047e-16 6.87156e-16 7.95924e-16 7.15543e-16 8.20681e-16 7.41787e-16 8.43658e-16 7.66213e-16 8.65592e-16 7.89086e-16 8.85689e-16 8.10586e-16 9.05088e-16 8.30916e-16 9.22999e-16 8.50193e-16 9.40579e-16 8.68532e-16 9.57036e-16 8.86026e-16 9.73146e-16 9.0276e-16 9.88117e-16 9.18797e-16 1.00273e-15 9.34205e-16 1.01658e-15 9.49017e-16 1.03047e-15 9.63312e-16 1.04358e-15 9.77114e-16 1.05633e-15 9.90459e-16 1.0683e-15 1.00338e-15 1.08029e-15 1.01591e-15 1.09229e-15 1.02806e-15 1.10352e-15 1.03987e-15 1.11436e-15 1.05135e-15 1.12522e-15 1.06253e-15 1.13569e-15 1.07339e-15 1.14537e-15 1.084e-15 1.15546e-15 1.09436e-15 1.16516e-15 1.10447e-15 1.17446e-15 1.11435e-15 1.18378e-15 1.124e-15 1.19311e-15 1.13345e-15 1.20163e-15 1.1427e-15 1.21017e-15 1.15175e-15
430.281 2.4865e-17 2.4865e-17 1.82869e-27 7.35449e-11 2.30681e-08 2.05153e-16 1.2912e-16 2.75434e-16 1.961e-16 3.60642e-16 2.82841e-16 4.17888e-16 3.43006e-16 4.62481e-16 3.89944e-16 4.98849e-16 4.28785e-16 5.30145e-16 4.62106e-16 5.57835e-16 4.9139e-16 5.82354e-16 5.17582e-16 6.04472e-16 5.41328e-16 6.24997e-16 5.63079e-16 6.43893e-16 5.83172e-16 6.61422e-16 6.0186e-16 6.78147e-16 6.1935e-16 6.93465e-16 6.3578e-16 7.08246e-16 6.51309e-16 7.21889e-16 6.66026e-16 7.35275e-16 6.80022e-16 7.47803e-16 6.93368e-16 7.60064e-16 7.0613e-16 7.71455e-16 7.18356e-16 7.8257e-16 7.301e-16 7.93107e-16 7.41385e-16 8.03663e-16 7.52274e-16 8.13635e-16 7.62785e-16 8.23322e-16 7.72946e-16 8.32418e-16 7.82782e-16 8.41528e-16 7.92314e-16 8.50652e-16 8.01562e-16 8.5918e-16 8.10545e-16 8.67415e-16 8.19279e-16 8.7566e-16 8.27778e-16 8.83609e-16 8.36039e-16 8.90956e-16 8.44108e-16 8.98617e-16 8.5198e-16 9.0598e-16 8.59663e-16 9.13044e-16 8.67171e-16 9.20114e-16 8.74508e-16 9.27192e-16 8.81685e-16 9.3366e-16 8.88708e-16 9.40134e-16 8.95585e-16
452.368 2.27909e-17 2.27909e-17 1.49736e-27 6.56997e-11 -4.9943e-09 1.66527e-16 1.05586e-16 2.21244e-16 1.58506e-16 2.87103e-16 2.26244e-16 3.31139e-16 2.72876e-16 3.65352e-16 3.09108e-16 3.93206e-16 3.3901e-16 4.17144e-16 3.64612e-16 4.38302e-16 3.87079e-16 4.57022e-16 4.07149e-16 4.73897e-16 4.25326e-16 4.89548e-16 4.41963e-16 5.03949e-16 4.5732e-16 5.17301e-16 4.71595e-16 5.30037e-16 4.84946e-16 5.41697e-16 4.97482e-16 5.52944e-16 5.09325e-16 5.63322e-16 5.20545e-16 5.73502e-16 5.31211e-16 5.83027e-16 5.41378e-16 5.92347e-16 5.51097e-16 6.01003e-16 5.60405e-16 6.09449e-16 5.69343e-16 6.17453e-16 5.77931e-16 6.25471e-16 5.86214e-16 6.33043e-16 5.94209e-16 6.40398e-16 6.01935e-16 6.47303e-16 6.09413e-16 6.54218e-16 6.16658e-16 6.61142e-16 6.23687e-16 6.67613e-16 6.30513e-16 6.73861e-16 6.37148e-16 6.80116e-16 6.43604e-16 6.86146e-16 6.49879e-16 6.91718e-16 6.56006e-16 6.97529e-16 6.61983e-16 7.03112e-16 6.67816e-16 7.08468e-16 6.73515e-16 7.13828e-16 6.79084e-16 7.19194e-16 6.84531e-16 7.24097e-16 6.8986e-16 7.29004e-16 6.95079e-16
475.588 2.09003e-17 2.09003e-17 1.22602e-27 5.86605e-11 4.30726e-09 1.34612e-16 8.60147e-17 1.77093e-16 1.27681e-16 2.27885e-16 1.80433e-16 2.61699e-16 2.16494e-16 2.87909e-16 2.44407e-16 3.09212e-16 2.67386e-16 3.27499e-16 2.87025e-16 3.43647e-16 3.04236e-16 3.57923e-16 3.19594e-16 3.70785e-16 3.33491e-16 3.82707e-16 3.462e-16 3.93671e-16 3.57924e-16 4.03833e-16 3.68814e-16 4.13523e-16 3.78995e-16 4.2239e-16 3.88551e-16 4.30942e-16 3.97574e-16 4.3883e-16 4.06119e-16 4.46566e-16 4.14239e-16 4.53803e-16 4.21978e-16 4.60882e-16 4.29373e-16 4.67456e-16 4.36454e-16 4.73868e-16 4.43251e-16 4.79944e-16 4.4978e-16 4.8603e-16 4.56077e-16 4.91777e-16 4.62153e-16 4.97358e-16 4.68024e-16 5.02596e-16 4.73705e-16 5.07842e-16 4.79209e-16 5.13094e-16 4.84547e-16 5.18002e-16 4.8973e-16 5.22739e-16 4.94768e-16 5.27482e-16 4.99668e-16 5.32054e-16 5.04431e-16 5.36278e-16 5.09081e-16 5.40682e-16 5.13617e-16 5.44914e-16 5.18043e-16 5.48973e-16 5.22366e-16 5.53035e-16 5.26591e-16 5.57101e-16 5.30722e-16 5.60816e-16 5.34764e-16 5.64534e-16 5.38722e-16
500 1.91827e-17 1.91827e-17 1.0038e-27 5.23284e-11 1.0501e-08 1.0843e-16 6.98416e-17 1.4134e-16 1.02554e-16 1.80448e-16 1.43544e-16 2.06382e-16 1.71382e-16 2.26439e-16 1.92856e-16 2.42717e-16 2.10493e-16 2.56676e-16 2.25542e-16 2.68992e-16 2.38714e-16 2.79873e-16 2.50455e-16 2.8967e-16 2.61071e-16 2.98747e-16 2.70772e-16 3.07091e-16 2.79716e-16 3.14822e-16 2.8802e-16 3.2219e-16 2.95779e-16 3.28932e-16 3.03058e-16 3.35432e-16 3.09929e-16 3.41426e-16 3.16434e-16 3.47303e-16 3.22614e-16 3.52799e-16 3.28501e-16 3.58175e-16 3.34125e-16 3.63166e-16 3.3951e-16 3.68033e-16 3.44677e-16 3.72645e-16 3.4964e-16 3.77264e-16 3.54425e-16 3.81624e-16 3.59041e-16 3.85858e-16 3.63501e-16 3.89832e-16 3.67816e-16 3.93811e-16 3.71995e-16 3.97794e-16 3.76048e-16 4.01515e-16 3.79983e-16 4.05108e-16 3.83807e-16 4.08703e-16 3.87527e-16 4.12169e-16 3.91141e-16 4.15371e-16 3.9467e-16 4.18709e-16 3.98111e-16 4.21916e-16 4.01469e-16 4.24992e-16 4.04748e-16 4.28071e-16 4.07952e-16 4.31151e-16 4.11086e-16 4.33966e-16 4.14151e-16 4.36782e-16 4.17152e-16
525.665 1.76069e-17 1.76069e-17 8.21973e-28 4.66846e-11 2.33115e-09 8.69862e-17 5.64889e-17 1.12411e-16 8.20831e-17 1.42458e-16 1.13846e-16 1.62311e-16 1.35287e-16 1.77634e-16 1.51772e-16 1.90055e-16 1.65284e-16 2.00695e-16 1.76796e-16 2.10075e-16 1.8686e-16 2.18357e-16 1.95823e-16 2.25811e-16 2.0392e-16 2.32713e-16 2.11314e-16 2.39056e-16 2.18128e-16 2.4493e-16 2.24451e-16 2.50528e-16 2.30357e-16 2.55648e-16 2.35895e-16 2.60582e-16 2.41122e-16 2.65133e-16 2.46068e-16 2.69593e-16 2.50765e-16 2.73763e-16 2.55239e-16 2.77841e-16 2.59512e-16 2.81627e-16 2.63602e-16 2.85319e-16 2.67526e-16 2.88816e-16 2.71294e-16 2.92318e-16 2.74927e-16 2.95623e-16 2.78431e-16 2.98833e-16 2.81815e-16 3.01845e-16 2.85089e-16 3.0486e-16 2.8826e-16 3.07878e-16 2.91335e-16 3.10698e-16 2.94319e-16 3.13419e-16 2.97219e-16 3.16143e-16 3.0004e-16 3.18768e-16 3.0278e-16 3.21193e-16 3.05455e-16 3.23722e-16 3.08064e-16 3.2615e-16 3.10609e-16 3.2848e-16 3.13094e-16 3.30811e-16 3.15523e-16 3.33143e-16 3.17897e-16 3.35274e-16 3.20219e-16 3.37406e-16 3.22493e-16
552.648 1.61748e-17 1.61748e-17 6.73057e-28 4.16114e-11 -1.39139e-08 6.95762e-17 4.55572e-17 8.91869e-17 6.55349e-17 1.12244e-16 9.01045e-17 1.27429e-16 1.06597e-16 1.39129e-16 1.1924e-16 1.486e-16 1.29582e-16 1.56706e-16 1.38382e-16 1.63848e-16 1.46066e-16 1.7015e-16 1.52904e-16 1.75819e-16 1.59077e-16 1.81066e-16 1.64711e-16 1.85887e-16 1.699e-16 1.9035e-16 1.74713e-16 1.94601e-16 1.79207e-16 1.98489e-16 1.8342e-16 2.02235e-16 1.87394e-16 2.05689e-16 1.91153e-16 2.09074e-16 1.94723e-16 2.12238e-16 1.98123e-16 2.15332e-16 2.01369e-16 2.18203e-16 2.04475e-16 2.21003e-16 2.07455e-16 2.23655e-16 2.10315e-16 2.2631e-16 2.13073e-16 2.28816e-16 2.15732e-16 2.31249e-16 2.183e-16 2.33532e-16 2.20784e-16 2.35817e-16 2.2319e-16 2.38104e-16 2.25522e-16 2.40241e-16 2.27786e-16 2.42303e-16 2.29985e-16 2.44367e-16 2.32124e-16 2.46355e-16 2.34202e-16 2.48192e-16 2.3623e-16 2.50107e-16 2.38207e-16 2.51947e-16 2.40137e-16 2.53711e-16 2.42021e-16 2.55476e-16 2.43861e-16 2.57242e-16 2.4566e-16 2.58856e-16 2.4742e-16 2.6047e-16 2.49143e-16
581.015 1.48668e-17 1.48668e-17 5.51064e-28 3.70667e-11 -2.047e-08 5.54791e-17 3.66281e-17 7.05778e-17 5.21827e-17 8.82482e-17 7.11522e-17 9.98504e-17 8.38192e-17 1.08775e-16 9.35032e-17 1.15991e-16 1.01411e-16 1.22163e-16 1.08131e-16 1.27597e-16 1.13993e-16 1.3239e-16 1.19206e-16 1.36699e-16 1.23908e-16 1.40686e-16 1.28198e-16 1.44348e-16 1.32147e-16 1.47737e-16 1.35809e-16 1.50965e-16 1.39226e-16 1.53916e-16 1.42429e-16 1.56759e-16 1.45449e-16 1.59379e-16 1.48306e-16 1.61947e-16 1.51017e-16 1.64347e-16 1.53599e-16 1.66693e-16 1.56064e-16 1.68871e-16 1.58422e-16 1.70994e-16 1.60684e-16 1.73004e-16 1.62855e-16 1.75017e-16 1.64947e-16 1.76916e-16 1.66965e-16 1.7876e-16 1.68913e-16 1.8049e-16 1.70797e-16 1.82221e-16 1.72622e-16 1.83954e-16 1.7439e-16 1.85573e-16 1.76107e-16 1.87135e-16 1.77774e-16 1.88698e-16 1.79396e-16 1.90204e-16 1.80971e-16 1.91596e-16 1.82508e-16 1.93046e-16 1.84007e-16 1.94439e-16 1.85469e-16 1.95775e-16 1.86896e-16 1.97111e-16 1.88291e-16 1.98449e-16 1.89654e-16 1.9967e-16 1.90987e-16 2.00892e-16 1.92292e-16
610.839 1.36714e-17 1.36714e-17 4.51192e-28 3.30026e-11 -5.70106e-09 4.41106e-17 2.93627e-17 5.57167e-17 4.14455e-17 6.92423e-17 5.60658e-17 7.80987e-17 6.57818e-17 8.49009e-17 7.31911e-17 9.0396e-17 7.92319e-17 9.5092e-17 8.43588e-17 9.92242e-17 8.88277e-17 1.02867e-16 9.27983e-17 1.06141e-16 9.63785e-17 1.09169e-16 9.96428e-17 1.1195e-16 1.02646e-16 1.14523e-16 1.0543e-16 1.16972e-16 1.08028e-16 1.19211e-16 1.10461e-16 1.21368e-16 1.12756e-16 1.23356e-16 1.14925e-16 1.25303e-16 1.16985e-16 1.27123e-16 1.18944e-16 1.28902e-16 1.20815e-16 1.30553e-16 1.22605e-16 1.32162e-16 1.24321e-16 1.33686e-16 1.25968e-16 1.35211e-16 1.27555e-16 1.3665e-16 1.29086e-16 1.38047e-16 1.30563e-16 1.39358e-16 1.31992e-16 1.4067e-16 1.33375e-16 1.41983e-16 1.34716e-16 1.43209e-16 1.36017e-16 1.44392e-16 1.37281e-16 1.45576e-16 1.3851e-16 1.46716e-16 1.39704e-16 1.4777e-16 1.40869e-16 1.48868e-16 1.42004e-16 1.49923e-16 1.43112e-16 1.50934e-16 1.44194e-16 1.51946e-16 1.4525e-16 1.52959e-16 1.46283e-16 1.53883e-16 1.47293e-16 1.54809e-16 1.48282e-16
642.193 1.25751e-17 1.25751e-17 3.69445e-28 2.93792e-11 -2.2486e-09 3.49689e-17 2.34673e-17 4.38753e-17 3.28309e-17 5.42147e-17 4.40788e-17 6.09681e-17 5.15205e-17 6.61479e-17 5.71824e-17 7.03286e-17 6.17918e-17 7.3899e-17 6.56996e-17 7.7039e-17 6.9103e-17 7.98059e-17 7.21251e-17 8.22918e-17 7.48485e-17 8.45906e-17 7.73306e-17 8.67006e-17 7.96136e-17 8.86526e-17 8.17288e-17 9.05108e-17 8.37018e-17 9.2209e-17 8.55497e-17 9.38445e-17 8.72916e-17 9.53514e-17 8.89384e-17 9.68276e-17 9.05011e-17 9.82071e-17 9.19881e-17 9.95553e-17 9.34074e-17 1.00806e-16 9.47648e-17 1.02025e-16 9.60664e-17 1.0318e-16 9.73154e-17 1.04335e-16 9.85189e-17 1.05425e-16 9.9679e-17 1.06484e-16 1.00799e-16 1.07476e-16 1.01882e-16 1.0847e-16 1.0293e-16 1.09464e-16 1.03947e-16 1.10392e-16 1.04932e-16 1.11288e-16 1.0589e-16 1.12184e-16 1.06821e-16 1.13048e-16 1.07725e-16 1.13846e-16 1.08608e-16 1.14677e-16 1.09468e-16 1.15475e-16 1.10307e-16 1.16241e-16 1.11126e-16 1.17007e-16 1.11926e-16 1.17773e-16 1.12709e-16 1.18473e-16 1.13473e-16 1.19173e-16 1.14222e-16
675.157 1.15735e-17 1.15735e-17 3.02521e-28 2.61391e-11 -7.70251e-10 2.76557e-17 1.87084e-17 3.44825e-17 2.59514e-17 4.23799e-17 3.45936e-17 4.75265e-17 4.0288e-17 5.14691e-17 4.46114e-17 5.46485e-17 4.81262e-17 5.73622e-17 5.11032e-17 5.97476e-17 5.36941e-17 6.18488e-17 5.59932e-17 6.37359e-17 5.80642e-17 6.54806e-17 5.99508e-17 6.70816e-17 6.16855e-17 6.85624e-17 6.32923e-17 6.99717e-17 6.47905e-17 7.12595e-17 6.61935e-17 7.24996e-17 6.75157e-17 7.3642e-17 6.87655e-17 7.47609e-17 6.99512e-17 7.58065e-17 7.10794e-17 7.68282e-17 7.2156e-17 7.77761e-17 7.31854e-17 7.86998e-17 7.41725e-17 7.95744e-17 7.51196e-17 8.04497e-17 7.60319e-17 8.12756e-17 7.69114e-17 8.2077e-17 7.77604e-17 8.28289e-17 7.85812e-17 8.35812e-17 7.93758e-17 8.4334e-17 8.01458e-17 8.50371e-17 8.08929e-17 8.57154e-17 8.16185e-17 8.6394e-17 8.23239e-17 8.70479e-17 8.30089e-17 8.76518e-17 8.36774e-17 8.82811e-17 8.4329e-17 8.88855e-17 8.49645e-17 8.94649e-17 8.5585e-17 9.00447e-17 8.61909e-17 9.06246e-17 8.67832e-17 9.11544e-17 8.73623e-17 9.16843e-17 8.79291e-17
709.813 1.06567e-17 1.06567e-17 2.47688e-28 2.32423e-11 -1.89714e-08 2.18214e-17 1.48775e-17 2.70483e-17 2.04704e-17 3.30755e-17 2.71021e-17 3.69954e-17 3.14554e-17 3.99947e-17 3.47542e-17 4.24118e-17 3.74327e-17 4.44736e-17 3.96994e-17 4.62852e-17 4.16707e-17 4.78804e-17 4.34191e-17 4.93126e-17 4.49933e-17 5.06365e-17 4.64269e-17 5.1851e-17 4.77445e-17 5.29741e-17 4.89647e-17 5.40428e-17 5.01022e-17 5.50193e-17 5.11671e-17 5.59594e-17 5.21705e-17 5.68254e-17 5.31188e-17 5.76734e-17 5.40183e-17 5.84658e-17 5.4874e-17 5.924e-17 5.56905e-17 5.99582e-17 5.64712e-17 6.06581e-17 5.72196e-17 6.13207e-17 5.79376e-17 6.19837e-17 5.86292e-17 6.26093e-17 5.92959e-17 6.32164e-17 5.99394e-17 6.37858e-17 6.05614e-17 6.43555e-17 6.11635e-17 6.49256e-17 6.1747e-17 6.5458e-17 6.23131e-17 6.59716e-17 6.28628e-17 6.64855e-17 6.33972e-17 6.69805e-17 6.39161e-17 6.74377e-17 6.44225e-17 6.79141e-17 6.49161e-17 6.83717e-17 6.53974e-17 6.88103e-17 6.58673e-17 6.92491e-17 6.63262e-17 6.96881e-17 6.67747e-17 7.00891e-17 6.72133e-17 7.04902e-17 6.76425e-17
746.248 9.82161e-18 9.82161e-18 2.02803e-28 2.06487e-11 5.99807e-08 1.71886e-17 1.18087e-17 2.11883e-17 1.61224e-17 2.57871e-17 2.12078e-17 2.87724e-17 2.45346e-17 3.10543e-17 2.70511e-17 3.2892e-17 2.90921e-17 3.44587e-17 3.08179e-17 3.58348e-17 3.23179e-17 3.70462e-17 3.36476e-17 3.81335e-17 3.48443e-17 3.91382e-17 3.59338e-17 4.00599e-17 3.69349e-17 4.0912e-17 3.78616e-17 4.17227e-17 3.87254e-17 4.24633e-17 3.95339e-17 4.31763e-17 4.02956e-17 4.3833e-17 4.10153e-17 4.4476e-17 4.16979e-17 4.50767e-17 4.23472e-17 4.56637e-17 4.29666e-17 4.62081e-17 4.35588e-17 4.67386e-17 4.41265e-17 4.72407e-17 4.4671e-17 4.77432e-17 4.51955e-17 4.82173e-17 4.5701e-17 4.86773e-17 4.61889e-17 4.91088e-17 4.66606e-17 4.95404e-17 4.7117e-17 4.99724e-17 4.75593e-17 5.03757e-17 4.79884e-17 5.07648e-17 4.84051e-17 5.1154e-17 4.88101e-17 5.1529e-17 4.92034e-17 5.18753e-17 4.95871e-17 5.22362e-17 4.99612e-17 5.25827e-17 5.03259e-17 5.29149e-17 5.0682e-17 5.32473e-17 5.10296e-17 5.35797e-17 5.13695e-17 5.38834e-17 5.17017e-17 5.41871e-17 5.20269e-17
784.553 9.05178e-18 9.05178e-18 1.6606e-28 1.83456e-11 1.60982e-08 1.35059e-17 9.3477e-18 1.65625e-17 1.26683e-17 2.00677e-17 1.65623e-17 2.23391e-17 1.91017e-17 2.40738e-17 2.10194e-17 2.54699e-17 2.25732e-17 2.66597e-17 2.3886e-17 2.77043e-17 2.50264e-17 2.86235e-17 2.60369e-17 2.94485e-17 2.6946e-17 3.02106e-17 2.77734e-17 3.09096e-17 2.85334e-17 3.15557e-17 2.92369e-17 3.21704e-17 2.98924e-17 3.27319e-17 3.05059e-17 3.32723e-17 3.10837e-17 3.377e-17 3.16296e-17 3.42573e-17 3.21473e-17 3.47126e-17 3.26397e-17 3.51573e-17 3.31094e-17 3.55698e-17 3.35584e-17 3.59717e-17 3.39887e-17 3.63521e-17 3.44015e-17 3.67327e-17 3.47991e-17 3.70918e-17 3.51822e-17 3.74402e-17 3.55519e-17 3.7767e-17 3.59093e-17 3.8094e-17 3.62552e-17 3.84211e-17 3.65904e-17 3.87265e-17 3.69154e-17 3.90211e-17 3.72311e-17 3.93159e-17 3.7538e-17 3.95998e-17 3.78359e-17 3.9862e-17 3.81266e-17 4.01352e-17 3.84099e-17 4.03976e-17 3.86861e-17 4.06491e-17 3.89558e-17 4.09007e-17 3.92191e-17 4.11524e-17 3.94765e-17 4.13823e-17 3.97281e-17 4.16122e-17 3.99743e-17
824.824 8.34979e-18 8.34979e-18 1.3596e-28 1.6283e-11 8.5317e-09 1.05973e-17 7.3875e-18 1.29324e-17 9.94152e-18 1.56039e-17 1.29219e-17 1.73324e-17 1.48598e-17 1.86513e-17 1.63212e-17 1.97122e-17 1.75041e-17 2.06159e-17 1.85029e-17 2.14091e-17 1.93701e-17 2.2107e-17 2.01382e-17 2.27331e-17 2.0829e-17 2.33114e-17 2.14574e-17 2.38417e-17 2.20347e-17 2.43319e-17 2.25688e-17 2.47982e-17 2.30665e-17 2.5224e-17 2.35321e-17 2.56338e-17 2.39706e-17 2.60112e-17 2.43849e-17 2.63807e-17 2.47777e-17 2.67258e-17 2.51512e-17 2.7063e-17 2.55075e-17 2.73756e-17 2.58481e-17 2.76803e-17 2.61745e-17 2.79686e-17 2.64875e-17 2.82571e-17 2.6789e-17 2.85292e-17 2.70795e-17 2.87933e-17 2.73598e-17 2.90409e-17 2.76308e-17 2.92886e-17 2.7893e-17 2.95365e-17 2.81471e-17 2.97679e-17 2.83935e-17 2.99911e-17 2.86328e-17 3.02144e-17 2.88653e-17 3.04296e-17 2.90911e-17 3.06282e-17 2.93114e-17 3.08352e-17 2.95261e-17 3.10339e-17 2.97355e-17 3.12245e-17 2.99399e-17 3.1415e-17 3.01394e-17 3.16057e-17 3.03344e-17 3.17798e-17 3.05251e-17 3.19539e-17 3.07116e-17
867.163 7.70371e-18 7.70371e-18 1.11333e-28 1.44519e-11 2.99885e-08 8.29865e-18 5.82543e-18 1.0081e-17 7.78701e-18 1.21157e-17 1.00658e-17 1.34303e-17 1.15435e-17 1.44326e-17 1.26564e-17 1.52385e-17 1.35565e-17 1.59247e-17 1.4316e-17 1.65268e-17 1.49751e-17 1.70563e-17 1.55587e-17 1.75314e-17 1.60834e-17 1.79702e-17 1.65606e-17 1.83724e-17 1.69988e-17 1.87442e-17 1.74043e-17 1.90977e-17 1.77819e-17 1.94206e-17 1.81353e-17 1.97313e-17 1.8468e-17 2.00174e-17 1.87823e-17 2.02975e-17 1.90802e-17 2.05591e-17 1.93635e-17 2.08147e-17 1.96337e-17 2.10516e-17 1.9892e-17 2.12825e-17 2.01394e-17 2.1501e-17 2.03768e-17 2.17196e-17 2.06053e-17 2.19258e-17 2.08256e-17 2.21259e-17 2.10381e-17 2.23135e-17 2.12435e-17 2.25012e-17 2.14422e-17 2.2689e-17 2.16348e-17 2.28643e-17 2.18216e-17 2.30334e-17 2.20029e-17 2.32026e-17 2.21791e-17 2.33655e-17 2.23503e-17 2.3516e-17 2.25172e-17 2.36728e-17 2.26799e-17 2.38233e-17 2.28385e-17 2.39676e-17 2.29933e-17 2.4112e-17 2.31445e-17 2.42564e-17 2.32923e-17 2.43882e-17 2.34367e-17 2.45201e-17 2.3578e-17
911.674 7.11331e-18 7.11331e-18 9.11518e-29 1.28143e-11 1.97803e-09 6.49059e-18 4.58686e-18 7.85079e-18 6.09239e-18 9.40042e-18 7.83412e-18 1.04004e-17 8.96092e-18 1.11623e-17 9.80844e-18 1.17746e-17 1.04933e-17 1.22957e-17 1.1071e-17 1.27529e-17 1.1572e-17 1.3155e-17 1.20155e-17 1.35156e-17 1.24142e-17 1.38485e-17 1.27767e-17 1.41538e-17 1.31095e-17 1.44358e-17 1.34173e-17 1.4704e-17 1.3704e-17 1.4949e-17 1.39722e-17 1.51846e-17 1.42248e-17 1.54016e-17 1.44633e-17 1.56141e-17 1.46893e-17 1.58124e-17 1.49043e-17 1.60062e-17 1.51093e-17 1.61859e-17 1.53052e-17 1.6361e-17 1.5493e-17 1.65266e-17 1.5673e-17 1.66924e-17 1.58464e-17 1.68487e-17 1.60134e-17 1.70003e-17 1.61746e-17 1.71426e-17 1.63303e-17 1.72849e-17 1.6481e-17 1.74272e-17 1.6627e-17 1.75601e-17 1.67687e-17 1.76882e-17 1.69061e-17 1.78164e-17 1.70398e-17 1.794e-17 1.71695e-17 1.8054e-17 1.72961e-17 1.81728e-17 1.74194e-17 1.82869e-17 1.75396e-17 1.83962e-17 1.7657e-17 1.85056e-17 1.77716e-17 1.8615e-17 1.78836e-17 1.87149e-17 1.79931e-17 1.88149e-17 1.81002e-17
958.471 6.56875e-18 6.56875e-18 7.46416e-29 1.13631e-11 8.10315e-09 5.06721e-18 3.60415e-18 6.10439e-18 4.75817e-18 7.28388e-18 6.08822e-18 8.04413e-18 6.94676e-18 8.62303e-18 7.5918e-18 9.08802e-18 8.1127e-18 9.48371e-18 8.55179e-18 9.83075e-18 8.93254e-18 1.01359e-17 9.26944e-18 1.04095e-17 9.57218e-18 1.06621e-17 9.84742e-18 1.08936e-17 1.01001e-17 1.11076e-17 1.03337e-17 1.1311e-17 1.05513e-17 1.14967e-17 1.07548e-17 1.16755e-17 1.09464e-17 1.184e-17 1.11274e-17 1.20011e-17 1.12989e-17 1.21515e-17 1.1462e-17 1.22984e-17 1.16175e-17 1.24346e-17 1.1766e-17 1.25673e-17 1.19084e-17 1.26929e-17 1.20449e-17 1.28185e-17 1.21764e-17 1.2937e-17 1.2303e-17 1.30519e-17 1.24252e-17 1.31597e-17 1.25433e-17 1.32676e-17 1.26576e-17 1.33754e-17 1.27683e-17 1.34761e-17 1.28757e-17 1.35732e-17 1.29799e-17 1.36704e-17 1.30812e-17 1.3764e-17 1.31795e-17 1.38504e-17 1.32754e-17 1.39404e-17 1.33689e-17 1.40269e-17 1.34601e-17 1.41097e-17 1.3549e-17 1.41926e-17 1.36359e-17 1.42755e-17 1.37207e-17 1.43512e-17 1.38037e-17 1.44269e-17 1.38849e-17
1007.67 6.0718e-18 6.0718e-18 6.11084e-29 1.00643e-11 6.73641e-08 3.95274e-18 2.82894e-18 4.74373e-18 3.7133e-18 5.64179e-18 4.729e-18 6.22003e-18 5.38332e-18 6.66009e-18 5.87442e-18 7.01342e-18 6.27075e-18 7.31402e-18 6.60467e-18 7.57759e-18 6.89413e-18 7.80928e-18 7.15018e-18 8.01702e-18 7.38022e-18 8.2088e-18 7.58933e-18 8.38455e-18 7.78123e-18 8.54694e-18 7.9587e-18 8.70133e-18 8.12394e-18 8.84228e-18 8.27847e-18 8.9779e-18 8.42393e-18 9.10275e-18 8.5613e-18 9.22495e-18 8.69149e-18 9.33906e-18 8.81526e-18 9.45051e-18 8.93327e-18 9.55385e-18 9.04604e-18 9.65451e-18 9.15409e-18 9.74977e-18 9.25768e-18 9.84506e-18 9.35743e-18 9.93494e-18 9.45353e-18 1.00221e-17 9.54625e-18 1.01039e-17 9.63585e-18 1.01857e-17 9.72254e-18 1.02675e-17 9.80651e-18 1.03438e-17 9.88795e-18 1.04175e-17 9.96702e-18 1.04912e-17 1.00439e-17 1.05621e-17 1.01184e-17 1.06277e-17 1.01912e-17 1.06959e-17 1.02621e-17 1.07615e-17 1.03312e-17 1.08243e-17 1.03987e-17 1.08871e-17 1.04646e-17 1.095e-17 1.0529e-17 1.10074e-17 1.05919e-17 1.10648e-17 1.06534e-17
1059.39 5.61265e-18 5.61265e-18 5.00431e-29 8.91613e-12 -4.67563e-08 3.07829e-18 2.21625e-18 3.68109e-18 2.89319e-18 4.36449e-18 3.66822e-18 4.8041e-18 4.16657e-18 5.13848e-18 4.54026e-18 5.40687e-18 4.84166e-18 5.63514e-18 5.0955e-18 5.83526e-18 5.31547e-18 6.01114e-18 5.51e-18 6.16882e-18 5.68473e-18 6.31437e-18 5.84353e-18 6.44774e-18 5.98925e-18 6.57096e-18 6.12399e-18 6.6881e-18 6.24943e-18 6.79504e-18 6.36673e-18 6.89793e-18 6.47714e-18 6.99264e-18 6.58139e-18 7.08534e-18 6.68019e-18 7.17189e-18 6.77411e-18 7.25643e-18 6.86365e-18 7.3348e-18 6.94921e-18 7.41115e-18 7.03119e-18 7.48339e-18 7.10979e-18 7.55566e-18 7.18546e-18 7.62382e-18 7.25836e-18 7.68993e-18 7.32869e-18 7.75192e-18 7.39665e-18 7.81394e-18 7.46241e-18 7.87597e-18 7.5261e-18 7.93387e-18 7.58787e-18 7.98973e-18 7.64784e-18 8.04559e-18 7.70611e-18 8.0994e-18 7.76268e-18 8.14907e-18 7.81786e-18 8.20083e-18 7.87163e-18 8.25053e-18 7.92405e-18 8.29816e-18 7.97521e-18 8.3458e-18 8.02516e-18 8.39345e-18 8.07397e-18 8.43696e-18 8.12168e-18 8.48048e-18 8.16836e-18
1113.77 5.19227e-18 5.19227e-18 4.09636e-29 7.88935e-12 4.31906e-08 2.39535e-18 1.73442e-18 2.8548e-18 2.25246e-18 3.37497e-18 2.84384e-18 3.70929e-18 3.22346e-18 3.96347e-18 3.50789e-18 4.16742e-18 3.73717e-18 4.34084e-18 3.9302e-18 4.49285e-18 4.09742e-18 4.62643e-18 4.24527e-18 4.74617e-18 4.37804e-18 4.85669e-18 4.4987e-18 4.95796e-18 4.6094e-18 5.0515e-18 4.71174e-18 5.14043e-18 4.80701e-18 5.22161e-18 4.89609e-18 5.2997e-18 4.97994e-18 5.37159e-18 5.05909e-18 5.44194e-18 5.13411e-18 5.50763e-18 5.20541e-18 5.57179e-18 5.2734e-18 5.63126e-18 5.33835e-18 5.6892e-18 5.40058e-18 5.74402e-18 5.46024e-18 5.79885e-18 5.51767e-18 5.85057e-18 5.573e-18 5.90073e-18 5.62639e-18 5.94777e-18 5.67797e-18 5.99482e-18 5.72787e-18 6.04188e-18 5.7762e-18 6.08582e-18 5.82308e-18 6.12819e-18 5.86858e-18 6.17057e-18 5.9128e-18 6.21139e-18 5.95573e-18 6.24908e-18 5.9976e-18 6.28834e-18 6.0384e-18 6.32604e-18 6.07817e-18 6.36217e-18 6.11699e-18 6.39831e-18 6.15489e-18 6.43446e-18 6.19192e-18 6.46747e-18 6.22812e-18 6.50048e-18 6.26354e-18
1170.94 4.80504e-18 4.80504e-18 3.35412e-29 6.98041e-12 -1.03736e-08 1.86179e-18 1.35545e-18 2.21187e-18 1.75165e-18 2.60775e-18 2.20273e-18 2.86198e-18 2.49186e-18 3.05519e-18 2.70831e-18 3.21018e-18 2.88271e-18 3.34194e-18 3.02949e-18 3.45741e-18 3.15661e-18 3.55887e-18 3.26898e-18 3.64981e-18 3.36988e-18 3.73373e-18 3.46155e-18 3.81063e-18 3.54565e-18 3.88165e-18 3.62339e-18 3.94917e-18 3.69575e-18 4.0108e-18 3.76341e-18 4.07008e-18 3.82708e-18 4.12465e-18 3.88719e-18 4.17805e-18 3.94416e-18 4.22791e-18 3.9983e-18 4.27661e-18 4.04991e-18 4.32175e-18 4.09923e-18 4.36572e-18 4.14647e-18 4.40732e-18 4.19176e-18 4.44894e-18 4.23536e-18 4.48819e-18 4.27736e-18 4.52625e-18 4.31788e-18 4.56195e-18 4.35703e-18 4.59765e-18 4.39491e-18 4.63337e-18 4.4316e-18 4.6667e-18 4.46717e-18 4.69886e-18 4.50171e-18 4.73101e-18 4.53527e-18 4.76199e-18 4.56785e-18 4.79058e-18 4.59962e-18 4.82037e-18 4.63058e-18 4.84897e-18 4.66077e-18 4.87639e-18 4.69023e-18 4.90381e-18 4.71899e-18 4.93123e-18 4.74709e-18 4.95627e-18 4.77456e-18 4.98132e-18 4.80143e-18
1231.05 4.44978e-18 4.44978e-18 2.74646e-29 6.17211e-12 6.25693e-08 1.44605e-18 1.05828e-18 1.71284e-18 1.36124e-18 2.0142e-18 1.70533e-18 2.20759e-18 1.92557e-18 2.35451e-18 2.09034e-18 2.47234e-18 2.22304e-18 2.57249e-18 2.33468e-18 2.66024e-18 2.43135e-18 2.73734e-18 2.51679e-18 2.80643e-18 2.59349e-18 2.87019e-18 2.66318e-18 2.9286e-18 2.72709e-18 2.98256e-18 2.78617e-18 3.03384e-18 2.84116e-18 3.08065e-18 2.89257e-18 3.12568e-18 2.94095e-18 3.16712e-18 2.98661e-18 3.20768e-18 3.02989e-18 3.24554e-18 3.07102e-18 3.28252e-18 3.11022e-18 3.3168e-18 3.14768e-18 3.35019e-18 3.18356e-18 3.38178e-18 3.21796e-18 3.41338e-18 3.25108e-18 3.44318e-18 3.28298e-18 3.47208e-18 3.31375e-18 3.49919e-18 3.34348e-18 3.52629e-18 3.37225e-18 3.55341e-18 3.40011e-18 3.57872e-18 3.42712e-18 3.60313e-18 3.45335e-18 3.62754e-18 3.47883e-18 3.65106e-18 3.50357e-18 3.67276e-18 3.52769e-18 3.69538e-18 3.5512e-18 3.71709e-18 3.57412e-18 3.7379e-18 3.59649e-18 3.75872e-18 3.61832e-18 3.77954e-18 3.63966e-18 3.79855e-18 3.66051e-18 3.81756e-18 3.68092e-18
1294.24 4.12254e-18 4.12254e-18 2.24918e-29 5.45582e-12 -4.09892e-08 1.12213e-18 8.25325e-19 1.32543e-18 1.0569e-18 1.55484e-18 1.31933e-18 1.70197e-18 1.4871e-18 1.81371e-18 1.61252e-18 1.90329e-18 1.7135e-18 1.97942e-18 1.79843e-18 2.04613e-18 1.87195e-18 2.10472e-18 1.93692e-18 2.15723e-18 1.99524e-18 2.20568e-18 2.04822e-18 2.25007e-18 2.0968e-18 2.29106e-18 2.14171e-18 2.33002e-18 2.1835e-18 2.36558e-18 2.22257e-18 2.39979e-18 2.25933e-18 2.43127e-18 2.29404e-18 2.46208e-18 2.32692e-18 2.49085e-18 2.35817e-18 2.51893e-18 2.38796e-18 2.54497e-18 2.41642e-18 2.57033e-18 2.44368e-18 2.59433e-18 2.46981e-18 2.61833e-18 2.49497e-18 2.64096e-18 2.5192e-18 2.66291e-18 2.54258e-18 2.68349e-18 2.56516e-18 2.70408e-18 2.58701e-18 2.72467e-18 2.60817e-18 2.74389e-18 2.62869e-18 2.76243e-18 2.64861e-18 2.78097e-18 2.66797e-18 2.79882e-18 2.68675e-18 2.81531e-18 2.70508e-18 2.83248e-18 2.72293e-18 2.84897e-18 2.74034e-18 2.86477e-18 2.75733e-18 2.88058e-18 2.77391e-18 2.89639e-18 2.79011e-18 2.91082e-18 2.80595e-18 2.92526e-18 2.82144e-18
1360.67 3.82067e-18 3.82067e-18 1.84169e-29 4.82034e-12 -1.05975e-07 8.69986e-19 6.42923e-19 1.02489e-18 8.19864e-19 1.19953e-18 1.01998e-18 1.31147e-18 1.14776e-18 1.39645e-18 1.24324e-18 1.46457e-18 1.32008e-18 1.52245e-18 1.38469e-18 1.57316e-18 1.44061e-18 1.6177e-18 1.49002e-18 1.6576e-18 1.53437e-18 1.69443e-18 1.57465e-18 1.72816e-18 1.61158e-18 1.75931e-18 1.64572e-18 1.78892e-18 1.67749e-18 1.81594e-18 1.70718e-18 1.84193e-18 1.73513e-18 1.86585e-18 1.7615e-18 1.88926e-18 1.78649e-18 1.91111e-18 1.81024e-18 1.93245e-18 1.83288e-18 1.95223e-18 1.8545e-18 1.9715e-18 1.87521e-18 1.98973e-18 1.89507e-18 2.00796e-18 1.91419e-18 2.02515e-18 1.9326e-18 2.04183e-18 1.95036e-18 2.05746e-18 1.96752e-18 2.0731e-18 1.98412e-18 2.08874e-18 2.00019e-18 2.10334e-18 2.01578e-18 2.11742e-18 2.03092e-18 2.1315e-18 2.04562e-18 2.14506e-18 2.05989e-18 2.15759e-18 2.07381e-18 2.17063e-18 2.08738e-18 2.18315e-18 2.1006e-18 2.19516e-18 2.1135e-18 2.20716e-18 2.1261e-18 2.21916e-18 2.13841e-18 2.23013e-18 2.15044e-18 2.24109e-18 2.16221e-18
1430.51 3.54386e-18 3.54386e-18 1.508e-29 4.25525e-12 -1.71517e-08 6.74268e-19 5.00551e-19 7.92344e-19 6.35771e-19 9.25353e-19 7.88424e-19 1.01056e-18 8.85794e-19 1.07523e-18 9.58513e-19 1.12706e-18 1.01702e-18 1.1711e-18 1.0662e-18 1.20967e-18 1.10876e-18 1.24355e-18 1.14635e-18 1.2739e-18 1.18009e-18 1.30191e-18 1.21074e-18 1.32756e-18 1.23884e-18 1.35125e-18 1.2648e-18 1.37376e-18 1.28897e-18 1.39431e-18 1.31155e-18 1.41407e-18 1.3328e-18 1.43226e-18 1.35286e-18 1.45005e-18 1.37186e-18 1.46667e-18 1.38992e-18 1.48289e-18 1.40714e-18 1.49793e-18 1.42358e-18 1.51257e-18 1.43933e-18 1.52643e-18 1.45443e-18 1.54029e-18 1.46896e-18 1.55336e-18 1.48296e-18 1.56604e-18 1.49647e-18 1.57792e-18 1.50951e-18 1.58981e-18 1.52213e-18 1.6017e-18 1.53435e-18 1.61279e-18 1.54621e-18 1.6235e-18 1.55771e-18 1.6342e-18 1.56889e-18 1.64451e-18 1.57974e-18 1.65403e-18 1.59032e-18 1.66394e-18 1.60063e-18 1.67346e-18 1.61068e-18 1.68258e-18 1.62049e-18 1.69171e-18 1.63007e-18 1.70083e-18 1.63942e-18 1.70916e-18 1.64857e-18 1.7175e-18 1.65751e-18
1503.94 3.28724e-18 3.28724e-18 1.23481e-29 3.75638e-12 -6.99419e-08 5.22025e-19 3.8921e-19 6.11999e-19 4.92489e-19 7.13277e-19 6.08888e-19 7.78129e-19 6.83063e-19 8.27335e-19 7.38433e-19 8.66765e-19 7.82965e-19 9.0026e-19 8.20394e-19 9.29597e-19 8.52778e-19 9.55361e-19 8.81383e-19 9.78443e-19 9.07051e-19 9.99738e-19 9.3036e-19 1.01924e-18 9.51733e-19 1.03725e-18 9.71482e-19 1.05437e-18 9.89859e-19 1.06999e-18 1.00704e-18 1.08502e-18 1.0232e-18 1.09884e-18 1.03845e-18 1.11237e-18 1.0529e-18 1.125e-18 1.06663e-18 1.13734e-18 1.07972e-18 1.14877e-18 1.09222e-18 1.1599e-18 1.1042e-18 1.17044e-18 1.11568e-18 1.18097e-18 1.12672e-18 1.19091e-18 1.13737e-18 1.20054e-18 1.14763e-18 1.20957e-18 1.15755e-18 1.21861e-18 1.16714e-18 1.22765e-18 1.17644e-18 1.23608e-18 1.18545e-18 1.24422e-18 1.19419e-18 1.25235e-18 1.20269e-18 1.26019e-18 1.21093e-18 1.26742e-18 1.21898e-18 1.27495e-18 1.22682e-18 1.28219e-18 1.23446e-18 1.28912e-18 1.24191e-18 1.29606e-18 1.24919e-18 1.30299e-18 1.2563e-18 1.30932e-18 1.26325e-18 1.31566e-18 1.27005e-18
1581.14 3.05257e-18 3.05257e-18 1.01109e-29 3.31226e-12 -7.52453e-08 4.04181e-19 3.02591e-19 4.72794e-19 3.81518e-19 5.49975e-19 4.70336e-19 5.99375e-19 5.26886e-19 6.36849e-19 5.69082e-19 6.66872e-19 6.03009e-19 6.92375e-19 6.31519e-19 7.14708e-19 6.56183e-19 7.34321e-19 6.77966e-19 7.51891e-19 6.9751e-19 7.68099e-19 7.15257e-19 7.82945e-19 7.31529e-19 7.96653e-19 7.46564e-19 8.09681e-19 7.60553e-19 8.21569e-19 7.73628e-19 8.33003e-19 7.85929e-19 8.43525e-19 7.97538e-19 8.53821e-19 8.08536e-19 8.63432e-19 8.18988e-19 8.72816e-19 8.28949e-19 8.81515e-19 8.38464e-19 8.89987e-19 8.47578e-19 8.98002e-19 8.56314e-19 9.06018e-19 8.64722e-19 9.13577e-19 8.72821e-19 9.20908e-19 8.80633e-19 9.27782e-19 8.8818e-19 9.34656e-19 8.9548e-19 9.41531e-19 9.02551e-19 9.47949e-19 9.09406e-19 9.54138e-19 9.16061e-19 9.60328e-19 9.22526e-19 9.66289e-19 9.28801e-19 9.71791e-19 9.34922e-19 9.77524e-19 9.40885e-19 9.83028e-19 9.46698e-19 9.88303e-19 9.5237e-19 9.93578e-19 9.57908e-19 9.98854e-19 9.63318e-19 1.00367e-18 9.68606e-19 1.00849e-18 9.7378e-19
1662.3 2.83394e-18 2.83394e-18 8.27984e-30 2.92168e-12 2.11759e-08 3.12553e-19 2.34912e-19 3.64847e-19 2.95183e-19 4.23635e-19 3.62914e-19 4.61248e-19 4.06005e-19 4.89774e-19 4.38144e-19 5.12626e-19 4.6398e-19 5.32034e-19 4.85686e-19 5.4903e-19 5.04462e-19 5.63954e-19 5.21043e-19 5.77322e-19 5.35919e-19 5.89655e-19 5.49425e-19 6.0095e-19 5.61808e-19 6.11379e-19 5.7325e-19 6.2129e-19 5.83895e-19 6.30334e-19 5.93843e-19 6.39033e-19 6.03203e-19 6.47037e-19 6.12036e-19 6.54869e-19 6.20404e-19 6.6218e-19 6.28355e-19 6.69318e-19 6.35934e-19 6.75935e-19 6.43173e-19 6.82379e-19 6.50106e-19 6.88476e-19 6.56752e-19 6.94573e-19 6.63149e-19 7.00322e-19 6.6931e-19 7.05898e-19 6.75252e-19 7.11127e-19 6.80993e-19 7.16355e-19 6.86546e-19 7.21584e-19 6.91924e-19 7.26465e-19 6.97139e-19 7.31173e-19 7.02201e-19 7.3588e-19 7.07119e-19 7.40414e-19 7.11892e-19 7.44599e-19 7.16547e-19 7.48959e-19 7.21083e-19 7.53145e-19 7.25504e-19 7.57156e-19 7.29819e-19 7.61168e-19 7.3403e-19 7.65181e-19 7.38145e-19 7.68844e-19 7.42168e-19 7.72508e-19 7.46102e-19
1747.63 2.63392e-18 2.63392e-18 6.77991e-30 2.57407e-12 7.3978e-08 2.41744e-19 1.82372e-19 2.81634e-19 2.28428e-19 3.26453e-19 2.80119e-19 3.55118e-19 3.12982e-19 3.76854e-19 3.37484e-19 3.94264e-19 3.57176e-19 4.0905e-19 3.73718e-19 4.21996e-19 3.88025e-19 4.33363e-19 4.00659e-19 4.43546e-19 4.11992e-19 4.52938e-19 4.22281e-19 4.6154e-19 4.31715e-19 4.69483e-19 4.4043e-19 4.77031e-19 4.48538e-19 4.83918e-19 4.56116e-19 4.90542e-19 4.63245e-19 4.96637e-19 4.69972e-19 5.02601e-19 4.76345e-19 5.08168e-19 4.82401e-19 5.13604e-19 4.88173e-19 5.18642e-19 4.93685e-19 5.23549e-19 4.98965e-19 5.28191e-19 5.04026e-19 5.32834e-19 5.08897e-19 5.37211e-19 5.13589e-19 5.41457e-19 5.18114e-19 5.45437e-19 5.22486e-19 5.49418e-19 5.26714e-19 5.534e-19 5.30809e-19 5.57116e-19 5.3478e-19 5.607e-19 5.38634e-19 5.64284e-19 5.42379e-19 5.67736e-19 5.46013e-19 5.70922e-19 5.49558e-19 5.74241e-19 5.53011e-19 5.77428e-19 5.56378e-19 5.80482e-19 5.59663e-19 5.83537e-19 5.62869e-19 5.86591e-19 5.66002e-19 5.89381e-19 5.69065e-19 5.9217e-19 5.72061e-19
1837.33 2.44834e-18 2.44834e-18 5.55178e-30 2.26757e-12 2.14832e-07 1.86838e-19 1.41452e-19 2.17262e-19 1.76635e-19 2.51429e-19 2.16078e-19 2.73274e-19 2.41138e-19 2.89836e-19 2.59817e-19 3.031e-19 2.74826e-19 3.14363e-19 2.87432e-19 3.24225e-19 2.98333e-19 3.32883e-19 3.07959e-19 3.40639e-19 3.16593e-19 3.47793e-19 3.24432e-19 3.54344e-19 3.31618e-19 3.60394e-19 3.38257e-19 3.66142e-19 3.44433e-19 3.71387e-19 3.50205e-19 3.76431e-19 3.55634e-19 3.81073e-19 3.60758e-19 3.85615e-19 3.65612e-19 3.89854e-19 3.70224e-19 3.93993e-19 3.7462e-19 3.9783e-19 3.78818e-19 4.01566e-19 3.82839e-19 4.05101e-19 3.86693e-19 4.08636e-19 3.90403e-19 4.11969e-19 3.93976e-19 4.15202e-19 3.97422e-19 4.18233e-19 4.00751e-19 4.21264e-19 4.03971e-19 4.24295e-19 4.07089e-19 4.27125e-19 4.10113e-19 4.29854e-19 4.13047e-19 4.32583e-19 4.15899e-19 4.35211e-19 4.18666e-19 4.37637e-19 4.21365e-19 4.40164e-19 4.23995e-19 4.4259e-19 4.26558e-19 4.44916e-19 4.2906e-19 4.47241e-19 4.31501e-19 4.49567e-19 4.33887e-19 4.51691e-19 4.36219e-19 4.53814e-19 4.385e-19
1931.64 2.27797e-18 2.27797e-18 4.54647e-30 1.99585e-12 -6.79063e-08 1.44418e-19 1.09706e-19 1.67639e-19 1.36599e-19 1.93705e-19 1.66716e-19 2.10366e-19 1.8584e-19 2.22995e-19 2.0009e-19 2.33109e-19 2.11538e-19 2.41696e-19 2.21152e-19 2.49215e-19 2.29466e-19 2.55815e-19 2.36805e-19 2.61728e-19 2.43389e-19 2.67181e-19 2.49365e-19 2.72175e-19 2.54844e-19 2.76786e-19 2.59905e-19 2.81167e-19 2.64614e-19 2.85165e-19 2.69014e-19 2.8901e-19 2.73153e-19 2.92548e-19 2.77059e-19 2.96009e-19 2.80758e-19 2.9924e-19 2.84274e-19 3.02395e-19 2.87624e-19 3.05319e-19 2.90825e-19 3.08166e-19 2.93889e-19 3.1086e-19 2.96827e-19 3.13554e-19 2.99654e-19 3.16095e-19 3.02377e-19 3.18558e-19 3.05004e-19 3.20868e-19 3.07541e-19 3.23178e-19 3.09995e-19 3.25488e-19 3.12372e-19 3.27645e-19 3.14676e-19 3.29724e-19 3.16913e-19 3.31804e-19 3.19086e-19 3.33806e-19 3.21195e-19 3.35655e-19 3.23252e-19 3.37581e-19 3.25256e-19 3.3943e-19 3.2721e-19 3.41202e-19 3.29116e-19 3.42974e-19 3.30977e-19 3.44747e-19 3.32795e-19 3.46365e-19 3.34572e-19 3.47983e-19 3.3631e-19
2030.79 2.11662e-18 2.11662e-18 3.72335e-30 1.7591e-12 6.59661e-08 1.11393e-19 8.48912e-20 1.2909e-19 1.05412e-19 1.48946e-19 1.28373e-19 1.61634e-19 1.42944e-19 1.71251e-19 1.538e-19 1.78951e-19 1.62519e-19 1.85489e-19 1.6984e-19 1.91212e-19 1.76171e-19 1.96237e-19 1.81759e-19 2.00738e-19 1.86772e-19 2.04889e-19 1.91322e-19 2.0869e-19 1.95493e-19 2.122e-19 1.99346e-19 2.15535e-19 2.0293e-19 2.18578e-19 2.0628e-19 2.21504e-19 2.0943e-19 2.24196e-19 2.12404e-19 2.26831e-19 2.1522e-19 2.2929e-19 2.17896e-19 2.31691e-19 2.20446e-19 2.33916e-19 2.22882e-19 2.36083e-19 2.25215e-19 2.38134e-19 2.2745e-19 2.40184e-19 2.29602e-19 2.42117e-19 2.31675e-19 2.43992e-19 2.33674e-19 2.4575e-19 2.35605e-19 2.47508e-19 2.37473e-19 2.49266e-19 2.39282e-19 2.50907e-19 2.41035e-19 2.5249e-19 2.42738e-19 2.54072e-19 2.44391e-19 2.55596e-19 2.45996e-19 2.57003e-19 2.47562e-19 2.58469e-19 2.49087e-19 2.59876e-19 2.50574e-19 2.61224e-19 2.52024e-19 2.62573e-19 2.53441e-19 2.63921e-19 2.54824e-19 2.65153e-19 2.56176e-19 2.66384e-19 2.57499e-19
2135.03 1.96218e-18 1.96218e-18 3.04888e-30 1.55383e-12 -2.85978e-07 8.56596e-20 6.54795e-20 9.9112e-20 8.10979e-20 1.142e-19 9.8558e-20 1.2384e-19 1.09633e-19 1.31145e-19 1.17882e-19 1.36994e-19 1.24507e-19 1.41959e-19 1.30069e-19 1.46306e-19 1.34878e-19 1.50122e-19 1.39123e-19 1.5354e-19 1.4293e-19 1.56692e-19 1.46386e-19 1.59579e-19 1.49554e-19 1.62244e-19 1.5248e-19 1.64776e-19 1.55202e-19 1.67087e-19 1.57746e-19 1.69309e-19 1.60138e-19 1.71353e-19 1.62396e-19 1.73353e-19 1.64535e-19 1.75221e-19 1.66567e-19 1.77044e-19 1.68503e-19 1.78733e-19 1.70353e-19 1.80379e-19 1.72124e-19 1.81935e-19 1.73822e-19 1.83492e-19 1.75456e-19 1.8496e-19 1.77029e-19 1.86383e-19 1.78547e-19 1.87718e-19 1.80013e-19 1.89053e-19 1.81432e-19 1.90387e-19 1.82805e-19 1.91633e-19 1.84137e-19 1.92835e-19 1.85429e-19 1.94036e-19 1.86685e-19 1.95193e-19 1.87903e-19 1.96261e-19 1.89092e-19 1.97374e-19 1.9025e-19 1.98442e-19 1.91379e-19 1.99466e-19 1.9248e-19 2.0049e-19 1.93555e-19 2.01514e-19 1.94606e-19 2.02448e-19 1.95632e-19 2.03383e-19 1.96637e-19
2244.63 1.81811e-18 1.81811e-18 2.4964e-30 1.37307e-12 1.14534e-08 6.57928e-20 5.0439e-20 7.60122e-20 6.23168e-20 8.74706e-20 7.5585e-20 9.47895e-20 8.39976e-20 1.00335e-19 9.02618e-20 1.04775e-19 9.52919e-20 1.08544e-19 9.9515e-20 1.11844e-19 1.03166e-19 1.1474e-19 1.06388e-19 1.17334e-19 1.09278e-19 1.19726e-19 1.11902e-19 1.21917e-19 1.14306e-19 1.2394e-19 1.16527e-19 1.25862e-19 1.18593e-19 1.27615e-19 1.20524e-19 1.29301e-19 1.2234e-19 1.30853e-19 1.24054e-19 1.32371e-19 1.25677e-19 1.33788e-19 1.27219e-19 1.35171e-19 1.28689e-19 1.36453e-19 1.30092e-19 1.37702e-19 1.31437e-19 1.38883e-19 1.32725e-19 1.40064e-19 1.33965e-19 1.41178e-19 1.35159e-19 1.42259e-19 1.36311e-19 1.43271e-19 1.37424e-19 1.44284e-19 1.385e-19 1.45297e-19 1.39542e-19 1.46242e-19 1.40553e-19 1.47154e-19 1.41533e-19 1.48066e-19 1.42486e-19 1.48944e-19 1.43411e-19 1.49754e-19 1.44313e-19 1.50598e-19 1.45192e-19 1.51409e-19 1.46048e-19 1.52186e-19 1.46884e-19 1.52962e-19 1.477e-19 1.53739e-19 1.48497e-19 1.54449e-19 1.49276e-19 1.55158e-19 1.50038e-19
2359.84 1.68524e-18 1.68524e-18 2.04411e-30 1.21295e-12 2.32714e-08 5.05189e-20 3.88364e-20 5.8284e-20 4.78705e-20 6.69878e-20 5.7955e-20 7.25462e-20 6.43464e-20 7.67575e-20 6.91048e-20 8.01287e-20 7.29252e-20 8.29906e-20 7.61323e-20 8.54957e-20 7.89048e-20 8.76947e-20 8.13518e-20 8.96641e-20 8.35464e-20 9.14804e-20 8.55382e-20 9.31436e-20 8.73639e-20 9.46791e-20 8.90502e-20 9.6138e-20 9.06189e-20 9.74691e-20 9.20846e-20 9.87492e-20 9.34633e-20 9.99271e-20 9.47643e-20 1.01079e-19 9.59965e-20 1.02155e-19 9.71673e-20 1.03205e-19 9.8283e-20 1.04178e-19 9.93486e-20 1.05126e-19 1.00369e-19 1.06023e-19 1.01347e-19 1.0692e-19 1.02289e-19 1.07765e-19 1.03195e-19 1.08585e-19 1.04069e-19 1.09354e-19 1.04914e-19 1.10122e-19 1.05731e-19 1.10891e-19 1.06522e-19 1.11609e-19 1.07289e-19 1.12301e-19 1.08034e-19 1.12993e-19 1.08757e-19 1.13659e-19 1.09459e-19 1.14274e-19 1.10144e-19 1.14915e-19 1.10811e-19 1.1553e-19 1.11461e-19 1.1612e-19 1.12095e-19 1.1671e-19 1.12714e-19 1.17299e-19 1.13319e-19 1.17838e-19 1.13911e-19 1.18376e-19 1.14489e-19
2480.97 1.56162e-18 1.56162e-18 1.67395e-30 1.07193e-12 -1.577e-07 3.87554e-20 2.98714e-20 4.46531e-20 3.6739e-20 5.1262e-20 4.44002e-20 5.54817e-20 4.92541e-20 5.86784e-20 5.28671e-20 6.12374e-20 5.57676e-20 6.34095e-20 5.82024e-20 6.53109e-20 6.03069e-20 6.69798e-20 6.21644e-20 6.84745e-20 6.38302e-20 6.9853e-20 6.5342e-20 7.11152e-20 6.67277e-20 7.22804e-20 6.80076e-20 7.33876e-20 6.91982e-20 7.43978e-20 7.03106e-20 7.53692e-20 7.13569e-20 7.6263e-20 7.23443e-20 7.71374e-20 7.32794e-20 7.79537e-20 7.41679e-20 7.87505e-20 7.50147e-20 7.94891e-20 7.58233e-20 8.02083e-20 7.65978e-20 8.08887e-20 7.734e-20 8.15691e-20 7.80543e-20 8.22107e-20 7.87423e-20 8.28329e-20 7.94058e-20 8.34162e-20 8.00468e-20 8.39995e-20 8.06667e-20 8.45829e-20 8.12671e-20 8.51274e-20 8.18491e-20 8.56525e-20 8.24141e-20 8.61776e-20 8.29629e-20 8.66832e-20 8.34956e-20 8.715e-20 8.40151e-20 8.76363e-20 8.45212e-20 8.81031e-20 8.50145e-20 8.85505e-20 8.54959e-20 8.89979e-20 8.59658e-20 8.94453e-20 8.64249e-20 8.98538e-20 8.68736e-20 9.02623e-20 8.73126e-20
2608.32 1.44719e-18 1.44719e-18 1.37063e-30 9.47102e-13 1.43167e-07 2.9716e-20 2.29611e-20 3.41951e-20 2.81811e-20 3.92131e-20 3.4001e-20 4.24166e-20 3.76871e-20 4.48432e-20 4.04303e-20 4.67856e-20 4.26324e-20 4.84343e-20 4.44808e-20 4.98774e-20 4.60784e-20 5.11441e-20 4.74884e-20 5.22785e-20 4.87527e-20 5.33247e-20 4.99003e-20 5.42826e-20 5.0952e-20 5.51669e-20 5.19235e-20 5.60072e-20 5.28271e-20 5.67738e-20 5.36714e-20 5.7511e-20 5.44655e-20 5.81893e-20 5.52148e-20 5.88529e-20 5.59245e-20 5.94723e-20 5.65989e-20 6.0077e-20 5.72414e-20 6.06375e-20 5.78551e-20 6.11833e-20 5.84429e-20 6.16996e-20 5.90061e-20 6.22159e-20 5.95483e-20 6.27028e-20 6.00703e-20 6.31749e-20 6.05739e-20 6.36176e-20 6.10603e-20 6.40602e-20 6.15307e-20 6.45029e-20 6.19863e-20 6.49161e-20 6.2428e-20 6.53145e-20 6.28567e-20 6.5713e-20 6.32732e-20 6.60967e-20 6.36774e-20 6.64509e-20 6.40717e-20 6.68199e-20 6.44557e-20 6.71741e-20 6.48301e-20 6.75136e-20 6.51954e-20 6.7853e-20 6.5552e-20 6.81925e-20 6.59003e-20 6.85025e-20 6.62408e-20 6.88125e-20 6.65739e-20
2742.21 1.34102e-18 1.34102e-18 1.1223e-30 8.369e-13 -1.03035e-07 2.27703e-20 1.76359e-20 2.61714e-20 2.16025e-20 2.99808e-20 2.60225e-20 3.24123e-20 2.88212e-20 3.42541e-20 3.09038e-20 3.57282e-20 3.25753e-20 3.69795e-20 3.39783e-20 3.80746e-20 3.51908e-20 3.90359e-20 3.6261e-20 3.98967e-20 3.72206e-20 4.06906e-20 3.80915e-20 4.14175e-20 3.88896e-20 4.20886e-20 3.96268e-20 4.27261e-20 4.03126e-20 4.33079e-20 4.09533e-20 4.38672e-20 4.15559e-20 4.43819e-20 4.21245e-20 4.48855e-20 4.26631e-20 4.53555e-20 4.31748e-20 4.58143e-20 4.36624e-20 4.62396e-20 4.4128e-20 4.66537e-20 4.4574e-20 4.70454e-20 4.50014e-20 4.74372e-20 4.54128e-20 4.78066e-20 4.58089e-20 4.81648e-20 4.6191e-20 4.85007e-20 4.65601e-20 4.88366e-20 4.6917e-20 4.91724e-20 4.72627e-20 4.94859e-20 4.75979e-20 4.97882e-20 4.79232e-20 5.00906e-20 4.82392e-20 5.03817e-20 4.85459e-20 5.06504e-20 4.8845e-20 5.09304e-20 4.91364e-20 5.11991e-20 4.94205e-20 5.14567e-20 4.96977e-20 5.17143e-20 4.99682e-20 5.19719e-20 5.02325e-20 5.22071e-20 5.04909e-20 5.24422e-20 5.07436e-20
2882.97 1.24274e-18 1.24274e-18 9.18879e-31 7.39395e-13 7.28756e-07 1.74403e-20 1.35382e-20 2.00228e-20 1.6552e-20 2.29147e-20 1.99088e-20 2.47604e-20 2.20337e-20 2.61583e-20 2.36147e-20 2.72771e-20 2.48835e-20 2.82267e-20 2.59484e-20 2.90578e-20 2.68688e-20 2.97873e-20 2.7681e-20 3.04406e-20 2.84093e-20 3.1043e-20 2.90702e-20 3.15947e-20 2.9676e-20 3.21039e-20 3.02355e-20 3.25877e-20 3.07559e-20 3.30292e-20 3.12421e-20 3.34536e-20 3.16994e-20 3.38442e-20 3.21309e-20 3.42263e-20 3.25396e-20 3.45829e-20 3.29279e-20 3.49311e-20 3.32979e-20 3.52538e-20 3.36513e-20 3.5568e-20 3.39897e-20 3.58653e-20 3.43141e-20 3.61626e-20 3.46262e-20 3.64429e-20 3.49268e-20 3.67147e-20 3.52167e-20 3.69695e-20 3.54968e-20 3.72244e-20 3.57677e-20 3.74792e-20 3.603e-20 3.77171e-20 3.62843e-20 3.79465e-20 3.65311e-20 3.81759e-20 3.67709e-20 3.83968e-20 3.70037e-20 3.86007e-20 3.72306e-20 3.88131e-20 3.74517e-20 3.9017e-20 3.76673e-20 3.92125e-20 3.78776e-20 3.94079e-20 3.80829e-20 3.96033e-20 3.82834e-20 3.97818e-20 3.84795e-20 3.99603e-20 3.86712e-20
3030.95 1.15178e-18 1.15178e-18 7.5241e-31 6.53259e-13 3.35819e-07 1.33526e-20 1.03872e-20 1.53135e-20 1.2677e-20 1.75089e-20 1.52263e-20 1.89099e-20 1.68396e-20 1.9971e-20 1.80398e-20 2.08201e-20 1.9003e-20 2.15409e-20 1.98113e-20 2.21716e-20 2.05099e-20 2.27253e-20 2.11264e-20 2.32211e-20 2.16792e-20 2.36783e-20 2.21808e-20 2.40969e-20 2.26406e-20 2.44834e-20 2.30652e-20 2.48505e-20 2.34601e-20 2.51855e-20 2.38291e-20 2.55077e-20 2.41762e-20 2.5804e-20 2.45037e-20 2.6094e-20 2.48138e-20 2.63646e-20 2.51085e-20 2.66288e-20 2.53893e-20 2.68737e-20 2.56575e-20 2.71122e-20 2.59143e-20 2.73378e-20 2.61605e-20 2.75633e-20 2.63973e-20 2.77761e-20 2.66255e-20 2.79823e-20 2.68455e-20 2.81757e-20 2.7058e-20 2.83691e-20 2.72636e-20 2.85625e-20 2.74626e-20 2.8743e-20 2.76556e-20 2.8917e-20 2.78429e-20 2.90911e-20 2.80249e-20 2.92587e-20 2.82015e-20 2.94135e-20 2.83737e-20 2.95747e-20 2.85415e-20 2.97294e-20 2.87051e-20 2.98777e-20 2.88647e-20 3.0026e-20 2.90204e-20 3.01743e-20 2.91726e-20 3.03097e-20 2.93214e-20 3.04451e-20 2.94669e-20
3186.53 1.06752e-18 1.06752e-18 6.16059e-31 5.77093e-13 4.76835e-07 1.02186e-20 7.96533e-21 1.17075e-20 9.70488e-21 1.33742e-20 1.16408e-20 1.44376e-20 1.28657e-20 1.5243e-20 1.37768e-20 1.58875e-20 1.4508e-20 1.64345e-20 1.51216e-20 1.69132e-20 1.56518e-20 1.73334e-20 1.61197e-20 1.77097e-20 1.65393e-20 1.80567e-20 1.692e-20 1.83744e-20 1.7269e-20 1.86677e-20 1.75912e-20 1.89463e-20 1.7891e-20 1.92005e-20 1.8171e-20 1.9445e-20 1.84344e-20 1.96699e-20 1.8683e-20 1.989e-20 1.89183e-20 2.00953e-20 1.9142e-20 2.02958e-20 1.93551e-20 2.04817e-20 1.95586e-20 2.06626e-20 1.97535e-20 2.08338e-20 1.99403e-20 2.1005e-20 2.01201e-20 2.11664e-20 2.02932e-20 2.13229e-20 2.04601e-20 2.14697e-20 2.06214e-20 2.16164e-20 2.07774e-20 2.17632e-20 2.09285e-20 2.19002e-20 2.10749e-20 2.20322e-20 2.12171e-20 2.21643e-20 2.13552e-20 2.22915e-20 2.14892e-20 2.2409e-20 2.16199e-20 2.25313e-20 2.17472e-20 2.26487e-20 2.18713e-20 2.27612e-20 2.19924e-20 2.28738e-20 2.21106e-20 2.29863e-20 2.22261e-20 2.3089e-20 2.2339e-20 2.31918e-20 2.24494e-20
3350.09 9.89337e-19 9.89337e-19 5.04401e-31 5.09837e-13 7.55119e-08 7.81602e-21 6.10425e-21 8.94628e-21 7.42547e-21 1.02113e-20 8.89534e-21 1.10184e-20 9.82517e-21 1.16296e-20 1.05168e-20 1.21188e-20 1.10717e-20 1.25339e-20 1.15374e-20 1.28972e-20 1.19398e-20 1.3216e-20 1.22949e-20 1.35016e-20 1.26133e-20 1.37649e-20 1.29022e-20 1.40059e-20 1.3167e-20 1.42285e-20 1.34116e-20 1.44399e-20 1.3639e-20 1.46328e-20 1.38515e-20 1.48183e-20 1.40514e-20 1.4989e-20 1.424e-20 1.5156e-20 1.44186e-20 1.53118e-20 1.45883e-20 1.54639e-20 1.475e-20 1.56049e-20 1.49045e-20 1.57422e-20 1.50523e-20 1.58721e-20 1.51941e-20 1.6002e-20 1.53305e-20 1.61245e-20 1.54618e-20 1.62433e-20 1.55885e-20 1.63546e-20 1.57109e-20 1.6466e-20 1.58293e-20 1.65773e-20 1.59439e-20 1.66812e-20 1.6055e-20 1.67815e-20 1.61629e-20 1.68817e-20 1.62677e-20 1.69782e-20 1.63693e-20 1.70673e-20 1.64685e-20 1.71601e-20 1.65651e-20 1.72492e-20 1.66593e-20 1.73346e-20 1.67512e-20 1.742e-20 1.68409e-20 1.75053e-20 1.69285e-20 1.75833e-20 1.70142e-20 1.76613e-20 1.7098e-20
3522.05 9.1653e-19 9.1653e-19 4.13055e-31 4.50672e-13 -1.45452e-07 5.97354e-21 4.67382e-21 6.83119e-21 5.67683e-21 7.79099e-21 6.79232e-21 8.4033e-21 7.49785e-21 8.86696e-21 8.02256e-21 9.238e-21 8.44357e-21 9.55288e-21 8.79684e-21 9.82846e-21 9.10212e-21 1.00703e-20 9.3715e-21 1.02869e-20 9.61302e-21 1.04866e-20 9.8322e-21 1.06695e-20 1.00331e-20 1.08383e-20 1.02186e-20 1.09987e-20 1.03911e-20 1.1145e-20 1.05523e-20 1.12857e-20 1.07039e-20 1.14151e-20 1.0847e-20 1.15418e-20 1.09825e-20 1.166e-20 1.11112e-20 1.17754e-20 1.12338e-20 1.18823e-20 1.1351e-20 1.19865e-20 1.14631e-20 1.2085e-20 1.15706e-20 1.21835e-20 1.16741e-20 1.22764e-20 1.17737e-20 1.23665e-20 1.18698e-20 1.24509e-20 1.19627e-20 1.25354e-20 1.20524e-20 1.26198e-20 1.21394e-20 1.26986e-20 1.22237e-20 1.27747e-20 1.23055e-20 1.28507e-20 1.23849e-20 1.29239e-20 1.24621e-20 1.29914e-20 1.25373e-20 1.30618e-20 1.26105e-20 1.31294e-20 1.2682e-20 1.31942e-20 1.27517e-20 1.32589e-20 1.28197e-20 1.33237e-20 1.28862e-20 1.33828e-20 1.29511e-20 1.34419e-20 1.30147e-20
3702.84 8.49415e-19 8.49415e-19 3.38179e-31 3.98132e-13 1.49468e-06 4.56535e-21 3.57823e-21 5.21635e-21 4.33988e-21 5.94481e-21 5.1867e-21 6.40949e-21 5.72221e-21 6.76135e-21 6.12045e-21 7.04291e-21 6.43996e-21 7.28186e-21 6.70806e-21 7.49097e-21 6.93973e-21 7.6745e-21 7.14415e-21 7.83884e-21 7.32743e-21 7.99038e-21 7.49375e-21 8.12914e-21 7.64617e-21 8.25722e-21 7.78693e-21 8.37891e-21 7.91786e-21 8.48994e-21 8.04018e-21 8.59669e-21 8.15522e-21 8.69491e-21 8.26377e-21 8.791e-21 8.36657e-21 8.88069e-21 8.46424e-21 8.96824e-21 8.55731e-21 9.0494e-21 8.64619e-21 9.12841e-21 8.73131e-21 9.20316e-21 8.81288e-21 9.27791e-21 8.89138e-21 9.34839e-21 8.96698e-21 9.41674e-21 9.03989e-21 9.48082e-21 9.11032e-21 9.5449e-21 9.17844e-21 9.60898e-21 9.2444e-21 9.66878e-21 9.30836e-21 9.72646e-21 9.37042e-21 9.78413e-21 9.43072e-21 9.83967e-21 9.48924e-21 9.89094e-21 9.54631e-21 9.94434e-21 9.60191e-21 9.99561e-21 9.65611e-21 1.00447e-20 9.70899e-21 1.00939e-20 9.76061e-21 1.0143e-20 9.81104e-21 1.01879e-20 9.86033e-21 1.02327e-20 9.90854e-21
3892.91 7.87218e-19 7.87218e-19 2.76876e-31 3.51715e-13 5.38533e-07 3.48782e-21 2.7382e-21 3.98195e-21 3.31652e-21 4.5348e-21 3.95934e-21 4.88744e-21 4.36579e-21 5.15444e-21 4.66802e-21 5.3681e-21 4.9105e-21 5.54942e-21 5.11395e-21 5.70809e-21 5.28975e-21 5.84735e-21 5.44488e-21 5.97205e-21 5.58396e-21 6.08704e-21 5.71017e-21 6.19232e-21 5.82582e-21 6.28951e-21 5.93264e-21 6.38185e-21 6.03198e-21 6.46609e-21 6.1248e-21 6.54709e-21 6.21209e-21 6.62162e-21 6.29445e-21 6.69452e-21 6.37246e-21 6.76257e-21 6.44657e-21 6.82901e-21 6.51718e-21 6.89058e-21 6.58462e-21 6.95053e-21 6.64921e-21 7.00725e-21 6.7111e-21 7.06396e-21 6.77066e-21 7.11744e-21 6.82803e-21 7.1693e-21 6.88335e-21 7.21792e-21 6.93679e-21 7.26653e-21 6.98847e-21 7.31515e-21 7.03852e-21 7.36053e-21 7.08704e-21 7.40429e-21 7.13414e-21 7.44805e-21 7.17989e-21 7.49019e-21 7.22429e-21 7.52909e-21 7.26759e-21 7.56961e-21 7.30978e-21 7.60851e-21 7.3509e-21 7.64578e-21 7.39102e-21 7.68306e-21 7.43018e-21 7.72034e-21 7.46845e-21 7.75438e-21 7.50584e-21 7.78842e-21 7.54243e-21
4092.73 7.29578e-19 7.29578e-19 2.26683e-31 3.10704e-13 -3.90444e-07 2.66367e-21 2.09445e-21 3.0387e-21 2.53353e-21 3.45826e-21 3.02147e-21 3.72586e-21 3.32994e-21 3.92847e-21 3.55931e-21 4.0906e-21 3.74332e-21 4.22818e-21 3.89771e-21 4.34858e-21 4.03112e-21 4.45425e-21 4.14883e-21 4.54887e-21 4.25437e-21 4.63612e-21 4.35013e-21 4.71601e-21 4.43789e-21 4.78975e-21 4.51894e-21 4.85981e-21 4.59432e-21 4.92372e-21 4.66475e-21 4.98518e-21 4.73098e-21 5.04173e-21 4.79348e-21 5.09705e-21 4.85266e-21 5.14868e-21 4.90889e-21 5.19909e-21 4.96248e-21 5.2458e-21 5.01365e-21 5.29129e-21 5.06265e-21 5.33432e-21 5.10961e-21 5.37736e-21 5.1548e-21 5.41793e-21 5.19833e-21 5.45727e-21 5.2403e-21 5.49416e-21 5.28085e-21 5.53105e-21 5.32006e-21 5.56794e-21 5.35804e-21 5.60237e-21 5.39485e-21 5.63557e-21 5.43059e-21 5.66877e-21 5.4653e-21 5.70074e-21 5.49899e-21 5.73025e-21 5.53184e-21 5.761e-21 5.56385e-21 5.79051e-21 5.59505e-21 5.81879e-21 5.62549e-21 5.84708e-21 5.6552e-21 5.87536e-21 5.68423e-21 5.90119e-21 5.71261e-21 5.92701e-21 5.74036e-21
4302.81 6.76164e-19 6.76164e-19 1.85587e-31 2.74471e-13 1.11762e-06 2.03359e-21 1.6014e-21 2.31822e-21 1.93474e-21 2.63662e-21 2.3051e-21 2.83969e-21 2.53921e-21 2.99343e-21 2.71327e-21 3.11645e-21 2.85291e-21 3.22085e-21 2.97007e-21 3.31221e-21 3.0713e-21 3.39239e-21 3.16062e-21 3.46418e-21 3.2407e-21 3.53038e-21 3.31336e-21 3.59099e-21 3.37995e-21 3.64695e-21 3.44145e-21 3.7001e-21 3.49865e-21 3.7486e-21 3.55209e-21 3.79523e-21 3.60234e-21 3.83814e-21 3.64976e-21 3.88011e-21 3.69467e-21 3.91928e-21 3.73734e-21 3.95753e-21 3.77799e-21 3.99297e-21 3.81682e-21 4.02749e-21 3.854e-21 4.06014e-21 3.88963e-21 4.09279e-21 3.92392e-21 4.12357e-21 3.95694e-21 4.15342e-21 3.98879e-21 4.18141e-21 4.01955e-21 4.2094e-21 4.04931e-21 4.23738e-21 4.07812e-21 4.26351e-21 4.10605e-21 4.2887e-21 4.13316e-21 4.31389e-21 4.1595e-21 4.33814e-21 4.18506e-21 4.36054e-21 4.20999e-21 4.38386e-21 4.23427e-21 4.40625e-21 4.25795e-21 4.42771e-21 4.28104e-21 4.44917e-21 4.30359e-21 4.47063e-21 4.32561e-21 4.49023e-21 4.34714e-21 4.50982e-21 4.3682e-21
4523.68 6.26658e-19 6.26658e-19 1.51944e-31 2.42468e-13 4.05275e-07 1.55204e-21 1.22392e-21 1.76806e-21 1.47697e-21 2.00967e-21 1.75806e-21 2.16376e-21 1.93573e-21 2.28042e-21 2.06782e-21 2.37377e-21 2.17378e-21 2.45298e-21 2.26268e-21 2.5223e-21 2.33949e-21 2.58314e-21 2.40727e-21 2.63761e-21 2.46803e-21 2.68784e-21 2.52317e-21 2.73383e-21 2.57369e-21 2.77628e-21 2.62035e-21 2.81661e-21 2.66375e-21 2.85341e-21 2.7043e-21 2.88879e-21 2.74243e-21 2.92134e-21 2.77841e-21 2.95319e-21 2.81248e-21 2.98291e-21 2.84485e-21 3.01193e-21 2.8757e-21 3.03882e-21 2.90516e-21 3.06501e-21 2.93337e-21 3.08978e-21 2.9604e-21 3.11455e-21 2.98642e-21 3.13791e-21 3.01148e-21 3.16055e-21 3.03564e-21 3.18179e-21 3.05898e-21 3.20302e-21 3.08155e-21 3.22426e-21 3.10342e-21 3.24408e-21 3.12461e-21 3.26319e-21 3.14518e-21 3.2823e-21 3.16516e-21 3.3007e-21 3.18455e-21 3.31769e-21 3.20347e-21 3.33539e-21 3.22189e-21 3.35238e-21 3.23985e-21 3.36866e-21 3.25738e-21 3.38494e-21 3.27448e-21 3.40122e-21 3.29119e-21 3.41609e-21 3.30753e-21 3.43095e-21 3.3235e-21
4755.88 5.80686e-19 5.80686e-19 1.24392e-31 2.14215e-13 8.39288e-07 1.18398e-21 9.34927e-22 1.34789e-21 1.12698e-21 1.53121e-21 1.34028e-21 1.64811e-21 1.47509e-21 1.73662e-21 1.5753e-21 1.80743e-21 1.6557e-21 1.86753e-21 1.72314e-21 1.92011e-21 1.78142e-21 1.96627e-21 1.83284e-21 2.00759e-21 1.87893e-21 2.0457e-21 1.92076e-21 2.08058e-21 1.95909e-21 2.11279e-21 1.99449e-21 2.14338e-21 2.02742e-21 2.1713e-21 2.05817e-21 2.19814e-21 2.0871e-21 2.22283e-21 2.1144e-21 2.24699e-21 2.14025e-21 2.26954e-21 2.1648e-21 2.29155e-21 2.1882e-21 2.31195e-21 2.21055e-21 2.33181e-21 2.23195e-21 2.3506e-21 2.25246e-21 2.3694e-21 2.2722e-21 2.38711e-21 2.2912e-21 2.4043e-21 2.30953e-21 2.4204e-21 2.32724e-21 2.43651e-21 2.34436e-21 2.45262e-21 2.36095e-21 2.46765e-21 2.37702e-21 2.48215e-21 2.39263e-21 2.49665e-21 2.40779e-21 2.51061e-21 2.4225e-21 2.5235e-21 2.43684e-21 2.53692e-21 2.45082e-21 2.54981e-21 2.46445e-21 2.56216e-21 2.47774e-21 2.57451e-21 2.49071e-21 2.58686e-21 2.50339e-21 2.59814e-21 2.51578e-21 2.60941e-21 2.5279e-21
5000 5.38175e-19 5.38175e-19 1.01841e-31 1.89234e-13 2.55372e-07 9.03091e-22 7.14031e-22 1.02747e-21 8.59807e-22 1.16658e-21 1.02168e-21 1.25528e-21 1.12398e-21 1.32244e-21 1.20003e-21 1.37617e-21 1.26103e-21 1.42177e-21 1.31221e-21 1.46167e-21 1.35642e-21 1.49668e-21 1.39544e-21 1.52804e-21 1.43041e-21 1.55695e-21 1.46215e-21 1.58342e-21 1.49124e-21 1.60785e-21 1.51809e-21 1.63107e-21 1.54307e-21 1.65224e-21 1.56641e-21 1.67261e-21 1.58836e-21 1.69134e-21 1.60907e-21 1.70967e-21 1.62868e-21 1.72678e-21 1.64731e-21 1.74348e-21 1.66507e-21 1.75896e-21 1.68202e-21 1.77403e-21 1.69826e-21 1.78829e-21 1.71382e-21 1.80254e-21 1.72879e-21 1.81599e-21 1.74321e-21 1.82902e-21 1.75712e-21 1.84124e-21 1.77055e-21 1.85346e-21 1.78355e-21 1.86568e-21 1.79613e-21 1.87709e-21 1.80833e-21 1.88809e-21 1.82017e-21 1.89909e-21 1.83167e-21 1.90968e-21 1.84283e-21 1.91946e-21 1.85371e-21 1.92964e-21 1.86432e-21 1.93942e-21 1.87465e-21 1.94879e-21 1.88474e-21 1.95816e-21 1.89458e-21 1.96753e-21 1.9042e-21 1.97609e-21 1.9136e-21 1.98464e-21 1.9228e-21
