# 0.00208343 0 105 : grain size, compostion index, size index
# Heating and cooling timescale: 9.60175e-08 inf
# Ratio of heating to cooling to determine stochastic cutoff: 100
# Equilibrium emission is recorded even for those grains in the stochastic regime.
# Emission spectrum was computed for: 
# Type: ISRF
# Scales: 0.0001 0.001 0.01 0.05 0.1 0.15 0.2 0.25 0.5 1 1.5 2 2.5 3 3.5 4 4.5 5 5.5 6 6.5 7 7.5 8 8.5 9 9.5 10 10.5 11 11.5 12 12.5 13 13.5 14 14.5 15 15.5 16 16.5 17 17.5 18 18.5 19 19.5 20 20.5 21 21.5 22 22.5 23 23.5 24 24.5 25 25.5 26 26.5 27 27.5 28 28.5 29 29.5 30
# StochasticallyHeated: 0 0 0 0 0 0 0 0 0 0 0 0 0 0 0 0 0 0 0 0 0 0 0 0 0 0 0 0 0 0 0 0 0 0 0 0 0 0 0 0 0 0 0 0 0 0 0 0 0 0 0 0 0 0 0 0 0 0 0 0 0 0 0 0 0 0 0 0
# Temperature: -1
# Wavelength  CExt  CAbs  CSca  Albedo G EqEm1 StEm1 EqEm2 StEm2 EqEm3 StEm3 EqEm4 StEm4 EqEm5 StEm5 EqEm6 StEm6 EqEm7 StEm7 EqEm8 StEm8 EqEm9 StEm9 EqEm10 StEm10 EqEm11 StEm11 EqEm12 StEm12 EqEm13 StEm13 EqEm14 StEm14 EqEm15 StEm15 EqEm16 StEm16 EqEm17 StEm17 EqEm18 StEm18 EqEm19 StEm19 EqEm20 StEm20 EqEm21 StEm21 EqEm22 StEm22 EqEm23 StEm23 EqEm24 StEm24 EqEm25 StEm25 EqEm26 StEm26 EqEm27 StEm27 EqEm28 StEm28 EqEm29 StEm29 EqEm30 StEm30 EqEm31 StEm31 EqEm32 StEm32 EqEm33 StEm33 EqEm34 StEm34 EqEm35 StEm35 EqEm36 StEm36 EqEm37 StEm37 EqEm38 StEm38 EqEm39 StEm39 EqEm40 StEm40 EqEm41 StEm41 EqEm42 StEm42 EqEm43 StEm43 EqEm44 StEm44 EqEm45 StEm45 EqEm46 StEm46 EqEm47 StEm47 EqEm48 StEm48 EqEm49 StEm49 EqEm50 StEm50 EqEm51 StEm51 EqEm52 StEm52 EqEm53 StEm53 EqEm54 StEm54 EqEm55 StEm55 EqEm56 StEm56 EqEm57 StEm57 EqEm58 StEm58 EqEm59 StEm59 EqEm60 StEm60 EqEm61 StEm61 EqEm62 StEm62 EqEm63 StEm63 EqEm64 StEm64 EqEm65 StEm65 EqEm66 StEm66 EqEm67 StEm67 EqEm68 StEm68
0.05 2.74045e-05 9.6737e-06 1.77308e-05 0.647004 0.85431 0 0 0 0 0 0 0 0 0 0 0 0 0 0 0 0 0 0 0 0 0 0 0 0 0 0 0 0 0 0 0 0 0 0 0 0 0 0 0 0 0 0 0 0 0 0 0 0 0 0 0 0 0 0 0 0 0 0 0 0 0 0 0 0 0 0 0 0 0 0 0 0 0 0 0 0 0 0 0 0 0 0 0 0 0 0 0 0 0 0 0 0 0 0 0 0 0 0 0 0 0 0 0 0 0 0 0 0 0 0 0 0 0 0 0 0 0 0 0 0 0 0 0 0 0 0 0 0 0 0 0 0 0 0 0 0
0.0525665 2.74105e-05 9.51748e-06 1.78931e-05 0.65278 0.841857 0 0 0 0 0 0 0 0 0 0 0 0 0 0 0 0 0 0 0 0 0 0 0 0 0 0 0 0 0 0 0 0 0 0 0 0 0 0 0 0 0 0 0 0 0 0 0 0 0 0 0 0 0 0 0 0 0 0 0 0 0 0 0 0 0 0 0 0 0 0 0 0 0 0 0 0 0 0 0 0 0 0 0 0 0 0 0 0 0 0 0 0 0 0 0 0 0 0 0 0 0 0 0 0 0 0 0 0 0 0 0 0 0 0 0 0 0 0 0 0 0 0 0 0 0 0 0 0 0 0 0 0 0 0 0 0
0.0552647 2.74169e-05 9.39965e-06 1.80172e-05 0.657158 0.831521 0 0 0 0 0 0 0 0 0 0 0 0 0 0 0 0 0 0 0 0 0 0 0 0 0 0 0 0 0 0 0 0 0 0 0 0 0 0 0 0 0 0 0 0 0 0 0 0 0 0 0 0 0 0 0 0 0 0 0 0 0 0 0 0 0 0 0 0 0 0 0 0 0 0 0 0 0 0 0 0 0 0 0 0 0 0 0 0 0 0 0 0 0 0 0 0 0 0 0 0 0 0 0 0 0 0 0 0 0 0 0 0 0 0 0 0 0 0 0 0 0 0 0 0 0 0 0 0 0 0 0 0 0 0 0 0
0.0581015 2.74227e-05 9.34675e-06 1.8076e-05 0.659161 0.825184 0 0 0 0 0 0 0 0 0 0 0 0 0 0 0 0 0 0 0 0 0 0 0 0 0 0 0 0 0 0 0 0 0 0 0 0 0 0 0 0 0 0 0 0 0 0 0 0 0 0 0 0 0 0 0 0 0 0 0 0 0 0 0 0 0 0 0 0 0 0 0 0 0 0 0 0 0 0 0 0 0 0 0 0 0 0 0 0 0 0 0 0 0 0 0 0 0 0 0 0 0 0 0 0 0 0 0 0 0 0 0 0 0 0 0 0 0 0 0 0 0 0 0 0 0 0 0 0 0 0 0 0 0 0 0 0
0.0610839 2.74285e-05 9.21471e-06 1.82138e-05 0.664047 0.816453 0 0 0 0 0 0 0 0 0 0 0 0 0 0 0 0 0 0 0 0 0 0 0 0 0 0 0 0 0 0 0 0 0 0 0 0 0 0 0 0 0 0 0 0 0 0 0 0 0 0 0 0 0 0 0 0 0 0 0 0 0 0 0 0 0 0 0 0 0 0 0 0 0 0 0 0 0 0 0 0 0 0 0 0 0 0 0 0 0 0 0 0 0 0 0 0 0 0 0 0 0 0 0 0 0 0 0 0 0 0 0 0 0 0 0 0 0 0 0 0 0 0 0 0 0 0 0 0 0 0 0 0 0 0 0 0
0.0642193 2.74357e-05 8.8851e-06 1.85506e-05 0.676148 0.79823 0 0 0 0 0 0 0 0 0 0 0 0 0 0 0 0 0 0 0 0 0 0 0 0 0 0 0 0 0 0 0 0 0 0 0 0 0 0 0 0 0 0 0 0 0 0 0 0 0 0 0 0 0 0 0 0 0 0 0 0 0 0 0 0 0 0 0 0 0 0 0 0 0 0 0 0 0 0 0 0 0 0 0 0 0 0 0 0 0 0 0 0 0 0 0 0 0 0 0 0 0 0 0 0 0 0 0 0 0 0 0 0 0 0 0 0 0 0 0 0 0 0 0 0 0 0 0 0 0 0 0 0 0 0 0 0
0.0675157 2.74444e-05 8.55827e-06 1.88861e-05 0.688159 0.778324 0 0 0 0 0 0 0 0 0 0 0 0 0 0 0 0 0 0 0 0 0 0 0 0 0 0 0 0 0 0 0 0 0 0 0 0 0 0 0 0 0 0 0 0 0 0 0 0 0 0 0 0 0 0 0 0 0 0 0 0 0 0 0 0 0 0 0 0 0 0 0 0 0 0 0 0 0 0 0 0 0 0 0 0 0 0 0 0 0 0 0 0 0 0 0 0 0 0 0 0 0 0 0 0 0 0 0 0 0 0 0 0 0 0 0 0 0 0 0 0 0 0 0 0 0 0 0 0 0 0 0 0 0 0 0 0
0.0709813 2.74535e-05 8.52751e-06 1.8926e-05 0.689384 0.771241 0 0 0 0 0 0 0 0 0 0 0 0 0 0 0 0 0 0 0 0 0 0 0 0 0 0 0 0 0 0 0 0 0 0 0 0 0 0 0 0 0 0 0 0 0 0 0 0 0 0 0 0 0 0 0 0 0 0 0 0 0 0 0 0 0 0 0 0 0 0 0 0 0 0 0 0 0 0 0 0 0 0 0 0 0 0 0 0 0 0 0 0 0 0 0 0 0 0 0 0 0 0 0 0 0 0 0 0 0 0 0 0 0 0 0 0 0 0 0 0 0 0 0 0 0 0 0 0 0 0 0 0 0 0 0 0
0.0746248 2.74628e-05 8.65981e-06 1.8803e-05 0.684671 0.772609 0 0 0 0 0 0 0 0 0 0 0 0 0 0 0 0 0 0 0 0 0 0 0 0 0 0 0 0 0 0 0 0 0 0 0 0 0 0 0 0 0 0 0 0 0 0 0 0 0 0 0 0 0 0 0 0 0 0 0 0 0 0 0 0 0 0 0 0 0 0 0 0 0 0 0 0 0 0 0 0 0 0 0 0 0 0 0 0 0 0 0 0 0 0 0 0 0 0 0 0 0 0 0 0 0 0 0 0 0 0 0 0 0 0 0 0 0 0 0 0 0 0 0 0 0 0 0 0 0 0 0 0 0 0 0 0
0.0784553 2.74719e-05 8.84337e-06 1.86286e-05 0.678094 0.777518 0 0 0 0 0 0 0 0 0 0 0 0 0 0 0 0 0 0 0 0 0 0 0 0 0 0 0 0 0 0 0 0 0 0 0 0 0 0 0 0 0 0 0 0 0 0 0 0 0 0 0 0 0 0 0 0 0 0 0 0 0 0 0 0 0 0 0 0 0 0 0 0 0 0 0 0 0 0 0 0 0 0 0 0 0 0 0 0 0 0 0 0 0 0 0 0 0 0 0 0 0 0 0 0 0 0 0 0 0 0 0 0 0 0 0 0 0 0 0 0 0 0 0 0 0 0 0 0 0 0 0 0 0 0 0 0
0.0824824 2.7481e-05 9.05283e-06 1.84281e-05 0.670578 0.783399 0 0 0 0 0 0 0 0 0 0 0 0 0 0 0 0 0 0 0 0 0 0 0 0 0 0 0 0 0 0 0 0 0 0 0 0 0 0 0 0 0 0 0 0 0 0 0 0 0 0 0 0 0 0 0 0 0 0 0 0 0 0 0 0 0 0 0 0 0 0 0 0 0 0 0 0 0 0 0 0 0 0 0 0 0 0 0 0 0 0 0 0 0 0 0 0 0 0 0 0 0 0 0 0 0 0 0 0 0 0 0 0 0 0 0 0 0 0 0 0 0 0 0 0 0 0 0 0 0 0 0 0 0 0 0 0
0.0867162 2.74903e-05 9.10394e-06 1.83864e-05 0.668831 0.782295 0 0 0 0 0 0 0 0 0 0 0 0 0 0 0 0 0 0 0 0 0 0 0 0 0 0 0 0 0 0 0 0 0 0 0 0 0 0 0 0 0 0 0 0 0 0 0 0 0 0 0 0 0 0 0 0 0 0 0 0 0 0 0 0 0 0 0 0 0 0 0 0 0 0 0 0 0 0 0 0 0 0 0 0 0 0 0 0 0 0 0 0 0 0 0 0 0 0 0 0 0 0 0 0 0 0 0 0 0 0 0 0 0 0 0 0 0 0 0 0 0 0 0 0 0 0 0 0 0 0 0 0 0 0 0 0
0.0911674 2.75005e-05 9.06518e-06 1.84353e-05 0.670363 0.777174 0 0 0 0 0 0 0 0 0 0 0 0 0 0 0 0 0 0 0 0 0 0 0 0 0 0 0 0 0 0 0 0 0 0 0 0 0 0 0 0 0 0 0 0 0 0 0 0 0 0 0 0 0 0 0 0 0 0 0 0 0 0 0 0 0 0 0 0 0 0 0 0 0 0 0 0 0 0 0 0 0 0 0 0 0 0 0 0 0 0 0 0 0 0 0 0 0 0 0 0 0 0 0 0 0 0 0 0 0 0 0 0 0 0 0 0 0 0 0 0 0 0 0 0 0 0 0 0 0 0 0 0 0 0 0 0
0.095847 2.7511e-05 9.10776e-06 1.84033e-05 0.668942 0.775437 0 0 0 0 0 0 0 0 0 0 0 0 0 0 0 0 0 0 0 0 0 0 0 0 0 0 0 0 0 0 0 0 0 0 0 0 0 0 0 0 0 0 0 0 0 0 0 0 0 0 0 0 0 0 0 0 0 0 0 0 0 0 0 0 0 0 0 0 0 0 0 0 0 0 0 0 0 0 0 0 0 0 0 0 0 0 0 0 0 0 0 0 0 0 0 0 0 0 0 0 0 0 0 0 0 0 0 0 0 0 0 0 0 0 0 0 0 0 0 0 0 0 0 0 0 0 0 0 0 0 0 0 0 0 0 0
0.100767 2.75193e-05 9.43163e-06 1.80877e-05 0.657273 0.786868 0 0 0 0 0 0 0 0 0 0 0 0 0 0 0 0 0 0 0 0 0 0 0 0 0 0 0 0 0 0 0 0 0 0 0 0 0 0 0 0 0 0 0 0 0 0 0 0 0 0 0 0 0 0 0 0 0 0 0 0 0 0 0 0 0 0 0 0 0 0 0 0 0 0 0 0 0 0 0 0 0 0 0 0 0 0 0 0 0 0 0 0 0 0 0 0 0 0 0 0 0 0 0 0 0 0 0 0 0 0 0 0 0 0 0 0 0 0 0 0 0 0 0 0 0 0 0 0 0 0 0 0 0 0 0 0
0.105939 2.75259e-05 9.75631e-06 1.77696e-05 0.645559 0.801478 0 0 0 0 0 0 0 0 0 0 0 0 0 0 0 0 0 0 0 0 0 0 0 0 0 0 0 0 0 0 0 0 0 0 0 0 0 0 0 0 0 0 0 0 0 0 0 0 0 0 0 0 0 0 0 0 0 0 0 0 0 0 0 0 0 0 0 0 0 0 0 0 0 0 0 0 0 0 0 0 0 0 0 0 0 0 0 0 0 0 0 0 0 0 0 0 0 0 0 0 0 0 0 0 0 0 0 0 0 0 0 0 0 0 0 0 0 0 0 0 0 0 0 0 0 0 0 0 0 0 0 0 0 0 0 0
0.111377 2.7529e-05 1.03453e-05 1.71838e-05 0.624205 0.829394 0 0 0 0 0 0 0 0 0 0 0 0 0 0 0 0 0 0 0 0 0 0 0 0 0 0 0 0 0 0 0 0 0 0 0 0 0 0 0 0 0 0 0 0 0 0 0 0 0 0 0 0 0 0 0 0 0 0 0 0 0 0 0 0 0 0 0 0 0 0 0 0 0 0 0 0 0 0 0 0 0 0 0 0 0 0 0 0 0 0 0 0 0 0 0 0 0 0 0 0 0 0 0 0 0 0 0 0 0 0 0 0 0 0 0 0 0 0 0 0 0 0 0 0 0 0 0 0 0 0 0 0 0 0 0 0
0.117094 2.75308e-05 1.09501e-05 1.65807e-05 0.602261 0.861635 0 0 0 0 0 0 0 0 0 0 0 0 0 0 0 0 0 0 0 0 0 0 0 0 0 0 0 0 0 0 0 0 0 0 0 0 0 0 0 0 0 0 0 0 0 0 0 0 0 0 0 0 0 0 0 0 0 0 0 0 0 0 0 0 0 0 0 0 0 0 0 0 0 0 0 0 0 0 0 0 0 0 0 0 0 0 0 0 0 0 0 0 0 0 0 0 0 0 0 0 0 0 0 0 0 0 0 0 0 0 0 0 0 0 0 0 0 0 0 0 0 0 0 0 0 0 0 0 0 0 0 0 0 0 0 0
0.123105 2.7536e-05 1.1341e-05 1.6195e-05 0.588139 0.884206 0 0 0 0 0 0 0 0 0 0 0 0 0 0 0 0 0 0 0 0 0 0 0 0 0 0 0 0 0 0 0 0 0 0 0 0 0 0 0 0 0 0 0 0 0 0 0 0 0 0 0 0 0 0 0 0 0 0 0 0 0 0 0 0 0 0 0 0 0 0 0 0 0 0 0 0 0 0 0 0 0 0 0 0 0 0 0 0 0 0 0 0 0 0 0 0 0 0 0 0 0 0 0 0 0 0 0 0 0 0 0 0 0 0 0 0 0 0 0 0 0 0 0 0 0 0 0 0 0 0 0 0 0 0 0 0
0.129424 2.75426e-05 1.16734e-05 1.58692e-05 0.576169 0.904118 0 0 0 0 0 0 0 0 0 0 0 0 0 0 0 0 0 0 0 0 0 0 0 0 0 0 0 0 0 0 0 0 0 0 0 0 0 0 0 0 0 0 0 0 0 0 0 0 0 0 0 0 0 0 0 0 0 0 0 0 0 0 0 0 0 0 0 0 0 0 0 0 0 0 0 0 0 0 0 0 0 0 0 0 0 0 0 0 0 0 0 0 0 0 0 0 0 0 0 0 0 0 0 0 0 0 0 0 0 0 0 0 0 0 0 0 0 0 0 0 0 0 0 0 0 0 0 0 0 0 0 0 0 0 0 0
0.136067 2.75494e-05 1.19396e-05 1.56098e-05 0.56661 0.920267 0 0 0 0 0 0 0 0 0 0 0 0 0 0 0 0 0 0 0 0 0 0 0 0 0 0 0 0 0 0 0 0 0 0 0 0 0 0 0 0 0 0 0 0 0 0 0 0 0 0 0 0 0 0 0 0 0 0 0 0 0 0 0 0 0 0 0 0 0 0 0 0 0 0 0 0 0 0 0 0 0 0 0 0 0 0 0 0 0 0 0 0 0 0 0 0 0 0 0 0 0 0 0 0 0 0 0 0 0 0 0 0 0 0 0 0 0 0 0 0 0 0 0 0 0 0 0 0 0 0 0 0 0 0 0 0
0.143051 2.7555e-05 1.21465e-05 1.54085e-05 0.55919 0.932866 0 0 0 0 0 0 0 0 0 0 0 0 0 0 0 0 0 0 0 0 0 0 0 0 0 0 0 0 0 0 0 0 0 0 0 0 0 0 0 0 0 0 0 0 0 0 0 0 0 0 0 0 0 0 0 0 0 0 0 0 0 0 0 0 0 0 0 0 0 0 0 0 0 0 0 0 0 0 0 0 0 0 0 0 0 0 0 0 0 0 0 0 0 0 0 0 0 0 0 0 0 0 0 0 0 0 0 0 0 0 0 0 0 0 0 0 0 0 0 0 0 0 0 0 0 0 0 0 0 0 0 0 0 0 0 0
0.150394 2.75581e-05 1.22636e-05 1.52945e-05 0.554992 0.940989 0 0 0 0 0 0 0 0 0 0 0 0 0 0 0 0 0 0 0 0 0 0 0 0 0 0 0 0 0 0 0 0 0 0 0 0 0 0 0 0 0 0 0 0 0 0 0 0 0 0 0 0 0 0 0 0 0 0 0 0 0 0 0 0 0 0 0 0 0 0 0 0 0 0 0 0 0 0 0 0 0 0 0 0 0 0 0 0 0 0 0 0 0 0 0 0 0 0 0 0 0 0 0 0 0 0 0 0 0 0 0 0 0 0 0 0 0 0 0 0 0 0 0 0 0 0 0 0 0 0 0 0 0 0 0 0
0.158114 2.7561e-05 1.2221e-05 1.534e-05 0.556583 0.941877 0 0 0 0 0 0 0 0 0 0 0 0 0 0 0 0 0 0 0 0 0 0 0 0 0 0 0 0 0 0 0 0 0 0 0 0 0 0 0 0 0 0 0 0 0 0 0 0 0 0 0 0 0 0 0 0 0 0 0 0 0 0 0 0 0 0 0 0 0 0 0 0 0 0 0 0 0 0 0 0 0 0 0 0 0 0 0 0 0 0 0 0 0 0 0 0 0 0 0 0 0 0 0 0 0 0 0 0 0 0 0 0 0 0 0 0 0 0 0 0 0 0 0 0 0 0 0 0 0 0 0 0 0 0 0 0
0.16623 2.75687e-05 1.19304e-05 1.56383e-05 0.567249 0.931131 0 0 0 0 0 0 0 0 0 0 0 0 0 0 0 0 0 0 0 0 0 0 0 0 0 0 0 0 0 0 0 0 0 0 0 0 0 0 0 0 0 0 0 0 0 0 0 0 0 0 0 0 0 0 0 0 0 0 0 0 0 0 0 0 0 0 0 0 0 0 0 0 0 0 0 0 0 0 0 0 0 0 0 0 0 0 0 0 0 0 0 0 0 0 0 0 0 0 0 0 0 0 0 0 0 0 0 0 0 0 0 0 0 0 0 0 0 0 0 0 0 0 0 0 0 0 0 0 0 0 0 0 0 0 0 0
0.174762 2.75837e-05 1.13596e-05 1.6224e-05 0.588176 0.904767 0 0 0 0 0 0 0 0 0 0 0 0 0 0 0 0 0 0 0 0 0 0 0 0 0 0 0 0 0 0 0 0 0 0 0 0 0 0 0 0 0 0 0 0 0 0 0 0 0 0 0 0 0 0 0 0 0 0 0 0 0 0 0 0 0 0 0 0 0 0 0 0 0 0 0 0 0 0 0 0 0 0 0 0 0 0 0 0 0 0 0 0 0 0 0 0 0 0 0 0 0 0 0 0 0 0 0 0 0 0 0 0 0 0 0 0 0 0 0 0 0 0 0 0 0 0 0 0 0 0 0 0 0 0 0 0
0.183733 2.76018e-05 1.06419e-05 1.69599e-05 0.614449 0.869156 0 0 0 0 0 0 0 0 0 0 0 0 0 0 0 0 0 0 0 0 0 0 0 0 0 0 0 0 0 0 0 0 0 0 0 0 0 0 0 0 0 0 0 0 0 0 0 0 0 0 0 0 0 0 0 0 0 0 0 0 0 0 0 0 0 0 0 0 0 0 0 0 0 0 0 0 0 0 0 0 0 0 0 0 0 0 0 0 0 0 0 0 0 0 0 0 0 0 0 0 0 0 0 0 0 0 0 0 0 0 0 0 0 0 0 0 0 0 0 0 0 0 0 0 0 0 0 0 0 0 0 0 0 0 0 0
0.193164 2.76218e-05 9.89725e-06 1.77245e-05 0.641687 0.832504 0 0 0 0 0 0 0 0 0 0 0 0 0 0 0 0 0 0 0 0 0 0 0 0 0 0 0 0 0 0 0 0 0 0 0 0 0 0 0 0 0 0 0 0 0 0 0 0 0 0 0 0 0 0 0 0 0 0 0 0 0 0 0 0 0 0 0 0 0 0 0 0 0 0 0 0 0 0 0 0 0 0 0 0 0 0 0 0 0 0 0 0 0 0 0 0 0 0 0 0 0 0 0 0 0 0 0 0 0 0 0 0 0 0 0 0 0 0 0 0 0 0 0 0 0 0 0 0 0 0 0 0 0 0 0 0
0.203079 2.76431e-05 9.25126e-06 1.83918e-05 0.665332 0.802217 0 0 0 0 0 0 0 0 0 0 0 0 0 0 0 0 0 0 0 0 0 0 0 0 0 0 0 0 0 0 0 0 0 0 0 0 0 0 0 0 0 0 0 0 0 0 0 0 0 0 0 0 0 0 0 0 0 0 0 0 0 0 0 0 0 0 0 0 0 0 0 0 0 0 0 0 0 0 0 0 0 0 0 0 0 0 0 0 0 0 0 0 0 0 0 0 0 0 0 0 0 0 0 0 0 0 0 0 0 0 0 0 0 0 0 0 0 0 0 0 0 0 0 0 0 0 0 0 0 0 0 0 0 0 0 0
0.213503 2.7666e-05 8.69769e-06 1.89683e-05 0.685618 0.77758 0 0 0 0 0 0 0 0 0 0 0 0 0 0 0 0 0 0 0 0 0 0 0 0 0 0 0 0 0 0 0 0 0 0 0 0 0 0 0 0 0 0 0 0 0 0 0 0 0 0 0 0 0 0 0 0 0 0 0 0 0 0 0 0 0 0 0 0 0 0 0 0 0 0 0 0 0 0 0 0 0 0 0 0 0 0 0 0 0 0 0 0 0 0 0 0 0 0 0 0 0 0 0 0 0 0 0 0 0 0 0 0 0 0 0 0 0 0 0 0 0 0 0 0 0 0 0 0 0 0 0 0 0 0 0 0
0.224463 2.76922e-05 8.33178e-06 1.93604e-05 0.699129 0.760553 0 0 0 0 0 0 0 0 0 0 0 0 0 0 0 0 0 0 0 0 0 0 0 0 0 0 0 0 0 0 0 0 0 0 0 0 0 0 0 0 0 0 0 0 0 0 0 0 0 0 0 0 0 0 0 0 0 0 0 0 0 0 0 0 0 0 0 0 0 0 0 0 0 0 0 0 0 0 0 0 0 0 0 0 0 0 0 0 0 0 0 0 0 0 0 0 0 0 0 0 0 0 0 0 0 0 0 0 0 0 0 0 0 0 0 0 0 0 0 0 0 0 0 0 0 0 0 0 0 0 0 0 0 0 0 0
0.235984 2.77214e-05 8.12876e-06 1.95926e-05 0.706769 0.749096 0 0 0 0 0 0 0 0 0 0 0 0 0 0 0 0 0 0 0 0 0 0 0 0 0 0 0 0 0 0 0 0 0 0 0 0 0 0 0 0 0 0 0 0 0 0 0 0 0 0 0 0 0 0 0 0 0 0 0 0 0 0 0 0 0 0 0 0 0 0 0 0 0 0 0 0 0 0 0 0 0 0 0 0 0 0 0 0 0 0 0 0 0 0 0 0 0 0 0 0 0 0 0 0 0 0 0 0 0 0 0 0 0 0 0 0 0 0 0 0 0 0 0 0 0 0 0 0 0 0 0 0 0 0 0 0
0.248097 2.77524e-05 8.17643e-06 1.95759e-05 0.705379 0.745377 0 0 0 0 0 0 0 0 0 0 0 0 0 0 0 0 0 0 0 0 0 0 0 0 0 0 0 0 0 0 0 0 0 0 0 0 0 0 0 0 0 0 0 0 0 0 0 0 0 0 0 0 0 0 0 0 0 0 0 0 0 0 0 0 0 0 0 0 0 0 0 0 0 0 0 0 0 0 0 0 0 0 0 0 0 0 0 0 0 0 0 0 0 0 0 0 0 0 0 0 0 0 0 0 0 0 0 0 0 0 0 0 0 0 0 0 0 0 0 0 0 0 0 0 0 0 0 0 0 0 0 0 0 0 0 0
0.260832 2.7779e-05 8.38426e-06 1.93947e-05 0.69818 0.747508 0 0 0 0 0 0 0 0 0 0 0 0 0 0 0 0 0 0 0 0 0 0 0 0 0 0 0 0 0 0 0 0 0 0 0 0 0 0 0 0 0 0 0 0 0 0 0 0 0 0 0 0 0 0 0 0 0 0 0 0 0 0 0 0 0 0 0 0 0 0 0 0 0 0 0 0 0 0 0 0 0 0 0 0 0 0 0 0 0 0 0 0 0 0 0 0 0 0 0 0 0 0 0 0 0 0 0 0 0 0 0 0 0 0 0 0 0 0 0 0 0 0 0 0 0 0 0 0 0 0 0 0 0 0 0 0
0.274221 2.77993e-05 8.63248e-06 1.91668e-05 0.689471 0.751678 0 0 0 0 0 0 0 0 0 0 0 0 0 0 0 0 0 0 0 0 0 0 0 0 0 0 0 0 0 0 0 0 0 0 0 0 0 0 0 0 0 0 0 0 0 0 0 0 0 0 0 0 0 0 0 0 0 0 0 0 0 0 0 0 0 0 0 0 0 0 0 0 0 0 0 0 0 0 0 0 0 0 0 0 0 0 0 0 0 0 0 0 0 0 0 0 0 0 0 0 0 0 0 0 0 0 0 0 0 0 0 0 0 0 0 0 0 0 0 0 0 0 0 0 0 0 0 0 0 0 0 0 0 0 0 0
0.288297 2.781e-05 8.95332e-06 1.88566e-05 0.678053 0.761072 0 0 0 0 0 0 0 0 0 0 0 0 0 0 0 0 0 0 0 0 0 0 0 0 0 0 0 0 0 0 0 0 0 0 0 0 0 0 0 0 0 0 0 0 0 0 0 0 0 0 0 0 0 0 0 0 0 0 0 0 0 0 0 0 0 0 0 0 0 0 0 0 0 0 0 0 0 0 0 0 0 0 0 0 0 0 0 0 0 0 0 0 0 0 0 0 0 0 0 0 0 0 0 0 0 0 0 0 0 0 0 0 0 0 0 0 0 0 0 0 0 0 0 0 0 0 0 0 0 0 0 0 0 0 0 0
0.303095 2.78211e-05 9.17369e-06 1.86474e-05 0.670262 0.76824 0 0 0 0 0 0 0 0 0 0 0 0 0 0 0 0 0 0 0 0 0 0 0 0 0 0 0 0 0 0 0 0 0 0 0 0 0 0 0 0 0 0 0 0 0 0 0 0 0 0 0 0 0 0 0 0 0 0 0 0 0 0 0 0 0 0 0 0 0 0 0 0 0 0 0 0 0 0 0 0 0 0 0 0 0 0 0 0 0 0 0 0 0 0 0 0 0 0 0 0 0 0 0 0 0 0 0 0 0 0 0 0 0 0 0 0 0 0 0 0 0 0 0 0 0 0 0 0 0 0 0 0 0 0 0 0
0.318653 2.78328e-05 9.35363e-06 1.84792e-05 0.663935 0.774546 0 0 0 0 0 0 0 0 0 0 0 0 0 0 0 0 0 0 0 0 0 0 0 0 0 0 0 0 0 0 0 0 0 0 0 0 0 0 0 0 0 0 0 0 0 0 0 0 0 0 0 0 0 0 0 0 0 0 0 0 0 0 0 0 0 0 0 0 0 0 0 0 0 0 0 0 0 0 0 0 0 0 0 0 0 0 0 0 0 0 0 0 0 0 0 0 0 0 0 0 0 0 0 0 0 0 0 0 0 0 0 0 0 0 0 0 0 0 0 0 0 0 0 0 0 0 0 0 0 0 0 0 0 0 0 0
0.335009 2.78462e-05 9.49685e-06 1.83494e-05 0.658954 0.779969 0 0 0 0 0 0 0 0 0 0 0 0 0 0 0 0 0 0 0 0 0 0 0 0 0 0 0 0 0 0 0 0 0 0 0 0 0 0 0 0 0 0 0 0 0 0 0 0 0 0 0 0 0 0 0 0 0 0 0 0 0 0 0 0 0 0 0 0 0 0 0 0 0 0 0 0 0 0 0 0 0 0 0 0 0 0 0 0 0 0 0 0 0 0 0 0 0 0 0 0 0 0 0 0 0 0 0 0 0 0 0 0 0 0 0 0 0 0 0 0 0 0 0 0 0 0 0 0 0 0 0 0 0 0 0 0
0.352205 2.78618e-05 9.59666e-06 1.82652e-05 0.655562 0.783797 0 0 0 0 0 0 0 0 0 0 0 0 0 0 0 0 0 0 0 0 0 0 0 0 0 0 0 0 0 0 0 0 0 0 0 0 0 0 0 0 0 0 0 0 0 0 0 0 0 0 0 0 0 0 0 0 0 0 0 0 0 0 0 0 0 0 0 0 0 0 0 0 0 0 0 0 0 0 0 0 0 0 0 0 0 0 0 0 0 0 0 0 0 0 0 0 0 0 0 0 0 0 0 0 0 0 0 0 0 0 0 0 0 0 0 0 0 0 0 0 0 0 0 0 0 0 0 0 0 0 0 0 0 0 0 0
0.370284 2.78792e-05 9.66274e-06 1.82165e-05 0.653407 0.786162 0 0 0 0 0 0 0 0 0 0 0 0 0 0 0 0 0 0 0 0 0 0 0 0 0 0 0 0 0 0 0 0 0 0 0 0 0 0 0 0 0 0 0 0 0 0 0 0 0 0 0 0 0 0 0 0 0 0 0 0 0 0 0 0 0 0 0 0 0 0 0 0 0 0 0 0 0 0 0 0 0 0 0 0 0 0 0 0 0 0 0 0 0 0 0 0 0 0 0 0 0 0 0 0 0 0 0 0 0 0 0 0 0 0 0 0 0 0 0 0 0 0 0 0 0 0 0 0 0 0 0 0 0 0 0 0
0.389291 2.78979e-05 9.69951e-06 1.81984e-05 0.652321 0.787071 0 0 0 0 0 0 0 0 0 0 0 0 0 0 0 0 0 0 0 0 0 0 0 0 0 0 0 0 0 0 0 0 0 0 0 0 0 0 0 0 0 0 0 0 0 0 0 0 0 0 0 0 0 0 0 0 0 0 0 0 0 0 0 0 0 0 0 0 0 0 0 0 0 0 0 0 0 0 0 0 0 0 0 0 0 0 0 0 0 0 0 0 0 0 0 0 0 0 0 0 0 0 0 0 0 0 0 0 0 0 0 0 0 0 0 0 0 0 0 0 0 0 0 0 0 0 0 0 0 0 0 0 0 0 0 0
0.409273 2.79174e-05 9.72777e-06 1.81896e-05 0.651551 0.787616 0 0 0 0 0 0 0 0 0 0 0 0 0 0 0 0 0 0 0 0 0 0 0 0 0 0 0 0 0 0 0 0 0 0 0 0 0 0 0 0 0 0 0 0 0 0 0 0 0 0 0 0 0 0 0 0 0 0 0 0 0 0 0 0 0 0 0 0 0 0 0 0 0 0 0 0 0 0 0 0 0 0 0 0 0 0 0 0 0 0 0 0 0 0 0 0 0 0 0 0 0 0 0 0 0 0 0 0 0 0 0 0 0 0 0 0 0 0 0 0 0 0 0 0 0 0 0 0 0 0 0 0 0 0 0 0
0.430281 2.79374e-05 9.7522e-06 1.81852e-05 0.650926 0.787999 0 0 0 0 0 0 0 0 0 0 0 0 0 0 0 0 0 0 0 0 0 0 0 0 0 0 0 0 0 0 0 0 0 0 0 0 0 0 0 0 0 0 0 0 0 0 0 0 0 0 0 0 0 0 0 0 0 0 0 0 0 0 0 0 0 0 0 0 0 0 0 0 0 0 0 0 0 0 0 0 0 0 0 0 0 0 0 0 0 0 0 0 0 0 0 0 0 0 0 0 0 0 0 0 0 0 0 0 0 0 0 0 0 0 0 0 0 0 0 0 0 0 0 0 0 0 0 0 0 0 0 0 0 0 0 0
0.452368 2.79583e-05 9.77707e-06 1.81812e-05 0.650298 0.788568 0 0 0 0 0 0 0 0 0 0 0 0 0 0 0 0 0 0 0 0 0 0 0 0 0 0 0 0 0 0 0 0 0 0 0 0 0 0 0 0 0 0 0 0 0 0 0 0 0 0 0 0 0 0 0 0 0 0 0 0 0 0 0 0 0 0 0 0 0 0 0 0 0 0 0 0 0 0 0 0 0 0 0 0 0 0 0 0 0 0 0 0 0 0 0 0 0 0 0 0 0 0 0 0 0 0 0 0 0 0 0 0 0 0 0 0 0 0 0 0 0 0 0 0 0 0 0 0 0 0 0 0 0 0 0 0
0.475588 2.79803e-05 9.79988e-06 1.81804e-05 0.649757 0.789081 0 0 0 0 0 0 0 0 0 0 0 0 0 0 0 0 0 0 0 0 0 0 0 0 0 0 0 0 0 0 0 0 0 0 0 0 0 0 0 0 0 0 0 0 0 0 0 0 0 0 0 0 0 0 0 0 0 0 0 0 0 0 0 0 0 0 0 0 0 0 0 0 0 0 0 0 0 0 0 0 0 0 0 0 0 0 0 0 0 0 0 0 0 0 0 0 0 0 0 0 0 0 0 0 0 0 0 0 0 0 0 0 0 0 0 0 0 0 0 0 0 0 0 0 0 0 0 0 0 0 0 0 0 0 0 0
0.5 2.80034e-05 9.81659e-06 1.81868e-05 0.64945 0.789332 0 0 0 0 0 0 0 0 0 0 0 0 0 0 0 0 0 0 0 0 0 0 0 0 0 0 0 0 0 0 0 0 0 0 0 0 0 0 0 0 0 0 0 0 0 0 0 0 0 0 0 0 0 0 0 0 0 0 0 0 0 0 0 0 0 0 0 0 0 0 0 0 0 0 0 0 0 0 0 0 0 0 0 0 0 0 0 0 0 0 0 0 0 0 0 0 0 0 0 0 0 0 0 0 0 0 0 0 0 0 0 0 0 0 0 0 0 0 0 0 0 0 0 0 0 0 0 0 0 0 0 0 0 0 0 0
0.525665 2.80279e-05 9.82942e-06 1.81985e-05 0.649299 0.789421 0 0 0 0 0 0 0 0 0 0 0 0 0 0 0 0 0 0 0 0 0 0 0 0 0 0 0 0 0 0 0 0 0 0 0 0 0 0 0 0 0 0 0 0 0 0 0 0 0 0 0 0 0 0 0 0 0 0 0 0 0 0 0 0 0 0 0 0 0 0 0 0 0 0 0 0 0 0 0 0 0 0 0 0 0 0 0 0 0 0 0 0 0 0 0 0 0 0 0 0 0 0 0 0 0 0 0 0 0 0 0 0 0 0 0 0 0 0 0 0 0 0 0 0 0 0 0 0 0 0 0 0 0 0 0 0
0.552648 2.80531e-05 9.84023e-06 1.82129e-05 0.649229 0.78939 0 0 0 0 0 0 0 0 0 0 0 0 0 0 0 0 0 0 0 0 0 0 0 0 0 0 0 0 0 0 0 0 0 0 0 0 0 0 0 0 0 0 0 0 0 0 0 0 0 0 0 0 0 0 0 0 0 0 0 0 0 0 0 0 0 0 0 0 0 0 0 0 0 0 0 0 0 0 0 0 0 0 0 0 0 0 0 0 0 0 0 0 0 0 0 0 0 0 0 0 0 0 0 0 0 0 0 0 0 0 0 0 0 0 0 0 0 0 0 0 0 0 0 0 0 0 0 0 0 0 0 0 0 0 0 0
0.581015 2.80805e-05 9.83494e-06 1.82456e-05 0.649759 0.788563 0 0 0 0 0 0 0 0 0 0 0 0 0 0 0 0 0 0 0 0 0 0 0 0 0 0 0 0 0 0 0 0 0 0 0 0 0 0 0 0 0 0 0 0 0 0 0 0 0 0 0 0 0 0 0 0 0 0 0 0 0 0 0 0 0 0 0 0 0 0 0 0 0 0 0 0 0 0 0 0 0 0 0 0 0 0 0 0 0 0 0 0 0 0 0 0 0 0 0 0 0 0 0 0 0 0 0 0 0 0 0 0 0 0 0 0 0 0 0 0 0 0 0 0 0 0 0 0 0 0 0 0 0 0 0 0
0.610839 2.81087e-05 9.82917e-06 1.82795e-05 0.650315 0.787696 0 0 0 0 0 0 0 0 0 0 0 0 0 0 0 0 0 0 0 0 0 0 0 0 0 0 0 0 0 0 0 0 0 0 0 0 0 0 0 0 0 0 0 0 0 0 0 0 0 0 0 0 0 0 0 0 0 0 0 0 0 0 0 0 0 0 0 0 0 0 0 0 0 0 0 0 0 0 0 0 0 0 0 0 0 0 0 0 0 0 0 0 0 0 0 0 0 0 0 0 0 0 0 0 0 0 0 0 0 0 0 0 0 0 0 0 0 0 0 0 0 0 0 0 0 0 0 0 0 0 0 0 0 0 0 0
0.642193 2.81379e-05 9.82288e-06 1.8315e-05 0.650902 0.786787 0 0 0 0 0 0 0 0 0 0 0 0 0 0 0 0 0 0 0 0 0 0 0 0 0 0 0 0 0 0 0 0 0 0 0 0 0 0 0 0 0 0 0 0 0 0 0 0 0 0 0 0 0 0 0 0 0 0 0 0 0 0 0 0 0 0 0 0 0 0 0 0 0 0 0 0 0 0 0 0 0 0 0 0 0 0 0 0 0 0 0 0 0 0 0 0 0 0 0 0 0 0 0 0 0 0 0 0 0 0 0 0 0 0 0 0 0 0 0 0 0 0 0 0 0 0 0 0 0 0 0 0 0 0 0 0
0.675157 2.81683e-05 9.81057e-06 1.83578e-05 0.651717 0.785562 0 0 0 0 0 0 0 0 0 0 0 0 0 0 0 0 0 0 0 0 0 0 0 0 0 0 0 0 0 0 0 0 0 0 0 0 0 0 0 0 0 0 0 0 0 0 0 0 0 0 0 0 0 0 0 0 0 0 0 0 0 0 0 0 0 0 0 0 0 0 0 0 0 0 0 0 0 0 0 0 0 0 0 0 0 0 0 0 0 0 0 0 0 0 0 0 0 0 0 0 0 0 0 0 0 0 0 0 0 0 0 0 0 0 0 0 0 0 0 0 0 0 0 0 0 0 0 0 0 0 0 0 0 0 0 0
0.709813 2.82001e-05 9.79272e-06 1.84074e-05 0.652742 0.784042 0 0 0 0 0 0 0 0 0 0 0 0 0 0 0 0 0 0 0 0 0 0 0 0 0 0 0 0 0 0 0 0 0 0 0 0 0 0 0 0 0 0 0 0 0 0 0 0 0 0 0 0 0 0 0 0 0 0 0 0 0 0 0 0 0 0 0 0 0 0 0 0 0 0 0 0 0 0 0 0 0 0 0 0 0 0 0 0 0 0 0 0 0 0 0 0 0 0 0 0 0 0 0 0 0 0 0 0 0 0 0 0 0 0 0 0 0 0 0 0 0 0 0 0 0 0 0 0 0 0 0 0 0 0 0 0
0.746248 2.82329e-05 9.77237e-06 1.84606e-05 0.653867 0.782366 0 0 0 0 0 0 0 0 0 0 0 0 0 0 0 0 0 0 0 0 0 0 0 0 0 0 0 0 0 0 0 0 0 0 0 0 0 0 0 0 0 0 0 0 0 0 0 0 0 0 0 0 0 0 0 0 0 0 0 0 0 0 0 0 0 0 0 0 0 0 0 0 0 0 0 0 0 0 0 0 0 0 0 0 0 0 0 0 0 0 0 0 0 0 0 0 0 0 0 0 0 0 0 0 0 0 0 0 0 0 0 0 0 0 0 0 0 0 0 0 0 0 0 0 0 0 0 0 0 0 0 0 0 0 0 0
0.784553 2.82668e-05 9.75127e-06 1.85155e-05 0.655027 0.780649 0 0 0 0 0 0 0 0 0 0 0 0 0 0 0 0 0 0 0 0 0 0 0 0 0 0 0 0 0 0 0 0 0 0 0 0 0 0 0 0 0 0 0 0 0 0 0 0 0 0 0 0 0 0 0 0 0 0 0 0 0 0 0 0 0 0 0 0 0 0 0 0 0 0 0 0 0 0 0 0 0 0 0 0 0 0 0 0 0 0 0 0 0 0 0 0 0 0 0 0 0 0 0 0 0 0 0 0 0 0 0 0 0 0 0 0 0 0 0 0 0 0 0 0 0 0 0 0 0 0 0 0 0 0 0 0
0.824824 2.83016e-05 9.72969e-06 1.85719e-05 0.656214 0.778883 0 0 0 0 0 0 0 0 0 0 0 0 0 0 0 0 0 0 0 0 0 0 0 0 0 0 0 0 0 0 0 0 0 0 0 0 0 0 0 0 0 0 0 0 0 0 0 0 0 0 0 0 0 0 0 0 0 0 0 0 0 0 0 0 0 0 0 0 0 0 0 0 0 0 0 0 0 0 0 0 0 0 0 0 0 0 0 0 0 0 0 0 0 0 0 0 0 0 0 0 0 0 0 0 0 0 0 0 0 0 0 0 0 0 0 0 0 0 0 0 0 0 0 0 0 0 0 0 0 0 0 0 0 0 0 0
0.867162 2.83373e-05 9.70751e-06 1.86298e-05 0.65743 0.777071 0 0 0 0 0 0 0 0 0 0 0 0 0 0 0 0 0 0 0 0 0 0 0 0 0 0 0 0 0 0 0 0 0 0 0 0 0 0 0 0 0 0 0 0 0 0 0 0 0 0 0 0 0 0 0 0 0 0 0 0 0 0 0 0 0 0 0 0 0 0 0 0 0 0 0 0 0 0 0 0 0 0 0 0 0 0 0 0 0 0 0 0 0 0 0 0 0 0 0 0 0 0 0 0 0 0 0 0 0 0 0 0 0 0 0 0 0 0 0 0 0 0 0 0 0 0 0 0 0 0 0 0 0 0 0 0
0.911674 2.83739e-05 9.68544e-06 1.86884e-05 0.658649 0.77525 0 0 0 0 0 0 0 0 0 0 0 0 0 0 0 0 0 0 0 0 0 0 0 0 0 0 0 0 0 0 0 0 0 0 0 0 0 0 0 0 0 0 0 0 0 0 0 0 0 0 0 0 0 0 0 0 0 0 0 0 0 0 0 0 0 0 0 0 0 0 0 0 0 0 0 0 0 0 0 0 0 0 0 0 0 0 0 0 0 0 0 0 0 0 0 0 0 0 0 0 0 0 0 0 0 0 0 0 0 0 0 0 0 0 0 0 0 0 0 0 0 0 0 0 0 0 0 0 0 0 0 0 0 0 0 0
0.95847 2.84112e-05 9.6651e-06 1.87461e-05 0.659814 0.773479 0 0 0 0 0 0 0 0 0 0 0 0 0 0 0 0 0 0 0 0 0 0 0 0 0 0 0 0 0 0 0 0 0 0 0 0 0 0 0 0 0 0 0 0 0 0 0 0 0 0 0 0 0 0 0 0 0 0 0 0 0 0 0 0 0 0 0 0 0 0 0 0 0 0 0 0 0 0 0 0 0 0 0 0 0 0 0 0 0 0 0 0 0 0 0 0 0 0 0 0 0 0 0 0 0 0 0 0 0 0 0 0 0 0 0 0 0 0 0 0 0 0 0 0 0 0 0 0 0 0 0 0 0 0 0 0
1.00767 2.84493e-05 9.64468e-06 1.88046e-05 0.660987 0.771697 0 0 0 0 0 0 0 0 0 0 0 0 0 0 0 0 0 0 0 0 0 0 0 0 0 0 0 0 0 0 0 0 0 0 0 0 0 0 0 0 0 0 0 0 0 0 0 0 0 0 0 0 0 0 0 0 0 0 0 0 0 0 0 0 0 0 0 0 0 0 0 0 0 0 0 0 0 0 0 0 0 0 0 0 0 0 0 0 0 0 0 0 0 0 0 0 0 0 0 0 0 0 0 0 0 0 0 0 0 0 0 0 0 0 0 0 0 0 0 0 0 0 0 0 0 0 0 0 0 0 0 0 0 0 0 0
1.05939 2.84882e-05 9.6272e-06 1.8861e-05 0.662063 0.770022 0 0 0 0 0 0 0 0 0 0 0 0 0 0 0 0 0 0 0 0 0 0 0 0 0 0 0 0 0 0 0 0 0 0 0 0 0 0 0 0 0 0 0 0 0 0 0 0 0 0 0 0 0 0 0 0 0 0 0 0 0 0 0 0 0 0 0 0 0 0 0 0 0 0 0 0 0 0 0 0 0 0 0 0 0 0 0 0 0 0 0 0 0 0 0 0 0 0 0 0 0 0 0 0 0 0 0 0 0 0 0 0 0 0 0 0 0 0 0 0 0 0 0 0 0 0 0 0 0 0 0 0 0 0 0 0
1.11377 2.85278e-05 9.6089e-06 1.89189e-05 0.663174 0.768307 0 0 0 0 0 0 0 0 0 0 0 0 0 0 0 0 0 0 0 0 0 0 0 0 0 0 0 0 0 0 0 0 0 0 0 0 0 0 0 0 0 0 0 0 0 0 0 0 0 0 0 0 0 0 0 0 0 0 0 0 0 0 0 0 0 0 0 0 0 0 0 0 0 0 0 0 0 0 0 0 0 0 0 0 0 0 0 0 0 0 0 0 0 0 0 0 0 0 0 0 0 0 0 0 0 0 0 0 0 0 0 0 0 0 0 0 0 0 0 0 0 0 0 0 0 0 0 0 0 0 0 0 0 0 0 0
1.17094 2.85686e-05 9.59325e-06 1.89754e-05 0.664203 0.766695 0 0 0 0 0 0 0 0 0 0 0 0 0 0 0 0 0 0 0 0 0 0 0 0 0 0 0 0 0 0 0 0 0 0 0 0 0 0 0 0 0 0 0 0 0 0 0 0 0 0 0 0 0 0 0 0 0 0 0 0 0 0 0 0 0 0 0 0 0 0 0 0 0 0 0 0 0 0 0 0 0 0 0 0 0 0 0 0 0 0 0 0 0 0 0 0 0 0 0 0 0 0 0 0 0 0 0 0 0 0 0 0 0 0 0 0 0 0 0 0 0 0 0 0 0 0 0 0 0 0 0 0 0 0 0 0
1.23105 2.86103e-05 9.57786e-06 1.90325e-05 0.665231 0.765087 0 0 0 0 0 0 0 0 0 0 0 0 0 0 0 0 0 0 0 0 0 0 0 0 0 0 0 0 0 0 0 0 0 0 0 0 0 0 0 0 0 0 0 0 0 0 0 0 0 0 0 0 0 0 0 0 0 0 0 0 0 0 0 0 0 0 0 0 0 0 0 0 0 0 0 0 0 0 0 0 0 0 0 0 0 0 0 0 0 0 0 0 0 0 0 0 0 0 0 0 0 0 0 0 0 0 0 0 0 0 0 0 0 0 0 0 0 0 0 0 0 0 0 0 0 0 0 0 0 0 0 0 0 0 0 0
1.29424 2.86532e-05 9.5596e-06 1.90936e-05 0.666369 0.76335 0 0 0 0 0 0 0 0 0 0 0 0 0 0 0 0 0 0 0 0 0 0 0 0 0 0 0 0 0 0 0 0 0 0 0 0 0 0 0 0 0 0 0 0 0 0 0 0 0 0 0 0 0 0 0 0 0 0 0 0 0 0 0 0 0 0 0 0 0 0 0 0 0 0 0 0 0 0 0 0 0 0 0 0 0 0 0 0 0 0 0 0 0 0 0 0 0 0 0 0 0 0 0 0 0 0 0 0 0 0 0 0 0 0 0 0 0 0 0 0 0 0 0 0 0 0 0 0 0 0 0 0 0 0 0 0
1.36067 2.86969e-05 9.54261e-06 1.91543e-05 0.667469 0.761656 0 0 0 0 0 0 0 0 0 0 0 0 0 0 0 0 0 0 0 0 0 0 0 0 0 0 0 0 0 0 0 0 0 0 0 0 0 0 0 0 0 0 0 0 0 0 0 0 0 0 0 0 0 0 0 0 0 0 0 0 0 0 0 0 0 0 0 0 0 0 0 0 0 0 0 0 0 0 0 0 0 0 0 0 0 0 0 0 0 0 0 0 0 0 0 0 0 0 0 0 0 0 0 0 0 0 0 0 0 0 0 0 0 0 0 0 0 0 0 0 0 0 0 0 0 0 0 0 0 0 0 0 0 0 0 0
1.43051 2.87413e-05 9.52763e-06 1.92136e-05 0.668504 0.760038 0 0 0 0 0 0 0 0 0 0 0 0 0 0 0 0 0 0 0 0 0 0 0 0 0 0 0 0 0 0 0 0 0 0 0 0 0 0 0 0 0 0 0 0 0 0 0 0 0 0 0 0 0 0 0 0 0 0 0 0 0 0 0 0 0 0 0 0 0 0 0 0 0 0 0 0 0 0 0 0 0 0 0 0 0 0 0 0 0 0 0 0 0 0 0 0 0 0 0 0 0 0 0 0 0 0 0 0 0 0 0 0 0 0 0 0 0 0 0 0 0 0 0 0 0 0 0 0 0 0 0 0 0 0 0 0
1.50394 2.87865e-05 9.51405e-06 1.92725e-05 0.669497 0.758466 0 0 0 0 0 0 0 0 0 0 0 0 0 0 0 0 0 0 0 0 0 0 0 0 0 0 0 0 0 0 0 0 0 0 0 0 0 0 0 0 0 0 0 0 0 0 0 0 0 0 0 0 0 0 0 0 0 0 0 0 0 0 0 0 0 0 0 0 0 0 0 0 0 0 0 0 0 0 0 0 0 0 0 0 0 0 0 0 0 0 0 0 0 0 0 0 0 0 0 0 0 0 0 0 0 0 0 0 0 0 0 0 0 0 0 0 0 0 0 0 0 0 0 0 0 0 0 0 0 0 0 0 0 0 0 0
1.58114 2.88334e-05 9.49946e-06 1.93339e-05 0.67054 0.756848 0 0 0 0 0 0 0 0 0 0 0 0 0 0 0 0 0 0 0 0 0 0 0 0 0 0 0 0 0 0 0 0 0 0 0 0 0 0 0 0 0 0 0 0 0 0 0 0 0 0 0 0 0 0 0 0 0 0 0 0 0 0 0 0 0 0 0 0 0 0 0 0 0 0 0 0 0 0 0 0 0 0 0 0 0 0 0 0 0 0 0 0 0 0 0 0 0 0 0 0 0 0 0 0 0 0 0 0 0 0 0 0 0 0 0 0 0 0 0 0 0 0 0 0 0 0 0 0 0 0 0 0 0 0 0 0
1.6623 2.88816e-05 9.48231e-06 1.93993e-05 0.671684 0.755127 0 0 0 0 0 0 0 0 0 0 0 0 0 0 0 0 0 0 0 0 0 0 0 0 0 0 0 0 0 0 0 0 0 0 0 0 0 0 0 0 0 0 0 0 0 0 0 0 0 0 0 0 0 0 0 0 0 0 0 0 0 0 0 0 0 0 0 0 0 0 0 0 0 0 0 0 0 0 0 0 0 0 0 0 0 0 0 0 0 0 0 0 0 0 0 0 0 0 0 0 0 0 0 0 0 0 0 0 0 0 0 0 0 0 0 0 0 0 0 0 0 0 0 0 0 0 0 0 0 0 0 0 0 0 0 0
1.74763 2.89292e-05 9.4645e-06 1.94647e-05 0.672839 0.753367 0 0 0 0 0 0 0 0 0 0 0 0 0 0 0 0 0 0 0 0 0 0 0 0 0 0 0 0 0 0 0 0 0 0 0 0 0 0 0 0 0 0 0 0 0 0 0 0 0 0 0 0 0 0 0 0 0 0 0 0 0 0 0 0 0 0 0 0 0 0 0 0 0 0 0 0 0 0 0 0 0 0 0 0 0 0 0 0 0 0 0 0 0 0 0 0 0 0 0 0 0 0 0 0 0 0 0 0 0 0 0 0 0 0 0 0 0 0 0 0 0 0 0 0 0 0 0 0 0 0 0 0 0 0 0 0
1.83733 2.89803e-05 9.44772e-06 1.95325e-05 0.673995 0.751667 0 0 0 0 0 0 0 0 0 0 0 0 0 0 0 0 0 0 0 0 0 0 0 0 0 0 0 0 0 0 0 0 0 0 0 0 0 0 0 0 0 0 0 0 0 0 0 0 0 0 0 0 0 0 0 0 0 0 0 0 0 0 0 0 0 0 0 0 0 0 0 0 0 0 0 0 0 0 0 0 0 0 0 0 0 0 0 0 0 0 0 0 0 0 0 0 0 0 0 0 0 0 0 0 0 0 0 0 0 0 0 0 0 0 0 0 0 0 0 0 0 0 0 0 0 0 0 0 0 0 0 0 0 0 0 0
1.93164 2.90314e-05 9.4306e-06 1.96008e-05 0.675158 0.749954 0 0 0 0 0 0 0 0 0 0 0 0 0 0 0 0 0 0 0 0 0 0 0 0 0 0 0 0 0 0 0 0 0 0 0 0 0 0 0 0 0 0 0 0 0 0 0 0 0 0 0 0 0 0 0 0 0 0 0 0 0 0 0 0 0 0 0 0 0 0 0 0 0 0 0 0 0 0 0 0 0 0 0 0 0 0 0 0 0 0 0 0 0 0 0 0 0 0 0 0 0 0 0 0 0 0 0 0 0 0 0 0 0 0 0 0 0 0 0 0 0 0 0 0 0 0 0 0 0 0 0 0 0 0 0 0
2.03079 2.90761e-05 9.41277e-06 1.96633e-05 0.676271 0.748164 0 0 0 0 0 0 0 0 0 0 0 0 0 0 0 0 0 0 0 0 0 0 0 0 0 0 0 0 0 0 0 0 0 0 0 0 0 0 0 0 0 0 0 0 0 0 0 0 0 0 0 0 0 0 0 0 0 0 0 0 0 0 0 0 0 0 0 0 0 0 0 0 0 0 0 0 0 0 0 0 0 0 0 0 0 0 0 0 0 0 0 0 0 0 0 0 0 0 0 0 0 0 0 0 0 0 0 0 0 0 0 0 0 0 0 0 0 0 0 0 0 0 0 0 0 0 0 0 0 0 0 0 0 0 0 0
2.13503 2.91328e-05 9.3919e-06 1.97409e-05 0.677617 0.746348 0 0 0 0 0 0 0 0 0 0 0 0 0 0 0 0 0 0 0 0 0 0 0 0 0 0 0 0 0 0 0 0 0 0 0 0 0 0 0 0 0 0 0 0 0 0 0 0 0 0 0 0 0 0 0 0 0 0 0 0 0 0 0 0 0 0 0 0 0 0 0 0 0 0 0 0 0 0 0 0 0 0 0 0 0 0 0 0 0 0 0 0 0 0 0 0 0 0 0 0 0 0 0 0 0 0 0 0 0 0 0 0 0 0 0 0 0 0 0 0 0 0 0 0 0 0 0 0 0 0 0 0 0 0 0 0
2.24463 2.91915e-05 9.36989e-06 1.98217e-05 0.67902 0.744528 0 0 0 0 0 0 0 0 0 0 0 0 0 0 0 0 0 0 0 0 0 0 0 0 0 0 0 0 0 0 0 0 0 0 0 0 0 0 0 0 0 0 0 0 0 0 0 0 0 0 0 0 0 0 0 0 0 0 0 0 0 0 0 0 0 0 0 0 0 0 0 0 0 0 0 0 0 0 0 0 0 0 0 0 0 0 0 0 0 0 0 0 0 0 0 0 0 0 0 0 0 0 0 0 0 0 0 0 0 0 0 0 0 0 0 0 0 0 0 0 0 0 0 0 0 0 0 0 0 0 0 0 0 0 0 0
2.35984 2.92524e-05 9.34739e-06 1.9905e-05 0.680457 0.742705 0 0 0 0 0 0 0 0 0 0 0 0 0 0 0 0 0 0 0 0 0 0 0 0 0 0 0 0 0 0 0 0 0 0 0 0 0 0 0 0 0 0 0 0 0 0 0 0 0 0 0 0 0 0 0 0 0 0 0 0 0 0 0 0 0 0 0 0 0 0 0 0 0 0 0 0 0 0 0 0 0 0 0 0 0 0 0 0 0 0 0 0 0 0 0 0 0 0 0 0 0 0 0 0 0 0 0 0 0 0 0 0 0 0 0 0 0 0 0 0 0 0 0 0 0 0 0 0 0 0 0 0 0 0 0 0
2.48097 2.93156e-05 9.3228e-06 1.99928e-05 0.681985 0.740864 0 0 0 0 0 0 0 0 0 0 0 0 0 0 0 0 0 0 0 0 0 0 0 0 0 0 0 0 0 0 0 0 0 0 0 0 0 0 0 0 0 0 0 0 0 0 0 0 0 0 0 0 0 0 0 0 0 0 0 0 0 0 0 0 0 0 0 0 0 0 0 0 0 0 0 0 0 0 0 0 0 0 0 0 0 0 0 0 0 0 0 0 0 0 0 0 0 0 0 0 0 0 0 0 0 0 0 0 0 0 0 0 0 0 0 0 0 0 0 0 0 0 0 0 0 0 0 0 0 0 0 0 0 0 0 0
2.60832 2.93717e-05 9.29227e-06 2.00795e-05 0.683632 0.738755 0 0 0 0 0 0 0 0 0 0 0 0 0 0 0 0 0 0 0 0 0 0 0 0 0 0 0 0 0 0 0 0 0 0 0 0 0 0 0 0 0 0 0 0 0 0 0 0 0 0 0 0 0 0 0 0 0 0 0 0 0 0 0 0 0 0 0 0 0 0 0 0 0 0 0 0 0 0 0 0 0 0 0 0 0 0 0 0 0 0 0 0 0 0 0 0 0 0 0 0 0 0 0 0 0 0 0 0 0 0 0 0 0 0 0 0 0 0 0 0 0 0 0 0 0 0 0 0 0 0 0 0 0 0 0 0
2.74221 2.94308e-05 9.25706e-06 2.01737e-05 0.685463 0.736551 0 0 0 0 0 0 0 0 0 0 0 0 0 0 0 0 0 0 0 0 0 0 0 0 0 0 0 0 0 0 0 0 0 0 0 0 0 0 0 0 0 0 0 0 0 0 0 0 0 0 0 0 0 0 0 0 0 0 0 0 0 0 0 0 0 0 0 0 0 0 0 0 0 0 0 0 0 0 0 0 0 0 0 0 0 0 0 0 0 0 0 0 0 0 0 0 0 0 0 0 0 0 0 0 0 0 0 0 0 0 0 0 0 0 0 0 0 0 0 0 0 0 0 0 0 0 0 0 0 0 0 0 0 0 0 0
2.88297 2.94843e-05 9.22254e-06 2.02618e-05 0.687205 0.734407 0 0 0 0 0 0 0 0 0 0 0 0 0 0 0 0 0 0 0 0 0 0 0 0 0 0 0 0 0 0 0 0 0 0 0 0 0 0 0 0 0 0 0 0 0 0 0 0 0 0 0 0 0 0 0 0 0 0 0 0 0 0 0 0 0 0 0 0 0 0 0 0 0 0 0 0 0 0 0 0 0 0 0 0 0 0 0 0 0 0 0 0 0 0 0 0 0 0 0 0 0 0 0 0 0 0 0 0 0 0 0 0 0 0 0 0 0 0 0 0 0 0 0 0 0 0 0 0 0 0 0 0 0 0 0 0
3.03095 2.95098e-05 9.18322e-06 2.03266e-05 0.688807 0.731859 0 0 0 0 0 0 0 0 0 0 0 0 0 0 0 0 0 0 0 0 0 0 0 0 0 0 0 0 0 0 0 0 0 0 0 0 0 0 0 0 0 0 0 0 0 0 0 0 0 0 0 0 0 0 0 0 0 0 0 0 0 0 0 0 0 0 0 0 0 0 0 0 0 0 0 0 0 0 0 0 0 0 0 0 0 0 0 0 0 0 0 0 0 0 0 0 0 0 0 0 0 0 0 0 0 0 0 0 0 0 0 0 0 0 0 0 0 0 0 0 0 0 0 0 0 0 0 0 0 0 0 0 0 0 0 0
3.18653 2.95358e-05 9.14056e-06 2.03952e-05 0.690526 0.729164 0 0 0 0 0 0 0 0 0 0 0 0 0 0 0 0 0 0 0 0 0 0 0 0 0 0 0 0 0 0 0 0 0 0 0 0 0 0 0 0 0 0 0 0 0 0 0 0 0 0 0 0 0 0 0 0 0 0 0 0 0 0 0 0 0 0 0 0 0 0 0 0 0 0 0 0 0 0 0 0 0 0 0 0 0 0 0 0 0 0 0 0 0 0 0 0 0 0 0 0 0 0 0 0 0 0 0 0 0 0 0 0 0 0 0 0 0 0 0 0 0 0 0 0 0 0 0 0 0 0 0 0 0 0 0 0
3.35009 2.96371e-05 9.09421e-06 2.05429e-05 0.693148 0.727061 0 0 0 0 0 0 0 0 0 0 0 0 0 0 0 0 0 0 0 0 0 0 0 0 0 0 0 0 0 0 0 0 0 0 0 0 0 0 0 0 0 0 0 0 0 0 0 0 0 0 0 0 0 0 0 0 0 0 0 0 0 0 0 0 0 0 0 0 0 0 0 0 0 0 0 0 0 0 0 0 0 0 0 0 0 0 0 0 0 0 0 0 0 0 0 0 0 0 0 0 0 0 0 0 0 0 0 0 0 0 0 0 0 0 0 0 0 0 0 0 0 0 0 0 0 0 0 0 0 0 0 0 0 0 0 0
3.52205 2.97825e-05 9.04508e-06 2.07374e-05 0.696296 0.725154 0 0 0 0 0 0 0 0 0 0 0 0 0 0 0 0 0 0 0 0 0 0 0 0 0 0 0 0 0 0 0 0 0 0 0 0 0 0 0 0 0 0 0 0 0 0 0 0 0 0 0 0 0 0 0 0 0 0 0 0 0 0 0 0 0 0 0 0 0 0 0 0 0 0 0 0 0 0 0 0 0 0 0 0 0 0 0 0 0 0 0 0 0 0 0 0 0 0 0 0 0 0 0 0 0 0 0 0 0 0 0 0 0 0 0 0 0 0 0 0 0 0 0 0 0 0 0 0 0 0 0 0 0 0 0 0
3.70284 2.97322e-05 8.99835e-06 2.07339e-05 0.697354 0.721865 0 0 0 0 0 0 0 0 0 0 0 0 0 0 0 0 0 0 0 0 0 0 0 0 0 0 0 0 0 0 0 0 0 0 0 0 0 0 0 0 0 0 0 0 0 0 0 0 0 0 0 0 0 0 0 0 0 0 0 0 0 0 0 0 0 0 0 0 0 0 0 0 0 0 0 0 0 0 0 0 0 0 0 0 0 0 0 0 0 0 0 0 0 0 0 0 0 0 0 0 0 0 0 0 0 0 0 0 0 0 0 0 0 0 0 0 0 0 0 0 0 0 0 0 0 0 0 0 0 0 0 0 0 0 0 0
3.89291 2.97808e-05 8.9462e-06 2.08346e-05 0.699599 0.719295 0 0 0 0 0 0 0 0 0 0 0 0 0 0 0 0 0 0 0 0 0 0 0 0 0 0 0 0 0 0 0 0 0 0 0 0 0 0 0 0 0 0 0 0 0 0 0 0 0 0 0 0 0 0 0 0 0 0 0 0 0 0 0 0 0 0 0 0 0 0 0 0 0 0 0 0 0 0 0 0 0 0 0 0 0 0 0 0 0 0 0 0 0 0 0 0 0 0 0 0 0 0 0 0 0 0 0 0 0 0 0 0 0 0 0 0 0 0 0 0 0 0 0 0 0 0 0 0 0 0 0 0 0 0 0 0
4.09273 2.99867e-05 8.8938e-06 2.10929e-05 0.703408 0.717691 0 0 0 0 0 0 0 0 0 0 0 0 0 0 0 0 0 0 0 0 0 0 0 0 0 0 0 0 0 0 0 0 0 0 0 0 0 0 0 0 0 0 0 0 0 0 0 0 0 0 0 0 0 0 0 0 0 0 0 0 0 0 0 0 0 0 0 0 0 0 0 0 0 0 0 0 0 0 0 0 0 0 0 0 0 0 0 0 0 0 0 0 0 0 0 0 0 0 0 0 0 0 0 0 0 0 0 0 0 0 0 0 0 0 0 0 0 0 0 0 0 0 0 0 0 0 0 0 0 0 0 0 0 0 0 0
4.30281 2.98282e-05 8.83947e-06 2.09887e-05 0.703654 0.713434 0 0 0 0 0 0 0 0 0 0 0 0 0 0 0 0 0 0 0 0 0 0 0 0 0 0 0 0 0 0 0 0 0 0 0 0 0 0 0 0 0 0 0 0 0 0 0 0 0 0 0 0 0 0 0 0 0 0 0 0 0 0 0 0 0 0 0 0 0 0 0 0 0 0 0 0 0 0 0 0 0 0 0 0 0 0 0 0 0 0 0 0 0 0 0 0 0 0 0 0 0 0 0 0 0 0 0 0 0 0 0 0 0 0 0 0 0 0 0 0 0 0 0 0 0 0 0 0 0 0 0 0 0 0 0 0
4.52368 3.00856e-05 8.7811e-06 2.13045e-05 0.708129 0.711983 0 0 0 0 0 0 0 0 0 0 0 0 0 0 0 0 0 0 0 0 0 0 0 0 0 0 0 0 0 0 0 0 0 0 0 0 0 0 0 0 0 0 0 0 0 0 0 0 0 0 0 0 0 0 0 0 0 0 0 0 0 0 0 0 0 0 0 0 0 0 0 0 0 0 0 0 0 0 0 0 0 0 0 0 0 0 0 0 0 0 0 0 0 0 0 0 0 0 0 0 0 0 0 0 0 0 0 0 0 0 0 0 0 0 0 0 0 0 0 0 0 0 0 0 0 0 0 0 0 0 0 0 0 0 0 0
4.75588 3.00189e-05 8.72076e-06 2.12981e-05 0.709491 0.708306 0 0 0 0 0 0 0 0 0 0 0 0 0 0 0 0 0 0 0 0 0 0 0 0 0 0 0 0 0 0 0 0 0 0 0 0 0 0 0 0 0 0 0 0 0 0 0 0 0 0 0 0 0 0 0 0 0 0 0 0 0 0 0 0 0 0 0 0 0 0 0 0 0 0 0 0 0 0 0 0 0 0 0 0 0 0 0 0 0 0 0 0 0 0 0 0 0 0 0 0 0 0 0 0 0 0 0 0 0 0 0 0 0 0 0 0 0 0 0 0 0 0 0 0 0 0 0 0 0 0 0 0 0 0 0 0
5 3.02072e-05 8.65936e-06 2.15478e-05 0.713335 0.70662 0 0 0 0 0 0 0 0 0 0 0 0 0 0 0 0 0 0 0 0 0 0 0 0 0 0 0 0 0 0 0 0 0 0 0 0 0 0 0 0 0 0 0 0 0 0 0 0 0 0 0 0 0 0 0 0 0 0 0 0 0 0 0 0 0 0 0 0 0 0 0 0 0 0 0 0 0 0 0 0 0 0 0 0 0 0 0 0 0 0 0 0 0 0 0 0 0 0 0 0 0 0 0 0 0 0 0 0 0 0 0 0 0 0 0 0 0 0 0 0 0 0 0 0 0 0 0 0 0 0 0 0 0 0 0 0
5.25665 3.01567e-05 8.59994e-06 2.15568e-05 0.714825 0.702723 0 0 0 0 0 0 0 0 0 0 0 0 0 0 0 0 0 0 0 0 0 0 0 0 0 0 0 0 0 0 0 0 0 0 0 0 0 0 0 0 0 0 0 0 0 0 0 0 0 0 0 0 0 0 0 0 0 0 0 0 0 0 0 0 0 0 0 0 0 0 0 0 0 0 0 0 0 0 0 0 0 0 0 0 0 0 0 0 0 0 0 0 0 0 0 0 0 0 0 0 0 0 0 0 0 0 0 0 0 0 0 0 0 0 0 0 0 0 0 0 0 0 0 0 0 0 0 0 0 0 0 0 0 0 0 0
5.52648 3.03745e-05 8.52421e-06 2.18503e-05 0.719363 0.700719 0 0 0 0 0 0 0 0 0 0 0 0 0 0 0 0 0 0 0 0 0 0 0 0 0 0 0 0 0 0 0 0 0 0 0 0 0 0 0 0 0 0 0 0 0 0 0 0 0 0 0 0 0 0 0 0 0 0 0 0 0 0 0 0 0 0 0 0 0 0 0 0 0 0 0 0 0 0 0 0 0 0 0 0 0 0 0 0 0 0 0 0 0 0 0 0 0 0 0 0 0 0 0 0 0 0 0 0 0 0 0 0 0 0 0 0 0 0 0 0 0 0 0 0 0 0 0 0 0 0 0 0 0 0 0 0
5.81015 3.01836e-05 8.45945e-06 2.17242e-05 0.719734 0.695761 0 0 0 0 0 0 0 0 0 0 0 0 0 0 0 0 0 0 0 0 0 0 0 0 0 0 0 0 0 0 0 0 0 0 0 0 0 0 0 0 0 0 0 0 0 0 0 0 0 0 0 0 0 0 0 0 0 0 0 0 0 0 0 0 0 0 0 0 0 0 0 0 0 0 0 0 0 0 0 0 0 0 0 0 0 0 0 0 0 0 0 0 0 0 0 0 0 0 0 0 0 0 0 0 0 0 0 0 0 0 0 0 0 0 0 0 0 0 0 0 0 0 0 0 0 0 0 0 0 0 0 0 0 0 0 0
6.10839 3.06613e-05 8.37355e-06 2.22878e-05 0.726902 0.696393 0 0 0 0 0 0 0 0 0 0 0 0 0 0 0 0 0 0 0 0 0 0 0 0 0 0 0 0 0 0 0 0 0 0 0 0 0 0 0 0 0 0 0 0 0 0 0 0 0 0 0 0 0 0 0 0 0 0 0 0 0 0 0 0 0 0 0 0 0 0 0 0 0 0 0 0 0 0 0 0 0 0 0 0 0 0 0 0 0 0 0 0 0 0 0 0 0 0 0 0 0 0 0 0 0 0 0 0 0 0 0 0 0 0 0 0 0 0 0 0 0 0 0 0 0 0 0 0 0 0 0 0 0 0 0 0
6.42193 3.02225e-05 8.33852e-06 2.1884e-05 0.724096 0.689178 0 0 0 0 0 0 0 0 0 0 0 0 0 0 0 0 0 0 0 0 0 0 0 0 0 0 0 0 0 0 0 0 0 0 0 0 0 0 0 0 0 0 0 0 0 0 0 0 0 0 0 0 0 0 0 0 0 0 0 0 0 0 0 0 0 0 0 0 0 0 0 0 0 0 0 0 0 0 0 0 0 0 0 0 0 0 0 0 0 0 0 0 0 0 0 0 0 0 0 0 0 0 0 0 0 0 0 0 0 0 0 0 0 0 0 0 0 0 0 0 0 0 0 0 0 0 0 0 0 0 0 0 0 0 0 0
6.75157 3.07426e-05 8.28335e-06 2.24593e-05 0.730558 0.689792 0 0 0 0 0 0 0 0 0 0 0 0 0 0 0 0 0 0 0 0 0 0 0 0 0 0 0 0 0 0 0 0 0 0 0 0 0 0 0 0 0 0 0 0 0 0 0 0 0 0 0 0 0 0 0 0 0 0 0 0 0 0 0 0 0 0 0 0 0 0 0 0 0 0 0 0 0 0 0 0 0 0 0 0 0 0 0 0 0 0 0 0 0 0 0 0 0 0 0 0 0 0 0 0 0 0 0 0 0 0 0 0 0 0 0 0 0 0 0 0 0 0 0 0 0 0 0 0 0 0 0 0 0 0 0 0
7.09813 3.06439e-05 8.26012e-06 2.23838e-05 0.730448 0.686312 0 0 0 0 0 0 0 0 0 0 0 0 0 0 0 0 0 0 0 0 0 0 0 0 0 0 0 0 0 0 0 0 0 0 0 0 0 0 0 0 0 0 0 0 0 0 0 0 0 0 0 0 0 0 0 0 0 0 0 0 0 0 0 0 0 0 0 0 0 0 0 0 0 0 0 0 0 0 0 0 0 0 0 0 0 0 0 0 0 0 0 0 0 0 0 0 0 0 0 0 0 0 0 0 0 0 0 0 0 0 0 0 0 0 0 0 0 0 0 0 0 0 0 0 0 0 0 0 0 0 0 0 0 0 0 0
7.46248 3.04224e-05 8.19721e-06 2.22252e-05 0.730554 0.681085 0 0 0 0 0 0 0 0 0 0 0 0 0 0 0 0 0 0 0 0 0 0 0 0 0 0 0 0 0 0 0 0 0 0 0 0 0 0 0 0 0 0 0 0 0 0 0 0 0 0 0 0 0 0 0 0 0 0 0 0 0 0 0 0 0 0 0 0 0 0 0 0 0 0 0 0 0 0 0 0 0 0 0 0 0 0 0 0 0 0 0 0 0 0 0 0 0 0 0 0 0 0 0 0 0 0 0 0 0 0 0 0 0 0 0 0 0 0 0 0 0 0 0 0 0 0 0 0 0 0 0 0 0 0 0 0
7.84553 3.11313e-05 8.17421e-06 2.29571e-05 0.737428 0.684072 0 0 0 0 0 0 0 0 0 0 0 0 0 0 0 0 0 0 0 0 0 0 0 0 0 0 0 0 0 0 0 0 0 0 0 0 0 0 0 0 0 0 0 0 0 0 0 0 0 0 0 0 0 0 0 0 0 0 0 0 0 0 0 0 0 0 0 0 0 0 0 0 0 0 0 0 0 0 0 0 0 0 0 0 0 0 0 0 0 0 0 0 0 0 0 0 0 0 0 0 0 0 0 0 0 0 0 0 0 0 0 0 0 0 0 0 0 0 0 0 0 0 0 0 0 0 0 0 0 0 0 0 0 0 0 0
8.24824 3.07717e-05 8.16614e-06 2.26055e-05 0.734621 0.677918 0 0 0 0 0 0 0 0 0 0 0 0 0 0 0 0 0 0 0 0 0 0 0 0 0 0 0 0 0 0 0 0 0 0 0 0 0 0 0 0 0 0 0 0 0 0 0 0 0 0 0 0 0 0 0 0 0 0 0 0 0 0 0 0 0 0 0 0 0 0 0 0 0 0 0 0 0 0 0 0 0 0 0 0 0 0 0 0 0 0 0 0 0 0 0 0 0 0 0 0 0 0 0 0 0 0 0 0 0 0 0 0 0 0 0 0 0 0 0 0 0 0 0 0 0 0 0 0 0 0 0 0 0 0 0 0
8.67162 3.05979e-05 8.13193e-06 2.2466e-05 0.734233 0.674595 0 0 0 0 0 0 0 0 0 0 0 0 0 0 0 0 0 0 0 0 0 0 0 0 0 0 0 0 0 0 0 0 0 0 0 0 0 0 0 0 0 0 0 0 0 0 0 0 0 0 0 0 0 0 0 0 0 0 0 0 0 0 0 0 0 0 0 0 0 0 0 0 0 0 0 0 0 0 0 0 0 0 0 0 0 0 0 0 0 0 0 0 0 0 0 0 0 0 0 0 0 0 0 0 0 0 0 0 0 0 0 0 0 0 0 0 0 0 0 0 0 0 0 0 0 0 0 0 0 0 0 0 0 0 0 0
9.11674 3.13581e-05 8.18602e-06 2.31721e-05 0.73895 0.680226 0 0 0 0 0 0 0 0 0 0 0 0 0 0 0 0 0 0 0 0 0 0 0 0 0 0 0 0 0 0 0 0 0 0 0 0 0 0 0 0 0 0 0 0 0 0 0 0 0 0 0 0 0 0 0 0 0 0 0 0 0 0 0 0 0 0 0 0 0 0 0 0 0 0 0 0 0 0 0 0 0 0 0 0 0 0 0 0 0 0 0 0 0 0 0 0 0 0 0 0 0 0 0 0 0 0 0 0 0 0 0 0 0 0 0 0 0 0 0 0 0 0 0 0 0 0 0 0 0 0 0 0 0 0 0 0
9.5847 3.12102e-05 8.23715e-06 2.2973e-05 0.736075 0.677602 0 0 0 0 0 0 0 0 0 0 0 0 0 0 0 0 0 0 0 0 0 0 0 0 0 0 0 0 0 0 0 0 0 0 0 0 0 0 0 0 0 0 0 0 0 0 0 0 0 0 0 0 0 0 0 0 0 0 0 0 0 0 0 0 0 0 0 0 0 0 0 0 0 0 0 0 0 0 0 0 0 0 0 0 0 0 0 0 0 0 0 0 0 0 0 0 0 0 0 0 0 0 0 0 0 0 0 0 0 0 0 0 0 0 0 0 0 0 0 0 0 0 0 0 0 0 0 0 0 0 0 0 0 0 0 0
10.0767 3.07727e-05 8.27e-06 2.25027e-05 0.731256 0.671317 0 0 0 0 0 0 0 0 0 0 0 0 0 0 0 0 0 0 0 0 0 0 0 0 0 0 0 0 0 0 0 0 0 0 0 0 0 0 0 0 0 0 0 0 0 0 0 0 0 0 0 0 0 0 0 0 0 0 0 0 0 0 0 0 0 0 0 0 0 0 0 0 0 0 0 0 0 0 0 0 0 0 0 0 0 0 0 0 0 0 0 0 0 0 0 0 0 0 0 0 0 0 0 0 0 0 0 0 0 0 0 0 0 0 0 0 0 0 0 0 0 0 0 0 0 0 0 0 0 0 0 0 0 0 0 0
10.5939 3.13459e-05 8.31982e-06 2.30261e-05 0.73458 0.674186 0 0 0 0 0 0 0 0 0 0 0 0 0 0 0 0 0 0 0 0 0 0 0 0 0 0 0 0 0 0 0 0 0 0 0 0 0 0 0 0 0 0 0 0 0 0 0 0 0 0 0 0 0 0 0 0 0 0 0 0 0 0 0 0 0 0 0 0 0 0 0 0 0 0 0 0 0 0 0 0 0 0 0 0 0 0 0 0 0 0 0 0 0 0 0 0 0 0 0 0 0 0 0 0 0 0 0 0 0 0 0 0 0 0 0 0 0 0 0 0 0 0 0 0 0 0 0 0 0 0 0 0 0 0 1.4013e-45 0
11.1377 3.17177e-05 8.38706e-06 2.33306e-05 0.735572 0.676432 0 0 0 0 0 0 0 0 0 0 0 0 0 0 0 0 0 0 0 0 0 0 0 0 0 0 0 0 0 0 0 0 0 0 0 0 0 0 0 0 0 0 0 0 0 0 0 0 0 0 0 0 0 0 0 0 0 0 0 0 0 0 0 0 0 0 0 0 0 0 0 0 0 0 0 0 0 0 0 0 0 0 0 0 0 0 0 0 0 0 0 0 0 0 0 0 0 0 0 0 0 0 0 0 0 0 0 0 1.4013e-45 0 1.4013e-45 0 2.8026e-45 0 4.2039e-45 0 5.60519e-45 0 8.40779e-45 0 1.26117e-44 0 1.96182e-44 0 2.94273e-44 0 4.2039e-44 0 6.02558e-44 0 8.68805e-44 0 1.23314e-43 0 1.75162e-43 0
11.7094 3.16736e-05 8.38686e-06 2.32868e-05 0.73521 0.672731 0 0 0 0 0 0 0 0 0 0 0 0 0 0 0 0 0 0 0 0 0 0 0 0 0 0 0 0 0 0 0 0 0 0 0 0 0 0 0 0 0 0 0 0 0 0 0 0 0 0 0 0 0 0 0 0 0 0 0 0 0 0 0 0 0 0 0 0 0 0 0 0 0 0 0 0 0 0 0 0 0 0 0 0 0 0 1.4013e-45 0 1.4013e-45 0 2.8026e-45 0 4.2039e-45 0 7.00649e-45 0 1.26117e-44 0 2.10195e-44 0 3.50325e-44 0 5.46506e-44 0 8.82818e-44 0 1.38729e-43 0 2.158e-43 0 3.25101e-43 0 5.04467e-43 0 7.56701e-43 0 1.13365e-42 0 1.64653e-42 0 2.45087e-42 0 3.63777e-42 0 5.24506e-42 0 7.34981e-42 0 1.02771e-41 0 1.47122e-41 0 2.04842e-41 0 2.8459e-41 0
12.3105 3.11235e-05 8.48221e-06 2.26413e-05 0.727466 0.669033 0 0 0 0 0 0 0 0 0 0 0 0 0 0 0 0 0 0 0 0 0 0 0 0 0 0 0 0 0 0 0 0 0 0 0 0 0 0 0 0 0 0 0 0 0 0 0 0 0 0 0 0 0 0 0 0 0 0 0 0 0 0 0 0 0 0 0 0 0 0 1.4013e-45 0 1.4013e-45 0 4.2039e-45 0 7.00649e-45 0 1.4013e-44 0 2.8026e-44 0 5.1848e-44 0 9.24857e-44 0 1.66755e-43 0 2.98477e-43 0 4.98862e-43 0 8.54792e-43 0 1.41671e-42 0 2.33596e-42 0 3.73166e-42 0 6.10125e-42 0 9.40692e-42 0 1.48454e-41 0 2.27263e-41 0 3.46695e-41 0 5.13506e-41 0 7.78225e-41 0 1.14569e-40 0 1.68177e-40 0 2.4001e-40 0 3.50378e-40 0 5.10066e-40 0 7.22364e-40 0 9.95775e-40 0 1.36987e-39 0 1.92695e-39 0 2.63982e-39 0 3.60925e-39 0
12.9424 3.15693e-05 8.55187e-06 2.30174e-05 0.729108 0.672194 0 0 0 0 0 0 0 0 0 0 0 0 0 0 0 0 0 0 0 0 0 0 0 0 0 0 0 0 0 0 0 0 0 0 0 0 0 0 0 0 0 0 0 0 0 0 0 0 0 0 0 0 0 0 0 0 0 0 1.4013e-45 0 2.8026e-45 0 7.00649e-45 0 1.68156e-44 0 3.64338e-44 0 8.26766e-44 0 1.7236e-43 0 3.57331e-43 0 7.09057e-43 0 1.39429e-42 0 2.64425e-42 0 4.83308e-42 0 8.77633e-42 0 1.53933e-41 0 2.68377e-41 0 4.65147e-41 0 7.5928e-41 0 1.26722e-40 0 2.04906e-40 0 3.29839e-40 0 5.14983e-40 0 8.21894e-40 0 1.24081e-39 0 1.91501e-39 0 2.87117e-39 0 4.29062e-39 0 6.23442e-39 0 9.2585e-39 0 1.33752e-38 0 1.92691e-38 0 2.70261e-38 0 3.87319e-38 0 5.53599e-38 0 7.70809e-38 0 1.04603e-37 0 1.41678e-37 0 1.96001e-37 0 2.64415e-37 0 3.56038e-37 0
13.6067 3.20501e-05 8.60624e-06 2.34439e-05 0.731476 0.673441 0 0 0 0 0 0 0 0 0 0 0 0 0 0 0 0 0 0 0 0 0 0 0 0 0 0 0 0 0 0 0 0 0 0 0 0 0 0 0 0 0 0 0 0 0 0 0 0 1.4013e-45 0 2.8026e-45 0 9.80909e-45 0 2.94273e-44 0 8.26766e-44 0 2.158e-43 0 5.36697e-43 0 1.27378e-42 0 2.89648e-42 0 6.31285e-42 0 1.3601e-41 0 2.73547e-41 0 5.45035e-41 0 1.04622e-40 0 1.99182e-40 0 3.65962e-40 0 6.49641e-40 0 1.14575e-39 0 1.9552e-39 0 3.31755e-39 0 5.59766e-39 0 8.92125e-39 0 1.45216e-38 0 2.29365e-38 0 3.60727e-38 0 5.5109e-38 0 8.59673e-38 0 1.272e-37 0 1.92199e-37 0 2.82523e-37 0 4.13996e-37 0 5.90676e-37 0 8.60416e-37 0 1.22086e-36 0 1.72778e-36 0 2.38362e-36 0 3.35654e-36 0 4.71459e-36 0 6.45918e-36 0 8.63579e-36 0 1.15246e-35 0 1.56927e-35 0 2.08631e-35 0 2.76873e-35 0
14.3051 3.1903e-05 8.65237e-06 2.32506e-05 0.728791 0.669238 0 0 0 0 0 0 0 0 0 0 0 0 0 0 0 0 0 0 0 0 0 0 0 0 0 0 0 0 0 0 0 0 0 0 0 0 0 0 0 0 0 0 2.8026e-45 0 1.4013e-44 0 5.32493e-44 0 1.84971e-43 0 6.0396e-43 0 1.80627e-42 0 5.12034e-42 0 1.33684e-41 0 3.32892e-41 0 7.92014e-41 0 1.80395e-40 0 3.94028e-40 0 8.26711e-40 0 1.7158e-39 0 3.33499e-39 0 6.425e-39 0 1.19466e-38 0 2.20403e-38 0 3.93102e-38 0 6.78538e-38 0 1.16402e-37 0 1.93522e-37 0 3.19996e-37 0 5.2631e-37 0 8.19932e-37 0 1.30327e-36 0 2.01305e-36 0 3.09675e-36 0 4.63409e-36 0 7.0737e-36 0 1.02682e-35 0 1.52057e-35 0 2.1935e-35 0 3.15486e-35 0 4.42381e-35 0 6.32674e-35 0 8.82509e-35 0 1.22794e-34 0 1.66764e-34 0 2.3094e-34 0 3.19042e-34 0 4.30432e-34 0 5.67376e-34 0 7.46578e-34 0 1.00139e-33 0 1.31294e-33 0 1.71849e-33 0
15.0394 3.16415e-05 8.69305e-06 2.29485e-05 0.725265 0.66519 0 0 0 0 0 0 0 0 0 0 0 0 0 0 0 0 0 0 0 0 0 0 0 0 0 0 0 0 0 0 0 0 0 0 0 0 4.2039e-45 0 2.38221e-44 0 1.28919e-43 0 5.91348e-43 0 2.42425e-42 0 8.69926e-42 0 2.84225e-41 0 8.76722e-41 0 2.48398e-40 0 6.68901e-40 0 1.66672e-39 0 3.96937e-39 0 9.0527e-39 0 1.98068e-38 0 4.16439e-38 0 8.42683e-38 0 1.6877e-37 0 3.17563e-37 0 5.92522e-37 0 1.06887e-36 0 1.91387e-36 0 3.31841e-36 0 5.57731e-36 0 9.31894e-36 0 1.51132e-35 0 2.43842e-35 0 3.91431e-35 0 5.96748e-35 0 9.27304e-35 0 1.40224e-34 0 2.11224e-34 0 3.09922e-34 0 4.63412e-34 0 6.6056e-34 0 9.59619e-34 0 1.35976e-33 0 1.92131e-33 0 2.65e-33 0 3.72428e-33 0 5.11123e-33 0 6.99806e-33 0 9.36297e-33 0 1.27617e-32 0 1.73541e-32 0 2.30733e-32 0 3.00068e-32 0 3.89586e-32 0 5.15117e-32 0 6.66506e-32 0 8.60989e-32 0
15.8114 3.18019e-05 8.73262e-06 2.30693e-05 0.725406 0.666015 0 0 0 0 0 0 0 0 0 0 0 0 0 0 0 0 0 0 0 0 0 0 0 0 0 0 0 0 0 0 1.4013e-45 0 9.80909e-45 0 9.3887e-44 0 6.83834e-43 0 3.92924e-42 0 1.99559e-41 0 8.47267e-41 0 3.24485e-40 0 1.09413e-39 0 3.37418e-39 0 9.85105e-39 0 2.65268e-38 0 6.80603e-38 0 1.62195e-37 0 3.7025e-37 0 8.11091e-37 0 1.70806e-36 0 3.46325e-36 0 6.77097e-36 0 1.31086e-35 0 2.39159e-35 0 4.32848e-35 0 7.58658e-35 0 1.32033e-34 0 2.22859e-34 0 3.65187e-34 0 5.95075e-34 0 9.42562e-34 0 1.48565e-33 0 2.33039e-33 0 3.48035e-33 0 5.29307e-33 0 7.84405e-33 0 1.15817e-32 0 1.66784e-32 0 2.44533e-32 0 3.42583e-32 0 4.88691e-32 0 6.80781e-32 0 9.45827e-32 0 1.28423e-31 0 1.7751e-31 0 2.3988e-31 0 3.23432e-31 0 4.26625e-31 0 5.72761e-31 0 7.67277e-31 0 1.00605e-30 0 1.29169e-30 0 1.65579e-30 0 2.15966e-30 0 2.75943e-30 0 3.52034e-30 0
16.623 3.22019e-05 8.7848e-06 2.34171e-05 0.727197 0.668224 0 0 0 0 0 0 0 0 0 0 0 0 0 0 0 0 0 0 0 0 0 0 0 0 0 0 0 0 9.80909e-45 0 1.54143e-43 0 1.75162e-42 0 1.44936e-41 0 9.63813e-41 0 5.08362e-40 0 2.38492e-39 0 9.43552e-39 0 3.3843e-38 0 1.0754e-37 0 3.13899e-37 0 8.69733e-37 0 2.23143e-36 0 5.46782e-36 0 1.24894e-35 0 2.73842e-35 0 5.7736e-35 0 1.17243e-34 0 2.29658e-34 0 4.34543e-34 0 8.14571e-34 0 1.44315e-33 0 2.53735e-33 0 4.32705e-33 0 7.32957e-33 0 1.20594e-32 0 1.92903e-32 0 3.06933e-32 0 4.75368e-32 0 7.32806e-32 0 1.12449e-31 0 1.64681e-31 0 2.4538e-31 0 3.56723e-31 0 5.16773e-31 0 7.31052e-31 0 1.05201e-30 0 1.44977e-30 0 2.03252e-30 0 2.78598e-30 0 3.80899e-30 0 5.09513e-30 0 6.93222e-30 0 9.23119e-30 0 1.22662e-29 0 1.59626e-29 0 2.11243e-29 0 2.78973e-29 0 3.60981e-29 0 4.5785e-29 0 5.79837e-29 0 7.46538e-29 0 9.42519e-29 0 1.1882e-28 0
17.4762 3.2367e-05 8.84831e-06 2.35186e-05 0.726625 0.667581 0 0 0 0 0 0 0 0 0 0 0 0 0 0 0 0 0 0 0 0 0 0 0 0 1.4013e-45 0 6.44597e-44 0 1.57086e-42 0 2.312e-41 0 2.33313e-40 0 1.74078e-39 0 1.05529e-38 0 5.13202e-38 0 2.23261e-37 0 8.2593e-37 0 2.78332e-36 0 8.35893e-36 0 2.31556e-35 0 6.1044e-35 0 1.49576e-34 0 3.50823e-34 0 7.69667e-34 0 1.6241e-33 0 3.30174e-33 0 6.47687e-33 0 1.22773e-32 0 2.2518e-32 0 4.09358e-32 0 7.05274e-32 0 1.20632e-31 0 2.00427e-31 0 3.30877e-31 0 5.31322e-31 0 8.30634e-31 0 1.29201e-30 0 1.95873e-30 0 2.95637e-30 0 4.44267e-30 0 6.38622e-30 0 9.33217e-30 0 1.33211e-29 0 1.89518e-29 0 2.63599e-29 0 3.72646e-29 0 5.05564e-29 0 6.97185e-29 0 9.41035e-29 0 1.26709e-28 0 1.67102e-28 0 2.2396e-28 0 2.94092e-28 0 3.85398e-28 0 4.95126e-28 0 6.46332e-28 0 8.42049e-28 0 1.07596e-27 0 1.34894e-27 0 1.68876e-27 0 2.14761e-27 0 2.68072e-27 0 3.34149e-27 0
18.3733 3.22636e-05 8.88522e-06 2.33784e-05 0.724606 0.663668 0 0 0 0 0 0 0 0 0 0 0 0 0 0 0 0 0 0 0 0 0 0 1.4013e-45 0 2.36819e-43 0 9.88896e-42 0 2.07258e-40 0 2.67403e-39 0 2.41049e-38 0 1.6304e-37 0 9.0513e-37 0 4.07465e-36 0 1.64983e-35 0 5.72574e-35 0 1.8184e-34 0 5.1756e-34 0 1.36415e-33 0 3.42999e-33 0 8.04468e-33 0 1.80992e-32 0 3.82133e-32 0 7.77481e-32 0 1.52678e-31 0 2.89808e-31 0 5.3246e-31 0 9.48101e-31 0 1.67399e-30 0 2.80849e-30 0 4.67947e-30 0 7.58446e-30 0 1.22182e-29 0 1.91714e-29 0 2.93246e-29 0 4.46396e-29 0 6.63143e-29 0 9.80982e-29 0 1.44514e-28 0 2.04087e-28 0 2.9276e-28 0 4.10699e-28 0 5.74326e-28 0 7.86058e-28 0 1.09261e-27 0 1.46042e-27 0 1.9826e-27 0 2.63714e-27 0 3.49966e-27 0 4.55338e-27 0 6.01607e-27 0 7.79558e-27 0 1.00819e-26 0 1.27949e-26 0 1.64863e-26 0 2.1203e-26 0 2.67705e-26 0 3.31941e-26 0 4.11028e-26 0 5.16609e-26 0 6.37905e-26 0 7.86635e-26 0
19.3164 3.21968e-05 8.86791e-06 2.33289e-05 0.724572 0.659065 0 0 0 0 0 0 0 0 0 0 0 0 0 0 0 0 0 0 0 0 1.4013e-45 0 3.58732e-43 0 3.36956e-41 0 1.17072e-39 0 2.11497e-38 0 2.40842e-37 0 1.95005e-36 0 1.20144e-35 0 6.13443e-35 0 2.56598e-34 0 9.70396e-34 0 3.16925e-33 0 9.5129e-33 0 2.57278e-32 0 6.46776e-32 0 1.55466e-31 0 3.49764e-31 0 7.56367e-31 0 1.53972e-30 0 3.02591e-30 0 5.74953e-30 0 1.05774e-29 0 1.8865e-29 0 3.2658e-29 0 5.60834e-29 0 9.1745e-29 0 1.49101e-28 0 2.36031e-28 0 3.71484e-28 0 5.70211e-28 0 8.54282e-28 0 1.27403e-27 0 1.85641e-27 0 2.69417e-27 0 3.89458e-27 0 5.40812e-27 0 7.6224e-27 0 1.05178e-26 0 1.44694e-26 0 1.95026e-26 0 2.66761e-26 0 3.51545e-26 0 4.70171e-26 0 6.16744e-26 0 8.0723e-26 0 1.03687e-25 0 1.35144e-25 0 1.72917e-25 0 2.2084e-25 0 2.77025e-25 0 3.5256e-25 0 4.47889e-25 0 5.59096e-25 0 6.8601e-25 0 8.40637e-25 0 1.04485e-24 0 1.27695e-24 0 1.55865e-24 0
20.3079 3.22456e-05 8.78763e-06 2.3458e-05 0.727478 0.654858 0 0 0 0 0 0 0 0 0 0 0 0 0 0 0 0 0 0 0 0 1.42932e-43 0 4.89347e-41 0 3.68495e-39 0 1.07666e-37 0 1.68875e-36 0 1.70771e-35 0 1.24848e-34 0 7.03859e-34 0 3.31883e-33 0 1.29456e-32 0 4.58787e-32 0 1.41424e-31 0 4.02321e-31 0 1.03649e-30 0 2.49099e-30 0 5.73662e-30 0 1.24052e-29 0 2.58349e-29 0 5.07976e-29 0 9.65901e-29 0 1.77868e-28 0 3.17627e-28 0 5.50715e-28 0 9.28163e-28 0 1.5524e-27 0 2.47922e-27 0 3.93474e-27 0 6.09066e-27 0 9.37602e-27 0 1.40938e-26 0 2.07025e-26 0 3.02779e-26 0 4.3315e-26 0 6.17294e-26 0 8.76422e-26 0 1.19767e-25 0 1.65999e-25 0 2.25483e-25 0 3.05403e-25 0 4.05683e-25 0 5.4648e-25 0 7.10528e-25 0 9.36896e-25 0 1.21279e-24 0 1.56665e-24 0 1.98788e-24 0 2.55767e-24 0 3.2334e-24 0 4.08049e-24 0 5.06229e-24 0 6.36719e-24 0 7.99487e-24 0 9.87245e-24 0 1.19931e-23 0 1.45512e-23 0 1.7895e-23 0 2.16571e-23 0 2.61786e-23 0
21.3503 3.22758e-05 8.65485e-06 2.36209e-05 0.731847 0.650879 0 0 0 0 0 0 0 0 0 0 0 0 0 0 0 0 0 0 4.2039e-45 0 1.99433e-41 0 5.15713e-39 0 3.14475e-37 0 7.79247e-36 0 1.06855e-34 0 9.65121e-34 0 6.40275e-33 0 3.3174e-32 0 1.45015e-31 0 5.29284e-31 0 1.7634e-30 0 5.14507e-30 0 1.39083e-29 0 3.42138e-29 0 7.87793e-29 0 1.74184e-28 0 3.62746e-28 0 7.28871e-28 0 1.3866e-27 0 2.55513e-27 0 4.56702e-27 0 7.92788e-27 0 1.33813e-26 0 2.1985e-26 0 3.5859e-26 0 5.59737e-26 0 8.68542e-26 0 1.31606e-25 0 1.98373e-25 0 2.92314e-25 0 4.21396e-25 0 6.04968e-25 0 8.50457e-25 0 1.19123e-24 0 1.66258e-24 0 2.23762e-24 0 3.05234e-24 0 4.08456e-24 0 5.45097e-24 0 7.14111e-24 0 9.48061e-24 0 1.21696e-23 0 1.58315e-23 0 2.02369e-23 0 2.58167e-23 0 3.23796e-23 0 4.11511e-23 0 5.1431e-23 0 6.41717e-23 0 7.87783e-23 0 9.79818e-23 0 1.21669e-22 0 1.48704e-22 0 1.78938e-22 0 2.15066e-22 0 2.61829e-22 0 3.13935e-22 0 3.75981e-22 0
22.4463 3.21947e-05 8.51246e-06 2.36822e-05 0.735594 0.646768 0 0 0 0 0 0 0 0 0 0 0 0 0 0 0 0 0 0 7.35682e-43 0 2.16468e-39 0 4.26789e-37 0 2.12928e-35 0 4.51082e-34 0 5.44321e-33 0 4.41548e-32 0 2.67079e-31 0 1.277e-30 0 5.19432e-30 0 1.77972e-29 0 5.59106e-29 0 1.54821e-28 0 3.98681e-28 0 9.38569e-28 0 2.07488e-27 0 4.41332e-27 0 8.86756e-27 0 1.72209e-26 0 3.17482e-26 0 5.67834e-26 0 9.86565e-26 0 1.66708e-25 0 2.74281e-25 0 4.39843e-25 0 7.0048e-25 0 1.06989e-24 0 1.62491e-24 0 2.4127e-24 0 3.56458e-24 0 5.15413e-24 0 7.29863e-24 0 1.02948e-23 0 1.42336e-23 0 1.96115e-23 0 2.69297e-23 0 3.5722e-23 0 4.79952e-23 0 6.3319e-23 0 8.33188e-23 0 1.07723e-22 0 1.41049e-22 0 1.78861e-22 0 2.29712e-22 0 2.90135e-22 0 3.65758e-22 0 4.53692e-22 0 5.69885e-22 0 7.04536e-22 0 8.69619e-22 0 1.05692e-21 0 1.30064e-21 0 1.59809e-21 0 1.93414e-21 0 2.30644e-21 0 2.74734e-21 0 3.31274e-21 0 3.93696e-21 0 4.67372e-21 0
23.5984 3.20105e-05 8.35079e-06 2.36597e-05 0.739123 0.639892 0 0 0 0 0 0 0 0 0 0 0 0 0 0 0 0 0 0 9.22867e-41 0 1.84002e-37 0 2.80285e-35 0 1.15535e-33 0 2.10861e-32 0 2.25313e-31 0 1.65015e-30 0 9.14158e-30 0 4.04942e-29 0 1.53809e-28 0 4.96239e-28 0 1.47422e-27 0 3.8842e-27 0 9.5508e-27 0 2.15638e-26 0 4.58598e-26 0 9.40158e-26 0 1.82576e-25 0 3.43259e-25 0 6.14207e-25 0 1.0678e-24 0 1.80584e-24 0 2.97431e-24 0 4.77605e-24 0 7.48439e-24 0 1.16517e-23 0 1.74321e-23 0 2.59406e-23 0 3.77808e-23 0 5.47647e-23 0 7.7773e-23 0 1.08277e-22 0 1.50183e-22 0 2.04385e-22 0 2.77236e-22 0 3.74839e-22 0 4.90409e-22 0 6.49469e-22 0 8.45317e-22 0 1.09751e-21 0 1.40128e-21 0 1.81081e-21 0 2.26977e-21 0 2.87969e-21 0 3.59592e-21 0 4.4822e-21 0 5.50162e-21 0 6.83412e-21 0 8.36182e-21 0 1.02156e-20 0 1.22982e-20 0 1.49815e-20 0 1.82235e-20 0 2.1851e-20 0 2.58342e-20 0 3.05109e-20 0 3.64553e-20 0 4.2961e-20 0 5.05753e-20 0
24.8097 3.19249e-05 8.16815e-06 2.37568e-05 0.744145 0.630078 0 0 0 0 0 0 0 0 0 0 0 0 0 0 0 0 9.80909e-45 0 9.00485e-39 0 1.23896e-35 0 1.4766e-33 0 5.076e-32 0 8.03939e-31 0 7.65217e-30 0 5.08512e-29 0 2.59119e-28 0 1.06736e-27 0 3.79841e-27 0 1.15738e-26 0 3.26031e-26 0 8.19323e-26 0 1.92804e-25 0 4.18345e-25 0 8.57512e-25 0 1.69741e-24 0 3.19123e-24 0 5.81767e-24 0 1.01182e-23 0 1.71219e-23 0 2.82229e-23 0 4.53657e-23 0 7.11817e-23 0 1.09127e-22 0 1.66256e-22 0 2.43892e-22 0 3.55958e-22 0 5.08998e-22 0 7.2456e-22 0 1.0115e-21 0 1.38566e-21 0 1.89148e-21 0 2.53569e-21 0 3.3887e-21 0 4.51475e-21 0 5.82973e-21 0 7.61539e-21 0 9.78509e-21 0 1.25435e-20 0 1.58254e-20 0 2.0196e-20 0 2.50371e-20 0 3.13979e-20 0 3.87842e-20 0 4.78261e-20 0 5.81191e-20 0 7.14351e-20 0 8.65471e-20 0 1.04705e-19 0 1.24914e-19 0 1.5071e-19 0 1.81579e-19 0 2.15802e-19 0 2.53062e-19 0 2.96455e-19 0 3.51149e-19 0 4.10509e-19 0 4.79432e-19 0
26.0832 3.20533e-05 8.01426e-06 2.40391e-05 0.749971 0.619054 0 0 0 0 0 0 0 0 0 0 0 0 0 0 0 0 1.47697e-42 0 6.95436e-37 0 6.72359e-34 0 6.34509e-32 0 1.83523e-30 0 2.5399e-29 0 2.16571e-28 0 1.31207e-27 0 6.17487e-27 0 2.37368e-26 0 7.93958e-26 0 2.29111e-25 0 6.13577e-25 0 1.4741e-24 0 3.32691e-24 0 6.95079e-24 0 1.37569e-23 0 2.63384e-23 0 4.80147e-23 0 8.50027e-23 0 1.43897e-22 0 2.37327e-22 0 3.81768e-22 0 5.996e-22 0 9.20344e-22 0 1.38182e-21 0 2.06239e-21 0 2.96938e-21 0 4.25452e-21 0 5.9784e-21 0 8.36481e-21 0 1.14887e-20 0 1.54985e-20 0 2.08371e-20 0 2.7537e-20 0 3.62831e-20 0 4.76674e-20 0 6.07878e-20 0 7.8378e-20 0 9.94835e-20 0 1.25991e-19 0 1.57162e-19 0 1.98192e-19 0 2.43136e-19 0 3.01554e-19 0 3.68672e-19 0 4.49994e-19 0 5.41661e-19 0 6.59092e-19 0 7.91075e-19 0 9.4819e-19 0 1.1215e-18 0 1.34074e-18 0 1.60073e-18 0 1.88646e-18 0 2.19504e-18 0 2.55163e-18 0 2.99751e-18 0 3.4776e-18 0 4.03082e-18 0
27.4221 3.22666e-05 7.87551e-06 2.43911e-05 0.755924 0.606814 0 0 0 0 0 0 0 0 0 0 0 0 0 0 0 0 1.7258e-40 0 4.29375e-35 0 2.96772e-32 0 2.24306e-30 0 5.50489e-29 0 6.70133e-28 0 5.14637e-27 0 2.85536e-26 0 1.24591e-25 0 4.48467e-25 0 1.41417e-24 0 3.87507e-24 0 9.89042e-24 0 2.2766e-23 0 4.9379e-23 0 9.95203e-23 0 1.90512e-22 0 3.53362e-22 0 6.25564e-22 0 1.07701e-21 0 1.77696e-21 0 2.85997e-21 0 4.49505e-21 0 6.90596e-21 0 1.03807e-20 0 1.52796e-20 0 2.23635e-20 0 3.16305e-20 0 4.45312e-20 0 6.1544e-20 0 8.471e-20 0 1.14557e-19 0 1.52298e-19 0 2.0182e-19 0 2.63106e-19 0 3.42035e-19 0 4.43405e-19 0 5.58779e-19 0 7.11588e-19 0 8.9275e-19 0 1.11765e-18 0 1.37921e-18 0 1.71969e-18 0 2.08872e-18 0 2.56348e-18 0 3.10344e-18 0 3.75131e-18 0 4.47479e-18 0 5.393e-18 0 6.41552e-18 0 7.62198e-18 0 8.94151e-18 0 1.05967e-17 0 1.25426e-17 0 1.46634e-17 0 1.69362e-17 0 1.95434e-17 0 2.27786e-17 0 2.6236e-17 0 3.01912e-17 0
28.8297 3.25768e-05 7.76811e-06 2.48087e-05 0.761545 0.592279 0 0 0 0 0 0 0 0 0 0 0 0 0 0 2.94273e-44 0 1.58319e-38 0 2.1475e-33 0 1.07865e-30 0 6.60064e-29 0 1.38558e-27 0 1.49297e-26 0 1.03792e-25 0 5.29654e-25 0 2.1507e-24 0 7.27219e-24 0 2.16813e-23 0 5.65572e-23 0 1.37897e-22 0 3.04754e-22 0 6.36484e-22 0 1.23964e-21 0 2.299e-21 0 4.13749e-21 0 7.12323e-21 0 1.19428e-20 0 1.92285e-20 0 3.0237e-20 0 4.64862e-20 0 6.99372e-20 0 1.03055e-19 0 1.48853e-19 0 2.13849e-19 0 2.97388e-19 0 4.11745e-19 0 5.60131e-19 0 7.59039e-19 0 1.01147e-18 0 1.32612e-18 0 1.73334e-18 0 2.23064e-18 0 2.8629e-18 0 3.66465e-18 0 4.56633e-18 0 5.74686e-18 0 7.13053e-18 0 8.82949e-18 0 1.07845e-17 0 1.33027e-17 0 1.60047e-17 0 1.94471e-17 0 2.33247e-17 0 2.79342e-17 0 3.30359e-17 0 3.94536e-17 0 4.65378e-17 0 5.48262e-17 0 6.38184e-17 0 7.50077e-17 0 8.80534e-17 0 1.0216e-16 0 1.17167e-16 0 1.34263e-16 0 1.55322e-16 0 1.77667e-16 0 2.03055e-16 0
30.3095 3.29948e-05 7.67586e-06 2.5319e-05 0.767362 0.577497 0 0 0 0 0 0 0 0 0 0 0 0 5.46506e-44 0 4.02733e-42 0 1.15195e-36 0 8.77506e-32 0 3.25332e-29 0 1.62854e-27 0 2.94643e-26 0 2.82689e-25 0 1.78775e-24 0 8.42509e-24 0 3.19484e-23 0 1.01789e-22 0 2.87713e-22 0 7.16196e-22 0 1.67186e-21 0 3.55452e-21 0 7.16148e-21 0 1.35013e-20 0 2.42953e-20 0 4.24874e-20 0 7.1233e-20 0 1.16453e-19 0 1.83186e-19 0 2.81766e-19 0 4.24184e-19 0 6.25573e-19 0 9.04521e-19 0 1.28325e-18 0 1.81125e-18 0 2.47857e-18 0 3.37759e-18 0 4.52629e-18 0 6.04329e-18 0 7.94096e-18 0 1.02745e-17 0 1.32551e-17 0 1.68493e-17 0 2.13632e-17 0 2.70182e-17 0 3.33064e-17 0 4.14491e-17 0 5.089e-17 0 6.23612e-17 0 7.54287e-17 0 9.20934e-17 0 1.09803e-16 0 1.32157e-16 0 1.57108e-16 0 1.86506e-16 0 2.18769e-16 0 2.59013e-16 0 3.03068e-16 0 3.54199e-16 0 4.09246e-16 0 4.77221e-16 0 5.55852e-16 0 6.40239e-16 0 7.29395e-16 0 8.30277e-16 0 9.53702e-16 0 1.08377e-15 0 1.23058e-15 0
31.8653 3.34822e-05 7.61917e-06 2.5863e-05 0.772441 0.564981 0 0 0 0 0 0 0 0 0 0 3.08286e-44 0 7.21809e-42 0 4.35323e-40 0 6.7428e-35 0 2.96693e-30 0 8.24045e-28 0 3.40759e-26 0 5.35242e-25 0 4.5985e-24 0 2.6577e-23 0 1.16119e-22 0 4.12586e-22 0 1.24221e-21 0 3.3375e-21 0 7.94613e-21 0 1.77971e-20 0 3.647e-20 0 7.10075e-20 0 1.29787e-19 0 2.26945e-19 0 3.86196e-19 0 6.31352e-19 0 1.00767e-18 0 1.55044e-18 0 2.33518e-18 0 3.44597e-18 0 4.98653e-18 0 7.08142e-18 0 9.87633e-18 0 1.37074e-17 0 1.84726e-17 0 2.47955e-17 0 3.27567e-17 0 4.31223e-17 0 5.59128e-17 0 7.14394e-17 0 9.10246e-17 0 1.14358e-16 0 1.43324e-16 0 1.79197e-16 0 2.18658e-16 0 2.69225e-16 0 3.27251e-16 0 3.97058e-16 0 4.75818e-16 0 5.75309e-16 0 6.80077e-16 0 8.11157e-16 0 9.56189e-16 0 1.12565e-15 0 1.31012e-15 0 1.5384e-15 0 1.7863e-15 0 2.07184e-15 0 2.37701e-15 0 2.7511e-15 0 3.18063e-15 0 3.6383e-15 0 4.11865e-15 0 4.65874e-15 0 5.3152e-15 0 6.00249e-15 0 6.77348e-15 0
33.5009 3.39285e-05 7.54314e-06 2.63853e-05 0.777675 0.553072 0 0 0 0 0 0 0 0 2.8026e-45 0 4.19689e-42 0 7.46936e-40 0 3.68741e-38 0 3.18679e-33 0 8.3197e-29 0 1.75567e-26 0 6.05362e-25 0 8.31226e-24 0 6.42955e-23 0 3.41093e-22 0 1.38676e-21 0 4.63159e-21 0 1.32142e-20 0 3.38306e-20 0 7.72059e-20 0 1.66244e-19 0 3.28942e-19 0 6.19954e-19 0 1.10027e-18 0 1.87215e-18 0 3.10423e-18 0 4.95445e-18 0 7.72911e-18 0 1.16447e-17 0 1.71913e-17 0 2.48915e-17 0 3.53753e-17 0 4.9384e-17 0 6.77653e-17 0 9.25587e-17 0 1.22931e-16 0 1.62654e-16 0 2.11977e-16 0 2.75335e-16 0 3.52503e-16 0 4.45034e-16 0 5.60373e-16 0 6.96221e-16 0 8.63002e-16 0 1.0673e-15 0 1.28974e-15 0 1.57195e-15 0 1.89264e-15 0 2.27478e-15 0 2.70203e-15 0 3.23686e-15 0 3.79519e-15 0 4.4879e-15 0 5.248e-15 0 6.12905e-15 0 7.08084e-15 0 8.24963e-15 0 9.50942e-15 0 1.09499e-14 0 1.24788e-14 0 1.434e-14 0 1.64618e-14 0 1.87074e-14 0 2.10494e-14 0 2.36669e-14 0 2.68285e-14 0 3.01183e-14 0 3.37869e-14 0
35.2205 3.42457e-05 7.47054e-06 2.67752e-05 0.781855 0.540606 0 0 0 0 0 0 0 0 3.64338e-43 0 4.40456e-40 0 6.08675e-38 0 2.48395e-36 0 1.23239e-31 0 1.95821e-27 0 3.18207e-25 0 9.23021e-24 0 1.11524e-22 0 7.80641e-22 0 3.81734e-21 0 1.44927e-20 0 4.56361e-20 0 1.23706e-19 0 3.02499e-19 0 6.63085e-19 0 1.37531e-18 0 2.63212e-18 0 4.80958e-18 0 8.30011e-18 0 1.37611e-17 0 2.2261e-17 0 3.47274e-17 0 5.30123e-17 0 7.82863e-17 0 1.13398e-16 0 1.6125e-16 0 2.25266e-16 0 3.09391e-16 0 4.18042e-16 0 5.62365e-16 0 7.36626e-16 0 9.61417e-16 0 1.23686e-15 0 1.58616e-15 0 2.00636e-15 0 2.50436e-15 0 3.11813e-15 0 3.83321e-15 0 4.7019e-15 0 5.75497e-15 0 6.89038e-15 0 8.31736e-15 0 9.92377e-15 0 1.18209e-14 0 1.39236e-14 0 1.65331e-14 0 1.92349e-14 0 2.25603e-14 0 2.61805e-14 0 3.0345e-14 0 3.48111e-14 0 4.02557e-14 0 4.60823e-14 0 5.26987e-14 0 5.96745e-14 0 6.81112e-14 0 7.76645e-14 0 8.77094e-14 0 9.81232e-14 0 1.09695e-13 0 1.2359e-13 0 1.37964e-13 0 1.53903e-13 0
37.0284 3.45524e-05 7.37012e-06 2.71823e-05 0.786697 0.526258 0 0 0 0 0 0 0 0 4.23767e-41 0 3.62253e-38 0 3.93539e-36 0 1.33999e-34 0 3.92146e-30 0 3.88547e-26 0 4.92439e-24 0 1.21185e-22 0 1.2965e-21 0 8.25265e-21 0 3.73464e-20 0 1.32846e-19 0 3.95535e-19 0 1.02122e-18 0 2.39054e-18 0 5.04313e-18 0 1.0094e-17 0 1.87156e-17 0 3.32065e-17 0 5.57994e-17 0 9.02564e-17 0 1.42617e-16 0 2.17706e-16 0 3.2554e-16 0 4.7168e-16 0 6.70983e-16 0 9.37862e-16 0 1.28898e-15 0 1.74313e-15 0 2.32092e-15 0 3.0773e-15 0 3.9781e-15 0 5.12499e-15 0 6.51267e-15 0 8.2511e-15 0 1.03179e-14 0 1.27403e-14 0 1.56938e-14 0 1.90993e-14 0 2.31951e-14 0 2.81113e-14 0 3.33629e-14 0 3.99039e-14 0 4.72022e-14 0 5.57475e-14 0 6.51411e-14 0 7.67037e-14 0 8.85814e-14 0 1.0309e-13 0 1.18766e-13 0 1.3667e-13 0 1.55737e-13 0 1.78822e-13 0 2.03358e-13 0 2.31037e-13 0 2.60037e-13 0 2.9489e-13 0 3.34104e-13 0 3.75082e-13 0 4.17323e-13 0 4.64007e-13 0 5.19747e-13 0 5.77086e-13 0 6.40328e-13 0
38.9291 3.48551e-05 7.26291e-06 2.75922e-05 0.791625 0.512253 0 0 0 0 0 0 5.88545e-44 0 3.85303e-39 0 2.36884e-36 0 2.04695e-34 0 5.86702e-33 0 1.0392e-28 0 6.57045e-25 0 6.57402e-23 0 1.3836e-21 0 1.31849e-20 0 7.66747e-20 0 3.22326e-19 0 1.07768e-18 0 3.04222e-18 0 7.49918e-18 0 1.68405e-17 0 3.42554e-17 0 6.62795e-17 0 1.19241e-16 0 2.05726e-16 0 3.37047e-16 0 5.32527e-16 0 8.22874e-16 0 1.23045e-15 0 1.80413e-15 0 2.56713e-15 0 3.58953e-15 0 4.93589e-15 0 6.6793e-15 0 8.90048e-15 0 1.16862e-14 0 1.52828e-14 0 1.95103e-14 0 2.48262e-14 0 3.11813e-14 0 3.90509e-14 0 4.83026e-14 0 5.90317e-14 0 7.19803e-14 0 8.67639e-14 0 1.04376e-13 0 1.25316e-13 0 1.47489e-13 0 1.74869e-13 0 2.05163e-13 0 2.40344e-13 0 2.78716e-13 0 3.25581e-13 0 3.73363e-13 0 4.3131e-13 0 4.93475e-13 0 5.63983e-13 0 6.38582e-13 0 7.28307e-13 0 8.23054e-13 0 9.29273e-13 0 1.03989e-12 0 1.17205e-12 0 1.31984e-12 0 1.47337e-12 0 1.63078e-12 0 1.80385e-12 0 2.00938e-12 0 2.21969e-12 0 2.45047e-12 0
40.9273 3.51031e-05 7.09981e-06 2.80033e-05 0.797744 0.499504 0 0 0 0 0 0 7.20267e-42 0 2.75249e-37 0 1.23681e-34 0 8.59652e-33 0 2.09161e-31 0 2.29797e-27 0 9.47687e-24 0 7.57254e-22 0 1.37346e-20 0 1.17241e-19 0 6.25645e-19 0 2.45201e-18 0 7.729e-18 0 2.07405e-17 0 4.8923e-17 0 1.05609e-16 0 2.075e-16 0 3.88752e-16 0 6.79623e-16 0 1.14173e-15 0 1.82599e-15 0 2.82131e-15 0 4.26791e-15 0 6.2577e-15 0 9.00542e-15 0 1.25952e-14 0 1.73256e-14 0 2.34564e-14 0 3.12761e-14 0 4.10968e-14 0 5.32468e-14 0 6.87279e-14 0 8.66993e-14 0 1.09032e-13 0 1.35427e-13 0 1.67753e-13 0 2.05353e-13 0 2.4852e-13 0 3.00113e-13 0 3.58468e-13 0 4.27358e-13 0 5.08537e-13 0 5.93771e-13 0 6.98174e-13 0 8.12758e-13 0 9.44801e-13 0 1.08775e-12 0 1.26104e-12 0 1.43648e-12 0 1.64777e-12 0 1.87291e-12 0 2.1266e-12 0 2.39333e-12 0 2.71215e-12 0 3.04673e-12 0 3.4196e-12 0 3.80571e-12 0 4.2644e-12 0 4.77434e-12 0 5.30117e-12 0 5.83852e-12 0 6.4264e-12 0 7.12102e-12 0 7.82818e-12 0 8.60044e-12 0
43.0281 3.52476e-05 6.92254e-06 2.83251e-05 0.803603 0.488447 0 0 0 0 0 0 6.88145e-40 0 1.57119e-35 0 5.23958e-33 0 2.96061e-31 0 6.16399e-30 0 4.29966e-26 0 1.18097e-22 0 7.61948e-21 0 1.19964e-19 0 9.22248e-19 0 4.53511e-18 0 1.66272e-17 0 4.95538e-17 0 1.26719e-16 0 2.86642e-16 0 5.9595e-16 0 1.13294e-15 0 2.0585e-15 0 3.50188e-15 0 5.73586e-15 0 8.9655e-15 0 1.35613e-14 0 2.01043e-14 0 2.89317e-14 0 4.0902e-14 0 5.62771e-14 0 7.62172e-14 0 1.01672e-13 0 1.33676e-13 0 1.73324e-13 0 2.21744e-13 0 2.8267e-13 0 3.52563e-13 0 4.38444e-13 0 5.38853e-13 0 6.60534e-13 0 8.00642e-13 0 9.59962e-13 0 1.14862e-12 0 1.36011e-12 0 1.60764e-12 0 1.89685e-12 0 2.19808e-12 0 2.56421e-12 0 2.96298e-12 0 3.41913e-12 0 3.90945e-12 0 4.49968e-12 0 5.09319e-12 0 5.80334e-12 0 6.55516e-12 0 7.39706e-12 0 8.27694e-12 0 9.32242e-12 0 1.04132e-11 0 1.16219e-11 0 1.28667e-11 0 1.43376e-11 0 1.59638e-11 0 1.7635e-11 0 1.93313e-11 0 2.11783e-11 0 2.33501e-11 0 2.55505e-11 0 2.79425e-11 0
45.2368 3.53208e-05 6.77226e-06 2.85485e-05 0.808264 0.477353 0 0 0 0 0 0 5.20991e-38 0 7.28749e-34 0 1.83003e-31 0 8.4918e-30 0 1.52443e-28 0 6.90273e-25 0 1.28804e-21 0 6.78046e-20 0 9.33119e-19 0 6.4936e-18 0 2.95428e-17 0 1.01657e-16 0 2.87235e-16 0 7.01608e-16 0 1.52505e-15 0 3.05939e-15 0 5.63651e-15 0 9.94696e-15 0 1.64883e-14 0 2.63639e-14 0 4.03195e-14 0 5.97679e-14 0 8.69174e-14 0 1.22878e-13 0 1.70806e-13 0 2.31378e-13 0 3.08754e-13 0 4.06118e-13 0 5.26866e-13 0 6.74524e-13 0 8.52644e-13 0 1.07411e-12 0 1.32532e-12 0 1.6307e-12 0 1.98407e-12 0 2.40805e-12 0 2.89154e-12 0 3.43635e-12 0 4.07584e-12 0 4.78664e-12 0 5.61176e-12 0 6.56803e-12 0 7.5565e-12 0 8.74911e-12 0 1.00386e-11 0 1.15034e-11 0 1.30672e-11 0 1.49372e-11 0 1.68054e-11 0 1.9027e-11 0 2.13644e-11 0 2.39665e-11 0 2.66706e-11 0 2.98655e-11 0 3.318e-11 0 3.68334e-11 0 4.05767e-11 0 4.4977e-11 0 4.98164e-11 0 5.47646e-11 0 5.97636e-11 0 6.51827e-11 0 7.15254e-11 0 7.79224e-11 0 8.48457e-11 0
47.5588 3.53219e-05 6.7022e-06 2.86197e-05 0.810254 0.463999 0 0 0 0 1.02295e-43 0 3.18772e-36 0 2.79779e-32 0 5.36443e-30 0 2.06394e-28 0 3.21791e-27 0 9.66031e-24 0 1.24796e-20 0 5.41363e-19 0 6.55497e-18 0 4.14937e-17 0 1.75317e-16 0 5.67943e-16 0 1.5254e-15 0 3.56699e-15 0 7.46498e-15 0 1.4475e-14 0 2.58843e-14 0 4.44296e-14 0 7.18524e-14 0 1.12286e-13 0 1.68198e-13 0 2.44583e-13 0 3.49241e-13 0 4.85456e-13 0 6.64042e-13 0 8.86299e-13 0 1.16615e-12 0 1.51349e-12 0 1.93869e-12 0 2.45227e-12 0 3.06457e-12 0 3.81728e-12 0 4.66197e-12 0 5.67842e-12 0 6.84307e-12 0 8.22721e-12 0 9.79123e-12 0 1.15384e-11 0 1.3572e-11 0 1.58143e-11 0 1.8397e-11 0 2.13671e-11 0 2.44151e-11 0 2.80669e-11 0 3.19882e-11 0 3.64127e-11 0 4.11062e-11 0 4.66828e-11 0 5.22202e-11 0 5.87661e-11 0 6.56133e-11 0 7.31929e-11 0 8.1027e-11 0 9.02333e-11 0 9.97339e-11 0 1.10152e-10 0 1.20775e-10 0 1.33201e-10 0 1.46798e-10 0 1.60635e-10 0 1.74552e-10 0 1.89575e-10 0 2.07081e-10 0 2.2466e-10 0 2.43606e-10 0
50 3.52513e-05 6.5917e-06 2.86596e-05 0.813008 0.445842 1.4013e-45 0 2.8026e-45 0 1.16378e-41 0 1.56553e-34 0 8.81997e-31 0 1.30835e-28 0 4.21216e-27 0 5.74302e-26 0 1.16621e-22 0 1.0619e-19 0 3.83206e-18 0 4.10804e-17 0 2.37639e-16 0 9.35846e-16 0 2.86261e-15 0 7.32638e-15 0 1.64361e-14 0 3.31791e-14 0 6.22891e-14 0 1.0827e-13 0 1.81004e-13 0 2.85932e-13 0 4.37199e-13 0 6.42108e-13 0 9.16801e-13 0 1.28653e-12 0 1.7598e-12 0 2.37064e-12 0 3.11981e-12 0 4.05026e-12 0 5.19018e-12 0 6.56842e-12 0 8.21366e-12 0 1.01534e-11 0 1.25124e-11 0 1.51327e-11 0 1.82554e-11 0 2.18002e-11 0 2.5975e-11 0 3.06513e-11 0 3.58324e-11 0 4.18151e-11 0 4.83611e-11 0 5.58451e-11 0 6.4389e-11 0 7.30965e-11 0 8.34597e-11 0 9.45146e-11 0 1.06909e-10 0 1.19977e-10 0 1.3541e-10 0 1.50645e-10 0 1.68554e-10 0 1.87184e-10 0 2.07695e-10 0 2.28787e-10 0 2.53447e-10 0 2.78766e-10 0 3.06396e-10 0 3.34437e-10 0 3.67086e-10 0 4.02645e-10 0 4.38664e-10 0 4.74739e-10 0 5.13522e-10 0 5.58529e-10 0 6.03536e-10 0 6.51852e-10 0
52.5665 3.51776e-05 6.45528e-06 2.87223e-05 0.816495 0.424654 1.06499e-43 0 3.11088e-43 0 1.0352e-39 0 6.24832e-33 0 2.30908e-29 0 2.6834e-27 0 7.29205e-26 0 8.75159e-25 0 1.22526e-21 0 7.99931e-19 0 2.42306e-17 0 2.31349e-16 0 1.22838e-15 0 4.52433e-15 0 1.3104e-14 0 3.20336e-14 0 6.90846e-14 0 1.34758e-13 0 2.45327e-13 0 4.15067e-13 0 6.76708e-13 0 1.0454e-12 0 1.56565e-12 0 2.25669e-12 0 3.16656e-12 0 4.37068e-12 0 5.88774e-12 0 7.81689e-12 0 1.01502e-11 0 1.30105e-11 0 1.64716e-11 0 2.06072e-11 0 2.54892e-11 0 3.11843e-11 0 3.80394e-11 0 4.55804e-11 0 5.44849e-11 0 6.45032e-11 0 7.62012e-11 0 8.9196e-11 0 1.03481e-10 0 1.19852e-10 0 1.37633e-10 0 1.5782e-10 0 1.80704e-10 0 2.03875e-10 0 2.31277e-10 0 2.60326e-10 0 2.92698e-10 0 3.26633e-10 0 3.66476e-10 0 4.05592e-10 0 4.51328e-10 0 4.98652e-10 0 5.50492e-10 0 6.03539e-10 0 6.65258e-10 0 7.28323e-10 0 7.96826e-10 0 8.66039e-10 0 9.46272e-10 0 1.03326e-09 0 1.12099e-09 0 1.20851e-09 0 1.30223e-09 0 1.41057e-09 0 1.51848e-09 0 1.63388e-09 0
55.2648 3.51967e-05 6.30132e-06 2.88954e-05 0.820969 0.403633 1.17219e-41 0 3.25466e-41 0 7.27534e-38 0 2.04894e-31 0 5.07011e-28 0 4.67123e-26 0 1.08037e-24 0 1.14847e-23 0 1.12889e-20 0 5.37088e-18 0 1.37731e-16 0 1.17786e-15 0 5.76446e-15 0 1.99221e-14 0 5.47817e-14 0 1.28199e-13 0 2.66295e-13 0 5.02768e-13 0 8.88906e-13 0 1.46581e-12 0 2.33344e-12 0 3.52903e-12 0 5.18208e-12 0 7.3372e-12 0 1.01266e-11 0 1.37591e-11 0 1.82672e-11 0 2.39193e-11 0 3.06655e-11 0 3.88334e-11 0 4.86009e-11 0 6.01423e-11 0 7.3622e-11 0 8.9189e-11 0 1.07745e-10 0 1.27969e-10 0 1.51642e-10 0 1.78052e-10 0 2.08637e-10 0 2.42347e-10 0 2.79127e-10 0 3.20975e-10 0 3.66115e-10 0 4.17017e-10 0 4.7434e-10 0 5.32019e-10 0 5.99822e-10 0 6.71271e-10 0 7.50439e-10 0 8.32968e-10 0 9.29339e-10 0 1.02345e-09 0 1.13293e-09 0 1.24565e-09 0 1.36852e-09 0 1.49367e-09 0 1.63861e-09 0 1.78603e-09 0 1.94546e-09 0 2.10586e-09 0 2.29103e-09 0 2.49092e-09 0 2.69168e-09 0 2.89119e-09 0 3.10408e-09 0 3.34922e-09 0 3.59248e-09 0 3.85171e-09 0
58.1015 3.53573e-05 6.19733e-06 2.916e-05 0.824723 0.38633 1.01927e-39 0 2.69236e-39 0 4.13001e-36 0 5.63287e-30 0 9.51772e-27 0 7.03131e-25 0 1.395e-23 0 1.3213e-22 0 9.27744e-20 0 3.26662e-17 0 7.14981e-16 0 5.50615e-15 0 2.49368e-14 0 8.11188e-14 0 2.12312e-13 0 4.76644e-13 0 9.55371e-13 0 1.74864e-12 0 3.00681e-12 0 4.83864e-12 0 7.5298e-12 0 1.11602e-11 0 1.60832e-11 0 2.23885e-11 0 3.04176e-11 0 4.07149e-11 0 5.33121e-11 0 6.88947e-11 0 8.72607e-11 0 1.09236e-10 0 1.35223e-10 0 1.65602e-10 0 2.00727e-10 0 2.40903e-10 0 2.88349e-10 0 3.39611e-10 0 3.99114e-10 0 4.64963e-10 0 5.40634e-10 0 6.23409e-10 0 7.13085e-10 0 8.14422e-10 0 9.23007e-10 0 1.04467e-09 0 1.18083e-09 0 1.31701e-09 0 1.47619e-09 0 1.64297e-09 0 1.82677e-09 0 2.01737e-09 0 2.23877e-09 0 2.45391e-09 0 2.70296e-09 0 2.95814e-09 0 3.23505e-09 0 3.51584e-09 0 3.8396e-09 0 4.16747e-09 0 4.52057e-09 0 4.87439e-09 0 5.28122e-09 0 5.71859e-09 0 6.15616e-09 0 6.58942e-09 0 7.05012e-09 0 7.5787e-09 0 8.10139e-09 0 8.65648e-09 0
61.0839 3.55769e-05 6.1732e-06 2.94037e-05 0.826483 0.373409 7.1246e-38 0 1.79477e-37 0 1.92434e-34 0 1.31685e-28 0 1.5479e-25 0 9.26871e-24 0 1.58931e-22 0 1.34884e-21 0 6.87722e-19 0 1.81863e-16 0 3.42379e-15 0 2.38658e-14 0 1.00401e-13 0 3.08325e-13 0 7.69946e-13 0 1.66162e-12 0 3.21934e-12 0 5.72108e-12 0 9.58053e-12 0 1.50632e-11 0 2.29405e-11 0 3.33538e-11 0 4.72171e-11 0 6.46752e-11 0 8.65645e-11 0 1.14231e-10 0 1.47619e-10 0 1.88393e-10 0 2.35878e-10 0 2.9206e-10 0 3.57791e-10 0 4.3386e-10 0 5.20967e-10 0 6.19695e-10 0 7.35263e-10 0 8.59084e-10 0 1.00168e-09 0 1.15827e-09 0 1.3369e-09 0 1.5309e-09 0 1.73967e-09 0 1.97404e-09 0 2.22361e-09 0 2.50155e-09 0 2.81071e-09 0 3.11821e-09 0 3.47566e-09 0 3.8482e-09 0 4.2566e-09 0 4.67799e-09 0 5.16506e-09 0 5.63609e-09 0 6.17888e-09 0 6.73251e-09 0 7.33063e-09 0 7.93458e-09 0 8.62806e-09 0 9.32744e-09 0 1.00776e-08 0 1.08265e-08 0 1.16843e-08 0 1.26029e-08 0 1.35185e-08 0 1.44219e-08 0 1.53794e-08 0 1.64742e-08 0 1.75531e-08 0 1.86952e-08 0
64.2193 3.57062e-05 6.21034e-06 2.94959e-05 0.826071 0.362603 4.03726e-36 0 9.72173e-36 0 7.41424e-33 0 2.63281e-27 0 2.19144e-24 0 1.07456e-22 0 1.60384e-21 0 1.22622e-20 0 4.61139e-18 0 9.28744e-16 0 1.51502e-14 0 9.60541e-14 0 3.76717e-13 0 1.0952e-12 0 2.61541e-12 0 5.43628e-12 0 1.01979e-11 0 1.7621e-11 0 2.87747e-11 0 4.42532e-11 0 6.6025e-11 0 9.42575e-11 0 1.3119e-10 0 1.76957e-10 0 2.335e-10 0 3.03985e-10 0 3.87947e-10 0 4.89241e-10 0 6.05869e-10 0 7.42395e-10 0 9.00508e-10 0 1.08173e-09 0 1.28736e-09 0 1.51841e-09 0 1.7866e-09 0 2.07167e-09 0 2.39749e-09 0 2.75271e-09 0 3.15505e-09 0 3.58907e-09 0 4.05313e-09 0 4.57089e-09 0 5.11891e-09 0 5.72573e-09 0 6.39687e-09 0 7.06083e-09 0 7.82864e-09 0 8.62476e-09 0 9.49322e-09 0 1.0385e-08 0 1.1411e-08 0 1.23987e-08 0 1.35319e-08 0 1.46827e-08 0 1.59208e-08 0 1.7166e-08 0 1.85901e-08 0 2.00207e-08 0 2.15494e-08 0 2.30698e-08 0 2.48051e-08 0 2.66566e-08 0 2.84954e-08 0 3.03039e-08 0 3.22145e-08 0 3.43921e-08 0 3.65312e-08 0 3.87886e-08 0
67.5157 3.56198e-05 6.2632e-06 2.93566e-05 0.824165 0.349855 1.86082e-34 0 4.29266e-34 0 2.36768e-31 0 4.50491e-26 0 2.70031e-23 0 1.09491e-21 0 1.43216e-20 0 9.91442e-20 0 2.79124e-17 0 4.33878e-15 0 6.17576e-14 0 3.57788e-13 0 1.31265e-12 0 3.62242e-12 0 8.29061e-12 0 1.66277e-11 0 3.02486e-11 0 5.08894e-11 0 8.1135e-11 0 1.22184e-10 0 1.7877e-10 0 2.50815e-10 0 3.435e-10 0 4.56614e-10 0 5.94416e-10 0 7.63944e-10 0 9.63408e-10 0 1.20127e-09 0 1.47219e-09 0 1.78612e-09 0 2.1462e-09 0 2.55514e-09 0 3.01513e-09 0 3.52771e-09 0 4.11797e-09 0 4.74064e-09 0 5.44722e-09 0 6.21226e-09 0 7.07299e-09 0 7.9955e-09 0 8.97585e-09 0 1.00632e-08 0 1.12076e-08 0 1.24678e-08 0 1.38541e-08 0 1.52185e-08 0 1.67886e-08 0 1.84086e-08 0 2.01675e-08 0 2.19656e-08 0 2.40249e-08 0 2.59988e-08 0 2.82541e-08 0 3.0535e-08 0 3.29793e-08 0 3.54282e-08 0 3.82183e-08 0 4.10106e-08 0 4.39837e-08 0 4.69305e-08 0 5.02822e-08 0 5.38457e-08 0 5.7373e-08 0 6.08311e-08 0 6.44737e-08 0 6.86125e-08 0 7.26656e-08 0 7.69304e-08 0
70.9813 3.5286e-05 6.28111e-06 2.90049e-05 0.821994 0.330686 6.99083e-33 0 1.5482e-32 0 6.27434e-30 0 6.59433e-25 0 2.89253e-22 0 9.78895e-21 0 1.12936e-19 0 7.11348e-19 0 1.5206e-16 0 1.8475e-14 0 2.30993e-13 0 1.22824e-12 0 4.22907e-12 0 1.11063e-11 0 2.44119e-11 0 4.73251e-11 0 8.36132e-11 0 1.37141e-10 0 2.13726e-10 0 3.15488e-10 0 4.531e-10 0 6.25277e-10 0 8.43291e-10 0 1.10551e-09 0 1.42073e-09 0 1.8037e-09 0 2.24902e-09 0 2.77425e-09 0 3.36633e-09 0 4.0458e-09 0 4.81802e-09 0 5.68741e-09 0 6.65727e-09 0 7.72956e-09 0 8.95497e-09 0 1.02384e-08 0 1.16849e-08 0 1.32407e-08 0 1.49801e-08 0 1.68328e-08 0 1.87904e-08 0 2.09494e-08 0 2.32094e-08 0 2.56851e-08 0 2.83944e-08 0 3.10481e-08 0 3.40875e-08 0 3.72091e-08 0 4.05832e-08 0 4.40176e-08 0 4.79341e-08 0 5.16728e-08 0 5.59276e-08 0 6.02139e-08 0 6.47899e-08 0 6.93579e-08 0 7.45437e-08 0 7.9715e-08 0 8.52024e-08 0 9.06235e-08 0 9.67691e-08 0 1.03281e-07 0 1.09707e-07 0 1.15987e-07 0 1.22584e-07 0 1.30057e-07 0 1.37355e-07 0 1.45012e-07 0
74.6248 3.47998e-05 6.24278e-06 2.8557e-05 0.820609 0.302123 2.15437e-31 0 4.58945e-31 0 1.38733e-28 0 8.29103e-24 0 2.7022e-21 0 7.70018e-20 0 7.8839e-19 0 4.53908e-18 0 7.46699e-16 0 7.17691e-14 0 7.93213e-13 0 3.88727e-12 0 1.26005e-11 0 3.15676e-11 0 6.67688e-11 0 1.25322e-10 0 2.15348e-10 0 3.4478e-10 0 5.25804e-10 0 7.61539e-10 0 1.07455e-09 0 1.45974e-09 0 1.94017e-09 0 2.51006e-09 0 3.1865e-09 0 3.99856e-09 0 4.93236e-09 0 6.02223e-09 0 7.23879e-09 0 8.62214e-09 0 1.01807e-08 0 1.19208e-08 0 1.38467e-08 0 1.59602e-08 0 1.83581e-08 0 2.08524e-08 0 2.36454e-08 0 2.66307e-08 0 2.99481e-08 0 3.3461e-08 0 3.71521e-08 0 4.12016e-08 0 4.54187e-08 0 5.00153e-08 0 5.50209e-08 0 5.99012e-08 0 6.5466e-08 0 7.1156e-08 0 7.72801e-08 0 8.34883e-08 0 9.05391e-08 0 9.72437e-08 0 1.04845e-07 0 1.12474e-07 0 1.20589e-07 0 1.28663e-07 0 1.37797e-07 0 1.46875e-07 0 1.56476e-07 0 1.65931e-07 0 1.76617e-07 0 1.87904e-07 0 1.99007e-07 0 2.09829e-07 0 2.21164e-07 0 2.33971e-07 0 2.46441e-07 0 2.59491e-07 0
78.4553 3.43311e-05 6.15937e-06 2.81717e-05 0.820589 0.263627 5.50555e-30 0 1.13033e-29 0 2.58536e-27 0 9.03118e-23 0 2.21898e-20 0 5.36919e-19 0 4.90711e-18 0 2.59379e-17 0 3.32591e-15 0 2.55796e-13 0 2.51421e-12 0 1.14013e-11 0 3.48949e-11 0 8.35874e-11 0 1.70447e-10 0 3.10236e-10 0 5.19191e-10 0 8.12359e-10 0 1.21362e-09 0 1.72622e-09 0 2.39513e-09 0 3.20541e-09 0 4.20158e-09 0 5.36781e-09 0 6.73546e-09 0 8.3588e-09 0 1.02057e-08 0 1.234e-08 0 1.47001e-08 0 1.73605e-08 0 2.03329e-08 0 2.36256e-08 0 2.72426e-08 0 3.11838e-08 0 3.56246e-08 0 4.02139e-08 0 4.53212e-08 0 5.07478e-08 0 5.67432e-08 0 6.30568e-08 0 6.96559e-08 0 7.6859e-08 0 8.43235e-08 0 9.24215e-08 0 1.01199e-07 0 1.09719e-07 0 1.19393e-07 0 1.29243e-07 0 1.39802e-07 0 1.50464e-07 0 1.62526e-07 0 1.73954e-07 0 1.86863e-07 0 1.99774e-07 0 2.13461e-07 0 2.27033e-07 0 2.42337e-07 0 2.57499e-07 0 2.73484e-07 0 2.89181e-07 0 3.06867e-07 0 3.25493e-07 0 3.4376e-07 0 3.61517e-07 0 3.80071e-07 0 4.00975e-07 0 4.21277e-07 0 4.42469e-07 0
82.4824 3.40605e-05 6.07328e-06 2.79872e-05 0.821691 0.217503 1.18495e-28 0 2.34883e-28 0 4.12075e-26 0 8.63737e-22 0 1.62211e-19 0 3.35951e-18 0 2.75598e-17 0 1.34302e-16 0 1.35874e-14 0 8.45354e-13 0 7.43169e-12 0 3.1303e-11 0 9.07139e-11 0 2.08224e-10 0 4.10081e-10 0 7.24892e-10 0 1.18301e-09 0 1.811e-09 0 2.65302e-09 0 3.70923e-09 0 5.06492e-09 0 6.68263e-09 0 8.64448e-09 0 1.09126e-08 0 1.35421e-08 0 1.66297e-08 0 2.01072e-08 0 2.40877e-08 0 2.84506e-08 0 3.33277e-08 0 3.87339e-08 0 4.46778e-08 0 5.11609e-08 0 5.81772e-08 0 6.60315e-08 0 7.40983e-08 0 8.30229e-08 0 9.24519e-08 0 1.02812e-07 0 1.13665e-07 0 1.24951e-07 0 1.37212e-07 0 1.49858e-07 0 1.63516e-07 0 1.78254e-07 0 1.925e-07 0 2.0861e-07 0 2.24948e-07 0 2.42395e-07 0 2.59947e-07 0 2.79731e-07 0 2.98408e-07 0 3.19435e-07 0 3.40393e-07 0 3.6254e-07 0 3.84431e-07 0 4.09041e-07 0 4.33346e-07 0 4.58897e-07 0 4.83915e-07 0 5.12026e-07 0 5.41543e-07 0 5.70412e-07 0 5.98405e-07 0 6.2758e-07 0 6.60368e-07 0 6.92133e-07 0 7.2521e-07 0
86.7162 3.40923e-05 6.02679e-06 2.80655e-05 0.823222 0.168025 2.18117e-27 0 4.18151e-27 0 5.70022e-25 0 7.35035e-21 0 1.06905e-18 0 1.90954e-17 0 1.41353e-16 0 6.37571e-16 0 5.1486e-14 0 2.61822e-12 0 2.06996e-11 0 8.12775e-11 0 2.23613e-10 0 4.92873e-10 0 9.39084e-10 0 1.61446e-09 0 2.57252e-09 0 3.85708e-09 0 5.54606e-09 0 7.6282e-09 0 1.0259e-08 0 1.33538e-08 0 1.70583e-08 0 2.12905e-08 0 2.61437e-08 0 3.17841e-08 0 3.80759e-08 0 4.5213e-08 0 5.297e-08 0 6.15728e-08 0 7.10375e-08 0 8.13694e-08 0 9.25623e-08 0 1.04598e-07 0 1.17988e-07 0 1.31659e-07 0 1.46699e-07 0 1.62505e-07 0 1.7978e-07 0 1.97786e-07 0 2.16423e-07 0 2.36575e-07 0 2.57269e-07 0 2.79524e-07 0 3.03436e-07 0 3.26459e-07 0 3.52395e-07 0 3.78598e-07 0 4.06476e-07 0 4.34423e-07 0 4.65816e-07 0 4.95351e-07 0 5.28496e-07 0 5.61427e-07 0 5.96117e-07 0 6.30305e-07 0 6.68627e-07 0 7.06363e-07 0 7.45921e-07 0 7.84551e-07 0 8.27841e-07 0 8.73171e-07 0 9.1739e-07 0 9.60162e-07 0 1.00464e-06 0 1.0545e-06 0 1.10269e-06 0 1.15276e-06 0
91.1674 3.44262e-05 6.04179e-06 2.83845e-05 0.8245 0.119246 3.47431e-26 0 6.45226e-26 0 6.91914e-24 0 5.62059e-20 0 6.41032e-18 0 9.9469e-17 0 6.67755e-16 0 2.79833e-15 0 1.82366e-13 0 7.65511e-12 0 5.47099e-11 0 2.00942e-10 0 5.26186e-10 0 1.11588e-09 0 2.06024e-09 0 3.44948e-09 0 5.37286e-09 0 7.898e-09 0 1.11569e-08 0 1.51085e-08 0 2.00273e-08 0 2.57353e-08 0 3.24841e-08 0 4.01071e-08 0 4.87581e-08 0 5.87148e-08 0 6.97201e-08 0 8.20972e-08 0 9.54415e-08 0 1.1013e-07 0 1.26175e-07 0 1.43571e-07 0 1.62296e-07 0 1.82307e-07 0 2.04439e-07 0 2.26909e-07 0 2.51499e-07 0 2.77207e-07 0 3.05167e-07 0 3.3417e-07 0 3.64054e-07 0 3.96226e-07 0 4.29126e-07 0 4.64362e-07 0 5.0207e-07 0 5.38239e-07 0 5.78835e-07 0 6.19701e-07 0 6.63029e-07 0 7.0632e-07 0 7.54784e-07 0 8.00237e-07 0 8.51086e-07 0 9.01453e-07 0 9.54356e-07 0 1.00635e-06 0 1.06446e-06 0 1.12152e-06 0 1.18119e-06 0 1.2393e-06 0 1.30426e-06 0 1.3721e-06 0 1.43811e-06 0 1.50181e-06 0 1.56791e-06 0 1.64184e-06 0 1.71313e-06 0 1.78704e-06 0
95.847 3.49885e-05 6.13142e-06 2.88571e-05 0.824759 0.0740461 4.83517e-25 0 8.71222e-25 0 7.43601e-23 0 3.89207e-19 0 3.52243e-17 0 4.78091e-16 0 2.9246e-15 0 1.14279e-14 0 6.07353e-13 0 2.12426e-11 0 1.37918e-10 0 4.7538e-10 0 1.18767e-09 0 2.42793e-09 0 4.35045e-09 0 7.10297e-09 0 1.08267e-08 0 1.56185e-08 0 2.1694e-08 0 2.8946e-08 0 3.78454e-08 0 4.804e-08 0 5.99524e-08 0 7.32635e-08 0 8.8221e-08 0 1.05277e-07 0 1.23965e-07 0 1.44812e-07 0 1.67117e-07 0 1.91493e-07 0 2.1794e-07 0 2.46429e-07 0 2.76906e-07 0 3.0929e-07 0 3.44901e-07 0 3.80866e-07 0 4.20025e-07 0 4.60764e-07 0 5.04865e-07 0 5.50401e-07 0 5.97121e-07 0 6.47208e-07 0 6.98222e-07 0 7.52648e-07 0 8.10671e-07 0 8.66125e-07 0 9.2815e-07 0 9.90375e-07 0 1.05613e-06 0 1.12162e-06 0 1.1947e-06 0 1.26303e-06 0 1.33925e-06 0 1.41454e-06 0 1.49338e-06 0 1.57067e-06 0 1.65682e-06 0 1.74119e-06 0 1.82919e-06 0 1.91469e-06 0 2.01002e-06 0 2.10935e-06 0 2.20576e-06 0 2.2986e-06 0 2.39472e-06 0 2.50201e-06 0 2.60523e-06 0 2.71203e-06 0
100.767 3.5659e-05 6.30635e-06 2.93526e-05 0.823148 0.0340417 5.92859e-24 0 1.03797e-23 0 7.13025e-22 0 2.45684e-18 0 1.78446e-16 0 2.13242e-15 0 1.19406e-14 0 4.36541e-14 0 1.91098e-12 0 5.61888e-11 0 3.32964e-10 0 1.08039e-09 0 2.58119e-09 0 5.09562e-09 0 8.87418e-09 0 1.41462e-08 0 2.11231e-08 0 2.99316e-08 0 4.09132e-08 0 5.38267e-08 0 6.94606e-08 0 8.71506e-08 0 1.07591e-07 0 1.30199e-07 0 1.55364e-07 0 1.83808e-07 0 2.14717e-07 0 2.48929e-07 0 2.85269e-07 0 3.24713e-07 0 3.67231e-07 0 4.12753e-07 0 4.61167e-07 0 5.12325e-07 0 5.68282e-07 0 6.24508e-07 0 6.85435e-07 0 7.48526e-07 0 8.16517e-07 0 8.86418e-07 0 9.57841e-07 0 1.03411e-06 0 1.1115e-06 0 1.19376e-06 0 1.28113e-06 0 1.36435e-06 0 1.45713e-06 0 1.5499e-06 0 1.64762e-06 0 1.74465e-06 0 1.85261e-06 0 1.95327e-06 0 2.06523e-06 0 2.1755e-06 0 2.29069e-06 0 2.4033e-06 0 2.52853e-06 0 2.65086e-06 0 2.77813e-06 0 2.9015e-06 0 3.03876e-06 0 3.18141e-06 0 3.31958e-06 0 3.45235e-06 0 3.58953e-06 0 3.74232e-06 0 3.88904e-06 0 4.04053e-06 0
105.939 3.63079e-05 6.57037e-06 2.97376e-05 0.819038 -0.000434166 6.44513e-23 0 1.09796e-22 0 6.13512e-21 0 1.42033e-17 0 8.36858e-16 0 8.85965e-15 0 4.5608e-14 0 1.56514e-13 0 5.69708e-12 0 1.42021e-10 0 7.71564e-10 0 2.36371e-09 0 5.41213e-09 0 1.03353e-08 0 1.75183e-08 0 2.7297e-08 0 3.99699e-08 0 5.5682e-08 0 7.49585e-08 0 9.73057e-08 0 1.24014e-07 0 1.53884e-07 0 1.88032e-07 0 2.25433e-07 0 2.66695e-07 0 3.12942e-07 0 3.62803e-07 0 4.17585e-07 0 4.75372e-07 0 5.37692e-07 0 6.04455e-07 0 6.75517e-07 0 7.50677e-07 0 8.29678e-07 0 9.15651e-07 0 1.00162e-06 0 1.09435e-06 0 1.18996e-06 0 1.29255e-06 0 1.39758e-06 0 1.50449e-06 0 1.61823e-06 0 1.73321e-06 0 1.855e-06 0 1.98392e-06 0 2.10631e-06 0 2.24232e-06 0 2.37791e-06 0 2.5203e-06 0 2.66128e-06 0 2.8177e-06 0 2.96312e-06 0 3.12445e-06 0 3.28293e-06 0 3.44806e-06 0 3.60911e-06 0 3.78775e-06 0 3.96186e-06 0 4.14257e-06 0 4.31737e-06 0 4.51141e-06 0 4.71264e-06 0 4.90712e-06 0 5.09361e-06 0 5.28594e-06 0 5.49975e-06 0 5.70464e-06 0 5.9158e-06 0
111.377 3.67778e-05 6.89475e-06 2.98831e-05 0.81253 -0.0299613 6.21708e-22 0 1.03192e-21 0 4.73779e-20 0 7.51401e-17 0 3.6283e-15 0 3.42322e-14 0 1.62673e-13 0 5.25631e-13 0 1.60532e-11 0 3.42034e-10 0 1.71081e-09 0 4.96234e-09 0 1.09117e-08 0 2.01898e-08 0 3.33512e-08 0 5.08547e-08 0 7.30907e-08 0 1.00188e-07 0 1.32928e-07 0 1.70373e-07 0 2.14582e-07 0 2.63474e-07 0 3.18807e-07 0 3.78849e-07 0 4.44529e-07 0 5.17556e-07 0 5.95703e-07 0 6.80962e-07 0 7.70305e-07 0 8.66065e-07 0 9.68054e-07 0 1.07601e-06 0 1.18958e-06 0 1.30837e-06 0 1.43701e-06 0 1.56506e-06 0 1.70258e-06 0 1.84376e-06 0 1.99465e-06 0 2.14853e-06 0 2.30457e-06 0 2.46999e-06 0 2.63664e-06 0 2.81257e-06 0 2.99819e-06 0 3.17386e-06 0 3.36851e-06 0 3.56196e-06 0 3.76456e-06 0 3.96459e-06 0 4.18592e-06 0 4.39115e-06 0 4.61827e-06 0 4.84081e-06 0 5.07214e-06 0 5.29722e-06 0 5.54633e-06 0 5.78856e-06 0 6.03943e-06 0 6.28158e-06 0 6.54983e-06 0 6.82742e-06 0 7.09514e-06 0 7.35139e-06 0 7.61518e-06 0 7.90788e-06 0 8.18786e-06 0 8.47588e-06 0
117.094 3.6934e-05 7.23259e-06 2.97014e-05 0.804175 -0.0551632 5.31438e-21 0 8.60535e-21 0 3.27759e-19 0 3.62743e-16 0 1.4495e-14 0 1.22563e-13 0 5.39749e-13 0 1.64698e-12 0 4.25668e-11 0 7.81116e-10 0 3.61171e-09 0 9.94527e-09 0 2.10434e-08 0 3.7784e-08 0 6.09037e-08 0 9.0974e-08 0 1.28457e-07 0 1.7339e-07 0 2.26898e-07 0 2.87311e-07 0 3.57809e-07 0 4.34956e-07 0 5.21425e-07 0 6.14429e-07 0 7.15345e-07 0 8.267e-07 0 9.45015e-07 0 1.07324e-06 0 1.20676e-06 0 1.34904e-06 0 1.49973e-06 0 1.65839e-06 0 1.82448e-06 0 1.99736e-06 0 2.18372e-06 0 2.36842e-06 0 2.56596e-06 0 2.76795e-06 0 2.98299e-06 0 3.20148e-06 0 3.42226e-06 0 3.65551e-06 0 3.88973e-06 0 4.13621e-06 0 4.39545e-06 0 4.64008e-06 0 4.91035e-06 0 5.17822e-06 0 5.45799e-06 0 5.73349e-06 0 6.03753e-06 0 6.31877e-06 0 6.62924e-06 0 6.93274e-06 0 7.2475e-06 0 7.5531e-06 0 7.89057e-06 0 8.21801e-06 0 8.55643e-06 0 8.88244e-06 0 9.24287e-06 0 9.61509e-06 0 9.97339e-06 0 1.03157e-05 0 1.06675e-05 0 1.10571e-05 0 1.14292e-05 0 1.18113e-05 0
123.105 3.66522e-05 7.52477e-06 2.91274e-05 0.794698 -0.0767144 4.01738e-20 0 6.35389e-20 0 2.02603e-18 0 1.59246e-15 0 5.31484e-14 0 4.04916e-13 0 1.65868e-12 0 4.79297e-12 0 1.05689e-10 0 1.68259e-09 0 7.21952e-09 0 1.89206e-08 0 3.8596e-08 0 6.73476e-08 0 1.06056e-07 0 1.55346e-07 0 2.15687e-07 0 2.869e-07 0 3.70539e-07 0 4.63822e-07 0 5.71476e-07 0 6.88099e-07 0 8.17624e-07 0 9.5577e-07 0 1.10452e-06 0 1.26747e-06 0 1.43944e-06 0 1.62462e-06 0 1.81631e-06 0 2.01944e-06 0 2.23344e-06 0 2.45763e-06 0 2.69119e-06 0 2.9332e-06 0 3.19295e-06 0 3.4493e-06 0 3.72241e-06 0 4.00061e-06 0 4.29569e-06 0 4.59446e-06 0 4.89534e-06 0 5.21218e-06 0 5.52935e-06 0 5.86212e-06 0 6.21107e-06 0 6.53943e-06 0 6.90124e-06 0 7.25888e-06 0 7.63143e-06 0 7.99739e-06 0 8.40027e-06 0 8.77205e-06 0 9.18154e-06 0 9.58094e-06 0 9.99425e-06 0 1.03947e-05 0 1.0836e-05 0 1.12633e-05 0 1.1704e-05 0 1.21278e-05 0 1.25954e-05 0 1.30774e-05 0 1.35406e-05 0 1.39823e-05 0 1.44354e-05 0 1.49365e-05 0 1.54142e-05 0 1.5904e-05 0
129.424 3.57999e-05 7.63267e-06 2.81673e-05 0.786797 -0.095837 2.65502e-19 0 4.10623e-19 0 1.1057e-17 0 6.27614e-15 0 1.76496e-13 0 1.21773e-12 0 4.6564e-12 0 1.27759e-11 0 2.42228e-10 0 3.36891e-09 0 1.34628e-08 0 3.36615e-08 0 6.6317e-08 0 1.12616e-07 0 1.73454e-07 0 2.49377e-07 0 3.40739e-07 0 4.4697e-07 0 5.70109e-07 0 7.05852e-07 0 8.60864e-07 0 1.02719e-06 0 1.21031e-06 0 1.40406e-06 0 1.61116e-06 0 1.83647e-06 0 2.07273e-06 0 2.3256e-06 0 2.58589e-06 0 2.86024e-06 0 3.14782e-06 0 3.44765e-06 0 3.75861e-06 0 4.07943e-06 0 4.42232e-06 0 4.7594e-06 0 5.11717e-06 0 5.48029e-06 0 5.86411e-06 0 6.2514e-06 0 6.6402e-06 0 7.04837e-06 0 7.45574e-06 0 7.88193e-06 0 8.32758e-06 0 8.74582e-06 0 9.20547e-06 0 9.65866e-06 0 1.01296e-05 0 1.05911e-05 0 1.1098e-05 0 1.15647e-05 0 1.20777e-05 0 1.25769e-05 0 1.30924e-05 0 1.35909e-05 0 1.41392e-05 0 1.4669e-05 0 1.52145e-05 0 1.5738e-05 0 1.63147e-05 0 1.69081e-05 0 1.74771e-05 0 1.8019e-05 0 1.85741e-05 0 1.91869e-05 0 1.977e-05 0 2.03671e-05 0
136.067 3.42786e-05 7.5141e-06 2.67645e-05 0.780793 -0.113189 1.53516e-18 0 2.32426e-18 0 5.32905e-17 0 2.21943e-14 0 5.30318e-13 0 3.32966e-12 0 1.1925e-11 0 3.11457e-11 0 5.11497e-10 0 6.25589e-09 0 2.33648e-08 0 5.58633e-08 0 1.06473e-07 0 1.76192e-07 0 2.65713e-07 0 3.75307e-07 0 5.05049e-07 0 6.53787e-07 0 8.24055e-07 0 1.00968e-06 0 1.21954e-06 0 1.44266e-06 0 1.68629e-06 0 1.94211e-06 0 2.21365e-06 0 2.50715e-06 0 2.81302e-06 0 3.13852e-06 0 3.47176e-06 0 3.82125e-06 0 4.18583e-06 0 4.56422e-06 0 4.95495e-06 0 5.35642e-06 0 5.78382e-06 0 6.2024e-06 0 6.64509e-06 0 7.09286e-06 0 7.56459e-06 0 8.03905e-06 0 8.51392e-06 0 9.01099e-06 0 9.50569e-06 0 1.00218e-05 0 1.05601e-05 0 1.1064e-05 0 1.16164e-05 0 1.21597e-05 0 1.2723e-05 0 1.32738e-05 0 1.38774e-05 0 1.44319e-05 0 1.50402e-05 0 1.56309e-05 0 1.62398e-05 0 1.68274e-05 0 1.74724e-05 0 1.80947e-05 0 1.87342e-05 0 1.93469e-05 0 2.00206e-05 0 2.07126e-05 0 2.13752e-05 0 2.20051e-05 0 2.26494e-05 0 2.33596e-05 0 2.40345e-05 0 2.47245e-05 0
143.051 3.19232e-05 7.01125e-06 2.4912e-05 0.780372 -0.130746 7.62288e-18 0 1.13098e-17 0 2.22537e-16 0 6.9039e-14 0 1.41284e-12 0 8.10967e-12 0 2.72904e-11 0 6.80132e-11 0 9.74303e-10 0 1.0545e-08 0 3.69299e-08 0 8.46175e-08 0 1.56278e-07 0 2.52328e-07 0 3.72975e-07 0 5.18001e-07 0 6.87041e-07 0 8.78237e-07 0 1.09452e-06 0 1.32783e-06 0 1.5891e-06 0 1.86449e-06 0 2.16281e-06 0 2.47381e-06 0 2.80173e-06 0 3.15398e-06 0 3.51892e-06 0 3.90518e-06 0 4.2986e-06 0 4.70922e-06 0 5.13563e-06 0 5.57627e-06 0 6.02942e-06 0 6.49322e-06 0 6.9851e-06 0 7.46512e-06 0 7.97107e-06 0 8.48116e-06 0 9.01683e-06 0 9.55398e-06 0 1.009e-05 0 1.06496e-05 0 1.1205e-05 0 1.1783e-05 0 1.23842e-05 0 1.29456e-05 0 1.35597e-05 0 1.41623e-05 0 1.47857e-05 0 1.53939e-05 0 1.6059e-05 0 1.66688e-05 0 1.73364e-05 0 1.79835e-05 0 1.86492e-05 0 1.92905e-05 0 1.99933e-05 0 2.067e-05 0 2.13643e-05 0 2.20284e-05 0 2.27575e-05 0 2.35051e-05 0 2.42198e-05 0 2.48983e-05 0 2.55912e-05 0 2.6354e-05 0 2.70778e-05 0 2.78167e-05 0
150.394 2.89735e-05 6.35161e-06 2.26219e-05 0.780779 -0.147334 3.34575e-17 0 4.86926e-17 0 8.2839e-16 0 1.94211e-13 0 3.42977e-12 0 1.80768e-11 0 5.7332e-11 0 1.36653e-10 0 1.71899e-09 0 1.65625e-08 0 5.45608e-08 0 1.20055e-07 0 2.15184e-07 0 3.39406e-07 0 4.92208e-07 0 6.72722e-07 0 8.80034e-07 0 1.11153e-06 0 1.37046e-06 0 1.64699e-06 0 1.95385e-06 0 2.27463e-06 0 2.61953e-06 0 2.97661e-06 0 3.35076e-06 0 3.75029e-06 0 4.16194e-06 0 4.59535e-06 0 5.03467e-06 0 5.49109e-06 0 5.96302e-06 0 6.4487e-06 0 6.94622e-06 0 7.45353e-06 0 7.98964e-06 0 8.51105e-06 0 9.05885e-06 0 9.60942e-06 0 1.01859e-05 0 1.07622e-05 0 1.13359e-05 0 1.19331e-05 0 1.25243e-05 0 1.31381e-05 0 1.37749e-05 0 1.43683e-05 0 1.50159e-05 0 1.565e-05 0 1.63045e-05 0 1.69419e-05 0 1.76375e-05 0 1.8274e-05 0 1.89695e-05 0 1.96424e-05 0 2.03335e-05 0 2.09981e-05 0 2.17251e-05 0 2.2424e-05 0 2.31399e-05 0 2.38237e-05 0 2.45732e-05 0 2.53405e-05 0 2.60729e-05 0 2.67672e-05 0 2.74754e-05 0 2.82539e-05 0 2.89915e-05 0 2.97436e-05 0
158.114 2.56747e-05 5.68932e-06 1.99854e-05 0.778408 -0.163535 1.32799e-16 0 1.89761e-16 0 2.81117e-15 0 5.04907e-13 0 7.75032e-12 0 3.76644e-11 0 1.1291e-10 0 2.5795e-10 0 2.86749e-09 0 2.47353e-08 0 7.68767e-08 0 1.6277e-07 0 2.8355e-07 0 4.37397e-07 0 6.22908e-07 0 8.38469e-07 0 1.08257e-06 0 1.35185e-06 0 1.64981e-06 0 1.96499e-06 0 2.31173e-06 0 2.67137e-06 0 3.05531e-06 0 3.4502e-06 0 3.86151e-06 0 4.29825e-06 0 4.74586e-06 0 5.21481e-06 0 5.68795e-06 0 6.17738e-06 0 6.68137e-06 0 7.198e-06 0 7.72526e-06 0 8.26101e-06 0 8.82526e-06 0 9.37225e-06 0 9.94518e-06 0 1.05193e-05 0 1.11187e-05 0 1.17164e-05 0 1.23096e-05 0 1.29257e-05 0 1.35342e-05 0 1.41644e-05 0 1.48167e-05 0 1.54232e-05 0 1.60838e-05 0 1.67292e-05 0 1.73942e-05 0 1.80404e-05 0 1.87443e-05 0 1.93872e-05 0 2.00885e-05 0 2.07658e-05 0 2.14602e-05 0 2.21269e-05 0 2.28551e-05 0 2.3554e-05 0 2.42688e-05 0 2.49505e-05 0 2.56966e-05 0 2.64593e-05 0 2.71863e-05 0 2.78746e-05 0 2.85757e-05 0 2.93454e-05 0 3.00738e-05 0 3.08155e-05 0
166.23 2.23445e-05 5.06007e-06 1.72845e-05 0.773544 -0.178384 4.80768e-16 0 6.75119e-16 0 8.76806e-15 0 1.22226e-12 0 1.64195e-11 0 7.38669e-11 0 2.09881e-10 0 4.60529e-10 0 4.55151e-09 0 3.53412e-08 0 1.03924e-07 0 2.12123e-07 0 3.59646e-07 0 5.43165e-07 0 7.60297e-07 0 1.00866e-06 0 1.28617e-06 0 1.58877e-06 0 1.92019e-06 0 2.26759e-06 0 2.64666e-06 0 3.0369e-06 0 3.45068e-06 0 3.87364e-06 0 4.31167e-06 0 4.77429e-06 0 5.24606e-06 0 5.738e-06 0 6.23215e-06 0 6.74122e-06 0 7.26336e-06 0 7.79663e-06 0 8.33894e-06 0 8.88814e-06 0 9.46468e-06 0 1.00219e-05 0 1.06038e-05 0 1.11853e-05 0 1.17908e-05 0 1.23929e-05 0 1.29891e-05 0 1.36068e-05 0 1.42154e-05 0 1.48444e-05 0 1.5494e-05 0 1.60968e-05 0 1.67519e-05 0 1.73908e-05 0 1.80477e-05 0 1.8685e-05 0 1.93779e-05 0 2.00096e-05 0 2.06976e-05 0 2.13609e-05 0 2.20399e-05 0 2.26908e-05 0 2.34006e-05 0 2.40809e-05 0 2.47756e-05 0 2.54372e-05 0 2.61604e-05 0 2.68985e-05 0 2.76012e-05 0 2.82655e-05 0 2.89416e-05 0 2.96827e-05 0 3.03832e-05 0 3.10957e-05 0
174.763 1.91829e-05 4.48855e-06 1.46944e-05 0.766014 -0.191925 1.60128e-15 0 2.21163e-15 0 2.53436e-14 0 2.7761e-12 0 3.28511e-11 0 1.37326e-10 0 3.70793e-10 0 7.82986e-10 0 6.91953e-09 0 4.86119e-08 0 1.35614e-07 0 2.67332e-07 0 4.41717e-07 0 6.53822e-07 0 9.00289e-07 0 1.17802e-06 0 1.4844e-06 0 1.81483e-06 0 2.17322e-06 0 2.54566e-06 0 2.94889e-06 0 3.36106e-06 0 3.79529e-06 0 4.23652e-06 0 4.691e-06 0 5.16857e-06 0 5.65326e-06 0 6.15642e-06 0 6.65973e-06 0 7.17619e-06 0 7.70396e-06 0 8.24107e-06 0 8.78546e-06 0 9.335e-06 0 9.91013e-06 0 1.04643e-05 0 1.10416e-05 0 1.16168e-05 0 1.22142e-05 0 1.28069e-05 0 1.33923e-05 0 1.39975e-05 0 1.45925e-05 0 1.5206e-05 0 1.58384e-05 0 1.6424e-05 0 1.70593e-05 0 1.76777e-05 0 1.83124e-05 0 1.8927e-05 0 1.95942e-05 0 2.02015e-05 0 2.08617e-05 0 2.14972e-05 0 2.21468e-05 0 2.27687e-05 0 2.34458e-05 0 2.40938e-05 0 2.47546e-05 0 2.53831e-05 0 2.60692e-05 0 2.67686e-05 0 2.74334e-05 0 2.80613e-05 0 2.86995e-05 0 2.93983e-05 0 3.0058e-05 0 3.07283e-05 0
183.733 1.63654e-05 4.04935e-06 1.2316e-05 0.752566 -0.204036 5.02296e-15 0 6.82902e-15 0 6.94709e-14 0 6.05049e-12 0 6.34617e-11 0 2.47391e-10 0 6.36359e-10 0 1.29561e-09 0 1.02943e-08 0 6.57543e-08 0 1.74475e-07 0 3.32728e-07 0 5.36458e-07 0 7.79001e-07 0 1.05604e-06 0 1.3638e-06 0 1.69923e-06 0 2.0572e-06 0 2.44189e-06 0 2.83839e-06 0 3.26448e-06 0 3.6971e-06 0 4.15008e-06 0 4.60778e-06 0 5.07681e-06 0 5.56728e-06 0 6.06281e-06 0 6.57505e-06 0 7.08539e-06 0 7.60714e-06 0 8.13842e-06 0 8.67728e-06 0 9.22171e-06 0 9.76964e-06 0 1.03414e-05 0 1.08908e-05 0 1.14616e-05 0 1.2029e-05 0 1.26167e-05 0 1.31985e-05 0 1.37718e-05 0 1.43632e-05 0 1.49435e-05 0 1.55406e-05 0 1.61549e-05 0 1.67227e-05 0 1.73375e-05 0 1.79349e-05 0 1.8547e-05 0 1.91388e-05 0 1.97801e-05 0 2.03629e-05 0 2.09956e-05 0 2.16038e-05 0 2.22244e-05 0 2.28177e-05 0 2.34629e-05 0 2.40795e-05 0 2.47075e-05 0 2.5304e-05 0 2.59544e-05 0 2.66165e-05 0 2.72451e-05 0 2.78381e-05 0 2.84402e-05 0 2.90987e-05 0 2.97197e-05 0 3.035e-05 0
193.164 1.38765e-05 3.65838e-06 1.02181e-05 0.736362 -0.215084 1.46673e-14 0 1.96443e-14 0 1.7844e-13 0 1.24957e-11 0 1.16855e-10 0 4.26257e-10 0 1.04702e-09 0 2.05898e-09 0 1.47851e-08 0 8.62652e-08 0 2.1825e-07 0 4.03296e-07 0 6.35251e-07 0 9.05818e-07 0 1.20986e-06 0 1.54307e-06 0 1.90207e-06 0 2.28141e-06 0 2.68547e-06 0 3.0987e-06 0 3.53966e-06 0 3.9845e-06 0 4.44756e-06 0 4.91296e-06 0 5.38755e-06 0 5.88156e-06 0 6.37852e-06 0 6.89016e-06 0 7.39799e-06 0 7.91533e-06 0 8.44036e-06 0 8.97118e-06 0 9.50586e-06 0 1.00424e-05 0 1.06008e-05 0 1.1136e-05 0 1.16905e-05 0 1.22404e-05 0 1.28088e-05 0 1.33701e-05 0 1.39221e-05 0 1.44903e-05 0 1.50467e-05 0 1.56182e-05 0 1.62051e-05 0 1.67465e-05 0 1.73318e-05 0 1.78996e-05 0 1.84804e-05 0 1.9041e-05 0 1.96476e-05 0 2.01981e-05 0 2.07948e-05 0 2.13675e-05 0 2.19512e-05 0 2.25085e-05 0 2.31137e-05 0 2.36913e-05 0 2.42789e-05 0 2.48364e-05 0 2.54435e-05 0 2.60607e-05 0 2.66461e-05 0 2.71977e-05 0 2.77572e-05 0 2.83685e-05 0 2.89444e-05 0 2.95282e-05 0
203.079 1.174e-05 3.32375e-06 8.4162e-06 0.716886 -0.225039 4.01783e-14 0 5.30496e-14 0 4.32666e-13 0 2.46223e-11 0 2.06449e-10 0 7.06962e-10 0 1.66198e-09 0 3.16215e-09 0 2.06231e-08 0 1.10399e-07 0 2.66935e-07 0 4.78696e-07 0 7.37481e-07 0 1.03354e-06 0 1.36109e-06 0 1.71548e-06 0 2.09313e-06 0 2.48841e-06 0 2.90595e-06 0 3.3298e-06 0 3.77906e-06 0 4.22953e-06 0 4.69586e-06 0 5.16217e-06 0 5.63547e-06 0 6.12601e-06 0 6.61745e-06 0 7.12148e-06 0 7.61996e-06 0 8.12608e-06 0 8.63807e-06 0 9.15416e-06 0 9.6725e-06 0 1.01913e-05 0 1.07297e-05 0 1.12444e-05 0 1.17765e-05 0 1.2303e-05 0 1.2846e-05 0 1.3381e-05 0 1.39062e-05 0 1.44457e-05 0 1.49731e-05 0 1.55137e-05 0 1.60679e-05 0 1.65784e-05 0 1.71293e-05 0 1.76628e-05 0 1.82078e-05 0 1.8733e-05 0 1.93005e-05 0 1.98147e-05 0 2.03714e-05 0 2.0905e-05 0 2.14481e-05 0 2.1966e-05 0 2.25277e-05 0 2.30632e-05 0 2.36072e-05 0 2.41228e-05 0 2.46836e-05 0 2.52532e-05 0 2.57928e-05 0 2.63008e-05 0 2.68154e-05 0 2.73772e-05 0 2.79059e-05 0 2.84414e-05 0
213.503 9.95011e-06 3.05247e-06 6.89764e-06 0.693223 -0.233841 1.04139e-13 0 1.35647e-13 0 9.9857e-13 0 4.66508e-11 0 3.52577e-10 0 1.13694e-09 0 2.56355e-09 0 4.72672e-09 0 2.81301e-08 0 1.38743e-07 0 3.21318e-07 0 5.60026e-07 0 8.44776e-07 0 1.16457e-06 0 1.5132e-06 0 1.8858e-06 0 2.27874e-06 0 2.68633e-06 0 3.11347e-06 0 3.54401e-06 0 3.99747e-06 0 4.44952e-06 0 4.91502e-06 0 5.37828e-06 0 5.84641e-06 0 6.32957e-06 0 6.81176e-06 0 7.30449e-06 0 7.79015e-06 0 8.28167e-06 0 8.77741e-06 0 9.27566e-06 0 9.77475e-06 0 1.02729e-05 0 1.07887e-05 0 1.12806e-05 0 1.1788e-05 0 1.2289e-05 0 1.28045e-05 0 1.33115e-05 0 1.38082e-05 0 1.43176e-05 0 1.48145e-05 0 1.53232e-05 0 1.58437e-05 0 1.63223e-05 0 1.68381e-05 0 1.73369e-05 0 1.78456e-05 0 1.83352e-05 0 1.88634e-05 0 1.93415e-05 0 1.98583e-05 0 2.03531e-05 0 2.0856e-05 0 2.13351e-05 0 2.18541e-05 0 2.23482e-05 0 2.28498e-05 0 2.33245e-05 0 2.38404e-05 0 2.43638e-05 0 2.48591e-05 0 2.53249e-05 0 2.57965e-05 0 2.63107e-05 0 2.67941e-05 0 2.72834e-05 0
224.463 8.44046e-06 2.80958e-06 5.63089e-06 0.66713 -0.241866 2.54032e-13 0 3.26649e-13 0 2.18133e-12 0 8.44679e-11 0 5.78362e-10 0 1.7614e-09 0 3.81699e-09 0 6.83072e-09 0 3.72614e-08 0 1.70007e-07 0 3.77911e-07 0 6.41048e-07 0 9.47797e-07 0 1.2863e-06 0 1.65017e-06 0 2.03456e-06 0 2.43594e-06 0 2.84873e-06 0 3.27806e-06 0 3.70793e-06 0 4.15795e-06 0 4.60411e-06 0 5.06126e-06 0 5.51412e-06 0 5.96984e-06 0 6.43835e-06 0 6.90419e-06 0 7.37858e-06 0 7.84465e-06 0 8.31493e-06 0 8.78788e-06 0 9.26194e-06 0 9.73557e-06 0 1.02072e-05 0 1.06943e-05 0 1.11578e-05 0 1.1635e-05 0 1.21051e-05 0 1.25879e-05 0 1.30618e-05 0 1.35253e-05 0 1.39997e-05 0 1.44618e-05 0 1.4934e-05 0 1.54164e-05 0 1.58594e-05 0 1.63361e-05 0 1.67964e-05 0 1.72652e-05 0 1.77158e-05 0 1.82013e-05 0 1.86402e-05 0 1.9114e-05 0 1.95671e-05 0 2.00272e-05 0 2.04649e-05 0 2.09386e-05 0 2.1389e-05 0 2.18458e-05 0 2.22777e-05 0 2.27466e-05 0 2.32218e-05 0 2.36711e-05 0 2.40932e-05 0 2.45201e-05 0 2.49853e-05 0 2.54223e-05 0 2.58641e-05 0
235.984 7.1773e-06 2.59327e-06 4.58403e-06 0.638685 -0.249161 5.85344e-13 0 7.43486e-13 0 4.52533e-12 0 1.46585e-10 0 9.13702e-10 0 2.63541e-09 0 5.49938e-09 0 9.56575e-09 0 4.8033e-08 0 2.03503e-07 0 4.35073e-07 0 7.19232e-07 0 1.04331e-06 0 1.39501e-06 0 1.76806e-06 0 2.15779e-06 0 2.56095e-06 0 2.97222e-06 0 3.3969e-06 0 3.81942e-06 0 4.25922e-06 0 4.69297e-06 0 5.13532e-06 0 5.57161e-06 0 6.00892e-06 0 6.45683e-06 0 6.90064e-06 0 7.35112e-06 0 7.79234e-06 0 8.23628e-06 0 8.68152e-06 0 9.12666e-06 0 9.57031e-06 0 1.00111e-05 0 1.04653e-05 0 1.08966e-05 0 1.13396e-05 0 1.17753e-05 0 1.2222e-05 0 1.26596e-05 0 1.30868e-05 0 1.35234e-05 0 1.3948e-05 0 1.43813e-05 0 1.48232e-05 0 1.52284e-05 0 1.56639e-05 0 1.60838e-05 0 1.65109e-05 0 1.6921e-05 0 1.73622e-05 0 1.77606e-05 0 1.81902e-05 0 1.86006e-05 0 1.90168e-05 0 1.94123e-05 0 1.98399e-05 0 2.02462e-05 0 2.06577e-05 0 2.10465e-05 0 2.14681e-05 0 2.1895e-05 0 2.22983e-05 0 2.26768e-05 0 2.30594e-05 0 2.34758e-05 0 2.38667e-05 0 2.42616e-05 0
248.097 6.12919e-06 2.4015e-06 3.7277e-06 0.608187 -0.255759 1.27836e-12 0 1.60488e-12 0 8.94386e-12 0 2.44466e-10 0 1.39358e-09 0 3.81694e-09 0 7.68394e-09 0 1.30092e-08 0 6.03753e-08 0 2.38389e-07 0 4.91111e-07 0 7.92215e-07 0 1.12854e-06 0 1.48778e-06 0 1.86401e-06 0 2.25297e-06 0 2.65175e-06 0 3.05542e-06 0 3.46944e-06 0 3.87887e-06 0 4.30272e-06 0 4.7187e-06 0 5.14101e-06 0 5.55584e-06 0 5.97007e-06 0 6.39285e-06 0 6.81037e-06 0 7.23286e-06 0 7.64547e-06 0 8.0595e-06 0 8.47368e-06 0 8.88676e-06 0 9.29749e-06 0 9.70465e-06 0 1.01233e-05 0 1.05202e-05 0 1.0927e-05 0 1.13263e-05 0 1.1735e-05 0 1.21347e-05 0 1.25243e-05 0 1.29219e-05 0 1.33079e-05 0 1.37012e-05 0 1.41018e-05 0 1.44687e-05 0 1.48624e-05 0 1.52416e-05 0 1.56268e-05 0 1.59962e-05 0 1.63932e-05 0 1.67512e-05 0 1.71369e-05 0 1.75049e-05 0 1.78778e-05 0 1.82318e-05 0 1.86142e-05 0 1.89771e-05 0 1.93443e-05 0 1.9691e-05 0 2.00666e-05 0 2.04465e-05 0 2.08051e-05 0 2.11414e-05 0 2.1481e-05 0 2.18505e-05 0 2.21969e-05 0 2.25467e-05 0
260.832 5.27365e-06 2.24511e-06 3.02854e-06 0.574278 -0.261422 2.67005e-12 0 3.31502e-12 0 1.6988e-11 0 3.95084e-10 0 2.0687e-09 0 5.39405e-09 0 1.04942e-08 0 1.73162e-08 0 7.4562e-08 0 2.75321e-07 0 5.47554e-07 0 8.62923e-07 0 1.20827e-06 0 1.57163e-06 0 1.94761e-06 0 2.33245e-06 0 2.72368e-06 0 3.11682e-06 0 3.51745e-06 0 3.91138e-06 0 4.3171e-06 0 4.71341e-06 0 5.11405e-06 0 5.50606e-06 0 5.89612e-06 0 6.2929e-06 0 6.68352e-06 0 7.07764e-06 0 7.46148e-06 0 7.84566e-06 0 8.22905e-06 0 8.61054e-06 0 8.98904e-06 0 9.36347e-06 0 9.74773e-06 0 1.01112e-05 0 1.04832e-05 0 1.08478e-05 0 1.12202e-05 0 1.15838e-05 0 1.19378e-05 0 1.22984e-05 0 1.26481e-05 0 1.30039e-05 0 1.33658e-05 0 1.36968e-05 0 1.40516e-05 0 1.43929e-05 0 1.47392e-05 0 1.50709e-05 0 1.5427e-05 0 1.57478e-05 0 1.60931e-05 0 1.64222e-05 0 1.67553e-05 0 1.70713e-05 0 1.74122e-05 0 1.77356e-05 0 1.80624e-05 0 1.83707e-05 0 1.87045e-05 0 1.90418e-05 0 1.93599e-05 0 1.96581e-05 0 1.99589e-05 0 2.02859e-05 0 2.05924e-05 0 2.09015e-05 0
274.221 4.56506e-06 2.10649e-06 2.45857e-06 0.538562 -0.266452 5.3162e-12 0 6.53102e-12 0 3.0902e-11 0 6.16332e-10 0 2.97658e-09 0 7.40652e-09 0 1.39488e-08 0 2.24607e-08 0 9.00612e-08 0 3.1202e-07 0 6.00092e-07 0 9.2501e-07 0 1.27418e-06 0 1.63632e-06 0 2.00679e-06 0 2.38243e-06 0 2.76124e-06 0 3.13927e-06 0 3.52216e-06 0 3.89661e-06 0 4.28039e-06 0 4.65361e-06 0 5.0294e-06 0 5.39574e-06 0 5.75903e-06 0 6.12742e-06 0 6.48903e-06 0 6.85286e-06 0 7.20629e-06 0 7.55918e-06 0 7.91053e-06 0 8.25939e-06 0 8.60479e-06 0 8.94581e-06 0 9.29514e-06 0 9.62499e-06 0 9.96199e-06 0 1.02917e-05 0 1.0628e-05 0 1.09559e-05 0 1.12745e-05 0 1.15988e-05 0 1.19128e-05 0 1.22318e-05 0 1.2556e-05 0 1.28521e-05 0 1.31691e-05 0 1.34738e-05 0 1.37825e-05 0 1.40779e-05 0 1.43948e-05 0 1.46799e-05 0 1.49865e-05 0 1.52785e-05 0 1.55737e-05 0 1.58535e-05 0 1.61552e-05 0 1.6441e-05 0 1.67297e-05 0 1.70018e-05 0 1.72961e-05 0 1.75934e-05 0 1.78735e-05 0 1.81358e-05 0 1.84003e-05 0 1.86876e-05 0 1.89567e-05 0 1.92279e-05 0
288.297 3.97618e-06 1.98099e-06 1.99518e-06 0.501785 -0.270941 1.01023e-11 0 1.22867e-11 0 5.38872e-11 0 9.28648e-10 0 4.15302e-09 0 9.884e-09 0 1.80482e-08 0 2.83936e-08 0 1.0639e-07 0 3.46919e-07 0 6.46298e-07 0 9.75492e-07 0 1.32299e-06 0 1.67852e-06 0 2.03831e-06 0 2.39986e-06 0 2.7617e-06 0 3.12045e-06 0 3.4817e-06 0 3.83318e-06 0 4.19177e-06 0 4.53903e-06 0 4.88736e-06 0 5.22575e-06 0 5.56026e-06 0 5.89846e-06 0 6.2295e-06 0 6.56171e-06 0 6.88364e-06 0 7.20435e-06 0 7.52297e-06 0 7.83867e-06 0 8.15065e-06 0 8.45811e-06 0 8.77248e-06 0 9.06884e-06 0 9.37114e-06 0 9.66642e-06 0 9.96719e-06 0 1.026e-05 0 1.05442e-05 0 1.0833e-05 0 1.11123e-05 0 1.13958e-05 0 1.16835e-05 0 1.1946e-05 0 1.22267e-05 0 1.24962e-05 0 1.2769e-05 0 1.30298e-05 0 1.33092e-05 0 1.35605e-05 0 1.38304e-05 0 1.40871e-05 0 1.43466e-05 0 1.45923e-05 0 1.48569e-05 0 1.51075e-05 0 1.53604e-05 0 1.55985e-05 0 1.5856e-05 0 1.61157e-05 0 1.63603e-05 0 1.65893e-05 0 1.682e-05 0 1.70704e-05 0 1.73048e-05 0 1.75409e-05 0
303.095 3.48913e-06 1.86879e-06 1.62033e-06 0.464395 -0.274857 1.83813e-11 0 2.21432e-11 0 9.0353e-11 0 1.35501e-09 0 5.63243e-09 0 1.28493e-08 0 2.27833e-08 0 3.50588e-08 0 1.23164e-07 0 3.79135e-07 0 6.85258e-07 0 1.01383e-06 0 1.35483e-06 0 1.69925e-06 0 2.04423e-06 0 2.38796e-06 0 2.72951e-06 0 3.06603e-06 0 3.40307e-06 0 3.72941e-06 0 4.06089e-06 0 4.38065e-06 0 4.70023e-06 0 5.00968e-06 0 5.31467e-06 0 5.62215e-06 0 5.92234e-06 0 6.22285e-06 0 6.51339e-06 0 6.80221e-06 0 7.08856e-06 0 7.37175e-06 0 7.65108e-06 0 7.92589e-06 0 8.20642e-06 0 8.47045e-06 0 8.73937e-06 0 9.00167e-06 0 9.26847e-06 0 9.52787e-06 0 9.77933e-06 0 1.00345e-05 0 1.02811e-05 0 1.0531e-05 0 1.07844e-05 0 1.10153e-05 0 1.1262e-05 0 1.14986e-05 0 1.17379e-05 0 1.19664e-05 0 1.22111e-05 0 1.24309e-05 0 1.26667e-05 0 1.2891e-05 0 1.31174e-05 0 1.33316e-05 0 1.35621e-05 0 1.37802e-05 0 1.40002e-05 0 1.42073e-05 0 1.44309e-05 0 1.46565e-05 0 1.48687e-05 0 1.50671e-05 0 1.52671e-05 0 1.54839e-05 0 1.56867e-05 0 1.58909e-05 0
318.653 3.08778e-06 1.77201e-06 1.31577e-06 0.426121 -0.278086 3.21602e-11 0 3.83915e-11 0 1.46259e-10 0 1.92179e-09 0 7.45162e-09 0 1.63286e-08 0 2.81543e-08 0 4.24219e-08 0 1.40171e-07 0 4.08496e-07 0 7.17398e-07 0 1.04143e-06 0 1.37234e-06 0 1.70252e-06 0 2.03003e-06 0 2.35374e-06 0 2.67322e-06 0 2.98617e-06 0 3.29797e-06 0 3.5985e-06 0 3.90253e-06 0 4.1947e-06 0 4.48573e-06 0 4.76666e-06 0 5.04276e-06 0 5.32039e-06 0 5.59076e-06 0 5.8608e-06 0 6.12132e-06 0 6.37976e-06 0 6.63552e-06 0 6.88798e-06 0 7.13659e-06 0 7.38077e-06 0 7.62964e-06 0 7.86352e-06 0 8.10141e-06 0 8.33313e-06 0 8.56851e-06 0 8.79708e-06 0 9.01839e-06 0 9.24273e-06 0 9.45923e-06 0 9.67847e-06 0 9.90047e-06 0 1.01026e-05 0 1.03184e-05 0 1.05251e-05 0 1.0734e-05 0 1.09334e-05 0 1.11466e-05 0 1.1338e-05 0 1.15432e-05 0 1.17381e-05 0 1.19348e-05 0 1.21208e-05 0 1.23208e-05 0 1.25098e-05 0 1.27004e-05 0 1.28797e-05 0 1.30732e-05 0 1.32682e-05 0 1.34515e-05 0 1.36229e-05 0 1.37954e-05 0 1.39825e-05 0 1.41573e-05 0 1.43333e-05 0
335.009 2.75085e-06 1.68239e-06 1.06846e-06 0.388411 -0.280885 5.40162e-11 0 6.39271e-11 0 2.28144e-10 0 2.64351e-09 0 9.59387e-09 0 2.02331e-08 0 3.39712e-08 0 5.01729e-08 0 1.56397e-07 0 4.3267e-07 0 7.39385e-07 0 1.05418e-06 0 1.3708e-06 0 1.68308e-06 0 1.99e-06 0 2.29108e-06 0 2.58632e-06 0 2.87392e-06 0 3.15908e-06 0 3.43276e-06 0 3.70855e-06 0 3.97265e-06 0 4.23489e-06 0 4.4873e-06 0 4.73471e-06 0 4.98287e-06 0 5.22398e-06 0 5.46427e-06 0 5.69562e-06 0 5.9247e-06 0 6.15099e-06 0 6.37399e-06 0 6.59322e-06 0 6.80822e-06 0 7.02703e-06 0 7.23238e-06 0 7.44097e-06 0 7.64389e-06 0 7.84977e-06 0 8.04946e-06 0 8.24258e-06 0 8.43816e-06 0 8.62668e-06 0 8.81742e-06 0 9.01036e-06 0 9.18589e-06 0 9.3731e-06 0 9.55227e-06 0 9.73321e-06 0 9.90571e-06 0 1.00901e-05 0 1.02554e-05 0 1.04326e-05 0 1.06008e-05 0 1.07703e-05 0 1.09306e-05 0 1.11028e-05 0 1.12654e-05 0 1.14293e-05 0 1.15833e-05 0 1.17495e-05 0 1.19169e-05 0 1.20741e-05 0 1.22211e-05 0 1.23689e-05 0 1.25291e-05 0 1.26788e-05 0 1.28293e-05 0
352.205 2.46722e-06 1.59908e-06 8.68135e-07 0.351868 -0.283283 8.72583e-11 0 1.02423e-10 0 3.43514e-10 0 3.53159e-09 0 1.20353e-08 0 2.44742e-08 0 4.0066e-08 0 5.80595e-08 0 1.71228e-07 0 4.50848e-07 0 7.50733e-07 0 1.05222e-06 0 1.35111e-06 0 1.6427e-06 0 1.92681e-06 0 2.20352e-06 0 2.47323e-06 0 2.7346e-06 0 2.99256e-06 0 3.23914e-06 0 3.48671e-06 0 3.72302e-06 0 3.95696e-06 0 4.18151e-06 0 4.40107e-06 0 4.62078e-06 0 4.83379e-06 0 5.04565e-06 0 5.24923e-06 0 5.45045e-06 0 5.64889e-06 0 5.84414e-06 0 6.0358e-06 0 6.22349e-06 0 6.41424e-06 0 6.59303e-06 0 6.77441e-06 0 6.95066e-06 0 7.12927e-06 0 7.30232e-06 0 7.46951e-06 0 7.63864e-06 0 7.80153e-06 0 7.96618e-06 0 8.13258e-06 0 8.28382e-06 0 8.445e-06 0 8.59913e-06 0 8.75467e-06 0 8.90283e-06 0 9.06107e-06 0 9.20288e-06 0 9.35475e-06 0 9.4988e-06 0 9.64394e-06 0 9.78098e-06 0 9.92819e-06 0 1.00672e-05 0 1.02071e-05 0 1.03385e-05 0 1.04803e-05 0 1.06229e-05 0 1.07569e-05 0 1.0882e-05 0 1.10078e-05 0 1.11441e-05 0 1.12713e-05 0 1.13993e-05 0
370.284 2.23099e-06 1.52517e-06 7.05813e-07 0.316368 -0.285081 1.36158e-10 0 1.58575e-10 0 5.01331e-10 0 4.59984e-09 0 1.47651e-08 0 2.90033e-08 0 4.63526e-08 0 6.59657e-08 0 1.84565e-07 0 4.63675e-07 0 7.5333e-07 0 1.03889e-06 0 1.31815e-06 0 1.58779e-06 0 1.84837e-06 0 2.10046e-06 0 2.34478e-06 0 2.58038e-06 0 2.81192e-06 0 3.03239e-06 0 3.253e-06 0 3.46293e-06 0 3.67017e-06 0 3.86858e-06 0 4.06213e-06 0 4.25539e-06 0 4.44238e-06 0 4.628e-06 0 4.80605e-06 0 4.98175e-06 0 5.15474e-06 0 5.3247e-06 0 5.4913e-06 0 5.65423e-06 0 5.81961e-06 0 5.97443e-06 0 6.13131e-06 0 6.28358e-06 0 6.43773e-06 0 6.58693e-06 0 6.73094e-06 0 6.87649e-06 0 7.01653e-06 0 7.15797e-06 0 7.30078e-06 0 7.43049e-06 0 7.56861e-06 0 7.70059e-06 0 7.83368e-06 0 7.96037e-06 0 8.09558e-06 0 8.21667e-06 0 8.34626e-06 0 8.46911e-06 0 8.59281e-06 0 8.70954e-06 0 8.83486e-06 0 8.95311e-06 0 9.0721e-06 0 9.1838e-06 0 9.30419e-06 0 9.4253e-06 0 9.53899e-06 0 9.64511e-06 0 9.75177e-06 0 9.86724e-06 0 9.97501e-06 0 1.00833e-05 0
389.291 2.02968e-06 1.45578e-06 5.73907e-07 0.282757 -0.286513 2.05051e-10 0 2.3704e-10 0 7.08443e-10 0 5.8335e-09 0 1.7689e-08 0 3.36212e-08 0 5.25185e-08 0 7.34667e-08 0 1.9552e-07 0 4.6978e-07 0 7.45648e-07 0 1.01262e-06 0 1.27036e-06 0 1.51682e-06 0 1.75316e-06 0 1.98037e-06 0 2.19938e-06 0 2.40962e-06 0 2.6154e-06 0 2.81065e-06 0 3.00539e-06 0 3.19016e-06 0 3.37209e-06 0 3.54586e-06 0 3.715e-06 0 3.88355e-06 0 4.0463e-06 0 4.20758e-06 0 4.36203e-06 0 4.5142e-06 0 4.66381e-06 0 4.81059e-06 0 4.95428e-06 0 5.09464e-06 0 5.23693e-06 0 5.36998e-06 0 5.50466e-06 0 5.63525e-06 0 5.76732e-06 0 5.89503e-06 0 6.01818e-06 0 6.14254e-06 0 6.2621e-06 0 6.38274e-06 0 6.50447e-06 0 6.61495e-06 0 6.7325e-06 0 6.84476e-06 0 6.95787e-06 0 7.06548e-06 0 7.18024e-06 0 7.28296e-06 0 7.39283e-06 0 7.49692e-06 0 7.60167e-06 0 7.70046e-06 0 7.80647e-06 0 7.90645e-06 0 8.00699e-06 0 8.10133e-06 0 8.20296e-06 0 8.30515e-06 0 8.40103e-06 0 8.4905e-06 0 8.58037e-06 0 8.67763e-06 0 8.76836e-06 0 8.8595e-06 0
409.273 1.85658e-06 1.38987e-06 4.66714e-07 0.251383 -0.287638 2.98407e-10 0 3.42527e-10 0 9.70428e-10 0 7.20927e-09 0 2.0709e-08 0 3.81478e-08 0 5.83085e-08 0 8.02442e-08 0 2.03644e-07 0 4.6903e-07 0 7.28175e-07 0 9.74611e-07 0 1.20965e-06 0 1.43235e-06 0 1.64438e-06 0 1.84699e-06 0 2.04132e-06 0 2.22706e-06 0 2.40818e-06 0 2.57945e-06 0 2.74977e-06 0 2.91093e-06 0 3.06923e-06 0 3.22009e-06 0 3.36662e-06 0 3.51236e-06 0 3.65286e-06 0 3.79184e-06 0 3.92473e-06 0 4.05547e-06 0 4.18383e-06 0 4.30961e-06 0 4.43258e-06 0 4.55256e-06 0 4.67406e-06 0 4.78756e-06 0 4.90232e-06 0 5.0135e-06 0 5.12583e-06 0 5.23435e-06 0 5.33892e-06 0 5.44442e-06 0 5.54578e-06 0 5.64798e-06 0 5.75102e-06 0 5.84447e-06 0 5.94384e-06 0 6.03867e-06 0 6.13416e-06 0 6.22495e-06 0 6.32172e-06 0 6.40829e-06 0 6.50083e-06 0 6.58845e-06 0 6.67658e-06 0 6.75966e-06 0 6.84877e-06 0 6.93276e-06 0 7.01718e-06 0 7.09637e-06 0 7.18163e-06 0 7.26732e-06 0 7.34769e-06 0 7.42265e-06 0 7.49792e-06 0 7.57934e-06 0 7.65527e-06 0 7.73151e-06 0
430.281 1.70948e-06 1.32961e-06 3.79868e-07 0.222213 -0.28825 4.21095e-10 0 4.80112e-10 0 1.2928e-09 0 8.70862e-09 0 2.3761e-08 0 4.24862e-08 0 6.36123e-08 0 8.61947e-08 0 2.09091e-07 0 4.62634e-07 0 7.03354e-07 0 9.28519e-07 0 1.14083e-06 0 1.34027e-06 0 1.52886e-06 0 1.70808e-06 0 1.87917e-06 0 2.04203e-06 0 2.20027e-06 0 2.34946e-06 0 2.49739e-06 0 2.63702e-06 0 2.77385e-06 0 2.90398e-06 0 3.03014e-06 0 3.1554e-06 0 3.27594e-06 0 3.395e-06 0 3.50868e-06 0 3.62038e-06 0 3.7299e-06 0 3.83708e-06 0 3.94176e-06 0 4.04378e-06 0 4.14698e-06 0 4.24329e-06 0 4.34059e-06 0 4.43476e-06 0 4.52983e-06 0 4.6216e-06 0 4.70995e-06 0 4.79903e-06 0 4.88455e-06 0 4.97072e-06 0 5.05753e-06 0 5.13622e-06 0 5.21984e-06 0 5.29959e-06 0 5.37985e-06 0 5.45612e-06 0 5.53737e-06 0 5.61001e-06 0 5.68762e-06 0 5.76107e-06 0 5.83491e-06 0 5.90448e-06 0 5.97907e-06 0 6.04934e-06 0 6.11995e-06 0 6.18615e-06 0 6.25739e-06 0 6.32897e-06 0 6.39607e-06 0 6.45863e-06 0 6.52143e-06 0 6.58934e-06 0 6.65264e-06 0 6.71618e-06 0
452.368 1.58153e-06 1.27226e-06 3.09272e-07 0.195552 -0.288551 5.76109e-10 0 6.52659e-10 0 1.67446e-09 0 1.02769e-08 0 2.67009e-08 0 4.64111e-08 0 6.81386e-08 0 9.09762e-08 0 2.11433e-07 0 4.50355e-07 0 6.71241e-07 0 8.74661e-07 0 1.06442e-06 0 1.24124e-06 0 1.40738e-06 0 1.56444e-06 0 1.71371e-06 0 1.85528e-06 0 1.99238e-06 0 2.12125e-06 0 2.24871e-06 0 2.36872e-06 0 2.48609e-06 0 2.59748e-06 0 2.7053e-06 0 2.81216e-06 0 2.91484e-06 0 3.01611e-06 0 3.11268e-06 0 3.20744e-06 0 3.30025e-06 0 3.39097e-06 0 3.47948e-06 0 3.56566e-06 0 3.65275e-06 0 3.73395e-06 0 3.81592e-06 0 3.89519e-06 0 3.97514e-06 0 4.05226e-06 0 4.12646e-06 0 4.20122e-06 0 4.27294e-06 0 4.34516e-06 0 4.41788e-06 0 4.48374e-06 0 4.5537e-06 0 4.62038e-06 0 4.68746e-06 0 4.75116e-06 0 4.81899e-06 0 4.8796e-06 0 4.94433e-06 0 5.00556e-06 0 5.06708e-06 0 5.12503e-06 0 5.18713e-06 0 5.24561e-06 0 5.30434e-06 0 5.35939e-06 0 5.41861e-06 0 5.47808e-06 0 5.53381e-06 0 5.58575e-06 0 5.63787e-06 0 5.69421e-06 0 5.74672e-06 0 5.79941e-06 0
475.588 1.46872e-06 1.21689e-06 2.51821e-07 0.171456 -0.288624 7.64837e-10 0 8.61202e-10 0 2.11017e-09 0 1.18539e-08 0 2.93983e-08 0 4.97441e-08 0 7.16835e-08 0 9.43782e-08 0 2.106e-07 0 4.32703e-07 0 6.32945e-07 0 8.14673e-07 0 9.82494e-07 0 1.13769e-06 0 1.28265e-06 0 1.41902e-06 0 1.5481e-06 0 1.67008e-06 0 1.78785e-06 0 1.89825e-06 0 2.00718e-06 0 2.10952e-06 0 2.20941e-06 0 2.30404e-06 0 2.39548e-06 0 2.48597e-06 0 2.5728e-06 0 2.65832e-06 0 2.73977e-06 0 2.8196e-06 0 2.8977e-06 0 2.97397e-06 0 3.0483e-06 0 3.12061e-06 0 3.19362e-06 0 3.26163e-06 0 3.33023e-06 0 3.39652e-06 0 3.46334e-06 0 3.52774e-06 0 3.58966e-06 0 3.65201e-06 0 3.71179e-06 0 3.77195e-06 0 3.83248e-06 0 3.88729e-06 0 3.94547e-06 0 4.00089e-06 0 4.05661e-06 0 4.10951e-06 0 4.1658e-06 0 4.21609e-06 0 4.26976e-06 0 4.32051e-06 0 4.37149e-06 0 4.41948e-06 0 4.47089e-06 0 4.51928e-06 0 4.56787e-06 0 4.61339e-06 0 4.66234e-06 0 4.71148e-06 0 4.75752e-06 0 4.80041e-06 0 4.84344e-06 0 4.88994e-06 0 4.93326e-06 0 4.97671e-06 0
500 1.36849e-06 1.16341e-06 2.05083e-07 0.149861 -0.288491 9.86682e-10 0 1.10458e-09 0 2.59068e-09 0 1.33782e-08 0 3.17438e-08 0 5.23585e-08 0 7.41272e-08 0 9.63071e-08 0 2.06776e-07 0 4.10595e-07 0 5.90046e-07 0 7.50682e-07 0 8.9763e-07 0 1.03257e-06 0 1.15791e-06 0 1.27528e-06 0 1.38595e-06 0 1.4902e-06 0 1.59055e-06 0 1.6844e-06 0 1.77678e-06 0 1.8634e-06 0 1.94778e-06 0 2.02759e-06 0 2.10459e-06 0 2.18069e-06 0 2.2536e-06 0 2.32534e-06 0 2.39357e-06 0 2.46038e-06 0 2.52568e-06 0 2.58938e-06 0 2.65141e-06 0 2.7117e-06 0 2.77252e-06 0 2.82914e-06 0 2.88621e-06 0 2.94131e-06 0 2.99681e-06 0 3.05028e-06 0 3.10165e-06 0 3.15334e-06 0 3.20287e-06 0 3.2527e-06 0 3.30281e-06 0 3.34815e-06 0 3.39626e-06 0 3.44207e-06 0 3.4881e-06 0 3.53179e-06 0 3.57825e-06 0 3.61974e-06 0 3.66401e-06 0 3.70585e-06 0 3.74786e-06 0 3.78739e-06 0 3.82972e-06 0 3.86956e-06 0 3.90955e-06 0 3.94699e-06 0 3.98725e-06 0 4.02765e-06 0 4.06548e-06 0 4.10073e-06 0 4.13607e-06 0 4.17425e-06 0 4.20981e-06 0 4.24547e-06 0
525.665 1.28128e-06 1.11414e-06 1.67144e-07 0.130451 -0.28773 1.24124e-09 0 1.38192e-09 0 3.1091e-09 0 1.48205e-08 0 3.37192e-08 0 5.42841e-08 0 7.55732e-08 0 9.69553e-08 0 2.00698e-07 0 3.85866e-07 0 5.45296e-07 0 6.86183e-07 0 8.1393e-07 0 9.30467e-07 0 1.03815e-06 0 1.13856e-06 0 1.23291e-06 0 1.3215e-06 0 1.40657e-06 0 1.48592e-06 0 1.56388e-06 0 1.63684e-06 0 1.70779e-06 0 1.7748e-06 0 1.83935e-06 0 1.90306e-06 0 1.96403e-06 0 2.02395e-06 0 2.08088e-06 0 2.13657e-06 0 2.19095e-06 0 2.24395e-06 0 2.29552e-06 0 2.3456e-06 0 2.39608e-06 0 2.44304e-06 0 2.49034e-06 0 2.53599e-06 0 2.58193e-06 0 2.62616e-06 0 2.66864e-06 0 2.71136e-06 0 2.75227e-06 0 2.79341e-06 0 2.83475e-06 0 2.87215e-06 0 2.91181e-06 0 2.94956e-06 0 2.98747e-06 0 3.02344e-06 0 3.06168e-06 0 3.09581e-06 0 3.13222e-06 0 3.16661e-06 0 3.20113e-06 0 3.23361e-06 0 3.26838e-06 0 3.30108e-06 0 3.3339e-06 0 3.36462e-06 0 3.39764e-06 0 3.43077e-06 0 3.46178e-06 0 3.49066e-06 0 3.51961e-06 0 3.55089e-06 0 3.58e-06 0 3.6092e-06 0
552.648 1.20228e-06 1.06605e-06 1.36226e-07 0.113306 -0.28681 1.52083e-09 0 1.68435e-09 0 3.64252e-09 0 1.60912e-08 0 3.51783e-08 0 5.5344e-08 0 7.58307e-08 0 9.61294e-08 0 1.92218e-07 0 3.58453e-07 0 4.98609e-07 0 6.20978e-07 0 7.31023e-07 0 8.30795e-07 0 9.22542e-07 0 1.00776e-06 0 1.08756e-06 0 1.16229e-06 0 1.23386e-06 0 1.30049e-06 0 1.36581e-06 0 1.42684e-06 0 1.4861e-06 0 1.54198e-06 0 1.59574e-06 0 1.64874e-06 0 1.6994e-06 0 1.74914e-06 0 1.79635e-06 0 1.84248e-06 0 1.88749e-06 0 1.93133e-06 0 1.97395e-06 0 2.0153e-06 0 2.05697e-06 0 2.09569e-06 0 2.13468e-06 0 2.17227e-06 0 2.2101e-06 0 2.24649e-06 0 2.28142e-06 0 2.31653e-06 0 2.35014e-06 0 2.38392e-06 0 2.41785e-06 0 2.44853e-06 0 2.48106e-06 0 2.512e-06 0 2.54307e-06 0 2.57253e-06 0 2.60384e-06 0 2.63178e-06 0 2.66157e-06 0 2.6897e-06 0 2.71793e-06 0 2.74448e-06 0 2.77289e-06 0 2.79961e-06 0 2.8264e-06 0 2.85149e-06 0 2.87844e-06 0 2.90547e-06 0 2.93077e-06 0 2.95433e-06 0 2.97794e-06 0 3.00343e-06 0 3.02716e-06 0 3.05095e-06 0
581.015 1.13014e-06 1.01911e-06 1.11029e-07 0.0982434 -0.285758 1.81704e-09 0 2.00241e-09 0 4.17049e-09 0 1.71385e-08 0 3.60745e-08 0 5.55278e-08 0 7.49415e-08 0 9.39319e-08 0 1.8177e-07 0 3.29334e-07 0 4.51321e-07 0 5.56633e-07 0 6.50614e-07 0 7.35336e-07 0 8.12894e-07 0 8.8467e-07 0 9.51679e-07 0 1.01426e-06 0 1.07407e-06 0 1.12963e-06 0 1.184e-06 0 1.23472e-06 0 1.28389e-06 0 1.3302e-06 0 1.37471e-06 0 1.41853e-06 0 1.46037e-06 0 1.50141e-06 0 1.54033e-06 0 1.57833e-06 0 1.61538e-06 0 1.65143e-06 0 1.68645e-06 0 1.72042e-06 0 1.75462e-06 0 1.78638e-06 0 1.81834e-06 0 1.84915e-06 0 1.88012e-06 0 1.90991e-06 0 1.93848e-06 0 1.96719e-06 0 1.99467e-06 0 2.02226e-06 0 2.04997e-06 0 2.07502e-06 0 2.10156e-06 0 2.1268e-06 0 2.15214e-06 0 2.17615e-06 0 2.20166e-06 0 2.22442e-06 0 2.24868e-06 0 2.27158e-06 0 2.29455e-06 0 2.31615e-06 0 2.33926e-06 0 2.36099e-06 0 2.38277e-06 0 2.40316e-06 0 2.42506e-06 0 2.44702e-06 0 2.46757e-06 0 2.48669e-06 0 2.50586e-06 0 2.52654e-06 0 2.5458e-06 0 2.56509e-06 0
610.839 1.06391e-06 9.73373e-07 9.05364e-08 0.0850979 -0.284599 2.11952e-09 0 2.32471e-09 0 4.67165e-09 0 1.79233e-08 0 3.63937e-08 0 5.48706e-08 0 7.30018e-08 0 9.0524e-08 0 1.69829e-07 0 2.99436e-07 0 4.04619e-07 0 4.94475e-07 0 5.74092e-07 0 6.45484e-07 0 7.10569e-07 0 7.70597e-07 0 8.2648e-07 0 8.78546e-07 0 9.28195e-07 0 9.74233e-07 0 1.01922e-06 0 1.06111e-06 0 1.10168e-06 0 1.13983e-06 0 1.17646e-06 0 1.21248e-06 0 1.24686e-06 0 1.28053e-06 0 1.31244e-06 0 1.34358e-06 0 1.37391e-06 0 1.4034e-06 0 1.43204e-06 0 1.45979e-06 0 1.48772e-06 0 1.51364e-06 0 1.53971e-06 0 1.56483e-06 0 1.59007e-06 0 1.61433e-06 0 1.63759e-06 0 1.66096e-06 0 1.68331e-06 0 1.70575e-06 0 1.72827e-06 0 1.74863e-06 0 1.77018e-06 0 1.79068e-06 0 1.81124e-06 0 1.83073e-06 0 1.85143e-06 0 1.86988e-06 0 1.88955e-06 0 1.90811e-06 0 1.92673e-06 0 1.94423e-06 0 1.96294e-06 0 1.98053e-06 0 1.99817e-06 0 2.01466e-06 0 2.03238e-06 0 2.05014e-06 0 2.06676e-06 0 2.08222e-06 0 2.09772e-06 0 2.11444e-06 0 2.12999e-06 0 2.14558e-06 0
642.193 1.00273e-06 9.2887e-07 7.38648e-08 0.0736634 -0.283355 2.41654e-09 0 2.63858e-09 0 5.12517e-09 0 1.8421e-08 0 3.61495e-08 0 5.3443e-08 0 7.01448e-08 0 8.61024e-08 0 1.5687e-07 0 2.69575e-07 0 3.59477e-07 0 4.3553e-07 0 5.02472e-07 0 5.62202e-07 0 6.16446e-07 0 6.66319e-07 0 7.12627e-07 0 7.55676e-07 0 7.96646e-07 0 8.34571e-07 0 8.71572e-07 0 9.05984e-07 0 9.39261e-07 0 9.70529e-07 0 1.00051e-06 0 1.02998e-06 0 1.05806e-06 0 1.08555e-06 0 1.11159e-06 0 1.13697e-06 0 1.16168e-06 0 1.18569e-06 0 1.20899e-06 0 1.23156e-06 0 1.25426e-06 0 1.27532e-06 0 1.29649e-06 0 1.31687e-06 0 1.33734e-06 0 1.35702e-06 0 1.37587e-06 0 1.39481e-06 0 1.4129e-06 0 1.43107e-06 0 1.4493e-06 0 1.46577e-06 0 1.4832e-06 0 1.49978e-06 0 1.5164e-06 0 1.53214e-06 0 1.54887e-06 0 1.56377e-06 0 1.57965e-06 0 1.59463e-06 0 1.60965e-06 0 1.62377e-06 0 1.63887e-06 0 1.65305e-06 0 1.66727e-06 0 1.68057e-06 0 1.69485e-06 0 1.70916e-06 0 1.72254e-06 0 1.735e-06 0 1.74747e-06 0 1.76094e-06 0 1.77346e-06 0 1.786e-06 0
675.157 9.45872e-07 8.85611e-07 6.02614e-08 0.0637098 -0.282047 2.69589e-09 0 2.93102e-09 0 5.51222e-09 0 1.86217e-08 0 3.53799e-08 0 5.13416e-08 0 6.65275e-08 0 8.08816e-08 0 1.43337e-07 0 2.40427e-07 0 3.16636e-07 0 3.80522e-07 0 4.3641e-07 0 4.8605e-07 0 5.3097e-07 0 5.72151e-07 0 6.10296e-07 0 6.45683e-07 0 6.79301e-07 0 7.10371e-07 0 7.40642e-07 0 7.68759e-07 0 7.95918e-07 0 8.2141e-07 0 8.45831e-07 0 8.69809e-07 0 8.92647e-07 0 9.14987e-07 0 9.36126e-07 0 9.56721e-07 0 9.76758e-07 0 9.96219e-07 0 1.01509e-06 0 1.03336e-06 0 1.05173e-06 0 1.06876e-06 0 1.08588e-06 0 1.10235e-06 0 1.11889e-06 0 1.13477e-06 0 1.14999e-06 0 1.16527e-06 0 1.17986e-06 0 1.19451e-06 0 1.20921e-06 0 1.22247e-06 0 1.23652e-06 0 1.24987e-06 0 1.26325e-06 0 1.27592e-06 0 1.28938e-06 0 1.30137e-06 0 1.31414e-06 0 1.32619e-06 0 1.33826e-06 0 1.34961e-06 0 1.36174e-06 0 1.37314e-06 0 1.38456e-06 0 1.39524e-06 0 1.4067e-06 0 1.41819e-06 0 1.42893e-06 0 1.43893e-06 0 1.44894e-06 0 1.45973e-06 0 1.46978e-06 0 1.47984e-06 0
709.813 8.93004e-07 8.43847e-07 4.91571e-08 0.0550469 -0.280527 2.94665e-09 0 3.19064e-09 0 5.81911e-09 0 1.85355e-08 0 3.41528e-08 0 4.86963e-08 0 6.23386e-08 0 7.51041e-08 0 1.29667e-07 0 2.12594e-07 0 2.76716e-07 0 3.30019e-07 0 3.76383e-07 0 4.17392e-07 0 4.54379e-07 0 4.88197e-07 0 5.19452e-07 0 5.48392e-07 0 5.75839e-07 0 6.01171e-07 0 6.25818e-07 0 6.48685e-07 0 6.7075e-07 0 6.9144e-07 0 7.11245e-07 0 7.30675e-07 0 7.49166e-07 0 7.67242e-07 0 7.84336e-07 0 8.00979e-07 0 8.17162e-07 0 8.32872e-07 0 8.481e-07 0 8.62834e-07 0 8.77638e-07 0 8.91363e-07 0 9.05145e-07 0 9.18405e-07 0 9.31716e-07 0 9.44494e-07 0 9.56734e-07 0 9.69015e-07 0 9.80748e-07 0 9.92516e-07 0 1.00432e-06 0 1.01497e-06 0 1.02625e-06 0 1.03696e-06 0 1.0477e-06 0 1.05786e-06 0 1.06866e-06 0 1.07827e-06 0 1.08851e-06 0 1.09816e-06 0 1.10784e-06 0 1.11693e-06 0 1.12664e-06 0 1.13577e-06 0 1.14491e-06 0 1.15346e-06 0 1.16264e-06 0 1.17183e-06 0 1.18043e-06 0 1.18842e-06 0 1.19643e-06 0 1.20506e-06 0 1.21309e-06 0 1.22114e-06 0
746.248 8.43944e-07 8.03825e-07 4.01193e-08 0.0475378 -0.278549 3.15971e-09 0 3.40814e-09 0 6.0372e-09 0 1.81865e-08 0 3.25507e-08 0 4.56457e-08 0 5.77671e-08 0 6.90026e-08 0 1.16234e-07 0 1.86522e-07 0 2.40119e-07 0 2.84326e-07 0 3.22576e-07 0 3.56276e-07 0 3.8658e-07 0 4.14219e-07 0 4.39711e-07 0 4.63274e-07 0 4.85588e-07 0 5.06154e-07 0 5.2614e-07 0 5.44663e-07 0 5.6252e-07 0 5.79249e-07 0 5.9525e-07 0 6.10936e-07 0 6.25854e-07 0 6.40428e-07 0 6.54202e-07 0 6.67605e-07 0 6.80631e-07 0 6.9327e-07 0 7.05515e-07 0 7.17359e-07 0 7.29253e-07 0 7.40276e-07 0 7.51341e-07 0 7.61983e-07 0 7.72661e-07 0 7.8291e-07 0 7.92724e-07 0 8.02567e-07 0 8.11968e-07 0 8.21396e-07 0 8.30849e-07 0 8.39379e-07 0 8.48404e-07 0 8.56976e-07 0 8.65567e-07 0 8.73699e-07 0 8.82328e-07 0 8.90015e-07 0 8.98199e-07 0 9.05916e-07 0 9.13649e-07 0 9.20911e-07 0 9.28671e-07 0 9.3596e-07 0 9.43261e-07 0 9.50086e-07 0 9.57411e-07 0 9.64748e-07 0 9.71607e-07 0 9.77985e-07 0 9.84372e-07 0 9.9126e-07 0 9.97665e-07 0 1.00408e-06 0
784.553 7.97706e-07 7.64959e-07 3.27469e-08 0.0410514 -0.276567 3.32484e-09 0 3.57311e-09 0 6.15663e-09 0 1.75905e-08 0 3.06304e-08 0 4.22825e-08 0 5.29344e-08 0 6.27205e-08 0 1.03227e-07 0 1.62338e-07 0 2.06832e-07 0 2.43267e-07 0 2.74639e-07 0 3.02181e-07 0 3.26878e-07 0 3.49352e-07 0 3.70042e-07 0 3.89135e-07 0 4.0719e-07 0 4.23812e-07 0 4.39947e-07 0 4.54886e-07 0 4.69275e-07 0 4.82745e-07 0 4.95618e-07 0 5.0823e-07 0 5.20218e-07 0 5.31921e-07 0 5.42976e-07 0 5.53729e-07 0 5.64173e-07 0 5.74303e-07 0 5.84113e-07 0 5.93598e-07 0 6.03119e-07 0 6.1194e-07 0 6.20791e-07 0 6.29301e-07 0 6.37838e-07 0 6.46029e-07 0 6.5387e-07 0 6.61732e-07 0 6.69239e-07 0 6.76765e-07 0 6.8431e-07 0 6.91117e-07 0 6.98317e-07 0 7.05154e-07 0 7.12005e-07 0 7.18488e-07 0 7.25367e-07 0 7.31492e-07 0 7.38013e-07 0 7.44162e-07 0 7.50321e-07 0 7.56104e-07 0 7.62283e-07 0 7.68086e-07 0 7.73898e-07 0 7.7933e-07 0 7.85159e-07 0 7.90996e-07 0 7.96453e-07 0 8.01526e-07 0 8.06605e-07 0 8.12083e-07 0 8.17176e-07 0 8.22275e-07 0
824.824 7.54055e-07 7.27328e-07 2.67273e-08 0.0354448 -0.2746 3.43656e-09 0 3.68032e-09 0 6.17696e-09 0 1.67855e-08 0 2.84788e-08 0 3.87324e-08 0 4.79971e-08 0 5.64384e-08 0 9.08792e-08 0 1.40231e-07 0 1.76935e-07 0 2.06792e-07 0 2.32385e-07 0 2.5478e-07 0 2.7481e-07 0 2.92999e-07 0 3.09715e-07 0 3.25118e-07 0 3.39666e-07 0 3.53043e-07 0 3.66016e-07 0 3.78017e-07 0 3.89566e-07 0 4.0037e-07 0 4.10688e-07 0 4.20791e-07 0 4.30388e-07 0 4.39752e-07 0 4.48593e-07 0 4.57189e-07 0 4.65534e-07 0 4.73625e-07 0 4.81457e-07 0 4.89027e-07 0 4.96623e-07 0 5.03658e-07 0 5.10716e-07 0 5.17499e-07 0 5.24301e-07 0 5.30826e-07 0 5.37071e-07 0 5.43331e-07 0 5.49307e-07 0 5.55297e-07 0 5.613e-07 0 5.66714e-07 0 5.72441e-07 0 5.77877e-07 0 5.83324e-07 0 5.88477e-07 0 5.93944e-07 0 5.98811e-07 0 6.03992e-07 0 6.08876e-07 0 6.13767e-07 0 6.1836e-07 0 6.23266e-07 0 6.27872e-07 0 6.32485e-07 0 6.36796e-07 0 6.41421e-07 0 6.46053e-07 0 6.50381e-07 0 6.54405e-07 0 6.58434e-07 0 6.62778e-07 0 6.66816e-07 0 6.70859e-07 0
867.163 7.12829e-07 6.91013e-07 2.18157e-08 0.0306045 -0.272664 3.49247e-09 0 3.72784e-09 0 6.10275e-09 0 1.58148e-08 0 2.61807e-08 0 3.51111e-08 0 4.30923e-08 0 5.03082e-08 0 7.93582e-08 0 1.20287e-07 0 1.50392e-07 0 1.74729e-07 0 1.95506e-07 0 2.13631e-07 0 2.29804e-07 0 2.44463e-07 0 2.57913e-07 0 2.70291e-07 0 2.81967e-07 0 2.92692e-07 0 3.03084e-07 0 3.12689e-07 0 3.21926e-07 0 3.30561e-07 0 3.38804e-07 0 3.46869e-07 0 3.54526e-07 0 3.61995e-07 0 3.69042e-07 0 3.75892e-07 0 3.82539e-07 0 3.88981e-07 0 3.95214e-07 0 4.01237e-07 0 4.0728e-07 0 4.12874e-07 0 4.18484e-07 0 4.23874e-07 0 4.29279e-07 0 4.34462e-07 0 4.39421e-07 0 4.44391e-07 0 4.49135e-07 0 4.53888e-07 0 4.58651e-07 0 4.62947e-07 0 4.67489e-07 0 4.718e-07 0 4.76118e-07 0 4.80203e-07 0 4.84536e-07 0 4.88393e-07 0 4.92498e-07 0 4.96367e-07 0 5.00241e-07 0 5.03879e-07 0 5.07764e-07 0 5.11411e-07 0 5.15063e-07 0 5.18476e-07 0 5.22136e-07 0 5.25802e-07 0 5.29227e-07 0 5.3241e-07 0 5.35598e-07 0 5.39034e-07 0 5.42228e-07 0 5.45425e-07 0
911.674 6.73936e-07 6.56116e-07 1.78203e-08 0.0264421 -0.270771 3.49324e-09 0 3.71699e-09 0 5.94294e-09 0 1.47239e-08 0 2.38158e-08 0 3.15198e-08 0 3.83351e-08 0 4.44526e-08 0 6.87771e-08 0 1.02516e-07 0 1.27079e-07 0 1.46824e-07 0 1.63617e-07 0 1.78226e-07 0 1.91233e-07 0 2.03002e-07 0 2.13785e-07 0 2.23696e-07 0 2.33035e-07 0 2.41605e-07 0 2.49903e-07 0 2.57566e-07 0 2.6493e-07 0 2.71811e-07 0 2.78375e-07 0 2.84794e-07 0 2.90886e-07 0 2.96825e-07 0 3.02427e-07 0 3.07869e-07 0 3.13149e-07 0 3.18264e-07 0 3.23212e-07 0 3.27992e-07 0 3.32785e-07 0 3.37221e-07 0 3.41669e-07 0 3.45942e-07 0 3.50226e-07 0 3.54332e-07 0 3.5826e-07 0 3.62196e-07 0 3.65952e-07 0 3.69715e-07 0 3.73485e-07 0 3.76885e-07 0 3.80478e-07 0 3.83889e-07 0 3.87304e-07 0 3.90535e-07 0 3.93961e-07 0 3.97011e-07 0 4.00256e-07 0 4.03314e-07 0 4.06376e-07 0 4.0925e-07 0 4.1232e-07 0 4.15201e-07 0 4.18085e-07 0 4.20781e-07 0 4.23672e-07 0 4.26566e-07 0 4.2927e-07 0 4.31784e-07 0 4.343e-07 0 4.37012e-07 0 4.39532e-07 0 4.42056e-07 0
958.471 6.37179e-07 6.22625e-07 1.45549e-08 0.0228427 -0.268931 3.44167e-09 0 3.65124e-09 0 5.70861e-09 0 1.35548e-08 0 2.14501e-08 0 2.80372e-08 0 3.38092e-08 0 3.89556e-08 0 5.91853e-08 0 8.68413e-08 0 1.06786e-07 0 1.22736e-07 0 1.36254e-07 0 1.47983e-07 0 1.58407e-07 0 1.67823e-07 0 1.76438e-07 0 1.84348e-07 0 1.91794e-07 0 1.98621e-07 0 2.05226e-07 0 2.11322e-07 0 2.17177e-07 0 2.22644e-07 0 2.27856e-07 0 2.32952e-07 0 2.37785e-07 0 2.42495e-07 0 2.46937e-07 0 2.5125e-07 0 2.55433e-07 0 2.59484e-07 0 2.63402e-07 0 2.67185e-07 0 2.70978e-07 0 2.74488e-07 0 2.78006e-07 0 2.81385e-07 0 2.84771e-07 0 2.88017e-07 0 2.91121e-07 0 2.94231e-07 0 2.97199e-07 0 3.00171e-07 0 3.03148e-07 0 3.05832e-07 0 3.0867e-07 0 3.11361e-07 0 3.14057e-07 0 3.16607e-07 0 3.1931e-07 0 3.21716e-07 0 3.24275e-07 0 3.26687e-07 0 3.29102e-07 0 3.31368e-07 0 3.33789e-07 0 3.3606e-07 0 3.38334e-07 0 3.40458e-07 0 3.42737e-07 0 3.45017e-07 0 3.47148e-07 0 3.49128e-07 0 3.5111e-07 0 3.53247e-07 0 3.55232e-07 0 3.5722e-07 0
1007.67 6.024e-07 5.90514e-07 1.1886e-08 0.019731 -0.267085 3.34265e-09 0 3.53621e-09 0 5.41285e-09 0 1.23465e-08 0 1.91388e-08 0 2.47242e-08 0 2.95754e-08 0 3.38738e-08 0 5.05922e-08 0 7.31442e-08 0 8.92669e-08 0 1.02099e-07 0 1.1294e-07 0 1.22325e-07 0 1.30649e-07 0 1.38159e-07 0 1.45021e-07 0 1.51314e-07 0 1.57234e-07 0 1.62658e-07 0 1.679e-07 0 1.72736e-07 0 1.77378e-07 0 1.81711e-07 0 1.85839e-07 0 1.89874e-07 0 1.93699e-07 0 1.97426e-07 0 2.00938e-07 0 2.04348e-07 0 2.07654e-07 0 2.10855e-07 0 2.1395e-07 0 2.16938e-07 0 2.19933e-07 0 2.22703e-07 0 2.2548e-07 0 2.28146e-07 0 2.30817e-07 0 2.33377e-07 0 2.35825e-07 0 2.38278e-07 0 2.40617e-07 0 2.4296e-07 0 2.45306e-07 0 2.47421e-07 0 2.49656e-07 0 2.51777e-07 0 2.539e-07 0 2.55908e-07 0 2.58036e-07 0 2.59931e-07 0 2.61946e-07 0 2.63844e-07 0 2.65745e-07 0 2.67528e-07 0 2.69433e-07 0 2.7122e-07 0 2.73009e-07 0 2.7468e-07 0 2.76472e-07 0 2.78266e-07 0 2.79942e-07 0 2.81499e-07 0 2.83058e-07 0 2.84738e-07 0 2.86299e-07 0 2.87861e-07 0
1059.39 5.69319e-07 5.5961e-07 9.70809e-09 0.0170521 -0.264959 3.20186e-09 0 3.37824e-09 0 5.06841e-09 0 1.11305e-08 0 1.69215e-08 0 2.16196e-08 0 2.56667e-08 0 2.92321e-08 0 4.29641e-08 0 6.12608e-08 0 7.4237e-08 0 8.45195e-08 0 9.31812e-08 0 1.00664e-07 0 1.0729e-07 0 1.13259e-07 0 1.18708e-07 0 1.237e-07 0 1.28392e-07 0 1.32688e-07 0 1.36838e-07 0 1.40663e-07 0 1.44334e-07 0 1.47758e-07 0 1.51019e-07 0 1.54205e-07 0 1.57225e-07 0 1.60166e-07 0 1.62937e-07 0 1.65626e-07 0 1.68233e-07 0 1.70756e-07 0 1.73195e-07 0 1.75548e-07 0 1.77907e-07 0 1.80089e-07 0 1.82275e-07 0 1.84374e-07 0 1.86477e-07 0 1.88492e-07 0 1.90418e-07 0 1.92347e-07 0 1.94187e-07 0 1.96029e-07 0 1.97874e-07 0 1.99537e-07 0 2.01294e-07 0 2.02961e-07 0 2.0463e-07 0 2.06208e-07 0 2.0788e-07 0 2.09369e-07 0 2.10952e-07 0 2.12443e-07 0 2.13936e-07 0 2.15337e-07 0 2.16832e-07 0 2.18236e-07 0 2.1964e-07 0 2.20952e-07 0 2.22359e-07 0 2.23767e-07 0 2.25082e-07 0 2.26305e-07 0 2.27528e-07 0 2.28846e-07 0 2.30071e-07 0 2.31296e-07 0
1113.77 5.38114e-07 5.30182e-07 7.93217e-09 0.0147407 -0.262921 3.02858e-09 0 3.18736e-09 0 4.69223e-09 0 9.94206e-09 0 1.48404e-08 0 1.87647e-08 0 2.21196e-08 0 2.50594e-08 0 3.62802e-08 0 5.10622e-08 0 6.14688e-08 0 6.96822e-08 0 7.65825e-08 0 8.25316e-08 0 8.77919e-08 0 9.25249e-08 0 9.6841e-08 0 1.00792e-07 0 1.04503e-07 0 1.07898e-07 0 1.11176e-07 0 1.14196e-07 0 1.17092e-07 0 1.19793e-07 0 1.22365e-07 0 1.24876e-07 0 1.27255e-07 0 1.29571e-07 0 1.31753e-07 0 1.3387e-07 0 1.35922e-07 0 1.37907e-07 0 1.39826e-07 0 1.41677e-07 0 1.43532e-07 0 1.45248e-07 0 1.46966e-07 0 1.48616e-07 0 1.50268e-07 0 1.51851e-07 0 1.53364e-07 0 1.54879e-07 0 1.56324e-07 0 1.57771e-07 0 1.5922e-07 0 1.60525e-07 0 1.61904e-07 0 1.63213e-07 0 1.64522e-07 0 1.6576e-07 0 1.67073e-07 0 1.6824e-07 0 1.69482e-07 0 1.70652e-07 0 1.71823e-07 0 1.72921e-07 0 1.74094e-07 0 1.75195e-07 0 1.76296e-07 0 1.77324e-07 0 1.78427e-07 0 1.79531e-07 0 1.80562e-07 0 1.8152e-07 0 1.82479e-07 0 1.83511e-07 0 1.84471e-07 0 1.85432e-07 0
1170.94 5.08681e-07 5.022e-07 6.48003e-09 0.0127389 -0.260975 2.83087e-09 0 2.97218e-09 0 4.29778e-09 0 8.80403e-09 0 1.29171e-08 0 1.61741e-08 0 1.89389e-08 0 2.13497e-08 0 3.04751e-08 0 4.2372e-08 0 5.06912e-08 0 5.72329e-08 0 6.27155e-08 0 6.74339e-08 0 7.16002e-08 0 7.53447e-08 0 7.87562e-08 0 8.18768e-08 0 8.48054e-08 0 8.74834e-08 0 9.00677e-08 0 9.24477e-08 0 9.4729e-08 0 9.68553e-08 0 9.88795e-08 0 1.00855e-07 0 1.02727e-07 0 1.04548e-07 0 1.06264e-07 0 1.07928e-07 0 1.0954e-07 0 1.111e-07 0 1.12607e-07 0 1.14061e-07 0 1.15517e-07 0 1.16864e-07 0 1.18213e-07 0 1.19507e-07 0 1.20804e-07 0 1.22046e-07 0 1.23233e-07 0 1.24421e-07 0 1.25554e-07 0 1.26689e-07 0 1.27825e-07 0 1.28848e-07 0 1.29929e-07 0 1.30955e-07 0 1.31981e-07 0 1.32952e-07 0 1.3398e-07 0 1.34895e-07 0 1.35868e-07 0 1.36784e-07 0 1.37701e-07 0 1.38562e-07 0 1.3948e-07 0 1.40342e-07 0 1.41205e-07 0 1.4201e-07 0 1.42874e-07 0 1.43738e-07 0 1.44545e-07 0 1.45295e-07 0 1.46045e-07 0 1.46853e-07 0 1.47605e-07 0 1.48356e-07 0
1231.05 4.80937e-07 4.75645e-07 5.29273e-09 0.011005 -0.259012 2.61675e-09 0 2.74119e-09 0 3.8973e-09 0 7.7337e-09 0 1.11643e-08 0 1.38516e-08 0 1.6118e-08 0 1.80852e-08 0 2.5475e-08 0 3.50171e-08 0 4.16485e-08 0 4.68456e-08 0 5.11915e-08 0 5.49256e-08 0 5.82187e-08 0 6.11753e-08 0 6.38668e-08 0 6.6327e-08 0 6.86344e-08 0 7.07433e-08 0 7.27773e-08 0 7.46497e-08 0 7.64438e-08 0 7.81154e-08 0 7.97063e-08 0 8.12586e-08 0 8.27286e-08 0 8.4159e-08 0 8.55057e-08 0 8.68118e-08 0 8.80769e-08 0 8.93007e-08 0 9.04829e-08 0 9.16232e-08 0 9.27654e-08 0 9.38213e-08 0 9.48787e-08 0 9.58935e-08 0 9.69096e-08 0 9.78827e-08 0 9.88128e-08 0 9.97439e-08 0 1.00632e-07 0 1.0152e-07 0 1.0241e-07 0 1.03211e-07 0 1.04058e-07 0 1.04861e-07 0 1.05664e-07 0 1.06424e-07 0 1.07229e-07 0 1.07945e-07 0 1.08706e-07 0 1.09423e-07 0 1.10141e-07 0 1.10814e-07 0 1.11533e-07 0 1.12207e-07 0 1.12882e-07 0 1.13512e-07 0 1.14187e-07 0 1.14863e-07 0 1.15495e-07 0 1.16081e-07 0 1.16668e-07 0 1.173e-07 0 1.17887e-07 0 1.18475e-07 0
1294.24 4.54524e-07 4.50199e-07 4.32545e-09 0.00951643 -0.256976 2.3922e-09 0 2.50062e-09 0 3.49901e-09 0 6.73844e-09 0 9.58043e-09 0 1.17845e-08 0 1.36322e-08 0 1.52293e-08 0 2.11867e-08 0 2.88119e-08 0 3.40812e-08 0 3.81981e-08 0 4.16338e-08 0 4.45815e-08 0 4.7178e-08 0 4.95071e-08 0 5.16256e-08 0 5.35609e-08 0 5.5375e-08 0 5.70321e-08 0 5.86298e-08 0 6.00999e-08 0 6.1508e-08 0 6.28197e-08 0 6.40675e-08 0 6.52849e-08 0 6.64373e-08 0 6.75585e-08 0 6.86138e-08 0 6.96371e-08 0 7.06281e-08 0 7.15866e-08 0 7.25123e-08 0 7.34052e-08 0 7.42993e-08 0 7.51258e-08 0 7.59533e-08 0 7.67474e-08 0 7.75424e-08 0 7.83037e-08 0 7.90312e-08 0 7.97595e-08 0 8.04538e-08 0 8.11487e-08 0 8.18443e-08 0 8.24708e-08 0 8.31328e-08 0 8.37604e-08 0 8.43885e-08 0 8.49822e-08 0 8.56113e-08 0 8.61709e-08 0 8.67658e-08 0 8.73262e-08 0 8.78869e-08 0 8.84129e-08 0 8.89743e-08 0 8.9501e-08 0 9.00279e-08 0 9.052e-08 0 9.10476e-08 0 9.15754e-08 0 9.20684e-08 0 9.25263e-08 0 9.29845e-08 0 9.34781e-08 0 9.39367e-08 0 9.43956e-08 0
1360.67 4.29649e-07 4.26114e-07 3.53484e-09 0.00822728 -0.255032 2.16551e-09 0 2.25912e-09 0 3.1139e-09 0 5.83012e-09 0 8.1712e-09 0 9.9701e-09 0 1.14697e-08 0 1.2761e-08 0 1.75468e-08 0 2.36233e-08 0 2.78006e-08 0 3.10553e-08 0 3.37663e-08 0 3.60892e-08 0 3.81331e-08 0 3.99651e-08 0 4.16302e-08 0 4.31505e-08 0 4.45747e-08 0 4.58752e-08 0 4.71285e-08 0 4.82814e-08 0 4.93852e-08 0 5.04132e-08 0 5.13909e-08 0 5.23444e-08 0 5.32469e-08 0 5.41247e-08 0 5.49509e-08 0 5.57518e-08 0 5.65273e-08 0 5.72772e-08 0 5.80014e-08 0 5.86998e-08 0 5.9399e-08 0 6.00453e-08 0 6.06924e-08 0 6.13132e-08 0 6.19346e-08 0 6.25297e-08 0 6.30983e-08 0 6.36674e-08 0 6.42099e-08 0 6.47528e-08 0 6.52962e-08 0 6.57857e-08 0 6.63028e-08 0 6.6793e-08 0 6.72835e-08 0 6.77472e-08 0 6.82384e-08 0 6.86754e-08 0 6.91399e-08 0 6.95774e-08 0 7.00151e-08 0 7.04258e-08 0 7.0864e-08 0 7.12751e-08 0 7.16864e-08 0 7.20705e-08 0 7.24822e-08 0 7.28941e-08 0 7.32788e-08 0 7.36361e-08 0 7.39936e-08 0 7.43788e-08 0 7.47366e-08 0 7.50945e-08 0
1430.51 4.06292e-07 4.03404e-07 2.88832e-09 0.00710897 -0.253191 1.94262e-09 0 2.02276e-09 0 2.74889e-09 0 5.01206e-09 0 6.93085e-09 0 8.39272e-09 0 9.6052e-09 0 1.06455e-08 0 1.44785e-08 0 1.93095e-08 0 2.26149e-08 0 2.51836e-08 0 2.73198e-08 0 2.91477e-08 0 3.07547e-08 0 3.21939e-08 0 3.35012e-08 0 3.46941e-08 0 3.58112e-08 0 3.68308e-08 0 3.7813e-08 0 3.87162e-08 0 3.95808e-08 0 4.03857e-08 0 4.11511e-08 0 4.18974e-08 0 4.26037e-08 0 4.32904e-08 0 4.39366e-08 0 4.4563e-08 0 4.51694e-08 0 4.57558e-08 0 4.63219e-08 0 4.68678e-08 0 4.74143e-08 0 4.79194e-08 0 4.84249e-08 0 4.891e-08 0 4.93954e-08 0 4.98603e-08 0 5.03044e-08 0 5.07488e-08 0 5.11725e-08 0 5.15964e-08 0 5.20207e-08 0 5.24029e-08 0 5.28066e-08 0 5.31892e-08 0 5.35722e-08 0 5.3934e-08 0 5.43174e-08 0 5.46584e-08 0 5.5021e-08 0 5.53624e-08 0 5.57039e-08 0 5.60243e-08 0 5.63662e-08 0 5.6687e-08 0 5.70078e-08 0 5.73074e-08 0 5.76286e-08 0 5.79499e-08 0 5.82499e-08 0 5.85286e-08 0 5.88075e-08 0 5.91078e-08 0 5.93869e-08 0 5.9666e-08 0
1503.94 3.84363e-07 3.82003e-07 2.36005e-09 0.00614014 -0.251431 1.72796e-09 0 1.79604e-09 0 2.40844e-09 0 4.28323e-09 0 5.84873e-09 0 7.03209e-09 0 8.00898e-09 0 8.84443e-09 0 1.1906e-08 0 1.57389e-08 0 1.835e-08 0 2.03746e-08 0 2.20555e-08 0 2.34924e-08 0 2.47545e-08 0 2.58839e-08 0 2.69094e-08 0 2.78446e-08 0 2.872e-08 0 2.95186e-08 0 3.02878e-08 0 3.09949e-08 0 3.16716e-08 0 3.23014e-08 0 3.29002e-08 0 3.34839e-08 0 3.40362e-08 0 3.45731e-08 0 3.50783e-08 0 3.55679e-08 0 3.60418e-08 0 3.65e-08 0 3.69423e-08 0 3.73688e-08 0 3.77957e-08 0 3.81902e-08 0 3.8585e-08 0 3.89637e-08 0 3.93428e-08 0 3.97057e-08 0 4.00524e-08 0 4.03994e-08 0 4.07301e-08 0 4.1061e-08 0 4.13922e-08 0 4.16904e-08 0 4.20054e-08 0 4.2304e-08 0 4.26028e-08 0 4.28851e-08 0 4.31842e-08 0 4.34502e-08 0 4.3733e-08 0 4.39993e-08 0 4.42657e-08 0 4.45156e-08 0 4.47823e-08 0 4.50324e-08 0 4.52827e-08 0 4.55163e-08 0 4.57667e-08 0 4.60173e-08 0 4.62512e-08 0 4.64685e-08 0 4.66859e-08 0 4.69201e-08 0 4.71376e-08 0 4.73552e-08 0
1581.14 3.63531e-07 3.61602e-07 1.92927e-09 0.00530702 -0.249494 1.52384e-09 0 1.58122e-09 0 2.09394e-09 0 3.63774e-09 0 4.90884e-09 0 5.86273e-09 0 6.64681e-09 0 7.31536e-09 0 9.75331e-09 0 1.27866e-08 0 1.4845e-08 0 1.64375e-08 0 1.7758e-08 0 1.88855e-08 0 1.98751e-08 0 2.07602e-08 0 2.15633e-08 0 2.22954e-08 0 2.29804e-08 0 2.36052e-08 0 2.42068e-08 0 2.47596e-08 0 2.52885e-08 0 2.57807e-08 0 2.62486e-08 0 2.67046e-08 0 2.71359e-08 0 2.75553e-08 0 2.79497e-08 0 2.8332e-08 0 2.87019e-08 0 2.90595e-08 0 2.94047e-08 0 2.97375e-08 0 3.00706e-08 0 3.03784e-08 0 3.06864e-08 0 3.09818e-08 0 3.12775e-08 0 3.15606e-08 0 3.18309e-08 0 3.21015e-08 0 3.23593e-08 0 3.26174e-08 0 3.28755e-08 0 3.3108e-08 0 3.33536e-08 0 3.35864e-08 0 3.38193e-08 0 3.40393e-08 0 3.42724e-08 0 3.44798e-08 0 3.47002e-08 0 3.49077e-08 0 3.51153e-08 0 3.531e-08 0 3.55178e-08 0 3.57127e-08 0 3.59076e-08 0 3.60896e-08 0 3.62847e-08 0 3.64799e-08 0 3.66621e-08 0 3.68314e-08 0 3.70007e-08 0 3.71831e-08 0 3.73526e-08 0 3.75221e-08 0
1662.3 3.4404e-07 3.42463e-07 1.57681e-09 0.00458322 -0.247657 1.33414e-09 0 1.38219e-09 0 1.8089e-09 0 3.07422e-09 0 4.10257e-09 0 4.86919e-09 0 5.49684e-09 0 6.03056e-09 0 7.96807e-09 0 1.03652e-08 0 1.1986e-08 0 1.32377e-08 0 1.42741e-08 0 1.51583e-08 0 1.59338e-08 0 1.66269e-08 0 1.72556e-08 0 1.78285e-08 0 1.83643e-08 0 1.88529e-08 0 1.93232e-08 0 1.97553e-08 0 2.01686e-08 0 2.05531e-08 0 2.09185e-08 0 2.12747e-08 0 2.16115e-08 0 2.19389e-08 0 2.22468e-08 0 2.25452e-08 0 2.28339e-08 0 2.3113e-08 0 2.33824e-08 0 2.3642e-08 0 2.39019e-08 0 2.41419e-08 0 2.43822e-08 0 2.46126e-08 0 2.48432e-08 0 2.5064e-08 0 2.52748e-08 0 2.54858e-08 0 2.56868e-08 0 2.5888e-08 0 2.60893e-08 0 2.62705e-08 0 2.64619e-08 0 2.66433e-08 0 2.68249e-08 0 2.69964e-08 0 2.71781e-08 0 2.73396e-08 0 2.75114e-08 0 2.76731e-08 0 2.78349e-08 0 2.79866e-08 0 2.81485e-08 0 2.83003e-08 0 2.84522e-08 0 2.8594e-08 0 2.8746e-08 0 2.8898e-08 0 2.904e-08 0 2.91718e-08 0 2.93037e-08 0 2.94458e-08 0 2.95778e-08 0 2.97098e-08 0
1747.63 3.2581e-07 3.24522e-07 1.28849e-09 0.00395473 -0.245918 1.16023e-09 0 1.20024e-09 0 1.55345e-09 0 2.58616e-09 0 3.41548e-09 0 4.02995e-09 0 4.53123e-09 0 4.95642e-09 0 6.4936e-09 0 8.38573e-09 0 9.6609e-09 0 1.06439e-08 0 1.14569e-08 0 1.21499e-08 0 1.27574e-08 0 1.33e-08 0 1.3792e-08 0 1.42401e-08 0 1.46592e-08 0 1.50411e-08 0 1.54087e-08 0 1.57463e-08 0 1.60693e-08 0 1.63696e-08 0 1.6655e-08 0 1.69331e-08 0 1.71961e-08 0 1.74517e-08 0 1.76921e-08 0 1.79249e-08 0 1.81503e-08 0 1.8368e-08 0 1.85782e-08 0 1.87808e-08 0 1.89835e-08 0 1.91708e-08 0 1.93582e-08 0 1.95379e-08 0 1.97178e-08 0 1.98899e-08 0 2.00543e-08 0 2.02188e-08 0 2.03756e-08 0 2.05324e-08 0 2.06893e-08 0 2.08306e-08 0 2.09798e-08 0 2.11213e-08 0 2.12628e-08 0 2.13964e-08 0 2.15381e-08 0 2.1664e-08 0 2.17978e-08 0 2.19238e-08 0 2.20499e-08 0 2.21681e-08 0 2.22943e-08 0 2.24126e-08 0 2.25309e-08 0 2.26414e-08 0 2.27599e-08 0 2.28783e-08 0 2.29889e-08 0 2.30916e-08 0 2.31944e-08 0 2.33051e-08 0 2.34079e-08 0 2.35107e-08 0
1837.33 3.0878e-07 3.07727e-07 1.05325e-09 0.003411 -0.244272 1.00278e-09 0 1.03591e-09 0 1.32688e-09 0 2.16658e-09 0 2.83353e-09 0 3.32494e-09 0 3.72449e-09 0 4.06263e-09 0 5.28051e-09 0 6.77261e-09 0 7.7752e-09 0 8.54682e-09 0 9.18437e-09 0 9.7274e-09 0 1.02031e-08 0 1.06278e-08 0 1.10128e-08 0 1.13633e-08 0 1.16909e-08 0 1.19895e-08 0 1.22768e-08 0 1.25406e-08 0 1.27929e-08 0 1.30275e-08 0 1.32504e-08 0 1.34676e-08 0 1.3673e-08 0 1.38725e-08 0 1.40602e-08 0 1.42419e-08 0 1.44178e-08 0 1.45877e-08 0 1.47517e-08 0 1.49098e-08 0 1.5068e-08 0 1.52141e-08 0 1.53603e-08 0 1.55005e-08 0 1.56408e-08 0 1.5775e-08 0 1.59033e-08 0 1.60316e-08 0 1.61538e-08 0 1.62761e-08 0 1.63985e-08 0 1.65087e-08 0 1.6625e-08 0 1.67353e-08 0 1.68456e-08 0 1.69498e-08 0 1.70602e-08 0 1.71584e-08 0 1.72627e-08 0 1.73609e-08 0 1.74592e-08 0 1.75513e-08 0 1.76497e-08 0 1.77419e-08 0 1.78341e-08 0 1.79202e-08 0 1.80125e-08 0 1.81048e-08 0 1.8191e-08 0 1.8271e-08 0 1.83511e-08 0 1.84373e-08 0 1.85175e-08 0 1.85976e-08 0
1931.64 2.92865e-07 2.92003e-07 8.61206e-10 0.00294063 -0.242713 8.61736e-10 0 8.89041e-10 0 1.12767e-09 0 1.80815e-09 0 2.34319e-09 0 2.73539e-09 0 3.05332e-09 0 3.32182e-09 0 4.28557e-09 0 5.46131e-09 0 6.24918e-09 0 6.85467e-09 0 7.35448e-09 0 7.77989e-09 0 8.15233e-09 0 8.48477e-09 0 8.78593e-09 0 9.06008e-09 0 9.31629e-09 0 9.54971e-09 0 9.77424e-09 0 9.98042e-09 0 1.01775e-08 0 1.03608e-08 0 1.05349e-08 0 1.07045e-08 0 1.08649e-08 0 1.10207e-08 0 1.11672e-08 0 1.13091e-08 0 1.14464e-08 0 1.15791e-08 0 1.17071e-08 0 1.18304e-08 0 1.19539e-08 0 1.20679e-08 0 1.2182e-08 0 1.22914e-08 0 1.24008e-08 0 1.25056e-08 0 1.26056e-08 0 1.27057e-08 0 1.2801e-08 0 1.28964e-08 0 1.29919e-08 0 1.30778e-08 0 1.31685e-08 0 1.32545e-08 0 1.33406e-08 0 1.34218e-08 0 1.35079e-08 0 1.35845e-08 0 1.36658e-08 0 1.37424e-08 0 1.3819e-08 0 1.38909e-08 0 1.39675e-08 0 1.40394e-08 0 1.41113e-08 0 1.41784e-08 0 1.42504e-08 0 1.43223e-08 0 1.43895e-08 0 1.44519e-08 0 1.45143e-08 0 1.45816e-08 0 1.4644e-08 0 1.47064e-08 0
2030.79 2.77685e-07 2.76981e-07 7.03866e-10 0.00253477 -0.240931 7.35794e-10 0 7.58175e-10 0 9.5289e-10 0 1.50208e-09 0 1.9299e-09 0 2.24204e-09 0 2.49436e-09 0 2.70706e-09 0 3.46812e-09 0 4.393e-09 0 5.01124e-09 0 5.48574e-09 0 5.87708e-09 0 6.20996e-09 0 6.50125e-09 0 6.76115e-09 0 6.99652e-09 0 7.21072e-09 0 7.41086e-09 0 7.59316e-09 0 7.76849e-09 0 7.92945e-09 0 8.08332e-09 0 8.22638e-09 0 8.36226e-09 0 8.49461e-09 0 8.61973e-09 0 8.74129e-09 0 8.85557e-09 0 8.96626e-09 0 9.07334e-09 0 9.1768e-09 0 9.27663e-09 0 9.37282e-09 0 9.46907e-09 0 9.55797e-09 0 9.64692e-09 0 9.7322e-09 0 9.81752e-09 0 9.89918e-09 0 9.97715e-09 0 1.00552e-08 0 1.01295e-08 0 1.02038e-08 0 1.02782e-08 0 1.03452e-08 0 1.04159e-08 0 1.04829e-08 0 1.055e-08 0 1.06133e-08 0 1.06804e-08 0 1.074e-08 0 1.08034e-08 0 1.08631e-08 0 1.09228e-08 0 1.09787e-08 0 1.10385e-08 0 1.10945e-08 0 1.11505e-08 0 1.12028e-08 0 1.12588e-08 0 1.13149e-08 0 1.13672e-08 0 1.14158e-08 0 1.14644e-08 0 1.15168e-08 0 1.15654e-08 0 1.16141e-08 0
2135.03 2.6298e-07 2.62405e-07 5.74847e-10 0.0021859 -0.238548 6.23928e-10 0 6.42164e-10 0 8.00164e-10 0 1.24133e-09 0 1.58208e-09 0 1.82963e-09 0 2.02924e-09 0 2.19721e-09 0 2.79653e-09 0 3.52228e-09 0 4.00633e-09 0 4.3774e-09 0 4.68318e-09 0 4.94315e-09 0 5.17053e-09 0 5.37334e-09 0 5.55695e-09 0 5.724e-09 0 5.88006e-09 0 6.02218e-09 0 6.15884e-09 0 6.28428e-09 0 6.40418e-09 0 6.51565e-09 0 6.62151e-09 0 6.7246e-09 0 6.82206e-09 0 6.91673e-09 0 7.00574e-09 0 7.09193e-09 0 7.17531e-09 0 7.25586e-09 0 7.33359e-09 0 7.40848e-09 0 7.48341e-09 0 7.55261e-09 0 7.62184e-09 0 7.68822e-09 0 7.75463e-09 0 7.81818e-09 0 7.87886e-09 0 7.93957e-09 0 7.99741e-09 0 8.05527e-09 0 8.11315e-09 0 8.16526e-09 0 8.22028e-09 0 8.27242e-09 0 8.32458e-09 0 8.37385e-09 0 8.42604e-09 0 8.47244e-09 0 8.52175e-09 0 8.56817e-09 0 8.61461e-09 0 8.65815e-09 0 8.70461e-09 0 8.74817e-09 0 8.79174e-09 0 8.83242e-09 0 8.87601e-09 0 8.9196e-09 0 8.96031e-09 0 8.99811e-09 0 9.03591e-09 0 9.07664e-09 0 9.11446e-09 0 9.15229e-09 0
2244.63 2.49427e-07 2.48958e-07 4.69787e-10 0.00188346 -0.236258 5.27027e-10 0 5.41843e-10 0 6.69726e-10 0 1.02352e-09 0 1.29466e-09 0 1.49087e-09 0 1.64872e-09 0 1.78134e-09 0 2.2533e-09 0 2.823e-09 0 3.2022e-09 0 3.49256e-09 0 3.73168e-09 0 3.93486e-09 0 4.1125e-09 0 4.2709e-09 0 4.41426e-09 0 4.54467e-09 0 4.66646e-09 0 4.77736e-09 0 4.88399e-09 0 4.98185e-09 0 5.07537e-09 0 5.16231e-09 0 5.24486e-09 0 5.32525e-09 0 5.40124e-09 0 5.47506e-09 0 5.54444e-09 0 5.61163e-09 0 5.67663e-09 0 5.73941e-09 0 5.79999e-09 0 5.85836e-09 0 5.91675e-09 0 5.97068e-09 0 6.02463e-09 0 6.07635e-09 0 6.1281e-09 0 6.17761e-09 0 6.22489e-09 0 6.27219e-09 0 6.31725e-09 0 6.36232e-09 0 6.40741e-09 0 6.448e-09 0 6.49086e-09 0 6.53148e-09 0 6.5721e-09 0 6.61048e-09 0 6.65113e-09 0 6.68727e-09 0 6.72567e-09 0 6.76183e-09 0 6.79799e-09 0 6.8319e-09 0 6.86808e-09 0 6.902e-09 0 6.93594e-09 0 6.96761e-09 0 7.00155e-09 0 7.0355e-09 0 7.0672e-09 0 7.09663e-09 0 7.12607e-09 0 7.15778e-09 0 7.18723e-09 0 7.21668e-09 0
2359.84 2.36907e-07 2.36523e-07 3.83892e-10 0.00162043 -0.234049 4.43563e-10 0 4.55569e-10 0 5.5884e-10 0 8.42135e-10 0 1.0577e-09 0 1.21314e-09 0 1.33793e-09 0 1.44262e-09 0 1.81432e-09 0 2.26169e-09 0 2.55891e-09 0 2.78628e-09 0 2.9734e-09 0 3.13232e-09 0 3.27121e-09 0 3.39502e-09 0 3.50705e-09 0 3.60894e-09 0 3.70408e-09 0 3.79071e-09 0 3.87397e-09 0 3.95039e-09 0 4.02341e-09 0 4.09127e-09 0 4.15572e-09 0 4.21847e-09 0 4.27778e-09 0 4.33538e-09 0 4.38953e-09 0 4.44196e-09 0 4.49268e-09 0 4.54166e-09 0 4.58893e-09 0 4.63446e-09 0 4.68002e-09 0 4.72208e-09 0 4.76417e-09 0 4.80452e-09 0 4.84488e-09 0 4.8835e-09 0 4.92037e-09 0 4.95726e-09 0 4.9924e-09 0 5.02756e-09 0 5.06272e-09 0 5.09437e-09 0 5.12779e-09 0 5.15946e-09 0 5.19114e-09 0 5.22107e-09 0 5.25276e-09 0 5.28094e-09 0 5.31088e-09 0 5.33907e-09 0 5.36727e-09 0 5.39371e-09 0 5.42191e-09 0 5.44836e-09 0 5.47481e-09 0 5.49951e-09 0 5.52597e-09 0 5.55243e-09 0 5.57714e-09 0 5.60008e-09 0 5.62303e-09 0 5.64775e-09 0 5.6707e-09 0 5.69366e-09 0
2480.97 2.25324e-07 2.2501e-07 3.13629e-10 0.00139191 -0.231906 3.72069e-10 0 3.81776e-10 0 4.65002e-10 0 6.91552e-10 0 8.62819e-10 0 9.85913e-10 0 1.08455e-09 0 1.16718e-09 0 1.45997e-09 0 1.81142e-09 0 2.04452e-09 0 2.22269e-09 0 2.36922e-09 0 2.49362e-09 0 2.60231e-09 0 2.69917e-09 0 2.7868e-09 0 2.86647e-09 0 2.94086e-09 0 3.00858e-09 0 3.07367e-09 0 3.13339e-09 0 3.19046e-09 0 3.24349e-09 0 3.29385e-09 0 3.34288e-09 0 3.38921e-09 0 3.43421e-09 0 3.47651e-09 0 3.51747e-09 0 3.55708e-09 0 3.59534e-09 0 3.63225e-09 0 3.66781e-09 0 3.70339e-09 0 3.73624e-09 0 3.7691e-09 0 3.80061e-09 0 3.83212e-09 0 3.86228e-09 0 3.89107e-09 0 3.91987e-09 0 3.94731e-09 0 3.97475e-09 0 4.0022e-09 0 4.02691e-09 0 4.053e-09 0 4.07772e-09 0 4.10245e-09 0 4.12581e-09 0 4.15055e-09 0 4.17254e-09 0 4.19592e-09 0 4.21792e-09 0 4.23993e-09 0 4.26056e-09 0 4.28258e-09 0 4.30322e-09 0 4.32386e-09 0 4.34314e-09 0 4.36379e-09 0 4.38444e-09 0 4.40372e-09 0 4.42163e-09 0 4.43954e-09 0 4.45882e-09 0 4.47674e-09 0 4.49465e-09 0
2608.32 2.14599e-07 2.14343e-07 2.56223e-10 0.00119396 -0.229818 3.11145e-10 0 3.18977e-10 0 3.85934e-10 0 5.6691e-10 0 7.02912e-10 0 8.0037e-10 0 8.78327e-10 0 9.43563e-10 0 1.17425e-09 0 1.45049e-09 0 1.63343e-09 0 1.77314e-09 0 1.88799e-09 0 1.98545e-09 0 2.07057e-09 0 2.14642e-09 0 2.21501e-09 0 2.27738e-09 0 2.3356e-09 0 2.38859e-09 0 2.43952e-09 0 2.48624e-09 0 2.53089e-09 0 2.57237e-09 0 2.61176e-09 0 2.6501e-09 0 2.68634e-09 0 2.72153e-09 0 2.75461e-09 0 2.78663e-09 0 2.8176e-09 0 2.84752e-09 0 2.87638e-09 0 2.90418e-09 0 2.93199e-09 0 2.95767e-09 0 2.98336e-09 0 3.00799e-09 0 3.03262e-09 0 3.05619e-09 0 3.0787e-09 0 3.10121e-09 0 3.12265e-09 0 3.1441e-09 0 3.16555e-09 0 3.18487e-09 0 3.20526e-09 0 3.22458e-09 0 3.2439e-09 0 3.26215e-09 0 3.28149e-09 0 3.29867e-09 0 3.31694e-09 0 3.33413e-09 0 3.35133e-09 0 3.36745e-09 0 3.38465e-09 0 3.40078e-09 0 3.41691e-09 0 3.43197e-09 0 3.4481e-09 0 3.46424e-09 0 3.4793e-09 0 3.49329e-09 0 3.50728e-09 0 3.52235e-09 0 3.53635e-09 0 3.55034e-09 0
2742.21 2.04665e-07 2.04456e-07 2.09442e-10 0.00102334 -0.22778 2.59474e-10 0 2.65783e-10 0 3.1957e-10 0 4.64016e-10 0 5.71977e-10 0 6.49133e-10 0 7.10752e-10 0 7.62261e-10 0 9.44082e-10 0 1.16134e-09 0 1.30501e-09 0 1.41466e-09 0 1.50474e-09 0 1.58117e-09 0 1.6479e-09 0 1.70734e-09 0 1.7611e-09 0 1.80996e-09 0 1.85557e-09 0 1.89708e-09 0 1.93697e-09 0 1.97356e-09 0 2.00852e-09 0 2.041e-09 0 2.07184e-09 0 2.10187e-09 0 2.13024e-09 0 2.15779e-09 0 2.18368e-09 0 2.20875e-09 0 2.23299e-09 0 2.2564e-09 0 2.27899e-09 0 2.30075e-09 0 2.32252e-09 0 2.34261e-09 0 2.36272e-09 0 2.38199e-09 0 2.40127e-09 0 2.41971e-09 0 2.43732e-09 0 2.45493e-09 0 2.47171e-09 0 2.48849e-09 0 2.50528e-09 0 2.52039e-09 0 2.53634e-09 0 2.55146e-09 0 2.56658e-09 0 2.58086e-09 0 2.59598e-09 0 2.60943e-09 0 2.62371e-09 0 2.63716e-09 0 2.65061e-09 0 2.66323e-09 0 2.67668e-09 0 2.6893e-09 0 2.70192e-09 0 2.7137e-09 0 2.72632e-09 0 2.73894e-09 0 2.75072e-09 0 2.76166e-09 0 2.77261e-09 0 2.78439e-09 0 2.79534e-09 0 2.80629e-09 0
2882.97 1.95423e-07 1.95252e-07 1.71163e-10 0.000875856 -0.225781 2.15802e-10 0 2.20875e-10 0 2.64023e-10 0 3.79216e-10 0 4.64887e-10 0 5.25962e-10 0 5.74669e-10 0 6.15344e-10 0 7.58694e-10 0 9.29639e-10 0 1.04255e-09 0 1.12866e-09 0 1.19938e-09 0 1.25935e-09 0 1.3117e-09 0 1.35833e-09 0 1.40049e-09 0 1.43881e-09 0 1.47457e-09 0 1.50711e-09 0 1.53838e-09 0 1.56706e-09 0 1.59446e-09 0 1.61992e-09 0 1.64409e-09 0 1.66762e-09 0 1.68985e-09 0 1.71143e-09 0 1.73172e-09 0 1.75136e-09 0 1.77036e-09 0 1.7887e-09 0 1.8064e-09 0 1.82344e-09 0 1.84049e-09 0 1.85624e-09 0 1.87198e-09 0 1.88708e-09 0 1.90218e-09 0 1.91662e-09 0 1.93042e-09 0 1.94421e-09 0 1.95735e-09 0 1.9705e-09 0 1.98364e-09 0 1.99548e-09 0 2.00797e-09 0 2.01981e-09 0 2.03165e-09 0 2.04283e-09 0 2.05467e-09 0 2.0652e-09 0 2.07639e-09 0 2.08692e-09 0 2.09746e-09 0 2.10733e-09 0 2.11787e-09 0 2.12775e-09 0 2.13763e-09 0 2.14685e-09 0 2.15673e-09 0 2.16661e-09 0 2.17584e-09 0 2.18441e-09 0 2.19297e-09 0 2.2022e-09 0 2.21077e-09 0 2.21934e-09 0
3030.95 1.86807e-07 1.86667e-07 1.39846e-10 0.000748612 -0.223811 1.79026e-10 0 1.831e-10 0 2.17669e-10 0 3.09464e-10 0 3.77427e-10 0 4.25769e-10 0 4.64272e-10 0 4.96396e-10 0 6.09447e-10 0 7.44019e-10 0 8.32803e-10 0 9.0047e-10 0 9.56022e-10 0 1.00312e-09 0 1.04423e-09 0 1.08083e-09 0 1.11392e-09 0 1.14399e-09 0 1.17205e-09 0 1.19758e-09 0 1.22211e-09 0 1.24462e-09 0 1.26611e-09 0 1.28608e-09 0 1.30504e-09 0 1.32349e-09 0 1.34092e-09 0 1.35785e-09 0 1.37376e-09 0 1.38917e-09 0 1.40406e-09 0 1.41844e-09 0 1.43232e-09 0 1.44569e-09 0 1.45905e-09 0 1.4714e-09 0 1.48374e-09 0 1.49558e-09 0 1.50742e-09 0 1.51874e-09 0 1.52955e-09 0 1.54037e-09 0 1.55067e-09 0 1.56097e-09 0 1.57128e-09 0 1.58055e-09 0 1.59035e-09 0 1.59963e-09 0 1.60891e-09 0 1.61767e-09 0 1.62695e-09 0 1.63521e-09 0 1.64398e-09 0 1.65223e-09 0 1.66049e-09 0 1.66823e-09 0 1.67649e-09 0 1.68423e-09 0 1.69197e-09 0 1.6992e-09 0 1.70694e-09 0 1.71469e-09 0 1.72192e-09 0 1.72863e-09 0 1.73535e-09 0 1.74258e-09 0 1.7493e-09 0 1.75601e-09 0
3186.53 1.78762e-07 1.78648e-07 1.14294e-10 0.000639363 -0.221868 1.48171e-10 0 1.51438e-10 0 1.79104e-10 0 2.5221e-10 0 3.06113e-10 0 3.44377e-10 0 3.74816e-10 0 4.00193e-10 0 4.89379e-10 0 5.95369e-10 0 6.65224e-10 0 7.18436e-10 0 7.62105e-10 0 7.99117e-10 0 8.31416e-10 0 8.6017e-10 0 8.86162e-10 0 9.0978e-10 0 9.31817e-10 0 9.51867e-10 0 9.71129e-10 0 9.88797e-10 0 1.00567e-09 0 1.02135e-09 0 1.03623e-09 0 1.05072e-09 0 1.0644e-09 0 1.07769e-09 0 1.09018e-09 0 1.10227e-09 0 1.11396e-09 0 1.12524e-09 0 1.13613e-09 0 1.14662e-09 0 1.15711e-09 0 1.1668e-09 0 1.17649e-09 0 1.18577e-09 0 1.19506e-09 0 1.20395e-09 0 1.21243e-09 0 1.22092e-09 0 1.229e-09 0 1.23709e-09 0 1.24517e-09 0 1.25245e-09 0 1.26013e-09 0 1.26741e-09 0 1.27469e-09 0 1.28157e-09 0 1.28885e-09 0 1.29533e-09 0 1.30221e-09 0 1.30868e-09 0 1.31516e-09 0 1.32123e-09 0 1.32771e-09 0 1.33378e-09 0 1.33986e-09 0 1.34553e-09 0 1.3516e-09 0 1.35768e-09 0 1.36335e-09 0 1.36862e-09 0 1.37388e-09 0 1.37956e-09 0 1.38482e-09 0 1.39009e-09 0
3350.09 1.71228e-07 1.71135e-07 9.34311e-11 0.000545652 -0.219946 1.22359e-10 0 1.24975e-10 0 1.47094e-10 0 2.05282e-10 0 2.48025e-10 0 2.78311e-10 0 3.02378e-10 0 3.22427e-10 0 3.92806e-10 0 4.76321e-10 0 5.31313e-10 0 5.73181e-10 0 6.0753e-10 0 6.36636e-10 0 6.6203e-10 0 6.84634e-10 0 7.05065e-10 0 7.23627e-10 0 7.40946e-10 0 7.56702e-10 0 7.71837e-10 0 7.85719e-10 0 7.98978e-10 0 8.11295e-10 0 8.22985e-10 0 8.34364e-10 0 8.45115e-10 0 8.55553e-10 0 8.65362e-10 0 8.74857e-10 0 8.84038e-10 0 8.92905e-10 0 9.01457e-10 0 9.09694e-10 0 9.17933e-10 0 9.2554e-10 0 9.33149e-10 0 9.40442e-10 0 9.47736e-10 0 9.54714e-10 0 9.61377e-10 0 9.6804e-10 0 9.74387e-10 0 9.80734e-10 0 9.87083e-10 0 9.92798e-10 0 9.98831e-10 0 1.00455e-09 0 1.01026e-09 0 1.01566e-09 0 1.02138e-09 0 1.02646e-09 0 1.03187e-09 0 1.03695e-09 0 1.04204e-09 0 1.0468e-09 0 1.05189e-09 0 1.05666e-09 0 1.06143e-09 0 1.06588e-09 0 1.07065e-09 0 1.07542e-09 0 1.07987e-09 0 1.084e-09 0 1.08814e-09 0 1.09259e-09 0 1.09673e-09 0 1.10086e-09 0
3522.05 1.64146e-07 1.6407e-07 7.63587e-11 0.000465188 -0.218039 1.00823e-10 0 1.02916e-10 0 1.20583e-10 0 1.6687e-10 0 2.00756e-10 0 2.24725e-10 0 2.43754e-10 0 2.59596e-10 0 3.15145e-10 0 3.80974e-10 0 4.24283e-10 0 4.57242e-10 0 4.84274e-10 0 5.07174e-10 0 5.27151e-10 0 5.44931e-10 0 5.60999e-10 0 5.75597e-10 0 5.89216e-10 0 6.01604e-10 0 6.13505e-10 0 6.24419e-10 0 6.34842e-10 0 6.44525e-10 0 6.53714e-10 0 6.62659e-10 0 6.7111e-10 0 6.79314e-10 0 6.87024e-10 0 6.94486e-10 0 7.01702e-10 0 7.08671e-10 0 7.15392e-10 0 7.21866e-10 0 7.28341e-10 0 7.34319e-10 0 7.40298e-10 0 7.46029e-10 0 7.51761e-10 0 7.57244e-10 0 7.6248e-10 0 7.67715e-10 0 7.72703e-10 0 7.7769e-10 0 7.82679e-10 0 7.87169e-10 0 7.91909e-10 0 7.964e-10 0 8.00892e-10 0 8.05135e-10 0 8.09627e-10 0 8.13621e-10 0 8.17865e-10 0 8.21859e-10 0 8.25854e-10 0 8.296e-10 0 8.33596e-10 0 8.37342e-10 0 8.41088e-10 0 8.44585e-10 0 8.48332e-10 0 8.5208e-10 0 8.55578e-10 0 8.58826e-10 0 8.62074e-10 0 8.65573e-10 0 8.68822e-10 0 8.72071e-10 0
3702.84 1.57471e-07 1.57409e-07 6.23905e-11 0.000396203 -0.216145 8.29037e-11 0 8.45768e-11 0 9.86743e-11 0 1.35475e-10 0 1.62332e-10 0 1.81301e-10 0 1.96347e-10 0 2.08865e-10 0 2.52716e-10 0 3.0462e-10 0 3.38742e-10 0 3.64698e-10 0 3.8598e-10 0 4.04007e-10 0 4.1973e-10 0 4.33722e-10 0 4.46366e-10 0 4.57852e-10 0 4.68566e-10 0 4.78312e-10 0 4.87674e-10 0 4.96259e-10 0 5.04458e-10 0 5.12074e-10 0 5.19302e-10 0 5.26337e-10 0 5.32983e-10 0 5.39436e-10 0 5.45499e-10 0 5.51367e-10 0 5.57042e-10 0 5.62522e-10 0 5.67807e-10 0 5.72898e-10 0 5.77989e-10 0 5.8269e-10 0 5.87391e-10 0 5.91897e-10 0 5.96404e-10 0 6.00716e-10 0 6.04832e-10 0 6.08948e-10 0 6.1287e-10 0 6.16791e-10 0 6.20713e-10 0 6.24243e-10 0 6.2797e-10 0 6.31501e-10 0 6.35032e-10 0 6.38367e-10 0 6.41899e-10 0 6.45039e-10 0 6.48375e-10 0 6.51516e-10 0 6.54656e-10 0 6.57601e-10 0 6.60742e-10 0 6.63687e-10 0 6.66632e-10 0 6.69381e-10 0 6.72327e-10 0 6.75272e-10 0 6.78022e-10 0 6.80575e-10 0 6.83129e-10 0 6.85879e-10 0 6.88433e-10 0 6.90987e-10 0
3892.91 1.51172e-07 1.51121e-07 5.10102e-11 0.00033743 -0.214262 6.8037e-11 0 6.93729e-11 0 8.06136e-11 0 1.09858e-10 0 1.31141e-10 0 1.46152e-10 0 1.58049e-10 0 1.67942e-10 0 2.02566e-10 0 2.43503e-10 0 2.70396e-10 0 2.90846e-10 0 3.07609e-10 0 3.21806e-10 0 3.34187e-10 0 3.45203e-10 0 3.55157e-10 0 3.64199e-10 0 3.72633e-10 0 3.80305e-10 0 3.87673e-10 0 3.9443e-10 0 4.00882e-10 0 4.06876e-10 0 4.12564e-10 0 4.181e-10 0 4.2333e-10 0 4.28407e-10 0 4.33178e-10 0 4.37796e-10 0 4.42261e-10 0 4.46572e-10 0 4.50731e-10 0 4.54736e-10 0 4.58742e-10 0 4.6244e-10 0 4.66139e-10 0 4.69684e-10 0 4.7323e-10 0 4.76622e-10 0 4.7986e-10 0 4.83098e-10 0 4.86183e-10 0 4.89268e-10 0 4.92353e-10 0 4.9513e-10 0 4.98062e-10 0 5.0084e-10 0 5.03617e-10 0 5.06241e-10 0 5.09019e-10 0 5.11489e-10 0 5.14114e-10 0 5.16584e-10 0 5.19054e-10 0 5.2137e-10 0 5.23841e-10 0 5.26157e-10 0 5.28474e-10 0 5.30636e-10 0 5.32953e-10 0 5.3527e-10 0 5.37433e-10 0 5.39441e-10 0 5.4145e-10 0 5.43613e-10 0 5.45621e-10 0 5.4763e-10 0
4092.73 1.45205e-07 1.45163e-07 4.17005e-11 0.000287184 -0.212387 5.57283e-11 0 5.6794e-11 0 6.57494e-11 0 8.89776e-11 0 1.05839e-10 0 1.17717e-10 0 1.27123e-10 0 1.34941e-10 0 1.62282e-10 0 1.94575e-10 0 2.15776e-10 0 2.31893e-10 0 2.45101e-10 0 2.56285e-10 0 2.66038e-10 0 2.74714e-10 0 2.82554e-10 0 2.89674e-10 0 2.96316e-10 0 3.02356e-10 0 3.08158e-10 0 3.13478e-10 0 3.18558e-10 0 3.23277e-10 0 3.27755e-10 0 3.32113e-10 0 3.3623e-10 0 3.40227e-10 0 3.43982e-10 0 3.47617e-10 0 3.51132e-10 0 3.54526e-10 0 3.57799e-10 0 3.60952e-10 0 3.64105e-10 0 3.67016e-10 0 3.69927e-10 0 3.72717e-10 0 3.75508e-10 0 3.78177e-10 0 3.80726e-10 0 3.83275e-10 0 3.85702e-10 0 3.8813e-10 0 3.90559e-10 0 3.92744e-10 0 3.95051e-10 0 3.97237e-10 0 3.99423e-10 0 4.01488e-10 0 4.03675e-10 0 4.05618e-10 0 4.07683e-10 0 4.09627e-10 0 4.11571e-10 0 4.13394e-10 0 4.15338e-10 0 4.17161e-10 0 4.18984e-10 0 4.20686e-10 0 4.22509e-10 0 4.24332e-10 0 4.26034e-10 0 4.27614e-10 0 4.29195e-10 0 4.30897e-10 0 4.32477e-10 0 4.34058e-10 0
4302.81 1.39535e-07 1.39501e-07 3.40815e-11 0.00024425 -0.210519 4.5561e-11 0 4.64103e-11 0 5.35396e-11 0 7.19799e-11 0 8.53348e-11 0 9.47316e-11 0 1.02168e-10 0 1.08347e-10 0 1.29937e-10 0 1.55415e-10 0 1.72132e-10 0 1.84836e-10 0 1.95246e-10 0 2.04059e-10 0 2.11743e-10 0 2.18579e-10 0 2.24755e-10 0 2.30364e-10 0 2.35595e-10 0 2.40353e-10 0 2.44923e-10 0 2.49113e-10 0 2.53114e-10 0 2.5683e-10 0 2.60356e-10 0 2.63789e-10 0 2.67031e-10 0 2.70178e-10 0 2.73135e-10 0 2.75998e-10 0 2.78765e-10 0 2.81438e-10 0 2.84015e-10 0 2.86497e-10 0 2.8898e-10 0 2.91272e-10 0 2.93564e-10 0 2.95761e-10 0 2.97958e-10 0 3.0006e-10 0 3.02066e-10 0 3.04073e-10 0 3.05984e-10 0 3.07896e-10 0 3.09808e-10 0 3.11528e-10 0 3.13345e-10 0 3.15066e-10 0 3.16787e-10 0 3.18412e-10 0 3.20133e-10 0 3.21663e-10 0 3.23289e-10 0 3.2482e-10 0 3.2635e-10 0 3.27785e-10 0 3.29315e-10 0 3.3075e-10 0 3.32185e-10 0 3.33525e-10 0 3.3496e-10 0 3.36395e-10 0 3.37735e-10 0 3.38979e-10 0 3.40223e-10 0 3.41563e-10 0 3.42807e-10 0 3.44052e-10 0
4523.68 1.34137e-07 1.34109e-07 2.78542e-11 0.000207655 -0.208657 3.71812e-11 0 3.78576e-11 0 4.35287e-11 0 5.81608e-11 0 6.87354e-11 0 7.61682e-11 0 8.20472e-11 0 8.69292e-11 0 1.03978e-10 0 1.24081e-10 0 1.37265e-10 0 1.47281e-10 0 1.55486e-10 0 1.62432e-10 0 1.68488e-10 0 1.73875e-10 0 1.78741e-10 0 1.8316e-10 0 1.87282e-10 0 1.91031e-10 0 1.94631e-10 0 1.97931e-10 0 2.01083e-10 0 2.04011e-10 0 2.06789e-10 0 2.09492e-10 0 2.12046e-10 0 2.14525e-10 0 2.16854e-10 0 2.19109e-10 0 2.21289e-10 0 2.23393e-10 0 2.25423e-10 0 2.27378e-10 0 2.29334e-10 0 2.31139e-10 0 2.32944e-10 0 2.34674e-10 0 2.36405e-10 0 2.3806e-10 0 2.3964e-10 0 2.41221e-10 0 2.42726e-10 0 2.44231e-10 0 2.45737e-10 0 2.47092e-10 0 2.48522e-10 0 2.49877e-10 0 2.51232e-10 0 2.52512e-10 0 2.53868e-10 0 2.55073e-10 0 2.56353e-10 0 2.57558e-10 0 2.58763e-10 0 2.59893e-10 0 2.61098e-10 0 2.62228e-10 0 2.63358e-10 0 2.64413e-10 0 2.65543e-10 0 2.66674e-10 0 2.67728e-10 0 2.68708e-10 0 2.69688e-10 0 2.70743e-10 0 2.71722e-10 0 2.72702e-10 0
4755.88 1.28992e-07 1.2897e-07 2.2777e-11 0.000176576 -0.206803 3.02911e-11 0 3.08293e-11 0 3.53376e-11 0 4.69428e-11 0 5.53138e-11 0 6.11923e-11 0 6.58394e-11 0 6.96969e-11 0 8.31603e-11 0 9.90234e-11 0 1.09422e-10 0 1.17319e-10 0 1.23789e-10 0 1.29264e-10 0 1.34038e-10 0 1.38283e-10 0 1.42119e-10 0 1.45601e-10 0 1.4885e-10 0 1.51804e-10 0 1.5464e-10 0 1.57241e-10 0 1.59725e-10 0 1.62031e-10 0 1.6422e-10 0 1.6635e-10 0 1.68362e-10 0 1.70316e-10 0 1.72151e-10 0 1.73927e-10 0 1.75644e-10 0 1.77302e-10 0 1.78902e-10 0 1.80442e-10 0 1.81982e-10 0 1.83404e-10 0 1.84826e-10 0 1.86189e-10 0 1.87552e-10 0 1.88856e-10 0 1.90101e-10 0 1.91346e-10 0 1.92532e-10 0 1.93718e-10 0 1.94904e-10 0 1.95971e-10 0 1.97098e-10 0 1.98165e-10 0 1.99233e-10 0 2.00241e-10 0 2.01309e-10 0 2.02258e-10 0 2.03266e-10 0 2.04216e-10 0 2.05165e-10 0 2.06055e-10 0 2.07004e-10 0 2.07894e-10 0 2.08784e-10 0 2.09615e-10 0 2.10505e-10 0 2.11395e-10 0 2.12226e-10 0 2.12998e-10 0 2.13769e-10 0 2.146e-10 0 2.15372e-10 0 2.16144e-10 0
5000 1.24071e-07 1.24053e-07 1.86205e-11 0.000150079 -0.204954 2.46356e-11 0 2.50635e-11 0 2.86448e-11 0 3.78447e-11 0 4.44692e-11 0 4.91173e-11 0 5.27899e-11 0 5.58375e-11 0 6.64683e-11 0 7.89854e-11 0 8.71868e-11 0 9.34148e-11 0 9.85155e-11 0 1.02832e-10 0 1.06595e-10 0 1.09942e-10 0 1.12965e-10 0 1.1571e-10 0 1.1827e-10 0 1.20598e-10 0 1.22833e-10 0 1.24883e-10 0 1.2684e-10 0 1.28658e-10 0 1.30383e-10 0 1.32061e-10 0 1.33647e-10 0 1.35186e-10 0 1.36632e-10 0 1.38031e-10 0 1.39384e-10 0 1.40691e-10 0 1.41951e-10 0 1.43164e-10 0 1.44378e-10 0 1.45498e-10 0 1.46619e-10 0 1.47693e-10 0 1.48767e-10 0 1.49794e-10 0 1.50775e-10 0 1.51756e-10 0 1.5269e-10 0 1.53624e-10 0 1.54558e-10 0 1.55399e-10 0 1.56287e-10 0 1.57128e-10 0 1.57969e-10 0 1.58763e-10 0 1.59604e-10 0 1.60352e-10 0 1.61147e-10 0 1.61894e-10 0 1.62642e-10 0 1.63343e-10 0 1.64091e-10 0 1.64792e-10 0 1.65494e-10 0 1.66148e-10 0 1.66849e-10 0 1.67551e-10 0 1.68205e-10 0 1.68813e-10 0 1.69421e-10 0 1.70075e-10 0 1.70683e-10 0 1.71291e-10 0
