# 7.4989e-06 0 93 : grain size, compostion index, size index
# Heating and cooling timescale: 0.0498622 62047.2
# Ratio of heating to cooling to determine stochastic cutoff: 100
# Equilibrium emission is recorded even for those grains in the stochastic regime.
# Emission spectrum was computed for: 
# Type: ISRF
# Scales: 0.25 0.5 1 1.5 2 2.5 3 3.5 4 4.5 5 5.5 6 6.5 7 7.5 8 8.5 9 9.5 10 10.5 11 11.5 12 12.5 13 13.5 14 14.5 15 15.5 16 16.5 17 17.5 18 18.5 19 19.5 20
# StochasticallyHeated: 0 0 0 0 0 0 0 0 0 0 0 0 0 0 0 0 0 0 0 0 0 0 0 0 0 0 0 0 0 0 0 0 0 0 0 0 0 0 0 0 0
# Temperature: -1
# Wavelength  CExt  CAbs  CSca  Albedo G EqEm1 StEm1 EqEm2 StEm2 EqEm3 StEm3 EqEm4 StEm4 EqEm5 StEm5 EqEm6 StEm6 EqEm7 StEm7 EqEm8 StEm8 EqEm9 StEm9 EqEm10 StEm10 EqEm11 StEm11 EqEm12 StEm12 EqEm13 StEm13 EqEm14 StEm14 EqEm15 StEm15 EqEm16 StEm16 EqEm17 StEm17 EqEm18 StEm18 EqEm19 StEm19 EqEm20 StEm20 EqEm21 StEm21 EqEm22 StEm22 EqEm23 StEm23 EqEm24 StEm24 EqEm25 StEm25 EqEm26 StEm26 EqEm27 StEm27 EqEm28 StEm28 EqEm29 StEm29 EqEm30 StEm30 EqEm31 StEm31 EqEm32 StEm32 EqEm33 StEm33 EqEm34 StEm34 EqEm35 StEm35 EqEm36 StEm36 EqEm37 StEm37 EqEm38 StEm38 EqEm39 StEm39 EqEm40 StEm40 EqEm41 StEm41
0.05 1.1815e-10 5.46276e-11 6.35226e-11 0.537643 0.00576547 0 0 0 0 0 0 0 0 0 0 0 0 0 0 0 0 0 0 0 0 0 0 0 0 0 0 0 0 0 0 0 0 0 0 0 0 0 0 0 0 0 0 0 0 0 0 0 0 0 0 0 0 0 0 0 0 0 0 0 0 0 0 0 0 0 0 0 0 0 0 0 0 0 0 0 0 0 0 0 0 0 0
0.0525665 1.30591e-10 6.03797e-11 7.02112e-11 0.537643 0.00637255 0 0 0 0 0 0 0 0 0 0 0 0 0 0 0 0 0 0 0 0 0 0 0 0 0 0 0 0 0 0 0 0 0 0 0 0 0 0 0 0 0 0 0 0 0 0 0 0 0 0 0 0 0 0 0 0 0 0 0 0 0 0 0 0 0 0 0 0 0 0 0 0 0 0 0 0 0 0 0 0 0 0
0.0552647 1.44341e-10 6.67374e-11 7.76041e-11 0.537643 0.00704355 0 0 0 0 0 0 0 0 0 0 0 0 0 0 0 0 0 0 0 0 0 0 0 0 0 0 0 0 0 0 0 0 0 0 0 0 0 0 0 0 0 0 0 0 0 0 0 0 0 0 0 0 0 0 0 0 0 0 0 0 0 0 0 0 0 0 0 0 0 0 0 0 0 0 0 0 0 0 0 0 0 0
0.0581015 1.5954e-10 7.37645e-11 8.57755e-11 0.537643 0.0077852 0 0 0 0 0 0 0 0 0 0 0 0 0 0 0 0 0 0 0 0 0 0 0 0 0 0 0 0 0 0 0 0 0 0 0 0 0 0 0 0 0 0 0 0 0 0 0 0 0 0 0 0 0 0 0 0 0 0 0 0 0 0 0 0 0 0 0 0 0 0 0 0 0 0 0 0 0 0 0 0 0 0
0.0610839 1.76339e-10 8.15315e-11 9.48072e-11 0.537643 0.00860494 0 0 0 0 0 0 0 0 0 0 0 0 0 0 0 0 0 0 0 0 0 0 0 0 0 0 0 0 0 0 0 0 0 0 0 0 0 0 0 0 0 0 0 0 0 0 0 0 0 0 0 0 0 0 0 0 0 0 0 0 0 0 0 0 0 0 0 0 0 0 0 0 0 0 0 0 0 0 0 0 0 0
0.0642193 1.94906e-10 9.01164e-11 1.0479e-10 0.537643 0.009511 0 0 0 0 0 0 0 0 0 0 0 0 0 0 0 0 0 0 0 0 0 0 0 0 0 0 0 0 0 0 0 0 0 0 0 0 0 0 0 0 0 0 0 0 0 0 0 0 0 0 0 0 0 0 0 0 0 0 0 0 0 0 0 0 0 0 0 0 0 0 0 0 0 0 0 0 0 0 0 0 0 0
0.0675157 2.15429e-10 9.96052e-11 1.15824e-10 0.537643 0.0105125 0 0 0 0 0 0 0 0 0 0 0 0 0 0 0 0 0 0 0 0 0 0 0 0 0 0 0 0 0 0 0 0 0 0 0 0 0 0 0 0 0 0 0 0 0 0 0 0 0 0 0 0 0 0 0 0 0 0 0 0 0 0 0 0 0 0 0 0 0 0 0 0 0 0 0 0 0 0 0 0 0 0
0.0709813 2.38113e-10 1.10093e-10 1.28019e-10 0.537643 0.0116194 0 0 0 0 0 0 0 0 0 0 0 0 0 0 0 0 0 0 0 0 0 0 0 0 0 0 0 0 0 0 0 0 0 0 0 0 0 0 0 0 0 0 0 0 0 0 0 0 0 0 0 0 0 0 0 0 0 0 0 0 0 0 0 0 0 0 0 0 0 0 0 0 0 0 0 0 0 0 0 0 0 0
0.0746248 2.63185e-10 1.21685e-10 1.41499e-10 0.537643 0.0128428 0 0 0 0 0 0 0 0 0 0 0 0 0 0 0 0 0 0 0 0 0 0 0 0 0 0 0 0 0 0 0 0 0 0 0 0 0 0 0 0 0 0 0 0 0 0 0 0 0 0 0 0 0 0 0 0 0 0 0 0 0 0 0 0 0 0 0 0 0 0 0 0 0 0 0 0 0 0 0 0 0 0
0.0784553 2.90897e-10 1.34498e-10 1.56399e-10 0.537643 0.0141951 0 0 0 0 0 0 0 0 0 0 0 0 0 0 0 0 0 0 0 0 0 0 0 0 0 0 0 0 0 0 0 0 0 0 0 0 0 0 0 0 0 0 0 0 0 0 0 0 0 0 0 0 0 0 0 0 0 0 0 0 0 0 0 0 0 0 0 0 0 0 0 0 0 0 0 0 0 0 0 0 0 0
0.0824824 3.21527e-10 1.4866e-10 1.72866e-10 0.537643 0.0156898 0 0 0 0 0 0 0 0 0 0 0 0 0 0 0 0 0 0 0 0 0 0 0 0 0 0 0 0 0 0 0 0 0 0 0 0 0 0 0 0 0 0 0 0 0 0 0 0 0 0 0 0 0 0 0 0 0 0 0 0 0 0 0 0 0 0 0 0 0 0 0 0 0 0 0 0 0 0 0 0 0 0
0.0867162 3.55382e-10 1.64314e-10 1.91069e-10 0.537643 0.0173419 0 0 0 0 0 0 0 0 0 0 0 0 0 0 0 0 0 0 0 0 0 0 0 0 0 0 0 0 0 0 0 0 0 0 0 0 0 0 0 0 0 0 0 0 0 0 0 0 0 0 0 0 0 0 0 0 0 0 0 0 0 0 0 0 0 0 0 0 0 0 0 0 0 0 0 0 0 0 0 0 0 0
0.0911674 3.92802e-10 1.81615e-10 2.11187e-10 0.537643 0.0191679 0 0 0 0 0 0 0 0 0 0 0 0 0 0 0 0 0 0 0 0 0 0 0 0 0 0 0 0 0 0 0 0 0 0 0 0 0 0 0 0 0 0 0 0 0 0 0 0 0 0 0 0 0 0 0 0 0 0 0 0 0 0 0 0 0 0 0 0 0 0 0 0 0 0 0 0 0 0 0 0 0 0
0.095847 4.34162e-10 2.00738e-10 2.33424e-10 0.537643 0.0211862 0 0 0 0 0 0 0 0 0 0 0 0 0 0 0 0 0 0 0 0 0 0 0 0 0 0 0 0 0 0 0 0 0 0 0 0 0 0 0 0 0 0 0 0 0 0 0 0 0 0 0 0 0 0 0 0 0 0 0 0 0 0 0 0 0 0 0 0 0 0 0 0 0 0 0 0 0 0 0 0 0 0
0.100767 4.72087e-10 2.19875e-10 2.52212e-10 0.534249 0.0235692 0 0 0 0 0 0 0 0 0 0 0 0 0 0 0 0 0 0 0 0 0 0 0 0 0 0 0 0 0 0 0 0 0 0 0 0 0 0 0 0 0 0 0 0 0 0 0 0 0 0 0 0 0 0 0 0 0 0 0 0 0 0 0 0 0 0 0 0 0 0 0 0 0 0 0 0 0 0 0 0 0 0
0.105939 4.70948e-10 2.29133e-10 2.41816e-10 0.513465 0.0256046 0 0 0 0 0 0 0 0 0 0 0 0 0 0 0 0 0 0 0 0 0 0 0 0 0 0 0 0 0 0 0 0 0 0 0 0 0 0 0 0 0 0 0 0 0 0 0 0 0 0 0 0 0 0 0 0 0 0 0 0 0 0 0 0 0 0 0 0 0 0 0 0 0 0 0 0 0 0 0 0 0 0
0.111377 4.7318e-10 2.33063e-10 2.40118e-10 0.507455 0.0289403 0 0 0 0 0 0 0 0 0 0 0 0 0 0 0 0 0 0 0 0 0 0 0 0 0 0 0 0 0 0 0 0 0 0 0 0 0 0 0 0 0 0 0 0 0 0 0 0 0 0 0 0 0 0 0 0 0 0 0 0 0 0 0 0 0 0 0 0 0 0 0 0 0 0 0 0 0 0 0 0 0 0
0.117094 4.75029e-10 2.43362e-10 2.31667e-10 0.48769 0.0274507 0 0 0 0 0 0 0 0 0 0 0 0 0 0 0 0 0 0 0 0 0 0 0 0 0 0 0 0 0 0 0 0 0 0 0 0 0 0 0 0 0 0 0 0 0 0 0 0 0 0 0 0 0 0 0 0 0 0 0 0 0 0 0 0 0 0 0 0 0 0 0 0 0 0 0 0 0 0 0 0 0 0
0.123105 4.74528e-10 2.57448e-10 2.1708e-10 0.457466 0.0236555 0 0 0 0 0 0 0 0 0 0 0 0 0 0 0 0 0 0 0 0 0 0 0 0 0 0 0 0 0 0 0 0 0 0 0 0 0 0 0 0 0 0 0 0 0 0 0 0 0 0 0 0 0 0 0 0 0 0 0 0 0 0 0 0 0 0 0 0 0 0 0 0 0 0 0 0 0 0 0 0 0 0
0.129424 4.98951e-10 2.64497e-10 2.34454e-10 0.469894 0.0199126 0 0 0 0 0 0 0 0 0 0 0 0 0 0 0 0 0 0 0 0 0 0 0 0 0 0 0 0 0 0 0 0 0 0 0 0 0 0 0 0 0 0 0 0 0 0 0 0 0 0 0 0 0 0 0 0 0 0 0 0 0 0 0 0 0 0 0 0 0 0 0 0 0 0 0 0 0 0 0 0 0 0
0.136067 5.31809e-10 2.57247e-10 2.74562e-10 0.516279 0.0168557 0 0 0 0 0 0 0 0 0 0 0 0 0 0 0 0 0 0 0 0 0 0 0 0 0 0 0 0 0 0 0 0 0 0 0 0 0 0 0 0 0 0 0 0 0 0 0 0 0 0 0 0 0 0 0 0 0 0 0 0 0 0 0 0 0 0 0 0 0 0 0 0 0 0 0 0 0 0 0 0 0 0
0.143051 5.34093e-10 2.49178e-10 2.84915e-10 0.533455 0.0143876 0 0 0 0 0 0 0 0 0 0 0 0 0 0 0 0 0 0 0 0 0 0 0 0 0 0 0 0 0 0 0 0 0 0 0 0 0 0 0 0 0 0 0 0 0 0 0 0 0 0 0 0 0 0 0 0 0 0 0 0 0 0 0 0 0 0 0 0 0 0 0 0 0 0 0 0 0 0 0 0 0 0
0.150394 4.87152e-10 2.39708e-10 2.47444e-10 0.50794 0.0122986 0 0 0 0 0 0 0 0 0 0 0 0 0 0 0 0 0 0 0 0 0 0 0 0 0 0 0 0 0 0 0 0 0 0 0 0 0 0 0 0 0 0 0 0 0 0 0 0 0 0 0 0 0 0 0 0 0 0 0 0 0 0 0 0 0 0 0 0 0 0 0 0 0 0 0 0 0 0 0 0 0 0
0.158114 4.23075e-10 2.32266e-10 1.90809e-10 0.451005 0.01055 0 0 0 0 0 0 0 0 0 0 0 0 0 0 0 0 0 0 0 0 0 0 0 0 0 0 0 0 0 0 0 0 0 0 0 0 0 0 0 0 0 0 0 0 0 0 0 0 0 0 0 0 0 0 0 0 0 0 0 0 0 0 0 0 0 0 0 0 0 0 0 0 0 0 0 0 0 0 0 0 0 0
0.16623 3.74722e-10 2.29321e-10 1.45401e-10 0.388023 0.00908216 0 0 0 0 0 0 0 0 0 0 0 0 0 0 0 0 0 0 0 0 0 0 0 0 0 0 0 0 0 0 0 0 0 0 0 0 0 0 0 0 0 0 0 0 0 0 0 0 0 0 0 0 0 0 0 0 0 0 0 0 0 0 0 0 0 0 0 0 0 0 0 0 0 0 0 0 0 0 0 0 0 0
0.174762 3.53984e-10 2.29641e-10 1.24343e-10 0.351267 0.00782097 0 0 0 0 0 0 0 0 0 0 0 0 0 0 0 0 0 0 0 0 0 0 0 0 0 0 0 0 0 0 0 0 0 0 0 0 0 0 0 0 0 0 0 0 0 0 0 0 0 0 0 0 0 0 0 0 0 0 0 0 0 0 0 0 0 0 0 0 0 0 0 0 0 0 0 0 0 0 0 0 0 0
0.183733 3.57416e-10 2.32299e-10 1.25117e-10 0.350059 0.00667218 0 0 0 0 0 0 0 0 0 0 0 0 0 0 0 0 0 0 0 0 0 0 0 0 0 0 0 0 0 0 0 0 0 0 0 0 0 0 0 0 0 0 0 0 0 0 0 0 0 0 0 0 0 0 0 0 0 0 0 0 0 0 0 0 0 0 0 0 0 0 0 0 0 0 0 0 0 0 0 0 0 0
0.193164 3.86562e-10 2.38925e-10 1.47637e-10 0.381923 0.00556038 0 0 0 0 0 0 0 0 0 0 0 0 0 0 0 0 0 0 0 0 0 0 0 0 0 0 0 0 0 0 0 0 0 0 0 0 0 0 0 0 0 0 0 0 0 0 0 0 0 0 0 0 0 0 0 0 0 0 0 0 0 0 0 0 0 0 0 0 0 0 0 0 0 0 0 0 0 0 0 0 0 0
0.203079 4.35285e-10 2.50247e-10 1.85038e-10 0.425095 0.00446034 0 0 0 0 0 0 0 0 0 0 0 0 0 0 0 0 0 0 0 0 0 0 0 0 0 0 0 0 0 0 0 0 0 0 0 0 0 0 0 0 0 0 0 0 0 0 0 0 0 0 0 0 0 0 0 0 0 0 0 0 0 0 0 0 0 0 0 0 0 0 0 0 0 0 0 0 0 0 0 0 0 0
0.213503 4.90926e-10 2.6393e-10 2.26995e-10 0.462382 0.00342932 0 0 0 0 0 0 0 0 0 0 0 0 0 0 0 0 0 0 0 0 0 0 0 0 0 0 0 0 0 0 0 0 0 0 0 0 0 0 0 0 0 0 0 0 0 0 0 0 0 0 0 0 0 0 0 0 0 0 0 0 0 0 0 0 0 0 0 0 0 0 0 0 0 0 0 0 0 0 0 0 0 0
0.224463 5.37108e-10 2.72455e-10 2.64653e-10 0.492738 0.00254317 0 0 0 0 0 0 0 0 0 0 0 0 0 0 0 0 0 0 0 0 0 0 0 0 0 0 0 0 0 0 0 0 0 0 0 0 0 0 0 0 0 0 0 0 0 0 0 0 0 0 0 0 0 0 0 0 0 0 0 0 0 0 0 0 0 0 0 0 0 0 0 0 0 0 0 0 0 0 0 0 0 0
0.235984 5.63292e-10 2.71437e-10 2.91855e-10 0.518124 0.00182186 0 0 0 0 0 0 0 0 0 0 0 0 0 0 0 0 0 0 0 0 0 0 0 0 0 0 0 0 0 0 0 0 0 0 0 0 0 0 0 0 0 0 0 0 0 0 0 0 0 0 0 0 0 0 0 0 0 0 0 0 0 0 0 0 0 0 0 0 0 0 0 0 0 0 0 0 0 0 0 0 0 0
0.248097 5.72756e-10 2.66916e-10 3.0584e-10 0.533979 0.00138916 0 0 0 0 0 0 0 0 0 0 0 0 0 0 0 0 0 0 0 0 0 0 0 0 0 0 0 0 0 0 0 0 0 0 0 0 0 0 0 0 0 0 0 0 0 0 0 0 0 0 0 0 0 0 0 0 0 0 0 0 0 0 0 0 0 0 0 0 0 0 0 0 0 0 0 0 0 0 0 0 0 0
0.260832 5.67865e-10 2.63156e-10 3.04709e-10 0.536587 0.00141961 0 0 0 0 0 0 0 0 0 0 0 0 0 0 0 0 0 0 0 0 0 0 0 0 0 0 0 0 0 0 0 0 0 0 0 0 0 0 0 0 0 0 0 0 0 0 0 0 0 0 0 0 0 0 0 0 0 0 0 0 0 0 0 0 0 0 0 0 0 0 0 0 0 0 0 0 0 0 0 0 0 0
0.274221 5.53927e-10 2.62315e-10 2.91612e-10 0.526445 0.00187131 0 0 0 0 0 0 0 0 0 0 0 0 0 0 0 0 0 0 0 0 0 0 0 0 0 0 0 0 0 0 0 0 0 0 0 0 0 0 0 0 0 0 0 0 0 0 0 0 0 0 0 0 0 0 0 0 0 0 0 0 0 0 0 0 0 0 0 0 0 0 0 0 0 0 0 0 0 0 0 0 0 0
0.288297 5.42528e-10 2.67101e-10 2.75428e-10 0.507675 0.00251556 0 0 0 0 0 0 0 0 0 0 0 0 0 0 0 0 0 0 0 0 0 0 0 0 0 0 0 0 0 0 0 0 0 0 0 0 0 0 0 0 0 0 0 0 0 0 0 0 0 0 0 0 0 0 0 0 0 0 0 0 0 0 0 0 0 0 0 0 0 0 0 0 0 0 0 0 0 0 0 0 0 0
0.303095 5.40143e-10 2.75479e-10 2.64664e-10 0.489989 0.0028362 0 0 0 0 0 0 0 0 0 0 0 0 0 0 0 0 0 0 0 0 0 0 0 0 0 0 0 0 0 0 0 0 0 0 0 0 0 0 0 0 0 0 0 0 0 0 0 0 0 0 0 0 0 0 0 0 0 0 0 0 0 0 0 0 0 0 0 0 0 0 0 0 0 0 0 0 0 0 0 0 0 0
0.318653 5.461e-10 2.82384e-10 2.63716e-10 0.482908 0.00297223 0 0 0 0 0 0 0 0 0 0 0 0 0 0 0 0 0 0 0 0 0 0 0 0 0 0 0 0 0 0 0 0 0 0 0 0 0 0 0 0 0 0 0 0 0 0 0 0 0 0 0 0 0 0 0 0 0 0 0 0 0 0 0 0 0 0 0 0 0 0 0 0 0 0 0 0 0 0 0 0 0 0
0.335009 5.56423e-10 2.86544e-10 2.69879e-10 0.485025 0.00293231 0 0 0 0 0 0 0 0 0 0 0 0 0 0 0 0 0 0 0 0 0 0 0 0 0 0 0 0 0 0 0 0 0 0 0 0 0 0 0 0 0 0 0 0 0 0 0 0 0 0 0 0 0 0 0 0 0 0 0 0 0 0 0 0 0 0 0 0 0 0 0 0 0 0 0 0 0 0 0 0 0 0
0.352205 5.65058e-10 2.90754e-10 2.74304e-10 0.485444 0.00278811 0 0 0 0 0 0 0 0 0 0 0 0 0 0 0 0 0 0 0 0 0 0 0 0 0 0 0 0 0 0 0 0 0 0 0 0 0 0 0 0 0 0 0 0 0 0 0 0 0 0 0 0 0 0 0 0 0 0 0 0 0 0 0 0 0 0 0 0 0 0 0 0 0 0 0 0 0 0 0 0 0 0
0.370284 5.68735e-10 2.96148e-10 2.72587e-10 0.479287 0.00261033 0 0 0 0 0 0 0 0 0 0 0 0 0 0 0 0 0 0 0 0 0 0 0 0 0 0 0 0 0 0 0 0 0 0 0 0 0 0 0 0 0 0 0 0 0 0 0 0 0 0 0 0 0 0 0 0 0 0 0 0 0 0 0 0 0 0 0 0 0 0 0 0 0 0 0 0 0 0 0 0 0 0
0.389291 5.67285e-10 3.01424e-10 2.65861e-10 0.468655 0.00243645 0 0 0 0 0 0 0 0 0 0 0 0 0 0 0 0 0 0 0 0 0 0 0 0 0 0 0 0 0 0 0 0 0 0 0 0 0 0 0 0 0 0 0 0 0 0 0 0 0 0 0 0 0 0 0 0 0 0 0 0 0 0 0 0 0 0 0 0 0 0 0 0 0 0 0 0 0 0 0 0 0 0
0.409273 5.61348e-10 3.05189e-10 2.56159e-10 0.456329 0.00226652 0 0 0 0 0 0 0 0 0 0 0 0 0 0 0 0 0 0 0 0 0 0 0 0 0 0 0 0 0 0 0 0 0 0 0 0 0 0 0 0 0 0 0 0 0 0 0 0 0 0 0 0 0 0 0 0 0 0 0 0 0 0 0 0 0 0 0 0 0 0 0 0 0 0 0 0 0 0 0 0 0 0
0.430281 5.50553e-10 3.06522e-10 2.44031e-10 0.443247 0.00210471 0 0 0 0 0 0 0 0 0 0 0 0 0 0 0 0 0 0 0 0 0 0 0 0 0 0 0 0 0 0 0 0 0 0 0 0 0 0 0 0 0 0 0 0 0 0 0 0 0 0 0 0 0 0 0 0 0 0 0 0 0 0 0 0 0 0 0 0 0 0 0 0 0 0 0 0 0 0 0 0 0 0
0.452368 5.33627e-10 3.04505e-10 2.29122e-10 0.429367 0.00193723 0 0 0 0 0 0 0 0 0 0 0 0 0 0 0 0 0 0 0 0 0 0 0 0 0 0 0 0 0 0 0 0 0 0 0 0 0 0 0 0 0 0 0 0 0 0 0 0 0 0 0 0 0 0 0 0 0 0 0 0 0 0 0 0 0 0 0 0 0 0 0 0 0 0 0 0 0 0 0 0 0 0
0.475588 5.09783e-10 2.98505e-10 2.11278e-10 0.414446 0.00177642 0 0 0 0 0 0 0 0 0 0 0 0 0 0 0 0 0 0 0 0 0 0 0 0 0 0 0 0 0 0 0 0 0 0 0 0 0 0 0 0 0 0 0 0 0 0 0 0 0 0 0 0 0 0 0 0 0 0 0 0 0 0 0 0 0 0 0 0 0 0 0 0 0 0 0 0 0 0 0 0 0 0
0.5 4.79083e-10 2.88255e-10 1.90828e-10 0.398319 0.00162159 0 0 0 0 0 0 0 0 0 0 0 0 0 0 0 0 0 0 0 0 0 0 0 0 0 0 0 0 0 0 0 0 0 0 0 0 0 0 0 0 0 0 0 0 0 0 0 0 0 0 0 0 0 0 0 0 0 0 0 0 0 0 0 0 0 0 0 0 0 0 0 0 0 0 0 0 0 0 0 0 0 0
0.525665 4.43256e-10 2.74365e-10 1.68891e-10 0.381024 0.0014751 0 0 0 0 0 0 0 0 0 0 0 0 0 0 0 0 0 0 0 0 0 0 0 0 0 0 0 0 0 0 0 0 0 0 0 0 0 0 0 0 0 0 0 0 0 0 0 0 0 0 0 0 0 0 0 0 0 0 0 0 0 0 0 0 0 0 0 0 0 0 0 0 0 0 0 0 0 0 0 0 0 0
0.552648 4.04777e-10 2.57974e-10 1.46803e-10 0.362676 0.00134175 0 0 0 0 0 0 0 0 0 0 0 0 0 0 0 0 0 0 0 0 0 0 0 0 0 0 0 0 0 0 0 0 0 0 0 0 0 0 0 0 0 0 0 0 0 0 0 0 0 0 0 0 0 0 0 0 0 0 0 0 0 0 0 0 0 0 0 0 0 0 0 0 0 0 0 0 0 0 0 0 0 0
0.581015 3.66136e-10 2.40412e-10 1.25725e-10 0.343382 0.00121775 0 0 0 0 0 0 0 0 0 0 0 0 0 0 0 0 0 0 0 0 0 0 0 0 0 0 0 0 0 0 0 0 0 0 0 0 0 0 0 0 0 0 0 0 0 0 0 0 0 0 0 0 0 0 0 0 0 0 0 0 0 0 0 0 0 0 0 0 0 0 0 0 0 0 0 0 0 0 0 0 0 0
0.610839 3.29351e-10 2.22843e-10 1.06507e-10 0.323386 0.00110516 0 0 0 0 0 0 0 0 0 0 0 0 0 0 0 0 0 0 0 0 0 0 0 0 0 0 0 0 0 0 0 0 0 0 0 0 0 0 0 0 0 0 0 0 0 0 0 0 0 0 0 0 0 0 0 0 0 0 0 0 0 0 0 0 0 0 0 0 0 0 0 0 0 0 0 0 0 0 0 0 0 0
0.642193 2.95561e-10 2.0602e-10 8.95403e-11 0.302951 0.00100302 0 0 0 0 0 0 0 0 0 0 0 0 0 0 0 0 0 0 0 0 0 0 0 0 0 0 0 0 0 0 0 0 0 0 0 0 0 0 0 0 0 0 0 0 0 0 0 0 0 0 0 0 0 0 0 0 0 0 0 0 0 0 0 0 0 0 0 0 0 0 0 0 0 0 0 0 0 0 0 0 0 0
0.675157 2.6525e-10 1.90346e-10 7.4904e-11 0.28239 0.000910957 0 0 0 0 0 0 0 0 0 0 0 0 0 0 0 0 0 0 0 0 0 0 0 0 0 0 0 0 0 0 0 0 0 0 0 0 0 0 0 0 0 0 0 0 0 0 0 0 0 0 0 0 0 0 0 0 0 0 0 0 0 0 0 0 0 0 0 0 0 0 0 0 0 0 0 0 0 0 0 0 0 0
0.709813 2.38378e-10 1.75904e-10 6.24737e-11 0.262078 0.00082817 0 0 0 0 0 0 0 0 0 0 0 0 0 0 0 0 0 0 0 0 0 0 0 0 0 0 0 0 0 0 0 0 0 0 0 0 0 0 0 0 0 0 0 0 0 0 0 0 0 0 0 0 0 0 0 0 0 0 0 0 0 0 0 0 0 0 0 0 0 0 0 0 0 0 0 0 0 0 0 0 0 0
0.746248 2.1465e-10 1.62638e-10 5.20127e-11 0.242313 0.000754183 0 0 0 0 0 0 0 0 0 0 0 0 0 0 0 0 0 0 0 0 0 0 0 0 0 0 0 0 0 0 0 0 0 0 0 0 0 0 0 0 0 0 0 0 0 0 0 0 0 0 0 0 0 0 0 0 0 0 0 0 0 0 0 0 0 0 0 0 0 0 0 0 0 0 0 0 0 0 0 0 0 0
0.784553 1.93686e-10 1.50428e-10 4.32577e-11 0.22334 0.000686995 0 0 0 0 0 0 0 0 0 0 0 0 0 0 0 0 0 0 0 0 0 0 0 0 0 0 0 0 0 0 0 0 0 0 0 0 0 0 0 0 0 0 0 0 0 0 0 0 0 0 0 0 0 0 0 0 0 0 0 0 0 0 0 0 0 0 0 0 0 0 0 0 0 0 0 0 0 0 0 0 0 0
0.824824 1.75077e-10 1.39122e-10 3.59555e-11 0.205369 0.000626788 0 0 0 0 0 0 0 0 0 0 0 0 0 0 0 0 0 0 0 0 0 0 0 0 0 0 0 0 0 0 0 0 0 0 0 0 0 0 0 0 0 0 0 0 0 0 0 0 0 0 0 0 0 0 0 0 0 0 0 0 0 0 0 0 0 0 0 0 0 0 0 0 0 0 0 0 0 0 0 0 0 0
0.867162 1.58471e-10 1.28603e-10 2.98682e-11 0.188477 0.000572518 0 0 0 0 0 0 0 0 0 0 0 0 0 0 0 0 0 0 0 0 0 0 0 0 0 0 0 0 0 0 0 0 0 0 0 0 0 0 0 0 0 0 0 0 0 0 0 0 0 0 0 0 0 0 0 0 0 0 0 0 0 0 0 0 0 0 0 0 0 0 0 0 0 0 0 0 0 0 0 0 0 0
0.911674 1.43553e-10 1.18755e-10 2.47986e-11 0.172749 0.000523427 0 0 0 0 0 0 0 0 0 0 0 0 0 0 0 0 0 0 0 0 0 0 0 0 0 0 0 0 0 0 0 0 0 0 0 0 0 0 0 0 0 0 0 0 0 0 0 0 0 0 0 0 0 0 0 0 0 0 0 0 0 0 0 0 0 0 0 0 0 0 0 0 0 0 0 0 0 0 0 0 0 0
0.95847 1.30097e-10 1.09523e-10 2.05742e-11 0.158145 0.00047944 0 0 0 0 0 0 0 0 0 0 0 0 0 0 0 0 0 0 0 0 0 0 0 0 0 0 0 0 0 0 0 0 0 0 0 0 0 0 0 0 0 0 0 0 0 0 0 0 0 0 0 0 0 0 0 0 0 0 0 0 0 0 0 0 0 0 0 0 0 0 0 0 0 0 0 0 0 0 0 0 0 0
1.00767 1.17903e-10 1.00845e-10 1.7058e-11 0.144678 0.0004395 0 0 0 0 0 0 0 0 0 0 0 0 0 0 0 0 0 0 0 0 0 0 0 0 0 0 0 0 0 0 0 0 0 0 0 0 0 0 0 0 0 0 0 0 0 0 0 0 0 0 0 0 0 0 0 0 0 0 0 0 0 0 0 0 0 0 0 0 0 0 0 0 0 0 0 0 0 0 0 0 0 0
1.05939 1.06834e-10 9.27034e-11 1.41302e-11 0.132264 0.000403275 0 0 0 0 0 0 0 0 0 0 0 0 0 0 0 0 0 0 0 0 0 0 0 0 0 0 0 0 0 0 0 0 0 0 0 0 0 0 0 0 0 0 0 0 0 0 0 0 0 0 0 0 0 0 0 0 0 0 0 0 0 0 0 0 0 0 0 0 0 0 0 0 0 0 0 0 0 0 0 0 0 0
1.11377 9.67217e-11 8.50326e-11 1.16891e-11 0.120853 0.000370298 0 0 0 0 0 0 0 0 0 0 0 0 0 0 0 0 0 0 0 0 0 0 0 0 0 0 0 0 0 0 0 0 0 0 0 0 0 0 0 0 0 0 0 0 0 0 0 0 0 0 0 0 0 0 0 0 0 0 0 0 0 0 0 0 0 0 0 0 0 0 0 0 0 0 0 0 0 0 0 0 0 0
1.17094 8.75473e-11 7.78821e-11 9.66517e-12 0.110399 0.000339515 0 0 0 0 0 0 0 0 0 0 0 0 0 0 0 0 0 0 0 0 0 0 0 0 0 0 0 0 0 0 0 0 0 0 0 0 0 0 0 0 0 0 0 0 0 0 0 0 0 0 0 0 0 0 0 0 0 0 0 0 0 0 0 0 0 0 0 0 0 0 0 0 0 0 0 0 0 0 0 0 0 0
1.23105 7.91816e-11 7.12005e-11 7.9811e-12 0.100795 0.000311294 0 0 0 0 0 0 0 0 0 0 0 0 0 0 0 0 0 0 0 0 0 0 0 0 0 0 0 0 0 0 0 0 0 0 0 0 0 0 0 0 0 0 0 0 0 0 0 0 0 0 0 0 0 0 0 0 0 0 0 0 0 0 0 0 0 0 0 0 0 0 0 0 0 0 0 0 0 0 0 0 0 0
1.29424 7.15771e-11 6.49919e-11 6.58525e-12 0.0920022 0.000285362 0 0 0 0 0 0 0 0 0 0 0 0 0 0 0 0 0 0 0 0 0 0 0 0 0 0 0 0 0 0 0 0 0 0 0 0 0 0 0 0 0 0 0 0 0 0 0 0 0 0 0 0 0 0 0 0 0 0 0 0 0 0 0 0 0 0 0 0 0 0 0 0 0 0 0 0 0 0 0 0 0 0
1.36067 6.46645e-11 5.92361e-11 5.42842e-12 0.0839474 0.000261742 0 0 0 0 0 0 0 0 0 0 0 0 0 0 0 0 0 0 0 0 0 0 0 0 0 0 0 0 0 0 0 0 0 0 0 0 0 0 0 0 0 0 0 0 0 0 0 0 0 0 0 0 0 0 0 0 0 0 0 0 0 0 0 0 0 0 0 0 0 0 0 0 0 0 0 0 0 0 0 0 0 0
1.43051 5.83784e-11 5.39086e-11 4.46981e-12 0.0765662 0.000240209 0 0 0 0 0 0 0 0 0 0 0 0 0 0 0 0 0 0 0 0 0 0 0 0 0 0 0 0 0 0 0 0 0 0 0 0 0 0 0 0 0 0 0 0 0 0 0 0 0 0 0 0 0 0 0 0 0 0 0 0 0 0 0 0 0 0 0 0 0 0 0 0 0 0 0 0 0 0 0 0 0 0
1.50394 5.26834e-11 4.90053e-11 3.67807e-12 0.0698146 0.000220279 0 0 0 0 0 0 0 0 0 0 0 0 0 0 0 0 0 0 0 0 0 0 0 0 0 0 0 0 0 0 0 0 0 0 0 0 0 0 0 0 0 0 0 0 0 0 0 0 0 0 0 0 0 0 0 0 0 0 0 0 0 0 0 0 0 0 0 0 0 0 0 0 0 0 0 0 0 0 0 0 0 0
1.58114 4.75274e-11 4.45025e-11 3.02482e-12 0.0636437 0.000201732 0 0 0 0 0 0 0 0 0 0 0 0 0 0 0 0 0 0 0 0 0 0 0 0 0 0 0 0 0 0 0 0 0 0 0 0 0 0 0 0 0 0 0 0 0 0 0 0 0 0 0 0 0 0 0 0 0 0 0 0 0 0 0 0 0 0 0 0 0 0 0 0 0 0 0 0 0 0 0 0 0 0
1.6623 4.28606e-11 4.03749e-11 2.48568e-12 0.0579946 0.000184534 0 0 0 0 0 0 0 0 0 0 0 0 0 0 0 0 0 0 0 0 0 0 0 0 0 0 0 0 0 0 0 0 0 0 0 0 0 0 0 0 0 0 0 0 0 0 0 0 0 0 0 0 0 0 0 0 0 0 0 0 0 0 0 0 0 0 0 0 0 0 0 0 0 0 0 0 0 0 0 0 0 0
1.74763 3.86437e-11 3.6602e-11 2.0417e-12 0.0528339 0.000169005 0 0 0 0 0 0 0 0 0 0 0 0 0 0 0 0 0 0 0 0 0 0 0 0 0 0 0 0 0 0 0 0 0 0 0 0 0 0 0 0 0 0 0 0 0 0 0 0 0 0 0 0 0 0 0 0 0 0 0 0 0 0 0 0 0 0 0 0 0 0 0 0 0 0 0 0 0 0 0 0 0 0
1.83733 3.48342e-11 3.3158e-11 1.67619e-12 0.0481191 0.000154804 0 0 0 0 0 0 0 0 0 0 0 0 0 0 0 0 0 0 0 0 0 0 0 0 0 0 0 0 0 0 0 0 0 0 0 0 0 0 0 0 0 0 0 0 0 0 0 0 0 0 0 0 0 0 0 0 0 0 0 0 0 0 0 0 0 0 0 0 0 0 0 0 0 0 0 0 0 0 0 0 0 0
1.93164 3.13949e-11 3.00196e-11 1.37531e-12 0.0438068 0.000141793 0 0 0 0 0 0 0 0 0 0 0 0 0 0 0 0 0 0 0 0 0 0 0 0 0 0 0 0 0 0 0 0 0 0 0 0 0 0 0 0 0 0 0 0 0 0 0 0 0 0 0 0 0 0 0 0 0 0 0 0 0 0 0 0 0 0 0 0 0 0 0 0 0 0 0 0 0 0 0 0 0 0
2.03079 2.82923e-11 2.71642e-11 1.12805e-12 0.0398715 0.000129725 0 0 0 0 0 0 0 0 0 0 0 0 0 0 0 0 0 0 0 0 0 0 0 0 0 0 0 0 0 0 0 0 0 0 0 0 0 0 0 0 0 0 0 0 0 0 0 0 0 0 0 0 0 0 0 0 0 0 0 0 0 0 0 0 0 0 0 0 0 0 0 0 0 0 0 0 0 0 0 0 0 0
2.13503 2.54984e-11 2.45733e-11 9.25087e-13 0.0362802 0.000118657 0 0 0 0 0 0 0 0 0 0 0 0 0 0 0 0 0 0 0 0 0 0 0 0 0 0 0 0 0 0 0 0 0 0 0 0 0 0 0 0 0 0 0 0 0 0 0 0 0 0 0 0 0 0 0 0 0 0 0 0 0 0 0 0 0 0 0 0 0 0 0 0 0 0 0 0 0 0 0 0 0 0
2.24463 2.29801e-11 2.22218e-11 7.58351e-13 0.0330003 0.000108569 0 0 0 0 0 0 0 0 0 0 0 0 0 0 0 0 0 0 0 0 0 0 0 0 0 0 0 0 0 0 0 0 0 0 0 0 0 0 0 0 0 0 0 0 0 0 0 0 0 0 0 0 0 0 0 0 0 0 0 0 0 0 0 0 0 0 0 0 0 0 0 0 0 0 0 0 0 0 0 0 0 0
2.35984 2.07135e-11 2.0092e-11 6.21545e-13 0.0300068 9.92926e-05 0 0 0 0 0 0 0 0 0 0 0 0 0 0 0 0 0 0 0 0 0 0 0 0 0 0 0 0 0 0 0 0 0 0 0 0 0 0 0 0 0 0 0 0 0 0 0 0 0 0 0 0 0 0 0 0 0 0 0 0 0 0 0 0 0 0 0 0 0 0 0 0 0 0 0 0 0 0 0 0 0 0
2.48097 1.86709e-11 1.81616e-11 5.093e-13 0.0272777 9.07218e-05 0 0 0 0 0 0 0 0 0 0 0 0 0 0 0 0 0 0 0 0 0 0 0 0 0 0 0 0 0 0 0 0 0 0 0 0 0 0 0 0 0 0 0 0 0 0 0 0 0 0 0 0 0 0 0 0 0 0 0 0 0 0 0 0 0 0 0 0 0 0 0 0 0 0 0 0 0 0 0 0 0 0
2.60832 1.68347e-11 1.64174e-11 4.17256e-13 0.0247855 8.27967e-05 0 0 0 0 0 0 0 0 0 0 0 0 0 0 0 0 0 0 0 0 0 0 0 0 0 0 0 0 0 0 0 0 0 0 0 0 0 0 0 0 0 0 0 0 0 0 0 0 0 0 0 0 0 0 0 0 0 0 0 0 0 0 0 0 0 0 0 0 0 0 0 0 0 0 0 0 0 0 0 0 0 0
2.74221 1.51831e-11 1.48412e-11 3.41852e-13 0.0225153 7.55862e-05 0 0 0 0 0 0 0 0 0 0 0 0 0 0 0 0 0 0 0 0 0 0 0 0 0 0 0 0 0 0 0 0 0 0 0 0 0 0 0 0 0 0 0 0 0 0 0 0 0 0 0 0 0 0 0 0 0 0 0 0 0 0 0 0 0 0 0 0 0 0 0 0 0 0 0 0 0 0 0 0 0 0
2.88297 1.36963e-11 1.34163e-11 2.79963e-13 0.0204409 6.90729e-05 0 0 0 0 0 0 0 0 0 0 0 0 0 0 0 0 0 0 0 0 0 0 0 0 0 0 0 0 0 0 0 0 0 0 0 0 0 0 0 0 0 0 0 0 0 0 0 0 0 0 0 0 0 0 0 0 0 0 0 0 0 0 0 0 0 0 0 0 0 0 0 0 0 0 0 0 0 0 0 0 0 0
3.03095 1.2361e-11 1.21317e-11 2.29322e-13 0.018552 6.31538e-05 0 0 0 0 0 0 0 0 0 0 0 0 0 0 0 0 0 0 0 0 0 0 0 0 0 0 0 0 0 0 0 0 0 0 0 0 0 0 0 0 0 0 0 0 0 0 0 0 0 0 0 0 0 0 0 0 0 0 0 0 0 0 0 0 0 0 0 0 0 0 0 0 0 0 0 0 0 0 0 0 0 0
3.18653 1.11598e-11 1.0972e-11 1.8779e-13 0.0168274 5.76567e-05 0 0 0 0 0 0 0 0 0 0 0 0 0 0 0 0 0 0 0 0 0 0 0 0 0 0 0 0 0 0 0 0 0 0 0 0 0 0 0 0 0 0 0 0 0 0 0 0 0 0 0 0 0 0 0 0 0 0 0 0 0 0 0 0 0 0 0 0 0 0 0 0 0 0 0 0 0 0 0 0 0 0
3.35009 1.00804e-11 9.92659e-12 1.53774e-13 0.0152548 5.2603e-05 0 0 0 0 0 0 0 0 0 0 0 0 0 0 0 0 0 0 0 0 0 0 0 0 0 0 0 0 0 0 0 0 0 0 0 0 0 0 0 0 0 0 0 0 0 0 0 0 0 0 0 0 0 0 0 0 0 0 0 0 0 0 0 0 0 0 0 0 0 0 0 0 0 0 0 0 0 0 0 0 0 0
3.52205 9.11062e-12 8.9847e-12 1.2592e-13 0.0138212 4.80102e-05 0 0 0 0 0 0 0 0 0 0 0 0 0 0 0 0 0 0 0 0 0 0 0 0 0 0 0 0 0 0 0 0 0 0 0 0 0 0 0 0 0 0 0 0 0 0 0 0 0 0 0 0 0 0 0 0 0 0 0 0 0 0 0 0 0 0 0 0 0 0 0 0 0 0 0 0 0 0 0 0 0 0
3.70284 8.23905e-12 8.13595e-12 1.03099e-13 0.0125135 4.38066e-05 0 0 0 0 0 0 0 0 0 0 0 0 0 0 0 0 0 0 0 0 0 0 0 0 0 0 0 0 0 0 0 0 0 0 0 0 0 0 0 0 0 0 0 0 0 0 0 0 0 0 0 0 0 0 0 0 0 0 0 0 0 0 0 0 0 0 0 0 1.4013e-45 0 1.4013e-45 0 2.8026e-45 0 4.2039e-45 0 7.00649e-45 0 1.26117e-44 0 1.96182e-44 0
3.89291 7.45578e-12 7.37138e-12 8.44054e-14 0.0113208 3.9926e-05 0 0 0 0 0 0 0 0 0 0 0 0 0 0 0 0 0 0 0 0 0 0 0 0 0 0 0 0 0 0 0 0 0 0 0 0 0 0 0 0 0 0 0 0 0 0 0 0 0 0 0 0 0 0 1.4013e-45 0 2.8026e-45 0 4.2039e-45 0 9.80909e-45 0 1.82169e-44 0 3.22299e-44 0 5.88545e-44 0 1.03696e-43 0 1.77965e-43 0 3.11088e-43 0 5.10073e-43 0 8.57595e-43 0 1.39289e-42 0 2.18322e-42 0
4.09273 6.75265e-12 6.68354e-12 6.91062e-14 0.010234 3.62643e-05 0 0 0 0 0 0 0 0 0 0 0 0 0 0 0 0 0 0 0 0 0 0 0 0 0 0 0 0 0 0 0 0 0 0 0 0 0 0 0 0 0 0 1.4013e-45 0 2.8026e-45 0 7.00649e-45 0 1.54143e-44 0 3.36312e-44 0 7.00649e-44 0 1.45735e-43 0 2.90069e-43 0 5.52112e-43 0 1.04257e-42 0 1.89596e-42 0 3.42057e-42 0 5.94571e-42 0 1.02687e-41 0 1.71099e-41 0 2.92045e-41 0 4.67389e-41 0 7.66454e-41 0 1.21509e-40 0 1.86408e-40 0
4.30281 6.12101e-12 6.06443e-12 5.65787e-14 0.00924336 3.29535e-05 0 0 0 0 0 0 0 0 0 0 0 0 0 0 0 0 0 0 0 0 0 0 0 0 0 0 0 0 0 0 0 0 1.4013e-45 0 2.8026e-45 0 7.00649e-45 0 2.10195e-44 0 5.74532e-44 0 1.41531e-43 0 3.30706e-43 0 7.65109e-43 0 1.63532e-42 0 3.4514e-42 0 6.97707e-42 0 1.39625e-41 0 2.68251e-41 0 4.95527e-41 0 9.08139e-41 0 1.60317e-40 0 2.81082e-40 0 4.75508e-40 0 7.99662e-40 0 1.29953e-39 0 2.16097e-39 0 3.37996e-39 0 5.41034e-39 0 8.38653e-39 0 1.25997e-38 0
4.52368 5.55375e-12 5.50743e-12 4.63264e-14 0.00834145 2.99416e-05 0 0 0 0 0 0 0 0 0 0 0 0 0 0 0 0 0 0 0 0 0 0 0 0 0 0 1.4013e-45 0 8.40779e-45 0 2.8026e-44 0 9.3887e-44 0 2.95674e-43 0 8.15556e-43 0 2.20564e-42 0 5.65704e-42 0 1.33418e-41 0 3.0013e-41 0 6.66023e-41 0 1.37043e-40 0 2.78892e-40 0 5.44779e-40 0 1.05394e-39 0 1.96138e-39 0 3.5161e-39 0 6.25615e-39 0 1.07419e-38 0 1.83244e-38 0 3.0214e-38 0 4.95375e-38 0 7.86174e-38 0 1.27526e-37 0 1.95153e-37 0 3.05291e-37 0 4.63209e-37 0 6.82219e-37 0
4.75588 5.04422e-12 5.00628e-12 3.79328e-14 0.00752006 2.71796e-05 0 0 0 0 0 0 0 0 0 0 0 0 0 0 0 0 0 0 0 0 1.4013e-45 0 9.80909e-45 0 4.90454e-44 0 2.158e-43 0 8.39378e-43 0 2.82502e-42 0 8.91926e-42 0 2.65042e-41 0 6.96221e-41 0 1.79342e-40 0 4.39159e-40 0 9.93315e-40 0 2.14787e-39 0 4.58439e-39 0 9.10642e-39 0 1.79003e-38 0 3.38413e-38 0 6.33945e-38 0 1.14453e-37 0 1.99411e-37 0 3.44966e-37 0 5.76886e-37 0 9.58767e-37 0 1.54272e-36 0 2.46905e-36 0 3.83107e-36 0 6.06935e-36 0 9.097e-36 0 1.39235e-35 0 2.07e-35 0 2.99163e-35 0
5 4.58631e-12 4.55526e-12 3.10566e-14 0.00677157 2.45398e-05 0 0 0 0 0 0 0 0 0 0 0 0 0 0 0 0 2.8026e-45 0 2.66247e-44 0 1.80768e-43 0 1.01034e-42 0 4.77983e-42 0 1.93659e-41 0 7.03592e-41 0 2.23272e-40 0 6.66537e-40 0 1.8782e-39 0 4.70651e-39 0 1.15763e-38 0 2.71341e-38 0 5.8976e-38 0 1.22813e-37 0 2.52605e-37 0 4.85238e-37 0 9.22864e-37 0 1.6913e-36 0 3.07266e-36 0 5.38968e-36 0 9.1393e-36 0 1.53928e-35 0 2.51032e-35 0 4.06987e-35 0 6.39835e-35 0 1.00078e-34 0 1.5199e-34 0 2.3544e-34 0 3.45984e-34 0 5.18657e-34 0 7.56301e-34 0 1.07355e-33 0
5.25665 4.17511e-12 4.14968e-12 2.54294e-14 0.00609071 2.21678e-05 0 0 0 0 0 0 0 0 0 0 0 0 1.4013e-45 0 2.94273e-44 0 3.13891e-43 0 2.62463e-42 0 1.60715e-41 0 8.26794e-41 0 3.6252e-40 0 1.37187e-39 0 4.67998e-39 0 1.40368e-38 0 3.97253e-38 0 1.06419e-37 0 2.54974e-37 0 6.00181e-37 0 1.34948e-36 0 2.824e-36 0 5.67388e-36 0 1.12664e-35 0 2.09632e-35 0 3.86375e-35 0 6.87459e-35 0 1.21306e-34 0 2.07021e-34 0 3.4211e-34 0 5.61717e-34 0 8.94453e-34 0 1.41632e-33 0 2.178e-33 0 3.33306e-33 0 4.95974e-33 0 7.52046e-33 0 1.08457e-32 0 1.59403e-32 0 2.28199e-32 0 3.18431e-32 0
5.52648 3.80551e-12 3.78469e-12 2.08209e-14 0.00547126 2.00489e-05 0 0 0 0 0 0 0 0 0 0 7.00649e-45 0 1.80768e-43 0 2.75916e-42 0 2.67592e-41 0 2.01788e-40 0 1.13116e-39 0 5.37186e-39 0 2.19137e-38 0 7.77102e-38 0 2.49683e-37 0 7.09777e-37 0 1.90925e-36 0 4.87439e-36 0 1.1191e-35 0 2.52642e-35 0 5.46021e-35 0 1.10217e-34 0 2.14028e-34 0 4.10989e-34 0 7.41883e-34 0 1.32716e-33 0 2.29584e-33 0 3.94035e-33 0 6.5514e-33 0 1.05642e-32 0 1.69306e-32 0 2.63541e-32 0 4.08045e-32 0 6.14437e-32 0 9.20961e-32 0 1.34409e-31 0 1.99705e-31 0 2.82903e-31 0 4.08049e-31 0 5.74012e-31 0 7.88056e-31 0
5.81015 3.47336e-12 3.45631e-12 1.70496e-14 0.00490868 1.8115e-05 0 0 0 0 0 0 0 0 1.26117e-44 0 6.68419e-43 0 1.56189e-41 0 2.08387e-40 0 1.80897e-39 0 1.23598e-38 0 6.36925e-38 0 2.80321e-37 0 1.06767e-36 0 3.55923e-36 0 1.08023e-35 0 2.91808e-35 0 7.47923e-35 0 1.82406e-34 0 4.02131e-34 0 8.7244e-34 0 1.81593e-33 0 3.54197e-33 0 6.65876e-33 0 1.23857e-32 0 2.1722e-32 0 3.77707e-32 0 6.36142e-32 0 1.06339e-31 0 1.72469e-31 0 2.71695e-31 0 4.25518e-31 0 6.48202e-31 0 9.82428e-31 0 1.45008e-30 0 2.13095e-30 0 3.05313e-30 0 4.44947e-30 0 6.19688e-30 0 8.77973e-30 0 1.21466e-29 0 1.64199e-29 0
6.10839 3.17421e-12 3.16025e-12 1.39652e-14 0.0043996 1.63023e-05 0 0 0 0 0 0 7.00649e-45 0 1.21493e-42 0 5.329e-41 0 1.06738e-39 0 1.25487e-38 0 9.80242e-38 0 6.09771e-37 0 2.90052e-36 0 1.18747e-35 0 4.23688e-35 0 1.33179e-34 0 3.82874e-34 0 9.8529e-34 0 2.41194e-33 0 5.63177e-33 0 1.19457e-32 0 2.49549e-32 0 5.01158e-32 0 9.4614e-32 0 1.72472e-31 0 3.11233e-31 0 5.31073e-31 0 8.98832e-31 0 1.47579e-30 0 2.40585e-30 0 3.81095e-30 0 5.87174e-30 0 8.99685e-30 0 1.34264e-29 0 1.99403e-29 0 2.88779e-29 0 4.16472e-29 0 5.86317e-29 0 8.38899e-29 0 1.14961e-28 0 1.60129e-28 0 2.18052e-28 0 2.90459e-28 0
6.42193 2.89094e-12 2.87953e-12 1.14068e-14 0.0039457 1.48144e-05 0 0 0 0 0 0 7.16064e-43 0 9.21802e-41 0 3.36184e-39 0 5.817e-38 0 6.06346e-37 0 4.2842e-36 0 2.4375e-35 0 1.07445e-34 0 4.10623e-34 0 1.37688e-33 0 4.09261e-33 0 1.11745e-32 0 2.74596e-32 0 6.43449e-32 0 1.44149e-31 0 2.94736e-31 0 5.9396e-31 0 1.1529e-30 0 2.11007e-30 0 3.73533e-30 0 6.54906e-30 0 1.08872e-29 0 1.79591e-29 0 2.87817e-29 0 4.58139e-29 0 7.09593e-29 0 1.07048e-28 0 1.6064e-28 0 2.35088e-28 0 3.42466e-28 0 4.87079e-28 0 6.9001e-28 0 9.5532e-28 0 1.34317e-27 0 1.81255e-27 0 2.48419e-27 0 3.33217e-27 0 4.37695e-27 0
6.75157 2.66503e-12 2.65567e-12 9.35187e-15 0.00350911 1.32279e-05 0 0 0 0 5.88545e-44 0 5.54816e-41 0 5.63532e-39 0 1.72424e-37 0 2.5958e-36 0 2.41317e-35 0 1.54981e-34 0 8.10006e-34 0 3.32104e-33 0 1.18879e-32 0 3.75753e-32 0 1.05903e-31 0 2.7532e-31 0 6.475e-31 0 1.45547e-30 0 3.13471e-30 0 6.18946e-30 0 1.20537e-29 0 2.26511e-29 0 4.02513e-29 0 6.92949e-29 0 1.18208e-28 0 1.91693e-28 0 3.08575e-28 0 4.83272e-28 0 7.51998e-28 0 1.14012e-27 0 1.68578e-27 0 2.4801e-27 0 3.56265e-27 0 5.09546e-27 0 7.12354e-27 0 9.92125e-27 0 1.35195e-26 0 1.86947e-26 0 2.48613e-26 0 3.35532e-26 0 4.43659e-26 0 5.75057e-26 0
7.09813 2.44797e-12 2.44031e-12 7.65815e-15 0.00312837 1.18448e-05 0 0 0 0 5.09092e-42 0 3.40875e-39 0 2.763e-37 0 7.1536e-36 0 9.43405e-35 0 7.86572e-34 0 4.61311e-33 0 2.22402e-32 0 8.51148e-32 0 2.86282e-31 0 8.55442e-31 0 2.29205e-30 0 5.68718e-30 0 1.28282e-29 0 2.77175e-29 0 5.75018e-29 0 1.09827e-28 0 2.07035e-28 0 3.77258e-28 0 6.51835e-28 0 1.0928e-27 0 1.81619e-27 0 2.87654e-27 0 4.52407e-27 0 6.93183e-27 0 1.0556e-26 0 1.56822e-26 0 2.27491e-26 0 3.28433e-26 0 4.63523e-26 0 6.51468e-26 0 8.95986e-26 0 1.22786e-25 0 1.64809e-25 0 2.24319e-25 0 2.94188e-25 0 3.91272e-25 0 5.10354e-25 0 6.53179e-25 0
7.46248 2.25308e-12 2.24681e-12 6.27051e-15 0.00278309 1.05694e-05 0 0 2.8026e-45 0 3.46474e-40 0 1.68837e-37 0 1.10423e-35 0 2.43897e-34 0 2.83589e-33 0 2.13187e-32 0 1.14685e-31 0 5.12031e-31 0 1.83529e-30 0 5.81802e-30 0 1.64801e-29 0 4.2082e-29 0 9.98847e-29 0 2.16531e-28 0 4.50581e-28 0 9.0204e-28 0 1.6693e-27 0 3.05088e-27 0 5.39879e-27 0 9.08237e-27 0 1.48473e-26 0 2.4071e-26 0 3.72781e-26 0 5.73471e-26 0 8.60561e-26 0 1.28385e-25 0 1.87082e-25 0 2.66501e-25 0 3.77916e-25 0 5.24463e-25 0 7.24968e-25 0 9.81679e-25 0 1.32475e-24 0 1.75278e-24 0 2.35004e-24 0 3.04148e-24 0 3.98925e-24 0 5.13629e-24 0 6.49499e-24 0
7.84553 2.07746e-12 2.07232e-12 5.1345e-15 0.00247153 9.34187e-06 0 0 3.01279e-43 0 1.89119e-38 0 6.81246e-36 0 3.63288e-34 0 6.89878e-33 0 7.11595e-32 0 4.84765e-31 0 2.40215e-30 0 9.96928e-30 0 3.35741e-29 0 1.00603e-28 0 2.70843e-28 0 6.60657e-28 0 1.50331e-27 0 3.13808e-27 0 6.30055e-27 0 1.21931e-26 0 2.18963e-26 0 3.88575e-26 0 6.6872e-26 0 1.09678e-25 0 1.75043e-25 0 2.7717e-25 0 4.20176e-25 0 6.3293e-25 0 9.3115e-25 0 1.36229e-24 0 1.94896e-24 0 2.72878e-24 0 3.80416e-24 0 5.19552e-24 0 7.06917e-24 0 9.43173e-24 0 1.2543e-23 0 1.63703e-23 0 2.16365e-23 0 2.76521e-23 0 3.57917e-23 0 4.55179e-23 0 5.69029e-23 0
8.24824 1.91807e-12 1.91387e-12 4.20413e-15 0.00219185 8.19911e-06 0 0 2.28103e-41 0 8.36628e-37 0 2.26088e-34 0 9.92907e-33 0 1.63308e-31 0 1.5031e-30 0 9.32395e-30 0 4.27299e-29 0 1.65432e-28 0 5.25066e-28 0 1.49125e-27 0 3.82523e-27 0 8.93322e-27 0 1.95276e-26 0 3.9324e-26 0 7.6312e-26 0 1.42997e-25 0 2.49558e-25 0 4.30639e-25 0 7.21725e-25 0 1.15546e-24 0 1.80247e-24 0 2.79077e-24 0 4.1456e-24 0 6.12104e-24 0 8.83697e-24 0 1.26907e-23 0 1.78412e-23 0 2.45728e-23 0 3.37054e-23 0 4.53377e-23 0 6.07672e-23 0 7.99427e-23 0 1.04844e-22 0 1.35068e-22 0 1.76104e-22 0 2.22386e-22 0 2.84244e-22 0 3.57268e-22 0 4.41787e-22 0
8.67162 1.77524e-12 1.7718e-12 3.44253e-15 0.00193918 7.20916e-06 1.96182e-44 0 1.38194e-39 0 3.03409e-35 0 6.23803e-33 0 2.2776e-31 0 3.26739e-30 0 2.69846e-29 0 1.53119e-28 0 6.51453e-28 0 2.36085e-27 0 7.08227e-27 0 1.9115e-26 0 4.68283e-26 0 1.04924e-25 0 2.20766e-25 0 4.29633e-25 0 8.07188e-25 0 1.46688e-24 0 2.49132e-24 0 4.18604e-24 0 6.84088e-24 0 1.07033e-23 0 1.63381e-23 0 2.47621e-23 0 3.60795e-23 0 5.22679e-23 0 7.41185e-23 0 1.04576e-22 0 1.44594e-22 0 1.96061e-22 0 2.64811e-22 0 3.51084e-22 0 4.63884e-22 0 6.02148e-22 0 7.79324e-22 0 9.91644e-22 0 1.27628e-21 0 1.59345e-21 0 2.01242e-21 0 2.50134e-21 0 3.06118e-21 0
9.11674 1.64629e-12 1.64347e-12 2.81889e-15 0.00171227 6.32492e-06 1.63812e-42 0 6.75641e-38 0 9.10509e-34 0 1.44335e-31 0 4.42097e-30 0 5.56886e-29 0 4.14871e-28 0 2.16281e-27 0 8.5737e-27 0 2.91777e-26 0 8.29586e-26 0 2.1331e-25 0 5.00202e-25 0 1.07747e-24 0 2.1862e-24 0 4.11849e-24 0 7.50313e-24 0 1.32433e-23 0 2.1918e-23 0 3.59063e-23 0 5.72881e-23 0 8.76954e-23 0 1.31127e-22 0 1.94744e-22 0 2.78583e-22 0 3.96342e-22 0 5.52529e-22 0 7.6659e-22 0 1.0433e-21 0 1.39378e-21 0 1.85509e-21 0 2.42582e-21 0 3.16192e-21 0 4.0524e-21 0 5.17915e-21 0 6.5131e-21 0 8.27995e-21 0 1.02262e-20 0 1.27686e-20 0 1.57031e-20 0 1.90291e-20 0
9.5847 1.53038e-12 1.52807e-12 2.30816e-15 0.00150823 5.52644e-06 1.09771e-40 0 2.69528e-36 0 2.28323e-32 0 2.82631e-30 0 7.32499e-29 0 8.15335e-28 0 5.50682e-27 0 2.64847e-26 0 9.81613e-26 0 3.1467e-25 0 8.50174e-25 0 2.08753e-24 0 4.69564e-24 0 9.7428e-24 0 1.9097e-23 0 3.48807e-23 0 6.17121e-23 0 1.05944e-22 0 1.7108e-22 0 2.73591e-22 0 4.26668e-22 0 6.39696e-22 0 9.37907e-22 0 1.36629e-21 0 1.92062e-21 0 2.68585e-21 0 3.68403e-21 0 5.03023e-21 0 6.74371e-21 0 8.88265e-21 0 1.16587e-20 0 1.50473e-20 0 1.93611e-20 0 2.45149e-20 0 3.09581e-20 0 3.84985e-20 0 4.8372e-20 0 5.91294e-20 0 7.3034e-20 0 8.89163e-20 0 1.06744e-19 0
10.0767 1.42623e-12 1.42434e-12 1.89021e-15 0.00132532 4.78203e-06 5.91281e-39 0 8.86269e-35 0 4.82762e-31 0 4.72314e-29 0 1.04424e-27 0 1.03332e-26 0 6.35765e-26 0 2.83196e-25 0 9.84588e-25 0 2.98173e-24 0 7.67444e-24 0 1.80353e-23 0 3.89939e-23 0 7.80745e-23 0 1.48088e-22 0 2.62643e-22 0 4.51912e-22 0 7.55616e-22 0 1.19196e-21 0 1.86298e-21 0 2.84299e-21 0 4.17899e-21 0 6.01373e-21 0 8.60103e-21 0 1.18913e-20 0 1.6359e-20 0 2.20952e-20 0 2.97138e-20 0 3.92693e-20 0 5.10335e-20 0 6.60993e-20 0 8.42547e-20 0 1.07083e-19 0 1.34035e-19 0 1.67345e-19 0 2.05902e-19 0 2.55841e-19 0 3.09686e-19 0 3.78587e-19 0 4.56509e-19 0 5.43168e-19 0
10.5939 1.33305e-12 1.3315e-12 1.54735e-15 0.00116076 4.06995e-06 2.5884e-37 0 2.42619e-33 0 8.68316e-30 0 6.79191e-28 0 1.29096e-26 0 1.14221e-25 0 6.43107e-25 0 2.66316e-24 0 8.71251e-24 0 2.49955e-23 0 6.14319e-23 0 1.38469e-22 0 2.88322e-22 0 5.58044e-22 0 1.0259e-21 0 1.7693e-21 0 2.96472e-21 0 4.83426e-21 0 7.45805e-21 0 1.14052e-20 0 1.70493e-20 0 2.45944e-20 0 3.47688e-20 0 4.88663e-20 0 6.64996e-20 0 9.00708e-20 0 1.19881e-19 0 1.58902e-19 0 2.07163e-19 0 2.65802e-19 0 3.3995e-19 0 4.28219e-19 0 5.3791e-19 0 6.65956e-19 0 8.22498e-19 0 1.00181e-18 0 1.23166e-18 0 1.47704e-18 0 1.78804e-18 0 2.13644e-18 0 2.52053e-18 0
11.1377 1.25476e-12 1.2535e-12 1.26539e-15 0.00100847 3.40803e-06 9.34227e-36 0 5.60302e-32 0 1.34483e-28 0 8.50241e-27 0 1.39966e-25 0 1.11334e-24 0 5.76128e-24 0 2.22589e-23 0 6.87254e-23 0 1.87279e-22 0 4.40507e-22 0 9.54287e-22 0 1.91713e-21 0 3.59286e-21 0 6.41161e-21 0 1.07673e-20 0 1.75931e-20 0 2.80106e-20 0 4.23081e-20 0 6.33717e-20 0 9.2891e-20 0 1.31623e-19 0 1.82956e-19 0 2.529e-19 0 3.3902e-19 0 4.52436e-19 0 5.93829e-19 0 7.76364e-19 0 9.99136e-19 0 1.26644e-18 0 1.60039e-18 0 1.99334e-18 0 2.47622e-18 0 3.03387e-18 0 3.7086e-18 0 4.47383e-18 0 5.44508e-18 0 6.47222e-18 0 7.76221e-18 0 9.19445e-18 0 1.07602e-17 0
11.7094 1.13969e-12 1.13864e-12 1.04634e-15 0.000918092 2.82232e-06 2.68985e-34 0 1.05497e-30 0 1.73161e-27 0 8.94126e-26 0 1.28376e-24 0 9.22823e-24 0 4.40713e-23 0 1.59398e-22 0 4.6579e-22 0 1.20866e-21 0 2.72668e-21 0 5.68811e-21 0 1.10446e-20 0 2.00733e-20 0 3.48229e-20 0 5.7018e-20 0 9.09571e-20 0 1.41565e-19 0 2.09562e-19 0 3.07763e-19 0 4.42778e-19 0 6.16815e-19 0 8.43697e-19 0 1.14795e-18 0 1.517e-18 0 1.99618e-18 0 2.58545e-18 0 3.33624e-18 0 4.24099e-18 0 5.31375e-18 0 6.63863e-18 0 8.18048e-18 0 1.00551e-17 0 1.2198e-17 0 1.47653e-17 0 1.76496e-17 0 2.12762e-17 0 2.50772e-17 0 2.98097e-17 0 3.50193e-17 0 4.06694e-17 0
12.3105 1.08958e-12 1.08873e-12 8.52057e-16 0.000782005 2.20615e-06 6.80272e-33 0 1.78134e-29 0 2.03693e-26 0 8.67543e-25 0 1.09366e-23 0 7.13992e-23 0 3.1592e-22 0 1.07311e-21 0 2.97587e-21 0 7.37073e-21 0 1.59804e-20 0 3.21611e-20 0 6.04562e-20 0 1.06719e-19 0 1.80222e-19 0 2.88071e-19 0 4.49181e-19 0 6.84163e-19 0 9.93572e-19 0 1.43204e-18 0 2.02401e-18 0 2.77429e-18 0 3.73716e-18 0 5.00898e-18 0 6.52981e-18 0 8.478e-18 0 1.08429e-17 0 1.38185e-17 0 1.73614e-17 0 2.15147e-17 0 2.65884e-17 0 3.24313e-17 0 3.94637e-17 0 4.74245e-17 0 5.68732e-17 0 6.73931e-17 0 8.05031e-17 0 9.41265e-17 0 1.10949e-16 0 1.29318e-16 0 1.4909e-16 0
12.9424 1.02829e-12 1.0276e-12 6.97461e-16 0.00067827 1.60871e-06 1.42973e-31 0 2.54938e-28 0 2.06703e-25 0 7.33015e-24 0 8.16527e-23 0 4.86404e-22 0 2.00146e-21 0 6.40448e-21 0 1.68977e-20 0 4.00398e-20 0 8.35911e-20 0 1.62582e-19 0 2.96347e-19 0 5.08806e-19 0 8.37542e-19 0 1.30844e-18 0 1.99644e-18 0 2.97901e-18 0 4.24816e-18 0 6.01457e-18 0 8.35845e-18 0 1.12818e-17 0 1.49779e-17 0 1.97902e-17 0 2.5467e-17 0 3.26463e-17 0 4.12545e-17 0 5.19569e-17 0 6.45545e-17 0 7.91645e-17 0 9.68273e-17 0 1.16965e-16 0 1.40971e-16 0 1.67895e-16 0 1.99568e-16 0 2.34531e-16 0 2.77733e-16 0 3.22264e-16 0 3.76823e-16 0 4.35937e-16 0 4.99109e-16 0
13.6067 9.71497e-13 9.70925e-13 5.71317e-16 0.000588079 1.1081e-06 2.55374e-30 0 3.15953e-27 0 1.84718e-24 0 5.50314e-23 0 5.44949e-22 0 2.97538e-21 0 1.14261e-20 0 3.45439e-20 0 8.69247e-20 0 1.97476e-19 0 3.97719e-19 0 7.4883e-19 0 1.3255e-18 0 2.21652e-18 0 3.56088e-18 0 5.44308e-18 0 8.13557e-18 0 1.19047e-17 0 1.66848e-17 0 2.32248e-17 0 3.17611e-17 0 4.22464e-17 0 5.53163e-17 0 7.21012e-17 0 9.16483e-17 0 1.16069e-16 0 1.45007e-16 0 1.8058e-16 0 2.21998e-16 0 2.69543e-16 0 3.26456e-16 0 3.90731e-16 0 4.6665e-16 0 5.51054e-16 0 6.49504e-16 0 7.57301e-16 0 8.89429e-16 0 1.02457e-15 0 1.18892e-15 0 1.36568e-15 0 1.55328e-15 0
14.3051 9.19498e-13 9.1903e-13 4.67995e-16 0.000508968 6.74396e-07 3.91063e-29 0 3.41748e-26 0 1.46388e-23 0 3.69516e-22 0 3.27161e-21 0 1.64421e-20 0 5.91263e-20 0 1.69354e-19 0 4.07381e-19 0 8.89145e-19 0 1.73057e-18 0 3.15921e-18 0 5.43836e-18 0 8.86862e-18 0 1.39216e-17 0 2.0844e-17 0 3.05493e-17 0 4.38792e-17 0 6.04929e-17 0 8.28558e-17 0 1.11591e-16 0 1.46378e-16 0 1.89157e-16 0 2.43384e-16 0 3.05765e-16 0 3.82797e-16 0 4.73067e-16 0 5.82845e-16 0 7.09339e-16 0 8.53134e-16 0 1.02365e-15 0 1.21449e-15 0 1.43795e-15 0 1.6843e-15 0 1.96935e-15 0 2.27905e-15 0 2.65574e-15 0 3.03821e-15 0 3.50004e-15 0 3.99328e-15 0 4.51339e-15 0
15.0394 8.72007e-13 8.71624e-13 3.83372e-16 0.000439643 2.84373e-07 5.17417e-28 0 3.24852e-25 0 1.03512e-22 0 2.23182e-21 0 1.77642e-20 0 8.25099e-20 0 2.78736e-19 0 7.58394e-19 0 1.74778e-18 0 3.67206e-18 0 6.91838e-18 0 1.2264e-17 0 2.05591e-17 0 3.27358e-17 0 5.02685e-17 0 7.37951e-17 0 1.06156e-16 0 1.49804e-16 0 2.03311e-16 0 2.74226e-16 0 3.64e-16 0 4.71187e-16 0 6.01318e-16 0 7.6424e-16 0 9.49482e-16 0 1.17572e-15 0 1.43803e-15 0 1.75377e-15 0 2.11402e-15 0 2.51976e-15 0 2.99661e-15 0 3.52572e-15 0 4.14014e-15 0 4.81215e-15 0 5.58375e-15 0 6.41593e-15 0 7.42077e-15 0 8.43389e-15 0 9.64901e-15 0 1.09382e-14 0 1.22891e-14 0
15.8114 8.28683e-13 8.28368e-13 3.14131e-16 0.000379073 -8.11128e-08 5.95854e-27 0 2.73139e-24 0 6.56848e-22 0 1.21905e-20 0 8.76844e-20 0 3.77849e-19 0 1.2028e-18 0 3.11652e-18 0 6.8954e-18 0 1.39714e-17 0 2.55214e-17 0 4.39939e-17 0 7.19134e-17 0 1.11935e-16 0 1.68323e-16 0 2.42513e-16 0 3.4272e-16 0 4.75572e-16 0 6.35884e-16 0 8.45243e-16 0 1.10655e-15 0 1.41445e-15 0 1.78373e-15 0 2.24063e-15 0 2.75439e-15 0 3.37529e-15 0 4.08794e-15 0 4.93743e-15 0 5.8976e-15 0 6.96951e-15 0 8.21861e-15 0 9.5933e-15 0 1.11771e-14 0 1.28963e-14 0 1.48559e-14 0 1.69545e-14 0 1.94711e-14 0 2.19915e-14 0 2.49951e-14 0 2.81617e-14 0 3.14605e-14 0
16.623 7.8904e-13 7.88783e-13 2.57403e-16 0.000326222 -4.4917e-07 6.01277e-26 0 2.04355e-23 0 3.76022e-21 0 6.05108e-20 0 3.95273e-19 0 1.58606e-18 0 4.77135e-18 0 1.18014e-17 0 2.51178e-17 0 4.91687e-17 0 8.72122e-17 0 1.46393e-16 0 2.33624e-16 0 3.5587e-16 0 5.24588e-16 0 7.42449e-16 0 1.03166e-15 0 1.40886e-15 0 1.85725e-15 0 2.43466e-15 0 3.14568e-15 0 3.97309e-15 0 4.95393e-15 0 6.15398e-15 0 7.48917e-15 0 9.08675e-15 0 1.09029e-14 0 1.30477e-14 0 1.54504e-14 0 1.81103e-14 0 2.11849e-14 0 2.45424e-14 0 2.83817e-14 0 3.25191e-14 0 3.72026e-14 0 4.21851e-14 0 4.81203e-14 0 5.40273e-14 0 6.10238e-14 0 6.83553e-14 0 7.59506e-14 0
17.4762 7.52733e-13 7.52522e-13 2.10986e-16 0.000280294 -8.02956e-07 5.3515e-25 0 1.36835e-22 0 1.95186e-20 0 2.74256e-19 0 1.63465e-18 0 6.12895e-18 0 1.74725e-17 0 4.13468e-17 0 8.48157e-17 0 1.60672e-16 0 2.77126e-16 0 4.53563e-16 0 7.07496e-16 0 1.05578e-15 0 1.52712e-15 0 2.12499e-15 0 2.90571e-15 0 3.90818e-15 0 5.08297e-15 0 6.57577e-15 0 8.39052e-15 0 1.04773e-14 0 1.29239e-14 0 1.58855e-14 0 1.91476e-14 0 2.30139e-14 0 2.7369e-14 0 3.24671e-14 0 3.813e-14 0 4.4349e-14 0 5.14824e-14 0 5.92148e-14 0 6.79938e-14 0 7.739e-14 0 8.79562e-14 0 9.91259e-14 0 1.12348e-13 0 1.25428e-13 0 1.40831e-13 0 1.5688e-13 0 1.73417e-13 0
18.3733 7.19324e-13 7.19151e-13 1.72939e-16 0.000240418 -1.13801e-06 4.22633e-24 0 8.24385e-22 0 9.22997e-20 0 1.13991e-18 0 6.22716e-18 0 2.18891e-17 0 5.929e-17 0 1.34526e-16 0 2.66443e-16 0 4.8924e-16 0 8.21675e-16 0 1.31285e-15 0 2.00388e-15 0 2.93248e-15 0 4.16589e-15 0 5.70407e-15 0 7.6815e-15 0 1.01832e-14 0 1.30754e-14 0 1.67041e-14 0 2.10619e-14 0 2.60166e-14 0 3.17646e-14 0 3.86523e-14 0 4.61667e-14 0 5.49925e-14 0 6.48481e-14 0 7.62887e-14 0 8.88943e-14 0 1.02633e-13 0 1.18277e-13 0 1.35115e-13 0 1.54103e-13 0 1.74294e-13 0 1.96857e-13 0 2.20565e-13 0 2.48462e-13 0 2.75901e-13 0 3.08036e-13 0 3.41335e-13 0 3.75474e-13 0
19.3164 6.88564e-13 6.88422e-13 1.41786e-16 0.000205915 -1.47999e-06 2.97914e-23 0 4.49204e-21 0 3.99456e-19 0 4.36357e-18 0 2.1941e-17 0 7.25334e-17 0 1.87139e-16 0 4.07957e-16 0 7.81489e-16 0 1.39301e-15 0 2.28107e-15 0 3.56218e-15 0 5.32609e-15 0 7.65061e-15 0 1.06838e-14 0 1.44059e-14 0 1.91201e-14 0 2.50005e-14 0 3.17116e-14 0 4.00307e-14 0 4.99061e-14 0 6.10135e-14 0 7.37712e-14 0 8.89113e-14 0 1.05279e-13 0 1.2434e-13 0 1.45448e-13 0 1.69756e-13 0 1.96334e-13 0 2.25093e-13 0 2.57613e-13 0 2.92381e-13 0 3.31336e-13 0 3.72502e-13 0 4.1823e-13 0 4.66004e-13 0 5.21901e-13 0 5.76581e-13 0 6.40284e-13 0 7.05952e-13 0 7.72953e-13 0
20.3079 6.60113e-13 6.59997e-13 1.16251e-16 0.000176107 -1.86705e-06 1.88464e-22 0 2.22447e-20 0 1.58889e-18 0 1.54443e-17 0 7.17688e-17 0 2.23802e-16 0 5.51306e-16 0 1.15696e-15 0 2.14706e-15 0 3.72066e-15 0 5.94767e-15 0 9.08809e-15 0 1.3324e-14 0 1.88037e-14 0 2.5834e-14 0 3.43295e-14 0 4.49381e-14 0 5.79948e-14 0 7.27136e-14 0 9.07511e-14 0 1.11927e-13 0 1.35503e-13 0 1.62324e-13 0 1.93863e-13 0 2.27666e-13 0 2.66708e-13 0 3.09606e-13 0 3.58632e-13 0 4.11848e-13 0 4.69034e-13 0 5.33271e-13 0 6.01513e-13 0 6.77505e-13 0 7.57338e-13 0 8.45514e-13 0 9.37134e-13 0 1.04375e-12 0 1.14751e-12 0 1.26779e-12 0 1.39117e-12 0 1.51648e-12 0
21.3503 6.33701e-13 6.33606e-13 9.53273e-17 0.000150429 -2.15061e-06 1.07558e-21 0 1.00572e-19 0 5.83217e-18 0 5.07321e-17 0 2.18714e-16 0 6.45194e-16 0 1.52091e-15 0 3.0783e-15 0 5.54276e-15 0 9.35069e-15 0 1.46091e-14 0 2.18655e-14 0 3.14637e-14 0 4.3663e-14 0 5.90645e-14 0 7.74059e-14 0 1.00003e-13 0 1.27461e-13 0 1.58055e-13 0 1.95139e-13 0 2.38222e-13 0 2.8572e-13 0 3.3927e-13 0 4.01692e-13 0 4.68046e-13 0 5.44089e-13 0 6.27019e-13 0 7.21115e-13 0 8.22542e-13 0 9.30827e-13 0 1.0517e-12 0 1.17933e-12 0 1.32062e-12 0 1.46823e-12 0 1.63039e-12 0 1.798e-12 0 1.99205e-12 0 2.17997e-12 0 2.39678e-12 0 2.61813e-12 0 2.84196e-12 0
22.4463 6.09066e-13 6.08988e-13 7.81746e-17 0.000128352 -2.37695e-06 5.56502e-21 0 4.16942e-19 0 1.98305e-17 0 1.5521e-16 0 6.2306e-16 0 1.74343e-15 0 3.94126e-15 0 7.70714e-15 0 1.34846e-14 0 2.21751e-14 0 3.38988e-14 0 4.97474e-14 0 7.0324e-14 0 9.60418e-14 0 1.28017e-13 0 1.65569e-13 0 2.11245e-13 0 2.66077e-13 0 3.26495e-13 0 3.98974e-13 0 4.82338e-13 0 5.73397e-13 0 6.75177e-13 0 7.92837e-13 0 9.16933e-13 0 1.0581e-12 0 1.21096e-12 0 1.38321e-12 0 1.56766e-12 0 1.76336e-12 0 1.98049e-12 0 2.20845e-12 0 2.45942e-12 0 2.72021e-12 0 3.00522e-12 0 3.29838e-12 0 3.63613e-12 0 3.96167e-12 0 4.33554e-12 0 4.71557e-12 0 5.09825e-12 0
23.5984 5.86005e-13 5.85941e-13 6.41272e-17 0.000109431 -2.58374e-06 2.62268e-20 0 1.59158e-18 0 6.26898e-17 0 4.43765e-16 0 1.66454e-15 0 4.42945e-15 0 9.62243e-15 0 1.82105e-14 0 3.10031e-14 0 4.97607e-14 0 7.45086e-14 0 1.07315e-13 0 1.4916e-13 0 2.00632e-13 0 2.63701e-13 0 3.36799e-13 0 4.24631e-13 0 5.28859e-13 0 6.42495e-13 0 7.77476e-13 0 9.3126e-13 0 1.09776e-12 0 1.28235e-12 0 1.49405e-12 0 1.71568e-12 0 1.96602e-12 0 2.23527e-12 0 2.5367e-12 0 2.85744e-12 0 3.19574e-12 0 3.56897e-12 0 3.95865e-12 0 4.38541e-12 0 4.82661e-12 0 5.30645e-12 0 5.79769e-12 0 6.361e-12 0 6.90155e-12 0 7.51969e-12 0 8.14533e-12 0 8.77287e-12 0
24.8097 5.64306e-13 5.64253e-13 5.26158e-17 9.32398e-05 -2.86643e-06 1.13084e-19 0 5.616e-18 0 1.84886e-16 0 1.18949e-15 0 4.18283e-15 0 1.06114e-14 0 2.21952e-14 0 4.07165e-14 0 6.75414e-14 0 1.0593e-13 0 1.55517e-13 0 2.20037e-13 0 3.00959e-13 0 3.98996e-13 0 5.1747e-13 0 6.53065e-13 0 8.1411e-13 0 1.00313e-12 0 1.20715e-12 0 1.44722e-12 0 1.71826e-12 0 2.00927e-12 0 2.32939e-12 0 2.69377e-12 0 3.07255e-12 0 3.49755e-12 0 3.9517e-12 0 4.45697e-12 0 4.99142e-12 0 5.55195e-12 0 6.167e-12 0 6.80585e-12 0 7.50195e-12 0 8.21813e-12 0 8.99343e-12 0 9.7836e-12 0 1.06857e-11 0 1.15477e-11 0 1.25294e-11 0 1.3519e-11 0 1.45078e-11 0
26.0832 5.43757e-13 5.43714e-13 4.31688e-17 7.93899e-05 -3.05466e-06 4.47962e-19 0 1.83848e-17 0 5.10325e-16 0 2.99801e-15 0 9.91466e-15 0 2.40349e-14 0 4.8493e-14 0 8.63625e-14 0 1.39764e-13 0 2.14437e-13 0 3.08971e-13 0 4.29809e-13 0 5.78958e-13 0 7.57059e-13 0 9.69467e-13 0 1.20968e-12 0 1.49184e-12 0 1.81957e-12 0 2.16993e-12 0 2.57854e-12 0 3.03592e-12 0 3.52308e-12 0 4.05499e-12 0 4.65616e-12 0 5.27686e-12 0 5.96889e-12 0 6.70386e-12 0 7.51675e-12 0 8.37168e-12 0 9.26356e-12 0 1.02371e-11 0 1.12434e-11 0 1.23346e-11 0 1.34521e-11 0 1.46565e-11 0 1.58788e-11 0 1.72684e-11 0 1.85908e-11 0 2.00911e-11 0 2.15976e-11 0 2.30976e-11 0
27.4221 5.24211e-13 5.24176e-13 3.54308e-17 6.75889e-05 -3.20272e-06 1.63685e-18 0 5.60356e-17 0 1.32245e-15 0 7.12558e-15 0 2.22282e-14 0 5.1605e-14 0 1.00611e-13 0 1.74203e-13 0 2.75369e-13 0 4.13757e-13 0 5.85624e-13 0 8.01635e-13 0 1.06422e-12 0 1.37349e-12 0 1.73775e-12 0 2.14501e-12 0 2.6184e-12 0 3.1628e-12 0 3.73952e-12 0 4.40641e-12 0 5.14682e-12 0 5.92946e-12 0 6.778e-12 0 7.73051e-12 0 8.70768e-12 0 9.79055e-12 0 1.09339e-11 0 1.21914e-11 0 1.35068e-11 0 1.48721e-11 0 1.63551e-11 0 1.78806e-11 0 1.95275e-11 0 2.12067e-11 0 2.30089e-11 0 2.48305e-11 0 2.68931e-11 0 2.88484e-11 0 3.10586e-11 0 3.32698e-11 0 3.54641e-11 0
28.8297 5.05498e-13 5.05469e-13 2.90823e-17 5.75319e-05 -3.26258e-06 5.53769e-18 0 1.59538e-16 0 3.22663e-15 0 1.60132e-14 0 4.7254e-14 0 1.05285e-13 0 1.98685e-13 0 3.34914e-13 0 5.17708e-13 0 7.62572e-13 0 1.06118e-12 0 1.4305e-12 0 1.87299e-12 0 2.38738e-12 0 2.98603e-12 0 3.64814e-12 0 4.41012e-12 0 5.27814e-12 0 6.18975e-12 0 7.2354e-12 0 8.38732e-12 0 9.59616e-12 0 1.0898e-11 0 1.235e-11 0 1.38305e-11 0 1.54617e-11 0 1.71745e-11 0 1.90482e-11 0 2.09981e-11 0 2.30121e-11 0 2.51897e-11 0 2.74196e-11 0 2.98165e-11 0 3.22503e-11 0 3.48519e-11 0 3.74714e-11 0 4.04263e-11 0 4.32173e-11 0 4.63608e-11 0 4.94951e-11 0 5.25952e-11 0
30.3095 4.87482e-13 4.87458e-13 2.38755e-17 4.89771e-05 -3.28645e-06 1.74081e-17 0 4.25625e-16 0 7.43281e-15 0 3.41125e-14 0 9.54836e-14 0 2.04583e-13 0 3.74285e-13 0 6.15034e-13 0 9.30712e-13 0 1.34524e-12 0 1.84205e-12 0 2.44719e-12 0 3.16228e-12 0 3.98328e-12 0 4.92798e-12 0 5.96211e-12 0 7.14096e-12 0 8.47183e-12 0 9.85806e-12 0 1.14359e-11 0 1.31613e-11 0 1.49596e-11 0 1.68839e-11 0 1.90168e-11 0 2.11791e-11 0 2.35485e-11 0 2.60233e-11 0 2.87169e-11 0 3.15062e-11 0 3.43741e-11 0 3.74611e-11 0 4.06088e-11 0 4.39783e-11 0 4.73863e-11 0 5.10153e-11 0 5.4656e-11 0 5.87478e-11 0 6.25994e-11 0 6.69229e-11 0 7.12194e-11 0 7.54561e-11 0
31.8653 4.70063e-13 4.70043e-13 1.96043e-17 4.17057e-05 -3.23407e-06 5.10235e-17 0 1.06725e-15 0 1.62086e-14 0 6.90551e-14 0 1.83817e-13 0 3.79463e-13 0 6.74052e-13 0 1.08108e-12 0 1.60321e-12 0 2.27596e-12 0 3.06903e-12 0 4.0211e-12 0 5.13147e-12 0 6.39129e-12 0 7.82534e-12 0 9.37984e-12 0 1.11359e-11 0 1.31016e-11 0 1.5133e-11 0 1.74283e-11 0 1.99207e-11 0 2.25013e-11 0 2.52461e-11 0 2.82709e-11 0 3.13203e-11 0 3.46443e-11 0 3.80989e-11 0 4.18407e-11 0 4.56975e-11 0 4.96455e-11 0 5.38773e-11 0 5.81749e-11 0 6.27572e-11 0 6.73743e-11 0 7.22733e-11 0 7.71709e-11 0 8.26565e-11 0 8.78028e-11 0 9.35615e-11 0 9.92663e-11 0 1.04875e-10 0
33.5009 4.53117e-13 4.53101e-13 1.61005e-17 3.55328e-05 -3.17253e-06 1.39883e-16 0 2.52225e-15 0 3.35416e-14 0 1.33138e-13 0 3.37857e-13 0 6.73205e-13 0 1.16276e-12 0 1.82237e-12 0 2.65103e-12 0 3.69962e-12 0 4.91648e-12 0 6.35726e-12 0 8.01671e-12 0 9.87842e-12 0 1.1976e-11 0 1.42285e-11 0 1.67515e-11 0 1.95525e-11 0 2.24257e-11 0 2.56498e-11 0 2.91272e-11 0 3.27054e-11 0 3.64893e-11 0 4.0636e-11 0 4.47945e-11 0 4.93052e-11 0 5.39707e-11 0 5.90008e-11 0 6.41627e-11 0 6.94245e-11 0 7.50419e-11 0 8.07247e-11 0 8.67614e-11 0 9.28224e-11 0 9.92311e-11 0 1.05617e-10 0 1.12746e-10 0 1.19413e-10 0 1.26851e-10 0 1.34197e-10 0 1.414e-10 0
35.2205 4.36554e-13 4.36541e-13 1.32254e-17 3.02949e-05 -2.99477e-06 3.59802e-16 0 5.63329e-15 0 6.60221e-14 0 2.45006e-13 0 5.94102e-13 0 1.14461e-12 0 1.92491e-12 0 2.95142e-12 0 4.21561e-12 0 5.78811e-12 0 7.58585e-12 0 9.68657e-12 0 1.20775e-11 0 1.47313e-11 0 1.76922e-11 0 2.08438e-11 0 2.43449e-11 0 2.8202e-11 0 3.21305e-11 0 3.65096e-11 0 4.12027e-11 0 4.60034e-11 0 5.10522e-11 0 5.65558e-11 0 6.20477e-11 0 6.79766e-11 0 7.40812e-11 0 8.0634e-11 0 8.73302e-11 0 9.4129e-11 0 1.0136e-10 0 1.08647e-10 0 1.16362e-10 0 1.24081e-10 0 1.32216e-10 0 1.40297e-10 0 1.4929e-10 0 1.57675e-10 0 1.67003e-10 0 1.7619e-10 0 1.85173e-10 0
37.0284 4.20293e-13 4.20282e-13 1.0865e-17 2.5851e-05 -2.81568e-06 8.708e-16 0 1.19203e-14 0 1.23887e-13 0 4.31228e-13 0 1.00141e-12 0 1.86854e-12 0 3.0636e-12 0 4.60034e-12 0 6.45744e-12 0 8.73002e-12 0 1.12914e-11 0 1.42472e-11 0 1.75736e-11 0 2.12282e-11 0 2.52679e-11 0 2.95317e-11 0 3.42317e-11 0 3.93714e-11 0 4.45711e-11 0 5.03308e-11 0 5.64662e-11 0 6.2707e-11 0 6.92362e-11 0 7.63176e-11 0 8.33505e-11 0 9.09091e-11 0 9.8658e-11 0 1.06941e-10 0 1.15372e-10 0 1.239e-10 0 1.32936e-10 0 1.42012e-10 0 1.51587e-10 0 1.61137e-10 0 1.7117e-10 0 1.81106e-10 0 1.92132e-10 0 2.02383e-10 0 2.13755e-10 0 2.24925e-10 0 2.3582e-10 0
38.9291 4.04289e-13 4.0428e-13 8.92797e-18 2.20831e-05 -2.57283e-06 1.98859e-15 0 2.3957e-14 0 2.2209e-13 0 7.27384e-13 0 1.62107e-12 0 2.93405e-12 0 4.69585e-12 0 6.91277e-12 0 9.54403e-12 0 1.27143e-11 0 1.62394e-11 0 2.02592e-11 0 2.47346e-11 0 2.9604e-11 0 3.49392e-11 0 4.05253e-11 0 4.66374e-11 0 5.32748e-11 0 5.99465e-11 0 6.72926e-11 0 7.50729e-11 0 8.29446e-11 0 9.11392e-11 0 9.99845e-11 0 1.0873e-10 0 1.18088e-10 0 1.27643e-10 0 1.37816e-10 0 1.48131e-10 0 1.58528e-10 0 1.69506e-10 0 1.80496e-10 0 1.92053e-10 0 2.03545e-10 0 2.15582e-10 0 2.27469e-10 0 2.40622e-10 0 2.52818e-10 0 2.66312e-10 0 2.79533e-10 0 2.92397e-10 0
40.9273 3.88474e-13 3.88467e-13 7.33714e-18 1.88871e-05 -2.31134e-06 4.29599e-15 0 4.58329e-14 0 3.81115e-13 0 1.17797e-12 0 2.52453e-12 0 4.4388e-12 0 6.9429e-12 0 1.00295e-11 0 1.36308e-11 0 1.79061e-11 0 2.2599e-11 0 2.78902e-11 0 3.37211e-11 0 4.00071e-11 0 4.68368e-11 0 5.39331e-11 0 6.16432e-11 0 6.99603e-11 0 7.82694e-11 0 8.73665e-11 0 9.69486e-11 0 1.06594e-10 0 1.16588e-10 0 1.27326e-10 0 1.37897e-10 0 1.49163e-10 0 1.60621e-10 0 1.72775e-10 0 1.85054e-10 0 1.97387e-10 0 2.10368e-10 0 2.23322e-10 0 2.36902e-10 0 2.50366e-10 0 2.6443e-10 0 2.7828e-10 0 2.93565e-10 0 3.07701e-10 0 3.23303e-10 0 3.38552e-10 0 3.53355e-10 0
43.0281 3.72812e-13 3.72806e-13 6.03033e-18 1.61752e-05 -1.96729e-06 8.80144e-15 0 8.36509e-14 0 6.27246e-13 0 1.8348e-12 0 3.78854e-12 0 6.48024e-12 0 9.91701e-12 0 1.40709e-11 0 1.88389e-11 0 2.44204e-11 0 3.04723e-11 0 3.72227e-11 0 4.45895e-11 0 5.2462e-11 0 6.09471e-11 0 6.96997e-11 0 7.91458e-11 0 8.92711e-11 0 9.93282e-11 0 1.10279e-10 0 1.21754e-10 0 1.33249e-10 0 1.45106e-10 0 1.57791e-10 0 1.70227e-10 0 1.83431e-10 0 1.96809e-10 0 2.1095e-10 0 2.25185e-10 0 2.39438e-10 0 2.54392e-10 0 2.69271e-10 0 2.84824e-10 0 3.00201e-10 0 3.16219e-10 0 3.31955e-10 0 3.49275e-10 0 3.65255e-10 0 3.82851e-10 0 4.00008e-10 0 4.16628e-10 0
45.2368 3.57284e-13 3.57279e-13 4.95715e-18 1.38746e-05 -1.58386e-06 1.71416e-14 0 1.45956e-13 0 9.91904e-13 0 2.75335e-12 0 5.48746e-12 0 9.14343e-12 0 1.37049e-11 0 1.91161e-11 0 2.52318e-11 0 3.22955e-11 0 3.98658e-11 0 4.82238e-11 0 5.72608e-11 0 6.68379e-11 0 7.7082e-11 0 8.75763e-11 0 9.88301e-11 0 1.10821e-10 0 1.22665e-10 0 1.35495e-10 0 1.48873e-10 0 1.62213e-10 0 1.75914e-10 0 1.90511e-10 0 2.04767e-10 0 2.19847e-10 0 2.35072e-10 0 2.5111e-10 0 2.67204e-10 0 2.83266e-10 0 3.0007e-10 0 3.16741e-10 0 3.3412e-10 0 3.51255e-10 0 3.69062e-10 0 3.8651e-10 0 4.0567e-10 0 4.23305e-10 0 4.42681e-10 0 4.61531e-10 0 4.79755e-10 0
47.5588 3.41881e-13 3.41877e-13 4.0755e-18 1.19208e-05 -9.5563e-07 3.18085e-14 0 2.43949e-13 0 1.50978e-12 0 3.98711e-12 0 7.68324e-12 0 1.2487e-11 0 1.83503e-11 0 2.51832e-11 0 3.27925e-11 0 4.14701e-11 0 5.06676e-11 0 6.07234e-11 0 7.15009e-11 0 8.2832e-11 0 9.4865e-11 0 1.07111e-10 0 1.20164e-10 0 1.33992e-10 0 1.4758e-10 0 1.62227e-10 0 1.77428e-10 0 1.92518e-10 0 2.07954e-10 0 2.24336e-10 0 2.40276e-10 0 2.57079e-10 0 2.73987e-10 0 2.91739e-10 0 3.09497e-10 0 3.2717e-10 0 3.45606e-10 0 3.63845e-10 0 3.82811e-10 0 4.01464e-10 0 4.208e-10 0 4.39703e-10 0 4.60413e-10 0 4.79433e-10 0 5.00286e-10 0 5.2053e-10 0 5.40063e-10 0
50 3.26588e-13 3.26584e-13 3.35074e-18 1.02598e-05 -3.42364e-07 5.6357e-14 0 3.91298e-13 0 2.2155e-12 0 5.57989e-12 0 1.04137e-11 0 1.6528e-11 0 2.38366e-11 0 3.22108e-11 0 4.14064e-11 0 5.17669e-11 0 6.26327e-11 0 7.44029e-11 0 8.69126e-11 0 9.9966e-11 0 1.13733e-10 0 1.27656e-10 0 1.42412e-10 0 1.57958e-10 0 1.73158e-10 0 1.89468e-10 0 2.06318e-10 0 2.22976e-10 0 2.3995e-10 0 2.57898e-10 0 2.75299e-10 0 2.93582e-10 0 3.11921e-10 0 3.31116e-10 0 3.50261e-10 0 3.69261e-10 0 3.89028e-10 0 4.08535e-10 0 4.28767e-10 0 4.48618e-10 0 4.69149e-10 0 4.89177e-10 0 5.11069e-10 0 5.31134e-10 0 5.53088e-10 0 5.74359e-10 0 5.94844e-10 0
52.5665 3.11438e-13 3.11435e-13 2.75526e-18 8.84689e-06 3.3123e-07 9.55424e-14 0 6.03486e-13 0 3.13957e-12 0 7.55854e-12 0 1.36832e-11 0 2.12329e-11 0 3.00796e-11 0 4.0054e-11 0 5.08616e-11 0 6.28986e-11 0 7.53967e-11 0 8.88161e-11 0 1.02966e-10 0 1.17624e-10 0 1.32983e-10 0 1.48425e-10 0 1.647e-10 0 1.8176e-10 0 1.9836e-10 0 2.16093e-10 0 2.34335e-10 0 2.52299e-10 0 2.70536e-10 0 2.89751e-10 0 3.08319e-10 0 3.27767e-10 0 3.47215e-10 0 3.67512e-10 0 3.87698e-10 0 4.07679e-10 0 4.28414e-10 0 4.48825e-10 0 4.69945e-10 0 4.90621e-10 0 5.11959e-10 0 5.32729e-10 0 5.55387e-10 0 5.76111e-10 0 5.98744e-10 0 6.2063e-10 0 6.41672e-10 0
55.2648 2.96417e-13 2.96415e-13 2.26558e-18 7.64321e-06 9.40075e-07 1.55273e-13 0 8.96363e-13 0 4.30249e-12 0 9.92339e-12 0 1.74513e-11 0 2.65054e-11 0 3.6916e-11 0 4.84751e-11 0 6.08416e-11 0 7.44648e-11 0 8.84755e-11 0 1.03393e-10 0 1.19004e-10 0 1.35067e-10 0 1.51792e-10 0 1.68513e-10 0 1.86045e-10 0 2.04332e-10 0 2.22046e-10 0 2.40889e-10 0 2.60196e-10 0 2.79136e-10 0 2.98298e-10 0 3.18419e-10 0 3.37802e-10 0 3.58042e-10 0 3.78223e-10 0 3.99228e-10 0 4.20063e-10 0 4.40633e-10 0 4.61928e-10 0 4.82842e-10 0 5.04435e-10 0 5.25527e-10 0 5.47249e-10 0 5.68352e-10 0 5.91327e-10 0 6.12303e-10 0 6.35167e-10 0 6.57238e-10 0 6.78422e-10 0
58.1015 2.81569e-13 2.81567e-13 1.86304e-18 6.61664e-06 1.47083e-06 2.42378e-13 0 1.28442e-12 0 5.71064e-12 0 1.26447e-11 0 2.16325e-11 0 3.21926e-11 0 4.4118e-11 0 5.71674e-11 0 7.09604e-11 0 8.59978e-11 0 1.01323e-10 0 1.17511e-10 0 1.34329e-10 0 1.51523e-10 0 1.6932e-10 0 1.87017e-10 0 2.05482e-10 0 2.24651e-10 0 2.43141e-10 0 2.62731e-10 0 2.82725e-10 0 3.0227e-10 0 3.21979e-10 0 3.42608e-10 0 3.62421e-10 0 3.8305e-10 0 4.03565e-10 0 4.2486e-10 0 4.45929e-10 0 4.66681e-10 0 4.88115e-10 0 5.09119e-10 0 5.30759e-10 0 5.51854e-10 0 5.73536e-10 0 5.94561e-10 0 6.17408e-10 0 6.38229e-10 0 6.60886e-10 0 6.8272e-10 0 7.03642e-10 0
61.0839 2.66934e-13 2.66932e-13 1.53205e-18 5.73945e-06 1.90194e-06 3.64073e-13 0 1.77846e-12 0 7.3517e-12 0 1.56588e-11 0 2.60963e-11 0 3.80894e-11 0 5.14028e-11 0 6.57705e-11 0 8.07834e-11 0 9.69894e-11 0 1.13364e-10 0 1.30529e-10 0 1.48242e-10 0 1.66238e-10 0 1.84763e-10 0 2.03089e-10 0 2.22121e-10 0 2.41791e-10 0 2.60687e-10 0 2.80631e-10 0 3.00914e-10 0 3.20673e-10 0 3.40535e-10 0 3.61262e-10 0 3.81112e-10 0 4.01725e-10 0 4.2217e-10 0 4.43339e-10 0 4.64234e-10 0 4.84768e-10 0 5.05931e-10 0 5.26626e-10 0 5.47903e-10 0 5.68606e-10 0 5.89845e-10 0 6.10403e-10 0 6.32703e-10 0 6.52992e-10 0 6.75034e-10 0 6.9624e-10 0 7.16531e-10 0
64.2193 2.52518e-13 2.52516e-13 1.25979e-18 4.98892e-06 2.23813e-06 5.27093e-13 0 2.38294e-12 0 9.1911e-12 0 1.88674e-11 0 3.06696e-11 0 4.39464e-11 0 5.84465e-11 0 7.38899e-11 0 8.98515e-11 0 1.0692e-10 0 1.24025e-10 0 1.41829e-10 0 1.60081e-10 0 1.78516e-10 0 1.97393e-10 0 2.15977e-10 0 2.3519e-10 0 2.54965e-10 0 2.73887e-10 0 2.93789e-10 0 3.13957e-10 0 3.33543e-10 0 3.53172e-10 0 3.73597e-10 0 3.93105e-10 0 4.13311e-10 0 4.33302e-10 0 4.53954e-10 0 4.74291e-10 0 4.94235e-10 0 5.14746e-10 0 5.34764e-10 0 5.55307e-10 0 5.75258e-10 0 5.95691e-10 0 6.15434e-10 0 6.36815e-10 0 6.56235e-10 0 6.77302e-10 0 6.97539e-10 0 7.16874e-10 0
67.5157 2.38377e-13 2.38376e-13 1.03582e-18 4.34529e-06 2.45994e-06 7.36784e-13 0 3.09441e-12 0 1.11742e-11 0 2.21473e-11 0 3.51581e-11 0 4.95021e-11 0 6.49268e-11 0 8.11504e-11 0 9.77451e-11 0 1.15333e-10 0 1.32822e-10 0 1.50901e-10 0 1.69321e-10 0 1.87824e-10 0 2.06673e-10 0 2.25146e-10 0 2.44164e-10 0 2.63659e-10 0 2.82246e-10 0 3.01729e-10 0 3.21407e-10 0 3.40459e-10 0 3.595e-10 0 3.79258e-10 0 3.98081e-10 0 4.17531e-10 0 4.3673e-10 0 4.56518e-10 0 4.75963e-10 0 4.94992e-10 0 5.14526e-10 0 5.33554e-10 0 5.53046e-10 0 5.71943e-10 0 5.91263e-10 0 6.09903e-10 0 6.30056e-10 0 6.48334e-10 0 6.68132e-10 0 6.87123e-10 0 7.05244e-10 0
70.9813 2.24553e-13 2.24552e-13 8.51705e-19 3.7929e-06 2.59306e-06 9.9597e-13 0 3.89994e-12 0 1.32276e-11 0 2.53567e-11 0 3.93561e-11 0 5.44968e-11 0 7.054e-11 0 8.72144e-11 0 1.04103e-10 0 1.21851e-10 0 1.39369e-10 0 1.57362e-10 0 1.75587e-10 0 1.93798e-10 0 2.12261e-10 0 2.30276e-10 0 2.48749e-10 0 2.67614e-10 0 2.85539e-10 0 3.04266e-10 0 3.23123e-10 0 3.41327e-10 0 3.59471e-10 0 3.78251e-10 0 3.96099e-10 0 4.14499e-10 0 4.32621e-10 0 4.5126e-10 0 4.69539e-10 0 4.87393e-10 0 5.05686e-10 0 5.23474e-10 0 5.41665e-10 0 5.59271e-10 0 5.77244e-10 0 5.94557e-10 0 6.13248e-10 0 6.30176e-10 0 6.48485e-10 0 6.66025e-10 0 6.8274e-10 0
74.6248 2.11071e-13 2.1107e-13 7.00218e-19 3.31745e-06 2.64385e-06 1.3039e-12 0 4.77659e-12 0 1.52637e-11 0 2.8346e-11 0 4.30636e-11 0 5.86931e-11 0 7.50241e-11 0 9.18068e-11 0 1.08647e-10 0 1.26202e-10 0 1.43409e-10 0 1.60973e-10 0 1.78666e-10 0 1.96257e-10 0 2.14011e-10 0 2.31264e-10 0 2.48887e-10 0 2.66821e-10 0 2.83804e-10 0 3.01494e-10 0 3.19254e-10 0 3.36352e-10 0 3.53351e-10 0 3.70904e-10 0 3.87547e-10 0 4.04667e-10 0 4.21494e-10 0 4.38767e-10 0 4.55673e-10 0 4.72156e-10 0 4.89015e-10 0 5.05381e-10 0 5.22091e-10 0 5.38239e-10 0 5.54699e-10 0 5.70531e-10 0 5.876e-10 0 6.03038e-10 0 6.19714e-10 0 6.35669e-10 0 6.50855e-10 0
78.4553 1.97995e-13 1.97995e-13 5.75677e-19 2.90753e-06 2.62444e-06 1.65587e-12 0 5.69349e-12 0 1.71914e-11 0 3.09772e-11 0 4.61126e-11 0 6.19097e-11 0 7.81976e-11 0 9.47576e-11 0 1.11227e-10 0 1.28266e-10 0 1.44856e-10 0 1.61692e-10 0 1.78563e-10 0 1.95257e-10 0 2.12034e-10 0 2.28274e-10 0 2.44804e-10 0 2.61567e-10 0 2.77393e-10 0 2.93829e-10 0 3.10286e-10 0 3.26089e-10 0 3.41762e-10 0 3.57908e-10 0 3.73184e-10 0 3.88867e-10 0 4.04251e-10 0 4.20013e-10 0 4.35411e-10 0 4.50399e-10 0 4.65704e-10 0 4.80538e-10 0 4.9566e-10 0 5.10253e-10 0 5.25107e-10 0 5.39375e-10 0 5.54737e-10 0 5.68613e-10 0 5.83584e-10 0 5.9789e-10 0 6.11491e-10 0
82.4824 1.85322e-13 1.85321e-13 4.73216e-19 2.55348e-06 2.53124e-06 2.04234e-12 0 6.61159e-12 0 1.89164e-11 0 3.31222e-11 0 4.83611e-11 0 6.40064e-11 0 7.99358e-11 0 9.59672e-11 0 1.11778e-10 0 1.28016e-10 0 1.43728e-10 0 1.59586e-10 0 1.75398e-10 0 1.90975e-10 0 2.06565e-10 0 2.216e-10 0 2.36852e-10 0 2.5227e-10 0 2.66784e-10 0 2.81816e-10 0 2.96827e-10 0 3.11207e-10 0 3.25437e-10 0 3.40065e-10 0 3.53876e-10 0 3.68028e-10 0 3.81884e-10 0 3.96055e-10 0 4.09876e-10 0 4.23308e-10 0 4.37001e-10 0 4.50254e-10 0 4.63745e-10 0 4.76746e-10 0 4.89961e-10 0 5.0264e-10 0 5.16274e-10 0 5.28574e-10 0 5.41829e-10 0 5.54481e-10 0 5.66498e-10 0
86.7162 1.7311e-13 1.73109e-13 3.88949e-19 2.24684e-06 2.35108e-06 2.45018e-12 0 7.4901e-12 0 2.03598e-11 0 3.46916e-11 0 4.97305e-11 0 6.49309e-11 0 8.02233e-11 0 9.54661e-11 0 1.10379e-10 0 1.25592e-10 0 1.40225e-10 0 1.54916e-10 0 1.69496e-10 0 1.83799e-10 0 1.98059e-10 0 2.11764e-10 0 2.25623e-10 0 2.3959e-10 0 2.52701e-10 0 2.66246e-10 0 2.79739e-10 0 2.92634e-10 0 3.05368e-10 0 3.18432e-10 0 3.30743e-10 0 3.43334e-10 0 3.55641e-10 0 3.68206e-10 0 3.80442e-10 0 3.92314e-10 0 4.04401e-10 0 4.16082e-10 0 4.27957e-10 0 4.39386e-10 0 4.5099e-10 0 4.62108e-10 0 4.74051e-10 0 4.84813e-10 0 4.96398e-10 0 5.07444e-10 0 5.17925e-10 0
91.1674 1.61378e-13 1.61378e-13 3.19629e-19 1.98062e-06 2.12537e-06 2.8628e-12 0 8.28733e-12 0 2.14565e-11 0 3.56262e-11 0 5.01869e-11 0 6.46876e-11 0 7.91117e-11 0 9.33584e-11 0 1.07193e-10 0 1.21214e-10 0 1.34624e-10 0 1.48022e-10 0 1.61261e-10 0 1.74196e-10 0 1.87046e-10 0 1.99355e-10 0 2.11764e-10 0 2.24235e-10 0 2.35912e-10 0 2.47945e-10 0 2.59905e-10 0 2.7131e-10 0 2.82551e-10 0 2.9406e-10 0 3.04886e-10 0 3.1594e-10 0 3.26727e-10 0 3.37723e-10 0 3.48414e-10 0 3.58773e-10 0 3.69305e-10 0 3.7947e-10 0 3.89791e-10 0 3.99712e-10 0 4.09773e-10 0 4.19403e-10 0 4.29735e-10 0 4.39035e-10 0 4.49038e-10 0 4.58565e-10 0 4.67596e-10 0
95.847 1.50149e-13 1.50149e-13 2.62638e-19 1.74918e-06 1.89022e-06 3.26176e-12 0 8.96551e-12 0 2.2163e-11 0 3.59059e-11 0 4.97503e-11 0 6.33453e-11 0 7.67243e-11 0 8.98254e-11 0 1.02457e-10 0 1.15181e-10 0 1.27287e-10 0 1.39325e-10 0 1.51171e-10 0 1.62701e-10 0 1.74117e-10 0 1.85019e-10 0 1.95979e-10 0 2.06963e-10 0 2.17222e-10 0 2.27772e-10 0 2.38233e-10 0 2.4819e-10 0 2.57984e-10 0 2.67994e-10 0 2.77395e-10 0 2.86978e-10 0 2.96315e-10 0 3.05818e-10 0 3.15046e-10 0 3.23975e-10 0 3.33041e-10 0 3.4178e-10 0 3.50643e-10 0 3.59154e-10 0 3.67774e-10 0 3.76017e-10 0 3.84851e-10 0 3.92796e-10 0 4.01332e-10 0 4.09455e-10 0 4.17149e-10 0
100.767 1.39432e-13 1.39432e-13 2.1572e-19 1.54714e-06 1.6551e-06 3.62813e-12 0 9.49333e-12 0 2.24589e-11 0 3.55461e-11 0 4.84842e-11 0 6.10215e-11 0 7.32351e-11 0 8.5098e-11 0 9.6459e-11 0 1.07838e-10 0 1.1861e-10 0 1.29275e-10 0 1.39728e-10 0 1.49868e-10 0 1.59874e-10 0 1.69402e-10 0 1.78956e-10 0 1.88506e-10 0 1.97406e-10 0 2.06539e-10 0 2.15576e-10 0 2.24161e-10 0 2.32591e-10 0 2.41192e-10 0 2.49257e-10 0 2.57466e-10 0 2.65453e-10 0 2.73571e-10 0 2.81443e-10 0 2.8905e-10 0 2.96765e-10 0 3.04194e-10 0 3.1172e-10 0 3.18938e-10 0 3.26242e-10 0 3.3322e-10 0 3.40691e-10 0 3.47404e-10 0 3.54609e-10 0 3.6146e-10 0 3.67944e-10 0
105.939 1.2926e-13 1.29259e-13 1.77221e-19 1.37105e-06 1.37427e-06 3.9451e-12 0 9.85076e-12 0 2.23519e-11 0 3.46024e-11 0 4.64991e-11 0 5.78835e-11 0 6.88683e-11 0 7.9456e-11 0 8.95319e-11 0 9.95691e-11 0 1.09026e-10 0 1.18352e-10 0 1.27458e-10 0 1.36261e-10 0 1.44923e-10 0 1.53149e-10 0 1.61375e-10 0 1.69581e-10 0 1.7721e-10 0 1.85023e-10 0 1.9274e-10 0 2.00058e-10 0 2.07232e-10 0 2.1454e-10 0 2.21382e-10 0 2.28337e-10 0 2.35094e-10 0 2.41954e-10 0 2.48597e-10 0 2.5501e-10 0 2.61506e-10 0 2.67754e-10 0 2.74078e-10 0 2.80137e-10 0 2.86262e-10 0 2.92108e-10 0 2.98362e-10 0 3.03976e-10 0 3.09998e-10 0 3.15719e-10 0 3.21128e-10 0
111.377 1.19615e-13 1.19615e-13 1.45531e-19 1.21666e-06 1.10267e-06 4.19749e-12 0 1.00252e-11 0 2.18642e-11 0 3.31442e-11 0 4.39153e-11 0 5.41011e-11 0 6.38411e-11 0 7.31613e-11 0 8.19784e-11 0 9.07169e-11 0 9.89141e-11 0 1.06966e-10 0 1.14802e-10 0 1.22353e-10 0 1.29763e-10 0 1.36781e-10 0 1.43783e-10 0 1.50752e-10 0 1.57219e-10 0 1.63829e-10 0 1.70346e-10 0 1.76516e-10 0 1.82555e-10 0 1.88699e-10 0 1.94442e-10 0 2.00272e-10 0 2.0593e-10 0 2.11667e-10 0 2.17216e-10 0 2.22566e-10 0 2.27981e-10 0 2.33184e-10 0 2.38444e-10 0 2.4348e-10 0 2.48567e-10 0 2.53417e-10 0 2.58602e-10 0 2.63252e-10 0 2.68236e-10 0 2.72967e-10 0 2.77438e-10 0
117.094 1.10505e-13 1.10505e-13 1.19488e-19 1.08129e-06 8.33532e-07 4.37482e-12 0 1.00166e-11 0 2.10397e-11 0 3.12662e-11 0 4.08768e-11 0 4.98641e-11 0 5.83856e-11 0 6.64845e-11 0 7.41034e-11 0 8.16184e-11 0 8.86388e-11 0 9.551e-11 0 1.02175e-10 0 1.08579e-10 0 1.14847e-10 0 1.20769e-10 0 1.26665e-10 0 1.32521e-10 0 1.37945e-10 0 1.43479e-10 0 1.48927e-10 0 1.54076e-10 0 1.59109e-10 0 1.64221e-10 0 1.68995e-10 0 1.73834e-10 0 1.78526e-10 0 1.83277e-10 0 1.87868e-10 0 1.9229e-10 0 1.96761e-10 0 2.01053e-10 0 2.05389e-10 0 2.09535e-10 0 2.13721e-10 0 2.17708e-10 0 2.21968e-10 0 2.25785e-10 0 2.29874e-10 0 2.33752e-10 0 2.37415e-10 0
123.105 1.01939e-13 1.01939e-13 9.80992e-20 9.62333e-07 5.82899e-07 4.47166e-12 0 9.83595e-12 0 1.99369e-11 0 2.90742e-11 0 3.75332e-11 0 4.53608e-11 0 5.27237e-11 0 5.96769e-11 0 6.61838e-11 0 7.25734e-11 0 7.85192e-11 0 8.43191e-11 0 8.99276e-11 0 9.53027e-11 0 1.0055e-10 0 1.05497e-10 0 1.10412e-10 0 1.15284e-10 0 1.19789e-10 0 1.24378e-10 0 1.28888e-10 0 1.33145e-10 0 1.373e-10 0 1.41516e-10 0 1.45447e-10 0 1.49428e-10 0 1.53283e-10 0 1.57183e-10 0 1.60948e-10 0 1.64571e-10 0 1.68231e-10 0 1.71741e-10 0 1.75284e-10 0 1.7867e-10 0 1.82085e-10 0 1.85336e-10 0 1.88806e-10 0 1.91914e-10 0 1.95241e-10 0 1.98394e-10 0 2.0137e-10 0
129.424 9.38843e-14 9.38842e-14 8.05046e-20 8.57487e-07 3.6334e-07 4.48582e-12 0 9.49872e-12 0 1.86139e-11 0 2.66649e-11 0 3.40136e-11 0 4.07468e-11 0 4.70329e-11 0 5.2934e-11 0 5.84293e-11 0 6.38028e-11 0 6.87851e-11 0 7.36298e-11 0 7.83014e-11 0 8.27672e-11 0 8.71166e-11 0 9.12087e-11 0 9.52669e-11 0 9.92825e-11 0 1.02989e-10 0 1.06759e-10 0 1.10459e-10 0 1.13947e-10 0 1.17347e-10 0 1.20792e-10 0 1.24002e-10 0 1.27249e-10 0 1.30389e-10 0 1.33564e-10 0 1.36625e-10 0 1.39569e-10 0 1.4254e-10 0 1.45387e-10 0 1.48258e-10 0 1.51001e-10 0 1.53764e-10 0 1.56394e-10 0 1.59198e-10 0 1.61709e-10 0 1.64394e-10 0 1.66938e-10 0 1.69337e-10 0
136.067 8.63532e-14 8.63531e-14 6.6068e-20 7.65091e-07 1.7447e-07 4.42176e-12 0 9.03118e-12 0 1.71404e-11 0 2.41434e-11 0 3.04508e-11 0 3.61767e-11 0 4.1485e-11 0 4.64404e-11 0 5.10338e-11 0 5.5508e-11 0 5.96424e-11 0 6.36508e-11 0 6.75058e-11 0 7.11823e-11 0 7.47553e-11 0 7.81105e-11 0 8.14319e-11 0 8.47131e-11 0 8.77372e-11 0 9.08089e-11 0 9.38192e-11 0 9.66532e-11 0 9.9413e-11 0 1.02206e-10 0 1.04806e-10 0 1.07433e-10 0 1.09972e-10 0 1.12536e-10 0 1.15006e-10 0 1.1738e-10 0 1.19773e-10 0 1.22066e-10 0 1.24376e-10 0 1.26581e-10 0 1.28801e-10 0 1.30912e-10 0 1.33163e-10 0 1.35176e-10 0 1.37328e-10 0 1.39366e-10 0 1.41287e-10 0
143.051 7.93202e-14 7.93202e-14 5.42065e-20 6.83388e-07 1.30088e-08 4.28624e-12 0 8.45993e-12 0 1.55773e-11 0 2.15944e-11 0 2.69468e-11 0 3.17635e-11 0 3.61998e-11 0 4.03195e-11 0 4.41221e-11 0 4.78124e-11 0 5.12118e-11 0 5.44985e-11 0 5.76517e-11 0 6.06523e-11 0 6.35626e-11 0 6.62906e-11 0 6.89869e-11 0 7.16462e-11 0 7.40938e-11 0 7.65767e-11 0 7.90068e-11 0 8.12921e-11 0 8.3515e-11 0 8.57628e-11 0 8.78525e-11 0 8.99627e-11 0 9.20001e-11 0 9.40558e-11 0 9.60351e-11 0 9.79353e-11 0 9.98502e-11 0 1.01683e-10 0 1.03528e-10 0 1.05289e-10 0 1.07061e-10 0 1.08744e-10 0 1.10538e-10 0 1.12142e-10 0 1.13855e-10 0 1.15477e-10 0 1.17005e-10 0
150.394 7.27724e-14 7.27724e-14 4.44681e-20 6.11057e-07 -1.27557e-07 4.08966e-12 0 7.81449e-12 0 1.39825e-11 0 1.90939e-11 0 2.35876e-11 0 2.75989e-11 0 3.12709e-11 0 3.46642e-11 0 3.77838e-11 0 4.08011e-11 0 4.35724e-11 0 4.6245e-11 0 4.88032e-11 0 5.12327e-11 0 5.35847e-11 0 5.57857e-11 0 5.79578e-11 0 6.00971e-11 0 6.20635e-11 0 6.40558e-11 0 6.60036e-11 0 6.78333e-11 0 6.96113e-11 0 7.14076e-11 0 7.30759e-11 0 7.47593e-11 0 7.63832e-11 0 7.80206e-11 0 7.95959e-11 0 8.11072e-11 0 8.26292e-11 0 8.40849e-11 0 8.55499e-11 0 8.69465e-11 0 8.83514e-11 0 8.96858e-11 0 9.11066e-11 0 9.23762e-11 0 9.37321e-11 0 9.50147e-11 0 9.62228e-11 0
158.114 6.66894e-14 6.66894e-14 3.64753e-20 5.46943e-07 -2.26762e-07 3.84406e-12 0 7.12319e-12 0 1.24052e-11 0 1.67008e-11 0 2.04362e-11 0 2.37454e-11 0 2.67575e-11 0 2.95284e-11 0 3.20663e-11 0 3.45133e-11 0 3.67547e-11 0 3.89112e-11 0 4.0971e-11 0 4.29235e-11 0 4.48105e-11 0 4.65736e-11 0 4.83111e-11 0 5.00201e-11 0 5.15892e-11 0 5.31771e-11 0 5.47278e-11 0 5.61831e-11 0 5.75961e-11 0 5.90222e-11 0 6.03457e-11 0 6.16801e-11 0 6.29665e-11 0 6.42626e-11 0 6.55087e-11 0 6.67034e-11 0 6.79058e-11 0 6.90552e-11 0 7.02113e-11 0 7.13128e-11 0 7.24203e-11 0 7.34717e-11 0 7.45905e-11 0 7.559e-11 0 7.66568e-11 0 7.76655e-11 0 7.86153e-11 0
166.23 6.10506e-14 6.10506e-14 2.99148e-20 4.9e-07 -3.29291e-07 3.56236e-12 0 6.41225e-12 0 1.08851e-11 0 1.44593e-11 0 1.75356e-11 0 2.02418e-11 0 2.2692e-11 0 2.49365e-11 0 2.69852e-11 0 2.89548e-11 0 3.07543e-11 0 3.24819e-11 0 3.41288e-11 0 3.56871e-11 0 3.71908e-11 0 3.85939e-11 0 3.99747e-11 0 4.13312e-11 0 4.25753e-11 0 4.3833e-11 0 4.506e-11 0 4.62105e-11 0 4.73266e-11 0 4.84522e-11 0 4.9496e-11 0 5.05476e-11 0 5.15607e-11 0 5.25808e-11 0 5.35609e-11 0 5.45001e-11 0 5.54448e-11 0 5.63473e-11 0 5.72546e-11 0 5.81187e-11 0 5.8987e-11 0 5.9811e-11 0 6.06875e-11 0 6.14701e-11 0 6.23051e-11 0 6.30943e-11 0 6.38371e-11 0
174.763 5.58313e-14 5.58313e-14 2.4528e-20 4.39324e-07 -4.22877e-07 3.25721e-12 0 5.70419e-12 0 9.45229e-12 0 1.23983e-11 0 1.491e-11 0 1.71049e-11 0 1.90825e-11 0 2.08869e-11 0 2.25288e-11 0 2.41029e-11 0 2.55378e-11 0 2.69125e-11 0 2.82207e-11 0 2.94565e-11 0 3.06473e-11 0 3.17569e-11 0 3.28476e-11 0 3.3918e-11 0 3.48985e-11 0 3.58889e-11 0 3.68543e-11 0 3.77586e-11 0 3.86353e-11 0 3.95187e-11 0 4.03374e-11 0 4.11617e-11 0 4.19553e-11 0 4.27539e-11 0 4.35208e-11 0 4.42552e-11 0 4.49936e-11 0 4.56986e-11 0 4.64072e-11 0 4.70816e-11 0 4.7759e-11 0 4.84015e-11 0 4.90848e-11 0 4.96945e-11 0 5.0345e-11 0 5.09594e-11 0 5.15376e-11 0
183.733 5.10102e-14 5.10102e-14 2.01081e-20 3.94198e-07 -4.92039e-07 2.94064e-12 0 5.01794e-12 0 8.12801e-12 0 1.05352e-11 0 1.25693e-11 0 1.43362e-11 0 1.59207e-11 0 1.73614e-11 0 1.86683e-11 0 1.99183e-11 0 2.10552e-11 0 2.21424e-11 0 2.31753e-11 0 2.41496e-11 0 2.50871e-11 0 2.59596e-11 0 2.68163e-11 0 2.76562e-11 0 2.84249e-11 0 2.92006e-11 0 2.99561e-11 0 3.06633e-11 0 3.13483e-11 0 3.20382e-11 0 3.26772e-11 0 3.33201e-11 0 3.39387e-11 0 3.45608e-11 0 3.51579e-11 0 3.57295e-11 0 3.63039e-11 0 3.68521e-11 0 3.74027e-11 0 3.79267e-11 0 3.84527e-11 0 3.89515e-11 0 3.94817e-11 0 3.99547e-11 0 4.04591e-11 0 4.09354e-11 0 4.13834e-11 0
193.164 4.65667e-14 4.65667e-14 1.64832e-20 3.53969e-07 -5.39364e-07 2.62333e-12 0 4.36819e-12 0 6.92541e-12 0 8.87646e-12 0 1.05116e-11 0 1.19239e-11 0 1.31851e-11 0 1.4328e-11 0 1.5362e-11 0 1.63486e-11 0 1.72442e-11 0 1.80992e-11 0 1.89102e-11 0 1.96741e-11 0 2.04083e-11 0 2.10909e-11 0 2.17604e-11 0 2.24161e-11 0 2.30157e-11 0 2.36203e-11 0 2.42087e-11 0 2.47591e-11 0 2.52919e-11 0 2.58282e-11 0 2.63245e-11 0 2.68236e-11 0 2.73037e-11 0 2.77862e-11 0 2.82491e-11 0 2.8692e-11 0 2.91369e-11 0 2.95613e-11 0 2.99875e-11 0 3.03928e-11 0 3.07996e-11 0 3.11852e-11 0 3.15949e-11 0 3.19603e-11 0 3.23498e-11 0 3.27175e-11 0 3.30633e-11 0
203.079 4.24805e-14 4.24805e-14 1.35122e-20 3.18079e-07 -5.85724e-07 2.31422e-12 0 3.76547e-12 0 5.85048e-12 0 7.42012e-12 0 8.72562e-12 0 9.84729e-12 0 1.08451e-11 0 1.17464e-11 0 1.25599e-11 0 1.33344e-11 0 1.40362e-11 0 1.47051e-11 0 1.53386e-11 0 1.59347e-11 0 1.6507e-11 0 1.70384e-11 0 1.75592e-11 0 1.80688e-11 0 1.85344e-11 0 1.90036e-11 0 1.94598e-11 0 1.98863e-11 0 2.0299e-11 0 2.0714e-11 0 2.1098e-11 0 2.1484e-11 0 2.1855e-11 0 2.22277e-11 0 2.25851e-11 0 2.2927e-11 0 2.32702e-11 0 2.35975e-11 0 2.3926e-11 0 2.42384e-11 0 2.45518e-11 0 2.48488e-11 0 2.51642e-11 0 2.54455e-11 0 2.57452e-11 0 2.60281e-11 0 2.6294e-11 0
213.503 3.87207e-14 3.87207e-14 1.10725e-20 2.85957e-07 -6.05336e-07 2.01974e-12 0 3.21553e-12 0 4.90194e-12 0 6.15584e-12 0 7.19138e-12 0 8.0768e-12 0 8.8616e-12 0 9.56855e-12 0 1.02051e-11 0 1.08099e-11 0 1.13571e-11 0 1.18778e-11 0 1.23704e-11 0 1.28333e-11 0 1.32773e-11 0 1.36892e-11 0 1.40925e-11 0 1.44868e-11 0 1.48468e-11 0 1.52093e-11 0 1.55616e-11 0 1.58908e-11 0 1.62091e-11 0 1.6529e-11 0 1.68249e-11 0 1.71221e-11 0 1.74077e-11 0 1.76946e-11 0 1.79695e-11 0 1.82323e-11 0 1.84961e-11 0 1.87476e-11 0 1.9e-11 0 1.92398e-11 0 1.94804e-11 0 1.97083e-11 0 1.99503e-11 0 2.0166e-11 0 2.03958e-11 0 2.06126e-11 0 2.08164e-11 0
224.463 3.52737e-14 3.52737e-14 9.07453e-21 2.5726e-07 -6.38683e-07 1.74536e-12 0 2.72227e-12 0 4.07645e-12 0 5.07178e-12 0 5.88842e-12 0 6.58357e-12 0 7.19768e-12 0 7.74942e-12 0 8.24514e-12 0 8.71535e-12 0 9.14003e-12 0 9.5437e-12 0 9.92509e-12 0 1.02831e-11 0 1.06261e-11 0 1.09441e-11 0 1.12552e-11 0 1.15592e-11 0 1.18365e-11 0 1.21156e-11 0 1.23866e-11 0 1.26397e-11 0 1.28844e-11 0 1.31302e-11 0 1.33573e-11 0 1.35855e-11 0 1.38046e-11 0 1.40246e-11 0 1.42353e-11 0 1.44368e-11 0 1.46389e-11 0 1.48315e-11 0 1.50247e-11 0 1.52083e-11 0 1.53924e-11 0 1.55667e-11 0 1.57518e-11 0 1.59167e-11 0 1.60924e-11 0 1.62581e-11 0 1.64138e-11 0
235.984 3.21121e-14 3.21121e-14 7.43541e-21 2.31545e-07 -6.56459e-07 1.49403e-12 0 2.28569e-12 0 3.36565e-12 0 4.151e-12 0 4.79148e-12 0 5.33444e-12 0 5.81264e-12 0 6.24124e-12 0 6.62556e-12 0 6.98951e-12 0 7.31776e-12 0 7.62937e-12 0 7.92347e-12 0 8.19929e-12 0 8.4633e-12 0 8.70785e-12 0 8.94695e-12 0 9.18038e-12 0 9.39325e-12 0 9.60734e-12 0 9.81517e-12 0 1.00091e-11 0 1.01965e-11 0 1.03847e-11 0 1.05585e-11 0 1.07331e-11 0 1.09006e-11 0 1.10688e-11 0 1.12299e-11 0 1.13838e-11 0 1.15381e-11 0 1.16852e-11 0 1.18326e-11 0 1.19727e-11 0 1.21132e-11 0 1.22461e-11 0 1.23873e-11 0 1.2513e-11 0 1.26469e-11 0 1.27732e-11 0 1.28918e-11 0
248.097 2.92172e-14 2.92172e-14 6.09167e-21 2.08496e-07 -6.80426e-07 1.26762e-12 0 1.90438e-12 0 2.76024e-12 0 3.37651e-12 0 3.87632e-12 0 4.29842e-12 0 4.66914e-12 0 5.00066e-12 0 5.29741e-12 0 5.578e-12 0 5.83074e-12 0 6.0704e-12 0 6.29636e-12 0 6.50809e-12 0 6.71059e-12 0 6.89804e-12 0 7.08118e-12 0 7.25987e-12 0 7.42273e-12 0 7.58643e-12 0 7.74528e-12 0 7.89345e-12 0 8.03653e-12 0 8.18018e-12 0 8.31284e-12 0 8.44596e-12 0 8.57373e-12 0 8.70191e-12 0 8.82465e-12 0 8.94188e-12 0 9.05943e-12 0 9.1714e-12 0 9.28365e-12 0 9.39026e-12 0 9.49711e-12 0 9.59825e-12 0 9.70557e-12 0 9.80117e-12 0 9.90294e-12 0 9.99892e-12 0 1.00891e-11 0
260.832 2.65704e-14 2.65704e-14 4.99027e-21 1.87813e-07 -6.75331e-07 1.06663e-12 0 1.57529e-12 0 2.24964e-12 0 2.73081e-12 0 3.11905e-12 0 3.4458e-12 0 3.73203e-12 0 3.98748e-12 0 4.21576e-12 0 4.43131e-12 0 4.62523e-12 0 4.80893e-12 0 4.98197e-12 0 5.14398e-12 0 5.29882e-12 0 5.44204e-12 0 5.5819e-12 0 5.71828e-12 0 5.84251e-12 0 5.96733e-12 0 6.08839e-12 0 6.20127e-12 0 6.31022e-12 0 6.41958e-12 0 6.52052e-12 0 6.6218e-12 0 6.71896e-12 0 6.81642e-12 0 6.9097e-12 0 6.99877e-12 0 7.08807e-12 0 7.17311e-12 0 7.25835e-12 0 7.33927e-12 0 7.42037e-12 0 7.49711e-12 0 7.57853e-12 0 7.65105e-12 0 7.72823e-12 0 7.801e-12 0 7.86934e-12 0
274.221 2.41517e-14 2.41517e-14 4.08801e-21 1.69264e-07 -6.79421e-07 8.90525e-13 0 1.29425e-12 0 1.82273e-12 0 2.19668e-12 0 2.49698e-12 0 2.74892e-12 0 2.96909e-12 0 3.16522e-12 0 3.34023e-12 0 3.50526e-12 0 3.65358e-12 0 3.79395e-12 0 3.92606e-12 0 4.04965e-12 0 4.1677e-12 0 4.27683e-12 0 4.38332e-12 0 4.48713e-12 0 4.58164e-12 0 4.67655e-12 0 4.76857e-12 0 4.85434e-12 0 4.9371e-12 0 5.02013e-12 0 5.09676e-12 0 5.17361e-12 0 5.24732e-12 0 5.32123e-12 0 5.39197e-12 0 5.45949e-12 0 5.52717e-12 0 5.5916e-12 0 5.65617e-12 0 5.71746e-12 0 5.77887e-12 0 5.83698e-12 0 5.89861e-12 0 5.95349e-12 0 6.01189e-12 0 6.06695e-12 0 6.11865e-12 0
288.297 2.19443e-14 2.19443e-14 3.3487e-21 1.526e-07 -6.73336e-07 7.38083e-13 0 1.05664e-12 0 1.46878e-12 0 1.75816e-12 0 1.98955e-12 0 2.18311e-12 0 2.35189e-12 0 2.50199e-12 0 2.63574e-12 0 2.76173e-12 0 2.87483e-12 0 2.98178e-12 0 3.08237e-12 0 3.17641e-12 0 3.26617e-12 0 3.3491e-12 0 3.43e-12 0 3.50881e-12 0 3.58053e-12 0 3.65254e-12 0 3.72232e-12 0 3.78734e-12 0 3.85005e-12 0 3.91295e-12 0 3.97099e-12 0 4.02918e-12 0 4.08498e-12 0 4.14091e-12 0 4.19443e-12 0 4.24551e-12 0 4.29669e-12 0 4.34541e-12 0 4.39422e-12 0 4.44055e-12 0 4.48696e-12 0 4.53086e-12 0 4.57742e-12 0 4.61888e-12 0 4.66299e-12 0 4.70456e-12 0 4.74359e-12 0
303.095 1.99314e-14 1.99314e-14 2.74272e-21 1.37607e-07 -6.48052e-07 6.07561e-13 0 8.57553e-13 0 1.17752e-12 0 1.40059e-12 0 1.57825e-12 0 1.72647e-12 0 1.85546e-12 0 1.96999e-12 0 2.07192e-12 0 2.16783e-12 0 2.25386e-12 0 2.33514e-12 0 2.41154e-12 0 2.48291e-12 0 2.551e-12 0 2.61388e-12 0 2.67518e-12 0 2.73488e-12 0 2.7892e-12 0 2.8437e-12 0 2.8965e-12 0 2.94569e-12 0 2.99311e-12 0 3.04067e-12 0 3.08453e-12 0 3.1285e-12 0 3.17066e-12 0 3.21291e-12 0 3.25332e-12 0 3.29188e-12 0 3.33052e-12 0 3.36729e-12 0 3.40412e-12 0 3.43907e-12 0 3.47408e-12 0 3.50719e-12 0 3.5423e-12 0 3.57356e-12 0 3.60681e-12 0 3.63815e-12 0 3.66756e-12 0
318.653 1.80954e-14 1.80954e-14 2.24636e-21 1.2414e-07 -6.70421e-07 4.9687e-13 0 6.92056e-13 0 9.3941e-13 0 1.11073e-12 0 1.24669e-12 0 1.35984e-12 0 1.45813e-12 0 1.54528e-12 0 1.62275e-12 0 1.69558e-12 0 1.76084e-12 0 1.82247e-12 0 1.88035e-12 0 1.93439e-12 0 1.98592e-12 0 2.03349e-12 0 2.07985e-12 0 2.12498e-12 0 2.16602e-12 0 2.20719e-12 0 2.24706e-12 0 2.28419e-12 0 2.31998e-12 0 2.35587e-12 0 2.38896e-12 0 2.42212e-12 0 2.4539e-12 0 2.48575e-12 0 2.51621e-12 0 2.54527e-12 0 2.57438e-12 0 2.60208e-12 0 2.62982e-12 0 2.65615e-12 0 2.68251e-12 0 2.70744e-12 0 2.73387e-12 0 2.75739e-12 0 2.78242e-12 0 2.806e-12 0 2.82813e-12 0
335.009 1.64244e-14 1.64244e-14 1.83992e-21 1.12023e-07 -6.18088e-07 4.0393e-13 0 5.55634e-13 0 7.46138e-13 0 8.773e-13 0 9.81042e-13 0 1.06718e-12 0 1.14189e-12 0 1.20805e-12 0 1.26679e-12 0 1.32197e-12 0 1.37138e-12 0 1.418e-12 0 1.46176e-12 0 1.50261e-12 0 1.54154e-12 0 1.57745e-12 0 1.61244e-12 0 1.64649e-12 0 1.67745e-12 0 1.70849e-12 0 1.73855e-12 0 1.76653e-12 0 1.7935e-12 0 1.82053e-12 0 1.84545e-12 0 1.87042e-12 0 1.89435e-12 0 1.91832e-12 0 1.94124e-12 0 1.96311e-12 0 1.98501e-12 0 2.00584e-12 0 2.02671e-12 0 2.0465e-12 0 2.06632e-12 0 2.08506e-12 0 2.10493e-12 0 2.12261e-12 0 2.14142e-12 0 2.15914e-12 0 2.17577e-12 0
352.205 1.49035e-14 1.49035e-14 1.50689e-21 1.0111e-07 -6.16815e-07 3.26526e-13 0 4.43935e-13 0 5.90144e-13 0 6.90259e-13 0 7.69205e-13 0 8.34622e-13 0 8.91273e-13 0 9.41379e-13 0 9.8583e-13 0 1.02754e-12 0 1.06488e-12 0 1.10008e-12 0 1.13311e-12 0 1.16392e-12 0 1.19327e-12 0 1.22034e-12 0 1.2467e-12 0 1.27235e-12 0 1.29566e-12 0 1.31903e-12 0 1.34165e-12 0 1.36271e-12 0 1.38299e-12 0 1.40332e-12 0 1.42206e-12 0 1.44083e-12 0 1.45882e-12 0 1.47684e-12 0 1.49406e-12 0 1.51049e-12 0 1.52694e-12 0 1.54259e-12 0 1.55826e-12 0 1.57312e-12 0 1.58801e-12 0 1.60208e-12 0 1.61699e-12 0 1.63026e-12 0 1.64437e-12 0 1.65767e-12 0 1.67015e-12 0
370.284 1.35194e-14 1.35194e-14 1.23404e-21 9.12789e-08 -5.93318e-07 2.62551e-13 0 3.5306e-13 0 4.64911e-13 0 5.41116e-13 0 6.01041e-13 0 6.50605e-13 0 6.93468e-13 0 7.31338e-13 0 7.64905e-13 0 7.96382e-13 0 8.24535e-13 0 8.51068e-13 0 8.75949e-13 0 8.9915e-13 0 9.21243e-13 0 9.41614e-13 0 9.61447e-13 0 9.80733e-13 0 9.98257e-13 0 1.01582e-12 0 1.03282e-12 0 1.04864e-12 0 1.06388e-12 0 1.07915e-12 0 1.09322e-12 0 1.10731e-12 0 1.12081e-12 0 1.13433e-12 0 1.14726e-12 0 1.15958e-12 0 1.17193e-12 0 1.18367e-12 0 1.19542e-12 0 1.20656e-12 0 1.21772e-12 0 1.22827e-12 0 1.23945e-12 0 1.2494e-12 0 1.25998e-12 0 1.26995e-12 0 1.2793e-12 0
389.291 1.22606e-14 1.22606e-14 1.01062e-21 8.2428e-08 -5.89899e-07 2.1006e-13 0 2.79582e-13 0 3.64896e-13 0 4.22756e-13 0 4.68139e-13 0 5.05612e-13 0 5.37978e-13 0 5.66546e-13 0 5.91848e-13 0 6.15558e-13 0 6.36753e-13 0 6.56718e-13 0 6.75432e-13 0 6.92875e-13 0 7.09481e-13 0 7.24786e-13 0 7.39683e-13 0 7.54166e-13 0 7.67322e-13 0 7.80506e-13 0 7.93263e-13 0 8.05131e-13 0 8.16562e-13 0 8.28013e-13 0 8.38564e-13 0 8.49131e-13 0 8.59252e-13 0 8.69387e-13 0 8.79074e-13 0 8.88311e-13 0 8.97559e-13 0 9.06353e-13 0 9.15157e-13 0 9.23506e-13 0 9.31863e-13 0 9.39763e-13 0 9.48136e-13 0 9.55584e-13 0 9.63505e-13 0 9.70966e-13 0 9.77966e-13 0
409.273 1.1117e-14 1.1117e-14 8.27562e-22 7.44412e-08 -5.61303e-07 1.6729e-13 0 2.20519e-13 0 2.8542e-13 0 3.29251e-13 0 3.63553e-13 0 3.91832e-13 0 4.16228e-13 0 4.37743e-13 0 4.56784e-13 0 4.74617e-13 0 4.90549e-13 0 5.0555e-13 0 5.19606e-13 0 5.32703e-13 0 5.45166e-13 0 5.56651e-13 0 5.67826e-13 0 5.78688e-13 0 5.88552e-13 0 5.98437e-13 0 6.07998e-13 0 6.16891e-13 0 6.25457e-13 0 6.34035e-13 0 6.41938e-13 0 6.49852e-13 0 6.57431e-13 0 6.6502e-13 0 6.72272e-13 0 6.79187e-13 0 6.86108e-13 0 6.9269e-13 0 6.99278e-13 0 7.05526e-13 0 7.11779e-13 0 7.17689e-13 0 7.23952e-13 0 7.29524e-13 0 7.35448e-13 0 7.41028e-13 0 7.46262e-13 0
430.281 1.0078e-14 1.0078e-14 6.77665e-22 6.72422e-08 -5.00672e-07 1.32649e-13 0 1.73281e-13 0 2.22533e-13 0 2.55669e-13 0 2.81545e-13 0 3.02848e-13 0 3.21208e-13 0 3.37386e-13 0 3.51694e-13 0 3.65087e-13 0 3.77046e-13 0 3.88303e-13 0 3.98846e-13 0 4.08667e-13 0 4.1801e-13 0 4.26617e-13 0 4.3499e-13 0 4.43127e-13 0 4.50515e-13 0 4.57916e-13 0 4.65075e-13 0 4.71732e-13 0 4.78143e-13 0 4.84562e-13 0 4.90476e-13 0 4.96397e-13 0 5.02066e-13 0 5.07743e-13 0 5.13166e-13 0 5.18337e-13 0 5.23513e-13 0 5.28434e-13 0 5.33359e-13 0 5.38029e-13 0 5.42703e-13 0 5.47121e-13 0 5.51802e-13 0 5.55965e-13 0 5.60392e-13 0 5.64562e-13 0 5.68473e-13 0
452.368 9.13409e-15 9.13408e-15 5.54866e-22 6.07468e-08 -5.08152e-07 1.0475e-13 0 1.3568e-13 0 1.72971e-13 0 1.97973e-13 0 2.1746e-13 0 2.33482e-13 0 2.47278e-13 0 2.59424e-13 0 2.70161e-13 0 2.80206e-13 0 2.89172e-13 0 2.97608e-13 0 3.05507e-13 0 3.12862e-13 0 3.19858e-13 0 3.26301e-13 0 3.32568e-13 0 3.38656e-13 0 3.44183e-13 0 3.4972e-13 0 3.55073e-13 0 3.60052e-13 0 3.64845e-13 0 3.69644e-13 0 3.74064e-13 0 3.7849e-13 0 3.82727e-13 0 3.86968e-13 0 3.91021e-13 0 3.94884e-13 0 3.9875e-13 0 4.02426e-13 0 4.06105e-13 0 4.09593e-13 0 4.13084e-13 0 4.16382e-13 0 4.19878e-13 0 4.22986e-13 0 4.26291e-13 0 4.29404e-13 0 4.32324e-13 0
475.588 8.27747e-15 8.27747e-15 4.54331e-22 5.48877e-08 -5.00825e-07 8.24063e-14 0 1.05893e-13 0 1.34071e-13 0 1.52903e-13 0 1.67556e-13 0 1.7959e-13 0 1.89942e-13 0 1.99051e-13 0 2.07098e-13 0 2.14623e-13 0 2.21338e-13 0 2.27653e-13 0 2.33564e-13 0 2.39067e-13 0 2.443e-13 0 2.49119e-13 0 2.53804e-13 0 2.58356e-13 0 2.62487e-13 0 2.66625e-13 0 2.70625e-13 0 2.74345e-13 0 2.77925e-13 0 2.8151e-13 0 2.84811e-13 0 2.88116e-13 0 2.9128e-13 0 2.94447e-13 0 2.97473e-13 0 3.00356e-13 0 3.03242e-13 0 3.05986e-13 0 3.08732e-13 0 3.11335e-13 0 3.1394e-13 0 3.16401e-13 0 3.19009e-13 0 3.21329e-13 0 3.23794e-13 0 3.26116e-13 0 3.28295e-13 0
500 7.49985e-15 7.49985e-15 3.71986e-22 4.95992e-08 -4.52101e-07 6.45953e-14 0 8.23884e-14 0 1.03641e-13 0 1.17803e-13 0 1.28805e-13 0 1.37831e-13 0 1.4559e-13 0 1.52412e-13 0 1.58437e-13 0 1.64068e-13 0 1.69091e-13 0 1.73814e-13 0 1.78233e-13 0 1.82346e-13 0 1.86257e-13 0 1.89857e-13 0 1.93357e-13 0 1.96757e-13 0 1.99842e-13 0 2.02932e-13 0 2.05918e-13 0 2.08695e-13 0 2.11367e-13 0 2.14043e-13 0 2.16506e-13 0 2.18972e-13 0 2.21333e-13 0 2.23696e-13 0 2.25953e-13 0 2.28104e-13 0 2.30256e-13 0 2.32303e-13 0 2.34351e-13 0 2.36292e-13 0 2.38234e-13 0 2.40069e-13 0 2.42014e-13 0 2.43743e-13 0 2.45581e-13 0 2.47312e-13 0 2.48936e-13 0
525.665 6.79453e-15 6.79453e-15 3.04571e-22 4.48259e-08 -5.0172e-07 5.04661e-14 0 6.39182e-14 0 7.99205e-14 0 9.05563e-14 0 9.88068e-14 0 1.05569e-13 0 1.11377e-13 0 1.16482e-13 0 1.20988e-13 0 1.25198e-13 0 1.28952e-13 0 1.3248e-13 0 1.35782e-13 0 1.38854e-13 0 1.41773e-13 0 1.44461e-13 0 1.47074e-13 0 1.49611e-13 0 1.51913e-13 0 1.54218e-13 0 1.56446e-13 0 1.58518e-13 0 1.60511e-13 0 1.62506e-13 0 1.64344e-13 0 1.66182e-13 0 1.67942e-13 0 1.69704e-13 0 1.71387e-13 0 1.7299e-13 0 1.74595e-13 0 1.7612e-13 0 1.77646e-13 0 1.79093e-13 0 1.8054e-13 0 1.81908e-13 0 1.83357e-13 0 1.84645e-13 0 1.86015e-13 0 1.87305e-13 0 1.88514e-13 0
552.648 6.15465e-15 6.15465e-15 2.49368e-22 4.0517e-08 -4.27581e-07 3.93031e-14 0 4.94538e-14 0 6.14841e-14 0 6.94609e-14 0 7.56406e-14 0 8.07009e-14 0 8.50449e-14 0 8.88608e-14 0 9.22273e-14 0 9.5372e-14 0 9.81752e-14 0 1.00809e-13 0 1.03273e-13 0 1.05566e-13 0 1.07744e-13 0 1.09749e-13 0 1.11698e-13 0 1.1359e-13 0 1.15307e-13 0 1.17025e-13 0 1.18686e-13 0 1.2023e-13 0 1.21716e-13 0 1.23203e-13 0 1.24572e-13 0 1.25942e-13 0 1.27254e-13 0 1.28566e-13 0 1.2982e-13 0 1.31015e-13 0 1.3221e-13 0 1.33346e-13 0 1.34483e-13 0 1.3556e-13 0 1.36638e-13 0 1.37657e-13 0 1.38736e-13 0 1.39695e-13 0 1.40715e-13 0 1.41676e-13 0 1.42576e-13 0
581.015 5.5743e-15 5.5743e-15 2.04155e-22 3.66244e-08 -3.88278e-07 3.0519e-14 0 3.81651e-14 0 4.71966e-14 0 5.3172e-14 0 5.77956e-14 0 6.15788e-14 0 6.48244e-14 0 6.76743e-14 0 7.01876e-14 0 7.25345e-14 0 7.4626e-14 0 7.65911e-14 0 7.84287e-14 0 8.0138e-14 0 8.17622e-14 0 8.32568e-14 0 8.47092e-14 0 8.61193e-14 0 8.73986e-14 0 8.86791e-14 0 8.99166e-14 0 9.10667e-14 0 9.21735e-14 0 9.32811e-14 0 9.43009e-14 0 9.53213e-14 0 9.6298e-14 0 9.72752e-14 0 9.82086e-14 0 9.90981e-14 0 9.9988e-14 0 1.00834e-13 0 1.0168e-13 0 1.02482e-13 0 1.03284e-13 0 1.04043e-13 0 1.04846e-13 0 1.0556e-13 0 1.06319e-13 0 1.07034e-13 0 1.07704e-13 0
610.839 5.04833e-15 5.04833e-15 1.67142e-22 3.31084e-08 -3.48085e-07 2.36338e-14 0 2.93845e-14 0 3.61563e-14 0 4.06277e-14 0 4.4084e-14 0 4.69098e-14 0 4.9333e-14 0 5.14597e-14 0 5.33346e-14 0 5.5085e-14 0 5.66445e-14 0 5.81094e-14 0 5.9479e-14 0 6.07528e-14 0 6.1963e-14 0 6.30765e-14 0 6.41584e-14 0 6.52087e-14 0 6.61614e-14 0 6.7115e-14 0 6.80365e-14 0 6.88929e-14 0 6.97169e-14 0 7.05415e-14 0 7.13006e-14 0 7.20601e-14 0 7.27871e-14 0 7.35144e-14 0 7.42091e-14 0 7.4871e-14 0 7.55332e-14 0 7.61626e-14 0 7.67923e-14 0 7.7389e-14 0 7.7986e-14 0 7.85501e-14 0 7.91475e-14 0 7.96788e-14 0 8.02435e-14 0 8.07751e-14 0 8.12736e-14 0
642.193 4.57154e-15 4.57154e-15 1.36834e-22 2.99318e-08 -3.77441e-07 1.82547e-14 0 2.25735e-14 0 2.76451e-14 0 3.09879e-14 0 3.35692e-14 0 3.56783e-14 0 3.7486e-14 0 3.90719e-14 0 4.04697e-14 0 4.17743e-14 0 4.29363e-14 0 4.40277e-14 0 4.50479e-14 0 4.59966e-14 0 4.68978e-14 0 4.77269e-14 0 4.85324e-14 0 4.93142e-14 0 5.00234e-14 0 5.07332e-14 0 5.1419e-14 0 5.20563e-14 0 5.26694e-14 0 5.3283e-14 0 5.38478e-14 0 5.44129e-14 0 5.49537e-14 0 5.54948e-14 0 5.60115e-14 0 5.65039e-14 0 5.69964e-14 0 5.74646e-14 0 5.79329e-14 0 5.83767e-14 0 5.88207e-14 0 5.92402e-14 0 5.96845e-14 0 6.00795e-14 0 6.04994e-14 0 6.08947e-14 0 6.12654e-14 0
675.157 4.13936e-15 4.13936e-15 1.1202e-22 2.70622e-08 -3.25834e-07 1.40655e-14 0 1.73048e-14 0 2.1099e-14 0 2.35958e-14 0 2.5522e-14 0 2.7095e-14 0 2.84426e-14 0 2.96245e-14 0 3.06658e-14 0 3.16375e-14 0 3.25029e-14 0 3.33155e-14 0 3.4075e-14 0 3.47812e-14 0 3.54519e-14 0 3.60689e-14 0 3.66683e-14 0 3.72501e-14 0 3.77777e-14 0 3.83057e-14 0 3.88159e-14 0 3.92899e-14 0 3.97459e-14 0 4.02023e-14 0 4.06223e-14 0 4.10425e-14 0 4.14447e-14 0 4.18471e-14 0 4.22313e-14 0 4.25974e-14 0 4.29636e-14 0 4.33116e-14 0 4.36598e-14 0 4.39897e-14 0 4.43198e-14 0 4.46316e-14 0 4.49618e-14 0 4.52555e-14 0 4.55676e-14 0 4.58614e-14 0 4.61369e-14 0
709.813 3.74772e-15 3.74772e-15 9.17061e-23 2.44699e-08 -1.62157e-07 1.08131e-14 0 1.32397e-14 0 1.60756e-14 0 1.79389e-14 0 1.93754e-14 0 2.05477e-14 0 2.15517e-14 0 2.24319e-14 0 2.32073e-14 0 2.39306e-14 0 2.45747e-14 0 2.51795e-14 0 2.57446e-14 0 2.627e-14 0 2.6769e-14 0 2.72279e-14 0 2.76737e-14 0 2.81064e-14 0 2.84987e-14 0 2.88914e-14 0 2.92707e-14 0 2.96232e-14 0 2.99622e-14 0 3.03015e-14 0 3.06137e-14 0 3.09261e-14 0 3.12251e-14 0 3.15241e-14 0 3.18097e-14 0 3.20818e-14 0 3.2354e-14 0 3.26126e-14 0 3.28714e-14 0 3.31165e-14 0 3.33618e-14 0 3.35935e-14 0 3.38389e-14 0 3.40571e-14 0 3.4289e-14 0 3.45073e-14 0 3.4712e-14 0
746.248 3.39292e-15 3.39292e-15 7.50744e-23 2.21268e-08 -2.52075e-07 8.29509e-15 0 1.0111e-14 0 1.22288e-14 0 1.36184e-14 0 1.46889e-14 0 1.55621e-14 0 1.63096e-14 0 1.69648e-14 0 1.75419e-14 0 1.80801e-14 0 1.85593e-14 0 1.90091e-14 0 1.94295e-14 0 1.98202e-14 0 2.01912e-14 0 2.05325e-14 0 2.08639e-14 0 2.11855e-14 0 2.14772e-14 0 2.17691e-14 0 2.2051e-14 0 2.2313e-14 0 2.2565e-14 0 2.28171e-14 0 2.30491e-14 0 2.32813e-14 0 2.35034e-14 0 2.37256e-14 0 2.39378e-14 0 2.414e-14 0 2.43422e-14 0 2.45343e-14 0 2.47266e-14 0 2.49087e-14 0 2.50909e-14 0 2.5263e-14 0 2.54453e-14 0 2.56074e-14 0 2.57797e-14 0 2.59418e-14 0 2.60939e-14 0
784.553 3.07159e-15 3.07159e-15 6.14582e-23 2.00086e-08 -2.33451e-07 6.35091e-15 0 7.70854e-15 0 9.2888e-15 0 1.03245e-14 0 1.11218e-14 0 1.17719e-14 0 1.23282e-14 0 1.28157e-14 0 1.3245e-14 0 1.36453e-14 0 1.40016e-14 0 1.43361e-14 0 1.46486e-14 0 1.49391e-14 0 1.52149e-14 0 1.54685e-14 0 1.57148e-14 0 1.59539e-14 0 1.61706e-14 0 1.63875e-14 0 1.6597e-14 0 1.67916e-14 0 1.69788e-14 0 1.71661e-14 0 1.73385e-14 0 1.7511e-14 0 1.7676e-14 0 1.78411e-14 0 1.79987e-14 0 1.81488e-14 0 1.8299e-14 0 1.84417e-14 0 1.85845e-14 0 1.87198e-14 0 1.88551e-14 0 1.89829e-14 0 1.91183e-14 0 1.92387e-14 0 1.93666e-14 0 1.9487e-14 0 1.95999e-14 0
824.824 2.78048e-15 2.78048e-15 5.03107e-23 1.80942e-08 -3.13421e-07 4.8532e-15 0 5.86728e-15 0 7.04561e-15 0 7.81702e-15 0 8.41051e-15 0 8.89423e-15 0 9.30807e-15 0 9.67064e-15 0 9.98982e-15 0 1.02874e-14 0 1.05523e-14 0 1.08009e-14 0 1.10332e-14 0 1.1249e-14 0 1.14539e-14 0 1.16424e-14 0 1.18254e-14 0 1.2003e-14 0 1.2164e-14 0 1.23251e-14 0 1.24807e-14 0 1.26253e-14 0 1.27643e-14 0 1.29034e-14 0 1.30315e-14 0 1.31595e-14 0 1.32821e-14 0 1.34047e-14 0 1.35217e-14 0 1.36332e-14 0 1.37447e-14 0 1.38507e-14 0 1.39567e-14 0 1.40571e-14 0 1.41576e-14 0 1.42525e-14 0 1.4353e-14 0 1.44424e-14 0 1.45373e-14 0 1.46267e-14 0 1.47105e-14 0
867.163 2.51683e-15 2.51683e-15 4.1184e-23 1.63635e-08 -3.55983e-07 3.70216e-15 0 4.459e-15 0 5.33706e-15 0 5.91132e-15 0 6.35289e-15 0 6.71266e-15 0 7.02037e-15 0 7.2899e-15 0 7.52713e-15 0 7.74831e-15 0 7.94514e-15 0 8.12984e-15 0 8.30239e-15 0 8.46273e-15 0 8.61496e-15 0 8.75494e-15 0 8.89087e-15 0 9.02275e-15 0 9.14233e-15 0 9.26197e-15 0 9.37752e-15 0 9.48486e-15 0 9.58812e-15 0 9.69141e-15 0 9.78646e-15 0 9.88154e-15 0 9.97252e-15 0 1.00635e-14 0 1.01504e-14 0 1.02332e-14 0 1.0316e-14 0 1.03946e-14 0 1.04733e-14 0 1.05479e-14 0 1.06225e-14 0 1.06929e-14 0 1.07675e-14 0 1.08338e-14 0 1.09043e-14 0 1.09707e-14 0 1.10329e-14 0
911.674 2.27804e-15 2.27804e-15 3.3713e-23 1.47991e-08 -2.95786e-07 2.81942e-15 0 3.38386e-15 0 4.03779e-15 0 4.46507e-15 0 4.79346e-15 0 5.06093e-15 0 5.28963e-15 0 5.48993e-15 0 5.6662e-15 0 5.83051e-15 0 5.97672e-15 0 6.11391e-15 0 6.24206e-15 0 6.36114e-15 0 6.47419e-15 0 6.57813e-15 0 6.67906e-15 0 6.77698e-15 0 6.86576e-15 0 6.95458e-15 0 7.04036e-15 0 7.12005e-15 0 7.1967e-15 0 7.27337e-15 0 7.34393e-15 0 7.4145e-15 0 7.48203e-15 0 7.54957e-15 0 7.61406e-15 0 7.67549e-15 0 7.73694e-15 0 7.79532e-15 0 7.85371e-15 0 7.90905e-15 0 7.96439e-15 0 8.01666e-15 0 8.07202e-15 0 8.12124e-15 0 8.17354e-15 0 8.22278e-15 0 8.26894e-15 0
958.471 2.06182e-15 2.06182e-15 2.75961e-23 1.33844e-08 -1.54118e-07 2.14381e-15 0 2.56448e-15 0 3.05122e-15 0 3.369e-15 0 3.61311e-15 0 3.81189e-15 0 3.98182e-15 0 4.13061e-15 0 4.26154e-15 0 4.38357e-15 0 4.49215e-15 0 4.59402e-15 0 4.68917e-15 0 4.77758e-15 0 4.8615e-15 0 4.93866e-15 0 5.01359e-15 0 5.08627e-15 0 5.15217e-15 0 5.21809e-15 0 5.28176e-15 0 5.34091e-15 0 5.39779e-15 0 5.45469e-15 0 5.50705e-15 0 5.55943e-15 0 5.60953e-15 0 5.65966e-15 0 5.70751e-15 0 5.75309e-15 0 5.79868e-15 0 5.842e-15 0 5.88533e-15 0 5.92639e-15 0 5.96745e-15 0 6.00623e-15 0 6.04731e-15 0 6.08382e-15 0 6.12262e-15 0 6.15915e-15 0 6.1934e-15 0
1007.67 1.86607e-15 1.86607e-15 2.25893e-23 1.21053e-08 -7.16995e-08 1.62774e-15 0 1.94108e-15 0 2.30321e-15 0 2.53946e-15 0 2.72087e-15 0 2.86854e-15 0 2.99476e-15 0 3.10526e-15 0 3.20249e-15 0 3.2931e-15 0 3.37371e-15 0 3.44934e-15 0 3.51997e-15 0 3.58559e-15 0 3.64788e-15 0 3.70515e-15 0 3.76076e-15 0 3.8147e-15 0 3.8636e-15 0 3.91252e-15 0 3.95977e-15 0 4.00366e-15 0 4.04586e-15 0 4.08808e-15 0 4.12693e-15 0 4.16579e-15 0 4.20297e-15 0 4.24016e-15 0 4.27566e-15 0 4.30948e-15 0 4.3433e-15 0 4.37544e-15 0 4.40758e-15 0 4.43804e-15 0 4.4685e-15 0 4.49727e-15 0 4.52774e-15 0 4.55483e-15 0 4.58361e-15 0 4.61071e-15 0 4.63611e-15 0
1059.39 1.68892e-15 1.68892e-15 1.84925e-23 1.09493e-08 -1.80885e-07 1.23426e-15 0 1.46754e-15 0 1.73685e-15 0 1.91243e-15 0 2.0472e-15 0 2.15688e-15 0 2.25061e-15 0 2.33266e-15 0 2.40484e-15 0 2.4721e-15 0 2.53194e-15 0 2.58807e-15 0 2.6405e-15 0 2.6892e-15 0 2.73543e-15 0 2.77792e-15 0 2.81918e-15 0 2.85921e-15 0 2.8955e-15 0 2.93179e-15 0 2.96685e-15 0 2.99941e-15 0 3.03072e-15 0 3.06205e-15 0 3.09087e-15 0 3.1197e-15 0 3.14728e-15 0 3.17486e-15 0 3.2012e-15 0 3.22628e-15 0 3.25137e-15 0 3.27521e-15 0 3.29906e-15 0 3.32165e-15 0 3.34424e-15 0 3.36558e-15 0 3.38818e-15 0 3.40827e-15 0 3.42962e-15 0 3.44972e-15 0 3.46856e-15 0
1113.77 1.52832e-15 1.52832e-15 1.51338e-23 9.9023e-09 -2.71832e-07 9.34551e-16 0 1.10811e-15 0 1.30829e-15 0 1.43871e-15 0 1.53879e-15 0 1.62022e-15 0 1.6898e-15 0 1.75069e-15 0 1.80426e-15 0 1.85417e-15 0 1.89857e-15 0 1.94022e-15 0 1.97911e-15 0 2.01525e-15 0 2.04954e-15 0 2.08107e-15 0 2.11167e-15 0 2.14136e-15 0 2.16828e-15 0 2.1952e-15 0 2.2212e-15 0 2.24535e-15 0 2.26858e-15 0 2.29181e-15 0 2.31318e-15 0 2.33456e-15 0 2.35502e-15 0 2.37547e-15 0 2.395e-15 0 2.41361e-15 0 2.43221e-15 0 2.44989e-15 0 2.46757e-15 0 2.48432e-15 0 2.50108e-15 0 2.5169e-15 0 2.53366e-15 0 2.54856e-15 0 2.56439e-15 0 2.57929e-15 0 2.59326e-15 0
1170.94 1.38302e-15 1.38302e-15 1.23879e-23 8.95712e-09 -3.43772e-07 7.06799e-16 0 8.35876e-16 0 9.84621e-16 0 1.08148e-15 0 1.15578e-15 0 1.21623e-15 0 1.26787e-15 0 1.31306e-15 0 1.3528e-15 0 1.38984e-15 0 1.42278e-15 0 1.45368e-15 0 1.48253e-15 0 1.50933e-15 0 1.53477e-15 0 1.55815e-15 0 1.58085e-15 0 1.60288e-15 0 1.62284e-15 0 1.6428e-15 0 1.66209e-15 0 1.68e-15 0 1.69722e-15 0 1.71445e-15 0 1.7303e-15 0 1.74615e-15 0 1.76132e-15 0 1.77649e-15 0 1.79097e-15 0 1.80477e-15 0 1.81857e-15 0 1.83167e-15 0 1.84478e-15 0 1.8572e-15 0 1.86963e-15 0 1.88136e-15 0 1.89379e-15 0 1.90483e-15 0 1.91657e-15 0 1.92762e-15 0 1.93797e-15 0
1231.05 1.25162e-15 1.25162e-15 1.01402e-23 8.10171e-09 -3.76555e-08 5.33985e-16 0 6.2995e-16 0 7.40451e-16 0 8.12371e-16 0 8.67527e-16 0 9.12387e-16 0 9.50707e-16 0 9.84238e-16 0 1.01373e-15 0 1.0412e-15 0 1.06564e-15 0 1.08856e-15 0 1.10996e-15 0 1.12984e-15 0 1.14871e-15 0 1.16605e-15 0 1.18289e-15 0 1.19922e-15 0 1.21403e-15 0 1.22884e-15 0 1.24314e-15 0 1.25642e-15 0 1.26919e-15 0 1.28196e-15 0 1.29372e-15 0 1.30548e-15 0 1.31672e-15 0 1.32797e-15 0 1.33871e-15 0 1.34894e-15 0 1.35917e-15 0 1.36889e-15 0 1.37861e-15 0 1.38782e-15 0 1.39703e-15 0 1.40573e-15 0 1.41494e-15 0 1.42313e-15 0 1.43183e-15 0 1.44002e-15 0 1.4477e-15 0
1294.24 1.13277e-15 1.13277e-15 8.3022e-24 7.32915e-09 -2.65852e-07 4.03023e-16 0 4.7435e-16 0 5.56422e-16 0 6.09815e-16 0 6.50753e-16 0 6.84043e-16 0 7.12476e-16 0 7.37354e-16 0 7.59232e-16 0 7.79614e-16 0 7.9774e-16 0 8.14741e-16 0 8.30615e-16 0 8.4536e-16 0 8.59354e-16 0 8.72216e-16 0 8.84704e-16 0 8.96816e-16 0 9.07795e-16 0 9.18776e-16 0 9.2938e-16 0 9.39229e-16 0 9.487e-16 0 9.58173e-16 0 9.66889e-16 0 9.75607e-16 0 9.83946e-16 0 9.92287e-16 0 1.00025e-15 0 1.00783e-15 0 1.01542e-15 0 1.02262e-15 0 1.02983e-15 0 1.03666e-15 0 1.04349e-15 0 1.04994e-15 0 1.05677e-15 0 1.06284e-15 0 1.06929e-15 0 1.07536e-15 0 1.08106e-15 0
1360.67 1.02496e-15 1.02496e-15 6.79565e-24 6.63017e-09 -1.46449e-07 3.03806e-16 0 3.56792e-16 0 4.17721e-16 0 4.57343e-16 0 4.87714e-16 0 5.12409e-16 0 5.33498e-16 0 5.51949e-16 0 5.68174e-16 0 5.83288e-16 0 5.96729e-16 0 6.09335e-16 0 6.21105e-16 0 6.32038e-16 0 6.42413e-16 0 6.51949e-16 0 6.61207e-16 0 6.70186e-16 0 6.78325e-16 0 6.86466e-16 0 6.94327e-16 0 7.01628e-16 0 7.08649e-16 0 7.15671e-16 0 7.22132e-16 0 7.28594e-16 0 7.34776e-16 0 7.40958e-16 0 7.4686e-16 0 7.52482e-16 0 7.58104e-16 0 7.63445e-16 0 7.68787e-16 0 7.73848e-16 0 7.7891e-16 0 7.8369e-16 0 7.88753e-16 0 7.93253e-16 0 7.98035e-16 0 8.02536e-16 0 8.06755e-16 0
1430.51 9.27548e-16 9.27548e-16 5.56314e-24 5.99768e-09 8.06988e-08 2.28833e-16 0 2.68189e-16 0 3.13418e-16 0 3.42819e-16 0 3.65351e-16 0 3.8367e-16 0 3.99312e-16 0 4.12996e-16 0 4.25029e-16 0 4.36237e-16 0 4.46204e-16 0 4.55552e-16 0 4.64279e-16 0 4.72385e-16 0 4.80078e-16 0 4.87148e-16 0 4.94012e-16 0 5.00669e-16 0 5.06703e-16 0 5.12738e-16 0 5.18566e-16 0 5.23979e-16 0 5.29184e-16 0 5.34389e-16 0 5.39179e-16 0 5.4397e-16 0 5.48552e-16 0 5.53135e-16 0 5.5751e-16 0 5.61677e-16 0 5.65845e-16 0 5.69804e-16 0 5.73764e-16 0 5.77515e-16 0 5.81267e-16 0 5.84811e-16 0 5.88563e-16 0 5.91899e-16 0 5.95444e-16 0 5.9878e-16 0 6.01907e-16 0
1503.94 8.39279e-16 8.39279e-16 4.55343e-24 5.4254e-09 -7.18512e-08 1.72186e-16 0 2.01406e-16 0 2.3497e-16 0 2.5678e-16 0 2.73492e-16 0 2.87076e-16 0 2.98676e-16 0 3.08822e-16 0 3.17743e-16 0 3.26053e-16 0 3.33442e-16 0 3.40372e-16 0 3.46842e-16 0 3.52851e-16 0 3.58553e-16 0 3.63794e-16 0 3.68882e-16 0 3.73817e-16 0 3.7829e-16 0 3.82763e-16 0 3.87083e-16 0 3.91094e-16 0 3.94952e-16 0 3.9881e-16 0 4.0236e-16 0 4.05911e-16 0 4.09307e-16 0 4.12704e-16 0 4.15946e-16 0 4.19035e-16 0 4.22123e-16 0 4.25058e-16 0 4.27992e-16 0 4.30773e-16 0 4.33553e-16 0 4.36179e-16 0 4.3896e-16 0 4.41432e-16 0 4.44059e-16 0 4.46531e-16 0 4.48849e-16 0
1581.14 7.59457e-16 7.59457e-16 3.72759e-24 4.90822e-09 3.97363e-07 1.29462e-16 0 1.51153e-16 0 1.76056e-16 0 1.92234e-16 0 2.04628e-16 0 2.14702e-16 0 2.23302e-16 0 2.30825e-16 0 2.37439e-16 0 2.436e-16 0 2.49078e-16 0 2.54215e-16 0 2.59011e-16 0 2.63466e-16 0 2.67693e-16 0 2.71578e-16 0 2.75349e-16 0 2.79007e-16 0 2.82322e-16 0 2.85637e-16 0 2.88839e-16 0 2.91813e-16 0 2.94672e-16 0 2.97532e-16 0 3.00163e-16 0 3.02794e-16 0 3.05311e-16 0 3.07829e-16 0 3.10232e-16 0 3.12521e-16 0 3.1481e-16 0 3.16984e-16 0 3.19159e-16 0 3.2122e-16 0 3.2328e-16 0 3.25227e-16 0 3.27288e-16 0 3.2912e-16 0 3.31066e-16 0 3.32898e-16 0 3.34616e-16 0
1662.3 6.87193e-16 6.87193e-16 3.05129e-24 4.44022e-09 3.42415e-09 9.72571e-17 0 1.13355e-16 0 1.31829e-16 0 1.43826e-16 0 1.53017e-16 0 1.60486e-16 0 1.66862e-16 0 1.72439e-16 0 1.77342e-16 0 1.81909e-16 0 1.8597e-16 0 1.89777e-16 0 1.93332e-16 0 1.96634e-16 0 1.99767e-16 0 2.02646e-16 0 2.05441e-16 0 2.08152e-16 0 2.10609e-16 0 2.13066e-16 0 2.15439e-16 0 2.17643e-16 0 2.19762e-16 0 2.21881e-16 0 2.23831e-16 0 2.25781e-16 0 2.27646e-16 0 2.29512e-16 0 2.31293e-16 0 2.32989e-16 0 2.34685e-16 0 2.36297e-16 0 2.37908e-16 0 2.39435e-16 0 2.40962e-16 0 2.42404e-16 0 2.43932e-16 0 2.45289e-16 0 2.46732e-16 0 2.48089e-16 0 2.49362e-16 0
1747.63 6.21832e-16 6.21832e-16 2.49787e-24 4.01695e-09 -7.9774e-08 7.30122e-17 0 8.49574e-17 0 9.86602e-17 0 1.07557e-16 0 1.14371e-16 0 1.19909e-16 0 1.24636e-16 0 1.2877e-16 0 1.32405e-16 0 1.3579e-16 0 1.388e-16 0 1.41622e-16 0 1.44257e-16 0 1.46704e-16 0 1.49026e-16 0 1.5116e-16 0 1.53231e-16 0 1.5524e-16 0 1.57061e-16 0 1.58882e-16 0 1.60641e-16 0 1.62274e-16 0 1.63844e-16 0 1.65415e-16 0 1.6686e-16 0 1.68305e-16 0 1.69687e-16 0 1.7107e-16 0 1.72389e-16 0 1.73646e-16 0 1.74903e-16 0 1.76098e-16 0 1.77292e-16 0 1.78423e-16 0 1.79555e-16 0 1.80624e-16 0 1.81755e-16 0 1.82761e-16 0 1.8383e-16 0 1.84836e-16 0 1.85779e-16 0
1837.33 5.62639e-16 5.62639e-16 2.04461e-24 3.63397e-09 8.24733e-07 5.4768e-17 0 6.36295e-17 0 7.37912e-17 0 8.03875e-17 0 8.5439e-17 0 8.95437e-17 0 9.30474e-17 0 9.61117e-17 0 9.88055e-17 0 1.01314e-16 0 1.03545e-16 0 1.05636e-16 0 1.07589e-16 0 1.09402e-16 0 1.11123e-16 0 1.12705e-16 0 1.1424e-16 0 1.15728e-16 0 1.17078e-16 0 1.18427e-16 0 1.1973e-16 0 1.2094e-16 0 1.22104e-16 0 1.23268e-16 0 1.24338e-16 0 1.25409e-16 0 1.26433e-16 0 1.27458e-16 0 1.28435e-16 0 1.29367e-16 0 1.30298e-16 0 1.31183e-16 0 1.32068e-16 0 1.32906e-16 0 1.33745e-16 0 1.34537e-16 0 1.35375e-16 0 1.3612e-16 0 1.36912e-16 0 1.37658e-16 0 1.38357e-16 0
1931.64 5.09127e-16 5.09127e-16 1.67388e-24 3.28773e-09 -3.19468e-07 4.10591e-17 0 4.76326e-17 0 5.51681e-17 0 6.00586e-17 0 6.38034e-17 0 6.68461e-17 0 6.94431e-17 0 7.17143e-17 0 7.37109e-17 0 7.55702e-17 0 7.72234e-17 0 7.87735e-17 0 8.02206e-17 0 8.15645e-17 0 8.28396e-17 0 8.40116e-17 0 8.51491e-17 0 8.62524e-17 0 8.72523e-17 0 8.82523e-17 0 8.92179e-17 0 9.01146e-17 0 9.09768e-17 0 9.18392e-17 0 9.26325e-17 0 9.3426e-17 0 9.4185e-17 0 9.4944e-17 0 9.56686e-17 0 9.63587e-17 0 9.70488e-17 0 9.77045e-17 0 9.83601e-17 0 9.89813e-17 0 9.96026e-17 0 1.00189e-16 0 1.00811e-16 0 1.01363e-16 0 1.0195e-16 0 1.02502e-16 0 1.0302e-16 0
2030.79 4.60672e-16 4.60672e-16 1.37019e-24 2.97432e-09 4.32233e-07 3.07602e-17 0 3.56353e-17 0 4.12223e-17 0 4.48476e-17 0 4.76233e-17 0 4.98784e-17 0 5.18031e-17 0 5.34863e-17 0 5.49659e-17 0 5.63437e-17 0 5.75688e-17 0 5.87175e-17 0 5.97898e-17 0 6.07856e-17 0 6.17305e-17 0 6.25988e-17 0 6.34418e-17 0 6.42592e-17 0 6.50001e-17 0 6.5741e-17 0 6.64565e-17 0 6.71209e-17 0 6.77598e-17 0 6.83987e-17 0 6.89865e-17 0 6.95744e-17 0 7.01368e-17 0 7.06991e-17 0 7.1236e-17 0 7.17473e-17 0 7.22586e-17 0 7.27444e-17 0 7.32302e-17 0 7.36904e-17 0 7.41507e-17 0 7.45854e-17 0 7.50457e-17 0 7.54548e-17 0 7.58896e-17 0 7.62987e-17 0 7.66824e-17 0
2135.03 4.16835e-16 4.16835e-16 1.12166e-24 2.69089e-09 -6.09317e-07 2.30312e-17 0 2.66464e-17 0 3.07883e-17 0 3.34755e-17 0 3.55328e-17 0 3.72041e-17 0 3.86305e-17 0 3.98778e-17 0 4.09742e-17 0 4.19953e-17 0 4.29031e-17 0 4.37542e-17 0 4.45488e-17 0 4.52867e-17 0 4.59868e-17 0 4.66302e-17 0 4.72548e-17 0 4.78605e-17 0 4.84094e-17 0 4.89584e-17 0 4.94885e-17 0 4.99808e-17 0 5.04541e-17 0 5.09275e-17 0 5.13631e-17 0 5.17986e-17 0 5.22153e-17 0 5.26319e-17 0 5.30297e-17 0 5.34085e-17 0 5.37873e-17 0 5.41472e-17 0 5.45071e-17 0 5.48481e-17 0 5.51891e-17 0 5.55112e-17 0 5.58522e-17 0 5.61553e-17 0 5.64774e-17 0 5.67805e-17 0 5.70648e-17 0
2244.63 3.77129e-16 3.77129e-16 9.18056e-25 2.43433e-09 -1.74812e-07 1.72327e-17 0 1.99129e-17 0 2.2983e-17 0 2.49745e-17 0 2.6499e-17 0 2.77374e-17 0 2.87943e-17 0 2.97185e-17 0 3.05309e-17 0 3.12874e-17 0 3.196e-17 0 3.25906e-17 0 3.31793e-17 0 3.37259e-17 0 3.42446e-17 0 3.47213e-17 0 3.5184e-17 0 3.56327e-17 0 3.60394e-17 0 3.64461e-17 0 3.68388e-17 0 3.72035e-17 0 3.75542e-17 0 3.79049e-17 0 3.82275e-17 0 3.85502e-17 0 3.88588e-17 0 3.91675e-17 0 3.94621e-17 0 3.97428e-17 0 4.00234e-17 0 4.029e-17 0 4.05566e-17 0 4.08092e-17 0 4.10618e-17 0 4.13004e-17 0 4.1553e-17 0 4.17775e-17 0 4.20161e-17 0 4.22407e-17 0 4.24512e-17 0
2359.84 3.41232e-16 3.41232e-16 7.51514e-25 2.20235e-09 -1.48946e-07 1.28883e-17 0 1.48754e-17 0 1.71509e-17 0 1.86268e-17 0 1.97566e-17 0 2.06743e-17 0 2.14574e-17 0 2.21422e-17 0 2.27442e-17 0 2.33047e-17 0 2.3803e-17 0 2.42703e-17 0 2.47064e-17 0 2.51114e-17 0 2.54957e-17 0 2.58489e-17 0 2.61917e-17 0 2.65241e-17 0 2.68254e-17 0 2.71268e-17 0 2.74177e-17 0 2.76879e-17 0 2.79477e-17 0 2.82075e-17 0 2.84465e-17 0 2.86855e-17 0 2.89142e-17 0 2.91429e-17 0 2.93611e-17 0 2.9569e-17 0 2.97769e-17 0 2.99744e-17 0 3.0172e-17 0 3.03591e-17 0 3.05462e-17 0 3.0723e-17 0 3.09101e-17 0 3.10765e-17 0 3.12532e-17 0 3.14196e-17 0 3.15755e-17 0
2480.97 3.08755e-16 3.08755e-16 6.15178e-25 1.99245e-09 -5.57623e-07 9.63435e-18 0 1.11074e-17 0 1.27939e-17 0 1.38877e-17 0 1.47248e-17 0 1.54048e-17 0 1.59851e-17 0 1.64925e-17 0 1.69385e-17 0 1.73538e-17 0 1.7723e-17 0 1.80692e-17 0 1.83923e-17 0 1.86924e-17 0 1.89771e-17 0 1.92388e-17 0 1.94928e-17 0 1.9739e-17 0 1.99623e-17 0 2.01855e-17 0 2.0401e-17 0 2.06012e-17 0 2.07936e-17 0 2.09861e-17 0 2.11632e-17 0 2.13403e-17 0 2.15097e-17 0 2.16791e-17 0 2.18408e-17 0 2.19948e-17 0 2.21488e-17 0 2.22951e-17 0 2.24415e-17 0 2.25801e-17 0 2.27187e-17 0 2.28496e-17 0 2.29883e-17 0 2.31115e-17 0 2.32424e-17 0 2.33657e-17 0 2.34812e-17 0
2608.32 2.79346e-16 2.79346e-16 5.03564e-25 1.80265e-09 -6.9818e-07 7.19792e-18 0 8.2897e-18 0 9.53955e-18 0 1.035e-17 0 1.09702e-17 0 1.14741e-17 0 1.1904e-17 0 1.22799e-17 0 1.26103e-17 0 1.2918e-17 0 1.31915e-17 0 1.34479e-17 0 1.36873e-17 0 1.39096e-17 0 1.41205e-17 0 1.43143e-17 0 1.45025e-17 0 1.46849e-17 0 1.48503e-17 0 1.50156e-17 0 1.51753e-17 0 1.53236e-17 0 1.54661e-17 0 1.56087e-17 0 1.57399e-17 0 1.58711e-17 0 1.59965e-17 0 1.6122e-17 0 1.62418e-17 0 1.63559e-17 0 1.647e-17 0 1.65783e-17 0 1.66867e-17 0 1.67894e-17 0 1.68921e-17 0 1.69891e-17 0 1.70918e-17 0 1.71831e-17 0 1.728e-17 0 1.73713e-17 0 1.74569e-17 0
2742.21 2.52755e-16 2.52755e-16 4.12189e-25 1.63079e-09 4.25973e-09 5.37559e-18 0 6.18479e-18 0 7.11099e-18 0 7.71151e-18 0 8.17109e-18 0 8.54437e-18 0 8.8629e-18 0 9.1414e-18 0 9.38619e-18 0 9.61412e-18 0 9.81675e-18 0 1.00067e-17 0 1.01841e-17 0 1.03488e-17 0 1.0505e-17 0 1.06486e-17 0 1.0788e-17 0 1.09231e-17 0 1.10456e-17 0 1.11681e-17 0 1.12864e-17 0 1.13962e-17 0 1.15018e-17 0 1.16075e-17 0 1.17046e-17 0 1.18018e-17 0 1.18948e-17 0 1.19877e-17 0 1.20764e-17 0 1.2161e-17 0 1.22455e-17 0 1.23257e-17 0 1.2406e-17 0 1.24821e-17 0 1.25582e-17 0 1.263e-17 0 1.27061e-17 0 1.27737e-17 0 1.28455e-17 0 1.29132e-17 0 1.29766e-17 0
2882.97 2.28674e-16 2.28674e-16 3.37374e-25 1.47534e-09 -3.77804e-08 4.01255e-18 0 4.61221e-18 0 5.29848e-18 0 5.74339e-18 0 6.08387e-18 0 6.3604e-18 0 6.59637e-18 0 6.80268e-18 0 6.98401e-18 0 7.15286e-18 0 7.30296e-18 0 7.44369e-18 0 7.57505e-18 0 7.69704e-18 0 7.81278e-18 0 7.91914e-18 0 8.02238e-18 0 8.12249e-18 0 8.21322e-18 0 8.30396e-18 0 8.39157e-18 0 8.47292e-18 0 8.55115e-18 0 8.62938e-18 0 8.70136e-18 0 8.77333e-18 0 8.84218e-18 0 8.91103e-18 0 8.97676e-18 0 9.03935e-18 0 9.10195e-18 0 9.16142e-18 0 9.22088e-18 0 9.27722e-18 0 9.33357e-18 0 9.38678e-18 0 9.44312e-18 0 9.4932e-18 0 9.54642e-18 0 9.5965e-18 0 9.64346e-18 0
3030.95 2.069e-16 2.069e-16 2.7617e-25 1.3348e-09 1.44354e-06 2.99408e-18 0 3.43846e-18 0 3.94696e-18 0 4.27659e-18 0 4.52883e-18 0 4.7337e-18 0 4.90851e-18 0 5.06134e-18 0 5.19567e-18 0 5.32075e-18 0 5.43194e-18 0 5.5362e-18 0 5.6335e-18 0 5.72387e-18 0 5.8096e-18 0 5.88839e-18 0 5.96486e-18 0 6.03902e-18 0 6.10623e-18 0 6.17344e-18 0 6.23834e-18 0 6.2986e-18 0 6.35655e-18 0 6.4145e-18 0 6.46781e-18 0 6.52113e-18 0 6.57212e-18 0 6.62312e-18 0 6.67181e-18 0 6.71817e-18 0 6.76454e-18 0 6.80859e-18 0 6.85264e-18 0 6.89437e-18 0 6.9361e-18 0 6.97551e-18 0 7.01725e-18 0 7.05435e-18 0 7.09376e-18 0 7.13086e-18 0 7.16564e-18 0
3186.53 1.87204e-16 1.87204e-16 2.26056e-25 1.20754e-09 1.29194e-06 2.23334e-18 0 2.56264e-18 0 2.9394e-18 0 3.18362e-18 0 3.3705e-18 0 3.52227e-18 0 3.65177e-18 0 3.765e-18 0 3.86451e-18 0 3.95717e-18 0 4.03953e-18 0 4.11676e-18 0 4.18885e-18 0 4.25578e-18 0 4.31929e-18 0 4.37766e-18 0 4.4343e-18 0 4.48924e-18 0 4.53902e-18 0 4.58881e-18 0 4.63688e-18 0 4.68152e-18 0 4.72445e-18 0 4.76737e-18 0 4.80686e-18 0 4.84635e-18 0 4.88413e-18 0 4.92191e-18 0 4.95797e-18 0 4.99231e-18 0 5.02666e-18 0 5.05929e-18 0 5.09191e-18 0 5.12283e-18 0 5.15374e-18 0 5.18293e-18 0 5.21385e-18 0 5.24133e-18 0 5.27052e-18 0 5.298e-18 0 5.32376e-18 0
3350.09 1.69374e-16 1.69374e-16 1.85037e-25 1.09248e-09 -2.45696e-07 1.66518e-18 0 1.90917e-18 0 2.18831e-18 0 2.36923e-18 0 2.50767e-18 0 2.6201e-18 0 2.71602e-18 0 2.79989e-18 0 2.87361e-18 0 2.94224e-18 0 3.00325e-18 0 3.06046e-18 0 3.11385e-18 0 3.16343e-18 0 3.21048e-18 0 3.25371e-18 0 3.29566e-18 0 3.33635e-18 0 3.37323e-18 0 3.41011e-18 0 3.44571e-18 0 3.47878e-18 0 3.51057e-18 0 3.54236e-18 0 3.57162e-18 0 3.60087e-18 0 3.62885e-18 0 3.65683e-18 0 3.68354e-18 0 3.70898e-18 0 3.73441e-18 0 3.75858e-18 0 3.78275e-18 0 3.80564e-18 0 3.82854e-18 0 3.85016e-18 0 3.87306e-18 0 3.89341e-18 0 3.91504e-18 0 3.93539e-18 0 3.95447e-18 0
3522.05 1.53241e-16 1.53241e-16 1.5146e-25 9.88376e-10 1.49069e-06 1.24114e-18 0 1.42192e-18 0 1.62872e-18 0 1.76274e-18 0 1.86529e-18 0 1.94857e-18 0 2.01963e-18 0 2.08176e-18 0 2.13636e-18 0 2.1872e-18 0 2.23239e-18 0 2.27476e-18 0 2.31431e-18 0 2.35104e-18 0 2.38588e-18 0 2.4179e-18 0 2.44898e-18 0 2.47912e-18 0 2.50643e-18 0 2.53375e-18 0 2.56012e-18 0 2.58461e-18 0 2.60816e-18 0 2.63171e-18 0 2.65337e-18 0 2.67504e-18 0 2.69576e-18 0 2.71649e-18 0 2.73627e-18 0 2.75511e-18 0 2.77395e-18 0 2.79185e-18 0 2.80975e-18 0 2.82671e-18 0 2.84367e-18 0 2.85968e-18 0 2.87664e-18 0 2.89172e-18 0 2.90773e-18 0 2.92281e-18 0 2.93694e-18 0
3702.84 1.38648e-16 1.38648e-16 1.23978e-25 8.94196e-10 -1.751e-06 9.24794e-19 0 1.05873e-18 0 1.21193e-18 0 1.31122e-18 0 1.38718e-18 0 1.44887e-18 0 1.50151e-18 0 1.54753e-18 0 1.58797e-18 0 1.62563e-18 0 1.6591e-18 0 1.69049e-18 0 1.71978e-18 0 1.74698e-18 0 1.77279e-18 0 1.79651e-18 0 1.81953e-18 0 1.84185e-18 0 1.86208e-18 0 1.88231e-18 0 1.90185e-18 0 1.91999e-18 0 1.93743e-18 0 1.95487e-18 0 1.97092e-18 0 1.98697e-18 0 2.00232e-18 0 2.01767e-18 0 2.03232e-18 0 2.04628e-18 0 2.06023e-18 0 2.07349e-18 0 2.08675e-18 0 2.09931e-18 0 2.11187e-18 0 2.12373e-18 0 2.13629e-18 0 2.14745e-18 0 2.15932e-18 0 2.17048e-18 0 2.18095e-18 0
3892.91 1.25439e-16 1.25439e-16 1.01478e-25 8.08985e-10 5.96458e-07 6.88844e-19 0 7.8807e-19 0 9.01557e-19 0 9.75101e-19 0 1.03137e-18 0 1.07707e-18 0 1.11605e-18 0 1.15014e-18 0 1.18009e-18 0 1.20799e-18 0 1.23278e-18 0 1.25603e-18 0 1.27772e-18 0 1.29787e-18 0 1.31699e-18 0 1.33455e-18 0 1.3516e-18 0 1.36814e-18 0 1.38312e-18 0 1.3981e-18 0 1.41257e-18 0 1.42601e-18 0 1.43893e-18 0 1.45184e-18 0 1.46373e-18 0 1.47561e-18 0 1.48698e-18 0 1.49835e-18 0 1.50921e-18 0 1.51954e-18 0 1.52988e-18 0 1.5397e-18 0 1.54952e-18 0 1.55882e-18 0 1.56812e-18 0 1.57691e-18 0 1.58621e-18 0 1.59448e-18 0 1.60326e-18 0 1.61153e-18 0 1.61929e-18 0
4092.73 1.13491e-16 1.13491e-16 8.30615e-26 7.31875e-10 -6.48458e-07 5.12953e-19 0 5.86462e-19 0 6.7053e-19 0 7.25008e-19 0 7.66688e-19 0 8.00534e-19 0 8.29412e-19 0 8.54659e-19 0 8.76847e-19 0 8.97506e-19 0 9.15871e-19 0 9.33088e-19 0 9.49158e-19 0 9.64081e-19 0 9.7824e-19 0 9.9125e-19 0 1.00388e-18 0 1.01612e-18 0 1.02722e-18 0 1.03832e-18 0 1.04904e-18 0 1.05899e-18 0 1.06856e-18 0 1.07812e-18 0 1.08693e-18 0 1.09573e-18 0 1.10415e-18 0 1.11257e-18 0 1.12061e-18 0 1.12826e-18 0 1.13592e-18 0 1.14319e-18 0 1.15046e-18 0 1.15735e-18 0 1.16424e-18 0 1.17075e-18 0 1.17764e-18 0 1.18376e-18 0 1.19027e-18 0 1.1964e-18 0 1.20214e-18 0
4302.81 1.02676e-16 1.02676e-16 6.79867e-26 6.62148e-10 -3.4202e-07 3.81849e-19 0 4.36302e-19 0 4.98573e-19 0 5.38923e-19 0 5.69794e-19 0 5.94863e-19 0 6.16252e-19 0 6.3495e-19 0 6.51384e-19 0 6.66685e-19 0 6.80286e-19 0 6.93038e-19 0 7.0494e-19 0 7.15992e-19 0 7.26478e-19 0 7.36114e-19 0 7.45467e-19 0 7.54536e-19 0 7.62755e-19 0 7.70975e-19 0 7.78911e-19 0 7.86281e-19 0 7.93367e-19 0 8.00453e-19 0 8.06972e-19 0 8.13492e-19 0 8.19728e-19 0 8.25964e-19 0 8.31917e-19 0 8.37586e-19 0 8.43256e-19 0 8.48642e-19 0 8.54028e-19 0 8.59131e-19 0 8.64233e-19 0 8.69052e-19 0 8.74155e-19 0 8.78691e-19 0 8.8351e-19 0 8.88046e-19 0 8.92299e-19 0
4523.68 9.28995e-17 9.28995e-17 5.56486e-26 5.9902e-10 5.57705e-06 2.84203e-19 0 3.24542e-19 0 3.7067e-19 0 4.00559e-19 0 4.23426e-19 0 4.41994e-19 0 4.57837e-19 0 4.71687e-19 0 4.83859e-19 0 4.95192e-19 0 5.05267e-19 0 5.14712e-19 0 5.23527e-19 0 5.31714e-19 0 5.3948e-19 0 5.46617e-19 0 5.53544e-19 0 5.60262e-19 0 5.6635e-19 0 5.72438e-19 0 5.78316e-19 0 5.83774e-19 0 5.89023e-19 0 5.94271e-19 0 5.991e-19 0 6.03928e-19 0 6.08547e-19 0 6.13166e-19 0 6.17575e-19 0 6.21774e-19 0 6.25973e-19 0 6.29963e-19 0 6.33952e-19 0 6.37731e-19 0 6.4151e-19 0 6.4508e-19 0 6.48859e-19 0 6.52219e-19 0 6.55788e-19 0 6.59148e-19 0 6.62297e-19 0
4755.88 8.40476e-17 8.40476e-17 4.55475e-26 5.41926e-10 2.33096e-06 2.11459e-19 0 2.4134e-19 0 2.75506e-19 0 2.97644e-19 0 3.14581e-19 0 3.28334e-19 0 3.40067e-19 0 3.50325e-19 0 3.5934e-19 0 3.67734e-19 0 3.75195e-19 0 3.8219e-19 0 3.88719e-19 0 3.94782e-19 0 4.00534e-19 0 4.0582e-19 0 4.1095e-19 0 4.15925e-19 0 4.20434e-19 0 4.24943e-19 0 4.29296e-19 0 4.33339e-19 0 4.37226e-19 0 4.41113e-19 0 4.44689e-19 0 4.48265e-19 0 4.51686e-19 0 4.55107e-19 0 4.58372e-19 0 4.61482e-19 0 4.64592e-19 0 4.67546e-19 0 4.705e-19 0 4.73299e-19 0 4.76098e-19 0 4.78742e-19 0 4.81541e-19 0 4.84029e-19 0 4.86672e-19 0 4.8916e-19 0 4.91493e-19 0
5000 7.60405e-17 7.60405e-17 3.72804e-26 4.9027e-10 -5.87882e-07 1.573e-19 0 1.79433e-19 0 2.0474e-19 0 2.21137e-19 0 2.33681e-19 0 2.43867e-19 0 2.52558e-19 0 2.60155e-19 0 2.66832e-19 0 2.73048e-19 0 2.78574e-19 0 2.83755e-19 0 2.88591e-19 0 2.93081e-19 0 2.97341e-19 0 3.01256e-19 0 3.05056e-19 0 3.0874e-19 0 3.1208e-19 0 3.15419e-19 0 3.18643e-19 0 3.21637e-19 0 3.24516e-19 0 3.27394e-19 0 3.30043e-19 0 3.32691e-19 0 3.35225e-19 0 3.37758e-19 0 3.40177e-19 0 3.4248e-19 0 3.44783e-19 0 3.46971e-19 0 3.49159e-19 0 3.51232e-19 0 3.53305e-19 0 3.55263e-19 0 3.57336e-19 0 3.59178e-19 0 3.61136e-19 0 3.62979e-19 0 3.64706e-19 0
