# 3.3162e-08 0 1 : grain size, compostion index, size index
# Heating and cooling timescale: 3.72241e+06 0.110398
# Ratio of heating to cooling to determine stochastic cutoff: 100
# Equilibrium emission is recorded even for those grains in the stochastic regime.
# Emission spectrum was computed for: 
# Type: ISRF
# Scales: 0.0001 0.001 0.01 0.05 0.1 0.15 0.2 0.25 0.5 1 1.5 2 2.5 3 3.5 4 4.5 5 5.5 6 6.5 7 7.5 8 8.5 9 9.5 10 10.5 11 11.5 12 12.5 13 13.5 14 14.5 15 15.5 16 16.5 17 17.5 18 18.5 19 19.5 20 20.5 21 21.5 22 22.5 23 23.5 24 24.5 25 25.5 26 26.5 27 27.5 28 28.5 29 29.5 30
# StochasticallyHeated: 1 1 1 1 1 1 1 1 1 1 1 1 1 1 1 1 1 1 1 1 1 1 1 1 1 1 1 1 1 1 1 1 1 1 1 1 1 1 1 1 1 1 1 1 1 1 1 1 1 1 1 1 1 1 1 1 1 1 1 1 1 1 1 1 1 1 1 1
# Temperature: -1
# Wavelength  CExt  CAbs  CSca  Albedo G EqEm1 StEm1 EqEm2 StEm2 EqEm3 StEm3 EqEm4 StEm4 EqEm5 StEm5 EqEm6 StEm6 EqEm7 StEm7 EqEm8 StEm8 EqEm9 StEm9 EqEm10 StEm10 EqEm11 StEm11 EqEm12 StEm12 EqEm13 StEm13 EqEm14 StEm14 EqEm15 StEm15 EqEm16 StEm16 EqEm17 StEm17 EqEm18 StEm18 EqEm19 StEm19 EqEm20 StEm20 EqEm21 StEm21 EqEm22 StEm22 EqEm23 StEm23 EqEm24 StEm24 EqEm25 StEm25 EqEm26 StEm26 EqEm27 StEm27 EqEm28 StEm28 EqEm29 StEm29 EqEm30 StEm30 EqEm31 StEm31 EqEm32 StEm32 EqEm33 StEm33 EqEm34 StEm34 EqEm35 StEm35 EqEm36 StEm36 EqEm37 StEm37 EqEm38 StEm38 EqEm39 StEm39 EqEm40 StEm40 EqEm41 StEm41 EqEm42 StEm42 EqEm43 StEm43 EqEm44 StEm44 EqEm45 StEm45 EqEm46 StEm46 EqEm47 StEm47 EqEm48 StEm48 EqEm49 StEm49 EqEm50 StEm50 EqEm51 StEm51 EqEm52 StEm52 EqEm53 StEm53 EqEm54 StEm54 EqEm55 StEm55 EqEm56 StEm56 EqEm57 StEm57 EqEm58 StEm58 EqEm59 StEm59 EqEm60 StEm60 EqEm61 StEm61 EqEm62 StEm62 EqEm63 StEm63 EqEm64 StEm64 EqEm65 StEm65 EqEm66 StEm66 EqEm67 StEm67 EqEm68 StEm68
0.05 1.00831e-16 1.0083e-16 1.36327e-21 1.35203e-05 0.000256427 0 0 0 0 0 9.80416e-40 0 4.59417e-39 0 9.18836e-39 0 1.37826e-38 0 1.83768e-38 0 2.2971e-38 0 4.59423e-38 0 9.18859e-38 0 1.37831e-37 0 1.83776e-37 0 2.29723e-37 0 2.75671e-37 0 3.2162e-37 0 3.6757e-37 0 4.13519e-37 0 4.59471e-37 0 5.05424e-37 0 5.51378e-37 0 5.97334e-37 0 6.43289e-37 0 6.89242e-37 0 7.35201e-37 0 7.8116e-37 0 8.27116e-37 0 8.73076e-37 0 9.19035e-37 0 9.65e-37 0 1.01096e-36 0 1.05692e-36 0 1.10289e-36 0 1.14885e-36 0 1.19482e-36 0 1.24079e-36 0 1.28675e-36 0 1.33271e-36 0 1.37868e-36 0 1.42465e-36 0 1.47062e-36 0 1.51659e-36 0 1.56257e-36 0 1.60853e-36 0 1.65451e-36 0 1.70048e-36 0 1.74646e-36 0 1.79243e-36 0 1.8384e-36 0 1.88438e-36 0 1.93036e-36 0 1.97634e-36 0 2.02231e-36 0 2.06829e-36 0 2.11427e-36 0 2.16025e-36 0 2.20624e-36 0 2.25221e-36 0 2.2982e-36 0 2.34418e-36 0 2.39017e-36 0 2.43614e-36 0 2.48214e-36 0 2.52812e-36 0 2.57411e-36 0 2.6201e-36 0 2.66608e-36 0 2.71206e-36 0 2.75805e-36
0.0525665 1.09458e-16 1.09457e-16 1.36262e-21 1.24487e-05 0.000230495 0 0 0 0 0 2.14982e-38 0 9.96601e-38 0 1.99321e-37 0 2.98982e-37 0 3.98642e-37 0 4.98304e-37 0 9.96614e-37 0 1.99325e-36 0 2.98991e-36 0 3.9866e-36 0 4.98329e-36 0 5.98003e-36 0 6.97679e-36 0 7.97355e-36 0 8.97032e-36 0 9.96712e-36 0 1.0964e-35 0 1.19608e-35 0 1.29577e-35 0 1.39546e-35 0 1.49514e-35 0 1.59484e-35 0 1.69453e-35 0 1.79422e-35 0 1.89392e-35 0 1.99362e-35 0 2.09332e-35 0 2.19302e-35 0 2.29273e-35 0 2.39243e-35 0 2.49214e-35 0 2.59185e-35 0 2.69157e-35 0 2.79127e-35 0 2.89098e-35 0 2.99069e-35 0 3.09041e-35 0 3.19013e-35 0 3.28984e-35 0 3.38958e-35 0 3.48929e-35 0 3.58901e-35 0 3.68874e-35 0 3.78847e-35 0 3.8882e-35 0 3.98792e-35 0 4.08766e-35 0 4.1874e-35 0 4.28712e-35 0 4.38685e-35 0 4.48659e-35 0 4.58633e-35 0 4.68606e-35 0 4.78582e-35 0 4.88555e-35 0 4.9853e-35 0 5.08504e-35 0 5.18481e-35 0 5.28453e-35 0 5.38431e-35 0 5.48404e-35 0 5.5838e-35 0 5.68355e-35 0 5.78329e-35 0 5.88305e-35 0 5.9828e-35
0.0552647 1.19025e-16 1.19024e-16 1.36831e-21 1.14959e-05 0.000207025 0 0 0 0 0 4.05374e-37 0 1.86266e-36 0 3.72532e-36 0 5.588e-36 0 7.45066e-36 0 9.31335e-36 0 1.86268e-35 0 3.72541e-35 0 5.58817e-35 0 7.45098e-35 0 9.3138e-35 0 1.11767e-34 0 1.30396e-34 0 1.49026e-34 0 1.67655e-34 0 1.86285e-34 0 2.04916e-34 0 2.23548e-34 0 2.42179e-34 0 2.60811e-34 0 2.79441e-34 0 2.98074e-34 0 3.16707e-34 0 3.35339e-34 0 3.53973e-34 0 3.72605e-34 0 3.9124e-34 0 4.09873e-34 0 4.28508e-34 0 4.47143e-34 0 4.65777e-34 0 4.84414e-34 0 5.0305e-34 0 5.21685e-34 0 5.40319e-34 0 5.58955e-34 0 5.77593e-34 0 5.9623e-34 0 6.14866e-34 0 6.33505e-34 0 6.5214e-34 0 6.70779e-34 0 6.89418e-34 0 7.08056e-34 0 7.26695e-34 0 7.45333e-34 0 7.63974e-34 0 7.82614e-34 0 8.01252e-34 0 8.19892e-34 0 8.38532e-34 0 8.57173e-34 0 8.75811e-34 0 8.94456e-34 0 9.13094e-34 0 9.31737e-34 0 9.50378e-34 0 9.69024e-34 0 9.87661e-34 0 1.00631e-33 0 1.02495e-33 0 1.04359e-33 0 1.06224e-33 0 1.08088e-33 0 1.09952e-33 0 1.11816e-33
0.0581015 1.29835e-16 1.29833e-16 1.3825e-21 1.06482e-05 0.000185775 0 0 0 0 0 6.63244e-36 0 3.02597e-35 0 6.05195e-35 0 9.07795e-35 0 1.21039e-34 0 1.51299e-34 0 3.02601e-34 0 6.05208e-34 0 9.07822e-34 0 1.21044e-33 0 1.51306e-33 0 1.8157e-33 0 2.11834e-33 0 2.42098e-33 0 2.72362e-33 0 3.02628e-33 0 3.32894e-33 0 3.63161e-33 0 3.93428e-33 0 4.23695e-33 0 4.53962e-33 0 4.84231e-33 0 5.14501e-33 0 5.44768e-33 0 5.75039e-33 0 6.05308e-33 0 6.35581e-33 0 6.6585e-33 0 6.96123e-33 0 7.26395e-33 0 7.56667e-33 0 7.86942e-33 0 8.17216e-33 0 8.47489e-33 0 8.77761e-33 0 9.08035e-33 0 9.38312e-33 0 9.68588e-33 0 9.98861e-33 0 1.02914e-32 0 1.05941e-32 0 1.08969e-32 0 1.11997e-32 0 1.15025e-32 0 1.18053e-32 0 1.2108e-32 0 1.24109e-32 0 1.27137e-32 0 1.30165e-32 0 1.33192e-32 0 1.36221e-32 0 1.39249e-32 0 1.42277e-32 0 1.45305e-32 0 1.48333e-32 0 1.51362e-32 0 1.5439e-32 0 1.57419e-32 0 1.60446e-32 0 1.63476e-32 0 1.66504e-32 0 1.69532e-32 0 1.72561e-32 0 1.75589e-32 0 1.78617e-32 0 1.81646e-32
0.0610839 1.42003e-16 1.42002e-16 1.40607e-21 9.90172e-06 0.000166507 0 0 0 0 0 9.47933e-35 0 4.30092e-34 0 8.60184e-34 0 1.29028e-33 0 1.72037e-33 0 2.15047e-33 0 4.30096e-33 0 8.60202e-33 0 1.29032e-32 0 1.72044e-32 0 2.15056e-32 0 2.58071e-32 0 3.01086e-32 0 3.44101e-32 0 3.87116e-32 0 4.30133e-32 0 4.7315e-32 0 5.16169e-32 0 5.59189e-32 0 6.02208e-32 0 6.45226e-32 0 6.88249e-32 0 7.31271e-32 0 7.74291e-32 0 8.17314e-32 0 8.60337e-32 0 9.03363e-32 0 9.46386e-32 0 9.89412e-32 0 1.03244e-31 0 1.07546e-31 0 1.11849e-31 0 1.16152e-31 0 1.20455e-31 0 1.24757e-31 0 1.2906e-31 0 1.33364e-31 0 1.37667e-31 0 1.41969e-31 0 1.46273e-31 0 1.50576e-31 0 1.54879e-31 0 1.59183e-31 0 1.63486e-31 0 1.6779e-31 0 1.72093e-31 0 1.76397e-31 0 1.807e-31 0 1.85004e-31 0 1.89307e-31 0 1.93611e-31 0 1.97915e-31 0 2.02218e-31 0 2.06523e-31 0 2.10826e-31 0 2.15131e-31 0 2.19435e-31 0 2.2374e-31 0 2.28043e-31 0 2.32348e-31 0 2.36652e-31 0 2.40956e-31 0 2.45261e-31 0 2.49565e-31 0 2.53869e-31 0 2.58173e-31
0.0642193 1.55831e-16 1.5583e-16 1.44114e-21 9.24812e-06 0.000149035 0 0 0 0 0 1.19243e-33 0 5.38781e-33 0 1.07756e-32 0 1.61635e-32 0 2.15513e-32 0 2.69392e-32 0 5.38786e-32 0 1.07758e-31 0 1.61639e-31 0 2.15521e-31 0 2.69403e-31 0 3.23287e-31 0 3.77172e-31 0 4.31057e-31 0 4.84943e-31 0 5.38829e-31 0 5.92718e-31 0 6.46607e-31 0 7.00498e-31 0 7.54388e-31 0 8.08277e-31 0 8.62171e-31 0 9.16064e-31 0 9.69955e-31 0 1.02385e-30 0 1.07774e-30 0 1.13164e-30 0 1.18554e-30 0 1.23943e-30 0 1.29333e-30 0 1.34723e-30 0 1.40113e-30 0 1.45503e-30 0 1.50893e-30 0 1.56283e-30 0 1.61673e-30 0 1.67064e-30 0 1.72454e-30 0 1.77844e-30 0 1.83235e-30 0 1.88625e-30 0 1.94016e-30 0 1.99407e-30 0 2.04798e-30 0 2.10188e-30 0 2.15579e-30 0 2.2097e-30 0 2.26362e-30 0 2.31752e-30 0 2.37143e-30 0 2.42534e-30 0 2.47926e-30 0 2.53316e-30 0 2.58709e-30 0 2.64099e-30 0 2.69491e-30 0 2.74883e-30 0 2.80275e-30 0 2.85666e-30 0 2.91059e-30 0 2.9645e-30 0 3.01842e-30 0 3.07234e-30 0 3.12625e-30 0 3.18017e-30 0 3.23409e-30
0.0675157 1.71494e-16 1.71492e-16 1.48867e-21 8.68059e-06 0.000133188 0 0 0 0 0 1.32816e-32 0 5.98364e-32 0 1.19673e-31 0 1.7951e-31 0 2.39346e-31 0 2.99183e-31 0 5.9837e-31 0 1.19675e-30 0 1.79514e-30 0 2.39355e-30 0 2.99195e-30 0 3.59038e-30 0 4.18882e-30 0 4.78725e-30 0 5.38569e-30 0 5.98415e-30 0 6.58262e-30 0 7.18111e-30 0 7.77961e-30 0 8.3781e-30 0 8.97657e-30 0 9.5751e-30 0 1.01736e-29 0 1.07721e-29 0 1.13707e-29 0 1.19692e-29 0 1.25678e-29 0 1.31663e-29 0 1.37649e-29 0 1.43635e-29 0 1.4962e-29 0 1.55607e-29 0 1.61593e-29 0 1.67578e-29 0 1.73564e-29 0 1.7955e-29 0 1.85537e-29 0 1.91523e-29 0 1.97509e-29 0 2.03496e-29 0 2.09482e-29 0 2.15469e-29 0 2.21456e-29 0 2.27442e-29 0 2.33429e-29 0 2.39416e-29 0 2.45403e-29 0 2.5139e-29 0 2.57377e-29 0 2.63364e-29 0 2.69351e-29 0 2.75339e-29 0 2.81325e-29 0 2.87314e-29 0 2.933e-29 0 2.99288e-29 0 3.05276e-29 0 3.11264e-29 0 3.17251e-29 0 3.2324e-29 0 3.29227e-29 0 3.35215e-29 0 3.41203e-29 0 3.4719e-29 0 3.53178e-29 0 3.59166e-29
0.0709813 1.88637e-16 1.88635e-16 1.54638e-21 8.19766e-06 0.000118805 0 0 0 7.00649e-45 0 1.31361e-31 0 5.90734e-31 0 1.18147e-30 0 1.77221e-30 0 2.36294e-30 0 2.95368e-30 0 5.90739e-30 0 1.18149e-29 0 1.77225e-29 0 2.36302e-29 0 2.95379e-29 0 3.54459e-29 0 4.13539e-29 0 4.72619e-29 0 5.317e-29 0 5.90782e-29 0 6.49865e-29 0 7.0895e-29 0 7.68035e-29 0 8.27121e-29 0 8.86204e-29 0 9.45293e-29 0 1.00438e-28 0 1.06347e-28 0 1.12256e-28 0 1.18165e-28 0 1.24074e-28 0 1.29983e-28 0 1.35892e-28 0 1.41802e-28 0 1.47711e-28 0 1.53621e-28 0 1.5953e-28 0 1.6544e-28 0 1.71349e-28 0 1.77258e-28 0 1.83169e-28 0 1.89078e-28 0 1.94988e-28 0 2.00898e-28 0 2.06808e-28 0 2.12718e-28 0 2.18629e-28 0 2.24539e-28 0 2.30449e-28 0 2.36359e-28 0 2.4227e-28 0 2.48181e-28 0 2.54091e-28 0 2.60001e-28 0 2.65912e-28 0 2.71823e-28 0 2.77733e-28 0 2.83644e-28 0 2.89555e-28 0 2.95466e-28 0 3.01377e-28 0 3.07289e-28 0 3.13199e-28 0 3.19111e-28 0 3.25022e-28 0 3.30934e-28 0 3.36845e-28 0 3.42756e-28 0 3.48667e-28 0 3.54578e-28
0.0746248 2.05826e-16 2.05824e-16 1.60437e-21 7.79478e-06 0.000105902 0 0 0 3.40516e-43 0 1.15176e-30 0 5.17501e-30 0 1.035e-29 0 1.55251e-29 0 2.07001e-29 0 2.58752e-29 0 5.17506e-29 0 1.03502e-28 0 1.55254e-28 0 2.07007e-28 0 2.58761e-28 0 3.10516e-28 0 3.62272e-28 0 4.14027e-28 0 4.65784e-28 0 5.17541e-28 0 5.69299e-28 0 6.21059e-28 0 6.72819e-28 0 7.24579e-28 0 7.76338e-28 0 8.28101e-28 0 8.79864e-28 0 9.31624e-28 0 9.83388e-28 0 1.03515e-27 0 1.08692e-27 0 1.13868e-27 0 1.19045e-27 0 1.24221e-27 0 1.29398e-27 0 1.34575e-27 0 1.39752e-27 0 1.44929e-27 0 1.50105e-27 0 1.55282e-27 0 1.60459e-27 0 1.65637e-27 0 1.70813e-27 0 1.75991e-27 0 1.81168e-27 0 1.86345e-27 0 1.91523e-27 0 1.967e-27 0 2.01878e-27 0 2.07055e-27 0 2.12233e-27 0 2.1741e-27 0 2.22588e-27 0 2.27765e-27 0 2.32943e-27 0 2.38121e-27 0 2.43298e-27 0 2.48477e-27 0 2.53654e-27 0 2.58833e-27 0 2.64011e-27 0 2.69189e-27 0 2.74367e-27 0 2.79546e-27 0 2.84724e-27 0 2.89902e-27 0 2.95081e-27 0 3.00258e-27 0 3.05437e-27 0 3.10615e-27
0.0784553 2.12223e-16 2.12221e-16 1.54842e-21 7.29623e-06 9.56805e-05 0 0 0 1.32311e-41 0 8.57614e-30 0 3.85325e-29 0 7.70651e-29 0 1.15598e-28 0 1.5413e-28 0 1.92663e-28 0 3.85328e-28 0 7.70663e-28 0 1.156e-27 0 1.54135e-27 0 1.9267e-27 0 2.31206e-27 0 2.69742e-27 0 3.08279e-27 0 3.46815e-27 0 3.85353e-27 0 4.23891e-27 0 4.6243e-27 0 5.0097e-27 0 5.3951e-27 0 5.78048e-27 0 6.1659e-27 0 6.55131e-27 0 6.93671e-27 0 7.32213e-27 0 7.70755e-27 0 8.09299e-27 0 8.47841e-27 0 8.86385e-27 0 9.24929e-27 0 9.63472e-27 0 1.00202e-26 0 1.04056e-26 0 1.07911e-26 0 1.11765e-26 0 1.1562e-26 0 1.19475e-26 0 1.23329e-26 0 1.27184e-26 0 1.31039e-26 0 1.34894e-26 0 1.38748e-26 0 1.42604e-26 0 1.46458e-26 0 1.50313e-26 0 1.54168e-26 0 1.58024e-26 0 1.61879e-26 0 1.65734e-26 0 1.69589e-26 0 1.73444e-26 0 1.77299e-26 0 1.81154e-26 0 1.8501e-26 0 1.88865e-26 0 1.9272e-26 0 1.96576e-26 0 2.00432e-26 0 2.04286e-26 0 2.08143e-26 0 2.11998e-26 0 2.15854e-26 0 2.19709e-26 0 2.23564e-26 0 2.2742e-26 0 2.31275e-26
0.0824824 2.00615e-16 2.00613e-16 1.32834e-21 6.62137e-06 8.83242e-05 0 2.8026e-45 0 3.91778e-40 0 5.28992e-29 0 2.37838e-28 0 4.75677e-28 0 7.13516e-28 0 9.51355e-28 0 1.1892e-27 0 2.3784e-27 0 4.75684e-27 0 7.13531e-27 0 9.51381e-27 0 1.18923e-26 0 1.42709e-26 0 1.66495e-26 0 1.90281e-26 0 2.14068e-26 0 2.37854e-26 0 2.61642e-26 0 2.85429e-26 0 3.09217e-26 0 3.33005e-26 0 3.56792e-26 0 3.80582e-26 0 4.04371e-26 0 4.28159e-26 0 4.51948e-26 0 4.75737e-26 0 4.99528e-26 0 5.23317e-26 0 5.47107e-26 0 5.70898e-26 0 5.94688e-26 0 6.1848e-26 0 6.42272e-26 0 6.66063e-26 0 6.89853e-26 0 7.13644e-26 0 7.37438e-26 0 7.6123e-26 0 7.85021e-26 0 8.08816e-26 0 8.32607e-26 0 8.564e-26 0 8.80195e-26 0 9.03988e-26 0 9.27782e-26 0 9.51575e-26 0 9.75371e-26 0 9.99166e-26 0 1.02296e-25 0 1.04675e-25 0 1.07055e-25 0 1.09434e-25 0 1.11814e-25 0 1.14194e-25 0 1.16573e-25 0 1.18953e-25 0 1.21332e-25 0 1.23712e-25 0 1.26092e-25 0 1.28472e-25 0 1.30851e-25 0 1.33231e-25 0 1.35611e-25 0 1.3799e-25 0 1.4037e-25 0 1.4275e-25
0.0867162 1.81473e-16 1.81472e-16 1.0875e-21 5.9926e-06 8.27261e-05 0 9.66896e-44 0 9.29555e-39 0 2.83563e-28 0 1.27657e-27 0 2.55315e-27 0 3.82973e-27 0 5.10631e-27 0 6.38289e-27 0 1.27658e-26 0 2.55319e-26 0 3.82981e-26 0 5.10644e-26 0 6.38308e-26 0 7.65976e-26 0 8.93645e-26 0 1.02131e-25 0 1.14898e-25 0 1.27666e-25 0 1.40433e-25 0 1.53201e-25 0 1.65969e-25 0 1.78736e-25 0 1.91504e-25 0 2.04272e-25 0 2.17041e-25 0 2.29809e-25 0 2.42577e-25 0 2.55346e-25 0 2.68115e-25 0 2.80883e-25 0 2.93652e-25 0 3.06422e-25 0 3.19191e-25 0 3.31961e-25 0 3.4473e-25 0 3.57499e-25 0 3.70268e-25 0 3.83038e-25 0 3.95808e-25 0 4.08579e-25 0 4.21348e-25 0 4.34119e-25 0 4.46889e-25 0 4.59659e-25 0 4.7243e-25 0 4.85201e-25 0 4.97972e-25 0 5.10742e-25 0 5.23514e-25 0 5.36285e-25 0 5.49056e-25 0 5.61827e-25 0 5.74599e-25 0 5.8737e-25 0 6.00141e-25 0 6.12914e-25 0 6.25685e-25 0 6.38457e-25 0 6.51229e-25 0 6.64003e-25 0 6.76773e-25 0 6.89548e-25 0 7.02319e-25 0 7.15092e-25 0 7.27865e-25 0 7.40636e-25 0 7.53409e-25 0 7.66181e-25
0.0911674 1.59122e-16 1.59121e-16 8.61183e-22 5.4121e-06 7.84475e-05 0 3.03942e-42 0 1.80577e-37 0 1.34457e-27 0 6.06416e-27 0 1.21283e-26 0 1.81925e-26 0 2.42567e-26 0 3.03209e-26 0 6.0642e-26 0 1.21285e-25 0 1.81928e-25 0 2.42573e-25 0 3.03218e-25 0 3.63864e-25 0 4.24511e-25 0 4.85157e-25 0 5.45805e-25 0 6.06453e-25 0 6.67102e-25 0 7.27752e-25 0 7.88404e-25 0 8.49054e-25 0 9.09704e-25 0 9.70357e-25 0 1.03101e-24 0 1.09166e-24 0 1.15232e-24 0 1.21297e-24 0 1.27363e-24 0 1.33428e-24 0 1.39494e-24 0 1.45559e-24 0 1.51625e-24 0 1.57691e-24 0 1.63757e-24 0 1.69823e-24 0 1.75888e-24 0 1.81954e-24 0 1.8802e-24 0 1.94087e-24 0 2.00152e-24 0 2.06219e-24 0 2.12285e-24 0 2.18351e-24 0 2.24418e-24 0 2.30484e-24 0 2.3655e-24 0 2.42617e-24 0 2.48684e-24 0 2.5475e-24 0 2.60817e-24 0 2.66883e-24 0 2.7295e-24 0 2.79017e-24 0 2.85083e-24 0 2.91151e-24 0 2.97217e-24 0 3.03284e-24 0 3.09351e-24 0 3.15419e-24 0 3.21485e-24 0 3.27553e-24 0 3.3362e-24 0 3.39687e-24 0 3.45754e-24 0 3.51821e-24 0 3.57888e-24 0 3.63956e-24
0.095847 1.36683e-16 1.36683e-16 6.66192e-22 4.87398e-06 7.49509e-05 0 7.80103e-41 0 2.92688e-36 0 5.72634e-27 0 2.58848e-26 0 5.17696e-26 0 7.76545e-26 0 1.03539e-25 0 1.29424e-25 0 2.58849e-25 0 5.17702e-25 0 7.76558e-25 0 1.03542e-24 0 1.29428e-24 0 1.55314e-24 0 1.81201e-24 0 2.07088e-24 0 2.32975e-24 0 2.58863e-24 0 2.8475e-24 0 3.10639e-24 0 3.36527e-24 0 3.62416e-24 0 3.88304e-24 0 4.14193e-24 0 4.40083e-24 0 4.65971e-24 0 4.91861e-24 0 5.17751e-24 0 5.43642e-24 0 5.69532e-24 0 5.95422e-24 0 6.21314e-24 0 6.47204e-24 0 6.73096e-24 0 6.98988e-24 0 7.24879e-24 0 7.5077e-24 0 7.76661e-24 0 8.02555e-24 0 8.28448e-24 0 8.54339e-24 0 8.80234e-24 0 9.06125e-24 0 9.32018e-24 0 9.57913e-24 0 9.83806e-24 0 1.0097e-23 0 1.03559e-23 0 1.06149e-23 0 1.08738e-23 0 1.11328e-23 0 1.13917e-23 0 1.16507e-23 0 1.19096e-23 0 1.21686e-23 0 1.24275e-23 0 1.26865e-23 0 1.29454e-23 0 1.32044e-23 0 1.34634e-23 0 1.37223e-23 0 1.39813e-23 0 1.42403e-23 0 1.44993e-23 0 1.47582e-23 0 1.50172e-23 0 1.52762e-23 0 1.55351e-23
0.100767 1.16014e-16 1.16013e-16 5.08064e-22 4.37933e-06 7.17128e-05 0 1.66027e-39 0 4.02388e-35 0 2.21915e-26 0 1.00576e-25 0 2.01151e-25 0 3.01727e-25 0 4.02303e-25 0 5.0288e-25 0 1.00576e-24 0 2.01154e-24 0 3.01732e-24 0 4.02312e-24 0 5.02892e-24 0 6.03474e-24 0 7.04058e-24 0 8.04641e-24 0 9.05225e-24 0 1.00581e-23 0 1.1064e-23 0 1.20699e-23 0 1.30757e-23 0 1.40816e-23 0 1.50875e-23 0 1.60934e-23 0 1.70994e-23 0 1.81053e-23 0 1.91112e-23 0 2.01171e-23 0 2.11231e-23 0 2.21291e-23 0 2.3135e-23 0 2.4141e-23 0 2.5147e-23 0 2.6153e-23 0 2.7159e-23 0 2.8165e-23 0 2.9171e-23 0 3.0177e-23 0 3.11831e-23 0 3.21891e-23 0 3.31951e-23 0 3.42012e-23 0 3.52072e-23 0 3.62133e-23 0 3.72194e-23 0 3.82255e-23 0 3.92316e-23 0 4.02376e-23 0 4.12438e-23 0 4.22499e-23 0 4.3256e-23 0 4.42621e-23 0 4.52682e-23 0 4.62744e-23 0 4.72804e-23 0 4.82867e-23 0 4.92928e-23 0 5.0299e-23 0 5.13051e-23 0 5.23114e-23 0 5.33175e-23 0 5.43238e-23 0 5.53299e-23 0 5.63362e-23 0 5.73424e-23 0 5.83485e-23 0 5.93547e-23 0 6.03609e-23
0.105939 9.79016e-17 9.79012e-17 3.8347e-22 3.9169e-06 6.83032e-05 0 2.97305e-38 0 4.75683e-34 0 7.90742e-26 0 3.59425e-25 0 7.18849e-25 0 1.07828e-24 0 1.4377e-24 0 1.79713e-24 0 3.59427e-24 0 7.18857e-24 0 1.07829e-23 0 1.43773e-23 0 1.79717e-23 0 2.15662e-23 0 2.51607e-23 0 2.87552e-23 0 3.23497e-23 0 3.59443e-23 0 3.95389e-23 0 4.31336e-23 0 4.67283e-23 0 5.0323e-23 0 5.39176e-23 0 5.75124e-23 0 6.11073e-23 0 6.4702e-23 0 6.82969e-23 0 7.18917e-23 0 7.54867e-23 0 7.90815e-23 0 8.26765e-23 0 8.62715e-23 0 8.98665e-23 0 9.34617e-23 0 9.70567e-23 0 1.00652e-22 0 1.04247e-22 0 1.07842e-22 0 1.11437e-22 0 1.15032e-22 0 1.18627e-22 0 1.22223e-22 0 1.25818e-22 0 1.29413e-22 0 1.33009e-22 0 1.36604e-22 0 1.40199e-22 0 1.43795e-22 0 1.4739e-22 0 1.50986e-22 0 1.54581e-22 0 1.58176e-22 0 1.61772e-22 0 1.65367e-22 0 1.68963e-22 0 1.72559e-22 0 1.76154e-22 0 1.7975e-22 0 1.83345e-22 0 1.86941e-22 0 1.90537e-22 0 1.94133e-22 0 1.97728e-22 0 2.01324e-22 0 2.0492e-22 0 2.08515e-22 0 2.12111e-22 0 2.15707e-22
0.111377 8.2498e-17 8.24978e-17 2.8764e-22 3.48663e-06 6.45097e-05 0 4.53571e-37 0 4.89093e-33 0 2.61253e-25 0 1.19126e-24 0 2.38251e-24 0 3.57377e-24 0 4.76503e-24 0 5.95629e-24 0 1.19126e-23 0 2.38254e-23 0 3.57382e-23 0 4.76512e-23 0 5.95642e-23 0 7.14775e-23 0 8.33908e-23 0 9.53042e-23 0 1.07218e-22 0 1.19131e-22 0 1.31045e-22 0 1.42959e-22 0 1.54873e-22 0 1.66787e-22 0 1.78701e-22 0 1.90615e-22 0 2.02529e-22 0 2.14443e-22 0 2.26358e-22 0 2.38272e-22 0 2.50187e-22 0 2.62102e-22 0 2.74016e-22 0 2.85931e-22 0 2.97846e-22 0 3.09762e-22 0 3.21677e-22 0 3.33592e-22 0 3.45507e-22 0 3.57422e-22 0 3.69337e-22 0 3.81253e-22 0 3.93168e-22 0 4.05084e-22 0 4.17e-22 0 4.28915e-22 0 4.40832e-22 0 4.52747e-22 0 4.64664e-22 0 4.76579e-22 0 4.88496e-22 0 5.00412e-22 0 5.12328e-22 0 5.24244e-22 0 5.36161e-22 0 5.48078e-22 0 5.59993e-22 0 5.71911e-22 0 5.83827e-22 0 5.95744e-22 0 6.07661e-22 0 6.19579e-22 0 6.31495e-22 0 6.43413e-22 0 6.5533e-22 0 6.67247e-22 0 6.79165e-22 0 6.91081e-22 0 7.02998e-22 0 7.14916e-22
0.117094 6.96353e-17 6.96351e-17 2.14699e-22 3.08319e-06 6.02898e-05 0 5.95981e-36 0 4.41735e-32 0 8.05941e-25 0 3.68721e-24 0 7.37442e-24 0 1.10616e-23 0 1.47489e-23 0 1.84361e-23 0 3.68722e-23 0 7.37449e-23 0 1.10618e-22 0 1.47491e-22 0 1.84365e-22 0 2.21239e-22 0 2.58113e-22 0 2.94987e-22 0 3.31862e-22 0 3.68737e-22 0 4.05612e-22 0 4.42488e-22 0 4.79365e-22 0 5.16241e-22 0 5.53116e-22 0 5.89994e-22 0 6.26871e-22 0 6.63747e-22 0 7.00625e-22 0 7.37503e-22 0 7.74382e-22 0 8.11259e-22 0 8.48138e-22 0 8.85017e-22 0 9.21895e-22 0 9.58776e-22 0 9.95655e-22 0 1.03253e-21 0 1.06941e-21 0 1.10629e-21 0 1.14317e-21 0 1.18005e-21 0 1.21693e-21 0 1.25382e-21 0 1.2907e-21 0 1.32758e-21 0 1.36446e-21 0 1.40134e-21 0 1.43823e-21 0 1.47511e-21 0 1.51199e-21 0 1.54887e-21 0 1.58576e-21 0 1.62264e-21 0 1.65952e-21 0 1.69641e-21 0 1.73329e-21 0 1.77017e-21 0 1.80706e-21 0 1.84394e-21 0 1.88083e-21 0 1.91771e-21 0 1.95459e-21 0 1.99148e-21 0 2.02837e-21 0 2.06525e-21 0 2.10214e-21 0 2.13902e-21 0 2.17591e-21 0 2.2128e-21
0.123105 5.92318e-17 5.92317e-17 1.59528e-22 2.69327e-06 5.56792e-05 0 6.83562e-35 0 3.54836e-31 0 2.34408e-24 0 1.07617e-23 0 2.15233e-23 0 3.2285e-23 0 4.30467e-23 0 5.38084e-23 0 1.07617e-22 0 2.15235e-22 0 3.22854e-22 0 4.30474e-22 0 5.38095e-22 0 6.45717e-22 0 7.5334e-22 0 8.60963e-22 0 9.68586e-22 0 1.07621e-21 0 1.18384e-21 0 1.29146e-21 0 1.39909e-21 0 1.50672e-21 0 1.61435e-21 0 1.72198e-21 0 1.82961e-21 0 1.93724e-21 0 2.04487e-21 0 2.1525e-21 0 2.26014e-21 0 2.36777e-21 0 2.4754e-21 0 2.58304e-21 0 2.69067e-21 0 2.79831e-21 0 2.90595e-21 0 3.01359e-21 0 3.12122e-21 0 3.22886e-21 0 3.3365e-21 0 3.44414e-21 0 3.55178e-21 0 3.65942e-21 0 3.76706e-21 0 3.8747e-21 0 3.98235e-21 0 4.08999e-21 0 4.19764e-21 0 4.30528e-21 0 4.41293e-21 0 4.52057e-21 0 4.62822e-21 0 4.73586e-21 0 4.84351e-21 0 4.95116e-21 0 5.0588e-21 0 5.16646e-21 0 5.2741e-21 0 5.38176e-21 0 5.48941e-21 0 5.59707e-21 0 5.70471e-21 0 5.81237e-21 0 5.92002e-21 0 6.02768e-21 0 6.13533e-21 0 6.24298e-21 0 6.35063e-21 0 6.45829e-21
0.129424 5.08826e-17 5.08824e-17 1.18232e-22 2.32362e-06 5.09076e-05 0 6.90676e-34 0 2.55619e-30 0 6.46478e-24 0 2.97863e-23 0 5.95726e-23 0 8.93591e-23 0 1.19145e-22 0 1.48932e-22 0 2.97864e-22 0 5.95731e-22 0 8.93601e-22 0 1.19147e-21 0 1.48935e-21 0 1.78722e-21 0 2.0851e-21 0 2.38298e-21 0 2.68086e-21 0 2.97875e-21 0 3.27663e-21 0 3.57452e-21 0 3.87242e-21 0 4.17031e-21 0 4.4682e-21 0 4.7661e-21 0 5.064e-21 0 5.36189e-21 0 5.6598e-21 0 5.95769e-21 0 6.25561e-21 0 6.55351e-21 0 6.85142e-21 0 7.14933e-21 0 7.44724e-21 0 7.74516e-21 0 8.04308e-21 0 8.34099e-21 0 8.6389e-21 0 8.93682e-21 0 9.23475e-21 0 9.53267e-21 0 9.83059e-21 0 1.01285e-20 0 1.04264e-20 0 1.07244e-20 0 1.10223e-20 0 1.13202e-20 0 1.16182e-20 0 1.19161e-20 0 1.22141e-20 0 1.2512e-20 0 1.28099e-20 0 1.31079e-20 0 1.34058e-20 0 1.37038e-20 0 1.40017e-20 0 1.42997e-20 0 1.45976e-20 0 1.48956e-20 0 1.51935e-20 0 1.54915e-20 0 1.57894e-20 0 1.60874e-20 0 1.63853e-20 0 1.66833e-20 0 1.69813e-20 0 1.72792e-20 0 1.75772e-20 0 1.78751e-20
0.136067 4.44083e-17 4.44082e-17 8.73743e-23 1.96752e-06 4.61246e-05 0 6.22615e-33 0 1.67103e-29 0 1.70653e-23 0 7.89152e-23 0 1.5783e-22 0 2.36746e-22 0 3.15661e-22 0 3.94577e-22 0 7.89155e-22 0 1.57832e-21 0 2.36748e-21 0 3.15666e-21 0 3.94583e-21 0 4.73502e-21 0 5.52421e-21 0 6.31341e-21 0 7.1026e-21 0 7.89181e-21 0 8.68102e-21 0 9.47024e-21 0 1.02595e-20 0 1.10487e-20 0 1.18379e-20 0 1.26271e-20 0 1.34164e-20 0 1.42056e-20 0 1.49949e-20 0 1.57841e-20 0 1.65734e-20 0 1.73626e-20 0 1.81519e-20 0 1.89412e-20 0 1.97304e-20 0 2.05197e-20 0 2.1309e-20 0 2.20983e-20 0 2.28876e-20 0 2.36768e-20 0 2.44662e-20 0 2.52555e-20 0 2.60448e-20 0 2.68341e-20 0 2.76234e-20 0 2.84127e-20 0 2.9202e-20 0 2.99914e-20 0 3.07807e-20 0 3.157e-20 0 3.23594e-20 0 3.31487e-20 0 3.3938e-20 0 3.47274e-20 0 3.55167e-20 0 3.63061e-20 0 3.70954e-20 0 3.78848e-20 0 3.86741e-20 0 3.94635e-20 0 4.02529e-20 0 4.10423e-20 0 4.18316e-20 0 4.26211e-20 0 4.34104e-20 0 4.41999e-20 0 4.49892e-20 0 4.57786e-20 0 4.6568e-20 0 4.73574e-20
0.143051 3.95339e-17 3.95339e-17 6.44152e-23 1.62936e-06 4.1493e-05 0 5.05939e-32 0 1.00075e-28 0 4.34299e-23 0 2.01574e-22 0 4.03149e-22 0 6.04724e-22 0 8.06299e-22 0 1.00787e-21 0 2.01575e-21 0 4.03152e-21 0 6.0473e-21 0 8.0631e-21 0 1.00789e-20 0 1.20947e-20 0 1.41106e-20 0 1.61264e-20 0 1.81423e-20 0 2.01581e-20 0 2.2174e-20 0 2.41899e-20 0 2.62058e-20 0 2.82218e-20 0 3.02376e-20 0 3.22536e-20 0 3.42696e-20 0 3.62855e-20 0 3.83015e-20 0 4.03174e-20 0 4.23335e-20 0 4.43494e-20 0 4.63655e-20 0 4.83815e-20 0 5.03975e-20 0 5.24136e-20 0 5.44297e-20 0 5.64457e-20 0 5.84617e-20 0 6.04778e-20 0 6.24939e-20 0 6.451e-20 0 6.65261e-20 0 6.85423e-20 0 7.05584e-20 0 7.25745e-20 0 7.45907e-20 0 7.66068e-20 0 7.8623e-20 0 8.06391e-20 0 8.26554e-20 0 8.46716e-20 0 8.66877e-20 0 8.87039e-20 0 9.07202e-20 0 9.27364e-20 0 9.47525e-20 0 9.67689e-20 0 9.87851e-20 0 1.00801e-19 0 1.02818e-19 0 1.04834e-19 0 1.0685e-19 0 1.08867e-19 0 1.10883e-19 0 1.12899e-19 0 1.14915e-19 0 1.16932e-19 0 1.18948e-19 0 1.20964e-19
0.150394 3.5982e-17 3.5982e-17 4.72651e-23 1.31358e-06 3.71099e-05 0 3.73707e-31 0 5.53234e-28 0 1.07134e-22 0 4.99087e-22 0 9.98174e-22 0 1.49726e-21 0 1.99635e-21 0 2.49544e-21 0 4.99088e-21 0 9.9818e-21 0 1.49728e-20 0 1.99637e-20 0 2.49547e-20 0 2.99458e-20 0 3.49369e-20 0 3.9928e-20 0 4.49191e-20 0 4.99102e-20 0 5.49014e-20 0 5.98927e-20 0 6.4884e-20 0 6.98752e-20 0 7.48664e-20 0 7.98578e-20 0 8.48492e-20 0 8.98404e-20 0 9.48319e-20 0 9.98232e-20 0 1.04815e-19 0 1.09806e-19 0 1.14798e-19 0 1.19789e-19 0 1.24781e-19 0 1.29772e-19 0 1.34764e-19 0 1.39756e-19 0 1.44747e-19 0 1.49739e-19 0 1.5473e-19 0 1.59722e-19 0 1.64714e-19 0 1.69706e-19 0 1.74697e-19 0 1.79689e-19 0 1.84681e-19 0 1.89673e-19 0 1.94665e-19 0 1.99656e-19 0 2.04648e-19 0 2.0964e-19 0 2.14632e-19 0 2.19624e-19 0 2.24616e-19 0 2.29608e-19 0 2.346e-19 0 2.39592e-19 0 2.44584e-19 0 2.49576e-19 0 2.54568e-19 0 2.5956e-19 0 2.64552e-19 0 2.69545e-19 0 2.74537e-19 0 2.79529e-19 0 2.84521e-19 0 2.89513e-19 0 2.94505e-19 0 2.99498e-19
0.158114 3.36974e-17 3.36974e-17 3.43222e-23 1.01854e-06 3.29763e-05 0 2.53982e-30 0 2.85556e-27 0 2.58587e-22 0 1.20907e-21 0 2.41814e-21 0 3.62721e-21 0 4.83628e-21 0 6.04535e-21 0 1.20907e-20 0 2.41815e-20 0 3.62724e-20 0 4.83634e-20 0 6.04543e-20 0 7.25455e-20 0 8.46367e-20 0 9.67279e-20 0 1.08819e-19 0 1.2091e-19 0 1.33002e-19 0 1.45093e-19 0 1.57185e-19 0 1.69277e-19 0 1.81368e-19 0 1.9346e-19 0 2.05552e-19 0 2.17643e-19 0 2.29735e-19 0 2.41827e-19 0 2.53919e-19 0 2.66011e-19 0 2.78103e-19 0 2.90195e-19 0 3.02288e-19 0 3.1438e-19 0 3.26472e-19 0 3.38565e-19 0 3.50657e-19 0 3.62749e-19 0 3.74842e-19 0 3.86934e-19 0 3.99027e-19 0 4.1112e-19 0 4.23212e-19 0 4.35305e-19 0 4.47398e-19 0 4.59491e-19 0 4.71584e-19 0 4.83676e-19 0 4.9577e-19 0 5.07863e-19 0 5.19955e-19 0 5.32048e-19 0 5.44142e-19 0 5.56235e-19 0 5.68328e-19 0 5.80422e-19 0 5.92515e-19 0 6.04608e-19 0 6.16701e-19 0 6.28796e-19 0 6.40888e-19 0 6.52983e-19 0 6.65076e-19 0 6.7717e-19 0 6.89263e-19 0 7.01357e-19 0 7.1345e-19 0 7.25544e-19
0.16623 3.30495e-17 3.30495e-17 2.45854e-23 7.43895e-07 2.90317e-05 0 1.62533e-29 0 1.40735e-26 0 6.2334e-22 0 2.92514e-21 0 5.85029e-21 0 8.77544e-21 0 1.17006e-20 0 1.46257e-20 0 2.92515e-20 0 5.85032e-20 0 8.77551e-20 0 1.17007e-19 0 1.46259e-19 0 1.75512e-19 0 2.04764e-19 0 2.34017e-19 0 2.6327e-19 0 2.92522e-19 0 3.21776e-19 0 3.51029e-19 0 3.80283e-19 0 4.09536e-19 0 4.38789e-19 0 4.68043e-19 0 4.97297e-19 0 5.26551e-19 0 5.55805e-19 0 5.85059e-19 0 6.14314e-19 0 6.43568e-19 0 6.72823e-19 0 7.02078e-19 0 7.31332e-19 0 7.60588e-19 0 7.89843e-19 0 8.19098e-19 0 8.48353e-19 0 8.77608e-19 0 9.06864e-19 0 9.3612e-19 0 9.65375e-19 0 9.94631e-19 0 1.02389e-18 0 1.05314e-18 0 1.0824e-18 0 1.11166e-18 0 1.14091e-18 0 1.17017e-18 0 1.19943e-18 0 1.22868e-18 0 1.25794e-18 0 1.2872e-18 0 1.31645e-18 0 1.34571e-18 0 1.37497e-18 0 1.40422e-18 0 1.43348e-18 0 1.46274e-18 0 1.492e-18 0 1.52126e-18 0 1.55051e-18 0 1.57977e-18 0 1.60903e-18 0 1.63829e-18 0 1.66755e-18 0 1.6968e-18 0 1.72606e-18 0 1.75532e-18
0.174762 3.56782e-17 3.56782e-17 1.83753e-23 5.15029e-07 2.52103e-05 0 1.03473e-28 0 6.99227e-26 0 1.58153e-21 0 7.44822e-21 0 1.48964e-20 0 2.23447e-20 0 2.97929e-20 0 3.72411e-20 0 7.44824e-20 0 1.48965e-19 0 2.23448e-19 0 2.97932e-19 0 3.72416e-19 0 4.469e-19 0 5.21385e-19 0 5.9587e-19 0 6.70355e-19 0 7.44841e-19 0 8.19327e-19 0 8.93814e-19 0 9.68301e-19 0 1.04279e-18 0 1.11727e-18 0 1.19176e-18 0 1.26625e-18 0 1.34074e-18 0 1.41523e-18 0 1.48972e-18 0 1.56421e-18 0 1.63869e-18 0 1.71318e-18 0 1.78767e-18 0 1.86216e-18 0 1.93666e-18 0 2.01115e-18 0 2.08564e-18 0 2.16013e-18 0 2.23462e-18 0 2.30911e-18 0 2.3836e-18 0 2.45809e-18 0 2.53259e-18 0 2.60708e-18 0 2.68157e-18 0 2.75607e-18 0 2.83056e-18 0 2.90506e-18 0 2.97955e-18 0 3.05405e-18 0 3.12854e-18 0 3.20303e-18 0 3.27753e-18 0 3.35202e-18 0 3.42652e-18 0 3.50101e-18 0 3.57551e-18 0 3.65001e-18 0 3.72451e-18 0 3.799e-18 0 3.8735e-18 0 3.948e-18 0 4.0225e-18 0 4.09699e-18 0 4.17149e-18 0 4.24599e-18 0 4.32049e-18 0 4.39498e-18 0 4.46948e-18
0.183733 4.41216e-17 4.41216e-17 1.76383e-23 3.99765e-07 2.15938e-05 0 6.85389e-28 0 3.66062e-25 0 4.40687e-21 0 2.0827e-20 0 4.16541e-20 0 6.24811e-20 0 8.33082e-20 0 1.04135e-19 0 2.08271e-19 0 4.16543e-19 0 6.24816e-19 0 8.3309e-19 0 1.04136e-18 0 1.24964e-18 0 1.45792e-18 0 1.6662e-18 0 1.87447e-18 0 2.08275e-18 0 2.29103e-18 0 2.49932e-18 0 2.7076e-18 0 2.91588e-18 0 3.12416e-18 0 3.33245e-18 0 3.54074e-18 0 3.74902e-18 0 3.95731e-18 0 4.16559e-18 0 4.37388e-18 0 4.58217e-18 0 4.79046e-18 0 4.99875e-18 0 5.20704e-18 0 5.41534e-18 0 5.62363e-18 0 5.83192e-18 0 6.04021e-18 0 6.24851e-18 0 6.45681e-18 0 6.6651e-18 0 6.8734e-18 0 7.0817e-18 0 7.28999e-18 0 7.49829e-18 0 7.7066e-18 0 7.91489e-18 0 8.1232e-18 0 8.33149e-18 0 8.5398e-18 0 8.74811e-18 0 8.95641e-18 0 9.16471e-18 0 9.37301e-18 0 9.58132e-18 0 9.78962e-18 0 9.99793e-18 0 1.02062e-17 0 1.04145e-17 0 1.06229e-17 0 1.08312e-17 0 1.10395e-17 0 1.12478e-17 0 1.14561e-17 0 1.16644e-17 0 1.18727e-17 0 1.2081e-17 0 1.22893e-17 0 1.24977e-17
0.193164 5.83706e-17 5.83706e-17 2.40574e-23 4.12149e-07 1.83978e-05 0 4.43203e-27 0 1.89353e-24 0 1.26254e-20 0 5.98718e-20 0 1.19744e-19 0 1.79616e-19 0 2.39488e-19 0 2.99359e-19 0 5.9872e-19 0 1.19744e-18 0 1.79617e-18 0 2.3949e-18 0 2.99363e-18 0 3.59236e-18 0 4.1911e-18 0 4.78983e-18 0 5.38857e-18 0 5.98732e-18 0 6.58606e-18 0 7.18481e-18 0 7.78356e-18 0 8.38231e-18 0 8.98106e-18 0 9.57982e-18 0 1.01786e-17 0 1.07773e-17 0 1.13761e-17 0 1.19749e-17 0 1.25736e-17 0 1.31724e-17 0 1.37712e-17 0 1.43699e-17 0 1.49687e-17 0 1.55675e-17 0 1.61663e-17 0 1.67651e-17 0 1.73638e-17 0 1.79626e-17 0 1.85614e-17 0 1.91602e-17 0 1.9759e-17 0 2.03578e-17 0 2.09566e-17 0 2.15554e-17 0 2.21542e-17 0 2.2753e-17 0 2.33518e-17 0 2.39506e-17 0 2.45494e-17 0 2.51482e-17 0 2.5747e-17 0 2.63458e-17 0 2.69446e-17 0 2.75434e-17 0 2.81422e-17 0 2.8741e-17 0 2.93398e-17 0 2.99387e-17 0 3.05375e-17 0 3.11363e-17 0 3.17351e-17 0 3.2334e-17 0 3.29328e-17 0 3.35316e-17 0 3.41305e-17 0 3.47293e-17 0 3.53281e-17 0 3.59269e-17
0.203079 7.04783e-17 7.04782e-17 3.42999e-23 4.86673e-07 1.58925e-05 0 2.39767e-26 0 8.28864e-24 0 3.18024e-20 0 1.51312e-19 0 3.02625e-19 0 4.53937e-19 0 6.0525e-19 0 7.56562e-19 0 1.51313e-18 0 3.02626e-18 0 4.5394e-18 0 6.05255e-18 0 7.5657e-18 0 9.07886e-18 0 1.0592e-17 0 1.21052e-17 0 1.36184e-17 0 1.51315e-17 0 1.66447e-17 0 1.81579e-17 0 1.96711e-17 0 2.11843e-17 0 2.26975e-17 0 2.42108e-17 0 2.5724e-17 0 2.72372e-17 0 2.87504e-17 0 3.02636e-17 0 3.17769e-17 0 3.32901e-17 0 3.48034e-17 0 3.63166e-17 0 3.78299e-17 0 3.93432e-17 0 4.08564e-17 0 4.23697e-17 0 4.38829e-17 0 4.53962e-17 0 4.69095e-17 0 4.84228e-17 0 4.99361e-17 0 5.14494e-17 0 5.29627e-17 0 5.4476e-17 0 5.59893e-17 0 5.75026e-17 0 5.90159e-17 0 6.05292e-17 0 6.20426e-17 0 6.35559e-17 0 6.50692e-17 0 6.65825e-17 0 6.80959e-17 0 6.96092e-17 0 7.11225e-17 0 7.26359e-17 0 7.41493e-17 0 7.56626e-17 0 7.7176e-17 0 7.86894e-17 0 8.02027e-17 0 8.17162e-17 0 8.32295e-17 0 8.47429e-17 0 8.62563e-17 0 8.77696e-17 0 8.9283e-17 0 9.07964e-17
0.213503 6.9201e-17 6.9201e-17 3.91847e-23 5.66245e-07 1.44551e-05 0 9.71009e-26 0 2.74585e-23 0 6.28954e-20 0 3.00205e-19 0 6.0041e-19 0 9.00616e-19 0 1.20082e-18 0 1.50103e-18 0 3.00206e-18 0 6.00413e-18 0 9.00621e-18 0 1.20083e-17 0 1.50104e-17 0 1.80125e-17 0 2.10147e-17 0 2.40168e-17 0 2.70189e-17 0 3.00211e-17 0 3.30233e-17 0 3.60254e-17 0 3.90276e-17 0 4.20298e-17 0 4.5032e-17 0 4.80343e-17 0 5.10365e-17 0 5.40387e-17 0 5.7041e-17 0 6.00432e-17 0 6.30455e-17 0 6.60477e-17 0 6.905e-17 0 7.20523e-17 0 7.50546e-17 0 7.80569e-17 0 8.10593e-17 0 8.40616e-17 0 8.70638e-17 0 9.00662e-17 0 9.30685e-17 0 9.60709e-17 0 9.90732e-17 0 1.02076e-16 0 1.05078e-16 0 1.0808e-16 0 1.11083e-16 0 1.14085e-16 0 1.17088e-16 0 1.2009e-16 0 1.23092e-16 0 1.26095e-16 0 1.29097e-16 0 1.321e-16 0 1.35102e-16 0 1.38105e-16 0 1.41107e-16 0 1.4411e-16 0 1.47112e-16 0 1.50115e-16 0 1.53117e-16 0 1.5612e-16 0 1.59122e-16 0 1.62125e-16 0 1.65127e-16 0 1.6813e-16 0 1.71132e-16 0 1.74135e-16 0 1.77137e-16 0 1.8014e-16
0.224463 5.66248e-17 5.66248e-17 3.53104e-23 6.23585e-07 1.43802e-05 0 3.02901e-25 0 7.07983e-23 0 1.00291e-19 0 4.80167e-19 0 9.60334e-19 0 1.4405e-18 0 1.92067e-18 0 2.40084e-18 0 4.80168e-18 0 9.60337e-18 0 1.44051e-17 0 1.92068e-17 0 2.40086e-17 0 2.88103e-17 0 3.36121e-17 0 3.84139e-17 0 4.32157e-17 0 4.80175e-17 0 5.28194e-17 0 5.76212e-17 0 6.24231e-17 0 6.7225e-17 0 7.20269e-17 0 7.68288e-17 0 8.16307e-17 0 8.64326e-17 0 9.12346e-17 0 9.60365e-17 0 1.00839e-16 0 1.05641e-16 0 1.10443e-16 0 1.15245e-16 0 1.20047e-16 0 1.24849e-16 0 1.29651e-16 0 1.34453e-16 0 1.39255e-16 0 1.44057e-16 0 1.48859e-16 0 1.53661e-16 0 1.58463e-16 0 1.63265e-16 0 1.68068e-16 0 1.7287e-16 0 1.77672e-16 0 1.82474e-16 0 1.87276e-16 0 1.92078e-16 0 1.96881e-16 0 2.01683e-16 0 2.06485e-16 0 2.11287e-16 0 2.1609e-16 0 2.20892e-16 0 2.25694e-16 0 2.30497e-16 0 2.35299e-16 0 2.40101e-16 0 2.44903e-16 0 2.49706e-16 0 2.54508e-16 0 2.59311e-16 0 2.64113e-16 0 2.68915e-16 0 2.73718e-16 0 2.7852e-16 0 2.83322e-16 0 2.88125e-16
0.235984 4.32148e-17 4.32148e-17 2.85312e-23 6.60218e-07 1.51272e-05 0 8.17693e-25 0 1.5954e-22 0 1.44587e-19 0 6.94268e-19 0 1.38854e-18 0 2.08281e-18 0 2.77707e-18 0 3.47134e-18 0 6.9427e-18 0 1.38854e-17 0 2.08282e-17 0 2.77709e-17 0 3.47137e-17 0 4.16565e-17 0 4.85994e-17 0 5.55422e-17 0 6.24851e-17 0 6.9428e-17 0 7.63709e-17 0 8.33139e-17 0 9.02569e-17 0 9.71998e-17 0 1.04143e-16 0 1.11086e-16 0 1.18029e-16 0 1.24972e-16 0 1.31915e-16 0 1.38858e-16 0 1.45801e-16 0 1.52744e-16 0 1.59687e-16 0 1.66631e-16 0 1.73574e-16 0 1.80517e-16 0 1.8746e-16 0 1.94403e-16 0 2.01347e-16 0 2.0829e-16 0 2.15233e-16 0 2.22176e-16 0 2.2912e-16 0 2.36063e-16 0 2.43006e-16 0 2.4995e-16 0 2.56893e-16 0 2.63836e-16 0 2.7078e-16 0 2.77723e-16 0 2.84667e-16 0 2.9161e-16 0 2.98554e-16 0 3.05497e-16 0 3.12441e-16 0 3.19384e-16 0 3.26327e-16 0 3.33271e-16 0 3.40215e-16 0 3.47158e-16 0 3.54102e-16 0 3.61046e-16 0 3.67989e-16 0 3.74933e-16 0 3.81876e-16 0 3.8882e-16 0 3.95764e-16 0 4.02707e-16 0 4.09651e-16 0 4.16594e-16
0.248097 3.23984e-17 3.23984e-17 2.21962e-23 6.85101e-07 1.59589e-05 0 2.01936e-24 0 3.31996e-22 0 1.9885e-19 0 9.57477e-19 0 1.91496e-18 0 2.87243e-18 0 3.82991e-18 0 4.78739e-18 0 9.57479e-18 0 1.91496e-17 0 2.87245e-17 0 3.82994e-17 0 4.78743e-17 0 5.74492e-17 0 6.70242e-17 0 7.65992e-17 0 8.61742e-17 0 9.57492e-17 0 1.05324e-16 0 1.14899e-16 0 1.24475e-16 0 1.3405e-16 0 1.43625e-16 0 1.532e-16 0 1.62775e-16 0 1.72351e-16 0 1.81926e-16 0 1.91501e-16 0 2.01076e-16 0 2.10652e-16 0 2.20227e-16 0 2.29803e-16 0 2.39378e-16 0 2.48953e-16 0 2.58529e-16 0 2.68104e-16 0 2.7768e-16 0 2.87255e-16 0 2.96831e-16 0 3.06406e-16 0 3.15982e-16 0 3.25558e-16 0 3.35133e-16 0 3.44709e-16 0 3.54284e-16 0 3.6386e-16 0 3.73436e-16 0 3.83011e-16 0 3.92587e-16 0 4.02163e-16 0 4.11739e-16 0 4.21314e-16 0 4.3089e-16 0 4.40466e-16 0 4.50042e-16 0 4.59618e-16 0 4.69194e-16 0 4.7877e-16 0 4.88346e-16 0 4.97922e-16 0 5.07497e-16 0 5.17074e-16 0 5.2665e-16 0 5.36226e-16 0 5.45802e-16 0 5.55377e-16 0 5.64954e-16 0 5.7453e-16
0.260832 2.42775e-17 2.42775e-17 1.70585e-23 7.02648e-07 1.62562e-05 0 4.65809e-24 0 6.51108e-22 0 2.65878e-19 0 1.28358e-18 0 2.56716e-18 0 3.85075e-18 0 5.13433e-18 0 6.41791e-18 0 1.28358e-17 0 2.56717e-17 0 3.85076e-17 0 5.13436e-17 0 6.41796e-17 0 7.70156e-17 0 8.98517e-17 0 1.02688e-16 0 1.15524e-16 0 1.2836e-16 0 1.41196e-16 0 1.54033e-16 0 1.66869e-16 0 1.79705e-16 0 1.92541e-16 0 2.05378e-16 0 2.18214e-16 0 2.31051e-16 0 2.43887e-16 0 2.56723e-16 0 2.6956e-16 0 2.82396e-16 0 2.95233e-16 0 3.0807e-16 0 3.20906e-16 0 3.33743e-16 0 3.4658e-16 0 3.59416e-16 0 3.72253e-16 0 3.8509e-16 0 3.97926e-16 0 4.10763e-16 0 4.236e-16 0 4.36437e-16 0 4.49274e-16 0 4.62111e-16 0 4.74948e-16 0 4.87785e-16 0 5.00622e-16 0 5.13458e-16 0 5.26296e-16 0 5.39133e-16 0 5.5197e-16 0 5.64807e-16 0 5.77644e-16 0 5.90481e-16 0 6.03318e-16 0 6.16155e-16 0 6.28992e-16 0 6.4183e-16 0 6.54667e-16 0 6.67505e-16 0 6.80342e-16 0 6.93179e-16 0 7.06016e-16 0 7.18854e-16 0 7.31691e-16 0 7.44528e-16 0 7.57366e-16 0 7.70203e-16
0.274221 1.80764e-17 1.80764e-17 1.31103e-23 7.25273e-07 1.5903e-05 0 1.00103e-23 0 1.19982e-21 0 3.44089e-19 0 1.66526e-18 0 3.33052e-18 0 4.99579e-18 0 6.66105e-18 0 8.32631e-18 0 1.66526e-17 0 3.33053e-17 0 4.99581e-17 0 6.66109e-17 0 8.32637e-17 0 9.99166e-17 0 1.1657e-16 0 1.33222e-16 0 1.49875e-16 0 1.66528e-16 0 1.83182e-16 0 1.99835e-16 0 2.16488e-16 0 2.33141e-16 0 2.49794e-16 0 2.66448e-16 0 2.83101e-16 0 2.99754e-16 0 3.16408e-16 0 3.33061e-16 0 3.49714e-16 0 3.66368e-16 0 3.83021e-16 0 3.99675e-16 0 4.16328e-16 0 4.32982e-16 0 4.49636e-16 0 4.6629e-16 0 4.82943e-16 0 4.99597e-16 0 5.16251e-16 0 5.32905e-16 0 5.49558e-16 0 5.66212e-16 0 5.82866e-16 0 5.9952e-16 0 6.16174e-16 0 6.32828e-16 0 6.49482e-16 0 6.66136e-16 0 6.8279e-16 0 6.99444e-16 0 7.16098e-16 0 7.32752e-16 0 7.49407e-16 0 7.66061e-16 0 7.82715e-16 0 7.9937e-16 0 8.16024e-16 0 8.32678e-16 0 8.49332e-16 0 8.65987e-16 0 8.82641e-16 0 8.99296e-16 0 9.1595e-16 0 9.32605e-16 0 9.4926e-16 0 9.65914e-16 0 9.82568e-16 0 9.99223e-16
0.288297 1.33342e-17 1.33342e-17 1.00695e-23 7.55161e-07 1.49846e-05 0 2.00459e-23 0 2.07698e-21 0 4.30305e-19 0 2.08732e-18 0 4.17463e-18 0 6.26195e-18 0 8.34926e-18 0 1.04366e-17 0 2.08732e-17 0 4.17464e-17 0 6.26197e-17 0 8.34931e-17 0 1.04366e-16 0 1.2524e-16 0 1.46113e-16 0 1.66987e-16 0 1.87861e-16 0 2.08734e-16 0 2.29608e-16 0 2.50482e-16 0 2.71356e-16 0 2.92229e-16 0 3.13103e-16 0 3.33977e-16 0 3.54851e-16 0 3.75725e-16 0 3.96599e-16 0 4.17473e-16 0 4.38347e-16 0 4.59221e-16 0 4.80096e-16 0 5.0097e-16 0 5.21844e-16 0 5.42719e-16 0 5.63593e-16 0 5.84467e-16 0 6.05342e-16 0 6.26216e-16 0 6.47091e-16 0 6.67965e-16 0 6.8884e-16 0 7.09715e-16 0 7.30589e-16 0 7.51464e-16 0 7.72339e-16 0 7.93213e-16 0 8.14088e-16 0 8.34963e-16 0 8.55838e-16 0 8.76713e-16 0 8.97588e-16 0 9.18462e-16 0 9.39338e-16 0 9.60213e-16 0 9.81087e-16 0 1.00196e-15 0 1.02284e-15 0 1.04371e-15 0 1.06459e-15 0 1.08546e-15 0 1.10634e-15 0 1.12721e-15 0 1.14809e-15 0 1.16897e-15 0 1.18984e-15 0 1.21072e-15 0 1.23159e-15 0 1.25247e-15
0.303095 9.68099e-18 9.68098e-18 7.73592e-24 7.99083e-07 1.37321e-05 0 3.72722e-23 0 3.36416e-21 0 5.17174e-19 0 2.51407e-18 0 5.02815e-18 0 7.54222e-18 0 1.00563e-17 0 1.25704e-17 0 2.51408e-17 0 5.02816e-17 0 7.54225e-17 0 1.00563e-16 0 1.25704e-16 0 1.50846e-16 0 1.75987e-16 0 2.01128e-16 0 2.26269e-16 0 2.5141e-16 0 2.76552e-16 0 3.01693e-16 0 3.26835e-16 0 3.51976e-16 0 3.77117e-16 0 4.02259e-16 0 4.27401e-16 0 4.52542e-16 0 4.77684e-16 0 5.02826e-16 0 5.27968e-16 0 5.5311e-16 0 5.78252e-16 0 6.03394e-16 0 6.28536e-16 0 6.53678e-16 0 6.7882e-16 0 7.03962e-16 0 7.29104e-16 0 7.54246e-16 0 7.79389e-16 0 8.04531e-16 0 8.29673e-16 0 8.54816e-16 0 8.79958e-16 0 9.05101e-16 0 9.30243e-16 0 9.55386e-16 0 9.80528e-16 0 1.00567e-15 0 1.03081e-15 0 1.05596e-15 0 1.0811e-15 0 1.10624e-15 0 1.13138e-15 0 1.15653e-15 0 1.18167e-15 0 1.20681e-15 0 1.23196e-15 0 1.2571e-15 0 1.28224e-15 0 1.30739e-15 0 1.33253e-15 0 1.35767e-15 0 1.38282e-15 0 1.40796e-15 0 1.4331e-15 0 1.45825e-15 0 1.48339e-15 0 1.50853e-15
0.318653 6.87686e-18 6.87685e-18 5.94412e-24 8.64365e-07 1.23525e-05 0 6.4149e-23 0 5.08099e-21 0 5.94428e-19 0 2.89534e-18 0 5.79067e-18 0 8.68601e-18 0 1.15813e-17 0 1.44767e-17 0 2.89534e-17 0 5.79069e-17 0 8.68604e-17 0 1.15814e-16 0 1.44768e-16 0 1.73721e-16 0 2.02675e-16 0 2.31629e-16 0 2.60583e-16 0 2.89537e-16 0 3.18491e-16 0 3.47445e-16 0 3.76399e-16 0 4.05353e-16 0 4.34308e-16 0 4.63262e-16 0 4.92216e-16 0 5.21171e-16 0 5.50125e-16 0 5.7908e-16 0 6.08034e-16 0 6.36989e-16 0 6.65943e-16 0 6.94898e-16 0 7.23853e-16 0 7.52808e-16 0 7.81763e-16 0 8.10718e-16 0 8.39672e-16 0 8.68627e-16 0 8.97583e-16 0 9.26538e-16 0 9.55493e-16 0 9.84448e-16 0 1.0134e-15 0 1.04236e-15 0 1.07131e-15 0 1.10027e-15 0 1.12922e-15 0 1.15818e-15 0 1.18714e-15 0 1.21609e-15 0 1.24505e-15 0 1.274e-15 0 1.30296e-15 0 1.33191e-15 0 1.36087e-15 0 1.38983e-15 0 1.41878e-15 0 1.44774e-15 0 1.47669e-15 0 1.50565e-15 0 1.5346e-15 0 1.56356e-15 0 1.59252e-15 0 1.62147e-15 0 1.65043e-15 0 1.67939e-15 0 1.70834e-15 0 1.7373e-15
0.335009 4.78234e-18 4.78234e-18 4.56938e-24 9.55468e-07 1.0987e-05 0 1.02536e-22 0 7.17677e-21 0 6.54308e-19 0 3.1928e-18 0 6.38561e-18 0 9.57841e-18 0 1.27712e-17 0 1.5964e-17 0 3.19281e-17 0 6.38562e-17 0 9.57845e-17 0 1.27713e-16 0 1.59641e-16 0 1.9157e-16 0 2.23498e-16 0 2.55427e-16 0 2.87355e-16 0 3.19284e-16 0 3.51213e-16 0 3.83142e-16 0 4.1507e-16 0 4.46999e-16 0 4.78928e-16 0 5.10857e-16 0 5.42786e-16 0 5.74715e-16 0 6.06645e-16 0 6.38574e-16 0 6.70503e-16 0 7.02433e-16 0 7.34362e-16 0 7.66292e-16 0 7.98221e-16 0 8.30151e-16 0 8.6208e-16 0 8.9401e-16 0 9.25939e-16 0 9.57869e-16 0 9.89799e-16 0 1.02173e-15 0 1.05366e-15 0 1.08559e-15 0 1.11752e-15 0 1.14945e-15 0 1.18138e-15 0 1.21331e-15 0 1.24524e-15 0 1.27717e-15 0 1.3091e-15 0 1.34103e-15 0 1.37296e-15 0 1.40489e-15 0 1.43682e-15 0 1.46875e-15 0 1.50068e-15 0 1.53261e-15 0 1.56454e-15 0 1.59647e-15 0 1.62841e-15 0 1.66034e-15 0 1.69227e-15 0 1.7242e-15 0 1.75613e-15 0 1.78806e-15 0 1.81999e-15 0 1.85192e-15 0 1.88385e-15 0 1.91578e-15
0.352205 3.23362e-18 3.23361e-18 3.51732e-24 1.08773e-06 9.72284e-06 0 1.5156e-22 0 9.43637e-21 0 6.85496e-19 0 3.35057e-18 0 6.70114e-18 0 1.00517e-17 0 1.34023e-17 0 1.67529e-17 0 3.35057e-17 0 6.70116e-17 0 1.00517e-16 0 1.34023e-16 0 1.67529e-16 0 2.01036e-16 0 2.34542e-16 0 2.68048e-16 0 3.01554e-16 0 3.35061e-16 0 3.68567e-16 0 4.02073e-16 0 4.3558e-16 0 4.69087e-16 0 5.02593e-16 0 5.361e-16 0 5.69607e-16 0 6.03113e-16 0 6.3662e-16 0 6.70127e-16 0 7.03634e-16 0 7.37141e-16 0 7.70648e-16 0 8.04156e-16 0 8.37663e-16 0 8.7117e-16 0 9.04677e-16 0 9.38185e-16 0 9.71692e-16 0 1.0052e-15 0 1.03871e-15 0 1.07221e-15 0 1.10572e-15 0 1.13923e-15 0 1.17274e-15 0 1.20624e-15 0 1.23975e-15 0 1.27326e-15 0 1.30677e-15 0 1.34028e-15 0 1.37378e-15 0 1.40729e-15 0 1.4408e-15 0 1.47431e-15 0 1.50782e-15 0 1.54132e-15 0 1.57483e-15 0 1.60834e-15 0 1.64185e-15 0 1.67536e-15 0 1.70887e-15 0 1.74238e-15 0 1.77588e-15 0 1.80939e-15 0 1.8429e-15 0 1.87641e-15 0 1.90992e-15 0 1.94343e-15 0 1.97694e-15 0 2.01044e-15
0.370284 2.13106e-18 2.13105e-18 2.71453e-24 1.2738e-06 8.59267e-06 0 2.08179e-22 0 1.16028e-20 0 6.85619e-19 0 3.35627e-18 0 6.71254e-18 0 1.00688e-17 0 1.34251e-17 0 1.67814e-17 0 3.35627e-17 0 6.71255e-17 0 1.00688e-16 0 1.34251e-16 0 1.67814e-16 0 2.01377e-16 0 2.34941e-16 0 2.68504e-16 0 3.02067e-16 0 3.3563e-16 0 3.69194e-16 0 4.02757e-16 0 4.36321e-16 0 4.69884e-16 0 5.03448e-16 0 5.37012e-16 0 5.70575e-16 0 6.04139e-16 0 6.37703e-16 0 6.71267e-16 0 7.04831e-16 0 7.38395e-16 0 7.71959e-16 0 8.05523e-16 0 8.39087e-16 0 8.72651e-16 0 9.06215e-16 0 9.3978e-16 0 9.73344e-16 0 1.00691e-15 0 1.04047e-15 0 1.07404e-15 0 1.1076e-15 0 1.14117e-15 0 1.17473e-15 0 1.2083e-15 0 1.24186e-15 0 1.27542e-15 0 1.30899e-15 0 1.34255e-15 0 1.37612e-15 0 1.40968e-15 0 1.44325e-15 0 1.47681e-15 0 1.51038e-15 0 1.54394e-15 0 1.57751e-15 0 1.61107e-15 0 1.64464e-15 0 1.6782e-15 0 1.71177e-15 0 1.74534e-15 0 1.7789e-15 0 1.81247e-15 0 1.84603e-15 0 1.8796e-15 0 1.91316e-15 0 1.94673e-15 0 1.98029e-15 0 2.01386e-15
0.389291 1.36899e-18 1.36899e-18 2.10266e-24 1.53592e-06 7.60145e-06 0 2.66372e-22 0 1.33695e-20 0 6.55041e-19 0 3.21102e-18 0 6.42204e-18 0 9.63305e-18 0 1.28441e-17 0 1.60551e-17 0 3.21102e-17 0 6.42205e-17 0 9.63308e-17 0 1.28441e-16 0 1.60552e-16 0 1.92662e-16 0 2.24773e-16 0 2.56883e-16 0 2.88994e-16 0 3.21105e-16 0 3.53216e-16 0 3.85327e-16 0 4.17438e-16 0 4.49548e-16 0 4.81659e-16 0 5.1377e-16 0 5.45882e-16 0 5.77993e-16 0 6.10104e-16 0 6.42215e-16 0 6.74327e-16 0 7.06438e-16 0 7.38549e-16 0 7.70661e-16 0 8.02772e-16 0 8.34884e-16 0 8.66995e-16 0 8.99107e-16 0 9.31218e-16 0 9.6333e-16 0 9.95442e-16 0 1.02755e-15 0 1.05967e-15 0 1.09178e-15 0 1.12389e-15 0 1.156e-15 0 1.18811e-15 0 1.22023e-15 0 1.25234e-15 0 1.28445e-15 0 1.31656e-15 0 1.34867e-15 0 1.38079e-15 0 1.4129e-15 0 1.44501e-15 0 1.47712e-15 0 1.50924e-15 0 1.54135e-15 0 1.57346e-15 0 1.60557e-15 0 1.63769e-15 0 1.6698e-15 0 1.70191e-15 0 1.73402e-15 0 1.76614e-15 0 1.79825e-15 0 1.83036e-15 0 1.86247e-15 0 1.89459e-15 0 1.9267e-15
0.409273 8.59762e-19 8.5976e-19 1.63631e-24 1.90321e-06 6.73959e-06 0 3.19134e-22 0 1.45068e-20 0 5.99817e-19 0 2.94399e-18 0 5.88798e-18 0 8.83197e-18 0 1.1776e-17 0 1.472e-17 0 2.94399e-17 0 5.88799e-17 0 8.83199e-17 0 1.1776e-16 0 1.472e-16 0 1.7664e-16 0 2.06081e-16 0 2.35521e-16 0 2.64961e-16 0 2.94402e-16 0 3.23842e-16 0 3.53283e-16 0 3.82723e-16 0 4.12164e-16 0 4.41604e-16 0 4.71045e-16 0 5.00486e-16 0 5.29926e-16 0 5.59367e-16 0 5.88808e-16 0 6.18249e-16 0 6.4769e-16 0 6.77131e-16 0 7.06572e-16 0 7.36013e-16 0 7.65454e-16 0 7.94895e-16 0 8.24336e-16 0 8.53778e-16 0 8.83219e-16 0 9.1266e-16 0 9.42101e-16 0 9.71543e-16 0 1.00098e-15 0 1.03043e-15 0 1.05987e-15 0 1.08931e-15 0 1.11875e-15 0 1.14819e-15 0 1.17763e-15 0 1.20708e-15 0 1.23652e-15 0 1.26596e-15 0 1.2954e-15 0 1.32484e-15 0 1.35428e-15 0 1.38373e-15 0 1.41317e-15 0 1.44261e-15 0 1.47205e-15 0 1.50149e-15 0 1.53094e-15 0 1.56038e-15 0 1.58982e-15 0 1.61926e-15 0 1.6487e-15 0 1.67815e-15 0 1.70759e-15 0 1.73703e-15 0 1.76647e-15
0.430281 5.28331e-19 5.28329e-19 1.27989e-24 2.42252e-06 5.99111e-06 0 3.59076e-22 0 1.48628e-20 0 5.27077e-19 0 2.5899e-18 0 5.17979e-18 0 7.76969e-18 0 1.03596e-17 0 1.29495e-17 0 2.5899e-17 0 5.1798e-17 0 7.76971e-17 0 1.03596e-16 0 1.29495e-16 0 1.55395e-16 0 1.81294e-16 0 2.07193e-16 0 2.33093e-16 0 2.58992e-16 0 2.84891e-16 0 3.10791e-16 0 3.3669e-16 0 3.6259e-16 0 3.88489e-16 0 4.14389e-16 0 4.40289e-16 0 4.66189e-16 0 4.92088e-16 0 5.17988e-16 0 5.43888e-16 0 5.69788e-16 0 5.95688e-16 0 6.21588e-16 0 6.47487e-16 0 6.73388e-16 0 6.99288e-16 0 7.25188e-16 0 7.51088e-16 0 7.76988e-16 0 8.02888e-16 0 8.28788e-16 0 8.54688e-16 0 8.80589e-16 0 9.06489e-16 0 9.32389e-16 0 9.5829e-16 0 9.8419e-16 0 1.01009e-15 0 1.03599e-15 0 1.06189e-15 0 1.08779e-15 0 1.11369e-15 0 1.13959e-15 0 1.16549e-15 0 1.19139e-15 0 1.21729e-15 0 1.2432e-15 0 1.2691e-15 0 1.295e-15 0 1.3209e-15 0 1.3468e-15 0 1.3727e-15 0 1.3986e-15 0 1.4245e-15 0 1.4504e-15 0 1.4763e-15 0 1.5022e-15 0 1.5281e-15 0 1.55401e-15
0.452368 3.15644e-19 3.15643e-19 1.00604e-24 3.18726e-06 5.33891e-06 0 3.77757e-22 0 1.4311e-20 0 4.4177e-19 0 2.17294e-18 0 4.34588e-18 0 6.51882e-18 0 8.69177e-18 0 1.08647e-17 0 2.17294e-17 0 4.34589e-17 0 6.51884e-17 0 8.6918e-17 0 1.08648e-16 0 1.30377e-16 0 1.52107e-16 0 1.73837e-16 0 1.95566e-16 0 2.17296e-16 0 2.39026e-16 0 2.60756e-16 0 2.82486e-16 0 3.04215e-16 0 3.25945e-16 0 3.47675e-16 0 3.69405e-16 0 3.91135e-16 0 4.12865e-16 0 4.34595e-16 0 4.56326e-16 0 4.78056e-16 0 4.99786e-16 0 5.21516e-16 0 5.43246e-16 0 5.64976e-16 0 5.86707e-16 0 6.08437e-16 0 6.30167e-16 0 6.51898e-16 0 6.73628e-16 0 6.95358e-16 0 7.17089e-16 0 7.38819e-16 0 7.6055e-16 0 7.8228e-16 0 8.04011e-16 0 8.25741e-16 0 8.47472e-16 0 8.69203e-16 0 8.90933e-16 0 9.12664e-16 0 9.34395e-16 0 9.56125e-16 0 9.77856e-16 0 9.99587e-16 0 1.02132e-15 0 1.04305e-15 0 1.06478e-15 0 1.08651e-15 0 1.10824e-15 0 1.12997e-15 0 1.1517e-15 0 1.17343e-15 0 1.19516e-15 0 1.2169e-15 0 1.23863e-15 0 1.26036e-15 0 1.28209e-15 0 1.30382e-15
0.475588 1.88276e-19 1.88275e-19 7.95217e-25 4.22369e-06 4.76974e-06 0 3.82316e-22 0 1.33209e-20 0 3.62802e-19 0 1.78616e-18 0 3.57232e-18 0 5.35849e-18 0 7.14465e-18 0 8.93081e-18 0 1.78616e-17 0 3.57233e-17 0 5.3585e-17 0 7.14467e-17 0 8.93085e-17 0 1.0717e-16 0 1.25032e-16 0 1.42894e-16 0 1.60756e-16 0 1.78618e-16 0 1.9648e-16 0 2.14342e-16 0 2.32204e-16 0 2.50066e-16 0 2.67928e-16 0 2.8579e-16 0 3.03652e-16 0 3.21514e-16 0 3.39376e-16 0 3.57238e-16 0 3.751e-16 0 3.92962e-16 0 4.10825e-16 0 4.28687e-16 0 4.46549e-16 0 4.64412e-16 0 4.82274e-16 0 5.00136e-16 0 5.17998e-16 0 5.35861e-16 0 5.53723e-16 0 5.71586e-16 0 5.89448e-16 0 6.07311e-16 0 6.25173e-16 0 6.43035e-16 0 6.60898e-16 0 6.78761e-16 0 6.96623e-16 0 7.14486e-16 0 7.32348e-16 0 7.50211e-16 0 7.68074e-16 0 7.85936e-16 0 8.03799e-16 0 8.21662e-16 0 8.39524e-16 0 8.57387e-16 0 8.7525e-16 0 8.93113e-16 0 9.10975e-16 0 9.28838e-16 0 9.46701e-16 0 9.64564e-16 0 9.82427e-16 0 1.00029e-15 0 1.01815e-15 0 1.03602e-15 0 1.05388e-15 0 1.07174e-15
0.5 1.09629e-19 1.09629e-19 6.31346e-25 5.75891e-06 4.26975e-06 0 3.64615e-22 0 1.17384e-20 0 2.8554e-19 0 1.40695e-18 0 2.8139e-18 0 4.22085e-18 0 5.62781e-18 0 7.03476e-18 0 1.40695e-17 0 2.81391e-17 0 4.22086e-17 0 5.62782e-17 0 7.03479e-17 0 8.44175e-17 0 9.84872e-17 0 1.12557e-16 0 1.26627e-16 0 1.40696e-16 0 1.54766e-16 0 1.68836e-16 0 1.82906e-16 0 1.96975e-16 0 2.11045e-16 0 2.25115e-16 0 2.39185e-16 0 2.53255e-16 0 2.67325e-16 0 2.81395e-16 0 2.95465e-16 0 3.09535e-16 0 3.23605e-16 0 3.37675e-16 0 3.51744e-16 0 3.65815e-16 0 3.79885e-16 0 3.93955e-16 0 4.08025e-16 0 4.22095e-16 0 4.36165e-16 0 4.50235e-16 0 4.64305e-16 0 4.78375e-16 0 4.92445e-16 0 5.06516e-16 0 5.20586e-16 0 5.34656e-16 0 5.48726e-16 0 5.62797e-16 0 5.76867e-16 0 5.90937e-16 0 6.05007e-16 0 6.19078e-16 0 6.33148e-16 0 6.47218e-16 0 6.61289e-16 0 6.75359e-16 0 6.89429e-16 0 7.035e-16 0 7.1757e-16 0 7.31641e-16 0 7.45711e-16 0 7.59782e-16 0 7.73852e-16 0 7.87923e-16 0 8.01993e-16 0 8.16064e-16 0 8.30134e-16 0 8.44205e-16
0.525665 6.30644e-20 6.30639e-20 5.03482e-25 7.98362e-06 3.82885e-06 0 3.32189e-22 0 9.92484e-21 0 2.18033e-19 0 1.07512e-18 0 2.15025e-18 0 3.22537e-18 0 4.30049e-18 0 5.37562e-18 0 1.07512e-17 0 2.15025e-17 0 3.22538e-17 0 4.30051e-17 0 5.37564e-17 0 6.45077e-17 0 7.52591e-17 0 8.60104e-17 0 9.67618e-17 0 1.07513e-16 0 1.18265e-16 0 1.29016e-16 0 1.39767e-16 0 1.50519e-16 0 1.6127e-16 0 1.72022e-16 0 1.82773e-16 0 1.93525e-16 0 2.04276e-16 0 2.15028e-16 0 2.25779e-16 0 2.36531e-16 0 2.47283e-16 0 2.58034e-16 0 2.68786e-16 0 2.79537e-16 0 2.90289e-16 0 3.01041e-16 0 3.11792e-16 0 3.22544e-16 0 3.33296e-16 0 3.44047e-16 0 3.54799e-16 0 3.65551e-16 0 3.76302e-16 0 3.87054e-16 0 3.97806e-16 0 4.08558e-16 0 4.19309e-16 0 4.30061e-16 0 4.40813e-16 0 4.51565e-16 0 4.62317e-16 0 4.73068e-16 0 4.8382e-16 0 4.94572e-16 0 5.05324e-16 0 5.16076e-16 0 5.26828e-16 0 5.3758e-16 0 5.48332e-16 0 5.59084e-16 0 5.69835e-16 0 5.80587e-16 0 5.91339e-16 0 6.02091e-16 0 6.12843e-16 0 6.23595e-16 0 6.34347e-16 0 6.45099e-16
0.552648 3.63037e-20 3.63033e-20 4.02961e-25 1.10997e-05 3.43852e-06 0 2.93342e-22 0 8.16736e-21 0 1.63671e-19 0 8.07606e-19 0 1.61521e-18 0 2.42282e-18 0 3.23042e-18 0 4.03803e-18 0 8.07606e-18 0 1.61521e-17 0 2.42282e-17 0 3.23043e-17 0 4.03805e-17 0 4.84566e-17 0 5.65327e-17 0 6.46089e-17 0 7.2685e-17 0 8.07612e-17 0 8.88374e-17 0 9.69136e-17 0 1.0499e-16 0 1.13066e-16 0 1.21142e-16 0 1.29219e-16 0 1.37295e-16 0 1.45371e-16 0 1.53447e-16 0 1.61524e-16 0 1.696e-16 0 1.77676e-16 0 1.85752e-16 0 1.93829e-16 0 2.01905e-16 0 2.09981e-16 0 2.18058e-16 0 2.26134e-16 0 2.34211e-16 0 2.42287e-16 0 2.50363e-16 0 2.5844e-16 0 2.66516e-16 0 2.74593e-16 0 2.82669e-16 0 2.90745e-16 0 2.98822e-16 0 3.06898e-16 0 3.14975e-16 0 3.23051e-16 0 3.31128e-16 0 3.39204e-16 0 3.47281e-16 0 3.55357e-16 0 3.63434e-16 0 3.7151e-16 0 3.79587e-16 0 3.87663e-16 0 3.9574e-16 0 4.03816e-16 0 4.11893e-16 0 4.19969e-16 0 4.28046e-16 0 4.36123e-16 0 4.44199e-16 0 4.52276e-16 0 4.60352e-16 0 4.68429e-16 0 4.76505e-16 0 4.84582e-16
0.581015 2.05748e-20 2.05745e-20 3.2345e-25 1.57207e-05 3.09125e-06 0 2.47392e-22 0 6.44427e-21 0 1.18872e-19 0 5.8691e-19 0 1.17382e-18 0 1.76073e-18 0 2.34764e-18 0 2.93455e-18 0 5.86911e-18 0 1.17382e-17 0 1.76074e-17 0 2.34765e-17 0 2.93456e-17 0 3.52148e-17 0 4.1084e-17 0 4.69531e-17 0 5.28223e-17 0 5.86915e-17 0 6.45607e-17 0 7.04299e-17 0 7.62991e-17 0 8.21683e-17 0 8.80375e-17 0 9.39068e-17 0 9.9776e-17 0 1.05645e-16 0 1.11515e-16 0 1.17384e-16 0 1.23253e-16 0 1.29122e-16 0 1.34992e-16 0 1.40861e-16 0 1.4673e-16 0 1.526e-16 0 1.58469e-16 0 1.64338e-16 0 1.70207e-16 0 1.76077e-16 0 1.81946e-16 0 1.87815e-16 0 1.93685e-16 0 1.99554e-16 0 2.05424e-16 0 2.11293e-16 0 2.17162e-16 0 2.23032e-16 0 2.28901e-16 0 2.3477e-16 0 2.4064e-16 0 2.46509e-16 0 2.52379e-16 0 2.58248e-16 0 2.64117e-16 0 2.69987e-16 0 2.75856e-16 0 2.81726e-16 0 2.87595e-16 0 2.93465e-16 0 2.99334e-16 0 3.05204e-16 0 3.11073e-16 0 3.16943e-16 0 3.22812e-16 0 3.28682e-16 0 3.34551e-16 0 3.4042e-16 0 3.4629e-16 0 3.52159e-16
0.610839 1.17152e-20 1.1715e-20 2.60304e-25 2.22193e-05 2.78184e-06 0 2.03648e-22 0 4.98161e-21 0 8.52766e-20 0 4.21269e-19 0 8.42539e-19 0 1.26381e-18 0 1.68508e-18 0 2.10635e-18 0 4.2127e-18 0 8.4254e-18 0 1.26381e-17 0 1.68508e-17 0 2.10636e-17 0 2.52763e-17 0 2.9489e-17 0 3.37018e-17 0 3.79145e-17 0 4.21273e-17 0 4.634e-17 0 5.05528e-17 0 5.47656e-17 0 5.89784e-17 0 6.31911e-17 0 6.74039e-17 0 7.16167e-17 0 7.58295e-17 0 8.00423e-17 0 8.42551e-17 0 8.84679e-17 0 9.26807e-17 0 9.68936e-17 0 1.01106e-16 0 1.05319e-16 0 1.09532e-16 0 1.13745e-16 0 1.17958e-16 0 1.22171e-16 0 1.26383e-16 0 1.30596e-16 0 1.34809e-16 0 1.39022e-16 0 1.43235e-16 0 1.47448e-16 0 1.51661e-16 0 1.55874e-16 0 1.60086e-16 0 1.64299e-16 0 1.68512e-16 0 1.72725e-16 0 1.76938e-16 0 1.81151e-16 0 1.85364e-16 0 1.89577e-16 0 1.9379e-16 0 1.98003e-16 0 2.02216e-16 0 2.06428e-16 0 2.10641e-16 0 2.14854e-16 0 2.19067e-16 0 2.2328e-16 0 2.27493e-16 0 2.31706e-16 0 2.35919e-16 0 2.40132e-16 0 2.44345e-16 0 2.48558e-16 0 2.52771e-16
0.642193 7.13302e-21 7.13281e-21 2.09922e-25 2.94296e-05 2.5051e-06 0 1.74399e-22 0 4.02045e-21 0 6.43386e-20 0 3.17993e-19 0 6.35986e-19 0 9.5398e-19 0 1.27197e-18 0 1.58997e-18 0 3.17993e-18 0 6.35987e-18 0 9.53982e-18 0 1.27198e-17 0 1.58997e-17 0 1.90797e-17 0 2.22596e-17 0 2.54396e-17 0 2.86196e-17 0 3.17996e-17 0 3.49795e-17 0 3.81595e-17 0 4.13395e-17 0 4.45195e-17 0 4.76995e-17 0 5.08795e-17 0 5.40595e-17 0 5.72395e-17 0 6.04195e-17 0 6.35995e-17 0 6.67796e-17 0 6.99596e-17 0 7.31396e-17 0 7.63196e-17 0 7.94997e-17 0 8.26797e-17 0 8.58597e-17 0 8.90398e-17 0 9.22198e-17 0 9.53999e-17 0 9.85799e-17 0 1.0176e-16 0 1.0494e-16 0 1.0812e-16 0 1.113e-16 0 1.1448e-16 0 1.1766e-16 0 1.2084e-16 0 1.2402e-16 0 1.27201e-16 0 1.30381e-16 0 1.33561e-16 0 1.36741e-16 0 1.39921e-16 0 1.43101e-16 0 1.46281e-16 0 1.49461e-16 0 1.52641e-16 0 1.55821e-16 0 1.59002e-16 0 1.62182e-16 0 1.65362e-16 0 1.68542e-16 0 1.71722e-16 0 1.74902e-16 0 1.78082e-16 0 1.81262e-16 0 1.84443e-16 0 1.87623e-16 0 1.90803e-16
0.675157 5.04843e-21 5.04826e-21 1.69612e-25 3.3597e-05 2.25747e-06 0 1.6913e-22 0 3.68677e-21 0 5.55193e-20 0 2.74527e-19 0 5.49055e-19 0 8.23583e-19 0 1.09811e-18 0 1.37264e-18 0 2.74528e-18 0 5.49056e-18 0 8.23584e-18 0 1.09811e-17 0 1.37264e-17 0 1.64717e-17 0 1.9217e-17 0 2.19623e-17 0 2.47076e-17 0 2.74529e-17 0 3.01983e-17 0 3.29436e-17 0 3.56889e-17 0 3.84342e-17 0 4.11796e-17 0 4.39249e-17 0 4.66702e-17 0 4.94156e-17 0 5.21609e-17 0 5.49062e-17 0 5.76516e-17 0 6.03969e-17 0 6.31423e-17 0 6.58877e-17 0 6.8633e-17 0 7.13784e-17 0 7.41237e-17 0 7.68691e-17 0 7.96145e-17 0 8.23598e-17 0 8.51052e-17 0 8.78506e-17 0 9.0596e-17 0 9.33414e-17 0 9.60868e-17 0 9.88321e-17 0 1.01578e-16 0 1.04323e-16 0 1.07068e-16 0 1.09814e-16 0 1.12559e-16 0 1.15305e-16 0 1.1805e-16 0 1.20795e-16 0 1.23541e-16 0 1.26286e-16 0 1.29032e-16 0 1.31777e-16 0 1.34522e-16 0 1.37268e-16 0 1.40013e-16 0 1.42759e-16 0 1.45504e-16 0 1.4825e-16 0 1.50995e-16 0 1.53741e-16 0 1.56486e-16 0 1.59231e-16 0 1.61977e-16 0 1.64722e-16
0.709813 3.65549e-21 3.65535e-21 1.37267e-25 3.75508e-05 2.03542e-06 0 1.63685e-22 0 3.38461e-21 0 4.82483e-20 0 2.38672e-19 0 4.77345e-19 0 7.16017e-19 0 9.5469e-19 0 1.19336e-18 0 2.38673e-18 0 4.77345e-18 0 7.16019e-18 0 9.54692e-18 0 1.19337e-17 0 1.43204e-17 0 1.67072e-17 0 1.90939e-17 0 2.14807e-17 0 2.38674e-17 0 2.62542e-17 0 2.86409e-17 0 3.10277e-17 0 3.34145e-17 0 3.58012e-17 0 3.8188e-17 0 4.05748e-17 0 4.29615e-17 0 4.53483e-17 0 4.77351e-17 0 5.01219e-17 0 5.25087e-17 0 5.48955e-17 0 5.72823e-17 0 5.96691e-17 0 6.20559e-17 0 6.44427e-17 0 6.68295e-17 0 6.92163e-17 0 7.16031e-17 0 7.39899e-17 0 7.63767e-17 0 7.87635e-17 0 8.11503e-17 0 8.35371e-17 0 8.5924e-17 0 8.83108e-17 0 9.06976e-17 0 9.30844e-17 0 9.54713e-17 0 9.78581e-17 0 1.00245e-16 0 1.02632e-16 0 1.05019e-16 0 1.07405e-16 0 1.09792e-16 0 1.12179e-16 0 1.14566e-16 0 1.16953e-16 0 1.1934e-16 0 1.21727e-16 0 1.24113e-16 0 1.265e-16 0 1.28887e-16 0 1.31274e-16 0 1.33661e-16 0 1.36048e-16 0 1.38435e-16 0 1.40821e-16 0 1.43208e-16
0.746248 2.68519e-21 2.68507e-21 1.11229e-25 4.14232e-05 1.8359e-06 0 1.56952e-22 0 3.08779e-21 0 4.18904e-20 0 2.07298e-19 0 4.14597e-19 0 6.21895e-19 0 8.29193e-19 0 1.03649e-18 0 2.07298e-18 0 4.14597e-18 0 6.21896e-18 0 8.29196e-18 0 1.0365e-17 0 1.2438e-17 0 1.4511e-17 0 1.6584e-17 0 1.8657e-17 0 2.073e-17 0 2.2803e-17 0 2.4876e-17 0 2.6949e-17 0 2.9022e-17 0 3.10951e-17 0 3.31681e-17 0 3.52411e-17 0 3.73141e-17 0 3.93872e-17 0 4.14602e-17 0 4.35332e-17 0 4.56063e-17 0 4.76793e-17 0 4.97524e-17 0 5.18254e-17 0 5.38985e-17 0 5.59715e-17 0 5.80445e-17 0 6.01176e-17 0 6.21906e-17 0 6.42637e-17 0 6.63368e-17 0 6.84098e-17 0 7.04829e-17 0 7.25559e-17 0 7.4629e-17 0 7.67021e-17 0 7.87752e-17 0 8.08482e-17 0 8.29213e-17 0 8.49944e-17 0 8.70675e-17 0 8.91405e-17 0 9.12136e-17 0 9.32867e-17 0 9.53598e-17 0 9.74329e-17 0 9.9506e-17 0 1.01579e-16 0 1.03652e-16 0 1.05725e-16 0 1.07798e-16 0 1.09871e-16 0 1.11945e-16 0 1.14018e-16 0 1.16091e-16 0 1.18164e-16 0 1.20237e-16 0 1.2231e-16 0 1.24383e-16
0.784553 1.99777e-21 1.99767e-21 9.02331e-26 4.5167e-05 1.65657e-06 0 1.49041e-22 0 2.79772e-21 0 3.62947e-20 0 1.79669e-19 0 3.59337e-19 0 5.39006e-19 0 7.18675e-19 0 8.98344e-19 0 1.79669e-18 0 3.59338e-18 0 5.39007e-18 0 7.18677e-18 0 8.98347e-18 0 1.07802e-17 0 1.25769e-17 0 1.43736e-17 0 1.61703e-17 0 1.7967e-17 0 1.97637e-17 0 2.15604e-17 0 2.33571e-17 0 2.51539e-17 0 2.69506e-17 0 2.87473e-17 0 3.0544e-17 0 3.23407e-17 0 3.41375e-17 0 3.59342e-17 0 3.77309e-17 0 3.95277e-17 0 4.13244e-17 0 4.31211e-17 0 4.49179e-17 0 4.67146e-17 0 4.85114e-17 0 5.03081e-17 0 5.21048e-17 0 5.39016e-17 0 5.56983e-17 0 5.74951e-17 0 5.92918e-17 0 6.10886e-17 0 6.28853e-17 0 6.46821e-17 0 6.64789e-17 0 6.82756e-17 0 7.00724e-17 0 7.18691e-17 0 7.36659e-17 0 7.54627e-17 0 7.72594e-17 0 7.90562e-17 0 8.0853e-17 0 8.26498e-17 0 8.44465e-17 0 8.62433e-17 0 8.80401e-17 0 8.98369e-17 0 9.16336e-17 0 9.34304e-17 0 9.52272e-17 0 9.7024e-17 0 9.88208e-17 0 1.00618e-16 0 1.02414e-16 0 1.04211e-16 0 1.06008e-16 0 1.07805e-16
0.824824 1.49761e-21 1.49753e-21 7.32707e-26 4.89252e-05 1.49523e-06 0 1.39586e-22 0 2.50686e-21 0 3.12331e-20 0 1.5466e-19 0 3.09321e-19 0 4.63981e-19 0 6.18641e-19 0 7.73302e-19 0 1.5466e-18 0 3.09321e-18 0 4.63982e-18 0 6.18643e-18 0 7.73304e-18 0 9.27966e-18 0 1.08263e-17 0 1.23729e-17 0 1.39195e-17 0 1.54661e-17 0 1.70128e-17 0 1.85594e-17 0 2.0106e-17 0 2.16526e-17 0 2.31993e-17 0 2.47459e-17 0 2.62925e-17 0 2.78392e-17 0 2.93858e-17 0 3.09324e-17 0 3.24791e-17 0 3.40257e-17 0 3.55724e-17 0 3.7119e-17 0 3.86657e-17 0 4.02123e-17 0 4.1759e-17 0 4.33056e-17 0 4.48523e-17 0 4.63989e-17 0 4.79456e-17 0 4.94922e-17 0 5.10389e-17 0 5.25855e-17 0 5.41322e-17 0 5.56789e-17 0 5.72255e-17 0 5.87722e-17 0 6.03189e-17 0 6.18655e-17 0 6.34122e-17 0 6.49589e-17 0 6.65055e-17 0 6.80522e-17 0 6.95989e-17 0 7.11456e-17 0 7.26922e-17 0 7.42389e-17 0 7.57856e-17 0 7.73323e-17 0 7.8879e-17 0 8.04257e-17 0 8.19723e-17 0 8.3519e-17 0 8.50657e-17 0 8.66124e-17 0 8.81591e-17 0 8.97058e-17 0 9.12525e-17 0 9.27991e-17
0.867162 1.1312e-21 1.13114e-21 5.95483e-26 5.26417e-05 1.34988e-06 0 1.29075e-22 0 2.22344e-21 0 2.67079e-20 0 1.3229e-19 0 2.6458e-19 0 3.96871e-19 0 5.29161e-19 0 6.61451e-19 0 1.3229e-18 0 2.64581e-18 0 3.96871e-18 0 5.29162e-18 0 6.61453e-18 0 7.93744e-18 0 9.26036e-18 0 1.05833e-17 0 1.19062e-17 0 1.32291e-17 0 1.4552e-17 0 1.58749e-17 0 1.71979e-17 0 1.85208e-17 0 1.98437e-17 0 2.11666e-17 0 2.24896e-17 0 2.38125e-17 0 2.51354e-17 0 2.64584e-17 0 2.77813e-17 0 2.91042e-17 0 3.04272e-17 0 3.17501e-17 0 3.3073e-17 0 3.4396e-17 0 3.57189e-17 0 3.70419e-17 0 3.83648e-17 0 3.96877e-17 0 4.10107e-17 0 4.23336e-17 0 4.36566e-17 0 4.49795e-17 0 4.63025e-17 0 4.76254e-17 0 4.89484e-17 0 5.02713e-17 0 5.15943e-17 0 5.29173e-17 0 5.42402e-17 0 5.55632e-17 0 5.68861e-17 0 5.82091e-17 0 5.9532e-17 0 6.0855e-17 0 6.2178e-17 0 6.35009e-17 0 6.48239e-17 0 6.61469e-17 0 6.74698e-17 0 6.87928e-17 0 7.01158e-17 0 7.14388e-17 0 7.27617e-17 0 7.40847e-17 0 7.54077e-17 0 7.67306e-17 0 7.80536e-17 0 7.93766e-17
0.911674 8.57957e-22 8.57909e-22 4.84296e-26 5.64476e-05 1.21919e-06 0 1.17553e-22 0 1.94698e-21 0 2.26267e-20 0 1.12105e-19 0 2.24209e-19 0 3.36314e-19 0 4.48419e-19 0 5.60524e-19 0 1.12105e-18 0 2.2421e-18 0 3.36315e-18 0 4.4842e-18 0 5.60526e-18 0 6.72631e-18 0 7.84737e-18 0 8.96843e-18 0 1.00895e-17 0 1.12105e-17 0 1.23316e-17 0 1.34527e-17 0 1.45737e-17 0 1.56948e-17 0 1.68159e-17 0 1.79369e-17 0 1.9058e-17 0 2.01791e-17 0 2.13001e-17 0 2.24212e-17 0 2.35423e-17 0 2.46634e-17 0 2.57844e-17 0 2.69055e-17 0 2.80266e-17 0 2.91477e-17 0 3.02687e-17 0 3.13898e-17 0 3.25109e-17 0 3.3632e-17 0 3.47531e-17 0 3.58742e-17 0 3.69952e-17 0 3.81163e-17 0 3.92374e-17 0 4.03585e-17 0 4.14796e-17 0 4.26007e-17 0 4.37218e-17 0 4.48429e-17 0 4.5964e-17 0 4.70851e-17 0 4.82061e-17 0 4.93272e-17 0 5.04483e-17 0 5.15694e-17 0 5.26905e-17 0 5.38116e-17 0 5.49327e-17 0 5.60538e-17 0 5.71749e-17 0 5.8296e-17 0 5.94171e-17 0 6.05383e-17 0 6.16594e-17 0 6.27805e-17 0 6.39016e-17 0 6.50227e-17 0 6.61438e-17 0 6.72649e-17
0.95847 6.51604e-22 6.51564e-22 3.94112e-26 6.04833e-05 1.10129e-06 0 1.05254e-22 0 1.67999e-21 0 1.89486e-20 0 9.39039e-20 0 1.87808e-19 0 2.81712e-19 0 3.75616e-19 0 4.6952e-19 0 9.3904e-19 0 1.87808e-18 0 2.81712e-18 0 3.75617e-18 0 4.69521e-18 0 5.63426e-18 0 6.5733e-18 0 7.51235e-18 0 8.4514e-18 0 9.39045e-18 0 1.03295e-17 0 1.12686e-17 0 1.22076e-17 0 1.31467e-17 0 1.40857e-17 0 1.50248e-17 0 1.59638e-17 0 1.69029e-17 0 1.78419e-17 0 1.8781e-17 0 1.97201e-17 0 2.06591e-17 0 2.15982e-17 0 2.25372e-17 0 2.34763e-17 0 2.44154e-17 0 2.53544e-17 0 2.62935e-17 0 2.72326e-17 0 2.81716e-17 0 2.91107e-17 0 3.00498e-17 0 3.09888e-17 0 3.19279e-17 0 3.2867e-17 0 3.38061e-17 0 3.47451e-17 0 3.56842e-17 0 3.66233e-17 0 3.75624e-17 0 3.85014e-17 0 3.94405e-17 0 4.03796e-17 0 4.13187e-17 0 4.22577e-17 0 4.31968e-17 0 4.41359e-17 0 4.5075e-17 0 4.60141e-17 0 4.69532e-17 0 4.78922e-17 0 4.88313e-17 0 4.97704e-17 0 5.07095e-17 0 5.16486e-17 0 5.25877e-17 0 5.35268e-17 0 5.44658e-17 0 5.54049e-17 0 5.6344e-17
1.00767 4.99602e-22 4.9957e-22 3.20978e-26 6.42467e-05 9.94978e-07 0 9.34944e-23 0 1.44122e-21 0 1.58213e-20 0 7.84234e-20 0 1.56847e-19 0 2.3527e-19 0 3.13694e-19 0 3.92117e-19 0 7.84235e-19 0 1.56847e-18 0 2.35271e-18 0 3.13694e-18 0 3.92118e-18 0 4.70542e-18 0 5.48966e-18 0 6.2739e-18 0 7.05815e-18 0 7.84239e-18 0 8.62663e-18 0 9.41088e-18 0 1.01951e-17 0 1.09794e-17 0 1.17636e-17 0 1.25479e-17 0 1.33321e-17 0 1.41164e-17 0 1.49006e-17 0 1.56849e-17 0 1.64691e-17 0 1.72534e-17 0 1.80376e-17 0 1.88219e-17 0 1.96061e-17 0 2.03904e-17 0 2.11746e-17 0 2.19589e-17 0 2.27431e-17 0 2.35274e-17 0 2.43117e-17 0 2.50959e-17 0 2.58802e-17 0 2.66644e-17 0 2.74487e-17 0 2.8233e-17 0 2.90172e-17 0 2.98015e-17 0 3.05857e-17 0 3.137e-17 0 3.21543e-17 0 3.29385e-17 0 3.37228e-17 0 3.45071e-17 0 3.52913e-17 0 3.60756e-17 0 3.68599e-17 0 3.76441e-17 0 3.84284e-17 0 3.92127e-17 0 3.99969e-17 0 4.07812e-17 0 4.15655e-17 0 4.23498e-17 0 4.3134e-17 0 4.39183e-17 0 4.47026e-17 0 4.54869e-17 0 4.62711e-17 0 4.70554e-17
1.05939 3.84043e-22 3.84017e-22 2.61585e-26 6.81136e-05 8.99008e-07 0 8.18924e-23 0 1.22167e-21 0 1.30863e-20 0 6.48797e-20 0 1.29759e-19 0 1.94639e-19 0 2.59519e-19 0 3.24398e-19 0 6.48797e-19 0 1.29759e-18 0 1.94639e-18 0 2.59519e-18 0 3.24399e-18 0 3.89279e-18 0 4.5416e-18 0 5.1904e-18 0 5.8392e-18 0 6.488e-18 0 7.13681e-18 0 7.78561e-18 0 8.43442e-18 0 9.08323e-18 0 9.73203e-18 0 1.03808e-17 0 1.10296e-17 0 1.16785e-17 0 1.23273e-17 0 1.29761e-17 0 1.36249e-17 0 1.42737e-17 0 1.49225e-17 0 1.55713e-17 0 1.62201e-17 0 1.68689e-17 0 1.75178e-17 0 1.81666e-17 0 1.88154e-17 0 1.94642e-17 0 2.0113e-17 0 2.07618e-17 0 2.14106e-17 0 2.20595e-17 0 2.27083e-17 0 2.33571e-17 0 2.40059e-17 0 2.46547e-17 0 2.53036e-17 0 2.59524e-17 0 2.66012e-17 0 2.725e-17 0 2.78988e-17 0 2.85477e-17 0 2.91965e-17 0 2.98453e-17 0 3.04941e-17 0 3.1143e-17 0 3.17918e-17 0 3.24406e-17 0 3.30894e-17 0 3.37383e-17 0 3.43871e-17 0 3.50359e-17 0 3.56847e-17 0 3.63336e-17 0 3.69824e-17 0 3.76312e-17 0 3.82801e-17 0 3.89289e-17
1.11377 2.97401e-22 2.9738e-22 2.13274e-26 7.17126e-05 8.12409e-07 0 7.11322e-23 0 1.02893e-21 0 1.07794e-20 0 5.34526e-20 0 1.06905e-19 0 1.60358e-19 0 2.13811e-19 0 2.67263e-19 0 5.34527e-19 0 1.06905e-18 0 1.60358e-18 0 2.13811e-18 0 2.67264e-18 0 3.20717e-18 0 3.7417e-18 0 4.27623e-18 0 4.81076e-18 0 5.34529e-18 0 5.87983e-18 0 6.41436e-18 0 6.94889e-18 0 7.48343e-18 0 8.01796e-18 0 8.5525e-18 0 9.08703e-18 0 9.62157e-18 0 1.01561e-17 0 1.06906e-17 0 1.12252e-17 0 1.17597e-17 0 1.22943e-17 0 1.28288e-17 0 1.33633e-17 0 1.38979e-17 0 1.44324e-17 0 1.4967e-17 0 1.55015e-17 0 1.6036e-17 0 1.65706e-17 0 1.71051e-17 0 1.76397e-17 0 1.81742e-17 0 1.87087e-17 0 1.92433e-17 0 1.97778e-17 0 2.03124e-17 0 2.08469e-17 0 2.13815e-17 0 2.1916e-17 0 2.24506e-17 0 2.29851e-17 0 2.35197e-17 0 2.40542e-17 0 2.45888e-17 0 2.51233e-17 0 2.56579e-17 0 2.61924e-17 0 2.67269e-17 0 2.72615e-17 0 2.77961e-17 0 2.83306e-17 0 2.88652e-17 0 2.93997e-17 0 2.99343e-17 0 3.04688e-17 0 3.10034e-17 0 3.15379e-17 0 3.20725e-17
1.17094 2.32958e-22 2.32941e-22 1.73955e-26 7.46724e-05 7.34406e-07 0 6.15692e-23 0 8.65134e-22 0 8.88265e-21 0 4.40549e-20 0 8.81099e-20 0 1.32165e-19 0 1.7622e-19 0 2.20275e-19 0 4.4055e-19 0 8.811e-19 0 1.32165e-18 0 1.7622e-18 0 2.20275e-18 0 2.64331e-18 0 3.08386e-18 0 3.52441e-18 0 3.96497e-18 0 4.40552e-18 0 4.84607e-18 0 5.28663e-18 0 5.72718e-18 0 6.16774e-18 0 6.6083e-18 0 7.04885e-18 0 7.48941e-18 0 7.92997e-18 0 8.37052e-18 0 8.81108e-18 0 9.25164e-18 0 9.6922e-18 0 1.01328e-17 0 1.05733e-17 0 1.10139e-17 0 1.14544e-17 0 1.1895e-17 0 1.23356e-17 0 1.27761e-17 0 1.32167e-17 0 1.36572e-17 0 1.40978e-17 0 1.45384e-17 0 1.49789e-17 0 1.54195e-17 0 1.58601e-17 0 1.63006e-17 0 1.67412e-17 0 1.71817e-17 0 1.76223e-17 0 1.80629e-17 0 1.85034e-17 0 1.8944e-17 0 1.93846e-17 0 1.98251e-17 0 2.02657e-17 0 2.07063e-17 0 2.11468e-17 0 2.15874e-17 0 2.2028e-17 0 2.24685e-17 0 2.29091e-17 0 2.33497e-17 0 2.37903e-17 0 2.42308e-17 0 2.46714e-17 0 2.5112e-17 0 2.55525e-17 0 2.59931e-17 0 2.64337e-17
1.23105 1.84841e-22 1.84827e-22 1.41928e-26 7.67836e-05 6.63801e-07 0 5.32201e-23 0 7.27694e-22 0 7.3362e-21 0 3.63911e-20 0 7.27822e-20 0 1.09173e-19 0 1.45564e-19 0 1.81956e-19 0 3.63911e-19 0 7.27823e-19 0 1.09173e-18 0 1.45565e-18 0 1.81956e-18 0 2.18347e-18 0 2.54739e-18 0 2.9113e-18 0 3.27521e-18 0 3.63913e-18 0 4.00304e-18 0 4.36696e-18 0 4.73088e-18 0 5.09479e-18 0 5.45871e-18 0 5.82262e-18 0 6.18654e-18 0 6.55046e-18 0 6.91437e-18 0 7.27829e-18 0 7.64221e-18 0 8.00613e-18 0 8.37005e-18 0 8.73397e-18 0 9.09788e-18 0 9.46181e-18 0 9.82573e-18 0 1.01896e-17 0 1.05536e-17 0 1.09175e-17 0 1.12814e-17 0 1.16453e-17 0 1.20092e-17 0 1.23732e-17 0 1.27371e-17 0 1.3101e-17 0 1.34649e-17 0 1.38289e-17 0 1.41928e-17 0 1.45567e-17 0 1.49206e-17 0 1.52846e-17 0 1.56485e-17 0 1.60124e-17 0 1.63763e-17 0 1.67403e-17 0 1.71042e-17 0 1.74681e-17 0 1.7832e-17 0 1.8196e-17 0 1.85599e-17 0 1.89238e-17 0 1.92877e-17 0 1.96517e-17 0 2.00156e-17 0 2.03795e-17 0 2.07434e-17 0 2.11074e-17 0 2.14713e-17 0 2.18352e-17
1.29424 1.49675e-22 1.49663e-22 1.15835e-26 7.73908e-05 6.00041e-07 0 4.63192e-23 0 6.17302e-22 0 6.12096e-21 0 3.03675e-20 0 6.07351e-20 0 9.11026e-20 0 1.2147e-19 0 1.51838e-19 0 3.03675e-19 0 6.07351e-19 0 9.11027e-19 0 1.2147e-18 0 1.51838e-18 0 1.82206e-18 0 2.12574e-18 0 2.42941e-18 0 2.73309e-18 0 3.03677e-18 0 3.34045e-18 0 3.64413e-18 0 3.94781e-18 0 4.25148e-18 0 4.55516e-18 0 4.85884e-18 0 5.16252e-18 0 5.4662e-18 0 5.76988e-18 0 6.07356e-18 0 6.37725e-18 0 6.68093e-18 0 6.98461e-18 0 7.28829e-18 0 7.59197e-18 0 7.89565e-18 0 8.19934e-18 0 8.50302e-18 0 8.8067e-18 0 9.11038e-18 0 9.41407e-18 0 9.71775e-18 0 1.00214e-17 0 1.03251e-17 0 1.06288e-17 0 1.09325e-17 0 1.12362e-17 0 1.15399e-17 0 1.18435e-17 0 1.21472e-17 0 1.24509e-17 0 1.27546e-17 0 1.30583e-17 0 1.3362e-17 0 1.36657e-17 0 1.39693e-17 0 1.4273e-17 0 1.45767e-17 0 1.48804e-17 0 1.51841e-17 0 1.54878e-17 0 1.57915e-17 0 1.60952e-17 0 1.63988e-17 0 1.67025e-17 0 1.70062e-17 0 1.73099e-17 0 1.76136e-17 0 1.79173e-17 0 1.8221e-17
1.36067 1.24198e-22 1.24189e-22 9.45589e-27 7.61356e-05 5.4256e-07 0 4.07857e-23 0 5.30612e-22 0 5.18277e-21 0 2.57166e-20 0 5.14332e-20 0 7.71498e-20 0 1.02866e-19 0 1.28583e-19 0 2.57166e-19 0 5.14333e-19 0 7.715e-19 0 1.02867e-18 0 1.28583e-18 0 1.543e-18 0 1.80017e-18 0 2.05734e-18 0 2.31451e-18 0 2.57167e-18 0 2.82884e-18 0 3.08601e-18 0 3.34318e-18 0 3.60035e-18 0 3.85752e-18 0 4.11469e-18 0 4.37186e-18 0 4.62903e-18 0 4.8862e-18 0 5.14337e-18 0 5.40054e-18 0 5.65771e-18 0 5.91489e-18 0 6.17206e-18 0 6.42923e-18 0 6.6864e-18 0 6.94357e-18 0 7.20075e-18 0 7.45792e-18 0 7.71509e-18 0 7.97226e-18 0 8.22944e-18 0 8.48661e-18 0 8.74378e-18 0 9.00096e-18 0 9.25813e-18 0 9.5153e-18 0 9.77248e-18 0 1.00297e-17 0 1.02868e-17 0 1.0544e-17 0 1.08012e-17 0 1.10583e-17 0 1.13155e-17 0 1.15727e-17 0 1.18299e-17 0 1.2087e-17 0 1.23442e-17 0 1.26014e-17 0 1.28586e-17 0 1.31158e-17 0 1.33729e-17 0 1.36301e-17 0 1.38873e-17 0 1.41445e-17 0 1.44016e-17 0 1.46588e-17 0 1.4916e-17 0 1.51732e-17 0 1.54303e-17
1.43051 1.06401e-22 1.06393e-22 7.7211e-27 7.25659e-05 4.90456e-07 0 3.66313e-23 0 4.65896e-22 0 4.48885e-21 0 2.22764e-20 0 4.45528e-20 0 6.68292e-20 0 8.91056e-20 0 1.11382e-19 0 2.22764e-19 0 4.45528e-19 0 6.68293e-19 0 8.91058e-19 0 1.11382e-18 0 1.33659e-18 0 1.55935e-18 0 1.78212e-18 0 2.00488e-18 0 2.22765e-18 0 2.45042e-18 0 2.67318e-18 0 2.89595e-18 0 3.11872e-18 0 3.34148e-18 0 3.56425e-18 0 3.78702e-18 0 4.00978e-18 0 4.23255e-18 0 4.45532e-18 0 4.67809e-18 0 4.90086e-18 0 5.12362e-18 0 5.34639e-18 0 5.56916e-18 0 5.79193e-18 0 6.0147e-18 0 6.23747e-18 0 6.46024e-18 0 6.68301e-18 0 6.90578e-18 0 7.12855e-18 0 7.35132e-18 0 7.57409e-18 0 7.79686e-18 0 8.01963e-18 0 8.2424e-18 0 8.46517e-18 0 8.68794e-18 0 8.91071e-18 0 9.13348e-18 0 9.35625e-18 0 9.57902e-18 0 9.80179e-18 0 1.00246e-17 0 1.02473e-17 0 1.04701e-17 0 1.06929e-17 0 1.09157e-17 0 1.11384e-17 0 1.13612e-17 0 1.1584e-17 0 1.18067e-17 0 1.20295e-17 0 1.22523e-17 0 1.24751e-17 0 1.26978e-17 0 1.29206e-17 0 1.31434e-17 0 1.33662e-17
1.50394 9.46984e-23 9.46921e-23 6.30558e-27 6.6586e-05 4.43373e-07 0 3.37884e-23 0 4.20695e-22 0 4.00329e-21 0 1.98693e-20 0 3.97385e-20 0 5.96078e-20 0 7.9477e-20 0 9.93463e-20 0 1.98693e-19 0 3.97385e-19 0 5.96078e-19 0 7.94772e-19 0 9.93465e-19 0 1.19216e-18 0 1.39085e-18 0 1.58955e-18 0 1.78824e-18 0 1.98693e-18 0 2.18563e-18 0 2.38432e-18 0 2.58302e-18 0 2.78171e-18 0 2.98041e-18 0 3.1791e-18 0 3.3778e-18 0 3.57649e-18 0 3.77519e-18 0 3.97389e-18 0 4.17258e-18 0 4.37128e-18 0 4.56997e-18 0 4.76867e-18 0 4.96737e-18 0 5.16606e-18 0 5.36476e-18 0 5.56346e-18 0 5.76215e-18 0 5.96085e-18 0 6.15955e-18 0 6.35825e-18 0 6.55694e-18 0 6.75564e-18 0 6.95434e-18 0 7.15304e-18 0 7.35174e-18 0 7.55043e-18 0 7.74913e-18 0 7.94783e-18 0 8.14653e-18 0 8.34523e-18 0 8.54393e-18 0 8.74263e-18 0 8.94133e-18 0 9.14002e-18 0 9.33872e-18 0 9.53742e-18 0 9.73612e-18 0 9.93482e-18 0 1.01335e-17 0 1.03322e-17 0 1.05309e-17 0 1.07296e-17 0 1.09283e-17 0 1.1127e-17 0 1.13257e-17 0 1.15244e-17 0 1.17231e-17 0 1.19218e-17
1.58114 8.78173e-23 8.78121e-23 5.15044e-27 5.86495e-05 4.00695e-07 0 3.21213e-23 0 3.92029e-22 0 3.68861e-21 0 1.83095e-20 0 3.6619e-20 0 5.49286e-20 0 7.32381e-20 0 9.15476e-20 0 1.83095e-19 0 3.66191e-19 0 5.49286e-19 0 7.32382e-19 0 9.15478e-19 0 1.09857e-18 0 1.28167e-18 0 1.46477e-18 0 1.64786e-18 0 1.83096e-18 0 2.01406e-18 0 2.19715e-18 0 2.38025e-18 0 2.56335e-18 0 2.74645e-18 0 2.92954e-18 0 3.11264e-18 0 3.29574e-18 0 3.47884e-18 0 3.66194e-18 0 3.84503e-18 0 4.02813e-18 0 4.21123e-18 0 4.39433e-18 0 4.57743e-18 0 4.76053e-18 0 4.94363e-18 0 5.12673e-18 0 5.30982e-18 0 5.49292e-18 0 5.67602e-18 0 5.85912e-18 0 6.04222e-18 0 6.22532e-18 0 6.40842e-18 0 6.59152e-18 0 6.77462e-18 0 6.95772e-18 0 7.14082e-18 0 7.32392e-18 0 7.50702e-18 0 7.69013e-18 0 7.87323e-18 0 8.05633e-18 0 8.23943e-18 0 8.42253e-18 0 8.60563e-18 0 8.78873e-18 0 8.97183e-18 0 9.15493e-18 0 9.33804e-18 0 9.52114e-18 0 9.70424e-18 0 9.88734e-18 0 1.00704e-17 0 1.02535e-17 0 1.04366e-17 0 1.06198e-17 0 1.08029e-17 0 1.0986e-17
1.6623 8.50586e-23 8.50543e-23 4.20776e-27 4.9469e-05 3.62412e-07 0 3.15673e-23 0 3.7811e-22 0 3.52126e-21 0 1.74808e-20 0 3.49616e-20 0 5.24423e-20 0 6.99231e-20 0 8.74039e-20 0 1.74808e-19 0 3.49616e-19 0 5.24424e-19 0 6.99232e-19 0 8.74041e-19 0 1.04885e-18 0 1.22366e-18 0 1.39847e-18 0 1.57328e-18 0 1.74809e-18 0 1.9229e-18 0 2.0977e-18 0 2.27251e-18 0 2.44732e-18 0 2.62213e-18 0 2.79694e-18 0 2.97175e-18 0 3.14656e-18 0 3.32137e-18 0 3.49619e-18 0 3.671e-18 0 3.84581e-18 0 4.02062e-18 0 4.19543e-18 0 4.37024e-18 0 4.54505e-18 0 4.71986e-18 0 4.89467e-18 0 5.06948e-18 0 5.2443e-18 0 5.41911e-18 0 5.59392e-18 0 5.76873e-18 0 5.94354e-18 0 6.11836e-18 0 6.29317e-18 0 6.46798e-18 0 6.64279e-18 0 6.81761e-18 0 6.99242e-18 0 7.16723e-18 0 7.34205e-18 0 7.51686e-18 0 7.69167e-18 0 7.86648e-18 0 8.0413e-18 0 8.21611e-18 0 8.39093e-18 0 8.56574e-18 0 8.74055e-18 0 8.91537e-18 0 9.09018e-18 0 9.26499e-18 0 9.43981e-18 0 9.61462e-18 0 9.78944e-18 0 9.96425e-18 0 1.01391e-17 0 1.03139e-17 0 1.04887e-17
1.74763 8.57921e-23 8.57887e-23 3.43776e-27 4.00708e-05 3.28122e-07 0 3.19911e-23 0 3.765e-22 0 3.47362e-21 0 1.7246e-20 0 3.4492e-20 0 5.1738e-20 0 6.89841e-20 0 8.62301e-20 0 1.7246e-19 0 3.44921e-19 0 5.17381e-19 0 6.89842e-19 0 8.62303e-19 0 1.03476e-18 0 1.20722e-18 0 1.37969e-18 0 1.55215e-18 0 1.72461e-18 0 1.89707e-18 0 2.06953e-18 0 2.24199e-18 0 2.41446e-18 0 2.58692e-18 0 2.75938e-18 0 2.93184e-18 0 3.10431e-18 0 3.27677e-18 0 3.44923e-18 0 3.62169e-18 0 3.79416e-18 0 3.96662e-18 0 4.13908e-18 0 4.31155e-18 0 4.48401e-18 0 4.65647e-18 0 4.82894e-18 0 5.0014e-18 0 5.17386e-18 0 5.34633e-18 0 5.51879e-18 0 5.69126e-18 0 5.86372e-18 0 6.03619e-18 0 6.20865e-18 0 6.38111e-18 0 6.55358e-18 0 6.72604e-18 0 6.89851e-18 0 7.07097e-18 0 7.24344e-18 0 7.4159e-18 0 7.58837e-18 0 7.76083e-18 0 7.9333e-18 0 8.10577e-18 0 8.27823e-18 0 8.4507e-18 0 8.62316e-18 0 8.79563e-18 0 8.9681e-18 0 9.14056e-18 0 9.31303e-18 0 9.48549e-18 0 9.65796e-18 0 9.83043e-18 0 1.00029e-17 0 1.01754e-17 0 1.03478e-17
1.83733 9.00174e-23 9.00146e-23 2.809e-27 3.12051e-05 2.95898e-07 0 3.34161e-23 0 3.86826e-22 0 3.53859e-21 0 1.75703e-20 0 3.51406e-20 0 5.27109e-20 0 7.02812e-20 0 8.78516e-20 0 1.75703e-19 0 3.51406e-19 0 5.2711e-19 0 7.02814e-19 0 8.78517e-19 0 1.05422e-18 0 1.22993e-18 0 1.40563e-18 0 1.58133e-18 0 1.75704e-18 0 1.93274e-18 0 2.10845e-18 0 2.28415e-18 0 2.45986e-18 0 2.63556e-18 0 2.81127e-18 0 2.98697e-18 0 3.16268e-18 0 3.33838e-18 0 3.51409e-18 0 3.6898e-18 0 3.8655e-18 0 4.04121e-18 0 4.21691e-18 0 4.39262e-18 0 4.56833e-18 0 4.74403e-18 0 4.91974e-18 0 5.09545e-18 0 5.27115e-18 0 5.44686e-18 0 5.62257e-18 0 5.79827e-18 0 5.97398e-18 0 6.14969e-18 0 6.3254e-18 0 6.5011e-18 0 6.67681e-18 0 6.85252e-18 0 7.02823e-18 0 7.20393e-18 0 7.37964e-18 0 7.55535e-18 0 7.73106e-18 0 7.90677e-18 0 8.08247e-18 0 8.25818e-18 0 8.43389e-18 0 8.6096e-18 0 8.78531e-18 0 8.96102e-18 0 9.13673e-18 0 9.31244e-18 0 9.48815e-18 0 9.66385e-18 0 9.83956e-18 0 1.00153e-17 0 1.0191e-17 0 1.03667e-17 1.4013e-45 1.05424e-17
1.93164 9.76475e-23 9.76452e-23 2.29541e-27 2.35071e-05 2.67856e-07 0 3.57718e-23 0 4.07723e-22 0 3.70088e-21 0 1.83778e-20 0 3.67556e-20 0 5.51334e-20 0 7.35112e-20 0 9.18889e-20 0 1.83778e-19 0 3.67556e-19 0 5.51334e-19 0 7.35113e-19 0 9.18891e-19 0 1.10267e-18 0 1.28645e-18 0 1.47023e-18 0 1.65401e-18 0 1.83779e-18 0 2.02157e-18 0 2.20535e-18 0 2.38913e-18 0 2.5729e-18 0 2.75668e-18 0 2.94046e-18 0 3.12424e-18 0 3.30802e-18 0 3.49181e-18 0 3.67559e-18 0 3.85937e-18 0 4.04315e-18 0 4.22693e-18 0 4.41071e-18 0 4.59449e-18 0 4.77827e-18 0 4.96205e-18 0 5.14583e-18 0 5.32962e-18 0 5.5134e-18 0 5.69718e-18 0 5.88096e-18 0 6.06474e-18 0 6.24852e-18 0 6.43231e-18 0 6.61609e-18 0 6.79987e-18 1.4013e-45 6.98365e-18 1.4013e-45 7.16744e-18 1.4013e-45 7.35122e-18 1.4013e-45 7.535e-18 1.4013e-45 7.71878e-18 2.8026e-45 7.90257e-18 2.8026e-45 8.08635e-18 4.2039e-45 8.27013e-18 4.2039e-45 8.45392e-18 5.60519e-45 8.6377e-18 7.00649e-45 8.82148e-18 7.00649e-45 9.00527e-18 8.40779e-45 9.18905e-18 1.12104e-44 9.37283e-18 1.26117e-44 9.55662e-18 1.54143e-44 9.7404e-18 1.68156e-44 9.92419e-18 1.96182e-44 1.0108e-17 2.38221e-44 1.02918e-17 2.8026e-44 1.04755e-17 3.22299e-44 1.06593e-17 3.64338e-44 1.08431e-17 4.2039e-44 1.10269e-17
2.03079 1.08961e-22 1.08959e-22 1.87634e-27 1.72203e-05 2.42054e-07 0 3.90672e-23 0 4.38847e-22 0 3.95526e-21 0 1.96427e-20 0 3.92853e-20 0 5.8928e-20 0 7.85706e-20 0 9.82133e-20 0 1.96427e-19 0 3.92854e-19 0 5.89281e-19 0 7.85708e-19 0 9.82135e-19 0 1.17856e-18 0 1.37499e-18 0 1.57142e-18 0 1.76785e-18 0 1.96427e-18 0 2.1607e-18 0 2.35713e-18 0 2.55356e-18 0 2.74999e-18 0 2.94642e-18 0 3.14285e-18 0 3.33927e-18 0 3.5357e-18 0 3.73213e-18 0 3.92856e-18 0 4.12499e-18 0 4.32142e-18 0 4.51785e-18 1.4013e-45 4.71428e-18 1.4013e-45 4.91071e-18 1.4013e-45 5.10714e-18 2.8026e-45 5.30357e-18 2.8026e-45 5.5e-18 4.2039e-45 5.69643e-18 5.60519e-45 5.89286e-18 7.00649e-45 6.08929e-18 9.80909e-45 6.28572e-18 1.26117e-44 6.48215e-18 1.68156e-44 6.67858e-18 2.10195e-44 6.87502e-18 2.8026e-44 7.07145e-18 3.50325e-44 7.26788e-18 4.34403e-44 7.46431e-18 5.46506e-44 7.66074e-18 6.86636e-44 7.85717e-18 8.40779e-44 8.0536e-18 1.02295e-43 8.25004e-18 1.23314e-43 8.44647e-18 1.5134e-43 8.6429e-18 1.80768e-43 8.83933e-18 2.17201e-43 9.03576e-18 2.60642e-43 9.2322e-18 3.08286e-43 9.42863e-18 3.64338e-43 9.62506e-18 4.27396e-43 9.82149e-18 5.05869e-43 1.00179e-17 5.91348e-43 1.02144e-17 6.9084e-43 1.04108e-17 8.00141e-43 1.06072e-17 9.33265e-43 1.08037e-17 1.06919e-42 1.10001e-17 1.24575e-42 1.11965e-17 1.42512e-42 1.1393e-17 1.62971e-42 1.15894e-17 1.86092e-42 1.17858e-17
2.13503 1.2542e-22 1.25418e-22 1.53403e-27 1.22312e-05 2.19209e-07 0 4.36689e-23 0 4.83882e-22 0 4.33302e-21 0 2.15204e-20 0 4.30408e-20 0 6.45613e-20 0 8.60817e-20 0 1.07602e-19 0 2.15204e-19 0 4.30409e-19 0 6.45613e-19 0 8.60818e-19 0 1.07602e-18 0 1.29123e-18 0 1.50643e-18 0 1.72164e-18 0 1.93684e-18 0 2.15205e-18 0 2.36726e-18 0 2.58246e-18 0 2.79767e-18 0 3.01287e-18 0 3.22808e-18 1.4013e-45 3.44329e-18 1.4013e-45 3.65849e-18 2.8026e-45 3.8737e-18 5.60519e-45 4.08891e-18 8.40779e-45 4.30412e-18 1.26117e-44 4.51932e-18 1.96182e-44 4.73453e-18 2.94273e-44 4.94974e-18 4.2039e-44 5.16494e-18 6.02558e-44 5.38015e-18 8.40779e-44 5.59536e-18 1.16308e-43 5.81057e-18 1.58347e-43 6.02578e-18 2.12997e-43 6.24098e-18 2.83062e-43 6.45619e-18 3.71344e-43 6.6714e-18 4.84849e-43 6.88661e-18 6.27782e-43 7.10182e-18 8.09951e-43 7.31703e-18 1.01174e-42 7.53224e-18 1.28919e-42 7.74744e-18 1.60729e-42 7.96265e-18 2.00105e-42 8.17786e-18 2.43966e-42 8.39307e-18 3.02961e-42 8.60828e-18 3.68682e-42 8.82349e-18 4.43791e-42 9.0387e-18 5.33614e-42 9.25391e-18 6.4726e-42 9.46912e-18 7.69593e-42 9.68433e-18 9.14207e-42 9.89954e-18 1.08517e-41 1.01148e-17 1.27504e-41 1.033e-17 1.49701e-41 1.05452e-17 1.73999e-41 1.07604e-17 2.04015e-41 1.09756e-17 2.36847e-41 1.11908e-17 2.74781e-41 1.1406e-17 3.15685e-41 1.16212e-17 3.65823e-41 1.18364e-17 4.15989e-41 1.20516e-17 4.81542e-41 1.22669e-17 5.47067e-41 1.24821e-17 6.21224e-41 1.26973e-17 7.05119e-41 1.29125e-17
2.24463 1.48123e-22 1.48122e-22 1.25414e-27 8.46687e-06 1.98441e-07 0 4.97157e-23 0 5.43863e-22 0 4.84141e-21 0 2.40472e-20 0 4.80944e-20 0 7.21417e-20 0 9.61889e-20 0 1.20236e-19 0 2.40472e-19 0 4.80945e-19 0 7.21417e-19 0 9.6189e-19 0 1.20236e-18 0 1.44284e-18 0 1.68331e-18 0 1.92378e-18 0 2.16426e-18 0 2.40473e-18 1.4013e-45 2.6452e-18 4.2039e-45 2.88568e-18 8.40779e-45 3.12615e-18 1.68156e-44 3.36663e-18 3.22299e-44 3.6071e-18 5.88545e-44 3.84758e-18 1.00893e-43 4.08805e-18 1.66755e-43 4.32853e-18 2.67648e-43 4.569e-18 4.13383e-43 4.80948e-18 6.37591e-43 5.04995e-18 9.36067e-43 5.29043e-18 1.37047e-42 5.5309e-18 1.95761e-42 5.77138e-18 2.72833e-42 6.01186e-18 3.79331e-42 6.25233e-18 5.15257e-42 6.49281e-18 6.9112e-42 6.73328e-18 9.15749e-42 6.97376e-18 1.19881e-41 7.21424e-18 1.55096e-41 7.45471e-18 2.00316e-41 7.69519e-18 2.55751e-41 7.93567e-18 3.25998e-41 8.17615e-18 4.03098e-41 8.41662e-18 5.07424e-41 8.6571e-18 6.2582e-41 8.89758e-18 7.70924e-41 9.13806e-18 9.30883e-41 9.37853e-18 1.14413e-40 9.61901e-18 1.37871e-40 9.85949e-18 1.64451e-40 1.01e-17 1.95984e-40 1.03404e-17 2.35515e-40 1.05809e-17 2.77645e-40 1.08214e-17 3.27063e-40 1.10619e-17 3.8499e-40 1.13024e-17 4.4878e-40 1.15428e-17 5.22799e-40 1.17833e-17 6.03218e-40 1.20238e-17 7.01819e-40 1.22643e-17 8.08817e-40 1.25048e-17 9.31596e-40 1.27452e-17 1.06303e-39 1.29857e-17 1.22306e-39 1.32262e-17 1.38209e-39 1.34667e-17 1.58849e-39 1.37072e-17 1.79341e-39 1.39476e-17 2.02391e-39 1.41881e-17 2.28309e-39 1.44286e-17
2.35984 1.80496e-22 1.80495e-22 1.0253e-27 5.68048e-06 1.79245e-07 0 5.79934e-23 0 6.2682e-22 0 5.54979e-21 0 2.75677e-20 0 5.51353e-20 0 8.2703e-20 0 1.10271e-19 0 1.37838e-19 0 2.75677e-19 0 5.51354e-19 0 8.27031e-19 0 1.10271e-18 0 1.37839e-18 0 1.65406e-18 1.4013e-45 1.92974e-18 4.2039e-45 2.20542e-18 1.4013e-44 2.4811e-18 3.92364e-44 2.75678e-18 9.52883e-44 3.03246e-18 2.158e-43 3.30813e-18 4.44212e-43 3.58381e-18 8.53391e-43 3.85949e-18 1.57226e-42 4.13517e-18 2.74514e-42 4.41085e-18 4.60607e-42 4.68653e-18 7.43389e-42 4.96221e-18 1.16798e-41 5.23789e-18 1.76956e-41 5.51357e-18 2.66863e-41 5.78925e-18 3.84741e-41 6.06493e-18 5.52714e-41 6.34061e-18 7.75661e-41 6.61629e-18 1.06401e-40 6.89197e-18 1.45556e-40 7.16766e-18 1.94778e-40 7.44334e-18 2.57553e-40 7.71902e-18 3.36602e-40 7.9947e-18 4.34904e-40 8.27038e-18 5.55641e-40 8.54606e-18 7.08704e-40 8.82175e-18 8.94105e-40 9.09743e-18 1.12628e-39 9.37311e-18 1.37826e-39 9.64879e-18 1.71559e-39 9.92447e-18 2.09435e-39 1.02002e-17 2.55381e-39 1.04758e-17 3.05544e-39 1.07515e-17 3.71775e-39 1.10272e-17 4.43938e-39 1.13029e-17 5.24984e-39 1.15786e-17 6.20316e-39 1.18543e-17 7.3878e-39 1.21299e-17 8.63964e-39 1.24056e-17 1.00963e-38 1.26813e-17 1.17903e-38 1.2957e-17 1.36414e-38 1.32327e-17 1.57733e-38 1.35084e-17 1.80729e-38 1.3784e-17 2.08722e-38 1.40597e-17 2.38882e-38 1.43354e-17 2.73253e-38 1.46111e-17 3.09802e-38 1.48868e-17 3.54008e-38 1.51625e-17 3.97659e-38 1.54382e-17 4.5395e-38 1.57138e-17 5.09483e-38 1.59895e-17 5.71581e-38 1.62652e-17 6.40992e-38 1.65409e-17
2.48097 2.28957e-22 2.28956e-22 8.38139e-28 3.66068e-06 1.62315e-07 0 6.99603e-23 0 7.47658e-22 0 6.58696e-21 0 3.27219e-20 0 6.54438e-20 0 9.81657e-20 0 1.30888e-19 0 1.63609e-19 0 3.27219e-19 0 6.54438e-19 0 9.81658e-19 0 1.30888e-18 1.4013e-45 1.6361e-18 1.4013e-44 1.96332e-18 6.5861e-44 2.29054e-18 2.42425e-43 2.61776e-18 7.39886e-43 2.94498e-18 1.97023e-42 3.2722e-18 4.57384e-42 3.59942e-18 9.86374e-42 3.92664e-18 1.96308e-41 4.25386e-18 3.65837e-41 4.58109e-18 6.53888e-41 4.90831e-18 1.1113e-40 5.23553e-18 1.81789e-40 5.56275e-18 2.8663e-40 5.88998e-18 4.40512e-40 6.2172e-18 6.53985e-40 6.54442e-18 9.66668e-40 6.87164e-18 1.36904e-39 7.19887e-18 1.93225e-39 7.52609e-18 2.66716e-39 7.85331e-18 3.60261e-39 8.18054e-18 4.8535e-39 8.50776e-18 6.4031e-39 8.83499e-18 8.35207e-39 9.16221e-18 1.07738e-38 9.48943e-18 1.37471e-38 9.81666e-18 1.73548e-38 1.01439e-17 2.1874e-38 1.04711e-17 2.72851e-38 1.07983e-17 3.39851e-38 1.11256e-17 4.11806e-38 1.14528e-17 5.07144e-38 1.178e-17 6.13108e-38 1.21072e-17 7.4041e-38 1.24345e-17 8.78119e-38 1.27617e-17 1.05828e-37 1.30889e-17 1.2528e-37 1.34161e-17 1.46943e-37 1.37434e-17 1.72218e-37 1.40706e-17 2.03364e-37 1.43978e-17 2.36013e-37 1.4725e-17 2.73716e-37 1.50523e-17 3.17228e-37 1.53795e-17 3.64429e-37 1.57067e-17 4.18406e-37 1.6034e-17 4.76231e-37 1.63612e-17 5.46141e-37 1.66884e-17 6.20953e-37 1.70156e-17 7.0565e-37 1.73429e-17 7.95145e-37 1.76701e-17 9.02707e-37 1.79973e-17 1.00828e-36 1.83246e-17 1.14359e-36 1.86518e-17 1.27628e-36 1.8979e-17 1.42382e-36 1.93062e-17 1.58781e-36 1.96335e-17
2.60832 3.0702e-22 3.0702e-22 6.85028e-28 2.23121e-06 1.47169e-07 0 8.86665e-23 0 9.37553e-22 0 8.22255e-21 0 4.08495e-20 0 8.16991e-20 0 1.22549e-19 0 1.63398e-19 0 2.04248e-19 0 4.08496e-19 0 8.16991e-19 0 1.22549e-18 1.12104e-44 1.63398e-18 1.24716e-43 2.04248e-18 7.72115e-43 2.45098e-18 3.41076e-42 2.85948e-18 1.17022e-41 3.26797e-18 3.37475e-41 3.67647e-18 8.56305e-41 4.08497e-18 1.90759e-40 4.49347e-18 3.96276e-40 4.90196e-18 7.62617e-40 5.31046e-18 1.37868e-39 5.71896e-18 2.39529e-39 6.12746e-18 3.96678e-39 6.53596e-18 6.33491e-39 6.94446e-18 9.76879e-39 7.35296e-18 1.47016e-38 7.76146e-18 2.14089e-38 8.16996e-18 3.10469e-38 8.57846e-18 4.32294e-38 8.98696e-18 5.99957e-38 9.39546e-18 8.1521e-38 9.80396e-18 1.08508e-37 1.02125e-17 1.44073e-37 1.0621e-17 1.87517e-37 1.10295e-17 2.41441e-37 1.1438e-17 3.076e-37 1.18465e-17 3.87848e-37 1.2255e-17 4.84092e-37 1.26635e-17 6.03297e-37 1.3072e-17 7.44459e-37 1.34805e-17 9.17376e-37 1.3889e-17 1.10123e-36 1.42975e-17 1.34246e-36 1.4706e-17 1.608e-36 1.51145e-17 1.92407e-36 1.5523e-17 2.263e-36 1.59315e-17 2.70255e-36 1.634e-17 3.17305e-36 1.67485e-17 3.69286e-36 1.7157e-17 4.29464e-36 1.75655e-17 5.03034e-36 1.7974e-17 5.79565e-36 1.83825e-17 6.67305e-36 1.8791e-17 7.67833e-36 1.91995e-17 8.76127e-36 1.96081e-17 9.99133e-36 2.00166e-17 1.13005e-35 2.04251e-17 1.2873e-35 2.08336e-17 1.4545e-35 2.12421e-17 1.6426e-35 2.16506e-17 1.84017e-35 2.20591e-17 2.07619e-35 2.24676e-17 2.30651e-35 2.28761e-17 2.60001e-35 2.32846e-17 2.88617e-35 2.36931e-17 3.20267e-35 2.41016e-17 3.55259e-35 2.45101e-17
2.74221 4.50844e-22 4.50844e-22 5.59712e-28 1.24147e-06 1.32399e-07 0 1.22343e-22 0 1.28079e-21 0 1.11861e-20 0 5.55757e-20 0 1.11151e-19 0 1.66727e-19 0 2.22303e-19 0 2.77878e-19 0 5.55757e-19 0 1.11151e-18 3.22299e-44 1.66727e-18 7.00649e-43 2.22303e-18 6.76967e-42 2.77879e-18 3.85679e-41 3.33455e-18 1.58347e-40 3.89031e-18 5.11649e-40 4.44607e-18 1.40116e-39 5.00183e-18 3.39725e-39 5.55759e-18 7.2778e-39 6.11335e-18 1.45885e-38 6.66911e-18 2.71918e-38 7.22487e-18 4.77571e-38 7.78063e-18 8.07645e-38 8.33639e-18 1.30498e-37 8.89216e-18 2.03695e-37 9.44792e-18 3.07537e-37 1.00037e-17 4.53684e-37 1.05594e-17 6.48656e-37 1.11152e-17 9.23755e-37 1.1671e-17 1.2656e-36 1.22267e-17 1.72858e-36 1.27825e-17 2.31387e-36 1.33383e-17 3.03716e-36 1.3894e-17 3.97718e-36 1.44498e-17 5.11031e-36 1.50056e-17 6.49916e-36 1.55613e-17 8.18272e-36 1.61171e-17 1.02013e-35 1.66729e-17 1.25957e-35 1.72286e-17 1.55295e-35 1.77844e-17 1.89675e-35 1.83402e-17 2.3136e-35 1.88959e-17 2.75262e-35 1.94517e-17 3.32331e-35 2.00075e-17 3.94572e-35 2.05632e-17 4.6801e-35 2.1119e-17 5.46109e-35 2.16748e-17 6.46555e-35 2.22305e-17 7.5319e-35 2.27863e-17 8.70111e-35 2.33421e-17 1.00447e-34 2.38978e-17 1.1675e-34 2.44536e-17 1.33585e-34 2.50094e-17 1.52753e-34 2.55651e-17 1.74565e-34 2.61209e-17 1.97906e-34 2.66767e-17 2.24249e-34 2.72325e-17 2.52113e-34 2.77882e-17 2.85374e-34 2.8344e-17 3.20522e-34 2.88998e-17 3.5983e-34 2.94555e-17 4.0088e-34 3.00113e-17 4.49641e-34 3.05671e-17 4.96962e-34 3.11229e-17 5.56932e-34 3.16786e-17 6.15086e-34 3.22344e-17 6.79077e-34 3.27902e-17 7.49469e-34 3.3346e-17
2.88297 7.66975e-22 7.66974e-22 4.5701e-28 5.95861e-07 1.20246e-07 0 1.94492e-22 0 2.01707e-21 0 1.75494e-20 0 8.71953e-20 0 1.74391e-19 0 2.61586e-19 0 3.48781e-19 0 4.35977e-19 0 8.71953e-19 2.24208e-44 1.74391e-18 2.15239e-42 2.61586e-18 4.10048e-41 3.48782e-18 3.54526e-40 4.35977e-18 1.85512e-39 5.23173e-18 7.10896e-39 6.10369e-18 2.1692e-38 6.97564e-18 5.65529e-38 7.8476e-18 1.31315e-37 8.71956e-18 2.71039e-37 9.59152e-18 5.25166e-37 1.04635e-17 9.49556e-37 1.13354e-17 1.62248e-36 1.22074e-17 2.67437e-36 1.30794e-17 4.22115e-36 1.39513e-17 6.44711e-36 1.48233e-17 9.53995e-36 1.56952e-17 1.38089e-35 1.65672e-17 1.94017e-35 1.74392e-17 2.71572e-35 1.83111e-17 3.66395e-35 1.91831e-17 4.92868e-35 2.00551e-17 6.50423e-35 2.0927e-17 8.42478e-35 2.1799e-17 1.0888e-34 2.2671e-17 1.38199e-34 2.35429e-17 1.73707e-34 2.44149e-17 2.16258e-34 2.52869e-17 2.66721e-34 2.61588e-17 3.25951e-34 2.70308e-17 3.97784e-34 2.79028e-17 4.81126e-34 2.87747e-17 5.81199e-34 2.96467e-17 6.85644e-34 3.05187e-17 8.20214e-34 3.13906e-17 9.65701e-34 3.22626e-17 1.13593e-33 3.31346e-17 1.31554e-33 3.40065e-17 1.54472e-33 3.48785e-17 1.78613e-33 3.57505e-17 2.04891e-33 3.66225e-17 2.34877e-33 3.74944e-17 2.71e-33 3.83664e-17 3.08045e-33 3.92384e-17 3.49949e-33 4.01103e-17 3.97321e-33 4.09823e-17 4.47696e-33 4.18543e-17 5.04201e-33 4.27263e-17 5.63618e-33 4.35982e-17 6.34128e-33 4.44702e-17 7.08202e-33 4.53422e-17 7.90578e-33 4.62142e-17 8.76134e-33 4.70861e-17 9.77211e-33 4.79581e-17 1.07479e-32 4.88301e-17 1.19781e-32 4.97021e-17 1.31648e-32 5.0574e-17 1.44644e-32 5.1446e-17 1.5887e-32 5.2318e-17
3.03095 1.71974e-21 1.71974e-21 3.7228e-28 2.16474e-07 1.08298e-07 0 4.05418e-22 0 4.1676e-21 0 3.61325e-20 0 1.79537e-19 0 3.59074e-19 0 5.3861e-19 0 7.18147e-19 0 8.97684e-19 0 1.79537e-18 2.07672e-42 3.59074e-18 1.59304e-40 5.38611e-18 2.62761e-39 7.18148e-18 2.04475e-38 8.97686e-18 9.86901e-38 1.07722e-17 3.54179e-37 1.25676e-17 1.02344e-36 1.4363e-17 2.54623e-36 1.61584e-17 5.67407e-36 1.79537e-17 1.13044e-35 1.97491e-17 2.12073e-35 2.15445e-17 3.72521e-35 2.33399e-17 6.20083e-35 2.51353e-17 9.97458e-35 2.69306e-17 1.53967e-34 2.8726e-17 2.30346e-34 3.05214e-17 3.3439e-34 3.23168e-17 4.75361e-34 3.41122e-17 6.56893e-34 3.59076e-17 9.04502e-34 3.7703e-17 1.20261e-33 3.94984e-17 1.59447e-33 4.12937e-17 2.07587e-33 4.30891e-17 2.65508e-33 4.48845e-17 3.38867e-33 4.66799e-17 4.25137e-33 4.84753e-17 5.28436e-33 5.02707e-17 6.50883e-33 5.20661e-17 7.94584e-33 5.38615e-17 9.61574e-33 5.56569e-17 1.16213e-32 5.74523e-17 1.39262e-32 5.92477e-17 1.66683e-32 6.10431e-17 1.95057e-32 6.28385e-17 2.31308e-32 6.46339e-17 2.70174e-32 6.64293e-17 3.15291e-32 6.82247e-17 3.62535e-32 7.00201e-17 4.22368e-32 7.18155e-17 4.84924e-32 7.36109e-17 5.52553e-32 7.54063e-17 6.29209e-32 7.72017e-17 7.20926e-32 7.89971e-17 8.14365e-32 8.07925e-17 9.19401e-32 8.25879e-17 1.03741e-31 8.43833e-17 1.16215e-31 8.61788e-17 1.30125e-31 8.79742e-17 1.4467e-31 8.97696e-17 1.61835e-31 9.1565e-17 1.79767e-31 9.33604e-17 1.99602e-31 9.51558e-17 2.20096e-31 9.69512e-17 2.44182e-31 9.87466e-17 2.6732e-31 1.00542e-16 2.96345e-31 1.02337e-16 3.24206e-31 1.04133e-16 3.54576e-31 1.05928e-16 3.87671e-31 1.07724e-16
3.18653 1.04935e-20 1.04935e-20 3.00742e-28 2.86599e-08 9.84533e-08 0 2.28855e-21 0 2.3331e-20 0 2.01622e-19 0 1.00188e-18 0 2.00376e-18 0 3.00564e-18 0 4.00752e-18 0 5.0094e-18 1.4013e-43 1.00188e-17 4.30521e-40 2.00376e-17 2.67159e-38 3.00564e-17 3.84301e-37 4.00753e-17 2.70547e-36 5.00941e-17 1.2092e-35 6.01129e-17 4.07712e-35 7.01318e-17 1.11864e-34 8.01506e-17 2.66197e-34 9.01695e-17 5.70438e-34 1.00188e-16 1.09887e-33 1.10207e-16 1.99914e-33 1.20226e-16 3.41636e-33 1.30245e-16 5.54699e-33 1.40264e-16 8.71812e-33 1.50283e-16 1.3175e-32 1.60302e-16 1.93269e-32 1.70321e-16 2.75506e-32 1.80339e-16 3.84984e-32 1.90358e-16 5.23667e-32 2.00377e-16 7.09885e-32 2.10396e-16 9.30812e-32 2.20415e-16 1.21724e-31 2.30434e-16 1.56446e-31 2.40453e-16 1.97707e-31 2.50472e-16 2.49345e-31 2.60491e-16 3.09379e-31 2.7051e-16 3.8049e-31 2.80529e-16 4.63911e-31 2.90548e-16 5.60843e-31 3.00567e-16 6.72418e-31 3.10586e-16 8.05184e-31 3.20605e-16 9.56393e-31 3.30623e-16 1.13471e-30 3.40642e-16 1.31771e-30 3.50661e-16 1.54966e-30 3.6068e-16 1.79637e-30 3.70699e-16 2.0806e-30 3.80718e-16 2.37611e-30 3.90737e-16 2.74769e-30 4.00756e-16 3.13345e-30 4.10775e-16 3.54776e-30 4.20794e-16 4.0144e-30 4.30813e-16 4.56911e-30 4.40832e-16 5.13069e-30 4.50851e-16 5.75823e-30 4.6087e-16 6.45912e-30 4.70889e-16 7.19575e-30 4.80908e-16 8.01271e-30 4.90927e-16 8.8624e-30 5.00947e-16 9.85977e-30 5.10966e-16 1.08962e-29 5.20985e-16 1.20368e-29 5.31004e-16 1.32095e-29 5.41023e-16 1.4581e-29 5.51042e-16 1.58922e-29 5.61061e-16 1.75293e-29 5.7108e-16 1.90934e-29 5.81099e-16 2.07909e-29 5.91118e-16 2.26326e-29 6.01137e-16
3.35009 3.01828e-20 3.01828e-20 2.51724e-28 8.33998e-09 8.92638e-08 0 6.06193e-21 0 6.13174e-20 0 5.28313e-19 0 2.62536e-18 0 5.25073e-18 0 7.87609e-18 0 1.05015e-17 2.8026e-45 1.31268e-17 1.68744e-41 2.62536e-17 3.49854e-38 5.25073e-17 1.77472e-36 7.8761e-17 2.24129e-35 1.05015e-16 1.43446e-34 1.31268e-16 5.95932e-34 1.57522e-16 1.89356e-33 1.83776e-16 4.94557e-33 2.1003e-16 1.12809e-32 2.36283e-16 2.3291e-32 2.62537e-16 4.34533e-32 2.88791e-16 7.67772e-32 3.15045e-16 1.27817e-31 3.41299e-16 2.02678e-31 3.67552e-16 3.11591e-31 3.93806e-16 4.61484e-31 4.2006e-16 6.64422e-31 4.46314e-16 9.30884e-31 4.72568e-16 1.27971e-30 4.98822e-16 1.71475e-30 5.25076e-16 2.29025e-30 5.5133e-16 2.96354e-30 5.77584e-16 3.82504e-30 6.03838e-16 4.85628e-30 6.30092e-16 6.06734e-30 6.56345e-16 7.56583e-30 6.82599e-16 9.28908e-30 7.08853e-16 1.13093e-29 7.35107e-16 1.36561e-29 7.61361e-16 1.63572e-29 7.87615e-16 1.94384e-29 8.1387e-16 2.30725e-29 8.40124e-16 2.71761e-29 8.66378e-16 3.19749e-29 8.92632e-16 3.68617e-29 9.18886e-16 4.30083e-29 9.4514e-16 4.9497e-29 9.71394e-16 5.69191e-29 9.97648e-16 6.45832e-29 1.0239e-15 7.4155e-29 1.05016e-15 8.40252e-29 1.07641e-15 9.45601e-29 1.10266e-15 1.06354e-28 1.12892e-15 1.20287e-28 1.15517e-15 1.34309e-28 1.18143e-15 1.4989e-28 1.20768e-15 1.67195e-28 1.23394e-15 1.85283e-28 1.26019e-15 2.05238e-28 1.28644e-15 2.25888e-28 1.3127e-15 2.50004e-28 1.33895e-15 2.74939e-28 1.36521e-15 3.02246e-28 1.39146e-15 3.3019e-28 1.41772e-15 3.62719e-28 1.44397e-15 3.93679e-28 1.47022e-15 4.32159e-28 1.49648e-15 4.68759e-28 1.52273e-15 5.08316e-28 1.54899e-15 5.51056e-28 1.57524e-15
3.52205 2.23681e-20 2.23681e-20 2.10304e-28 9.40193e-09 8.22931e-08 0 4.11926e-21 0 4.13607e-20 0 3.55384e-19 0 1.7661e-18 0 3.53221e-18 0 5.29831e-18 5.60519e-45 7.06441e-18 9.52883e-44 8.83052e-18 4.30445e-40 1.7661e-17 6.14684e-37 3.53221e-17 2.57418e-35 5.29831e-17 2.87233e-34 7.06442e-17 1.67905e-33 8.83053e-17 6.50688e-33 1.05966e-16 1.95407e-32 1.23627e-16 4.86992e-32 1.41289e-16 1.067e-31 1.5895e-16 2.12636e-31 1.76611e-16 3.84812e-31 1.94272e-16 6.61284e-31 2.11933e-16 1.07384e-30 2.29594e-16 1.66487e-30 2.47255e-16 2.50633e-30 2.64917e-16 3.64152e-30 2.82578e-16 5.1504e-30 3.00239e-16 7.09811e-30 3.179e-16 9.60751e-30 3.35561e-16 1.2691e-29 3.53223e-16 1.67124e-29 3.70884e-16 2.13552e-29 3.88545e-16 2.72218e-29 4.06206e-16 3.41605e-29 4.23867e-16 4.2218e-29 4.41529e-16 5.20805e-29 4.5919e-16 6.33054e-29 4.76851e-16 7.63366e-29 4.94512e-16 9.13319e-29 5.12174e-16 1.08437e-28 5.29835e-16 1.27782e-28 5.47496e-16 1.50408e-28 5.65158e-16 1.75749e-28 5.82819e-16 2.05148e-28 6.0048e-16 2.34865e-28 6.18141e-16 2.71972e-28 6.35803e-16 3.10865e-28 6.53464e-16 3.55048e-28 6.71125e-16 4.00378e-28 6.88787e-16 4.56627e-28 7.06448e-16 5.14258e-28 7.2411e-16 5.75406e-28 7.41771e-16 6.4347e-28 7.59432e-16 7.23409e-28 7.77094e-16 8.03401e-28 7.94755e-16 8.91809e-28 8.12416e-16 9.89472e-28 8.30078e-16 1.09103e-27 8.47739e-16 1.20252e-27 8.65401e-16 1.31733e-27 8.83062e-16 1.45077e-27 9.00723e-16 1.58808e-27 9.18385e-16 1.73775e-27 9.36046e-16 1.89024e-27 9.53708e-16 2.06695e-27 9.71369e-16 2.23442e-27 9.89031e-16 2.44168e-27 1.00669e-15 2.63798e-27 1.02435e-15 2.8493e-27 1.04201e-15 3.07672e-27 1.05968e-15
3.70284 1.6407e-21 1.6407e-21 1.69753e-28 1.03463e-07 7.4383e-08 0 2.75931e-22 0 2.75136e-21 0 2.35804e-20 0 1.17189e-19 0 2.34379e-19 0 3.51568e-19 1.82169e-44 4.68757e-19 3.01279e-43 5.85947e-19 9.03242e-40 1.17189e-18 9.04715e-37 2.34379e-18 3.15724e-35 3.51568e-18 3.13151e-34 4.68758e-18 1.67936e-33 5.85947e-18 6.09158e-33 7.03137e-18 1.73373e-32 8.20327e-18 4.13237e-32 9.37516e-18 8.71385e-32 1.05471e-17 1.67904e-31 1.1719e-17 2.95186e-31 1.28909e-17 4.94031e-31 1.40628e-17 7.83473e-31 1.52347e-17 1.18896e-30 1.64066e-17 1.7545e-30 1.75785e-17 2.50308e-30 1.87504e-17 3.48084e-30 1.99223e-17 4.72262e-30 2.10942e-17 6.29844e-30 2.22661e-17 8.20757e-30 2.3438e-17 1.06641e-29 2.46099e-17 1.34645e-29 2.57818e-17 1.69612e-29 2.69537e-17 2.10498e-29 2.81256e-17 2.57473e-29 2.92975e-17 3.14382e-29 3.04694e-17 3.78516e-29 3.16413e-17 4.5228e-29 3.28132e-17 5.36406e-29 3.39851e-17 6.31554e-29 3.5157e-17 7.3828e-29 3.6329e-17 8.62115e-29 3.75009e-17 9.99734e-29 3.86728e-17 1.15819e-28 3.98447e-17 1.31723e-28 4.10166e-17 1.51446e-28 4.21885e-17 1.71977e-28 4.33604e-17 1.9515e-28 4.45323e-17 2.18779e-28 4.57042e-17 2.47918e-28 4.68762e-17 2.77592e-28 4.80481e-17 3.089e-28 4.922e-17 3.43559e-28 5.03919e-17 3.84038e-28 5.15638e-17 4.24325e-28 5.27357e-17 4.68624e-28 5.39076e-17 5.17313e-28 5.50796e-17 5.67696e-28 5.62515e-17 6.22741e-28 5.74234e-17 6.79166e-28 5.85953e-17 7.44446e-28 5.97672e-17 8.11315e-28 6.09392e-17 8.83886e-28 6.21111e-17 9.57505e-28 6.3283e-17 1.04246e-27 6.44549e-17 1.12264e-27 6.56268e-17 1.22148e-27 6.67988e-17 1.31471e-27 6.79707e-17 1.41469e-27 6.91426e-17 1.52189e-27 7.03145e-17
3.89291 8.62353e-22 8.62353e-22 1.38322e-28 1.60401e-07 6.43273e-08 0 1.31944e-22 0 1.30703e-21 0 1.11754e-20 0 5.55417e-20 0 1.11083e-19 9.80909e-45 1.66625e-19 3.85357e-43 2.22167e-19 5.62761e-42 2.77709e-19 1.13901e-38 5.55417e-19 8.14198e-36 1.11083e-18 2.38891e-34 1.66625e-18 2.11835e-33 2.22167e-18 1.04658e-32 2.77709e-18 3.56484e-32 3.33251e-18 9.64078e-32 3.88793e-18 2.20249e-31 4.44335e-18 4.47821e-31 4.99877e-18 8.35697e-31 5.55419e-18 1.42928e-30 6.10961e-18 2.33269e-30 6.66503e-18 3.61701e-30 7.22045e-18 5.37835e-30 7.77587e-18 7.78724e-30 8.33129e-18 1.09187e-29 8.88671e-18 1.49413e-29 9.44213e-18 1.99718e-29 9.99755e-18 2.62641e-29 1.0553e-17 3.37855e-29 1.11084e-17 4.33398e-29 1.16638e-17 5.41014e-29 1.22192e-17 6.73876e-29 1.27747e-17 8.27547e-29 1.33301e-17 1.00232e-28 1.38855e-17 1.21198e-28 1.44409e-17 1.44606e-28 1.49964e-17 1.71291e-28 1.55518e-17 2.01467e-28 1.61072e-17 2.3532e-28 1.66626e-17 2.72997e-28 1.72181e-17 3.16384e-28 1.77735e-17 3.64245e-28 1.83289e-17 4.18956e-28 1.88843e-17 4.73503e-28 1.94398e-17 5.40704e-28 1.99952e-17 6.10208e-28 2.05506e-17 6.88169e-28 2.1106e-17 7.67198e-28 2.16615e-17 8.64091e-28 2.22169e-17 9.62191e-28 2.27723e-17 1.06514e-27 2.33277e-17 1.17852e-27 2.38832e-17 1.31023e-27 2.44386e-17 1.44064e-27 2.4994e-17 1.58334e-27 2.55494e-17 1.73943e-27 2.61049e-17 1.9002e-27 2.66603e-17 2.07505e-27 2.72157e-17 2.2535e-27 2.77712e-17 2.45906e-27 2.83266e-17 2.66872e-27 2.8882e-17 2.89529e-27 2.94374e-17 3.12421e-27 2.99929e-17 3.38732e-27 3.05483e-17 3.6347e-27 3.11037e-17 3.93842e-27 3.16592e-17 4.22383e-27 3.22146e-17 4.52881e-27 3.277e-17 4.85464e-27 3.33255e-17
4.09273 6.83005e-22 6.83005e-22 1.12913e-28 1.65318e-07 6.03426e-08 0 9.47374e-23 0 9.3266e-22 0 7.95703e-21 0 3.95479e-20 1.4013e-45 7.90958e-20 3.27904e-43 1.18644e-19 1.02491e-41 1.58192e-19 1.31184e-40 1.97739e-19 1.83084e-37 3.95479e-19 9.49506e-35 7.90958e-19 2.36222e-33 1.18644e-18 1.88296e-32 1.58192e-18 8.6049e-32 1.9774e-18 2.76073e-31 2.37288e-18 7.11215e-31 2.76836e-18 1.56057e-30 3.16384e-18 3.06498e-30 3.55932e-18 5.54809e-30 3.9548e-18 9.24344e-30 4.35028e-18 1.47294e-29 4.74576e-18 2.23552e-29 5.14124e-18 3.26035e-29 5.53672e-18 4.63609e-29 5.9322e-18 6.394e-29 6.32769e-18 8.61664e-29 6.72317e-18 1.13557e-28 7.11865e-18 1.47351e-28 7.51413e-18 1.87232e-28 7.90961e-18 2.37277e-28 8.3051e-18 2.93005e-28 8.70058e-18 3.61069e-28 9.09606e-18 4.38983e-28 9.49155e-18 5.26741e-28 9.88703e-18 6.31046e-28 1.02825e-17 7.46461e-28 1.0678e-17 8.76928e-28 1.10735e-17 1.02328e-27 1.1469e-17 1.18619e-27 1.18644e-17 1.36617e-27 1.22599e-17 1.57193e-27 1.26554e-17 1.79732e-27 1.30509e-17 2.05321e-27 1.34464e-17 2.3067e-27 1.38419e-17 2.61707e-27 1.42374e-17 2.93608e-27 1.46328e-17 3.29182e-27 1.50283e-17 3.65043e-27 1.54238e-17 4.08765e-27 1.58193e-17 4.52789e-27 1.62148e-17 4.98753e-27 1.66103e-17 5.49123e-27 1.70057e-17 6.07343e-27 1.74012e-17 6.64708e-27 1.77967e-17 7.27191e-27 1.81922e-17 7.9522e-27 1.85877e-17 8.64978e-27 1.89832e-17 9.40519e-27 1.93787e-17 1.0173e-26 1.97742e-17 1.10537e-26 2.01696e-17 1.19483e-26 2.05651e-17 1.29112e-26 2.09606e-17 1.38804e-26 2.13561e-17 1.49901e-26 2.17516e-17 1.60295e-26 2.21471e-17 1.73011e-26 2.25426e-17 1.84916e-26 2.2938e-17 1.97594e-26 2.33335e-17 2.11093e-26 2.3729e-17
4.30281 6.61799e-22 6.61799e-22 9.22082e-29 1.3933e-07 5.43006e-08 0 8.29417e-23 0 8.11761e-22 0 6.91151e-21 0 3.43528e-20 7.70714e-44 6.87055e-20 1.04873e-41 1.03058e-19 2.7724e-40 1.37411e-19 3.13304e-39 1.71764e-19 3.0704e-36 3.43528e-19 1.17353e-33 6.87056e-19 2.49554e-32 1.03058e-18 1.79751e-31 1.37411e-18 7.62704e-31 1.71764e-18 2.31161e-30 2.06117e-18 5.68627e-30 2.4047e-18 1.20073e-29 2.74823e-18 2.28181e-29 3.09176e-18 4.01247e-29 3.43529e-18 6.52046e-29 3.77881e-18 1.01567e-28 4.12234e-18 1.51041e-28 4.46587e-18 2.16263e-28 4.8094e-18 3.02276e-28 5.15293e-18 4.10401e-28 5.49646e-18 5.45064e-28 5.83999e-18 7.08716e-28 6.18352e-18 9.07998e-28 6.52705e-18 1.14034e-27 6.87058e-18 1.42852e-27 7.21412e-18 1.74596e-27 7.55765e-18 2.1297e-27 7.90118e-18 2.56468e-27 8.24471e-18 3.05013e-27 8.58824e-18 3.62202e-27 8.93177e-18 4.24948e-27 9.2753e-18 4.9531e-27 9.61884e-18 5.73632e-27 9.96237e-18 6.60179e-27 1.03059e-17 7.55121e-27 1.06494e-17 8.6292e-27 1.0993e-17 9.80215e-27 1.13365e-17 1.11252e-26 1.168e-17 1.24279e-26 1.20236e-17 1.40134e-26 1.23671e-17 1.56336e-26 1.27106e-17 1.74302e-26 1.30542e-17 1.92316e-26 1.33977e-17 2.14164e-26 1.37412e-17 2.36048e-26 1.40848e-17 2.58786e-26 1.44283e-17 2.83586e-26 1.47718e-17 3.12113e-26 1.51154e-17 3.40091e-26 1.54589e-17 3.70431e-26 1.58024e-17 4.0332e-26 1.6146e-17 4.36903e-26 1.64895e-17 4.73121e-26 1.6833e-17 5.09786e-26 1.71766e-17 5.51681e-26 1.75201e-17 5.94067e-26 1.78636e-17 6.3952e-26 1.82072e-17 6.851e-26 1.85507e-17 7.37098e-26 1.88942e-17 7.85634e-26 1.92378e-17 8.448e-26 1.95813e-17 9.00001e-26 1.99248e-17 9.58598e-26 2.02684e-17 1.02079e-25 2.06119e-17
4.52368 7.24129e-22 7.24129e-22 7.53169e-29 1.0401e-07 4.89036e-08 0 8.17459e-23 0 7.9563e-22 0 6.76138e-21 0 3.36078e-20 2.97356e-42 6.72156e-20 3.15602e-40 1.00823e-19 7.11029e-39 1.34431e-19 7.13808e-38 1.68039e-19 4.99766e-35 3.36078e-19 1.42885e-32 6.72156e-19 2.6172e-31 1.00823e-18 1.71189e-30 1.34431e-18 6.76884e-30 1.68039e-18 1.9434e-29 2.01647e-18 4.57496e-29 2.35255e-18 9.31447e-29 2.68863e-18 1.71544e-28 3.02471e-18 2.93455e-28 3.36079e-18 4.65706e-28 3.69687e-18 7.09884e-28 4.03295e-18 1.03542e-27 4.36903e-18 1.45677e-27 4.70511e-18 2.00315e-27 5.04119e-18 2.67938e-27 5.37727e-18 3.5096e-27 5.71335e-18 4.50521e-27 6.04943e-18 5.70261e-27 6.38551e-18 7.08258e-27 6.72159e-18 8.7754e-27 7.05767e-18 1.06208e-26 7.39375e-18 1.28301e-26 7.72983e-18 1.5311e-26 8.06591e-18 1.80557e-26 8.40199e-18 2.12619e-26 8.73808e-18 2.47514e-26 9.07416e-18 2.86347e-26 9.41024e-18 3.29258e-26 9.74632e-18 3.76343e-26 1.00824e-17 4.27652e-26 1.04185e-17 4.85528e-26 1.07546e-17 5.48104e-26 1.10906e-17 6.1825e-26 1.14267e-17 6.8692e-26 1.17628e-17 7.70029e-26 1.20989e-17 8.5448e-26 1.2435e-17 9.47629e-26 1.27711e-17 1.04056e-25 1.31071e-17 1.1527e-25 1.34432e-17 1.26447e-25 1.37793e-17 1.38006e-25 1.41154e-17 1.50557e-25 1.44515e-17 1.64928e-25 1.47876e-17 1.78961e-25 1.51236e-17 1.94115e-25 1.54597e-17 2.10474e-25 1.57958e-17 2.2711e-25 1.61319e-17 2.44983e-25 1.6468e-17 2.63008e-25 1.68041e-17 2.83527e-25 1.71401e-17 3.04209e-25 1.74762e-17 3.26307e-25 1.78123e-17 3.48391e-25 1.81484e-17 3.73497e-25 1.84845e-17 3.96853e-25 1.88206e-17 4.2523e-25 1.91567e-17 4.51618e-25 1.94927e-17 4.79543e-25 1.98288e-17 5.09088e-25 2.01649e-17
4.75588 8.62383e-22 8.62383e-22 6.14998e-29 7.13138e-08 4.37806e-08 0 8.74379e-23 0 8.4657e-22 0 7.18162e-21 2.38221e-44 3.56978e-20 1.02756e-40 7.13956e-20 8.68606e-39 1.07093e-19 1.68083e-37 1.42791e-19 1.50768e-36 1.78489e-19 7.66623e-34 3.56978e-19 1.66295e-31 7.13956e-19 2.64284e-30 1.07093e-18 1.5772e-29 1.42791e-18 5.83144e-29 1.78489e-18 1.59023e-28 2.14187e-18 3.59031e-28 2.49885e-18 7.06036e-28 2.85583e-18 1.26211e-27 3.21281e-18 2.10318e-27 3.56979e-18 3.26328e-27 3.92677e-18 4.87295e-27 4.28375e-18 6.9778e-27 4.64073e-18 9.65503e-27 4.99771e-18 1.30714e-26 5.35469e-18 1.72375e-26 5.71167e-18 2.2283e-26 6.06865e-18 2.82577e-26 6.42563e-18 3.53588e-26 6.78261e-18 4.3453e-26 7.13959e-18 5.32784e-26 7.49657e-18 6.38845e-26 7.85355e-18 7.64648e-26 8.21054e-18 9.04662e-26 8.56752e-18 1.05828e-25 8.9245e-18 1.2363e-25 9.28148e-18 1.42856e-25 9.63846e-18 1.64096e-25 9.99545e-18 1.87405e-25 1.03524e-17 2.12812e-25 1.07094e-17 2.40321e-25 1.10664e-17 2.7116e-25 1.14234e-17 3.04301e-25 1.17804e-17 3.41233e-25 1.21373e-17 3.77189e-25 1.24943e-17 4.20473e-25 1.28513e-17 4.64223e-25 1.32083e-17 5.12235e-25 1.35653e-17 5.59905e-25 1.39223e-17 6.17155e-25 1.42792e-17 6.73941e-25 1.46362e-17 7.32414e-25 1.49932e-17 7.95636e-25 1.53502e-17 8.67714e-25 1.57072e-17 9.37795e-25 1.60642e-17 1.01318e-24 1.64211e-17 1.09423e-24 1.67781e-17 1.17634e-24 1.71351e-17 1.26423e-24 1.74921e-17 1.35255e-24 1.78491e-17 1.45274e-24 1.82061e-17 1.55336e-24 1.8563e-17 1.6605e-24 1.892e-17 1.76722e-24 1.9277e-17 1.88815e-24 1.9634e-17 2.00029e-24 1.9991e-17 2.1361e-24 2.0348e-17 2.262e-24 2.0705e-17 2.39484e-24 2.10619e-17 2.53498e-24 2.14189e-17
5 1.10644e-21 1.10644e-21 5.02026e-29 4.53731e-08 3.96242e-08 0 1.00488e-22 0 9.68084e-22 0 8.19897e-21 1.12244e-42 4.07561e-20 3.20641e-39 8.15122e-20 2.18249e-37 1.22268e-19 3.65453e-36 1.63024e-19 2.9451e-35 2.0378e-19 1.10469e-32 4.07561e-19 1.84276e-30 8.15122e-19 2.55867e-29 1.22268e-18 1.39943e-28 1.63025e-18 4.85417e-28 2.03781e-18 1.26045e-27 2.44537e-18 2.73483e-27 2.85293e-18 5.20339e-27 3.26049e-18 9.04147e-27 3.66806e-18 1.46957e-26 4.07562e-18 2.2318e-26 4.48318e-18 3.26806e-26 4.89074e-18 4.59836e-26 5.29831e-18 6.26257e-26 5.70587e-18 8.35406e-26 6.11343e-18 1.08689e-25 6.521e-18 1.38752e-25 6.92856e-18 1.73926e-25 7.33613e-18 2.15264e-25 7.74369e-18 2.61893e-25 8.15125e-18 3.17931e-25 8.55882e-18 3.77857e-25 8.96638e-18 4.48314e-25 9.37395e-18 5.26068e-25 9.78151e-18 6.10701e-25 1.01891e-17 7.08036e-25 1.05966e-17 8.12391e-25 1.10042e-17 9.2689e-25 1.14118e-17 1.05171e-24 1.18193e-17 1.1869e-24 1.22269e-17 1.33239e-24 1.26345e-17 1.49453e-24 1.3042e-17 1.66777e-24 1.34496e-17 1.85976e-24 1.38572e-17 2.04569e-24 1.42647e-17 2.26838e-24 1.46723e-17 2.49233e-24 1.50799e-17 2.73691e-24 1.54874e-17 2.97865e-24 1.5895e-17 3.26764e-24 1.63026e-17 3.55301e-24 1.67101e-17 3.84562e-24 1.71177e-17 4.16072e-24 1.75253e-17 4.51848e-24 1.79328e-17 4.86493e-24 1.83404e-17 5.23617e-24 1.8748e-17 5.63385e-24 1.91555e-17 6.03528e-24 1.95631e-17 6.46341e-24 1.99707e-17 6.8922e-24 2.03782e-17 7.37691e-24 2.07858e-17 7.86212e-24 2.11934e-17 8.3771e-24 2.16009e-17 8.88842e-24 2.20085e-17 9.46597e-24 2.24161e-17 9.99998e-24 2.28237e-17 1.06448e-23 2.32312e-17 1.12407e-23 2.36388e-17 1.18677e-23 2.40464e-17 1.25273e-23 2.44539e-17
5.25665 1.54609e-21 1.54609e-21 4.09463e-29 2.64839e-08 3.72556e-08 0 1.25468e-22 0 1.20303e-21 0 1.01732e-20 4.75419e-41 5.05712e-20 9.21164e-38 1.01142e-19 5.10245e-36 1.51714e-19 7.44565e-35 2.02285e-19 5.41905e-34 2.52856e-19 1.52189e-31 5.05713e-19 1.97749e-29 1.01143e-18 2.41477e-28 1.51714e-18 1.21558e-27 2.02285e-18 3.96802e-27 2.52857e-18 9.83452e-27 3.03428e-18 2.05463e-26 3.53999e-18 3.78834e-26 4.04571e-18 6.40746e-26 4.55142e-18 1.01704e-25 5.05714e-18 1.51336e-25 5.56285e-18 2.17516e-25 6.06857e-18 3.00997e-25 6.57428e-18 4.03796e-25 7.08e-18 5.31126e-25 7.58571e-18 6.82188e-25 8.09143e-18 8.6056e-25 8.59714e-18 1.06688e-24 9.10286e-18 1.30678e-24 9.60858e-18 1.57469e-24 1.01143e-17 1.89362e-24 1.062e-17 2.23165e-24 1.11257e-17 2.62576e-24 1.16314e-17 3.0572e-24 1.21372e-17 3.52329e-24 1.26429e-17 4.05545e-24 1.31486e-17 4.62203e-24 1.36543e-17 5.23962e-24 1.416e-17 5.90864e-24 1.46657e-17 6.62891e-24 1.51715e-17 7.39961e-24 1.56772e-17 8.25366e-24 1.61829e-17 9.16123e-24 1.66886e-17 1.01616e-23 1.71943e-17 1.11257e-23 1.77001e-17 1.22747e-23 1.82058e-17 1.34247e-23 1.87115e-17 1.46749e-23 1.92172e-17 1.59052e-23 1.97229e-17 1.73696e-23 2.02287e-17 1.88094e-23 2.07344e-17 2.028e-23 2.12401e-17 2.18575e-23 2.17458e-17 2.36415e-23 2.22515e-17 2.53626e-23 2.27573e-17 2.72001e-23 2.3263e-17 2.91615e-23 2.37687e-17 3.11346e-23 2.42744e-17 3.32318e-23 2.47801e-17 3.53255e-23 2.52859e-17 3.76846e-23 2.57916e-17 4.00385e-23 2.62973e-17 4.25292e-23 2.6803e-17 4.49947e-23 2.73087e-17 4.77713e-23 2.78145e-17 5.03312e-23 2.83202e-17 5.34132e-23 2.88259e-17 5.62536e-23 2.93316e-17 5.92343e-23 2.98374e-17 6.23617e-23 3.03431e-17
5.52648 2.46671e-21 2.46671e-21 3.33433e-29 1.35173e-08 3.57383e-08 0 1.78461e-22 0 1.70347e-21 0 1.43843e-20 1.92335e-39 7.15071e-20 2.57523e-36 1.43014e-19 1.17256e-34 2.14521e-19 1.50115e-33 2.86028e-19 9.91646e-33 3.57535e-19 2.11482e-30 7.15071e-19 2.16673e-28 1.43014e-18 2.34156e-27 2.14521e-18 1.08929e-26 2.86029e-18 3.3562e-26 3.57536e-18 7.95759e-26 4.29043e-18 1.60376e-25 5.0055e-18 2.87e-25 5.72058e-18 4.73124e-25 6.43565e-18 7.34228e-25 7.15072e-18 1.07154e-24 7.8658e-18 1.51309e-24 8.58087e-18 2.06086e-24 9.29595e-18 2.72532e-24 1.0011e-17 3.53705e-24 1.07261e-17 4.48787e-24 1.14412e-17 5.59748e-24 1.21562e-17 6.86704e-24 1.28713e-17 8.32828e-24 1.35864e-17 9.94478e-24 1.43015e-17 1.18517e-23 1.50165e-17 1.38558e-23 1.57316e-17 1.61738e-23 1.64467e-17 1.8692e-23 1.71618e-17 2.13929e-23 1.78769e-17 2.44556e-23 1.85919e-17 2.76949e-23 1.9307e-17 3.12038e-23 2.00221e-17 3.49822e-23 2.07372e-17 3.90268e-23 2.14522e-17 4.33309e-23 2.21673e-17 4.8075e-23 2.28824e-17 5.30902e-23 2.35975e-17 5.85902e-23 2.43126e-17 6.38656e-23 2.50276e-17 7.01242e-23 2.57427e-17 7.63593e-23 2.64578e-17 8.31083e-23 2.71729e-17 8.97225e-23 2.7888e-17 9.7563e-23 2.8603e-17 1.0524e-22 2.93181e-17 1.13052e-22 3.00332e-17 1.21401e-22 3.07483e-17 1.30808e-22 3.14634e-17 1.3985e-22 3.21784e-17 1.49471e-22 3.28935e-17 1.59705e-22 3.36086e-17 1.69967e-22 3.43237e-17 1.80839e-22 3.50388e-17 1.9166e-22 3.57539e-17 2.03815e-22 3.64689e-17 2.15906e-22 3.7184e-17 2.28662e-22 3.78991e-17 2.41254e-22 3.86142e-17 2.55394e-22 3.93293e-17 2.68395e-22 4.00444e-17 2.84004e-22 4.07594e-17 2.98351e-22 4.14745e-17 3.13369e-22 4.21896e-17 3.29087e-22 4.29047e-17
5.81015 5.2162e-21 5.2162e-21 2.70478e-29 5.18534e-09 2.37818e-08 0 3.35742e-22 0 3.19107e-21 0 2.69095e-20 8.70019e-38 1.33776e-19 8.19646e-35 2.67552e-19 3.09728e-33 4.01328e-19 3.50111e-32 5.35104e-19 2.10914e-31 6.6888e-19 3.46191e-29 1.33776e-18 2.82933e-27 2.67552e-18 2.72218e-26 4.01328e-18 1.17478e-25 5.35104e-18 3.42611e-25 6.6888e-18 7.78805e-25 8.02657e-18 1.51679e-24 9.36433e-18 2.63833e-24 1.07021e-17 4.24447e-24 1.20399e-17 6.44705e-24 1.33776e-17 9.23681e-24 1.47154e-17 1.28251e-23 1.60532e-17 1.72066e-23 1.73909e-17 2.2446e-23 1.87287e-17 2.87629e-23 2.00665e-17 3.60731e-23 2.14042e-17 4.45093e-23 2.2742e-17 5.40623e-23 2.40798e-17 6.49515e-23 2.54175e-17 7.68896e-23 2.67553e-17 9.0852e-23 2.80931e-17 1.05408e-22 2.94308e-17 1.22116e-22 3.07686e-17 1.40135e-22 3.21064e-17 1.59331e-22 3.34441e-17 1.80955e-22 3.47819e-17 2.03683e-22 3.61197e-17 2.28157e-22 3.74575e-17 2.5436e-22 3.87952e-17 2.82257e-22 4.0133e-17 3.11789e-22 4.14708e-17 3.44176e-22 4.28086e-17 3.78243e-22 4.41463e-17 4.15424e-22 4.54841e-17 4.50927e-22 4.68219e-17 4.9286e-22 4.81597e-17 5.34456e-22 4.94974e-17 5.79293e-22 5.08352e-17 6.23063e-22 5.2173e-17 6.74744e-22 5.35108e-17 7.25154e-22 5.48485e-17 7.76263e-22 5.61863e-17 8.30695e-22 5.75241e-17 8.91805e-22 5.88619e-17 9.50344e-22 6.01997e-17 1.01243e-21 6.15374e-17 1.07826e-21 6.28752e-17 1.14406e-21 6.4213e-17 1.21356e-21 6.55508e-17 1.28253e-21 6.68886e-17 1.35978e-21 6.82263e-17 1.4364e-21 6.95641e-17 1.51701e-21 7.09019e-17 1.59636e-21 7.22397e-17 1.68523e-21 7.35775e-17 1.76673e-21 7.49152e-17 1.86433e-21 7.6253e-17 1.9538e-21 7.75908e-17 2.04723e-21 7.89286e-17 2.14479e-21 8.02664e-17
6.10839 2.59889e-20 2.59889e-20 2.17013e-29 8.35023e-10 2.13674e-08 0 1.48542e-21 0 1.40607e-20 7.42688e-44 1.1842e-19 7.88751e-36 5.88722e-19 5.31901e-33 1.17744e-18 1.68334e-31 1.76617e-18 1.69034e-30 2.35489e-18 9.32818e-30 2.94361e-18 1.19358e-27 5.88722e-18 7.86774e-26 1.17745e-17 6.77762e-25 1.76617e-17 2.72341e-24 2.35489e-17 7.53809e-24 2.94361e-17 1.64618e-23 3.53234e-17 3.10341e-23 4.12106e-17 5.25419e-23 4.70979e-17 8.25881e-23 5.29851e-17 1.22911e-22 5.88723e-17 1.73033e-22 6.47596e-17 2.36433e-22 7.06468e-17 3.12687e-22 7.65341e-17 4.0264e-22 8.24213e-17 5.09747e-22 8.83086e-17 6.32271e-22 9.41959e-17 7.72173e-22 1.00083e-16 9.2904e-22 1.0597e-16 1.10621e-21 1.11858e-16 1.29879e-21 1.17745e-16 1.52219e-21 1.23632e-16 1.75329e-21 1.29519e-16 2.01667e-21 1.35407e-16 2.29875e-21 1.41294e-16 2.5973e-21 1.47181e-16 2.93154e-21 1.53069e-16 3.28073e-21 1.58956e-16 3.65462e-21 1.64843e-16 4.05278e-21 1.7073e-16 4.47448e-21 1.76618e-16 4.91868e-21 1.82505e-16 5.40346e-21 1.88392e-16 5.91101e-21 1.94279e-16 6.4624e-21 2.00167e-16 6.98665e-21 2.06054e-16 7.60329e-21 2.11941e-16 8.21243e-21 2.17829e-16 8.86646e-21 2.23716e-16 9.50252e-21 2.29603e-16 1.02508e-20 2.35491e-16 1.09779e-20 2.41378e-16 1.17126e-20 2.47265e-16 1.24925e-20 2.53152e-16 1.33651e-20 2.5904e-16 1.41983e-20 2.64927e-16 1.50792e-20 2.70814e-16 1.60104e-20 2.76702e-16 1.69383e-20 2.82589e-16 1.79156e-20 2.88476e-16 1.88828e-20 2.94364e-16 1.99631e-20 3.00251e-16 2.10316e-20 3.06138e-16 2.21527e-20 3.12026e-16 2.32535e-20 3.17913e-16 2.44832e-20 3.238e-16 2.56081e-20 3.29688e-16 2.6952e-20 3.35575e-16 2.81808e-20 3.41462e-16 2.94612e-20 3.47349e-16 3.0795e-20 3.53237e-16
6.42193 2.32838e-20 2.32838e-20 1.86405e-29 8.00578e-10 2.34545e-08 0 1.17977e-21 0 1.11241e-20 2.54896e-42 9.3576e-20 1.10246e-34 4.65221e-19 5.40923e-32 9.30443e-19 1.44619e-30 1.39566e-18 1.29752e-29 1.86089e-18 6.58746e-29 2.32611e-18 6.65116e-27 4.65221e-18 3.57343e-25 9.30443e-18 2.77109e-24 1.39566e-17 1.04039e-23 1.86089e-17 2.74004e-23 2.32611e-17 5.75983e-23 2.79133e-17 1.05276e-22 3.25655e-17 1.73712e-22 3.72178e-17 2.67087e-22 4.187e-17 3.89848e-22 4.65222e-17 5.39734e-22 5.11745e-17 7.26341e-22 5.58267e-17 9.47577e-22 6.04789e-17 1.20521e-21 6.51312e-17 1.50833e-21 6.97834e-17 1.85131e-21 7.44356e-17 2.23898e-21 7.90879e-17 2.66962e-21 8.37401e-17 3.15175e-21 8.83924e-17 3.67155e-21 9.30446e-17 4.26986e-21 9.76969e-17 4.8843e-21 1.02349e-16 5.57976e-21 1.07001e-16 6.31969e-21 1.11654e-16 7.09803e-21 1.16306e-16 7.96423e-21 1.20958e-16 8.86405e-21 1.2561e-16 9.82237e-21 1.30263e-16 1.08376e-20 1.34915e-16 1.19076e-20 1.39567e-16 1.30294e-20 1.44219e-16 1.4248e-20 1.48872e-16 1.55181e-20 1.53524e-16 1.6892e-20 1.58176e-16 1.81929e-20 1.62828e-16 1.9717e-20 1.67481e-16 2.12167e-20 1.72133e-16 2.28208e-20 1.76785e-16 2.43753e-20 1.81438e-16 2.61976e-20 1.8609e-16 2.79622e-20 1.90742e-16 2.97394e-20 1.95394e-16 3.162e-20 2.00047e-16 3.37173e-20 2.04699e-16 3.57136e-20 2.09351e-16 3.78181e-20 2.14003e-16 4.00361e-20 2.18656e-16 4.22401e-20 2.23308e-16 4.45552e-20 2.2796e-16 4.68401e-20 2.32613e-16 4.93855e-20 2.37265e-16 5.18966e-20 2.41917e-16 5.45245e-20 2.46569e-16 5.70986e-20 2.51222e-16 5.9967e-20 2.55874e-16 6.25848e-20 2.60526e-16 6.57048e-20 2.65179e-16 6.85512e-20 2.69831e-16 7.15104e-20 2.74483e-16 7.45865e-20 2.79135e-16
6.75157 1.85671e-20 1.85671e-20 1.48364e-29 7.9907e-10 1.93133e-08 0 8.3278e-22 0 7.82305e-21 6.46335e-41 6.57337e-20 1.1848e-33 3.26809e-19 4.29579e-31 6.53619e-19 9.78263e-30 9.80428e-19 7.88536e-29 1.30724e-18 3.69807e-28 1.63405e-18 2.98059e-26 3.26809e-18 1.3183e-24 6.53619e-18 9.25015e-24 9.80429e-18 3.25568e-23 1.30724e-17 8.17842e-23 1.63405e-17 1.65794e-22 1.96086e-17 2.94239e-22 2.28767e-17 4.73786e-22 2.61448e-17 7.13318e-22 2.94129e-17 1.02213e-21 3.2681e-17 1.39282e-21 3.59491e-17 1.84739e-21 3.92172e-17 2.379e-21 4.24853e-17 2.99048e-21 4.57534e-17 3.70186e-21 4.90215e-17 4.49839e-21 5.22897e-17 5.39011e-21 5.55578e-17 6.37186e-21 5.88259e-17 7.46189e-21 6.2094e-17 8.62799e-21 6.53621e-17 9.96029e-21 6.86302e-17 1.13191e-20 7.18983e-17 1.2847e-20 7.51665e-17 1.44624e-20 7.84346e-17 1.61518e-20 8.17027e-17 1.80212e-20 8.49708e-17 1.99528e-20 8.82389e-17 2.19994e-20 9.15071e-17 2.4157e-20 9.47752e-17 2.64202e-20 9.80433e-17 2.87824e-20 1.01311e-16 3.13372e-20 1.0458e-16 3.39888e-20 1.07848e-16 3.6845e-20 1.11116e-16 3.95391e-20 1.14384e-16 4.26835e-20 1.17652e-16 4.57659e-20 1.2092e-16 4.90512e-20 1.24188e-16 5.22242e-20 1.27456e-16 5.59312e-20 1.30725e-16 5.9509e-20 1.33993e-16 6.3101e-20 1.37261e-16 6.68906e-20 1.40529e-16 7.11041e-20 1.43797e-16 7.51027e-20 1.47065e-16 7.93063e-20 1.50333e-16 8.37243e-20 1.53602e-16 8.81025e-20 1.5687e-16 9.26895e-20 1.60138e-16 9.72052e-20 1.63406e-16 1.02223e-19 1.66674e-16 1.07161e-19 1.69942e-16 1.12316e-19 1.7321e-16 1.17354e-19 1.76479e-16 1.22955e-19 1.79747e-16 1.28055e-19 1.83015e-16 1.3412e-19 1.86283e-16 1.39641e-19 1.89551e-16 1.45368e-19 1.92819e-16 1.5131e-19 1.96087e-16
7.09813 3.22217e-20 3.22217e-20 1.22739e-29 3.80919e-10 2.25345e-08 0 1.27771e-21 0 1.19599e-20 2.97586e-39 1.00387e-19 2.41093e-32 4.99106e-19 6.55576e-30 9.98212e-19 1.28163e-28 1.49732e-18 9.32986e-28 1.99642e-18 4.05752e-27 2.49553e-18 2.63945e-25 4.99106e-18 9.70233e-24 9.98213e-18 6.1901e-23 1.49732e-17 2.04884e-22 1.99643e-17 4.92045e-22 2.49553e-17 9.63655e-22 2.99464e-17 1.66299e-21 3.49375e-17 2.61619e-21 3.99285e-17 3.86095e-21 4.49196e-17 5.43615e-21 4.99107e-17 7.29654e-21 5.49018e-17 9.54535e-21 5.98929e-17 1.21413e-20 6.48839e-17 1.50925e-20 6.9875e-17 1.84891e-20 7.48661e-17 2.22546e-20 7.98572e-17 2.64318e-20 8.48483e-17 3.09918e-20 8.98394e-17 3.60148e-20 9.48305e-17 4.13488e-20 9.98216e-17 4.74002e-20 1.04813e-16 5.35312e-20 1.09804e-16 6.03828e-20 1.14795e-16 6.75835e-20 1.19786e-16 7.5072e-20 1.24777e-16 8.33144e-20 1.29768e-16 9.17867e-20 1.34759e-16 1.0072e-19 1.3975e-16 1.10094e-19 1.44741e-16 1.19884e-19 1.49733e-16 1.30057e-19 1.54724e-16 1.41015e-19 1.59715e-16 1.52342e-19 1.64706e-16 1.64494e-19 1.69697e-16 1.75915e-19 1.74688e-16 1.89196e-19 1.79679e-16 2.02169e-19 1.8467e-16 2.1595e-19 1.89661e-16 2.29217e-19 1.94653e-16 2.44667e-19 1.99644e-16 2.5953e-19 2.04635e-16 2.7441e-19 2.09626e-16 2.90063e-19 2.14617e-16 3.07416e-19 2.19608e-16 3.23837e-19 2.24599e-16 3.41055e-19 2.2959e-16 3.59102e-19 2.34582e-16 3.76942e-19 2.39573e-16 3.95586e-19 2.44564e-16 4.13896e-19 2.49555e-16 4.34193e-19 2.54546e-16 4.5412e-19 2.59537e-16 4.74875e-19 2.64528e-16 4.95114e-19 2.6952e-16 5.17564e-19 2.74511e-16 5.37963e-19 2.79502e-16 5.62171e-19 2.84493e-16 5.8416e-19 2.89484e-16 6.06928e-19 2.94475e-16 6.30501e-19 2.99466e-16
7.46248 4.64671e-20 4.64671e-20 9.82929e-30 2.11532e-10 2.39521e-08 0 1.62732e-21 0 1.51803e-20 9.58387e-38 1.27289e-19 3.57117e-31 6.32873e-19 7.38566e-29 1.26575e-18 1.24879e-27 1.89862e-18 8.25108e-27 2.53149e-18 3.33985e-26 3.16436e-18 1.77194e-24 6.32873e-18 5.46242e-23 1.26575e-17 3.18356e-22 1.89862e-17 9.93904e-22 2.53149e-17 2.28699e-21 3.16437e-17 4.33438e-21 3.79724e-17 7.28324e-21 4.43012e-17 1.12072e-20 5.06299e-17 1.62282e-20 5.69586e-17 2.24705e-20 6.32874e-17 2.97301e-20 6.96161e-17 3.83862e-20 7.59449e-17 4.82556e-20 8.22737e-17 5.93514e-20 8.86024e-17 7.19913e-20 9.49312e-17 8.58725e-20 1.0126e-16 1.01138e-19 1.07589e-16 1.17668e-19 1.13917e-16 1.3574e-19 1.20246e-16 1.54797e-19 1.26575e-16 1.76272e-19 1.32904e-16 1.97893e-19 1.39233e-16 2.21913e-19 1.45561e-16 2.47014e-19 1.5189e-16 2.7298e-19 1.58219e-16 3.01414e-19 1.64548e-16 3.30499e-19 1.70876e-16 3.61025e-19 1.77205e-16 3.92915e-19 1.83534e-16 4.26076e-19 1.89863e-16 4.60399e-19 1.96192e-16 4.97222e-19 2.0252e-16 5.35137e-19 2.08849e-16 5.75665e-19 2.15178e-16 6.13618e-19 2.21507e-16 6.57605e-19 2.27835e-16 7.00425e-19 2.34164e-16 7.45765e-19 2.40493e-16 7.8928e-19 2.46822e-16 8.398e-19 2.53151e-16 8.88257e-19 2.59479e-16 9.36629e-19 2.65808e-16 9.87379e-19 2.72137e-16 1.04348e-18 2.78466e-16 1.09644e-18 2.84795e-16 1.15181e-18 2.91123e-16 1.20971e-18 2.97452e-16 1.26681e-18 3.03781e-16 1.32634e-18 3.1011e-16 1.38466e-18 3.16439e-16 1.44918e-18 3.22768e-16 1.51237e-18 3.29096e-16 1.57804e-18 3.35425e-16 1.64195e-18 3.41754e-16 1.71269e-18 3.48083e-16 1.77684e-18 3.54412e-16 1.8528e-18 3.6074e-16 1.92167e-18 3.67069e-16 1.99285e-18 3.73398e-16 2.0664e-18 3.79727e-16
7.84553 7.49222e-20 7.49222e-20 8.71218e-30 1.16283e-10 2.02258e-08 0 2.31545e-21 0 2.15281e-20 2.92936e-36 1.80343e-19 5.21442e-30 8.96677e-19 8.31245e-28 1.79335e-18 1.22424e-26 2.69003e-18 7.37654e-26 3.58671e-18 2.78884e-25 4.48339e-18 1.21881e-23 8.96678e-18 3.17817e-22 1.79336e-17 1.69953e-21 2.69003e-17 5.01903e-21 3.58671e-17 1.10884e-20 4.48339e-17 2.03693e-20 5.38007e-17 3.33709e-20 6.27675e-17 5.02809e-20 7.17343e-17 7.15032e-20 8.07011e-17 9.74466e-20 8.96679e-17 1.27179e-19 9.86347e-17 1.62172e-19 1.07602e-16 2.01603e-19 1.16568e-16 2.45465e-19 1.25535e-16 2.94948e-19 1.34502e-16 3.48804e-19 1.43469e-16 4.0754e-19 1.52436e-16 4.70659e-19 1.61402e-16 5.3917e-19 1.70369e-16 6.10933e-19 1.79336e-16 6.9129e-19 1.88303e-16 7.71712e-19 1.9727e-16 8.60553e-19 2.06237e-16 9.52894e-19 2.15203e-16 1.04793e-18 2.2417e-16 1.15151e-18 2.33137e-16 1.25695e-18 2.42104e-16 1.36714e-18 2.51071e-16 1.48177e-18 2.60038e-16 1.60048e-18 2.69004e-16 1.72288e-18 2.77971e-16 1.8537e-18 2.86938e-16 1.98791e-18 2.95905e-16 2.13085e-18 3.04872e-16 2.26426e-18 3.13839e-16 2.41839e-18 3.22806e-16 2.56794e-18 3.31772e-16 2.72581e-18 3.40739e-16 2.87688e-18 3.49706e-16 3.05177e-18 3.58673e-16 3.21903e-18 3.6764e-16 3.38555e-18 3.76607e-16 3.55981e-18 3.85574e-16 3.75195e-18 3.94541e-16 3.93282e-18 4.03507e-16 4.12153e-18 4.12474e-16 4.31836e-18 4.21441e-16 4.512e-18 4.30408e-16 4.71344e-18 4.39375e-16 4.9104e-18 4.48342e-16 5.12776e-18 4.57309e-16 5.34022e-18 4.66276e-16 5.56057e-18 4.75243e-16 5.77455e-18 4.8421e-16 6.01094e-18 4.93176e-16 6.22489e-18 5.02143e-16 6.47778e-18 5.1111e-16 6.7066e-18 5.20077e-16 6.94266e-18 5.29044e-16 7.18617e-18 5.38011e-16
8.24824 2.12332e-20 2.12332e-20 7.07925e-30 3.33406e-10 1.64666e-08 0 5.78756e-22 0 5.36395e-21 1.34664e-35 4.48931e-20 1.18717e-29 2.23216e-19 1.47741e-27 4.46433e-19 1.90812e-26 6.69649e-19 1.05319e-25 8.92865e-19 3.73146e-25 1.11608e-18 1.35612e-23 2.23216e-18 3.01571e-22 4.46433e-18 1.4859e-21 6.69649e-18 4.16217e-21 8.92866e-18 8.84628e-21 1.11608e-17 1.57751e-20 1.3393e-17 2.52289e-20 1.56252e-17 3.72598e-20 1.78573e-17 5.20832e-20 2.00895e-17 6.99157e-20 2.23217e-17 9.00691e-20 2.45538e-17 1.13496e-19 2.6786e-17 1.39601e-19 2.90182e-17 1.68348e-19 3.12504e-17 2.00479e-19 3.34825e-17 2.35152e-19 3.57147e-17 2.72671e-19 3.79469e-17 3.12695e-19 4.01791e-17 3.55844e-19 4.24112e-17 4.00754e-19 4.46434e-17 4.50738e-19 4.68756e-17 5.00478e-19 4.91078e-17 5.55133e-19 5.13399e-17 6.1165e-19 5.35721e-17 6.6954e-19 5.58043e-17 7.32335e-19 5.80365e-17 7.95986e-19 6.02687e-17 8.62219e-19 6.25008e-17 9.30844e-19 6.4733e-17 1.00164e-18 6.69652e-17 1.07437e-18 6.91974e-17 1.15183e-18 7.14296e-17 1.23101e-18 7.36617e-17 1.31506e-18 7.58939e-17 1.39326e-18 7.81261e-17 1.48332e-18 8.03583e-17 1.57045e-18 8.25905e-17 1.66214e-18 8.48227e-17 1.74965e-18 8.70549e-17 1.85067e-18 8.9287e-17 1.94702e-18 9.15192e-17 2.0427e-18 9.37514e-17 2.14259e-18 9.59836e-17 2.25245e-18 9.82158e-17 2.35561e-18 1.00448e-16 2.463e-18 1.0268e-16 2.57475e-18 1.04912e-16 2.68445e-18 1.07145e-16 2.79833e-18 1.09377e-16 2.90944e-18 1.11609e-16 3.03181e-18 1.13841e-16 3.15117e-18 1.16073e-16 3.27473e-18 1.18306e-16 3.39448e-18 1.20538e-16 3.52652e-18 1.2277e-16 3.64581e-18 1.25002e-16 3.78655e-18 1.27234e-16 3.91367e-18 1.29466e-16 4.04459e-18 1.31699e-16 4.17941e-18 1.33931e-16
8.67162 3.08185e-20 3.08185e-20 5.85492e-30 1.89981e-10 1.09748e-08 0 7.40677e-22 1.4013e-45 6.84354e-21 2.7336e-34 5.72261e-20 1.23516e-28 2.84544e-19 1.21458e-26 5.69089e-19 1.38447e-25 8.53633e-19 7.03011e-25 1.13818e-18 2.34159e-24 1.42272e-18 7.14073e-23 2.84544e-18 1.36479e-21 5.69089e-18 6.22084e-21 8.53634e-18 1.65706e-20 1.13818e-17 3.39463e-20 1.42272e-17 5.88491e-20 1.70727e-17 9.19832e-20 1.99181e-17 1.33286e-19 2.27636e-17 1.8329e-19 2.5609e-17 2.42533e-19 2.84545e-17 3.08605e-19 3.12999e-17 3.84509e-19 3.41454e-17 4.68191e-19 3.69908e-17 5.59464e-19 3.98363e-17 6.60587e-19 4.26818e-17 7.68824e-19 4.55272e-17 8.8507e-19 4.83727e-17 1.00822e-18 5.12181e-17 1.14013e-18 5.40636e-17 1.27659e-18 5.69091e-17 1.4276e-18 5.97545e-17 1.57705e-18 6.26e-17 1.74045e-18 6.54454e-17 1.90858e-18 6.82909e-17 2.08002e-18 7.11364e-17 2.26516e-18 7.39818e-17 2.45204e-18 7.68273e-17 2.64573e-18 7.96728e-17 2.84565e-18 8.25182e-17 3.05114e-18 8.53637e-17 3.26151e-18 8.82092e-17 3.48478e-18 9.10546e-17 3.71227e-18 9.39001e-17 3.95297e-18 9.67456e-17 4.17624e-18 9.9591e-17 4.43262e-18 1.02436e-16 4.6799e-18 1.05282e-16 4.93945e-18 1.08127e-16 5.18649e-18 1.10973e-16 5.47093e-18 1.13818e-16 5.74152e-18 1.16664e-16 6.00959e-18 1.19509e-16 6.28876e-18 1.22355e-16 6.59509e-18 1.252e-16 6.88209e-18 1.28046e-16 7.18018e-18 1.30891e-16 7.48973e-18 1.33737e-16 7.79294e-18 1.36582e-16 8.10706e-18 1.39428e-16 8.41295e-18 1.42273e-16 8.74918e-18 1.45119e-16 9.07651e-18 1.47964e-16 9.4147e-18 1.5081e-16 9.74188e-18 1.53655e-16 1.0102e-17 1.56501e-16 1.04268e-17 1.59346e-16 1.08093e-17 1.62192e-16 1.11541e-17 1.65037e-16 1.15088e-17 1.67882e-16 1.18734e-17 1.70728e-16
9.11674 6.8079e-21 6.8079e-21 4.72481e-30 6.94018e-10 1.42121e-08 0 1.44271e-22 1.26117e-44 1.32903e-21 7.33462e-34 1.11041e-20 1.75496e-28 5.52137e-20 1.37936e-26 1.10427e-19 1.39616e-25 1.65641e-19 6.54878e-25 2.20855e-19 2.05682e-24 2.76069e-19 5.30838e-23 5.52137e-19 8.78466e-22 1.10427e-18 3.7183e-21 1.65641e-18 9.44191e-21 2.20855e-18 1.8677e-20 2.76069e-18 3.15202e-20 3.31283e-18 4.82044e-20 3.86496e-18 6.85957e-20 4.4171e-18 9.28746e-20 4.96924e-18 1.21225e-19 5.52138e-18 1.52445e-19 6.07352e-18 1.87912e-19 6.62566e-18 2.26619e-19 7.1778e-18 2.68454e-19 7.72993e-18 3.14416e-19 8.28207e-18 3.63232e-19 8.83421e-18 4.15288e-19 9.38635e-18 4.70073e-19 9.93849e-18 5.2839e-19 1.04906e-17 5.88377e-19 1.10428e-17 6.54394e-19 1.15949e-17 7.19398e-19 1.21471e-17 7.90121e-19 1.26992e-17 8.62558e-19 1.32513e-17 9.36096e-19 1.38035e-17 1.01518e-18 1.43556e-17 1.09469e-18 1.49078e-17 1.17679e-18 1.54599e-17 1.26121e-18 1.6012e-17 1.3477e-18 1.65642e-17 1.43593e-18 1.71163e-17 1.52928e-18 1.76685e-17 1.62409e-18 1.82206e-17 1.7241e-18 1.87727e-17 1.8166e-18 1.93249e-17 1.92252e-18 1.9877e-17 2.0244e-18 2.04292e-17 2.13104e-18 2.09813e-17 2.2323e-18 2.15335e-17 2.3486e-18 2.20856e-17 2.45895e-18 2.26377e-17 2.56803e-18 2.31899e-17 2.68138e-18 2.3742e-17 2.80547e-18 2.42942e-17 2.92147e-18 2.48463e-17 3.04171e-18 2.53984e-17 3.16631e-18 2.59506e-17 3.28812e-18 2.65027e-17 3.41406e-18 2.70549e-17 3.53648e-18 2.7607e-17 3.67079e-18 2.81592e-17 3.8013e-18 2.87113e-17 3.9359e-18 2.92634e-17 4.06589e-18 2.98156e-17 4.20872e-18 3.03677e-17 4.33732e-18 3.09199e-17 4.48853e-18 3.1472e-17 4.62465e-18 3.20242e-17 4.76439e-18 3.25763e-17 4.90785e-18 3.31285e-17
9.5847 4.23069e-21 4.23069e-21 3.80967e-30 9.00486e-10 1.67658e-08 0 7.90834e-23 2.88667e-43 7.26404e-22 4.84133e-33 6.06417e-21 6.32755e-28 3.01541e-20 4.01887e-26 6.03081e-20 3.63312e-25 9.04622e-20 1.58028e-24 1.20616e-19 4.69355e-24 1.5077e-19 1.03357e-22 3.01541e-19 1.49141e-21 6.03081e-19 5.88333e-21 9.04622e-19 1.42751e-20 1.20616e-18 2.73126e-20 1.5077e-18 4.4931e-20 1.80925e-18 6.73033e-20 2.11079e-18 9.41383e-20 2.41233e-18 1.25586e-19 2.71387e-18 1.61803e-19 3.01541e-18 2.0121e-19 3.31695e-18 2.45503e-19 3.61849e-18 2.93377e-19 3.92003e-18 3.44673e-19 4.22158e-18 4.00581e-19 4.52312e-18 4.59526e-19 4.82466e-18 5.21958e-19 5.1262e-18 5.87251e-19 5.42774e-18 6.56348e-19 5.72929e-18 7.27034e-19 6.03083e-18 8.04421e-19 6.33237e-18 8.80249e-19 6.63391e-18 9.62368e-19 6.93545e-18 1.04611e-18 7.237e-18 1.13077e-18 7.53854e-18 1.22146e-18 7.84008e-18 1.31228e-18 8.14162e-18 1.40572e-18 8.44317e-18 1.50148e-18 8.74471e-18 1.59925e-18 9.04625e-18 1.69869e-18 9.3478e-18 1.80356e-18 9.64934e-18 1.90976e-18 9.95088e-18 2.02146e-18 1.02524e-17 2.12448e-18 1.0554e-17 2.24214e-18 1.08555e-17 2.35501e-18 1.11571e-17 2.47287e-18 1.14586e-17 2.58451e-18 1.17601e-17 2.71242e-18 1.20617e-17 2.83351e-18 1.23632e-17 2.95294e-18 1.26648e-17 3.07678e-18 1.29663e-17 3.21207e-18 1.32679e-17 3.33827e-18 1.35694e-17 3.46883e-18 1.38709e-17 3.60386e-18 1.41725e-17 3.7356e-18 1.4474e-17 3.87157e-18 1.47756e-17 4.0035e-18 1.50771e-17 4.14799e-18 1.53787e-17 4.28815e-18 1.56802e-17 4.43245e-18 1.59817e-17 4.57158e-18 1.62833e-17 4.72421e-18 1.65848e-17 4.86141e-18 1.68864e-17 5.02249e-18 1.71879e-17 5.16725e-18 1.74895e-17 5.31566e-18 1.7791e-17 5.46779e-18 1.80926e-17
10.0767 4.45092e-21 4.45092e-21 3.07481e-30 6.90825e-10 2.01147e-10 0 7.34441e-23 8.96971e-42 6.72695e-22 4.76191e-32 5.61137e-21 3.50151e-27 2.7903e-20 1.81593e-25 5.58061e-20 1.47432e-24 8.37091e-20 5.96862e-24 1.11612e-19 1.68097e-23 1.39515e-19 3.18298e-22 2.7903e-19 4.03174e-21 5.58061e-19 1.48737e-20 8.37091e-19 3.45604e-20 1.11612e-18 6.40626e-20 1.39515e-18 1.02857e-19 1.67418e-18 1.51062e-19 1.95321e-18 2.0786e-19 2.23225e-18 2.73422e-19 2.51128e-18 3.47942e-19 2.79031e-18 4.28103e-19 3.06934e-18 5.17292e-19 3.34837e-18 6.12813e-19 3.6274e-18 7.14319e-19 3.90643e-18 8.24116e-19 4.18546e-18 9.39067e-19 4.46449e-18 1.06004e-18 4.74353e-18 1.1858e-18 5.02256e-18 1.31814e-18 5.30159e-18 1.45282e-18 5.58062e-18 1.59955e-18 5.85965e-18 1.74265e-18 6.13868e-18 1.89694e-18 6.41772e-18 2.05362e-18 6.69675e-18 2.2114e-18 6.97578e-18 2.37977e-18 7.25481e-18 2.54779e-18 7.53384e-18 2.72005e-18 7.81288e-18 2.89602e-18 8.09191e-18 3.07511e-18 8.37094e-18 3.2567e-18 8.64997e-18 3.44767e-18 8.929e-18 3.64049e-18 9.20804e-18 3.84273e-18 9.48707e-18 4.02879e-18 9.7661e-18 4.24074e-18 1.00451e-17 4.44355e-18 1.03242e-17 4.65483e-18 1.06032e-17 4.85448e-18 1.08822e-17 5.08273e-18 1.11613e-17 5.29834e-18 1.14403e-17 5.51054e-18 1.17193e-17 5.73014e-18 1.19984e-17 5.96954e-18 1.22774e-17 6.19243e-18 1.25564e-17 6.42256e-18 1.28355e-17 6.66013e-18 1.31145e-17 6.89152e-18 1.33935e-17 7.1299e-18 1.36726e-17 7.36081e-18 1.39516e-17 7.61328e-18 1.42306e-17 7.85777e-18 1.45097e-17 8.10907e-18 1.47887e-17 8.35101e-18 1.50677e-17 8.61599e-18 1.53468e-17 8.85383e-18 1.56258e-17 9.13264e-18 1.59048e-17 9.38284e-18 1.61839e-17 9.63899e-18 1.64629e-17 9.90121e-18 1.67419e-17
10.5939 8.31911e-21 8.31911e-21 2.46129e-30 2.9586e-10 0 0 1.2132e-22 4.14274e-40 1.10812e-21 7.37025e-31 9.23638e-21 3.13585e-26 4.59297e-20 1.34114e-24 9.18593e-20 9.83018e-24 1.37789e-19 3.71701e-23 1.83719e-19 9.95231e-23 2.29648e-19 1.63244e-21 4.59297e-19 1.82667e-20 9.18593e-19 6.32273e-20 1.37789e-18 1.4099e-19 1.83719e-18 2.53587e-19 2.29648e-18 3.97848e-19 2.75578e-18 5.73442e-19 3.21508e-18 7.76849e-19 3.67438e-18 1.00829e-18 4.13367e-18 1.26809e-18 4.59297e-18 1.54452e-18 5.05227e-18 1.84914e-18 5.51157e-18 2.17254e-18 5.97087e-18 2.51352e-18 6.43016e-18 2.8797e-18 6.88946e-18 3.26052e-18 7.34876e-18 3.65882e-18 7.80806e-18 4.07055e-18 8.26736e-18 4.50154e-18 8.72665e-18 4.93799e-18 9.18595e-18 5.41121e-18 9.64525e-18 5.87069e-18 1.01045e-17 6.36407e-18 1.05638e-17 6.86306e-18 1.10231e-17 7.36369e-18 1.14824e-17 7.89602e-18 1.19417e-17 8.42538e-18 1.2401e-17 8.96635e-18 1.28603e-17 9.51723e-18 1.33196e-17 1.00762e-17 1.37789e-17 1.06414e-17 1.42382e-17 1.12341e-17 1.46975e-17 1.18309e-17 1.51568e-17 1.24552e-17 1.56161e-17 1.30282e-17 1.60754e-17 1.36793e-17 1.65347e-17 1.43009e-17 1.6994e-17 1.49469e-17 1.74533e-17 1.55561e-17 1.79126e-17 1.6251e-17 1.83719e-17 1.6906e-17 1.88312e-17 1.75494e-17 1.92905e-17 1.8214e-17 1.97498e-17 1.89371e-17 2.02091e-17 1.9609e-17 2.06684e-17 2.03016e-17 2.11277e-17 2.10152e-17 2.1587e-17 2.17091e-17 2.20463e-17 2.24228e-17 2.25056e-17 2.3113e-17 2.29649e-17 2.38664e-17 2.34242e-17 2.45948e-17 2.38835e-17 2.53424e-17 2.43428e-17 2.60611e-17 2.48021e-17 2.68471e-17 2.52614e-17 2.75515e-17 2.57207e-17 2.83761e-17 2.618e-17 2.91151e-17 2.66393e-17 2.98706e-17 2.70986e-17 3.0643e-17 2.75579e-17
11.1377 5.62932e-20 5.62932e-20 1.93093e-30 3.43014e-11 0 0 7.26749e-22 5.85115e-38 6.61996e-21 3.67962e-29 5.51368e-20 9.30415e-25 2.74184e-19 3.31251e-23 5.48367e-19 2.20297e-22 8.22551e-19 7.80616e-22 1.09673e-18 1.99198e-21 1.37092e-18 2.85023e-20 2.74184e-18 2.83462e-19 5.48368e-18 9.23448e-19 8.22551e-18 1.98012e-18 1.09674e-17 3.46086e-18 1.37092e-17 5.31158e-18 1.6451e-17 7.52045e-18 1.91929e-17 1.00382e-17 2.19347e-17 1.2864e-17 2.46766e-17 1.59984e-17 2.74184e-17 1.92992e-17 3.01602e-17 2.29033e-17 3.29021e-17 2.6698e-17 3.56439e-17 3.06692e-17 3.83858e-17 3.49046e-17 4.11276e-17 3.92816e-17 4.38695e-17 4.38329e-17 4.66113e-17 4.85122e-17 4.93532e-17 5.33857e-17 5.2095e-17 5.82977e-17 5.48368e-17 6.35997e-17 5.75787e-17 6.87261e-17 6.03205e-17 7.4209e-17 6.30624e-17 7.97331e-17 6.58042e-17 8.52557e-17 6.85461e-17 9.1108e-17 7.12879e-17 9.69084e-17 7.40298e-17 1.02818e-16 7.67716e-17 1.08818e-16 7.95135e-17 1.14888e-16 8.22553e-17 1.2101e-16 8.49972e-17 1.27412e-16 8.7739e-17 1.33842e-16 9.04809e-17 1.40552e-16 9.32227e-17 1.46695e-16 9.59646e-17 1.5366e-16 9.87064e-17 1.60294e-16 1.01448e-16 1.67174e-16 1.0419e-16 1.73648e-16 1.06932e-16 1.81019e-16 1.09674e-16 1.87952e-16 1.12416e-16 1.9475e-16 1.15158e-16 2.01758e-16 1.17899e-16 2.09369e-16 1.20641e-16 2.16429e-16 1.23383e-16 2.23694e-16 1.26125e-16 2.31167e-16 1.28867e-16 2.38421e-16 1.31609e-16 2.45871e-16 1.34351e-16 2.53064e-16 1.37092e-16 2.60904e-16 1.39834e-16 2.68473e-16 1.42576e-16 2.7623e-16 1.45318e-16 2.83675e-16 1.4806e-16 2.91807e-16 1.50802e-16 2.99085e-16 1.53544e-16 3.07594e-16 1.56285e-16 3.15208e-16 1.59027e-16 3.22983e-16 1.61769e-16 3.30923e-16 1.64511e-16
11.7094 2.56753e-20 2.56753e-20 1.78783e-30 6.96324e-11 0 0 2.94099e-22 4.74396e-37 2.67175e-21 1.10949e-28 2.2236e-20 1.71013e-24 1.10577e-19 5.11401e-23 2.21154e-19 3.10053e-22 3.31731e-19 1.03286e-21 4.42308e-19 2.51781e-21 5.52885e-19 3.16373e-20 1.10577e-18 2.81259e-19 2.21154e-18 8.6493e-19 3.31731e-18 1.78684e-18 4.42308e-18 3.03905e-18 5.52886e-18 4.56768e-18 6.63463e-18 6.35832e-18 7.7404e-18 8.36814e-18 8.84617e-18 1.05947e-17 9.95194e-18 1.30367e-17 1.10577e-17 1.55831e-17 1.21635e-17 1.83393e-17 1.32693e-17 2.12184e-17 1.4375e-17 2.421e-17 1.54808e-17 2.738e-17 1.65866e-17 3.06362e-17 1.76924e-17 3.40033e-17 1.87981e-17 3.74473e-17 1.99039e-17 4.10171e-17 2.10097e-17 4.4599e-17 2.21154e-17 4.84488e-17 2.32212e-17 5.21562e-17 2.4327e-17 5.61065e-17 2.54328e-17 6.00721e-17 2.65385e-17 6.40233e-17 2.76443e-17 6.81966e-17 2.87501e-17 7.23202e-17 2.98559e-17 7.65087e-17 3.09616e-17 8.07494e-17 3.20674e-17 8.50286e-17 3.31732e-17 8.93324e-17 3.4279e-17 9.38221e-17 3.53847e-17 9.83206e-17 3.64905e-17 1.03003e-16 3.75963e-17 1.07281e-16 3.87021e-17 1.1212e-16 3.98078e-17 1.1672e-16 4.09136e-17 1.2148e-16 4.20194e-17 1.25951e-16 4.31252e-17 1.3103e-16 4.42309e-17 1.358e-16 4.53367e-17 1.40467e-16 4.64425e-17 1.45271e-16 4.75482e-17 1.50479e-16 4.8654e-17 1.55302e-16 4.97598e-17 1.60256e-16 5.08656e-17 1.65345e-16 5.19713e-17 1.70276e-16 5.30771e-17 1.75333e-16 5.41829e-17 1.80208e-16 5.52887e-17 1.85515e-16 5.63944e-17 1.9063e-16 5.75002e-17 1.95866e-16 5.8606e-17 2.00884e-16 5.97118e-17 2.06357e-16 6.08175e-17 2.1125e-16 6.19233e-17 2.16963e-16 6.30291e-17 2.22068e-16 6.41349e-17 2.27275e-16 6.52406e-17 2.32586e-16 6.63464e-17
12.3105 2.59564e-20 2.59564e-20 1.40583e-30 5.41612e-11 0 0 2.6456e-22 7.31782e-36 2.39701e-21 6.67968e-28 1.99346e-20 6.42972e-24 9.91342e-20 1.62882e-22 1.98268e-19 9.04346e-22 2.97403e-19 2.84069e-21 3.96537e-19 6.62998e-21 4.95671e-19 7.36243e-20 9.91342e-19 5.883e-19 1.98268e-18 1.71259e-18 2.97403e-18 3.41486e-18 3.96537e-18 5.65933e-18 4.95671e-18 8.33838e-18 5.94805e-18 1.14213e-17 6.9394e-18 1.48313e-17 7.93074e-18 1.85625e-17 8.92208e-18 2.26108e-17 9.91342e-18 2.67929e-17 1.09048e-17 3.1282e-17 1.18961e-17 3.59363e-17 1.28875e-17 4.07398e-17 1.38788e-17 4.57981e-17 1.48701e-17 5.09643e-17 1.58615e-17 5.62783e-17 1.68528e-17 6.16873e-17 1.78442e-17 6.72681e-17 1.88355e-17 7.28441e-17 1.98269e-17 7.88128e-17 2.08182e-17 8.45388e-17 2.18095e-17 9.06182e-17 2.28009e-17 9.67001e-17 2.37922e-17 1.0274e-16 2.47836e-17 1.09101e-16 2.57749e-17 1.15366e-16 2.67663e-17 1.21713e-16 2.77576e-17 1.28121e-16 2.87489e-17 1.34571e-16 2.97403e-17 1.41042e-16 3.07316e-17 1.47776e-16 3.1723e-17 1.54508e-16 3.27143e-17 1.61499e-16 3.37056e-17 1.67872e-16 3.4697e-17 1.75068e-16 3.56883e-17 1.81892e-16 3.66797e-17 1.88941e-16 3.7671e-17 1.95549e-16 3.86624e-17 2.03044e-16 3.96537e-17 2.10067e-16 4.0645e-17 2.16929e-16 4.16364e-17 2.2398e-16 4.26277e-17 2.31611e-16 4.36191e-17 2.38666e-16 4.46104e-17 2.45902e-16 4.56018e-17 2.53323e-16 4.65931e-17 2.60505e-16 4.75844e-17 2.67858e-16 4.85758e-17 2.74938e-16 4.95671e-17 2.82634e-16 5.05585e-17 2.90042e-16 5.15498e-17 2.97613e-16 5.25411e-17 3.04861e-16 5.35325e-17 3.12757e-16 5.45238e-17 3.19807e-16 5.55152e-17 3.28027e-16 5.65065e-17 3.35365e-16 5.74979e-17 3.42841e-16 5.84892e-17 3.50456e-16 5.94805e-17
12.9424 2.66042e-20 2.66042e-20 1.22194e-30 4.59302e-11 0 1.4013e-45 2.42159e-22 9.89714e-35 2.18826e-21 3.69169e-27 1.81849e-20 2.27078e-23 9.04346e-20 4.91272e-22 1.80869e-19 2.50863e-21 2.71304e-19 7.45169e-21 3.61739e-19 1.66868e-20 4.52173e-19 1.64754e-19 9.04346e-19 1.18945e-18 1.80869e-18 3.28657e-18 2.71304e-18 6.3362e-18 3.61739e-18 1.02449e-17 4.52173e-18 1.48118e-17 5.42608e-18 1.99789e-17 6.33042e-18 2.5615e-17 7.23477e-18 3.17099e-17 8.13912e-18 3.82553e-17 9.04346e-18 4.49568e-17 9.94781e-18 5.20937e-17 1.08522e-17 5.94406e-17 1.17565e-17 6.69744e-17 1.26608e-17 7.4861e-17 1.35652e-17 8.2872e-17 1.44695e-17 9.1071e-17 1.53739e-17 9.93776e-17 1.62782e-17 1.07911e-16 1.71826e-17 1.16403e-16 1.80869e-17 1.25457e-16 1.89913e-17 1.34112e-16 1.98956e-17 1.4327e-16 2.07999e-17 1.52401e-16 2.17043e-17 1.61442e-16 2.26086e-17 1.70935e-16 2.3513e-17 1.80259e-16 2.44173e-17 1.89679e-16 2.53217e-17 1.99166e-16 2.6226e-17 2.08692e-16 2.71304e-17 2.18226e-16 2.80347e-17 2.28126e-16 2.8939e-17 2.37999e-16 2.98434e-17 2.48231e-16 3.07477e-17 2.5754e-16 3.16521e-17 2.68029e-16 3.25564e-17 2.77957e-16 3.34608e-17 2.88194e-16 3.43651e-17 2.97773e-16 3.52694e-17 3.08618e-16 3.61738e-17 3.18764e-16 3.70781e-17 3.28661e-16 3.79825e-17 3.38814e-16 3.88868e-17 3.49784e-16 3.97911e-17 3.59912e-16 4.06955e-17 3.70283e-16 4.15998e-17 3.80905e-16 4.25042e-17 3.91169e-16 4.34085e-17 4.01664e-16 4.43129e-17 4.11756e-16 4.52172e-17 4.22711e-16 4.61215e-17 4.33243e-16 4.70259e-17 4.43993e-16 4.79302e-17 4.54273e-16 4.88346e-17 4.65457e-16 4.97389e-17 4.75431e-16 5.06432e-17 4.87047e-16 5.15476e-17 4.97405e-16 5.24519e-17 5.07946e-16 5.33563e-17 5.18672e-16 5.42606e-17
13.6067 7.11549e-21 7.11549e-21 9.871e-31 1.38725e-10 0 7.00649e-45 5.80954e-23 3.04211e-34 5.23599e-22 4.84405e-27 4.34793e-21 1.9461e-23 2.16229e-20 3.62348e-22 4.32458e-20 1.7087e-21 6.48687e-20 4.81284e-21 8.64916e-20 1.03615e-20 1.08114e-19 9.14816e-20 2.16229e-19 5.99691e-19 4.32458e-19 1.57679e-18 6.48687e-19 2.94403e-18 8.64916e-19 4.64979e-18 1.08114e-18 6.60261e-18 1.29737e-18 8.77673e-18 1.5136e-18 1.1117e-17 1.72983e-18 1.36195e-17 1.94606e-18 1.62809e-17 2.16229e-18 1.89828e-17 2.37852e-18 2.18387e-17 2.59474e-18 2.47586e-17 2.81097e-18 2.77346e-17 3.0272e-18 3.08325e-17 3.24343e-18 3.39629e-17 3.45966e-18 3.71515e-17 3.67588e-18 4.03678e-17 3.89211e-18 4.36581e-17 4.10834e-18 4.69197e-17 4.32457e-18 5.03848e-17 4.5408e-18 5.36856e-17 4.75702e-18 5.71668e-17 4.97325e-18 6.06272e-17 5.18948e-18 6.40435e-17 5.40571e-18 6.76201e-17 5.62193e-18 7.11242e-17 5.83816e-18 7.46551e-17 6.05439e-18 7.82026e-17 6.27062e-18 8.17561e-17 6.48684e-18 8.53049e-17 6.70307e-18 8.89817e-17 6.9193e-18 9.26412e-17 7.13552e-18 9.64256e-17 7.35175e-18 9.98619e-17 7.56798e-18 1.03727e-16 7.7842e-18 1.07378e-16 8.00043e-18 1.11136e-16 8.21666e-18 1.14647e-16 8.43288e-18 1.18615e-16 8.64911e-18 1.22321e-16 8.86534e-18 1.25931e-16 9.08156e-18 1.29629e-16 9.29779e-18 1.33618e-16 9.51401e-18 1.37295e-16 9.73024e-18 1.41056e-16 9.94647e-18 1.44902e-16 1.01627e-17 1.48613e-16 1.03789e-17 1.52403e-16 1.05951e-17 1.56044e-16 1.08114e-17 1.5999e-16 1.10276e-17 1.63779e-16 1.12438e-17 1.67642e-16 1.146e-17 1.71332e-16 1.16763e-17 1.75342e-16 1.18925e-17 1.78914e-16 1.21087e-17 1.8307e-16 1.23249e-17 1.86771e-16 1.25412e-17 1.90534e-16 1.27574e-17 1.94359e-16 1.29736e-17
14.3051 3.71321e-21 3.71321e-21 7.99321e-31 2.15264e-10 0 1.31722e-43 2.73381e-23 1.59974e-33 2.45749e-22 1.13358e-26 2.0391e-21 3.03703e-23 1.01409e-20 4.90235e-22 2.02819e-20 2.14319e-21 3.04228e-20 5.739e-21 4.05637e-20 1.19014e-20 5.07047e-20 9.4477e-20 1.01409e-19 5.65003e-19 2.02819e-19 1.4171e-18 3.04228e-19 2.56642e-18 4.05637e-19 3.96394e-18 5.07046e-19 5.53318e-18 6.08455e-19 7.25365e-18 7.09864e-19 9.08236e-18 8.11273e-19 1.10171e-17 9.12682e-19 1.30557e-17 1.01409e-18 1.51087e-17 1.1155e-18 1.72632e-17 1.21691e-18 1.94518e-17 1.31832e-18 2.16695e-17 1.41973e-18 2.39657e-17 1.52113e-18 2.62746e-17 1.62254e-18 2.86158e-17 1.72395e-18 3.09673e-17 1.82536e-18 3.33635e-17 1.92677e-18 3.57302e-17 2.02818e-18 3.82356e-17 2.12958e-18 4.06145e-17 2.23099e-18 4.31156e-17 2.3324e-18 4.55945e-17 2.43381e-18 4.8035e-17 2.53522e-18 5.05832e-17 2.63662e-18 5.30734e-17 2.73803e-18 5.55766e-17 2.83944e-18 5.80857e-17 2.94085e-18 6.05935e-17 3.04225e-18 6.30926e-17 3.14366e-18 6.56766e-17 3.24507e-18 6.82432e-17 3.34648e-18 7.08922e-17 3.44788e-18 7.32932e-17 3.54929e-18 7.59887e-17 3.6507e-18 7.8531e-17 3.75211e-18 8.1143e-17 3.85351e-18 8.35795e-17 3.95492e-18 8.63288e-17 4.05633e-18 8.88925e-17 4.15773e-18 9.13858e-17 4.25914e-18 9.39363e-17 4.36055e-18 9.6684e-17 4.46195e-18 9.92132e-17 4.56336e-18 1.01796e-16 4.66477e-18 1.04435e-16 4.76617e-18 1.06978e-16 4.86758e-18 1.09571e-16 4.96899e-18 1.12059e-16 5.07039e-18 1.14753e-16 5.1718e-18 1.17337e-16 5.27321e-18 1.19968e-16 5.37461e-18 1.22478e-16 5.47602e-18 1.25203e-16 5.57742e-18 1.27628e-16 5.67883e-18 1.30446e-16 5.78024e-18 1.32953e-16 5.88164e-18 1.355e-16 5.98305e-18 1.38086e-16 6.08445e-18
15.0394 2.52126e-21 2.52126e-21 6.49917e-31 2.57774e-10 0 2.4789e-42 1.68428e-23 9.65945e-33 1.51011e-22 3.16877e-26 1.25202e-21 5.77458e-23 6.22669e-21 8.13764e-22 1.24534e-20 3.31036e-21 1.86801e-20 8.44823e-21 2.49068e-20 1.69069e-20 3.11334e-20 1.213e-19 6.22669e-20 6.64758e-19 1.24534e-19 1.59409e-18 1.868e-19 2.80446e-18 2.49067e-19 4.24064e-18 3.11334e-19 5.8238e-18 3.736e-19 7.53439e-18 4.35867e-19 9.33088e-18 4.98133e-19 1.12124e-17 5.604e-19 1.31774e-17 6.22666e-19 1.51412e-17 6.84932e-19 1.71881e-17 7.47198e-19 1.92547e-17 8.09465e-19 2.13371e-17 8.71731e-19 2.34823e-17 9.33997e-19 2.56293e-17 9.96263e-19 2.77969e-17 1.05853e-18 2.99654e-17 1.12079e-18 3.21668e-17 1.18306e-18 3.43335e-17 1.24533e-18 3.66197e-17 1.30759e-18 3.87835e-17 1.36986e-18 4.1052e-17 1.43212e-18 4.32939e-17 1.49439e-18 4.54953e-17 1.55665e-18 4.77881e-17 1.61892e-18 5.00231e-17 1.68118e-18 5.22647e-17 1.74345e-18 5.45067e-17 1.80571e-18 5.67427e-17 1.86798e-18 5.89666e-17 1.93024e-18 6.12614e-17 1.99251e-18 6.35365e-17 2.05477e-18 6.58802e-17 2.11704e-18 6.80008e-17 2.1793e-18 7.03775e-17 2.24157e-18 7.26153e-17 2.30383e-18 7.49108e-17 2.3661e-18 7.70487e-17 2.42836e-18 7.94577e-17 2.49063e-18 8.17005e-17 2.55289e-18 8.38787e-17 2.61516e-18 8.61039e-17 2.67742e-18 8.84979e-17 2.73968e-18 9.06985e-17 2.80195e-18 9.29433e-17 2.86421e-18 9.52331e-17 2.92648e-18 9.74374e-17 2.98874e-18 9.96831e-17 3.051e-18 1.01835e-16 3.11327e-18 1.04162e-16 3.17553e-18 1.06392e-16 3.2378e-18 1.0866e-16 3.30006e-18 1.10821e-16 3.36232e-18 1.13165e-16 3.42459e-18 1.15249e-16 3.48685e-18 1.17668e-16 3.54911e-18 1.19819e-16 3.61138e-18 1.22e-16 3.67364e-18 1.24214e-16 3.7359e-18
15.8114 1.38131e-21 1.38131e-21 5.2828e-31 3.82447e-10 0 3.15138e-41 8.43264e-24 4.1785e-32 7.54111e-23 6.58908e-26 6.24719e-22 8.32256e-23 3.10697e-21 1.03071e-21 6.21393e-21 3.91527e-21 9.3209e-21 9.54523e-21 1.24279e-20 1.8466e-20 1.55348e-20 1.20334e-19 3.10696e-20 6.06903e-19 6.21392e-20 1.39452e-18 9.32088e-20 2.3866e-18 1.24278e-19 3.53668e-18 1.55348e-19 4.78238e-18 1.86417e-19 6.10977e-18 2.17486e-19 7.48799e-18 2.48556e-19 8.91754e-18 2.79625e-19 1.03981e-17 3.10694e-19 1.18669e-17 3.41763e-19 1.33881e-17 3.72833e-19 1.49148e-17 4.03902e-19 1.64453e-17 4.34971e-19 1.80142e-17 4.6604e-19 1.95775e-17 4.97108e-19 2.11492e-17 5.28177e-19 2.27156e-17 5.59246e-19 2.43002e-17 5.90315e-19 2.58546e-17 6.21384e-19 2.74896e-17 6.52452e-19 2.90325e-17 6.83521e-19 3.06454e-17 7.14589e-19 3.22352e-17 7.45658e-19 3.37924e-17 7.76726e-19 3.54103e-17 8.07795e-19 3.69838e-17 8.38863e-19 3.85585e-17 8.69931e-19 4.01302e-17 9.01e-19 4.16946e-17 9.32068e-19 4.32474e-17 9.63136e-19 4.48468e-17 9.94204e-19 4.64296e-17 1.02527e-18 4.80573e-17 1.05634e-18 4.95275e-17 1.08741e-18 5.11726e-17 1.11848e-18 5.27191e-17 1.14954e-18 5.43032e-17 1.18061e-18 5.57763e-17 1.21168e-18 5.74338e-17 1.24275e-18 5.89747e-17 1.27381e-18 6.04694e-17 1.30488e-18 6.19943e-17 1.33595e-18 6.36327e-17 1.36702e-18 6.51368e-17 1.39808e-18 6.66694e-17 1.42915e-18 6.82308e-17 1.46022e-18 6.97322e-17 1.49129e-18 7.126e-17 1.52235e-18 7.27224e-17 1.55342e-18 7.43023e-17 1.58449e-18 7.58143e-17 1.61556e-18 7.73508e-17 1.64662e-18 7.88138e-17 1.67769e-18 8.03986e-17 1.70876e-18 8.18061e-17 1.73982e-18 8.34387e-17 1.77089e-18 8.48885e-17 1.80196e-18 8.63582e-17 1.83302e-18 8.78482e-17 1.86409e-18
16.623 9.03471e-22 9.03471e-22 4.30858e-31 4.76892e-10 0 4.05314e-40 5.08089e-24 1.92715e-31 4.53211e-23 1.51397e-25 3.75133e-22 1.34935e-22 1.8657e-21 1.4779e-21 3.7314e-21 5.25982e-21 5.59711e-21 1.22772e-20 7.46281e-21 2.29982e-20 9.32851e-21 1.36762e-19 1.8657e-20 6.37363e-19 3.7314e-20 1.40621e-18 5.59709e-20 2.34431e-18 7.46277e-20 3.40792e-18 9.32846e-20 4.54089e-18 1.11941e-19 5.73228e-18 1.30598e-19 6.95593e-18 1.49255e-19 8.21355e-18 1.67911e-19 9.50568e-18 1.86568e-19 1.07787e-17 2.05225e-19 1.20889e-17 2.23881e-19 1.33968e-17 2.42537e-19 1.47011e-17 2.61194e-19 1.60322e-17 2.7985e-19 1.73528e-17 2.98507e-19 1.86755e-17 3.17163e-19 1.99888e-17 3.35819e-19 2.13129e-17 3.54475e-19 2.26077e-17 3.73131e-19 2.39655e-17 3.91787e-19 2.52432e-17 4.10444e-19 2.65754e-17 4.291e-19 2.78851e-17 4.47756e-19 2.91649e-17 4.66411e-19 3.04916e-17 4.85067e-19 3.1779e-17 5.03723e-19 3.30648e-17 5.22379e-19 3.43454e-17 5.41035e-19 3.56178e-17 5.5969e-19 3.68784e-17 5.78346e-19 3.81746e-17 5.97001e-19 3.9455e-17 6.15657e-19 4.07696e-17 6.34312e-19 4.19551e-17 6.52968e-19 4.32796e-17 6.71623e-19 4.45229e-17 6.90279e-19 4.57944e-17 7.08934e-19 4.69753e-17 7.27589e-19 4.83021e-17 7.46244e-19 4.95341e-17 7.649e-19 5.07275e-17 7.83555e-19 5.19435e-17 8.0221e-19 5.32485e-17 8.20865e-19 5.44451e-17 8.3952e-19 5.56629e-17 8.58175e-19 5.69022e-17 8.7683e-19 5.80925e-17 8.95484e-19 5.93026e-17 9.14139e-19 6.04596e-17 9.32794e-19 6.17084e-17 9.51449e-19 6.29022e-17 9.70103e-19 6.41143e-17 9.88758e-19 6.52672e-17 1.00741e-18 6.65149e-17 1.02607e-18 6.76221e-17 1.04472e-18 6.89051e-17 1.06338e-18 7.00435e-17 1.08203e-18 7.11966e-17 1.10068e-18 7.23645e-17 1.11934e-18
17.4762 6.94814e-22 6.94814e-22 3.51965e-31 5.0656e-10 0 5.23536e-39 3.63131e-24 9.38464e-31 3.23094e-23 3.80008e-25 2.67201e-22 2.43091e-22 1.32892e-21 2.36885e-21 2.65784e-21 7.924e-21 3.98676e-21 1.77459e-20 5.31568e-21 3.22392e-20 6.6446e-21 1.75733e-19 1.32892e-20 7.59695e-19 2.65783e-20 1.61259e-18 3.98674e-20 2.62212e-18 5.31565e-20 3.74278e-18 6.64455e-20 4.91768e-18 7.97344e-20 6.13772e-18 9.30233e-20 7.3779e-18 1.06312e-19 8.64141e-18 1.19601e-19 9.92979e-18 1.3289e-19 1.11907e-17 1.46178e-19 1.2481e-17 1.59467e-19 1.3762e-17 1.72756e-19 1.50336e-17 1.86044e-19 1.63256e-17 1.99333e-19 1.76022e-17 2.12621e-19 1.88761e-17 2.2591e-19 2.01366e-17 2.39198e-19 2.14034e-17 2.52486e-19 2.26384e-17 2.65775e-19 2.39298e-17 2.79063e-19 2.51418e-17 2.92351e-19 2.64023e-17 3.05639e-19 2.76386e-17 3.18927e-19 2.88438e-17 3.32215e-19 3.00905e-17 3.45503e-19 3.12977e-17 3.58791e-19 3.2501e-17 3.72079e-19 3.36973e-17 3.85367e-19 3.48837e-17 3.98655e-19 3.60571e-17 4.11942e-19 3.72615e-17 4.2523e-19 3.84494e-17 4.38518e-19 3.96669e-17 4.51805e-19 4.07633e-17 4.65093e-19 4.19865e-17 4.7838e-19 4.3133e-17 4.91668e-19 4.43039e-17 5.04955e-19 4.539e-17 5.18242e-19 4.66086e-17 5.3153e-19 4.77387e-17 5.44817e-19 4.88321e-17 5.58104e-19 4.99449e-17 5.71391e-19 5.11377e-17 5.84678e-19 5.22302e-17 5.97965e-19 5.33409e-17 6.11252e-19 5.44699e-17 6.24539e-19 5.55533e-17 6.37826e-19 5.66534e-17 6.51113e-19 5.77043e-17 6.644e-19 5.88375e-17 6.77687e-19 5.99198e-17 6.90973e-19 6.10175e-17 7.0426e-19 6.20608e-17 7.17547e-19 6.31888e-17 7.30833e-19 6.41889e-17 7.4412e-19 6.53469e-17 7.57406e-19 6.63734e-17 7.70693e-19 6.74123e-17 7.83979e-19 6.84638e-17 7.97265e-19
18.3733 4.95961e-22 4.95961e-22 2.8745e-31 5.79581e-10 0 5.40265e-38 2.43156e-24 3.8292e-30 2.15811e-23 8.25481e-25 1.78318e-22 3.85198e-22 8.86875e-22 3.35874e-21 1.77375e-21 1.0592e-20 2.66062e-21 2.28054e-20 3.54749e-21 4.02406e-20 4.43437e-21 2.01918e-19 8.86872e-21 8.1268e-19 1.77374e-20 1.66282e-18 2.6606e-20 2.64038e-18 3.54746e-20 3.70394e-18 4.43431e-20 4.80221e-18 5.32116e-20 5.92911e-18 6.208e-20 7.0634e-18 7.09484e-20 8.20946e-18 7.98168e-20 9.36966e-18 8.86851e-20 1.0498e-17 9.75533e-20 1.16462e-17 1.06422e-19 1.27805e-17 1.1529e-19 1.39013e-17 1.24158e-19 1.50353e-17 1.33026e-19 1.61516e-17 1.41894e-19 1.72615e-17 1.50762e-19 1.83563e-17 1.5963e-19 1.9453e-17 1.68498e-19 2.05193e-17 1.77365e-19 2.16312e-17 1.86233e-19 2.2672e-17 1.95101e-19 2.37519e-17 2.03969e-19 2.48086e-17 2.12836e-19 2.58366e-17 2.21704e-19 2.68977e-17 2.30571e-19 2.79232e-17 2.39439e-19 2.89434e-17 2.48306e-19 2.99559e-17 2.57174e-19 3.09583e-17 2.66041e-19 3.1948e-17 2.74908e-19 3.29623e-17 2.83776e-19 3.39611e-17 2.92643e-19 3.49833e-17 3.0151e-19 3.59024e-17 3.10377e-19 3.69265e-17 3.19244e-19 3.78849e-17 3.28111e-19 3.88626e-17 3.36978e-19 3.97682e-17 3.45845e-19 4.07833e-17 3.54712e-19 4.17233e-17 3.63579e-19 4.26318e-17 3.72446e-19 4.35554e-17 3.81312e-19 4.45443e-17 3.90179e-19 4.54491e-17 3.99046e-19 4.6368e-17 4.07912e-19 4.73011e-17 4.16779e-19 4.81955e-17 4.25645e-19 4.9103e-17 4.34512e-19 4.9969e-17 4.43378e-19 5.0902e-17 4.52244e-19 5.17923e-17 4.61111e-19 5.26944e-17 4.69977e-19 5.35511e-17 4.78843e-19 5.44766e-17 4.87709e-19 5.52964e-17 4.96575e-19 5.62449e-17 5.05442e-19 5.70851e-17 5.14308e-19 5.79347e-17 5.23174e-19 5.8794e-17 5.32039e-19
19.3164 4.14208e-22 4.14208e-22 2.35e-31 5.67347e-10 0 5.65596e-37 1.92363e-24 1.6585e-29 1.70316e-23 1.96293e-24 1.406e-22 6.78535e-22 6.99285e-22 5.32287e-21 1.39857e-21 1.58707e-20 2.09785e-21 3.2915e-20 2.79713e-21 5.64909e-20 3.49641e-21 2.61992e-19 6.99281e-21 9.85161e-19 1.39856e-20 1.9465e-18 2.09783e-20 3.02183e-18 2.79709e-20 4.16958e-18 3.49635e-20 5.33782e-18 4.19561e-20 6.52295e-18 4.89486e-20 7.70473e-18 5.5941e-20 8.88938e-18 6.29334e-20 1.00804e-17 6.99258e-20 1.12319e-17 7.6918e-20 1.23974e-17 8.39103e-20 1.35432e-17 9.09025e-20 1.46707e-17 9.78946e-20 1.58069e-17 1.04887e-19 1.69212e-17 1.11879e-19 1.80254e-17 1.18871e-19 1.91112e-17 1.25863e-19 2.01958e-17 1.32854e-19 2.12474e-17 1.39846e-19 2.23411e-17 1.46838e-19 2.33625e-17 1.5383e-19 2.44198e-17 1.60821e-19 2.54522e-17 1.67813e-19 2.64544e-17 1.74804e-19 2.74868e-17 1.81796e-19 2.84828e-17 1.88787e-19 2.94718e-17 1.95779e-19 3.04517e-17 2.0277e-19 3.14201e-17 2.09761e-19 3.2375e-17 2.16753e-19 3.33519e-17 2.23744e-19 3.43125e-17 2.30735e-19 3.52942e-17 2.37726e-19 3.61758e-17 2.44717e-19 3.71566e-17 2.51708e-19 3.80735e-17 2.58699e-19 3.90075e-17 2.6569e-19 3.98717e-17 2.72681e-19 4.08392e-17 2.79671e-19 4.17341e-17 2.86662e-19 4.25981e-17 2.93653e-19 4.34755e-17 3.00643e-19 4.4414e-17 3.07634e-19 4.52717e-17 3.14624e-19 4.6142e-17 3.21615e-19 4.70248e-17 3.28605e-19 4.78704e-17 3.35595e-19 4.87274e-17 3.42586e-19 4.95445e-17 3.49576e-19 5.04241e-17 3.56566e-19 5.12627e-17 3.63556e-19 5.21117e-17 3.70546e-19 5.29173e-17 3.77536e-19 5.3787e-17 3.84526e-19 5.45567e-17 3.91516e-19 5.54465e-17 3.98506e-19 5.62341e-17 4.05496e-19 5.703e-17 4.12486e-19 5.78344e-17 4.19475e-19
20.3079 3.37968e-22 3.37968e-22 1.92099e-31 5.68393e-10 0 5.0509e-36 1.50137e-24 6.39732e-29 1.32615e-23 4.28051e-24 1.09376e-22 1.11228e-21 5.43991e-22 7.89063e-21 1.08798e-21 2.23047e-20 1.63197e-21 4.46403e-20 2.17596e-21 7.46206e-20 2.71994e-21 3.21098e-19 5.43987e-21 1.13181e-18 1.08797e-20 2.16313e-18 1.63194e-20 3.2868e-18 2.17591e-20 4.46448e-18 2.71988e-20 5.64687e-18 3.26384e-20 6.83342e-18 3.80779e-20 8.00612e-18 4.35174e-20 9.17286e-18 4.89568e-20 1.03383e-17 5.43961e-20 1.14586e-17 5.98354e-20 1.25868e-17 6.52747e-20 1.3691e-17 7.07139e-20 1.4773e-17 7.6153e-20 1.58593e-17 8.1592e-20 1.6921e-17 8.70311e-20 1.79697e-17 9.247e-20 1.89979e-17 9.79089e-20 2.00221e-17 1.03348e-19 2.10125e-17 1.08787e-19 2.20402e-17 1.14225e-19 2.29977e-17 1.19664e-19 2.39866e-17 1.25103e-19 2.49502e-17 1.30541e-19 2.58839e-17 1.3598e-19 2.68439e-17 1.41418e-19 2.77684e-17 1.46857e-19 2.86848e-17 1.52295e-19 2.95913e-17 1.57733e-19 3.04859e-17 1.63171e-19 3.13665e-17 1.68609e-19 3.22662e-17 1.74048e-19 3.31497e-17 1.79486e-19 3.40512e-17 1.84924e-19 3.48598e-17 1.90362e-19 3.57583e-17 1.95799e-19 3.65972e-17 2.01237e-19 3.74508e-17 2.06675e-19 3.82397e-17 2.12113e-19 3.91218e-17 2.1755e-19 3.99369e-17 2.22988e-19 4.0723e-17 2.28426e-19 4.15206e-17 2.33863e-19 4.23727e-17 2.393e-19 4.31508e-17 2.44738e-19 4.39395e-17 2.50175e-19 4.47389e-17 2.55612e-19 4.55038e-17 2.6105e-19 4.62785e-17 2.66487e-19 4.70165e-17 2.71924e-19 4.78102e-17 2.77361e-19 4.85663e-17 2.82798e-19 4.93312e-17 2.88235e-19 5.00564e-17 2.93672e-19 5.08386e-17 2.99108e-19 5.15305e-17 3.04545e-19 5.23298e-17 3.09982e-19 5.30366e-17 3.15419e-19 5.37505e-17 3.20855e-19 5.44715e-17 3.26292e-19
21.3503 2.73532e-22 2.73532e-22 1.57053e-31 5.74167e-10 0 3.93245e-35 1.17342e-24 2.24137e-28 1.03407e-23 8.71788e-24 8.52075e-23 1.72677e-21 4.23786e-22 1.11323e-20 8.47569e-22 2.99115e-20 1.27135e-21 5.78703e-20 1.69513e-21 9.43395e-20 2.11892e-21 3.78032e-19 4.23782e-21 1.25301e-18 8.47557e-21 2.32023e-18 1.27133e-20 3.45425e-18 1.69509e-20 4.62233e-18 2.11885e-20 5.77987e-18 2.5426e-20 6.92958e-18 2.96634e-20 8.05629e-18 3.39008e-20 9.16929e-18 3.81382e-20 1.02741e-17 4.23754e-20 1.13305e-17 4.66127e-20 1.23892e-17 5.08498e-20 1.3421e-17 5.50869e-20 1.4428e-17 5.9324e-20 1.54354e-17 6.35609e-20 1.64168e-17 6.77978e-20 1.73833e-17 7.20347e-20 1.83281e-17 7.62715e-20 1.92668e-17 8.05082e-20 2.01724e-17 8.47449e-20 2.11098e-17 8.89815e-20 2.19812e-17 9.32181e-20 2.28795e-17 9.74546e-20 2.3753e-17 1.01691e-19 2.45978e-17 1.05927e-19 2.54649e-17 1.10164e-19 2.62984e-17 1.144e-19 2.71235e-17 1.18636e-19 2.79383e-17 1.22872e-19 2.87411e-17 1.27108e-19 2.95303e-17 1.31344e-19 3.03356e-17 1.3558e-19 3.11252e-17 1.39816e-19 3.193e-17 1.44052e-19 3.26509e-17 1.48288e-19 3.3451e-17 1.52524e-19 3.41971e-17 1.56759e-19 3.49554e-17 1.60995e-19 3.56556e-17 1.6523e-19 3.64376e-17 1.69466e-19 3.71595e-17 1.73701e-19 3.7855e-17 1.77937e-19 3.856e-17 1.82172e-19 3.93125e-17 1.86407e-19 3.99989e-17 1.90642e-19 4.06941e-17 1.94878e-19 4.13982e-17 1.99113e-19 4.20713e-17 2.03348e-19 4.27523e-17 2.07583e-19 4.34007e-17 2.11817e-19 4.40974e-17 2.16052e-19 4.47606e-17 2.20287e-19 4.54311e-17 2.24522e-19 4.60662e-17 2.28756e-19 4.67508e-17 2.32991e-19 4.7356e-17 2.37225e-19 4.80545e-17 2.4146e-19 4.86718e-17 2.45694e-19 4.92949e-17 2.49929e-19 4.99237e-17 2.54163e-19
22.4463 2.34592e-22 2.34592e-22 1.28469e-31 5.47625e-10 0 2.8696e-34 9.80535e-25 7.65285e-28 8.62108e-24 1.77674e-23 7.09727e-23 2.71835e-21 3.52986e-22 1.60008e-20 7.05969e-22 4.09672e-20 1.05895e-21 7.67469e-20 1.41193e-21 1.22162e-19 1.76491e-21 4.57446e-19 3.52981e-21 1.43008e-18 7.05955e-21 2.56967e-18 1.05892e-20 3.75203e-18 1.41188e-20 4.94994e-18 1.76484e-20 6.12241e-18 2.11779e-20 7.27559e-18 2.47073e-20 8.39665e-18 2.82366e-20 9.49655e-18 3.17659e-20 1.0582e-17 3.52951e-20 1.16144e-17 3.88243e-20 1.26445e-17 4.23533e-20 1.36442e-17 4.58824e-20 1.46164e-17 4.94113e-20 1.55856e-17 5.29402e-20 1.65269e-17 5.6469e-20 1.74511e-17 5.99978e-20 1.83522e-17 6.35264e-20 1.92453e-17 6.70551e-20 2.01049e-17 7.05836e-20 2.09926e-17 7.41121e-20 2.18162e-17 7.76405e-20 2.26635e-17 8.11689e-20 2.34859e-17 8.46972e-20 2.42798e-17 8.82254e-20 2.50934e-17 9.17535e-20 2.58742e-17 9.52816e-20 2.66459e-17 9.88097e-20 2.74068e-17 1.02338e-19 2.81555e-17 1.05866e-19 2.88906e-17 1.09393e-19 2.96396e-17 1.12921e-19 3.03731e-17 1.16449e-19 3.11198e-17 1.19976e-19 3.17878e-17 1.23504e-19 3.25285e-17 1.27031e-19 3.32183e-17 1.30559e-19 3.39188e-17 1.34086e-19 3.45648e-17 1.37614e-19 3.52857e-17 1.41141e-19 3.59504e-17 1.44668e-19 3.65903e-17 1.48195e-19 3.72384e-17 1.51722e-19 3.79294e-17 1.55249e-19 3.85593e-17 1.58776e-19 3.91966e-17 1.62303e-19 3.98416e-17 1.6583e-19 4.04576e-17 1.69356e-19 4.10805e-17 1.72883e-19 4.1673e-17 1.7641e-19 4.23093e-17 1.79936e-19 4.29145e-17 1.83463e-19 4.35258e-17 1.86989e-19 4.41046e-17 1.90515e-19 4.4728e-17 1.94041e-19 4.52786e-17 1.97568e-19 4.59139e-17 2.01094e-19 4.64749e-17 2.0462e-19 4.70408e-17 2.08146e-19 4.76116e-17 2.11672e-19
23.5984 1.97531e-22 1.97531e-22 1.05076e-31 5.31948e-10 0 1.82932e-33 8.10933e-25 2.36891e-27 7.11366e-24 3.36661e-23 5.85095e-23 4.02912e-21 2.90996e-22 2.17501e-20 5.8199e-22 5.31888e-20 8.72983e-22 9.6635e-20 1.16397e-21 1.50367e-19 1.45497e-21 5.27915e-19 2.90991e-21 1.56106e-18 5.81975e-21 2.72595e-18 8.72952e-21 3.90739e-18 1.16392e-20 5.0857e-18 1.45488e-20 6.22546e-18 1.74584e-20 7.33607e-18 2.03679e-20 8.40751e-18 2.32773e-20 9.45196e-18 2.61866e-20 1.04769e-17 2.90959e-20 1.1447e-17 3.20051e-20 1.24108e-17 3.49142e-20 1.33425e-17 3.78233e-20 1.42454e-17 4.07323e-20 1.51426e-17 4.36412e-20 1.60113e-17 4.65501e-20 1.6862e-17 4.94588e-20 1.76894e-17 5.23676e-20 1.85074e-17 5.52762e-20 1.92929e-17 5.81848e-20 2.01025e-17 6.10932e-20 2.08521e-17 6.40017e-20 2.16219e-17 6.691e-20 2.23676e-17 6.98183e-20 2.30864e-17 7.27265e-20 2.38218e-17 7.56347e-20 2.45265e-17 7.85427e-20 2.52219e-17 8.14507e-20 2.59067e-17 8.43587e-20 2.65796e-17 8.72665e-20 2.72394e-17 9.01743e-20 2.79109e-17 9.3082e-20 2.85677e-17 9.59897e-20 2.92355e-17 9.88972e-20 2.98323e-17 1.01805e-19 3.04932e-17 1.04712e-19 3.11082e-17 1.0762e-19 3.1732e-17 1.10527e-19 3.23068e-17 1.13434e-19 3.29476e-17 1.16341e-19 3.35379e-17 1.19248e-19 3.41056e-17 1.22155e-19 3.46801e-17 1.25062e-19 3.52922e-17 1.27969e-19 3.58496e-17 1.30876e-19 3.64132e-17 1.33783e-19 3.6983e-17 1.36689e-19 3.75269e-17 1.39596e-19 3.80765e-17 1.42502e-19 3.85989e-17 1.45409e-19 3.91594e-17 1.48315e-19 3.96922e-17 1.51222e-19 4.023e-17 1.54128e-19 4.07389e-17 1.57034e-19 4.12866e-17 1.5994e-19 4.17701e-17 1.62846e-19 4.23275e-17 1.65752e-19 4.28195e-17 1.68658e-19 4.33155e-17 1.71564e-19 4.38155e-17 1.7447e-19
24.8097 1.68775e-22 1.68775e-22 8.59599e-32 5.09316e-10 0 1.05895e-32 6.85312e-25 6.89782e-27 5.99787e-24 6.1462e-23 4.92877e-23 5.82328e-21 2.45128e-22 2.89512e-20 4.90253e-22 6.77744e-20 7.35377e-22 1.19597e-19 9.805e-22 1.82123e-19 1.22562e-21 6.0138e-19 2.45122e-21 1.68665e-18 4.90237e-21 2.86623e-18 7.35344e-21 4.03695e-18 9.80443e-21 5.18726e-18 1.22553e-20 6.28751e-18 1.47062e-20 7.35016e-18 1.7157e-20 8.36791e-18 1.96076e-20 9.35396e-18 2.20582e-20 1.03164e-17 2.45088e-20 1.12232e-17 2.69592e-20 1.21204e-17 2.94096e-20 1.29845e-17 3.18599e-20 1.3819e-17 3.43102e-20 1.46459e-17 3.67603e-20 1.54442e-17 3.92104e-20 1.62239e-17 4.16604e-20 1.69803e-17 4.41103e-20 1.77265e-17 4.65602e-20 1.84416e-17 4.901e-20 1.91772e-17 5.14596e-20 1.9857e-17 5.39093e-20 2.05538e-17 5.63588e-20 2.12277e-17 5.88083e-20 2.18763e-17 6.12577e-20 2.25388e-17 6.3707e-20 2.31727e-17 6.61563e-20 2.37975e-17 6.86054e-20 2.44118e-17 7.10545e-20 2.50148e-17 7.35035e-20 2.56053e-17 7.59525e-20 2.62055e-17 7.84013e-20 2.6792e-17 8.08501e-20 2.73875e-17 8.32988e-20 2.79193e-17 8.57475e-20 2.85075e-17 8.8196e-20 2.90544e-17 9.06445e-20 2.96085e-17 9.30929e-20 3.01186e-17 9.55413e-20 3.06867e-17 9.79895e-20 3.12097e-17 1.00438e-19 3.17122e-17 1.02886e-19 3.22203e-17 1.05334e-19 3.27612e-17 1.07782e-19 3.32534e-17 1.1023e-19 3.37507e-17 1.12677e-19 3.42531e-17 1.15125e-19 3.47324e-17 1.17573e-19 3.52162e-17 1.2002e-19 3.56758e-17 1.22468e-19 3.61687e-17 1.24915e-19 3.66368e-17 1.27363e-19 3.71091e-17 1.2981e-19 3.75556e-17 1.32257e-19 3.8036e-17 1.34704e-19 3.84597e-17 1.37151e-19 3.8948e-17 1.39598e-19 3.93787e-17 1.42045e-19 3.98127e-17 1.44492e-19 4.02499e-17 1.46939e-19
26.0832 1.47188e-22 1.47188e-22 7.09276e-32 4.81886e-10 0 5.62964e-32 5.94553e-25 1.90748e-26 5.19127e-24 1.0902e-22 4.26215e-23 8.27108e-21 2.11971e-22 3.80239e-20 4.23937e-22 8.53926e-20 6.35903e-22 1.46566e-19 8.47868e-22 2.18656e-19 1.05983e-21 6.81117e-19 2.11964e-21 1.81654e-18 4.2392e-21 3.00815e-18 6.35867e-21 4.1667e-18 8.47806e-21 5.28897e-18 1.05974e-20 6.35102e-18 1.27166e-20 7.36818e-18 1.48357e-20 8.33567e-18 1.69548e-20 9.26756e-18 1.90738e-20 1.01726e-17 2.11927e-20 1.10215e-17 2.33115e-20 1.18582e-17 2.54302e-20 1.26611e-17 2.75488e-20 1.34342e-17 2.96674e-20 1.41979e-17 3.17859e-20 1.49332e-17 3.39043e-20 1.56497e-17 3.60226e-20 1.63432e-17 3.81408e-20 1.70259e-17 4.0259e-20 1.76788e-17 4.23771e-20 1.83491e-17 4.4495e-20 1.89674e-17 4.66129e-20 1.96002e-17 4.87308e-20 2.02113e-17 5.08485e-20 2.07985e-17 5.29662e-20 2.13974e-17 5.50837e-20 2.19697e-17 5.72012e-20 2.2533e-17 5.93186e-20 2.30862e-17 6.1436e-20 2.36285e-17 6.35532e-20 2.4159e-17 6.56704e-20 2.46976e-17 6.77874e-20 2.52233e-17 6.99044e-20 2.57566e-17 7.20214e-20 2.62322e-17 7.41382e-20 2.6758e-17 7.62549e-20 2.72462e-17 7.83716e-20 2.77405e-17 8.04882e-20 2.81952e-17 8.26047e-20 2.87011e-17 8.47211e-20 2.91664e-17 8.68375e-20 2.96132e-17 8.89537e-20 3.00645e-17 9.10699e-20 3.05447e-17 9.3186e-20 3.09813e-17 9.5302e-20 3.14221e-17 9.74179e-20 3.18671e-17 9.95338e-20 3.22913e-17 1.0165e-19 3.27193e-17 1.03765e-19 3.31256e-17 1.05881e-19 3.3561e-17 1.07996e-19 3.39743e-17 1.10112e-19 3.4391e-17 1.12227e-19 3.47847e-17 1.14342e-19 3.52081e-17 1.16458e-19 3.55813e-17 1.18573e-19 3.60111e-17 1.20688e-19 3.63901e-17 1.22803e-19 3.67717e-17 1.24918e-19 3.71559e-17 1.27032e-19
27.4221 1.27569e-22 1.27569e-22 5.80885e-32 4.5535e-10 0 2.69004e-31 5.14947e-25 4.89488e-26 4.48518e-24 1.83381e-22 3.67921e-23 1.12621e-20 1.82974e-22 4.80582e-20 3.65945e-22 1.03748e-19 5.48914e-22 1.73435e-19 7.31882e-22 2.53737e-19 9.14849e-22 7.47759e-19 1.82967e-21 1.90109e-18 3.65925e-21 3.07171e-18 5.48875e-21 4.18775e-18 7.31815e-21 5.25435e-18 9.14747e-21 6.25352e-18 1.09767e-20 7.20286e-18 1.28058e-20 8.09992e-18 1.46349e-20 8.95923e-18 1.64638e-20 9.78975e-18 1.82927e-20 1.05656e-17 2.01215e-20 1.13273e-17 2.19502e-20 1.2056e-17 2.37788e-20 1.27554e-17 2.56073e-20 1.34444e-17 2.74358e-20 1.41062e-17 2.92641e-20 1.47495e-17 3.10924e-20 1.53708e-17 3.29205e-20 1.59811e-17 3.47486e-20 1.65638e-17 3.65766e-20 1.71609e-17 3.84045e-20 1.77108e-17 4.02323e-20 1.82727e-17 4.20601e-20 1.88145e-17 4.38877e-20 1.93343e-17 4.57153e-20 1.98638e-17 4.75427e-20 2.03691e-17 4.93701e-20 2.08658e-17 5.11974e-20 2.13531e-17 5.30246e-20 2.18302e-17 5.48517e-20 2.22964e-17 5.66787e-20 2.27692e-17 5.85057e-20 2.32303e-17 6.03325e-20 2.36975e-17 6.21593e-20 2.41139e-17 6.3986e-20 2.45737e-17 6.58126e-20 2.50002e-17 6.76391e-20 2.54317e-17 6.94655e-20 2.58283e-17 7.12918e-20 2.62693e-17 7.3118e-20 2.66745e-17 7.49442e-20 2.70633e-17 7.67702e-20 2.74558e-17 7.85962e-20 2.7873e-17 8.04221e-20 2.82521e-17 8.22479e-20 2.86346e-17 8.40736e-20 2.90205e-17 8.58992e-20 2.93881e-17 8.77248e-20 2.97588e-17 8.95502e-20 3.01104e-17 9.13756e-20 3.04871e-17 9.32009e-20 3.08443e-17 9.50261e-20 3.12044e-17 9.68512e-20 3.15444e-17 9.86762e-20 3.19098e-17 1.00501e-19 3.22317e-17 1.02326e-19 3.26023e-17 1.04151e-19 3.29288e-17 1.05975e-19 3.32574e-17 1.078e-19 3.35882e-17 1.09624e-19
28.8297 1.1092e-22 1.1092e-22 4.74441e-32 4.27733e-10 0 1.17199e-30 4.48896e-25 1.18057e-25 3.89976e-24 2.95955e-22 3.19622e-23 1.48656e-20 1.5895e-22 5.9097e-20 3.17894e-22 1.22874e-19 4.76838e-22 2.0032e-19 6.35781e-22 2.87678e-19 7.94723e-22 8.0423e-19 1.58942e-21 1.95372e-18 3.17874e-21 3.08383e-18 4.76796e-21 4.14135e-18 6.3571e-21 5.13913e-18 7.94614e-21 6.06488e-18 9.53508e-21 6.93782e-18 1.11239e-20 7.75757e-18 1.27127e-20 8.53871e-18 1.43014e-20 9.29025e-18 1.58899e-20 9.98953e-18 1.74784e-20 1.06737e-17 1.90668e-20 1.13261e-17 2.06551e-20 1.19505e-17 2.22433e-20 1.25641e-17 2.38314e-20 1.3152e-17 2.54194e-20 1.37222e-17 2.70073e-20 1.42717e-17 2.85951e-20 1.48106e-17 3.01829e-20 1.53241e-17 3.17705e-20 1.58494e-17 3.3358e-20 1.63324e-17 3.49455e-20 1.68252e-17 3.65328e-20 1.72997e-17 3.81201e-20 1.77544e-17 3.97073e-20 1.82169e-17 4.12943e-20 1.86577e-17 4.28813e-20 1.90905e-17 4.44682e-20 1.95147e-17 4.6055e-20 1.99295e-17 4.76417e-20 2.03345e-17 4.92283e-20 2.07448e-17 5.08149e-20 2.11444e-17 5.24013e-20 2.15491e-17 5.39876e-20 2.19094e-17 5.55739e-20 2.23069e-17 5.716e-20 2.26754e-17 5.87461e-20 2.30478e-17 6.0332e-20 2.33898e-17 6.19179e-20 2.37699e-17 6.35037e-20 2.41188e-17 6.50893e-20 2.44534e-17 6.66749e-20 2.47909e-17 6.82604e-20 2.51495e-17 6.98458e-20 2.5475e-17 7.14311e-20 2.58033e-17 7.30164e-20 2.61343e-17 7.46015e-20 2.64493e-17 7.61865e-20 2.67669e-17 7.77715e-20 2.70679e-17 7.93563e-20 2.73902e-17 8.09411e-20 2.76958e-17 8.25258e-20 2.80035e-17 8.41103e-20 2.8294e-17 8.56948e-20 2.86059e-17 8.72792e-20 2.88807e-17 8.88635e-20 2.91967e-17 9.04477e-20 2.94751e-17 9.20318e-20 2.97551e-17 9.36158e-20 3.00369e-17 9.51997e-20
30.3095 9.73585e-23 9.73585e-23 3.86595e-32 3.97084e-10 0 4.70659e-30 3.95851e-25 2.70148e-25 3.42947e-24 4.62143e-22 2.80835e-23 1.91728e-20 1.39656e-22 7.12536e-20 2.79307e-22 1.4295e-19 4.18957e-22 2.27556e-19 5.58605e-22 3.2107e-19 6.98253e-22 8.53676e-19 1.39648e-21 1.98605e-18 2.79285e-21 3.06602e-18 4.18912e-21 4.05885e-18 5.5853e-21 4.98425e-18 6.98137e-21 5.83505e-18 8.37735e-21 6.63155e-18 9.77322e-21 7.37514e-18 1.1169e-20 8.08019e-18 1.25647e-20 8.7556e-18 1.39603e-20 9.38168e-18 1.53557e-20 9.99224e-18 1.67511e-20 1.05727e-17 1.81464e-20 1.11267e-17 1.95416e-20 1.16698e-17 2.09367e-20 1.2189e-17 2.23316e-20 1.26914e-17 2.37265e-20 1.31748e-17 2.51213e-20 1.36479e-17 2.6516e-20 1.4098e-17 2.79106e-20 1.45577e-17 2.93051e-20 1.49797e-17 3.06995e-20 1.54097e-17 3.20937e-20 1.58231e-17 3.34879e-20 1.62187e-17 3.4882e-20 1.66207e-17 3.6276e-20 1.70034e-17 3.76699e-20 1.73788e-17 3.90637e-20 1.77462e-17 4.04574e-20 1.81052e-17 4.1851e-20 1.84553e-17 4.32445e-20 1.88097e-17 4.46379e-20 1.91546e-17 4.60312e-20 1.95035e-17 4.74244e-20 1.98138e-17 4.88175e-20 2.0156e-17 5.02105e-20 2.04729e-17 5.16035e-20 2.0793e-17 5.29963e-20 2.10867e-17 5.4389e-20 2.14128e-17 5.57816e-20 2.1712e-17 5.71741e-20 2.19988e-17 5.85665e-20 2.22878e-17 5.99589e-20 2.25947e-17 6.13511e-20 2.28731e-17 6.27432e-20 2.31537e-17 6.41352e-20 2.34365e-17 6.55272e-20 2.37055e-17 6.6919e-20 2.39765e-17 6.83107e-20 2.42332e-17 6.97024e-20 2.4508e-17 7.10939e-20 2.47683e-17 7.24853e-20 2.50303e-17 7.38767e-20 2.52775e-17 7.52679e-20 2.55429e-17 7.66591e-20 2.57765e-17 7.80501e-20 2.60451e-17 7.94411e-20 2.62815e-17 8.08319e-20 2.65193e-17 8.22227e-20 2.67584e-17 8.36133e-20
31.8653 8.49612e-23 8.49612e-23 3.16179e-32 3.72145e-10 0 1.72355e-29 3.47406e-25 5.79388e-25 3.00089e-24 6.89108e-22 2.45528e-23 2.38344e-20 1.22093e-22 8.30796e-20 2.44181e-22 1.61106e-19 3.66267e-22 2.50706e-19 4.88353e-22 3.47841e-19 6.10437e-22 8.81791e-19 1.22084e-21 1.96884e-18 2.44158e-21 2.97598e-18 3.66221e-21 3.88641e-18 4.88273e-21 4.72523e-18 6.10316e-21 5.4898e-18 7.32348e-21 6.20072e-18 8.54369e-21 6.86071e-18 9.7638e-21 7.48355e-18 1.09838e-20 8.07777e-18 1.22037e-20 8.62666e-18 1.34235e-20 9.16025e-18 1.46432e-20 9.66608e-18 1.58628e-20 1.01477e-17 1.70823e-20 1.06187e-17 1.83017e-20 1.10679e-17 1.9521e-20 1.15019e-17 2.07401e-20 1.19186e-17 2.19592e-20 1.23257e-17 2.31782e-20 1.27124e-17 2.43971e-20 1.31068e-17 2.56158e-20 1.34684e-17 2.68345e-20 1.38362e-17 2.8053e-20 1.41895e-17 2.92715e-20 1.45271e-17 3.04899e-20 1.48698e-17 3.17081e-20 1.51957e-17 3.29263e-20 1.55149e-17 3.41443e-20 1.58271e-17 3.53622e-20 1.61319e-17 3.65801e-20 1.64289e-17 3.77978e-20 1.67292e-17 3.90155e-20 1.70212e-17 4.0233e-20 1.73164e-17 4.14504e-20 1.75787e-17 4.26677e-20 1.78677e-17 4.3885e-20 1.81352e-17 4.51021e-20 1.84052e-17 4.63191e-20 1.86527e-17 4.7536e-20 1.89274e-17 4.87528e-20 1.91792e-17 4.99695e-20 1.94204e-17 5.11861e-20 1.96634e-17 5.24027e-20 1.99212e-17 5.36191e-20 2.0155e-17 5.48354e-20 2.03905e-17 5.60516e-20 2.06276e-17 5.72677e-20 2.08531e-17 5.84836e-20 2.10801e-17 5.96995e-20 2.12952e-17 6.09153e-20 2.15251e-17 6.2131e-20 2.17428e-17 6.33466e-20 2.19619e-17 6.45621e-20 2.21685e-17 6.57775e-20 2.23902e-17 6.69928e-20 2.25852e-17 6.82079e-20 2.28094e-17 6.9423e-20 2.30067e-17 7.0638e-20 2.32049e-17 7.18529e-20 2.34042e-17 7.30676e-20
33.5009 7.55298e-23 7.55298e-23 2.6e-32 3.44236e-10 0 5.92203e-29 3.1061e-25 1.19678e-24 2.67454e-24 1.00735e-21 2.18638e-23 2.93066e-20 1.08717e-22 9.61136e-20 2.17427e-22 1.80454e-19 3.26137e-22 2.7482e-19 4.34845e-22 3.75258e-19 5.43553e-22 9.09133e-19 1.08707e-21 1.95212e-18 2.17403e-21 2.89216e-18 3.26088e-21 3.72846e-18 4.34762e-21 4.49059e-18 5.43424e-21 5.17957e-18 6.52076e-21 5.8161e-18 7.60717e-21 6.4039e-18 8.69347e-21 6.95616e-18 9.77966e-21 7.48102e-18 1.08657e-20 7.9642e-18 1.19517e-20 8.43254e-18 1.30376e-20 8.87531e-18 1.41233e-20 9.29589e-18 1.5209e-20 9.70626e-18 1.62945e-20 1.00969e-17 1.73799e-20 1.04735e-17 1.84653e-20 1.08346e-17 1.95505e-20 1.11868e-17 2.06356e-20 1.15208e-17 2.17206e-20 1.18609e-17 2.28054e-20 1.21723e-17 2.38902e-20 1.24888e-17 2.49749e-20 1.27923e-17 2.60594e-20 1.30821e-17 2.71439e-20 1.33759e-17 2.82282e-20 1.3655e-17 2.93124e-20 1.39281e-17 3.03966e-20 1.4195e-17 3.14806e-20 1.44553e-17 3.25645e-20 1.47086e-17 3.36483e-20 1.49647e-17 3.4732e-20 1.52134e-17 3.58155e-20 1.54647e-17 3.6899e-20 1.56878e-17 3.79824e-20 1.59334e-17 3.90656e-20 1.61606e-17 4.01488e-20 1.63898e-17 4.12318e-20 1.65997e-17 4.23148e-20 1.68326e-17 4.33976e-20 1.70459e-17 4.44803e-20 1.72501e-17 4.55629e-20 1.74557e-17 4.66454e-20 1.76737e-17 4.77278e-20 1.78713e-17 4.88101e-20 1.80702e-17 4.98923e-20 1.82704e-17 5.09743e-20 1.84607e-17 5.20563e-20 1.86522e-17 5.31381e-20 1.88334e-17 5.42199e-20 1.90272e-17 5.53015e-20 1.92106e-17 5.63831e-20 1.9395e-17 5.74645e-20 1.95688e-17 5.85458e-20 1.97553e-17 5.9627e-20 1.99193e-17 6.07081e-20 2.01077e-17 6.17891e-20 2.02734e-17 6.287e-20 2.04399e-17 6.39508e-20 2.06072e-17 6.50315e-20
35.2205 6.676e-23 6.676e-23 2.13128e-32 3.19245e-10 0 1.87088e-28 2.75903e-25 2.3301e-24 2.36761e-24 1.41164e-21 1.93379e-23 3.48374e-20 9.61522e-23 1.07817e-19 1.92298e-22 1.96301e-19 2.88442e-22 2.92884e-19 3.84585e-22 3.93897e-19 4.80727e-22 9.14046e-19 9.61421e-22 1.89117e-18 1.92272e-21 2.74905e-18 2.88391e-21 3.50078e-18 3.84498e-21 4.17876e-18 4.80594e-21 4.78694e-18 5.76678e-21 5.34539e-18 6.72751e-21 5.85853e-18 7.68813e-21 6.33862e-18 8.64863e-21 6.79322e-18 9.60902e-21 7.21041e-18 1.05693e-20 7.61364e-18 1.15295e-20 7.99391e-18 1.24895e-20 8.35429e-18 1.34494e-20 8.7052e-18 1.44093e-20 9.0386e-18 1.5369e-20 9.35948e-18 1.63286e-20 9.66656e-18 1.72881e-20 9.96568e-18 1.82474e-20 1.02489e-17 1.92067e-20 1.0537e-17 2.01658e-20 1.08004e-17 2.11248e-20 1.10678e-17 2.20838e-20 1.13239e-17 2.30426e-20 1.15682e-17 2.40013e-20 1.18156e-17 2.49598e-20 1.20504e-17 2.59183e-20 1.228e-17 2.68767e-20 1.25041e-17 2.78349e-20 1.27225e-17 2.8793e-20 1.2935e-17 2.9751e-20 1.31495e-17 3.07089e-20 1.33577e-17 3.16667e-20 1.35678e-17 3.26244e-20 1.37543e-17 3.3582e-20 1.39595e-17 3.45394e-20 1.41492e-17 3.54968e-20 1.43403e-17 3.6454e-20 1.45154e-17 3.74111e-20 1.47094e-17 3.83681e-20 1.4887e-17 3.9325e-20 1.5057e-17 4.02818e-20 1.5228e-17 4.12385e-20 1.54093e-17 4.2195e-20 1.55734e-17 4.31515e-20 1.57386e-17 4.41078e-20 1.59048e-17 4.5064e-20 1.60627e-17 4.60201e-20 1.62215e-17 4.69761e-20 1.63717e-17 4.7932e-20 1.65323e-17 4.88878e-20 1.66841e-17 4.98435e-20 1.68368e-17 5.0799e-20 1.69807e-17 5.17545e-20 1.71349e-17 5.27098e-20 1.72705e-17 5.3665e-20 1.74262e-17 5.46201e-20 1.75631e-17 5.55751e-20 1.77006e-17 5.653e-20 1.78387e-17 5.74848e-20
37.0284 5.90585e-23 5.90585e-23 1.74217e-32 2.9499e-10 0 5.49128e-28 2.44923e-25 4.31571e-24 2.0941e-24 1.9123e-21 1.70888e-23 4.03558e-20 8.4965e-23 1.18197e-19 1.69923e-22 2.09002e-19 2.5488e-22 3.05811e-19 3.39835e-22 4.05388e-19 4.2479e-22 9.02971e-19 8.49544e-22 1.80356e-18 1.69896e-21 2.57479e-18 2.54827e-21 3.24095e-18 3.39745e-21 3.83588e-18 4.24652e-21 4.36567e-18 5.09547e-21 4.84934e-18 5.9443e-21 5.29168e-18 6.79302e-21 5.70389e-18 7.64161e-21 6.09288e-18 8.49009e-21 6.44879e-18 9.33845e-21 6.79189e-18 1.01867e-20 7.11468e-18 1.10348e-20 7.41993e-18 1.18828e-20 7.71658e-18 1.27307e-20 7.99792e-18 1.35785e-20 8.26824e-18 1.44262e-20 8.52655e-18 1.52737e-20 8.77779e-18 1.61211e-20 9.01539e-18 1.69684e-20 9.25674e-18 1.78156e-20 9.47717e-18 1.86627e-20 9.70064e-18 1.95097e-20 9.9145e-18 2.03565e-20 1.01183e-17 2.12032e-20 1.03244e-17 2.20499e-20 1.05199e-17 2.28964e-20 1.07109e-17 2.37427e-20 1.08972e-17 2.4589e-20 1.10785e-17 2.54351e-20 1.12548e-17 2.62812e-20 1.14327e-17 2.71271e-20 1.16052e-17 2.79729e-20 1.17792e-17 2.88186e-20 1.19336e-17 2.96641e-20 1.21033e-17 3.05096e-20 1.226e-17 3.13549e-20 1.24179e-17 3.22001e-20 1.25624e-17 3.30452e-20 1.27224e-17 3.38902e-20 1.28689e-17 3.47351e-20 1.3009e-17 3.55799e-20 1.31499e-17 3.64245e-20 1.32991e-17 3.7269e-20 1.34342e-17 3.81134e-20 1.35701e-17 3.89578e-20 1.37067e-17 3.98019e-20 1.38364e-17 4.0646e-20 1.39668e-17 4.149e-20 1.40902e-17 4.23338e-20 1.42219e-17 4.31775e-20 1.43465e-17 4.40211e-20 1.44717e-17 4.48646e-20 1.45897e-17 4.5708e-20 1.4716e-17 4.65513e-20 1.48271e-17 4.73944e-20 1.49546e-17 4.82375e-20 1.50666e-17 4.90804e-20 1.51791e-17 4.99232e-20 1.52921e-17 5.07659e-20
38.9291 5.26783e-23 5.26783e-23 1.42054e-32 2.69664e-10 0 1.51407e-27 2.18778e-25 7.67958e-24 1.86329e-24 2.52715e-21 1.51916e-23 4.59548e-20 7.55278e-23 1.27721e-19 1.51048e-22 2.19655e-19 2.26568e-22 3.15495e-19 3.02086e-22 4.12527e-19 3.77603e-22 8.83818e-19 7.55169e-22 1.70723e-18 1.51021e-21 2.39587e-18 2.26513e-21 2.98267e-18 3.01992e-21 3.50189e-18 3.7746e-21 3.96106e-18 4.52915e-21 4.378e-18 5.28359e-21 4.75761e-18 6.0379e-21 5.11005e-18 6.79209e-21 5.44155e-18 7.54615e-21 5.74402e-18 8.3001e-21 6.03487e-18 9.05393e-21 6.3079e-18 9.80763e-21 6.56557e-18 1.05612e-20 6.81553e-18 1.13147e-20 7.05218e-18 1.2068e-20 7.2792e-18 1.28212e-20 7.49583e-18 1.35743e-20 7.70625e-18 1.43273e-20 7.90499e-18 1.50802e-20 8.10663e-18 1.58329e-20 8.29058e-18 1.65855e-20 8.47688e-18 1.7338e-20 8.65498e-18 1.80904e-20 8.82452e-18 1.88427e-20 8.99591e-18 1.95948e-20 9.15827e-18 2.03468e-20 9.31676e-18 2.10987e-20 9.47122e-18 2.18505e-20 9.62151e-18 2.26022e-20 9.76748e-18 2.33537e-20 9.91466e-18 2.41051e-20 1.00573e-17 2.48564e-20 1.02011e-17 2.56076e-20 1.03286e-17 2.63587e-20 1.04686e-17 2.71096e-20 1.05979e-17 2.78605e-20 1.07281e-17 2.86112e-20 1.08472e-17 2.93617e-20 1.0979e-17 3.01122e-20 1.10995e-17 3.08626e-20 1.12148e-17 3.16128e-20 1.13306e-17 3.23629e-20 1.14533e-17 3.31129e-20 1.15642e-17 3.38628e-20 1.16758e-17 3.46125e-20 1.1788e-17 3.53622e-20 1.18944e-17 3.61117e-20 1.20014e-17 3.68611e-20 1.21025e-17 3.76104e-20 1.22105e-17 3.83595e-20 1.23125e-17 3.91086e-20 1.24151e-17 3.98575e-20 1.25116e-17 4.06063e-20 1.2615e-17 4.1355e-20 1.27058e-17 4.21036e-20 1.28101e-17 4.2852e-20 1.29017e-17 4.36004e-20 1.29936e-17 4.43486e-20 1.30859e-17 4.50967e-20
40.9273 4.66776e-23 4.66776e-23 1.15878e-32 2.48252e-10 0 3.87713e-27 1.93654e-25 1.29658e-23 1.6425e-24 3.21506e-21 1.33792e-23 5.07461e-20 6.6513e-23 1.3418e-19 1.33019e-22 2.24747e-19 1.99523e-22 3.17173e-19 2.66026e-22 4.0935e-19 3.32528e-22 8.45206e-19 6.65018e-22 1.58164e-18 1.32991e-21 2.18387e-18 1.99467e-21 2.69049e-18 2.65931e-21 3.13486e-18 3.32382e-21 3.52528e-18 3.98821e-21 3.87798e-18 4.65248e-21 4.19776e-18 5.31663e-21 4.49361e-18 5.98065e-21 4.77104e-18 6.64454e-21 5.0235e-18 7.30832e-21 5.26571e-18 7.97197e-21 5.49259e-18 8.63549e-21 5.70631e-18 9.2989e-21 5.91327e-18 9.96218e-21 6.1089e-18 1.06253e-20 6.2963e-18 1.12884e-20 6.47487e-18 1.19513e-20 6.64811e-18 1.26141e-20 6.81155e-18 1.32767e-20 6.97718e-18 1.39393e-20 7.12812e-18 1.46017e-20 7.28084e-18 1.5264e-20 7.42671e-18 1.59262e-20 7.56543e-18 1.65882e-20 7.70556e-18 1.72502e-20 7.83819e-18 1.7912e-20 7.96756e-18 1.85737e-20 8.09356e-18 1.92352e-20 8.21606e-18 1.98967e-20 8.33496e-18 2.0558e-20 8.45478e-18 2.12192e-20 8.57085e-18 2.18803e-20 8.68776e-18 2.25412e-20 8.79133e-18 2.32021e-20 8.90507e-18 2.38628e-20 9.01e-18 2.45234e-20 9.11559e-18 2.51839e-20 9.21214e-18 2.58442e-20 9.31896e-18 2.65045e-20 9.41663e-18 2.71646e-20 9.50992e-18 2.78246e-20 9.60368e-18 2.84844e-20 9.70289e-18 2.91442e-20 9.79264e-18 2.98038e-20 9.88282e-18 3.04633e-20 9.97343e-18 3.11227e-20 1.00594e-17 3.1782e-20 1.01457e-17 3.24411e-20 1.02274e-17 3.31002e-20 1.03145e-17 3.37591e-20 1.03968e-17 3.44179e-20 1.04794e-17 3.50765e-20 1.05572e-17 3.57351e-20 1.06405e-17 3.63935e-20 1.07137e-17 3.70518e-20 1.07976e-17 3.771e-20 1.08713e-17 3.83681e-20 1.09453e-17 3.90261e-20 1.10195e-17 3.96839e-20
43.0281 4.18331e-23 4.18331e-23 9.53721e-33 2.27983e-10 0 9.41891e-27 1.7288e-25 2.11943e-23 1.45993e-24 4.0152e-21 1.18809e-23 5.53917e-20 5.90603e-23 1.39685e-19 1.18113e-22 2.28168e-19 1.77164e-22 3.16656e-19 2.36215e-22 4.03655e-19 2.95263e-22 8.04726e-19 5.90489e-22 1.46123e-18 1.18084e-21 1.98682e-18 1.77107e-21 2.42363e-18 2.36117e-21 2.80363e-18 2.95115e-21 3.13544e-18 3.54099e-21 3.43376e-18 4.13071e-21 3.70318e-18 4.72031e-21 3.95161e-18 5.30977e-21 4.18391e-18 5.89911e-21 4.39477e-18 6.48833e-21 4.59663e-18 7.07742e-21 4.78535e-18 7.66638e-21 4.9628e-18 8.25522e-21 5.13436e-18 8.84393e-21 5.29629e-18 9.43251e-21 5.4512e-18 1.0021e-20 5.59862e-18 1.06093e-20 5.74147e-18 1.11975e-20 5.87608e-18 1.17856e-20 6.01237e-18 1.23736e-20 6.13644e-18 1.29614e-20 6.26186e-18 1.35491e-20 6.38155e-18 1.41367e-20 6.49528e-18 1.47241e-20 6.61007e-18 1.53115e-20 6.71864e-18 1.58987e-20 6.82447e-18 1.64858e-20 6.92747e-18 1.70727e-20 7.02754e-18 1.76595e-20 7.12461e-18 1.82463e-20 7.22236e-18 1.88328e-20 7.31701e-18 1.94193e-20 7.41228e-18 2.00056e-20 7.49665e-18 2.05919e-20 7.58924e-18 2.1178e-20 7.67462e-18 2.17639e-20 7.76049e-18 2.23498e-20 7.83898e-18 2.29355e-20 7.92577e-18 2.35211e-20 8.00509e-18 2.41066e-20 8.08082e-18 2.46919e-20 8.15691e-18 2.52771e-20 8.23738e-18 2.58622e-20 8.31015e-18 2.64472e-20 8.38324e-18 2.70321e-20 8.45665e-18 2.76168e-20 8.52627e-18 2.82014e-20 8.59618e-18 2.87859e-20 8.66223e-18 2.93703e-20 8.73269e-18 2.99546e-20 8.79926e-18 3.05387e-20 8.86608e-18 3.11227e-20 8.92895e-18 3.17066e-20 8.99626e-18 3.22903e-20 9.05535e-18 3.2874e-20 9.12313e-18 3.34575e-20 9.18263e-18 3.40409e-20 9.24232e-18 3.46242e-20 9.3022e-18 3.52073e-20
45.2368 3.74158e-23 3.74158e-23 7.8243e-33 2.09118e-10 0 2.14863e-26 1.53545e-25 3.31674e-23 1.29073e-24 4.86416e-21 1.04938e-23 5.90386e-20 5.21617e-23 1.42324e-19 1.04316e-22 2.27001e-19 1.56469e-22 3.10067e-19 2.0862e-22 3.90638e-19 2.6077e-22 7.53287e-19 5.21502e-22 1.32936e-18 1.04287e-21 1.78137e-18 1.5641e-21 2.15278e-18 2.08521e-21 2.47337e-18 2.60619e-21 2.75171e-18 3.12704e-21 3.00081e-18 3.64776e-21 3.22496e-18 4.16836e-21 3.431e-18 4.68882e-21 3.62316e-18 5.20916e-21 3.79717e-18 5.72937e-21 3.96342e-18 6.24945e-21 4.11855e-18 6.7694e-21 4.26419e-18 7.28922e-21 4.40477e-18 7.80892e-21 4.53728e-18 8.32849e-21 4.66387e-18 8.84793e-21 4.78421e-18 9.36725e-21 4.90069e-18 9.88643e-21 5.01034e-18 1.04055e-20 5.12124e-18 1.09244e-20 5.22211e-18 1.14432e-20 5.32399e-18 1.19619e-20 5.42113e-18 1.24805e-20 5.51337e-18 1.29989e-20 5.6064e-18 1.35172e-20 5.69433e-18 1.40354e-20 5.77998e-18 1.45534e-20 5.86328e-18 1.50713e-20 5.94417e-18 1.55891e-20 6.02258e-18 1.61068e-20 6.10151e-18 1.66244e-20 6.17788e-18 1.71418e-20 6.25472e-18 1.76591e-20 6.32272e-18 1.81762e-20 6.39733e-18 1.86933e-20 6.46609e-18 1.92102e-20 6.53521e-18 1.9727e-20 6.59835e-18 2.02437e-20 6.66816e-18 2.07602e-20 6.73193e-18 2.12766e-20 6.79278e-18 2.17929e-20 6.8539e-18 2.23091e-20 6.91852e-18 2.28252e-20 6.97692e-18 2.33411e-20 7.03557e-18 2.38569e-20 7.09445e-18 2.43726e-20 7.15027e-18 2.48881e-20 7.20631e-18 2.54035e-20 7.25924e-18 2.59188e-20 7.31568e-18 2.6434e-20 7.36899e-18 2.69491e-20 7.42248e-18 2.7464e-20 7.4728e-18 2.79788e-20 7.52664e-18 2.84935e-20 7.57391e-18 2.90081e-20 7.6281e-18 2.95225e-20 7.67567e-18 3.00369e-20 7.72338e-18 3.05511e-20 7.77122e-18 3.10651e-20
47.5588 3.34449e-23 3.34449e-23 6.4004e-33 1.91371e-10 0 4.62279e-26 1.3584e-25 4.98627e-23 1.13647e-24 5.73207e-21 9.23056e-24 6.15972e-20 4.5879e-23 1.4227e-19 9.17504e-23 2.21833e-19 1.37621e-22 2.98469e-19 1.83489e-22 3.71854e-19 2.29357e-22 6.9479e-19 4.58675e-22 1.19343e-18 9.17213e-22 1.57735e-18 1.37562e-21 1.88942e-18 1.8339e-21 2.15684e-18 2.29205e-21 2.38776e-18 2.75006e-21 2.59355e-18 3.20795e-21 2.77809e-18 3.66571e-21 2.94723e-18 4.12334e-21 3.10457e-18 4.58084e-21 3.24676e-18 5.03821e-21 3.38233e-18 5.49545e-21 3.50862e-18 5.95257e-21 3.627e-18 6.40955e-21 3.74111e-18 6.86641e-21 3.84852e-18 7.32313e-21 3.95102e-18 7.77973e-21 4.04835e-18 8.2362e-21 4.14245e-18 8.69255e-21 4.23096e-18 9.14876e-21 4.32039e-18 9.60485e-21 4.40167e-18 1.00608e-20 4.48369e-18 1.05166e-20 4.56184e-18 1.09723e-20 4.63599e-18 1.14279e-20 4.71073e-18 1.18834e-20 4.78131e-18 1.23387e-20 4.85003e-18 1.27939e-20 4.91683e-18 1.3249e-20 4.98165e-18 1.37039e-20 5.04446e-18 1.41587e-20 5.10764e-18 1.46134e-20 5.16875e-18 1.5068e-20 5.2302e-18 1.55224e-20 5.28456e-18 1.59767e-20 5.34416e-18 1.64309e-20 5.39908e-18 1.6885e-20 5.45426e-18 1.73389e-20 5.50465e-18 1.77928e-20 5.56032e-18 1.82464e-20 5.61117e-18 1.87e-20 5.65967e-18 1.91534e-20 5.70837e-18 1.96068e-20 5.75983e-18 2.00599e-20 5.80634e-18 2.0513e-20 5.85301e-18 2.09659e-20 5.89986e-18 2.14188e-20 5.94426e-18 2.18715e-20 5.98882e-18 2.2324e-20 6.0309e-18 2.27765e-20 6.07575e-18 2.32288e-20 6.1181e-18 2.3681e-20 6.16059e-18 2.41331e-20 6.20054e-18 2.4585e-20 6.24328e-18 2.50368e-20 6.28079e-18 2.54885e-20 6.32379e-18 2.59401e-20 6.36152e-18 2.63916e-20 6.39935e-18 2.68429e-20 6.43728e-18 2.72941e-20
50 2.99251e-23 2.99251e-23 5.22201e-33 1.74503e-10 0 9.42202e-26 1.19881e-25 7.22668e-23 9.98017e-25 6.58994e-21 8.09786e-24 6.30748e-20 4.0246e-23 1.39877e-19 8.04846e-23 2.13462e-19 1.20722e-22 2.83121e-19 1.60958e-22 3.4902e-19 2.01192e-22 6.32907e-19 4.02346e-22 1.05968e-18 8.04555e-22 1.38244e-18 1.20663e-21 1.64216e-18 1.60858e-21 1.86321e-18 2.0104e-21 2.05312e-18 2.41208e-21 2.22169e-18 2.81364e-21 2.37237e-18 3.21507e-21 2.5101e-18 3.61636e-21 2.63792e-18 4.01753e-21 2.7532e-18 4.41857e-21 2.86292e-18 4.81948e-21 2.96496e-18 5.22026e-21 3.06047e-18 5.62091e-21 3.15242e-18 6.02143e-21 3.23886e-18 6.42182e-21 3.32126e-18 6.82209e-21 3.39942e-18 7.22222e-21 3.47492e-18 7.62223e-21 3.54586e-18 8.02211e-21 3.61749e-18 8.42187e-21 3.68253e-18 8.82149e-21 3.74812e-18 9.22099e-21 3.81057e-18 9.62036e-21 3.86978e-18 1.00196e-20 3.92942e-18 1.04187e-20 3.98572e-18 1.08177e-20 4.0405e-18 1.12166e-20 4.09371e-18 1.16153e-20 4.14533e-18 1.20139e-20 4.19531e-18 1.24124e-20 4.24557e-18 1.28107e-20 4.29415e-18 1.3209e-20 4.34299e-18 1.36071e-20 4.38617e-18 1.40051e-20 4.4335e-18 1.44029e-20 4.47708e-18 1.48006e-20 4.52086e-18 1.51982e-20 4.56082e-18 1.55957e-20 4.60497e-18 1.59931e-20 4.64526e-18 1.63903e-20 4.68368e-18 1.67874e-20 4.72225e-18 1.71844e-20 4.76299e-18 1.75812e-20 4.7998e-18 1.7978e-20 4.83673e-18 1.83746e-20 4.87378e-18 1.87711e-20 4.90889e-18 1.91674e-20 4.94412e-18 1.95637e-20 4.97737e-18 1.99598e-20 5.0128e-18 2.03558e-20 5.04625e-18 2.07516e-20 5.0798e-18 2.11474e-20 5.11134e-18 2.1543e-20 5.14508e-18 2.19385e-20 5.17467e-18 2.23339e-20 5.20859e-18 2.27291e-20 5.23834e-18 2.31242e-20 5.26817e-18 2.35192e-20 5.29807e-18 2.39141e-20
52.5665 2.67986e-23 2.67986e-23 4.25054e-33 1.5861e-10 0 1.82387e-25 1.05514e-25 1.01144e-22 8.7396e-25 7.39957e-21 7.08394e-24 6.34435e-20 3.52041e-23 1.35364e-19 7.0401e-23 2.02402e-19 1.05596e-22 2.6483e-19 1.40791e-22 3.23211e-19 1.75984e-22 5.69732e-19 3.51928e-22 9.31106e-19 7.0372e-22 1.19984e-18 1.05538e-21 1.41405e-18 1.40691e-21 1.5952e-18 1.75831e-21 1.75009e-18 2.10958e-21 1.88708e-18 2.46072e-21 2.00915e-18 2.81173e-21 2.12046e-18 3.16261e-21 2.22353e-18 3.51336e-21 2.3163e-18 3.86399e-21 2.40446e-18 4.21448e-21 2.48633e-18 4.56484e-21 2.56285e-18 4.91508e-21 2.63643e-18 5.26519e-21 2.70553e-18 5.61516e-21 2.77132e-18 5.96502e-21 2.83367e-18 6.31474e-21 2.89385e-18 6.66433e-21 2.95034e-18 7.0138e-21 3.00734e-18 7.36314e-21 3.05906e-18 7.71235e-21 3.11118e-18 8.06144e-21 3.16076e-18 8.4104e-21 3.20775e-18 8.75923e-21 3.25506e-18 9.10794e-21 3.29968e-18 9.45652e-21 3.34308e-18 9.80497e-21 3.38521e-18 1.01533e-20 3.42606e-18 1.05015e-20 3.4656e-18 1.08496e-20 3.50534e-18 1.11975e-20 3.54374e-18 1.15454e-20 3.58232e-18 1.18931e-20 3.61642e-18 1.22406e-20 3.65378e-18 1.25881e-20 3.68817e-18 1.29354e-20 3.7227e-18 1.32826e-20 3.75422e-18 1.36297e-20 3.78901e-18 1.39766e-20 3.82076e-18 1.43235e-20 3.85103e-18 1.46702e-20 3.8814e-18 1.50168e-20 3.91348e-18 1.53632e-20 3.94244e-18 1.57096e-20 3.9715e-18 1.60558e-20 4.00064e-18 1.64019e-20 4.02825e-18 1.67478e-20 4.05594e-18 1.70937e-20 4.08207e-18 1.74394e-20 4.10992e-18 1.7785e-20 4.13619e-18 1.81305e-20 4.16254e-18 1.84758e-20 4.1873e-18 1.88211e-20 4.21378e-18 1.91662e-20 4.23701e-18 1.95112e-20 4.26362e-18 1.9856e-20 4.28697e-18 2.02008e-20 4.31036e-18 2.05454e-20 4.33381e-18 2.08899e-20
55.2648 2.40517e-23 2.40517e-23 3.49941e-33 1.45495e-10 0 3.36625e-25 9.27403e-26 1.37127e-22 7.64184e-25 8.13568e-21 6.1876e-24 6.28273e-20 3.07472e-23 1.29224e-19 6.14874e-23 1.89515e-19 9.22263e-23 2.44795e-19 1.22964e-22 2.95934e-19 1.537e-22 5.07844e-19 3.07362e-22 8.11196e-19 6.14587e-22 1.03324e-18 9.21682e-22 1.20868e-18 1.22865e-21 1.35615e-18 1.53548e-21 1.48169e-18 1.84219e-21 1.59234e-18 2.14877e-21 1.69066e-18 2.45521e-21 1.78009e-18 2.76153e-21 1.86275e-18 3.06772e-21 1.93702e-18 3.37378e-21 2.00748e-18 3.67971e-21 2.07282e-18 3.98552e-21 2.13382e-18 4.2912e-21 2.19241e-18 4.59674e-21 2.24737e-18 4.90217e-21 2.29965e-18 5.20746e-21 2.34915e-18 5.51263e-21 2.39688e-18 5.81767e-21 2.44167e-18 6.12258e-21 2.48681e-18 6.42737e-21 2.52775e-18 6.73203e-21 2.56898e-18 7.03656e-21 2.60818e-18 7.34097e-21 2.64531e-18 7.64526e-21 2.68266e-18 7.94941e-21 2.71788e-18 8.25345e-21 2.75211e-18 8.55735e-21 2.78533e-18 8.86114e-21 2.81753e-18 9.16479e-21 2.84868e-18 9.46833e-21 2.87997e-18 9.77174e-21 2.91019e-18 1.0075e-20 2.94055e-18 1.03782e-20 2.96737e-18 1.06812e-20 2.99674e-18 1.09841e-20 3.02377e-18 1.12869e-20 3.0509e-18 1.15896e-20 3.07565e-18 1.18921e-20 3.10297e-18 1.21946e-20 3.1279e-18 1.24969e-20 3.15165e-18 1.2799e-20 3.17547e-18 1.31011e-20 3.20063e-18 1.3403e-20 3.22334e-18 1.37048e-20 3.24611e-18 1.40065e-20 3.26895e-18 1.43081e-20 3.29058e-18 1.46095e-20 3.31227e-18 1.49109e-20 3.33273e-18 1.52121e-20 3.35453e-18 1.55131e-20 3.37509e-18 1.58141e-20 3.39571e-18 1.61149e-20 3.41508e-18 1.64157e-20 3.4358e-18 1.67163e-20 3.45396e-18 1.70168e-20 3.47477e-18 1.73171e-20 3.49301e-18 1.76174e-20 3.51129e-18 1.79175e-20 3.52962e-18 1.82175e-20
58.1015 2.16516e-23 2.16516e-23 2.87304e-33 1.32694e-10 0 5.94313e-25 8.14663e-26 1.80536e-22 6.67756e-25 8.7759e-21 5.401e-24 6.13595e-20 2.68362e-23 1.21889e-19 5.36656e-23 1.75508e-19 8.04937e-23 2.23952e-19 1.0732e-22 2.6831e-19 1.34146e-22 4.48904e-19 2.68254e-22 7.01728e-19 5.36373e-22 8.84066e-19 8.04362e-22 1.02694e-18 1.07222e-21 1.14637e-18 1.33995e-21 1.24762e-18 1.60755e-21 1.33657e-18 1.87503e-21 1.41541e-18 2.14237e-21 1.48696e-18 2.40959e-21 1.55297e-18 2.67668e-21 1.61218e-18 2.94364e-21 1.66827e-18 3.21047e-21 1.72022e-18 3.47718e-21 1.76867e-18 3.74376e-21 1.81514e-18 4.01021e-21 1.8587e-18 4.27654e-21 1.9001e-18 4.54274e-21 1.93927e-18 4.80881e-21 1.97701e-18 5.07476e-21 2.01238e-18 5.34059e-21 2.04803e-18 5.60628e-21 2.08033e-18 5.87186e-21 2.11283e-18 6.13731e-21 2.14373e-18 6.40263e-21 2.17297e-18 6.66783e-21 2.20237e-18 6.9329e-21 2.23009e-18 7.19785e-21 2.25701e-18 7.46268e-21 2.28313e-18 7.72738e-21 2.30843e-18 7.99196e-21 2.3329e-18 8.25642e-21 2.35747e-18 8.52076e-21 2.38119e-18 8.78497e-21 2.40501e-18 9.04906e-21 2.42605e-18 9.31302e-21 2.44908e-18 9.57687e-21 2.47026e-18 9.84059e-21 2.49152e-18 1.01042e-20 2.51091e-18 1.03677e-20 2.53231e-18 1.0631e-20 2.55182e-18 1.08943e-20 2.57041e-18 1.11574e-20 2.58905e-18 1.14204e-20 2.60873e-18 1.16833e-20 2.62649e-18 1.1946e-20 2.64429e-18 1.22087e-20 2.66215e-18 1.24712e-20 2.67905e-18 1.27336e-20 2.69599e-18 1.29958e-20 2.71198e-18 1.3258e-20 2.729e-18 1.352e-20 2.74506e-18 1.3782e-20 2.76115e-18 1.40438e-20 2.77627e-18 1.43055e-20 2.79244e-18 1.4567e-20 2.80661e-18 1.48285e-20 2.82284e-18 1.50898e-20 2.83707e-18 1.5351e-20 2.85132e-18 1.56121e-20 2.86561e-18 1.58731e-20
61.0839 1.94505e-23 1.94505e-23 2.35179e-33 1.20912e-10 0 1.0009e-24 7.11596e-26 2.30003e-22 5.80175e-25 9.25041e-21 4.68746e-24 5.88502e-20 2.32888e-23 1.1311e-19 4.65712e-23 1.60058e-19 6.98523e-23 2.01893e-19 9.3132e-23 2.3983e-19 1.16411e-22 3.91744e-19 2.32784e-22 6.00017e-19 4.65434e-22 7.48154e-19 6.97956e-22 8.63332e-19 9.30351e-22 9.59114e-19 1.16262e-21 1.04001e-18 1.39476e-21 1.11086e-18 1.62677e-21 1.1735e-18 1.85866e-21 1.23024e-18 2.09042e-21 1.28249e-18 2.32205e-21 1.32929e-18 2.55356e-21 1.37357e-18 2.78494e-21 1.41453e-18 3.0162e-21 1.45268e-18 3.24733e-21 1.48925e-18 3.47833e-21 1.52349e-18 3.70922e-21 1.55601e-18 3.93997e-21 1.58675e-18 4.17061e-21 1.61634e-18 4.40112e-21 1.64407e-18 4.6315e-21 1.67199e-18 4.86177e-21 1.69727e-18 5.09191e-21 1.72271e-18 5.32193e-21 1.74686e-18 5.55182e-21 1.76972e-18 5.78159e-21 1.79269e-18 6.01124e-21 1.81433e-18 6.24077e-21 1.83534e-18 6.47018e-21 1.85572e-18 6.69947e-21 1.87545e-18 6.92863e-21 1.89453e-18 7.15768e-21 1.91368e-18 7.3866e-21 1.93216e-18 7.6154e-21 1.95071e-18 7.84409e-21 1.96709e-18 8.07265e-21 1.98501e-18 8.3011e-21 2.0015e-18 8.52942e-21 2.01803e-18 8.75763e-21 2.03311e-18 8.98571e-21 2.04974e-18 9.21368e-21 2.06491e-18 9.44153e-21 2.07935e-18 9.66926e-21 2.09383e-18 9.89687e-21 2.10912e-18 1.01244e-20 2.12291e-18 1.03517e-20 2.13673e-18 1.0579e-20 2.15058e-18 1.08062e-20 2.1637e-18 1.10332e-20 2.17684e-18 1.12601e-20 2.18924e-18 1.14869e-20 2.20244e-18 1.17136e-20 2.21489e-18 1.19401e-20 2.22737e-18 1.21666e-20 2.23909e-18 1.23929e-20 2.25161e-18 1.26191e-20 2.26259e-18 1.28452e-20 2.27516e-18 1.30712e-20 2.28618e-18 1.32971e-20 2.29722e-18 1.35228e-20 2.30828e-18 1.37485e-20
64.2193 1.74472e-23 1.74472e-23 1.91998e-33 1.10045e-10 0 1.61246e-24 6.18457e-26 2.84148e-22 5.01544e-25 9.5436e-21 4.04764e-24 5.55087e-20 2.01082e-23 1.03401e-19 4.02104e-23 1.43931e-19 6.03113e-23 1.79577e-19 8.04109e-23 2.11609e-19 1.00509e-22 3.37905e-19 2.00982e-22 5.07698e-19 4.01833e-22 6.26909e-19 6.02558e-22 7.18932e-19 8.03158e-22 7.95089e-19 1.00363e-21 8.59178e-19 1.20398e-21 9.15158e-19 1.40421e-21 9.6454e-19 1.60431e-21 1.00919e-18 1.80428e-21 1.05023e-18 2.00414e-21 1.08694e-18 2.20387e-21 1.12163e-18 2.40347e-21 1.15369e-18 2.60296e-21 1.18352e-18 2.80232e-21 1.21208e-18 3.00156e-21 1.23881e-18 3.20067e-21 1.26416e-18 3.39967e-21 1.28812e-18 3.59854e-21 1.31117e-18 3.7973e-21 1.33275e-18 3.99593e-21 1.35447e-18 4.19444e-21 1.37413e-18 4.39283e-21 1.39389e-18 4.5911e-21 1.41265e-18 4.78925e-21 1.4304e-18 4.98729e-21 1.44822e-18 5.1852e-21 1.46501e-18 5.383e-21 1.4813e-18 5.58067e-21 1.4971e-18 5.77823e-21 1.51238e-18 5.97567e-21 1.52716e-18 6.17299e-21 1.54199e-18 6.3702e-21 1.55629e-18 6.56728e-21 1.57064e-18 6.76425e-21 1.58331e-18 6.96111e-21 1.59718e-18 7.15784e-21 1.60992e-18 7.35446e-21 1.6227e-18 7.55097e-21 1.63435e-18 7.74736e-21 1.6472e-18 7.94363e-21 1.65892e-18 8.13979e-21 1.67007e-18 8.33584e-21 1.68125e-18 8.53176e-21 1.69304e-18 8.72758e-21 1.70369e-18 8.92328e-21 1.71435e-18 9.11887e-21 1.72504e-18 9.31434e-21 1.73515e-18 9.5097e-21 1.74529e-18 9.70494e-21 1.75484e-18 9.90008e-21 1.76502e-18 1.00951e-20 1.77461e-18 1.029e-20 1.78422e-18 1.04848e-20 1.79325e-18 1.06795e-20 1.8029e-18 1.08741e-20 1.81135e-18 1.10685e-20 1.82103e-18 1.12629e-20 1.82952e-18 1.14571e-20 1.83801e-18 1.16512e-20 1.84652e-18 1.18452e-20
67.5157 1.57272e-23 1.57272e-23 1.56371e-33 9.9427e-11 0 2.50609e-24 5.3828e-26 3.4308e-22 4.34194e-25 9.70851e-21 3.50012e-24 5.18608e-20 1.73867e-23 9.37855e-20 3.47676e-23 1.28528e-19 5.21473e-23 1.5871e-19 6.95257e-23 1.85603e-19 8.69029e-23 2.90106e-19 1.7377e-22 4.28053e-19 3.47412e-22 5.2374e-19 5.20929e-22 5.97111e-19 6.94324e-22 6.57561e-19 8.67595e-22 7.08264e-19 1.04074e-21 7.52437e-19 1.21377e-21 7.91324e-19 1.38667e-21 8.2642e-19 1.55946e-21 8.58635e-19 1.73212e-21 8.87413e-19 1.90466e-21 9.14576e-19 2.07708e-21 9.3965e-19 2.24937e-21 9.62961e-19 2.42155e-21 9.85264e-19 2.59361e-21 1.00611e-18 2.76555e-21 1.02589e-18 2.93737e-21 1.04455e-18 3.10907e-21 1.0625e-18 3.28066e-21 1.0793e-18 3.45212e-21 1.09619e-18 3.62347e-21 1.11147e-18 3.7947e-21 1.12683e-18 3.96581e-21 1.1414e-18 4.13681e-21 1.15518e-18 4.30769e-21 1.16901e-18 4.47845e-21 1.18204e-18 4.6491e-21 1.19467e-18 4.81963e-21 1.20692e-18 4.99004e-21 1.21877e-18 5.16034e-21 1.23021e-18 5.33053e-21 1.2417e-18 5.5006e-21 1.25277e-18 5.67056e-21 1.26388e-18 5.8404e-21 1.27369e-18 6.01013e-21 1.28441e-18 6.17975e-21 1.29427e-18 6.34925e-21 1.30415e-18 6.51864e-21 1.31316e-18 6.68792e-21 1.32309e-18 6.85709e-21 1.33214e-18 7.02614e-21 1.34076e-18 7.19508e-21 1.3494e-18 7.36391e-21 1.3585e-18 7.53263e-21 1.36672e-18 7.70124e-21 1.37495e-18 7.86974e-21 1.3832e-18 8.03813e-21 1.39101e-18 8.20641e-21 1.39883e-18 8.37457e-21 1.4062e-18 8.54263e-21 1.41404e-18 8.71058e-21 1.42144e-18 8.87842e-21 1.42885e-18 9.04615e-21 1.43581e-18 9.21378e-21 1.44325e-18 9.38129e-21 1.44976e-18 9.5487e-21 1.45722e-18 9.716e-21 1.46376e-18 9.88319e-21 1.4703e-18 1.00503e-20 1.47686e-18 1.02172e-20
70.9813 1.41174e-23 1.41174e-23 1.28405e-33 9.09555e-11 0 3.73095e-24 4.64948e-26 4.01715e-22 3.7305e-25 9.65909e-21 3.00376e-24 4.75942e-20 1.49197e-23 8.36884e-20 2.9834e-23 1.13013e-19 4.47471e-23 1.38197e-19 5.9659e-23 1.60456e-19 7.45697e-23 2.45792e-19 1.49105e-22 3.56531e-19 2.98085e-22 4.32484e-19 4.46943e-22 4.90364e-19 5.95682e-22 5.37852e-19 7.443e-22 5.77561e-19 8.92799e-22 6.12075e-19 1.04118e-21 6.424e-19 1.18944e-21 6.69724e-19 1.33758e-21 6.94772e-19 1.4856e-21 7.17119e-19 1.63351e-21 7.38191e-19 1.7813e-21 7.57623e-19 1.92897e-21 7.75674e-19 2.07653e-21 7.92931e-19 2.22397e-21 8.09053e-19 2.37129e-21 8.24331e-19 2.5185e-21 8.38744e-19 2.66559e-21 8.52597e-19 2.81256e-21 8.65554e-19 2.95943e-21 8.78578e-19 3.10618e-21 8.90356e-19 3.25281e-21 9.02187e-19 3.39933e-21 9.13409e-19 3.54574e-21 9.24014e-19 3.69204e-21 9.34659e-19 3.83822e-21 9.44676e-19 3.98429e-21 9.54392e-19 4.13025e-21 9.63804e-19 4.27609e-21 9.72909e-19 4.42183e-21 9.81703e-19 4.56746e-21 9.90523e-19 4.71297e-21 9.99028e-19 4.85837e-21 1.00756e-18 5.00367e-21 1.01508e-18 5.14885e-21 1.02331e-18 5.29393e-21 1.03087e-18 5.4389e-21 1.03845e-18 5.58375e-21 1.04535e-18 5.7285e-21 1.05297e-18 5.87314e-21 1.0599e-18 6.01768e-21 1.06651e-18 6.1621e-21 1.07312e-18 6.30642e-21 1.0801e-18 6.45063e-21 1.08639e-18 6.59474e-21 1.09269e-18 6.73874e-21 1.09901e-18 6.88263e-21 1.10498e-18 7.02642e-21 1.11096e-18 7.1701e-21 1.11661e-18 7.31367e-21 1.12261e-18 7.45715e-21 1.12827e-18 7.60051e-21 1.13394e-18 7.74377e-21 1.13926e-18 7.88693e-21 1.14494e-18 8.02999e-21 1.14992e-18 8.17294e-21 1.15562e-18 8.31578e-21 1.16062e-18 8.45853e-21 1.16562e-18 8.60117e-21 1.17063e-18 8.74371e-21
74.6248 1.27617e-23 1.27617e-23 1.05502e-33 8.26705e-11 0 5.39093e-24 4.03103e-26 4.61912e-22 3.21727e-25 9.51347e-21 2.58749e-24 4.34209e-20 1.28509e-23 7.43505e-20 2.56968e-23 9.90155e-20 3.85415e-23 1.19969e-19 5.13851e-23 1.38351e-19 6.42274e-23 2.0794e-19 1.28421e-22 2.96818e-19 2.5672e-22 3.57144e-19 3.849e-22 4.0285e-19 5.12963e-22 4.40207e-19 6.40908e-22 4.71356e-19 7.68736e-22 4.98371e-19 8.96447e-22 5.22064e-19 1.02404e-21 5.43381e-19 1.15152e-21 5.62897e-19 1.27889e-21 5.80291e-19 1.40614e-21 5.96675e-19 1.53327e-21 6.11771e-19 1.66029e-21 6.25784e-19 1.7872e-21 6.3917e-19 1.91399e-21 6.51668e-19 2.04067e-21 6.63504e-19 2.16724e-21 6.74665e-19 2.2937e-21 6.85386e-19 2.42004e-21 6.95409e-19 2.54628e-21 7.05479e-19 2.6724e-21 7.14582e-19 2.79841e-21 7.23723e-19 2.92431e-21 7.32389e-19 3.0501e-21 7.40576e-19 3.17579e-21 7.48791e-19 3.30136e-21 7.56519e-19 3.42682e-21 7.64013e-19 3.55218e-21 7.7127e-19 3.67743e-21 7.78288e-19 3.80257e-21 7.85065e-19 3.9276e-21 7.9186e-19 4.05253e-21 7.98411e-19 4.17735e-21 8.04978e-19 4.30206e-21 8.1077e-19 4.42667e-21 8.17103e-19 4.55117e-21 8.22922e-19 4.67556e-21 8.28753e-19 4.79986e-21 8.34065e-19 4.92404e-21 8.3992e-19 5.04812e-21 8.45253e-19 5.1721e-21 8.50329e-19 5.29598e-21 8.55413e-19 5.41975e-21 8.60775e-19 5.54342e-21 8.6561e-19 5.66698e-21 8.70452e-19 5.79044e-21 8.75302e-19 5.9138e-21 8.7989e-19 6.03706e-21 8.84485e-19 6.16022e-21 8.88816e-19 6.28328e-21 8.93425e-19 6.40623e-21 8.97768e-19 6.52909e-21 9.02118e-19 6.65184e-21 9.06202e-19 6.7745e-21 9.10563e-19 6.89705e-21 9.14384e-19 7.01951e-21 9.18757e-19 7.14186e-21 9.22588e-19 7.26412e-21 9.26424e-19 7.38628e-21 9.30264e-19 7.50834e-21
78.4553 1.151e-23 1.151e-23 8.64189e-34 7.50813e-11 0 7.50354e-24 3.47567e-26 5.1738e-22 2.75964e-25 9.19799e-21 2.21681e-24 3.9042e-20 1.10089e-23 6.51958e-20 2.20132e-23 8.56904e-20 3.30164e-23 1.02925e-19 4.40184e-23 1.17939e-19 5.50192e-23 1.74116e-19 1.10006e-22 2.4481e-19 2.19893e-22 2.9233e-19 3.29664e-22 3.28142e-19 4.39321e-22 3.57309e-19 5.48863e-22 3.81565e-19 6.58292e-22 4.0256e-19 7.67607e-22 4.20943e-19 8.7681e-22 4.3746e-19 9.859e-22 4.52563e-19 1.09488e-21 4.6601e-19 1.20374e-21 4.78666e-19 1.3125e-21 4.90318e-19 1.42115e-21 5.01125e-19 1.52968e-21 5.11443e-19 1.63811e-21 5.2107e-19 1.74642e-21 5.30182e-19 1.85463e-21 5.3877e-19 1.96273e-21 5.47016e-19 2.07072e-21 5.54721e-19 2.17861e-21 5.6246e-19 2.28638e-21 5.69453e-19 2.39405e-21 5.76471e-19 2.50162e-21 5.83124e-19 2.60907e-21 5.89406e-19 2.71643e-21 5.95709e-19 2.82367e-21 6.01635e-19 2.93082e-21 6.0738e-19 3.03785e-21 6.12943e-19 3.14479e-21 6.18321e-19 3.25162e-21 6.23513e-19 3.35835e-21 6.28717e-19 3.46497e-21 6.33733e-19 3.57149e-21 6.3876e-19 3.67791e-21 6.43194e-19 3.78423e-21 6.48041e-19 3.89045e-21 6.52493e-19 3.99657e-21 6.56953e-19 4.10258e-21 6.61016e-19 4.2085e-21 6.65493e-19 4.31431e-21 6.6957e-19 4.42003e-21 6.7345e-19 4.52565e-21 6.77336e-19 4.63116e-21 6.81434e-19 4.73658e-21 6.85127e-19 4.8419e-21 6.88827e-19 4.94713e-21 6.92531e-19 5.05225e-21 6.96035e-19 5.15728e-21 6.99544e-19 5.26221e-21 7.02851e-19 5.36704e-21 7.06369e-19 5.47178e-21 7.09685e-19 5.57642e-21 7.13005e-19 5.68097e-21 7.16121e-19 5.78542e-21 7.19449e-19 5.88978e-21 7.22364e-19 5.99404e-21 7.257e-19 6.09821e-21 7.28622e-19 6.20228e-21 7.31548e-19 6.30626e-21 7.34476e-19 6.41014e-21
82.4824 1.03596e-23 1.03596e-23 7.05946e-34 6.8144e-11 0 1.008e-23 2.98128e-26 5.65288e-22 2.35506e-25 8.73874e-21 1.88955e-24 3.46283e-20 9.38284e-24 5.64708e-20 1.87614e-23 7.33082e-20 2.81389e-23 8.73337e-20 3.75153e-23 9.94728e-20 4.68905e-23 1.44399e-19 9.37498e-23 2.00165e-19 1.87384e-22 2.37314e-19 2.80907e-22 2.65173e-19 3.74319e-22 2.87788e-19 4.6762e-22 3.06551e-19 5.60811e-22 3.22761e-19 6.53893e-22 3.36932e-19 7.46865e-22 3.4965e-19 8.39729e-22 3.61266e-19 9.32485e-22 3.71599e-19 1.02513e-21 3.81316e-19 1.11768e-21 3.90255e-19 1.21011e-21 3.98541e-19 1.30244e-21 4.06447e-19 1.39466e-21 4.13819e-19 1.48678e-21 4.20794e-19 1.5788e-21 4.27364e-19 1.67071e-21 4.33671e-19 1.76251e-21 4.39561e-19 1.85422e-21 4.45474e-19 1.94582e-21 4.50816e-19 2.03732e-21 4.56175e-19 2.12871e-21 4.61254e-19 2.22001e-21 4.66048e-19 2.3112e-21 4.70856e-19 2.4023e-21 4.75377e-19 2.49329e-21 4.79758e-19 2.58418e-21 4.83998e-19 2.67498e-21 4.88097e-19 2.76567e-21 4.92053e-19 2.85627e-21 4.96018e-19 2.94677e-21 4.99839e-19 3.03717e-21 5.03667e-19 3.12747e-21 5.07043e-19 3.21768e-21 5.10732e-19 3.30779e-21 5.1412e-19 3.39781e-21 5.17515e-19 3.48773e-21 5.20605e-19 3.57755e-21 5.24011e-19 3.66728e-21 5.27112e-19 3.75691e-21 5.30063e-19 3.84645e-21 5.33018e-19 3.93589e-21 5.36133e-19 4.02524e-21 5.3894e-19 4.1145e-21 5.41752e-19 4.20367e-21 5.44567e-19 4.29274e-21 5.4723e-19 4.38172e-21 5.49895e-19 4.47061e-21 5.52407e-19 4.55941e-21 5.5508e-19 4.64811e-21 5.57598e-19 4.73673e-21 5.60119e-19 4.82525e-21 5.62485e-19 4.91369e-21 5.65012e-19 5.00203e-21 5.67225e-19 5.09029e-21 5.69757e-19 5.17845e-21 5.71975e-19 5.26653e-21 5.74195e-19 5.35451e-21 5.76417e-19 5.44241e-21
86.7162 9.34463e-24 9.34463e-24 5.75266e-34 6.15611e-11 0 1.31465e-23 2.5551e-26 6.05728e-22 2.00835e-25 8.1998e-21 1.60942e-24 3.04455e-20 7.99109e-24 4.85509e-20 1.59783e-23 6.22946e-20 2.39644e-23 7.36421e-20 3.19495e-23 8.34039e-20 3.99334e-23 1.19168e-19 7.98368e-23 1.63001e-19 1.59562e-22 1.91958e-19 2.39179e-22 2.13576e-19 3.18689e-22 2.31072e-19 3.98092e-22 2.45555e-19 4.77388e-22 2.58046e-19 5.56579e-22 2.68952e-19 6.35664e-22 2.78727e-19 7.14645e-22 2.87647e-19 7.93522e-22 2.95575e-19 8.72296e-22 3.03024e-19 9.50967e-22 3.09872e-19 1.02953e-21 3.16217e-19 1.108e-21 3.22267e-19 1.18637e-21 3.27905e-19 1.26463e-21 3.33238e-19 1.34279e-21 3.38259e-19 1.42086e-21 3.43076e-19 1.49882e-21 3.47574e-19 1.57669e-21 3.52088e-19 1.65446e-21 3.56163e-19 1.73213e-21 3.60252e-19 1.8097e-21 3.64125e-19 1.88718e-21 3.6778e-19 1.96456e-21 3.71445e-19 2.04184e-21 3.7489e-19 2.11903e-21 3.78227e-19 2.19612e-21 3.81457e-19 2.27312e-21 3.84579e-19 2.35002e-21 3.87591e-19 2.42683e-21 3.90609e-19 2.50355e-21 3.93516e-19 2.58017e-21 3.96429e-19 2.6567e-21 3.98998e-19 2.73314e-21 4.01804e-19 2.80949e-21 4.04381e-19 2.88574e-21 4.06962e-19 2.96191e-21 4.09312e-19 3.03798e-21 4.11901e-19 3.11397e-21 4.14258e-19 3.18986e-21 4.165e-19 3.26567e-21 4.18745e-19 3.34138e-21 4.21112e-19 3.41701e-21 4.23245e-19 3.49255e-21 4.2538e-19 3.568e-21 4.27519e-19 3.64337e-21 4.2954e-19 3.71864e-21 4.31564e-19 3.79383e-21 4.33471e-19 3.86894e-21 4.355e-19 3.94395e-21 4.37411e-19 4.01889e-21 4.39325e-19 4.09373e-21 4.4112e-19 4.16849e-21 4.43038e-19 4.24317e-21 4.44717e-19 4.31776e-21 4.46638e-19 4.39227e-21 4.4832e-19 4.46669e-21 4.50004e-19 4.54103e-21 4.5169e-19 4.61529e-21
91.1674 8.42456e-24 8.42456e-24 4.71133e-34 5.59238e-11 0 1.66266e-23 2.18229e-26 6.35496e-22 1.70701e-25 7.58408e-21 1.36626e-24 2.64782e-20 6.78312e-24 4.13424e-20 1.35627e-23 5.24647e-20 2.03412e-23 6.15724e-20 2.71187e-23 6.93633e-20 3.38952e-23 9.76407e-20 6.77615e-23 1.31891e-19 1.35415e-22 1.54346e-19 2.02965e-22 1.71039e-19 2.70411e-22 1.84512e-19 3.37754e-22 1.95642e-19 4.04995e-22 2.05226e-19 4.72134e-22 2.13583e-19 5.39172e-22 2.21066e-19 6.0611e-22 2.27888e-19 6.72948e-22 2.33946e-19 7.39686e-22 2.39635e-19 8.06326e-22 2.44862e-19 8.72868e-22 2.49701e-19 9.39313e-22 2.54313e-19 1.00566e-21 2.58611e-19 1.07191e-21 2.62672e-19 1.13807e-21 2.66495e-19 1.20413e-21 2.70162e-19 1.27009e-21 2.73584e-19 1.33596e-21 2.77018e-19 1.40174e-21 2.80117e-19 1.46743e-21 2.83225e-19 1.53302e-21 2.86169e-19 1.59852e-21 2.88946e-19 1.66393e-21 2.9173e-19 1.72924e-21 2.94346e-19 1.79447e-21 2.9688e-19 1.85961e-21 2.99332e-19 1.92465e-21 3.01701e-19 1.98961e-21 3.03987e-19 2.05448e-21 3.06277e-19 2.11926e-21 3.08482e-19 2.18395e-21 3.10692e-19 2.24855e-21 3.12639e-19 2.31307e-21 3.14767e-19 2.3775e-21 3.1672e-19 2.44185e-21 3.18677e-19 2.50611e-21 3.20458e-19 2.57028e-21 3.22419e-19 2.63437e-21 3.24205e-19 2.69837e-21 3.25904e-19 2.76229e-21 3.27605e-19 2.82613e-21 3.29397e-19 2.88988e-21 3.31012e-19 2.95355e-21 3.32629e-19 3.01713e-21 3.34248e-19 3.08064e-21 3.35779e-19 3.14406e-21 3.37311e-19 3.2074e-21 3.38755e-19 3.27066e-21 3.4029e-19 3.33384e-21 3.41736e-19 3.39694e-21 3.43184e-19 3.45996e-21 3.44542e-19 3.5229e-21 3.45993e-19 3.58575e-21 3.47263e-19 3.64854e-21 3.48716e-19 3.71124e-21 3.49989e-19 3.77386e-21 3.51262e-19 3.83641e-21 3.52537e-19 3.89887e-21
95.847 7.61282e-24 7.61282e-24 3.87395e-34 5.08872e-11 0 2.04798e-23 1.863e-26 6.55339e-22 1.45039e-25 6.93924e-21 1.15943e-24 2.28573e-20 5.75576e-24 3.49859e-20 1.15083e-23 4.39402e-20 1.72598e-23 5.12167e-20 2.30104e-23 5.74086e-20 2.87598e-23 7.96885e-20 5.74921e-23 1.06383e-19 1.14881e-22 1.2376e-19 1.72168e-22 1.36629e-19 2.29356e-22 1.46989e-19 2.86445e-22 1.55532e-19 3.43436e-22 1.62877e-19 4.00329e-22 1.69275e-19 4.57124e-22 1.74997e-19 5.13824e-22 1.8021e-19 5.70428e-22 1.84836e-19 6.26936e-22 1.89177e-19 6.83351e-22 1.93164e-19 7.39672e-22 1.96853e-19 7.95899e-22 2.00367e-19 8.52034e-22 2.0364e-19 9.08078e-22 2.06732e-19 9.6403e-22 2.09641e-19 1.01989e-21 2.12431e-19 1.07566e-21 2.15034e-19 1.13134e-21 2.17644e-19 1.18694e-21 2.2e-19 1.24244e-21 2.22362e-19 1.29786e-21 2.24599e-19 1.35318e-21 2.26708e-19 1.40843e-21 2.28822e-19 1.46358e-21 2.30809e-19 1.51865e-21 2.32732e-19 1.57363e-21 2.34593e-19 1.62853e-21 2.36391e-19 1.68335e-21 2.38125e-19 1.73808e-21 2.39862e-19 1.79273e-21 2.41535e-19 1.84729e-21 2.4321e-19 1.90177e-21 2.44687e-19 1.95617e-21 2.463e-19 2.01049e-21 2.47781e-19 2.06473e-21 2.49263e-19 2.11888e-21 2.50613e-19 2.17296e-21 2.521e-19 2.22695e-21 2.53453e-19 2.28087e-21 2.54739e-19 2.33471e-21 2.56028e-19 2.38846e-21 2.57385e-19 2.44214e-21 2.58608e-19 2.49575e-21 2.59833e-19 2.54927e-21 2.61058e-19 2.60272e-21 2.62217e-19 2.65609e-21 2.63377e-19 2.70938e-21 2.64469e-19 2.7626e-21 2.65631e-19 2.81575e-21 2.66726e-19 2.86882e-21 2.67821e-19 2.92181e-21 2.68849e-19 2.97473e-21 2.69947e-19 3.02757e-21 2.70908e-19 3.08034e-21 2.72007e-19 3.13304e-21 2.72969e-19 3.18567e-21 2.73933e-19 3.23822e-21 2.74896e-19 3.2907e-21
100.767 6.8776e-24 6.8776e-24 3.17537e-34 4.61697e-11 0 2.45396e-23 1.58574e-26 6.63191e-22 1.22892e-25 6.26923e-21 9.81162e-25 1.9546e-20 4.87032e-24 2.9362e-20 9.73772e-24 3.6519e-20 1.46041e-23 4.22938e-20 1.94696e-23 4.71839e-20 2.4334e-23 6.46398e-20 4.86416e-23 8.53456e-20 9.71837e-23 9.87368e-20 1.45629e-22 1.08619e-19 1.93978e-22 1.16556e-19 2.42233e-22 1.23089e-19 2.90393e-22 1.287e-19 3.38459e-22 1.33581e-19 3.86433e-22 1.37943e-19 4.34314e-22 1.41914e-19 4.82104e-22 1.45436e-19 5.29804e-22 1.48738e-19 5.77413e-22 1.51769e-19 6.24934e-22 1.54573e-19 6.72366e-22 1.57243e-19 7.19709e-22 1.59728e-19 7.66966e-22 1.62076e-19 8.14136e-22 1.64284e-19 8.61219e-22 1.664e-19 9.08218e-22 1.68374e-19 9.55131e-22 1.70354e-19 1.00196e-21 1.7214e-19 1.04871e-21 1.7393e-19 1.09537e-21 1.75624e-19 1.14195e-21 1.77222e-19 1.18845e-21 1.78824e-19 1.23486e-21 1.80328e-19 1.2812e-21 1.81784e-19 1.32745e-21 1.83193e-19 1.37363e-21 1.84554e-19 1.41972e-21 1.85866e-19 1.46574e-21 1.8718e-19 1.51168e-21 1.88446e-19 1.55754e-21 1.89713e-19 1.60332e-21 1.9083e-19 1.64903e-21 1.9205e-19 1.69466e-21 1.93169e-19 1.74021e-21 1.9429e-19 1.78569e-21 1.95311e-19 1.83109e-21 1.96434e-19 1.87642e-21 1.97457e-19 1.92167e-21 1.98429e-19 1.96685e-21 1.99402e-19 2.01196e-21 2.00428e-19 2.05699e-21 2.01352e-19 2.10195e-21 2.02277e-19 2.14684e-21 2.03203e-19 2.19166e-21 2.04078e-19 2.2364e-21 2.04954e-19 2.28108e-21 2.05779e-19 2.32568e-21 2.06656e-19 2.37021e-21 2.07483e-19 2.41468e-21 2.0831e-19 2.45907e-21 2.09086e-19 2.5034e-21 2.09914e-19 2.54765e-21 2.10639e-19 2.59184e-21 2.11469e-19 2.63596e-21 2.12195e-19 2.68001e-21 2.12922e-19 2.724e-21 2.13649e-19 2.76792e-21
105.939 6.20585e-24 6.20585e-24 2.59551e-34 4.18236e-11 0 2.86149e-23 1.34462e-26 6.58593e-22 1.03748e-25 5.5909e-21 8.27269e-25 1.65498e-20 4.10604e-24 2.44265e-20 8.20945e-24 3.01031e-20 1.23119e-23 3.46533e-20 1.64134e-23 3.84892e-20 2.0514e-23 5.20814e-20 4.10028e-23 6.80557e-20 8.19103e-23 7.83251e-20 1.22725e-22 8.58791e-20 1.63448e-22 9.1933e-20 2.0408e-22 9.69089e-20 2.44622e-22 1.01176e-19 2.85075e-22 1.04886e-19 3.25439e-22 1.08198e-19 3.65716e-22 1.11211e-19 4.05906e-22 1.13881e-19 4.4601e-22 1.16384e-19 4.86029e-22 1.1868e-19 5.25963e-22 1.20803e-19 5.65813e-22 1.22824e-19 6.0558e-22 1.24705e-19 6.45265e-22 1.26481e-19 6.84867e-22 1.2815e-19 7.24389e-22 1.2975e-19 7.6383e-22 1.31242e-19 8.03191e-22 1.32738e-19 8.42472e-22 1.34087e-19 8.81675e-22 1.35439e-19 9.208e-22 1.36719e-19 9.59848e-22 1.37925e-19 9.98818e-22 1.39134e-19 1.03771e-21 1.40269e-19 1.07653e-21 1.41368e-19 1.11527e-21 1.42431e-19 1.15394e-21 1.43457e-19 1.19254e-21 1.44447e-19 1.23106e-21 1.45438e-19 1.2695e-21 1.46393e-19 1.30788e-21 1.47348e-19 1.34618e-21 1.4819e-19 1.38441e-21 1.4911e-19 1.42257e-21 1.49953e-19 1.46066e-21 1.50798e-19 1.49868e-21 1.51567e-19 1.53662e-21 1.52413e-19 1.5745e-21 1.53184e-19 1.61231e-21 1.53916e-19 1.65005e-21 1.54649e-19 1.68773e-21 1.55422e-19 1.72533e-21 1.56118e-19 1.76287e-21 1.56814e-19 1.80034e-21 1.57511e-19 1.83775e-21 1.5817e-19 1.87509e-21 1.5883e-19 1.91236e-21 1.59451e-19 1.94957e-21 1.60111e-19 1.98671e-21 1.60733e-19 2.02379e-21 1.61355e-19 2.0608e-21 1.61939e-19 2.09776e-21 1.62563e-19 2.13464e-21 1.63108e-19 2.17147e-21 1.63733e-19 2.20823e-21 1.64279e-19 2.24493e-21 1.64826e-19 2.28157e-21 1.65373e-19 2.31814e-21
111.377 5.59115e-24 5.59115e-24 2.11616e-34 3.78484e-11 0 3.25021e-23 1.13559e-26 6.42168e-22 8.725e-26 4.9233e-21 6.94825e-25 1.38777e-20 3.44836e-24 2.01454e-20 6.89433e-24 2.46141e-20 1.03394e-23 2.81743e-20 1.37836e-23 3.11632e-20 1.72269e-23 4.16823e-20 3.44297e-23 5.39404e-20 6.87685e-23 6.17775e-20 1.03019e-22 6.75253e-20 1.37182e-22 7.21226e-20 1.71258e-22 7.58959e-20 2.05249e-22 7.91284e-20 2.39155e-22 8.19355e-20 2.72977e-22 8.44404e-20 3.06717e-22 8.67174e-20 3.40374e-22 8.87343e-20 3.7395e-22 9.06241e-20 4.07446e-22 9.23569e-20 4.40862e-22 9.39584e-20 4.74198e-22 9.54824e-20 5.07457e-22 9.69e-20 5.40638e-22 9.82383e-20 5.73742e-22 9.94962e-20 6.0677e-22 1.00701e-19 6.39723e-22 1.01825e-19 6.72601e-22 1.02951e-19 7.05404e-22 1.03967e-19 7.38134e-22 1.04984e-19 7.70791e-22 1.05947e-19 8.03376e-22 1.06854e-19 8.35889e-22 1.07764e-19 8.68331e-22 1.08617e-19 9.00702e-22 1.09444e-19 9.33003e-22 1.10243e-19 9.65235e-22 1.11014e-19 9.97398e-22 1.11758e-19 1.02949e-21 1.12503e-19 1.06152e-21 1.1322e-19 1.09348e-21 1.13938e-19 1.12537e-21 1.14571e-19 1.1572e-21 1.15262e-19 1.18896e-21 1.15895e-19 1.22065e-21 1.1653e-19 1.25228e-21 1.17107e-19 1.28385e-21 1.17743e-19 1.31535e-21 1.18321e-19 1.34678e-21 1.18871e-19 1.37816e-21 1.19422e-19 1.40947e-21 1.20002e-19 1.44072e-21 1.20524e-19 1.47191e-21 1.21047e-19 1.50303e-21 1.2157e-19 1.5341e-21 1.22064e-19 1.5651e-21 1.22559e-19 1.59605e-21 1.23025e-19 1.62693e-21 1.2352e-19 1.65776e-21 1.23987e-19 1.68852e-21 1.24454e-19 1.71923e-21 1.24892e-19 1.74988e-21 1.25359e-19 1.78047e-21 1.25769e-19 1.811e-21 1.26237e-19 1.84148e-21 1.26646e-19 1.8719e-21 1.27056e-19 1.90226e-21 1.27467e-19 1.93257e-21
117.094 5.05603e-24 5.05603e-24 1.72841e-34 3.41852e-11 0 3.61934e-23 9.60329e-27 6.18557e-22 7.34854e-26 4.30605e-21 5.84449e-25 1.15907e-20 2.9003e-24 1.6565e-20 5.79845e-24 2.00763e-20 8.69574e-24 2.28581e-20 1.15922e-23 2.51845e-20 1.44877e-23 3.33212e-20 2.89526e-23 4.27293e-20 5.78183e-23 4.8714e-20 8.65995e-23 5.30913e-20 1.15297e-22 5.65862e-20 1.43913e-22 5.94509e-20 1.72447e-22 6.19025e-20 2.009e-22 6.40298e-20 2.29275e-22 6.59268e-20 2.5757e-22 6.76502e-20 2.85788e-22 6.91759e-20 3.13929e-22 7.06049e-20 3.41995e-22 7.19146e-20 3.69985e-22 7.31247e-20 3.97901e-22 7.42758e-20 4.25743e-22 7.53463e-20 4.53512e-22 7.63566e-20 4.81209e-22 7.7306e-20 5.08835e-22 7.82153e-20 5.36391e-22 7.90629e-20 5.63876e-22 7.99123e-20 5.91292e-22 8.06781e-20 6.18639e-22 8.14453e-20 6.45918e-22 8.2171e-20 6.7313e-22 8.28552e-20 7.00275e-22 8.35403e-20 7.27353e-22 8.41836e-20 7.54367e-22 8.48063e-20 7.81315e-22 8.54082e-20 8.08198e-22 8.59893e-20 8.35018e-22 8.65496e-20 8.61774e-22 8.71106e-20 8.88467e-22 8.76505e-20 9.15098e-22 8.8191e-20 9.41668e-22 8.86671e-20 9.68175e-22 8.91871e-20 9.94622e-22 8.96641e-20 1.02101e-21 9.01416e-20 1.04734e-21 9.0576e-20 1.0736e-21 9.10543e-20 1.09981e-21 9.14895e-20 1.12596e-21 9.19032e-20 1.15205e-21 9.23173e-20 1.17809e-21 9.27534e-20 1.20406e-21 9.31463e-20 1.22999e-21 9.35394e-20 1.25585e-21 9.39328e-20 1.28166e-21 9.43046e-20 1.30741e-21 9.46766e-20 1.33311e-21 9.5027e-20 1.35875e-21 9.53995e-20 1.38434e-21 9.57503e-20 1.40987e-21 9.61013e-20 1.43535e-21 9.64305e-20 1.46078e-21 9.67819e-20 1.48615e-21 9.70896e-20 1.51148e-21 9.74414e-20 1.53675e-21 9.77493e-20 1.56196e-21 9.80575e-20 1.58713e-21 9.83658e-20 1.61225e-21
123.105 4.56287e-24 4.56287e-24 1.42229e-34 3.1171e-11 0 3.9333e-23 8.08627e-27 5.85698e-22 6.16371e-26 3.7215e-21 4.89571e-25 9.59137e-21 2.42924e-24 1.35082e-20 4.85656e-24 1.62475e-20 7.28304e-24 1.84065e-20 9.70871e-24 2.02057e-20 1.21335e-23 2.64626e-20 2.42454e-23 3.36454e-20 4.84081e-23 3.81935e-20 7.24905e-23 4.15118e-20 9.64937e-23 4.41568e-20 1.20419e-22 4.63223e-20 1.44267e-22 4.81739e-20 1.68039e-22 4.97792e-20 1.91736e-22 5.12099e-20 2.15359e-22 5.2509e-20 2.3891e-22 5.36586e-20 2.62388e-22 5.47348e-20 2.85795e-22 5.57209e-20 3.09131e-22 5.66316e-20 3.32398e-22 5.74977e-20 3.55596e-22 5.8303e-20 3.78726e-22 5.90627e-20 4.01789e-22 5.97765e-20 4.24786e-22 6.04601e-20 4.47717e-22 6.10971e-20 4.70582e-22 6.17353e-20 4.93384e-22 6.23107e-20 5.16121e-22 6.28869e-20 5.38796e-22 6.3432e-20 5.61408e-22 6.39458e-20 5.83958e-22 6.44602e-20 6.06448e-22 6.49431e-20 6.28876e-22 6.54105e-20 6.51245e-22 6.58623e-20 6.73554e-22 6.62985e-20 6.95804e-22 6.67189e-20 7.17996e-22 6.71398e-20 7.40131e-22 6.75448e-20 7.62207e-22 6.79503e-20 7.84228e-22 6.83075e-20 8.06192e-22 6.86974e-20 8.281e-22 6.90552e-20 8.49953e-22 6.94132e-20 8.71751e-22 6.9739e-20 8.93495e-22 7.00976e-20 9.15185e-22 7.04238e-20 9.36821e-22 7.0734e-20 9.58405e-22 7.10444e-20 9.79936e-22 7.13713e-20 1.00141e-21 7.16658e-20 1.02284e-21 7.19604e-20 1.04422e-21 7.22552e-20 1.06554e-21 7.25338e-20 1.08682e-21 7.28126e-20 1.10804e-21 7.30751e-20 1.12922e-21 7.33542e-20 1.15034e-21 7.3617e-20 1.17142e-21 7.388e-20 1.19245e-21 7.41266e-20 1.21343e-21 7.43898e-20 1.23436e-21 7.46203e-20 1.25524e-21 7.48838e-20 1.27608e-21 7.51144e-20 1.29687e-21 7.53452e-20 1.31762e-21 7.55761e-20 1.33831e-21
129.424 4.12941e-24 4.12941e-24 1.16665e-34 2.82523e-11 0 4.19638e-23 6.81319e-27 5.48242e-22 5.17408e-26 3.19534e-21 4.10417e-25 7.90535e-21 2.03629e-24 1.09814e-20 4.07084e-24 1.31144e-20 6.1046e-24 1.47875e-20 8.13758e-24 1.61773e-20 1.01698e-23 2.0985e-20 2.0319e-23 2.64681e-20 4.05591e-23 2.99253e-20 6.07229e-23 3.24419e-20 8.08114e-23 3.44449e-20 1.00826e-22 3.6083e-20 1.20768e-22 3.74825e-20 1.40638e-22 3.8695e-20 1.60437e-22 3.9775e-20 1.80167e-22 4.07552e-20 1.99828e-22 4.16222e-20 2.19422e-22 4.24336e-20 2.38948e-22 4.31768e-20 2.58409e-22 4.3863e-20 2.77805e-22 4.45154e-20 2.97137e-22 4.51218e-20 3.16405e-22 4.56938e-20 3.35611e-22 4.62311e-20 3.54755e-22 4.67455e-20 3.73838e-22 4.72249e-20 3.92861e-22 4.7705e-20 4.11824e-22 4.81378e-20 4.30728e-22 4.85713e-20 4.49574e-22 4.89812e-20 4.68362e-22 4.93675e-20 4.87093e-22 4.97542e-20 5.05768e-22 5.01172e-20 5.24386e-22 5.04686e-20 5.4295e-22 5.08081e-20 5.61459e-22 5.11359e-20 5.79914e-22 5.14518e-20 5.98316e-22 5.1768e-20 6.16664e-22 5.20723e-20 6.3496e-22 5.23769e-20 6.53204e-22 5.26452e-20 6.71397e-22 5.2938e-20 6.89539e-22 5.32067e-20 7.0763e-22 5.34756e-20 7.25671e-22 5.37202e-20 7.43663e-22 5.39895e-20 7.61606e-22 5.42344e-20 7.795e-22 5.44673e-20 7.97346e-22 5.47003e-20 8.15144e-22 5.49457e-20 8.32894e-22 5.51667e-20 8.50598e-22 5.53879e-20 8.68256e-22 5.56091e-20 8.85867e-22 5.58182e-20 9.03432e-22 5.60274e-20 9.20952e-22 5.62244e-20 9.38427e-22 5.64338e-20 9.55858e-22 5.6631e-20 9.73244e-22 5.68283e-20 9.90587e-22 5.70133e-20 1.00789e-21 5.72108e-20 1.02514e-21 5.73837e-20 1.04235e-21 5.75813e-20 1.05952e-21 5.77544e-20 1.07665e-21 5.79275e-20 1.09374e-21 5.81006e-20 1.11078e-21
136.067 3.73201e-24 3.73201e-24 9.54229e-35 2.55688e-11 0 4.3815e-23 5.72074e-27 5.05575e-22 4.32911e-26 2.71577e-21 3.42926e-25 6.46536e-21 1.70127e-24 8.86571e-21 3.40098e-24 1.05172e-20 5.09993e-24 1.18068e-20 6.79813e-24 1.28749e-20 8.49559e-24 1.65521e-20 1.69717e-23 2.07206e-20 3.38686e-23 2.33388e-20 5.06931e-23 2.52408e-20 6.74465e-23 2.67525e-20 8.41301e-23 2.79876e-20 1.00745e-22 2.90419e-20 1.17293e-22 2.99549e-20 1.33774e-22 3.07676e-20 1.5019e-22 3.15049e-20 1.66542e-22 3.21568e-20 1.82831e-22 3.27667e-20 1.99058e-22 3.33252e-20 2.15223e-22 3.38407e-20 2.31329e-22 3.43307e-20 2.47374e-22 3.4786e-20 2.63361e-22 3.52154e-20 2.7929e-22 3.56188e-20 2.95162e-22 3.60048e-20 3.10977e-22 3.63645e-20 3.26737e-22 3.67247e-20 3.42442e-22 3.70494e-20 3.58093e-22 3.73745e-20 3.7369e-22 3.76819e-20 3.89234e-22 3.79715e-20 4.04726e-22 3.82615e-20 4.20166e-22 3.85337e-20 4.35556e-22 3.8797e-20 4.50895e-22 3.90515e-20 4.66184e-22 3.92971e-20 4.81423e-22 3.95339e-20 4.96614e-22 3.97708e-20 5.11757e-22 3.99988e-20 5.26852e-22 4.0227e-20 5.41899e-22 4.0428e-20 5.569e-22 4.06474e-20 5.71855e-22 4.08487e-20 5.86764e-22 4.105e-20 6.01628e-22 4.12332e-20 6.16447e-22 4.14349e-20 6.31221e-22 4.16183e-20 6.45952e-22 4.17927e-20 6.60639e-22 4.19671e-20 6.75283e-22 4.21509e-20 6.89884e-22 4.23163e-20 7.04443e-22 4.24819e-20 7.1896e-22 4.26475e-20 7.33436e-22 4.2804e-20 7.4787e-22 4.29606e-20 7.62264e-22 4.31081e-20 7.76617e-22 4.32648e-20 7.9093e-22 4.34124e-20 8.05204e-22 4.356e-20 8.19438e-22 4.36985e-20 8.33633e-22 4.38463e-20 8.4779e-22 4.39756e-20 8.61908e-22 4.41235e-20 8.75989e-22 4.4253e-20 8.90031e-22 4.43825e-20 9.04036e-22 4.4512e-20 9.18005e-22
143.051 3.36171e-24 3.36171e-24 7.78456e-35 2.31565e-11 0 4.47296e-23 4.77805e-27 4.58757e-22 3.6036e-26 2.28155e-21 2.8506e-25 5.2387e-21 1.41406e-24 7.09698e-21 2.82671e-24 8.36627e-21 4.23865e-24 9.35348e-21 5.64988e-24 1.01689e-20 7.0604e-24 1.29637e-20 1.41024e-23 1.61145e-20 2.81343e-23 1.80865e-20 4.2098e-23 1.95164e-20 5.59948e-23 2.06515e-20 6.98261e-23 2.1578e-20 8.35933e-23 2.23683e-20 9.72977e-23 2.30523e-20 1.1094e-22 2.3661e-20 1.24522e-22 2.42129e-20 1.38045e-22 2.47007e-20 1.51509e-22 2.5157e-20 1.64915e-22 2.55746e-20 1.78265e-22 2.59601e-20 1.91559e-22 2.63264e-20 2.04799e-22 2.66667e-20 2.17984e-22 2.69876e-20 2.31116e-22 2.72889e-20 2.44196e-22 2.75773e-20 2.57225e-22 2.78459e-20 2.70202e-22 2.81149e-20 2.8313e-22 2.83574e-20 2.96008e-22 2.86001e-20 3.08837e-22 2.88295e-20 3.21618e-22 2.90457e-20 3.34351e-22 2.92622e-20 3.47038e-22 2.94653e-20 3.59678e-22 2.96618e-20 3.72273e-22 2.98517e-20 3.84822e-22 3.00349e-20 3.97327e-22 3.02116e-20 4.09788e-22 3.03883e-20 4.22205e-22 3.05584e-20 4.3458e-22 3.07286e-20 4.46911e-22 3.08785e-20 4.59201e-22 3.10421e-20 4.71449e-22 3.11921e-20 4.83656e-22 3.13423e-20 4.95823e-22 3.14789e-20 5.07949e-22 3.16292e-20 5.20035e-22 3.1766e-20 5.32082e-22 3.1896e-20 5.4409e-22 3.2026e-20 5.5606e-22 3.2163e-20 5.67991e-22 3.22863e-20 5.79885e-22 3.24097e-20 5.91741e-22 3.25331e-20 6.0356e-22 3.26498e-20 6.15343e-22 3.27665e-20 6.27089e-22 3.28763e-20 6.38799e-22 3.29931e-20 6.50474e-22 3.31031e-20 6.62114e-22 3.32131e-20 6.73718e-22 3.33163e-20 6.85288e-22 3.34264e-20 6.96824e-22 3.35227e-20 7.08326e-22 3.36329e-20 7.19794e-22 3.37293e-20 7.31229e-22 3.38258e-20 7.42631e-22 3.39223e-20 7.54e-22
150.394 3.04386e-24 3.04386e-24 6.33999e-35 2.08288e-11 0 4.50704e-23 4.00375e-27 4.13378e-22 3.01e-26 1.9117e-21 2.37768e-25 4.24283e-21 1.17934e-24 5.68278e-21 2.35742e-24 6.6598e-21 3.53481e-24 7.41688e-21 4.71154e-24 8.04063e-21 5.88758e-24 1.017e-20 1.17578e-23 1.25586e-20 2.34488e-23 1.40487e-20 3.50753e-23 1.51273e-20 4.66389e-23 1.59825e-20 5.8141e-23 1.668e-20 6.9583e-23 1.72747e-20 8.09661e-23 1.77891e-20 9.22917e-23 1.82466e-20 1.03561e-22 1.86612e-20 1.14775e-22 1.90277e-20 1.25934e-22 1.93703e-20 1.37041e-22 1.96839e-20 1.48095e-22 1.99732e-20 1.59098e-22 2.02481e-20 1.7005e-22 2.05034e-20 1.80953e-22 2.07441e-20 1.91807e-22 2.09702e-20 2.02612e-22 2.11864e-20 2.13371e-22 2.13879e-20 2.24083e-22 2.15896e-20 2.3475e-22 2.17713e-20 2.45371e-22 2.19532e-20 2.55948e-22 2.21252e-20 2.66481e-22 2.22873e-20 2.76971e-22 2.24495e-20 2.87418e-22 2.26016e-20 2.97823e-22 2.27489e-20 3.08187e-22 2.28911e-20 3.1851e-22 2.30284e-20 3.28793e-22 2.31607e-20 3.39036e-22 2.32931e-20 3.4924e-22 2.34205e-20 3.59405e-22 2.3548e-20 3.69532e-22 2.36602e-20 3.79621e-22 2.37827e-20 3.89672e-22 2.38951e-20 3.99687e-22 2.40075e-20 4.09665e-22 2.41098e-20 4.19607e-22 2.42223e-20 4.29513e-22 2.43247e-20 4.39385e-22 2.4422e-20 4.49221e-22 2.45194e-20 4.59023e-22 2.46219e-20 4.68791e-22 2.47142e-20 4.78525e-22 2.48065e-20 4.88226e-22 2.48989e-20 4.97894e-22 2.49862e-20 5.0753e-22 2.50735e-20 5.17133e-22 2.51557e-20 5.26704e-22 2.52431e-20 5.36244e-22 2.53254e-20 5.45752e-22 2.54077e-20 5.5523e-22 2.54849e-20 5.64676e-22 2.55673e-20 5.74093e-22 2.56394e-20 5.83479e-22 2.57218e-20 5.92835e-22 2.57939e-20 6.02162e-22 2.58661e-20 6.1146e-22 2.59383e-20 6.20729e-22
158.114 2.75126e-24 2.75126e-24 5.22093e-35 1.89765e-11 0 4.4556e-23 3.34299e-27 3.67589e-22 2.50563e-26 1.58731e-21 1.97641e-25 3.41221e-21 9.80214e-25 4.52171e-21 1.95928e-24 5.26992e-21 2.93771e-24 5.84774e-21 3.9155e-24 6.3227e-21 4.89265e-24 7.93816e-21 9.76894e-24 9.74201e-21 1.94749e-23 1.0864e-20 2.91202e-23 1.16749e-20 3.87064e-23 1.23172e-20 4.82352e-23 1.28407e-20 5.77079e-23 1.32867e-20 6.7126e-23 1.36723e-20 7.64906e-23 1.40151e-20 8.58031e-23 1.43258e-20 9.50644e-23 1.46002e-20 1.04276e-22 1.48567e-20 1.13438e-22 1.50915e-20 1.22553e-22 1.5308e-20 1.3162e-22 1.55137e-20 1.40641e-22 1.57047e-20 1.49617e-22 1.58848e-20 1.58548e-22 1.60538e-20 1.67436e-22 1.62156e-20 1.7628e-22 1.63662e-20 1.85083e-22 1.6517e-20 1.93844e-22 1.66528e-20 2.02564e-22 1.67888e-20 2.11244e-22 1.69174e-20 2.19884e-22 1.70385e-20 2.28485e-22 1.71597e-20 2.37048e-22 1.72734e-20 2.45574e-22 1.73834e-20 2.54062e-22 1.74897e-20 2.62513e-22 1.75923e-20 2.70928e-22 1.76911e-20 2.79308e-22 1.779e-20 2.87652e-22 1.78851e-20 2.95962e-22 1.79803e-20 3.04238e-22 1.80642e-20 3.12479e-22 1.81557e-20 3.20688e-22 1.82396e-20 3.28863e-22 1.83235e-20 3.37007e-22 1.83999e-20 3.45118e-22 1.84839e-20 3.53197e-22 1.85603e-20 3.61245e-22 1.8633e-20 3.69262e-22 1.87057e-20 3.77249e-22 1.87822e-20 3.85206e-22 1.88511e-20 3.93133e-22 1.892e-20 4.0103e-22 1.8989e-20 4.08898e-22 1.90541e-20 4.16738e-22 1.91193e-20 4.24548e-22 1.91807e-20 4.32331e-22 1.92459e-20 4.40086e-22 1.93073e-20 4.47814e-22 1.93687e-20 4.55514e-22 1.94263e-20 4.63187e-22 1.94878e-20 4.70834e-22 1.95416e-20 4.78454e-22 1.96031e-20 4.86048e-22 1.96569e-20 4.93616e-22 1.97108e-20 5.01159e-22 1.97646e-20 5.08676e-22
166.23 2.49047e-24 2.49047e-24 4.28617e-35 1.72103e-11 0 4.33929e-23 2.79053e-27 3.23819e-22 2.08556e-26 1.31083e-21 1.64264e-25 2.73467e-21 8.14591e-25 3.58776e-21 1.62815e-24 4.15983e-21 2.4411e-24 4.60024e-21 3.25344e-24 4.96151e-21 4.06518e-24 6.18612e-21 8.11495e-24 7.54782e-21 1.61705e-23 8.39256e-21 2.41691e-23 9.00217e-21 3.21124e-23 9.4846e-21 4.00021e-23 9.87749e-21 4.78396e-23 1.02121e-20 5.56265e-23 1.05012e-20 6.33639e-23 1.07582e-20 7.10531e-23 1.0991e-20 7.86952e-23 1.11966e-20 8.62914e-23 1.13887e-20 9.38427e-23 1.15645e-20 1.0135e-22 1.17266e-20 1.08814e-22 1.18806e-20 1.16237e-22 1.20236e-20 1.23618e-22 1.21584e-20 1.30958e-22 1.22849e-20 1.38259e-22 1.24059e-20 1.45521e-22 1.25185e-20 1.52745e-22 1.26313e-20 1.59931e-22 1.2733e-20 1.67081e-22 1.28347e-20 1.74194e-22 1.29308e-20 1.81272e-22 1.30214e-20 1.88314e-22 1.3112e-20 1.95323e-22 1.3197e-20 2.02297e-22 1.32792e-20 2.09238e-22 1.33587e-20 2.16147e-22 1.34354e-20 2.23023e-22 1.35092e-20 2.29867e-22 1.35831e-20 2.3668e-22 1.36543e-20 2.43462e-22 1.37254e-20 2.50213e-22 1.3788e-20 2.56935e-22 1.38564e-20 2.63627e-22 1.39191e-20 2.7029e-22 1.39818e-20 2.76924e-22 1.40389e-20 2.8353e-22 1.41017e-20 2.90107e-22 1.41588e-20 2.96657e-22 1.4213e-20 3.0318e-22 1.42673e-20 3.09676e-22 1.43245e-20 3.16146e-22 1.4376e-20 3.22589e-22 1.44275e-20 3.29006e-22 1.4479e-20 3.35397e-22 1.45276e-20 3.41764e-22 1.45763e-20 3.48105e-22 1.46221e-20 3.54421e-22 1.46708e-20 3.60714e-22 1.47167e-20 3.66982e-22 1.47626e-20 3.73226e-22 1.48056e-20 3.79446e-22 1.48515e-20 3.85643e-22 1.48916e-20 3.91818e-22 1.49376e-20 3.97969e-22 1.49777e-20 4.04098e-22 1.50179e-20 4.10204e-22 1.50582e-20 4.16289e-22
174.763 2.25242e-24 2.25242e-24 3.50896e-35 1.55786e-11 0 4.15691e-23 2.32343e-27 2.82101e-22 1.73175e-26 1.07456e-21 1.36192e-25 2.17959e-21 6.75304e-25 2.83278e-21 1.34967e-24 3.26855e-21 2.02347e-24 3.60309e-21 2.6967e-24 3.87698e-21 3.36936e-24 4.80255e-21 6.72422e-24 5.82782e-21 1.33927e-23 6.46231e-21 2.00077e-23 6.91958e-21 2.65713e-23 7.28115e-21 3.3085e-23 7.57543e-21 3.95504e-23 7.82592e-21 4.5969e-23 8.04231e-21 5.23421e-23 8.23457e-21 5.86709e-23 8.40869e-21 6.49567e-23 8.56243e-21 7.12004e-23 8.70607e-21 7.74032e-23 8.83745e-21 8.3566e-23 8.9586e-21 8.96897e-23 9.07365e-21 9.57753e-23 9.18048e-21 1.01824e-22 9.28115e-21 1.07835e-22 9.37563e-21 1.13811e-22 9.46601e-21 1.19752e-22 9.55016e-21 1.25659e-22 9.63439e-21 1.31532e-22 9.71026e-21 1.37372e-22 9.78619e-21 1.43179e-22 9.85796e-21 1.48955e-22 9.92555e-21 1.54699e-22 9.99319e-21 1.60413e-22 1.00566e-20 1.66097e-22 1.0118e-20 1.71751e-22 1.01773e-20 1.77376e-22 1.02345e-20 1.82972e-22 1.02897e-20 1.8854e-22 1.03448e-20 1.94081e-22 1.03979e-20 1.99594e-22 1.04509e-20 2.0508e-22 1.04977e-20 2.1054e-22 1.05487e-20 2.15974e-22 1.05954e-20 2.21381e-22 1.06422e-20 2.26764e-22 1.06848e-20 2.32122e-22 1.07316e-20 2.37455e-22 1.07742e-20 2.42764e-22 1.08147e-20 2.48049e-22 1.08552e-20 2.5331e-22 1.08978e-20 2.58548e-22 1.09362e-20 2.63764e-22 1.09746e-20 2.68956e-22 1.1013e-20 2.74126e-22 1.10493e-20 2.79274e-22 1.10856e-20 2.84401e-22 1.11197e-20 2.89505e-22 1.1156e-20 2.94589e-22 1.11902e-20 2.99651e-22 1.12244e-20 3.04693e-22 1.12565e-20 3.09715e-22 1.12907e-20 3.14716e-22 1.13207e-20 3.19697e-22 1.13549e-20 3.24658e-22 1.13849e-20 3.296e-22 1.14148e-20 3.34522e-22 1.14448e-20 3.39425e-22
183.733 2.03348e-24 2.03348e-24 2.86492e-35 1.40887e-11 0 3.91665e-23 1.92798e-27 2.42954e-22 1.43331e-26 8.73957e-22 1.12547e-25 1.72653e-21 5.57997e-25 2.22426e-21 1.11515e-24 2.55477e-21 1.67177e-24 2.80783e-21 2.22785e-24 3.01465e-21 2.78339e-24 3.71164e-21 5.55321e-24 4.48102e-21 1.10542e-23 4.95608e-21 1.65055e-23 5.29806e-21 2.1909e-23 5.56826e-21 2.72664e-23 5.78805e-21 3.25794e-23 5.97504e-21 3.78493e-23 6.13653e-21 4.30777e-23 6.27997e-21 4.82656e-23 6.40983e-21 5.34143e-23 6.52448e-21 5.85248e-23 6.63157e-21 6.35983e-23 6.72951e-21 6.86356e-23 6.81981e-21 7.36377e-23 6.90555e-21 7.86055e-23 6.98515e-21 8.35397e-23 7.06015e-21 8.84411e-23 7.13054e-21 9.33105e-23 7.19786e-21 9.81487e-23 7.26054e-21 1.02956e-22 7.32327e-21 1.07734e-22 7.37978e-21 1.12482e-22 7.43632e-21 1.17201e-22 7.48976e-21 1.21892e-22 7.54008e-21 1.26556e-22 7.59044e-21 1.31192e-22 7.63768e-21 1.35802e-22 7.68337e-21 1.40385e-22 7.72751e-21 1.44943e-22 7.77009e-21 1.49476e-22 7.81112e-21 1.53984e-22 7.85216e-21 1.58467e-22 7.89165e-21 1.62927e-22 7.93115e-21 1.67363e-22 7.96593e-21 1.71776e-22 8.00388e-21 1.76166e-22 8.03868e-21 1.80534e-22 8.0735e-21 1.84879e-22 8.10516e-21 1.89203e-22 8.14e-21 1.93505e-22 8.17169e-21 1.97786e-22 8.2018e-21 2.02047e-22 8.23192e-21 2.06287e-22 8.26363e-21 2.10506e-22 8.29219e-21 2.14706e-22 8.32075e-21 2.18886e-22 8.34931e-21 2.23047e-22 8.3763e-21 2.27189e-22 8.4033e-21 2.31312e-22 8.42871e-21 2.35416e-22 8.45572e-21 2.39502e-22 8.48115e-21 2.4357e-22 8.50659e-21 2.4762e-22 8.53043e-21 2.51652e-22 8.55588e-21 2.55667e-22 8.57815e-21 2.59664e-22 8.60361e-21 2.63645e-22 8.62589e-21 2.67609e-22 8.64817e-21 2.71556e-22 8.67046e-21 2.75487e-22
193.164 1.83569e-24 1.83569e-24 2.33291e-35 1.27086e-11 0 3.63859e-23 1.59726e-27 2.07325e-22 1.18457e-26 7.06696e-22 9.28672e-26 1.36196e-21 4.6037e-25 1.74017e-21 9.19979e-25 1.99022e-21 1.37908e-24 2.18123e-21 1.83768e-24 2.33709e-21 2.29578e-24 2.861e-21 4.57888e-24 3.43749e-21 9.10902e-24 3.79273e-21 1.3593e-23 4.04818e-21 1.80327e-23 4.24987e-21 2.243e-23 4.41385e-21 2.67866e-23 4.5533e-21 3.11039e-23 4.6737e-21 3.53832e-23 4.7806e-21 3.96258e-23 4.87738e-21 4.38329e-23 4.96279e-21 4.80055e-23 5.04257e-21 5.21447e-23 5.11551e-21 5.62514e-23 5.18275e-21 6.03265e-23 5.24659e-21 6.43708e-23 5.30586e-21 6.83851e-23 5.36169e-21 7.23703e-23 5.41408e-21 7.63269e-23 5.46419e-21 8.02557e-23 5.51084e-21 8.41573e-23 5.55752e-21 8.80323e-23 5.59956e-21 9.18814e-23 5.64164e-21 9.57051e-23 5.6814e-21 9.95039e-23 5.71884e-21 1.03278e-22 5.7563e-21 1.07029e-22 5.79144e-21 1.10756e-22 5.82543e-21 1.1446e-22 5.85826e-21 1.18142e-22 5.88993e-21 1.21802e-22 5.92044e-21 1.2544e-22 5.95097e-21 1.29056e-22 5.98033e-21 1.32652e-22 6.00971e-21 1.36228e-22 6.03557e-21 1.39783e-22 6.06379e-21 1.43318e-22 6.08967e-21 1.46834e-22 6.11556e-21 1.50331e-22 6.1391e-21 1.53809e-22 6.165e-21 1.57268e-22 6.18856e-21 1.60709e-22 6.21094e-21 1.64132e-22 6.23333e-21 1.67537e-22 6.25691e-21 1.70925e-22 6.27814e-21 1.74296e-22 6.29937e-21 1.7765e-22 6.3206e-21 1.80987e-22 6.34066e-21 1.84308e-22 6.36073e-21 1.87612e-22 6.37962e-21 1.90901e-22 6.3997e-21 1.94174e-22 6.4186e-21 1.97431e-22 6.4375e-21 2.00673e-22 6.45522e-21 2.039e-22 6.47413e-21 2.07112e-22 6.49069e-21 2.10309e-22 6.5096e-21 2.13492e-22 6.52616e-21 2.1666e-22 6.54272e-21 2.19814e-22 6.55928e-21 2.22954e-22
203.079 1.66325e-24 1.66325e-24 1.91715e-35 1.15265e-11 0 3.3479e-23 1.32619e-27 1.76051e-22 9.81282e-27 5.70481e-22 7.68045e-26 1.07421e-21 3.80694e-25 1.36192e-21 7.60696e-25 1.5514e-21 1.14022e-24 1.69582e-21 1.51928e-24 1.81349e-21 1.89786e-24 2.20813e-21 3.78384e-24 2.64112e-21 7.52212e-24 2.90745e-21 1.12174e-23 3.09877e-21 1.48719e-23 3.24973e-21 1.84873e-23 3.37241e-21 2.20654e-23 3.47671e-21 2.56075e-23 3.56672e-21 2.91151e-23 3.64663e-21 3.25894e-23 3.71895e-21 3.60315e-23 3.78277e-21 3.94426e-23 3.84237e-21 4.28235e-23 3.89686e-21 4.61753e-23 3.94708e-21 4.94987e-23 3.99476e-21 5.27947e-23 4.03901e-21 5.60639e-23 4.0807e-21 5.93071e-23 4.11981e-21 6.2525e-23 4.15722e-21 6.57182e-23 4.19204e-21 6.88873e-23 4.22689e-21 7.20329e-23 4.25827e-21 7.51556e-23 4.28966e-21 7.82559e-23 4.31934e-21 8.13343e-23 4.34728e-21 8.43913e-23 4.37523e-21 8.74274e-23 4.40145e-21 9.0443e-23 4.42681e-21 9.34385e-23 4.45131e-21 9.64143e-23 4.47494e-21 9.93709e-23 4.4977e-21 1.02309e-22 4.52047e-21 1.05228e-22 4.54238e-21 1.08129e-22 4.56429e-21 1.11012e-22 4.58358e-21 1.13878e-22 4.60463e-21 1.16726e-22 4.62393e-21 1.19558e-22 4.64324e-21 1.22373e-22 4.66079e-21 1.25171e-22 4.68011e-21 1.27954e-22 4.69768e-21 1.30721e-22 4.71437e-21 1.33472e-22 4.73107e-21 1.36209e-22 4.74865e-21 1.3893e-22 4.76448e-21 1.41636e-22 4.78031e-21 1.44328e-22 4.79615e-21 1.47005e-22 4.8111e-21 1.49669e-22 4.82607e-21 1.52319e-22 4.84015e-21 1.54954e-22 4.85512e-21 1.57577e-22 4.86921e-21 1.60186e-22 4.8833e-21 1.62782e-22 4.89652e-21 1.65365e-22 4.91062e-21 1.67936e-22 4.92296e-21 1.70493e-22 4.93706e-21 1.73039e-22 4.9494e-21 1.75572e-22 4.96175e-21 1.78093e-22 4.9741e-21 1.80603e-22
213.503 1.50427e-24 1.50427e-24 1.57447e-35 1.04667e-11 0 3.03638e-23 1.09757e-27 1.4802e-22 8.1036e-27 4.57374e-22 6.33201e-26 8.42682e-22 3.13813e-25 1.06065e-21 6.26999e-25 1.20368e-21 9.3974e-25 1.31248e-21 1.25204e-24 1.40102e-21 1.5639e-24 1.69731e-21 3.11671e-24 2.02155e-21 6.19099e-24 2.22066e-21 9.22555e-24 2.36356e-21 1.22225e-23 2.47625e-21 1.51837e-23 2.56779e-21 1.81109e-23 2.64559e-21 2.10055e-23 2.71272e-21 2.38688e-23 2.7723e-21 2.67021e-23 2.82621e-21 2.95066e-23 2.87377e-21 3.22831e-23 2.91819e-21 3.50328e-23 2.95878e-21 3.77564e-23 2.9962e-21 4.04549e-23 3.03172e-21 4.31289e-23 3.06468e-21 4.57793e-23 3.09573e-21 4.84067e-23 3.12486e-21 5.10117e-23 3.15272e-21 5.3595e-23 3.17865e-21 5.61572e-23 3.2046e-21 5.86987e-23 3.22796e-21 6.12202e-23 3.25134e-21 6.37221e-23 3.27343e-21 6.62048e-23 3.29423e-21 6.86689e-23 3.31504e-21 7.11148e-23 3.33456e-21 7.35428e-23 3.35343e-21 7.59534e-23 3.37167e-21 7.8347e-23 3.38925e-21 8.07239e-23 3.40619e-21 8.30844e-23 3.42314e-21 8.54289e-23 3.43944e-21 8.77578e-23 3.45575e-21 9.00713e-23 3.4701e-21 9.23696e-23 3.48577e-21 9.46532e-23 3.50013e-21 9.69223e-23 3.5145e-21 9.91772e-23 3.52756e-21 1.01418e-22 3.54194e-21 1.03645e-22 3.55501e-21 1.05859e-22 3.56743e-21 1.08059e-22 3.57985e-21 1.10247e-22 3.59293e-21 1.12421e-22 3.6047e-21 1.14583e-22 3.61648e-21 1.16733e-22 3.62826e-21 1.1887e-22 3.63939e-21 1.20995e-22 3.65052e-21 1.23109e-22 3.661e-21 1.25211e-22 3.67213e-21 1.27301e-22 3.68261e-21 1.29381e-22 3.6931e-21 1.31449e-22 3.70292e-21 1.33506e-22 3.71341e-21 1.35552e-22 3.72259e-21 1.37588e-22 3.73308e-21 1.39614e-22 3.74226e-21 1.41629e-22 3.75144e-21 1.43633e-22 3.76062e-21 1.45628e-22
224.463 1.36091e-24 1.36091e-24 1.28947e-35 9.475e-12 0 2.7221e-23 9.07418e-28 1.23547e-22 6.68592e-27 3.65079e-22 5.21523e-26 6.59041e-22 2.58427e-25 8.23875e-22 5.16286e-25 9.31686e-22 7.73728e-25 1.01355e-21 1.03076e-24 1.08009e-21 1.28737e-24 1.30233e-21 2.56442e-24 1.54495e-21 5.08943e-24 1.69371e-21 7.5778e-24 1.80039e-21 1.00317e-23 1.88447e-21 1.2453e-23 1.95275e-21 1.48434e-23 2.01076e-21 1.72044e-23 2.0608e-21 1.95372e-23 2.1052e-21 2.18431e-23 2.14538e-21 2.41231e-23 2.18082e-21 2.63783e-23 2.21391e-21 2.86096e-23 2.24415e-21 3.08178e-23 2.27202e-21 3.30037e-23 2.29847e-21 3.51681e-23 2.32302e-21 3.73116e-23 2.34614e-21 3.94349e-23 2.36783e-21 4.15385e-23 2.38857e-21 4.36232e-23 2.40787e-21 4.56894e-23 2.42719e-21 4.77376e-23 2.44458e-21 4.97683e-23 2.46198e-21 5.17819e-23 2.47842e-21 5.3779e-23 2.49391e-21 5.57599e-23 2.50939e-21 5.77249e-23 2.52392e-21 5.96746e-23 2.53797e-21 6.16093e-23 2.55154e-21 6.35292e-23 2.56462e-21 6.54347e-23 2.57723e-21 6.73262e-23 2.58984e-21 6.9204e-23 2.60197e-21 7.10683e-23 2.6141e-21 7.29194e-23 2.62478e-21 7.47576e-23 2.63644e-21 7.65831e-23 2.64712e-21 7.83963e-23 2.65781e-21 8.01973e-23 2.66753e-21 8.19863e-23 2.67822e-21 8.37637e-23 2.68795e-21 8.55296e-23 2.69719e-21 8.72842e-23 2.70643e-21 8.90277e-23 2.71616e-21 9.07604e-23 2.72492e-21 9.24823e-23 2.73368e-21 9.41938e-23 2.74244e-21 9.5895e-23 2.75072e-21 9.7586e-23 2.75899e-21 9.9267e-23 2.76679e-21 1.00938e-22 2.77507e-21 1.026e-22 2.78286e-21 1.04252e-22 2.79066e-21 1.05895e-22 2.79797e-21 1.07528e-22 2.80577e-21 1.09152e-22 2.81259e-21 1.10768e-22 2.8204e-21 1.12375e-22 2.82722e-21 1.13973e-22 2.83405e-21 1.15562e-22 2.84088e-21 1.17143e-22
235.984 1.23041e-24 1.23041e-24 1.05339e-35 8.56127e-12 0 2.41143e-23 7.48726e-28 1.02316e-22 5.50599e-27 2.89928e-22 4.28719e-26 5.13452e-22 2.12407e-25 6.37784e-22 4.24298e-25 7.18862e-22 6.358e-25 7.80328e-22 8.46916e-25 8.30229e-22 1.05765e-24 9.96613e-22 2.1057e-24 1.17786e-21 4.17493e-24 1.28884e-21 6.21049e-24 1.36837e-21 8.2146e-24 1.43103e-21 1.01891e-23 1.48188e-21 1.21358e-23 1.52508e-21 1.40559e-23 1.56233e-21 1.59509e-23 1.59539e-21 1.78218e-23 1.62529e-21 1.96698e-23 1.65166e-21 2.14957e-23 1.67628e-21 2.33004e-23 1.69878e-21 2.50848e-23 1.71951e-21 2.68497e-23 1.73919e-21 2.85956e-23 1.75745e-21 3.03232e-23 1.77464e-21 3.20333e-23 1.79078e-21 3.37262e-23 1.8062e-21 3.54025e-23 1.82055e-21 3.70628e-23 1.83492e-21 3.87076e-23 1.84785e-21 4.03371e-23 1.86079e-21 4.1952e-23 1.87301e-21 4.35525e-23 1.88452e-21 4.51391e-23 1.89604e-21 4.67122e-23 1.90683e-21 4.82719e-23 1.91728e-21 4.98188e-23 1.92736e-21 5.13531e-23 1.93709e-21 5.28751e-23 1.94646e-21 5.43851e-23 1.95583e-21 5.58833e-23 1.96485e-21 5.737e-23 1.97387e-21 5.88456e-23 1.9818e-21 6.03101e-23 1.99046e-21 6.17639e-23 1.99841e-21 6.32072e-23 2.00635e-21 6.46402e-23 2.01357e-21 6.60631e-23 2.02152e-21 6.7476e-23 2.02874e-21 6.88793e-23 2.03561e-21 7.0273e-23 2.04248e-21 7.16574e-23 2.04971e-21 7.30327e-23 2.05621e-21 7.43989e-23 2.06272e-21 7.57563e-23 2.06923e-21 7.7105e-23 2.07538e-21 7.84451e-23 2.08153e-21 7.97769e-23 2.08732e-21 8.11005e-23 2.09348e-21 8.24159e-23 2.09927e-21 8.37234e-23 2.10506e-21 8.50231e-23 2.11049e-21 8.6315e-23 2.11629e-21 8.75994e-23 2.12136e-21 8.88763e-23 2.12715e-21 9.01459e-23 2.13222e-21 9.14082e-23 2.1373e-21 9.26634e-23 2.14237e-21 9.39115e-23
248.097 1.10832e-24 1.10832e-24 8.58366e-36 7.74476e-12 0 2.10581e-23 6.14732e-28 8.38546e-23 4.51234e-27 2.28447e-22 3.50704e-26 3.97371e-22 1.73725e-25 4.90644e-22 3.46983e-25 5.51302e-22 5.1988e-25 5.97219e-22 6.92419e-25 6.3446e-22 8.64604e-25 7.58435e-22 1.72034e-24 8.93222e-22 3.40713e-24 9.75647e-22 5.06321e-24 1.03468e-21 6.69081e-24 1.08116e-21 8.2918e-24 1.11888e-21 9.86779e-24 1.15091e-21 1.14202e-23 1.17852e-21 1.29502e-23 1.20303e-21 1.4459e-23 1.22518e-21 1.59475e-23 1.24473e-21 1.74166e-23 1.26297e-21 1.88673e-23 1.27964e-21 2.03001e-23 1.295e-21 2.17159e-23 1.30957e-21 2.31153e-23 1.3231e-21 2.44988e-23 1.33584e-21 2.58671e-23 1.34778e-21 2.72206e-23 1.35921e-21 2.85598e-23 1.36984e-21 2.98852e-23 1.38047e-21 3.11972e-23 1.39005e-21 3.24963e-23 1.39963e-21 3.37827e-23 1.40868e-21 3.50569e-23 1.4172e-21 3.63193e-23 1.42572e-21 3.757e-23 1.43372e-21 3.88095e-23 1.44145e-21 4.0038e-23 1.44892e-21 4.12559e-23 1.45612e-21 4.24633e-23 1.46305e-21 4.36606e-23 1.46999e-21 4.48479e-23 1.47666e-21 4.60255e-23 1.48334e-21 4.71937e-23 1.48921e-21 4.83527e-23 1.49563e-21 4.95026e-23 1.5015e-21 5.06436e-23 1.50738e-21 5.1776e-23 1.51273e-21 5.28999e-23 1.51861e-21 5.40155e-23 1.52396e-21 5.5123e-23 1.52904e-21 5.62225e-23 1.53412e-21 5.73142e-23 1.53947e-21 5.83982e-23 1.54429e-21 5.94748e-23 1.5491e-21 6.05439e-23 1.55392e-21 6.16059e-23 1.55847e-21 6.26607e-23 1.56302e-21 6.37086e-23 1.56731e-21 6.47496e-23 1.57186e-21 6.57839e-23 1.57614e-21 6.68115e-23 1.58043e-21 6.78327e-23 1.58445e-21 6.88475e-23 1.58874e-21 6.9856e-23 1.59249e-21 7.08584e-23 1.59678e-21 7.18546e-23 1.60053e-21 7.28449e-23 1.60428e-21 7.38293e-23 1.60804e-21 7.48079e-23
260.832 1.00601e-24 1.00601e-24 7.03524e-36 6.99321e-12 0 1.83454e-23 5.07972e-28 6.88152e-23 3.72222e-27 1.8068e-22 2.88747e-26 3.09035e-22 1.43007e-25 3.79432e-22 2.85588e-25 4.251e-22 4.27832e-25 4.59623e-22 5.69742e-25 4.87598e-22 7.11323e-25 5.80591e-22 1.41442e-24 6.81513e-22 2.79781e-24 7.4316e-22 4.15309e-24 7.87282e-22 5.48248e-24 8.22011e-22 6.78784e-24 8.50185e-22 8.07075e-24 8.74104e-22 9.33256e-24 8.94726e-22 1.05745e-23 9.13016e-22 1.17975e-23 9.29557e-22 1.30027e-23 9.44143e-22 1.41909e-23 9.57757e-22 1.53627e-23 9.70197e-22 1.6519e-23 9.81657e-22 1.76604e-23 9.92533e-22 1.87875e-23 1.00262e-21 1.99009e-23 1.01212e-21 2.1001e-23 1.02104e-21 2.20883e-23 1.02956e-21 2.31633e-23 1.03749e-21 2.42264e-23 1.04542e-21 2.5278e-23 1.05256e-21 2.63185e-23 1.05971e-21 2.73481e-23 1.06646e-21 2.83673e-23 1.07281e-21 2.93763e-23 1.07917e-21 3.03754e-23 1.08513e-21 3.1365e-23 1.0909e-21 3.23452e-23 1.09646e-21 3.33163e-23 1.10183e-21 3.42786e-23 1.10701e-21 3.52323e-23 1.11218e-21 3.61775e-23 1.11716e-21 3.71146e-23 1.12213e-21 3.80437e-23 1.12651e-21 3.8965e-23 1.13129e-21 3.98786e-23 1.13567e-21 4.07848e-23 1.14006e-21 4.16837e-23 1.14404e-21 4.25755e-23 1.14843e-21 4.34603e-23 1.15241e-21 4.43383e-23 1.1562e-21 4.52097e-23 1.15999e-21 4.60744e-23 1.16398e-21 4.69328e-23 1.16757e-21 4.77849e-23 1.17116e-21 4.86309e-23 1.17475e-21 4.94708e-23 1.17814e-21 5.03048e-23 1.18154e-21 5.11329e-23 1.18473e-21 5.19554e-23 1.18812e-21 5.27723e-23 1.19132e-21 5.35837e-23 1.19451e-21 5.43897e-23 1.19751e-21 5.51904e-23 1.2007e-21 5.59858e-23 1.2035e-21 5.67762e-23 1.20669e-21 5.75615e-23 1.20949e-21 5.83419e-23 1.21229e-21 5.91174e-23 1.21509e-21 5.98881e-23
274.221 9.09235e-25 9.09235e-25 5.78108e-36 6.35818e-12 0 1.57635e-23 4.17461e-28 5.58981e-23 3.05396e-27 1.41769e-22 2.36443e-26 2.38682e-22 1.17079e-25 2.91509e-22 2.33771e-25 3.25703e-22 3.5015e-25 3.5152e-22 4.66221e-25 3.72422e-22 5.81986e-25 4.41815e-22 1.15638e-24 5.17003e-22 2.28429e-24 5.62883e-22 3.38666e-24 5.95702e-22 4.4657e-24 6.21526e-22 5.52323e-24 6.42469e-22 6.56078e-24 6.60247e-22 7.57965e-24 6.75571e-22 8.58098e-24 6.89161e-22 9.56576e-24 7.01449e-22 1.05349e-23 7.12285e-22 1.14892e-23 7.22397e-22 1.24293e-23 7.31636e-22 1.33559e-23 7.40148e-22 1.42697e-23 7.48224e-22 1.51711e-23 7.55717e-22 1.60607e-23 7.62773e-22 1.69389e-23 7.69391e-22 1.78062e-23 7.75717e-22 1.8663e-23 7.81604e-22 1.95096e-23 7.87494e-22 2.03464e-23 7.92796e-22 2.11737e-23 7.98101e-22 2.19919e-23 8.03112e-22 2.28011e-23 8.07829e-22 2.36018e-23 8.12548e-22 2.43942e-23 8.16974e-22 2.51784e-23 8.21253e-22 2.59548e-23 8.25385e-22 2.67235e-23 8.2937e-22 2.74848e-23 8.33209e-22 2.82389e-23 8.37049e-22 2.8986e-23 8.40742e-22 2.97261e-23 8.44435e-22 3.04596e-23 8.47686e-22 3.11866e-23 8.51233e-22 3.19072e-23 8.54485e-22 3.26216e-23 8.57738e-22 3.33299e-23 8.60695e-22 3.40323e-23 8.63949e-22 3.4729e-23 8.66907e-22 3.54199e-23 8.69718e-22 3.61053e-23 8.72529e-22 3.67853e-23 8.75488e-22 3.746e-23 8.78152e-22 3.81295e-23 8.80817e-22 3.87939e-23 8.83481e-22 3.94533e-23 8.85998e-22 4.01078e-23 8.88516e-22 4.07575e-23 8.90885e-22 4.14026e-23 8.93403e-22 4.2043e-23 8.95773e-22 4.26789e-23 8.98143e-22 4.33104e-23 9.00365e-22 4.39375e-23 9.02736e-22 4.45603e-23 9.04811e-22 4.51789e-23 9.07182e-22 4.57934e-23 9.09257e-22 4.64038e-23 9.11333e-22 4.70103e-23 9.13408e-22 4.76128e-23
288.297 8.22891e-25 8.22891e-25 4.73932e-36 5.75935e-12 0 1.34429e-23 3.43152e-28 4.52148e-23 2.50643e-27 1.11009e-22 1.9366e-26 1.84146e-22 9.58731e-26 2.2379e-22 1.91394e-25 2.49398e-22 2.86624e-25 2.68711e-22 3.81569e-25 2.84336e-22 4.76233e-25 3.36148e-22 9.45467e-25 3.92203e-22 1.86486e-24 4.26376e-22 2.76109e-24 4.50809e-22 3.63638e-24 4.70028e-22 4.49248e-24 4.85611e-22 5.33085e-24 4.98836e-22 6.15275e-24 5.10234e-22 6.95923e-24 5.20341e-22 7.75125e-24 5.29479e-22 8.52963e-24 5.37536e-22 9.29511e-24 5.45055e-22 1.00484e-23 5.51924e-22 1.079e-23 5.58252e-22 1.15205e-23 5.64255e-22 1.22404e-23 5.69825e-22 1.29502e-23 5.7507e-22 1.36502e-23 5.79989e-22 1.4341e-23 5.84691e-22 1.50228e-23 5.89066e-22 1.56959e-23 5.93443e-22 1.63607e-23 5.97384e-22 1.70176e-23 6.01326e-22 1.76666e-23 6.0505e-22 1.83082e-23 6.08555e-22 1.89426e-23 6.12062e-22 1.95699e-23 6.1535e-22 2.01905e-23 6.1853e-22 2.08044e-23 6.216e-22 2.14119e-23 6.24561e-22 2.20133e-23 6.27413e-22 2.26085e-23 6.30266e-22 2.31979e-23 6.3301e-22 2.37816e-23 6.35754e-22 2.43597e-23 6.38169e-22 2.49324e-23 6.40804e-22 2.54998e-23 6.4322e-22 2.60621e-23 6.45637e-22 2.66193e-23 6.47834e-22 2.71716e-23 6.50251e-22 2.77192e-23 6.52448e-22 2.8262e-23 6.54536e-22 2.88003e-23 6.56624e-22 2.93341e-23 6.58823e-22 2.98635e-23 6.60802e-22 3.03886e-23 6.62781e-22 3.09095e-23 6.6476e-22 3.14264e-23 6.6663e-22 3.19392e-23 6.685e-22 3.24481e-23 6.7026e-22 3.29531e-23 6.7213e-22 3.34543e-23 6.7389e-22 3.39519e-23 6.75651e-22 3.44458e-23 6.77301e-22 3.49361e-23 6.79062e-22 3.54229e-23 6.80603e-22 3.59063e-23 6.82364e-22 3.63864e-23 6.83906e-22 3.68631e-23 6.85447e-22 3.73365e-23 6.86988e-22 3.78068e-23
303.095 7.44651e-25 7.44651e-25 3.87734e-36 5.20693e-12 0 1.13665e-23 2.81721e-28 3.63777e-23 2.05467e-27 8.66333e-23 1.58422e-26 1.41726e-22 7.84095e-26 1.71438e-22 1.56498e-25 1.90594e-22 2.34319e-25 2.05027e-22 3.11876e-25 2.16695e-22 3.89173e-25 2.55346e-22 7.71914e-25 2.97106e-22 1.52001e-24 3.22543e-22 2.24722e-24 3.40722e-22 2.95569e-24 3.55017e-22 3.64713e-24 3.66606e-22 4.32293e-24 3.76439e-22 4.98427e-24 3.84913e-22 5.63215e-24 3.92426e-22 6.26745e-24 3.99218e-22 6.89093e-24 4.05206e-22 7.50327e-24 4.10794e-22 8.10507e-24 4.15898e-22 8.69689e-24 4.206e-22 9.27922e-24 4.25061e-22 9.8525e-24 4.292e-22 1.04172e-23 4.33096e-22 1.09736e-23 4.36751e-22 1.15221e-23 4.40244e-22 1.2063e-23 4.43494e-22 1.25966e-23 4.46746e-22 1.31232e-23 4.49673e-22 1.36431e-23 4.52601e-22 1.41565e-23 4.55367e-22 1.46636e-23 4.57971e-22 1.51646e-23 4.60576e-22 1.56597e-23 4.63018e-22 1.61492e-23 4.6538e-22 1.66332e-23 4.6766e-22 1.71118e-23 4.69859e-22 1.75853e-23 4.71978e-22 1.80538e-23 4.74096e-22 1.85174e-23 4.76134e-22 1.89762e-23 4.78172e-22 1.94305e-23 4.79965e-22 1.98802e-23 4.81922e-22 2.03256e-23 4.83717e-22 2.07668e-23 4.85511e-22 2.12037e-23 4.87142e-22 2.16367e-23 4.88937e-22 2.20657e-23 4.90569e-22 2.24908e-23 4.9212e-22 2.29122e-23 4.9367e-22 2.33299e-23 4.95303e-22 2.37441e-23 4.96772e-22 2.41547e-23 4.98242e-22 2.45619e-23 4.99711e-22 2.49657e-23 5.011e-22 2.53663e-23 5.02488e-22 2.57636e-23 5.03795e-22 2.61578e-23 5.05183e-22 2.65489e-23 5.0649e-22 2.6937e-23 5.07798e-22 2.73221e-23 5.09023e-22 2.77043e-23 5.10331e-22 2.80836e-23 5.11475e-22 2.84602e-23 5.12782e-22 2.8834e-23 5.13926e-22 2.92052e-23 5.15071e-22 2.95737e-23 5.16215e-22 2.99396e-23
318.653 6.71396e-25 6.71396e-25 3.16434e-36 4.71308e-12 0 9.50018e-24 2.30195e-28 2.90185e-23 1.6765e-27 6.71609e-23 1.28985e-26 1.08446e-22 6.38229e-26 1.30608e-22 1.27355e-25 1.44873e-22 1.9064e-25 1.55611e-22 2.53684e-25 1.64286e-22 3.1649e-25 1.92995e-22 6.27103e-25 2.23976e-22 1.23261e-24 2.42833e-22 1.81941e-24 2.56304e-22 2.3896e-24 2.66894e-22 2.94478e-24 2.75477e-22 3.4863e-24 2.82759e-22 4.01523e-24 2.89033e-22 4.53251e-24 2.94596e-22 5.03895e-24 2.99624e-22 5.53524e-24 3.04057e-22 6.022e-24 3.08193e-22 6.49978e-24 3.11972e-22 6.96907e-24 3.15452e-22 7.43031e-24 3.18753e-22 7.8839e-24 3.21816e-22 8.33021e-24 3.247e-22 8.76957e-24 3.27404e-22 9.20229e-24 3.29989e-22 9.62866e-24 3.32395e-22 1.00489e-23 3.34801e-22 1.04634e-23 3.36967e-22 1.08722e-23 3.39133e-22 1.12755e-23 3.4118e-22 1.16737e-23 3.43106e-22 1.20668e-23 3.45034e-22 1.24551e-23 3.46841e-22 1.28387e-23 3.48588e-22 1.32177e-23 3.50275e-22 1.35923e-23 3.51902e-22 1.39627e-23 3.53469e-22 1.4329e-23 3.55036e-22 1.46912e-23 3.56544e-22 1.50496e-23 3.58051e-22 1.54041e-23 3.59378e-22 1.5755e-23 3.60826e-22 1.61023e-23 3.62153e-22 1.64462e-23 3.6348e-22 1.67866e-23 3.64687e-22 1.71238e-23 3.66015e-22 1.74577e-23 3.67222e-22 1.77885e-23 3.68369e-22 1.81162e-23 3.69516e-22 1.8441e-23 3.70723e-22 1.87628e-23 3.7181e-22 1.90818e-23 3.72897e-22 1.9398e-23 3.73984e-22 1.97114e-23 3.75011e-22 2.00223e-23 3.76038e-22 2.03305e-23 3.77004e-22 2.06361e-23 3.78031e-22 2.09393e-23 3.78998e-22 2.124e-23 3.79965e-22 2.15384e-23 3.80871e-22 2.18344e-23 3.81838e-22 2.21281e-23 3.82684e-22 2.24195e-23 3.83651e-22 2.27087e-23 3.84498e-22 2.29958e-23 3.85344e-22 2.32808e-23 3.8619e-22 2.35636e-23
335.009 6.0792e-25 6.0792e-25 2.58758e-36 4.25645e-12 0 7.91488e-24 1.88693e-28 2.31395e-23 1.37239e-27 5.21389e-23 1.05351e-26 8.3165e-23 5.21138e-26 9.97498e-23 1.03963e-25 1.10408e-22 1.55584e-25 1.18424e-22 2.06984e-25 1.24898e-22 2.58165e-25 1.46299e-22 5.10954e-25 1.6937e-22 1.00231e-24 1.83402e-22 1.47691e-24 1.93423e-22 1.93678e-24 2.01298e-22 2.38346e-24 2.0768e-22 2.81819e-24 2.13094e-22 3.24199e-24 2.17759e-22 3.65572e-24 2.21893e-22 4.06011e-24 2.25631e-22 4.4558e-24 2.28925e-22 4.84334e-24 2.31999e-22 5.22324e-24 2.34807e-22 5.59592e-24 2.37393e-22 5.9618e-24 2.39846e-22 6.32121e-24 2.42122e-22 6.67449e-24 2.44265e-22 7.02192e-24 2.46274e-22 7.36379e-24 2.48195e-22 7.70034e-24 2.49982e-22 8.0318e-24 2.51769e-22 8.35837e-24 2.53378e-22 8.68026e-24 2.54988e-22 8.99766e-24 2.56508e-22 9.31072e-24 2.57939e-22 9.61962e-24 2.59371e-22 9.92449e-24 2.60713e-22 1.02255e-23 2.62011e-22 1.05227e-23 2.63264e-22 1.08163e-23 2.64473e-22 1.11065e-23 2.65637e-22 1.13932e-23 2.66801e-22 1.16766e-23 2.6792e-22 1.19568e-23 2.6904e-22 1.2234e-23 2.70025e-22 1.25081e-23 2.71101e-22 1.27793e-23 2.72086e-22 1.30477e-23 2.73072e-22 1.33133e-23 2.73969e-22 1.35762e-23 2.74955e-22 1.38365e-23 2.75851e-22 1.40942e-23 2.76703e-22 1.43495e-23 2.77555e-22 1.46023e-23 2.78451e-22 1.48527e-23 2.79259e-22 1.51009e-23 2.80066e-22 1.53468e-23 2.80873e-22 1.55904e-23 2.81636e-22 1.5832e-23 2.82398e-22 1.60714e-23 2.83116e-22 1.63087e-23 2.83879e-22 1.65441e-23 2.84597e-22 1.67775e-23 2.85314e-22 1.70089e-23 2.85988e-22 1.72385e-23 2.86706e-22 1.74662e-23 2.87334e-22 1.76921e-23 2.88052e-22 1.79162e-23 2.8868e-22 1.81386e-23 2.89309e-22 1.83592e-23 2.89937e-22 1.85782e-23
352.205 5.50622e-25 5.50622e-25 2.12802e-36 3.86476e-12 0 6.55019e-24 1.54564e-28 1.8378e-23 1.12271e-27 4.03826e-23 8.5986e-27 6.36764e-23 4.25209e-26 7.60802e-23 8.48007e-26 8.40405e-23 1.26871e-25 9.00228e-23 1.68738e-25 9.48513e-23 2.10405e-25 1.10802e-22 4.15904e-25 1.2798e-22 8.14073e-25 1.38422e-22 1.1973e-24 1.45875e-22 1.56753e-24 1.51732e-22 1.92621e-24 1.56478e-22 2.2745e-24 1.60503e-22 2.61334e-24 1.63971e-22 2.94351e-24 1.67044e-22 3.26568e-24 1.69822e-22 3.58044e-24 1.72271e-22 3.88826e-24 1.74555e-22 4.18961e-24 1.76642e-22 4.48487e-24 1.78564e-22 4.77439e-24 1.80387e-22 5.05848e-24 1.82078e-22 5.33743e-24 1.8367e-22 5.61149e-24 1.85163e-22 5.88091e-24 1.8659e-22 6.1459e-24 1.87918e-22 6.40666e-24 1.89246e-22 6.66336e-24 1.90442e-22 6.91619e-24 1.91637e-22 7.1653e-24 1.92767e-22 7.41083e-24 1.9383e-22 7.65293e-24 1.94894e-22 7.89171e-24 1.95891e-22 8.12731e-24 1.96855e-22 8.35983e-24 1.97786e-22 8.58937e-24 1.98684e-22 8.81605e-24 1.99548e-22 9.03995e-24 2.00413e-22 9.26116e-24 2.01245e-22 9.47976e-24 2.02077e-22 9.69584e-24 2.02809e-22 9.90946e-24 2.03607e-22 1.01207e-23 2.0434e-22 1.03297e-23 2.05072e-22 1.05363e-23 2.05738e-22 1.07409e-23 2.0647e-22 1.09432e-23 2.07136e-22 1.11436e-23 2.07769e-22 1.13419e-23 2.08401e-22 1.15382e-23 2.09067e-22 1.17326e-23 2.09667e-22 1.19252e-23 2.10266e-22 1.21159e-23 2.10866e-22 1.23049e-23 2.11432e-22 1.24921e-23 2.11999e-22 1.26777e-23 2.12532e-22 1.28616e-23 2.13098e-22 1.30438e-23 2.13631e-22 1.32245e-23 2.14165e-22 1.34036e-23 2.14665e-22 1.35812e-23 2.15198e-22 1.37573e-23 2.15664e-22 1.3932e-23 2.16198e-22 1.41053e-23 2.16664e-22 1.42771e-23 2.17131e-22 1.44476e-23 2.17598e-22 1.46168e-23
370.284 4.98424e-25 4.98424e-25 1.74386e-36 3.49874e-12 0 5.38198e-24 1.26404e-28 1.45285e-23 9.17027e-28 3.11805e-23 7.00661e-27 4.86381e-23 3.46362e-26 5.79017e-23 6.9053e-26 6.38393e-23 1.03278e-25 6.82984e-23 1.37316e-25 7.18958e-23 1.71173e-25 8.37713e-23 3.37883e-25 9.65485e-23 6.59786e-25 1.04311e-22 9.68436e-25 1.0985e-22 1.26567e-24 1.14202e-22 1.55285e-24 1.17727e-22 1.83105e-24 1.20717e-22 2.10112e-24 1.23293e-22 2.36379e-24 1.25576e-22 2.61964e-24 1.27639e-22 2.8692e-24 1.29457e-22 3.11291e-24 1.31154e-22 3.35116e-24 1.32703e-22 3.5843e-24 1.3413e-22 3.81264e-24 1.35484e-22 4.03644e-24 1.3674e-22 4.25596e-24 1.37922e-22 4.47142e-24 1.3903e-22 4.68303e-24 1.4009e-22 4.89096e-24 1.41075e-22 5.09541e-24 1.42061e-22 5.29651e-24 1.42949e-22 5.49442e-24 1.43837e-22 5.68927e-24 1.44675e-22 5.88118e-24 1.45464e-22 6.07028e-24 1.46254e-22 6.25668e-24 1.46994e-22 6.44046e-24 1.4771e-22 6.62173e-24 1.48401e-22 6.80058e-24 1.49067e-22 6.97709e-24 1.49709e-22 7.15135e-24 1.50351e-22 7.32342e-24 1.50968e-22 7.49337e-24 1.51586e-22 7.66128e-24 1.52129e-22 7.8272e-24 1.52722e-22 7.9912e-24 1.53265e-22 8.15333e-24 1.53809e-22 8.31365e-24 1.54303e-22 8.47221e-24 1.54846e-22 8.62905e-24 1.55341e-22 8.78423e-24 1.5581e-22 8.93779e-24 1.5628e-22 9.08977e-24 1.56774e-22 9.24021e-24 1.57219e-22 9.38916e-24 1.57664e-22 9.53664e-24 1.58109e-22 9.6827e-24 1.58529e-22 9.82737e-24 1.5895e-22 9.97068e-24 1.59345e-22 1.01127e-23 1.59766e-22 1.02534e-23 1.60161e-22 1.03928e-23 1.60557e-22 1.0531e-23 1.60928e-22 1.06679e-23 1.61324e-22 1.08037e-23 1.6167e-22 1.09384e-23 1.62066e-22 1.10719e-23 1.62412e-22 1.12043e-23 1.62759e-22 1.13356e-23 1.63105e-22 1.14658e-23
389.291 4.51103e-25 4.51103e-25 1.42433e-36 3.15745e-12 0 4.39416e-24 1.03255e-28 1.144e-23 7.48196e-28 2.40153e-23 5.70272e-27 3.7083e-23 2.81795e-26 4.39952e-23 5.61596e-26 4.84205e-23 8.39641e-26 5.17419e-23 1.11599e-25 5.44203e-23 1.39068e-25 6.32561e-23 2.74089e-25 7.27551e-23 5.33832e-25 7.85227e-23 7.81872e-25 8.26376e-23 1.01994e-24 8.58698e-23 1.24931e-24 8.84879e-23 1.47094e-24 9.07081e-23 1.68564e-24 9.26204e-23 1.89403e-24 9.43153e-23 2.09666e-24 9.58469e-23 2.29398e-24 9.71969e-23 2.48638e-24 9.84561e-23 2.67421e-24 9.96063e-23 2.85778e-24 1.00666e-22 3.03734e-24 1.0167e-22 3.21314e-24 1.02602e-22 3.38539e-24 1.0348e-22 3.55429e-24 1.04302e-22 3.72001e-24 1.05089e-22 3.8827e-24 1.0582e-22 4.04253e-24 1.06552e-22 4.19961e-24 1.07211e-22 4.35408e-24 1.07869e-22 4.50605e-24 1.08492e-22 4.65563e-24 1.09077e-22 4.80291e-24 1.09663e-22 4.94798e-24 1.10212e-22 5.09094e-24 1.10743e-22 5.23185e-24 1.11256e-22 5.3708e-24 1.11751e-22 5.50786e-24 1.12227e-22 5.64309e-24 1.12703e-22 5.77655e-24 1.13161e-22 5.90831e-24 1.13619e-22 6.03842e-24 1.14023e-22 6.16693e-24 1.14463e-22 6.29389e-24 1.14866e-22 6.41934e-24 1.15269e-22 6.54334e-24 1.15636e-22 6.66593e-24 1.16039e-22 6.78714e-24 1.16406e-22 6.90702e-24 1.16754e-22 7.0256e-24 1.17102e-22 7.14292e-24 1.17469e-22 7.25901e-24 1.17799e-22 7.3739e-24 1.18129e-22 7.48762e-24 1.1846e-22 7.60021e-24 1.18771e-22 7.71168e-24 1.19083e-22 7.82208e-24 1.19377e-22 7.93142e-24 1.19689e-22 8.03973e-24 1.19982e-22 8.14703e-24 1.20276e-22 8.25335e-24 1.20551e-22 8.35871e-24 1.20845e-22 8.46313e-24 1.21102e-22 8.56663e-24 1.21395e-22 8.66923e-24 1.21652e-22 8.77094e-24 1.21909e-22 8.8718e-24 1.22166e-22 8.97181e-24
409.273 4.08037e-25 4.08037e-25 1.16e-36 2.84289e-12 0 3.5648e-24 8.42144e-29 8.97086e-24 6.09522e-28 1.84454e-23 4.63423e-27 2.82119e-23 2.28894e-26 3.33631e-23 4.55977e-26 3.66575e-23 6.81459e-26 3.91287e-23 9.05394e-26 4.11207e-23 1.12783e-25 4.76885e-23 2.2191e-25 5.47439e-23 4.30997e-25 5.90258e-23 6.29802e-25 6.20799e-23 8.19947e-25 6.44786e-23 1.0026e-24 6.64212e-23 1.17864e-24 6.80685e-23 1.34879e-24 6.94872e-23 1.5136e-24 7.07445e-23 1.67357e-24 7.18807e-23 1.82908e-24 7.28821e-23 1.98049e-24 7.38161e-23 2.12809e-24 7.46692e-23 2.27215e-24 7.54549e-23 2.4129e-24 7.62001e-23 2.55054e-24 7.68912e-23 2.68526e-24 7.75419e-23 2.81722e-24 7.8152e-23 2.94658e-24 7.87351e-23 3.07346e-24 7.92777e-23 3.19799e-24 7.98203e-23 3.3203e-24 8.03087e-23 3.44047e-24 8.07973e-23 3.55861e-24 8.12587e-23 3.6748e-24 8.1693e-23 3.78914e-24 8.21275e-23 3.90169e-24 8.25348e-23 4.01252e-24 8.29285e-23 4.12171e-24 8.33088e-23 4.22932e-24 8.36755e-23 4.3354e-24 8.40286e-23 4.44001e-24 8.43818e-23 4.5432e-24 8.47214e-23 4.64502e-24 8.50611e-23 4.74552e-24 8.536e-23 4.84473e-24 8.56861e-23 4.9427e-24 8.59851e-23 5.03948e-24 8.62841e-23 5.13509e-24 8.65559e-23 5.22957e-24 8.6855e-23 5.32295e-24 8.71268e-23 5.41527e-24 8.73851e-23 5.50656e-24 8.76435e-23 5.59684e-24 8.79154e-23 5.68614e-24 8.81601e-23 5.77449e-24 8.84049e-23 5.86191e-24 8.86497e-23 5.94843e-24 8.88808e-23 6.03407e-24 8.91121e-23 6.11886e-24 8.93297e-23 6.2028e-24 8.95609e-23 6.28593e-24 8.97785e-23 6.36827e-24 8.99962e-23 6.44982e-24 9.02002e-23 6.53062e-24 9.04179e-23 6.61067e-24 9.06084e-23 6.69e-24 9.08261e-23 6.76861e-24 9.10165e-23 6.84654e-24 9.1207e-23 6.92378e-24 9.13976e-23 7.00035e-24
430.281 3.68282e-25 3.68282e-25 9.44706e-37 2.56517e-12 0 2.87003e-24 6.84705e-29 6.99598e-24 4.95015e-28 1.41075e-23 3.75421e-27 2.13846e-23 1.85331e-26 2.52128e-23 3.69022e-26 2.76588e-23 5.5126e-26 2.94926e-23 7.32099e-26 3.09703e-23 9.1159e-26 3.58397e-23 1.79031e-25 4.10673e-23 3.46668e-25 4.42384e-23 5.05332e-25 4.64999e-23 6.5653e-25 4.82756e-23 8.01321e-25 4.97137e-23 9.40508e-25 5.0933e-23 1.07472e-24 5.19831e-23 1.20445e-24 5.29136e-23 1.33013e-24 5.37545e-23 1.45212e-24 5.44955e-23 1.57069e-24 5.51867e-23 1.68613e-24 5.5818e-23 1.79864e-24 5.63993e-23 1.90843e-24 5.69507e-23 2.01568e-24 5.74622e-23 2.12054e-24 5.79436e-23 2.22314e-24 5.8395e-23 2.32363e-24 5.88265e-23 2.4221e-24 5.92279e-23 2.51868e-24 5.96293e-23 2.61344e-24 5.99907e-23 2.70648e-24 6.03521e-23 2.79788e-24 6.06935e-23 2.88772e-24 6.10149e-23 2.97606e-24 6.13363e-23 3.06296e-24 6.16376e-23 3.14848e-24 6.19289e-23 3.23269e-24 6.22102e-23 3.31563e-24 6.24815e-23 3.39735e-24 6.27427e-23 3.47789e-24 6.3004e-23 3.5573e-24 6.32552e-23 3.63562e-24 6.35065e-23 3.71288e-24 6.37276e-23 3.78912e-24 6.39689e-23 3.86437e-24 6.419e-23 3.93868e-24 6.44112e-23 4.01205e-24 6.46123e-23 4.08453e-24 6.48335e-23 4.15615e-24 6.50346e-23 4.22692e-24 6.52257e-23 4.29687e-24 6.54167e-23 4.36602e-24 6.56179e-23 4.43441e-24 6.57989e-23 4.50204e-24 6.598e-23 4.56894e-24 6.6161e-23 4.63513e-24 6.6332e-23 4.70062e-24 6.65031e-23 4.76544e-24 6.6664e-23 4.8296e-24 6.68351e-23 4.89312e-24 6.6996e-23 4.95601e-24 6.7157e-23 5.01829e-24 6.7308e-23 5.07997e-24 6.7469e-23 5.14107e-24 6.76098e-23 5.2016e-24 6.77709e-23 5.26157e-24 6.79118e-23 5.321e-24 6.80527e-23 5.3799e-24 6.81936e-23 5.43827e-24
452.368 3.34317e-25 3.34317e-25 7.77651e-37 2.32609e-12 0 2.31214e-24 5.59387e-29 5.47014e-24 4.03965e-28 1.08309e-23 3.05605e-27 1.62801e-23 1.50771e-26 1.91398e-23 3.00048e-26 2.09655e-23 4.48002e-26 2.23336e-23 5.94689e-26 2.34357e-23 7.40157e-26 2.70656e-23 1.45069e-25 3.096e-23 2.79994e-25 3.33216e-23 4.07082e-25 3.50053e-23 5.27726e-25 3.63273e-23 6.42892e-25 3.73978e-23 7.53298e-25 3.83053e-23 8.59504e-25 3.90869e-23 9.61954e-25 3.97794e-23 1.06102e-24 4.04052e-23 1.157e-24 4.09567e-23 1.25015e-24 4.1471e-23 1.34071e-24 4.19408e-23 1.42886e-24 4.23734e-23 1.51478e-24 4.27837e-23 1.5986e-24 4.31642e-23 1.68047e-24 4.35224e-23 1.76051e-24 4.38583e-23 1.83881e-24 4.41794e-23 1.91548e-24 4.4478e-23 1.99061e-24 4.47767e-23 2.06427e-24 4.50456e-23 2.13653e-24 4.53145e-23 2.20748e-24 4.55685e-23 2.27715e-24 4.58075e-23 2.34562e-24 4.60466e-23 2.41294e-24 4.62708e-23 2.47915e-24 4.64875e-23 2.5443e-24 4.66968e-23 2.60843e-24 4.68986e-23 2.67159e-24 4.7093e-23 2.73381e-24 4.72874e-23 2.79512e-24 4.74743e-23 2.85556e-24 4.76612e-23 2.91515e-24 4.78257e-23 2.97394e-24 4.80052e-23 3.03194e-24 4.81697e-23 3.08918e-24 4.83342e-23 3.14568e-24 4.84838e-23 3.20147e-24 4.86484e-23 3.25658e-24 4.8798e-23 3.31101e-24 4.89401e-23 3.3648e-24 4.90822e-23 3.41795e-24 4.92319e-23 3.4705e-24 4.93665e-23 3.52245e-24 4.95012e-23 3.57382e-24 4.96359e-23 3.62463e-24 4.97631e-23 3.67489e-24 4.98903e-23 3.72462e-24 5.001e-23 3.77383e-24 5.01373e-23 3.82253e-24 5.0257e-23 3.87074e-24 5.03768e-23 3.91847e-24 5.0489e-23 3.96573e-24 5.06088e-23 4.01253e-24 5.07136e-23 4.05888e-24 5.08334e-23 4.10479e-24 5.09382e-23 4.15028e-24 5.1043e-23 4.19535e-24 5.11478e-23 4.24001e-24
475.588 3.02214e-25 3.02214e-25 6.3826e-37 2.11195e-12 0 1.84602e-24 4.5469e-29 4.2467e-24 3.27986e-28 8.26553e-24 2.47525e-27 1.23259e-23 1.22019e-26 1.44522e-23 2.42685e-26 1.58085e-23 3.62154e-26 1.68245e-23 4.80482e-26 1.76428e-23 5.97718e-26 2.03365e-23 1.16895e-25 2.3225e-23 2.2483e-25 2.49759e-23 3.25981e-25 2.6224e-23 4.21622e-25 2.72039e-23 5.12621e-25 2.79973e-23 5.99618e-25 2.86698e-23 6.83101e-25 2.9249e-23 7.63462e-25 2.97622e-23 8.41017e-25 3.02259e-23 9.16031e-25 3.06345e-23 9.88724e-25 3.10156e-23 1.05929e-24 3.13637e-23 1.12789e-24 3.16842e-23 1.19466e-24 3.19882e-23 1.25974e-24 3.22701e-23 1.32323e-24 3.25355e-23 1.38524e-24 3.27843e-23 1.44585e-24 3.30221e-23 1.50514e-24 3.32434e-23 1.56319e-24 3.34647e-23 1.62007e-24 3.36639e-23 1.67582e-24 3.38631e-23 1.73052e-24 3.40512e-23 1.7842e-24 3.42283e-23 1.83692e-24 3.44054e-23 1.88872e-24 3.45715e-23 1.93964e-24 3.47321e-23 1.98972e-24 3.48871e-23 2.03898e-24 3.50366e-23 2.08747e-24 3.51805e-23 2.13522e-24 3.53245e-23 2.18225e-24 3.5463e-23 2.22859e-24 3.56014e-23 2.27426e-24 3.57233e-23 2.31929e-24 3.58562e-23 2.3637e-24 3.59781e-23 2.40751e-24 3.60999e-23 2.45074e-24 3.62107e-23 2.49341e-24 3.63326e-23 2.53553e-24 3.64434e-23 2.57714e-24 3.65487e-23 2.61823e-24 3.6654e-23 2.65882e-24 3.67648e-23 2.69894e-24 3.68646e-23 2.73859e-24 3.69643e-23 2.77779e-24 3.70641e-23 2.81654e-24 3.71583e-23 2.85487e-24 3.72525e-23 2.89278e-24 3.73412e-23 2.93029e-24 3.74354e-23 2.96739e-24 3.75241e-23 3.00412e-24 3.76128e-23 3.04046e-24 3.7696e-23 3.07644e-24 3.77847e-23 3.11206e-24 3.78623e-23 3.14734e-24 3.7951e-23 3.18227e-24 3.80286e-23 3.21686e-24 3.81063e-23 3.25114e-24 3.81839e-23 3.28509e-24
500 2.73052e-25 2.73052e-25 5.23244e-37 1.91628e-12 0 1.46649e-24 3.69107e-29 3.28612e-24 2.65925e-28 6.29373e-24 2.00232e-27 9.31569e-24 9.86023e-27 1.08951e-23 1.95976e-26 1.19019e-23 2.92273e-26 1.26558e-23 3.87547e-26 1.32627e-23 4.81847e-26 1.52602e-23 9.40097e-26 1.74009e-23 1.80143e-25 1.86982e-23 2.60433e-25 1.96228e-23 3.36037e-25 2.03486e-23 4.07732e-25 2.09362e-23 4.76078e-25 2.14343e-23 5.41504e-25 2.18632e-23 6.04347e-25 2.22432e-23 6.6488e-25 2.25866e-23 7.23328e-25 2.28892e-23 7.79879e-25 2.31714e-23 8.34696e-25 2.34291e-23 8.87915e-25 2.36664e-23 9.39658e-25 2.38915e-23 9.90029e-25 2.41002e-23 1.03912e-24 2.42967e-23 1.08702e-24 2.4481e-23 1.13379e-24 2.4657e-23 1.17951e-24 2.48208e-23 1.22424e-24 2.49847e-23 1.26802e-24 2.51321e-23 1.31091e-24 2.52796e-23 1.35296e-24 2.54189e-23 1.3942e-24 2.555e-23 1.43468e-24 2.56811e-23 1.47442e-24 2.58041e-23 1.51347e-24 2.59229e-23 1.55185e-24 2.60377e-23 1.58959e-24 2.61484e-23 1.62671e-24 2.62549e-23 1.66325e-24 2.63615e-23 1.69922e-24 2.6464e-23 1.73465e-24 2.65665e-23 1.76956e-24 2.66567e-23 1.80395e-24 2.67551e-23 1.83786e-24 2.68453e-23 1.87131e-24 2.69355e-23 1.90429e-24 2.70176e-23 1.93684e-24 2.71078e-23 1.96896e-24 2.71898e-23 2.00067e-24 2.72677e-23 2.03198e-24 2.73457e-23 2.0629e-24 2.74277e-23 2.09345e-24 2.75016e-23 2.12363e-24 2.75754e-23 2.15346e-24 2.76492e-23 2.18295e-24 2.7719e-23 2.2121e-24 2.77887e-23 2.24093e-24 2.78544e-23 2.26944e-24 2.79241e-23 2.29764e-24 2.79898e-23 2.32554e-24 2.80554e-23 2.35315e-24 2.8117e-23 2.38047e-24 2.81826e-23 2.40752e-24 2.82401e-23 2.43429e-24 2.83057e-23 2.4608e-24 2.83632e-23 2.48705e-24 2.84207e-23 2.51305e-24 2.84781e-23 2.5388e-24
525.665 2.47161e-25 2.47161e-25 4.28873e-37 1.73519e-12 0 1.16224e-24 3.00008e-29 2.54094e-24 2.15826e-28 4.79348e-24 1.62183e-27 7.04542e-24 7.97491e-27 8.22031e-24 1.58379e-26 8.96876e-24 2.36043e-26 9.52899e-24 3.12791e-26 9.97995e-24 3.88671e-26 1.14634e-23 7.56361e-26 1.30526e-23 1.44362e-25 1.40154e-23 2.08071e-25 1.47015e-23 2.67808e-25 1.524e-23 3.24262e-25 1.5676e-23 3.77924e-25 1.60455e-23 4.29166e-25 1.63637e-23 4.78278e-25 1.66456e-23 5.25494e-25 1.69003e-23 5.71005e-25 1.71247e-23 6.14971e-25 1.7334e-23 6.57528e-25 1.75252e-23 6.98791e-25 1.77012e-23 7.38861e-25 1.78682e-23 7.77825e-25 1.8023e-23 8.15761e-25 1.81687e-23 8.52737e-25 1.83054e-23 8.88815e-25 1.8436e-23 9.24049e-25 1.85574e-23 9.58488e-25 1.86789e-23 9.92177e-25 1.87883e-23 1.02516e-24 1.88977e-23 1.05746e-24 1.9001e-23 1.08913e-24 1.90982e-23 1.12019e-24 1.91955e-23 1.15068e-24 1.92866e-23 1.18061e-24 1.93748e-23 1.21001e-24 1.94599e-23 1.23891e-24 1.9542e-23 1.26733e-24 1.9621e-23 1.29528e-24 1.97e-23 1.32278e-24 1.9776e-23 1.34986e-24 1.98521e-23 1.37653e-24 1.99189e-23 1.4028e-24 1.99919e-23 1.42869e-24 2.00588e-23 1.45421e-24 2.01257e-23 1.47937e-24 2.01865e-23 1.50419e-24 2.02534e-23 1.52867e-24 2.03143e-23 1.55284e-24 2.03721e-23 1.57669e-24 2.04299e-23 1.60024e-24 2.04907e-23 1.6235e-24 2.05454e-23 1.64647e-24 2.06002e-23 1.66917e-24 2.0655e-23 1.6916e-24 2.07067e-23 1.71377e-24 2.07584e-23 1.73569e-24 2.08071e-23 1.75736e-24 2.08588e-23 1.77879e-24 2.09075e-23 1.79999e-24 2.09562e-23 1.82096e-24 2.10018e-23 1.84171e-24 2.10505e-23 1.86224e-24 2.10931e-23 1.88257e-24 2.11418e-23 1.90268e-24 2.11844e-23 1.9226e-24 2.1227e-23 1.94232e-24 2.12696e-23 1.96185e-24
552.648 2.23771e-25 2.23771e-25 3.50731e-37 1.56737e-12 0 9.17659e-25 2.4384e-29 1.96039e-24 1.75072e-28 3.64606e-24 1.31347e-27 5.32363e-24 6.44528e-27 6.19745e-24 1.27883e-26 6.75378e-24 1.90448e-26 7.17008e-24 2.52199e-26 7.50511e-24 3.13179e-26 8.60686e-24 6.07768e-26 9.78665e-24 1.15516e-25 1.05012e-23 1.65966e-25 1.10103e-23 2.13065e-25 1.14099e-23 2.5742e-25 1.17334e-23 2.99459e-25 1.20075e-23 3.39502e-25 1.22436e-23 3.77797e-25 1.24527e-23 4.14543e-25 1.26417e-23 4.49901e-25 1.28082e-23 4.84006e-25 1.29635e-23 5.16971e-25 1.31053e-23 5.48893e-25 1.32358e-23 5.79856e-25 1.33597e-23 6.09931e-25 1.34745e-23 6.39182e-25 1.35826e-23 6.67667e-25 1.3684e-23 6.95435e-25 1.37809e-23 7.2253e-25 1.3871e-23 7.48994e-25 1.39611e-23 7.74863e-25 1.40422e-23 8.00169e-25 1.41233e-23 8.24943e-25 1.42e-23 8.49212e-25 1.42721e-23 8.73002e-25 1.43442e-23 8.96335e-25 1.44118e-23 9.19234e-25 1.44772e-23 9.41717e-25 1.45403e-23 9.63803e-25 1.46012e-23 9.8551e-25 1.46598e-23 1.00685e-24 1.47184e-23 1.02785e-24 1.47748e-23 1.0485e-24 1.48312e-23 1.06884e-24 1.48808e-23 1.08887e-24 1.49349e-23 1.10859e-24 1.49845e-23 1.12803e-24 1.50341e-23 1.14719e-24 1.50793e-23 1.16609e-24 1.51289e-23 1.18472e-24 1.5174e-23 1.2031e-24 1.52168e-23 1.22124e-24 1.52597e-23 1.23915e-24 1.53048e-23 1.25682e-24 1.53454e-23 1.27428e-24 1.5386e-23 1.29152e-24 1.54266e-23 1.30856e-24 1.5465e-23 1.32539e-24 1.55034e-23 1.34202e-24 1.55395e-23 1.35847e-24 1.55778e-23 1.37473e-24 1.56139e-23 1.39081e-24 1.565e-23 1.40671e-24 1.56839e-23 1.42244e-24 1.572e-23 1.43801e-24 1.57516e-23 1.45341e-24 1.57877e-23 1.46866e-24 1.58193e-23 1.48374e-24 1.58509e-23 1.49868e-24 1.58825e-23 1.51347e-24
581.015 2.03214e-25 2.03214e-25 2.8763e-37 1.41541e-12 0 7.24073e-25 1.98889e-29 1.51365e-24 1.42367e-28 2.77782e-24 1.06701e-27 4.03073e-24 5.22023e-27 4.68239e-24 1.03463e-26 5.09707e-24 1.5395e-26 5.40727e-24 2.03713e-26 5.65688e-24 2.52793e-26 6.47746e-24 4.89131e-26 7.35585e-24 9.2557e-26 7.88773e-24 1.3254e-25 8.26666e-24 1.69702e-25 8.56402e-24 2.04574e-25 8.80472e-24 2.37528e-25 9.00873e-24 2.68839e-25 9.18438e-24 2.98719e-25 9.33999e-24 3.27335e-25 9.48059e-24 3.54823e-25 9.60447e-24 3.81296e-25 9.72e-24 4.06849e-25 9.8255e-24 4.31562e-25 9.92264e-24 4.55504e-25 1.00148e-23 4.78735e-25 1.01002e-23 5.01308e-25 1.01806e-23 5.23268e-25 1.0256e-23 5.44657e-25 1.03281e-23 5.65512e-25 1.03951e-23 5.85865e-25 1.04622e-23 6.05745e-25 1.05225e-23 6.25181e-25 1.05829e-23 6.44195e-25 1.06399e-23 6.62811e-25 1.06935e-23 6.81048e-25 1.07472e-23 6.98926e-25 1.07975e-23 7.16461e-25 1.08461e-23 7.3367e-25 1.08931e-23 7.50567e-25 1.09384e-23 7.67166e-25 1.0982e-23 7.83479e-25 1.10256e-23 7.99519e-25 1.10675e-23 8.15296e-25 1.11095e-23 8.30821e-25 1.11464e-23 8.46104e-25 1.11866e-23 8.61153e-25 1.12235e-23 8.75977e-25 1.12604e-23 8.90585e-25 1.1294e-23 9.04983e-25 1.13309e-23 9.19179e-25 1.13645e-23 9.3318e-25 1.13963e-23 9.46992e-25 1.14282e-23 9.60622e-25 1.14618e-23 9.74074e-25 1.1492e-23 9.87355e-25 1.15222e-23 1.00047e-24 1.15524e-23 1.01342e-24 1.15809e-23 1.02622e-24 1.16095e-23 1.03886e-24 1.16363e-23 1.05136e-24 1.16648e-23 1.06371e-24 1.16917e-23 1.07592e-24 1.17186e-23 1.088e-24 1.17437e-23 1.09995e-24 1.17706e-23 1.11176e-24 1.17941e-23 1.12345e-24 1.18209e-23 1.13502e-24 1.18444e-23 1.14646e-24 1.18679e-23 1.15779e-24 1.18914e-23 1.16901e-24
610.839 1.8445e-25 1.8445e-25 2.35212e-37 1.27521e-12 0 5.69049e-25 1.62418e-29 1.16561e-24 1.15681e-28 2.11242e-24 8.66782e-28 3.04726e-24 4.22226e-27 3.53284e-24 8.35723e-27 3.8417e-24 1.24235e-26 4.07268e-24 1.64257e-26 4.2585e-24 2.03678e-26 4.86925e-24 3.92853e-26 5.52279e-24 7.39942e-26 5.91844e-24 1.05595e-25 6.20028e-24 1.34832e-25 6.42144e-24 1.6217e-25 6.60045e-24 1.87928e-25 6.75216e-24 2.12341e-25 6.88278e-24 2.35587e-25 6.9985e-24 2.57807e-25 7.10304e-24 2.79116e-25 7.19516e-24 2.99607e-25 7.28106e-24 3.19359e-25 7.35951e-24 3.38437e-25 7.43174e-24 3.569e-25 7.50025e-24 3.74795e-25 7.56377e-24 3.92166e-25 7.62357e-24 4.09051e-25 7.67964e-24 4.25482e-25 7.73322e-24 4.4149e-25 7.78306e-24 4.57102e-25 7.83291e-24 4.72341e-25 7.87777e-24 4.87229e-25 7.92264e-24 5.01785e-25 7.96502e-24 5.16028e-25 8.00491e-24 5.29973e-25 8.0448e-24 5.43636e-25 8.0822e-24 5.57031e-25 8.11836e-24 5.7017e-25 8.15327e-24 5.83065e-25 8.18693e-24 5.95728e-25 8.21935e-24 6.08167e-25 8.25177e-24 6.20392e-25 8.28295e-24 6.32413e-25 8.31413e-24 6.44237e-25 8.34156e-24 6.55873e-25 8.37149e-24 6.67327e-25 8.39893e-24 6.78606e-25 8.42637e-24 6.89716e-25 8.45132e-24 7.00664e-25 8.47876e-24 7.11455e-25 8.5037e-24 7.22095e-25 8.5274e-24 7.32588e-25 8.55111e-24 7.42939e-25 8.57605e-24 7.53154e-25 8.59851e-24 7.63236e-25 8.62097e-24 7.73189e-25 8.64342e-24 7.83017e-25 8.66463e-24 7.92724e-25 8.68584e-24 8.02313e-25 8.7058e-24 8.11789e-25 8.72701e-24 8.21153e-25 8.74698e-24 8.30409e-25 8.76694e-24 8.39561e-25 8.78566e-24 8.4861e-25 8.80562e-24 8.5756e-25 8.82309e-24 8.66412e-25 8.84306e-24 8.75171e-25 8.86053e-24 8.83837e-25 8.878e-24 8.92414e-25 8.89547e-24 9.00903e-25
642.193 1.6728e-25 1.6728e-25 1.91578e-37 1.14525e-12 0 4.4539e-25 1.33024e-29 8.95061e-25 9.39393e-29 1.60305e-24 7.04353e-28 2.29971e-24 3.40964e-27 2.66115e-24 6.73778e-27 2.89094e-24 1.00053e-26 3.06275e-24 1.32164e-26 3.20095e-24 1.63749e-26 3.65506e-24 3.14778e-26 4.14085e-24 5.90015e-26 4.43488e-24 8.39008e-26 4.64432e-24 1.06832e-25 4.80865e-24 1.28195e-25 4.94165e-24 1.48264e-25 5.05438e-24 1.67238e-25 5.15142e-24 1.85266e-25 5.23739e-24 2.02466e-25 5.31506e-24 2.18934e-25 5.38349e-24 2.34746e-25 5.44731e-24 2.49966e-25 5.50559e-24 2.6465e-25 5.55925e-24 2.78844e-25 5.61014e-24 2.92588e-25 5.65733e-24 3.05917e-25 5.70175e-24 3.18861e-25 5.7434e-24 3.31447e-25 5.7832e-24 3.437e-25 5.82023e-24 3.5564e-25 5.85726e-24 3.67288e-25 5.89059e-24 3.7866e-25 5.92392e-24 3.89773e-25 5.9554e-24 4.00639e-25 5.98503e-24 4.11274e-25 6.01466e-24 4.21688e-25 6.04244e-24 4.31892e-25 6.0693e-24 4.41897e-25 6.09523e-24 4.51711e-25 6.12023e-24 4.61345e-25 6.14431e-24 4.70805e-25 6.16839e-24 4.80099e-25 6.19155e-24 4.89234e-25 6.21471e-24 4.98216e-25 6.23509e-24 5.07052e-25 6.25732e-24 5.15747e-25 6.2777e-24 5.24307e-25 6.29808e-24 5.32736e-25 6.31661e-24 5.4104e-25 6.33699e-24 5.49222e-25 6.35552e-24 5.57287e-25 6.37313e-24 5.65239e-25 6.39073e-24 5.73082e-25 6.40926e-24 5.80819e-25 6.42594e-24 5.88454e-25 6.44262e-24 5.95989e-25 6.4593e-24 6.03428e-25 6.47505e-24 6.10774e-25 6.49081e-24 6.1803e-25 6.50563e-24 6.25197e-25 6.52139e-24 6.3228e-25 6.53622e-24 6.39279e-25 6.55104e-24 6.46197e-25 6.56495e-24 6.53037e-25 6.57977e-24 6.59801e-25 6.59275e-24 6.6649e-25 6.60758e-24 6.73107e-25 6.62055e-24 6.79653e-25 6.63353e-24 6.8613e-25 6.64651e-24 6.9254e-25
675.157 1.51588e-25 1.51588e-25 1.55458e-37 1.02552e-12 0 3.47263e-25 1.09624e-29 6.85467e-25 7.62987e-29 1.2141e-24 5.73039e-28 1.73267e-24 2.74947e-27 2.00141e-24 5.42217e-27 2.17221e-24 8.04171e-27 2.29988e-24 1.0612e-26 2.40257e-24 1.31363e-26 2.7399e-24 2.51624e-26 3.10066e-24 4.69259e-26 3.31898e-24 6.64858e-26 3.47447e-24 8.44149e-26 3.59647e-24 1.01058e-25 3.6952e-24 1.16646e-25 3.77888e-24 1.31347e-25 3.85092e-24 1.45286e-25 3.91473e-24 1.5856e-25 3.97239e-24 1.71247e-25 4.02318e-24 1.83412e-25 4.07055e-24 1.95107e-25 4.11381e-24 2.06375e-25 4.15364e-24 2.17256e-25 4.19141e-24 2.27781e-25 4.22644e-24 2.37979e-25 4.25941e-24 2.47874e-25 4.29032e-24 2.57488e-25 4.31986e-24 2.66841e-25 4.34734e-24 2.75949e-25 4.37482e-24 2.84827e-25 4.39956e-24 2.93491e-25 4.4243e-24 3.01951e-25 4.44766e-24 3.1022e-25 4.46965e-24 3.18308e-25 4.49164e-24 3.26225e-25 4.51226e-24 3.33978e-25 4.53219e-24 3.41577e-25 4.55144e-24 3.49028e-25 4.57e-24 3.56339e-25 4.58787e-24 3.63515e-25 4.60574e-24 3.70563e-25 4.62293e-24 3.77488e-25 4.64011e-24 3.84294e-25 4.65524e-24 3.90988e-25 4.67174e-24 3.97573e-25 4.68686e-24 4.04053e-25 4.70199e-24 4.10433e-25 4.71574e-24 4.16716e-25 4.73087e-24 4.22906e-25 4.74462e-24 4.29005e-25 4.75768e-24 4.35017e-25 4.77075e-24 4.40946e-25 4.7845e-24 4.46793e-25 4.79688e-24 4.52561e-25 4.80926e-24 4.58253e-25 4.82163e-24 4.63871e-25 4.83333e-24 4.69418e-25 4.84502e-24 4.74895e-25 4.85602e-24 4.80305e-25 4.86771e-24 4.85649e-25 4.87872e-24 4.9093e-25 4.88972e-24 4.96149e-25 4.90004e-24 5.01307e-25 4.91104e-24 5.06408e-25 4.92067e-24 5.11451e-25 4.93168e-24 5.16439e-25 4.9413e-24 5.21373e-25 4.95093e-24 5.26254e-25 4.96056e-24 5.31084e-25
709.813 1.37263e-25 1.37263e-25 1.25821e-37 9.16647e-13 0 2.69772e-25 9.13221e-30 5.23618e-25 6.2054e-29 9.17783e-25 4.67232e-28 1.30336e-24 2.21434e-27 1.50299e-24 4.35569e-27 1.62981e-24 6.45073e-27 1.7246e-24 8.50298e-27 1.80082e-24 1.05155e-26 2.05117e-24 2.00663e-26 2.31885e-24 3.72264e-26 2.48081e-24 5.25459e-26 2.59616e-24 6.65218e-26 2.68665e-24 7.94478e-26 2.75988e-24 9.15193e-26 2.82195e-24 1.02875e-25 2.87538e-24 1.1362e-25 2.92271e-24 1.23834e-25 2.96547e-24 1.3358e-25 3.00314e-24 1.42912e-25 3.03827e-24 1.51872e-25 3.07035e-24 1.60495e-25 3.09989e-24 1.68812e-25 3.1279e-24 1.7685e-25 3.15388e-24 1.84632e-25 3.17833e-24 1.92175e-25 3.20125e-24 1.995e-25 3.22316e-24 2.06619e-25 3.24354e-24 2.13548e-25 3.26392e-24 2.20298e-25 3.28226e-24 2.26881e-25 3.30061e-24 2.33306e-25 3.31793e-24 2.39583e-25 3.33424e-24 2.45719e-25 3.35055e-24 2.51722e-25 3.36584e-24 2.57599e-25 3.38062e-24 2.63356e-25 3.39489e-24 2.68999e-25 3.40865e-24 2.74533e-25 3.42191e-24 2.79964e-25 3.43516e-24 2.85296e-25 3.4479e-24 2.90533e-25 3.46065e-24 2.95679e-25 3.47186e-24 3.00738e-25 3.4841e-24 3.05713e-25 3.49532e-24 3.10608e-25 3.50653e-24 3.15426e-25 3.51673e-24 3.20169e-25 3.52795e-24 3.2484e-25 3.53814e-24 3.29443e-25 3.54783e-24 3.33979e-25 3.55752e-24 3.3845e-25 3.56772e-24 3.42859e-25 3.57689e-24 3.47207e-25 3.58607e-24 3.51497e-25 3.59525e-24 3.55731e-25 3.60392e-24 3.5991e-25 3.61259e-24 3.64036e-25 3.62075e-24 3.68111e-25 3.62942e-24 3.72135e-25 3.63758e-24 3.76111e-25 3.64574e-24 3.80039e-25 3.65339e-24 3.83922e-25 3.66155e-24 3.8776e-25 3.66869e-24 3.91555e-25 3.67685e-24 3.95307e-25 3.68399e-24 3.99019e-25 3.69113e-24 4.0269e-25 3.69827e-24 4.06322e-25
746.248 1.24558e-25 1.24558e-25 1.03738e-37 8.32848e-13 0 2.09457e-25 7.75978e-30 4.00175e-25 5.07647e-29 6.94542e-25 3.8335e-28 9.81762e-25 1.78667e-27 1.13033e-24 3.50316e-27 1.22469e-24 5.17945e-27 1.2952e-24 6.81874e-27 1.3519e-24 8.4238e-27 1.53807e-24 1.60106e-26 1.73709e-24 2.95418e-26 1.85749e-24 4.15396e-26 1.94323e-24 5.24329e-26 2.01049e-24 6.24712e-26 2.06493e-24 7.18184e-26 2.11106e-24 8.05903e-26 2.15077e-24 8.88727e-26 2.18594e-24 9.67318e-26 2.21772e-24 1.0422e-25 2.24572e-24 1.11379e-25 2.27183e-24 1.18244e-25 2.29567e-24 1.24844e-25 2.31762e-24 1.31204e-25 2.33844e-24 1.37344e-25 2.35775e-24 1.43282e-25 2.37592e-24 1.49035e-25 2.39295e-24 1.54617e-25 2.40923e-24 1.60038e-25 2.42438e-24 1.65311e-25 2.43952e-24 1.70446e-25 2.45316e-24 1.7545e-25 2.46679e-24 1.80331e-25 2.47966e-24 1.85097e-25 2.49178e-24 1.89755e-25 2.5039e-24 1.94309e-25 2.51526e-24 1.98766e-25 2.52625e-24 2.0313e-25 2.53685e-24 2.07407e-25 2.54708e-24 2.11599e-25 2.55693e-24 2.15711e-25 2.56678e-24 2.19747e-25 2.57625e-24 2.2371e-25 2.58572e-24 2.27603e-25 2.59405e-24 2.3143e-25 2.60314e-24 2.35191e-25 2.61148e-24 2.38891e-25 2.61981e-24 2.42532e-25 2.62739e-24 2.46116e-25 2.63573e-24 2.49644e-25 2.6433e-24 2.53119e-25 2.6505e-24 2.56544e-25 2.6577e-24 2.59919e-25 2.66528e-24 2.63246e-25 2.6721e-24 2.66527e-25 2.67892e-24 2.69763e-25 2.68574e-24 2.72957e-25 2.69218e-24 2.76108e-25 2.69862e-24 2.79219e-25 2.70469e-24 2.8229e-25 2.71113e-24 2.85323e-25 2.71719e-24 2.88319e-25 2.72326e-24 2.91279e-25 2.72894e-24 2.94204e-25 2.735e-24 2.97095e-25 2.74031e-24 2.99953e-25 2.74637e-24 3.02779e-25 2.75168e-24 3.05573e-25 2.75698e-24 3.08336e-25 2.76229e-24 3.1107e-25
784.553 1.13081e-25 1.13081e-25 8.64288e-38 7.64311e-13 0 1.62292e-25 6.76098e-30 3.05493e-25 4.17898e-29 5.25319e-25 3.16345e-28 7.39313e-25 1.4422e-27 8.49917e-25 2.81633e-27 9.20141e-25 4.15578e-27 9.72609e-25 5.4634e-27 1.01479e-24 6.74168e-27 1.15329e-24 1.27594e-26 1.30131e-24 2.34117e-26 1.39085e-24 3.27919e-26 1.45461e-24 4.12677e-26 1.50463e-24 4.905e-26 1.5451e-24 5.62754e-26 1.5794e-24 6.30399e-26 1.60893e-24 6.9414e-26 1.63508e-24 7.54517e-26 1.65871e-24 8.11955e-26 1.67953e-24 8.66797e-26 1.69894e-24 9.19321e-26 1.71666e-24 9.69763e-26 1.73298e-24 1.01832e-25 1.74846e-24 1.06516e-25 1.76281e-24 1.11042e-25 1.77632e-24 1.15424e-25 1.78899e-24 1.19671e-25 1.80109e-24 1.23795e-25 1.81235e-24 1.27803e-25 1.82361e-24 1.31703e-25 1.83375e-24 1.35503e-25 1.84388e-24 1.39207e-25 1.85345e-24 1.42822e-25 1.86246e-24 1.46354e-25 1.87147e-24 1.49805e-25 1.87992e-24 1.53182e-25 1.88808e-24 1.56487e-25 1.89597e-24 1.59724e-25 1.90357e-24 1.62896e-25 1.91089e-24 1.66007e-25 1.91821e-24 1.6906e-25 1.92526e-24 1.72056e-25 1.9323e-24 1.74998e-25 1.93849e-24 1.77889e-25 1.94525e-24 1.80731e-25 1.95145e-24 1.83525e-25 1.95764e-24 1.86274e-25 1.96328e-24 1.88979e-25 1.96947e-24 1.91642e-25 1.9751e-24 1.94264e-25 1.98046e-24 1.96847e-25 1.98581e-24 1.99393e-25 1.99144e-24 2.01902e-25 1.99651e-24 2.04375e-25 2.00158e-24 2.06815e-25 2.00665e-24 2.09221e-25 2.01144e-24 2.11596e-25 2.01623e-24 2.13939e-25 2.02074e-24 2.16253e-25 2.02553e-24 2.18537e-25 2.03003e-24 2.20794e-25 2.03454e-24 2.23022e-25 2.03877e-24 2.25224e-25 2.04327e-24 2.274e-25 2.04722e-24 2.29551e-25 2.05173e-24 2.31677e-25 2.05567e-24 2.3378e-25 2.05961e-24 2.35859e-25 2.06356e-24 2.37915e-25
824.824 1.02573e-25 1.02573e-25 7.1879e-38 7.00761e-13 0 1.25341e-25 6.0715e-30 2.3267e-25 3.4661e-29 3.96613e-25 2.62519e-28 5.55874e-25 1.16341e-27 6.38129e-25 2.26047e-27 6.9034e-25 3.32783e-27 7.29344e-25 4.368e-27 7.60699e-25 5.38318e-27 8.63634e-25 1.01428e-26 9.73623e-25 1.8504e-26 1.04015e-24 2.58157e-26 1.08752e-24 3.23907e-26 1.12467e-24 3.84059e-26 1.15474e-24 4.39747e-26 1.18022e-24 4.91759e-26 1.20215e-24 5.40673e-26 1.22158e-24 5.86926e-26 1.23913e-24 6.30862e-26 1.2546e-24 6.72757e-26 1.26902e-24 7.12835e-26 1.28218e-24 7.51283e-26 1.29431e-24 7.88258e-26 1.3058e-24 8.23894e-26 1.31647e-24 8.58304e-26 1.3265e-24 8.9159e-26 1.33591e-24 9.23837e-26 1.3449e-24 9.55123e-26 1.35326e-24 9.85514e-26 1.36162e-24 1.01507e-25 1.36915e-24 1.04385e-25 1.37668e-24 1.0719e-25 1.38379e-24 1.09925e-25 1.39048e-24 1.12596e-25 1.39717e-24 1.15206e-25 1.40345e-24 1.17758e-25 1.40951e-24 1.20255e-25 1.41537e-24 1.227e-25 1.42102e-24 1.25096e-25 1.42645e-24 1.27444e-25 1.43189e-24 1.29747e-25 1.43712e-24 1.32007e-25 1.44235e-24 1.34227e-25 1.44695e-24 1.36406e-25 1.45197e-24 1.38548e-25 1.45657e-24 1.40654e-25 1.46118e-24 1.42725e-25 1.46536e-24 1.44763e-25 1.46996e-24 1.46768e-25 1.47415e-24 1.48743e-25 1.47812e-24 1.50688e-25 1.4821e-24 1.52603e-25 1.48628e-24 1.54491e-25 1.49005e-24 1.56353e-25 1.49381e-24 1.58188e-25 1.49758e-24 1.59998e-25 1.50114e-24 1.61784e-25 1.50469e-24 1.63546e-25 1.50804e-24 1.65285e-25 1.5116e-24 1.67002e-25 1.51494e-24 1.68698e-25 1.51829e-24 1.70373e-25 1.52143e-24 1.72027e-25 1.52478e-24 1.73662e-25 1.52771e-24 1.75278e-25 1.53106e-24 1.76875e-25 1.53398e-24 1.78454e-25 1.53691e-24 1.80015e-25 1.53984e-24 1.81559e-25
867.163 9.29666e-26 9.29666e-26 5.94055e-38 6.38998e-13 0 9.6511e-26 5.64285e-30 1.76818e-25 2.90503e-29 2.98935e-25 2.19301e-28 4.1734e-25 9.38263e-28 4.78454e-25 1.81168e-27 5.17236e-25 2.65985e-27 5.46204e-25 3.48496e-27 5.6949e-25 4.28894e-27 6.45923e-25 8.04278e-27 7.27581e-25 1.45868e-26 7.76966e-25 2.02694e-26 8.12126e-25 2.5355e-26 8.39707e-25 2.9991e-26 8.62025e-25 3.42708e-26 8.80937e-25 3.8259e-26 8.97216e-25 4.20022e-26 9.11636e-25 4.5536e-26 9.24663e-25 4.88879e-26 9.36139e-25 5.20799e-26 9.46842e-25 5.51301e-26 9.56614e-25 5.80533e-26 9.65611e-25 6.08619e-26 9.74144e-25 6.35665e-26 9.82056e-25 6.61762e-26 9.89503e-25 6.86988e-26 9.96485e-25 7.11411e-26 1.00316e-24 7.35091e-26 1.00936e-24 7.58082e-26 1.01557e-24 7.8043e-26 1.02116e-24 8.02178e-26 1.02674e-24 8.23364e-26 1.03202e-24 8.44022e-26 1.03699e-24 8.64182e-26 1.04195e-24 8.83873e-26 1.04661e-24 9.0312e-26 1.05111e-24 9.21946e-26 1.05546e-24 9.40374e-26 1.05965e-24 9.58423e-26 1.06368e-24 9.76111e-26 1.06772e-24 9.93456e-26 1.0716e-24 1.01047e-25 1.07548e-24 1.02717e-25 1.0789e-24 1.04358e-25 1.08262e-24 1.05969e-25 1.08604e-24 1.07553e-25 1.08945e-24 1.0911e-25 1.09256e-24 1.10642e-25 1.09597e-24 1.1215e-25 1.09908e-24 1.13633e-25 1.10203e-24 1.15095e-25 1.10498e-24 1.16534e-25 1.10808e-24 1.17952e-25 1.11088e-24 1.1935e-25 1.11367e-24 1.20728e-25 1.11647e-24 1.22087e-25 1.11911e-24 1.23427e-25 1.12175e-24 1.2475e-25 1.12423e-24 1.26055e-25 1.12687e-24 1.27343e-25 1.12935e-24 1.28615e-25 1.13184e-24 1.29872e-25 1.13417e-24 1.31113e-25 1.13665e-24 1.32339e-25 1.13883e-24 1.3355e-25 1.14131e-24 1.34748e-25 1.14348e-24 1.35931e-25 1.14566e-24 1.37102e-25 1.14783e-24 1.38259e-25
911.674 8.41972e-26 8.41972e-26 4.86973e-38 5.78372e-13 0 7.41015e-26 5.42807e-30 1.34097e-25 2.46752e-29 2.24957e-25 1.84547e-28 3.12904e-25 7.56757e-28 3.5827e-25 1.45016e-27 3.87052e-25 2.12224e-27 4.08549e-25 2.77491e-27 4.25827e-25 3.40983e-27 4.82535e-25 6.3621e-27 5.4311e-25 1.14693e-26 5.7974e-25 1.58734e-26 6.05819e-25 1.9796e-26 6.26275e-25 2.33591e-26 6.42827e-25 2.66394e-26 6.56853e-25 2.96892e-26 6.68926e-25 3.25463e-26 6.79621e-25 3.52392e-26 6.89282e-25 3.77899e-26 6.97793e-25 4.0216e-26 7.0573e-25 4.25318e-26 7.12977e-25 4.47489e-26 7.19649e-25 4.68773e-26 7.25977e-25 4.89252e-26 7.31845e-25 5.08998e-26 7.37367e-25 5.28073e-26 7.42545e-25 5.46529e-26 7.47493e-25 5.64413e-26 7.52096e-25 5.81768e-26 7.56699e-25 5.98629e-26 7.60842e-25 6.1503e-26 7.64985e-25 6.31e-26 7.68898e-25 6.46566e-26 7.72581e-25 6.61751e-26 7.76263e-25 6.76577e-26 7.79716e-25 6.91064e-26 7.83054e-25 7.0523e-26 7.86277e-25 7.19092e-26 7.89385e-25 7.32665e-26 7.92377e-25 7.45963e-26 7.9537e-25 7.58999e-26 7.98248e-25 7.71785e-26 8.01126e-25 7.84332e-26 8.03658e-25 7.96651e-26 8.06421e-25 8.08751e-26 8.08953e-25 8.20642e-26 8.11486e-25 8.32331e-26 8.13789e-25 8.43827e-26 8.16321e-25 8.55137e-26 8.18624e-25 8.66269e-26 8.20811e-25 8.77228e-26 8.22998e-25 8.88021e-26 8.25301e-25 8.98655e-26 8.27373e-25 9.09133e-26 8.29446e-25 9.19462e-26 8.31518e-25 9.29646e-26 8.33475e-25 9.39691e-26 8.35433e-25 9.496e-26 8.37275e-25 9.59379e-26 8.39232e-25 9.6903e-26 8.41074e-25 9.78558e-26 8.42917e-25 9.87966e-26 8.44644e-25 9.97258e-26 8.46486e-25 1.00644e-25 8.48098e-25 1.01551e-25 8.4994e-25 1.02447e-25 8.51552e-25 1.03333e-25 8.53164e-25 1.04209e-25 8.54776e-25 1.05075e-25
958.471 7.63426e-26 7.63426e-26 4.00319e-38 5.24372e-13 0 5.68489e-26 5.39084e-30 1.0169e-25 2.13312e-29 1.69348e-25 1.56773e-28 2.34734e-25 6.11758e-28 2.68444e-25 1.16167e-27 2.89827e-25 1.69367e-27 3.05796e-25 2.20942e-27 3.18631e-25 2.71033e-27 3.60748e-25 5.02994e-27 4.05732e-25 9.01214e-27 4.32932e-25 1.24222e-26 4.52296e-25 1.54451e-26 4.67485e-25 1.81814e-26 4.79774e-25 2.06937e-26 4.90188e-25 2.30243e-26 4.99152e-25 2.52037e-26 5.07092e-25 2.72545e-26 5.14265e-25 2.91945e-26 5.20584e-25 3.10375e-26 5.26477e-25 3.27949e-26 5.31857e-25 3.44758e-26 5.36811e-25 3.60881e-26 5.41508e-25 3.76383e-26 5.45865e-25 3.91319e-26 5.49965e-25 4.05738e-26 5.53809e-25 4.19681e-26 5.57482e-25 4.33185e-26 5.60899e-25 4.46283e-26 5.64317e-25 4.59002e-26 5.67392e-25 4.71369e-26 5.70468e-25 4.83406e-26 5.73373e-25 4.95134e-26 5.76107e-25 5.0657e-26 5.78841e-25 5.17733e-26 5.81405e-25 5.28637e-26 5.83883e-25 5.39296e-26 5.86275e-25 5.49723e-26 5.88582e-25 5.5993e-26 5.90804e-25 5.69928e-26 5.93026e-25 5.79726e-26 5.95162e-25 5.89334e-26 5.97299e-25 5.98761e-26 5.99179e-25 6.08014e-26 6.0123e-25 6.17101e-26 6.0311e-25 6.26029e-26 6.0499e-25 6.34804e-26 6.06699e-25 6.43432e-26 6.0858e-25 6.5192e-26 6.10289e-25 6.60272e-26 6.11913e-25 6.68493e-26 6.13537e-25 6.76589e-26 6.15246e-25 6.84563e-26 6.16784e-25 6.9242e-26 6.18323e-25 7.00164e-26 6.19861e-25 7.07799e-26 6.21314e-25 7.15328e-26 6.22767e-25 7.22755e-26 6.24135e-25 7.30082e-26 6.25588e-25 7.37313e-26 6.26955e-25 7.44451e-26 6.28323e-25 7.51499e-26 6.29605e-25 7.58459e-26 6.30973e-25 7.65334e-26 6.3217e-25 7.72126e-26 6.33537e-25 7.78838e-26 6.34734e-25 7.85471e-26 6.35931e-25 7.92028e-26 6.37127e-25 7.98511e-26
1007.67 6.93221e-26 6.93221e-26 3.27274e-38 4.72107e-13 0 4.35966e-26 5.4875e-30 7.71376e-26 1.87987e-29 1.27576e-25 1.34442e-28 1.76253e-25 4.95956e-28 2.01336e-25 9.31703e-28 2.17244e-25 1.35249e-27 2.29123e-25 1.75973e-27 2.3867e-25 2.15462e-27 2.69995e-25 3.9759e-27 3.03448e-25 7.07899e-27 3.23674e-25 9.71793e-27 3.38073e-25 1.20464e-26 3.49366e-25 1.41469e-26 3.58504e-25 1.60703e-26 3.66247e-25 1.78507e-26 3.72912e-25 1.95127e-26 3.78815e-25 2.10743e-26 3.84148e-25 2.25495e-26 3.88846e-25 2.39494e-26 3.93228e-25 2.52829e-26 3.97228e-25 2.65573e-26 4.00911e-25 2.77787e-26 4.04404e-25 2.89521e-26 4.07642e-25 3.0082e-26 4.10691e-25 3.11721e-26 4.13549e-25 3.22256e-26 4.1628e-25 3.32455e-26 4.1882e-25 3.42342e-26 4.21361e-25 3.51939e-26 4.23648e-25 3.61266e-26 4.25934e-25 3.70341e-26 4.28094e-25 3.7918e-26 4.30127e-25 3.87796e-26 4.3216e-25 3.96203e-26 4.34065e-25 4.04413e-26 4.35908e-25 4.12437e-26 4.37686e-25 4.20283e-26 4.39402e-25 4.27962e-26 4.41053e-25 4.35482e-26 4.42705e-25 4.4285e-26 4.44293e-25 4.50074e-26 4.45882e-25 4.57159e-26 4.47279e-25 4.64113e-26 4.48804e-25 4.7094e-26 4.50202e-25 4.77647e-26 4.516e-25 4.84238e-26 4.52871e-25 4.90718e-26 4.54268e-25 4.9709e-26 4.55539e-25 5.03361e-26 4.56746e-25 5.09532e-26 4.57954e-25 5.15607e-26 4.59224e-25 5.21591e-26 4.60368e-25 5.27486e-26 4.61512e-25 5.33296e-26 4.62656e-25 5.39023e-26 4.63736e-25 5.4467e-26 4.64816e-25 5.50239e-26 4.65833e-25 5.55733e-26 4.66913e-25 5.61155e-26 4.6793e-25 5.66506e-26 4.68947e-25 5.71789e-26 4.699e-25 5.77006e-26 4.70916e-25 5.82159e-26 4.71806e-25 5.87249e-26 4.72823e-25 5.92278e-26 4.73713e-25 5.97248e-26 4.74602e-25 6.0216e-26 4.75492e-25 6.07017e-26
1059.39 6.28931e-26 6.28931e-26 2.66036e-38 4.22997e-13 0 3.33468e-26 5.66206e-30 5.83991e-26 1.68481e-29 9.5958e-26 1.16022e-28 1.32159e-25 4.02365e-28 1.50804e-25 7.46535e-28 1.62628e-25 1.0783e-27 1.71456e-25 1.39884e-27 1.7855e-25 1.70919e-27 2.01827e-25 3.13484e-27 2.26682e-25 5.54582e-27 2.41709e-25 7.58224e-27 2.52406e-25 9.37084e-27 2.60796e-25 1.09789e-26 2.67584e-25 1.24476e-26 2.73336e-25 1.38043e-26 2.78287e-25 1.50685e-26 2.82673e-25 1.62546e-26 2.86634e-25 1.73738e-26 2.90124e-25 1.84346e-26 2.93379e-25 1.94442e-26 2.9635e-25 2.04081e-26 2.99086e-25 2.13313e-26 3.0168e-25 2.22176e-26 3.04086e-25 2.30705e-26 3.06351e-25 2.38929e-26 3.08474e-25 2.46873e-26 3.10502e-25 2.54559e-26 3.1239e-25 2.62007e-26 3.14277e-25 2.69234e-26 3.15975e-25 2.76255e-26 3.17674e-25 2.83083e-26 3.19278e-25 2.89731e-26 3.20788e-25 2.9621e-26 3.22298e-25 3.0253e-26 3.23714e-25 3.087e-26 3.25082e-25 3.14728e-26 3.26403e-25 3.20622e-26 3.27677e-25 3.26388e-26 3.28904e-25 3.32034e-26 3.30131e-25 3.37564e-26 3.31311e-25 3.42985e-26 3.32491e-25 3.48302e-26 3.33529e-25 3.53518e-26 3.34662e-25 3.58639e-26 3.357e-25 3.63669e-26 3.36738e-25 3.6861e-26 3.37682e-25 3.73468e-26 3.3872e-25 3.78245e-26 3.39664e-25 3.82944e-26 3.40561e-25 3.87568e-26 3.41458e-25 3.9212e-26 3.42402e-25 3.96603e-26 3.43251e-25 4.01019e-26 3.44101e-25 4.0537e-26 3.4495e-25 4.09659e-26 3.45753e-25 4.13887e-26 3.46555e-25 4.18057e-26 3.4731e-25 4.2217e-26 3.48113e-25 4.26229e-26 3.48868e-25 4.30234e-26 3.49623e-25 4.34188e-26 3.50331e-25 4.38092e-26 3.51086e-25 4.41947e-26 3.51747e-25 4.45756e-26 3.52502e-25 4.49518e-26 3.53163e-25 4.53236e-26 3.53824e-25 4.56911e-26 3.54485e-25 4.60543e-26
1113.77 5.70147e-26 5.70147e-26 2.15581e-38 3.78115e-13 0 2.5445e-26 5.87343e-30 4.41318e-26 1.53329e-29 7.20703e-26 1.00642e-28 9.89673e-26 3.26728e-28 1.12815e-25 5.97682e-28 1.21596e-25 8.58419e-28 1.28151e-25 1.10993e-27 1.33418e-25 1.35307e-27 1.507e-25 2.46569e-27 1.69151e-25 4.33359e-27 1.80306e-25 5.90077e-27 1.88246e-25 7.27105e-27 1.94474e-25 8.49899e-27 1.99512e-25 9.61765e-27 2.03782e-25 1.06489e-26 2.07457e-25 1.16083e-26 2.10712e-25 1.25072e-26 2.13652e-25 1.33543e-26 2.16242e-25 1.41564e-26 2.18658e-25 1.49191e-26 2.20864e-25 1.56467e-26 2.22894e-25 1.6343e-26 2.2482e-25 1.70111e-26 2.26605e-25 1.76536e-26 2.28286e-25 1.82728e-26 2.29862e-25 1.88706e-26 2.31367e-25 1.94488e-26 2.32768e-25 2.00088e-26 2.34169e-25 2.05519e-26 2.35429e-25 2.10794e-26 2.3669e-25 2.15922e-26 2.37881e-25 2.20914e-26 2.39001e-25 2.25777e-26 2.40122e-25 2.30519e-26 2.41173e-25 2.35148e-26 2.42188e-25 2.39669e-26 2.43169e-25 2.44088e-26 2.44115e-25 2.48411e-26 2.45025e-25 2.52643e-26 2.45936e-25 2.56787e-26 2.46812e-25 2.60849e-26 2.47687e-25 2.64831e-26 2.48458e-25 2.68738e-26 2.49298e-25 2.72572e-26 2.50069e-25 2.76338e-26 2.50839e-25 2.80037e-26 2.5154e-25 2.83673e-26 2.52311e-25 2.87248e-26 2.53011e-25 2.90764e-26 2.53677e-25 2.94224e-26 2.54342e-25 2.97629e-26 2.55043e-25 3.00982e-26 2.55673e-25 3.04285e-26 2.56304e-25 3.07539e-26 2.56934e-25 3.10746e-26 2.5753e-25 3.13907e-26 2.58125e-25 3.17024e-26 2.58686e-25 3.20099e-26 2.59281e-25 3.23133e-26 2.59842e-25 3.26126e-26 2.60402e-25 3.29081e-26 2.60928e-25 3.31998e-26 2.61488e-25 3.34879e-26 2.61979e-25 3.37724e-26 2.62539e-25 3.40535e-26 2.6303e-25 3.43313e-26 2.6352e-25 3.46058e-26 2.6401e-25 3.48771e-26
1170.94 5.16442e-26 5.16442e-26 1.74285e-38 3.37472e-13 0 1.93701e-26 6.08392e-30 3.32909e-26 1.41288e-29 5.40517e-26 8.76153e-29 7.40175e-26 2.65547e-28 8.42934e-26 4.78154e-28 9.08078e-26 6.82403e-28 9.5671e-26 8.79119e-28 9.95788e-26 1.06901e-27 1.12398e-25 1.9347e-27 1.26084e-25 3.37773e-27 1.34358e-25 4.58056e-27 1.40246e-25 5.62764e-27 1.44865e-25 6.56296e-27 1.48602e-25 7.41296e-27 1.51768e-25 8.19504e-27 1.54494e-25 8.92143e-27 1.56908e-25 9.6011e-27 1.59088e-25 1.02409e-26 1.61009e-25 1.08461e-26 1.62801e-25 1.1421e-26 1.64436e-25 1.19691e-26 1.65942e-25 1.24932e-26 1.6737e-25 1.29958e-26 1.68695e-25 1.34789e-26 1.69941e-25 1.39442e-26 1.7111e-25 1.43932e-26 1.72226e-25 1.48273e-26 1.73265e-25 1.52476e-26 1.74304e-25 1.56551e-26 1.75238e-25 1.60507e-26 1.76173e-25 1.64352e-26 1.77056e-25 1.68093e-26 1.77887e-25 1.71737e-26 1.78718e-25 1.75289e-26 1.79498e-25 1.78756e-26 1.80251e-25 1.82141e-26 1.80978e-25 1.85449e-26 1.81679e-25 1.88684e-26 1.82354e-25 1.91851e-26 1.8303e-25 1.94951e-26 1.83679e-25 1.97989e-26 1.84328e-25 2.00968e-26 1.849e-25 2.03889e-26 1.85523e-25 2.06756e-26 1.86095e-25 2.09571e-26 1.86666e-25 2.12336e-26 1.87186e-25 2.15053e-26 1.87757e-25 2.17724e-26 1.88277e-25 2.20351e-26 1.8877e-25 2.22936e-26 1.89264e-25 2.25479e-26 1.89783e-25 2.27984e-26 1.90251e-25 2.3045e-26 1.90718e-25 2.3288e-26 1.91186e-25 2.35274e-26 1.91627e-25 2.37635e-26 1.92069e-25 2.39962e-26 1.92485e-25 2.42257e-26 1.92926e-25 2.44521e-26 1.93342e-25 2.46755e-26 1.93758e-25 2.4896e-26 1.94147e-25 2.51137e-26 1.94563e-25 2.53286e-26 1.94927e-25 2.55409e-26 1.95342e-25 2.57506e-26 1.95706e-25 2.59578e-26 1.9607e-25 2.61626e-26 1.96433e-25 2.63649e-26
1231.05 4.67906e-26 4.67906e-26 1.40966e-38 3.01269e-13 0 1.47278e-26 6.26771e-30 2.5096e-26 1.31483e-29 4.05234e-26 7.65022e-29 5.53462e-26 2.16219e-28 6.29725e-26 3.82656e-28 6.78066e-26 5.42296e-28 7.14153e-26 6.95817e-28 7.43148e-26 8.43801e-28 8.38261e-26 1.51601e-27 9.39795e-26 2.62884e-27 1.00117e-25 3.55053e-27 1.04485e-25 4.34945e-27 1.07912e-25 5.0609e-27 1.10684e-25 5.70591e-27 1.13032e-25 6.29828e-27 1.15054e-25 6.84761e-27 1.16845e-25 7.36095e-27 1.18462e-25 7.84363e-27 1.19887e-25 8.2998e-27 1.21216e-25 8.73278e-27 1.22429e-25 9.14525e-27 1.23546e-25 9.53943e-27 1.24606e-25 9.91719e-27 1.25588e-25 1.02801e-26 1.26512e-25 1.06295e-26 1.27379e-25 1.09665e-26 1.28207e-25 1.12921e-26 1.28978e-25 1.16073e-26 1.29748e-25 1.19128e-26 1.30442e-25 1.22093e-26 1.31135e-25 1.24974e-26 1.3179e-25 1.27776e-26 1.32407e-25 1.30505e-26 1.33023e-25 1.33164e-26 1.33601e-25 1.35759e-26 1.3416e-25 1.38292e-26 1.34699e-25 1.40767e-26 1.35219e-25 1.43187e-26 1.3572e-25 1.45555e-26 1.36221e-25 1.47874e-26 1.36703e-25 1.50145e-26 1.37184e-25 1.52371e-26 1.37608e-25 1.54555e-26 1.3807e-25 1.56697e-26 1.38494e-25 1.588e-26 1.38918e-25 1.60866e-26 1.39303e-25 1.62896e-26 1.39727e-25 1.64891e-26 1.40113e-25 1.66853e-26 1.40479e-25 1.68783e-26 1.40845e-25 1.70682e-26 1.4123e-25 1.72552e-26 1.41577e-25 1.74393e-26 1.41924e-25 1.76207e-26 1.4227e-25 1.77994e-26 1.42598e-25 1.79755e-26 1.42926e-25 1.81492e-26 1.43234e-25 1.83204e-26 1.43561e-25 1.84894e-26 1.4387e-25 1.86561e-26 1.44178e-25 1.88205e-26 1.44467e-25 1.89829e-26 1.44775e-25 1.91433e-26 1.45045e-25 1.93016e-26 1.45353e-25 1.9458e-26 1.45623e-25 1.96125e-26 1.45893e-25 1.97652e-26 1.46163e-25 1.99161e-26
1294.24 4.24954e-26 4.24954e-26 1.15073e-38 2.70789e-13 0 1.12099e-26 6.41354e-30 1.89475e-26 1.23364e-29 3.04372e-26 6.7031e-29 4.14671e-26 1.76727e-28 4.71403e-26 3.06996e-28 5.0736e-26 4.31756e-28 5.342e-26 5.51563e-28 5.55766e-26 6.66893e-28 6.26501e-26 1.18896e-27 7.02006e-26 2.04749e-27 7.47645e-26 2.75419e-27 7.80128e-26 3.36422e-27 8.05604e-26 3.90583e-27 8.26216e-26 4.39575e-27 8.43681e-26 4.84486e-27 8.58713e-26 5.26074e-27 8.72028e-26 5.64889e-27 8.84054e-26 6.01348e-27 8.9465e-26 6.35773e-27 9.0453e-26 6.68422e-27 9.13551e-26 6.99504e-27 9.21857e-26 7.29189e-27 9.29733e-26 7.57621e-27 9.37036e-26 7.84921e-27 9.4391e-26 8.11192e-27 9.50355e-26 8.36524e-27 9.56513e-26 8.60992e-27 9.62242e-26 8.84665e-27 9.6797e-26 9.07602e-27 9.73126e-26 9.29857e-27 9.78282e-26 9.51474e-27 9.83152e-26 9.72497e-27 9.87735e-26 9.92964e-27 9.92319e-26 1.01291e-26 9.96615e-26 1.03236e-26 1.00077e-25 1.05135e-26 1.00478e-25 1.06989e-26 1.00865e-25 1.08803e-26 1.01237e-25 1.10577e-26 1.0161e-25 1.12313e-26 1.01968e-25 1.14014e-26 1.02326e-25 1.15681e-26 1.02641e-25 1.17316e-26 1.02985e-25 1.1892e-26 1.033e-25 1.20494e-26 1.03615e-25 1.2204e-26 1.03901e-25 1.23559e-26 1.04217e-25 1.25052e-26 1.04503e-25 1.2652e-26 1.04775e-25 1.27964e-26 1.05047e-25 1.29384e-26 1.05334e-25 1.30783e-26 1.05592e-25 1.3216e-26 1.0585e-25 1.33516e-26 1.06107e-25 1.34852e-26 1.06351e-25 1.36169e-26 1.06595e-25 1.37468e-26 1.06824e-25 1.38748e-26 1.07067e-25 1.40011e-26 1.07297e-25 1.41257e-26 1.07526e-25 1.42486e-26 1.07741e-25 1.437e-26 1.0797e-25 1.44898e-26 1.0817e-25 1.46081e-26 1.084e-25 1.4725e-26 1.086e-25 1.48404e-26 1.08801e-25 1.49545e-26 1.09001e-25 1.50672e-26
1360.67 3.85604e-26 3.85604e-26 9.36102e-39 2.42763e-13 0 8.51383e-27 6.48251e-30 1.42811e-26 1.15886e-29 2.28292e-26 5.86505e-29 3.10287e-26 1.44478e-28 3.5245e-26 2.46086e-28 3.7917e-26 3.43255e-28 3.99115e-26 4.3644e-28 4.15139e-26 5.26027e-28 4.67697e-26 9.30222e-28 5.23794e-26 1.59068e-27 5.57701e-26 2.13111e-27 5.81833e-26 2.59575e-27 6.0076e-26 3.00709e-27 6.16072e-26 3.37836e-27 6.29046e-26 3.71811e-27 6.40214e-26 4.03228e-27 6.50105e-26 4.32515e-27 6.59039e-26 4.59998e-27 6.66911e-26 4.85925e-27 6.7425e-26 5.10497e-27 6.80952e-26 5.33873e-27 6.87122e-26 5.56186e-27 6.92972e-26 5.77546e-27 6.98398e-26 5.98046e-27 7.03504e-26 6.17765e-27 7.08292e-26 6.36772e-27 7.12866e-26 6.55124e-27 7.17122e-26 6.72874e-27 7.21378e-26 6.90067e-27 7.25208e-26 7.06743e-27 7.29038e-26 7.22939e-27 7.32655e-26 7.38685e-27 7.3606e-26 7.5401e-27 7.39465e-26 7.68941e-27 7.42657e-26 7.83501e-27 7.45743e-26 7.9771e-27 7.48722e-26 8.11589e-27 7.51595e-26 8.25155e-27 7.54361e-26 8.38424e-27 7.57128e-26 8.51412e-27 7.59788e-26 8.64131e-27 7.62448e-26 8.76596e-27 7.64789e-26 8.88817e-27 7.67343e-26 9.00805e-27 7.69684e-26 9.12572e-27 7.72025e-26 9.24125e-27 7.74153e-26 9.35475e-27 7.76494e-26 9.46629e-27 7.78622e-26 9.57595e-27 7.80644e-26 9.68381e-27 7.82666e-26 9.78993e-27 7.84794e-26 9.89438e-27 7.86709e-26 9.99722e-27 7.88625e-26 1.00985e-26 7.9054e-26 1.01983e-26 7.92349e-26 1.02966e-26 7.94158e-26 1.03936e-26 7.95861e-26 1.04891e-26 7.9767e-26 1.05834e-26 7.99373e-26 1.06764e-26 8.01076e-26 1.07682e-26 8.02672e-26 1.08587e-26 8.04375e-26 1.09482e-26 8.05864e-26 1.10365e-26 8.07567e-26 1.11237e-26 8.09057e-26 1.12098e-26 8.10547e-26 1.12949e-26 8.12037e-26 1.1379e-26
1430.51 3.49618e-26 3.49618e-26 7.59071e-39 2.17114e-13 0 6.45322e-27 6.464e-30 1.07471e-26 1.08655e-29 1.71005e-26 5.11792e-29 2.31906e-26 1.18106e-28 2.63214e-26 1.97088e-28 2.83054e-26 2.72518e-28 2.97861e-26 3.44761e-28 3.09758e-26 4.14132e-28 3.48777e-26 7.26125e-28 3.90421e-26 1.23283e-27 4.1559e-26 1.64507e-27 4.33504e-26 1.99814e-27 4.47553e-26 2.30985e-27 4.58919e-26 2.59059e-27 4.6855e-26 2.84708e-27 4.76839e-26 3.08394e-27 4.84181e-26 3.3045e-27 4.90813e-26 3.51127e-27 4.96656e-26 3.70618e-27 5.02103e-26 3.89077e-27 5.07078e-26 4.06627e-27 5.11657e-26 4.2337e-27 5.16e-26 4.3939e-27 5.20027e-26 4.54758e-27 5.23818e-26 4.69535e-27 5.27371e-26 4.83772e-27 5.30767e-26 4.97515e-27 5.33925e-26 5.10803e-27 5.37084e-26 5.2367e-27 5.39927e-26 5.36148e-27 5.4277e-26 5.48262e-27 5.45455e-26 5.60038e-27 5.47982e-26 5.71497e-27 5.50509e-26 5.82659e-27 5.52879e-26 5.93541e-27 5.55169e-26 6.0416e-27 5.5738e-26 6.14529e-27 5.59513e-26 6.24664e-27 5.61566e-26 6.34575e-27 5.6362e-26 6.44275e-27 5.65594e-26 6.53773e-27 5.67568e-26 6.6308e-27 5.69306e-26 6.72204e-27 5.71202e-26 6.81153e-27 5.72939e-26 6.89935e-27 5.74677e-26 6.98558e-27 5.76256e-26 7.07028e-27 5.77994e-26 7.15351e-27 5.79574e-26 7.23533e-27 5.81074e-26 7.31579e-27 5.82575e-26 7.39496e-27 5.84155e-26 7.47287e-27 5.85576e-26 7.54957e-27 5.86998e-26 7.62511e-27 5.8842e-26 7.69952e-27 5.89763e-26 7.77285e-27 5.91105e-26 7.84513e-27 5.92369e-26 7.91639e-27 5.93712e-26 7.98668e-27 5.94976e-26 8.05601e-27 5.96239e-26 8.12442e-27 5.97424e-26 8.19194e-27 5.98688e-26 8.25859e-27 5.99794e-26 8.3244e-27 6.01058e-26 8.38939e-27 6.02164e-26 8.45359e-27 6.03269e-26 8.51703e-27 6.04375e-26 8.57971e-27
1503.94 3.16751e-26 3.16751e-26 6.13653e-39 1.93734e-13 0 4.88212e-27 6.35463e-30 8.07558e-27 1.01425e-29 1.27936e-26 4.44887e-29 1.73132e-26 9.65032e-29 1.96362e-26 1.57695e-28 2.11081e-26 2.16059e-28 2.22066e-26 2.71889e-28 2.30892e-26 3.25438e-28 2.59836e-26 5.65556e-28 2.90727e-26 9.53266e-28 3.09396e-26 1.26698e-27 3.22683e-26 1.53467e-27 3.33104e-26 1.77037e-27 3.41534e-26 1.98224e-27 3.48678e-26 2.1755e-27 3.54826e-26 2.35373e-27 3.60271e-26 2.51953e-27 3.6519e-26 2.67482e-27 3.69524e-26 2.82109e-27 3.73564e-26 2.95952e-27 3.77254e-26 3.09107e-27 3.8065e-26 3.2165e-27 3.83872e-26 3.33645e-27 3.86858e-26 3.45148e-27 3.8967e-26 3.56204e-27 3.92305e-26 3.66853e-27 3.94824e-26 3.77129e-27 3.97166e-26 3.87062e-27 3.99509e-26 3.96678e-27 4.01618e-26 4.06001e-27 4.03726e-26 4.1505e-27 4.05718e-26 4.23844e-27 4.07592e-26 4.324e-27 4.09466e-26 4.40733e-27 4.11224e-26 4.48855e-27 4.12922e-26 4.5678e-27 4.14562e-26 4.64517e-27 4.16144e-26 4.72078e-27 4.17667e-26 4.79472e-27 4.1919e-26 4.86707e-27 4.20654e-26 4.9379e-27 4.22119e-26 5.0073e-27 4.23407e-26 5.07533e-27 4.24813e-26 5.14205e-27 4.26102e-26 5.20752e-27 4.27391e-26 5.27179e-27 4.28562e-26 5.33492e-27 4.29851e-26 5.39695e-27 4.31023e-26 5.45792e-27 4.32136e-26 5.51788e-27 4.33249e-26 5.57686e-27 4.3442e-26 5.63491e-27 4.35475e-26 5.69205e-27 4.36529e-26 5.74832e-27 4.37584e-26 5.80375e-27 4.3858e-26 5.85837e-27 4.39575e-26 5.9122e-27 4.40513e-26 5.96527e-27 4.41509e-26 6.01761e-27 4.42446e-26 6.06924e-27 4.43383e-26 6.12018e-27 4.44262e-26 6.17045e-27 4.45199e-26 6.22008e-27 4.46019e-26 6.26907e-27 4.46957e-26 6.31746e-27 4.47777e-26 6.36525e-27 4.48597e-26 6.41247e-27 4.49417e-26 6.45913e-27
1581.14 2.86755e-26 2.86755e-26 4.94725e-39 1.72525e-13 0 3.68675e-27 6.15742e-30 6.05937e-27 9.4069e-30 9.55984e-27 3.8488e-29 1.29112e-26 7.87786e-29 1.46333e-26 1.2603e-28 1.57244e-26 1.71044e-28 1.65387e-26 2.14055e-28 1.7193e-26 2.55264e-28 1.93384e-26 4.39527e-28 2.1628e-26 7.35414e-28 2.30117e-26 9.73583e-28 2.39965e-26 1.1761e-27 2.47688e-26 1.35396e-27 2.53936e-26 1.51353e-27 2.5923e-26 1.65887e-27 2.63786e-26 1.79274e-27 2.67822e-26 1.91715e-27 2.71468e-26 2.03358e-27 2.74679e-26 2.14317e-27 2.77674e-26 2.24682e-27 2.80408e-26 2.34525e-27 2.82926e-26 2.43907e-27 2.85313e-26 2.52875e-27 2.87527e-26 2.61472e-27 2.8961e-26 2.69732e-27 2.91563e-26 2.77685e-27 2.9343e-26 2.85358e-27 2.95166e-26 2.92772e-27 2.96902e-26 2.99948e-27 2.98465e-26 3.06904e-27 3.00028e-26 3.13654e-27 3.01503e-26 3.20213e-27 3.02893e-26 3.26593e-27 3.04282e-26 3.32805e-27 3.05584e-26 3.3886e-27 3.06843e-26 3.44766e-27 3.08058e-26 3.50532e-27 3.0923e-26 3.56166e-27 3.10359e-26 3.61674e-27 3.11488e-26 3.67063e-27 3.12573e-26 3.7234e-27 3.13658e-26 3.77508e-27 3.14613e-26 3.82574e-27 3.15655e-26 3.87542e-27 3.1661e-26 3.92417e-27 3.17565e-26 3.97202e-27 3.18434e-26 4.01901e-27 3.19389e-26 4.06518e-27 3.20257e-26 4.11057e-27 3.21082e-26 4.15519e-27 3.21907e-26 4.19909e-27 3.22775e-26 4.24228e-27 3.23556e-26 4.2848e-27 3.24338e-26 4.32667e-27 3.25119e-26 4.36791e-27 3.25857e-26 4.40854e-27 3.26595e-26 4.44859e-27 3.2729e-26 4.48807e-27 3.28028e-26 4.527e-27 3.28723e-26 4.5654e-27 3.29417e-26 4.60329e-27 3.30069e-26 4.64068e-27 3.30763e-26 4.67759e-27 3.31371e-26 4.71402e-27 3.32066e-26 4.75e-27 3.32674e-26 4.78554e-27 3.33281e-26 4.82065e-27 3.33889e-26 4.85535e-27
1662.3 2.60489e-26 2.60489e-26 4.04196e-39 1.55168e-13 0 2.79079e-27 5.9056e-30 4.55916e-27 8.69256e-30 7.16488e-27 3.32521e-29 9.65828e-27 6.44892e-29 1.09393e-26 1.01011e-28 1.17509e-26 1.35763e-28 1.23566e-26 1.68934e-28 1.28432e-26 2.00683e-28 1.44389e-26 3.4227e-28 1.61417e-26 5.68449e-28 1.71707e-26 7.49607e-28 1.79031e-26 9.03131e-28 1.84774e-26 1.03764e-27 1.89421e-26 1.1581e-27 1.93358e-26 1.26765e-27 1.96746e-26 1.36845e-27 1.99748e-26 1.46204e-27 2.02459e-26 1.54955e-27 2.04847e-26 1.63186e-27 2.07074e-26 1.70967e-27 2.09107e-26 1.78353e-27 2.10979e-26 1.85388e-27 2.12755e-26 1.92112e-27 2.14401e-26 1.98554e-27 2.1595e-26 2.04742e-27 2.17403e-26 2.10698e-27 2.18791e-26 2.16443e-27 2.20082e-26 2.21993e-27 2.21373e-26 2.27364e-27 2.22535e-26 2.32568e-27 2.23697e-26 2.37617e-27 2.24795e-26 2.42523e-27 2.25828e-26 2.47294e-27 2.26861e-26 2.51939e-27 2.27829e-26 2.56465e-27 2.28765e-26 2.6088e-27 2.29669e-26 2.6519e-27 2.30541e-26 2.694e-27 2.3138e-26 2.73516e-27 2.32219e-26 2.77542e-27 2.33026e-26 2.81484e-27 2.33834e-26 2.85345e-27 2.34544e-26 2.89129e-27 2.35319e-26 2.92839e-27 2.36029e-26 2.9648e-27 2.36739e-26 3.00053e-27 2.37385e-26 3.03562e-27 2.38095e-26 3.07009e-27 2.38741e-26 3.10397e-27 2.39354e-26 3.13728e-27 2.39967e-26 3.17005e-27 2.40613e-26 3.20229e-27 2.41194e-26 3.23403e-27 2.41775e-26 3.26527e-27 2.42356e-26 3.29605e-27 2.42905e-26 3.32637e-27 2.43454e-26 3.35626e-27 2.43971e-26 3.38572e-27 2.44519e-26 3.41477e-27 2.45036e-26 3.44342e-27 2.45553e-26 3.47168e-27 2.46037e-26 3.49958e-27 2.46553e-26 3.52711e-27 2.47005e-26 3.55429e-27 2.47522e-26 3.58113e-27 2.47974e-26 3.60764e-27 2.48426e-26 3.63383e-27 2.48878e-26 3.65971e-27
1747.63 2.3642e-26 2.3642e-26 3.28894e-39 1.39115e-13 0 2.10868e-27 5.58367e-30 3.42523e-27 7.96069e-30 5.36298e-27 2.85514e-29 7.21632e-27 5.26878e-29 8.16836e-27 8.08221e-29 8.7715e-27 1.07566e-28 9.22159e-27 1.33067e-28 9.58317e-27 1.57451e-28 1.07689e-26 2.65928e-28 1.20341e-26 4.38366e-28 1.27987e-26 5.75834e-28 1.33429e-26 6.91963e-28 1.37696e-26 7.93476e-28 1.41149e-26 8.84227e-28 1.44074e-26 9.66654e-28 1.46591e-26 1.04241e-27 1.48821e-26 1.11268e-27 1.50836e-26 1.17835e-27 1.5261e-26 1.24007e-27 1.54265e-26 1.29838e-27 1.55776e-26 1.35371e-27 1.57166e-26 1.40639e-27 1.58485e-26 1.45671e-27 1.59708e-26 1.50492e-27 1.6086e-26 1.5512e-27 1.61939e-26 1.59575e-27 1.6297e-26 1.6387e-27 1.63929e-26 1.68018e-27 1.64889e-26 1.72031e-27 1.65752e-26 1.7592e-27 1.66615e-26 1.79692e-27 1.67431e-26 1.83356e-27 1.68198e-26 1.86919e-27 1.68966e-26 1.90387e-27 1.69685e-26 1.93766e-27 1.70381e-26 1.97062e-27 1.71052e-26 2.00279e-27 1.717e-26 2.03421e-27 1.72324e-26 2.06492e-27 1.72947e-26 2.09497e-27 1.73547e-26 2.12437e-27 1.74146e-26 2.15318e-27 1.74674e-26 2.1814e-27 1.7525e-26 2.20908e-27 1.75777e-26 2.23623e-27 1.76305e-26 2.26288e-27 1.76785e-26 2.28904e-27 1.77312e-26 2.31475e-27 1.77792e-26 2.34001e-27 1.78248e-26 2.36485e-27 1.78704e-26 2.38928e-27 1.79183e-26 2.41331e-27 1.79615e-26 2.43697e-27 1.80047e-26 2.46026e-27 1.80479e-26 2.48321e-27 1.80886e-26 2.50581e-27 1.81294e-26 2.52808e-27 1.81678e-26 2.55003e-27 1.82086e-26 2.57168e-27 1.82469e-26 2.59303e-27 1.82853e-26 2.6141e-27 1.83213e-26 2.63488e-27 1.83597e-26 2.6554e-27 1.83933e-26 2.67565e-27 1.84316e-26 2.69565e-27 1.84652e-26 2.7154e-27 1.84988e-26 2.73491e-27 1.85324e-26 2.75419e-27
1837.33 2.14395e-26 2.14395e-26 2.66707e-39 1.244e-13 0 1.59054e-27 5.20657e-30 2.56969e-27 7.2212e-30 4.00937e-27 2.43565e-29 5.38575e-27 4.29457e-29 6.09267e-27 6.45499e-29 6.5405e-27 8.50664e-29 6.87468e-27 1.04611e-28 7.14314e-27 1.23284e-28 8.02345e-27 2.06159e-28 8.96278e-27 3.37296e-28 9.53042e-27 4.41376e-28 9.9344e-27 5.29036e-28 1.02512e-26 6.05498e-28 1.05075e-26 6.73742e-28 1.07247e-26 7.35648e-28 1.09116e-26 7.92487e-28 1.10771e-26 8.45166e-28 1.12266e-26 8.94355e-28 1.13584e-26 9.40567e-28 1.14812e-26 9.84202e-28 1.15933e-26 1.02558e-27 1.16966e-26 1.06497e-27 1.17945e-26 1.10258e-27 1.18853e-26 1.1386e-27 1.19708e-26 1.17317e-27 1.20509e-26 1.20644e-27 1.21274e-26 1.2385e-27 1.21986e-26 1.26947e-27 1.22699e-26 1.29942e-27 1.2334e-26 1.32843e-27 1.23981e-26 1.35658e-27 1.24586e-26 1.38391e-27 1.25156e-26 1.41048e-27 1.25725e-26 1.43634e-27 1.26259e-26 1.46154e-27 1.26776e-26 1.48611e-27 1.27274e-26 1.51009e-27 1.27755e-26 1.53351e-27 1.28218e-26 1.5564e-27 1.28681e-26 1.57879e-27 1.29126e-26 1.60071e-27 1.29571e-26 1.62217e-27 1.29963e-26 1.6432e-27 1.3039e-26 1.66382e-27 1.30782e-26 1.68404e-27 1.31174e-26 1.70389e-27 1.3153e-26 1.72338e-27 1.31921e-26 1.74253e-27 1.32278e-26 1.76135e-27 1.32616e-26 1.77984e-27 1.32954e-26 1.79803e-27 1.3331e-26 1.81593e-27 1.33631e-26 1.83355e-27 1.33951e-26 1.85089e-27 1.34272e-26 1.86797e-27 1.34574e-26 1.8848e-27 1.34877e-26 1.90138e-27 1.35162e-26 1.91772e-27 1.35465e-26 1.93384e-27 1.3575e-26 1.94973e-27 1.36035e-26 1.96541e-27 1.36302e-26 1.98088e-27 1.36587e-26 1.99615e-27 1.36836e-26 2.01123e-27 1.37121e-26 2.02611e-27 1.3737e-26 2.04081e-27 1.37619e-26 2.05533e-27 1.37869e-26 2.06967e-27
1931.64 1.94268e-26 1.94268e-26 2.15703e-39 1.11033e-13 0 1.19774e-27 4.79041e-30 1.92525e-27 6.48625e-30 2.99394e-27 2.06397e-29 4.01524e-27 3.49114e-29 4.53972e-27 5.14504e-29 4.87196e-27 6.71424e-29 5.11988e-27 8.20786e-29 5.31904e-27 9.63363e-29 5.97208e-27 1.5948e-28 6.66888e-27 2.58967e-28 7.08995e-27 3.37599e-28 7.38962e-27 4.03639e-28 7.62461e-27 4.61124e-28 7.81473e-27 5.12353e-28 7.97581e-27 5.58769e-28 8.11445e-27 6.01345e-28 8.23725e-27 6.40774e-28 8.34816e-27 6.77566e-28 8.44588e-27 7.12112e-28 8.53699e-27 7.44717e-28 8.62018e-27 7.75624e-28 8.69677e-27 8.05032e-28 8.7694e-27 8.33105e-28 8.83675e-27 8.59979e-28 8.90013e-27 8.85771e-28 8.95956e-27 9.10578e-28 9.01634e-27 9.34487e-28 9.06917e-27 9.57572e-28 9.12199e-27 9.79896e-28 9.16953e-27 1.00152e-27 9.21707e-27 1.02249e-27 9.26198e-27 1.04285e-27 9.30424e-27 1.06264e-27 9.3465e-27 1.08191e-27 9.38612e-27 1.10067e-27 9.42441e-27 1.11897e-27 9.46139e-27 1.13682e-27 9.49705e-27 1.15426e-27 9.53139e-27 1.1713e-27 9.56573e-27 1.18797e-27 9.59874e-27 1.20428e-27 9.63176e-27 1.22026e-27 9.66082e-27 1.23591e-27 9.69251e-27 1.25125e-27 9.72157e-27 1.2663e-27 9.75062e-27 1.28107e-27 9.77704e-27 1.29557e-27 9.80609e-27 1.30982e-27 9.83251e-27 1.32381e-27 9.8576e-27 1.33757e-27 9.8827e-27 1.35111e-27 9.90911e-27 1.36442e-27 9.93288e-27 1.37752e-27 9.95666e-27 1.39042e-27 9.98043e-27 1.40313e-27 1.00029e-26 1.41564e-27 1.00253e-26 1.42797e-27 1.00465e-26 1.44012e-27 1.00689e-26 1.45211e-27 1.00901e-26 1.46393e-27 1.01112e-26 1.47559e-27 1.0131e-26 1.48709e-27 1.01521e-26 1.49844e-27 1.01706e-26 1.50965e-27 1.01918e-26 1.52072e-27 1.02102e-26 1.53164e-27 1.02287e-26 1.54244e-27 1.02472e-26 1.5531e-27
2030.79 1.75902e-26 1.75902e-26 1.7412e-39 9.89866e-14 0 9.00576e-28 4.35139e-30 1.44063e-27 5.76871e-30 2.23329e-27 1.7373e-29 2.99053e-27 2.8297e-29 3.37936e-27 4.09215e-29 3.62566e-27 5.28894e-29 3.80945e-27 6.42718e-29 3.95708e-27 7.51289e-29 4.44117e-27 1.23116e-28 4.95768e-27 1.98419e-28 5.2698e-27 2.57705e-28 5.49192e-27 3.07365e-28 5.66611e-27 3.5051e-28 5.80703e-27 3.88903e-28 5.92642e-27 4.2365e-28 6.02919e-27 4.55494e-28 6.12021e-27 4.84963e-28 6.20242e-27 5.12444e-28 6.27485e-27 5.38233e-28 6.34238e-27 5.62563e-28 6.40404e-27 5.85618e-28 6.46081e-27 6.07546e-28 6.51465e-27 6.28473e-28 6.56456e-27 6.485e-28 6.61155e-27 6.67717e-28 6.65559e-27 6.86196e-28 6.69768e-27 7.04002e-28 6.73684e-27 7.21191e-28 6.77599e-27 7.37811e-28 6.81123e-27 7.53906e-28 6.84647e-27 7.69513e-28 6.87975e-27 7.84666e-28 6.91107e-27 7.99395e-28 6.9424e-27 8.13728e-28 6.97176e-27 8.27688e-28 7.00015e-27 8.41298e-28 7.02756e-27 8.54578e-28 7.05399e-27 8.67547e-28 7.07944e-27 8.8022e-28 7.10489e-27 8.92614e-28 7.12937e-27 9.04742e-28 7.15384e-27 9.16619e-28 7.17537e-27 9.28254e-28 7.19887e-27 9.39661e-28 7.2204e-27 9.50849e-28 7.24194e-27 9.61828e-28 7.26152e-27 9.72606e-28 7.28305e-27 9.83193e-28 7.30263e-27 9.93596e-28 7.32123e-27 1.00382e-27 7.33983e-27 1.01388e-27 7.35941e-27 1.02377e-27 7.37703e-27 1.03351e-27 7.39465e-27 1.04309e-27 7.41227e-27 1.05253e-27 7.42891e-27 1.06183e-27 7.44556e-27 1.07099e-27 7.46122e-27 1.08002e-27 7.47786e-27 1.08892e-27 7.49353e-27 1.0977e-27 7.50919e-27 1.10636e-27 7.52387e-27 1.11491e-27 7.53954e-27 1.12334e-27 7.55324e-27 1.13167e-27 7.5689e-27 1.13989e-27 7.58261e-27 1.148e-27 7.59632e-27 1.15602e-27 7.61002e-27 1.16394e-27
2135.03 1.59667e-26 1.59667e-26 1.41705e-39 8.87502e-14 0 6.78298e-28 3.91687e-30 1.08013e-27 5.09645e-30 1.66947e-27 1.45717e-29 2.23229e-27 2.29357e-29 2.52126e-27 3.25757e-29 2.7043e-27 4.17074e-29 2.84087e-27 5.03859e-29 2.95058e-27 5.86581e-29 3.31031e-27 9.51523e-29 3.69412e-27 1.52207e-28 3.92605e-27 1.96962e-28 4.0911e-27 2.34357e-28 4.22053e-27 2.66788e-28 4.32524e-27 2.95608e-28 4.41396e-27 3.21664e-28 4.49031e-27 3.45523e-28 4.55795e-27 3.67587e-28 4.61903e-27 3.88151e-28 4.67285e-27 4.0744e-28 4.72303e-27 4.25629e-28 4.76885e-27 4.42859e-28 4.81103e-27 4.59243e-28 4.85103e-27 4.74873e-28 4.88812e-27 4.89828e-28 4.92303e-27 5.04174e-28 4.95576e-27 5.17967e-28 4.98704e-27 5.31256e-28 5.01613e-27 5.44081e-28 5.04522e-27 5.56481e-28 5.07141e-27 5.68487e-28 5.09759e-27 5.80127e-28 5.12232e-27 5.91427e-28 5.14559e-27 6.0241e-28 5.16887e-27 6.13097e-28 5.19069e-27 6.23504e-28 5.21178e-27 6.3365e-28 5.23215e-27 6.43549e-28 5.25179e-27 6.53214e-28 5.2707e-27 6.6266e-28 5.28961e-27 6.71896e-28 5.30779e-27 6.80934e-28 5.32598e-27 6.89783e-28 5.34198e-27 6.98452e-28 5.35944e-27 7.06951e-28 5.37544e-27 7.15286e-28 5.39144e-27 7.23465e-28 5.40599e-27 7.31494e-28 5.42199e-27 7.3938e-28 5.43654e-27 7.47128e-28 5.45036e-27 7.54745e-28 5.46418e-27 7.62235e-28 5.47872e-27 7.69603e-28 5.49182e-27 7.76854e-28 5.50491e-27 7.83992e-28 5.518e-27 7.9102e-28 5.53037e-27 7.97944e-28 5.54273e-27 8.04766e-28 5.55437e-27 8.1149e-28 5.56674e-27 8.18119e-28 5.57838e-27 8.24656e-28 5.59001e-27 8.31104e-28 5.60092e-27 8.37466e-28 5.61256e-27 8.43744e-28 5.62275e-27 8.49942e-28 5.63439e-27 8.56061e-28 5.64457e-27 8.62104e-28 5.65475e-27 8.68072e-28 5.66494e-27 8.73969e-28
2244.63 1.44942e-26 1.44942e-26 1.1541e-39 7.96249e-14 0 5.10562e-28 3.4874e-30 8.09536e-28 4.46263e-30 1.24771e-27 1.21508e-29 1.66606e-27 1.85417e-29 1.88083e-27 2.58888e-29 2.01686e-27 3.28436e-29 2.11836e-27 3.94487e-29 2.19989e-27 4.57404e-29 2.46723e-27 7.345e-29 2.75245e-27 1.16621e-28 2.9248e-27 1.5037e-28 3.04745e-27 1.78504e-28 3.14363e-27 2.02862e-28 3.22145e-27 2.2448e-28 3.28737e-27 2.44006e-28 3.34412e-27 2.61872e-28 3.39437e-27 2.78383e-28 3.43977e-27 2.93763e-28 3.47976e-27 3.08183e-28 3.51705e-27 3.21777e-28 3.5511e-27 3.34648e-28 3.58244e-27 3.46884e-28 3.61217e-27 3.58554e-28 3.63973e-27 3.69718e-28 3.66567e-27 3.80425e-28 3.68999e-27 3.90717e-28 3.71323e-27 4.0063e-28 3.73485e-27 4.10198e-28 3.75647e-27 4.19446e-28 3.77593e-27 4.28399e-28 3.79538e-27 4.37078e-28 3.81376e-27 4.45503e-28 3.83106e-27 4.53691e-28 3.84835e-27 4.61657e-28 3.86457e-27 4.69414e-28 3.88024e-27 4.76976e-28 3.89537e-27 4.84353e-28 3.90997e-27 4.91556e-28 3.92402e-27 4.98594e-28 3.93807e-27 5.05475e-28 3.95158e-27 5.12209e-28 3.9651e-27 5.18801e-28 3.97699e-27 5.2526e-28 3.98996e-27 5.31591e-28 4.00185e-27 5.37799e-28 4.01374e-27 5.43891e-28 4.02455e-27 5.49871e-28 4.03644e-27 5.55744e-28 4.04725e-27 5.61515e-28 4.05752e-27 5.67188e-28 4.06779e-27 5.72765e-28 4.0786e-27 5.78252e-28 4.08833e-27 5.83651e-28 4.09806e-27 5.88966e-28 4.10779e-27 5.94199e-28 4.11698e-27 5.99354e-28 4.12617e-27 6.04434e-28 4.13482e-27 6.0944e-28 4.144e-27 6.14375e-28 4.15265e-27 6.19242e-28 4.1613e-27 6.24042e-28 4.16941e-27 6.28778e-28 4.17806e-27 6.33452e-28 4.18562e-27 6.38066e-28 4.19427e-27 6.42621e-28 4.20184e-27 6.47119e-28 4.20941e-27 6.51561e-28 4.21698e-27 6.5595e-28
2359.84 1.31464e-26 1.31464e-26 9.36533e-40 7.12388e-14 0 3.83721e-28 3.07006e-30 6.05948e-28 3.87026e-30 9.31441e-28 1.00647e-29 1.24212e-27 1.4934e-29 1.40161e-27 2.05183e-29 1.50261e-27 2.58009e-29 1.57798e-27 3.08147e-29 1.63853e-27 3.55879e-29 1.83703e-27 5.6576e-29 2.0488e-27 8.91699e-29 2.17677e-27 1.14571e-28 2.26784e-27 1.35698e-28 2.33925e-27 1.53962e-28 2.39703e-27 1.70153e-28 2.44598e-27 1.84763e-28 2.48811e-27 1.98121e-28 2.52542e-27 2.10459e-28 2.55912e-27 2.21946e-28 2.58882e-27 2.32712e-28 2.6165e-27 2.42857e-28 2.64178e-27 2.5246e-28 2.66506e-27 2.61586e-28 2.68713e-27 2.70289e-28 2.70759e-27 2.78612e-28 2.72685e-27 2.86593e-28 2.74491e-27 2.94263e-28 2.76216e-27 3.0165e-28 2.77821e-27 3.08778e-28 2.79427e-27 3.15668e-28 2.80871e-27 3.22337e-28 2.82316e-27 3.28801e-28 2.8368e-27 3.35075e-28 2.84964e-27 3.41172e-28 2.86248e-27 3.47103e-28 2.87452e-27 3.52879e-28 2.88616e-27 3.58508e-28 2.8974e-27 3.64e-28 2.90823e-27 3.69361e-28 2.91866e-27 3.74599e-28 2.9291e-27 3.79721e-28 2.93913e-27 3.84733e-28 2.94916e-27 3.89639e-28 2.95799e-27 3.94445e-28 2.96762e-27 3.99156e-28 2.97645e-27 4.03775e-28 2.98528e-27 4.08308e-28 2.99331e-27 4.12757e-28 3.00214e-27 4.17127e-28 3.01016e-27 4.2142e-28 3.01779e-27 4.2564e-28 3.02541e-27 4.29789e-28 3.03344e-27 4.33871e-28 3.04066e-27 4.37887e-28 3.04788e-27 4.4184e-28 3.05511e-27 4.45733e-28 3.06193e-27 4.49567e-28 3.06875e-27 4.53345e-28 3.07517e-27 4.57068e-28 3.082e-27 4.60739e-28 3.08842e-27 4.64358e-28 3.09484e-27 4.67928e-28 3.10086e-27 4.71451e-28 3.10728e-27 4.74926e-28 3.1129e-27 4.78357e-28 3.11932e-27 4.81744e-28 3.12494e-27 4.85089e-28 3.13055e-27 4.88393e-28 3.13617e-27 4.91656e-28
2480.97 1.19143e-26 1.19143e-26 7.5751e-40 6.35796e-14 0 2.87977e-28 2.67379e-30 4.53008e-28 3.32553e-30 6.94589e-28 8.28293e-30 9.25124e-28 1.19829e-29 1.04345e-27 1.62163e-29 1.1184e-27 2.02186e-29 1.17432e-27 2.40151e-29 1.21923e-27 2.76274e-29 1.3665e-27 4.34877e-29 1.52362e-27 6.80453e-29 1.61856e-27 8.71273e-29 1.68612e-27 1.02967e-28 1.7391e-27 1.1664e-28 1.78196e-27 1.28747e-28 1.81828e-27 1.39664e-28 1.84953e-27 1.49638e-28 1.87722e-27 1.58845e-28 1.90222e-27 1.67413e-28 1.92425e-27 1.75441e-28 1.94479e-27 1.83002e-28 1.96354e-27 1.90158e-28 1.98081e-27 1.96957e-28 1.99718e-27 2.03439e-28 2.01236e-27 2.09637e-28 2.02665e-27 2.15579e-28 2.04005e-27 2.21289e-28 2.05285e-27 2.26787e-28 2.06476e-27 2.32092e-28 2.07666e-27 2.37218e-28 2.08738e-27 2.4218e-28 2.0981e-27 2.4699e-28 2.10822e-27 2.51657e-28 2.11775e-27 2.56193e-28 2.12727e-27 2.60604e-28 2.1362e-27 2.649e-28 2.14484e-27 2.69086e-28 2.15317e-27 2.73169e-28 2.16121e-27 2.77156e-28 2.16895e-27 2.81051e-28 2.17669e-27 2.84859e-28 2.18413e-27 2.88585e-28 2.19158e-27 2.92232e-28 2.19813e-27 2.95805e-28 2.20527e-27 2.99307e-28 2.21182e-27 3.02741e-28 2.21837e-27 3.0611e-28 2.22432e-27 3.09417e-28 2.23087e-27 3.12665e-28 2.23683e-27 3.15856e-28 2.24249e-27 3.18992e-28 2.24814e-27 3.22075e-28 2.2541e-27 3.25109e-28 2.25945e-27 3.28093e-28 2.26481e-27 3.31031e-28 2.27017e-27 3.33924e-28 2.27523e-27 3.36773e-28 2.2803e-27 3.3958e-28 2.28506e-27 3.42346e-28 2.29012e-27 3.45074e-28 2.29488e-27 3.47763e-28 2.29965e-27 3.50415e-28 2.30411e-27 3.53032e-28 2.30888e-27 3.55615e-28 2.31304e-27 3.58164e-28 2.31781e-27 3.6068e-28 2.32198e-27 3.63165e-28 2.32614e-27 3.65619e-28 2.33031e-27 3.68044e-28
2608.32 1.07898e-26 1.07898e-26 6.11793e-40 5.67009e-14 0 2.15835e-28 2.30516e-30 3.38288e-28 2.83219e-30 5.1745e-28 6.77434e-30 6.88384e-28 9.57863e-30 7.76115e-28 1.27802e-29 8.31678e-28 1.58054e-29 8.73135e-28 1.86734e-29 9.06436e-28 2.14009e-29 1.01562e-27 3.33605e-29 1.1321e-27 5.18275e-29 1.20248e-27 6.6138e-29 1.25256e-27 7.79949e-29 1.29184e-27 8.82156e-29 1.32361e-27 9.72572e-29 1.35053e-27 1.05403e-28 1.3737e-27 1.12841e-28 1.39423e-27 1.19703e-28 1.41276e-27 1.26087e-28 1.42909e-27 1.32065e-28 1.44432e-27 1.37695e-28 1.45822e-27 1.43021e-28 1.47102e-27 1.48081e-28 1.48316e-27 1.52903e-28 1.49441e-27 1.57513e-28 1.50501e-27 1.61933e-28 1.51494e-27 1.66179e-28 1.52443e-27 1.70267e-28 1.53325e-27 1.74211e-28 1.54208e-27 1.78022e-28 1.55003e-27 1.81711e-28 1.55797e-27 1.85285e-28 1.56547e-27 1.88754e-28 1.57254e-27 1.92124e-28 1.5796e-27 1.95402e-28 1.58622e-27 1.98594e-28 1.59262e-27 2.01704e-28 1.5988e-27 2.04738e-28 1.60476e-27 2.07699e-28 1.6105e-27 2.10593e-28 1.61623e-27 2.13422e-28 1.62175e-27 2.16189e-28 1.62727e-27 2.18898e-28 1.63212e-27 2.21551e-28 1.63742e-27 2.24152e-28 1.64228e-27 2.26702e-28 1.64713e-27 2.29204e-28 1.65155e-27 2.3166e-28 1.6564e-27 2.34072e-28 1.66081e-27 2.36441e-28 1.66501e-27 2.3877e-28 1.6692e-27 2.41059e-28 1.67362e-27 2.43312e-28 1.67759e-27 2.45527e-28 1.68156e-27 2.47709e-28 1.68553e-27 2.49856e-28 1.68929e-27 2.51971e-28 1.69304e-27 2.54055e-28 1.69657e-27 2.56109e-28 1.70032e-27 2.58134e-28 1.70385e-27 2.6013e-28 1.70738e-27 2.62099e-28 1.71069e-27 2.64042e-28 1.71422e-27 2.65959e-28 1.71731e-27 2.67851e-28 1.72085e-27 2.69719e-28 1.72394e-27 2.71563e-28 1.72703e-27 2.73385e-28 1.73012e-27 2.75184e-28
2742.21 9.78651e-27 9.78651e-27 4.95611e-40 5.06423e-14 0 1.61921e-28 1.97276e-30 2.52913e-28 2.39697e-30 3.85983e-28 5.51982e-30 5.12917e-28 7.6449e-30 5.78061e-28 1.0066e-29 6.19317e-28 1.23526e-29 6.50099e-28 1.45194e-29 6.74825e-28 1.6579e-29 7.55891e-28 2.55989e-29 8.42376e-28 3.94917e-29 8.94632e-28 5.02304e-29 9.31819e-28 5.91126e-29 9.6098e-28 6.67594e-29 9.84572e-28 7.35177e-29 1.00456e-27 7.96018e-29 1.02176e-27 8.5154e-29 1.037e-27 9.02743e-29 1.05076e-27 9.50355e-29 1.06289e-27 9.9493e-29 1.07419e-27 1.03689e-28 1.08451e-27 1.07659e-28 1.09402e-27 1.11428e-28 1.10303e-27 1.1502e-28 1.11138e-27 1.18454e-28 1.11925e-27 1.21745e-28 1.12662e-27 1.24907e-28 1.13367e-27 1.27951e-28 1.14022e-27 1.30886e-28 1.14678e-27 1.33723e-28 1.15267e-27 1.36468e-28 1.15857e-27 1.39128e-28 1.16414e-27 1.4171e-28 1.16939e-27 1.44217e-28 1.17463e-27 1.46656e-28 1.17955e-27 1.49031e-28 1.1843e-27 1.51345e-28 1.18889e-27 1.53602e-28 1.19331e-27 1.55805e-28 1.19757e-27 1.57957e-28 1.20183e-27 1.60061e-28 1.20593e-27 1.62119e-28 1.21002e-27 1.64134e-28 1.21363e-27 1.66108e-28 1.21756e-27 1.68042e-28 1.22117e-27 1.69938e-28 1.22477e-27 1.71799e-28 1.22805e-27 1.73625e-28 1.23165e-27 1.75418e-28 1.23493e-27 1.7718e-28 1.23804e-27 1.78912e-28 1.24116e-27 1.80614e-28 1.24443e-27 1.82288e-28 1.24738e-27 1.83936e-28 1.25033e-27 1.85558e-28 1.25328e-27 1.87154e-28 1.25607e-27 1.88727e-28 1.25885e-27 1.90276e-28 1.26148e-27 1.91803e-28 1.26426e-27 1.93308e-28 1.26688e-27 1.94792e-28 1.2695e-27 1.96256e-28 1.27196e-27 1.977e-28 1.27458e-27 1.99125e-28 1.27688e-27 2.00531e-28 1.2795e-27 2.0192e-28 1.28179e-27 2.03291e-28 1.28409e-27 2.04645e-28 1.28638e-27 2.05983e-28
2882.97 8.88582e-27 8.88582e-27 4.0427e-40 4.54962e-14 0 1.21538e-28 1.67591e-30 1.89217e-28 2.0157e-30 2.88153e-28 4.47964e-30 3.8251e-28 6.08912e-30 4.30932e-28 7.91927e-30 4.61598e-28 9.6469e-30 4.84478e-28 1.12833e-29 5.02856e-28 1.28381e-29 5.6311e-28 1.96396e-29 6.27391e-28 3.00911e-29 6.6623e-28 3.81512e-29 6.9387e-28 4.48071e-29 7.15544e-28 5.05307e-29 7.33078e-28 5.55848e-29 7.47934e-28 6.01316e-29 7.6072e-28 6.42787e-29 7.72045e-28 6.81015e-29 7.82274e-28 7.1655e-29 7.91285e-28 7.49807e-29 7.99688e-28 7.81108e-29 8.07359e-28 8.10708e-29 8.14422e-28 8.38814e-29 8.2112e-28 8.65594e-29 8.27331e-28 8.91188e-29 8.33176e-28 9.15714e-29 8.38656e-28 9.39274e-29 8.43893e-28 9.61953e-29 8.48764e-28 9.83825e-29 8.53635e-28 1.00496e-28 8.58019e-28 1.0254e-28 8.62403e-28 1.04522e-28 8.66544e-28 1.06444e-28 8.70441e-28 1.08312e-28 8.74338e-28 1.10128e-28 8.77991e-28 1.11896e-28 8.81523e-28 1.13619e-28 8.84933e-28 1.153e-28 8.88221e-28 1.1694e-28 8.91388e-28 1.18542e-28 8.94554e-28 1.20109e-28 8.97599e-28 1.21641e-28 9.00643e-28 1.23141e-28 9.03322e-28 1.2461e-28 9.06245e-28 1.26049e-28 9.08925e-28 1.27461e-28 9.11604e-28 1.28846e-28 9.1404e-28 1.30205e-28 9.16719e-28 1.3154e-28 9.19154e-28 1.32851e-28 9.21468e-28 1.3414e-28 9.23782e-28 1.35407e-28 9.26218e-28 1.36653e-28 9.2841e-28 1.37879e-28 9.30602e-28 1.39086e-28 9.32795e-28 1.40274e-28 9.34865e-28 1.41444e-28 9.36935e-28 1.42597e-28 9.38884e-28 1.43733e-28 9.40954e-28 1.44853e-28 9.42903e-28 1.45957e-28 9.44851e-28 1.47046e-28 9.46678e-28 1.48121e-28 9.48627e-28 1.49181e-28 9.50332e-28 1.50227e-28 9.5228e-28 1.5126e-28 9.53985e-28 1.52281e-28 9.5569e-28 1.53288e-28 9.57395e-28 1.54283e-28
3030.95 8.06096e-27 8.06096e-27 3.28415e-40 4.07415e-14 0 9.10993e-29 1.41124e-30 1.41391e-28 1.68163e-30 2.14881e-28 3.61479e-30 2.8496e-28 4.83086e-30 3.20921e-28 6.21116e-30 3.43694e-28 7.51359e-30 3.60685e-28 8.74676e-30 3.74334e-28 9.91797e-30 4.19079e-28 1.50361e-29 4.66814e-28 2.28841e-29 4.95656e-28 2.89236e-29 5.16181e-28 3.39035e-29 5.32276e-28 3.81812e-29 5.45297e-28 4.19556e-29 5.56329e-28 4.5349e-29 5.65824e-28 4.84425e-29 5.74233e-28 5.1293e-29 5.81829e-28 5.39418e-29 5.88521e-28 5.64201e-29 5.9476e-28 5.87521e-29 6.00457e-28 6.0957e-29 6.05702e-28 6.30501e-29 6.10676e-28 6.50442e-29 6.15288e-28 6.69497e-29 6.19629e-28 6.87755e-29 6.23698e-28 7.05291e-29 6.27587e-28 7.2217e-29 6.31204e-28 7.38448e-29 6.34821e-28 7.54173e-29 6.38077e-28 7.69387e-29 6.41332e-28 7.84129e-29 6.44407e-28 7.98432e-29 6.47301e-28 8.12326e-29 6.50195e-28 8.25837e-29 6.52908e-28 8.38989e-29 6.5553e-28 8.51805e-29 6.58062e-28 8.64303e-29 6.60504e-28 8.76503e-29 6.62855e-28 8.8842e-29 6.65207e-28 9.00068e-29 6.67468e-28 9.11463e-29 6.69728e-28 9.22617e-29 6.71718e-28 9.33541e-29 6.73888e-28 9.44246e-29 6.75878e-28 9.54743e-29 6.77868e-28 9.6504e-29 6.79676e-28 9.75146e-29 6.81666e-28 9.8507e-29 6.83475e-28 9.94819e-29 6.85193e-28 1.0044e-28 6.86911e-28 1.01382e-28 6.8872e-28 1.02308e-28 6.90348e-28 1.0322e-28 6.91975e-28 1.04117e-28 6.93603e-28 1.05e-28 6.95141e-28 1.0587e-28 6.96678e-28 1.06727e-28 6.98125e-28 1.07572e-28 6.99663e-28 1.08404e-28 7.0111e-28 1.09225e-28 7.02557e-28 1.10035e-28 7.03913e-28 1.10834e-28 7.0536e-28 1.11622e-28 7.06626e-28 1.12399e-28 7.08073e-28 1.13167e-28 7.09339e-28 1.13925e-28 7.10605e-28 1.14674e-28 7.11872e-28 1.15414e-28
3186.53 7.30684e-27 7.30684e-27 2.65703e-40 3.63636e-14 0 6.81969e-29 1.17858e-30 1.05536e-28 1.39243e-30 1.6008e-28 2.90119e-30 2.12084e-28 3.818e-30 2.38769e-28 4.85686e-30 2.55668e-28 5.83673e-30 2.68276e-28 6.76415e-30 2.78403e-28 7.64466e-30 3.11605e-28 1.14888e-29 3.47025e-28 1.73718e-29 3.68426e-28 2.18902e-29 3.83656e-28 2.56108e-29 3.95598e-28 2.88037e-29 4.0526e-28 3.16188e-29 4.13445e-28 3.41482e-29 4.2049e-28 3.64531e-29 4.2673e-28 3.85762e-29 4.32366e-28 4.05484e-29 4.37332e-28 4.23931e-29 4.41961e-28 4.41287e-29 4.46188e-28 4.57692e-29 4.5008e-28 4.73264e-29 4.53771e-28 4.88096e-29 4.57193e-28 5.02269e-29 4.60413e-28 5.15846e-29 4.63433e-28 5.28886e-29 4.66318e-28 5.41436e-29 4.69002e-28 5.53538e-29 4.71686e-28 5.65228e-29 4.74102e-28 5.76537e-29 4.76517e-28 5.87495e-29 4.78799e-28 5.98126e-29 4.80946e-28 6.08452e-29 4.83093e-28 6.18493e-29 4.85106e-28 6.28267e-29 4.87052e-28 6.3779e-29 4.88931e-28 6.47078e-29 4.90743e-28 6.56143e-29 4.92487e-28 6.64997e-29 4.94232e-28 6.73652e-29 4.95909e-28 6.82118e-29 4.97587e-28 6.90405e-29 4.99063e-28 6.98521e-29 5.00673e-28 7.06474e-29 5.0215e-28 7.14272e-29 5.03626e-28 7.21921e-29 5.04968e-28 7.29429e-29 5.06444e-28 7.368e-29 5.07786e-28 7.44042e-29 5.09061e-28 7.51159e-29 5.10336e-28 7.58155e-29 5.11678e-28 7.65037e-29 5.12886e-28 7.71807e-29 5.14094e-28 7.78471e-29 5.15302e-28 7.85031e-29 5.16442e-28 7.91493e-29 5.17583e-28 7.97858e-29 5.18657e-28 8.0413e-29 5.19798e-28 8.10314e-29 5.20871e-28 8.1641e-29 5.21945e-28 8.22423e-29 5.22951e-28 8.28354e-29 5.24025e-28 8.34207e-29 5.24964e-28 8.39983e-29 5.26038e-28 8.45686e-29 5.26978e-28 8.51316e-29 5.27917e-28 8.56877e-29 5.28857e-28 8.6237e-29
3350.09 6.61822e-27 6.61822e-27 2.14355e-40 3.23887e-14 0 5.09898e-29 9.76614e-31 7.86894e-29 1.14477e-30 1.19139e-28 2.31653e-30 1.57701e-28 3.00629e-30 1.77487e-28 3.78663e-30 1.90017e-28 4.52241e-30 1.99365e-28 5.21857e-30 2.06874e-28 5.8793e-30 2.31492e-28 8.7614e-30 2.57754e-28 1.31643e-29 2.73621e-28 1.65398e-29 2.84913e-28 1.93158e-29 2.93767e-28 2.16959e-29 3.0093e-28 2.37929e-29 3.06999e-28 2.56762e-29 3.12223e-28 2.73916e-29 3.16849e-28 2.89711e-29 3.21028e-28 3.04379e-29 3.24709e-28 3.18097e-29 3.28142e-28 3.31e-29 3.31276e-28 3.43194e-29 3.34161e-28 3.54767e-29 3.36897e-28 3.65789e-29 3.39435e-28 3.76319e-29 3.41822e-28 3.86407e-29 3.44061e-28 3.96094e-29 3.462e-28 4.05416e-29 3.4819e-28 4.14404e-29 3.5018e-28 4.23086e-29 3.51971e-28 4.31486e-29 3.53762e-28 4.39623e-29 3.55454e-28 4.47517e-29 3.57046e-28 4.55184e-29 3.58638e-28 4.6264e-29 3.6013e-28 4.69897e-29 3.61573e-28 4.76967e-29 3.62966e-28 4.83862e-29 3.64309e-28 4.90592e-29 3.65603e-28 4.97165e-29 3.66896e-28 5.0359e-29 3.6814e-28 5.09874e-29 3.69384e-28 5.16026e-29 3.70478e-28 5.2205e-29 3.71672e-28 5.27953e-29 3.72767e-28 5.33741e-29 3.73861e-28 5.39418e-29 3.74856e-28 5.4499e-29 3.75951e-28 5.50462e-29 3.76946e-28 5.55836e-29 3.77891e-28 5.61118e-29 3.78836e-28 5.66311e-29 3.79831e-28 5.71418e-29 3.80727e-28 5.76442e-29 3.81622e-28 5.81387e-29 3.82518e-28 5.86256e-29 3.83364e-28 5.9105e-29 3.84209e-28 5.95774e-29 3.85005e-28 6.00429e-29 3.85851e-28 6.05017e-29 3.86647e-28 6.09541e-29 3.87443e-28 6.14002e-29 3.88189e-28 6.18404e-29 3.88985e-28 6.22747e-29 3.89682e-28 6.27033e-29 3.90478e-28 6.31264e-29 3.91175e-28 6.35442e-29 3.91871e-28 6.39568e-29 3.92568e-28 6.43644e-29
3522.05 5.99808e-27 5.99808e-27 1.73677e-40 2.89554e-14 0 3.81308e-29 8.04397e-31 5.86905e-29 9.36079e-31 8.87057e-29 1.84314e-30 1.17316e-28 2.36175e-30 1.31996e-28 2.94762e-30 1.41292e-28 3.49984e-30 1.48227e-28 4.02217e-30 1.53798e-28 4.51778e-30 1.72062e-28 6.67787e-30 1.91545e-28 9.97238e-30 2.03316e-28 1.2494e-29 2.11693e-28 1.45653e-29 2.18262e-28 1.63398e-29 2.23577e-28 1.79023e-29 2.28079e-28 1.93048e-29 2.31954e-28 2.05818e-29 2.35386e-28 2.17572e-29 2.38486e-28 2.28485e-29 2.41217e-28 2.38689e-29 2.43764e-28 2.48285e-29 2.46089e-28 2.57352e-29 2.48229e-28 2.65957e-29 2.50259e-28 2.74151e-29 2.52142e-28 2.81978e-29 2.53913e-28 2.89475e-29 2.55574e-28 2.96674e-29 2.57161e-28 3.03602e-29 2.58637e-28 3.10281e-29 2.60113e-28 3.16732e-29 2.61442e-28 3.22972e-29 2.62771e-28 3.29018e-29 2.64026e-28 3.34883e-29 2.65207e-28 3.40578e-29 2.66388e-28 3.46117e-29 2.67495e-28 3.51507e-29 2.68565e-28 3.56759e-29 2.69599e-28 3.61881e-29 2.70595e-28 3.66879e-29 2.71555e-28 3.71761e-29 2.72514e-28 3.76533e-29 2.73437e-28 3.812e-29 2.7436e-28 3.85768e-29 2.75172e-28 3.90242e-29 2.76058e-28 3.94626e-29 2.76869e-28 3.98924e-29 2.77681e-28 4.0314e-29 2.7842e-28 4.07278e-29 2.79232e-28 4.1134e-29 2.7997e-28 4.15331e-29 2.80671e-28 4.19253e-29 2.81372e-28 4.23109e-29 2.8211e-28 4.26901e-29 2.82775e-28 4.30631e-29 2.83439e-28 4.34303e-29 2.84104e-28 4.37918e-29 2.84731e-28 4.41478e-29 2.85358e-28 4.44985e-29 2.85949e-28 4.48441e-29 2.86576e-28 4.51847e-29 2.87167e-28 4.55206e-29 2.87757e-28 4.58518e-29 2.88311e-28 4.61786e-29 2.88902e-28 4.6501e-29 2.89418e-28 4.68192e-29 2.90009e-28 4.71334e-29 2.90526e-28 4.74435e-29 2.91042e-28 4.77498e-29 2.91559e-28 4.80524e-29
3702.84 5.44713e-27 5.44713e-27 1.41589e-40 2.59932e-14 0 2.8561e-29 6.59774e-31 4.38516e-29 7.62647e-31 6.61686e-29 1.46372e-30 8.74391e-29 1.854e-30 9.83522e-29 2.29429e-30 1.05263e-28 2.70919e-30 1.10419e-28 3.10151e-30 1.1456e-28 3.47366e-30 1.28137e-28 5.0945e-30 1.42621e-28 7.56286e-30 1.51371e-28 9.44927e-30 1.57599e-28 1.09972e-29 1.62482e-28 1.23223e-29 1.66432e-28 1.34884e-29 1.69779e-28 1.45346e-29 1.7266e-28 1.54869e-29 1.75211e-28 1.63632e-29 1.77516e-28 1.71766e-29 1.79546e-28 1.79369e-29 1.81439e-28 1.86519e-29 1.83168e-28 1.93274e-29 1.84759e-28 1.99682e-29 1.86268e-28 2.05785e-29 1.87667e-28 2.11614e-29 1.88984e-28 2.17197e-29 1.90218e-28 2.22557e-29 1.91398e-28 2.27715e-29 1.92496e-28 2.32687e-29 1.93593e-28 2.37489e-29 1.94581e-28 2.42135e-29 1.95568e-28 2.46635e-29 1.96501e-28 2.51e-29 1.97379e-28 2.55239e-29 1.98257e-28 2.59361e-29 1.9908e-28 2.63373e-29 1.99876e-28 2.67281e-29 2.00644e-28 2.71093e-29 2.01385e-28 2.74812e-29 2.02098e-28 2.78445e-29 2.02812e-28 2.81996e-29 2.03497e-28 2.85469e-29 2.04183e-28 2.88868e-29 2.04787e-28 2.92197e-29 2.05445e-28 2.95459e-29 2.06049e-28 2.98657e-29 2.06653e-28 3.01794e-29 2.07201e-28 3.04872e-29 2.07805e-28 3.07895e-29 2.08354e-28 3.10864e-29 2.08875e-28 3.13782e-29 2.09396e-28 3.1665e-29 2.09945e-28 3.19471e-29 2.10439e-28 3.22247e-29 2.10933e-28 3.24978e-29 2.11427e-28 3.27668e-29 2.11893e-28 3.30316e-29 2.12359e-28 3.32925e-29 2.12798e-28 3.35496e-29 2.13265e-28 3.3803e-29 2.13704e-28 3.40528e-29 2.14143e-28 3.42992e-29 2.14554e-28 3.45423e-29 2.14993e-28 3.47822e-29 2.15377e-28 3.50189e-29 2.15816e-28 3.52525e-29 2.16201e-28 3.54832e-29 2.16585e-28 3.57111e-29 2.16969e-28 3.59362e-29
3892.91 4.94253e-27 4.94253e-27 1.15034e-40 2.32743e-14 0 2.13664e-29 5.3753e-31 3.27279e-29 6.17498e-31 4.93065e-29 1.15709e-30 6.51062e-29 1.45024e-30 7.32122e-29 1.78054e-30 7.83452e-29 2.0917e-30 8.21748e-29 2.38586e-30 8.52509e-29 2.66482e-30 9.53352e-29 3.87901e-30 1.06093e-28 5.72555e-30 1.12592e-28 7.13479e-30 1.17218e-28 8.29008e-30 1.20845e-28 9.27832e-30 1.23779e-28 1.01475e-29 1.26265e-28 1.09271e-29 1.28404e-28 1.16364e-29 1.30299e-28 1.22889e-29 1.32011e-28 1.28945e-29 1.33519e-28 1.34605e-29 1.34925e-28 1.39926e-29 1.36209e-28 1.44953e-29 1.3739e-28 1.49721e-29 1.38511e-28 1.54262e-29 1.3955e-28 1.58598e-29 1.40529e-28 1.62751e-29 1.41446e-28 1.66738e-29 1.42322e-28 1.70574e-29 1.43137e-28 1.74272e-29 1.43952e-28 1.77844e-29 1.44686e-28 1.81298e-29 1.45419e-28 1.84645e-29 1.46112e-28 1.8789e-29 1.46764e-28 1.91043e-29 1.47416e-28 1.94107e-29 1.48027e-28 1.9709e-29 1.48618e-28 1.99996e-29 1.49189e-28 2.0283e-29 1.49739e-28 2.05595e-29 1.50269e-28 2.08296e-29 1.50799e-28 2.10936e-29 1.51308e-28 2.13518e-29 1.51818e-28 2.16044e-29 1.52266e-28 2.18519e-29 1.52755e-28 2.20944e-29 1.53203e-28 2.23321e-29 1.53652e-28 2.25653e-29 1.54059e-28 2.27941e-29 1.54508e-28 2.30188e-29 1.54915e-28 2.32395e-29 1.55302e-28 2.34564e-29 1.5569e-28 2.36696e-29 1.56097e-28 2.38792e-29 1.56464e-28 2.40855e-29 1.56831e-28 2.42885e-29 1.57197e-28 2.44884e-29 1.57544e-28 2.46852e-29 1.5789e-28 2.48792e-29 1.58216e-28 2.50702e-29 1.58563e-28 2.52586e-29 1.58889e-28 2.54442e-29 1.59215e-28 2.56274e-29 1.59521e-28 2.5808e-29 1.59847e-28 2.59863e-29 1.60132e-28 2.61622e-29 1.60458e-28 2.63358e-29 1.60743e-28 2.65073e-29 1.61029e-28 2.66766e-29 1.61314e-28 2.68439e-29
4092.73 4.48099e-27 4.48099e-27 9.31597e-41 2.079e-14 0 1.5965e-29 4.35175e-31 2.43998e-29 4.97048e-31 3.67052e-29 9.10745e-31 4.84314e-29 1.13054e-30 5.44473e-29 1.3779e-30 5.82567e-29 1.61088e-30 6.10989e-29 1.83107e-30 6.33817e-29 2.03984e-30 7.08657e-29 2.94796e-30 7.88492e-29 4.32733e-30 8.36728e-29 5.3787e-30 8.71053e-29 6.23985e-30 8.97969e-29 6.97601e-30 9.19744e-29 7.62318e-30 9.38193e-29 8.20339e-30 9.54071e-29 8.73116e-30 9.68134e-29 9.21657e-30 9.80837e-29 9.66697e-30 9.92027e-29 1.00878e-29 1.00246e-28 1.04835e-29 1.01199e-28 1.08571e-29 1.02076e-28 1.12116e-29 1.02908e-28 1.15491e-29 1.03679e-28 1.18714e-29 1.04405e-28 1.218e-29 1.05085e-28 1.24763e-29 1.05736e-28 1.27613e-29 1.0634e-28 1.30361e-29 1.06945e-28 1.33015e-29 1.0749e-28 1.35581e-29 1.08034e-28 1.38067e-29 1.08548e-28 1.40478e-29 1.09032e-28 1.4282e-29 1.09516e-28 1.45097e-29 1.0997e-28 1.47313e-29 1.10408e-28 1.49471e-29 1.10832e-28 1.51576e-29 1.1124e-28 1.5363e-29 1.11633e-28 1.55636e-29 1.12027e-28 1.57597e-29 1.12405e-28 1.59514e-29 1.12783e-28 1.61391e-29 1.13115e-28 1.63229e-29 1.13478e-28 1.6503e-29 1.13811e-28 1.66795e-29 1.14144e-28 1.68527e-29 1.14446e-28 1.70226e-29 1.14779e-28 1.71895e-29 1.15081e-28 1.73534e-29 1.15369e-28 1.75144e-29 1.15656e-28 1.76728e-29 1.15959e-28 1.78285e-29 1.16231e-28 1.79816e-29 1.16503e-28 1.81324e-29 1.16775e-28 1.82808e-29 1.17032e-28 1.8427e-29 1.17289e-28 1.8571e-29 1.17531e-28 1.87129e-29 1.17788e-28 1.88527e-29 1.1803e-28 1.89906e-29 1.18272e-28 1.91266e-29 1.18499e-28 1.92607e-29 1.18741e-28 1.93931e-29 1.18953e-28 1.95237e-29 1.19195e-28 1.96526e-29 1.19407e-28 1.97799e-29 1.19618e-28 1.99057e-29 1.1983e-28 2.00298e-29
4302.81 4.05938e-27 4.05938e-27 7.51867e-41 1.85217e-14 0 1.19158e-29 3.50223e-31 1.81726e-29 3.9789e-31 2.7299e-29 7.1392e-31 3.5995e-29 8.78441e-31 4.04563e-29 1.0634e-30 4.32813e-29 1.23756e-30 4.53889e-29 1.40213e-30 4.70818e-29 1.55814e-30 5.26316e-29 2.23636e-30 5.85518e-29 3.26535e-30 6.21287e-29 4.04877e-30 6.46741e-29 4.68992e-30 6.66701e-29 5.23768e-30 6.82848e-29 5.71902e-30 6.96529e-29 6.15042e-30 7.08303e-29 6.54271e-30 7.18731e-29 6.90344e-30 7.28151e-29 7.23809e-30 7.36449e-29 7.55075e-30 7.44187e-29 7.84461e-30 7.51251e-29 8.12216e-30 7.57755e-29 8.38541e-30 7.63923e-29 8.636e-30 7.69642e-29 8.87531e-30 7.75025e-29 9.10446e-30 7.80071e-29 9.32443e-30 7.84893e-29 9.53605e-30 7.89379e-29 9.74003e-30 7.93864e-29 9.93701e-30 7.97901e-29 1.01275e-29 8.01938e-29 1.03121e-29 8.05751e-29 1.0491e-29 8.0934e-29 1.06649e-29 8.12928e-29 1.08338e-29 8.16292e-29 1.09983e-29 8.19544e-29 1.11585e-29 8.22684e-29 1.13147e-29 8.25712e-29 1.14671e-29 8.28628e-29 1.1616e-29 8.31544e-29 1.17615e-29 8.34347e-29 1.19038e-29 8.37151e-29 1.20431e-29 8.39618e-29 1.21794e-29 8.42309e-29 1.23131e-29 8.44776e-29 1.24441e-29 8.47243e-29 1.25726e-29 8.49486e-29 1.26987e-29 8.51953e-29 1.28225e-29 8.54196e-29 1.29441e-29 8.56327e-29 1.30636e-29 8.58458e-29 1.31811e-29 8.607e-29 1.32966e-29 8.62719e-29 1.34103e-29 8.64738e-29 1.35221e-29 8.66756e-29 1.36322e-29 8.68663e-29 1.37407e-29 8.70569e-29 1.38475e-29 8.72363e-29 1.39528e-29 8.7427e-29 1.40565e-29 8.76064e-29 1.41588e-29 8.77858e-29 1.42597e-29 8.7954e-29 1.43592e-29 8.81335e-29 1.44574e-29 8.82905e-29 1.45543e-29 8.84699e-29 1.465e-29 8.86269e-29 1.47445e-29 8.87839e-29 1.48377e-29 8.89409e-29 1.49299e-29
4523.68 3.67588e-27 3.67588e-27 6.04941e-41 1.6457e-14 0 8.88679e-30 2.80372e-31 1.3526e-29 3.16958e-31 2.02916e-29 5.57647e-31 2.67378e-29 6.80642e-31 3.00447e-29 8.18778e-31 3.21387e-29 9.48825e-31 3.3701e-29 1.07169e-30 3.49558e-29 1.18813e-30 3.90696e-29 1.69412e-30 4.34578e-29 2.46101e-30 4.61091e-29 3.04426e-30 4.79959e-29 3.52124e-30 4.94753e-29 3.92853e-30 5.06722e-29 4.28628e-30 5.16863e-29 4.60681e-30 5.2559e-29 4.89821e-30 5.3332e-29 5.16612e-30 5.40302e-29 5.41462e-30 5.46453e-29 5.64676e-30 5.52188e-29 5.86491e-30 5.57425e-29 6.07093e-30 5.62246e-29 6.26632e-30 5.66817e-29 6.45231e-30 5.71056e-29 6.6299e-30 5.75046e-29 6.79995e-30 5.78787e-29 6.96317e-30 5.82361e-29 7.12019e-30 5.85686e-29 7.27155e-30 5.89011e-29 7.41769e-30 5.92003e-29 7.55904e-30 5.94995e-29 7.69594e-30 5.97821e-29 7.82872e-30 6.00481e-29 7.95766e-30 6.03141e-29 8.08301e-30 6.05635e-29 8.205e-30 6.08045e-29 8.32384e-30 6.10373e-29 8.43971e-30 6.12617e-29 8.55277e-30 6.14778e-29 8.6632e-30 6.16939e-29 8.77112e-30 6.19017e-29 8.87667e-30 6.21095e-29 8.97996e-30 6.22924e-29 9.08111e-30 6.24919e-29 9.18022e-30 6.26748e-29 9.27739e-30 6.28576e-29 9.37269e-30 6.30239e-29 9.46622e-30 6.32068e-29 9.55804e-30 6.3373e-29 9.64823e-30 6.35309e-29 9.73686e-30 6.36889e-29 9.82398e-30 6.38551e-29 9.90966e-30 6.40047e-29 9.99396e-30 6.41544e-29 1.00769e-29 6.4304e-29 1.01586e-29 6.44453e-29 1.0239e-29 6.45866e-29 1.03182e-29 6.47196e-29 1.03963e-29 6.48609e-29 1.04732e-29 6.49939e-29 1.05491e-29 6.51269e-29 1.06239e-29 6.52516e-29 1.06977e-29 6.53846e-29 1.07705e-29 6.55009e-29 1.08424e-29 6.56339e-29 1.09133e-29 6.57503e-29 1.09834e-29 6.58667e-29 1.10525e-29 6.59831e-29 1.11209e-29
4755.88 3.339e-27 3.339e-27 4.95387e-41 1.48364e-14 0 6.6464e-30 2.24132e-31 1.00968e-29 2.52216e-31 1.51279e-29 4.35656e-31 1.99212e-29 5.27823e-31 2.23801e-29 6.31243e-31 2.39371e-29 7.28589e-31 2.50988e-29 8.20541e-31 2.60318e-29 9.07674e-31 2.90906e-29 1.28613e-30 3.23535e-29 1.85918e-30 3.43248e-29 2.29459e-30 3.57277e-29 2.65043e-30 3.68278e-29 2.95413e-30 3.77177e-29 3.22079e-30 3.84717e-29 3.45964e-30 3.91206e-29 3.67673e-30 3.96954e-29 3.87629e-30 4.02145e-29 4.06136e-30 4.06718e-29 4.23422e-30 4.10983e-29 4.39666e-30 4.14876e-29 4.55004e-30 4.18461e-29 4.6955e-30 4.2186e-29 4.83395e-30 4.25012e-29 4.96614e-30 4.27979e-29 5.0927e-30 4.3076e-29 5.21419e-30 4.33417e-29 5.33105e-30 4.3589e-29 5.44369e-30 4.38362e-29 5.55245e-30 4.40587e-29 5.65764e-30 4.42812e-29 5.75951e-30 4.44913e-29 5.85832e-30 4.46891e-29 5.95426e-30 4.48868e-29 6.04753e-30 4.50722e-29 6.1383e-30 4.52515e-29 6.22672e-30 4.54245e-29 6.31293e-30 4.55914e-29 6.39706e-30 4.57521e-29 6.47921e-30 4.59128e-29 6.55951e-30 4.60673e-29 6.63803e-30 4.62218e-29 6.71488e-30 4.63578e-29 6.79014e-30 4.65061e-29 6.86387e-30 4.66421e-29 6.93615e-30 4.67781e-29 7.00705e-30 4.69017e-29 7.07663e-30 4.70376e-29 7.14494e-30 4.71612e-29 7.21204e-30 4.72787e-29 7.27797e-30 4.73961e-29 7.34278e-30 4.75197e-29 7.40652e-30 4.7631e-29 7.46922e-30 4.77422e-29 7.53093e-30 4.78535e-29 7.59168e-30 4.79585e-29 7.6515e-30 4.80636e-29 7.71044e-30 4.81625e-29 7.76851e-30 4.82676e-29 7.82574e-30 4.83664e-29 7.88217e-30 4.84653e-29 7.93782e-30 4.8558e-29 7.99272e-30 4.86569e-29 8.04688e-30 4.87434e-29 8.10033e-30 4.88423e-29 8.1531e-30 4.89289e-29 8.2052e-30 4.90154e-29 8.25665e-30 4.91019e-29 8.30747e-30
5000 3.03026e-27 3.03026e-27 4.03448e-41 1.33139e-14 0 4.96487e-30 1.78249e-31 7.52868e-30 1.99727e-31 1.12665e-29 3.39103e-31 1.48275e-29 4.08058e-31 1.66542e-29 4.85368e-31 1.78109e-29 5.58127e-31 1.86739e-29 6.26842e-31 1.9367e-29 6.91947e-31 2.16393e-29 9.74606e-31 2.40633e-29 1.40224e-30 2.55277e-29 1.72687e-30 2.65699e-29 1.99202e-30 2.73871e-29 2.21821e-30 2.80482e-29 2.41675e-30 2.86083e-29 2.59454e-30 2.90904e-29 2.7561e-30 2.95173e-29 2.90458e-30 2.9903e-29 3.04227e-30 3.02427e-29 3.17086e-30 3.05595e-29 3.29168e-30 3.08488e-29 3.40576e-30 3.11151e-29 3.51394e-30 3.13676e-29 3.61689e-30 3.16017e-29 3.71519e-30 3.18221e-29 3.8093e-30 3.20287e-29 3.89963e-30 3.22261e-29 3.98652e-30 3.24098e-29 4.07026e-30 3.25934e-29 4.15112e-30 3.27587e-29 4.22932e-30 3.2924e-29 4.30505e-30 3.30801e-29 4.3785e-30 3.3227e-29 4.44983e-30 3.33739e-29 4.51916e-30 3.35117e-29 4.58663e-30 3.36448e-29 4.65236e-30 3.37734e-29 4.71644e-30 3.38973e-29 4.77897e-30 3.40167e-29 4.84004e-30 3.41361e-29 4.89972e-30 3.42509e-29 4.95809e-30 3.43656e-29 5.01521e-30 3.44666e-29 5.07114e-30 3.45768e-29 5.12594e-30 3.46778e-29 5.17967e-30 3.47788e-29 5.23236e-30 3.48707e-29 5.28407e-30 3.49717e-29 5.33484e-30 3.50635e-29 5.38471e-30 3.51507e-29 5.43371e-30 3.5238e-29 5.48187e-30 3.53298e-29 5.52924e-30 3.54124e-29 5.57585e-30 3.54951e-29 5.62171e-30 3.55777e-29 5.66685e-30 3.56558e-29 5.71131e-30 3.57338e-29 5.75511e-30 3.58073e-29 5.79826e-30 3.58853e-29 5.8408e-30 3.59588e-29 5.88274e-30 3.60323e-29 5.92409e-30 3.61011e-29 5.96489e-30 3.61746e-29 6.00514e-30 3.62389e-29 6.04486e-30 3.63123e-29 6.08407e-30 3.63766e-29 6.12279e-30 3.64409e-29 6.16102e-30 3.65052e-29 6.19879e-30
