# 5.5136e-05 0 75 : grain size, compostion index, size index
# Heating and cooling timescale: 0.000248781 130511
# Ratio of heating to cooling to determine stochastic cutoff: 100
# Equilibrium emission is recorded even for those grains in the stochastic regime.
# Emission spectrum was computed for: 
# Type: ISRF
# Scales: 0.0001 0.001 0.01 0.05 0.1 0.15 0.2 0.25 0.5 1 1.5 2 2.5 3 3.5 4 4.5 5 5.5 6 6.5 7 7.5 8 8.5 9 9.5 10 10.5 11 11.5 12 12.5 13 13.5 14 14.5 15 15.5 16 16.5 17 17.5 18 18.5 19 19.5 20 20.5 21 21.5 22 22.5 23 23.5 24 24.5 25 25.5 26 26.5 27 27.5 28 28.5 29 29.5 30
# StochasticallyHeated: 0 0 0 0 0 0 0 0 0 0 0 0 0 0 0 0 0 0 0 0 0 0 0 0 0 0 0 0 0 0 0 0 0 0 0 0 0 0 0 0 0 0 0 0 0 0 0 0 0 0 0 0 0 0 0 0 0 0 0 0 0 0 0 0 0 0 0 0
# Temperature: -1
# Wavelength  CExt  CAbs  CSca  Albedo G EqEm1 StEm1 EqEm2 StEm2 EqEm3 StEm3 EqEm4 StEm4 EqEm5 StEm5 EqEm6 StEm6 EqEm7 StEm7 EqEm8 StEm8 EqEm9 StEm9 EqEm10 StEm10 EqEm11 StEm11 EqEm12 StEm12 EqEm13 StEm13 EqEm14 StEm14 EqEm15 StEm15 EqEm16 StEm16 EqEm17 StEm17 EqEm18 StEm18 EqEm19 StEm19 EqEm20 StEm20 EqEm21 StEm21 EqEm22 StEm22 EqEm23 StEm23 EqEm24 StEm24 EqEm25 StEm25 EqEm26 StEm26 EqEm27 StEm27 EqEm28 StEm28 EqEm29 StEm29 EqEm30 StEm30 EqEm31 StEm31 EqEm32 StEm32 EqEm33 StEm33 EqEm34 StEm34 EqEm35 StEm35 EqEm36 StEm36 EqEm37 StEm37 EqEm38 StEm38 EqEm39 StEm39 EqEm40 StEm40 EqEm41 StEm41 EqEm42 StEm42 EqEm43 StEm43 EqEm44 StEm44 EqEm45 StEm45 EqEm46 StEm46 EqEm47 StEm47 EqEm48 StEm48 EqEm49 StEm49 EqEm50 StEm50 EqEm51 StEm51 EqEm52 StEm52 EqEm53 StEm53 EqEm54 StEm54 EqEm55 StEm55 EqEm56 StEm56 EqEm57 StEm57 EqEm58 StEm58 EqEm59 StEm59 EqEm60 StEm60 EqEm61 StEm61 EqEm62 StEm62 EqEm63 StEm63 EqEm64 StEm64 EqEm65 StEm65 EqEm66 StEm66 EqEm67 StEm67 EqEm68 StEm68
0.05 1.9254e-08 8.08991e-09 1.11641e-08 0.579833 0.963022 0 0 0 0 0 0 0 0 0 0 0 0 0 0 0 0 0 0 0 0 0 0 0 0 0 0 0 0 0 0 0 0 0 0 0 0 0 0 0 0 0 0 0 0 0 0 0 0 0 0 0 0 0 0 0 0 0 0 0 0 0 0 0 0 0 0 0 0 0 0 0 0 0 0 0 0 0 0 0 0 0 0 0 0 0 0 0 0 0 0 0 0 0 0 0 0 0 0 0 0 0 0 0 0 0 0 0 0 0 0 0 0 0 0 0 0 0 0 0 0 0 0 0 0 0 0 0 0 0 0 0 0 0 0 0 0
0.0525665 1.93674e-08 8.02231e-09 1.13451e-08 0.585783 0.952027 0 0 0 0 0 0 0 0 0 0 0 0 0 0 0 0 0 0 0 0 0 0 0 0 0 0 0 0 0 0 0 0 0 0 0 0 0 0 0 0 0 0 0 0 0 0 0 0 0 0 0 0 0 0 0 0 0 0 0 0 0 0 0 0 0 0 0 0 0 0 0 0 0 0 0 0 0 0 0 0 0 0 0 0 0 0 0 0 0 0 0 0 0 0 0 0 0 0 0 0 0 0 0 0 0 0 0 0 0 0 0 0 0 0 0 0 0 0 0 0 0 0 0 0 0 0 0 0 0 0 0 0 0 0 0 0
0.0552647 1.94321e-08 8.02231e-09 1.14098e-08 0.587161 0.952943 0 0 0 0 0 0 0 0 0 0 0 0 0 0 0 0 0 0 0 0 0 0 0 0 0 0 0 0 0 0 0 0 0 0 0 0 0 0 0 0 0 0 0 0 0 0 0 0 0 0 0 0 0 0 0 0 0 0 0 0 0 0 0 0 0 0 0 0 0 0 0 0 0 0 0 0 0 0 0 0 0 0 0 0 0 0 0 0 0 0 0 0 0 0 0 0 0 0 0 0 0 0 0 0 0 0 0 0 0 0 0 0 0 0 0 0 0 0 0 0 0 0 0 0 0 0 0 0 0 0 0 0 0 0 0 0
0.0581015 1.94138e-08 8.02231e-09 1.13915e-08 0.586773 0.947 0 0 0 0 0 0 0 0 0 0 0 0 0 0 0 0 0 0 0 0 0 0 0 0 0 0 0 0 0 0 0 0 0 0 0 0 0 0 0 0 0 0 0 0 0 0 0 0 0 0 0 0 0 0 0 0 0 0 0 0 0 0 0 0 0 0 0 0 0 0 0 0 0 0 0 0 0 0 0 0 0 0 0 0 0 0 0 0 0 0 0 0 0 0 0 0 0 0 0 0 0 0 0 0 0 0 0 0 0 0 0 0 0 0 0 0 0 0 0 0 0 0 0 0 0 0 0 0 0 0 0 0 0 0 0 0
0.0610839 1.92494e-08 8.04679e-09 1.12026e-08 0.581972 0.940827 0 0 0 0 0 0 0 0 0 0 0 0 0 0 0 0 0 0 0 0 0 0 0 0 0 0 0 0 0 0 0 0 0 0 0 0 0 0 0 0 0 0 0 0 0 0 0 0 0 0 0 0 0 0 0 0 0 0 0 0 0 0 0 0 0 0 0 0 0 0 0 0 0 0 0 0 0 0 0 0 0 0 0 0 0 0 0 0 0 0 0 0 0 0 0 0 0 0 0 0 0 0 0 0 0 0 0 0 0 0 0 0 0 0 0 0 0 0 0 0 0 0 0 0 0 0 0 0 0 0 0 0 0 0 0 0
0.0642193 1.949e-08 8.12621e-09 1.13638e-08 0.583057 0.93838 0 0 0 0 0 0 0 0 0 0 0 0 0 0 0 0 0 0 0 0 0 0 0 0 0 0 0 0 0 0 0 0 0 0 0 0 0 0 0 0 0 0 0 0 0 0 0 0 0 0 0 0 0 0 0 0 0 0 0 0 0 0 0 0 0 0 0 0 0 0 0 0 0 0 0 0 0 0 0 0 0 0 0 0 0 0 0 0 0 0 0 0 0 0 0 0 0 0 0 0 0 0 0 0 0 0 0 0 0 0 0 0 0 0 0 0 0 0 0 0 0 0 0 0 0 0 0 0 0 0 0 0 0 0 0 0
0.0675157 1.96204e-08 8.26595e-09 1.13545e-08 0.578707 0.935943 0 0 0 0 0 0 0 0 0 0 0 0 0 0 0 0 0 0 0 0 0 0 0 0 0 0 0 0 0 0 0 0 0 0 0 0 0 0 0 0 0 0 0 0 0 0 0 0 0 0 0 0 0 0 0 0 0 0 0 0 0 0 0 0 0 0 0 0 0 0 0 0 0 0 0 0 0 0 0 0 0 0 0 0 0 0 0 0 0 0 0 0 0 0 0 0 0 0 0 0 0 0 0 0 0 0 0 0 0 0 0 0 0 0 0 0 0 0 0 0 0 0 0 0 0 0 0 0 0 0 0 0 0 0 0 0
0.0709813 1.98812e-08 8.4414e-09 1.14398e-08 0.575409 0.933609 0 0 0 0 0 0 0 0 0 0 0 0 0 0 0 0 0 0 0 0 0 0 0 0 0 0 0 0 0 0 0 0 0 0 0 0 0 0 0 0 0 0 0 0 0 0 0 0 0 0 0 0 0 0 0 0 0 0 0 0 0 0 0 0 0 0 0 0 0 0 0 0 0 0 0 0 0 0 0 0 0 0 0 0 0 0 0 0 0 0 0 0 0 0 0 0 0 0 0 0 0 0 0 0 0 0 0 0 0 0 0 0 0 0 0 0 0 0 0 0 0 0 0 0 0 0 0 0 0 0 0 0 0 0 0 0
0.0746248 1.99594e-08 8.48573e-09 1.14737e-08 0.57485 0.9284 0 0 0 0 0 0 0 0 0 0 0 0 0 0 0 0 0 0 0 0 0 0 0 0 0 0 0 0 0 0 0 0 0 0 0 0 0 0 0 0 0 0 0 0 0 0 0 0 0 0 0 0 0 0 0 0 0 0 0 0 0 0 0 0 0 0 0 0 0 0 0 0 0 0 0 0 0 0 0 0 0 0 0 0 0 0 0 0 0 0 0 0 0 0 0 0 0 0 0 0 0 0 0 0 0 0 0 0 0 0 0 0 0 0 0 0 0 0 0 0 0 0 0 0 0 0 0 0 0 0 0 0 0 0 0 0
0.0784553 2.00705e-08 8.54116e-09 1.15294e-08 0.574442 0.923534 0 0 0 0 0 0 0 0 0 0 0 0 0 0 0 0 0 0 0 0 0 0 0 0 0 0 0 0 0 0 0 0 0 0 0 0 0 0 0 0 0 0 0 0 0 0 0 0 0 0 0 0 0 0 0 0 0 0 0 0 0 0 0 0 0 0 0 0 0 0 0 0 0 0 0 0 0 0 0 0 0 0 0 0 0 0 0 0 0 0 0 0 0 0 0 0 0 0 0 0 0 0 0 0 0 0 0 0 0 0 0 0 0 0 0 0 0 0 0 0 0 0 0 0 0 0 0 0 0 0 0 0 0 0 0 0
0.0824824 2.01678e-08 8.62123e-09 1.15466e-08 0.572525 0.920544 0 0 0 0 0 0 0 0 0 0 0 0 0 0 0 0 0 0 0 0 0 0 0 0 0 0 0 0 0 0 0 0 0 0 0 0 0 0 0 0 0 0 0 0 0 0 0 0 0 0 0 0 0 0 0 0 0 0 0 0 0 0 0 0 0 0 0 0 0 0 0 0 0 0 0 0 0 0 0 0 0 0 0 0 0 0 0 0 0 0 0 0 0 0 0 0 0 0 0 0 0 0 0 0 0 0 0 0 0 0 0 0 0 0 0 0 0 0 0 0 0 0 0 0 0 0 0 0 0 0 0 0 0 0 0 0
0.0867162 2.02581e-08 8.72115e-09 1.15369e-08 0.569497 0.919198 0 0 0 0 0 0 0 0 0 0 0 0 0 0 0 0 0 0 0 0 0 0 0 0 0 0 0 0 0 0 0 0 0 0 0 0 0 0 0 0 0 0 0 0 0 0 0 0 0 0 0 0 0 0 0 0 0 0 0 0 0 0 0 0 0 0 0 0 0 0 0 0 0 0 0 0 0 0 0 0 0 0 0 0 0 0 0 0 0 0 0 0 0 0 0 0 0 0 0 0 0 0 0 0 0 0 0 0 0 0 0 0 0 0 0 0 0 0 0 0 0 0 0 0 0 0 0 0 0 0 0 0 0 0 0 0
0.0911674 2.03436e-08 8.83567e-09 1.15079e-08 0.565677 0.919114 0 0 0 0 0 0 0 0 0 0 0 0 0 0 0 0 0 0 0 0 0 0 0 0 0 0 0 0 0 0 0 0 0 0 0 0 0 0 0 0 0 0 0 0 0 0 0 0 0 0 0 0 0 0 0 0 0 0 0 0 0 0 0 0 0 0 0 0 0 0 0 0 0 0 0 0 0 0 0 0 0 0 0 0 0 0 0 0 0 0 0 0 0 0 0 0 0 0 0 0 0 0 0 0 0 0 0 0 0 0 0 0 0 0 0 0 0 0 0 0 0 0 0 0 0 0 0 0 0 0 0 0 0 0 0 0
0.095847 2.0423e-08 8.96013e-09 1.14629e-08 0.561273 0.92013 0 0 0 0 0 0 0 0 0 0 0 0 0 0 0 0 0 0 0 0 0 0 0 0 0 0 0 0 0 0 0 0 0 0 0 0 0 0 0 0 0 0 0 0 0 0 0 0 0 0 0 0 0 0 0 0 0 0 0 0 0 0 0 0 0 0 0 0 0 0 0 0 0 0 0 0 0 0 0 0 0 0 0 0 0 0 0 0 0 0 0 0 0 0 0 0 0 0 0 0 0 0 0 0 0 0 0 0 0 0 0 0 0 0 0 0 0 0 0 0 0 0 0 0 0 0 0 0 0 0 0 0 0 0 0 0
0.100767 2.0496e-08 9.08939e-09 1.14066e-08 0.556528 0.921969 0 0 0 0 0 0 0 0 0 0 0 0 0 0 0 0 0 0 0 0 0 0 0 0 0 0 0 0 0 0 0 0 0 0 0 0 0 0 0 0 0 0 0 0 0 0 0 0 0 0 0 0 0 0 0 0 0 0 0 0 0 0 0 0 0 0 0 0 0 0 0 0 0 0 0 0 0 0 0 0 0 0 0 0 0 0 0 0 0 0 0 0 0 0 0 0 0 0 0 0 0 0 0 0 0 0 0 0 0 0 0 0 0 0 0 0 0 0 0 0 0 0 0 0 0 0 0 0 0 0 0 0 0 0 0 0
0.105939 2.05613e-08 9.21998e-09 1.13414e-08 0.551587 0.924481 0 0 0 0 0 0 0 0 0 0 0 0 0 0 0 0 0 0 0 0 0 0 0 0 0 0 0 0 0 0 0 0 0 0 0 0 0 0 0 0 0 0 0 0 0 0 0 0 0 0 0 0 0 0 0 0 0 0 0 0 0 0 0 0 0 0 0 0 0 0 0 0 0 0 0 0 0 0 0 0 0 0 0 0 0 0 0 0 0 0 0 0 0 0 0 0 0 0 0 0 0 0 0 0 0 0 0 0 0 0 0 0 0 0 0 0 0 0 0 0 0 0 0 0 0 0 0 0 0 0 0 0 0 0 0 0
0.111377 2.06199e-08 9.34802e-09 1.12718e-08 0.54665 0.927387 0 0 0 0 0 0 0 0 0 0 0 0 0 0 0 0 0 0 0 0 0 0 0 0 0 0 0 0 0 0 0 0 0 0 0 0 0 0 0 0 0 0 0 0 0 0 0 0 0 0 0 0 0 0 0 0 0 0 0 0 0 0 0 0 0 0 0 0 0 0 0 0 0 0 0 0 0 0 0 0 0 0 0 0 0 0 0 0 0 0 0 0 0 0 0 0 0 0 0 0 0 0 0 0 0 0 0 0 0 0 0 0 0 0 0 0 0 0 0 0 0 0 0 0 0 0 0 0 0 0 0 0 0 0 0 0
0.117094 2.06717e-08 9.47133e-09 1.12004e-08 0.541823 0.930477 0 0 0 0 0 0 0 0 0 0 0 0 0 0 0 0 0 0 0 0 0 0 0 0 0 0 0 0 0 0 0 0 0 0 0 0 0 0 0 0 0 0 0 0 0 0 0 0 0 0 0 0 0 0 0 0 0 0 0 0 0 0 0 0 0 0 0 0 0 0 0 0 0 0 0 0 0 0 0 0 0 0 0 0 0 0 0 0 0 0 0 0 0 0 0 0 0 0 0 0 0 0 0 0 0 0 0 0 0 0 0 0 0 0 0 0 0 0 0 0 0 0 0 0 0 0 0 0 0 0 0 0 0 0 0 0
0.123105 2.07233e-08 9.59418e-09 1.11291e-08 0.537034 0.933587 0 0 0 0 0 0 0 0 0 0 0 0 0 0 0 0 0 0 0 0 0 0 0 0 0 0 0 0 0 0 0 0 0 0 0 0 0 0 0 0 0 0 0 0 0 0 0 0 0 0 0 0 0 0 0 0 0 0 0 0 0 0 0 0 0 0 0 0 0 0 0 0 0 0 0 0 0 0 0 0 0 0 0 0 0 0 0 0 0 0 0 0 0 0 0 0 0 0 0 0 0 0 0 0 0 0 0 0 0 0 0 0 0 0 0 0 0 0 0 0 0 0 0 0 0 0 0 0 0 0 0 0 0 0 0 0
0.129424 2.06908e-08 9.56726e-09 1.11236e-08 0.537609 0.934607 0 0 0 0 0 0 0 0 0 0 0 0 0 0 0 0 0 0 0 0 0 0 0 0 0 0 0 0 0 0 0 0 0 0 0 0 0 0 0 0 0 0 0 0 0 0 0 0 0 0 0 0 0 0 0 0 0 0 0 0 0 0 0 0 0 0 0 0 0 0 0 0 0 0 0 0 0 0 0 0 0 0 0 0 0 0 0 0 0 0 0 0 0 0 0 0 0 0 0 0 0 0 0 0 0 0 0 0 0 0 0 0 0 0 0 0 0 0 0 0 0 0 0 0 0 0 0 0 0 0 0 0 0 0 0 0
0.136067 2.06355e-08 9.49621e-09 1.11393e-08 0.539812 0.926842 0 0 0 0 0 0 0 0 0 0 0 0 0 0 0 0 0 0 0 0 0 0 0 0 0 0 0 0 0 0 0 0 0 0 0 0 0 0 0 0 0 0 0 0 0 0 0 0 0 0 0 0 0 0 0 0 0 0 0 0 0 0 0 0 0 0 0 0 0 0 0 0 0 0 0 0 0 0 0 0 0 0 0 0 0 0 0 0 0 0 0 0 0 0 0 0 0 0 0 0 0 0 0 0 0 0 0 0 0 0 0 0 0 0 0 0 0 0 0 0 0 0 0 0 0 0 0 0 0 0 0 0 0 0 0 0
0.143051 2.08676e-08 9.43856e-09 1.1429e-08 0.547692 0.916075 0 0 0 0 0 0 0 0 0 0 0 0 0 0 0 0 0 0 0 0 0 0 0 0 0 0 0 0 0 0 0 0 0 0 0 0 0 0 0 0 0 0 0 0 0 0 0 0 0 0 0 0 0 0 0 0 0 0 0 0 0 0 0 0 0 0 0 0 0 0 0 0 0 0 0 0 0 0 0 0 0 0 0 0 0 0 0 0 0 0 0 0 0 0 0 0 0 0 0 0 0 0 0 0 0 0 0 0 0 0 0 0 0 0 0 0 0 0 0 0 0 0 0 0 0 0 0 0 0 0 0 0 0 0 0 0
0.150394 2.09228e-08 9.42429e-09 1.14985e-08 0.549569 0.90987 0 0 0 0 0 0 0 0 0 0 0 0 0 0 0 0 0 0 0 0 0 0 0 0 0 0 0 0 0 0 0 0 0 0 0 0 0 0 0 0 0 0 0 0 0 0 0 0 0 0 0 0 0 0 0 0 0 0 0 0 0 0 0 0 0 0 0 0 0 0 0 0 0 0 0 0 0 0 0 0 0 0 0 0 0 0 0 0 0 0 0 0 0 0 0 0 0 0 0 0 0 0 0 0 0 0 0 0 0 0 0 0 0 0 0 0 0 0 0 0 0 0 0 0 0 0 0 0 0 0 0 0 0 0 0 0
0.158114 2.09878e-08 9.40184e-09 1.1586e-08 0.552034 0.903107 0 0 0 0 0 0 0 0 0 0 0 0 0 0 0 0 0 0 0 0 0 0 0 0 0 0 0 0 0 0 0 0 0 0 0 0 0 0 0 0 0 0 0 0 0 0 0 0 0 0 0 0 0 0 0 0 0 0 0 0 0 0 0 0 0 0 0 0 0 0 0 0 0 0 0 0 0 0 0 0 0 0 0 0 0 0 0 0 0 0 0 0 0 0 0 0 0 0 0 0 0 0 0 0 0 0 0 0 0 0 0 0 0 0 0 0 0 0 0 0 0 0 0 0 0 0 0 0 0 0 0 0 0 0 0 0
0.16623 2.10688e-08 9.37917e-09 1.16896e-08 0.554831 0.896024 0 0 0 0 0 0 0 0 0 0 0 0 0 0 0 0 0 0 0 0 0 0 0 0 0 0 0 0 0 0 0 0 0 0 0 0 0 0 0 0 0 0 0 0 0 0 0 0 0 0 0 0 0 0 0 0 0 0 0 0 0 0 0 0 0 0 0 0 0 0 0 0 0 0 0 0 0 0 0 0 0 0 0 0 0 0 0 0 0 0 0 0 0 0 0 0 0 0 0 0 0 0 0 0 0 0 0 0 0 0 0 0 0 0 0 0 0 0 0 0 0 0 0 0 0 0 0 0 0 0 0 0 0 0 0 0
0.174762 2.11659e-08 9.36103e-09 1.18048e-08 0.55773 0.888804 0 0 0 0 0 0 0 0 0 0 0 0 0 0 0 0 0 0 0 0 0 0 0 0 0 0 0 0 0 0 0 0 0 0 0 0 0 0 0 0 0 0 0 0 0 0 0 0 0 0 0 0 0 0 0 0 0 0 0 0 0 0 0 0 0 0 0 0 0 0 0 0 0 0 0 0 0 0 0 0 0 0 0 0 0 0 0 0 0 0 0 0 0 0 0 0 0 0 0 0 0 0 0 0 0 0 0 0 0 0 0 0 0 0 0 0 0 0 0 0 0 0 0 0 0 0 0 0 0 0 0 0 0 0 0 0
0.183733 2.12808e-08 9.35157e-09 1.19293e-08 0.560564 0.881574 0 0 0 0 0 0 0 0 0 0 0 0 0 0 0 0 0 0 0 0 0 0 0 0 0 0 0 0 0 0 0 0 0 0 0 0 0 0 0 0 0 0 0 0 0 0 0 0 0 0 0 0 0 0 0 0 0 0 0 0 0 0 0 0 0 0 0 0 0 0 0 0 0 0 0 0 0 0 0 0 0 0 0 0 0 0 0 0 0 0 0 0 0 0 0 0 0 0 0 0 0 0 0 0 0 0 0 0 0 0 0 0 0 0 0 0 0 0 0 0 0 0 0 0 0 0 0 0 0 0 0 0 0 0 0 0
0.193164 2.1412e-08 9.35387e-09 1.20581e-08 0.563148 0.874414 0 0 0 0 0 0 0 0 0 0 0 0 0 0 0 0 0 0 0 0 0 0 0 0 0 0 0 0 0 0 0 0 0 0 0 0 0 0 0 0 0 0 0 0 0 0 0 0 0 0 0 0 0 0 0 0 0 0 0 0 0 0 0 0 0 0 0 0 0 0 0 0 0 0 0 0 0 0 0 0 0 0 0 0 0 0 0 0 0 0 0 0 0 0 0 0 0 0 0 0 0 0 0 0 0 0 0 0 0 0 0 0 0 0 0 0 0 0 0 0 0 0 0 0 0 0 0 0 0 0 0 0 0 0 0 0
0.203079 2.1573e-08 9.37103e-09 1.22019e-08 0.565612 0.867738 0 0 0 0 0 0 0 0 0 0 0 0 0 0 0 0 0 0 0 0 0 0 0 0 0 0 0 0 0 0 0 0 0 0 0 0 0 0 0 0 0 0 0 0 0 0 0 0 0 0 0 0 0 0 0 0 0 0 0 0 0 0 0 0 0 0 0 0 0 0 0 0 0 0 0 0 0 0 0 0 0 0 0 0 0 0 0 0 0 0 0 0 0 0 0 0 0 0 0 0 0 0 0 0 0 0 0 0 0 0 0 0 0 0 0 0 0 0 0 0 0 0 0 0 0 0 0 0 0 0 0 0 0 0 0 0
0.213503 2.16996e-08 9.40291e-09 1.22967e-08 0.566678 0.860775 0 0 0 0 0 0 0 0 0 0 0 0 0 0 0 0 0 0 0 0 0 0 0 0 0 0 0 0 0 0 0 0 0 0 0 0 0 0 0 0 0 0 0 0 0 0 0 0 0 0 0 0 0 0 0 0 0 0 0 0 0 0 0 0 0 0 0 0 0 0 0 0 0 0 0 0 0 0 0 0 0 0 0 0 0 0 0 0 0 0 0 0 0 0 0 0 0 0 0 0 0 0 0 0 0 0 0 0 0 0 0 0 0 0 0 0 0 0 0 0 0 0 0 0 0 0 0 0 0 0 0 0 0 0 0 0
0.224463 2.1954e-08 9.3506e-09 1.26034e-08 0.574082 0.850532 0 0 0 0 0 0 0 0 0 0 0 0 0 0 0 0 0 0 0 0 0 0 0 0 0 0 0 0 0 0 0 0 0 0 0 0 0 0 0 0 0 0 0 0 0 0 0 0 0 0 0 0 0 0 0 0 0 0 0 0 0 0 0 0 0 0 0 0 0 0 0 0 0 0 0 0 0 0 0 0 0 0 0 0 0 0 0 0 0 0 0 0 0 0 0 0 0 0 0 0 0 0 0 0 0 0 0 0 0 0 0 0 0 0 0 0 0 0 0 0 0 0 0 0 0 0 0 0 0 0 0 0 0 0 0 0
0.235984 2.2373e-08 9.62395e-09 1.2749e-08 0.56984 0.870705 0 0 0 0 0 0 0 0 0 0 0 0 0 0 0 0 0 0 0 0 0 0 0 0 0 0 0 0 0 0 0 0 0 0 0 0 0 0 0 0 0 0 0 0 0 0 0 0 0 0 0 0 0 0 0 0 0 0 0 0 0 0 0 0 0 0 0 0 0 0 0 0 0 0 0 0 0 0 0 0 0 0 0 0 0 0 0 0 0 0 0 0 0 0 0 0 0 0 0 0 0 0 0 0 0 0 0 0 0 0 0 0 0 0 0 0 0 0 0 0 0 0 0 0 0 0 0 0 0 0 0 0 0 0 0 0
0.248097 2.40241e-08 8.0279e-09 1.59962e-08 0.665839 0.78387 0 0 0 0 0 0 0 0 0 0 0 0 0 0 0 0 0 0 0 0 0 0 0 0 0 0 0 0 0 0 0 0 0 0 0 0 0 0 0 0 0 0 0 0 0 0 0 0 0 0 0 0 0 0 0 0 0 0 0 0 0 0 0 0 0 0 0 0 0 0 0 0 0 0 0 0 0 0 0 0 0 0 0 0 0 0 0 0 0 0 0 0 0 0 0 0 0 0 0 0 0 0 0 0 0 0 0 0 0 0 0 0 0 0 0 0 0 0 0 0 0 0 0 0 0 0 0 0 0 0 0 0 0 0 0 0
0.260832 2.24666e-08 9.76285e-09 1.27038e-08 0.565451 0.854316 0 0 0 0 0 0 0 0 0 0 0 0 0 0 0 0 0 0 0 0 0 0 0 0 0 0 0 0 0 0 0 0 0 0 0 0 0 0 0 0 0 0 0 0 0 0 0 0 0 0 0 0 0 0 0 0 0 0 0 0 0 0 0 0 0 0 0 0 0 0 0 0 0 0 0 0 0 0 0 0 0 0 0 0 0 0 0 0 0 0 0 0 0 0 0 0 0 0 0 0 0 0 0 0 0 0 0 0 0 0 0 0 0 0 0 0 0 0 0 0 0 0 0 0 0 0 0 0 0 0 0 0 0 0 0 0
0.274221 2.2575e-08 9.78929e-09 1.27857e-08 0.566366 0.838699 0 0 0 0 0 0 0 0 0 0 0 0 0 0 0 0 0 0 0 0 0 0 0 0 0 0 0 0 0 0 0 0 0 0 0 0 0 0 0 0 0 0 0 0 0 0 0 0 0 0 0 0 0 0 0 0 0 0 0 0 0 0 0 0 0 0 0 0 0 0 0 0 0 0 0 0 0 0 0 0 0 0 0 0 0 0 0 0 0 0 0 0 0 0 0 0 0 0 0 0 0 0 0 0 0 0 0 0 0 0 0 0 0 0 0 0 0 0 0 0 0 0 0 0 0 0 0 0 0 0 0 0 0 0 0 0
0.288297 2.26453e-08 9.90086e-09 1.27444e-08 0.562785 0.835611 0 0 0 0 0 0 0 0 0 0 0 0 0 0 0 0 0 0 0 0 0 0 0 0 0 0 0 0 0 0 0 0 0 0 0 0 0 0 0 0 0 0 0 0 0 0 0 0 0 0 0 0 0 0 0 0 0 0 0 0 0 0 0 0 0 0 0 0 0 0 0 0 0 0 0 0 0 0 0 0 0 0 0 0 0 0 0 0 0 0 0 0 0 0 0 0 0 0 0 0 0 0 0 0 0 0 0 0 0 0 0 0 0 0 0 0 0 0 0 0 0 0 0 0 0 0 0 0 0 0 0 0 0 0 0 0
0.303095 2.27531e-08 1.00203e-08 1.27327e-08 0.559605 0.834677 0 0 0 0 0 0 0 0 0 0 0 0 0 0 0 0 0 0 0 0 0 0 0 0 0 0 0 0 0 0 0 0 0 0 0 0 0 0 0 0 0 0 0 0 0 0 0 0 0 0 0 0 0 0 0 0 0 0 0 0 0 0 0 0 0 0 0 0 0 0 0 0 0 0 0 0 0 0 0 0 0 0 0 0 0 0 0 0 0 0 0 0 0 0 0 0 0 0 0 0 0 0 0 0 0 0 0 0 0 0 0 0 0 0 0 0 0 0 0 0 0 0 0 0 0 0 0 0 0 0 0 0 0 0 0 0
0.318653 2.29726e-08 1.01316e-08 1.2841e-08 0.558969 0.834591 0 0 0 0 0 0 0 0 0 0 0 0 0 0 0 0 0 0 0 0 0 0 0 0 0 0 0 0 0 0 0 0 0 0 0 0 0 0 0 0 0 0 0 0 0 0 0 0 0 0 0 0 0 0 0 0 0 0 0 0 0 0 0 0 0 0 0 0 0 0 0 0 0 0 0 0 0 0 0 0 0 0 0 0 0 0 0 0 0 0 0 0 0 0 0 0 0 0 0 0 0 0 0 0 0 0 0 0 0 0 0 0 0 0 0 0 0 0 0 0 0 0 0 0 0 0 0 0 0 0 0 0 0 0 0 0
0.335009 2.32864e-08 1.02169e-08 1.30696e-08 0.561252 0.834449 0 0 0 0 0 0 0 0 0 0 0 0 0 0 0 0 0 0 0 0 0 0 0 0 0 0 0 0 0 0 0 0 0 0 0 0 0 0 0 0 0 0 0 0 0 0 0 0 0 0 0 0 0 0 0 0 0 0 0 0 0 0 0 0 0 0 0 0 0 0 0 0 0 0 0 0 0 0 0 0 0 0 0 0 0 0 0 0 0 0 0 0 0 0 0 0 0 0 0 0 0 0 0 0 0 0 0 0 0 0 0 0 0 0 0 0 0 0 0 0 0 0 0 0 0 0 0 0 0 0 0 0 0 0 0 0
0.352205 2.34005e-08 1.02466e-08 1.31539e-08 0.562119 0.829827 0 0 0 0 0 0 0 0 0 0 0 0 0 0 0 0 0 0 0 0 0 0 0 0 0 0 0 0 0 0 0 0 0 0 0 0 0 0 0 0 0 0 0 0 0 0 0 0 0 0 0 0 0 0 0 0 0 0 0 0 0 0 0 0 0 0 0 0 0 0 0 0 0 0 0 0 0 0 0 0 0 0 0 0 0 0 0 0 0 0 0 0 0 0 0 0 0 0 0 0 0 0 0 0 0 0 0 0 0 0 0 0 0 0 0 0 0 0 0 0 0 0 0 0 0 0 0 0 0 0 0 0 0 0 0 0
0.370284 2.30683e-08 1.02125e-08 1.28558e-08 0.557293 0.816885 0 0 0 0 0 0 0 0 0 0 0 0 0 0 0 0 0 0 0 0 0 0 0 0 0 0 0 0 0 0 0 0 0 0 0 0 0 0 0 0 0 0 0 0 0 0 0 0 0 0 0 0 0 0 0 0 0 0 0 0 0 0 0 0 0 0 0 0 0 0 0 0 0 0 0 0 0 0 0 0 0 0 0 0 0 0 0 0 0 0 0 0 0 0 0 0 0 0 0 0 0 0 0 0 0 0 0 0 0 0 0 0 0 0 0 0 0 0 0 0 0 0 0 0 0 0 0 0 0 0 0 0 0 0 0 0
0.389291 2.25248e-08 1.00937e-08 1.24311e-08 0.551884 0.798845 0 0 0 0 0 0 0 0 0 0 0 0 0 0 0 0 0 0 0 0 0 0 0 0 0 0 0 0 0 0 0 0 0 0 0 0 0 0 0 0 0 0 0 0 0 0 0 0 0 0 0 0 0 0 0 0 0 0 0 0 0 0 0 0 0 0 0 0 0 0 0 0 0 0 0 0 0 0 0 0 0 0 0 0 0 0 0 0 0 0 0 0 0 0 0 0 0 0 0 0 0 0 0 0 0 0 0 0 0 0 0 0 0 0 0 0 0 0 0 0 0 0 0 0 0 0 0 0 0 0 0 0 0 0 0 0
0.409273 2.23659e-08 9.8653e-09 1.25006e-08 0.558913 0.786762 0 0 0 0 0 0 0 0 0 0 0 0 0 0 0 0 0 0 0 0 0 0 0 0 0 0 0 0 0 0 0 0 0 0 0 0 0 0 0 0 0 0 0 0 0 0 0 0 0 0 0 0 0 0 0 0 0 0 0 0 0 0 0 0 0 0 0 0 0 0 0 0 0 0 0 0 0 0 0 0 0 0 0 0 0 0 0 0 0 0 0 0 0 0 0 0 0 0 0 0 0 0 0 0 0 0 0 0 0 0 0 0 0 0 0 0 0 0 0 0 0 0 0 0 0 0 0 0 0 0 0 0 0 0 0 0
0.430281 2.3124e-08 9.61611e-09 1.35079e-08 0.58415 0.790695 0 0 0 0 0 0 0 0 0 0 0 0 0 0 0 0 0 0 0 0 0 0 0 0 0 0 0 0 0 0 0 0 0 0 0 0 0 0 0 0 0 0 0 0 0 0 0 0 0 0 0 0 0 0 0 0 0 0 0 0 0 0 0 0 0 0 0 0 0 0 0 0 0 0 0 0 0 0 0 0 0 0 0 0 0 0 0 0 0 0 0 0 0 0 0 0 0 0 0 0 0 0 0 0 0 0 0 0 0 0 0 0 0 0 0 0 0 0 0 0 0 0 0 0 0 0 0 0 0 0 0 0 0 0 0 0
0.452368 2.46447e-08 9.27064e-09 1.53741e-08 0.623829 0.808068 0 0 0 0 0 0 0 0 0 0 0 0 0 0 0 0 0 0 0 0 0 0 0 0 0 0 0 0 0 0 0 0 0 0 0 0 0 0 0 0 0 0 0 0 0 0 0 0 0 0 0 0 0 0 0 0 0 0 0 0 0 0 0 0 0 0 0 0 0 0 0 0 0 0 0 0 0 0 0 0 0 0 0 0 0 0 0 0 0 0 0 0 0 0 0 0 0 0 0 0 0 0 0 0 0 0 0 0 0 0 0 0 0 0 0 0 0 0 0 0 0 0 0 0 0 0 0 0 0 0 0 0 0 0 0 0
0.475588 2.6396e-08 9.1198e-09 1.72762e-08 0.654501 0.81943 0 0 0 0 0 0 0 0 0 0 0 0 0 0 0 0 0 0 0 0 0 0 0 0 0 0 0 0 0 0 0 0 0 0 0 0 0 0 0 0 0 0 0 0 0 0 0 0 0 0 0 0 0 0 0 0 0 0 0 0 0 0 0 0 0 0 0 0 0 0 0 0 0 0 0 0 0 0 0 0 0 0 0 0 0 0 0 0 0 0 0 0 0 0 0 0 0 0 0 0 0 0 0 0 0 0 0 0 0 0 0 0 0 0 0 0 0 0 0 0 0 0 0 0 0 0 0 0 0 0 0 0 0 0 0 0
0.5 2.69398e-08 8.71373e-09 1.82261e-08 0.676548 0.824553 0 0 0 0 0 0 0 0 0 0 0 0 0 0 0 0 0 0 0 0 0 0 0 0 0 0 0 0 0 0 0 0 0 0 0 0 0 0 0 0 0 0 0 0 0 0 0 0 0 0 0 0 0 0 0 0 0 0 0 0 0 0 0 0 0 0 0 0 0 0 0 0 0 0 0 0 0 0 0 0 0 0 0 0 0 0 0 0 0 0 0 0 0 0 0 0 0 0 0 0 0 0 0 0 0 0 0 0 0 0 0 0 0 0 0 0 0 0 0 0 0 0 0 0 0 0 0 0 0 0 0 0 0 0 0 0
0.525665 2.68795e-08 8.74598e-09 1.81335e-08 0.674623 0.810785 0 0 0 0 0 0 0 0 0 0 0 0 0 0 0 0 0 0 0 0 0 0 0 0 0 0 0 0 0 0 0 0 0 0 0 0 0 0 0 0 0 0 0 0 0 0 0 0 0 0 0 0 0 0 0 0 0 0 0 0 0 0 0 0 0 0 0 0 0 0 0 0 0 0 0 0 0 0 0 0 0 0 0 0 0 0 0 0 0 0 0 0 0 0 0 0 0 0 0 0 0 0 0 0 0 0 0 0 0 0 0 0 0 0 0 0 0 0 0 0 0 0 0 0 0 0 0 0 0 0 0 0 0 0 0 0
0.552648 2.4947e-08 8.35418e-09 1.65928e-08 0.665123 0.782233 0 0 0 0 0 0 0 0 0 0 0 0 0 0 0 0 0 0 0 0 0 0 0 0 0 0 0 0 0 0 0 0 0 0 0 0 0 0 0 0 0 0 0 0 0 0 0 0 0 0 0 0 0 0 0 0 0 0 0 0 0 0 0 0 0 0 0 0 0 0 0 0 0 0 0 0 0 0 0 0 0 0 0 0 0 0 0 0 0 0 0 0 0 0 0 0 0 0 0 0 0 0 0 0 0 0 0 0 0 0 0 0 0 0 0 0 0 0 0 0 0 0 0 0 0 0 0 0 0 0 0 0 0 0 0 0
0.581015 2.37707e-08 8.75193e-09 1.50188e-08 0.631819 0.735554 0 0 0 0 0 0 0 0 0 0 0 0 0 0 0 0 0 0 0 0 0 0 0 0 0 0 0 0 0 0 0 0 0 0 0 0 0 0 0 0 0 0 0 0 0 0 0 0 0 0 0 0 0 0 0 0 0 0 0 0 0 0 0 0 0 0 0 0 0 0 0 0 0 0 0 0 0 0 0 0 0 0 0 0 0 0 0 0 0 0 0 0 0 0 0 0 0 0 0 0 0 0 0 0 0 0 0 0 0 0 0 0 0 0 0 0 0 0 0 0 0 0 0 0 0 0 0 0 0 0 0 0 0 0 0 0
0.610839 2.08109e-08 8.13488e-09 1.2676e-08 0.609104 0.672503 0 0 0 0 0 0 0 0 0 0 0 0 0 0 0 0 0 0 0 0 0 0 0 0 0 0 0 0 0 0 0 0 0 0 0 0 0 0 0 0 0 0 0 0 0 0 0 0 0 0 0 0 0 0 0 0 0 0 0 0 0 0 0 0 0 0 0 0 0 0 0 0 0 0 0 0 0 0 0 0 0 0 0 0 0 0 0 0 0 0 0 0 0 0 0 0 0 0 0 0 0 0 0 0 0 0 0 0 0 0 0 0 0 0 0 0 0 0 0 0 0 0 0 0 0 0 0 0 0 0 0 0 0 0 0 0
0.642193 2.11036e-08 8.55287e-09 1.25507e-08 0.594719 0.596106 0 0 0 0 0 0 0 0 0 0 0 0 0 0 0 0 0 0 0 0 0 0 0 0 0 0 0 0 0 0 0 0 0 0 0 0 0 0 0 0 0 0 0 0 0 0 0 0 0 0 0 0 0 0 0 0 0 0 0 0 0 0 0 0 0 0 0 0 0 0 0 0 0 0 0 0 0 0 0 0 0 0 0 0 0 0 0 0 0 0 0 0 0 0 0 0 0 0 0 0 0 0 0 0 0 0 0 0 0 0 0 0 0 0 0 0 0 0 0 0 0 0 0 0 0 0 0 0 0 0 0 0 0 0 0 0
0.675157 1.92756e-08 8.24063e-09 1.1035e-08 0.572485 0.546091 0 0 0 0 0 0 0 0 0 0 0 0 0 0 0 0 0 0 0 0 0 0 0 0 0 0 0 0 0 0 0 0 0 0 0 0 0 0 0 0 0 0 0 0 0 0 0 0 0 0 0 0 0 0 0 0 0 0 0 0 0 0 0 0 0 0 0 0 0 0 0 0 0 0 0 0 0 0 0 0 0 0 0 0 0 0 0 0 0 0 0 0 0 0 0 0 0 0 0 0 0 0 0 0 0 0 0 0 0 0 0 0 0 0 0 0 0 0 0 0 0 0 0 0 0 0 0 0 0 0 0 0 0 0 0 0
0.709813 2.00885e-08 8.08977e-09 1.19987e-08 0.597293 0.531603 0 0 0 0 0 0 0 0 0 0 0 0 0 0 0 0 0 0 0 0 0 0 0 0 0 0 0 0 0 0 0 0 0 0 0 0 0 0 0 0 0 0 0 0 0 0 0 0 0 0 0 0 0 0 0 0 0 0 0 0 0 0 0 0 0 0 0 0 0 0 0 0 0 0 0 0 0 0 0 0 0 0 0 0 0 0 0 0 0 0 0 0 0 0 0 0 0 0 0 0 0 0 0 0 0 0 0 0 0 0 0 0 0 0 0 0 0 0 0 0 0 0 0 0 0 0 0 0 0 0 0 0 0 0 0 0
0.746248 2.27719e-08 8.10362e-09 1.46683e-08 0.644139 0.528116 0 0 0 0 0 0 0 0 0 0 0 0 0 0 0 0 0 0 0 0 0 0 0 0 0 0 0 0 0 0 0 0 0 0 0 0 0 0 0 0 0 0 0 0 0 0 0 0 0 0 0 0 0 0 0 0 0 0 0 0 0 0 0 0 0 0 0 0 0 0 0 0 0 0 0 0 0 0 0 0 0 0 0 0 0 0 0 0 0 0 0 0 0 0 0 0 0 0 0 0 0 0 0 0 0 0 0 0 0 0 0 0 0 0 0 0 0 0 0 0 0 0 0 0 0 0 0 0 0 0 0 0 0 0 0 0
0.784553 2.31711e-08 8.10768e-09 1.50634e-08 0.650095 0.554224 0 0 0 0 0 0 0 0 0 0 0 0 0 0 0 0 0 0 0 0 0 0 0 0 0 0 0 0 0 0 0 0 0 0 0 0 0 0 0 0 0 0 0 0 0 0 0 0 0 0 0 0 0 0 0 0 0 0 0 0 0 0 0 0 0 0 0 0 0 0 0 0 0 0 0 0 0 0 0 0 0 0 0 0 0 0 0 0 0 0 0 0 0 0 0 0 0 0 0 0 0 0 0 0 0 0 0 0 0 0 0 0 0 0 0 0 0 0 0 0 0 0 0 0 0 0 0 0 0 0 0 0 0 0 0 0
0.824824 2.58438e-08 8.0243e-09 1.78195e-08 0.689508 0.602796 0 0 0 0 0 0 0 0 0 0 0 0 0 0 0 0 0 0 0 0 0 0 0 0 0 0 0 0 0 0 0 0 0 0 0 0 0 0 0 0 0 0 0 0 0 0 0 0 0 0 0 0 0 0 0 0 0 0 0 0 0 0 0 0 0 0 0 0 0 0 0 0 0 0 0 0 0 0 0 0 0 0 0 0 0 0 0 0 0 0 0 0 0 0 0 0 0 0 0 0 0 0 0 0 0 0 0 0 0 0 0 0 0 0 0 0 0 0 0 0 0 0 0 0 0 0 0 0 0 0 0 0 0 0 0 0
0.867162 3.0203e-08 8.02231e-09 2.21807e-08 0.734387 0.627564 0 0 0 0 0 0 0 0 0 0 0 0 0 0 0 0 0 0 0 0 0 0 0 0 0 0 0 0 0 0 0 0 0 0 0 0 0 0 0 0 0 0 0 0 0 0 0 0 0 0 0 0 0 0 0 0 0 0 0 0 0 0 0 0 0 0 0 0 0 0 0 0 0 0 0 0 0 0 0 0 0 0 0 0 0 0 0 0 0 0 0 0 0 0 0 0 0 0 0 0 0 0 0 0 0 0 0 0 0 0 0 0 0 0 0 0 0 0 0 0 0 0 0 0 0 0 0 0 0 0 0 0 0 0 0 0
0.911674 3.22299e-08 8.02231e-09 2.42076e-08 0.751091 0.640361 0 0 0 0 0 0 0 0 0 0 0 0 0 0 0 0 0 0 0 0 0 0 0 0 0 0 0 0 0 0 0 0 0 0 0 0 0 0 0 0 0 0 0 0 0 0 0 0 0 0 0 0 0 0 0 0 0 0 0 0 0 0 0 0 0 0 0 0 0 0 0 0 0 0 0 0 0 0 0 0 0 0 0 0 0 0 0 0 0 0 0 0 0 0 0 0 0 0 0 0 0 0 0 0 0 0 0 0 0 0 0 0 0 0 0 0 0 0 0 0 0 0 0 0 0 0 0 0 0 0 0 0 0 0 0 0
0.95847 3.36348e-08 8.02231e-09 2.56125e-08 0.761488 0.656218 0 0 0 0 0 0 0 0 0 0 0 0 0 0 0 0 0 0 0 0 0 0 0 0 0 0 0 0 0 0 0 0 0 0 0 0 0 0 0 0 0 0 0 0 0 0 0 0 0 0 0 0 0 0 0 0 0 0 0 0 0 0 0 0 0 0 0 0 0 0 0 0 0 0 0 0 0 0 0 0 0 0 0 0 0 0 0 0 0 0 0 0 0 0 0 0 0 0 0 0 0 0 0 0 0 0 0 0 0 0 0 0 0 0 0 0 0 0 0 0 0 0 0 0 0 0 0 0 0 0 0 0 0 0 0 0
1.00767 3.64428e-08 8.02231e-09 2.84205e-08 0.779866 0.678524 0 0 0 0 0 0 0 0 0 0 0 0 0 0 0 0 0 0 0 0 0 0 0 0 0 0 0 0 0 0 0 0 0 0 0 0 0 0 0 0 0 0 0 0 0 0 0 0 0 0 0 0 0 0 0 0 0 0 0 0 0 0 0 0 0 0 0 0 0 0 0 0 0 0 0 0 0 0 0 0 0 0 0 0 0 0 0 0 0 0 0 0 0 0 0 0 0 0 0 0 0 0 0 0 0 0 0 0 0 0 0 0 0 0 0 0 0 0 0 0 0 0 0 0 0 0 0 0 0 0 0 0 0 0 0 0
1.05939 3.94658e-08 8.02231e-09 3.14435e-08 0.796727 0.697371 0 0 0 0 0 0 0 0 0 0 0 0 0 0 0 0 0 0 0 0 0 0 0 0 0 0 0 0 0 0 0 0 0 0 0 0 0 0 0 0 0 0 0 0 0 0 0 0 0 0 0 0 0 0 0 0 0 0 0 0 0 0 0 0 0 0 0 0 0 0 0 0 0 0 0 0 0 0 0 0 0 0 0 0 0 0 0 0 0 0 0 0 0 0 0 0 0 0 0 0 0 0 0 0 0 0 0 0 0 0 0 0 0 0 0 0 0 0 0 0 0 0 0 0 0 0 0 0 0 0 0 0 0 0 0 0
1.11377 4.09279e-08 8.02231e-09 3.29056e-08 0.803989 0.703007 0 0 0 0 0 0 0 0 0 0 0 0 0 0 0 0 0 0 0 0 0 0 0 0 0 0 0 0 0 0 0 0 0 0 0 0 0 0 0 0 0 0 0 0 0 0 0 0 0 0 0 0 0 0 0 0 0 0 0 0 0 0 0 0 0 0 0 0 0 0 0 0 0 0 0 0 0 0 0 0 0 0 0 0 0 0 0 0 0 0 0 0 0 0 0 0 0 0 0 0 0 0 0 0 0 0 0 0 0 0 0 0 0 0 0 0 0 0 0 0 0 0 0 0 0 0 0 0 0 0 0 0 0 0 0 0
1.17094 4.0946e-08 8.02231e-09 3.29236e-08 0.804076 0.692891 0 0 0 0 0 0 0 0 0 0 0 0 0 0 0 0 0 0 0 0 0 0 0 0 0 0 0 0 0 0 0 0 0 0 0 0 0 0 0 0 0 0 0 0 0 0 0 0 0 0 0 0 0 0 0 0 0 0 0 0 0 0 0 0 0 0 0 0 0 0 0 0 0 0 0 0 0 0 0 0 0 0 0 0 0 0 0 0 0 0 0 0 0 0 0 0 0 0 0 0 0 0 0 0 0 0 0 0 0 0 0 0 0 0 0 0 0 0 0 0 0 0 0 0 0 0 0 0 0 0 0 0 0 0 0 0
1.23105 4.0833e-08 8.02231e-09 3.28107e-08 0.803534 0.677811 0 0 0 0 0 0 0 0 0 0 0 0 0 0 0 0 0 0 0 0 0 0 0 0 0 0 0 0 0 0 0 0 0 0 0 0 0 0 0 0 0 0 0 0 0 0 0 0 0 0 0 0 0 0 0 0 0 0 0 0 0 0 0 0 0 0 0 0 0 0 0 0 0 0 0 0 0 0 0 0 0 0 0 0 0 0 0 0 0 0 0 0 0 0 0 0 0 0 0 0 0 0 0 0 0 0 0 0 0 0 0 0 0 0 0 0 0 0 0 0 0 0 0 0 0 0 0 0 0 0 0 0 0 0 0 0
1.29424 4.12977e-08 8.02231e-09 3.32753e-08 0.805744 0.675332 0 0 0 0 0 0 0 0 0 0 0 0 0 0 0 0 0 0 0 0 0 0 0 0 0 0 0 0 0 0 0 0 0 0 0 0 0 0 0 0 0 0 0 0 0 0 0 0 0 0 0 0 0 0 0 0 0 0 0 0 0 0 0 0 0 0 0 0 0 0 0 0 0 0 0 0 0 0 0 0 0 0 0 0 0 0 0 0 0 0 0 0 0 0 0 0 0 0 0 0 0 0 0 0 0 0 0 0 0 0 0 0 0 0 0 0 0 0 0 0 0 0 0 0 0 0 0 0 0 0 0 0 0 0 0 0
1.36067 4.18619e-08 8.02231e-09 3.38396e-08 0.808362 0.685648 0 0 0 0 0 0 0 0 0 0 0 0 0 0 0 0 0 0 0 0 0 0 0 0 0 0 0 0 0 0 0 0 0 0 0 0 0 0 0 0 0 0 0 0 0 0 0 0 0 0 0 0 0 0 0 0 0 0 0 0 0 0 0 0 0 0 0 0 0 0 0 0 0 0 0 0 0 0 0 0 0 0 0 0 0 0 0 0 0 0 0 0 0 0 0 0 0 0 0 0 0 0 0 0 0 0 0 0 0 0 0 0 0 0 0 0 0 0 0 0 0 0 0 0 0 0 0 0 0 0 0 0 0 0 0 0
1.43051 4.17158e-08 8.02231e-09 3.36934e-08 0.807691 0.696639 0 0 0 0 0 0 0 0 0 0 0 0 0 0 0 0 0 0 0 0 0 0 0 0 0 0 0 0 0 0 0 0 0 0 0 0 0 0 0 0 0 0 0 0 0 0 0 0 0 0 0 0 0 0 0 0 0 0 0 0 0 0 0 0 0 0 0 0 0 0 0 0 0 0 0 0 0 0 0 0 0 0 0 0 0 0 0 0 0 0 0 0 0 0 0 0 0 0 0 0 0 0 0 0 0 0 0 0 0 0 0 0 0 0 0 0 0 0 0 0 0 0 0 0 0 0 0 0 0 0 0 0 0 0 0 0
1.50394 4.03879e-08 8.02231e-09 3.23656e-08 0.801369 0.694986 0 0 0 0 0 0 0 0 0 0 0 0 0 0 0 0 0 0 0 0 0 0 0 0 0 0 0 0 0 0 0 0 0 0 0 0 0 0 0 0 0 0 0 0 0 0 0 0 0 0 0 0 0 0 0 0 0 0 0 0 0 0 0 0 0 0 0 0 0 0 0 0 0 0 0 0 0 0 0 0 0 0 0 0 0 0 0 0 0 0 0 0 0 0 0 0 0 0 0 0 0 0 0 0 0 0 0 0 0 0 0 0 0 0 0 0 0 0 0 0 0 0 0 0 0 0 0 0 0 0 0 0 0 0 0 0
1.58114 3.82138e-08 8.02231e-09 3.01915e-08 0.790067 0.67304 0 0 0 0 0 0 0 0 0 0 0 0 0 0 0 0 0 0 0 0 0 0 0 0 0 0 0 0 0 0 0 0 0 0 0 0 0 0 0 0 0 0 0 0 0 0 0 0 0 0 0 0 0 0 0 0 0 0 0 0 0 0 0 0 0 0 0 0 0 0 0 0 0 0 0 0 0 0 0 0 0 0 0 0 0 0 0 0 0 0 0 0 0 0 0 0 0 0 0 0 0 0 0 0 0 0 0 0 0 0 0 0 0 0 0 0 0 0 0 0 0 0 0 0 0 0 0 0 0 0 0 0 0 0 0 0
1.6623 3.60767e-08 8.02231e-09 2.80544e-08 0.777632 0.635915 0 0 0 0 0 0 0 0 0 0 0 0 0 0 0 0 0 0 0 0 0 0 0 0 0 0 0 0 0 0 0 0 0 0 0 0 0 0 0 0 0 0 0 0 0 0 0 0 0 0 0 0 0 0 0 0 0 0 0 0 0 0 0 0 0 0 0 0 0 0 0 0 0 0 0 0 0 0 0 0 0 0 0 0 0 0 0 0 0 0 0 0 0 0 0 0 0 0 0 0 0 0 0 0 0 0 0 0 0 0 0 0 0 0 0 0 0 0 0 0 0 0 0 0 0 0 0 0 0 0 0 0 0 0 0 0
1.74763 3.44929e-08 8.02231e-09 2.64706e-08 0.767422 0.59778 0 0 0 0 0 0 0 0 0 0 0 0 0 0 0 0 0 0 0 0 0 0 0 0 0 0 0 0 0 0 0 0 0 0 0 0 0 0 0 0 0 0 0 0 0 0 0 0 0 0 0 0 0 0 0 0 0 0 0 0 0 0 0 0 0 0 0 0 0 0 0 0 0 0 0 0 0 0 0 0 0 0 0 0 0 0 0 0 0 0 0 0 0 0 0 0 0 0 0 0 0 0 0 0 0 0 0 0 0 0 0 0 0 0 0 0 0 0 0 0 0 0 0 0 0 0 0 0 0 0 0 0 0 0 0 0
1.83733 3.33704e-08 8.02231e-09 2.53481e-08 0.759598 0.570082 0 0 0 0 0 0 0 0 0 0 0 0 0 0 0 0 0 0 0 0 0 0 0 0 0 0 0 0 0 0 0 0 0 0 0 0 0 0 0 0 0 0 0 0 0 0 0 0 0 0 0 0 0 0 0 0 0 0 0 0 0 0 0 0 0 0 0 0 0 0 0 0 0 0 0 0 0 0 0 0 0 0 0 0 0 0 0 0 0 0 0 0 0 0 0 0 0 0 0 0 0 0 0 0 0 0 0 0 0 0 0 0 0 0 0 0 0 0 0 0 0 0 0 0 0 0 0 0 0 0 0 0 0 0 0 0
1.93164 3.23477e-08 8.02231e-09 2.43254e-08 0.751998 0.556975 0 0 0 0 0 0 0 0 0 0 0 0 0 0 0 0 0 0 0 0 0 0 0 0 0 0 0 0 0 0 0 0 0 0 0 0 0 0 0 0 0 0 0 0 0 0 0 0 0 0 0 0 0 0 0 0 0 0 0 0 0 0 0 0 0 0 0 0 0 0 0 0 0 0 0 0 0 0 0 0 0 0 0 0 0 0 0 0 0 0 0 0 0 0 0 0 0 0 0 0 0 0 0 0 0 0 0 0 0 0 0 0 0 0 0 0 0 0 0 0 0 0 0 0 0 0 0 0 0 0 0 0 0 0 0 0
2.03079 3.10365e-08 8.02231e-09 2.30142e-08 0.74152 0.556927 0 0 0 0 0 0 0 0 0 0 0 0 0 0 0 0 0 0 0 0 0 0 0 0 0 0 0 0 0 0 0 0 0 0 0 0 0 0 0 0 0 0 0 0 0 0 0 0 0 0 0 0 0 0 0 0 0 0 0 0 0 0 0 0 0 0 0 0 0 0 0 0 0 0 0 0 0 0 0 0 0 0 0 0 0 0 0 0 0 0 0 0 0 0 0 0 0 0 0 0 0 0 0 0 0 0 0 0 0 0 0 0 0 0 0 0 0 0 0 0 0 0 0 0 0 0 0 0 0 0 0 0 0 0 0 0
2.13503 2.91997e-08 8.02231e-09 2.11774e-08 0.72526 0.564128 0 0 0 0 0 0 0 0 0 0 0 0 0 0 0 0 0 0 0 0 0 0 0 0 0 0 0 0 0 0 0 0 0 0 0 0 0 0 0 0 0 0 0 0 0 0 0 0 0 0 0 0 0 0 0 0 0 0 0 0 0 0 0 0 0 0 0 0 0 0 0 0 0 0 0 0 0 0 0 0 0 0 0 0 0 0 0 0 0 0 0 0 0 0 0 0 0 0 0 0 0 0 0 0 0 0 0 0 0 0 0 0 0 0 0 0 0 0 0 0 0 0 0 0 0 0 0 0 0 0 0 0 0 0 0 0
2.24463 2.68764e-08 8.02231e-09 1.88541e-08 0.701511 0.570026 0 0 0 0 0 0 0 0 0 0 0 0 0 0 0 0 0 0 0 0 0 0 0 0 0 0 0 0 0 0 0 0 0 0 0 0 0 0 0 0 0 0 0 0 0 0 0 0 0 0 0 0 0 0 0 0 0 0 0 0 0 0 0 0 0 0 0 0 0 0 0 0 0 0 0 0 0 0 0 0 0 0 0 0 0 0 0 0 0 0 0 0 0 0 0 0 0 0 0 0 0 0 0 0 0 0 0 0 0 0 0 0 0 0 0 0 0 0 0 0 0 0 0 0 0 0 0 0 0 0 0 0 0 0 0 0
2.35984 2.43514e-08 8.02231e-09 1.63291e-08 0.670561 0.566115 0 0 0 0 0 0 0 0 0 0 0 0 0 0 0 0 0 0 0 0 0 0 0 0 0 0 0 0 0 0 0 0 0 0 0 0 0 0 0 0 0 0 0 0 0 0 0 0 0 0 0 0 0 0 0 0 0 0 0 0 0 0 0 0 0 0 0 0 0 0 0 0 0 0 0 0 0 0 0 0 0 0 0 0 0 0 0 0 0 0 0 0 0 0 0 0 0 0 0 0 0 0 0 0 0 0 0 0 0 0 0 0 0 0 0 0 0 0 0 0 0 0 0 0 0 0 0 0 0 0 0 0 0 0 0 0
2.48097 2.19453e-08 8.02231e-09 1.39229e-08 0.63444 0.547665 0 0 0 0 0 0 0 0 0 0 0 0 0 0 0 0 0 0 0 0 0 0 0 0 0 0 0 0 0 0 0 0 0 0 0 0 0 0 0 0 0 0 0 0 0 0 0 0 0 0 0 0 0 0 0 0 0 0 0 0 0 0 0 0 0 0 0 0 0 0 0 0 0 0 0 0 0 0 0 0 0 0 0 0 0 0 0 0 0 0 0 0 0 0 0 0 0 0 0 0 0 0 0 0 0 0 0 0 0 0 0 0 0 0 0 0 0 0 0 0 0 0 0 0 0 0 0 0 0 0 0 0 0 0 0 0
2.60832 1.98347e-08 8.02231e-09 1.18124e-08 0.595542 0.515496 0 0 0 0 0 0 0 0 0 0 0 0 0 0 0 0 0 0 0 0 0 0 0 0 0 0 0 0 0 0 0 0 0 0 0 0 0 0 0 0 0 0 0 0 0 0 0 0 0 0 0 0 0 0 0 0 0 0 0 0 0 0 0 0 0 0 0 0 0 0 0 0 0 0 0 0 0 0 0 0 0 0 0 0 0 0 0 0 0 0 0 0 0 0 0 0 0 0 0 0 0 0 0 0 0 0 0 0 0 0 0 0 0 0 0 0 0 0 0 0 0 0 0 0 0 0 0 0 0 0 0 0 0 0 0 0
2.74221 1.80471e-08 8.02231e-09 1.00248e-08 0.55548 0.474322 0 0 0 0 0 0 0 0 0 0 0 0 0 0 0 0 0 0 0 0 0 0 0 0 0 0 0 0 0 0 0 0 0 0 0 0 0 0 0 0 0 0 0 0 0 0 0 0 0 0 0 0 0 0 0 0 0 0 0 0 0 0 0 0 0 0 0 0 0 0 0 0 0 0 0 0 0 0 0 0 0 0 0 0 0 0 0 0 0 0 0 0 0 0 0 0 0 0 0 0 0 0 0 0 0 0 0 0 0 0 0 0 0 0 0 0 0 0 0 0 0 0 0 0 0 0 0 0 0 0 0 0 0 0 0 0
2.88297 1.65348e-08 8.02231e-09 8.51253e-09 0.514824 0.429634 0 0 0 0 0 0 0 0 0 0 0 0 0 0 0 0 0 0 0 0 0 0 0 0 0 0 0 0 0 0 0 0 0 0 0 0 0 0 0 0 0 0 0 0 0 0 0 0 0 0 0 0 0 0 0 0 0 0 0 0 0 0 0 0 0 0 0 0 0 0 0 0 0 0 0 0 0 0 0 0 0 0 0 0 0 0 0 0 0 0 0 0 0 0 0 0 0 0 0 0 0 0 0 0 0 0 0 0 0 0 0 0 0 0 0 0 0 0 0 0 0 0 0 0 0 0 0 0 0 0 0 0 0 0 0 0
3.03095 9.94546e-09 2.73374e-09 7.21172e-09 0.725127 0.385479 0 0 0 0 0 0 0 0 0 0 0 0 0 0 0 0 0 0 0 0 0 0 0 0 0 0 0 0 0 0 0 0 0 0 0 0 0 0 0 0 0 0 0 0 0 0 0 0 0 0 0 0 0 0 0 0 0 0 0 0 0 0 0 0 0 0 0 0 0 0 0 0 0 0 0 0 0 0 0 0 0 0 0 0 0 0 0 0 0 0 0 0 0 0 0 0 0 0 0 0 0 0 0 0 0 0 0 0 0 0 0 0 0 0 0 0 0 0 0 0 0 0 0 0 0 0 0 0 0 0 0 0 0 0 0 0
3.18653 8.51777e-09 2.45588e-09 6.06189e-09 0.711676 0.34422 0 0 0 0 0 0 0 0 0 0 0 0 0 0 0 0 0 0 0 0 0 0 0 0 0 0 0 0 0 0 0 0 0 0 0 0 0 0 0 0 0 0 0 0 0 0 0 0 0 0 0 0 0 0 0 0 0 0 0 0 0 0 0 0 0 0 0 0 0 0 0 0 0 0 0 0 0 0 0 0 0 0 0 0 0 0 0 0 0 0 0 0 0 0 0 0 0 0 0 0 0 0 0 0 0 0 0 0 0 0 0 0 0 0 0 0 0 0 0 0 0 0 0 0 0 0 0 0 0 0 0 0 0 0 0 0
3.35009 7.55713e-09 2.55605e-09 5.00108e-09 0.66177 0.307707 0 0 0 0 0 0 0 0 0 0 0 0 0 0 0 0 0 0 0 0 0 0 0 0 0 0 0 0 0 0 0 0 0 0 0 0 0 0 0 0 0 0 0 0 0 0 0 0 0 0 0 0 0 0 0 0 0 0 0 0 0 0 0 0 0 0 0 0 0 0 0 0 0 0 0 0 0 0 0 0 0 0 0 0 0 0 0 0 0 0 0 0 0 0 0 0 0 0 0 0 0 0 0 0 0 0 0 0 0 0 0 0 0 0 0 0 0 0 0 0 0 0 0 0 0 0 0 0 0 0 0 0 0 0 0 0
3.52205 6.91795e-09 2.33866e-09 4.57929e-09 0.661943 0.277931 0 0 0 0 0 0 0 0 0 0 0 0 0 0 0 0 0 0 0 0 0 0 0 0 0 0 0 0 0 0 0 0 0 0 0 0 0 0 0 0 0 0 0 0 0 0 0 0 0 0 0 0 0 0 0 0 0 0 0 0 0 0 0 0 0 0 0 0 0 0 0 0 0 0 0 0 0 0 0 0 0 0 0 0 0 0 0 0 0 0 0 0 0 0 0 0 0 0 0 0 0 0 0 0 0 0 0 0 0 0 0 0 0 0 0 0 0 0 0 0 0 0 0 0 0 0 0 0 0 0 0 0 0 0 0 0
3.70284 5.55867e-09 1.81592e-09 3.74274e-09 0.673317 0.246846 0 0 0 0 0 0 0 0 0 0 0 0 0 0 0 0 0 0 0 0 0 0 0 0 0 0 0 0 0 0 0 0 0 0 0 0 0 0 0 0 0 0 0 0 0 0 0 0 0 0 0 0 0 0 0 0 0 0 0 0 0 0 0 0 0 0 0 0 0 0 0 0 0 0 0 0 0 0 0 0 0 0 0 0 0 0 0 0 0 0 0 0 0 0 0 0 0 0 0 0 0 0 0 0 0 0 0 0 0 0 0 0 0 0 0 0 0 0 0 0 0 0 0 0 0 0 0 0 0 0 0 0 0 0 0 0
3.89291 4.75685e-09 1.65558e-09 3.10127e-09 0.651959 0.221086 0 0 0 0 0 0 0 0 0 0 0 0 0 0 0 0 0 0 0 0 0 0 0 0 0 0 0 0 0 0 0 0 0 0 0 0 0 0 0 0 0 0 0 0 0 0 0 0 0 0 0 0 0 0 0 0 0 0 0 0 0 0 0 0 0 0 0 0 0 0 0 0 0 0 0 0 0 0 0 0 0 0 0 0 0 0 0 0 0 0 0 0 0 0 0 0 0 0 0 0 0 0 0 0 0 0 0 0 0 0 0 0 0 0 0 0 0 0 0 0 0 0 0 0 0 0 0 0 0 0 0 0 0 0 0 0
4.09273 4.09131e-09 1.52085e-09 2.57046e-09 0.628272 0.198519 0 0 0 0 0 0 0 0 0 0 0 0 0 0 0 0 0 0 0 0 0 0 0 0 0 0 0 0 0 0 0 0 0 0 0 0 0 0 0 0 0 0 0 0 0 0 0 0 0 0 0 0 0 0 0 0 0 0 0 0 0 0 0 0 0 0 0 0 0 0 0 0 0 0 0 0 0 0 0 0 0 0 0 0 0 0 0 0 0 0 0 0 0 0 0 0 0 0 0 0 0 0 0 0 0 0 0 0 0 0 0 0 0 0 0 0 0 0 0 0 0 0 0 0 0 0 0 0 0 0 0 0 0 0 0 0
4.30281 3.5287e-09 1.40229e-09 2.12641e-09 0.602604 0.178611 0 0 0 0 0 0 0 0 0 0 0 0 0 0 0 0 0 0 0 0 0 0 0 0 0 0 0 0 0 0 0 0 0 0 0 0 0 0 0 0 0 0 0 0 0 0 0 0 0 0 0 0 0 0 0 0 0 0 0 0 0 0 0 0 0 0 0 0 0 0 0 0 0 0 0 0 0 0 0 0 0 0 0 0 0 0 0 0 0 0 0 0 0 0 0 0 0 0 0 0 0 0 0 0 0 0 0 0 0 0 1.4013e-45 0 1.4013e-45 0 1.4013e-45 0 2.8026e-45 0 4.2039e-45 0 7.00649e-45 0 9.80909e-45 0 1.4013e-44 0 2.10195e-44 0 2.94273e-44 0 4.48416e-44 0 6.30584e-44 0 8.96831e-44 0
4.52368 3.05245e-09 1.2966e-09 1.75585e-09 0.575225 0.160991 0 0 0 0 0 0 0 0 0 0 0 0 0 0 0 0 0 0 0 0 0 0 0 0 0 0 0 0 0 0 0 0 0 0 0 0 0 0 0 0 0 0 0 0 0 0 0 0 0 0 0 0 0 0 0 0 0 0 0 0 0 0 0 0 0 0 0 0 0 0 0 0 0 0 0 0 0 0 0 0 0 0 0 0 0 0 0 0 0 0 1.4013e-45 0 1.4013e-45 0 2.8026e-45 0 4.2039e-45 0 7.00649e-45 0 1.12104e-44 0 1.96182e-44 0 3.08286e-44 0 4.90454e-44 0 7.70714e-44 0 1.20512e-43 0 1.86373e-43 0 2.87266e-43 0 4.25995e-43 0 6.29183e-43 0 9.26258e-43 0 1.35926e-42 0 1.98984e-42 0 2.90489e-42 0 4.07217e-42 0 5.91348e-42 0 8.25225e-42 0 1.1492e-41 0
4.75588 2.64861e-09 1.20147e-09 1.44715e-09 0.546379 0.145304 0 0 0 0 0 0 0 0 0 0 0 0 0 0 0 0 0 0 0 0 0 0 0 0 0 0 0 0 0 0 0 0 0 0 0 0 0 0 0 0 0 0 0 0 0 0 0 0 0 0 0 0 0 0 0 0 0 0 0 0 0 0 0 0 0 0 0 0 0 0 0 0 0 0 1.4013e-45 0 1.4013e-45 0 2.8026e-45 0 7.00649e-45 0 1.26117e-44 0 2.38221e-44 0 4.2039e-44 0 7.56701e-44 0 1.30321e-43 0 2.22806e-43 0 3.79752e-43 0 6.20775e-43 0 1.00753e-42 0 1.62691e-42 0 2.61763e-42 0 4.19269e-42 0 6.43196e-42 0 9.83431e-42 0 1.49799e-41 0 2.27389e-41 0 3.43991e-41 0 4.99675e-41 0 7.23785e-41 0 1.04554e-40 0 1.50621e-40 0 2.164e-40 0 3.10079e-40 0 4.27647e-40 0 6.09723e-40 0 8.37174e-40 0 1.14709e-39 0
5 2.30654e-09 1.11542e-09 1.19112e-09 0.516409 0.131312 0 0 0 0 0 0 0 0 0 0 0 0 0 0 0 0 0 0 0 0 0 0 0 0 0 0 0 0 0 0 0 0 0 0 0 0 0 0 0 0 0 0 0 0 0 0 0 0 0 0 0 0 0 0 0 0 0 0 0 0 0 0 1.4013e-45 0 2.8026e-45 0 7.00649e-45 0 1.54143e-44 0 3.22299e-44 0 6.5861e-44 0 1.31722e-43 0 2.64845e-43 0 5.01665e-43 0 9.47278e-43 0 1.69978e-42 0 3.15853e-42 0 5.37118e-42 0 9.45596e-42 0 1.58963e-41 0 2.65826e-41 0 4.42166e-41 0 7.04026e-41 0 1.11609e-40 0 1.76178e-40 0 2.76926e-40 0 4.33473e-40 0 6.51291e-40 0 9.75227e-40 0 1.45536e-39 0 2.16467e-39 0 3.2091e-39 0 4.57726e-39 0 6.51142e-39 0 9.23861e-39 0 1.30741e-38 0 1.84544e-38 0 2.59829e-38 0 3.52763e-38 0 4.94322e-38 0 6.68299e-38 0 9.01729e-38 0
5.25665 2.01637e-09 1.03721e-09 9.79165e-10 0.485608 0.118773 0 0 0 0 0 0 0 0 0 0 0 0 0 0 0 0 0 0 0 0 0 0 0 0 0 0 0 0 0 0 0 0 0 0 0 0 0 0 0 0 0 0 0 0 0 0 0 0 0 0 0 0 1.4013e-45 0 4.2039e-45 0 1.12104e-44 0 2.94273e-44 0 7.28675e-44 0 1.77965e-43 0 4.1058e-43 0 9.10844e-43 0 1.99685e-42 0 4.14504e-42 0 8.16396e-42 0 1.59356e-41 0 3.08314e-41 0 5.6789e-41 0 1.03819e-40 0 1.81114e-40 0 3.26475e-40 0 5.40921e-40 0 9.26268e-40 0 1.51819e-39 0 2.47576e-39 0 4.01715e-39 0 6.25256e-39 0 9.69171e-39 0 1.49613e-38 0 2.30034e-38 0 3.52282e-38 0 5.18885e-38 0 7.61799e-38 0 1.11485e-37 0 1.62637e-37 0 2.36517e-37 0 3.31555e-37 0 4.63609e-37 0 6.46643e-37 0 8.99717e-37 0 1.24878e-36 0 1.7291e-36 0 2.31277e-36 0 3.1879e-36 0 4.2469e-36 0 5.64708e-36 0
5.52648 1.77023e-09 9.66127e-10 8.04099e-10 0.454235 0.107504 0 0 0 0 0 0 0 0 0 0 0 0 0 0 0 0 0 0 0 0 0 0 0 0 0 0 0 0 0 0 0 0 0 0 0 0 0 0 0 0 0 0 0 0 1.4013e-45 0 5.60519e-45 0 1.96182e-44 0 6.30584e-44 0 1.9478e-43 0 5.46506e-43 0 1.50219e-42 0 3.69943e-42 0 8.96551e-42 0 2.09396e-41 0 4.62134e-41 0 9.8636e-41 0 2.08094e-40 0 4.16819e-40 0 7.94253e-40 0 1.5005e-39 0 2.81097e-39 0 5.02548e-39 0 8.92083e-39 0 1.51452e-38 0 2.65265e-38 0 4.28803e-38 0 7.15247e-38 0 1.14437e-37 0 1.82214e-37 0 2.88753e-37 0 4.39831e-37 0 6.67322e-37 0 1.00855e-36 0 1.51845e-36 0 2.27751e-36 0 3.29177e-36 0 4.74304e-36 0 6.81332e-36 0 9.75783e-36 0 1.39333e-35 0 1.92126e-35 0 2.64286e-35 0 3.62687e-35 0 4.96557e-35 0 6.78264e-35 0 9.24339e-35 0 1.21892e-34 0 1.65403e-34 0 2.17285e-34 0 2.84931e-34 0
5.81015 1.56202e-09 9.0244e-10 6.59578e-10 0.42226 0.097335 0 0 0 0 0 0 0 0 0 0 0 0 0 0 0 0 0 0 0 0 0 0 0 0 0 0 0 0 0 0 0 0 0 0 0 0 0 0 1.4013e-45 0 9.80909e-45 0 4.76441e-44 0 1.97583e-43 0 7.35682e-43 0 2.47329e-42 0 7.72816e-42 0 2.25035e-41 0 5.99588e-41 0 1.56703e-40 0 3.69252e-40 0 8.57093e-40 0 1.9207e-39 0 4.07815e-39 0 8.38788e-39 0 1.70626e-38 0 3.30372e-38 0 6.10018e-38 0 1.1172e-37 0 2.02974e-37 0 3.5273e-37 0 6.08839e-37 0 1.00728e-36 0 1.71661e-36 0 2.71059e-36 0 4.40975e-36 0 6.89541e-36 0 1.07327e-35 0 1.66301e-35 0 2.48159e-35 0 3.68926e-35 0 5.46444e-35 0 8.06436e-35 0 1.18587e-34 0 1.68343e-34 0 2.38274e-34 0 3.36278e-34 0 4.73235e-34 0 6.64088e-34 0 9.01455e-34 0 1.22087e-33 0 1.64974e-33 0 2.2243e-33 0 2.99233e-33 0 4.01679e-33 0 5.22587e-33 0 6.98641e-33 0 9.05637e-33 0 1.17197e-32 0
6.10839 1.39906e-09 8.58847e-10 5.40217e-10 0.386127 0.088054 0 0 0 0 0 0 0 0 0 0 0 0 0 0 0 0 0 0 0 0 0 0 0 0 0 0 0 0 0 0 0 0 0 0 5.60519e-45 0 4.48416e-44 0 2.66247e-43 0 1.34385e-42 0 5.85042e-42 0 2.27515e-41 0 7.96456e-41 0 2.52634e-40 0 7.46561e-40 0 2.06327e-39 0 5.24054e-39 0 1.30688e-38 0 2.95328e-38 0 6.57894e-38 0 1.41735e-37 0 2.90079e-37 0 5.75989e-37 0 1.13175e-36 0 2.12177e-36 0 3.80219e-36 0 6.7607e-36 0 1.193e-35 0 2.01802e-35 0 3.39164e-35 0 5.47498e-35 0 9.09074e-35 0 1.4038e-34 0 2.23016e-34 0 3.41196e-34 0 5.19724e-34 0 7.88264e-34 0 1.15351e-33 0 1.68198e-33 0 2.44398e-33 0 3.53891e-33 0 5.10692e-33 0 7.1267e-33 0 9.91754e-33 0 1.37633e-32 0 1.90482e-32 0 2.62918e-32 0 3.51608e-32 0 4.69195e-32 0 6.24764e-32 0 8.30149e-32 0 1.10074e-31 0 1.4565e-31 0 1.87072e-31 0 2.46575e-31 0 3.15607e-31 0 4.03314e-31 0
6.42193 1.24872e-09 8.03233e-10 4.45482e-10 0.356752 0.0803571 0 0 0 0 0 0 0 0 0 0 0 0 0 0 0 0 0 0 0 0 0 0 0 0 0 0 0 0 0 0 8.40779e-45 0 9.52883e-44 0 8.07148e-43 0 5.43143e-42 0 2.94133e-41 0 1.36973e-40 0 5.54825e-40 0 2.01915e-39 0 6.64877e-39 0 1.99342e-38 0 5.58723e-38 0 1.46937e-37 0 3.56604e-37 0 8.50492e-37 0 1.84694e-36 0 3.95657e-36 0 8.21045e-36 0 1.62263e-35 0 3.11582e-35 0 5.92363e-35 0 1.07698e-34 0 1.87575e-34 0 3.24287e-34 0 5.5659e-34 0 9.17644e-34 0 1.50366e-33 0 2.3712e-33 0 3.84091e-33 0 5.80667e-33 0 9.01867e-33 0 1.35143e-32 0 2.01669e-32 0 2.99713e-32 0 4.30508e-32 0 6.1629e-32 0 8.79302e-32 0 1.25043e-31 0 1.77245e-31 0 2.43353e-31 0 3.3323e-31 0 4.55107e-31 0 6.19949e-31 0 8.4234e-31 0 1.11061e-30 0 1.4613e-30 0 1.9188e-30 0 2.51446e-30 0 3.28844e-30 0 4.29217e-30 0 5.4459e-30 0 7.08195e-30 0 8.95605e-30 0 1.13087e-29 0
6.75157 1.1259e-09 7.62255e-10 3.63643e-10 0.32298 0.0727627 0 0 0 0 0 0 0 0 0 0 0 0 0 0 0 0 0 0 0 0 0 0 0 0 0 0 2.8026e-45 0 7.28675e-44 0 1.10843e-42 0 1.09624e-41 0 8.42783e-41 0 5.16453e-40 0 2.57546e-39 0 1.11256e-38 0 4.20905e-38 0 1.43816e-37 0 4.46796e-37 0 1.26965e-36 0 3.38399e-36 0 8.48907e-36 0 1.97295e-35 0 4.50992e-35 0 9.42993e-35 0 1.94635e-34 0 3.89753e-34 0 7.45069e-34 0 1.38585e-33 0 2.55334e-33 0 4.50872e-33 0 7.64284e-33 0 1.28647e-32 0 2.15057e-32 0 3.46011e-32 0 5.5347e-32 0 8.536e-32 0 1.35049e-31 0 2.00089e-31 0 3.0416e-31 0 4.46866e-31 0 6.53935e-31 0 9.53235e-31 0 1.34523e-30 0 1.89232e-30 0 2.65345e-30 0 3.70909e-30 0 5.1687e-30 0 6.98753e-30 0 9.42252e-30 0 1.26744e-29 0 1.70065e-29 0 2.27639e-29 0 2.96114e-29 0 3.84431e-29 0 4.98119e-29 0 6.4419e-29 0 8.31513e-29 0 1.07129e-28 0 1.34355e-28 0 1.72491e-28 0 2.15651e-28 0 2.69217e-28 0
7.09813 1.03487e-09 7.34857e-10 3.00016e-10 0.289906 0.0659654 0 0 0 0 0 0 0 0 0 0 0 0 0 0 0 0 0 0 0 0 0 0 0 0 9.80909e-45 0 4.1058e-43 0 8.61799e-42 0 1.14068e-40 0 1.00828e-39 0 7.01669e-39 0 3.93555e-38 0 1.81451e-37 0 7.29797e-37 0 2.58731e-36 0 8.32565e-36 0 2.44728e-35 0 6.60865e-35 0 1.67908e-34 0 4.02718e-34 0 8.98204e-34 0 1.97196e-33 0 3.97738e-33 0 7.92399e-33 0 1.53387e-32 0 2.8409e-32 0 5.12644e-32 0 9.16751e-32 0 1.57449e-31 0 2.60106e-31 0 4.2683e-31 0 6.95844e-31 0 1.09387e-30 0 1.71005e-30 0 2.58215e-30 0 3.99478e-30 0 5.80614e-30 0 8.64742e-30 0 1.24682e-29 0 1.79097e-29 0 2.56308e-29 0 3.55677e-29 0 4.92059e-29 0 6.78682e-29 0 9.33299e-29 0 1.27967e-28 0 1.7047e-28 0 2.26544e-28 0 3.00348e-28 0 3.97264e-28 0 5.24237e-28 0 6.73231e-28 0 8.62956e-28 0 1.1041e-27 0 1.41006e-27 0 1.79755e-27 0 2.28743e-27 0 2.8372e-27 0 3.59837e-27 0 4.44996e-27 0 5.49545e-27 0
7.46248 9.2084e-10 6.74641e-10 2.462e-10 0.267364 0.0597374 0 0 0 0 0 0 0 0 0 0 0 0 0 0 0 0 0 0 0 0 0 0 1.26117e-44 0 1.22614e-42 0 4.16074e-41 0 7.53149e-40 0 8.78711e-39 0 6.98317e-38 0 4.42046e-37 0 2.27918e-36 0 9.7527e-36 0 3.66485e-35 0 1.22143e-34 0 3.7124e-34 0 1.03528e-33 0 2.66331e-33 0 6.46561e-33 0 1.4859e-32 0 3.1868e-32 0 6.73291e-32 0 1.31227e-31 0 2.52788e-31 0 4.73801e-31 0 8.51521e-31 0 1.49293e-30 0 2.59507e-30 0 4.34079e-30 0 6.99739e-30 0 1.12083e-29 0 1.78415e-29 0 2.74343e-29 0 4.19627e-29 0 6.2101e-29 0 9.40495e-29 0 1.34222e-28 0 1.96054e-28 0 2.77673e-28 0 3.91867e-28 0 5.51077e-28 0 7.52589e-28 0 1.0248e-27 0 1.39145e-27 0 1.88394e-27 0 2.54362e-27 0 3.34134e-27 0 4.3792e-27 0 5.72649e-27 0 7.47159e-27 0 9.72704e-27 0 1.23399e-26 0 1.56269e-26 0 1.97546e-26 0 2.49293e-26 0 3.14055e-26 0 3.94968e-26 0 4.84772e-26 0 6.07734e-26 0 7.43806e-26 0 9.09143e-26 0
7.84553 8.59152e-10 6.5577e-10 2.03381e-10 0.236723 0.0547213 0 0 0 0 0 0 0 0 0 0 0 0 0 0 0 0 0 0 0 0 5.60519e-45 0 1.64653e-42 0 1.22761e-40 0 3.50698e-39 0 5.51102e-38 0 5.70301e-37 0 4.09599e-36 0 2.36944e-35 0 1.12766e-34 0 4.49469e-34 0 1.58329e-33 0 4.9756e-33 0 1.43239e-32 0 3.79943e-32 0 9.33356e-32 0 2.16984e-31 0 4.78811e-31 0 9.8935e-31 0 2.01529e-30 0 3.80198e-30 0 7.09316e-30 0 1.28931e-29 0 2.25179e-29 0 3.84118e-29 0 6.49909e-29 0 1.06014e-28 0 1.66958e-28 0 2.61348e-28 0 4.06682e-28 0 6.12341e-28 0 9.17386e-28 0 1.33191e-27 0 1.97666e-27 0 2.77241e-27 0 3.97535e-27 0 5.53547e-27 0 7.68165e-27 0 1.06243e-26 0 1.42901e-26 0 1.91677e-26 0 2.56398e-26 0 3.42049e-26 0 4.55102e-26 0 5.89919e-26 0 7.63011e-26 0 9.84774e-26 0 1.2683e-25 0 1.63003e-25 0 2.044e-25 0 2.55879e-25 0 3.19787e-25 0 3.98996e-25 0 4.97012e-25 0 6.18105e-25 0 7.51094e-25 0 9.31272e-25 0 1.1286e-24 0 1.36601e-24 0
8.24824 7.49398e-10 5.82622e-10 1.66776e-10 0.222547 0.0497399 0 0 0 0 0 0 0 0 0 0 0 0 0 0 0 0 0 0 0 0 5.80138e-43 0 1.46551e-40 0 8.84957e-39 0 2.14642e-37 0 2.94853e-36 0 2.72224e-35 0 1.77572e-34 0 9.42853e-34 0 4.15812e-33 0 1.54917e-32 0 5.13168e-32 0 1.52498e-31 0 4.16927e-31 0 1.05447e-30 0 2.47916e-30 0 5.53091e-30 0 1.17422e-29 0 2.34179e-29 0 4.60733e-29 0 8.42678e-29 0 1.525e-28 0 2.69226e-28 0 4.57574e-28 0 7.60458e-28 0 1.25404e-27 0 1.99732e-27 0 3.07652e-27 0 4.71163e-27 0 7.17515e-27 0 1.05899e-26 0 1.55553e-26 0 2.21767e-26 0 3.22836e-26 0 4.45382e-26 0 6.27494e-26 0 8.59743e-26 0 1.17414e-25 0 1.59841e-25 0 2.11905e-25 0 2.80186e-25 0 3.69508e-25 0 4.86056e-25 0 6.37751e-25 0 8.16268e-25 0 1.0426e-24 0 1.32896e-24 0 1.69056e-24 0 2.14627e-24 0 2.66178e-24 0 3.29581e-24 0 4.07438e-24 0 5.02895e-24 0 6.19751e-24 0 7.62587e-24 0 9.17887e-24 0 1.12619e-23 0 1.35207e-23 0 1.62132e-23 0
8.67162 6.92029e-10 5.55027e-10 1.37001e-10 0.19797 0.0452387 0 0 0 0 0 0 0 0 0 0 0 0 0 0 0 0 0 0 1.96182e-44 0 5.72192e-41 0 1.10299e-38 0 5.45198e-37 0 1.13171e-35 0 1.36795e-34 0 1.13308e-33 0 6.74441e-33 0 3.30075e-32 0 1.35394e-31 0 4.73057e-31 0 1.47801e-30 0 4.16476e-30 0 1.08407e-29 0 2.62033e-29 0 5.90882e-29 0 1.26759e-28 0 2.59399e-28 0 5.00183e-28 0 9.52097e-28 0 1.6908e-27 0 2.97249e-27 0 5.10407e-27 0 8.45308e-27 0 1.37043e-26 0 2.2054e-26 0 3.43364e-26 0 5.17853e-26 0 7.76748e-26 0 1.15884e-25 0 1.67814e-25 0 2.41915e-25 0 3.38969e-25 0 4.84488e-25 0 6.57977e-25 0 9.11631e-25 0 1.22999e-24 0 1.65442e-24 0 2.21856e-24 0 2.90098e-24 0 3.7838e-24 0 4.92309e-24 0 6.3898e-24 0 8.27356e-24 0 1.04626e-23 0 1.32049e-23 0 1.66336e-23 0 2.09123e-23 0 2.62418e-23 0 3.22046e-23 0 3.94618e-23 0 4.82813e-23 0 5.89837e-23 0 7.19518e-23 0 8.76428e-23 0 1.04541e-22 0 1.26991e-22 0 1.51106e-22 0 1.79598e-22 0
9.11674 6.19054e-10 5.06778e-10 1.12275e-10 0.181366 0.0410646 0 0 0 0 0 0 0 0 0 0 0 0 0 0 0 0 0 0 2.17762e-42 0 4.25895e-39 0 6.34996e-37 0 2.59446e-35 0 4.64428e-34 0 4.9706e-33 0 3.71338e-32 0 2.02596e-31 0 9.17542e-31 0 3.51306e-30 0 1.15471e-29 0 3.41256e-29 0 9.14166e-29 0 2.27096e-28 0 5.25766e-28 0 1.13945e-27 0 2.35499e-27 0 4.65367e-27 0 8.69026e-27 0 1.60301e-26 0 2.76802e-26 0 4.73408e-26 0 7.91712e-26 0 1.27929e-25 0 2.02566e-25 0 3.18499e-25 0 4.85274e-25 0 7.17343e-25 0 1.05488e-24 0 1.54334e-24 0 2.19491e-24 0 3.10811e-24 0 4.28393e-24 0 6.01716e-24 0 8.05061e-24 0 1.0978e-23 0 1.45967e-23 0 1.93514e-23 0 2.5581e-23 0 3.30145e-23 0 4.25064e-23 0 5.45987e-23 0 6.99685e-23 0 8.94601e-23 0 1.11841e-22 0 1.39559e-22 0 1.73826e-22 0 2.16111e-22 0 2.68198e-22 0 3.25865e-22 0 3.95356e-22 0 4.78975e-22 0 5.79455e-22 0 7.00029e-22 0 8.44515e-22 0 9.98708e-22 0 1.20171e-21 0 1.41783e-21 0 1.67101e-21 0
9.5847 5.66861e-10 4.74846e-10 9.20144e-11 0.162323 0.0372642 0 0 0 0 0 0 0 0 0 0 0 0 0 0 0 0 0 0 1.91927e-40 0 2.59226e-37 0 3.02712e-35 0 1.0319e-33 0 1.60449e-32 0 1.52955e-31 0 1.03582e-30 0 5.20198e-30 0 2.18845e-29 0 7.84743e-29 0 2.43379e-28 0 6.82204e-28 0 1.74167e-27 0 4.13861e-27 0 9.19682e-27 0 1.91929e-26 0 3.8286e-26 0 7.31819e-26 0 1.32556e-25 0 2.37312e-25 0 3.98997e-25 0 6.64747e-25 0 1.08414e-24 0 1.71124e-24 0 2.64949e-24 0 4.07482e-24 0 6.08218e-24 0 8.82087e-24 0 1.27295e-23 0 1.82811e-23 0 2.55557e-23 0 3.55788e-23 0 4.82762e-23 0 6.66928e-23 0 8.79717e-23 0 1.18157e-22 0 1.54935e-22 0 2.02596e-22 0 2.64191e-22 0 3.3674e-22 0 4.2824e-22 0 5.43384e-22 0 6.87967e-22 0 8.69127e-22 0 1.07478e-21 0 1.32673e-21 0 1.63487e-21 0 2.01108e-21 0 2.46961e-21 0 2.97222e-21 0 3.57217e-21 0 4.28736e-21 0 5.13876e-21 0 6.15101e-21 0 7.35291e-21 0 8.6245e-21 0 1.02842e-20 0 1.20362e-20 0 1.40722e-20 0
10.0767 5.21996e-10 4.46532e-10 7.54643e-11 0.144569 0.0338338 0 0 0 0 0 0 0 0 0 0 0 0 0 0 0 0 2.94273e-44 0 1.34312e-38 0 1.27588e-35 0 1.18093e-33 0 3.38848e-32 0 4.6081e-31 0 3.93494e-30 0 2.42716e-29 0 1.12658e-28 0 4.41841e-28 0 1.48861e-27 0 4.36854e-27 0 1.16443e-26 0 2.83981e-26 0 6.46884e-26 0 1.38254e-25 0 2.78343e-25 0 5.36832e-25 0 9.9418e-25 0 1.7493e-24 0 3.04394e-24 0 4.98963e-24 0 8.10834e-24 0 1.29118e-23 0 1.99313e-23 0 3.02078e-23 0 4.54923e-23 0 6.65878e-23 0 9.48341e-23 0 1.34427e-22 0 1.89672e-22 0 2.60847e-22 0 3.57333e-22 0 4.77687e-22 0 6.49587e-22 0 8.45336e-22 0 1.11916e-21 0 1.44822e-21 0 1.86908e-21 0 2.40595e-21 0 3.03054e-21 0 3.80903e-21 0 4.77732e-21 0 5.9792e-21 0 7.46797e-21 0 9.13978e-21 0 1.11669e-20 0 1.36209e-20 0 1.65866e-20 0 2.01653e-20 0 2.40507e-20 0 2.86471e-20 0 3.40775e-20 0 4.04852e-20 0 4.80365e-20 0 5.69246e-20 0 6.6251e-20 0 7.83246e-20 0 9.09663e-20 0 1.05545e-19 0
10.5939 4.82496e-10 4.20594e-10 6.19025e-11 0.128296 0.0307239 0 0 0 0 0 0 0 0 0 0 0 0 0 0 0 0 3.05063e-42 0 7.53549e-37 0 5.12183e-34 0 3.80042e-32 0 9.25626e-31 0 1.10818e-29 0 8.52219e-29 0 4.80987e-28 0 2.07132e-27 0 7.5993e-27 0 2.41286e-26 0 6.71831e-26 0 1.70706e-25 0 3.98586e-25 0 8.72173e-25 0 1.79618e-24 0 3.49474e-24 0 6.52747e-24 0 1.17302e-23 0 2.00781e-23 0 3.40054e-23 0 5.4413e-23 0 8.63516e-23 0 1.34419e-22 0 2.03144e-22 0 3.01696e-22 0 4.45355e-22 0 6.39861e-22 0 8.95689e-22 0 1.24819e-21 0 1.7318e-21 0 2.3449e-21 0 3.16328e-21 0 4.16921e-21 0 5.58508e-21 0 7.17524e-21 0 9.3702e-21 0 1.19737e-20 0 1.5262e-20 0 1.94051e-20 0 2.41687e-20 0 3.00401e-20 0 3.72622e-20 0 4.61284e-20 0 5.69919e-20 0 6.90658e-20 0 8.35629e-20 0 1.00942e-19 0 1.21744e-19 0 1.46606e-19 0 1.73357e-19 0 2.04732e-19 0 2.41486e-19 0 2.84489e-19 0 3.34745e-19 0 3.93408e-19 0 4.54484e-19 0 5.32936e-19 0 6.14447e-19 0 7.07766e-19 0
11.1377 4.48523e-10 3.97733e-10 5.07909e-11 0.11324 0.0279011 0 0 0 0 0 0 0 0 0 0 0 0 0 0 0 0 2.54968e-40 0 3.43445e-35 0 1.6978e-32 0 1.02087e-30 0 2.12753e-29 0 2.25637e-28 0 1.57071e-27 0 8.14672e-27 0 3.26692e-26 0 1.12487e-25 0 3.37569e-25 0 8.9408e-25 0 2.17066e-24 0 4.86277e-24 0 1.02414e-23 0 2.03605e-23 0 3.83479e-23 0 6.94743e-23 0 1.21326e-22 0 2.02291e-22 0 3.33911e-22 0 5.22176e-22 0 8.102e-22 0 1.23424e-21 0 1.82804e-21 0 2.66297e-21 0 3.85695e-21 0 5.44427e-21 0 7.49686e-21 0 1.02794e-20 0 1.40359e-20 0 1.87258e-20 0 2.48946e-20 0 3.23717e-20 0 4.27506e-20 0 5.42547e-20 0 6.99344e-20 0 8.83019e-20 0 1.11226e-19 0 1.39772e-19 0 1.72228e-19 0 2.11807e-19 0 2.59979e-19 0 3.18503e-19 0 3.8947e-19 0 4.67573e-19 0 5.60479e-19 0 6.70829e-19 0 8.01707e-19 0 9.56705e-19 0 1.12205e-18 0 1.31441e-18 0 1.53793e-18 0 1.79736e-18 0 2.09814e-18 0 2.44646e-18 0 2.80643e-18 0 3.26538e-18 0 3.73874e-18 0 4.27694e-18 0
11.7094 4.16211e-10 3.74499e-10 4.17123e-11 0.100219 0.0253564 0 0 0 0 0 0 0 0 0 0 0 0 0 0 4.34403e-44 0 1.68391e-38 0 1.27425e-33 0 4.65319e-31 0 2.29073e-29 0 4.1161e-28 0 3.88999e-27 0 2.46315e-26 0 1.17889e-25 0 4.41754e-25 0 1.43195e-24 0 4.07274e-24 0 1.0286e-23 0 2.39141e-23 0 5.15045e-23 0 1.04599e-22 0 2.01088e-22 0 3.67209e-22 0 6.46243e-22 0 1.09826e-21 0 1.78602e-21 0 2.87683e-21 0 4.40169e-21 0 6.68467e-21 0 9.97613e-21 0 1.44951e-20 0 2.07311e-20 0 2.94881e-20 0 4.09292e-20 0 5.54868e-20 0 7.49176e-20 0 1.00751e-19 0 1.32538e-19 0 1.73767e-19 0 2.23079e-19 0 2.90628e-19 0 3.64569e-19 0 4.64142e-19 0 5.79409e-19 0 7.21654e-19 0 8.96803e-19 0 1.09384e-18 0 1.33169e-18 0 1.61829e-18 0 1.96303e-18 0 2.37696e-18 0 2.82828e-18 0 3.36038e-18 0 3.98686e-18 0 4.7234e-18 0 5.58817e-18 0 6.50315e-18 0 7.55937e-18 0 8.77731e-18 0 1.01802e-17 0 1.17944e-17 0 1.36497e-17 0 1.55535e-17 0 1.79637e-17 0 2.04322e-17 0 2.32205e-17 0
12.3105 3.87713e-10 3.53479e-10 3.42345e-11 0.0882985 0.0230298 0 0 0 0 0 0 0 0 0 0 0 0 5.74532e-44 0 4.32861e-42 0 8.94902e-37 0 3.91293e-32 0 1.07124e-29 0 4.36002e-28 0 6.80376e-27 0 5.76217e-26 0 3.33422e-25 0 1.47835e-24 0 5.19366e-24 0 1.58958e-23 0 4.29614e-23 0 1.03704e-22 0 2.31373e-22 0 4.79993e-22 0 9.41663e-22 0 1.75345e-21 0 3.10924e-21 0 5.32292e-21 0 8.81485e-21 0 1.39986e-20 0 2.20295e-20 0 3.30135e-20 0 4.9124e-20 0 7.18929e-20 0 1.0257e-19 0 1.44157e-19 0 2.01553e-19 0 2.75311e-19 0 3.67729e-19 0 4.89278e-19 0 6.48547e-19 0 8.41812e-19 0 1.08918e-18 0 1.38132e-18 0 1.7765e-18 0 2.20394e-18 0 2.77301e-18 0 3.42438e-18 0 4.21959e-18 0 5.18838e-18 0 6.26724e-18 0 7.55708e-18 0 9.09651e-18 0 1.09307e-17 0 1.31126e-17 0 1.54704e-17 0 1.82269e-17 0 2.14452e-17 0 2.51976e-17 0 2.95672e-17 0 3.41546e-17 0 3.94112e-17 0 4.54284e-17 0 5.23092e-17 0 6.01694e-17 0 6.91394e-17 0 7.8282e-17 0 8.9779e-17 0 1.01477e-16 0 1.14606e-16 0
12.9424 3.6201e-10 3.33896e-10 2.81143e-11 0.0776618 0.0209253 0 0 0 0 0 0 0 0 0 0 2.24208e-44 0 5.53093e-42 0 3.39581e-40 0 3.86181e-35 0 1.00216e-30 0 2.08603e-28 0 7.08491e-27 0 9.66797e-26 0 7.37686e-25 0 3.91792e-24 0 1.61533e-23 0 5.3372e-23 0 1.54669e-22 0 3.98214e-22 0 9.20762e-22 0 1.97537e-21 0 3.95456e-21 0 7.50706e-21 0 1.35608e-20 0 2.3383e-20 0 3.89939e-20 0 6.30036e-20 0 9.78201e-20 0 1.50568e-19 0 2.21229e-19 0 3.22862e-19 0 4.63804e-19 0 6.50332e-19 0 8.98946e-19 0 1.23646e-18 0 1.66342e-18 0 2.19063e-18 0 2.87436e-18 0 3.75795e-18 0 4.81608e-18 0 6.15341e-18 0 7.71387e-18 0 9.79959e-18 0 1.20302e-17 0 1.49676e-17 0 1.8294e-17 0 2.23136e-17 0 2.71612e-17 0 3.25078e-17 0 3.88416e-17 0 4.63325e-17 0 5.5178e-17 0 6.56062e-17 0 7.67808e-17 0 8.97403e-17 0 1.04751e-16 0 1.22115e-16 0 1.42176e-16 0 1.63082e-16 0 1.86871e-16 0 2.13913e-16 0 2.44623e-16 0 2.79465e-16 0 3.18956e-16 0 3.58949e-16 0 4.08922e-16 0 4.59446e-16 0 5.15819e-16 0
13.6067 3.38032e-10 3.14951e-10 2.30814e-11 0.0682817 0.0190083 0 0 0 0 0 0 0 0 1.4013e-45 0 2.17201e-42 0 4.21749e-40 0 2.1176e-38 0 1.3641e-33 0 2.15515e-29 0 3.45673e-27 0 9.88393e-26 0 1.18718e-24 0 8.2028e-24 0 4.0155e-23 0 1.54493e-22 0 4.81525e-22 0 1.32479e-21 0 3.25693e-21 0 7.22879e-21 0 1.49411e-20 0 2.89143e-20 0 5.31978e-20 0 9.33623e-20 0 1.56759e-19 0 2.54968e-19 0 4.02421e-19 0 6.11527e-19 0 9.2167e-19 0 1.329e-18 0 1.90408e-18 0 2.68733e-18 0 3.70642e-18 0 5.04299e-18 0 6.82928e-18 0 9.0554e-18 0 1.17662e-17 0 1.52352e-17 0 1.96596e-17 0 2.48919e-17 0 3.14256e-17 0 3.89626e-17 0 4.89225e-17 0 5.94599e-17 0 7.31934e-17 0 8.85878e-17 0 1.0701e-16 0 1.29013e-16 0 1.5306e-16 0 1.813e-16 0 2.14411e-16 0 2.53175e-16 0 2.9849e-16 0 3.46659e-16 0 4.02097e-16 0 4.65822e-16 0 5.38988e-16 0 6.22892e-16 0 7.09715e-16 0 8.07853e-16 0 9.18675e-16 0 1.0437e-15 0 1.18463e-15 0 1.34333e-15 0 1.50308e-15 0 1.70147e-15 0 1.90086e-15 0 2.12206e-15 0
14.3051 3.16564e-10 2.97614e-10 1.895e-11 0.0598614 0.0172647 0 0 0 0 0 0 0 0 8.68805e-44 0 1.71086e-40 0 2.56799e-38 0 1.06499e-36 0 3.99531e-32 0 3.93721e-28 0 4.92845e-26 0 1.19639e-24 0 1.27277e-23 0 8.00225e-23 0 3.62503e-22 0 1.3059e-21 0 3.85049e-21 0 1.00829e-20 0 2.37231e-20 0 5.06435e-20 0 1.01029e-19 0 1.89311e-19 0 3.38088e-19 0 5.77272e-19 0 9.45047e-19 0 1.50104e-18 0 2.31692e-18 0 3.44963e-18 0 5.09606e-18 0 7.21812e-18 0 1.01615e-17 0 1.41023e-17 0 1.91472e-17 0 2.56631e-17 0 3.42426e-17 0 4.47833e-17 0 5.74503e-17 0 7.34558e-17 0 9.36153e-17 0 1.17173e-16 0 1.46255e-16 0 1.79438e-16 0 2.22817e-16 0 2.68243e-16 0 3.26866e-16 0 3.91944e-16 0 4.69102e-16 0 5.60418e-16 0 6.59352e-16 0 7.74572e-16 0 9.08562e-16 0 1.06416e-15 0 1.24458e-15 0 1.43491e-15 0 1.65236e-15 0 1.90054e-15 0 2.18344e-15 0 2.50557e-15 0 2.83669e-15 0 3.20859e-15 0 3.62591e-15 0 4.0938e-15 0 4.61793e-15 0 5.20454e-15 0 5.79159e-15 0 6.51647e-15 0 7.2408e-15 0 8.0401e-15 0
15.0394 2.96955e-10 2.81396e-10 1.55595e-11 0.0523968 0.0156813 0 0 0 0 0 0 0 0 7.90753e-42 0 1.07308e-38 0 1.2611e-36 0 4.36028e-35 0 9.78115e-31 0 6.15237e-27 0 6.08352e-25 0 1.26383e-23 0 1.19792e-22 0 6.88505e-22 0 2.89717e-21 0 9.80384e-21 0 2.74204e-20 0 6.85065e-20 0 1.54588e-19 0 3.18015e-19 0 6.13374e-19 0 1.11466e-18 0 1.93508e-18 0 3.21888e-18 0 5.14429e-18 0 7.98829e-18 0 1.20717e-17 0 1.76275e-17 0 2.55492e-17 0 3.55784e-17 0 4.92571e-17 0 6.72744e-17 0 8.99873e-17 0 1.18898e-16 0 1.56429e-16 0 2.01918e-16 0 2.559e-16 0 3.23291e-16 0 4.07166e-16 0 5.04071e-16 0 6.22406e-16 0 7.56038e-16 0 9.28938e-16 0 1.10824e-15 0 1.33746e-15 0 1.58959e-15 0 1.8859e-15 0 2.23354e-15 0 2.60706e-15 0 3.03865e-15 0 3.53663e-15 0 4.11045e-15 0 4.77074e-15 0 5.46221e-15 0 6.24682e-15 0 7.13612e-15 0 8.14301e-15 0 9.28181e-15 0 1.04449e-14 0 1.17434e-14 0 1.31919e-14 0 1.48062e-14 0 1.66038e-14 0 1.86041e-14 0 2.05948e-14 0 2.30394e-14 0 2.54689e-14 0 2.81362e-14 0
15.8114 2.78925e-10 2.66145e-10 1.27799e-11 0.0458186 0.0142462 0 0 0 0 0 0 1.4013e-45 0 5.67914e-40 0 5.41916e-37 0 5.04637e-35 0 1.46763e-33 0 2.01866e-29 0 8.2842e-26 0 6.54567e-24 0 1.17263e-22 0 9.95893e-22 0 5.25545e-21 0 2.06161e-20 0 6.57326e-20 0 1.74844e-19 0 4.17727e-19 0 9.05901e-19 0 1.79911e-18 0 3.36052e-18 0 5.93139e-18 0 1.00234e-17 0 1.62642e-17 0 2.54046e-17 0 3.86108e-17 0 5.71832e-17 0 8.19714e-17 0 1.16676e-16 0 1.5987e-16 0 2.17847e-16 0 2.93038e-16 0 3.86444e-16 0 5.03701e-16 0 6.53879e-16 0 8.33575e-16 0 1.04428e-15 0 1.30431e-15 0 1.62431e-15 0 1.99004e-15 0 2.43205e-15 0 2.9263e-15 0 3.55954e-15 0 4.21015e-15 0 5.03455e-15 0 5.9334e-15 0 6.98091e-15 0 8.1997e-15 0 9.49898e-15 0 1.0989e-14 0 1.26955e-14 0 1.46474e-14 0 1.68771e-14 0 1.91961e-14 0 2.181e-14 0 2.47535e-14 0 2.80647e-14 0 3.17858e-14 0 3.55634e-14 0 3.97565e-14 0 4.44071e-14 0 4.95611e-14 0 5.52684e-14 0 6.15835e-14 0 6.78357e-14 0 7.54735e-14 0 8.30248e-14 0 9.12747e-14 0
16.623 2.62321e-10 2.51827e-10 1.04944e-11 0.0400059 0.0129395 0 0 0 0 0 0 1.28919e-43 0 3.26283e-38 0 2.22723e-35 0 1.66217e-33 0 4.10065e-32 0 3.54197e-28 0 9.68326e-25 0 6.18118e-23 0 9.61816e-22 0 7.3584e-21 0 3.58022e-20 0 1.31379e-19 0 3.95834e-19 0 1.00378e-18 0 2.29834e-18 0 4.79941e-18 0 9.21754e-18 0 1.67e-17 0 2.86694e-17 0 4.72231e-17 0 7.48355e-17 0 1.14375e-16 0 1.70314e-16 0 2.47448e-16 0 3.48531e-16 0 4.87611e-16 0 6.57934e-16 0 8.83091e-16 0 1.17082e-15 0 1.5233e-15 0 1.95999e-15 0 2.51215e-15 0 3.16478e-15 0 3.92135e-15 0 4.84493e-15 0 5.96928e-15 0 7.24118e-15 0 8.76329e-15 0 1.04494e-14 0 1.25896e-14 0 1.47692e-14 0 1.75076e-14 0 2.04685e-14 0 2.38918e-14 0 2.78434e-14 0 3.20245e-14 0 3.67852e-14 0 4.21992e-14 0 4.83485e-14 0 5.53244e-14 0 6.25316e-14 0 7.06052e-14 0 7.96404e-14 0 8.97419e-14 0 1.01025e-13 0 1.12413e-13 0 1.24985e-13 0 1.38854e-13 0 1.54141e-13 0 1.70979e-13 0 1.89511e-13 0 2.07768e-13 0 2.2996e-13 0 2.51793e-13 0 2.75536e-13 0
17.4762 2.46975e-10 2.38355e-10 8.62004e-12 0.0349025 0.0117535 0 0 0 0 0 0 1.09497e-41 0 1.51589e-36 0 7.52427e-34 0 4.54916e-32 0 9.59701e-31 0 5.32523e-27 0 9.89276e-24 0 5.15511e-22 0 7.01551e-21 0 4.85965e-20 0 2.18869e-19 0 7.53759e-19 0 2.15196e-18 0 5.21468e-18 0 1.14667e-17 0 2.30993e-17 0 4.29723e-17 0 7.5629e-17 0 1.26454e-16 0 2.03276e-16 0 3.14975e-16 0 4.71524e-16 0 6.88623e-16 0 9.82411e-16 0 1.36078e-15 0 1.87284e-15 0 2.49033e-15 0 3.29488e-15 0 4.30867e-15 0 5.53426e-15 0 7.03367e-15 0 8.90658e-15 0 1.10946e-14 0 1.36038e-14 0 1.66351e-14 0 2.02879e-14 0 2.43796e-14 0 2.92308e-14 0 3.45566e-14 0 4.12575e-14 0 4.80243e-14 0 5.64581e-14 0 6.55046e-14 0 7.58847e-14 0 8.77774e-14 0 1.00271e-13 0 1.14401e-13 0 1.30361e-13 0 1.48369e-13 0 1.68662e-13 0 1.89498e-13 0 2.127e-13 0 2.38512e-13 0 2.67202e-13 0 2.99062e-13 0 3.31043e-13 0 3.66166e-13 0 4.04712e-13 0 4.46984e-13 0 4.93308e-13 0 5.44038e-13 0 5.93776e-13 0 6.5395e-13 0 7.12874e-13 0 7.76669e-13 0
18.3733 2.32725e-10 2.25644e-10 7.08142e-12 0.0304283 0.0106778 0 0 0 0 0 0 7.40837e-40 0 5.7539e-35 0 2.1093e-32 0 1.04382e-30 0 1.89748e-29 0 6.91149e-26 0 8.89089e-23 0 3.81978e-21 0 4.57616e-20 0 2.88409e-19 0 1.20691e-18 0 3.91295e-18 0 1.06136e-17 0 2.46313e-17 0 5.21181e-17 0 1.01461e-16 0 1.83116e-16 0 3.13502e-16 0 5.11192e-16 0 8.0292e-16 0 1.2178e-15 0 1.78752e-15 0 2.56269e-15 0 3.59314e-15 0 4.89848e-15 0 6.63744e-15 0 8.70391e-15 0 1.13595e-14 0 1.46615e-14 0 1.86031e-14 0 2.33681e-14 0 2.92514e-14 0 3.60488e-14 0 4.37637e-14 0 5.29926e-14 0 6.40053e-14 0 7.62275e-14 0 9.05892e-14 0 1.06223e-13 0 1.25728e-13 0 1.45268e-13 0 1.69435e-13 0 1.95163e-13 0 2.24472e-13 0 2.57812e-13 0 2.926e-13 0 3.3169e-13 0 3.75563e-13 0 4.2475e-13 0 4.79833e-13 0 5.36052e-13 0 5.98301e-13 0 6.67167e-13 0 7.43286e-13 0 8.27349e-13 0 9.11293e-13 0 1.00303e-12 0 1.10321e-12 0 1.21254e-12 0 1.33178e-12 0 1.46174e-12 0 1.58857e-12 0 1.74133e-12 0 1.89026e-12 0 2.05082e-12 0
19.3164 2.19512e-10 2.13696e-10 5.81617e-12 0.0264959 0.00969709 0 0 0 0 0 0 4.0213e-38 0 1.80237e-33 0 4.95252e-31 0 2.02574e-29 0 3.19623e-28 0 7.80101e-25 0 7.07477e-22 0 2.52971e-20 0 2.6846e-19 0 1.54651e-18 0 6.03486e-18 0 1.84737e-17 0 4.77258e-17 0 1.06299e-16 0 2.16839e-16 0 4.08623e-16 0 7.16523e-16 0 1.19493e-15 0 1.90247e-15 0 2.92303e-15 0 4.34415e-15 0 6.25807e-15 0 8.81554e-15 0 1.2158e-14 0 1.63259e-14 0 2.17959e-14 0 2.82059e-14 0 3.63363e-14 0 4.63176e-14 0 5.80905e-14 0 7.2162e-14 0 8.93449e-14 0 1.08989e-13 0 1.31068e-13 0 1.57231e-13 0 1.88164e-13 0 2.22191e-13 0 2.61837e-13 0 3.04647e-13 0 3.57631e-13 0 4.10308e-13 0 4.74987e-13 0 5.43349e-13 0 6.2069e-13 0 7.08076e-13 0 7.98671e-13 0 8.99842e-13 0 1.0127e-12 0 1.13847e-12 0 1.27848e-12 0 1.42057e-12 0 1.57705e-12 0 1.74925e-12 0 1.93857e-12 0 2.14655e-12 0 2.35322e-12 0 2.57801e-12 0 2.82235e-12 0 3.08778e-12 0 3.37592e-12 0 3.68854e-12 0 3.99234e-12 0 4.35668e-12 0 4.71037e-12 0 5.09017e-12 0
20.3079 2.07189e-10 2.02411e-10 4.77785e-12 0.0230603 0.00880807 0 0 0 0 0 0 1.76979e-36 0 4.70216e-32 0 9.82196e-30 0 3.35168e-28 0 4.62193e-27 0 7.70805e-24 0 5.0131e-21 0 1.5053e-19 0 1.42347e-18 0 7.52819e-18 0 2.74875e-17 0 7.96709e-17 0 1.96505e-16 0 4.2089e-16 0 8.29204e-16 0 1.515e-15 0 2.5847e-15 0 4.20415e-15 0 6.54325e-15 0 9.84467e-15 0 1.43507e-14 0 2.0308e-14 0 2.81326e-14 0 3.81949e-14 0 5.05557e-14 0 6.6549e-14 0 8.50435e-14 0 1.08211e-13 0 1.36311e-13 0 1.69078e-13 0 2.07822e-13 0 2.54638e-13 0 3.07625e-13 0 3.66625e-13 0 4.3592e-13 0 5.17125e-13 0 6.05705e-13 0 7.08084e-13 0 8.17787e-13 0 9.5253e-13 0 1.08552e-12 0 1.24769e-12 0 1.41792e-12 0 1.60927e-12 0 1.82406e-12 0 2.04538e-12 0 2.2911e-12 0 2.56363e-12 0 2.86559e-12 0 3.19982e-12 0 3.53719e-12 0 3.90685e-12 0 4.31155e-12 0 4.75428e-12 0 5.23823e-12 0 5.71684e-12 0 6.2351e-12 0 6.79595e-12 0 7.40252e-12 0 8.05813e-12 0 8.76633e-12 0 9.45178e-12 0 1.02705e-11 0 1.1062e-11 0 1.19088e-11 0
21.3503 1.95682e-10 1.91756e-10 3.92539e-12 0.0200601 0.00800087 0 0 0 0 0 0 6.3805e-35 0 1.03089e-30 0 1.659e-28 0 4.76499e-27 0 5.78075e-26 0 6.71102e-23 0 3.18127e-20 0 8.09057e-19 0 6.8559e-18 0 3.34265e-17 0 1.14571e-16 0 3.15264e-16 0 7.44056e-16 0 1.5355e-15 0 2.92661e-15 0 5.192e-15 0 8.62991e-15 0 1.37075e-14 0 2.08783e-14 0 3.07922e-14 0 4.40677e-14 0 6.13131e-14 0 8.3596e-14 0 1.11814e-13 0 1.45988e-13 0 1.89609e-13 0 2.3942e-13 0 3.01079e-13 0 3.75012e-13 0 4.60292e-13 0 5.60097e-13 0 6.79497e-13 0 8.13352e-13 0 9.61077e-13 0 1.13311e-12 0 1.33303e-12 0 1.54936e-12 0 1.79748e-12 0 2.06141e-12 0 2.38325e-12 0 2.69873e-12 0 3.08088e-12 0 3.47943e-12 0 3.92463e-12 0 4.42134e-12 0 4.93016e-12 0 5.49193e-12 0 6.11157e-12 0 6.79438e-12 0 7.54611e-12 0 8.301e-12 0 9.12411e-12 0 1.00209e-11 0 1.09973e-11 0 1.20595e-11 0 1.31053e-11 0 1.4233e-11 0 1.54481e-11 0 1.67568e-11 0 1.81655e-11 0 1.96809e-11 0 2.11419e-11 0 2.28802e-11 0 2.45544e-11 0 2.63389e-11 0
22.4463 1.84934e-10 1.8171e-10 3.22441e-12 0.0174354 0.00726609 0 0 0 0 4.2039e-45 0 1.90297e-33 0 1.91567e-29 0 2.40557e-27 0 5.86457e-26 0 6.29851e-25 0 5.1809e-22 0 1.81791e-19 0 3.94762e-18 0 3.01376e-17 0 1.36001e-16 0 4.38942e-16 0 1.14959e-15 0 2.60175e-15 0 5.18261e-15 0 9.57164e-15 0 1.6512e-14 0 2.67731e-14 0 4.15757e-14 0 6.20374e-14 0 8.97761e-14 0 1.26252e-13 0 1.7285e-13 0 2.32128e-13 0 3.06107e-13 0 3.94492e-13 0 5.05868e-13 0 6.31526e-13 0 7.85332e-13 0 9.67746e-13 0 1.17599e-12 0 1.41734e-12 0 1.70334e-12 0 2.02106e-12 0 2.36875e-12 0 2.7704e-12 0 3.23343e-12 0 3.73067e-12 0 4.29684e-12 0 4.89492e-12 0 5.61919e-12 0 6.32452e-12 0 7.17356e-12 0 8.05358e-12 0 9.03081e-12 0 1.01148e-11 0 1.12189e-11 0 1.24316e-11 0 1.37622e-11 0 1.52209e-11 0 1.68185e-11 0 1.84151e-11 0 2.01479e-11 0 2.20272e-11 0 2.40639e-11 0 2.62697e-11 0 2.84321e-11 0 3.07543e-11 0 3.32468e-11 0 3.59204e-11 0 3.8787e-11 0 4.18585e-11 0 4.4809e-11 0 4.83064e-11 0 5.16626e-11 0 5.52278e-11 0
23.5984 1.74853e-10 1.72204e-10 2.64919e-12 0.0151509 0.0065999 0 0 0 0 4.00771e-43 0 4.73804e-32 0 3.04124e-28 0 3.01628e-26 0 6.29173e-25 0 6.01774e-24 0 3.56674e-21 0 9.40099e-19 0 1.75659e-17 0 1.21435e-16 0 5.09125e-16 0 1.55183e-15 0 3.87762e-15 0 8.43274e-15 0 1.6242e-14 0 2.91118e-14 0 4.89014e-14 0 7.74409e-14 0 1.17701e-13 0 1.72229e-13 0 2.44781e-13 0 3.38553e-13 0 4.56452e-13 0 6.0423e-13 0 7.86105e-13 0 1.00062e-12 0 1.26763e-12 0 1.56546e-12 0 1.92612e-12 0 2.34943e-12 0 2.82796e-12 0 3.37741e-12 0 4.02266e-12 0 4.73331e-12 0 5.50478e-12 0 6.38912e-12 0 7.40091e-12 0 8.47962e-12 0 9.69934e-12 0 1.09793e-11 0 1.25192e-11 0 1.40096e-11 0 1.57928e-11 0 1.76304e-11 0 1.96594e-11 0 2.18975e-11 0 2.41655e-11 0 2.66437e-11 0 2.93494e-11 0 3.23009e-11 0 3.55178e-11 0 3.87177e-11 0 4.21753e-11 0 4.59088e-11 0 4.99377e-11 0 5.42823e-11 0 5.85241e-11 0 6.30618e-11 0 6.79137e-11 0 7.30987e-11 0 7.86368e-11 0 8.45489e-11 0 9.02079e-11 0 9.68926e-11 0 1.03285e-10 0 1.10054e-10 0
24.8097 1.654e-10 1.63224e-10 2.17653e-12 0.0131592 0.0059942 0 0 0 0 2.91862e-41 0 9.9364e-31 0 4.15706e-27 0 3.29408e-25 0 5.92405e-24 0 5.07461e-23 0 2.20221e-20 0 4.42144e-18 0 7.16111e-17 0 4.5046e-16 0 1.76095e-15 0 5.08316e-15 0 1.21461e-14 0 2.54312e-14 0 4.74394e-14 0 8.26409e-14 0 1.35347e-13 0 2.09581e-13 0 3.12093e-13 0 4.4827e-13 0 6.26262e-13 0 8.52566e-13 0 1.13282e-12 0 1.47918e-12 0 1.89985e-12 0 2.38996e-12 0 2.99296e-12 0 3.65827e-12 0 4.45574e-12 0 5.38253e-12 0 6.42047e-12 0 7.60173e-12 0 8.97707e-12 0 1.04794e-11 0 1.20979e-11 0 1.39397e-11 0 1.60317e-11 0 1.82467e-11 0 2.07349e-11 0 2.33296e-11 0 2.64317e-11 0 2.94163e-11 0 3.29673e-11 0 3.66058e-11 0 4.06021e-11 0 4.49871e-11 0 4.94081e-11 0 5.4216e-11 0 5.94404e-11 0 6.51126e-11 0 7.12662e-11 0 7.73602e-11 0 8.39174e-11 0 9.09687e-11 0 9.85463e-11 0 1.06684e-10 0 1.14599e-10 0 1.23036e-10 0 1.32023e-10 0 1.41593e-10 0 1.51778e-10 0 1.62613e-10 0 1.72949e-10 0 1.85118e-10 0 1.96717e-10 0 2.08959e-10 0
26.0832 1.56681e-10 1.54878e-10 1.80281e-12 0.0115063 0.00545658 0 0 0 0 1.70029e-39 0 1.77156e-29 0 4.93282e-26 0 3.15739e-24 0 4.93111e-23 0 3.80352e-22 0 1.22708e-19 0 1.90173e-17 0 2.68854e-16 0 1.54596e-15 0 5.65431e-15 0 1.54985e-14 0 3.54913e-14 0 7.16776e-14 0 1.29699e-13 0 2.19898e-13 0 3.51573e-13 0 5.329e-13 0 7.78278e-13 0 1.09828e-12 0 1.50952e-12 0 2.02428e-12 0 2.65263e-12 0 3.41885e-12 0 4.33782e-12 0 5.39605e-12 0 6.68368e-12 0 8.08974e-12 0 9.75881e-12 0 1.16804e-11 0 1.38133e-11 0 1.62204e-11 0 1.90002e-11 0 2.2013e-11 0 2.52353e-11 0 2.88766e-11 0 3.29843e-11 0 3.73052e-11 0 4.21284e-11 0 4.71281e-11 0 5.30704e-11 0 5.8755e-11 0 6.54823e-11 0 7.23387e-11 0 7.98313e-11 0 8.80111e-11 0 9.62188e-11 0 1.05104e-10 0 1.14716e-10 0 1.25105e-10 0 1.36326e-10 0 1.47391e-10 0 1.59251e-10 0 1.71953e-10 0 1.85551e-10 0 2.00097e-10 0 2.14193e-10 0 2.29164e-10 0 2.45059e-10 0 2.61927e-10 0 2.79817e-10 0 2.98784e-10 0 3.16821e-10 0 3.37989e-10 0 3.58102e-10 0 3.79269e-10 0
27.4221 1.48334e-10 1.46851e-10 1.48265e-12 0.0099954 0.00495736 0 0 0 0 7.99723e-38 0 2.70185e-28 0 5.10756e-25 0 2.66845e-23 0 3.64417e-22 0 2.54402e-21 0 6.19045e-19 0 7.49999e-17 0 9.31673e-16 0 4.91875e-15 0 1.68865e-14 0 4.40624e-14 0 9.69019e-14 0 1.89099e-13 0 3.32404e-13 0 5.49235e-13 0 8.58227e-13 0 1.27471e-12 0 1.82756e-12 0 2.53598e-12 0 3.43185e-12 0 4.53668e-12 0 5.86695e-12 0 7.46852e-12 0 9.36652e-12 0 1.1528e-11 0 1.41304e-11 0 1.69444e-11 0 2.0254e-11 0 2.40304e-11 0 2.81868e-11 0 3.284e-11 0 3.81721e-11 0 4.39082e-11 0 5.00008e-11 0 5.68403e-11 0 6.45058e-11 0 7.25187e-11 0 8.141e-11 0 9.05742e-11 0 1.01405e-10 0 1.11711e-10 0 1.23844e-10 0 1.36148e-10 0 1.49528e-10 0 1.64066e-10 0 1.78587e-10 0 1.9424e-10 0 2.11099e-10 0 2.29244e-10 0 2.4876e-10 0 2.67929e-10 0 2.88395e-10 0 3.10235e-10 0 3.33525e-10 0 3.58349e-10 0 3.82319e-10 0 4.07696e-10 0 4.34549e-10 0 4.62951e-10 0 4.9298e-10 0 5.24713e-10 0 5.54798e-10 0 5.9e-10 0 6.23348e-10 0 6.58345e-10 0
28.8297 1.40427e-10 1.39211e-10 1.21611e-12 0.00866009 0.0045001 0 0 0 0 3.07026e-36 0 3.55358e-27 0 4.64776e-24 0 2.00174e-22 0 2.40611e-21 0 1.52768e-20 0 2.8427e-18 0 2.72491e-16 0 2.99318e-15 0 1.45695e-14 0 4.70949e-14 0 1.17264e-13 0 2.48153e-13 0 4.68706e-13 0 8.01524e-13 0 1.29229e-12 0 1.97579e-12 0 2.87847e-12 0 4.05491e-12 0 5.53745e-12 0 7.38376e-12 0 9.62873e-12 0 1.22968e-11 0 1.54702e-11 0 1.91884e-11 0 2.33782e-11 0 2.83724e-11 0 3.37222e-11 0 3.99593e-11 0 4.70156e-11 0 5.47198e-11 0 6.32794e-11 0 7.30154e-11 0 8.34153e-11 0 9.43892e-11 0 1.06631e-10 0 1.20266e-10 0 1.34435e-10 0 1.50068e-10 0 1.66093e-10 0 1.84931e-10 0 2.02765e-10 0 2.2366e-10 0 2.44746e-10 0 2.67571e-10 0 2.92259e-10 0 3.16812e-10 0 3.43169e-10 0 3.71442e-10 0 4.01749e-10 0 4.34215e-10 0 4.65983e-10 0 4.99779e-10 0 5.35713e-10 0 5.73898e-10 0 6.14456e-10 0 6.53488e-10 0 6.94681e-10 0 7.38133e-10 0 7.83951e-10 0 8.32243e-10 0 8.83121e-10 0 9.31218e-10 0 9.87333e-10 0 1.04034e-09 0 1.09582e-09 0
30.3095 1.32944e-10 1.31949e-10 9.95098e-13 0.00748509 0.00408171 0 0 0 0 9.71747e-35 0 4.06003e-26 0 3.74062e-23 0 1.34067e-21 0 1.42726e-20 0 8.27999e-20 0 1.19374e-17 0 9.15762e-16 0 8.94843e-15 0 4.03182e-14 0 1.2307e-13 0 2.93091e-13 0 5.97945e-13 0 1.09486e-12 0 1.82388e-12 0 2.87285e-12 0 4.30219e-12 0 6.15366e-12 0 8.52485e-12 0 1.14659e-11 0 1.50756e-11 0 1.9406e-11 0 2.44891e-11 0 3.04656e-11 0 3.73925e-11 0 4.512e-11 0 5.42438e-11 0 6.39303e-11 0 7.51295e-11 0 8.76972e-11 0 1.01314e-10 0 1.16334e-10 0 1.33298e-10 0 1.51298e-10 0 1.70172e-10 0 1.91101e-10 0 2.14275e-10 0 2.3822e-10 0 2.64497e-10 0 2.91296e-10 0 3.22638e-10 0 3.52165e-10 0 3.86599e-10 0 4.2119e-10 0 4.58471e-10 0 4.98619e-10 0 5.38384e-10 0 5.80903e-10 0 6.26337e-10 0 6.74853e-10 0 7.26626e-10 0 7.77104e-10 0 8.3062e-10 0 8.87328e-10 0 9.47386e-10 0 1.01096e-09 0 1.07195e-09 0 1.13613e-09 0 1.20362e-09 0 1.27458e-09 0 1.34915e-09 0 1.42749e-09 0 1.50134e-09 0 1.58727e-09 0 1.66823e-09 0 1.75274e-09 0
31.8653 1.25932e-10 1.25115e-10 8.17269e-13 0.00648975 0.00370644 0 0 0 0 2.561e-33 0 4.05952e-25 0 2.68012e-22 0 8.06566e-21 0 7.65016e-20 0 4.07305e-19 0 4.60676e-17 0 2.85917e-15 0 2.4996e-14 0 1.04642e-13 0 3.02479e-13 0 6.9047e-13 0 1.36046e-12 0 2.41855e-12 0 3.92982e-12 0 6.05418e-12 0 8.88935e-12 0 1.24946e-11 0 1.70359e-11 0 2.25841e-11 0 2.92999e-11 0 3.72541e-11 0 4.64811e-11 0 5.72114e-11 0 6.95206e-11 0 8.31219e-11 0 9.90355e-11 0 1.15788e-10 0 1.35003e-10 0 1.56401e-10 0 1.79418e-10 0 2.0463e-10 0 2.32917e-10 0 2.62738e-10 0 2.93823e-10 0 3.28097e-10 0 3.65833e-10 0 4.04617e-10 0 4.46959e-10 0 4.89931e-10 0 5.39945e-10 0 5.86845e-10 0 6.41298e-10 0 6.9576e-10 0 7.54215e-10 0 8.16906e-10 0 8.78756e-10 0 9.44644e-10 0 1.01479e-09 0 1.08942e-09 0 1.16877e-09 0 1.24587e-09 0 1.32735e-09 0 1.4134e-09 0 1.50425e-09 0 1.60011e-09 0 1.6918e-09 0 1.788e-09 0 1.8889e-09 0 1.99467e-09 0 2.10552e-09 0 2.22164e-09 0 2.33083e-09 0 2.45755e-09 0 2.57663e-09 0 2.70064e-09 0
33.5009 1.19403e-10 1.18728e-10 6.74583e-13 0.00564965 0.00337021 0 0 0 0 5.6728e-32 0 3.57686e-24 0 1.71994e-21 0 4.38343e-20 0 3.72514e-19 0 1.82782e-18 0 1.64116e-16 0 8.32646e-15 0 6.54812e-14 0 2.55618e-13 0 7.01575e-13 0 1.53824e-12 0 2.93212e-12 0 5.06819e-12 0 8.04225e-12 0 1.2131e-11 0 1.7481e-11 0 2.41658e-11 0 3.24541e-11 0 4.24354e-11 0 5.4359e-11 0 6.83104e-11 0 8.43136e-11 0 1.02731e-10 0 1.23651e-10 0 1.46559e-10 0 1.7313e-10 0 2.00878e-10 0 2.32465e-10 0 2.67383e-10 0 3.04682e-10 0 3.45274e-10 0 3.90525e-10 0 4.37942e-10 0 4.8709e-10 0 5.40985e-10 0 6.00009e-10 0 6.60361e-10 0 7.25931e-10 0 7.92166e-10 0 8.68899e-10 0 9.4054e-10 0 1.02337e-09 0 1.10587e-09 0 1.19407e-09 0 1.28829e-09 0 1.3809e-09 0 1.4792e-09 0 1.5835e-09 0 1.69407e-09 0 1.81124e-09 0 1.92471e-09 0 2.04424e-09 0 2.17011e-09 0 2.30258e-09 0 2.44194e-09 0 2.57486e-09 0 2.71393e-09 0 2.8594e-09 0 3.01149e-09 0 3.17047e-09 0 3.33657e-09 0 3.49237e-09 0 3.67273e-09 0 3.8418e-09 0 4.01747e-09 0
35.2205 1.13186e-10 1.12631e-10 5.55178e-13 0.00490499 0.00306217 0 0 1.4013e-45 0 1.06401e-30 0 2.79149e-23 0 9.92888e-21 0 2.16043e-19 0 1.65384e-18 0 7.50857e-18 0 5.41266e-16 0 2.26705e-14 0 1.61208e-13 0 5.88821e-13 0 1.53836e-12 0 3.24609e-12 0 5.99571e-12 0 1.00904e-11 0 1.56546e-11 0 2.31443e-11 0 3.27618e-11 0 4.45797e-11 0 5.90136e-11 0 7.61596e-11 0 9.63867e-11 0 1.19781e-10 0 1.46331e-10 0 1.76583e-10 0 2.10629e-10 0 2.47586e-10 0 2.90105e-10 0 3.34166e-10 0 3.83964e-10 0 4.38631e-10 0 4.96642e-10 0 5.59382e-10 0 6.28902e-10 0 7.01327e-10 0 7.75992e-10 0 8.57449e-10 0 9.46205e-10 0 1.03652e-09 0 1.13418e-09 0 1.2324e-09 0 1.34569e-09 0 1.45102e-09 0 1.57231e-09 0 1.69265e-09 0 1.82081e-09 0 1.95721e-09 0 2.09081e-09 0 2.23215e-09 0 2.38159e-09 0 2.53951e-09 0 2.7063e-09 0 2.86733e-09 0 3.03646e-09 0 3.21403e-09 0 3.40038e-09 0 3.59585e-09 0 3.78177e-09 0 3.97581e-09 0 4.17825e-09 0 4.38938e-09 0 4.60949e-09 0 4.8389e-09 0 5.05358e-09 0 5.30152e-09 0 5.5334e-09 0 5.77381e-09 0
37.0284 1.07276e-10 1.0682e-10 4.55671e-13 0.00424765 0.00278002 0 0 1.05097e-43 0 1.7037e-29 0 1.94118e-22 0 5.18295e-20 0 9.70302e-19 0 6.72517e-18 0 2.83587e-17 0 1.65894e-15 0 5.79011e-14 0 3.74127e-13 0 1.28276e-12 0 3.19785e-12 0 6.50619e-12 0 1.16626e-11 0 1.91349e-11 0 2.90568e-11 0 4.21464e-11 0 5.86563e-11 0 7.86235e-11 0 1.02665e-10 0 1.30853e-10 0 1.63713e-10 0 2.01301e-10 0 2.43528e-10 0 2.9119e-10 0 3.44356e-10 0 4.01595e-10 0 4.66935e-10 0 5.34152e-10 0 6.09605e-10 0 6.91886e-10 0 7.78655e-10 0 8.71942e-10 0 9.74716e-10 0 1.0812e-09 0 1.19041e-09 0 1.30897e-09 0 1.43754e-09 0 1.56775e-09 0 1.70795e-09 0 1.84835e-09 0 2.00961e-09 0 2.15894e-09 0 2.33026e-09 0 2.49959e-09 0 2.67928e-09 0 2.86986e-09 0 3.05589e-09 0 3.25206e-09 0 3.45882e-09 0 3.67663e-09 0 3.90596e-09 0 4.1267e-09 0 4.35791e-09 0 4.59997e-09 0 4.8533e-09 0 5.11831e-09 0 5.36972e-09 0 5.63146e-09 0 5.90387e-09 0 6.18728e-09 0 6.48206e-09 0 6.78855e-09 0 7.07471e-09 0 7.40448e-09 0 7.7122e-09 0 8.03057e-09 0
38.9291 1.01661e-10 1.01288e-10 3.73023e-13 0.00366928 0.00252164 0 0 7.11159e-42 0 2.34702e-28 0 1.20963e-21 0 2.45863e-19 0 3.98935e-18 0 2.51564e-17 0 9.88819e-17 0 4.74224e-15 0 1.39159e-13 0 8.20877e-13 0 2.6502e-12 0 6.31861e-12 0 1.24174e-11 0 2.16333e-11 0 3.46461e-11 0 5.15488e-11 0 7.34252e-11 0 1.00552e-10 0 1.32867e-10 0 1.71249e-10 0 2.15699e-10 0 2.66928e-10 0 3.2492e-10 0 3.8944e-10 0 4.61614e-10 0 5.41443e-10 0 6.2672e-10 0 7.23345e-10 0 8.22058e-10 0 9.32146e-10 0 1.05144e-09 0 1.1765e-09 0 1.31019e-09 0 1.45667e-09 0 1.60765e-09 0 1.76174e-09 0 1.92825e-09 0 2.10797e-09 0 2.2892e-09 0 2.48351e-09 0 2.67731e-09 0 2.89903e-09 0 3.10358e-09 0 3.33739e-09 0 3.56766e-09 0 3.8112e-09 0 4.06862e-09 0 4.31909e-09 0 4.58241e-09 0 4.85912e-09 0 5.14973e-09 0 5.4548e-09 0 5.74762e-09 0 6.05351e-09 0 6.37292e-09 0 6.70632e-09 0 7.05417e-09 0 7.38337e-09 0 7.72529e-09 0 8.08032e-09 0 8.44885e-09 0 8.83128e-09 0 9.22801e-09 0 9.59764e-09 0 1.00227e-08 0 1.04185e-08 0 1.08272e-08 0
40.9273 9.63461e-11 9.60405e-11 3.05555e-13 0.00317143 0.00228773 0 0 3.88234e-40 0 2.80272e-27 0 6.79207e-21 0 1.06501e-18 0 1.50826e-17 0 8.69312e-17 0 3.1961e-16 0 1.26888e-14 0 3.15715e-13 0 1.70778e-12 0 5.20693e-12 0 1.18987e-11 0 2.26247e-11 0 3.83625e-11 0 6.00415e-11 0 8.76174e-11 0 1.22664e-10 0 1.65423e-10 0 2.15631e-10 0 2.745e-10 0 3.41876e-10 0 4.18695e-10 0 5.04789e-10 0 5.997e-10 0 7.04964e-10 0 8.20463e-10 0 9.42928e-10 0 1.08071e-09 0 1.22055e-09 0 1.37553e-09 0 1.54248e-09 0 1.71649e-09 0 1.90153e-09 0 2.10321e-09 0 2.31005e-09 0 2.52018e-09 0 2.74623e-09 0 2.98916e-09 0 3.23311e-09 0 3.49361e-09 0 3.75245e-09 0 4.04745e-09 0 4.31863e-09 0 4.62754e-09 0 4.93074e-09 0 5.25037e-09 0 5.58714e-09 0 5.91381e-09 0 6.25627e-09 0 6.61508e-09 0 6.99086e-09 0 7.38422e-09 0 7.76078e-09 0 8.15314e-09 0 8.56182e-09 0 8.98732e-09 0 9.43019e-09 0 9.84831e-09 0 1.02816e-08 0 1.07306e-08 0 1.11956e-08 0 1.16771e-08 0 1.21755e-08 0 1.26389e-08 0 1.31708e-08 0 1.3665e-08 0 1.41744e-08 0
43.0281 9.14175e-11 9.11651e-11 2.52398e-13 0.00276094 0.00208046 0 0 1.71956e-38 0 2.92482e-26 0 3.45788e-20 0 4.23619e-18 0 5.27103e-17 0 2.78903e-16 0 9.62256e-16 0 3.19176e-14 0 6.7882e-13 0 3.3814e-12 0 9.76355e-12 0 2.1429e-11 0 3.94875e-11 0 6.52508e-11 0 9.99154e-11 0 1.43139e-10 0 1.97128e-10 0 2.61991e-10 0 3.37119e-10 0 4.24126e-10 0 5.22597e-10 0 6.33721e-10 0 7.57087e-10 0 8.919e-10 0 1.04021e-09 0 1.2017e-09 0 1.37172e-09 0 1.56172e-09 0 1.75335e-09 0 1.9645e-09 0 2.19064e-09 0 2.42508e-09 0 2.67311e-09 0 2.94212e-09 0 3.21668e-09 0 3.4944e-09 0 3.79191e-09 0 4.11029e-09 0 4.42874e-09 0 4.76751e-09 0 5.10288e-09 0 5.48376e-09 0 5.83268e-09 0 6.22884e-09 0 6.61642e-09 0 7.02376e-09 0 7.45162e-09 0 7.86546e-09 0 8.29809e-09 0 8.75016e-09 0 9.22231e-09 0 9.71523e-09 0 1.01859e-08 0 1.06751e-08 0 1.11835e-08 0 1.17115e-08 0 1.22598e-08 0 1.27763e-08 0 1.33105e-08 0 1.38627e-08 0 1.44335e-08 0 1.50234e-08 0 1.56327e-08 0 1.61981e-08 0 1.68458e-08 0 1.74466e-08 0 1.80647e-08 0
45.2368 8.67167e-11 8.65089e-11 2.07854e-13 0.00239693 0.00189047 0 0 6.23456e-37 0 2.68125e-25 0 1.6016e-19 0 1.55155e-17 0 1.70698e-16 0 8.32644e-16 0 2.70419e-15 0 7.56012e-14 0 1.38493e-12 0 6.37856e-12 0 1.74884e-11 0 3.69383e-11 0 6.60651e-11 0 1.06524e-10 0 1.59757e-10 0 2.24887e-10 0 3.04908e-10 0 3.99646e-10 0 5.07955e-10 0 6.3193e-10 0 7.70751e-10 0 9.25886e-10 0 1.09656e-09 0 1.28153e-09 0 1.48345e-09 0 1.70172e-09 0 1.92997e-09 0 2.18343e-09 0 2.43753e-09 0 2.71594e-09 0 3.01252e-09 0 3.31841e-09 0 3.64046e-09 0 3.9881e-09 0 4.34133e-09 0 4.69712e-09 0 5.07673e-09 0 5.48137e-09 0 5.88458e-09 0 6.31195e-09 0 6.73359e-09 0 7.21079e-09 0 7.64654e-09 0 8.13974e-09 0 8.62079e-09 0 9.12487e-09 0 9.65282e-09 0 1.01621e-08 0 1.0693e-08 0 1.12464e-08 0 1.18229e-08 0 1.24232e-08 0 1.2995e-08 0 1.3588e-08 0 1.42028e-08 0 1.48399e-08 0 1.55e-08 0 1.61205e-08 0 1.67609e-08 0 1.74217e-08 0 1.81034e-08 0 1.88064e-08 0 1.95312e-08 0 2.02026e-08 0 2.09703e-08 0 2.1681e-08 0 2.2411e-08 0
47.5588 8.22371e-11 8.20664e-11 1.70694e-13 0.00207563 0.00171641 0 0 1.8686e-35 0 2.17295e-24 0 6.78028e-19 0 5.25395e-17 0 5.14161e-16 0 2.32129e-15 0 7.11752e-15 0 1.69121e-13 0 2.68804e-12 0 1.14907e-11 0 2.99907e-11 0 6.10744e-11 0 1.06176e-10 0 1.67253e-10 0 2.45919e-10 0 3.40443e-10 0 4.54773e-10 0 5.88253e-10 0 7.38974e-10 0 9.09583e-10 0 1.09869e-09 0 1.30807e-09 0 1.53646e-09 0 1.78201e-09 0 2.0481e-09 0 2.33376e-09 0 2.63058e-09 0 2.95817e-09 0 3.28473e-09 0 3.64064e-09 0 4.01781e-09 0 4.40493e-09 0 4.81062e-09 0 5.2466e-09 0 5.68768e-09 0 6.13019e-09 0 6.60053e-09 0 7.1e-09 0 7.5959e-09 0 8.11972e-09 0 8.63482e-09 0 9.21591e-09 0 9.74487e-09 0 1.03418e-08 0 1.09223e-08 0 1.1529e-08 0 1.21626e-08 0 1.27721e-08 0 1.34061e-08 0 1.40652e-08 0 1.47501e-08 0 1.54617e-08 0 1.61378e-08 0 1.68376e-08 0 1.75614e-08 0 1.83099e-08 0 1.90838e-08 0 1.98098e-08 0 2.05576e-08 0 2.13278e-08 0 2.21209e-08 0 2.29372e-08 0 2.37773e-08 0 2.45541e-08 0 2.54408e-08 0 2.62603e-08 0 2.71006e-08 0
50 7.79714e-11 7.78316e-11 1.39822e-13 0.00179325 0.0015571 1.4013e-45 0 4.67287e-34 0 1.56623e-23 0 2.63514e-18 0 1.65121e-16 0 1.44561e-15 0 6.06342e-15 0 1.76019e-14 0 3.58305e-13 0 4.97556e-12 0 1.98129e-11 0 4.93455e-11 0 9.70599e-11 0 1.64241e-10 0 2.53043e-10 0 3.65122e-10 0 4.97501e-10 0 6.55247e-10 0 8.36984e-10 0 1.03979e-09 0 1.26693e-09 0 1.5163e-09 0 1.78995e-09 0 2.08601e-09 0 2.40195e-09 0 2.74191e-09 0 3.10449e-09 0 3.47894e-09 0 3.88983e-09 0 4.29721e-09 0 4.73897e-09 0 5.20482e-09 0 5.68074e-09 0 6.17731e-09 0 6.70867e-09 0 7.24407e-09 0 7.77916e-09 0 8.34585e-09 0 8.94548e-09 0 9.5388e-09 0 1.01635e-08 0 1.07758e-08 0 1.14645e-08 0 1.20895e-08 0 1.27929e-08 0 1.34751e-08 0 1.4186e-08 0 1.49266e-08 0 1.56373e-08 0 1.63748e-08 0 1.71396e-08 0 1.79326e-08 0 1.87545e-08 0 1.95338e-08 0 2.03386e-08 0 2.11694e-08 0 2.20269e-08 0 2.29115e-08 0 2.37398e-08 0 2.45915e-08 0 2.54671e-08 0 2.6367e-08 0 2.72917e-08 0 2.82417e-08 0 2.91187e-08 0 3.0118e-08 0 3.10401e-08 0 3.19842e-08 0
52.5665 7.39099e-11 7.37956e-11 1.14269e-13 0.00154606 0.00141159 1.37327e-43 0 9.83684e-33 0 1.00981e-22 0 9.44134e-18 0 4.83387e-16 0 3.80661e-15 0 1.48869e-14 0 4.1025e-14 0 7.2085e-13 0 8.80337e-12 0 3.27684e-11 0 7.80559e-11 0 1.48543e-10 0 2.44986e-10 0 3.69564e-10 0 5.23792e-10 0 7.02999e-10 0 9.13537e-10 0 1.15305e-09 0 1.41735e-09 0 1.71039e-09 0 2.02916e-09 0 2.37604e-09 0 2.74843e-09 0 3.14299e-09 0 3.56472e-09 0 4.0117e-09 0 4.47065e-09 0 4.97151e-09 0 5.46554e-09 0 5.99868e-09 0 6.55827e-09 0 7.12745e-09 0 7.71884e-09 0 8.34911e-09 0 8.9817e-09 0 9.61165e-09 0 1.02765e-08 0 1.09776e-08 0 1.16691e-08 0 1.23948e-08 0 1.31041e-08 0 1.38995e-08 0 1.46194e-08 0 1.54274e-08 0 1.62089e-08 0 1.70213e-08 0 1.78655e-08 0 1.86737e-08 0 1.95104e-08 0 2.03763e-08 0 2.1272e-08 0 2.21983e-08 0 2.30749e-08 0 2.39783e-08 0 2.49091e-08 0 2.58679e-08 0 2.68551e-08 0 2.77778e-08 0 2.8725e-08 0 2.9697e-08 0 3.06944e-08 0 3.17175e-08 0 3.27668e-08 0 3.3734e-08 0 3.48343e-08 0 3.58481e-08 0 3.68844e-08 0
55.2648 7.01471e-11 7.00527e-11 9.44179e-14 0.001346 0.00128379 8.3069e-42 0 1.76034e-31 0 5.86384e-22 0 3.13533e-17 0 1.32462e-15 0 9.43142e-15 0 3.45085e-14 0 9.05058e-14 0 1.3826e-12 0 1.4943e-11 0 5.21646e-11 0 1.19103e-10 0 2.19647e-10 0 3.53514e-10 0 5.22681e-10 0 7.28301e-10 0 9.63535e-10 0 1.23619e-09 0 1.54266e-09 0 1.87725e-09 0 2.24469e-09 0 2.64091e-09 0 3.06864e-09 0 3.52445e-09 0 4.00409e-09 0 4.51355e-09 0 5.0503e-09 0 5.59839e-09 0 6.1934e-09 0 6.77745e-09 0 7.40484e-09 0 8.06045e-09 0 8.72449e-09 0 9.4117e-09 0 1.01413e-08 0 1.08708e-08 0 1.15949e-08 0 1.23565e-08 0 1.31571e-08 0 1.39442e-08 0 1.47679e-08 0 1.55707e-08 0 1.64684e-08 0 1.72787e-08 0 1.81858e-08 0 1.90611e-08 0 1.99687e-08 0 2.09097e-08 0 2.18085e-08 0 2.2737e-08 0 2.36959e-08 0 2.46857e-08 0 2.57072e-08 0 2.66719e-08 0 2.76643e-08 0 2.86848e-08 0 2.97341e-08 0 3.08125e-08 0 3.18188e-08 0 3.285e-08 0 3.39065e-08 0 3.49889e-08 0 3.60974e-08 0 3.72325e-08 0 3.82771e-08 0 3.94639e-08 0 4.05556e-08 0 4.16701e-08 0
58.1015 6.65639e-11 6.64861e-11 7.78018e-14 0.00116883 0.00116662 4.06148e-40 0 2.69571e-30 0 3.07843e-21 0 9.67354e-17 0 3.4042e-15 0 2.20231e-14 0 7.5635e-14 0 1.89246e-13 0 2.53069e-12 0 2.43506e-11 0 7.99723e-11 0 1.7538e-10 0 3.13911e-10 0 4.93624e-10 0 7.16036e-10 0 9.81692e-10 0 1.28114e-09 0 1.6238e-09 0 2.00457e-09 0 2.41608e-09 0 2.86389e-09 0 3.34278e-09 0 3.85583e-09 0 4.39872e-09 0 4.96633e-09 0 5.56558e-09 0 6.19338e-09 0 6.8311e-09 0 7.51997e-09 0 8.193e-09 0 8.91284e-09 0 9.66188e-09 0 1.04175e-08 0 1.11966e-08 0 1.20207e-08 0 1.28419e-08 0 1.36541e-08 0 1.4506e-08 0 1.53986e-08 0 1.62736e-08 0 1.71867e-08 0 1.80743e-08 0 1.90641e-08 0 1.99554e-08 0 2.09507e-08 0 2.19087e-08 0 2.29e-08 0 2.39253e-08 0 2.49026e-08 0 2.59101e-08 0 2.69484e-08 0 2.80181e-08 0 2.91199e-08 0 3.01585e-08 0 3.12249e-08 0 3.23197e-08 0 3.34433e-08 0 3.45962e-08 0 3.56701e-08 0 3.6769e-08 0 3.78931e-08 0 3.90429e-08 0 4.02187e-08 0 4.14208e-08 0 4.25256e-08 0 4.37789e-08 0 4.49303e-08 0 4.61041e-08 0
61.0839 6.31436e-11 6.30797e-11 6.3929e-14 0.00101244 0.00105931 1.61766e-38 0 3.559e-29 0 1.46809e-20 0 2.7825e-16 0 8.22928e-15 0 4.85999e-14 0 1.57151e-13 0 3.7599e-13 0 4.42998e-12 0 3.8165e-11 0 1.18272e-10 0 2.49615e-10 0 4.34263e-10 0 6.67951e-10 0 9.51474e-10 0 1.28454e-09 0 1.65472e-09 0 2.07317e-09 0 2.53313e-09 0 3.02546e-09 0 3.55657e-09 0 4.12007e-09 0 4.71942e-09 0 5.34941e-09 0 6.00402e-09 0 6.69119e-09 0 7.40723e-09 0 8.13095e-09 0 8.90904e-09 0 9.66589e-09 0 1.0472e-08 0 1.13075e-08 0 1.21472e-08 0 1.30097e-08 0 1.3919e-08 0 1.4822e-08 0 1.57125e-08 0 1.66435e-08 0 1.76163e-08 0 1.85672e-08 0 1.95569e-08 0 2.05165e-08 0 2.15839e-08 0 2.25427e-08 0 2.36109e-08 0 2.46368e-08 0 2.56961e-08 0 2.67894e-08 0 2.78293e-08 0 2.88993e-08 0 3e-08 0 3.11318e-08 0 3.22952e-08 0 3.339e-08 0 3.45123e-08 0 3.56624e-08 0 3.68409e-08 0 3.80481e-08 0 3.91707e-08 0 4.03178e-08 0 4.14896e-08 0 4.26863e-08 0 4.39084e-08 0 4.51561e-08 0 4.63012e-08 0 4.75984e-08 0 4.87885e-08 0 5.00004e-08 0
64.2193 5.98816e-11 5.98292e-11 5.23959e-14 0.000874992 0.00096113 5.3016e-37 0 4.08048e-28 0 6.38992e-20 0 7.48729e-16 0 1.87687e-14 0 1.01637e-13 0 3.10348e-13 0 7.11558e-13 0 7.43249e-12 0 5.76414e-11 0 1.69031e-10 0 3.43969e-10 0 5.82454e-10 0 8.77253e-10 0 1.22822e-09 0 1.63404e-09 0 2.07909e-09 0 2.57634e-09 0 3.11731e-09 0 3.69103e-09 0 4.30487e-09 0 4.95127e-09 0 5.63408e-09 0 6.34724e-09 0 7.08395e-09 0 7.85308e-09 0 8.65045e-09 0 9.45257e-09 0 1.03111e-08 0 1.11426e-08 0 1.20249e-08 0 1.29357e-08 0 1.38478e-08 0 1.47817e-08 0 1.57627e-08 0 1.6734e-08 0 1.7689e-08 0 1.86847e-08 0 1.97221e-08 0 2.07335e-08 0 2.17835e-08 0 2.27991e-08 0 2.3926e-08 0 2.4936e-08 0 2.60589e-08 0 2.71349e-08 0 2.82436e-08 0 2.93856e-08 0 3.04698e-08 0 3.15833e-08 0 3.27265e-08 0 3.39e-08 0 3.51042e-08 0 3.62354e-08 0 3.73931e-08 0 3.85777e-08 0 3.97895e-08 0 4.10289e-08 0 4.21799e-08 0 4.33542e-08 0 4.45521e-08 0 4.57738e-08 0 4.70197e-08 0 4.829e-08 0 4.94543e-08 0 5.07717e-08 0 5.19787e-08 0 5.32064e-08 0
67.5157 5.67778e-11 5.67349e-11 4.28355e-14 0.000754442 0.000871292 1.4435e-35 0 4.09124e-27 0 2.54999e-19 0 1.89108e-15 0 4.05051e-14 0 2.0198e-13 0 5.84032e-13 0 1.28589e-12 0 1.19779e-11 0 8.40516e-11 0 2.33866e-10 0 4.5968e-10 0 7.58633e-10 0 1.11998e-09 0 1.54251e-09 0 2.02379e-09 0 2.54489e-09 0 3.12071e-09 0 3.74102e-09 0 4.39318e-09 0 5.08548e-09 0 5.80931e-09 0 6.56892e-09 0 7.35751e-09 0 8.16762e-09 0 9.00903e-09 0 9.87708e-09 0 1.07464e-08 0 1.16728e-08 0 1.25666e-08 0 1.35113e-08 0 1.44832e-08 0 1.5453e-08 0 1.64427e-08 0 1.74792e-08 0 1.85023e-08 0 1.95054e-08 0 2.05484e-08 0 2.16324e-08 0 2.26865e-08 0 2.37781e-08 0 2.48315e-08 0 2.59978e-08 0 2.70408e-08 0 2.8198e-08 0 2.93046e-08 0 3.04426e-08 0 3.16125e-08 0 3.27211e-08 0 3.38578e-08 0 3.50228e-08 0 3.62165e-08 0 3.74394e-08 0 3.85864e-08 0 3.97584e-08 0 4.09558e-08 0 4.21789e-08 0 4.3428e-08 0 4.45863e-08 0 4.57665e-08 0 4.69689e-08 0 4.81936e-08 0 4.94409e-08 0 5.07109e-08 0 5.18736e-08 0 5.31875e-08 0 5.439e-08 0 5.56116e-08 0
70.9813 5.38755e-11 5.38402e-11 3.53073e-14 0.000655349 0.000791812 3.29798e-34 0 3.61415e-26 0 9.37823e-19 0 4.50128e-15 0 8.30158e-14 0 3.82728e-13 0 1.05076e-12 0 2.22605e-12 0 1.85948e-11 0 1.18644e-10 0 3.14029e-10 0 5.97215e-10 0 9.61802e-10 0 1.39318e-09 0 1.88904e-09 0 2.4458e-09 0 3.04137e-09 0 3.6926e-09 0 4.38761e-09 0 5.11225e-09 0 5.87578e-09 0 6.66868e-09 0 7.49561e-09 0 8.34918e-09 0 9.22142e-09 0 1.01229e-08 0 1.10486e-08 0 1.19717e-08 0 1.29515e-08 0 1.38932e-08 0 1.4885e-08 0 1.59018e-08 0 1.69132e-08 0 1.79421e-08 0 1.90165e-08 0 2.00739e-08 0 2.1108e-08 0 2.21804e-08 0 2.32921e-08 0 2.43707e-08 0 2.54851e-08 0 2.6558e-08 0 2.77435e-08 0 2.88014e-08 0 2.99728e-08 0 3.10909e-08 0 3.22386e-08 0 3.34162e-08 0 3.45303e-08 0 3.56706e-08 0 3.68375e-08 0 3.80312e-08 0 3.92521e-08 0 4.03953e-08 0 4.15619e-08 0 4.27521e-08 0 4.39661e-08 0 4.52041e-08 0 4.63506e-08 0 4.75173e-08 0 4.87045e-08 0 4.99121e-08 0 5.11406e-08 0 5.23899e-08 0 5.35323e-08 0 5.48217e-08 0 5.60005e-08 0 5.71968e-08 0
74.6248 5.11334e-11 5.11043e-11 2.91121e-14 0.000569336 0.000719604 6.37407e-33 0 2.82905e-25 0 3.18983e-18 0 1.01216e-14 0 1.6191e-13 0 6.92781e-13 0 1.81049e-12 0 3.6975e-12 0 2.78456e-11 0 1.62299e-10 0 4.0964e-10 0 7.5498e-10 0 1.18792e-09 0 1.68989e-09 0 2.25755e-09 0 2.88632e-09 0 3.5512e-09 0 4.27099e-09 0 5.03237e-09 0 5.81996e-09 0 6.64396e-09 0 7.49414e-09 0 8.37559e-09 0 9.28048e-09 0 1.02005e-08 0 1.1147e-08 0 1.21146e-08 0 1.30756e-08 0 1.40917e-08 0 1.50648e-08 0 1.60862e-08 0 1.71299e-08 0 1.81648e-08 0 1.92147e-08 0 2.03077e-08 0 2.13807e-08 0 2.24272e-08 0 2.351e-08 0 2.46298e-08 0 2.57137e-08 0 2.68312e-08 0 2.7905e-08 0 2.90889e-08 0 3.01433e-08 0 3.13087e-08 0 3.2419e-08 0 3.35567e-08 0 3.47221e-08 0 3.58227e-08 0 3.69475e-08 0 3.80967e-08 0 3.92705e-08 0 4.04692e-08 0 4.15901e-08 0 4.27323e-08 0 4.3896e-08 0 4.50813e-08 0 4.62885e-08 0 4.74051e-08 0 4.854e-08 0 4.96933e-08 0 5.08653e-08 0 5.2056e-08 0 5.32655e-08 0 5.43703e-08 0 5.56161e-08 0 5.67536e-08 0 5.79068e-08 0
78.4553 4.85138e-11 4.84899e-11 2.39337e-14 0.000493339 0.000653463 1.05006e-31 0 1.97274e-24 0 1.00667e-17 0 2.15483e-14 0 3.01057e-13 0 1.19991e-12 0 2.99212e-12 0 5.90134e-12 0 4.02706e-11 0 2.15363e-10 0 5.19553e-10 0 9.29399e-10 0 1.43037e-09 0 2.00009e-09 0 2.63447e-09 0 3.32809e-09 0 4.05357e-09 0 4.83151e-09 0 5.64748e-09 0 6.48523e-09 0 7.35582e-09 0 8.24859e-09 0 9.16899e-09 0 1.0109e-08 0 1.10602e-08 0 1.20343e-08 0 1.30262e-08 0 1.40074e-08 0 1.50411e-08 0 1.60276e-08 0 1.70599e-08 0 1.81114e-08 0 1.9151e-08 0 2.02027e-08 0 2.12947e-08 0 2.23639e-08 0 2.34042e-08 0 2.44782e-08 0 2.55863e-08 0 2.66566e-08 0 2.77579e-08 0 2.88139e-08 0 2.9976e-08 0 3.10091e-08 0 3.21489e-08 0 3.32329e-08 0 3.43418e-08 0 3.54758e-08 0 3.65452e-08 0 3.76364e-08 0 3.87496e-08 0 3.9885e-08 0 4.10429e-08 0 4.21241e-08 0 4.32244e-08 0 4.43439e-08 0 4.54829e-08 0 4.66414e-08 0 4.77116e-08 0 4.87982e-08 0 4.99012e-08 0 5.10207e-08 0 5.21569e-08 0 5.33098e-08 0 5.43618e-08 0 5.55467e-08 0 5.66276e-08 0 5.77224e-08 0
82.4824 4.60137e-11 4.59941e-11 1.96255e-14 0.000426515 0.000592953 1.48608e-30 0 1.23242e-23 0 2.95851e-17 0 4.35501e-14 0 5.34948e-13 0 1.99293e-12 0 4.75277e-12 0 9.06813e-12 0 5.63424e-11 0 2.77631e-10 0 6.4159e-10 0 1.11559e-09 0 1.68118e-09 0 2.31267e-09 0 3.00555e-09 0 3.75386e-09 0 4.52842e-09 0 5.35154e-09 0 6.20797e-09 0 7.08103e-09 0 7.98251e-09 0 8.9016e-09 0 9.8441e-09 0 1.0802e-08 0 1.17668e-08 0 1.27508e-08 0 1.37487e-08 0 1.47324e-08 0 1.5765e-08 0 1.67473e-08 0 1.7772e-08 0 1.88128e-08 0 1.98389e-08 0 2.08743e-08 0 2.19466e-08 0 2.29939e-08 0 2.40107e-08 0 2.5058e-08 0 2.61364e-08 0 2.71758e-08 0 2.82432e-08 0 2.92649e-08 0 3.03871e-08 0 3.1383e-08 0 3.24799e-08 0 3.35214e-08 0 3.45852e-08 0 3.56713e-08 0 3.6694e-08 0 3.77361e-08 0 3.87978e-08 0 3.98792e-08 0 4.09804e-08 0 4.20073e-08 0 4.30512e-08 0 4.4112e-08 0 4.51898e-08 0 4.62849e-08 0 4.72954e-08 0 4.83202e-08 0 4.93594e-08 0 5.0413e-08 0 5.14813e-08 0 5.25641e-08 0 5.35512e-08 0 5.46619e-08 0 5.56742e-08 0 5.66985e-08 0
86.7162 4.36328e-11 4.36167e-11 1.60526e-14 0.000367903 0.000537593 1.82035e-29 0 6.93541e-23 0 8.12592e-17 0 8.37759e-14 0 9.1045e-13 0 3.1809e-12 0 7.2707e-12 0 1.34415e-11 0 7.63895e-11 0 3.48221e-10 0 7.72484e-10 0 1.30742e-09 0 1.93125e-09 0 2.61568e-09 0 3.35621e-09 0 4.14668e-09 0 4.9568e-09 0 5.81036e-09 0 6.69173e-09 0 7.58414e-09 0 8.50002e-09 0 9.42865e-09 0 1.03761e-08 0 1.13345e-08 0 1.22958e-08 0 1.32723e-08 0 1.42589e-08 0 1.52279e-08 0 1.62419e-08 0 1.72035e-08 0 1.82038e-08 0 1.92169e-08 0 2.02131e-08 0 2.12158e-08 0 2.22517e-08 0 2.32612e-08 0 2.42391e-08 0 2.52444e-08 0 2.62774e-08 0 2.72711e-08 0 2.82897e-08 0 2.92629e-08 0 3.03301e-08 0 3.12756e-08 0 3.23153e-08 0 3.3301e-08 0 3.43062e-08 0 3.53311e-08 0 3.62948e-08 0 3.72754e-08 0 3.82731e-08 0 3.9288e-08 0 4.03202e-08 0 4.12817e-08 0 4.22578e-08 0 4.32486e-08 0 4.42542e-08 0 4.52747e-08 0 4.62153e-08 0 4.71684e-08 0 4.81339e-08 0 4.91118e-08 0 5.01023e-08 0 5.11053e-08 0 5.20187e-08 0 5.30457e-08 0 5.39808e-08 0 5.49262e-08 0
91.1674 4.13932e-11 4.138e-11 1.31949e-14 0.00031877 0.000488108 1.9449e-28 0 3.53596e-22 0 2.09413e-16 0 1.53862e-13 0 1.48826e-12 0 4.89157e-12 0 1.07385e-11 0 1.92658e-11 0 1.00585e-10 0 4.2579e-10 0 9.08544e-10 0 1.49874e-09 0 2.17215e-09 0 2.8988e-09 0 3.6746e-09 0 4.49357e-09 0 5.32505e-09 0 6.194e-09 0 7.08478e-09 0 7.98096e-09 0 8.89542e-09 0 9.81775e-09 0 1.07543e-08 0 1.16975e-08 0 1.26397e-08 0 1.35931e-08 0 1.4553e-08 0 1.54927e-08 0 1.6473e-08 0 1.73999e-08 0 1.83614e-08 0 1.93327e-08 0 2.02855e-08 0 2.12422e-08 0 2.22284e-08 0 2.31872e-08 0 2.41143e-08 0 2.50654e-08 0 2.60408e-08 0 2.69775e-08 0 2.79359e-08 0 2.88501e-08 0 2.98509e-08 0 3.07362e-08 0 3.17083e-08 0 3.26285e-08 0 3.35657e-08 0 3.45198e-08 0 3.54158e-08 0 3.63264e-08 0 3.72517e-08 0 3.81918e-08 0 3.91467e-08 0 4.00351e-08 0 4.09361e-08 0 4.18497e-08 0 4.2776e-08 0 4.37149e-08 0 4.45796e-08 0 4.54547e-08 0 4.63405e-08 0 4.72368e-08 0 4.81438e-08 0 4.90614e-08 0 4.98964e-08 0 5.08343e-08 0 5.16876e-08 0 5.25496e-08 0
95.847 3.92878e-11 3.92769e-11 1.08874e-14 0.000277119 0.000443684 1.82472e-27 0 1.6413e-21 0 5.07981e-16 0 2.7042e-13 0 2.34137e-12 0 7.26118e-12 0 1.53402e-11 0 2.67473e-11 0 1.28821e-10 0 5.08234e-10 0 1.0451e-09 0 1.68245e-09 0 2.39472e-09 0 3.15125e-09 0 3.9488e-09 0 4.78189e-09 0 5.62019e-09 0 6.48952e-09 0 7.3746e-09 0 8.25962e-09 0 9.15779e-09 0 1.00592e-08 0 1.09704e-08 0 1.18841e-08 0 1.27934e-08 0 1.37102e-08 0 1.46302e-08 0 1.5528e-08 0 1.64618e-08 0 1.73424e-08 0 1.82535e-08 0 1.91716e-08 0 2.007e-08 0 2.09701e-08 0 2.1896e-08 0 2.27943e-08 0 2.36612e-08 0 2.45489e-08 0 2.54577e-08 0 2.6329e-08 0 2.72189e-08 0 2.80665e-08 0 2.89929e-08 0 2.98112e-08 0 3.07085e-08 0 3.15566e-08 0 3.24192e-08 0 3.32964e-08 0 3.4119e-08 0 3.49541e-08 0 3.58016e-08 0 3.66618e-08 0 3.75344e-08 0 3.83455e-08 0 3.91671e-08 0 3.99994e-08 0 4.08424e-08 0 4.16961e-08 0 4.24814e-08 0 4.32756e-08 0 4.40787e-08 0 4.48907e-08 0 4.57116e-08 0 4.65414e-08 0 4.72958e-08 0 4.81426e-08 0 4.89124e-08 0 4.96894e-08 0
100.767 3.72779e-11 3.72689e-11 8.9561e-15 0.000240253 0.000402949 1.51173e-26 0 6.96254e-21 0 1.16239e-15 0 4.55449e-13 0 3.54896e-12 0 1.04145e-11 0 2.12132e-11 0 3.59971e-11 0 1.60563e-10 0 5.9243e-10 0 1.17616e-09 0 1.85002e-09 0 2.58839e-09 0 3.36093e-09 0 4.16565e-09 0 4.99785e-09 0 5.82819e-09 0 6.68299e-09 0 7.54762e-09 0 8.40723e-09 0 9.2751e-09 0 1.0142e-08 0 1.10145e-08 0 1.18861e-08 0 1.27502e-08 0 1.36186e-08 0 1.44871e-08 0 1.53323e-08 0 1.62089e-08 0 1.70334e-08 0 1.78843e-08 0 1.87398e-08 0 1.95751e-08 0 2.04102e-08 0 2.12675e-08 0 2.20976e-08 0 2.28972e-08 0 2.37147e-08 0 2.45502e-08 0 2.53497e-08 0 2.61652e-08 0 2.69408e-08 0 2.77872e-08 0 2.85338e-08 0 2.93514e-08 0 3.01232e-08 0 3.09071e-08 0 3.17033e-08 0 3.24492e-08 0 3.32054e-08 0 3.39722e-08 0 3.47494e-08 0 3.55372e-08 0 3.62686e-08 0 3.70088e-08 0 3.77578e-08 0 3.85158e-08 0 3.92826e-08 0 3.99875e-08 0 4.06997e-08 0 4.14193e-08 0 4.21462e-08 0 4.28805e-08 0 4.36222e-08 0 4.4296e-08 0 4.50517e-08 0 4.57381e-08 0 4.64305e-08 0
105.939 3.53594e-11 3.53521e-11 7.34765e-15 0.000207799 0.000365666 1.11266e-25 0 2.71112e-20 0 2.5162e-15 0 7.36592e-13 0 5.19223e-12 0 1.44566e-11 0 2.84412e-11 0 4.70324e-11 0 1.9502e-10 0 6.75167e-10 0 1.29637e-09 0 1.99464e-09 0 2.74554e-09 0 3.52008e-09 0 4.31774e-09 0 5.13484e-09 0 5.94359e-09 0 6.77041e-09 0 7.6016e-09 0 8.42347e-09 0 9.24917e-09 0 1.00703e-08 0 1.08934e-08 0 1.17125e-08 0 1.25219e-08 0 1.33325e-08 0 1.4141e-08 0 1.49255e-08 0 1.5737e-08 0 1.64984e-08 0 1.72825e-08 0 1.8069e-08 0 1.88353e-08 0 1.95999e-08 0 2.03833e-08 0 2.11405e-08 0 2.18687e-08 0 2.26119e-08 0 2.33701e-08 0 2.40948e-08 0 2.48328e-08 0 2.55336e-08 0 2.62975e-08 0 2.69704e-08 0 2.77063e-08 0 2.84002e-08 0 2.91042e-08 0 2.98183e-08 0 3.04865e-08 0 3.11634e-08 0 3.1849e-08 0 3.25432e-08 0 3.32461e-08 0 3.3898e-08 0 3.45572e-08 0 3.52237e-08 0 3.58975e-08 0 3.65786e-08 0 3.72042e-08 0 3.78357e-08 0 3.84733e-08 0 3.91169e-08 0 3.97665e-08 0 4.04221e-08 0 4.10174e-08 0 4.16844e-08 0 4.229e-08 0 4.29003e-08 0
111.377 3.35289e-11 3.35229e-11 6.01322e-15 0.000179344 0.000331586 7.31725e-25 0 9.73042e-20 0 5.16642e-15 0 1.14617e-12 0 7.3446e-12 0 1.94522e-11 0 3.70257e-11 0 5.97433e-11 0 2.31114e-10 0 7.53114e-10 0 1.40083e-09 0 2.11069e-09 0 2.86059e-09 0 3.62369e-09 0 4.40113e-09 0 5.19038e-09 0 5.96567e-09 0 6.75308e-09 0 7.54005e-09 0 8.31418e-09 0 9.08835e-09 0 9.855e-09 0 1.06205e-08 0 1.13797e-08 0 1.21273e-08 0 1.28739e-08 0 1.36164e-08 0 1.4335e-08 0 1.50765e-08 0 1.57705e-08 0 1.64838e-08 0 1.71976e-08 0 1.78919e-08 0 1.85833e-08 0 1.92904e-08 0 1.99727e-08 0 2.06277e-08 0 2.12953e-08 0 2.19754e-08 0 2.26243e-08 0 2.32844e-08 0 2.39104e-08 0 2.45917e-08 0 2.51912e-08 0 2.58461e-08 0 2.64629e-08 0 2.70879e-08 0 2.77213e-08 0 2.83134e-08 0 2.89125e-08 0 2.95187e-08 0 3.0132e-08 0 3.07523e-08 0 3.13271e-08 0 3.19079e-08 0 3.24946e-08 0 3.30873e-08 0 3.36858e-08 0 3.42351e-08 0 3.47893e-08 0 3.53483e-08 0 3.59122e-08 0 3.6481e-08 0 3.70546e-08 0 3.7575e-08 0 3.81579e-08 0 3.86866e-08 0 3.92192e-08 0
117.094 3.17992e-11 3.17943e-11 4.92896e-15 0.000155003 0.000300779 4.32565e-24 0 3.23348e-19 0 1.00933e-14 0 1.72007e-12 0 1.00665e-11 0 2.54231e-11 0 4.6894e-11 0 7.39198e-11 0 2.67689e-10 0 8.23501e-10 0 1.48621e-09 0 2.19524e-09 0 2.93169e-09 0 3.67157e-09 0 4.41767e-09 0 5.16869e-09 0 5.90114e-09 0 6.64043e-09 0 7.37525e-09 0 8.09457e-09 0 8.81078e-09 0 9.51724e-09 0 1.02201e-08 0 1.09148e-08 0 1.15968e-08 0 1.2276e-08 0 1.29496e-08 0 1.36e-08 0 1.42695e-08 0 1.48949e-08 0 1.55361e-08 0 1.61768e-08 0 1.67986e-08 0 1.74168e-08 0 1.80479e-08 0 1.8656e-08 0 1.92389e-08 0 1.9832e-08 0 2.04354e-08 0 2.10105e-08 0 2.15946e-08 0 2.21479e-08 0 2.27494e-08 0 2.3278e-08 0 2.38548e-08 0 2.43975e-08 0 2.49469e-08 0 2.5503e-08 0 2.60223e-08 0 2.65474e-08 0 2.70781e-08 0 2.76146e-08 0 2.81568e-08 0 2.86588e-08 0 2.91656e-08 0 2.96771e-08 0 3.01934e-08 0 3.07145e-08 0 3.11923e-08 0 3.1674e-08 0 3.21596e-08 0 3.26491e-08 0 3.31425e-08 0 3.36398e-08 0 3.40906e-08 0 3.45953e-08 0 3.50528e-08 0 3.55134e-08 0
123.105 3.01805e-11 3.01764e-11 4.07009e-15 0.000134858 0.000273457 2.3118e-23 0 9.99129e-19 0 1.8817e-14 0 2.49526e-12 0 1.33963e-11 0 3.23366e-11 0 5.78901e-11 0 8.92489e-11 0 3.03538e-10 0 8.84064e-10 0 1.55042e-09 0 2.24723e-09 0 2.95949e-09 0 3.66641e-09 0 4.37242e-09 0 5.07739e-09 0 5.76026e-09 0 6.44549e-09 0 7.12305e-09 0 7.78327e-09 0 8.43793e-09 0 9.08127e-09 0 9.71916e-09 0 1.03477e-08 0 1.09629e-08 0 1.1574e-08 0 1.21785e-08 0 1.27608e-08 0 1.33589e-08 0 1.39165e-08 0 1.44871e-08 0 1.50561e-08 0 1.56075e-08 0 1.61547e-08 0 1.67126e-08 0 1.72491e-08 0 1.77628e-08 0 1.82848e-08 0 1.88151e-08 0 1.93198e-08 0 1.98319e-08 0 2.03164e-08 0 2.08425e-08 0 2.13044e-08 0 2.18079e-08 0 2.22811e-08 0 2.27596e-08 0 2.32436e-08 0 2.36952e-08 0 2.41513e-08 0 2.4612e-08 0 2.50773e-08 0 2.55471e-08 0 2.59818e-08 0 2.64202e-08 0 2.68625e-08 0 2.73085e-08 0 2.77583e-08 0 2.81705e-08 0 2.85859e-08 0 2.90043e-08 0 2.94257e-08 0 2.98503e-08 0 3.0278e-08 0 3.06655e-08 0 3.10989e-08 0 3.14917e-08 0 3.18869e-08 0
129.424 2.86379e-11 2.86346e-11 3.35007e-15 0.00011698 0.000248374 1.12153e-22 0 2.87837e-18 0 3.3524e-14 0 3.50178e-12 0 1.73191e-11 0 4.00455e-11 0 6.96821e-11 0 1.05183e-10 0 3.37007e-10 0 9.31813e-10 0 1.59027e-09 0 2.26403e-09 0 2.94236e-09 0 3.60791e-09 0 4.26656e-09 0 4.91925e-09 0 5.54744e-09 0 6.17433e-09 0 6.79117e-09 0 7.38962e-09 0 7.98075e-09 0 8.55961e-09 0 9.13173e-09 0 9.69376e-09 0 1.02425e-08 0 1.07861e-08 0 1.13226e-08 0 1.18382e-08 0 1.23668e-08 0 1.28586e-08 0 1.3361e-08 0 1.38612e-08 0 1.4345e-08 0 1.48245e-08 0 1.53125e-08 0 1.57812e-08 0 1.62294e-08 0 1.66842e-08 0 1.71457e-08 0 1.75845e-08 0 1.80291e-08 0 1.84493e-08 0 1.89051e-08 0 1.93049e-08 0 1.97402e-08 0 2.0149e-08 0 2.05621e-08 0 2.09794e-08 0 2.13684e-08 0 2.17611e-08 0 2.21574e-08 0 2.25573e-08 0 2.29609e-08 0 2.33339e-08 0 2.37099e-08 0 2.4089e-08 0 2.4471e-08 0 2.4856e-08 0 2.52085e-08 0 2.55635e-08 0 2.5921e-08 0 2.62808e-08 0 2.66431e-08 0 2.70078e-08 0 2.73381e-08 0 2.77073e-08 0 2.80417e-08 0 2.8378e-08 0
136.067 2.71649e-11 2.71621e-11 2.74974e-15 0.000101224 0.000225412 4.96142e-22 0 7.75644e-18 0 5.71931e-14 0 4.76109e-12 0 2.17798e-11 0 4.83408e-11 0 8.18736e-11 0 1.21129e-10 0 3.66692e-10 0 9.65026e-10 0 1.60494e-09 0 2.24639e-09 0 2.88297e-09 0 3.50082e-09 0 4.10701e-09 0 4.70341e-09 0 5.27399e-09 0 5.84042e-09 0 6.3952e-09 0 6.93126e-09 0 7.45883e-09 0 7.97376e-09 0 8.48115e-09 0 8.97822e-09 0 9.46227e-09 0 9.94068e-09 0 1.04118e-08 0 1.08637e-08 0 1.13261e-08 0 1.17554e-08 0 1.21934e-08 0 1.26286e-08 0 1.3049e-08 0 1.3465e-08 0 1.38878e-08 0 1.42934e-08 0 1.46807e-08 0 1.50733e-08 0 1.54713e-08 0 1.58491e-08 0 1.62316e-08 0 1.65928e-08 0 1.69842e-08 0 1.73271e-08 0 1.77002e-08 0 1.80502e-08 0 1.84036e-08 0 1.87604e-08 0 1.90927e-08 0 1.94278e-08 0 1.97658e-08 0 2.01067e-08 0 2.04503e-08 0 2.07678e-08 0 2.10876e-08 0 2.14098e-08 0 2.17343e-08 0 2.20611e-08 0 2.23602e-08 0 2.26612e-08 0 2.29641e-08 0 2.32689e-08 0 2.35755e-08 0 2.38841e-08 0 2.41634e-08 0 2.44754e-08 0 2.47579e-08 0 2.50418e-08 0
143.051 2.57577e-11 2.57554e-11 2.2515e-15 8.74109e-05 0.000204432 2.0104e-21 0 1.96141e-17 0 9.36296e-14 0 6.28084e-12 0 2.66766e-11 0 5.69502e-11 0 9.4008e-11 0 1.36451e-10 0 3.91392e-10 0 9.82827e-10 0 1.59495e-09 0 2.19671e-09 0 2.78584e-09 0 3.35182e-09 0 3.9026e-09 0 4.44085e-09 0 4.95287e-09 0 5.4587e-09 0 5.95198e-09 0 6.42679e-09 0 6.89249e-09 0 7.34562e-09 0 7.79087e-09 0 8.22592e-09 0 8.64857e-09 0 9.06537e-09 0 9.47499e-09 0 9.86714e-09 0 1.02676e-08 0 1.06389e-08 0 1.10171e-08 0 1.13923e-08 0 1.17542e-08 0 1.21118e-08 0 1.24748e-08 0 1.28227e-08 0 1.31544e-08 0 1.34903e-08 0 1.38304e-08 0 1.4153e-08 0 1.44792e-08 0 1.4787e-08 0 1.51202e-08 0 1.54119e-08 0 1.5729e-08 0 1.60262e-08 0 1.63261e-08 0 1.66286e-08 0 1.69101e-08 0 1.71939e-08 0 1.74799e-08 0 1.7768e-08 0 1.80584e-08 0 1.83265e-08 0 1.85964e-08 0 1.88681e-08 0 1.91416e-08 0 1.94169e-08 0 1.96687e-08 0 1.9922e-08 0 2.01767e-08 0 2.04329e-08 0 2.06906e-08 0 2.09497e-08 0 2.11841e-08 0 2.14459e-08 0 2.16828e-08 0 2.19208e-08 0
150.394 2.44215e-11 2.44197e-11 1.8403e-15 7.53554e-05 0.000185274 7.49581e-21 0 4.67016e-17 0 1.47421e-13 0 8.05356e-12 0 3.18746e-11 0 6.55757e-11 0 1.05633e-10 0 1.50567e-10 0 4.10312e-10 0 9.85461e-10 0 1.56247e-09 0 2.11934e-09 0 2.6576e-09 0 3.16972e-09 0 3.6643e-09 0 4.14457e-09 0 4.599e-09 0 5.04587e-09 0 5.4799e-09 0 5.89618e-09 0 6.30317e-09 0 6.69802e-09 0 7.08498e-09 0 7.46216e-09 0 7.82777e-09 0 8.18758e-09 0 8.54051e-09 0 8.87779e-09 0 9.22167e-09 0 9.53997e-09 0 9.86366e-09 0 1.01844e-08 0 1.04933e-08 0 1.07983e-08 0 1.11074e-08 0 1.14033e-08 0 1.16851e-08 0 1.19702e-08 0 1.22586e-08 0 1.25319e-08 0 1.2808e-08 0 1.30683e-08 0 1.33498e-08 0 1.35961e-08 0 1.38636e-08 0 1.41141e-08 0 1.43667e-08 0 1.46213e-08 0 1.48581e-08 0 1.50966e-08 0 1.53368e-08 0 1.55787e-08 0 1.58223e-08 0 1.60471e-08 0 1.62733e-08 0 1.65008e-08 0 1.67298e-08 0 1.69601e-08 0 1.71707e-08 0 1.73823e-08 0 1.75952e-08 0 1.78091e-08 0 1.80241e-08 0 1.82403e-08 0 1.84357e-08 0 1.86539e-08 0 1.88513e-08 0 1.90495e-08 0
158.114 2.31796e-11 2.31781e-11 1.52064e-15 6.56027e-05 0.000168464 2.58513e-20 0 1.05131e-16 0 2.23931e-13 0 1.00628e-11 0 3.72411e-11 0 7.3968e-11 0 1.16417e-10 0 1.63099e-10 0 4.2335e-10 0 9.74705e-10 0 1.51173e-09 0 2.02107e-09 0 2.50748e-09 0 2.96608e-09 0 3.4058e-09 0 3.83026e-09 0 4.22987e-09 0 4.62115e-09 0 4.99974e-09 0 5.36164e-09 0 5.71439e-09 0 6.05571e-09 0 6.38937e-09 0 6.71387e-09 0 7.02776e-09 0 7.33608e-09 0 7.63795e-09 0 7.92596e-09 0 8.21915e-09 0 8.49014e-09 0 8.76533e-09 0 9.03765e-09 0 9.29964e-09 0 9.55792e-09 0 9.81948e-09 0 1.00695e-08 0 1.03075e-08 0 1.0548e-08 0 1.0791e-08 0 1.10211e-08 0 1.12534e-08 0 1.14722e-08 0 1.17086e-08 0 1.19153e-08 0 1.21396e-08 0 1.23496e-08 0 1.25611e-08 0 1.27742e-08 0 1.29723e-08 0 1.31717e-08 0 1.33723e-08 0 1.35743e-08 0 1.37776e-08 0 1.3965e-08 0 1.41535e-08 0 1.43431e-08 0 1.45338e-08 0 1.47254e-08 0 1.49006e-08 0 1.50766e-08 0 1.52535e-08 0 1.54312e-08 0 1.56098e-08 0 1.57892e-08 0 1.59514e-08 0 1.61323e-08 0 1.62959e-08 0 1.64602e-08 0
166.23 2.19945e-11 2.19932e-11 1.25239e-15 5.69411e-05 0.000153032 8.26706e-20 0 2.2407e-16 0 3.28293e-13 0 1.22516e-11 0 4.25374e-11 0 8.17091e-11 0 1.25792e-10 0 1.73369e-10 0 4.29685e-10 0 9.50429e-10 0 1.44363e-09 0 1.90379e-09 0 2.33826e-09 0 2.74442e-09 0 3.13123e-09 0 3.50253e-09 0 3.85047e-09 0 4.18979e-09 0 4.51693e-09 0 4.82867e-09 0 5.13169e-09 0 5.42414e-09 0 5.70938e-09 0 5.98619e-09 0 6.25344e-09 0 6.51547e-09 0 6.7716e-09 0 7.01559e-09 0 7.2636e-09 0 7.49252e-09 0 7.72469e-09 0 7.95417e-09 0 8.17469e-09 0 8.39184e-09 0 8.61153e-09 0 8.82132e-09 0 9.02081e-09 0 9.22224e-09 0 9.42561e-09 0 9.61801e-09 0 9.81208e-09 0 9.9947e-09 0 1.0192e-08 0 1.03642e-08 0 1.05511e-08 0 1.07259e-08 0 1.09019e-08 0 1.10791e-08 0 1.12437e-08 0 1.14093e-08 0 1.15759e-08 0 1.17434e-08 0 1.1912e-08 0 1.20673e-08 0 1.22235e-08 0 1.23805e-08 0 1.25382e-08 0 1.26968e-08 0 1.28416e-08 0 1.29871e-08 0 1.31332e-08 0 1.328e-08 0 1.34274e-08 0 1.35754e-08 0 1.37092e-08 0 1.38584e-08 0 1.39932e-08 0 1.41285e-08 0
174.763 2.08624e-11 2.08613e-11 1.02853e-15 4.93008e-05 0.000138902 2.46036e-19 0 4.53331e-16 0 4.65289e-13 0 1.45519e-11 0 4.75489e-11 0 8.84781e-11 0 1.33386e-10 0 1.80995e-10 0 4.29332e-10 0 9.14253e-10 0 1.36152e-09 0 1.77241e-09 0 2.15625e-09 0 2.51221e-09 0 2.84907e-09 0 3.17075e-09 0 3.47088e-09 0 3.76246e-09 0 4.04265e-09 0 4.30887e-09 0 4.56697e-09 0 4.81548e-09 0 5.05734e-09 0 5.2916e-09 0 5.51735e-09 0 5.73833e-09 0 5.954e-09 0 6.15915e-09 0 6.3674e-09 0 6.55937e-09 0 6.75385e-09 0 6.94585e-09 0 7.13015e-09 0 7.31147e-09 0 7.49472e-09 0 7.66955e-09 0 7.83565e-09 0 8.00324e-09 0 8.1723e-09 0 8.33211e-09 0 8.4932e-09 0 8.64469e-09 0 8.8082e-09 0 8.95091e-09 0 9.10563e-09 0 9.25024e-09 0 9.39577e-09 0 9.54218e-09 0 9.67813e-09 0 9.81483e-09 0 9.95228e-09 0 1.00905e-08 0 1.02294e-08 0 1.03574e-08 0 1.0486e-08 0 1.06152e-08 0 1.0745e-08 0 1.08754e-08 0 1.09945e-08 0 1.1114e-08 0 1.12341e-08 0 1.13546e-08 0 1.14756e-08 0 1.15971e-08 0 1.17068e-08 0 1.18292e-08 0 1.19397e-08 0 1.20506e-08 0
183.733 1.97815e-11 1.97806e-11 8.42536e-16 4.25922e-05 0.000125983 6.83808e-19 0 8.72811e-16 0 6.38566e-13 0 1.68821e-11 0 5.20698e-11 0 9.40081e-11 0 1.38927e-10 0 1.85747e-10 0 4.22643e-10 0 8.68203e-10 0 1.269e-09 0 1.6319e-09 0 1.96752e-09 0 2.27643e-09 0 2.56706e-09 0 2.84323e-09 0 3.09985e-09 0 3.34829e-09 0 3.58629e-09 0 3.8118e-09 0 4.02991e-09 0 4.23945e-09 0 4.44299e-09 0 4.63976e-09 0 4.82907e-09 0 5.0141e-09 0 5.19441e-09 0 5.3657e-09 0 5.53936e-09 0 5.69927e-09 0 5.86108e-09 0 6.02066e-09 0 6.1737e-09 0 6.32411e-09 0 6.47599e-09 0 6.62077e-09 0 6.75821e-09 0 6.89678e-09 0 7.03645e-09 0 7.1684e-09 0 7.30131e-09 0 7.42622e-09 0 7.56095e-09 0 7.67848e-09 0 7.80582e-09 0 7.92478e-09 0 8.04442e-09 0 8.16473e-09 0 8.27638e-09 0 8.3886e-09 0 8.50138e-09 0 8.61472e-09 0 8.72861e-09 0 8.83349e-09 0 8.93882e-09 0 9.04461e-09 0 9.15085e-09 0 9.25753e-09 0 9.3549e-09 0 9.45264e-09 0 9.55073e-09 0 9.64919e-09 0 9.748e-09 0 9.84716e-09 0 9.93671e-09 0 1.00365e-08 0 1.01267e-08 0 1.02171e-08 0
193.164 1.8752e-11 1.87514e-11 6.88532e-16 3.67177e-05 0.000114175 1.78097e-18 0 1.60323e-15 0 8.50036e-13 0 1.91538e-11 0 5.59236e-11 0 9.811e-11 0 1.42272e-10 0 1.87569e-10 0 4.10273e-10 0 8.1457e-10 0 1.16977e-09 0 1.48701e-09 0 1.77767e-09 0 2.04334e-09 0 2.2919e-09 0 2.52704e-09 0 2.74468e-09 0 2.95471e-09 0 3.15533e-09 0 3.34496e-09 0 3.52793e-09 0 3.70337e-09 0 3.87346e-09 0 4.03763e-09 0 4.19532e-09 0 4.34922e-09 0 4.499e-09 0 4.64112e-09 0 4.78503e-09 0 4.91739e-09 0 5.05121e-09 0 5.18305e-09 0 5.30936e-09 0 5.4334e-09 0 5.55856e-09 0 5.67776e-09 0 5.79084e-09 0 5.90476e-09 0 6.01952e-09 0 6.12786e-09 0 6.23692e-09 0 6.33935e-09 0 6.44978e-09 0 6.54605e-09 0 6.6503e-09 0 6.74765e-09 0 6.8455e-09 0 6.94385e-09 0 7.03508e-09 0 7.12674e-09 0 7.21881e-09 0 7.3113e-09 0 7.40419e-09 0 7.48971e-09 0 7.57556e-09 0 7.66175e-09 0 7.74828e-09 0 7.83514e-09 0 7.91439e-09 0 7.9939e-09 0 8.07369e-09 0 8.15374e-09 0 8.23406e-09 0 8.31463e-09 0 8.38738e-09 0 8.46845e-09 0 8.54163e-09 0 8.61503e-09 0
203.079 1.7795e-11 1.77944e-11 5.67824e-16 3.19092e-05 0.000103744 4.36615e-18 0 2.81965e-15 0 1.10058e-12 0 2.13031e-11 0 5.90401e-11 0 1.00793e-10 0 1.43562e-10 0 1.86768e-10 0 3.93523e-10 0 7.5654e-10 0 1.06846e-09 0 1.34351e-09 0 1.59332e-09 0 1.82016e-09 0 2.0313e-09 0 2.23019e-09 0 2.41364e-09 0 2.59013e-09 0 2.75827e-09 0 2.91682e-09 0 3.0695e-09 0 3.2156e-09 0 3.35701e-09 0 3.49328e-09 0 3.624e-09 0 3.75139e-09 0 3.87523e-09 0 3.99259e-09 0 4.1113e-09 0 4.22039e-09 0 4.33057e-09 0 4.43902e-09 0 4.54284e-09 0 4.64471e-09 0 4.74741e-09 0 4.84517e-09 0 4.93783e-09 0 5.03113e-09 0 5.12505e-09 0 5.21367e-09 0 5.30282e-09 0 5.38651e-09 0 5.47668e-09 0 5.55525e-09 0 5.6403e-09 0 5.71967e-09 0 5.79942e-09 0 5.87954e-09 0 5.95383e-09 0 6.02843e-09 0 6.10335e-09 0 6.17857e-09 0 6.25409e-09 0 6.32359e-09 0 6.39334e-09 0 6.46334e-09 0 6.53359e-09 0 6.60408e-09 0 6.66838e-09 0 6.73288e-09 0 6.79757e-09 0 6.86246e-09 0 6.92755e-09 0 6.99283e-09 0 7.05175e-09 0 7.11739e-09 0 7.17663e-09 0 7.23603e-09 0
213.503 1.68847e-11 1.68842e-11 4.67956e-16 2.77148e-05 9.42564e-05 1.00939e-17 0 4.75285e-15 0 1.38632e-12 0 2.32235e-11 0 6.1253e-11 0 1.01901e-10 0 1.42689e-10 0 1.83303e-10 0 3.72782e-10 0 6.95167e-10 0 9.6645e-10 0 1.20282e-09 0 1.41574e-09 0 1.60792e-09 0 1.78595e-09 0 1.95299e-09 0 2.10655e-09 0 2.25388e-09 0 2.39388e-09 0 2.52562e-09 0 2.65222e-09 0 2.77317e-09 0 2.89005e-09 0 3.00252e-09 0 3.11025e-09 0 3.21513e-09 0 3.31695e-09 0 3.41335e-09 0 3.51077e-09 0 3.6002e-09 0 3.69045e-09 0 3.77921e-09 0 3.86412e-09 0 3.94737e-09 0 4.03124e-09 0 4.11102e-09 0 4.18659e-09 0 4.26264e-09 0 4.33915e-09 0 4.4113e-09 0 4.48384e-09 0 4.55191e-09 0 4.62521e-09 0 4.68905e-09 0 4.75813e-09 0 4.82256e-09 0 4.88728e-09 0 4.95227e-09 0 5.01251e-09 0 5.07297e-09 0 5.13367e-09 0 5.1946e-09 0 5.25575e-09 0 5.312e-09 0 5.36843e-09 0 5.42505e-09 0 5.48186e-09 0 5.53884e-09 0 5.5908e-09 0 5.64291e-09 0 5.69516e-09 0 5.74756e-09 0 5.8001e-09 0 5.85278e-09 0 5.90032e-09 0 5.95327e-09 0 6.00105e-09 0 6.04893e-09 0
224.463 1.60159e-11 1.60155e-11 3.84523e-16 2.40089e-05 8.55618e-05 2.2064e-17 0 7.69271e-15 0 1.70079e-12 0 2.48344e-11 0 6.24929e-11 0 1.01444e-10 0 1.39773e-10 0 1.77422e-10 0 3.48925e-10 0 6.32225e-10 0 8.65993e-10 0 1.06741e-09 0 1.24748e-09 0 1.40908e-09 0 1.55812e-09 0 1.69745e-09 0 1.82515e-09 0 1.94735e-09 0 2.06321e-09 0 2.172e-09 0 2.27637e-09 0 2.37592e-09 0 2.47198e-09 0 2.56429e-09 0 2.65261e-09 0 2.73848e-09 0 2.82177e-09 0 2.90055e-09 0 2.98008e-09 0 3.05303e-09 0 3.12659e-09 0 3.19889e-09 0 3.26799e-09 0 3.3357e-09 0 3.40388e-09 0 3.46868e-09 0 3.53003e-09 0 3.59174e-09 0 3.65378e-09 0 3.71226e-09 0 3.77104e-09 0 3.82616e-09 0 3.88549e-09 0 3.93714e-09 0 3.993e-09 0 4.04509e-09 0 4.09739e-09 0 4.14989e-09 0 4.19853e-09 0 4.24734e-09 0 4.29632e-09 0 4.34547e-09 0 4.39478e-09 0 4.44013e-09 0 4.48561e-09 0 4.53123e-09 0 4.57698e-09 0 4.62287e-09 0 4.6647e-09 0 4.70663e-09 0 4.74868e-09 0 4.79083e-09 0 4.83308e-09 0 4.87544e-09 0 4.91365e-09 0 4.95621e-09 0 4.9946e-09 0 5.03307e-09 0
235.984 1.51867e-11 1.51864e-11 3.15129e-16 2.07503e-05 7.76074e-05 4.57259e-17 0 1.19792e-14 0 2.03489e-12 0 2.60753e-11 0 6.27507e-11 0 9.95186e-11 0 1.35038e-10 0 1.69482e-10 0 3.22906e-10 0 5.69405e-10 0 7.69109e-10 0 9.39393e-10 0 1.09055e-09 0 1.2255e-09 0 1.34945e-09 0 1.46493e-09 0 1.57047e-09 0 1.67123e-09 0 1.76655e-09 0 1.8559e-09 0 1.94147e-09 0 2.02297e-09 0 2.10151e-09 0 2.17688e-09 0 2.24892e-09 0 2.31889e-09 0 2.38669e-09 0 2.45075e-09 0 2.51538e-09 0 2.57462e-09 0 2.6343e-09 0 2.69292e-09 0 2.74891e-09 0 2.80374e-09 0 2.85891e-09 0 2.91132e-09 0 2.96092e-09 0 3.01078e-09 0 3.06089e-09 0 3.10809e-09 0 3.15551e-09 0 3.19997e-09 0 3.2478e-09 0 3.28942e-09 0 3.33442e-09 0 3.37637e-09 0 3.41846e-09 0 3.46071e-09 0 3.49984e-09 0 3.53909e-09 0 3.57846e-09 0 3.61796e-09 0 3.65758e-09 0 3.69401e-09 0 3.73053e-09 0 3.76715e-09 0 3.80387e-09 0 3.84069e-09 0 3.87424e-09 0 3.90787e-09 0 3.94158e-09 0 3.97537e-09 0 4.00924e-09 0 4.04318e-09 0 4.07379e-09 0 4.10787e-09 0 4.13861e-09 0 4.16941e-09 0
248.097 1.43953e-11 1.43951e-11 2.57663e-16 1.78991e-05 7.03465e-05 9.0073e-17 0 1.798e-14 0 2.37708e-12 0 2.6905e-11 0 6.20618e-11 0 9.62787e-11 0 1.28762e-10 0 1.59883e-10 0 2.95623e-10 0 5.08112e-10 0 6.77335e-10 0 8.20238e-10 0 9.4626e-10 0 1.05822e-09 0 1.16066e-09 0 1.25581e-09 0 1.34254e-09 0 1.42516e-09 0 1.50317e-09 0 1.57616e-09 0 1.64597e-09 0 1.71235e-09 0 1.77625e-09 0 1.8375e-09 0 1.89598e-09 0 1.95273e-09 0 2.00767e-09 0 2.05954e-09 0 2.11183e-09 0 2.15972e-09 0 2.20794e-09 0 2.25527e-09 0 2.30045e-09 0 2.34466e-09 0 2.38913e-09 0 2.43135e-09 0 2.47129e-09 0 2.51141e-09 0 2.55172e-09 0 2.58968e-09 0 2.6278e-09 0 2.66352e-09 0 2.70193e-09 0 2.73535e-09 0 2.77147e-09 0 2.80512e-09 0 2.83889e-09 0 2.87276e-09 0 2.90412e-09 0 2.93558e-09 0 2.96712e-09 0 2.99875e-09 0 3.03048e-09 0 3.05963e-09 0 3.08886e-09 0 3.11816e-09 0 3.14753e-09 0 3.17697e-09 0 3.2038e-09 0 3.23068e-09 0 3.25762e-09 0 3.28462e-09 0 3.31167e-09 0 3.33878e-09 0 3.36322e-09 0 3.39043e-09 0 3.41497e-09 0 3.43955e-09 0
260.832 1.36557e-11 1.36555e-11 2.11914e-16 1.55183e-05 6.38627e-05 1.69257e-16 0 2.60878e-14 0 2.71742e-12 0 2.73358e-11 0 6.05723e-11 0 9.2025e-11 0 1.21397e-10 0 1.49217e-10 0 2.68204e-10 0 4.49988e-10 0 5.9246e-10 0 7.11695e-10 0 8.16207e-10 0 9.0864e-10 0 9.92917e-10 0 1.07097e-09 0 1.14195e-09 0 1.20941e-09 0 1.27301e-09 0 1.33242e-09 0 1.38916e-09 0 1.44305e-09 0 1.49486e-09 0 1.54447e-09 0 1.59179e-09 0 1.63768e-09 0 1.68206e-09 0 1.72393e-09 0 1.76611e-09 0 1.80471e-09 0 1.84356e-09 0 1.88167e-09 0 1.91802e-09 0 1.95359e-09 0 1.98933e-09 0 2.02326e-09 0 2.05534e-09 0 2.08755e-09 0 2.1199e-09 0 2.15034e-09 0 2.18091e-09 0 2.20954e-09 0 2.24032e-09 0 2.26709e-09 0 2.29601e-09 0 2.32295e-09 0 2.34997e-09 0 2.37707e-09 0 2.40216e-09 0 2.42731e-09 0 2.45253e-09 0 2.47781e-09 0 2.50316e-09 0 2.52645e-09 0 2.54979e-09 0 2.57318e-09 0 2.59663e-09 0 2.62013e-09 0 2.64153e-09 0 2.66298e-09 0 2.68447e-09 0 2.706e-09 0 2.72757e-09 0 2.74918e-09 0 2.76866e-09 0 2.79035e-09 0 2.8099e-09 0 2.82948e-09 0
274.221 1.29568e-11 1.29566e-11 1.7476e-16 1.34879e-05 5.80331e-05 3.03942e-16 0 3.6632e-14 0 3.04168e-12 0 2.73556e-11 0 5.83509e-11 0 8.69139e-11 0 1.13177e-10 0 1.37788e-10 0 2.41133e-10 0 3.95473e-10 0 5.14648e-10 0 6.13556e-10 0 6.99764e-10 0 7.75692e-10 0 8.44696e-10 0 9.08431e-10 0 9.66265e-10 0 1.02113e-09 0 1.07277e-09 0 1.12093e-09 0 1.16687e-09 0 1.21046e-09 0 1.25232e-09 0 1.29236e-09 0 1.33053e-09 0 1.3675e-09 0 1.40323e-09 0 1.43692e-09 0 1.47084e-09 0 1.50186e-09 0 1.53306e-09 0 1.56365e-09 0 1.59282e-09 0 1.62134e-09 0 1.65e-09 0 1.67718e-09 0 1.70287e-09 0 1.72866e-09 0 1.75454e-09 0 1.7789e-09 0 1.80334e-09 0 1.82623e-09 0 1.85084e-09 0 1.87222e-09 0 1.89532e-09 0 1.91683e-09 0 1.9384e-09 0 1.96003e-09 0 1.98005e-09 0 2.00011e-09 0 2.02022e-09 0 2.04038e-09 0 2.06058e-09 0 2.07914e-09 0 2.09774e-09 0 2.11638e-09 0 2.13505e-09 0 2.15376e-09 0 2.17081e-09 0 2.18788e-09 0 2.20498e-09 0 2.22211e-09 0 2.23927e-09 0 2.25646e-09 0 2.27196e-09 0 2.2892e-09 0 2.30475e-09 0 2.32032e-09 0
288.297 1.22895e-11 1.22894e-11 1.43685e-16 1.16917e-05 5.26865e-05 5.22457e-16 0 4.98329e-14 0 3.33529e-12 0 2.69697e-11 0 5.54894e-11 0 8.11199e-11 0 1.04345e-10 0 1.25892e-10 0 2.14835e-10 0 3.44882e-10 0 4.43918e-10 0 5.25479e-10 0 5.96198e-10 0 6.58246e-10 0 7.14467e-10 0 7.66269e-10 0 8.13178e-10 0 8.57605e-10 0 8.9935e-10 0 9.38239e-10 0 9.75287e-10 0 1.0104e-09 0 1.04409e-09 0 1.07629e-09 0 1.10695e-09 0 1.13663e-09 0 1.16531e-09 0 1.19232e-09 0 1.2195e-09 0 1.24434e-09 0 1.26932e-09 0 1.29379e-09 0 1.31712e-09 0 1.33992e-09 0 1.36281e-09 0 1.38452e-09 0 1.40503e-09 0 1.42562e-09 0 1.44627e-09 0 1.4657e-09 0 1.48519e-09 0 1.50343e-09 0 1.52304e-09 0 1.54007e-09 0 1.55847e-09 0 1.5756e-09 0 1.59277e-09 0 1.60998e-09 0 1.62591e-09 0 1.64187e-09 0 1.65786e-09 0 1.67389e-09 0 1.68995e-09 0 1.7047e-09 0 1.71948e-09 0 1.73429e-09 0 1.74912e-09 0 1.76398e-09 0 1.77752e-09 0 1.79107e-09 0 1.80465e-09 0 1.81825e-09 0 1.83186e-09 0 1.8455e-09 0 1.8578e-09 0 1.87148e-09 0 1.88381e-09 0 1.89615e-09 0
303.095 1.16526e-11 1.16525e-11 1.17817e-16 1.01108e-05 4.77924e-05 8.61487e-16 0 6.57765e-14 0 3.58634e-12 0 2.62153e-11 0 5.21261e-11 0 7.48673e-11 0 9.51946e-11 0 1.13876e-10 0 1.89771e-10 0 2.98573e-10 0 3.80373e-10 0 4.47259e-10 0 5.04978e-10 0 5.55439e-10 0 6.01037e-10 0 6.42955e-10 0 6.80844e-10 0 7.16671e-10 0 7.50288e-10 0 7.81567e-10 0 8.11334e-10 0 8.39517e-10 0 8.66533e-10 0 8.92336e-10 0 9.16888e-10 0 9.4064e-10 0 9.63568e-10 0 9.85158e-10 0 1.00687e-09 0 1.0267e-09 0 1.04663e-09 0 1.06615e-09 0 1.08475e-09 0 1.10292e-09 0 1.12116e-09 0 1.13845e-09 0 1.15478e-09 0 1.17116e-09 0 1.18759e-09 0 1.20305e-09 0 1.21854e-09 0 1.23304e-09 0 1.24862e-09 0 1.26216e-09 0 1.27677e-09 0 1.29038e-09 0 1.30401e-09 0 1.31767e-09 0 1.33031e-09 0 1.34297e-09 0 1.35566e-09 0 1.36837e-09 0 1.38111e-09 0 1.3928e-09 0 1.40452e-09 0 1.41626e-09 0 1.42801e-09 0 1.43978e-09 0 1.45051e-09 0 1.46124e-09 0 1.47199e-09 0 1.48276e-09 0 1.49354e-09 0 1.50434e-09 0 1.51407e-09 0 1.5249e-09 0 1.53465e-09 0 1.54442e-09 0
318.653 1.10448e-11 1.10447e-11 9.63804e-17 8.7263e-06 4.33238e-05 1.36538e-15 0 8.43631e-14 0 3.78512e-12 0 2.51417e-11 0 4.84019e-11 0 6.83668e-11 0 8.59851e-11 0 1.02035e-10 0 1.6628e-10 0 2.56708e-10 0 3.2389e-10 0 3.78463e-10 0 4.25347e-10 0 4.66204e-10 0 5.03029e-10 0 5.36814e-10 0 5.67298e-10 0 5.96081e-10 0 6.23054e-10 0 6.48124e-10 0 6.71957e-10 0 6.94503e-10 0 7.16097e-10 0 7.36707e-10 0 7.56305e-10 0 7.75251e-10 0 7.9353e-10 0 8.10734e-10 0 8.28023e-10 0 8.43814e-10 0 8.59673e-10 0 8.752e-10 0 8.89987e-10 0 9.04428e-10 0 9.18919e-10 0 9.32651e-10 0 9.45615e-10 0 9.58618e-10 0 9.71658e-10 0 9.83916e-10 0 9.96206e-10 0 1.00771e-09 0 1.02006e-09 0 1.03078e-09 0 1.04236e-09 0 1.05314e-09 0 1.06393e-09 0 1.07475e-09 0 1.08476e-09 0 1.09478e-09 0 1.10482e-09 0 1.11488e-09 0 1.12496e-09 0 1.13421e-09 0 1.14348e-09 0 1.15276e-09 0 1.16205e-09 0 1.17136e-09 0 1.17983e-09 0 1.18832e-09 0 1.19681e-09 0 1.20532e-09 0 1.21384e-09 0 1.22237e-09 0 1.23005e-09 0 1.2386e-09 0 1.2463e-09 0 1.25402e-09 0
335.009 1.04725e-11 1.04725e-11 7.90603e-17 7.54929e-06 3.93003e-05 2.0855e-15 0 1.0536e-13 0 3.92761e-12 0 2.38237e-11 0 4.44847e-11 0 6.1851e-11 0 7.69934e-11 0 9.06749e-11 0 1.44691e-10 0 2.19441e-10 0 2.74367e-10 0 3.18714e-10 0 3.56659e-10 0 3.89626e-10 0 4.19272e-10 0 4.46418e-10 0 4.70874e-10 0 4.93935e-10 0 5.1552e-10 0 5.35561e-10 0 5.54597e-10 0 5.72589e-10 0 5.8981e-10 0 6.06235e-10 0 6.21843e-10 0 6.36924e-10 0 6.51466e-10 0 6.65146e-10 0 6.78888e-10 0 6.91433e-10 0 7.04028e-10 0 7.16354e-10 0 7.28089e-10 0 7.39545e-10 0 7.51038e-10 0 7.61925e-10 0 7.722e-10 0 7.82503e-10 0 7.92833e-10 0 8.02542e-10 0 8.12273e-10 0 8.21376e-10 0 8.3115e-10 0 8.39639e-10 0 8.48799e-10 0 8.57322e-10 0 8.6586e-10 0 8.74414e-10 0 8.82324e-10 0 8.90246e-10 0 8.98181e-10 0 9.06129e-10 0 9.1409e-10 0 9.21398e-10 0 9.28716e-10 0 9.36044e-10 0 9.43382e-10 0 9.5073e-10 0 9.57419e-10 0 9.64116e-10 0 9.7082e-10 0 9.77533e-10 0 9.84253e-10 0 9.90981e-10 0 9.97043e-10 0 1.00379e-09 0 1.00986e-09 0 1.01594e-09 0
352.205 9.93659e-12 9.93653e-12 6.52409e-17 6.56572e-06 3.57155e-05 3.07637e-15 0 1.28335e-13 0 4.01155e-12 0 2.23266e-11 0 4.05035e-11 0 5.54846e-11 0 6.84015e-11 0 7.99834e-11 0 1.2513e-10 0 1.86631e-10 0 2.31364e-10 0 2.67281e-10 0 2.97897e-10 0 3.24425e-10 0 3.48229e-10 0 3.69989e-10 0 3.89564e-10 0 4.07999e-10 0 4.25236e-10 0 4.41226e-10 0 4.564e-10 0 4.70733e-10 0 4.84441e-10 0 4.97507e-10 0 5.09917e-10 0 5.21902e-10 0 5.33453e-10 0 5.44314e-10 0 5.5522e-10 0 5.65173e-10 0 5.75161e-10 0 5.84932e-10 0 5.94233e-10 0 6.03309e-10 0 6.12412e-10 0 6.21032e-10 0 6.29166e-10 0 6.3732e-10 0 6.45493e-10 0 6.53173e-10 0 6.60869e-10 0 6.68067e-10 0 6.75794e-10 0 6.82504e-10 0 6.89743e-10 0 6.96477e-10 0 7.03222e-10 0 7.09978e-10 0 7.16224e-10 0 7.2248e-10 0 7.28744e-10 0 7.35018e-10 0 7.41301e-10 0 7.47068e-10 0 7.52842e-10 0 7.58624e-10 0 7.64412e-10 0 7.70208e-10 0 7.75483e-10 0 7.80764e-10 0 7.8605e-10 0 7.91342e-10 0 7.9664e-10 0 8.01943e-10 0 8.06721e-10 0 8.12034e-10 0 8.16821e-10 0 8.21612e-10 0
370.284 9.42536e-12 9.4253e-12 5.36694e-17 5.69415e-06 3.24294e-05 4.38613e-15 0 1.52509e-13 0 4.03255e-12 0 2.0687e-11 0 3.65207e-11 0 4.93325e-11 0 6.02642e-11 0 6.99966e-11 0 1.07488e-10 0 1.57824e-10 0 1.94095e-10 0 2.23067e-10 0 2.4768e-10 0 2.68952e-10 0 2.88003e-10 0 3.0539e-10 0 3.21011e-10 0 3.35706e-10 0 3.49433e-10 0 3.62155e-10 0 3.74219e-10 0 3.85606e-10 0 3.96491e-10 0 4.0686e-10 0 4.16703e-10 0 4.26205e-10 0 4.35358e-10 0 4.43962e-10 0 4.52597e-10 0 4.60475e-10 0 4.68379e-10 0 4.76109e-10 0 4.83463e-10 0 4.90639e-10 0 4.97833e-10 0 5.04645e-10 0 5.11071e-10 0 5.17511e-10 0 5.23965e-10 0 5.30028e-10 0 5.36103e-10 0 5.41783e-10 0 5.4788e-10 0 5.53173e-10 0 5.58883e-10 0 5.64193e-10 0 5.69512e-10 0 5.74838e-10 0 5.79762e-10 0 5.84693e-10 0 5.8963e-10 0 5.94573e-10 0 5.99523e-10 0 6.04066e-10 0 6.08614e-10 0 6.13167e-10 0 6.17726e-10 0 6.22289e-10 0 6.26442e-10 0 6.30599e-10 0 6.3476e-10 0 6.38926e-10 0 6.43095e-10 0 6.47268e-10 0 6.51027e-10 0 6.55208e-10 0 6.58973e-10 0 6.62742e-10 0
389.291 8.93803e-12 8.93798e-12 4.40245e-17 4.92552e-06 2.94208e-05 6.05423e-15 0 1.77031e-13 0 3.99291e-12 0 1.89632e-11 0 3.26283e-11 0 4.34967e-11 0 5.26806e-11 0 6.0803e-11 0 9.17533e-11 0 1.32752e-10 0 1.62041e-10 0 1.85326e-10 0 2.05046e-10 0 2.2205e-10 0 2.37251e-10 0 2.51104e-10 0 2.63536e-10 0 2.75218e-10 0 2.86121e-10 0 2.96218e-10 0 3.05787e-10 0 3.14812e-10 0 3.23435e-10 0 3.31645e-10 0 3.39435e-10 0 3.46951e-10 0 3.5419e-10 0 3.6099e-10 0 3.67814e-10 0 3.74037e-10 0 3.80278e-10 0 3.86381e-10 0 3.92186e-10 0 3.97848e-10 0 4.03523e-10 0 4.08896e-10 0 4.13963e-10 0 4.1904e-10 0 4.24127e-10 0 4.28905e-10 0 4.33691e-10 0 4.38166e-10 0 4.42968e-10 0 4.47136e-10 0 4.51632e-10 0 4.55813e-10 0 4.6e-10 0 4.64192e-10 0 4.68067e-10 0 4.71946e-10 0 4.7583e-10 0 4.79719e-10 0 4.83613e-10 0 4.87186e-10 0 4.90762e-10 0 4.94343e-10 0 4.97927e-10 0 5.01514e-10 0 5.04779e-10 0 5.08046e-10 0 5.11317e-10 0 5.1459e-10 0 5.17866e-10 0 5.21145e-10 0 5.24098e-10 0 5.27382e-10 0 5.30341e-10 0 5.33301e-10 0
409.273 8.47346e-12 8.47343e-12 3.60212e-17 4.25106e-06 2.66706e-05 8.10302e-15 0 2.00954e-13 0 3.89733e-12 0 1.72071e-11 0 2.88984e-11 0 3.80489e-11 0 4.57115e-11 0 5.24473e-11 0 7.78561e-11 0 1.111e-10 0 1.34662e-10 0 1.53313e-10 0 1.69062e-10 0 1.82615e-10 0 1.9471e-10 0 2.05719e-10 0 2.15586e-10 0 2.24851e-10 0 2.3349e-10 0 2.41485e-10 0 2.49057e-10 0 2.56196e-10 0 2.63012e-10 0 2.69498e-10 0 2.75651e-10 0 2.81585e-10 0 2.87297e-10 0 2.92662e-10 0 2.98043e-10 0 3.0295e-10 0 3.07869e-10 0 3.12678e-10 0 3.17251e-10 0 3.21711e-10 0 3.2618e-10 0 3.3041e-10 0 3.34398e-10 0 3.38394e-10 0 3.42397e-10 0 3.46156e-10 0 3.49921e-10 0 3.5344e-10 0 3.57216e-10 0 3.60494e-10 0 3.64028e-10 0 3.67314e-10 0 3.70604e-10 0 3.73899e-10 0 3.76943e-10 0 3.79991e-10 0 3.83042e-10 0 3.86097e-10 0 3.89155e-10 0 3.9196e-10 0 3.94769e-10 0 3.9758e-10 0 4.00394e-10 0 4.0321e-10 0 4.05772e-10 0 4.08337e-10 0 4.10903e-10 0 4.13472e-10 0 4.16043e-10 0 4.18615e-10 0 4.20932e-10 0 4.23509e-10 0 4.25829e-10 0 4.28151e-10 0
430.281 8.0317e-12 8.03168e-12 2.94663e-17 3.66874e-06 2.41752e-05 1.05328e-14 0 2.23338e-13 0 3.75307e-12 0 1.54663e-11 0 2.5389e-11 0 3.30399e-11 0 3.93935e-11 0 4.49469e-11 0 6.57022e-11 0 9.25501e-11 0 1.1144e-10 0 1.26334e-10 0 1.38878e-10 0 1.49652e-10 0 1.59253e-10 0 1.6798e-10 0 1.75795e-10 0 1.83127e-10 0 1.89958e-10 0 1.96276e-10 0 2.02256e-10 0 2.07891e-10 0 2.13269e-10 0 2.18385e-10 0 2.23235e-10 0 2.27911e-10 0 2.32411e-10 0 2.36637e-10 0 2.40874e-10 0 2.44736e-10 0 2.48607e-10 0 2.52391e-10 0 2.55988e-10 0 2.59495e-10 0 2.63009e-10 0 2.66334e-10 0 2.69469e-10 0 2.72609e-10 0 2.75754e-10 0 2.78707e-10 0 2.81664e-10 0 2.84428e-10 0 2.87393e-10 0 2.89967e-10 0 2.92741e-10 0 2.95321e-10 0 2.97903e-10 0 3.00488e-10 0 3.02877e-10 0 3.05269e-10 0 3.07663e-10 0 3.10059e-10 0 3.12457e-10 0 3.14658e-10 0 3.1686e-10 0 3.19064e-10 0 3.21271e-10 0 3.23479e-10 0 3.25487e-10 0 3.27498e-10 0 3.2951e-10 0 3.31523e-10 0 3.33537e-10 0 3.35554e-10 0 3.37369e-10 0 3.39388e-10 0 3.41206e-10 0 3.43025e-10 0
452.368 7.62115e-12 7.62113e-12 2.43309e-17 3.19255e-06 2.19718e-05 1.33323e-14 0 2.43577e-13 0 3.57269e-12 0 1.37948e-11 0 2.21641e-11 0 2.85282e-11 0 3.37722e-11 0 3.8332e-11 0 5.52285e-11 0 7.68571e-11 0 9.19735e-11 0 1.03849e-10 0 1.13827e-10 0 1.22381e-10 0 1.29995e-10 0 1.36907e-10 0 1.43092e-10 0 1.48889e-10 0 1.54287e-10 0 1.59277e-10 0 1.63997e-10 0 1.68443e-10 0 1.72684e-10 0 1.76717e-10 0 1.80539e-10 0 1.84223e-10 0 1.87767e-10 0 1.91094e-10 0 1.94429e-10 0 1.97468e-10 0 2.00514e-10 0 2.0349e-10 0 2.06319e-10 0 2.09076e-10 0 2.11839e-10 0 2.14452e-10 0 2.16916e-10 0 2.19383e-10 0 2.21854e-10 0 2.24173e-10 0 2.26496e-10 0 2.28667e-10 0 2.30995e-10 0 2.33015e-10 0 2.35194e-10 0 2.37218e-10 0 2.39245e-10 0 2.41274e-10 0 2.43149e-10 0 2.45025e-10 0 2.46903e-10 0 2.48783e-10 0 2.50664e-10 0 2.5239e-10 0 2.54117e-10 0 2.55846e-10 0 2.57576e-10 0 2.59307e-10 0 2.60882e-10 0 2.62458e-10 0 2.64036e-10 0 2.65614e-10 0 2.67193e-10 0 2.68773e-10 0 2.70196e-10 0 2.71778e-10 0 2.73203e-10 0 2.74628e-10 0
475.588 7.2284e-12 7.22838e-12 2.00285e-17 2.77081e-06 1.99538e-05 1.64309e-14 0 2.6055e-13 0 3.35914e-12 0 1.21973e-11 0 1.92054e-11 0 2.44662e-11 0 2.87701e-11 0 3.24944e-11 0 4.61872e-11 0 6.35469e-11 0 7.56057e-11 0 8.5048e-11 0 9.2964e-11 0 9.97397e-11 0 1.05762e-10 0 1.11226e-10 0 1.16109e-10 0 1.20684e-10 0 1.24941e-10 0 1.28873e-10 0 1.32592e-10 0 1.36093e-10 0 1.39431e-10 0 1.42605e-10 0 1.45611e-10 0 1.48508e-10 0 1.51295e-10 0 1.53909e-10 0 1.5653e-10 0 1.58918e-10 0 1.6131e-10 0 1.63647e-10 0 1.65869e-10 0 1.68033e-10 0 1.70202e-10 0 1.72253e-10 0 1.74186e-10 0 1.76121e-10 0 1.7806e-10 0 1.79879e-10 0 1.81701e-10 0 1.83403e-10 0 1.85228e-10 0 1.86812e-10 0 1.8852e-10 0 1.90107e-10 0 1.91695e-10 0 1.93285e-10 0 1.94754e-10 0 1.96224e-10 0 1.97696e-10 0 1.99168e-10 0 2.00642e-10 0 2.01994e-10 0 2.03347e-10 0 2.04701e-10 0 2.06056e-10 0 2.07411e-10 0 2.08644e-10 0 2.09878e-10 0 2.11113e-10 0 2.12349e-10 0 2.13585e-10 0 2.14822e-10 0 2.15936e-10 0 2.17174e-10 0 2.18289e-10 0 2.19404e-10 0
500 6.85408e-12 6.85406e-12 1.64392e-17 2.39845e-06 1.81052e-05 1.97446e-14 0 2.73663e-13 0 3.12211e-12 0 1.06983e-11 0 1.65282e-11 0 2.08526e-11 0 2.43671e-11 0 2.73948e-11 0 3.84465e-11 0 5.23347e-11 0 6.19282e-11 0 6.94174e-11 0 7.56834e-11 0 8.1039e-11 0 8.57941e-11 0 9.01035e-11 0 9.39528e-11 0 9.75561e-11 0 1.00907e-10 0 1.04002e-10 0 1.06927e-10 0 1.09679e-10 0 1.12303e-10 0 1.14796e-10 0 1.17158e-10 0 1.19433e-10 0 1.2162e-10 0 1.23672e-10 0 1.25729e-10 0 1.27602e-10 0 1.29479e-10 0 1.31312e-10 0 1.33054e-10 0 1.34751e-10 0 1.3645e-10 0 1.38058e-10 0 1.39573e-10 0 1.4109e-10 0 1.42608e-10 0 1.44034e-10 0 1.4546e-10 0 1.46793e-10 0 1.48223e-10 0 1.49463e-10 0 1.508e-10 0 1.52043e-10 0 1.53286e-10 0 1.54531e-10 0 1.55681e-10 0 1.56832e-10 0 1.57983e-10 0 1.59135e-10 0 1.60289e-10 0 1.61346e-10 0 1.62405e-10 0 1.63464e-10 0 1.64524e-10 0 1.65584e-10 0 1.66549e-10 0 1.67514e-10 0 1.6848e-10 0 1.69446e-10 0 1.70412e-10 0 1.7138e-10 0 1.72251e-10 0 1.73219e-10 0 1.7409e-10 0 1.74963e-10 0
525.665 6.49817e-12 6.49816e-12 1.34575e-17 2.07097e-06 1.64137e-05 2.31658e-14 0 2.82522e-13 0 2.8706e-12 0 9.31365e-12 0 1.41345e-11 0 1.76711e-11 0 2.0528e-11 0 2.2979e-11 0 3.18668e-11 0 4.29458e-11 0 5.05597e-11 0 5.64871e-11 0 6.14374e-11 0 6.56628e-11 0 6.94106e-11 0 7.28043e-11 0 7.58335e-11 0 7.86675e-11 0 8.1302e-11 0 8.37335e-11 0 8.60308e-11 0 8.81918e-11 0 9.02512e-11 0 9.22078e-11 0 9.40604e-11 0 9.58446e-11 0 9.75597e-11 0 9.91686e-11 0 1.00781e-10 0 1.02249e-10 0 1.03719e-10 0 1.05155e-10 0 1.06519e-10 0 1.07848e-10 0 1.09179e-10 0 1.10438e-10 0 1.11624e-10 0 1.12811e-10 0 1.14e-10 0 1.15115e-10 0 1.16231e-10 0 1.17275e-10 0 1.18393e-10 0 1.19363e-10 0 1.20409e-10 0 1.21381e-10 0 1.22354e-10 0 1.23327e-10 0 1.24226e-10 0 1.25126e-10 0 1.26026e-10 0 1.26927e-10 0 1.27829e-10 0 1.28655e-10 0 1.29483e-10 0 1.30311e-10 0 1.31139e-10 0 1.31968e-10 0 1.32722e-10 0 1.33476e-10 0 1.3423e-10 0 1.34985e-10 0 1.35741e-10 0 1.36496e-10 0 1.37177e-10 0 1.37933e-10 0 1.38614e-10 0 1.39295e-10 0
552.648 6.15962e-12 6.15961e-12 1.09925e-17 1.78461e-06 1.48713e-05 2.65676e-14 0 2.86921e-13 0 2.61244e-12 0 8.05112e-12 0 1.20154e-11 0 1.48941e-11 0 1.72064e-11 0 1.91828e-11 0 2.63064e-11 0 3.51208e-11 0 4.11501e-11 0 4.58321e-11 0 4.97358e-11 0 5.30638e-11 0 5.60128e-11 0 5.86813e-11 0 6.10616e-11 0 6.32874e-11 0 6.53555e-11 0 6.72635e-11 0 6.90655e-11 0 7.07601e-11 0 7.23745e-11 0 7.39079e-11 0 7.53595e-11 0 7.67572e-11 0 7.81005e-11 0 7.93604e-11 0 8.06224e-11 0 8.17715e-11 0 8.29223e-11 0 8.40459e-11 0 8.51134e-11 0 8.61533e-11 0 8.71944e-11 0 8.81788e-11 0 8.91063e-11 0 9.00348e-11 0 9.09641e-11 0 9.18362e-11 0 9.2709e-11 0 9.35244e-11 0 9.43987e-11 0 9.5157e-11 0 9.59743e-11 0 9.67337e-11 0 9.74937e-11 0 9.82542e-11 0 9.89567e-11 0 9.96596e-11 0 1.00363e-10 0 1.01067e-10 0 1.01771e-10 0 1.02417e-10 0 1.03063e-10 0 1.03709e-10 0 1.04356e-10 0 1.05003e-10 0 1.05592e-10 0 1.06181e-10 0 1.0677e-10 0 1.07359e-10 0 1.07949e-10 0 1.08539e-10 0 1.0907e-10 0 1.0966e-10 0 1.10192e-10 0 1.10724e-10 0
581.015 5.84535e-12 5.84534e-12 9.07165e-18 1.55194e-06 1.35129e-05 2.98552e-14 0 2.87263e-13 0 2.35772e-12 0 6.92274e-12 0 1.01701e-11 0 1.25061e-11 0 1.43729e-11 0 1.5963e-11 0 2.16624e-11 0 2.86671e-11 0 3.3438e-11 0 3.71344e-11 0 4.02116e-11 0 4.28322e-11 0 4.51524e-11 0 4.72503e-11 0 4.91207e-11 0 5.08688e-11 0 5.24924e-11 0 5.39897e-11 0 5.54034e-11 0 5.67324e-11 0 5.79983e-11 0 5.92003e-11 0 6.03379e-11 0 6.14331e-11 0 6.24854e-11 0 6.34722e-11 0 6.44606e-11 0 6.53604e-11 0 6.62614e-11 0 6.7141e-11 0 6.79765e-11 0 6.87903e-11 0 6.96051e-11 0 7.03753e-11 0 7.1101e-11 0 7.18273e-11 0 7.25543e-11 0 7.32364e-11 0 7.3919e-11 0 7.45567e-11 0 7.52403e-11 0 7.58333e-11 0 7.64723e-11 0 7.7066e-11 0 7.76602e-11 0 7.82547e-11 0 7.88037e-11 0 7.93531e-11 0 7.99028e-11 0 8.04528e-11 0 8.10031e-11 0 8.15078e-11 0 8.20127e-11 0 8.25178e-11 0 8.30232e-11 0 8.35289e-11 0 8.39887e-11 0 8.44487e-11 0 8.4909e-11 0 8.53694e-11 0 8.583e-11 0 8.62908e-11 0 8.67056e-11 0 8.71667e-11 0 8.75819e-11 0 8.79972e-11 0
610.839 5.54616e-12 5.54615e-12 7.47253e-18 1.34734e-06 1.22734e-05 3.28655e-14 0 2.83388e-13 0 2.1085e-12 0 5.91543e-12 0 8.56288e-12 0 1.04509e-11 0 1.19525e-11 0 1.32275e-11 0 1.77746e-11 0 2.33286e-11 0 2.70968e-11 0 3.00101e-11 0 3.24321e-11 0 3.44927e-11 0 3.63156e-11 0 3.79629e-11 0 3.94307e-11 0 4.0802e-11 0 4.20751e-11 0 4.32488e-11 0 4.43566e-11 0 4.53978e-11 0 4.63893e-11 0 4.73306e-11 0 4.82213e-11 0 4.90785e-11 0 4.99021e-11 0 5.06744e-11 0 5.14477e-11 0 5.21516e-11 0 5.28563e-11 0 5.35443e-11 0 5.41977e-11 0 5.48341e-11 0 5.54711e-11 0 5.60733e-11 0 5.66405e-11 0 5.72082e-11 0 5.77764e-11 0 5.83095e-11 0 5.8843e-11 0 5.93412e-11 0 5.98754e-11 0 6.03387e-11 0 6.08379e-11 0 6.13017e-11 0 6.17658e-11 0 6.22302e-11 0 6.2659e-11 0 6.30881e-11 0 6.35174e-11 0 6.39469e-11 0 6.43766e-11 0 6.47707e-11 0 6.5165e-11 0 6.55594e-11 0 6.5954e-11 0 6.63488e-11 0 6.67078e-11 0 6.70669e-11 0 6.74262e-11 0 6.77856e-11 0 6.81451e-11 0 6.85048e-11 0 6.88286e-11 0 6.91885e-11 0 6.95125e-11 0 6.98366e-11 0
642.193 5.26062e-12 5.26061e-12 6.1357e-18 1.16635e-06 1.11372e-05 3.54726e-14 0 2.75637e-13 0 1.86922e-12 0 5.02436e-12 0 7.17294e-12 0 8.69299e-12 0 9.89673e-12 0 1.09159e-11 0 1.45336e-11 0 1.89276e-11 0 2.18982e-11 0 2.41906e-11 0 2.60939e-11 0 2.77117e-11 0 2.9142e-11 0 3.04337e-11 0 3.15841e-11 0 3.26585e-11 0 3.36556e-11 0 3.45745e-11 0 3.54417e-11 0 3.62565e-11 0 3.70322e-11 0 3.77685e-11 0 3.84651e-11 0 3.91354e-11 0 3.97793e-11 0 4.0383e-11 0 4.09874e-11 0 4.15376e-11 0 4.20883e-11 0 4.26258e-11 0 4.31363e-11 0 4.36334e-11 0 4.4131e-11 0 4.46014e-11 0 4.50444e-11 0 4.54877e-11 0 4.59314e-11 0 4.63477e-11 0 4.67642e-11 0 4.71531e-11 0 4.75702e-11 0 4.79318e-11 0 4.83215e-11 0 4.86835e-11 0 4.90457e-11 0 4.94081e-11 0 4.97428e-11 0 5.00777e-11 0 5.04127e-11 0 5.07478e-11 0 5.10831e-11 0 5.13906e-11 0 5.16982e-11 0 5.20059e-11 0 5.23137e-11 0 5.26217e-11 0 5.29017e-11 0 5.31818e-11 0 5.34621e-11 0 5.37424e-11 0 5.40228e-11 0 5.43033e-11 0 5.45559e-11 0 5.48365e-11 0 5.50892e-11 0 5.5342e-11 0
675.157 4.98827e-12 4.98827e-12 5.02262e-18 1.00689e-06 1.00971e-05 3.75754e-14 0 2.64525e-13 0 1.64349e-12 0 4.24346e-12 0 5.97985e-12 0 7.19934e-12 0 8.16123e-12 0 8.97347e-12 0 1.18445e-11 0 1.53138e-11 0 1.76516e-11 0 1.94525e-11 0 2.09461e-11 0 2.22146e-11 0 2.33353e-11 0 2.4347e-11 0 2.52476e-11 0 2.60883e-11 0 2.68684e-11 0 2.75871e-11 0 2.82651e-11 0 2.89021e-11 0 2.95084e-11 0 3.00837e-11 0 3.0628e-11 0 3.11516e-11 0 3.16546e-11 0 3.21261e-11 0 3.25981e-11 0 3.30276e-11 0 3.34576e-11 0 3.38772e-11 0 3.42757e-11 0 3.46637e-11 0 3.5052e-11 0 3.54191e-11 0 3.57648e-11 0 3.61107e-11 0 3.64568e-11 0 3.67816e-11 0 3.71065e-11 0 3.74099e-11 0 3.77352e-11 0 3.80173e-11 0 3.83212e-11 0 3.86036e-11 0 3.8886e-11 0 3.91687e-11 0 3.94296e-11 0 3.96907e-11 0 3.99519e-11 0 4.02132e-11 0 4.04746e-11 0 4.07144e-11 0 4.09542e-11 0 4.1194e-11 0 4.1434e-11 0 4.16741e-11 0 4.18924e-11 0 4.21107e-11 0 4.23291e-11 0 4.25476e-11 0 4.27662e-11 0 4.29848e-11 0 4.31816e-11 0 4.34003e-11 0 4.35973e-11 0 4.37942e-11 0
709.813 4.72869e-12 4.72869e-12 4.10121e-18 8.67304e-07 9.14784e-06 3.91007e-14 0 2.50661e-13 0 1.43386e-12 0 3.56498e-12 0 4.96287e-12 0 5.93805e-12 0 6.70444e-12 0 7.35004e-12 0 9.62326e-12 0 1.23573e-11 0 1.41942e-11 0 1.56071e-11 0 1.67777e-11 0 1.77711e-11 0 1.86482e-11 0 1.94396e-11 0 2.01439e-11 0 2.08011e-11 0 2.14107e-11 0 2.19723e-11 0 2.25019e-11 0 2.29994e-11 0 2.34728e-11 0 2.3922e-11 0 2.43468e-11 0 2.47556e-11 0 2.51481e-11 0 2.5516e-11 0 2.58842e-11 0 2.62193e-11 0 2.65547e-11 0 2.68821e-11 0 2.71928e-11 0 2.74954e-11 0 2.77983e-11 0 2.80845e-11 0 2.8354e-11 0 2.86237e-11 0 2.88936e-11 0 2.91468e-11 0 2.94e-11 0 2.96366e-11 0 2.98901e-11 0 3.01099e-11 0 3.03468e-11 0 3.05668e-11 0 3.0787e-11 0 3.10072e-11 0 3.12106e-11 0 3.1414e-11 0 3.16175e-11 0 3.18211e-11 0 3.20248e-11 0 3.22115e-11 0 3.23984e-11 0 3.25852e-11 0 3.27722e-11 0 3.29592e-11 0 3.31292e-11 0 3.32993e-11 0 3.34694e-11 0 3.36396e-11 0 3.38098e-11 0 3.39801e-11 0 3.41334e-11 0 3.43037e-11 0 3.44571e-11 0 3.46105e-11 0
746.248 4.48615e-12 4.48615e-12 3.37707e-18 7.52776e-07 8.3064e-06 4.00482e-14 0 2.34936e-13 0 1.24321e-12 0 2.98325e-12 0 4.10582e-12 0 4.88414e-12 0 5.49378e-12 0 6.0062e-12 0 7.80417e-12 0 9.95737e-12 0 1.14002e-11 0 1.25084e-11 0 1.34256e-11 0 1.42035e-11 0 1.489e-11 0 1.55091e-11 0 1.60599e-11 0 1.65737e-11 0 1.70502e-11 0 1.7489e-11 0 1.79028e-11 0 1.82914e-11 0 1.86611e-11 0 1.90119e-11 0 1.93436e-11 0 1.96627e-11 0 1.99691e-11 0 2.02562e-11 0 2.05436e-11 0 2.08052e-11 0 2.10669e-11 0 2.13223e-11 0 2.15647e-11 0 2.18008e-11 0 2.2037e-11 0 2.22603e-11 0 2.24705e-11 0 2.26808e-11 0 2.28913e-11 0 2.30887e-11 0 2.32862e-11 0 2.34707e-11 0 2.36684e-11 0 2.38398e-11 0 2.40244e-11 0 2.4196e-11 0 2.43676e-11 0 2.45393e-11 0 2.46978e-11 0 2.48564e-11 0 2.5015e-11 0 2.51737e-11 0 2.53325e-11 0 2.5478e-11 0 2.56236e-11 0 2.57693e-11 0 2.59149e-11 0 2.60607e-11 0 2.61932e-11 0 2.63257e-11 0 2.64583e-11 0 2.65909e-11 0 2.67235e-11 0 2.68562e-11 0 2.69756e-11 0 2.71084e-11 0 2.72279e-11 0 2.73474e-11 0
784.553 4.25683e-12 4.25683e-12 2.78686e-18 6.5468e-07 7.54664e-06 4.03836e-14 0 2.17808e-13 0 1.07101e-12 0 2.4859e-12 0 3.38484e-12 0 4.0046e-12 0 4.48858e-12 0 4.89456e-12 0 6.31449e-12 0 8.00836e-12 0 9.14065e-12 0 1.00092e-11 0 1.07274e-11 0 1.13362e-11 0 1.18732e-11 0 1.23573e-11 0 1.27878e-11 0 1.31894e-11 0 1.35616e-11 0 1.39044e-11 0 1.42275e-11 0 1.4531e-11 0 1.48196e-11 0 1.50934e-11 0 1.53524e-11 0 1.56014e-11 0 1.58405e-11 0 1.60645e-11 0 1.62888e-11 0 1.64928e-11 0 1.66969e-11 0 1.68962e-11 0 1.70853e-11 0 1.72694e-11 0 1.74536e-11 0 1.76277e-11 0 1.77916e-11 0 1.79557e-11 0 1.81198e-11 0 1.82737e-11 0 1.84277e-11 0 1.85714e-11 0 1.87256e-11 0 1.88592e-11 0 1.90031e-11 0 1.91369e-11 0 1.92706e-11 0 1.94044e-11 0 1.9528e-11 0 1.96516e-11 0 1.97752e-11 0 1.98989e-11 0 2.00226e-11 0 2.0136e-11 0 2.02495e-11 0 2.0363e-11 0 2.04765e-11 0 2.059e-11 0 2.06933e-11 0 2.07965e-11 0 2.08998e-11 0 2.10031e-11 0 2.11065e-11 0 2.12098e-11 0 2.13029e-11 0 2.14063e-11 0 2.14994e-11 0 2.15925e-11 0
824.824 4.03796e-12 4.03796e-12 2.29303e-18 5.67869e-07 6.8507e-06 4.01038e-14 0 1.9976e-13 0 9.16669e-13 0 2.06225e-12 0 2.77991e-12 0 3.27215e-12 0 3.65548e-12 0 3.97643e-12 0 5.09574e-12 0 6.42627e-12 0 7.31372e-12 0 7.99362e-12 0 8.55549e-12 0 9.03141e-12 0 9.45105e-12 0 9.82921e-12 0 1.01654e-11 0 1.04789e-11 0 1.07695e-11 0 1.1037e-11 0 1.12892e-11 0 1.15259e-11 0 1.17511e-11 0 1.19647e-11 0 1.21666e-11 0 1.23608e-11 0 1.25473e-11 0 1.2722e-11 0 1.28968e-11 0 1.30558e-11 0 1.3215e-11 0 1.33702e-11 0 1.35176e-11 0 1.36611e-11 0 1.38047e-11 0 1.39404e-11 0 1.40681e-11 0 1.41959e-11 0 1.43238e-11 0 1.44437e-11 0 1.45637e-11 0 1.46757e-11 0 1.47958e-11 0 1.48999e-11 0 1.5012e-11 0 1.51162e-11 0 1.52204e-11 0 1.53246e-11 0 1.54208e-11 0 1.55171e-11 0 1.56134e-11 0 1.57097e-11 0 1.5806e-11 0 1.58944e-11 0 1.59827e-11 0 1.60711e-11 0 1.61595e-11 0 1.62479e-11 0 1.63283e-11 0 1.64087e-11 0 1.64892e-11 0 1.65696e-11 0 1.66501e-11 0 1.67305e-11 0 1.6803e-11 0 1.68835e-11 0 1.6956e-11 0 1.70284e-11 0
867.163 3.82916e-12 3.82916e-12 1.88052e-18 4.91104e-07 6.21328e-06 3.92524e-14 0 1.81349e-13 0 7.79781e-13 0 1.70365e-12 0 2.27496e-12 0 2.66498e-12 0 2.96795e-12 0 3.22119e-12 0 4.10201e-12 0 5.14569e-12 0 5.84042e-12 0 6.3721e-12 0 6.81116e-12 0 7.18288e-12 0 7.51051e-12 0 7.80566e-12 0 8.06801e-12 0 8.31258e-12 0 8.53922e-12 0 8.74782e-12 0 8.94444e-12 0 9.129e-12 0 9.30454e-12 0 9.47101e-12 0 9.62839e-12 0 9.77973e-12 0 9.92501e-12 0 1.00611e-11 0 1.01973e-11 0 1.03212e-11 0 1.04452e-11 0 1.05662e-11 0 1.0681e-11 0 1.07927e-11 0 1.09045e-11 0 1.10102e-11 0 1.11097e-11 0 1.12092e-11 0 1.13088e-11 0 1.14022e-11 0 1.14956e-11 0 1.15828e-11 0 1.16763e-11 0 1.17573e-11 0 1.18446e-11 0 1.19257e-11 0 1.20068e-11 0 1.20879e-11 0 1.21628e-11 0 1.22378e-11 0 1.23127e-11 0 1.23877e-11 0 1.24627e-11 0 1.25314e-11 0 1.26002e-11 0 1.2669e-11 0 1.27378e-11 0 1.28066e-11 0 1.28692e-11 0 1.29317e-11 0 1.29943e-11 0 1.30569e-11 0 1.31195e-11 0 1.31822e-11 0 1.32385e-11 0 1.33012e-11 0 1.33576e-11 0 1.3414e-11 0
911.674 3.63009e-12 3.63008e-12 1.53696e-18 4.23395e-07 5.62978e-06 3.78944e-14 0 1.63057e-13 0 6.59527e-13 0 1.40187e-12 0 1.85551e-12 0 2.16387e-12 0 2.40284e-12 0 2.6023e-12 0 3.29436e-12 0 4.11199e-12 0 4.65525e-12 0 5.07061e-12 0 5.4134e-12 0 5.70347e-12 0 5.95905e-12 0 6.18923e-12 0 6.39377e-12 0 6.58441e-12 0 6.76105e-12 0 6.92361e-12 0 7.0768e-12 0 7.22059e-12 0 7.35733e-12 0 7.48699e-12 0 7.60956e-12 0 7.72742e-12 0 7.84055e-12 0 7.94653e-12 0 8.05257e-12 0 8.14904e-12 0 8.24556e-12 0 8.33971e-12 0 8.42908e-12 0 8.51607e-12 0 8.60311e-12 0 8.68534e-12 0 8.76277e-12 0 8.84022e-12 0 8.91771e-12 0 8.99037e-12 0 9.06306e-12 0 9.13093e-12 0 9.20366e-12 0 9.26671e-12 0 9.33464e-12 0 9.39773e-12 0 9.46083e-12 0 9.52396e-12 0 9.58224e-12 0 9.64053e-12 0 9.69884e-12 0 9.75716e-12 0 9.81549e-12 0 9.86897e-12 0 9.92247e-12 0 9.97597e-12 0 1.00295e-11 0 1.0083e-11 0 1.01317e-11 0 1.01803e-11 0 1.0229e-11 0 1.02777e-11 0 1.03264e-11 0 1.03751e-11 0 1.0419e-11 0 1.04677e-11 0 1.05115e-11 0 1.05554e-11 0
958.471 3.44294e-12 3.44294e-12 1.26149e-18 3.664e-07 5.10761e-06 3.61369e-14 0 1.45394e-13 0 5.55222e-13 0 1.15014e-12 0 1.50975e-12 0 1.75324e-12 0 1.94154e-12 0 2.09849e-12 0 2.64186e-12 0 3.28212e-12 0 3.70683e-12 0 4.03126e-12 0 4.29885e-12 0 4.5252e-12 0 4.72456e-12 0 4.90406e-12 0 5.06354e-12 0 5.21216e-12 0 5.34983e-12 0 5.47651e-12 0 5.59588e-12 0 5.70791e-12 0 5.81443e-12 0 5.91544e-12 0 6.01091e-12 0 6.1027e-12 0 6.19081e-12 0 6.27334e-12 0 6.35592e-12 0 6.43103e-12 0 6.50618e-12 0 6.57949e-12 0 6.64907e-12 0 6.71679e-12 0 6.78455e-12 0 6.84856e-12 0 6.90883e-12 0 6.96912e-12 0 7.02943e-12 0 7.08599e-12 0 7.14256e-12 0 7.19538e-12 0 7.25199e-12 0 7.30106e-12 0 7.35392e-12 0 7.40302e-12 0 7.45213e-12 0 7.50125e-12 0 7.5466e-12 0 7.59196e-12 0 7.63733e-12 0 7.6827e-12 0 7.72809e-12 0 7.7697e-12 0 7.81132e-12 0 7.85295e-12 0 7.89459e-12 0 7.93623e-12 0 7.97409e-12 0 8.01196e-12 0 8.04983e-12 0 8.08771e-12 0 8.1256e-12 0 8.16349e-12 0 8.19759e-12 0 8.23549e-12 0 8.26961e-12 0 8.30373e-12 0
1007.67 3.26715e-12 3.26715e-12 1.03951e-18 3.1817e-07 4.639e-06 3.40658e-14 0 1.28642e-13 0 4.65416e-13 0 9.41088e-13 0 1.22576e-12 0 1.41783e-12 0 1.56608e-12 0 1.68949e-12 0 2.11589e-12 0 2.61712e-12 0 2.9491e-12 0 3.2025e-12 0 3.41139e-12 0 3.58802e-12 0 3.74354e-12 0 3.88354e-12 0 4.0079e-12 0 4.12376e-12 0 4.23109e-12 0 4.32983e-12 0 4.42286e-12 0 4.51015e-12 0 4.59316e-12 0 4.67186e-12 0 4.74624e-12 0 4.81774e-12 0 4.88638e-12 0 4.95066e-12 0 5.01498e-12 0 5.07348e-12 0 5.13201e-12 0 5.1891e-12 0 5.24328e-12 0 5.29602e-12 0 5.34878e-12 0 5.39863e-12 0 5.44555e-12 0 5.4925e-12 0 5.53945e-12 0 5.58349e-12 0 5.62753e-12 0 5.66865e-12 0 5.71272e-12 0 5.75092e-12 0 5.79207e-12 0 5.83029e-12 0 5.86852e-12 0 5.90675e-12 0 5.94205e-12 0 5.97736e-12 0 6.01267e-12 0 6.04799e-12 0 6.08332e-12 0 6.11571e-12 0 6.1481e-12 0 6.1805e-12 0 6.2129e-12 0 6.24531e-12 0 6.27477e-12 0 6.30424e-12 0 6.33372e-12 0 6.3632e-12 0 6.39268e-12 0 6.42216e-12 0 6.4487e-12 0 6.4782e-12 0 6.50474e-12 0 6.53129e-12 0
1059.39 3.09939e-12 3.09939e-12 8.5388e-19 2.755e-07 4.21001e-06 3.17397e-14 0 1.12901e-13 0 3.88261e-13 0 7.67489e-13 0 9.92382e-13 0 1.14362e-12 0 1.26016e-12 0 1.35705e-12 0 1.69125e-12 0 2.08322e-12 0 2.34249e-12 0 2.54024e-12 0 2.70318e-12 0 2.8409e-12 0 2.96214e-12 0 3.07126e-12 0 3.16816e-12 0 3.25844e-12 0 3.34204e-12 0 3.41896e-12 0 3.49141e-12 0 3.5594e-12 0 3.62404e-12 0 3.68532e-12 0 3.74323e-12 0 3.79891e-12 0 3.85234e-12 0 3.90238e-12 0 3.95245e-12 0 3.99799e-12 0 4.04355e-12 0 4.08798e-12 0 4.13015e-12 0 4.1712e-12 0 4.21226e-12 0 4.25105e-12 0 4.28757e-12 0 4.3241e-12 0 4.36064e-12 0 4.3949e-12 0 4.42918e-12 0 4.46117e-12 0 4.49546e-12 0 4.52519e-12 0 4.5572e-12 0 4.58694e-12 0 4.61668e-12 0 4.64642e-12 0 4.67389e-12 0 4.70136e-12 0 4.72883e-12 0 4.75631e-12 0 4.78379e-12 0 4.80898e-12 0 4.83418e-12 0 4.85938e-12 0 4.88459e-12 0 4.9098e-12 0 4.93272e-12 0 4.95564e-12 0 4.97857e-12 0 5.0015e-12 0 5.02443e-12 0 5.04737e-12 0 5.06801e-12 0 5.09095e-12 0 5.1116e-12 0 5.13225e-12 0
1113.77 2.93936e-12 2.93936e-12 6.9951e-19 2.3798e-07 3.81773e-06 2.92469e-14 0 9.83339e-14 0 3.22435e-13 0 6.23966e-13 0 8.01297e-13 0 9.20197e-13 0 1.01167e-12 0 1.08765e-12 0 1.34927e-12 0 1.65551e-12 0 1.85782e-12 0 2.01202e-12 0 2.13903e-12 0 2.24635e-12 0 2.3408e-12 0 2.42579e-12 0 2.50125e-12 0 2.57154e-12 0 2.63664e-12 0 2.69651e-12 0 2.75291e-12 0 2.80583e-12 0 2.85614e-12 0 2.90383e-12 0 2.9489e-12 0 2.99222e-12 0 3.03379e-12 0 3.07273e-12 0 3.11169e-12 0 3.14712e-12 0 3.18256e-12 0 3.21713e-12 0 3.24993e-12 0 3.28186e-12 0 3.3138e-12 0 3.34397e-12 0 3.37238e-12 0 3.40079e-12 0 3.42921e-12 0 3.45586e-12 0 3.48252e-12 0 3.5074e-12 0 3.53407e-12 0 3.55718e-12 0 3.58208e-12 0 3.6052e-12 0 3.62833e-12 0 3.65146e-12 0 3.67282e-12 0 3.69418e-12 0 3.71554e-12 0 3.73691e-12 0 3.75828e-12 0 3.77787e-12 0 3.79746e-12 0 3.81706e-12 0 3.83666e-12 0 3.85626e-12 0 3.87408e-12 0 3.8919e-12 0 3.90973e-12 0 3.92755e-12 0 3.94538e-12 0 3.96321e-12 0 3.97926e-12 0 3.9971e-12 0 4.01315e-12 0 4.0292e-12 0
1170.94 2.78672e-12 2.78672e-12 5.71555e-19 2.051e-07 3.45904e-06 2.66688e-14 0 8.50309e-14 0 2.66625e-13 0 5.05783e-13 0 6.45364e-13 0 7.38702e-13 0 8.10406e-13 0 8.69906e-13 0 1.07449e-12 0 1.31353e-12 0 1.47126e-12 0 1.59142e-12 0 1.69035e-12 0 1.77392e-12 0 1.84745e-12 0 1.91361e-12 0 1.97234e-12 0 2.02704e-12 0 2.07769e-12 0 2.12427e-12 0 2.16815e-12 0 2.20931e-12 0 2.24844e-12 0 2.28554e-12 0 2.32059e-12 0 2.35428e-12 0 2.38661e-12 0 2.4169e-12 0 2.44719e-12 0 2.47474e-12 0 2.5023e-12 0 2.52917e-12 0 2.55468e-12 0 2.5795e-12 0 2.60434e-12 0 2.62779e-12 0 2.64988e-12 0 2.67196e-12 0 2.69406e-12 0 2.71477e-12 0 2.7355e-12 0 2.75484e-12 0 2.77557e-12 0 2.79354e-12 0 2.81289e-12 0 2.83086e-12 0 2.84884e-12 0 2.86682e-12 0 2.88342e-12 0 2.90002e-12 0 2.91662e-12 0 2.93323e-12 0 2.94984e-12 0 2.96506e-12 0 2.98029e-12 0 2.99552e-12 0 3.01075e-12 0 3.02598e-12 0 3.03983e-12 0 3.05368e-12 0 3.06754e-12 0 3.08139e-12 0 3.09524e-12 0 3.1091e-12 0 3.12157e-12 0 3.13543e-12 0 3.14791e-12 0 3.16038e-12 0
1231.05 2.64225e-12 2.64225e-12 4.67527e-19 1.76943e-07 3.13508e-06 2.4088e-14 0 7.30597e-14 0 2.19678e-13 0 4.09007e-13 0 5.1874e-13 0 5.91939e-13 0 6.48099e-13 0 6.9466e-13 0 8.54536e-13 0 1.04104e-12 0 1.16398e-12 0 1.25758e-12 0 1.33462e-12 0 1.39968e-12 0 1.45691e-12 0 1.5084e-12 0 1.5541e-12 0 1.59666e-12 0 1.63606e-12 0 1.6723e-12 0 1.70643e-12 0 1.73845e-12 0 1.76888e-12 0 1.79773e-12 0 1.82499e-12 0 1.85119e-12 0 1.87633e-12 0 1.89988e-12 0 1.92343e-12 0 1.94485e-12 0 1.96628e-12 0 1.98717e-12 0 2.007e-12 0 2.0263e-12 0 2.04561e-12 0 2.06384e-12 0 2.08101e-12 0 2.09818e-12 0 2.11535e-12 0 2.13146e-12 0 2.14756e-12 0 2.1626e-12 0 2.17871e-12 0 2.19268e-12 0 2.20772e-12 0 2.22169e-12 0 2.23566e-12 0 2.24963e-12 0 2.26253e-12 0 2.27544e-12 0 2.28834e-12 0 2.30125e-12 0 2.31415e-12 0 2.32599e-12 0 2.33782e-12 0 2.34966e-12 0 2.36149e-12 0 2.37333e-12 0 2.38409e-12 0 2.39486e-12 0 2.40562e-12 0 2.41639e-12 0 2.42715e-12 0 2.43792e-12 0 2.44761e-12 0 2.45838e-12 0 2.46808e-12 0 2.47777e-12 0
1294.24 2.50756e-12 2.50756e-12 3.85525e-19 1.53745e-07 2.84827e-06 2.15807e-14 0 6.24505e-14 0 1.80533e-13 0 3.3028e-13 0 4.16524e-13 0 4.73926e-13 0 5.17914e-13 0 5.54356e-13 0 6.7933e-13 0 8.24901e-13 0 9.20772e-13 0 9.9373e-13 0 1.05376e-12 0 1.10444e-12 0 1.14902e-12 0 1.18911e-12 0 1.22469e-12 0 1.25783e-12 0 1.28851e-12 0 1.31672e-12 0 1.34328e-12 0 1.3682e-12 0 1.39189e-12 0 1.41434e-12 0 1.43556e-12 0 1.45595e-12 0 1.47551e-12 0 1.49383e-12 0 1.51216e-12 0 1.52883e-12 0 1.5455e-12 0 1.56176e-12 0 1.57718e-12 0 1.5922e-12 0 1.60722e-12 0 1.6214e-12 0 1.63476e-12 0 1.64812e-12 0 1.66148e-12 0 1.674e-12 0 1.68653e-12 0 1.69823e-12 0 1.71076e-12 0 1.72163e-12 0 1.73333e-12 0 1.74419e-12 0 1.75506e-12 0 1.76593e-12 0 1.77596e-12 0 1.786e-12 0 1.79604e-12 0 1.80607e-12 0 1.81611e-12 0 1.82532e-12 0 1.83452e-12 0 1.84373e-12 0 1.85293e-12 0 1.86214e-12 0 1.87051e-12 0 1.87888e-12 0 1.88725e-12 0 1.89562e-12 0 1.904e-12 0 1.91237e-12 0 1.91991e-12 0 1.92828e-12 0 1.93582e-12 0 1.94336e-12 0
1360.67 2.37898e-12 2.37898e-12 3.16907e-19 1.33211e-07 2.5854e-06 1.91642e-14 0 5.30609e-14 0 1.47831e-13 0 2.6604e-13 0 3.33727e-13 0 3.78687e-13 0 4.13104e-13 0 4.41596e-13 0 5.39198e-13 0 6.52735e-13 0 7.27445e-13 0 7.84275e-13 0 8.31018e-13 0 8.70476e-13 0 9.05176e-13 0 9.36381e-13 0 9.64075e-13 0 9.8986e-13 0 1.01373e-12 0 1.03568e-12 0 1.05635e-12 0 1.07573e-12 0 1.09416e-12 0 1.11163e-12 0 1.12813e-12 0 1.14399e-12 0 1.1592e-12 0 1.17345e-12 0 1.18771e-12 0 1.20067e-12 0 1.21363e-12 0 1.22628e-12 0 1.23828e-12 0 1.24995e-12 0 1.26163e-12 0 1.27266e-12 0 1.28305e-12 0 1.29344e-12 0 1.30382e-12 0 1.31356e-12 0 1.32331e-12 0 1.3324e-12 0 1.34215e-12 0 1.35059e-12 0 1.35969e-12 0 1.36814e-12 0 1.37659e-12 0 1.38504e-12 0 1.39284e-12 0 1.40064e-12 0 1.40845e-12 0 1.41625e-12 0 1.42405e-12 0 1.43121e-12 0 1.43836e-12 0 1.44552e-12 0 1.45268e-12 0 1.45983e-12 0 1.46634e-12 0 1.47285e-12 0 1.47936e-12 0 1.48587e-12 0 1.49237e-12 0 1.49888e-12 0 1.50474e-12 0 1.51125e-12 0 1.51711e-12 0 1.52297e-12 0
1430.51 2.25628e-12 2.25628e-12 2.59776e-19 1.15134e-07 2.34484e-06 1.6877e-14 0 4.48279e-14 0 1.20645e-13 0 2.13786e-13 0 2.66841e-13 0 3.02016e-13 0 3.28916e-13 0 3.51171e-13 0 4.27333e-13 0 5.15819e-13 0 5.74002e-13 0 6.18242e-13 0 6.5462e-13 0 6.85323e-13 0 7.12319e-13 0 7.36593e-13 0 7.58135e-13 0 7.7819e-13 0 7.96753e-13 0 8.13821e-13 0 8.29894e-13 0 8.44969e-13 0 8.59297e-13 0 8.72876e-13 0 8.85705e-13 0 8.98035e-13 0 9.09865e-13 0 9.20943e-13 0 9.32024e-13 0 9.42101e-13 0 9.52179e-13 0 9.62008e-13 0 9.71334e-13 0 9.8041e-13 0 9.89488e-13 0 9.98063e-13 0 1.00613e-12 0 1.01421e-12 0 1.02228e-12 0 1.02985e-12 0 1.03742e-12 0 1.04449e-12 0 1.05207e-12 0 1.05863e-12 0 1.0657e-12 0 1.07227e-12 0 1.07883e-12 0 1.0854e-12 0 1.09146e-12 0 1.09753e-12 0 1.10359e-12 0 1.10965e-12 0 1.11572e-12 0 1.12128e-12 0 1.12684e-12 0 1.1324e-12 0 1.13796e-12 0 1.14352e-12 0 1.14858e-12 0 1.15364e-12 0 1.15869e-12 0 1.16375e-12 0 1.16881e-12 0 1.17387e-12 0 1.17842e-12 0 1.18348e-12 0 1.18803e-12 0 1.19259e-12 0
1503.94 2.13926e-12 2.13926e-12 2.124e-19 9.92868e-08 2.12502e-06 1.47465e-14 0 3.76711e-14 0 9.81454e-14 0 1.71414e-13 0 2.12948e-13 0 2.4044e-13 0 2.61446e-13 0 2.78814e-13 0 3.38198e-13 0 4.07115e-13 0 4.52399e-13 0 4.86819e-13 0 5.15115e-13 0 5.38993e-13 0 5.59986e-13 0 5.7886e-13 0 5.95607e-13 0 6.11198e-13 0 6.25628e-13 0 6.38895e-13 0 6.51387e-13 0 6.63104e-13 0 6.7424e-13 0 6.84793e-13 0 6.94763e-13 0 7.04345e-13 0 7.13538e-13 0 7.22146e-13 0 7.30757e-13 0 7.38587e-13 0 7.46418e-13 0 7.54054e-13 0 7.61301e-13 0 7.68353e-13 0 7.75406e-13 0 7.82068e-13 0 7.88339e-13 0 7.94612e-13 0 8.00884e-13 0 8.06766e-13 0 8.12648e-13 0 8.18139e-13 0 8.24023e-13 0 8.29123e-13 0 8.34615e-13 0 8.39716e-13 0 8.44817e-13 0 8.49919e-13 0 8.54629e-13 0 8.59339e-13 0 8.6405e-13 0 8.6876e-13 0 8.73472e-13 0 8.77791e-13 0 8.8211e-13 0 8.8643e-13 0 8.90749e-13 0 8.9507e-13 0 8.98997e-13 0 9.02925e-13 0 9.06854e-13 0 9.10782e-13 0 9.14711e-13 0 9.1864e-13 0 9.22176e-13 0 9.26105e-13 0 9.29642e-13 0 9.33178e-13 0
1581.14 2.02778e-12 2.02778e-12 1.73258e-19 8.54421e-08 1.92452e-06 1.27904e-14 0 3.14997e-14 0 7.96062e-14 0 1.37154e-13 0 1.69635e-13 0 1.91102e-13 0 2.07492e-13 0 2.21036e-13 0 2.67305e-13 0 3.20949e-13 0 3.56175e-13 0 3.82942e-13 0 4.04941e-13 0 4.23503e-13 0 4.39819e-13 0 4.54488e-13 0 4.67503e-13 0 4.79617e-13 0 4.9083e-13 0 5.01138e-13 0 5.10844e-13 0 5.19947e-13 0 5.28598e-13 0 5.36797e-13 0 5.44542e-13 0 5.51985e-13 0 5.59126e-13 0 5.65813e-13 0 5.72501e-13 0 5.78583e-13 0 5.84666e-13 0 5.90597e-13 0 5.96226e-13 0 6.01703e-13 0 6.07181e-13 0 6.12355e-13 0 6.17226e-13 0 6.22097e-13 0 6.26969e-13 0 6.31536e-13 0 6.36105e-13 0 6.40369e-13 0 6.44938e-13 0 6.48899e-13 0 6.53164e-13 0 6.57125e-13 0 6.61087e-13 0 6.65048e-13 0 6.68706e-13 0 6.72363e-13 0 6.76021e-13 0 6.7968e-13 0 6.83338e-13 0 6.86692e-13 0 6.90046e-13 0 6.934e-13 0 6.96755e-13 0 7.00109e-13 0 7.03159e-13 0 7.06209e-13 0 7.09259e-13 0 7.1231e-13 0 7.1536e-13 0 7.18411e-13 0 7.21157e-13 0 7.24208e-13 0 7.26954e-13 0 7.297e-13 0
1662.3 1.92448e-12 1.92448e-12 1.42998e-19 7.43046e-08 1.74902e-06 1.10337e-14 0 2.62555e-14 0 6.44853e-14 0 1.0969e-13 0 1.35104e-13 0 1.51877e-13 0 1.64674e-13 0 1.75243e-13 0 2.11325e-13 0 2.53119e-13 0 2.80549e-13 0 3.01385e-13 0 3.18507e-13 0 3.32951e-13 0 3.45647e-13 0 3.57059e-13 0 3.67184e-13 0 3.76608e-13 0 3.8533e-13 0 3.93348e-13 0 4.00898e-13 0 4.07978e-13 0 4.14706e-13 0 4.21082e-13 0 4.27106e-13 0 4.32894e-13 0 4.38448e-13 0 4.43648e-13 0 4.48849e-13 0 4.53578e-13 0 4.58308e-13 0 4.62921e-13 0 4.67297e-13 0 4.71556e-13 0 4.75815e-13 0 4.79839e-13 0 4.83626e-13 0 4.87413e-13 0 4.91201e-13 0 4.94753e-13 0 4.98305e-13 0 5.0162e-13 0 5.05172e-13 0 5.08252e-13 0 5.11568e-13 0 5.14648e-13 0 5.17728e-13 0 5.20808e-13 0 5.23651e-13 0 5.26495e-13 0 5.29338e-13 0 5.32182e-13 0 5.35027e-13 0 5.37634e-13 0 5.40241e-13 0 5.42849e-13 0 5.45457e-13 0 5.48065e-13 0 5.50436e-13 0 5.52807e-13 0 5.55178e-13 0 5.57549e-13 0 5.59921e-13 0 5.62292e-13 0 5.64427e-13 0 5.66799e-13 0 5.68933e-13 0 5.71068e-13 0
1747.63 1.82592e-12 1.82592e-12 1.17634e-19 6.44244e-08 1.58778e-06 9.456e-15 0 2.17874e-14 0 5.20974e-14 0 8.75602e-14 0 1.07425e-13 0 1.2052e-13 0 1.30503e-13 0 1.38746e-13 0 1.66865e-13 0 1.99408e-13 0 2.20756e-13 0 2.36968e-13 0 2.50287e-13 0 2.61522e-13 0 2.71396e-13 0 2.80272e-13 0 2.88145e-13 0 2.95473e-13 0 3.02255e-13 0 3.08489e-13 0 3.14359e-13 0 3.19864e-13 0 3.25094e-13 0 3.30051e-13 0 3.34734e-13 0 3.39234e-13 0 3.43551e-13 0 3.47593e-13 0 3.51636e-13 0 3.55312e-13 0 3.58989e-13 0 3.62574e-13 0 3.65976e-13 0 3.69286e-13 0 3.72597e-13 0 3.75724e-13 0 3.78668e-13 0 3.81611e-13 0 3.84555e-13 0 3.87316e-13 0 3.90076e-13 0 3.92653e-13 0 3.95414e-13 0 3.97807e-13 0 4.00385e-13 0 4.02778e-13 0 4.05172e-13 0 4.07566e-13 0 4.09775e-13 0 4.11985e-13 0 4.14195e-13 0 4.16406e-13 0 4.18616e-13 0 4.20642e-13 0 4.22669e-13 0 4.24695e-13 0 4.26722e-13 0 4.28748e-13 0 4.30591e-13 0 4.32434e-13 0 4.34276e-13 0 4.36119e-13 0 4.37962e-13 0 4.39805e-13 0 4.41464e-13 0 4.43307e-13 0 4.44966e-13 0 4.46624e-13 0
1837.33 1.73188e-12 1.73188e-12 9.64905e-20 5.57141e-08 1.44033e-06 8.05393e-15 0 1.80041e-14 0 4.19829e-14 0 6.97683e-14 0 8.52821e-14 0 9.54969e-14 0 1.0328e-13 0 1.09703e-13 0 1.31603e-13 0 1.5693e-13 0 1.73536e-13 0 1.86143e-13 0 1.965e-13 0 2.05235e-13 0 2.12911e-13 0 2.1981e-13 0 2.2593e-13 0 2.31626e-13 0 2.36897e-13 0 2.41742e-13 0 2.46304e-13 0 2.50582e-13 0 2.54647e-13 0 2.58499e-13 0 2.62138e-13 0 2.65635e-13 0 2.68989e-13 0 2.7213e-13 0 2.75272e-13 0 2.78128e-13 0 2.80985e-13 0 2.83771e-13 0 2.86414e-13 0 2.88986e-13 0 2.91558e-13 0 2.93988e-13 0 2.96275e-13 0 2.98562e-13 0 3.00849e-13 0 3.02994e-13 0 3.05139e-13 0 3.07141e-13 0 3.09286e-13 0 3.11145e-13 0 3.13147e-13 0 3.15007e-13 0 3.16867e-13 0 3.18726e-13 0 3.20443e-13 0 3.2216e-13 0 3.23877e-13 0 3.25594e-13 0 3.27311e-13 0 3.28885e-13 0 3.30459e-13 0 3.32034e-13 0 3.33608e-13 0 3.35182e-13 0 3.36614e-13 0 3.38045e-13 0 3.39477e-13 0 3.40908e-13 0 3.4234e-13 0 3.43771e-13 0 3.4506e-13 0 3.46492e-13 0 3.4778e-13 0 3.49069e-13 0
1931.64 1.64219e-12 1.64219e-12 7.8941e-20 4.80706e-08 1.30575e-06 6.81987e-15 0 1.48191e-14 0 3.37509e-14 0 5.54959e-14 0 6.7601e-14 0 7.55633e-14 0 8.16267e-14 0 8.66293e-14 0 1.03674e-13 0 1.23374e-13 0 1.36286e-13 0 1.46086e-13 0 1.54135e-13 0 1.60923e-13 0 1.66888e-13 0 1.72249e-13 0 1.77004e-13 0 1.8143e-13 0 1.85525e-13 0 1.89289e-13 0 1.92833e-13 0 1.96156e-13 0 1.99314e-13 0 2.02306e-13 0 2.05133e-13 0 2.07849e-13 0 2.10454e-13 0 2.12894e-13 0 2.15334e-13 0 2.17553e-13 0 2.19772e-13 0 2.21936e-13 0 2.23989e-13 0 2.25986e-13 0 2.27984e-13 0 2.29871e-13 0 2.31647e-13 0 2.33424e-13 0 2.352e-13 0 2.36866e-13 0 2.38531e-13 0 2.40086e-13 0 2.41752e-13 0 2.43196e-13 0 2.44751e-13 0 2.46195e-13 0 2.47639e-13 0 2.49084e-13 0 2.50417e-13 0 2.5175e-13 0 2.53084e-13 0 2.54417e-13 0 2.55751e-13 0 2.56973e-13 0 2.58195e-13 0 2.59418e-13 0 2.60641e-13 0 2.61863e-13 0 2.62975e-13 0 2.64086e-13 0 2.65198e-13 0 2.6631e-13 0 2.67421e-13 0 2.68533e-13 0 2.69534e-13 0 2.70645e-13 0 2.71646e-13 0 2.72647e-13 0
2030.79 1.55671e-12 1.55671e-12 6.44286e-20 4.13875e-08 1.18277e-06 5.74349e-15 0 1.21526e-14 0 2.70723e-14 0 4.40723e-14 0 5.35104e-14 0 5.97127e-14 0 6.44335e-14 0 6.83271e-14 0 8.15871e-14 0 9.69029e-14 0 1.06937e-13 0 1.14552e-13 0 1.20805e-13 0 1.26079e-13 0 1.30712e-13 0 1.34876e-13 0 1.38569e-13 0 1.42006e-13 0 1.45187e-13 0 1.4811e-13 0 1.50862e-13 0 1.53443e-13 0 1.55895e-13 0 1.58218e-13 0 1.60413e-13 0 1.62522e-13 0 1.64546e-13 0 1.6644e-13 0 1.68335e-13 0 1.70058e-13 0 1.7178e-13 0 1.7346e-13 0 1.75054e-13 0 1.76605e-13 0 1.78157e-13 0 1.79622e-13 0 1.81001e-13 0 1.8238e-13 0 1.83759e-13 0 1.85052e-13 0 1.86346e-13 0 1.87553e-13 0 1.88846e-13 0 1.89967e-13 0 1.91174e-13 0 1.92295e-13 0 1.93417e-13 0 1.94538e-13 0 1.95573e-13 0 1.96608e-13 0 1.97643e-13 0 1.98678e-13 0 1.99714e-13 0 2.00663e-13 0 2.01612e-13 0 2.02561e-13 0 2.0351e-13 0 2.04459e-13 0 2.05322e-13 0 2.06185e-13 0 2.07048e-13 0 2.07911e-13 0 2.08774e-13 0 2.09637e-13 0 2.10414e-13 0 2.11277e-13 0 2.12053e-13 0 2.1283e-13 0
2135.03 1.47702e-12 1.47702e-12 5.30433e-20 3.59123e-08 1.0741e-06 4.81788e-15 0 9.94294e-15 0 2.16947e-14 0 3.49877e-14 0 4.23498e-14 0 4.71837e-14 0 5.08614e-14 0 5.38937e-14 0 6.42159e-14 0 7.61318e-14 0 8.39357e-14 0 8.9857e-14 0 9.47193e-14 0 9.8819e-14 0 1.02421e-13 0 1.05658e-13 0 1.08529e-13 0 1.112e-13 0 1.13672e-13 0 1.15944e-13 0 1.18083e-13 0 1.20089e-13 0 1.21995e-13 0 1.23801e-13 0 1.25506e-13 0 1.27145e-13 0 1.28718e-13 0 1.3019e-13 0 1.31663e-13 0 1.33001e-13 0 1.3434e-13 0 1.35646e-13 0 1.36884e-13 0 1.3809e-13 0 1.39295e-13 0 1.40433e-13 0 1.41505e-13 0 1.42577e-13 0 1.43648e-13 0 1.44653e-13 0 1.45658e-13 0 1.46596e-13 0 1.47601e-13 0 1.48472e-13 0 1.4941e-13 0 1.50281e-13 0 1.51153e-13 0 1.52024e-13 0 1.52828e-13 0 1.53632e-13 0 1.54437e-13 0 1.55241e-13 0 1.56045e-13 0 1.56783e-13 0 1.5752e-13 0 1.58258e-13 0 1.58995e-13 0 1.59732e-13 0 1.60403e-13 0 1.61073e-13 0 1.61744e-13 0 1.62414e-13 0 1.63085e-13 0 1.63755e-13 0 1.64359e-13 0 1.6503e-13 0 1.65633e-13 0 1.66237e-13 0
2244.63 1.40146e-12 1.40146e-12 4.36675e-20 3.11587e-08 9.75476e-07 4.02318e-15 0 8.11088e-15 0 1.73557e-14 0 2.77437e-14 0 3.34842e-14 0 3.72505e-14 0 4.01148e-14 0 4.24758e-14 0 5.05095e-14 0 5.9779e-14 0 6.58479e-14 0 7.04519e-14 0 7.42321e-14 0 7.74191e-14 0 8.02191e-14 0 8.27351e-14 0 8.49666e-14 0 8.70431e-14 0 8.89643e-14 0 9.07303e-14 0 9.23927e-14 0 9.39515e-14 0 9.54326e-14 0 9.6836e-14 0 9.81616e-14 0 9.94354e-14 0 1.00657e-13 0 1.01801e-13 0 1.02946e-13 0 1.03986e-13 0 1.05026e-13 0 1.06041e-13 0 1.07003e-13 0 1.0794e-13 0 1.08877e-13 0 1.09761e-13 0 1.10594e-13 0 1.11427e-13 0 1.12259e-13 0 1.1304e-13 0 1.13821e-13 0 1.1455e-13 0 1.15331e-13 0 1.16008e-13 0 1.16737e-13 0 1.17413e-13 0 1.1809e-13 0 1.18767e-13 0 1.19392e-13 0 1.20017e-13 0 1.20642e-13 0 1.21267e-13 0 1.21892e-13 0 1.22465e-13 0 1.23038e-13 0 1.23611e-13 0 1.24184e-13 0 1.24757e-13 0 1.25278e-13 0 1.25799e-13 0 1.2632e-13 0 1.26841e-13 0 1.27362e-13 0 1.27883e-13 0 1.28351e-13 0 1.28872e-13 0 1.29341e-13 0 1.2981e-13 0
2359.84 1.32936e-12 1.32936e-12 3.58426e-20 2.69623e-08 8.85191e-07 3.34424e-15 0 6.5958e-15 0 1.38577e-14 0 2.19685e-14 0 2.64416e-14 0 2.93743e-14 0 3.16039e-14 0 3.34412e-14 0 3.96908e-14 0 4.68983e-14 0 5.16159e-14 0 5.51943e-14 0 5.81321e-14 0 6.06087e-14 0 6.27845e-14 0 6.47394e-14 0 6.64733e-14 0 6.80866e-14 0 6.95794e-14 0 7.09513e-14 0 7.22429e-14 0 7.34539e-14 0 7.46046e-14 0 7.56949e-14 0 7.67247e-14 0 7.77142e-14 0 7.86635e-14 0 7.95523e-14 0 8.04411e-14 0 8.12493e-14 0 8.20574e-14 0 8.28455e-14 0 8.35932e-14 0 8.43207e-14 0 8.50483e-14 0 8.57355e-14 0 8.63823e-14 0 8.70292e-14 0 8.76761e-14 0 8.82826e-14 0 8.88891e-14 0 8.94552e-14 0 9.00618e-14 0 9.05875e-14 0 9.11537e-14 0 9.16794e-14 0 9.22052e-14 0 9.2731e-14 0 9.32164e-14 0 9.37018e-14 0 9.41872e-14 0 9.46726e-14 0 9.51581e-14 0 9.56031e-14 0 9.60481e-14 0 9.64931e-14 0 9.69382e-14 0 9.73832e-14 0 9.77878e-14 0 9.81924e-14 0 9.85971e-14 0 9.90017e-14 0 9.94063e-14 0 9.9811e-14 0 1.00175e-13 0 1.0058e-13 0 1.00944e-13 0 1.01308e-13 0
2480.97 1.26059e-12 1.26059e-12 2.93419e-20 2.32763e-08 8.0259e-07 2.7679e-15 0 5.34792e-15 0 1.10444e-14 0 1.73719e-14 0 2.08552e-14 0 2.31375e-14 0 2.4872e-14 0 2.63011e-14 0 3.11603e-14 0 3.67622e-14 0 4.04278e-14 0 4.32079e-14 0 4.54901e-14 0 4.7414e-14 0 4.9104e-14 0 5.06224e-14 0 5.19691e-14 0 5.32222e-14 0 5.43815e-14 0 5.54471e-14 0 5.64501e-14 0 5.73907e-14 0 5.82843e-14 0 5.9131e-14 0 5.99307e-14 0 6.06992e-14 0 6.14363e-14 0 6.21265e-14 0 6.28168e-14 0 6.34443e-14 0 6.40719e-14 0 6.46839e-14 0 6.52645e-14 0 6.58294e-14 0 6.63944e-14 0 6.6928e-14 0 6.74303e-14 0 6.79326e-14 0 6.84349e-14 0 6.89058e-14 0 6.93768e-14 0 6.98164e-14 0 7.02874e-14 0 7.06956e-14 0 7.11352e-14 0 7.15435e-14 0 7.19517e-14 0 7.236e-14 0 7.27369e-14 0 7.31138e-14 0 7.34907e-14 0 7.38676e-14 0 7.42445e-14 0 7.459e-14 0 7.49356e-14 0 7.52811e-14 0 7.56267e-14 0 7.59722e-14 0 7.62864e-14 0 7.66006e-14 0 7.69147e-14 0 7.72289e-14 0 7.75431e-14 0 7.78573e-14 0 7.814e-14 0 7.84543e-14 0 7.8737e-14 0 7.90198e-14 0
2608.32 1.195e-12 1.195e-12 2.39619e-20 2.00518e-08 7.2702e-07 2.28157e-15 0 4.324e-15 0 8.78668e-15 0 1.37191e-14 0 1.64299e-14 0 1.8205e-14 0 1.95537e-14 0 2.06647e-14 0 2.44411e-14 0 2.87931e-14 0 3.16401e-14 0 3.37992e-14 0 3.55714e-14 0 3.70652e-14 0 3.83775e-14 0 3.95565e-14 0 4.0602e-14 0 4.15749e-14 0 4.2475e-14 0 4.33022e-14 0 4.4081e-14 0 4.48111e-14 0 4.55048e-14 0 4.61621e-14 0 4.6783e-14 0 4.73795e-14 0 4.79518e-14 0 4.84876e-14 0 4.90234e-14 0 4.95105e-14 0 4.99977e-14 0 5.04727e-14 0 5.09234e-14 0 5.1362e-14 0 5.18005e-14 0 5.22148e-14 0 5.26046e-14 0 5.29945e-14 0 5.33844e-14 0 5.375e-14 0 5.41156e-14 0 5.44568e-14 0 5.48224e-14 0 5.51392e-14 0 5.54805e-14 0 5.57974e-14 0 5.61143e-14 0 5.64312e-14 0 5.67237e-14 0 5.70162e-14 0 5.73088e-14 0 5.76014e-14 0 5.78939e-14 0 5.81621e-14 0 5.84303e-14 0 5.86985e-14 0 5.89667e-14 0 5.9235e-14 0 5.94788e-14 0 5.97226e-14 0 5.99665e-14 0 6.02103e-14 0 6.04542e-14 0 6.06981e-14 0 6.09176e-14 0 6.11614e-14 0 6.13809e-14 0 6.16004e-14 0
2742.21 1.13354e-12 1.13354e-12 1.96765e-20 1.73585e-08 6.59422e-07 1.87525e-15 0 3.49018e-15 0 6.9854e-15 0 1.08311e-14 0 1.29414e-14 0 1.43227e-14 0 1.53718e-14 0 1.62359e-14 0 1.91722e-14 0 2.25549e-14 0 2.47674e-14 0 2.6445e-14 0 2.7822e-14 0 2.89826e-14 0 3.00021e-14 0 3.0918e-14 0 3.17303e-14 0 3.2486e-14 0 3.31852e-14 0 3.38278e-14 0 3.44327e-14 0 3.49999e-14 0 3.55388e-14 0 3.60494e-14 0 3.65316e-14 0 3.6995e-14 0 3.74395e-14 0 3.78556e-14 0 3.82718e-14 0 3.86502e-14 0 3.90286e-14 0 3.93976e-14 0 3.97476e-14 0 4.00883e-14 0 4.04289e-14 0 4.07506e-14 0 4.10534e-14 0 4.13563e-14 0 4.16591e-14 0 4.1943e-14 0 4.2227e-14 0 4.2492e-14 0 4.27759e-14 0 4.3022e-14 0 4.32871e-14 0 4.35332e-14 0 4.37793e-14 0 4.40254e-14 0 4.42526e-14 0 4.44798e-14 0 4.47071e-14 0 4.49343e-14 0 4.51615e-14 0 4.53698e-14 0 4.55781e-14 0 4.57864e-14 0 4.59947e-14 0 4.6203e-14 0 4.63924e-14 0 4.65818e-14 0 4.67712e-14 0 4.69606e-14 0 4.71499e-14 0 4.73393e-14 0 4.75098e-14 0 4.76992e-14 0 4.78697e-14 0 4.80401e-14 0
2882.97 1.07568e-12 1.07568e-12 1.62116e-20 1.5071e-08 5.99086e-07 1.53684e-15 0 2.81216e-15 0 5.54858e-15 0 8.54704e-15 0 1.01902e-14 0 1.12652e-14 0 1.20815e-14 0 1.27537e-14 0 1.50375e-14 0 1.76676e-14 0 1.93875e-14 0 2.06915e-14 0 2.17618e-14 0 2.26638e-14 0 2.34562e-14 0 2.4168e-14 0 2.47992e-14 0 2.53865e-14 0 2.59299e-14 0 2.64293e-14 0 2.68993e-14 0 2.73401e-14 0 2.77588e-14 0 2.81556e-14 0 2.85303e-14 0 2.88904e-14 0 2.92358e-14 0 2.95591e-14 0 2.98825e-14 0 3.01765e-14 0 3.04706e-14 0 3.07573e-14 0 3.10293e-14 0 3.12939e-14 0 3.15586e-14 0 3.18086e-14 0 3.20439e-14 0 3.22792e-14 0 3.25145e-14 0 3.27351e-14 0 3.29557e-14 0 3.31616e-14 0 3.33822e-14 0 3.35734e-14 0 3.37794e-14 0 3.39706e-14 0 3.41618e-14 0 3.43531e-14 0 3.45296e-14 0 3.47061e-14 0 3.48827e-14 0 3.50592e-14 0 3.52357e-14 0 3.53976e-14 0 3.55594e-14 0 3.57213e-14 0 3.58831e-14 0 3.6045e-14 0 3.61921e-14 0 3.63392e-14 0 3.64864e-14 0 3.66335e-14 0 3.67807e-14 0 3.69278e-14 0 3.70603e-14 0 3.72074e-14 0 3.73399e-14 0 3.74723e-14 0
3030.95 1.02042e-12 1.02042e-12 1.33155e-20 1.30491e-08 5.43708e-07 1.25515e-15 0 2.26039e-15 0 4.4004e-15 0 6.73661e-15 0 8.0153e-15 0 8.85149e-15 0 9.48631e-15 0 1.0009e-14 0 1.17844e-14 0 1.38284e-14 0 1.51649e-14 0 1.6178e-14 0 1.70095e-14 0 1.77103e-14 0 1.83259e-14 0 1.88788e-14 0 1.93692e-14 0 1.98254e-14 0 2.02475e-14 0 2.06354e-14 0 2.10006e-14 0 2.13429e-14 0 2.16682e-14 0 2.19763e-14 0 2.22674e-14 0 2.25471e-14 0 2.28154e-14 0 2.30666e-14 0 2.33177e-14 0 2.35461e-14 0 2.37745e-14 0 2.39972e-14 0 2.42084e-14 0 2.4414e-14 0 2.46196e-14 0 2.48137e-14 0 2.49965e-14 0 2.51792e-14 0 2.5362e-14 0 2.55333e-14 0 2.57047e-14 0 2.58646e-14 0 2.6036e-14 0 2.61845e-14 0 2.63444e-14 0 2.64929e-14 0 2.66415e-14 0 2.679e-14 0 2.69271e-14 0 2.70642e-14 0 2.72013e-14 0 2.73384e-14 0 2.74755e-14 0 2.76012e-14 0 2.77269e-14 0 2.78526e-14 0 2.79783e-14 0 2.8104e-14 0 2.82183e-14 0 2.83326e-14 0 2.84469e-14 0 2.85611e-14 0 2.86754e-14 0 2.87897e-14 0 2.88926e-14 0 2.90069e-14 0 2.91097e-14 0 2.92126e-14 0
3186.53 9.67678e-13 9.67678e-13 1.09075e-20 1.12719e-08 4.92929e-07 1.02179e-15 0 1.81279e-15 0 3.48473e-15 0 5.30379e-15 0 6.29831e-15 0 6.94843e-15 0 7.44188e-15 0 7.84812e-15 0 9.22766e-15 0 1.08156e-14 0 1.18537e-14 0 1.26406e-14 0 1.32863e-14 0 1.38306e-14 0 1.43086e-14 0 1.4738e-14 0 1.51188e-14 0 1.54731e-14 0 1.58008e-14 0 1.61021e-14 0 1.63856e-14 0 1.66514e-14 0 1.6904e-14 0 1.71433e-14 0 1.73693e-14 0 1.75864e-14 0 1.77948e-14 0 1.79898e-14 0 1.81848e-14 0 1.83621e-14 0 1.85395e-14 0 1.87124e-14 0 1.88764e-14 0 1.9036e-14 0 1.91956e-14 0 1.93464e-14 0 1.94883e-14 0 1.96302e-14 0 1.97721e-14 0 1.99051e-14 0 2.00381e-14 0 2.01623e-14 0 2.02953e-14 0 2.04106e-14 0 2.05348e-14 0 2.06501e-14 0 2.07655e-14 0 2.08808e-14 0 2.09872e-14 0 2.10937e-14 0 2.12001e-14 0 2.13066e-14 0 2.1413e-14 0 2.15106e-14 0 2.16082e-14 0 2.17058e-14 0 2.18034e-14 0 2.1901e-14 0 2.19897e-14 0 2.20784e-14 0 2.21672e-14 0 2.22559e-14 0 2.23446e-14 0 2.24333e-14 0 2.25132e-14 0 2.26019e-14 0 2.26818e-14 0 2.27617e-14 0
3350.09 9.17399e-13 9.17399e-13 8.91332e-21 9.71587e-09 4.46642e-07 8.29304e-16 0 1.45076e-15 0 2.75584e-15 0 4.17139e-15 0 4.94453e-15 0 5.44975e-15 0 5.83316e-15 0 6.14876e-15 0 7.22032e-15 0 8.45345e-15 0 9.25949e-15 0 9.87045e-15 0 1.03718e-14 0 1.07943e-14 0 1.11654e-14 0 1.14988e-14 0 1.17944e-14 0 1.20694e-14 0 1.23238e-14 0 1.25576e-14 0 1.27777e-14 0 1.29841e-14 0 1.31801e-14 0 1.33659e-14 0 1.35413e-14 0 1.37099e-14 0 1.38716e-14 0 1.40229e-14 0 1.41743e-14 0 1.4312e-14 0 1.44496e-14 0 1.45838e-14 0 1.47111e-14 0 1.4835e-14 0 1.49589e-14 0 1.50759e-14 0 1.51861e-14 0 1.52962e-14 0 1.54063e-14 0 1.55096e-14 0 1.56129e-14 0 1.57092e-14 0 1.58125e-14 0 1.5902e-14 0 1.59984e-14 0 1.60879e-14 0 1.61774e-14 0 1.62669e-14 0 1.63495e-14 0 1.64321e-14 0 1.65148e-14 0 1.65974e-14 0 1.668e-14 0 1.67558e-14 0 1.68315e-14 0 1.69072e-14 0 1.6983e-14 0 1.70587e-14 0 1.71276e-14 0 1.71965e-14 0 1.72653e-14 0 1.73342e-14 0 1.74031e-14 0 1.74719e-14 0 1.75339e-14 0 1.76028e-14 0 1.76648e-14 0 1.77267e-14 0
3522.05 8.69941e-13 8.69941e-13 7.29968e-21 8.391e-09 4.05759e-07 6.71522e-16 0 1.15934e-15 0 2.17773e-15 0 3.27927e-15 0 3.88035e-15 0 4.27301e-15 0 4.57095e-15 0 4.81618e-15 0 5.64863e-15 0 6.60642e-15 0 7.23239e-15 0 7.70684e-15 0 8.09615e-15 0 8.42424e-15 0 8.71238e-15 0 8.97121e-15 0 9.20074e-15 0 9.41427e-15 0 9.61182e-15 0 9.79336e-15 0 9.96425e-15 0 1.01245e-14 0 1.02767e-14 0 1.04209e-14 0 1.05571e-14 0 1.0688e-14 0 1.08135e-14 0 1.0931e-14 0 1.10486e-14 0 1.11554e-14 0 1.12623e-14 0 1.13665e-14 0 1.14653e-14 0 1.15615e-14 0 1.16577e-14 0 1.17485e-14 0 1.1834e-14 0 1.19195e-14 0 1.2005e-14 0 1.20852e-14 0 1.21654e-14 0 1.22402e-14 0 1.23204e-14 0 1.23899e-14 0 1.24647e-14 0 1.25342e-14 0 1.26037e-14 0 1.26731e-14 0 1.27373e-14 0 1.28014e-14 0 1.28656e-14 0 1.29297e-14 0 1.29939e-14 0 1.30527e-14 0 1.31115e-14 0 1.31703e-14 0 1.32291e-14 0 1.32879e-14 0 1.33413e-14 0 1.33948e-14 0 1.34483e-14 0 1.35017e-14 0 1.35552e-14 0 1.36086e-14 0 1.36568e-14 0 1.37102e-14 0 1.37583e-14 0 1.38065e-14 0
3702.84 8.25564e-13 8.25564e-13 6.01916e-21 7.29097e-09 3.68248e-07 5.42863e-16 0 9.25664e-16 0 1.72056e-15 0 2.57818e-15 0 3.04577e-15 0 3.35115e-15 0 3.58282e-15 0 3.77348e-15 0 4.42063e-15 0 5.16506e-15 0 5.65155e-15 0 6.02024e-15 0 6.32277e-15 0 6.57771e-15 0 6.8016e-15 0 7.00273e-15 0 7.18107e-15 0 7.34699e-15 0 7.50048e-15 0 7.64154e-15 0 7.77431e-15 0 7.8988e-15 0 8.01706e-15 0 8.12911e-15 0 8.23494e-15 0 8.33662e-15 0 8.43416e-15 0 8.52547e-15 0 8.61679e-15 0 8.69981e-15 0 8.78284e-15 0 8.86379e-15 0 8.94059e-15 0 9.01531e-15 0 9.09004e-15 0 9.16062e-15 0 9.22705e-15 0 9.29348e-15 0 9.35992e-15 0 9.4222e-15 0 9.48448e-15 0 9.54261e-15 0 9.6049e-15 0 9.65888e-15 0 9.71702e-15 0 9.771e-15 0 9.82498e-15 0 9.87897e-15 0 9.9288e-15 0 9.97864e-15 0 1.00285e-14 0 1.00783e-14 0 1.01281e-14 0 1.01738e-14 0 1.02195e-14 0 1.02652e-14 0 1.03109e-14 0 1.03566e-14 0 1.03981e-14 0 1.04396e-14 0 1.04812e-14 0 1.05227e-14 0 1.05642e-14 0 1.06058e-14 0 1.06431e-14 0 1.06847e-14 0 1.07221e-14 0 1.07594e-14 0
3892.91 7.83206e-13 7.83206e-13 4.94759e-21 6.3171e-09 3.34386e-07 4.3773e-16 0 7.37747e-16 0 1.35772e-15 0 2.02508e-15 0 2.38867e-15 0 2.62606e-15 0 2.80613e-15 0 2.95432e-15 0 3.45721e-15 0 4.03561e-15 0 4.41355e-15 0 4.69997e-15 0 4.93497e-15 0 5.13301e-15 0 5.30693e-15 0 5.46315e-15 0 5.60168e-15 0 5.73056e-15 0 5.84978e-15 0 5.95935e-15 0 6.06247e-15 0 6.15916e-15 0 6.25102e-15 0 6.33805e-15 0 6.42025e-15 0 6.49922e-15 0 6.57498e-15 0 6.6459e-15 0 6.71683e-15 0 6.78131e-15 0 6.8458e-15 0 6.90867e-15 0 6.96832e-15 0 7.02636e-15 0 7.0844e-15 0 7.13922e-15 0 7.19081e-15 0 7.24241e-15 0 7.294e-15 0 7.34237e-15 0 7.39075e-15 0 7.4359e-15 0 7.48427e-15 0 7.5262e-15 0 7.57135e-15 0 7.61328e-15 0 7.6552e-15 0 7.69713e-15 0 7.73584e-15 0 7.77454e-15 0 7.81324e-15 0 7.85195e-15 0 7.89065e-15 0 7.92613e-15 0 7.96161e-15 0 7.9971e-15 0 8.03258e-15 0 8.06806e-15 0 8.10031e-15 0 8.13257e-15 0 8.16483e-15 0 8.19709e-15 0 8.22934e-15 0 8.2616e-15 0 8.29063e-15 0 8.32289e-15 0 8.35193e-15 0 8.38096e-15 0
4092.73 7.42794e-13 7.42794e-13 4.05533e-21 5.45957e-09 3.03277e-07 3.52101e-16 0 5.86962e-16 0 1.07015e-15 0 1.58921e-15 0 1.8718e-15 0 2.05627e-15 0 2.19617e-15 0 2.3113e-15 0 2.70194e-15 0 3.15118e-15 0 3.44469e-15 0 3.66711e-15 0 3.84961e-15 0 4.00339e-15 0 4.13844e-15 0 4.25975e-15 0 4.36731e-15 0 4.46738e-15 0 4.55996e-15 0 4.64503e-15 0 4.72511e-15 0 4.80018e-15 0 4.87151e-15 0 4.93908e-15 0 5.0029e-15 0 5.06422e-15 0 5.12305e-15 0 5.17811e-15 0 5.23318e-15 0 5.28325e-15 0 5.33332e-15 0 5.38213e-15 0 5.42845e-15 0 5.47351e-15 0 5.51857e-15 0 5.56114e-15 0 5.6012e-15 0 5.64126e-15 0 5.68132e-15 0 5.71887e-15 0 5.75643e-15 0 5.79149e-15 0 5.82904e-15 0 5.8616e-15 0 5.89665e-15 0 5.9292e-15 0 5.96176e-15 0 5.99431e-15 0 6.02436e-15 0 6.05441e-15 0 6.08446e-15 0 6.11451e-15 0 6.14456e-15 0 6.17211e-15 0 6.19966e-15 0 6.2272e-15 0 6.25475e-15 0 6.2823e-15 0 6.30734e-15 0 6.33239e-15 0 6.35743e-15 0 6.38248e-15 0 6.40752e-15 0 6.43257e-15 0 6.45511e-15 0 6.48015e-15 0 6.50269e-15 0 6.52523e-15 0
4302.81 7.04257e-13 7.04257e-13 3.31586e-21 4.70831e-09 2.74473e-07 2.82576e-16 0 4.66234e-16 0 8.42571e-16 0 1.24608e-15 0 1.46563e-15 0 1.60892e-15 0 1.71758e-15 0 1.80699e-15 0 2.11033e-15 0 2.45913e-15 0 2.687e-15 0 2.85967e-15 0 3.00134e-15 0 3.12071e-15 0 3.22555e-15 0 3.31972e-15 0 3.40321e-15 0 3.48089e-15 0 3.55275e-15 0 3.61879e-15 0 3.68094e-15 0 3.73922e-15 0 3.79458e-15 0 3.84703e-15 0 3.89657e-15 0 3.94417e-15 0 3.98983e-15 0 4.03257e-15 0 4.07532e-15 0 4.11418e-15 0 4.15304e-15 0 4.19093e-15 0 4.22688e-15 0 4.26186e-15 0 4.29684e-15 0 4.32987e-15 0 4.36097e-15 0 4.39206e-15 0 4.42315e-15 0 4.45231e-15 0 4.48146e-15 0 4.50867e-15 0 4.53782e-15 0 4.56308e-15 0 4.59029e-15 0 4.61556e-15 0 4.64083e-15 0 4.66609e-15 0 4.68942e-15 0 4.71274e-15 0 4.73606e-15 0 4.75939e-15 0 4.78271e-15 0 4.8041e-15 0 4.82548e-15 0 4.84686e-15 0 4.86824e-15 0 4.88962e-15 0 4.90906e-15 0 4.9285e-15 0 4.94794e-15 0 4.96737e-15 0 4.98681e-15 0 5.00625e-15 0 5.02375e-15 0 5.04319e-15 0 5.06068e-15 0 5.07818e-15 0
4523.68 6.67619e-13 6.67619e-13 2.7082e-21 4.0565e-09 2.48916e-07 2.26321e-16 0 3.69814e-16 0 6.62784e-16 0 9.76373e-16 0 1.1469e-15 0 1.25818e-15 0 1.34255e-15 0 1.41197e-15 0 1.64748e-15 0 1.91824e-15 0 2.09511e-15 0 2.22913e-15 0 2.33909e-15 0 2.43174e-15 0 2.51311e-15 0 2.58619e-15 0 2.651e-15 0 2.71128e-15 0 2.76705e-15 0 2.8183e-15 0 2.86654e-15 0 2.91177e-15 0 2.95474e-15 0 2.99544e-15 0 3.03389e-15 0 3.07083e-15 0 3.10626e-15 0 3.13943e-15 0 3.17261e-15 0 3.20277e-15 0 3.23293e-15 0 3.26233e-15 0 3.29023e-15 0 3.31737e-15 0 3.34452e-15 0 3.37016e-15 0 3.39429e-15 0 3.41842e-15 0 3.44255e-15 0 3.46517e-15 0 3.48779e-15 0 3.50891e-15 0 3.53153e-15 0 3.55114e-15 0 3.57226e-15 0 3.59186e-15 0 3.61147e-15 0 3.63108e-15 0 3.64918e-15 0 3.66728e-15 0 3.68538e-15 0 3.70348e-15 0 3.72158e-15 0 3.73818e-15 0 3.75477e-15 0 3.77136e-15 0 3.78795e-15 0 3.80455e-15 0 3.81963e-15 0 3.83472e-15 0 3.8498e-15 0 3.86489e-15 0 3.87997e-15 0 3.89506e-15 0 3.90863e-15 0 3.92372e-15 0 3.9373e-15 0 3.95087e-15 0
4755.88 6.33617e-13 6.33617e-13 2.23494e-21 3.52728e-09 2.25913e-07 1.81156e-16 0 2.93326e-16 0 5.2159e-16 0 7.65543e-16 0 8.98139e-16 0 9.84642e-16 0 1.05023e-15 0 1.10419e-15 0 1.28723e-15 0 1.49765e-15 0 1.63509e-15 0 1.73924e-15 0 1.82468e-15 0 1.89667e-15 0 1.95989e-15 0 2.01668e-15 0 2.06703e-15 0 2.11387e-15 0 2.15721e-15 0 2.19703e-15 0 2.23451e-15 0 2.26965e-15 0 2.30303e-15 0 2.33466e-15 0 2.36453e-15 0 2.39323e-15 0 2.42076e-15 0 2.44653e-15 0 2.47231e-15 0 2.49574e-15 0 2.51917e-15 0 2.54202e-15 0 2.56369e-15 0 2.58478e-15 0 2.60588e-15 0 2.62579e-15 0 2.64454e-15 0 2.66329e-15 0 2.68204e-15 0 2.69961e-15 0 2.71719e-15 0 2.7336e-15 0 2.75117e-15 0 2.76641e-15 0 2.78281e-15 0 2.79805e-15 0 2.81328e-15 0 2.82852e-15 0 2.84258e-15 0 2.85664e-15 0 2.8707e-15 0 2.88477e-15 0 2.89883e-15 0 2.91172e-15 0 2.92461e-15 0 2.9375e-15 0 2.9504e-15 0 2.96329e-15 0 2.97501e-15 0 2.98673e-15 0 2.99845e-15 0 3.01017e-15 0 3.02189e-15 0 3.03361e-15 0 3.04415e-15 0 3.05588e-15 0 3.06642e-15 0 3.07697e-15 0
5000 6.01147e-13 6.01147e-13 1.8384e-21 3.05815e-09 2.05013e-07 1.44716e-16 0 2.32319e-16 0 4.1006e-16 0 5.99752e-16 0 7.02808e-16 0 7.7003e-16 0 8.20995e-16 0 8.62922e-16 0 1.00513e-15 0 1.16859e-15 0 1.27536e-15 0 1.35626e-15 0 1.42262e-15 0 1.47854e-15 0 1.52765e-15 0 1.57176e-15 0 1.61087e-15 0 1.64725e-15 0 1.68091e-15 0 1.71184e-15 0 1.74095e-15 0 1.76824e-15 0 1.79417e-15 0 1.81873e-15 0 1.84194e-15 0 1.86423e-15 0 1.88561e-15 0 1.90563e-15 0 1.92565e-15 0 1.94385e-15 0 1.96204e-15 0 1.97979e-15 0 1.99662e-15 0 2.013e-15 0 2.02939e-15 0 2.04486e-15 0 2.05942e-15 0 2.07398e-15 0 2.08854e-15 0 2.10219e-15 0 2.11584e-15 0 2.12858e-15 0 2.14223e-15 0 2.15407e-15 0 2.16681e-15 0 2.17864e-15 0 2.19047e-15 0 2.2023e-15 0 2.21323e-15 0 2.22415e-15 0 2.23507e-15 0 2.24599e-15 0 2.25691e-15 0 2.26693e-15 0 2.27694e-15 0 2.28695e-15 0 2.29696e-15 0 2.30698e-15 0 2.31608e-15 0 2.32518e-15 0 2.33428e-15 0 2.34338e-15 0 2.35249e-15 0 2.36159e-15 0 2.36978e-15 0 2.37888e-15 0 2.38708e-15 0 2.39527e-15 0
