# 4.7315e-07 0 45 : grain size, compostion index, size index
# Heating and cooling timescale: 377.161 2945.35
# Ratio of heating to cooling to determine stochastic cutoff: 100
# Equilibrium emission is recorded even for those grains in the stochastic regime.
# Emission spectrum was computed for: 
# Type: ISRF
# Scales: 0.25 0.5 1 1.5 2 2.5 3 3.5 4 4.5 5 5.5 6 6.5 7 7.5 8 8.5 9 9.5 10 10.5 11 11.5 12 12.5 13 13.5 14 14.5 15 15.5 16 16.5 17 17.5 18 18.5 19 19.5 20
# StochasticallyHeated: 1 1 1 1 1 1 1 1 1 1 1 1 1 1 1 1 1 1 1 1 1 1 1 1 1 1 1 1 1 1 1 1 1 1 1 1 1 1 1 1 1
# Temperature: -1
# Wavelength  CExt  CAbs  CSca  Albedo G EqEm1 StEm1 EqEm2 StEm2 EqEm3 StEm3 EqEm4 StEm4 EqEm5 StEm5 EqEm6 StEm6 EqEm7 StEm7 EqEm8 StEm8 EqEm9 StEm9 EqEm10 StEm10 EqEm11 StEm11 EqEm12 StEm12 EqEm13 StEm13 EqEm14 StEm14 EqEm15 StEm15 EqEm16 StEm16 EqEm17 StEm17 EqEm18 StEm18 EqEm19 StEm19 EqEm20 StEm20 EqEm21 StEm21 EqEm22 StEm22 EqEm23 StEm23 EqEm24 StEm24 EqEm25 StEm25 EqEm26 StEm26 EqEm27 StEm27 EqEm28 StEm28 EqEm29 StEm29 EqEm30 StEm30 EqEm31 StEm31 EqEm32 StEm32 EqEm33 StEm33 EqEm34 StEm34 EqEm35 StEm35 EqEm36 StEm36 EqEm37 StEm37 EqEm38 StEm38 EqEm39 StEm39 EqEm40 StEm40 EqEm41 StEm41
0.05 1.34872e-13 1.32614e-13 2.2584e-15 0.0167448 0.00365757 0 0 0 0 0 0 0 0 0 0 0 0 0 0 0 0 0 0 0 0 0 0 0 0 0 0 0 0 0 0 0 0 0 0 0 0 0 0 0 0 0 0 0 0 0 0 0 0 0 0 0 0 0 0 0 0 0 0 0 0 0 0 0 0 0 0 0 0 0 0 0 0 0 0 0 0 0 0 0 0 0 0
0.0525665 1.49074e-13 1.46577e-13 2.4962e-15 0.0167448 0.0040427 0 0 0 0 0 0 0 0 0 0 0 0 0 0 0 0 0 0 0 0 0 0 0 0 0 0 0 0 0 0 0 0 0 0 0 0 0 0 0 0 0 0 0 0 0 0 0 0 0 0 0 0 0 0 0 0 0 0 0 0 0 0 0 0 0 0 0 0 0 0 0 0 0 0 0 0 0 0 0 0 0 0
0.0552647 1.6477e-13 1.62011e-13 2.75904e-15 0.0167448 0.00446838 0 0 0 0 0 0 0 0 0 0 0 0 0 0 0 0 0 0 0 0 0 0 0 0 0 0 0 0 0 0 0 0 0 0 0 0 0 0 0 0 0 0 0 0 0 0 0 0 0 0 0 0 0 0 0 0 0 0 0 0 0 0 0 0 0 0 0 0 0 0 0 0 0 0 0 0 0 0 0 0 0 0
0.0581015 1.8212e-13 1.7907e-13 3.04955e-15 0.0167448 0.00493887 0 0 0 0 0 0 0 0 0 0 0 0 0 0 0 0 0 0 0 0 0 0 0 0 0 0 0 0 0 0 0 0 0 0 0 0 0 0 0 0 0 0 0 0 0 0 0 0 0 0 0 0 0 0 0 0 0 0 0 0 0 0 0 0 0 0 0 0 0 0 0 0 0 0 0 0 0 0 0 0 0 0
0.0610839 2.01296e-13 1.97925e-13 3.37066e-15 0.0167448 0.00545891 0 0 0 0 0 0 0 0 0 0 0 0 0 0 0 0 0 0 0 0 0 0 0 0 0 0 0 0 0 0 0 0 0 0 0 0 0 0 0 0 0 0 0 0 0 0 0 0 0 0 0 0 0 0 0 0 0 0 0 0 0 0 0 0 0 0 0 0 0 0 0 0 0 0 0 0 0 0 0 0 0 0
0.0642193 2.22491e-13 2.18766e-13 3.72557e-15 0.0167448 0.00603371 0 0 0 0 0 0 0 0 0 0 0 0 0 0 0 0 0 0 0 0 0 0 0 0 0 0 0 0 0 0 0 0 0 0 0 0 0 0 0 0 0 0 0 0 0 0 0 0 0 0 0 0 0 0 0 0 0 0 0 0 0 0 0 0 0 0 0 0 0 0 0 0 0 0 0 0 0 0 0 0 0 0
0.0675157 2.45919e-13 2.41801e-13 4.11785e-15 0.0167448 0.00666903 0 0 0 0 0 0 0 0 0 0 0 0 0 0 0 0 0 0 0 0 0 0 0 0 0 0 0 0 0 0 0 0 0 0 0 0 0 0 0 0 0 0 0 0 0 0 0 0 0 0 0 0 0 0 0 0 0 0 0 0 0 0 0 0 0 0 0 0 0 0 0 0 0 0 0 0 0 0 0 0 0 0
0.0709813 2.71813e-13 2.67261e-13 4.55144e-15 0.0167448 0.00737125 0 0 0 0 0 0 0 0 0 0 0 0 0 0 0 0 0 0 0 0 0 0 0 0 0 0 0 0 0 0 0 0 0 0 0 0 0 0 0 0 0 0 0 0 0 0 0 0 0 0 0 0 0 0 0 0 0 0 0 0 0 0 0 0 0 0 0 0 0 0 0 0 0 0 0 0 0 0 0 0 0 0
0.0746248 3.00433e-13 2.95403e-13 5.03069e-15 0.0167448 0.0081474 0 0 0 0 0 0 0 0 0 0 0 0 0 0 0 0 0 0 0 0 0 0 0 0 0 0 0 0 0 0 0 0 0 0 0 0 0 0 0 0 0 0 0 0 0 0 0 0 0 0 0 0 0 0 0 0 0 0 0 0 0 0 0 0 0 0 0 0 0 0 0 0 0 0 0 0 0 0 0 0 0 0
0.0784553 3.32068e-13 3.26507e-13 5.56039e-15 0.0167448 0.00900528 0 0 0 0 0 0 0 0 0 0 0 0 0 0 0 0 0 0 0 0 0 0 0 0 0 0 0 0 0 0 0 0 0 0 0 0 0 0 0 0 0 0 0 0 0 0 0 0 0 0 0 0 0 0 0 0 0 0 0 0 0 0 0 0 0 0 0 0 0 0 0 0 0 0 0 0 0 0 0 0 0 0
0.0824824 3.67033e-13 3.60887e-13 6.14588e-15 0.0167448 0.0099535 0 0 0 0 0 0 0 0 0 0 0 0 0 0 0 0 0 0 0 0 0 0 0 0 0 0 0 0 0 0 0 0 0 0 0 0 0 0 0 0 0 0 0 0 0 0 0 0 0 0 0 0 0 0 0 0 0 0 0 0 0 0 0 0 0 0 0 0 0 0 0 0 0 0 0 0 0 0 0 0 0 0
0.0867162 4.0568e-13 3.98887e-13 6.79301e-15 0.0167448 0.0110016 0 0 0 0 0 0 0 0 0 0 0 0 0 0 0 0 0 0 0 0 0 0 0 0 0 0 0 0 0 0 0 0 0 0 0 0 0 0 0 0 0 0 0 0 0 0 0 0 0 0 0 0 0 0 0 0 0 0 0 0 0 0 0 0 0 0 0 0 0 0 0 0 0 0 0 0 0 0 0 0 0 0
0.0911674 4.48396e-13 4.40887e-13 7.50828e-15 0.0167448 0.01216 0 0 0 0 0 0 0 0 0 0 0 0 0 0 0 0 0 0 0 0 0 0 0 0 0 0 0 0 0 0 0 0 0 0 0 0 0 0 0 0 0 0 0 0 0 0 0 0 0 0 0 0 0 0 0 0 0 0 0 0 0 0 0 0 0 0 0 0 0 0 0 0 0 0 0 0 0 0 0 0 0 0
0.095847 4.9561e-13 4.87311e-13 8.29887e-15 0.0167448 0.0134404 0 0 0 0 0 0 0 0 0 0 0 0 0 0 0 0 0 0 0 0 0 0 0 0 0 0 0 0 0 0 0 0 0 0 0 0 0 0 0 0 0 0 0 0 0 0 0 0 0 0 0 0 0 0 0 0 0 0 0 0 0 0 0 0 0 0 0 0 0 0 0 0 0 0 0 0 0 0 0 0 0 0
0.100767 5.28977e-13 5.20513e-13 8.46403e-15 0.0160008 0.0149499 0 0 0 0 0 0 0 0 0 0 0 0 0 0 0 0 0 0 0 0 0 0 0 0 0 0 0 0 0 0 0 0 0 0 0 0 0 0 0 0 0 0 0 0 0 0 0 0 0 0 0 0 0 0 0 0 0 0 0 0 0 0 0 0 0 0 0 0 0 0 0 0 0 0 0 0 0 0 0 0 0 0
0.105939 4.61423e-13 4.55794e-13 5.6283e-15 0.0121977 0.016215 0 0 0 0 0 0 0 0 0 0 0 0 0 0 0 0 0 0 0 0 0 0 0 0 0 0 0 0 0 0 0 0 0 0 0 0 0 0 0 0 0 0 0 0 0 0 0 0 0 0 0 0 0 0 0 0 0 0 0 0 0 0 0 0 0 0 0 0 0 0 0 0 0 0 0 0 0 0 0 0 0 0
0.111377 3.97916e-13 3.93528e-13 4.38823e-15 0.011028 0.0183969 0 0 0 0 0 0 0 0 0 0 0 0 0 0 0 0 0 0 0 0 0 0 0 0 0 0 0 0 0 0 0 0 0 0 0 0 0 0 0 0 0 0 0 0 0 0 0 0 0 0 0 0 0 0 0 0 0 0 0 0 0 0 0 0 0 0 0 0 0 0 0 0 0 0 0 0 0 0 0 0 0 0
0.117094 3.38645e-13 3.35705e-13 2.9404e-15 0.00868284 0.017283 0 0 0 0 0 0 0 0 0 0 0 0 0 0 0 0 0 0 0 0 0 0 0 0 0 0 0 0 0 0 0 0 0 0 0 0 0 0 0 0 0 0 0 0 0 0 0 0 0 0 0 0 0 0 0 0 0 0 0 0 0 0 0 0 0 0 0 0 0 0 0 0 0 0 0 0 0 0 0 0 0 0
0.123105 2.86656e-13 2.84818e-13 1.83783e-15 0.00641128 0.0148736 0 0 0 0 0 0 0 0 0 0 0 0 0 0 0 0 0 0 0 0 0 0 0 0 0 0 0 0 0 0 0 0 0 0 0 0 0 0 0 0 0 0 0 0 0 0 0 0 0 0 0 0 0 0 0 0 0 0 0 0 0 0 0 0 0 0 0 0 0 0 0 0 0 0 0 0 0 0 0 0 0 0
0.129424 2.41576e-13 2.40404e-13 1.17279e-15 0.00485472 0.0125218 0 0 0 0 0 0 0 0 0 0 0 0 0 0 0 0 0 0 0 0 0 0 0 0 0 0 0 0 0 0 0 0 0 0 0 0 0 0 0 0 0 0 0 0 0 0 0 0 0 0 0 0 0 0 0 0 0 0 0 0 0 0 0 0 0 0 0 0 0 0 0 0 0 0 0 0 0 0 0 0 0 0
0.136067 2.10088e-13 2.09328e-13 7.59706e-16 0.00361613 0.0105989 0 0 0 0 0 0 0 0 0 0 0 0 0 0 0 0 0 0 0 0 0 0 0 0 0 0 0 0 0 0 0 0 0 0 0 0 0 0 0 0 0 0 0 0 0 0 0 0 0 0 0 0 0 0 0 0 0 0 0 0 0 0 0 0 0 0 0 0 0 0 0 0 0 0 0 0 0 0 0 0 0 0
0.143051 1.9109e-13 1.90596e-13 4.94086e-16 0.00258562 0.00904414 0 0 0 0 0 0 0 0 0 0 0 0 0 0 0 0 0 0 0 0 0 0 0 0 0 0 0 0 0 0 0 0 0 0 0 0 0 0 0 0 0 0 0 0 0 0 0 0 0 0 0 0 0 0 0 0 0 0 0 0 0 0 0 0 0 0 0 0 0 0 0 0 0 0 0 0 0 0 0 0 0 0
0.150394 1.80847e-13 1.80524e-13 3.22664e-16 0.00178419 0.00772754 0 0 0 0 0 0 0 0 0 0 0 0 0 0 0 0 0 0 0 0 0 0 0 0 0 0 0 0 0 0 0 0 0 0 0 0 0 0 0 0 0 0 0 0 0 0 0 0 0 0 0 0 0 0 0 0 0 0 0 0 0 0 0 0 0 0 0 0 0 0 0 0 0 0 0 0 0 0 0 0 0 0
0.158114 1.78991e-13 1.78774e-13 2.17296e-16 0.001214 0.00662546 0 0 0 0 0 0 0 0 0 0 0 0 0 0 0 0 0 0 0 0 0 0 0 0 0 0 0 0 0 0 0 0 0 0 0 0 0 0 0 0 0 0 0 0 0 0 0 0 0 0 0 0 0 0 0 0 0 0 0 0 0 0 0 0 0 0 0 0 0 0 0 0 0 0 0 0 0 0 0 0 0 0
0.16623 1.85946e-13 1.85782e-13 1.63609e-16 0.000879873 0.00570034 0 0 0 0 0 0 0 0 0 0 0 0 0 0 0 0 0 0 0 0 0 0 0 0 0 0 0 0 0 0 0 0 0 0 0 0 0 0 0 0 0 0 0 0 0 0 0 0 0 0 0 0 0 0 0 0 0 0 0 0 0 0 0 0 0 0 0 0 0 0 0 0 0 0 0 0 0 0 0 0 0 0
0.174762 2.03387e-13 2.03237e-13 1.49535e-16 0.000735225 0.00490572 0 0 0 0 0 0 0 0 0 0 0 0 0 0 0 0 0 0 0 0 0 0 0 0 0 0 0 0 0 0 0 0 0 0 0 0 0 0 0 0 0 0 0 0 0 0 0 0 0 0 0 0 0 0 0 0 0 0 0 0 0 0 0 0 0 0 0 0 0 0 0 0 0 0 0 0 0 0 0 0 0 0
0.183733 2.34426e-13 2.34254e-13 1.71924e-16 0.000733384 0.00418244 0 0 0 0 0 0 0 0 0 0 0 0 0 0 0 0 0 0 0 0 0 0 0 0 0 0 0 0 0 0 0 0 0 0 0 0 0 0 0 0 0 0 0 0 0 0 0 0 0 0 0 0 0 0 0 0 0 0 0 0 0 0 0 0 0 0 0 0 0 0 0 0 0 0 0 0 0 0 0 0 0 0
0.193164 2.89053e-13 2.88801e-13 2.51938e-16 0.000871598 0.0034835 0 0 0 0 0 0 0 0 0 0 0 0 0 0 0 0 0 0 0 0 0 0 0 0 0 0 0 0 0 0 0 0 0 0 0 0 0 0 0 0 0 0 0 0 0 0 0 0 0 0 0 0 0 0 0 0 0 0 0 0 0 0 0 0 0 0 0 0 0 0 0 0 0 0 0 0 0 0 0 0 0 0
0.203079 3.76876e-13 3.7647e-13 4.05838e-16 0.00107685 0.00279385 0 0 0 0 0 0 0 0 0 0 0 0 0 0 0 0 0 0 0 0 0 0 0 0 0 0 0 0 0 0 0 0 0 0 0 0 0 0 0 0 0 0 0 0 0 0 0 0 0 0 0 0 0 0 0 0 0 0 0 0 0 0 0 0 0 0 0 0 0 0 0 0 0 0 0 0 0 0 0 0 0 0
0.213503 4.63495e-13 4.62903e-13 5.91889e-16 0.00127701 0.00214822 0 0 0 0 0 0 0 0 0 0 0 0 0 0 0 0 0 0 0 0 0 0 0 0 0 0 0 0 0 0 0 0 0 0 0 0 0 0 0 0 0 0 0 0 0 0 0 0 0 0 0 0 0 0 0 0 0 0 0 0 0 0 0 0 0 0 0 0 0 0 0 0 0 0 0 0 0 0 0 0 0 0
0.224463 4.44909e-13 4.44238e-13 6.71692e-16 0.00150973 0.00159208 0 0 0 0 0 0 0 0 0 0 0 0 0 0 0 0 0 0 0 0 0 0 0 0 0 0 0 0 0 0 0 0 0 0 0 0 0 0 0 0 0 0 0 0 0 0 0 0 0 0 0 0 0 0 0 0 0 0 0 0 0 0 0 0 0 0 0 0 0 0 0 0 0 0 0 0 0 0 0 0 0 0
0.235984 3.45095e-13 3.44505e-13 5.9018e-16 0.00171019 0.00113886 0 0 0 0 0 0 0 0 0 0 0 0 0 0 0 0 0 0 0 0 0 0 0 0 0 0 0 0 0 0 0 0 0 0 0 0 0 0 0 0 0 0 0 0 0 0 0 0 0 0 0 0 0 0 0 0 0 0 0 0 0 0 0 0 0 0 0 0 0 0 0 0 0 0 0 0 0 0 0 0 0 0
0.248097 2.61479e-13 2.6103e-13 4.49493e-16 0.00171904 0.000869603 0 0 0 0 0 0 0 0 0 0 0 0 0 0 0 0 0 0 0 0 0 0 0 0 0 0 0 0 0 0 0 0 0 0 0 0 0 0 0 0 0 0 0 0 0 0 0 0 0 0 0 0 0 0 0 0 0 0 0 0 0 0 0 0 0 0 0 0 0 0 0 0 0 0 0 0 0 0 0 0 0 0
0.260832 2.10037e-13 2.09714e-13 3.23197e-16 0.00153876 0.000895042 0 0 0 0 0 0 0 0 0 0 0 0 0 0 0 0 0 0 0 0 0 0 0 0 0 0 0 0 0 0 0 0 0 0 0 0 0 0 0 0 0 0 0 0 0 0 0 0 0 0 0 0 0 0 0 0 0 0 0 0 0 0 0 0 0 0 0 0 0 0 0 0 0 0 0 0 0 0 0 0 0 0
0.274221 1.79051e-13 1.78822e-13 2.2848e-16 0.00127606 0.00118632 0 0 0 0 0 0 0 0 0 0 0 0 0 0 0 0 0 0 0 0 0 0 0 0 0 0 0 0 0 0 0 0 0 0 0 0 0 0 0 0 0 0 0 0 0 0 0 0 0 0 0 0 0 0 0 0 0 0 0 0 0 0 0 0 0 0 0 0 0 0 0 0 0 0 0 0 0 0 0 0 0 0
0.288297 1.59509e-13 1.59347e-13 1.62087e-16 0.00101616 0.00159315 0 0 0 0 0 0 0 0 0 0 0 0 0 0 0 0 0 0 0 0 0 0 0 0 0 0 0 0 0 0 0 0 0 0 0 0 0 0 0 0 0 0 0 0 0 0 0 0 0 0 0 0 0 0 0 0 0 0 0 0 0 0 0 0 0 0 0 0 0 0 0 0 0 0 0 0 0 0 0 0 0 0
0.303095 1.46031e-13 1.45914e-13 1.16967e-16 0.000800971 0.0017929 0 0 0 0 0 0 0 0 0 0 0 0 0 0 0 0 0 0 0 0 0 0 0 0 0 0 0 0 0 0 0 0 0 0 0 0 0 0 0 0 0 0 0 0 0 0 0 0 0 0 0 0 0 0 0 0 0 0 0 0 0 0 0 0 0 0 0 0 0 0 0 0 0 0 0 0 0 0 0 0 0 0
0.318653 1.29778e-13 1.29692e-13 8.64366e-17 0.000666034 0.00187597 0 0 0 0 0 0 0 0 0 0 0 0 0 0 0 0 0 0 0 0 0 0 0 0 0 0 0 0 0 0 0 0 0 0 0 0 0 0 0 0 0 0 0 0 0 0 0 0 0 0 0 0 0 0 0 0 0 0 0 0 0 0 0 0 0 0 0 0 0 0 0 0 0 0 0 0 0 0 0 0 0 0
0.335009 1.1436e-13 1.14295e-13 6.56124e-17 0.000573734 0.00184867 0 0 0 0 0 0 0 0 0 0 0 0 0 0 0 0 0 0 0 0 0 0 0 0 0 0 0 0 0 0 0 0 0 0 0 0 0 0 0 0 0 0 0 0 0 0 0 0 0 0 0 0 0 0 0 0 0 0 0 0 0 0 0 0 0 0 0 0 0 0 0 0 0 0 0 0 0 0 0 0 0 0
0.352205 1.00173e-13 1.00122e-13 5.11409e-17 0.000510524 0.00175646 0 0 0 0 0 0 0 0 0 0 0 0 0 0 0 0 0 0 0 0 0 0 0 0 0 0 0 0 0 0 0 0 0 0 0 0 0 0 0 0 0 0 0 0 0 0 0 0 0 0 0 0 0 0 0 0 0 0 0 0 0 0 0 0 0 0 0 0 0 0 0 0 0 0 0 0 0 0 0 0 0 0
0.370284 8.71937e-14 8.71529e-14 4.08018e-17 0.000467944 0.00164363 0 0 0 0 0 0 0 0 0 0 0 0 0 0 0 0 0 0 0 0 0 0 0 0 0 0 0 0 0 0 0 0 0 0 0 0 0 0 0 0 0 0 0 0 0 0 0 0 0 0 0 0 0 0 0 0 0 0 0 0 0 0 0 0 0 0 0 0 0 0 0 0 0 0 0 0 0 0 0 0 0 0
0.389291 7.53781e-14 7.53449e-14 3.31369e-17 0.000439609 0.00153355 0 0 0 0 0 0 0 0 0 0 0 0 0 0 0 0 0 0 0 0 0 0 0 0 0 0 0 0 0 0 0 0 0 0 0 0 0 0 0 0 0 0 0 0 0 0 0 0 0 0 0 0 0 0 0 0 0 0 0 0 0 0 0 0 0 0 0 0 0 0 0 0 0 0 0 0 0 0 0 0 0 0
0.409273 6.47067e-14 6.46795e-14 2.72027e-17 0.0004204 0.00142615 0 0 0 0 0 0 0 0 0 0 0 0 0 0 0 0 0 0 0 0 0 0 0 0 0 0 0 0 0 0 0 0 0 0 0 0 0 0 0 0 0 0 0 0 0 0 0 0 0 0 0 0 0 0 0 0 0 0 0 0 0 0 0 0 0 0 0 0 0 0 0 0 0 0 0 0 0 0 0 0 0 0
0.430281 5.51392e-14 5.51168e-14 2.2439e-17 0.000406951 0.00132399 0 0 0 0 0 0 0 0 0 0 0 0 0 0 0 0 0 0 0 0 0 0 0 0 0 0 0 0 0 0 0 0 0 0 0 0 0 0 0 0 0 0 0 0 0 0 0 0 0 0 0 0 0 0 0 0 0 0 0 0 0 0 0 0 0 0 0 0 0 0 0 0 0 0 0 0 0 0 0 0 0 0
0.452368 4.66257e-14 4.66072e-14 1.85237e-17 0.000397285 0.00121839 0 0 0 0 0 0 0 0 0 0 0 0 0 0 0 0 0 0 0 0 0 0 0 0 0 0 0 0 0 0 0 0 0 0 0 0 0 0 0 0 0 0 0 0 0 0 0 0 0 0 0 0 0 0 0 0 0 0 0 0 0 0 0 0 0 0 0 0 0 0 0 0 0 0 0 0 0 0 0 0 0 0
0.475588 3.91192e-14 3.91039e-14 1.52745e-17 0.000390461 0.00111707 0 0 0 0 0 0 0 0 0 0 0 0 0 0 0 0 0 0 0 0 0 0 0 0 0 0 0 0 0 0 0 0 0 0 0 0 0 0 0 0 0 0 0 0 0 0 0 0 0 0 0 0 0 0 0 0 0 0 0 0 0 0 0 0 0 0 0 0 0 0 0 0 0 0 0 0 0 0 0 0 0 0
0.5 3.25546e-14 3.2542e-14 1.25788e-17 0.000386393 0.00101958 0 0 0 0 0 0 0 0 0 0 0 0 0 0 0 0 0 0 0 0 0 0 0 0 0 0 0 0 0 0 0 0 0 0 0 0 0 0 0 0 0 0 0 0 0 0 0 0 0 0 0 0 0 0 0 0 0 0 0 0 0 0 0 0 0 0 0 0 0 0 0 0 0 0 0 0 0 0 0 0 0 0
0.525665 2.68696e-14 2.68593e-14 1.03506e-17 0.000385214 0.000927387 0 0 0 0 0 0 0 0 0 0 0 0 0 0 0 0 0 0 0 0 0 0 0 0 0 0 0 0 0 0 0 0 0 0 0 0 0 0 0 0 0 0 0 0 0 0 0 0 0 0 0 0 0 0 0 0 0 0 0 0 0 0 0 0 0 0 0 0 0 0 0 0 0 0 0 0 0 0 0 0 0 0
0.552648 2.19939e-14 2.19854e-14 8.51742e-18 0.000387263 0.000843478 0 0 0 0 0 0 0 0 0 0 0 0 0 0 0 0 0 0 0 0 0 0 0 0 0 0 0 0 0 0 0 0 0 0 0 0 0 0 0 0 0 0 0 0 0 0 0 0 0 0 0 0 0 0 0 0 0 0 0 0 0 0 0 0 0 0 0 0 0 0 0 0 0 0 0 0 0 0 0 0 0 0
0.581015 1.78504e-14 1.78434e-14 7.01507e-18 0.000392993 0.000765478 0 0 0 0 0 0 0 0 0 0 0 0 0 0 0 0 0 0 0 0 0 0 0 0 0 0 0 0 0 0 0 0 0 0 0 0 0 0 0 0 0 0 0 0 0 0 0 0 0 0 0 0 0 0 0 0 0 0 0 0 0 0 0 0 0 0 0 0 0 0 0 0 0 0 0 0 0 0 0 0 0 0
0.610839 1.43671e-14 1.43613e-14 5.78611e-18 0.000402734 0.00069466 0 0 0 0 0 0 0 0 0 0 0 0 0 0 0 0 0 0 0 0 0 0 0 0 0 0 0 0 0 0 0 0 0 0 0 0 0 0 0 0 0 0 0 0 0 0 0 0 0 0 0 0 0 0 0 0 0 0 0 0 0 0 0 0 0 0 0 0 0 0 0 0 0 0 0 0 0 0 0 0 0 0
0.642193 1.147e-14 1.14653e-14 4.78178e-18 0.000416894 0.000630433 0 0 0 0 0 0 0 0 0 0 0 0 0 0 0 0 0 0 0 0 0 0 0 0 0 0 0 0 0 0 0 0 0 0 0 0 0 0 0 0 0 0 0 0 0 0 0 0 0 0 0 0 0 0 0 0 0 0 0 0 0 0 0 0 0 0 0 0 0 0 0 0 0 0 0 0 0 0 0 0 0 0
0.675157 9.08658e-15 9.08262e-15 3.96011e-18 0.00043582 0.000572542 0 0 0 0 0 0 0 0 0 0 0 0 0 0 0 0 0 0 0 0 0 0 0 0 0 0 0 0 0 0 0 0 0 0 0 0 0 0 0 0 0 0 0 0 0 0 0 0 0 0 0 0 0 0 0 0 0 0 0 0 0 0 0 0 0 0 0 0 0 0 0 0 0 0 0 0 0 0 0 0 0 0
0.709813 7.14821e-15 7.14492e-15 3.28656e-18 0.000459775 0.00052049 0 0 0 0 0 0 0 0 0 0 0 0 0 0 0 0 0 0 0 0 0 0 0 0 0 0 0 0 0 0 0 0 0 0 0 0 0 0 0 0 0 0 0 0 0 0 0 0 0 0 0 0 0 0 0 0 0 0 0 0 0 0 0 0 0 0 0 0 0 0 0 0 0 0 0 0 0 0 0 0 0 0
0.746248 5.58958e-15 5.58684e-15 2.73282e-18 0.000488913 0.000473974 0 0 0 0 0 0 0 0 0 0 0 0 0 0 0 0 0 0 0 0 0 0 0 0 0 0 0 0 0 0 0 0 0 0 0 0 0 0 0 0 0 0 0 0 0 0 0 0 0 0 0 0 0 0 0 0 0 0 0 0 0 0 0 0 0 0 0 0 0 0 0 0 0 0 0 0 0 0 0 0 0 0
0.784553 4.34991e-15 4.34763e-15 2.27598e-18 0.000523225 0.000431736 0 0 0 0 0 0 0 0 0 0 0 0 0 0 0 0 0 0 0 0 0 0 0 0 0 0 0 0 0 0 0 0 0 0 0 0 0 0 0 0 0 0 0 0 0 0 0 0 0 0 0 0 0 0 0 0 0 0 0 0 0 0 0 0 0 0 0 0 0 0 0 0 0 0 0 0 0 0 0 0 0 0
0.824824 3.36842e-15 3.36652e-15 1.89816e-18 0.000563517 0.000393886 0 0 0 0 0 0 0 0 0 0 0 0 0 0 0 0 0 0 0 0 0 0 0 0 0 0 0 0 0 0 0 0 0 0 0 0 0 0 0 0 0 0 0 0 0 0 0 0 0 0 0 0 0 0 0 0 0 0 0 0 0 0 0 0 0 0 0 0 0 0 0 0 0 0 0 0 0 0 0 0 0 0
0.867162 2.62343e-15 2.62184e-15 1.5843e-18 0.000603905 0.000359771 0 0 0 0 0 0 0 0 0 0 0 0 0 0 0 0 0 0 0 0 0 0 0 0 0 0 0 0 0 0 0 0 0 0 0 0 0 0 0 0 0 0 0 0 0 0 0 0 0 0 0 0 0 0 0 0 0 0 0 0 0 0 0 0 0 0 0 0 0 0 0 0 0 0 0 0 0 0 0 0 0 0
0.911674 2.19232e-15 2.19099e-15 1.32311e-18 0.000603519 0.000328914 0 0 0 0 0 0 0 0 0 0 0 0 0 0 0 0 0 0 0 0 0 0 0 0 0 0 0 0 0 0 0 0 0 0 0 0 0 0 0 0 0 0 0 0 0 0 0 0 0 0 0 0 0 0 0 0 0 0 0 0 0 0 0 0 0 0 0 0 0 0 0 0 0 0 0 0 0 0 0 0 0 0
0.95847 2.17881e-15 2.17771e-15 1.1051e-18 0.000507204 0.000301264 0 0 0 0 0 0 0 0 0 0 0 0 0 0 0 0 0 0 0 0 0 0 0 0 0 0 0 0 0 0 0 0 0 0 0 0 0 0 0 0 0 0 0 0 0 0 0 0 0 0 0 0 0 0 0 0 0 0 0 0 0 0 0 0 0 0 0 0 0 0 0 0 0 0 0 0 0 0 0 0 0 0
1.00767 3.82021e-15 3.81929e-15 9.22836e-19 0.000241567 0.00027616 0 0 0 0 0 0 0 0 0 0 0 0 0 0 0 0 0 0 0 0 0 0 0 0 0 0 0 0 0 0 0 0 0 0 0 0 0 0 0 0 0 0 0 0 0 0 0 0 0 0 0 0 0 0 0 0 0 0 0 0 0 0 0 0 0 0 0 0 0 0 0 0 0 0 0 0 0 0 0 0 0 0
1.05939 8.76357e-15 8.7628e-15 7.70259e-19 8.78933e-05 0.00025339 0 0 0 0 0 0 0 0 0 0 0 0 0 0 0 0 0 0 0 0 0 0 0 0 0 0 0 0 0 0 0 0 0 0 0 0 0 0 0 0 0 0 0 0 0 0 0 0 0 0 0 0 0 0 0 0 0 0 0 0 0 0 0 0 0 0 0 0 0 0 0 0 0 0 0 0 0 0 0 0 0 0
1.11377 2.49881e-15 2.49817e-15 6.42267e-19 0.000257029 0.000232664 0 0 0 0 0 0 0 0 0 0 0 0 0 0 0 0 0 0 0 0 0 0 0 0 0 0 0 0 0 0 0 0 0 0 0 0 0 0 0 0 0 0 0 0 0 0 0 0 0 0 0 0 0 0 0 0 0 0 0 0 0 0 0 0 0 0 0 0 0 0 0 0 0 0 0 0 0 0 0 0 0 0
1.17094 1.72834e-15 1.72781e-15 5.35334e-19 0.000309738 0.000213317 0 0 0 0 0 0 0 0 0 0 0 0 0 0 0 0 0 0 0 0 0 0 0 0 0 0 0 0 0 0 0 0 0 0 0 0 0 0 0 0 0 0 0 0 0 0 0 0 0 0 0 0 0 0 0 0 0 0 0 0 0 0 0 0 0 0 0 0 0 0 0 0 0 0 0 0 0 0 0 0 0 0
1.23105 2.3522e-15 2.35175e-15 4.45628e-19 0.000189452 0.00019558 0 0 0 0 0 0 0 0 0 0 0 0 0 0 0 0 0 0 0 0 0 0 0 0 0 0 0 0 0 0 0 0 0 0 0 0 0 0 0 0 0 0 0 0 0 0 0 0 0 0 0 0 0 0 0 0 0 0 0 0 0 0 0 0 0 0 0 0 0 0 0 0 0 0 0 0 0 0 0 0 0 0
1.29424 2.09696e-15 2.09659e-15 3.70622e-19 0.000176742 0.000179284 0 0 0 0 0 0 0 0 0 0 0 0 0 0 0 0 0 0 0 0 0 0 0 0 0 0 0 0 0 0 0 0 0 0 0 0 0 0 0 0 0 0 0 0 0 0 0 0 0 0 0 0 0 0 0 0 0 0 0 0 0 0 0 0 0 0 0 0 0 0 0 0 0 0 0 0 0 0 0 0 0 0
1.36067 1.04946e-15 1.04915e-15 3.07916e-19 0.000293405 0.000164441 0 0 0 0 0 0 0 0 0 0 0 0 0 0 0 0 0 0 0 0 0 0 0 0 0 0 0 0 0 0 0 0 0 0 0 0 0 0 0 0 0 0 0 0 0 0 0 0 0 0 0 0 0 0 0 0 0 0 0 0 0 0 0 0 0 0 0 0 0 0 0 1.4013e-45 0 1.4013e-45 0 1.4013e-45 0 1.4013e-45 0 1.4013e-45 0 1.4013e-45
1.43051 6.07879e-16 6.07624e-16 2.55464e-19 0.000420254 0.00015091 0 0 0 0 0 0 0 0 0 0 0 0 0 0 0 0 0 0 0 0 0 0 0 0 0 0 0 0 0 0 0 0 0 0 0 0 0 0 0 0 0 1.4013e-45 0 1.4013e-45 0 1.4013e-45 0 1.4013e-45 0 2.8026e-45 0 2.8026e-45 0 4.2039e-45 0 4.2039e-45 0 5.60519e-45 0 7.00649e-45 0 8.40779e-45 0 1.12104e-44 0 1.4013e-44 0 1.68156e-44 0 1.96182e-44 0 2.38221e-44 0 2.94273e-44 0 3.50325e-44 0 4.06377e-44 0 4.90454e-44 0 5.74532e-44
1.50394 4.11998e-16 4.11787e-16 2.11757e-19 0.000513975 0.000138385 0 0 0 0 0 0 0 0 0 0 0 0 0 0 0 0 0 0 0 0 0 0 0 1.4013e-45 0 1.4013e-45 0 1.4013e-45 0 2.8026e-45 0 4.2039e-45 0 7.00649e-45 0 9.80909e-45 0 1.26117e-44 0 1.82169e-44 0 2.38221e-44 0 3.22299e-44 0 4.2039e-44 0 5.46506e-44 0 7.14662e-44 0 9.10844e-44 0 1.16308e-43 0 1.45735e-43 0 1.82169e-43 0 2.25609e-43 0 2.78858e-43 0 3.41917e-43 0 4.16186e-43 0 5.04467e-43 0 6.06762e-43 0 7.28675e-43 0 8.68805e-43 0 1.03276e-42 0 1.22333e-42 0 1.44194e-42 0 1.69417e-42
1.58114 3.04197e-16 3.04021e-16 1.75365e-19 0.000576487 0.000126733 0 0 0 0 0 0 0 0 0 0 0 0 0 1.4013e-45 0 2.8026e-45 0 5.60519e-45 0 8.40779e-45 0 1.54143e-44 0 2.66247e-44 0 4.2039e-44 0 6.5861e-44 0 9.80909e-44 0 1.44334e-43 0 2.07392e-43 0 2.9147e-43 0 4.03574e-43 0 5.5071e-43 0 7.38484e-43 0 9.79508e-43 0 1.28219e-42 0 1.66334e-42 0 2.13418e-42 0 2.71432e-42 0 3.42337e-42 0 4.28377e-42 0 5.32073e-42 0 6.56508e-42 0 8.04906e-42 0 9.80909e-42 0 1.18844e-41 0 1.43241e-41 0 1.71841e-41 0 2.05108e-41 0 2.43714e-41 0 2.88359e-41 0 3.39941e-41 0 3.99062e-41 0 4.66759e-41
1.6623 2.33896e-16 2.33751e-16 1.45069e-19 0.000620229 0.000115926 0 0 0 0 0 0 0 1.4013e-45 0 5.60519e-45 0 1.54143e-44 0 3.64338e-44 0 7.84727e-44 0 1.52742e-43 0 2.77457e-43 0 4.77843e-43 0 7.86128e-43 0 1.24435e-42 0 1.90577e-42 0 2.83623e-42 0 4.12262e-42 0 5.86303e-42 0 8.18218e-42 0 1.12244e-41 0 1.51649e-41 0 2.02137e-41 0 2.66023e-41 0 3.46107e-41 0 4.45781e-41 0 5.68493e-41 0 7.18544e-41 0 9.01077e-41 0 1.12104e-40 0 1.38475e-40 0 1.69916e-40 0 2.07277e-40 0 2.51303e-40 0 3.02996e-40 0 3.63442e-40 0 4.33984e-40 0 5.15655e-40 0 6.10008e-40 0 7.18638e-40 0 8.43594e-40 0 9.86255e-40 0 1.14891e-39
1.74763 1.78928e-16 1.78809e-16 1.19908e-19 0.000670146 0.000106169 0 0 0 0 0 7.00649e-45 0 4.2039e-44 0 1.52742e-43 0 4.24593e-43 0 1.00333e-42 0 2.10475e-42 0 4.03994e-42 0 7.24892e-42 0 1.23132e-41 0 1.99881e-41 0 3.127e-41 0 4.73723e-41 0 6.98183e-41 0 1.00517e-40 0 1.41677e-40 0 1.96081e-40 0 2.66849e-40 0 3.57784e-40 0 4.73474e-40 0 6.18801e-40 0 7.99741e-40 0 1.02347e-39 0 1.29717e-39 0 1.62984e-39 0 2.03215e-39 0 2.51418e-39 0 3.08897e-39 0 3.77062e-39 0 4.57641e-39 0 5.52121e-39 0 6.62517e-39 0 7.91001e-39 0 9.40239e-39 0 1.11225e-38 0 1.3101e-38 0 1.53693e-38 0 1.79673e-38 0 2.09213e-38 0 2.42761e-38
1.83733 1.16058e-16 1.15959e-16 9.90241e-20 0.000853228 9.72468e-05 0 1.4013e-45 0 1.12104e-44 0 1.69557e-43 0 9.19252e-43 0 3.20617e-42 0 8.71468e-42 0 2.0124e-41 0 4.14308e-41 0 7.82569e-41 0 1.38359e-40 0 2.31918e-40 0 3.71956e-40 0 5.7539e-40 0 8.62613e-40 0 1.25906e-39 0 1.79613e-39 0 2.50985e-39 0 3.44535e-39 0 4.65253e-39 0 6.1921e-39 0 8.13657e-39 0 1.05623e-38 0 1.35626e-38 0 1.72487e-38 0 2.17302e-38 0 2.71457e-38 0 3.3657e-38 0 4.14157e-38 0 5.06183e-38 0 6.14756e-38 0 7.42449e-38 0 8.91441e-38 0 1.06471e-37 0 1.26545e-37 0 1.49754e-37 0 1.76388e-37 0 2.06894e-37 0 2.4172e-37 0 2.81444e-37 0 3.26433e-37 0 3.77327e-37
1.93164 7.00389e-17 6.99572e-17 8.1701e-20 0.00116651 8.90716e-05 0 1.96182e-44 0 2.22806e-43 0 3.10247e-42 0 1.60715e-41 0 5.43031e-41 0 1.43895e-40 0 3.25384e-40 0 6.57898e-40 0 1.22312e-39 0 2.13185e-39 0 3.52749e-39 0 5.59118e-39 0 8.5551e-39 0 1.26962e-38 0 1.83568e-38 0 2.59548e-38 0 3.59649e-38 0 4.89786e-38 0 6.56417e-38 0 8.67373e-38 0 1.13193e-37 0 1.45973e-37 0 1.86258e-37 0 2.35443e-37 0 2.94886e-37 0 3.66303e-37 0 4.51692e-37 0 5.52893e-37 0 6.72307e-37 0 8.1248e-37 0 9.76522e-37 0 1.16702e-36 0 1.38754e-36 0 1.64187e-36 0 1.9346e-36 0 2.26912e-36 0 2.65068e-36 1.4013e-45 3.0845e-36 1.4013e-45 3.57731e-36 1.4013e-45 4.13331e-36 2.8026e-45 4.75988e-36
2.03079 8.98221e-17 8.97548e-17 6.73579e-20 0.000749903 8.149e-05 0 7.63708e-43 0 8.05186e-42 0 1.04474e-40 0 5.19226e-40 0 1.70152e-39 0 4.39982e-39 0 9.74847e-39 0 1.93673e-38 0 3.54549e-38 0 6.09457e-38 0 9.95847e-38 0 1.56044e-37 0 2.36239e-37 0 3.47149e-37 0 4.97322e-37 0 6.97095e-37 0 9.58081e-37 0 1.29468e-36 0 1.72243e-36 0 2.26009e-36 0 2.9297e-36 0 3.75398e-36 0 4.76063e-36 0 5.98217e-36 0 7.44991e-36 0 9.20346e-36 0 1.12886e-35 1.4013e-45 1.3747e-35 1.4013e-45 1.66331e-35 2.8026e-45 2.00042e-35 4.2039e-45 2.39303e-35 7.00649e-45 2.84687e-35 1.12104e-44 3.36987e-35 1.82169e-44 3.97037e-35 2.8026e-44 4.65857e-35 4.48416e-44 5.44175e-35 6.86636e-44 6.33142e-35 1.05097e-43 7.33894e-35 1.54143e-43 8.47892e-35 2.2701e-43 9.76025e-35 3.33509e-43 1.11989e-34
2.13503 8.79542e-17 8.78987e-17 5.55024e-20 0.000631037 7.45369e-05 0 1.95061e-41 0 1.93037e-40 0 2.34465e-39 0 1.11904e-38 0 3.55982e-38 0 8.98909e-38 0 1.95261e-37 0 3.81357e-37 0 6.87731e-37 0 1.16636e-36 0 1.88267e-36 0 2.91727e-36 0 4.37109e-36 0 6.36191e-36 0 9.03261e-36 0 1.25545e-35 0 1.7118e-35 0 2.29581e-35 0 3.03252e-35 0 3.95205e-35 0 5.08958e-35 1.4013e-45 6.48093e-35 2.8026e-45 8.16972e-35 5.60519e-45 1.02068e-34 1.12104e-44 1.26407e-34 2.10195e-44 1.55326e-34 3.78351e-44 1.8953e-34 6.86636e-44 2.29652e-34 1.20512e-43 2.76521e-34 2.0459e-43 3.31005e-34 3.41917e-43 3.94158e-34 5.54914e-43 4.66831e-34 8.94028e-43 5.50212e-34 1.39709e-42 6.45538e-34 2.17061e-42 7.54322e-34 3.35891e-42 8.77621e-34 5.04047e-42 1.01713e-33 7.53338e-42 1.1745e-33 1.09273e-41 1.35188e-33 1.5801e-41 1.55051e-33 2.27781e-41 1.77273e-33
2.24463 7.96559e-17 7.96102e-17 4.57008e-20 0.000573729 6.81996e-05 0 4.03326e-40 0 3.74995e-39 0 4.27064e-38 0 1.95955e-37 0 6.05608e-37 0 1.49439e-36 0 3.1842e-36 0 6.11653e-36 0 1.08704e-35 0 1.81957e-35 0 2.90233e-35 0 4.44864e-35 0 6.59889e-35 0 9.51505e-35 0 1.3392e-34 0 1.84612e-34 1.4013e-45 2.49774e-34 4.2039e-45 3.32533e-34 9.80909e-45 4.36187e-34 2.24208e-44 5.64683e-34 5.04467e-44 7.226e-34 1.05097e-43 9.14554e-34 2.18603e-43 1.14615e-33 4.21791e-43 1.4239e-33 8.07148e-43 1.75392e-33 1.48678e-42 2.14395e-33 2.63724e-42 2.60285e-33 4.64671e-42 3.13848e-33 7.90332e-42 3.76118e-33 1.29984e-41 4.48165e-33 2.12577e-41 5.3129e-33 3.36592e-41 6.26527e-33 5.30391e-41 7.35327e-33 8.10189e-41 8.59192e-33 1.23248e-40 9.99959e-33 1.86726e-40 1.15888e-32 2.74643e-40 1.338e-32 4.02548e-40 1.53928e-32 5.73392e-40 1.7653e-32 8.14332e-40 2.0175e-32 1.15314e-39 2.29864e-32
2.35984 7.10509e-17 7.10133e-17 3.761e-20 0.000529338 6.23712e-05 0 7.21837e-39 0 6.31735e-38 0 6.75688e-37 0 2.98376e-36 0 8.96583e-36 0 2.16335e-35 0 4.52407e-35 0 8.55106e-35 0 1.49826e-34 0 2.47611e-34 0 3.90413e-34 0 5.92119e-34 1.4013e-45 8.6976e-34 4.2039e-45 1.24277e-33 1.4013e-44 1.73432e-33 4.06377e-44 2.37174e-33 1.10703e-43 3.18476e-33 2.84464e-43 4.20971e-33 6.76827e-43 5.48451e-33 1.53442e-42 7.05434e-33 3.33089e-42 8.97126e-33 6.73184e-42 1.12873e-32 1.34567e-41 1.40653e-32 2.51505e-41 1.73781e-32 4.6589e-41 2.12931e-32 8.32385e-41 2.5896e-32 1.43623e-40 3.12842e-32 2.46106e-40 3.75428e-32 4.07939e-40 4.47844e-32 6.54797e-40 5.31247e-32 1.04548e-39 6.27043e-32 1.61865e-39 7.36326e-32 2.4946e-39 8.60648e-32 3.73259e-39 1.00161e-31 5.56302e-39 1.16115e-31 8.25898e-39 1.34058e-31 1.19209e-38 1.54204e-31 1.71495e-38 1.7676e-31 2.40096e-38 2.01994e-31 3.35193e-38 2.30053e-31 4.6666e-38 2.61222e-31
2.48097 6.33526e-17 6.33217e-17 3.09344e-20 0.000488289 5.6987e-05 0 1.13973e-37 0 9.41061e-37 0 9.47e-36 0 4.02883e-35 0 1.17796e-34 0 2.78099e-34 0 5.71073e-34 0 1.06257e-33 0 1.8362e-33 1.4013e-45 2.99719e-33 4.2039e-45 4.67282e-33 2.24208e-44 7.01438e-33 8.82818e-44 1.02056e-32 3.08286e-43 1.44538e-32 9.48679e-43 2.00044e-32 2.66807e-42 2.71441e-32 6.89579e-42 3.61819e-32 1.69613e-41 4.74937e-32 3.86436e-41 6.14674e-32 8.42489e-41 7.85636e-32 1.761e-40 9.93097e-32 3.43908e-40 1.24227e-31 6.64583e-40 1.53945e-31 1.20473e-39 1.89187e-31 2.16548e-39 2.30618e-31 3.76089e-39 2.79082e-31 6.31865e-39 3.35532e-31 1.05464e-38 4.00791e-31 1.70553e-38 4.75952e-31 2.67509e-38 5.62131e-31 4.1747e-38 6.60679e-31 6.32695e-38 7.72633e-31 9.54709e-38 8.99471e-31 1.40067e-37 1.04271e-30 2.04727e-37 1.20419e-30 2.98134e-37 1.38511e-30 4.2268e-37 1.5875e-30 5.9737e-37 1.81328e-30 8.22699e-37 2.06495e-30 1.13e-36 2.34385e-30 1.54798e-36 2.65261e-30
2.60832 5.67288e-17 5.67034e-17 2.54324e-20 0.000448315 5.20084e-05 0 1.60125e-36 0 1.25068e-35 0 1.18646e-34 0 4.86813e-34 0 1.38604e-33 0 3.20362e-33 0 6.46309e-33 1.4013e-45 1.18433e-32 9.80909e-45 2.01924e-32 6.72623e-44 3.2564e-32 3.50325e-43 5.02162e-32 1.512e-42 7.46275e-32 5.49309e-42 1.07576e-31 1.80697e-41 1.51048e-31 5.26005e-41 2.07374e-31 1.40644e-40 2.79257e-31 3.47121e-40 3.69581e-31 8.17064e-40 4.81836e-31 1.78823e-39 6.19591e-31 3.75302e-39 7.87062e-31 7.56731e-39 9.89051e-31 1.43031e-38 1.23025e-30 2.67651e-38 1.51633e-30 4.71298e-38 1.85376e-30 8.23243e-38 2.24841e-30 1.39174e-37 2.70776e-30 2.27977e-37 3.24021e-30 3.71113e-37 3.85292e-30 5.86235e-37 4.55542e-30 8.99511e-37 5.35738e-30 1.37359e-36 6.27051e-30 2.0399e-36 7.30362e-30 3.01691e-36 8.4694e-30 4.34409e-36 9.78077e-30 6.2329e-36 1.12534e-29 8.91163e-36 1.28974e-29 1.2421e-35 1.47297e-29 1.72605e-35 1.67666e-29 2.34026e-35 1.9029e-29 3.16497e-35 2.15278e-29 4.26958e-35 2.42851e-29
2.74221 5.11372e-17 5.11163e-17 2.09022e-20 0.000408748 4.74789e-05 0 2.01447e-35 0 1.49267e-34 0 1.33776e-33 0 5.29967e-33 0 1.47048e-32 0 3.32954e-32 7.00649e-45 6.60244e-32 8.82818e-44 1.19202e-31 7.14662e-43 2.00592e-31 4.18988e-42 3.19714e-31 2.01675e-41 4.87794e-31 8.11058e-41 7.17878e-31 2.76528e-40 1.02552e-30 8.58339e-40 1.42789e-30 2.37162e-39 1.945e-30 6.0439e-39 2.59989e-30 1.42732e-38 3.41688e-30 3.22214e-38 4.42528e-30 6.78739e-38 5.65476e-30 1.37386e-37 7.14024e-30 2.6769e-37 8.92125e-30 4.90481e-37 1.1036e-29 8.90172e-37 1.35307e-29 1.52476e-36 1.64577e-29 2.59184e-36 1.9864e-29 4.27076e-36 2.38094e-29 6.82926e-36 2.83611e-29 1.08557e-35 3.35753e-29 1.67698e-35 3.95274e-29 2.5199e-35 4.62932e-29 3.76927e-35 5.39646e-29 5.49066e-35 6.26092e-29 7.96673e-35 7.23259e-29 1.1269e-34 8.32143e-29 1.58863e-34 9.53957e-29 2.23207e-34 1.08945e-28 3.06102e-34 1.23994e-28 4.18588e-34 1.40665e-28 5.59169e-34 1.59118e-28 7.45157e-34 1.79432e-28 9.90639e-34 2.01776e-28
2.88297 4.65295e-17 4.65124e-17 1.71685e-20 0.00036898 4.33873e-05 0 2.28459e-34 0 1.61062e-33 0 1.36673e-32 0 5.23375e-32 1.4013e-45 1.4163e-31 2.94273e-44 3.14342e-31 5.15678e-43 6.12994e-31 5.37398e-42 1.09084e-30 3.94339e-41 1.81243e-30 2.12058e-40 2.85592e-30 9.45354e-40 4.31234e-30 3.55199e-39 6.28636e-30 1.14065e-38 8.90164e-30 3.35006e-38 1.22933e-29 8.80825e-38 1.66176e-29 2.1445e-37 2.20532e-29 4.85632e-37 2.87867e-29 1.05358e-36 3.70423e-29 2.14007e-36 4.70443e-29 4.18518e-36 5.90562e-29 7.89334e-36 7.33744e-29 1.40414e-35 9.02826e-29 2.47528e-35 1.10122e-28 4.12992e-35 1.33281e-28 6.84065e-35 1.601e-28 1.10003e-34 1.91017e-28 1.71917e-34 2.2652e-28 2.67162e-34 2.67011e-28 4.0404e-34 3.13034e-28 5.95177e-34 3.65131e-28 8.72934e-34 4.23958e-28 1.24845e-33 4.89991e-28 1.77883e-33 5.63929e-28 2.47394e-33 6.46473e-28 3.42959e-33 7.38478e-28 4.73934e-33 8.40459e-28 6.4e-33 9.53332e-28 8.61914e-33 1.07795e-27 1.13522e-32 1.21542e-27 1.49175e-32 1.36627e-27 1.95581e-32 1.53167e-27
3.03095 4.32403e-17 4.32262e-17 1.40998e-20 0.000326079 3.96691e-05 0 2.37316e-33 0 1.59617e-32 0 1.28536e-31 0 4.76338e-31 5.88545e-44 1.25815e-30 1.91277e-42 2.73876e-30 2.90447e-41 5.25472e-30 2.69854e-40 9.22052e-30 1.79655e-39 1.51314e-29 8.89932e-39 2.35794e-29 3.68809e-38 3.52462e-29 1.29901e-37 5.09072e-29 3.94051e-37 7.14708e-29 1.09802e-36 9.79188e-29 2.7539e-36 1.3138e-28 6.41973e-36 1.73132e-28 1.3969e-35 2.24501e-28 2.91812e-35 2.87071e-28 5.72582e-35 3.62412e-28 1.08368e-34 4.5236e-28 1.98151e-34 5.58971e-28 3.42715e-34 6.84192e-28 5.87659e-34 8.30363e-28 9.56287e-34 1.00013e-27 1.54541e-33 1.1958e-27 2.42817e-33 1.42031e-27 3.713e-33 1.67697e-27 5.64721e-33 1.96842e-27 8.36974e-33 2.29831e-27 1.20982e-32 2.67021e-27 1.74154e-32 3.08848e-27 2.44759e-32 3.55618e-27 3.42763e-32 4.07792e-27 4.69087e-32 4.65826e-27 6.40002e-32 5.30279e-27 8.7056e-32 6.01475e-27 1.15849e-31 6.80008e-27 1.53767e-31 7.66424e-27 1.9982e-31 8.6144e-27 2.59098e-31 9.65385e-27 3.35235e-31 1.079e-26
3.18653 4.74929e-17 4.74813e-17 1.15745e-20 0.000243711 3.62158e-05 0 2.62439e-32 0 1.68811e-31 0 1.29284e-30 4.90454e-44 4.64176e-30 4.30479e-42 1.19757e-29 1.17492e-40 2.5583e-29 1.56264e-39 4.83162e-29 1.30214e-38 8.36318e-29 7.90258e-38 1.35601e-28 3.62042e-37 2.09035e-28 1.39977e-36 3.09406e-28 4.63627e-36 4.42876e-28 1.33223e-35 6.16604e-28 3.53108e-35 8.38248e-28 8.46737e-35 1.11655e-27 1.89396e-34 1.46134e-27 3.96767e-34 1.88272e-27 7.99561e-34 2.39272e-27 1.51808e-33 3.00312e-27 2.78504e-33 3.72767e-27 4.94458e-33 4.58171e-27 8.32623e-33 5.57957e-27 1.39061e-32 6.7385e-27 2.20976e-32 8.0779e-27 3.48838e-32 9.61445e-27 5.36138e-32 1.13696e-26 8.03005e-32 1.33671e-26 1.19656e-31 1.56259e-26 1.73968e-31 1.81721e-26 2.46983e-31 2.10311e-26 3.49266e-31 2.4234e-26 4.82774e-31 2.78021e-26 6.65056e-31 3.17679e-26 8.96323e-31 3.61634e-26 1.2045e-30 4.10277e-26 1.61398e-30 4.6383e-26 2.11803e-30 5.22706e-26 2.77268e-30 5.87282e-26 3.5573e-30 6.58055e-26 4.55446e-30 7.35243e-26 5.81917e-30 8.19353e-26
3.35009 8.29449e-17 8.29354e-17 9.49854e-21 0.000114516 3.30413e-05 0 4.1755e-31 0 2.57366e-30 9.80909e-45 1.87824e-29 5.68927e-42 6.54047e-29 4.01216e-40 1.6495e-28 9.31741e-39 3.45997e-28 1.09213e-37 6.43508e-28 8.20568e-37 1.09918e-27 4.56029e-36 1.76147e-27 1.93959e-35 2.68693e-27 7.01994e-35 3.93922e-27 2.19307e-34 5.58922e-27 5.98524e-34 7.7187e-27 1.51266e-33 1.04142e-26 3.47565e-33 1.37738e-26 7.47461e-33 1.79072e-26 1.51033e-32 2.29259e-26 2.94124e-32 2.89622e-26 5.41225e-32 3.61444e-26 9.63937e-32 4.46221e-26 1.66408e-31 5.45609e-26 2.73177e-31 6.61138e-26 4.44965e-31 7.94655e-26 6.91264e-31 9.48223e-26 1.06719e-30 1.12359e-25 1.60614e-30 1.32303e-25 2.35862e-30 1.54901e-25 3.44681e-30 1.80352e-25 4.92059e-30 2.08925e-25 6.86724e-30 2.40884e-25 9.54826e-30 2.7655e-25 1.29912e-29 3.16137e-25 1.76186e-29 3.59979e-25 2.34018e-29 4.08402e-25 3.09973e-29 4.61805e-25 4.0946e-29 5.20404e-25 5.30252e-29 5.8462e-25 6.85076e-29 6.5483e-25 8.68312e-29 7.31535e-25 1.09838e-28 8.14941e-25 1.38669e-28 9.05559e-25
3.52205 3.5388e-17 3.53802e-17 7.79354e-21 0.000220231 3.01563e-05 0 1.47468e-30 0 8.72236e-30 2.90069e-43 6.07639e-29 1.29664e-40 2.05427e-28 7.42919e-39 5.06786e-28 1.47969e-37 1.04435e-27 1.538e-36 1.91363e-27 1.04721e-35 3.22679e-27 5.35236e-35 5.11239e-27 2.12112e-34 7.71889e-27 7.20968e-34 1.12114e-26 2.13049e-33 1.5772e-26 5.53632e-33 2.16092e-26 1.33727e-32 2.89413e-26 2.95037e-32 3.80144e-26 6.11213e-32 4.91015e-26 1.19333e-31 6.24774e-26 2.2495e-31 7.84678e-26 4.01794e-31 9.73851e-26 6.95721e-31 1.19592e-25 1.16945e-30 1.45488e-25 1.87388e-30 1.7544e-25 2.98044e-30 2.09889e-25 4.53166e-30 2.49325e-25 6.8493e-30 2.94159e-25 1.01046e-29 3.44924e-25 1.45629e-29 4.02207e-25 2.08912e-29 4.66458e-25 2.93099e-29 5.38309e-25 4.02449e-29 6.18369e-25 5.50635e-29 7.07377e-25 7.38004e-29 8.05822e-25 9.861e-29 9.14465e-25 1.29176e-28 1.03405e-24 1.6877e-28 1.16549e-24 2.19928e-28 1.30925e-24 2.81235e-28 1.46629e-24 3.58835e-28 1.63746e-24 4.49579e-28 1.82389e-24 5.6221e-28 2.02601e-24 7.01753e-28 2.24497e-24
3.70284 3.18691e-17 3.18627e-17 6.39257e-21 0.000200588 2.75158e-05 0 1.00384e-29 0 5.70269e-29 1.52742e-41 3.79774e-28 5.07533e-39 1.24762e-27 2.38643e-37 3.0127e-27 4.10719e-36 6.10238e-27 3.80792e-35 1.10209e-26 2.36098e-34 1.83517e-26 1.11432e-33 2.87548e-26 4.12888e-33 4.29838e-26 1.32202e-32 6.18679e-26 3.70535e-32 8.63127e-26 9.19011e-32 1.17347e-25 2.12628e-31 1.56038e-25 4.51333e-31 2.03579e-25 9.02339e-31 2.6129e-25 1.70511e-30 3.30481e-25 3.11627e-30 4.12706e-25 5.41068e-30 5.09437e-25 9.12101e-30 6.22379e-25 1.49479e-29 7.53409e-25 2.34067e-29 9.04215e-25 3.63947e-29 1.07684e-24 5.42164e-29 1.27356e-24 8.03085e-29 1.49623e-24 1.16249e-28 1.74729e-24 1.64576e-28 2.02941e-24 2.3197e-28 2.34461e-24 3.20113e-28 2.69574e-24 4.3279e-28 3.08552e-24 5.83153e-28 3.51728e-24 7.70491e-28 3.99314e-24 1.01504e-27 4.51651e-24 1.31226e-27 5.09065e-24 1.69225e-27 5.7196e-24 2.17689e-27 6.40539e-24 2.75049e-27 7.15219e-24 3.46792e-27 7.9637e-24 4.29734e-27 8.84486e-24 5.3156e-27 9.79747e-24 6.56352e-27 1.08265e-23
3.89291 3.01034e-17 3.00981e-17 5.24222e-21 0.000174141 2.50783e-05 0 6.57268e-29 1.96182e-44 3.58762e-28 6.84177e-40 2.28652e-27 1.71222e-37 7.3051e-27 6.67108e-36 1.72767e-26 9.99205e-35 3.44132e-26 8.30956e-34 6.12796e-26 4.71296e-33 1.00801e-25 2.06209e-32 1.56244e-25 7.16735e-32 2.31299e-25 2.16815e-31 3.29982e-25 5.77865e-31 4.56637e-25 1.37106e-30 6.16167e-25 3.04488e-30 8.13599e-25 6.23e-30 1.05453e-24 1.20412e-29 1.34511e-24 2.20576e-29 1.69138e-24 3.91431e-29 2.10049e-24 6.61567e-29 2.57914e-24 1.08715e-28 3.13509e-24 1.73921e-28 3.77681e-24 2.66444e-28 4.51185e-24 4.05456e-28 5.34936e-24 5.92359e-28 6.29948e-24 8.60766e-28 7.37035e-24 1.22369e-27 8.57277e-24 1.70324e-27 9.91849e-24 2.36082e-27 1.14162e-23 3.20705e-27 1.30784e-23 4.27253e-27 1.49168e-23 5.67372e-27 1.69459e-23 7.39513e-27 1.91746e-23 9.61208e-27 2.16175e-23 1.22717e-26 2.42887e-23 1.563e-26 2.72054e-23 1.98605e-26 3.03759e-23 2.48089e-26 3.3818e-23 3.09279e-26 3.75471e-23 3.79257e-26 4.15844e-23 4.64278e-26 4.59367e-23 5.67402e-26 5.06251e-23
4.09273 2.91774e-17 2.91731e-17 4.29832e-21 0.000147317 2.27781e-05 0 4.06609e-28 1.26958e-42 2.13249e-27 2.57291e-38 1.3018e-26 4.91719e-36 4.04751e-26 1.60211e-34 9.38023e-26 2.10262e-33 1.83818e-25 1.57677e-32 3.22856e-25 8.21649e-32 5.24789e-25 3.34506e-31 8.04904e-25 1.09405e-30 1.18031e-24 3.13544e-30 1.66941e-24 7.96614e-30 2.29194e-24 1.812e-29 3.07001e-24 3.87038e-29 4.02606e-24 7.647e-29 5.18496e-24 1.4312e-28 6.57382e-24 2.54539e-28 8.21903e-24 4.39226e-28 1.01518e-23 7.23568e-28 1.2401e-23 1.16055e-27 1.5e-23 1.81453e-27 1.79852e-23 2.72252e-27 2.13885e-23 4.05889e-27 2.52488e-23 5.82116e-27 2.96089e-23 8.30588e-27 3.45026e-23 1.16068e-26 3.99752e-23 1.58967e-26 4.60758e-23 2.16855e-26 5.28399e-23 2.90213e-26 6.0319e-23 3.81253e-26 6.85616e-23 4.99324e-26 7.76271e-23 6.42453e-26 8.75512e-23 8.24429e-26 9.83934e-23 1.04007e-25 1.10211e-22 1.30914e-25 1.23073e-22 1.64414e-25 1.37013e-22 2.0316e-25 1.52101e-22 2.50557e-25 1.684e-22 3.04204e-25 1.85994e-22 3.6874e-25 2.0491e-22 4.46251e-25 2.25231e-22
4.30281 2.90628e-17 2.90593e-17 3.52387e-21 0.00012125 2.06986e-05 1.4013e-45 2.38939e-27 6.57587e-41 1.20374e-26 8.21602e-37 7.04276e-26 1.21499e-34 2.13222e-25 3.33947e-33 4.84462e-25 3.86507e-32 9.3436e-25 2.62691e-31 1.61925e-24 1.26287e-30 2.60161e-24 4.80072e-30 3.94944e-24 1.48189e-29 5.7381e-24 4.03413e-29 8.04782e-24 9.79328e-29 1.09638e-23 2.14e-28 1.45809e-23 4.4047e-28 1.89944e-23 8.41811e-28 2.43093e-23 1.52804e-27 3.06395e-23 2.64228e-27 3.80945e-23 4.43961e-27 4.68041e-23 7.13758e-27 5.68864e-23 1.11871e-26 6.84784e-23 1.71136e-26 8.17287e-23 2.51736e-26 9.67658e-23 3.68055e-26 1.13746e-22 5.18644e-26 1.32843e-22 7.27291e-26 1.5419e-22 9.99858e-26 1.77967e-22 1.34854e-25 2.0437e-22 1.81194e-25 2.33537e-22 2.39063e-25 2.6567e-22 3.09901e-25 3.0096e-22 4.00564e-25 3.39639e-22 5.0908e-25 3.81843e-22 6.45372e-25 4.27802e-22 8.04994e-25 4.77738e-22 1.00193e-24 5.31921e-22 1.2444e-24 5.90467e-22 1.52185e-24 6.53653e-22 1.85778e-24 7.21715e-22 2.23428e-24 7.94978e-22 2.68296e-24 8.73529e-22 3.21683e-24 9.57689e-22
4.52368 3.00596e-17 3.00567e-17 2.88874e-21 9.61005e-05 1.88065e-05 1.12104e-43 1.35219e-26 2.88223e-39 6.54136e-26 2.27207e-35 3.66968e-25 2.63262e-33 1.0824e-24 6.15504e-32 2.41215e-24 6.32102e-31 4.58038e-24 3.91236e-30 7.8346e-24 1.74204e-29 1.24456e-23 6.20429e-29 1.87048e-23 1.81259e-28 2.69317e-23 4.69894e-28 3.74632e-23 1.09238e-27 5.06535e-23 2.29764e-27 6.6895e-23 4.5654e-27 8.65773e-23 8.45362e-27 1.10128e-22 1.49046e-26 1.38008e-22 2.5093e-26 1.70656e-22 4.1107e-26 2.0859e-22 6.45735e-26 2.52279e-22 9.90131e-26 3.02264e-22 1.48354e-25 3.59129e-22 2.14152e-25 4.23373e-22 3.07352e-25 4.95607e-22 4.25912e-25 5.76501e-22 5.87475e-25 6.66566e-22 7.95189e-25 7.66495e-22 1.05695e-24 8.77038e-22 1.39981e-24 9.9871e-22 1.82205e-24 1.13229e-21 2.33222e-24 1.27848e-21 2.97698e-24 1.43817e-21 3.73944e-24 1.61186e-21 4.68599e-24 1.80041e-21 5.78225e-24 2.00463e-21 7.12035e-24 2.22556e-21 8.75039e-24 2.46358e-21 1.05967e-23 2.71973e-21 1.28105e-23 2.99487e-21 1.52685e-23 3.29021e-21 1.81715e-23 3.60604e-21 2.15952e-23 3.94353e-21
4.75588 3.3083e-17 3.30806e-17 2.36788e-21 7.1574e-05 1.70717e-05 7.04433e-42 7.57433e-26 1.10595e-37 3.51754e-25 5.62568e-34 1.89282e-24 5.16857e-32 5.44175e-24 1.03605e-30 1.18993e-23 9.49617e-30 2.22542e-23 5.37711e-29 3.75815e-23 2.22587e-28 5.90423e-23 7.45075e-28 8.78707e-23 2.06574e-27 1.25408e-22 5.11183e-27 1.73054e-22 1.14041e-26 2.32268e-22 2.31316e-26 3.04653e-22 4.4447e-26 3.91789e-22 7.98626e-26 4.95399e-22 1.36961e-25 6.1733e-22 2.24793e-25 7.5932e-22 3.59485e-25 9.23429e-22 5.52386e-25 1.11148e-21 8.29502e-25 1.3256e-21 1.21857e-24 1.56807e-21 1.72778e-24 1.8408e-21 2.43636e-24 2.14615e-21 3.32283e-24 2.48671e-21 4.51189e-24 2.86439e-21 6.01755e-24 3.28183e-21 7.88803e-24 3.74191e-21 1.03045e-23 4.24651e-21 1.32413e-23 4.79855e-21 1.67457e-23 5.40072e-21 2.11219e-23 6.05632e-21 2.6238e-23 6.76712e-21 3.25192e-23 7.53635e-21 3.97172e-23 8.36703e-21 4.84138e-23 9.26293e-21 5.89012e-23 1.02254e-20 7.06657e-23 1.12584e-20 8.46407e-23 1.23648e-20 1.00021e-22 1.35492e-20 1.1803e-22 1.48125e-20 1.39091e-22 1.6159e-20
5 4.24571e-17 4.24552e-17 1.94044e-21 4.57036e-05 1.54135e-05 4.19619e-40 4.61388e-25 4.11009e-36 2.05684e-24 1.37825e-32 1.06206e-23 1.01548e-30 2.97741e-23 1.75838e-29 6.39081e-23 1.44645e-28 1.17756e-22 7.52558e-28 1.9639e-22 2.9065e-27 3.05217e-22 9.17174e-27 4.49919e-22 2.41938e-26 6.36618e-22 5.72786e-26 8.71632e-22 1.22875e-25 1.16149e-21 2.40775e-25 1.51334e-21 4.48126e-25 1.93412e-21 7.82483e-25 2.4314e-21 1.30705e-24 3.01323e-21 2.09398e-24 3.6871e-21 3.27276e-24 4.46189e-21 4.92455e-24 5.34538e-21 7.24971e-24 6.34662e-21 1.0452e-23 7.47528e-21 1.45691e-23 8.73935e-21 2.02022e-23 1.01487e-20 2.71385e-23 1.17143e-20 3.63036e-23 1.34438e-20 4.77425e-23 1.53484e-20 6.17611e-23 1.74397e-20 7.96356e-23 1.97256e-20 1.01086e-22 2.22178e-20 1.26382e-22 2.49274e-20 1.57614e-22 2.7868e-20 1.93728e-22 3.10462e-20 2.37602e-22 3.44752e-20 2.87375e-22 3.81673e-20 3.4693e-22 4.21375e-20 4.1806e-22 4.63911e-20 4.97121e-22 5.09432e-20 5.9021e-22 5.58063e-20 6.91793e-22 6.09982e-20 8.09785e-22 6.65217e-20 9.4666e-22 7.2394e-20
5.25665 1.09007e-16 1.09006e-16 1.59016e-21 1.45876e-05 1.39237e-05 4.09557e-38 5.25547e-24 2.56126e-34 2.24955e-23 5.77834e-31 1.11512e-22 3.45124e-29 3.04975e-22 5.19937e-28 6.42808e-22 3.85886e-27 1.16732e-21 1.85236e-26 1.92319e-21 6.69735e-26 2.95748e-21 1.9981e-25 4.31908e-21 5.02693e-25 6.0602e-21 1.14108e-24 8.23418e-21 2.35833e-24 1.08956e-20 4.47186e-24 1.41041e-20 8.0743e-24 1.79167e-20 1.37202e-23 2.23955e-20 2.23511e-23 2.76061e-20 3.49933e-23 3.3609e-20 5.35128e-23 4.04758e-20 7.89309e-23 4.82685e-20 1.14025e-22 5.7059e-20 1.61481e-22 6.69244e-20 2.2147e-22 7.79268e-20 3.02238e-22 9.01443e-20 4.002e-22 1.03662e-19 5.27802e-22 1.18539e-19 6.84887e-22 1.34863e-19 8.74922e-22 1.52723e-19 1.11422e-21 1.72178e-19 1.39797e-21 1.93319e-19 1.72886e-21 2.16229e-19 2.13297e-21 2.41013e-19 2.59542e-21 2.6772e-19 3.15164e-21 2.96448e-19 3.77662e-21 3.2729e-19 4.51754e-21 3.60361e-19 5.39441e-21 3.95695e-19 6.36055e-21 4.33407e-19 7.48858e-21 4.73589e-19 8.70967e-21 5.16374e-19 1.01171e-20 5.6178e-19 1.17373e-20 6.09933e-19
5.52648 9.53116e-17 9.53103e-17 1.30296e-21 1.36705e-05 1.25927e-05 1.12589e-36 1.90918e-23 4.59509e-33 7.85139e-23 7.11081e-30 3.73862e-22 3.47834e-28 9.97952e-22 4.59022e-27 2.06631e-21 3.08915e-26 3.69935e-21 1.37355e-25 6.02254e-21 4.66411e-25 9.1664e-21 1.31919e-24 1.3265e-20 3.1727e-24 1.84605e-20 6.91928e-24 2.48963e-20 1.38024e-23 3.27183e-20 2.53671e-23 4.20846e-20 4.44999e-23 5.31452e-20 7.36839e-23 6.60624e-20 1.17209e-22 8.10072e-20 1.79533e-22 9.81346e-20 2.68912e-22 1.1763e-19 3.89187e-22 1.39649e-19 5.5222e-22 1.64377e-19 7.68875e-22 1.92007e-19 1.03836e-21 2.22695e-19 1.3957e-21 2.56637e-19 1.82291e-21 2.94045e-19 2.37187e-21 3.35065e-19 3.03889e-21 3.79909e-19 3.83595e-21 4.28805e-19 4.8278e-21 4.81889e-19 5.99053e-21 5.39386e-19 7.33197e-21 6.01498e-19 8.95348e-21 6.6848e-19 1.07908e-20 7.40443e-19 1.29798e-20 8.17629e-19 1.54169e-20 9.00257e-19 1.82809e-20 9.88607e-19 2.1641e-20 1.08275e-18 2.53125e-20 1.18296e-18 2.9565e-20 1.28946e-18 3.41332e-20 1.40257e-18 3.936e-20 1.52231e-18 4.53334e-20 1.64899e-18
5.81015 1.62084e-16 1.62082e-16 1.06759e-21 6.58669e-06 1.13781e-05 5.02535e-35 1.26558e-22 1.36669e-31 5.00526e-22 1.47763e-28 2.29123e-21 5.97766e-27 5.97233e-21 6.95485e-26 1.21527e-20 4.26449e-25 2.14571e-20 1.76292e-24 3.45279e-20 5.63945e-24 5.20258e-20 1.5161e-23 7.46217e-20 3.49335e-23 1.03021e-19 7.33401e-23 1.37929e-19 1.41447e-22 1.80055e-19 2.52351e-22 2.30168e-19 4.307e-22 2.88985e-19 6.95817e-22 3.57282e-19 1.08204e-21 4.35871e-19 1.62324e-21 5.25479e-19 2.38387e-21 6.26979e-19 3.38838e-21 7.41093e-19 4.72636e-21 8.68676e-19 6.47518e-21 1.01063e-18 8.61737e-21 1.16766e-18 1.14168e-20 1.34066e-18 1.47183e-20 1.5306e-18 1.89061e-20 1.73813e-18 2.39315e-20 1.96422e-18 2.98668e-20 2.20988e-18 3.71697e-20 2.47571e-18 4.56383e-20 2.76273e-18 5.53096e-20 3.07182e-18 6.6886e-20 3.40412e-18 7.98803e-20 3.76009e-18 9.52216e-20 4.14081e-18 1.12155e-19 4.54723e-18 1.31888e-19 4.9806e-18 1.54849e-19 5.44116e-18 1.79739e-19 5.93015e-18 2.08349e-19 6.44848e-18 2.38861e-19 6.99759e-18 2.73528e-19 7.57749e-18 3.12874e-19 8.18954e-18
6.10839 5.80367e-16 5.80366e-16 8.74966e-22 1.50761e-06 1.02395e-05 3.97752e-33 1.66015e-21 7.3524e-30 6.32238e-21 5.65194e-27 2.78494e-20 1.90856e-25 7.09274e-20 1.96983e-24 1.41895e-19 1.10549e-23 2.47165e-19 4.26409e-23 3.93242e-19 1.28877e-22 5.8674e-19 3.30139e-22 8.34306e-19 7.30316e-22 1.14287e-18 1.47871e-21 1.5193e-18 2.7619e-21 1.97043e-18 4.7901e-21 2.50364e-18 7.96489e-21 3.12574e-18 1.25698e-20 3.84406e-18 1.913e-20 4.66624e-18 2.81355e-20 5.59904e-18 4.05514e-20 6.65059e-18 5.66578e-20 7.8275e-18 7.77567e-20 9.13762e-18 1.04903e-19 1.05893e-17 1.37673e-19 1.21887e-17 1.7991e-19 1.3944e-17 2.29077e-19 1.58641e-17 2.90681e-19 1.79546e-17 3.63737e-19 2.02241e-17 4.49064e-19 2.26819e-17 5.5293e-19 2.53329e-17 6.72138e-19 2.81862e-17 8.06964e-19 3.12496e-17 9.6685e-19 3.45331e-17 1.14472e-18 3.80405e-17 1.35291e-18 4.17812e-17 1.58081e-18 4.57634e-17 1.8443e-18 4.99981e-17 2.14848e-18 5.44869e-17 2.47574e-18 5.92406e-17 2.8492e-18 6.42671e-17 3.24473e-18 6.95787e-17 3.69115e-18 7.5175e-17 4.19449e-18 8.10676e-17
6.42193 3.67262e-16 3.67261e-16 7.15027e-22 1.94691e-06 9.30494e-06 4.72517e-32 3.62313e-21 6.04973e-29 1.33073e-20 3.36209e-26 5.64695e-20 9.56068e-25 1.40606e-19 8.80475e-24 2.76683e-19 4.54222e-23 4.75636e-19 1.64027e-22 7.48426e-19 4.6969e-22 1.10607e-18 1.14918e-21 1.55953e-18 2.4455e-21 2.12014e-18 4.78389e-21 2.79901e-18 8.66679e-21 3.60712e-18 1.46325e-20 4.55625e-18 2.37341e-20 5.65715e-18 3.66309e-20 6.92136e-18 5.46171e-20 8.36088e-18 7.88295e-20 9.98608e-18 1.11606e-19 1.18096e-17 1.53409e-19 1.38415e-17 2.07308e-19 1.60939e-17 2.75624e-19 1.85793e-17 3.56956e-19 2.13071e-17 4.60412e-19 2.42896e-17 5.79362e-19 2.75402e-17 7.26666e-19 3.10669e-17 8.99397e-19 3.48827e-17 1.09902e-18 3.90014e-17 1.33953e-18 4.34299e-17 1.61288e-18 4.81816e-17 1.91921e-18 5.32679e-17 2.27926e-18 5.87037e-17 2.67641e-18 6.44938e-17 3.13748e-18 7.06519e-17 3.63823e-18 7.71901e-17 4.21282e-18 8.41242e-17 4.8712e-18 9.14558e-17 5.57446e-18 9.92006e-17 6.3715e-18 1.0737e-16 7.21009e-18 1.15981e-16 8.15062e-18 1.25033e-16 9.20444e-18 1.34542e-16
6.75157 2.97943e-16 2.97942e-16 5.86443e-22 1.9683e-06 8.30847e-06 6.16056e-31 9.55892e-21 5.56194e-28 3.39198e-20 2.2703e-25 1.38843e-19 5.48251e-24 3.38222e-19 4.53033e-23 6.5495e-19 2.15721e-22 1.11157e-18 7.31667e-22 1.73039e-18 1.99022e-21 2.53361e-18 4.66128e-21 3.54307e-18 9.5603e-21 4.78117e-18 1.80991e-20 6.26967e-18 3.18518e-20 8.02986e-18 5.24192e-20 1.00845e-17 8.304e-20 1.24541e-17 1.25476e-19 1.51607e-17 1.83473e-19 1.82268e-17 2.60106e-19 2.1672e-17 3.62058e-19 2.55199e-17 4.89998e-19 2.97889e-17 6.52493e-19 3.45014e-17 8.55532e-19 3.96807e-17 1.09409e-18 4.53434e-17 1.39376e-18 5.1512e-17 1.73427e-18 5.82111e-17 2.15129e-18 6.54544e-17 2.63508e-18 7.32655e-17 3.18857e-18 8.16694e-17 3.84901e-18 9.06773e-17 4.59262e-18 1.00314e-16 5.41867e-18 1.10598e-16 6.38144e-18 1.21557e-16 7.43484e-18 1.33198e-16 8.64828e-18 1.45546e-16 9.95634e-18 1.58621e-16 1.14465e-17 1.72452e-16 1.31419e-17 1.87039e-16 1.49405e-17 2.0241e-16 1.69656e-17 2.18584e-16 1.9083e-17 2.35592e-16 2.14435e-17 2.53431e-16 2.40727e-17 2.72128e-16
7.09813 3.50842e-16 3.50842e-16 4.80393e-22 1.36926e-06 7.43974e-06 1.00566e-29 3.45786e-20 6.5126e-27 1.1877e-19 1.98216e-24 4.69617e-19 4.09748e-23 1.12002e-18 3.05414e-22 2.13538e-18 1.34759e-21 3.57934e-18 4.30609e-21 5.51416e-18 1.11546e-20 8.0011e-18 2.50617e-20 1.10998e-17 4.96302e-20 1.4871e-17 9.1075e-20 1.9373e-17 1.55916e-19 2.46624e-17 2.50428e-19 3.07997e-17 3.87905e-19 3.78381e-17 5.74441e-19 4.58351e-17 8.24517e-19 5.48497e-17 1.14915e-18 6.49309e-17 1.57396e-18 7.61401e-17 2.09891e-18 8.85233e-17 2.75614e-18 1.02137e-16 3.5663e-18 1.1704e-16 4.50628e-18 1.33274e-16 5.67309e-18 1.50894e-16 6.98419e-18 1.69962e-16 8.57291e-18 1.9051e-16 1.03973e-17 2.12596e-16 1.24647e-17 2.36283e-16 1.49088e-17 2.61595e-16 1.76364e-17 2.88592e-16 2.06412e-17 3.17322e-16 2.41153e-17 3.4785e-16 2.78873e-17 3.8019e-16 3.22001e-17 4.14401e-16 3.68164e-17 4.50533e-16 4.20394e-17 4.88654e-16 4.79416e-17 5.28762e-16 5.41627e-17 5.70924e-16 6.11238e-17 6.15182e-16 6.83586e-17 6.61615e-16 7.63783e-17 7.10204e-16 8.52602e-17 7.61019e-16
7.46248 8.55249e-16 8.55249e-16 3.93451e-22 4.60043e-07 6.63869e-06 2.95278e-28 2.45037e-19 1.39403e-25 8.16261e-19 3.2093e-23 3.12241e-18 5.72223e-22 7.29637e-18 3.86673e-21 1.37033e-17 1.58686e-20 2.26946e-17 4.79105e-20 3.461e-17 1.18472e-19 4.97805e-17 2.55866e-19 6.85244e-17 4.90071e-19 9.11645e-17 8.7305e-19 1.18007e-16 1.4559e-18 1.49344e-16 2.28494e-18 1.85491e-16 3.46449e-18 2.26719e-16 5.03308e-18 2.73321e-16 7.09782e-18 3.25595e-16 9.7334e-18 3.83787e-16 1.31283e-17 4.48205e-16 1.72626e-17 5.19072e-16 2.23686e-17 5.96669e-16 2.85818e-17 6.81291e-16 3.57051e-17 7.73126e-16 4.44477e-17 8.7245e-16 5.41673e-17 9.79564e-16 6.58269e-17 1.09461e-15 7.90871e-17 1.21788e-15 9.39767e-17 1.34966e-15 1.11426e-16 1.49007e-15 1.30734e-16 1.63939e-15 1.51837e-16 1.79783e-15 1.76051e-16 1.96573e-15 2.02148e-16 2.14311e-15 2.31778e-16 2.33027e-15 2.63278e-16 2.52743e-15 2.98688e-16 2.73492e-15 3.38444e-16 2.95269e-15 3.80091e-16 3.18107e-15 4.26417e-16 3.42026e-15 4.74291e-16 3.67061e-15 5.27072e-16 3.93201e-15 5.85213e-16 4.20478e-15
7.84553 1.0476e-15 1.0476e-15 3.22238e-22 3.07597e-07 5.86766e-06 3.81115e-27 8.27166e-19 1.33211e-24 2.67754e-18 2.35152e-22 9.92437e-18 3.64265e-21 2.27404e-17 2.24225e-20 4.20935e-17 8.58894e-20 6.8905e-17 2.45697e-19 1.04057e-16 5.81287e-19 1.48398e-16 1.20909e-18 2.02736e-16 2.24349e-18 2.67886e-16 3.88563e-18 3.44608e-16 6.31989e-18 4.33628e-16 9.7028e-18 5.35718e-16 1.44157e-17 6.51534e-16 2.05642e-17 7.81783e-16 2.85176e-17 9.2719e-16 3.85085e-17 1.08832e-15 5.11867e-17 1.26593e-15 6.64124e-17 1.46051e-15 8.49742e-17 1.67274e-15 1.07286e-16 1.9033e-15 1.32575e-16 2.15261e-15 1.63282e-16 2.42131e-15 1.97075e-16 2.7101e-15 2.37227e-16 3.01927e-15 2.82472e-16 3.34949e-15 3.32838e-16 3.70144e-15 3.91369e-16 4.07532e-15 4.55618e-16 4.47177e-15 5.25312e-16 4.8913e-15 6.04699e-16 5.33462e-15 6.89669e-16 5.80177e-15 7.85494e-16 6.29338e-15 8.86715e-16 6.80997e-15 9.99794e-16 7.35226e-15 1.12598e-15 7.92009e-15 1.25739e-15 8.51418e-15 1.40274e-15 9.13494e-15 1.55215e-15 9.78321e-15 1.71601e-15 1.04586e-14 1.89559e-15 1.11619e-14
8.24824 3.96511e-16 3.96511e-16 2.63889e-22 6.65527e-07 5.14988e-06 1.33844e-26 8.19464e-19 3.5148e-24 2.58258e-18 4.81958e-22 9.29006e-18 6.53091e-21 2.08903e-17 3.67878e-20 3.8132e-17 1.31973e-19 6.17213e-17 3.5864e-19 9.23269e-17 8.13559e-19 1.30586e-16 1.63278e-18 1.77097e-16 2.93959e-18 2.32461e-16 4.95651e-18 2.97231e-16 7.87246e-18 3.71928e-16 1.18361e-17 4.57109e-16 1.72485e-17 5.53234e-16 2.41821e-17 6.60803e-16 3.30038e-17 7.80325e-16 4.39176e-17 9.12189e-16 5.7571e-17 1.05691e-15 7.37521e-17 1.21483e-15 9.32366e-17 1.38641e-15 1.16385e-16 1.57211e-15 1.42341e-16 1.7722e-15 1.73535e-16 1.9871e-15 2.07536e-16 2.21731e-15 2.47568e-16 2.46298e-15 2.92283e-16 2.72456e-15 3.4165e-16 3.00251e-15 3.98566e-16 3.29692e-15 4.60567e-16 3.60823e-15 5.27339e-16 3.93675e-15 6.02876e-16 4.28296e-15 6.8319e-16 4.64684e-15 7.73188e-16 5.02881e-15 8.67673e-16 5.42918e-15 9.72607e-16 5.84845e-15 1.08902e-15 6.28645e-15 1.20959e-15 6.74364e-15 1.34222e-15 7.22028e-15 1.47786e-15 7.71693e-15 1.6259e-15 8.23327e-15 1.78734e-15 8.7698e-15
8.67162 3.95033e-16 3.95033e-16 2.16103e-22 5.47049e-07 4.52812e-06 1.09627e-25 2.03341e-18 2.1933e-23 6.25079e-18 2.36518e-21 2.18568e-17 2.82203e-20 4.82721e-17 1.46096e-19 8.69358e-17 4.92415e-19 1.39195e-16 1.27441e-18 2.06312e-16 2.7776e-18 2.89476e-16 5.38812e-18 3.8979e-16 9.42603e-18 5.08356e-16 1.54932e-17 6.46174e-16 2.40583e-17 8.04171e-16 3.54581e-17 9.83346e-16 5.0731e-17 1.1845e-15 6.99604e-17 1.4085e-15 9.40431e-17 1.65625e-15 1.23408e-16 1.92838e-15 1.5965e-16 2.22581e-15 2.02064e-16 2.54908e-15 2.52539e-16 2.89895e-15 3.11844e-16 3.27625e-15 3.77661e-16 3.68135e-15 4.55993e-16 4.11499e-15 5.40592e-16 4.57797e-15 6.39338e-16 5.07051e-15 7.4872e-16 5.59334e-15 8.68536e-16 6.14722e-15 1.00563e-15 6.73225e-15 1.15389e-15 7.34913e-15 1.31248e-15 7.99835e-15 1.49071e-15 8.68072e-15 1.67901e-15 9.39609e-15 1.88875e-15 1.01451e-14 2.10765e-15 1.09284e-14 2.34942e-15 1.17466e-14 2.61615e-15 1.25994e-14 2.89092e-15 1.34876e-14 3.19167e-15 1.44115e-14 3.49772e-15 1.5372e-14 3.83019e-15 1.63686e-14 4.19109e-15 1.7402e-14
9.11674 1.05333e-16 1.05333e-16 1.76966e-22 1.68006e-06 3.97275e-06 2.14193e-25 1.28746e-18 3.30852e-23 3.86721e-18 2.83892e-21 1.31648e-17 3.00111e-20 2.85795e-17 1.43382e-19 5.08091e-17 4.55432e-19 8.05031e-17 1.12522e-18 1.18263e-16 2.36091e-18 1.6465e-16 4.43401e-18 2.20177e-16 7.54795e-18 2.85354e-16 1.21089e-17 3.60636e-16 1.84033e-17 4.46438e-16 2.66148e-17 5.43212e-16 3.74185e-17 6.51305e-16 5.07984e-17 7.71103e-16 6.73057e-17 9.02995e-16 8.71579e-17 1.04725e-15 1.11346e-16 1.20427e-15 1.39314e-16 1.37426e-15 1.7223e-16 1.55755e-15 2.10496e-16 1.75449e-15 2.52551e-16 1.96522e-15 3.0214e-16 2.19004e-15 3.55231e-16 2.4293e-15 4.16691e-16 2.68305e-15 4.84233e-16 2.95159e-15 5.57667e-16 3.23525e-15 6.4109e-16 3.53402e-15 7.30683e-16 3.84819e-15 8.25896e-16 4.17796e-15 9.32235e-16 4.52365e-15 1.04391e-15 4.88515e-15 1.16758e-15 5.26275e-15 1.29595e-15 5.65663e-15 1.43697e-15 6.06713e-15 1.59173e-15 6.49401e-15 1.75035e-15 6.9376e-15 1.92313e-15 7.39804e-15 2.09814e-15 7.87571e-15 2.28741e-15 8.37026e-15 2.49196e-15 8.88203e-15
9.5847 5.8558e-17 5.85578e-17 1.44904e-22 2.47454e-06 3.4712e-06 7.82079e-25 1.62338e-18 9.44521e-23 4.77267e-18 6.5212e-21 1.58416e-17 6.14405e-20 3.38305e-17 2.7196e-19 5.9402e-17 8.16447e-19 9.31705e-17 1.93002e-18 1.35699e-16 3.90563e-18 1.87505e-16 7.11286e-18 2.49058e-16 1.17977e-17 3.20819e-16 1.84948e-17 4.03192e-16 2.75402e-17 4.96541e-16 3.91174e-17 6.01263e-16 5.4089e-17 7.1765e-16 7.2342e-17 8.46031e-16 9.45423e-17 9.86742e-16 1.20893e-16 1.13999e-15 1.52607e-16 1.30612e-15 1.88862e-16 1.48529e-15 2.31079e-16 1.67777e-15 2.79667e-16 1.88384e-15 3.3257e-16 2.10359e-15 3.94404e-16 2.33727e-15 4.60057e-16 2.58516e-15 5.35465e-16 2.84727e-15 6.17712e-16 3.12383e-15 7.06502e-16 3.41512e-15 8.0668e-16 3.72107e-15 9.13561e-16 4.04194e-15 1.02645e-15 4.37784e-15 1.15178e-15 4.72905e-15 1.28265e-15 5.09543e-15 1.42678e-15 5.47719e-15 1.5756e-15 5.87447e-15 1.73826e-15 6.28756e-15 1.91588e-15 6.71617e-15 2.09705e-15 7.16059e-15 2.29349e-15 7.62089e-15 2.49159e-15 8.0974e-15 2.70492e-15 8.58975e-15 2.93451e-15 9.09822e-15
10.0767 4.34328e-17 4.34327e-17 1.18662e-22 2.73208e-06 3.00367e-06 3.43311e-24 2.6135e-18 3.28094e-22 7.53209e-18 1.84214e-20 2.44118e-17 1.55556e-19 5.13221e-17 6.40318e-19 8.90464e-17 1.82183e-18 1.3831e-16 4.12954e-18 1.9977e-16 8.07389e-18 2.74026e-16 1.42799e-17 3.61605e-16 2.31072e-17 4.63031e-16 3.54379e-17 5.78748e-16 5.17538e-17 7.09147e-16 7.22611e-17 8.54663e-16 9.83495e-17 1.01559e-15 1.29685e-16 1.19228e-15 1.67282e-16 1.38509e-15 2.11354e-16 1.59421e-15 2.63781e-16 1.81999e-15 3.23068e-16 2.06257e-15 3.9141e-16 2.32223e-15 4.69318e-16 2.59924e-15 5.53395e-16 2.89367e-15 6.50845e-16 3.20573e-15 7.535e-16 3.53573e-15 8.70531e-16 3.88361e-15 9.97263e-16 4.24961e-15 1.13315e-15 4.634e-15 1.28548e-15 5.03665e-15 1.44698e-15 5.45778e-15 1.61656e-15 5.89752e-15 1.80377e-15 6.35614e-15 1.9982e-15 6.8334e-15 2.21121e-15 7.32951e-15 2.43005e-15 7.84459e-15 2.66809e-15 8.37893e-15 2.92678e-15 8.93216e-15 3.18945e-15 9.50453e-15 3.473e-15 1.00961e-14 3.75774e-15 1.07072e-14 4.06316e-15 1.13374e-14 4.39054e-15 1.1987e-14
10.5939 4.2073e-17 4.20729e-17 9.71325e-23 2.30867e-06 2.5564e-06 1.78266e-23 5.26855e-18 1.36362e-21 1.4906e-17 6.28938e-20 4.72372e-17 4.78559e-19 9.78352e-17 1.8384e-18 1.67814e-16 4.97029e-18 2.58209e-16 1.08249e-17 3.69949e-16 2.04827e-17 5.03867e-16 3.52321e-17 6.6068e-16 5.56874e-17 8.41102e-16 8.36391e-17 1.04571e-15 1.19909e-16 1.275e-15 1.64717e-16 1.52955e-15 2.20836e-16 1.8097e-15 2.8729e-16 2.11588e-15 3.66002e-16 2.44853e-15 4.57179e-16 2.80784e-15 5.64443e-16 3.19427e-15 6.84499e-16 3.60789e-15 8.21565e-16 4.04903e-15 9.76399e-16 4.51804e-15 1.14209e-15 5.01487e-15 1.33262e-15 5.53979e-15 1.53181e-15 6.09317e-15 1.75729e-15 6.6748e-15 1.99981e-15 7.28497e-15 2.25818e-15 7.92399e-15 2.54601e-15 8.59157e-15 2.84937e-15 9.28798e-15 3.16612e-15 1.00133e-14 3.51393e-15 1.07679e-14 3.87329e-15 1.15512e-14 4.26505e-15 1.23636e-14 4.66561e-15 1.32051e-14 5.09931e-15 1.40762e-14 5.56852e-15 1.4976e-14 6.04286e-15 1.59051e-14 6.55278e-15 1.68633e-14 7.0628e-15 1.78511e-14 7.60776e-15 1.88678e-14 8.18969e-15 1.99136e-14
11.1377 1.40789e-16 1.40789e-16 7.94248e-23 5.64139e-07 2.14064e-06 2.9102e-22 3.52406e-17 1.80128e-20 9.80092e-17 6.89059e-19 3.04077e-16 4.74847e-18 6.20861e-16 1.70813e-17 1.05327e-15 4.3992e-17 1.60593e-15 9.2238e-17 2.28294e-15 1.69181e-16 3.08792e-15 2.83402e-16 4.02389e-15 4.3804e-16 5.09383e-15 6.44973e-16 6.30007e-15 9.08546e-16 7.64443e-15 1.22885e-15 9.12924e-15 1.62411e-15 1.07556e-14 2.08587e-15 1.2525e-14 2.62613e-15 1.44391e-14 3.2449e-15 1.64983e-14 3.96522e-15 1.87042e-14 4.76355e-15 2.10567e-14 5.66669e-15 2.35569e-14 6.67811e-15 2.62059e-14 7.75183e-15 2.90029e-14 8.9771e-15 3.19487e-14 1.0249e-14 3.50448e-14 1.16791e-14 3.82894e-14 1.32072e-14 4.16835e-14 1.48254e-14 4.52284e-14 1.66174e-14 4.89218e-14 1.84955e-14 5.27648e-14 2.04461e-14 5.67572e-14 2.25769e-14 6.09005e-14 2.47678e-14 6.51917e-14 2.71449e-14 6.96317e-14 2.95644e-14 7.42206e-14 3.21727e-14 7.89598e-14 3.49824e-14 8.38455e-14 3.78111e-14 8.88791e-14 4.08398e-14 9.40602e-14 4.38578e-14 9.93907e-14 4.70706e-14 1.04866e-13 5.04891e-14 1.10488e-13
11.7094 7.67187e-17 7.67186e-17 6.56679e-23 8.55957e-07 1.7728e-06 7.07341e-22 3.69349e-17 3.57941e-20 1.01097e-16 1.14608e-18 3.07443e-16 7.18758e-18 6.19225e-16 2.42888e-17 1.0394e-15 5.97308e-17 1.57087e-15 1.20791e-16 2.21618e-15 2.15088e-16 2.97752e-15 3.5134e-16 3.85658e-15 5.31625e-16 4.85512e-15 7.6812e-16 5.97429e-15 1.06407e-15 7.2149e-15 1.41814e-15 8.5782e-15 1.84893e-15 1.00644e-14 2.34578e-15 1.16741e-14 2.92033e-15 1.34081e-14 3.57134e-15 1.52661e-14 4.32162e-15 1.72488e-14 5.14541e-15 1.93555e-14 6.06928e-15 2.15866e-14 7.09545e-15 2.39426e-14 8.17653e-15 2.64222e-14 9.40132e-15 2.90258e-14 1.06641e-14 3.17537e-14 1.20749e-14 3.46044e-14 1.35731e-14 3.7578e-14 1.51503e-14 4.06753e-14 1.68873e-14 4.38939e-14 1.86978e-14 4.72344e-14 2.05688e-14 5.06962e-14 2.26028e-14 5.428e-14 2.46843e-14 5.79833e-14 2.69326e-14 6.18062e-14 2.92112e-14 6.57486e-14 3.16574e-14 6.98112e-14 3.42816e-14 7.39907e-14 3.69133e-14 7.82878e-14 3.97204e-14 8.2702e-14 4.25073e-14 8.72344e-14 4.54641e-14 9.18813e-14 4.85993e-14 9.66435e-14
12.3105 7.46603e-17 7.46602e-17 5.34674e-23 7.16142e-07 1.3858e-06 2.81955e-21 6.6637e-17 1.17803e-19 1.79711e-16 3.18465e-18 5.36267e-16 1.82599e-17 1.06608e-15 5.81437e-17 1.77123e-15 1.36841e-16 2.65413e-15 2.67375e-16 3.71684e-15 4.62878e-16 4.96106e-15 7.38198e-16 6.3878e-15 1.09463e-15 7.99833e-15 1.55342e-15 9.79304e-15 2.11796e-15 1.17719e-14 2.78341e-15 1.39356e-14 3.58223e-15 1.62833e-14 4.49236e-15 1.8815e-14 5.53316e-15 2.15307e-14 6.70048e-15 2.4429e-14 8.03299e-15 2.75102e-14 9.48312e-15 3.07723e-14 1.1096e-14 3.42151e-14 1.28735e-14 3.78385e-14 1.47326e-14 4.16399e-14 1.68244e-14 4.5619e-14 1.89672e-14 4.97759e-14 2.13465e-14 5.41075e-14 2.38585e-14 5.86135e-14 2.64883e-14 6.32941e-14 2.93692e-14 6.81457e-14 3.23566e-14 7.31683e-14 3.5429e-14 7.83607e-14 3.87537e-14 8.37233e-14 4.21409e-14 8.92519e-14 4.57839e-14 9.49465e-14 4.94608e-14 1.00806e-13 5.33927e-14 1.06831e-13 5.75943e-14 1.13017e-13 6.1792e-14 1.19365e-13 6.62535e-14 1.25872e-13 7.06678e-14 1.32541e-13 7.53356e-14 1.39365e-13 8.0269e-14 1.46346e-13
12.9424 5.91932e-17 5.91932e-17 4.37578e-23 7.39236e-07 1.01057e-06 8.44349e-21 9.45678e-17 2.94006e-19 2.51532e-16 6.76626e-18 7.37242e-16 3.56251e-17 1.44736e-15 1.07202e-16 2.38101e-15 2.41972e-16 3.53837e-15 4.5758e-16 4.91954e-15 7.71216e-16 6.5244e-15 1.20222e-15 8.35225e-15 1.74875e-15 1.04028e-14 2.43964e-15 1.26748e-14 3.27629e-15 1.51668e-14 4.24861e-15 1.7878e-14 5.401e-15 2.08063e-14 6.69876e-15 2.39502e-14 8.16723e-15 2.73087e-14 9.79825e-15 3.0879e-14 1.16432e-14 3.46604e-14 1.36342e-14 3.86495e-14 1.58312e-14 4.28453e-14 1.82345e-14 4.72465e-14 2.07308e-14 5.18496e-14 2.35213e-14 5.66533e-14 2.63623e-14 6.16569e-14 2.94986e-14 6.6856e-14 3.27912e-14 7.22499e-14 3.62203e-14 7.7838e-14 3.99576e-14 8.36155e-14 4.38145e-14 8.95819e-14 4.77628e-14 9.57352e-14 5.20165e-14 1.02075e-13 5.6332e-14 1.08597e-13 6.09546e-14 1.15299e-13 6.5602e-14 1.22182e-13 7.0553e-14 1.29243e-13 7.58241e-14 1.36479e-13 8.10715e-14 1.43888e-13 8.66297e-14 1.5147e-13 9.2111e-14 1.59224e-13 9.7889e-14 1.67145e-13 1.03977e-13 1.75233e-13
13.6067 4.27268e-17 4.27268e-17 3.58367e-23 8.38741e-07 6.96088e-07 2.13119e-20 1.18161e-16 6.23991e-19 3.10241e-16 1.23217e-17 8.93958e-16 5.98215e-17 1.73399e-15 1.70586e-16 2.82532e-15 3.70037e-16 4.16487e-15 6.78324e-16 5.74998e-15 1.11449e-15 7.57808e-15 1.70009e-15 9.64623e-15 2.42811e-15 1.19521e-14 3.33278e-15 1.44927e-14 4.41176e-15 1.72647e-14 5.64893e-15 2.02659e-14 7.09748e-15 2.34924e-14 8.71081e-15 2.69417e-14 1.05181e-14 3.06112e-14 1.25069e-14 3.4497e-14 1.47372e-14 3.85974e-14 1.71248e-14 4.29078e-14 1.97398e-14 4.74262e-14 2.258e-14 5.21504e-14 2.55109e-14 5.70761e-14 2.87669e-14 6.2201e-14 3.20625e-14 6.75237e-14 3.56806e-14 7.30393e-14 3.94588e-14 7.8746e-14 4.33741e-14 8.46427e-14 4.76207e-14 9.07242e-14 5.19828e-14 9.69892e-14 5.6429e-14 1.03435e-13 6.11991e-14 1.10061e-13 6.6019e-14 1.16862e-13 7.1162e-14 1.23837e-13 7.63133e-14 1.30984e-13 8.17817e-14 1.38301e-13 8.75831e-14 1.45784e-13 9.33388e-14 1.53432e-13 9.94156e-14 1.61242e-13 1.0539e-13 1.69216e-13 1.11669e-13 1.77346e-13 1.18264e-13 1.85633e-13
14.3051 3.12109e-17 3.12109e-17 2.93495e-23 9.40361e-07 4.23771e-07 5.05882e-20 1.44714e-16 1.25604e-18 3.7537e-16 2.1441e-17 1.06421e-15 9.63669e-17 2.04035e-15 2.61092e-16 3.29368e-15 5.45351e-16 4.81719e-15 9.70551e-16 6.60496e-15 1.55643e-15 8.65154e-15 2.3258e-15 1.09515e-14 3.26445e-15 1.35003e-14 4.41198e-15 1.62928e-14 5.7609e-15 1.93239e-14 7.28792e-15 2.25897e-14 9.05527e-15 2.60849e-14 1.1003e-14 2.98053e-14 1.31642e-14 3.37473e-14 1.55215e-14 3.79056e-14 1.81435e-14 4.22773e-14 2.09289e-14 4.68572e-14 2.3958e-14 5.16419e-14 2.72259e-14 5.66287e-14 3.0577e-14 6.18121e-14 3.4278e-14 6.71893e-14 3.80032e-14 7.27582e-14 4.20715e-14 7.8513e-14 4.62984e-14 8.44517e-14 5.06577e-14 9.05721e-14 5.53644e-14 9.68689e-14 6.01778e-14 1.0334e-13 6.50637e-14 1.09983e-13 7.02847e-14 1.16796e-13 7.55401e-14 1.23773e-13 8.11271e-14 1.30914e-13 8.67034e-14 1.38215e-13 9.26029e-14 1.45676e-13 9.88406e-14 1.5329e-13 1.05009e-13 1.61057e-13 1.11502e-13 1.68975e-13 1.17866e-13 1.77044e-13 1.24536e-13 1.85256e-13 1.31523e-13 1.93612e-13
15.0394 2.22461e-17 2.2246e-17 2.40368e-23 1.0805e-06 1.78739e-07 1.09275e-19 1.67752e-16 2.31935e-18 4.30172e-16 3.44703e-17 1.20078e-15 1.43967e-16 2.27645e-15 3.7153e-16 3.64163e-15 7.48614e-16 5.28523e-15 1.29532e-15 7.19797e-15 2.0299e-15 9.37158e-15 2.9744e-15 1.17982e-14 4.10628e-15 1.44711e-14 5.46871e-15 1.73835e-14 7.04832e-15 2.05284e-14 8.81481e-15 2.39006e-14 1.0837e-14 2.74935e-14 1.30433e-14 3.13016e-14 1.54691e-14 3.53205e-14 1.80931e-14 3.95437e-14 2.0989e-14 4.39676e-14 2.40429e-14 4.85862e-14 2.73417e-14 5.33955e-14 3.08778e-14 5.83919e-14 3.44824e-14 6.35698e-14 3.84411e-14 6.89257e-14 4.24046e-14 7.44567e-14 4.67115e-14 8.01572e-14 5.11648e-14 8.60244e-14 5.5737e-14 9.2056e-14 6.0652e-14 9.82463e-14 6.56573e-14 1.04593e-13 7.0718e-14 1.11093e-13 7.61054e-14 1.17745e-13 8.15085e-14 1.24543e-13 8.72325e-14 1.31485e-13 9.29265e-14 1.38569e-13 9.89309e-14 1.45793e-13 1.05259e-13 1.53152e-13 1.11499e-13 1.60645e-13 1.18046e-13 1.68269e-13 1.24446e-13 1.76023e-13 1.31135e-13 1.83903e-13 1.38124e-13 1.91907e-13
15.8114 2.32172e-17 2.32172e-17 1.9691e-23 8.48121e-07 -5.07695e-08 3.23433e-19 2.76584e-16 5.91355e-18 7.01611e-16 7.70375e-17 1.9295e-15 3.0006e-16 3.61823e-15 7.39329e-16 5.73705e-15 1.43961e-15 8.26379e-15 2.42516e-15 1.11802e-14 3.71802e-15 1.44702e-14 5.34731e-15 1.81191e-14 7.26687e-15 2.21144e-14 9.5435e-15 2.64437e-14 1.21486e-14 3.10948e-14 1.50284e-14 3.60584e-14 1.82906e-14 4.13231e-14 2.18162e-14 4.688e-14 2.5659e-14 5.27209e-14 2.97828e-14 5.88359e-14 3.43001e-14 6.52185e-14 3.90311e-14 7.18594e-14 4.41085e-14 7.87519e-14 4.95182e-14 8.58903e-14 5.50017e-14 9.32659e-14 6.09915e-14 1.00873e-13 6.69585e-14 1.08707e-13 7.34117e-14 1.1676e-13 8.00539e-14 1.25028e-13 8.6844e-14 1.33505e-13 9.41129e-14 1.42185e-13 1.01486e-13 1.51064e-13 1.08913e-13 1.60137e-13 1.1679e-13 1.69401e-13 1.24664e-13 1.78849e-13 1.32977e-13 1.88477e-13 1.4122e-13 1.98282e-13 1.49886e-13 2.08262e-13 1.58992e-13 2.1841e-13 1.67944e-13 2.28723e-13 1.77311e-13 2.39197e-13 1.86443e-13 2.49832e-13 1.95964e-13 2.6062e-13 2.05884e-13 2.7156e-13
16.623 3.64288e-17 3.64288e-17 1.61315e-23 4.42822e-07 -2.81828e-07 1.35119e-18 6.66881e-16 2.14369e-17 1.67434e-15 2.46368e-16 4.53892e-15 8.97965e-16 8.42141e-15 2.11723e-15 1.32377e-14 3.99068e-15 1.89271e-14 6.55363e-15 2.54403e-14 9.83996e-15 3.27348e-14 1.39031e-14 4.07724e-14 1.86131e-14 4.95208e-14 2.41213e-14 5.89485e-14 3.03461e-14 6.90262e-14 3.71517e-14 7.97298e-14 4.47845e-14 9.10328e-14 5.29592e-14 1.02914e-13 6.17962e-14 1.15352e-13 7.12078e-14 1.28327e-13 8.14447e-14 1.41821e-13 9.20956e-14 1.55813e-13 1.03456e-13 1.7029e-13 1.15491e-13 1.85237e-13 1.27624e-13 2.00635e-13 1.4081e-13 2.16471e-13 1.53883e-13 2.32736e-13 1.67957e-13 2.49411e-13 1.82381e-13 2.66487e-13 1.97065e-13 2.83954e-13 2.12723e-13 3.01796e-13 2.28545e-13 3.20006e-13 2.44426e-13 3.38572e-13 2.61214e-13 3.57489e-13 2.77937e-13 3.76741e-13 2.95538e-13 3.96322e-13 3.12938e-13 4.16224e-13 3.31178e-13 4.36441e-13 3.50287e-13 4.56959e-13 3.69021e-13 4.77774e-13 3.88574e-13 4.98879e-13 4.07586e-13 5.20269e-13 4.27357e-13 5.41932e-13 4.47911e-13 5.63864e-13
17.4762 3.30243e-17 3.30243e-17 1.32184e-23 4.00263e-07 -5.0422e-07 3.07137e-18 9.04829e-16 4.25761e-17 2.24951e-15 4.34325e-16 6.01389e-15 1.48616e-15 1.10427e-14 3.36037e-15 1.7211e-14 6.14082e-15 2.44292e-14 9.84336e-15 3.26253e-14 1.44889e-14 4.17387e-14 2.01292e-14 5.17156e-14 2.65673e-14 6.25104e-14 3.39963e-14 7.40804e-14 4.22928e-14 8.6386e-14 5.12686e-14 9.93947e-14 6.12405e-14 1.13072e-13 7.18286e-14 1.27389e-13 8.31852e-14 1.4232e-13 9.51931e-14 1.57837e-13 1.08167e-13 1.73918e-13 1.2158e-13 1.90539e-13 1.35805e-13 2.0768e-13 1.5079e-13 2.25324e-13 1.6582e-13 2.43448e-13 1.82077e-13 2.62036e-13 1.9812e-13 2.81076e-13 2.15319e-13 3.00545e-13 2.32872e-13 3.20433e-13 2.50672e-13 3.40728e-13 2.69581e-13 3.61411e-13 2.8862e-13 3.82473e-13 3.07664e-13 4.03901e-13 3.2773e-13 4.25687e-13 3.47657e-13 4.47814e-13 3.68567e-13 4.70275e-13 3.89179e-13 4.9306e-13 4.10724e-13 5.16162e-13 4.33236e-13 5.39567e-13 4.55246e-13 5.63268e-13 4.78161e-13 5.87258e-13 5.00388e-13 6.11531e-13 5.23449e-13 6.36073e-13 5.47369e-13 6.60881e-13
18.3733 1.78217e-17 1.78216e-17 1.08317e-23 6.07785e-07 -7.14508e-07 3.92532e-18 7.12665e-16 4.78586e-17 1.7551e-15 4.35875e-16 4.62908e-15 1.40452e-15 8.41371e-15 3.05176e-15 1.30041e-14 5.41509e-15 1.83256e-14 8.48238e-15 2.43192e-14 1.22522e-14 3.09357e-14 1.67506e-14 3.81325e-14 2.18106e-14 4.58735e-14 2.75756e-14 5.41257e-14 3.39414e-14 6.28589e-14 4.076e-14 7.20481e-14 4.82673e-14 8.16676e-14 5.61733e-14 9.16961e-14 6.45901e-14 1.02114e-13 7.34289e-14 1.12902e-13 8.29173e-14 1.24044e-13 9.26695e-14 1.35522e-13 1.02954e-13 1.47321e-13 1.13731e-13 1.59431e-13 1.24489e-13 1.71834e-13 1.36071e-13 1.84521e-13 1.47452e-13 1.97481e-13 1.59602e-13 2.107e-13 1.71953e-13 2.2417e-13 1.84433e-13 2.37884e-13 1.97643e-13 2.51828e-13 2.10897e-13 2.65996e-13 2.24113e-13 2.8038e-13 2.37994e-13 2.94974e-13 2.51738e-13 3.09768e-13 2.6612e-13 3.24755e-13 2.80257e-13 3.3993e-13 2.94995e-13 3.55288e-13 3.10354e-13 3.7082e-13 3.25334e-13 3.86521e-13 3.40891e-13 4.02386e-13 3.55947e-13 4.18413e-13 3.71534e-13 4.34591e-13 3.87665e-13 4.5092e-13
19.3164 1.42965e-17 1.42965e-17 8.87843e-24 6.21022e-07 -9.29361e-07 7.0631e-18 8.14613e-16 7.62173e-17 1.98794e-15 6.2318e-16 5.17438e-15 1.89658e-15 9.31102e-15 3.96769e-15 1.42724e-14 6.84593e-15 1.99704e-14 1.04913e-14 2.63363e-14 1.48843e-14 3.33135e-14 2.00407e-14 4.08539e-14 2.57605e-14 4.89172e-14 3.21987e-14 5.74668e-14 3.92319e-14 6.647e-14 4.6694e-14 7.58996e-14 5.48398e-14 8.57284e-14 6.33515e-14 9.59338e-14 7.2349e-14 1.06495e-13 8.17362e-14 1.17392e-13 9.17522e-14 1.28608e-13 1.01988e-13 1.40125e-13 1.12726e-13 1.51929e-13 1.23923e-13 1.64007e-13 1.35048e-13 1.76343e-13 1.46972e-13 1.88926e-13 1.58641e-13 2.01747e-13 1.71051e-13 2.14793e-13 1.83619e-13 2.28055e-13 1.96273e-13 2.41524e-13 2.09622e-13 2.55189e-13 2.22972e-13 2.69045e-13 2.36243e-13 2.83082e-13 2.50141e-13 2.97295e-13 2.63862e-13 3.11674e-13 2.78181e-13 3.26214e-13 2.92219e-13 3.40909e-13 3.06819e-13 3.55755e-13 3.21995e-13 3.70742e-13 3.3676e-13 3.85868e-13 3.52061e-13 4.01126e-13 3.66835e-13 4.16515e-13 3.82099e-13 4.32026e-13 3.97862e-13 4.47656e-13
20.3079 1.17586e-17 1.17586e-17 7.27742e-24 6.18901e-07 -1.17221e-06 1.23744e-17 9.33079e-16 1.1889e-16 2.25694e-15 8.77304e-16 5.79892e-15 2.52876e-15 1.03321e-14 5.10297e-15 1.57086e-14 8.57338e-15 2.18259e-14 1.28676e-14 2.86049e-14 1.79465e-14 3.59821e-14 2.38155e-14 4.39038e-14 3.02396e-14 5.23255e-14 3.73878e-14 6.12077e-14 4.51172e-14 7.05152e-14 5.32442e-14 8.0219e-14 6.20437e-14 9.02905e-14 7.11705e-14 1.00706e-13 8.07533e-14 1.11445e-13 9.06892e-14 1.22485e-13 1.01229e-13 1.3381e-13 1.11943e-13 1.45403e-13 1.23127e-13 1.57247e-13 1.34732e-13 1.69331e-13 1.46212e-13 1.8164e-13 1.58467e-13 1.94163e-13 1.70412e-13 2.06889e-13 1.83068e-13 2.19806e-13 1.95841e-13 2.32907e-13 2.08657e-13 2.46182e-13 2.22133e-13 2.59621e-13 2.35569e-13 2.73219e-13 2.48886e-13 2.86966e-13 2.62794e-13 3.00858e-13 2.76489e-13 3.14886e-13 2.90742e-13 3.29045e-13 3.04681e-13 3.43329e-13 3.19143e-13 3.57734e-13 3.3414e-13 3.72252e-13 3.48699e-13 3.86879e-13 3.63753e-13 4.01612e-13 3.78258e-13 4.16446e-13 3.93214e-13 4.31376e-13 4.0863e-13 4.46399e-13
21.3503 1.0219e-17 1.0219e-17 5.96628e-24 5.83844e-07 -1.35057e-06 2.18091e-17 1.10489e-15 1.87621e-16 2.64948e-15 1.25576e-15 6.72118e-15 3.43731e-15 1.18587e-14 6.70267e-15 1.7884e-14 1.09793e-14 2.46755e-14 1.61551e-14 3.21412e-14 2.21687e-14 4.02079e-14 2.90148e-14 4.88148e-14 3.64144e-14 5.79121e-14 4.45583e-14 6.7456e-14 5.32791e-14 7.74082e-14 6.237e-14 8.77371e-14 7.21371e-14 9.84125e-14 8.21961e-14 1.09409e-13 9.26903e-14 1.20704e-13 1.03507e-13 1.32276e-13 1.14919e-13 1.44107e-13 1.26459e-13 1.56179e-13 1.38447e-13 1.68477e-13 1.50832e-13 1.80988e-13 1.63032e-13 1.93697e-13 1.76004e-13 2.06593e-13 1.88601e-13 2.19665e-13 2.01901e-13 2.32903e-13 2.15278e-13 2.46296e-13 2.28658e-13 2.59839e-13 2.42684e-13 2.7352e-13 2.56626e-13 2.87332e-13 2.70407e-13 3.0127e-13 2.84762e-13 3.15326e-13 2.98859e-13 3.29494e-13 3.13496e-13 3.43768e-13 3.27776e-13 3.58143e-13 3.42558e-13 3.72615e-13 3.57854e-13 3.87176e-13 3.7267e-13 4.01824e-13 3.87957e-13 4.16554e-13 4.0266e-13 4.31362e-13 4.1779e-13 4.46245e-13 4.33355e-13 4.61198e-13
22.4463 8.98177e-18 8.98176e-18 4.89149e-24 5.44602e-07 -1.49242e-06 3.70985e-17 1.29586e-15 2.87321e-16 3.08113e-15 1.7526e-15 7.71817e-15 4.56712e-15 1.34861e-14 8.62008e-15 2.01753e-14 1.3784e-14 2.76447e-14 1.99031e-14 3.57896e-14 2.68931e-14 4.45278e-14 3.47389e-14 5.37919e-14 4.31175e-14 6.35276e-14 5.22433e-14 7.36876e-14 6.19254e-14 8.42311e-14 7.19364e-14 9.51247e-14 8.26128e-14 1.06337e-13 9.35348e-14 1.17841e-13 1.0486e-13 1.29614e-13 1.16468e-13 1.41634e-13 1.2865e-13 1.53884e-13 1.4091e-13 1.66344e-13 1.53588e-13 1.79e-13 1.66629e-13 1.91838e-13 1.79425e-13 2.04845e-13 1.92978e-13 2.1801e-13 2.06094e-13 2.31322e-13 2.19896e-13 2.44771e-13 2.33732e-13 2.58348e-13 2.4753e-13 2.72045e-13 2.61951e-13 2.85853e-13 2.76247e-13 2.99767e-13 2.9034e-13 3.13779e-13 3.04982e-13 3.27884e-13 3.19327e-13 3.42074e-13 3.34186e-13 3.56346e-13 3.48651e-13 3.70694e-13 3.63592e-13 3.85114e-13 3.79019e-13 3.996e-13 3.93931e-13 4.1415e-13 4.09288e-13 4.28759e-13 4.24029e-13 4.43423e-13 4.39171e-13 4.5814e-13 4.54722e-13 4.72906e-13
23.5984 7.94282e-18 7.94282e-18 4.01151e-24 5.05048e-07 -1.62244e-06 6.07329e-17 1.49898e-15 4.25628e-16 3.53431e-15 2.37686e-15 8.74322e-15 5.91092e-15 1.51304e-14 1.08157e-14 2.24547e-14 1.69031e-14 3.05569e-14 2.39731e-14 3.93208e-14 3.19201e-14 4.86565e-14 4.07203e-14 5.84917e-14 5.00114e-14 6.87684e-14 6.0031e-14 7.94371e-14 7.05685e-14 9.04555e-14 8.13794e-14 1.01789e-13 9.28284e-14 1.13406e-13 1.04466e-13 1.2528e-13 1.16463e-13 1.37388e-13 1.28695e-13 1.49707e-13 1.41468e-13 1.62221e-13 1.54262e-13 1.74912e-13 1.67436e-13 1.87764e-13 1.80933e-13 2.00767e-13 1.94125e-13 2.13905e-13 2.08049e-13 2.27169e-13 2.21478e-13 2.4055e-13 2.35564e-13 2.54037e-13 2.49642e-13 2.67622e-13 2.63641e-13 2.81298e-13 2.78232e-13 2.95057e-13 2.92658e-13 3.08894e-13 3.06843e-13 3.22802e-13 3.21545e-13 3.36776e-13 3.35916e-13 3.5081e-13 3.50768e-13 3.649e-13 3.65196e-13 3.79042e-13 3.80067e-13 3.93231e-13 3.95392e-13 4.07464e-13 4.10176e-13 4.21737e-13 4.25373e-13 4.36047e-13 4.39935e-13 4.50391e-13 4.54867e-13 4.64765e-13 4.70175e-13 4.79168e-13
24.8097 7.05724e-18 7.05724e-18 3.29062e-24 4.66275e-07 -1.80021e-06 9.57577e-17 1.70922e-15 6.10231e-16 3.99667e-15 3.13327e-15 9.76457e-15 7.45304e-15 1.6736e-14 1.32411e-14 2.46404e-14 2.02474e-14 3.33026e-14 2.82305e-14 4.25968e-14 3.70671e-14 5.24275e-14 4.67278e-14 6.27192e-14 5.68168e-14 7.34119e-14 6.75949e-14 8.4455e-14 7.88355e-14 9.58061e-14 9.02828e-14 1.07431e-13 1.02325e-13 1.19297e-13 1.14492e-13 1.3138e-13 1.26966e-13 1.43657e-13 1.39618e-13 1.56108e-13 1.52769e-13 1.68714e-13 1.65884e-13 1.8146e-13 1.79332e-13 1.94333e-13 1.93057e-13 2.0732e-13 2.06423e-13 2.20409e-13 2.20484e-13 2.33591e-13 2.34001e-13 2.46858e-13 2.48136e-13 2.60199e-13 2.62223e-13 2.73609e-13 2.76192e-13 2.87081e-13 2.90714e-13 3.00607e-13 3.05034e-13 3.14184e-13 3.19083e-13 3.27805e-13 3.3361e-13 3.41466e-13 3.47779e-13 3.55162e-13 3.62391e-13 3.6889e-13 3.76557e-13 3.82646e-13 3.91131e-13 3.96426e-13 4.06119e-13 4.10227e-13 4.20552e-13 4.24047e-13 4.35362e-13 4.37882e-13 4.49528e-13 4.5173e-13 4.64032e-13 4.6559e-13 4.78877e-13 4.79458e-13
26.0832 6.29654e-18 6.29654e-18 2.69918e-24 4.28676e-07 -1.91816e-06 1.45634e-16 1.92171e-15 8.47838e-16 4.45649e-15 4.0191e-15 1.07534e-14 9.16412e-15 1.82547e-14 1.58306e-14 2.66636e-14 2.37104e-14 3.57924e-14 3.2527e-14 4.55087e-14 4.21446e-14 5.57136e-14 5.25316e-14 6.63302e-14 6.32673e-14 7.72982e-14 7.46339e-14 8.85677e-14 8.63944e-14 1.00097e-13 9.82872e-14 1.11853e-13 1.10719e-13 1.23806e-13 1.23207e-13 1.35931e-13 1.35943e-13 1.48208e-13 1.488e-13 1.60617e-13 1.62102e-13 1.73142e-13 1.75313e-13 1.85769e-13 1.88808e-13 1.98486e-13 2.02528e-13 2.11282e-13 2.15846e-13 2.24146e-13 2.29809e-13 2.3707e-13 2.43192e-13 2.50047e-13 2.57148e-13 2.63069e-13 2.71016e-13 2.76131e-13 2.84733e-13 2.89225e-13 2.98958e-13 3.02347e-13 3.12951e-13 3.15493e-13 3.26647e-13 3.28659e-13 3.4078e-13 3.41839e-13 3.54535e-13 3.55032e-13 3.68692e-13 3.68233e-13 3.8239e-13 3.8144e-13 3.96457e-13 3.9465e-13 4.10897e-13 4.07861e-13 4.24778e-13 4.21071e-13 4.38997e-13 4.34277e-13 4.52577e-13 4.47477e-13 4.66458e-13 4.60671e-13 4.80645e-13 4.73856e-13
27.4221 5.64101e-18 5.64101e-18 2.21484e-24 3.92631e-07 -2.01139e-06 2.14054e-16 2.13198e-15 1.14346e-15 4.9034e-15 5.02392e-15 1.16854e-14 1.10035e-14 1.96473e-14 1.85075e-14 2.84713e-14 2.71787e-14 3.79608e-14 3.67141e-14 4.79799e-14 4.69724e-14 5.84293e-14 5.79233e-14 6.92327e-14 6.91311e-14 8.03312e-14 8.08968e-14 9.1677e-14 9.29784e-14 1.03231e-13 1.05115e-13 1.14961e-13 1.17725e-13 1.26841e-13 1.30322e-13 1.38847e-13 1.43106e-13 1.50962e-13 1.55952e-13 1.63167e-13 1.69187e-13 1.75449e-13 1.82279e-13 1.87796e-13 1.95602e-13 2.00196e-13 2.09101e-13 2.12641e-13 2.22161e-13 2.25122e-13 2.35813e-13 2.37632e-13 2.48859e-13 2.50165e-13 2.62426e-13 2.62714e-13 2.75874e-13 2.75274e-13 2.89142e-13 2.87842e-13 3.02868e-13 3.00413e-13 3.16339e-13 3.12983e-13 3.29497e-13 3.2555e-13 3.43047e-13 3.3811e-13 3.56207e-13 3.50661e-13 3.69728e-13 3.632e-13 3.82786e-13 3.75725e-13 3.96171e-13 3.88235e-13 4.09888e-13 4.00727e-13 4.23052e-13 4.13201e-13 4.36515e-13 4.25654e-13 4.49353e-13 4.38086e-13 4.62457e-13 4.50495e-13 4.7583e-13 4.6288e-13
28.8297 5.07326e-18 5.07326e-18 1.8176e-24 3.58271e-07 -2.04883e-06 3.04547e-16 2.33503e-15 1.49908e-15 5.32608e-15 6.12722e-15 1.25353e-14 1.29161e-14 2.08747e-14 2.11801e-14 3.00118e-14 3.05257e-14 3.97455e-14 4.06349e-14 4.99403e-14 5.13677e-14 6.04988e-14 6.26993e-14 7.13476e-14 7.41888e-14 8.24311e-14 8.61528e-14 9.37047e-14 9.835e-14 1.05132e-13 1.10525e-13 1.16686e-13 1.23103e-13 1.28341e-13 1.35603e-13 1.40077e-13 1.48228e-13 1.51879e-13 1.6086e-13 1.63732e-13 1.73821e-13 1.75624e-13 1.86593e-13 1.87545e-13 1.99546e-13 1.99486e-13 2.12626e-13 2.11439e-13 2.25242e-13 2.23398e-13 2.38391e-13 2.35357e-13 2.50923e-13 2.47312e-13 2.63921e-13 2.59257e-13 2.76773e-13 2.7119e-13 2.89423e-13 2.83106e-13 3.0248e-13 2.95003e-13 3.15268e-13 3.06879e-13 3.27733e-13 3.18731e-13 3.40543e-13 3.30556e-13 3.52963e-13 3.42355e-13 3.65698e-13 3.54124e-13 3.77978e-13 3.65863e-13 3.90544e-13 3.7757e-13 4.034e-13 3.89245e-13 4.15718e-13 4.00887e-13 4.28297e-13 4.12494e-13 4.40275e-13 4.24066e-13 4.52484e-13 4.35603e-13 4.64926e-13 4.47104e-13
30.3095 4.57948e-18 4.57948e-18 1.4918e-24 3.25758e-07 -2.06403e-06 4.201e-16 2.52609e-15 1.91306e-15 5.71402e-15 7.29996e-15 1.32808e-14 1.48382e-14 2.19044e-14 2.37519e-14 3.12446e-14 3.36274e-14 4.11012e-14 4.41437e-14 5.13422e-14 5.51693e-14 6.18749e-14 6.66886e-14 7.26312e-14 7.82649e-14 8.35598e-14 9.02269e-14 9.46208e-14 1.02339e-13 1.05782e-13 1.14356e-13 1.1702e-13 1.26704e-13 1.28313e-13 1.38915e-13 1.39644e-13 1.51193e-13 1.51001e-13 1.63426e-13 1.62371e-13 1.7593e-13 1.73746e-13 1.88208e-13 1.85117e-13 2.00618e-13 1.96477e-13 2.13111e-13 2.0782e-13 2.25125e-13 2.19143e-13 2.37612e-13 2.30441e-13 2.49482e-13 2.4171e-13 2.61764e-13 2.52948e-13 2.73878e-13 2.64151e-13 2.85776e-13 2.75319e-13 2.98031e-13 2.86448e-13 3.10009e-13 2.97539e-13 3.21661e-13 3.08589e-13 3.33614e-13 3.19596e-13 3.45182e-13 3.30561e-13 3.57024e-13 3.41483e-13 3.68423e-13 3.52362e-13 3.8007e-13 3.63195e-13 3.91967e-13 3.73984e-13 4.0335e-13 3.84728e-13 4.14956e-13 3.95427e-13 4.25993e-13 4.0608e-13 4.37228e-13 4.16688e-13 4.48662e-13 4.27251e-13
31.8653 4.14821e-18 4.1482e-18 1.22475e-24 2.95247e-07 -2.03096e-06 5.62688e-16 2.70055e-15 2.37959e-15 6.0575e-15 8.50559e-15 1.39026e-14 1.67007e-14 2.27102e-14 2.61268e-14 3.21397e-14 3.63679e-14 4.19969e-14 4.71123e-14 5.21572e-14 5.82433e-14 6.25349e-14 6.97575e-14 7.30685e-14 8.12312e-14 8.37129e-14 9.30008e-14 9.44335e-14 1.04841e-13 1.05204e-13 1.16522e-13 1.16003e-13 1.28462e-13 1.26814e-13 1.40214e-13 1.37625e-13 1.51981e-13 1.48424e-13 1.63658e-13 1.59204e-13 1.75551e-13 1.69956e-13 1.8719e-13 1.80677e-13 1.98916e-13 1.9136e-13 2.10685e-13 2.02001e-13 2.21972e-13 2.126e-13 2.33672e-13 2.23151e-13 2.44767e-13 2.33654e-13 2.56221e-13 2.44107e-13 2.67493e-13 2.54509e-13 2.7854e-13 2.64858e-13 2.89896e-13 2.75154e-13 3.00973e-13 2.85397e-13 3.1173e-13 2.95586e-13 3.22745e-13 3.0572e-13 3.33387e-13 3.15801e-13 3.44264e-13 3.25827e-13 3.54717e-13 3.35798e-13 3.65382e-13 3.45715e-13 3.76259e-13 3.55579e-13 3.86652e-13 3.6539e-13 3.97235e-13 3.75147e-13 4.07286e-13 3.8485e-13 4.17503e-13 3.94502e-13 4.2789e-13 4.04102e-13
33.5009 3.7699e-18 3.7699e-18 1.0057e-24 2.6677e-07 -1.99234e-06 7.32837e-16 2.85423e-15 2.88849e-15 6.34804e-15 9.7023e-15 1.43856e-14 1.84336e-14 2.32732e-14 2.82155e-14 3.26784e-14 3.86475e-14 4.24178e-14 4.94383e-14 5.23772e-14 6.04913e-14 6.24801e-14 7.18169e-14 7.26733e-14 8.30126e-14 8.29186e-14 9.44176e-14 9.31874e-14 1.05821e-13 1.03459e-13 1.17009e-13 1.13716e-13 1.2839e-13 1.23948e-13 1.39543e-13 1.34144e-13 1.50663e-13 1.44296e-13 1.61659e-13 1.544e-13 1.72819e-13 1.64451e-13 1.83705e-13 1.74445e-13 1.9464e-13 1.8438e-13 2.05584e-13 1.94253e-13 2.16053e-13 2.04064e-13 2.26878e-13 2.13811e-13 2.37119e-13 2.23494e-13 2.47667e-13 2.33112e-13 2.58027e-13 2.42666e-13 2.6816e-13 2.52154e-13 2.78555e-13 2.61579e-13 2.88677e-13 2.70939e-13 2.9849e-13 2.80235e-13 3.08521e-13 2.89468e-13 3.18197e-13 2.98638e-13 3.28071e-13 3.07746e-13 3.37547e-13 3.16793e-13 3.47201e-13 3.25778e-13 3.57035e-13 3.34704e-13 3.66417e-13 3.4357e-13 3.75959e-13 3.52378e-13 3.85009e-13 3.61128e-13 3.94199e-13 3.69821e-13 4.0353e-13 3.78458e-13
35.2205 3.43636e-18 3.43636e-18 8.25948e-25 2.40355e-07 -1.88062e-06 9.29204e-16 2.98326e-15 3.42529e-15 6.57818e-15 1.08449e-14 1.47175e-14 1.99697e-14 2.35807e-14 2.99393e-14 3.28514e-14 4.03854e-14 4.23614e-14 5.10463e-14 5.20095e-14 6.18492e-14 6.17305e-14 7.28196e-14 7.14801e-14 8.35819e-14 8.12277e-14 9.44734e-14 9.09516e-14 1.053e-13 1.00636e-13 1.15868e-13 1.10269e-13 1.26568e-13 1.19844e-13 1.37009e-13 1.29353e-13 1.47381e-13 1.38792e-13 1.576e-13 1.48159e-13 1.67938e-13 1.57451e-13 1.77991e-13 1.66667e-13 1.88061e-13 1.75807e-13 1.98112e-13 1.84869e-13 2.07703e-13 1.93855e-13 2.17597e-13 2.02764e-13 2.26936e-13 2.11597e-13 2.36536e-13 2.20355e-13 2.45946e-13 2.29039e-13 2.55132e-13 2.37648e-13 2.64539e-13 2.46186e-13 2.73683e-13 2.54652e-13 2.82532e-13 2.63047e-13 2.91565e-13 2.71373e-13 3.00265e-13 2.79632e-13 3.0913e-13 2.87823e-13 3.17626e-13 2.95949e-13 3.2627e-13 3.04009e-13 3.35062e-13 3.12006e-13 3.43441e-13 3.19941e-13 3.51952e-13 3.27815e-13 3.60015e-13 3.35627e-13 3.68194e-13 3.43381e-13 3.7649e-13 3.51077e-13
37.0284 3.14085e-18 3.14085e-18 6.78462e-25 2.16013e-07 -1.76828e-06 1.14839e-15 3.08452e-15 3.97212e-15 6.74239e-15 1.18888e-14 1.48914e-14 2.12502e-14 2.36288e-14 3.12372e-14 3.26618e-14 4.15274e-14 4.18412e-14 5.18958e-14 5.10811e-14 6.22955e-14 6.03283e-14 7.27668e-14 6.95485e-14 8.29655e-14 7.87189e-14 9.32226e-14 8.78243e-14 1.03362e-13 9.68546e-14 1.13211e-13 1.05803e-13 1.2314e-13 1.14665e-13 1.3279e-13 1.23438e-13 1.42341e-13 1.3212e-13 1.5172e-13 1.40711e-13 1.61179e-13 1.49211e-13 1.70351e-13 1.57621e-13 1.79513e-13 1.65941e-13 1.88636e-13 1.74173e-13 1.9732e-13 1.82319e-13 2.06259e-13 1.90379e-13 2.14679e-13 1.98354e-13 2.23317e-13 2.06248e-13 2.31767e-13 2.14062e-13 2.40003e-13 2.21796e-13 2.48422e-13 2.29453e-13 2.56592e-13 2.37035e-13 2.64487e-13 2.44543e-13 2.72533e-13 2.51978e-13 2.80272e-13 2.59343e-13 2.88148e-13 2.66639e-13 2.95685e-13 2.73868e-13 3.03344e-13 2.81029e-13 3.11125e-13 2.88126e-13 3.18531e-13 2.9516e-13 3.26046e-13 3.02132e-13 3.33157e-13 3.09043e-13 3.40362e-13 3.15894e-13 3.47663e-13 3.22688e-13
38.9291 2.87797e-18 2.87797e-18 5.57438e-25 1.93691e-07 -1.61576e-06 1.38503e-15 3.15592e-15 4.50913e-15 6.83765e-15 1.27936e-14 1.49063e-14 2.223e-14 2.34237e-14 3.20712e-14 3.21266e-14 4.20508e-14 4.08882e-14 5.19851e-14 4.96391e-14 6.18532e-14 5.83388e-14 7.17092e-14 6.69631e-14 8.12434e-14 7.5497e-14 9.07755e-14 8.39317e-14 1.00149e-13 9.22624e-14 1.09213e-13 1.00486e-13 1.18312e-13 1.08603e-13 1.27122e-13 1.16612e-13 1.35811e-13 1.24516e-13 1.44318e-13 1.32315e-13 1.52871e-13 1.40011e-13 1.61143e-13 1.47608e-13 1.69386e-13 1.55107e-13 1.77572e-13 1.6251e-13 1.85348e-13 1.69821e-13 1.93336e-13 1.77041e-13 2.00845e-13 1.84173e-13 2.08534e-13 1.91219e-13 2.16043e-13 1.98182e-13 2.23348e-13 2.05063e-13 2.30805e-13 2.11866e-13 2.3803e-13 2.18592e-13 2.45001e-13 2.25243e-13 2.52096e-13 2.31821e-13 2.58911e-13 2.38328e-13 2.65837e-13 2.44766e-13 2.72457e-13 2.51137e-13 2.79177e-13 2.57442e-13 2.85996e-13 2.63683e-13 2.92478e-13 2.69862e-13 2.99049e-13 2.7598e-13 3.0526e-13 2.82037e-13 3.11548e-13 2.88038e-13 3.17913e-13 2.93982e-13
40.9273 2.64272e-18 2.64272e-18 4.58065e-25 1.73331e-07 -1.45134e-06 1.63164e-15 3.19568e-15 5.01475e-15 6.86178e-15 1.35233e-14 1.47636e-14 2.2875e-14 2.29746e-14 3.24197e-14 3.12668e-14 4.19534e-14 3.95374e-14 5.13353e-14 4.77346e-14 6.05695e-14 5.58304e-14 6.97221e-14 6.38106e-14 7.85186e-14 7.16675e-14 8.72644e-14 7.93983e-14 9.58224e-14 8.70031e-14 1.04061e-13 9.44828e-14 1.12299e-13 1.0184e-13 1.20248e-13 1.09078e-13 1.28062e-13 1.162e-13 1.3569e-13 1.23209e-13 1.43338e-13 1.30108e-13 1.50715e-13 1.36903e-13 1.58048e-13 1.43595e-13 1.65316e-13 1.50188e-13 1.72204e-13 1.56686e-13 1.79266e-13 1.63092e-13 1.85893e-13 1.69408e-13 1.92667e-13 1.75638e-13 1.99271e-13 1.81785e-13 2.05686e-13 1.8785e-13 2.12223e-13 1.93837e-13 2.18548e-13 1.99749e-13 2.24643e-13 2.05587e-13 2.30838e-13 2.11353e-13 2.36781e-13 2.1705e-13 2.42813e-13 2.2268e-13 2.48573e-13 2.28245e-13 2.54412e-13 2.33745e-13 2.60331e-13 2.39185e-13 2.65952e-13 2.44565e-13 2.71644e-13 2.49886e-13 2.7702e-13 2.5515e-13 2.82456e-13 2.60359e-13 2.87954e-13 2.65515e-13
43.0281 2.43137e-18 2.43137e-18 3.76458e-25 1.54833e-07 -1.23545e-06 1.8795e-15 3.20352e-15 5.46874e-15 6.81595e-15 1.40523e-14 1.44718e-14 2.31708e-14 2.23021e-14 3.22888e-14 3.01178e-14 4.12666e-14 3.78414e-14 5.00058e-14 4.54382e-14 5.85329e-14 5.28928e-14 6.69236e-14 6.01999e-14 7.49388e-14 6.73588e-14 8.28658e-14 7.43721e-14 9.05864e-14 8.1244e-14 9.79884e-14 8.79786e-14 1.05363e-13 9.45817e-14 1.12453e-13 1.01058e-13 1.19404e-13 1.07412e-13 1.26168e-13 1.13651e-13 1.32934e-13 1.19776e-13 1.39444e-13 1.25795e-13 1.45901e-13 1.31711e-13 1.52286e-13 1.37528e-13 1.58327e-13 1.4325e-13 1.64508e-13 1.48881e-13 1.70298e-13 1.54423e-13 1.76207e-13 1.59882e-13 1.81958e-13 1.65259e-13 1.87537e-13 1.70557e-13 1.93214e-13 1.75779e-13 1.98699e-13 1.80929e-13 2.03977e-13 1.86008e-13 2.09336e-13 1.91018e-13 2.14471e-13 1.95963e-13 2.19677e-13 2.00844e-13 2.24642e-13 2.05663e-13 2.29671e-13 2.10421e-13 2.34763e-13 2.15122e-13 2.39594e-13 2.19766e-13 2.44481e-13 2.24356e-13 2.49092e-13 2.28892e-13 2.53752e-13 2.33376e-13 2.5846e-13 2.37811e-13
45.2368 2.24058e-18 2.24058e-18 3.09448e-25 1.38111e-07 -9.94312e-07 2.11887e-15 3.17976e-15 5.8525e-15 6.70269e-15 1.43639e-14 1.40422e-14 2.31174e-14 2.14301e-14 3.17021e-14 2.87187e-14 4.00405e-14 3.58557e-14 4.80742e-14 4.28228e-14 5.58486e-14 4.96162e-14 6.34467e-14 5.62388e-14 7.06629e-14 6.2696e-14 7.77641e-14 6.89948e-14 8.46501e-14 7.5143e-14 9.12262e-14 8.11476e-14 9.77551e-14 8.70162e-14 1.04013e-13 9.27556e-14 1.10129e-13 9.83717e-14 1.16067e-13 1.03871e-13 1.2199e-13 1.0926e-13 1.27677e-13 1.14542e-13 1.33305e-13 1.19724e-13 1.3886e-13 1.24809e-13 1.44105e-13 1.29802e-13 1.49464e-13 1.34707e-13 1.54474e-13 1.39528e-13 1.5958e-13 1.44268e-13 1.64543e-13 1.48931e-13 1.69349e-13 1.53518e-13 1.74234e-13 1.58034e-13 1.78948e-13 1.62482e-13 1.83478e-13 1.66863e-13 1.88073e-13 1.7118e-13 1.9247e-13 1.75435e-13 1.96923e-13 1.79631e-13 2.01167e-13 1.83769e-13 2.0546e-13 1.87851e-13 2.09803e-13 1.9188e-13 2.1392e-13 1.95857e-13 2.1808e-13 1.99783e-13 2.22003e-13 2.0366e-13 2.25964e-13 2.0749e-13 2.29962e-13 2.11274e-13
47.5588 2.06762e-18 2.06762e-18 2.54416e-25 1.23048e-07 -6.00169e-07 2.3399e-15 3.12574e-15 6.15101e-15 6.52666e-15 1.44526e-14 1.34902e-14 2.27311e-14 2.03882e-14 3.07017e-14 2.71148e-14 3.83448e-14 3.36418e-14 4.56371e-14 3.99665e-14 5.26395e-14 4.60952e-14 5.94391e-14 5.20378e-14 6.58618e-14 5.78048e-14 7.21526e-14 6.34072e-14 7.82274e-14 6.88552e-14 8.40078e-14 7.4158e-14 8.97277e-14 7.93249e-14 9.51939e-14 8.43639e-14 1.00522e-13 8.92819e-14 1.05681e-13 9.40863e-14 1.10817e-13 9.87828e-14 1.15737e-13 1.03378e-13 1.20597e-13 1.07876e-13 1.25384e-13 1.12283e-13 1.29896e-13 1.16602e-13 1.34498e-13 1.20838e-13 1.38795e-13 1.24995e-13 1.43168e-13 1.29076e-13 1.47411e-13 1.33085e-13 1.51516e-13 1.37024e-13 1.55683e-13 1.40897e-13 1.59699e-13 1.44706e-13 1.63554e-13 1.48454e-13 1.67459e-13 1.52143e-13 1.71193e-13 1.55776e-13 1.74971e-13 1.59354e-13 1.78567e-13 1.62879e-13 1.82203e-13 1.66353e-13 1.85877e-13 1.69779e-13 1.89356e-13 1.73157e-13 1.9287e-13 1.7649e-13 1.9618e-13 1.79778e-13 1.9952e-13 1.83023e-13 2.02889e-13 1.86227e-13
50 1.91012e-18 1.91012e-18 2.09174e-25 1.09508e-07 -2.15112e-07 2.53322e-15 3.04347e-15 6.35332e-15 6.29383e-15 1.43226e-14 1.28333e-14 2.20403e-14 1.92078e-14 2.93424e-14 2.53524e-14 3.62598e-14 3.12615e-14 4.27993e-14 3.69458e-14 4.90331e-14 4.24204e-14 5.50495e-14 4.77011e-14 6.07035e-14 5.28024e-14 6.62168e-14 5.7738e-14 7.15202e-14 6.25204e-14 7.65492e-14 6.71603e-14 8.15103e-14 7.16678e-14 8.6238e-14 7.60518e-14 9.08346e-14 8.03199e-14 9.52754e-14 8.44799e-14 9.96861e-14 8.85376e-14 1.03903e-13 9.24998e-14 1.08061e-13 9.63714e-14 1.12149e-13 1.00157e-13 1.15997e-13 1.03862e-13 1.19915e-13 1.0749e-13 1.23568e-13 1.11044e-13 1.2728e-13 1.14529e-13 1.30878e-13 1.17947e-13 1.34354e-13 1.21302e-13 1.37878e-13 1.24597e-13 1.41271e-13 1.27833e-13 1.44525e-13 1.31014e-13 1.47818e-13 1.34142e-13 1.50963e-13 1.37218e-13 1.54142e-13 1.40245e-13 1.57166e-13 1.43225e-13 1.60219e-13 1.46159e-13 1.63303e-13 1.4905e-13 1.66222e-13 1.51898e-13 1.69166e-13 1.54705e-13 1.71938e-13 1.57473e-13 1.74733e-13 1.60202e-13 1.7755e-13 1.62895e-13
52.5665 1.76613e-18 1.76613e-18 1.7201e-25 9.7394e-08 2.08569e-07 2.69076e-15 2.93573e-15 6.45357e-15 6.01164e-15 1.39881e-14 1.20912e-14 2.10844e-14 1.79226e-14 2.76888e-14 2.34795e-14 3.38738e-14 2.87763e-14 3.96705e-14 3.38354e-14 4.51582e-14 3.86788e-14 5.04244e-14 4.33268e-14 5.53494e-14 4.77972e-14 6.01321e-14 5.21054e-14 6.47158e-14 5.62653e-14 6.90484e-14 6.02886e-14 7.331e-14 6.4186e-14 7.73606e-14 6.79668e-14 8.12895e-14 7.16387e-14 8.5077e-14 7.52097e-14 8.88312e-14 7.86858e-14 9.24136e-14 8.20735e-14 9.59397e-14 8.53779e-14 9.94013e-14 8.86033e-14 1.02654e-13 9.1755e-14 1.05961e-13 9.48366e-14 1.09041e-13 9.78514e-14 1.12167e-13 1.00804e-13 1.15192e-13 1.03696e-13 1.18113e-13 1.0653e-13 1.2107e-13 1.09311e-13 1.23914e-13 1.1204e-13 1.26638e-13 1.14719e-13 1.29393e-13 1.1735e-13 1.32022e-13 1.19936e-13 1.34677e-13 1.22478e-13 1.372e-13 1.24978e-13 1.39746e-13 1.27437e-13 1.42315e-13 1.29858e-13 1.44744e-13 1.32242e-13 1.47194e-13 1.34589e-13 1.49498e-13 1.36902e-13 1.5182e-13 1.39181e-13 1.54158e-13 1.41428e-13
55.2648 1.63401e-18 1.63401e-18 1.41458e-25 8.65706e-08 5.90499e-07 2.80629e-15 2.80585e-15 6.45105e-15 5.68847e-15 1.3471e-14 1.12847e-14 1.99104e-14 1.65664e-14 2.58108e-14 2.15427e-14 3.12771e-14 2.62449e-14 3.63585e-14 3.07048e-14 4.1138e-14 3.49497e-14 4.56999e-14 3.90033e-14 4.99471e-14 4.28851e-14 5.40555e-14 4.66121e-14 5.79794e-14 5.01987e-14 6.16772e-14 5.36569e-14 6.53046e-14 5.69979e-14 6.87438e-14 6.02307e-14 7.20723e-14 6.33632e-14 7.52745e-14 6.64032e-14 7.84426e-14 6.93565e-14 8.14604e-14 7.22295e-14 8.44259e-14 7.50271e-14 8.73327e-14 7.77534e-14 9.00602e-14 8.04134e-14 9.283e-14 8.30105e-14 9.54058e-14 8.55479e-14 9.80167e-14 8.80294e-14 1.00542e-13 9.04575e-14 1.02976e-13 9.28346e-14 1.05438e-13 9.51639e-14 1.07804e-13 9.74473e-14 1.10068e-13 9.96868e-14 1.12356e-13 1.01884e-13 1.14537e-13 1.04042e-13 1.16738e-13 1.06161e-13 1.18828e-13 1.08243e-13 1.20935e-13 1.1029e-13 1.2306e-13 1.12303e-13 1.25068e-13 1.14284e-13 1.27092e-13 1.16233e-13 1.28994e-13 1.18152e-13 1.30909e-13 1.20042e-13 1.32837e-13 1.21904e-13
58.1015 1.51234e-18 1.51234e-18 1.16333e-25 7.69224e-08 9.244e-07 2.8757e-15 2.65748e-15 6.34962e-15 5.33304e-15 1.27986e-14 1.04341e-14 1.85685e-14 1.51714e-14 2.37781e-14 1.95849e-14 2.85555e-14 2.37198e-14 3.29627e-14 2.76148e-14 3.70827e-14 3.13012e-14 4.09956e-14 3.48046e-14 4.4623e-14 3.81456e-14 4.8119e-14 4.13416e-14 5.14475e-14 4.44074e-14 5.45751e-14 4.73548e-14 5.76356e-14 5.01947e-14 6.05306e-14 5.29361e-14 6.33266e-14 5.55867e-14 6.60114e-14 5.81537e-14 6.86628e-14 6.0643e-14 7.11845e-14 6.30602e-14 7.36586e-14 6.54102e-14 7.60803e-14 6.76968e-14 7.83496e-14 6.99246e-14 8.06512e-14 7.20968e-14 8.27891e-14 7.42163e-14 8.49538e-14 7.62866e-14 8.70449e-14 7.83101e-14 8.90588e-14 8.02889e-14 9.10943e-14 8.22259e-14 9.3048e-14 8.41228e-14 9.49167e-14 8.59815e-14 9.68026e-14 8.78035e-14 9.85994e-14 8.95911e-14 1.00411e-13 9.13454e-14 1.02131e-13 9.30679e-14 1.03863e-13 9.47596e-14 1.05609e-13 9.64223e-14 1.07257e-13 9.8057e-14 1.08917e-13 9.96646e-14 1.10477e-13 1.01246e-13 1.12046e-13 1.02803e-13 1.13626e-13 1.04335e-13
61.0839 1.40008e-18 1.40008e-18 9.56842e-26 6.83422e-08 1.19389e-06 2.89767e-15 2.49479e-15 6.15817e-15 4.9549e-15 1.20038e-14 9.56033e-15 1.71116e-14 1.37692e-14 2.16601e-14 1.7647e-14 2.57915e-14 2.12499e-14 2.95754e-14 2.46211e-14 3.30927e-14 2.77943e-14 3.64173e-14 3.0796e-14 3.94872e-14 3.3647e-14 4.24359e-14 3.63648e-14 4.52348e-14 3.89637e-14 4.78579e-14 4.14553e-14 5.04185e-14 4.385e-14 5.28356e-14 4.61564e-14 5.51655e-14 4.83816e-14 5.73988e-14 5.05326e-14 5.96007e-14 5.26146e-14 6.16916e-14 5.46331e-14 6.37402e-14 5.65924e-14 6.57427e-14 5.84961e-14 6.76169e-14 6.03483e-14 6.95156e-14 6.21519e-14 7.12773e-14 6.39097e-14 7.30593e-14 6.56247e-14 7.4779e-14 6.72992e-14 7.64337e-14 6.89349e-14 7.81046e-14 7.05345e-14 7.97071e-14 7.20995e-14 8.12386e-14 7.36317e-14 8.2783e-14 7.51323e-14 8.42534e-14 7.66033e-14 8.57352e-14 7.80459e-14 8.71401e-14 7.94612e-14 8.8555e-14 8.08502e-14 8.99798e-14 8.22144e-14 9.13245e-14 8.35548e-14 9.26777e-14 8.48721e-14 9.39484e-14 8.6167e-14 9.52265e-14 8.74409e-14 9.65119e-14 8.86944e-14
64.2193 1.29607e-18 1.29607e-18 7.86948e-26 6.07178e-08 1.40413e-06 2.87273e-15 2.32155e-15 5.88777e-15 4.56246e-15 1.11182e-14 8.68117e-15 1.55878e-14 1.23855e-14 1.95164e-14 1.57614e-14 2.30529e-14 1.88723e-14 2.62701e-14 2.17644e-14 2.92447e-14 2.44722e-14 3.2044e-14 2.70221e-14 3.46193e-14 2.94348e-14 3.7085e-14 3.17269e-14 3.94189e-14 3.39123e-14 4.16009e-14 3.60018e-14 4.37262e-14 3.80053e-14 4.57284e-14 3.99307e-14 4.76548e-14 4.17846e-14 4.94983e-14 4.35734e-14 5.13132e-14 4.53018e-14 5.30341e-14 4.69749e-14 5.4718e-14 4.85965e-14 5.6362e-14 5.017e-14 5.78989e-14 5.16989e-14 5.94542e-14 5.3186e-14 6.08958e-14 5.46336e-14 6.23527e-14 5.60444e-14 6.37573e-14 5.74205e-14 6.51076e-14 5.87634e-14 6.64702e-14 6.00754e-14 6.77758e-14 6.1358e-14 6.90228e-14 6.26126e-14 7.02793e-14 6.38403e-14 7.14748e-14 6.50429e-14 7.26789e-14 6.62214e-14 7.38197e-14 6.73768e-14 7.4968e-14 6.85099e-14 7.61236e-14 6.96221e-14 7.72136e-14 7.07142e-14 7.83099e-14 7.17868e-14 7.93389e-14 7.28406e-14 8.03734e-14 7.38767e-14 8.14132e-14 7.48956e-14
67.5157 1.19968e-18 1.19968e-18 6.47213e-26 5.3949e-08 1.54585e-06 2.80427e-15 2.14204e-15 5.55326e-15 4.16478e-15 1.01763e-14 7.81453e-15 1.40446e-14 1.10453e-14 1.74034e-14 1.39582e-14 2.04017e-14 1.66212e-14 2.31121e-14 1.90813e-14 2.56058e-14 2.13729e-14 2.79427e-14 2.35215e-14 3.00853e-14 2.5547e-14 3.21306e-14 2.74651e-14 3.40615e-14 2.92886e-14 3.58626e-14 3.10277e-14 3.76134e-14 3.26915e-14 3.92596e-14 3.4287e-14 4.08409e-14 3.58203e-14 4.23519e-14 3.72973e-14 4.38372e-14 3.87221e-14 4.52438e-14 4.00993e-14 4.66185e-14 4.14322e-14 4.79591e-14 4.27238e-14 4.92109e-14 4.39774e-14 5.04765e-14 4.51953e-14 5.16486e-14 4.63795e-14 5.2832e-14 4.75325e-14 5.39719e-14 4.8656e-14 5.5067e-14 4.97515e-14 5.61711e-14 5.08208e-14 5.72284e-14 5.18653e-14 5.82374e-14 5.28861e-14 5.92535e-14 5.38844e-14 6.02197e-14 5.48615e-14 6.11921e-14 5.58183e-14 6.2113e-14 5.67558e-14 6.30394e-14 5.76746e-14 6.39712e-14 5.85759e-14 6.48497e-14 5.94604e-14 6.57328e-14 6.03286e-14 6.65613e-14 6.1181e-14 6.73937e-14 6.20188e-14 6.82302e-14 6.28422e-14
70.9813 1.11003e-18 1.11003e-18 5.3228e-26 4.79518e-08 1.62983e-06 2.69681e-15 1.95974e-15 5.16935e-15 3.76908e-15 9.20748e-15 6.97391e-15 1.25202e-14 9.76651e-15 1.53638e-14 1.22581e-14 1.78823e-14 1.45182e-14 2.01457e-14 1.65935e-14 2.22184e-14 1.85171e-14 2.41534e-14 2.03133e-14 2.59217e-14 2.20004e-14 2.76052e-14 2.35932e-14 2.91906e-14 2.51034e-14 3.06663e-14 2.65402e-14 3.2098e-14 2.79117e-14 3.3442e-14 2.92244e-14 3.47309e-14 3.04837e-14 3.59607e-14 3.16946e-14 3.71681e-14 3.28611e-14 3.83101e-14 3.39869e-14 3.9425e-14 3.50752e-14 4.05109e-14 3.61285e-14 4.15241e-14 3.71495e-14 4.25474e-14 3.81404e-14 4.34943e-14 3.9103e-14 4.44495e-14 4.00393e-14 4.5369e-14 4.09508e-14 4.62516e-14 4.18387e-14 4.71409e-14 4.27048e-14 4.79919e-14 4.35501e-14 4.88035e-14 4.43757e-14 4.96203e-14 4.51824e-14 5.03966e-14 4.59715e-14 5.11774e-14 4.67438e-14 5.19165e-14 4.74999e-14 5.26596e-14 4.82405e-14 5.34067e-14 4.89667e-14 5.41107e-14 4.96788e-14 5.4818e-14 5.03775e-14 5.54813e-14 5.10631e-14 5.61476e-14 5.17366e-14 5.68168e-14 5.23983e-14
74.6248 1.02661e-18 1.02661e-18 4.37745e-26 4.26397e-08 1.65986e-06 2.55669e-15 1.77825e-15 4.75198e-15 3.38244e-15 8.23988e-15 6.17175e-15 1.10485e-14 8.56474e-15 1.34338e-14 1.06779e-14 1.55308e-14 1.25805e-14 1.74052e-14 1.43173e-14 1.91141e-14 1.59194e-14 2.0704e-14 1.74095e-14 2.21525e-14 1.88044e-14 2.3528e-14 2.01174e-14 2.48204e-14 2.13591e-14 2.60211e-14 2.25378e-14 2.71839e-14 2.36606e-14 2.82737e-14 2.47332e-14 2.93174e-14 2.57605e-14 3.03119e-14 2.67468e-14 3.12871e-14 2.76955e-14 3.22084e-14 2.86099e-14 3.31068e-14 2.94927e-14 3.39812e-14 3.03462e-14 3.47962e-14 3.11726e-14 3.56186e-14 3.19739e-14 3.6379e-14 3.27514e-14 3.71456e-14 3.35071e-14 3.78829e-14 3.42422e-14 3.85902e-14 3.49577e-14 3.93023e-14 3.5655e-14 3.99834e-14 3.63351e-14 4.06325e-14 3.69989e-14 4.12856e-14 3.76471e-14 4.19058e-14 3.82808e-14 4.25294e-14 3.89005e-14 4.31193e-14 3.95069e-14 4.37122e-14 4.01006e-14 4.43079e-14 4.06823e-14 4.4869e-14 4.12525e-14 4.54327e-14 4.18117e-14 4.59609e-14 4.23602e-14 4.64914e-14 4.28988e-14 4.70239e-14 4.34276e-14
78.4553 9.48988e-19 9.48988e-19 3.59991e-26 3.79342e-08 1.64729e-06 2.39114e-15 1.60071e-15 4.31651e-15 3.01084e-15 7.29737e-15 5.41777e-15 9.65626e-15 7.45126e-15 1.16396e-14 9.22912e-15 1.33715e-14 1.08181e-14 1.49115e-14 1.22605e-14 1.631e-14 1.3585e-14 1.76068e-14 1.48123e-14 1.87849e-14 1.59574e-14 1.99011e-14 1.70323e-14 2.09477e-14 1.80463e-14 2.19182e-14 1.90068e-14 2.28565e-14 1.99199e-14 2.37346e-14 2.07907e-14 2.45745e-14 2.16233e-14 2.53738e-14 2.24216e-14 2.61567e-14 2.31884e-14 2.68956e-14 2.39266e-14 2.76154e-14 2.46384e-14 2.83154e-14 2.53258e-14 2.89672e-14 2.59908e-14 2.96245e-14 2.6635e-14 3.02318e-14 2.72595e-14 3.08435e-14 2.78659e-14 3.14315e-14 2.84553e-14 3.19952e-14 2.90286e-14 3.25625e-14 2.9587e-14 3.31047e-14 3.01312e-14 3.36212e-14 3.06619e-14 3.41405e-14 3.11799e-14 3.46335e-14 3.1686e-14 3.51289e-14 3.21806e-14 3.55974e-14 3.26645e-14 3.6068e-14 3.31378e-14 3.65407e-14 3.36014e-14 3.69858e-14 3.40557e-14 3.74326e-14 3.45009e-14 3.78513e-14 3.49374e-14 3.82716e-14 3.53658e-14 3.86933e-14 3.57864e-14
82.4824 8.766e-19 8.766e-19 2.96017e-26 3.37688e-08 1.58904e-06 2.20717e-15 1.42951e-15 3.87603e-15 2.65851e-15 6.39777e-15 4.71797e-15 8.36105e-15 6.43182e-15 9.99647e-15 7.91571e-15 1.14155e-14 9.23271e-15 1.26713e-14 1.04217e-14 1.38075e-14 1.15088e-14 1.48578e-14 1.25124e-14 1.58096e-14 1.3446e-14 1.67093e-14 1.432e-14 1.75513e-14 1.51426e-14 1.83308e-14 1.59202e-14 1.90833e-14 1.6658e-14 1.97866e-14 1.73606e-14 2.04584e-14 1.80313e-14 2.10971e-14 1.86734e-14 2.1722e-14 1.92894e-14 2.23111e-14 1.98818e-14 2.28847e-14 2.04524e-14 2.34418e-14 2.10029e-14 2.39603e-14 2.15349e-14 2.44827e-14 2.20497e-14 2.49651e-14 2.25485e-14 2.54507e-14 2.30325e-14 2.59172e-14 2.35025e-14 2.63641e-14 2.39593e-14 2.68136e-14 2.4404e-14 2.7243e-14 2.48371e-14 2.76519e-14 2.52592e-14 2.80628e-14 2.5671e-14 2.84527e-14 2.6073e-14 2.88444e-14 2.64658e-14 2.92146e-14 2.68498e-14 2.95863e-14 2.72253e-14 2.99596e-14 2.75929e-14 3.03108e-14 2.79529e-14 3.06634e-14 2.83056e-14 3.09936e-14 2.86513e-14 3.1325e-14 2.89904e-14 3.16574e-14 2.93232e-14
86.7162 8.09111e-19 8.09111e-19 2.43392e-26 3.00814e-08 1.47492e-06 2.01207e-15 1.26681e-15 3.44254e-15 2.32909e-15 5.55546e-15 4.07684e-15 7.17559e-15 5.5099e-15 8.5135e-15 6.73905e-15 9.66752e-15 7.82259e-15 1.06844e-14 8.79577e-15 1.16012e-14 9.68182e-15 1.24463e-14 1.0497e-14 1.32103e-14 1.12532e-14 1.39311e-14 1.19593e-14 1.46044e-14 1.26224e-14 1.52267e-14 1.3248e-14 1.58267e-14 1.38407e-14 1.63868e-14 1.4404e-14 1.69211e-14 1.49411e-14 1.74286e-14 1.54547e-14 1.79246e-14 1.59468e-14 1.83919e-14 1.64195e-14 1.88464e-14 1.68743e-14 1.92876e-14 1.73127e-14 1.96979e-14 1.7736e-14 2.0111e-14 1.81453e-14 2.04922e-14 1.85416e-14 2.08758e-14 1.89257e-14 2.1244e-14 1.92986e-14 2.15966e-14 1.96608e-14 2.19511e-14 2.00131e-14 2.22895e-14 2.0356e-14 2.26117e-14 2.06901e-14 2.29352e-14 2.10157e-14 2.32421e-14 2.13336e-14 2.35503e-14 2.16439e-14 2.38415e-14 2.19472e-14 2.41338e-14 2.22436e-14 2.44271e-14 2.25337e-14 2.47031e-14 2.28177e-14 2.498e-14 2.30958e-14 2.52393e-14 2.33682e-14 2.54994e-14 2.36354e-14 2.57603e-14 2.38974e-14
91.1674 7.46235e-19 7.46235e-19 2.00091e-26 2.68134e-08 1.33554e-06 1.81259e-15 1.11427e-15 3.02588e-15 2.02508e-15 4.78033e-15 3.49663e-15 6.10662e-15 4.68586e-15 7.19308e-15 5.69662e-15 8.1251e-15 6.58187e-15 8.943e-15 7.37303e-15 9.67809e-15 8.09051e-15 1.03539e-14 8.74848e-15 1.09635e-14 9.35711e-15 1.15376e-14 9.92412e-15 1.2073e-14 1.04555e-14 1.25671e-14 1.09559e-14 1.30429e-14 1.14292e-14 1.34865e-14 1.18785e-14 1.39093e-14 1.23062e-14 1.43104e-14 1.27147e-14 1.47022e-14 1.31057e-14 1.5071e-14 1.34808e-14 1.54293e-14 1.38415e-14 1.5777e-14 1.41888e-14 1.61001e-14 1.45239e-14 1.64252e-14 1.48477e-14 1.6725e-14 1.51609e-14 1.70265e-14 1.54644e-14 1.73159e-14 1.57587e-14 1.75928e-14 1.60444e-14 1.7871e-14 1.63222e-14 1.81366e-14 1.65924e-14 1.83892e-14 1.68556e-14 1.86429e-14 1.71119e-14 1.88834e-14 1.7362e-14 1.91248e-14 1.76061e-14 1.93529e-14 1.78446e-14 1.95817e-14 1.80775e-14 1.98113e-14 1.83054e-14 2.00272e-14 1.85283e-14 2.02438e-14 1.87466e-14 2.04465e-14 1.89604e-14 2.06498e-14 1.917e-14 2.08537e-14 1.93755e-14
95.847 6.87648e-19 6.87648e-19 1.64465e-26 2.3917e-08 1.18762e-06 1.61448e-15 9.72952e-16 2.63336e-15 1.74777e-15 4.07773e-15 2.97729e-15 5.15527e-15 3.95698e-15 6.0314e-15 4.78235e-15 6.77918e-15 5.50075e-15 7.43294e-15 6.13978e-15 8.01878e-15 6.71713e-15 8.55606e-15 7.24496e-15 9.03978e-15 7.73194e-15 9.49445e-15 8.18461e-15 9.91788e-15 8.60804e-15 1.03082e-14 9.00608e-15 1.06835e-14 9.38198e-15 1.10331e-14 9.73831e-15 1.13659e-14 1.00771e-14 1.16815e-14 1.04004e-14 1.19894e-14 1.07094e-14 1.2279e-14 1.10057e-14 1.25603e-14 1.12903e-14 1.2833e-14 1.15641e-14 1.30862e-14 1.18281e-14 1.3341e-14 1.2083e-14 1.35757e-14 1.23293e-14 1.38117e-14 1.25679e-14 1.4038e-14 1.27992e-14 1.42545e-14 1.30236e-14 1.4472e-14 1.32416e-14 1.46795e-14 1.34535e-14 1.48768e-14 1.36599e-14 1.50748e-14 1.38608e-14 1.52625e-14 1.40567e-14 1.54509e-14 1.42479e-14 1.56287e-14 1.44345e-14 1.58071e-14 1.46167e-14 1.5986e-14 1.4795e-14 1.61543e-14 1.49693e-14 1.6323e-14 1.51399e-14 1.64809e-14 1.5307e-14 1.66392e-14 1.54707e-14 1.67979e-14 1.56311e-14
100.767 6.3305e-19 6.3305e-19 1.35143e-26 2.1348e-08 1.04184e-06 1.42252e-15 8.43483e-16 2.27006e-15 1.49755e-15 3.44953e-15 2.51719e-15 4.31871e-15 3.31855e-15 5.02054e-15 3.988e-15 5.61676e-15 4.56725e-15 6.13622e-15 5.08019e-15 6.60044e-15 5.54197e-15 7.02524e-15 5.96293e-15 7.40698e-15 6.35036e-15 7.76523e-15 6.70974e-15 8.0984e-15 7.0453e-15 8.40511e-15 7.36023e-15 8.69977e-15 7.65723e-15 8.97391e-15 7.9384e-15 9.23474e-15 8.20546e-15 9.48179e-15 8.45995e-15 9.7227e-15 8.70305e-15 9.94913e-15 8.93589e-15 1.01689e-14 9.15935e-15 1.03818e-14 9.3742e-15 1.05795e-14 9.58119e-15 1.07782e-14 9.78091e-15 1.09612e-14 9.97385e-15 1.11451e-14 1.01606e-14 1.13214e-14 1.03415e-14 1.149e-14 1.05169e-14 1.16592e-14 1.06872e-14 1.18206e-14 1.08528e-14 1.19741e-14 1.10139e-14 1.21281e-14 1.11707e-14 1.2274e-14 1.13235e-14 1.24203e-14 1.14725e-14 1.25585e-14 1.1618e-14 1.2697e-14 1.176e-14 1.28359e-14 1.18988e-14 1.29665e-14 1.20346e-14 1.30975e-14 1.21674e-14 1.32199e-14 1.22974e-14 1.33427e-14 1.24247e-14 1.34658e-14 1.25495e-14
105.939 5.82323e-19 5.82323e-19 1.11065e-26 1.90727e-08 8.63529e-07 1.24078e-15 7.263e-16 1.93965e-15 1.27442e-15 2.89566e-15 2.11411e-15 3.59218e-15 2.76529e-15 4.15102e-15 3.30489e-15 4.62371e-15 3.76915e-15 5.03424e-15 4.17853e-15 5.40019e-15 4.54585e-15 5.73438e-15 4.87978e-15 6.03418e-15 5.18641e-15 6.31512e-15 5.47028e-15 6.57606e-15 5.73489e-15 6.81601e-15 5.98286e-15 7.04631e-15 6.2164e-15 7.26037e-15 6.43723e-15 7.46388e-15 6.64676e-15 7.65649e-15 6.84622e-15 7.84419e-15 7.0366e-15 8.0205e-15 7.21878e-15 8.19152e-15 7.3935e-15 8.35713e-15 7.56136e-15 8.51077e-15 7.72298e-15 8.66515e-15 7.87882e-15 8.80731e-15 8.02929e-15 8.95006e-15 8.17483e-15 9.08687e-15 8.31575e-15 9.21766e-15 8.45234e-15 9.34892e-15 8.58492e-15 9.47404e-15 8.71374e-15 9.59296e-15 8.839e-15 9.71225e-15 8.96088e-15 9.82525e-15 9.07964e-15 9.93856e-15 9.19542e-15 1.00455e-14 9.30837e-15 1.01527e-14 9.41862e-15 1.02602e-14 9.52635e-15 1.03612e-14 9.63167e-15 1.04624e-14 9.73468e-15 1.05571e-14 9.83546e-15 1.0652e-14 9.93418e-15 1.07471e-14 1.00309e-14
111.377 5.35107e-19 5.35107e-19 9.1237e-27 1.70502e-08 6.89841e-07 1.07169e-15 6.21155e-16 1.64313e-15 1.07715e-15 2.41246e-15 1.76386e-15 2.96709e-15 2.28957e-15 3.40946e-15 2.72183e-15 3.78216e-15 3.09176e-15 4.10489e-15 3.41665e-15 4.39191e-15 3.70724e-15 4.65353e-15 3.97074e-15 4.88787e-15 4.21217e-15 5.10717e-15 4.43529e-15 5.31061e-15 4.64293e-15 5.49751e-15 4.83724e-15 5.67671e-15 5.02002e-15 5.84315e-15 5.19266e-15 6.00127e-15 5.3563e-15 6.15082e-15 5.51195e-15 6.29646e-15 5.66037e-15 6.43319e-15 5.80231e-15 6.56574e-15 5.93833e-15 6.69403e-15 6.06892e-15 6.81301e-15 6.19459e-15 6.9325e-15 6.31569e-15 7.04248e-15 6.43256e-15 7.15288e-15 6.54554e-15 7.25865e-15 6.65488e-15 7.35973e-15 6.76082e-15 7.46114e-15 6.86361e-15 7.55779e-15 6.96343e-15 7.64961e-15 7.06046e-15 7.74169e-15 7.15485e-15 7.82889e-15 7.24678e-15 7.91631e-15 7.33638e-15 7.99879e-15 7.42376e-15 8.08147e-15 7.50902e-15 8.16433e-15 7.59232e-15 8.24219e-15 7.67372e-15 8.32021e-15 7.75332e-15 8.39318e-15 7.83118e-15 8.46628e-15 7.90743e-15 8.53952e-15 7.9821e-15
117.094 4.91278e-19 4.91278e-19 7.49381e-27 1.52537e-08 5.23944e-07 9.17189e-16 5.2781e-16 1.38082e-15 9.0456e-16 1.99585e-15 1.4625e-15 2.43493e-15 1.88434e-15 2.78324e-15 2.22865e-15 3.07562e-15 2.52181e-15 3.32812e-15 2.77831e-15 3.55221e-15 3.00705e-15 3.75611e-15 3.21397e-15 3.93848e-15 3.40318e-15 4.10894e-15 3.57774e-15 4.26691e-15 3.73994e-15 4.41189e-15 3.89155e-15 4.55079e-15 4.03399e-15 4.67971e-15 4.16839e-15 4.80208e-15 4.29567e-15 4.91776e-15 4.41662e-15 5.03035e-15 4.53188e-15 5.136e-15 4.64202e-15 5.23837e-15 4.7475e-15 5.3374e-15 4.84872e-15 5.4292e-15 4.94605e-15 5.52137e-15 5.03981e-15 5.60617e-15 5.13024e-15 5.69126e-15 5.21762e-15 5.77276e-15 5.30216e-15 5.85061e-15 5.38403e-15 5.9287e-15 5.46343e-15 6.0031e-15 5.54051e-15 6.07377e-15 5.61542e-15 6.14462e-15 5.68826e-15 6.21169e-15 5.75918e-15 6.27892e-15 5.82827e-15 6.34234e-15 5.89565e-15 6.40589e-15 5.96136e-15 6.46958e-15 6.02555e-15 6.5294e-15 6.08826e-15 6.58934e-15 6.14957e-15 6.64538e-15 6.20952e-15 6.70153e-15 6.26821e-15 6.75776e-15 6.32569e-15
123.105 4.50645e-19 4.50645e-19 6.15481e-27 1.36578e-08 3.64805e-07 7.78201e-16 4.45704e-16 1.15165e-15 7.54923e-16 1.6403e-15 1.20543e-15 1.98604e-15 1.54199e-15 2.25893e-15 1.81476e-15 2.48723e-15 2.04591e-15 2.6839e-15 2.24743e-15 2.85811e-15 2.42664e-15 3.01638e-15 2.58839e-15 3.15774e-15 2.73602e-15 3.28973e-15 2.872e-15 3.41192e-15 2.99819e-15 3.52397e-15 3.11599e-15 3.63124e-15 3.22656e-15 3.73072e-15 3.33078e-15 3.82511e-15 3.42939e-15 3.91427e-15 3.52304e-15 4.00102e-15 3.6122e-15 4.08237e-15 3.69736e-15 4.16116e-15 3.77886e-15 4.23736e-15 3.85702e-15 4.30796e-15 3.93215e-15 4.37882e-15 4.00448e-15 4.44399e-15 4.07422e-15 4.50937e-15 4.14157e-15 4.57197e-15 4.20671e-15 4.63175e-15 4.26976e-15 4.6917e-15 4.3309e-15 4.74879e-15 4.39023e-15 4.80301e-15 4.44786e-15 4.85736e-15 4.50388e-15 4.9088e-15 4.55842e-15 4.96035e-15 4.61154e-15 5.00896e-15 4.66332e-15 5.05767e-15 4.71381e-15 5.10647e-15 4.76312e-15 5.15231e-15 4.81128e-15 5.19822e-15 4.85835e-15 5.24115e-15 4.90438e-15 5.28414e-15 4.94942e-15 5.3272e-15 4.99353e-15
129.424 4.12967e-19 4.12967e-19 5.05291e-27 1.22356e-08 2.23039e-07 6.54814e-16 3.74062e-16 9.5355e-16 6.26207e-16 1.33953e-15 9.87769e-16 1.61037e-15 1.25479e-15 1.82316e-15 1.46978e-15 2.00064e-15 1.65113e-15 2.15317e-15 1.80871e-15 2.28805e-15 1.94848e-15 2.4104e-15 2.07437e-15 2.51956e-15 2.18908e-15 2.62137e-15 2.29457e-15 2.71554e-15 2.39235e-15 2.80183e-15 2.48352e-15 2.88438e-15 2.56901e-15 2.96089e-15 2.64952e-15 3.03343e-15 2.72564e-15 3.10194e-15 2.79787e-15 3.16854e-15 2.86661e-15 3.23098e-15 2.93221e-15 3.29143e-15 2.99496e-15 3.34987e-15 3.05512e-15 3.404e-15 3.1129e-15 3.4583e-15 3.16852e-15 3.50824e-15 3.22211e-15 3.55831e-15 3.27386e-15 3.60624e-15 3.32388e-15 3.65201e-15 3.37228e-15 3.69789e-15 3.4192e-15 3.74157e-15 3.46472e-15 3.78305e-15 3.50893e-15 3.82462e-15 3.55188e-15 3.86395e-15 3.59369e-15 3.90336e-15 3.6344e-15 3.94053e-15 3.67407e-15 3.97775e-15 3.71275e-15 4.01504e-15 3.75051e-15 4.05006e-15 3.78739e-15 4.08513e-15 3.82342e-15 4.11791e-15 3.85865e-15 4.15074e-15 3.89312e-15 4.18362e-15 3.92686e-15
136.067 3.78145e-19 3.78145e-19 4.14819e-27 1.09699e-08 1.06326e-07 5.46787e-16 3.12132e-16 7.84272e-16 5.16496e-16 1.08756e-15 8.0506e-16 1.29875e-15 1.01584e-15 1.46398e-15 1.18448e-15 1.60139e-15 1.32613e-15 1.71925e-15 1.44884e-15 1.8233e-15 1.55741e-15 1.91756e-15 1.65501e-15 2.00156e-15 1.74379e-15 2.07984e-15 1.82534e-15 2.15218e-15 1.90082e-15 2.21842e-15 1.97114e-15 2.28174e-15 2.03701e-15 2.3404e-15 2.099e-15 2.396e-15 2.15757e-15 2.44847e-15 2.2131e-15 2.49946e-15 2.26592e-15 2.54725e-15 2.3163e-15 2.5935e-15 2.36447e-15 2.63819e-15 2.41062e-15 2.67957e-15 2.45493e-15 2.72108e-15 2.49757e-15 2.75923e-15 2.53863e-15 2.79748e-15 2.57827e-15 2.83409e-15 2.61658e-15 2.86903e-15 2.65363e-15 2.90405e-15 2.68954e-15 2.93739e-15 2.72436e-15 2.96904e-15 2.75817e-15 3.00075e-15 2.79102e-15 3.03075e-15 2.82298e-15 3.0608e-15 2.85409e-15 3.08914e-15 2.88441e-15 3.11752e-15 2.91396e-15 3.14594e-15 2.9428e-15 3.17263e-15 2.97096e-15 3.19935e-15 2.99847e-15 3.22433e-15 3.02536e-15 3.24934e-15 3.05167e-15 3.27438e-15 3.07742e-15
143.051 3.45949e-19 3.45949e-19 3.40462e-27 9.84141e-09 1.3545e-08 4.53233e-16 2.58975e-16 6.40905e-16 4.2363e-16 8.78014e-16 6.52685e-16 1.04197e-15 8.18255e-16 1.16975e-15 9.49935e-16 1.27574e-15 1.0601e-15 1.36648e-15 1.15526e-15 1.44646e-15 1.23927e-15 1.51883e-15 1.31464e-15 1.58326e-15 1.38311e-15 1.64325e-15 1.44592e-15 1.69865e-15 1.50399e-15 1.74934e-15 1.55804e-15 1.79777e-15 1.60863e-15 1.84262e-15 1.6562e-15 1.8851e-15 1.70111e-15 1.92517e-15 1.74368e-15 1.9641e-15 1.78414e-15 2.00057e-15 1.82271e-15 2.03586e-15 1.85957e-15 2.06994e-15 1.89487e-15 2.10149e-15 1.92876e-15 2.13313e-15 1.96134e-15 2.1622e-15 1.99272e-15 2.19135e-15 2.023e-15 2.21923e-15 2.05225e-15 2.24584e-15 2.08053e-15 2.2725e-15 2.10794e-15 2.29788e-15 2.13451e-15 2.32197e-15 2.16029e-15 2.3461e-15 2.18534e-15 2.36892e-15 2.20971e-15 2.39178e-15 2.23343e-15 2.41333e-15 2.25653e-15 2.43492e-15 2.27905e-15 2.45653e-15 2.30102e-15 2.47682e-15 2.32247e-15 2.49713e-15 2.34342e-15 2.51611e-15 2.36389e-15 2.53512e-15 2.38392e-15 2.55415e-15 2.40353e-15
150.394 3.16248e-19 3.16248e-19 2.79389e-27 8.83448e-09 -8.38874e-08 3.73121e-16 2.13712e-16 5.20627e-16 3.45634e-16 7.05155e-16 5.26536e-16 8.3193e-16 6.56001e-16 9.30384e-16 7.58392e-16 1.01186e-15 8.43739e-16 1.08149e-15 9.17253e-16 1.14278e-15 9.82021e-16 1.19817e-15 1.04004e-15 1.24745e-15 1.09266e-15 1.29329e-15 1.14088e-15 1.33559e-15 1.18542e-15 1.37428e-15 1.22684e-15 1.41122e-15 1.26557e-15 1.44541e-15 1.30197e-15 1.47778e-15 1.33631e-15 1.50831e-15 1.36884e-15 1.53796e-15 1.39975e-15 1.56572e-15 1.4292e-15 1.59257e-15 1.45733e-15 1.6185e-15 1.48426e-15 1.6425e-15 1.5101e-15 1.66656e-15 1.53494e-15 1.68866e-15 1.55886e-15 1.71081e-15 1.58192e-15 1.732e-15 1.6042e-15 1.75221e-15 1.62574e-15 1.77247e-15 1.6466e-15 1.79174e-15 1.66682e-15 1.81003e-15 1.68644e-15 1.82835e-15 1.7055e-15 1.84568e-15 1.72403e-15 1.86303e-15 1.74207e-15 1.87939e-15 1.75963e-15 1.89576e-15 1.77675e-15 1.91216e-15 1.79345e-15 1.92755e-15 1.80975e-15 1.94296e-15 1.82567e-15 1.95736e-15 1.84122e-15 1.97177e-15 1.85643e-15 1.9862e-15 1.87132e-15
158.114 2.8888e-19 2.8888e-19 2.29238e-27 7.93543e-09 -1.44524e-07 3.05194e-16 1.75444e-16 4.20546e-16 2.80576e-16 5.63545e-16 4.22765e-16 6.61211e-16 5.23567e-16 7.36812e-16 6.02872e-16 7.9924e-16 6.68747e-16 8.52505e-16 7.25345e-16 8.99335e-16 7.75112e-16 9.41619e-16 8.19624e-16 9.79198e-16 8.59947e-16 1.01413e-15 8.96851e-16 1.04635e-15 9.30911e-16 1.0758e-15 9.62555e-16 1.10391e-15 9.9213e-16 1.12991e-15 1.01991e-15 1.15452e-15 1.0461e-15 1.17772e-15 1.07089e-15 1.20024e-15 1.09444e-15 1.22133e-15 1.11686e-15 1.24171e-15 1.13828e-15 1.2614e-15 1.15877e-15 1.27961e-15 1.17843e-15 1.29786e-15 1.19732e-15 1.31463e-15 1.2155e-15 1.33143e-15 1.23303e-15 1.34749e-15 1.24996e-15 1.36282e-15 1.26632e-15 1.37817e-15 1.28217e-15 1.39278e-15 1.29752e-15 1.40664e-15 1.31242e-15 1.42052e-15 1.32688e-15 1.43364e-15 1.34095e-15 1.44679e-15 1.35463e-15 1.45917e-15 1.36796e-15 1.47157e-15 1.38094e-15 1.48399e-15 1.3936e-15 1.49564e-15 1.40596e-15 1.5073e-15 1.41803e-15 1.5182e-15 1.42982e-15 1.52911e-15 1.44135e-15 1.54003e-15 1.45263e-15
166.23 2.63692e-19 2.63692e-19 1.88065e-27 7.132e-09 -2.10837e-07 2.48125e-16 1.4331e-16 3.37914e-16 2.26669e-16 4.48299e-16 3.37927e-16 5.23284e-16 4.16101e-16 5.81155e-16 4.77301e-16 6.28849e-16 5.27972e-16 6.69483e-16 5.71406e-16 7.05168e-16 6.0953e-16 7.37359e-16 6.43579e-16 7.65946e-16 6.74386e-16 7.92504e-16 7.02555e-16 8.16984e-16 7.2853e-16 8.39348e-16 7.52644e-16 8.60685e-16 7.75168e-16 8.80414e-16 7.96308e-16 8.99081e-16 8.16232e-16 9.16673e-16 8.35086e-16 9.33746e-16 8.5298e-16 9.49725e-16 8.7002e-16 9.65171e-16 8.86284e-16 9.8008e-16 9.01843e-16 9.93872e-16 9.16763e-16 1.00769e-15 9.31097e-16 1.02038e-15 9.44888e-16 1.0331e-15 9.58183e-16 1.04525e-15 9.71017e-16 1.05685e-15 9.8342e-16 1.06846e-15 9.95427e-16 1.07951e-15 1.00706e-15 1.08999e-15 1.01835e-15 1.10049e-15 1.0293e-15 1.11041e-15 1.03995e-15 1.12035e-15 1.05031e-15 1.12971e-15 1.0604e-15 1.13908e-15 1.07023e-15 1.14847e-15 1.07981e-15 1.15727e-15 1.08917e-15 1.16608e-15 1.0983e-15 1.17432e-15 1.10722e-15 1.18256e-15 1.11594e-15 1.19081e-15 1.12448e-15
174.763 2.40521e-19 2.40521e-19 1.54248e-27 6.41308e-09 -2.68555e-07 2.00567e-16 1.16492e-16 2.70153e-16 1.82264e-16 3.55051e-16 2.68947e-16 4.12436e-16 3.29341e-16 4.56605e-16 3.76406e-16 4.92941e-16 4.15257e-16 5.23857e-16 4.48486e-16 5.50979e-16 4.77605e-16 5.75426e-16 5.03576e-16 5.97121e-16 5.2705e-16 6.17263e-16 5.48493e-16 6.35821e-16 5.68251e-16 6.52766e-16 5.86582e-16 6.68927e-16 6.03692e-16 6.83865e-16 6.19743e-16 6.97994e-16 6.34864e-16 7.11304e-16 6.49166e-16 7.2422e-16 6.62736e-16 7.36304e-16 6.75652e-16 7.47983e-16 6.87977e-16 7.59253e-16 6.99763e-16 7.69677e-16 7.11063e-16 7.80119e-16 7.21915e-16 7.89708e-16 7.32354e-16 7.99312e-16 7.42416e-16 8.08494e-16 7.52126e-16 8.17251e-16 7.61508e-16 8.2602e-16 7.70589e-16 8.34361e-16 7.79387e-16 8.42273e-16 7.87919e-16 8.50195e-16 7.96201e-16 8.57684e-16 8.04251e-16 8.65182e-16 8.12081e-16 8.72246e-16 8.19703e-16 8.79316e-16 8.27127e-16 8.86394e-16 8.34367e-16 8.93035e-16 8.41431e-16 8.99682e-16 8.48328e-16 9.05891e-16 8.55063e-16 9.12105e-16 8.61649e-16 9.18324e-16 8.68091e-16
183.733 2.19245e-19 2.19245e-19 1.2648e-27 5.76889e-09 -2.94898e-07 1.61259e-16 9.42564e-17 2.14975e-16 1.45916e-16 2.80054e-16 2.13184e-16 3.23844e-16 2.59681e-16 3.57465e-16 2.95761e-16 3.85079e-16 3.25461e-16 4.08545e-16 3.50813e-16 4.29113e-16 3.72994e-16 4.47637e-16 3.92755e-16 4.64065e-16 4.10596e-16 4.7931e-16 4.26881e-16 4.93349e-16 4.41875e-16 5.06163e-16 4.55777e-16 5.18379e-16 4.68747e-16 5.29667e-16 4.80908e-16 5.40341e-16 4.92359e-16 5.50394e-16 5.03186e-16 5.60146e-16 5.13455e-16 5.69268e-16 5.23225e-16 5.78082e-16 5.32546e-16 5.86587e-16 5.41457e-16 5.94451e-16 5.49998e-16 6.02328e-16 5.58199e-16 6.09559e-16 5.66086e-16 6.16802e-16 5.73686e-16 6.23724e-16 5.81019e-16 6.30326e-16 5.88103e-16 6.36936e-16 5.94958e-16 6.43222e-16 6.01599e-16 6.49185e-16 6.08038e-16 6.55154e-16 6.14287e-16 6.60796e-16 6.2036e-16 6.66445e-16 6.26267e-16 6.71766e-16 6.32016e-16 6.77092e-16 6.37615e-16 6.82422e-16 6.43075e-16 6.87423e-16 6.48401e-16 6.92429e-16 6.53601e-16 6.97104e-16 6.58678e-16 7.01783e-16 6.63643e-16 7.06465e-16 6.68498e-16
193.164 1.99731e-19 1.99731e-19 1.03707e-27 5.19236e-09 -3.35937e-07 1.29006e-16 7.59286e-17 1.7032e-16 1.16328e-16 2.20054e-16 1.68336e-16 2.53381e-16 2.04019e-16 2.78911e-16 2.31597e-16 2.99848e-16 2.5424e-16 3.17621e-16 2.73532e-16 3.33185e-16 2.90388e-16 3.47193e-16 3.05387e-16 3.59609e-16 3.18917e-16 3.71125e-16 3.31257e-16 3.81726e-16 3.42612e-16 3.91397e-16 3.53134e-16 4.00615e-16 3.62945e-16 4.0913e-16 3.7214e-16 4.17179e-16 3.80795e-16 4.24758e-16 3.88975e-16 4.32109e-16 3.96731e-16 4.38984e-16 4.04109e-16 4.45625e-16 4.11145e-16 4.52031e-16 4.1787e-16 4.57955e-16 4.24314e-16 4.63887e-16 4.305e-16 4.69332e-16 4.36448e-16 4.74784e-16 4.42178e-16 4.79996e-16 4.47707e-16 4.84965e-16 4.53047e-16 4.89939e-16 4.58213e-16 4.9467e-16 4.63217e-16 4.99156e-16 4.68069e-16 5.03647e-16 4.72776e-16 5.07892e-16 4.77351e-16 5.12141e-16 4.818e-16 5.16143e-16 4.86129e-16 5.20149e-16 4.90345e-16 5.24157e-16 4.94455e-16 5.27918e-16 4.98465e-16 5.31682e-16 5.02379e-16 5.35197e-16 5.06201e-16 5.38715e-16 5.09937e-16 5.42234e-16 5.1359e-16
203.079 1.81862e-19 1.81862e-19 8.50334e-28 4.67572e-09 -3.65776e-07 1.02726e-16 6.09102e-17 1.34397e-16 9.23782e-17 1.72301e-16 1.32452e-16 1.97604e-16 1.59755e-16 2.16949e-16 1.80779e-16 2.32791e-16 1.97999e-16 2.46225e-16 2.12646e-16 2.57981e-16 2.25427e-16 2.68555e-16 2.36788e-16 2.77922e-16 2.47028e-16 2.86607e-16 2.56361e-16 2.94598e-16 2.64943e-16 3.01886e-16 2.72891e-16 3.0883e-16 2.803e-16 3.15243e-16 2.8724e-16 3.21303e-16 2.9377e-16 3.27009e-16 2.9994e-16 3.32541e-16 3.05788e-16 3.37714e-16 3.1135e-16 3.42711e-16 3.16652e-16 3.4753e-16 3.2172e-16 3.51985e-16 3.26574e-16 3.56446e-16 3.31233e-16 3.6054e-16 3.35712e-16 3.6464e-16 3.40026e-16 3.68557e-16 3.44188e-16 3.72292e-16 3.48207e-16 3.76031e-16 3.52095e-16 3.79586e-16 3.5586e-16 3.82957e-16 3.5951e-16 3.86331e-16 3.63051e-16 3.89521e-16 3.66492e-16 3.92712e-16 3.69838e-16 3.95719e-16 3.73093e-16 3.98727e-16 3.76263e-16 4.01738e-16 3.79354e-16 4.04563e-16 3.82368e-16 4.07389e-16 3.8531e-16 4.10029e-16 3.88183e-16 4.1267e-16 3.90991e-16 4.15312e-16 3.93736e-16
213.503 1.65485e-19 1.65485e-19 6.96942e-28 4.2115e-09 -3.73424e-07 8.14299e-17 4.86594e-17 1.05632e-16 7.30739e-17 1.34442e-16 1.03848e-16 1.53609e-16 1.24679e-16 1.68234e-16 1.40665e-16 1.80197e-16 1.5373e-16 1.90332e-16 1.64825e-16 1.99195e-16 1.74495e-16 2.07162e-16 1.83082e-16 2.14217e-16 1.90816e-16 2.20754e-16 1.9786e-16 2.26768e-16 2.04335e-16 2.32251e-16 2.10328e-16 2.37473e-16 2.15912e-16 2.42295e-16 2.21141e-16 2.46851e-16 2.26059e-16 2.51139e-16 2.30705e-16 2.55297e-16 2.35107e-16 2.59183e-16 2.39292e-16 2.62937e-16 2.43282e-16 2.66557e-16 2.47093e-16 2.69902e-16 2.50744e-16 2.73252e-16 2.54248e-16 2.76326e-16 2.57615e-16 2.79404e-16 2.60858e-16 2.82344e-16 2.63986e-16 2.85148e-16 2.67006e-16 2.87954e-16 2.69927e-16 2.90622e-16 2.72756e-16 2.93151e-16 2.75498e-16 2.95683e-16 2.78158e-16 2.98076e-16 2.80742e-16 3.0047e-16 2.83254e-16 3.02725e-16 2.85699e-16 3.04982e-16 2.88079e-16 3.0724e-16 2.90399e-16 3.09359e-16 2.92662e-16 3.11478e-16 2.9487e-16 3.13458e-16 2.97026e-16 3.15438e-16 2.99134e-16 3.1742e-16 3.01194e-16
224.463 1.50529e-19 1.50529e-19 5.71313e-28 3.79537e-09 -4.00094e-07 6.4291e-17 3.87276e-17 8.27355e-17 5.7604e-17 1.04585e-16 8.11692e-17 1.19075e-16 9.70241e-17 1.30114e-16 1.09152e-16 1.39132e-16 1.19045e-16 1.46767e-16 1.27433e-16 1.53439e-16 1.34736e-16 1.59433e-16 1.41216e-16 1.64739e-16 1.47048e-16 1.69653e-16 1.52357e-16 1.74173e-16 1.57233e-16 1.78292e-16 1.61746e-16 1.82215e-16 1.65948e-16 1.85836e-16 1.69882e-16 1.89257e-16 1.73581e-16 1.92476e-16 1.77074e-16 1.95597e-16 1.80384e-16 1.98513e-16 1.83529e-16 2.0133e-16 1.86527e-16 2.04045e-16 1.89391e-16 2.06555e-16 1.92133e-16 2.09068e-16 1.94764e-16 2.11373e-16 1.97292e-16 2.13681e-16 1.99727e-16 2.15886e-16 2.02075e-16 2.17988e-16 2.04342e-16 2.20091e-16 2.06535e-16 2.22091e-16 2.08657e-16 2.23988e-16 2.10715e-16 2.25885e-16 2.1271e-16 2.27678e-16 2.14649e-16 2.29473e-16 2.16533e-16 2.31163e-16 2.18367e-16 2.32854e-16 2.20152e-16 2.34546e-16 2.21892e-16 2.36133e-16 2.23589e-16 2.37721e-16 2.25244e-16 2.39204e-16 2.26861e-16 2.40687e-16 2.28441e-16 2.42172e-16 2.29985e-16
235.984 1.3685e-19 1.3685e-19 4.68198e-28 3.42124e-09 -4.27428e-07 5.05591e-17 3.07066e-17 6.45783e-17 4.5251e-17 8.11118e-17 6.32441e-17 9.20456e-17 7.52819e-17 1.00362e-16 8.44634e-17 1.07149e-16 9.1938e-17 1.12891e-16 9.82682e-17 1.17905e-16 1.03774e-16 1.22408e-16 1.08655e-16 1.26392e-16 1.13045e-16 1.30082e-16 1.17039e-16 1.33474e-16 1.20706e-16 1.36564e-16 1.24098e-16 1.39507e-16 1.27256e-16 1.42223e-16 1.30211e-16 1.44788e-16 1.3299e-16 1.47201e-16 1.35612e-16 1.4954e-16 1.38097e-16 1.51726e-16 1.40457e-16 1.53837e-16 1.42707e-16 1.55872e-16 1.44855e-16 1.57752e-16 1.46912e-16 1.59634e-16 1.48885e-16 1.61361e-16 1.50781e-16 1.6309e-16 1.52607e-16 1.64741e-16 1.54367e-16 1.66315e-16 1.56067e-16 1.6789e-16 1.5771e-16 1.69388e-16 1.59301e-16 1.70808e-16 1.60843e-16 1.72228e-16 1.62338e-16 1.73571e-16 1.6379e-16 1.74914e-16 1.65202e-16 1.76179e-16 1.66576e-16 1.77444e-16 1.67913e-16 1.78711e-16 1.69216e-16 1.79899e-16 1.70487e-16 1.81087e-16 1.71727e-16 1.82197e-16 1.72937e-16 1.83307e-16 1.7412e-16 1.84417e-16 1.75277e-16
248.097 1.24363e-19 1.24363e-19 3.83648e-28 3.0849e-09 -4.35083e-07 3.96167e-17 2.42616e-17 5.02473e-17 3.54329e-17 6.27339e-17 4.91362e-17 7.09699e-17 5.82561e-17 7.72254e-17 6.51933e-17 8.2326e-17 7.08312e-17 8.66379e-17 7.56e-17 9.04017e-17 7.97437e-17 9.37804e-17 8.34148e-17 9.67685e-17 8.67148e-17 9.95348e-17 8.97155e-17 1.02077e-16 9.24696e-17 1.04393e-16 9.5016e-17 1.06598e-16 9.73859e-17 1.08633e-16 9.96032e-17 1.10554e-16 1.01687e-16 1.12361e-16 1.03654e-16 1.14112e-16 1.05516e-16 1.15749e-16 1.07286e-16 1.17329e-16 1.08972e-16 1.18852e-16 1.10582e-16 1.20259e-16 1.12123e-16 1.21668e-16 1.13601e-16 1.2296e-16 1.15021e-16 1.24254e-16 1.16389e-16 1.25489e-16 1.17707e-16 1.26667e-16 1.18979e-16 1.27845e-16 1.2021e-16 1.28965e-16 1.21401e-16 1.30027e-16 1.22555e-16 1.31089e-16 1.23674e-16 1.32093e-16 1.24761e-16 1.33098e-16 1.25818e-16 1.34044e-16 1.26846e-16 1.3499e-16 1.27846e-16 1.35937e-16 1.28821e-16 1.36825e-16 1.29772e-16 1.37714e-16 1.307e-16 1.38543e-16 1.31606e-16 1.39373e-16 1.32491e-16 1.40204e-16 1.33356e-16
260.832 1.12975e-19 1.12975e-19 3.14341e-28 2.78239e-09 -4.10903e-07 3.09383e-17 1.91056e-17 3.89823e-17 2.76612e-17 4.83958e-17 3.80729e-17 5.45902e-17 4.49685e-17 5.9289e-17 5.02008e-17 6.31171e-17 5.44464e-17 6.63513e-17 5.80335e-17 6.91729e-17 6.11478e-17 7.17049e-17 6.39051e-17 7.39434e-17 6.63823e-17 7.60152e-17 6.86338e-17 7.79188e-17 7.06995e-17 7.96528e-17 7.26088e-17 8.13031e-17 7.43853e-17 8.28255e-17 7.60469e-17 8.4263e-17 7.76081e-17 8.56151e-17 7.90814e-17 8.69252e-17 8.04762e-17 8.81493e-17 8.18013e-17 8.93309e-17 8.30635e-17 9.04699e-17 8.42686e-17 9.15221e-17 8.54221e-17 9.25753e-17 8.65285e-17 9.35414e-17 8.75912e-17 9.45082e-17 8.86143e-17 9.54318e-17 8.96005e-17 9.63119e-17 9.05524e-17 9.71926e-17 9.14727e-17 9.80297e-17 9.23634e-17 9.88232e-17 9.32266e-17 9.96172e-17 9.40636e-17 1.00367e-16 9.48765e-17 1.01118e-16 9.56665e-17 1.01825e-16 9.64351e-17 1.02532e-16 9.7183e-17 1.03239e-16 9.7912e-17 1.03903e-16 9.86228e-17 1.04566e-16 9.93163e-17 1.05186e-16 9.99931e-17 1.05806e-16 1.00655e-16 1.06426e-16 1.01301e-16
274.221 1.02593e-19 1.02593e-19 2.57541e-28 2.51031e-09 -4.42616e-07 2.40845e-17 1.49974e-17 3.01592e-17 2.15319e-17 3.72444e-17 2.94252e-17 4.18968e-17 3.46295e-17 4.54216e-17 3.85694e-17 4.82912e-17 4.17617e-17 5.07141e-17 4.44562e-17 5.28271e-17 4.67937e-17 5.47225e-17 4.8862e-17 5.63977e-17 5.07193e-17 5.79478e-17 5.24067e-17 5.93717e-17 5.39542e-17 6.06685e-17 5.53842e-17 6.19025e-17 5.67143e-17 6.30407e-17 5.79582e-17 6.41152e-17 5.91267e-17 6.51259e-17 6.02291e-17 6.6105e-17 6.12727e-17 6.70197e-17 6.22639e-17 6.79026e-17 6.32079e-17 6.87536e-17 6.41091e-17 6.95397e-17 6.49717e-17 7.03264e-17 6.57988e-17 7.10481e-17 6.65933e-17 7.17702e-17 6.73581e-17 7.24599e-17 6.80952e-17 7.31172e-17 6.88066e-17 7.37749e-17 6.94944e-17 7.44e-17 7.016e-17 7.49925e-17 7.08049e-17 7.55853e-17 7.14303e-17 7.61454e-17 7.20376e-17 7.67058e-17 7.26279e-17 7.72334e-17 7.3202e-17 7.77612e-17 7.37607e-17 7.82893e-17 7.43052e-17 7.87845e-17 7.4836e-17 7.92799e-17 7.5354e-17 7.97425e-17 7.58594e-17 8.02051e-17 7.63534e-17 8.0668e-17 7.68363e-17
288.297 9.31334e-20 9.31334e-20 2.10994e-28 2.2655e-09 -4.27827e-07 1.86931e-17 1.17366e-17 2.32724e-17 1.67148e-17 2.85972e-17 2.26866e-17 3.20868e-17 2.66078e-17 3.47279e-17 2.957e-17 3.68764e-17 3.1967e-17 3.86897e-17 3.39884e-17 4.02703e-17 3.57406e-17 4.16878e-17 3.72903e-17 4.29402e-17 3.86812e-17 4.40988e-17 3.99444e-17 4.51629e-17 4.11026e-17 4.61319e-17 4.21725e-17 4.70538e-17 4.31674e-17 4.7904e-17 4.40976e-17 4.87065e-17 4.49713e-17 4.94613e-17 4.57954e-17 5.01924e-17 4.65754e-17 5.08754e-17 4.73162e-17 5.15345e-17 4.80216e-17 5.21698e-17 4.8695e-17 5.27566e-17 4.93394e-17 5.33438e-17 4.99573e-17 5.38824e-17 5.05507e-17 5.44213e-17 5.11219e-17 5.49361e-17 5.16724e-17 5.54266e-17 5.22036e-17 5.59173e-17 5.27171e-17 5.63837e-17 5.32141e-17 5.68258e-17 5.36956e-17 5.72681e-17 5.41624e-17 5.7686e-17 5.46158e-17 5.8104e-17 5.50564e-17 5.84976e-17 5.54849e-17 5.88913e-17 5.59019e-17 5.92852e-17 5.63083e-17 5.96546e-17 5.67044e-17 6.00241e-17 5.70909e-17 6.03691e-17 5.74682e-17 6.07142e-17 5.78368e-17 6.10594e-17 5.8197e-17
303.095 8.45195e-20 8.45195e-20 1.72833e-28 2.04489e-09 -4.20856e-07 1.44681e-17 9.15824e-18 1.79145e-17 1.29417e-17 2.19107e-17 1.74513e-17 2.4525e-17 2.04011e-17 2.65018e-17 2.26252e-17 2.81088e-17 2.44228e-17 2.94645e-17 2.59373e-17 3.06458e-17 2.72494e-17 3.17048e-17 2.84093e-17 3.26404e-17 2.94498e-17 3.35057e-17 3.03945e-17 3.43002e-17 3.12604e-17 3.50236e-17 3.20601e-17 3.57117e-17 3.28036e-17 3.63463e-17 3.34986e-17 3.69452e-17 3.41513e-17 3.75084e-17 3.47669e-17 3.80539e-17 3.53494e-17 3.85635e-17 3.59025e-17 3.90552e-17 3.64292e-17 3.95291e-17 3.69319e-17 3.99668e-17 3.74129e-17 4.04048e-17 3.78741e-17 4.08065e-17 3.8317e-17 4.12084e-17 3.87432e-17 4.15923e-17 3.9154e-17 4.1958e-17 3.95504e-17 4.23239e-17 3.99335e-17 4.26717e-17 4.03043e-17 4.30013e-17 4.06635e-17 4.33311e-17 4.10118e-17 4.36426e-17 4.13499e-17 4.39542e-17 4.16786e-17 4.42477e-17 4.19982e-17 4.45412e-17 4.23092e-17 4.48348e-17 4.26122e-17 4.51101e-17 4.29077e-17 4.53856e-17 4.31959e-17 4.56427e-17 4.34772e-17 4.58999e-17 4.37521e-17 4.61572e-17 4.40207e-17
318.653 7.66806e-20 7.66806e-20 1.41566e-28 1.84618e-09 -4.2003e-07 1.11689e-17 7.12663e-18 1.37587e-17 9.99583e-18 1.67542e-17 1.33954e-17 1.87106e-17 1.56113e-17 2.01887e-17 1.72791e-17 2.13896e-17 1.86256e-17 2.24022e-17 1.97592e-17 2.32844e-17 2.07407e-17 2.40749e-17 2.16079e-17 2.47732e-17 2.23856e-17 2.54189e-17 2.30915e-17 2.60117e-17 2.37383e-17 2.65514e-17 2.43355e-17 2.70646e-17 2.48907e-17 2.75379e-17 2.54095e-17 2.79846e-17 2.58967e-17 2.84045e-17 2.63561e-17 2.88113e-17 2.67908e-17 2.91912e-17 2.72035e-17 2.95578e-17 2.75964e-17 2.9911e-17 2.79714e-17 3.02373e-17 2.83302e-17 3.05637e-17 2.86742e-17 3.08631e-17 2.90045e-17 3.11627e-17 2.93224e-17 3.14487e-17 2.96287e-17 3.17213e-17 2.99242e-17 3.1994e-17 3.02099e-17 3.22531e-17 3.04863e-17 3.24987e-17 3.07541e-17 3.27444e-17 3.10137e-17 3.29765e-17 3.12658e-17 3.32087e-17 3.15108e-17 3.34273e-17 3.1749e-17 3.3646e-17 3.19808e-17 3.38647e-17 3.22067e-17 3.40698e-17 3.24269e-17 3.4275e-17 3.26417e-17 3.44666e-17 3.28513e-17 3.46582e-17 3.30561e-17 3.48498e-17 3.32563e-17
335.009 6.95557e-20 6.95557e-20 1.15965e-28 1.66722e-09 -4.33657e-07 8.60152e-18 5.5316e-18 1.05452e-17 7.70322e-18 1.27881e-17 1.02621e-17 1.42509e-17 1.19247e-17 1.53552e-17 1.3174e-17 1.62519e-17 1.41816e-17 1.70077e-17 1.50292e-17 1.7666e-17 1.57628e-17 1.82558e-17 1.64107e-17 1.87766e-17 1.69915e-17 1.92581e-17 1.75185e-17 1.97001e-17 1.80013e-17 2.01025e-17 1.8447e-17 2.04851e-17 1.88613e-17 2.08379e-17 1.92483e-17 2.11708e-17 1.96117e-17 2.14837e-17 1.99544e-17 2.17868e-17 2.02785e-17 2.20699e-17 2.05863e-17 2.23431e-17 2.08792e-17 2.26062e-17 2.11588e-17 2.28493e-17 2.14263e-17 2.30925e-17 2.16827e-17 2.33155e-17 2.19289e-17 2.35387e-17 2.21658e-17 2.37518e-17 2.23941e-17 2.39548e-17 2.26143e-17 2.41579e-17 2.28272e-17 2.43509e-17 2.30332e-17 2.45338e-17 2.32327e-17 2.47167e-17 2.34261e-17 2.48896e-17 2.36139e-17 2.50625e-17 2.37964e-17 2.52253e-17 2.39739e-17 2.53881e-17 2.41466e-17 2.5551e-17 2.43148e-17 2.57037e-17 2.44788e-17 2.58565e-17 2.46388e-17 2.59991e-17 2.4795e-17 2.61417e-17 2.49475e-17 2.62844e-17 2.50966e-17
352.205 6.30764e-20 6.30764e-20 9.49821e-29 1.50583e-09 -3.5038e-07 6.60902e-18 4.28283e-18 8.06589e-18 5.92336e-18 9.74361e-18 7.84664e-18 1.08363e-17 9.09249e-18 1.16606e-17 1.00273e-17 1.23297e-17 1.07806e-17 1.28934e-17 1.14139e-17 1.33842e-17 1.19617e-17 1.38239e-17 1.24453e-17 1.42121e-17 1.28787e-17 1.4571e-17 1.32719e-17 1.49003e-17 1.3632e-17 1.52001e-17 1.39644e-17 1.54851e-17 1.42732e-17 1.57479e-17 1.45618e-17 1.59959e-17 1.48326e-17 1.6229e-17 1.5088e-17 1.64547e-17 1.53296e-17 1.66655e-17 1.55589e-17 1.68689e-17 1.57772e-17 1.70649e-17 1.59855e-17 1.72459e-17 1.61848e-17 1.74269e-17 1.63758e-17 1.7593e-17 1.65592e-17 1.77591e-17 1.67356e-17 1.79177e-17 1.69056e-17 1.80689e-17 1.70697e-17 1.822e-17 1.72282e-17 1.83637e-17 1.73816e-17 1.84998e-17 1.75302e-17 1.8636e-17 1.76742e-17 1.87647e-17 1.78141e-17 1.88934e-17 1.79499e-17 1.90145e-17 1.80821e-17 1.91357e-17 1.82106e-17 1.92569e-17 1.83359e-17 1.93706e-17 1.8458e-17 1.94843e-17 1.85771e-17 1.95904e-17 1.86933e-17 1.96965e-17 1.88069e-17 1.98027e-17 1.89179e-17
370.284 5.71888e-20 5.71888e-20 7.77963e-29 1.36034e-09 -3.50529e-07 5.06723e-18 3.30819e-18 6.15801e-18 4.54539e-18 7.41177e-18 5.98903e-18 8.22736e-18 6.92163e-18 8.8422e-18 7.62048e-18 9.34106e-18 8.18311e-18 9.76125e-18 8.65586e-18 1.0127e-17 9.0646e-18 1.04546e-17 9.42532e-18 1.07438e-17 9.74854e-18 1.1011e-17 1.00417e-17 1.12563e-17 1.03101e-17 1.14795e-17 1.05578e-17 1.16918e-17 1.07879e-17 1.18874e-17 1.10029e-17 1.2072e-17 1.12047e-17 1.22455e-17 1.13949e-17 1.24136e-17 1.15749e-17 1.25705e-17 1.17456e-17 1.27219e-17 1.19082e-17 1.28677e-17 1.20633e-17 1.30024e-17 1.22117e-17 1.31371e-17 1.23539e-17 1.32607e-17 1.24904e-17 1.33843e-17 1.26218e-17 1.35023e-17 1.27483e-17 1.36148e-17 1.28704e-17 1.37273e-17 1.29884e-17 1.38341e-17 1.31026e-17 1.39354e-17 1.32132e-17 1.40368e-17 1.33204e-17 1.41325e-17 1.34245e-17 1.42282e-17 1.35256e-17 1.43183e-17 1.36239e-17 1.44085e-17 1.37196e-17 1.44986e-17 1.38128e-17 1.45832e-17 1.39037e-17 1.46678e-17 1.39923e-17 1.47467e-17 1.40788e-17 1.48256e-17 1.41632e-17 1.49046e-17 1.42458e-17
389.291 5.18404e-20 5.18404e-20 6.37143e-29 1.22905e-09 -4.10695e-07 3.87731e-18 2.54964e-18 4.69315e-18 3.48119e-18 5.62929e-18 4.56348e-18 6.2376e-18 5.2609e-18 6.69591e-18 5.78289e-18 7.06762e-18 6.20279e-18 7.38062e-18 6.55544e-18 7.65302e-18 6.86022e-18 7.89694e-18 7.1291e-18 8.11222e-18 7.36997e-18 8.31119e-18 7.58836e-18 8.49376e-18 7.78832e-18 8.65989e-18 7.97281e-18 8.81784e-18 8.1442e-18 8.96342e-18 8.30429e-18 9.10077e-18 8.45452e-18 9.22988e-18 8.59614e-18 9.35489e-18 8.73008e-18 9.47163e-18 8.85721e-18 9.58424e-18 8.9782e-18 9.69274e-18 9.09363e-18 9.79293e-18 9.20405e-18 9.89315e-18 9.30987e-18 9.98506e-18 9.41146e-18 1.0077e-17 9.50921e-18 1.01648e-17 9.60338e-18 1.02484e-17 9.69423e-18 1.03321e-17 9.78202e-18 1.04116e-17 9.86696e-18 1.04869e-17 9.94923e-18 1.05622e-17 1.0029e-17 1.06334e-17 1.01064e-17 1.07046e-17 1.01816e-17 1.07716e-17 1.02547e-17 1.08386e-17 1.03259e-17 1.09057e-17 1.03952e-17 1.09685e-17 1.04628e-17 1.10314e-17 1.05287e-17 1.10901e-17 1.0593e-17 1.11488e-17 1.06559e-17 1.12075e-17 1.07173e-17
409.273 4.69843e-20 4.69843e-20 5.21781e-29 1.11054e-09 -3.96716e-07 2.96126e-18 1.9609e-18 3.57091e-18 2.66129e-18 4.26936e-18 3.47178e-18 4.72277e-18 3.99287e-18 5.06419e-18 4.38244e-18 5.341e-18 4.69561e-18 5.57404e-18 4.95849e-18 5.7768e-18 5.1856e-18 5.95833e-18 5.38591e-18 6.11853e-18 5.5653e-18 6.26657e-18 5.72793e-18 6.4024e-18 5.8768e-18 6.52599e-18 6.01414e-18 6.64348e-18 6.14171e-18 6.75177e-18 6.26086e-18 6.85393e-18 6.37266e-18 6.94995e-18 6.47804e-18 7.04291e-18 6.5777e-18 7.12972e-18 6.67228e-18 7.21347e-18 6.7623e-18 7.29414e-18 6.84817e-18 7.36864e-18 6.9303e-18 7.44316e-18 7.00902e-18 7.51149e-18 7.08458e-18 7.57984e-18 7.15728e-18 7.64511e-18 7.22732e-18 7.70728e-18 7.29488e-18 7.76947e-18 7.36017e-18 7.82856e-18 7.42333e-18 7.88456e-18 7.48451e-18 7.94057e-18 7.5438e-18 7.99348e-18 7.60137e-18 8.04639e-18 7.6573e-18 8.09621e-18 7.71168e-18 8.14603e-18 7.76458e-18 8.19587e-18 7.81613e-18 8.24259e-18 7.86637e-18 8.28933e-18 7.91538e-18 8.33295e-18 7.96319e-18 8.37658e-18 8.00991e-18 8.42022e-18 8.05556e-18
430.281 4.25766e-20 4.25766e-20 4.27298e-29 1.0036e-09 -3.39773e-07 2.25768e-18 1.50509e-18 2.71286e-18 2.03099e-18 3.23362e-18 2.63734e-18 3.57137e-18 3.02636e-18 3.82557e-18 3.3169e-18 4.03161e-18 3.55032e-18 4.20502e-18 3.74616e-18 4.35588e-18 3.9153e-18 4.49092e-18 4.06444e-18 4.61008e-18 4.19798e-18 4.72018e-18 4.31902e-18 4.8212e-18 4.42981e-18 4.9131e-18 4.532e-18 5.00046e-18 4.62691e-18 5.08097e-18 4.71554e-18 5.15692e-18 4.79871e-18 5.22831e-18 4.87709e-18 5.29742e-18 4.95121e-18 5.36195e-18 5.02155e-18 5.4242e-18 5.08849e-18 5.48417e-18 5.15234e-18 5.53954e-18 5.21341e-18 5.59493e-18 5.27194e-18 5.64571e-18 5.32812e-18 5.69651e-18 5.38217e-18 5.74502e-18 5.43424e-18 5.79122e-18 5.48447e-18 5.83744e-18 5.533e-18 5.88135e-18 5.57995e-18 5.92297e-18 5.62543e-18 5.96459e-18 5.6695e-18 6.0039e-18 5.71229e-18 6.04323e-18 5.75386e-18 6.08024e-18 5.79428e-18 6.11726e-18 5.8336e-18 6.15429e-18 5.87191e-18 6.18901e-18 5.90925e-18 6.22373e-18 5.94567e-18 6.25615e-18 5.98121e-18 6.28857e-18 6.01593e-18 6.32099e-18 6.04985e-18
452.368 3.85749e-20 3.85749e-20 3.49886e-29 9.07032e-10 -3.43705e-07 1.71833e-18 1.153e-18 2.05791e-18 1.54737e-18 2.44591e-18 2.00054e-18 2.69736e-18 2.29074e-18 2.88653e-18 2.50728e-18 3.0398e-18 2.68113e-18 3.16878e-18 2.82695e-18 3.28097e-18 2.95284e-18 3.38138e-18 3.06383e-18 3.46997e-18 3.16318e-18 3.55182e-18 3.25322e-18 3.62691e-18 3.33562e-18 3.69521e-18 3.41162e-18 3.76014e-18 3.4822e-18 3.81998e-18 3.54811e-18 3.87643e-18 3.60994e-18 3.92947e-18 3.66821e-18 3.98083e-18 3.72331e-18 4.02878e-18 3.7756e-18 4.07504e-18 3.82536e-18 4.11959e-18 3.87282e-18 4.16073e-18 3.91821e-18 4.20188e-18 3.96171e-18 4.23962e-18 4.00346e-18 4.27736e-18 4.04363e-18 4.31339e-18 4.08232e-18 4.34772e-18 4.11965e-18 4.38205e-18 4.15571e-18 4.41467e-18 4.1906e-18 4.44559e-18 4.22439e-18 4.4765e-18 4.25714e-18 4.50571e-18 4.28893e-18 4.53492e-18 4.31982e-18 4.56241e-18 4.34985e-18 4.58991e-18 4.37906e-18 4.61741e-18 4.40752e-18 4.6432e-18 4.43527e-18 4.66899e-18 4.46232e-18 4.69307e-18 4.48872e-18 4.71715e-18 4.51451e-18 4.74123e-18 4.53971e-18
475.588 3.49464e-20 3.49464e-20 2.86508e-29 8.19848e-10 -2.73342e-07 1.30587e-18 8.81728e-19 1.55905e-18 1.17715e-18 1.84799e-18 1.51558e-18 2.0351e-18 1.73193e-18 2.17581e-18 1.89322e-18 2.28979e-18 2.02265e-18 2.38569e-18 2.13117e-18 2.46909e-18 2.22484e-18 2.54373e-18 2.30739e-18 2.60957e-18 2.38128e-18 2.6704e-18 2.44824e-18 2.7262e-18 2.50951e-18 2.77695e-18 2.56601e-18 2.8252e-18 2.61847e-18 2.86966e-18 2.66746e-18 2.91159e-18 2.71342e-18 2.951e-18 2.75673e-18 2.98916e-18 2.79768e-18 3.02478e-18 2.83654e-18 3.05914e-18 2.87351e-18 3.09223e-18 2.90878e-18 3.12279e-18 2.9425e-18 3.15336e-18 2.97482e-18 3.18139e-18 3.00584e-18 3.20942e-18 3.03569e-18 3.23618e-18 3.06443e-18 3.26168e-18 3.09216e-18 3.28718e-18 3.11896e-18 3.3114e-18 3.14487e-18 3.33436e-18 3.16997e-18 3.35732e-18 3.1943e-18 3.37901e-18 3.21792e-18 3.4007e-18 3.24086e-18 3.42112e-18 3.26316e-18 3.44154e-18 3.28486e-18 3.46197e-18 3.306e-18 3.48112e-18 3.32661e-18 3.50027e-18 3.3467e-18 3.51815e-18 3.36631e-18 3.53603e-18 3.38547e-18 3.55391e-18 3.40418e-18
500 3.16543e-20 3.16543e-20 2.34591e-29 7.41104e-10 -2.69769e-07 9.90933e-19 6.73111e-19 1.17956e-18 8.94178e-19 1.39462e-18 1.14671e-18 1.53379e-18 1.30789e-18 1.6384e-18 1.42796e-18 1.72313e-18 1.52427e-18 1.7944e-18 1.60499e-18 1.85638e-18 1.67465e-18 1.91183e-18 1.73603e-18 1.96075e-18 1.79096e-18 2.00594e-18 1.84073e-18 2.04739e-18 1.88627e-18 2.0851e-18 1.92825e-18 2.12093e-18 1.96724e-18 2.15395e-18 2.00364e-18 2.1851e-18 2.03779e-18 2.21437e-18 2.06996e-18 2.2427e-18 2.10039e-18 2.26915e-18 2.12925e-18 2.29467e-18 2.15672e-18 2.31925e-18 2.18291e-18 2.34194e-18 2.20796e-18 2.36464e-18 2.23197e-18 2.38545e-18 2.25501e-18 2.40626e-18 2.27717e-18 2.42613e-18 2.29852e-18 2.44506e-18 2.31912e-18 2.46399e-18 2.33901e-18 2.48198e-18 2.35826e-18 2.49903e-18 2.3769e-18 2.51607e-18 2.39497e-18 2.53218e-18 2.4125e-18 2.54828e-18 2.42954e-18 2.56344e-18 2.4461e-18 2.5786e-18 2.46221e-18 2.59376e-18 2.47791e-18 2.60798e-18 2.49321e-18 2.6222e-18 2.50813e-18 2.63547e-18 2.52269e-18 2.64874e-18 2.53691e-18 2.66202e-18 2.55081e-18
525.665 2.86705e-20 2.86705e-20 1.9209e-29 6.69992e-10 -1.78412e-07 7.50961e-19 5.13053e-19 8.91429e-19 6.78331e-19 1.05142e-18 8.6665e-19 1.15489e-18 9.86671e-19 1.23265e-18 1.07602e-18 1.29562e-18 1.14765e-18 1.34857e-18 1.20767e-18 1.39461e-18 1.25946e-18 1.4358e-18 1.30508e-18 1.47214e-18 1.3459e-18 1.5057e-18 1.38288e-18 1.53649e-18 1.41672e-18 1.56449e-18 1.44791e-18 1.5911e-18 1.47687e-18 1.61562e-18 1.50391e-18 1.63874e-18 1.52928e-18 1.66048e-18 1.55318e-18 1.68151e-18 1.57577e-18 1.70116e-18 1.59721e-18 1.7201e-18 1.61761e-18 1.73835e-18 1.63706e-18 1.75519e-18 1.65566e-18 1.77204e-18 1.67349e-18 1.78749e-18 1.6906e-18 1.80294e-18 1.70706e-18 1.8177e-18 1.72291e-18 1.83175e-18 1.7382e-18 1.8458e-18 1.75297e-18 1.85916e-18 1.76726e-18 1.87181e-18 1.7811e-18 1.88446e-18 1.79451e-18 1.89641e-18 1.80753e-18 1.90837e-18 1.82018e-18 1.91962e-18 1.83248e-18 1.93087e-18 1.84444e-18 1.94213e-18 1.85609e-18 1.95268e-18 1.86745e-18 1.96323e-18 1.87853e-18 1.97308e-18 1.88933e-18 1.98294e-18 1.89989e-18 1.99279e-18 1.91021e-18
552.648 2.59645e-20 2.59645e-20 1.5728e-29 6.05753e-10 -2.58716e-07 5.68349e-19 3.90444e-19 6.72893e-19 5.13901e-19 7.91864e-19 6.54237e-19 8.68766e-19 7.4356e-19 9.26541e-19 8.10012e-19 9.73312e-19 8.6327e-19 1.01264e-18 9.07881e-19 1.04683e-18 9.46361e-19 1.07743e-18 9.80259e-19 1.10441e-18 1.01059e-18 1.12933e-18 1.03806e-18 1.15218e-18 1.06319e-18 1.17297e-18 1.08635e-18 1.19272e-18 1.10786e-18 1.21093e-18 1.12794e-18 1.22809e-18 1.14678e-18 1.24423e-18 1.16452e-18 1.25984e-18 1.1813e-18 1.27442e-18 1.19722e-18 1.28848e-18 1.21236e-18 1.30203e-18 1.2268e-18 1.31453e-18 1.24061e-18 1.32704e-18 1.25385e-18 1.3385e-18 1.26655e-18 1.34997e-18 1.27876e-18 1.36092e-18 1.29053e-18 1.37135e-18 1.30188e-18 1.38178e-18 1.31285e-18 1.39169e-18 1.32345e-18 1.40108e-18 1.33373e-18 1.41047e-18 1.34368e-18 1.41934e-18 1.35335e-18 1.42821e-18 1.36273e-18 1.43656e-18 1.37186e-18 1.44491e-18 1.38074e-18 1.45326e-18 1.38939e-18 1.46109e-18 1.39781e-18 1.46892e-18 1.40604e-18 1.47623e-18 1.41406e-18 1.48354e-18 1.42189e-18 1.49085e-18 1.42955e-18
581.015 2.35114e-20 2.35114e-20 1.28765e-29 5.4767e-10 -2.08534e-07 4.2962e-19 2.96706e-19 5.07391e-19 3.8885e-19 5.95824e-19 4.93369e-19 6.52959e-19 5.59815e-19 6.95871e-19 6.09218e-19 7.30604e-19 6.48799e-19 7.59808e-19 6.81945e-19 7.85194e-19 7.1053e-19 8.07904e-19 7.35708e-19 8.27933e-19 7.58231e-19 8.46431e-19 7.7863e-19 8.63396e-19 7.9729e-19 8.78824e-19 8.14493e-19 8.93487e-19 8.30462e-19 9.06997e-19 8.45369e-19 9.19738e-19 8.59351e-19 9.3171e-19 8.72523e-19 9.43299e-19 8.84976e-19 9.54117e-19 8.96791e-19 9.64552e-19 9.08032e-19 9.74602e-19 9.18751e-19 9.83881e-19 9.29002e-19 9.93161e-19 9.38823e-19 1.00167e-18 9.4825e-19 1.01018e-18 9.57316e-19 1.0183e-18 9.6605e-19 1.02604e-18 9.74473e-19 1.03378e-18 9.82611e-19 1.04113e-18 9.90482e-19 1.0481e-18 9.98105e-19 1.05507e-18 1.00549e-18 1.06165e-18 1.01266e-18 1.06823e-18 1.01963e-18 1.07442e-18 1.0264e-18 1.08062e-18 1.03299e-18 1.08682e-18 1.03941e-18 1.09262e-18 1.04566e-18 1.09843e-18 1.05176e-18 1.10386e-18 1.05771e-18 1.10928e-18 1.06353e-18 1.1147e-18 1.06921e-18
610.839 2.12888e-20 2.12888e-20 1.05425e-29 4.95213e-10 -1.68768e-07 3.24392e-19 2.25169e-19 3.82222e-19 2.93895e-19 4.47934e-19 3.71698e-19 4.9037e-19 4.21106e-19 5.22235e-19 4.57822e-19 5.48022e-19 4.87228e-19 5.69702e-19 5.11849e-19 5.88545e-19 5.33078e-19 6.05401e-19 5.51774e-19 6.20267e-19 5.68497e-19 6.33995e-19 5.83642e-19 6.46585e-19 5.97494e-19 6.58034e-19 6.10264e-19 6.68915e-19 6.22118e-19 6.78939e-19 6.33182e-19 6.88393e-19 6.43559e-19 6.97277e-19 6.53336e-19 7.05875e-19 6.62578e-19 7.13902e-19 6.71346e-19 7.21644e-19 6.79688e-19 7.29101e-19 6.87642e-19 7.35985e-19 6.95249e-19 7.4287e-19 7.02537e-19 7.49182e-19 7.09532e-19 7.55495e-19 7.16259e-19 7.61522e-19 7.2274e-19 7.67262e-19 7.28989e-19 7.73004e-19 7.35027e-19 7.78458e-19 7.40868e-19 7.83627e-19 7.46523e-19 7.88795e-19 7.52004e-19 7.93677e-19 7.57324e-19 7.9856e-19 7.62492e-19 8.03155e-19 7.67517e-19 8.07751e-19 7.72404e-19 8.12348e-19 7.77166e-19 8.16657e-19 7.81806e-19 8.20967e-19 7.86331e-19 8.24989e-19 7.90746e-19 8.29012e-19 7.95059e-19 8.33036e-19 7.99273e-19
642.193 1.92746e-20 1.92746e-20 8.6311e-30 4.47797e-10 -2.61477e-07 2.44673e-19 1.70658e-19 2.87658e-19 2.21884e-19 3.36471e-19 2.79771e-19 3.67981e-19 3.16495e-19 3.91636e-19 3.43773e-19 4.10777e-19 3.65613e-19 4.26867e-19 3.83896e-19 4.40851e-19 3.99658e-19 4.5336e-19 4.13537e-19 4.6439e-19 4.2595e-19 4.74576e-19 4.37191e-19 4.83917e-19 4.47473e-19 4.92412e-19 4.56949e-19 5.00484e-19 4.65746e-19 5.07921e-19 4.73957e-19 5.14935e-19 4.81657e-19 5.21525e-19 4.88911e-19 5.27904e-19 4.95769e-19 5.33859e-19 5.02275e-19 5.39602e-19 5.08464e-19 5.45133e-19 5.14366e-19 5.5024e-19 5.20009e-19 5.55347e-19 5.25416e-19 5.60029e-19 5.30605e-19 5.64712e-19 5.35596e-19 5.69182e-19 5.40404e-19 5.7344e-19 5.4504e-19 5.77698e-19 5.49519e-19 5.81744e-19 5.53852e-19 5.85578e-19 5.58047e-19 5.89411e-19 5.62113e-19 5.93032e-19 5.66059e-19 5.96654e-19 5.69893e-19 6.00062e-19 5.7362e-19 6.03471e-19 5.77245e-19 6.0688e-19 5.80777e-19 6.10076e-19 5.84219e-19 6.13272e-19 5.87576e-19 6.16256e-19 5.9085e-19 6.1924e-19 5.94049e-19 6.22223e-19 5.97175e-19
675.157 1.74501e-20 1.74501e-20 7.0663e-30 4.04943e-10 -1.70077e-07 1.84364e-19 1.29188e-19 2.16304e-19 1.67347e-19 2.52554e-19 2.10399e-19 2.75945e-19 2.37687e-19 2.93502e-19 2.57947e-19 3.07706e-19 2.74164e-19 3.19646e-19 2.87736e-19 3.30021e-19 2.99436e-19 3.39302e-19 3.09738e-19 3.47485e-19 3.1895e-19 3.55042e-19 3.27292e-19 3.61972e-19 3.34921e-19 3.68273e-19 3.41953e-19 3.74261e-19 3.4848e-19 3.79778e-19 3.54572e-19 3.84981e-19 3.60285e-19 3.89869e-19 3.65667e-19 3.946e-19 3.70754e-19 3.99017e-19 3.7558e-19 4.03277e-19 3.80172e-19 4.07379e-19 3.8455e-19 4.11166e-19 3.88736e-19 4.14954e-19 3.92747e-19 4.18427e-19 3.96596e-19 4.219e-19 4.00298e-19 4.25215e-19 4.03864e-19 4.28373e-19 4.07303e-19 4.31531e-19 4.10626e-19 4.34532e-19 4.13839e-19 4.37375e-19 4.16951e-19 4.40218e-19 4.19966e-19 4.42903e-19 4.22893e-19 4.45589e-19 4.25737e-19 4.48117e-19 4.28501e-19 4.50645e-19 4.3119e-19 4.53173e-19 4.33809e-19 4.55543e-19 4.36362e-19 4.57913e-19 4.38851e-19 4.60126e-19 4.4128e-19 4.62338e-19 4.43652e-19 4.64551e-19 4.45971e-19
709.813 1.57966e-20 1.57966e-20 5.78482e-30 3.66206e-10 -1.30623e-07 1.38782e-19 9.76783e-20 1.62507e-19 1.26087e-19 1.89419e-19 1.58091e-19 2.06779e-19 1.7836e-19 2.19806e-19 1.93403e-19 2.30345e-19 2.05441e-19 2.39202e-19 2.15515e-19 2.46899e-19 2.24197e-19 2.53783e-19 2.31841e-19 2.59853e-19 2.38676e-19 2.65458e-19 2.44865e-19 2.70598e-19 2.50525e-19 2.75272e-19 2.55742e-19 2.79713e-19 2.60583e-19 2.83804e-19 2.65102e-19 2.87662e-19 2.6934e-19 2.91287e-19 2.73332e-19 2.94796e-19 2.77105e-19 2.98071e-19 2.80685e-19 3.0123e-19 2.8409e-19 3.04272e-19 2.87337e-19 3.07081e-19 2.90442e-19 3.0989e-19 2.93416e-19 3.12465e-19 2.96271e-19 3.1504e-19 2.99017e-19 3.17499e-19 3.01661e-19 3.1984e-19 3.04211e-19 3.22182e-19 3.06675e-19 3.24407e-19 3.09058e-19 3.26515e-19 3.11366e-19 3.28623e-19 3.13602e-19 3.30614e-19 3.15773e-19 3.32605e-19 3.17881e-19 3.3448e-19 3.19931e-19 3.36354e-19 3.21925e-19 3.38228e-19 3.23867e-19 3.39986e-19 3.2576e-19 3.41743e-19 3.27606e-19 3.43384e-19 3.29407e-19 3.45024e-19 3.31166e-19 3.46665e-19 3.32885e-19
746.248 1.43e-20 1.43e-20 4.73584e-30 3.31179e-10 -1.73809e-07 1.04384e-19 7.37782e-20 1.22003e-19 9.49194e-20 1.41979e-19 1.18704e-19 1.54861e-19 1.33756e-19 1.64526e-19 1.44923e-19 1.72344e-19 1.53858e-19 1.78915e-19 1.61333e-19 1.84624e-19 1.67775e-19 1.8973e-19 1.73446e-19 1.94232e-19 1.78517e-19 1.98389e-19 1.83109e-19 2.022e-19 1.87307e-19 2.05666e-19 1.91176e-19 2.0896e-19 1.94768e-19 2.11994e-19 1.98119e-19 2.14855e-19 2.01262e-19 2.17543e-19 2.04223e-19 2.20145e-19 2.07022e-19 2.22574e-19 2.09676e-19 2.24916e-19 2.12202e-19 2.27172e-19 2.1461e-19 2.29254e-19 2.16912e-19 2.31337e-19 2.19118e-19 2.33246e-19 2.21235e-19 2.35156e-19 2.23271e-19 2.36979e-19 2.25232e-19 2.38715e-19 2.27123e-19 2.40451e-19 2.2895e-19 2.42101e-19 2.30718e-19 2.43664e-19 2.32429e-19 2.45227e-19 2.34087e-19 2.46703e-19 2.35696e-19 2.4818e-19 2.3726e-19 2.49569e-19 2.3878e-19 2.50959e-19 2.40258e-19 2.52349e-19 2.41698e-19 2.53652e-19 2.43102e-19 2.54955e-19 2.44471e-19 2.56171e-19 2.45806e-19 2.57387e-19 2.4711e-19 2.58604e-19 2.48385e-19
784.553 1.29436e-20 1.29436e-20 3.87701e-30 2.99532e-10 -2.17374e-07 7.8441e-20 5.56646e-20 9.15208e-20 7.13892e-20 1.06344e-19 8.9058e-20 1.159e-19 1.00232e-19 1.2307e-19 1.0852e-19 1.28868e-19 1.15149e-19 1.33741e-19 1.20695e-19 1.37975e-19 1.25474e-19 1.41761e-19 1.29681e-19 1.45099e-19 1.33442e-19 1.48182e-19 1.36847e-19 1.51008e-19 1.39961e-19 1.53578e-19 1.4283e-19 1.5602e-19 1.45493e-19 1.58269e-19 1.47979e-19 1.60391e-19 1.5031e-19 1.62384e-19 1.52505e-19 1.64313e-19 1.5458e-19 1.66114e-19 1.56549e-19 1.6785e-19 1.58421e-19 1.69522e-19 1.60207e-19 1.71066e-19 1.61914e-19 1.7261e-19 1.63549e-19 1.74026e-19 1.65119e-19 1.75442e-19 1.66628e-19 1.76793e-19 1.68082e-19 1.7808e-19 1.69484e-19 1.79367e-19 1.70839e-19 1.8059e-19 1.72149e-19 1.81749e-19 1.73418e-19 1.82907e-19 1.74647e-19 1.84002e-19 1.7584e-19 1.85096e-19 1.76999e-19 1.86126e-19 1.78126e-19 1.87157e-19 1.79222e-19 1.88187e-19 1.8029e-19 1.89153e-19 1.8133e-19 1.90119e-19 1.82345e-19 1.9102e-19 1.83335e-19 1.91922e-19 1.84302e-19 1.92823e-19 1.85247e-19
824.824 1.17155e-20 1.17155e-20 3.17376e-30 2.70902e-10 -1.72995e-07 5.89002e-20 4.19581e-20 6.86084e-20 5.36493e-20 7.96062e-20 6.67714e-20 8.66947e-20 7.50652e-20 9.20118e-20 8.12145e-20 9.63119e-20 8.61327e-20 9.99252e-20 9.02464e-20 1.03065e-19 9.3791e-20 1.05872e-19 9.69108e-20 1.08347e-19 9.97002e-20 1.10633e-19 1.02225e-19 1.12728e-19 1.04534e-19 1.14633e-19 1.06662e-19 1.16444e-19 1.08637e-19 1.18111e-19 1.1048e-19 1.19684e-19 1.12208e-19 1.21162e-19 1.13836e-19 1.22592e-19 1.15374e-19 1.23926e-19 1.16834e-19 1.25214e-19 1.18222e-19 1.26453e-19 1.19546e-19 1.27598e-19 1.20811e-19 1.28743e-19 1.22024e-19 1.29792e-19 1.23188e-19 1.30841e-19 1.24307e-19 1.31843e-19 1.25385e-19 1.32797e-19 1.26424e-19 1.33751e-19 1.27428e-19 1.34658e-19 1.28399e-19 1.35517e-19 1.2934e-19 1.36375e-19 1.30251e-19 1.37187e-19 1.31136e-19 1.37998e-19 1.31995e-19 1.38762e-19 1.3283e-19 1.39525e-19 1.33643e-19 1.40289e-19 1.34434e-19 1.41005e-19 1.35205e-19 1.41721e-19 1.35957e-19 1.42389e-19 1.36691e-19 1.43057e-19 1.37408e-19 1.43726e-19 1.38108e-19
867.163 1.0604e-20 1.0604e-20 2.5981e-30 2.45012e-10 -1.65918e-08 4.41963e-20 3.15987e-20 5.14007e-20 4.02882e-20 5.95592e-20 5.00314e-20 6.48165e-20 5.61862e-20 6.87596e-20 6.07483e-20 7.19482e-20 6.43965e-20 7.46273e-20 6.74476e-20 7.6955e-20 7.00764e-20 7.90364e-20 7.239e-20 8.08715e-20 7.44584e-20 8.25658e-20 7.63309e-20 8.41193e-20 7.80429e-20 8.55317e-20 7.96206e-20 8.68738e-20 8.10847e-20 8.81101e-20 8.24511e-20 8.92759e-20 8.37323e-20 9.03712e-20 8.49391e-20 9.14313e-20 8.60798e-20 9.24208e-20 8.71617e-20 9.33751e-20 8.81909e-20 9.42941e-20 8.91723e-20 9.51424e-20 9.01106e-20 9.59909e-20 9.10095e-20 9.67687e-20 9.18721e-20 9.75465e-20 9.27017e-20 9.8289e-20 9.35007e-20 9.89962e-20 9.42712e-20 9.97035e-20 9.50156e-20 1.00375e-19 9.57355e-20 1.01012e-19 9.64326e-20 1.01649e-19 9.71082e-20 1.0225e-19 9.77639e-20 1.02851e-19 9.84008e-20 1.03417e-19 9.90199e-20 1.03983e-19 9.96222e-20 1.04549e-19 1.00209e-19 1.0508e-19 1.00781e-19 1.05611e-19 1.01338e-19 1.06106e-19 1.01882e-19 1.06601e-19 1.02413e-19 1.07097e-19 1.02932e-19
911.674 9.59702e-21 9.59702e-21 2.12677e-30 2.21608e-10 -1.85598e-07 3.31382e-20 2.37749e-20 3.84832e-20 3.0231e-20 4.45342e-20 3.74632e-20 4.84326e-20 4.20295e-20 5.13561e-20 4.54134e-20 5.37201e-20 4.8119e-20 5.57063e-20 5.03815e-20 5.74318e-20 5.23307e-20 5.89748e-20 5.40461e-20 6.03351e-20 5.55797e-20 6.15911e-20 5.69679e-20 6.27425e-20 5.82371e-20 6.37895e-20 5.94067e-20 6.47843e-20 6.04921e-20 6.57007e-20 6.1505e-20 6.65648e-20 6.24548e-20 6.73766e-20 6.33493e-20 6.81623e-20 6.41948e-20 6.88957e-20 6.49969e-20 6.9603e-20 6.57597e-20 7.02841e-20 6.64872e-20 7.09129e-20 6.71826e-20 7.15417e-20 6.78489e-20 7.21181e-20 6.84883e-20 7.26946e-20 6.91032e-20 7.32449e-20 6.96954e-20 7.37691e-20 7.02665e-20 7.42932e-20 7.08182e-20 7.47912e-20 7.13518e-20 7.5263e-20 7.18685e-20 7.57348e-20 7.23692e-20 7.61805e-20 7.28552e-20 7.66261e-20 7.33272e-20 7.70455e-20 7.37861e-20 7.7465e-20 7.42325e-20 7.78845e-20 7.46672e-20 7.82777e-20 7.5091e-20 7.8671e-20 7.55042e-20 7.90381e-20 7.59073e-20 7.94052e-20 7.63011e-20 7.97723e-20 7.66858e-20
958.471 8.68538e-21 8.68538e-21 1.74102e-30 2.00454e-10 -6.66927e-08 2.48303e-20 1.78735e-20 2.87951e-20 2.26687e-20 3.32824e-20 2.80358e-20 3.61728e-20 3.1423e-20 3.83402e-20 3.39326e-20 4.00926e-20 3.59388e-20 4.15649e-20 3.76164e-20 4.28439e-20 3.90615e-20 4.39877e-20 4.03332e-20 4.49959e-20 4.14701e-20 4.59268e-20 4.24992e-20 4.67802e-20 4.344e-20 4.75562e-20 4.4307e-20 4.82935e-20 4.51115e-20 4.89727e-20 4.58623e-20 4.96131e-20 4.65663e-20 5.02147e-20 4.72294e-20 5.07971e-20 4.7856e-20 5.13406e-20 4.84505e-20 5.18647e-20 4.90159e-20 5.23695e-20 4.9555e-20 5.28355e-20 5.00705e-20 5.33015e-20 5.05643e-20 5.37287e-20 5.10382e-20 5.4156e-20 5.14939e-20 5.45638e-20 5.19328e-20 5.49522e-20 5.23561e-20 5.53407e-20 5.2765e-20 5.57097e-20 5.31604e-20 5.60593e-20 5.35433e-20 5.6409e-20 5.39144e-20 5.67392e-20 5.42746e-20 5.70695e-20 5.46244e-20 5.73803e-20 5.49645e-20 5.76911e-20 5.52953e-20 5.8002e-20 5.56175e-20 5.82934e-20 5.59315e-20 5.85848e-20 5.62377e-20 5.88569e-20 5.65365e-20 5.91289e-20 5.68283e-20 5.94009e-20 5.71134e-20
1007.67 7.86041e-21 7.86041e-21 1.4251e-30 1.81301e-10 -3.59661e-07 1.85945e-20 1.3427e-20 2.15352e-20 1.69877e-20 2.48624e-20 2.09702e-20 2.70053e-20 2.34824e-20 2.8612e-20 2.53434e-20 2.99111e-20 2.68309e-20 3.10024e-20 2.80746e-20 3.19504e-20 2.9146e-20 3.27981e-20 3.00888e-20 3.35454e-20 3.09315e-20 3.42354e-20 3.16943e-20 3.48679e-20 3.23917e-20 3.5443e-20 3.30343e-20 3.59894e-20 3.36307e-20 3.64928e-20 3.41871e-20 3.69674e-20 3.47089e-20 3.74133e-20 3.52004e-20 3.78448e-20 3.56648e-20 3.82476e-20 3.61054e-20 3.86361e-20 3.65245e-20 3.90102e-20 3.6924e-20 3.93555e-20 3.73061e-20 3.97009e-20 3.7672e-20 4.00174e-20 3.80232e-20 4.0334e-20 3.8361e-20 4.06363e-20 3.86862e-20 4.09241e-20 3.89999e-20 4.1212e-20 3.93029e-20 4.14855e-20 3.9596e-20 4.17446e-20 3.98798e-20 4.20037e-20 4.01548e-20 4.22484e-20 4.04217e-20 4.24931e-20 4.06809e-20 4.27234e-20 4.0933e-20 4.29538e-20 4.11781e-20 4.31841e-20 4.14169e-20 4.34001e-20 4.16496e-20 4.36161e-20 4.18765e-20 4.38176e-20 4.20979e-20 4.40192e-20 4.23142e-20 4.42208e-20 4.25255e-20
1059.39 7.11354e-21 7.11354e-21 1.16669e-30 1.6401e-10 -2.33019e-08 1.39164e-20 1.00791e-20 1.60971e-20 1.27225e-20 1.8564e-20 1.56769e-20 2.01525e-20 1.75399e-20 2.13434e-20 1.89197e-20 2.23063e-20 2.00225e-20 2.31151e-20 2.09445e-20 2.38177e-20 2.17387e-20 2.4446e-20 2.24375e-20 2.49998e-20 2.30622e-20 2.55111e-20 2.36275e-20 2.59799e-20 2.41444e-20 2.64061e-20 2.46207e-20 2.6811e-20 2.50627e-20 2.7184e-20 2.54751e-20 2.75358e-20 2.58618e-20 2.78662e-20 2.6226e-20 2.8186e-20 2.65702e-20 2.84845e-20 2.68967e-20 2.87723e-20 2.72073e-20 2.90495e-20 2.75034e-20 2.93054e-20 2.77865e-20 2.95613e-20 2.80577e-20 2.97959e-20 2.83179e-20 3.00305e-20 2.85682e-20 3.02545e-20 2.88093e-20 3.04678e-20 2.90417e-20 3.06811e-20 2.92663e-20 3.08837e-20 2.94835e-20 3.10757e-20 2.96938e-20 3.12677e-20 2.98975e-20 3.14491e-20 3.00953e-20 3.16304e-20 3.02874e-20 3.18011e-20 3.04742e-20 3.19718e-20 3.06558e-20 3.21424e-20 3.08328e-20 3.23025e-20 3.10052e-20 3.24625e-20 3.11734e-20 3.26118e-20 3.13374e-20 3.27612e-20 3.14977e-20 3.29106e-20 3.16542e-20
1113.77 6.43677e-21 6.43677e-21 9.54806e-31 1.48336e-10 -1.77447e-07 1.04083e-20 7.55989e-21 1.20251e-20 9.52158e-21 1.38537e-20 1.17127e-20 1.5031e-20 1.3094e-20 1.59136e-20 1.41168e-20 1.66271e-20 1.49342e-20 1.72265e-20 1.56176e-20 1.77472e-20 1.62062e-20 1.82127e-20 1.67241e-20 1.86231e-20 1.7187e-20 1.90019e-20 1.76059e-20 1.93493e-20 1.7989e-20 1.9665e-20 1.83419e-20 1.99651e-20 1.86694e-20 2.02414e-20 1.8975e-20 2.0502e-20 1.92615e-20 2.07469e-20 1.95314e-20 2.09838e-20 1.97865e-20 2.1205e-20 2.00284e-20 2.14182e-20 2.02585e-20 2.16236e-20 2.04779e-20 2.18132e-20 2.06877e-20 2.20028e-20 2.08886e-20 2.21766e-20 2.10815e-20 2.23505e-20 2.12669e-20 2.25164e-20 2.14455e-20 2.26744e-20 2.16177e-20 2.28324e-20 2.17841e-20 2.29826e-20 2.1945e-20 2.31248e-20 2.21008e-20 2.32671e-20 2.22518e-20 2.34014e-20 2.23983e-20 2.35358e-20 2.25407e-20 2.36622e-20 2.2679e-20 2.37887e-20 2.28136e-20 2.39151e-20 2.29447e-20 2.40337e-20 2.30725e-20 2.41522e-20 2.31971e-20 2.42629e-20 2.33186e-20 2.43735e-20 2.34373e-20 2.44842e-20 2.35533e-20
1170.94 5.82475e-21 5.82475e-21 7.81548e-31 1.34177e-10 -2.12367e-07 7.78112e-21 5.66704e-21 8.97981e-21 7.12267e-21 1.03352e-20 8.74765e-21 1.12078e-20 9.77169e-21 1.18618e-20 1.05299e-20 1.23906e-20 1.11358e-20 1.28348e-20 1.16422e-20 1.32206e-20 1.20784e-20 1.35656e-20 1.24622e-20 1.38696e-20 1.28053e-20 1.41504e-20 1.31158e-20 1.44077e-20 1.33996e-20 1.46417e-20 1.36612e-20 1.4864e-20 1.39038e-20 1.50688e-20 1.41303e-20 1.52619e-20 1.43426e-20 1.54433e-20 1.45426e-20 1.56189e-20 1.47316e-20 1.57827e-20 1.49108e-20 1.59407e-20 1.50814e-20 1.60929e-20 1.52439e-20 1.62334e-20 1.53993e-20 1.63739e-20 1.55482e-20 1.65027e-20 1.56911e-20 1.66314e-20 1.58285e-20 1.67544e-20 1.59609e-20 1.68715e-20 1.60885e-20 1.69886e-20 1.62117e-20 1.70998e-20 1.6331e-20 1.72052e-20 1.64464e-20 1.73106e-20 1.65583e-20 1.74101e-20 1.66668e-20 1.75096e-20 1.67723e-20 1.76033e-20 1.68748e-20 1.7697e-20 1.69745e-20 1.77907e-20 1.70717e-20 1.78785e-20 1.71663e-20 1.79664e-20 1.72586e-20 1.80484e-20 1.73487e-20 1.81303e-20 1.74366e-20 1.82123e-20 1.75226e-20
1231.05 5.27094e-21 5.27094e-21 6.39769e-31 1.21377e-10 4.70721e-08 5.81435e-21 4.24557e-21 6.70296e-21 5.32552e-21 7.70756e-21 6.53049e-21 8.35422e-21 7.28962e-21 8.83895e-21 7.85162e-21 9.23077e-21 8.30067e-21 9.55991e-21 8.67603e-21 9.8458e-21 8.9993e-21 1.01014e-20 9.28372e-21 1.03267e-20 9.53794e-21 1.05347e-20 9.76802e-21 1.07254e-20 9.97835e-21 1.08988e-20 1.01721e-20 1.10635e-20 1.0352e-20 1.12153e-20 1.05198e-20 1.13583e-20 1.06771e-20 1.14927e-20 1.08253e-20 1.16228e-20 1.09653e-20 1.17442e-20 1.10981e-20 1.18613e-20 1.12245e-20 1.1974e-20 1.13449e-20 1.20781e-20 1.14601e-20 1.21822e-20 1.15704e-20 1.22776e-20 1.16763e-20 1.2373e-20 1.17781e-20 1.24641e-20 1.18761e-20 1.25509e-20 1.19707e-20 1.26376e-20 1.2062e-20 1.272e-20 1.21504e-20 1.27981e-20 1.22359e-20 1.28762e-20 1.23188e-20 1.29499e-20 1.23992e-20 1.30237e-20 1.24773e-20 1.30931e-20 1.25533e-20 1.31625e-20 1.26272e-20 1.32319e-20 1.26991e-20 1.3297e-20 1.27693e-20 1.33621e-20 1.28377e-20 1.34228e-20 1.29044e-20 1.34835e-20 1.29696e-20 1.35443e-20 1.30332e-20
1294.24 4.77016e-21 4.77016e-21 5.23795e-31 1.09807e-10 -6.93721e-08 4.34309e-21 3.17907e-21 5.00184e-21 3.98023e-21 5.74645e-21 4.87373e-21 6.22571e-21 5.43649e-21 6.58494e-21 5.85306e-21 6.8753e-21 6.18589e-21 7.11921e-21 6.46408e-21 7.33106e-21 6.70366e-21 7.52047e-21 6.91444e-21 7.68743e-21 7.10284e-21 7.84157e-21 7.27334e-21 7.98287e-21 7.42921e-21 8.11134e-21 7.57282e-21 8.2334e-21 7.70608e-21 8.34582e-21 7.83042e-21 8.45183e-21 7.947e-21 8.55142e-21 8.0568e-21 8.6478e-21 8.16056e-21 8.73776e-21 8.25899e-21 8.82451e-21 8.3526e-21 8.90805e-21 8.44186e-21 8.98517e-21 8.52719e-21 9.06229e-21 8.60894e-21 9.13298e-21 8.68738e-21 9.20368e-21 8.76281e-21 9.27117e-21 8.83546e-21 9.33544e-21 8.90552e-21 9.39972e-21 8.9732e-21 9.46078e-21 9.03865e-21 9.51863e-21 9.10202e-21 9.57648e-21 9.16343e-21 9.63112e-21 9.22304e-21 9.68576e-21 9.28093e-21 9.73719e-21 9.33721e-21 9.78862e-21 9.39195e-21 9.84005e-21 9.44527e-21 9.88826e-21 9.49724e-21 9.93648e-21 9.54791e-21 9.98148e-21 9.59734e-21 1.00265e-20 9.64563e-21 1.00715e-20 9.69281e-21
1360.67 4.31629e-21 4.31629e-21 4.28748e-31 9.93325e-11 2.2167e-07 3.24224e-21 2.37881e-21 3.73048e-21 2.97299e-21 4.28227e-21 3.63536e-21 4.63739e-21 4.05246e-21 4.90356e-21 4.36117e-21 5.1187e-21 4.6078e-21 5.29941e-21 4.81394e-21 5.45637e-21 4.99146e-21 5.5967e-21 5.14764e-21 5.7204e-21 5.28723e-21 5.83459e-21 5.41356e-21 5.93928e-21 5.52904e-21 6.03446e-21 5.63544e-21 6.12488e-21 5.73417e-21 6.20817e-21 5.82629e-21 6.2867e-21 5.91266e-21 6.36048e-21 5.99401e-21 6.43188e-21 6.07089e-21 6.49853e-21 6.1438e-21 6.56279e-21 6.21316e-21 6.62468e-21 6.27928e-21 6.68181e-21 6.3425e-21 6.73894e-21 6.40306e-21 6.79132e-21 6.46117e-21 6.84369e-21 6.51706e-21 6.89368e-21 6.57088e-21 6.9413e-21 6.62278e-21 6.98891e-21 6.67292e-21 7.03415e-21 6.72141e-21 7.07701e-21 6.76836e-21 7.11986e-21 6.81385e-21 7.16034e-21 6.85801e-21 7.20082e-21 6.9009e-21 7.23891e-21 6.94259e-21 7.27701e-21 6.98314e-21 7.31511e-21 7.02264e-21 7.35083e-21 7.06114e-21 7.38655e-21 7.09868e-21 7.41988e-21 7.1353e-21 7.45322e-21 7.17107e-21 7.48656e-21 7.20602e-21
1430.51 3.90571e-21 3.90571e-21 3.50984e-31 8.98644e-11 9.29087e-08 2.41951e-21 1.77913e-21 2.78136e-21 2.21974e-21 3.19025e-21 2.71075e-21 3.45339e-21 3.01987e-21 3.6506e-21 3.24864e-21 3.81e-21 3.4314e-21 3.94389e-21 3.58415e-21 4.06018e-21 3.71568e-21 4.16415e-21 3.8314e-21 4.25579e-21 3.93482e-21 4.34039e-21 4.02842e-21 4.41795e-21 4.11398e-21 4.48846e-21 4.19282e-21 4.55545e-21 4.26596e-21 4.61715e-21 4.33421e-21 4.67534e-21 4.3982e-21 4.72999e-21 4.45847e-21 4.78289e-21 4.51543e-21 4.83226e-21 4.56945e-21 4.87987e-21 4.62083e-21 4.92572e-21 4.66982e-21 4.96804e-21 4.71665e-21 5.01037e-21 4.76152e-21 5.04917e-21 4.80457e-21 5.08796e-21 4.84597e-21 5.125e-21 4.88585e-21 5.16027e-21 4.9243e-21 5.19555e-21 4.96144e-21 5.22906e-21 4.99736e-21 5.26081e-21 5.03214e-21 5.29256e-21 5.06585e-21 5.32254e-21 5.09856e-21 5.35253e-21 5.13033e-21 5.38075e-21 5.16122e-21 5.40897e-21 5.19126e-21 5.4372e-21 5.22052e-21 5.46366e-21 5.24904e-21 5.49012e-21 5.27685e-21 5.51481e-21 5.30398e-21 5.53951e-21 5.33048e-21 5.56421e-21 5.35637e-21
1503.94 3.53396e-21 3.53396e-21 2.87287e-31 8.12932e-11 -1.85108e-08 1.80475e-21 1.32989e-21 2.0729e-21 1.65657e-21 2.37587e-21 2.0205e-21 2.57083e-21 2.24957e-21 2.71693e-21 2.41908e-21 2.83503e-21 2.5545e-21 2.93421e-21 2.66767e-21 3.02036e-21 2.76512e-21 3.09739e-21 2.85085e-21 3.16528e-21 2.92747e-21 3.22795e-21 2.99681e-21 3.2854e-21 3.0602e-21 3.33764e-21 3.1186e-21 3.38726e-21 3.17279e-21 3.43297e-21 3.22335e-21 3.47607e-21 3.27076e-21 3.51656e-21 3.3154e-21 3.55574e-21 3.3576e-21 3.59232e-21 3.39761e-21 3.62758e-21 3.43568e-21 3.66155e-21 3.47197e-21 3.6929e-21 3.50666e-21 3.72425e-21 3.5399e-21 3.75299e-21 3.57179e-21 3.78173e-21 3.60246e-21 3.80917e-21 3.632e-21 3.8353e-21 3.66048e-21 3.86143e-21 3.688e-21 3.88625e-21 3.7146e-21 3.90977e-21 3.74037e-21 3.93328e-21 3.76534e-21 3.9555e-21 3.78957e-21 3.97771e-21 3.8131e-21 3.99861e-21 3.83598e-21 4.01952e-21 3.85824e-21 4.04042e-21 3.87991e-21 4.06002e-21 3.90104e-21 4.07962e-21 3.92164e-21 4.09792e-21 3.94173e-21 4.11621e-21 3.96136e-21 4.13451e-21 3.98054e-21
1581.14 3.19775e-21 3.19775e-21 2.35177e-31 7.35447e-11 3.99379e-07 1.34577e-21 9.93662e-22 1.54447e-21 1.23587e-21 1.76896e-21 1.50559e-21 1.91341e-21 1.67534e-21 2.02166e-21 1.80095e-21 2.10914e-21 1.90128e-21 2.18263e-21 1.98513e-21 2.24645e-21 2.05733e-21 2.30351e-21 2.12085e-21 2.35381e-21 2.17762e-21 2.40023e-21 2.22899e-21 2.4428e-21 2.27595e-21 2.48149e-21 2.31921e-21 2.51825e-21 2.35936e-21 2.55212e-21 2.39682e-21 2.58404e-21 2.43194e-21 2.61404e-21 2.46501e-21 2.64307e-21 2.49627e-21 2.67016e-21 2.52591e-21 2.69628e-21 2.55411e-21 2.72144e-21 2.581e-21 2.74467e-21 2.6067e-21 2.76789e-21 2.63132e-21 2.78918e-21 2.65494e-21 2.81047e-21 2.67767e-21 2.8308e-21 2.69955e-21 2.85015e-21 2.72065e-21 2.86951e-21 2.74103e-21 2.8879e-21 2.76074e-21 2.90532e-21 2.77983e-21 2.92274e-21 2.79832e-21 2.93919e-21 2.81627e-21 2.95565e-21 2.83371e-21 2.97113e-21 2.85066e-21 2.98662e-21 2.86714e-21 3.00211e-21 2.8832e-21 3.01662e-21 2.89885e-21 3.03114e-21 2.91411e-21 3.0447e-21 2.92899e-21 3.05825e-21 2.94353e-21 3.0718e-21 2.95774e-21
1662.3 2.89346e-21 2.89346e-21 1.92509e-31 6.65324e-11 2.41473e-08 1.00315e-21 7.42103e-22 1.15039e-21 9.21653e-22 1.31672e-21 1.12155e-21 1.42373e-21 1.24733e-21 1.50393e-21 1.3404e-21 1.56874e-21 1.41473e-21 1.62318e-21 1.47685e-21 1.67046e-21 1.53034e-21 1.71273e-21 1.5774e-21 1.74999e-21 1.61946e-21 1.78438e-21 1.65751e-21 1.81591e-21 1.6923e-21 1.84458e-21 1.72436e-21 1.87181e-21 1.7541e-21 1.89689e-21 1.78184e-21 1.92055e-21 1.80786e-21 1.94276e-21 1.83236e-21 1.96427e-21 1.85552e-21 1.98434e-21 1.87748e-21 2.00369e-21 1.89837e-21 2.02233e-21 1.91828e-21 2.03953e-21 1.93732e-21 2.05674e-21 1.95556e-21 2.07251e-21 1.97306e-21 2.08828e-21 1.98989e-21 2.10333e-21 2.0061e-21 2.11767e-21 2.02173e-21 2.13201e-21 2.03683e-21 2.14563e-21 2.05143e-21 2.15853e-21 2.06557e-21 2.17144e-21 2.07927e-21 2.18363e-21 2.09257e-21 2.19581e-21 2.10548e-21 2.20729e-21 2.11804e-21 2.21876e-21 2.13025e-21 2.23023e-21 2.14214e-21 2.24098e-21 2.15374e-21 2.25174e-21 2.16504e-21 2.26178e-21 2.17607e-21 2.27181e-21 2.18684e-21 2.28185e-21 2.19736e-21
1747.63 2.61814e-21 2.61814e-21 1.57597e-31 6.01942e-11 -7.98487e-07 7.47522e-22 5.53998e-22 8.56617e-22 6.8709e-22 9.79849e-22 8.35223e-22 1.05913e-21 9.28423e-22 1.11854e-21 9.97376e-22 1.16656e-21 1.05245e-21 1.20688e-21 1.09847e-21 1.24191e-21 1.1381e-21 1.27322e-21 1.17296e-21 1.30082e-21 1.20412e-21 1.3263e-21 1.23231e-21 1.34966e-21 1.25808e-21 1.37089e-21 1.28183e-21 1.39107e-21 1.30386e-21 1.40965e-21 1.32442e-21 1.42717e-21 1.34369e-21 1.44363e-21 1.36184e-21 1.45955e-21 1.37899e-21 1.47442e-21 1.39526e-21 1.48876e-21 1.41073e-21 1.50256e-21 1.42549e-21 1.51531e-21 1.43959e-21 1.52805e-21 1.4531e-21 1.53973e-21 1.46606e-21 1.55141e-21 1.47853e-21 1.56257e-21 1.49054e-21 1.57319e-21 1.50212e-21 1.58381e-21 1.5133e-21 1.5939e-21 1.52412e-21 1.60346e-21 1.53459e-21 1.61301e-21 1.54474e-21 1.62204e-21 1.55459e-21 1.63107e-21 1.56416e-21 1.63957e-21 1.57346e-21 1.64807e-21 1.5825e-21 1.65656e-21 1.59131e-21 1.66453e-21 1.5999e-21 1.6725e-21 1.60827e-21 1.67993e-21 1.61644e-21 1.68737e-21 1.62442e-21 1.6948e-21 1.63222e-21
1837.33 2.36891e-21 2.36891e-21 1.28996e-31 5.44539e-11 2.84817e-07 5.56837e-22 4.13391e-22 6.37665e-22 5.12033e-22 7.2896e-22 6.21799e-22 7.87691e-22 6.90851e-22 8.31702e-22 7.41934e-22 8.6727e-22 7.82734e-22 8.97143e-22 8.16829e-22 9.23088e-22 8.46185e-22 9.46283e-22 8.7201e-22 9.66728e-22 8.95089e-22 9.85601e-22 9.15974e-22 1.0029e-21 9.35064e-22 1.01863e-21 9.52653e-22 1.03357e-21 9.68972e-22 1.04734e-21 9.84199e-22 1.06031e-21 9.98475e-22 1.07251e-21 1.01192e-21 1.0843e-21 1.02463e-21 1.09532e-21 1.03668e-21 1.10593e-21 1.04814e-21 1.11616e-21 1.05907e-21 1.1256e-21 1.06951e-21 1.13504e-21 1.07952e-21 1.14369e-21 1.08912e-21 1.15235e-21 1.09836e-21 1.16061e-21 1.10725e-21 1.16847e-21 1.11583e-21 1.17634e-21 1.12411e-21 1.18381e-21 1.13212e-21 1.19089e-21 1.13988e-21 1.19797e-21 1.1474e-21 1.20466e-21 1.15469e-21 1.21135e-21 1.16178e-21 1.21764e-21 1.16867e-21 1.22394e-21 1.17537e-21 1.23023e-21 1.1819e-21 1.23613e-21 1.18826e-21 1.24203e-21 1.19446e-21 1.24754e-21 1.20051e-21 1.25305e-21 1.20642e-21 1.25855e-21 1.21219e-21
1931.64 2.14352e-21 2.14352e-21 1.05607e-31 4.9268e-11 8.41076e-07 4.14696e-22 3.08373e-22 4.74583e-22 3.81482e-22 5.4222e-22 4.62818e-22 5.8573e-22 5.13979e-22 6.18333e-22 5.51825e-22 6.44682e-22 5.82052e-22 6.66812e-22 6.0731e-22 6.86031e-22 6.29058e-22 7.03213e-22 6.48189e-22 7.18358e-22 6.65286e-22 7.32338e-22 6.80758e-22 7.45154e-22 6.949e-22 7.56805e-22 7.07929e-22 7.67874e-22 7.20018e-22 7.7807e-22 7.31298e-22 7.87683e-22 7.41873e-22 7.96714e-22 7.51832e-22 8.05453e-22 7.61244e-22 8.1361e-22 7.70171e-22 8.21476e-22 7.78661e-22 8.29051e-22 7.86756e-22 8.36043e-22 7.94495e-22 8.43035e-22 8.01908e-22 8.49445e-22 8.09022e-22 8.55855e-22 8.15862e-22 8.61973e-22 8.2245e-22 8.67801e-22 8.28803e-22 8.73628e-22 8.3494e-22 8.79164e-22 8.40875e-22 8.84408e-22 8.46621e-22 8.89653e-22 8.52189e-22 8.94607e-22 8.57594e-22 8.9956e-22 8.62843e-22 9.04222e-22 8.67946e-22 9.08884e-22 8.72909e-22 9.13546e-22 8.77743e-22 9.17917e-22 8.82454e-22 9.22288e-22 8.87049e-22 9.26367e-22 8.9153e-22 9.30447e-22 8.95908e-22 9.34526e-22 9.00185e-22
2030.79 1.93952e-21 1.93952e-21 8.64505e-32 4.45731e-11 -1.68844e-07 3.08745e-22 2.29944e-22 3.53113e-22 2.84124e-22 4.03219e-22 3.44389e-22 4.35451e-22 3.82293e-22 4.59602e-22 4.10331e-22 4.79121e-22 4.32723e-22 4.95513e-22 4.51434e-22 5.0975e-22 4.67544e-22 5.22478e-22 4.81716e-22 5.33696e-22 4.94381e-22 5.44052e-22 5.05842e-22 5.53545e-22 5.16317e-22 5.62175e-22 5.25969e-22 5.70374e-22 5.34924e-22 5.77926e-22 5.43279e-22 5.85047e-22 5.51112e-22 5.91736e-22 5.5849e-22 5.9821e-22 5.65462e-22 6.04252e-22 5.72074e-22 6.10078e-22 5.78363e-22 6.15689e-22 5.84359e-22 6.20868e-22 5.90091e-22 6.26047e-22 5.95583e-22 6.30795e-22 6.00852e-22 6.35543e-22 6.05919e-22 6.40075e-22 6.10799e-22 6.44391e-22 6.15504e-22 6.48707e-22 6.2005e-22 6.52808e-22 6.24446e-22 6.56693e-22 6.28702e-22 6.60578e-22 6.32827e-22 6.64247e-22 6.3683e-22 6.67916e-22 6.40718e-22 6.71369e-22 6.44498e-22 6.74822e-22 6.48174e-22 6.78275e-22 6.51755e-22 6.81513e-22 6.55245e-22 6.8475e-22 6.58648e-22 6.87772e-22 6.61967e-22 6.90794e-22 6.6521e-22 6.93815e-22 6.68378e-22
2135.03 1.75489e-21 1.75489e-21 7.07692e-32 4.03269e-11 3.87838e-08 2.29796e-22 1.71399e-22 2.62664e-22 2.11547e-22 2.99782e-22 2.56197e-22 3.23658e-22 2.84277e-22 3.41548e-22 3.05047e-22 3.56006e-22 3.21635e-22 3.68148e-22 3.35495e-22 3.78693e-22 3.47429e-22 3.88121e-22 3.57926e-22 3.9643e-22 3.67308e-22 4.04101e-22 3.75797e-22 4.11132e-22 3.83556e-22 4.17525e-22 3.90706e-22 4.23598e-22 3.97339e-22 4.29191e-22 4.03527e-22 4.34466e-22 4.0933e-22 4.3942e-22 4.14794e-22 4.44215e-22 4.19958e-22 4.48691e-22 4.24856e-22 4.53006e-22 4.29514e-22 4.57162e-22 4.33955e-22 4.60998e-22 4.38201e-22 4.64834e-22 4.42269e-22 4.68351e-22 4.46171e-22 4.71867e-22 4.49925e-22 4.75224e-22 4.53539e-22 4.78421e-22 4.57024e-22 4.81618e-22 4.60391e-22 4.84655e-22 4.63648e-22 4.87533e-22 4.668e-22 4.9041e-22 4.69855e-22 4.93128e-22 4.7282e-22 4.95845e-22 4.757e-22 4.98403e-22 4.785e-22 5.00961e-22 4.81223e-22 5.03518e-22 4.83875e-22 5.05916e-22 4.8646e-22 5.08314e-22 4.8898e-22 5.10552e-22 4.91439e-22 5.1279e-22 4.93841e-22 5.15029e-22 4.96187e-22
2244.63 1.58772e-21 1.58772e-21 5.79236e-32 3.64821e-11 -7.59037e-07 1.70981e-22 1.2771e-22 1.95329e-22 1.57457e-22 2.22823e-22 1.90535e-22 2.40507e-22 2.11335e-22 2.53758e-22 2.2672e-22 2.64466e-22 2.39007e-22 2.7346e-22 2.49273e-22 2.8127e-22 2.58112e-22 2.88253e-22 2.65888e-22 2.94407e-22 2.72836e-22 3.00088e-22 2.79124e-22 3.05296e-22 2.84871e-22 3.10031e-22 2.90166e-22 3.14528e-22 2.95079e-22 3.18671e-22 2.99663e-22 3.22578e-22 3.0396e-22 3.26247e-22 3.08007e-22 3.29799e-22 3.11832e-22 3.33113e-22 3.1546e-22 3.36309e-22 3.1891e-22 3.39387e-22 3.22199e-22 3.42228e-22 3.25344e-22 3.4507e-22 3.28356e-22 3.47674e-22 3.31247e-22 3.50279e-22 3.34027e-22 3.52765e-22 3.36704e-22 3.55133e-22 3.39285e-22 3.575e-22 3.41779e-22 3.5975e-22 3.4419e-22 3.61881e-22 3.46525e-22 3.64012e-22 3.48788e-22 3.66025e-22 3.50984e-22 3.68037e-22 3.53117e-22 3.69932e-22 3.5519e-22 3.71826e-22 3.57207e-22 3.7372e-22 3.59171e-22 3.75496e-22 3.61086e-22 3.77272e-22 3.62952e-22 3.7893e-22 3.64773e-22 3.80587e-22 3.66552e-22 3.82245e-22 3.6829e-22
2359.84 1.43657e-21 1.43657e-21 4.74164e-32 3.30066e-11 -7.43802e-07 1.27198e-22 9.51345e-23 1.45234e-22 1.17176e-22 1.656e-22 1.41681e-22 1.787e-22 1.5709e-22 1.88515e-22 1.68486e-22 1.96447e-22 1.77587e-22 2.03108e-22 1.85192e-22 2.08893e-22 1.91739e-22 2.14065e-22 1.97499e-22 2.18624e-22 2.02645e-22 2.22831e-22 2.07303e-22 2.26689e-22 2.1156e-22 2.30196e-22 2.15482e-22 2.33527e-22 2.19121e-22 2.36596e-22 2.22516e-22 2.39489e-22 2.25699e-22 2.42207e-22 2.28697e-22 2.44837e-22 2.3153e-22 2.47292e-22 2.34217e-22 2.4966e-22 2.36772e-22 2.5194e-22 2.39208e-22 2.54044e-22 2.41538e-22 2.56148e-22 2.43769e-22 2.58077e-22 2.4591e-22 2.60007e-22 2.47969e-22 2.61848e-22 2.49952e-22 2.63602e-22 2.51863e-22 2.65355e-22 2.53711e-22 2.67021e-22 2.55497e-22 2.686e-22 2.57226e-22 2.70178e-22 2.58902e-22 2.71669e-22 2.60529e-22 2.7316e-22 2.62108e-22 2.74563e-22 2.63644e-22 2.75966e-22 2.65138e-22 2.77369e-22 2.66593e-22 2.78684e-22 2.68011e-22 2.8e-22 2.69393e-22 2.81227e-22 2.70742e-22 2.82455e-22 2.7206e-22 2.83683e-22 2.73347e-22
2480.97 1.29986e-21 1.29986e-21 3.88142e-32 2.98604e-11 6.21534e-07 9.46082e-23 7.085e-23 1.0797e-22 8.71813e-23 1.23056e-22 1.05336e-22 1.32759e-22 1.16751e-22 1.4003e-22 1.25193e-22 1.45905e-22 1.31935e-22 1.50839e-22 1.37568e-22 1.55124e-22 1.42417e-22 1.58955e-22 1.46684e-22 1.62332e-22 1.50496e-22 1.65448e-22 1.53946e-22 1.68306e-22 1.57099e-22 1.70903e-22 1.60004e-22 1.73371e-22 1.627e-22 1.75644e-22 1.65214e-22 1.77787e-22 1.67572e-22 1.798e-22 1.69793e-22 1.81748e-22 1.71891e-22 1.83567e-22 1.73881e-22 1.8532e-22 1.75774e-22 1.87009e-22 1.77579e-22 1.88568e-22 1.79304e-22 1.90126e-22 1.80957e-22 1.91555e-22 1.82542e-22 1.92984e-22 1.84067e-22 1.94348e-22 1.85536e-22 1.95647e-22 1.86952e-22 1.96946e-22 1.8832e-22 1.9818e-22 1.89643e-22 1.99349e-22 1.90924e-22 2.00518e-22 1.92166e-22 2.01622e-22 1.9337e-22 2.02726e-22 1.94541e-22 2.03766e-22 1.95678e-22 2.04805e-22 1.96784e-22 2.05844e-22 1.97862e-22 2.06818e-22 1.98912e-22 2.07793e-22 1.99936e-22 2.08702e-22 2.00935e-22 2.09611e-22 2.01911e-22 2.10521e-22 2.02865e-22
2608.32 1.17603e-21 1.17603e-21 3.17717e-32 2.7016e-11 1.74763e-07 7.03464e-23 5.27446e-23 8.02433e-23 6.48435e-23 9.14174e-23 7.82916e-23 9.86042e-23 8.67465e-23 1.03989e-22 9.29995e-23 1.0834e-22 9.79929e-23 1.11995e-22 1.02165e-22 1.15169e-22 1.05757e-22 1.18006e-22 1.08917e-22 1.20507e-22 1.1174e-22 1.22815e-22 1.14296e-22 1.24931e-22 1.16631e-22 1.26855e-22 1.18783e-22 1.28683e-22 1.20779e-22 1.30366e-22 1.22642e-22 1.31953e-22 1.24388e-22 1.33444e-22 1.26032e-22 1.34887e-22 1.27586e-22 1.36234e-22 1.2906e-22 1.37533e-22 1.30462e-22 1.38783e-22 1.31799e-22 1.39938e-22 1.33077e-22 1.41092e-22 1.34301e-22 1.4215e-22 1.35475e-22 1.43208e-22 1.36604e-22 1.44218e-22 1.37692e-22 1.4518e-22 1.38741e-22 1.46143e-22 1.39754e-22 1.47056e-22 1.40734e-22 1.47922e-22 1.41683e-22 1.48788e-22 1.42602e-22 1.49606e-22 1.43494e-22 1.50424e-22 1.44361e-22 1.51193e-22 1.45204e-22 1.51963e-22 1.46023e-22 1.52733e-22 1.46821e-22 1.53454e-22 1.47599e-22 1.54176e-22 1.48357e-22 1.54849e-22 1.49097e-22 1.55523e-22 1.4982e-22 1.56196e-22 1.50526e-22
2742.21 1.06406e-21 1.06406e-21 2.60066e-32 2.4441e-11 -6.98845e-07 5.22985e-23 3.92577e-23 5.96294e-23 4.82212e-23 6.79062e-23 5.81832e-23 7.32293e-23 6.4446e-23 7.72177e-23 6.90776e-23 8.04407e-23 7.27762e-23 8.31474e-23 7.58665e-23 8.54982e-23 7.85271e-23 8.75996e-23 8.08674e-23 8.94518e-23 8.29588e-23 9.11615e-23 8.48513e-23 9.27289e-23 8.65811e-23 9.41537e-23 8.81747e-23 9.55073e-23 8.96533e-23 9.67541e-23 9.10328e-23 9.79297e-23 9.23262e-23 9.9034e-23 9.35442e-23 1.00103e-22 9.46953e-23 1.011e-22 9.5787e-23 1.02062e-22 9.68253e-23 1.02988e-22 9.78152e-23 1.03843e-22 9.87616e-23 1.04698e-22 9.96682e-23 1.05482e-22 1.00538e-22 1.06266e-22 1.01375e-22 1.07014e-22 1.0218e-22 1.07726e-22 1.02957e-22 1.08439e-22 1.03707e-22 1.09116e-22 1.04433e-22 1.09757e-22 1.05136e-22 1.10398e-22 1.05817e-22 1.11004e-22 1.06478e-22 1.1161e-22 1.07119e-22 1.1218e-22 1.07743e-22 1.1275e-22 1.0835e-22 1.1332e-22 1.08941e-22 1.13854e-22 1.09518e-22 1.14389e-22 1.10079e-22 1.14888e-22 1.10627e-22 1.15386e-22 1.11163e-22 1.15885e-22 1.11686e-22
2882.97 9.62681e-22 9.62681e-22 2.12861e-32 2.21112e-11 -5.45718e-07 3.88711e-23 2.92103e-23 4.43009e-23 3.58503e-23 5.0431e-23 4.32292e-23 5.43735e-23 4.78679e-23 5.73274e-23 5.12984e-23 5.97144e-23 5.40377e-23 6.17191e-23 5.63265e-23 6.346e-23 5.8297e-23 6.50164e-23 6.00303e-23 6.63881e-23 6.15792e-23 6.76544e-23 6.29808e-23 6.88151e-23 6.42619e-23 6.98704e-23 6.54422e-23 7.08729e-23 6.65372e-23 7.17963e-23 6.7559e-23 7.26669e-23 6.85168e-23 7.34847e-23 6.94189e-23 7.42762e-23 7.02714e-23 7.50149e-23 7.10799e-23 7.57273e-23 7.18489e-23 7.64133e-23 7.2582e-23 7.70465e-23 7.32829e-23 7.76797e-23 7.39543e-23 7.82601e-23 7.45986e-23 7.88406e-23 7.52181e-23 7.93947e-23 7.58147e-23 7.99223e-23 7.63901e-23 8.045e-23 7.69458e-23 8.09513e-23 7.74833e-23 8.14263e-23 7.80037e-23 8.19012e-23 7.8508e-23 8.23498e-23 7.89974e-23 8.27983e-23 7.94728e-23 8.32205e-23 7.99349e-23 8.36426e-23 8.03843e-23 8.40648e-23 8.08221e-23 8.44606e-23 8.12487e-23 8.48564e-23 8.16648e-23 8.52258e-23 8.20706e-23 8.55952e-23 8.24671e-23 8.59646e-23 8.28544e-23
3030.95 8.7104e-22 8.7104e-22 1.74246e-32 2.00043e-11 1.42968e-06 2.88883e-23 2.17312e-23 3.29103e-23 2.66502e-23 3.74509e-23 3.21163e-23 4.03711e-23 3.55522e-23 4.2559e-23 3.80932e-23 4.4327e-23 4.01222e-23 4.58118e-23 4.18175e-23 4.71013e-23 4.32771e-23 4.8254e-23 4.45609e-23 4.927e-23 4.57081e-23 5.02079e-23 4.67462e-23 5.10676e-23 4.76951e-23 5.18492e-23 4.85693e-23 5.25917e-23 4.93804e-23 5.32756e-23 5.01371e-23 5.39205e-23 5.08466e-23 5.45262e-23 5.15147e-23 5.51124e-23 5.21461e-23 5.56596e-23 5.2745e-23 5.61872e-23 5.33146e-23 5.66953e-23 5.38576e-23 5.71642e-23 5.43767e-23 5.76332e-23 5.4874e-23 5.80631e-23 5.53511e-23 5.84931e-23 5.581e-23 5.89034e-23 5.62519e-23 5.92943e-23 5.6678e-23 5.96851e-23 5.70897e-23 6.00564e-23 5.74878e-23 6.04082e-23 5.78732e-23 6.07599e-23 5.82467e-23 6.10921e-23 5.86092e-23 6.14244e-23 5.89613e-23 6.1737e-23 5.93035e-23 6.20497e-23 5.96364e-23 6.23624e-23 5.99607e-23 6.26555e-23 6.02766e-23 6.29487e-23 6.05848e-23 6.32223e-23 6.08854e-23 6.34959e-23 6.1179e-23 6.37695e-23 6.14659e-23
3186.53 7.88076e-22 7.88076e-22 1.4263e-32 1.80985e-11 1.83348e-07 2.14644e-23 1.61625e-23 2.44434e-23 1.98063e-23 2.78064e-23 2.3855e-23 2.99692e-23 2.64e-23 3.15896e-23 2.8282e-23 3.2899e-23 2.97848e-23 3.39987e-23 3.10404e-23 3.49537e-23 3.21214e-23 3.58075e-23 3.30722e-23 3.656e-23 3.39219e-23 3.72546e-23 3.46907e-23 3.78913e-23 3.53935e-23 3.84702e-23 3.6041e-23 3.90201e-23 3.66417e-23 3.95266e-23 3.72021e-23 4.00042e-23 3.77276e-23 4.04528e-23 3.82224e-23 4.08869e-23 3.869e-23 4.12922e-23 3.91336e-23 4.16829e-23 3.95554e-23 4.20592e-23 3.99575e-23 4.24065e-23 4.0342e-23 4.27539e-23 4.07103e-23 4.30723e-23 4.10637e-23 4.33907e-23 4.14035e-23 4.36946e-23 4.17308e-23 4.39841e-23 4.20464e-23 4.42735e-23 4.23513e-23 4.45485e-23 4.26461e-23 4.4809e-23 4.29316e-23 4.50695e-23 4.32082e-23 4.53156e-23 4.34766e-23 4.55616e-23 4.37374e-23 4.57932e-23 4.39909e-23 4.60248e-23 4.42374e-23 4.62563e-23 4.44776e-23 4.64734e-23 4.47116e-23 4.66905e-23 4.49398e-23 4.68932e-23 4.51624e-23 4.70958e-23 4.53799e-23 4.72984e-23 4.55923e-23
3350.09 7.13014e-22 7.13014e-22 1.16753e-32 1.63745e-11 7.52863e-10 1.59457e-23 1.20183e-23 1.81521e-23 1.47174e-23 2.06429e-23 1.77162e-23 2.22448e-23 1.96012e-23 2.34449e-23 2.09951e-23 2.44147e-23 2.21081e-23 2.52291e-23 2.30381e-23 2.59365e-23 2.38387e-23 2.65688e-23 2.45429e-23 2.7126e-23 2.51722e-23 2.76405e-23 2.57416e-23 2.81121e-23 2.62621e-23 2.85408e-23 2.67416e-23 2.8948e-23 2.71865e-23 2.93232e-23 2.76016e-23 2.96769e-23 2.79908e-23 3.00091e-23 2.83572e-23 3.03307e-23 2.87036e-23 3.06308e-23 2.90321e-23 3.09202e-23 2.93445e-23 3.11988e-23 2.96423e-23 3.14561e-23 2.99271e-23 3.17133e-23 3.01998e-23 3.19491e-23 3.04615e-23 3.21849e-23 3.07132e-23 3.241e-23 3.09556e-23 3.26244e-23 3.11894e-23 3.28388e-23 3.14151e-23 3.30424e-23 3.16335e-23 3.32354e-23 3.18449e-23 3.34283e-23 3.20498e-23 3.36105e-23 3.22486e-23 3.37928e-23 3.24417e-23 3.39643e-23 3.26294e-23 3.41358e-23 3.2812e-23 3.43073e-23 3.29899e-23 3.4468e-23 3.31632e-23 3.46288e-23 3.33322e-23 3.47789e-23 3.34971e-23 3.4929e-23 3.36581e-23 3.5079e-23 3.38155e-23
3522.05 6.45106e-22 6.45106e-22 9.55644e-33 1.48138e-11 -1.16632e-06 1.18442e-23 8.93491e-24 1.34784e-23 1.09343e-23 1.53232e-23 1.31555e-23 1.65096e-23 1.45516e-23 1.73984e-23 1.5584e-23 1.81167e-23 1.64083e-23 1.87199e-23 1.70971e-23 1.92437e-23 1.769e-23 1.9712e-23 1.82116e-23 2.01248e-23 1.86777e-23 2.05058e-23 1.90994e-23 2.0855e-23 1.94849e-23 2.11725e-23 1.984e-23 2.14742e-23 2.01695e-23 2.1752e-23 2.0477e-23 2.20139e-23 2.07652e-23 2.226e-23 2.10366e-23 2.24982e-23 2.12931e-23 2.27204e-23 2.15364e-23 2.29348e-23 2.17677e-23 2.31411e-23 2.19883e-23 2.33317e-23 2.21992e-23 2.35222e-23 2.24012e-23 2.36968e-23 2.25951e-23 2.38715e-23 2.27815e-23 2.40382e-23 2.2961e-23 2.41969e-23 2.31341e-23 2.43557e-23 2.33013e-23 2.45065e-23 2.3463e-23 2.46494e-23 2.36196e-23 2.47923e-23 2.37713e-23 2.49273e-23 2.39186e-23 2.50622e-23 2.40616e-23 2.51892e-23 2.42006e-23 2.53162e-23 2.43359e-23 2.54433e-23 2.44676e-23 2.55623e-23 2.4596e-23 2.56814e-23 2.47211e-23 2.57926e-23 2.48432e-23 2.59037e-23 2.49625e-23 2.60148e-23 2.5079e-23
3702.84 5.83655e-22 5.83655e-22 7.82219e-33 1.34021e-11 -3.7119e-06 8.79618e-24 6.64122e-24 1.00065e-23 8.12215e-24 1.13728e-23 9.76732e-24 1.22515e-23 1.08013e-23 1.29098e-23 1.15659e-23 1.34418e-23 1.21765e-23 1.38885e-23 1.26866e-23 1.42764e-23 1.31257e-23 1.46233e-23 1.3512e-23 1.49289e-23 1.38572e-23 1.52111e-23 1.41695e-23 1.54698e-23 1.4455e-23 1.57049e-23 1.47181e-23 1.59283e-23 1.49621e-23 1.61341e-23 1.51898e-23 1.63281e-23 1.54032e-23 1.65103e-23 1.56042e-23 1.66867e-23 1.57942e-23 1.68513e-23 1.59744e-23 1.701e-23 1.61457e-23 1.71629e-23 1.63091e-23 1.7304e-23 1.64653e-23 1.74451e-23 1.66149e-23 1.75744e-23 1.67584e-23 1.77037e-23 1.68965e-23 1.78272e-23 1.70294e-23 1.79448e-23 1.71576e-23 1.80624e-23 1.72815e-23 1.81741e-23 1.74013e-23 1.82799e-23 1.75172e-23 1.83857e-23 1.76296e-23 1.84857e-23 1.77386e-23 1.85856e-23 1.78446e-23 1.86797e-23 1.79475e-23 1.87737e-23 1.80477e-23 1.88678e-23 1.81452e-23 1.8956e-23 1.82403e-23 1.90442e-23 1.8333e-23 1.91265e-23 1.84234e-23 1.92088e-23 1.85118e-23 1.92911e-23 1.85981e-23
3892.91 5.28062e-22 5.28062e-22 6.40282e-33 1.21251e-11 1.51896e-06 6.5317e-24 4.93549e-24 7.42814e-24 6.03242e-24 8.44007e-24 7.25093e-24 9.09082e-24 8.01676e-24 9.57836e-24 8.58306e-24 9.97233e-24 9.03524e-24 1.03032e-23 9.41303e-24 1.05905e-23 9.73828e-24 1.08474e-23 1.00244e-23 1.10738e-23 1.028e-23 1.12827e-23 1.05113e-23 1.14743e-23 1.07228e-23 1.16484e-23 1.09176e-23 1.18139e-23 1.10983e-23 1.19663e-23 1.12669e-23 1.211e-23 1.1425e-23 1.22449e-23 1.15739e-23 1.23755e-23 1.17146e-23 1.24974e-23 1.1848e-23 1.2615e-23 1.19749e-23 1.27282e-23 1.20959e-23 1.28327e-23 1.22116e-23 1.29372e-23 1.23224e-23 1.3033e-23 1.24287e-23 1.31288e-23 1.25309e-23 1.32202e-23 1.26294e-23 1.33073e-23 1.27243e-23 1.33944e-23 1.2816e-23 1.34771e-23 1.29047e-23 1.35555e-23 1.29906e-23 1.36338e-23 1.30738e-23 1.37079e-23 1.31546e-23 1.37819e-23 1.32331e-23 1.38515e-23 1.33093e-23 1.39212e-23 1.33835e-23 1.39909e-23 1.34557e-23 1.40562e-23 1.35261e-23 1.41215e-23 1.35948e-23 1.41825e-23 1.36618e-23 1.42434e-23 1.37272e-23 1.43044e-23 1.37911e-23
4092.73 4.77761e-22 4.77761e-22 5.24077e-33 1.09695e-11 4.33153e-07 4.84951e-24 3.6672e-24 5.51344e-24 4.47967e-24 6.26289e-24 5.38216e-24 6.74484e-24 5.94936e-24 7.10592e-24 6.36877e-24 7.39769e-24 6.70366e-24 7.64272e-24 6.98346e-24 7.85552e-24 7.22434e-24 8.04575e-24 7.43621e-24 8.21341e-24 7.62555e-24 8.36817e-24 7.79687e-24 8.51004e-24 7.95346e-24 8.63902e-24 8.09772e-24 8.76154e-24 8.23157e-24 8.8744e-24 8.35645e-24 8.9808e-24 8.47352e-24 9.08076e-24 8.58378e-24 9.17749e-24 8.68798e-24 9.26778e-24 8.7868e-24 9.35484e-24 8.88078e-24 9.43868e-24 8.97039e-24 9.51607e-24 9.05605e-24 9.59345e-24 9.13811e-24 9.66439e-24 9.21685e-24 9.73533e-24 9.29257e-24 9.80305e-24 9.36549e-24 9.86754e-24 9.43581e-24 9.93203e-24 9.50373e-24 9.9933e-24 9.56942e-24 1.00513e-23 9.63302e-24 1.01094e-23 9.69465e-24 1.01642e-23 9.75447e-24 1.0219e-23 9.81256e-24 1.02706e-23 9.86904e-24 1.03222e-23 9.92397e-24 1.03738e-23 9.97747e-24 1.04222e-23 1.00296e-23 1.04705e-23 1.00805e-23 1.05157e-23 1.01301e-23 1.05608e-23 1.01785e-23 1.0606e-23 1.02258e-23
4302.81 4.32244e-22 4.32244e-22 4.28961e-33 9.92404e-12 4.31798e-06 3.60004e-24 2.72434e-24 4.09176e-24 3.32611e-24 4.6468e-24 3.99452e-24 5.00373e-24 4.41459e-24 5.27115e-24 4.72521e-24 5.48723e-24 4.97323e-24 5.6687e-24 5.18045e-24 5.82629e-24 5.35884e-24 5.96717e-24 5.51575e-24 6.09134e-24 5.65597e-24 6.20596e-24 5.78285e-24 6.31102e-24 5.89882e-24 6.40654e-24 6.00566e-24 6.49728e-24 6.10479e-24 6.58086e-24 6.19727e-24 6.65966e-24 6.28398e-24 6.73369e-24 6.36563e-24 6.80533e-24 6.44279e-24 6.87219e-24 6.51598e-24 6.93667e-24 6.58558e-24 6.99875e-24 6.65194e-24 7.05606e-24 6.71539e-24 7.11338e-24 6.77616e-24 7.16591e-24 6.83447e-24 7.21845e-24 6.89055e-24 7.2686e-24 6.94455e-24 7.31636e-24 6.99662e-24 7.36412e-24 7.04693e-24 7.40949e-24 7.09558e-24 7.45248e-24 7.14268e-24 7.49546e-24 7.18832e-24 7.53606e-24 7.23262e-24 7.57666e-24 7.27564e-24 7.61487e-24 7.31747e-24 7.65307e-24 7.35815e-24 7.69128e-24 7.39777e-24 7.72711e-24 7.43639e-24 7.76293e-24 7.47404e-24 7.79636e-24 7.51077e-24 7.82979e-24 7.54665e-24 7.86323e-24 7.58171e-24
4523.68 3.91075e-22 3.91075e-22 3.51126e-33 8.97848e-12 2.14883e-06 2.67226e-24 2.02363e-24 3.03643e-24 2.46935e-24 3.44751e-24 2.9644e-24 3.71186e-24 3.27552e-24 3.90991e-24 3.50557e-24 4.06994e-24 3.68926e-24 4.20434e-24 3.84273e-24 4.32105e-24 3.97485e-24 4.42539e-24 4.09106e-24 4.51734e-24 4.19491e-24 4.60223e-24 4.28887e-24 4.68004e-24 4.37476e-24 4.75078e-24 4.45389e-24 4.81799e-24 4.5273e-24 4.87988e-24 4.5958e-24 4.93824e-24 4.66001e-24 4.99307e-24 4.72048e-24 5.04612e-24 4.77763e-24 5.09564e-24 4.83183e-24 5.14339e-24 4.88338e-24 5.18937e-24 4.93253e-24 5.23182e-24 4.97951e-24 5.27426e-24 5.02452e-24 5.31317e-24 5.0677e-24 5.35208e-24 5.10923e-24 5.38922e-24 5.14923e-24 5.42459e-24 5.1878e-24 5.45996e-24 5.22505e-24 5.49357e-24 5.26108e-24 5.5254e-24 5.29596e-24 5.55724e-24 5.32977e-24 5.5873e-24 5.36257e-24 5.61737e-24 5.39444e-24 5.64567e-24 5.42541e-24 5.67396e-24 5.45554e-24 5.70226e-24 5.48489e-24 5.72879e-24 5.51348e-24 5.75532e-24 5.54137e-24 5.78008e-24 5.56857e-24 5.80484e-24 5.59515e-24 5.8296e-24 5.62111e-24
4755.88 3.53805e-22 3.53805e-22 2.87381e-33 8.12259e-12 5.63839e-06 1.98323e-24 1.50284e-24 2.25293e-24 1.83295e-24 2.55736e-24 2.19958e-24 2.75313e-24 2.42999e-24 2.8998e-24 2.60036e-24 3.01831e-24 2.73639e-24 3.11784e-24 2.85004e-24 3.20427e-24 2.94789e-24 3.28154e-24 3.03395e-24 3.34964e-24 3.11085e-24 3.4125e-24 3.18044e-24 3.47013e-24 3.24405e-24 3.52251e-24 3.30265e-24 3.57228e-24 3.35701e-24 3.61812e-24 3.40774e-24 3.66134e-24 3.45529e-24 3.70194e-24 3.50007e-24 3.74123e-24 3.54239e-24 3.7779e-24 3.58253e-24 3.81326e-24 3.62071e-24 3.84732e-24 3.65711e-24 3.87875e-24 3.6919e-24 3.91018e-24 3.72523e-24 3.939e-24 3.75721e-24 3.96781e-24 3.78797e-24 3.99531e-24 3.81759e-24 4.02151e-24 3.84614e-24 4.0477e-24 3.87373e-24 4.07259e-24 3.90042e-24 4.09616e-24 3.92625e-24 4.11974e-24 3.95128e-24 4.142e-24 3.97558e-24 4.16427e-24 3.99917e-24 4.18522e-24 4.02211e-24 4.20618e-24 4.04442e-24 4.22713e-24 4.06616e-24 4.24678e-24 4.08733e-24 4.26643e-24 4.10799e-24 4.28476e-24 4.12813e-24 4.3031e-24 4.14781e-24 4.32144e-24 4.16704e-24
5000 3.201e-22 3.201e-22 2.35224e-33 7.34846e-12 4.66387e-08 1.47176e-24 1.11596e-24 1.6715e-24 1.36045e-24 1.89696e-24 1.63198e-24 2.04195e-24 1.80263e-24 2.15057e-24 1.9288e-24 2.23834e-24 2.02955e-24 2.31205e-24 2.11372e-24 2.37606e-24 2.18618e-24 2.43328e-24 2.24992e-24 2.48371e-24 2.30687e-24 2.53027e-24 2.35841e-24 2.57294e-24 2.40551e-24 2.61174e-24 2.44891e-24 2.6486e-24 2.48917e-24 2.68254e-24 2.52674e-24 2.71455e-24 2.56195e-24 2.74462e-24 2.59512e-24 2.77372e-24 2.62646e-24 2.80087e-24 2.65619e-24 2.82706e-24 2.68446e-24 2.85228e-24 2.71141e-24 2.87556e-24 2.73718e-24 2.89884e-24 2.76187e-24 2.92018e-24 2.78555e-24 2.94152e-24 2.80833e-24 2.96188e-24 2.83026e-24 2.98128e-24 2.85141e-24 3.00068e-24 2.87185e-24 3.01911e-24 2.8916e-24 3.03657e-24 2.91074e-24 3.05403e-24 2.92927e-24 3.07052e-24 2.94727e-24 3.08701e-24 2.96474e-24 3.10253e-24 2.98173e-24 3.11805e-24 2.99825e-24 3.13357e-24 3.01435e-24 3.14812e-24 3.03003e-24 3.16266e-24 3.04533e-24 3.17624e-24 3.06025e-24 3.18982e-24 3.07482e-24 3.2034e-24 3.08906e-24
