# 8.25404e-06 1 46 : grain size, compostion index, size index
# Heating and cooling timescale: 0.0207632 20693.9
# Ratio of heating to cooling to determine stochastic cutoff: 100
# Equilibrium emission is recorded even for those grains in the stochastic regime.
# Emission spectrum was computed for: 
# Type: ISRF
# Scales: 0.0001 0.001 0.01 0.05 0.1 0.15 0.2 0.25 0.5 1 1.5 2 2.5 3 3.5 4 4.5 5 5.5 6 6.5 7 7.5 8 8.5 9 9.5 10 10.5 11 11.5 12 12.5 13 13.5 14 14.5 15 15.5 16 16.5 17 17.5 18 18.5 19 19.5 20 20.5 21 21.5 22 22.5 23 23.5 24 24.5 25 25.5 26 26.5 27 27.5 28 28.5 29 29.5 30
# StochasticallyHeated: 0 0 0 0 0 0 0 0 0 0 0 0 0 0 0 0 0 0 0 0 0 0 0 0 0 0 0 0 0 0 0 0 0 0 0 0 0 0 0 0 0 0 0 0 0 0 0 0 0 0 0 0 0 0 0 0 0 0 0 0 0 0 0 0 0 0 0 0
# Temperature: -1
# Wavelength  CExt  CAbs  CSca  Albedo G EqEm1 StEm1 EqEm2 StEm2 EqEm3 StEm3 EqEm4 StEm4 EqEm5 StEm5 EqEm6 StEm6 EqEm7 StEm7 EqEm8 StEm8 EqEm9 StEm9 EqEm10 StEm10 EqEm11 StEm11 EqEm12 StEm12 EqEm13 StEm13 EqEm14 StEm14 EqEm15 StEm15 EqEm16 StEm16 EqEm17 StEm17 EqEm18 StEm18 EqEm19 StEm19 EqEm20 StEm20 EqEm21 StEm21 EqEm22 StEm22 EqEm23 StEm23 EqEm24 StEm24 EqEm25 StEm25 EqEm26 StEm26 EqEm27 StEm27 EqEm28 StEm28 EqEm29 StEm29 EqEm30 StEm30 EqEm31 StEm31 EqEm32 StEm32 EqEm33 StEm33 EqEm34 StEm34 EqEm35 StEm35 EqEm36 StEm36 EqEm37 StEm37 EqEm38 StEm38 EqEm39 StEm39 EqEm40 StEm40 EqEm41 StEm41 EqEm42 StEm42 EqEm43 StEm43 EqEm44 StEm44 EqEm45 StEm45 EqEm46 StEm46 EqEm47 StEm47 EqEm48 StEm48 EqEm49 StEm49 EqEm50 StEm50 EqEm51 StEm51 EqEm52 StEm52 EqEm53 StEm53 EqEm54 StEm54 EqEm55 StEm55 EqEm56 StEm56 EqEm57 StEm57 EqEm58 StEm58 EqEm59 StEm59 EqEm60 StEm60 EqEm61 StEm61 EqEm62 StEm62 EqEm63 StEm63 EqEm64 StEm64 EqEm65 StEm65 EqEm66 StEm66 EqEm67 StEm67 EqEm68 StEm68
0.05 4.09134e-10 1.98102e-10 2.11032e-10 0.515802 0.940184 0 0 0 0 0 0 0 0 0 0 0 0 0 0 0 0 0 0 0 0 0 0 0 0 0 0 0 0 0 0 0 0 0 0 0 0 0 0 0 0 0 0 0 0 0 0 0 0 0 0 0 0 0 0 0 0 0 0 0 0 0 0 0 0 0 0 0 0 0 0 0 0 0 0 0 0 0 0 0 0 0 0 0 0 0 0 0 0 0 0 0 0 0 0 0 0 0 0 0 0 0 0 0 0 0 0 0 0 0 0 0 0 0 0 0 0 0 0 0 0 0 0 0 0 0 0 0 0 0 0 0 0 0 0 0 0
0.0525665 4.13404e-10 2.01529e-10 2.11875e-10 0.512513 0.934346 0 0 0 0 0 0 0 0 0 0 0 0 0 0 0 0 0 0 0 0 0 0 0 0 0 0 0 0 0 0 0 0 0 0 0 0 0 0 0 0 0 0 0 0 0 0 0 0 0 0 0 0 0 0 0 0 0 0 0 0 0 0 0 0 0 0 0 0 0 0 0 0 0 0 0 0 0 0 0 0 0 0 0 0 0 0 0 0 0 0 0 0 0 0 0 0 0 0 0 0 0 0 0 0 0 0 0 0 0 0 0 0 0 0 0 0 0 0 0 0 0 0 0 0 0 0 0 0 0 0 0 0 0 0 0 0
0.0552647 4.17995e-10 2.04905e-10 2.1309e-10 0.50979 0.928266 0 0 0 0 0 0 0 0 0 0 0 0 0 0 0 0 0 0 0 0 0 0 0 0 0 0 0 0 0 0 0 0 0 0 0 0 0 0 0 0 0 0 0 0 0 0 0 0 0 0 0 0 0 0 0 0 0 0 0 0 0 0 0 0 0 0 0 0 0 0 0 0 0 0 0 0 0 0 0 0 0 0 0 0 0 0 0 0 0 0 0 0 0 0 0 0 0 0 0 0 0 0 0 0 0 0 0 0 0 0 0 0 0 0 0 0 0 0 0 0 0 0 0 0 0 0 0 0 0 0 0 0 0 0 0 0
0.0581015 4.22997e-10 2.08316e-10 2.14681e-10 0.507525 0.921875 0 0 0 0 0 0 0 0 0 0 0 0 0 0 0 0 0 0 0 0 0 0 0 0 0 0 0 0 0 0 0 0 0 0 0 0 0 0 0 0 0 0 0 0 0 0 0 0 0 0 0 0 0 0 0 0 0 0 0 0 0 0 0 0 0 0 0 0 0 0 0 0 0 0 0 0 0 0 0 0 0 0 0 0 0 0 0 0 0 0 0 0 0 0 0 0 0 0 0 0 0 0 0 0 0 0 0 0 0 0 0 0 0 0 0 0 0 0 0 0 0 0 0 0 0 0 0 0 0 0 0 0 0 0 0 0
0.0610839 4.28502e-10 2.11934e-10 2.16568e-10 0.505407 0.915185 0 0 0 0 0 0 0 0 0 0 0 0 0 0 0 0 0 0 0 0 0 0 0 0 0 0 0 0 0 0 0 0 0 0 0 0 0 0 0 0 0 0 0 0 0 0 0 0 0 0 0 0 0 0 0 0 0 0 0 0 0 0 0 0 0 0 0 0 0 0 0 0 0 0 0 0 0 0 0 0 0 0 0 0 0 0 0 0 0 0 0 0 0 0 0 0 0 0 0 0 0 0 0 0 0 0 0 0 0 0 0 0 0 0 0 0 0 0 0 0 0 0 0 0 0 0 0 0 0 0 0 0 0 0 0 0
0.0642193 4.34508e-10 2.1589e-10 2.18618e-10 0.503139 0.908326 0 0 0 0 0 0 0 0 0 0 0 0 0 0 0 0 0 0 0 0 0 0 0 0 0 0 0 0 0 0 0 0 0 0 0 0 0 0 0 0 0 0 0 0 0 0 0 0 0 0 0 0 0 0 0 0 0 0 0 0 0 0 0 0 0 0 0 0 0 0 0 0 0 0 0 0 0 0 0 0 0 0 0 0 0 0 0 0 0 0 0 0 0 0 0 0 0 0 0 0 0 0 0 0 0 0 0 0 0 0 0 0 0 0 0 0 0 0 0 0 0 0 0 0 0 0 0 0 0 0 0 0 0 0 0 0
0.0675157 4.40879e-10 2.20198e-10 2.20681e-10 0.500548 0.9015 0 0 0 0 0 0 0 0 0 0 0 0 0 0 0 0 0 0 0 0 0 0 0 0 0 0 0 0 0 0 0 0 0 0 0 0 0 0 0 0 0 0 0 0 0 0 0 0 0 0 0 0 0 0 0 0 0 0 0 0 0 0 0 0 0 0 0 0 0 0 0 0 0 0 0 0 0 0 0 0 0 0 0 0 0 0 0 0 0 0 0 0 0 0 0 0 0 0 0 0 0 0 0 0 0 0 0 0 0 0 0 0 0 0 0 0 0 0 0 0 0 0 0 0 0 0 0 0 0 0 0 0 0 0 0 0
0.0709813 4.47511e-10 2.24806e-10 2.22705e-10 0.497652 0.894814 0 0 0 0 0 0 0 0 0 0 0 0 0 0 0 0 0 0 0 0 0 0 0 0 0 0 0 0 0 0 0 0 0 0 0 0 0 0 0 0 0 0 0 0 0 0 0 0 0 0 0 0 0 0 0 0 0 0 0 0 0 0 0 0 0 0 0 0 0 0 0 0 0 0 0 0 0 0 0 0 0 0 0 0 0 0 0 0 0 0 0 0 0 0 0 0 0 0 0 0 0 0 0 0 0 0 0 0 0 0 0 0 0 0 0 0 0 0 0 0 0 0 0 0 0 0 0 0 0 0 0 0 0 0 0 0
0.0746248 4.54472e-10 2.29676e-10 2.24796e-10 0.494631 0.888202 0 0 0 0 0 0 0 0 0 0 0 0 0 0 0 0 0 0 0 0 0 0 0 0 0 0 0 0 0 0 0 0 0 0 0 0 0 0 0 0 0 0 0 0 0 0 0 0 0 0 0 0 0 0 0 0 0 0 0 0 0 0 0 0 0 0 0 0 0 0 0 0 0 0 0 0 0 0 0 0 0 0 0 0 0 0 0 0 0 0 0 0 0 0 0 0 0 0 0 0 0 0 0 0 0 0 0 0 0 0 0 0 0 0 0 0 0 0 0 0 0 0 0 0 0 0 0 0 0 0 0 0 0 0 0 0
0.0784553 4.61797e-10 2.34772e-10 2.27025e-10 0.491612 0.881605 0 0 0 0 0 0 0 0 0 0 0 0 0 0 0 0 0 0 0 0 0 0 0 0 0 0 0 0 0 0 0 0 0 0 0 0 0 0 0 0 0 0 0 0 0 0 0 0 0 0 0 0 0 0 0 0 0 0 0 0 0 0 0 0 0 0 0 0 0 0 0 0 0 0 0 0 0 0 0 0 0 0 0 0 0 0 0 0 0 0 0 0 0 0 0 0 0 0 0 0 0 0 0 0 0 0 0 0 0 0 0 0 0 0 0 0 0 0 0 0 0 0 0 0 0 0 0 0 0 0 0 0 0 0 0 0
0.0824824 4.6977e-10 2.4025e-10 2.2952e-10 0.48858 0.874981 0 0 0 0 0 0 0 0 0 0 0 0 0 0 0 0 0 0 0 0 0 0 0 0 0 0 0 0 0 0 0 0 0 0 0 0 0 0 0 0 0 0 0 0 0 0 0 0 0 0 0 0 0 0 0 0 0 0 0 0 0 0 0 0 0 0 0 0 0 0 0 0 0 0 0 0 0 0 0 0 0 0 0 0 0 0 0 0 0 0 0 0 0 0 0 0 0 0 0 0 0 0 0 0 0 0 0 0 0 0 0 0 0 0 0 0 0 0 0 0 0 0 0 0 0 0 0 0 0 0 0 0 0 0 0 0
0.0867162 4.78215e-10 2.46245e-10 2.3197e-10 0.485074 0.868779 0 0 0 0 0 0 0 0 0 0 0 0 0 0 0 0 0 0 0 0 0 0 0 0 0 0 0 0 0 0 0 0 0 0 0 0 0 0 0 0 0 0 0 0 0 0 0 0 0 0 0 0 0 0 0 0 0 0 0 0 0 0 0 0 0 0 0 0 0 0 0 0 0 0 0 0 0 0 0 0 0 0 0 0 0 0 0 0 0 0 0 0 0 0 0 0 0 0 0 0 0 0 0 0 0 0 0 0 0 0 0 0 0 0 0 0 0 0 0 0 0 0 0 0 0 0 0 0 0 0 0 0 0 0 0 0
0.0911674 4.86575e-10 2.52643e-10 2.33931e-10 0.480772 0.863478 0 0 0 0 0 0 0 0 0 0 0 0 0 0 0 0 0 0 0 0 0 0 0 0 0 0 0 0 0 0 0 0 0 0 0 0 0 0 0 0 0 0 0 0 0 0 0 0 0 0 0 0 0 0 0 0 0 0 0 0 0 0 0 0 0 0 0 0 0 0 0 0 0 0 0 0 0 0 0 0 0 0 0 0 0 0 0 0 0 0 0 0 0 0 0 0 0 0 0 0 0 0 0 0 0 0 0 0 0 0 0 0 0 0 0 0 0 0 0 0 0 0 0 0 0 0 0 0 0 0 0 0 0 0 0 0
0.095847 4.94355e-10 2.59111e-10 2.35244e-10 0.47586 0.859097 0 0 0 0 0 0 0 0 0 0 0 0 0 0 0 0 0 0 0 0 0 0 0 0 0 0 0 0 0 0 0 0 0 0 0 0 0 0 0 0 0 0 0 0 0 0 0 0 0 0 0 0 0 0 0 0 0 0 0 0 0 0 0 0 0 0 0 0 0 0 0 0 0 0 0 0 0 0 0 0 0 0 0 0 0 0 0 0 0 0 0 0 0 0 0 0 0 0 0 0 0 0 0 0 0 0 0 0 0 0 0 0 0 0 0 0 0 0 0 0 0 0 0 0 0 0 0 0 0 0 0 0 0 0 0 0
0.100767 5.0141e-10 2.65337e-10 2.36073e-10 0.470818 0.855275 0 0 0 0 0 0 0 0 0 0 0 0 0 0 0 0 0 0 0 0 0 0 0 0 0 0 0 0 0 0 0 0 0 0 0 0 0 0 0 0 0 0 0 0 0 0 0 0 0 0 0 0 0 0 0 0 0 0 0 0 0 0 0 0 0 0 0 0 0 0 0 0 0 0 0 0 0 0 0 0 0 0 0 0 0 0 0 0 0 0 0 0 0 0 0 0 0 0 0 0 0 0 0 0 0 0 0 0 0 0 0 0 0 0 0 0 0 0 0 0 0 0 0 0 0 0 0 0 0 0 0 0 0 0 0 0
0.105939 5.07986e-10 2.71354e-10 2.36632e-10 0.465824 0.851846 0 0 0 0 0 0 0 0 0 0 0 0 0 0 0 0 0 0 0 0 0 0 0 0 0 0 0 0 0 0 0 0 0 0 0 0 0 0 0 0 0 0 0 0 0 0 0 0 0 0 0 0 0 0 0 0 0 0 0 0 0 0 0 0 0 0 0 0 0 0 0 0 0 0 0 0 0 0 0 0 0 0 0 0 0 0 0 0 0 0 0 0 0 0 0 0 0 0 0 0 0 0 0 0 0 0 0 0 0 0 0 0 0 0 0 0 0 0 0 0 0 0 0 0 0 0 0 0 0 0 0 0 0 0 0 0
0.111377 5.14005e-10 2.77088e-10 2.36918e-10 0.460924 0.848642 0 0 0 0 0 0 0 0 0 0 0 0 0 0 0 0 0 0 0 0 0 0 0 0 0 0 0 0 0 0 0 0 0 0 0 0 0 0 0 0 0 0 0 0 0 0 0 0 0 0 0 0 0 0 0 0 0 0 0 0 0 0 0 0 0 0 0 0 0 0 0 0 0 0 0 0 0 0 0 0 0 0 0 0 0 0 0 0 0 0 0 0 0 0 0 0 0 0 0 0 0 0 0 0 0 0 0 0 0 0 0 0 0 0 0 0 0 0 0 0 0 0 0 0 0 0 0 0 0 0 0 0 0 0 0 0
0.117094 5.1944e-10 2.8244e-10 2.37e-10 0.456261 0.845539 0 0 0 0 0 0 0 0 0 0 0 0 0 0 0 0 0 0 0 0 0 0 0 0 0 0 0 0 0 0 0 0 0 0 0 0 0 0 0 0 0 0 0 0 0 0 0 0 0 0 0 0 0 0 0 0 0 0 0 0 0 0 0 0 0 0 0 0 0 0 0 0 0 0 0 0 0 0 0 0 0 0 0 0 0 0 0 0 0 0 0 0 0 0 0 0 0 0 0 0 0 0 0 0 0 0 0 0 0 0 0 0 0 0 0 0 0 0 0 0 0 0 0 0 0 0 0 0 0 0 0 0 0 0 0 0
0.123105 5.24258e-10 2.87334e-10 2.36924e-10 0.451923 0.842606 0 0 0 0 0 0 0 0 0 0 0 0 0 0 0 0 0 0 0 0 0 0 0 0 0 0 0 0 0 0 0 0 0 0 0 0 0 0 0 0 0 0 0 0 0 0 0 0 0 0 0 0 0 0 0 0 0 0 0 0 0 0 0 0 0 0 0 0 0 0 0 0 0 0 0 0 0 0 0 0 0 0 0 0 0 0 0 0 0 0 0 0 0 0 0 0 0 0 0 0 0 0 0 0 0 0 0 0 0 0 0 0 0 0 0 0 0 0 0 0 0 0 0 0 0 0 0 0 0 0 0 0 0 0 0 0
0.129424 5.28191e-10 2.91675e-10 2.36516e-10 0.447785 0.839681 0 0 0 0 0 0 0 0 0 0 0 0 0 0 0 0 0 0 0 0 0 0 0 0 0 0 0 0 0 0 0 0 0 0 0 0 0 0 0 0 0 0 0 0 0 0 0 0 0 0 0 0 0 0 0 0 0 0 0 0 0 0 0 0 0 0 0 0 0 0 0 0 0 0 0 0 0 0 0 0 0 0 0 0 0 0 0 0 0 0 0 0 0 0 0 0 0 0 0 0 0 0 0 0 0 0 0 0 0 0 0 0 0 0 0 0 0 0 0 0 0 0 0 0 0 0 0 0 0 0 0 0 0 0 0 0
0.136067 5.31378e-10 2.95353e-10 2.36025e-10 0.444175 0.836045 0 0 0 0 0 0 0 0 0 0 0 0 0 0 0 0 0 0 0 0 0 0 0 0 0 0 0 0 0 0 0 0 0 0 0 0 0 0 0 0 0 0 0 0 0 0 0 0 0 0 0 0 0 0 0 0 0 0 0 0 0 0 0 0 0 0 0 0 0 0 0 0 0 0 0 0 0 0 0 0 0 0 0 0 0 0 0 0 0 0 0 0 0 0 0 0 0 0 0 0 0 0 0 0 0 0 0 0 0 0 0 0 0 0 0 0 0 0 0 0 0 0 0 0 0 0 0 0 0 0 0 0 0 0 0 0
0.143051 5.3304e-10 2.97866e-10 2.35174e-10 0.441193 0.83227 0 0 0 0 0 0 0 0 0 0 0 0 0 0 0 0 0 0 0 0 0 0 0 0 0 0 0 0 0 0 0 0 0 0 0 0 0 0 0 0 0 0 0 0 0 0 0 0 0 0 0 0 0 0 0 0 0 0 0 0 0 0 0 0 0 0 0 0 0 0 0 0 0 0 0 0 0 0 0 0 0 0 0 0 0 0 0 0 0 0 0 0 0 0 0 0 0 0 0 0 0 0 0 0 0 0 0 0 0 0 0 0 0 0 0 0 0 0 0 0 0 0 0 0 0 0 0 0 0 0 0 0 0 0 0 0
0.150394 5.27565e-10 2.97704e-10 2.29861e-10 0.435702 0.828444 0 0 0 0 0 0 0 0 0 0 0 0 0 0 0 0 0 0 0 0 0 0 0 0 0 0 0 0 0 0 0 0 0 0 0 0 0 0 0 0 0 0 0 0 0 0 0 0 0 0 0 0 0 0 0 0 0 0 0 0 0 0 0 0 0 0 0 0 0 0 0 0 0 0 0 0 0 0 0 0 0 0 0 0 0 0 0 0 0 0 0 0 0 0 0 0 0 0 0 0 0 0 0 0 0 0 0 0 0 0 0 0 0 0 0 0 0 0 0 0 0 0 0 0 0 0 0 0 0 0 0 0 0 0 0 0
0.158114 5.15439e-10 2.95992e-10 2.19447e-10 0.425747 0.822489 0 0 0 0 0 0 0 0 0 0 0 0 0 0 0 0 0 0 0 0 0 0 0 0 0 0 0 0 0 0 0 0 0 0 0 0 0 0 0 0 0 0 0 0 0 0 0 0 0 0 0 0 0 0 0 0 0 0 0 0 0 0 0 0 0 0 0 0 0 0 0 0 0 0 0 0 0 0 0 0 0 0 0 0 0 0 0 0 0 0 0 0 0 0 0 0 0 0 0 0 0 0 0 0 0 0 0 0 0 0 0 0 0 0 0 0 0 0 0 0 0 0 0 0 0 0 0 0 0 0 0 0 0 0 0 0
0.16623 4.99045e-10 2.93195e-10 2.05849e-10 0.412487 0.814596 0 0 0 0 0 0 0 0 0 0 0 0 0 0 0 0 0 0 0 0 0 0 0 0 0 0 0 0 0 0 0 0 0 0 0 0 0 0 0 0 0 0 0 0 0 0 0 0 0 0 0 0 0 0 0 0 0 0 0 0 0 0 0 0 0 0 0 0 0 0 0 0 0 0 0 0 0 0 0 0 0 0 0 0 0 0 0 0 0 0 0 0 0 0 0 0 0 0 0 0 0 0 0 0 0 0 0 0 0 0 0 0 0 0 0 0 0 0 0 0 0 0 0 0 0 0 0 0 0 0 0 0 0 0 0 0
0.174762 4.78004e-10 2.89803e-10 1.88201e-10 0.393724 0.80294 0 0 0 0 0 0 0 0 0 0 0 0 0 0 0 0 0 0 0 0 0 0 0 0 0 0 0 0 0 0 0 0 0 0 0 0 0 0 0 0 0 0 0 0 0 0 0 0 0 0 0 0 0 0 0 0 0 0 0 0 0 0 0 0 0 0 0 0 0 0 0 0 0 0 0 0 0 0 0 0 0 0 0 0 0 0 0 0 0 0 0 0 0 0 0 0 0 0 0 0 0 0 0 0 0 0 0 0 0 0 0 0 0 0 0 0 0 0 0 0 0 0 0 0 0 0 0 0 0 0 0 0 0 0 0 0
0.183733 4.66655e-10 2.89657e-10 1.76998e-10 0.379292 0.786453 0 0 0 0 0 0 0 0 0 0 0 0 0 0 0 0 0 0 0 0 0 0 0 0 0 0 0 0 0 0 0 0 0 0 0 0 0 0 0 0 0 0 0 0 0 0 0 0 0 0 0 0 0 0 0 0 0 0 0 0 0 0 0 0 0 0 0 0 0 0 0 0 0 0 0 0 0 0 0 0 0 0 0 0 0 0 0 0 0 0 0 0 0 0 0 0 0 0 0 0 0 0 0 0 0 0 0 0 0 0 0 0 0 0 0 0 0 0 0 0 0 0 0 0 0 0 0 0 0 0 0 0 0 0 0 0
0.193164 4.68004e-10 2.92992e-10 1.75012e-10 0.373954 0.766871 0 0 0 0 0 0 0 0 0 0 0 0 0 0 0 0 0 0 0 0 0 0 0 0 0 0 0 0 0 0 0 0 0 0 0 0 0 0 0 0 0 0 0 0 0 0 0 0 0 0 0 0 0 0 0 0 0 0 0 0 0 0 0 0 0 0 0 0 0 0 0 0 0 0 0 0 0 0 0 0 0 0 0 0 0 0 0 0 0 0 0 0 0 0 0 0 0 0 0 0 0 0 0 0 0 0 0 0 0 0 0 0 0 0 0 0 0 0 0 0 0 0 0 0 0 0 0 0 0 0 0 0 0 0 0 0
0.203079 4.78228e-10 2.98737e-10 1.79491e-10 0.375326 0.746097 0 0 0 0 0 0 0 0 0 0 0 0 0 0 0 0 0 0 0 0 0 0 0 0 0 0 0 0 0 0 0 0 0 0 0 0 0 0 0 0 0 0 0 0 0 0 0 0 0 0 0 0 0 0 0 0 0 0 0 0 0 0 0 0 0 0 0 0 0 0 0 0 0 0 0 0 0 0 0 0 0 0 0 0 0 0 0 0 0 0 0 0 0 0 0 0 0 0 0 0 0 0 0 0 0 0 0 0 0 0 0 0 0 0 0 0 0 0 0 0 0 0 0 0 0 0 0 0 0 0 0 0 0 0 0 0
0.213503 4.90556e-10 3.05001e-10 1.85556e-10 0.378255 0.724894 0 0 0 0 0 0 0 0 0 0 0 0 0 0 0 0 0 0 0 0 0 0 0 0 0 0 0 0 0 0 0 0 0 0 0 0 0 0 0 0 0 0 0 0 0 0 0 0 0 0 0 0 0 0 0 0 0 0 0 0 0 0 0 0 0 0 0 0 0 0 0 0 0 0 0 0 0 0 0 0 0 0 0 0 0 0 0 0 0 0 0 0 0 0 0 0 0 0 0 0 0 0 0 0 0 0 0 0 0 0 0 0 0 0 0 0 0 0 0 0 0 0 0 0 0 0 0 0 0 0 0 0 0 0 0 0
0.224463 5.06909e-10 3.12448e-10 1.9446e-10 0.38362 0.702836 0 0 0 0 0 0 0 0 0 0 0 0 0 0 0 0 0 0 0 0 0 0 0 0 0 0 0 0 0 0 0 0 0 0 0 0 0 0 0 0 0 0 0 0 0 0 0 0 0 0 0 0 0 0 0 0 0 0 0 0 0 0 0 0 0 0 0 0 0 0 0 0 0 0 0 0 0 0 0 0 0 0 0 0 0 0 0 0 0 0 0 0 0 0 0 0 0 0 0 0 0 0 0 0 0 0 0 0 0 0 0 0 0 0 0 0 0 0 0 0 0 0 0 0 0 0 0 0 0 0 0 0 0 0 0 0
0.235984 5.25108e-10 3.20482e-10 2.04626e-10 0.389683 0.681412 0 0 0 0 0 0 0 0 0 0 0 0 0 0 0 0 0 0 0 0 0 0 0 0 0 0 0 0 0 0 0 0 0 0 0 0 0 0 0 0 0 0 0 0 0 0 0 0 0 0 0 0 0 0 0 0 0 0 0 0 0 0 0 0 0 0 0 0 0 0 0 0 0 0 0 0 0 0 0 0 0 0 0 0 0 0 0 0 0 0 0 0 0 0 0 0 0 0 0 0 0 0 0 0 0 0 0 0 0 0 0 0 0 0 0 0 0 0 0 0 0 0 0 0 0 0 0 0 0 0 0 0 0 0 0 0
0.248097 5.43219e-10 3.28445e-10 2.14774e-10 0.395373 0.660598 0 0 0 0 0 0 0 0 0 0 0 0 0 0 0 0 0 0 0 0 0 0 0 0 0 0 0 0 0 0 0 0 0 0 0 0 0 0 0 0 0 0 0 0 0 0 0 0 0 0 0 0 0 0 0 0 0 0 0 0 0 0 0 0 0 0 0 0 0 0 0 0 0 0 0 0 0 0 0 0 0 0 0 0 0 0 0 0 0 0 0 0 0 0 0 0 0 0 0 0 0 0 0 0 0 0 0 0 0 0 0 0 0 0 0 0 0 0 0 0 0 0 0 0 0 0 0 0 0 0 0 0 0 0 0 0
0.260832 5.59134e-10 3.3575e-10 2.23384e-10 0.399518 0.641124 0 0 0 0 0 0 0 0 0 0 0 0 0 0 0 0 0 0 0 0 0 0 0 0 0 0 0 0 0 0 0 0 0 0 0 0 0 0 0 0 0 0 0 0 0 0 0 0 0 0 0 0 0 0 0 0 0 0 0 0 0 0 0 0 0 0 0 0 0 0 0 0 0 0 0 0 0 0 0 0 0 0 0 0 0 0 0 0 0 0 0 0 0 0 0 0 0 0 0 0 0 0 0 0 0 0 0 0 0 0 0 0 0 0 0 0 0 0 0 0 0 0 0 0 0 0 0 0 0 0 0 0 0 0 0 0
0.274221 5.70329e-10 3.41492e-10 2.28838e-10 0.401238 0.621111 0 0 0 0 0 0 0 0 0 0 0 0 0 0 0 0 0 0 0 0 0 0 0 0 0 0 0 0 0 0 0 0 0 0 0 0 0 0 0 0 0 0 0 0 0 0 0 0 0 0 0 0 0 0 0 0 0 0 0 0 0 0 0 0 0 0 0 0 0 0 0 0 0 0 0 0 0 0 0 0 0 0 0 0 0 0 0 0 0 0 0 0 0 0 0 0 0 0 0 0 0 0 0 0 0 0 0 0 0 0 0 0 0 0 0 0 0 0 0 0 0 0 0 0 0 0 0 0 0 0 0 0 0 0 0 0
0.288297 5.7647e-10 3.45142e-10 2.31328e-10 0.401283 0.598577 0 0 0 0 0 0 0 0 0 0 0 0 0 0 0 0 0 0 0 0 0 0 0 0 0 0 0 0 0 0 0 0 0 0 0 0 0 0 0 0 0 0 0 0 0 0 0 0 0 0 0 0 0 0 0 0 0 0 0 0 0 0 0 0 0 0 0 0 0 0 0 0 0 0 0 0 0 0 0 0 0 0 0 0 0 0 0 0 0 0 0 0 0 0 0 0 0 0 0 0 0 0 0 0 0 0 0 0 0 0 0 0 0 0 0 0 0 0 0 0 0 0 0 0 0 0 0 0 0 0 0 0 0 0 0 0
0.303095 5.79013e-10 3.46884e-10 2.32129e-10 0.400904 0.570951 0 0 0 0 0 0 0 0 0 0 0 0 0 0 0 0 0 0 0 0 0 0 0 0 0 0 0 0 0 0 0 0 0 0 0 0 0 0 0 0 0 0 0 0 0 0 0 0 0 0 0 0 0 0 0 0 0 0 0 0 0 0 0 0 0 0 0 0 0 0 0 0 0 0 0 0 0 0 0 0 0 0 0 0 0 0 0 0 0 0 0 0 0 0 0 0 0 0 0 0 0 0 0 0 0 0 0 0 0 0 0 0 0 0 0 0 0 0 0 0 0 0 0 0 0 0 0 0 0 0 0 0 0 0 0 0
0.318653 5.80434e-10 3.47356e-10 2.33078e-10 0.401558 0.538414 0 0 0 0 0 0 0 0 0 0 0 0 0 0 0 0 0 0 0 0 0 0 0 0 0 0 0 0 0 0 0 0 0 0 0 0 0 0 0 0 0 0 0 0 0 0 0 0 0 0 0 0 0 0 0 0 0 0 0 0 0 0 0 0 0 0 0 0 0 0 0 0 0 0 0 0 0 0 0 0 0 0 0 0 0 0 0 0 0 0 0 0 0 0 0 0 0 0 0 0 0 0 0 0 0 0 0 0 0 0 0 0 0 0 0 0 0 0 0 0 0 0 0 0 0 0 0 0 0 0 0 0 0 0 0 0
0.335009 5.81418e-10 3.47164e-10 2.34254e-10 0.402901 0.502509 0 0 0 0 0 0 0 0 0 0 0 0 0 0 0 0 0 0 0 0 0 0 0 0 0 0 0 0 0 0 0 0 0 0 0 0 0 0 0 0 0 0 0 0 0 0 0 0 0 0 0 0 0 0 0 0 0 0 0 0 0 0 0 0 0 0 0 0 0 0 0 0 0 0 0 0 0 0 0 0 0 0 0 0 0 0 0 0 0 0 0 0 0 0 0 0 0 0 0 0 0 0 0 0 0 0 0 0 0 0 0 0 0 0 0 0 0 0 0 0 0 0 0 0 0 0 0 0 0 0 0 0 0 0 0 0
0.352205 5.82797e-10 3.47144e-10 2.35653e-10 0.404348 0.465274 0 0 0 0 0 0 0 0 0 0 0 0 0 0 0 0 0 0 0 0 0 0 0 0 0 0 0 0 0 0 0 0 0 0 0 0 0 0 0 0 0 0 0 0 0 0 0 0 0 0 0 0 0 0 0 0 0 0 0 0 0 0 0 0 0 0 0 0 0 0 0 0 0 0 0 0 0 0 0 0 0 0 0 0 0 0 0 0 0 0 0 0 0 0 0 0 0 0 0 0 0 0 0 0 0 0 0 0 0 0 0 0 0 0 0 0 0 0 0 0 0 0 0 0 0 0 0 0 0 0 0 0 0 0 0 0
0.370284 5.84576e-10 3.47863e-10 2.36713e-10 0.404931 0.428749 0 0 0 0 0 0 0 0 0 0 0 0 0 0 0 0 0 0 0 0 0 0 0 0 0 0 0 0 0 0 0 0 0 0 0 0 0 0 0 0 0 0 0 0 0 0 0 0 0 0 0 0 0 0 0 0 0 0 0 0 0 0 0 0 0 0 0 0 0 0 0 0 0 0 0 0 0 0 0 0 0 0 0 0 0 0 0 0 0 0 0 0 0 0 0 0 0 0 0 0 0 0 0 0 0 0 0 0 0 0 0 0 0 0 0 0 0 0 0 0 0 0 0 0 0 0 0 0 0 0 0 0 0 0 0 0
0.389291 5.86368e-10 3.49347e-10 2.37021e-10 0.404219 0.394399 0 0 0 0 0 0 0 0 0 0 0 0 0 0 0 0 0 0 0 0 0 0 0 0 0 0 0 0 0 0 0 0 0 0 0 0 0 0 0 0 0 0 0 0 0 0 0 0 0 0 0 0 0 0 0 0 0 0 0 0 0 0 0 0 0 0 0 0 0 0 0 0 0 0 0 0 0 0 0 0 0 0 0 0 0 0 0 0 0 0 0 0 0 0 0 0 0 0 0 0 0 0 0 0 0 0 0 0 0 0 0 0 0 0 0 0 0 0 0 0 0 0 0 0 0 0 0 0 0 0 0 0 0 0 0 0
0.409273 5.8662e-10 3.5102e-10 2.356e-10 0.401623 0.362849 0 0 0 0 0 0 0 0 0 0 0 0 0 0 0 0 0 0 0 0 0 0 0 0 0 0 0 0 0 0 0 0 0 0 0 0 0 0 0 0 0 0 0 0 0 0 0 0 0 0 0 0 0 0 0 0 0 0 0 0 0 0 0 0 0 0 0 0 0 0 0 0 0 0 0 0 0 0 0 0 0 0 0 0 0 0 0 0 0 0 0 0 0 0 0 0 0 0 0 0 0 0 0 0 0 0 0 0 0 0 0 0 0 0 0 0 0 0 0 0 0 0 0 0 0 0 0 0 0 0 0 0 0 0 0 0
0.430281 5.83239e-10 3.51807e-10 2.31431e-10 0.396804 0.334074 0 0 0 0 0 0 0 0 0 0 0 0 0 0 0 0 0 0 0 0 0 0 0 0 0 0 0 0 0 0 0 0 0 0 0 0 0 0 0 0 0 0 0 0 0 0 0 0 0 0 0 0 0 0 0 0 0 0 0 0 0 0 0 0 0 0 0 0 0 0 0 0 0 0 0 0 0 0 0 0 0 0 0 0 0 0 0 0 0 0 0 0 0 0 0 0 0 0 0 0 0 0 0 0 0 0 0 0 0 0 0 0 0 0 0 0 0 0 0 0 0 0 0 0 0 0 0 0 0 0 0 0 0 0 0 0
0.452368 5.74672e-10 3.50497e-10 2.24175e-10 0.390092 0.307775 0 0 0 0 0 0 0 0 0 0 0 0 0 0 0 0 0 0 0 0 0 0 0 0 0 0 0 0 0 0 0 0 0 0 0 0 0 0 0 0 0 0 0 0 0 0 0 0 0 0 0 0 0 0 0 0 0 0 0 0 0 0 0 0 0 0 0 0 0 0 0 0 0 0 0 0 0 0 0 0 0 0 0 0 0 0 0 0 0 0 0 0 0 0 0 0 0 0 0 0 0 0 0 0 0 0 0 0 0 0 0 0 0 0 0 0 0 0 0 0 0 0 0 0 0 0 0 0 0 0 0 0 0 0 0 0
0.475588 5.59453e-10 3.45984e-10 2.1347e-10 0.381569 0.283436 0 0 0 0 0 0 0 0 0 0 0 0 0 0 0 0 0 0 0 0 0 0 0 0 0 0 0 0 0 0 0 0 0 0 0 0 0 0 0 0 0 0 0 0 0 0 0 0 0 0 0 0 0 0 0 0 0 0 0 0 0 0 0 0 0 0 0 0 0 0 0 0 0 0 0 0 0 0 0 0 0 0 0 0 0 0 0 0 0 0 0 0 0 0 0 0 0 0 0 0 0 0 0 0 0 0 0 0 0 0 0 0 0 0 0 0 0 0 0 0 0 0 0 0 0 0 0 0 0 0 0 0 0 0 0 0
0.5 5.36915e-10 3.37563e-10 1.99352e-10 0.371291 0.260625 0 0 0 0 0 0 0 0 0 0 0 0 0 0 0 0 0 0 0 0 0 0 0 0 0 0 0 0 0 0 0 0 0 0 0 0 0 0 0 0 0 0 0 0 0 0 0 0 0 0 0 0 0 0 0 0 0 0 0 0 0 0 0 0 0 0 0 0 0 0 0 0 0 0 0 0 0 0 0 0 0 0 0 0 0 0 0 0 0 0 0 0 0 0 0 0 0 0 0 0 0 0 0 0 0 0 0 0 0 0 0 0 0 0 0 0 0 0 0 0 0 0 0 0 0 0 0 0 0 0 0 0 0 0 0 0
0.525665 5.08073e-10 3.25274e-10 1.82798e-10 0.359787 0.23924 0 0 0 0 0 0 0 0 0 0 0 0 0 0 0 0 0 0 0 0 0 0 0 0 0 0 0 0 0 0 0 0 0 0 0 0 0 0 0 0 0 0 0 0 0 0 0 0 0 0 0 0 0 0 0 0 0 0 0 0 0 0 0 0 0 0 0 0 0 0 0 0 0 0 0 0 0 0 0 0 0 0 0 0 0 0 0 0 0 0 0 0 0 0 0 0 0 0 0 0 0 0 0 0 0 0 0 0 0 0 0 0 0 0 0 0 0 0 0 0 0 0 0 0 0 0 0 0 0 0 0 0 0 0 0 0
0.552648 4.73854e-10 3.09478e-10 1.64376e-10 0.346892 0.219115 0 0 0 0 0 0 0 0 0 0 0 0 0 0 0 0 0 0 0 0 0 0 0 0 0 0 0 0 0 0 0 0 0 0 0 0 0 0 0 0 0 0 0 0 0 0 0 0 0 0 0 0 0 0 0 0 0 0 0 0 0 0 0 0 0 0 0 0 0 0 0 0 0 0 0 0 0 0 0 0 0 0 0 0 0 0 0 0 0 0 0 0 0 0 0 0 0 0 0 0 0 0 0 0 0 0 0 0 0 0 0 0 0 0 0 0 0 0 0 0 0 0 0 0 0 0 0 0 0 0 0 0 0 0 0 0
0.581015 4.36442e-10 2.91088e-10 1.45354e-10 0.333044 0.200396 0 0 0 0 0 0 0 0 0 0 0 0 0 0 0 0 0 0 0 0 0 0 0 0 0 0 0 0 0 0 0 0 0 0 0 0 0 0 0 0 0 0 0 0 0 0 0 0 0 0 0 0 0 0 0 0 0 0 0 0 0 0 0 0 0 0 0 0 0 0 0 0 0 0 0 0 0 0 0 0 0 0 0 0 0 0 0 0 0 0 0 0 0 0 0 0 0 0 0 0 0 0 0 0 0 0 0 0 0 0 0 0 0 0 0 0 0 0 0 0 0 0 0 0 0 0 0 0 0 0 0 0 0 0 0 0
0.610839 3.9762e-10 2.7105e-10 1.2657e-10 0.318318 0.183077 0 0 0 0 0 0 0 0 0 0 0 0 0 0 0 0 0 0 0 0 0 0 0 0 0 0 0 0 0 0 0 0 0 0 0 0 0 0 0 0 0 0 0 0 0 0 0 0 0 0 0 0 0 0 0 0 0 0 0 0 0 0 0 0 0 0 0 0 0 0 0 0 0 0 0 0 0 0 0 0 0 0 0 0 0 0 0 0 0 0 0 0 0 0 0 0 0 0 0 0 0 0 0 0 0 0 0 0 0 0 0 0 0 0 0 0 0 0 0 0 0 0 0 0 0 0 0 0 0 0 0 0 0 0 0 0
0.642193 3.59017e-10 2.50293e-10 1.08724e-10 0.302838 0.167147 0 0 0 0 0 0 0 0 0 0 0 0 0 0 0 0 0 0 0 0 0 0 0 0 0 0 0 0 0 0 0 0 0 0 0 0 0 0 0 0 0 0 0 0 0 0 0 0 0 0 0 0 0 0 0 0 0 0 0 0 0 0 0 0 0 0 0 0 0 0 0 0 0 0 0 0 0 0 0 0 0 0 0 0 0 0 0 0 0 0 0 0 0 0 0 0 0 0 0 0 0 0 0 0 0 0 0 0 0 0 0 0 0 0 0 0 0 0 0 0 0 0 0 0 0 0 0 0 0 0 0 0 0 0 0 0
0.675157 3.21824e-10 2.2952e-10 9.23043e-11 0.286816 0.152586 0 0 0 0 0 0 0 0 0 0 0 0 0 0 0 0 0 0 0 0 0 0 0 0 0 0 0 0 0 0 0 0 0 0 0 0 0 0 0 0 0 0 0 0 0 0 0 0 0 0 0 0 0 0 0 0 0 0 0 0 0 0 0 0 0 0 0 0 0 0 0 0 0 0 0 0 0 0 0 0 0 0 0 0 0 0 0 0 0 0 0 0 0 0 0 0 0 0 0 0 0 0 0 0 0 0 0 0 0 0 0 0 0 0 0 0 0 0 0 0 0 0 0 0 0 0 0 0 0 0 0 0 0 0 0 0
0.709813 2.86885e-10 2.09229e-10 7.76561e-11 0.270687 0.139419 0 0 0 0 0 0 0 0 0 0 0 0 0 0 0 0 0 0 0 0 0 0 0 0 0 0 0 0 0 0 0 0 0 0 0 0 0 0 0 0 0 0 0 0 0 0 0 0 0 0 0 0 0 0 0 0 0 0 0 0 0 0 0 0 0 0 0 0 0 0 0 0 0 0 0 0 0 0 0 0 0 0 0 0 0 0 0 0 0 0 0 0 0 0 0 0 0 0 0 0 0 0 0 0 0 0 0 0 0 0 0 0 0 0 0 0 0 0 0 0 0 0 0 0 0 0 0 0 0 0 0 0 0 0 0 0
0.746248 2.54778e-10 1.90044e-10 6.47342e-11 0.254081 0.1273 0 0 0 0 0 0 0 0 0 0 0 0 0 0 0 0 0 0 0 0 0 0 0 0 0 0 0 0 0 0 0 0 0 0 0 0 0 0 0 0 0 0 0 0 0 0 0 0 0 0 0 0 0 0 0 0 0 0 0 0 0 0 0 0 0 0 0 0 0 0 0 0 0 0 0 0 0 0 0 0 0 0 0 0 0 0 0 0 0 0 0 0 0 0 0 0 0 0 0 0 0 0 0 0 0 0 0 0 0 0 0 0 0 0 0 0 0 0 0 0 0 0 0 0 0 0 0 0 0 0 0 0 0 0 0 0
0.784553 2.26247e-10 1.72613e-10 5.3634e-11 0.23706 0.116095 0 0 0 0 0 0 0 0 0 0 0 0 0 0 0 0 0 0 0 0 0 0 0 0 0 0 0 0 0 0 0 0 0 0 0 0 0 0 0 0 0 0 0 0 0 0 0 0 0 0 0 0 0 0 0 0 0 0 0 0 0 0 0 0 0 0 0 0 0 0 0 0 0 0 0 0 0 0 0 0 0 0 0 0 0 0 0 0 0 0 0 0 0 0 0 0 0 0 0 0 0 0 0 0 0 0 0 0 0 0 0 0 0 0 0 0 0 0 0 0 0 0 0 0 0 0 0 0 0 0 0 0 0 0 0 0
0.824824 2.01601e-10 1.57242e-10 4.43588e-11 0.220033 0.105821 0 0 0 0 0 0 0 0 0 0 0 0 0 0 0 0 0 0 0 0 0 0 0 0 0 0 0 0 0 0 0 0 0 0 0 0 0 0 0 0 0 0 0 0 0 0 0 0 0 0 0 0 0 0 0 0 0 0 0 0 0 0 0 0 0 0 0 0 0 0 0 0 0 0 0 0 0 0 0 0 0 0 0 0 0 0 0 0 0 0 0 0 0 0 0 0 0 0 0 0 0 0 0 0 0 0 0 0 0 0 0 0 0 0 0 0 0 0 0 0 0 0 0 0 0 0 0 0 0 0 0 0 0 0 0 0
0.867162 1.80157e-10 1.43451e-10 3.67059e-11 0.203744 0.0966103 0 0 0 0 0 0 0 0 0 0 0 0 0 0 0 0 0 0 0 0 0 0 0 0 0 0 0 0 0 0 0 0 0 0 0 0 0 0 0 0 0 0 0 0 0 0 0 0 0 0 0 0 0 0 0 0 0 0 0 0 0 0 0 0 0 0 0 0 0 0 0 0 0 0 0 0 0 0 0 0 0 0 0 0 0 0 0 0 0 0 0 0 0 0 0 0 0 0 0 0 0 0 0 0 0 0 0 0 0 0 0 0 0 0 0 0 0 0 0 0 0 0 0 0 0 0 0 0 0 0 0 0 0 0 0 0
0.911674 1.60652e-10 1.30314e-10 3.03381e-11 0.188844 0.0885191 0 0 0 0 0 0 0 0 0 0 0 0 0 0 0 0 0 0 0 0 0 0 0 0 0 0 0 0 0 0 0 0 0 0 0 0 0 0 0 0 0 0 0 0 0 0 0 0 0 0 0 0 0 0 0 0 0 0 0 0 0 0 0 0 0 0 0 0 0 0 0 0 0 0 0 0 0 0 0 0 0 0 0 0 0 0 0 0 0 0 0 0 0 0 0 0 0 0 0 0 0 0 0 0 0 0 0 0 0 0 0 0 0 0 0 0 0 0 0 0 0 0 0 0 0 0 0 0 0 0 0 0 0 0 0 0
0.95847 1.42693e-10 1.17741e-10 2.49522e-11 0.174866 0.0812411 0 0 0 0 0 0 0 0 0 0 0 0 0 0 0 0 0 0 0 0 0 0 0 0 0 0 0 0 0 0 0 0 0 0 0 0 0 0 0 0 0 0 0 0 0 0 0 0 0 0 0 0 0 0 0 0 0 0 0 0 0 0 0 0 0 0 0 0 0 0 0 0 0 0 0 0 0 0 0 0 0 0 0 0 0 0 0 0 0 0 0 0 0 0 0 0 0 0 0 0 0 0 0 0 0 0 0 0 0 0 0 0 0 0 0 0 0 0 0 0 0 0 0 0 0 0 0 0 0 0 0 0 0 0 0 0
1.00767 1.26868e-10 1.06445e-10 2.04237e-11 0.160984 0.0744252 0 0 0 0 0 0 0 0 0 0 0 0 0 0 0 0 0 0 0 0 0 0 0 0 0 0 0 0 0 0 0 0 0 0 0 0 0 0 0 0 0 0 0 0 0 0 0 0 0 0 0 0 0 0 0 0 0 0 0 0 0 0 0 0 0 0 0 0 0 0 0 0 0 0 0 0 0 0 0 0 0 0 0 0 0 0 0 0 0 0 0 0 0 0 0 0 0 0 0 0 0 0 0 0 0 0 0 0 0 0 0 0 0 0 0 0 0 0 0 0 0 0 0 0 0 0 0 0 0 0 0 0 0 0 0 0
1.05939 1.13323e-10 9.66188e-11 1.67038e-11 0.147401 0.0680832 0 0 0 0 0 0 0 0 0 0 0 0 0 0 0 0 0 0 0 0 0 0 0 0 0 0 0 0 0 0 0 0 0 0 0 0 0 0 0 0 0 0 0 0 0 0 0 0 0 0 0 0 0 0 0 0 0 0 0 0 0 0 0 0 0 0 0 0 0 0 0 0 0 0 0 0 0 0 0 0 0 0 0 0 0 0 0 0 0 0 0 0 0 0 0 0 0 0 0 0 0 0 0 0 0 0 0 0 0 0 0 0 0 0 0 0 0 0 0 0 0 0 0 0 0 0 0 0 0 0 0 0 0 0 0 0
1.11377 1.01871e-10 8.82063e-11 1.36644e-11 0.134135 0.0621815 0 0 0 0 0 0 0 0 0 0 0 0 0 0 0 0 0 0 0 0 0 0 0 0 0 0 0 0 0 0 0 0 0 0 0 0 0 0 0 0 0 0 0 0 0 0 0 0 0 0 0 0 0 0 0 0 0 0 0 0 0 0 0 0 0 0 0 0 0 0 0 0 0 0 0 0 0 0 0 0 0 0 0 0 0 0 0 0 0 0 0 0 0 0 0 0 0 0 0 0 0 0 0 0 0 0 0 0 0 0 0 0 0 0 0 0 0 0 0 0 0 0 0 0 0 0 0 0 0 0 0 0 0 0 0 0
1.17094 9.19812e-11 8.07776e-11 1.12036e-11 0.121803 0.0568371 0 0 0 0 0 0 0 0 0 0 0 0 0 0 0 0 0 0 0 0 0 0 0 0 0 0 0 0 0 0 0 0 0 0 0 0 0 0 0 0 0 0 0 0 0 0 0 0 0 0 0 0 0 0 0 0 0 0 0 0 0 0 0 0 0 0 0 0 0 0 0 0 0 0 0 0 0 0 0 0 0 0 0 0 0 0 0 0 0 0 0 0 0 0 0 0 0 0 0 0 0 0 0 0 0 0 0 0 0 0 0 0 0 0 0 0 0 0 0 0 0 0 0 0 0 0 0 0 0 0 0 0 0 0 0 0
1.23105 8.30724e-11 7.38913e-11 9.18112e-12 0.110519 0.0519999 0 0 0 0 0 0 0 0 0 0 0 0 0 0 0 0 0 0 0 0 0 0 0 0 0 0 0 0 0 0 0 0 0 0 0 0 0 0 0 0 0 0 0 0 0 0 0 0 0 0 0 0 0 0 0 0 0 0 0 0 0 0 0 0 0 0 0 0 0 0 0 0 0 0 0 0 0 0 0 0 0 0 0 0 0 0 0 0 0 0 0 0 0 0 0 0 0 0 0 0 0 0 0 0 0 0 0 0 0 0 0 0 0 0 0 0 0 0 0 0 0 0 0 0 0 0 0 0 0 0 0 0 0 0 0 0
1.29424 7.52478e-11 6.77321e-11 7.51564e-12 0.0998786 0.0475285 0 0 0 0 0 0 0 0 0 0 0 0 0 0 0 0 0 0 0 0 0 0 0 0 0 0 0 0 0 0 0 0 0 0 0 0 0 0 0 0 0 0 0 0 0 0 0 0 0 0 0 0 0 0 0 0 0 0 0 0 0 0 0 0 0 0 0 0 0 0 0 0 0 0 0 0 0 0 0 0 0 0 0 0 0 0 0 0 0 0 0 0 0 0 0 0 0 0 0 0 0 0 0 0 0 0 0 0 0 0 0 0 0 0 0 0 0 0 0 0 0 0 0 0 0 0 0 0 0 0 0 0 0 0 0 0
1.36067 6.86949e-11 6.25266e-11 6.1683e-12 0.0897926 0.0434055 0 0 0 0 0 0 0 0 0 0 0 0 0 0 0 0 0 0 0 0 0 0 0 0 0 0 0 0 0 0 0 0 0 0 0 0 0 0 0 0 0 0 0 0 0 0 0 0 0 0 0 0 0 0 0 0 0 0 0 0 0 0 0 0 0 0 0 0 0 0 0 0 0 0 0 0 0 0 0 0 0 0 0 0 0 0 0 0 0 0 0 0 0 0 0 0 0 0 0 0 0 0 0 0 0 0 0 0 0 0 0 0 0 0 0 0 0 0 0 0 0 0 0 0 0 0 0 0 0 0 0 0 0 0 0 0
1.43051 6.2514e-11 5.74434e-11 5.07066e-12 0.0811124 0.0397756 0 0 0 0 0 0 0 0 0 0 0 0 0 0 0 0 0 0 0 0 0 0 0 0 0 0 0 0 0 0 0 0 0 0 0 0 0 0 0 0 0 0 0 0 0 0 0 0 0 0 0 0 0 0 0 0 0 0 0 0 0 0 0 0 0 0 0 0 0 0 0 0 0 0 0 0 0 0 0 0 0 0 0 0 0 0 0 0 0 0 0 0 0 0 0 0 0 0 0 0 0 0 0 0 0 0 0 0 0 0 0 0 0 0 0 0 0 0 0 0 0 0 0 0 0 0 0 0 0 0 0 0 0 0 0 0
1.50394 5.69462e-11 5.27932e-11 4.15301e-12 0.0729286 0.0363744 0 0 0 0 0 0 0 0 0 0 0 0 0 0 0 0 0 0 0 0 0 0 0 0 0 0 0 0 0 0 0 0 0 0 0 0 0 0 0 0 0 0 0 0 0 0 0 0 0 0 0 0 0 0 0 0 0 0 0 0 0 0 0 0 0 0 0 0 0 0 0 0 0 0 0 0 0 0 0 0 0 0 0 0 0 0 0 0 0 0 0 0 0 0 0 0 0 0 0 0 0 0 0 0 0 0 0 0 0 0 0 0 0 0 0 0 0 0 0 0 0 0 0 0 0 0 0 0 0 0 0 0 0 0 0 0
1.58114 5.23878e-11 4.89784e-11 3.40933e-12 0.0650788 0.0332008 0 0 0 0 0 0 0 0 0 0 0 0 0 0 0 0 0 0 0 0 0 0 0 0 0 0 0 0 0 0 0 0 0 0 0 0 0 0 0 0 0 0 0 0 0 0 0 0 0 0 0 0 0 0 0 0 0 0 0 0 0 0 0 0 0 0 0 0 0 0 0 0 0 0 0 0 0 0 0 0 0 0 0 0 0 0 0 0 0 0 0 0 0 0 0 0 0 0 0 0 0 0 0 0 0 0 0 0 0 0 0 0 0 0 0 0 0 0 0 0 0 0 0 0 0 0 0 0 0 0 0 0 0 0 0 0
1.6623 4.81043e-11 4.53012e-11 2.80316e-12 0.0582724 0.0303763 0 0 0 0 0 0 0 0 0 0 0 0 0 0 0 0 0 0 0 0 0 0 0 0 0 0 0 0 0 0 0 0 0 0 0 0 0 0 0 0 0 0 0 0 0 0 0 0 0 0 0 0 0 0 0 0 0 0 0 0 0 0 0 0 0 0 0 0 0 0 0 0 0 0 0 0 0 0 0 0 0 0 0 0 0 0 0 0 0 0 0 0 0 0 0 0 0 0 0 0 0 0 0 0 0 0 0 0 0 0 0 0 0 0 0 0 0 0 0 0 0 0 0 0 0 0 0 0 0 0 0 0 0 0 0 0
1.74763 4.43081e-11 4.20046e-11 2.30353e-12 0.0519888 0.0277647 0 0 0 0 0 0 0 0 0 0 0 0 0 0 0 0 0 0 0 0 0 0 0 0 0 0 0 0 0 0 0 0 0 0 0 0 0 0 0 0 0 0 0 0 0 0 0 0 0 0 0 0 0 0 0 0 0 0 0 0 0 0 0 0 0 0 0 0 0 0 0 0 0 0 0 0 0 0 0 0 0 0 0 0 0 0 0 0 0 0 0 0 0 0 0 0 0 0 0 0 0 0 0 0 0 0 0 0 0 0 0 0 0 0 0 0 0 0 0 0 0 0 0 0 0 0 0 0 0 0 0 0 0 0 0 0
1.83733 4.08606e-11 3.89648e-11 1.89584e-12 0.0463976 0.0254051 0 0 0 0 0 0 0 0 0 0 0 0 0 0 0 0 0 0 0 0 0 0 0 0 0 0 0 0 0 0 0 0 0 0 0 0 0 0 0 0 0 0 0 0 0 0 0 0 0 0 0 0 0 0 0 0 0 0 0 0 0 0 0 0 0 0 0 0 0 0 0 0 0 0 0 0 0 0 0 0 0 0 0 0 0 0 0 0 0 0 0 0 0 0 0 0 0 0 0 0 0 0 0 0 0 0 0 0 0 0 0 0 0 0 0 0 0 0 0 0 0 0 0 0 0 0 0 0 0 0 0 0 0 0 0 0
1.93164 3.77885e-11 3.62284e-11 1.56011e-12 0.0412852 0.0232295 0 0 0 0 0 0 0 0 0 0 0 0 0 0 0 0 0 0 0 0 0 0 0 0 0 0 0 0 0 0 0 0 0 0 0 0 0 0 0 0 0 0 0 0 0 0 0 0 0 0 0 0 0 0 0 0 0 0 0 0 0 0 0 0 0 0 0 0 0 0 0 0 0 0 0 0 0 0 0 0 0 0 0 0 0 0 0 0 0 0 0 0 0 0 0 0 0 0 0 0 0 0 0 0 0 0 0 0 0 0 0 0 0 0 0 0 0 0 0 0 0 0 0 0 0 0 0 0 0 0 0 0 0 0 0 0
2.03079 3.47556e-11 3.34695e-11 1.28611e-12 0.0370044 0.021318 0 0 0 0 0 0 0 0 0 0 0 0 0 0 0 0 0 0 0 0 0 0 0 0 0 0 0 0 0 0 0 0 0 0 0 0 0 0 0 0 0 0 0 0 0 0 0 0 0 0 0 0 0 0 0 0 0 0 0 0 0 0 0 0 0 0 0 0 0 0 0 0 0 0 0 0 0 0 0 0 0 0 0 0 0 0 0 0 0 0 0 0 0 0 0 0 0 0 0 0 0 0 0 0 0 0 0 0 0 0 0 0 0 0 0 0 0 0 0 0 0 0 0 0 0 0 0 0 0 0 0 0 0 0 0 0
2.13503 3.21517e-11 3.10965e-11 1.05521e-12 0.0328198 0.0194633 0 0 0 0 0 0 0 0 0 0 0 0 0 0 0 0 0 0 0 0 0 0 0 0 0 0 0 0 0 0 0 0 0 0 0 0 0 0 0 0 0 0 0 0 0 0 0 0 0 0 0 0 0 0 0 0 0 0 0 0 0 0 0 0 0 0 0 0 0 0 0 0 0 0 0 0 0 0 0 0 0 0 0 0 0 0 0 0 0 0 0 0 0 0 0 0 0 0 0 0 0 0 0 0 0 0 0 0 0 0 0 0 0 0 0 0 0 0 0 0 0 0 0 0 0 0 0 0 0 0 0 0 0 0 0 0
2.24463 2.95927e-11 2.87228e-11 8.69918e-13 0.0293963 0.0178688 0 0 0 0 0 0 0 0 0 0 0 0 0 0 0 0 0 0 0 0 0 0 0 0 0 0 0 0 0 0 0 0 0 0 0 0 0 0 0 0 0 0 0 0 0 0 0 0 0 0 0 0 0 0 0 0 0 0 0 0 0 0 0 0 0 0 0 0 0 0 0 0 0 0 0 0 0 0 0 0 0 0 0 0 0 0 0 0 0 0 0 0 0 0 0 0 0 0 0 0 0 0 0 0 0 0 0 0 0 0 0 0 0 0 0 0 0 0 0 0 0 0 0 0 0 0 0 0 0 0 0 0 0 0 0 0
2.35984 2.76406e-11 2.69281e-11 7.1254e-13 0.0257788 0.0162464 0 0 0 0 0 0 0 0 0 0 0 0 0 0 0 0 0 0 0 0 0 0 0 0 0 0 0 0 0 0 0 0 0 0 0 0 0 0 0 0 0 0 0 0 0 0 0 0 0 0 0 0 0 0 0 0 0 0 0 0 0 0 0 0 0 0 0 0 0 0 0 0 0 0 0 0 0 0 0 0 0 0 0 0 0 0 0 0 0 0 0 0 0 0 0 0 0 0 0 0 0 0 0 0 0 0 0 0 0 0 0 0 0 0 0 0 0 0 0 0 0 0 0 0 0 0 0 0 0 0 0 0 0 0 0 0
2.48097 2.55836e-11 2.49958e-11 5.87788e-13 0.0229752 0.0148984 0 0 0 0 0 0 0 0 0 0 0 0 0 0 0 0 0 0 0 0 0 0 0 0 0 0 0 0 0 0 0 0 0 0 0 0 0 0 0 0 0 0 0 0 0 0 0 0 0 0 0 0 0 0 0 0 0 0 0 0 0 0 0 0 0 0 0 0 0 0 0 0 0 0 0 0 0 0 0 0 0 0 0 0 0 0 0 0 0 0 0 0 0 0 0 0 0 0 0 0 0 0 0 0 0 0 0 0 0 0 0 0 0 0 0 0 0 0 0 0 0 0 0 0 0 0 0 0 0 0 0 0 0 0 0 0
2.60832 2.39369e-11 2.34529e-11 4.84004e-13 0.02022 0.0135956 0 0 0 0 0 0 0 0 0 0 0 0 0 0 0 0 0 0 0 0 0 0 0 0 0 0 0 0 0 0 0 0 0 0 0 0 0 0 0 0 0 0 0 0 0 0 0 0 0 0 0 0 0 0 0 0 0 0 0 0 0 0 0 0 0 0 0 0 0 0 0 0 0 0 0 0 0 0 0 0 0 0 0 0 0 0 0 0 0 0 0 0 0 0 0 0 0 0 0 0 0 0 0 0 0 0 0 0 0 0 0 0 0 0 0 0 0 0 0 0 0 0 0 0 0 0 0 0 0 0 0 0 0 0 0 0
2.74221 2.21883e-11 2.17902e-11 3.98086e-13 0.0179413 0.01244 0 0 0 0 0 0 0 0 0 0 0 0 0 0 0 0 0 0 0 0 0 0 0 0 0 0 0 0 0 0 0 0 0 0 0 0 0 0 0 0 0 0 0 0 0 0 0 0 0 0 0 0 0 0 0 0 0 0 0 0 0 0 0 0 0 0 0 0 0 0 0 0 0 0 0 0 0 0 0 0 0 0 0 0 0 0 0 0 0 0 0 0 0 0 0 0 0 0 0 0 0 0 0 0 0 0 0 0 0 0 0 0 0 0 0 0 0 0 0 0 0 0 0 0 0 0 0 0 0 0 0 0 0 0 0 0
2.88297 2.08159e-11 2.04879e-11 3.27988e-13 0.0157567 0.0113526 0 0 0 0 0 0 0 0 0 0 0 0 0 0 0 0 0 0 0 0 0 0 0 0 0 0 0 0 0 0 0 0 0 0 0 0 0 0 0 0 0 0 0 0 0 0 0 0 0 0 0 0 0 0 0 0 0 0 0 0 0 0 0 0 0 0 0 0 0 0 0 0 0 0 0 0 0 0 0 0 0 0 0 0 0 0 0 0 0 0 0 0 0 0 0 0 0 0 0 0 0 0 0 0 0 0 0 0 0 0 0 0 0 0 0 0 0 0 0 0 0 0 0 0 0 0 0 0 0 0 0 0 0 0 0 0
3.03095 1.93055e-11 1.90355e-11 2.69969e-13 0.0139841 0.0103946 0 0 0 0 0 0 0 0 0 0 0 0 0 0 0 0 0 0 0 0 0 0 0 0 0 0 0 0 0 0 0 0 0 0 0 0 0 0 0 0 0 0 0 0 0 0 0 0 0 0 0 0 0 0 0 0 0 0 0 0 0 0 0 0 0 0 0 0 0 0 0 0 0 0 0 0 0 0 0 0 0 0 0 0 0 0 0 0 0 0 0 0 0 0 0 0 0 0 0 0 0 0 0 0 0 0 0 0 0 0 0 0 0 0 0 0 0 0 0 0 0 0 0 0 0 0 0 0 0 0 0 0 0 0 0 0
3.18653 1.81204e-11 1.78982e-11 2.22242e-13 0.0122647 0.00948084 0 0 0 0 0 0 0 0 0 0 0 0 0 0 0 0 0 0 0 0 0 0 0 0 0 0 0 0 0 0 0 0 0 0 0 0 0 0 0 0 0 0 0 0 0 0 0 0 0 0 0 0 0 0 0 0 0 0 0 0 0 0 0 0 0 0 0 0 0 0 0 0 0 0 0 0 0 0 0 0 0 0 0 0 0 0 0 0 0 0 0 0 0 0 0 0 0 0 0 0 0 0 0 0 0 0 0 0 0 0 0 0 0 0 0 0 0 0 0 0 0 0 0 0 0 0 0 0 0 0 0 0 0 0 0 0
3.35009 1.71357e-11 1.69528e-11 1.8291e-13 0.0106742 0.00862526 0 0 0 0 0 0 0 0 0 0 0 0 0 0 0 0 0 0 0 0 0 0 0 0 0 0 0 0 0 0 0 0 0 0 0 0 0 0 0 0 0 0 0 0 0 0 0 0 0 0 0 0 0 0 0 0 0 0 0 0 0 0 0 0 0 0 0 0 0 0 0 0 0 0 0 0 0 0 0 0 0 0 0 0 0 0 0 0 0 0 0 0 0 0 0 0 0 0 0 0 0 0 0 0 0 0 0 0 0 0 0 0 0 0 0 0 0 0 0 0 0 0 0 0 0 0 0 0 0 0 0 0 0 0 0 0
3.52205 1.59259e-11 1.57742e-11 1.51642e-13 0.00952171 0.00794246 0 0 0 0 0 0 0 0 0 0 0 0 0 0 0 0 0 0 0 0 0 0 0 0 0 0 0 0 0 0 0 0 0 0 0 0 0 0 0 0 0 0 0 0 0 0 0 0 0 0 0 0 0 0 0 0 0 0 0 0 0 0 0 0 0 0 0 0 0 0 0 0 0 0 0 0 0 0 0 0 0 0 0 0 0 0 0 0 0 0 0 0 0 0 0 0 0 0 0 0 0 0 0 0 0 0 0 0 0 0 0 0 0 0 0 0 0 0 1.4013e-45 0 1.4013e-45 0 1.4013e-45 0 2.8026e-45 0 4.2039e-45 0 5.60519e-45 0 8.40779e-45 0 1.12104e-44 0 1.54143e-44 0
3.70284 1.48168e-11 1.46923e-11 1.24513e-13 0.00840354 0.0072547 0 0 0 0 0 0 0 0 0 0 0 0 0 0 0 0 0 0 0 0 0 0 0 0 0 0 0 0 0 0 0 0 0 0 0 0 0 0 0 0 0 0 0 0 0 0 0 0 0 0 0 0 0 0 0 0 0 0 0 0 0 0 0 0 0 0 0 0 0 0 0 0 0 0 0 0 0 0 0 0 0 0 0 0 0 0 0 0 0 0 0 0 0 0 1.4013e-45 0 1.4013e-45 0 1.4013e-45 0 2.8026e-45 0 4.2039e-45 0 7.00649e-45 0 1.12104e-44 0 1.68156e-44 0 2.52234e-44 0 3.78351e-44 0 5.60519e-44 0 8.40779e-44 0 1.20512e-43 0 1.75162e-43 0 2.52234e-43 0 3.50325e-43 0 5.01665e-43 0 6.96445e-43 0 9.62692e-43 0 1.32983e-42 0 1.8315e-42 0
3.89291 1.39105e-11 1.3808e-11 1.02539e-13 0.00737133 0.00662252 0 0 0 0 0 0 0 0 0 0 0 0 0 0 0 0 0 0 0 0 0 0 0 0 0 0 0 0 0 0 0 0 0 0 0 0 0 0 0 0 0 0 0 0 0 0 0 0 0 0 0 0 0 0 0 0 0 0 0 0 0 0 0 0 0 0 0 0 0 0 0 0 0 0 0 0 0 0 1.4013e-45 0 2.8026e-45 0 4.2039e-45 0 7.00649e-45 0 1.26117e-44 0 2.10195e-44 0 3.50325e-44 0 5.88545e-44 0 9.66896e-44 0 1.55544e-43 0 2.42425e-43 0 3.76949e-43 0 5.8294e-43 0 8.98232e-43 0 1.33824e-42 0 1.98704e-42 0 2.94273e-42 0 4.34262e-42 0 6.20215e-42 0 9.10003e-42 0 1.29298e-41 0 1.83234e-41 0 2.5903e-41 0 3.54991e-41 0 4.99493e-41 0 6.8162e-41 0 9.2829e-41 0 1.26173e-40 0 1.71153e-40 0
4.09273 1.30294e-11 1.29448e-11 8.46104e-14 0.0064938 0.00606157 0 0 0 0 0 0 0 0 0 0 0 0 0 0 0 0 0 0 0 0 0 0 0 0 0 0 0 0 0 0 0 0 0 0 0 0 0 0 0 0 0 0 0 0 0 0 0 0 0 0 0 0 0 0 0 0 0 0 0 0 0 0 0 0 1.4013e-45 0 2.8026e-45 0 5.60519e-45 0 1.26117e-44 0 2.38221e-44 0 4.62428e-44 0 8.82818e-44 0 1.61149e-43 0 2.81661e-43 0 5.08671e-43 0 8.53391e-43 0 1.47136e-42 0 2.44106e-42 0 3.90822e-42 0 6.42495e-42 0 1.01902e-41 0 1.60939e-41 0 2.45592e-41 0 3.7339e-41 0 5.65634e-41 0 8.53797e-41 0 1.24744e-40 0 1.81706e-40 0 2.63893e-40 0 3.82124e-40 0 5.36403e-40 0 7.72413e-40 0 1.07877e-39 0 1.50302e-39 0 2.08915e-39 0 2.81943e-39 0 3.9014e-39 0 5.24381e-39 0 7.03464e-39 0 9.41917e-39 0 1.25883e-38 0
4.30281 1.22698e-11 1.22002e-11 6.96206e-14 0.00567414 0.00552563 0 0 0 0 0 0 0 0 0 0 0 0 0 0 0 0 0 0 0 0 0 0 0 0 0 0 0 0 0 0 0 0 0 0 0 0 0 0 0 0 0 0 0 0 0 0 0 0 0 0 0 0 1.4013e-45 0 2.8026e-45 0 5.60519e-45 0 1.4013e-44 0 3.50325e-44 0 7.84727e-44 0 1.69557e-43 0 3.48923e-43 0 7.13261e-43 0 1.44194e-42 0 2.7017e-42 0 5.02365e-42 0 9.27099e-42 0 1.6447e-41 0 2.8089e-41 0 4.9187e-41 0 8.0492e-41 0 1.35085e-40 0 2.18775e-40 0 3.42266e-40 0 5.49096e-40 0 8.51568e-40 0 1.31521e-39 0 1.96602e-39 0 2.92858e-39 0 4.34735e-39 0 6.43146e-39 0 9.22432e-39 0 1.3192e-38 0 1.8813e-38 0 2.67538e-38 0 3.69386e-38 0 5.22525e-38 0 7.17964e-38 0 9.84252e-38 0 1.34626e-37 0 1.79046e-37 0 2.43858e-37 0 3.23067e-37 0 4.27226e-37 0 5.63949e-37 0 7.43097e-37 0
4.52368 1.1455e-11 1.13976e-11 5.74011e-14 0.00501101 0.00506122 0 0 0 0 0 0 0 0 0 0 0 0 0 0 0 0 0 0 0 0 0 0 0 0 0 0 0 0 0 0 0 0 0 0 0 0 0 0 0 0 0 0 0 0 1.4013e-45 0 4.2039e-45 0 1.26117e-44 0 3.78351e-44 0 1.05097e-43 0 2.78858e-43 0 7.04853e-43 0 1.63111e-42 0 3.72325e-42 0 8.10371e-42 0 1.68604e-41 0 3.35835e-41 0 6.62352e-41 0 1.29382e-40 0 2.35201e-40 0 4.24343e-40 0 7.59923e-40 0 1.31094e-39 0 2.18113e-39 0 3.71635e-39 0 5.9371e-39 0 9.71518e-39 0 1.53681e-38 0 2.35231e-38 0 3.68771e-38 0 5.59788e-38 0 8.46413e-38 0 1.24065e-37 0 1.81247e-37 0 2.63913e-37 0 3.83038e-37 0 5.39783e-37 0 7.58597e-37 0 1.06324e-36 0 1.48625e-36 0 2.01998e-36 0 2.80944e-36 0 3.80082e-36 0 5.13088e-36 0 6.91152e-36 0 9.0649e-36 0 1.21614e-35 0 1.58919e-35 0 2.07308e-35 0 2.69967e-35 0 3.50967e-35 0
4.75588 1.07866e-11 1.07394e-11 4.72837e-14 0.00438355 0.00461894 0 0 0 0 0 0 0 0 0 0 0 0 0 0 0 0 0 0 0 0 0 0 0 0 0 0 0 0 0 0 0 0 0 0 0 0 0 0 1.4013e-45 0 8.40779e-45 0 3.78351e-44 0 1.38729e-43 0 4.6383e-43 0 1.39569e-42 0 3.96147e-42 0 1.06176e-41 0 2.69624e-41 0 6.50343e-41 0 1.44509e-40 0 3.1682e-40 0 6.64033e-40 0 1.33299e-39 0 2.56716e-39 0 4.89799e-39 0 9.25991e-39 0 1.63492e-38 0 2.86591e-38 0 4.98838e-38 0 8.37939e-38 0 1.35992e-37 0 2.25762e-37 0 3.52512e-37 0 5.6313e-37 0 8.7107e-37 0 1.30588e-36 0 2.00277e-36 0 2.97884e-36 0 4.41406e-36 0 6.35036e-36 0 9.10713e-36 0 1.30198e-35 0 1.85561e-35 0 2.57152e-35 0 3.5544e-35 0 4.90035e-35 0 6.73885e-35 0 9.02268e-35 0 1.23485e-34 0 1.64612e-34 0 2.18985e-34 0 2.90723e-34 0 3.76285e-34 0 4.97631e-34 0 6.4184e-34 0 8.26475e-34 0 1.06249e-33 0 1.36369e-33 0
5 9.99446e-12 9.95554e-12 3.89233e-14 0.00389448 0.00423657 0 0 0 0 0 0 0 0 0 0 0 0 0 0 0 0 0 0 0 0 0 0 0 0 0 0 0 0 0 0 0 0 1.4013e-45 0 7.00649e-45 0 4.48416e-44 0 2.28412e-43 0 9.96323e-43 0 3.86899e-42 0 1.34693e-41 0 4.23248e-41 0 1.20796e-40 0 3.25694e-40 0 8.31966e-40 0 2.01877e-39 0 4.66458e-39 0 9.9685e-39 0 2.10331e-38 0 4.25197e-38 0 8.24993e-38 0 1.5388e-37 0 2.84477e-37 0 5.21353e-37 0 8.953e-37 0 1.52697e-36 0 2.58689e-36 0 4.23675e-36 0 6.71532e-36 0 1.08757e-35 0 1.66161e-35 0 2.59437e-35 0 3.9285e-35 0 5.77418e-35 0 8.67262e-35 0 1.26517e-34 0 1.83909e-34 0 2.59926e-34 0 3.66258e-34 0 5.14556e-34 0 7.20777e-34 0 9.83074e-34 0 1.33751e-33 0 1.81531e-33 0 2.45784e-33 0 3.24426e-33 0 4.37259e-33 0 5.74768e-33 0 7.54037e-33 0 9.873e-33 0 1.26188e-32 0 1.64619e-32 0 2.09703e-32 0 2.66714e-32 0 3.38699e-32 0 4.29452e-32 0
5.25665 9.41356e-12 9.38169e-12 3.18707e-14 0.00338562 0.00384594 0 0 0 0 0 0 0 0 0 0 0 0 0 0 0 0 0 0 0 0 0 0 0 0 0 0 0 0 1.4013e-45 0 1.26117e-44 0 1.12104e-43 0 8.00141e-43 0 4.529e-42 0 2.15702e-41 0 8.76624e-41 0 3.18644e-40 0 1.04376e-39 0 3.10156e-39 0 8.41022e-39 0 2.16039e-38 0 5.27157e-38 0 1.22497e-37 0 2.71702e-37 0 5.59509e-37 0 1.13828e-36 0 2.22336e-36 0 4.17653e-36 0 7.55663e-36 0 1.35571e-35 0 2.41215e-35 0 4.03437e-35 0 6.70376e-35 0 1.10684e-34 0 1.76962e-34 0 2.74251e-34 0 4.33824e-34 0 6.49234e-34 0 9.91871e-34 0 1.47181e-33 0 2.123e-33 0 3.12596e-33 0 4.47688e-33 0 6.38994e-33 0 8.87992e-33 0 1.23048e-32 0 1.70024e-32 0 2.34279e-32 0 3.1473e-32 0 4.21815e-32 0 5.64023e-32 0 7.52446e-32 0 9.79829e-32 0 1.3015e-31 0 1.68811e-31 0 2.18547e-31 0 2.82414e-31 0 3.56657e-31 0 4.5928e-31 0 5.78186e-31 0 7.26792e-31 0 9.12246e-31 0 1.14335e-30 0
5.52648 8.89915e-12 8.87305e-12 2.61036e-14 0.00293327 0.00348801 0 0 0 0 0 0 0 0 0 0 0 0 0 0 0 0 0 0 0 0 0 0 0 0 0 0 5.60519e-45 0 1.12104e-43 0 1.2906e-42 0 1.08671e-41 0 7.03536e-41 0 3.65889e-40 0 1.61493e-39 0 6.12878e-39 0 2.0917e-38 0 6.46595e-38 0 1.82188e-37 0 4.7054e-37 0 1.15429e-36 0 2.69656e-36 0 6.01336e-36 0 1.2829e-35 0 2.55029e-35 0 5.01154e-35 0 9.47409e-35 0 1.72574e-34 0 3.0333e-34 0 5.28882e-34 0 9.14914e-34 0 1.49226e-33 0 2.41891e-33 0 3.89723e-33 0 6.08975e-33 0 9.23799e-33 0 1.42896e-32 0 2.09681e-32 0 3.13781e-32 0 4.56725e-32 0 6.47119e-32 0 9.35007e-32 0 1.3158e-31 0 1.84573e-31 0 2.52407e-31 0 3.44232e-31 0 4.68199e-31 0 6.3512e-31 0 8.41009e-31 0 1.11116e-30 0 1.46484e-30 0 1.92689e-30 0 2.47704e-30 0 3.24495e-30 0 4.15574e-30 0 5.31272e-30 0 6.77988e-30 0 8.46521e-30 0 1.07672e-29 0 1.34033e-29 0 1.66611e-29 0 2.06817e-29 0 2.56368e-29 0
5.81015 8.70121e-12 8.67966e-12 2.1544e-14 0.00247598 0.00314898 0 0 0 0 0 0 0 0 0 0 0 0 0 0 0 0 0 0 0 0 0 0 0 0 2.24208e-44 0 6.72623e-43 0 1.1031e-41 0 1.12968e-40 0 8.57199e-40 0 5.06589e-39 0 2.43087e-38 0 9.97893e-38 0 3.54833e-37 0 1.14057e-36 0 3.33675e-36 0 8.93812e-36 0 2.20395e-35 0 5.17481e-35 0 1.15984e-34 0 2.48713e-34 0 5.11337e-34 0 9.82959e-34 0 1.86893e-33 0 3.42496e-33 0 6.05867e-33 0 1.036e-32 0 1.75798e-32 0 2.96084e-32 0 4.71527e-32 0 7.46516e-32 0 1.17506e-31 0 1.79656e-31 0 2.67044e-31 0 4.04367e-31 0 5.82349e-31 0 8.54484e-31 0 1.22116e-30 0 1.70104e-30 0 2.41402e-30 0 3.34096e-30 0 4.6097e-30 0 6.20827e-30 0 8.33951e-30 0 1.11737e-29 0 1.49334e-29 0 1.95051e-29 0 2.54224e-29 0 3.30653e-29 0 4.29166e-29 0 5.44974e-29 0 7.04571e-29 0 8.91497e-29 0 1.12611e-28 0 1.42009e-28 0 1.75398e-28 0 2.20489e-28 0 2.71551e-28 0 3.33988e-28 0 4.10233e-28 0 5.03216e-28 0
6.10839 8.31174e-12 8.29401e-12 1.77356e-14 0.0021338 0.00285872 0 0 0 0 0 0 0 0 0 0 0 0 0 0 0 0 0 0 0 0 0 0 3.78351e-44 0 2.33316e-42 0 5.85981e-41 0 8.38132e-40 0 7.66204e-39 0 5.2662e-38 0 2.85364e-37 0 1.26839e-36 0 4.85992e-36 0 1.62431e-35 0 4.93182e-35 0 1.36914e-34 0 3.49525e-34 0 8.24704e-34 0 1.85734e-33 0 4.00204e-33 0 8.26813e-33 0 1.64109e-32 0 3.05565e-32 0 5.63037e-32 0 1.00174e-31 0 1.72339e-31 0 2.87071e-31 0 4.74714e-31 0 7.79433e-31 0 1.2134e-30 0 1.87843e-30 0 2.89199e-30 0 4.33087e-30 0 6.31411e-30 0 9.36928e-30 0 1.3255e-29 0 1.90884e-29 0 2.68082e-29 0 3.67436e-29 0 5.12609e-29 0 6.98275e-29 0 9.48423e-29 0 1.25889e-28 0 1.66686e-28 0 2.20168e-28 0 2.9011e-28 0 3.74017e-28 0 4.81217e-28 0 6.17906e-28 0 7.91856e-28 0 9.93874e-28 0 1.26892e-27 0 1.58723e-27 0 1.9822e-27 0 2.47151e-27 0 3.0213e-27 0 3.75583e-27 0 4.57883e-27 0 5.575e-27 0 6.77928e-27 0 8.23335e-27 0
6.42193 8.06435e-12 8.04962e-12 1.47362e-14 0.00182733 0.00260159 0 0 0 0 0 0 0 0 0 0 0 0 0 0 0 0 0 0 0 0 1.96182e-44 0 3.84376e-42 0 1.91445e-40 0 4.10842e-39 0 5.16045e-38 0 4.23446e-37 0 2.64897e-36 0 1.32174e-35 0 5.46221e-35 0 1.96003e-34 0 6.17616e-34 0 1.77626e-33 0 4.69134e-33 0 1.14407e-32 0 2.58863e-32 0 5.60337e-32 0 1.16295e-31 0 2.31901e-31 0 4.45135e-31 0 8.04047e-31 0 1.43799e-30 0 2.48747e-30 0 4.16754e-30 0 6.7712e-30 0 1.09256e-29 0 1.75096e-29 0 2.66757e-29 0 4.04241e-29 0 6.09387e-29 0 8.94764e-29 0 1.28071e-28 0 1.86414e-28 0 2.59295e-28 0 3.66819e-28 0 5.06697e-28 0 6.83875e-28 0 9.38688e-28 0 1.25953e-27 0 1.68535e-27 0 2.20633e-27 0 2.88158e-27 0 3.75478e-27 0 4.8814e-27 0 6.21564e-27 0 7.89936e-27 0 1.00201e-26 0 1.26863e-26 0 1.57472e-26 0 1.98667e-26 0 2.45802e-26 0 3.03655e-26 0 3.74557e-26 0 4.53409e-26 0 5.57684e-26 0 6.73341e-26 0 8.11992e-26 0 9.78011e-26 0 1.17656e-25 0
6.75157 7.64094e-12 7.62871e-12 1.2233e-14 0.00160097 0.00238687 0 0 0 0 0 0 0 0 0 0 0 0 0 0 0 0 0 0 1.4013e-45 0 2.00526e-42 0 2.96543e-40 0 1.22025e-38 0 2.25458e-37 0 2.50276e-36 0 1.8531e-35 0 1.05999e-34 0 4.88977e-34 0 1.88549e-33 0 6.35661e-33 0 1.89384e-32 0 5.17288e-32 0 1.30295e-31 0 3.04217e-31 0 6.61435e-31 0 1.37877e-30 0 2.76134e-30 0 5.32386e-30 0 9.89896e-30 0 1.73717e-29 0 3.01987e-29 0 5.08593e-29 0 8.30904e-29 0 1.31839e-28 0 2.07816e-28 0 3.2547e-28 0 4.85761e-28 0 7.21329e-28 0 1.06582e-27 0 1.53587e-27 0 2.16019e-27 0 3.08716e-27 0 4.22552e-27 0 5.87734e-27 0 7.99149e-27 0 1.06291e-26 0 1.43657e-26 0 1.90011e-26 0 2.50661e-26 0 3.23858e-26 0 4.17497e-26 0 5.37025e-26 0 6.89272e-26 0 8.67378e-26 0 1.08951e-25 0 1.36606e-25 0 1.70974e-25 0 2.09998e-25 0 2.61945e-25 0 3.20742e-25 0 3.92165e-25 0 4.78803e-25 0 5.74219e-25 0 6.99176e-25 0 8.36444e-25 0 9.99502e-25 0 1.19297e-24 0 1.42228e-24 0
7.09813 7.2986e-12 7.28851e-12 1.00899e-14 0.00138244 0.00217 0 0 0 0 0 0 0 0 0 0 0 0 0 0 0 0 0 0 1.21913e-43 0 1.58602e-40 0 1.83772e-38 0 6.307e-37 0 1.01064e-35 0 9.97499e-35 0 6.69794e-34 0 3.51855e-33 0 1.50637e-32 0 5.43813e-32 0 1.72776e-31 0 4.88037e-31 0 1.26921e-30 0 3.05593e-30 0 6.84571e-30 0 1.43302e-29 0 2.88192e-29 0 5.57937e-29 0 1.04177e-28 0 1.87924e-28 0 3.20856e-28 0 5.42914e-28 0 8.91375e-28 0 1.42178e-27 0 2.20566e-27 0 3.40034e-27 0 5.21005e-27 0 7.6254e-27 0 1.11068e-26 0 1.61013e-26 0 2.27922e-26 0 3.15276e-26 0 4.42779e-26 0 5.96831e-26 0 8.16877e-26 0 1.09418e-25 0 1.43519e-25 0 1.9114e-25 0 2.49387e-25 0 3.24569e-25 0 4.14136e-25 0 5.27299e-25 0 6.69976e-25 0 8.49499e-25 0 1.05708e-24 0 1.31309e-24 0 1.62831e-24 0 2.01577e-24 0 2.45112e-24 0 3.02464e-24 0 3.66711e-24 0 4.43992e-24 0 5.36822e-24 0 6.38114e-24 0 7.69542e-24 0 9.12603e-24 0 1.08107e-23 0 1.27923e-23 0 1.51207e-23 0
7.46248 6.95936e-12 6.95097e-12 8.38764e-15 0.00120523 0.00198821 0 0 0 0 0 0 0 0 0 0 0 0 0 0 0 0 0 0 1.08685e-41 0 9.97046e-39 0 9.16042e-37 0 2.64537e-35 0 3.70202e-34 0 3.26744e-33 0 1.99921e-32 0 9.68515e-32 0 3.86224e-31 0 1.30959e-30 0 3.93241e-30 0 1.05587e-29 0 2.62075e-29 0 6.0451e-29 0 1.3019e-28 0 2.62874e-28 0 5.10929e-28 0 9.57759e-28 0 1.73461e-27 0 3.04021e-27 0 5.05694e-27 0 8.33983e-27 0 1.33651e-26 0 2.08375e-26 0 3.16402e-26 0 4.77579e-26 0 7.16666e-26 0 1.02958e-25 0 1.47236e-25 0 2.0961e-25 0 2.91721e-25 0 3.97186e-25 0 5.48641e-25 0 7.28823e-25 0 9.82362e-25 0 1.2972e-24 0 1.67909e-24 0 2.20516e-24 0 2.84003e-24 0 3.64896e-24 0 4.60085e-24 0 5.78935e-24 0 7.27033e-24 0 9.11222e-24 0 1.12184e-23 0 1.37887e-23 0 1.69201e-23 0 2.0729e-23 0 2.49665e-23 0 3.04935e-23 0 3.66247e-23 0 4.39309e-23 0 5.26259e-23 0 6.20301e-23 0 7.41251e-23 0 8.71765e-23 0 1.02418e-22 0 1.202e-22 0 1.40924e-22 0
7.84553 6.61205e-12 6.60508e-12 6.97454e-15 0.00105482 0.001825 0 0 0 0 0 0 0 0 0 0 0 0 0 0 0 0 4.2039e-45 0 7.64777e-40 0 5.02843e-37 0 3.70494e-35 0 9.07907e-34 0 1.11698e-32 0 8.86414e-32 0 4.96453e-31 0 2.22675e-30 0 8.29992e-30 0 2.65143e-29 0 7.54547e-29 0 1.93061e-28 0 4.5839e-28 0 1.01506e-27 0 2.1057e-27 0 4.10834e-27 0 7.73018e-27 0 1.40527e-26 0 2.47236e-26 0 4.21615e-26 0 6.84086e-26 0 1.10096e-25 0 1.7242e-25 0 2.63053e-25 0 3.91365e-25 0 5.78971e-25 0 8.5177e-25 0 1.20222e-24 0 1.68948e-24 0 2.36407e-24 0 3.23748e-24 0 4.342e-24 0 5.90384e-24 0 7.73476e-24 0 1.02746e-23 0 1.33846e-23 0 1.71082e-23 0 2.21712e-23 0 2.82038e-23 0 3.57964e-23 0 4.46266e-23 0 5.5528e-23 0 6.89616e-23 0 8.54848e-23 0 1.04181e-22 0 1.26766e-22 0 1.54008e-22 0 1.86817e-22 0 2.22972e-22 0 2.69687e-22 0 3.21027e-22 0 3.81663e-22 0 4.53191e-22 0 5.29904e-22 0 6.27745e-22 0 7.32451e-22 0 8.53769e-22 0 9.94196e-22 0 1.15659e-21 0
8.24824 6.14487e-12 6.1391e-12 5.77638e-15 0.000940033 0.00168619 0 0 0 0 0 0 0 0 0 0 0 0 0 0 0 0 3.69943e-43 0 4.21409e-38 0 2.01846e-35 0 1.20558e-33 0 2.52714e-32 0 2.7505e-31 0 1.9728e-30 0 1.01576e-29 0 4.23411e-29 0 1.48002e-28 0 4.46731e-28 0 1.20803e-27 0 2.95233e-27 0 6.71999e-27 0 1.43142e-26 0 2.8655e-26 0 5.41127e-26 0 9.87231e-26 0 1.74308e-25 0 2.98325e-25 0 4.95651e-25 0 7.8543e-25 0 1.23503e-24 0 1.89227e-24 0 2.82801e-24 0 4.12663e-24 0 5.98918e-24 0 8.64662e-24 0 1.20006e-23 0 1.65865e-23 0 2.28318e-23 0 3.07906e-23 0 4.07078e-23 0 5.45264e-23 0 7.05003e-23 0 9.23612e-23 0 1.18774e-22 0 1.50008e-22 0 1.91957e-22 0 2.41334e-22 0 3.02759e-22 0 3.73401e-22 0 4.59685e-22 0 5.64886e-22 0 6.92928e-22 0 8.3636e-22 0 1.00797e-21 0 1.213e-21 0 1.4576e-21 0 1.72473e-21 0 2.06679e-21 0 2.43941e-21 0 2.87577e-21 0 3.3862e-21 0 3.92928e-21 0 4.61643e-21 0 5.34602e-21 0 6.18504e-21 0 7.149e-21 0 8.25551e-21 0
8.67162 5.73467e-12 5.72988e-12 4.79164e-15 0.000835557 0.00155772 0 0 0 0 0 0 0 0 0 0 0 0 0 0 0 0 2.92045e-41 0 1.8872e-36 0 6.6876e-34 0 3.27135e-32 0 5.91073e-31 0 5.72538e-30 0 3.72991e-29 0 1.7728e-28 0 6.89222e-28 0 2.26636e-27 0 6.48159e-27 0 1.66963e-26 0 3.90624e-26 0 8.54128e-26 0 1.75343e-25 0 3.39316e-25 0 6.21187e-25 0 1.10051e-24 0 1.88989e-24 0 3.15075e-24 0 5.10665e-24 0 7.91237e-24 0 1.21697e-23 0 1.82615e-23 0 2.67618e-23 0 3.83369e-23 0 5.46375e-23 0 7.74789e-23 0 1.05825e-22 0 1.43972e-22 0 1.95114e-22 0 2.59314e-22 0 3.38192e-22 0 4.46577e-22 0 5.70207e-22 0 7.37232e-22 0 9.3649e-22 0 1.16935e-21 0 1.47845e-21 0 1.83809e-21 0 2.28054e-21 0 2.784e-21 0 3.3927e-21 0 4.1274e-21 0 5.0127e-21 0 5.99498e-21 0 7.15955e-21 0 8.53831e-21 0 1.01684e-20 0 1.19335e-20 0 1.41745e-20 0 1.65951e-20 0 1.94071e-20 0 2.26702e-20 0 2.61157e-20 0 3.04423e-20 0 3.50018e-20 0 4.02079e-20 0 4.6147e-20 0 5.29164e-20 0
9.11674 5.28582e-12 5.28185e-12 3.9657e-15 0.000750253 0.00144472 0 0 0 0 0 0 0 0 0 0 0 0 0 0 1.12104e-44 0 1.81399e-39 0 6.82569e-35 0 1.81604e-32 0 7.34676e-31 0 1.1525e-29 0 9.9921e-29 0 5.94036e-28 0 2.61651e-27 0 9.51986e-27 0 2.95365e-26 0 8.02475e-26 0 1.97381e-25 0 4.43019e-25 0 9.3239e-25 0 1.84804e-24 0 3.46282e-24 0 6.15496e-24 0 1.0604e-23 0 1.77356e-23 0 2.88395e-23 0 4.5653e-23 0 6.92397e-23 0 1.0428e-22 0 1.53409e-22 0 2.20661e-22 0 3.10603e-22 0 4.35078e-22 0 6.06531e-22 0 8.15919e-22 0 1.09348e-21 0 1.46007e-21 0 1.91373e-21 0 2.4637e-21 0 3.20941e-21 0 4.04929e-21 0 5.17016e-21 0 6.49128e-21 0 8.01797e-21 0 1.00219e-20 0 1.23281e-20 0 1.51353e-20 0 1.82976e-20 0 2.2084e-20 0 2.66104e-20 0 3.2013e-20 0 3.79532e-20 0 4.49347e-20 0 5.31293e-20 0 6.27351e-20 0 7.30519e-20 0 8.60444e-20 0 9.99659e-20 0 1.16015e-19 0 1.34497e-19 0 1.53872e-19 0 1.78026e-19 0 2.033e-19 0 2.31962e-19 0 2.64441e-19 0 3.01212e-19 0
9.5847 4.81747e-12 4.8142e-12 3.26925e-15 0.000678625 0.00134171 0 0 0 0 0 0 0 0 0 0 0 0 1.82169e-44 0 9.96323e-43 0 8.96068e-38 0 2.01585e-33 0 4.08355e-31 0 1.37896e-29 0 1.89115e-28 0 1.47551e-27 0 8.04083e-27 0 3.29437e-26 0 1.12537e-25 0 3.30381e-25 0 8.54858e-25 0 2.01226e-24 0 4.34168e-24 0 8.81159e-24 0 1.68913e-23 0 3.06948e-23 0 5.30475e-23 0 8.89968e-23 0 1.4516e-22 0 2.30503e-22 0 3.56796e-22 0 5.30241e-22 0 7.82772e-22 0 1.13006e-21 0 1.59686e-21 0 2.21054e-21 0 3.04588e-21 0 4.17787e-21 0 5.53938e-21 0 7.31839e-21 0 9.63493e-21 0 1.24629e-20 0 1.58478e-20 0 2.03798e-20 0 2.54229e-20 0 3.20751e-20 0 3.98262e-20 0 4.86882e-20 0 6.01979e-20 0 7.3305e-20 0 8.91004e-20 0 1.06723e-19 0 1.2763e-19 0 1.52397e-19 0 1.8169e-19 0 2.13621e-19 0 2.5084e-19 0 2.94168e-19 0 3.44547e-19 0 3.98237e-19 0 4.6533e-19 0 5.36675e-19 0 6.18323e-19 0 7.11672e-19 0 8.08858e-19 0 9.29192e-19 0 1.05425e-18 0 1.19517e-18 0 1.35382e-18 0 1.5323e-18 0
10.0767 4.41255e-12 4.40986e-12 2.68659e-15 0.000608851 0.00123893 0 0 0 0 0 0 0 0 0 0 9.80909e-45 0 1.55124e-42 0 7.01616e-41 0 3.61611e-36 0 4.98736e-32 0 7.79534e-30 0 2.21676e-28 0 2.6753e-27 0 1.88811e-26 0 9.47184e-26 0 3.62245e-25 0 1.1654e-24 0 3.24608e-24 0 8.01827e-24 0 1.81017e-23 0 3.76172e-23 0 7.37522e-23 0 1.36957e-22 0 2.41725e-22 0 4.06744e-22 0 6.65364e-22 0 1.05964e-21 0 1.64507e-21 0 2.49265e-21 0 3.63342e-21 0 5.26281e-21 0 7.46274e-21 0 1.03689e-20 0 1.41276e-20 0 1.9164e-20 0 2.58838e-20 0 3.38495e-20 0 4.41165e-20 0 5.73064e-20 0 7.32007e-20 0 9.19964e-20 0 1.16861e-19 0 1.44213e-19 0 1.79895e-19 0 2.2102e-19 0 2.67563e-19 0 3.27405e-19 0 3.94875e-19 0 4.7541e-19 0 5.64444e-19 0 6.69149e-19 0 7.92106e-19 0 9.3629e-19 0 1.09217e-18 0 1.27244e-18 0 1.48067e-18 0 1.72092e-18 0 1.97507e-18 0 2.29034e-18 0 2.62316e-18 0 3.00142e-18 0 3.43091e-18 0 3.87514e-18 0 4.42161e-18 0 4.98588e-18 0 5.61779e-18 0 6.32491e-18 0 7.11562e-18 0
10.5939 4.11389e-12 4.11169e-12 2.20129e-15 0.000535087 0.00113139 0 0 0 0 0 0 0 0 0 0 8.28167e-43 0 1.07037e-40 0 4.01965e-39 0 1.21973e-34 0 1.05628e-30 0 1.2901e-28 0 3.11547e-27 0 3.3294e-26 0 2.13593e-25 0 9.9037e-25 0 3.5475e-24 0 1.078e-23 0 2.85616e-23 0 6.75039e-23 0 1.46454e-22 0 2.93669e-22 0 5.57149e-22 0 1.00382e-21 0 1.72325e-21 0 2.82691e-21 0 4.51456e-21 0 7.02822e-21 0 1.06794e-20 0 1.58567e-20 0 2.26921e-20 0 3.22791e-20 0 4.49984e-20 0 6.15258e-20 0 8.25722e-20 0 1.10354e-19 0 1.46877e-19 0 1.89579e-19 0 2.43906e-19 0 3.12807e-19 0 3.94819e-19 0 4.90691e-19 0 6.16074e-19 0 7.52507e-19 0 9.28619e-19 0 1.12949e-18 0 1.35465e-18 0 1.64136e-18 0 1.96158e-18 0 2.34034e-18 0 2.75545e-18 0 3.23956e-18 0 3.80338e-18 0 4.45914e-18 0 5.16256e-18 0 5.96999e-18 0 6.89574e-18 0 7.95598e-18 0 9.06974e-18 0 1.04417e-17 0 1.18801e-17 0 1.35041e-17 0 1.5336e-17 0 1.72191e-17 0 1.95211e-17 0 2.18837e-17 0 2.45139e-17 0 2.74403e-17 0 3.06937e-17 0
11.1377 3.87088e-12 3.86907e-12 1.80935e-15 0.000467427 0.00103285 0 0 0 0 0 0 0 0 5.60519e-44 0 5.85462e-41 0 5.96847e-39 0 1.87775e-37 0 3.44254e-33 0 1.91491e-29 0 1.84972e-27 0 3.82374e-26 0 3.63997e-25 0 2.13259e-24 0 9.17467e-24 0 3.08788e-23 0 8.88771e-23 0 2.24539e-22 0 5.08863e-22 0 1.06304e-21 0 2.06042e-21 0 3.78869e-21 0 6.63271e-21 0 1.10898e-20 0 1.7758e-20 0 2.77185e-20 0 4.22294e-20 0 6.28699e-20 0 9.15648e-20 0 1.28763e-19 0 1.80039e-19 0 2.46943e-19 0 3.32525e-19 0 4.39908e-19 0 5.79649e-19 0 7.608e-19 0 9.69827e-19 0 1.23249e-18 0 1.56158e-18 0 1.94871e-18 0 2.39634e-18 0 2.97542e-18 0 3.59902e-18 0 4.39594e-18 0 5.29597e-18 0 6.29556e-18 0 7.55686e-18 0 8.95292e-18 0 1.05899e-17 0 1.23693e-17 0 1.4428e-17 0 1.68069e-17 0 1.95522e-17 0 2.24752e-17 0 2.58066e-17 0 2.95993e-17 0 3.39127e-17 0 3.84136e-17 0 4.39214e-17 0 4.96578e-17 0 5.6094e-17 0 6.3309e-17 0 7.06817e-17 0 7.96418e-17 0 8.87838e-17 0 9.89055e-17 0 1.10104e-16 0 1.22487e-16 0
11.7094 3.6481e-12 3.64662e-12 1.48875e-15 0.000408089 0.000943564 0 0 0 0 0 0 0 0 4.41409e-42 0 3.31682e-39 0 2.69793e-37 0 7.17261e-36 0 8.14273e-32 0 2.97291e-28 0 2.29734e-26 0 4.09623e-25 0 3.49313e-24 0 1.87731e-23 0 7.52109e-23 0 2.38571e-22 0 6.52124e-22 0 1.57464e-21 0 3.4288e-21 0 6.90986e-21 0 1.29671e-20 0 2.31452e-20 0 3.94266e-20 0 6.42868e-20 0 1.00602e-19 0 1.53654e-19 0 2.2933e-19 0 3.34851e-19 0 4.78812e-19 0 6.62215e-19 0 9.1089e-19 0 1.23026e-18 0 1.63273e-18 0 2.13068e-18 0 2.76995e-18 0 3.58766e-18 0 4.51948e-18 0 5.67669e-18 0 7.10979e-18 0 8.77698e-18 0 1.06847e-17 0 1.31272e-17 0 1.57316e-17 0 1.90283e-17 0 2.27166e-17 0 2.67773e-17 0 3.18567e-17 0 3.74309e-17 0 4.39135e-17 0 5.09044e-17 0 5.89322e-17 0 6.81393e-17 0 7.86862e-17 0 8.98364e-17 0 1.02459e-16 0 1.16733e-16 0 1.32858e-16 0 1.49578e-16 0 1.6991e-16 0 1.90953e-16 0 2.14423e-16 0 2.40577e-16 0 2.67153e-16 0 2.9927e-16 0 3.31858e-16 0 3.67747e-16 0 4.07248e-16 0 4.50696e-16 0
12.3105 3.46499e-12 3.46376e-12 1.22473e-15 0.000353459 0.000859104 0 0 0 0 0 0 1.4013e-45 0 2.81622e-40 0 1.53165e-37 0 1.00508e-35 0 2.27661e-34 0 1.63831e-30 0 4.00752e-27 0 2.5046e-25 0 3.87981e-24 0 2.97985e-23 0 1.47523e-22 0 5.52299e-22 0 1.6559e-21 0 4.30947e-21 0 9.96742e-21 0 2.0895e-20 0 4.06923e-20 0 7.40523e-20 0 1.28491e-19 0 2.13258e-19 0 3.39524e-19 0 5.19831e-19 0 7.77709e-19 0 1.13827e-18 0 1.63158e-18 0 2.29265e-18 0 3.12101e-18 0 4.2267e-18 0 5.62548e-18 0 7.36336e-18 0 9.48497e-18 0 1.21738e-17 0 1.55697e-17 0 1.93937e-17 0 2.40898e-17 0 2.98416e-17 0 3.64623e-17 0 4.39632e-17 0 5.3473e-17 0 6.35182e-17 0 7.61186e-17 0 9.00903e-17 0 1.05345e-16 0 1.2427e-16 0 1.44869e-16 0 1.68639e-16 0 1.9408e-16 0 2.23087e-16 0 2.56118e-16 0 2.9369e-16 0 3.33146e-16 0 3.77522e-16 0 4.27386e-16 0 4.83362e-16 0 5.41052e-16 0 6.10783e-16 0 6.82526e-16 0 7.62089e-16 0 8.50255e-16 0 9.39361e-16 0 1.04648e-15 0 1.15458e-15 0 1.27305e-15 0 1.40279e-15 0 1.54478e-15 0
12.9424 3.26262e-12 3.26161e-12 1.01044e-15 0.000309703 0.000787706 0 0 0 0 0 0 1.70958e-43 0 1.43294e-38 0 5.73011e-36 0 3.0654e-34 0 5.96233e-33 0 2.78101e-29 0 4.64776e-26 0 2.37369e-24 0 3.21657e-23 0 2.23639e-22 0 1.02399e-21 0 3.59435e-21 0 1.0214e-20 0 2.53692e-20 0 5.6323e-20 0 1.13881e-19 0 2.14678e-19 0 3.79418e-19 0 6.40864e-19 0 1.03766e-18 0 1.61496e-18 0 2.4217e-18 0 3.5525e-18 0 5.10368e-18 0 7.18808e-18 0 9.93414e-18 0 1.33213e-17 0 1.77756e-17 0 2.33302e-17 0 3.01389e-17 0 3.83459e-17 0 4.86202e-17 0 6.14404e-17 0 7.57143e-17 0 9.30579e-17 0 1.14078e-16 0 1.3803e-16 0 1.64912e-16 0 1.98676e-16 0 2.34023e-16 0 2.77981e-16 0 3.26309e-16 0 3.78658e-16 0 4.43094e-16 0 5.12688e-16 0 5.92398e-16 0 6.77109e-16 0 7.73032e-16 0 8.81529e-16 0 1.00411e-15 0 1.13202e-15 0 1.275e-15 0 1.43469e-15 0 1.61288e-15 0 1.79547e-15 0 2.0149e-15 0 2.2394e-15 0 2.48703e-15 0 2.75996e-15 0 3.0344e-15 0 3.36263e-15 0 3.69225e-15 0 4.05173e-15 0 4.44354e-15 0 4.87035e-15 0
13.6067 3.07945e-12 3.07862e-12 8.34367e-16 0.000270946 0.000722332 0 0 0 0 0 0 1.22978e-41 0 5.94187e-37 0 1.77346e-34 0 7.812e-33 0 1.3145e-31 0 4.05903e-28 0 4.72173e-25 0 1.99013e-23 0 2.37456e-22 0 1.50183e-21 0 6.38423e-21 0 2.1077e-20 0 5.69166e-20 0 1.35225e-19 0 2.88752e-19 0 5.64108e-19 0 1.03099e-18 0 1.77219e-18 0 2.91772e-18 0 4.6144e-18 0 7.02815e-18 0 1.03326e-17 0 1.48764e-17 0 2.09973e-17 0 2.90825e-17 0 3.9563e-17 0 5.22981e-17 0 6.8809e-17 0 8.91199e-17 0 1.13698e-16 0 1.42968e-16 0 1.79185e-16 0 2.2386e-16 0 2.73069e-16 0 3.32257e-16 0 4.03277e-16 0 4.83432e-16 0 5.72586e-16 0 6.83572e-16 0 7.98776e-16 0 9.40872e-16 0 1.09584e-15 0 1.26244e-15 0 1.46597e-15 0 1.68419e-15 0 1.93235e-15 0 2.19431e-15 0 2.48901e-15 0 2.82021e-15 0 3.19203e-15 0 3.57763e-15 0 4.00618e-15 0 4.48204e-15 0 5.00998e-15 0 5.54802e-15 0 6.19113e-15 0 6.84555e-15 0 7.56367e-15 0 8.35116e-15 0 9.13917e-15 0 1.00771e-14 0 1.10145e-14 0 1.20322e-14 0 1.31364e-14 0 1.43338e-14 0
14.3051 2.85119e-12 2.8505e-12 6.88088e-16 0.000241334 0.000667136 0 0 0 0 0 0 6.95595e-40 0 1.98493e-35 0 4.48548e-33 0 1.64243e-31 0 2.40783e-30 0 5.02237e-27 0 4.13913e-24 0 1.45332e-22 0 1.53636e-21 0 8.88018e-21 0 3.51742e-20 0 1.09546e-19 0 2.81816e-19 0 6.41853e-19 0 1.32074e-18 0 2.4972e-18 0 4.43159e-18 0 7.41872e-18 0 1.19204e-17 0 1.8435e-17 0 2.75073e-17 0 3.96866e-17 0 5.61311e-17 0 7.79046e-17 0 1.062e-16 0 1.42316e-16 0 1.85581e-16 0 2.40922e-16 0 3.08121e-16 0 3.88451e-16 0 4.83018e-16 0 5.98742e-16 0 7.39936e-16 0 8.93872e-16 0 1.07725e-15 0 1.29521e-15 0 1.53896e-15 0 1.80777e-15 0 2.13959e-15 0 2.48124e-15 0 2.89937e-15 0 3.35186e-15 0 3.83485e-15 0 4.42075e-15 0 5.04449e-15 0 5.74908e-15 0 6.48805e-15 0 7.31428e-15 0 8.23715e-15 0 9.26694e-15 0 1.03287e-14 0 1.15023e-14 0 1.27982e-14 0 1.42281e-14 0 1.56778e-14 0 1.74017e-14 0 1.9147e-14 0 2.10528e-14 0 2.31325e-14 0 2.52041e-14 0 2.76585e-14 0 3.01004e-14 0 3.27399e-14 0 3.55915e-14 0 3.86708e-14 0
15.0394 2.66857e-12 2.66801e-12 5.65898e-16 0.00021206 0.000611349 0 0 0 0 0 0 3.21418e-38 0 5.55814e-34 0 9.63959e-32 0 2.96067e-30 0 3.8071e-29 0 5.46786e-26 0 3.24673e-23 0 9.58173e-22 0 9.02763e-21 0 4.78962e-20 0 1.77385e-19 0 5.2264e-19 0 1.28391e-18 0 2.80899e-18 0 5.57997e-18 0 1.02273e-17 0 1.76484e-17 0 2.88104e-17 0 4.5233e-17 0 6.84798e-17 0 1.00203e-16 0 1.42006e-16 0 1.97476e-16 0 2.69726e-16 0 3.62172e-16 0 4.78452e-16 0 6.1587e-16 0 7.894e-16 0 9.9753e-16 0 1.24345e-15 0 1.5298e-15 0 1.87654e-15 0 2.29521e-15 0 2.74724e-15 0 3.28081e-15 0 3.90928e-15 0 4.60604e-15 0 5.36823e-15 0 6.3015e-15 0 7.25507e-15 0 8.41343e-15 0 9.65786e-15 0 1.09771e-14 0 1.25667e-14 0 1.42477e-14 0 1.61344e-14 0 1.81011e-14 0 2.02871e-14 0 2.27147e-14 0 2.54079e-14 0 2.81695e-14 0 3.12056e-14 0 3.4541e-14 0 3.82021e-14 0 4.18957e-14 0 4.62662e-14 0 5.06693e-14 0 5.54551e-14 0 6.06538e-14 0 6.58094e-14 0 7.18911e-14 0 7.79155e-14 0 8.44009e-14 0 9.13788e-14 0 9.88832e-14 0
15.8114 2.49609e-12 2.49563e-12 4.65315e-16 0.000186417 0.000560257 0 0 0 0 0 0 1.21206e-36 0 1.30159e-32 0 1.75502e-30 0 4.56032e-29 0 5.17659e-28 0 5.21336e-25 0 2.26635e-22 0 5.66962e-21 0 4.78765e-20 0 2.34135e-19 0 8.13429e-19 0 2.27349e-18 0 5.34523e-18 0 1.1256e-17 0 2.16227e-17 0 3.84763e-17 0 6.465e-17 0 1.03043e-16 0 1.58256e-16 0 2.34787e-16 0 3.37227e-16 0 4.69843e-16 0 6.42939e-16 0 8.64903e-16 0 1.14475e-15 0 1.49187e-15 0 1.89682e-15 0 2.40199e-15 0 3.00081e-15 0 3.70056e-15 0 4.50692e-15 0 5.47357e-15 0 6.62926e-15 0 7.86551e-15 0 9.31212e-15 0 1.10014e-14 0 1.28588e-14 0 1.4875e-14 0 1.73249e-14 0 1.98099e-14 0 2.28072e-14 0 2.60049e-14 0 2.9373e-14 0 3.34051e-14 0 3.76421e-14 0 4.23688e-14 0 4.7267e-14 0 5.26813e-14 0 5.86605e-14 0 6.52577e-14 0 7.19871e-14 0 7.93484e-14 0 8.7395e-14 0 9.61841e-14 0 1.05009e-13 0 1.15403e-13 0 1.25826e-13 0 1.37106e-13 0 1.49304e-13 0 1.61351e-13 0 1.75503e-13 0 1.89464e-13 0 2.04435e-13 0 2.2048e-13 0 2.37669e-13 0
16.623 2.35245e-12 2.35207e-12 3.8231e-16 0.000162515 0.000511271 0 0 0 0 0 0 3.79809e-35 0 2.59244e-31 0 2.75124e-29 0 6.09776e-28 0 6.14762e-27 0 4.41732e-24 0 1.42745e-21 0 3.05155e-20 0 2.32193e-19 0 1.05084e-18 0 3.43545e-18 0 9.13194e-18 0 2.05925e-17 0 4.18153e-17 0 7.78072e-17 0 1.34612e-16 0 2.20523e-16 0 3.43575e-16 0 5.16731e-16 0 7.51994e-16 0 1.06117e-15 0 1.45473e-15 0 1.96042e-15 0 2.59931e-15 0 3.39357e-15 0 4.36577e-15 0 5.48613e-15 0 6.86758e-15 0 8.48693e-15 0 1.03594e-14 0 1.24959e-14 0 1.50328e-14 0 1.80373e-14 0 2.1223e-14 0 2.49201e-14 0 2.92021e-14 0 3.38734e-14 0 3.89069e-14 0 4.49788e-14 0 5.10947e-14 0 5.84223e-14 0 6.6188e-14 0 7.43174e-14 0 8.399e-14 0 9.40928e-14 0 1.05298e-13 0 1.16846e-13 0 1.29542e-13 0 1.4349e-13 0 1.58799e-13 0 1.74337e-13 0 1.91253e-13 0 2.09657e-13 0 2.29664e-13 0 2.49665e-13 0 2.73115e-13 0 2.96528e-13 0 3.21758e-13 0 3.4893e-13 0 3.75658e-13 0 4.06933e-13 0 4.37666e-13 0 4.70498e-13 0 5.05557e-13 0 5.42977e-13 0
17.4762 2.2199e-12 2.21958e-12 3.14992e-16 0.000141895 0.000468059 0 0 0 0 3.78351e-44 0 9.92084e-34 0 4.40041e-30 0 3.71882e-28 0 7.08512e-27 0 6.38098e-26 0 3.32565e-23 0 8.1051e-21 0 1.49205e-19 0 1.02821e-18 0 4.32272e-18 0 1.33379e-17 0 3.38016e-17 0 7.32557e-17 0 1.43697e-16 0 2.59397e-16 0 4.36923e-16 0 6.98731e-16 0 1.06531e-15 0 1.5706e-15 0 2.24418e-15 0 3.11405e-15 0 4.20373e-15 0 5.5831e-15 0 7.30136e-15 0 9.4091e-15 0 1.19567e-14 0 1.48584e-14 0 1.8397e-14 0 2.25012e-14 0 2.71996e-14 0 3.25102e-14 0 3.87589e-14 0 4.60936e-14 0 5.38056e-14 0 6.26851e-14 0 7.28897e-14 0 8.39393e-14 0 9.57625e-14 0 1.09926e-13 0 1.24098e-13 0 1.4097e-13 0 1.58738e-13 0 1.7723e-13 0 1.99104e-13 0 2.2182e-13 0 2.46876e-13 0 2.72561e-13 0 3.0066e-13 0 3.31373e-13 0 3.64917e-13 0 3.98801e-13 0 4.35523e-13 0 4.75295e-13 0 5.18341e-13 0 5.61188e-13 0 6.11215e-13 0 6.60952e-13 0 7.14335e-13 0 7.71599e-13 0 8.27716e-13 0 8.93132e-13 0 9.57175e-13 0 1.02535e-12 0 1.0979e-12 0 1.17506e-12 0
18.3733 2.09284e-12 2.09258e-12 2.58982e-16 0.000123747 0.000427585 0 0 0 0 2.67228e-42 0 2.17476e-32 0 6.40172e-29 0 4.3564e-27 0 7.18751e-26 0 5.81452e-25 0 2.23279e-22 0 4.16094e-20 0 6.64436e-19 0 4.167e-18 0 1.63323e-17 0 4.76964e-17 0 1.15509e-16 0 2.41058e-16 0 4.57553e-16 0 8.02481e-16 0 1.31771e-15 0 2.05953e-15 0 3.07603e-15 0 4.44989e-15 0 6.24849e-15 0 8.53289e-15 0 1.13513e-14 0 1.48685e-14 0 1.91914e-14 0 2.44271e-14 0 3.06799e-14 0 3.77232e-14 0 4.62226e-14 0 5.59812e-14 0 6.70469e-14 0 7.94427e-14 0 9.39025e-14 0 1.10732e-13 0 1.28286e-13 0 1.48346e-13 0 1.7123e-13 0 1.95833e-13 0 2.21984e-13 0 2.53107e-13 0 2.84051e-13 0 3.20668e-13 0 3.58998e-13 0 3.98667e-13 0 4.45334e-13 0 4.93532e-13 0 5.46417e-13 0 6.0036e-13 0 6.59087e-13 0 7.22972e-13 0 7.92417e-13 0 8.6225e-13 0 9.37607e-13 0 1.01887e-12 0 1.10645e-12 0 1.19328e-12 0 1.29425e-12 0 1.39423e-12 0 1.50113e-12 0 1.61538e-12 0 1.72693e-12 0 1.85651e-12 0 1.98291e-12 0 2.11703e-12 0 2.25925e-12 0 2.41003e-12 0
19.3164 1.99374e-12 1.99353e-12 2.13217e-16 0.000106943 0.000389525 0 0 0 0 1.52782e-40 0 4.08107e-31 0 8.13381e-28 0 4.50443e-26 0 6.48111e-25 0 4.7343e-24 0 1.3596e-21 0 1.96295e-19 0 2.73793e-18 0 1.56986e-17 0 5.75601e-17 0 1.59527e-16 0 3.70009e-16 0 7.44933e-16 0 1.3704e-15 0 2.33845e-15 0 3.74798e-15 0 5.73162e-15 0 8.39448e-15 0 1.19268e-14 0 1.64722e-14 0 2.21546e-14 0 2.90644e-14 0 3.75717e-14 0 4.78947e-14 0 6.02475e-14 0 7.48322e-14 0 9.10879e-14 0 1.10509e-13 0 1.32594e-13 0 1.57411e-13 0 1.84975e-13 0 2.16866e-13 0 2.53682e-13 0 2.91794e-13 0 3.35038e-13 0 3.84022e-13 0 4.3633e-13 0 4.91579e-13 0 5.5692e-13 0 6.21499e-13 0 6.97474e-13 0 7.76552e-13 0 8.57959e-13 0 9.53223e-13 0 1.0511e-12 0 1.15797e-12 0 1.26645e-12 0 1.38401e-12 0 1.51132e-12 0 1.64909e-12 0 1.78703e-12 0 1.93528e-12 0 2.0945e-12 0 2.2654e-12 0 2.43418e-12 0 2.62969e-12 0 2.82256e-12 0 3.02804e-12 0 3.24684e-12 0 3.45976e-12 0 3.70624e-12 0 3.94589e-12 0 4.19932e-12 0 4.46724e-12 0 4.75036e-12 0
20.3079 1.91934e-12 1.91917e-12 1.76243e-16 9.18244e-05 0.000354871 0 0 0 0 7.14044e-39 0 6.60965e-30 0 9.09083e-27 0 4.13839e-25 0 5.2276e-24 0 3.46533e-23 0 7.54889e-21 0 8.54959e-19 0 1.04853e-17 0 5.52063e-17 0 1.89976e-16 0 5.00954e-16 0 1.11516e-15 0 2.16972e-15 0 3.87444e-15 0 6.44106e-15 0 1.00884e-14 0 1.51111e-14 0 2.17231e-14 0 3.03392e-14 0 4.12464e-14 0 5.46783e-14 0 7.07873e-14 0 9.03672e-14 0 1.13839e-13 0 1.41604e-13 0 1.74032e-13 0 2.09814e-13 0 2.52158e-13 0 2.99872e-13 0 3.53028e-13 0 4.11591e-13 0 4.78818e-13 0 5.55833e-13 0 6.34985e-13 0 7.24186e-13 0 8.24554e-13 0 9.31045e-13 0 1.04285e-12 0 1.17429e-12 0 1.30345e-12 0 1.45458e-12 0 1.61103e-12 0 1.77127e-12 0 1.95785e-12 0 2.14861e-12 0 2.35589e-12 0 2.56536e-12 0 2.79137e-12 0 3.03507e-12 0 3.29766e-12 0 3.55952e-12 0 3.83984e-12 0 4.13974e-12 0 4.46041e-12 0 4.77593e-12 0 5.14011e-12 0 5.49808e-12 0 5.87813e-12 0 6.28144e-12 0 6.67264e-12 0 7.12403e-12 0 7.5615e-12 0 8.02274e-12 0 8.50886e-12 0 9.02102e-12 0
21.3503 1.7692e-12 1.76905e-12 1.45294e-16 8.21244e-05 0.000328881 0 0 0 0 2.61149e-37 0 8.82192e-29 0 8.52623e-26 0 3.22125e-24 0 3.59515e-23 0 2.17296e-22 0 3.63943e-20 0 3.27196e-18 0 3.5505e-17 0 1.72376e-16 0 5.58449e-16 0 1.4045e-15 0 3.00672e-15 0 5.66299e-15 0 9.83009e-15 0 1.59415e-14 0 2.44276e-14 0 3.58746e-14 0 5.06659e-14 0 6.96168e-14 0 9.3236e-14 0 1.21909e-13 0 1.55848e-13 0 1.96598e-13 0 2.44885e-13 0 3.01384e-13 0 3.66691e-13 0 4.38066e-13 0 5.21772e-13 0 6.15275e-13 0 7.18592e-13 0 8.31543e-13 0 9.60244e-13 0 1.10661e-12 0 1.256e-12 0 1.42327e-12 0 1.61029e-12 0 1.80751e-12 0 2.01338e-12 0 2.25405e-12 0 2.48927e-12 0 2.76304e-12 0 3.045e-12 0 3.3324e-12 0 3.66547e-12 0 4.00439e-12 0 4.371e-12 0 4.73988e-12 0 5.13625e-12 0 5.5619e-12 0 6.01867e-12 0 6.47241e-12 0 6.95632e-12 0 7.47215e-12 0 8.02168e-12 0 8.56051e-12 0 9.18028e-12 0 9.78738e-12 0 1.04298e-11 0 1.11094e-11 0 1.17665e-11 0 1.25224e-11 0 1.32528e-11 0 1.40206e-11 0 1.48275e-11 0 1.56751e-11 0
22.4463 1.65567e-12 1.65555e-12 1.19768e-16 7.23384e-05 0.000302692 0 0 0 0 8.00331e-36 0 1.03643e-27 0 7.16118e-25 0 2.26591e-23 0 2.24793e-22 0 1.24443e-21 0 1.62318e-19 0 1.17152e-17 0 1.13156e-16 0 5.08583e-16 0 1.55576e-15 0 3.74047e-15 0 7.71535e-15 0 1.40892e-14 0 2.38069e-14 0 3.7707e-14 0 5.65881e-14 0 8.15608e-14 0 1.13264e-13 0 1.53233e-13 0 2.02314e-13 0 2.61092e-13 0 3.29799e-13 0 4.11341e-13 0 5.06908e-13 0 6.17569e-13 0 7.4423e-13 0 8.81404e-13 0 1.0409e-12 0 1.21759e-12 0 1.41131e-12 0 1.62155e-12 0 1.85941e-12 0 2.12804e-12 0 2.40043e-12 0 2.70357e-12 0 3.04044e-12 0 3.39362e-12 0 3.76029e-12 0 4.18662e-12 0 4.60116e-12 0 5.08125e-12 0 5.57326e-12 0 6.07251e-12 0 6.64845e-12 0 7.23189e-12 0 7.86029e-12 0 8.48999e-12 0 9.16397e-12 0 9.88489e-12 0 1.06556e-11 0 1.14183e-11 0 1.22288e-11 0 1.30898e-11 0 1.40039e-11 0 1.48972e-11 0 1.59213e-11 0 1.69212e-11 0 1.79761e-11 0 1.90884e-11 0 2.01608e-11 0 2.13908e-11 0 2.25759e-11 0 2.38182e-11 0 2.51203e-11 0 2.64844e-11 0
23.5984 1.54475e-12 1.54465e-12 9.84921e-17 6.37592e-05 0.000278156 0 0 0 0 2.03729e-34 0 1.05986e-26 0 5.32184e-24 0 1.42256e-22 0 1.2617e-21 0 6.42478e-21 0 6.60654e-19 0 3.86922e-17 0 3.3455e-16 0 1.39727e-15 0 4.04718e-15 0 9.32254e-15 0 1.85615e-14 0 3.29134e-14 0 5.42086e-14 0 8.3953e-14 0 1.23518e-13 0 1.74879e-13 0 2.38992e-13 0 3.18592e-13 0 4.14971e-13 0 5.28904e-13 0 6.60511e-13 0 8.14982e-13 0 9.94134e-13 0 1.19954e-12 0 1.43245e-12 0 1.68252e-12 0 1.97091e-12 0 2.2879e-12 0 2.63286e-12 0 3.00462e-12 0 3.42242e-12 0 3.89112e-12 0 4.36347e-12 0 4.88606e-12 0 5.46345e-12 0 6.06545e-12 0 6.68723e-12 0 7.40647e-12 0 8.10238e-12 0 8.90454e-12 0 9.72279e-12 0 1.05495e-11 0 1.1499e-11 0 1.24569e-11 0 1.34843e-11 0 1.45099e-11 0 1.56034e-11 0 1.67688e-11 0 1.80101e-11 0 1.92342e-11 0 2.05307e-11 0 2.19033e-11 0 2.33558e-11 0 2.47707e-11 0 2.63878e-11 0 2.79617e-11 0 2.96172e-11 0 3.13579e-11 0 3.30313e-11 0 3.49454e-11 0 3.67844e-11 0 3.87073e-11 0 4.07173e-11 0 4.28177e-11 0
24.8097 1.45742e-12 1.45734e-12 8.10542e-17 5.56147e-05 0.000254482 0 0 0 0 4.40824e-33 0 9.63221e-26 0 3.57004e-23 0 8.1285e-22 0 6.48061e-21 0 3.04793e-20 0 2.49966e-18 0 1.20012e-16 0 9.3395e-16 0 3.63774e-15 0 1.00035e-14 0 2.21229e-14 0 4.25911e-14 0 7.34402e-14 0 1.18045e-13 0 1.78954e-13 0 2.58374e-13 0 3.59652e-13 0 4.84067e-13 0 6.363e-13 0 8.18165e-13 0 1.03052e-12 0 1.27306e-12 0 1.55474e-12 0 1.8782e-12 0 2.24559e-12 0 2.65847e-12 0 3.09814e-12 0 3.60125e-12 0 4.15011e-12 0 4.74322e-12 0 5.37817e-12 0 6.0872e-12 0 6.87762e-12 0 7.66947e-12 0 8.5407e-12 0 9.49804e-12 0 1.04909e-11 0 1.15114e-11 0 1.2686e-11 0 1.38173e-11 0 1.51154e-11 0 1.64337e-11 0 1.77601e-11 0 1.92774e-11 0 2.08017e-11 0 2.24305e-11 0 2.40502e-11 0 2.57712e-11 0 2.75988e-11 0 2.95385e-11 0 3.14451e-11 0 3.3458e-11 0 3.55823e-11 0 3.78231e-11 0 3.99994e-11 0 4.24793e-11 0 4.48859e-11 0 4.74101e-11 0 5.00566e-11 0 5.25943e-11 0 5.54892e-11 0 5.82632e-11 0 6.11566e-11 0 6.41735e-11 0 6.73184e-11 0
26.0832 1.37056e-12 1.3705e-12 6.67992e-17 4.87385e-05 0.000233715 0 0 0 0 8.05996e-32 0 7.71706e-25 0 2.14276e-22 0 4.18832e-21 0 3.01735e-20 0 1.31578e-19 0 8.70197e-18 0 3.45839e-16 0 2.4348e-15 0 8.87443e-15 0 2.32281e-14 0 4.94166e-14 0 9.21426e-14 0 1.54712e-13 0 2.42982e-13 0 3.60949e-13 0 5.11876e-13 0 7.01108e-13 0 9.30056e-13 0 1.20633e-12 0 1.5322e-12 0 1.90826e-12 0 2.33317e-12 0 2.82176e-12 0 3.37751e-12 0 4.00309e-12 0 4.70023e-12 0 5.4368e-12 0 6.27342e-12 0 7.17964e-12 0 8.15237e-12 0 9.18716e-12 0 1.03357e-11 0 1.16083e-11 0 1.28762e-11 0 1.42637e-11 0 1.57805e-11 0 1.73457e-11 0 1.89469e-11 0 2.07815e-11 0 2.25404e-11 0 2.45502e-11 0 2.65826e-11 0 2.86195e-11 0 3.09404e-11 0 3.32632e-11 0 3.57359e-11 0 3.81862e-11 0 4.07809e-11 0 4.35271e-11 0 4.6432e-11 0 4.92782e-11 0 5.22742e-11 0 5.54263e-11 0 5.87413e-11 0 6.19518e-11 0 6.55998e-11 0 6.913e-11 0 7.28228e-11 0 7.66843e-11 0 8.03776e-11 0 8.45802e-11 0 8.85972e-11 0 9.27772e-11 0 9.71254e-11 0 1.01647e-10 0
27.4221 1.28717e-12 1.28712e-12 5.49743e-17 4.27093e-05 0.000214411 0 0 3.92364e-44 0 1.25776e-30 0 5.49375e-24 0 1.15901e-21 0 1.95938e-20 0 1.28184e-19 0 5.20196e-19 0 2.80362e-17 0 9.30877e-16 0 5.95799e-15 0 2.0387e-14 0 5.09125e-14 0 1.04394e-13 0 1.88822e-13 0 3.09119e-13 0 4.74904e-13 0 6.91967e-13 0 9.64711e-13 0 1.30121e-12 0 1.70247e-12 0 2.18033e-12 0 2.73716e-12 0 3.37263e-12 0 4.08334e-12 0 4.89279e-12 0 5.80525e-12 0 6.82365e-12 0 7.94944e-12 0 9.13006e-12 0 1.04616e-11 0 1.18943e-11 0 1.34222e-11 0 1.50379e-11 0 1.68208e-11 0 1.87852e-11 0 2.07317e-11 0 2.28514e-11 0 2.51569e-11 0 2.75247e-11 0 2.99362e-11 0 3.2687e-11 0 3.53133e-11 0 3.83019e-11 0 4.1312e-11 0 4.43174e-11 0 4.77293e-11 0 5.11314e-11 0 5.47405e-11 0 5.83048e-11 0 6.2067e-11 0 6.60361e-11 0 7.02214e-11 0 7.43098e-11 0 7.86007e-11 0 8.31024e-11 0 8.78232e-11 0 9.23829e-11 0 9.75499e-11 0 1.02537e-10 0 1.0774e-10 0 1.13167e-10 0 1.18345e-10 0 1.24224e-10 0 1.29829e-10 0 1.35649e-10 0 1.41689e-10 0 1.47957e-10 0
28.8297 1.21345e-12 1.21341e-12 4.53051e-17 3.73357e-05 0.000196773 0 0 2.42705e-42 0 1.69671e-29 0 3.51299e-23 0 5.70712e-21 0 8.4041e-20 0 5.01625e-19 0 1.90113e-18 0 8.43378e-17 0 2.36008e-15 0 1.37966e-14 0 4.4457e-14 0 1.06171e-13 0 2.10199e-13 0 3.69353e-13 0 5.90287e-13 0 8.88051e-13 0 1.27039e-12 0 1.74262e-12 0 2.31637e-12 0 2.99116e-12 0 3.78475e-12 0 4.69886e-12 0 5.73104e-12 0 6.87426e-12 0 8.16456e-12 0 9.60663e-12 0 1.12031e-11 0 1.29545e-11 0 1.47782e-11 0 1.68214e-11 0 1.90054e-11 0 2.13207e-11 0 2.3755e-11 0 2.64265e-11 0 2.9354e-11 0 3.224e-11 0 3.53678e-11 0 3.87538e-11 0 4.22156e-11 0 4.57262e-11 0 4.97142e-11 0 5.35063e-11 0 5.78049e-11 0 6.21178e-11 0 6.64087e-11 0 7.12629e-11 0 7.60863e-11 0 8.1186e-11 0 8.62063e-11 0 9.14891e-11 0 9.70456e-11 0 1.02887e-10 0 1.08577e-10 0 1.14532e-10 0 1.20763e-10 0 1.27279e-10 0 1.33557e-10 0 1.40653e-10 0 1.47484e-10 0 1.54594e-10 0 1.61992e-10 0 1.69035e-10 0 1.77011e-10 0 1.846e-10 0 1.92462e-10 0 2.00606e-10 0 2.09037e-10 0
30.3095 1.13593e-12 1.1359e-12 3.73941e-17 3.29192e-05 0.000181619 0 0 1.19508e-40 0 1.97167e-28 0 2.00691e-22 0 2.54291e-20 0 3.28378e-19 0 1.79631e-18 0 6.37914e-18 0 2.35158e-16 0 5.59267e-15 0 2.99933e-14 0 9.12814e-14 0 2.08924e-13 0 4.00067e-13 0 6.83895e-13 0 1.06824e-12 0 1.57538e-12 0 2.21458e-12 0 2.99126e-12 0 3.92125e-12 0 5.00077e-12 0 6.25524e-12 0 7.68445e-12 0 9.28203e-12 0 1.10352e-11 0 1.29968e-11 0 1.51715e-11 0 1.75605e-11 0 2.01622e-11 0 2.28531e-11 0 2.58488e-11 0 2.90314e-11 0 3.23858e-11 0 3.58935e-11 0 3.97227e-11 0 4.38974e-11 0 4.79931e-11 0 5.24116e-11 0 5.71736e-11 0 6.20212e-11 0 6.69174e-11 0 7.24571e-11 0 7.77046e-11 0 8.36311e-11 0 8.95558e-11 0 9.54303e-11 0 1.02054e-10 0 1.08613e-10 0 1.15527e-10 0 1.22312e-10 0 1.29431e-10 0 1.36897e-10 0 1.44724e-10 0 1.52326e-10 0 1.60263e-10 0 1.68545e-10 0 1.77184e-10 0 1.85487e-10 0 1.94848e-10 0 2.03839e-10 0 2.13175e-10 0 2.22868e-10 0 2.32074e-10 0 2.42479e-10 0 2.52357e-10 0 2.6257e-10 0 2.73126e-10 0 2.84035e-10 0
31.8653 1.04952e-12 1.04949e-12 3.08538e-17 2.9398e-05 0.000168743 0 0 4.72847e-39 0 1.9754e-27 0 1.02336e-21 0 1.02368e-19 0 1.1667e-18 0 5.87401e-18 0 1.96085e-17 0 6.06113e-16 0 1.23486e-14 0 6.10115e-14 0 1.75861e-13 0 3.86562e-13 0 7.17113e-13 0 1.1942e-12 0 1.82515e-12 0 2.64105e-12 0 3.65142e-12 0 4.86016e-12 0 6.28754e-12 0 7.92385e-12 0 9.80387e-12 0 1.19235e-11 0 1.42701e-11 0 1.68227e-11 0 1.96556e-11 0 2.27716e-11 0 2.61699e-11 0 2.98452e-11 0 3.36222e-11 0 3.78014e-11 0 4.22157e-11 0 4.68427e-11 0 5.16562e-11 0 5.68849e-11 0 6.25573e-11 0 6.80967e-11 0 7.40471e-11 0 8.04326e-11 0 8.69062e-11 0 9.34197e-11 0 1.00761e-10 0 1.0769e-10 0 1.15489e-10 0 1.23258e-10 0 1.30936e-10 0 1.39566e-10 0 1.48086e-10 0 1.57038e-10 0 1.65798e-10 0 1.74964e-10 0 1.84551e-10 0 1.94573e-10 0 2.04283e-10 0 2.14395e-10 0 2.2492e-10 0 2.35873e-10 0 2.46375e-10 0 2.58188e-10 0 2.69506e-10 0 2.81235e-10 0 2.93384e-10 0 3.04901e-10 0 3.17889e-10 0 3.30195e-10 0 3.42893e-10 0 3.55993e-10 0 3.69504e-10 0
33.5009 9.54755e-13 9.5473e-13 2.53349e-17 2.65355e-05 0.000156862 0 0 1.51473e-37 0 1.71351e-26 0 4.6694e-21 0 3.73029e-19 0 3.77523e-18 0 1.75649e-17 0 5.52833e-17 0 1.44528e-15 0 2.54157e-14 0 1.1615e-13 0 3.17931e-13 0 6.72482e-13 0 1.21045e-12 0 1.96617e-12 0 2.94341e-12 0 4.18304e-12 0 5.69257e-12 0 7.47196e-12 0 9.54562e-12 0 1.18947e-11 0 1.45647e-11 0 1.75451e-11 0 2.08148e-11 0 2.43417e-11 0 2.82255e-11 0 3.24661e-11 0 3.70585e-11 0 4.19927e-11 0 4.70326e-11 0 5.25771e-11 0 5.8401e-11 0 6.44739e-11 0 7.07604e-11 0 7.75568e-11 0 8.48957e-11 0 9.20311e-11 0 9.96645e-11 0 1.07823e-10 0 1.16062e-10 0 1.24321e-10 0 1.33596e-10 0 1.42321e-10 0 1.52107e-10 0 1.61824e-10 0 1.71398e-10 0 1.82126e-10 0 1.92686e-10 0 2.03749e-10 0 2.14546e-10 0 2.25813e-10 0 2.37567e-10 0 2.49822e-10 0 2.61667e-10 0 2.73971e-10 0 2.8675e-10 0 3.00017e-10 0 3.12708e-10 0 3.26953e-10 0 3.40573e-10 0 3.54656e-10 0 3.69214e-10 0 3.82986e-10 0 3.98489e-10 0 4.13148e-10 0 4.28247e-10 0 4.43794e-10 0 4.59801e-10 0
35.2205 8.8618e-13 8.86159e-13 2.0792e-17 2.34625e-05 0.000144241 0 0 4.11013e-36 0 1.34193e-25 0 1.98484e-20 0 1.28033e-18 0 1.15729e-17 0 4.9951e-17 0 1.48656e-16 0 3.31388e-15 0 5.06636e-14 0 2.14978e-13 0 5.60215e-13 0 1.1424e-12 0 1.99812e-12 0 3.16963e-12 0 4.65246e-12 0 6.49939e-12 0 8.71275e-12 0 1.12853e-11 0 1.42459e-11 0 1.75621e-11 0 2.12926e-11 0 2.54177e-11 0 2.9904e-11 0 3.47047e-11 0 3.99521e-11 0 4.56415e-11 0 5.17622e-11 0 5.82973e-11 0 6.49337e-11 0 7.21947e-11 0 7.97814e-11 0 8.76531e-11 0 9.57637e-11 0 1.04493e-10 0 1.13877e-10 0 1.22963e-10 0 1.32644e-10 0 1.42952e-10 0 1.53323e-10 0 1.63683e-10 0 1.75279e-10 0 1.8615e-10 0 1.98305e-10 0 2.10336e-10 0 2.22157e-10 0 2.35363e-10 0 2.48325e-10 0 2.61869e-10 0 2.75051e-10 0 2.88773e-10 0 3.03052e-10 0 3.17904e-10 0 3.32224e-10 0 3.47067e-10 0 3.62448e-10 0 3.78381e-10 0 3.9359e-10 0 4.10626e-10 0 4.2688e-10 0 4.43653e-10 0 4.60958e-10 0 4.77299e-10 0 4.95658e-10 0 5.12987e-10 0 5.30803e-10 0 5.49117e-10 0 5.67939e-10 0
37.0284 8.27506e-13 8.27489e-13 1.70586e-17 2.06144e-05 0.000132151 0 0 9.39975e-35 0 9.41153e-25 0 7.78461e-20 0 4.09713e-18 0 3.32599e-17 0 1.33664e-16 0 3.77161e-16 0 7.22537e-15 0 9.66926e-14 0 3.82336e-13 0 9.50816e-13 0 1.87262e-12 0 3.18712e-12 0 4.94314e-12 0 7.12098e-12 0 9.7868e-12 0 1.29333e-11 0 1.65418e-11 0 2.06452e-11 0 2.51922e-11 0 3.02577e-11 0 3.58087e-11 0 4.17959e-11 0 4.81544e-11 0 5.50557e-11 0 6.24884e-11 0 7.04344e-11 0 7.88677e-11 0 8.73847e-11 0 9.66546e-11 0 1.06292e-10 0 1.16244e-10 0 1.26453e-10 0 1.37393e-10 0 1.49104e-10 0 1.60398e-10 0 1.72389e-10 0 1.85107e-10 0 1.97859e-10 0 2.10556e-10 0 2.2472e-10 0 2.37956e-10 0 2.52713e-10 0 2.67276e-10 0 2.81543e-10 0 2.97441e-10 0 3.13001e-10 0 3.29217e-10 0 3.44962e-10 0 3.61313e-10 0 3.78286e-10 0 3.959e-10 0 4.12844e-10 0 4.3037e-10 0 4.48492e-10 0 4.67225e-10 0 4.85072e-10 0 5.05022e-10 0 5.24018e-10 0 5.43584e-10 0 5.63733e-10 0 5.82726e-10 0 6.04027e-10 0 6.24096e-10 0 6.44696e-10 0 6.65837e-10 0 6.87528e-10 0
38.9291 7.81184e-13 7.8117e-13 1.40197e-17 1.79468e-05 0.000120813 0 0 1.83648e-33 0 5.97396e-24 0 2.84278e-19 0 1.23296e-17 0 9.03624e-17 0 3.39302e-16 0 9.10129e-16 0 1.50948e-14 0 1.77975e-13 0 6.58052e-13 0 1.56529e-12 0 2.98248e-12 0 4.94595e-12 0 7.50841e-12 0 1.06254e-11 0 1.43781e-11 0 1.87439e-11 0 2.36872e-11 0 2.92451e-11 0 3.53412e-11 0 4.20693e-11 0 4.93794e-11 0 5.72023e-11 0 6.54505e-11 0 7.43428e-11 0 8.38594e-11 0 9.39721e-11 0 1.04644e-10 0 1.15366e-10 0 1.26978e-10 0 1.38992e-10 0 1.51343e-10 0 1.63959e-10 0 1.77424e-10 0 1.9178e-10 0 2.05573e-10 0 2.20164e-10 0 2.35587e-10 0 2.50999e-10 0 2.66296e-10 0 2.83308e-10 0 2.99159e-10 0 3.16778e-10 0 3.34118e-10 0 3.51062e-10 0 3.69892e-10 0 3.88275e-10 0 4.07385e-10 0 4.25896e-10 0 4.45076e-10 0 4.64941e-10 0 4.8551e-10 0 5.05255e-10 0 5.25636e-10 0 5.46668e-10 0 5.68365e-10 0 5.88997e-10 0 6.12016e-10 0 6.33894e-10 0 6.56387e-10 0 6.7951e-10 0 7.01268e-10 0 7.2563e-10 0 7.48545e-10 0 7.72028e-10 0 7.9609e-10 0 8.20739e-10 0
40.9273 7.33829e-13 7.33817e-13 1.1505e-17 1.56781e-05 0.000110444 4.2039e-45 0 3.04201e-32 0 3.39633e-23 0 9.55252e-19 0 3.44658e-17 0 2.29188e-16 0 8.06745e-16 0 2.0622e-15 0 2.98198e-14 0 3.11687e-13 0 1.08117e-12 0 2.46521e-12 0 4.55162e-12 0 7.36399e-12 0 1.09537e-11 0 1.52403e-11 0 2.03207e-11 0 2.61501e-11 0 3.26713e-11 0 3.99241e-11 0 4.78023e-11 0 5.64206e-11 0 6.57085e-11 0 7.55738e-11 0 8.59043e-11 0 9.69706e-11 0 1.08742e-10 0 1.2118e-10 0 1.34236e-10 0 1.47286e-10 0 1.61354e-10 0 1.75843e-10 0 1.90674e-10 0 2.05763e-10 0 2.21805e-10 0 2.38843e-10 0 2.55154e-10 0 2.72352e-10 0 2.9047e-10 0 3.08516e-10 0 3.26374e-10 0 3.46177e-10 0 3.64575e-10 0 3.84971e-10 0 4.04989e-10 0 4.245e-10 0 4.4613e-10 0 4.67195e-10 0 4.89042e-10 0 5.10155e-10 0 5.31985e-10 0 5.54546e-10 0 5.77857e-10 0 6.00189e-10 0 6.23196e-10 0 6.46892e-10 0 6.71292e-10 0 6.9445e-10 0 7.20242e-10 0 7.44711e-10 0 7.69826e-10 0 7.956e-10 0 8.19814e-10 0 8.46882e-10 0 8.72302e-10 0 8.98313e-10 0 9.24925e-10 0 9.52146e-10 0
43.0281 6.91954e-13 6.91945e-13 9.48418e-18 1.37064e-05 0.000101613 2.158e-43 0 4.34329e-31 0 1.75354e-22 0 2.99089e-18 0 9.05813e-17 0 5.49124e-16 0 1.81773e-15 0 4.43838e-15 0 5.63317e-14 0 5.25056e-13 0 1.71398e-12 0 3.75396e-12 0 6.72667e-12 0 1.06303e-11 0 1.55086e-11 0 2.12327e-11 0 2.79157e-11 0 3.54843e-11 0 4.38539e-11 0 5.30672e-11 0 6.29827e-11 0 7.37388e-11 0 8.52411e-11 0 9.73717e-11 0 1.09992e-10 0 1.23429e-10 0 1.37641e-10 0 1.52575e-10 0 1.68171e-10 0 1.83687e-10 0 2.00337e-10 0 2.17412e-10 0 2.3482e-10 0 2.52462e-10 0 2.71149e-10 0 2.90925e-10 0 3.09793e-10 0 3.29622e-10 0 3.50447e-10 0 3.71125e-10 0 3.91532e-10 0 4.14095e-10 0 4.35003e-10 0 4.5812e-10 0 4.80751e-10 0 5.02757e-10 0 5.27095e-10 0 5.50741e-10 0 5.75211e-10 0 5.98809e-10 0 6.23156e-10 0 6.4827e-10 0 6.74165e-10 0 6.98925e-10 0 7.24387e-10 0 7.50563e-10 0 7.77467e-10 0 8.02959e-10 0 8.31301e-10 0 8.58143e-10 0 8.85651e-10 0 9.13833e-10 0 9.4027e-10 0 9.69777e-10 0 9.97447e-10 0 1.02572e-09 0 1.0546e-09 0 1.08411e-09 0
45.2368 6.37227e-13 6.37219e-13 7.80063e-18 1.22415e-05 9.41927e-05 1.03836e-41 0 5.23942e-30 0 8.0389e-22 0 8.52046e-18 0 2.18465e-16 0 1.21283e-15 0 3.78686e-15 0 8.85208e-15 0 9.92419e-14 0 8.29498e-13 0 2.55582e-12 0 5.38753e-12 0 9.38281e-12 0 1.45002e-11 0 2.0768e-11 0 2.80004e-11 0 3.63252e-11 0 4.56361e-11 0 5.582e-11 0 6.69215e-11 0 7.87642e-11 0 9.15084e-11 0 1.05037e-10 0 1.19208e-10 0 1.33859e-10 0 1.49369e-10 0 1.65684e-10 0 1.8274e-10 0 2.00465e-10 0 2.1802e-10 0 2.36777e-10 0 2.55934e-10 0 2.7539e-10 0 2.95035e-10 0 3.15771e-10 0 3.3764e-10 0 3.58437e-10 0 3.80226e-10 0 4.03042e-10 0 4.25632e-10 0 4.47864e-10 0 4.72381e-10 0 4.9504e-10 0 5.20033e-10 0 5.44441e-10 0 5.68121e-10 0 5.94251e-10 0 6.19582e-10 0 6.4574e-10 0 6.70915e-10 0 6.96838e-10 0 7.23526e-10 0 7.50992e-10 0 7.77205e-10 0 8.04114e-10 0 8.31731e-10 0 8.60066e-10 0 8.86871e-10 0 9.16623e-10 0 9.44756e-10 0 9.73541e-10 0 1.00299e-09 0 1.03057e-09 0 1.06131e-09 0 1.0901e-09 0 1.11947e-09 0 1.14944e-09 0 1.18001e-09 0
47.5588 5.93703e-13 5.93696e-13 6.40089e-18 1.07813e-05 8.64485e-05 4.11552e-40 0 5.57124e-29 0 3.40561e-21 0 2.29579e-17 0 5.02413e-16 0 2.56529e-15 0 7.57655e-15 0 1.69915e-14 0 1.69291e-13 0 1.27565e-12 0 3.72038e-12 0 7.56196e-12 0 1.28178e-11 0 1.93922e-11 0 2.72916e-11 0 3.62631e-11 0 4.64503e-11 0 5.77101e-11 0 6.98977e-11 0 8.30602e-11 0 9.69844e-11 0 1.11855e-10 0 1.2753e-10 0 1.43844e-10 0 1.60613e-10 0 1.78266e-10 0 1.9674e-10 0 2.15958e-10 0 2.35837e-10 0 2.5544e-10 0 2.76302e-10 0 2.97526e-10 0 3.19001e-10 0 3.40611e-10 0 3.63344e-10 0 3.8724e-10 0 4.09895e-10 0 4.33564e-10 0 4.58275e-10 0 4.82676e-10 0 5.06628e-10 0 5.32975e-10 0 5.57266e-10 0 5.83997e-10 0 6.1004e-10 0 6.35254e-10 0 6.63016e-10 0 6.89874e-10 0 7.17552e-10 0 7.44137e-10 0 7.71464e-10 0 7.99543e-10 0 8.28389e-10 0 8.55872e-10 0 8.84038e-10 0 9.12896e-10 0 9.42457e-10 0 9.70377e-10 0 1.00132e-09 0 1.03053e-09 0 1.06038e-09 0 1.09087e-09 0 1.11939e-09 0 1.15113e-09 0 1.18081e-09 0 1.21106e-09 0 1.24188e-09 0 1.27328e-09 0
50 5.55352e-13 5.55347e-13 5.25602e-18 9.4643e-06 7.93092e-05 1.347e-38 0 5.21685e-28 0 1.32891e-20 0 5.82505e-17 0 1.09647e-15 0 5.17014e-15 0 1.44835e-14 0 3.12255e-14 0 2.78077e-13 0 1.89863e-12 0 5.25532e-12 0 1.03183e-11 0 1.7045e-11 0 2.52716e-11 0 3.49776e-11 0 4.58352e-11 0 5.80063e-11 0 7.13078e-11 0 8.55631e-11 0 1.00823e-10 0 1.16838e-10 0 1.33818e-10 0 1.51597e-10 0 1.69989e-10 0 1.88787e-10 0 2.08473e-10 0 2.28973e-10 0 2.502e-10 0 2.7206e-10 0 2.93528e-10 0 3.16288e-10 0 3.39356e-10 0 3.62615e-10 0 3.85944e-10 0 4.10408e-10 0 4.36043e-10 0 4.60276e-10 0 4.85523e-10 0 5.11811e-10 0 5.37701e-10 0 5.63053e-10 0 5.90872e-10 0 6.16462e-10 0 6.44559e-10 0 6.71874e-10 0 6.98263e-10 0 7.27263e-10 0 7.55261e-10 0 7.84058e-10 0 8.11668e-10 0 8.39998e-10 0 8.69058e-10 0 8.98859e-10 0 9.27205e-10 0 9.56209e-10 0 9.8588e-10 0 1.01623e-09 0 1.04485e-09 0 1.07652e-09 0 1.10638e-09 0 1.13684e-09 0 1.16792e-09 0 1.19695e-09 0 1.22921e-09 0 1.25935e-09 0 1.29002e-09 0 1.32123e-09 0 1.35299e-09 0
52.5665 5.21435e-13 5.2143e-13 4.31817e-18 8.28132e-06 7.27235e-05 3.67505e-37 0 4.32864e-27 0 4.7956e-20 0 1.39584e-16 0 2.27666e-15 0 9.95221e-15 0 2.65124e-14 0 5.50548e-14 0 4.4064e-13 0 2.73922e-12 0 7.21437e-12 0 1.37057e-11 0 2.20927e-11 0 3.21318e-11 0 4.37726e-11 0 5.66083e-11 0 7.08213e-11 0 8.61886e-11 0 1.02503e-10 0 1.19821e-10 0 1.37858e-10 0 1.56851e-10 0 1.76612e-10 0 1.96936e-10 0 2.17597e-10 0 2.39129e-10 0 2.61444e-10 0 2.84449e-10 0 3.0804e-10 0 3.3112e-10 0 3.55497e-10 0 3.80119e-10 0 4.04862e-10 0 4.29601e-10 0 4.55466e-10 0 4.82489e-10 0 5.07963e-10 0 5.34433e-10 0 5.61925e-10 0 5.88932e-10 0 6.15317e-10 0 6.44204e-10 0 6.70718e-10 0 6.99767e-10 0 7.27949e-10 0 7.55124e-10 0 7.84929e-10 0 8.1365e-10 0 8.43137e-10 0 8.71359e-10 0 9.00268e-10 0 9.29873e-10 0 9.60184e-10 0 9.8897e-10 0 1.01838e-09 0 1.04842e-09 0 1.0791e-09 0 1.10799e-09 0 1.13992e-09 0 1.16998e-09 0 1.20061e-09 0 1.23182e-09 0 1.26093e-09 0 1.29325e-09 0 1.3234e-09 0 1.35404e-09 0 1.3852e-09 0 1.41686e-09 0
55.2648 4.88636e-13 4.88632e-13 3.54887e-18 7.26282e-06 6.67951e-05 8.38601e-36 0 3.1837e-26 0 1.59766e-19 0 3.1503e-16 0 4.4835e-15 0 1.82373e-14 0 4.63141e-14 0 9.28036e-14 0 6.71046e-13 0 3.8155e-12 0 9.58495e-12 0 1.76476e-11 0 2.77916e-11 0 3.96878e-11 0 5.32563e-11 0 6.80141e-11 0 8.41658e-11 0 1.01452e-10 0 1.19639e-10 0 1.38791e-10 0 1.58596e-10 0 1.79313e-10 0 2.0074e-10 0 2.22654e-10 0 2.4482e-10 0 2.6781e-10 0 2.91532e-10 0 3.15883e-10 0 3.40756e-10 0 3.64999e-10 0 3.90517e-10 0 4.16204e-10 0 4.41937e-10 0 4.67589e-10 0 4.94332e-10 0 5.22194e-10 0 5.48388e-10 0 5.75541e-10 0 6.03671e-10 0 6.31241e-10 0 6.58118e-10 0 6.87478e-10 0 7.1437e-10 0 7.43774e-10 0 7.72245e-10 0 7.99647e-10 0 8.29647e-10 0 8.58503e-10 0 8.88077e-10 0 9.16337e-10 0 9.45238e-10 0 9.74789e-10 0 1.005e-09 0 1.03364e-09 0 1.06287e-09 0 1.09268e-09 0 1.12308e-09 0 1.15167e-09 0 1.18323e-09 0 1.2129e-09 0 1.24309e-09 0 1.27381e-09 0 1.30244e-09 0 1.33418e-09 0 1.36376e-09 0 1.39379e-09 0 1.42429e-09 0 1.45525e-09 0
58.1015 4.5697e-13 4.56967e-13 2.91437e-18 6.3776e-06 6.13086e-05 1.61422e-34 0 2.08755e-25 0 4.93219e-19 0 6.71489e-16 0 8.39454e-15 0 3.18852e-14 0 7.73715e-14 0 1.49863e-13 0 9.83861e-13 0 5.13904e-12 0 1.23421e-11 0 2.2057e-11 0 3.3974e-11 0 4.76802e-11 0 6.30695e-11 0 7.9591e-11 0 9.74734e-11 0 1.16427e-10 0 1.36199e-10 0 1.56862e-10 0 1.78083e-10 0 2.00145e-10 0 2.22831e-10 0 2.45913e-10 0 2.69146e-10 0 2.93137e-10 0 3.17785e-10 0 3.42987e-10 0 3.68631e-10 0 3.93539e-10 0 4.19669e-10 0 4.4589e-10 0 4.72078e-10 0 4.9811e-10 0 5.25176e-10 0 5.53299e-10 0 5.79673e-10 0 6.06947e-10 0 6.35138e-10 0 6.62705e-10 0 6.89523e-10 0 7.18759e-10 0 7.45484e-10 0 7.7465e-10 0 8.02837e-10 0 8.29919e-10 0 8.59516e-10 0 8.87937e-10 0 9.17018e-10 0 9.44761e-10 0 9.73092e-10 0 1.00202e-09 0 1.03154e-09 0 1.0595e-09 0 1.08798e-09 0 1.117e-09 0 1.14655e-09 0 1.17431e-09 0 1.20491e-09 0 1.23364e-09 0 1.26285e-09 0 1.29253e-09 0 1.32016e-09 0 1.35076e-09 0 1.37924e-09 0 1.40813e-09 0 1.43743e-09 0 1.46716e-09 0
61.0839 4.28295e-13 4.28292e-13 2.39498e-18 5.5919e-06 5.63108e-05 2.6539e-33 0 1.23222e-24 0 1.42206e-18 0 1.36114e-15 0 1.50419e-14 0 5.353e-14 0 1.24392e-13 0 2.33286e-13 0 1.3971e-12 0 6.73168e-12 0 1.54902e-11 0 2.69094e-11 0 4.05835e-11 0 5.6022e-11 0 7.30994e-11 0 9.12074e-11 0 1.10601e-10 0 1.30968e-10 0 1.52042e-10 0 1.73907e-10 0 1.96218e-10 0 2.19275e-10 0 2.42857e-10 0 2.66729e-10 0 2.90649e-10 0 3.15244e-10 0 3.40411e-10 0 3.66045e-10 0 3.92036e-10 0 4.17197e-10 0 4.43511e-10 0 4.69835e-10 0 4.96051e-10 0 5.22043e-10 0 5.48997e-10 0 5.76932e-10 0 6.03068e-10 0 6.30035e-10 0 6.57847e-10 0 6.84987e-10 0 7.11337e-10 0 7.40006e-10 0 7.66164e-10 0 7.9466e-10 0 8.2215e-10 0 8.48518e-10 0 8.77289e-10 0 9.04871e-10 0 9.33049e-10 0 9.59892e-10 0 9.87264e-10 0 1.01517e-09 0 1.04362e-09 0 1.07051e-09 0 1.09789e-09 0 1.12573e-09 0 1.15406e-09 0 1.18064e-09 0 1.2099e-09 0 1.23734e-09 0 1.2652e-09 0 1.29348e-09 0 1.31978e-09 0 1.34889e-09 0 1.37594e-09 0 1.40336e-09 0 1.43114e-09 0 1.45929e-09 0
64.2193 4.01762e-13 4.0176e-13 1.9663e-18 4.89419e-06 5.16128e-05 3.75086e-32 0 6.57337e-24 0 3.83737e-18 0 2.62709e-15 0 2.58186e-14 0 8.63595e-14 0 1.92586e-13 0 3.50258e-13 0 1.92209e-12 0 8.57694e-12 0 1.89496e-11 0 3.20436e-11 0 4.73674e-11 0 6.43664e-11 0 8.29047e-11 0 1.02332e-10 0 1.2293e-10 0 1.44373e-10 0 1.66391e-10 0 1.89078e-10 0 2.12085e-10 0 2.35729e-10 0 2.59786e-10 0 2.84024e-10 0 3.08206e-10 0 3.32968e-10 0 3.58211e-10 0 3.8383e-10 0 4.09716e-10 0 4.34697e-10 0 4.60744e-10 0 4.86728e-10 0 5.12535e-10 0 5.38056e-10 0 5.64458e-10 0 5.91755e-10 0 6.17236e-10 0 6.43472e-10 0 6.70473e-10 0 6.96769e-10 0 7.22252e-10 0 7.49926e-10 0 7.75131e-10 0 8.02543e-10 0 8.28942e-10 0 8.54224e-10 0 8.81766e-10 0 9.0813e-10 0 9.35025e-10 0 9.60608e-10 0 9.86662e-10 0 1.01319e-09 0 1.04019e-09 0 1.06569e-09 0 1.09161e-09 0 1.11795e-09 0 1.14471e-09 0 1.16979e-09 0 1.19736e-09 0 1.2232e-09 0 1.2494e-09 0 1.27598e-09 0 1.30066e-09 0 1.32795e-09 0 1.35329e-09 0 1.37895e-09 0 1.40492e-09 0 1.43122e-09 0
67.5157 3.74351e-13 3.74349e-13 1.61506e-18 4.31431e-06 4.75088e-05 4.55658e-31 0 3.16088e-23 0 9.64988e-18 0 4.80314e-15 0 4.22208e-14 0 1.33138e-13 0 2.85504e-13 0 5.04304e-13 0 2.54671e-12 0 1.0564e-11 0 2.2454e-11 0 3.70088e-11 0 5.36739e-11 0 7.18538e-11 0 9.14138e-11 0 1.11683e-10 0 1.32971e-10 0 1.54948e-10 0 1.77349e-10 0 2.00282e-10 0 2.23401e-10 0 2.47033e-10 0 2.70962e-10 0 2.94962e-10 0 3.18808e-10 0 3.43133e-10 0 3.6784e-10 0 3.9283e-10 0 4.17999e-10 0 4.42215e-10 0 4.67393e-10 0 4.92441e-10 0 5.17257e-10 0 5.41738e-10 0 5.67005e-10 0 5.9307e-10 0 6.17348e-10 0 6.42296e-10 0 6.67921e-10 0 6.92829e-10 0 7.16924e-10 0 7.43045e-10 0 7.66795e-10 0 7.92583e-10 0 8.17379e-10 0 8.4109e-10 0 8.66883e-10 0 8.91537e-10 0 9.16652e-10 0 9.40511e-10 0 9.64777e-10 0 9.89451e-10 0 1.01454e-09 0 1.0382e-09 0 1.06223e-09 0 1.08661e-09 0 1.11136e-09 0 1.13452e-09 0 1.15997e-09 0 1.18379e-09 0 1.20792e-09 0 1.23237e-09 0 1.25506e-09 0 1.28012e-09 0 1.30337e-09 0 1.32688e-09 0 1.35067e-09 0 1.37473e-09 0
70.9813 3.51794e-13 3.51793e-13 1.3255e-18 3.76784e-06 4.34695e-05 4.86508e-30 0 1.39772e-22 0 2.3033e-17 0 8.46595e-15 0 6.69248e-14 0 1.99531e-13 0 4.12235e-13 0 7.08209e-13 0 3.30456e-12 0 1.2788e-11 0 2.61993e-11 0 4.21422e-11 0 6.00212e-11 0 7.92169e-11 0 9.96064e-11 0 1.20512e-10 0 1.4227e-10 0 1.64555e-10 0 1.87113e-10 0 2.10063e-10 0 2.33072e-10 0 2.56473e-10 0 2.80058e-10 0 3.03612e-10 0 3.26923e-10 0 3.50617e-10 0 3.746e-10 0 3.98778e-10 0 4.23056e-10 0 4.46348e-10 0 4.70502e-10 0 4.94469e-10 0 5.18155e-10 0 5.4147e-10 0 5.6548e-10 0 5.90194e-10 0 6.13169e-10 0 6.36732e-10 0 6.60889e-10 0 6.84329e-10 0 7.06964e-10 0 7.31464e-10 0 7.53704e-10 0 7.77814e-10 0 8.00962e-10 0 8.23068e-10 0 8.4708e-10 0 8.7e-10 0 8.93318e-10 0 9.15442e-10 0 9.37916e-10 0 9.60742e-10 0 9.83921e-10 0 1.00576e-09 0 1.02791e-09 0 1.05037e-09 0 1.07313e-09 0 1.09442e-09 0 1.11779e-09 0 1.13963e-09 0 1.16175e-09 0 1.18413e-09 0 1.20488e-09 0 1.22778e-09 0 1.24901e-09 0 1.27046e-09 0 1.29215e-09 0 1.31406e-09 0
74.6248 3.32251e-13 3.3225e-13 1.08829e-18 3.2755e-06 3.97228e-05 4.58009e-29 0 5.68929e-22 0 5.21525e-17 0 1.43665e-14 0 1.02665e-13 0 2.90191e-13 0 5.78671e-13 0 9.68221e-13 0 4.19054e-12 0 1.51802e-11 0 3.0031e-11 0 4.7199e-11 0 6.60751e-11 0 8.60367e-11 0 1.06983e-10 0 1.28243e-10 0 1.5018e-10 0 1.72482e-10 0 1.94908e-10 0 2.1759e-10 0 2.4021e-10 0 2.63106e-10 0 2.8608e-10 0 3.08932e-10 0 3.31464e-10 0 3.54288e-10 0 3.77315e-10 0 4.00458e-10 0 4.23629e-10 0 4.45801e-10 0 4.68733e-10 0 4.91434e-10 0 5.13817e-10 0 5.35801e-10 0 5.58395e-10 0 5.81604e-10 0 6.03138e-10 0 6.25183e-10 0 6.47745e-10 0 6.696e-10 0 6.90671e-10 0 7.13441e-10 0 7.34081e-10 0 7.56424e-10 0 7.77844e-10 0 7.98273e-10 0 8.20434e-10 0 8.41561e-10 0 8.63027e-10 0 8.8337e-10 0 9.04012e-10 0 9.24952e-10 0 9.46194e-10 0 9.66187e-10 0 9.86442e-10 0 1.00696e-09 0 1.02774e-09 0 1.04715e-09 0 1.06843e-09 0 1.08831e-09 0 1.10842e-09 0 1.12875e-09 0 1.14759e-09 0 1.16836e-09 0 1.18759e-09 0 1.20702e-09 0 1.22664e-09 0 1.24645e-09 0
78.4553 3.134e-13 3.13399e-13 8.94009e-19 2.85261e-06 3.63741e-05 3.8023e-28 0 2.12748e-21 0 1.11637e-16 0 2.33749e-14 0 1.51748e-13 0 4.07709e-13 0 7.86076e-13 0 1.28261e-12 0 5.16807e-12 0 1.75816e-11 0 3.36438e-11 0 5.17252e-11 0 7.12354e-11 0 9.15727e-11 0 1.12667e-10 0 1.33874e-10 0 1.55579e-10 0 1.77487e-10 0 1.9938e-10 0 2.21401e-10 0 2.43251e-10 0 2.65268e-10 0 2.87267e-10 0 3.09067e-10 0 3.30486e-10 0 3.52111e-10 0 3.73863e-10 0 3.9566e-10 0 4.17425e-10 0 4.38197e-10 0 4.59631e-10 0 4.80799e-10 0 5.01627e-10 0 5.22041e-10 0 5.42981e-10 0 5.64449e-10 0 5.84332e-10 0 6.04653e-10 0 6.25416e-10 0 6.45494e-10 0 6.64825e-10 0 6.85683e-10 0 7.04563e-10 0 7.24973e-10 0 7.44514e-10 0 7.63127e-10 0 7.83294e-10 0 8.02495e-10 0 8.21982e-10 0 8.40429e-10 0 8.59127e-10 0 8.78076e-10 0 8.97276e-10 0 9.15331e-10 0 9.33603e-10 0 9.52094e-10 0 9.70803e-10 0 9.88267e-10 0 1.0074e-09 0 1.02525e-09 0 1.04329e-09 0 1.06152e-09 0 1.0784e-09 0 1.09698e-09 0 1.11419e-09 0 1.13155e-09 0 1.14907e-09 0 1.16675e-09 0
82.4824 2.97669e-13 2.97669e-13 7.34578e-19 2.46776e-06 3.32179e-05 2.82358e-27 0 7.39883e-21 0 2.2838e-16 0 3.68368e-14 0 2.18269e-13 0 5.58811e-13 0 1.04342e-12 0 1.6623e-12 0 6.25752e-12 0 2.00538e-11 0 3.71798e-11 0 5.59774e-11 0 7.59013e-11 0 9.63881e-11 0 1.17406e-10 0 1.38343e-10 0 1.59608e-10 0 1.80927e-10 0 2.02106e-10 0 2.23297e-10 0 2.44224e-10 0 2.6522e-10 0 2.86117e-10 0 3.06749e-10 0 3.26955e-10 0 3.47292e-10 0 3.67688e-10 0 3.88071e-10 0 4.08371e-10 0 4.27699e-10 0 4.47597e-10 0 4.67207e-10 0 4.86462e-10 0 5.05298e-10 0 5.24583e-10 0 5.4432e-10 0 5.62567e-10 0 5.81188e-10 0 6.00182e-10 0 6.18524e-10 0 6.36157e-10 0 6.55157e-10 0 6.72331e-10 0 6.90875e-10 0 7.08606e-10 0 7.25475e-10 0 7.43732e-10 0 7.61094e-10 0 7.78695e-10 0 7.9534e-10 0 8.12193e-10 0 8.29256e-10 0 8.46528e-10 0 8.62754e-10 0 8.79161e-10 0 8.95749e-10 0 9.12519e-10 0 9.28159e-10 0 9.45278e-10 0 9.61241e-10 0 9.77358e-10 0 9.9363e-10 0 1.00868e-09 0 1.02525e-09 0 1.04058e-09 0 1.05603e-09 0 1.07162e-09 0 1.08733e-09 0
86.7162 2.80406e-13 2.80405e-13 6.04538e-19 2.15594e-06 3.05556e-05 1.85805e-26 0 2.36619e-20 0 4.40911e-16 0 5.54868e-14 0 3.01421e-13 0 7.37079e-13 0 1.33496e-12 0 2.07896e-12 0 7.33576e-12 0 2.22115e-11 0 3.99609e-11 0 5.89797e-11 0 7.87989e-11 0 9.89155e-11 0 1.19339e-10 0 1.39511e-10 0 1.59848e-10 0 1.80108e-10 0 2.00123e-10 0 2.20048e-10 0 2.39638e-10 0 2.59212e-10 0 2.78622e-10 0 2.9772e-10 0 3.16365e-10 0 3.35077e-10 0 3.53792e-10 0 3.72446e-10 0 3.90979e-10 0 4.08585e-10 0 4.26672e-10 0 4.4446e-10 0 4.61892e-10 0 4.78915e-10 0 4.96314e-10 0 5.14088e-10 0 5.30496e-10 0 5.47214e-10 0 5.64242e-10 0 5.80662e-10 0 5.96426e-10 0 6.13391e-10 0 6.28706e-10 0 6.45222e-10 0 6.60996e-10 0 6.75986e-10 0 6.92191e-10 0 7.07586e-10 0 7.23177e-10 0 7.37905e-10 0 7.52805e-10 0 7.67875e-10 0 7.83116e-10 0 7.97421e-10 0 8.11874e-10 0 8.26474e-10 0 8.41221e-10 0 8.54965e-10 0 8.69995e-10 0 8.84e-10 0 8.9813e-10 0 9.12386e-10 0 9.25563e-10 0 9.40058e-10 0 9.53455e-10 0 9.66957e-10 0 9.80564e-10 0 9.94276e-10 0
91.1674 2.63286e-13 2.63285e-13 4.97342e-19 1.88898e-06 2.81403e-05 1.09491e-25 0 7.01943e-20 0 8.09299e-16 0 8.04314e-14 0 4.02278e-13 0 9.41691e-13 0 1.65681e-12 0 2.52499e-12 0 8.37801e-12 0 2.40341e-11 0 4.20226e-11 0 6.08618e-11 0 8.01802e-11 0 9.95491e-11 0 1.19021e-10 0 1.38095e-10 0 1.57194e-10 0 1.76106e-10 0 1.94689e-10 0 2.13103e-10 0 2.31131e-10 0 2.49076e-10 0 2.66807e-10 0 2.84197e-10 0 3.01124e-10 0 3.18066e-10 0 3.34966e-10 0 3.51771e-10 0 3.68428e-10 0 3.84218e-10 0 4.00408e-10 0 4.16299e-10 0 4.31844e-10 0 4.46999e-10 0 4.62462e-10 0 4.78235e-10 0 4.92772e-10 0 5.07563e-10 0 5.22608e-10 0 5.37096e-10 0 5.50989e-10 0 5.6592e-10 0 5.79384e-10 0 5.93887e-10 0 6.07723e-10 0 6.20858e-10 0 6.35044e-10 0 6.48506e-10 0 6.62126e-10 0 6.74981e-10 0 6.87974e-10 0 7.01103e-10 0 7.14371e-10 0 7.26813e-10 0 7.39374e-10 0 7.52053e-10 0 7.64849e-10 0 7.76766e-10 0 7.89789e-10 0 8.01915e-10 0 8.14141e-10 0 8.26466e-10 0 8.37852e-10 0 8.50369e-10 0 8.61929e-10 0 8.73574e-10 0 8.85301e-10 0 8.97112e-10 0
95.847 2.42736e-13 2.42735e-13 4.08659e-19 1.68356e-06 2.61006e-05 5.72155e-25 0 1.9095e-19 0 1.39448e-15 0 1.10717e-13 0 5.11897e-13 0 1.14956e-12 0 1.96753e-12 0 2.93751e-12 0 9.19298e-12 0 2.50531e-11 0 4.26317e-11 0 6.0646e-11 0 7.88388e-11 0 9.6868e-11 0 1.14824e-10 0 1.32279e-10 0 1.49642e-10 0 1.66738e-10 0 1.83453e-10 0 1.99941e-10 0 2.1602e-10 0 2.31967e-10 0 2.47672e-10 0 2.63028e-10 0 2.77934e-10 0 2.92814e-10 0 3.07622e-10 0 3.22313e-10 0 3.36842e-10 0 3.50588e-10 0 3.64656e-10 0 3.78438e-10 0 3.91899e-10 0 4.04999e-10 0 4.18346e-10 0 4.3194e-10 0 4.44451e-10 0 4.57164e-10 0 4.70079e-10 0 4.82499e-10 0 4.94395e-10 0 5.07166e-10 0 5.18669e-10 0 5.31047e-10 0 5.42843e-10 0 5.54031e-10 0 5.66101e-10 0 5.77545e-10 0 5.89113e-10 0 6.00022e-10 0 6.11038e-10 0 6.22162e-10 0 6.33393e-10 0 6.43917e-10 0 6.54533e-10 0 6.65242e-10 0 6.76042e-10 0 6.86093e-10 0 6.97069e-10 0 7.07282e-10 0 7.17572e-10 0 7.27939e-10 0 7.37511e-10 0 7.48027e-10 0 7.57733e-10 0 7.67505e-10 0 7.7734e-10 0 7.8724e-10 0
100.767 2.25283e-13 2.25283e-13 3.36085e-19 1.49183e-06 2.4185e-05 2.73178e-24 0 4.89977e-19 0 2.3176e-15 0 1.48622e-13 0 6.37662e-13 0 1.37655e-12 0 2.29504e-12 0 3.36014e-12 0 9.94676e-12 0 2.58173e-11 0 4.28147e-11 0 5.98781e-11 0 7.68631e-11 0 9.3511e-11 0 1.09946e-10 0 1.25806e-10 0 1.41485e-10 0 1.5684e-10 0 1.71782e-10 0 1.8646e-10 0 2.0072e-10 0 2.14815e-10 0 2.28653e-10 0 2.42145e-10 0 2.55207e-10 0 2.68215e-10 0 2.81131e-10 0 2.93916e-10 0 3.06536e-10 0 3.18452e-10 0 3.30626e-10 0 3.42533e-10 0 3.54143e-10 0 3.65426e-10 0 3.76904e-10 0 3.88578e-10 0 3.99309e-10 0 4.10199e-10 0 4.21247e-10 0 4.31861e-10 0 4.42015e-10 0 4.52905e-10 0 4.62703e-10 0 4.73236e-10 0 4.83265e-10 0 4.92767e-10 0 5.03009e-10 0 5.12712e-10 0 5.22512e-10 0 5.31745e-10 0 5.41062e-10 0 5.50463e-10 0 5.59947e-10 0 5.68828e-10 0 5.7778e-10 0 5.86804e-10 0 5.95899e-10 0 6.04358e-10 0 6.13589e-10 0 6.22173e-10 0 6.30817e-10 0 6.3952e-10 0 6.47551e-10 0 6.56369e-10 0 6.64504e-10 0 6.72688e-10 0 6.80923e-10 0 6.89206e-10 0
105.939 2.06687e-13 2.06686e-13 2.757e-19 1.3339e-06 2.24003e-05 1.17579e-23 0 1.16829e-18 0 3.65587e-15 0 1.91342e-13 0 7.64614e-13 0 1.58977e-12 0 2.58525e-12 0 3.71531e-12 0 1.04318e-11 0 2.58508e-11 0 4.18345e-11 0 5.75697e-11 0 7.30198e-11 0 8.80063e-11 0 1.02678e-10 0 1.1674e-10 0 1.30561e-10 0 1.44027e-10 0 1.57074e-10 0 1.69839e-10 0 1.82197e-10 0 1.94374e-10 0 2.06292e-10 0 2.17882e-10 0 2.29076e-10 0 2.40197e-10 0 2.51216e-10 0 2.62102e-10 0 2.72826e-10 0 2.82934e-10 0 2.93244e-10 0 3.03312e-10 0 3.13115e-10 0 3.22627e-10 0 3.32292e-10 0 3.42108e-10 0 3.5112e-10 0 3.60255e-10 0 3.69512e-10 0 3.78395e-10 0 3.86886e-10 0 3.95981e-10 0 4.04158e-10 0 4.12939e-10 0 4.21292e-10 0 4.29199e-10 0 4.37716e-10 0 4.45778e-10 0 4.53913e-10 0 4.61572e-10 0 4.69295e-10 0 4.77082e-10 0 4.84933e-10 0 4.92279e-10 0 4.9968e-10 0 5.07135e-10 0 5.14644e-10 0 5.21623e-10 0 5.29235e-10 0 5.3631e-10 0 5.43429e-10 0 5.50594e-10 0 5.57201e-10 0 5.64452e-10 0 5.71139e-10 0 5.77862e-10 0 5.84623e-10 0 5.91422e-10 0
111.377 1.93097e-13 1.93097e-13 2.26159e-19 1.17122e-06 2.05554e-05 4.7207e-23 0 2.67451e-18 0 5.64967e-15 0 2.43741e-13 0 9.10319e-13 0 1.82632e-12 0 2.90033e-12 0 4.09509e-12 0 1.09347e-11 0 2.59311e-11 0 4.10018e-11 0 5.55661e-11 0 6.96829e-11 0 8.32421e-11 0 9.64129e-11 0 1.08954e-10 0 1.21214e-10 0 1.33101e-10 0 1.44571e-10 0 1.55752e-10 0 1.6654e-10 0 1.77138e-10 0 1.87483e-10 0 1.97517e-10 0 2.07186e-10 0 2.16772e-10 0 2.26251e-10 0 2.35597e-10 0 2.44788e-10 0 2.53438e-10 0 2.62246e-10 0 2.70835e-10 0 2.79185e-10 0 2.87278e-10 0 2.9549e-10 0 3.0382e-10 0 3.11459e-10 0 3.19194e-10 0 3.27024e-10 0 3.3453e-10 0 3.41698e-10 0 3.49369e-10 0 3.56258e-10 0 3.63651e-10 0 3.70677e-10 0 3.77323e-10 0 3.84476e-10 0 3.91241e-10 0 3.98063e-10 0 4.04481e-10 0 4.10949e-10 0 4.17465e-10 0 4.24031e-10 0 4.30171e-10 0 4.36352e-10 0 4.42576e-10 0 4.4884e-10 0 4.54659e-10 0 4.61003e-10 0 4.66895e-10 0 4.72822e-10 0 4.78783e-10 0 4.84278e-10 0 4.90305e-10 0 4.9586e-10 0 5.01443e-10 0 5.07055e-10 0 5.12695e-10 0
117.094 1.8045e-13 1.8045e-13 1.85404e-19 1.02745e-06 1.88357e-05 1.74415e-22 0 5.79093e-18 0 8.41779e-15 0 3.02193e-13 0 1.05834e-12 0 2.05238e-12 0 3.18669e-12 0 4.42445e-12 0 1.12635e-11 0 2.56183e-11 0 3.96256e-11 0 5.29274e-11 0 6.56639e-11 0 7.77847e-11 0 8.94714e-11 0 1.00532e-10 0 1.11288e-10 0 1.21672e-10 0 1.31651e-10 0 1.41346e-10 0 1.50671e-10 0 1.59805e-10 0 1.68699e-10 0 1.77306e-10 0 1.85581e-10 0 1.93769e-10 0 2.01849e-10 0 2.09804e-10 0 2.17613e-10 0 2.2495e-10 0 2.32411e-10 0 2.39677e-10 0 2.46731e-10 0 2.5356e-10 0 2.60481e-10 0 2.67494e-10 0 2.73917e-10 0 2.80415e-10 0 2.86986e-10 0 2.9328e-10 0 2.99283e-10 0 3.05704e-10 0 3.11465e-10 0 3.17642e-10 0 3.23508e-10 0 3.29053e-10 0 3.35017e-10 0 3.40652e-10 0 3.46332e-10 0 3.51672e-10 0 3.57049e-10 0 3.62464e-10 0 3.67916e-10 0 3.73012e-10 0 3.78139e-10 0 3.83298e-10 0 3.88489e-10 0 3.93308e-10 0 3.98558e-10 0 4.03433e-10 0 4.08333e-10 0 4.1326e-10 0 4.17799e-10 0 4.22776e-10 0 4.27361e-10 0 4.31967e-10 0 4.36595e-10 0 4.41244e-10 0
123.105 1.68966e-13 1.68966e-13 1.52227e-19 9.00931e-07 1.73159e-05 5.96432e-22 0 1.1912e-17 0 1.21348e-14 0 3.65766e-13 0 1.20499e-12 0 2.26255e-12 0 3.43853e-12 0 4.6985e-12 0 1.14309e-11 0 2.49893e-11 0 3.78548e-11 0 4.9872e-11 0 6.12469e-11 0 7.19779e-11 0 8.22528e-11 0 9.1922e-11 0 1.0128e-10 0 1.10275e-10 0 1.18889e-10 0 1.2723e-10 0 1.35229e-10 0 1.43045e-10 0 1.50636e-10 0 1.57966e-10 0 1.64999e-10 0 1.71946e-10 0 1.78789e-10 0 1.85515e-10 0 1.92107e-10 0 1.98293e-10 0 2.04574e-10 0 2.10682e-10 0 2.16606e-10 0 2.22334e-10 0 2.28132e-10 0 2.34002e-10 0 2.39373e-10 0 2.448e-10 0 2.50285e-10 0 2.55532e-10 0 2.60534e-10 0 2.65879e-10 0 2.70671e-10 0 2.75805e-10 0 2.80678e-10 0 2.8528e-10 0 2.90226e-10 0 2.94898e-10 0 2.99602e-10 0 3.04023e-10 0 3.08472e-10 0 3.12949e-10 0 3.17455e-10 0 3.21664e-10 0 3.25897e-10 0 3.30154e-10 0 3.34435e-10 0 3.38407e-10 0 3.42733e-10 0 3.46747e-10 0 3.50781e-10 0 3.54835e-10 0 3.58568e-10 0 3.62659e-10 0 3.66427e-10 0 3.7021e-10 0 3.7401e-10 0 3.77826e-10 0
129.424 1.58261e-13 1.58261e-13 1.24986e-19 7.89743e-07 1.59148e-05 1.89193e-21 0 2.33004e-17 0 1.69257e-14 0 4.32028e-13 0 1.34289e-12 0 2.44526e-12 0 3.64131e-12 0 4.90067e-12 0 1.14203e-11 0 2.40456e-11 0 3.57128e-11 0 4.64421e-11 0 5.64885e-11 0 6.58888e-11 0 7.48312e-11 0 8.32013e-11 0 9.1265e-11 0 9.89867e-11 0 1.06355e-10 0 1.13468e-10 0 1.20272e-10 0 1.26903e-10 0 1.33329e-10 0 1.39521e-10 0 1.45452e-10 0 1.51299e-10 0 1.5705e-10 0 1.62693e-10 0 1.68216e-10 0 1.73392e-10 0 1.78641e-10 0 1.8374e-10 0 1.88679e-10 0 1.93449e-10 0 1.98274e-10 0 2.03153e-10 0 2.07613e-10 0 2.12116e-10 0 2.16662e-10 0 2.21009e-10 0 2.25149e-10 0 2.29569e-10 0 2.3353e-10 0 2.3777e-10 0 2.41791e-10 0 2.45587e-10 0 2.49664e-10 0 2.53512e-10 0 2.57385e-10 0 2.61022e-10 0 2.64681e-10 0 2.68361e-10 0 2.72062e-10 0 2.75518e-10 0 2.78992e-10 0 2.82484e-10 0 2.85994e-10 0 2.89249e-10 0 2.92793e-10 0 2.9608e-10 0 2.99381e-10 0 3.02698e-10 0 3.05751e-10 0 3.09095e-10 0 3.12174e-10 0 3.15265e-10 0 3.18368e-10 0 3.21483e-10 0
136.067 1.4828e-13 1.4828e-13 1.02554e-19 6.91622e-07 1.46003e-05 5.58734e-21 0 4.34463e-17 0 2.28793e-14 0 4.98582e-13 0 1.46641e-12 0 2.59343e-12 0 3.78796e-12 0 5.02513e-12 0 1.12415e-11 0 2.28411e-11 0 3.32955e-11 0 4.27692e-11 0 5.15502e-11 0 5.97036e-11 0 6.74124e-11 0 7.45919e-11 0 8.14793e-11 0 8.80504e-11 0 9.43007e-11 0 1.00318e-10 0 1.06058e-10 0 1.1164e-10 0 1.17038e-10 0 1.2223e-10 0 1.27194e-10 0 1.3208e-10 0 1.36878e-10 0 1.4158e-10 0 1.46175e-10 0 1.50476e-10 0 1.54833e-10 0 1.59061e-10 0 1.63152e-10 0 1.67099e-10 0 1.71087e-10 0 1.75117e-10 0 1.78797e-10 0 1.8251e-10 0 1.86256e-10 0 1.89834e-10 0 1.93239e-10 0 1.96873e-10 0 2.00127e-10 0 2.03608e-10 0 2.06907e-10 0 2.1002e-10 0 2.13361e-10 0 2.16513e-10 0 2.19683e-10 0 2.22659e-10 0 2.25651e-10 0 2.28659e-10 0 2.31683e-10 0 2.34504e-10 0 2.3734e-10 0 2.40189e-10 0 2.43051e-10 0 2.45705e-10 0 2.48592e-10 0 2.51269e-10 0 2.53957e-10 0 2.56656e-10 0 2.5914e-10 0 2.6186e-10 0 2.64363e-10 0 2.66875e-10 0 2.69396e-10 0 2.71926e-10 0
143.051 1.3881e-13 1.3881e-13 8.4145e-20 6.06186e-07 1.3401e-05 1.53989e-20 0 7.73169e-17 0 2.99841e-14 0 5.62181e-13 0 1.56882e-12 0 2.69872e-12 0 3.86998e-12 0 5.0642e-12 0 1.08982e-11 0 2.14091e-11 0 3.0661e-11 0 3.893e-11 0 4.65215e-11 0 5.35199e-11 0 6.0099e-11 0 6.61976e-11 0 7.20251e-11 0 7.75659e-11 0 8.28205e-11 0 8.78655e-11 0 9.26675e-11 0 9.73267e-11 0 1.01824e-10 0 1.06142e-10 0 1.10263e-10 0 1.14314e-10 0 1.18286e-10 0 1.22173e-10 0 1.25968e-10 0 1.29516e-10 0 1.33105e-10 0 1.36585e-10 0 1.39948e-10 0 1.43191e-10 0 1.46465e-10 0 1.49769e-10 0 1.52785e-10 0 1.55825e-10 0 1.58889e-10 0 1.61815e-10 0 1.64598e-10 0 1.67565e-10 0 1.7022e-10 0 1.73059e-10 0 1.75748e-10 0 1.78284e-10 0 1.81004e-10 0 1.83569e-10 0 1.86148e-10 0 1.88567e-10 0 1.90998e-10 0 1.93442e-10 0 1.95896e-10 0 1.98187e-10 0 2.00487e-10 0 2.02797e-10 0 2.05116e-10 0 2.07266e-10 0 2.09605e-10 0 2.11772e-10 0 2.13948e-10 0 2.16132e-10 0 2.1814e-10 0 2.2034e-10 0 2.22363e-10 0 2.24392e-10 0 2.26428e-10 0 2.28471e-10 0
150.394 1.30747e-13 1.30747e-13 6.89893e-20 5.27654e-07 1.22419e-05 4.00165e-20 0 1.32537e-16 0 3.84212e-14 0 6.24381e-13 0 1.65751e-12 0 2.77722e-12 0 3.91369e-12 0 5.05536e-12 0 1.04866e-11 0 1.99533e-11 0 2.81023e-11 0 3.52918e-11 0 4.18335e-11 0 4.78237e-11 0 5.34249e-11 0 5.85944e-11 0 6.3516e-11 0 6.81806e-11 0 7.2592e-11 0 7.6817e-11 0 8.08296e-11 0 8.47153e-11 0 8.84592e-11 0 9.20475e-11 0 9.54675e-11 0 9.88243e-11 0 1.02112e-10 0 1.05325e-10 0 1.08458e-10 0 1.11384e-10 0 1.14342e-10 0 1.17206e-10 0 1.19972e-10 0 1.22637e-10 0 1.25325e-10 0 1.28035e-10 0 1.30508e-10 0 1.32998e-10 0 1.35507e-10 0 1.37901e-10 0 1.40176e-10 0 1.42601e-10 0 1.44769e-10 0 1.47087e-10 0 1.4928e-10 0 1.51348e-10 0 1.53565e-10 0 1.55654e-10 0 1.57754e-10 0 1.59723e-10 0 1.617e-10 0 1.63687e-10 0 1.65682e-10 0 1.67543e-10 0 1.69411e-10 0 1.71287e-10 0 1.73169e-10 0 1.74914e-10 0 1.7681e-10 0 1.78567e-10 0 1.80331e-10 0 1.821e-10 0 1.83727e-10 0 1.85508e-10 0 1.87145e-10 0 1.88787e-10 0 1.90435e-10 0 1.92087e-10 0
158.114 1.24352e-13 1.24352e-13 5.67038e-20 4.55994e-07 1.1207e-05 9.87135e-20 0 2.20094e-16 0 4.83763e-14 0 6.86209e-13 0 1.73722e-12 0 2.83893e-12 0 3.93498e-12 0 5.02067e-12 0 1.00582e-11 0 1.85688e-11 0 2.57428e-11 0 3.19956e-11 0 3.76377e-11 0 4.27717e-11 0 4.75486e-11 0 5.19394e-11 0 5.61052e-11 0 6.00419e-11 0 6.37552e-11 0 6.73036e-11 0 7.06668e-11 0 7.39176e-11 0 7.70446e-11 0 8.0037e-11 0 8.28851e-11 0 8.5677e-11 0 8.84081e-11 0 9.10741e-11 0 9.36712e-11 0 9.60939e-11 0 9.85408e-11 0 1.00908e-10 0 1.03193e-10 0 1.05392e-10 0 1.07608e-10 0 1.09842e-10 0 1.11878e-10 0 1.13927e-10 0 1.15991e-10 0 1.17958e-10 0 1.19827e-10 0 1.21817e-10 0 1.23597e-10 0 1.25497e-10 0 1.27296e-10 0 1.2899e-10 0 1.30805e-10 0 1.32516e-10 0 1.34234e-10 0 1.35844e-10 0 1.37461e-10 0 1.39085e-10 0 1.40715e-10 0 1.42234e-10 0 1.4376e-10 0 1.4529e-10 0 1.46826e-10 0 1.48249e-10 0 1.49795e-10 0 1.51227e-10 0 1.52664e-10 0 1.54105e-10 0 1.5543e-10 0 1.5688e-10 0 1.58212e-10 0 1.59549e-10 0 1.60889e-10 0 1.62232e-10 0
166.23 1.14469e-13 1.14469e-13 4.65652e-20 4.06792e-07 1.04022e-05 2.22233e-19 0 3.40069e-16 0 5.74453e-14 0 7.16032e-13 0 1.73284e-12 0 2.76539e-12 0 3.77335e-12 0 4.75858e-12 0 9.22393e-12 0 1.65494e-11 0 2.26039e-11 0 2.78213e-11 0 3.24925e-11 0 3.67183e-11 0 4.0632e-11 0 4.42157e-11 0 4.76051e-11 0 5.07991e-11 0 5.38049e-11 0 5.6671e-11 0 5.93824e-11 0 6.19988e-11 0 6.45116e-11 0 6.69128e-11 0 6.91954e-11 0 7.14302e-11 0 7.36139e-11 0 7.57434e-11 0 7.78157e-11 0 7.97471e-11 0 8.16962e-11 0 8.35803e-11 0 8.53972e-11 0 8.71446e-11 0 8.89049e-11 0 9.06776e-11 0 9.22923e-11 0 9.3917e-11 0 9.55516e-11 0 9.71092e-11 0 9.85882e-11 0 1.00163e-10 0 1.01569e-10 0 1.03071e-10 0 1.04492e-10 0 1.05829e-10 0 1.07262e-10 0 1.08611e-10 0 1.09966e-10 0 1.11235e-10 0 1.12509e-10 0 1.13788e-10 0 1.15072e-10 0 1.16268e-10 0 1.17468e-10 0 1.18672e-10 0 1.1988e-10 0 1.20998e-10 0 1.22213e-10 0 1.23339e-10 0 1.24467e-10 0 1.25599e-10 0 1.26639e-10 0 1.27777e-10 0 1.28822e-10 0 1.29871e-10 0 1.30922e-10 0 1.31975e-10 0
174.763 1.07755e-13 1.07755e-13 3.8165e-20 3.54182e-07 9.49715e-06 4.83826e-19 0 5.17553e-16 0 6.806e-14 0 7.50235e-13 0 1.73955e-12 0 2.71434e-12 0 3.64898e-12 0 4.55114e-12 0 8.55082e-12 0 1.49336e-11 0 2.01123e-11 0 2.45279e-11 0 2.84527e-11 0 3.19839e-11 0 3.52403e-11 0 3.82117e-11 0 4.10136e-11 0 4.36474e-11 0 4.61204e-11 0 4.8474e-11 0 5.06966e-11 0 5.2838e-11 0 5.48916e-11 0 5.68515e-11 0 5.87123e-11 0 6.05322e-11 0 6.23087e-11 0 6.40393e-11 0 6.5722e-11 0 6.72889e-11 0 6.8869e-11 0 7.03952e-11 0 7.18659e-11 0 7.32795e-11 0 7.47025e-11 0 7.61347e-11 0 7.74385e-11 0 7.87496e-11 0 8.00681e-11 0 8.13238e-11 0 8.25156e-11 0 8.37837e-11 0 8.49161e-11 0 8.61247e-11 0 8.72672e-11 0 8.83426e-11 0 8.94943e-11 0 9.05782e-11 0 9.16663e-11 0 9.26854e-11 0 9.37081e-11 0 9.47342e-11 0 9.57637e-11 0 9.67228e-11 0 9.76847e-11 0 9.86495e-11 0 9.96172e-11 0 1.00513e-10 0 1.01486e-10 0 1.02387e-10 0 1.0329e-10 0 1.04195e-10 0 1.05027e-10 0 1.05937e-10 0 1.06773e-10 0 1.07611e-10 0 1.08451e-10 0 1.09293e-10 0
183.733 1.02406e-13 1.02406e-13 3.13431e-20 3.06066e-07 8.68273e-06 1.00837e-18 0 7.67336e-16 0 7.95228e-14 0 7.79958e-13 0 1.73649e-12 0 2.65238e-12 0 3.51577e-12 0 4.33934e-12 0 7.91582e-12 0 1.34773e-11 0 1.79121e-11 0 2.16563e-11 0 2.49618e-11 0 2.7921e-11 0 3.06389e-11 0 3.31109e-11 0 3.54356e-11 0 3.76156e-11 0 3.96584e-11 0 4.1599e-11 0 4.34286e-11 0 4.51889e-11 0 4.68747e-11 0 4.84818e-11 0 5.00059e-11 0 5.14949e-11 0 5.29471e-11 0 5.43605e-11 0 5.57336e-11 0 5.70113e-11 0 5.82987e-11 0 5.95414e-11 0 6.07381e-11 0 6.18877e-11 0 6.30442e-11 0 6.42076e-11 0 6.52661e-11 0 6.633e-11 0 6.73993e-11 0 6.84173e-11 0 6.9383e-11 0 7.04101e-11 0 7.1327e-11 0 7.23051e-11 0 7.32293e-11 0 7.4099e-11 0 7.50301e-11 0 7.59061e-11 0 7.67851e-11 0 7.76082e-11 0 7.84338e-11 0 7.9262e-11 0 8.00927e-11 0 8.08663e-11 0 8.16421e-11 0 8.242e-11 0 8.31999e-11 0 8.39217e-11 0 8.47057e-11 0 8.54311e-11 0 8.61583e-11 0 8.68872e-11 0 8.75568e-11 0 8.8289e-11 0 8.89616e-11 0 8.96356e-11 0 9.03109e-11 0 9.09877e-11 0
193.164 9.58676e-14 9.58676e-14 2.57557e-20 2.68659e-07 8.01354e-06 1.96812e-18 0 1.08327e-15 0 8.95103e-14 0 7.85696e-13 0 1.68315e-12 0 2.51946e-12 0 3.29532e-12 0 4.02717e-12 0 7.14435e-12 0 1.18753e-11 0 1.55874e-11 0 1.86927e-11 0 2.1417e-11 0 2.38445e-11 0 2.60658e-11 0 2.80801e-11 0 2.99696e-11 0 3.17376e-11 0 3.33912e-11 0 3.49595e-11 0 3.64359e-11 0 3.78544e-11 0 3.92114e-11 0 4.05034e-11 0 4.17276e-11 0 4.29224e-11 0 4.40867e-11 0 4.52189e-11 0 4.6318e-11 0 4.73401e-11 0 4.83692e-11 0 4.93619e-11 0 5.03173e-11 0 5.12346e-11 0 5.2157e-11 0 5.30843e-11 0 5.39276e-11 0 5.47748e-11 0 5.56259e-11 0 5.64359e-11 0 5.72039e-11 0 5.80205e-11 0 5.87491e-11 0 5.95261e-11 0 6.02601e-11 0 6.09505e-11 0 6.16894e-11 0 6.23844e-11 0 6.30815e-11 0 6.37341e-11 0 6.43886e-11 0 6.50449e-11 0 6.5703e-11 0 6.63157e-11 0 6.693e-11 0 6.75458e-11 0 6.81631e-11 0 6.87342e-11 0 6.93544e-11 0 6.99281e-11 0 7.05031e-11 0 7.10794e-11 0 7.16087e-11 0 7.21872e-11 0 7.27186e-11 0 7.32511e-11 0 7.37845e-11 0 7.43189e-11 0
203.079 8.89143e-14 8.89143e-14 2.11513e-20 2.37884e-07 7.41785e-06 3.62702e-18 0 1.46699e-15 0 9.7726e-14 0 7.71986e-13 0 1.59446e-12 0 2.34146e-12 0 3.02407e-12 0 3.66125e-12 0 6.32642e-12 0 1.02806e-11 0 1.33367e-11 0 1.58715e-11 0 1.80824e-11 0 2.00439e-11 0 2.18327e-11 0 2.34503e-11 0 2.49641e-11 0 2.63778e-11 0 2.76977e-11 0 2.89475e-11 0 3.01226e-11 0 3.12502e-11 0 3.23276e-11 0 3.33524e-11 0 3.43225e-11 0 3.52686e-11 0 3.61897e-11 0 3.70848e-11 0 3.79531e-11 0 3.87599e-11 0 3.95719e-11 0 4.03547e-11 0 4.11077e-11 0 4.18302e-11 0 4.25564e-11 0 4.32861e-11 0 4.39494e-11 0 4.46156e-11 0 4.52845e-11 0 4.59208e-11 0 4.6524e-11 0 4.7165e-11 0 4.77368e-11 0 4.83464e-11 0 4.8922e-11 0 4.94633e-11 0 5.00425e-11 0 5.0587e-11 0 5.11331e-11 0 5.16442e-11 0 5.21566e-11 0 5.26703e-11 0 5.31853e-11 0 5.36647e-11 0 5.41452e-11 0 5.46267e-11 0 5.51093e-11 0 5.55557e-11 0 5.60404e-11 0 5.64887e-11 0 5.69379e-11 0 5.7388e-11 0 5.78013e-11 0 5.8253e-11 0 5.86678e-11 0 5.90834e-11 0 5.94996e-11 0 5.99166e-11 0
213.503 8.26544e-14 8.26544e-14 1.73534e-20 2.09952e-07 6.84038e-06 6.39999e-18 0 1.93098e-15 0 1.04809e-13 0 7.49074e-13 0 1.4945e-12 0 2.15529e-12 0 2.7506e-12 0 3.30083e-12 0 5.56369e-12 0 8.85056e-12 0 1.13555e-11 0 1.34168e-11 0 1.5205e-11 0 1.67851e-11 0 1.82216e-11 0 1.95173e-11 0 2.07273e-11 0 2.18551e-11 0 2.29064e-11 0 2.39006e-11 0 2.4834e-11 0 2.57288e-11 0 2.65828e-11 0 2.73944e-11 0 2.8162e-11 0 2.89101e-11 0 2.96378e-11 0 3.03445e-11 0 3.10296e-11 0 3.16658e-11 0 3.23057e-11 0 3.29223e-11 0 3.35151e-11 0 3.40837e-11 0 3.46549e-11 0 3.52286e-11 0 3.57499e-11 0 3.62732e-11 0 3.67985e-11 0 3.7298e-11 0 3.77714e-11 0 3.82742e-11 0 3.87227e-11 0 3.92006e-11 0 3.96517e-11 0 4.00759e-11 0 4.05295e-11 0 4.0956e-11 0 4.13835e-11 0 4.17836e-11 0 4.21845e-11 0 4.25864e-11 0 4.29893e-11 0 4.33641e-11 0 4.37398e-11 0 4.41162e-11 0 4.44934e-11 0 4.48422e-11 0 4.52209e-11 0 4.5571e-11 0 4.59218e-11 0 4.62733e-11 0 4.65959e-11 0 4.69485e-11 0 4.72723e-11 0 4.75965e-11 0 4.79213e-11 0 4.82465e-11 0
224.463 7.77541e-14 7.77541e-14 1.42402e-20 1.83144e-07 6.27544e-06 1.09414e-17 0 2.49811e-15 0 1.11594e-13 0 7.25276e-13 0 1.40036e-12 0 1.98524e-12 0 2.50517e-12 0 2.98131e-12 0 4.9088e-12 0 7.65378e-12 0 9.71865e-12 0 1.14053e-11 0 1.28613e-11 0 1.41431e-11 0 1.53051e-11 0 1.63506e-11 0 1.73251e-11 0 1.82319e-11 0 1.90759e-11 0 1.9873e-11 0 2.06205e-11 0 2.13364e-11 0 2.2019e-11 0 2.26671e-11 0 2.32796e-11 0 2.38761e-11 0 2.4456e-11 0 2.50187e-11 0 2.5564e-11 0 2.60701e-11 0 2.65788e-11 0 2.70688e-11 0 2.75396e-11 0 2.7991e-11 0 2.84443e-11 0 2.88994e-11 0 2.93128e-11 0 2.97276e-11 0 3.01439e-11 0 3.05396e-11 0 3.09144e-11 0 3.13125e-11 0 3.16675e-11 0 3.20456e-11 0 3.24025e-11 0 3.27379e-11 0 3.30966e-11 0 3.34336e-11 0 3.37715e-11 0 3.40876e-11 0 3.44043e-11 0 3.47217e-11 0 3.50398e-11 0 3.53357e-11 0 3.56322e-11 0 3.59292e-11 0 3.62268e-11 0 3.6502e-11 0 3.68006e-11 0 3.70767e-11 0 3.73533e-11 0 3.76303e-11 0 3.78846e-11 0 3.81625e-11 0 3.84176e-11 0 3.86731e-11 0 3.89289e-11 0 3.9185e-11 0
235.984 7.22855e-14 7.22855e-14 1.16961e-20 1.61804e-07 5.81101e-06 1.77364e-17 0 3.10638e-15 0 1.15308e-13 0 6.84817e-13 0 1.28186e-12 0 1.78808e-12 0 2.23249e-12 0 2.63596e-12 0 4.24544e-12 0 6.4958e-12 0 8.16824e-12 0 9.52509e-12 0 1.0691e-11 0 1.1714e-11 0 1.26389e-11 0 1.34693e-11 0 1.42418e-11 0 1.49596e-11 0 1.56267e-11 0 1.6256e-11 0 1.68456e-11 0 1.74096e-11 0 1.7947e-11 0 1.84569e-11 0 1.89384e-11 0 1.94069e-11 0 1.98622e-11 0 2.03037e-11 0 2.07313e-11 0 2.1128e-11 0 2.15265e-11 0 2.19102e-11 0 2.22788e-11 0 2.2632e-11 0 2.29865e-11 0 2.33424e-11 0 2.36654e-11 0 2.39896e-11 0 2.43147e-11 0 2.46237e-11 0 2.49163e-11 0 2.5227e-11 0 2.55039e-11 0 2.57988e-11 0 2.60771e-11 0 2.63386e-11 0 2.66182e-11 0 2.68809e-11 0 2.71441e-11 0 2.73903e-11 0 2.7637e-11 0 2.78842e-11 0 2.81318e-11 0 2.83621e-11 0 2.85929e-11 0 2.8824e-11 0 2.90555e-11 0 2.92696e-11 0 2.95018e-11 0 2.97165e-11 0 2.99316e-11 0 3.01469e-11 0 3.03446e-11 0 3.05605e-11 0 3.07588e-11 0 3.09572e-11 0 3.1156e-11 0 3.13549e-11 0
248.097 6.66988e-14 6.66988e-14 9.59867e-21 1.43911e-07 5.38601e-06 2.74346e-17 0 3.73392e-15 0 1.1623e-13 0 6.33744e-13 0 1.15198e-12 0 1.58254e-12 0 1.95612e-12 0 2.29256e-12 0 3.61645e-12 0 5.43617e-12 0 6.77348e-12 0 7.85166e-12 0 8.77425e-12 0 9.58119e-12 0 1.03089e-11 0 1.0961e-11 0 1.15667e-11 0 1.21286e-11 0 1.26502e-11 0 1.31418e-11 0 1.36018e-11 0 1.40415e-11 0 1.44602e-11 0 1.48571e-11 0 1.52316e-11 0 1.55959e-11 0 1.59496e-11 0 1.62926e-11 0 1.66244e-11 0 1.69322e-11 0 1.72413e-11 0 1.75387e-11 0 1.78243e-11 0 1.80979e-11 0 1.83725e-11 0 1.86479e-11 0 1.88979e-11 0 1.91487e-11 0 1.94002e-11 0 1.96391e-11 0 1.98653e-11 0 2.01054e-11 0 2.03193e-11 0 2.05471e-11 0 2.07621e-11 0 2.0964e-11 0 2.11798e-11 0 2.13825e-11 0 2.15856e-11 0 2.17756e-11 0 2.19659e-11 0 2.21565e-11 0 2.23474e-11 0 2.2525e-11 0 2.27028e-11 0 2.2881e-11 0 2.30594e-11 0 2.32243e-11 0 2.34032e-11 0 2.35686e-11 0 2.37342e-11 0 2.39001e-11 0 2.40523e-11 0 2.42185e-11 0 2.43711e-11 0 2.45239e-11 0 2.46768e-11 0 2.48299e-11 0
260.832 6.178e-14 6.178e-14 7.87127e-21 1.27408e-07 4.97015e-06 4.10331e-17 0 4.3937e-15 0 1.15698e-13 0 5.81754e-13 0 1.02857e-12 0 1.39279e-12 0 1.70536e-12 0 1.98474e-12 0 3.07025e-12 0 4.5389e-12 0 5.60707e-12 0 6.46331e-12 0 7.19315e-12 0 7.82966e-12 0 8.4024e-12 0 8.91468e-12 0 9.38975e-12 0 9.82993e-12 0 1.02381e-11 0 1.06223e-11 0 1.09816e-11 0 1.13248e-11 0 1.16512e-11 0 1.19605e-11 0 1.22522e-11 0 1.25358e-11 0 1.2811e-11 0 1.30776e-11 0 1.33356e-11 0 1.35747e-11 0 1.38148e-11 0 1.40457e-11 0 1.42673e-11 0 1.44796e-11 0 1.46925e-11 0 1.49061e-11 0 1.50999e-11 0 1.52942e-11 0 1.5489e-11 0 1.5674e-11 0 1.58492e-11 0 1.6035e-11 0 1.62006e-11 0 1.63769e-11 0 1.65432e-11 0 1.66994e-11 0 1.68663e-11 0 1.7023e-11 0 1.71801e-11 0 1.73269e-11 0 1.74739e-11 0 1.76212e-11 0 1.77687e-11 0 1.79059e-11 0 1.80433e-11 0 1.81808e-11 0 1.83186e-11 0 1.84459e-11 0 1.8584e-11 0 1.87117e-11 0 1.88395e-11 0 1.89674e-11 0 1.90849e-11 0 1.92131e-11 0 1.93308e-11 0 1.94486e-11 0 1.95666e-11 0 1.96846e-11 0
274.221 5.80107e-14 5.80107e-14 6.45477e-21 1.11269e-07 4.55644e-06 6.00391e-17 0 5.11742e-15 0 1.1495e-13 0 5.35305e-13 0 9.22002e-13 0 1.23163e-12 0 1.49465e-12 0 1.7281e-12 0 2.62455e-12 0 3.81977e-12 0 4.68079e-12 0 5.36733e-12 0 5.95043e-12 0 6.45762e-12 0 6.91305e-12 0 7.31973e-12 0 7.69635e-12 0 8.04488e-12 0 8.36774e-12 0 8.67136e-12 0 8.95508e-12 0 9.22583e-12 0 9.48324e-12 0 9.72698e-12 0 9.95673e-12 0 1.01799e-11 0 1.03965e-11 0 1.06062e-11 0 1.0809e-11 0 1.09969e-11 0 1.11855e-11 0 1.13668e-11 0 1.15408e-11 0 1.17074e-11 0 1.18745e-11 0 1.2042e-11 0 1.2194e-11 0 1.23463e-11 0 1.2499e-11 0 1.2644e-11 0 1.27812e-11 0 1.29268e-11 0 1.30565e-11 0 1.31945e-11 0 1.33247e-11 0 1.34469e-11 0 1.35775e-11 0 1.37002e-11 0 1.3823e-11 0 1.39379e-11 0 1.40529e-11 0 1.4168e-11 0 1.42834e-11 0 1.43906e-11 0 1.4498e-11 0 1.46055e-11 0 1.47131e-11 0 1.48126e-11 0 1.49205e-11 0 1.50202e-11 0 1.512e-11 0 1.522e-11 0 1.53117e-11 0 1.54118e-11 0 1.55037e-11 0 1.55957e-11 0 1.56878e-11 0 1.57799e-11 0
288.297 5.39714e-14 5.39714e-14 5.29821e-21 9.8167e-08 4.21343e-06 8.41425e-17 0 5.77301e-15 0 1.11501e-13 0 4.82877e-13 0 8.11417e-13 0 1.07012e-12 0 1.2878e-12 0 1.47975e-12 0 2.20887e-12 0 3.16791e-12 0 3.85273e-12 0 4.39611e-12 0 4.85611e-12 0 5.25526e-12 0 5.613e-12 0 5.93196e-12 0 6.22695e-12 0 6.49966e-12 0 6.75203e-12 0 6.98917e-12 0 7.2106e-12 0 7.42176e-12 0 7.62241e-12 0 7.81229e-12 0 7.99118e-12 0 8.16491e-12 0 8.33337e-12 0 8.49646e-12 0 8.6541e-12 0 8.80012e-12 0 8.94661e-12 0 9.08743e-12 0 9.22252e-12 0 9.35182e-12 0 9.48145e-12 0 9.61141e-12 0 9.72926e-12 0 9.84738e-12 0 9.96575e-12 0 1.00781e-11 0 1.01845e-11 0 1.02973e-11 0 1.03977e-11 0 1.05046e-11 0 1.06054e-11 0 1.07e-11 0 1.08011e-11 0 1.08961e-11 0 1.09911e-11 0 1.108e-11 0 1.1169e-11 0 1.1258e-11 0 1.13472e-11 0 1.14302e-11 0 1.15132e-11 0 1.15963e-11 0 1.16795e-11 0 1.17564e-11 0 1.18398e-11 0 1.19169e-11 0 1.1994e-11 0 1.20712e-11 0 1.21421e-11 0 1.22195e-11 0 1.22904e-11 0 1.23615e-11 0 1.24326e-11 0 1.25037e-11 0
303.095 4.99558e-14 4.99558e-14 4.3473e-21 8.70231e-08 3.89797e-06 1.13598e-16 0 6.34075e-15 0 1.06107e-13 0 4.29014e-13 0 7.0432e-13 0 9.17752e-13 0 1.09575e-12 0 1.25176e-12 0 1.83846e-12 0 2.60059e-12 0 3.14039e-12 0 3.56679e-12 0 3.92668e-12 0 4.23828e-12 0 4.51706e-12 0 4.76527e-12 0 4.99456e-12 0 5.20632e-12 0 5.40212e-12 0 5.58596e-12 0 5.7575e-12 0 5.92099e-12 0 6.07626e-12 0 6.22311e-12 0 6.36141e-12 0 6.49566e-12 0 6.62579e-12 0 6.75172e-12 0 6.8734e-12 0 6.98608e-12 0 7.09909e-12 0 7.20769e-12 0 7.31184e-12 0 7.4115e-12 0 7.5114e-12 0 7.61152e-12 0 7.70231e-12 0 7.79327e-12 0 7.88441e-12 0 7.97092e-12 0 8.05276e-12 0 8.13957e-12 0 8.21685e-12 0 8.2991e-12 0 8.37662e-12 0 8.44941e-12 0 8.52715e-12 0 8.60014e-12 0 8.67322e-12 0 8.74151e-12 0 8.80989e-12 0 8.87835e-12 0 8.94689e-12 0 9.0106e-12 0 9.07438e-12 0 9.13823e-12 0 9.20214e-12 0 9.2612e-12 0 9.32523e-12 0 9.3844e-12 0 9.44362e-12 0 9.5029e-12 0 9.55728e-12 0 9.61666e-12 0 9.67113e-12 0 9.72565e-12 0 9.78021e-12 0 9.83481e-12 0
318.653 4.63585e-14 4.63585e-14 3.56541e-21 7.69095e-08 3.59683e-06 1.4912e-16 0 6.84046e-15 0 9.99023e-14 0 3.78541e-13 0 6.07975e-13 0 7.83278e-13 0 9.28279e-13 0 1.05466e-12 0 1.52555e-12 0 2.13023e-12 0 2.55534e-12 0 2.88975e-12 0 3.17124e-12 0 3.41445e-12 0 3.63171e-12 0 3.82489e-12 0 4.00317e-12 0 4.16765e-12 0 4.31962e-12 0 4.46221e-12 0 4.59518e-12 0 4.72184e-12 0 4.84206e-12 0 4.95572e-12 0 5.06272e-12 0 5.16654e-12 0 5.26714e-12 0 5.36446e-12 0 5.45847e-12 0 5.54549e-12 0 5.63275e-12 0 5.71658e-12 0 5.79696e-12 0 5.87386e-12 0 5.95092e-12 0 6.02814e-12 0 6.09814e-12 0 6.16827e-12 0 6.23852e-12 0 6.30519e-12 0 6.36826e-12 0 6.43513e-12 0 6.49467e-12 0 6.55801e-12 0 6.61771e-12 0 6.67376e-12 0 6.73361e-12 0 6.78979e-12 0 6.84605e-12 0 6.89861e-12 0 6.95122e-12 0 7.0039e-12 0 7.05663e-12 0 7.10564e-12 0 7.1547e-12 0 7.20381e-12 0 7.25296e-12 0 7.29837e-12 0 7.34761e-12 0 7.3931e-12 0 7.43863e-12 0 7.4842e-12 0 7.526e-12 0 7.57163e-12 0 7.6135e-12 0 7.65539e-12 0 7.69732e-12 0 7.73927e-12 0
335.009 4.29344e-14 4.29344e-14 2.92459e-21 6.81176e-08 3.32564e-06 1.89747e-16 0 7.2225e-15 0 9.2703e-14 0 3.30371e-13 0 5.19766e-13 0 6.62531e-13 0 7.79723e-13 0 8.8134e-13 0 1.25673e-12 0 1.73371e-12 0 2.06674e-12 0 2.32774e-12 0 2.54687e-12 0 2.73587e-12 0 2.90445e-12 0 3.05417e-12 0 3.19221e-12 0 3.31946e-12 0 3.43694e-12 0 3.5471e-12 0 3.64977e-12 0 3.74753e-12 0 3.84027e-12 0 3.92791e-12 0 4.01038e-12 0 4.09038e-12 0 4.16786e-12 0 4.24281e-12 0 4.31518e-12 0 4.38215e-12 0 4.44929e-12 0 4.51378e-12 0 4.5756e-12 0 4.63472e-12 0 4.69396e-12 0 4.75332e-12 0 4.80711e-12 0 4.86099e-12 0 4.91496e-12 0 4.96617e-12 0 5.0146e-12 0 5.06596e-12 0 5.11167e-12 0 5.16029e-12 0 5.20612e-12 0 5.24913e-12 0 5.29506e-12 0 5.33817e-12 0 5.38133e-12 0 5.42165e-12 0 5.46201e-12 0 5.50241e-12 0 5.54285e-12 0 5.58044e-12 0 5.61805e-12 0 5.6557e-12 0 5.69338e-12 0 5.72819e-12 0 5.76594e-12 0 5.8008e-12 0 5.8357e-12 0 5.87061e-12 0 5.90264e-12 0 5.93761e-12 0 5.96969e-12 0 6.00178e-12 0 6.0339e-12 0 6.06604e-12 0
352.205 3.96247e-14 3.96247e-14 2.3977e-21 6.05102e-08 3.07482e-06 2.34023e-16 0 7.45976e-15 0 8.4712e-14 0 2.8492e-13 0 4.39633e-13 0 5.54799e-13 0 6.48672e-13 0 7.29681e-13 0 1.0266e-12 0 1.40021e-12 0 1.65944e-12 0 1.8619e-12 0 2.03149e-12 0 2.17752e-12 0 2.30759e-12 0 2.42299e-12 0 2.52929e-12 0 2.62721e-12 0 2.71756e-12 0 2.80223e-12 0 2.88109e-12 0 2.95615e-12 0 3.02733e-12 0 3.09457e-12 0 3.15782e-12 0 3.21915e-12 0 3.27854e-12 0 3.33596e-12 0 3.3914e-12 0 3.4427e-12 0 3.4941e-12 0 3.54347e-12 0 3.59078e-12 0 3.63603e-12 0 3.68136e-12 0 3.72676e-12 0 3.7679e-12 0 3.80911e-12 0 3.85037e-12 0 3.88952e-12 0 3.92654e-12 0 3.96579e-12 0 4.00072e-12 0 4.03788e-12 0 4.07289e-12 0 4.10575e-12 0 4.14083e-12 0 4.17376e-12 0 4.20672e-12 0 4.23751e-12 0 4.26833e-12 0 4.29917e-12 0 4.33004e-12 0 4.35873e-12 0 4.38744e-12 0 4.41618e-12 0 4.44494e-12 0 4.4715e-12 0 4.5003e-12 0 4.5269e-12 0 4.55352e-12 0 4.58016e-12 0 4.6046e-12 0 4.63127e-12 0 4.65573e-12 0 4.68021e-12 0 4.70471e-12 0 4.72922e-12 0
370.284 3.69194e-14 3.69194e-14 1.96546e-21 5.32366e-08 2.82582e-06 2.83804e-16 0 7.6426e-15 0 7.72771e-14 0 2.46109e-13 0 3.72872e-13 0 4.6614e-13 0 5.4167e-13 0 6.06563e-13 0 8.42704e-13 0 1.13719e-12 0 1.34035e-12 0 1.49852e-12 0 1.63073e-12 0 1.74439e-12 0 1.84552e-12 0 1.93516e-12 0 2.01765e-12 0 2.09359e-12 0 2.16362e-12 0 2.2292e-12 0 2.29027e-12 0 2.34836e-12 0 2.40343e-12 0 2.45543e-12 0 2.50434e-12 0 2.55174e-12 0 2.59763e-12 0 2.642e-12 0 2.68482e-12 0 2.72443e-12 0 2.76411e-12 0 2.80222e-12 0 2.83873e-12 0 2.87365e-12 0 2.90861e-12 0 2.94364e-12 0 2.97537e-12 0 3.00714e-12 0 3.03896e-12 0 3.06914e-12 0 3.09768e-12 0 3.12793e-12 0 3.15485e-12 0 3.18348e-12 0 3.21046e-12 0 3.23577e-12 0 3.2628e-12 0 3.28816e-12 0 3.31355e-12 0 3.33726e-12 0 3.36099e-12 0 3.38474e-12 0 3.40851e-12 0 3.4306e-12 0 3.4527e-12 0 3.47482e-12 0 3.49696e-12 0 3.5174e-12 0 3.53957e-12 0 3.56004e-12 0 3.58053e-12 0 3.60102e-12 0 3.61982e-12 0 3.64034e-12 0 3.65917e-12 0 3.678e-12 0 3.69684e-12 0 3.71569e-12 0
389.291 3.43023e-14 3.43023e-14 1.61098e-21 4.69641e-08 2.59951e-06 3.34708e-16 0 7.67851e-15 0 6.95562e-14 0 2.10414e-13 0 3.13364e-13 0 3.883e-13 0 4.4862e-13 0 5.00236e-13 0 6.86821e-13 0 9.1761e-13 0 1.07598e-12 0 1.19893e-12 0 1.30151e-12 0 1.38957e-12 0 1.46784e-12 0 1.53714e-12 0 1.60088e-12 0 1.65952e-12 0 1.71356e-12 0 1.76416e-12 0 1.81124e-12 0 1.85602e-12 0 1.89844e-12 0 1.9385e-12 0 1.97616e-12 0 2.01265e-12 0 2.04797e-12 0 2.08211e-12 0 2.11505e-12 0 2.14551e-12 0 2.17603e-12 0 2.20533e-12 0 2.2334e-12 0 2.26023e-12 0 2.28711e-12 0 2.31402e-12 0 2.3384e-12 0 2.36281e-12 0 2.38725e-12 0 2.41042e-12 0 2.43234e-12 0 2.45557e-12 0 2.47624e-12 0 2.49822e-12 0 2.51892e-12 0 2.53835e-12 0 2.5591e-12 0 2.57856e-12 0 2.59804e-12 0 2.61623e-12 0 2.63444e-12 0 2.65266e-12 0 2.67089e-12 0 2.68783e-12 0 2.70479e-12 0 2.72175e-12 0 2.73873e-12 0 2.75441e-12 0 2.7714e-12 0 2.7871e-12 0 2.80281e-12 0 2.81852e-12 0 2.83293e-12 0 2.84866e-12 0 2.86309e-12 0 2.87753e-12 0 2.89197e-12 0 2.90642e-12 0
409.273 3.21098e-14 3.21098e-14 1.32163e-21 4.11597e-08 2.39356e-06 3.88331e-16 0 7.65006e-15 0 6.24484e-14 0 1.79979e-13 0 2.63749e-13 0 3.24119e-13 0 3.72447e-13 0 4.13647e-13 0 5.61678e-13 0 7.43409e-13 0 8.67518e-13 0 9.63617e-13 0 1.04365e-12 0 1.11227e-12 0 1.1732e-12 0 1.22711e-12 0 1.27665e-12 0 1.3222e-12 0 1.36417e-12 0 1.40343e-12 0 1.43996e-12 0 1.47469e-12 0 1.50758e-12 0 1.53863e-12 0 1.56781e-12 0 1.59608e-12 0 1.62344e-12 0 1.64988e-12 0 1.67538e-12 0 1.69896e-12 0 1.72258e-12 0 1.74525e-12 0 1.76697e-12 0 1.78773e-12 0 1.80852e-12 0 1.82933e-12 0 1.84818e-12 0 1.86706e-12 0 1.88595e-12 0 1.90387e-12 0 1.92081e-12 0 1.93876e-12 0 1.95474e-12 0 1.97172e-12 0 1.98772e-12 0 2.00273e-12 0 2.01876e-12 0 2.03379e-12 0 2.04884e-12 0 2.06289e-12 0 2.07695e-12 0 2.09103e-12 0 2.10511e-12 0 2.11819e-12 0 2.13128e-12 0 2.14438e-12 0 2.15748e-12 0 2.16959e-12 0 2.18271e-12 0 2.19482e-12 0 2.20695e-12 0 2.21908e-12 0 2.2302e-12 0 2.24234e-12 0 2.25347e-12 0 2.26461e-12 0 2.27576e-12 0 2.28691e-12 0
430.281 2.97275e-14 2.97275e-14 1.08382e-21 3.64585e-08 2.21346e-06 4.3561e-16 0 7.42544e-15 0 5.49309e-14 0 1.51257e-13 0 2.18326e-13 0 2.66219e-13 0 3.04364e-13 0 3.36771e-13 0 4.52565e-13 0 5.93747e-13 0 6.89741e-13 0 7.63891e-13 0 8.2555e-13 0 8.78351e-13 0 9.25189e-13 0 9.66603e-13 0 1.00464e-12 0 1.0396e-12 0 1.07178e-12 0 1.10189e-12 0 1.12989e-12 0 1.15649e-12 0 1.18169e-12 0 1.20546e-12 0 1.22781e-12 0 1.24945e-12 0 1.27038e-12 0 1.29061e-12 0 1.31012e-12 0 1.32815e-12 0 1.34622e-12 0 1.36355e-12 0 1.38016e-12 0 1.39603e-12 0 1.41192e-12 0 1.42782e-12 0 1.44223e-12 0 1.45665e-12 0 1.47109e-12 0 1.48477e-12 0 1.49771e-12 0 1.51143e-12 0 1.52362e-12 0 1.5366e-12 0 1.54881e-12 0 1.56028e-12 0 1.57251e-12 0 1.58399e-12 0 1.59548e-12 0 1.6062e-12 0 1.61694e-12 0 1.62768e-12 0 1.63842e-12 0 1.64841e-12 0 1.6584e-12 0 1.66839e-12 0 1.67839e-12 0 1.68763e-12 0 1.69764e-12 0 1.70688e-12 0 1.71613e-12 0 1.72538e-12 0 1.73387e-12 0 1.74313e-12 0 1.75162e-12 0 1.76012e-12 0 1.76861e-12 0 1.77712e-12 0
452.368 2.73826e-14 2.73826e-14 8.88746e-22 3.24566e-08 2.04891e-06 4.75802e-16 0 7.0693e-15 0 4.76479e-14 0 1.25695e-13 0 1.78868e-13 0 2.16518e-13 0 2.46365e-13 0 2.71643e-13 0 3.61505e-13 0 4.70383e-13 0 5.44116e-13 0 6.00947e-13 0 6.48135e-13 0 6.88502e-13 0 7.2428e-13 0 7.55894e-13 0 7.84915e-13 0 8.11572e-13 0 8.36105e-13 0 8.59045e-13 0 8.80372e-13 0 9.00634e-13 0 9.19817e-13 0 9.37914e-13 0 9.54915e-13 0 9.7138e-13 0 9.87306e-13 0 1.00269e-12 0 1.01752e-12 0 1.03124e-12 0 1.04497e-12 0 1.05815e-12 0 1.07077e-12 0 1.08283e-12 0 1.0949e-12 0 1.10699e-12 0 1.11793e-12 0 1.12889e-12 0 1.13985e-12 0 1.15025e-12 0 1.16007e-12 0 1.17049e-12 0 1.17975e-12 0 1.1896e-12 0 1.19887e-12 0 1.20757e-12 0 1.21686e-12 0 1.22558e-12 0 1.23429e-12 0 1.24243e-12 0 1.25058e-12 0 1.25873e-12 0 1.26689e-12 0 1.27446e-12 0 1.28204e-12 0 1.28962e-12 0 1.29721e-12 0 1.30422e-12 0 1.31181e-12 0 1.31882e-12 0 1.32584e-12 0 1.33286e-12 0 1.33929e-12 0 1.34632e-12 0 1.35276e-12 0 1.3592e-12 0 1.36564e-12 0 1.37209e-12 0
475.588 2.52446e-14 2.52446e-14 7.28332e-22 2.8851e-08 1.89022e-06 5.09599e-16 0 6.64556e-15 0 4.10213e-14 0 1.03938e-13 0 1.45947e-13 0 1.75461e-13 0 1.98758e-13 0 2.18433e-13 0 2.88049e-13 0 3.71914e-13 0 4.28501e-13 0 4.72029e-13 0 5.08125e-13 0 5.38972e-13 0 5.66293e-13 0 5.90419e-13 0 6.12555e-13 0 6.32879e-13 0 6.51577e-13 0 6.69055e-13 0 6.853e-13 0 7.00728e-13 0 7.15333e-13 0 7.29106e-13 0 7.42044e-13 0 7.54571e-13 0 7.66687e-13 0 7.78387e-13 0 7.8967e-13 0 8.00098e-13 0 8.10539e-13 0 8.20557e-13 0 8.30149e-13 0 8.39315e-13 0 8.4849e-13 0 8.57673e-13 0 8.65989e-13 0 8.74312e-13 0 8.82642e-13 0 8.90539e-13 0 8.98004e-13 0 9.05912e-13 0 9.12947e-13 0 9.20426e-13 0 9.2747e-13 0 9.34077e-13 0 9.41129e-13 0 9.47744e-13 0 9.54362e-13 0 9.60543e-13 0 9.66726e-13 0 9.72913e-13 0 9.79102e-13 0 9.84852e-13 0 9.90605e-13 0 9.9636e-13 0 1.00212e-12 0 1.00743e-12 0 1.0132e-12 0 1.01852e-12 0 1.02384e-12 0 1.02916e-12 0 1.03405e-12 0 1.03938e-12 0 1.04426e-12 0 1.04915e-12 0 1.05404e-12 0 1.05893e-12 0
500 2.34187e-14 2.34187e-14 5.96722e-22 2.54805e-08 1.73673e-06 5.38612e-16 0 6.20622e-15 0 3.52575e-14 0 8.60126e-14 0 1.19275e-13 0 1.42477e-13 0 1.6072e-13 0 1.76085e-13 0 2.30224e-13 0 2.95105e-13 0 3.38735e-13 0 3.72237e-13 0 3.99984e-13 0 4.23677e-13 0 4.44646e-13 0 4.63153e-13 0 4.80126e-13 0 4.95704e-13 0 5.1003e-13 0 5.23417e-13 0 5.35857e-13 0 5.47669e-13 0 5.58847e-13 0 5.69388e-13 0 5.79287e-13 0 5.88871e-13 0 5.98137e-13 0 6.07086e-13 0 6.15713e-13 0 6.23687e-13 0 6.31669e-13 0 6.39327e-13 0 6.46659e-13 0 6.53664e-13 0 6.60675e-13 0 6.67693e-13 0 6.74047e-13 0 6.80405e-13 0 6.86769e-13 0 6.92802e-13 0 6.98503e-13 0 7.04544e-13 0 7.09916e-13 0 7.15628e-13 0 7.21007e-13 0 7.26053e-13 0 7.31437e-13 0 7.36488e-13 0 7.41541e-13 0 7.46259e-13 0 7.5098e-13 0 7.55703e-13 0 7.60427e-13 0 7.64817e-13 0 7.69207e-13 0 7.736e-13 0 7.77994e-13 0 7.82052e-13 0 7.86449e-13 0 7.9051e-13 0 7.94572e-13 0 7.98635e-13 0 8.02361e-13 0 8.06427e-13 0 8.10155e-13 0 8.13885e-13 0 8.17615e-13 0 8.21347e-13 0
525.665 2.18469e-14 2.18469e-14 4.88859e-22 2.23766e-08 1.59235e-06 5.61973e-16 0 5.75822e-15 0 3.02484e-14 0 7.12131e-14 0 9.75996e-14 0 1.15885e-13 0 1.30211e-13 0 1.42248e-13 0 1.84495e-13 0 2.34883e-13 0 2.68665e-13 0 2.94562e-13 0 3.15987e-13 0 3.34267e-13 0 3.50436e-13 0 3.64699e-13 0 3.77774e-13 0 3.8977e-13 0 4.00799e-13 0 4.11102e-13 0 4.20674e-13 0 4.29761e-13 0 4.38359e-13 0 4.46464e-13 0 4.54075e-13 0 4.61443e-13 0 4.68566e-13 0 4.75444e-13 0 4.82074e-13 0 4.88201e-13 0 4.94333e-13 0 5.00216e-13 0 5.05848e-13 0 5.11229e-13 0 5.16614e-13 0 5.22003e-13 0 5.26882e-13 0 5.31765e-13 0 5.36651e-13 0 5.41283e-13 0 5.4566e-13 0 5.50297e-13 0 5.54421e-13 0 5.58805e-13 0 5.62933e-13 0 5.66806e-13 0 5.70938e-13 0 5.74814e-13 0 5.78692e-13 0 5.82313e-13 0 5.85935e-13 0 5.89558e-13 0 5.93183e-13 0 5.96551e-13 0 5.99919e-13 0 6.03289e-13 0 6.0666e-13 0 6.09773e-13 0 6.13146e-13 0 6.16261e-13 0 6.19376e-13 0 6.22493e-13 0 6.25351e-13 0 6.28469e-13 0 6.31329e-13 0 6.34189e-13 0 6.3705e-13 0 6.39911e-13 0
552.648 2.04948e-14 2.04948e-14 4.00601e-22 1.95465e-08 1.45751e-06 5.7936e-16 0 5.31128e-15 0 2.5915e-14 0 5.90067e-14 0 7.99849e-14 0 9.44355e-14 0 1.05719e-13 0 1.1518e-13 0 1.48266e-13 0 1.87557e-13 0 2.13826e-13 0 2.33934e-13 0 2.50553e-13 0 2.64722e-13 0 2.77247e-13 0 2.88292e-13 0 2.98412e-13 0 3.07694e-13 0 3.16226e-13 0 3.24195e-13 0 3.31596e-13 0 3.3862e-13 0 3.45266e-13 0 3.5153e-13 0 3.57411e-13 0 3.63103e-13 0 3.68606e-13 0 3.73918e-13 0 3.79038e-13 0 3.8377e-13 0 3.88505e-13 0 3.93047e-13 0 3.97396e-13 0 4.01549e-13 0 4.05706e-13 0 4.09865e-13 0 4.13631e-13 0 4.174e-13 0 4.2117e-13 0 4.24744e-13 0 4.28122e-13 0 4.31699e-13 0 4.34881e-13 0 4.38264e-13 0 4.41449e-13 0 4.44436e-13 0 4.47624e-13 0 4.50613e-13 0 4.53604e-13 0 4.56397e-13 0 4.59191e-13 0 4.61985e-13 0 4.64781e-13 0 4.67378e-13 0 4.69975e-13 0 4.72574e-13 0 4.75173e-13 0 4.77573e-13 0 4.80174e-13 0 4.82576e-13 0 4.84978e-13 0 4.87381e-13 0 4.89584e-13 0 4.91988e-13 0 4.94193e-13 0 4.96397e-13 0 4.98603e-13 0 5.00809e-13 0
581.015 1.92639e-14 1.92639e-14 3.28425e-22 1.70488e-08 1.33582e-06 5.88545e-16 0 4.85572e-15 0 2.21005e-14 0 4.87681e-14 0 6.54273e-14 0 7.68398e-14 0 8.57245e-14 0 9.31584e-14 0 1.19074e-13 0 1.49728e-13 0 1.70171e-13 0 1.85798e-13 0 1.98702e-13 0 2.09697e-13 0 2.19411e-13 0 2.27973e-13 0 2.35816e-13 0 2.43007e-13 0 2.49615e-13 0 2.55786e-13 0 2.61516e-13 0 2.66953e-13 0 2.72097e-13 0 2.76944e-13 0 2.81495e-13 0 2.85899e-13 0 2.90155e-13 0 2.94264e-13 0 2.98224e-13 0 3.01883e-13 0 3.05545e-13 0 3.09057e-13 0 3.12419e-13 0 3.1563e-13 0 3.18843e-13 0 3.22059e-13 0 3.24969e-13 0 3.27882e-13 0 3.30796e-13 0 3.33558e-13 0 3.36168e-13 0 3.38933e-13 0 3.41391e-13 0 3.44005e-13 0 3.46466e-13 0 3.48774e-13 0 3.51236e-13 0 3.53546e-13 0 3.55856e-13 0 3.58014e-13 0 3.60172e-13 0 3.6233e-13 0 3.6449e-13 0 3.66495e-13 0 3.68502e-13 0 3.70509e-13 0 3.72516e-13 0 3.7437e-13 0 3.76378e-13 0 3.78233e-13 0 3.80088e-13 0 3.81943e-13 0 3.83645e-13 0 3.85501e-13 0 3.87203e-13 0 3.88905e-13 0 3.90608e-13 0 3.92311e-13 0
610.839 1.80509e-14 1.80509e-14 2.69311e-22 1.49195e-08 1.2288e-06 5.86658e-16 0 4.38045e-15 0 1.86737e-14 0 4.00119e-14 0 5.31629e-14 0 6.21267e-14 0 6.90861e-14 0 7.48983e-14 0 9.51014e-14 0 1.18912e-13 0 1.34755e-13 0 1.46851e-13 0 1.56831e-13 0 1.65329e-13 0 1.72833e-13 0 1.79446e-13 0 1.85501e-13 0 1.91051e-13 0 1.9615e-13 0 2.00911e-13 0 2.05331e-13 0 2.09525e-13 0 2.13491e-13 0 2.17229e-13 0 2.20737e-13 0 2.24131e-13 0 2.27412e-13 0 2.30579e-13 0 2.33631e-13 0 2.3645e-13 0 2.39272e-13 0 2.41978e-13 0 2.44568e-13 0 2.47041e-13 0 2.49516e-13 0 2.51993e-13 0 2.54235e-13 0 2.56478e-13 0 2.58722e-13 0 2.60849e-13 0 2.62859e-13 0 2.64988e-13 0 2.66881e-13 0 2.68894e-13 0 2.70788e-13 0 2.72565e-13 0 2.74461e-13 0 2.76239e-13 0 2.78018e-13 0 2.79678e-13 0 2.81339e-13 0 2.83001e-13 0 2.84663e-13 0 2.86207e-13 0 2.87751e-13 0 2.89296e-13 0 2.90841e-13 0 2.92267e-13 0 2.93813e-13 0 2.9524e-13 0 2.96668e-13 0 2.98096e-13 0 2.99405e-13 0 3.00833e-13 0 3.02143e-13 0 3.03453e-13 0 3.04763e-13 0 3.06074e-13 0
642.193 1.67968e-14 1.67968e-14 2.20835e-22 1.31474e-08 1.13366e-06 5.72054e-16 0 3.88658e-15 0 1.55785e-14 0 3.24713e-14 0 4.2754e-14 0 4.97305e-14 0 5.51334e-14 0 5.96382e-14 0 7.5255e-14 0 9.36002e-14 0 1.05781e-13 0 1.15071e-13 0 1.22729e-13 0 1.29247e-13 0 1.35001e-13 0 1.40069e-13 0 1.44709e-13 0 1.48961e-13 0 1.52866e-13 0 1.56511e-13 0 1.59895e-13 0 1.63105e-13 0 1.66141e-13 0 1.69002e-13 0 1.71686e-13 0 1.74283e-13 0 1.76793e-13 0 1.79216e-13 0 1.8155e-13 0 1.83707e-13 0 1.85865e-13 0 1.87934e-13 0 1.89915e-13 0 1.91807e-13 0 1.93699e-13 0 1.95593e-13 0 1.97307e-13 0 1.99022e-13 0 2.00738e-13 0 2.02364e-13 0 2.039e-13 0 2.05527e-13 0 2.06974e-13 0 2.08512e-13 0 2.0996e-13 0 2.11318e-13 0 2.12767e-13 0 2.14126e-13 0 2.15486e-13 0 2.16755e-13 0 2.18024e-13 0 2.19294e-13 0 2.20564e-13 0 2.21743e-13 0 2.22923e-13 0 2.24104e-13 0 2.25284e-13 0 2.26374e-13 0 2.27555e-13 0 2.28645e-13 0 2.29736e-13 0 2.30827e-13 0 2.31827e-13 0 2.32918e-13 0 2.33919e-13 0 2.34919e-13 0 2.3592e-13 0 2.36921e-13 0
675.157 1.55256e-14 1.55256e-14 1.81051e-22 1.16614e-08 1.04795e-06 5.46253e-16 0 3.39435e-15 0 1.28397e-14 0 2.60789e-14 0 3.40463e-14 0 3.94292e-14 0 4.35885e-14 0 4.70511e-14 0 5.90258e-14 0 7.30507e-14 0 8.23454e-14 0 8.94265e-14 0 9.52609e-14 0 1.00224e-13 0 1.04603e-13 0 1.08459e-13 0 1.11988e-13 0 1.15222e-13 0 1.18191e-13 0 1.20962e-13 0 1.23535e-13 0 1.25974e-13 0 1.28281e-13 0 1.30455e-13 0 1.32494e-13 0 1.34468e-13 0 1.36375e-13 0 1.38215e-13 0 1.39988e-13 0 1.41626e-13 0 1.43264e-13 0 1.44836e-13 0 1.4634e-13 0 1.47776e-13 0 1.49213e-13 0 1.50651e-13 0 1.51952e-13 0 1.53254e-13 0 1.54556e-13 0 1.55791e-13 0 1.56957e-13 0 1.58192e-13 0 1.59291e-13 0 1.60458e-13 0 1.61557e-13 0 1.62588e-13 0 1.63687e-13 0 1.64718e-13 0 1.6575e-13 0 1.66713e-13 0 1.67676e-13 0 1.6864e-13 0 1.69603e-13 0 1.70498e-13 0 1.71394e-13 0 1.72289e-13 0 1.73185e-13 0 1.74012e-13 0 1.74908e-13 0 1.75735e-13 0 1.76562e-13 0 1.7739e-13 0 1.78149e-13 0 1.78977e-13 0 1.79736e-13 0 1.80495e-13 0 1.81254e-13 0 1.82013e-13 0
709.813 1.43145e-14 1.43145e-14 1.48409e-22 1.03678e-08 9.67716e-07 5.13325e-16 0 2.93176e-15 0 1.05022e-14 0 2.08197e-14 0 2.69641e-14 0 3.10996e-14 0 3.42883e-14 0 3.69393e-14 0 4.60868e-14 0 5.67715e-14 0 6.38405e-14 0 6.92209e-14 0 7.36512e-14 0 7.74181e-14 0 8.0741e-14 0 8.36658e-14 0 8.63423e-14 0 8.8794e-14 0 9.10452e-14 0 9.31458e-14 0 9.50952e-14 0 9.69441e-14 0 9.86921e-14 0 1.00339e-13 0 1.01884e-13 0 1.03379e-13 0 1.04823e-13 0 1.06217e-13 0 1.0756e-13 0 1.088e-13 0 1.10041e-13 0 1.11231e-13 0 1.1237e-13 0 1.13457e-13 0 1.14545e-13 0 1.15633e-13 0 1.16619e-13 0 1.17604e-13 0 1.1859e-13 0 1.19524e-13 0 1.20407e-13 0 1.21342e-13 0 1.22173e-13 0 1.23057e-13 0 1.23889e-13 0 1.24669e-13 0 1.25501e-13 0 1.26281e-13 0 1.27062e-13 0 1.27791e-13 0 1.28519e-13 0 1.29248e-13 0 1.29978e-13 0 1.30655e-13 0 1.31332e-13 0 1.3201e-13 0 1.32688e-13 0 1.33313e-13 0 1.33991e-13 0 1.34617e-13 0 1.35243e-13 0 1.35869e-13 0 1.36443e-13 0 1.37069e-13 0 1.37643e-13 0 1.38218e-13 0 1.38792e-13 0 1.39366e-13 0
746.248 1.32169e-14 1.32169e-14 1.21611e-22 9.20111e-09 8.91356e-07 4.76944e-16 0 2.51549e-15 0 8.56171e-15 0 1.65909e-14 0 2.1327e-14 0 2.45034e-14 0 2.69481e-14 0 2.89779e-14 0 3.59679e-14 0 4.41125e-14 0 4.94925e-14 0 5.3584e-14 0 5.69512e-14 0 5.98129e-14 0 6.23366e-14 0 6.45574e-14 0 6.65891e-14 0 6.845e-14 0 7.01583e-14 0 7.17521e-14 0 7.32311e-14 0 7.46337e-14 0 7.59596e-14 0 7.72085e-14 0 7.83803e-14 0 7.95138e-14 0 8.0609e-14 0 8.16657e-14 0 8.26839e-14 0 8.36242e-14 0 8.45651e-14 0 8.54671e-14 0 8.63303e-14 0 8.71546e-14 0 8.79793e-14 0 8.88042e-14 0 8.95509e-14 0 9.02978e-14 0 9.1045e-14 0 9.1753e-14 0 9.24219e-14 0 9.31304e-14 0 9.37603e-14 0 9.44298e-14 0 9.50601e-14 0 9.56511e-14 0 9.62816e-14 0 9.68729e-14 0 9.74643e-14 0 9.80165e-14 0 9.85687e-14 0 9.9121e-14 0 9.96734e-14 0 1.00187e-13 0 1.007e-13 0 1.01213e-13 0 1.01726e-13 0 1.022e-13 0 1.02714e-13 0 1.03188e-13 0 1.03662e-13 0 1.04136e-13 0 1.04571e-13 0 1.05045e-13 0 1.0548e-13 0 1.05915e-13 0 1.0635e-13 0 1.06785e-13 0
784.553 1.22337e-14 1.22337e-14 9.96333e-23 8.14414e-09 8.19922e-07 4.38894e-16 0 2.14728e-15 0 6.96576e-15 0 1.32132e-14 0 1.68662e-14 0 1.93084e-14 0 2.11847e-14 0 2.27408e-14 0 2.809e-14 0 3.43087e-14 0 3.84107e-14 0 4.15279e-14 0 4.4092e-14 0 4.62705e-14 0 4.81909e-14 0 4.98806e-14 0 5.14261e-14 0 5.28414e-14 0 5.41405e-14 0 5.53524e-14 0 5.64768e-14 0 5.7543e-14 0 5.85509e-14 0 5.95002e-14 0 6.03908e-14 0 6.12522e-14 0 6.20845e-14 0 6.28874e-14 0 6.36611e-14 0 6.43755e-14 0 6.50903e-14 0 6.57756e-14 0 6.64314e-14 0 6.70576e-14 0 6.7684e-14 0 6.83107e-14 0 6.88778e-14 0 6.94451e-14 0 7.00126e-14 0 7.05504e-14 0 7.10584e-14 0 7.15965e-14 0 7.20749e-14 0 7.25833e-14 0 7.30619e-14 0 7.35107e-14 0 7.39896e-14 0 7.44386e-14 0 7.48877e-14 0 7.53069e-14 0 7.57262e-14 0 7.61456e-14 0 7.6565e-14 0 7.69546e-14 0 7.73442e-14 0 7.77339e-14 0 7.81237e-14 0 7.84835e-14 0 7.88733e-14 0 7.92333e-14 0 7.95932e-14 0 7.99533e-14 0 8.02833e-14 0 8.06434e-14 0 8.09736e-14 0 8.13038e-14 0 8.1634e-14 0 8.19643e-14 0
824.824 1.13466e-14 1.13466e-14 8.1618e-23 7.19319e-09 7.53237e-07 4.00093e-16 0 1.82361e-15 0 5.65497e-15 0 1.05142e-14 0 1.33328e-14 0 1.52118e-14 0 1.66531e-14 0 1.78472e-14 0 2.1945e-14 0 2.66994e-14 0 2.98315e-14 0 3.221e-14 0 3.41656e-14 0 3.58265e-14 0 3.72903e-14 0 3.8578e-14 0 3.97556e-14 0 4.08337e-14 0 4.18233e-14 0 4.27463e-14 0 4.36026e-14 0 4.44146e-14 0 4.5182e-14 0 4.59048e-14 0 4.65828e-14 0 4.72386e-14 0 4.78721e-14 0 4.84834e-14 0 4.90722e-14 0 4.9616e-14 0 5.01601e-14 0 5.06816e-14 0 5.11807e-14 0 5.16572e-14 0 5.21339e-14 0 5.26108e-14 0 5.30423e-14 0 5.3474e-14 0 5.39058e-14 0 5.4315e-14 0 5.47015e-14 0 5.51109e-14 0 5.54749e-14 0 5.58617e-14 0 5.62258e-14 0 5.65672e-14 0 5.69315e-14 0 5.72731e-14 0 5.76147e-14 0 5.79336e-14 0 5.82526e-14 0 5.85716e-14 0 5.88907e-14 0 5.9187e-14 0 5.94833e-14 0 5.97798e-14 0 6.00762e-14 0 6.03499e-14 0 6.06464e-14 0 6.09202e-14 0 6.11939e-14 0 6.14678e-14 0 6.17188e-14 0 6.19927e-14 0 6.22438e-14 0 6.24949e-14 0 6.27461e-14 0 6.29972e-14 0
867.163 1.05358e-14 1.05358e-14 6.68709e-23 6.347e-09 6.91471e-07 3.61215e-16 0 1.54013e-15 0 4.57806e-15 0 8.35359e-15 0 1.05277e-14 0 1.19731e-14 0 1.30803e-14 0 1.39967e-14 0 1.7137e-14 0 2.07737e-14 0 2.31666e-14 0 2.49827e-14 0 2.64752e-14 0 2.77425e-14 0 2.88591e-14 0 2.98411e-14 0 3.07391e-14 0 3.15612e-14 0 3.23156e-14 0 3.30192e-14 0 3.36719e-14 0 3.42907e-14 0 3.48755e-14 0 3.54263e-14 0 3.5943e-14 0 3.64427e-14 0 3.69254e-14 0 3.73911e-14 0 3.78397e-14 0 3.8254e-14 0 3.86684e-14 0 3.90657e-14 0 3.94459e-14 0 3.98089e-14 0 4.0172e-14 0 4.05351e-14 0 4.08638e-14 0 4.11926e-14 0 4.15215e-14 0 4.18331e-14 0 4.21275e-14 0 4.24392e-14 0 4.27164e-14 0 4.3011e-14 0 4.32883e-14 0 4.35483e-14 0 4.38256e-14 0 4.40857e-14 0 4.43459e-14 0 4.45887e-14 0 4.48315e-14 0 4.50745e-14 0 4.53174e-14 0 4.5543e-14 0 4.57686e-14 0 4.59943e-14 0 4.622e-14 0 4.64284e-14 0 4.66541e-14 0 4.68626e-14 0 4.7071e-14 0 4.72795e-14 0 4.74706e-14 0 4.76791e-14 0 4.78702e-14 0 4.80614e-14 0 4.82526e-14 0 4.84438e-14 0
911.674 9.8164e-15 9.8164e-15 5.47778e-23 5.58023e-09 6.3277e-07 3.23904e-16 0 1.29695e-15 0 3.70517e-15 0 6.64282e-15 0 8.32317e-15 0 9.43768e-15 0 1.02903e-14 0 1.09954e-14 0 1.34082e-14 0 1.61977e-14 0 1.80313e-14 0 1.9422e-14 0 2.05646e-14 0 2.15344e-14 0 2.23888e-14 0 2.31401e-14 0 2.3827e-14 0 2.44557e-14 0 2.50326e-14 0 2.55707e-14 0 2.60697e-14 0 2.65429e-14 0 2.699e-14 0 2.7411e-14 0 2.7806e-14 0 2.81879e-14 0 2.85569e-14 0 2.89128e-14 0 2.92557e-14 0 2.95723e-14 0 2.9889e-14 0 3.01926e-14 0 3.04831e-14 0 3.07605e-14 0 3.1038e-14 0 3.13155e-14 0 3.15666e-14 0 3.18179e-14 0 3.20691e-14 0 3.23072e-14 0 3.25321e-14 0 3.27703e-14 0 3.29821e-14 0 3.32071e-14 0 3.34189e-14 0 3.36176e-14 0 3.38295e-14 0 3.40282e-14 0 3.42269e-14 0 3.44124e-14 0 3.45979e-14 0 3.47834e-14 0 3.4969e-14 0 3.51414e-14 0 3.53137e-14 0 3.54861e-14 0 3.56585e-14 0 3.58176e-14 0 3.59901e-14 0 3.61493e-14 0 3.63085e-14 0 3.64677e-14 0 3.66137e-14 0 3.67729e-14 0 3.69189e-14 0 3.70649e-14 0 3.72109e-14 0 3.7357e-14 0
958.471 9.19653e-15 9.19653e-15 4.48665e-23 4.87863e-09 5.79817e-07 2.89249e-16 0 1.09171e-15 0 3.00482e-15 0 5.29894e-15 0 6.60322e-15 0 7.46642e-15 0 8.12598e-15 0 8.67101e-15 0 1.05338e-14 0 1.26841e-14 0 1.40962e-14 0 1.51667e-14 0 1.60459e-14 0 1.6792e-14 0 1.74491e-14 0 1.80269e-14 0 1.8555e-14 0 1.90384e-14 0 1.94819e-14 0 1.98955e-14 0 2.02791e-14 0 2.06427e-14 0 2.09863e-14 0 2.13099e-14 0 2.16134e-14 0 2.19069e-14 0 2.21904e-14 0 2.24639e-14 0 2.27274e-14 0 2.29706e-14 0 2.32139e-14 0 2.34472e-14 0 2.36704e-14 0 2.38835e-14 0 2.40966e-14 0 2.43098e-14 0 2.45027e-14 0 2.46957e-14 0 2.48887e-14 0 2.50716e-14 0 2.52443e-14 0 2.54273e-14 0 2.55899e-14 0 2.57628e-14 0 2.59255e-14 0 2.6078e-14 0 2.62408e-14 0 2.63934e-14 0 2.6546e-14 0 2.66884e-14 0 2.68309e-14 0 2.69734e-14 0 2.71159e-14 0 2.72483e-14 0 2.73806e-14 0 2.7513e-14 0 2.76454e-14 0 2.77676e-14 0 2.79e-14 0 2.80223e-14 0 2.81445e-14 0 2.82668e-14 0 2.83789e-14 0 2.85012e-14 0 2.86133e-14 0 2.87254e-14 0 2.88375e-14 0 2.89497e-14 0
1007.67 8.65226e-15 8.65226e-15 3.67517e-23 4.24765e-09 5.28395e-07 2.5705e-16 0 9.17716e-16 0 2.43923e-15 0 4.23538e-15 0 5.2509e-15 0 5.92166e-15 0 6.43363e-15 0 6.8564e-15 0 8.29969e-15 0 9.9635e-15 0 1.10552e-14 0 1.18824e-14 0 1.25615e-14 0 1.31377e-14 0 1.36452e-14 0 1.40912e-14 0 1.44989e-14 0 1.4872e-14 0 1.52144e-14 0 1.55336e-14 0 1.58296e-14 0 1.61102e-14 0 1.63753e-14 0 1.6625e-14 0 1.68592e-14 0 1.70856e-14 0 1.73044e-14 0 1.75153e-14 0 1.77186e-14 0 1.79062e-14 0 1.80939e-14 0 1.82739e-14 0 1.8446e-14 0 1.86104e-14 0 1.87748e-14 0 1.89392e-14 0 1.9088e-14 0 1.92369e-14 0 1.93857e-14 0 1.95268e-14 0 1.966e-14 0 1.98011e-14 0 1.99265e-14 0 2.00598e-14 0 2.01853e-14 0 2.03029e-14 0 2.04284e-14 0 2.05461e-14 0 2.06638e-14 0 2.07737e-14 0 2.08835e-14 0 2.09934e-14 0 2.11033e-14 0 2.12054e-14 0 2.13074e-14 0 2.14095e-14 0 2.15116e-14 0 2.16058e-14 0 2.17079e-14 0 2.18022e-14 0 2.18964e-14 0 2.19907e-14 0 2.20771e-14 0 2.21714e-14 0 2.22579e-14 0 2.23443e-14 0 2.24307e-14 0 2.25172e-14 0
1059.39 8.15366e-15 8.15366e-15 3.01179e-23 3.69379e-09 4.83452e-07 2.26863e-16 0 7.68709e-16 0 1.97735e-15 0 3.38379e-15 0 4.17498e-15 0 4.69662e-15 0 5.09439e-15 0 5.42264e-15 0 6.54212e-15 0 7.83105e-15 0 8.67607e-15 0 9.31612e-15 0 9.84147e-15 0 1.02871e-14 0 1.06795e-14 0 1.10243e-14 0 1.13395e-14 0 1.16279e-14 0 1.18925e-14 0 1.21392e-14 0 1.2368e-14 0 1.25849e-14 0 1.27898e-14 0 1.29827e-14 0 1.31636e-14 0 1.33386e-14 0 1.35076e-14 0 1.36706e-14 0 1.38276e-14 0 1.39726e-14 0 1.41176e-14 0 1.42566e-14 0 1.43896e-14 0 1.45166e-14 0 1.46436e-14 0 1.47706e-14 0 1.48855e-14 0 1.50005e-14 0 1.51155e-14 0 1.52244e-14 0 1.53273e-14 0 1.54363e-14 0 1.55332e-14 0 1.56362e-14 0 1.57331e-14 0 1.58239e-14 0 1.59209e-14 0 1.60118e-14 0 1.61026e-14 0 1.61875e-14 0 1.62723e-14 0 1.63572e-14 0 1.64421e-14 0 1.65209e-14 0 1.65997e-14 0 1.66785e-14 0 1.67574e-14 0 1.68301e-14 0 1.6909e-14 0 1.69818e-14 0 1.70546e-14 0 1.71274e-14 0 1.71941e-14 0 1.72669e-14 0 1.73337e-14 0 1.74004e-14 0 1.74672e-14 0 1.75339e-14 0
1113.77 7.67888e-15 7.67888e-15 2.46801e-23 3.21402e-09 4.42503e-07 1.98488e-16 0 6.40345e-16 0 1.59733e-15 0 2.6964e-15 0 3.31184e-15 0 3.71695e-15 0 4.02559e-15 0 4.28014e-15 0 5.14745e-15 0 6.14492e-15 0 6.7984e-15 0 7.29317e-15 0 7.69917e-15 0 8.0435e-15 0 8.34664e-15 0 8.61304e-15 0 8.8565e-15 0 9.07927e-15 0 9.28361e-15 0 9.47413e-15 0 9.6508e-15 0 9.81825e-15 0 9.97646e-15 0 1.01254e-14 0 1.02651e-14 0 1.04002e-14 0 1.05307e-14 0 1.06565e-14 0 1.07777e-14 0 1.08897e-14 0 1.10016e-14 0 1.11089e-14 0 1.12116e-14 0 1.13096e-14 0 1.14076e-14 0 1.15056e-14 0 1.15944e-14 0 1.16831e-14 0 1.17718e-14 0 1.18559e-14 0 1.19354e-14 0 1.20195e-14 0 1.20942e-14 0 1.21737e-14 0 1.22485e-14 0 1.23186e-14 0 1.23934e-14 0 1.24636e-14 0 1.25337e-14 0 1.25992e-14 0 1.26647e-14 0 1.27301e-14 0 1.27956e-14 0 1.28565e-14 0 1.29173e-14 0 1.29781e-14 0 1.3039e-14 0 1.30951e-14 0 1.3156e-14 0 1.32121e-14 0 1.32683e-14 0 1.33245e-14 0 1.3376e-14 0 1.34322e-14 0 1.34837e-14 0 1.35352e-14 0 1.35867e-14 0 1.36382e-14 0
1170.94 7.23731e-15 7.23731e-15 2.02266e-23 2.79476e-09 4.06851e-07 1.72483e-16 0 5.3138e-16 0 1.28788e-15 0 2.14633e-15 0 2.62503e-15 0 2.93966e-15 0 3.17917e-15 0 3.3766e-15 0 4.04876e-15 0 4.82098e-15 0 5.32656e-15 0 5.70923e-15 0 6.02317e-15 0 6.28937e-15 0 6.5237e-15 0 6.72961e-15 0 6.91777e-15 0 7.08993e-15 0 7.24783e-15 0 7.39505e-15 0 7.53156e-15 0 7.66094e-15 0 7.78318e-15 0 7.89826e-15 0 8.00619e-15 0 8.11055e-15 0 8.21134e-15 0 8.30855e-15 0 8.40219e-15 0 8.48864e-15 0 8.57511e-15 0 8.65799e-15 0 8.73729e-15 0 8.81299e-15 0 8.8887e-15 0 8.96443e-15 0 9.03295e-15 0 9.10148e-15 0 9.17003e-15 0 9.23497e-15 0 9.29631e-15 0 9.36127e-15 0 9.41902e-15 0 9.48038e-15 0 9.53814e-15 0 9.5923e-15 0 9.65007e-15 0 9.70423e-15 0 9.7584e-15 0 9.80897e-15 0 9.85954e-15 0 9.91011e-15 0 9.96068e-15 0 1.00076e-14 0 1.00546e-14 0 1.01016e-14 0 1.01486e-14 0 1.01919e-14 0 1.02389e-14 0 1.02823e-14 0 1.03257e-14 0 1.0369e-14 0 1.04088e-14 0 1.04522e-14 0 1.0492e-14 0 1.05317e-14 0 1.05715e-14 0 1.06113e-14 0
1231.05 6.81813e-15 6.81813e-15 1.65761e-23 2.43118e-09 3.71731e-07 1.48755e-16 0 4.38871e-16 0 1.03532e-15 0 1.70476e-15 0 2.07665e-15 0 2.32075e-15 0 2.50643e-15 0 2.65943e-15 0 3.17988e-15 0 3.77726e-15 0 4.16815e-15 0 4.46391e-15 0 4.7065e-15 0 4.91217e-15 0 5.09319e-15 0 5.25225e-15 0 5.39759e-15 0 5.53055e-15 0 5.6525e-15 0 5.76619e-15 0 5.87161e-15 0 5.97151e-15 0 6.0659e-15 0 6.15476e-15 0 6.2381e-15 0 6.31867e-15 0 6.39649e-15 0 6.47154e-15 0 6.54383e-15 0 6.61058e-15 0 6.67733e-15 0 6.74132e-15 0 6.80253e-15 0 6.86097e-15 0 6.91942e-15 0 6.97787e-15 0 7.03077e-15 0 7.08367e-15 0 7.13658e-15 0 7.18671e-15 0 7.23406e-15 0 7.2842e-15 0 7.32878e-15 0 7.37614e-15 0 7.42072e-15 0 7.46252e-15 0 7.50711e-15 0 7.54892e-15 0 7.59073e-15 0 7.62976e-15 0 7.66879e-15 0 7.70782e-15 0 7.74685e-15 0 7.7831e-15 0 7.81936e-15 0 7.85561e-15 0 7.89187e-15 0 7.92534e-15 0 7.9616e-15 0 7.99507e-15 0 8.02855e-15 0 8.06202e-15 0 8.09271e-15 0 8.12619e-15 0 8.15688e-15 0 8.18758e-15 0 8.21827e-15 0 8.24897e-15 0
1294.24 6.40793e-15 6.40793e-15 1.35913e-23 2.12101e-09 3.41227e-07 1.27131e-16 0 3.60147e-16 0 8.28342e-16 0 1.34861e-15 0 1.63663e-15 0 1.82545e-15 0 1.96899e-15 0 2.0872e-15 0 2.48908e-15 0 2.94996e-15 0 3.25138e-15 0 3.47938e-15 0 3.66635e-15 0 3.82485e-15 0 3.96434e-15 0 4.08689e-15 0 4.19886e-15 0 4.3013e-15 0 4.39524e-15 0 4.48282e-15 0 4.56402e-15 0 4.64097e-15 0 4.71367e-15 0 4.78211e-15 0 4.84629e-15 0 4.90835e-15 0 4.96828e-15 0 5.02608e-15 0 5.08175e-15 0 5.13315e-15 0 5.18456e-15 0 5.23383e-15 0 5.28097e-15 0 5.32597e-15 0 5.37098e-15 0 5.41599e-15 0 5.45672e-15 0 5.49746e-15 0 5.5382e-15 0 5.5768e-15 0 5.61326e-15 0 5.65186e-15 0 5.68618e-15 0 5.72265e-15 0 5.75698e-15 0 5.78916e-15 0 5.8235e-15 0 5.85569e-15 0 5.88788e-15 0 5.91792e-15 0 5.94797e-15 0 5.97803e-15 0 6.00808e-15 0 6.03599e-15 0 6.0639e-15 0 6.09181e-15 0 6.11972e-15 0 6.14549e-15 0 6.17341e-15 0 6.19918e-15 0 6.22495e-15 0 6.25072e-15 0 6.27435e-15 0 6.30012e-15 0 6.32375e-15 0 6.34738e-15 0 6.37101e-15 0 6.39465e-15 0
1360.67 5.97811e-15 5.97811e-15 1.11449e-23 1.86428e-09 3.14598e-07 1.07174e-16 0 2.92262e-16 0 6.56414e-16 0 1.05739e-15 0 1.27868e-15 0 1.42359e-15 0 1.53368e-15 0 1.62432e-15 0 1.93224e-15 0 2.28511e-15 0 2.51577e-15 0 2.6902e-15 0 2.83323e-15 0 2.95445e-15 0 3.06113e-15 0 3.15485e-15 0 3.24047e-15 0 3.31879e-15 0 3.39062e-15 0 3.45757e-15 0 3.51965e-15 0 3.57848e-15 0 3.63406e-15 0 3.68638e-15 0 3.73545e-15 0 3.78288e-15 0 3.82869e-15 0 3.87288e-15 0 3.91543e-15 0 3.95472e-15 0 3.99401e-15 0 4.03167e-15 0 4.0677e-15 0 4.1021e-15 0 4.1365e-15 0 4.1709e-15 0 4.20203e-15 0 4.23316e-15 0 4.2643e-15 0 4.2938e-15 0 4.32166e-15 0 4.35117e-15 0 4.3774e-15 0 4.40527e-15 0 4.4315e-15 0 4.4561e-15 0 4.48234e-15 0 4.50694e-15 0 4.53154e-15 0 4.5545e-15 0 4.57746e-15 0 4.60043e-15 0 4.6234e-15 0 4.64472e-15 0 4.66605e-15 0 4.68738e-15 0 4.70871e-15 0 4.7284e-15 0 4.74973e-15 0 4.76943e-15 0 4.78912e-15 0 4.80882e-15 0 4.82687e-15 0 4.84657e-15 0 4.86462e-15 0 4.88268e-15 0 4.90074e-15 0 4.91879e-15 0
1430.51 5.53126e-15 5.53126e-15 9.13723e-24 1.65192e-09 2.90267e-07 8.90796e-17 0 2.3439e-16 0 5.1482e-16 0 8.21055e-16 0 9.89576e-16 0 1.09982e-15 0 1.18353e-15 0 1.25242e-15 0 1.48634e-15 0 1.75422e-15 0 1.92925e-15 0 2.06158e-15 0 2.17007e-15 0 2.26201e-15 0 2.34291e-15 0 2.41398e-15 0 2.47891e-15 0 2.53829e-15 0 2.59275e-15 0 2.64352e-15 0 2.69058e-15 0 2.73518e-15 0 2.77732e-15 0 2.81698e-15 0 2.85418e-15 0 2.89014e-15 0 2.92486e-15 0 2.95835e-15 0 2.99061e-15 0 3.02039e-15 0 3.05018e-15 0 3.07872e-15 0 3.10603e-15 0 3.1321e-15 0 3.15817e-15 0 3.18425e-15 0 3.20785e-15 0 3.23144e-15 0 3.25504e-15 0 3.2774e-15 0 3.29852e-15 0 3.32088e-15 0 3.34076e-15 0 3.36188e-15 0 3.38177e-15 0 3.40041e-15 0 3.42029e-15 0 3.43894e-15 0 3.45758e-15 0 3.47498e-15 0 3.49239e-15 0 3.50979e-15 0 3.5272e-15 0 3.54336e-15 0 3.55952e-15 0 3.57569e-15 0 3.59185e-15 0 3.60677e-15 0 3.62294e-15 0 3.63786e-15 0 3.65279e-15 0 3.66771e-15 0 3.6814e-15 0 3.69632e-15 0 3.71e-15 0 3.72369e-15 0 3.73737e-15 0 3.75106e-15 0
1503.94 5.08594e-15 5.08594e-15 7.48974e-24 1.47264e-09 2.73119e-07 7.31718e-17 0 1.86186e-16 0 4.00471e-16 0 6.3271e-16 0 7.60181e-16 0 8.43494e-16 0 9.06727e-16 0 9.58748e-16 0 1.13529e-15 0 1.33734e-15 0 1.4693e-15 0 1.56906e-15 0 1.65082e-15 0 1.72011e-15 0 1.78107e-15 0 1.83462e-15 0 1.88354e-15 0 1.92829e-15 0 1.96932e-15 0 2.00756e-15 0 2.04302e-15 0 2.07662e-15 0 2.10836e-15 0 2.13824e-15 0 2.16626e-15 0 2.19334e-15 0 2.2195e-15 0 2.24473e-15 0 2.26903e-15 0 2.29146e-15 0 2.31389e-15 0 2.33539e-15 0 2.35596e-15 0 2.3756e-15 0 2.39524e-15 0 2.41488e-15 0 2.43265e-15 0 2.45042e-15 0 2.46819e-15 0 2.48503e-15 0 2.50094e-15 0 2.51778e-15 0 2.53275e-15 0 2.54866e-15 0 2.56363e-15 0 2.57767e-15 0 2.59265e-15 0 2.60669e-15 0 2.62073e-15 0 2.63384e-15 0 2.64694e-15 0 2.66005e-15 0 2.67316e-15 0 2.68533e-15 0 2.6975e-15 0 2.70967e-15 0 2.72185e-15 0 2.73309e-15 0 2.74526e-15 0 2.7565e-15 0 2.76774e-15 0 2.77898e-15 0 2.78928e-15 0 2.80052e-15 0 2.81082e-15 0 2.82113e-15 0 2.83143e-15 0 2.84174e-15 0
1581.14 4.59645e-15 4.59645e-15 6.13884e-24 1.33556e-09 2.55044e-07 5.87695e-17 0 1.44911e-16 0 3.05627e-16 0 4.78613e-16 0 5.73339e-16 0 6.35199e-16 0 6.82129e-16 0 7.20726e-16 0 8.51653e-16 0 1.00141e-15 0 1.09919e-15 0 1.17308e-15 0 1.23364e-15 0 1.28496e-15 0 1.33011e-15 0 1.36977e-15 0 1.40599e-15 0 1.43912e-15 0 1.4695e-15 0 1.49782e-15 0 1.52407e-15 0 1.54895e-15 0 1.57245e-15 0 1.59457e-15 0 1.61531e-15 0 1.63536e-15 0 1.65473e-15 0 1.67341e-15 0 1.69139e-15 0 1.708e-15 0 1.72461e-15 0 1.74052e-15 0 1.75575e-15 0 1.77028e-15 0 1.78482e-15 0 1.79936e-15 0 1.81251e-15 0 1.82567e-15 0 1.83883e-15 0 1.85129e-15 0 1.86306e-15 0 1.87553e-15 0 1.88661e-15 0 1.89839e-15 0 1.90947e-15 0 1.91986e-15 0 1.93095e-15 0 1.94134e-15 0 1.95173e-15 0 1.96143e-15 0 1.97113e-15 0 1.98083e-15 0 1.99054e-15 0 1.99955e-15 0 2.00856e-15 0 2.01757e-15 0 2.02658e-15 0 2.03489e-15 0 2.0439e-15 0 2.05222e-15 0 2.06054e-15 0 2.06886e-15 0 2.07648e-15 0 2.0848e-15 0 2.09243e-15 0 2.10006e-15 0 2.10768e-15 0 2.11531e-15 0
1662.3 4.13722e-15 4.13722e-15 5.02747e-24 1.21518e-09 2.32573e-07 4.67817e-17 0 1.12001e-16 0 2.31899e-16 0 3.60145e-16 0 4.30222e-16 0 4.75951e-16 0 5.10629e-16 0 5.39143e-16 0 6.35823e-16 0 7.46352e-16 0 8.18493e-16 0 8.73005e-16 0 9.17676e-16 0 9.55525e-16 0 9.88822e-16 0 1.01807e-15 0 1.04478e-15 0 1.06921e-15 0 1.09161e-15 0 1.11249e-15 0 1.13185e-15 0 1.15019e-15 0 1.16752e-15 0 1.18383e-15 0 1.19912e-15 0 1.2139e-15 0 1.22818e-15 0 1.24195e-15 0 1.25521e-15 0 1.26745e-15 0 1.2797e-15 0 1.29143e-15 0 1.30266e-15 0 1.31337e-15 0 1.32409e-15 0 1.33481e-15 0 1.3445e-15 0 1.3542e-15 0 1.3639e-15 0 1.37309e-15 0 1.38177e-15 0 1.39096e-15 0 1.39913e-15 0 1.40781e-15 0 1.41598e-15 0 1.42364e-15 0 1.43181e-15 0 1.43947e-15 0 1.44713e-15 0 1.45428e-15 0 1.46143e-15 0 1.46858e-15 0 1.47573e-15 0 1.48237e-15 0 1.48901e-15 0 1.49566e-15 0 1.5023e-15 0 1.50843e-15 0 1.51507e-15 0 1.5212e-15 0 1.52733e-15 0 1.53346e-15 0 1.53909e-15 0 1.54522e-15 0 1.55084e-15 0 1.55646e-15 0 1.56208e-15 0 1.5677e-15 0
1747.63 3.78126e-15 3.78126e-15 4.11471e-24 1.08818e-09 2.1876e-07 3.76402e-17 0 8.76577e-17 0 1.78378e-16 0 2.74864e-16 0 3.27485e-16 0 3.61799e-16 0 3.87812e-16 0 4.09195e-16 0 4.81671e-16 0 5.64491e-16 0 6.18531e-16 0 6.59358e-16 0 6.92812e-16 0 7.21155e-16 0 7.46087e-16 0 7.67984e-16 0 7.87984e-16 0 8.06276e-16 0 8.23048e-16 0 8.3868e-16 0 8.53171e-16 0 8.66902e-16 0 8.79873e-16 0 8.92083e-16 0 9.03531e-16 0 9.14599e-16 0 9.25286e-16 0 9.35593e-16 0 9.45519e-16 0 9.54683e-16 0 9.63848e-16 0 9.72631e-16 0 9.81033e-16 0 9.89054e-16 0 9.97076e-16 0 1.0051e-15 0 1.01236e-15 0 1.01962e-15 0 1.02687e-15 0 1.03375e-15 0 1.04025e-15 0 1.04713e-15 0 1.05324e-15 0 1.05974e-15 0 1.06585e-15 0 1.07159e-15 0 1.0777e-15 0 1.08344e-15 0 1.08917e-15 0 1.09452e-15 0 1.09987e-15 0 1.10523e-15 0 1.11058e-15 0 1.11555e-15 0 1.12052e-15 0 1.12549e-15 0 1.13046e-15 0 1.13505e-15 0 1.14002e-15 0 1.14461e-15 0 1.1492e-15 0 1.15379e-15 0 1.15799e-15 0 1.16258e-15 0 1.16679e-15 0 1.171e-15 0 1.1752e-15 0 1.17941e-15 0
1837.33 3.5164e-15 3.5164e-15 3.36722e-24 9.57577e-10 1.93369e-07 3.06829e-17 0 6.96262e-17 0 1.39397e-16 0 2.13219e-16 0 2.53409e-16 0 2.79602e-16 0 2.99451e-16 0 3.15763e-16 0 3.71035e-16 0 4.34169e-16 0 4.75352e-16 0 5.06462e-16 0 5.31952e-16 0 5.53545e-16 0 5.72539e-16 0 5.8922e-16 0 6.04456e-16 0 6.18389e-16 0 6.31165e-16 0 6.43072e-16 0 6.5411e-16 0 6.64569e-16 0 6.74448e-16 0 6.83747e-16 0 6.92467e-16 0 7.00897e-16 0 7.09037e-16 0 7.16887e-16 0 7.24447e-16 0 7.31426e-16 0 7.38405e-16 0 7.45095e-16 0 7.51494e-16 0 7.57602e-16 0 7.63711e-16 0 7.69821e-16 0 7.75348e-16 0 7.80877e-16 0 7.86405e-16 0 7.91643e-16 0 7.9659e-16 0 8.01828e-16 0 8.06484e-16 0 8.11432e-16 0 8.16089e-16 0 8.20455e-16 0 8.25112e-16 0 8.29479e-16 0 8.33845e-16 0 8.3792e-16 0 8.41996e-16 0 8.46072e-16 0 8.50148e-16 0 8.53933e-16 0 8.57718e-16 0 8.61503e-16 0 8.65288e-16 0 8.68782e-16 0 8.72568e-16 0 8.76062e-16 0 8.79556e-16 0 8.83051e-16 0 8.86254e-16 0 8.89749e-16 0 8.92953e-16 0 8.96156e-16 0 8.9936e-16 0 9.02564e-16 0
1931.64 3.31999e-15 3.31999e-15 2.75537e-24 8.29933e-10 1.76996e-07 2.52912e-17 0 5.60121e-17 0 1.10438e-16 0 1.67754e-16 0 1.98909e-16 0 2.19201e-16 0 2.34574e-16 0 2.47206e-16 0 2.89994e-16 0 3.38848e-16 0 3.70709e-16 0 3.94774e-16 0 4.1449e-16 0 4.31191e-16 0 4.45881e-16 0 4.58781e-16 0 4.70563e-16 0 4.81338e-16 0 4.91218e-16 0 5.00425e-16 0 5.08961e-16 0 5.17048e-16 0 5.24687e-16 0 5.31878e-16 0 5.3862e-16 0 5.45138e-16 0 5.51432e-16 0 5.57502e-16 0 5.63347e-16 0 5.68743e-16 0 5.7414e-16 0 5.79312e-16 0 5.84259e-16 0 5.88982e-16 0 5.93705e-16 0 5.98429e-16 0 6.02703e-16 0 6.06977e-16 0 6.11251e-16 0 6.15301e-16 0 6.19125e-16 0 6.23175e-16 0 6.26775e-16 0 6.306e-16 0 6.34201e-16 0 6.37576e-16 0 6.41177e-16 0 6.44552e-16 0 6.47928e-16 0 6.51079e-16 0 6.5423e-16 0 6.57381e-16 0 6.60532e-16 0 6.63458e-16 0 6.66384e-16 0 6.6931e-16 0 6.72237e-16 0 6.74938e-16 0 6.77865e-16 0 6.80566e-16 0 6.83267e-16 0 6.85969e-16 0 6.88446e-16 0 6.91147e-16 0 6.93624e-16 0 6.961e-16 0 6.98577e-16 0 7.01054e-16 0
2030.79 3.14281e-15 3.14281e-15 2.36051e-24 7.51081e-10 1.58784e-07 2.08231e-17 0 4.50763e-17 0 8.76075e-17 0 1.32206e-16 0 1.56413e-16 0 1.72172e-16 0 1.84108e-16 0 1.93913e-16 0 2.27118e-16 0 2.65018e-16 0 2.89729e-16 0 3.08392e-16 0 3.23681e-16 0 3.36631e-16 0 3.48021e-16 0 3.58023e-16 0 3.67158e-16 0 3.75512e-16 0 3.83172e-16 0 3.9031e-16 0 3.96927e-16 0 4.03197e-16 0 4.09119e-16 0 4.14694e-16 0 4.1992e-16 0 4.24973e-16 0 4.29852e-16 0 4.34558e-16 0 4.39089e-16 0 4.43272e-16 0 4.47455e-16 0 4.51465e-16 0 4.553e-16 0 4.58961e-16 0 4.62622e-16 0 4.66284e-16 0 4.69596e-16 0 4.7291e-16 0 4.76223e-16 0 4.79362e-16 0 4.82326e-16 0 4.85466e-16 0 4.88256e-16 0 4.91221e-16 0 4.94012e-16 0 4.96628e-16 0 4.99419e-16 0 5.02036e-16 0 5.04652e-16 0 5.07095e-16 0 5.09537e-16 0 5.11979e-16 0 5.14422e-16 0 5.1669e-16 0 5.18958e-16 0 5.21226e-16 0 5.23494e-16 0 5.25588e-16 0 5.27856e-16 0 5.2995e-16 0 5.32044e-16 0 5.34138e-16 0 5.36058e-16 0 5.38152e-16 0 5.40071e-16 0 5.41991e-16 0 5.43911e-16 0 5.4583e-16 0
2135.03 2.84341e-15 2.84341e-15 2.13563e-24 7.51081e-10 1.43657e-07 1.63276e-17 0 3.45961e-17 0 6.63358e-17 0 9.94894e-17 0 1.17461e-16 0 1.29155e-16 0 1.3801e-16 0 1.45284e-16 0 1.69908e-16 0 1.98005e-16 0 2.16322e-16 0 2.30153e-16 0 2.41483e-16 0 2.51079e-16 0 2.5952e-16 0 2.66931e-16 0 2.737e-16 0 2.7989e-16 0 2.85565e-16 0 2.90854e-16 0 2.95757e-16 0 3.00402e-16 0 3.0479e-16 0 3.0892e-16 0 3.12792e-16 0 3.16536e-16 0 3.20151e-16 0 3.23637e-16 0 3.26994e-16 0 3.30093e-16 0 3.33192e-16 0 3.36162e-16 0 3.39003e-16 0 3.41716e-16 0 3.44428e-16 0 3.47141e-16 0 3.49595e-16 0 3.52049e-16 0 3.54504e-16 0 3.56829e-16 0 3.59025e-16 0 3.61351e-16 0 3.63418e-16 0 3.65615e-16 0 3.67682e-16 0 3.6962e-16 0 3.71688e-16 0 3.73626e-16 0 3.75564e-16 0 3.77374e-16 0 3.79183e-16 0 3.80992e-16 0 3.82802e-16 0 3.84482e-16 0 3.86162e-16 0 3.87842e-16 0 3.89522e-16 0 3.91073e-16 0 3.92754e-16 0 3.94305e-16 0 3.95856e-16 0 3.97407e-16 0 3.98829e-16 0 4.0038e-16 0 4.01802e-16 0 4.03224e-16 0 4.04646e-16 0 4.06068e-16 0
2244.63 2.57254e-15 2.57254e-15 1.93218e-24 7.51081e-10 1.29972e-07 1.27602e-17 0 2.64995e-17 0 5.01688e-17 0 7.48058e-17 0 8.81449e-17 0 9.68214e-17 0 1.0339e-16 0 1.08784e-16 0 1.27043e-16 0 1.4787e-16 0 1.61446e-16 0 1.71696e-16 0 1.80092e-16 0 1.87203e-16 0 1.93457e-16 0 1.98948e-16 0 2.03963e-16 0 2.0855e-16 0 2.12754e-16 0 2.16673e-16 0 2.20305e-16 0 2.23747e-16 0 2.26998e-16 0 2.30057e-16 0 2.32926e-16 0 2.357e-16 0 2.38377e-16 0 2.4096e-16 0 2.43447e-16 0 2.45743e-16 0 2.48039e-16 0 2.50239e-16 0 2.52344e-16 0 2.54353e-16 0 2.56363e-16 0 2.58372e-16 0 2.6019e-16 0 2.62008e-16 0 2.63827e-16 0 2.65549e-16 0 2.67176e-16 0 2.68899e-16 0 2.7043e-16 0 2.72057e-16 0 2.73589e-16 0 2.75025e-16 0 2.76556e-16 0 2.77992e-16 0 2.79428e-16 0 2.80768e-16 0 2.82108e-16 0 2.83449e-16 0 2.84789e-16 0 2.86034e-16 0 2.87278e-16 0 2.88523e-16 0 2.89767e-16 0 2.90916e-16 0 2.92161e-16 0 2.9331e-16 0 2.94459e-16 0 2.95608e-16 0 2.96661e-16 0 2.9781e-16 0 2.98864e-16 0 2.99917e-16 0 3.0097e-16 0 3.02024e-16 0
2359.84 2.32747e-15 2.32747e-15 1.74812e-24 7.51081e-10 1.1759e-07 9.94121e-18 0 2.02596e-17 0 3.78992e-17 0 5.62014e-17 0 6.61001e-17 0 7.25364e-17 0 7.74078e-17 0 8.14082e-17 0 9.4945e-17 0 1.10383e-16 0 1.20443e-16 0 1.28039e-16 0 1.3426e-16 0 1.39529e-16 0 1.44163e-16 0 1.48232e-16 0 1.51947e-16 0 1.55345e-16 0 1.5846e-16 0 1.61364e-16 0 1.64055e-16 0 1.66604e-16 0 1.69013e-16 0 1.71279e-16 0 1.73405e-16 0 1.75459e-16 0 1.77443e-16 0 1.79356e-16 0 1.81199e-16 0 1.82899e-16 0 1.846e-16 0 1.8623e-16 0 1.87789e-16 0 1.89278e-16 0 1.90766e-16 0 1.92255e-16 0 1.93602e-16 0 1.94949e-16 0 1.96296e-16 0 1.97572e-16 0 1.98777e-16 0 2.00053e-16 0 2.01187e-16 0 2.02393e-16 0 2.03527e-16 0 2.04591e-16 0 2.05725e-16 0 2.06789e-16 0 2.07852e-16 0 2.08845e-16 0 2.09838e-16 0 2.10831e-16 0 2.11824e-16 0 2.12746e-16 0 2.13667e-16 0 2.14589e-16 0 2.15511e-16 0 2.16362e-16 0 2.17284e-16 0 2.18135e-16 0 2.18987e-16 0 2.19838e-16 0 2.20618e-16 0 2.21469e-16 0 2.22249e-16 0 2.23029e-16 0 2.2381e-16 0 2.2459e-16 0
2480.97 2.10574e-15 2.10574e-15 1.58158e-24 7.51081e-10 1.06388e-07 7.72241e-18 0 1.54616e-17 0 2.85997e-17 0 4.21919e-17 0 4.95362e-17 0 5.43098e-17 0 5.79222e-17 0 6.08883e-17 0 7.09234e-17 0 8.23651e-17 0 8.98204e-17 0 9.54486e-17 0 1.00058e-16 0 1.03962e-16 0 1.07395e-16 0 1.1041e-16 0 1.13163e-16 0 1.1568e-16 0 1.17988e-16 0 1.20139e-16 0 1.22132e-16 0 1.24021e-16 0 1.25805e-16 0 1.27484e-16 0 1.29059e-16 0 1.30581e-16 0 1.3205e-16 0 1.33468e-16 0 1.34832e-16 0 1.36092e-16 0 1.37352e-16 0 1.3856e-16 0 1.39715e-16 0 1.40817e-16 0 1.4192e-16 0 1.43023e-16 0 1.4402e-16 0 1.45018e-16 0 1.46016e-16 0 1.46961e-16 0 1.47854e-16 0 1.48799e-16 0 1.49639e-16 0 1.50532e-16 0 1.51372e-16 0 1.5216e-16 0 1.53001e-16 0 1.53788e-16 0 1.54576e-16 0 1.55312e-16 0 1.56047e-16 0 1.56782e-16 0 1.57518e-16 0 1.58201e-16 0 1.58884e-16 0 1.59567e-16 0 1.60249e-16 0 1.6088e-16 0 1.61563e-16 0 1.62193e-16 0 1.62824e-16 0 1.63454e-16 0 1.64032e-16 0 1.64662e-16 0 1.6524e-16 0 1.65818e-16 0 1.66396e-16 0 1.66974e-16 0
2608.32 1.90514e-15 1.90514e-15 1.43091e-24 7.51081e-10 9.62531e-08 5.98242e-18 0 1.17803e-17 0 2.15605e-17 0 3.16521e-17 0 3.71002e-17 0 4.06402e-17 0 4.33187e-17 0 4.55177e-17 0 5.29562e-17 0 6.14356e-17 0 6.69599e-17 0 7.11301e-17 0 7.45454e-17 0 7.74377e-17 0 7.99812e-17 0 8.22146e-17 0 8.4254e-17 0 8.61189e-17 0 8.78286e-17 0 8.94219e-17 0 9.08988e-17 0 9.2298e-17 0 9.36196e-17 0 9.48636e-17 0 9.60299e-17 0 9.71573e-17 0 9.8246e-17 0 9.92958e-17 0 1.00307e-16 0 1.0124e-16 0 1.02173e-16 0 1.03068e-16 0 1.03923e-16 0 1.0474e-16 0 1.05557e-16 0 1.06374e-16 0 1.07113e-16 0 1.07852e-16 0 1.08591e-16 0 1.09291e-16 0 1.09952e-16 0 1.10652e-16 0 1.11275e-16 0 1.11936e-16 0 1.12559e-16 0 1.13142e-16 0 1.13765e-16 0 1.14348e-16 0 1.14932e-16 0 1.15477e-16 0 1.16021e-16 0 1.16566e-16 0 1.17111e-16 0 1.17617e-16 0 1.18122e-16 0 1.18628e-16 0 1.19134e-16 0 1.19601e-16 0 1.20107e-16 0 1.20574e-16 0 1.21041e-16 0 1.21508e-16 0 1.21936e-16 0 1.22403e-16 0 1.22831e-16 0 1.23259e-16 0 1.23687e-16 0 1.24115e-16 0
2742.21 1.72365e-15 1.72365e-15 1.2946e-24 7.51081e-10 8.70836e-08 4.62256e-18 0 8.96149e-18 0 1.62384e-17 0 2.37292e-17 0 2.77699e-17 0 3.03948e-17 0 3.23805e-17 0 3.40106e-17 0 3.9524e-17 0 4.58076e-17 0 4.99008e-17 0 5.29906e-17 0 5.55209e-17 0 5.76637e-17 0 5.9548e-17 0 6.12025e-17 0 6.27133e-17 0 6.40949e-17 0 6.53614e-17 0 6.65417e-17 0 6.76357e-17 0 6.86722e-17 0 6.96512e-17 0 7.05727e-17 0 7.14367e-17 0 7.22718e-17 0 7.30783e-17 0 7.38559e-17 0 7.46048e-17 0 7.52961e-17 0 7.59874e-17 0 7.665e-17 0 7.72837e-17 0 7.78887e-17 0 7.84937e-17 0 7.90987e-17 0 7.96461e-17 0 8.01936e-17 0 8.0741e-17 0 8.12596e-17 0 8.17495e-17 0 8.22681e-17 0 8.27292e-17 0 8.3219e-17 0 8.36801e-17 0 8.41123e-17 0 8.45734e-17 0 8.50056e-17 0 8.54379e-17 0 8.58414e-17 0 8.62448e-17 0 8.66483e-17 0 8.70518e-17 0 8.74264e-17 0 8.78011e-17 0 8.81758e-17 0 8.85505e-17 0 8.88963e-17 0 8.9271e-17 0 8.96169e-17 0 8.99627e-17 0 9.03086e-17 0 9.06257e-17 0 9.09715e-17 0 9.12886e-17 0 9.16057e-17 0 9.19227e-17 0 9.22398e-17 0
2882.97 1.55945e-15 1.55945e-15 1.17127e-24 7.51081e-10 7.87877e-08 3.56321e-18 0 6.80714e-18 0 1.22191e-17 0 1.77782e-17 0 2.07747e-17 0 2.27208e-17 0 2.41928e-17 0 2.54011e-17 0 2.94872e-17 0 3.41433e-17 0 3.71761e-17 0 3.94653e-17 0 4.13398e-17 0 4.29273e-17 0 4.43232e-17 0 4.55488e-17 0 4.66681e-17 0 4.76915e-17 0 4.86297e-17 0 4.9504e-17 0 5.03144e-17 0 5.10822e-17 0 5.18074e-17 0 5.249e-17 0 5.313e-17 0 5.37486e-17 0 5.43459e-17 0 5.4922e-17 0 5.54767e-17 0 5.59888e-17 0 5.65009e-17 0 5.69916e-17 0 5.74611e-17 0 5.79092e-17 0 5.83573e-17 0 5.88054e-17 0 5.92109e-17 0 5.96164e-17 0 6.00219e-17 0 6.0406e-17 0 6.07689e-17 0 6.1153e-17 0 6.14945e-17 0 6.18573e-17 0 6.21989e-17 0 6.2519e-17 0 6.28605e-17 0 6.31807e-17 0 6.35009e-17 0 6.37997e-17 0 6.40986e-17 0 6.43974e-17 0 6.46963e-17 0 6.49738e-17 0 6.52513e-17 0 6.55288e-17 0 6.58063e-17 0 6.60625e-17 0 6.634e-17 0 6.65962e-17 0 6.68523e-17 0 6.71085e-17 0 6.73434e-17 0 6.75996e-17 0 6.78344e-17 0 6.80692e-17 0 6.83041e-17 0 6.85389e-17 0
3030.95 1.41089e-15 1.41089e-15 1.05969e-24 7.51081e-10 7.1282e-08 2.74041e-18 0 5.16353e-18 0 9.18689e-18 0 1.33115e-17 0 1.55334e-17 0 1.69761e-17 0 1.80672e-17 0 1.89627e-17 0 2.19908e-17 0 2.54408e-17 0 2.76878e-17 0 2.93837e-17 0 3.07724e-17 0 3.19484e-17 0 3.29825e-17 0 3.38904e-17 0 3.47195e-17 0 3.54776e-17 0 3.61725e-17 0 3.68202e-17 0 3.74205e-17 0 3.79892e-17 0 3.85264e-17 0 3.9032e-17 0 3.9506e-17 0 3.99643e-17 0 4.04068e-17 0 4.08334e-17 0 4.12443e-17 0 4.16236e-17 0 4.20029e-17 0 4.23664e-17 0 4.27141e-17 0 4.30461e-17 0 4.3378e-17 0 4.37099e-17 0 4.40103e-17 0 4.43106e-17 0 4.46109e-17 0 4.48955e-17 0 4.51642e-17 0 4.54488e-17 0 4.57017e-17 0 4.59704e-17 0 4.62234e-17 0 4.64605e-17 0 4.67135e-17 0 4.69506e-17 0 4.71878e-17 0 4.74091e-17 0 4.76305e-17 0 4.78518e-17 0 4.80731e-17 0 4.82787e-17 0 4.84842e-17 0 4.86898e-17 0 4.88953e-17 0 4.90851e-17 0 4.92906e-17 0 4.94804e-17 0 4.96701e-17 0 4.98599e-17 0 5.00338e-17 0 5.02235e-17 0 5.03975e-17 0 5.05714e-17 0 5.07454e-17 0 5.09193e-17 0
3186.53 1.27648e-15 1.27648e-15 9.5874e-25 7.51081e-10 6.44914e-08 2.10313e-18 0 3.91168e-18 0 6.90165e-18 0 9.96148e-18 0 1.16088e-17 0 1.26782e-17 0 1.34868e-17 0 1.41505e-17 0 1.63944e-17 0 1.89506e-17 0 2.06153e-17 0 2.18716e-17 0 2.29004e-17 0 2.37715e-17 0 2.45376e-17 0 2.52101e-17 0 2.58243e-17 0 2.63858e-17 0 2.69006e-17 0 2.73804e-17 0 2.7825e-17 0 2.82463e-17 0 2.86442e-17 0 2.90187e-17 0 2.93698e-17 0 2.97092e-17 0 3.0037e-17 0 3.0353e-17 0 3.06574e-17 0 3.09383e-17 0 3.12192e-17 0 3.14885e-17 0 3.17461e-17 0 3.19919e-17 0 3.22378e-17 0 3.24836e-17 0 3.27061e-17 0 3.29285e-17 0 3.3151e-17 0 3.33617e-17 0 3.35608e-17 0 3.37715e-17 0 3.39589e-17 0 3.41579e-17 0 3.43453e-17 0 3.45209e-17 0 3.47083e-17 0 3.48839e-17 0 3.50596e-17 0 3.52235e-17 0 3.53875e-17 0 3.55514e-17 0 3.57153e-17 0 3.58676e-17 0 3.60198e-17 0 3.61721e-17 0 3.63243e-17 0 3.64648e-17 0 3.66171e-17 0 3.67576e-17 0 3.68982e-17 0 3.70387e-17 0 3.71675e-17 0 3.73081e-17 0 3.74369e-17 0 3.75657e-17 0 3.76945e-17 0 3.78234e-17 0
3350.09 1.15488e-15 1.15488e-15 8.67405e-25 7.51081e-10 5.83476e-08 1.61082e-18 0 2.95969e-18 0 5.18095e-18 0 7.45047e-18 0 8.67165e-18 0 9.46424e-18 0 1.00636e-17 0 1.05554e-17 0 1.22181e-17 0 1.41119e-17 0 1.53451e-17 0 1.62759e-17 0 1.70379e-17 0 1.76832e-17 0 1.82507e-17 0 1.87489e-17 0 1.92038e-17 0 1.96197e-17 0 2.00011e-17 0 2.03564e-17 0 2.06858e-17 0 2.09978e-17 0 2.12925e-17 0 2.15699e-17 0 2.183e-17 0 2.20814e-17 0 2.23242e-17 0 2.25582e-17 0 2.27837e-17 0 2.29918e-17 0 2.31998e-17 0 2.33993e-17 0 2.359e-17 0 2.37721e-17 0 2.39542e-17 0 2.41363e-17 0 2.43011e-17 0 2.44659e-17 0 2.46306e-17 0 2.47867e-17 0 2.49341e-17 0 2.50902e-17 0 2.5229e-17 0 2.53764e-17 0 2.55152e-17 0 2.56453e-17 0 2.57841e-17 0 2.59142e-17 0 2.60442e-17 0 2.61657e-17 0 2.62871e-17 0 2.64085e-17 0 2.653e-17 0 2.66427e-17 0 2.67555e-17 0 2.68682e-17 0 2.6981e-17 0 2.70851e-17 0 2.71978e-17 0 2.73019e-17 0 2.7406e-17 0 2.75101e-17 0 2.76055e-17 0 2.77096e-17 0 2.7805e-17 0 2.79004e-17 0 2.79958e-17 0 2.80913e-17 0
3522.05 1.04486e-15 1.04486e-15 7.84773e-25 7.51081e-10 5.27892e-08 1.23144e-18 0 2.2368e-18 0 3.88651e-18 0 5.5696e-18 0 6.4748e-18 0 7.06221e-18 0 7.50634e-18 0 7.8708e-18 0 9.10275e-18 0 1.05058e-17 0 1.14194e-17 0 1.21089e-17 0 1.26734e-17 0 1.31514e-17 0 1.35717e-17 0 1.39407e-17 0 1.42777e-17 0 1.45858e-17 0 1.48682e-17 0 1.51314e-17 0 1.53754e-17 0 1.56065e-17 0 1.58248e-17 0 1.60303e-17 0 1.62229e-17 0 1.64091e-17 0 1.65889e-17 0 1.67623e-17 0 1.69293e-17 0 1.70834e-17 0 1.72375e-17 0 1.73852e-17 0 1.75265e-17 0 1.76614e-17 0 1.77963e-17 0 1.79311e-17 0 1.80532e-17 0 1.81752e-17 0 1.82973e-17 0 1.84129e-17 0 1.85221e-17 0 1.86377e-17 0 1.87405e-17 0 1.88496e-17 0 1.89524e-17 0 1.90488e-17 0 1.91516e-17 0 1.92479e-17 0 1.93443e-17 0 1.94342e-17 0 1.95241e-17 0 1.96141e-17 0 1.9704e-17 0 1.97875e-17 0 1.9871e-17 0 1.99545e-17 0 2.00381e-17 0 2.01151e-17 0 2.01987e-17 0 2.02758e-17 0 2.03528e-17 0 2.04299e-17 0 2.05006e-17 0 2.05777e-17 0 2.06484e-17 0 2.0719e-17 0 2.07897e-17 0 2.08604e-17 0
3702.84 9.45321e-16 9.45321e-16 7.10012e-25 7.51081e-10 4.77603e-08 9.39754e-19 0 1.68863e-18 0 2.91351e-18 0 4.16154e-18 0 4.83245e-18 0 5.26776e-18 0 5.59687e-18 0 5.86692e-18 0 6.77968e-18 0 7.81911e-18 0 8.49588e-18 0 9.00659e-18 0 9.42475e-18 0 9.77882e-18 0 1.00902e-17 0 1.03635e-17 0 1.06131e-17 0 1.08413e-17 0 1.10505e-17 0 1.12454e-17 0 1.14261e-17 0 1.15973e-17 0 1.1759e-17 0 1.19112e-17 0 1.20539e-17 0 1.21918e-17 0 1.2325e-17 0 1.24534e-17 0 1.25771e-17 0 1.26912e-17 0 1.28054e-17 0 1.29148e-17 0 1.30194e-17 0 1.31193e-17 0 1.32192e-17 0 1.33191e-17 0 1.34095e-17 0 1.34999e-17 0 1.35903e-17 0 1.36759e-17 0 1.37568e-17 0 1.38424e-17 0 1.39185e-17 0 1.39994e-17 0 1.40755e-17 0 1.41469e-17 0 1.4223e-17 0 1.42944e-17 0 1.43657e-17 0 1.44323e-17 0 1.44989e-17 0 1.45656e-17 0 1.46322e-17 0 1.4694e-17 0 1.47559e-17 0 1.48177e-17 0 1.48796e-17 0 1.49367e-17 0 1.49985e-17 0 1.50556e-17 0 1.51127e-17 0 1.51698e-17 0 1.52222e-17 0 1.52793e-17 0 1.53316e-17 0 1.53839e-17 0 1.54363e-17 0 1.54886e-17 0
3892.91 8.55266e-16 8.55266e-16 6.42374e-25 7.51081e-10 4.32105e-08 7.15968e-19 0 1.27349e-18 0 2.18272e-18 0 3.10804e-18 0 3.60527e-18 0 3.92785e-18 0 4.17171e-18 0 4.3718e-18 0 5.04803e-18 0 5.81805e-18 0 6.31938e-18 0 6.69768e-18 0 7.00742e-18 0 7.26969e-18 0 7.50029e-18 0 7.70275e-18 0 7.88762e-18 0 8.05665e-18 0 8.21161e-18 0 8.356e-18 0 8.48984e-18 0 8.61664e-18 0 8.7364e-18 0 8.84911e-18 0 8.95479e-18 0 9.05694e-18 0 9.15558e-18 0 9.25069e-18 0 9.34228e-18 0 9.42683e-18 0 9.51138e-18 0 9.59241e-18 0 9.66992e-18 0 9.74391e-18 0 9.81789e-18 0 9.89188e-18 0 9.95882e-18 0 1.00258e-17 0 1.00927e-17 0 1.01561e-17 0 1.0216e-17 0 1.02795e-17 0 1.03358e-17 0 1.03957e-17 0 1.04521e-17 0 1.0505e-17 0 1.05613e-17 0 1.06142e-17 0 1.06671e-17 0 1.07164e-17 0 1.07657e-17 0 1.0815e-17 0 1.08644e-17 0 1.09102e-17 0 1.0956e-17 0 1.10018e-17 0 1.10476e-17 0 1.10899e-17 0 1.11357e-17 0 1.1178e-17 0 1.12203e-17 0 1.12626e-17 0 1.13014e-17 0 1.13436e-17 0 1.13824e-17 0 1.14212e-17 0 1.14599e-17 0 1.14987e-17 0
4092.73 7.73789e-16 7.73789e-16 5.81178e-25 7.51081e-10 3.9094e-08 5.4462e-19 0 9.59475e-19 0 1.63425e-18 0 2.32022e-18 0 2.68871e-18 0 2.92773e-18 0 3.10841e-18 0 3.25666e-18 0 3.75764e-18 0 4.32806e-18 0 4.69941e-18 0 4.97963e-18 0 5.20906e-18 0 5.40331e-18 0 5.57412e-18 0 5.72408e-18 0 5.861e-18 0 5.9862e-18 0 6.10097e-18 0 6.20792e-18 0 6.30705e-18 0 6.40096e-18 0 6.48966e-18 0 6.57315e-18 0 6.65142e-18 0 6.72708e-18 0 6.80013e-18 0 6.87058e-18 0 6.93841e-18 0 7.00104e-18 0 7.06366e-18 0 7.12367e-18 0 7.18108e-18 0 7.23587e-18 0 7.29067e-18 0 7.34547e-18 0 7.39505e-18 0 7.44463e-18 0 7.49421e-18 0 7.54118e-18 0 7.58554e-18 0 7.63252e-18 0 7.67427e-18 0 7.71864e-18 0 7.76039e-18 0 7.79954e-18 0 7.84129e-18 0 7.88044e-18 0 7.91958e-18 0 7.95612e-18 0 7.99266e-18 0 8.0292e-18 0 8.06573e-18 0 8.09966e-18 0 8.13359e-18 0 8.16752e-18 0 8.20145e-18 0 8.23277e-18 0 8.26669e-18 0 8.29801e-18 0 8.32933e-18 0 8.36065e-18 0 8.38936e-18 0 8.42068e-18 0 8.44939e-18 0 8.4781e-18 0 8.50681e-18 0 8.53552e-18 0
4302.81 7.00075e-16 7.00075e-16 5.25813e-25 7.51081e-10 3.53698e-08 4.13674e-19 0 7.22233e-19 0 1.22291e-18 0 1.7314e-18 0 2.00446e-18 0 2.18156e-18 0 2.31542e-18 0 2.42525e-18 0 2.7964e-18 0 3.21894e-18 0 3.49401e-18 0 3.70157e-18 0 3.8715e-18 0 4.01539e-18 0 4.1419e-18 0 4.25297e-18 0 4.35439e-18 0 4.44712e-18 0 4.53212e-18 0 4.61134e-18 0 4.68476e-18 0 4.75431e-18 0 4.82001e-18 0 4.88184e-18 0 4.93981e-18 0 4.99585e-18 0 5.04996e-18 0 5.10213e-18 0 5.15237e-18 0 5.19875e-18 0 5.24513e-18 0 5.28958e-18 0 5.3321e-18 0 5.37268e-18 0 5.41327e-18 0 5.45385e-18 0 5.49058e-18 0 5.5273e-18 0 5.56402e-18 0 5.59881e-18 0 5.63166e-18 0 5.66645e-18 0 5.69738e-18 0 5.73023e-18 0 5.76116e-18 0 5.79015e-18 0 5.82108e-18 0 5.85007e-18 0 5.87906e-18 0 5.90612e-18 0 5.93318e-18 0 5.96024e-18 0 5.9873e-18 0 6.01243e-18 0 6.03756e-18 0 6.06269e-18 0 6.08781e-18 0 6.11101e-18 0 6.13614e-18 0 6.15933e-18 0 6.18253e-18 0 6.20573e-18 0 6.22699e-18 0 6.25018e-18 0 6.27145e-18 0 6.29271e-18 0 6.31397e-18 0 6.33524e-18 0
4523.68 6.33382e-16 6.33382e-16 4.75721e-25 7.51081e-10 3.20003e-08 3.13776e-19 0 5.43181e-19 0 9.14613e-19 0 1.2915e-18 0 1.49383e-18 0 1.62505e-18 0 1.72422e-18 0 1.80559e-18 0 2.08053e-18 0 2.39352e-18 0 2.59727e-18 0 2.75101e-18 0 2.87688e-18 0 2.98345e-18 0 3.07715e-18 0 3.15942e-18 0 3.23453e-18 0 3.30321e-18 0 3.36617e-18 0 3.42484e-18 0 3.47922e-18 0 3.53074e-18 0 3.57939e-18 0 3.62519e-18 0 3.66812e-18 0 3.70963e-18 0 3.7497e-18 0 3.78834e-18 0 3.82555e-18 0 3.8599e-18 0 3.89425e-18 0 3.92717e-18 0 3.95866e-18 0 3.98872e-18 0 4.01878e-18 0 4.04884e-18 0 4.07603e-18 0 4.10323e-18 0 4.13043e-18 0 4.15619e-18 0 4.18053e-18 0 4.20629e-18 0 4.2292e-18 0 4.25353e-18 0 4.27643e-18 0 4.29791e-18 0 4.32081e-18 0 4.34228e-18 0 4.36375e-18 0 4.3838e-18 0 4.40384e-18 0 4.42388e-18 0 4.44392e-18 0 4.46253e-18 0 4.48114e-18 0 4.49975e-18 0 4.51836e-18 0 4.53554e-18 0 4.55415e-18 0 4.57133e-18 0 4.58851e-18 0 4.60569e-18 0 4.62143e-18 0 4.63861e-18 0 4.65436e-18 0 4.67011e-18 0 4.68586e-18 0 4.70161e-18 0
4755.88 5.73044e-16 5.73044e-16 4.30402e-25 7.51081e-10 2.89518e-08 2.37694e-19 0 4.08188e-19 0 6.83691e-19 0 9.63018e-19 0 1.11293e-18 0 1.21015e-18 0 1.28362e-18 0 1.3439e-18 0 1.54757e-18 0 1.77941e-18 0 1.93033e-18 0 2.0442e-18 0 2.13742e-18 0 2.21636e-18 0 2.28576e-18 0 2.34669e-18 0 2.40233e-18 0 2.45319e-18 0 2.49982e-18 0 2.54328e-18 0 2.58355e-18 0 2.62171e-18 0 2.65774e-18 0 2.69166e-18 0 2.72346e-18 0 2.7542e-18 0 2.78388e-18 0 2.8125e-18 0 2.84006e-18 0 2.8655e-18 0 2.89094e-18 0 2.91532e-18 0 2.93864e-18 0 2.9609e-18 0 2.98317e-18 0 3.00543e-18 0 3.02557e-18 0 3.04571e-18 0 3.06585e-18 0 3.08494e-18 0 3.10296e-18 0 3.12204e-18 0 3.139e-18 0 3.15703e-18 0 3.17399e-18 0 3.18989e-18 0 3.20686e-18 0 3.22276e-18 0 3.23866e-18 0 3.2535e-18 0 3.26835e-18 0 3.28319e-18 0 3.29803e-18 0 3.31182e-18 0 3.3256e-18 0 3.33938e-18 0 3.35316e-18 0 3.36589e-18 0 3.37967e-18 0 3.39239e-18 0 3.40512e-18 0 3.41784e-18 0 3.4295e-18 0 3.44223e-18 0 3.45389e-18 0 3.46555e-18 0 3.47721e-18 0 3.48888e-18 0
5000 5.18453e-16 5.18453e-16 3.894e-25 7.51081e-10 2.61937e-08 1.79839e-19 0 3.06507e-19 0 5.10826e-19 0 7.1783e-19 0 8.28903e-19 0 9.00923e-19 0 9.55353e-19 0 1.00001e-18 0 1.15087e-18 0 1.3226e-18 0 1.43438e-18 0 1.51872e-18 0 1.58777e-18 0 1.64624e-18 0 1.69764e-18 0 1.74277e-18 0 1.78397e-18 0 1.82165e-18 0 1.85618e-18 0 1.88837e-18 0 1.91819e-18 0 1.94645e-18 0 1.97314e-18 0 1.99826e-18 0 2.02181e-18 0 2.04458e-18 0 2.06656e-18 0 2.08776e-18 0 2.10817e-18 0 2.12701e-18 0 2.14585e-18 0 2.16391e-18 0 2.18118e-18 0 2.19767e-18 0 2.21416e-18 0 2.23064e-18 0 2.24556e-18 0 2.26048e-18 0 2.2754e-18 0 2.28953e-18 0 2.30288e-18 0 2.31701e-18 0 2.32957e-18 0 2.34292e-18 0 2.35548e-18 0 2.36726e-18 0 2.37982e-18 0 2.3916e-18 0 2.40338e-18 0 2.41437e-18 0 2.42537e-18 0 2.43636e-18 0 2.44735e-18 0 2.45756e-18 0 2.46777e-18 0 2.47797e-18 0 2.48818e-18 0 2.4976e-18 0 2.50781e-18 0 2.51723e-18 0 2.52666e-18 0 2.53608e-18 0 2.54472e-18 0 2.55414e-18 0 2.56278e-18 0 2.57142e-18 0 2.58005e-18 0 2.58869e-18 0
