# 8.16199e-06 3 52 : grain size, compostion index, size index
# Heating and cooling timescale: 0.0234159 169608
# Ratio of heating to cooling to determine stochastic cutoff: 100
# Equilibrium emission is recorded even for those grains in the stochastic regime.
# Emission spectrum was computed for: 
# Type: ISRF
# Scales: 0.0001 0.001 0.01 0.05 0.1 0.15 0.2 0.25 0.5 1 1.5 2 2.5 3 3.5 4 4.5 5 5.5 6 6.5 7 7.5 8 8.5 9 9.5 10 10.5 11 11.5 12 12.5 13 13.5 14 14.5 15 15.5 16 16.5 17 17.5 18 18.5 19 19.5 20 20.5 21 21.5 22 22.5 23 23.5 24 24.5 25 25.5 26 26.5 27 27.5 28 28.5 29 29.5 30
# StochasticallyHeated: 0 0 0 0 0 0 0 0 0 0 0 0 0 0 0 0 0 0 0 0 0 0 0 0 0 0 0 0 0 0 0 0 0 0 0 0 0 0 0 0 0 0 0 0 0 0 0 0 0 0 0 0 0 0 0 0 0 0 0 0 0 0 0 0 0 0 0 0
# Temperature: -1
# Wavelength  CExt  CAbs  CSca  Albedo G EqEm1 StEm1 EqEm2 StEm2 EqEm3 StEm3 EqEm4 StEm4 EqEm5 StEm5 EqEm6 StEm6 EqEm7 StEm7 EqEm8 StEm8 EqEm9 StEm9 EqEm10 StEm10 EqEm11 StEm11 EqEm12 StEm12 EqEm13 StEm13 EqEm14 StEm14 EqEm15 StEm15 EqEm16 StEm16 EqEm17 StEm17 EqEm18 StEm18 EqEm19 StEm19 EqEm20 StEm20 EqEm21 StEm21 EqEm22 StEm22 EqEm23 StEm23 EqEm24 StEm24 EqEm25 StEm25 EqEm26 StEm26 EqEm27 StEm27 EqEm28 StEm28 EqEm29 StEm29 EqEm30 StEm30 EqEm31 StEm31 EqEm32 StEm32 EqEm33 StEm33 EqEm34 StEm34 EqEm35 StEm35 EqEm36 StEm36 EqEm37 StEm37 EqEm38 StEm38 EqEm39 StEm39 EqEm40 StEm40 EqEm41 StEm41 EqEm42 StEm42 EqEm43 StEm43 EqEm44 StEm44 EqEm45 StEm45 EqEm46 StEm46 EqEm47 StEm47 EqEm48 StEm48 EqEm49 StEm49 EqEm50 StEm50 EqEm51 StEm51 EqEm52 StEm52 EqEm53 StEm53 EqEm54 StEm54 EqEm55 StEm55 EqEm56 StEm56 EqEm57 StEm57 EqEm58 StEm58 EqEm59 StEm59 EqEm60 StEm60 EqEm61 StEm61 EqEm62 StEm62 EqEm63 StEm63 EqEm64 StEm64 EqEm65 StEm65 EqEm66 StEm66 EqEm67 StEm67 EqEm68 StEm68
0.05 4.48857e-10 1.67445e-10 2.81412e-10 0.626952 0.842326 0 0 0 0 0 0 0 0 0 0 0 0 0 0 0 0 0 0 0 0 0 0 0 0 0 0 0 0 0 0 0 0 0 0 0 0 0 0 0 0 0 0 0 0 0 0 0 0 0 0 0 0 0 0 0 0 0 0 0 0 0 0 0 0 0 0 0 0 0 0 0 0 0 0 0 0 0 0 0 0 0 0 0 0 0 0 0 0 0 0 0 0 0 0 0 0 0 0 0 0 0 0 0 0 0 0 0 0 0 0 0 0 0 0 0 0 0 0 0 0 0 0 0 0 0 0 0 0 0 0 0 0 0 0 0 0
0.0525665 4.5581e-10 1.70188e-10 2.85623e-10 0.626626 0.829464 0 0 0 0 0 0 0 0 0 0 0 0 0 0 0 0 0 0 0 0 0 0 0 0 0 0 0 0 0 0 0 0 0 0 0 0 0 0 0 0 0 0 0 0 0 0 0 0 0 0 0 0 0 0 0 0 0 0 0 0 0 0 0 0 0 0 0 0 0 0 0 0 0 0 0 0 0 0 0 0 0 0 0 0 0 0 0 0 0 0 0 0 0 0 0 0 0 0 0 0 0 0 0 0 0 0 0 0 0 0 0 0 0 0 0 0 0 0 0 0 0 0 0 0 0 0 0 0 0 0 0 0 0 0 0 0
0.0552647 4.63178e-10 1.73921e-10 2.89256e-10 0.624504 0.818586 0 0 0 0 0 0 0 0 0 0 0 0 0 0 0 0 0 0 0 0 0 0 0 0 0 0 0 0 0 0 0 0 0 0 0 0 0 0 0 0 0 0 0 0 0 0 0 0 0 0 0 0 0 0 0 0 0 0 0 0 0 0 0 0 0 0 0 0 0 0 0 0 0 0 0 0 0 0 0 0 0 0 0 0 0 0 0 0 0 0 0 0 0 0 0 0 0 0 0 0 0 0 0 0 0 0 0 0 0 0 0 0 0 0 0 0 0 0 0 0 0 0 0 0 0 0 0 0 0 0 0 0 0 0 0 0
0.0581015 4.69677e-10 1.78363e-10 2.91314e-10 0.620243 0.811339 0 0 0 0 0 0 0 0 0 0 0 0 0 0 0 0 0 0 0 0 0 0 0 0 0 0 0 0 0 0 0 0 0 0 0 0 0 0 0 0 0 0 0 0 0 0 0 0 0 0 0 0 0 0 0 0 0 0 0 0 0 0 0 0 0 0 0 0 0 0 0 0 0 0 0 0 0 0 0 0 0 0 0 0 0 0 0 0 0 0 0 0 0 0 0 0 0 0 0 0 0 0 0 0 0 0 0 0 0 0 0 0 0 0 0 0 0 0 0 0 0 0 0 0 0 0 0 0 0 0 0 0 0 0 0 0
0.0610839 4.76299e-10 1.80645e-10 2.95655e-10 0.620733 0.802071 0 0 0 0 0 0 0 0 0 0 0 0 0 0 0 0 0 0 0 0 0 0 0 0 0 0 0 0 0 0 0 0 0 0 0 0 0 0 0 0 0 0 0 0 0 0 0 0 0 0 0 0 0 0 0 0 0 0 0 0 0 0 0 0 0 0 0 0 0 0 0 0 0 0 0 0 0 0 0 0 0 0 0 0 0 0 0 0 0 0 0 0 0 0 0 0 0 0 0 0 0 0 0 0 0 0 0 0 0 0 0 0 0 0 0 0 0 0 0 0 0 0 0 0 0 0 0 0 0 0 0 0 0 0 0 0
0.0642193 4.873e-10 1.81006e-10 3.06295e-10 0.628554 0.784775 0 0 0 0 0 0 0 0 0 0 0 0 0 0 0 0 0 0 0 0 0 0 0 0 0 0 0 0 0 0 0 0 0 0 0 0 0 0 0 0 0 0 0 0 0 0 0 0 0 0 0 0 0 0 0 0 0 0 0 0 0 0 0 0 0 0 0 0 0 0 0 0 0 0 0 0 0 0 0 0 0 0 0 0 0 0 0 0 0 0 0 0 0 0 0 0 0 0 0 0 0 0 0 0 0 0 0 0 0 0 0 0 0 0 0 0 0 0 0 0 0 0 0 0 0 0 0 0 0 0 0 0 0 0 0 0
0.0675157 5.03852e-10 1.85175e-10 3.18676e-10 0.632481 0.766771 0 0 0 0 0 0 0 0 0 0 0 0 0 0 0 0 0 0 0 0 0 0 0 0 0 0 0 0 0 0 0 0 0 0 0 0 0 0 0 0 0 0 0 0 0 0 0 0 0 0 0 0 0 0 0 0 0 0 0 0 0 0 0 0 0 0 0 0 0 0 0 0 0 0 0 0 0 0 0 0 0 0 0 0 0 0 0 0 0 0 0 0 0 0 0 0 0 0 0 0 0 0 0 0 0 0 0 0 0 0 0 0 0 0 0 0 0 0 0 0 0 0 0 0 0 0 0 0 0 0 0 0 0 0 0 0
0.0709813 5.21188e-10 1.96497e-10 3.24692e-10 0.622984 0.760233 0 0 0 0 0 0 0 0 0 0 0 0 0 0 0 0 0 0 0 0 0 0 0 0 0 0 0 0 0 0 0 0 0 0 0 0 0 0 0 0 0 0 0 0 0 0 0 0 0 0 0 0 0 0 0 0 0 0 0 0 0 0 0 0 0 0 0 0 0 0 0 0 0 0 0 0 0 0 0 0 0 0 0 0 0 0 0 0 0 0 0 0 0 0 0 0 0 0 0 0 0 0 0 0 0 0 0 0 0 0 0 0 0 0 0 0 0 0 0 0 0 0 0 0 0 0 0 0 0 0 0 0 0 0 0 0
0.0746248 5.34793e-10 2.09013e-10 3.2578e-10 0.60917 0.76056 0 0 0 0 0 0 0 0 0 0 0 0 0 0 0 0 0 0 0 0 0 0 0 0 0 0 0 0 0 0 0 0 0 0 0 0 0 0 0 0 0 0 0 0 0 0 0 0 0 0 0 0 0 0 0 0 0 0 0 0 0 0 0 0 0 0 0 0 0 0 0 0 0 0 0 0 0 0 0 0 0 0 0 0 0 0 0 0 0 0 0 0 0 0 0 0 0 0 0 0 0 0 0 0 0 0 0 0 0 0 0 0 0 0 0 0 0 0 0 0 0 0 0 0 0 0 0 0 0 0 0 0 0 0 0 0
0.0784553 5.43501e-10 2.19455e-10 3.24046e-10 0.59622 0.762984 0 0 0 0 0 0 0 0 0 0 0 0 0 0 0 0 0 0 0 0 0 0 0 0 0 0 0 0 0 0 0 0 0 0 0 0 0 0 0 0 0 0 0 0 0 0 0 0 0 0 0 0 0 0 0 0 0 0 0 0 0 0 0 0 0 0 0 0 0 0 0 0 0 0 0 0 0 0 0 0 0 0 0 0 0 0 0 0 0 0 0 0 0 0 0 0 0 0 0 0 0 0 0 0 0 0 0 0 0 0 0 0 0 0 0 0 0 0 0 0 0 0 0 0 0 0 0 0 0 0 0 0 0 0 0 0
0.0824824 5.47521e-10 2.27464e-10 3.20057e-10 0.584556 0.764683 0 0 0 0 0 0 0 0 0 0 0 0 0 0 0 0 0 0 0 0 0 0 0 0 0 0 0 0 0 0 0 0 0 0 0 0 0 0 0 0 0 0 0 0 0 0 0 0 0 0 0 0 0 0 0 0 0 0 0 0 0 0 0 0 0 0 0 0 0 0 0 0 0 0 0 0 0 0 0 0 0 0 0 0 0 0 0 0 0 0 0 0 0 0 0 0 0 0 0 0 0 0 0 0 0 0 0 0 0 0 0 0 0 0 0 0 0 0 0 0 0 0 0 0 0 0 0 0 0 0 0 0 0 0 0 0
0.0867162 5.52353e-10 2.32258e-10 3.20095e-10 0.579511 0.759996 0 0 0 0 0 0 0 0 0 0 0 0 0 0 0 0 0 0 0 0 0 0 0 0 0 0 0 0 0 0 0 0 0 0 0 0 0 0 0 0 0 0 0 0 0 0 0 0 0 0 0 0 0 0 0 0 0 0 0 0 0 0 0 0 0 0 0 0 0 0 0 0 0 0 0 0 0 0 0 0 0 0 0 0 0 0 0 0 0 0 0 0 0 0 0 0 0 0 0 0 0 0 0 0 0 0 0 0 0 0 0 0 0 0 0 0 0 0 0 0 0 0 0 0 0 0 0 0 0 0 0 0 0 0 0 0
0.0911674 5.59574e-10 2.36078e-10 3.23496e-10 0.578111 0.752266 0 0 0 0 0 0 0 0 0 0 0 0 0 0 0 0 0 0 0 0 0 0 0 0 0 0 0 0 0 0 0 0 0 0 0 0 0 0 0 0 0 0 0 0 0 0 0 0 0 0 0 0 0 0 0 0 0 0 0 0 0 0 0 0 0 0 0 0 0 0 0 0 0 0 0 0 0 0 0 0 0 0 0 0 0 0 0 0 0 0 0 0 0 0 0 0 0 0 0 0 0 0 0 0 0 0 0 0 0 0 0 0 0 0 0 0 0 0 0 0 0 0 0 0 0 0 0 0 0 0 0 0 0 0 0 0
0.095847 5.64556e-10 2.39984e-10 3.24572e-10 0.574916 0.746557 0 0 0 0 0 0 0 0 0 0 0 0 0 0 0 0 0 0 0 0 0 0 0 0 0 0 0 0 0 0 0 0 0 0 0 0 0 0 0 0 0 0 0 0 0 0 0 0 0 0 0 0 0 0 0 0 0 0 0 0 0 0 0 0 0 0 0 0 0 0 0 0 0 0 0 0 0 0 0 0 0 0 0 0 0 0 0 0 0 0 0 0 0 0 0 0 0 0 0 0 0 0 0 0 0 0 0 0 0 0 0 0 0 0 0 0 0 0 0 0 0 0 0 0 0 0 0 0 0 0 0 0 0 0 0 0
0.100767 5.61852e-10 2.45847e-10 3.16005e-10 0.562434 0.749793 0 0 0 0 0 0 0 0 0 0 0 0 0 0 0 0 0 0 0 0 0 0 0 0 0 0 0 0 0 0 0 0 0 0 0 0 0 0 0 0 0 0 0 0 0 0 0 0 0 0 0 0 0 0 0 0 0 0 0 0 0 0 0 0 0 0 0 0 0 0 0 0 0 0 0 0 0 0 0 0 0 0 0 0 0 0 0 0 0 0 0 0 0 0 0 0 0 0 0 0 0 0 0 0 0 0 0 0 0 0 0 0 0 0 0 0 0 0 0 0 0 0 0 0 0 0 0 0 0 0 0 0 0 0 0 0
0.105939 5.59593e-10 2.51885e-10 3.07708e-10 0.549877 0.756805 0 0 0 0 0 0 0 0 0 0 0 0 0 0 0 0 0 0 0 0 0 0 0 0 0 0 0 0 0 0 0 0 0 0 0 0 0 0 0 0 0 0 0 0 0 0 0 0 0 0 0 0 0 0 0 0 0 0 0 0 0 0 0 0 0 0 0 0 0 0 0 0 0 0 0 0 0 0 0 0 0 0 0 0 0 0 0 0 0 0 0 0 0 0 0 0 0 0 0 0 0 0 0 0 0 0 0 0 0 0 0 0 0 0 0 0 0 0 0 0 0 0 0 0 0 0 0 0 0 0 0 0 0 0 0 0
0.111377 5.54148e-10 2.63622e-10 2.90526e-10 0.524275 0.775739 0 0 0 0 0 0 0 0 0 0 0 0 0 0 0 0 0 0 0 0 0 0 0 0 0 0 0 0 0 0 0 0 0 0 0 0 0 0 0 0 0 0 0 0 0 0 0 0 0 0 0 0 0 0 0 0 0 0 0 0 0 0 0 0 0 0 0 0 0 0 0 0 0 0 0 0 0 0 0 0 0 0 0 0 0 0 0 0 0 0 0 0 0 0 0 0 0 0 0 0 0 0 0 0 0 0 0 0 0 0 0 0 0 0 0 0 0 0 0 0 0 0 0 0 0 0 0 0 0 0 0 0 0 0 0 0
0.117094 5.53287e-10 2.81889e-10 2.71398e-10 0.490519 0.796135 0 0 0 0 0 0 0 0 0 0 0 0 0 0 0 0 0 0 0 0 0 0 0 0 0 0 0 0 0 0 0 0 0 0 0 0 0 0 0 0 0 0 0 0 0 0 0 0 0 0 0 0 0 0 0 0 0 0 0 0 0 0 0 0 0 0 0 0 0 0 0 0 0 0 0 0 0 0 0 0 0 0 0 0 0 0 0 0 0 0 0 0 0 0 0 0 0 0 0 0 0 0 0 0 0 0 0 0 0 0 0 0 0 0 0 0 0 0 0 0 0 0 0 0 0 0 0 0 0 0 0 0 0 0 0 0
0.123105 5.61124e-10 2.9267e-10 2.68454e-10 0.478422 0.798185 0 0 0 0 0 0 0 0 0 0 0 0 0 0 0 0 0 0 0 0 0 0 0 0 0 0 0 0 0 0 0 0 0 0 0 0 0 0 0 0 0 0 0 0 0 0 0 0 0 0 0 0 0 0 0 0 0 0 0 0 0 0 0 0 0 0 0 0 0 0 0 0 0 0 0 0 0 0 0 0 0 0 0 0 0 0 0 0 0 0 0 0 0 0 0 0 0 0 0 0 0 0 0 0 0 0 0 0 0 0 0 0 0 0 0 0 0 0 0 0 0 0 0 0 0 0 0 0 0 0 0 0 0 0 0 0
0.129424 5.9781e-10 2.96746e-10 3.01064e-10 0.503611 0.813411 0 0 0 0 0 0 0 0 0 0 0 0 0 0 0 0 0 0 0 0 0 0 0 0 0 0 0 0 0 0 0 0 0 0 0 0 0 0 0 0 0 0 0 0 0 0 0 0 0 0 0 0 0 0 0 0 0 0 0 0 0 0 0 0 0 0 0 0 0 0 0 0 0 0 0 0 0 0 0 0 0 0 0 0 0 0 0 0 0 0 0 0 0 0 0 0 0 0 0 0 0 0 0 0 0 0 0 0 0 0 0 0 0 0 0 0 0 0 0 0 0 0 0 0 0 0 0 0 0 0 0 0 0 0 0 0
0.136067 5.89911e-10 2.88686e-10 3.01225e-10 0.510628 0.82097 0 0 0 0 0 0 0 0 0 0 0 0 0 0 0 0 0 0 0 0 0 0 0 0 0 0 0 0 0 0 0 0 0 0 0 0 0 0 0 0 0 0 0 0 0 0 0 0 0 0 0 0 0 0 0 0 0 0 0 0 0 0 0 0 0 0 0 0 0 0 0 0 0 0 0 0 0 0 0 0 0 0 0 0 0 0 0 0 0 0 0 0 0 0 0 0 0 0 0 0 0 0 0 0 0 0 0 0 0 0 0 0 0 0 0 0 0 0 0 0 0 0 0 0 0 0 0 0 0 0 0 0 0 0 0 0
0.143051 5.3269e-10 2.82118e-10 2.50572e-10 0.47039 0.813429 0 0 0 0 0 0 0 0 0 0 0 0 0 0 0 0 0 0 0 0 0 0 0 0 0 0 0 0 0 0 0 0 0 0 0 0 0 0 0 0 0 0 0 0 0 0 0 0 0 0 0 0 0 0 0 0 0 0 0 0 0 0 0 0 0 0 0 0 0 0 0 0 0 0 0 0 0 0 0 0 0 0 0 0 0 0 0 0 0 0 0 0 0 0 0 0 0 0 0 0 0 0 0 0 0 0 0 0 0 0 0 0 0 0 0 0 0 0 0 0 0 0 0 0 0 0 0 0 0 0 0 0 0 0 0 0
0.150394 4.81349e-10 2.7449e-10 2.06859e-10 0.429748 0.796338 0 0 0 0 0 0 0 0 0 0 0 0 0 0 0 0 0 0 0 0 0 0 0 0 0 0 0 0 0 0 0 0 0 0 0 0 0 0 0 0 0 0 0 0 0 0 0 0 0 0 0 0 0 0 0 0 0 0 0 0 0 0 0 0 0 0 0 0 0 0 0 0 0 0 0 0 0 0 0 0 0 0 0 0 0 0 0 0 0 0 0 0 0 0 0 0 0 0 0 0 0 0 0 0 0 0 0 0 0 0 0 0 0 0 0 0 0 0 0 0 0 0 0 0 0 0 0 0 0 0 0 0 0 0 0 0
0.158114 4.73579e-10 2.67643e-10 2.05937e-10 0.434851 0.795631 0 0 0 0 0 0 0 0 0 0 0 0 0 0 0 0 0 0 0 0 0 0 0 0 0 0 0 0 0 0 0 0 0 0 0 0 0 0 0 0 0 0 0 0 0 0 0 0 0 0 0 0 0 0 0 0 0 0 0 0 0 0 0 0 0 0 0 0 0 0 0 0 0 0 0 0 0 0 0 0 0 0 0 0 0 0 0 0 0 0 0 0 0 0 0 0 0 0 0 0 0 0 0 0 0 0 0 0 0 0 0 0 0 0 0 0 0 0 0 0 0 0 0 0 0 0 0 0 0 0 0 0 0 0 0 0
0.16623 4.86152e-10 2.68257e-10 2.17895e-10 0.448203 0.785927 0 0 0 0 0 0 0 0 0 0 0 0 0 0 0 0 0 0 0 0 0 0 0 0 0 0 0 0 0 0 0 0 0 0 0 0 0 0 0 0 0 0 0 0 0 0 0 0 0 0 0 0 0 0 0 0 0 0 0 0 0 0 0 0 0 0 0 0 0 0 0 0 0 0 0 0 0 0 0 0 0 0 0 0 0 0 0 0 0 0 0 0 0 0 0 0 0 0 0 0 0 0 0 0 0 0 0 0 0 0 0 0 0 0 0 0 0 0 0 0 0 0 0 0 0 0 0 0 0 0 0 0 0 0 0 0
0.174762 5.11785e-10 2.6893e-10 2.42855e-10 0.474525 0.757246 0 0 0 0 0 0 0 0 0 0 0 0 0 0 0 0 0 0 0 0 0 0 0 0 0 0 0 0 0 0 0 0 0 0 0 0 0 0 0 0 0 0 0 0 0 0 0 0 0 0 0 0 0 0 0 0 0 0 0 0 0 0 0 0 0 0 0 0 0 0 0 0 0 0 0 0 0 0 0 0 0 0 0 0 0 0 0 0 0 0 0 0 0 0 0 0 0 0 0 0 0 0 0 0 0 0 0 0 0 0 0 0 0 0 0 0 0 0 0 0 0 0 0 0 0 0 0 0 0 0 0 0 0 0 0 0
0.183733 5.41835e-10 2.67421e-10 2.74414e-10 0.506454 0.722445 0 0 0 0 0 0 0 0 0 0 0 0 0 0 0 0 0 0 0 0 0 0 0 0 0 0 0 0 0 0 0 0 0 0 0 0 0 0 0 0 0 0 0 0 0 0 0 0 0 0 0 0 0 0 0 0 0 0 0 0 0 0 0 0 0 0 0 0 0 0 0 0 0 0 0 0 0 0 0 0 0 0 0 0 0 0 0 0 0 0 0 0 0 0 0 0 0 0 0 0 0 0 0 0 0 0 0 0 0 0 0 0 0 0 0 0 0 0 0 0 0 0 0 0 0 0 0 0 0 0 0 0 0 0 0 0
0.193164 5.75488e-10 2.70753e-10 3.04735e-10 0.529525 0.693489 0 0 0 0 0 0 0 0 0 0 0 0 0 0 0 0 0 0 0 0 0 0 0 0 0 0 0 0 0 0 0 0 0 0 0 0 0 0 0 0 0 0 0 0 0 0 0 0 0 0 0 0 0 0 0 0 0 0 0 0 0 0 0 0 0 0 0 0 0 0 0 0 0 0 0 0 0 0 0 0 0 0 0 0 0 0 0 0 0 0 0 0 0 0 0 0 0 0 0 0 0 0 0 0 0 0 0 0 0 0 0 0 0 0 0 0 0 0 0 0 0 0 0 0 0 0 0 0 0 0 0 0 0 0 0 0
0.203079 6.07421e-10 2.82306e-10 3.25115e-10 0.535239 0.671474 0 0 0 0 0 0 0 0 0 0 0 0 0 0 0 0 0 0 0 0 0 0 0 0 0 0 0 0 0 0 0 0 0 0 0 0 0 0 0 0 0 0 0 0 0 0 0 0 0 0 0 0 0 0 0 0 0 0 0 0 0 0 0 0 0 0 0 0 0 0 0 0 0 0 0 0 0 0 0 0 0 0 0 0 0 0 0 0 0 0 0 0 0 0 0 0 0 0 0 0 0 0 0 0 0 0 0 0 0 0 0 0 0 0 0 0 0 0 0 0 0 0 0 0 0 0 0 0 0 0 0 0 0 0 0 0
0.213503 6.40671e-10 2.94768e-10 3.45903e-10 0.539908 0.650017 0 0 0 0 0 0 0 0 0 0 0 0 0 0 0 0 0 0 0 0 0 0 0 0 0 0 0 0 0 0 0 0 0 0 0 0 0 0 0 0 0 0 0 0 0 0 0 0 0 0 0 0 0 0 0 0 0 0 0 0 0 0 0 0 0 0 0 0 0 0 0 0 0 0 0 0 0 0 0 0 0 0 0 0 0 0 0 0 0 0 0 0 0 0 0 0 0 0 0 0 0 0 0 0 0 0 0 0 0 0 0 0 0 0 0 0 0 0 0 0 0 0 0 0 0 0 0 0 0 0 0 0 0 0 0 0
0.224463 6.64718e-10 2.98922e-10 3.65797e-10 0.550303 0.624043 0 0 0 0 0 0 0 0 0 0 0 0 0 0 0 0 0 0 0 0 0 0 0 0 0 0 0 0 0 0 0 0 0 0 0 0 0 0 0 0 0 0 0 0 0 0 0 0 0 0 0 0 0 0 0 0 0 0 0 0 0 0 0 0 0 0 0 0 0 0 0 0 0 0 0 0 0 0 0 0 0 0 0 0 0 0 0 0 0 0 0 0 0 0 0 0 0 0 0 0 0 0 0 0 0 0 0 0 0 0 0 0 0 0 0 0 0 0 0 0 0 0 0 0 0 0 0 0 0 0 0 0 0 0 0 0
0.235984 6.62821e-10 2.88864e-10 3.73956e-10 0.564189 0.589074 0 0 0 0 0 0 0 0 0 0 0 0 0 0 0 0 0 0 0 0 0 0 0 0 0 0 0 0 0 0 0 0 0 0 0 0 0 0 0 0 0 0 0 0 0 0 0 0 0 0 0 0 0 0 0 0 0 0 0 0 0 0 0 0 0 0 0 0 0 0 0 0 0 0 0 0 0 0 0 0 0 0 0 0 0 0 0 0 0 0 0 0 0 0 0 0 0 0 0 0 0 0 0 0 0 0 0 0 0 0 0 0 0 0 0 0 0 0 0 0 0 0 0 0 0 0 0 0 0 0 0 0 0 0 0 0
0.248097 6.54029e-10 2.81947e-10 3.72082e-10 0.568907 0.562102 0 0 0 0 0 0 0 0 0 0 0 0 0 0 0 0 0 0 0 0 0 0 0 0 0 0 0 0 0 0 0 0 0 0 0 0 0 0 0 0 0 0 0 0 0 0 0 0 0 0 0 0 0 0 0 0 0 0 0 0 0 0 0 0 0 0 0 0 0 0 0 0 0 0 0 0 0 0 0 0 0 0 0 0 0 0 0 0 0 0 0 0 0 0 0 0 0 0 0 0 0 0 0 0 0 0 0 0 0 0 0 0 0 0 0 0 0 0 0 0 0 0 0 0 0 0 0 0 0 0 0 0 0 0 0 0
0.260832 6.49746e-10 2.86655e-10 3.63091e-10 0.558819 0.547175 0 0 0 0 0 0 0 0 0 0 0 0 0 0 0 0 0 0 0 0 0 0 0 0 0 0 0 0 0 0 0 0 0 0 0 0 0 0 0 0 0 0 0 0 0 0 0 0 0 0 0 0 0 0 0 0 0 0 0 0 0 0 0 0 0 0 0 0 0 0 0 0 0 0 0 0 0 0 0 0 0 0 0 0 0 0 0 0 0 0 0 0 0 0 0 0 0 0 0 0 0 0 0 0 0 0 0 0 0 0 0 0 0 0 0 0 0 0 0 0 0 0 0 0 0 0 0 0 0 0 0 0 0 0 0 0
0.274221 6.46011e-10 2.95137e-10 3.50873e-10 0.543138 0.533752 0 0 0 0 0 0 0 0 0 0 0 0 0 0 0 0 0 0 0 0 0 0 0 0 0 0 0 0 0 0 0 0 0 0 0 0 0 0 0 0 0 0 0 0 0 0 0 0 0 0 0 0 0 0 0 0 0 0 0 0 0 0 0 0 0 0 0 0 0 0 0 0 0 0 0 0 0 0 0 0 0 0 0 0 0 0 0 0 0 0 0 0 0 0 0 0 0 0 0 0 0 0 0 0 0 0 0 0 0 0 0 0 0 0 0 0 0 0 0 0 0 0 0 0 0 0 0 0 0 0 0 0 0 0 0 0
0.288297 6.42687e-10 3.05896e-10 3.36791e-10 0.524036 0.520187 0 0 0 0 0 0 0 0 0 0 0 0 0 0 0 0 0 0 0 0 0 0 0 0 0 0 0 0 0 0 0 0 0 0 0 0 0 0 0 0 0 0 0 0 0 0 0 0 0 0 0 0 0 0 0 0 0 0 0 0 0 0 0 0 0 0 0 0 0 0 0 0 0 0 0 0 0 0 0 0 0 0 0 0 0 0 0 0 0 0 0 0 0 0 0 0 0 0 0 0 0 0 0 0 0 0 0 0 0 0 0 0 0 0 0 0 0 0 0 0 0 0 0 0 0 0 0 0 0 0 0 0 0 0 0 0
0.303095 6.40063e-10 3.1237e-10 3.27693e-10 0.511971 0.498362 0 0 0 0 0 0 0 0 0 0 0 0 0 0 0 0 0 0 0 0 0 0 0 0 0 0 0 0 0 0 0 0 0 0 0 0 0 0 0 0 0 0 0 0 0 0 0 0 0 0 0 0 0 0 0 0 0 0 0 0 0 0 0 0 0 0 0 0 0 0 0 0 0 0 0 0 0 0 0 0 0 0 0 0 0 0 0 0 0 0 0 0 0 0 0 0 0 0 0 0 0 0 0 0 0 0 0 0 0 0 0 0 0 0 0 0 0 0 0 0 0 0 0 0 0 0 0 0 0 0 0 0 0 0 0 0
0.318653 6.37958e-10 3.15902e-10 3.22056e-10 0.504823 0.468847 0 0 0 0 0 0 0 0 0 0 0 0 0 0 0 0 0 0 0 0 0 0 0 0 0 0 0 0 0 0 0 0 0 0 0 0 0 0 0 0 0 0 0 0 0 0 0 0 0 0 0 0 0 0 0 0 0 0 0 0 0 0 0 0 0 0 0 0 0 0 0 0 0 0 0 0 0 0 0 0 0 0 0 0 0 0 0 0 0 0 0 0 0 0 0 0 0 0 0 0 0 0 0 0 0 0 0 0 0 0 0 0 0 0 0 0 0 0 0 0 0 0 0 0 0 0 0 0 0 0 0 0 0 0 0 0
0.335009 6.38617e-10 3.17819e-10 3.20798e-10 0.502332 0.434087 0 0 0 0 0 0 0 0 0 0 0 0 0 0 0 0 0 0 0 0 0 0 0 0 0 0 0 0 0 0 0 0 0 0 0 0 0 0 0 0 0 0 0 0 0 0 0 0 0 0 0 0 0 0 0 0 0 0 0 0 0 0 0 0 0 0 0 0 0 0 0 0 0 0 0 0 0 0 0 0 0 0 0 0 0 0 0 0 0 0 0 0 0 0 0 0 0 0 0 0 0 0 0 0 0 0 0 0 0 0 0 0 0 0 0 0 0 0 0 0 0 0 0 0 0 0 0 0 0 0 0 0 0 0 0 0
0.352205 6.42791e-10 3.19584e-10 3.23207e-10 0.502818 0.397374 0 0 0 0 0 0 0 0 0 0 0 0 0 0 0 0 0 0 0 0 0 0 0 0 0 0 0 0 0 0 0 0 0 0 0 0 0 0 0 0 0 0 0 0 0 0 0 0 0 0 0 0 0 0 0 0 0 0 0 0 0 0 0 0 0 0 0 0 0 0 0 0 0 0 0 0 0 0 0 0 0 0 0 0 0 0 0 0 0 0 0 0 0 0 0 0 0 0 0 0 0 0 0 0 0 0 0 0 0 0 0 0 0 0 0 0 0 0 0 0 0 0 0 0 0 0 0 0 0 0 0 0 0 0 0 0
0.370284 6.50566e-10 3.22785e-10 3.27781e-10 0.50384 0.36216 0 0 0 0 0 0 0 0 0 0 0 0 0 0 0 0 0 0 0 0 0 0 0 0 0 0 0 0 0 0 0 0 0 0 0 0 0 0 0 0 0 0 0 0 0 0 0 0 0 0 0 0 0 0 0 0 0 0 0 0 0 0 0 0 0 0 0 0 0 0 0 0 0 0 0 0 0 0 0 0 0 0 0 0 0 0 0 0 0 0 0 0 0 0 0 0 0 0 0 0 0 0 0 0 0 0 0 0 0 0 0 0 0 0 0 0 0 0 0 0 0 0 0 0 0 0 0 0 0 0 0 0 0 0 0 0
0.389291 6.62433e-10 3.27908e-10 3.34525e-10 0.504995 0.330083 0 0 0 0 0 0 0 0 0 0 0 0 0 0 0 0 0 0 0 0 0 0 0 0 0 0 0 0 0 0 0 0 0 0 0 0 0 0 0 0 0 0 0 0 0 0 0 0 0 0 0 0 0 0 0 0 0 0 0 0 0 0 0 0 0 0 0 0 0 0 0 0 0 0 0 0 0 0 0 0 0 0 0 0 0 0 0 0 0 0 0 0 0 0 0 0 0 0 0 0 0 0 0 0 0 0 0 0 0 0 0 0 0 0 0 0 0 0 0 0 0 0 0 0 0 0 0 0 0 0 0 0 0 0 0 0
0.409273 6.76338e-10 3.34417e-10 3.41922e-10 0.505548 0.303836 0 0 0 0 0 0 0 0 0 0 0 0 0 0 0 0 0 0 0 0 0 0 0 0 0 0 0 0 0 0 0 0 0 0 0 0 0 0 0 0 0 0 0 0 0 0 0 0 0 0 0 0 0 0 0 0 0 0 0 0 0 0 0 0 0 0 0 0 0 0 0 0 0 0 0 0 0 0 0 0 0 0 0 0 0 0 0 0 0 0 0 0 0 0 0 0 0 0 0 0 0 0 0 0 0 0 0 0 0 0 0 0 0 0 0 0 0 0 0 0 0 0 0 0 0 0 0 0 0 0 0 0 0 0 0 0
0.430281 6.88576e-10 3.40814e-10 3.47761e-10 0.505044 0.284106 0 0 0 0 0 0 0 0 0 0 0 0 0 0 0 0 0 0 0 0 0 0 0 0 0 0 0 0 0 0 0 0 0 0 0 0 0 0 0 0 0 0 0 0 0 0 0 0 0 0 0 0 0 0 0 0 0 0 0 0 0 0 0 0 0 0 0 0 0 0 0 0 0 0 0 0 0 0 0 0 0 0 0 0 0 0 0 0 0 0 0 0 0 0 0 0 0 0 0 0 0 0 0 0 0 0 0 0 0 0 0 0 0 0 0 0 0 0 0 0 0 0 0 0 0 0 0 0 0 0 0 0 0 0 0 0
0.452368 6.88099e-10 3.42901e-10 3.45198e-10 0.501669 0.269701 0 0 0 0 0 0 0 0 0 0 0 0 0 0 0 0 0 0 0 0 0 0 0 0 0 0 0 0 0 0 0 0 0 0 0 0 0 0 0 0 0 0 0 0 0 0 0 0 0 0 0 0 0 0 0 0 0 0 0 0 0 0 0 0 0 0 0 0 0 0 0 0 0 0 0 0 0 0 0 0 0 0 0 0 0 0 0 0 0 0 0 0 0 0 0 0 0 0 0 0 0 0 0 0 0 0 0 0 0 0 0 0 0 0 0 0 0 0 0 0 0 0 0 0 0 0 0 0 0 0 0 0 0 0 0 0
0.475588 6.70591e-10 3.37038e-10 3.33553e-10 0.497402 0.256367 0 0 0 0 0 0 0 0 0 0 0 0 0 0 0 0 0 0 0 0 0 0 0 0 0 0 0 0 0 0 0 0 0 0 0 0 0 0 0 0 0 0 0 0 0 0 0 0 0 0 0 0 0 0 0 0 0 0 0 0 0 0 0 0 0 0 0 0 0 0 0 0 0 0 0 0 0 0 0 0 0 0 0 0 0 0 0 0 0 0 0 0 0 0 0 0 0 0 0 0 0 0 0 0 0 0 0 0 0 0 0 0 0 0 0 0 0 0 0 0 0 0 0 0 0 0 0 0 0 0 0 0 0 0 0 0
0.5 6.36312e-10 3.23787e-10 3.12525e-10 0.49115 0.238533 0 0 0 0 0 0 0 0 0 0 0 0 0 0 0 0 0 0 0 0 0 0 0 0 0 0 0 0 0 0 0 0 0 0 0 0 0 0 0 0 0 0 0 0 0 0 0 0 0 0 0 0 0 0 0 0 0 0 0 0 0 0 0 0 0 0 0 0 0 0 0 0 0 0 0 0 0 0 0 0 0 0 0 0 0 0 0 0 0 0 0 0 0 0 0 0 0 0 0 0 0 0 0 0 0 0 0 0 0 0 0 0 0 0 0 0 0 0 0 0 0 0 0 0 0 0 0 0 0 0 0 0 0 0 0 0
0.525665 5.92996e-10 3.07344e-10 2.85652e-10 0.48171 0.216384 0 0 0 0 0 0 0 0 0 0 0 0 0 0 0 0 0 0 0 0 0 0 0 0 0 0 0 0 0 0 0 0 0 0 0 0 0 0 0 0 0 0 0 0 0 0 0 0 0 0 0 0 0 0 0 0 0 0 0 0 0 0 0 0 0 0 0 0 0 0 0 0 0 0 0 0 0 0 0 0 0 0 0 0 0 0 0 0 0 0 0 0 0 0 0 0 0 0 0 0 0 0 0 0 0 0 0 0 0 0 0 0 0 0 0 0 0 0 0 0 0 0 0 0 0 0 0 0 0 0 0 0 0 0 0 0
0.552648 5.4625e-10 2.89784e-10 2.56466e-10 0.469503 0.193968 0 0 0 0 0 0 0 0 0 0 0 0 0 0 0 0 0 0 0 0 0 0 0 0 0 0 0 0 0 0 0 0 0 0 0 0 0 0 0 0 0 0 0 0 0 0 0 0 0 0 0 0 0 0 0 0 0 0 0 0 0 0 0 0 0 0 0 0 0 0 0 0 0 0 0 0 0 0 0 0 0 0 0 0 0 0 0 0 0 0 0 0 0 0 0 0 0 0 0 0 0 0 0 0 0 0 0 0 0 0 0 0 0 0 0 0 0 0 0 0 0 0 0 0 0 0 0 0 0 0 0 0 0 0 0 0
0.581015 5.00877e-10 2.74175e-10 2.26702e-10 0.45261 0.172287 0 0 0 0 0 0 0 0 0 0 0 0 0 0 0 0 0 0 0 0 0 0 0 0 0 0 0 0 0 0 0 0 0 0 0 0 0 0 0 0 0 0 0 0 0 0 0 0 0 0 0 0 0 0 0 0 0 0 0 0 0 0 0 0 0 0 0 0 0 0 0 0 0 0 0 0 0 0 0 0 0 0 0 0 0 0 0 0 0 0 0 0 0 0 0 0 0 0 0 0 0 0 0 0 0 0 0 0 0 0 0 0 0 0 0 0 0 0 0 0 0 0 0 0 0 0 0 0 0 0 0 0 0 0 0 0
0.610839 4.54787e-10 2.57517e-10 1.9727e-10 0.433764 0.153465 0 0 0 0 0 0 0 0 0 0 0 0 0 0 0 0 0 0 0 0 0 0 0 0 0 0 0 0 0 0 0 0 0 0 0 0 0 0 0 0 0 0 0 0 0 0 0 0 0 0 0 0 0 0 0 0 0 0 0 0 0 0 0 0 0 0 0 0 0 0 0 0 0 0 0 0 0 0 0 0 0 0 0 0 0 0 0 0 0 0 0 0 0 0 0 0 0 0 0 0 0 0 0 0 0 0 0 0 0 0 0 0 0 0 0 0 0 0 0 0 0 0 0 0 0 0 0 0 0 0 0 0 0 0 0 0
0.642193 4.0894e-10 2.39813e-10 1.69127e-10 0.413574 0.137298 0 0 0 0 0 0 0 0 0 0 0 0 0 0 0 0 0 0 0 0 0 0 0 0 0 0 0 0 0 0 0 0 0 0 0 0 0 0 0 0 0 0 0 0 0 0 0 0 0 0 0 0 0 0 0 0 0 0 0 0 0 0 0 0 0 0 0 0 0 0 0 0 0 0 0 0 0 0 0 0 0 0 0 0 0 0 0 0 0 0 0 0 0 0 0 0 0 0 0 0 0 0 0 0 0 0 0 0 0 0 0 0 0 0 0 0 0 0 0 0 0 0 0 0 0 0 0 0 0 0 0 0 0 0 0 0
0.675157 3.65362e-10 2.22066e-10 1.43296e-10 0.392203 0.123242 0 0 0 0 0 0 0 0 0 0 0 0 0 0 0 0 0 0 0 0 0 0 0 0 0 0 0 0 0 0 0 0 0 0 0 0 0 0 0 0 0 0 0 0 0 0 0 0 0 0 0 0 0 0 0 0 0 0 0 0 0 0 0 0 0 0 0 0 0 0 0 0 0 0 0 0 0 0 0 0 0 0 0 0 0 0 0 0 0 0 0 0 0 0 0 0 0 0 0 0 0 0 0 0 0 0 0 0 0 0 0 0 0 0 0 0 0 0 0 0 0 0 0 0 0 0 0 0 0 0 0 0 0 0 0 0
0.709813 3.24891e-10 2.04605e-10 1.20286e-10 0.370236 0.11106 0 0 0 0 0 0 0 0 0 0 0 0 0 0 0 0 0 0 0 0 0 0 0 0 0 0 0 0 0 0 0 0 0 0 0 0 0 0 0 0 0 0 0 0 0 0 0 0 0 0 0 0 0 0 0 0 0 0 0 0 0 0 0 0 0 0 0 0 0 0 0 0 0 0 0 0 0 0 0 0 0 0 0 0 0 0 0 0 0 0 0 0 0 0 0 0 0 0 0 0 0 0 0 0 0 0 0 0 0 0 0 0 0 0 0 0 0 0 0 0 0 0 0 0 0 0 0 0 0 0 0 0 0 0 0 0
0.746248 2.8764e-10 1.87513e-10 1.00127e-10 0.348097 0.100582 0 0 0 0 0 0 0 0 0 0 0 0 0 0 0 0 0 0 0 0 0 0 0 0 0 0 0 0 0 0 0 0 0 0 0 0 0 0 0 0 0 0 0 0 0 0 0 0 0 0 0 0 0 0 0 0 0 0 0 0 0 0 0 0 0 0 0 0 0 0 0 0 0 0 0 0 0 0 0 0 0 0 0 0 0 0 0 0 0 0 0 0 0 0 0 0 0 0 0 0 0 0 0 0 0 0 0 0 0 0 0 0 0 0 0 0 0 0 0 0 0 0 0 0 0 0 0 0 0 0 0 0 0 0 0 0
0.784553 2.5353e-10 1.70794e-10 8.27358e-11 0.326335 0.0914055 0 0 0 0 0 0 0 0 0 0 0 0 0 0 0 0 0 0 0 0 0 0 0 0 0 0 0 0 0 0 0 0 0 0 0 0 0 0 0 0 0 0 0 0 0 0 0 0 0 0 0 0 0 0 0 0 0 0 0 0 0 0 0 0 0 0 0 0 0 0 0 0 0 0 0 0 0 0 0 0 0 0 0 0 0 0 0 0 0 0 0 0 0 0 0 0 0 0 0 0 0 0 0 0 0 0 0 0 0 0 0 0 0 0 0 0 0 0 0 0 0 0 0 0 0 0 0 0 0 0 0 0 0 0 0 0
0.824824 2.22952e-10 1.54968e-10 6.79847e-11 0.304929 0.0834543 0 0 0 0 0 0 0 0 0 0 0 0 0 0 0 0 0 0 0 0 0 0 0 0 0 0 0 0 0 0 0 0 0 0 0 0 0 0 0 0 0 0 0 0 0 0 0 0 0 0 0 0 0 0 0 0 0 0 0 0 0 0 0 0 0 0 0 0 0 0 0 0 0 0 0 0 0 0 0 0 0 0 0 0 0 0 0 0 0 0 0 0 0 0 0 0 0 0 0 0 0 0 0 0 0 0 0 0 0 0 0 0 0 0 0 0 0 0 0 0 0 0 0 0 0 0 0 0 0 0 0 0 0 0 0 0
0.867162 1.95841e-10 1.40178e-10 5.56635e-11 0.284228 0.0764873 0 0 0 0 0 0 0 0 0 0 0 0 0 0 0 0 0 0 0 0 0 0 0 0 0 0 0 0 0 0 0 0 0 0 0 0 0 0 0 0 0 0 0 0 0 0 0 0 0 0 0 0 0 0 0 0 0 0 0 0 0 0 0 0 0 0 0 0 0 0 0 0 0 0 0 0 0 0 0 0 0 0 0 0 0 0 0 0 0 0 0 0 0 0 0 0 0 0 0 0 0 0 0 0 0 0 0 0 0 0 0 0 0 0 0 0 0 0 0 0 0 0 0 0 0 0 0 0 0 0 0 0 0 0 0 0
0.911674 1.71865e-10 1.26442e-10 4.54236e-11 0.264297 0.0703249 0 0 0 0 0 0 0 0 0 0 0 0 0 0 0 0 0 0 0 0 0 0 0 0 0 0 0 0 0 0 0 0 0 0 0 0 0 0 0 0 0 0 0 0 0 0 0 0 0 0 0 0 0 0 0 0 0 0 0 0 0 0 0 0 0 0 0 0 0 0 0 0 0 0 0 0 0 0 0 0 0 0 0 0 0 0 0 0 0 0 0 0 0 0 0 0 0 0 0 0 0 0 0 0 0 0 0 0 0 0 0 0 0 0 0 0 0 0 0 0 0 0 0 0 0 0 0 0 0 0 0 0 0 0 0 0
0.95847 1.50831e-10 1.13867e-10 3.69635e-11 0.245066 0.0649801 0 0 0 0 0 0 0 0 0 0 0 0 0 0 0 0 0 0 0 0 0 0 0 0 0 0 0 0 0 0 0 0 0 0 0 0 0 0 0 0 0 0 0 0 0 0 0 0 0 0 0 0 0 0 0 0 0 0 0 0 0 0 0 0 0 0 0 0 0 0 0 0 0 0 0 0 0 0 0 0 0 0 0 0 0 0 0 0 0 0 0 0 0 0 0 0 0 0 0 0 0 0 0 0 0 0 0 0 0 0 0 0 0 0 0 0 0 0 0 0 0 0 0 0 0 0 0 0 0 0 0 0 0 0 0 0
1.00767 1.32445e-10 1.02397e-10 3.00478e-11 0.22687 0.0601654 0 0 0 0 0 0 0 0 0 0 0 0 0 0 0 0 0 0 0 0 0 0 0 0 0 0 0 0 0 0 0 0 0 0 0 0 0 0 0 0 0 0 0 0 0 0 0 0 0 0 0 0 0 0 0 0 0 0 0 0 0 0 0 0 0 0 0 0 0 0 0 0 0 0 0 0 0 0 0 0 0 0 0 0 0 0 0 0 0 0 0 0 0 0 0 0 0 0 0 0 0 0 0 0 0 0 0 0 0 0 0 0 0 0 0 0 0 0 0 0 0 0 0 0 0 0 0 0 0 0 0 0 0 0 0 0
1.05939 1.16445e-10 9.20473e-11 2.43978e-11 0.209522 0.0559187 0 0 0 0 0 0 0 0 0 0 0 0 0 0 0 0 0 0 0 0 0 0 0 0 0 0 0 0 0 0 0 0 0 0 0 0 0 0 0 0 0 0 0 0 0 0 0 0 0 0 0 0 0 0 0 0 0 0 0 0 0 0 0 0 0 0 0 0 0 0 0 0 0 0 0 0 0 0 0 0 0 0 0 0 0 0 0 0 0 0 0 0 0 0 0 0 0 0 0 0 0 0 0 0 0 0 0 0 0 0 0 0 0 0 0 0 0 0 0 0 0 0 0 0 0 0 0 0 0 0 0 0 0 0 0 0
1.11377 1.02481e-10 8.26784e-11 1.98021e-11 0.193228 0.0520087 0 0 0 0 0 0 0 0 0 0 0 0 0 0 0 0 0 0 0 0 0 0 0 0 0 0 0 0 0 0 0 0 0 0 0 0 0 0 0 0 0 0 0 0 0 0 0 0 0 0 0 0 0 0 0 0 0 0 0 0 0 0 0 0 0 0 0 0 0 0 0 0 0 0 0 0 0 0 0 0 0 0 0 0 0 0 0 0 0 0 0 0 0 0 0 0 0 0 0 0 0 0 0 0 0 0 0 0 0 0 0 0 0 0 0 0 0 0 0 0 0 0 0 0 0 0 0 0 0 0 0 0 0 0 0 0
1.17094 9.04045e-11 7.43403e-11 1.60643e-11 0.177693 0.0483755 0 0 0 0 0 0 0 0 0 0 0 0 0 0 0 0 0 0 0 0 0 0 0 0 0 0 0 0 0 0 0 0 0 0 0 0 0 0 0 0 0 0 0 0 0 0 0 0 0 0 0 0 0 0 0 0 0 0 0 0 0 0 0 0 0 0 0 0 0 0 0 0 0 0 0 0 0 0 0 0 0 0 0 0 0 0 0 0 0 0 0 0 0 0 0 0 0 0 0 0 0 0 0 0 0 0 0 0 0 0 0 0 0 0 0 0 0 0 0 0 0 0 0 0 0 0 0 0 0 0 0 0 0 0 0 0
1.23105 7.99315e-11 6.68872e-11 1.30443e-11 0.163194 0.0449927 0 0 0 0 0 0 0 0 0 0 0 0 0 0 0 0 0 0 0 0 0 0 0 0 0 0 0 0 0 0 0 0 0 0 0 0 0 0 0 0 0 0 0 0 0 0 0 0 0 0 0 0 0 0 0 0 0 0 0 0 0 0 0 0 0 0 0 0 0 0 0 0 0 0 0 0 0 0 0 0 0 0 0 0 0 0 0 0 0 0 0 0 0 0 0 0 0 0 0 0 0 0 0 0 0 0 0 0 0 0 0 0 0 0 0 0 0 0 0 0 0 0 0 0 0 0 0 0 0 0 0 0 0 0 0 0
1.29424 7.08427e-11 6.02407e-11 1.0602e-11 0.149655 0.0417699 0 0 0 0 0 0 0 0 0 0 0 0 0 0 0 0 0 0 0 0 0 0 0 0 0 0 0 0 0 0 0 0 0 0 0 0 0 0 0 0 0 0 0 0 0 0 0 0 0 0 0 0 0 0 0 0 0 0 0 0 0 0 0 0 0 0 0 0 0 0 0 0 0 0 0 0 0 0 0 0 0 0 0 0 0 0 0 0 0 0 0 0 0 0 0 0 0 0 0 0 0 0 0 0 0 0 0 0 0 0 0 0 0 0 0 0 0 0 0 0 0 0 0 0 0 0 0 0 0 0 0 0 0 0 0 0
1.36067 6.29024e-11 5.42856e-11 8.61686e-12 0.136988 0.0388047 0 0 0 0 0 0 0 0 0 0 0 0 0 0 0 0 0 0 0 0 0 0 0 0 0 0 0 0 0 0 0 0 0 0 0 0 0 0 0 0 0 0 0 0 0 0 0 0 0 0 0 0 0 0 0 0 0 0 0 0 0 0 0 0 0 0 0 0 0 0 0 0 0 0 0 0 0 0 0 0 0 0 0 0 0 0 0 0 0 0 0 0 0 0 0 0 0 0 0 0 0 0 0 0 0 0 0 0 0 0 0 0 0 0 0 0 0 0 0 0 0 0 0 0 0 0 0 0 0 0 0 0 0 0 0 0
1.43051 5.5956e-11 4.89513e-11 7.00473e-12 0.125183 0.0360782 0 0 0 0 0 0 0 0 0 0 0 0 0 0 0 0 0 0 0 0 0 0 0 0 0 0 0 0 0 0 0 0 0 0 0 0 0 0 0 0 0 0 0 0 0 0 0 0 0 0 0 0 0 0 0 0 0 0 0 0 0 0 0 0 0 0 0 0 0 0 0 0 0 0 0 0 0 0 0 0 0 0 0 0 0 0 0 0 0 0 0 0 0 0 0 0 0 0 0 0 0 0 0 0 0 0 0 0 0 0 0 0 0 0 0 0 0 0 0 0 0 0 0 0 0 0 0 0 0 0 0 0 0 0 0 0
1.50394 4.99102e-11 4.42098e-11 5.70042e-12 0.114214 0.0335117 0 0 0 0 0 0 0 0 0 0 0 0 0 0 0 0 0 0 0 0 0 0 0 0 0 0 0 0 0 0 0 0 0 0 0 0 0 0 0 0 0 0 0 0 0 0 0 0 0 0 0 0 0 0 0 0 0 0 0 0 0 0 0 0 0 0 0 0 0 0 0 0 0 0 0 0 0 0 0 0 0 0 0 0 0 0 0 0 0 0 0 0 0 0 0 0 0 0 0 0 0 0 0 0 0 0 0 0 0 0 0 0 0 0 0 0 0 0 0 0 0 0 0 0 0 0 0 0 0 0 0 0 0 0 0 0
1.58114 4.46383e-11 3.9996e-11 4.64227e-12 0.103997 0.031042 0 0 0 0 0 0 0 0 0 0 0 0 0 0 0 0 0 0 0 0 0 0 0 0 0 0 0 0 0 0 0 0 0 0 0 0 0 0 0 0 0 0 0 0 0 0 0 0 0 0 0 0 0 0 0 0 0 0 0 0 0 0 0 0 0 0 0 0 0 0 0 0 0 0 0 0 0 0 0 0 0 0 0 0 0 0 0 0 0 0 0 0 0 0 0 0 0 0 0 0 0 0 0 0 0 0 0 0 0 0 0 0 0 0 0 0 0 0 0 0 0 0 0 0 0 0 0 0 0 0 0 0 0 0 0 0
1.6623 4.00225e-11 3.62389e-11 3.78364e-12 0.0945377 0.0286725 0 0 0 0 0 0 0 0 0 0 0 0 0 0 0 0 0 0 0 0 0 0 0 0 0 0 0 0 0 0 0 0 0 0 0 0 0 0 0 0 0 0 0 0 0 0 0 0 0 0 0 0 0 0 0 0 0 0 0 0 0 0 0 0 0 0 0 0 0 0 0 0 0 0 0 0 0 0 0 0 0 0 0 0 0 0 0 0 0 0 0 0 0 0 0 0 0 0 0 0 0 0 0 0 0 0 0 0 0 0 0 0 0 0 0 0 0 0 0 0 0 0 0 0 0 0 0 0 0 0 0 0 0 0 0 0
1.74763 3.59374e-11 3.28511e-11 3.08632e-12 0.0858805 0.0265055 0 0 0 0 0 0 0 0 0 0 0 0 0 0 0 0 0 0 0 0 0 0 0 0 0 0 0 0 0 0 0 0 0 0 0 0 0 0 0 0 0 0 0 0 0 0 0 0 0 0 0 0 0 0 0 0 0 0 0 0 0 0 0 0 0 0 0 0 0 0 0 0 0 0 0 0 0 0 0 0 0 0 0 0 0 0 0 0 0 0 0 0 0 0 0 0 0 0 0 0 0 0 0 0 0 0 0 0 0 0 0 0 0 0 0 0 0 0 0 0 0 0 0 0 0 0 0 0 0 0 0 0 0 0 0 0
1.83733 3.23284e-11 2.98096e-11 2.51884e-12 0.0779141 0.0245006 0 0 0 0 0 0 0 0 0 0 0 0 0 0 0 0 0 0 0 0 0 0 0 0 0 0 0 0 0 0 0 0 0 0 0 0 0 0 0 0 0 0 0 0 0 0 0 0 0 0 0 0 0 0 0 0 0 0 0 0 0 0 0 0 0 0 0 0 0 0 0 0 0 0 0 0 0 0 0 0 0 0 0 0 0 0 0 0 0 0 0 0 0 0 0 0 0 0 0 0 0 0 0 0 0 0 0 0 0 0 0 0 0 0 0 0 0 0 0 0 0 0 0 0 0 0 0 0 0 0 0 0 0 0 0 0
1.93164 2.91297e-11 2.70736e-11 2.0561e-12 0.0705842 0.0226296 0 0 0 0 0 0 0 0 0 0 0 0 0 0 0 0 0 0 0 0 0 0 0 0 0 0 0 0 0 0 0 0 0 0 0 0 0 0 0 0 0 0 0 0 0 0 0 0 0 0 0 0 0 0 0 0 0 0 0 0 0 0 0 0 0 0 0 0 0 0 0 0 0 0 0 0 0 0 0 0 0 0 0 0 0 0 0 0 0 0 0 0 0 0 0 0 0 0 0 0 0 0 0 0 0 0 0 0 0 0 0 0 0 0 0 0 0 0 0 0 0 0 0 0 0 0 0 0 0 0 0 0 0 0 0 0
2.03079 2.63027e-11 2.46238e-11 1.67889e-12 0.0638295 0.0208609 0 0 0 0 0 0 0 0 0 0 0 0 0 0 0 0 0 0 0 0 0 0 0 0 0 0 0 0 0 0 0 0 0 0 0 0 0 0 0 0 0 0 0 0 0 0 0 0 0 0 0 0 0 0 0 0 0 0 0 0 0 0 0 0 0 0 0 0 0 0 0 0 0 0 0 0 0 0 0 0 0 0 0 0 0 0 0 0 0 0 0 0 0 0 0 0 0 0 0 0 0 0 0 0 0 0 0 0 0 0 0 0 0 0 0 0 0 0 0 0 0 0 0 0 0 0 0 0 0 0 0 0 0 0 0 0
2.13503 2.37907e-11 2.2418e-11 1.37274e-12 0.0577009 0.0192145 0 0 0 0 0 0 0 0 0 0 0 0 0 0 0 0 0 0 0 0 0 0 0 0 0 0 0 0 0 0 0 0 0 0 0 0 0 0 0 0 0 0 0 0 0 0 0 0 0 0 0 0 0 0 0 0 0 0 0 0 0 0 0 0 0 0 0 0 0 0 0 0 0 0 0 0 0 0 0 0 0 0 0 0 0 0 0 0 0 0 0 0 0 0 0 0 0 0 0 0 0 0 0 0 0 0 0 0 0 0 0 0 0 0 0 0 0 0 0 0 0 0 0 0 0 0 0 0 0 0 0 0 0 0 0 0
2.24463 2.1542e-11 2.04196e-11 1.12244e-12 0.0521048 0.0176969 0 0 0 0 0 0 0 0 0 0 0 0 0 0 0 0 0 0 0 0 0 0 0 0 0 0 0 0 0 0 0 0 0 0 0 0 0 0 0 0 0 0 0 0 0 0 0 0 0 0 0 0 0 0 0 0 0 0 0 0 0 0 0 0 0 0 0 0 0 0 0 0 0 0 0 0 0 0 0 0 0 0 0 0 0 0 0 0 0 0 0 0 0 0 0 0 0 0 0 0 0 0 0 0 0 0 0 0 0 0 0 0 0 0 0 0 0 0 0 0 0 0 0 0 0 0 0 0 0 0 0 0 0 0 0 0
2.35984 1.95381e-11 1.86202e-11 9.17818e-13 0.0469759 0.016285 0 0 0 0 0 0 0 0 0 0 0 0 0 0 0 0 0 0 0 0 0 0 0 0 0 0 0 0 0 0 0 0 0 0 0 0 0 0 0 0 0 0 0 0 0 0 0 0 0 0 0 0 0 0 0 0 0 0 0 0 0 0 0 0 0 0 0 0 0 0 0 0 0 0 0 0 0 0 0 0 0 0 0 0 0 0 0 0 0 0 0 0 0 0 0 0 0 0 0 0 0 0 0 0 0 0 0 0 0 0 0 0 0 0 0 0 0 0 0 0 0 0 0 0 0 0 0 0 0 0 0 0 0 0 0 0
2.48097 1.77473e-11 1.69966e-11 7.50678e-13 0.0422981 0.0149641 0 0 0 0 0 0 0 0 0 0 0 0 0 0 0 0 0 0 0 0 0 0 0 0 0 0 0 0 0 0 0 0 0 0 0 0 0 0 0 0 0 0 0 0 0 0 0 0 0 0 0 0 0 0 0 0 0 0 0 0 0 0 0 0 0 0 0 0 0 0 0 0 0 0 0 0 0 0 0 0 0 0 0 0 0 0 0 0 0 0 0 0 0 0 0 0 0 0 0 0 0 0 0 0 0 0 0 0 0 0 0 0 0 0 0 0 0 0 0 0 0 0 0 0 0 0 0 0 0 0 0 0 0 0 0 0
2.60832 1.61435e-11 1.55287e-11 6.14747e-13 0.0380802 0.0137217 0 0 0 0 0 0 0 0 0 0 0 0 0 0 0 0 0 0 0 0 0 0 0 0 0 0 0 0 0 0 0 0 0 0 0 0 0 0 0 0 0 0 0 0 0 0 0 0 0 0 0 0 0 0 0 0 0 0 0 0 0 0 0 0 0 0 0 0 0 0 0 0 0 0 0 0 0 0 0 0 0 0 0 0 0 0 0 0 0 0 0 0 0 0 0 0 0 0 0 0 0 0 0 0 0 0 0 0 0 0 0 0 0 0 0 0 0 0 0 0 0 0 0 0 0 0 0 0 0 0 0 0 0 0 0 0
2.74221 1.46898e-11 1.41864e-11 5.03431e-13 0.0342707 0.0125804 0 0 0 0 0 0 0 0 0 0 0 0 0 0 0 0 0 0 0 0 0 0 0 0 0 0 0 0 0 0 0 0 0 0 0 0 0 0 0 0 0 0 0 0 0 0 0 0 0 0 0 0 0 0 0 0 0 0 0 0 0 0 0 0 0 0 0 0 0 0 0 0 0 0 0 0 0 0 0 0 0 0 0 0 0 0 0 0 0 0 0 0 0 0 0 0 0 0 0 0 0 0 0 0 0 0 0 0 0 0 0 0 0 0 0 0 0 0 0 0 0 0 0 0 0 0 0 0 0 0 0 0 0 0 0 0
2.88297 1.33769e-11 1.29648e-11 4.12078e-13 0.0308052 0.0115472 0 0 0 0 0 0 0 0 0 0 0 0 0 0 0 0 0 0 0 0 0 0 0 0 0 0 0 0 0 0 0 0 0 0 0 0 0 0 0 0 0 0 0 0 0 0 0 0 0 0 0 0 0 0 0 0 0 0 0 0 0 0 0 0 0 0 0 0 0 0 0 0 0 0 0 0 0 0 0 0 0 0 0 0 0 0 0 0 0 0 0 0 0 0 0 0 0 0 0 0 0 0 0 0 0 0 0 0 0 0 0 0 0 0 0 0 0 0 0 0 0 0 0 0 0 0 0 0 0 0 0 0 0 0 0 0
3.03095 1.21865e-11 1.1849e-11 3.37462e-13 0.0276915 0.0106013 0 0 0 0 0 0 0 0 0 0 0 0 0 0 0 0 0 0 0 0 0 0 0 0 0 0 0 0 0 0 0 0 0 0 0 0 0 0 0 0 0 0 0 0 0 0 0 0 0 0 0 0 0 0 0 0 0 0 0 0 0 0 0 0 0 0 0 0 0 0 0 0 0 0 0 0 0 0 0 0 0 0 0 0 0 0 0 0 0 0 0 0 0 0 0 0 0 0 0 0 0 0 0 0 0 0 0 0 0 0 0 0 0 0 0 0 0 0 0 0 0 0 0 0 0 0 0 0 0 0 0 0 0 0 0 0
3.18653 1.11149e-11 1.08385e-11 2.7648e-13 0.0248746 0.00971467 0 0 0 0 0 0 0 0 0 0 0 0 0 0 0 0 0 0 0 0 0 0 0 0 0 0 0 0 0 0 0 0 0 0 0 0 0 0 0 0 0 0 0 0 0 0 0 0 0 0 0 0 0 0 0 0 0 0 0 0 0 0 0 0 0 0 0 0 0 0 0 0 0 0 0 0 0 0 0 0 0 0 0 0 0 0 0 0 0 0 0 0 0 0 0 0 0 0 0 0 0 0 0 0 0 0 0 0 0 0 0 0 0 0 0 0 0 0 0 0 0 0 0 0 0 0 0 0 0 0 0 0 0 0 0 0
3.35009 1.0145e-11 9.91855e-12 2.26495e-13 0.0223257 0.00889382 0 0 0 0 0 0 0 0 0 0 0 0 0 0 0 0 0 0 0 0 0 0 0 0 0 0 0 0 0 0 0 0 0 0 0 0 0 0 0 0 0 0 0 0 0 0 0 0 0 0 0 0 0 0 0 0 0 0 0 0 0 0 0 0 0 0 0 0 0 0 0 0 0 0 0 0 0 0 0 0 0 0 0 0 0 0 0 0 0 0 0 0 0 0 0 0 0 0 0 0 0 0 0 0 0 0 0 0 0 0 0 0 0 0 0 0 0 0 0 0 0 0 0 0 0 0 0 0 0 0 0 0 0 0 0 0
3.52205 9.26354e-12 9.07804e-12 1.85501e-13 0.0200248 0.00814384 0 0 0 0 0 0 0 0 0 0 0 0 0 0 0 0 0 0 0 0 0 0 0 0 0 0 0 0 0 0 0 0 0 0 0 0 0 0 0 0 0 0 0 0 0 0 0 0 0 0 0 0 0 0 0 0 0 0 0 0 0 0 0 0 0 0 0 0 0 0 0 0 0 0 0 0 0 0 0 0 0 0 0 0 0 0 0 0 0 0 0 0 0 0 0 0 0 0 0 0 0 0 0 0 0 0 0 0 0 0 0 0 0 0 0 0 0 0 0 0 0 0 0 0 0 0 0 0 0 0 0 0 0 0 0 0
3.70284 8.46509e-12 8.31306e-12 1.52025e-13 0.0179591 0.00745448 0 0 0 0 0 0 0 0 0 0 0 0 0 0 0 0 0 0 0 0 0 0 0 0 0 0 0 0 0 0 0 0 0 0 0 0 0 0 0 0 0 0 0 0 0 0 0 0 0 0 0 0 0 0 0 0 0 0 0 0 0 0 0 0 0 0 0 0 0 0 0 0 0 0 0 0 0 0 0 0 0 0 0 0 0 0 0 0 0 0 0 0 0 0 0 0 0 0 0 0 0 0 0 0 0 0 0 0 1.4013e-45 0 1.4013e-45 0 1.4013e-45 0 1.4013e-45 0 2.8026e-45 0 4.2039e-45 0 5.60519e-45 0 7.00649e-45 0 9.80909e-45 0 1.26117e-44 0 1.68156e-44 0 2.10195e-44 0 2.8026e-44 0 3.64338e-44 0
3.89291 7.74305e-12 7.61849e-12 1.24568e-13 0.0160877 0.0068151 0 0 0 0 0 0 0 0 0 0 0 0 0 0 0 0 0 0 0 0 0 0 0 0 0 0 0 0 0 0 0 0 0 0 0 0 0 0 0 0 0 0 0 0 0 0 0 0 0 0 0 0 0 0 0 0 0 0 0 0 0 0 0 0 0 0 0 0 0 0 0 0 0 0 0 0 0 0 0 0 0 0 0 0 1.4013e-45 0 1.4013e-45 0 2.8026e-45 0 4.2039e-45 0 5.60519e-45 0 8.40779e-45 0 1.26117e-44 0 1.82169e-44 0 2.66247e-44 0 3.78351e-44 0 5.32493e-44 0 7.28675e-44 0 1.03696e-43 0 1.42932e-43 0 1.91978e-43 0 2.5924e-43 0 3.53127e-43 0 4.66632e-43 0 6.1517e-43 0 8.08549e-43 0 1.06359e-42 0 1.39709e-42 0 1.8301e-42 0 2.32475e-42 0 3.03942e-42 0 3.85217e-42 0
4.09273 7.08919e-12 6.98711e-12 1.02072e-13 0.0143983 0.00620452 0 0 0 0 0 0 0 0 0 0 0 0 0 0 0 0 0 0 0 0 0 0 0 0 0 0 0 0 0 0 0 0 0 0 0 0 0 0 0 0 0 0 0 0 0 0 0 0 0 0 0 0 0 0 0 0 0 0 0 0 0 0 0 0 1.4013e-45 0 1.4013e-45 0 2.8026e-45 0 4.2039e-45 0 7.00649e-45 0 1.26117e-44 0 2.10195e-44 0 3.50325e-44 0 5.46506e-44 0 8.68805e-44 0 1.33123e-43 0 2.0459e-43 0 3.1249e-43 0 4.61027e-43 0 6.76827e-43 0 9.92119e-43 0 1.4041e-42 0 1.98144e-42 0 2.83483e-42 0 3.92364e-42 0 5.5001e-42 0 7.46332e-42 0 1.04159e-41 0 1.40774e-41 0 1.87059e-41 0 2.4817e-41 0 3.33565e-41 0 4.34613e-41 0 5.65438e-41 0 7.34575e-41 0 9.52911e-41 0 1.23439e-40 0 1.59675e-40 0 2.00487e-40 0 2.58653e-40 0 3.24005e-40 0
4.30281 6.48997e-12 6.40633e-12 8.36356e-14 0.0128869 0.00565062 0 0 0 0 0 0 0 0 0 0 0 0 0 0 0 0 0 0 0 0 0 0 0 0 0 0 0 0 0 0 0 0 0 0 0 0 0 0 0 0 0 0 0 0 0 0 0 0 0 0 0 0 1.4013e-45 0 2.8026e-45 0 7.00649e-45 0 1.26117e-44 0 2.66247e-44 0 5.04467e-44 0 9.24857e-44 0 1.65353e-43 0 2.95674e-43 0 5.0727e-43 0 8.50588e-43 0 1.39569e-42 0 2.24208e-42 0 3.58732e-42 0 5.53233e-42 0 8.6362e-42 0 1.30111e-41 0 1.95341e-41 0 2.92269e-41 0 4.2266e-41 0 6.09495e-41 0 8.76442e-41 0 1.21973e-40 0 1.69355e-40 0 2.38092e-40 0 3.24255e-40 0 4.4716e-40 0 5.97738e-40 0 8.20826e-40 0 1.09307e-39 0 1.43253e-39 0 1.87444e-39 0 2.48336e-39 0 3.19408e-39 0 4.10247e-39 0 5.26192e-39 0 6.7398e-39 0 8.62103e-39 0 1.10125e-38 0 1.36744e-38 0 1.74236e-38 0 2.15872e-38 0
4.52368 5.94328e-12 5.87472e-12 6.85597e-14 0.0115357 0.00514481 0 0 0 0 0 0 0 0 0 0 0 0 0 0 0 0 0 0 0 0 0 0 0 0 0 0 0 0 0 0 0 0 0 0 0 0 0 0 0 0 0 0 1.4013e-45 0 4.2039e-45 0 1.12104e-44 0 2.94273e-44 0 7.00649e-44 0 1.59748e-43 0 3.44719e-43 0 7.06254e-43 0 1.40971e-42 0 2.6947e-42 0 5.02225e-42 0 8.98232e-42 0 1.56973e-41 0 2.72525e-41 0 4.55394e-41 0 7.4493e-41 0 1.19351e-40 0 1.87398e-40 0 2.92964e-40 0 4.42398e-40 0 6.75708e-40 0 9.97825e-40 0 1.46863e-39 0 2.15454e-39 0 3.06019e-39 0 4.33475e-39 0 6.1237e-39 0 8.38584e-39 0 1.14583e-38 0 1.58432e-38 0 2.12538e-38 0 2.88535e-38 0 3.8027e-38 0 5.1417e-38 0 6.75196e-38 0 8.73276e-38 0 1.12776e-37 0 1.47374e-37 0 1.87237e-37 0 2.37566e-37 0 3.01026e-37 0 3.80942e-37 0 4.81449e-37 0 6.07694e-37 0 7.46651e-37 0 9.4018e-37 0 1.15272e-36 0
4.75588 5.44451e-12 5.38832e-12 5.61867e-14 0.0103199 0.00467936 0 0 0 0 0 0 0 0 0 0 0 0 0 0 0 0 0 0 0 0 0 0 0 0 0 0 0 0 0 0 0 0 0 0 1.4013e-45 0 4.2039e-45 0 1.54143e-44 0 5.60519e-44 0 1.69557e-43 0 4.69435e-43 0 1.24856e-42 0 3.03942e-42 0 6.7949e-42 0 1.49869e-41 0 3.10276e-41 0 6.14638e-41 0 1.18609e-40 0 2.19609e-40 0 3.96971e-40 0 6.90158e-40 0 1.17359e-39 0 1.98344e-39 0 3.23231e-39 0 5.16175e-39 0 8.08198e-39 0 1.24133e-38 0 1.89873e-38 0 2.81011e-38 0 4.20424e-38 0 6.09141e-38 0 8.79794e-38 0 1.26676e-37 0 1.76868e-37 0 2.4631e-37 0 3.42141e-37 0 4.61394e-37 0 6.20909e-37 0 8.45044e-37 0 1.11749e-36 0 1.49459e-36 0 1.9434e-36 0 2.58929e-36 0 3.35527e-36 0 4.28543e-36 0 5.46559e-36 0 7.04964e-36 0 8.85239e-36 0 1.11021e-35 0 1.39061e-35 0 1.73967e-35 0 2.17368e-35 0 2.71263e-35 0 3.29957e-35 0 4.10831e-35 0 4.9872e-35 0
5 4.99514e-12 4.9491e-12 4.60386e-14 0.00921667 0.00423046 0 0 0 0 0 0 0 0 0 0 0 0 0 0 0 0 0 0 0 0 0 0 0 0 0 0 0 0 0 0 2.8026e-45 0 2.10195e-44 0 1.09301e-43 0 4.58225e-43 0 1.65774e-42 0 5.38519e-42 0 1.55642e-41 0 4.09922e-41 0 1.04067e-40 0 2.42576e-40 0 5.21315e-40 0 1.10628e-39 0 2.21043e-39 0 4.23488e-39 0 7.91412e-39 0 1.42192e-38 0 2.49707e-38 0 4.22564e-38 0 7.00173e-38 0 1.1534e-37 0 1.83535e-37 0 2.86469e-37 0 4.38824e-37 0 6.60027e-37 0 9.88838e-37 0 1.43573e-36 0 2.10617e-36 0 2.99683e-36 0 4.25138e-36 0 6.01333e-36 0 8.26022e-36 0 1.13188e-35 0 1.54724e-35 0 2.05628e-35 0 2.72736e-35 0 3.65644e-35 0 4.76977e-35 0 6.28942e-35 0 8.07389e-35 0 1.06076e-34 0 1.35728e-34 0 1.71296e-34 0 2.1589e-34 0 2.75021e-34 0 3.41531e-34 0 4.23617e-34 0 5.24806e-34 0 6.494e-34 0 8.02632e-34 0 9.90869e-34 0 1.19379e-33 0 1.47058e-33 0 1.76835e-33 0
5.25665 4.57653e-12 4.5388e-12 3.7736e-14 0.00824554 0.0038259 0 0 0 0 0 0 0 0 0 0 0 0 0 0 0 0 0 0 0 0 0 0 0 0 0 0 4.2039e-45 0 4.90454e-44 0 3.71344e-43 0 2.14959e-42 0 1.00515e-41 0 3.94339e-41 0 1.338e-40 0 4.10481e-40 0 1.12646e-39 0 2.8297e-39 0 6.86443e-39 0 1.5353e-38 0 3.17852e-38 0 6.50182e-38 0 1.25594e-37 0 2.33104e-37 0 4.22524e-37 0 7.37733e-37 0 1.26042e-36 0 2.07885e-36 0 3.36068e-36 0 5.40277e-36 0 8.40441e-36 0 1.28359e-35 0 1.92573e-35 0 2.8393e-35 0 4.17065e-35 0 5.94625e-35 0 8.56131e-35 0 1.19737e-34 0 1.66987e-34 0 2.32229e-34 0 3.14095e-34 0 4.23829e-34 0 5.70582e-34 0 7.47848e-34 0 9.78327e-34 0 1.29296e-33 0 1.66489e-33 0 2.16589e-33 0 2.7467e-33 0 3.56089e-33 0 4.50177e-33 0 5.61728e-33 0 7.00012e-33 0 8.81264e-33 0 1.08287e-32 0 1.32909e-32 0 1.62944e-32 0 1.99542e-32 0 2.44088e-32 0 2.98249e-32 0 3.56075e-32 0 4.34188e-32 0 5.17429e-32 0
5.52648 4.19071e-12 4.15978e-12 3.09319e-14 0.00738105 0.0034636 0 0 0 0 0 0 0 0 0 0 0 0 0 0 0 0 0 0 0 0 0 0 1.4013e-45 0 2.94273e-44 0 4.70836e-43 0 4.61307e-42 0 3.17478e-41 0 1.68404e-40 0 7.30589e-40 0 2.68111e-39 0 8.57019e-39 0 2.48918e-38 0 6.50239e-38 0 1.56159e-37 0 3.62779e-37 0 7.80122e-37 0 1.5587e-36 0 3.07892e-36 0 5.75934e-36 0 1.03714e-35 0 1.82613e-35 0 3.10285e-35 0 5.16439e-35 0 8.31221e-35 0 1.31261e-34 0 2.06186e-34 0 3.13892e-34 0 4.6959e-34 0 6.90698e-34 0 9.99244e-34 0 1.44049e-33 0 2.0185e-33 0 2.85494e-33 0 3.92802e-33 0 5.38982e-33 0 7.37588e-33 0 9.83005e-33 0 1.30717e-32 0 1.73442e-32 0 2.24344e-32 0 2.8966e-32 0 3.77638e-32 0 4.80305e-32 0 6.16862e-32 0 7.73262e-32 0 9.89849e-32 0 1.23715e-31 0 1.52711e-31 0 1.88271e-31 0 2.3437e-31 0 2.85105e-31 0 3.46447e-31 0 4.20534e-31 0 5.09919e-31 0 6.17647e-31 0 7.47349e-31 0 8.84563e-31 0 1.06822e-30 0 1.26216e-30 0
5.81015 3.8394e-12 3.81406e-12 2.53406e-14 0.00660014 0.00313256 0 0 0 0 0 0 0 0 0 0 0 0 0 0 0 0 0 0 0 0 1.4013e-45 0 9.52883e-44 0 2.75916e-42 0 3.91509e-41 0 3.42714e-40 0 2.14672e-39 0 1.04964e-38 0 4.23883e-38 0 1.45989e-37 0 4.40915e-37 0 1.21566e-36 0 3.03018e-36 0 6.97246e-36 0 1.55449e-35 0 3.22012e-35 0 6.2201e-35 0 1.1885e-34 0 2.15622e-34 0 3.773e-34 0 6.46223e-34 0 1.06997e-33 0 1.73711e-33 0 2.7317e-33 0 4.21857e-33 0 6.48205e-33 0 9.66768e-33 0 1.41814e-32 0 2.04695e-32 0 2.90844e-32 0 4.11855e-32 0 5.67687e-32 0 7.89452e-32 0 1.06939e-31 0 1.44487e-31 0 1.94723e-31 0 2.55899e-31 0 3.35584e-31 0 4.39165e-31 0 5.60957e-31 0 7.15296e-31 0 9.20554e-31 0 1.15715e-30 0 1.4681e-30 0 1.82014e-30 0 2.30202e-30 0 2.84599e-30 0 3.47711e-30 0 4.24319e-30 0 5.22596e-30 0 6.29673e-30 0 7.57905e-30 0 9.11317e-30 0 1.09467e-29 0 1.31358e-29 0 1.57471e-29 0 1.84855e-29 0 2.21188e-29 0 2.59225e-29 0
6.10839 3.52104e-12 3.50028e-12 2.0756e-14 0.00589484 0.00282102 0 0 0 0 0 0 0 0 0 0 0 0 0 0 0 0 0 0 0 0 1.14906e-43 0 8.40919e-42 0 2.06997e-40 0 2.57996e-39 0 2.03144e-38 0 1.16344e-37 0 5.26449e-37 0 1.98593e-36 0 6.43894e-36 0 1.84252e-35 0 4.83466e-35 0 1.15254e-34 0 2.54626e-34 0 5.45887e-34 0 1.0913e-33 0 2.04132e-33 0 3.77905e-33 0 6.65958e-33 0 1.13391e-32 0 1.89174e-32 0 3.05604e-32 0 4.84552e-32 0 7.45327e-32 0 1.12685e-31 0 1.69552e-31 0 2.47992e-31 0 3.57034e-31 0 5.06193e-31 0 7.07002e-31 0 9.84301e-31 0 1.33564e-30 0 1.82773e-30 0 2.43943e-30 0 3.24787e-30 0 4.3138e-30 0 5.59395e-30 0 7.23942e-30 0 9.35031e-30 0 1.18015e-29 0 1.4871e-29 0 1.8904e-29 0 2.34988e-29 0 2.9469e-29 0 3.61539e-29 0 4.52044e-29 0 5.53104e-29 0 6.69182e-29 0 8.08716e-29 0 9.85945e-29 0 1.1772e-28 0 1.40417e-28 0 1.67327e-28 0 1.99201e-28 0 2.36919e-28 0 2.81512e-28 0 3.2789e-28 0 3.88915e-28 0 4.52278e-28 0
6.42193 3.22328e-12 3.20628e-12 1.70021e-14 0.00527477 0.00256797 0 0 0 0 0 0 0 0 0 0 0 0 0 0 0 0 0 0 2.10195e-44 0 9.85113e-42 0 5.8653e-40 0 1.23477e-38 0 1.36064e-37 0 9.68676e-37 0 5.09461e-36 0 2.14149e-35 0 7.57129e-35 0 2.31782e-34 0 6.30064e-34 0 1.57718e-33 0 3.60372e-33 0 7.65933e-33 0 1.58205e-32 0 3.05756e-32 0 5.54704e-32 0 9.96493e-32 0 1.70815e-31 0 2.8338e-31 0 4.61108e-31 0 7.27662e-31 0 1.12807e-30 0 1.69908e-30 0 2.51748e-30 0 3.71314e-30 0 5.33105e-30 0 7.53977e-30 0 1.0509e-29 0 1.44405e-29 0 1.97821e-29 0 2.64461e-29 0 3.56398e-29 0 4.69017e-29 0 6.15787e-29 0 8.06628e-29 0 1.03281e-28 0 1.31989e-28 0 1.68359e-28 0 2.10093e-28 0 2.61765e-28 0 3.2888e-28 0 4.04498e-28 0 5.01688e-28 0 6.09381e-28 0 7.53663e-28 0 9.13114e-28 0 1.09452e-27 0 1.31057e-27 0 1.58239e-27 0 1.87306e-27 0 2.21504e-27 0 2.61704e-27 0 3.08915e-27 0 3.64311e-27 0 4.29252e-27 0 4.96261e-27 0 5.83736e-27 0 6.73857e-27 0
6.75157 2.96038e-12 2.94645e-12 1.39299e-14 0.00470545 0.002293 0 0 0 0 0 0 0 0 0 0 0 0 0 0 0 0 0 0 1.90296e-42 0 6.72878e-40 0 3.2814e-38 0 5.95315e-37 0 5.83471e-36 0 3.7743e-35 0 1.8305e-34 0 7.17344e-34 0 2.38454e-33 0 6.91177e-33 0 1.78933e-32 0 4.28284e-32 0 9.39895e-32 0 1.92545e-31 0 3.83867e-31 0 7.18397e-31 0 1.26596e-30 0 2.2101e-30 0 3.69008e-30 0 5.97237e-30 0 9.48978e-30 0 1.46457e-29 0 2.22239e-29 0 3.28104e-29 0 4.76901e-29 0 6.90182e-29 0 9.73567e-29 0 1.35382e-28 0 1.85663e-28 0 2.51192e-28 0 3.38862e-28 0 4.46638e-28 0 5.93202e-28 0 7.70253e-28 0 9.97935e-28 0 1.29009e-27 0 1.63203e-27 0 2.06084e-27 0 2.59765e-27 0 3.20672e-27 0 3.95274e-27 0 4.91117e-27 0 5.97964e-27 0 7.33884e-27 0 8.82996e-27 0 1.08079e-26 0 1.29724e-26 0 1.54126e-26 0 1.82933e-26 0 2.18852e-26 0 2.56928e-26 0 3.01361e-26 0 3.53166e-26 0 4.13515e-26 0 4.83756e-26 0 5.65442e-26 0 6.49097e-26 0 7.57485e-26 0 8.68322e-26 0
7.09813 2.7173e-12 2.70589e-12 1.14072e-14 0.00419799 0.00205367 0 0 0 0 0 0 0 0 0 0 0 0 0 0 0 0 4.2039e-45 0 1.38434e-40 0 3.67626e-38 0 1.48289e-36 0 2.33529e-35 0 2.04746e-34 0 1.20906e-33 0 5.42875e-33 0 1.9902e-32 0 6.23883e-32 0 1.71681e-31 0 4.24281e-31 0 9.73172e-31 0 2.05528e-30 0 4.06553e-30 0 7.83674e-30 0 1.42243e-29 0 2.43822e-29 0 4.14237e-29 0 6.74533e-29 0 1.06636e-28 0 1.65652e-28 0 2.50293e-28 0 3.72148e-28 0 5.39073e-28 0 7.69367e-28 0 1.09353e-27 0 1.51684e-27 0 2.0756e-27 0 2.80291e-27 0 3.73664e-27 0 4.96764e-27 0 6.45991e-27 0 8.46168e-27 0 1.0848e-26 0 1.3878e-26 0 1.77174e-26 0 2.21576e-26 0 2.76626e-26 0 3.44763e-26 0 4.21244e-26 0 5.13968e-26 0 6.31858e-26 0 7.61966e-26 0 9.25859e-26 0 1.10396e-25 0 1.33798e-25 0 1.59169e-25 0 1.87525e-25 0 2.2072e-25 0 2.61758e-25 0 3.04902e-25 0 3.54856e-25 0 4.12649e-25 0 4.79455e-25 0 5.56618e-25 0 6.4567e-25 0 7.36218e-25 0 8.52701e-25 0 9.70973e-25 0
7.46248 2.49682e-12 2.48748e-12 9.33897e-15 0.00374035 0.00183284 0 0 0 0 0 0 0 0 0 0 0 0 0 0 0 0 3.68541e-43 0 8.04574e-39 0 1.62694e-36 0 5.47869e-35 0 7.54147e-34 0 5.94698e-33 0 3.22012e-32 0 1.34363e-31 0 4.62306e-31 0 1.3706e-30 0 3.58976e-30 0 8.48813e-30 0 1.86958e-29 0 3.80692e-29 0 7.28377e-29 0 1.35975e-28 0 2.39725e-28 0 4.00248e-28 0 6.62624e-28 0 1.05362e-27 0 1.62882e-27 0 2.47642e-27 0 3.66712e-27 0 5.34789e-27 0 7.60775e-27 0 1.06709e-26 0 1.49088e-26 0 2.03522e-26 0 2.74262e-26 0 3.64974e-26 0 4.79774e-26 0 6.29025e-26 0 8.07561e-26 0 1.04395e-25 0 1.32223e-25 0 1.67133e-25 0 2.10841e-25 0 2.60817e-25 0 3.22108e-25 0 3.97154e-25 0 4.80534e-25 0 5.80642e-25 0 7.06664e-25 0 8.44421e-25 0 1.01634e-24 0 1.20148e-24 0 1.44257e-24 0 1.70162e-24 0 1.98878e-24 0 2.32227e-24 0 2.73121e-24 0 3.15777e-24 0 3.64801e-24 0 4.211e-24 0 4.85702e-24 0 5.59777e-24 0 6.44646e-24 0 7.30356e-24 0 8.39866e-24 0 9.50313e-24 0
7.84553 2.29859e-12 2.29094e-12 7.64899e-15 0.00332769 0.00161903 0 0 0 0 0 0 0 0 0 0 0 0 0 0 0 0 2.82039e-41 0 3.77975e-37 0 5.89781e-35 0 1.67273e-33 0 2.02584e-32 0 1.4443e-31 0 7.20141e-31 0 2.80243e-30 0 9.07787e-30 0 2.55223e-29 0 6.37762e-29 0 1.44597e-28 0 3.06441e-28 0 6.02696e-28 0 1.11718e-27 0 2.02297e-27 0 3.46913e-27 0 5.64894e-27 0 9.12465e-27 0 1.4184e-26 0 2.1466e-26 0 3.19756e-26 0 4.6451e-26 0 6.65046e-26 0 9.29933e-26 0 1.28298e-25 0 1.76348e-25 0 2.37106e-25 0 3.14898e-25 0 4.13246e-25 0 5.36024e-25 0 6.9354e-25 0 8.79592e-25 0 1.12291e-24 0 1.40591e-24 0 1.75689e-24 0 2.19136e-24 0 2.68276e-24 0 3.27923e-24 0 4.00212e-24 0 4.79749e-24 0 5.74362e-24 0 6.92348e-24 0 8.20152e-24 0 9.78235e-24 0 1.14703e-23 0 1.36495e-23 0 1.59713e-23 0 1.8525e-23 0 2.14683e-23 0 2.50496e-23 0 2.87573e-23 0 3.29886e-23 0 3.78137e-23 0 4.33121e-23 0 4.95728e-23 0 5.66966e-23 0 6.38445e-23 0 7.29183e-23 0 8.20112e-23 0
8.24824 2.11507e-12 2.10881e-12 6.263e-15 0.00296113 0.00141847 0 0 0 0 0 0 0 0 0 0 0 0 1.4013e-45 0 6.44597e-44 0 1.71707e-39 0 1.44693e-35 0 1.76438e-33 0 4.25011e-32 0 4.55716e-31 0 2.95187e-30 0 1.36078e-29 0 4.95558e-29 0 1.51573e-28 0 4.05171e-28 0 9.68184e-28 0 2.10912e-27 0 4.30887e-27 0 8.19922e-27 0 1.47473e-26 0 2.5941e-26 0 4.33294e-26 0 6.88955e-26 0 1.08711e-25 0 1.65386e-25 0 2.45283e-25 0 3.58331e-25 0 5.11144e-25 0 7.19102e-25 0 9.89195e-25 0 1.34347e-24 0 1.81816e-24 0 2.40949e-24 0 3.156e-24 0 4.08707e-24 0 5.23446e-24 0 6.68801e-24 0 8.38431e-24 0 1.05767e-23 0 1.30978e-23 0 1.61905e-23 0 1.99776e-23 0 2.42171e-23 0 2.93127e-23 0 3.54282e-23 0 4.20949e-23 0 4.99556e-23 0 5.96709e-23 0 7.01036e-23 0 8.28994e-23 0 9.64509e-23 0 1.13805e-22 0 1.32146e-22 0 1.52169e-22 0 1.75081e-22 0 2.02755e-22 0 2.31202e-22 0 2.63449e-22 0 2.99977e-22 0 3.41325e-22 0 3.88097e-22 0 4.40968e-22 0 4.93691e-22 0 5.6021e-22 0 6.26464e-22 0
8.67162 1.94643e-12 1.94131e-12 5.12494e-15 0.00263299 0.00124497 0 0 0 0 0 0 0 0 0 0 1.4013e-45 0 1.76564e-43 0 5.22965e-42 0 8.41635e-38 0 4.56159e-34 0 4.39954e-32 0 9.07295e-31 0 8.66443e-30 0 5.12303e-29 0 2.19187e-28 0 7.49401e-28 0 2.17038e-27 0 5.52974e-27 0 1.26635e-26 0 2.65574e-26 0 5.23964e-26 0 9.66202e-26 0 1.68873e-25 0 2.88975e-25 0 4.70736e-25 0 7.31733e-25 0 1.12918e-24 0 1.68303e-24 0 2.44852e-24 0 3.51143e-24 0 4.92278e-24 0 6.81114e-24 0 9.22464e-24 0 1.23425e-23 0 1.64586e-23 0 2.15137e-23 0 2.78102e-23 0 3.55629e-23 0 4.49998e-23 0 5.6812e-23 0 7.04396e-23 0 8.78567e-23 0 1.07669e-22 0 1.31722e-22 0 1.60873e-22 0 1.93189e-22 0 2.31668e-22 0 2.77422e-22 0 3.26863e-22 0 3.84671e-22 0 4.55512e-22 0 5.30959e-22 0 6.22755e-22 0 7.1922e-22 0 8.41798e-22 0 9.70359e-22 0 1.10972e-21 0 1.2681e-21 0 1.45805e-21 0 1.652e-21 0 1.87045e-21 0 2.11633e-21 0 2.39291e-21 0 2.7038e-21 0 3.05305e-21 0 3.39928e-21 0 3.83356e-21 0 4.26361e-21 0
9.11674 1.79458e-12 1.79038e-12 4.19382e-15 0.00233694 0.00109015 0 0 0 0 0 0 0 0 0 0 1.79366e-43 0 1.33558e-41 0 3.35307e-40 0 3.36248e-36 0 1.19769e-32 0 9.24172e-31 0 1.64408e-29 0 1.40626e-28 0 7.62382e-28 0 3.03835e-27 0 9.78298e-27 0 2.68995e-26 0 6.5476e-26 0 1.44e-25 0 2.91267e-25 0 5.55901e-25 0 9.9492e-25 0 1.69216e-24 0 2.82066e-24 0 4.48664e-24 0 6.82563e-24 0 1.03123e-23 0 1.50738e-23 0 2.15319e-23 0 3.03402e-23 0 4.1839e-23 0 5.69779e-23 0 7.60334e-23 0 1.00296e-22 0 1.31878e-22 0 1.70143e-22 0 2.172e-22 0 2.74435e-22 0 3.43291e-22 0 4.28498e-22 0 5.25735e-22 0 6.48694e-22 0 7.87124e-22 0 9.5353e-22 0 1.15324e-21 0 1.37258e-21 0 1.63144e-21 0 1.93653e-21 0 2.26345e-21 0 2.64267e-21 0 3.10362e-21 0 3.59071e-21 0 4.17883e-21 0 4.79232e-21 0 5.56615e-21 0 6.37186e-21 0 7.23939e-21 0 8.21887e-21 0 9.38581e-21 0 1.05697e-20 0 1.1895e-20 0 1.33778e-20 0 1.50356e-20 0 1.68881e-20 0 1.89567e-20 0 2.09961e-20 0 2.35399e-20 0 2.6045e-20 0
9.5847 1.65937e-12 1.65594e-12 3.43059e-15 0.00206741 0.000950833 0 0 0 0 0 0 0 0 2.94273e-44 0 1.3339e-41 0 8.0711e-40 0 1.73128e-38 0 1.10721e-34 0 2.64548e-31 0 1.65106e-29 0 2.55208e-28 0 1.96575e-27 0 9.81276e-27 0 3.65544e-26 0 1.11168e-25 0 2.90941e-25 0 6.78078e-25 0 1.43499e-24 0 2.8044e-24 0 5.18611e-24 0 9.02173e-24 0 1.49514e-23 0 2.43084e-23 0 3.77995e-23 0 5.63392e-23 0 8.34203e-23 0 1.19699e-22 0 1.68031e-22 0 2.32838e-22 0 3.16084e-22 0 4.24013e-22 0 5.57904e-22 0 7.26052e-22 0 9.41998e-22 0 1.2003e-21 0 1.51412e-21 0 1.89138e-21 0 2.34021e-21 0 2.88961e-21 0 3.51012e-21 0 4.28685e-21 0 5.15276e-21 0 6.18393e-21 0 7.41002e-21 0 8.7447e-21 0 1.03066e-20 0 1.2132e-20 0 1.40725e-20 0 1.63064e-20 0 1.90009e-20 0 2.18271e-20 0 2.52147e-20 0 2.87237e-20 0 3.31189e-20 0 3.76634e-20 0 4.25255e-20 0 4.79809e-20 0 5.44394e-20 0 6.09514e-20 0 6.81995e-20 0 7.62623e-20 0 8.52257e-20 0 9.51844e-20 0 1.06242e-19 0 1.17087e-19 0 1.30541e-19 0 1.43722e-19 0
10.0767 1.53974e-12 1.53693e-12 2.80511e-15 0.00182181 0.000820488 0 0 0 0 0 0 0 0 2.36399e-42 0 7.96103e-40 0 3.94257e-38 0 7.28129e-37 0 3.03565e-33 0 4.9612e-30 0 2.53042e-28 0 3.4219e-27 0 2.38567e-26 0 1.10099e-25 0 3.84632e-25 0 1.1079e-24 0 2.76647e-24 0 6.1867e-24 0 1.26221e-23 0 2.38736e-23 0 4.28432e-23 0 7.25423e-23 0 1.17293e-22 0 1.86226e-22 0 2.83406e-22 0 4.14258e-22 0 6.01741e-22 0 8.48343e-22 0 1.17133e-21 0 1.59745e-21 0 2.13646e-21 0 2.82515e-21 0 3.66778e-21 0 4.71222e-21 0 6.03653e-21 0 7.60133e-21 0 9.48054e-21 0 1.17148e-20 0 1.43449e-20 0 1.75311e-20 0 2.10944e-20 0 2.5512e-20 0 3.03911e-20 0 3.61495e-20 0 4.2936e-20 0 5.02615e-20 0 5.87651e-20 0 6.86247e-20 0 7.90266e-20 0 9.09152e-20 0 1.0515e-19 0 1.19975e-19 0 1.37623e-19 0 1.55781e-19 0 1.78373e-19 0 2.0158e-19 0 2.26257e-19 0 2.53783e-19 0 2.86173e-19 0 3.18642e-19 0 3.54584e-19 0 3.94347e-19 0 4.38311e-19 0 4.86894e-19 0 5.4055e-19 0 5.92905e-19 0 6.57535e-19 0 7.20536e-19 0
10.5939 1.43407e-12 1.43178e-12 2.29201e-15 0.00159826 0.000695001 0 0 0 0 0 0 4.2039e-45 0 1.51651e-40 0 3.8444e-38 0 1.57359e-36 0 2.5205e-35 0 6.99497e-32 0 7.96586e-29 0 3.35326e-27 0 3.99317e-26 0 2.53213e-25 0 1.0845e-24 0 3.56425e-24 0 9.74968e-24 0 2.32816e-23 0 5.00588e-23 0 9.86356e-23 0 1.80845e-22 0 3.15407e-22 0 5.20491e-22 0 8.22061e-22 0 1.27606e-21 0 1.90255e-21 0 2.72991e-21 0 3.89378e-21 0 5.39822e-21 0 7.337e-21 0 9.85568e-21 0 1.29954e-20 0 1.69517e-20 0 2.1729e-20 0 2.7577e-20 0 3.49026e-20 0 4.34583e-20 0 5.36206e-20 0 6.55763e-20 0 7.95084e-20 0 9.62218e-20 0 1.14738e-19 0 1.37484e-19 0 1.62384e-19 0 1.91523e-19 0 2.25576e-19 0 2.62039e-19 0 3.04043e-19 0 3.52377e-19 0 4.03003e-19 0 4.60468e-19 0 5.28797e-19 0 5.99477e-19 0 6.83065e-19 0 7.68524e-19 0 8.74182e-19 0 9.82034e-19 0 1.09606e-18 0 1.22253e-18 0 1.3705e-18 0 1.51801e-18 0 1.68044e-18 0 1.85921e-18 0 2.05585e-18 0 2.27203e-18 0 2.50957e-18 0 2.74024e-18 0 3.02363e-18 0 3.29856e-18 0
11.1377 1.34484e-12 1.34297e-12 1.87141e-15 0.00139155 0.000578424 0 0 0 0 0 0 4.03574e-43 0 7.8709e-39 0 1.52276e-36 0 5.19981e-35 0 7.27397e-34 0 1.37074e-30 0 1.10707e-27 0 3.88246e-26 0 4.09665e-25 0 2.37374e-24 0 9.46962e-24 0 2.93658e-23 0 7.64762e-23 0 1.75022e-22 0 3.62516e-22 0 6.91034e-22 0 1.23003e-21 0 2.0878e-21 0 3.36209e-21 0 5.19289e-21 0 7.88957e-21 0 1.15358e-20 0 1.62632e-20 0 2.2798e-20 0 3.11064e-20 0 4.16496e-20 0 5.51469e-20 0 7.17398e-20 0 9.23735e-20 0 1.1698e-19 0 1.46746e-19 0 1.83603e-19 0 2.26176e-19 0 2.76216e-19 0 3.345e-19 0 4.0177e-19 0 4.81718e-19 0 5.69501e-19 0 6.76404e-19 0 7.92441e-19 0 9.27137e-19 0 1.08329e-18 0 1.24923e-18 0 1.43899e-18 0 1.65578e-18 0 1.8813e-18 0 2.13561e-18 0 2.436e-18 0 2.74474e-18 0 3.10758e-18 0 3.47631e-18 0 3.92945e-18 0 4.38924e-18 0 4.87266e-18 0 5.40601e-18 0 6.02662e-18 0 6.64204e-18 0 7.31637e-18 0 8.05485e-18 0 8.86316e-18 0 9.74747e-18 0 1.07144e-17 0 1.16491e-17 0 1.27922e-17 0 1.38962e-17 0
11.7094 1.25333e-12 1.25178e-12 1.54226e-15 0.00123053 0.000475246 0 0 0 0 0 0 2.73505e-41 0 3.29663e-37 0 4.93215e-35 0 1.41751e-33 0 1.74329e-32 0 2.27323e-29 0 1.3241e-26 0 3.90323e-25 0 3.671e-24 0 1.95225e-23 0 7.27941e-23 0 2.13603e-22 0 5.30882e-22 0 1.16683e-21 0 2.3324e-21 0 4.3082e-21 0 7.45569e-21 0 1.23322e-20 0 1.94026e-20 0 2.93387e-20 0 4.36733e-20 0 6.26838e-20 0 8.69019e-20 0 1.19828e-19 0 1.61036e-19 0 2.12567e-19 0 2.77622e-19 0 3.56546e-19 0 4.53463e-19 0 5.67671e-19 0 7.0428e-19 0 8.71582e-19 0 1.0628e-18 0 1.28534e-18 0 1.54208e-18 0 1.8357e-18 0 2.18157e-18 0 2.55812e-18 0 3.0129e-18 0 3.50258e-18 0 4.06665e-18 0 4.71561e-18 0 5.40023e-18 0 6.17775e-18 0 7.05991e-18 0 7.9716e-18 0 8.99336e-18 0 1.01926e-17 0 1.14177e-17 0 1.2849e-17 0 1.42951e-17 0 1.60621e-17 0 1.78449e-17 0 1.97095e-17 0 2.17562e-17 0 2.41255e-17 0 2.64632e-17 0 2.90125e-17 0 3.17913e-17 0 3.48187e-17 0 3.81152e-17 0 4.17032e-17 0 4.51565e-17 0 4.93616e-17 0 5.34053e-17 0
12.3105 1.18765e-12 1.1864e-12 1.25377e-15 0.00105567 0.000365988 0 0 0 0 0 0 1.51183e-39 0 1.15176e-35 0 1.34939e-33 0 3.29168e-32 0 3.58137e-31 0 3.29021e-28 0 1.4044e-25 0 3.5095e-24 0 2.95857e-23 0 1.4501e-22 0 5.07054e-22 0 1.41169e-21 0 3.35602e-21 0 7.09802e-21 0 1.37166e-20 0 2.45883e-20 0 4.14276e-20 0 6.68609e-20 0 1.02892e-19 0 1.52474e-19 0 2.22605e-19 0 3.13915e-19 0 4.28311e-19 0 5.81403e-19 0 7.70146e-19 0 1.0029e-18 0 1.29287e-18 0 1.64025e-18 0 2.06177e-18 0 2.55289e-18 0 3.13406e-18 0 3.83841e-18 0 4.63543e-18 0 5.55424e-18 0 6.60466e-18 0 7.79562e-18 0 9.18665e-18 0 1.06889e-17 0 1.2489e-17 0 1.44124e-17 0 1.66119e-17 0 1.91241e-17 0 2.17561e-17 0 2.47256e-17 0 2.80728e-17 0 3.15106e-17 0 3.53408e-17 0 3.98095e-17 0 4.43479e-17 0 4.96202e-17 0 5.49181e-17 0 6.13563e-17 0 6.7817e-17 0 7.45405e-17 0 8.18852e-17 0 9.03455e-17 0 9.86533e-17 0 1.07673e-16 0 1.1746e-16 0 1.28075e-16 0 1.39583e-16 0 1.52053e-16 0 1.64006e-16 0 1.785e-16 0 1.92382e-16 0
12.9424 1.12884e-12 1.12782e-12 1.02358e-15 0.00090675 0.000258782 0 0 0 0 0 0 6.78949e-38 0 3.34323e-34 0 3.1041e-32 0 6.47865e-31 0 6.2734e-30 0 4.13051e-27 0 1.31174e-24 0 2.80131e-23 0 2.12811e-22 0 9.65176e-22 0 3.17482e-21 0 8.40801e-21 0 1.91609e-20 0 3.90701e-20 0 7.31115e-20 0 1.27377e-19 0 2.09214e-19 0 3.29855e-19 0 4.97041e-19 0 7.22547e-19 0 1.03558e-18 0 1.43605e-18 0 1.92988e-18 0 2.58088e-18 0 3.37212e-18 0 4.33499e-18 0 5.51951e-18 0 6.92166e-18 0 8.60377e-18 0 1.05427e-17 0 1.28138e-17 0 1.5539e-17 0 1.85935e-17 0 2.20831e-17 0 2.60383e-17 0 3.04858e-17 0 3.56388e-17 0 4.11612e-17 0 4.77289e-17 0 5.46959e-17 0 6.26074e-17 0 7.15815e-17 0 8.0922e-17 0 9.13945e-17 0 1.03126e-16 0 1.15103e-16 0 1.28373e-16 0 1.43767e-16 0 1.59315e-16 0 1.7728e-16 0 1.95239e-16 0 2.1695e-16 0 2.38625e-16 0 2.61076e-16 0 2.85487e-16 0 3.13475e-16 0 3.40834e-16 0 3.70408e-16 0 4.02364e-16 0 4.36878e-16 0 4.74137e-16 0 5.14343e-16 0 5.52728e-16 0 5.99096e-16 0 6.43331e-16 0
13.6067 1.08087e-12 1.08004e-12 8.35689e-16 0.000773161 0.000169492 0 0 0 0 0 0 2.51365e-36 0 8.17258e-33 0 6.08211e-31 0 1.0944e-29 0 9.48538e-29 0 4.5493e-26 0 1.09054e-23 0 2.00558e-22 0 1.37999e-21 0 5.81341e-21 0 1.80425e-20 0 4.55637e-20 0 9.97416e-20 0 1.96425e-19 0 3.56493e-19 0 6.04484e-19 0 9.69089e-19 0 1.49431e-18 0 2.20707e-18 0 3.15034e-18 0 4.43651e-18 0 6.05478e-18 0 8.02029e-18 0 1.05746e-17 0 1.36373e-17 0 1.73177e-17 0 2.17911e-17 0 2.70264e-17 0 3.32395e-17 0 4.0328e-17 0 4.85508e-17 0 5.83248e-17 0 6.91809e-17 0 8.14777e-17 0 9.53012e-17 0 1.10723e-16 0 1.28456e-16 0 1.47321e-16 0 1.69597e-16 0 1.93064e-16 0 2.19537e-16 0 2.49369e-16 0 2.80226e-16 0 3.14616e-16 0 3.52912e-16 0 3.91794e-16 0 4.34642e-16 0 4.84079e-16 0 5.33747e-16 0 5.90845e-16 0 6.47639e-16 0 7.15963e-16 0 7.83841e-16 0 8.53829e-16 0 9.296e-16 0 1.01608e-15 0 1.10026e-15 0 1.19088e-15 0 1.28841e-15 0 1.39331e-15 0 1.50611e-15 0 1.62734e-15 0 1.74266e-15 0 1.88143e-15 0 2.01334e-15 0
14.3051 1.04608e-12 1.0454e-12 6.81753e-16 0.000651723 9.22512e-05 0 0 0 0 3.36312e-44 0 7.77341e-35 0 1.70292e-31 0 1.02685e-29 0 1.60453e-28 0 1.25151e-27 0 4.44051e-25 0 8.14594e-23 0 1.29957e-21 0 8.1384e-21 0 3.19595e-20 0 9.38532e-20 0 2.26532e-19 0 4.77281e-19 0 9.09339e-19 0 1.60303e-18 0 2.64897e-18 0 4.15e-18 0 6.26533e-18 0 9.07923e-18 0 1.27364e-17 0 1.76388e-17 0 2.371e-17 0 3.09787e-17 0 4.02972e-17 0 5.1327e-17 0 6.44229e-17 0 8.016e-17 0 9.83789e-17 0 1.19779e-16 0 1.43957e-16 0 1.71747e-16 0 2.04483e-16 0 2.4053e-16 0 2.8103e-16 0 3.26205e-16 0 3.76228e-16 0 4.33326e-16 0 4.9365e-16 0 5.64401e-16 0 6.38445e-16 0 7.21448e-16 0 8.14401e-16 0 9.09976e-16 0 1.01589e-15 0 1.13318e-15 0 1.25162e-15 0 1.38149e-15 0 1.53055e-15 0 1.67956e-15 0 1.85003e-15 0 2.01879e-15 0 2.22087e-15 0 2.42069e-15 0 2.62584e-15 0 2.84702e-15 0 3.0984e-15 0 3.34207e-15 0 3.60339e-15 0 3.88353e-15 0 4.18371e-15 0 4.50526e-15 0 4.84955e-15 0 5.17586e-15 0 5.56717e-15 0 5.93779e-15 0
15.0394 1.02469e-12 1.02414e-12 5.55855e-16 0.000542461 2.28176e-05 0 0 0 0 2.49011e-42 0 2.02951e-33 0 3.05402e-30 0 1.50751e-28 0 2.05976e-27 0 1.45327e-26 0 3.87119e-24 0 5.50604e-22 0 7.67305e-21 0 4.39348e-20 0 1.61386e-19 0 4.49648e-19 0 1.03961e-18 0 2.11209e-18 0 3.89938e-18 0 6.68635e-18 0 1.07814e-17 0 1.65244e-17 0 2.44505e-17 0 3.47958e-17 0 4.80116e-17 0 6.54435e-17 0 8.67074e-17 0 1.11819e-16 0 1.436e-16 0 1.80757e-16 0 2.24373e-16 0 2.76219e-16 0 3.35625e-16 0 4.04725e-16 0 4.82074e-16 0 5.70199e-16 0 6.73124e-16 0 7.85535e-16 0 9.10856e-16 0 1.0496e-15 0 1.20216e-15 0 1.37508e-15 0 1.55657e-15 0 1.76807e-15 0 1.98802e-15 0 2.23311e-15 0 2.50596e-15 0 2.78492e-15 0 3.0924e-15 0 3.43107e-15 0 3.77135e-15 0 4.14263e-15 0 4.56671e-15 0 4.98864e-15 0 5.46909e-15 0 5.94262e-15 0 6.50708e-15 0 7.06279e-15 0 7.63098e-15 0 8.24115e-15 0 8.93183e-15 0 9.59872e-15 0 1.03113e-14 0 1.10724e-14 0 1.18849e-14 0 1.27522e-14 0 1.36774e-14 0 1.45514e-14 0 1.5596e-14 0 1.6582e-14 0
15.8114 1.01925e-12 1.0188e-12 4.532e-16 0.000444638 -4.23029e-05 0 0 0 0 1.51287e-40 0 4.52804e-32 0 4.7671e-29 0 1.94521e-27 0 2.33926e-26 0 1.50031e-25 0 3.04267e-23 0 3.39729e-21 0 4.16294e-20 0 2.18897e-19 0 7.54585e-19 0 1.99981e-18 0 4.43826e-18 0 8.71016e-18 0 1.56066e-17 0 2.60656e-17 0 4.10605e-17 0 6.16341e-17 0 8.94694e-17 0 1.2515e-16 0 1.6999e-16 0 2.28232e-16 0 2.98264e-16 0 3.79899e-16 0 4.81948e-16 0 5.99877e-16 0 7.36807e-16 0 8.97903e-16 0 1.08069e-15 0 1.29133e-15 0 1.52504e-15 0 1.7891e-15 0 2.095e-15 0 2.4265e-15 0 2.79335e-15 0 3.19665e-15 0 3.63708e-15 0 4.13305e-15 0 4.65032e-15 0 5.24941e-15 0 5.86876e-15 0 6.55498e-15 0 7.3146e-15 0 8.08706e-15 0 8.93416e-15 0 9.86242e-15 0 1.07906e-14 0 1.17987e-14 0 1.29448e-14 0 1.40799e-14 0 1.53668e-14 0 1.66297e-14 0 1.81288e-14 0 1.95984e-14 0 2.10953e-14 0 2.26966e-14 0 2.45024e-14 0 2.62394e-14 0 2.80889e-14 0 3.00574e-14 0 3.21519e-14 0 3.43797e-14 0 3.67482e-14 0 3.89783e-14 0 4.16352e-14 0 4.41351e-14 0
16.623 1.02956e-12 1.0292e-12 3.69439e-16 0.00035883 -0.000108206 0 0 0 0 7.54359e-39 0 8.70661e-31 0 6.52574e-28 0 2.22177e-26 0 2.36634e-25 0 1.38603e-24 0 2.16874e-22 0 1.92353e-20 0 2.08561e-19 0 1.0113e-18 0 3.28175e-18 0 8.29315e-18 0 1.77027e-17 0 3.36168e-17 0 5.85427e-17 0 9.53578e-17 0 1.46919e-16 0 2.16203e-16 0 3.08185e-16 0 4.24085e-16 0 5.67483e-16 0 7.5103e-16 0 9.6874e-16 0 1.2194e-15 0 1.52909e-15 0 1.88301e-15 0 2.28973e-15 0 2.76355e-15 0 3.29617e-15 0 3.90453e-15 0 4.57391e-15 0 5.3242e-15 0 6.18667e-15 0 7.11439e-15 0 8.13388e-15 0 9.24715e-15 0 1.04551e-14 0 1.18069e-14 0 1.32083e-14 0 1.4822e-14 0 1.64808e-14 0 1.83087e-14 0 2.03213e-14 0 2.23575e-14 0 2.45795e-14 0 2.70027e-14 0 2.94146e-14 0 3.20226e-14 0 3.49746e-14 0 3.78857e-14 0 4.11722e-14 0 4.43845e-14 0 4.8182e-14 0 5.18901e-14 0 5.56529e-14 0 5.9664e-14 0 6.41705e-14 0 6.84903e-14 0 7.30745e-14 0 7.79375e-14 0 8.30947e-14 0 8.8562e-14 0 9.4356e-14 0 9.97946e-14 0 1.06254e-13 0 1.12314e-13 0
17.4762 1.05757e-12 1.05727e-12 3.01005e-16 0.000284618 -0.00017177 0 0 0 0 3.12356e-37 0 1.45643e-29 0 7.90153e-27 0 2.26454e-25 0 2.1488e-24 0 1.15454e-23 0 1.41157e-21 0 1.00575e-19 0 9.70702e-19 0 4.35768e-18 0 1.33513e-17 0 3.22462e-17 0 6.63316e-17 0 1.22078e-16 0 2.06915e-16 0 3.29102e-16 0 4.96462e-16 0 7.16934e-16 0 1.00442e-15 0 1.36077e-15 0 1.79518e-15 0 2.34353e-15 0 2.98554e-15 0 3.71605e-15 0 4.60861e-15 0 5.61792e-15 0 6.76646e-15 0 8.092e-15 0 9.56888e-15 0 1.12416e-14 0 1.30675e-14 0 1.50987e-14 0 1.74164e-14 0 1.98919e-14 0 2.25942e-14 0 2.55262e-14 0 2.86883e-14 0 3.22058e-14 0 3.58317e-14 0 3.99835e-14 0 4.42285e-14 0 4.88824e-14 0 5.39803e-14 0 5.91129e-14 0 6.4688e-14 0 7.07398e-14 0 7.6737e-14 0 8.31951e-14 0 9.04739e-14 0 9.76227e-14 0 1.05661e-13 0 1.13488e-13 0 1.22705e-13 0 1.31671e-13 0 1.40737e-13 0 1.50369e-13 0 1.61153e-13 0 1.71455e-13 0 1.82353e-13 0 1.93877e-13 0 2.06061e-13 0 2.18936e-13 0 2.32539e-13 0 2.45271e-13 0 2.60348e-13 0 2.74452e-13 0
18.3733 1.10791e-12 1.10767e-12 2.45117e-16 0.000221242 -0.000232053 0 0 0 0 1.08787e-35 0 2.1419e-28 0 8.54508e-26 0 2.07891e-24 0 1.76742e-23 0 8.74785e-23 0 8.45831e-21 0 4.8934e-19 0 4.22798e-18 0 1.76385e-17 0 5.11665e-17 0 1.18371e-16 0 2.35068e-16 0 4.1993e-16 0 6.93653e-16 0 1.07855e-15 0 1.5947e-15 0 2.26193e-15 0 3.11719e-15 0 4.161e-15 0 5.41559e-15 0 6.97841e-15 0 8.78566e-15 0 1.08191e-14 0 1.32775e-14 0 1.60296e-14 0 1.91321e-14 0 2.26811e-14 0 2.6602e-14 0 3.10075e-14 0 3.57799e-14 0 4.10508e-14 0 4.70233e-14 0 5.33597e-14 0 6.02327e-14 0 6.76449e-14 0 7.55922e-14 0 8.43827e-14 0 9.33952e-14 0 1.03661e-13 0 1.14103e-13 0 1.25494e-13 0 1.37913e-13 0 1.50357e-13 0 1.63816e-13 0 1.78361e-13 0 1.92715e-13 0 2.08111e-13 0 2.25393e-13 0 2.42302e-13 0 2.61242e-13 0 2.79616e-13 0 3.01175e-13 0 3.22071e-13 0 3.4313e-13 0 3.6543e-13 0 3.90314e-13 0 4.14011e-13 0 4.39004e-13 0 4.65355e-13 0 4.93128e-13 0 5.22393e-13 0 5.5322e-13 0 5.81992e-13 0 6.15972e-13 0 6.4767e-13 0
19.3164 1.18204e-12 1.18184e-12 1.99864e-16 0.000169084 -0.000293781 0 0 0 0 3.21233e-34 0 2.78554e-27 0 8.29542e-25 0 1.72695e-23 0 1.32252e-22 0 6.05416e-22 0 4.68276e-20 0 2.22221e-18 0 1.72816e-17 0 6.72394e-17 0 1.85168e-16 0 4.11188e-16 0 7.89663e-16 0 1.37127e-15 0 2.21027e-15 0 3.36345e-15 0 4.879e-15 0 6.8033e-15 0 9.23005e-15 0 1.21482e-14 0 1.5609e-14 0 1.98659e-14 0 2.47311e-14 0 3.01472e-14 0 3.66293e-14 0 4.38168e-14 0 5.18478e-14 0 6.0957e-14 0 7.09402e-14 0 8.2072e-14 0 9.40442e-14 0 1.07177e-13 0 1.21958e-13 0 1.37541e-13 0 1.54341e-13 0 1.72355e-13 0 1.91562e-13 0 2.12693e-13 0 2.34247e-13 0 2.58673e-13 0 2.83399e-13 0 3.10248e-13 0 3.39381e-13 0 3.68448e-13 0 3.99751e-13 0 4.3344e-13 0 4.66556e-13 0 5.01942e-13 0 5.41513e-13 0 5.80083e-13 0 6.23133e-13 0 6.64751e-13 0 7.13413e-13 0 7.60415e-13 0 8.07634e-13 0 8.57482e-13 0 9.12932e-13 0 9.65577e-13 0 1.02094e-12 0 1.07915e-12 0 1.14032e-12 0 1.2046e-12 0 1.27211e-12 0 1.33497e-12 0 1.409e-12 0 1.47788e-12 0
20.3079 1.2839e-12 1.28374e-12 1.63072e-16 0.000127013 -0.000364452 0 0 0 0 8.11171e-33 0 3.22446e-26 0 7.27108e-24 0 1.30518e-22 0 9.04952e-22 0 3.8461e-21 0 2.40584e-19 0 9.456e-18 0 6.65293e-17 0 2.4224e-16 0 6.34905e-16 0 1.35602e-15 0 2.5225e-15 0 4.26393e-15 0 6.71446e-15 0 1.00103e-14 0 1.42595e-14 0 1.95634e-14 0 2.61494e-14 0 3.39583e-14 0 4.31014e-14 0 5.42141e-14 0 6.67732e-14 0 8.06132e-14 0 9.70193e-14 0 1.15046e-13 0 1.35018e-13 0 1.5749e-13 0 1.81931e-13 0 2.08987e-13 0 2.37886e-13 0 2.6938e-13 0 3.04605e-13 0 3.41513e-13 0 3.81078e-13 0 4.23267e-13 0 4.68016e-13 0 5.16995e-13 0 5.66707e-13 0 6.22778e-13 0 6.79274e-13 0 7.40348e-13 0 8.06328e-13 0 8.71883e-13 0 9.42197e-13 0 1.01757e-12 0 1.09139e-12 0 1.16998e-12 0 1.25755e-12 0 1.3426e-12 0 1.43721e-12 0 1.52837e-12 0 1.6346e-12 0 1.73688e-12 0 1.83931e-12 0 1.94713e-12 0 2.06671e-12 0 2.17992e-12 0 2.29864e-12 0 2.42312e-12 0 2.5536e-12 0 2.69033e-12 0 2.83356e-12 0 2.96657e-12 0 3.12285e-12 0 3.26789e-12 0
21.3503 1.42197e-12 1.42183e-12 1.33195e-16 9.36694e-05 -0.000416113 0 0 6.02558e-44 0 1.76948e-31 0 3.34952e-25 0 5.79742e-23 0 9.03809e-22 0 5.7013e-21 0 2.25781e-20 0 1.15408e-18 0 3.79164e-17 0 2.42529e-16 0 8.29078e-16 0 2.07313e-15 0 4.26673e-15 0 7.70013e-15 0 1.26866e-14 0 1.95397e-14 0 2.85685e-14 0 3.99985e-14 0 5.40353e-14 0 7.121e-14 0 9.13028e-14 0 1.14545e-13 0 1.42473e-13 0 1.73701e-13 0 2.07785e-13 0 2.47821e-13 0 2.91432e-13 0 3.39363e-13 0 3.92881e-13 0 4.50666e-13 0 5.14194e-13 0 5.81608e-13 0 6.54622e-13 0 7.35794e-13 0 8.20354e-13 0 9.10508e-13 0 1.00614e-12 0 1.10707e-12 0 1.21699e-12 0 1.32805e-12 0 1.45274e-12 0 1.57782e-12 0 1.71248e-12 0 1.85733e-12 0 2.00068e-12 0 2.15386e-12 0 2.31745e-12 0 2.47707e-12 0 2.64645e-12 0 2.83452e-12 0 3.01658e-12 0 3.21843e-12 0 3.41229e-12 0 3.63752e-12 0 3.85368e-12 0 4.06956e-12 0 4.29615e-12 0 4.54675e-12 0 4.78332e-12 0 5.03079e-12 0 5.28959e-12 0 5.56016e-12 0 5.84297e-12 0 6.1385e-12 0 6.41226e-12 0 6.73315e-12 0 7.03028e-12 0
22.4463 1.60447e-12 1.60436e-12 1.09144e-16 6.80254e-05 -0.000457154 0 0 4.59766e-42 0 3.35857e-30 0 3.13918e-24 0 4.22462e-22 0 5.75957e-21 0 3.32072e-20 0 1.2296e-19 0 5.18672e-18 0 1.43694e-16 0 8.39513e-16 0 2.70268e-15 0 6.46239e-15 0 1.28397e-14 0 2.25134e-14 0 3.61994e-14 0 5.45903e-14 0 7.83484e-14 0 1.07907e-13 0 1.4365e-13 0 1.86774e-13 0 2.36587e-13 0 2.93543e-13 0 3.61245e-13 0 4.36186e-13 0 5.17229e-13 0 6.11605e-13 0 7.13564e-13 0 8.24767e-13 0 9.48032e-13 0 1.08021e-12 0 1.22457e-12 0 1.37681e-12 0 1.54073e-12 0 1.72192e-12 0 1.90965e-12 0 2.10875e-12 0 2.3189e-12 0 2.53962e-12 0 2.77892e-12 0 3.01961e-12 0 3.28869e-12 0 3.55747e-12 0 3.84565e-12 0 4.15445e-12 0 4.45889e-12 0 4.78301e-12 0 5.12792e-12 0 5.46333e-12 0 5.81809e-12 0 6.2107e-12 0 6.58954e-12 0 7.00827e-12 0 7.40924e-12 0 7.87367e-12 0 8.31809e-12 0 8.76071e-12 0 9.22407e-12 0 9.73513e-12 0 1.02163e-11 0 1.07185e-11 0 1.12423e-11 0 1.17886e-11 0 1.23582e-11 0 1.2952e-11 0 1.35009e-11 0 1.41428e-11 0 1.47358e-11 0
23.5984 1.83814e-12 1.83805e-12 8.99714e-17 4.8947e-05 -0.000494635 0 0 2.89381e-40 0 5.57066e-29 0 2.66108e-23 0 2.81893e-21 0 3.38291e-20 0 1.79055e-19 0 6.21956e-19 0 2.18546e-17 0 5.14824e-16 0 2.75942e-15 0 8.39063e-15 0 1.92269e-14 0 3.69414e-14 0 6.30218e-14 0 9.90104e-14 0 1.46347e-13 0 2.06366e-13 0 2.79814e-13 0 3.67332e-13 0 4.71524e-13 0 5.90424e-13 0 7.24889e-13 0 8.83084e-13 0 1.05651e-12 0 1.24243e-12 0 1.45716e-12 0 1.68733e-12 0 1.93654e-12 0 2.21088e-12 0 2.50312e-12 0 2.82032e-12 0 3.15285e-12 0 3.5089e-12 0 3.90033e-12 0 4.30373e-12 0 4.72949e-12 0 5.17674e-12 0 5.64439e-12 0 6.14915e-12 0 6.65469e-12 0 7.21754e-12 0 7.77754e-12 0 8.37567e-12 0 9.01416e-12 0 9.64137e-12 0 1.03068e-11 0 1.10126e-11 0 1.16967e-11 0 1.2418e-11 0 1.32138e-11 0 1.39793e-11 0 1.4823e-11 0 1.56285e-11 0 1.65589e-11 0 1.74467e-11 0 1.83287e-11 0 1.92496e-11 0 2.02627e-11 0 2.12142e-11 0 2.22048e-11 0 2.32358e-11 0 2.43085e-11 0 2.54245e-11 0 2.65852e-11 0 2.76556e-11 0 2.89048e-11 0 3.00565e-11 0
24.8097 2.12517e-12 2.12509e-12 7.48073e-17 3.52007e-05 -0.000546471 0 0 1.49335e-38 0 8.0844e-28 0 2.03948e-22 0 1.72058e-20 0 1.82891e-19 0 8.92387e-19 0 2.91692e-18 0 8.61462e-17 0 1.73924e-15 0 8.58853e-15 0 2.47351e-14 0 5.44309e-14 0 1.01299e-13 0 1.68366e-13 0 2.58742e-13 0 3.75219e-13 0 5.20297e-13 0 6.95068e-13 0 9.00422e-13 0 1.14182e-12 0 1.41413e-12 0 1.71888e-12 0 2.07391e-12 0 2.45957e-12 0 2.86959e-12 0 3.33944e-12 0 3.83935e-12 0 4.37687e-12 0 4.96469e-12 0 5.58698e-12 0 6.2584e-12 0 6.95835e-12 0 7.7038e-12 0 8.51907e-12 0 9.35513e-12 0 1.02334e-11 0 1.11518e-11 0 1.2108e-11 0 1.31357e-11 0 1.41609e-11 0 1.52978e-11 0 1.64248e-11 0 1.7624e-11 0 1.88996e-11 0 2.01484e-11 0 2.1469e-11 0 2.2865e-11 0 2.4214e-11 0 2.56322e-11 0 2.71922e-11 0 2.86886e-11 0 3.03331e-11 0 3.1899e-11 0 3.37028e-11 0 3.54193e-11 0 3.71202e-11 0 3.88921e-11 0 4.08366e-11 0 4.26586e-11 0 4.45512e-11 0 4.65165e-11 0 4.8557e-11 0 5.0675e-11 0 5.2873e-11 0 5.4896e-11 0 5.7252e-11 0 5.94197e-11 0
26.0832 2.46311e-12 2.46305e-12 6.30043e-17 2.55791e-05 -0.000581046 0 0 6.33985e-37 0 1.02686e-26 0 1.41138e-21 0 9.58864e-20 0 9.08143e-19 0 4.10116e-18 0 1.26522e-17 0 3.1673e-16 0 5.52194e-15 0 2.52225e-14 0 6.8985e-14 0 1.4607e-13 0 2.63725e-13 0 4.27591e-13 0 6.4347e-13 0 9.16359e-13 0 1.25055e-12 0 1.64716e-12 0 2.107e-12 0 2.64107e-12 0 3.23695e-12 0 3.89722e-12 0 4.65927e-12 0 5.47989e-12 0 6.34546e-12 0 7.32996e-12 0 8.37003e-12 0 9.48102e-12 0 1.06884e-11 0 1.19589e-11 0 1.33221e-11 0 1.47356e-11 0 1.62333e-11 0 1.78633e-11 0 1.9527e-11 0 2.12667e-11 0 2.30783e-11 0 2.49567e-11 0 2.69675e-11 0 2.89658e-11 0 3.11736e-11 0 3.33541e-11 0 3.56665e-11 0 3.81177e-11 0 4.05095e-11 0 4.30312e-11 0 4.56884e-11 0 4.82487e-11 0 5.09329e-11 0 5.38771e-11 0 5.66935e-11 0 5.97804e-11 0 6.27122e-11 0 6.60806e-11 0 6.9278e-11 0 7.24388e-11 0 7.57241e-11 0 7.93209e-11 0 8.26835e-11 0 8.61689e-11 0 8.97808e-11 0 9.35228e-11 0 9.73989e-11 0 1.01413e-10 0 1.051e-10 0 1.09387e-10 0 1.13322e-10 0
27.4221 2.82693e-12 2.82688e-12 5.37973e-17 1.90303e-05 -0.000608524 0 0 2.2084e-35 0 1.13513e-25 0 8.75609e-21 0 4.84142e-19 0 4.10864e-18 0 1.72379e-17 0 5.03331e-17 0 1.07671e-15 0 1.63263e-14 0 6.92432e-14 0 1.80305e-13 0 3.68051e-13 0 6.45608e-13 0 1.02235e-12 0 1.50811e-12 0 2.11093e-12 0 2.83737e-12 0 3.68732e-12 0 4.66036e-12 0 5.77754e-12 0 7.0111e-12 0 8.36505e-12 0 9.91391e-12 0 1.1568e-11 0 1.32997e-11 0 1.52553e-11 0 1.73074e-11 0 1.94858e-11 0 2.1839e-11 0 2.43014e-11 0 2.69292e-11 0 2.96401e-11 0 3.24988e-11 0 3.55953e-11 0 3.87416e-11 0 4.20178e-11 0 4.54155e-11 0 4.89246e-11 0 5.2667e-11 0 5.63724e-11 0 6.04521e-11 0 6.44673e-11 0 6.87116e-11 0 7.31959e-11 0 7.7558e-11 0 8.21433e-11 0 8.69611e-11 0 9.159e-11 0 9.64302e-11 0 1.01725e-10 0 1.06777e-10 0 1.12299e-10 0 1.17532e-10 0 1.23529e-10 0 1.29207e-10 0 1.34808e-10 0 1.40617e-10 0 1.46963e-10 0 1.52883e-10 0 1.59007e-10 0 1.6534e-10 0 1.71888e-10 0 1.78658e-10 0 1.85655e-10 0 1.9207e-10 0 1.99513e-10 0 2.06335e-10 0
28.8297 3.16179e-12 3.16174e-12 4.671e-17 1.47733e-05 -0.000619264 0 0 6.26883e-34 0 1.0815e-24 0 4.81588e-20 0 2.18904e-18 0 1.67354e-17 0 6.54657e-17 0 1.81411e-16 0 3.34163e-15 0 4.4371e-14 0 1.75368e-13 0 4.35802e-13 0 8.5913e-13 0 1.46623e-12 0 2.27032e-12 0 3.28608e-12 0 4.52469e-12 0 5.99459e-12 0 7.69126e-12 0 9.61039e-12 0 1.17898e-11 0 1.41725e-11 0 1.67643e-11 0 1.97043e-11 0 2.28193e-11 0 2.60571e-11 0 2.96891e-11 0 3.3476e-11 0 3.74718e-11 0 4.1764e-11 0 4.62313e-11 0 5.09742e-11 0 5.58435e-11 0 6.09549e-11 0 6.64667e-11 0 7.20431e-11 0 7.78265e-11 0 8.3801e-11 0 8.99485e-11 0 9.64811e-11 0 1.02927e-10 0 1.1e-10 0 1.16938e-10 0 1.2425e-10 0 1.31951e-10 0 1.3942e-10 0 1.47249e-10 0 1.55452e-10 0 1.63312e-10 0 1.71511e-10 0 1.80457e-10 0 1.8897e-10 0 1.98256e-10 0 2.07032e-10 0 2.17068e-10 0 2.26549e-10 0 2.35881e-10 0 2.45539e-10 0 2.56067e-10 0 2.65869e-10 0 2.75988e-10 0 2.86434e-10 0 2.97214e-10 0 3.08337e-10 0 3.19812e-10 0 3.30315e-10 0 3.42479e-10 0 3.53608e-10 0
30.3095 3.42891e-12 3.42887e-12 4.10572e-17 1.19738e-05 -0.000623962 1.4013e-45 0 1.45553e-32 0 8.88956e-24 0 2.34728e-19 0 8.85553e-18 0 6.13007e-17 0 2.24348e-16 0 5.91505e-16 0 9.45099e-15 0 1.10607e-13 0 4.08783e-13 0 9.71694e-13 0 1.85314e-12 0 3.08118e-12 0 4.67015e-12 0 6.63867e-12 0 8.99931e-12 0 1.17602e-11 0 1.49063e-11 0 1.84242e-11 0 2.2378e-11 0 2.66599e-11 0 3.12778e-11 0 3.6474e-11 0 4.19386e-11 0 4.758e-11 0 5.38677e-11 0 6.03836e-11 0 6.72201e-11 0 7.45242e-11 0 8.20874e-11 0 9.00782e-11 0 9.82444e-11 0 1.06779e-10 0 1.15944e-10 0 1.25178e-10 0 1.34718e-10 0 1.44537e-10 0 1.54604e-10 0 1.65266e-10 0 1.75751e-10 0 1.8722e-10 0 1.98436e-10 0 2.10219e-10 0 2.22594e-10 0 2.34563e-10 0 2.47074e-10 0 2.60149e-10 0 2.72647e-10 0 2.8565e-10 0 2.99804e-10 0 3.13243e-10 0 3.27865e-10 0 3.41656e-10 0 3.57391e-10 0 3.72223e-10 0 3.86792e-10 0 4.01841e-10 0 4.18213e-10 0 4.33426e-10 0 4.49103e-10 0 4.65256e-10 0 4.81897e-10 0 4.99035e-10 0 5.16685e-10 0 5.32811e-10 0 5.51458e-10 0 5.6849e-10 0
31.8653 3.50614e-12 3.5061e-12 3.60727e-17 1.02884e-05 -0.000613947 1.61149e-43 0 2.7104e-31 0 6.16497e-23 0 9.90219e-19 0 3.12898e-17 0 1.97074e-16 0 6.76978e-16 0 1.70237e-15 0 2.37582e-14 0 2.46581e-13 0 8.54971e-13 0 1.94818e-12 0 3.60012e-12 0 5.83911e-12 0 8.67244e-12 0 1.21181e-11 0 1.61849e-11 0 2.08758e-11 0 2.61559e-11 0 3.19961e-11 0 3.84953e-11 0 4.54708e-11 0 5.29325e-11 0 6.12649e-11 0 6.99651e-11 0 7.88889e-11 0 8.87746e-11 0 9.89595e-11 0 1.09588e-10 0 1.20886e-10 0 1.32527e-10 0 1.4477e-10 0 1.57226e-10 0 1.70192e-10 0 1.84057e-10 0 1.97974e-10 0 2.12299e-10 0 2.26991e-10 0 2.42005e-10 0 2.57854e-10 0 2.73391e-10 0 2.90334e-10 0 3.06854e-10 0 3.24161e-10 0 3.42286e-10 0 3.59769e-10 0 3.77999e-10 0 3.97002e-10 0 4.15121e-10 0 4.33932e-10 0 4.54359e-10 0 4.7371e-10 0 4.9472e-10 0 5.14494e-10 0 5.37007e-10 0 5.58184e-10 0 5.78945e-10 0 6.0035e-10 0 6.23593e-10 0 6.45151e-10 0 6.67328e-10 0 6.90138e-10 0 7.13596e-10 0 7.37716e-10 0 7.62511e-10 0 7.85132e-10 0 8.11245e-10 0 8.3506e-10 0
33.5009 3.43651e-12 3.43647e-12 3.16392e-17 9.2068e-06 -0.000603005 9.74183e-42 0 4.14779e-30 0 3.68721e-22 0 3.69109e-18 0 9.85384e-17 0 5.67297e-16 0 1.8348e-15 0 4.41079e-15 0 5.41231e-14 0 5.01091e-13 0 1.6351e-12 0 3.57897e-12 0 6.41839e-12 0 1.01672e-11 0 1.48118e-11 0 2.03614e-11 0 2.68132e-11 0 3.41573e-11 0 4.23282e-11 0 5.12724e-11 0 6.11327e-11 0 7.16253e-11 0 8.27627e-11 0 9.51095e-11 0 1.07914e-10 0 1.20967e-10 0 1.35343e-10 0 1.50073e-10 0 1.65366e-10 0 1.81542e-10 0 1.98133e-10 0 2.15504e-10 0 2.33106e-10 0 2.51354e-10 0 2.70794e-10 0 2.90235e-10 0 3.10176e-10 0 3.30561e-10 0 3.51325e-10 0 3.73174e-10 0 3.94532e-10 0 4.17754e-10 0 4.40333e-10 0 4.63925e-10 0 4.88565e-10 0 5.12272e-10 0 5.36932e-10 0 5.62576e-10 0 5.86972e-10 0 6.12244e-10 0 6.39626e-10 0 6.65512e-10 0 6.93558e-10 0 7.199e-10 0 7.49831e-10 0 7.77931e-10 0 8.05429e-10 0 8.33728e-10 0 8.64402e-10 0 8.92802e-10 0 9.21969e-10 0 9.51921e-10 0 9.82671e-10 0 1.01424e-09 0 1.04664e-09 0 1.07615e-09 0 1.11017e-09 0 1.14115e-09 0
35.2205 3.15453e-12 3.1545e-12 2.70953e-17 8.58934e-06 -0.000569638 4.45805e-40 0 5.13515e-29 0 1.86783e-21 0 1.19255e-17 0 2.71195e-16 0 1.43341e-15 0 4.37784e-15 0 1.0083e-14 0 1.09469e-13 0 9.09149e-13 0 2.80018e-12 0 5.89914e-12 0 1.02819e-11 0 1.59255e-11 0 2.27783e-11 0 3.083e-11 0 4.0057e-11 0 5.0429e-11 0 6.18413e-11 0 7.42109e-11 0 8.77259e-11 0 1.01991e-10 0 1.17022e-10 0 1.33569e-10 0 1.5062e-10 0 1.679e-10 0 1.86827e-10 0 2.06117e-10 0 2.26048e-10 0 2.47031e-10 0 2.68459e-10 0 2.90801e-10 0 3.13349e-10 0 3.36638e-10 0 3.61357e-10 0 3.8599e-10 0 4.11175e-10 0 4.36837e-10 0 4.62899e-10 0 4.90241e-10 0 5.16892e-10 0 5.4579e-10 0 5.73813e-10 0 6.03018e-10 0 6.33443e-10 0 6.62645e-10 0 6.92952e-10 0 7.24395e-10 0 7.54244e-10 0 7.851e-10 0 8.18464e-10 0 8.49939e-10 0 8.83974e-10 0 9.1588e-10 0 9.52064e-10 0 9.8597e-10 0 1.01909e-09 0 1.05312e-09 0 1.08994e-09 0 1.12398e-09 0 1.15888e-09 0 1.19466e-09 0 1.23134e-09 0 1.26893e-09 0 1.30746e-09 0 1.3425e-09 0 1.38284e-09 0 1.41952e-09 0
37.0284 2.79339e-12 2.79337e-12 2.29187e-17 8.2046e-06 -0.000536452 1.60638e-38 0 5.33575e-28 0 8.2953e-21 0 3.45293e-17 0 6.74138e-16 0 3.28499e-15 0 9.50055e-15 0 2.10081e-14 0 2.03013e-13 0 1.52048e-12 0 4.4328e-12 0 9.00496e-12 0 1.52751e-11 0 2.31594e-11 0 3.25513e-11 0 4.34112e-11 0 5.56871e-11 0 6.93226e-11 0 8.41681e-11 0 1.00108e-10 0 1.17377e-10 0 1.35464e-10 0 1.54387e-10 0 1.75085e-10 0 1.9628e-10 0 2.17641e-10 0 2.40916e-10 0 2.64519e-10 0 2.88792e-10 0 3.14236e-10 0 3.40108e-10 0 3.66978e-10 0 3.93994e-10 0 4.21798e-10 0 4.51207e-10 0 4.80416e-10 0 5.10184e-10 0 5.40427e-10 0 5.7105e-10 0 6.03089e-10 0 6.34234e-10 0 6.67916e-10 0 7.00495e-10 0 7.34365e-10 0 7.69566e-10 0 8.03275e-10 0 8.38181e-10 0 8.74318e-10 0 9.08552e-10 0 9.43872e-10 0 9.81985e-10 0 1.01787e-09 0 1.0566e-09 0 1.09285e-09 0 1.13388e-09 0 1.17225e-09 0 1.20968e-09 0 1.24807e-09 0 1.28955e-09 0 1.32782e-09 0 1.36701e-09 0 1.40712e-09 0 1.44819e-09 0 1.49021e-09 0 1.53322e-09 0 1.57228e-09 0 1.61718e-09 0 1.65796e-09 0
38.9291 2.39716e-12 2.39715e-12 1.90391e-17 7.94235e-06 -0.00049135 4.62413e-37 0 4.70633e-27 0 3.25983e-20 0 9.03314e-17 0 1.52542e-15 0 6.88009e-15 0 1.88926e-14 0 4.01886e-14 0 3.47649e-13 0 2.35995e-12 0 6.53e-12 0 1.28141e-11 0 2.11829e-11 0 3.14706e-11 0 4.35038e-11 0 5.72079e-11 0 7.24985e-11 0 8.92904e-11 0 1.0739e-10 0 1.26651e-10 0 1.47349e-10 0 1.68868e-10 0 1.91234e-10 0 2.15543e-10 0 2.40292e-10 0 2.65102e-10 0 2.92e-10 0 3.19149e-10 0 3.46945e-10 0 3.75958e-10 0 4.05344e-10 0 4.35748e-10 0 4.66207e-10 0 4.97448e-10 0 5.30383e-10 0 5.62991e-10 0 5.96124e-10 0 6.29689e-10 0 6.63582e-10 0 6.98947e-10 0 7.33238e-10 0 7.7023e-10 0 8.05923e-10 0 8.42946e-10 0 8.81336e-10 0 9.18017e-10 0 9.55923e-10 0 9.95084e-10 0 1.03211e-09 0 1.07024e-09 0 1.1113e-09 0 1.1499e-09 0 1.19148e-09 0 1.23033e-09 0 1.27422e-09 0 1.31521e-09 0 1.35512e-09 0 1.396e-09 0 1.44009e-09 0 1.48071e-09 0 1.52225e-09 0 1.56472e-09 0 1.60812e-09 0 1.65248e-09 0 1.69781e-09 0 1.73893e-09 0 1.78613e-09 0 1.82894e-09 0
40.9273 2.02135e-12 2.02133e-12 1.56636e-17 7.74909e-06 -0.000443126 1.08842e-35 0 3.59612e-26 0 1.15442e-19 0 2.17233e-16 0 3.19553e-15 0 1.33908e-14 0 3.50013e-14 0 7.17614e-14 0 5.58701e-13 0 3.45408e-12 0 9.09413e-12 0 1.7268e-11 0 2.78536e-11 0 4.05888e-11 0 5.52285e-11 0 7.16615e-11 0 8.9771e-11 0 1.09445e-10 0 1.30449e-10 0 1.52611e-10 0 1.76245e-10 0 2.00644e-10 0 2.25843e-10 0 2.53069e-10 0 2.80633e-10 0 3.08128e-10 0 3.37794e-10 0 3.67601e-10 0 3.97991e-10 0 4.29586e-10 0 4.61466e-10 0 4.9433e-10 0 5.27143e-10 0 5.60689e-10 0 5.95944e-10 0 6.30742e-10 0 6.66001e-10 0 7.01621e-10 0 7.37497e-10 0 7.74835e-10 0 8.10951e-10 0 8.4982e-10 0 8.87238e-10 0 9.25964e-10 0 9.66032e-10 0 1.00424e-09 0 1.04364e-09 0 1.08427e-09 0 1.12261e-09 0 1.16202e-09 0 1.2044e-09 0 1.24415e-09 0 1.28691e-09 0 1.32678e-09 0 1.37177e-09 0 1.41371e-09 0 1.45449e-09 0 1.49619e-09 0 1.54111e-09 0 1.58243e-09 0 1.62463e-09 0 1.66771e-09 0 1.71168e-09 0 1.75656e-09 0 1.80236e-09 0 1.84386e-09 0 1.89144e-09 0 1.93454e-09 0
43.0281 1.69319e-12 1.69317e-12 1.27784e-17 7.54698e-06 -0.000379079 2.13691e-34 0 2.4214e-25 0 3.74044e-19 0 4.87086e-16 0 6.28369e-15 0 2.45526e-14 0 6.12353e-14 0 1.21223e-13 0 8.538e-13 0 4.82928e-12 0 1.21279e-11 0 2.23187e-11 0 3.51698e-11 0 5.03167e-11 0 6.74432e-11 0 8.64048e-11 0 1.07056e-10 0 1.29261e-10 0 1.52753e-10 0 1.77342e-10 0 2.03371e-10 0 2.30065e-10 0 2.57467e-10 0 2.86906e-10 0 3.16555e-10 0 3.45986e-10 0 3.77599e-10 0 4.09227e-10 0 4.41344e-10 0 4.74607e-10 0 5.08049e-10 0 5.42406e-10 0 5.76599e-10 0 6.11448e-10 0 6.47964e-10 0 6.83903e-10 0 7.20219e-10 0 7.56812e-10 0 7.93576e-10 0 8.31746e-10 0 8.68582e-10 0 9.08136e-10 0 9.4613e-10 0 9.8537e-10 0 1.02589e-09 0 1.06444e-09 0 1.10413e-09 0 1.14498e-09 0 1.18346e-09 0 1.22295e-09 0 1.26533e-09 0 1.30503e-09 0 1.34765e-09 0 1.38734e-09 0 1.43205e-09 0 1.47367e-09 0 1.51407e-09 0 1.55534e-09 0 1.59972e-09 0 1.6405e-09 0 1.68208e-09 0 1.72448e-09 0 1.7677e-09 0 1.81177e-09 0 1.85668e-09 0 1.89732e-09 0 1.94386e-09 0 1.98596e-09 0
45.2368 1.41338e-12 1.41337e-12 1.03897e-17 7.35095e-06 -0.000309768 3.54056e-33 0 1.44973e-24 0 1.11681e-18 0 1.02468e-15 0 1.16674e-14 0 4.26538e-14 0 1.01738e-13 0 1.94799e-13 0 1.24729e-12 0 6.48264e-12 0 1.55643e-11 0 2.78023e-11 0 4.2849e-11 0 6.02405e-11 0 7.95982e-11 0 1.00751e-10 0 1.23532e-10 0 1.47789e-10 0 1.7323e-10 0 1.99655e-10 0 2.27433e-10 0 2.55741e-10 0 2.84633e-10 0 3.15507e-10 0 3.46445e-10 0 3.77016e-10 0 4.09711e-10 0 4.42289e-10 0 4.75245e-10 0 5.09254e-10 0 5.43329e-10 0 5.78223e-10 0 6.12843e-10 0 6.48024e-10 0 6.84783e-10 0 7.20863e-10 0 7.57228e-10 0 7.93779e-10 0 8.30415e-10 0 8.68364e-10 0 9.04906e-10 0 9.44061e-10 0 9.81593e-10 0 1.02028e-09 0 1.06015e-09 0 1.09801e-09 0 1.13692e-09 0 1.17689e-09 0 1.21449e-09 0 1.253e-09 0 1.29427e-09 0 1.33287e-09 0 1.37425e-09 0 1.41272e-09 0 1.456e-09 0 1.49622e-09 0 1.53521e-09 0 1.57499e-09 0 1.61771e-09 0 1.65691e-09 0 1.69683e-09 0 1.73749e-09 0 1.7789e-09 0 1.82105e-09 0 1.86396e-09 0 1.90276e-09 0 1.94713e-09 0 1.98723e-09 0
47.5588 1.1873e-12 1.18729e-12 8.42645e-18 7.09716e-06 -0.000190702 5.04012e-32 0 7.8374e-24 0 3.11495e-18 0 2.04841e-15 0 2.07121e-14 0 7.10756e-14 0 1.62485e-13 0 3.014e-13 0 1.7626e-12 0 8.4526e-12 0 1.94445e-11 0 3.37635e-11 0 5.0949e-11 0 7.04467e-11 0 9.18265e-11 0 1.149e-10 0 1.39485e-10 0 1.6542e-10 0 1.92399e-10 0 2.20216e-10 0 2.49265e-10 0 2.7869e-10 0 3.08559e-10 0 3.40314e-10 0 3.71982e-10 0 4.03139e-10 0 4.36326e-10 0 4.69265e-10 0 5.02466e-10 0 5.3661e-10 0 5.70709e-10 0 6.0552e-10 0 6.39956e-10 0 6.74854e-10 0 7.11217e-10 0 7.46817e-10 0 7.8261e-10 0 8.18503e-10 0 8.54397e-10 0 8.91498e-10 0 9.27148e-10 0 9.65269e-10 0 1.00174e-09 0 1.03926e-09 0 1.07785e-09 0 1.11444e-09 0 1.15197e-09 0 1.19047e-09 0 1.22661e-09 0 1.26359e-09 0 1.30314e-09 0 1.34008e-09 0 1.37963e-09 0 1.41635e-09 0 1.45759e-09 0 1.49586e-09 0 1.53293e-09 0 1.57068e-09 0 1.61118e-09 0 1.6483e-09 0 1.68606e-09 0 1.72447e-09 0 1.76354e-09 0 1.80327e-09 0 1.84367e-09 0 1.88015e-09 0 1.92184e-09 0 1.95947e-09 0
50 9.97489e-13 9.97482e-13 6.83535e-18 6.85256e-06 -7.65405e-05 6.17359e-31 0 3.82223e-23 0 8.09499e-18 0 3.87791e-15 0 3.50224e-14 0 1.13161e-13 0 2.48462e-13 0 4.47186e-13 0 2.39911e-12 0 1.06573e-11 0 2.3539e-11 0 3.97868e-11 0 5.88442e-11 0 8.00865e-11 0 1.0305e-10 0 1.2754e-10 0 1.53371e-10 0 1.80381e-10 0 2.08258e-10 0 2.36803e-10 0 2.66424e-10 0 2.96257e-10 0 3.26384e-10 0 3.58257e-10 0 3.89898e-10 0 4.20901e-10 0 4.53795e-10 0 4.86323e-10 0 5.18998e-10 0 5.52491e-10 0 5.85836e-10 0 6.19777e-10 0 6.5326e-10 0 6.87102e-10 0 7.22274e-10 0 7.56624e-10 0 7.91079e-10 0 8.25554e-10 0 8.59956e-10 0 8.9544e-10 0 9.2947e-10 0 9.65788e-10 0 1.00047e-09 0 1.03608e-09 0 1.07264e-09 0 1.10725e-09 0 1.1427e-09 0 1.179e-09 0 1.21302e-09 0 1.24778e-09 0 1.28492e-09 0 1.31954e-09 0 1.35656e-09 0 1.39088e-09 0 1.42938e-09 0 1.46506e-09 0 1.49957e-09 0 1.53469e-09 0 1.57231e-09 0 1.60675e-09 0 1.64175e-09 0 1.67731e-09 0 1.71344e-09 0 1.75014e-09 0 1.78742e-09 0 1.82105e-09 0 1.85944e-09 0 1.89407e-09 0
52.5665 8.44158e-13 8.44153e-13 5.5414e-18 6.56441e-06 5.01882e-05 6.60215e-30 0 1.7023e-22 0 1.98108e-17 0 7.02126e-15 0 5.69509e-14 0 1.73773e-13 0 3.67171e-13 0 6.42148e-13 0 3.17378e-12 0 1.31086e-11 0 2.78546e-11 0 4.58901e-11 0 6.65866e-11 0 8.92706e-11 0 1.13463e-10 0 1.38974e-10 0 1.65623e-10 0 1.93254e-10 0 2.21563e-10 0 2.50357e-10 0 2.80058e-10 0 3.0981e-10 0 3.39706e-10 0 3.71189e-10 0 4.02309e-10 0 4.32681e-10 0 4.64788e-10 0 4.96425e-10 0 5.28101e-10 0 5.60471e-10 0 5.92602e-10 0 6.25216e-10 0 6.57305e-10 0 6.89656e-10 0 7.23199e-10 0 7.55879e-10 0 7.88587e-10 0 8.21244e-10 0 8.53768e-10 0 8.87247e-10 0 9.19293e-10 0 9.53432e-10 0 9.85972e-10 0 1.01933e-09 0 1.05352e-09 0 1.08584e-09 0 1.11888e-09 0 1.15266e-09 0 1.18429e-09 0 1.21655e-09 0 1.25097e-09 0 1.28301e-09 0 1.31723e-09 0 1.34892e-09 0 1.38441e-09 0 1.41728e-09 0 1.44902e-09 0 1.48128e-09 0 1.51581e-09 0 1.54738e-09 0 1.57943e-09 0 1.61196e-09 0 1.64497e-09 0 1.67848e-09 0 1.71248e-09 0 1.74312e-09 0 1.77806e-09 0 1.80954e-09 0
55.2648 7.18286e-13 7.18282e-13 4.49328e-18 6.25555e-06 0.000165108 6.1957e-29 0 6.94366e-22 0 4.57214e-17 0 1.21662e-14 0 8.90954e-14 0 2.57445e-13 0 5.24453e-13 0 8.92526e-13 0 4.0802e-12 0 1.57249e-11 0 3.22068e-11 0 5.1783e-11 0 7.37843e-11 0 9.7515e-11 0 1.22499e-10 0 1.48564e-10 0 1.75544e-10 0 2.03295e-10 0 2.31525e-10 0 2.60059e-10 0 2.89326e-10 0 3.1849e-10 0 3.47659e-10 0 3.78241e-10 0 4.08346e-10 0 4.37619e-10 0 4.68455e-10 0 4.98739e-10 0 5.28966e-10 0 5.59764e-10 0 5.9025e-10 0 6.21112e-10 0 6.514e-10 0 6.81864e-10 0 7.13375e-10 0 7.44009e-10 0 7.74604e-10 0 8.05091e-10 0 8.35394e-10 0 8.66529e-10 0 8.96278e-10 0 9.27914e-10 0 9.58018e-10 0 9.8883e-10 0 1.02036e-09 0 1.05011e-09 0 1.08049e-09 0 1.11151e-09 0 1.1405e-09 0 1.17004e-09 0 1.20151e-09 0 1.23078e-09 0 1.26199e-09 0 1.29085e-09 0 1.32315e-09 0 1.35301e-09 0 1.38183e-09 0 1.41108e-09 0 1.44236e-09 0 1.47093e-09 0 1.4999e-09 0 1.52927e-09 0 1.55906e-09 0 1.58926e-09 0 1.61988e-09 0 1.64744e-09 0 1.67884e-09 0 1.70712e-09 0
58.1015 6.14741e-13 6.14737e-13 3.64844e-18 5.93492e-06 0.000265757 5.13817e-28 0 2.60689e-21 0 9.98604e-17 0 2.02315e-14 0 1.34435e-13 0 3.68842e-13 0 7.25731e-13 0 1.20342e-12 0 5.10799e-12 0 1.84311e-11 0 3.64513e-11 0 5.72647e-11 0 8.01971e-11 0 1.04558e-10 0 1.29893e-10 0 1.56056e-10 0 1.82902e-10 0 2.10305e-10 0 2.37995e-10 0 2.65817e-10 0 2.94198e-10 0 3.22341e-10 0 3.50363e-10 0 3.79621e-10 0 4.0831e-10 0 4.36107e-10 0 4.65291e-10 0 4.93862e-10 0 5.22295e-10 0 5.51184e-10 0 5.79705e-10 0 6.08505e-10 0 6.36701e-10 0 6.64997e-10 0 6.94202e-10 0 7.22534e-10 0 7.50774e-10 0 7.78859e-10 0 8.06724e-10 0 8.35304e-10 0 8.62565e-10 0 8.91507e-10 0 9.19003e-10 0 9.47103e-10 0 9.75814e-10 0 1.00287e-09 0 1.03045e-09 0 1.05857e-09 0 1.08483e-09 0 1.11155e-09 0 1.13997e-09 0 1.16638e-09 0 1.1945e-09 0 1.22048e-09 0 1.24952e-09 0 1.27634e-09 0 1.30219e-09 0 1.32841e-09 0 1.35641e-09 0 1.38196e-09 0 1.40785e-09 0 1.43408e-09 0 1.46064e-09 0 1.48755e-09 0 1.51481e-09 0 1.53932e-09 0 1.56723e-09 0 1.59234e-09 0
61.0839 5.28712e-13 5.2871e-13 2.96362e-18 5.60536e-06 0.000347577 3.78614e-27 0 9.03921e-21 0 2.06837e-16 0 3.23329e-14 0 1.95871e-13 0 5.11561e-13 0 9.73827e-13 0 1.57543e-12 0 6.23133e-12 0 2.11192e-11 0 4.04002e-11 0 6.20845e-11 0 8.55301e-11 0 1.10077e-10 0 1.35311e-10 0 1.61117e-10 0 1.87378e-10 0 2.1399e-10 0 2.4071e-10 0 2.67406e-10 0 2.94498e-10 0 3.21238e-10 0 3.4775e-10 0 3.75321e-10 0 4.02256e-10 0 4.28267e-10 0 4.55489e-10 0 4.82058e-10 0 5.08426e-10 0 5.35146e-10 0 5.61458e-10 0 5.87964e-10 0 6.13857e-10 0 6.39785e-10 0 6.6649e-10 0 6.92344e-10 0 7.18066e-10 0 7.43601e-10 0 7.68892e-10 0 7.94787e-10 0 8.19448e-10 0 8.45589e-10 0 8.70385e-10 0 8.95689e-10 0 9.21507e-10 0 9.45798e-10 0 9.70536e-10 0 9.95723e-10 0 1.01921e-09 0 1.04308e-09 0 1.06845e-09 0 1.09199e-09 0 1.11703e-09 0 1.14013e-09 0 1.16593e-09 0 1.18973e-09 0 1.21266e-09 0 1.23588e-09 0 1.26066e-09 0 1.28324e-09 0 1.30611e-09 0 1.32925e-09 0 1.35268e-09 0 1.37638e-09 0 1.40037e-09 0 1.42193e-09 0 1.44646e-09 0 1.4685e-09 0
64.2193 4.56664e-13 4.56662e-13 2.40835e-18 5.27379e-06 0.000411657 2.4922e-26 0 2.90482e-20 0 4.07163e-16 0 4.97353e-14 0 2.75926e-13 0 6.87647e-13 0 1.26853e-12 0 2.00455e-12 0 7.41386e-12 0 2.36736e-11 0 4.38757e-11 0 6.60268e-11 0 8.9551e-11 0 1.13843e-10 0 1.38539e-10 0 1.63564e-10 0 1.8883e-10 0 2.14258e-10 0 2.39635e-10 0 2.64852e-10 0 2.90319e-10 0 3.15343e-10 0 3.40055e-10 0 3.65658e-10 0 3.90582e-10 0 4.14573e-10 0 4.39607e-10 0 4.63971e-10 0 4.88086e-10 0 5.12461e-10 0 5.36407e-10 0 5.60475e-10 0 5.83934e-10 0 6.07379e-10 0 6.31478e-10 0 6.54765e-10 0 6.77892e-10 0 7.00811e-10 0 7.23473e-10 0 7.46641e-10 0 7.6867e-10 0 7.91986e-10 0 8.1407e-10 0 8.36577e-10 0 8.59508e-10 0 8.81056e-10 0 9.02972e-10 0 9.25259e-10 0 9.46017e-10 0 9.67091e-10 0 9.89463e-10 0 1.0102e-09 0 1.03223e-09 0 1.05254e-09 0 1.0752e-09 0 1.09608e-09 0 1.11616e-09 0 1.1365e-09 0 1.15817e-09 0 1.17792e-09 0 1.19789e-09 0 1.21808e-09 0 1.2385e-09 0 1.25915e-09 0 1.28003e-09 0 1.29878e-09 0 1.32009e-09 0 1.33924e-09 0
67.5157 3.96342e-13 3.9634e-13 1.95864e-18 4.94179e-06 0.000454726 1.47467e-25 0 8.69036e-20 0 7.64242e-16 0 7.38305e-14 0 3.76733e-13 0 8.97934e-13 0 1.60766e-12 0 2.48433e-12 0 8.62001e-12 0 2.60087e-11 0 4.67741e-11 0 6.89995e-11 0 9.2203e-11 0 1.15852e-10 0 1.39642e-10 0 1.63538e-10 0 1.87485e-10 0 2.11429e-10 0 2.35187e-10 0 2.58675e-10 0 2.82286e-10 0 3.05389e-10 0 3.28116e-10 0 3.51579e-10 0 3.74344e-10 0 3.96191e-10 0 4.18922e-10 0 4.40985e-10 0 4.62767e-10 0 4.84732e-10 0 5.06262e-10 0 5.27854e-10 0 5.48858e-10 0 5.69808e-10 0 5.91303e-10 0 6.12036e-10 0 6.32591e-10 0 6.52928e-10 0 6.73007e-10 0 6.93502e-10 0 7.12961e-10 0 7.33529e-10 0 7.52983e-10 0 7.72783e-10 0 7.92931e-10 0 8.1184e-10 0 8.3105e-10 0 8.50561e-10 0 8.68714e-10 0 8.87124e-10 0 9.06647e-10 0 9.24721e-10 0 9.4391e-10 0 9.61582e-10 0 9.81273e-10 0 9.99404e-10 0 1.01683e-09 0 1.03446e-09 0 1.05323e-09 0 1.07031e-09 0 1.08758e-09 0 1.10503e-09 0 1.12266e-09 0 1.14047e-09 0 1.15846e-09 0 1.17461e-09 0 1.19296e-09 0 1.20942e-09 0
70.9813 3.45397e-13 3.45395e-13 1.59447e-18 4.61633e-06 0.000480707 7.88081e-25 0 2.42764e-19 0 1.37027e-15 0 1.059e-13 0 4.9904e-13 0 1.14007e-12 0 1.98395e-12 0 3.00136e-12 0 9.80036e-12 0 2.80188e-11 0 4.89673e-11 0 7.08791e-11 0 9.33865e-11 0 1.16042e-10 0 1.38606e-10 0 1.61083e-10 0 1.83447e-10 0 2.05671e-10 0 2.27603e-10 0 2.49179e-10 0 2.70773e-10 0 2.91819e-10 0 3.12448e-10 0 3.33672e-10 0 3.542e-10 0 3.73844e-10 0 3.94227e-10 0 4.13961e-10 0 4.33397e-10 0 4.52952e-10 0 4.72078e-10 0 4.91221e-10 0 5.09807e-10 0 5.28311e-10 0 5.47262e-10 0 5.6551e-10 0 5.83573e-10 0 6.01417e-10 0 6.19008e-10 0 6.36938e-10 0 6.53939e-10 0 6.71884e-10 0 6.88836e-10 0 7.06067e-10 0 7.2358e-10 0 7.39997e-10 0 7.56656e-10 0 7.73559e-10 0 7.89268e-10 0 8.05183e-10 0 8.22044e-10 0 8.37638e-10 0 8.54178e-10 0 8.69397e-10 0 8.86339e-10 0 9.01925e-10 0 9.16893e-10 0 9.32021e-10 0 9.48117e-10 0 9.62755e-10 0 9.77536e-10 0 9.92463e-10 0 1.00753e-09 0 1.02275e-09 0 1.03811e-09 0 1.05189e-09 0 1.06752e-09 0 1.08155e-09 0
74.6248 3.02073e-13 3.02072e-13 1.29836e-18 4.29817e-06 0.000491234 3.8215e-24 0 6.35141e-19 0 2.35137e-15 0 1.4697e-13 0 6.42094e-13 0 1.40889e-12 0 2.38633e-12 0 3.53787e-12 0 1.09039e-11 0 2.96166e-11 0 5.03702e-11 0 7.16083e-11 0 9.30896e-11 0 1.14458e-10 0 1.35538e-10 0 1.56372e-10 0 1.76963e-10 0 1.97305e-10 0 2.17275e-10 0 2.36831e-10 0 2.56322e-10 0 2.75246e-10 0 2.93732e-10 0 3.1269e-10 0 3.30972e-10 0 3.48418e-10 0 3.66476e-10 0 3.83915e-10 0 4.01053e-10 0 4.18259e-10 0 4.35053e-10 0 4.51829e-10 0 4.68087e-10 0 4.84246e-10 0 5.00768e-10 0 5.16651e-10 0 5.32349e-10 0 5.47835e-10 0 5.63079e-10 0 5.78596e-10 0 5.9329e-10 0 6.08781e-10 0 6.23396e-10 0 6.38236e-10 0 6.533e-10 0 6.67405e-10 0 6.81704e-10 0 6.96197e-10 0 7.09653e-10 0 7.23273e-10 0 7.37688e-10 0 7.51008e-10 0 7.65123e-10 0 7.781e-10 0 7.92533e-10 0 8.058e-10 0 8.18531e-10 0 8.31387e-10 0 8.45056e-10 0 8.57477e-10 0 8.70011e-10 0 8.82659e-10 0 8.9542e-10 0 9.08295e-10 0 9.21285e-10 0 9.32927e-10 0 9.46132e-10 0 9.57966e-10 0
78.4553 2.6504e-13 2.65038e-13 1.05748e-18 3.98991e-06 0.000488279 1.68917e-23 0 1.56105e-18 0 3.86939e-15 0 1.97636e-13 0 8.03475e-13 0 1.69664e-12 0 2.80074e-12 0 4.0732e-12 0 1.18829e-11 0 3.07408e-11 0 5.09471e-11 0 7.11994e-11 0 9.13854e-11 0 1.11241e-10 0 1.30653e-10 0 1.49695e-10 0 1.68395e-10 0 1.86766e-10 0 2.04713e-10 0 2.22211e-10 0 2.39583e-10 0 2.56389e-10 0 2.72752e-10 0 2.89483e-10 0 3.05571e-10 0 3.20885e-10 0 3.36697e-10 0 3.51932e-10 0 3.66873e-10 0 3.81841e-10 0 3.96424e-10 0 4.10965e-10 0 4.25033e-10 0 4.38991e-10 0 4.53241e-10 0 4.66919e-10 0 4.80418e-10 0 4.93716e-10 0 5.0679e-10 0 5.20081e-10 0 5.32652e-10 0 5.45888e-10 0 5.58362e-10 0 5.71013e-10 0 5.83841e-10 0 5.95841e-10 0 6.07993e-10 0 6.20298e-10 0 6.31712e-10 0 6.43256e-10 0 6.55461e-10 0 6.6673e-10 0 6.78662e-10 0 6.89621e-10 0 7.01802e-10 0 7.12988e-10 0 7.23715e-10 0 7.3454e-10 0 7.46041e-10 0 7.56484e-10 0 7.67015e-10 0 7.77635e-10 0 7.88343e-10 0 7.99139e-10 0 8.10024e-10 0 8.19774e-10 0 8.30827e-10 0 8.40726e-10 0
82.4824 2.33312e-13 2.33311e-13 8.62069e-19 3.69492e-06 0.000471448 6.8383e-23 0 3.61613e-18 0 6.11999e-15 0 2.57972e-13 0 9.79358e-13 0 1.99394e-12 0 3.21196e-12 0 4.58664e-12 0 1.26998e-11 0 3.1367e-11 0 5.07228e-11 0 6.97424e-11 0 8.84378e-11 0 1.06632e-10 0 1.24268e-10 0 1.41447e-10 0 1.58214e-10 0 1.746e-10 0 1.90534e-10 0 2.06005e-10 0 2.21307e-10 0 2.36061e-10 0 2.50382e-10 0 2.64983e-10 0 2.78985e-10 0 2.92281e-10 0 3.05978e-10 0 3.19147e-10 0 3.32035e-10 0 3.44923e-10 0 3.57456e-10 0 3.69932e-10 0 3.81982e-10 0 3.9392e-10 0 4.06088e-10 0 4.17752e-10 0 4.29248e-10 0 4.40558e-10 0 4.51663e-10 0 4.62939e-10 0 4.73592e-10 0 4.84796e-10 0 4.95343e-10 0 5.06029e-10 0 5.16855e-10 0 5.2697e-10 0 5.37205e-10 0 5.47559e-10 0 5.57154e-10 0 5.6685e-10 0 5.77094e-10 0 5.86544e-10 0 5.96542e-10 0 6.05718e-10 0 6.15909e-10 0 6.25261e-10 0 6.34222e-10 0 6.43259e-10 0 6.52854e-10 0 6.61561e-10 0 6.70335e-10 0 6.79178e-10 0 6.88088e-10 0 6.97067e-10 0 7.06113e-10 0 7.14212e-10 0 7.23387e-10 0 7.316e-10 0
86.7162 2.06135e-13 2.06134e-13 7.03046e-19 3.41061e-06 0.00043815 2.54771e-22 0 7.92202e-18 0 9.3264e-15 0 3.27496e-13 0 1.16491e-12 0 2.29082e-12 0 3.60532e-12 0 5.05964e-12 0 1.33306e-11 0 3.15071e-11 0 4.97732e-11 0 6.73879e-11 0 8.44752e-11 0 1.00937e-10 0 1.16766e-10 0 1.3208e-10 0 1.46943e-10 0 1.61395e-10 0 1.75387e-10 0 1.8892e-10 0 2.02257e-10 0 2.15076e-10 0 2.27482e-10 0 2.40097e-10 0 2.52164e-10 0 2.63596e-10 0 2.75348e-10 0 2.86623e-10 0 2.97637e-10 0 3.08632e-10 0 3.19304e-10 0 3.29911e-10 0 3.40141e-10 0 3.5026e-10 0 3.60561e-10 0 3.70421e-10 0 3.80127e-10 0 3.89663e-10 0 3.99017e-10 0 4.08504e-10 0 4.17456e-10 0 4.26862e-10 0 4.35708e-10 0 4.44661e-10 0 4.53721e-10 0 4.62181e-10 0 4.70732e-10 0 4.79375e-10 0 4.87379e-10 0 4.9546e-10 0 5.03991e-10 0 5.11854e-10 0 5.20168e-10 0 5.27793e-10 0 5.36254e-10 0 5.44013e-10 0 5.51444e-10 0 5.58933e-10 0 5.66878e-10 0 5.74084e-10 0 5.81341e-10 0 5.88651e-10 0 5.96012e-10 0 6.03425e-10 0 6.1089e-10 0 6.17569e-10 0 6.25133e-10 0 6.31899e-10 0
91.1674 1.82693e-13 1.82692e-13 5.73411e-19 3.13867e-06 0.000396217 8.76772e-22 0 1.64521e-17 0 1.37141e-14 0 4.04767e-13 0 1.35328e-12 0 2.57486e-12 0 3.96368e-12 0 5.47136e-12 0 1.37506e-11 0 3.11679e-11 0 4.81573e-11 0 6.42512e-11 0 7.96689e-11 0 9.43809e-11 0 1.08419e-10 0 1.21915e-10 0 1.34943e-10 0 1.47551e-10 0 1.59706e-10 0 1.7142e-10 0 1.82926e-10 0 1.93951e-10 0 2.04593e-10 0 2.15385e-10 0 2.25684e-10 0 2.35421e-10 0 2.45409e-10 0 2.54975e-10 0 2.64302e-10 0 2.73596e-10 0 2.82604e-10 0 2.91543e-10 0 3.0015e-10 0 3.08655e-10 0 3.17299e-10 0 3.25564e-10 0 3.33689e-10 0 3.41664e-10 0 3.49477e-10 0 3.57393e-10 0 3.64855e-10 0 3.72688e-10 0 3.80047e-10 0 3.87489e-10 0 3.95013e-10 0 4.02032e-10 0 4.09121e-10 0 4.1628e-10 0 4.22905e-10 0 4.29589e-10 0 4.36639e-10 0 4.43134e-10 0 4.49995e-10 0 4.56283e-10 0 4.63257e-10 0 4.69648e-10 0 4.75764e-10 0 4.81925e-10 0 4.88457e-10 0 4.94377e-10 0 5.00337e-10 0 5.06336e-10 0 5.12374e-10 0 5.18452e-10 0 5.24569e-10 0 5.30039e-10 0 5.3623e-10 0 5.41766e-10 0
95.847 1.62384e-13 1.62383e-13 4.67728e-19 2.88039e-06 0.000352783 2.79771e-21 0 3.2471e-17 0 1.94908e-14 0 4.87638e-13 0 1.53708e-12 0 2.83421e-12 0 4.27207e-12 0 5.80509e-12 0 1.3949e-11 0 3.03857e-11 0 4.59703e-11 0 6.04859e-11 0 7.42277e-11 0 8.72223e-11 0 9.95326e-11 0 1.11297e-10 0 1.22594e-10 0 1.33479e-10 0 1.43932e-10 0 1.53971e-10 0 1.63801e-10 0 1.73193e-10 0 1.82235e-10 0 1.91384e-10 0 2.00095e-10 0 2.08313e-10 0 2.16727e-10 0 2.24771e-10 0 2.32601e-10 0 2.4039e-10 0 2.47929e-10 0 2.55399e-10 0 2.62583e-10 0 2.69671e-10 0 2.76868e-10 0 2.8374e-10 0 2.90488e-10 0 2.97104e-10 0 3.03579e-10 0 3.10133e-10 0 3.16306e-10 0 3.22779e-10 0 3.28855e-10 0 3.34993e-10 0 3.41195e-10 0 3.46976e-10 0 3.52809e-10 0 3.58697e-10 0 3.6414e-10 0 3.69629e-10 0 3.75414e-10 0 3.8074e-10 0 3.86362e-10 0 3.91512e-10 0 3.9722e-10 0 4.02447e-10 0 4.07447e-10 0 4.1248e-10 0 4.17813e-10 0 4.22645e-10 0 4.27506e-10 0 4.32396e-10 0 4.37317e-10 0 4.42266e-10 0 4.47245e-10 0 4.51696e-10 0 4.5673e-10 0 4.6123e-10 0
100.767 1.44801e-13 1.448e-13 3.81871e-19 2.63722e-06 0.000309063 8.31221e-21 0 6.10879e-17 0 2.68312e-14 0 5.73647e-13 0 1.70967e-12 0 3.05974e-12 0 4.52068e-12 0 6.05184e-12 0 1.39347e-11 0 2.92301e-11 0 4.33471e-11 0 5.62866e-11 0 6.83998e-11 0 7.97568e-11 0 9.04425e-11 0 1.00596e-10 0 1.103e-10 0 1.19611e-10 0 1.2852e-10 0 1.37047e-10 0 1.45373e-10 0 1.53306e-10 0 1.60926e-10 0 1.68617e-10 0 1.75925e-10 0 1.82807e-10 0 1.8984e-10 0 1.96552e-10 0 2.03075e-10 0 2.09555e-10 0 2.15818e-10 0 2.22015e-10 0 2.27967e-10 0 2.33833e-10 0 2.39781e-10 0 2.45455e-10 0 2.51021e-10 0 2.56472e-10 0 2.61802e-10 0 2.67192e-10 0 2.72264e-10 0 2.77578e-10 0 2.82561e-10 0 2.87593e-10 0 2.92672e-10 0 2.97402e-10 0 3.02172e-10 0 3.06983e-10 0 3.11428e-10 0 3.15907e-10 0 3.20625e-10 0 3.24965e-10 0 3.29545e-10 0 3.33737e-10 0 3.3838e-10 0 3.4263e-10 0 3.46693e-10 0 3.50781e-10 0 3.5511e-10 0 3.5903e-10 0 3.62973e-10 0 3.66937e-10 0 3.70923e-10 0 3.74931e-10 0 3.78961e-10 0 3.82562e-10 0 3.86633e-10 0 3.90271e-10 0
105.939 1.29906e-13 1.29905e-13 3.11743e-19 2.39977e-06 0.000256799 2.31438e-20 0 1.10131e-16 0 3.5939e-14 0 6.61674e-13 0 1.8697e-12 0 3.25254e-12 0 4.71502e-12 0 6.223e-12 0 1.37598e-11 0 2.78473e-11 0 4.05209e-11 0 5.19626e-11 0 6.25609e-11 0 7.24177e-11 0 8.16321e-11 0 9.03415e-11 0 9.86273e-11 0 1.06546e-10 0 1.14097e-10 0 1.21302e-10 0 1.28317e-10 0 1.34985e-10 0 1.41374e-10 0 1.47811e-10 0 1.53914e-10 0 1.59651e-10 0 1.65504e-10 0 1.71082e-10 0 1.76494e-10 0 1.81863e-10 0 1.87045e-10 0 1.92166e-10 0 1.97079e-10 0 2.01916e-10 0 2.06815e-10 0 2.11483e-10 0 2.16057e-10 0 2.20534e-10 0 2.24907e-10 0 2.29324e-10 0 2.33478e-10 0 2.37827e-10 0 2.41902e-10 0 2.46013e-10 0 2.50159e-10 0 2.54019e-10 0 2.57908e-10 0 2.61828e-10 0 2.65447e-10 0 2.69092e-10 0 2.7293e-10 0 2.76457e-10 0 2.80177e-10 0 2.83581e-10 0 2.87349e-10 0 2.90795e-10 0 2.94089e-10 0 2.97401e-10 0 3.00907e-10 0 3.0408e-10 0 3.07269e-10 0 3.10475e-10 0 3.13697e-10 0 3.16935e-10 0 3.2019e-10 0 3.23097e-10 0 3.26382e-10 0 3.29316e-10 0
111.377 1.17092e-13 1.17092e-13 2.54462e-19 2.17318e-06 0.000205717 6.05159e-20 0 1.90456e-16 0 4.68519e-14 0 7.48264e-13 0 2.00993e-12 0 3.40343e-12 0 4.8454e-12 0 6.30937e-12 0 1.3424e-11 0 2.62596e-11 0 3.75302e-11 0 4.75604e-11 0 5.67589e-11 0 6.5249e-11 0 7.31378e-11 0 8.05569e-11 0 8.75852e-11 0 9.42774e-11 0 1.00638e-10 0 1.06689e-10 0 1.12566e-10 0 1.18139e-10 0 1.23468e-10 0 1.28825e-10 0 1.33895e-10 0 1.38653e-10 0 1.43501e-10 0 1.48112e-10 0 1.52581e-10 0 1.57009e-10 0 1.61277e-10 0 1.6549e-10 0 1.69527e-10 0 1.73497e-10 0 1.77514e-10 0 1.81338e-10 0 1.85082e-10 0 1.88743e-10 0 1.92316e-10 0 1.95922e-10 0 1.99311e-10 0 2.02855e-10 0 2.06175e-10 0 2.09521e-10 0 2.12894e-10 0 2.16031e-10 0 2.1919e-10 0 2.22373e-10 0 2.25309e-10 0 2.28265e-10 0 2.31375e-10 0 2.34232e-10 0 2.37244e-10 0 2.39998e-10 0 2.43045e-10 0 2.45831e-10 0 2.48492e-10 0 2.51167e-10 0 2.53997e-10 0 2.56557e-10 0 2.59129e-10 0 2.61713e-10 0 2.6431e-10 0 2.66918e-10 0 2.69539e-10 0 2.71878e-10 0 2.74522e-10 0 2.76881e-10 0
117.094 1.06564e-13 1.06564e-13 2.07795e-19 1.94996e-06 0.000155639 1.49831e-19 0 3.18231e-16 0 5.98332e-14 0 8.3472e-13 0 2.13673e-12 0 3.52656e-12 0 4.93522e-12 0 6.34449e-12 0 1.30144e-11 0 2.46506e-11 0 3.46358e-11 0 4.34027e-11 0 5.13674e-11 0 5.86662e-11 0 6.54096e-11 0 7.17217e-11 0 7.76773e-11 0 8.33285e-11 0 8.8683e-11 0 9.3764e-11 0 9.86861e-11 0 1.03343e-10 0 1.07788e-10 0 1.12248e-10 0 1.16461e-10 0 1.2041e-10 0 1.24426e-10 0 1.28241e-10 0 1.31934e-10 0 1.35588e-10 0 1.39106e-10 0 1.42575e-10 0 1.45896e-10 0 1.49159e-10 0 1.52457e-10 0 1.55593e-10 0 1.58662e-10 0 1.6166e-10 0 1.64583e-10 0 1.67532e-10 0 1.703e-10 0 1.73194e-10 0 1.75902e-10 0 1.78631e-10 0 1.81379e-10 0 1.83933e-10 0 1.86505e-10 0 1.89093e-10 0 1.91481e-10 0 1.93882e-10 0 1.96407e-10 0 1.98727e-10 0 2.0117e-10 0 2.03403e-10 0 2.05872e-10 0 2.08129e-10 0 2.10284e-10 0 2.12449e-10 0 2.14739e-10 0 2.16809e-10 0 2.18888e-10 0 2.20976e-10 0 2.23074e-10 0 2.2518e-10 0 2.27295e-10 0 2.29183e-10 0 2.31315e-10 0 2.33217e-10 0
123.105 9.82337e-14 9.82336e-14 1.69824e-19 1.72878e-06 0.000109067 3.53484e-19 0 5.16497e-16 0 7.52031e-14 0 9.22538e-13 0 2.25585e-12 0 3.63356e-12 0 5.00269e-12 0 6.35343e-12 0 1.25886e-11 0 2.31263e-11 0 3.19745e-11 0 3.96448e-11 0 4.65516e-11 0 5.28388e-11 0 5.86164e-11 0 6.40007e-11 0 6.90619e-11 0 7.38488e-11 0 7.83714e-11 0 8.26522e-11 0 8.67897e-11 0 9.06965e-11 0 9.44178e-11 0 9.81455e-11 0 1.01662e-10 0 1.04952e-10 0 1.08294e-10 0 1.11465e-10 0 1.1453e-10 0 1.1756e-10 0 1.20473e-10 0 1.23344e-10 0 1.26088e-10 0 1.28783e-10 0 1.31504e-10 0 1.3409e-10 0 1.36617e-10 0 1.39084e-10 0 1.41489e-10 0 1.43913e-10 0 1.46187e-10 0 1.48562e-10 0 1.50783e-10 0 1.5302e-10 0 1.55272e-10 0 1.57363e-10 0 1.59468e-10 0 1.61585e-10 0 1.63537e-10 0 1.65499e-10 0 1.67561e-10 0 1.69455e-10 0 1.71448e-10 0 1.7327e-10 0 1.75283e-10 0 1.77122e-10 0 1.78877e-10 0 1.8064e-10 0 1.82503e-10 0 1.84188e-10 0 1.85879e-10 0 1.87576e-10 0 1.89281e-10 0 1.90992e-10 0 1.9271e-10 0 1.94242e-10 0 1.95973e-10 0 1.97516e-10 0
129.424 9.15234e-14 9.15233e-14 1.38914e-19 1.51779e-06 6.72008e-05 7.95298e-19 0 8.14167e-16 0 9.29549e-14 0 1.00905e-12 0 2.36233e-12 0 3.71803e-12 0 5.04033e-12 0 6.32771e-12 0 1.2132e-11 0 2.16515e-11 0 2.94823e-11 0 3.61897e-11 0 4.21796e-11 0 4.75976e-11 0 5.25518e-11 0 5.71496e-11 0 6.14564e-11 0 6.55174e-11 0 6.9344e-11 0 7.29574e-11 0 7.64424e-11 0 7.97268e-11 0 8.28499e-11 0 8.59732e-11 0 8.89151e-11 0 9.16637e-11 0 9.44523e-11 0 9.70949e-11 0 9.96466e-11 0 1.02166e-10 0 1.04587e-10 0 1.06969e-10 0 1.09245e-10 0 1.11477e-10 0 1.1373e-10 0 1.15868e-10 0 1.17958e-10 0 1.19996e-10 0 1.2198e-10 0 1.2398e-10 0 1.25854e-10 0 1.27811e-10 0 1.2964e-10 0 1.3148e-10 0 1.33332e-10 0 1.35052e-10 0 1.36781e-10 0 1.38519e-10 0 1.40121e-10 0 1.41731e-10 0 1.43422e-10 0 1.44974e-10 0 1.46608e-10 0 1.48099e-10 0 1.49747e-10 0 1.51252e-10 0 1.52688e-10 0 1.54129e-10 0 1.55653e-10 0 1.57029e-10 0 1.5841e-10 0 1.59797e-10 0 1.61188e-10 0 1.62584e-10 0 1.63986e-10 0 1.65235e-10 0 1.66646e-10 0 1.67904e-10 0
136.067 8.51697e-14 8.51696e-14 1.13721e-19 1.33523e-06 3.19607e-05 1.69109e-18 0 1.23419e-15 0 1.11813e-13 0 1.08052e-12 0 2.42722e-12 0 3.73714e-12 0 4.99232e-12 0 6.19912e-12 0 1.15207e-11 0 2.00046e-11 0 2.68498e-11 0 3.26473e-11 0 3.77843e-11 0 4.24037e-11 0 4.66078e-11 0 5.04945e-11 0 5.41232e-11 0 5.75351e-11 0 6.07421e-11 0 6.37638e-11 0 6.66724e-11 0 6.94086e-11 0 7.20062e-11 0 7.46001e-11 0 7.70399e-11 0 7.93165e-11 0 8.16235e-11 0 8.38073e-11 0 8.59138e-11 0 8.79915e-11 0 8.99859e-11 0 9.19468e-11 0 9.38189e-11 0 9.56534e-11 0 9.75034e-11 0 9.92586e-11 0 1.00972e-10 0 1.02642e-10 0 1.04268e-10 0 1.05904e-10 0 1.07437e-10 0 1.09037e-10 0 1.10532e-10 0 1.12035e-10 0 1.13547e-10 0 1.14949e-10 0 1.16359e-10 0 1.17776e-10 0 1.19082e-10 0 1.20393e-10 0 1.2177e-10 0 1.23032e-10 0 1.24361e-10 0 1.25574e-10 0 1.26914e-10 0 1.28136e-10 0 1.29302e-10 0 1.30473e-10 0 1.31709e-10 0 1.32826e-10 0 1.33946e-10 0 1.35071e-10 0 1.36198e-10 0 1.3733e-10 0 1.38465e-10 0 1.39478e-10 0 1.4062e-10 0 1.41638e-10 0
143.051 7.72652e-14 7.72651e-14 9.32314e-20 1.20664e-06 2.20768e-06 3.32601e-18 0 1.75932e-15 0 1.27913e-13 0 1.10675e-12 0 2.39041e-12 0 3.6045e-12 0 4.74846e-12 0 5.83535e-12 0 1.0529e-11 0 1.78147e-11 0 2.35871e-11 0 2.84245e-11 0 3.26798e-11 0 3.64851e-11 0 3.99333e-11 0 4.31096e-11 0 4.60661e-11 0 4.88386e-11 0 5.14385e-11 0 5.38833e-11 0 5.62321e-11 0 5.84381e-11 0 6.05292e-11 0 6.26144e-11 0 6.45732e-11 0 6.63988e-11 0 6.82467e-11 0 6.99942e-11 0 7.16781e-11 0 7.33375e-11 0 7.49289e-11 0 7.64925e-11 0 7.7984e-11 0 7.94445e-11 0 8.09163e-11 0 8.23118e-11 0 8.3673e-11 0 8.49991e-11 0 8.62891e-11 0 8.7587e-11 0 8.88025e-11 0 9.00701e-11 0 9.12536e-11 0 9.24433e-11 0 9.36392e-11 0 9.47485e-11 0 9.5863e-11 0 9.69826e-11 0 9.80133e-11 0 9.90484e-11 0 1.00135e-10 0 1.01131e-10 0 1.02179e-10 0 1.03135e-10 0 1.04191e-10 0 1.05154e-10 0 1.06072e-10 0 1.06993e-10 0 1.07966e-10 0 1.08845e-10 0 1.09726e-10 0 1.1061e-10 0 1.11497e-10 0 1.12386e-10 0 1.13278e-10 0 1.14073e-10 0 1.1497e-10 0 1.15769e-10 0
150.394 6.87011e-14 6.8701e-14 7.64119e-20 1.11224e-06 -2.43341e-05 6.09879e-18 0 2.37518e-15 0 1.40088e-13 0 1.09121e-12 0 2.27058e-12 0 3.35674e-12 0 4.36399e-12 0 5.31033e-12 0 9.31743e-12 0 1.53831e-11 0 2.01073e-11 0 2.40274e-11 0 2.74523e-11 0 3.04993e-11 0 3.32491e-11 0 3.57736e-11 0 3.81168e-11 0 4.03087e-11 0 4.23598e-11 0 4.42847e-11 0 4.61311e-11 0 4.78624e-11 0 4.95013e-11 0 5.11334e-11 0 5.26647e-11 0 5.40904e-11 0 5.55321e-11 0 5.6894e-11 0 5.82052e-11 0 5.94962e-11 0 6.07334e-11 0 6.1948e-11 0 6.31058e-11 0 6.42388e-11 0 6.53797e-11 0 6.64608e-11 0 6.75148e-11 0 6.8541e-11 0 6.95387e-11 0 7.0542e-11 0 7.14812e-11 0 7.24601e-11 0 7.33737e-11 0 7.42916e-11 0 7.52139e-11 0 7.6069e-11 0 7.69278e-11 0 7.77902e-11 0 7.85839e-11 0 7.93806e-11 0 8.02167e-11 0 8.09829e-11 0 8.17885e-11 0 8.25234e-11 0 8.33346e-11 0 8.40745e-11 0 8.47797e-11 0 8.5487e-11 0 8.62337e-11 0 8.69079e-11 0 8.75839e-11 0 8.82618e-11 0 8.89415e-11 0 8.96231e-11 0 9.03066e-11 0 9.09157e-11 0 9.16026e-11 0 9.22147e-11 0
158.114 6.01902e-14 6.01902e-14 6.25342e-20 1.03894e-06 -4.3098e-05 1.05074e-17 0 3.05824e-15 0 1.47828e-13 0 1.04208e-12 0 2.09297e-12 0 3.03667e-12 0 3.89872e-12 0 4.70012e-12 0 8.03144e-12 0 1.29565e-11 0 1.67313e-11 0 1.98347e-11 0 2.25289e-11 0 2.49144e-11 0 2.7059e-11 0 2.90218e-11 0 3.08388e-11 0 3.25346e-11 0 3.41184e-11 0 3.56021e-11 0 3.70229e-11 0 3.83534e-11 0 3.96112e-11 0 4.08623e-11 0 4.20348e-11 0 4.31253e-11 0 4.4227e-11 0 4.52668e-11 0 4.62671e-11 0 4.72513e-11 0 4.81937e-11 0 4.91182e-11 0 4.99989e-11 0 5.08602e-11 0 5.1727e-11 0 5.25479e-11 0 5.33478e-11 0 5.41261e-11 0 5.48825e-11 0 5.56428e-11 0 5.63541e-11 0 5.70952e-11 0 5.77865e-11 0 5.84809e-11 0 5.91782e-11 0 5.98246e-11 0 6.04734e-11 0 6.11248e-11 0 6.1724e-11 0 6.23254e-11 0 6.29562e-11 0 6.35342e-11 0 6.41416e-11 0 6.46956e-11 0 6.53069e-11 0 6.58643e-11 0 6.63954e-11 0 6.6928e-11 0 6.74901e-11 0 6.79974e-11 0 6.85061e-11 0 6.9016e-11 0 6.95271e-11 0 7.00396e-11 0 7.05533e-11 0 7.10111e-11 0 7.15272e-11 0 7.1987e-11 0
166.23 5.26574e-14 5.26574e-14 5.11445e-20 9.71269e-07 -6.13126e-05 1.7277e-17 0 3.81194e-15 0 1.52491e-13 0 9.77679e-13 0 1.89881e-12 0 2.70642e-12 0 3.43375e-12 0 4.10319e-12 0 6.83822e-12 0 1.07931e-11 0 1.37791e-11 0 1.62129e-11 0 1.83134e-11 0 2.01649e-11 0 2.18236e-11 0 2.33373e-11 0 2.47351e-11 0 2.6037e-11 0 2.72505e-11 0 2.83856e-11 0 2.94709e-11 0 3.04859e-11 0 3.14443e-11 0 3.23965e-11 0 3.3288e-11 0 3.41164e-11 0 3.49525e-11 0 3.57411e-11 0 3.6499e-11 0 3.72442e-11 0 3.79573e-11 0 3.86565e-11 0 3.9322e-11 0 3.99726e-11 0 4.06269e-11 0 4.12463e-11 0 4.18495e-11 0 4.24362e-11 0 4.3006e-11 0 4.35785e-11 0 4.4114e-11 0 4.46716e-11 0 4.51916e-11 0 4.57136e-11 0 4.62377e-11 0 4.67233e-11 0 4.72107e-11 0 4.76997e-11 0 4.81495e-11 0 4.86007e-11 0 4.90738e-11 0 4.95072e-11 0 4.99626e-11 0 5.03778e-11 0 5.08358e-11 0 5.12534e-11 0 5.16511e-11 0 5.20498e-11 0 5.24706e-11 0 5.28502e-11 0 5.32307e-11 0 5.36121e-11 0 5.39944e-11 0 5.43775e-11 0 5.47615e-11 0 5.51036e-11 0 5.54892e-11 0 5.58327e-11 0
174.763 4.61346e-14 4.61346e-14 4.18461e-20 9.07044e-07 -7.8964e-05 2.72515e-17 0 4.62002e-15 0 1.5438e-13 0 9.0452e-13 0 1.7017e-12 0 2.38499e-12 0 2.99215e-12 0 3.54578e-12 0 5.77124e-12 0 8.92323e-12 0 1.12698e-11 0 1.31672e-11 0 1.47957e-11 0 1.62252e-11 0 1.75018e-11 0 1.86636e-11 0 1.9734e-11 0 2.0729e-11 0 2.16549e-11 0 2.25196e-11 0 2.33453e-11 0 2.41166e-11 0 2.4844e-11 0 2.55661e-11 0 2.62414e-11 0 2.68684e-11 0 2.75007e-11 0 2.80966e-11 0 2.8669e-11 0 2.92314e-11 0 2.97692e-11 0 3.02962e-11 0 3.07976e-11 0 3.12874e-11 0 3.17798e-11 0 3.22456e-11 0 3.26991e-11 0 3.314e-11 0 3.35681e-11 0 3.39979e-11 0 3.43998e-11 0 3.48182e-11 0 3.52082e-11 0 3.55996e-11 0 3.59924e-11 0 3.63562e-11 0 3.67212e-11 0 3.70874e-11 0 3.74241e-11 0 3.77617e-11 0 3.81158e-11 0 3.84399e-11 0 3.87804e-11 0 3.90908e-11 0 3.94331e-11 0 3.97451e-11 0 4.00421e-11 0 4.03399e-11 0 4.06541e-11 0 4.09375e-11 0 4.12215e-11 0 4.15061e-11 0 4.17913e-11 0 4.20771e-11 0 4.23634e-11 0 4.26185e-11 0 4.2906e-11 0 4.3162e-11 0
183.733 4.08815e-14 4.08814e-14 3.42219e-20 8.37099e-07 -9.00104e-05 4.1732e-17 0 5.50664e-15 0 1.55068e-13 0 8.34087e-13 0 1.52259e-12 0 2.10022e-12 0 2.60707e-12 0 3.06516e-12 0 4.8789e-12 0 7.39842e-12 0 9.24973e-12 0 1.07355e-11 0 1.20042e-11 0 1.31137e-11 0 1.41014e-11 0 1.49981e-11 0 1.58226e-11 0 1.65876e-11 0 1.72983e-11 0 1.79612e-11 0 1.85934e-11 0 1.91832e-11 0 1.97389e-11 0 2.029e-11 0 2.0805e-11 0 2.12827e-11 0 2.17642e-11 0 2.22176e-11 0 2.26528e-11 0 2.30802e-11 0 2.34886e-11 0 2.38886e-11 0 2.4269e-11 0 2.46404e-11 0 2.50136e-11 0 2.53665e-11 0 2.57099e-11 0 2.60436e-11 0 2.63675e-11 0 2.66927e-11 0 2.69965e-11 0 2.73128e-11 0 2.76074e-11 0 2.79031e-11 0 2.81997e-11 0 2.84743e-11 0 2.87498e-11 0 2.90261e-11 0 2.928e-11 0 2.95346e-11 0 2.98015e-11 0 3.00458e-11 0 3.03024e-11 0 3.05362e-11 0 3.0794e-11 0 3.10289e-11 0 3.12525e-11 0 3.14766e-11 0 3.1713e-11 0 3.19263e-11 0 3.21399e-11 0 3.23539e-11 0 3.25684e-11 0 3.27832e-11 0 3.29985e-11 0 3.31901e-11 0 3.34061e-11 0 3.35985e-11 0
193.164 3.6294e-14 3.6294e-14 2.79799e-20 7.70922e-07 -0.000100444 6.15818e-17 0 6.40249e-15 0 1.53229e-13 0 7.59947e-13 0 1.3482e-12 0 1.83186e-12 0 2.25125e-12 0 2.62718e-12 0 4.09467e-12 0 6.09663e-12 0 7.54981e-12 0 8.708e-12 0 9.69233e-12 0 1.05501e-11 0 1.13116e-11 0 1.20013e-11 0 1.26342e-11 0 1.32205e-11 0 1.37645e-11 0 1.42711e-11 0 1.47537e-11 0 1.52035e-11 0 1.56269e-11 0 1.60465e-11 0 1.64382e-11 0 1.68013e-11 0 1.7167e-11 0 1.75112e-11 0 1.78414e-11 0 1.81654e-11 0 1.84749e-11 0 1.87779e-11 0 1.90659e-11 0 1.93469e-11 0 1.96292e-11 0 1.98961e-11 0 2.01556e-11 0 2.04077e-11 0 2.06523e-11 0 2.08978e-11 0 2.11272e-11 0 2.13658e-11 0 2.1588e-11 0 2.18109e-11 0 2.20345e-11 0 2.22415e-11 0 2.2449e-11 0 2.26571e-11 0 2.28483e-11 0 2.304e-11 0 2.32409e-11 0 2.34247e-11 0 2.36178e-11 0 2.37936e-11 0 2.39875e-11 0 2.41641e-11 0 2.43322e-11 0 2.45007e-11 0 2.46783e-11 0 2.48385e-11 0 2.4999e-11 0 2.51597e-11 0 2.53208e-11 0 2.54821e-11 0 2.56436e-11 0 2.57875e-11 0 2.59496e-11 0 2.60939e-11 0
203.079 3.23459e-14 3.23459e-14 2.28815e-20 7.07401e-07 -0.000108993 8.79079e-17 0 7.28558e-15 0 1.49384e-13 0 6.85992e-13 0 1.18456e-12 0 1.58676e-12 0 1.93166e-12 0 2.23842e-12 0 3.42022e-12 0 5.00549e-12 0 6.14323e-12 0 7.04421e-12 0 7.8066e-12 0 8.46877e-12 0 9.05511e-12 0 9.58509e-12 0 1.00706e-11 0 1.05196e-11 0 1.09356e-11 0 1.13226e-11 0 1.16909e-11 0 1.20338e-11 0 1.23563e-11 0 1.26756e-11 0 1.29735e-11 0 1.32495e-11 0 1.35273e-11 0 1.37885e-11 0 1.40391e-11 0 1.42848e-11 0 1.45194e-11 0 1.47489e-11 0 1.49669e-11 0 1.51797e-11 0 1.53933e-11 0 1.55951e-11 0 1.57913e-11 0 1.59819e-11 0 1.61667e-11 0 1.63521e-11 0 1.65253e-11 0 1.67054e-11 0 1.68731e-11 0 1.70413e-11 0 1.721e-11 0 1.7366e-11 0 1.75225e-11 0 1.76793e-11 0 1.78234e-11 0 1.79678e-11 0 1.81191e-11 0 1.82576e-11 0 1.84029e-11 0 1.85353e-11 0 1.86812e-11 0 1.88141e-11 0 1.89406e-11 0 1.90673e-11 0 1.92009e-11 0 1.93213e-11 0 1.9442e-11 0 1.95628e-11 0 1.96838e-11 0 1.98051e-11 0 1.99265e-11 0 2.00345e-11 0 2.01563e-11 0 2.02647e-11 0
213.503 2.90256e-14 2.90256e-14 1.87194e-20 6.44928e-07 -0.000113506 1.2198e-16 0 8.14845e-15 0 1.44243e-13 0 6.15779e-13 0 1.0365e-12 0 1.36989e-12 0 1.6528e-12 0 1.90263e-12 0 2.85332e-12 0 4.10872e-12 0 5.00028e-12 0 5.70214e-12 0 6.29364e-12 0 6.80585e-12 0 7.25831e-12 0 7.66649e-12 0 8.03977e-12 0 8.38453e-12 0 8.70355e-12 0 9.00002e-12 0 9.28188e-12 0 9.54408e-12 0 9.7905e-12 0 1.00343e-11 0 1.02616e-11 0 1.0472e-11 0 1.06837e-11 0 1.08827e-11 0 1.10734e-11 0 1.12603e-11 0 1.14387e-11 0 1.16132e-11 0 1.17789e-11 0 1.19405e-11 0 1.21027e-11 0 1.22559e-11 0 1.24048e-11 0 1.25494e-11 0 1.26895e-11 0 1.28301e-11 0 1.29614e-11 0 1.30979e-11 0 1.32249e-11 0 1.33523e-11 0 1.348e-11 0 1.35981e-11 0 1.37166e-11 0 1.38352e-11 0 1.39442e-11 0 1.40535e-11 0 1.41679e-11 0 1.42725e-11 0 1.43824e-11 0 1.44825e-11 0 1.45927e-11 0 1.46931e-11 0 1.47887e-11 0 1.48844e-11 0 1.49853e-11 0 1.50762e-11 0 1.51673e-11 0 1.52585e-11 0 1.53498e-11 0 1.54413e-11 0 1.55329e-11 0 1.56144e-11 0 1.57063e-11 0 1.5788e-11 0
224.463 2.6033e-14 2.6033e-14 1.53113e-20 5.88149e-07 -0.000117877 1.63598e-16 0 8.90225e-15 0 1.37053e-13 0 5.46007e-13 0 8.97142e-13 0 1.17075e-12 0 1.40069e-12 0 1.60236e-12 0 2.36111e-12 0 3.34857e-12 0 4.04304e-12 0 4.58676e-12 0 5.04328e-12 0 5.4375e-12 0 5.78497e-12 0 6.09788e-12 0 6.38361e-12 0 6.64716e-12 0 6.89076e-12 0 7.11691e-12 0 7.33173e-12 0 7.5314e-12 0 7.71892e-12 0 7.9043e-12 0 8.07704e-12 0 8.23688e-12 0 8.39758e-12 0 8.54856e-12 0 8.69319e-12 0 8.83492e-12 0 8.97013e-12 0 9.10229e-12 0 9.22777e-12 0 9.3501e-12 0 9.47283e-12 0 9.58872e-12 0 9.70133e-12 0 9.81063e-12 0 9.91657e-12 0 1.00228e-11 0 1.01219e-11 0 1.0225e-11 0 1.0321e-11 0 1.04171e-11 0 1.05135e-11 0 1.06026e-11 0 1.0692e-11 0 1.07815e-11 0 1.08637e-11 0 1.0946e-11 0 1.10323e-11 0 1.11112e-11 0 1.1194e-11 0 1.12694e-11 0 1.13524e-11 0 1.14281e-11 0 1.15e-11 0 1.15721e-11 0 1.1648e-11 0 1.17165e-11 0 1.17851e-11 0 1.18537e-11 0 1.19224e-11 0 1.19913e-11 0 1.20602e-11 0 1.21215e-11 0 1.21906e-11 0 1.2252e-11 0
235.984 2.33345e-14 2.33345e-14 1.2521e-20 5.36588e-07 -0.000122105 2.12404e-16 0 9.50998e-15 0 1.28227e-13 0 4.78484e-13 0 7.6848e-13 0 9.90922e-13 0 1.17617e-12 0 1.33762e-12 0 1.93866e-12 0 2.71037e-12 0 3.24825e-12 0 3.66723e-12 0 4.01782e-12 0 4.31979e-12 0 4.58542e-12 0 4.82424e-12 0 5.042e-12 0 5.24263e-12 0 5.42787e-12 0 5.5997e-12 0 5.76277e-12 0 5.91424e-12 0 6.05639e-12 0 6.19683e-12 0 6.32763e-12 0 6.44859e-12 0 6.57015e-12 0 6.6843e-12 0 6.7936e-12 0 6.90067e-12 0 7.00277e-12 0 7.10254e-12 0 7.19724e-12 0 7.28952e-12 0 7.38209e-12 0 7.46946e-12 0 7.55434e-12 0 7.6367e-12 0 7.71651e-12 0 7.79651e-12 0 7.87118e-12 0 7.94877e-12 0 8.02099e-12 0 8.09335e-12 0 8.16586e-12 0 8.23292e-12 0 8.3001e-12 0 8.36741e-12 0 8.42922e-12 0 8.49112e-12 0 8.55595e-12 0 8.61523e-12 0 8.67743e-12 0 8.73407e-12 0 8.79645e-12 0 8.85325e-12 0 8.90728e-12 0 8.96139e-12 0 9.01841e-12 0 9.0698e-12 0 9.12125e-12 0 9.17276e-12 0 9.22434e-12 0 9.27597e-12 0 9.32766e-12 0 9.37366e-12 0 9.42547e-12 0 9.47157e-12 0
248.097 2.09064e-14 2.09063e-14 1.02449e-20 4.90037e-07 -0.000126185 2.67417e-16 0 9.94613e-15 0 1.18243e-13 0 4.14738e-13 0 6.5193e-13 0 8.31212e-13 0 9.79253e-13 0 1.10753e-12 0 1.58039e-12 0 2.18e-12 0 2.59445e-12 0 2.91579e-12 0 3.18383e-12 0 3.41416e-12 0 3.6164e-12 0 3.79794e-12 0 3.96328e-12 0 4.11543e-12 0 4.25579e-12 0 4.38586e-12 0 4.50923e-12 0 4.62373e-12 0 4.73113e-12 0 4.83717e-12 0 4.93588e-12 0 5.02713e-12 0 5.11878e-12 0 5.20481e-12 0 5.28716e-12 0 5.3678e-12 0 5.44467e-12 0 5.51976e-12 0 5.591e-12 0 5.66041e-12 0 5.73002e-12 0 5.79571e-12 0 5.8595e-12 0 5.92138e-12 0 5.98134e-12 0 6.04142e-12 0 6.09749e-12 0 6.15574e-12 0 6.20995e-12 0 6.26425e-12 0 6.31866e-12 0 6.36896e-12 0 6.41936e-12 0 6.46983e-12 0 6.51617e-12 0 6.56258e-12 0 6.61118e-12 0 6.65561e-12 0 6.70222e-12 0 6.74465e-12 0 6.79139e-12 0 6.83394e-12 0 6.87441e-12 0 6.91492e-12 0 6.95762e-12 0 6.9961e-12 0 7.03462e-12 0 7.07318e-12 0 7.11178e-12 0 7.15042e-12 0 7.1891e-12 0 7.22352e-12 0 7.26228e-12 0 7.29676e-12 0
260.832 1.88426e-14 1.88426e-14 8.38295e-21 4.44894e-07 -0.000126628 3.29064e-16 0 1.026e-14 0 1.08237e-13 0 3.58057e-13 0 5.51538e-13 0 6.95786e-13 0 8.13962e-13 0 9.15806e-13 0 1.28784e-12 0 1.75418e-12 0 2.07405e-12 0 2.321e-12 0 2.52639e-12 0 2.7025e-12 0 2.85688e-12 0 2.99526e-12 0 3.12115e-12 0 3.23688e-12 0 3.34355e-12 0 3.44233e-12 0 3.53594e-12 0 3.62278e-12 0 3.70418e-12 0 3.78452e-12 0 3.85927e-12 0 3.92833e-12 0 3.99767e-12 0 4.06274e-12 0 4.125e-12 0 4.18594e-12 0 4.24402e-12 0 4.30074e-12 0 4.35453e-12 0 4.40693e-12 0 4.45947e-12 0 4.50903e-12 0 4.55715e-12 0 4.60383e-12 0 4.64903e-12 0 4.69433e-12 0 4.73659e-12 0 4.78049e-12 0 4.82133e-12 0 4.86224e-12 0 4.90322e-12 0 4.94111e-12 0 4.97905e-12 0 5.01705e-12 0 5.05194e-12 0 5.08687e-12 0 5.12343e-12 0 5.15687e-12 0 5.19194e-12 0 5.22386e-12 0 5.25901e-12 0 5.29101e-12 0 5.32144e-12 0 5.35191e-12 0 5.38401e-12 0 5.41293e-12 0 5.44189e-12 0 5.47087e-12 0 5.49987e-12 0 5.52891e-12 0 5.55798e-12 0 5.58384e-12 0 5.61295e-12 0 5.63886e-12 0
274.221 1.69846e-14 1.69846e-14 6.85782e-21 4.03767e-07 -0.000126421 3.94018e-16 0 1.03887e-14 0 9.78489e-14 0 3.06278e-13 0 4.62855e-13 0 5.78105e-13 0 6.71835e-13 0 7.52206e-13 0 1.04335e-12 0 1.40442e-12 0 1.65035e-12 0 1.83947e-12 0 1.99634e-12 0 2.13059e-12 0 2.24808e-12 0 2.35327e-12 0 2.44886e-12 0 2.53666e-12 0 2.61751e-12 0 2.69234e-12 0 2.7632e-12 0 2.8289e-12 0 2.89046e-12 0 2.95119e-12 0 3.00766e-12 0 3.05981e-12 0 3.11216e-12 0 3.16127e-12 0 3.20824e-12 0 3.2542e-12 0 3.29799e-12 0 3.34075e-12 0 3.38129e-12 0 3.42077e-12 0 3.46034e-12 0 3.49766e-12 0 3.53389e-12 0 3.56903e-12 0 3.60305e-12 0 3.63714e-12 0 3.66893e-12 0 3.70196e-12 0 3.73267e-12 0 3.76343e-12 0 3.79425e-12 0 3.82273e-12 0 3.85125e-12 0 3.87981e-12 0 3.90602e-12 0 3.93227e-12 0 3.95974e-12 0 3.98485e-12 0 4.01119e-12 0 4.03516e-12 0 4.06156e-12 0 4.08559e-12 0 4.10843e-12 0 4.1313e-12 0 4.1554e-12 0 4.17711e-12 0 4.19884e-12 0 4.22058e-12 0 4.24235e-12 0 4.26413e-12 0 4.28594e-12 0 4.30534e-12 0 4.32718e-12 0 4.3466e-12 0
288.297 1.52928e-14 1.52928e-14 5.60948e-21 3.66804e-07 -0.000126215 4.5914e-16 0 1.03219e-14 0 8.73134e-14 0 2.59398e-13 0 3.85023e-13 0 4.76396e-13 0 5.50205e-13 0 6.132e-13 0 8.39641e-13 0 1.11773e-12 0 1.30591e-12 0 1.4501e-12 0 1.56941e-12 0 1.67134e-12 0 1.76041e-12 0 1.84006e-12 0 1.91238e-12 0 1.97874e-12 0 2.03981e-12 0 2.0963e-12 0 2.14976e-12 0 2.1993e-12 0 2.24569e-12 0 2.29144e-12 0 2.33397e-12 0 2.37323e-12 0 2.41262e-12 0 2.44957e-12 0 2.48489e-12 0 2.51945e-12 0 2.55236e-12 0 2.58449e-12 0 2.61495e-12 0 2.64461e-12 0 2.67432e-12 0 2.70235e-12 0 2.72955e-12 0 2.75592e-12 0 2.78145e-12 0 2.80702e-12 0 2.83087e-12 0 2.85564e-12 0 2.87868e-12 0 2.90175e-12 0 2.92485e-12 0 2.9462e-12 0 2.96757e-12 0 2.98898e-12 0 3.00862e-12 0 3.02829e-12 0 3.04887e-12 0 3.06768e-12 0 3.08741e-12 0 3.10536e-12 0 3.12513e-12 0 3.14312e-12 0 3.16023e-12 0 3.17735e-12 0 3.19539e-12 0 3.21164e-12 0 3.2279e-12 0 3.24418e-12 0 3.26046e-12 0 3.27676e-12 0 3.29308e-12 0 3.30759e-12 0 3.32393e-12 0 3.33846e-12 0
303.095 1.3774e-14 1.3774e-14 4.59141e-21 3.33338e-07 -0.000125467 5.2209e-16 0 1.0087e-14 0 7.7064e-14 0 2.17944e-13 0 3.18067e-13 0 3.90091e-13 0 4.47906e-13 0 4.97037e-13 0 6.72394e-13 0 8.85811e-13 0 1.02937e-12 0 1.139e-12 0 1.22952e-12 0 1.30672e-12 0 1.3741e-12 0 1.43429e-12 0 1.48888e-12 0 1.53895e-12 0 1.58499e-12 0 1.62754e-12 0 1.6678e-12 0 1.70509e-12 0 1.74e-12 0 1.7744e-12 0 1.80637e-12 0 1.83588e-12 0 1.86548e-12 0 1.89323e-12 0 1.91975e-12 0 1.9457e-12 0 1.9704e-12 0 1.99451e-12 0 2.01736e-12 0 2.0396e-12 0 2.06189e-12 0 2.0829e-12 0 2.10329e-12 0 2.12306e-12 0 2.14219e-12 0 2.16136e-12 0 2.17922e-12 0 2.19778e-12 0 2.21503e-12 0 2.23231e-12 0 2.2496e-12 0 2.26559e-12 0 2.28159e-12 0 2.29761e-12 0 2.31232e-12 0 2.32703e-12 0 2.34243e-12 0 2.35651e-12 0 2.37127e-12 0 2.3847e-12 0 2.39949e-12 0 2.41294e-12 0 2.42574e-12 0 2.43854e-12 0 2.45203e-12 0 2.46418e-12 0 2.47633e-12 0 2.4885e-12 0 2.50068e-12 0 2.51286e-12 0 2.52506e-12 0 2.5359e-12 0 2.54811e-12 0 2.55897e-12 0
318.653 1.24484e-14 1.24484e-14 3.75727e-21 3.01828e-07 -0.000122693 5.81811e-16 0 9.7336e-15 0 6.75271e-14 0 1.82309e-13 0 2.61861e-13 0 3.18504e-13 0 3.6371e-13 0 4.01973e-13 0 5.3765e-13 0 7.01411e-13 0 8.10964e-13 0 8.94378e-13 0 9.6311e-13 0 1.02163e-12 0 1.07266e-12 0 1.11819e-12 0 1.15946e-12 0 1.19727e-12 0 1.23203e-12 0 1.26414e-12 0 1.2945e-12 0 1.32261e-12 0 1.34891e-12 0 1.37483e-12 0 1.39891e-12 0 1.42112e-12 0 1.44339e-12 0 1.46427e-12 0 1.48422e-12 0 1.50373e-12 0 1.52231e-12 0 1.54043e-12 0 1.55761e-12 0 1.57432e-12 0 1.59106e-12 0 1.60685e-12 0 1.62216e-12 0 1.637e-12 0 1.65137e-12 0 1.66576e-12 0 1.67917e-12 0 1.69309e-12 0 1.70604e-12 0 1.719e-12 0 1.73198e-12 0 1.74397e-12 0 1.75598e-12 0 1.76799e-12 0 1.77902e-12 0 1.79006e-12 0 1.8016e-12 0 1.81216e-12 0 1.82322e-12 0 1.83329e-12 0 1.84437e-12 0 1.85446e-12 0 1.86405e-12 0 1.87364e-12 0 1.88375e-12 0 1.89285e-12 0 1.90196e-12 0 1.91107e-12 0 1.92019e-12 0 1.92932e-12 0 1.93845e-12 0 1.94658e-12 0 1.95572e-12 0 1.96385e-12 0
335.009 1.12361e-14 1.12361e-14 3.07391e-21 2.73575e-07 -0.000120055 6.33186e-16 0 9.23904e-15 0 5.85046e-14 0 1.5119e-13 0 2.1394e-13 0 2.58199e-13 0 2.93331e-13 0 3.2296e-13 0 4.2739e-13 0 5.5248e-13 0 6.35746e-13 0 6.98968e-13 0 7.50965e-13 0 7.9518e-13 0 8.33684e-13 0 8.68018e-13 0 8.9911e-13 0 9.27585e-13 0 9.53742e-13 0 9.77893e-13 0 1.00072e-12 0 1.02185e-12 0 1.04161e-12 0 1.06107e-12 0 1.07915e-12 0 1.09582e-12 0 1.11254e-12 0 1.1282e-12 0 1.14317e-12 0 1.1578e-12 0 1.17173e-12 0 1.18531e-12 0 1.19819e-12 0 1.21071e-12 0 1.22326e-12 0 1.23508e-12 0 1.24655e-12 0 1.25767e-12 0 1.26843e-12 0 1.2792e-12 0 1.28924e-12 0 1.29967e-12 0 1.30936e-12 0 1.31906e-12 0 1.32877e-12 0 1.33774e-12 0 1.34672e-12 0 1.35571e-12 0 1.36396e-12 0 1.37222e-12 0 1.38085e-12 0 1.38874e-12 0 1.39702e-12 0 1.40455e-12 0 1.41283e-12 0 1.42037e-12 0 1.42754e-12 0 1.43471e-12 0 1.44227e-12 0 1.44907e-12 0 1.45588e-12 0 1.46269e-12 0 1.46951e-12 0 1.47633e-12 0 1.48315e-12 0 1.48922e-12 0 1.49605e-12 0 1.50213e-12 0
352.205 1.01305e-14 1.01305e-14 2.51536e-21 2.48296e-07 -0.000117543 6.73807e-16 0 8.63428e-15 0 5.01532e-14 0 1.24379e-13 0 1.73548e-13 0 2.07924e-13 0 2.35077e-13 0 2.57901e-13 0 3.379e-13 0 4.3306e-13 0 4.96112e-13 0 5.43866e-13 0 5.83075e-13 0 6.16373e-13 0 6.45342e-13 0 6.71153e-13 0 6.94511e-13 0 7.1589e-13 0 7.35519e-13 0 7.53635e-13 0 7.70752e-13 0 7.86587e-13 0 8.01395e-13 0 8.15975e-13 0 8.29512e-13 0 8.41996e-13 0 8.54509e-13 0 8.6623e-13 0 8.77428e-13 0 8.88373e-13 0 8.9879e-13 0 9.08949e-13 0 9.18573e-13 0 9.27937e-13 0 9.37314e-13 0 9.46151e-13 0 9.54723e-13 0 9.63028e-13 0 9.71066e-13 0 9.79113e-13 0 9.86613e-13 0 9.94398e-13 0 1.00164e-12 0 1.00888e-12 0 1.01613e-12 0 1.02283e-12 0 1.02953e-12 0 1.03624e-12 0 1.0424e-12 0 1.04856e-12 0 1.055e-12 0 1.06089e-12 0 1.06707e-12 0 1.07268e-12 0 1.07887e-12 0 1.08449e-12 0 1.08984e-12 0 1.09519e-12 0 1.10082e-12 0 1.10589e-12 0 1.11097e-12 0 1.11605e-12 0 1.12113e-12 0 1.12622e-12 0 1.13131e-12 0 1.13583e-12 0 1.14092e-12 0 1.14545e-12 0
370.284 9.16279e-15 9.16279e-15 2.05893e-21 2.24706e-07 -0.00011349 7.0489e-16 0 7.98485e-15 0 4.27472e-14 0 1.01983e-13 0 1.40434e-13 0 1.67101e-13 0 1.8807e-13 0 2.0564e-13 0 2.66915e-13 0 3.39338e-13 0 3.87124e-13 0 4.23233e-13 0 4.52834e-13 0 4.77944e-13 0 4.9977e-13 0 5.19201e-13 0 5.36776e-13 0 5.52854e-13 0 5.67608e-13 0 5.8122e-13 0 5.94077e-13 0 6.05966e-13 0 6.17081e-13 0 6.28023e-13 0 6.38179e-13 0 6.47543e-13 0 6.56926e-13 0 6.65714e-13 0 6.74109e-13 0 6.82312e-13 0 6.90118e-13 0 6.9773e-13 0 7.0494e-13 0 7.11954e-13 0 7.18976e-13 0 7.25594e-13 0 7.32013e-13 0 7.38231e-13 0 7.44248e-13 0 7.50271e-13 0 7.55885e-13 0 7.61711e-13 0 7.67127e-13 0 7.72547e-13 0 7.77971e-13 0 7.82983e-13 0 7.87998e-13 0 7.93017e-13 0 7.97621e-13 0 8.02229e-13 0 8.07048e-13 0 8.11452e-13 0 8.16069e-13 0 8.20268e-13 0 8.2489e-13 0 8.29095e-13 0 8.33092e-13 0 8.3709e-13 0 8.41302e-13 0 8.45094e-13 0 8.48889e-13 0 8.52685e-13 0 8.56483e-13 0 8.60283e-13 0 8.64085e-13 0 8.67466e-13 0 8.71271e-13 0 8.74655e-13 0
389.291 8.28145e-15 8.28145e-15 1.68491e-21 2.03456e-07 -0.000109448 7.22811e-16 0 7.28389e-15 0 3.61028e-14 0 8.30506e-14 0 1.12956e-13 0 1.33543e-13 0 1.49663e-13 0 1.63132e-13 0 2.09889e-13 0 2.6483e-13 0 3.00943e-13 0 3.28173e-13 0 3.50464e-13 0 3.69354e-13 0 3.85759e-13 0 4.00356e-13 0 4.13549e-13 0 4.25614e-13 0 4.36681e-13 0 4.46887e-13 0 4.56523e-13 0 4.65432e-13 0 4.73758e-13 0 4.81953e-13 0 4.89558e-13 0 4.96568e-13 0 5.03591e-13 0 5.10167e-13 0 5.16448e-13 0 5.22585e-13 0 5.28424e-13 0 5.34116e-13 0 5.39508e-13 0 5.44752e-13 0 5.50002e-13 0 5.54949e-13 0 5.59747e-13 0 5.64394e-13 0 5.6889e-13 0 5.73391e-13 0 5.77585e-13 0 5.81938e-13 0 5.85983e-13 0 5.90032e-13 0 5.94084e-13 0 5.97826e-13 0 6.01572e-13 0 6.0532e-13 0 6.08757e-13 0 6.12197e-13 0 6.15796e-13 0 6.19084e-13 0 6.2253e-13 0 6.25664e-13 0 6.29114e-13 0 6.32253e-13 0 6.35235e-13 0 6.3822e-13 0 6.41362e-13 0 6.44192e-13 0 6.47024e-13 0 6.49856e-13 0 6.5269e-13 0 6.55525e-13 0 6.58361e-13 0 6.60883e-13 0 6.63722e-13 0 6.66246e-13 0
409.273 7.47536e-15 7.47536e-15 1.37849e-21 1.84404e-07 -0.000105621 7.26824e-16 0 6.55515e-15 0 3.02121e-14 0 6.71603e-14 0 9.02893e-14 0 1.06102e-13 0 1.18437e-13 0 1.28717e-13 0 1.6425e-13 0 2.05781e-13 0 2.32984e-13 0 2.53457e-13 0 2.70195e-13 0 2.84365e-13 0 2.96662e-13 0 3.07597e-13 0 3.17476e-13 0 3.26505e-13 0 3.34785e-13 0 3.42418e-13 0 3.49622e-13 0 3.56282e-13 0 3.62504e-13 0 3.68627e-13 0 3.74307e-13 0 3.79542e-13 0 3.84787e-13 0 3.89697e-13 0 3.94385e-13 0 3.98965e-13 0 4.03323e-13 0 4.0757e-13 0 4.11593e-13 0 4.15505e-13 0 4.19421e-13 0 4.23111e-13 0 4.26689e-13 0 4.30154e-13 0 4.33507e-13 0 4.36862e-13 0 4.39989e-13 0 4.43234e-13 0 4.46249e-13 0 4.49267e-13 0 4.52286e-13 0 4.55075e-13 0 4.57866e-13 0 4.60659e-13 0 4.63221e-13 0 4.65783e-13 0 4.68464e-13 0 4.70914e-13 0 4.73481e-13 0 4.75816e-13 0 4.78385e-13 0 4.80723e-13 0 4.82944e-13 0 4.85167e-13 0 4.87507e-13 0 4.89614e-13 0 4.91723e-13 0 4.93832e-13 0 4.95942e-13 0 4.98052e-13 0 5.00164e-13 0 5.02042e-13 0 5.04155e-13 0 5.06034e-13 0
430.281 6.76674e-15 6.76674e-15 1.12839e-21 1.66756e-07 -0.000100766 7.20291e-16 0 5.84772e-15 0 2.51654e-14 0 5.41712e-14 0 7.20377e-14 0 8.41762e-14 0 9.36116e-14 0 1.01456e-13 0 1.28468e-13 0 1.59885e-13 0 1.80397e-13 0 1.95808e-13 0 2.08392e-13 0 2.19037e-13 0 2.28269e-13 0 2.36473e-13 0 2.43881e-13 0 2.5065e-13 0 2.56855e-13 0 2.62573e-13 0 2.67969e-13 0 2.72956e-13 0 2.77614e-13 0 2.82196e-13 0 2.86447e-13 0 2.90364e-13 0 2.94287e-13 0 2.9796e-13 0 3.01466e-13 0 3.04891e-13 0 3.08149e-13 0 3.11324e-13 0 3.14331e-13 0 3.17255e-13 0 3.20182e-13 0 3.22939e-13 0 3.25612e-13 0 3.28202e-13 0 3.30706e-13 0 3.33213e-13 0 3.35549e-13 0 3.37972e-13 0 3.40224e-13 0 3.42478e-13 0 3.44733e-13 0 3.46816e-13 0 3.489e-13 0 3.50985e-13 0 3.52897e-13 0 3.54811e-13 0 3.56812e-13 0 3.5864e-13 0 3.60556e-13 0 3.62299e-13 0 3.64217e-13 0 3.65962e-13 0 3.6762e-13 0 3.69278e-13 0 3.71025e-13 0 3.72597e-13 0 3.7417e-13 0 3.75744e-13 0 3.77318e-13 0 3.78893e-13 0 3.80469e-13 0 3.81869e-13 0 3.83446e-13 0 3.84848e-13 0
452.368 6.12354e-15 6.12354e-15 9.23626e-22 1.50832e-07 -9.59081e-05 7.01935e-16 0 5.15831e-15 0 2.08093e-14 0 4.34618e-14 0 5.72085e-14 0 6.64943e-14 0 7.3689e-14 0 7.96577e-14 0 1.00138e-13 0 1.23852e-13 0 1.3929e-13 0 1.5087e-13 0 1.60316e-13 0 1.683e-13 0 1.7522e-13 0 1.81366e-13 0 1.86914e-13 0 1.91982e-13 0 1.96625e-13 0 2.00903e-13 0 2.0494e-13 0 2.08668e-13 0 2.12151e-13 0 2.15577e-13 0 2.18754e-13 0 2.21681e-13 0 2.24612e-13 0 2.27356e-13 0 2.29975e-13 0 2.32533e-13 0 2.34966e-13 0 2.37338e-13 0 2.39583e-13 0 2.41766e-13 0 2.43951e-13 0 2.46009e-13 0 2.48004e-13 0 2.49937e-13 0 2.51806e-13 0 2.53677e-13 0 2.5542e-13 0 2.57228e-13 0 2.58908e-13 0 2.6059e-13 0 2.62272e-13 0 2.63825e-13 0 2.6538e-13 0 2.66935e-13 0 2.68362e-13 0 2.69789e-13 0 2.71281e-13 0 2.72645e-13 0 2.74074e-13 0 2.75373e-13 0 2.76803e-13 0 2.78104e-13 0 2.7934e-13 0 2.80577e-13 0 2.81879e-13 0 2.83051e-13 0 2.84224e-13 0 2.85397e-13 0 2.8657e-13 0 2.87744e-13 0 2.88918e-13 0 2.89963e-13 0 2.91138e-13 0 2.92182e-13 0
475.588 5.53429e-15 5.53429e-15 7.55827e-22 1.36572e-07 -9.13453e-05 6.72548e-16 0 4.49749e-15 0 1.70721e-14 0 3.466e-14 0 4.51876e-14 0 5.22613e-14 0 5.77261e-14 0 6.22505e-14 0 7.77251e-14 0 9.55706e-14 0 1.07158e-13 0 1.15836e-13 0 1.22909e-13 0 1.28883e-13 0 1.34057e-13 0 1.38651e-13 0 1.42797e-13 0 1.46581e-13 0 1.50048e-13 0 1.53242e-13 0 1.56255e-13 0 1.59037e-13 0 1.61635e-13 0 1.64191e-13 0 1.6656e-13 0 1.68743e-13 0 1.70929e-13 0 1.72974e-13 0 1.74927e-13 0 1.76833e-13 0 1.78647e-13 0 1.80414e-13 0 1.82087e-13 0 1.83713e-13 0 1.85341e-13 0 1.86874e-13 0 1.88361e-13 0 1.898e-13 0 1.91193e-13 0 1.92586e-13 0 1.93884e-13 0 1.9523e-13 0 1.96481e-13 0 1.97733e-13 0 1.98986e-13 0 2.00143e-13 0 2.013e-13 0 2.02458e-13 0 2.03519e-13 0 2.04582e-13 0 2.05693e-13 0 2.06707e-13 0 2.07771e-13 0 2.08738e-13 0 2.09802e-13 0 2.1077e-13 0 2.1169e-13 0 2.1261e-13 0 2.13579e-13 0 2.14452e-13 0 2.15324e-13 0 2.16197e-13 0 2.1707e-13 0 2.17944e-13 0 2.18817e-13 0 2.19594e-13 0 2.20468e-13 0 2.21245e-13 0
500 4.99583e-15 4.99583e-15 6.18429e-22 1.23789e-07 -8.70394e-05 6.34139e-16 0 3.87861e-15 0 1.39032e-14 0 2.74856e-14 0 3.55135e-14 0 4.08815e-14 0 4.50174e-14 0 4.84355e-14 0 6.00915e-14 0 7.34838e-14 0 8.21584e-14 0 8.86472e-14 0 9.39305e-14 0 9.83898e-14 0 1.02251e-13 0 1.05677e-13 0 1.08768e-13 0 1.11589e-13 0 1.14172e-13 0 1.16552e-13 0 1.18796e-13 0 1.20868e-13 0 1.22802e-13 0 1.24705e-13 0 1.26468e-13 0 1.28093e-13 0 1.29719e-13 0 1.31241e-13 0 1.32694e-13 0 1.34113e-13 0 1.35462e-13 0 1.36776e-13 0 1.3802e-13 0 1.3923e-13 0 1.40441e-13 0 1.41581e-13 0 1.42686e-13 0 1.43756e-13 0 1.44791e-13 0 1.45827e-13 0 1.46792e-13 0 1.47793e-13 0 1.48723e-13 0 1.49653e-13 0 1.50584e-13 0 1.51444e-13 0 1.52304e-13 0 1.53164e-13 0 1.53953e-13 0 1.54742e-13 0 1.55568e-13 0 1.56322e-13 0 1.57112e-13 0 1.57831e-13 0 1.58621e-13 0 1.5934e-13 0 1.60024e-13 0 1.60707e-13 0 1.61427e-13 0 1.62075e-13 0 1.62723e-13 0 1.63371e-13 0 1.6402e-13 0 1.64669e-13 0 1.65317e-13 0 1.65894e-13 0 1.66543e-13 0 1.67121e-13 0
525.665 4.53567e-15 4.53567e-15 5.06325e-22 1.11632e-07 -8.15025e-05 5.92953e-16 0 3.33327e-15 0 1.13216e-14 0 2.18305e-14 0 2.797e-14 0 3.20571e-14 0 3.51984e-14 0 3.77901e-14 0 4.66048e-14 0 5.66984e-14 0 6.32221e-14 0 6.8096e-14 0 7.20613e-14 0 7.54062e-14 0 7.83009e-14 0 8.08689e-14 0 8.31845e-14 0 8.52975e-14 0 8.72322e-14 0 8.90136e-14 0 9.06932e-14 0 9.22441e-14 0 9.36918e-14 0 9.51151e-14 0 9.64347e-14 0 9.76499e-14 0 9.88665e-14 0 1.00005e-13 0 1.01091e-13 0 1.02152e-13 0 1.0316e-13 0 1.04143e-13 0 1.05073e-13 0 1.05978e-13 0 1.06882e-13 0 1.07735e-13 0 1.08561e-13 0 1.0936e-13 0 1.10134e-13 0 1.10908e-13 0 1.11629e-13 0 1.12377e-13 0 1.13072e-13 0 1.13767e-13 0 1.14462e-13 0 1.15104e-13 0 1.15747e-13 0 1.1639e-13 0 1.16979e-13 0 1.17568e-13 0 1.18185e-13 0 1.18748e-13 0 1.19338e-13 0 1.19875e-13 0 1.20465e-13 0 1.21002e-13 0 1.21513e-13 0 1.22023e-13 0 1.22561e-13 0 1.23044e-13 0 1.23528e-13 0 1.24012e-13 0 1.24497e-13 0 1.24981e-13 0 1.25465e-13 0 1.25896e-13 0 1.26381e-13 0 1.26812e-13 0
552.648 4.11277e-15 4.11277e-15 4.14431e-22 1.00767e-07 -7.63339e-05 5.46413e-16 0 2.83631e-15 0 9.15785e-15 0 1.72498e-14 0 2.19271e-14 0 2.50282e-14 0 2.74064e-14 0 2.93655e-14 0 3.60124e-14 0 4.36004e-14 0 4.84949e-14 0 5.21476e-14 0 5.51173e-14 0 5.7621e-14 0 5.97867e-14 0 6.17074e-14 0 6.34389e-14 0 6.50184e-14 0 6.64644e-14 0 6.77955e-14 0 6.90504e-14 0 7.02088e-14 0 7.12902e-14 0 7.23531e-14 0 7.33385e-14 0 7.42458e-14 0 7.51541e-14 0 7.60038e-14 0 7.68147e-14 0 7.76064e-14 0 7.83591e-14 0 7.90925e-14 0 7.97866e-14 0 8.04614e-14 0 8.11365e-14 0 8.17723e-14 0 8.23885e-14 0 8.29852e-14 0 8.35622e-14 0 8.41395e-14 0 8.46772e-14 0 8.52351e-14 0 8.57534e-14 0 8.62718e-14 0 8.67905e-14 0 8.72694e-14 0 8.77485e-14 0 8.82277e-14 0 8.86672e-14 0 8.91068e-14 0 8.95665e-14 0 8.99864e-14 0 9.04264e-14 0 9.08265e-14 0 9.12667e-14 0 9.16671e-14 0 9.20475e-14 0 9.2428e-14 0 9.28286e-14 0 9.31893e-14 0 9.355e-14 0 9.39109e-14 0 9.42718e-14 0 9.46327e-14 0 9.49938e-14 0 9.53148e-14 0 9.5676e-14 0 9.59972e-14 0
581.015 3.72444e-15 3.72444e-15 3.39127e-22 9.10546e-08 -7.15182e-05 4.9656e-16 0 2.39069e-15 0 7.36023e-15 0 1.35628e-14 0 1.71131e-14 0 1.94583e-14 0 2.12531e-14 0 2.27296e-14 0 2.7728e-14 0 3.34183e-14 0 3.70819e-14 0 3.98135e-14 0 4.20327e-14 0 4.39028e-14 0 4.55199e-14 0 4.69535e-14 0 4.82456e-14 0 4.9424e-14 0 5.05026e-14 0 5.14954e-14 0 5.24311e-14 0 5.32948e-14 0 5.4101e-14 0 5.48933e-14 0 5.56277e-14 0 5.63039e-14 0 5.69807e-14 0 5.76139e-14 0 5.82181e-14 0 5.88079e-14 0 5.93686e-14 0 5.99149e-14 0 6.0432e-14 0 6.09346e-14 0 6.14374e-14 0 6.19109e-14 0 6.23698e-14 0 6.28141e-14 0 6.32438e-14 0 6.36737e-14 0 6.40741e-14 0 6.44894e-14 0 6.48753e-14 0 6.52613e-14 0 6.56474e-14 0 6.60039e-14 0 6.63606e-14 0 6.67173e-14 0 6.70445e-14 0 6.73717e-14 0 6.77139e-14 0 6.80264e-14 0 6.83539e-14 0 6.86516e-14 0 6.89793e-14 0 6.92772e-14 0 6.95603e-14 0 6.98435e-14 0 7.01417e-14 0 7.041e-14 0 7.06785e-14 0 7.0947e-14 0 7.12155e-14 0 7.14841e-14 0 7.17528e-14 0 7.19917e-14 0 7.22604e-14 0 7.24994e-14 0
610.839 3.36884e-15 3.36884e-15 2.77561e-22 8.23907e-08 -6.70341e-05 4.45373e-16 0 1.9973e-15 0 5.88025e-15 0 1.06149e-14 0 1.33008e-14 0 1.5069e-14 0 1.64197e-14 0 1.75295e-14 0 2.12788e-14 0 2.55363e-14 0 2.8273e-14 0 3.03116e-14 0 3.19668e-14 0 3.3361e-14 0 3.45662e-14 0 3.56343e-14 0 3.65968e-14 0 3.74744e-14 0 3.82775e-14 0 3.90166e-14 0 3.97132e-14 0 4.03561e-14 0 4.0956e-14 0 4.15456e-14 0 4.2092e-14 0 4.25952e-14 0 4.30987e-14 0 4.35697e-14 0 4.40191e-14 0 4.44578e-14 0 4.48749e-14 0 4.52812e-14 0 4.56657e-14 0 4.60394e-14 0 4.64133e-14 0 4.67654e-14 0 4.71066e-14 0 4.74369e-14 0 4.77564e-14 0 4.8076e-14 0 4.83736e-14 0 4.86824e-14 0 4.89692e-14 0 4.92561e-14 0 4.95431e-14 0 4.98081e-14 0 5.00732e-14 0 5.03383e-14 0 5.05815e-14 0 5.08246e-14 0 5.10789e-14 0 5.13112e-14 0 5.15546e-14 0 5.17758e-14 0 5.20193e-14 0 5.22407e-14 0 5.24511e-14 0 5.26615e-14 0 5.2883e-14 0 5.30824e-14 0 5.32819e-14 0 5.34814e-14 0 5.36809e-14 0 5.38805e-14 0 5.40801e-14 0 5.42575e-14 0 5.44572e-14 0 5.46347e-14 0
642.193 3.04371e-15 3.04371e-15 2.2723e-22 7.46555e-08 -6.28566e-05 3.94524e-16 0 1.65472e-15 0 4.67144e-15 0 8.2716e-15 0 1.02972e-14 0 1.16266e-14 0 1.26404e-14 0 1.34724e-14 0 1.62783e-14 0 1.9457e-14 0 2.14972e-14 0 2.30157e-14 0 2.42481e-14 0 2.52856e-14 0 2.61822e-14 0 2.69767e-14 0 2.76924e-14 0 2.83449e-14 0 2.89419e-14 0 2.94912e-14 0 3.00089e-14 0 3.04866e-14 0 3.09324e-14 0 3.13704e-14 0 3.17763e-14 0 3.21501e-14 0 3.25241e-14 0 3.28739e-14 0 3.32077e-14 0 3.35335e-14 0 3.38431e-14 0 3.41448e-14 0 3.44303e-14 0 3.47078e-14 0 3.49854e-14 0 3.52468e-14 0 3.55001e-14 0 3.57453e-14 0 3.59825e-14 0 3.62197e-14 0 3.64406e-14 0 3.66698e-14 0 3.68827e-14 0 3.70956e-14 0 3.73086e-14 0 3.75053e-14 0 3.7702e-14 0 3.78988e-14 0 3.80792e-14 0 3.82597e-14 0 3.84484e-14 0 3.86207e-14 0 3.88013e-14 0 3.89655e-14 0 3.91462e-14 0 3.93104e-14 0 3.94665e-14 0 3.96226e-14 0 3.9787e-14 0 3.99349e-14 0 4.00829e-14 0 4.02309e-14 0 4.03789e-14 0 4.0527e-14 0 4.06751e-14 0 4.08067e-14 0 4.09548e-14 0 4.10865e-14 0
675.157 2.74645e-15 2.74645e-15 1.85976e-22 6.77152e-08 -5.89577e-05 3.45328e-16 0 1.35987e-15 0 3.69076e-15 0 6.41793e-15 0 7.94084e-15 0 8.93758e-15 0 9.6965e-15 0 1.03187e-14 0 1.24134e-14 0 1.47816e-14 0 1.62995e-14 0 1.74285e-14 0 1.83442e-14 0 1.91149e-14 0 1.97807e-14 0 2.03705e-14 0 2.09018e-14 0 2.1386e-14 0 2.1829e-14 0 2.22366e-14 0 2.26207e-14 0 2.2975e-14 0 2.33057e-14 0 2.36305e-14 0 2.39316e-14 0 2.42087e-14 0 2.4486e-14 0 2.47454e-14 0 2.49929e-14 0 2.52344e-14 0 2.5464e-14 0 2.56877e-14 0 2.58993e-14 0 2.6105e-14 0 2.63107e-14 0 2.65045e-14 0 2.66922e-14 0 2.6874e-14 0 2.70497e-14 0 2.72255e-14 0 2.73892e-14 0 2.75591e-14 0 2.77168e-14 0 2.78746e-14 0 2.80324e-14 0 2.81782e-14 0 2.83239e-14 0 2.84697e-14 0 2.86034e-14 0 2.87371e-14 0 2.88769e-14 0 2.90046e-14 0 2.91383e-14 0 2.926e-14 0 2.93938e-14 0 2.95155e-14 0 2.96311e-14 0 2.97468e-14 0 2.98685e-14 0 2.99781e-14 0 3.00877e-14 0 3.01974e-14 0 3.0307e-14 0 3.04167e-14 0 3.05263e-14 0 3.06238e-14 0 3.07335e-14 0 3.08311e-14 0
709.813 2.48089e-15 2.48089e-15 1.52174e-22 6.13386e-08 -5.50758e-05 2.99559e-16 0 1.11165e-15 0 2.90758e-15 0 4.97095e-15 0 6.11531e-15 0 6.86238e-15 0 7.4304e-15 0 7.89567e-15 0 9.45964e-15 0 1.12244e-14 0 1.23542e-14 0 1.31939e-14 0 1.38747e-14 0 1.44475e-14 0 1.49422e-14 0 1.53803e-14 0 1.57749e-14 0 1.61345e-14 0 1.64635e-14 0 1.67661e-14 0 1.70512e-14 0 1.73142e-14 0 1.75596e-14 0 1.78008e-14 0 1.80242e-14 0 1.82298e-14 0 1.84356e-14 0 1.86281e-14 0 1.88117e-14 0 1.89909e-14 0 1.91612e-14 0 1.93271e-14 0 1.94841e-14 0 1.96367e-14 0 1.97893e-14 0 1.9933e-14 0 2.00723e-14 0 2.02071e-14 0 2.03374e-14 0 2.04678e-14 0 2.05892e-14 0 2.07152e-14 0 2.08322e-14 0 2.09492e-14 0 2.10662e-14 0 2.11743e-14 0 2.12823e-14 0 2.13905e-14 0 2.14896e-14 0 2.15887e-14 0 2.16924e-14 0 2.1787e-14 0 2.18862e-14 0 2.19764e-14 0 2.20756e-14 0 2.21659e-14 0 2.22516e-14 0 2.23373e-14 0 2.24276e-14 0 2.25088e-14 0 2.25901e-14 0 2.26713e-14 0 2.27526e-14 0 2.28339e-14 0 2.29152e-14 0 2.29875e-14 0 2.30688e-14 0 2.31411e-14 0
746.248 2.25252e-15 2.25252e-15 1.24583e-22 5.53084e-08 -5.08716e-05 2.58718e-16 0 9.0793e-16 0 2.29382e-15 0 3.85969e-15 0 4.72272e-15 0 5.28483e-15 0 5.71167e-15 0 6.06099e-15 0 7.23362e-15 0 8.55452e-15 0 9.39918e-15 0 1.00266e-14 0 1.05351e-14 0 1.09628e-14 0 1.1332e-14 0 1.16591e-14 0 1.19535e-14 0 1.22218e-14 0 1.24672e-14 0 1.2693e-14 0 1.29056e-14 0 1.31018e-14 0 1.32848e-14 0 1.34646e-14 0 1.36312e-14 0 1.37846e-14 0 1.3938e-14 0 1.40815e-14 0 1.42184e-14 0 1.4352e-14 0 1.4479e-14 0 1.46026e-14 0 1.47197e-14 0 1.48334e-14 0 1.49471e-14 0 1.50542e-14 0 1.5158e-14 0 1.52585e-14 0 1.53556e-14 0 1.54528e-14 0 1.55433e-14 0 1.56371e-14 0 1.57243e-14 0 1.58115e-14 0 1.58987e-14 0 1.59792e-14 0 1.60598e-14 0 1.61403e-14 0 1.62142e-14 0 1.6288e-14 0 1.63653e-14 0 1.64358e-14 0 1.65097e-14 0 1.65769e-14 0 1.66508e-14 0 1.6718e-14 0 1.67819e-14 0 1.68458e-14 0 1.6913e-14 0 1.69735e-14 0 1.70341e-14 0 1.70946e-14 0 1.71552e-14 0 1.72157e-14 0 1.72763e-14 0 1.73301e-14 0 1.73907e-14 0 1.74445e-14 0
784.553 2.04267e-15 2.04267e-15 1.01986e-22 4.99278e-08 -4.6987e-05 2.21181e-16 0 7.36481e-16 0 1.80113e-15 0 2.98574e-15 0 3.63493e-15 0 4.05685e-15 0 4.37688e-15 0 4.63858e-15 0 5.51599e-15 0 6.50279e-15 0 7.13317e-15 0 7.60116e-15 0 7.98029e-15 0 8.2991e-15 0 8.57432e-15 0 8.818e-15 0 9.03737e-15 0 9.23725e-15 0 9.42005e-15 0 9.58817e-15 0 9.74654e-15 0 9.89263e-15 0 1.00289e-14 0 1.01628e-14 0 1.02868e-14 0 1.0401e-14 0 1.05152e-14 0 1.0622e-14 0 1.07239e-14 0 1.08234e-14 0 1.09179e-14 0 1.10099e-14 0 1.1097e-14 0 1.11817e-14 0 1.12663e-14 0 1.1346e-14 0 1.14233e-14 0 1.1498e-14 0 1.15703e-14 0 1.16426e-14 0 1.171e-14 0 1.17798e-14 0 1.18447e-14 0 1.19095e-14 0 1.19744e-14 0 1.20343e-14 0 1.20943e-14 0 1.21542e-14 0 1.22091e-14 0 1.22641e-14 0 1.23216e-14 0 1.2374e-14 0 1.2429e-14 0 1.2479e-14 0 1.2534e-14 0 1.2584e-14 0 1.26315e-14 0 1.2679e-14 0 1.2729e-14 0 1.27741e-14 0 1.28191e-14 0 1.28641e-14 0 1.29092e-14 0 1.29542e-14 0 1.29993e-14 0 1.30393e-14 0 1.30844e-14 0 1.31244e-14 0
824.824 1.85e-15 1.85e-15 8.34654e-23 4.51164e-08 -4.33944e-05 1.87262e-16 0 5.935e-16 0 1.40785e-15 0 2.30134e-15 0 2.78844e-15 0 3.10441e-15 0 3.34383e-15 0 3.53947e-15 0 4.19465e-15 0 4.93047e-15 0 5.40009e-15 0 5.74856e-15 0 6.03077e-15 0 6.26802e-15 0 6.47279e-15 0 6.65407e-15 0 6.81724e-15 0 6.9659e-15 0 7.10184e-15 0 7.22686e-15 0 7.34461e-15 0 7.45323e-15 0 7.55455e-15 0 7.65408e-15 0 7.74628e-15 0 7.83114e-15 0 7.91604e-15 0 7.99544e-15 0 8.07117e-15 0 8.14508e-15 0 8.21531e-15 0 8.28372e-15 0 8.34845e-15 0 8.41135e-15 0 8.47426e-15 0 8.53349e-15 0 8.59088e-15 0 8.64643e-15 0 8.70014e-15 0 8.75387e-15 0 8.80389e-15 0 8.85578e-15 0 8.90398e-15 0 8.95218e-15 0 9.00039e-15 0 9.0449e-15 0 9.08941e-15 0 9.13394e-15 0 9.17476e-15 0 9.21558e-15 0 9.25826e-15 0 9.29724e-15 0 9.33809e-15 0 9.37522e-15 0 9.41607e-15 0 9.45321e-15 0 9.4885e-15 0 9.52379e-15 0 9.56095e-15 0 9.59439e-15 0 9.62784e-15 0 9.66129e-15 0 9.69474e-15 0 9.7282e-15 0 9.76166e-15 0 9.7914e-15 0 9.82487e-15 0 9.85462e-15 0
867.163 1.67343e-15 1.67343e-15 6.83003e-23 4.08145e-08 -4.00699e-05 1.57094e-16 0 4.75322e-16 0 1.09573e-15 0 1.76773e-15 0 2.13235e-15 0 2.36846e-15 0 2.5472e-15 0 2.69316e-15 0 3.18146e-15 0 3.72916e-15 0 4.07842e-15 0 4.33745e-15 0 4.54718e-15 0 4.72345e-15 0 4.87557e-15 0 5.01022e-15 0 5.1314e-15 0 5.24179e-15 0 5.34273e-15 0 5.43555e-15 0 5.52297e-15 0 5.60361e-15 0 5.67882e-15 0 5.7527e-15 0 5.82113e-15 0 5.88412e-15 0 5.94713e-15 0 6.00606e-15 0 6.06226e-15 0 6.11711e-15 0 6.16923e-15 0 6.22e-15 0 6.26803e-15 0 6.3147e-15 0 6.36138e-15 0 6.40533e-15 0 6.44791e-15 0 6.48913e-15 0 6.52898e-15 0 6.56884e-15 0 6.60596e-15 0 6.64445e-15 0 6.68021e-15 0 6.71597e-15 0 6.75173e-15 0 6.78475e-15 0 6.81778e-15 0 6.8508e-15 0 6.88108e-15 0 6.91137e-15 0 6.94303e-15 0 6.97195e-15 0 7.00224e-15 0 7.02979e-15 0 7.06009e-15 0 7.08764e-15 0 7.11381e-15 0 7.13999e-15 0 7.16755e-15 0 7.19236e-15 0 7.21717e-15 0 7.24198e-15 0 7.26679e-15 0 7.2916e-15 0 7.31642e-15 0 7.33848e-15 0 7.3633e-15 0 7.38537e-15 0
911.674 1.51214e-15 1.51214e-15 5.59227e-23 3.69824e-08 -3.69949e-05 1.30668e-16 0 3.78517e-16 0 8.49476e-16 0 1.35364e-15 0 1.62602e-15 0 1.80212e-15 0 1.93531e-15 0 2.04402e-15 0 2.40734e-15 0 2.81439e-15 0 3.07376e-15 0 3.26605e-15 0 3.42169e-15 0 3.55248e-15 0 3.66533e-15 0 3.7652e-15 0 3.85508e-15 0 3.93695e-15 0 4.0118e-15 0 4.08063e-15 0 4.14545e-15 0 4.20523e-15 0 4.26099e-15 0 4.31576e-15 0 4.3665e-15 0 4.41319e-15 0 4.4599e-15 0 4.50357e-15 0 4.54523e-15 0 4.58588e-15 0 4.62451e-15 0 4.66214e-15 0 4.69774e-15 0 4.73232e-15 0 4.76692e-15 0 4.79949e-15 0 4.83105e-15 0 4.86159e-15 0 4.89112e-15 0 4.92066e-15 0 4.94816e-15 0 4.97669e-15 0 5.00318e-15 0 5.02968e-15 0 5.05618e-15 0 5.08064e-15 0 5.10511e-15 0 5.12958e-15 0 5.15202e-15 0 5.17446e-15 0 5.19792e-15 0 5.21934e-15 0 5.24179e-15 0 5.26219e-15 0 5.28464e-15 0 5.30505e-15 0 5.32445e-15 0 5.34384e-15 0 5.36426e-15 0 5.38263e-15 0 5.40101e-15 0 5.41939e-15 0 5.43777e-15 0 5.45616e-15 0 5.47454e-15 0 5.49088e-15 0 5.50927e-15 0 5.52562e-15 0
958.471 1.36467e-15 1.36467e-15 4.57755e-23 3.35432e-08 -3.4147e-05 1.0779e-16 0 2.99735e-16 0 6.55961e-16 0 1.03323e-15 0 1.23626e-15 0 1.36733e-15 0 1.46639e-15 0 1.54719e-15 0 1.81703e-15 0 2.11903e-15 0 2.31133e-15 0 2.45384e-15 0 2.56916e-15 0 2.66605e-15 0 2.74964e-15 0 2.82361e-15 0 2.89017e-15 0 2.95079e-15 0 3.00621e-15 0 3.05717e-15 0 3.10516e-15 0 3.14942e-15 0 3.1907e-15 0 3.23124e-15 0 3.26879e-15 0 3.30335e-15 0 3.33793e-15 0 3.37025e-15 0 3.40108e-15 0 3.43117e-15 0 3.45976e-15 0 3.48761e-15 0 3.51395e-15 0 3.53955e-15 0 3.56515e-15 0 3.58925e-15 0 3.6126e-15 0 3.6352e-15 0 3.65705e-15 0 3.67891e-15 0 3.69926e-15 0 3.72037e-15 0 3.73997e-15 0 3.75958e-15 0 3.77918e-15 0 3.79729e-15 0 3.81539e-15 0 3.8335e-15 0 3.85009e-15 0 3.86669e-15 0 3.88405e-15 0 3.8999e-15 0 3.91651e-15 0 3.9316e-15 0 3.94821e-15 0 3.96331e-15 0 3.97766e-15 0 3.99201e-15 0 4.00711e-15 0 4.02071e-15 0 4.0343e-15 0 4.0479e-15 0 4.0615e-15 0 4.0751e-15 0 4.0887e-15 0 4.10079e-15 0 4.11439e-15 0 4.12648e-15 0
1007.67 1.23124e-15 1.23124e-15 3.74594e-23 3.04242e-08 -3.14744e-05 8.8307e-17 0 2.36316e-16 0 5.0511e-16 0 7.87009e-16 0 9.38172e-16 0 1.03564e-15 0 1.10924e-15 0 1.16925e-15 0 1.36951e-15 0 1.5934e-15 0 1.73589e-15 0 1.84145e-15 0 1.92685e-15 0 1.99858e-15 0 2.06047e-15 0 2.11522e-15 0 2.16448e-15 0 2.20935e-15 0 2.25037e-15 0 2.28808e-15 0 2.32359e-15 0 2.35634e-15 0 2.38688e-15 0 2.41688e-15 0 2.44466e-15 0 2.47023e-15 0 2.49581e-15 0 2.51973e-15 0 2.54254e-15 0 2.56479e-15 0 2.58594e-15 0 2.60654e-15 0 2.62603e-15 0 2.64496e-15 0 2.6639e-15 0 2.68172e-15 0 2.699e-15 0 2.71571e-15 0 2.73188e-15 0 2.74804e-15 0 2.76309e-15 0 2.7787e-15 0 2.7932e-15 0 2.8077e-15 0 2.8222e-15 0 2.83559e-15 0 2.84898e-15 0 2.86237e-15 0 2.87465e-15 0 2.88692e-15 0 2.89976e-15 0 2.91148e-15 0 2.92376e-15 0 2.93492e-15 0 2.94721e-15 0 2.95837e-15 0 2.96898e-15 0 2.97959e-15 0 2.99076e-15 0 3.00082e-15 0 3.01087e-15 0 3.02092e-15 0 3.03098e-15 0 3.04103e-15 0 3.05109e-15 0 3.06003e-15 0 3.07009e-15 0 3.07903e-15 0
1059.39 1.11564e-15 1.11564e-15 3.06619e-23 2.74837e-08 -2.88538e-05 7.22079e-17 0 1.86402e-16 0 3.89701e-16 0 6.01015e-16 0 7.13962e-16 0 7.86699e-16 0 8.41593e-16 0 8.86331e-16 0 1.03552e-15 0 1.20217e-15 0 1.30816e-15 0 1.38667e-15 0 1.45016e-15 0 1.50349e-15 0 1.54949e-15 0 1.59019e-15 0 1.6268e-15 0 1.66015e-15 0 1.69063e-15 0 1.71865e-15 0 1.74503e-15 0 1.76937e-15 0 1.79206e-15 0 1.81434e-15 0 1.83499e-15 0 1.85398e-15 0 1.87298e-15 0 1.89075e-15 0 1.90769e-15 0 1.92423e-15 0 1.93994e-15 0 1.95524e-15 0 1.96971e-15 0 1.98377e-15 0 1.99784e-15 0 2.01108e-15 0 2.02391e-15 0 2.03633e-15 0 2.04833e-15 0 2.06034e-15 0 2.07151e-15 0 2.08311e-15 0 2.09388e-15 0 2.10465e-15 0 2.11542e-15 0 2.12536e-15 0 2.1353e-15 0 2.14525e-15 0 2.15436e-15 0 2.16348e-15 0 2.17301e-15 0 2.18172e-15 0 2.19083e-15 0 2.19913e-15 0 2.20825e-15 0 2.21654e-15 0 2.22442e-15 0 2.2323e-15 0 2.24059e-15 0 2.24805e-15 0 2.25552e-15 0 2.26299e-15 0 2.27045e-15 0 2.27792e-15 0 2.28539e-15 0 2.29202e-15 0 2.29949e-15 0 2.30613e-15 0
1113.77 1.00975e-15 1.00975e-15 2.51034e-23 2.48609e-08 -2.64358e-05 5.86345e-17 0 1.46337e-16 0 2.99653e-16 0 4.57721e-16 0 5.4196e-16 0 5.96151e-16 0 6.37024e-16 0 6.70322e-16 0 7.8129e-16 0 9.05153e-16 0 9.83892e-16 0 1.04219e-15 0 1.08934e-15 0 1.12893e-15 0 1.16308e-15 0 1.19329e-15 0 1.22046e-15 0 1.24521e-15 0 1.26783e-15 0 1.28862e-15 0 1.3082e-15 0 1.32626e-15 0 1.3431e-15 0 1.35963e-15 0 1.37495e-15 0 1.38904e-15 0 1.40314e-15 0 1.41632e-15 0 1.42889e-15 0 1.44116e-15 0 1.45281e-15 0 1.46416e-15 0 1.4749e-15 0 1.48533e-15 0 1.49577e-15 0 1.50559e-15 0 1.51511e-15 0 1.52432e-15 0 1.53322e-15 0 1.54213e-15 0 1.55042e-15 0 1.55902e-15 0 1.56701e-15 0 1.57499e-15 0 1.58298e-15 0 1.59036e-15 0 1.59773e-15 0 1.60511e-15 0 1.61187e-15 0 1.61863e-15 0 1.6257e-15 0 1.63216e-15 0 1.63892e-15 0 1.64507e-15 0 1.65184e-15 0 1.65799e-15 0 1.66383e-15 0 1.66967e-15 0 1.67582e-15 0 1.68136e-15 0 1.6869e-15 0 1.69243e-15 0 1.69797e-15 0 1.70351e-15 0 1.70905e-15 0 1.71397e-15 0 1.71951e-15 0 1.72443e-15 0
1170.94 9.12749e-16 9.12749e-16 2.05463e-23 2.25104e-08 -2.42067e-05 4.72925e-17 0 1.14351e-16 0 2.29638e-16 0 3.4762e-16 0 4.10327e-16 0 4.50628e-16 0 4.81008e-16 0 5.05749e-16 0 5.88153e-16 0 6.80067e-16 0 7.3847e-16 0 7.81701e-16 0 8.16656e-16 0 8.46008e-16 0 8.71319e-16 0 8.93709e-16 0 9.1385e-16 0 9.3219e-16 0 9.48953e-16 0 9.64362e-16 0 9.78871e-16 0 9.9225e-16 0 1.00473e-15 0 1.01698e-15 0 1.02833e-15 0 1.03877e-15 0 1.04921e-15 0 1.05898e-15 0 1.06829e-15 0 1.07738e-15 0 1.08601e-15 0 1.09442e-15 0 1.10238e-15 0 1.1101e-15 0 1.11783e-15 0 1.12511e-15 0 1.13216e-15 0 1.13898e-15 0 1.14558e-15 0 1.15217e-15 0 1.15832e-15 0 1.16469e-15 0 1.1706e-15 0 1.17652e-15 0 1.18244e-15 0 1.1879e-15 0 1.19336e-15 0 1.19883e-15 0 1.20383e-15 0 1.20884e-15 0 1.21408e-15 0 1.21886e-15 0 1.22387e-15 0 1.22842e-15 0 1.23343e-15 0 1.23799e-15 0 1.24232e-15 0 1.24665e-15 0 1.2512e-15 0 1.2553e-15 0 1.2594e-15 0 1.2635e-15 0 1.2676e-15 0 1.27171e-15 0 1.27581e-15 0 1.27945e-15 0 1.28355e-15 0 1.2872e-15 0
1231.05 8.2513e-16 8.2513e-16 1.68128e-23 2.03759e-08 -2.21396e-05 3.79522e-17 0 8.90818e-17 0 1.75651e-16 0 2.63647e-16 0 3.10304e-16 0 3.40263e-16 0 3.62836e-16 0 3.81213e-16 0 4.4239e-16 0 5.10583e-16 0 5.53894e-16 0 5.85948e-16 0 6.11861e-16 0 6.33618e-16 0 6.52378e-16 0 6.68972e-16 0 6.83898e-16 0 6.97489e-16 0 7.0991e-16 0 7.21329e-16 0 7.32079e-16 0 7.41993e-16 0 7.51236e-16 0 7.60314e-16 0 7.68722e-16 0 7.76458e-16 0 7.84196e-16 0 7.9143e-16 0 7.98329e-16 0 8.05061e-16 0 8.11457e-16 0 8.17686e-16 0 8.23579e-16 0 8.29304e-16 0 8.3503e-16 0 8.4042e-16 0 8.45641e-16 0 8.50695e-16 0 8.55581e-16 0 8.60467e-16 0 8.65017e-16 0 8.69736e-16 0 8.74118e-16 0 8.785e-16 0 8.82883e-16 0 8.86928e-16 0 8.90975e-16 0 8.95021e-16 0 8.9873e-16 0 9.0244e-16 0 9.06319e-16 0 9.0986e-16 0 9.13571e-16 0 9.16944e-16 0 9.20655e-16 0 9.24028e-16 0 9.27233e-16 0 9.30439e-16 0 9.33813e-16 0 9.3685e-16 0 9.39887e-16 0 9.42924e-16 0 9.45961e-16 0 9.48998e-16 0 9.52036e-16 0 9.54736e-16 0 9.57774e-16 0 9.60474e-16 0
1294.24 7.47735e-16 7.47735e-16 1.37653e-23 1.84093e-08 -2.02272e-05 3.0384e-17 0 6.93589e-17 0 1.34433e-16 0 2.00176e-16 0 2.34957e-16 0 2.57272e-16 0 2.74079e-16 0 2.87758e-16 0 3.33271e-16 0 3.83975e-16 0 4.16166e-16 0 4.39985e-16 0 4.59239e-16 0 4.75403e-16 0 4.89339e-16 0 5.01665e-16 0 5.12752e-16 0 5.22846e-16 0 5.32072e-16 0 5.40552e-16 0 5.48536e-16 0 5.55898e-16 0 5.62763e-16 0 5.69504e-16 0 5.75748e-16 0 5.81492e-16 0 5.87238e-16 0 5.9261e-16 0 5.97733e-16 0 6.02732e-16 0 6.07481e-16 0 6.12106e-16 0 6.16481e-16 0 6.20732e-16 0 6.24984e-16 0 6.28985e-16 0 6.32862e-16 0 6.36615e-16 0 6.40242e-16 0 6.4387e-16 0 6.47248e-16 0 6.50751e-16 0 6.54005e-16 0 6.57258e-16 0 6.60512e-16 0 6.63516e-16 0 6.66519e-16 0 6.69524e-16 0 6.72277e-16 0 6.75031e-16 0 6.77911e-16 0 6.8054e-16 0 6.83295e-16 0 6.85799e-16 0 6.88554e-16 0 6.91058e-16 0 6.93437e-16 0 6.95817e-16 0 6.98322e-16 0 7.00576e-16 0 7.02831e-16 0 7.05085e-16 0 7.0734e-16 0 7.09595e-16 0 7.1185e-16 0 7.13854e-16 0 7.16109e-16 0 7.18114e-16 0
1360.67 6.77033e-16 6.77033e-16 1.12686e-23 1.66441e-08 -1.84648e-05 2.41952e-17 0 5.38076e-17 0 1.02624e-16 0 1.51667e-16 0 1.77561e-16 0 1.94162e-16 0 2.0666e-16 0 2.1683e-16 0 2.50653e-16 0 2.88313e-16 0 3.12215e-16 0 3.29897e-16 0 3.44188e-16 0 3.56185e-16 0 3.66528e-16 0 3.75675e-16 0 3.83902e-16 0 3.91392e-16 0 3.98238e-16 0 4.0453e-16 0 4.10454e-16 0 4.15916e-16 0 4.21009e-16 0 4.26011e-16 0 4.30643e-16 0 4.34905e-16 0 4.39167e-16 0 4.43153e-16 0 4.46953e-16 0 4.50661e-16 0 4.54184e-16 0 4.57615e-16 0 4.60861e-16 0 4.64014e-16 0 4.67168e-16 0 4.70136e-16 0 4.73012e-16 0 4.75796e-16 0 4.78486e-16 0 4.81177e-16 0 4.83683e-16 0 4.86282e-16 0 4.88695e-16 0 4.91108e-16 0 4.93521e-16 0 4.95749e-16 0 4.97977e-16 0 5.00206e-16 0 5.02248e-16 0 5.04291e-16 0 5.06427e-16 0 5.08377e-16 0 5.1042e-16 0 5.12277e-16 0 5.1432e-16 0 5.16178e-16 0 5.17943e-16 0 5.19708e-16 0 5.21565e-16 0 5.23237e-16 0 5.2491e-16 0 5.26582e-16 0 5.28254e-16 0 5.29926e-16 0 5.31599e-16 0 5.33085e-16 0 5.34758e-16 0 5.36245e-16 0
1430.51 6.12251e-16 6.12251e-16 9.22239e-24 1.50631e-08 -1.68433e-05 1.91616e-17 0 4.15822e-17 0 7.81154e-17 0 1.14632e-16 0 1.33878e-16 0 1.46209e-16 0 1.55488e-16 0 1.63037e-16 0 1.88135e-16 0 2.16066e-16 0 2.33788e-16 0 2.46896e-16 0 2.57489e-16 0 2.6638e-16 0 2.74045e-16 0 2.80824e-16 0 2.86921e-16 0 2.92471e-16 0 2.97544e-16 0 3.02206e-16 0 3.06596e-16 0 3.10643e-16 0 3.14416e-16 0 3.18122e-16 0 3.21554e-16 0 3.24711e-16 0 3.2787e-16 0 3.30822e-16 0 3.33638e-16 0 3.36385e-16 0 3.38995e-16 0 3.41537e-16 0 3.43941e-16 0 3.46277e-16 0 3.48613e-16 0 3.50812e-16 0 3.52943e-16 0 3.55005e-16 0 3.56998e-16 0 3.58991e-16 0 3.60848e-16 0 3.62773e-16 0 3.6456e-16 0 3.66348e-16 0 3.68136e-16 0 3.69786e-16 0 3.71436e-16 0 3.73087e-16 0 3.746e-16 0 3.76113e-16 0 3.77695e-16 0 3.79139e-16 0 3.80653e-16 0 3.82029e-16 0 3.83542e-16 0 3.84918e-16 0 3.86225e-16 0 3.87532e-16 0 3.88908e-16 0 3.90147e-16 0 3.91385e-16 0 3.92624e-16 0 3.93863e-16 0 3.95101e-16 0 3.9634e-16 0 3.97441e-16 0 3.9868e-16 0 3.99781e-16 0
1503.94 5.53195e-16 5.53195e-16 7.54712e-24 1.36428e-08 -1.5353e-05 1.51022e-17 0 3.20286e-17 0 5.93184e-17 0 8.64703e-17 0 1.00757e-16 0 1.09905e-16 0 1.16787e-16 0 1.22384e-16 0 1.40987e-16 0 1.61681e-16 0 1.74808e-16 0 1.84515e-16 0 1.9236e-16 0 1.98943e-16 0 2.04619e-16 0 2.09637e-16 0 2.14151e-16 0 2.1826e-16 0 2.22015e-16 0 2.25467e-16 0 2.28716e-16 0 2.31712e-16 0 2.34505e-16 0 2.37248e-16 0 2.39788e-16 0 2.42126e-16 0 2.44463e-16 0 2.46649e-16 0 2.48733e-16 0 2.50766e-16 0 2.52698e-16 0 2.54579e-16 0 2.56359e-16 0 2.58088e-16 0 2.59817e-16 0 2.61444e-16 0 2.63021e-16 0 2.64547e-16 0 2.66022e-16 0 2.67498e-16 0 2.68871e-16 0 2.70296e-16 0 2.71619e-16 0 2.72942e-16 0 2.74265e-16 0 2.75486e-16 0 2.76708e-16 0 2.77929e-16 0 2.79049e-16 0 2.80169e-16 0 2.8134e-16 0 2.82409e-16 0 2.83528e-16 0 2.84547e-16 0 2.85667e-16 0 2.86685e-16 0 2.87652e-16 0 2.8862e-16 0 2.89638e-16 0 2.90554e-16 0 2.91471e-16 0 2.92388e-16 0 2.93304e-16 0 2.94221e-16 0 2.95138e-16 0 2.95952e-16 0 2.96869e-16 0 2.97684e-16 0
1581.14 5.01918e-16 5.01918e-16 6.1796e-24 1.2312e-08 -1.3993e-05 1.1908e-17 0 2.47158e-17 0 4.51667e-17 0 6.54293e-17 0 7.6075e-17 0 8.2888e-17 0 8.80121e-17 0 9.21787e-17 0 1.06022e-16 0 1.21416e-16 0 1.31177e-16 0 1.38395e-16 0 1.44228e-16 0 1.49122e-16 0 1.53341e-16 0 1.57072e-16 0 1.60427e-16 0 1.63482e-16 0 1.66273e-16 0 1.68839e-16 0 1.71254e-16 0 1.7348e-16 0 1.75556e-16 0 1.77595e-16 0 1.79483e-16 0 1.8122e-16 0 1.82957e-16 0 1.84582e-16 0 1.8613e-16 0 1.87642e-16 0 1.89077e-16 0 1.90475e-16 0 1.91798e-16 0 1.93083e-16 0 1.94368e-16 0 1.95577e-16 0 1.96749e-16 0 1.97883e-16 0 1.98979e-16 0 2.00076e-16 0 2.01097e-16 0 2.02155e-16 0 2.03138e-16 0 2.04122e-16 0 2.05105e-16 0 2.06012e-16 0 2.0692e-16 0 2.07828e-16 0 2.0866e-16 0 2.09492e-16 0 2.10362e-16 0 2.11156e-16 0 2.11988e-16 0 2.12745e-16 0 2.13577e-16 0 2.14334e-16 0 2.15053e-16 0 2.15771e-16 0 2.16528e-16 0 2.17209e-16 0 2.1789e-16 0 2.18571e-16 0 2.19252e-16 0 2.19934e-16 0 2.20615e-16 0 2.2122e-16 0 2.21901e-16 0 2.22507e-16 0
1662.3 4.5485e-16 4.5485e-16 5.05844e-24 1.11211e-08 -1.27392e-05 9.34543e-18 0 1.90088e-17 0 3.43036e-17 0 4.94e-17 0 5.73207e-17 0 6.23873e-17 0 6.61969e-17 0 6.92941e-17 0 7.95814e-17 0 9.10167e-17 0 9.82666e-17 0 1.03627e-16 0 1.07957e-16 0 1.11592e-16 0 1.14724e-16 0 1.17494e-16 0 1.19985e-16 0 1.22252e-16 0 1.24324e-16 0 1.26229e-16 0 1.28022e-16 0 1.29675e-16 0 1.31216e-16 0 1.32729e-16 0 1.3413e-16 0 1.3542e-16 0 1.36709e-16 0 1.37915e-16 0 1.39065e-16 0 1.40186e-16 0 1.41252e-16 0 1.4229e-16 0 1.43271e-16 0 1.44225e-16 0 1.45179e-16 0 1.46076e-16 0 1.46946e-16 0 1.47788e-16 0 1.48601e-16 0 1.49415e-16 0 1.50173e-16 0 1.50959e-16 0 1.51688e-16 0 1.52418e-16 0 1.53148e-16 0 1.53821e-16 0 1.54495e-16 0 1.55168e-16 0 1.55786e-16 0 1.56404e-16 0 1.57049e-16 0 1.57639e-16 0 1.58256e-16 0 1.58818e-16 0 1.59436e-16 0 1.59997e-16 0 1.60531e-16 0 1.61064e-16 0 1.61626e-16 0 1.62131e-16 0 1.62636e-16 0 1.63142e-16 0 1.63647e-16 0 1.64153e-16 0 1.64658e-16 0 1.65108e-16 0 1.65613e-16 0 1.66063e-16 0
1747.63 4.11681e-16 4.11681e-16 4.13954e-24 1.00552e-08 -1.15929e-05 7.30123e-18 0 1.45717e-17 0 2.59873e-17 0 3.7216e-17 0 4.31002e-17 0 4.68624e-17 0 4.96906e-17 0 5.19895e-17 0 5.96234e-17 0 6.81064e-17 0 7.34835e-17 0 7.74585e-17 0 8.06698e-17 0 8.33646e-17 0 8.56872e-17 0 8.77409e-17 0 8.95876e-17 0 9.12688e-17 0 9.2805e-17 0 9.42169e-17 0 9.5546e-17 0 9.67714e-17 0 9.79139e-17 0 9.90357e-17 0 1.00075e-16 0 1.0103e-16 0 1.01986e-16 0 1.0288e-16 0 1.03732e-16 0 1.04564e-16 0 1.05354e-16 0 1.06123e-16 0 1.0685e-16 0 1.07557e-16 0 1.08264e-16 0 1.0893e-16 0 1.09574e-16 0 1.10198e-16 0 1.10801e-16 0 1.11405e-16 0 1.11966e-16 0 1.12549e-16 0 1.13089e-16 0 1.1363e-16 0 1.14171e-16 0 1.1467e-16 0 1.1517e-16 0 1.15669e-16 0 1.16127e-16 0 1.16585e-16 0 1.17063e-16 0 1.175e-16 0 1.17958e-16 0 1.18374e-16 0 1.18832e-16 0 1.19248e-16 0 1.19643e-16 0 1.20039e-16 0 1.20455e-16 0 1.2083e-16 0 1.21204e-16 0 1.21579e-16 0 1.21954e-16 0 1.22328e-16 0 1.22703e-16 0 1.23036e-16 0 1.23411e-16 0 1.23744e-16 0
1837.33 3.72197e-16 3.72197e-16 3.38843e-24 9.10387e-09 -1.05445e-05 5.68041e-18 0 1.11367e-17 0 1.96417e-17 0 2.79812e-17 0 3.23466e-17 0 3.51366e-17 0 3.72335e-17 0 3.89377e-17 0 4.45954e-17 0 5.08806e-17 0 5.48638e-17 0 5.78081e-17 0 6.01866e-17 0 6.21824e-17 0 6.39024e-17 0 6.54233e-17 0 6.67909e-17 0 6.80359e-17 0 6.91735e-17 0 7.0219e-17 0 7.12031e-17 0 7.21105e-17 0 7.29565e-17 0 7.37872e-17 0 7.45564e-17 0 7.52641e-17 0 7.5972e-17 0 7.66337e-17 0 7.72646e-17 0 7.78803e-17 0 7.84651e-17 0 7.90347e-17 0 7.95734e-17 0 8.00969e-17 0 8.06203e-17 0 8.1113e-17 0 8.15903e-17 0 8.20522e-17 0 8.24987e-17 0 8.29453e-17 0 8.33611e-17 0 8.37923e-17 0 8.41927e-17 0 8.45931e-17 0 8.49936e-17 0 8.53632e-17 0 8.57329e-17 0 8.61026e-17 0 8.64414e-17 0 8.67803e-17 0 8.71346e-17 0 8.74581e-17 0 8.7797e-17 0 8.81052e-17 0 8.84441e-17 0 8.87522e-17 0 8.90449e-17 0 8.93377e-17 0 8.96458e-17 0 8.99232e-17 0 9.02005e-17 0 9.04779e-17 0 9.07552e-17 0 9.10326e-17 0 9.131e-17 0 9.15565e-17 0 9.18339e-17 0 9.20805e-17 0
1931.64 3.36128e-16 3.36128e-16 2.77419e-24 8.25338e-09 -9.56963e-06 4.40181e-18 0 8.48681e-18 0 1.48123e-17 0 2.09971e-17 0 2.42313e-17 0 2.62976e-17 0 2.78503e-17 0 2.9112e-17 0 3.32999e-17 0 3.79511e-17 0 4.08982e-17 0 4.30764e-17 0 4.48359e-17 0 4.63123e-17 0 4.75847e-17 0 4.87097e-17 0 4.97212e-17 0 5.06421e-17 0 5.14835e-17 0 5.22568e-17 0 5.29847e-17 0 5.36558e-17 0 5.42815e-17 0 5.48959e-17 0 5.54648e-17 0 5.59882e-17 0 5.65117e-17 0 5.70011e-17 0 5.74677e-17 0 5.7923e-17 0 5.83556e-17 0 5.87768e-17 0 5.91752e-17 0 5.95623e-17 0 5.99494e-17 0 6.03138e-17 0 6.06667e-17 0 6.10083e-17 0 6.13386e-17 0 6.16688e-17 0 6.19763e-17 0 6.22952e-17 0 6.25913e-17 0 6.28874e-17 0 6.31836e-17 0 6.34569e-17 0 6.37303e-17 0 6.40037e-17 0 6.42543e-17 0 6.45049e-17 0 6.47669e-17 0 6.50061e-17 0 6.52567e-17 0 6.54846e-17 0 6.57352e-17 0 6.59631e-17 0 6.61796e-17 0 6.6396e-17 0 6.66239e-17 0 6.6829e-17 0 6.70341e-17 0 6.72392e-17 0 6.74443e-17 0 6.76494e-17 0 6.78545e-17 0 6.80368e-17 0 6.82419e-17 0 6.84243e-17 0
2030.79 3.05314e-16 3.05314e-16 2.27065e-24 7.4371e-09 -8.70096e-06 3.42154e-18 0 6.49401e-18 0 1.1223e-17 0 1.58351e-17 0 1.82446e-17 0 1.97836e-17 0 2.09397e-17 0 2.18791e-17 0 2.49967e-17 0 2.84582e-17 0 3.06512e-17 0 3.22719e-17 0 3.3581e-17 0 3.46794e-17 0 3.5626e-17 0 3.64629e-17 0 3.72154e-17 0 3.79005e-17 0 3.85264e-17 0 3.91016e-17 0 3.96431e-17 0 4.01423e-17 0 4.06077e-17 0 4.10647e-17 0 4.14879e-17 0 4.18773e-17 0 4.22666e-17 0 4.26307e-17 0 4.29778e-17 0 4.33164e-17 0 4.36382e-17 0 4.39515e-17 0 4.42478e-17 0 4.45357e-17 0 4.48237e-17 0 4.50947e-17 0 4.53572e-17 0 4.56113e-17 0 4.58569e-17 0 4.61026e-17 0 4.63313e-17 0 4.65684e-17 0 4.67887e-17 0 4.70089e-17 0 4.72292e-17 0 4.74325e-17 0 4.76358e-17 0 4.78392e-17 0 4.80256e-17 0 4.82119e-17 0 4.84068e-17 0 4.85847e-17 0 4.87712e-17 0 4.89406e-17 0 4.9127e-17 0 4.92965e-17 0 4.94575e-17 0 4.96185e-17 0 4.9788e-17 0 4.99405e-17 0 5.00931e-17 0 5.02456e-17 0 5.03981e-17 0 5.05507e-17 0 5.07032e-17 0 5.08388e-17 0 5.09914e-17 0 5.1127e-17 0
2135.03 2.81553e-16 2.81553e-16 1.85803e-24 6.59924e-09 -7.94035e-06 2.69326e-18 0 5.03689e-18 0 8.62444e-18 0 1.21151e-17 0 1.39372e-17 0 1.51007e-17 0 1.59746e-17 0 1.66846e-17 0 1.90404e-17 0 2.16556e-17 0 2.33122e-17 0 2.45364e-17 0 2.55252e-17 0 2.63547e-17 0 2.70697e-17 0 2.77017e-17 0 2.82701e-17 0 2.87874e-17 0 2.92601e-17 0 2.96945e-17 0 3.01034e-17 0 3.04804e-17 0 3.08319e-17 0 3.1177e-17 0 3.14965e-17 0 3.17906e-17 0 3.20846e-17 0 3.23595e-17 0 3.26216e-17 0 3.28773e-17 0 3.31203e-17 0 3.33568e-17 0 3.35806e-17 0 3.3798e-17 0 3.40155e-17 0 3.42201e-17 0 3.44183e-17 0 3.46102e-17 0 3.47957e-17 0 3.49812e-17 0 3.51538e-17 0 3.53329e-17 0 3.54992e-17 0 3.56655e-17 0 3.58319e-17 0 3.59854e-17 0 3.61389e-17 0 3.62924e-17 0 3.64332e-17 0 3.65739e-17 0 3.67211e-17 0 3.68554e-17 0 3.69962e-17 0 3.71241e-17 0 3.72649e-17 0 3.73928e-17 0 3.75144e-17 0 3.7636e-17 0 3.77639e-17 0 3.78791e-17 0 3.79943e-17 0 3.81095e-17 0 3.82246e-17 0 3.83398e-17 0 3.8455e-17 0 3.85574e-17 0 3.86726e-17 0 3.8775e-17 0
2244.63 2.59431e-16 2.59431e-16 1.52129e-24 5.86394e-09 -7.26258e-06 2.11326e-18 0 3.89776e-18 0 6.61588e-18 0 9.25497e-18 0 1.06316e-17 0 1.15103e-17 0 1.21703e-17 0 1.27064e-17 0 1.4485e-17 0 1.6459e-17 0 1.77093e-17 0 1.86332e-17 0 1.93794e-17 0 2.00054e-17 0 2.05449e-17 0 2.10218e-17 0 2.14507e-17 0 2.1841e-17 0 2.21977e-17 0 2.25255e-17 0 2.2834e-17 0 2.31185e-17 0 2.33837e-17 0 2.36441e-17 0 2.38852e-17 0 2.4107e-17 0 2.43289e-17 0 2.45363e-17 0 2.4734e-17 0 2.4927e-17 0 2.51103e-17 0 2.52888e-17 0 2.54576e-17 0 2.56216e-17 0 2.57857e-17 0 2.59401e-17 0 2.60896e-17 0 2.62344e-17 0 2.63743e-17 0 2.65143e-17 0 2.66445e-17 0 2.67797e-17 0 2.69051e-17 0 2.70306e-17 0 2.71561e-17 0 2.72719e-17 0 2.73877e-17 0 2.75036e-17 0 2.76097e-17 0 2.77159e-17 0 2.78269e-17 0 2.79283e-17 0 2.80345e-17 0 2.8131e-17 0 2.82372e-17 0 2.83337e-17 0 2.84255e-17 0 2.85172e-17 0 2.86137e-17 0 2.87006e-17 0 2.87875e-17 0 2.88744e-17 0 2.89613e-17 0 2.90482e-17 0 2.91351e-17 0 2.92123e-17 0 2.92992e-17 0 2.93765e-17 0
2359.84 2.3881e-16 2.3881e-16 1.24539e-24 5.215e-09 -6.62602e-06 1.65282e-18 0 3.00904e-18 0 5.06552e-18 0 7.05838e-18 0 8.09721e-18 0 8.76015e-18 0 9.25799e-18 0 9.66237e-18 0 1.10037e-17 0 1.24922e-17 0 1.34348e-17 0 1.41313e-17 0 1.46938e-17 0 1.51658e-17 0 1.55724e-17 0 1.5932e-17 0 1.62552e-17 0 1.65495e-17 0 1.68183e-17 0 1.70654e-17 0 1.7298e-17 0 1.75124e-17 0 1.77122e-17 0 1.79085e-17 0 1.80903e-17 0 1.82575e-17 0 1.84247e-17 0 1.8581e-17 0 1.87301e-17 0 1.88755e-17 0 1.90136e-17 0 1.91482e-17 0 1.92754e-17 0 1.93991e-17 0 1.95227e-17 0 1.96391e-17 0 1.97518e-17 0 1.98609e-17 0 1.99664e-17 0 2.00718e-17 0 2.017e-17 0 2.02719e-17 0 2.03664e-17 0 2.0461e-17 0 2.05556e-17 0 2.06429e-17 0 2.07302e-17 0 2.08175e-17 0 2.08975e-17 0 2.09775e-17 0 2.10612e-17 0 2.11376e-17 0 2.12176e-17 0 2.12904e-17 0 2.13704e-17 0 2.14431e-17 0 2.15123e-17 0 2.15814e-17 0 2.16542e-17 0 2.17196e-17 0 2.17851e-17 0 2.18506e-17 0 2.19161e-17 0 2.19816e-17 0 2.20471e-17 0 2.21053e-17 0 2.21708e-17 0 2.2229e-17 0
2480.97 2.196e-16 2.196e-16 1.01926e-24 4.64143e-09 -6.05432e-06 1.28865e-18 0 2.31747e-18 0 3.87115e-18 0 5.37414e-18 0 6.15713e-18 0 6.6567e-18 0 7.0318e-18 0 7.33647e-18 0 8.34691e-18 0 9.46801e-18 0 1.01779e-17 0 1.07024e-17 0 1.1126e-17 0 1.14814e-17 0 1.17876e-17 0 1.20584e-17 0 1.23018e-17 0 1.25233e-17 0 1.27258e-17 0 1.29118e-17 0 1.30869e-17 0 1.32483e-17 0 1.33988e-17 0 1.35466e-17 0 1.36834e-17 0 1.38093e-17 0 1.39352e-17 0 1.40529e-17 0 1.41652e-17 0 1.42747e-17 0 1.43787e-17 0 1.448e-17 0 1.45758e-17 0 1.46689e-17 0 1.4762e-17 0 1.48496e-17 0 1.49344e-17 0 1.50166e-17 0 1.5096e-17 0 1.51754e-17 0 1.52493e-17 0 1.5326e-17 0 1.53972e-17 0 1.54684e-17 0 1.55396e-17 0 1.56053e-17 0 1.5671e-17 0 1.57368e-17 0 1.5797e-17 0 1.58573e-17 0 1.59202e-17 0 1.59778e-17 0 1.6038e-17 0 1.60928e-17 0 1.6153e-17 0 1.62078e-17 0 1.62599e-17 0 1.63119e-17 0 1.63667e-17 0 1.6416e-17 0 1.64653e-17 0 1.65146e-17 0 1.65639e-17 0 1.66132e-17 0 1.66625e-17 0 1.67063e-17 0 1.67556e-17 0 1.67995e-17 0
2608.32 2.01726e-16 2.01726e-16 8.34134e-25 4.13498e-09 -5.53526e-06 1.00171e-18 0 1.78079e-18 0 2.95298e-18 0 4.08513e-18 0 4.67461e-18 0 5.05064e-18 0 5.33295e-18 0 5.56223e-18 0 6.32256e-18 0 7.16604e-18 0 7.70011e-18 0 8.09468e-18 0 8.41332e-18 0 8.68063e-18 0 8.91098e-18 0 9.11461e-18 0 9.2977e-18 0 9.46435e-18 0 9.61661e-18 0 9.75654e-18 0 9.88824e-18 0 1.00097e-17 0 1.01229e-17 0 1.0234e-17 0 1.03369e-17 0 1.04316e-17 0 1.05263e-17 0 1.06148e-17 0 1.06992e-17 0 1.07816e-17 0 1.08598e-17 0 1.0936e-17 0 1.10081e-17 0 1.10781e-17 0 1.11481e-17 0 1.1214e-17 0 1.12778e-17 0 1.13396e-17 0 1.13993e-17 0 1.1459e-17 0 1.15146e-17 0 1.15723e-17 0 1.16259e-17 0 1.16794e-17 0 1.17329e-17 0 1.17824e-17 0 1.18318e-17 0 1.18812e-17 0 1.19266e-17 0 1.19719e-17 0 1.20192e-17 0 1.20625e-17 0 1.21078e-17 0 1.2149e-17 0 1.21943e-17 0 1.22355e-17 0 1.22747e-17 0 1.23138e-17 0 1.2355e-17 0 1.23921e-17 0 1.24291e-17 0 1.24662e-17 0 1.25033e-17 0 1.25404e-17 0 1.25775e-17 0 1.26104e-17 0 1.26475e-17 0 1.26805e-17 0
2742.21 1.85136e-16 1.85136e-16 6.82982e-25 3.68909e-09 -5.05989e-06 7.76492e-19 0 1.36553e-18 0 2.24878e-18 0 3.10067e-18 0 3.54399e-18 0 3.82674e-18 0 4.03899e-18 0 4.21137e-18 0 4.78293e-18 0 5.41691e-18 0 5.81829e-18 0 6.11483e-18 0 6.35429e-18 0 6.55517e-18 0 6.72826e-18 0 6.88129e-18 0 7.01887e-18 0 7.1441e-18 0 7.25851e-18 0 7.36366e-18 0 7.46263e-18 0 7.55387e-18 0 7.63893e-18 0 7.72245e-18 0 7.79978e-18 0 7.87093e-18 0 7.94208e-18 0 8.0086e-18 0 8.07202e-18 0 8.1339e-18 0 8.19269e-18 0 8.24993e-18 0 8.30408e-18 0 8.35668e-18 0 8.40929e-18 0 8.4588e-18 0 8.50676e-18 0 8.55318e-18 0 8.59805e-18 0 8.64292e-18 0 8.6847e-18 0 8.72803e-18 0 8.76826e-18 0 8.8085e-18 0 8.84873e-18 0 8.88587e-18 0 8.92301e-18 0 8.96015e-18 0 8.9942e-18 0 9.02825e-18 0 9.06384e-18 0 9.09634e-18 0 9.13039e-18 0 9.16134e-18 0 9.19539e-18 0 9.22634e-18 0 9.25575e-18 0 9.28516e-18 0 9.31611e-18 0 9.34397e-18 0 9.37183e-18 0 9.39969e-18 0 9.42755e-18 0 9.45541e-18 0 9.48327e-18 0 9.50804e-18 0 9.5359e-18 0 9.56066e-18 0
2882.97 1.6972e-16 1.6972e-16 5.5907e-25 3.29408e-09 -4.62594e-06 6.00197e-19 0 1.04478e-18 0 1.7094e-18 0 2.34958e-18 0 2.68258e-18 0 2.89492e-18 0 3.05432e-18 0 3.18376e-18 0 3.61291e-18 0 4.08887e-18 0 4.39019e-18 0 4.61278e-18 0 4.79253e-18 0 4.94332e-18 0 5.07325e-18 0 5.18811e-18 0 5.29138e-18 0 5.38537e-18 0 5.47125e-18 0 5.55017e-18 0 5.62445e-18 0 5.69294e-18 0 5.75678e-18 0 5.81946e-18 0 5.87751e-18 0 5.93091e-18 0 5.98432e-18 0 6.03424e-18 0 6.08184e-18 0 6.12828e-18 0 6.17241e-18 0 6.21537e-18 0 6.25601e-18 0 6.29549e-18 0 6.33497e-18 0 6.37213e-18 0 6.40813e-18 0 6.44297e-18 0 6.47665e-18 0 6.51032e-18 0 6.54168e-18 0 6.5742e-18 0 6.60439e-18 0 6.63459e-18 0 6.66479e-18 0 6.69266e-18 0 6.72054e-18 0 6.74841e-18 0 6.77396e-18 0 6.79952e-18 0 6.82623e-18 0 6.85062e-18 0 6.87617e-18 0 6.89941e-18 0 6.92496e-18 0 6.94819e-18 0 6.97026e-18 0 6.99233e-18 0 7.01556e-18 0 7.03647e-18 0 7.05738e-18 0 7.07829e-18 0 7.0992e-18 0 7.12011e-18 0 7.14102e-18 0 7.1596e-18 0 7.18051e-18 0 7.1991e-18 0
3030.95 1.5541e-16 1.5541e-16 4.57516e-25 2.94392e-09 -4.22418e-06 4.6264e-19 0 7.97625e-19 0 1.29702e-18 0 1.77749e-18 0 2.02732e-18 0 2.1866e-18 0 2.30615e-18 0 2.40323e-18 0 2.72507e-18 0 3.08197e-18 0 3.3079e-18 0 3.4748e-18 0 3.60957e-18 0 3.72262e-18 0 3.82003e-18 0 3.90614e-18 0 3.98357e-18 0 4.05404e-18 0 4.11842e-18 0 4.17759e-18 0 4.23328e-18 0 4.28462e-18 0 4.33248e-18 0 4.37947e-18 0 4.42299e-18 0 4.46302e-18 0 4.50306e-18 0 4.54049e-18 0 4.57617e-18 0 4.61099e-18 0 4.64407e-18 0 4.67627e-18 0 4.70674e-18 0 4.73634e-18 0 4.76593e-18 0 4.79379e-18 0 4.82078e-18 0 4.8469e-18 0 4.87214e-18 0 4.89739e-18 0 4.9209e-18 0 4.94527e-18 0 4.96791e-18 0 4.99055e-18 0 5.01318e-18 0 5.03408e-18 0 5.05498e-18 0 5.07587e-18 0 5.09503e-18 0 5.11418e-18 0 5.13421e-18 0 5.15249e-18 0 5.17165e-18 0 5.18906e-18 0 5.20822e-18 0 5.22564e-18 0 5.24218e-18 0 5.25873e-18 0 5.27614e-18 0 5.29181e-18 0 5.30749e-18 0 5.32316e-18 0 5.33884e-18 0 5.35451e-18 0 5.37019e-18 0 5.38412e-18 0 5.39979e-18 0 5.41373e-18 0
3186.53 1.42159e-16 1.42159e-16 3.74507e-25 2.63443e-09 -3.85954e-06 3.5569e-19 0 6.07709e-19 0 9.82479e-19 0 1.34266e-18 0 1.52987e-18 0 1.64922e-18 0 1.73879e-18 0 1.81152e-18 0 2.05262e-18 0 2.31995e-18 0 2.48917e-18 0 2.61418e-18 0 2.71511e-18 0 2.79978e-18 0 2.87273e-18 0 2.93723e-18 0 2.99521e-18 0 3.04799e-18 0 3.0962e-18 0 3.14051e-18 0 3.18222e-18 0 3.22067e-18 0 3.25651e-18 0 3.29171e-18 0 3.3243e-18 0 3.35428e-18 0 3.38426e-18 0 3.41229e-18 0 3.43901e-18 0 3.46509e-18 0 3.48986e-18 0 3.51398e-18 0 3.53679e-18 0 3.55896e-18 0 3.58112e-18 0 3.60198e-18 0 3.62219e-18 0 3.64175e-18 0 3.66066e-18 0 3.67956e-18 0 3.69717e-18 0 3.71542e-18 0 3.73237e-18 0 3.74933e-18 0 3.76628e-18 0 3.78193e-18 0 3.79757e-18 0 3.81322e-18 0 3.82757e-18 0 3.84191e-18 0 3.85691e-18 0 3.8706e-18 0 3.88495e-18 0 3.89799e-18 0 3.91233e-18 0 3.92537e-18 0 3.93776e-18 0 3.95015e-18 0 3.96319e-18 0 3.97493e-18 0 3.98667e-18 0 3.99841e-18 0 4.01014e-18 0 4.02188e-18 0 4.03362e-18 0 4.04405e-18 0 4.05579e-18 0 4.06623e-18 0
3350.09 1.29897e-16 1.29897e-16 3.06616e-25 2.36045e-09 -3.53541e-06 2.72773e-19 0 4.62086e-19 0 7.42967e-19 0 1.01266e-18 0 1.15279e-18 0 1.24211e-18 0 1.30914e-18 0 1.36356e-18 0 1.54397e-18 0 1.744e-18 0 1.8706e-18 0 1.96412e-18 0 2.03963e-18 0 2.10298e-18 0 2.15755e-18 0 2.2058e-18 0 2.24918e-18 0 2.28866e-18 0 2.32473e-18 0 2.35788e-18 0 2.38908e-18 0 2.41784e-18 0 2.44465e-18 0 2.47098e-18 0 2.49536e-18 0 2.51779e-18 0 2.54022e-18 0 2.56118e-18 0 2.58118e-18 0 2.60068e-18 0 2.61921e-18 0 2.63725e-18 0 2.65432e-18 0 2.6709e-18 0 2.68748e-18 0 2.70309e-18 0 2.7182e-18 0 2.73284e-18 0 2.74698e-18 0 2.76112e-18 0 2.77429e-18 0 2.78794e-18 0 2.80063e-18 0 2.81331e-18 0 2.82599e-18 0 2.83769e-18 0 2.8494e-18 0 2.8611e-18 0 2.87183e-18 0 2.88256e-18 0 2.89378e-18 0 2.90403e-18 0 2.91476e-18 0 2.92451e-18 0 2.93524e-18 0 2.945e-18 0 2.95426e-18 0 2.96353e-18 0 2.97329e-18 0 2.98207e-18 0 2.99085e-18 0 2.99963e-18 0 3.00841e-18 0 3.01719e-18 0 3.02597e-18 0 3.03377e-18 0 3.04255e-18 0 3.05036e-18 0
3522.05 1.18552e-16 1.18552e-16 2.50965e-25 2.11692e-09 -3.23018e-06 2.08653e-19 0 3.50634e-19 0 5.60856e-19 0 7.62529e-19 0 8.67283e-19 0 9.34048e-19 0 9.8415e-19 0 1.02483e-18 0 1.15966e-18 0 1.30913e-18 0 1.40374e-18 0 1.47362e-18 0 1.53005e-18 0 1.57738e-18 0 1.61816e-18 0 1.65421e-18 0 1.68662e-18 0 1.71612e-18 0 1.74307e-18 0 1.76784e-18 0 1.79115e-18 0 1.81264e-18 0 1.83268e-18 0 1.85235e-18 0 1.87056e-18 0 1.88732e-18 0 1.90408e-18 0 1.91974e-18 0 1.93468e-18 0 1.94925e-18 0 1.9631e-18 0 1.97658e-18 0 1.98933e-18 0 2.00172e-18 0 2.01411e-18 0 2.02577e-18 0 2.03706e-18 0 2.04799e-18 0 2.05856e-18 0 2.06913e-18 0 2.07896e-18 0 2.08917e-18 0 2.09864e-18 0 2.10812e-18 0 2.11759e-18 0 2.12634e-18 0 2.13508e-18 0 2.14383e-18 0 2.15184e-18 0 2.15986e-18 0 2.16824e-18 0 2.1759e-18 0 2.18391e-18 0 2.1912e-18 0 2.19922e-18 0 2.20651e-18 0 2.21343e-18 0 2.22036e-18 0 2.22765e-18 0 2.2342e-18 0 2.24076e-18 0 2.24732e-18 0 2.25388e-18 0 2.26044e-18 0 2.26701e-18 0 2.27284e-18 0 2.2794e-18 0 2.28523e-18 0
3702.84 1.08066e-16 1.08066e-16 2.05359e-25 1.90031e-09 -2.94117e-06 1.59206e-19 0 2.6552e-19 0 4.2264e-19 0 5.7325e-19 0 6.5146e-19 0 7.01302e-19 0 7.38702e-19 0 7.69067e-19 0 8.69705e-19 0 9.81269e-19 0 1.05188e-18 0 1.10403e-18 0 1.14614e-18 0 1.18146e-18 0 1.2119e-18 0 1.2388e-18 0 1.26299e-18 0 1.285e-18 0 1.30511e-18 0 1.3236e-18 0 1.34099e-18 0 1.35703e-18 0 1.37198e-18 0 1.38666e-18 0 1.40025e-18 0 1.41276e-18 0 1.42527e-18 0 1.43696e-18 0 1.4481e-18 0 1.45898e-18 0 1.46931e-18 0 1.47937e-18 0 1.48888e-18 0 1.49813e-18 0 1.50737e-18 0 1.51607e-18 0 1.5245e-18 0 1.53266e-18 0 1.54055e-18 0 1.54843e-18 0 1.55577e-18 0 1.56339e-18 0 1.57046e-18 0 1.57753e-18 0 1.5846e-18 0 1.59112e-18 0 1.59765e-18 0 1.60418e-18 0 1.61016e-18 0 1.61614e-18 0 1.62239e-18 0 1.62811e-18 0 1.63409e-18 0 1.63953e-18 0 1.64551e-18 0 1.65095e-18 0 1.65612e-18 0 1.66128e-18 0 1.66672e-18 0 1.67162e-18 0 1.67651e-18 0 1.68141e-18 0 1.6863e-18 0 1.6912e-18 0 1.69609e-18 0 1.70044e-18 0 1.70534e-18 0 1.70969e-18 0
3892.91 9.84078e-17 9.84078e-17 1.68141e-25 1.70862e-09 -2.70335e-06 1.21207e-19 0 2.00708e-19 0 3.18001e-19 0 4.30355e-19 0 4.88684e-19 0 5.25853e-19 0 5.53742e-19 0 5.76384e-19 0 6.51423e-19 0 7.34605e-19 0 7.87247e-19 0 8.26129e-19 0 8.57523e-19 0 8.83856e-19 0 9.06545e-19 0 9.26602e-19 0 9.44634e-19 0 9.61046e-19 0 9.7604e-19 0 9.89819e-19 0 1.00279e-18 0 1.01474e-18 0 1.02589e-18 0 1.03683e-18 0 1.04697e-18 0 1.05629e-18 0 1.06561e-18 0 1.07433e-18 0 1.08264e-18 0 1.09074e-18 0 1.09844e-18 0 1.10594e-18 0 1.11304e-18 0 1.11993e-18 0 1.12682e-18 0 1.13331e-18 0 1.13959e-18 0 1.14567e-18 0 1.15155e-18 0 1.15743e-18 0 1.1629e-18 0 1.16858e-18 0 1.17385e-18 0 1.17912e-18 0 1.18439e-18 0 1.18925e-18 0 1.19412e-18 0 1.19898e-18 0 1.20344e-18 0 1.2079e-18 0 1.21256e-18 0 1.21682e-18 0 1.22128e-18 0 1.22534e-18 0 1.2298e-18 0 1.23385e-18 0 1.2377e-18 0 1.24155e-18 0 1.24561e-18 0 1.24926e-18 0 1.25291e-18 0 1.25656e-18 0 1.2602e-18 0 1.26385e-18 0 1.2675e-18 0 1.27075e-18 0 1.2744e-18 0 1.27764e-18 0
4092.73 8.95048e-17 8.95048e-17 1.37648e-25 1.53788e-09 -2.47808e-06 9.20617e-20 0 1.51421e-19 0 2.38865e-19 0 3.22572e-19 0 3.66019e-19 0 3.93703e-19 0 4.14474e-19 0 4.31337e-19 0 4.87219e-19 0 5.49162e-19 0 5.88361e-19 0 6.17314e-19 0 6.4069e-19 0 6.60298e-19 0 6.77193e-19 0 6.92127e-19 0 7.05553e-19 0 7.17773e-19 0 7.28938e-19 0 7.39197e-19 0 7.48854e-19 0 7.57756e-19 0 7.66055e-19 0 7.74203e-19 0 7.81747e-19 0 7.88689e-19 0 7.9563e-19 0 8.02119e-19 0 8.08306e-19 0 8.14342e-19 0 8.20077e-19 0 8.2566e-19 0 8.30942e-19 0 8.36073e-19 0 8.41204e-19 0 8.46034e-19 0 8.50712e-19 0 8.5524e-19 0 8.59617e-19 0 8.63993e-19 0 8.68068e-19 0 8.72294e-19 0 8.76218e-19 0 8.80142e-19 0 8.84067e-19 0 8.87689e-19 0 8.91311e-19 0 8.94934e-19 0 8.98254e-19 0 9.01575e-19 0 9.05046e-19 0 9.08216e-19 0 9.11536e-19 0 9.14555e-19 0 9.17875e-19 0 9.20894e-19 0 9.23762e-19 0 9.2663e-19 0 9.29649e-19 0 9.32366e-19 0 9.35083e-19 0 9.378e-19 0 9.40517e-19 0 9.43234e-19 0 9.45951e-19 0 9.48366e-19 0 9.51083e-19 0 9.53498e-19 0
4302.81 8.13057e-17 8.13057e-17 1.12654e-25 1.38556e-09 -2.23544e-06 6.97627e-20 0 1.14016e-19 0 1.79117e-19 0 2.414e-19 0 2.73721e-19 0 2.94313e-19 0 3.09763e-19 0 3.22305e-19 0 3.63869e-19 0 4.09937e-19 0 4.3909e-19 0 4.60621e-19 0 4.78006e-19 0 4.92588e-19 0 5.05151e-19 0 5.16257e-19 0 5.26242e-19 0 5.35329e-19 0 5.43632e-19 0 5.51261e-19 0 5.58442e-19 0 5.65062e-19 0 5.71234e-19 0 5.77293e-19 0 5.82904e-19 0 5.88065e-19 0 5.93227e-19 0 5.98053e-19 0 6.02653e-19 0 6.07142e-19 0 6.11407e-19 0 6.15559e-19 0 6.19487e-19 0 6.23302e-19 0 6.27118e-19 0 6.30709e-19 0 6.34188e-19 0 6.37555e-19 0 6.4081e-19 0 6.44064e-19 0 6.47095e-19 0 6.50237e-19 0 6.53155e-19 0 6.56073e-19 0 6.58991e-19 0 6.61685e-19 0 6.64378e-19 0 6.67072e-19 0 6.69541e-19 0 6.72011e-19 0 6.74592e-19 0 6.76949e-19 0 6.79418e-19 0 6.81663e-19 0 6.84132e-19 0 6.86377e-19 0 6.8851e-19 0 6.90642e-19 0 6.92887e-19 0 6.94908e-19 0 6.96928e-19 0 6.98948e-19 0 7.00969e-19 0 7.02989e-19 0 7.05009e-19 0 7.06805e-19 0 7.08826e-19 0 7.10622e-19 0
4523.68 7.37692e-17 7.37692e-17 9.21941e-26 1.24976e-09 -2.03594e-06 5.2748e-20 0 8.56923e-20 0 1.34095e-19 0 1.80379e-19 0 2.04392e-19 0 2.19691e-19 0 2.31168e-19 0 2.40486e-19 0 2.71362e-19 0 3.05582e-19 0 3.27236e-19 0 3.4323e-19 0 3.56142e-19 0 3.66973e-19 0 3.76305e-19 0 3.84554e-19 0 3.9197e-19 0 3.9872e-19 0 4.04887e-19 0 4.10553e-19 0 4.15887e-19 0 4.20804e-19 0 4.25388e-19 0 4.29888e-19 0 4.34055e-19 0 4.37889e-19 0 4.41723e-19 0 4.45307e-19 0 4.48724e-19 0 4.52058e-19 0 4.55226e-19 0 4.5831e-19 0 4.61227e-19 0 4.64061e-19 0 4.66895e-19 0 4.69562e-19 0 4.72146e-19 0 4.74647e-19 0 4.77064e-19 0 4.79482e-19 0 4.81732e-19 0 4.84066e-19 0 4.86234e-19 0 4.88401e-19 0 4.90568e-19 0 4.92569e-19 0 4.94569e-19 0 4.9657e-19 0 4.98404e-19 0 5.00238e-19 0 5.02155e-19 0 5.03906e-19 0 5.0574e-19 0 5.07407e-19 0 5.09241e-19 0 5.10908e-19 0 5.12492e-19 0 5.14076e-19 0 5.15743e-19 0 5.17244e-19 0 5.18745e-19 0 5.20245e-19 0 5.21746e-19 0 5.23246e-19 0 5.24747e-19 0 5.26081e-19 0 5.27581e-19 0 5.28915e-19 0
4755.88 6.68606e-17 6.68606e-17 7.5488e-26 1.12904e-09 -1.88965e-06 3.98029e-20 0 6.42967e-20 0 1.00243e-19 0 1.34599e-19 0 1.5242e-19 0 1.63774e-19 0 1.72291e-19 0 1.79206e-19 0 2.02117e-19 0 2.27509e-19 0 2.43577e-19 0 2.55444e-19 0 2.65025e-19 0 2.73061e-19 0 2.79985e-19 0 2.86105e-19 0 2.91608e-19 0 2.96616e-19 0 3.01191e-19 0 3.05396e-19 0 3.09353e-19 0 3.13001e-19 0 3.16402e-19 0 3.19741e-19 0 3.22833e-19 0 3.25678e-19 0 3.28522e-19 0 3.31181e-19 0 3.33717e-19 0 3.3619e-19 0 3.3854e-19 0 3.40829e-19 0 3.42993e-19 0 3.45096e-19 0 3.47198e-19 0 3.49177e-19 0 3.51095e-19 0 3.5295e-19 0 3.54743e-19 0 3.56537e-19 0 3.58207e-19 0 3.59938e-19 0 3.61546e-19 0 3.63154e-19 0 3.64762e-19 0 3.66247e-19 0 3.67731e-19 0 3.69216e-19 0 3.70576e-19 0 3.71937e-19 0 3.73359e-19 0 3.74658e-19 0 3.76019e-19 0 3.77256e-19 0 3.78617e-19 0 3.79854e-19 0 3.81029e-19 0 3.82204e-19 0 3.83441e-19 0 3.84554e-19 0 3.85668e-19 0 3.86781e-19 0 3.87894e-19 0 3.89008e-19 0 3.90121e-19 0 3.9111e-19 0 3.92224e-19 0 3.93213e-19 0
5000 6.05223e-17 6.05223e-17 6.17917e-26 1.02097e-09 -1.72126e-06 2.99697e-20 0 4.81538e-20 0 7.48126e-20 0 1.00281e-19 0 1.1349e-19 0 1.21905e-19 0 1.28218e-19 0 1.33342e-19 0 1.50321e-19 0 1.69139e-19 0 1.81045e-19 0 1.89839e-19 0 1.96939e-19 0 2.02894e-19 0 2.08025e-19 0 2.1256e-19 0 2.16638e-19 0 2.20349e-19 0 2.23739e-19 0 2.26855e-19 0 2.29787e-19 0 2.32491e-19 0 2.35011e-19 0 2.37485e-19 0 2.39776e-19 0 2.41884e-19 0 2.43992e-19 0 2.45962e-19 0 2.47841e-19 0 2.49674e-19 0 2.51415e-19 0 2.53111e-19 0 2.54715e-19 0 2.56273e-19 0 2.57831e-19 0 2.59297e-19 0 2.60718e-19 0 2.62093e-19 0 2.63422e-19 0 2.64751e-19 0 2.65988e-19 0 2.67271e-19 0 2.68463e-19 0 2.69654e-19 0 2.70846e-19 0 2.71945e-19 0 2.73045e-19 0 2.74145e-19 0 2.75153e-19 0 2.76162e-19 0 2.77216e-19 0 2.78178e-19 0 2.79186e-19 0 2.80103e-19 0 2.81111e-19 0 2.82028e-19 0 2.82899e-19 0 2.8377e-19 0 2.84686e-19 0 2.85511e-19 0 2.86336e-19 0 2.87161e-19 0 2.87986e-19 0 2.88811e-19 0 2.89636e-19 0 2.90369e-19 0 2.91194e-19 0 2.91927e-19 0
