# 0.00014125 1 144 : grain size, compostion index, size index
# Heating and cooling timescale: 1.9216e-05 2.31141e+10
# Ratio of heating to cooling to determine stochastic cutoff: 100
# Equilibrium emission is recorded even for those grains in the stochastic regime.
# Emission spectrum was computed for: 
# Type: ISRF
# Scales: 0.0001 0.001 0.01 0.05 0.1 0.15 0.2 0.25 0.5 1 1.5 2 2.5 3 3.5 4 4.5 5 5.5 6 6.5 7 7.5 8 8.5 9 9.5 10 10.5 11 11.5 12 12.5 13 13.5 14 14.5 15 15.5 16 16.5 17 17.5 18 18.5 19 19.5 20 20.5 21 21.5 22 22.5 23 23.5 24 24.5 25 25.5 26 26.5 27 27.5 28 28.5 29 29.5 30
# StochasticallyHeated: 0 0 0 0 0 0 0 0 0 0 0 0 0 0 0 0 0 0 0 0 0 0 0 0 0 0 0 0 0 0 0 0 0 0 0 0 0 0 0 0 0 0 0 0 0 0 0 0 0 0 0 0 0 0 0 0 0 0 0 0 0 0 0 0 0 0 0 0
# Temperature: -1
# Wavelength  CExt  CAbs  CSca  Albedo G EqEm1 StEm1 EqEm2 StEm2 EqEm3 StEm3 EqEm4 StEm4 EqEm5 StEm5 EqEm6 StEm6 EqEm7 StEm7 EqEm8 StEm8 EqEm9 StEm9 EqEm10 StEm10 EqEm11 StEm11 EqEm12 StEm12 EqEm13 StEm13 EqEm14 StEm14 EqEm15 StEm15 EqEm16 StEm16 EqEm17 StEm17 EqEm18 StEm18 EqEm19 StEm19 EqEm20 StEm20 EqEm21 StEm21 EqEm22 StEm22 EqEm23 StEm23 EqEm24 StEm24 EqEm25 StEm25 EqEm26 StEm26 EqEm27 StEm27 EqEm28 StEm28 EqEm29 StEm29 EqEm30 StEm30 EqEm31 StEm31 EqEm32 StEm32 EqEm33 StEm33 EqEm34 StEm34 EqEm35 StEm35 EqEm36 StEm36 EqEm37 StEm37 EqEm38 StEm38 EqEm39 StEm39 EqEm40 StEm40 EqEm41 StEm41 EqEm42 StEm42 EqEm43 StEm43 EqEm44 StEm44 EqEm45 StEm45 EqEm46 StEm46 EqEm47 StEm47 EqEm48 StEm48 EqEm49 StEm49 EqEm50 StEm50 EqEm51 StEm51 EqEm52 StEm52 EqEm53 StEm53 EqEm54 StEm54 EqEm55 StEm55 EqEm56 StEm56 EqEm57 StEm57 EqEm58 StEm58 EqEm59 StEm59 EqEm60 StEm60 EqEm61 StEm61 EqEm62 StEm62 EqEm63 StEm63 EqEm64 StEm64 EqEm65 StEm65 EqEm66 StEm66 EqEm67 StEm67 EqEm68 StEm68
0.05 3.26432e-08 1.45255e-08 1.81177e-08 0.555022 0.214848 0 0 0 0 0 0 0 0 0 0 0 0 0 0 0 0 0 0 0 0 0 0 0 0 0 0 0 0 0 0 0 0 0 0 0 0 0 0 0 0 0 0 0 0 0 0 0 0 0 0 0 0 0 0 0 0 0 0 0 0 0 0 0 0 0 0 0 0 0 0 0 0 0 0 0 0 0 0 0 0 0 0 0 0 0 0 0 0 0 0 0 0 0 0 0 0 0 0 0 0 0 0 0 0 0 0 0 0 0 0 0 0 0 0 0 0 0 0 0 0 0 0 0 0 0 0 0 0 0 0 0 0 0 0 0 0
0.0525665 3.60804e-08 1.6055e-08 2.00254e-08 0.555022 0.23747 0 0 0 0 0 0 0 0 0 0 0 0 0 0 0 0 0 0 0 0 0 0 0 0 0 0 0 0 0 0 0 0 0 0 0 0 0 0 0 0 0 0 0 0 0 0 0 0 0 0 0 0 0 0 0 0 0 0 0 0 0 0 0 0 0 0 0 0 0 0 0 0 0 0 0 0 0 0 0 0 0 0 0 0 0 0 0 0 0 0 0 0 0 0 0 0 0 0 0 0 0 0 0 0 0 0 0 0 0 0 0 0 0 0 0 0 0 0 0 0 0 0 0 0 0 0 0 0 0 0 0 0 0 0 0 0
0.0552647 3.98795e-08 1.77455e-08 2.2134e-08 0.555022 0.262475 0 0 0 0 0 0 0 0 0 0 0 0 0 0 0 0 0 0 0 0 0 0 0 0 0 0 0 0 0 0 0 0 0 0 0 0 0 0 0 0 0 0 0 0 0 0 0 0 0 0 0 0 0 0 0 0 0 0 0 0 0 0 0 0 0 0 0 0 0 0 0 0 0 0 0 0 0 0 0 0 0 0 0 0 0 0 0 0 0 0 0 0 0 0 0 0 0 0 0 0 0 0 0 0 0 0 0 0 0 0 0 0 0 0 0 0 0 0 0 0 0 0 0 0 0 0 0 0 0 0 0 0 0 0 0 0
0.0581015 4.40786e-08 1.9614e-08 2.44646e-08 0.555022 0.290112 0 0 0 0 0 0 0 0 0 0 0 0 0 0 0 0 0 0 0 0 0 0 0 0 0 0 0 0 0 0 0 0 0 0 0 0 0 0 0 0 0 0 0 0 0 0 0 0 0 0 0 0 0 0 0 0 0 0 0 0 0 0 0 0 0 0 0 0 0 0 0 0 0 0 0 0 0 0 0 0 0 0 0 0 0 0 0 0 0 0 0 0 0 0 0 0 0 0 0 0 0 0 0 0 0 0 0 0 0 0 0 0 0 0 0 0 0 0 0 0 0 0 0 0 0 0 0 0 0 0 0 0 0 0 0 0
0.0610839 4.87198e-08 2.16792e-08 2.70406e-08 0.555022 0.32066 0 0 0 0 0 0 0 0 0 0 0 0 0 0 0 0 0 0 0 0 0 0 0 0 0 0 0 0 0 0 0 0 0 0 0 0 0 0 0 0 0 0 0 0 0 0 0 0 0 0 0 0 0 0 0 0 0 0 0 0 0 0 0 0 0 0 0 0 0 0 0 0 0 0 0 0 0 0 0 0 0 0 0 0 0 0 0 0 0 0 0 0 0 0 0 0 0 0 0 0 0 0 0 0 0 0 0 0 0 0 0 0 0 0 0 0 0 0 0 0 0 0 0 0 0 0 0 0 0 0 0 0 0 0 0 0
0.0642193 5.38498e-08 2.3962e-08 2.98879e-08 0.555022 0.354423 0 0 0 0 0 0 0 0 0 0 0 0 0 0 0 0 0 0 0 0 0 0 0 0 0 0 0 0 0 0 0 0 0 0 0 0 0 0 0 0 0 0 0 0 0 0 0 0 0 0 0 0 0 0 0 0 0 0 0 0 0 0 0 0 0 0 0 0 0 0 0 0 0 0 0 0 0 0 0 0 0 0 0 0 0 0 0 0 0 0 0 0 0 0 0 0 0 0 0 0 0 0 0 0 0 0 0 0 0 0 0 0 0 0 0 0 0 0 0 0 0 0 0 0 0 0 0 0 0 0 0 0 0 0 0 0
0.0675157 5.95199e-08 2.6485e-08 3.30349e-08 0.555022 0.391743 0 0 0 0 0 0 0 0 0 0 0 0 0 0 0 0 0 0 0 0 0 0 0 0 0 0 0 0 0 0 0 0 0 0 0 0 0 0 0 0 0 0 0 0 0 0 0 0 0 0 0 0 0 0 0 0 0 0 0 0 0 0 0 0 0 0 0 0 0 0 0 0 0 0 0 0 0 0 0 0 0 0 0 0 0 0 0 0 0 0 0 0 0 0 0 0 0 0 0 0 0 0 0 0 0 0 0 0 0 0 0 0 0 0 0 0 0 0 0 0 0 0 0 0 0 0 0 0 0 0 0 0 0 0 0 0
0.0709813 6.57871e-08 2.92738e-08 3.65133e-08 0.555022 0.432991 0 0 0 0 0 0 0 0 0 0 0 0 0 0 0 0 0 0 0 0 0 0 0 0 0 0 0 0 0 0 0 0 0 0 0 0 0 0 0 0 0 0 0 0 0 0 0 0 0 0 0 0 0 0 0 0 0 0 0 0 0 0 0 0 0 0 0 0 0 0 0 0 0 0 0 0 0 0 0 0 0 0 0 0 0 0 0 0 0 0 0 0 0 0 0 0 0 0 0 0 0 0 0 0 0 0 0 0 0 0 0 0 0 0 0 0 0 0 0 0 0 0 0 0 0 0 0 0 0 0 0 0 0 0 0 0
0.0746248 7.27141e-08 3.23562e-08 4.0358e-08 0.555022 0.478583 0 0 0 0 0 0 0 0 0 0 0 0 0 0 0 0 0 0 0 0 0 0 0 0 0 0 0 0 0 0 0 0 0 0 0 0 0 0 0 0 0 0 0 0 0 0 0 0 0 0 0 0 0 0 0 0 0 0 0 0 0 0 0 0 0 0 0 0 0 0 0 0 0 0 0 0 0 0 0 0 0 0 0 0 0 0 0 0 0 0 0 0 0 0 0 0 0 0 0 0 0 0 0 0 0 0 0 0 0 0 0 0 0 0 0 0 0 0 0 0 0 0 0 0 0 0 0 0 0 0 0 0 0 0 0 0
0.0784553 8.03706e-08 3.57631e-08 4.46075e-08 0.555022 0.528975 0 0 0 0 0 0 0 0 0 0 0 0 0 0 0 0 0 0 0 0 0 0 0 0 0 0 0 0 0 0 0 0 0 0 0 0 0 0 0 0 0 0 0 0 0 0 0 0 0 0 0 0 0 0 0 0 0 0 0 0 0 0 0 0 0 0 0 0 0 0 0 0 0 0 0 0 0 0 0 0 0 0 0 0 0 0 0 0 0 0 0 0 0 0 0 0 0 0 0 0 0 0 0 0 0 0 0 0 0 0 0 0 0 0 0 0 0 0 0 0 0 0 0 0 0 0 0 0 0 0 0 0 0 0 0 0
0.0824824 8.88332e-08 3.95288e-08 4.93044e-08 0.555022 0.584674 0 0 0 0 0 0 0 0 0 0 0 0 0 0 0 0 0 0 0 0 0 0 0 0 0 0 0 0 0 0 0 0 0 0 0 0 0 0 0 0 0 0 0 0 0 0 0 0 0 0 0 0 0 0 0 0 0 0 0 0 0 0 0 0 0 0 0 0 0 0 0 0 0 0 0 0 0 0 0 0 0 0 0 0 0 0 0 0 0 0 0 0 0 0 0 0 0 0 0 0 0 0 0 0 0 0 0 0 0 0 0 0 0 0 0 0 0 0 0 0 0 0 0 0 0 0 0 0 0 0 0 0 0 0 0 0
0.0867162 9.8187e-08 4.3691e-08 5.4496e-08 0.555022 0.646238 0 0 0 0 0 0 0 0 0 0 0 0 0 0 0 0 0 0 0 0 0 0 0 0 0 0 0 0 0 0 0 0 0 0 0 0 0 0 0 0 0 0 0 0 0 0 0 0 0 0 0 0 0 0 0 0 0 0 0 0 0 0 0 0 0 0 0 0 0 0 0 0 0 0 0 0 0 0 0 0 0 0 0 0 0 0 0 0 0 0 0 0 0 0 0 0 0 0 0 0 0 0 0 0 0 0 0 0 0 0 0 0 0 0 0 0 0 0 0 0 0 0 0 0 0 0 0 0 0 0 0 0 0 0 0 0
0.0911674 1.08526e-07 4.82915e-08 6.02341e-08 0.555022 0.714283 0 0 0 0 0 0 0 0 0 0 0 0 0 0 0 0 0 0 0 0 0 0 0 0 0 0 0 0 0 0 0 0 0 0 0 0 0 0 0 0 0 0 0 0 0 0 0 0 0 0 0 0 0 0 0 0 0 0 0 0 0 0 0 0 0 0 0 0 0 0 0 0 0 0 0 0 0 0 0 0 0 0 0 0 0 0 0 0 0 0 0 0 0 0 0 0 0 0 0 0 0 0 0 0 0 0 0 0 0 0 0 0 0 0 0 0 0 0 0 0 0 0 0 0 0 0 0 0 0 0 0 0 0 0 0 0
0.095847 1.19953e-07 5.33763e-08 6.65765e-08 0.555022 0.789494 0 0 0 0 0 0 0 0 0 0 0 0 0 0 0 0 0 0 0 0 0 0 0 0 0 0 0 0 0 0 0 0 0 0 0 0 0 0 0 0 0 0 0 0 0 0 0 0 0 0 0 0 0 0 0 0 0 0 0 0 0 0 0 0 0 0 0 0 0 0 0 0 0 0 0 0 0 0 0 0 0 0 0 0 0 0 0 0 0 0 0 0 0 0 0 0 0 0 0 0 0 0 0 0 0 0 0 0 0 0 0 0 0 0 0 0 0 0 0 0 0 0 0 0 0 0 0 0 0 0 0 0 0 0 0 0
0.100767 1.30606e-07 5.81249e-08 7.24811e-08 0.55496 0.859417 0 0 0 0 0 0 0 0 0 0 0 0 0 0 0 0 0 0 0 0 0 0 0 0 0 0 0 0 0 0 0 0 0 0 0 0 0 0 0 0 0 0 0 0 0 0 0 0 0 0 0 0 0 0 0 0 0 0 0 0 0 0 0 0 0 0 0 0 0 0 0 0 0 0 0 0 0 0 0 0 0 0 0 0 0 0 0 0 0 0 0 0 0 0 0 0 0 0 0 0 0 0 0 0 0 0 0 0 0 0 0 0 0 0 0 0 0 0 0 0 0 0 0 0 0 0 0 0 0 0 0 0 0 0 0 0
0.105939 1.30829e-07 5.82855e-08 7.25439e-08 0.554492 0.863087 0 0 0 0 0 0 0 0 0 0 0 0 0 0 0 0 0 0 0 0 0 0 0 0 0 0 0 0 0 0 0 0 0 0 0 0 0 0 0 0 0 0 0 0 0 0 0 0 0 0 0 0 0 0 0 0 0 0 0 0 0 0 0 0 0 0 0 0 0 0 0 0 0 0 0 0 0 0 0 0 0 0 0 0 0 0 0 0 0 0 0 0 0 0 0 0 0 0 0 0 0 0 0 0 0 0 0 0 0 0 0 0 0 0 0 0 0 0 0 0 0 0 0 0 0 0 0 0 0 0 0 0 0 0 0 0
0.111377 1.31053e-07 5.84788e-08 7.25747e-08 0.553779 0.867836 0 0 0 0 0 0 0 0 0 0 0 0 0 0 0 0 0 0 0 0 0 0 0 0 0 0 0 0 0 0 0 0 0 0 0 0 0 0 0 0 0 0 0 0 0 0 0 0 0 0 0 0 0 0 0 0 0 0 0 0 0 0 0 0 0 0 0 0 0 0 0 0 0 0 0 0 0 0 0 0 0 0 0 0 0 0 0 0 0 0 0 0 0 0 0 0 0 0 0 0 0 0 0 0 0 0 0 0 0 0 0 0 0 0 0 0 0 0 0 0 0 0 0 0 0 0 0 0 0 0 0 0 0 0 0 0
0.117094 1.31278e-07 5.8662e-08 7.26157e-08 0.553146 0.870824 0 0 0 0 0 0 0 0 0 0 0 0 0 0 0 0 0 0 0 0 0 0 0 0 0 0 0 0 0 0 0 0 0 0 0 0 0 0 0 0 0 0 0 0 0 0 0 0 0 0 0 0 0 0 0 0 0 0 0 0 0 0 0 0 0 0 0 0 0 0 0 0 0 0 0 0 0 0 0 0 0 0 0 0 0 0 0 0 0 0 0 0 0 0 0 0 0 0 0 0 0 0 0 0 0 0 0 0 0 0 0 0 0 0 0 0 0 0 0 0 0 0 0 0 0 0 0 0 0 0 0 0 0 0 0 0
0.123105 1.31503e-07 5.89146e-08 7.25886e-08 0.551991 0.872647 0 0 0 0 0 0 0 0 0 0 0 0 0 0 0 0 0 0 0 0 0 0 0 0 0 0 0 0 0 0 0 0 0 0 0 0 0 0 0 0 0 0 0 0 0 0 0 0 0 0 0 0 0 0 0 0 0 0 0 0 0 0 0 0 0 0 0 0 0 0 0 0 0 0 0 0 0 0 0 0 0 0 0 0 0 0 0 0 0 0 0 0 0 0 0 0 0 0 0 0 0 0 0 0 0 0 0 0 0 0 0 0 0 0 0 0 0 0 0 0 0 0 0 0 0 0 0 0 0 0 0 0 0 0 0 0
0.129424 1.3172e-07 5.91985e-08 7.25217e-08 0.550574 0.873458 0 0 0 0 0 0 0 0 0 0 0 0 0 0 0 0 0 0 0 0 0 0 0 0 0 0 0 0 0 0 0 0 0 0 0 0 0 0 0 0 0 0 0 0 0 0 0 0 0 0 0 0 0 0 0 0 0 0 0 0 0 0 0 0 0 0 0 0 0 0 0 0 0 0 0 0 0 0 0 0 0 0 0 0 0 0 0 0 0 0 0 0 0 0 0 0 0 0 0 0 0 0 0 0 0 0 0 0 0 0 0 0 0 0 0 0 0 0 0 0 0 0 0 0 0 0 0 0 0 0 0 0 0 0 0 0
0.136067 1.31952e-07 5.94006e-08 7.25518e-08 0.549833 0.873078 0 0 0 0 0 0 0 0 0 0 0 0 0 0 0 0 0 0 0 0 0 0 0 0 0 0 0 0 0 0 0 0 0 0 0 0 0 0 0 0 0 0 0 0 0 0 0 0 0 0 0 0 0 0 0 0 0 0 0 0 0 0 0 0 0 0 0 0 0 0 0 0 0 0 0 0 0 0 0 0 0 0 0 0 0 0 0 0 0 0 0 0 0 0 0 0 0 0 0 0 0 0 0 0 0 0 0 0 0 0 0 0 0 0 0 0 0 0 0 0 0 0 0 0 0 0 0 0 0 0 0 0 0 0 0 0
0.143051 1.32186e-07 5.97251e-08 7.24608e-08 0.548174 0.870706 0 0 0 0 0 0 0 0 0 0 0 0 0 0 0 0 0 0 0 0 0 0 0 0 0 0 0 0 0 0 0 0 0 0 0 0 0 0 0 0 0 0 0 0 0 0 0 0 0 0 0 0 0 0 0 0 0 0 0 0 0 0 0 0 0 0 0 0 0 0 0 0 0 0 0 0 0 0 0 0 0 0 0 0 0 0 0 0 0 0 0 0 0 0 0 0 0 0 0 0 0 0 0 0 0 0 0 0 0 0 0 0 0 0 0 0 0 0 0 0 0 0 0 0 0 0 0 0 0 0 0 0 0 0 0 0
0.150394 1.3244e-07 6.02305e-08 7.22094e-08 0.545224 0.871686 0 0 0 0 0 0 0 0 0 0 0 0 0 0 0 0 0 0 0 0 0 0 0 0 0 0 0 0 0 0 0 0 0 0 0 0 0 0 0 0 0 0 0 0 0 0 0 0 0 0 0 0 0 0 0 0 0 0 0 0 0 0 0 0 0 0 0 0 0 0 0 0 0 0 0 0 0 0 0 0 0 0 0 0 0 0 0 0 0 0 0 0 0 0 0 0 0 0 0 0 0 0 0 0 0 0 0 0 0 0 0 0 0 0 0 0 0 0 0 0 0 0 0 0 0 0 0 0 0 0 0 0 0 0 0 0
0.158114 1.32739e-07 6.08824e-08 7.18563e-08 0.541336 0.877697 0 0 0 0 0 0 0 0 0 0 0 0 0 0 0 0 0 0 0 0 0 0 0 0 0 0 0 0 0 0 0 0 0 0 0 0 0 0 0 0 0 0 0 0 0 0 0 0 0 0 0 0 0 0 0 0 0 0 0 0 0 0 0 0 0 0 0 0 0 0 0 0 0 0 0 0 0 0 0 0 0 0 0 0 0 0 0 0 0 0 0 0 0 0 0 0 0 0 0 0 0 0 0 0 0 0 0 0 0 0 0 0 0 0 0 0 0 0 0 0 0 0 0 0 0 0 0 0 0 0 0 0 0 0 0 0
0.16623 1.33088e-07 6.1572e-08 7.15164e-08 0.53736 0.88513 0 0 0 0 0 0 0 0 0 0 0 0 0 0 0 0 0 0 0 0 0 0 0 0 0 0 0 0 0 0 0 0 0 0 0 0 0 0 0 0 0 0 0 0 0 0 0 0 0 0 0 0 0 0 0 0 0 0 0 0 0 0 0 0 0 0 0 0 0 0 0 0 0 0 0 0 0 0 0 0 0 0 0 0 0 0 0 0 0 0 0 0 0 0 0 0 0 0 0 0 0 0 0 0 0 0 0 0 0 0 0 0 0 0 0 0 0 0 0 0 0 0 0 0 0 0 0 0 0 0 0 0 0 0 0 0
0.174762 1.33446e-07 6.22069e-08 7.12388e-08 0.533841 0.891875 0 0 0 0 0 0 0 0 0 0 0 0 0 0 0 0 0 0 0 0 0 0 0 0 0 0 0 0 0 0 0 0 0 0 0 0 0 0 0 0 0 0 0 0 0 0 0 0 0 0 0 0 0 0 0 0 0 0 0 0 0 0 0 0 0 0 0 0 0 0 0 0 0 0 0 0 0 0 0 0 0 0 0 0 0 0 0 0 0 0 0 0 0 0 0 0 0 0 0 0 0 0 0 0 0 0 0 0 0 0 0 0 0 0 0 0 0 0 0 0 0 0 0 0 0 0 0 0 0 0 0 0 0 0 0 0
0.183733 1.33807e-07 6.24388e-08 7.13678e-08 0.533365 0.89788 0 0 0 0 0 0 0 0 0 0 0 0 0 0 0 0 0 0 0 0 0 0 0 0 0 0 0 0 0 0 0 0 0 0 0 0 0 0 0 0 0 0 0 0 0 0 0 0 0 0 0 0 0 0 0 0 0 0 0 0 0 0 0 0 0 0 0 0 0 0 0 0 0 0 0 0 0 0 0 0 0 0 0 0 0 0 0 0 0 0 0 0 0 0 0 0 0 0 0 0 0 0 0 0 0 0 0 0 0 0 0 0 0 0 0 0 0 0 0 0 0 0 0 0 0 0 0 0 0 0 0 0 0 0 0 0
0.193164 1.34893e-07 6.11039e-08 7.37893e-08 0.54702 0.902934 0 0 0 0 0 0 0 0 0 0 0 0 0 0 0 0 0 0 0 0 0 0 0 0 0 0 0 0 0 0 0 0 0 0 0 0 0 0 0 0 0 0 0 0 0 0 0 0 0 0 0 0 0 0 0 0 0 0 0 0 0 0 0 0 0 0 0 0 0 0 0 0 0 0 0 0 0 0 0 0 0 0 0 0 0 0 0 0 0 0 0 0 0 0 0 0 0 0 0 0 0 0 0 0 0 0 0 0 0 0 0 0 0 0 0 0 0 0 0 0 0 0 0 0 0 0 0 0 0 0 0 0 0 0 0 0
0.203079 1.35089e-07 6.13733e-08 7.37161e-08 0.545684 0.906937 0 0 0 0 0 0 0 0 0 0 0 0 0 0 0 0 0 0 0 0 0 0 0 0 0 0 0 0 0 0 0 0 0 0 0 0 0 0 0 0 0 0 0 0 0 0 0 0 0 0 0 0 0 0 0 0 0 0 0 0 0 0 0 0 0 0 0 0 0 0 0 0 0 0 0 0 0 0 0 0 0 0 0 0 0 0 0 0 0 0 0 0 0 0 0 0 0 0 0 0 0 0 0 0 0 0 0 0 0 0 0 0 0 0 0 0 0 0 0 0 0 0 0 0 0 0 0 0 0 0 0 0 0 0 0 0
0.213503 1.34889e-07 6.21403e-08 7.27486e-08 0.539323 0.909206 0 0 0 0 0 0 0 0 0 0 0 0 0 0 0 0 0 0 0 0 0 0 0 0 0 0 0 0 0 0 0 0 0 0 0 0 0 0 0 0 0 0 0 0 0 0 0 0 0 0 0 0 0 0 0 0 0 0 0 0 0 0 0 0 0 0 0 0 0 0 0 0 0 0 0 0 0 0 0 0 0 0 0 0 0 0 0 0 0 0 0 0 0 0 0 0 0 0 0 0 0 0 0 0 0 0 0 0 0 0 0 0 0 0 0 0 0 0 0 0 0 0 0 0 0 0 0 0 0 0 0 0 0 0 0 0
0.224463 1.34753e-07 6.27005e-08 7.20523e-08 0.5347 0.909635 0 0 0 0 0 0 0 0 0 0 0 0 0 0 0 0 0 0 0 0 0 0 0 0 0 0 0 0 0 0 0 0 0 0 0 0 0 0 0 0 0 0 0 0 0 0 0 0 0 0 0 0 0 0 0 0 0 0 0 0 0 0 0 0 0 0 0 0 0 0 0 0 0 0 0 0 0 0 0 0 0 0 0 0 0 0 0 0 0 0 0 0 0 0 0 0 0 0 0 0 0 0 0 0 0 0 0 0 0 0 0 0 0 0 0 0 0 0 0 0 0 0 0 0 0 0 0 0 0 0 0 0 0 0 0 0
0.235984 1.34666e-07 6.32673e-08 7.13987e-08 0.530191 0.909308 0 0 0 0 0 0 0 0 0 0 0 0 0 0 0 0 0 0 0 0 0 0 0 0 0 0 0 0 0 0 0 0 0 0 0 0 0 0 0 0 0 0 0 0 0 0 0 0 0 0 0 0 0 0 0 0 0 0 0 0 0 0 0 0 0 0 0 0 0 0 0 0 0 0 0 0 0 0 0 0 0 0 0 0 0 0 0 0 0 0 0 0 0 0 0 0 0 0 0 0 0 0 0 0 0 0 0 0 0 0 0 0 0 0 0 0 0 0 0 0 0 0 0 0 0 0 0 0 0 0 0 0 0 0 0 0
0.248097 1.34676e-07 6.3775e-08 7.09008e-08 0.526455 0.911552 0 0 0 0 0 0 0 0 0 0 0 0 0 0 0 0 0 0 0 0 0 0 0 0 0 0 0 0 0 0 0 0 0 0 0 0 0 0 0 0 0 0 0 0 0 0 0 0 0 0 0 0 0 0 0 0 0 0 0 0 0 0 0 0 0 0 0 0 0 0 0 0 0 0 0 0 0 0 0 0 0 0 0 0 0 0 0 0 0 0 0 0 0 0 0 0 0 0 0 0 0 0 0 0 0 0 0 0 0 0 0 0 0 0 0 0 0 0 0 0 0 0 0 0 0 0 0 0 0 0 0 0 0 0 0 0
0.260832 1.34815e-07 6.42235e-08 7.05917e-08 0.523618 0.911897 0 0 0 0 0 0 0 0 0 0 0 0 0 0 0 0 0 0 0 0 0 0 0 0 0 0 0 0 0 0 0 0 0 0 0 0 0 0 0 0 0 0 0 0 0 0 0 0 0 0 0 0 0 0 0 0 0 0 0 0 0 0 0 0 0 0 0 0 0 0 0 0 0 0 0 0 0 0 0 0 0 0 0 0 0 0 0 0 0 0 0 0 0 0 0 0 0 0 0 0 0 0 0 0 0 0 0 0 0 0 0 0 0 0 0 0 0 0 0 0 0 0 0 0 0 0 0 0 0 0 0 0 0 0 0 0
0.274221 1.35041e-07 6.46116e-08 7.04289e-08 0.521539 0.910892 0 0 0 0 0 0 0 0 0 0 0 0 0 0 0 0 0 0 0 0 0 0 0 0 0 0 0 0 0 0 0 0 0 0 0 0 0 0 0 0 0 0 0 0 0 0 0 0 0 0 0 0 0 0 0 0 0 0 0 0 0 0 0 0 0 0 0 0 0 0 0 0 0 0 0 0 0 0 0 0 0 0 0 0 0 0 0 0 0 0 0 0 0 0 0 0 0 0 0 0 0 0 0 0 0 0 0 0 0 0 0 0 0 0 0 0 0 0 0 0 0 0 0 0 0 0 0 0 0 0 0 0 0 0 0 0
0.288297 1.3534e-07 6.49531e-08 7.03864e-08 0.520073 0.910765 0 0 0 0 0 0 0 0 0 0 0 0 0 0 0 0 0 0 0 0 0 0 0 0 0 0 0 0 0 0 0 0 0 0 0 0 0 0 0 0 0 0 0 0 0 0 0 0 0 0 0 0 0 0 0 0 0 0 0 0 0 0 0 0 0 0 0 0 0 0 0 0 0 0 0 0 0 0 0 0 0 0 0 0 0 0 0 0 0 0 0 0 0 0 0 0 0 0 0 0 0 0 0 0 0 0 0 0 0 0 0 0 0 0 0 0 0 0 0 0 0 0 0 0 0 0 0 0 0 0 0 0 0 0 0 0
0.303095 1.35695e-07 6.52676e-08 7.0427e-08 0.519011 0.910378 0 0 0 0 0 0 0 0 0 0 0 0 0 0 0 0 0 0 0 0 0 0 0 0 0 0 0 0 0 0 0 0 0 0 0 0 0 0 0 0 0 0 0 0 0 0 0 0 0 0 0 0 0 0 0 0 0 0 0 0 0 0 0 0 0 0 0 0 0 0 0 0 0 0 0 0 0 0 0 0 0 0 0 0 0 0 0 0 0 0 0 0 0 0 0 0 0 0 0 0 0 0 0 0 0 0 0 0 0 0 0 0 0 0 0 0 0 0 0 0 0 0 0 0 0 0 0 0 0 0 0 0 0 0 0 0
0.318653 1.36099e-07 6.55615e-08 7.05374e-08 0.51828 0.906609 0 0 0 0 0 0 0 0 0 0 0 0 0 0 0 0 0 0 0 0 0 0 0 0 0 0 0 0 0 0 0 0 0 0 0 0 0 0 0 0 0 0 0 0 0 0 0 0 0 0 0 0 0 0 0 0 0 0 0 0 0 0 0 0 0 0 0 0 0 0 0 0 0 0 0 0 0 0 0 0 0 0 0 0 0 0 0 0 0 0 0 0 0 0 0 0 0 0 0 0 0 0 0 0 0 0 0 0 0 0 0 0 0 0 0 0 0 0 0 0 0 0 0 0 0 0 0 0 0 0 0 0 0 0 0 0
0.335009 1.36543e-07 6.58465e-08 7.06968e-08 0.517761 0.907594 0 0 0 0 0 0 0 0 0 0 0 0 0 0 0 0 0 0 0 0 0 0 0 0 0 0 0 0 0 0 0 0 0 0 0 0 0 0 0 0 0 0 0 0 0 0 0 0 0 0 0 0 0 0 0 0 0 0 0 0 0 0 0 0 0 0 0 0 0 0 0 0 0 0 0 0 0 0 0 0 0 0 0 0 0 0 0 0 0 0 0 0 0 0 0 0 0 0 0 0 0 0 0 0 0 0 0 0 0 0 0 0 0 0 0 0 0 0 0 0 0 0 0 0 0 0 0 0 0 0 0 0 0 0 0 0
0.352205 1.37023e-07 6.61288e-08 7.08945e-08 0.51739 0.904762 0 0 0 0 0 0 0 0 0 0 0 0 0 0 0 0 0 0 0 0 0 0 0 0 0 0 0 0 0 0 0 0 0 0 0 0 0 0 0 0 0 0 0 0 0 0 0 0 0 0 0 0 0 0 0 0 0 0 0 0 0 0 0 0 0 0 0 0 0 0 0 0 0 0 0 0 0 0 0 0 0 0 0 0 0 0 0 0 0 0 0 0 0 0 0 0 0 0 0 0 0 0 0 0 0 0 0 0 0 0 0 0 0 0 0 0 0 0 0 0 0 0 0 0 0 0 0 0 0 0 0 0 0 0 0 0
0.370284 1.37536e-07 6.6411e-08 7.11246e-08 0.517136 0.900047 0 0 0 0 0 0 0 0 0 0 0 0 0 0 0 0 0 0 0 0 0 0 0 0 0 0 0 0 0 0 0 0 0 0 0 0 0 0 0 0 0 0 0 0 0 0 0 0 0 0 0 0 0 0 0 0 0 0 0 0 0 0 0 0 0 0 0 0 0 0 0 0 0 0 0 0 0 0 0 0 0 0 0 0 0 0 0 0 0 0 0 0 0 0 0 0 0 0 0 0 0 0 0 0 0 0 0 0 0 0 0 0 0 0 0 0 0 0 0 0 0 0 0 0 0 0 0 0 0 0 0 0 0 0 0 0
0.389291 1.3808e-07 6.66987e-08 7.13814e-08 0.516956 0.90053 0 0 0 0 0 0 0 0 0 0 0 0 0 0 0 0 0 0 0 0 0 0 0 0 0 0 0 0 0 0 0 0 0 0 0 0 0 0 0 0 0 0 0 0 0 0 0 0 0 0 0 0 0 0 0 0 0 0 0 0 0 0 0 0 0 0 0 0 0 0 0 0 0 0 0 0 0 0 0 0 0 0 0 0 0 0 0 0 0 0 0 0 0 0 0 0 0 0 0 0 0 0 0 0 0 0 0 0 0 0 0 0 0 0 0 0 0 0 0 0 0 0 0 0 0 0 0 0 0 0 0 0 0 0 0 0
0.409273 1.38652e-07 6.69933e-08 7.16592e-08 0.516826 0.898999 0 0 0 0 0 0 0 0 0 0 0 0 0 0 0 0 0 0 0 0 0 0 0 0 0 0 0 0 0 0 0 0 0 0 0 0 0 0 0 0 0 0 0 0 0 0 0 0 0 0 0 0 0 0 0 0 0 0 0 0 0 0 0 0 0 0 0 0 0 0 0 0 0 0 0 0 0 0 0 0 0 0 0 0 0 0 0 0 0 0 0 0 0 0 0 0 0 0 0 0 0 0 0 0 0 0 0 0 0 0 0 0 0 0 0 0 0 0 0 0 0 0 0 0 0 0 0 0 0 0 0 0 0 0 0 0
0.430281 1.39258e-07 6.72981e-08 7.19595e-08 0.516737 0.891961 0 0 0 0 0 0 0 0 0 0 0 0 0 0 0 0 0 0 0 0 0 0 0 0 0 0 0 0 0 0 0 0 0 0 0 0 0 0 0 0 0 0 0 0 0 0 0 0 0 0 0 0 0 0 0 0 0 0 0 0 0 0 0 0 0 0 0 0 0 0 0 0 0 0 0 0 0 0 0 0 0 0 0 0 0 0 0 0 0 0 0 0 0 0 0 0 0 0 0 0 0 0 0 0 0 0 0 0 0 0 0 0 0 0 0 0 0 0 0 0 0 0 0 0 0 0 0 0 0 0 0 0 0 0 0 0
0.452368 1.3989e-07 6.76119e-08 7.22778e-08 0.516677 0.884358 0 0 0 0 0 0 0 0 0 0 0 0 0 0 0 0 0 0 0 0 0 0 0 0 0 0 0 0 0 0 0 0 0 0 0 0 0 0 0 0 0 0 0 0 0 0 0 0 0 0 0 0 0 0 0 0 0 0 0 0 0 0 0 0 0 0 0 0 0 0 0 0 0 0 0 0 0 0 0 0 0 0 0 0 0 0 0 0 0 0 0 0 0 0 0 0 0 0 0 0 0 0 0 0 0 0 0 0 0 0 0 0 0 0 0 0 0 0 0 0 0 0 0 0 0 0 0 0 0 0 0 0 0 0 0 0
0.475588 1.40558e-07 6.7941e-08 7.26167e-08 0.516633 0.884006 0 0 0 0 0 0 0 0 0 0 0 0 0 0 0 0 0 0 0 0 0 0 0 0 0 0 0 0 0 0 0 0 0 0 0 0 0 0 0 0 0 0 0 0 0 0 0 0 0 0 0 0 0 0 0 0 0 0 0 0 0 0 0 0 0 0 0 0 0 0 0 0 0 0 0 0 0 0 0 0 0 0 0 0 0 0 0 0 0 0 0 0 0 0 0 0 0 0 0 0 0 0 0 0 0 0 0 0 0 0 0 0 0 0 0 0 0 0 0 0 0 0 0 0 0 0 0 0 0 0 0 0 0 0 0 0
0.5 1.41255e-07 6.82812e-08 7.29733e-08 0.516609 0.885652 0 0 0 0 0 0 0 0 0 0 0 0 0 0 0 0 0 0 0 0 0 0 0 0 0 0 0 0 0 0 0 0 0 0 0 0 0 0 0 0 0 0 0 0 0 0 0 0 0 0 0 0 0 0 0 0 0 0 0 0 0 0 0 0 0 0 0 0 0 0 0 0 0 0 0 0 0 0 0 0 0 0 0 0 0 0 0 0 0 0 0 0 0 0 0 0 0 0 0 0 0 0 0 0 0 0 0 0 0 0 0 0 0 0 0 0 0 0 0 0 0 0 0 0 0 0 0 0 0 0 0 0 0 0 0 0
0.525665 1.41986e-07 6.86356e-08 7.33503e-08 0.516603 0.883302 0 0 0 0 0 0 0 0 0 0 0 0 0 0 0 0 0 0 0 0 0 0 0 0 0 0 0 0 0 0 0 0 0 0 0 0 0 0 0 0 0 0 0 0 0 0 0 0 0 0 0 0 0 0 0 0 0 0 0 0 0 0 0 0 0 0 0 0 0 0 0 0 0 0 0 0 0 0 0 0 0 0 0 0 0 0 0 0 0 0 0 0 0 0 0 0 0 0 0 0 0 0 0 0 0 0 0 0 0 0 0 0 0 0 0 0 0 0 0 0 0 0 0 0 0 0 0 0 0 0 0 0 0 0 0 0
0.552648 1.42836e-07 6.8976e-08 7.38596e-08 0.517095 0.873574 0 0 0 0 0 0 0 0 0 0 0 0 0 0 0 0 0 0 0 0 0 0 0 0 0 0 0 0 0 0 0 0 0 0 0 0 0 0 0 0 0 0 0 0 0 0 0 0 0 0 0 0 0 0 0 0 0 0 0 0 0 0 0 0 0 0 0 0 0 0 0 0 0 0 0 0 0 0 0 0 0 0 0 0 0 0 0 0 0 0 0 0 0 0 0 0 0 0 0 0 0 0 0 0 0 0 0 0 0 0 0 0 0 0 0 0 0 0 0 0 0 0 0 0 0 0 0 0 0 0 0 0 0 0 0 0
0.581015 1.44299e-07 6.92066e-08 7.50922e-08 0.520394 0.860931 0 0 0 0 0 0 0 0 0 0 0 0 0 0 0 0 0 0 0 0 0 0 0 0 0 0 0 0 0 0 0 0 0 0 0 0 0 0 0 0 0 0 0 0 0 0 0 0 0 0 0 0 0 0 0 0 0 0 0 0 0 0 0 0 0 0 0 0 0 0 0 0 0 0 0 0 0 0 0 0 0 0 0 0 0 0 0 0 0 0 0 0 0 0 0 0 0 0 0 0 0 0 0 0 0 0 0 0 0 0 0 0 0 0 0 0 0 0 0 0 0 0 0 0 0 0 0 0 0 0 0 0 0 0 0 0
0.610839 1.47503e-07 6.94615e-08 7.80417e-08 0.529085 0.853774 0 0 0 0 0 0 0 0 0 0 0 0 0 0 0 0 0 0 0 0 0 0 0 0 0 0 0 0 0 0 0 0 0 0 0 0 0 0 0 0 0 0 0 0 0 0 0 0 0 0 0 0 0 0 0 0 0 0 0 0 0 0 0 0 0 0 0 0 0 0 0 0 0 0 0 0 0 0 0 0 0 0 0 0 0 0 0 0 0 0 0 0 0 0 0 0 0 0 0 0 0 0 0 0 0 0 0 0 0 0 0 0 0 0 0 0 0 0 0 0 0 0 0 0 0 0 0 0 0 0 0 0 0 0 0 0
0.642193 1.51358e-07 6.9601e-08 8.17568e-08 0.540156 0.853888 0 0 0 0 0 0 0 0 0 0 0 0 0 0 0 0 0 0 0 0 0 0 0 0 0 0 0 0 0 0 0 0 0 0 0 0 0 0 0 0 0 0 0 0 0 0 0 0 0 0 0 0 0 0 0 0 0 0 0 0 0 0 0 0 0 0 0 0 0 0 0 0 0 0 0 0 0 0 0 0 0 0 0 0 0 0 0 0 0 0 0 0 0 0 0 0 0 0 0 0 0 0 0 0 0 0 0 0 0 0 0 0 0 0 0 0 0 0 0 0 0 0 0 0 0 0 0 0 0 0 0 0 0 0 0 0
0.675157 1.53952e-07 6.98564e-08 8.40951e-08 0.546244 0.854936 0 0 0 0 0 0 0 0 0 0 0 0 0 0 0 0 0 0 0 0 0 0 0 0 0 0 0 0 0 0 0 0 0 0 0 0 0 0 0 0 0 0 0 0 0 0 0 0 0 0 0 0 0 0 0 0 0 0 0 0 0 0 0 0 0 0 0 0 0 0 0 0 0 0 0 0 0 0 0 0 0 0 0 0 0 0 0 0 0 0 0 0 0 0 0 0 0 0 0 0 0 0 0 0 0 0 0 0 0 0 0 0 0 0 0 0 0 0 0 0 0 0 0 0 0 0 0 0 0 0 0 0 0 0 0 0
0.709813 1.54268e-07 6.99968e-08 8.42713e-08 0.546265 0.848143 0 0 0 0 0 0 0 0 0 0 0 0 0 0 0 0 0 0 0 0 0 0 0 0 0 0 0 0 0 0 0 0 0 0 0 0 0 0 0 0 0 0 0 0 0 0 0 0 0 0 0 0 0 0 0 0 0 0 0 0 0 0 0 0 0 0 0 0 0 0 0 0 0 0 0 0 0 0 0 0 0 0 0 0 0 0 0 0 0 0 0 0 0 0 0 0 0 0 0 0 0 0 0 0 0 0 0 0 0 0 0 0 0 0 0 0 0 0 0 0 0 0 0 0 0 0 0 0 0 0 0 0 0 0 0 0
0.746248 1.52758e-07 7.01994e-08 8.25589e-08 0.540454 0.835307 0 0 0 0 0 0 0 0 0 0 0 0 0 0 0 0 0 0 0 0 0 0 0 0 0 0 0 0 0 0 0 0 0 0 0 0 0 0 0 0 0 0 0 0 0 0 0 0 0 0 0 0 0 0 0 0 0 0 0 0 0 0 0 0 0 0 0 0 0 0 0 0 0 0 0 0 0 0 0 0 0 0 0 0 0 0 0 0 0 0 0 0 0 0 0 0 0 0 0 0 0 0 0 0 0 0 0 0 0 0 0 0 0 0 0 0 0 0 0 0 0 0 0 0 0 0 0 0 0 0 0 0 0 0 0 0
0.784553 1.50864e-07 7.02663e-08 8.05975e-08 0.53424 0.819016 0 0 0 0 0 0 0 0 0 0 0 0 0 0 0 0 0 0 0 0 0 0 0 0 0 0 0 0 0 0 0 0 0 0 0 0 0 0 0 0 0 0 0 0 0 0 0 0 0 0 0 0 0 0 0 0 0 0 0 0 0 0 0 0 0 0 0 0 0 0 0 0 0 0 0 0 0 0 0 0 0 0 0 0 0 0 0 0 0 0 0 0 0 0 0 0 0 0 0 0 0 0 0 0 0 0 0 0 0 0 0 0 0 0 0 0 0 0 0 0 0 0 0 0 0 0 0 0 0 0 0 0 0 0 0 0
0.824824 1.50099e-07 7.05168e-08 7.95826e-08 0.530199 0.79684 0 0 0 0 0 0 0 0 0 0 0 0 0 0 0 0 0 0 0 0 0 0 0 0 0 0 0 0 0 0 0 0 0 0 0 0 0 0 0 0 0 0 0 0 0 0 0 0 0 0 0 0 0 0 0 0 0 0 0 0 0 0 0 0 0 0 0 0 0 0 0 0 0 0 0 0 0 0 0 0 0 0 0 0 0 0 0 0 0 0 0 0 0 0 0 0 0 0 0 0 0 0 0 0 0 0 0 0 0 0 0 0 0 0 0 0 0 0 0 0 0 0 0 0 0 0 0 0 0 0 0 0 0 0 0 0
0.867162 1.50841e-07 7.03775e-08 8.04638e-08 0.533433 0.793498 0 0 0 0 0 0 0 0 0 0 0 0 0 0 0 0 0 0 0 0 0 0 0 0 0 0 0 0 0 0 0 0 0 0 0 0 0 0 0 0 0 0 0 0 0 0 0 0 0 0 0 0 0 0 0 0 0 0 0 0 0 0 0 0 0 0 0 0 0 0 0 0 0 0 0 0 0 0 0 0 0 0 0 0 0 0 0 0 0 0 0 0 0 0 0 0 0 0 0 0 0 0 0 0 0 0 0 0 0 0 0 0 0 0 0 0 0 0 0 0 0 0 0 0 0 0 0 0 0 0 0 0 0 0 0 0
0.911674 1.53184e-07 7.02624e-08 8.29219e-08 0.541321 0.79555 0 0 0 0 0 0 0 0 0 0 0 0 0 0 0 0 0 0 0 0 0 0 0 0 0 0 0 0 0 0 0 0 0 0 0 0 0 0 0 0 0 0 0 0 0 0 0 0 0 0 0 0 0 0 0 0 0 0 0 0 0 0 0 0 0 0 0 0 0 0 0 0 0 0 0 0 0 0 0 0 0 0 0 0 0 0 0 0 0 0 0 0 0 0 0 0 0 0 0 0 0 0 0 0 0 0 0 0 0 0 0 0 0 0 0 0 0 0 0 0 0 0 0 0 0 0 0 0 0 0 0 0 0 0 0 0
0.95847 1.56561e-07 7.03505e-08 8.621e-08 0.55065 0.813422 0 0 0 0 0 0 0 0 0 0 0 0 0 0 0 0 0 0 0 0 0 0 0 0 0 0 0 0 0 0 0 0 0 0 0 0 0 0 0 0 0 0 0 0 0 0 0 0 0 0 0 0 0 0 0 0 0 0 0 0 0 0 0 0 0 0 0 0 0 0 0 0 0 0 0 0 0 0 0 0 0 0 0 0 0 0 0 0 0 0 0 0 0 0 0 0 0 0 0 0 0 0 0 0 0 0 0 0 0 0 0 0 0 0 0 0 0 0 0 0 0 0 0 0 0 0 0 0 0 0 0 0 0 0 0 0
1.00767 1.5921e-07 7.00347e-08 8.9175e-08 0.56011 0.821342 0 0 0 0 0 0 0 0 0 0 0 0 0 0 0 0 0 0 0 0 0 0 0 0 0 0 0 0 0 0 0 0 0 0 0 0 0 0 0 0 0 0 0 0 0 0 0 0 0 0 0 0 0 0 0 0 0 0 0 0 0 0 0 0 0 0 0 0 0 0 0 0 0 0 0 0 0 0 0 0 0 0 0 0 0 0 0 0 0 0 0 0 0 0 0 0 0 0 0 0 0 0 0 0 0 0 0 0 0 0 0 0 0 0 0 0 0 0 0 0 0 0 0 0 0 0 0 0 0 0 0 0 0 0 0 0
1.05939 1.60087e-07 7.00745e-08 9.00125e-08 0.562272 0.840276 0 0 0 0 0 0 0 0 0 0 0 0 0 0 0 0 0 0 0 0 0 0 0 0 0 0 0 0 0 0 0 0 0 0 0 0 0 0 0 0 0 0 0 0 0 0 0 0 0 0 0 0 0 0 0 0 0 0 0 0 0 0 0 0 0 0 0 0 0 0 0 0 0 0 0 0 0 0 0 0 0 0 0 0 0 0 0 0 0 0 0 0 0 0 0 0 0 0 0 0 0 0 0 0 0 0 0 0 0 0 0 0 0 0 0 0 0 0 0 0 0 0 0 0 0 0 0 0 0 0 0 0 0 0 0 0
1.11377 1.59404e-07 7.04913e-08 8.89123e-08 0.557781 0.825407 0 0 0 0 0 0 0 0 0 0 0 0 0 0 0 0 0 0 0 0 0 0 0 0 0 0 0 0 0 0 0 0 0 0 0 0 0 0 0 0 0 0 0 0 0 0 0 0 0 0 0 0 0 0 0 0 0 0 0 0 0 0 0 0 0 0 0 0 0 0 0 0 0 0 0 0 0 0 0 0 0 0 0 0 0 0 0 0 0 0 0 0 0 0 0 0 0 0 0 0 0 0 0 0 0 0 0 0 0 0 0 0 0 0 0 0 0 0 0 0 0 0 0 0 0 0 0 0 0 0 0 0 0 0 0 0
1.17094 1.57679e-07 7.01771e-08 8.75015e-08 0.554936 0.828769 0 0 0 0 0 0 0 0 0 0 0 0 0 0 0 0 0 0 0 0 0 0 0 0 0 0 0 0 0 0 0 0 0 0 0 0 0 0 0 0 0 0 0 0 0 0 0 0 0 0 0 0 0 0 0 0 0 0 0 0 0 0 0 0 0 0 0 0 0 0 0 0 0 0 0 0 0 0 0 0 0 0 0 0 0 0 0 0 0 0 0 0 0 0 0 0 0 0 0 0 0 0 0 0 0 0 0 0 0 0 0 0 0 0 0 0 0 0 0 0 0 0 0 0 0 0 0 0 0 0 0 0 0 0 0 0
1.23105 1.55629e-07 7.08853e-08 8.47435e-08 0.544523 0.788674 0 0 0 0 0 0 0 0 0 0 0 0 0 0 0 0 0 0 0 0 0 0 0 0 0 0 0 0 0 0 0 0 0 0 0 0 0 0 0 0 0 0 0 0 0 0 0 0 0 0 0 0 0 0 0 0 0 0 0 0 0 0 0 0 0 0 0 0 0 0 0 0 0 0 0 0 0 0 0 0 0 0 0 0 0 0 0 0 0 0 0 0 0 0 0 0 0 0 0 0 0 0 0 0 0 0 0 0 0 0 0 0 0 0 0 0 0 0 0 0 0 0 0 0 0 0 0 0 0 0 0 0 0 0 0 0
1.29424 1.54576e-07 7.05289e-08 8.40471e-08 0.543727 0.75456 0 0 0 0 0 0 0 0 0 0 0 0 0 0 0 0 0 0 0 0 0 0 0 0 0 0 0 0 0 0 0 0 0 0 0 0 0 0 0 0 0 0 0 0 0 0 0 0 0 0 0 0 0 0 0 0 0 0 0 0 0 0 0 0 0 0 0 0 0 0 0 0 0 0 0 0 0 0 0 0 0 0 0 0 0 0 0 0 0 0 0 0 0 0 0 0 0 0 0 0 0 0 0 0 0 0 0 0 0 0 0 0 0 0 0 0 0 0 0 0 0 0 0 0 0 0 0 0 0 0 0 0 0 0 0 0
1.36067 1.5512e-07 7.07656e-08 8.43541e-08 0.5438 0.70552 0 0 0 0 0 0 0 0 0 0 0 0 0 0 0 0 0 0 0 0 0 0 0 0 0 0 0 0 0 0 0 0 0 0 0 0 0 0 0 0 0 0 0 0 0 0 0 0 0 0 0 0 0 0 0 0 0 0 0 0 0 0 0 0 0 0 0 0 0 0 0 0 0 0 0 0 0 0 0 0 0 0 0 0 0 0 0 0 0 0 0 0 0 0 0 0 0 0 0 0 0 0 0 0 0 0 0 0 0 0 0 0 0 0 0 0 0 0 0 0 0 0 0 0 0 0 0 0 0 0 0 0 0 0 0 0
1.43051 1.56926e-07 7.00118e-08 8.6914e-08 0.553854 0.635045 0 0 0 0 0 0 0 0 0 0 0 0 0 0 0 0 0 0 0 0 0 0 0 0 0 0 0 0 0 0 0 0 0 0 0 0 0 0 0 0 0 0 0 0 0 0 0 0 0 0 0 0 0 0 0 0 0 0 0 0 0 0 0 0 0 0 0 0 0 0 0 0 0 0 0 0 0 0 0 0 0 0 0 0 0 0 0 0 0 0 0 0 0 0 0 0 0 0 0 0 0 0 0 0 0 0 0 0 0 0 0 0 0 0 0 0 0 0 0 0 0 0 0 0 0 0 0 0 0 0 0 0 0 0 0 0
1.50394 1.62323e-07 7.03399e-08 9.19826e-08 0.566666 0.569786 0 0 0 0 0 0 0 0 0 0 0 0 0 0 0 0 0 0 0 0 0 0 0 0 0 0 0 0 0 0 0 0 0 0 0 0 0 0 0 0 0 0 0 0 0 0 0 0 0 0 0 0 0 0 0 0 0 0 0 0 0 0 0 0 0 0 0 0 0 0 0 0 0 0 0 0 0 0 0 0 0 0 0 0 0 0 0 0 0 0 0 0 0 0 0 0 0 0 0 0 0 0 0 0 0 0 0 0 0 0 0 0 0 0 0 0 0 0 0 0 0 0 0 0 0 0 0 0 0 0 0 0 0 0 0 0
1.58114 1.67616e-07 6.976e-08 9.78563e-08 0.583811 0.543417 0 0 0 0 0 0 0 0 0 0 0 0 0 0 0 0 0 0 0 0 0 0 0 0 0 0 0 0 0 0 0 0 0 0 0 0 0 0 0 0 0 0 0 0 0 0 0 0 0 0 0 0 0 0 0 0 0 0 0 0 0 0 0 0 0 0 0 0 0 0 0 0 0 0 0 0 0 0 0 0 0 0 0 0 0 0 0 0 0 0 0 0 0 0 0 0 0 0 0 0 0 0 0 0 0 0 0 0 0 0 0 0 0 0 0 0 0 0 0 0 0 0 0 0 0 0 0 0 0 0 0 0 0 0 0 0
1.6623 1.76154e-07 6.90569e-08 1.07097e-07 0.607973 0.489058 0 0 0 0 0 0 0 0 0 0 0 0 0 0 0 0 0 0 0 0 0 0 0 0 0 0 0 0 0 0 0 0 0 0 0 0 0 0 0 0 0 0 0 0 0 0 0 0 0 0 0 0 0 0 0 0 0 0 0 0 0 0 0 0 0 0 0 0 0 0 0 0 0 0 0 0 0 0 0 0 0 0 0 0 0 0 0 0 0 0 0 0 0 0 0 0 0 0 0 0 0 0 0 0 0 0 0 0 0 0 0 0 0 0 0 0 0 0 0 0 0 0 0 0 0 0 0 0 0 0 0 0 0 0 0 0
1.74763 1.85121e-07 6.90792e-08 1.16042e-07 0.626843 0.5246 0 0 0 0 0 0 0 0 0 0 0 0 0 0 0 0 0 0 0 0 0 0 0 0 0 0 0 0 0 0 0 0 0 0 0 0 0 0 0 0 0 0 0 0 0 0 0 0 0 0 0 0 0 0 0 0 0 0 0 0 0 0 0 0 0 0 0 0 0 0 0 0 0 0 0 0 0 0 0 0 0 0 0 0 0 0 0 0 0 0 0 0 0 0 0 0 0 0 0 0 0 0 0 0 0 0 0 0 0 0 0 0 0 0 0 0 0 0 0 0 0 0 0 0 0 0 0 0 0 0 0 0 0 0 0 0
1.83733 1.92906e-07 6.87399e-08 1.24166e-07 0.643661 0.541548 0 0 0 0 0 0 0 0 0 0 0 0 0 0 0 0 0 0 0 0 0 0 0 0 0 0 0 0 0 0 0 0 0 0 0 0 0 0 0 0 0 0 0 0 0 0 0 0 0 0 0 0 0 0 0 0 0 0 0 0 0 0 0 0 0 0 0 0 0 0 0 0 0 0 0 0 0 0 0 0 0 0 0 0 0 0 0 0 0 0 0 0 0 0 0 0 0 0 0 0 0 0 0 0 0 0 0 0 0 0 0 0 0 0 0 0 0 0 0 0 0 0 0 0 0 0 0 0 0 0 0 0 0 0 0 0
1.93164 2.01761e-07 6.86841e-08 1.33077e-07 0.659577 0.555696 0 0 0 0 0 0 0 0 0 0 0 0 0 0 0 0 0 0 0 0 0 0 0 0 0 0 0 0 0 0 0 0 0 0 0 0 0 0 0 0 0 0 0 0 0 0 0 0 0 0 0 0 0 0 0 0 0 0 0 0 0 0 0 0 0 0 0 0 0 0 0 0 0 0 0 0 0 0 0 0 0 0 0 0 0 0 0 0 0 0 0 0 0 0 0 0 0 0 0 0 0 0 0 0 0 0 0 0 0 0 0 0 0 0 0 0 0 0 0 0 0 0 0 0 0 0 0 0 0 0 0 0 0 0 0 0
2.03079 2.09145e-07 6.88177e-08 1.40327e-07 0.670956 0.609735 0 0 0 0 0 0 0 0 0 0 0 0 0 0 0 0 0 0 0 0 0 0 0 0 0 0 0 0 0 0 0 0 0 0 0 0 0 0 0 0 0 0 0 0 0 0 0 0 0 0 0 0 0 0 0 0 0 0 0 0 0 0 0 0 0 0 0 0 0 0 0 0 0 0 0 0 0 0 0 0 0 0 0 0 0 0 0 0 0 0 0 0 0 0 0 0 0 0 0 0 0 0 0 0 0 0 0 0 0 0 0 0 0 0 0 0 0 0 0 0 0 0 0 0 0 0 0 0 0 0 0 0 0 0 0 0
2.13503 2.13995e-07 6.88888e-08 1.45106e-07 0.678083 0.631901 0 0 0 0 0 0 0 0 0 0 0 0 0 0 0 0 0 0 0 0 0 0 0 0 0 0 0 0 0 0 0 0 0 0 0 0 0 0 0 0 0 0 0 0 0 0 0 0 0 0 0 0 0 0 0 0 0 0 0 0 0 0 0 0 0 0 0 0 0 0 0 0 0 0 0 0 0 0 0 0 0 0 0 0 0 0 0 0 0 0 0 0 0 0 0 0 0 0 0 0 0 0 0 0 0 0 0 0 0 0 0 0 0 0 0 0 0 0 0 0 0 0 0 0 0 0 0 0 0 0 0 0 0 0 0 0
2.24463 2.16938e-07 6.8821e-08 1.48117e-07 0.682762 0.641303 0 0 0 0 0 0 0 0 0 0 0 0 0 0 0 0 0 0 0 0 0 0 0 0 0 0 0 0 0 0 0 0 0 0 0 0 0 0 0 0 0 0 0 0 0 0 0 0 0 0 0 0 0 0 0 0 0 0 0 0 0 0 0 0 0 0 0 0 0 0 0 0 0 0 0 0 0 0 0 0 0 0 0 0 0 0 0 0 0 0 0 0 0 0 0 0 0 0 0 0 0 0 0 0 0 0 0 0 0 0 0 0 0 0 0 0 0 0 0 0 0 0 0 0 0 0 0 0 0 0 0 0 0 0 0 0
2.35984 2.18097e-07 6.86289e-08 1.49469e-07 0.685329 0.660055 0 0 0 0 0 0 0 0 0 0 0 0 0 0 0 0 0 0 0 0 0 0 0 0 0 0 0 0 0 0 0 0 0 0 0 0 0 0 0 0 0 0 0 0 0 0 0 0 0 0 0 0 0 0 0 0 0 0 0 0 0 0 0 0 0 0 0 0 0 0 0 0 0 0 0 0 0 0 0 0 0 0 0 0 0 0 0 0 0 0 0 0 0 0 0 0 0 0 0 0 0 0 0 0 0 0 0 0 0 0 0 0 0 0 0 0 0 0 0 0 0 0 0 0 0 0 0 0 0 0 0 0 0 0 0 0
2.48097 2.17896e-07 6.8866e-08 1.4903e-07 0.68395 0.687092 0 0 0 0 0 0 0 0 0 0 0 0 0 0 0 0 0 0 0 0 0 0 0 0 0 0 0 0 0 0 0 0 0 0 0 0 0 0 0 0 0 0 0 0 0 0 0 0 0 0 0 0 0 0 0 0 0 0 0 0 0 0 0 0 0 0 0 0 0 0 0 0 0 0 0 0 0 0 0 0 0 0 0 0 0 0 0 0 0 0 0 0 0 0 0 0 0 0 0 0 0 0 0 0 0 0 0 0 0 0 0 0 0 0 0 0 0 0 0 0 0 0 0 0 0 0 0 0 0 0 0 0 0 0 0 0
2.60832 2.16331e-07 6.96445e-08 1.46687e-07 0.678066 0.698727 0 0 0 0 0 0 0 0 0 0 0 0 0 0 0 0 0 0 0 0 0 0 0 0 0 0 0 0 0 0 0 0 0 0 0 0 0 0 0 0 0 0 0 0 0 0 0 0 0 0 0 0 0 0 0 0 0 0 0 0 0 0 0 0 0 0 0 0 0 0 0 0 0 0 0 0 0 0 0 0 0 0 0 0 0 0 0 0 0 0 0 0 0 0 0 0 0 0 0 0 0 0 0 0 0 0 0 0 0 0 0 0 0 0 0 0 0 0 0 0 0 0 0 0 0 0 0 0 0 0 0 0 0 0 0 0
2.74221 2.12404e-07 7.00783e-08 1.42326e-07 0.670071 0.697262 0 0 0 0 0 0 0 0 0 0 0 0 0 0 0 0 0 0 0 0 0 0 0 0 0 0 0 0 0 0 0 0 0 0 0 0 0 0 0 0 0 0 0 0 0 0 0 0 0 0 0 0 0 0 0 0 0 0 0 0 0 0 0 0 0 0 0 0 0 0 0 0 0 0 0 0 0 0 0 0 0 0 0 0 0 0 0 0 0 0 0 0 0 0 0 0 0 0 0 0 0 0 0 0 0 0 0 0 0 0 0 0 0 0 0 0 0 0 0 0 0 0 0 0 0 0 0 0 0 0 0 0 0 0 0 0
2.88297 2.06473e-07 6.97342e-08 1.36739e-07 0.66226 0.685336 0 0 0 0 0 0 0 0 0 0 0 0 0 0 0 0 0 0 0 0 0 0 0 0 0 0 0 0 0 0 0 0 0 0 0 0 0 0 0 0 0 0 0 0 0 0 0 0 0 0 0 0 0 0 0 0 0 0 0 0 0 0 0 0 0 0 0 0 0 0 0 0 0 0 0 0 0 0 0 0 0 0 0 0 0 0 0 0 0 0 0 0 0 0 0 0 0 0 0 0 0 0 0 0 0 0 0 0 0 0 0 0 0 0 0 0 0 0 0 0 0 0 0 0 0 0 0 0 0 0 0 0 0 0 0 0
3.03095 2.00146e-07 6.93158e-08 1.3083e-07 0.653674 0.684817 0 0 0 0 0 0 0 0 0 0 0 0 0 0 0 0 0 0 0 0 0 0 0 0 0 0 0 0 0 0 0 0 0 0 0 0 0 0 0 0 0 0 0 0 0 0 0 0 0 0 0 0 0 0 0 0 0 0 0 0 0 0 0 0 0 0 0 0 0 0 0 0 0 0 0 0 0 0 0 0 0 0 0 0 0 0 0 0 0 0 0 0 0 0 0 0 0 0 0 0 0 0 0 0 0 0 0 0 0 0 0 0 0 0 0 0 0 0 0 0 0 0 0 0 0 0 0 0 0 0 0 0 0 0 0 0
3.18653 1.94639e-07 6.92513e-08 1.25387e-07 0.644206 0.692414 0 0 0 0 0 0 0 0 0 0 0 0 0 0 0 0 0 0 0 0 0 0 0 0 0 0 0 0 0 0 0 0 0 0 0 0 0 0 0 0 0 0 0 0 0 0 0 0 0 0 0 0 0 0 0 0 0 0 0 0 0 0 0 0 0 0 0 0 0 0 0 0 0 0 0 0 0 0 0 0 0 0 0 0 0 0 0 0 0 0 0 0 0 0 0 0 0 0 0 0 0 0 0 0 0 0 0 0 0 0 0 0 0 0 0 0 0 0 0 0 0 0 0 0 0 0 0 0 0 0 0 0 0 0 0 0
3.35009 1.87117e-07 7.01145e-08 1.17003e-07 0.625291 0.701959 0 0 0 0 0 0 0 0 0 0 0 0 0 0 0 0 0 0 0 0 0 0 0 0 0 0 0 0 0 0 0 0 0 0 0 0 0 0 0 0 0 0 0 0 0 0 0 0 0 0 0 0 0 0 0 0 0 0 0 0 0 0 0 0 0 0 0 0 0 0 0 0 0 0 0 0 0 0 0 0 0 0 0 0 0 0 0 0 0 0 0 0 0 0 0 0 0 0 0 0 0 0 0 0 0 0 0 0 0 0 0 0 0 0 0 0 0 0 0 0 0 0 0 0 0 0 0 0 0 0 0 0 0 0 0 0
3.52205 1.85825e-07 7.16427e-08 1.14182e-07 0.614461 0.702377 0 0 0 0 0 0 0 0 0 0 0 0 0 0 0 0 0 0 0 0 0 0 0 0 0 0 0 0 0 0 0 0 0 0 0 0 0 0 0 0 0 0 0 0 0 0 0 0 0 0 0 0 0 0 0 0 0 0 0 0 0 0 0 0 0 0 0 0 0 0 0 0 0 0 0 0 0 0 0 0 0 0 0 0 0 0 0 0 0 0 0 0 0 0 0 0 0 0 0 0 0 0 0 0 0 0 0 0 0 0 0 0 0 0 0 0 0 0 0 0 0 0 0 0 0 0 0 0 0 0 0 0 0 0 0 0
3.70284 1.78459e-07 6.92795e-08 1.0918e-07 0.61179 0.685251 0 0 0 0 0 0 0 0 0 0 0 0 0 0 0 0 0 0 0 0 0 0 0 0 0 0 0 0 0 0 0 0 0 0 0 0 0 0 0 0 0 0 0 0 0 0 0 0 0 0 0 0 0 0 0 0 0 0 0 0 0 0 0 0 0 0 0 0 0 0 0 0 0 0 0 0 0 0 0 0 0 0 0 0 0 0 0 0 0 0 0 0 0 0 0 0 0 0 0 0 0 0 0 0 0 0 0 0 0 0 0 0 0 0 0 0 0 0 0 0 0 0 0 0 0 0 0 0 0 0 0 0 0 0 0 0
3.89291 1.69172e-07 6.76637e-08 1.01508e-07 0.600029 0.656486 0 0 0 0 0 0 0 0 0 0 0 0 0 0 0 0 0 0 0 0 0 0 0 0 0 0 0 0 0 0 0 0 0 0 0 0 0 0 0 0 0 0 0 0 0 0 0 0 0 0 0 0 0 0 0 0 0 0 0 0 0 0 0 0 0 0 0 0 0 0 0 0 0 0 0 0 0 0 0 0 0 0 0 0 0 0 0 0 0 0 0 0 0 0 0 0 0 0 0 0 0 0 0 0 0 0 0 0 0 0 0 0 0 0 0 0 0 0 0 0 0 0 0 0 0 0 0 0 0 0 0 0 0 0 0 0
4.09273 1.59938e-07 6.58602e-08 9.4078e-08 0.588215 0.627856 0 0 0 0 0 0 0 0 0 0 0 0 0 0 0 0 0 0 0 0 0 0 0 0 0 0 0 0 0 0 0 0 0 0 0 0 0 0 0 0 0 0 0 0 0 0 0 0 0 0 0 0 0 0 0 0 0 0 0 0 0 0 0 0 0 0 0 0 0 0 0 0 0 0 0 0 0 0 0 0 0 0 0 0 0 0 0 0 0 0 0 0 0 0 0 0 0 0 0 0 0 0 0 0 0 0 0 0 0 0 0 0 0 0 0 0 0 0 0 0 0 0 0 0 0 0 0 0 0 0 0 0 0 0 0 0
4.30281 1.51448e-07 6.44274e-08 8.70209e-08 0.574592 0.60834 0 0 0 0 0 0 0 0 0 0 0 0 0 0 0 0 0 0 0 0 0 0 0 0 0 0 0 0 0 0 0 0 0 0 0 0 0 0 0 0 0 0 0 0 0 0 0 0 0 0 0 0 0 0 0 0 0 0 0 0 0 0 0 0 0 0 0 0 0 0 0 0 0 0 0 0 0 0 0 0 0 0 0 0 0 0 0 0 0 0 0 0 0 0 0 0 0 0 0 0 0 0 0 0 0 0 0 0 0 0 0 0 0 0 0 0 0 0 0 0 0 0 0 0 0 0 0 0 0 0 0 0 0 0 0 0
4.52368 1.43747e-07 6.36015e-08 8.01453e-08 0.557545 0.602379 0 0 0 0 0 0 0 0 0 0 0 0 0 0 0 0 0 0 0 0 0 0 0 0 0 0 0 0 0 0 0 0 0 0 0 0 0 0 0 0 0 0 0 0 0 0 0 0 0 0 0 0 0 0 0 0 0 0 0 0 0 0 0 0 0 0 0 0 0 0 0 0 0 0 0 0 0 0 0 0 0 0 0 0 0 0 0 0 0 0 0 0 0 0 0 0 0 0 0 0 0 0 0 0 0 0 0 0 0 0 0 0 0 0 0 0 0 0 0 0 0 0 0 0 0 0 0 0 0 0 0 0 0 0 0 0
4.75588 1.36549e-07 6.3211e-08 7.33382e-08 0.537083 0.606756 0 0 0 0 0 0 0 0 0 0 0 0 0 0 0 0 0 0 0 0 0 0 0 0 0 0 0 0 0 0 0 0 0 0 0 0 0 0 0 0 0 0 0 0 0 0 0 0 0 0 0 0 0 0 0 0 0 0 0 0 0 0 0 0 0 0 0 0 0 0 0 0 0 0 0 0 0 0 0 0 0 0 0 0 0 0 0 0 0 0 0 0 0 0 0 0 0 0 0 0 0 0 0 0 0 0 0 0 0 0 0 0 0 0 0 0 0 0 0 0 0 0 0 0 0 0 0 0 0 0 0 0 0 0 0 0
5 1.29596e-07 6.29025e-08 6.66934e-08 0.514626 0.612346 0 0 0 0 0 0 0 0 0 0 0 0 0 0 0 0 0 0 0 0 0 0 0 0 0 0 0 0 0 0 0 0 0 0 0 0 0 0 0 0 0 0 0 0 0 0 0 0 0 0 0 0 0 0 0 0 0 0 0 0 0 0 0 0 0 0 0 0 0 0 0 0 0 0 0 0 0 0 0 0 0 0 0 0 0 0 0 0 0 0 0 0 0 0 0 0 0 0 0 0 0 0 0 0 0 0 0 0 0 0 0 0 0 0 0 0 0 0 0 0 0 0 0 0 0 0 0 0 0 0 0 0 0 0 0 0
5.25665 1.22668e-07 6.23536e-08 6.03143e-08 0.491688 0.60724 0 0 0 0 0 0 0 0 0 0 0 0 0 0 0 0 0 0 0 0 0 0 0 0 0 0 0 0 0 0 0 0 0 0 0 0 0 0 0 0 0 0 0 0 0 0 0 0 0 0 0 0 0 0 0 0 0 0 0 0 0 0 0 0 0 0 0 0 0 0 0 0 0 0 0 0 0 0 0 0 0 0 0 0 0 0 0 0 0 0 0 0 0 0 0 0 0 0 0 0 0 0 0 0 0 0 0 0 0 0 0 0 0 0 0 0 1.4013e-45 0 1.4013e-45 0 1.4013e-45 0 2.8026e-45 0 2.8026e-45 0 4.2039e-45 0 5.60519e-45 0 8.40779e-45 0 1.12104e-44 0 1.54143e-44 0
5.52648 1.15737e-07 6.14563e-08 5.42805e-08 0.469 0.583356 0 0 0 0 0 0 0 0 0 0 0 0 0 0 0 0 0 0 0 0 0 0 0 0 0 0 0 0 0 0 0 0 0 0 0 0 0 0 0 0 0 0 0 0 0 0 0 0 0 0 0 0 0 0 0 0 0 0 0 0 0 0 0 0 0 0 0 0 0 0 0 0 0 0 0 0 0 0 0 0 0 0 0 0 0 0 0 0 0 0 1.4013e-45 0 1.4013e-45 0 1.4013e-45 0 2.8026e-45 0 4.2039e-45 0 7.00649e-45 0 1.12104e-44 0 1.68156e-44 0 2.52234e-44 0 3.64338e-44 0 5.1848e-44 0 7.70714e-44 0 1.10703e-43 0 1.54143e-43 0 2.21405e-43 0 3.06884e-43 0 4.27396e-43 0 5.92749e-43 0 8.1976e-43 0 1.10422e-42 0 1.48538e-42 0 1.99405e-42 0 2.67368e-42 0
5.81015 1.08865e-07 6.01993e-08 4.86655e-08 0.447027 0.54141 0 0 0 0 0 0 0 0 0 0 0 0 0 0 0 0 0 0 0 0 0 0 0 0 0 0 0 0 0 0 0 0 0 0 0 0 0 0 0 0 0 0 0 0 0 0 0 0 0 0 0 0 0 0 0 0 0 0 0 0 0 0 0 0 0 0 0 0 0 0 0 0 1.4013e-45 0 1.4013e-45 0 2.8026e-45 0 5.60519e-45 0 1.12104e-44 0 1.96182e-44 0 3.22299e-44 0 5.32493e-44 0 8.82818e-44 0 1.4013e-43 0 2.21405e-43 0 3.47522e-43 0 5.43704e-43 0 8.26766e-43 0 1.25276e-42 0 1.84271e-42 0 2.70451e-42 0 4.05816e-42 0 5.77475e-42 0 8.19619e-42 0 1.1897e-41 0 1.68058e-41 0 2.3113e-41 0 3.25059e-41 0 4.45249e-41 0 6.08696e-41 0 8.30578e-41 0 1.1312e-40 0 1.50195e-40 0 1.99105e-40 0 2.6353e-40 0 3.48256e-40 0
6.10839 1.02151e-07 5.87017e-08 4.34495e-08 0.425345 0.488111 0 0 0 0 0 0 0 0 0 0 0 0 0 0 0 0 0 0 0 0 0 0 0 0 0 0 0 0 0 0 0 0 0 0 0 0 0 0 0 0 0 0 0 0 0 0 0 0 0 0 0 0 0 0 0 0 0 0 1.4013e-45 0 2.8026e-45 0 5.60519e-45 0 1.26117e-44 0 2.66247e-44 0 5.1848e-44 0 1.02295e-43 0 1.90577e-43 0 3.43318e-43 0 6.12367e-43 0 1.08461e-42 0 1.80908e-42 0 3.08706e-42 0 5.10213e-42 0 8.17518e-42 0 1.33866e-41 0 2.07266e-41 0 3.19762e-41 0 4.91491e-41 0 7.5275e-41 0 1.12069e-40 0 1.66329e-40 0 2.4017e-40 0 3.45867e-40 0 5.08855e-40 0 7.11635e-40 0 9.92985e-40 0 1.41543e-39 0 1.96597e-39 0 2.66209e-39 0 3.68206e-39 0 4.96663e-39 0 6.6871e-39 0 8.98722e-39 0 1.20568e-38 0 1.57883e-38 0 2.06437e-38 0 2.69519e-38 0 3.51357e-38 0
6.42193 9.56219e-08 5.705e-08 3.85719e-08 0.403379 0.431083 0 0 0 0 0 0 0 0 0 0 0 0 0 0 0 0 0 0 0 0 0 0 0 0 0 0 0 0 0 0 0 0 0 0 0 0 0 0 0 0 0 0 0 0 0 0 0 0 2.8026e-45 0 5.60519e-45 0 1.68156e-44 0 4.2039e-44 0 9.94922e-44 0 2.25609e-43 0 4.94658e-43 0 1.03836e-42 0 2.10055e-42 0 4.2109e-42 0 7.91594e-42 0 1.51747e-41 0 2.73561e-41 0 4.77142e-41 0 8.272e-41 0 1.42561e-40 0 2.32108e-40 0 3.85759e-40 0 6.22077e-40 0 9.74135e-40 0 1.55708e-39 0 2.36006e-39 0 3.5646e-39 0 5.36529e-39 0 8.04801e-39 0 1.17512e-38 0 1.71078e-38 0 2.42636e-38 0 3.43252e-38 0 4.95577e-38 0 6.81809e-38 0 9.36018e-38 0 1.31133e-37 0 1.7924e-37 0 2.39141e-37 0 3.25569e-37 0 4.32782e-37 0 5.74299e-37 0 7.60777e-37 0 1.00608e-36 0 1.30023e-36 0 1.67798e-36 0 2.16239e-36 0 2.78273e-36 0
6.75157 8.91904e-08 5.53906e-08 3.37998e-08 0.378962 0.375566 0 0 0 0 0 0 0 0 0 0 0 0 0 0 0 0 0 0 0 0 0 0 0 0 0 0 0 0 0 0 0 0 0 0 0 0 0 0 0 0 2.8026e-45 0 1.12104e-44 0 3.92364e-44 0 1.28919e-43 0 3.75548e-43 0 1.00893e-42 0 2.5854e-42 0 6.33527e-42 0 1.4446e-41 0 3.16231e-41 0 6.65631e-41 0 1.34911e-40 0 2.63659e-40 0 5.10707e-40 0 9.31077e-40 0 1.72896e-39 0 3.0285e-39 0 5.14059e-39 0 8.67581e-39 0 1.45599e-38 0 2.3148e-38 0 3.7529e-38 0 5.91238e-38 0 9.0579e-38 0 1.41505e-37 0 2.10169e-37 0 3.11109e-37 0 4.59012e-37 0 6.75028e-37 0 9.67589e-37 0 1.38305e-36 0 1.92837e-36 0 2.6822e-36 0 3.80366e-36 0 5.15215e-36 0 6.96451e-36 0 9.59777e-36 0 1.29201e-35 0 1.6997e-35 0 2.27939e-35 0 2.98819e-35 0 3.91092e-35 0 5.11018e-35 0 6.66632e-35 0 8.50814e-35 0 1.08441e-34 0 1.38026e-34 0 1.75449e-34 0
7.09813 8.31468e-08 5.3575e-08 2.95718e-08 0.355658 0.324144 0 0 0 0 0 0 0 0 0 0 0 0 0 0 0 0 0 0 0 0 0 0 0 0 0 0 0 0 0 0 0 0 0 0 4.2039e-45 0 2.52234e-44 0 1.20512e-43 0 4.89053e-43 0 1.80627e-42 0 5.89666e-42 0 1.82099e-41 0 5.03459e-41 0 1.28936e-40 0 3.15661e-40 0 7.40166e-40 0 1.62123e-39 0 3.41589e-39 0 6.93346e-39 0 1.35765e-38 0 2.56787e-38 0 4.81599e-38 0 8.52638e-38 0 1.53617e-37 0 2.61816e-37 0 4.33075e-37 0 7.12463e-37 0 1.16582e-36 0 1.81199e-36 0 2.86922e-36 0 4.42102e-36 0 6.63349e-36 0 1.01398e-35 0 1.47719e-35 0 2.14518e-35 0 3.10547e-35 0 4.48175e-35 0 6.31222e-35 0 8.86653e-35 0 1.21635e-34 0 1.6648e-34 0 2.32095e-34 0 3.09756e-34 0 4.12601e-34 0 5.5977e-34 0 7.42681e-34 0 9.64034e-34 0 1.27443e-33 0 1.64879e-33 0 2.12976e-33 0 2.74673e-33 0 3.53696e-33 0 4.46072e-33 0 5.61847e-33 0 7.06762e-33 0 8.87922e-33 0
7.46248 7.65597e-08 5.15856e-08 2.4974e-08 0.326204 0.278476 0 0 0 0 0 0 0 0 0 0 0 0 0 0 0 0 0 0 0 0 0 0 0 0 0 0 0 0 1.4013e-45 0 1.4013e-44 0 1.13505e-43 0 7.28675e-43 0 3.75128e-42 0 1.67567e-41 0 6.36358e-41 0 2.20235e-40 0 6.78824e-40 0 1.98399e-39 0 5.21945e-39 0 1.27674e-38 0 2.992e-38 0 6.72978e-38 0 1.4187e-37 0 2.88235e-37 0 5.65175e-37 0 1.07096e-36 0 1.96356e-36 0 3.57126e-36 0 6.14878e-36 0 1.07642e-35 0 1.78744e-35 0 2.88488e-35 0 4.63203e-35 0 7.39943e-35 0 1.12557e-34 0 1.74275e-34 0 2.62921e-34 0 3.8676e-34 0 5.79068e-34 0 8.28245e-34 0 1.18107e-33 0 1.67918e-33 0 2.38033e-33 0 3.29693e-33 0 4.55487e-33 0 6.15286e-33 0 8.29329e-33 0 1.13759e-32 0 1.49699e-32 0 1.9663e-32 0 2.62821e-32 0 3.4392e-32 0 4.40775e-32 0 5.74808e-32 0 7.34363e-32 0 9.36801e-32 0 1.19327e-31 0 1.51772e-31 0 1.89255e-31 0 2.35704e-31 0 2.93194e-31 0 3.64266e-31 0
7.84553 6.90167e-08 4.91463e-08 1.98705e-08 0.287908 0.242702 0 0 0 0 0 0 0 0 0 0 0 0 0 0 0 0 0 0 0 0 0 0 0 0 0 0 1.26117e-44 0 1.96182e-43 0 2.01647e-42 0 1.54241e-41 0 9.05687e-41 0 4.30685e-40 0 1.78836e-39 0 6.3634e-39 0 2.07276e-38 0 6.04717e-38 0 1.67723e-37 0 4.2089e-37 0 9.85554e-37 0 2.21554e-36 0 4.78995e-36 0 9.73662e-36 0 1.91088e-35 0 3.62569e-35 0 6.65927e-35 0 1.18535e-34 0 2.09382e-34 0 3.51063e-34 0 5.98003e-34 0 9.68727e-34 0 1.52738e-33 0 2.39635e-33 0 3.74149e-33 0 5.57602e-33 0 8.45117e-33 0 1.24965e-32 0 1.80393e-32 0 2.6482e-32 0 3.72212e-32 0 5.21654e-32 0 7.29025e-32 0 1.01598e-31 0 1.385e-31 0 1.88349e-31 0 2.50719e-31 0 3.33048e-31 0 4.49846e-31 0 5.84084e-31 0 7.5705e-31 0 9.97661e-31 0 1.28848e-30 0 1.63146e-30 0 2.10016e-30 0 2.65122e-30 0 3.3421e-30 0 4.20707e-30 0 5.2885e-30 0 6.52391e-30 0 8.03848e-30 0 9.89317e-30 0 1.21618e-29 0
8.24824 6.50989e-08 5.05183e-08 1.45805e-08 0.223975 0.217908 0 0 0 0 0 0 0 0 0 0 0 0 0 0 0 0 0 0 0 0 0 0 1.4013e-45 0 7.9874e-44 0 1.99965e-42 0 2.77373e-41 0 2.53772e-40 0 1.75753e-39 0 9.4655e-39 0 4.17123e-38 0 1.61574e-37 0 5.40372e-37 0 1.66155e-36 0 4.60058e-36 0 1.21401e-35 0 2.91265e-35 0 6.54273e-35 0 1.41378e-34 0 2.94364e-34 0 5.7799e-34 0 1.09761e-33 0 2.01849e-33 0 3.5989e-33 0 6.22819e-33 0 1.07002e-32 0 1.74936e-32 0 2.90338e-32 0 4.59381e-32 0 7.08376e-32 0 1.08722e-31 0 1.66098e-31 0 2.42764e-31 0 3.60545e-31 0 5.23042e-31 0 7.41625e-31 0 1.0685e-30 0 1.47705e-30 0 2.03625e-30 0 2.79958e-30 0 3.83883e-30 0 5.15459e-30 0 6.90539e-30 0 9.06457e-30 0 1.18753e-29 0 1.58062e-29 0 2.02629e-29 0 2.59329e-29 0 3.37178e-29 0 4.3006e-29 0 5.38298e-29 0 6.84454e-29 0 8.54274e-29 0 1.06478e-28 0 1.32538e-28 0 1.64757e-28 0 2.01171e-28 0 2.45361e-28 0 2.98927e-28 0 3.63788e-28 0
8.67162 6.88987e-08 5.65475e-08 1.23512e-08 0.179266 0.196414 0 0 0 0 0 0 0 0 0 0 0 0 0 0 0 0 0 0 0 0 1.4013e-45 0 2.67648e-43 0 1.27266e-41 0 2.71164e-40 0 3.30829e-39 0 2.71674e-38 0 1.71187e-37 0 8.492e-37 0 3.48082e-36 0 1.26205e-35 0 3.97921e-35 0 1.15824e-34 0 3.05144e-34 0 7.6796e-34 0 1.76543e-33 0 3.81206e-33 0 7.93315e-33 0 1.59367e-32 0 3.02779e-32 0 5.57256e-32 0 9.94751e-32 0 1.72423e-31 0 2.90509e-31 0 4.86087e-31 0 7.75852e-31 0 1.2562e-30 0 1.94357e-30 0 2.93432e-30 0 4.41039e-30 0 6.59992e-30 0 9.46915e-30 0 1.37943e-29 0 1.96511e-29 0 2.73925e-29 0 3.87685e-29 0 5.27515e-29 0 7.15916e-29 0 9.69112e-29 0 1.30853e-28 0 1.73193e-28 0 2.28731e-28 0 2.96289e-28 0 3.83078e-28 0 5.02812e-28 0 6.36815e-28 0 8.05251e-28 0 1.03365e-27 0 1.30282e-27 0 1.61293e-27 0 2.02696e-27 0 2.50264e-27 0 3.08596e-27 0 3.80039e-27 0 4.6743e-27 0 5.65205e-27 0 6.82708e-27 0 8.23772e-27 0 9.92948e-27 0
9.11674 8.3927e-08 7.00729e-08 1.38541e-08 0.165074 0.17462 0 0 0 0 0 0 0 0 0 0 0 0 0 0 0 0 0 0 0 0 3.09687e-43 0 4.39755e-41 0 1.73383e-39 0 3.18186e-38 0 3.43568e-37 0 2.54572e-36 0 1.46623e-35 0 6.7264e-35 0 2.5736e-34 0 8.76242e-34 0 2.61213e-33 0 7.21678e-33 0 1.81346e-32 0 4.36286e-32 0 9.63012e-32 0 2.00272e-31 0 4.02129e-31 0 7.80775e-31 0 1.43763e-30 0 2.56827e-30 0 4.45669e-30 0 7.52023e-30 0 1.23519e-29 0 2.01545e-29 0 3.14429e-29 0 4.97263e-29 0 7.53135e-29 0 1.11441e-28 0 1.642e-28 0 2.40929e-28 0 3.3963e-28 0 4.85755e-28 0 6.80146e-28 0 9.32832e-28 0 1.29803e-27 0 1.73985e-27 0 2.32628e-27 0 3.1028e-27 0 4.12855e-27 0 5.39013e-27 0 7.02256e-27 0 8.98252e-27 0 1.14689e-26 0 1.48551e-26 0 1.85983e-26 0 2.32495e-26 0 2.94822e-26 0 3.67421e-26 0 4.50164e-26 0 5.5944e-26 0 6.83655e-26 0 8.34425e-26 0 1.01721e-25 0 1.23854e-25 0 1.48378e-25 0 1.7758e-25 0 2.12317e-25 0 2.53596e-25 0
9.5847 1.04156e-07 8.45669e-08 1.95889e-08 0.188073 0.155147 0 0 0 0 0 0 0 0 0 0 0 0 0 0 0 0 0 0 4.06377e-44 0 4.91477e-41 0 5.48261e-39 0 1.80666e-37 0 2.87641e-36 0 2.76523e-35 0 1.85807e-34 0 9.82489e-34 0 4.18415e-33 0 1.49939e-32 0 4.80859e-32 0 1.35903e-31 0 3.57296e-31 0 8.58331e-31 0 1.97835e-30 0 4.20122e-30 0 8.4302e-30 0 1.63607e-29 0 3.07534e-29 0 5.49628e-29 0 9.54465e-29 0 1.6123e-28 0 2.65198e-28 0 4.25157e-28 0 6.77342e-28 0 1.03402e-27 0 1.59909e-27 0 2.37332e-27 0 3.44524e-27 0 4.98115e-27 0 7.17323e-27 0 9.94379e-27 0 1.39758e-26 0 1.92496e-26 0 2.59971e-26 0 3.55961e-26 0 4.70345e-26 0 6.20024e-26 0 8.1544e-26 0 1.06999e-25 0 1.37888e-25 0 1.77343e-25 0 2.24129e-25 0 2.82775e-25 0 3.61665e-25 0 4.47857e-25 0 5.53794e-25 0 6.94158e-25 0 8.55844e-25 0 1.03823e-24 0 1.27664e-24 0 1.5449e-24 0 1.86735e-24 0 2.25449e-24 0 2.71877e-24 0 3.22852e-24 0 3.83017e-24 0 4.53962e-24 0 5.3754e-24 0
10.0767 1.14868e-07 9.05281e-08 2.43398e-08 0.211894 0.139798 0 0 0 0 0 0 0 0 0 0 0 0 0 0 0 0 0 0 6.33387e-42 0 5.3894e-39 0 4.77588e-37 0 1.32688e-35 0 1.84554e-34 0 1.5886e-33 0 9.72637e-33 0 4.74138e-32 0 1.88131e-31 0 6.33435e-31 0 1.9191e-30 0 5.15558e-30 0 1.29295e-29 0 2.97594e-29 0 6.58517e-29 0 1.34794e-28 0 2.61436e-28 0 4.91212e-28 0 8.9532e-28 0 1.5554e-27 0 2.62924e-27 0 4.32911e-27 0 6.94979e-27 0 1.08879e-26 0 1.69561e-26 0 2.53557e-26 0 3.83863e-26 0 5.5884e-26 0 7.96615e-26 0 1.1312e-25 0 1.60027e-25 0 2.18326e-25 0 3.01794e-25 0 4.09232e-25 0 5.44629e-25 0 7.34369e-25 0 9.57238e-25 0 1.24496e-24 0 1.61558e-24 0 2.09197e-24 0 2.66272e-24 0 3.3828e-24 0 4.22663e-24 0 5.27241e-24 0 6.66282e-24 0 8.16503e-24 0 9.99228e-24 0 1.23875e-23 0 1.51175e-23 0 1.8167e-23 0 2.21145e-23 0 2.65133e-23 0 3.17518e-23 0 3.79836e-23 0 4.53889e-23 0 5.34487e-23 0 6.28823e-23 0 7.3914e-23 0 8.6803e-23 0
10.5939 1.12319e-07 8.73916e-08 2.4927e-08 0.221931 0.128791 0 0 0 0 0 0 0 0 0 0 0 0 0 0 0 0 4.2039e-45 0 6.86101e-40 0 4.19962e-37 0 2.98977e-35 0 7.06195e-34 0 8.63764e-33 0 6.69332e-32 0 3.75108e-31 0 1.69247e-30 0 6.27847e-30 0 1.9923e-29 0 5.71801e-29 0 1.46376e-28 0 3.50977e-28 0 7.75614e-28 0 1.651e-27 0 3.26332e-27 0 6.12786e-27 0 1.11645e-26 0 1.97615e-26 0 3.34174e-26 0 5.50592e-26 0 8.84759e-26 0 1.38791e-25 0 2.12723e-25 0 3.24193e-25 0 4.75359e-25 0 7.05226e-25 0 1.00804e-24 0 1.41228e-24 0 1.97141e-24 0 2.74204e-24 0 3.68467e-24 0 5.01348e-24 0 6.69794e-24 0 8.79046e-24 0 1.16812e-23 0 1.50305e-23 0 1.9299e-23 0 2.47276e-23 0 3.16177e-23 0 3.97727e-23 0 4.99414e-23 0 6.17244e-23 0 7.617e-23 0 9.51633e-23 0 1.15467e-22 0 1.39921e-22 0 1.71651e-22 0 2.07453e-22 0 2.47074e-22 0 2.97886e-22 0 3.53989e-22 0 4.20216e-22 0 4.9831e-22 0 5.90306e-22 0 6.89602e-22 0 8.04902e-22 0 9.38672e-22 0 1.09374e-21 0
11.1377 1.04296e-07 8.07581e-08 2.35378e-08 0.225683 0.124959 0 0 0 0 0 0 0 0 0 0 0 0 0 0 0 0 5.96953e-43 0 5.58132e-38 0 2.49744e-35 0 1.44371e-33 0 2.92225e-32 0 3.16296e-31 0 2.21781e-30 0 1.1426e-29 0 4.78971e-29 0 1.66665e-28 0 4.99873e-28 0 1.36268e-27 0 3.33188e-27 0 7.65514e-27 0 1.62745e-26 0 3.33879e-26 0 6.38343e-26 0 1.16237e-25 0 2.05662e-25 0 3.54019e-25 0 5.83499e-25 0 9.38229e-25 0 1.47315e-24 0 2.26066e-24 0 3.39339e-24 0 5.06628e-24 0 7.29108e-24 0 1.06105e-23 0 1.49041e-23 0 2.054e-23 0 2.82089e-23 0 3.86088e-23 0 5.11383e-23 0 6.85421e-23 0 9.02852e-23 0 1.16929e-22 0 1.53239e-22 0 1.94764e-22 0 2.47042e-22 0 3.12725e-22 0 3.95092e-22 0 4.91459e-22 0 6.10289e-22 0 7.46519e-22 0 9.11819e-22 0 1.12687e-21 0 1.35445e-21 0 1.62597e-21 0 1.97489e-21 0 2.36483e-21 0 2.79255e-21 0 3.33624e-21 0 3.93133e-21 0 4.62791e-21 0 5.4425e-21 0 6.39416e-21 0 7.41324e-21 0 8.58765e-21 0 9.93997e-21 0 1.14959e-20 0
11.7094 8.97153e-08 6.96044e-08 2.01109e-08 0.224163 0.122548 0 0 0 0 0 0 0 0 0 0 0 0 0 0 0 0 6.2858e-41 0 3.36178e-36 0 1.11662e-33 0 5.29498e-32 0 9.25393e-31 0 8.91662e-30 0 5.68504e-29 0 2.70359e-28 0 1.05674e-27 0 3.4599e-27 0 9.83534e-27 0 2.55305e-26 0 5.9758e-26 0 1.31832e-25 0 2.70136e-25 0 5.35091e-25 0 9.91177e-25 0 1.7528e-24 0 3.01608e-24 0 5.05592e-24 0 8.13238e-24 0 1.27766e-23 0 1.9624e-23 0 2.94914e-23 0 4.33991e-23 0 6.35387e-23 0 8.983e-23 0 1.28354e-22 0 1.77328e-22 0 2.40586e-22 0 3.25332e-22 0 4.38503e-22 0 5.72892e-22 0 7.56961e-22 0 9.83763e-22 0 1.25809e-21 0 1.62714e-21 0 2.044e-21 0 2.56272e-21 0 3.20696e-21 0 4.00564e-21 0 4.92985e-21 0 6.05745e-21 0 7.33706e-21 0 8.8746e-21 0 1.08549e-20 0 1.29304e-20 0 1.53847e-20 0 1.85096e-20 0 2.19701e-20 0 2.5734e-20 0 3.04785e-20 0 3.56283e-20 0 4.16084e-20 0 4.85463e-20 0 5.6588e-20 0 6.51349e-20 0 7.49138e-20 0 8.60937e-20 0 9.88658e-20 0
12.3105 7.28627e-08 5.7114e-08 1.57487e-08 0.216142 0.121573 0 0 0 0 0 0 0 0 0 0 0 0 0 0 3.92364e-44 0 4.92433e-39 0 1.54775e-34 0 3.87201e-32 0 1.52078e-30 0 2.31136e-29 0 1.9939e-28 0 1.16133e-27 0 5.11801e-27 0 1.87164e-26 0 5.78321e-26 0 1.56222e-25 0 3.87066e-25 0 8.6914e-25 0 1.84475e-24 0 3.64996e-24 0 6.99261e-24 0 1.25687e-23 0 2.16164e-23 0 3.62232e-23 0 5.92093e-23 0 9.30528e-23 0 1.43004e-22 0 2.1509e-22 0 3.16877e-22 0 4.57598e-22 0 6.57596e-22 0 9.14113e-22 0 1.28357e-21 0 1.74556e-21 0 2.33324e-21 0 3.10898e-21 0 4.12984e-21 0 5.32556e-21 0 6.94157e-21 0 8.90671e-21 0 1.12545e-20 0 1.43742e-20 0 1.78567e-20 0 2.21425e-20 0 2.74072e-20 0 3.38631e-20 0 4.12559e-20 0 5.01852e-20 0 6.02205e-20 0 7.21667e-20 0 8.74059e-20 0 1.03233e-19 0 1.2179e-19 0 1.4521e-19 0 1.70922e-19 0 1.98665e-19 0 2.33356e-19 0 2.70713e-19 0 3.13766e-19 0 3.63339e-19 0 4.20368e-19 0 4.80547e-19 0 5.48931e-19 0 6.26583e-19 0 7.14694e-19 0
12.9424 6.12253e-08 4.97665e-08 1.14588e-08 0.187158 0.117284 0 0 0 0 0 0 0 0 0 0 0 0 9.52883e-44 0 4.54161e-42 0 3.23927e-37 0 6.14074e-33 0 1.17318e-30 0 3.8518e-29 0 5.12582e-28 0 3.98024e-27 0 2.12715e-26 0 8.71954e-26 0 2.9931e-25 0 8.75279e-25 0 2.25241e-24 0 5.33891e-24 0 1.1524e-23 0 2.35774e-23 0 4.51207e-23 0 8.37418e-23 0 1.46272e-22 0 2.44994e-22 0 4.00325e-22 0 6.38846e-22 0 9.82086e-22 0 1.47794e-21 0 2.17908e-21 0 3.15013e-21 0 4.46818e-21 0 6.30835e-21 0 8.62925e-21 0 1.19178e-20 0 1.59658e-20 0 2.10408e-20 0 2.76462e-20 0 3.62185e-20 0 4.61286e-20 0 5.93531e-20 0 7.52346e-20 0 9.39861e-20 0 1.18613e-19 0 1.45799e-19 0 1.78902e-19 0 2.19145e-19 0 2.67984e-19 0 3.23356e-19 0 3.89597e-19 0 4.6336e-19 0 5.50395e-19 0 6.60414e-19 0 7.73686e-19 0 9.05424e-19 0 1.07031e-18 0 1.24984e-18 0 1.44207e-18 0 1.68063e-18 0 1.93559e-18 0 2.22731e-18 0 2.5608e-18 0 2.94173e-18 0 3.34096e-18 0 3.79169e-18 0 4.30019e-18 0 4.87348e-18 0
13.6067 5.54877e-08 4.6601e-08 8.88669e-09 0.160156 0.107007 0 0 0 0 0 0 0 0 0 0 7.56701e-44 0 1.11641e-41 0 4.43145e-40 0 1.83152e-35 0 2.14649e-31 0 3.17321e-29 0 8.78547e-28 0 1.03034e-26 0 7.23881e-26 0 3.56466e-25 0 1.36395e-24 0 4.40834e-24 0 1.22334e-23 0 3.00612e-23 0 6.83143e-23 0 1.4202e-22 0 2.80583e-22 0 5.2021e-22 0 9.36769e-22 0 1.5923e-21 0 2.60066e-21 0 4.14886e-21 0 6.47145e-21 0 9.74174e-21 0 1.43707e-20 0 2.07903e-20 0 2.95191e-20 0 4.11616e-20 0 5.71432e-20 0 7.69802e-20 0 1.04654e-19 0 1.38214e-19 0 1.79709e-19 0 2.32998e-19 0 3.01246e-19 0 3.79169e-19 0 4.81904e-19 0 6.0382e-19 0 7.46165e-19 0 9.31044e-19 0 1.13296e-18 0 1.37638e-18 0 1.66937e-18 0 2.02145e-18 0 2.41686e-18 0 2.88559e-18 0 3.403e-18 0 4.00837e-18 0 4.767e-18 0 5.54163e-18 0 6.43562e-18 0 7.54571e-18 0 8.74494e-18 0 1.00197e-17 0 1.15903e-17 0 1.32569e-17 0 1.51507e-17 0 1.73009e-17 0 1.97404e-17 0 2.22806e-17 0 2.51307e-17 0 2.83263e-17 0 3.19072e-17 0
14.3051 5.16796e-08 4.47495e-08 6.93014e-09 0.134098 0.0912239 0 0 0 0 0 0 0 0 7.00649e-45 0 9.12526e-42 0 1.05276e-39 0 3.4912e-38 0 8.58729e-34 0 6.3696e-30 0 7.3781e-28 0 1.73698e-26 0 1.80637e-25 0 1.15386e-24 0 5.25656e-24 0 1.88377e-23 0 5.74951e-23 0 1.51796e-22 0 3.56989e-22 0 7.7939e-22 0 1.56341e-21 0 2.98777e-21 0 5.37496e-21 0 9.40495e-21 0 1.55776e-20 0 2.48403e-20 0 3.87345e-20 0 5.91213e-20 0 8.72382e-20 0 1.26271e-19 0 1.79414e-19 0 2.50418e-19 0 3.43562e-19 0 4.69377e-19 0 6.23186e-19 0 8.34607e-19 0 1.08738e-18 0 1.39583e-18 0 1.78693e-18 0 2.28154e-18 0 2.83964e-18 0 3.56703e-18 0 4.4205e-18 0 5.40643e-18 0 6.67348e-18 0 8.0433e-18 0 9.67902e-18 0 1.16293e-17 0 1.3951e-17 0 1.65351e-17 0 1.95718e-17 0 2.28961e-17 0 2.67544e-17 0 3.15499e-17 0 3.6408e-17 0 4.19739e-17 0 4.88331e-17 0 5.6188e-17 0 6.39525e-17 0 7.34529e-17 0 8.34656e-17 0 9.4769e-17 0 1.0752e-16 0 1.21893e-16 0 1.36767e-16 0 1.53358e-16 0 1.71852e-16 0 1.92455e-16 0
15.0394 5.07685e-08 4.52347e-08 5.53376e-09 0.109 0.0769652 0 0 0 0 0 0 0 0 1.04537e-42 0 9.01794e-40 0 8.25149e-38 0 2.3064e-36 0 3.46286e-32 0 1.66238e-28 0 1.52686e-26 0 3.08083e-25 0 2.85777e-24 0 1.66745e-23 0 7.05421e-23 0 2.37526e-22 0 6.86519e-22 0 1.72861e-21 0 3.89904e-21 0 8.19411e-21 0 1.58877e-20 0 2.94172e-20 0 5.14253e-20 0 8.75579e-20 0 1.41495e-19 0 2.20547e-19 0 3.36529e-19 0 5.03156e-19 0 7.28476e-19 0 1.03555e-18 0 1.44636e-18 0 1.98616e-18 0 2.68318e-18 0 3.61035e-18 0 4.72754e-18 0 6.24174e-18 0 8.02774e-18 0 1.01801e-17 0 1.28762e-17 0 1.62453e-17 0 2.00043e-17 0 2.48503e-17 0 3.04752e-17 0 3.69077e-17 0 4.50915e-17 0 5.38539e-17 0 6.42228e-17 0 7.64748e-17 0 9.0931e-17 0 1.06883e-16 0 1.25476e-16 0 1.45667e-16 0 1.68925e-16 0 1.97606e-16 0 2.26445e-16 0 2.59256e-16 0 2.99402e-16 0 3.42144e-16 0 3.86971e-16 0 4.41461e-16 0 4.98519e-16 0 5.62533e-16 0 6.34298e-16 0 7.14697e-16 0 7.97416e-16 0 8.89165e-16 0 9.90869e-16 0 1.10354e-15 0
15.8114 5.3012e-08 4.82264e-08 4.78557e-09 0.0902733 0.0659326 0 0 0 0 0 0 0 0 1.19667e-40 0 7.42414e-38 0 5.44887e-36 0 1.29446e-34 0 1.21528e-30 0 3.85687e-27 0 2.84092e-25 0 4.95016e-24 0 4.11859e-23 0 2.20482e-22 0 8.69332e-22 0 2.7587e-21 0 7.5708e-21 0 1.82224e-20 0 3.9502e-20 0 8.00599e-20 0 1.50291e-19 0 2.7003e-19 0 4.59351e-19 0 7.62042e-19 0 1.20295e-18 0 1.83483e-18 0 2.74257e-18 0 4.02077e-18 0 5.71709e-18 0 7.98865e-18 0 1.09773e-17 0 1.48425e-17 0 1.97589e-17 0 2.62041e-17 0 3.38641e-17 0 4.41081e-17 0 5.60363e-17 0 7.02409e-17 0 8.78308e-17 0 1.09562e-16 0 1.33548e-16 0 1.64153e-16 0 1.99314e-16 0 2.39137e-16 0 2.89319e-16 0 3.42558e-16 0 4.05017e-16 0 4.78189e-16 0 5.63796e-16 0 6.57495e-16 0 7.65846e-16 0 8.82634e-16 0 1.01618e-15 0 1.17965e-15 0 1.34285e-15 0 1.52729e-15 0 1.75144e-15 0 1.98848e-15 0 2.23553e-15 0 2.53397e-15 0 2.84454e-15 0 3.19093e-15 0 3.57698e-15 0 4.00696e-15 0 4.44688e-15 0 4.93223e-15 0 5.4674e-15 0 6.05718e-15 0
16.623 5.67544e-08 5.22131e-08 4.54126e-09 0.080016 0.0568857 0 0 0 0 0 0 1.06499e-43 0 1.09414e-38 0 4.95899e-36 0 2.95096e-34 0 6.00586e-33 0 3.60749e-29 0 7.72331e-26 0 4.61171e-24 0 6.98915e-23 0 5.24359e-22 0 2.58631e-21 0 9.53678e-21 0 2.86045e-20 0 7.47249e-20 0 1.72307e-19 0 3.59677e-19 0 7.04254e-19 0 1.28202e-18 0 2.23845e-18 0 3.71035e-18 0 6.00504e-18 0 9.2705e-18 0 1.38516e-17 0 2.0302e-17 0 2.92132e-17 0 4.08302e-17 0 5.61288e-17 0 7.59395e-17 0 1.01177e-16 0 1.32823e-16 0 1.73738e-16 0 2.21731e-16 0 2.85102e-16 0 3.57995e-16 0 4.4382e-16 0 5.4894e-16 0 6.77406e-16 0 8.1777e-16 0 9.95096e-16 0 1.19685e-15 0 1.42327e-15 0 1.70599e-15 0 2.00333e-15 0 2.34931e-15 0 2.75135e-15 0 3.21793e-15 0 3.72466e-15 0 4.30626e-15 0 4.92868e-15 0 5.63552e-15 0 6.4946e-15 0 7.34647e-15 0 8.30321e-15 0 9.45835e-15 0 1.06721e-14 0 1.19296e-14 0 1.34397e-14 0 1.5002e-14 0 1.67346e-14 0 1.8655e-14 0 2.07819e-14 0 2.29466e-14 0 2.53226e-14 0 2.79294e-14 0 3.07879e-14 0
17.4762 5.95414e-08 5.50305e-08 4.5109e-09 0.0757607 0.0495287 0 0 0 0 0 0 1.32213e-41 0 7.74684e-37 0 2.60468e-34 0 1.26965e-32 0 2.2305e-31 0 8.76082e-28 0 1.28982e-24 0 6.30774e-23 0 8.37137e-22 0 5.69207e-21 0 2.59707e-20 0 8.98538e-20 0 2.55434e-19 0 6.36719e-19 0 1.40952e-18 0 2.83841e-18 0 5.37829e-18 0 9.5084e-18 0 1.61563e-17 0 2.61273e-17 0 4.13035e-17 0 6.24261e-17 0 9.14638e-17 0 1.31577e-16 0 1.85996e-16 0 2.55745e-16 0 3.4615e-16 0 4.61462e-16 0 6.06273e-16 0 7.85394e-16 0 1.01394e-15 0 1.27872e-15 0 1.62412e-15 0 2.01682e-15 0 2.47423e-15 0 3.02867e-15 0 3.69927e-15 0 4.42492e-15 0 5.33308e-15 0 6.35679e-15 0 7.49567e-15 0 8.90554e-15 0 1.0376e-14 0 1.20736e-14 0 1.40312e-14 0 1.62856e-14 0 1.8716e-14 0 2.14857e-14 0 2.44297e-14 0 2.7751e-14 0 3.17606e-14 0 3.5711e-14 0 4.01211e-14 0 4.54131e-14 0 5.09394e-14 0 5.66328e-14 0 6.34314e-14 0 7.0426e-14 0 7.81417e-14 0 8.66478e-14 0 9.60195e-14 0 1.05509e-13 0 1.15876e-13 0 1.27195e-13 0 1.39547e-13 0
18.3733 5.98514e-08 5.54259e-08 4.42555e-09 0.0739423 0.0437731 0 0 0 0 0 0 1.22999e-39 0 4.21651e-35 0 1.06714e-32 0 4.30268e-31 0 6.57183e-30 0 1.72324e-26 0 1.77688e-23 0 7.18655e-22 0 8.40654e-21 0 5.2053e-20 0 2.20533e-19 0 7.18137e-19 0 1.93997e-18 0 4.62486e-18 0 9.84853e-18 0 1.91661e-17 0 3.52006e-17 0 6.05243e-17 0 1.00213e-16 0 1.58301e-16 0 2.44718e-16 0 3.62482e-16 0 5.2128e-16 0 7.36702e-16 0 1.02394e-15 0 1.3862e-15 0 1.84869e-15 0 2.43019e-15 0 3.15054e-15 0 4.0301e-15 0 5.13838e-15 0 6.40717e-15 0 8.04342e-15 0 9.8832e-15 0 1.20043e-14 0 1.45499e-14 0 1.75988e-14 0 2.08677e-14 0 2.49224e-14 0 2.94527e-14 0 3.44512e-14 0 4.05881e-14 0 4.69383e-14 0 5.42155e-14 0 6.25451e-14 0 7.20681e-14 0 8.22627e-14 0 9.38024e-14 0 1.05988e-13 0 1.19651e-13 0 1.3604e-13 0 1.52087e-13 0 1.69901e-13 0 1.91151e-13 0 2.13213e-13 0 2.3582e-13 0 2.62672e-13 0 2.90151e-13 0 3.20309e-13 0 3.53389e-13 0 3.89653e-13 0 4.26197e-13 0 4.65935e-13 0 5.09125e-13 0 5.56046e-13 0
19.3164 5.71732e-08 5.30157e-08 4.15747e-09 0.0727171 0.0397488 0 0 0 0 0 0 8.60631e-38 0 1.77194e-33 0 3.4228e-31 0 1.15215e-29 0 1.54047e-28 0 2.75043e-25 0 2.02111e-22 0 6.82337e-21 0 7.07859e-20 0 4.00973e-19 0 1.58318e-18 0 4.86664e-18 0 1.25241e-17 0 2.86172e-17 0 5.87316e-17 0 1.10641e-16 0 1.97261e-16 0 3.30317e-16 0 5.33621e-16 0 8.24324e-16 0 1.2475e-15 0 1.81273e-15 0 2.56102e-15 0 3.55877e-15 0 4.86747e-15 0 6.49278e-15 0 8.53816e-15 0 1.10749e-14 0 1.41769e-14 0 1.7918e-14 0 2.25761e-14 0 2.78491e-14 0 3.4575e-14 0 4.20583e-14 0 5.0602e-14 0 6.07594e-14 0 7.28121e-14 0 8.56214e-14 0 1.01375e-13 0 1.1883e-13 0 1.37937e-13 0 1.61213e-13 0 1.85117e-13 0 2.12318e-13 0 2.43234e-13 0 2.78336e-13 0 3.15663e-13 0 3.57645e-13 0 4.01704e-13 0 4.50811e-13 0 5.09355e-13 0 5.66348e-13 0 6.2927e-13 0 7.03913e-13 0 7.80982e-13 0 8.5955e-13 0 9.52395e-13 0 1.04693e-12 0 1.15018e-12 0 1.26289e-12 0 1.38586e-12 0 1.50922e-12 0 1.64277e-12 0 1.78729e-12 0 1.94362e-12 0
20.3079 5.24837e-08 4.88121e-08 3.67165e-09 0.0699579 0.0373828 0 0 0 0 0 0 4.64341e-36 0 5.88655e-32 0 8.79395e-30 0 2.49318e-28 0 2.93706e-27 0 3.63829e-24 0 1.93708e-21 0 5.50723e-20 0 5.09658e-19 0 2.65261e-18 0 9.7942e-18 0 2.85008e-17 0 7.00376e-17 0 1.53706e-16 0 3.04572e-16 0 5.56295e-16 0 9.64208e-16 0 1.57445e-15 0 2.48462e-15 0 3.75754e-15 0 5.57266e-15 0 7.95116e-15 0 1.10454e-14 0 1.5104e-14 0 2.03449e-14 0 2.67593e-14 0 3.47217e-14 0 4.44694e-14 0 5.62426e-14 0 7.02764e-14 0 8.75526e-14 0 1.069e-13 0 1.31324e-13 0 1.58226e-13 0 1.88657e-13 0 2.24512e-13 0 2.66682e-13 0 3.11126e-13 0 3.65345e-13 0 4.24942e-13 0 4.89692e-13 0 5.67983e-13 0 6.47814e-13 0 7.38045e-13 0 8.39923e-13 0 9.54829e-13 0 1.07625e-12 0 1.21197e-12 0 1.35358e-12 0 1.51052e-12 0 1.69654e-12 0 1.87662e-12 0 2.07442e-12 0 2.30782e-12 0 2.54754e-12 0 2.79073e-12 0 3.07673e-12 0 3.36654e-12 0 3.68161e-12 0 4.02398e-12 0 4.3958e-12 0 4.76718e-12 0 5.1676e-12 0 5.59913e-12 0 6.064e-12 0
21.3503 4.82903e-08 4.50994e-08 3.19082e-09 0.0660758 0.0352701 0 0 0 0 1.4013e-45 0 2.03591e-34 0 1.62726e-30 0 1.90379e-28 0 4.58426e-27 0 4.78773e-26 0 4.18892e-23 0 1.64152e-20 0 3.96326e-19 0 3.29016e-18 0 1.57992e-17 0 5.47308e-17 0 1.51172e-16 0 3.55534e-16 0 7.50885e-16 0 1.43904e-15 0 2.5522e-15 0 4.30643e-15 0 6.86558e-15 0 1.05958e-14 0 1.57039e-14 0 2.2846e-14 0 3.20362e-14 0 4.3795e-14 0 5.89792e-14 0 7.82971e-14 0 1.01614e-13 0 1.30184e-13 0 1.64729e-13 0 2.05965e-13 0 2.54574e-13 0 3.13771e-13 0 3.79394e-13 0 4.61415e-13 0 5.50903e-13 0 6.51238e-13 0 7.68452e-13 0 9.05149e-13 0 1.04808e-12 0 1.22111e-12 0 1.40987e-12 0 1.61348e-12 0 1.85794e-12 0 2.10551e-12 0 2.38356e-12 0 2.6955e-12 0 3.04514e-12 0 3.41237e-12 0 3.82047e-12 0 4.2439e-12 0 4.71066e-12 0 5.26086e-12 0 5.7907e-12 0 6.3698e-12 0 7.04969e-12 0 7.7445e-12 0 8.44614e-12 0 9.26746e-12 0 1.00959e-11 0 1.09927e-11 0 1.19629e-11 0 1.3012e-11 0 1.40555e-11 0 1.51763e-11 0 1.63793e-11 0 1.76703e-11 0
22.4463 4.40207e-08 4.12469e-08 2.77375e-09 0.0630102 0.0333336 0 0 0 0 1.8357e-43 0 7.22947e-33 0 3.72614e-29 0 3.45499e-27 0 7.12258e-26 0 6.63366e-25 0 4.16953e-22 0 1.22074e-19 0 2.52299e-18 0 1.88887e-17 0 8.40138e-17 0 2.73907e-16 0 7.19944e-16 0 1.62396e-15 0 3.30685e-15 0 6.13932e-15 0 1.0588e-14 0 1.7415e-14 0 2.71389e-14 0 4.10063e-14 0 5.96184e-14 0 8.51597e-14 0 1.17462e-13 0 1.58143e-13 0 2.099e-13 0 2.74822e-13 0 3.52153e-13 0 4.4574e-13 0 5.57576e-13 0 6.8959e-13 0 8.43566e-13 0 1.02916e-12 0 1.23292e-12 0 1.4852e-12 0 1.75796e-12 0 2.06123e-12 0 2.41265e-12 0 2.8192e-12 0 3.2411e-12 0 3.74812e-12 0 4.29722e-12 0 4.88555e-12 0 5.58714e-12 0 6.29308e-12 0 7.08111e-12 0 7.95991e-12 0 8.93901e-12 0 9.96147e-12 0 1.10915e-11 0 1.22577e-11 0 1.35367e-11 0 1.50364e-11 0 1.64735e-11 0 1.80368e-11 0 1.98633e-11 0 2.17212e-11 0 2.35889e-11 0 2.57658e-11 0 2.7952e-11 0 3.03086e-11 0 3.28477e-11 0 3.5582e-11 0 3.82912e-11 0 4.11897e-11 0 4.42897e-11 0 4.76038e-11 0
23.5984 3.9146e-08 3.6793e-08 2.35301e-09 0.0601086 0.0315294 0 0 0 0 1.72276e-41 0 2.06877e-31 0 7.0246e-28 0 5.22111e-26 0 9.28518e-25 0 7.75515e-24 0 3.55875e-21 0 7.896e-19 0 1.40761e-17 0 9.55175e-17 0 3.9499e-16 0 1.21557e-15 0 3.04778e-15 0 6.6071e-15 0 1.29949e-14 0 2.34077e-14 0 3.93093e-14 0 6.31036e-14 0 9.62315e-14 0 1.42502e-13 0 2.03431e-13 0 2.85568e-13 0 3.87751e-13 0 5.14518e-13 0 6.73535e-13 0 8.70331e-13 0 1.10181e-12 0 1.37867e-12 0 1.70583e-12 0 2.08794e-12 0 2.52914e-12 0 3.05577e-12 0 3.62861e-12 0 4.33156e-12 0 5.08503e-12 0 5.91611e-12 0 6.87173e-12 0 7.96885e-12 0 9.09922e-12 0 1.04483e-11 0 1.18992e-11 0 1.34439e-11 0 1.52741e-11 0 1.71043e-11 0 1.91356e-11 0 2.13879e-11 0 2.3883e-11 0 2.64745e-11 0 2.93234e-11 0 3.22489e-11 0 3.54416e-11 0 3.91668e-11 0 4.27192e-11 0 4.65666e-11 0 5.10414e-11 0 5.55721e-11 0 6.01082e-11 0 6.53727e-11 0 7.06381e-11 0 7.62915e-11 0 8.23586e-11 0 8.88668e-11 0 9.52909e-11 0 1.0214e-10 0 1.09438e-10 0 1.17214e-10 0
24.8097 3.45757e-08 3.26172e-08 1.95851e-09 0.0566442 0.0297707 0 0 0 0 1.26886e-39 0 4.90655e-30 0 1.12019e-26 0 6.74649e-25 0 1.04249e-23 0 7.84996e-23 0 2.67067e-20 0 4.5518e-18 0 7.04977e-17 0 4.35687e-16 0 1.68104e-15 0 4.89705e-15 0 1.17395e-14 0 2.45059e-14 0 4.66324e-14 0 8.162e-14 0 1.33641e-13 0 2.09635e-13 0 3.13169e-13 0 4.54945e-13 0 6.38272e-13 0 8.81267e-13 0 1.17887e-12 0 1.54282e-12 0 1.99326e-12 0 2.54362e-12 0 3.18328e-12 0 3.9398e-12 0 4.82431e-12 0 5.84697e-12 0 7.0165e-12 0 8.39959e-12 0 9.89087e-12 0 1.17053e-11 0 1.36343e-11 0 1.57458e-11 0 1.8156e-11 0 2.0903e-11 0 2.3714e-11 0 2.70466e-11 0 3.06077e-11 0 3.43754e-11 0 3.88126e-11 0 4.32239e-11 0 4.80928e-11 0 5.34622e-11 0 5.93784e-11 0 6.54911e-11 0 7.21776e-11 0 7.90107e-11 0 8.64337e-11 0 9.50536e-11 0 1.03236e-10 0 1.12061e-10 0 1.22281e-10 0 1.32583e-10 0 1.42857e-10 0 1.54734e-10 0 1.66565e-10 0 1.79221e-10 0 1.92752e-10 0 2.07213e-10 0 2.21437e-10 0 2.36549e-10 0 2.52599e-10 0 2.69641e-10 0
26.0832 3.05441e-08 2.89253e-08 1.61877e-09 0.0529979 0.0281632 0 0 0 0 7.44263e-38 0 9.79479e-29 0 1.53298e-25 0 7.55831e-24 0 1.02181e-22 0 6.97195e-22 0 1.78442e-19 0 2.36649e-17 0 3.20625e-16 0 1.81291e-15 0 6.54861e-15 0 1.81065e-14 0 4.1592e-14 0 8.37579e-14 0 1.54455e-13 0 2.63051e-13 0 4.20464e-13 0 6.45216e-13 0 9.4517e-13 0 1.34826e-12 0 1.86054e-12 0 2.52872e-12 0 3.33494e-12 0 4.30758e-12 0 5.49605e-12 0 6.93059e-12 0 8.57899e-12 0 1.05079e-11 0 1.27403e-11 0 1.52968e-11 0 1.81938e-11 0 2.15896e-11 0 2.52207e-11 0 2.96029e-11 0 3.42254e-11 0 3.9249e-11 0 4.49431e-11 0 5.13883e-11 0 5.79408e-11 0 6.56606e-11 0 7.38584e-11 0 8.24813e-11 0 9.25776e-11 0 1.02559e-10 0 1.13519e-10 0 1.25542e-10 0 1.38722e-10 0 1.52273e-10 0 1.67025e-10 0 1.82031e-10 0 1.98262e-10 0 2.17025e-10 0 2.34759e-10 0 2.53808e-10 0 2.75777e-10 0 2.97834e-10 0 3.19745e-10 0 3.4498e-10 0 3.70025e-10 0 3.96719e-10 0 4.25157e-10 0 4.55443e-10 0 4.8513e-10 0 5.1657e-10 0 5.49856e-10 0 5.85083e-10 0
27.4221 2.69888e-08 2.56549e-08 1.33396e-09 0.0494264 0.0266783 0 0 0 0 3.51487e-36 0 1.65935e-27 0 1.81346e-24 0 7.3917e-23 0 8.79976e-22 0 5.46686e-21 0 1.06734e-18 0 1.11501e-16 0 1.33017e-15 0 6.91119e-15 0 2.34473e-14 0 6.16898e-14 0 1.36067e-13 0 2.64805e-13 0 4.73943e-13 0 7.86458e-13 0 1.22862e-12 0 1.84636e-12 0 2.65476e-12 0 3.72182e-12 0 5.05584e-12 0 6.76937e-12 0 8.80782e-12 0 1.12353e-11 0 1.41657e-11 0 1.7662e-11 0 2.16362e-11 0 2.62397e-11 0 3.15167e-11 0 3.75043e-11 0 4.4231e-11 0 5.205e-11 0 6.03442e-11 0 7.02775e-11 0 8.06779e-11 0 9.1903e-11 0 1.04542e-10 0 1.18755e-10 0 1.33115e-10 0 1.49932e-10 0 1.67686e-10 0 1.86256e-10 0 2.0788e-10 0 2.29144e-10 0 2.52377e-10 0 2.77739e-10 0 3.05406e-10 0 3.33715e-10 0 3.64397e-10 0 3.95472e-10 0 4.28941e-10 0 4.67466e-10 0 5.0373e-10 0 5.42534e-10 0 5.87109e-10 0 6.31689e-10 0 6.75816e-10 0 7.26452e-10 0 7.76531e-10 0 8.29723e-10 0 8.86201e-10 0 9.46144e-10 0 1.00471e-09 0 1.06655e-09 0 1.13182e-09 0 1.20069e-09 0
28.8297 2.38302e-08 2.27351e-08 1.09503e-09 0.0459516 0.0252018 0 0 0 0 1.34939e-34 0 2.40251e-26 0 1.86586e-23 0 6.34595e-22 0 6.69425e-21 0 3.80398e-20 0 5.74077e-18 0 4.77937e-16 0 5.05165e-15 0 2.4218e-14 0 7.7406e-14 0 1.9426e-13 0 4.12241e-13 0 7.76614e-13 0 1.35102e-12 0 2.18712e-12 0 3.34316e-12 0 4.92512e-12 0 6.95706e-12 0 9.59383e-12 0 1.28391e-11 0 1.69473e-11 0 2.17691e-11 0 2.74408e-11 0 3.42084e-11 0 4.21946e-11 0 5.11794e-11 0 6.1487e-11 0 7.31946e-11 0 8.63639e-11 0 1.01037e-10 0 1.17957e-10 0 1.35769e-10 0 1.56946e-10 0 1.78963e-10 0 2.0257e-10 0 2.28984e-10 0 2.58501e-10 0 2.88149e-10 0 3.22673e-10 0 3.58914e-10 0 3.96623e-10 0 4.40302e-10 0 4.8304e-10 0 5.29512e-10 0 5.80006e-10 0 6.34832e-10 0 6.90683e-10 0 7.50952e-10 0 8.11741e-10 0 8.76955e-10 0 9.51713e-10 0 1.02181e-09 0 1.09654e-09 0 1.18207e-09 0 1.26729e-09 0 1.35135e-09 0 1.44749e-09 0 1.54224e-09 0 1.64257e-09 0 1.74874e-09 0 1.86107e-09 0 1.97049e-09 0 2.08568e-09 0 2.20691e-09 0 2.33444e-09 0
30.3095 2.1049e-08 2.01518e-08 8.97196e-10 0.0426242 0.0238014 0 0 0 0 4.25826e-33 0 2.99873e-25 0 1.68283e-22 0 4.81812e-21 0 4.53029e-20 0 2.36495e-19 0 2.79371e-17 0 1.87421e-15 0 1.76556e-14 0 7.84067e-14 0 2.36784e-13 0 5.68133e-13 0 1.16215e-12 0 2.1227e-12 0 3.59423e-12 0 5.68331e-12 0 8.50918e-12 0 1.23008e-11 0 1.70851e-11 0 2.31937e-11 0 3.06009e-11 0 3.98487e-11 0 5.05642e-11 0 6.30218e-11 0 7.77236e-11 0 9.48917e-11 0 1.14018e-10 0 1.35759e-10 0 1.6024e-10 0 1.87549e-10 0 2.17739e-10 0 2.52287e-10 0 2.88398e-10 0 3.31031e-10 0 3.75056e-10 0 4.2197e-10 0 4.74147e-10 0 5.32107e-10 0 5.9e-10 0 6.57049e-10 0 7.27057e-10 0 7.99534e-10 0 8.83069e-10 0 9.64412e-10 0 1.05246e-09 0 1.14771e-09 0 1.25067e-09 0 1.35512e-09 0 1.46736e-09 0 1.58012e-09 0 1.70064e-09 0 1.83826e-09 0 1.96681e-09 0 2.1034e-09 0 2.25916e-09 0 2.41381e-09 0 2.56587e-09 0 2.7392e-09 0 2.90949e-09 0 3.08923e-09 0 3.27888e-09 0 3.4789e-09 0 3.67318e-09 0 3.87714e-09 0 4.09119e-09 0 4.31576e-09 0
31.8653 1.85892e-08 1.78555e-08 7.33703e-10 0.0394693 0.0224149 0 0 0 0 1.11459e-31 0 3.24836e-24 0 1.33828e-21 0 3.25278e-20 0 2.74148e-19 0 1.3202e-18 0 1.23543e-16 0 6.74951e-15 0 5.69874e-14 0 2.35308e-13 0 6.73286e-13 0 1.54789e-12 0 3.05758e-12 0 5.42287e-12 0 8.9491e-12 0 1.38376e-11 0 2.03137e-11 0 2.88415e-11 0 3.94219e-11 0 5.2724e-11 0 6.86272e-11 0 8.82219e-11 0 1.10651e-10 0 1.36437e-10 0 1.66552e-10 0 2.01369e-10 0 2.39797e-10 0 2.831e-10 0 3.31456e-10 0 3.84976e-10 0 4.43699e-10 0 5.10418e-10 0 5.79678e-10 0 6.60905e-10 0 7.44251e-10 0 8.32542e-10 0 9.30177e-10 0 1.03802e-09 0 1.14517e-09 0 1.26862e-09 0 1.39687e-09 0 1.52901e-09 0 1.68058e-09 0 1.82751e-09 0 1.98588e-09 0 2.15646e-09 0 2.34008e-09 0 2.52558e-09 0 2.72417e-09 0 2.92293e-09 0 3.13459e-09 0 3.3754e-09 0 3.59955e-09 0 3.83693e-09 0 4.10671e-09 0 4.37368e-09 0 4.63535e-09 0 4.93271e-09 0 5.22397e-09 0 5.53048e-09 0 5.85294e-09 0 6.19207e-09 0 6.52054e-09 0 6.86446e-09 0 7.22446e-09 0 7.60117e-09 0
33.5009 1.64243e-08 1.58248e-08 5.99572e-10 0.0365051 0.0211159 0 0 2.10195e-44 0 2.44347e-30 0 3.07685e-23 0 9.44754e-21 0 1.96504e-19 0 1.49246e-18 0 6.65626e-18 0 4.99076e-16 0 2.24281e-14 0 1.70633e-13 0 6.57432e-13 0 1.78699e-12 0 3.94467e-12 0 7.5373e-12 0 1.29992e-11 0 2.09337e-11 0 3.16872e-11 0 4.56533e-11 0 6.37191e-11 0 8.57753e-11 0 1.13101e-10 0 1.45334e-10 0 1.84553e-10 0 2.28927e-10 0 2.79404e-10 0 3.37769e-10 0 4.04612e-10 0 4.77734e-10 0 5.59452e-10 0 6.49986e-10 0 7.49442e-10 0 8.57794e-10 0 9.80053e-10 0 1.10615e-09 0 1.2531e-09 0 1.40296e-09 0 1.56083e-09 0 1.73446e-09 0 1.92521e-09 0 2.11377e-09 0 2.32997e-09 0 2.55348e-09 0 2.78272e-09 0 3.0445e-09 0 3.29715e-09 0 3.56836e-09 0 3.85931e-09 0 4.17125e-09 0 4.48518e-09 0 4.82e-09 0 5.15394e-09 0 5.50832e-09 0 5.91009e-09 0 6.28281e-09 0 6.67628e-09 0 7.12204e-09 0 7.56174e-09 0 7.99144e-09 0 8.47833e-09 0 8.95382e-09 0 9.45283e-09 0 9.97634e-09 0 1.05254e-08 0 1.10558e-08 0 1.16098e-08 0 1.21882e-08 0 1.27919e-08 0
35.2205 1.45164e-08 1.40269e-08 4.89543e-10 0.0337234 0.0197492 0 0 1.95061e-42 0 4.52506e-29 0 2.56488e-22 0 5.95447e-20 0 1.06793e-18 0 7.34657e-18 0 3.04585e-17 0 1.8497e-15 0 6.90303e-14 0 4.75645e-13 0 1.71582e-12 0 4.44161e-12 0 9.43276e-12 0 1.74628e-11 0 2.93264e-11 0 4.61406e-11 0 6.84434e-11 0 9.68673e-11 0 1.33016e-10 0 1.7648e-10 0 2.29581e-10 0 2.91419e-10 0 3.65769e-10 0 4.48967e-10 0 5.42656e-10 0 6.49964e-10 0 7.71754e-10 0 9.03867e-10 0 1.05035e-09 0 1.21142e-09 0 1.3871e-09 0 1.57721e-09 0 1.79032e-09 0 2.00876e-09 0 2.2618e-09 0 2.51838e-09 0 2.78721e-09 0 3.08135e-09 0 3.40286e-09 0 3.71914e-09 0 4.08009e-09 0 4.45153e-09 0 4.83085e-09 0 5.26216e-09 0 5.6767e-09 0 6.11998e-09 0 6.5937e-09 0 7.09966e-09 0 7.60698e-09 0 8.14616e-09 0 8.6821e-09 0 9.249e-09 0 9.88955e-09 0 1.04819e-08 0 1.11054e-08 0 1.18095e-08 0 1.2502e-08 0 1.31768e-08 0 1.39393e-08 0 1.46819e-08 0 1.54592e-08 0 1.62724e-08 0 1.71232e-08 0 1.79429e-08 0 1.8797e-08 0 1.96867e-08 0 2.06132e-08 0
37.0284 1.28438e-08 1.24444e-08 3.99458e-10 0.0311012 0.0184748 0 0 1.38373e-40 0 7.14287e-28 0 1.8949e-21 0 3.37175e-19 0 5.25224e-18 0 3.28847e-17 0 1.27193e-16 0 6.32097e-15 0 1.97685e-13 0 1.23962e-12 0 4.20024e-12 0 1.03795e-11 0 2.12473e-11 0 3.81697e-11 0 6.24987e-11 0 9.61805e-11 0 1.3995e-10 0 1.9474e-10 0 2.63305e-10 0 3.44551e-10 0 4.42504e-10 0 5.55189e-10 0 6.89147e-10 0 8.37478e-10 0 1.00292e-09 0 1.1907e-09 0 1.40201e-09 0 1.6294e-09 0 1.87962e-09 0 2.15281e-09 0 2.44877e-09 0 2.76699e-09 0 3.12148e-09 0 3.4827e-09 0 3.89877e-09 0 4.31833e-09 0 4.75569e-09 0 5.23188e-09 0 5.74984e-09 0 6.25705e-09 0 6.83334e-09 0 7.42378e-09 0 8.02427e-09 0 8.70427e-09 0 9.35527e-09 0 1.00488e-08 0 1.07873e-08 0 1.15732e-08 0 1.23585e-08 0 1.31903e-08 0 1.40144e-08 0 1.48835e-08 0 1.58623e-08 0 1.67647e-08 0 1.77119e-08 0 1.87784e-08 0 1.98243e-08 0 2.08408e-08 0 2.19864e-08 0 2.30991e-08 0 2.42607e-08 0 2.54732e-08 0 2.67383e-08 0 2.79545e-08 0 2.92188e-08 0 3.05327e-08 0 3.18979e-08 0
38.9291 1.13679e-08 1.1042e-08 3.25826e-10 0.028662 0.0172952 0 0 7.82901e-39 0 9.67915e-27 0 1.24715e-20 0 1.72314e-18 0 2.34741e-17 0 1.34382e-16 0 4.86551e-16 0 1.99815e-14 0 5.28223e-13 0 3.02835e-12 0 9.6675e-12 0 2.28577e-11 0 4.51825e-11 0 7.88795e-11 0 1.26084e-10 0 1.89992e-10 0 2.71437e-10 0 3.71659e-10 0 4.95168e-10 0 6.39506e-10 0 8.11341e-10 0 1.00674e-09 0 1.23653e-09 0 1.48844e-09 0 1.76686e-09 0 2.08018e-09 0 2.42988e-09 0 2.80332e-09 0 3.21135e-09 0 3.65381e-09 0 4.13007e-09 0 4.63901e-09 0 5.20263e-09 0 5.77373e-09 0 6.42799e-09 0 7.08428e-09 0 7.76512e-09 0 8.50294e-09 0 9.30175e-09 0 1.00806e-08 0 1.09618e-08 0 1.18609e-08 0 1.27717e-08 0 1.37991e-08 0 1.4779e-08 0 1.58193e-08 0 1.69232e-08 0 1.80939e-08 0 1.92598e-08 0 2.04908e-08 0 2.17067e-08 0 2.29851e-08 0 2.44207e-08 0 2.57404e-08 0 2.71217e-08 0 2.8673e-08 0 3.019e-08 0 3.16606e-08 0 3.33137e-08 0 3.49154e-08 0 3.65836e-08 0 3.83205e-08 0 4.01286e-08 0 4.18629e-08 0 4.36618e-08 0 4.55273e-08 0 4.74615e-08 0
40.9273 1.007e-08 9.80423e-09 2.65802e-10 0.0263953 0.0162034 0 0 3.57467e-37 0 1.13496e-25 0 7.35773e-20 0 7.99177e-18 0 9.58365e-17 0 5.03835e-16 0 1.71314e-15 0 5.86833e-14 0 1.32211e-12 0 6.96029e-12 0 2.09953e-11 0 4.75986e-11 0 9.10088e-11 0 1.54619e-10 0 2.41553e-10 0 3.56775e-10 0 5.00915e-10 0 6.75423e-10 0 8.8736e-10 0 1.1318e-09 0 1.41932e-09 0 1.74268e-09 0 2.11908e-09 0 2.5278e-09 0 2.97561e-09 0 3.47547e-09 0 4.02905e-09 0 4.61593e-09 0 5.25282e-09 0 5.939e-09 0 6.6731e-09 0 7.45301e-09 0 8.31185e-09 0 9.17747e-09 0 1.0164e-08 0 1.11487e-08 0 1.21655e-08 0 1.32626e-08 0 1.44451e-08 0 1.55932e-08 0 1.68871e-08 0 1.82019e-08 0 1.9529e-08 0 2.10204e-08 0 2.24378e-08 0 2.39377e-08 0 2.55239e-08 0 2.72006e-08 0 2.88651e-08 0 3.06173e-08 0 3.2343e-08 0 3.41523e-08 0 3.61782e-08 0 3.80353e-08 0 3.99743e-08 0 4.21461e-08 0 4.42643e-08 0 4.63129e-08 0 4.86101e-08 0 5.08305e-08 0 5.31378e-08 0 5.55349e-08 0 5.80244e-08 0 6.04072e-08 0 6.28737e-08 0 6.54263e-08 0 6.80675e-08 0
43.0281 8.92706e-09 8.71032e-09 2.16737e-10 0.0242786 0.0151498 0 0 1.33098e-35 0 1.15972e-24 0 3.91167e-19 0 3.37957e-17 0 3.58983e-16 0 1.74036e-15 0 5.57434e-15 0 1.60689e-13 0 3.10949e-12 0 1.50949e-11 0 4.31436e-11 0 9.39793e-11 0 1.74091e-10 0 2.88216e-10 0 4.40565e-10 0 6.3844e-10 0 8.81648e-10 0 1.17157e-09 0 1.51882e-09 0 1.91432e-09 0 2.37425e-09 0 2.88611e-09 0 3.47612e-09 0 4.11104e-09 0 4.80094e-09 0 5.56509e-09 0 6.40512e-09 0 7.28954e-09 0 8.24313e-09 0 9.26425e-09 0 1.03503e-08 0 1.14978e-08 0 1.27546e-08 0 1.40149e-08 0 1.54443e-08 0 1.68643e-08 0 1.83241e-08 0 1.98925e-08 0 2.15759e-08 0 2.32041e-08 0 2.50318e-08 0 2.68823e-08 0 2.87433e-08 0 3.08274e-08 0 3.28015e-08 0 3.48837e-08 0 3.70789e-08 0 3.9392e-08 0 4.16816e-08 0 4.40848e-08 0 4.6445e-08 0 4.8913e-08 0 5.16689e-08 0 5.41887e-08 0 5.68131e-08 0 5.97452e-08 0 6.25978e-08 0 6.53504e-08 0 6.84299e-08 0 7.13998e-08 0 7.44792e-08 0 7.76715e-08 0 8.09799e-08 0 8.41398e-08 0 8.74043e-08 0 9.07763e-08 0 9.42586e-08 0
45.2368 7.92171e-09 7.74496e-09 1.76749e-10 0.0223119 0.0141594 0 0 4.08276e-34 0 1.0399e-23 0 1.88409e-18 0 1.30934e-16 0 1.23926e-15 0 5.56233e-15 0 1.68317e-14 0 4.11761e-13 0 6.8949e-12 0 3.09863e-11 0 8.41368e-11 0 1.76439e-10 0 3.17152e-10 0 5.12293e-10 0 7.67029e-10 0 1.09158e-09 0 1.48384e-09 0 1.94461e-09 0 2.48923e-09 0 3.10218e-09 0 3.80727e-09 0 4.58417e-09 0 5.47139e-09 0 6.41797e-09 0 7.43846e-09 0 8.56044e-09 0 9.78522e-09 0 1.10663e-08 0 1.2439e-08 0 1.39004e-08 0 1.54462e-08 0 1.70707e-08 0 1.88411e-08 0 2.06078e-08 0 2.26021e-08 0 2.45744e-08 0 2.65937e-08 0 2.87543e-08 0 3.10643e-08 0 3.329e-08 0 3.57795e-08 0 3.82909e-08 0 4.08081e-08 0 4.36177e-08 0 4.62704e-08 0 4.90599e-08 0 5.1992e-08 0 5.50726e-08 0 5.81131e-08 0 6.12956e-08 0 6.4413e-08 0 6.76646e-08 0 7.1286e-08 0 7.45888e-08 0 7.80208e-08 0 8.18461e-08 0 8.5559e-08 0 8.91337e-08 0 9.31244e-08 0 9.69647e-08 0 1.00938e-07 0 1.05049e-07 0 1.09301e-07 0 1.13354e-07 0 1.17533e-07 0 1.21842e-07 0 1.26284e-07 0
47.5588 7.03956e-09 6.8954e-09 1.44154e-10 0.0204777 0.0131916 2.8026e-44 0 1.04209e-32 0 8.23909e-23 0 8.26545e-18 0 4.66967e-16 0 3.96038e-15 0 1.65194e-14 0 4.73572e-14 0 9.91087e-13 0 1.44624e-11 0 6.0397e-11 0 1.56189e-10 0 3.15906e-10 0 5.51819e-10 0 8.70723e-10 0 1.27825e-09 0 1.78804e-09 0 2.39441e-09 0 3.09678e-09 0 3.91658e-09 0 4.82882e-09 0 5.86739e-09 0 7.00091e-09 0 8.284e-09 0 9.64176e-09 0 1.10946e-08 0 1.26808e-08 0 1.44008e-08 0 1.61885e-08 0 1.80931e-08 0 2.01094e-08 0 2.22309e-08 0 2.44493e-08 0 2.68552e-08 0 2.92452e-08 0 3.19311e-08 0 3.45759e-08 0 3.7273e-08 0 4.01479e-08 0 4.32098e-08 0 4.61495e-08 0 4.94264e-08 0 5.27208e-08 0 5.60122e-08 0 5.96742e-08 0 6.31212e-08 0 6.67357e-08 0 7.05241e-08 0 7.44931e-08 0 7.83997e-08 0 8.24782e-08 0 8.64633e-08 0 9.06099e-08 0 9.52166e-08 0 9.94081e-08 0 1.03754e-07 0 1.08587e-07 0 1.13267e-07 0 1.17764e-07 0 1.22774e-07 0 1.27585e-07 0 1.32553e-07 0 1.37683e-07 0 1.42978e-07 0 1.48017e-07 0 1.53203e-07 0 1.58541e-07 0 1.64033e-07 0
50 6.25605e-09 6.13849e-09 1.1756e-10 0.0187914 0.0122923 2.20004e-42 0 2.23024e-31 0 5.79519e-22 0 3.31335e-17 0 1.53726e-15 0 1.17454e-14 0 4.56919e-14 0 1.24423e-13 0 2.24462e-12 0 2.87364e-11 0 1.11918e-10 0 2.76306e-10 0 5.39959e-10 0 9.17851e-10 0 1.4164e-09 0 2.0407e-09 0 2.80818e-09 0 3.70727e-09 0 4.73491e-09 0 5.92009e-09 0 7.22475e-09 0 8.69553e-09 0 1.02863e-08 0 1.2072e-08 0 1.39468e-08 0 1.59388e-08 0 1.80991e-08 0 2.04267e-08 0 2.28318e-08 0 2.53797e-08 0 2.80629e-08 0 3.08719e-08 0 3.37953e-08 0 3.69511e-08 0 4.00725e-08 0 4.35654e-08 0 4.6991e-08 0 5.04711e-08 0 5.41671e-08 0 5.80894e-08 0 6.18424e-08 0 6.6012e-08 0 7.01904e-08 0 7.43523e-08 0 7.8969e-08 0 8.33018e-08 0 8.78327e-08 0 9.25688e-08 0 9.75174e-08 0 1.02376e-07 0 1.07435e-07 0 1.12367e-07 0 1.17487e-07 0 1.23161e-07 0 1.28313e-07 0 1.33643e-07 0 1.39558e-07 0 1.45273e-07 0 1.50754e-07 0 1.56848e-07 0 1.62688e-07 0 1.68709e-07 0 1.74913e-07 0 1.81306e-07 0 1.87378e-07 0 1.93618e-07 0 2.00029e-07 0 2.06615e-07 0
52.5665 5.56673e-09 5.47083e-09 9.59008e-11 0.0172275 0.0114188 1.37382e-40 0 4.04173e-30 0 3.64431e-21 0 1.22053e-16 0 4.69529e-15 0 3.24837e-14 0 1.18259e-13 0 3.06657e-13 0 4.80353e-12 0 5.42985e-11 0 1.97891e-10 0 4.67469e-10 0 8.84131e-10 0 1.46446e-09 0 2.21254e-09 0 3.13143e-09 0 4.24248e-09 0 5.52534e-09 0 6.97314e-09 0 8.624e-09 0 1.04227e-08 0 1.24315e-08 0 1.45857e-08 0 1.69844e-08 0 1.94844e-08 0 2.21226e-08 0 2.49656e-08 0 2.80103e-08 0 3.11386e-08 0 3.44352e-08 0 3.78894e-08 0 4.14882e-08 0 4.52168e-08 0 4.92242e-08 0 5.31713e-08 0 5.75707e-08 0 6.18684e-08 0 6.6219e-08 0 7.08233e-08 0 7.5693e-08 0 8.03374e-08 0 8.54813e-08 0 9.06201e-08 0 9.57237e-08 0 1.01369e-07 0 1.06652e-07 0 1.12163e-07 0 1.17908e-07 0 1.23896e-07 0 1.2976e-07 0 1.35852e-07 0 1.41778e-07 0 1.47916e-07 0 1.54703e-07 0 1.60852e-07 0 1.67201e-07 0 1.74232e-07 0 1.81013e-07 0 1.87503e-07 0 1.94705e-07 0 2.01595e-07 0 2.08685e-07 0 2.15978e-07 0 2.2348e-07 0 2.30593e-07 0 2.37891e-07 0 2.45378e-07 0 2.53056e-07 0
55.2648 4.9589e-09 4.88067e-09 7.82318e-11 0.015776 0.0105888 6.89467e-39 0 6.25214e-29 0 2.05995e-20 0 4.14824e-16 0 1.33532e-14 0 8.40575e-14 0 2.87307e-13 0 7.1115e-13 0 9.73931e-12 0 9.77987e-11 0 3.34619e-10 0 7.57966e-10 0 1.38963e-09 0 2.24575e-09 0 3.32526e-09 0 4.62713e-09 0 6.1766e-09 0 7.94122e-09 0 9.90882e-09 0 1.21282e-08 0 1.45228e-08 0 1.71735e-08 0 1.99927e-08 0 2.31082e-08 0 2.63325e-08 0 2.97131e-08 0 3.33343e-08 0 3.71901e-08 0 4.11304e-08 0 4.5262e-08 0 4.95703e-08 0 5.40387e-08 0 5.86483e-08 0 6.35819e-08 0 6.84222e-08 0 7.37965e-08 0 7.90272e-08 0 8.43042e-08 0 8.98706e-08 0 9.57386e-08 0 1.01318e-07 0 1.07479e-07 0 1.13616e-07 0 1.19694e-07 0 1.26399e-07 0 1.32657e-07 0 1.39169e-07 0 1.45941e-07 0 1.52982e-07 0 1.59862e-07 0 1.66993e-07 0 1.73914e-07 0 1.81068e-07 0 1.88962e-07 0 1.96099e-07 0 2.03455e-07 0 2.11585e-07 0 2.1941e-07 0 2.26885e-07 0 2.35167e-07 0 2.43076e-07 0 2.51201e-07 0 2.59545e-07 0 2.68112e-07 0 2.76223e-07 0 2.84532e-07 0 2.93043e-07 0 3.01759e-07 0
58.1015 4.41998e-09 4.35614e-09 6.38394e-11 0.0144434 0.00980161 2.8089e-37 0 8.31544e-28 0 1.05157e-19 0 1.30529e-15 0 3.54663e-14 0 2.04078e-13 0 6.5691e-13 0 1.55562e-12 0 1.8749e-11 0 1.68217e-10 0 5.42007e-10 0 1.17969e-09 0 2.09974e-09 0 3.31474e-09 0 4.81493e-09 0 6.59281e-09 0 8.67729e-09 0 1.10203e-08 0 1.3603e-08 0 1.64863e-08 0 1.95685e-08 0 2.29514e-08 0 2.65216e-08 0 3.04386e-08 0 3.44652e-08 0 3.86613e-08 0 4.31301e-08 0 4.78626e-08 0 5.2674e-08 0 5.76949e-08 0 6.29068e-08 0 6.8289e-08 0 7.38186e-08 0 7.97134e-08 0 8.5475e-08 0 9.1849e-08 0 9.80311e-08 0 1.04248e-07 0 1.10784e-07 0 1.17654e-07 0 1.24167e-07 0 1.31338e-07 0 1.38462e-07 0 1.45499e-07 0 1.5324e-07 0 1.60449e-07 0 1.67931e-07 0 1.75695e-07 0 1.83749e-07 0 1.916e-07 0 1.99721e-07 0 2.07586e-07 0 2.15701e-07 0 2.24637e-07 0 2.32699e-07 0 2.40994e-07 0 2.50145e-07 0 2.58937e-07 0 2.67322e-07 0 2.76596e-07 0 2.85437e-07 0 2.94504e-07 0 3.03801e-07 0 3.13333e-07 0 3.22343e-07 0 3.31559e-07 0 3.40986e-07 0 3.50626e-07 0
61.0839 3.94484e-09 3.89275e-09 5.20968e-11 0.0132063 0.00905216 9.39215e-36 0 9.58705e-27 0 4.87605e-19 0 3.81995e-15 0 8.83381e-14 0 4.66684e-13 0 1.41887e-12 0 3.22152e-12 0 3.43838e-11 0 2.77155e-10 0 8.43428e-10 0 1.76734e-09 0 3.05838e-09 0 4.72166e-09 0 6.73472e-09 0 9.08105e-09 0 1.1793e-08 0 1.48035e-08 0 1.8086e-08 0 2.17148e-08 0 2.55597e-08 0 2.97459e-08 0 3.41312e-08 0 3.89095e-08 0 4.37902e-08 0 4.88469e-08 0 5.42028e-08 0 5.98453e-08 0 6.55541e-08 0 7.14842e-08 0 7.76134e-08 0 8.39169e-08 0 9.03678e-08 0 9.72189e-08 0 1.03891e-07 0 1.11247e-07 0 1.18358e-07 0 1.25486e-07 0 1.3296e-07 0 1.4079e-07 0 1.48193e-07 0 1.56324e-07 0 1.64378e-07 0 1.72314e-07 0 1.81024e-07 0 1.89115e-07 0 1.97494e-07 0 2.0617e-07 0 2.15149e-07 0 2.23884e-07 0 2.32901e-07 0 2.41617e-07 0 2.50592e-07 0 2.60458e-07 0 2.69342e-07 0 2.78467e-07 0 2.88515e-07 0 2.98152e-07 0 3.07329e-07 0 3.17462e-07 0 3.27106e-07 0 3.36983e-07 0 3.47094e-07 0 3.57444e-07 0 3.67214e-07 0 3.77195e-07 0 3.87388e-07 0 3.97799e-07 0
64.2193 3.52328e-09 3.48076e-09 4.25219e-11 0.0120688 0.00834581 2.60104e-34 0 9.64306e-26 0 2.06225e-18 0 1.04282e-14 0 2.06872e-13 0 1.00759e-12 0 2.90151e-12 0 6.32929e-12 0 6.01787e-11 0 4.38085e-10 0 1.26266e-09 0 2.55195e-09 0 4.29948e-09 0 6.49846e-09 0 9.10972e-09 0 1.21055e-08 0 1.55214e-08 0 1.92687e-08 0 2.33121e-08 0 2.77408e-08 0 3.23938e-08 0 3.74212e-08 0 4.26507e-08 0 4.83117e-08 0 5.4059e-08 0 5.99807e-08 0 6.62202e-08 0 7.27611e-08 0 7.93482e-08 0 8.61612e-08 0 9.3174e-08 0 1.00358e-07 0 1.07683e-07 0 1.15434e-07 0 1.22957e-07 0 1.31225e-07 0 1.39191e-07 0 1.47153e-07 0 1.55477e-07 0 1.64175e-07 0 1.72376e-07 0 1.81359e-07 0 1.90236e-07 0 1.98963e-07 0 2.08517e-07 0 2.17372e-07 0 2.26524e-07 0 2.35979e-07 0 2.45745e-07 0 2.55226e-07 0 2.64995e-07 0 2.74419e-07 0 2.84107e-07 0 2.94735e-07 0 3.04291e-07 0 3.14088e-07 0 3.2486e-07 0 3.35173e-07 0 3.44979e-07 0 3.55789e-07 0 3.66063e-07 0 3.76569e-07 0 3.87309e-07 0 3.98287e-07 0 4.08636e-07 0 4.19193e-07 0 4.29962e-07 0 4.40945e-07 0
67.5157 3.15035e-09 3.11564e-09 3.47099e-11 0.0110178 0.00767938 6.02397e-33 0 8.52266e-25 0 7.99494e-18 0 2.66592e-14 0 4.57075e-13 0 2.06062e-12 0 5.63527e-12 0 1.18333e-11 0 1.00795e-10 0 6.65984e-10 0 1.82283e-09 0 3.55969e-09 0 5.84649e-09 0 8.66027e-09 0 1.19416e-08 0 1.565e-08 0 1.9824e-08 0 2.43516e-08 0 2.91889e-08 0 3.44403e-08 0 3.99138e-08 0 4.57847e-08 0 5.18508e-08 0 5.83767e-08 0 6.49639e-08 0 7.17153e-08 0 7.8794e-08 0 8.61797e-08 0 9.35849e-08 0 1.01213e-07 0 1.09033e-07 0 1.17015e-07 0 1.25124e-07 0 1.33677e-07 0 1.41951e-07 0 1.51015e-07 0 1.59723e-07 0 1.68402e-07 0 1.77451e-07 0 1.8688e-07 0 1.9575e-07 0 2.05441e-07 0 2.14995e-07 0 2.24366e-07 0 2.34603e-07 0 2.4407e-07 0 2.53834e-07 0 2.63902e-07 0 2.7428e-07 0 2.84337e-07 0 2.94679e-07 0 3.04639e-07 0 3.1486e-07 0 3.26055e-07 0 3.36102e-07 0 3.46388e-07 0 3.57679e-07 0 3.68472e-07 0 3.78719e-07 0 3.89999e-07 0 4.00704e-07 0 4.11635e-07 0 4.22795e-07 0 4.34187e-07 0 4.44912e-07 0 4.55839e-07 0 4.66971e-07 0 4.78311e-07 0
70.9813 2.81882e-09 2.79048e-09 2.83409e-11 0.0100541 0.00705427 1.17649e-31 0 6.6578e-24 0 2.85206e-17 0 6.40002e-14 0 9.55139e-13 0 4.00079e-12 0 1.04167e-11 0 2.10956e-11 0 1.61846e-10 0 9.7519e-10 0 2.5411e-09 0 4.80282e-09 0 7.69945e-09 0 1.11883e-08 0 1.51875e-08 0 1.96427e-08 0 2.45961e-08 0 2.99117e-08 0 3.55378e-08 0 4.15941e-08 0 4.78587e-08 0 5.45317e-08 0 6.13828e-08 0 6.87096e-08 0 7.60649e-08 0 8.35657e-08 0 9.13933e-08 0 9.95238e-08 0 1.07642e-07 0 1.15971e-07 0 1.24479e-07 0 1.33131e-07 0 1.41893e-07 0 1.51104e-07 0 1.59987e-07 0 1.69689e-07 0 1.78983e-07 0 1.88222e-07 0 1.97831e-07 0 2.07818e-07 0 2.17189e-07 0 2.27405e-07 0 2.37454e-07 0 2.47288e-07 0 2.58009e-07 0 2.67903e-07 0 2.78088e-07 0 2.8857e-07 0 2.99355e-07 0 3.09786e-07 0 3.20495e-07 0 3.30791e-07 0 3.4134e-07 0 3.52875e-07 0 3.6321e-07 0 3.73776e-07 0 3.85356e-07 0 3.9641e-07 0 4.06889e-07 0 4.18409e-07 0 4.29327e-07 0 4.40461e-07 0 4.51813e-07 0 4.63386e-07 0 4.74267e-07 0 4.85341e-07 0 4.96609e-07 0 5.08075e-07 0
74.6248 2.52516e-09 2.50201e-09 2.31423e-11 0.0091647 0.00646717 1.95485e-30 0 4.62737e-23 0 9.40522e-17 0 1.44804e-13 0 1.89388e-12 0 7.39707e-12 0 1.83803e-11 0 3.59627e-11 0 2.4978e-10 0 1.37868e-09 0 3.42837e-09 0 6.28152e-09 0 9.84059e-09 0 1.40411e-08 0 1.87778e-08 0 2.39832e-08 0 2.97033e-08 0 3.57791e-08 0 4.21528e-08 0 4.89589e-08 0 5.59483e-08 0 6.33444e-08 0 7.08921e-08 0 7.89185e-08 0 8.69341e-08 0 9.50694e-08 0 1.03521e-07 0 1.12263e-07 0 1.20956e-07 0 1.29842e-07 0 1.38888e-07 0 1.48056e-07 0 1.5731e-07 0 1.67008e-07 0 1.76334e-07 0 1.86492e-07 0 1.96195e-07 0 2.05817e-07 0 2.15798e-07 0 2.26149e-07 0 2.35839e-07 0 2.4638e-07 0 2.56724e-07 0 2.66829e-07 0 2.77821e-07 0 2.87946e-07 0 2.9835e-07 0 3.09038e-07 0 3.20015e-07 0 3.30614e-07 0 3.41477e-07 0 3.51904e-07 0 3.62571e-07 0 3.74216e-07 0 3.84636e-07 0 3.95272e-07 0 4.06913e-07 0 4.18008e-07 0 4.28513e-07 0 4.40047e-07 0 4.50963e-07 0 4.62082e-07 0 4.73404e-07 0 4.84932e-07 0 4.95758e-07 0 5.06764e-07 0 5.17951e-07 0 5.2932e-07 0
78.4553 2.2643e-09 2.2454e-09 1.89028e-11 0.00834819 0.00592198 2.78494e-29 0 2.87739e-22 0 2.87773e-16 0 3.09628e-13 0 3.57188e-12 0 1.30531e-11 0 3.10247e-11 0 5.87454e-11 0 3.7118e-10 0 1.88481e-09 0 4.48309e-09 0 7.97471e-09 0 1.22223e-08 0 1.71395e-08 0 2.25984e-08 0 2.85203e-08 0 3.49556e-08 0 4.17251e-08 0 4.87662e-08 0 5.62279e-08 0 6.3838e-08 0 7.18405e-08 0 7.99601e-08 0 8.85486e-08 0 9.7083e-08 0 1.05706e-07 0 1.14626e-07 0 1.23815e-07 0 1.32918e-07 0 1.42191e-07 0 1.51597e-07 0 1.61102e-07 0 1.70666e-07 0 1.80659e-07 0 1.90243e-07 0 2.00653e-07 0 2.10572e-07 0 2.20384e-07 0 2.3054e-07 0 2.41046e-07 0 2.50861e-07 0 2.61515e-07 0 2.7195e-07 0 2.82122e-07 0 2.93168e-07 0 3.03323e-07 0 3.13739e-07 0 3.24422e-07 0 3.35374e-07 0 3.45933e-07 0 3.56737e-07 0 3.67092e-07 0 3.7767e-07 0 3.89201e-07 0 3.99503e-07 0 4.10006e-07 0 4.21484e-07 0 4.3241e-07 0 4.42742e-07 0 4.54071e-07 0 4.64781e-07 0 4.75676e-07 0 4.86757e-07 0 4.98027e-07 0 5.08599e-07 0 5.19335e-07 0 5.30236e-07 0 5.41303e-07 0
82.4824 2.03171e-09 2.01626e-09 1.54434e-11 0.00760118 0.0054159 3.42642e-28 0 1.60902e-21 0 8.19723e-16 0 6.27239e-13 0 6.42149e-12 0 2.2028e-11 0 5.01892e-11 0 9.2117e-11 0 5.31938e-10 0 2.49512e-09 0 5.6889e-09 0 9.83908e-09 0 1.47687e-08 0 2.03713e-08 0 2.64994e-08 0 3.30658e-08 0 4.01263e-08 0 4.74852e-08 0 5.50777e-08 0 6.30656e-08 0 7.1159e-08 0 7.96192e-08 0 8.81564e-08 0 9.71406e-08 0 1.06026e-07 0 1.14965e-07 0 1.24175e-07 0 1.33626e-07 0 1.42956e-07 0 1.52427e-07 0 1.62004e-07 0 1.71651e-07 0 1.81331e-07 0 1.91418e-07 0 2.01066e-07 0 2.11518e-07 0 2.21453e-07 0 2.31258e-07 0 2.41385e-07 0 2.51838e-07 0 2.61584e-07 0 2.72142e-07 0 2.82462e-07 0 2.92504e-07 0 3.03388e-07 0 3.13377e-07 0 3.23607e-07 0 3.34081e-07 0 3.44802e-07 0 3.55121e-07 0 3.65664e-07 0 3.75756e-07 0 3.86049e-07 0 3.97254e-07 0 4.07252e-07 0 4.17431e-07 0 4.28542e-07 0 4.39104e-07 0 4.4908e-07 0 4.60006e-07 0 4.70323e-07 0 4.80806e-07 0 4.91456e-07 0 5.02276e-07 0 5.12415e-07 0 5.227e-07 0 5.33133e-07 0 5.43715e-07 0
86.7162 1.82459e-09 1.81197e-09 1.26181e-11 0.00691558 0.00494626 3.66779e-27 0 8.13556e-21 0 2.18197e-15 0 1.20731e-12 0 1.10331e-11 0 3.56369e-11 0 7.79963e-11 0 1.38972e-10 0 7.36663e-10 0 3.20426e-09 0 7.01763e-09 0 1.18169e-08 0 1.73892e-08 0 2.36124e-08 0 3.03238e-08 0 3.74313e-08 0 4.49971e-08 0 5.28136e-08 0 6.08164e-08 0 6.91781e-08 0 7.75978e-08 0 8.63491e-08 0 9.51343e-08 0 1.04335e-07 0 1.13394e-07 0 1.2247e-07 0 1.31785e-07 0 1.4131e-07 0 1.50679e-07 0 1.60161e-07 0 1.6972e-07 0 1.7932e-07 0 1.88928e-07 0 1.98912e-07 0 2.08438e-07 0 2.18733e-07 0 2.28496e-07 0 2.38111e-07 0 2.48019e-07 0 2.58227e-07 0 2.67724e-07 0 2.77995e-07 0 2.88015e-07 0 2.97749e-07 0 3.0828e-07 0 3.17929e-07 0 3.27795e-07 0 3.37881e-07 0 3.48189e-07 0 3.58096e-07 0 3.68204e-07 0 3.77865e-07 0 3.87707e-07 0 3.98407e-07 0 4.0794e-07 0 4.17636e-07 0 4.28206e-07 0 4.38241e-07 0 4.47709e-07 0 4.58067e-07 0 4.67837e-07 0 4.77753e-07 0 4.87817e-07 0 4.9803e-07 0 5.07591e-07 0 5.17281e-07 0 5.27101e-07 0 5.37051e-07 0
91.1674 1.64014e-09 1.62983e-09 1.03109e-11 0.00628662 0.00451262 3.43968e-26 0 3.73821e-20 0 5.4461e-15 0 2.21376e-12 0 1.81592e-11 0 5.53908e-11 0 1.16682e-10 0 2.0212e-10 0 9.87611e-10 0 3.99829e-09 0 8.42787e-09 0 1.38351e-08 0 1.99789e-08 0 2.67269e-08 0 3.39072e-08 0 4.14269e-08 0 4.93552e-08 0 5.74781e-08 0 6.57339e-08 0 7.43036e-08 0 8.28818e-08 0 9.17501e-08 0 1.00609e-07 0 1.09844e-07 0 1.18898e-07 0 1.27934e-07 0 1.37174e-07 0 1.46589e-07 0 1.55821e-07 0 1.65135e-07 0 1.74498e-07 0 1.83876e-07 0 1.93236e-07 0 2.02939e-07 0 2.12175e-07 0 2.22134e-07 0 2.31556e-07 0 2.40817e-07 0 2.50341e-07 0 2.60135e-07 0 2.69229e-07 0 2.79047e-07 0 2.88609e-07 0 2.97881e-07 0 3.07897e-07 0 3.17059e-07 0 3.26414e-07 0 3.35963e-07 0 3.45708e-07 0 3.55061e-07 0 3.64591e-07 0 3.73688e-07 0 3.82943e-07 0 3.92992e-07 0 4.01935e-07 0 4.1102e-07 0 4.20912e-07 0 4.30294e-07 0 4.39135e-07 0 4.48797e-07 0 4.57901e-07 0 4.67132e-07 0 4.76491e-07 0 4.85979e-07 0 4.94853e-07 0 5.03839e-07 0 5.12936e-07 0 5.22146e-07 0
95.847 1.47555e-09 1.46712e-09 8.42744e-12 0.00571139 0.00411315 2.84413e-25 0 1.56815e-19 0 1.27852e-14 0 3.87589e-12 0 2.86889e-11 0 8.28718e-11 0 1.68335e-10 0 2.83878e-10 0 1.28372e-09 0 4.85413e-09 0 9.86615e-09 0 1.58091e-08 0 2.24238e-08 0 2.95748e-08 0 3.70872e-08 0 4.48718e-08 0 5.30049e-08 0 6.12718e-08 0 6.96159e-08 0 7.82233e-08 0 8.67909e-08 0 9.56031e-08 0 1.04364e-07 0 1.13458e-07 0 1.22338e-07 0 1.31167e-07 0 1.40165e-07 0 1.49302e-07 0 1.58235e-07 0 1.6722e-07 0 1.76228e-07 0 1.85228e-07 0 1.94188e-07 0 2.03454e-07 0 2.12254e-07 0 2.21722e-07 0 2.30662e-07 0 2.39431e-07 0 2.48433e-07 0 2.57671e-07 0 2.66236e-07 0 2.75466e-07 0 2.8444e-07 0 2.93129e-07 0 3.025e-07 0 3.11059e-07 0 3.19787e-07 0 3.28682e-07 0 3.37748e-07 0 3.46438e-07 0 3.55281e-07 0 3.63712e-07 0 3.72279e-07 0 3.8157e-07 0 3.89829e-07 0 3.98209e-07 0 4.07325e-07 0 4.1596e-07 0 4.2409e-07 0 4.32966e-07 0 4.4132e-07 0 4.49783e-07 0 4.58355e-07 0 4.67038e-07 0 4.75151e-07 0 4.83359e-07 0 4.91662e-07 0 5.0006e-07 0
100.767 1.32843e-09 1.32154e-09 6.88746e-12 0.00518466 0.00374573 2.08613e-24 0 6.03196e-19 0 2.83133e-14 0 6.49363e-12 0 4.35899e-11 0 1.1956e-10 0 2.346e-10 0 3.85658e-10 0 1.62012e-09 0 5.74104e-09 0 1.12718e-08 0 1.76507e-08 0 2.46128e-08 0 3.20266e-08 0 3.97212e-08 0 4.76144e-08 0 5.57901e-08 0 6.40378e-08 0 7.23077e-08 0 8.07883e-08 0 8.91847e-08 0 9.7779e-08 0 1.06286e-07 0 1.15078e-07 0 1.23631e-07 0 1.32106e-07 0 1.40714e-07 0 1.49428e-07 0 1.57922e-07 0 1.66444e-07 0 1.74964e-07 0 1.83455e-07 0 1.91889e-07 0 2.00592e-07 0 2.0884e-07 0 2.17695e-07 0 2.26039e-07 0 2.34209e-07 0 2.42581e-07 0 2.51157e-07 0 2.59095e-07 0 2.67636e-07 0 2.75927e-07 0 2.83943e-07 0 2.92574e-07 0 3.00448e-07 0 3.08465e-07 0 3.16626e-07 0 3.24932e-07 0 3.32884e-07 0 3.40966e-07 0 3.48662e-07 0 3.56475e-07 0 3.64937e-07 0 3.72451e-07 0 3.80068e-07 0 3.88345e-07 0 3.96177e-07 0 4.03544e-07 0 4.11579e-07 0 4.19134e-07 0 4.26782e-07 0 4.34521e-07 0 4.42352e-07 0 4.49664e-07 0 4.57055e-07 0 4.64525e-07 0 4.72076e-07 0
105.939 1.19696e-09 1.19132e-09 5.6316e-12 0.00470493 0.00340769 1.36552e-23 0 2.13687e-18 0 5.93235e-14 0 1.04346e-11 0 6.38263e-11 0 1.6665e-10 0 3.16413e-10 0 5.0768e-10 0 1.9884e-09 0 6.62411e-09 0 1.25844e-08 0 1.92799e-08 0 2.64522e-08 0 3.39813e-08 0 4.17058e-08 0 4.95541e-08 0 5.76168e-08 0 6.56924e-08 0 7.37391e-08 0 8.19446e-08 0 9.00277e-08 0 9.82631e-08 0 1.0638e-07 0 1.14737e-07 0 1.22837e-07 0 1.30836e-07 0 1.38935e-07 0 1.47111e-07 0 1.55057e-07 0 1.63008e-07 0 1.70939e-07 0 1.78825e-07 0 1.8664e-07 0 1.94687e-07 0 2.02297e-07 0 2.10452e-07 0 2.18122e-07 0 2.25618e-07 0 2.33287e-07 0 2.41131e-07 0 2.48379e-07 0 2.56165e-07 0 2.63713e-07 0 2.70999e-07 0 2.78835e-07 0 2.85973e-07 0 2.93232e-07 0 3.00612e-07 0 3.08114e-07 0 3.15287e-07 0 3.22569e-07 0 3.29496e-07 0 3.36521e-07 0 3.44121e-07 0 3.50863e-07 0 3.57691e-07 0 3.65102e-07 0 3.72109e-07 0 3.78694e-07 0 3.85869e-07 0 3.9261e-07 0 3.99427e-07 0 4.0632e-07 0 4.13289e-07 0 4.1979e-07 0 4.26357e-07 0 4.3299e-07 0 4.39688e-07 0
111.377 1.07915e-09 1.07454e-09 4.60392e-12 0.00426626 0.003099 8.01943e-23 0 6.9986e-18 0 1.179e-13 0 1.61116e-11 0 9.02119e-11 0 2.2476e-10 0 4.13594e-10 0 6.48464e-10 0 2.37604e-09 0 7.46405e-09 0 1.37432e-08 0 2.06217e-08 0 2.78606e-08 0 3.53567e-08 0 4.29635e-08 0 5.06222e-08 0 5.84289e-08 0 6.61952e-08 0 7.38878e-08 0 8.16905e-08 0 8.93399e-08 0 9.70995e-08 0 1.04717e-07 0 1.1253e-07 0 1.20077e-07 0 1.27507e-07 0 1.35007e-07 0 1.42557e-07 0 1.49876e-07 0 1.57181e-07 0 1.64451e-07 0 1.71664e-07 0 1.78797e-07 0 1.86126e-07 0 1.93045e-07 0 2.00445e-07 0 2.07392e-07 0 2.14171e-07 0 2.21095e-07 0 2.28166e-07 0 2.3469e-07 0 2.41689e-07 0 2.48463e-07 0 2.54994e-07 0 2.62008e-07 0 2.6839e-07 0 2.74872e-07 0 2.81454e-07 0 2.88137e-07 0 2.94521e-07 0 3.00994e-07 0 3.07145e-07 0 3.13377e-07 0 3.20112e-07 0 3.26081e-07 0 3.32121e-07 0 3.3867e-07 0 3.44856e-07 0 3.50665e-07 0 3.56989e-07 0 3.62925e-07 0 3.68923e-07 0 3.74984e-07 0 3.81107e-07 0 3.86814e-07 0 3.92574e-07 0 3.98388e-07 0 4.04256e-07 0
117.094 9.73676e-10 9.69911e-10 3.76444e-12 0.00386622 0.00281711 4.24893e-22 0 2.12771e-17 0 2.22874e-13 0 2.39561e-11 0 1.23314e-10 0 2.93842e-10 0 5.24854e-10 0 8.05034e-10 0 2.76856e-09 0 8.2247e-09 0 1.46997e-08 0 2.16252e-08 0 2.87916e-08 0 3.61172e-08 0 4.34738e-08 0 5.0817e-08 0 5.8247e-08 0 6.55909e-08 0 7.28242e-08 0 8.01241e-08 0 8.7248e-08 0 9.44447e-08 0 1.01483e-07 0 1.08677e-07 0 1.15602e-07 0 1.22399e-07 0 1.29243e-07 0 1.36113e-07 0 1.42757e-07 0 1.49372e-07 0 1.55942e-07 0 1.62445e-07 0 1.68864e-07 0 1.75448e-07 0 1.81651e-07 0 1.88274e-07 0 1.94482e-07 0 2.00529e-07 0 2.06697e-07 0 2.12986e-07 0 2.18781e-07 0 2.24988e-07 0 2.30989e-07 0 2.36767e-07 0 2.42965e-07 0 2.48597e-07 0 2.5431e-07 0 2.60106e-07 0 2.65985e-07 0 2.71594e-07 0 2.77276e-07 0 2.8267e-07 0 2.88129e-07 0 2.94024e-07 0 2.99244e-07 0 3.0452e-07 0 3.10237e-07 0 3.15633e-07 0 3.20694e-07 0 3.26201e-07 0 3.31366e-07 0 3.36581e-07 0 3.41846e-07 0 3.47161e-07 0 3.52111e-07 0 3.57105e-07 0 3.62141e-07 0 3.67221e-07 0
123.105 8.79222e-10 8.76143e-10 3.07879e-12 0.00350172 0.00255891 2.04131e-21 0 6.02683e-17 0 4.01751e-13 0 3.43664e-11 0 1.63302e-10 0 3.72975e-10 0 6.47599e-10 0 9.72777e-10 0 3.14973e-09 0 8.8731e-09 0 1.54162e-08 0 2.22571e-08 0 2.92234e-08 0 3.62575e-08 0 4.32519e-08 0 5.01766e-08 0 5.71341e-08 0 6.39691e-08 0 7.06652e-08 0 7.73908e-08 0 8.3926e-08 0 9.0502e-08 0 9.691e-08 0 1.03438e-07 0 1.09703e-07 0 1.15835e-07 0 1.21992e-07 0 1.28158e-07 0 1.34106e-07 0 1.40017e-07 0 1.45873e-07 0 1.5166e-07 0 1.57361e-07 0 1.63197e-07 0 1.68687e-07 0 1.74539e-07 0 1.80014e-07 0 1.85341e-07 0 1.90766e-07 0 1.9629e-07 0 2.01373e-07 0 2.06811e-07 0 2.12061e-07 0 2.1711e-07 0 2.2252e-07 0 2.27431e-07 0 2.32407e-07 0 2.3745e-07 0 2.4256e-07 0 2.47429e-07 0 2.52358e-07 0 2.57033e-07 0 2.6176e-07 0 2.6686e-07 0 2.71372e-07 0 2.75929e-07 0 2.80862e-07 0 2.85514e-07 0 2.89875e-07 0 2.94616e-07 0 2.99059e-07 0 3.03542e-07 0 3.08065e-07 0 3.12627e-07 0 3.16874e-07 0 3.21156e-07 0 3.25471e-07 0 3.2982e-07 0
129.424 7.94502e-10 7.91984e-10 2.51742e-12 0.00316855 0.00232373 8.93514e-21 0 1.59598e-16 0 6.92146e-13 0 4.76474e-11 0 2.09821e-10 0 4.60286e-10 0 7.77959e-10 0 1.14562e-09 0 3.50268e-09 0 9.38158e-09 0 1.58671e-08 0 2.25029e-08 0 2.91582e-08 0 3.58002e-08 0 4.23432e-08 0 4.87709e-08 0 5.51862e-08 0 6.14522e-08 0 6.756e-08 0 7.36668e-08 0 7.95767e-08 0 8.55015e-08 0 9.12552e-08 0 9.70982e-08 0 1.0269e-07 0 1.08148e-07 0 1.13614e-07 0 1.19076e-07 0 1.24333e-07 0 1.29546e-07 0 1.34701e-07 0 1.39785e-07 0 1.44785e-07 0 1.49895e-07 0 1.54694e-07 0 1.59801e-07 0 1.64573e-07 0 1.69209e-07 0 1.73924e-07 0 1.78718e-07 0 1.83124e-07 0 1.87832e-07 0 1.92372e-07 0 1.96734e-07 0 2.01402e-07 0 2.05635e-07 0 2.0992e-07 0 2.14258e-07 0 2.18649e-07 0 2.2283e-07 0 2.27059e-07 0 2.31065e-07 0 2.35113e-07 0 2.39477e-07 0 2.43334e-07 0 2.47227e-07 0 2.51438e-07 0 2.55406e-07 0 2.59123e-07 0 2.63161e-07 0 2.66943e-07 0 2.70756e-07 0 2.746e-07 0 2.78476e-07 0 2.82081e-07 0 2.85713e-07 0 2.89372e-07 0 2.93057e-07 0
136.067 7.18348e-10 7.16289e-10 2.05926e-12 0.00286666 0.00210976 3.57901e-20 0 3.96364e-16 0 1.14205e-12 0 6.39434e-11 0 2.61924e-10 0 5.52966e-10 0 9.10967e-10 0 1.31638e-09 0 3.81126e-09 0 9.72972e-09 0 1.60408e-08 0 2.23668e-08 0 2.86203e-08 0 3.47927e-08 0 4.08194e-08 0 4.66964e-08 0 5.25254e-08 0 5.81876e-08 0 6.36805e-08 0 6.91491e-08 0 7.44209e-08 0 7.96876e-08 0 8.47857e-08 0 8.99477e-08 0 9.48737e-08 0 9.96701e-08 0 1.04463e-07 0 1.0924e-07 0 1.13829e-07 0 1.18371e-07 0 1.22854e-07 0 1.27268e-07 0 1.31601e-07 0 1.36022e-07 0 1.40168e-07 0 1.44574e-07 0 1.48685e-07 0 1.52673e-07 0 1.56725e-07 0 1.60839e-07 0 1.64616e-07 0 1.68647e-07 0 1.7253e-07 0 1.76256e-07 0 1.8024e-07 0 1.83849e-07 0 1.87499e-07 0 1.91191e-07 0 1.94924e-07 0 1.98476e-07 0 2.02065e-07 0 2.05463e-07 0 2.08894e-07 0 2.12588e-07 0 2.15852e-07 0 2.19143e-07 0 2.22701e-07 0 2.26051e-07 0 2.29187e-07 0 2.32591e-07 0 2.35778e-07 0 2.38989e-07 0 2.42224e-07 0 2.45483e-07 0 2.48513e-07 0 2.51564e-07 0 2.54636e-07 0 2.57728e-07 0
143.051 6.5005e-10 6.48366e-10 1.68423e-12 0.00259093 0.00191384 1.31804e-19 0 9.26403e-16 0 1.80916e-12 0 8.32225e-11 0 3.18218e-10 0 6.47751e-10 0 1.04143e-09 0 1.47812e-09 0 4.06337e-09 0 9.91079e-09 0 1.59476e-08 0 2.18816e-08 0 2.76678e-08 0 3.33196e-08 0 3.87917e-08 0 4.40909e-08 0 4.93156e-08 0 5.43647e-08 0 5.92407e-08 0 6.40755e-08 0 6.87195e-08 0 7.33436e-08 0 7.78062e-08 0 8.2312e-08 0 8.66007e-08 0 9.07666e-08 0 9.49203e-08 0 9.90517e-08 0 1.03013e-07 0 1.06925e-07 0 1.10781e-07 0 1.1457e-07 0 1.18285e-07 0 1.2207e-07 0 1.25614e-07 0 1.29374e-07 0 1.32879e-07 0 1.36274e-07 0 1.39719e-07 0 1.43214e-07 0 1.46418e-07 0 1.49835e-07 0 1.53122e-07 0 1.56274e-07 0 1.59641e-07 0 1.62687e-07 0 1.65766e-07 0 1.68877e-07 0 1.72021e-07 0 1.75009e-07 0 1.78026e-07 0 1.8088e-07 0 1.8376e-07 0 1.86859e-07 0 1.89594e-07 0 1.92351e-07 0 1.95329e-07 0 1.98131e-07 0 2.00752e-07 0 2.03596e-07 0 2.06257e-07 0 2.08936e-07 0 2.11633e-07 0 2.1435e-07 0 2.16874e-07 0 2.19414e-07 0 2.21969e-07 0 2.24541e-07 0
150.394 5.8847e-10 5.87092e-10 1.3778e-12 0.00234132 0.00173603 4.47903e-19 0 2.04284e-15 0 2.75581e-12 0 1.05155e-10 0 3.76601e-10 0 7.40459e-10 0 1.16322e-09 0 1.62303e-09 0 4.24719e-09 0 9.91977e-09 0 1.55984e-08 0 2.10779e-08 0 2.63521e-08 0 3.14529e-08 0 3.63524e-08 0 4.10661e-08 0 4.56875e-08 0 5.01318e-08 0 5.44055e-08 0 5.8627e-08 0 6.26679e-08 0 6.66791e-08 0 7.05392e-08 0 7.44263e-08 0 7.8117e-08 0 8.16942e-08 0 8.52534e-08 0 8.87865e-08 0 9.21676e-08 0 9.55018e-08 0 9.87819e-08 0 1.02001e-07 0 1.05152e-07 0 1.08357e-07 0 1.11354e-07 0 1.14531e-07 0 1.17488e-07 0 1.20349e-07 0 1.23249e-07 0 1.26187e-07 0 1.28879e-07 0 1.31746e-07 0 1.34502e-07 0 1.37142e-07 0 1.39959e-07 0 1.42506e-07 0 1.45078e-07 0 1.47675e-07 0 1.50297e-07 0 1.52787e-07 0 1.55299e-07 0 1.57674e-07 0 1.60069e-07 0 1.62644e-07 0 1.64915e-07 0 1.67203e-07 0 1.69673e-07 0 1.71996e-07 0 1.74167e-07 0 1.76522e-07 0 1.78723e-07 0 1.80938e-07 0 1.83168e-07 0 1.85412e-07 0 1.87496e-07 0 1.89592e-07 0 1.917e-07 0 1.9382e-07 0
158.114 5.33053e-10 5.31925e-10 1.12732e-12 0.00211483 0.00157391 1.41043e-18 0 4.26336e-15 0 4.04525e-12 0 1.29215e-10 0 4.3483e-10 0 8.27205e-10 0 1.27119e-09 0 1.7451e-09 0 4.35768e-09 0 9.76735e-09 0 1.50264e-08 0 2.00128e-08 0 2.47537e-08 0 2.92961e-08 0 3.36266e-08 0 3.77671e-08 0 4.18051e-08 0 4.56705e-08 0 4.93726e-08 0 5.30164e-08 0 5.64931e-08 0 5.99342e-08 0 6.32367e-08 0 6.65542e-08 0 6.96967e-08 0 7.27363e-08 0 7.57547e-08 0 7.87453e-08 0 8.16023e-08 0 8.44151e-08 0 8.7178e-08 0 8.98854e-08 0 9.2532e-08 0 9.52208e-08 0 9.77319e-08 0 1.0039e-07 0 1.02861e-07 0 1.0525e-07 0 1.07669e-07 0 1.10117e-07 0 1.12357e-07 0 1.14742e-07 0 1.17031e-07 0 1.19223e-07 0 1.21559e-07 0 1.2367e-07 0 1.25799e-07 0 1.27948e-07 0 1.30116e-07 0 1.32173e-07 0 1.34248e-07 0 1.36207e-07 0 1.38182e-07 0 1.40304e-07 0 1.42174e-07 0 1.44057e-07 0 1.46089e-07 0 1.47998e-07 0 1.49782e-07 0 1.51715e-07 0 1.53522e-07 0 1.55339e-07 0 1.57167e-07 0 1.59006e-07 0 1.60713e-07 0 1.62429e-07 0 1.64153e-07 0 1.65887e-07 0
166.23 4.83231e-10 4.82308e-10 9.22371e-13 0.00190876 0.00142693 4.13161e-18 0 8.44489e-15 0 5.73364e-12 0 1.54652e-10 0 4.90506e-10 0 9.04308e-10 0 1.36087e-09 0 1.8396e-09 0 4.39372e-09 0 9.47062e-09 0 1.42707e-08 0 1.87468e-08 0 2.29536e-08 0 2.69486e-08 0 3.07305e-08 0 3.43254e-08 0 3.78138e-08 0 4.11387e-08 0 4.43111e-08 0 4.74231e-08 0 5.03834e-08 0 5.33053e-08 0 5.61025e-08 0 5.89058e-08 0 6.15556e-08 0 6.41135e-08 0 6.66489e-08 0 6.91567e-08 0 7.15485e-08 0 7.38997e-08 0 7.62059e-08 0 7.84627e-08 0 8.06659e-08 0 8.29016e-08 0 8.4987e-08 0 8.71922e-08 0 8.92397e-08 0 9.12173e-08 0 9.32174e-08 0 9.524e-08 0 9.70893e-08 0 9.90557e-08 0 1.00943e-07 0 1.02747e-07 0 1.04669e-07 0 1.06404e-07 0 1.08153e-07 0 1.09917e-07 0 1.11696e-07 0 1.13382e-07 0 1.15081e-07 0 1.16686e-07 0 1.18301e-07 0 1.20037e-07 0 1.21565e-07 0 1.23103e-07 0 1.24762e-07 0 1.2632e-07 0 1.27774e-07 0 1.2935e-07 0 1.30822e-07 0 1.32302e-07 0 1.33789e-07 0 1.35285e-07 0 1.36673e-07 0 1.38068e-07 0 1.39469e-07 0 1.40877e-07 0
174.763 4.38285e-10 4.37531e-10 7.54655e-13 0.00172183 0.00129365 1.12962e-17 0 1.59138e-14 0 7.85867e-12 0 1.80476e-10 0 5.41068e-10 0 9.68218e-10 0 1.42833e-09 0 1.90268e-09 0 4.35624e-09 0 9.04787e-09 0 1.3368e-08 0 1.73338e-08 0 2.10203e-08 0 2.44923e-08 0 2.77571e-08 0 3.08435e-08 0 3.38245e-08 0 3.66542e-08 0 3.93447e-08 0 4.19755e-08 0 4.4471e-08 0 4.69277e-08 0 4.92741e-08 0 5.16204e-08 0 5.38338e-08 0 5.59665e-08 0 5.80769e-08 0 6.01608e-08 0 6.21453e-08 0 6.40934e-08 0 6.60017e-08 0 6.78666e-08 0 6.96851e-08 0 7.15283e-08 0 7.32457e-08 0 7.50598e-08 0 7.67424e-08 0 7.83661e-08 0 8.00067e-08 0 8.16644e-08 0 8.31787e-08 0 8.47876e-08 0 8.63302e-08 0 8.78041e-08 0 8.93732e-08 0 9.07886e-08 0 9.22147e-08 0 9.36517e-08 0 9.50994e-08 0 9.64716e-08 0 9.78533e-08 0 9.91571e-08 0 1.00469e-07 0 1.01878e-07 0 1.03118e-07 0 1.04365e-07 0 1.05709e-07 0 1.06971e-07 0 1.08149e-07 0 1.09424e-07 0 1.10615e-07 0 1.11811e-07 0 1.13013e-07 0 1.14222e-07 0 1.15342e-07 0 1.16468e-07 0 1.17599e-07 0 1.18734e-07 0
183.733 3.97888e-10 3.9727e-10 6.17408e-13 0.00155171 0.00117219 2.89357e-17 0 2.86113e-14 0 1.04376e-11 0 2.05701e-10 0 5.84539e-10 0 1.01677e-09 0 1.47185e-09 0 1.93351e-09 0 4.25263e-09 0 8.52722e-09 0 1.2366e-08 0 1.5838e-08 0 1.90324e-08 0 2.20173e-08 0 2.48067e-08 0 2.743e-08 0 2.99526e-08 0 3.23381e-08 0 3.45986e-08 0 3.68025e-08 0 3.88874e-08 0 4.0935e-08 0 4.28864e-08 0 4.48337e-08 0 4.66672e-08 0 4.84309e-08 0 5.01732e-08 0 5.18912e-08 0 5.35248e-08 0 5.51264e-08 0 5.66932e-08 0 5.82227e-08 0 5.97124e-08 0 6.12206e-08 0 6.26245e-08 0 6.4106e-08 0 6.54788e-08 0 6.68024e-08 0 6.81387e-08 0 6.94876e-08 0 7.0719e-08 0 7.20263e-08 0 7.32787e-08 0 7.44746e-08 0 7.57468e-08 0 7.68937e-08 0 7.80485e-08 0 7.92114e-08 0 8.03822e-08 0 8.14914e-08 0 8.26076e-08 0 8.36603e-08 0 8.47191e-08 0 8.58552e-08 0 8.68549e-08 0 8.78599e-08 0 8.89424e-08 0 8.99582e-08 0 9.0906e-08 0 9.19317e-08 0 9.28887e-08 0 9.38501e-08 0 9.4816e-08 0 9.57862e-08 0 9.66856e-08 0 9.75887e-08 0 9.84956e-08 0 9.94061e-08 0
193.164 3.61295e-10 3.6079e-10 5.05216e-13 0.00139835 0.00106228 6.96193e-17 0 4.91587e-14 0 1.34455e-11 0 2.29099e-10 0 6.18717e-10 0 1.04762e-09 0 1.48948e-09 0 1.93094e-09 0 4.08817e-09 0 7.92844e-09 0 1.12964e-08 0 1.43002e-08 0 1.70371e-08 0 1.95758e-08 0 2.19343e-08 0 2.41416e-08 0 2.62555e-08 0 2.82473e-08 0 3.01289e-08 0 3.19583e-08 0 3.36847e-08 0 3.53763e-08 0 3.69851e-08 0 3.85875e-08 0 4.00936e-08 0 4.154e-08 0 4.29668e-08 0 4.43716e-08 0 4.57057e-08 0 4.7012e-08 0 4.82884e-08 0 4.95331e-08 0 5.07441e-08 0 5.1969e-08 0 5.3108e-08 0 5.43089e-08 0 5.54207e-08 0 5.64917e-08 0 5.75722e-08 0 5.86621e-08 0 5.96563e-08 0 6.0711e-08 0 6.17207e-08 0 6.26843e-08 0 6.37086e-08 0 6.46315e-08 0 6.55602e-08 0 6.64949e-08 0 6.74355e-08 0 6.8326e-08 0 6.92217e-08 0 7.0066e-08 0 7.09148e-08 0 7.18252e-08 0 7.26258e-08 0 7.34303e-08 0 7.42966e-08 0 7.5109e-08 0 7.58668e-08 0 7.66865e-08 0 7.7451e-08 0 7.82188e-08 0 7.89897e-08 0 7.97639e-08 0 8.04814e-08 0 8.12015e-08 0 8.19244e-08 0 8.26499e-08 0
203.079 3.28262e-10 3.27848e-10 4.13505e-13 0.00125968 0.000962644 1.57873e-16 0 8.09256e-14 0 1.68299e-11 0 2.49712e-10 0 6.42528e-10 0 1.06044e-09 0 1.48219e-09 0 1.89749e-09 0 3.87467e-09 0 7.28051e-09 0 1.02013e-08 0 1.27722e-08 0 1.50934e-08 0 1.72316e-08 0 1.92071e-08 0 2.10477e-08 0 2.28035e-08 0 2.44524e-08 0 2.60056e-08 0 2.75118e-08 0 2.89298e-08 0 3.03165e-08 0 3.16326e-08 0 3.29412e-08 0 3.41692e-08 0 3.53467e-08 0 3.65066e-08 0 3.76471e-08 0 3.8729e-08 0 3.9787e-08 0 4.08198e-08 0 4.18258e-08 0 4.28036e-08 0 4.37917e-08 0 4.47097e-08 0 4.56768e-08 0 4.65714e-08 0 4.74326e-08 0 4.83007e-08 0 4.91757e-08 0 4.99734e-08 0 5.0819e-08 0 5.16281e-08 0 5.23997e-08 0 5.32196e-08 0 5.39577e-08 0 5.47002e-08 0 5.5447e-08 0 5.61981e-08 0 5.69089e-08 0 5.76235e-08 0 5.82968e-08 0 5.89734e-08 0 5.96987e-08 0 6.03363e-08 0 6.09767e-08 0 6.1666e-08 0 6.23122e-08 0 6.29147e-08 0 6.35662e-08 0 6.41736e-08 0 6.47834e-08 0 6.53955e-08 0 6.60099e-08 0 6.65791e-08 0 6.71503e-08 0 6.77234e-08 0 6.82985e-08 0
213.503 2.98508e-10 2.9817e-10 3.38322e-13 0.00113337 0.000872181 3.38504e-16 0 1.2795e-13 0 2.05053e-11 0 2.66735e-10 0 6.55482e-10 0 1.05583e-09 0 1.45202e-09 0 1.83683e-09 0 3.62437e-09 0 6.6093e-09 0 9.11554e-09 0 1.12945e-08 0 1.32449e-08 0 1.50301e-08 0 1.66709e-08 0 1.81931e-08 0 1.96401e-08 0 2.09947e-08 0 2.22673e-08 0 2.34983e-08 0 2.46548e-08 0 2.57835e-08 0 2.68528e-08 0 2.79143e-08 0 2.89089e-08 0 2.98612e-08 0 3.07982e-08 0 3.17183e-08 0 3.25901e-08 0 3.34418e-08 0 3.42723e-08 0 3.50805e-08 0 3.58654e-08 0 3.66579e-08 0 3.73935e-08 0 3.81678e-08 0 3.88836e-08 0 3.95721e-08 0 4.02657e-08 0 4.09643e-08 0 4.16008e-08 0 4.22752e-08 0 4.292e-08 0 4.35346e-08 0 4.41873e-08 0 4.47746e-08 0 4.53651e-08 0 4.59587e-08 0 4.65555e-08 0 4.712e-08 0 4.76872e-08 0 4.82214e-08 0 4.8758e-08 0 4.9333e-08 0 4.98383e-08 0 5.03456e-08 0 5.08914e-08 0 5.14029e-08 0 5.18797e-08 0 5.2395e-08 0 5.28753e-08 0 5.33573e-08 0 5.3841e-08 0 5.43263e-08 0 5.47759e-08 0 5.52268e-08 0 5.56791e-08 0 5.61329e-08 0
224.463 2.715e-10 2.71223e-10 2.7695e-13 0.00102007 0.000790209 6.87696e-16 0 1.94549e-13 0 2.43342e-11 0 2.79318e-10 0 6.57057e-10 0 1.03421e-09 0 1.40058e-09 0 1.75182e-09 0 3.3461e-09 0 5.93139e-09 0 8.05928e-09 0 9.88789e-09 0 1.15117e-08 0 1.29889e-08 0 1.43401e-08 0 1.55888e-08 0 1.67717e-08 0 1.78759e-08 0 1.89106e-08 0 1.99093e-08 0 2.08457e-08 0 2.17578e-08 0 2.26206e-08 0 2.34757e-08 0 2.42758e-08 0 2.50409e-08 0 2.57927e-08 0 2.65303e-08 0 2.72283e-08 0 2.79095e-08 0 2.85732e-08 0 2.92185e-08 0 2.98447e-08 0 3.04764e-08 0 3.10623e-08 0 3.16786e-08 0 3.22479e-08 0 3.27952e-08 0 3.33461e-08 0 3.39008e-08 0 3.44058e-08 0 3.49405e-08 0 3.54515e-08 0 3.59384e-08 0 3.64551e-08 0 3.69199e-08 0 3.73869e-08 0 3.78562e-08 0 3.83278e-08 0 3.87737e-08 0 3.92216e-08 0 3.96432e-08 0 4.00666e-08 0 4.052e-08 0 4.09184e-08 0 4.13182e-08 0 4.17482e-08 0 4.2151e-08 0 4.25264e-08 0 4.29319e-08 0 4.33098e-08 0 4.3689e-08 0 4.40693e-08 0 4.44508e-08 0 4.48041e-08 0 4.51583e-08 0 4.55136e-08 0 4.58699e-08 0
235.984 2.47145e-10 2.46918e-10 2.26646e-13 0.000917055 0.000715874 1.32816e-15 0 2.85223e-13 0 2.81832e-11 0 2.87223e-10 0 6.48186e-10 0 9.9814e-10 0 1.33215e-09 0 1.64845e-09 0 3.0532e-09 0 5.26909e-09 0 7.05909e-09 0 8.58068e-09 0 9.92176e-09 0 1.11349e-08 0 1.22396e-08 0 1.32567e-08 0 1.42172e-08 0 1.51114e-08 0 1.59474e-08 0 1.67526e-08 0 1.75061e-08 0 1.82388e-08 0 1.89309e-08 0 1.96158e-08 0 2.02558e-08 0 2.08672e-08 0 2.14672e-08 0 2.20552e-08 0 2.26111e-08 0 2.31532e-08 0 2.36809e-08 0 2.41935e-08 0 2.46906e-08 0 2.51916e-08 0 2.56561e-08 0 2.61442e-08 0 2.65949e-08 0 2.70278e-08 0 2.74634e-08 0 2.79017e-08 0 2.83005e-08 0 2.87226e-08 0 2.91258e-08 0 2.95098e-08 0 2.9917e-08 0 3.02832e-08 0 3.0651e-08 0 3.10205e-08 0 3.13915e-08 0 3.17423e-08 0 3.20944e-08 0 3.24258e-08 0 3.27584e-08 0 3.31146e-08 0 3.34274e-08 0 3.37412e-08 0 3.40786e-08 0 3.43945e-08 0 3.46888e-08 0 3.50068e-08 0 3.53029e-08 0 3.56e-08 0 3.58979e-08 0 3.61966e-08 0 3.64731e-08 0 3.67504e-08 0 3.70284e-08 0 3.73071e-08 0
248.097 2.25121e-10 2.24935e-10 1.85485e-13 0.000823936 0.000648914 2.44413e-15 0 4.03837e-13 0 3.18887e-11 0 2.90246e-10 0 6.29702e-10 0 9.49729e-10 0 1.25013e-09 0 1.5313e-09 0 2.75478e-09 0 4.63524e-09 0 6.12778e-09 0 7.38367e-09 0 8.48286e-09 0 9.47194e-09 0 1.03689e-08 0 1.11918e-08 0 1.19668e-08 0 1.26865e-08 0 1.33577e-08 0 1.40031e-08 0 1.46059e-08 0 1.51913e-08 0 1.57434e-08 0 1.6289e-08 0 1.67983e-08 0 1.72841e-08 0 1.77606e-08 0 1.8227e-08 0 1.86675e-08 0 1.90968e-08 0 1.95143e-08 0 1.99195e-08 0 2.03122e-08 0 2.07078e-08 0 2.10742e-08 0 2.14591e-08 0 2.18142e-08 0 2.21552e-08 0 2.24981e-08 0 2.28429e-08 0 2.31565e-08 0 2.34882e-08 0 2.3805e-08 0 2.41065e-08 0 2.44261e-08 0 2.47134e-08 0 2.50019e-08 0 2.52915e-08 0 2.55823e-08 0 2.58571e-08 0 2.61328e-08 0 2.63923e-08 0 2.66526e-08 0 2.69312e-08 0 2.71758e-08 0 2.74212e-08 0 2.76849e-08 0 2.79318e-08 0 2.81617e-08 0 2.841e-08 0 2.86412e-08 0 2.88731e-08 0 2.91055e-08 0 2.93386e-08 0 2.95543e-08 0 2.97705e-08 0 2.99872e-08 0 3.02044e-08 0
260.832 2.05111e-10 2.04959e-10 1.51812e-13 0.000740146 0.000587849 4.29429e-15 0 5.52938e-13 0 3.52773e-11 0 2.8838e-10 0 6.02689e-10 0 8.91251e-10 0 1.15788e-09 0 1.40472e-09 0 2.45836e-09 0 4.03875e-09 0 5.27262e-09 0 6.30104e-09 0 7.19528e-09 0 7.99602e-09 0 8.71934e-09 0 9.38091e-09 0 1.00022e-08 0 1.05778e-08 0 1.11137e-08 0 1.16279e-08 0 1.21075e-08 0 1.25725e-08 0 1.30105e-08 0 1.34428e-08 0 1.38459e-08 0 1.42301e-08 0 1.46064e-08 0 1.49745e-08 0 1.53219e-08 0 1.56601e-08 0 1.59888e-08 0 1.63077e-08 0 1.66164e-08 0 1.69273e-08 0 1.7215e-08 0 1.75171e-08 0 1.77957e-08 0 1.8063e-08 0 1.83317e-08 0 1.86018e-08 0 1.88473e-08 0 1.91069e-08 0 1.93547e-08 0 1.95904e-08 0 1.98403e-08 0 2.00647e-08 0 2.029e-08 0 2.05162e-08 0 2.07431e-08 0 2.09575e-08 0 2.11726e-08 0 2.13749e-08 0 2.15778e-08 0 2.17949e-08 0 2.19854e-08 0 2.21765e-08 0 2.23819e-08 0 2.2574e-08 0 2.2753e-08 0 2.29461e-08 0 2.3126e-08 0 2.33063e-08 0 2.3487e-08 0 2.36681e-08 0 2.38357e-08 0 2.40037e-08 0 2.4172e-08 0 2.43407e-08 0
274.221 1.87017e-10 1.86893e-10 1.24263e-13 0.000664446 0.000532162 7.22344e-15 0 7.33705e-13 0 3.82177e-11 0 2.82101e-10 0 5.69019e-10 0 8.25892e-10 0 1.05974e-09 0 1.274e-09 0 2.17225e-09 0 3.48911e-09 0 4.5015e-09 0 5.33787e-09 0 6.06074e-09 0 6.70508e-09 0 7.28503e-09 0 7.81391e-09 0 8.30936e-09 0 8.76739e-09 0 9.19298e-09 0 9.60072e-09 0 9.98045e-09 0 1.03481e-08 0 1.0694e-08 0 1.10351e-08 0 1.13527e-08 0 1.16552e-08 0 1.19512e-08 0 1.22405e-08 0 1.25133e-08 0 1.27787e-08 0 1.30365e-08 0 1.32864e-08 0 1.35283e-08 0 1.37716e-08 0 1.39967e-08 0 1.42329e-08 0 1.44506e-08 0 1.46595e-08 0 1.48693e-08 0 1.50801e-08 0 1.52716e-08 0 1.54741e-08 0 1.56672e-08 0 1.58509e-08 0 1.60456e-08 0 1.62203e-08 0 1.63957e-08 0 1.65717e-08 0 1.67482e-08 0 1.69149e-08 0 1.70822e-08 0 1.72394e-08 0 1.7397e-08 0 1.75657e-08 0 1.77137e-08 0 1.7862e-08 0 1.80214e-08 0 1.81706e-08 0 1.83094e-08 0 1.84592e-08 0 1.85987e-08 0 1.87384e-08 0 1.88785e-08 0 1.90189e-08 0 1.91488e-08 0 1.92789e-08 0 1.94093e-08 0 1.95399e-08 0
288.297 1.70608e-10 1.70506e-10 1.01717e-13 0.000596206 0.000481455 1.16554e-14 0 9.44771e-13 0 4.058e-11 0 2.71862e-10 0 5.30233e-10 0 7.56109e-10 0 9.58873e-10 0 1.14285e-09 0 1.90128e-09 0 2.9896e-09 0 3.81433e-09 0 4.49008e-09 0 5.07085e-09 0 5.58635e-09 0 6.04879e-09 0 6.46936e-09 0 6.86244e-09 0 7.22511e-09 0 7.56151e-09 0 7.88331e-09 0 8.1826e-09 0 8.47203e-09 0 8.744e-09 0 9.0119e-09 0 9.26114e-09 0 9.49828e-09 0 9.73019e-09 0 9.95665e-09 0 1.01701e-08 0 1.03776e-08 0 1.0579e-08 0 1.07741e-08 0 1.09628e-08 0 1.11526e-08 0 1.13281e-08 0 1.15122e-08 0 1.16817e-08 0 1.18443e-08 0 1.20075e-08 0 1.21715e-08 0 1.23204e-08 0 1.24778e-08 0 1.26279e-08 0 1.27705e-08 0 1.29216e-08 0 1.30573e-08 0 1.31934e-08 0 1.33299e-08 0 1.34668e-08 0 1.3596e-08 0 1.37256e-08 0 1.38475e-08 0 1.39696e-08 0 1.41002e-08 0 1.42148e-08 0 1.43296e-08 0 1.4453e-08 0 1.45684e-08 0 1.46757e-08 0 1.47916e-08 0 1.48995e-08 0 1.50075e-08 0 1.51158e-08 0 1.52243e-08 0 1.53246e-08 0 1.54251e-08 0 1.55258e-08 0 1.56267e-08 0
303.095 1.55716e-10 1.55632e-10 8.3262e-14 0.000534706 0.00043557 1.8077e-14 0 1.18232e-12 0 4.22742e-11 0 2.58308e-10 0 4.87998e-10 0 6.84335e-10 0 8.58272e-10 0 1.01466e-09 0 1.64926e-09 0 2.54187e-09 0 3.20928e-09 0 3.75195e-09 0 4.21592e-09 0 4.62615e-09 0 4.99302e-09 0 5.32583e-09 0 5.63623e-09 0 5.92209e-09 0 6.18682e-09 0 6.43971e-09 0 6.67461e-09 0 6.90151e-09 0 7.11451e-09 0 7.32411e-09 0 7.51895e-09 0 7.70418e-09 0 7.88519e-09 0 8.06182e-09 0 8.22819e-09 0 8.38982e-09 0 8.54662e-09 0 8.69845e-09 0 8.84522e-09 0 8.99273e-09 0 9.1291e-09 0 9.27205e-09 0 9.40367e-09 0 9.52981e-09 0 9.65646e-09 0 9.78359e-09 0 9.89903e-09 0 1.0021e-08 0 1.01372e-08 0 1.02477e-08 0 1.03647e-08 0 1.04696e-08 0 1.05749e-08 0 1.06805e-08 0 1.07864e-08 0 1.08863e-08 0 1.09864e-08 0 1.10806e-08 0 1.11749e-08 0 1.12758e-08 0 1.13643e-08 0 1.14529e-08 0 1.15481e-08 0 1.16372e-08 0 1.172e-08 0 1.18094e-08 0 1.18926e-08 0 1.19759e-08 0 1.20594e-08 0 1.2143e-08 0 1.22203e-08 0 1.22978e-08 0 1.23753e-08 0 1.2453e-08 0
318.653 1.42177e-10 1.42109e-10 6.81587e-14 0.000479394 0.000393966 2.69982e-14 0 1.4398e-12 0 4.32438e-11 0 2.42131e-10 0 4.43841e-10 0 6.12642e-10 0 7.60341e-10 0 8.92004e-10 0 1.41849e-09 0 2.14533e-09 0 2.68204e-09 0 3.11537e-09 0 3.48407e-09 0 3.80889e-09 0 4.09855e-09 0 4.36072e-09 0 4.60474e-09 0 4.8291e-09 0 5.03657e-09 0 5.2345e-09 0 5.41814e-09 0 5.59534e-09 0 5.76152e-09 0 5.92492e-09 0 6.07668e-09 0 6.22085e-09 0 6.36164e-09 0 6.49894e-09 0 6.62818e-09 0 6.75367e-09 0 6.87534e-09 0 6.99311e-09 0 7.10689e-09 0 7.22119e-09 0 7.32682e-09 0 7.43749e-09 0 7.53936e-09 0 7.63695e-09 0 7.7349e-09 0 7.83318e-09 0 7.9224e-09 0 8.01662e-09 0 8.1064e-09 0 8.19171e-09 0 8.28201e-09 0 8.36303e-09 0 8.44426e-09 0 8.5257e-09 0 8.60734e-09 0 8.68437e-09 0 8.76157e-09 0 8.83411e-09 0 8.9068e-09 0 8.98451e-09 0 9.05264e-09 0 9.12091e-09 0 9.1942e-09 0 9.26273e-09 0 9.32648e-09 0 9.39526e-09 0 9.45924e-09 0 9.52333e-09 0 9.58752e-09 0 9.65182e-09 0 9.71127e-09 0 9.7708e-09 0 9.83043e-09 0 9.89014e-09 0
335.009 1.29949e-10 1.29893e-10 5.58048e-14 0.000429437 0.000356313 3.8927e-14 0 1.70966e-12 0 4.35057e-11 0 2.24228e-10 0 3.99455e-10 0 5.43193e-10 0 6.67508e-10 0 7.77438e-10 0 1.21105e-09 0 1.79936e-09 0 2.22877e-09 0 2.5732e-09 0 2.86496e-09 0 3.12114e-09 0 3.34899e-09 0 3.55477e-09 0 3.74597e-09 0 3.92148e-09 0 4.08357e-09 0 4.23802e-09 0 4.38116e-09 0 4.51916e-09 0 4.64846e-09 0 4.77549e-09 0 4.89338e-09 0 5.00531e-09 0 5.11454e-09 0 5.221e-09 0 5.32116e-09 0 5.41836e-09 0 5.51256e-09 0 5.60369e-09 0 5.6917e-09 0 5.78008e-09 0 5.86171e-09 0 5.94722e-09 0 6.02589e-09 0 6.10124e-09 0 6.17684e-09 0 6.25267e-09 0 6.32149e-09 0 6.39414e-09 0 6.46335e-09 0 6.5291e-09 0 6.59868e-09 0 6.66109e-09 0 6.72365e-09 0 6.78635e-09 0 6.84919e-09 0 6.90847e-09 0 6.96788e-09 0 7.02368e-09 0 7.07959e-09 0 7.13935e-09 0 7.19174e-09 0 7.24421e-09 0 7.30054e-09 0 7.3532e-09 0 7.40219e-09 0 7.45502e-09 0 7.50416e-09 0 7.55338e-09 0 7.60267e-09 0 7.65203e-09 0 7.69766e-09 0 7.74336e-09 0 7.78912e-09 0 7.83493e-09 0
352.205 1.18818e-10 1.18773e-10 4.56833e-14 0.00038448 0.000322243 5.42448e-14 0 1.98075e-12 0 4.30577e-11 0 2.05154e-10 0 3.55742e-10 0 4.7697e-10 0 5.8068e-10 0 6.71704e-10 0 1.0262e-09 0 1.49946e-09 0 1.84121e-09 0 2.11367e-09 0 2.34351e-09 0 2.54471e-09 0 2.72323e-09 0 2.88414e-09 0 3.03339e-09 0 3.17021e-09 0 3.29641e-09 0 3.41653e-09 0 3.52774e-09 0 3.63487e-09 0 3.73516e-09 0 3.83362e-09 0 3.92493e-09 0 4.01157e-09 0 4.09608e-09 0 4.17839e-09 0 4.25579e-09 0 4.33088e-09 0 4.40361e-09 0 4.47395e-09 0 4.54185e-09 0 4.61001e-09 0 4.67294e-09 0 4.73884e-09 0 4.79945e-09 0 4.85748e-09 0 4.91568e-09 0 4.97405e-09 0 5.02701e-09 0 5.0829e-09 0 5.13613e-09 0 5.18669e-09 0 5.24017e-09 0 5.28814e-09 0 5.33621e-09 0 5.38438e-09 0 5.43266e-09 0 5.47818e-09 0 5.52379e-09 0 5.56663e-09 0 5.60954e-09 0 5.65539e-09 0 5.69559e-09 0 5.73584e-09 0 5.77905e-09 0 5.81943e-09 0 5.85699e-09 0 5.8975e-09 0 5.93517e-09 0 5.97289e-09 0 6.01066e-09 0 6.04848e-09 0 6.08344e-09 0 6.11844e-09 0 6.15349e-09 0 6.18858e-09 0
370.284 1.08688e-10 1.0865e-10 3.74003e-14 0.000344107 0.000291456 7.31835e-14 0 2.24191e-12 0 4.19592e-11 0 1.85581e-10 0 3.13699e-10 0 4.15034e-10 0 5.00848e-10 0 5.75639e-10 0 8.63489e-10 0 1.24207e-09 0 1.51274e-09 0 1.72733e-09 0 1.90767e-09 0 2.06509e-09 0 2.20445e-09 0 2.32984e-09 0 2.44597e-09 0 2.55229e-09 0 2.65024e-09 0 2.74338e-09 0 2.82954e-09 0 2.91246e-09 0 2.99004e-09 0 3.06615e-09 0 3.13669e-09 0 3.20358e-09 0 3.26879e-09 0 3.33228e-09 0 3.39195e-09 0 3.44981e-09 0 3.50583e-09 0 3.55999e-09 0 3.61225e-09 0 3.6647e-09 0 3.71311e-09 0 3.76378e-09 0 3.81037e-09 0 3.85497e-09 0 3.89969e-09 0 3.94452e-09 0 3.98519e-09 0 4.02809e-09 0 4.06895e-09 0 4.10775e-09 0 4.14878e-09 0 4.18558e-09 0 4.22244e-09 0 4.25938e-09 0 4.29638e-09 0 4.33127e-09 0 4.36623e-09 0 4.39905e-09 0 4.43193e-09 0 4.46705e-09 0 4.49783e-09 0 4.52866e-09 0 4.56173e-09 0 4.59265e-09 0 4.62139e-09 0 4.65239e-09 0 4.68122e-09 0 4.71008e-09 0 4.73897e-09 0 4.7679e-09 0 4.79464e-09 0 4.82141e-09 0 4.84821e-09 0 4.87503e-09 0
389.291 9.94113e-11 9.93807e-11 3.06229e-14 0.000308042 0.000263589 9.56921e-14 0 2.48056e-12 0 4.02717e-11 0 1.65997e-10 0 2.7392e-10 0 3.57882e-10 0 4.28311e-10 0 4.89296e-10 0 7.21446e-10 0 1.02256e-09 0 1.23588e-09 0 1.40413e-09 0 1.54503e-09 0 1.66771e-09 0 1.77609e-09 0 1.87345e-09 0 1.9635e-09 0 2.04583e-09 0 2.1216e-09 0 2.19359e-09 0 2.26013e-09 0 2.32412e-09 0 2.38394e-09 0 2.4426e-09 0 2.49694e-09 0 2.54843e-09 0 2.59861e-09 0 2.64744e-09 0 2.69332e-09 0 2.73779e-09 0 2.78083e-09 0 2.82242e-09 0 2.86254e-09 0 2.90279e-09 0 2.93993e-09 0 2.9788e-09 0 3.01452e-09 0 3.04871e-09 0 3.08298e-09 0 3.11734e-09 0 3.14849e-09 0 3.18136e-09 0 3.21264e-09 0 3.24234e-09 0 3.27375e-09 0 3.30191e-09 0 3.33012e-09 0 3.35837e-09 0 3.38668e-09 0 3.41336e-09 0 3.44009e-09 0 3.46518e-09 0 3.49031e-09 0 3.51716e-09 0 3.54068e-09 0 3.56423e-09 0 3.5895e-09 0 3.61312e-09 0 3.63507e-09 0 3.65875e-09 0 3.68076e-09 0 3.70279e-09 0 3.72485e-09 0 3.74694e-09 0 3.76734e-09 0 3.78777e-09 0 3.80822e-09 0 3.82869e-09 0
409.273 9.10513e-11 9.10262e-11 2.5074e-14 0.000275383 0.000238363 1.21633e-13 0 2.68997e-12 0 3.81548e-11 0 1.47126e-10 0 2.37326e-10 0 3.06425e-10 0 3.63874e-10 0 4.1332e-10 0 5.99644e-10 0 8.38239e-10 0 1.00584e-09 0 1.1374e-09 0 1.24722e-09 0 1.34262e-09 0 1.42674e-09 0 1.50219e-09 0 1.57188e-09 0 1.63553e-09 0 1.69406e-09 0 1.74962e-09 0 1.80093e-09 0 1.85024e-09 0 1.89632e-09 0 1.94147e-09 0 1.98327e-09 0 2.02287e-09 0 2.06144e-09 0 2.09896e-09 0 2.13419e-09 0 2.16833e-09 0 2.20136e-09 0 2.23327e-09 0 2.26405e-09 0 2.29491e-09 0 2.32338e-09 0 2.35317e-09 0 2.38054e-09 0 2.40673e-09 0 2.43298e-09 0 2.45928e-09 0 2.48313e-09 0 2.50828e-09 0 2.53222e-09 0 2.55494e-09 0 2.57897e-09 0 2.60051e-09 0 2.62208e-09 0 2.64368e-09 0 2.66532e-09 0 2.68571e-09 0 2.70613e-09 0 2.72531e-09 0 2.74451e-09 0 2.76501e-09 0 2.78298e-09 0 2.80097e-09 0 2.82026e-09 0 2.8383e-09 0 2.85506e-09 0 2.87313e-09 0 2.88993e-09 0 2.90674e-09 0 2.92358e-09 0 2.94043e-09 0 2.956e-09 0 2.97158e-09 0 2.98718e-09 0 3.00279e-09 0
430.281 8.34317e-11 8.34111e-11 2.05258e-14 0.000246019 0.000215527 1.50371e-13 0 2.85937e-12 0 3.56778e-11 0 1.29168e-10 0 2.03943e-10 0 2.60405e-10 0 3.06963e-10 0 3.46811e-10 0 4.95562e-10 0 6.838e-10 0 8.14996e-10 0 9.17533e-10 0 1.00288e-09 0 1.07685e-09 0 1.14197e-09 0 1.20029e-09 0 1.2541e-09 0 1.3032e-09 0 1.34831e-09 0 1.39109e-09 0 1.43057e-09 0 1.4685e-09 0 1.50391e-09 0 1.5386e-09 0 1.5707e-09 0 1.60109e-09 0 1.63068e-09 0 1.65946e-09 0 1.68647e-09 0 1.71264e-09 0 1.73795e-09 0 1.76239e-09 0 1.78595e-09 0 1.80958e-09 0 1.83137e-09 0 1.85416e-09 0 1.8751e-09 0 1.89513e-09 0 1.9152e-09 0 1.93531e-09 0 1.95354e-09 0 1.97277e-09 0 1.99106e-09 0 2.00842e-09 0 2.02677e-09 0 2.04322e-09 0 2.05969e-09 0 2.07619e-09 0 2.0927e-09 0 2.10827e-09 0 2.12386e-09 0 2.13849e-09 0 2.15314e-09 0 2.16878e-09 0 2.18249e-09 0 2.19621e-09 0 2.21092e-09 0 2.22468e-09 0 2.23746e-09 0 2.25123e-09 0 2.26404e-09 0 2.27686e-09 0 2.28969e-09 0 2.30253e-09 0 2.3144e-09 0 2.32627e-09 0 2.33816e-09 0 2.35005e-09 0
452.368 7.64593e-11 7.64425e-11 1.6807e-14 0.000219816 0.000194916 1.81001e-13 0 2.9814e-12 0 3.29398e-11 0 1.12357e-10 0 1.73857e-10 0 2.19675e-10 0 2.57169e-10 0 2.89091e-10 0 4.07231e-10 0 5.55106e-10 0 6.57432e-10 0 7.37087e-10 0 8.0321e-10 0 8.60403e-10 0 9.10674e-10 0 9.55641e-10 0 9.97085e-10 0 1.03486e-09 0 1.06954e-09 0 1.10241e-09 0 1.13273e-09 0 1.16184e-09 0 1.189e-09 0 1.21559e-09 0 1.24019e-09 0 1.26347e-09 0 1.28613e-09 0 1.30816e-09 0 1.32883e-09 0 1.34885e-09 0 1.3682e-09 0 1.38689e-09 0 1.4049e-09 0 1.42296e-09 0 1.43961e-09 0 1.45702e-09 0 1.47301e-09 0 1.4883e-09 0 1.50363e-09 0 1.51898e-09 0 1.53289e-09 0 1.54756e-09 0 1.56151e-09 0 1.57475e-09 0 1.58875e-09 0 1.60129e-09 0 1.61385e-09 0 1.62643e-09 0 1.63902e-09 0 1.65088e-09 0 1.66276e-09 0 1.67391e-09 0 1.68507e-09 0 1.69699e-09 0 1.70743e-09 0 1.71788e-09 0 1.72909e-09 0 1.73956e-09 0 1.74929e-09 0 1.75978e-09 0 1.76953e-09 0 1.77929e-09 0 1.78905e-09 0 1.79883e-09 0 1.80786e-09 0 1.81689e-09 0 1.82594e-09 0 1.83499e-09 0
475.588 7.01064e-11 7.00927e-11 1.37607e-14 0.000196283 0.000176292 2.12489e-13 0 3.05344e-12 0 3.006e-11 0 9.69253e-11 0 1.47156e-10 0 1.84114e-10 0 2.14143e-10 0 2.39588e-10 0 3.33005e-10 0 4.48764e-10 0 5.28339e-10 0 5.90056e-10 0 6.41163e-10 0 6.85288e-10 0 7.24016e-10 0 7.58618e-10 0 7.90477e-10 0 8.19495e-10 0 8.46113e-10 0 8.71326e-10 0 8.94569e-10 0 9.16869e-10 0 9.37673e-10 0 9.58029e-10 0 9.76852e-10 0 9.94662e-10 0 1.01199e-09 0 1.02883e-09 0 1.04462e-09 0 1.05992e-09 0 1.0747e-09 0 1.08897e-09 0 1.10273e-09 0 1.11651e-09 0 1.12921e-09 0 1.1425e-09 0 1.1547e-09 0 1.16636e-09 0 1.17805e-09 0 1.18975e-09 0 1.20036e-09 0 1.21154e-09 0 1.22217e-09 0 1.23226e-09 0 1.24293e-09 0 1.25248e-09 0 1.26205e-09 0 1.27162e-09 0 1.28121e-09 0 1.29025e-09 0 1.29929e-09 0 1.30778e-09 0 1.31627e-09 0 1.32535e-09 0 1.33329e-09 0 1.34124e-09 0 1.34977e-09 0 1.35774e-09 0 1.36514e-09 0 1.37312e-09 0 1.38054e-09 0 1.38796e-09 0 1.39539e-09 0 1.40282e-09 0 1.40969e-09 0 1.41656e-09 0 1.42343e-09 0 1.43031e-09 0
500 6.4336e-11 6.43247e-11 1.12664e-14 0.000175118 0.000159435 2.43681e-13 0 3.07554e-12 0 2.71413e-11 0 8.29901e-11 0 1.23767e-10 0 1.53423e-10 0 1.77362e-10 0 1.97555e-10 0 2.71153e-10 0 3.61511e-10 0 4.23249e-10 0 4.70972e-10 0 5.10402e-10 0 5.44387e-10 0 5.74177e-10 0 6.00766e-10 0 6.25224e-10 0 6.47485e-10 0 6.67891e-10 0 6.87208e-10 0 7.05007e-10 0 7.22075e-10 0 7.37992e-10 0 7.5356e-10 0 7.6795e-10 0 7.81562e-10 0 7.948e-10 0 8.07661e-10 0 8.19724e-10 0 8.31399e-10 0 8.42683e-10 0 8.53573e-10 0 8.64065e-10 0 8.74578e-10 0 8.84267e-10 0 8.94396e-10 0 9.03696e-10 0 9.12588e-10 0 9.21493e-10 0 9.30411e-10 0 9.38491e-10 0 9.47007e-10 0 9.55109e-10 0 9.62793e-10 0 9.70914e-10 0 9.78189e-10 0 9.85472e-10 0 9.92762e-10 0 1.00006e-09 0 1.00694e-09 0 1.01382e-09 0 1.02028e-09 0 1.02674e-09 0 1.03364e-09 0 1.03969e-09 0 1.04574e-09 0 1.05222e-09 0 1.05828e-09 0 1.06391e-09 0 1.06998e-09 0 1.07562e-09 0 1.08126e-09 0 1.08691e-09 0 1.09256e-09 0 1.09778e-09 0 1.103e-09 0 1.10822e-09 0 1.11345e-09 0
525.665 5.90441e-11 5.90349e-11 9.22512e-15 0.000156241 0.000144204 2.73091e-13 0 3.0469e-12 0 2.42425e-11 0 7.0508e-11 0 1.034e-10 0 1.27064e-10 0 1.46052e-10 0 1.62003e-10 0 2.19748e-10 0 2.90043e-10 0 3.37807e-10 0 3.74614e-10 0 4.04963e-10 0 4.31081e-10 0 4.53948e-10 0 4.74337e-10 0 4.93078e-10 0 5.10123e-10 0 5.25738e-10 0 5.40512e-10 0 5.54119e-10 0 5.67162e-10 0 5.79319e-10 0 5.91207e-10 0 6.02191e-10 0 6.12578e-10 0 6.22677e-10 0 6.32486e-10 0 6.41684e-10 0 6.50584e-10 0 6.59184e-10 0 6.67482e-10 0 6.75476e-10 0 6.83483e-10 0 6.90863e-10 0 6.98575e-10 0 7.05656e-10 0 7.12425e-10 0 7.19203e-10 0 7.2599e-10 0 7.32138e-10 0 7.38618e-10 0 7.44781e-10 0 7.50626e-10 0 7.56803e-10 0 7.62335e-10 0 7.67873e-10 0 7.73416e-10 0 7.78964e-10 0 7.84191e-10 0 7.89423e-10 0 7.94331e-10 0 7.99244e-10 0 8.04489e-10 0 8.09081e-10 0 8.13677e-10 0 8.18605e-10 0 8.23208e-10 0 8.27485e-10 0 8.32094e-10 0 8.36376e-10 0 8.40662e-10 0 8.4495e-10 0 8.49241e-10 0 8.53204e-10 0 8.57169e-10 0 8.61137e-10 0 8.65107e-10 0
552.648 5.42353e-11 5.42277e-11 7.55376e-15 0.000139278 0.000130446 2.99672e-13 0 2.97388e-12 0 2.14511e-11 0 5.95158e-11 0 8.59118e-11 0 1.04715e-10 0 1.19718e-10 0 1.32274e-10 0 1.77447e-10 0 2.32012e-10 0 2.68898e-10 0 2.97244e-10 0 3.20572e-10 0 3.4062e-10 0 3.58153e-10 0 3.73773e-10 0 3.88119e-10 0 4.01159e-10 0 4.13098e-10 0 4.24389e-10 0 4.34783e-10 0 4.44743e-10 0 4.54023e-10 0 4.63094e-10 0 4.71473e-10 0 4.79395e-10 0 4.87095e-10 0 4.94572e-10 0 5.01582e-10 0 5.08364e-10 0 5.14915e-10 0 5.21236e-10 0 5.27323e-10 0 5.3342e-10 0 5.39038e-10 0 5.44909e-10 0 5.50298e-10 0 5.55449e-10 0 5.60606e-10 0 5.65769e-10 0 5.70446e-10 0 5.75374e-10 0 5.80061e-10 0 5.84506e-10 0 5.89203e-10 0 5.93409e-10 0 5.97619e-10 0 6.01833e-10 0 6.0605e-10 0 6.10023e-10 0 6.13998e-10 0 6.17728e-10 0 6.21461e-10 0 6.25446e-10 0 6.28935e-10 0 6.32426e-10 0 6.3617e-10 0 6.39666e-10 0 6.42914e-10 0 6.46414e-10 0 6.49667e-10 0 6.52921e-10 0 6.56177e-10 0 6.59435e-10 0 6.62444e-10 0 6.65455e-10 0 6.68467e-10 0 6.7148e-10 0
581.015 4.98441e-11 4.98379e-11 6.1843e-15 0.000124073 0.000117998 3.22218e-13 0 2.86097e-12 0 1.8808e-11 0 4.99165e-11 0 7.09938e-11 0 8.58709e-11 0 9.76802e-11 0 1.07529e-10 0 1.42762e-10 0 1.85017e-10 0 2.13449e-10 0 2.35242e-10 0 2.53146e-10 0 2.68514e-10 0 2.81941e-10 0 2.93892e-10 0 3.04862e-10 0 3.14827e-10 0 3.23946e-10 0 3.32567e-10 0 3.40499e-10 0 3.48097e-10 0 3.55175e-10 0 3.62091e-10 0 3.68478e-10 0 3.74515e-10 0 3.80381e-10 0 3.86077e-10 0 3.91415e-10 0 3.96579e-10 0 4.01566e-10 0 4.06377e-10 0 4.1101e-10 0 4.15649e-10 0 4.19923e-10 0 4.24389e-10 0 4.28488e-10 0 4.32405e-10 0 4.36327e-10 0 4.40253e-10 0 4.43808e-10 0 4.47555e-10 0 4.51118e-10 0 4.54496e-10 0 4.58065e-10 0 4.61261e-10 0 4.6446e-10 0 4.67662e-10 0 4.70866e-10 0 4.73883e-10 0 4.76903e-10 0 4.79736e-10 0 4.82571e-10 0 4.85597e-10 0 4.88247e-10 0 4.90898e-10 0 4.9374e-10 0 4.96395e-10 0 4.98861e-10 0 5.01518e-10 0 5.03987e-10 0 5.06457e-10 0 5.08929e-10 0 5.11401e-10 0 5.13685e-10 0 5.1597e-10 0 5.18256e-10 0 5.20542e-10 0
610.839 4.58318e-11 4.58267e-11 5.06355e-15 0.000110481 0.000106742 3.39832e-13 0 2.71494e-12 0 1.63489e-11 0 4.16148e-11 0 5.8368e-11 0 7.00929e-11 0 7.93562e-11 0 8.70574e-11 0 1.14463e-10 0 1.47116e-10 0 1.68994e-10 0 1.85724e-10 0 1.99447e-10 0 2.11213e-10 0 2.21483e-10 0 2.30618e-10 0 2.38997e-10 0 2.46605e-10 0 2.53565e-10 0 2.6014e-10 0 2.66189e-10 0 2.71982e-10 0 2.77375e-10 0 2.82644e-10 0 2.87509e-10 0 2.92106e-10 0 2.96573e-10 0 3.00908e-10 0 3.04971e-10 0 3.089e-10 0 3.12695e-10 0 3.16354e-10 0 3.19878e-10 0 3.23406e-10 0 3.26656e-10 0 3.30052e-10 0 3.33168e-10 0 3.36145e-10 0 3.39126e-10 0 3.4211e-10 0 3.44812e-10 0 3.47658e-10 0 3.50365e-10 0 3.52931e-10 0 3.55643e-10 0 3.5807e-10 0 3.605e-10 0 3.62931e-10 0 3.65364e-10 0 3.67656e-10 0 3.69949e-10 0 3.721e-10 0 3.74252e-10 0 3.76549e-10 0 3.78561e-10 0 3.80573e-10 0 3.8273e-10 0 3.84745e-10 0 3.86617e-10 0 3.88633e-10 0 3.90507e-10 0 3.92381e-10 0 3.94256e-10 0 3.96133e-10 0 3.97865e-10 0 3.99599e-10 0 4.01333e-10 0 4.03067e-10 0
642.193 4.21555e-11 4.21513e-11 4.14604e-15 9.83512e-05 9.65684e-05 3.51828e-13 0 2.54273e-12 0 1.4094e-11 0 3.4493e-11 0 4.77506e-11 0 5.69569e-11 0 6.41987e-11 0 7.02018e-11 0 9.14626e-11 0 1.16643e-10 0 1.33449e-10 0 1.46273e-10 0 1.56778e-10 0 1.65774e-10 0 1.7362e-10 0 1.80595e-10 0 1.86989e-10 0 1.92791e-10 0 1.98097e-10 0 2.03109e-10 0 2.07717e-10 0 2.12128e-10 0 2.16235e-10 0 2.20247e-10 0 2.23949e-10 0 2.27447e-10 0 2.30845e-10 0 2.34143e-10 0 2.37233e-10 0 2.4022e-10 0 2.43105e-10 0 2.45887e-10 0 2.48565e-10 0 2.51247e-10 0 2.53717e-10 0 2.56297e-10 0 2.58664e-10 0 2.60926e-10 0 2.6319e-10 0 2.65456e-10 0 2.67508e-10 0 2.6967e-10 0 2.71725e-10 0 2.73674e-10 0 2.75732e-10 0 2.77575e-10 0 2.79419e-10 0 2.81265e-10 0 2.83112e-10 0 2.84851e-10 0 2.86591e-10 0 2.88223e-10 0 2.89856e-10 0 2.91599e-10 0 2.93125e-10 0 2.94652e-10 0 2.96289e-10 0 2.97817e-10 0 2.99237e-10 0 3.00766e-10 0 3.02188e-10 0 3.03609e-10 0 3.05032e-10 0 3.06454e-10 0 3.07768e-10 0 3.09083e-10 0 3.10398e-10 0 3.11713e-10 0
675.157 3.87936e-11 3.87902e-11 3.39486e-15 8.75108e-05 8.73716e-05 3.57965e-13 0 2.3525e-12 0 1.20581e-11 0 2.84406e-11 0 3.88918e-11 0 4.60973e-11 0 5.17427e-11 0 5.64099e-11 0 7.28674e-11 0 9.22528e-11 0 1.05145e-10 0 1.14964e-10 0 1.22996e-10 0 1.29869e-10 0 1.35858e-10 0 1.41179e-10 0 1.46054e-10 0 1.50477e-10 0 1.54519e-10 0 1.58336e-10 0 1.61845e-10 0 1.65203e-10 0 1.68328e-10 0 1.7138e-10 0 1.74197e-10 0 1.76857e-10 0 1.79441e-10 0 1.81948e-10 0 1.84297e-10 0 1.86568e-10 0 1.8876e-10 0 1.90874e-10 0 1.92909e-10 0 1.94946e-10 0 1.96822e-10 0 1.98782e-10 0 2.0058e-10 0 2.02298e-10 0 2.04017e-10 0 2.05737e-10 0 2.07295e-10 0 2.08936e-10 0 2.10496e-10 0 2.11976e-10 0 2.13538e-10 0 2.14937e-10 0 2.16336e-10 0 2.17737e-10 0 2.19138e-10 0 2.20457e-10 0 2.21778e-10 0 2.23016e-10 0 2.24255e-10 0 2.25577e-10 0 2.26735e-10 0 2.27893e-10 0 2.29134e-10 0 2.30294e-10 0 2.3137e-10 0 2.3253e-10 0 2.33608e-10 0 2.34686e-10 0 2.35765e-10 0 2.36844e-10 0 2.3784e-10 0 2.38837e-10 0 2.39834e-10 0 2.40831e-10 0
709.813 3.57192e-11 3.57164e-11 2.77947e-15 7.78144e-05 7.90543e-05 3.58264e-13 0 2.15159e-12 0 1.02435e-11 0 2.33369e-11 0 3.15474e-11 0 3.71708e-11 0 4.15605e-11 0 4.51807e-11 0 5.78957e-11 0 7.27981e-11 0 8.26772e-11 0 9.01876e-11 0 9.63242e-11 0 1.0157e-10 0 1.06139e-10 0 1.10196e-10 0 1.13911e-10 0 1.1728e-10 0 1.20358e-10 0 1.23263e-10 0 1.25934e-10 0 1.28489e-10 0 1.30866e-10 0 1.33187e-10 0 1.35329e-10 0 1.37352e-10 0 1.39316e-10 0 1.41221e-10 0 1.43006e-10 0 1.44732e-10 0 1.46398e-10 0 1.48004e-10 0 1.49549e-10 0 1.51096e-10 0 1.52521e-10 0 1.54009e-10 0 1.55374e-10 0 1.56679e-10 0 1.57984e-10 0 1.5929e-10 0 1.60472e-10 0 1.61718e-10 0 1.62902e-10 0 1.64025e-10 0 1.6521e-10 0 1.66272e-10 0 1.67334e-10 0 1.68396e-10 0 1.69459e-10 0 1.7046e-10 0 1.71462e-10 0 1.72401e-10 0 1.73341e-10 0 1.74344e-10 0 1.75222e-10 0 1.761e-10 0 1.77042e-10 0 1.77921e-10 0 1.78738e-10 0 1.79617e-10 0 1.80434e-10 0 1.81252e-10 0 1.8207e-10 0 1.82888e-10 0 1.83643e-10 0 1.84399e-10 0 1.85154e-10 0 1.85911e-10 0
746.248 3.29171e-11 3.29148e-11 2.27586e-15 6.91391e-05 7.15241e-05 3.53133e-13 0 1.94724e-12 0 8.64734e-12 0 1.9069e-11 0 2.55012e-11 0 2.988e-11 0 3.32868e-11 0 3.609e-11 0 4.58998e-11 0 5.73451e-11 0 6.49101e-11 0 7.06519e-11 0 7.53385e-11 0 7.93416e-11 0 8.2826e-11 0 8.5918e-11 0 8.87488e-11 0 9.13146e-11 0 9.36584e-11 0 9.58701e-11 0 9.79023e-11 0 9.98462e-11 0 1.01655e-10 0 1.0342e-10 0 1.05049e-10 0 1.06587e-10 0 1.0808e-10 0 1.09528e-10 0 1.10885e-10 0 1.12196e-10 0 1.13462e-10 0 1.14682e-10 0 1.15856e-10 0 1.17031e-10 0 1.18114e-10 0 1.19244e-10 0 1.2028e-10 0 1.21271e-10 0 1.22262e-10 0 1.23254e-10 0 1.24151e-10 0 1.25097e-10 0 1.25996e-10 0 1.26848e-10 0 1.27748e-10 0 1.28553e-10 0 1.29359e-10 0 1.30166e-10 0 1.30973e-10 0 1.31732e-10 0 1.32492e-10 0 1.33205e-10 0 1.33918e-10 0 1.34679e-10 0 1.35345e-10 0 1.36012e-10 0 1.36726e-10 0 1.37393e-10 0 1.38012e-10 0 1.38679e-10 0 1.39299e-10 0 1.39919e-10 0 1.40539e-10 0 1.4116e-10 0 1.41733e-10 0 1.42306e-10 0 1.42879e-10 0 1.43452e-10 0
784.553 3.03357e-11 3.03338e-11 1.86345e-15 6.14275e-05 6.4707e-05 3.42797e-13 0 1.74348e-12 0 7.25108e-12 0 1.55085e-11 0 2.05307e-11 0 2.39307e-11 0 2.65679e-11 0 2.87335e-11 0 3.62866e-11 0 4.50624e-11 0 5.08475e-11 0 5.52319e-11 0 5.8807e-11 0 6.18586e-11 0 6.45132e-11 0 6.68679e-11 0 6.90228e-11 0 7.09753e-11 0 7.27583e-11 0 7.44405e-11 0 7.59858e-11 0 7.74637e-11 0 7.88385e-11 0 8.01801e-11 0 8.14176e-11 0 8.2586e-11 0 8.37204e-11 0 8.48206e-11 0 8.58509e-11 0 8.68467e-11 0 8.78079e-11 0 8.87342e-11 0 8.96257e-11 0 9.0518e-11 0 9.13394e-11 0 9.21972e-11 0 9.29841e-11 0 9.37357e-11 0 9.44878e-11 0 9.52403e-11 0 9.59215e-11 0 9.6639e-11 0 9.7321e-11 0 9.79674e-11 0 9.86501e-11 0 9.92612e-11 0 9.98726e-11 0 1.00484e-10 0 1.01096e-10 0 1.01672e-10 0 1.02249e-10 0 1.02789e-10 0 1.0333e-10 0 1.03907e-10 0 1.04412e-10 0 1.04917e-10 0 1.05459e-10 0 1.05965e-10 0 1.06434e-10 0 1.0694e-10 0 1.0741e-10 0 1.0788e-10 0 1.0835e-10 0 1.08821e-10 0 1.09255e-10 0 1.09689e-10 0 1.10124e-10 0 1.10558e-10 0
824.824 2.79815e-11 2.798e-11 1.52571e-15 5.45257e-05 5.85488e-05 3.28259e-13 0 1.54663e-12 0 6.04726e-12 0 1.25679e-11 0 1.64807e-11 0 1.91162e-11 0 2.11546e-11 0 2.28254e-11 0 2.86352e-11 0 3.536e-11 0 3.97822e-11 0 4.31293e-11 0 4.58562e-11 0 4.81822e-11 0 5.02045e-11 0 5.19977e-11 0 5.36381e-11 0 5.51241e-11 0 5.64807e-11 0 5.77602e-11 0 5.89355e-11 0 6.00592e-11 0 6.11044e-11 0 6.21242e-11 0 6.30648e-11 0 6.39527e-11 0 6.48146e-11 0 6.56505e-11 0 6.64332e-11 0 6.71897e-11 0 6.79197e-11 0 6.86233e-11 0 6.93003e-11 0 6.99778e-11 0 7.06016e-11 0 7.12529e-11 0 7.18503e-11 0 7.24209e-11 0 7.29918e-11 0 7.3563e-11 0 7.40801e-11 0 7.46246e-11 0 7.51422e-11 0 7.56328e-11 0 7.61509e-11 0 7.66146e-11 0 7.70786e-11 0 7.75427e-11 0 7.8007e-11 0 7.84441e-11 0 7.88814e-11 0 7.92915e-11 0 7.97018e-11 0 8.01395e-11 0 8.05227e-11 0 8.0906e-11 0 8.13168e-11 0 8.17003e-11 0 8.20565e-11 0 8.24402e-11 0 8.27966e-11 0 8.31531e-11 0 8.35097e-11 0 8.38664e-11 0 8.41957e-11 0 8.45251e-11 0 8.48546e-11 0 8.51842e-11 0
867.163 2.5815e-11 2.58138e-11 1.24927e-15 4.83932e-05 5.29852e-05 3.101e-13 0 1.35916e-12 0 5.01437e-12 0 1.01444e-11 0 1.31848e-11 0 1.52232e-11 0 1.67958e-11 0 1.80825e-11 0 2.25446e-11 0 2.76917e-11 0 3.10688e-11 0 3.36219e-11 0 3.57001e-11 0 3.74718e-11 0 3.90115e-11 0 4.03762e-11 0 4.16243e-11 0 4.27545e-11 0 4.37861e-11 0 4.4759e-11 0 4.56523e-11 0 4.65064e-11 0 4.73006e-11 0 4.80754e-11 0 4.879e-11 0 4.94645e-11 0 5.01191e-11 0 5.0754e-11 0 5.13484e-11 0 5.19227e-11 0 5.2477e-11 0 5.30112e-11 0 5.35252e-11 0 5.40395e-11 0 5.45129e-11 0 5.50073e-11 0 5.54607e-11 0 5.58937e-11 0 5.63269e-11 0 5.67604e-11 0 5.71528e-11 0 5.7566e-11 0 5.79587e-11 0 5.83309e-11 0 5.87239e-11 0 5.90757e-11 0 5.94277e-11 0 5.97797e-11 0 6.01319e-11 0 6.04635e-11 0 6.07952e-11 0 6.11063e-11 0 6.14174e-11 0 6.17494e-11 0 6.204e-11 0 6.23307e-11 0 6.26422e-11 0 6.2933e-11 0 6.32031e-11 0 6.34941e-11 0 6.37643e-11 0 6.40347e-11 0 6.43051e-11 0 6.45755e-11 0 6.48252e-11 0 6.5075e-11 0 6.53248e-11 0 6.55746e-11 0
911.674 2.38361e-11 2.3835e-11 1.0228e-15 4.29098e-05 4.79504e-05 2.89394e-13 0 1.18465e-12 0 4.1382e-12 0 8.16314e-12 0 1.05215e-11 0 1.20959e-11 0 1.33078e-11 0 1.42978e-11 0 1.77223e-11 0 2.16601e-11 0 2.42387e-11 0 2.61858e-11 0 2.77697e-11 0 2.91193e-11 0 3.02916e-11 0 3.13303e-11 0 3.228e-11 0 3.31398e-11 0 3.39244e-11 0 3.46642e-11 0 3.53434e-11 0 3.59926e-11 0 3.65963e-11 0 3.71852e-11 0 3.77282e-11 0 3.82407e-11 0 3.8738e-11 0 3.92203e-11 0 3.96718e-11 0 4.01081e-11 0 4.05291e-11 0 4.09348e-11 0 4.13251e-11 0 4.17156e-11 0 4.20751e-11 0 4.24505e-11 0 4.27947e-11 0 4.31235e-11 0 4.34524e-11 0 4.37814e-11 0 4.40793e-11 0 4.43929e-11 0 4.4691e-11 0 4.49735e-11 0 4.52718e-11 0 4.55388e-11 0 4.58059e-11 0 4.6073e-11 0 4.63403e-11 0 4.65919e-11 0 4.68436e-11 0 4.70796e-11 0 4.73157e-11 0 4.75676e-11 0 4.77881e-11 0 4.80086e-11 0 4.8245e-11 0 4.84656e-11 0 4.86706e-11 0 4.88913e-11 0 4.90963e-11 0 4.93014e-11 0 4.95065e-11 0 4.97116e-11 0 4.9901e-11 0 5.00905e-11 0 5.028e-11 0 5.04695e-11 0
958.471 2.20109e-11 2.20101e-11 8.37559e-16 3.80519e-05 4.33985e-05 2.66785e-13 0 1.02389e-12 0 3.39762e-12 0 6.54538e-12 0 8.37059e-12 0 9.58437e-12 0 1.05166e-11 0 1.12771e-11 0 1.39018e-11 0 1.69114e-11 0 1.88785e-11 0 2.03625e-11 0 2.15688e-11 0 2.25961e-11 0 2.34881e-11 0 2.42783e-11 0 2.50005e-11 0 2.56543e-11 0 2.62507e-11 0 2.6813e-11 0 2.73292e-11 0 2.78225e-11 0 2.82811e-11 0 2.87285e-11 0 2.9141e-11 0 2.95302e-11 0 2.99079e-11 0 3.02742e-11 0 3.0617e-11 0 3.09483e-11 0 3.12679e-11 0 3.15759e-11 0 3.18722e-11 0 3.21687e-11 0 3.24415e-11 0 3.27264e-11 0 3.29877e-11 0 3.32372e-11 0 3.34868e-11 0 3.37365e-11 0 3.39625e-11 0 3.42005e-11 0 3.44267e-11 0 3.46411e-11 0 3.48674e-11 0 3.507e-11 0 3.52726e-11 0 3.54753e-11 0 3.56781e-11 0 3.58689e-11 0 3.60599e-11 0 3.62389e-11 0 3.6418e-11 0 3.66091e-11 0 3.67763e-11 0 3.69436e-11 0 3.71228e-11 0 3.72902e-11 0 3.74456e-11 0 3.7613e-11 0 3.77685e-11 0 3.7924e-11 0 3.80796e-11 0 3.82352e-11 0 3.83788e-11 0 3.85225e-11 0 3.86662e-11 0 3.88099e-11 0
1007.67 2.03441e-11 2.03434e-11 6.85699e-16 3.37051e-05 3.92775e-05 2.43311e-13 0 8.78673e-13 0 2.77844e-12 0 5.23499e-12 0 6.64582e-12 0 7.58071e-12 0 8.29738e-12 0 8.88127e-12 0 1.08922e-11 0 1.31921e-11 0 1.46928e-11 0 1.58239e-11 0 1.67428e-11 0 1.7525e-11 0 1.8204e-11 0 1.88052e-11 0 1.93547e-11 0 1.98519e-11 0 2.03055e-11 0 2.07331e-11 0 2.11255e-11 0 2.15005e-11 0 2.18491e-11 0 2.21891e-11 0 2.25025e-11 0 2.27983e-11 0 2.30853e-11 0 2.33636e-11 0 2.3624e-11 0 2.38757e-11 0 2.41185e-11 0 2.43524e-11 0 2.45774e-11 0 2.48026e-11 0 2.50098e-11 0 2.52262e-11 0 2.54246e-11 0 2.5614e-11 0 2.58036e-11 0 2.59932e-11 0 2.61648e-11 0 2.63455e-11 0 2.65172e-11 0 2.66799e-11 0 2.68517e-11 0 2.70055e-11 0 2.71593e-11 0 2.73132e-11 0 2.74671e-11 0 2.7612e-11 0 2.77569e-11 0 2.78928e-11 0 2.80288e-11 0 2.81738e-11 0 2.83007e-11 0 2.84277e-11 0 2.85637e-11 0 2.86907e-11 0 2.88086e-11 0 2.89357e-11 0 2.90537e-11 0 2.91717e-11 0 2.92897e-11 0 2.94078e-11 0 2.95168e-11 0 2.96258e-11 0 2.97348e-11 0 2.98439e-11 0
1059.39 1.8806e-11 1.88054e-11 5.61529e-16 2.98591e-05 3.55472e-05 2.19498e-13 0 7.48484e-13 0 2.26196e-12 0 4.17402e-12 0 5.26255e-12 0 5.98154e-12 0 6.53174e-12 0 6.97947e-12 0 8.51857e-12 0 1.02747e-11 0 1.14188e-11 0 1.22805e-11 0 1.29801e-11 0 1.35754e-11 0 1.4092e-11 0 1.45493e-11 0 1.49672e-11 0 1.53452e-11 0 1.569e-11 0 1.6015e-11 0 1.63133e-11 0 1.65982e-11 0 1.68631e-11 0 1.71215e-11 0 1.73596e-11 0 1.75843e-11 0 1.78023e-11 0 1.80136e-11 0 1.82114e-11 0 1.84026e-11 0 1.85869e-11 0 1.87646e-11 0 1.89355e-11 0 1.91064e-11 0 1.92638e-11 0 1.9428e-11 0 1.95787e-11 0 1.97225e-11 0 1.98664e-11 0 2.00103e-11 0 2.01406e-11 0 2.02777e-11 0 2.04081e-11 0 2.05316e-11 0 2.0662e-11 0 2.07787e-11 0 2.08955e-11 0 2.10123e-11 0 2.11291e-11 0 2.1239e-11 0 2.1349e-11 0 2.14521e-11 0 2.15553e-11 0 2.16653e-11 0 2.17616e-11 0 2.1858e-11 0 2.19612e-11 0 2.20576e-11 0 2.21471e-11 0 2.22435e-11 0 2.2333e-11 0 2.24225e-11 0 2.25121e-11 0 2.26017e-11 0 2.26844e-11 0 2.27671e-11 0 2.28498e-11 0 2.29325e-11 0
1113.77 1.73967e-11 1.73962e-11 4.59644e-16 2.64214e-05 3.21695e-05 1.96104e-13 0 6.33531e-13 0 1.83486e-12 0 3.32041e-12 0 4.15937e-12 0 4.71189e-12 0 5.13401e-12 0 5.47716e-12 0 6.65472e-12 0 7.99544e-12 0 8.86777e-12 0 9.52421e-12 0 1.00569e-11 0 1.05101e-11 0 1.09032e-11 0 1.12511e-11 0 1.1569e-11 0 1.18565e-11 0 1.21187e-11 0 1.23658e-11 0 1.25925e-11 0 1.28092e-11 0 1.30105e-11 0 1.32068e-11 0 1.33878e-11 0 1.35585e-11 0 1.37242e-11 0 1.38848e-11 0 1.40351e-11 0 1.41803e-11 0 1.43204e-11 0 1.44553e-11 0 1.45851e-11 0 1.4715e-11 0 1.48345e-11 0 1.49593e-11 0 1.50737e-11 0 1.51829e-11 0 1.52922e-11 0 1.54015e-11 0 1.55004e-11 0 1.56046e-11 0 1.57036e-11 0 1.57974e-11 0 1.58964e-11 0 1.5985e-11 0 1.60737e-11 0 1.61623e-11 0 1.6251e-11 0 1.63345e-11 0 1.6418e-11 0 1.64963e-11 0 1.65746e-11 0 1.66582e-11 0 1.67313e-11 0 1.68044e-11 0 1.68828e-11 0 1.69559e-11 0 1.70239e-11 0 1.7097e-11 0 1.7165e-11 0 1.7233e-11 0 1.7301e-11 0 1.73689e-11 0 1.74317e-11 0 1.74945e-11 0 1.75573e-11 0 1.76201e-11 0
1170.94 1.60984e-11 1.60981e-11 3.76362e-16 2.33788e-05 2.91108e-05 1.73549e-13 0 5.3285e-13 0 1.48289e-12 0 2.63478e-12 0 3.28055e-12 0 3.7047e-12 0 4.02828e-12 0 4.29107e-12 0 5.19145e-12 0 6.2146e-12 0 6.87947e-12 0 7.37946e-12 0 7.78504e-12 0 8.12992e-12 0 8.42904e-12 0 8.69372e-12 0 8.93546e-12 0 9.15411e-12 0 9.35349e-12 0 9.54134e-12 0 9.71371e-12 0 9.87838e-12 0 1.00314e-11 0 1.01806e-11 0 1.03182e-11 0 1.04479e-11 0 1.05738e-11 0 1.06958e-11 0 1.081e-11 0 1.09203e-11 0 1.10267e-11 0 1.11293e-11 0 1.12279e-11 0 1.13265e-11 0 1.14173e-11 0 1.15121e-11 0 1.1599e-11 0 1.16819e-11 0 1.17649e-11 0 1.1848e-11 0 1.19231e-11 0 1.20022e-11 0 1.20774e-11 0 1.21486e-11 0 1.22238e-11 0 1.22911e-11 0 1.23584e-11 0 1.24257e-11 0 1.24931e-11 0 1.25565e-11 0 1.26199e-11 0 1.26793e-11 0 1.27388e-11 0 1.28022e-11 0 1.28577e-11 0 1.29132e-11 0 1.29727e-11 0 1.30283e-11 0 1.30799e-11 0 1.31354e-11 0 1.3187e-11 0 1.32386e-11 0 1.32902e-11 0 1.33418e-11 0 1.33895e-11 0 1.34371e-11 0 1.34848e-11 0 1.35325e-11 0
1231.05 1.49079e-11 1.49076e-11 3.08167e-16 2.06714e-05 2.63477e-05 1.52281e-13 0 4.45693e-13 0 1.19477e-12 0 2.08668e-12 0 2.58337e-12 0 2.90881e-12 0 3.15676e-12 0 3.35794e-12 0 4.04628e-12 0 4.8271e-12 0 5.33393e-12 0 5.71483e-12 0 6.02369e-12 0 6.28624e-12 0 6.5139e-12 0 6.71531e-12 0 6.89923e-12 0 7.06557e-12 0 7.21723e-12 0 7.3601e-12 0 7.49119e-12 0 7.61641e-12 0 7.73278e-12 0 7.84623e-12 0 7.95079e-12 0 8.04943e-12 0 8.14513e-12 0 8.23788e-12 0 8.32468e-12 0 8.40853e-12 0 8.48942e-12 0 8.56733e-12 0 8.64228e-12 0 8.71725e-12 0 8.78625e-12 0 8.85826e-12 0 8.92429e-12 0 8.98734e-12 0 9.05041e-12 0 9.11349e-12 0 9.17057e-12 0 9.23068e-12 0 9.28779e-12 0 9.34191e-12 0 9.39904e-12 0 9.45017e-12 0 9.50131e-12 0 9.55246e-12 0 9.60362e-12 0 9.65178e-12 0 9.69994e-12 0 9.74511e-12 0 9.79027e-12 0 9.83846e-12 0 9.88063e-12 0 9.92281e-12 0 9.968e-12 0 1.00102e-11 0 1.00494e-11 0 1.00916e-11 0 1.01308e-11 0 1.01699e-11 0 1.02091e-11 0 1.02484e-11 0 1.02845e-11 0 1.03207e-11 0 1.03569e-11 0 1.03931e-11 0
1294.24 1.3811e-11 1.38108e-11 2.52377e-16 1.82736e-05 2.3849e-05 1.32511e-13 0 3.70757e-13 0 9.59588e-13 0 1.64915e-12 0 2.03082e-12 0 2.28034e-12 0 2.47021e-12 0 2.62416e-12 0 3.15018e-12 0 3.74593e-12 0 4.13223e-12 0 4.42239e-12 0 4.65759e-12 0 4.85746e-12 0 5.03074e-12 0 5.18401e-12 0 5.32395e-12 0 5.4505e-12 0 5.56587e-12 0 5.67454e-12 0 5.77424e-12 0 5.86948e-12 0 5.95797e-12 0 6.04424e-12 0 6.12375e-12 0 6.19874e-12 0 6.2715e-12 0 6.34202e-12 0 6.40801e-12 0 6.47175e-12 0 6.53324e-12 0 6.59247e-12 0 6.64944e-12 0 6.70642e-12 0 6.75886e-12 0 6.8136e-12 0 6.86379e-12 0 6.9117e-12 0 6.95963e-12 0 7.00757e-12 0 7.05096e-12 0 7.09663e-12 0 7.14003e-12 0 7.18116e-12 0 7.22457e-12 0 7.26343e-12 0 7.30229e-12 0 7.34115e-12 0 7.38003e-12 0 7.41662e-12 0 7.45322e-12 0 7.48753e-12 0 7.52185e-12 0 7.55846e-12 0 7.5905e-12 0 7.62255e-12 0 7.65688e-12 0 7.68894e-12 0 7.7187e-12 0 7.75076e-12 0 7.78053e-12 0 7.81031e-12 0 7.84009e-12 0 7.86987e-12 0 7.89737e-12 0 7.92486e-12 0 7.95236e-12 0 7.97986e-12 0
1360.67 1.27994e-11 1.27992e-11 2.06648e-16 1.61452e-05 2.15853e-05 1.14404e-13 0 3.06831e-13 0 7.68407e-13 0 1.30077e-12 0 1.59379e-12 0 1.78498e-12 0 1.9303e-12 0 2.04804e-12 0 2.44988e-12 0 2.90432e-12 0 3.19872e-12 0 3.41975e-12 0 3.59884e-12 0 3.75099e-12 0 3.88288e-12 0 3.99952e-12 0 4.10601e-12 0 4.20229e-12 0 4.29005e-12 0 4.37272e-12 0 4.44856e-12 0 4.52099e-12 0 4.58829e-12 0 4.6539e-12 0 4.71436e-12 0 4.77139e-12 0 4.82672e-12 0 4.88033e-12 0 4.93051e-12 0 4.97897e-12 0 5.02572e-12 0 5.07074e-12 0 5.11405e-12 0 5.15737e-12 0 5.19724e-12 0 5.23885e-12 0 5.277e-12 0 5.31342e-12 0 5.34985e-12 0 5.38629e-12 0 5.41927e-12 0 5.45398e-12 0 5.48697e-12 0 5.51823e-12 0 5.55122e-12 0 5.58075e-12 0 5.61029e-12 0 5.63982e-12 0 5.66937e-12 0 5.69717e-12 0 5.72499e-12 0 5.75106e-12 0 5.77714e-12 0 5.80497e-12 0 5.82931e-12 0 5.85367e-12 0 5.87976e-12 0 5.90411e-12 0 5.92673e-12 0 5.95109e-12 0 5.97372e-12 0 5.99634e-12 0 6.01897e-12 0 6.0416e-12 0 6.06249e-12 0 6.08338e-12 0 6.10428e-12 0 6.12517e-12 0
1430.51 1.18718e-11 1.18716e-11 1.69207e-16 1.42528e-05 1.9536e-05 9.80904e-14 0 2.52826e-13 0 6.13901e-13 0 1.02458e-12 0 1.24949e-12 0 1.39596e-12 0 1.50719e-12 0 1.59724e-12 0 1.90426e-12 0 2.25103e-12 0 2.47548e-12 0 2.64391e-12 0 2.78034e-12 0 2.89624e-12 0 2.99667e-12 0 3.08548e-12 0 3.16655e-12 0 3.23985e-12 0 3.30665e-12 0 3.36957e-12 0 3.42729e-12 0 3.48241e-12 0 3.53363e-12 0 3.58355e-12 0 3.62956e-12 0 3.67295e-12 0 3.71504e-12 0 3.75584e-12 0 3.79401e-12 0 3.83088e-12 0 3.86644e-12 0 3.90069e-12 0 3.93364e-12 0 3.96659e-12 0 3.99691e-12 0 4.02856e-12 0 4.05758e-12 0 4.08529e-12 0 4.113e-12 0 4.14071e-12 0 4.16579e-12 0 4.19219e-12 0 4.21728e-12 0 4.24105e-12 0 4.26615e-12 0 4.28861e-12 0 4.31107e-12 0 4.33353e-12 0 4.356e-12 0 4.37714e-12 0 4.39829e-12 0 4.41812e-12 0 4.43796e-12 0 4.45911e-12 0 4.47763e-12 0 4.49614e-12 0 4.51599e-12 0 4.53451e-12 0 4.5517e-12 0 4.57023e-12 0 4.58743e-12 0 4.60463e-12 0 4.62184e-12 0 4.63905e-12 0 4.65493e-12 0 4.67082e-12 0 4.6867e-12 0 4.70259e-12 0
1503.94 1.10127e-11 1.10126e-11 1.38553e-16 1.25812e-05 1.76803e-05 8.35026e-14 0 2.07341e-13 0 4.89081e-13 0 8.05463e-13 0 9.7793e-13 0 1.09006e-12 0 1.17514e-12 0 1.24397e-12 0 1.47845e-12 0 1.74295e-12 0 1.91402e-12 0 2.04235e-12 0 2.14626e-12 0 2.23452e-12 0 2.31099e-12 0 2.3786e-12 0 2.44031e-12 0 2.4961e-12 0 2.54694e-12 0 2.59483e-12 0 2.63875e-12 0 2.6807e-12 0 2.71966e-12 0 2.75765e-12 0 2.79265e-12 0 2.82567e-12 0 2.85769e-12 0 2.88872e-12 0 2.91776e-12 0 2.94581e-12 0 2.97286e-12 0 2.99892e-12 0 3.02398e-12 0 3.04904e-12 0 3.07211e-12 0 3.09618e-12 0 3.11825e-12 0 3.13932e-12 0 3.1604e-12 0 3.18147e-12 0 3.20055e-12 0 3.22063e-12 0 3.23971e-12 0 3.25779e-12 0 3.27687e-12 0 3.29395e-12 0 3.31103e-12 0 3.32811e-12 0 3.3452e-12 0 3.36128e-12 0 3.37736e-12 0 3.39244e-12 0 3.40752e-12 0 3.42361e-12 0 3.43769e-12 0 3.45177e-12 0 3.46685e-12 0 3.48094e-12 0 3.49401e-12 0 3.5081e-12 0 3.52118e-12 0 3.53426e-12 0 3.54734e-12 0 3.56042e-12 0 3.5725e-12 0 3.58458e-12 0 3.59666e-12 0 3.60874e-12 0
1581.14 1.02264e-11 1.02263e-11 1.13451e-16 1.10939e-05 1.60018e-05 7.06729e-14 0 1.69442e-13 0 3.88972e-13 0 6.32637e-13 0 7.64907e-13 0 8.50776e-13 0 9.1587e-13 0 9.68512e-13 0 1.14766e-12 0 1.34954e-12 0 1.48002e-12 0 1.57786e-12 0 1.65707e-12 0 1.72433e-12 0 1.7826e-12 0 1.83411e-12 0 1.88113e-12 0 1.92362e-12 0 1.96235e-12 0 1.99882e-12 0 2.03228e-12 0 2.06422e-12 0 2.0939e-12 0 2.12283e-12 0 2.14948e-12 0 2.17462e-12 0 2.199e-12 0 2.22263e-12 0 2.24474e-12 0 2.26609e-12 0 2.28669e-12 0 2.30653e-12 0 2.32561e-12 0 2.34469e-12 0 2.36225e-12 0 2.38057e-12 0 2.39737e-12 0 2.41341e-12 0 2.42946e-12 0 2.4455e-12 0 2.46002e-12 0 2.47531e-12 0 2.48983e-12 0 2.50359e-12 0 2.51812e-12 0 2.53112e-12 0 2.54412e-12 0 2.55712e-12 0 2.57012e-12 0 2.58236e-12 0 2.5946e-12 0 2.60608e-12 0 2.61756e-12 0 2.6298e-12 0 2.64052e-12 0 2.65123e-12 0 2.66272e-12 0 2.67343e-12 0 2.68339e-12 0 2.69411e-12 0 2.70406e-12 0 2.71401e-12 0 2.72397e-12 0 2.73393e-12 0 2.74312e-12 0 2.75231e-12 0 2.7615e-12 0 2.77069e-12 0
1662.3 9.49369e-12 9.4936e-12 9.29029e-17 9.78574e-06 1.44825e-05 5.94147e-14 0 1.37842e-13 0 3.08471e-13 0 4.95852e-13 0 5.97181e-13 0 6.62874e-13 0 7.12636e-13 0 7.52859e-13 0 8.89639e-13 0 1.04362e-12 0 1.14308e-12 0 1.21763e-12 0 1.27798e-12 0 1.32921e-12 0 1.37358e-12 0 1.41281e-12 0 1.44861e-12 0 1.48097e-12 0 1.51046e-12 0 1.53822e-12 0 1.56369e-12 0 1.58801e-12 0 1.6106e-12 0 1.63261e-12 0 1.6529e-12 0 1.67204e-12 0 1.69059e-12 0 1.70858e-12 0 1.72541e-12 0 1.74166e-12 0 1.75733e-12 0 1.77243e-12 0 1.78695e-12 0 1.80147e-12 0 1.81483e-12 0 1.82877e-12 0 1.84156e-12 0 1.85376e-12 0 1.86597e-12 0 1.87818e-12 0 1.88923e-12 0 1.90086e-12 0 1.91191e-12 0 1.92238e-12 0 1.93343e-12 0 1.94332e-12 0 1.95321e-12 0 1.96311e-12 0 1.973e-12 0 1.98231e-12 0 1.99162e-12 0 2.00036e-12 0 2.00909e-12 0 2.0184e-12 0 2.02656e-12 0 2.03471e-12 0 2.04344e-12 0 2.0516e-12 0 2.05917e-12 0 2.06732e-12 0 2.0749e-12 0 2.08247e-12 0 2.09004e-12 0 2.09762e-12 0 2.10461e-12 0 2.1116e-12 0 2.11859e-12 0 2.12559e-12 0
1747.63 8.82395e-12 8.82387e-12 7.60728e-17 8.62118e-06 1.31068e-05 4.9708e-14 0 1.11819e-13 0 2.44327e-13 0 3.88436e-13 0 4.66096e-13 0 5.16381e-13 0 5.54446e-13 0 5.852e-13 0 6.89707e-13 0 8.07252e-13 0 8.83134e-13 0 9.39995e-13 0 9.86011e-13 0 1.02507e-12 0 1.0589e-12 0 1.08881e-12 0 1.11609e-12 0 1.14075e-12 0 1.16323e-12 0 1.18439e-12 0 1.20379e-12 0 1.22232e-12 0 1.23954e-12 0 1.25631e-12 0 1.27177e-12 0 1.28635e-12 0 1.30049e-12 0 1.31419e-12 0 1.32701e-12 0 1.33939e-12 0 1.35133e-12 0 1.36283e-12 0 1.37389e-12 0 1.38495e-12 0 1.39513e-12 0 1.40575e-12 0 1.41549e-12 0 1.42479e-12 0 1.43409e-12 0 1.44339e-12 0 1.4518e-12 0 1.46066e-12 0 1.46908e-12 0 1.47705e-12 0 1.48547e-12 0 1.49301e-12 0 1.50054e-12 0 1.50807e-12 0 1.51561e-12 0 1.5227e-12 0 1.5298e-12 0 1.53645e-12 0 1.5431e-12 0 1.55019e-12 0 1.5564e-12 0 1.56261e-12 0 1.56926e-12 0 1.57547e-12 0 1.58124e-12 0 1.58745e-12 0 1.59321e-12 0 1.59898e-12 0 1.60475e-12 0 1.61052e-12 0 1.61584e-12 0 1.62117e-12 0 1.62649e-12 0 1.63182e-12 0
1837.33 8.20175e-12 8.20169e-12 6.22928e-17 7.59506e-06 1.18613e-05 4.13536e-14 0 9.03728e-14 0 1.93088e-13 0 3.03811e-13 0 3.63292e-13 0 4.01762e-13 0 4.30865e-13 0 4.5437e-13 0 5.3419e-13 0 6.23895e-13 0 6.81776e-13 0 7.25135e-13 0 7.60218e-13 0 7.89994e-13 0 8.15781e-13 0 8.38573e-13 0 8.59368e-13 0 8.78161e-13 0 8.95285e-13 0 9.11409e-13 0 9.26195e-13 0 9.40314e-13 0 9.53429e-13 0 9.66211e-13 0 9.77987e-13 0 9.89093e-13 0 9.99865e-13 0 1.0103e-12 0 1.02007e-12 0 1.0295e-12 0 1.0386e-12 0 1.04736e-12 0 1.05578e-12 0 1.06421e-12 0 1.07196e-12 0 1.08005e-12 0 1.08747e-12 0 1.09455e-12 0 1.10163e-12 0 1.10872e-12 0 1.11513e-12 0 1.12187e-12 0 1.12828e-12 0 1.13436e-12 0 1.14077e-12 0 1.14651e-12 0 1.15224e-12 0 1.15798e-12 0 1.16372e-12 0 1.16912e-12 0 1.17453e-12 0 1.17959e-12 0 1.18466e-12 0 1.19006e-12 0 1.19479e-12 0 1.19951e-12 0 1.20458e-12 0 1.20931e-12 0 1.2137e-12 0 1.21843e-12 0 1.22282e-12 0 1.22721e-12 0 1.23161e-12 0 1.236e-12 0 1.24005e-12 0 1.24411e-12 0 1.24817e-12 0 1.25222e-12 0
1931.64 7.6311e-12 7.63105e-12 5.10133e-17 6.68492e-06 1.07354e-05 3.4255e-14 0 7.28557e-14 0 1.52421e-13 0 2.37501e-13 0 2.83074e-13 0 3.1252e-13 0 3.34784e-13 0 3.52758e-13 0 4.13761e-13 0 4.8227e-13 0 5.26453e-13 0 5.59543e-13 0 5.86312e-13 0 6.09029e-13 0 6.28701e-13 0 6.46087e-13 0 6.61948e-13 0 6.76282e-13 0 6.89342e-13 0 7.01639e-13 0 7.12915e-13 0 7.23682e-13 0 7.33683e-13 0 7.4343e-13 0 7.52409e-13 0 7.60878e-13 0 7.69091e-13 0 7.7705e-13 0 7.84496e-13 0 7.91687e-13 0 7.98622e-13 0 8.05301e-13 0 8.11724e-13 0 8.18148e-13 0 8.24059e-13 0 8.30227e-13 0 8.35883e-13 0 8.41281e-13 0 8.46681e-13 0 8.5208e-13 0 8.56966e-13 0 8.6211e-13 0 8.66997e-13 0 8.71627e-13 0 8.76515e-13 0 8.80888e-13 0 8.85262e-13 0 8.89637e-13 0 8.94011e-13 0 8.98129e-13 0 9.02246e-13 0 9.06107e-13 0 9.09968e-13 0 9.14087e-13 0 9.17691e-13 0 9.21295e-13 0 9.25157e-13 0 9.28761e-13 0 9.32108e-13 0 9.35713e-13 0 9.39061e-13 0 9.42409e-13 0 9.45757e-13 0 9.49105e-13 0 9.52195e-13 0 9.55286e-13 0 9.58377e-13 0 9.61468e-13 0
2030.79 7.09054e-12 7.0905e-12 4.1778e-17 5.89208e-06 9.7163e-06 2.81954e-14 0 5.84609e-14 0 1.19916e-13 0 1.85147e-13 0 2.19999e-13 0 2.42496e-13 0 2.59498e-13 0 2.73219e-13 0 3.19763e-13 0 3.71998e-13 0 4.05673e-13 0 4.30886e-13 0 4.51281e-13 0 4.68586e-13 0 4.8357e-13 0 4.96812e-13 0 5.08892e-13 0 5.19809e-13 0 5.29754e-13 0 5.39119e-13 0 5.47705e-13 0 5.55904e-13 0 5.63519e-13 0 5.7094e-13 0 5.77777e-13 0 5.84225e-13 0 5.90479e-13 0 5.96538e-13 0 6.02207e-13 0 6.07682e-13 0 6.12961e-13 0 6.18046e-13 0 6.22936e-13 0 6.27827e-13 0 6.32327e-13 0 6.37023e-13 0 6.41328e-13 0 6.45438e-13 0 6.49548e-13 0 6.53658e-13 0 6.57378e-13 0 6.61293e-13 0 6.65013e-13 0 6.68538e-13 0 6.72258e-13 0 6.75588e-13 0 6.78917e-13 0 6.82247e-13 0 6.85576e-13 0 6.88711e-13 0 6.91845e-13 0 6.94784e-13 0 6.97722e-13 0 7.00857e-13 0 7.03601e-13 0 7.06344e-13 0 7.09283e-13 0 7.12027e-13 0 7.14575e-13 0 7.17319e-13 0 7.19867e-13 0 7.22415e-13 0 7.24963e-13 0 7.27511e-13 0 7.29864e-13 0 7.32216e-13 0 7.34569e-13 0 7.36921e-13 0
2135.03 6.57318e-12 6.57314e-12 3.42095e-17 5.20441e-06 8.79247e-06 2.30464e-14 0 4.66579e-14 0 9.39481e-14 0 1.4381e-13 0 1.70387e-13 0 1.87529e-13 0 2.00477e-13 0 2.10924e-13 0 2.46344e-13 0 2.86071e-13 0 3.11672e-13 0 3.30837e-13 0 3.46337e-13 0 3.59487e-13 0 3.70873e-13 0 3.80934e-13 0 3.90112e-13 0 3.98406e-13 0 4.05962e-13 0 4.13075e-13 0 4.19598e-13 0 4.25826e-13 0 4.31611e-13 0 4.37248e-13 0 4.42441e-13 0 4.47339e-13 0 4.52089e-13 0 4.56691e-13 0 4.60997e-13 0 4.65155e-13 0 4.69165e-13 0 4.73027e-13 0 4.7674e-13 0 4.80455e-13 0 4.83872e-13 0 4.87439e-13 0 4.90708e-13 0 4.93829e-13 0 4.96951e-13 0 5.00072e-13 0 5.02897e-13 0 5.05871e-13 0 5.08696e-13 0 5.11372e-13 0 5.14198e-13 0 5.16726e-13 0 5.19254e-13 0 5.21783e-13 0 5.24311e-13 0 5.26691e-13 0 5.29071e-13 0 5.31303e-13 0 5.33535e-13 0 5.35915e-13 0 5.37998e-13 0 5.40081e-13 0 5.42313e-13 0 5.44397e-13 0 5.46331e-13 0 5.48415e-13 0 5.5035e-13 0 5.52285e-13 0 5.54219e-13 0 5.56154e-13 0 5.57941e-13 0 5.59727e-13 0 5.61513e-13 0 5.633e-13 0
2244.63 6.09033e-12 6.0903e-12 2.80106e-17 4.59918e-06 7.95608e-06 1.87452e-14 0 3.71101e-14 0 7.34344e-14 0 1.11502e-13 0 1.31749e-13 0 1.44798e-13 0 1.5465e-13 0 1.62597e-13 0 1.8953e-13 0 2.19722e-13 0 2.39172e-13 0 2.53729e-13 0 2.655e-13 0 2.75487e-13 0 2.84133e-13 0 2.91772e-13 0 2.98741e-13 0 3.05038e-13 0 3.10774e-13 0 3.16175e-13 0 3.21127e-13 0 3.25855e-13 0 3.30246e-13 0 3.34525e-13 0 3.38467e-13 0 3.42185e-13 0 3.45791e-13 0 3.49284e-13 0 3.52552e-13 0 3.55708e-13 0 3.58752e-13 0 3.61684e-13 0 3.64502e-13 0 3.67322e-13 0 3.69915e-13 0 3.72622e-13 0 3.75104e-13 0 3.77473e-13 0 3.79842e-13 0 3.82211e-13 0 3.84355e-13 0 3.86612e-13 0 3.88756e-13 0 3.90787e-13 0 3.92932e-13 0 3.9485e-13 0 3.96769e-13 0 3.98688e-13 0 4.00607e-13 0 4.02413e-13 0 4.0422e-13 0 4.05913e-13 0 4.07607e-13 0 4.09413e-13 0 4.10994e-13 0 4.12575e-13 0 4.14269e-13 0 4.1585e-13 0 4.17318e-13 0 4.18899e-13 0 4.20368e-13 0 4.21836e-13 0 4.23304e-13 0 4.24773e-13 0 4.26128e-13 0 4.27484e-13 0 4.2884e-13 0 4.30195e-13 0
2359.84 5.64517e-12 5.64515e-12 2.2936e-17 4.06295e-06 7.19964e-06 1.519e-14 0 2.94472e-14 0 5.73267e-14 0 8.63829e-14 0 1.01807e-13 0 1.11741e-13 0 1.19239e-13 0 1.25285e-13 0 1.45767e-13 0 1.68717e-13 0 1.83496e-13 0 1.94556e-13 0 2.03499e-13 0 2.11085e-13 0 2.17652e-13 0 2.23454e-13 0 2.28747e-13 0 2.33529e-13 0 2.37886e-13 0 2.41987e-13 0 2.45747e-13 0 2.49338e-13 0 2.52672e-13 0 2.55922e-13 0 2.58915e-13 0 2.61738e-13 0 2.64476e-13 0 2.67128e-13 0 2.6961e-13 0 2.72006e-13 0 2.74317e-13 0 2.76543e-13 0 2.78683e-13 0 2.80824e-13 0 2.82793e-13 0 2.84848e-13 0 2.86732e-13 0 2.88531e-13 0 2.9033e-13 0 2.92128e-13 0 2.93756e-13 0 2.95469e-13 0 2.97097e-13 0 2.98639e-13 0 3.00267e-13 0 3.01724e-13 0 3.03181e-13 0 3.04638e-13 0 3.06095e-13 0 3.07466e-13 0 3.08837e-13 0 3.10123e-13 0 3.11409e-13 0 3.1278e-13 0 3.1398e-13 0 3.1518e-13 0 3.16466e-13 0 3.17667e-13 0 3.18781e-13 0 3.19981e-13 0 3.21096e-13 0 3.22211e-13 0 3.23325e-13 0 3.2444e-13 0 3.25469e-13 0 3.26498e-13 0 3.27527e-13 0 3.28556e-13 0
2480.97 5.23111e-12 5.23109e-12 1.87828e-17 3.59059e-06 6.51581e-06 1.22582e-14 0 2.33005e-14 0 4.46697e-14 0 6.68291e-14 0 7.85715e-14 0 8.61292e-14 0 9.18318e-14 0 9.64292e-14 0 1.11998e-13 0 1.29435e-13 0 1.40661e-13 0 1.49061e-13 0 1.55851e-13 0 1.61612e-13 0 1.66598e-13 0 1.71003e-13 0 1.75021e-13 0 1.78652e-13 0 1.81959e-13 0 1.85073e-13 0 1.87927e-13 0 1.90653e-13 0 1.93184e-13 0 1.95651e-13 0 1.97923e-13 0 2.00066e-13 0 2.02144e-13 0 2.04157e-13 0 2.06041e-13 0 2.0786e-13 0 2.09614e-13 0 2.11303e-13 0 2.12927e-13 0 2.14552e-13 0 2.16047e-13 0 2.17607e-13 0 2.19037e-13 0 2.20402e-13 0 2.21767e-13 0 2.23132e-13 0 2.24367e-13 0 2.25668e-13 0 2.26903e-13 0 2.28073e-13 0 2.29309e-13 0 2.30415e-13 0 2.3152e-13 0 2.32626e-13 0 2.33731e-13 0 2.34772e-13 0 2.35813e-13 0 2.36789e-13 0 2.37764e-13 0 2.38805e-13 0 2.39716e-13 0 2.40627e-13 0 2.41603e-13 0 2.42513e-13 0 2.43359e-13 0 2.4427e-13 0 2.45116e-13 0 2.45962e-13 0 2.46808e-13 0 2.47654e-13 0 2.48435e-13 0 2.49216e-13 0 2.49997e-13 0 2.50778e-13 0
2608.32 4.84779e-12 4.84777e-12 1.53786e-17 3.1723e-06 5.89706e-06 9.85735e-15 0 1.83941e-14 0 3.47585e-14 0 5.16508e-14 0 6.05879e-14 0 6.63368e-14 0 7.06732e-14 0 7.41684e-14 0 8.60015e-14 0 9.92486e-14 0 1.07775e-13 0 1.14154e-13 0 1.1931e-13 0 1.23684e-13 0 1.2747e-13 0 1.30815e-13 0 1.33865e-13 0 1.36621e-13 0 1.39132e-13 0 1.41496e-13 0 1.43663e-13 0 1.45732e-13 0 1.47653e-13 0 1.49525e-13 0 1.5125e-13 0 1.52877e-13 0 1.54454e-13 0 1.55982e-13 0 1.57412e-13 0 1.58793e-13 0 1.60124e-13 0 1.61406e-13 0 1.62639e-13 0 1.63872e-13 0 1.65007e-13 0 1.66191e-13 0 1.67276e-13 0 1.68312e-13 0 1.69348e-13 0 1.70384e-13 0 1.71322e-13 0 1.72309e-13 0 1.73247e-13 0 1.74135e-13 0 1.75073e-13 0 1.75912e-13 0 1.76751e-13 0 1.7759e-13 0 1.78429e-13 0 1.79219e-13 0 1.80009e-13 0 1.80749e-13 0 1.8149e-13 0 1.8228e-13 0 1.82971e-13 0 1.83662e-13 0 1.84403e-13 0 1.85094e-13 0 1.85736e-13 0 1.86427e-13 0 1.87069e-13 0 1.87711e-13 0 1.88353e-13 0 1.88995e-13 0 1.89588e-13 0 1.9018e-13 0 1.90773e-13 0 1.91366e-13 0
2742.21 4.49211e-12 4.49209e-12 1.25929e-17 2.80335e-06 5.33688e-06 7.89901e-15 0 1.44866e-14 0 2.70061e-14 0 3.9876e-14 0 4.6675e-14 0 5.10464e-14 0 5.43428e-14 0 5.69993e-14 0 6.59902e-14 0 7.60519e-14 0 8.25264e-14 0 8.73696e-14 0 9.12845e-14 0 9.46047e-14 0 9.74786e-14 0 1.00018e-13 0 1.02333e-13 0 1.04425e-13 0 1.06331e-13 0 1.08125e-13 0 1.0977e-13 0 1.1134e-13 0 1.12798e-13 0 1.14219e-13 0 1.15528e-13 0 1.16763e-13 0 1.1796e-13 0 1.1912e-13 0 1.20205e-13 0 1.21252e-13 0 1.22263e-13 0 1.23236e-13 0 1.24172e-13 0 1.25107e-13 0 1.25968e-13 0 1.26867e-13 0 1.2769e-13 0 1.28477e-13 0 1.29263e-13 0 1.30049e-13 0 1.30761e-13 0 1.3151e-13 0 1.32221e-13 0 1.32895e-13 0 1.33607e-13 0 1.34244e-13 0 1.3488e-13 0 1.35517e-13 0 1.36154e-13 0 1.36753e-13 0 1.37352e-13 0 1.37914e-13 0 1.38476e-13 0 1.39076e-13 0 1.396e-13 0 1.40125e-13 0 1.40687e-13 0 1.41211e-13 0 1.41698e-13 0 1.42223e-13 0 1.4271e-13 0 1.43197e-13 0 1.43684e-13 0 1.44171e-13 0 1.44621e-13 0 1.45071e-13 0 1.45521e-13 0 1.4597e-13 0
2882.97 4.16304e-12 4.16303e-12 1.03097e-17 2.47647e-06 4.82999e-06 6.3104e-15 0 1.13865e-14 0 2.0958e-14 0 3.07604e-14 0 3.59321e-14 0 3.92557e-14 0 4.17613e-14 0 4.37802e-14 0 5.06113e-14 0 5.82534e-14 0 6.31701e-14 0 6.68474e-14 0 6.98197e-14 0 7.23404e-14 0 7.45221e-14 0 7.64494e-14 0 7.82072e-14 0 7.97953e-14 0 8.12418e-14 0 8.26036e-14 0 8.3852e-14 0 8.50439e-14 0 8.61507e-14 0 8.72294e-14 0 8.82229e-14 0 8.91598e-14 0 9.00684e-14 0 9.09487e-14 0 9.17723e-14 0 9.25675e-14 0 9.33343e-14 0 9.40728e-14 0 9.4783e-14 0 9.54932e-14 0 9.61466e-14 0 9.68285e-14 0 9.74535e-14 0 9.80502e-14 0 9.86469e-14 0 9.92437e-14 0 9.97836e-14 0 1.00352e-13 0 1.00892e-13 0 1.01404e-13 0 1.01944e-13 0 1.02427e-13 0 1.0291e-13 0 1.03393e-13 0 1.03876e-13 0 1.04331e-13 0 1.04786e-13 0 1.05213e-13 0 1.05639e-13 0 1.06094e-13 0 1.06492e-13 0 1.0689e-13 0 1.07316e-13 0 1.07714e-13 0 1.08084e-13 0 1.08482e-13 0 1.08852e-13 0 1.09222e-13 0 1.09591e-13 0 1.09961e-13 0 1.10302e-13 0 1.10643e-13 0 1.10985e-13 0 1.11326e-13 0
3030.95 3.85828e-12 3.85827e-12 8.4422e-18 2.18807e-06 4.3717e-06 5.0265e-15 0 8.93242e-15 0 1.62451e-14 0 2.37087e-14 0 2.76418e-14 0 3.01683e-14 0 3.20725e-14 0 3.36067e-14 0 3.87963e-14 0 4.46004e-14 0 4.83337e-14 0 5.11258e-14 0 5.33823e-14 0 5.5296e-14 0 5.69522e-14 0 5.84153e-14 0 5.97496e-14 0 6.0955e-14 0 6.20531e-14 0 6.30867e-14 0 6.40343e-14 0 6.49389e-14 0 6.57791e-14 0 6.65977e-14 0 6.73519e-14 0 6.8063e-14 0 6.87526e-14 0 6.94207e-14 0 7.00457e-14 0 7.06493e-14 0 7.12313e-14 0 7.17918e-14 0 7.23308e-14 0 7.28698e-14 0 7.33657e-14 0 7.38832e-14 0 7.43576e-14 0 7.48104e-14 0 7.52633e-14 0 7.57162e-14 0 7.61259e-14 0 7.65573e-14 0 7.69671e-14 0 7.73553e-14 0 7.77652e-14 0 7.81319e-14 0 7.84986e-14 0 7.88653e-14 0 7.9232e-14 0 7.95772e-14 0 7.99224e-14 0 8.0246e-14 0 8.05696e-14 0 8.09148e-14 0 8.12169e-14 0 8.1519e-14 0 8.18426e-14 0 8.21447e-14 0 8.24252e-14 0 8.27273e-14 0 8.30078e-14 0 8.32883e-14 0 8.35689e-14 0 8.38494e-14 0 8.41084e-14 0 8.43674e-14 0 8.46263e-14 0 8.48853e-14 0
3186.53 3.57599e-12 3.57598e-12 6.91229e-18 1.93297e-06 3.95615e-06 3.99279e-15 0 6.99452e-15 0 1.2578e-14 0 1.82591e-14 0 2.12496e-14 0 2.31699e-14 0 2.4617e-14 0 2.57826e-14 0 2.97249e-14 0 3.41327e-14 0 3.69674e-14 0 3.90872e-14 0 4.08004e-14 0 4.22531e-14 0 4.35104e-14 0 4.4621e-14 0 4.56338e-14 0 4.65489e-14 0 4.73823e-14 0 4.81669e-14 0 4.88861e-14 0 4.95728e-14 0 5.02105e-14 0 5.08319e-14 0 5.14042e-14 0 5.1944e-14 0 5.24674e-14 0 5.29744e-14 0 5.34488e-14 0 5.39069e-14 0 5.43486e-14 0 5.4774e-14 0 5.51831e-14 0 5.55922e-14 0 5.59685e-14 0 5.63613e-14 0 5.67213e-14 0 5.7065e-14 0 5.74087e-14 0 5.77524e-14 0 5.80634e-14 0 5.83908e-14 0 5.87018e-14 0 5.89964e-14 0 5.93074e-14 0 5.95857e-14 0 5.9864e-14 0 6.01423e-14 0 6.04207e-14 0 6.06826e-14 0 6.09446e-14 0 6.11902e-14 0 6.14358e-14 0 6.16978e-14 0 6.1927e-14 0 6.21562e-14 0 6.24018e-14 0 6.26311e-14 0 6.2844e-14 0 6.30732e-14 0 6.32861e-14 0 6.3499e-14 0 6.37119e-14 0 6.39248e-14 0 6.41213e-14 0 6.43178e-14 0 6.45144e-14 0 6.47109e-14 0
3350.09 3.31399e-12 3.31398e-12 5.65949e-18 1.70776e-06 3.57993e-06 3.163e-15 0 5.46683e-15 0 9.72701e-15 0 1.40494e-14 0 1.63226e-14 0 1.77817e-14 0 1.88811e-14 0 1.97665e-14 0 2.27605e-14 0 2.61072e-14 0 2.82592e-14 0 2.98683e-14 0 3.11687e-14 0 3.22713e-14 0 3.32256e-14 0 3.40685e-14 0 3.48373e-14 0 3.55317e-14 0 3.61643e-14 0 3.67597e-14 0 3.73055e-14 0 3.78266e-14 0 3.83106e-14 0 3.87821e-14 0 3.92165e-14 0 3.96261e-14 0 4.00233e-14 0 4.04081e-14 0 4.07681e-14 0 4.11157e-14 0 4.14509e-14 0 4.17737e-14 0 4.20841e-14 0 4.23945e-14 0 4.26801e-14 0 4.29782e-14 0 4.32514e-14 0 4.35122e-14 0 4.3773e-14 0 4.40338e-14 0 4.42698e-14 0 4.45182e-14 0 4.47542e-14 0 4.49778e-14 0 4.52138e-14 0 4.5425e-14 0 4.56361e-14 0 4.58473e-14 0 4.60585e-14 0 4.62573e-14 0 4.6456e-14 0 4.66424e-14 0 4.68288e-14 0 4.70275e-14 0 4.72015e-14 0 4.73754e-14 0 4.75618e-14 0 4.77358e-14 0 4.78973e-14 0 4.80712e-14 0 4.82328e-14 0 4.83943e-14 0 4.85559e-14 0 4.87174e-14 0 4.88665e-14 0 4.90156e-14 0 4.91648e-14 0 4.93139e-14 0
3522.05 3.07016e-12 3.07015e-12 4.63453e-18 1.50954e-06 3.23935e-06 2.49864e-15 0 4.26433e-15 0 7.51195e-15 0 1.07987e-14 0 1.25256e-14 0 1.36337e-14 0 1.44685e-14 0 1.51408e-14 0 1.74136e-14 0 1.99536e-14 0 2.15867e-14 0 2.28076e-14 0 2.37943e-14 0 2.46309e-14 0 2.53549e-14 0 2.59944e-14 0 2.65776e-14 0 2.71045e-14 0 2.75844e-14 0 2.80361e-14 0 2.84502e-14 0 2.88455e-14 0 2.92126e-14 0 2.95703e-14 0 2.98998e-14 0 3.02105e-14 0 3.05118e-14 0 3.08038e-14 0 3.10768e-14 0 3.13405e-14 0 3.15948e-14 0 3.18397e-14 0 3.20752e-14 0 3.23106e-14 0 3.25273e-14 0 3.27533e-14 0 3.29606e-14 0 3.31584e-14 0 3.33563e-14 0 3.35541e-14 0 3.37331e-14 0 3.39215e-14 0 3.41005e-14 0 3.42701e-14 0 3.44492e-14 0 3.46093e-14 0 3.47695e-14 0 3.49297e-14 0 3.50899e-14 0 3.52407e-14 0 3.53915e-14 0 3.55328e-14 0 3.56742e-14 0 3.58249e-14 0 3.59569e-14 0 3.60888e-14 0 3.62302e-14 0 3.63621e-14 0 3.64847e-14 0 3.66166e-14 0 3.67391e-14 0 3.68617e-14 0 3.69842e-14 0 3.71067e-14 0 3.72198e-14 0 3.73329e-14 0 3.7446e-14 0 3.75592e-14 0
3702.84 2.84532e-12 2.84532e-12 3.79442e-18 1.33356e-06 2.93169e-06 1.96999e-15 0 3.3224e-15 0 5.79783e-15 0 8.29726e-15 0 9.60948e-15 0 1.04513e-14 0 1.10853e-14 0 1.15959e-14 0 1.33217e-14 0 1.525e-14 0 1.64896e-14 0 1.74164e-14 0 1.81653e-14 0 1.88002e-14 0 1.93497e-14 0 1.9835e-14 0 2.02776e-14 0 2.06775e-14 0 2.10416e-14 0 2.13844e-14 0 2.16987e-14 0 2.19987e-14 0 2.22773e-14 0 2.25487e-14 0 2.27988e-14 0 2.30346e-14 0 2.32632e-14 0 2.34847e-14 0 2.3692e-14 0 2.38921e-14 0 2.4085e-14 0 2.42708e-14 0 2.44495e-14 0 2.46282e-14 0 2.47926e-14 0 2.49641e-14 0 2.51214e-14 0 2.52715e-14 0 2.54216e-14 0 2.55717e-14 0 2.57076e-14 0 2.58506e-14 0 2.59864e-14 0 2.61151e-14 0 2.62509e-14 0 2.63725e-14 0 2.6494e-14 0 2.66156e-14 0 2.67371e-14 0 2.68515e-14 0 2.69659e-14 0 2.70732e-14 0 2.71804e-14 0 2.72949e-14 0 2.7395e-14 0 2.74951e-14 0 2.76023e-14 0 2.77025e-14 0 2.77954e-14 0 2.78956e-14 0 2.79885e-14 0 2.80815e-14 0 2.81745e-14 0 2.82674e-14 0 2.83533e-14 0 2.84391e-14 0 2.85249e-14 0 2.86107e-14 0
3892.91 2.63697e-12 2.63697e-12 3.1066e-18 1.17809e-06 2.65323e-06 1.54982e-15 0 2.58477e-15 0 4.47078e-15 0 6.37109e-15 0 7.36804e-15 0 8.00744e-15 0 8.48896e-15 0 8.87667e-15 0 1.0187e-14 0 1.16509e-14 0 1.25918e-14 0 1.32952e-14 0 1.38635e-14 0 1.43454e-14 0 1.47624e-14 0 1.51308e-14 0 1.54667e-14 0 1.57701e-14 0 1.60464e-14 0 1.63066e-14 0 1.65451e-14 0 1.67727e-14 0 1.69841e-14 0 1.71901e-14 0 1.73799e-14 0 1.75588e-14 0 1.77323e-14 0 1.79004e-14 0 1.80576e-14 0 1.82095e-14 0 1.83559e-14 0 1.84969e-14 0 1.86325e-14 0 1.8768e-14 0 1.88928e-14 0 1.9023e-14 0 1.91423e-14 0 1.92562e-14 0 1.93701e-14 0 1.9484e-14 0 1.95871e-14 0 1.96956e-14 0 1.97986e-14 0 1.98963e-14 0 1.99994e-14 0 2.00916e-14 0 2.01838e-14 0 2.0276e-14 0 2.03683e-14 0 2.04551e-14 0 2.05419e-14 0 2.06233e-14 0 2.07047e-14 0 2.07915e-14 0 2.08674e-14 0 2.09434e-14 0 2.10248e-14 0 2.11008e-14 0 2.11713e-14 0 2.12473e-14 0 2.13178e-14 0 2.13883e-14 0 2.14589e-14 0 2.15294e-14 0 2.15946e-14 0 2.16597e-14 0 2.17248e-14 0 2.17899e-14 0
4092.73 2.44391e-12 2.44391e-12 2.54338e-18 1.0407e-06 2.40094e-06 1.2168e-15 0 2.00816e-15 0 3.44453e-15 0 4.88904e-15 0 5.64637e-15 0 6.13197e-15 0 6.49763e-15 0 6.79202e-15 0 7.78684e-15 0 8.89802e-15 0 9.61219e-15 0 1.0146e-14 0 1.05774e-14 0 1.09431e-14 0 1.12596e-14 0 1.15391e-14 0 1.1794e-14 0 1.20243e-14 0 1.2234e-14 0 1.24314e-14 0 1.26123e-14 0 1.27851e-14 0 1.29455e-14 0 1.31018e-14 0 1.32458e-14 0 1.33816e-14 0 1.35132e-14 0 1.36408e-14 0 1.37601e-14 0 1.38753e-14 0 1.39864e-14 0 1.40934e-14 0 1.41963e-14 0 1.42992e-14 0 1.43938e-14 0 1.44926e-14 0 1.45831e-14 0 1.46696e-14 0 1.4756e-14 0 1.48424e-14 0 1.49206e-14 0 1.5003e-14 0 1.50812e-14 0 1.51553e-14 0 1.52335e-14 0 1.53035e-14 0 1.53734e-14 0 1.54434e-14 0 1.55134e-14 0 1.55793e-14 0 1.56451e-14 0 1.57069e-14 0 1.57686e-14 0 1.58345e-14 0 1.58921e-14 0 1.59498e-14 0 1.60115e-14 0 1.60692e-14 0 1.61227e-14 0 1.61803e-14 0 1.62339e-14 0 1.62874e-14 0 1.63409e-14 0 1.63944e-14 0 1.64439e-14 0 1.64933e-14 0 1.65427e-14 0 1.65921e-14 0
4302.81 2.26491e-12 2.26491e-12 2.08224e-18 9.19348e-07 2.17245e-06 9.53474e-16 0 1.55812e-15 0 2.6516e-15 0 3.7494e-15 0 4.32461e-15 0 4.69336e-15 0 4.971e-15 0 5.19451e-15 0 5.94971e-15 0 6.79312e-15 0 7.33513e-15 0 7.74028e-15 0 8.06762e-15 0 8.34515e-15 0 8.5853e-15 0 8.79742e-15 0 8.99084e-15 0 9.16556e-15 0 9.3247e-15 0 9.47449e-15 0 9.61181e-15 0 9.74289e-15 0 9.86462e-15 0 9.98323e-15 0 1.00925e-14 0 1.01955e-14 0 1.02954e-14 0 1.03922e-14 0 1.04827e-14 0 1.05701e-14 0 1.06544e-14 0 1.07356e-14 0 1.08137e-14 0 1.08917e-14 0 1.09636e-14 0 1.10385e-14 0 1.11072e-14 0 1.11728e-14 0 1.12384e-14 0 1.13039e-14 0 1.13633e-14 0 1.14257e-14 0 1.14851e-14 0 1.15413e-14 0 1.16006e-14 0 1.16537e-14 0 1.17068e-14 0 1.17599e-14 0 1.1813e-14 0 1.1863e-14 0 1.1913e-14 0 1.19598e-14 0 1.20067e-14 0 1.20567e-14 0 1.21004e-14 0 1.21441e-14 0 1.2191e-14 0 1.22347e-14 0 1.22753e-14 0 1.23191e-14 0 1.23597e-14 0 1.24003e-14 0 1.24409e-14 0 1.24815e-14 0 1.2519e-14 0 1.25565e-14 0 1.2594e-14 0 1.26314e-14 0
4523.68 2.09916e-12 2.09916e-12 1.70488e-18 8.12174e-07 1.96598e-06 7.45835e-16 0 1.20754e-15 0 2.03976e-15 0 2.87397e-15 0 3.31084e-15 0 3.59084e-15 0 3.80164e-15 0 3.97133e-15 0 4.54463e-15 0 5.1848e-15 0 5.59617e-15 0 5.90365e-15 0 6.15207e-15 0 6.36268e-15 0 6.54492e-15 0 6.70589e-15 0 6.85267e-15 0 6.98526e-15 0 7.10602e-15 0 7.21968e-15 0 7.32388e-15 0 7.42335e-15 0 7.51572e-15 0 7.60572e-15 0 7.68863e-15 0 7.76679e-15 0 7.8426e-15 0 7.91603e-15 0 7.98473e-15 0 8.05107e-15 0 8.11503e-15 0 8.17663e-15 0 8.23587e-15 0 8.2951e-15 0 8.34959e-15 0 8.40646e-15 0 8.45859e-15 0 8.50835e-15 0 8.55811e-15 0 8.60787e-15 0 8.6529e-15 0 8.70029e-15 0 8.74531e-15 0 8.78797e-15 0 8.833e-15 0 8.87328e-15 0 8.91357e-15 0 8.95386e-15 0 8.99415e-15 0 9.03207e-15 0 9.06999e-15 0 9.10554e-15 0 9.14109e-15 0 9.17901e-15 0 9.21219e-15 0 9.24537e-15 0 9.28093e-15 0 9.31411e-15 0 9.34492e-15 0 9.3781e-15 0 9.40892e-15 0 9.43973e-15 0 9.47054e-15 0 9.50136e-15 0 9.5298e-15 0 9.55825e-15 0 9.58669e-15 0 9.61514e-15 0
4755.88 1.94513e-12 1.94513e-12 1.39573e-18 7.17549e-07 1.77911e-06 5.82306e-16 0 9.3457e-16 0 1.56764e-15 0 2.20132e-15 0 2.53301e-15 0 2.74557e-15 0 2.90557e-15 0 3.03437e-15 0 3.46946e-15 0 3.95524e-15 0 4.26738e-15 0 4.50068e-15 0 4.68916e-15 0 4.84895e-15 0 4.98722e-15 0 5.10935e-15 0 5.2207e-15 0 5.32129e-15 0 5.41291e-15 0 5.49914e-15 0 5.57819e-15 0 5.65366e-15 0 5.72373e-15 0 5.79201e-15 0 5.85491e-15 0 5.91421e-15 0 5.97171e-15 0 6.02743e-15 0 6.07954e-15 0 6.12987e-15 0 6.17839e-15 0 6.22512e-15 0 6.27006e-15 0 6.31499e-15 0 6.35634e-15 0 6.39947e-15 0 6.43902e-15 0 6.47677e-15 0 6.51452e-15 0 6.55227e-15 0 6.58642e-15 0 6.62238e-15 0 6.65653e-15 0 6.68889e-15 0 6.72305e-15 0 6.75361e-15 0 6.78417e-15 0 6.81474e-15 0 6.8453e-15 0 6.87407e-15 0 6.90283e-15 0 6.9298e-15 0 6.95677e-15 0 6.98554e-15 0 7.01071e-15 0 7.03588e-15 0 7.06285e-15 0 7.08802e-15 0 7.11139e-15 0 7.13657e-15 0 7.15994e-15 0 7.18332e-15 0 7.20669e-15 0 7.23007e-15 0 7.25164e-15 0 7.27322e-15 0 7.2948e-15 0 7.31638e-15 0
5000 1.80274e-12 1.80274e-12 1.14268e-18 6.3386e-07 1.6099e-06 4.53989e-16 0 7.22653e-16 0 1.20418e-15 0 1.68555e-15 0 1.93741e-15 0 2.09878e-15 0 2.22025e-15 0 2.31802e-15 0 2.64826e-15 0 3.01694e-15 0 3.25381e-15 0 3.43085e-15 0 3.57388e-15 0 3.69513e-15 0 3.80005e-15 0 3.89272e-15 0 3.97722e-15 0 4.05355e-15 0 4.12306e-15 0 4.18849e-15 0 4.24848e-15 0 4.30574e-15 0 4.35891e-15 0 4.41072e-15 0 4.45844e-15 0 4.50343e-15 0 4.54707e-15 0 4.58934e-15 0 4.62888e-15 0 4.66706e-15 0 4.70388e-15 0 4.73934e-15 0 4.77343e-15 0 4.80753e-15 0 4.8389e-15 0 4.87163e-15 0 4.90163e-15 0 4.93027e-15 0 4.95892e-15 0 4.98756e-15 0 5.01347e-15 0 5.04075e-15 0 5.06667e-15 0 5.09122e-15 0 5.11713e-15 0 5.14032e-15 0 5.16351e-15 0 5.1867e-15 0 5.20989e-15 0 5.23171e-15 0 5.25354e-15 0 5.274e-15 0 5.29446e-15 0 5.31629e-15 0 5.33539e-15 0 5.35449e-15 0 5.37495e-15 0 5.39405e-15 0 5.41178e-15 0 5.43088e-15 0 5.44861e-15 0 5.46635e-15 0 5.48408e-15 0 5.50182e-15 0 5.51819e-15 0 5.53456e-15 0 5.55093e-15 0 5.5673e-15 0
