# 0.0001 1 72 : grain size, compostion index, size index
# Heating and cooling timescale: 2.84973e-05 5.0278e+06
# Ratio of heating to cooling to determine stochastic cutoff: 100
# Equilibrium emission is recorded even for those grains in the stochastic regime.
# Emission spectrum was computed for: 
# Type: ISRF
# Scales: 0.0001 0.001 0.01 0.05 0.1 0.15 0.2 0.25 0.5 1 1.5 2 2.5 3 3.5 4 4.5 5 5.5 6 6.5 7 7.5 8 8.5 9 9.5 10 10.5 11 11.5 12 12.5 13 13.5 14 14.5 15 15.5 16 16.5 17 17.5 18 18.5 19 19.5 20 20.5 21 21.5 22 22.5 23 23.5 24 24.5 25 25.5 26 26.5 27 27.5 28 28.5 29 29.5 30
# StochasticallyHeated: 0 0 0 0 0 0 0 0 0 0 0 0 0 0 0 0 0 0 0 0 0 0 0 0 0 0 0 0 0 0 0 0 0 0 0 0 0 0 0 0 0 0 0 0 0 0 0 0 0 0 0 0 0 0 0 0 0 0 0 0 0 0 0 0 0 0 0 0
# Temperature: -1
# Wavelength  CExt  CAbs  CSca  Albedo G EqEm1 StEm1 EqEm2 StEm2 EqEm3 StEm3 EqEm4 StEm4 EqEm5 StEm5 EqEm6 StEm6 EqEm7 StEm7 EqEm8 StEm8 EqEm9 StEm9 EqEm10 StEm10 EqEm11 StEm11 EqEm12 StEm12 EqEm13 StEm13 EqEm14 StEm14 EqEm15 StEm15 EqEm16 StEm16 EqEm17 StEm17 EqEm18 StEm18 EqEm19 StEm19 EqEm20 StEm20 EqEm21 StEm21 EqEm22 StEm22 EqEm23 StEm23 EqEm24 StEm24 EqEm25 StEm25 EqEm26 StEm26 EqEm27 StEm27 EqEm28 StEm28 EqEm29 StEm29 EqEm30 StEm30 EqEm31 StEm31 EqEm32 StEm32 EqEm33 StEm33 EqEm34 StEm34 EqEm35 StEm35 EqEm36 StEm36 EqEm37 StEm37 EqEm38 StEm38 EqEm39 StEm39 EqEm40 StEm40 EqEm41 StEm41 EqEm42 StEm42 EqEm43 StEm43 EqEm44 StEm44 EqEm45 StEm45 EqEm46 StEm46 EqEm47 StEm47 EqEm48 StEm48 EqEm49 StEm49 EqEm50 StEm50 EqEm51 StEm51 EqEm52 StEm52 EqEm53 StEm53 EqEm54 StEm54 EqEm55 StEm55 EqEm56 StEm56 EqEm57 StEm57 EqEm58 StEm58 EqEm59 StEm59 EqEm60 StEm60 EqEm61 StEm61 EqEm62 StEm62 EqEm63 StEm63 EqEm64 StEm64 EqEm65 StEm65 EqEm66 StEm66 EqEm67 StEm67 EqEm68 StEm68
0.05 6.41823e-08 2.81698e-08 3.60125e-08 0.561097 0.960754 0 0 0 0 0 0 0 0 0 0 0 0 0 0 0 0 0 0 0 0 0 0 0 0 0 0 0 0 0 0 0 0 0 0 0 0 0 0 0 0 0 0 0 0 0 0 0 0 0 0 0 0 0 0 0 0 0 0 0 0 0 0 0 0 0 0 0 0 0 0 0 0 0 0 0 0 0 0 0 0 0 0 0 0 0 0 0 0 0 0 0 0 0 0 0 0 0 0 0 0 0 0 0 0 0 0 0 0 0 0 0 0 0 0 0 0 0 0 0 0 0 0 0 0 0 0 0 0 0 0 0 0 0 0 0 0
0.0525665 6.42994e-08 2.80955e-08 3.6204e-08 0.563053 0.956931 0 0 0 0 0 0 0 0 0 0 0 0 0 0 0 0 0 0 0 0 0 0 0 0 0 0 0 0 0 0 0 0 0 0 0 0 0 0 0 0 0 0 0 0 0 0 0 0 0 0 0 0 0 0 0 0 0 0 0 0 0 0 0 0 0 0 0 0 0 0 0 0 0 0 0 0 0 0 0 0 0 0 0 0 0 0 0 0 0 0 0 0 0 0 0 0 0 0 0 0 0 0 0 0 0 0 0 0 0 0 0 0 0 0 0 0 0 0 0 0 0 0 0 0 0 0 0 0 0 0 0 0 0 0 0 0
0.0552647 6.44193e-08 2.80177e-08 3.64016e-08 0.565073 0.952907 0 0 0 0 0 0 0 0 0 0 0 0 0 0 0 0 0 0 0 0 0 0 0 0 0 0 0 0 0 0 0 0 0 0 0 0 0 0 0 0 0 0 0 0 0 0 0 0 0 0 0 0 0 0 0 0 0 0 0 0 0 0 0 0 0 0 0 0 0 0 0 0 0 0 0 0 0 0 0 0 0 0 0 0 0 0 0 0 0 0 0 0 0 0 0 0 0 0 0 0 0 0 0 0 0 0 0 0 0 0 0 0 0 0 0 0 0 0 0 0 0 0 0 0 0 0 0 0 0 0 0 0 0 0 0 0
0.0581015 6.45439e-08 2.79351e-08 3.66088e-08 0.567192 0.948619 0 0 0 0 0 0 0 0 0 0 0 0 0 0 0 0 0 0 0 0 0 0 0 0 0 0 0 0 0 0 0 0 0 0 0 0 0 0 0 0 0 0 0 0 0 0 0 0 0 0 0 0 0 0 0 0 0 0 0 0 0 0 0 0 0 0 0 0 0 0 0 0 0 0 0 0 0 0 0 0 0 0 0 0 0 0 0 0 0 0 0 0 0 0 0 0 0 0 0 0 0 0 0 0 0 0 0 0 0 0 0 0 0 0 0 0 0 0 0 0 0 0 0 0 0 0 0 0 0 0 0 0 0 0 0 0
0.0610839 6.4675e-08 2.78543e-08 3.68206e-08 0.569318 0.944094 0 0 0 0 0 0 0 0 0 0 0 0 0 0 0 0 0 0 0 0 0 0 0 0 0 0 0 0 0 0 0 0 0 0 0 0 0 0 0 0 0 0 0 0 0 0 0 0 0 0 0 0 0 0 0 0 0 0 0 0 0 0 0 0 0 0 0 0 0 0 0 0 0 0 0 0 0 0 0 0 0 0 0 0 0 0 0 0 0 0 0 0 0 0 0 0 0 0 0 0 0 0 0 0 0 0 0 0 0 0 0 0 0 0 0 0 0 0 0 0 0 0 0 0 0 0 0 0 0 0 0 0 0 0 0 0
0.0642193 6.48135e-08 2.77854e-08 3.70281e-08 0.571303 0.939466 0 0 0 0 0 0 0 0 0 0 0 0 0 0 0 0 0 0 0 0 0 0 0 0 0 0 0 0 0 0 0 0 0 0 0 0 0 0 0 0 0 0 0 0 0 0 0 0 0 0 0 0 0 0 0 0 0 0 0 0 0 0 0 0 0 0 0 0 0 0 0 0 0 0 0 0 0 0 0 0 0 0 0 0 0 0 0 0 0 0 0 0 0 0 0 0 0 0 0 0 0 0 0 0 0 0 0 0 0 0 0 0 0 0 0 0 0 0 0 0 0 0 0 0 0 0 0 0 0 0 0 0 0 0 0 0
0.0675157 6.49581e-08 2.77363e-08 3.72218e-08 0.573013 0.934932 0 0 0 0 0 0 0 0 0 0 0 0 0 0 0 0 0 0 0 0 0 0 0 0 0 0 0 0 0 0 0 0 0 0 0 0 0 0 0 0 0 0 0 0 0 0 0 0 0 0 0 0 0 0 0 0 0 0 0 0 0 0 0 0 0 0 0 0 0 0 0 0 0 0 0 0 0 0 0 0 0 0 0 0 0 0 0 0 0 0 0 0 0 0 0 0 0 0 0 0 0 0 0 0 0 0 0 0 0 0 0 0 0 0 0 0 0 0 0 0 0 0 0 0 0 0 0 0 0 0 0 0 0 0 0 0
0.0709813 6.51079e-08 2.77084e-08 3.73995e-08 0.574423 0.930602 0 0 0 0 0 0 0 0 0 0 0 0 0 0 0 0 0 0 0 0 0 0 0 0 0 0 0 0 0 0 0 0 0 0 0 0 0 0 0 0 0 0 0 0 0 0 0 0 0 0 0 0 0 0 0 0 0 0 0 0 0 0 0 0 0 0 0 0 0 0 0 0 0 0 0 0 0 0 0 0 0 0 0 0 0 0 0 0 0 0 0 0 0 0 0 0 0 0 0 0 0 0 0 0 0 0 0 0 0 0 0 0 0 0 0 0 0 0 0 0 0 0 0 0 0 0 0 0 0 0 0 0 0 0 0 0
0.0746248 6.52637e-08 2.7696e-08 3.75677e-08 0.57563 0.926411 0 0 0 0 0 0 0 0 0 0 0 0 0 0 0 0 0 0 0 0 0 0 0 0 0 0 0 0 0 0 0 0 0 0 0 0 0 0 0 0 0 0 0 0 0 0 0 0 0 0 0 0 0 0 0 0 0 0 0 0 0 0 0 0 0 0 0 0 0 0 0 0 0 0 0 0 0 0 0 0 0 0 0 0 0 0 0 0 0 0 0 0 0 0 0 0 0 0 0 0 0 0 0 0 0 0 0 0 0 0 0 0 0 0 0 0 0 0 0 0 0 0 0 0 0 0 0 0 0 0 0 0 0 0 0 0
0.0784553 6.5426e-08 2.7695e-08 3.7731e-08 0.576698 0.922307 0 0 0 0 0 0 0 0 0 0 0 0 0 0 0 0 0 0 0 0 0 0 0 0 0 0 0 0 0 0 0 0 0 0 0 0 0 0 0 0 0 0 0 0 0 0 0 0 0 0 0 0 0 0 0 0 0 0 0 0 0 0 0 0 0 0 0 0 0 0 0 0 0 0 0 0 0 0 0 0 0 0 0 0 0 0 0 0 0 0 0 0 0 0 0 0 0 0 0 0 0 0 0 0 0 0 0 0 0 0 0 0 0 0 0 0 0 0 0 0 0 0 0 0 0 0 0 0 0 0 0 0 0 0 0 0
0.0824824 6.55985e-08 2.77091e-08 3.78894e-08 0.577596 0.918246 0 0 0 0 0 0 0 0 0 0 0 0 0 0 0 0 0 0 0 0 0 0 0 0 0 0 0 0 0 0 0 0 0 0 0 0 0 0 0 0 0 0 0 0 0 0 0 0 0 0 0 0 0 0 0 0 0 0 0 0 0 0 0 0 0 0 0 0 0 0 0 0 0 0 0 0 0 0 0 0 0 0 0 0 0 0 0 0 0 0 0 0 0 0 0 0 0 0 0 0 0 0 0 0 0 0 0 0 0 0 0 0 0 0 0 0 0 0 0 0 0 0 0 0 0 0 0 0 0 0 0 0 0 0 0 0
0.0867162 6.57799e-08 2.77643e-08 3.80156e-08 0.577921 0.914706 0 0 0 0 0 0 0 0 0 0 0 0 0 0 0 0 0 0 0 0 0 0 0 0 0 0 0 0 0 0 0 0 0 0 0 0 0 0 0 0 0 0 0 0 0 0 0 0 0 0 0 0 0 0 0 0 0 0 0 0 0 0 0 0 0 0 0 0 0 0 0 0 0 0 0 0 0 0 0 0 0 0 0 0 0 0 0 0 0 0 0 0 0 0 0 0 0 0 0 0 0 0 0 0 0 0 0 0 0 0 0 0 0 0 0 0 0 0 0 0 0 0 0 0 0 0 0 0 0 0 0 0 0 0 0 0
0.0911674 6.59637e-08 2.78817e-08 3.8082e-08 0.577318 0.912251 0 0 0 0 0 0 0 0 0 0 0 0 0 0 0 0 0 0 0 0 0 0 0 0 0 0 0 0 0 0 0 0 0 0 0 0 0 0 0 0 0 0 0 0 0 0 0 0 0 0 0 0 0 0 0 0 0 0 0 0 0 0 0 0 0 0 0 0 0 0 0 0 0 0 0 0 0 0 0 0 0 0 0 0 0 0 0 0 0 0 0 0 0 0 0 0 0 0 0 0 0 0 0 0 0 0 0 0 0 0 0 0 0 0 0 0 0 0 0 0 0 0 0 0 0 0 0 0 0 0 0 0 0 0 0 0
0.095847 6.61438e-08 2.80555e-08 3.80883e-08 0.575841 0.911003 0 0 0 0 0 0 0 0 0 0 0 0 0 0 0 0 0 0 0 0 0 0 0 0 0 0 0 0 0 0 0 0 0 0 0 0 0 0 0 0 0 0 0 0 0 0 0 0 0 0 0 0 0 0 0 0 0 0 0 0 0 0 0 0 0 0 0 0 0 0 0 0 0 0 0 0 0 0 0 0 0 0 0 0 0 0 0 0 0 0 0 0 0 0 0 0 0 0 0 0 0 0 0 0 0 0 0 0 0 0 0 0 0 0 0 0 0 0 0 0 0 0 0 0 0 0 0 0 0 0 0 0 0 0 0 0
0.100767 6.63181e-08 2.82622e-08 3.80559e-08 0.573839 0.910644 0 0 0 0 0 0 0 0 0 0 0 0 0 0 0 0 0 0 0 0 0 0 0 0 0 0 0 0 0 0 0 0 0 0 0 0 0 0 0 0 0 0 0 0 0 0 0 0 0 0 0 0 0 0 0 0 0 0 0 0 0 0 0 0 0 0 0 0 0 0 0 0 0 0 0 0 0 0 0 0 0 0 0 0 0 0 0 0 0 0 0 0 0 0 0 0 0 0 0 0 0 0 0 0 0 0 0 0 0 0 0 0 0 0 0 0 0 0 0 0 0 0 0 0 0 0 0 0 0 0 0 0 0 0 0 0
0.105939 6.64873e-08 2.84945e-08 3.79928e-08 0.571429 0.910994 0 0 0 0 0 0 0 0 0 0 0 0 0 0 0 0 0 0 0 0 0 0 0 0 0 0 0 0 0 0 0 0 0 0 0 0 0 0 0 0 0 0 0 0 0 0 0 0 0 0 0 0 0 0 0 0 0 0 0 0 0 0 0 0 0 0 0 0 0 0 0 0 0 0 0 0 0 0 0 0 0 0 0 0 0 0 0 0 0 0 0 0 0 0 0 0 0 0 0 0 0 0 0 0 0 0 0 0 0 0 0 0 0 0 0 0 0 0 0 0 0 0 0 0 0 0 0 0 0 0 0 0 0 0 0 0
0.111377 6.66496e-08 2.87466e-08 3.7903e-08 0.568691 0.911997 0 0 0 0 0 0 0 0 0 0 0 0 0 0 0 0 0 0 0 0 0 0 0 0 0 0 0 0 0 0 0 0 0 0 0 0 0 0 0 0 0 0 0 0 0 0 0 0 0 0 0 0 0 0 0 0 0 0 0 0 0 0 0 0 0 0 0 0 0 0 0 0 0 0 0 0 0 0 0 0 0 0 0 0 0 0 0 0 0 0 0 0 0 0 0 0 0 0 0 0 0 0 0 0 0 0 0 0 0 0 0 0 0 0 0 0 0 0 0 0 0 0 0 0 0 0 0 0 0 0 0 0 0 0 0 0
0.117094 6.68046e-08 2.90181e-08 3.77865e-08 0.565628 0.913649 0 0 0 0 0 0 0 0 0 0 0 0 0 0 0 0 0 0 0 0 0 0 0 0 0 0 0 0 0 0 0 0 0 0 0 0 0 0 0 0 0 0 0 0 0 0 0 0 0 0 0 0 0 0 0 0 0 0 0 0 0 0 0 0 0 0 0 0 0 0 0 0 0 0 0 0 0 0 0 0 0 0 0 0 0 0 0 0 0 0 0 0 0 0 0 0 0 0 0 0 0 0 0 0 0 0 0 0 0 0 0 0 0 0 0 0 0 0 0 0 0 0 0 0 0 0 0 0 0 0 0 0 0 0 0 0
0.123105 6.69513e-08 2.93065e-08 3.76448e-08 0.562272 0.915927 0 0 0 0 0 0 0 0 0 0 0 0 0 0 0 0 0 0 0 0 0 0 0 0 0 0 0 0 0 0 0 0 0 0 0 0 0 0 0 0 0 0 0 0 0 0 0 0 0 0 0 0 0 0 0 0 0 0 0 0 0 0 0 0 0 0 0 0 0 0 0 0 0 0 0 0 0 0 0 0 0 0 0 0 0 0 0 0 0 0 0 0 0 0 0 0 0 0 0 0 0 0 0 0 0 0 0 0 0 0 0 0 0 0 0 0 0 0 0 0 0 0 0 0 0 0 0 0 0 0 0 0 0 0 0 0
0.129424 6.7089e-08 2.95988e-08 3.74902e-08 0.558813 0.918618 0 0 0 0 0 0 0 0 0 0 0 0 0 0 0 0 0 0 0 0 0 0 0 0 0 0 0 0 0 0 0 0 0 0 0 0 0 0 0 0 0 0 0 0 0 0 0 0 0 0 0 0 0 0 0 0 0 0 0 0 0 0 0 0 0 0 0 0 0 0 0 0 0 0 0 0 0 0 0 0 0 0 0 0 0 0 0 0 0 0 0 0 0 0 0 0 0 0 0 0 0 0 0 0 0 0 0 0 0 0 0 0 0 0 0 0 0 0 0 0 0 0 0 0 0 0 0 0 0 0 0 0 0 0 0 0
0.136067 6.72239e-08 2.98852e-08 3.73386e-08 0.555437 0.921344 0 0 0 0 0 0 0 0 0 0 0 0 0 0 0 0 0 0 0 0 0 0 0 0 0 0 0 0 0 0 0 0 0 0 0 0 0 0 0 0 0 0 0 0 0 0 0 0 0 0 0 0 0 0 0 0 0 0 0 0 0 0 0 0 0 0 0 0 0 0 0 0 0 0 0 0 0 0 0 0 0 0 0 0 0 0 0 0 0 0 0 0 0 0 0 0 0 0 0 0 0 0 0 0 0 0 0 0 0 0 0 0 0 0 0 0 0 0 0 0 0 0 0 0 0 0 0 0 0 0 0 0 0 0 0 0
0.143051 6.73503e-08 3.0218e-08 3.71323e-08 0.551331 0.925144 0 0 0 0 0 0 0 0 0 0 0 0 0 0 0 0 0 0 0 0 0 0 0 0 0 0 0 0 0 0 0 0 0 0 0 0 0 0 0 0 0 0 0 0 0 0 0 0 0 0 0 0 0 0 0 0 0 0 0 0 0 0 0 0 0 0 0 0 0 0 0 0 0 0 0 0 0 0 0 0 0 0 0 0 0 0 0 0 0 0 0 0 0 0 0 0 0 0 0 0 0 0 0 0 0 0 0 0 0 0 0 0 0 0 0 0 0 0 0 0 0 0 0 0 0 0 0 0 0 0 0 0 0 0 0 0
0.150394 6.74425e-08 3.05722e-08 3.68703e-08 0.546692 0.930113 0 0 0 0 0 0 0 0 0 0 0 0 0 0 0 0 0 0 0 0 0 0 0 0 0 0 0 0 0 0 0 0 0 0 0 0 0 0 0 0 0 0 0 0 0 0 0 0 0 0 0 0 0 0 0 0 0 0 0 0 0 0 0 0 0 0 0 0 0 0 0 0 0 0 0 0 0 0 0 0 0 0 0 0 0 0 0 0 0 0 0 0 0 0 0 0 0 0 0 0 0 0 0 0 0 0 0 0 0 0 0 0 0 0 0 0 0 0 0 0 0 0 0 0 0 0 0 0 0 0 0 0 0 0 0 0
0.158114 6.75193e-08 3.08303e-08 3.66891e-08 0.543386 0.933561 0 0 0 0 0 0 0 0 0 0 0 0 0 0 0 0 0 0 0 0 0 0 0 0 0 0 0 0 0 0 0 0 0 0 0 0 0 0 0 0 0 0 0 0 0 0 0 0 0 0 0 0 0 0 0 0 0 0 0 0 0 0 0 0 0 0 0 0 0 0 0 0 0 0 0 0 0 0 0 0 0 0 0 0 0 0 0 0 0 0 0 0 0 0 0 0 0 0 0 0 0 0 0 0 0 0 0 0 0 0 0 0 0 0 0 0 0 0 0 0 0 0 0 0 0 0 0 0 0 0 0 0 0 0 0 0
0.16623 6.75837e-08 3.10453e-08 3.65384e-08 0.540639 0.936281 0 0 0 0 0 0 0 0 0 0 0 0 0 0 0 0 0 0 0 0 0 0 0 0 0 0 0 0 0 0 0 0 0 0 0 0 0 0 0 0 0 0 0 0 0 0 0 0 0 0 0 0 0 0 0 0 0 0 0 0 0 0 0 0 0 0 0 0 0 0 0 0 0 0 0 0 0 0 0 0 0 0 0 0 0 0 0 0 0 0 0 0 0 0 0 0 0 0 0 0 0 0 0 0 0 0 0 0 0 0 0 0 0 0 0 0 0 0 0 0 0 0 0 0 0 0 0 0 0 0 0 0 0 0 0 0
0.174762 6.76119e-08 3.1124e-08 3.64879e-08 0.539667 0.937139 0 0 0 0 0 0 0 0 0 0 0 0 0 0 0 0 0 0 0 0 0 0 0 0 0 0 0 0 0 0 0 0 0 0 0 0 0 0 0 0 0 0 0 0 0 0 0 0 0 0 0 0 0 0 0 0 0 0 0 0 0 0 0 0 0 0 0 0 0 0 0 0 0 0 0 0 0 0 0 0 0 0 0 0 0 0 0 0 0 0 0 0 0 0 0 0 0 0 0 0 0 0 0 0 0 0 0 0 0 0 0 0 0 0 0 0 0 0 0 0 0 0 0 0 0 0 0 0 0 0 0 0 0 0 0 0
0.183733 6.76864e-08 3.09795e-08 3.67069e-08 0.542309 0.933479 0 0 0 0 0 0 0 0 0 0 0 0 0 0 0 0 0 0 0 0 0 0 0 0 0 0 0 0 0 0 0 0 0 0 0 0 0 0 0 0 0 0 0 0 0 0 0 0 0 0 0 0 0 0 0 0 0 0 0 0 0 0 0 0 0 0 0 0 0 0 0 0 0 0 0 0 0 0 0 0 0 0 0 0 0 0 0 0 0 0 0 0 0 0 0 0 0 0 0 0 0 0 0 0 0 0 0 0 0 0 0 0 0 0 0 0 0 0 0 0 0 0 0 0 0 0 0 0 0 0 0 0 0 0 0 0
0.193164 6.78643e-08 3.06981e-08 3.71662e-08 0.547655 0.925938 0 0 0 0 0 0 0 0 0 0 0 0 0 0 0 0 0 0 0 0 0 0 0 0 0 0 0 0 0 0 0 0 0 0 0 0 0 0 0 0 0 0 0 0 0 0 0 0 0 0 0 0 0 0 0 0 0 0 0 0 0 0 0 0 0 0 0 0 0 0 0 0 0 0 0 0 0 0 0 0 0 0 0 0 0 0 0 0 0 0 0 0 0 0 0 0 0 0 0 0 0 0 0 0 0 0 0 0 0 0 0 0 0 0 0 0 0 0 0 0 0 0 0 0 0 0 0 0 0 0 0 0 0 0 0 0
0.203079 6.81453e-08 3.04089e-08 3.77364e-08 0.553764 0.91646 0 0 0 0 0 0 0 0 0 0 0 0 0 0 0 0 0 0 0 0 0 0 0 0 0 0 0 0 0 0 0 0 0 0 0 0 0 0 0 0 0 0 0 0 0 0 0 0 0 0 0 0 0 0 0 0 0 0 0 0 0 0 0 0 0 0 0 0 0 0 0 0 0 0 0 0 0 0 0 0 0 0 0 0 0 0 0 0 0 0 0 0 0 0 0 0 0 0 0 0 0 0 0 0 0 0 0 0 0 0 0 0 0 0 0 0 0 0 0 0 0 0 0 0 0 0 0 0 0 0 0 0 0 0 0 0
0.213503 6.84703e-08 3.01561e-08 3.83143e-08 0.559575 0.906735 0 0 0 0 0 0 0 0 0 0 0 0 0 0 0 0 0 0 0 0 0 0 0 0 0 0 0 0 0 0 0 0 0 0 0 0 0 0 0 0 0 0 0 0 0 0 0 0 0 0 0 0 0 0 0 0 0 0 0 0 0 0 0 0 0 0 0 0 0 0 0 0 0 0 0 0 0 0 0 0 0 0 0 0 0 0 0 0 0 0 0 0 0 0 0 0 0 0 0 0 0 0 0 0 0 0 0 0 0 0 0 0 0 0 0 0 0 0 0 0 0 0 0 0 0 0 0 0 0 0 0 0 0 0 0 0
0.224463 6.88589e-08 2.98992e-08 3.89597e-08 0.56579 0.895747 0 0 0 0 0 0 0 0 0 0 0 0 0 0 0 0 0 0 0 0 0 0 0 0 0 0 0 0 0 0 0 0 0 0 0 0 0 0 0 0 0 0 0 0 0 0 0 0 0 0 0 0 0 0 0 0 0 0 0 0 0 0 0 0 0 0 0 0 0 0 0 0 0 0 0 0 0 0 0 0 0 0 0 0 0 0 0 0 0 0 0 0 0 0 0 0 0 0 0 0 0 0 0 0 0 0 0 0 0 0 0 0 0 0 0 0 0 0 0 0 0 0 0 0 0 0 0 0 0 0 0 0 0 0 0 0
0.235984 6.92853e-08 2.97289e-08 3.95564e-08 0.570921 0.885325 0 0 0 0 0 0 0 0 0 0 0 0 0 0 0 0 0 0 0 0 0 0 0 0 0 0 0 0 0 0 0 0 0 0 0 0 0 0 0 0 0 0 0 0 0 0 0 0 0 0 0 0 0 0 0 0 0 0 0 0 0 0 0 0 0 0 0 0 0 0 0 0 0 0 0 0 0 0 0 0 0 0 0 0 0 0 0 0 0 0 0 0 0 0 0 0 0 0 0 0 0 0 0 0 0 0 0 0 0 0 0 0 0 0 0 0 0 0 0 0 0 0 0 0 0 0 0 0 0 0 0 0 0 0 0 0
0.248097 6.9723e-08 2.96354e-08 4.00876e-08 0.574956 0.875844 0 0 0 0 0 0 0 0 0 0 0 0 0 0 0 0 0 0 0 0 0 0 0 0 0 0 0 0 0 0 0 0 0 0 0 0 0 0 0 0 0 0 0 0 0 0 0 0 0 0 0 0 0 0 0 0 0 0 0 0 0 0 0 0 0 0 0 0 0 0 0 0 0 0 0 0 0 0 0 0 0 0 0 0 0 0 0 0 0 0 0 0 0 0 0 0 0 0 0 0 0 0 0 0 0 0 0 0 0 0 0 0 0 0 0 0 0 0 0 0 0 0 0 0 0 0 0 0 0 0 0 0 0 0 0 0
0.260832 7.01353e-08 2.96852e-08 4.045e-08 0.576743 0.868928 0 0 0 0 0 0 0 0 0 0 0 0 0 0 0 0 0 0 0 0 0 0 0 0 0 0 0 0 0 0 0 0 0 0 0 0 0 0 0 0 0 0 0 0 0 0 0 0 0 0 0 0 0 0 0 0 0 0 0 0 0 0 0 0 0 0 0 0 0 0 0 0 0 0 0 0 0 0 0 0 0 0 0 0 0 0 0 0 0 0 0 0 0 0 0 0 0 0 0 0 0 0 0 0 0 0 0 0 0 0 0 0 0 0 0 0 0 0 0 0 0 0 0 0 0 0 0 0 0 0 0 0 0 0 0 0
0.274221 7.04975e-08 2.98248e-08 4.06726e-08 0.576938 0.864337 0 0 0 0 0 0 0 0 0 0 0 0 0 0 0 0 0 0 0 0 0 0 0 0 0 0 0 0 0 0 0 0 0 0 0 0 0 0 0 0 0 0 0 0 0 0 0 0 0 0 0 0 0 0 0 0 0 0 0 0 0 0 0 0 0 0 0 0 0 0 0 0 0 0 0 0 0 0 0 0 0 0 0 0 0 0 0 0 0 0 0 0 0 0 0 0 0 0 0 0 0 0 0 0 0 0 0 0 0 0 0 0 0 0 0 0 0 0 0 0 0 0 0 0 0 0 0 0 0 0 0 0 0 0 0 0
0.288297 7.08128e-08 3.00391e-08 4.07737e-08 0.575796 0.861802 0 0 0 0 0 0 0 0 0 0 0 0 0 0 0 0 0 0 0 0 0 0 0 0 0 0 0 0 0 0 0 0 0 0 0 0 0 0 0 0 0 0 0 0 0 0 0 0 0 0 0 0 0 0 0 0 0 0 0 0 0 0 0 0 0 0 0 0 0 0 0 0 0 0 0 0 0 0 0 0 0 0 0 0 0 0 0 0 0 0 0 0 0 0 0 0 0 0 0 0 0 0 0 0 0 0 0 0 0 0 0 0 0 0 0 0 0 0 0 0 0 0 0 0 0 0 0 0 0 0 0 0 0 0 0 0
0.303095 7.11142e-08 3.02414e-08 4.08728e-08 0.574749 0.859487 0 0 0 0 0 0 0 0 0 0 0 0 0 0 0 0 0 0 0 0 0 0 0 0 0 0 0 0 0 0 0 0 0 0 0 0 0 0 0 0 0 0 0 0 0 0 0 0 0 0 0 0 0 0 0 0 0 0 0 0 0 0 0 0 0 0 0 0 0 0 0 0 0 0 0 0 0 0 0 0 0 0 0 0 0 0 0 0 0 0 0 0 0 0 0 0 0 0 0 0 0 0 0 0 0 0 0 0 0 0 0 0 0 0 0 0 0 0 0 0 0 0 0 0 0 0 0 0 0 0 0 0 0 0 0 0
0.318653 7.14174e-08 3.04337e-08 4.09837e-08 0.573861 0.857 0 0 0 0 0 0 0 0 0 0 0 0 0 0 0 0 0 0 0 0 0 0 0 0 0 0 0 0 0 0 0 0 0 0 0 0 0 0 0 0 0 0 0 0 0 0 0 0 0 0 0 0 0 0 0 0 0 0 0 0 0 0 0 0 0 0 0 0 0 0 0 0 0 0 0 0 0 0 0 0 0 0 0 0 0 0 0 0 0 0 0 0 0 0 0 0 0 0 0 0 0 0 0 0 0 0 0 0 0 0 0 0 0 0 0 0 0 0 0 0 0 0 0 0 0 0 0 0 0 0 0 0 0 0 0 0
0.335009 7.17171e-08 3.06322e-08 4.10848e-08 0.572874 0.854658 0 0 0 0 0 0 0 0 0 0 0 0 0 0 0 0 0 0 0 0 0 0 0 0 0 0 0 0 0 0 0 0 0 0 0 0 0 0 0 0 0 0 0 0 0 0 0 0 0 0 0 0 0 0 0 0 0 0 0 0 0 0 0 0 0 0 0 0 0 0 0 0 0 0 0 0 0 0 0 0 0 0 0 0 0 0 0 0 0 0 0 0 0 0 0 0 0 0 0 0 0 0 0 0 0 0 0 0 0 0 0 0 0 0 0 0 0 0 0 0 0 0 0 0 0 0 0 0 0 0 0 0 0 0 0 0
0.352205 7.20147e-08 3.08365e-08 4.11781e-08 0.571802 0.852431 0 0 0 0 0 0 0 0 0 0 0 0 0 0 0 0 0 0 0 0 0 0 0 0 0 0 0 0 0 0 0 0 0 0 0 0 0 0 0 0 0 0 0 0 0 0 0 0 0 0 0 0 0 0 0 0 0 0 0 0 0 0 0 0 0 0 0 0 0 0 0 0 0 0 0 0 0 0 0 0 0 0 0 0 0 0 0 0 0 0 0 0 0 0 0 0 0 0 0 0 0 0 0 0 0 0 0 0 0 0 0 0 0 0 0 0 0 0 0 0 0 0 0 0 0 0 0 0 0 0 0 0 0 0 0 0
0.370284 7.23109e-08 3.10478e-08 4.12631e-08 0.570635 0.850342 0 0 0 0 0 0 0 0 0 0 0 0 0 0 0 0 0 0 0 0 0 0 0 0 0 0 0 0 0 0 0 0 0 0 0 0 0 0 0 0 0 0 0 0 0 0 0 0 0 0 0 0 0 0 0 0 0 0 0 0 0 0 0 0 0 0 0 0 0 0 0 0 0 0 0 0 0 0 0 0 0 0 0 0 0 0 0 0 0 0 0 0 0 0 0 0 0 0 0 0 0 0 0 0 0 0 0 0 0 0 0 0 0 0 0 0 0 0 0 0 0 0 0 0 0 0 0 0 0 0 0 0 0 0 0 0
0.389291 7.26069e-08 3.12658e-08 4.13411e-08 0.569383 0.848333 0 0 0 0 0 0 0 0 0 0 0 0 0 0 0 0 0 0 0 0 0 0 0 0 0 0 0 0 0 0 0 0 0 0 0 0 0 0 0 0 0 0 0 0 0 0 0 0 0 0 0 0 0 0 0 0 0 0 0 0 0 0 0 0 0 0 0 0 0 0 0 0 0 0 0 0 0 0 0 0 0 0 0 0 0 0 0 0 0 0 0 0 0 0 0 0 0 0 0 0 0 0 0 0 0 0 0 0 0 0 0 0 0 0 0 0 0 0 0 0 0 0 0 0 0 0 0 0 0 0 0 0 0 0 0 0
0.409273 7.2904e-08 3.14915e-08 4.14125e-08 0.568042 0.846412 0 0 0 0 0 0 0 0 0 0 0 0 0 0 0 0 0 0 0 0 0 0 0 0 0 0 0 0 0 0 0 0 0 0 0 0 0 0 0 0 0 0 0 0 0 0 0 0 0 0 0 0 0 0 0 0 0 0 0 0 0 0 0 0 0 0 0 0 0 0 0 0 0 0 0 0 0 0 0 0 0 0 0 0 0 0 0 0 0 0 0 0 0 0 0 0 0 0 0 0 0 0 0 0 0 0 0 0 0 0 0 0 0 0 0 0 0 0 0 0 0 0 0 0 0 0 0 0 0 0 0 0 0 0 0 0
0.430281 7.32031e-08 3.17273e-08 4.14759e-08 0.566586 0.844614 0 0 0 0 0 0 0 0 0 0 0 0 0 0 0 0 0 0 0 0 0 0 0 0 0 0 0 0 0 0 0 0 0 0 0 0 0 0 0 0 0 0 0 0 0 0 0 0 0 0 0 0 0 0 0 0 0 0 0 0 0 0 0 0 0 0 0 0 0 0 0 0 0 0 0 0 0 0 0 0 0 0 0 0 0 0 0 0 0 0 0 0 0 0 0 0 0 0 0 0 0 0 0 0 0 0 0 0 0 0 0 0 0 0 0 0 0 0 0 0 0 0 0 0 0 0 0 0 0 0 0 0 0 0 0 0
0.452368 7.35063e-08 3.19705e-08 4.15357e-08 0.565064 0.842838 0 0 0 0 0 0 0 0 0 0 0 0 0 0 0 0 0 0 0 0 0 0 0 0 0 0 0 0 0 0 0 0 0 0 0 0 0 0 0 0 0 0 0 0 0 0 0 0 0 0 0 0 0 0 0 0 0 0 0 0 0 0 0 0 0 0 0 0 0 0 0 0 0 0 0 0 0 0 0 0 0 0 0 0 0 0 0 0 0 0 0 0 0 0 0 0 0 0 0 0 0 0 0 0 0 0 0 0 0 0 0 0 0 0 0 0 0 0 0 0 0 0 0 0 0 0 0 0 0 0 0 0 0 0 0 0
0.475588 7.38153e-08 3.22208e-08 4.15945e-08 0.563494 0.84105 0 0 0 0 0 0 0 0 0 0 0 0 0 0 0 0 0 0 0 0 0 0 0 0 0 0 0 0 0 0 0 0 0 0 0 0 0 0 0 0 0 0 0 0 0 0 0 0 0 0 0 0 0 0 0 0 0 0 0 0 0 0 0 0 0 0 0 0 0 0 0 0 0 0 0 0 0 0 0 0 0 0 0 0 0 0 0 0 0 0 0 0 0 0 0 0 0 0 0 0 0 0 0 0 0 0 0 0 0 0 0 0 0 0 0 0 0 0 0 0 0 0 0 0 0 0 0 0 0 0 0 0 0 0 0 0
0.5 7.41313e-08 3.24804e-08 4.16509e-08 0.561853 0.839278 0 0 0 0 0 0 0 0 0 0 0 0 0 0 0 0 0 0 0 0 0 0 0 0 0 0 0 0 0 0 0 0 0 0 0 0 0 0 0 0 0 0 0 0 0 0 0 0 0 0 0 0 0 0 0 0 0 0 0 0 0 0 0 0 0 0 0 0 0 0 0 0 0 0 0 0 0 0 0 0 0 0 0 0 0 0 0 0 0 0 0 0 0 0 0 0 0 0 0 0 0 0 0 0 0 0 0 0 0 0 0 0 0 0 0 0 0 0 0 0 0 0 0 0 0 0 0 0 0 0 0 0 0 0 0 0
0.525665 7.44562e-08 3.27437e-08 4.17125e-08 0.560228 0.837369 0 0 0 0 0 0 0 0 0 0 0 0 0 0 0 0 0 0 0 0 0 0 0 0 0 0 0 0 0 0 0 0 0 0 0 0 0 0 0 0 0 0 0 0 0 0 0 0 0 0 0 0 0 0 0 0 0 0 0 0 0 0 0 0 0 0 0 0 0 0 0 0 0 0 0 0 0 0 0 0 0 0 0 0 0 0 0 0 0 0 0 0 0 0 0 0 0 0 0 0 0 0 0 0 0 0 0 0 0 0 0 0 0 0 0 0 0 0 0 0 0 0 0 0 0 0 0 0 0 0 0 0 0 0 0 0
0.552648 7.47898e-08 3.30157e-08 4.17741e-08 0.558553 0.835419 0 0 0 0 0 0 0 0 0 0 0 0 0 0 0 0 0 0 0 0 0 0 0 0 0 0 0 0 0 0 0 0 0 0 0 0 0 0 0 0 0 0 0 0 0 0 0 0 0 0 0 0 0 0 0 0 0 0 0 0 0 0 0 0 0 0 0 0 0 0 0 0 0 0 0 0 0 0 0 0 0 0 0 0 0 0 0 0 0 0 0 0 0 0 0 0 0 0 0 0 0 0 0 0 0 0 0 0 0 0 0 0 0 0 0 0 0 0 0 0 0 0 0 0 0 0 0 0 0 0 0 0 0 0 0 0
0.581015 7.51338e-08 3.32925e-08 4.18412e-08 0.55689 0.833307 0 0 0 0 0 0 0 0 0 0 0 0 0 0 0 0 0 0 0 0 0 0 0 0 0 0 0 0 0 0 0 0 0 0 0 0 0 0 0 0 0 0 0 0 0 0 0 0 0 0 0 0 0 0 0 0 0 0 0 0 0 0 0 0 0 0 0 0 0 0 0 0 0 0 0 0 0 0 0 0 0 0 0 0 0 0 0 0 0 0 0 0 0 0 0 0 0 0 0 0 0 0 0 0 0 0 0 0 0 0 0 0 0 0 0 0 0 0 0 0 0 0 0 0 0 0 0 0 0 0 0 0 0 0 0 0
0.610839 7.54875e-08 3.35749e-08 4.19127e-08 0.555226 0.831058 0 0 0 0 0 0 0 0 0 0 0 0 0 0 0 0 0 0 0 0 0 0 0 0 0 0 0 0 0 0 0 0 0 0 0 0 0 0 0 0 0 0 0 0 0 0 0 0 0 0 0 0 0 0 0 0 0 0 0 0 0 0 0 0 0 0 0 0 0 0 0 0 0 0 0 0 0 0 0 0 0 0 0 0 0 0 0 0 0 0 0 0 0 0 0 0 0 0 0 0 0 0 0 0 0 0 0 0 0 0 0 0 0 0 0 0 0 0 0 0 0 0 0 0 0 0 0 0 0 0 0 0 0 0 0 0
0.642193 7.58519e-08 3.3865e-08 4.19869e-08 0.553538 0.828676 0 0 0 0 0 0 0 0 0 0 0 0 0 0 0 0 0 0 0 0 0 0 0 0 0 0 0 0 0 0 0 0 0 0 0 0 0 0 0 0 0 0 0 0 0 0 0 0 0 0 0 0 0 0 0 0 0 0 0 0 0 0 0 0 0 0 0 0 0 0 0 0 0 0 0 0 0 0 0 0 0 0 0 0 0 0 0 0 0 0 0 0 0 0 0 0 0 0 0 0 0 0 0 0 0 0 0 0 0 0 0 0 0 0 0 0 0 0 0 0 0 0 0 0 0 0 0 0 0 0 0 0 0 0 0 0
0.675157 7.62268e-08 3.41647e-08 4.20621e-08 0.551801 0.826199 0 0 0 0 0 0 0 0 0 0 0 0 0 0 0 0 0 0 0 0 0 0 0 0 0 0 0 0 0 0 0 0 0 0 0 0 0 0 0 0 0 0 0 0 0 0 0 0 0 0 0 0 0 0 0 0 0 0 0 0 0 0 0 0 0 0 0 0 0 0 0 0 0 0 0 0 0 0 0 0 0 0 0 0 0 0 0 0 0 0 0 0 0 0 0 0 0 0 0 0 0 0 0 0 0 0 0 0 0 0 0 0 0 0 0 0 0 0 0 0 0 0 0 0 0 0 0 0 0 0 0 0 0 0 0 0
0.709813 7.66101e-08 3.44726e-08 4.21375e-08 0.550025 0.823573 0 0 0 0 0 0 0 0 0 0 0 0 0 0 0 0 0 0 0 0 0 0 0 0 0 0 0 0 0 0 0 0 0 0 0 0 0 0 0 0 0 0 0 0 0 0 0 0 0 0 0 0 0 0 0 0 0 0 0 0 0 0 0 0 0 0 0 0 0 0 0 0 0 0 0 0 0 0 0 0 0 0 0 0 0 0 0 0 0 0 0 0 0 0 0 0 0 0 0 0 0 0 0 0 0 0 0 0 0 0 0 0 0 0 0 0 0 0 0 0 0 0 0 0 0 0 0 0 0 0 0 0 0 0 0 0
0.746248 7.70057e-08 3.47981e-08 4.22076e-08 0.54811 0.820969 0 0 0 0 0 0 0 0 0 0 0 0 0 0 0 0 0 0 0 0 0 0 0 0 0 0 0 0 0 0 0 0 0 0 0 0 0 0 0 0 0 0 0 0 0 0 0 0 0 0 0 0 0 0 0 0 0 0 0 0 0 0 0 0 0 0 0 0 0 0 0 0 0 0 0 0 0 0 0 0 0 0 0 0 0 0 0 0 0 0 0 0 0 0 0 0 0 0 0 0 0 0 0 0 0 0 0 0 0 0 0 0 0 0 0 0 0 0 0 0 0 0 0 0 0 0 0 0 0 0 0 0 0 0 0 0
0.784553 7.74149e-08 3.51355e-08 4.22795e-08 0.546141 0.818208 0 0 0 0 0 0 0 0 0 0 0 0 0 0 0 0 0 0 0 0 0 0 0 0 0 0 0 0 0 0 0 0 0 0 0 0 0 0 0 0 0 0 0 0 0 0 0 0 0 0 0 0 0 0 0 0 0 0 0 0 0 0 0 0 0 0 0 0 0 0 0 0 0 0 0 0 0 0 0 0 0 0 0 0 0 0 0 0 0 0 0 0 0 0 0 0 0 0 0 0 0 0 0 0 0 0 0 0 0 0 0 0 0 0 0 0 0 0 0 0 0 0 0 0 0 0 0 0 0 0 0 0 0 0 0 0
0.824824 7.78405e-08 3.54675e-08 4.2373e-08 0.544357 0.815037 0 0 0 0 0 0 0 0 0 0 0 0 0 0 0 0 0 0 0 0 0 0 0 0 0 0 0 0 0 0 0 0 0 0 0 0 0 0 0 0 0 0 0 0 0 0 0 0 0 0 0 0 0 0 0 0 0 0 0 0 0 0 0 0 0 0 0 0 0 0 0 0 0 0 0 0 0 0 0 0 0 0 0 0 0 0 0 0 0 0 0 0 0 0 0 0 0 0 0 0 0 0 0 0 0 0 0 0 0 0 0 0 0 0 0 0 0 0 0 0 0 0 0 0 0 0 0 0 0 0 0 0 0 0 0 0
0.867162 7.82823e-08 3.57946e-08 4.24877e-08 0.54275 0.811342 0 0 0 0 0 0 0 0 0 0 0 0 0 0 0 0 0 0 0 0 0 0 0 0 0 0 0 0 0 0 0 0 0 0 0 0 0 0 0 0 0 0 0 0 0 0 0 0 0 0 0 0 0 0 0 0 0 0 0 0 0 0 0 0 0 0 0 0 0 0 0 0 0 0 0 0 0 0 0 0 0 0 0 0 0 0 0 0 0 0 0 0 0 0 0 0 0 0 0 0 0 0 0 0 0 0 0 0 0 0 0 0 0 0 0 0 0 0 0 0 0 0 0 0 0 0 0 0 0 0 0 0 0 0 0 0
0.911674 7.87237e-08 3.61143e-08 4.26093e-08 0.541252 0.807275 0 0 0 0 0 0 0 0 0 0 0 0 0 0 0 0 0 0 0 0 0 0 0 0 0 0 0 0 0 0 0 0 0 0 0 0 0 0 0 0 0 0 0 0 0 0 0 0 0 0 0 0 0 0 0 0 0 0 0 0 0 0 0 0 0 0 0 0 0 0 0 0 0 0 0 0 0 0 0 0 0 0 0 0 0 0 0 0 0 0 0 0 0 0 0 0 0 0 0 0 0 0 0 0 0 0 0 0 0 0 0 0 0 0 0 0 0 0 0 0 0 0 0 0 0 0 0 0 0 0 0 0 0 0 0 0
0.95847 7.91781e-08 3.64657e-08 4.27124e-08 0.539447 0.803376 0 0 0 0 0 0 0 0 0 0 0 0 0 0 0 0 0 0 0 0 0 0 0 0 0 0 0 0 0 0 0 0 0 0 0 0 0 0 0 0 0 0 0 0 0 0 0 0 0 0 0 0 0 0 0 0 0 0 0 0 0 0 0 0 0 0 0 0 0 0 0 0 0 0 0 0 0 0 0 0 0 0 0 0 0 0 0 0 0 0 0 0 0 0 0 0 0 0 0 0 0 0 0 0 0 0 0 0 0 0 0 0 0 0 0 0 0 0 0 0 0 0 0 0 0 0 0 0 0 0 0 0 0 0 0 0
1.00767 7.96426e-08 3.68533e-08 4.27893e-08 0.537267 0.799585 0 0 0 0 0 0 0 0 0 0 0 0 0 0 0 0 0 0 0 0 0 0 0 0 0 0 0 0 0 0 0 0 0 0 0 0 0 0 0 0 0 0 0 0 0 0 0 0 0 0 0 0 0 0 0 0 0 0 0 0 0 0 0 0 0 0 0 0 0 0 0 0 0 0 0 0 0 0 0 0 0 0 0 0 0 0 0 0 0 0 0 0 0 0 0 0 0 0 0 0 0 0 0 0 0 0 0 0 0 0 0 0 0 0 0 0 0 0 0 0 0 0 0 0 0 0 0 0 0 0 0 0 0 0 0 0
1.05939 8.01138e-08 3.72443e-08 4.28694e-08 0.535107 0.795561 0 0 0 0 0 0 0 0 0 0 0 0 0 0 0 0 0 0 0 0 0 0 0 0 0 0 0 0 0 0 0 0 0 0 0 0 0 0 0 0 0 0 0 0 0 0 0 0 0 0 0 0 0 0 0 0 0 0 0 0 0 0 0 0 0 0 0 0 0 0 0 0 0 0 0 0 0 0 0 0 0 0 0 0 0 0 0 0 0 0 0 0 0 0 0 0 0 0 0 0 0 0 0 0 0 0 0 0 0 0 0 0 0 0 0 0 0 0 0 0 0 0 0 0 0 0 0 0 0 0 0 0 0 0 0 0
1.11377 8.06185e-08 3.76616e-08 4.29569e-08 0.532842 0.791386 0 0 0 0 0 0 0 0 0 0 0 0 0 0 0 0 0 0 0 0 0 0 0 0 0 0 0 0 0 0 0 0 0 0 0 0 0 0 0 0 0 0 0 0 0 0 0 0 0 0 0 0 0 0 0 0 0 0 0 0 0 0 0 0 0 0 0 0 0 0 0 0 0 0 0 0 0 0 0 0 0 0 0 0 0 0 0 0 0 0 0 0 0 0 0 0 0 0 0 0 0 0 0 0 0 0 0 0 0 0 0 0 0 0 0 0 0 0 0 0 0 0 0 0 0 0 0 0 0 0 0 0 0 0 0 0
1.17094 8.11281e-08 3.80754e-08 4.30527e-08 0.530675 0.786541 0 0 0 0 0 0 0 0 0 0 0 0 0 0 0 0 0 0 0 0 0 0 0 0 0 0 0 0 0 0 0 0 0 0 0 0 0 0 0 0 0 0 0 0 0 0 0 0 0 0 0 0 0 0 0 0 0 0 0 0 0 0 0 0 0 0 0 0 0 0 0 0 0 0 0 0 0 0 0 0 0 0 0 0 0 0 0 0 0 0 0 0 0 0 0 0 0 0 0 0 0 0 0 0 0 0 0 0 0 0 0 0 0 0 0 0 0 0 0 0 0 0 0 0 0 0 0 0 0 0 0 0 0 0 0 0
1.23105 8.16272e-08 3.84785e-08 4.31487e-08 0.528607 0.781272 0 0 0 0 0 0 0 0 0 0 0 0 0 0 0 0 0 0 0 0 0 0 0 0 0 0 0 0 0 0 0 0 0 0 0 0 0 0 0 0 0 0 0 0 0 0 0 0 0 0 0 0 0 0 0 0 0 0 0 0 0 0 0 0 0 0 0 0 0 0 0 0 0 0 0 0 0 0 0 0 0 0 0 0 0 0 0 0 0 0 0 0 0 0 0 0 0 0 0 0 0 0 0 0 0 0 0 0 0 0 0 0 0 0 0 0 0 0 0 0 0 0 0 0 0 0 0 0 0 0 0 0 0 0 0 0
1.29424 8.21704e-08 3.89205e-08 4.32499e-08 0.526344 0.776117 0 0 0 0 0 0 0 0 0 0 0 0 0 0 0 0 0 0 0 0 0 0 0 0 0 0 0 0 0 0 0 0 0 0 0 0 0 0 0 0 0 0 0 0 0 0 0 0 0 0 0 0 0 0 0 0 0 0 0 0 0 0 0 0 0 0 0 0 0 0 0 0 0 0 0 0 0 0 0 0 0 0 0 0 0 0 0 0 0 0 0 0 0 0 0 0 0 0 0 0 0 0 0 0 0 0 0 0 0 0 0 0 0 0 0 0 0 0 0 0 0 0 0 0 0 0 0 0 0 0 0 0 0 0 0 0
1.36067 8.27508e-08 3.93842e-08 4.33666e-08 0.524063 0.77052 0 0 0 0 0 0 0 0 0 0 0 0 0 0 0 0 0 0 0 0 0 0 0 0 0 0 0 0 0 0 0 0 0 0 0 0 0 0 0 0 0 0 0 0 0 0 0 0 0 0 0 0 0 0 0 0 0 0 0 0 0 0 0 0 0 0 0 0 0 0 0 0 0 0 0 0 0 0 0 0 0 0 0 0 0 0 0 0 0 0 0 0 0 0 0 0 0 0 0 0 0 0 0 0 0 0 0 0 0 0 0 0 0 0 0 0 0 0 0 0 0 0 0 0 0 0 0 0 0 0 0 0 0 0 0 0
1.43051 8.33035e-08 3.98132e-08 4.34903e-08 0.52207 0.763968 0 0 0 0 0 0 0 0 0 0 0 0 0 0 0 0 0 0 0 0 0 0 0 0 0 0 0 0 0 0 0 0 0 0 0 0 0 0 0 0 0 0 0 0 0 0 0 0 0 0 0 0 0 0 0 0 0 0 0 0 0 0 0 0 0 0 0 0 0 0 0 0 0 0 0 0 0 0 0 0 0 0 0 0 0 0 0 0 0 0 0 0 0 0 0 0 0 0 0 0 0 0 0 0 0 0 0 0 0 0 0 0 0 0 0 0 0 0 0 0 0 0 0 0 0 0 0 0 0 0 0 0 0 0 0 0
1.50394 8.38797e-08 4.0264e-08 4.36158e-08 0.51998 0.757525 0 0 0 0 0 0 0 0 0 0 0 0 0 0 0 0 0 0 0 0 0 0 0 0 0 0 0 0 0 0 0 0 0 0 0 0 0 0 0 0 0 0 0 0 0 0 0 0 0 0 0 0 0 0 0 0 0 0 0 0 0 0 0 0 0 0 0 0 0 0 0 0 0 0 0 0 0 0 0 0 0 0 0 0 0 0 0 0 0 0 0 0 0 0 0 0 0 0 0 0 0 0 0 0 0 0 0 0 0 0 0 0 0 0 0 0 0 0 0 0 0 0 0 0 0 0 0 0 0 0 0 0 0 0 0 0
1.58114 8.45357e-08 4.07498e-08 4.37859e-08 0.517957 0.751108 0 0 0 0 0 0 0 0 0 0 0 0 0 0 0 0 0 0 0 0 0 0 0 0 0 0 0 0 0 0 0 0 0 0 0 0 0 0 0 0 0 0 0 0 0 0 0 0 0 0 0 0 0 0 0 0 0 0 0 0 0 0 0 0 0 0 0 0 0 0 0 0 0 0 0 0 0 0 0 0 0 0 0 0 0 0 0 0 0 0 0 0 0 0 0 0 0 0 0 0 0 0 0 0 0 0 0 0 0 0 0 0 0 0 0 0 0 0 0 0 0 0 0 0 0 0 0 0 0 0 0 0 0 0 0 0
1.6623 8.52152e-08 4.1268e-08 4.39471e-08 0.51572 0.744414 0 0 0 0 0 0 0 0 0 0 0 0 0 0 0 0 0 0 0 0 0 0 0 0 0 0 0 0 0 0 0 0 0 0 0 0 0 0 0 0 0 0 0 0 0 0 0 0 0 0 0 0 0 0 0 0 0 0 0 0 0 0 0 0 0 0 0 0 0 0 0 0 0 0 0 0 0 0 0 0 0 0 0 0 0 0 0 0 0 0 0 0 0 0 0 0 0 0 0 0 0 0 0 0 0 0 0 0 0 0 0 0 0 0 0 0 0 0 0 0 0 0 0 0 0 0 0 0 0 0 0 0 0 0 0 0
1.74763 8.58605e-08 4.179e-08 4.40705e-08 0.51328 0.737006 0 0 0 0 0 0 0 0 0 0 0 0 0 0 0 0 0 0 0 0 0 0 0 0 0 0 0 0 0 0 0 0 0 0 0 0 0 0 0 0 0 0 0 0 0 0 0 0 0 0 0 0 0 0 0 0 0 0 0 0 0 0 0 0 0 0 0 0 0 0 0 0 0 0 0 0 0 0 0 0 0 0 0 0 0 0 0 0 0 0 0 0 0 0 0 0 0 0 0 0 0 0 0 0 0 0 0 0 0 0 0 0 0 0 0 0 0 0 0 0 0 0 0 0 0 0 0 0 0 0 0 0 0 0 0 0
1.83733 8.64622e-08 4.22724e-08 4.41899e-08 0.511089 0.728366 0 0 0 0 0 0 0 0 0 0 0 0 0 0 0 0 0 0 0 0 0 0 0 0 0 0 0 0 0 0 0 0 0 0 0 0 0 0 0 0 0 0 0 0 0 0 0 0 0 0 0 0 0 0 0 0 0 0 0 0 0 0 0 0 0 0 0 0 0 0 0 0 0 0 0 0 0 0 0 0 0 0 0 0 0 0 0 0 0 0 0 0 0 0 0 0 0 0 0 0 0 0 0 0 0 0 0 0 0 0 0 0 0 0 0 0 0 0 0 0 0 0 0 0 0 0 0 0 0 0 0 0 0 0 0 0
1.93164 8.70551e-08 4.27669e-08 4.42882e-08 0.508737 0.719214 0 0 0 0 0 0 0 0 0 0 0 0 0 0 0 0 0 0 0 0 0 0 0 0 0 0 0 0 0 0 0 0 0 0 0 0 0 0 0 0 0 0 0 0 0 0 0 0 0 0 0 0 0 0 0 0 0 0 0 0 0 0 0 0 0 0 0 0 0 0 0 0 0 0 0 0 0 0 0 0 0 0 0 0 0 0 0 0 0 0 0 0 0 0 0 0 0 0 0 0 0 0 0 0 0 0 0 0 0 0 0 0 0 0 0 0 0 0 0 0 0 0 0 0 0 0 0 0 0 0 0 0 0 0 0 0
2.03079 8.76445e-08 4.32774e-08 4.43671e-08 0.506216 0.709633 0 0 0 0 0 0 0 0 0 0 0 0 0 0 0 0 0 0 0 0 0 0 0 0 0 0 0 0 0 0 0 0 0 0 0 0 0 0 0 0 0 0 0 0 0 0 0 0 0 0 0 0 0 0 0 0 0 0 0 0 0 0 0 0 0 0 0 0 0 0 0 0 0 0 0 0 0 0 0 0 0 0 0 0 0 0 0 0 0 0 0 0 0 0 0 0 0 0 0 0 0 0 0 0 0 0 0 0 0 0 0 0 0 0 0 0 0 0 0 0 0 0 0 0 0 0 0 0 0 0 0 0 0 0 0 0
2.13503 8.8212e-08 4.39205e-08 4.42916e-08 0.502103 0.70046 0 0 0 0 0 0 0 0 0 0 0 0 0 0 0 0 0 0 0 0 0 0 0 0 0 0 0 0 0 0 0 0 0 0 0 0 0 0 0 0 0 0 0 0 0 0 0 0 0 0 0 0 0 0 0 0 0 0 0 0 0 0 0 0 0 0 0 0 0 0 0 0 0 0 0 0 0 0 0 0 0 0 0 0 0 0 0 0 0 0 0 0 0 0 0 0 0 0 0 0 0 0 0 0 0 0 0 0 0 0 0 0 0 0 0 0 0 0 0 0 0 0 0 0 0 0 0 0 0 0 0 0 0 0 0 0
2.24463 8.87647e-08 4.45586e-08 4.4206e-08 0.498014 0.689694 0 0 0 0 0 0 0 0 0 0 0 0 0 0 0 0 0 0 0 0 0 0 0 0 0 0 0 0 0 0 0 0 0 0 0 0 0 0 0 0 0 0 0 0 0 0 0 0 0 0 0 0 0 0 0 0 0 0 0 0 0 0 0 0 0 0 0 0 0 0 0 0 0 0 0 0 0 0 0 0 0 0 0 0 0 0 0 0 0 0 0 0 0 0 0 0 0 0 0 0 0 0 0 0 0 0 0 0 0 0 0 0 0 0 0 0 0 0 0 0 0 0 0 0 0 0 0 0 0 0 0 0 0 0 0 0
2.35984 8.92865e-08 4.53658e-08 4.39207e-08 0.491907 0.678373 0 0 0 0 0 0 0 0 0 0 0 0 0 0 0 0 0 0 0 0 0 0 0 0 0 0 0 0 0 0 0 0 0 0 0 0 0 0 0 0 0 0 0 0 0 0 0 0 0 0 0 0 0 0 0 0 0 0 0 0 0 0 0 0 0 0 0 0 0 0 0 0 0 0 0 0 0 0 0 0 0 0 0 0 0 0 0 0 0 0 0 0 0 0 0 0 0 0 0 0 0 0 0 0 0 0 0 0 0 0 0 0 0 0 0 0 0 0 0 0 0 0 0 0 0 0 0 0 0 0 0 0 0 0 0 0
2.48097 8.96933e-08 4.60126e-08 4.36807e-08 0.487001 0.663974 0 0 0 0 0 0 0 0 0 0 0 0 0 0 0 0 0 0 0 0 0 0 0 0 0 0 0 0 0 0 0 0 0 0 0 0 0 0 0 0 0 0 0 0 0 0 0 0 0 0 0 0 0 0 0 0 0 0 0 0 0 0 0 0 0 0 0 0 0 0 0 0 0 0 0 0 0 0 0 0 0 0 0 0 0 0 0 0 0 0 0 0 0 0 0 0 0 0 0 0 0 0 0 0 0 0 0 0 0 0 0 0 0 0 0 0 0 0 0 0 0 0 0 0 0 0 0 0 0 0 0 0 0 0 0 0
2.60832 8.99392e-08 4.65728e-08 4.33664e-08 0.482175 0.647109 0 0 0 0 0 0 0 0 0 0 0 0 0 0 0 0 0 0 0 0 0 0 0 0 0 0 0 0 0 0 0 0 0 0 0 0 0 0 0 0 0 0 0 0 0 0 0 0 0 0 0 0 0 0 0 0 0 0 0 0 0 0 0 0 0 0 0 0 0 0 0 0 0 0 0 0 0 0 0 0 0 0 0 0 0 0 0 0 0 0 0 0 0 0 0 0 0 0 0 0 0 0 0 0 0 0 0 0 0 0 0 0 0 0 0 0 0 0 0 0 0 0 0 0 0 0 0 0 0 0 0 0 0 0 0 0
2.74221 9.01122e-08 4.70573e-08 4.30549e-08 0.477792 0.627878 0 0 0 0 0 0 0 0 0 0 0 0 0 0 0 0 0 0 0 0 0 0 0 0 0 0 0 0 0 0 0 0 0 0 0 0 0 0 0 0 0 0 0 0 0 0 0 0 0 0 0 0 0 0 0 0 0 0 0 0 0 0 0 0 0 0 0 0 0 0 0 0 0 0 0 0 0 0 0 0 0 0 0 0 0 0 0 0 0 0 0 0 0 0 0 0 0 0 0 0 0 0 0 0 0 0 0 0 0 0 0 0 0 0 0 0 0 0 0 0 0 0 0 0 0 0 0 0 0 0 0 0 0 0 0 0
2.88297 9.06673e-08 4.76292e-08 4.30381e-08 0.474682 0.607507 0 0 0 0 0 0 0 0 0 0 0 0 0 0 0 0 0 0 0 0 0 0 0 0 0 0 0 0 0 0 0 0 0 0 0 0 0 0 0 0 0 0 0 0 0 0 0 0 0 0 0 0 0 0 0 0 0 0 0 0 0 0 0 0 0 0 0 0 0 0 0 0 0 0 0 0 0 0 0 0 0 0 0 0 0 0 0 0 0 0 0 0 0 0 0 0 0 0 0 0 0 0 0 0 0 0 0 0 0 0 0 0 0 0 0 0 0 0 0 0 0 0 0 0 0 0 0 0 0 0 0 0 0 0 0 0
3.03095 9.18149e-08 4.85292e-08 4.32857e-08 0.471446 0.588714 0 0 0 0 0 0 0 0 0 0 0 0 0 0 0 0 0 0 0 0 0 0 0 0 0 0 0 0 0 0 0 0 0 0 0 0 0 0 0 0 0 0 0 0 0 0 0 0 0 0 0 0 0 0 0 0 0 0 0 0 0 0 0 0 0 0 0 0 0 0 0 0 0 0 0 0 0 0 0 0 0 0 0 0 0 0 0 0 0 0 0 0 0 0 0 0 0 0 0 0 0 0 0 0 0 0 0 0 0 0 0 0 0 0 0 0 0 0 0 0 0 0 0 0 0 0 0 0 0 0 0 0 0 0 0 0
3.18653 9.36838e-08 4.9728e-08 4.39558e-08 0.469193 0.573164 0 0 0 0 0 0 0 0 0 0 0 0 0 0 0 0 0 0 0 0 0 0 0 0 0 0 0 0 0 0 0 0 0 0 0 0 0 0 0 0 0 0 0 0 0 0 0 0 0 0 0 0 0 0 0 0 0 0 0 0 0 0 0 0 0 0 0 0 0 0 0 0 0 0 0 0 0 0 0 0 0 0 0 0 0 0 0 0 0 0 0 0 0 0 0 0 0 0 0 0 0 0 0 0 0 0 0 0 0 0 0 0 0 0 0 0 0 0 0 0 0 0 0 0 0 0 0 0 0 0 0 0 0 0 0 0
3.35009 9.57732e-08 5.09806e-08 4.47925e-08 0.467694 0.56065 0 0 0 0 0 0 0 0 0 0 0 0 0 0 0 0 0 0 0 0 0 0 0 0 0 0 0 0 0 0 0 0 0 0 0 0 0 0 0 0 0 0 0 0 0 0 0 0 0 0 0 0 0 0 0 0 0 0 0 0 0 0 0 0 0 0 0 0 0 0 0 0 0 0 0 0 0 0 0 0 0 0 0 0 0 0 0 0 0 0 0 0 0 0 0 0 0 0 0 0 0 0 0 0 0 0 0 0 0 0 0 0 0 0 0 0 0 0 0 0 0 0 0 0 0 0 0 0 0 0 0 0 0 0 0 0
3.52205 9.70309e-08 5.18173e-08 4.52136e-08 0.465971 0.545559 0 0 0 0 0 0 0 0 0 0 0 0 0 0 0 0 0 0 0 0 0 0 0 0 0 0 0 0 0 0 0 0 0 0 0 0 0 0 0 0 0 0 0 0 0 0 0 0 0 0 0 0 0 0 0 0 0 0 0 0 0 0 0 0 0 0 0 0 0 0 0 0 0 0 0 0 0 0 0 0 0 0 0 0 0 0 0 0 0 0 0 0 0 0 0 0 0 0 0 0 0 0 0 0 0 0 0 0 0 0 0 0 0 0 0 0 0 0 0 0 0 0 0 0 0 0 0 0 0 0 0 0 0 0 0 0
3.70284 9.77323e-08 5.23499e-08 4.53824e-08 0.464354 0.527136 0 0 0 0 0 0 0 0 0 0 0 0 0 0 0 0 0 0 0 0 0 0 0 0 0 0 0 0 0 0 0 0 0 0 0 0 0 0 0 0 0 0 0 0 0 0 0 0 0 0 0 0 0 0 0 0 0 0 0 0 0 0 0 0 0 0 0 0 0 0 0 0 0 0 0 0 0 0 0 0 0 0 0 0 0 0 0 0 0 0 0 0 0 0 0 0 0 0 0 0 0 0 0 0 0 0 0 0 0 0 0 0 0 0 0 0 0 0 0 0 0 0 0 0 0 0 0 0 0 0 0 0 0 0 0 0
3.89291 9.77872e-08 5.2345e-08 4.54422e-08 0.464705 0.498966 0 0 0 0 0 0 0 0 0 0 0 0 0 0 0 0 0 0 0 0 0 0 0 0 0 0 0 0 0 0 0 0 0 0 0 0 0 0 0 0 0 0 0 0 0 0 0 0 0 0 0 0 0 0 0 0 0 0 0 0 0 0 0 0 0 0 0 0 0 0 0 0 0 0 0 0 0 0 0 0 0 0 0 0 0 0 0 0 0 0 0 0 0 0 0 0 0 0 0 0 0 0 0 0 0 0 0 0 0 0 0 0 0 0 0 0 0 0 0 0 0 0 0 0 0 0 0 0 0 0 0 0 0 0 0 0
4.09273 9.80205e-08 5.2138e-08 4.58825e-08 0.468091 0.460171 0 0 0 0 0 0 0 0 0 0 0 0 0 0 0 0 0 0 0 0 0 0 0 0 0 0 0 0 0 0 0 0 0 0 0 0 0 0 0 0 0 0 0 0 0 0 0 0 0 0 0 0 0 0 0 0 0 0 0 0 0 0 0 0 0 0 0 0 0 0 0 0 0 0 0 0 0 0 0 0 0 0 0 0 0 0 0 0 0 0 0 0 0 0 0 0 0 0 0 0 0 0 0 0 0 0 0 0 0 0 0 0 0 0 0 0 0 0 0 0 0 0 0 0 0 0 0 0 0 0 0 0 0 0 0 0
4.30281 9.93516e-08 5.20127e-08 4.73389e-08 0.476479 0.414997 0 0 0 0 0 0 0 0 0 0 0 0 0 0 0 0 0 0 0 0 0 0 0 0 0 0 0 0 0 0 0 0 0 0 0 0 0 0 0 0 0 0 0 0 0 0 0 0 0 0 0 0 0 0 0 0 0 0 0 0 0 0 0 0 0 0 0 0 0 0 0 0 0 0 0 0 0 0 0 0 0 0 0 0 0 0 0 0 0 0 0 0 0 0 0 0 0 0 0 0 0 0 0 0 0 0 0 0 0 0 0 0 0 0 0 0 0 0 0 0 0 0 0 0 0 0 0 0 0 0 0 0 0 0 0 0
4.52368 1.01816e-07 5.20394e-08 4.97771e-08 0.48889 0.368415 0 0 0 0 0 0 0 0 0 0 0 0 0 0 0 0 0 0 0 0 0 0 0 0 0 0 0 0 0 0 0 0 0 0 0 0 0 0 0 0 0 0 0 0 0 0 0 0 0 0 0 0 0 0 0 0 0 0 0 0 0 0 0 0 0 0 0 0 0 0 0 0 0 0 0 0 0 0 0 0 0 0 0 0 0 0 0 0 0 0 0 0 0 0 0 0 0 0 0 0 0 0 0 0 0 0 0 0 0 0 0 0 0 0 0 0 0 0 0 0 0 0 0 0 0 0 0 0 0 0 0 0 0 0 0 0
4.75588 1.05365e-07 5.22498e-08 5.3115e-08 0.504106 0.325625 0 0 0 0 0 0 0 0 0 0 0 0 0 0 0 0 0 0 0 0 0 0 0 0 0 0 0 0 0 0 0 0 0 0 0 0 0 0 0 0 0 0 0 0 0 0 0 0 0 0 0 0 0 0 0 0 0 0 0 0 0 0 0 0 0 0 0 0 0 0 0 0 0 0 0 0 0 0 0 0 0 0 0 0 0 0 0 0 0 0 0 0 0 0 0 0 0 0 0 0 0 0 0 0 0 0 0 0 0 0 0 0 0 0 0 0 1.4013e-45 0 1.4013e-45 0 1.4013e-45 0 2.8026e-45 0 4.2039e-45 0 5.60519e-45 0 8.40779e-45 0 1.26117e-44 0 1.68156e-44 0 2.52234e-44 0
5 1.09743e-07 5.28254e-08 5.6918e-08 0.518646 0.289075 0 0 0 0 0 0 0 0 0 0 0 0 0 0 0 0 0 0 0 0 0 0 0 0 0 0 0 0 0 0 0 0 0 0 0 0 0 0 0 0 0 0 0 0 0 0 0 0 0 0 0 0 0 0 0 0 0 0 0 0 0 0 0 0 0 0 0 0 0 0 0 0 0 0 0 0 0 0 0 0 0 0 0 0 0 0 0 0 0 0 0 0 0 0 1.4013e-45 0 1.4013e-45 0 2.8026e-45 0 5.60519e-45 0 8.40779e-45 0 1.4013e-44 0 2.24208e-44 0 3.36312e-44 0 5.1848e-44 0 7.9874e-44 0 1.16308e-43 0 1.76564e-43 0 2.56438e-43 0 3.79752e-43 0 5.60519e-43 0 8.07148e-43 0 1.13365e-42 0 1.58767e-42 0 2.2701e-42 0 3.09547e-42 0 4.40568e-42 0
5.25665 1.14279e-07 5.37892e-08 6.04899e-08 0.529317 0.261924 0 0 0 0 0 0 0 0 0 0 0 0 0 0 0 0 0 0 0 0 0 0 0 0 0 0 0 0 0 0 0 0 0 0 0 0 0 0 0 0 0 0 0 0 0 0 0 0 0 0 0 0 0 0 0 0 0 0 0 0 0 0 0 0 0 0 0 0 0 0 0 0 0 0 0 0 1.4013e-45 0 2.8026e-45 0 4.2039e-45 0 8.40779e-45 0 1.54143e-44 0 2.94273e-44 0 5.04467e-44 0 8.68805e-44 0 1.42932e-43 0 2.43826e-43 0 3.95166e-43 0 6.38992e-43 0 1.02715e-42 0 1.56945e-42 0 2.50272e-42 0 3.79612e-42 0 5.74112e-42 0 8.65302e-42 0 1.29998e-41 0 1.86177e-41 0 2.7806e-41 0 3.96147e-41 0 5.75485e-41 0 8.33731e-41 0 1.17894e-40 0 1.6279e-40 0 2.24324e-40 0 3.15093e-40 0 4.23394e-40 0 5.92189e-40 0
5.52648 1.17761e-07 5.52068e-08 6.2554e-08 0.531196 0.243664 0 0 0 0 0 0 0 0 0 0 0 0 0 0 0 0 0 0 0 0 0 0 0 0 0 0 0 0 0 0 0 0 0 0 0 0 0 0 0 0 0 0 0 0 0 0 0 0 0 0 0 0 0 0 0 0 0 0 0 0 0 0 1.4013e-45 0 2.8026e-45 0 7.00649e-45 0 1.68156e-44 0 3.36312e-44 0 6.72623e-44 0 1.31722e-43 0 2.56438e-43 0 4.93257e-43 0 8.98232e-43 0 1.6241e-42 0 2.77877e-42 0 4.962e-42 0 8.39518e-42 0 1.41279e-41 0 2.25763e-41 0 3.76221e-41 0 5.95916e-41 0 9.40033e-41 0 1.47686e-40 0 2.2102e-40 0 3.44624e-40 0 5.12297e-40 0 7.59176e-40 0 1.12156e-39 0 1.65189e-39 0 2.32463e-39 0 3.40449e-39 0 4.76722e-39 0 6.80016e-39 0 9.67511e-39 0 1.34516e-38 0 1.82839e-38 0 2.48038e-38 0 3.4267e-38 0 4.53855e-38 0 6.24479e-38 0
5.81015 1.18213e-07 5.67531e-08 6.14596e-08 0.519907 0.231893 0 0 0 0 0 0 0 0 0 0 0 0 0 0 0 0 0 0 0 0 0 0 0 0 0 0 0 0 0 0 0 0 0 0 0 0 0 0 0 0 0 0 0 0 0 0 0 0 0 0 1.4013e-45 0 2.8026e-45 0 7.00649e-45 0 1.82169e-44 0 4.90454e-44 0 1.14906e-43 0 2.71852e-43 0 6.16571e-43 0 1.30881e-42 0 2.82222e-42 0 5.7243e-42 0 1.09413e-41 0 2.07504e-41 0 3.9043e-41 0 7.28955e-41 0 1.28852e-40 0 2.26318e-40 0 3.77207e-40 0 6.54715e-40 0 1.07959e-39 0 1.77131e-39 0 2.76644e-39 0 4.4967e-39 0 6.96437e-39 0 1.07442e-38 0 1.65116e-38 0 2.42288e-38 0 3.69683e-38 0 5.39012e-38 0 7.83572e-38 0 1.13576e-37 0 1.64147e-37 0 2.27176e-37 0 3.26565e-37 0 4.49825e-37 0 6.30619e-37 0 8.81916e-37 0 1.20659e-36 0 1.61564e-36 0 2.15937e-36 0 2.93651e-36 0 3.83631e-36 0 5.19694e-36 0
6.10839 1.16753e-07 5.78867e-08 5.88667e-08 0.504197 0.226164 0 0 0 0 0 0 0 0 0 0 0 0 0 0 0 0 0 0 0 0 0 0 0 0 0 0 0 0 0 0 0 0 0 0 0 0 0 0 0 0 0 0 1.4013e-45 0 4.2039e-45 0 1.4013e-44 0 4.76441e-44 0 1.49939e-43 0 4.45613e-43 0 1.22333e-42 0 3.21037e-42 0 7.85428e-42 0 1.79801e-41 0 4.06222e-41 0 8.83813e-41 0 1.8095e-40 0 3.75734e-40 0 7.36063e-40 0 1.36329e-39 0 2.50583e-39 0 4.57159e-39 0 8.27934e-39 0 1.42332e-38 0 2.43214e-38 0 3.95382e-38 0 6.68031e-38 0 1.07498e-37 0 1.72161e-37 0 2.63092e-37 0 4.17619e-37 0 6.33129e-37 0 9.56292e-37 0 1.43912e-36 0 2.07256e-36 0 3.09774e-36 0 4.43423e-36 0 6.32945e-36 0 9.00951e-36 0 1.27891e-35 0 1.74212e-35 0 2.46032e-35 0 3.33638e-35 0 4.60081e-35 0 6.3297e-35 0 8.5284e-35 0 1.1258e-34 0 1.48352e-34 0 1.98738e-34 0 2.56269e-34 0 3.42053e-34 0
6.42193 1.12218e-07 5.79896e-08 5.4228e-08 0.48324 0.218986 0 0 0 0 0 0 0 0 0 0 0 0 0 0 0 0 0 0 0 0 0 0 0 0 0 0 0 0 0 0 0 0 0 0 0 0 1.4013e-45 0 7.00649e-45 0 3.92364e-44 0 1.70958e-43 0 6.69821e-43 0 2.38781e-42 0 7.61886e-42 0 2.24614e-41 0 6.30752e-41 0 1.64817e-40 0 4.1243e-40 0 9.65916e-40 0 2.12351e-39 0 4.61049e-39 0 9.65752e-39 0 1.90927e-38 0 3.82559e-38 0 7.25228e-38 0 1.3034e-37 0 2.3256e-37 0 4.12005e-37 0 7.24832e-37 0 1.21355e-36 0 2.02014e-36 0 3.20705e-36 0 5.28159e-36 0 8.30386e-36 0 1.29966e-35 0 1.9454e-35 0 3.01915e-35 0 4.48512e-35 0 6.63938e-35 0 9.79415e-35 0 1.38562e-34 0 2.03077e-34 0 2.85646e-34 0 4.00709e-34 0 5.60633e-34 0 7.82327e-34 0 1.04972e-33 0 1.4577e-33 0 1.94757e-33 0 2.64386e-33 0 3.58114e-33 0 4.75537e-33 0 6.19286e-33 0 8.05142e-33 0 1.06331e-32 0 1.3542e-32 0 1.78221e-32 0
6.75157 1.06121e-07 5.70546e-08 4.90667e-08 0.462364 0.213828 0 0 0 0 0 0 0 0 0 0 0 0 0 0 0 0 0 0 0 0 0 0 0 0 0 0 0 0 0 0 0 0 4.2039e-45 0 3.50325e-44 0 2.31214e-43 0 1.27798e-42 0 5.98775e-42 0 2.46558e-41 0 9.00741e-41 0 3.02061e-40 0 9.10513e-40 0 2.54613e-39 0 6.79848e-39 0 1.69508e-38 0 4.05592e-38 0 9.1124e-38 0 1.92773e-37 0 4.02994e-37 0 8.14214e-37 0 1.557e-36 0 3.01566e-36 0 5.54112e-36 0 9.67765e-36 0 1.67861e-35 0 2.89195e-35 0 4.94934e-35 0 8.08051e-35 0 1.31207e-34 0 2.03649e-34 0 3.27312e-34 0 5.03365e-34 0 7.70786e-34 0 1.13126e-33 0 1.71837e-33 0 2.50388e-33 0 3.63622e-33 0 5.26315e-33 0 7.32093e-33 0 1.05312e-32 0 1.45684e-32 0 2.01018e-32 0 2.76671e-32 0 3.79846e-32 0 5.0241e-32 0 6.86579e-32 0 9.04424e-32 0 1.20959e-31 0 1.61431e-31 0 2.11415e-31 0 2.71796e-31 0 3.48866e-31 0 4.54515e-31 0 5.72064e-31 0 7.42841e-31 0
7.09813 9.74776e-08 5.46618e-08 4.28158e-08 0.439237 0.213183 0 0 0 0 0 0 0 0 0 0 0 0 0 0 0 0 0 0 0 0 0 0 0 0 0 0 0 0 4.2039e-45 0 6.5861e-44 0 6.83834e-43 0 5.1778e-42 0 3.14241e-41 0 1.60236e-40 0 6.95846e-40 0 2.67426e-39 0 9.1707e-39 0 2.89894e-38 0 8.28008e-38 0 2.20204e-37 0 5.60442e-37 0 1.3364e-36 0 3.06433e-36 0 6.61784e-36 0 1.34971e-35 0 2.72181e-35 0 5.31356e-35 0 9.84439e-35 0 1.84615e-34 0 3.29291e-34 0 5.59666e-34 0 9.44998e-34 0 1.5854e-33 0 2.64302e-33 0 4.21307e-33 0 6.68096e-33 0 1.01494e-32 0 1.5939e-32 0 2.40024e-32 0 3.59973e-32 0 5.18517e-32 0 7.71711e-32 0 1.104e-31 0 1.57432e-31 0 2.23794e-31 0 3.06317e-31 0 4.32884e-31 0 5.8942e-31 0 8.00613e-31 0 1.08487e-30 0 1.46656e-30 0 1.91347e-30 0 2.57533e-30 0 3.34712e-30 0 4.41337e-30 0 5.80764e-30 0 7.50637e-30 0 9.53256e-30 0 1.20874e-29 0 1.55458e-29 0 1.93478e-29 0 2.48053e-29 0
7.46248 8.82459e-08 5.1419e-08 3.68269e-08 0.417321 0.206495 0 0 0 0 0 0 0 0 0 0 0 0 0 0 0 0 0 0 0 0 0 0 0 0 1.4013e-45 0 3.36312e-44 0 7.25873e-43 0 9.2836e-42 0 8.54862e-41 0 5.8654e-40 0 3.26009e-39 0 1.53524e-38 0 6.20572e-38 0 2.23324e-37 0 7.21115e-37 0 2.15495e-36 0 5.84762e-36 0 1.48262e-35 0 3.60518e-35 0 8.2396e-35 0 1.8143e-34 0 3.77367e-34 0 7.43321e-34 0 1.44851e-33 0 2.73693e-33 0 4.9203e-33 0 8.94821e-33 0 1.5516e-32 0 2.5697e-32 0 4.22938e-32 0 6.91852e-32 0 1.12497e-31 0 1.75287e-31 0 2.71777e-31 0 4.04529e-31 0 6.21438e-31 0 9.17301e-31 0 1.34876e-30 0 1.90848e-30 0 2.78579e-30 0 3.91624e-30 0 5.4887e-30 0 7.66948e-30 0 1.03379e-29 0 1.43648e-29 0 1.92667e-29 0 2.57817e-29 0 3.44211e-29 0 4.58518e-29 0 5.90524e-29 0 7.83337e-29 0 1.00515e-28 0 1.30757e-28 0 1.69775e-28 0 2.16702e-28 0 2.72004e-28 0 3.40928e-28 0 4.3312e-28 0 5.3332e-28 0 6.75509e-28 0
7.84553 7.87737e-08 4.75707e-08 3.12029e-08 0.396108 0.198604 0 0 0 0 0 0 0 0 0 0 0 0 0 0 0 0 0 0 0 0 0 0 1.4013e-45 0 1.38729e-43 0 4.78123e-42 0 8.76652e-41 0 9.9019e-40 0 8.18105e-39 0 5.10948e-38 0 2.61179e-37 0 1.14032e-36 0 4.30554e-36 0 1.45552e-35 0 4.43845e-35 0 1.25734e-34 0 3.24957e-34 0 7.87315e-34 0 1.83318e-33 0 4.024e-33 0 8.52559e-33 0 1.711e-32 0 3.26053e-32 0 6.15015e-32 0 1.12651e-31 0 1.96801e-31 0 3.47609e-31 0 5.86764e-31 0 9.48131e-31 0 1.52299e-30 0 2.43219e-30 0 3.86203e-30 0 5.88874e-30 0 8.9369e-30 0 1.30464e-29 0 1.96261e-29 0 2.84244e-29 0 4.10147e-29 0 5.70602e-29 0 8.17662e-29 0 1.13051e-28 0 1.55853e-28 0 2.14248e-28 0 2.84612e-28 0 3.89176e-28 0 5.14551e-28 0 6.78822e-28 0 8.93593e-28 0 1.17379e-27 0 1.49317e-27 0 1.95356e-27 0 2.4764e-27 0 3.18039e-27 0 4.0771e-27 0 5.1424e-27 0 6.3835e-27 0 7.9133e-27 0 9.93636e-27 0 1.21114e-26 0 1.51644e-26 0
8.24824 6.9425e-08 4.32816e-08 2.61434e-08 0.376571 0.193957 0 0 0 0 0 0 0 0 0 0 0 0 0 0 0 0 0 0 0 0 1.4013e-45 0 2.49431e-43 0 1.75961e-41 0 5.09809e-40 0 8.10957e-39 0 8.13737e-38 0 6.06455e-37 0 3.46357e-36 0 1.6349e-35 0 6.64244e-35 0 2.35048e-34 0 7.48719e-34 0 2.16218e-33 0 5.82146e-33 0 1.43639e-32 0 3.33297e-32 0 7.44675e-32 0 1.57307e-31 0 3.21288e-31 0 6.23232e-31 0 1.15084e-30 0 2.10454e-30 0 3.74261e-30 0 6.36262e-30 0 1.09304e-29 0 1.79849e-29 0 2.83882e-29 0 4.45572e-29 0 6.95492e-29 0 1.07971e-28 0 1.61275e-28 0 2.3982e-28 0 3.4369e-28 0 5.0682e-28 0 7.2087e-28 0 1.02171e-27 0 1.39869e-27 0 1.9694e-27 0 2.68018e-27 0 3.63746e-27 0 4.92326e-27 0 6.45011e-27 0 8.68609e-27 0 1.13288e-26 0 1.47448e-26 0 1.91511e-26 0 2.48234e-26 0 3.12087e-26 0 4.02992e-26 0 5.04965e-26 0 6.40641e-26 0 8.11371e-26 0 1.01184e-25 0 1.24286e-25 0 1.52463e-25 0 1.89324e-25 0 2.28547e-25 0 2.83036e-25 0
8.67162 6.06075e-08 3.89365e-08 2.1671e-08 0.357564 0.186999 0 0 0 0 0 0 0 0 0 0 0 0 0 0 0 0 0 0 0 0 1.26117e-43 0 2.98421e-41 0 1.7117e-39 0 4.20755e-38 0 5.84727e-37 0 5.24255e-36 0 3.54215e-35 0 1.858e-34 0 8.13029e-34 0 3.08474e-33 0 1.02624e-32 0 3.0892e-32 0 8.47095e-32 0 2.17306e-31 0 5.13052e-31 0 1.14254e-30 0 2.45449e-30 0 4.99903e-30 0 9.86029e-30 0 1.85181e-29 0 3.3186e-29 0 5.89249e-29 0 1.01885e-28 0 1.68779e-28 0 2.82387e-28 0 4.5348e-28 0 7.00018e-28 0 1.07481e-27 0 1.64158e-27 0 2.49431e-27 0 3.65345e-27 0 5.32856e-27 0 7.50344e-27 0 1.0857e-26 0 1.5179e-26 0 2.11505e-26 0 2.85137e-26 0 3.9483e-26 0 5.29305e-26 0 7.07725e-26 0 9.43847e-26 0 1.22036e-25 0 1.6197e-25 0 2.08527e-25 0 2.67934e-25 0 3.43589e-25 0 4.3975e-25 0 5.46721e-25 0 6.97214e-25 0 8.64069e-25 0 1.08357e-24 0 1.3566e-24 0 1.67364e-24 0 2.03521e-24 0 2.47184e-24 0 3.03719e-24 0 3.63286e-24 0 4.45225e-24 0
9.11674 5.23955e-08 3.45775e-08 1.78181e-08 0.340068 0.181445 0 0 0 0 0 0 0 0 0 0 0 0 0 0 0 0 0 0 5.60519e-45 0 1.50696e-41 0 2.74453e-39 0 1.29181e-37 0 2.71584e-36 0 3.31914e-35 0 2.67366e-34 0 1.64559e-33 0 7.9608e-33 0 3.24129e-32 0 1.15227e-31 0 3.61493e-31 0 1.03117e-30 0 2.6917e-30 0 6.59461e-30 0 1.49301e-29 0 3.1974e-29 0 6.61718e-29 0 1.30171e-28 0 2.48379e-28 0 4.52332e-28 0 7.87857e-28 0 1.36024e-27 0 2.2899e-27 0 3.70104e-27 0 6.0386e-27 0 9.47556e-27 0 1.43203e-26 0 2.15318e-26 0 3.22131e-26 0 4.79566e-26 0 6.8946e-26 0 9.87217e-26 0 1.36712e-25 0 1.94277e-25 0 2.67208e-25 0 3.66347e-25 0 4.86734e-25 0 6.63356e-25 0 8.76651e-25 0 1.15565e-24 0 1.5197e-24 0 1.94042e-24 0 2.54004e-24 0 3.23006e-24 0 4.09978e-24 0 5.19396e-24 0 6.568e-24 0 8.07935e-24 0 1.01817e-23 0 1.24869e-23 0 1.54868e-23 0 1.91774e-23 0 2.34179e-23 0 2.82065e-23 0 3.39343e-23 0 4.12783e-23 0 4.89443e-23 0 5.9391e-23 0
9.5847 4.47018e-08 3.01911e-08 1.45107e-08 0.324611 0.177229 0 0 0 0 0 0 0 0 0 0 0 0 0 0 0 0 0 0 7.90332e-43 0 1.38373e-39 0 1.95459e-37 0 7.62284e-36 0 1.38115e-34 0 1.49378e-33 0 1.08675e-32 0 6.12082e-32 0 2.74169e-31 0 1.04234e-30 0 3.48299e-30 0 1.03336e-29 0 2.80064e-29 0 6.97603e-29 0 1.63595e-28 0 3.55893e-28 0 7.34353e-28 0 1.46676e-27 0 2.7916e-27 0 5.16124e-27 0 9.1282e-27 0 1.54742e-26 0 2.60135e-26 0 4.26928e-26 0 6.74033e-26 0 1.07378e-25 0 1.64827e-25 0 2.44128e-25 0 3.59831e-25 0 5.27849e-25 0 7.70706e-25 0 1.08856e-24 0 1.53159e-24 0 2.08753e-24 0 2.91607e-24 0 3.94882e-24 0 5.33112e-24 0 6.98543e-24 0 9.37741e-24 0 1.22251e-23 0 1.58998e-23 0 2.06309e-23 0 2.603e-23 0 3.36285e-23 0 4.22652e-23 0 5.30245e-23 0 6.64046e-23 0 8.3015e-23 0 1.0109e-22 0 1.25965e-22 0 1.52951e-22 0 1.87714e-22 0 2.30035e-22 0 2.78173e-22 0 3.32025e-22 0 3.95859e-22 0 4.76946e-22 0 5.60838e-22 0 6.74146e-22 0
10.0767 3.77014e-08 2.59988e-08 1.17026e-08 0.310402 0.171135 0 0 0 0 0 0 0 0 0 0 0 0 0 0 0 0 0 0 8.11156e-41 0 9.86192e-38 0 1.09394e-35 0 3.56758e-34 0 5.61141e-33 0 5.40294e-32 0 3.56774e-31 0 1.84681e-30 0 7.68843e-30 0 2.73849e-29 0 8.62726e-29 0 2.42725e-28 0 6.2658e-28 0 1.49272e-27 0 3.35789e-27 0 7.0329e-27 0 1.40075e-26 0 2.70486e-26 0 4.98877e-26 0 8.95083e-26 0 1.53959e-25 0 2.54353e-25 0 4.16881e-25 0 6.67825e-25 0 1.03111e-24 0 1.6057e-24 0 2.41376e-24 0 3.50715e-24 0 5.07234e-24 0 7.30289e-24 0 1.04676e-23 0 1.45375e-23 0 2.01159e-23 0 2.70062e-23 0 3.71143e-23 0 4.95201e-23 0 6.58823e-23 0 8.51947e-23 0 1.12735e-22 0 1.45079e-22 0 1.86282e-22 0 2.38657e-22 0 2.97715e-22 0 3.79843e-22 0 4.72098e-22 0 5.85757e-22 0 7.25551e-22 0 8.97206e-22 0 1.0821e-21 0 1.33396e-21 0 1.60447e-21 0 1.94954e-21 0 2.36547e-21 0 2.83407e-21 0 3.35362e-21 0 3.96419e-21 0 4.73296e-21 0 5.5216e-21 0 6.57778e-21 0
10.5939 3.16092e-08 2.22495e-08 9.35965e-09 0.296105 0.161313 0 0 0 0 0 0 0 0 0 0 0 0 0 0 0 0 1.96182e-44 0 6.47108e-39 0 5.56188e-36 0 4.90239e-34 0 1.34864e-32 0 1.85425e-31 0 1.59847e-30 0 9.62596e-30 0 4.59846e-29 0 1.7856e-28 0 5.97755e-28 0 1.78055e-27 0 4.76278e-27 0 1.17385e-26 0 2.68045e-26 0 5.79572e-26 0 1.17084e-25 0 2.25484e-25 0 4.21645e-25 0 7.54772e-25 0 1.3161e-24 0 2.20461e-24 0 3.55401e-24 0 5.68614e-24 0 8.90177e-24 0 1.34558e-23 0 2.05058e-23 0 3.02177e-23 0 4.31122e-23 0 6.12393e-23 0 8.6614e-23 0 1.21985e-22 0 1.66719e-22 0 2.27065e-22 0 3.00488e-22 0 4.06596e-22 0 5.3492e-22 0 7.01815e-22 0 8.96221e-22 0 1.16983e-21 0 1.48703e-21 0 1.88619e-21 0 2.38745e-21 0 2.94627e-21 0 3.71459e-21 0 4.56803e-21 0 5.60841e-21 0 6.87467e-21 0 8.41343e-21 0 1.00548e-20 0 1.22691e-20 0 1.46247e-20 0 1.76018e-20 0 2.11564e-20 0 2.51248e-20 0 2.94874e-20 0 3.45725e-20 0 4.09215e-20 0 4.73822e-20 0 5.59653e-20 0
11.1377 2.67855e-08 1.92723e-08 7.51315e-09 0.280493 0.149596 0 0 0 0 0 0 0 0 0 0 0 0 0 0 0 0 2.27851e-42 0 4.13647e-37 0 2.55631e-34 0 1.81062e-32 0 4.23678e-31 0 5.12545e-30 0 3.97733e-29 0 2.19412e-28 0 9.71113e-28 0 3.5292e-27 0 1.11377e-26 0 3.14544e-26 0 8.0191e-26 0 1.89126e-25 0 4.14799e-25 0 8.63746e-25 0 1.68604e-24 0 3.14477e-24 0 5.70358e-24 0 9.92362e-24 0 1.68405e-23 0 2.75079e-23 0 4.3323e-23 0 6.77413e-23 0 1.03755e-22 0 1.53702e-22 0 2.29464e-22 0 3.31802e-22 0 4.65244e-22 0 6.49635e-22 0 9.03392e-22 0 1.25122e-21 0 1.68418e-21 0 2.25944e-21 0 2.94943e-21 0 3.93244e-21 0 5.10472e-21 0 6.60918e-21 0 8.3398e-21 0 1.07452e-20 0 1.34997e-20 0 1.69257e-20 0 2.11787e-20 0 2.58689e-20 0 3.2248e-20 0 3.92586e-20 0 4.77194e-20 0 5.79149e-20 0 7.01826e-20 0 8.31479e-20 0 1.00478e-19 0 1.18746e-19 0 1.41632e-19 0 1.68712e-19 0 1.98683e-19 0 2.31366e-19 0 2.69166e-19 0 3.15985e-19 0 3.63264e-19 0 4.25594e-19 0
11.7094 2.28626e-08 1.68178e-08 6.04482e-09 0.264398 0.137921 0 0 0 0 0 0 0 0 0 0 0 0 0 0 0 0 2.12277e-40 0 2.13302e-35 0 9.63187e-33 0 5.54103e-31 0 1.1116e-29 0 1.19065e-28 0 8.3598e-28 0 4.24281e-27 0 1.74631e-26 0 5.95891e-26 0 1.77794e-25 0 4.77297e-25 0 1.16249e-24 0 2.62919e-24 0 5.54951e-24 0 1.11494e-23 0 2.10644e-23 0 3.81112e-23 0 6.7141e-23 0 1.13702e-22 0 1.88035e-22 0 2.99872e-22 0 4.6192e-22 0 7.06679e-22 0 1.06008e-21 0 1.54055e-21 0 2.25535e-21 0 3.203e-21 0 4.41767e-21 0 6.06879e-21 0 8.30457e-21 0 1.13206e-20 0 1.50183e-20 0 1.98611e-20 0 2.55912e-20 0 3.36446e-20 0 4.31213e-20 0 5.51304e-20 0 6.87808e-20 0 8.75289e-20 0 1.08748e-19 0 1.3485e-19 0 1.66898e-19 0 2.01877e-19 0 2.48965e-19 0 3.00192e-19 0 3.61427e-19 0 4.34521e-19 0 5.21645e-19 0 6.12919e-19 0 7.33851e-19 0 8.60232e-19 0 1.01723e-18 0 1.20142e-18 0 1.4036e-18 0 1.62238e-18 0 1.87354e-18 0 2.18227e-18 0 2.49177e-18 0 2.89683e-18 0
12.3105 1.96682e-08 1.48018e-08 4.86637e-09 0.247423 0.126076 0 0 0 0 0 0 0 0 0 0 0 0 1.4013e-45 0 6.16571e-44 0 1.5682e-38 0 8.97987e-34 0 3.00865e-31 0 1.42013e-29 0 2.46093e-28 0 2.34776e-27 0 1.49879e-26 0 7.02676e-26 0 2.69912e-25 0 8.67446e-25 0 2.45365e-24 0 6.2769e-24 0 1.46376e-23 0 3.18126e-23 0 6.47428e-23 0 1.25717e-22 0 2.30252e-22 0 4.047e-22 0 6.93523e-22 0 1.14464e-21 0 1.84703e-21 0 2.87923e-21 0 4.34256e-21 0 6.50707e-21 0 9.56978e-21 0 1.36558e-20 0 1.96232e-20 0 2.73953e-20 0 3.71958e-20 0 5.03118e-20 0 6.78007e-20 0 9.10368e-20 0 1.19117e-19 0 1.55393e-19 0 1.97762e-19 0 2.56547e-19 0 3.24849e-19 0 4.10366e-19 0 5.06474e-19 0 6.36986e-19 0 7.83066e-19 0 9.60872e-19 0 1.17691e-18 0 1.41041e-18 0 1.72167e-18 0 2.05705e-18 0 2.45431e-18 0 2.92425e-18 0 3.4794e-18 0 4.05614e-18 0 4.81392e-18 0 5.59935e-18 0 6.56729e-18 0 7.69367e-18 0 8.92037e-18 0 1.02382e-17 0 1.17404e-17 0 1.35735e-17 0 1.53985e-17 0 1.77705e-17 0
12.9424 1.70491e-08 1.31095e-08 3.93957e-09 0.231073 0.115919 0 0 0 0 0 0 0 0 0 0 0 0 1.10703e-43 0 6.74445e-42 0 9.27653e-37 0 3.11139e-32 0 7.84822e-30 0 3.069e-28 0 4.62686e-27 0 3.9538e-26 0 2.30566e-25 0 1.00242e-24 0 3.60561e-24 0 1.09457e-23 0 2.94284e-23 0 7.19089e-23 0 1.60899e-22 0 3.36684e-22 0 6.61832e-22 0 1.24417e-21 0 2.21236e-21 0 3.78293e-21 0 6.31444e-21 0 1.017e-20 0 1.60317e-20 0 2.44549e-20 0 3.61512e-20 0 5.31113e-20 0 7.66522e-20 0 1.07498e-19 0 1.51763e-19 0 2.08448e-19 0 2.78824e-19 0 3.71622e-19 0 4.9356e-19 0 6.53242e-19 0 8.43591e-19 0 1.08631e-18 0 1.36631e-18 0 1.75007e-18 0 2.19061e-18 0 2.7359e-18 0 3.34213e-18 0 4.15657e-18 0 5.05854e-18 0 6.14545e-18 0 7.453e-18 0 8.85311e-18 0 1.07022e-17 0 1.26763e-17 0 1.49946e-17 0 1.77135e-17 0 2.08981e-17 0 2.41804e-17 0 2.84589e-17 0 3.28588e-17 0 3.82402e-17 0 4.4454e-17 0 5.11709e-17 0 5.83365e-17 0 6.64503e-17 0 7.62836e-17 0 8.60089e-17 0 9.85659e-17 0
13.6067 1.48919e-08 1.16955e-08 3.19638e-09 0.214639 0.106373 0 0 0 0 0 0 0 0 0 0 5.74532e-44 0 1.15145e-41 0 5.76142e-40 0 4.44766e-35 0 8.96902e-31 0 1.72701e-28 0 5.64653e-27 0 7.45663e-26 0 5.73826e-25 0 3.07024e-24 0 1.2424e-23 0 4.19808e-23 0 1.20717e-22 0 3.09259e-22 0 7.23424e-22 0 1.55628e-21 0 3.14123e-21 0 5.97439e-21 0 1.08903e-20 0 1.88284e-20 0 3.13625e-20 0 5.10568e-20 0 8.03401e-20 0 1.23863e-19 0 1.85086e-19 0 2.68437e-19 0 3.87035e-19 0 5.48666e-19 0 7.56854e-19 0 1.05067e-18 0 1.42092e-18 0 1.87384e-18 0 2.46271e-18 0 3.22578e-18 0 4.21138e-18 0 5.37106e-18 0 6.83154e-18 0 8.49678e-18 0 1.07525e-17 0 1.33125e-17 0 1.64468e-17 0 1.98958e-17 0 2.44821e-17 0 2.95103e-17 0 3.5512e-17 0 4.26641e-17 0 5.02547e-17 0 6.0191e-17 0 7.07069e-17 0 8.29549e-17 0 9.72027e-17 0 1.13757e-16 0 1.30689e-16 0 1.52595e-16 0 1.74955e-16 0 2.02105e-16 0 2.33225e-16 0 2.66627e-16 0 3.02024e-16 0 3.41851e-16 0 3.89803e-16 0 4.36931e-16 0 4.97401e-16 0
14.3051 1.29216e-08 1.03272e-08 2.59436e-09 0.200777 0.0987333 0 0 0 0 0 0 0 0 2.8026e-45 0 6.00316e-42 0 9.31803e-40 0 3.85169e-38 0 1.71641e-33 0 2.13337e-29 0 3.17742e-27 0 8.76231e-26 0 1.02014e-24 0 7.10603e-24 0 3.50313e-23 0 1.32405e-22 0 4.21577e-22 0 1.15133e-21 0 2.81711e-21 0 6.32202e-21 0 1.31011e-20 0 2.55521e-20 0 4.70966e-20 0 8.33692e-20 0 1.40336e-19 0 2.28007e-19 0 3.62457e-19 0 5.57858e-19 0 8.42078e-19 0 1.23387e-18 0 1.75733e-18 0 2.48888e-18 0 3.46866e-18 0 4.71026e-18 0 6.43493e-18 0 8.57521e-18 0 1.11569e-17 0 1.44686e-17 0 1.87036e-17 0 2.41026e-17 0 3.03768e-17 0 3.81856e-17 0 4.69905e-17 0 5.87859e-17 0 7.20268e-17 0 8.80708e-17 0 1.05554e-16 0 1.28577e-16 0 1.53578e-16 0 1.83149e-16 0 2.18073e-16 0 2.54826e-16 0 3.02533e-16 0 3.52606e-16 0 4.1047e-16 0 4.77262e-16 0 5.5427e-16 0 6.32473e-16 0 7.32919e-16 0 8.34722e-16 0 9.57491e-16 0 1.09723e-15 0 1.2462e-15 0 1.40308e-15 0 1.57852e-15 0 1.78844e-15 0 1.99353e-15 0 2.25511e-15 0
15.0394 1.12689e-08 9.16835e-09 2.10057e-09 0.186404 0.0907162 0 0 0 0 0 0 0 0 3.65739e-43 0 4.95075e-40 0 6.00686e-38 0 2.07042e-36 0 5.47076e-32 0 4.29126e-28 0 5.0061e-26 0 1.17411e-24 0 1.21256e-23 0 7.68269e-23 0 3.50361e-22 0 1.241e-21 0 3.7341e-21 0 9.70969e-21 0 2.27424e-20 0 4.90624e-20 0 9.81181e-20 0 1.85227e-19 0 3.31361e-19 0 5.70438e-19 0 9.36117e-19 0 1.48531e-18 0 2.30833e-18 0 3.47874e-18 0 5.14658e-18 0 7.40178e-18 0 1.03615e-17 0 1.44275e-17 0 1.97839e-17 0 2.64671e-17 0 3.56115e-17 0 4.67953e-17 0 6.01063e-17 0 7.6965e-17 0 9.82535e-17 0 1.25057e-16 0 1.5584e-16 0 1.93726e-16 0 2.35992e-16 0 2.9202e-16 0 3.54263e-16 0 4.28943e-16 0 5.09569e-16 0 6.14764e-16 0 7.27958e-16 0 8.60693e-16 0 1.01612e-15 0 1.17838e-15 0 1.38731e-15 0 1.60488e-15 0 1.85444e-15 0 2.14038e-15 0 2.46765e-15 0 2.79773e-15 0 3.21881e-15 0 3.6427e-15 0 4.15056e-15 0 4.72475e-15 0 5.33298e-15 0 5.96968e-15 0 6.67762e-15 0 7.51967e-15 0 8.33767e-15 0 9.37509e-15 0
15.8114 9.86662e-09 8.16405e-09 1.70257e-09 0.172559 0.0833 0 0 0 0 0 0 0 0 3.40207e-41 0 3.24251e-38 0 3.11251e-36 0 9.02526e-35 0 1.45061e-30 0 7.34412e-27 0 6.79108e-25 0 1.36537e-23 0 1.25816e-22 0 7.28448e-22 0 3.08479e-21 0 1.02722e-20 0 2.92901e-20 0 7.26905e-20 0 1.63329e-19 0 3.39368e-19 0 6.56108e-19 0 1.20076e-18 0 2.08796e-18 0 3.50035e-18 0 5.60698e-18 0 8.69817e-18 0 1.323e-17 0 1.95428e-17 0 2.83648e-17 0 4.00766e-17 0 5.51879e-17 0 7.56126e-17 0 1.02099e-16 0 1.34661e-16 0 1.78581e-16 0 2.31556e-16 0 2.93809e-16 0 3.71703e-16 0 4.68892e-16 0 5.89818e-16 0 7.2715e-16 0 8.94369e-16 0 1.07905e-15 0 1.32142e-15 0 1.58802e-15 0 1.90491e-15 0 2.24402e-15 0 2.68258e-15 0 3.1504e-15 0 3.69451e-15 0 4.32645e-15 0 4.98116e-15 0 5.81781e-15 0 6.68251e-15 0 7.66735e-15 0 8.78786e-15 0 1.00614e-14 0 1.13375e-14 0 1.29549e-14 0 1.45727e-14 0 1.64989e-14 0 1.8663e-14 0 2.09413e-14 0 2.33127e-14 0 2.59351e-14 0 2.90366e-14 0 3.20334e-14 0 3.58135e-14 0
16.623 8.70758e-09 7.32735e-09 1.38023e-09 0.158509 0.0760389 0 0 0 0 0 0 1.12104e-44 0 2.5142e-39 0 1.71427e-36 0 1.31682e-34 0 3.2395e-33 0 3.24496e-29 0 1.08327e-25 0 8.0306e-24 0 1.39453e-22 0 1.15298e-21 0 6.12701e-21 0 2.41808e-20 0 7.59282e-20 0 2.05703e-19 0 4.88342e-19 0 1.05473e-18 0 2.11468e-18 0 3.95887e-18 0 7.03457e-18 0 1.19062e-17 0 1.94628e-17 0 3.04672e-17 0 4.62616e-17 0 6.89383e-17 0 9.99114e-17 0 1.42399e-16 0 1.97829e-16 0 2.68201e-16 0 3.61854e-16 0 4.81494e-16 0 6.26534e-16 0 8.19503e-16 0 1.04921e-15 0 1.3159e-15 0 1.64577e-15 0 2.05267e-15 0 2.55329e-15 0 3.11579e-15 0 3.79377e-15 0 4.53542e-15 0 5.49944e-15 0 6.54995e-15 0 7.7875e-15 0 9.10071e-15 0 1.07849e-14 0 1.25667e-14 0 1.46229e-14 0 1.69927e-14 0 1.943e-14 0 2.25221e-14 0 2.56951e-14 0 2.92847e-14 0 3.33416e-14 0 3.79221e-14 0 4.24835e-14 0 4.8229e-14 0 5.39409e-14 0 6.07018e-14 0 6.82517e-14 0 7.61544e-14 0 8.43353e-14 0 9.33348e-14 0 1.03922e-13 0 1.14099e-13 0 1.2687e-13 0
17.4762 7.76021e-09 6.63645e-09 1.12376e-09 0.14481 0.0695498 0 0 0 0 0 0 1.26257e-42 0 1.49335e-37 0 7.40438e-35 0 4.60132e-33 0 9.68103e-32 0 6.18474e-28 0 1.38936e-24 0 8.3469e-23 0 1.26089e-21 0 9.40334e-21 0 4.60565e-20 0 1.69982e-19 0 5.04747e-19 0 1.3025e-18 0 2.96435e-18 0 6.16624e-18 0 1.19501e-17 0 2.16971e-17 0 3.74869e-17 0 6.18379e-17 0 9.86888e-17 0 1.51145e-16 0 2.24867e-16 0 3.28629e-16 0 4.67727e-16 0 6.55198e-16 0 8.95744e-16 0 1.19646e-15 0 1.59083e-15 0 2.08748e-15 0 2.6816e-15 0 3.46183e-15 0 4.37905e-15 0 5.43173e-15 0 6.71954e-15 0 8.29099e-15 0 1.02037e-14 0 1.23312e-14 0 1.48708e-14 0 1.76236e-14 0 2.11694e-14 0 2.49989e-14 0 2.94721e-14 0 3.4181e-14 0 4.01721e-14 0 4.64609e-14 0 5.36645e-14 0 6.19056e-14 0 7.03232e-14 0 8.09289e-14 0 9.17383e-14 0 1.03889e-13 0 1.17534e-13 0 1.32843e-13 0 1.47999e-13 0 1.66977e-13 0 1.85735e-13 0 2.07813e-13 0 2.32327e-13 0 2.57845e-13 0 2.84125e-13 0 3.12891e-13 0 3.4656e-13 0 3.78766e-13 0 4.18987e-13 0
18.3733 6.92218e-09 6.00841e-09 9.13764e-10 0.132005 0.0635122 0 0 0 0 0 0 1.06806e-40 0 7.141e-36 0 2.61511e-33 0 1.32838e-31 0 2.4086e-30 0 1.00316e-26 0 1.54607e-23 0 7.60491e-22 0 1.00618e-20 0 6.8026e-20 0 3.08315e-19 0 1.06762e-18 0 3.00615e-18 0 7.40653e-18 0 1.6193e-17 0 3.25003e-17 0 6.09832e-17 0 1.07546e-16 0 1.80915e-16 0 2.91231e-16 0 4.54296e-16 0 6.81437e-16 0 9.94338e-16 0 1.42649e-15 0 1.99559e-15 0 2.74982e-15 0 3.70242e-15 0 4.876e-15 0 6.3936e-15 0 8.27913e-15 0 1.05062e-14 0 1.3395e-14 0 1.67507e-14 0 2.056e-14 0 2.51717e-14 0 3.07414e-14 0 3.74519e-14 0 4.4844e-14 0 5.35874e-14 0 6.29827e-14 0 7.49806e-14 0 8.78285e-14 0 1.02715e-13 0 1.18268e-13 0 1.37905e-13 0 1.58366e-13 0 1.81637e-13 0 2.08074e-13 0 2.349e-13 0 2.68478e-13 0 3.02481e-13 0 3.4047e-13 0 3.82874e-13 0 4.30166e-13 0 4.76722e-13 0 5.34694e-13 0 5.91676e-13 0 6.58388e-13 0 7.32055e-13 0 8.08336e-13 0 8.86513e-13 0 9.71683e-13 0 1.07088e-12 0 1.16534e-12 0 1.28275e-12 0
19.3164 6.25753e-09 5.51277e-09 7.44765e-10 0.119019 0.0577393 0 0 0 0 0 0 7.24657e-39 0 2.81652e-34 0 7.73165e-32 0 3.24205e-30 0 5.10293e-29 0 1.41482e-25 0 1.52376e-22 0 6.19695e-21 0 7.22768e-20 0 4.45118e-19 0 1.87392e-18 0 6.10713e-18 0 1.63485e-17 0 3.85445e-17 0 8.11128e-17 0 1.57354e-16 0 2.86323e-16 0 4.91144e-16 0 8.05495e-16 0 1.26687e-15 0 1.93376e-15 0 2.84376e-15 0 4.0737e-15 0 5.74212e-15 0 7.90234e-15 0 1.07199e-14 0 1.42254e-14 0 1.84843e-14 0 2.39188e-14 0 3.05843e-14 0 3.83626e-14 0 4.83342e-14 0 5.97866e-14 0 7.26523e-14 0 8.80742e-14 0 1.06517e-13 0 1.28524e-13 0 1.52544e-13 0 1.80708e-13 0 2.10722e-13 0 2.48737e-13 0 2.89117e-13 0 3.35547e-13 0 3.83702e-13 0 4.44071e-13 0 5.06522e-13 0 5.77078e-13 0 6.56699e-13 0 7.36988e-13 0 8.36863e-13 0 9.37377e-13 0 1.04903e-12 0 1.17294e-12 0 1.31034e-12 0 1.44489e-12 0 1.61154e-12 0 1.77449e-12 0 1.96429e-12 0 2.1728e-12 0 2.38762e-12 0 2.60676e-12 0 2.84443e-12 0 3.11999e-12 0 3.38118e-12 0 3.70444e-12 0
20.3079 5.75113e-09 5.14097e-09 6.10164e-10 0.106095 0.0523978 0 0 0 0 0 0 4.0011e-37 0 9.2828e-33 0 1.93721e-30 0 6.7687e-29 0 9.31244e-28 0 1.75327e-24 0 1.34283e-21 0 4.55733e-20 0 4.71461e-19 0 2.65691e-18 0 1.04273e-17 0 3.20781e-17 0 8.18409e-17 0 1.85041e-16 0 3.75507e-16 0 7.05271e-16 0 1.24635e-15 0 2.08234e-15 0 3.33362e-15 0 5.12839e-15 0 7.66808e-15 0 1.10662e-14 0 1.55766e-14 0 2.15912e-14 0 2.92543e-14 0 3.90984e-14 0 5.11721e-14 0 6.56477e-14 0 8.38863e-14 0 1.05983e-13 0 1.31475e-13 0 1.63791e-13 0 2.00507e-13 0 2.41347e-13 0 2.89841e-13 0 3.47297e-13 0 4.15224e-13 0 4.8872e-13 0 5.74181e-13 0 6.64544e-13 0 7.78103e-13 0 8.97803e-13 0 1.03443e-12 0 1.17517e-12 0 1.35039e-12 0 1.53044e-12 0 1.73255e-12 0 1.9592e-12 0 2.18638e-12 0 2.46732e-12 0 2.7484e-12 0 3.05891e-12 0 3.40163e-12 0 3.77963e-12 0 4.14788e-12 0 4.6017e-12 0 5.04322e-12 0 5.55502e-12 0 6.11448e-12 0 6.68816e-12 0 7.27077e-12 0 7.89995e-12 0 8.62622e-12 0 9.31177e-12 0 1.01566e-11 0
21.3503 5.12419e-09 4.62516e-09 4.99036e-10 0.0973882 0.0486519 0 0 0 0 0 0 1.72502e-35 0 2.44993e-31 0 3.93917e-29 0 1.15713e-27 0 1.40071e-26 0 1.82493e-23 0 1.01065e-20 0 2.88773e-19 0 2.66531e-18 0 1.38043e-17 0 5.0678e-17 0 1.4758e-16 0 3.59692e-16 0 7.81502e-16 0 1.53205e-15 0 2.79027e-15 0 4.79577e-15 0 7.81422e-15 0 1.22256e-14 0 1.84164e-14 0 2.7001e-14 0 3.82748e-14 0 5.29833e-14 0 7.22802e-14 0 9.64921e-14 0 1.27148e-13 0 1.6424e-13 0 2.08153e-13 0 2.62818e-13 0 3.2828e-13 0 4.02975e-13 0 4.96667e-13 0 6.02029e-13 0 7.18123e-13 0 8.5474e-13 0 1.01517e-12 0 1.20319e-12 0 1.40493e-12 0 1.63768e-12 0 1.88193e-12 0 2.18661e-12 0 2.50543e-12 0 2.86681e-12 0 3.23662e-12 0 3.69407e-12 0 4.16109e-12 0 4.68217e-12 0 5.26299e-12 0 5.8419e-12 0 6.55375e-12 0 7.26201e-12 0 8.04032e-12 0 8.89494e-12 0 9.83264e-12 0 1.07418e-11 0 1.18568e-11 0 1.29364e-11 0 1.41821e-11 0 1.55375e-11 0 1.6921e-11 0 1.83202e-11 0 1.9825e-11 0 2.15548e-11 0 2.31811e-11 0 2.51774e-11 0
22.4463 4.6287e-09 4.22037e-09 4.08328e-10 0.0882165 0.0447755 0 0 0 0 2.8026e-45 0 6.16873e-34 0 5.49311e-30 0 6.8921e-28 0 1.71655e-26 0 1.83971e-25 0 1.68875e-22 0 6.87032e-20 0 1.66666e-18 0 1.38011e-17 0 6.59642e-17 0 2.27267e-16 0 6.28174e-16 0 1.46586e-15 0 3.06647e-15 0 5.81713e-15 0 1.02889e-14 0 1.72225e-14 0 2.74014e-14 0 4.19438e-14 0 6.19316e-14 0 8.91198e-14 0 1.24197e-13 0 1.69215e-13 0 2.27371e-13 0 2.99283e-13 0 3.8909e-13 0 4.96352e-13 0 6.21828e-13 0 7.76245e-13 0 9.59117e-13 0 1.16562e-12 0 1.42204e-12 0 1.7076e-12 0 2.01943e-12 0 2.38326e-12 0 2.80692e-12 0 3.29929e-12 0 3.82345e-12 0 4.42361e-12 0 5.04899e-12 0 5.8236e-12 0 6.6285e-12 0 7.53487e-12 0 8.4566e-12 0 9.58971e-12 0 1.07395e-11 0 1.2015e-11 0 1.34285e-11 0 1.48298e-11 0 1.65437e-11 0 1.824e-11 0 2.00948e-11 0 2.21213e-11 0 2.43339e-11 0 2.64694e-11 0 2.90763e-11 0 3.15892e-11 0 3.44761e-11 0 3.76029e-11 0 4.0781e-11 0 4.39821e-11 0 4.74118e-11 0 5.13386e-11 0 5.50163e-11 0 5.95136e-11 0
23.5984 4.17205e-09 3.83856e-09 3.33487e-10 0.0799336 0.0411675 0 0 0 0 3.3491e-43 0 1.81591e-32 0 1.03724e-28 0 1.02791e-26 0 2.1882e-25 0 2.08875e-24 0 1.37419e-21 0 4.16923e-19 0 8.6559e-18 0 6.4648e-17 0 2.86271e-16 0 9.28489e-16 0 2.44209e-15 0 5.46773e-15 0 1.10332e-14 0 2.0286e-14 0 3.48951e-14 0 5.69599e-14 0 8.85927e-14 0 1.32821e-13 0 1.92419e-13 0 2.72015e-13 0 3.72984e-13 0 5.00567e-13 0 6.6297e-13 0 8.6102e-13 0 1.10514e-12 0 1.39314e-12 0 1.72622e-12 0 2.13168e-12 0 2.6068e-12 0 3.13806e-12 0 3.7914e-12 0 4.51223e-12 0 5.29271e-12 0 6.19594e-12 0 7.2393e-12 0 8.4423e-12 0 9.71336e-12 0 1.11583e-11 0 1.26539e-11 0 1.44938e-11 0 1.63931e-11 0 1.85185e-11 0 2.0667e-11 0 2.32928e-11 0 2.59417e-11 0 2.88641e-11 0 3.20852e-11 0 3.52621e-11 0 3.9128e-11 0 4.29347e-11 0 4.70774e-11 0 5.15826e-11 0 5.64786e-11 0 6.11831e-11 0 6.69015e-11 0 7.23897e-11 0 7.86686e-11 0 8.54406e-11 0 9.22956e-11 0 9.91738e-11 0 1.06516e-10 0 1.14891e-10 0 1.22706e-10 0 1.32228e-10 0
24.8097 3.80588e-09 3.53315e-09 2.72729e-10 0.0716599 0.037638 0 0 0 0 2.77681e-41 0 4.50956e-31 0 1.6885e-27 0 1.33696e-25 0 2.45134e-24 0 2.09588e-23 0 1.00446e-20 0 2.30547e-18 0 4.12765e-17 0 2.79454e-16 0 1.15075e-15 0 3.52397e-15 0 8.84122e-15 0 1.90312e-14 0 3.71087e-14 0 6.62302e-14 0 1.10949e-13 0 1.76822e-13 0 2.69154e-13 0 3.95623e-13 0 5.62864e-13 0 7.82362e-13 0 1.05636e-12 0 1.39748e-12 0 1.82566e-12 0 2.34097e-12 0 2.9683e-12 0 3.69977e-12 0 4.5366e-12 0 5.54475e-12 0 6.71433e-12 0 8.0098e-12 0 9.58848e-12 0 1.13149e-11 0 1.31691e-11 0 1.52983e-11 0 1.77392e-11 0 2.05323e-11 0 2.34624e-11 0 2.67708e-11 0 3.0173e-11 0 3.43321e-11 0 3.85982e-11 0 4.33437e-11 0 4.81139e-11 0 5.39111e-11 0 5.97271e-11 0 6.611e-11 0 7.31089e-11 0 7.99784e-11 0 8.82969e-11 0 9.64492e-11 0 1.05281e-10 0 1.14842e-10 0 1.25187e-10 0 1.35086e-10 0 1.47069e-10 0 1.58522e-10 0 1.71574e-10 0 1.85594e-10 0 1.9973e-10 0 2.13863e-10 0 2.28896e-10 0 2.45982e-10 0 2.61872e-10 0 2.81166e-10 0
26.0832 3.47771e-09 3.25421e-09 2.23506e-10 0.064268 0.034546 0 0 0 0 1.82902e-39 0 9.42516e-30 0 2.3615e-26 0 1.51046e-24 0 2.40279e-23 0 1.85002e-22 0 6.55941e-20 0 1.15459e-17 0 1.79555e-16 0 1.10726e-15 0 4.25512e-15 0 1.23376e-14 0 2.95942e-14 0 6.13627e-14 0 1.15812e-13 0 2.00933e-13 0 3.28231e-13 0 5.11341e-13 0 7.62545e-13 0 1.09997e-12 0 1.53824e-12 0 2.10401e-12 0 2.79953e-12 0 3.65329e-12 0 4.71076e-12 0 5.96755e-12 0 7.4795e-12 0 9.22293e-12 0 1.1197e-11 0 1.35518e-11 0 1.62577e-11 0 1.92282e-11 0 2.28167e-11 0 2.67081e-11 0 3.08552e-11 0 3.55828e-11 0 4.09629e-11 0 4.70754e-11 0 5.34442e-11 0 6.05888e-11 0 6.78911e-11 0 7.67637e-11 0 8.58104e-11 0 9.58164e-11 0 1.05821e-10 0 1.17914e-10 0 1.29983e-10 0 1.43163e-10 0 1.57543e-10 0 1.71592e-10 0 1.88526e-10 0 2.05046e-10 0 2.22867e-10 0 2.42078e-10 0 2.62775e-10 0 2.82502e-10 0 3.06287e-10 0 3.28934e-10 0 3.54643e-10 0 3.82153e-10 0 4.0979e-10 0 4.37324e-10 0 4.66516e-10 0 4.99581e-10 0 5.30229e-10 0 5.67322e-10 0
27.4221 3.17771e-09 2.99472e-09 1.82992e-10 0.0575861 0.0316828 0 0 0 0 9.65335e-38 0 1.66942e-28 0 2.85441e-25 0 1.49027e-23 0 2.07111e-22 0 1.44339e-21 0 3.84226e-19 0 5.25428e-17 0 7.14652e-16 0 4.03251e-15 0 1.45108e-14 0 3.99427e-14 0 9.18039e-14 0 1.83695e-13 0 3.36108e-13 0 5.67665e-13 0 9.05344e-13 0 1.38021e-12 0 2.01849e-12 0 2.86003e-12 0 3.93465e-12 0 5.30014e-12 0 6.95455e-12 0 8.95828e-12 0 1.14088e-11 0 1.42867e-11 0 1.771e-11 0 2.16159e-11 0 2.59951e-11 0 3.11703e-11 0 3.70633e-11 0 4.34774e-11 0 5.11622e-11 0 5.94294e-11 0 6.81752e-11 0 7.80754e-11 0 8.92646e-11 0 1.01891e-10 0 1.14961e-10 0 1.29533e-10 0 1.44341e-10 0 1.62229e-10 0 1.80364e-10 0 2.00313e-10 0 2.20159e-10 0 2.44026e-10 0 2.67726e-10 0 2.93485e-10 0 3.21459e-10 0 3.48668e-10 0 3.81322e-10 0 4.13039e-10 0 4.47112e-10 0 4.83696e-10 0 5.22952e-10 0 5.60228e-10 0 6.05004e-10 0 6.47478e-10 0 6.95525e-10 0 7.46749e-10 0 7.98028e-10 0 8.48948e-10 0 9.02764e-10 0 9.63521e-10 0 1.01966e-09 0 1.0874e-09 0
28.8297 2.92319e-09 2.77309e-09 1.50106e-10 0.0513502 0.029054 0 0 0 0 4.15591e-36 0 2.54403e-27 0 3.02432e-24 0 1.30169e-22 0 1.59091e-21 0 1.00846e-20 0 2.04387e-18 0 2.19834e-16 0 2.63227e-15 0 1.36496e-14 0 4.61407e-14 0 1.20882e-13 0 2.66771e-13 0 5.16019e-13 0 9.16721e-13 0 1.50917e-12 0 2.35267e-12 0 3.5136e-12 0 5.04397e-12 0 7.02634e-12 0 9.517e-12 0 1.26347e-11 0 1.63601e-11 0 2.08148e-11 0 2.61976e-11 0 3.24475e-11 0 3.9803e-11 0 4.81109e-11 0 5.73391e-11 0 6.81476e-11 0 8.03491e-11 0 9.35226e-11 0 1.09182e-10 0 1.259e-10 0 1.43463e-10 0 1.63213e-10 0 1.85387e-10 0 2.10246e-10 0 2.35822e-10 0 2.64171e-10 0 2.92818e-10 0 3.27235e-10 0 3.61938e-10 0 3.99918e-10 0 4.37515e-10 0 4.82516e-10 0 5.26988e-10 0 5.75106e-10 0 6.27129e-10 0 6.77518e-10 0 7.37738e-10 0 7.95989e-10 0 8.58326e-10 0 9.24998e-10 0 9.96266e-10 0 1.0637e-09 0 1.14441e-09 0 1.2207e-09 0 1.30671e-09 0 1.39809e-09 0 1.48926e-09 0 1.5795e-09 0 1.6746e-09 0 1.78163e-09 0 1.88023e-09 0 1.99885e-09 0
30.3095 2.68188e-09 2.5585e-09 1.2338e-10 0.0460053 0.0268051 0 0 0 0 1.45999e-34 0 3.32812e-26 0 2.80005e-23 0 1.00294e-21 0 1.08476e-20 0 6.28329e-20 0 9.8255e-18 0 8.41015e-16 0 8.92063e-15 0 4.26861e-14 0 1.35964e-13 0 3.39843e-13 0 7.21559e-13 0 1.35148e-12 0 2.33452e-12 0 3.75083e-12 0 5.72185e-12 0 8.37957e-12 0 1.18189e-11 0 1.61996e-11 0 2.16193e-11 0 2.83072e-11 0 3.61942e-11 0 4.55114e-11 0 5.66411e-11 0 6.9425e-11 0 8.43174e-11 0 1.00978e-10 0 1.1932e-10 0 1.40621e-10 0 1.64471e-10 0 1.90022e-10 0 2.20169e-10 0 2.52122e-10 0 2.85467e-10 0 3.22726e-10 0 3.64299e-10 0 4.10619e-10 0 4.57996e-10 0 5.10218e-10 0 5.6271e-10 0 6.25446e-10 0 6.88379e-10 0 7.56917e-10 0 8.24452e-10 0 9.04915e-10 0 9.84073e-10 0 1.06935e-09 0 1.16117e-09 0 1.24974e-09 0 1.35517e-09 0 1.45676e-09 0 1.56508e-09 0 1.6805e-09 0 1.80343e-09 0 1.91934e-09 0 2.05762e-09 0 2.18789e-09 0 2.33427e-09 0 2.48927e-09 0 2.64343e-09 0 2.79558e-09 0 2.95544e-09 0 3.13483e-09 0 3.29964e-09 0 3.49735e-09 0
31.8653 2.43661e-09 2.33519e-09 1.01418e-10 0.0416225 0.0249149 0 0 0 0 4.19638e-33 0 3.73816e-25 0 2.26369e-22 0 6.80841e-21 0 6.55568e-20 0 3.4852e-19 0 4.2586e-17 0 2.93336e-15 0 2.77258e-14 0 1.22908e-13 0 3.69958e-13 0 8.84264e-13 0 1.80971e-12 0 3.28732e-12 0 5.52889e-12 0 8.67989e-12 0 1.29709e-11 0 1.86451e-11 0 2.58599e-11 0 3.49035e-11 0 4.5929e-11 0 5.9351e-11 0 7.49822e-11 0 9.32357e-11 0 1.14803e-10 0 1.39323e-10 0 1.67612e-10 0 1.98971e-10 0 2.33204e-10 0 2.72641e-10 0 3.16452e-10 0 3.63046e-10 0 4.1763e-10 0 4.75086e-10 0 5.34668e-10 0 6.00843e-10 0 6.74241e-10 0 7.55542e-10 0 8.38235e-10 0 9.28902e-10 0 1.01958e-09 0 1.12742e-09 0 1.23507e-09 0 1.35176e-09 0 1.46624e-09 0 1.60204e-09 0 1.73506e-09 0 1.87778e-09 0 2.03082e-09 0 2.1779e-09 0 2.35232e-09 0 2.51975e-09 0 2.69764e-09 0 2.88654e-09 0 3.08703e-09 0 3.27547e-09 0 3.49954e-09 0 3.70996e-09 0 3.94568e-09 0 4.19451e-09 0 4.44122e-09 0 4.68403e-09 0 4.93845e-09 0 5.22316e-09 0 5.48402e-09 0 5.79612e-09 0
33.5009 2.17805e-09 2.09507e-09 8.29805e-11 0.0380985 0.0231991 0 0 0 0 9.89647e-32 0 3.60681e-24 0 1.59752e-21 0 4.06914e-20 0 3.50794e-19 0 1.71884e-18 0 1.66103e-16 0 9.30533e-15 0 7.88173e-14 0 3.24895e-13 0 9.26724e-13 0 2.12277e-12 0 4.19513e-12 0 7.40152e-12 0 1.21365e-11 0 1.86383e-11 0 2.73113e-11 0 3.85695e-11 0 5.26466e-11 0 7.00251e-11 0 9.09182e-11 0 1.16026e-10 0 1.4492e-10 0 1.78292e-10 0 2.17317e-10 0 2.61251e-10 0 3.11471e-10 0 3.66662e-10 0 4.2643e-10 0 4.94754e-10 0 5.70094e-10 0 6.49663e-10 0 7.42245e-10 0 8.39064e-10 0 9.38861e-10 0 1.04907e-09 0 1.17062e-09 0 1.3045e-09 0 1.43995e-09 0 1.58772e-09 0 1.73481e-09 0 1.90891e-09 0 2.08188e-09 0 2.26856e-09 0 2.45093e-09 0 2.66637e-09 0 2.87654e-09 0 3.10118e-09 0 3.34112e-09 0 3.57089e-09 0 3.84238e-09 0 4.10207e-09 0 4.37706e-09 0 4.66811e-09 0 4.97601e-09 0 5.2645e-09 0 5.6065e-09 0 5.92668e-09 0 6.28432e-09 0 6.66071e-09 0 7.03283e-09 0 7.39808e-09 0 7.7798e-09 0 8.20583e-09 0 8.59518e-09 0 9.05981e-09 0
35.2205 1.98291e-09 1.91503e-09 6.78777e-11 0.0342313 0.021339 0 0 1.26117e-44 0 2.00246e-30 0 3.11902e-23 0 1.02597e-20 0 2.23122e-19 0 1.73147e-18 0 7.85056e-18 0 6.06903e-16 0 2.79327e-14 0 2.13157e-13 0 8.19953e-13 0 2.22213e-12 0 4.8882e-12 0 9.34431e-12 0 1.60355e-11 0 2.56667e-11 0 3.85998e-11 0 5.55163e-11 0 7.7091e-11 0 1.03641e-10 0 1.35946e-10 0 1.74272e-10 0 2.19767e-10 0 2.71531e-10 0 3.30697e-10 0 3.99202e-10 0 4.75612e-10 0 5.62194e-10 0 6.56561e-10 0 7.57974e-10 0 8.73062e-10 0 9.9907e-10 0 1.13127e-09 0 1.28411e-09 0 1.44295e-09 0 1.60573e-09 0 1.78452e-09 0 1.98065e-09 0 2.19554e-09 0 2.41186e-09 0 2.64671e-09 0 2.87943e-09 0 3.15363e-09 0 3.42485e-09 0 3.71634e-09 0 3.99997e-09 0 4.33371e-09 0 4.65802e-09 0 5.00337e-09 0 5.37091e-09 0 5.72165e-09 0 6.13468e-09 0 6.52842e-09 0 6.94403e-09 0 7.38253e-09 0 7.84496e-09 0 8.27698e-09 0 8.78763e-09 0 9.26434e-09 0 9.79531e-09 0 1.03525e-08 0 1.09019e-08 0 1.14398e-08 0 1.20006e-08 0 1.26248e-08 0 1.3194e-08 0 1.38715e-08 0
37.0284 1.81705e-09 1.76152e-09 5.55229e-11 0.0305567 0.0195494 0 0 1.10422e-42 0 3.4626e-29 0 2.40265e-22 0 5.95542e-20 0 1.11435e-18 0 7.82434e-18 0 3.29519e-17 0 2.0602e-15 0 7.86518e-14 0 5.43505e-13 0 1.95761e-12 0 5.05322e-12 0 1.06962e-11 0 1.98102e-11 0 3.31112e-11 0 5.17949e-11 0 7.63573e-11 0 1.0789e-10 0 1.47435e-10 0 1.95369e-10 0 2.52893e-10 0 3.20281e-10 0 3.99343e-10 0 4.88337e-10 0 5.89047e-10 0 7.04565e-10 0 8.32276e-10 0 9.75785e-10 0 1.13097e-09 0 1.29654e-09 0 1.48313e-09 0 1.68606e-09 0 1.89762e-09 0 2.1407e-09 0 2.39184e-09 0 2.64782e-09 0 2.92751e-09 0 3.23276e-09 0 3.56552e-09 0 3.89888e-09 0 4.25917e-09 0 4.61464e-09 0 5.03168e-09 0 5.44246e-09 0 5.88215e-09 0 6.30839e-09 0 6.80805e-09 0 7.29178e-09 0 7.8051e-09 0 8.3495e-09 0 8.86733e-09 0 9.47514e-09 0 1.00527e-08 0 1.06605e-08 0 1.12998e-08 0 1.19721e-08 0 1.25984e-08 0 1.33366e-08 0 1.40238e-08 0 1.47873e-08 0 1.55864e-08 0 1.63721e-08 0 1.71396e-08 0 1.79377e-08 0 1.88242e-08 0 1.96305e-08 0 2.05881e-08 0
38.9291 1.68619e-09 1.64068e-09 4.55098e-11 0.0269898 0.0178602 0 0 7.54809e-41 0 5.18975e-28 0 1.66885e-21 0 3.16041e-19 0 5.12558e-18 0 3.27222e-17 0 1.28466e-16 0 6.56338e-15 0 2.09748e-13 0 1.31888e-12 0 4.46227e-12 0 1.09974e-11 0 2.24415e-11 0 4.03314e-11 0 6.57411e-11 0 1.00615e-10 0 1.45544e-10 0 2.02206e-10 0 2.72141e-10 0 3.55696e-10 0 4.54662e-10 0 5.69212e-10 0 7.0212e-10 0 8.50195e-10 0 1.01618e-09 0 1.20489e-09 0 1.41176e-09 0 1.64238e-09 0 1.88992e-09 0 2.15219e-09 0 2.44581e-09 0 2.7631e-09 0 3.09191e-09 0 3.46751e-09 0 3.85337e-09 0 4.24465e-09 0 4.67007e-09 0 5.1321e-09 0 5.63335e-09 0 6.13323e-09 0 6.67114e-09 0 7.19967e-09 0 7.81724e-09 0 8.4231e-09 0 9.06913e-09 0 9.69313e-09 0 1.0422e-08 0 1.11252e-08 0 1.18689e-08 0 1.2655e-08 0 1.34004e-08 0 1.42727e-08 0 1.5099e-08 0 1.59661e-08 0 1.68756e-08 0 1.78291e-08 0 1.87152e-08 0 1.97568e-08 0 2.0724e-08 0 2.17958e-08 0 2.29146e-08 0 2.4012e-08 0 2.50814e-08 0 2.61912e-08 0 2.74208e-08 0 2.85368e-08 0 2.98595e-08 0
40.9273 1.55851e-09 1.52126e-09 3.72551e-11 0.0239043 0.0163215 0 0 4.11315e-39 0 6.6791e-27 0 1.03342e-20 0 1.51501e-18 0 2.14456e-17 0 1.25063e-16 0 4.59278e-16 0 1.93646e-14 0 5.22538e-13 0 3.00358e-12 0 9.57515e-12 0 2.25815e-11 0 4.45032e-11 0 7.77236e-11 0 1.23705e-10 0 1.85433e-10 0 2.63447e-10 0 3.6018e-10 0 4.77772e-10 0 6.16351e-10 0 7.78453e-10 0 9.63948e-10 0 1.17691e-09 0 1.41186e-09 0 1.67288e-09 0 1.9671e-09 0 2.28708e-09 0 2.64111e-09 0 3.01841e-09 0 3.41554e-09 0 3.85736e-09 0 4.33189e-09 0 4.82084e-09 0 5.3763e-09 0 5.94387e-09 0 6.51658e-09 0 7.13634e-09 0 7.80634e-09 0 8.52988e-09 0 9.24831e-09 0 1.00182e-08 0 1.07718e-08 0 1.16488e-08 0 1.2506e-08 0 1.34167e-08 0 1.42933e-08 0 1.53138e-08 0 1.6295e-08 0 1.73294e-08 0 1.84195e-08 0 1.945e-08 0 2.06524e-08 0 2.17881e-08 0 2.29766e-08 0 2.42198e-08 0 2.55198e-08 0 2.67246e-08 0 2.81376e-08 0 2.94462e-08 0 3.08929e-08 0 3.23994e-08 0 3.38737e-08 0 3.53071e-08 0 3.67914e-08 0 3.84326e-08 0 3.99189e-08 0 4.16768e-08 0
43.0281 1.45193e-09 1.42129e-09 3.06452e-11 0.0211065 0.0150054 0 0 1.82865e-37 0 7.525e-26 0 5.80586e-20 0 6.67183e-18 0 8.29804e-17 0 4.43995e-16 0 1.53018e-15 0 5.37449e-14 0 1.23474e-12 0 6.51648e-12 0 1.96307e-11 0 4.43968e-11 0 8.46457e-11 0 1.43861e-10 0 2.23832e-10 0 3.28957e-10 0 4.59408e-10 0 6.18578e-10 0 8.09291e-10 0 1.03113e-09 0 1.28755e-09 0 1.57781e-09 0 1.9077e-09 0 2.2683e-09 0 2.66548e-09 0 3.10959e-09 0 3.5889e-09 0 4.11543e-09 0 4.67278e-09 0 5.25577e-09 0 5.90048e-09 0 6.58892e-09 0 7.29445e-09 0 8.09172e-09 0 8.90223e-09 0 9.71624e-09 0 1.05932e-08 0 1.15371e-08 0 1.2552e-08 0 1.35556e-08 0 1.46268e-08 0 1.56714e-08 0 1.68828e-08 0 1.80624e-08 0 1.93113e-08 0 2.05096e-08 0 2.19e-08 0 2.32327e-08 0 2.46334e-08 0 2.6105e-08 0 2.74924e-08 0 2.91065e-08 0 3.0627e-08 0 3.2214e-08 0 3.38698e-08 0 3.55967e-08 0 3.71935e-08 0 3.90615e-08 0 4.07877e-08 0 4.26915e-08 0 4.46694e-08 0 4.66006e-08 0 4.84744e-08 0 5.04108e-08 0 5.25474e-08 0 5.44786e-08 0 5.67581e-08 0
45.2368 1.32292e-09 1.29776e-09 2.51556e-11 0.0190152 0.0139129 0 0 6.49999e-36 0 7.24816e-25 0 2.88498e-19 0 2.62982e-17 0 2.89206e-16 0 1.42576e-15 0 4.62566e-15 0 1.36555e-13 0 2.69206e-12 0 1.30994e-11 0 3.7393e-11 0 8.12646e-11 0 1.50131e-10 0 2.48635e-10 0 3.7859e-10 0 5.46037e-10 0 7.50239e-10 0 9.95605e-10 0 1.28558e-09 0 1.61871e-09 0 1.99947e-09 0 2.42601e-09 0 2.90618e-09 0 3.42643e-09 0 3.9948e-09 0 4.62546e-09 0 5.3012e-09 0 6.03844e-09 0 6.81385e-09 0 7.62009e-09 0 8.50663e-09 0 9.4481e-09 0 1.0408e-08 0 1.14872e-08 0 1.25791e-08 0 1.36708e-08 0 1.48419e-08 0 1.60972e-08 0 1.74413e-08 0 1.87651e-08 0 2.01731e-08 0 2.15411e-08 0 2.3122e-08 0 2.4656e-08 0 2.62749e-08 0 2.78234e-08 0 2.96147e-08 0 3.13263e-08 0 3.31203e-08 0 3.49996e-08 0 3.67666e-08 0 3.88169e-08 0 4.07433e-08 0 4.27489e-08 0 4.48363e-08 0 4.70082e-08 0 4.90117e-08 0 5.13503e-08 0 5.35064e-08 0 5.58793e-08 0 5.8339e-08 0 6.07357e-08 0 6.30562e-08 0 6.54499e-08 0 6.80858e-08 0 7.04638e-08 0 7.32654e-08 0
47.5588 1.21753e-09 1.19693e-09 2.06038e-11 0.0169227 0.012768 0 0 1.92799e-34 0 6.20934e-24 0 1.31689e-18 0 9.63047e-17 0 9.42084e-16 0 4.29636e-15 0 1.31605e-14 0 3.29328e-13 0 5.61293e-12 0 2.52816e-11 0 6.85652e-11 0 1.43468e-10 0 2.57224e-10 0 4.15629e-10 0 6.20006e-10 0 8.78383e-10 0 1.1883e-09 0 1.55529e-09 0 1.98337e-09 0 2.46939e-09 0 3.01894e-09 0 3.62854e-09 0 4.30856e-09 0 5.03918e-09 0 5.83122e-09 0 6.70365e-09 0 7.63201e-09 0 8.63831e-09 0 9.69024e-09 0 1.07778e-08 0 1.19673e-08 0 1.32238e-08 0 1.44986e-08 0 1.59251e-08 0 1.73617e-08 0 1.87919e-08 0 2.03201e-08 0 2.19515e-08 0 2.36914e-08 0 2.53988e-08 0 2.72082e-08 0 2.89604e-08 0 3.09785e-08 0 3.29303e-08 0 3.49837e-08 0 3.69421e-08 0 3.92009e-08 0 4.13529e-08 0 4.36023e-08 0 4.59524e-08 0 4.81565e-08 0 5.07075e-08 0 5.30982e-08 0 5.55814e-08 0 5.816e-08 0 6.08366e-08 0 6.33004e-08 0 6.617e-08 0 6.881e-08 0 7.17095e-08 0 7.47088e-08 0 7.76253e-08 0 8.04437e-08 0 8.33458e-08 0 8.65354e-08 0 8.94078e-08 0 9.27858e-08 0
50 1.12632e-09 1.10943e-09 1.68906e-11 0.0149963 0.0117104 4.62428e-44 0 4.7924e-33 0 4.73646e-23 0 5.51947e-18 0 3.27328e-16 0 2.86462e-15 0 1.21312e-14 0 3.51835e-14 0 7.52352e-13 0 1.11648e-11 0 4.67257e-11 0 1.20698e-10 0 2.4361e-10 0 4.24494e-10 0 6.70025e-10 0 9.8017e-10 0 1.36522e-09 0 1.81985e-09 0 2.3508e-09 0 2.96247e-09 0 3.64914e-09 0 4.41769e-09 0 5.26227e-09 0 6.19629e-09 0 7.1918e-09 0 8.26308e-09 0 9.4349e-09 0 1.06737e-08 0 1.20082e-08 0 1.33952e-08 0 1.48214e-08 0 1.63732e-08 0 1.80043e-08 0 1.96515e-08 0 2.14863e-08 0 2.3326e-08 0 2.51502e-08 0 2.70918e-08 0 2.91567e-08 0 3.13508e-08 0 3.34962e-08 0 3.57621e-08 0 3.79493e-08 0 4.04605e-08 0 4.28817e-08 0 4.54213e-08 0 4.78366e-08 0 5.06147e-08 0 5.32542e-08 0 5.60059e-08 0 5.88735e-08 0 6.15563e-08 0 6.46541e-08 0 6.75502e-08 0 7.05518e-08 0 7.36615e-08 0 7.68825e-08 0 7.98413e-08 0 8.32803e-08 0 8.64378e-08 0 8.98987e-08 0 9.34717e-08 0 9.69391e-08 0 1.00284e-07 0 1.03722e-07 0 1.07495e-07 0 1.10886e-07 0 1.14867e-07 0
52.5665 1.04693e-09 1.03307e-09 1.3856e-11 0.0132349 0.0107339 3.39394e-42 0 1.00684e-31 0 3.23496e-22 0 2.13278e-17 0 1.03624e-15 0 8.15737e-15 0 3.21945e-14 0 8.86418e-14 0 1.63223e-12 0 2.12333e-11 0 8.28641e-11 0 2.04356e-10 0 3.98559e-10 0 6.75916e-10 0 1.04336e-09 0 1.49823e-09 0 2.05331e-09 0 2.69894e-09 0 3.44306e-09 0 4.29021e-09 0 5.23113e-09 0 6.27404e-09 0 7.40996e-09 0 8.65585e-09 0 9.97371e-09 0 1.1382e-08 0 1.29122e-08 0 1.45198e-08 0 1.62415e-08 0 1.8021e-08 0 1.98415e-08 0 2.18126e-08 0 2.38748e-08 0 2.59478e-08 0 2.82472e-08 0 3.0543e-08 0 3.28107e-08 0 3.52157e-08 0 3.77641e-08 0 4.04624e-08 0 4.30918e-08 0 4.586e-08 0 4.8524e-08 0 5.15734e-08 0 5.45047e-08 0 5.75708e-08 0 6.04789e-08 0 6.38151e-08 0 6.69766e-08 0 7.02644e-08 0 7.36822e-08 0 7.68724e-08 0 8.05477e-08 0 8.39759e-08 0 8.75214e-08 0 9.11869e-08 0 9.49756e-08 0 9.84491e-08 0 1.02478e-07 0 1.06171e-07 0 1.1021e-07 0 1.14373e-07 0 1.18405e-07 0 1.22288e-07 0 1.26273e-07 0 1.30637e-07 0 1.34554e-07 0 1.39146e-07 0
55.2648 9.72309e-10 9.60937e-10 1.13721e-11 0.0116959 0.0098556 1.96172e-40 0 1.79272e-30 0 1.97813e-21 0 7.58656e-17 0 3.04943e-15 0 2.17048e-14 0 8.01081e-14 0 2.09922e-13 0 3.35298e-12 0 3.84827e-11 0 1.40522e-10 0 3.31607e-10 0 6.25987e-10 0 1.03458e-09 0 1.56352e-09 0 2.20584e-09 0 2.97692e-09 0 3.86107e-09 0 4.8674e-09 0 6.0002e-09 0 7.24567e-09 0 8.61342e-09 0 1.00906e-08 0 1.16981e-08 0 1.33862e-08 0 1.51781e-08 0 1.7113e-08 0 1.91337e-08 0 2.12857e-08 0 2.34983e-08 0 2.57509e-08 0 2.81784e-08 0 3.07067e-08 0 3.32376e-08 0 3.60333e-08 0 3.88135e-08 0 4.15498e-08 0 4.44416e-08 0 4.74953e-08 0 5.07178e-08 0 5.3848e-08 0 5.71332e-08 0 6.02856e-08 0 6.38838e-08 0 6.73329e-08 0 7.09309e-08 0 7.43348e-08 0 7.823e-08 0 8.19121e-08 0 8.57323e-08 0 8.96943e-08 0 9.33845e-08 0 9.76264e-08 0 1.01575e-07 0 1.0565e-07 0 1.09854e-07 0 1.14192e-07 0 1.1816e-07 0 1.22756e-07 0 1.26959e-07 0 1.3155e-07 0 1.36272e-07 0 1.40838e-07 0 1.45227e-07 0 1.49725e-07 0 1.54643e-07 0 1.59051e-07 0 1.64209e-07 0
58.1015 9.01525e-10 8.92197e-10 9.32735e-12 0.0103462 0.0090439 9.13732e-39 0 2.72499e-29 0 1.08794e-20 0 2.49227e-16 0 8.36463e-15 0 5.40966e-14 0 1.87327e-13 0 4.68334e-13 0 6.53394e-12 0 6.65679e-11 0 2.28181e-10 0 5.16363e-10 0 9.44984e-10 0 1.52395e-09 0 2.25711e-09 0 3.13131e-09 0 4.16449e-09 0 5.33321e-09 0 6.64764e-09 0 8.11148e-09 0 9.7054e-09 0 1.14405e-08 0 1.32993e-08 0 1.53071e-08 0 1.74011e-08 0 1.96098e-08 0 2.19805e-08 0 2.44425e-08 0 2.70505e-08 0 2.97185e-08 0 3.24221e-08 0 3.53229e-08 0 3.8331e-08 0 4.13303e-08 0 4.46304e-08 0 4.78998e-08 0 5.11065e-08 0 5.44841e-08 0 5.80394e-08 0 6.1779e-08 0 6.54004e-08 0 6.91901e-08 0 7.28167e-08 0 7.69448e-08 0 8.08912e-08 0 8.49974e-08 0 8.88729e-08 0 9.32971e-08 0 9.74693e-08 0 1.01788e-07 0 1.06258e-07 0 1.10412e-07 0 1.15177e-07 0 1.19604e-07 0 1.24164e-07 0 1.2886e-07 0 1.33694e-07 0 1.38111e-07 0 1.43215e-07 0 1.47876e-07 0 1.52958e-07 0 1.58175e-07 0 1.63213e-07 0 1.68048e-07 0 1.72995e-07 0 1.78396e-07 0 1.83229e-07 0 1.88877e-07 0
61.0839 8.38538e-10 8.30882e-10 7.6565e-12 0.00913077 0.00830409 3.48326e-37 0 3.58053e-28 0 5.43549e-20 0 7.62708e-16 0 2.15631e-14 0 1.27307e-13 0 4.14902e-13 0 9.91906e-13 0 1.21676e-11 0 1.10682e-10 0 3.57248e-10 0 7.76833e-10 0 1.38033e-09 0 2.17468e-09 0 3.15972e-09 0 4.31401e-09 0 5.65811e-09 0 7.15902e-09 0 8.82797e-09 0 1.06678e-08 0 1.26527e-08 0 1.47954e-08 0 1.70734e-08 0 1.95166e-08 0 2.2048e-08 0 2.4702e-08 0 2.75345e-08 0 3.04603e-08 0 3.3544e-08 0 3.66836e-08 0 3.98511e-08 0 4.32354e-08 0 4.67305e-08 0 5.02021e-08 0 5.40077e-08 0 5.77644e-08 0 6.14368e-08 0 6.5293e-08 0 6.93393e-08 0 7.35824e-08 0 7.76795e-08 0 8.19552e-08 0 8.60361e-08 0 9.06694e-08 0 9.50873e-08 0 9.9673e-08 0 1.03991e-07 0 1.0891e-07 0 1.13537e-07 0 1.18318e-07 0 1.23254e-07 0 1.27834e-07 0 1.33076e-07 0 1.37937e-07 0 1.42934e-07 0 1.48072e-07 0 1.53352e-07 0 1.58166e-07 0 1.63722e-07 0 1.68786e-07 0 1.74299e-07 0 1.7995e-07 0 1.85397e-07 0 1.90618e-07 0 1.95952e-07 0 2.01767e-07 0 2.06964e-07 0 2.13028e-07 0
64.2193 7.80759e-10 7.74479e-10 6.27967e-12 0.00804303 0.00760911 1.09529e-35 0 4.08781e-27 0 2.47365e-19 0 2.17761e-15 0 5.22964e-14 0 2.83114e-13 0 8.70973e-13 0 1.99548e-12 0 2.16584e-11 0 1.76881e-10 0 5.39174e-10 0 1.1288e-09 0 1.95021e-09 0 3.00509e-09 0 4.28734e-09 0 5.76525e-09 0 7.46205e-09 0 9.33366e-09 0 1.13924e-08 0 1.364e-08 0 1.60438e-08 0 1.86181e-08 0 2.13349e-08 0 2.42292e-08 0 2.72094e-08 0 3.03161e-08 0 3.36138e-08 0 3.70027e-08 0 4.05574e-08 0 4.41602e-08 0 4.77798e-08 0 5.16316e-08 0 5.55942e-08 0 5.95157e-08 0 6.37994e-08 0 6.80137e-08 0 7.21206e-08 0 7.642e-08 0 8.09182e-08 0 8.56213e-08 0 9.01501e-08 0 9.48639e-08 0 9.93518e-08 0 1.04435e-07 0 1.09269e-07 0 1.14276e-07 0 1.18981e-07 0 1.24327e-07 0 1.29348e-07 0 1.34523e-07 0 1.39857e-07 0 1.44795e-07 0 1.50438e-07 0 1.5566e-07 0 1.6102e-07 0 1.6652e-07 0 1.72164e-07 0 1.77302e-07 0 1.83221e-07 0 1.88608e-07 0 1.94463e-07 0 2.00456e-07 0 2.06224e-07 0 2.11745e-07 0 2.17377e-07 0 2.23509e-07 0 2.28981e-07 0 2.35359e-07 0
67.5157 7.22884e-10 7.17731e-10 5.15321e-12 0.00712869 0.00700288 2.84867e-34 0 4.05588e-26 0 1.02327e-18 0 5.78148e-15 0 1.18886e-13 0 5.92663e-13 0 1.72593e-12 0 3.79741e-12 0 3.66864e-11 0 2.70414e-10 0 7.80628e-10 0 1.57639e-09 0 2.65177e-09 0 4.00078e-09 0 5.60972e-09 0 7.43518e-09 0 9.50302e-09 0 1.17574e-08 0 1.42118e-08 0 1.68668e-08 0 1.96826e-08 0 2.26754e-08 0 2.58122e-08 0 2.91324e-08 0 3.2531e-08 0 3.60545e-08 0 3.97755e-08 0 4.35809e-08 0 4.75542e-08 0 5.15639e-08 0 5.55763e-08 0 5.98299e-08 0 6.41897e-08 0 6.84894e-08 0 7.31705e-08 0 7.77608e-08 0 8.22208e-08 0 8.68766e-08 0 9.1734e-08 0 9.67987e-08 0 1.01663e-07 0 1.06713e-07 0 1.1151e-07 0 1.1693e-07 0 1.22073e-07 0 1.27388e-07 0 1.32372e-07 0 1.38024e-07 0 1.43321e-07 0 1.48771e-07 0 1.54376e-07 0 1.59557e-07 0 1.65467e-07 0 1.70926e-07 0 1.7652e-07 0 1.82252e-07 0 1.88122e-07 0 1.93459e-07 0 1.99598e-07 0 2.05177e-07 0 2.11232e-07 0 2.1742e-07 0 2.23367e-07 0 2.29052e-07 0 2.34844e-07 0 2.41142e-07 0 2.46755e-07 0 2.53289e-07 0
70.9813 6.74872e-10 6.70646e-10 4.22578e-12 0.0062616 0.00640567 6.27078e-33 0 3.5701e-25 0 3.91919e-18 0 1.45229e-14 0 2.57653e-13 0 1.18754e-12 0 3.28246e-12 0 6.94934e-12 0 6.00991e-11 0 4.01825e-10 0 1.10147e-09 0 2.14927e-09 0 3.52481e-09 0 5.21224e-09 0 7.18877e-09 0 9.39793e-09 0 1.18686e-08 0 1.45324e-08 0 1.74043e-08 0 2.04837e-08 0 2.37239e-08 0 2.71431e-08 0 3.07031e-08 0 3.44485e-08 0 3.82607e-08 0 4.21926e-08 0 4.63245e-08 0 5.05307e-08 0 5.49035e-08 0 5.92983e-08 0 6.36794e-08 0 6.8307e-08 0 7.30335e-08 0 7.76797e-08 0 8.27218e-08 0 8.76509e-08 0 9.24263e-08 0 9.73982e-08 0 1.02571e-07 0 1.07951e-07 0 1.13105e-07 0 1.18444e-07 0 1.23503e-07 0 1.29207e-07 0 1.34608e-07 0 1.40177e-07 0 1.45389e-07 0 1.51289e-07 0 1.56806e-07 0 1.62473e-07 0 1.68291e-07 0 1.7366e-07 0 1.79773e-07 0 1.85411e-07 0 1.9118e-07 0 1.9708e-07 0 2.03115e-07 0 2.08593e-07 0 2.14885e-07 0 2.20595e-07 0 2.26783e-07 0 2.33099e-07 0 2.3916e-07 0 2.44948e-07 0 2.50837e-07 0 2.57232e-07 0 2.62926e-07 0 2.69545e-07 0
74.6248 6.33551e-10 6.30085e-10 3.46686e-12 0.00547211 0.00585153 1.1751e-31 0 2.79761e-24 0 1.39173e-17 0 3.45277e-14 0 5.32313e-13 0 2.2771e-12 0 5.98926e-12 0 1.2224e-11 0 9.51466e-11 0 5.79795e-10 0 1.51296e-09 0 2.85742e-09 0 4.57436e-09 0 6.63628e-09 0 9.0103e-09 0 1.16262e-08 0 1.45163e-08 0 1.75995e-08 0 2.08929e-08 0 2.43949e-08 0 2.80521e-08 0 3.18848e-08 0 3.58506e-08 0 3.99986e-08 0 4.41982e-08 0 4.85083e-08 0 5.30166e-08 0 5.75858e-08 0 6.23164e-08 0 6.70524e-08 0 7.17566e-08 0 7.67084e-08 0 8.17492e-08 0 8.66888e-08 0 9.20333e-08 0 9.72425e-08 0 1.02276e-07 0 1.07503e-07 0 1.12928e-07 0 1.18555e-07 0 1.23934e-07 0 1.29492e-07 0 1.34748e-07 0 1.40662e-07 0 1.4625e-07 0 1.52e-07 0 1.57372e-07 0 1.63441e-07 0 1.69107e-07 0 1.74916e-07 0 1.8087e-07 0 1.86355e-07 0 1.92591e-07 0 1.98333e-07 0 2.04198e-07 0 2.1019e-07 0 2.16308e-07 0 2.21855e-07 0 2.28217e-07 0 2.33983e-07 0 2.40224e-07 0 2.46584e-07 0 2.52681e-07 0 2.58495e-07 0 2.64404e-07 0 2.70814e-07 0 2.76514e-07 0 2.83133e-07 0
78.4553 5.94478e-10 5.91632e-10 2.84603e-12 0.00478745 0.00535655 1.87846e-30 0 1.95143e-23 0 4.57257e-17 0 7.7452e-14 0 1.04479e-12 0 4.16319e-12 0 1.04451e-11 0 2.05885e-11 0 1.44975e-10 0 8.08825e-10 0 2.01406e-09 0 3.68754e-09 0 5.76921e-09 0 8.21908e-09 0 1.0994e-08 0 1.40104e-08 0 1.73047e-08 0 2.0784e-08 0 2.44676e-08 0 2.83535e-08 0 3.23828e-08 0 3.65781e-08 0 4.08932e-08 0 4.53817e-08 0 4.9903e-08 0 5.45214e-08 0 5.9331e-08 0 6.41853e-08 0 6.91913e-08 0 7.41845e-08 0 7.91273e-08 0 8.43132e-08 0 8.95757e-08 0 9.47172e-08 0 1.00264e-07 0 1.05656e-07 0 1.10852e-07 0 1.16235e-07 0 1.21808e-07 0 1.27576e-07 0 1.33076e-07 0 1.38748e-07 0 1.441e-07 0 1.5011e-07 0 1.55778e-07 0 1.616e-07 0 1.67029e-07 0 1.73152e-07 0 1.78858e-07 0 1.84698e-07 0 1.90675e-07 0 1.96172e-07 0 2.02413e-07 0 2.0815e-07 0 2.14003e-07 0 2.19973e-07 0 2.26061e-07 0 2.31573e-07 0 2.37887e-07 0 2.43602e-07 0 2.4978e-07 0 2.56069e-07 0 2.62089e-07 0 2.67824e-07 0 2.73646e-07 0 2.79955e-07 0 2.85558e-07 0 2.92058e-07 0
82.4824 5.61863e-10 5.59526e-10 2.33704e-12 0.00415944 0.0048899 2.60157e-29 0 1.22803e-22 0 1.4061e-16 0 1.65669e-13 0 1.9682e-12 0 7.33079e-12 0 1.75846e-11 0 3.35317e-11 0 2.14654e-10 0 1.10116e-09 0 2.62256e-09 0 4.66194e-09 0 7.13607e-09 0 9.99227e-09 0 1.31774e-08 0 1.65954e-08 0 2.02875e-08 0 2.41497e-08 0 2.82045e-08 0 3.24498e-08 0 3.68219e-08 0 4.1346e-08 0 4.59729e-08 0 5.07608e-08 0 5.55602e-08 0 6.04411e-08 0 6.55025e-08 0 7.05909e-08 0 7.58188e-08 0 8.10149e-08 0 8.61419e-08 0 9.15044e-08 0 9.69298e-08 0 1.02215e-07 0 1.07902e-07 0 1.13415e-07 0 1.18716e-07 0 1.24194e-07 0 1.29853e-07 0 1.35696e-07 0 1.41256e-07 0 1.46978e-07 0 1.52368e-07 0 1.58408e-07 0 1.64094e-07 0 1.69924e-07 0 1.7535e-07 0 1.81461e-07 0 1.87146e-07 0 1.92956e-07 0 1.98892e-07 0 2.04345e-07 0 2.10525e-07 0 2.16199e-07 0 2.2198e-07 0 2.27869e-07 0 2.33866e-07 0 2.39288e-07 0 2.45493e-07 0 2.51101e-07 0 2.57158e-07 0 2.63315e-07 0 2.69202e-07 0 2.74804e-07 0 2.80487e-07 0 2.86637e-07 0 2.92094e-07 0 2.98418e-07 0
86.7162 5.27251e-10 5.25329e-10 1.92225e-12 0.0036458 0.00449669 3.09948e-28 0 6.90897e-22 0 4.00318e-16 0 3.3395e-13 0 3.51586e-12 0 1.22809e-11 0 2.82267e-11 0 5.21552e-11 0 3.0494e-10 0 1.4443e-09 0 3.29711e-09 0 5.69877e-09 0 8.54378e-09 0 1.17685e-08 0 1.53118e-08 0 1.90677e-08 0 2.30825e-08 0 2.72443e-08 0 3.15788e-08 0 3.60847e-08 0 4.06951e-08 0 4.54378e-08 0 5.02623e-08 0 5.52298e-08 0 6.01865e-08 0 6.5206e-08 0 7.03905e-08 0 7.5583e-08 0 8.08989e-08 0 8.6165e-08 0 9.1345e-08 0 9.67469e-08 0 1.02197e-07 0 1.07492e-07 0 1.13174e-07 0 1.18669e-07 0 1.2394e-07 0 1.29375e-07 0 1.34978e-07 0 1.40751e-07 0 1.46233e-07 0 1.51864e-07 0 1.57159e-07 0 1.63081e-07 0 1.68646e-07 0 1.74343e-07 0 1.79637e-07 0 1.85588e-07 0 1.91117e-07 0 1.96759e-07 0 2.02515e-07 0 2.07794e-07 0 2.13771e-07 0 2.1925e-07 0 2.24825e-07 0 2.30497e-07 0 2.36267e-07 0 2.41477e-07 0 2.47432e-07 0 2.52809e-07 0 2.58609e-07 0 2.64498e-07 0 2.70124e-07 0 2.75471e-07 0 2.80889e-07 0 2.86748e-07 0 2.91941e-07 0 2.97954e-07 0
91.1674 4.93323e-10 4.91742e-10 1.5806e-12 0.00320399 0.00414032 3.21261e-27 0 3.50786e-21 0 1.06331e-15 0 6.38718e-13 0 5.99437e-12 0 1.9698e-11 0 4.34715e-11 0 7.79513e-11 0 4.18117e-10 0 1.83555e-09 0 4.0248e-09 0 6.77319e-09 0 9.95592e-09 0 1.35011e-08 0 1.7342e-08 0 2.13661e-08 0 2.56252e-08 0 3.0002e-08 0 3.45261e-08 0 3.91971e-08 0 4.39471e-08 0 4.88063e-08 0 5.3724e-08 0 5.87636e-08 0 6.37704e-08 0 6.88202e-08 0 7.40164e-08 0 7.9202e-08 0 8.4493e-08 0 8.9718e-08 0 9.48424e-08 0 1.00172e-07 0 1.05533e-07 0 1.1073e-07 0 1.16292e-07 0 1.21659e-07 0 1.26795e-07 0 1.32081e-07 0 1.37518e-07 0 1.43109e-07 0 1.48408e-07 0 1.53842e-07 0 1.58941e-07 0 1.64636e-07 0 1.69978e-07 0 1.75438e-07 0 1.80504e-07 0 1.86191e-07 0 1.91466e-07 0 1.96841e-07 0 2.02318e-07 0 2.07335e-07 0 2.13006e-07 0 2.182e-07 0 2.23477e-07 0 2.2884e-07 0 2.34289e-07 0 2.39204e-07 0 2.44815e-07 0 2.49877e-07 0 2.5533e-07 0 2.60862e-07 0 2.6614e-07 0 2.71153e-07 0 2.76227e-07 0 2.81709e-07 0 2.86564e-07 0 2.92179e-07 0
95.847 4.53407e-10 4.52109e-10 1.29816e-12 0.00286312 0.00384021 2.87299e-26 0 1.59114e-20 0 2.60431e-15 0 1.14466e-12 0 9.63014e-12 0 2.98597e-11 0 6.33991e-11 0 1.10489e-10 0 5.45983e-10 0 2.22989e-09 0 4.70566e-09 0 7.72042e-09 0 1.1137e-08 0 1.48801e-08 0 1.88815e-08 0 2.30276e-08 0 2.73744e-08 0 3.18049e-08 0 3.63516e-08 0 4.10155e-08 0 4.57308e-08 0 5.0529e-08 0 5.53614e-08 0 6.02914e-08 0 6.51692e-08 0 7.00701e-08 0 7.5095e-08 0 8.00927e-08 0 8.51758e-08 0 9.01803e-08 0 9.50749e-08 0 1.00152e-07 0 1.05246e-07 0 1.10172e-07 0 1.15433e-07 0 1.20496e-07 0 1.25333e-07 0 1.303e-07 0 1.354e-07 0 1.40634e-07 0 1.45586e-07 0 1.50654e-07 0 1.55404e-07 0 1.60699e-07 0 1.65658e-07 0 1.70718e-07 0 1.75407e-07 0 1.80664e-07 0 1.85532e-07 0 1.90487e-07 0 1.95529e-07 0 2.00141e-07 0 2.0535e-07 0 2.10113e-07 0 2.14948e-07 0 2.19855e-07 0 2.24836e-07 0 2.29324e-07 0 2.34443e-07 0 2.39055e-07 0 2.44019e-07 0 2.4905e-07 0 2.53846e-07 0 2.58395e-07 0 2.62998e-07 0 2.67964e-07 0 2.72359e-07 0 2.77439e-07 0
100.767 4.19645e-10 4.18578e-10 1.06717e-12 0.00254303 0.00355802 2.28715e-25 0 6.64133e-20 0 6.04884e-15 0 1.97521e-12 0 1.49765e-11 0 4.39408e-11 0 8.99292e-11 0 1.52531e-10 0 6.97178e-10 0 2.6584e-09 0 5.40917e-09 0 8.6629e-09 0 1.22753e-08 0 1.61711e-08 0 2.0283e-08 0 2.44989e-08 0 2.88795e-08 0 3.33097e-08 0 3.7825e-08 0 4.24284e-08 0 4.70568e-08 0 5.17429e-08 0 5.64409e-08 0 6.12133e-08 0 6.59166e-08 0 7.06253e-08 0 7.54366e-08 0 8.02066e-08 0 8.50434e-08 0 8.9792e-08 0 9.44241e-08 0 9.92164e-08 0 1.04014e-07 0 1.08642e-07 0 1.13574e-07 0 1.18311e-07 0 1.22826e-07 0 1.27455e-07 0 1.32199e-07 0 1.37059e-07 0 1.41649e-07 0 1.4634e-07 0 1.50728e-07 0 1.55613e-07 0 1.60181e-07 0 1.64836e-07 0 1.69143e-07 0 1.73965e-07 0 1.78426e-07 0 1.8296e-07 0 1.87567e-07 0 1.91778e-07 0 1.96526e-07 0 2.00864e-07 0 2.05263e-07 0 2.09723e-07 0 2.14244e-07 0 2.18315e-07 0 2.22953e-07 0 2.27127e-07 0 2.31617e-07 0 2.36162e-07 0 2.4049e-07 0 2.44593e-07 0 2.4874e-07 0 2.53212e-07 0 2.57166e-07 0 2.61731e-07 0
105.939 3.83823e-10 3.82948e-10 8.75097e-13 0.00227995 0.00329561 1.60015e-24 0 2.51417e-19 0 1.31121e-14 0 3.22755e-12 0 2.21673e-11 0 6.17089e-11 0 1.21954e-10 0 2.01582e-10 0 8.55492e-10 0 3.05578e-09 0 6.00599e-09 0 9.40039e-09 0 1.30961e-08 0 1.70223e-08 0 2.11166e-08 0 2.52727e-08 0 2.95544e-08 0 3.38528e-08 0 3.82053e-08 0 4.26169e-08 0 4.70293e-08 0 5.14755e-08 0 5.59135e-08 0 6.04037e-08 0 6.48124e-08 0 6.92111e-08 0 7.36912e-08 0 7.81194e-08 0 8.25967e-08 0 8.69806e-08 0 9.12463e-08 0 9.56491e-08 0 1.00047e-07 0 1.0428e-07 0 1.08781e-07 0 1.13096e-07 0 1.17201e-07 0 1.21403e-07 0 1.25701e-07 0 1.30097e-07 0 1.34241e-07 0 1.3847e-07 0 1.42421e-07 0 1.46813e-07 0 1.50913e-07 0 1.55086e-07 0 1.58943e-07 0 1.63255e-07 0 1.67239e-07 0 1.71283e-07 0 1.75389e-07 0 1.79136e-07 0 1.83358e-07 0 1.87211e-07 0 1.91113e-07 0 1.95066e-07 0 1.9907e-07 0 2.0267e-07 0 2.06769e-07 0 2.10455e-07 0 2.14416e-07 0 2.18422e-07 0 2.22234e-07 0 2.25844e-07 0 2.29491e-07 0 2.33419e-07 0 2.3689e-07 0 2.40895e-07 0
111.377 3.57417e-10 3.56699e-10 7.17596e-13 0.00200773 0.00302382 1.01947e-23 0 8.93116e-19 0 2.74075e-14 0 5.15612e-12 0 3.22334e-11 0 8.53556e-11 0 1.63168e-10 0 2.6317e-10 0 1.04078e-09 0 3.4937e-09 0 6.64414e-09 0 1.01747e-08 0 1.39479e-08 0 1.78998e-08 0 2.19738e-08 0 2.60702e-08 0 3.02564e-08 0 3.44296e-08 0 3.86293e-08 0 4.28627e-08 0 4.70758e-08 0 5.1302e-08 0 5.5503e-08 0 5.97372e-08 0 6.38801e-08 0 6.80001e-08 0 7.21836e-08 0 7.63067e-08 0 8.04644e-08 0 8.4525e-08 0 8.84668e-08 0 9.25261e-08 0 9.65718e-08 0 1.00458e-07 0 1.04583e-07 0 1.08529e-07 0 1.12277e-07 0 1.16107e-07 0 1.20018e-07 0 1.24011e-07 0 1.27771e-07 0 1.31601e-07 0 1.35175e-07 0 1.39142e-07 0 1.42841e-07 0 1.46601e-07 0 1.50071e-07 0 1.53947e-07 0 1.57523e-07 0 1.6115e-07 0 1.64827e-07 0 1.6818e-07 0 1.71954e-07 0 1.75395e-07 0 1.78876e-07 0 1.824e-07 0 1.85964e-07 0 1.89168e-07 0 1.92812e-07 0 1.96085e-07 0 1.996e-07 0 2.03152e-07 0 2.06529e-07 0 2.09725e-07 0 2.1295e-07 0 2.16423e-07 0 2.19488e-07 0 2.23023e-07 0
117.094 3.32958e-10 3.3237e-10 5.88093e-13 0.00176627 0.00277053 5.8435e-23 0 2.93692e-18 0 5.44229e-14 0 7.92842e-12 0 4.53218e-11 0 1.14442e-10 0 2.11958e-10 0 3.33977e-10 0 1.23507e-09 0 3.9081e-09 0 7.20306e-09 0 1.08042e-08 0 1.45854e-08 0 1.84925e-08 0 2.24768e-08 0 2.64469e-08 0 3.04733e-08 0 3.44604e-08 0 3.84495e-08 0 4.24497e-08 0 4.6412e-08 0 5.03696e-08 0 5.42883e-08 0 5.82238e-08 0 6.20616e-08 0 6.58665e-08 0 6.97189e-08 0 7.35055e-08 0 7.7314e-08 0 8.10247e-08 0 8.46188e-08 0 8.83123e-08 0 9.19858e-08 0 9.5508e-08 0 9.92391e-08 0 1.02802e-07 0 1.06181e-07 0 1.09628e-07 0 1.13143e-07 0 1.16726e-07 0 1.20095e-07 0 1.23522e-07 0 1.26716e-07 0 1.30256e-07 0 1.33553e-07 0 1.369e-07 0 1.39986e-07 0 1.43429e-07 0 1.46602e-07 0 1.49816e-07 0 1.53073e-07 0 1.56039e-07 0 1.59374e-07 0 1.62411e-07 0 1.65482e-07 0 1.68587e-07 0 1.71726e-07 0 1.74545e-07 0 1.77748e-07 0 1.80623e-07 0 1.83708e-07 0 1.86823e-07 0 1.89782e-07 0 1.92581e-07 0 1.95403e-07 0 1.9844e-07 0 2.01119e-07 0 2.04206e-07 0
123.105 3.10977e-10 3.10494e-10 4.82718e-13 0.00155226 0.00254662 3.03563e-22 0 8.99368e-18 0 1.03146e-13 0 1.17824e-11 0 6.18568e-11 0 1.49288e-10 0 2.68303e-10 0 4.13478e-10 0 1.43453e-09 0 4.29133e-09 0 7.67741e-09 0 1.12909e-08 0 1.50221e-08 0 1.88284e-08 0 2.26698e-08 0 2.64652e-08 0 3.02865e-08 0 3.40467e-08 0 3.77882e-08 0 4.15215e-08 0 4.52031e-08 0 4.88654e-08 0 5.24784e-08 0 5.60945e-08 0 5.96098e-08 0 6.30849e-08 0 6.65938e-08 0 7.00339e-08 0 7.34857e-08 0 7.68412e-08 0 8.00844e-08 0 8.34107e-08 0 8.67126e-08 0 8.98727e-08 0 9.32145e-08 0 9.64005e-08 0 9.94169e-08 0 1.02489e-07 0 1.05618e-07 0 1.08803e-07 0 1.11793e-07 0 1.14832e-07 0 1.17659e-07 0 1.2079e-07 0 1.23703e-07 0 1.26656e-07 0 1.29376e-07 0 1.32407e-07 0 1.35197e-07 0 1.38022e-07 0 1.4088e-07 0 1.43481e-07 0 1.46404e-07 0 1.49062e-07 0 1.51749e-07 0 1.54462e-07 0 1.57203e-07 0 1.59662e-07 0 1.62455e-07 0 1.6496e-07 0 1.67646e-07 0 1.70355e-07 0 1.72928e-07 0 1.75359e-07 0 1.77809e-07 0 1.80444e-07 0 1.82767e-07 0 1.85441e-07 0
129.424 2.90585e-10 2.90189e-10 3.96233e-13 0.00136357 0.00234025 1.43331e-21 0 2.56864e-17 0 1.86644e-13 0 1.69171e-11 0 8.1907e-11 0 1.89356e-10 0 3.30712e-10 0 4.99011e-10 0 1.62933e-09 0 4.62065e-09 0 8.03601e-09 0 1.15991e-08 0 1.52202e-08 0 1.88694e-08 0 2.25166e-08 0 2.6091e-08 0 2.96651e-08 0 3.31613e-08 0 3.66219e-08 0 4.00589e-08 0 4.3434e-08 0 4.67787e-08 0 5.00668e-08 0 5.33472e-08 0 5.65267e-08 0 5.96614e-08 0 6.28184e-08 0 6.59061e-08 0 6.89972e-08 0 7.19956e-08 0 7.4888e-08 0 7.7849e-08 0 8.07829e-08 0 8.35861e-08 0 8.65455e-08 0 8.93624e-08 0 9.20256e-08 0 9.47345e-08 0 9.74892e-08 0 1.0029e-07 0 1.02915e-07 0 1.0558e-07 0 1.08057e-07 0 1.10797e-07 0 1.13343e-07 0 1.15921e-07 0 1.18294e-07 0 1.20935e-07 0 1.23365e-07 0 1.25822e-07 0 1.28305e-07 0 1.30564e-07 0 1.33099e-07 0 1.35404e-07 0 1.3773e-07 0 1.40079e-07 0 1.42449e-07 0 1.44574e-07 0 1.46985e-07 0 1.49147e-07 0 1.51463e-07 0 1.53797e-07 0 1.56013e-07 0 1.58105e-07 0 1.60212e-07 0 1.62477e-07 0 1.64472e-07 0 1.66768e-07 0
136.067 2.71622e-10 2.71297e-10 3.25043e-13 0.00119668 0.00214671 6.17887e-21 0 6.86444e-17 0 3.23142e-13 0 2.3504e-11 0 1.05365e-10 0 2.33823e-10 0 3.9741e-10 0 5.87733e-10 0 1.81141e-09 0 4.88282e-09 0 8.26681e-09 0 1.1722e-08 0 1.51808e-08 0 1.86267e-08 0 2.20388e-08 0 2.53573e-08 0 2.86542e-08 0 3.18611e-08 0 3.50197e-08 0 3.8143e-08 0 4.11978e-08 0 4.42144e-08 0 4.71701e-08 0 5.011e-08 0 5.29516e-08 0 5.57458e-08 0 5.85533e-08 0 6.12928e-08 0 6.40295e-08 0 6.66789e-08 0 6.92298e-08 0 7.18366e-08 0 7.44152e-08 0 7.68749e-08 0 7.94677e-08 0 8.1932e-08 0 8.42586e-08 0 8.6622e-08 0 8.90224e-08 0 9.14595e-08 0 9.37419e-08 0 9.60556e-08 0 9.8204e-08 0 1.00578e-07 0 1.02781e-07 0 1.0501e-07 0 1.0706e-07 0 1.09339e-07 0 1.11434e-07 0 1.1355e-07 0 1.15688e-07 0 1.17631e-07 0 1.19809e-07 0 1.21788e-07 0 1.23784e-07 0 1.25798e-07 0 1.27829e-07 0 1.29648e-07 0 1.31712e-07 0 1.3356e-07 0 1.35539e-07 0 1.37532e-07 0 1.39423e-07 0 1.41208e-07 0 1.43004e-07 0 1.44933e-07 0 1.46632e-07 0 1.48586e-07 0
143.051 2.53728e-10 2.53462e-10 2.66639e-13 0.00105089 0.00197014 2.44045e-20 0 1.72044e-16 0 5.35927e-13 0 3.16196e-11 0 1.31736e-10 0 2.81189e-10 0 4.65702e-10 0 6.75708e-10 0 1.97137e-09 0 5.06382e-09 0 8.35724e-09 0 1.1652e-08 0 1.49034e-08 0 1.81074e-08 0 2.12524e-08 0 2.42893e-08 0 2.72878e-08 0 3.01891e-08 0 3.30334e-08 0 3.58343e-08 0 3.85635e-08 0 4.12495e-08 0 4.38732e-08 0 4.64754e-08 0 4.89839e-08 0 5.14448e-08 0 5.39117e-08 0 5.63137e-08 0 5.87085e-08 0 6.10225e-08 0 6.32467e-08 0 6.55157e-08 0 6.77567e-08 0 6.98911e-08 0 7.21378e-08 0 7.42701e-08 0 7.62807e-08 0 7.83206e-08 0 8.03899e-08 0 8.24885e-08 0 8.44515e-08 0 8.64394e-08 0 8.82834e-08 0 9.03187e-08 0 9.22061e-08 0 9.41141e-08 0 9.58666e-08 0 9.78139e-08 0 9.96021e-08 0 1.01407e-07 0 1.03229e-07 0 1.04883e-07 0 1.06737e-07 0 1.0842e-07 0 1.10116e-07 0 1.11826e-07 0 1.13549e-07 0 1.15092e-07 0 1.16841e-07 0 1.18407e-07 0 1.20082e-07 0 1.21768e-07 0 1.23367e-07 0 1.24875e-07 0 1.26392e-07 0 1.2802e-07 0 1.29453e-07 0 1.31101e-07 0
150.394 2.38466e-10 2.38248e-10 2.18571e-13 0.000916573 0.00179952 8.92896e-20 0 4.08401e-16 0 8.58992e-13 0 4.1532e-11 0 1.6139e-10 0 3.31972e-10 0 5.36442e-10 0 7.64348e-10 0 2.11665e-09 0 5.19356e-09 0 8.36622e-09 0 1.14793e-08 0 1.45101e-08 0 1.74662e-08 0 2.0344e-08 0 2.31039e-08 0 2.58133e-08 0 2.84217e-08 0 3.09678e-08 0 3.34652e-08 0 3.58902e-08 0 3.82691e-08 0 4.05862e-08 0 4.28781e-08 0 4.50821e-08 0 4.72394e-08 0 4.93973e-08 0 5.14943e-08 0 5.3581e-08 0 5.55938e-08 0 5.75253e-08 0 5.94927e-08 0 6.14329e-08 0 6.32782e-08 0 6.52179e-08 0 6.70565e-08 0 6.8788e-08 0 7.05428e-08 0 7.23209e-08 0 7.41221e-08 0 7.58052e-08 0 7.75079e-08 0 7.90859e-08 0 8.0826e-08 0 8.24382e-08 0 8.40666e-08 0 8.5561e-08 0 8.72202e-08 0 8.87426e-08 0 9.02781e-08 0 9.1827e-08 0 9.32321e-08 0 9.48059e-08 0 9.62334e-08 0 9.76716e-08 0 9.91202e-08 0 1.00579e-07 0 1.01885e-07 0 1.03364e-07 0 1.04687e-07 0 1.06102e-07 0 1.07526e-07 0 1.08875e-07 0 1.10146e-07 0 1.11425e-07 0 1.12797e-07 0 1.14004e-07 0 1.15391e-07 0
158.114 2.26423e-10 2.26244e-10 1.79617e-13 0.000793281 0.0016471 3.05101e-19 0 9.24738e-16 0 1.3387e-12 0 5.35601e-11 0 1.94788e-10 0 3.86817e-10 0 6.10611e-10 0 8.55142e-10 0 2.25356e-09 0 5.2941e-09 0 8.33442e-09 0 1.12634e-08 0 1.40788e-08 0 1.67982e-08 0 1.9425e-08 0 2.19281e-08 0 2.43721e-08 0 2.67139e-08 0 2.89904e-08 0 3.12152e-08 0 3.33684e-08 0 3.54744e-08 0 3.752e-08 0 3.95384e-08 0 4.14748e-08 0 4.33662e-08 0 4.52543e-08 0 4.70858e-08 0 4.8905e-08 0 5.06569e-08 0 5.23355e-08 0 5.40429e-08 0 5.57241e-08 0 5.73211e-08 0 5.89977e-08 0 6.0585e-08 0 6.20781e-08 0 6.35897e-08 0 6.51197e-08 0 6.66681e-08 0 6.81135e-08 0 6.95744e-08 0 7.09271e-08 0 7.24174e-08 0 7.3797e-08 0 7.51894e-08 0 7.64662e-08 0 7.78828e-08 0 7.91815e-08 0 8.04906e-08 0 8.18101e-08 0 8.30064e-08 0 8.43454e-08 0 8.55593e-08 0 8.67813e-08 0 8.80116e-08 0 8.92501e-08 0 9.03577e-08 0 9.16115e-08 0 9.27328e-08 0 9.39311e-08 0 9.51366e-08 0 9.62777e-08 0 9.73531e-08 0 9.84341e-08 0 9.95932e-08 0 1.00612e-07 0 1.01783e-07 0
166.23 2.08149e-10 2.08001e-10 1.47478e-13 0.000708524 0.00152878 9.36621e-19 0 1.91936e-15 0 1.94762e-12 0 6.50797e-11 0 2.22231e-10 0 4.26793e-10 0 6.58892e-10 0 9.07746e-10 0 2.28215e-09 0 5.14436e-09 0 7.92409e-09 0 1.0556e-08 0 1.30555e-08 0 1.54477e-08 0 1.77416e-08 0 1.99142e-08 0 2.20248e-08 0 2.40383e-08 0 2.5988e-08 0 2.78869e-08 0 2.9719e-08 0 3.1506e-08 0 3.32373e-08 0 3.49415e-08 0 3.6573e-08 0 3.81634e-08 0 3.97481e-08 0 4.12825e-08 0 4.28043e-08 0 4.42674e-08 0 4.56673e-08 0 4.70892e-08 0 4.84876e-08 0 4.98143e-08 0 5.12055e-08 0 5.2521e-08 0 5.37572e-08 0 5.50075e-08 0 5.62718e-08 0 5.75499e-08 0 5.87421e-08 0 5.99459e-08 0 6.10597e-08 0 6.22858e-08 0 6.34199e-08 0 6.45636e-08 0 6.56117e-08 0 6.67737e-08 0 6.78383e-08 0 6.89107e-08 0 6.99909e-08 0 7.09697e-08 0 7.20645e-08 0 7.30564e-08 0 7.40545e-08 0 7.50588e-08 0 7.60691e-08 0 7.69723e-08 0 7.79942e-08 0 7.89075e-08 0 7.98832e-08 0 8.08642e-08 0 8.17923e-08 0 8.26667e-08 0 8.35452e-08 0 8.44868e-08 0 8.53145e-08 0 8.62647e-08 0
174.763 1.95585e-10 1.95464e-10 1.20857e-13 0.000617923 0.00139563 2.73735e-18 0 3.86577e-15 0 2.79771e-12 0 7.87676e-11 0 2.53329e-10 0 4.71285e-10 0 7.12355e-10 0 9.66223e-10 0 2.32289e-09 0 5.03502e-09 0 7.5971e-09 0 9.98354e-09 0 1.22242e-08 0 1.43504e-08 0 1.63751e-08 0 1.8282e-08 0 2.01255e-08 0 2.18769e-08 0 2.35669e-08 0 2.52074e-08 0 2.67856e-08 0 2.83209e-08 0 2.98049e-08 0 3.12624e-08 0 3.2655e-08 0 3.40099e-08 0 3.53577e-08 0 3.66605e-08 0 3.79506e-08 0 3.91892e-08 0 4.03728e-08 0 4.15734e-08 0 4.27528e-08 0 4.38703e-08 0 4.5041e-08 0 4.61467e-08 0 4.71848e-08 0 4.82338e-08 0 4.92935e-08 0 5.03639e-08 0 5.13614e-08 0 5.23679e-08 0 5.32984e-08 0 5.43219e-08 0 5.5268e-08 0 5.62214e-08 0 5.70945e-08 0 5.80619e-08 0 5.89476e-08 0 5.98393e-08 0 6.07369e-08 0 6.15498e-08 0 6.24586e-08 0 6.32815e-08 0 6.4109e-08 0 6.49413e-08 0 6.57782e-08 0 6.6526e-08 0 6.73716e-08 0 6.81271e-08 0 6.89337e-08 0 6.97444e-08 0 7.05111e-08 0 7.12331e-08 0 7.19582e-08 0 7.2735e-08 0 7.34176e-08 0 7.4201e-08 0
183.733 1.85612e-10 1.85513e-10 9.92408e-14 0.000534667 0.00127577 7.55148e-18 0 7.48423e-15 0 3.92735e-12 0 9.3948e-11 0 2.85419e-10 0 5.1517e-10 0 7.63196e-10 0 1.01997e-09 0 2.35014e-09 0 4.90827e-09 0 7.26236e-09 0 9.42145e-09 0 1.14271e-08 0 1.33148e-08 0 1.51009e-08 0 1.67741e-08 0 1.83845e-08 0 1.99086e-08 0 2.13741e-08 0 2.27925e-08 0 2.41534e-08 0 2.5474e-08 0 2.67476e-08 0 2.7996e-08 0 2.91864e-08 0 3.03427e-08 0 3.14911e-08 0 3.25995e-08 0 3.36954e-08 0 3.47463e-08 0 3.57491e-08 0 3.67653e-08 0 3.77623e-08 0 3.8706e-08 0 3.96936e-08 0 4.06255e-08 0 4.14996e-08 0 4.23821e-08 0 4.32729e-08 0 4.41719e-08 0 4.5009e-08 0 4.58531e-08 0 4.66328e-08 0 4.749e-08 0 4.82817e-08 0 4.90791e-08 0 4.98088e-08 0 5.06169e-08 0 5.13563e-08 0 5.21002e-08 0 5.28487e-08 0 5.35262e-08 0 5.42832e-08 0 5.49683e-08 0 5.5657e-08 0 5.63493e-08 0 5.7045e-08 0 5.76665e-08 0 5.83689e-08 0 5.89962e-08 0 5.96657e-08 0 6.03382e-08 0 6.0974e-08 0 6.15725e-08 0 6.21734e-08 0 6.28169e-08 0 6.33821e-08 0 6.40306e-08 0
193.164 1.73573e-10 1.73492e-10 8.15398e-14 0.000469772 0.00117736 1.92487e-17 0 1.36218e-14 0 5.26488e-12 0 1.07865e-10 0 3.10423e-10 0 5.4443e-10 0 7.9129e-10 0 1.04274e-09 0 2.3077e-09 0 4.65287e-09 0 6.75815e-09 0 8.66114e-09 0 1.04112e-08 0 1.20459e-08 0 1.35832e-08 0 1.50162e-08 0 1.63896e-08 0 1.76847e-08 0 1.89262e-08 0 2.01243e-08 0 2.1271e-08 0 2.23812e-08 0 2.34496e-08 0 2.44949e-08 0 2.549e-08 0 2.64549e-08 0 2.74118e-08 0 2.83341e-08 0 2.92448e-08 0 3.01169e-08 0 3.09483e-08 0 3.17898e-08 0 3.26145e-08 0 3.33944e-08 0 3.42098e-08 0 3.49785e-08 0 3.56989e-08 0 3.64256e-08 0 3.71586e-08 0 3.78978e-08 0 3.85856e-08 0 3.92787e-08 0 3.99185e-08 0 4.06214e-08 0 4.12701e-08 0 4.19232e-08 0 4.25205e-08 0 4.31815e-08 0 4.37861e-08 0 4.4394e-08 0 4.50054e-08 0 4.55584e-08 0 4.61761e-08 0 4.67349e-08 0 4.72964e-08 0 4.78605e-08 0 4.84272e-08 0 4.89332e-08 0 4.95048e-08 0 5.00152e-08 0 5.05596e-08 0 5.11063e-08 0 5.1623e-08 0 5.21092e-08 0 5.25971e-08 0 5.31195e-08 0 5.35782e-08 0 5.41042e-08 0
203.079 1.60819e-10 1.60752e-10 6.69559e-14 0.000416343 0.00108979 4.57271e-17 0 2.34891e-14 0 6.78748e-12 0 1.20006e-10 0 3.28031e-10 0 5.59818e-10 0 7.99037e-10 0 1.03899e-09 0 2.21313e-09 0 4.3158e-09 0 6.15972e-09 0 7.80381e-09 0 9.30156e-09 0 1.06907e-08 0 1.19896e-08 0 1.31949e-08 0 1.43454e-08 0 1.54267e-08 0 1.64602e-08 0 1.7455e-08 0 1.84048e-08 0 1.93225e-08 0 2.0204e-08 0 2.10648e-08 0 2.1883e-08 0 2.26751e-08 0 2.34596e-08 0 2.42147e-08 0 2.49594e-08 0 2.56718e-08 0 2.63501e-08 0 2.7036e-08 0 2.77075e-08 0 2.83421e-08 0 2.90048e-08 0 2.96291e-08 0 3.02137e-08 0 3.08031e-08 0 3.1397e-08 0 3.19956e-08 0 3.25522e-08 0 3.31126e-08 0 3.36297e-08 0 3.41975e-08 0 3.47212e-08 0 3.5248e-08 0 3.57297e-08 0 3.62625e-08 0 3.67494e-08 0 3.72389e-08 0 3.77309e-08 0 3.81758e-08 0 3.86725e-08 0 3.91216e-08 0 3.95727e-08 0 4.00257e-08 0 4.04806e-08 0 4.08866e-08 0 4.13452e-08 0 4.17544e-08 0 4.21908e-08 0 4.26289e-08 0 4.30427e-08 0 4.3432e-08 0 4.38226e-08 0 4.42406e-08 0 4.46075e-08 0 4.50282e-08 0
213.503 1.49331e-10 1.49276e-10 5.49282e-14 0.000367828 0.0010049 1.02715e-16 0 3.89028e-14 0 8.52468e-12 0 1.31012e-10 0 3.41017e-10 0 5.67082e-10 0 7.95592e-10 0 1.02148e-09 0 2.09838e-09 0 3.96485e-09 0 5.56592e-09 0 6.97525e-09 0 8.24783e-09 0 9.42027e-09 0 1.05108e-08 0 1.15183e-08 0 1.24767e-08 0 1.33744e-08 0 1.42301e-08 0 1.50518e-08 0 1.58347e-08 0 1.65895e-08 0 1.73133e-08 0 1.80189e-08 0 1.86886e-08 0 1.93361e-08 0 1.99765e-08 0 2.05921e-08 0 2.11986e-08 0 2.17781e-08 0 2.23294e-08 0 2.28863e-08 0 2.34311e-08 0 2.39454e-08 0 2.44821e-08 0 2.49873e-08 0 2.54601e-08 0 2.59363e-08 0 2.6416e-08 0 2.68991e-08 0 2.7348e-08 0 2.77997e-08 0 2.82163e-08 0 2.86734e-08 0 2.90948e-08 0 2.95186e-08 0 2.99058e-08 0 3.03339e-08 0 3.0725e-08 0 3.1118e-08 0 3.15128e-08 0 3.18697e-08 0 3.22679e-08 0 3.26278e-08 0 3.29892e-08 0 3.3352e-08 0 3.37162e-08 0 3.40412e-08 0 3.4408e-08 0 3.47353e-08 0 3.50842e-08 0 3.54343e-08 0 3.5765e-08 0 3.60759e-08 0 3.63878e-08 0 3.67215e-08 0 3.70143e-08 0 3.735e-08 0
224.463 1.40326e-10 1.40281e-10 4.50699e-14 0.00032118 0.00092185 2.20917e-16 0 6.26167e-14 0 1.05466e-11 0 1.41866e-10 0 3.52495e-10 0 5.71915e-10 0 7.89374e-10 0 1.00139e-09 0 1.98765e-09 0 3.64513e-09 0 5.0377e-09 0 6.24884e-09 0 7.33346e-09 0 8.32653e-09 0 9.24571e-09 0 1.00915e-08 0 1.08932e-08 0 1.16421e-08 0 1.23541e-08 0 1.30362e-08 0 1.36847e-08 0 1.4309e-08 0 1.49065e-08 0 1.54882e-08 0 1.60395e-08 0 1.65718e-08 0 1.70976e-08 0 1.76026e-08 0 1.80995e-08 0 1.85739e-08 0 1.90247e-08 0 1.94797e-08 0 1.99245e-08 0 2.03441e-08 0 2.07816e-08 0 2.11931e-08 0 2.1578e-08 0 2.19654e-08 0 2.23554e-08 0 2.27479e-08 0 2.31124e-08 0 2.3479e-08 0 2.38169e-08 0 2.41876e-08 0 2.45291e-08 0 2.48723e-08 0 2.51858e-08 0 2.55323e-08 0 2.58487e-08 0 2.61664e-08 0 2.64855e-08 0 2.67739e-08 0 2.70955e-08 0 2.73861e-08 0 2.76777e-08 0 2.79704e-08 0 2.82642e-08 0 2.85262e-08 0 2.88218e-08 0 2.90855e-08 0 2.93666e-08 0 2.96485e-08 0 2.99147e-08 0 3.0165e-08 0 3.04159e-08 0 3.06843e-08 0 3.09198e-08 0 3.11897e-08 0
235.984 1.30353e-10 1.30316e-10 3.70147e-14 0.000283957 0.000853566 4.45612e-16 0 9.58689e-14 0 1.25721e-11 0 1.4899e-10 0 3.54206e-10 0 5.61419e-10 0 7.62977e-10 0 9.56945e-10 0 1.83864e-09 0 3.27801e-09 0 4.46396e-09 0 5.48385e-09 0 6.39018e-09 0 7.21522e-09 0 7.97538e-09 0 8.67219e-09 0 9.33065e-09 0 9.94403e-09 0 1.05258e-08 0 1.1082e-08 0 1.16099e-08 0 1.21171e-08 0 1.26019e-08 0 1.30731e-08 0 1.35191e-08 0 1.39493e-08 0 1.43738e-08 0 1.4781e-08 0 1.51813e-08 0 1.55631e-08 0 1.59257e-08 0 1.62913e-08 0 1.66484e-08 0 1.69851e-08 0 1.73359e-08 0 1.76656e-08 0 1.79738e-08 0 1.82838e-08 0 1.85958e-08 0 1.89095e-08 0 1.92008e-08 0 1.94936e-08 0 1.97633e-08 0 2.0059e-08 0 2.03313e-08 0 2.06049e-08 0 2.08547e-08 0 2.11307e-08 0 2.13825e-08 0 2.16354e-08 0 2.18893e-08 0 2.21186e-08 0 2.23743e-08 0 2.26052e-08 0 2.28369e-08 0 2.30694e-08 0 2.33026e-08 0 2.35106e-08 0 2.37452e-08 0 2.39544e-08 0 2.41773e-08 0 2.44008e-08 0 2.46118e-08 0 2.48101e-08 0 2.50089e-08 0 2.52215e-08 0 2.5408e-08 0 2.56216e-08 0
248.097 1.20182e-10 1.20152e-10 3.03749e-14 0.000252741 0.000791124 8.48522e-16 0 1.4044e-13 0 1.45159e-11 0 1.52509e-10 0 3.47687e-10 0 5.39007e-10 0 7.21843e-10 0 8.95637e-10 0 1.66869e-09 0 2.89674e-09 0 3.89024e-09 0 4.73568e-09 0 5.48161e-09 0 6.157e-09 0 6.77661e-09 0 7.34262e-09 0 7.87591e-09 0 8.37145e-09 0 8.84044e-09 0 9.28795e-09 0 9.71191e-09 0 1.01186e-08 0 1.05068e-08 0 1.08837e-08 0 1.12399e-08 0 1.15832e-08 0 1.19215e-08 0 1.22458e-08 0 1.25643e-08 0 1.28678e-08 0 1.31557e-08 0 1.3446e-08 0 1.37292e-08 0 1.3996e-08 0 1.42739e-08 0 1.4535e-08 0 1.47788e-08 0 1.5024e-08 0 1.52705e-08 0 1.55184e-08 0 1.57483e-08 0 1.59794e-08 0 1.61922e-08 0 1.64253e-08 0 1.664e-08 0 1.68555e-08 0 1.70523e-08 0 1.72695e-08 0 1.74677e-08 0 1.76667e-08 0 1.78663e-08 0 1.80466e-08 0 1.82476e-08 0 1.8429e-08 0 1.8611e-08 0 1.87936e-08 0 1.89767e-08 0 1.91398e-08 0 1.93239e-08 0 1.9488e-08 0 1.96628e-08 0 1.98381e-08 0 2.00034e-08 0 2.01588e-08 0 2.03146e-08 0 2.04811e-08 0 2.06271e-08 0 2.07944e-08 0
260.832 1.11222e-10 1.11197e-10 2.4907e-14 0.00022394 0.000730027 1.54639e-15 0 1.99442e-13 0 1.64378e-11 0 1.54026e-10 0 3.3745e-10 0 5.12261e-10 0 6.76548e-10 0 8.30905e-10 0 1.50368e-09 0 2.54543e-09 0 3.3739e-09 0 4.07203e-09 0 4.68388e-09 0 5.23511e-09 0 5.73882e-09 0 6.19747e-09 0 6.62844e-09 0 7.02797e-09 0 7.40533e-09 0 7.76477e-09 0 8.10474e-09 0 8.43043e-09 0 8.74085e-09 0 9.04187e-09 0 9.32611e-09 0 9.5997e-09 0 9.86911e-09 0 1.01271e-08 0 1.03803e-08 0 1.06213e-08 0 1.08499e-08 0 1.10801e-08 0 1.13047e-08 0 1.15161e-08 0 1.17361e-08 0 1.19426e-08 0 1.21355e-08 0 1.23293e-08 0 1.25241e-08 0 1.27198e-08 0 1.29013e-08 0 1.30837e-08 0 1.32515e-08 0 1.34353e-08 0 1.36045e-08 0 1.37743e-08 0 1.39293e-08 0 1.41003e-08 0 1.42563e-08 0 1.44128e-08 0 1.45699e-08 0 1.47116e-08 0 1.48696e-08 0 1.50122e-08 0 1.51552e-08 0 1.52985e-08 0 1.54423e-08 0 1.55704e-08 0 1.57149e-08 0 1.58436e-08 0 1.59808e-08 0 1.61182e-08 0 1.62479e-08 0 1.63697e-08 0 1.64918e-08 0 1.66223e-08 0 1.67367e-08 0 1.68677e-08 0
274.221 1.04344e-10 1.04324e-10 2.04235e-14 0.000195732 0.000669229 2.73041e-15 0 2.77768e-13 0 1.84586e-11 0 1.55141e-10 0 3.27305e-10 0 4.87066e-10 0 6.3486e-10 0 7.72207e-10 0 1.35955e-09 0 2.24747e-09 0 2.94239e-09 0 3.52267e-09 0 4.02809e-09 0 4.48132e-09 0 4.89397e-09 0 5.26859e-09 0 5.61972e-09 0 5.94453e-09 0 6.25075e-09 0 6.54194e-09 0 6.81696e-09 0 7.08007e-09 0 7.33055e-09 0 7.57317e-09 0 7.80203e-09 0 8.02211e-09 0 8.23864e-09 0 8.44582e-09 0 8.64899e-09 0 8.84231e-09 0 9.02549e-09 0 9.20985e-09 0 9.38957e-09 0 9.55867e-09 0 9.73457e-09 0 9.89963e-09 0 1.00536e-08 0 1.02084e-08 0 1.03638e-08 0 1.052e-08 0 1.06647e-08 0 1.081e-08 0 1.09437e-08 0 1.10901e-08 0 1.12248e-08 0 1.136e-08 0 1.14833e-08 0 1.16193e-08 0 1.17433e-08 0 1.18678e-08 0 1.19926e-08 0 1.21052e-08 0 1.22306e-08 0 1.23439e-08 0 1.24574e-08 0 1.25712e-08 0 1.26852e-08 0 1.27869e-08 0 1.29015e-08 0 1.30035e-08 0 1.31122e-08 0 1.32212e-08 0 1.33239e-08 0 1.34204e-08 0 1.35171e-08 0 1.36205e-08 0 1.37111e-08 0 1.38148e-08 0
288.297 9.70165e-11 9.69997e-11 1.67632e-14 0.000172787 0.000618801 4.57631e-15 0 3.71501e-13 0 2.01163e-11 0 1.52484e-10 0 3.10392e-10 0 4.53275e-10 0 5.83501e-10 0 7.03283e-10 0 1.20647e-09 0 1.9503e-09 0 2.52382e-09 0 2.99869e-09 0 3.40993e-09 0 3.77713e-09 0 4.11032e-09 0 4.41197e-09 0 4.69405e-09 0 4.95447e-09 0 5.19957e-09 0 5.43228e-09 0 5.65176e-09 0 5.86149e-09 0 6.06093e-09 0 6.25391e-09 0 6.43578e-09 0 6.61052e-09 0 6.78231e-09 0 6.94655e-09 0 7.10751e-09 0 7.26055e-09 0 7.40549e-09 0 7.55128e-09 0 7.69332e-09 0 7.82689e-09 0 7.96577e-09 0 8.09603e-09 0 8.21752e-09 0 8.33953e-09 0 8.46204e-09 0 8.58505e-09 0 8.69904e-09 0 8.81344e-09 0 8.91867e-09 0 9.03386e-09 0 9.13979e-09 0 9.24606e-09 0 9.34295e-09 0 9.44985e-09 0 9.5473e-09 0 9.64502e-09 0 9.74299e-09 0 9.8314e-09 0 9.92986e-09 0 1.00187e-08 0 1.01077e-08 0 1.0197e-08 0 1.02864e-08 0 1.03661e-08 0 1.04559e-08 0 1.05359e-08 0 1.0621e-08 0 1.07064e-08 0 1.07868e-08 0 1.08624e-08 0 1.09381e-08 0 1.1019e-08 0 1.10899e-08 0 1.1171e-08 0
303.095 8.97407e-11 8.9727e-11 1.37539e-14 0.000153262 0.000572502 7.32437e-15 0 4.79722e-13 0 2.13802e-11 0 1.46926e-10 0 2.89112e-10 0 4.14737e-10 0 5.27641e-10 0 6.30491e-10 0 1.05542e-09 0 1.67056e-09 0 2.13832e-09 0 2.52258e-09 0 2.85359e-09 0 3.14798e-09 0 3.41427e-09 0 3.65474e-09 0 3.87913e-09 0 4.08592e-09 0 4.28023e-09 0 4.46446e-09 0 4.63801e-09 0 4.80365e-09 0 4.96101e-09 0 5.11313e-09 0 5.25636e-09 0 5.39388e-09 0 5.52897e-09 0 5.65804e-09 0 5.78445e-09 0 5.90457e-09 0 6.01826e-09 0 6.13257e-09 0 6.24387e-09 0 6.34849e-09 0 6.45722e-09 0 6.55916e-09 0 6.6542e-09 0 6.7496e-09 0 6.84536e-09 0 6.94148e-09 0 7.03052e-09 0 7.11985e-09 0 7.202e-09 0 7.29188e-09 0 7.37453e-09 0 7.45741e-09 0 7.53296e-09 0 7.61628e-09 0 7.69223e-09 0 7.76836e-09 0 7.84468e-09 0 7.91352e-09 0 7.99019e-09 0 8.05934e-09 0 8.12863e-09 0 8.19807e-09 0 8.26764e-09 0 8.32961e-09 0 8.39944e-09 0 8.46164e-09 0 8.52784e-09 0 8.59416e-09 0 8.65669e-09 0 8.7154e-09 0 8.77421e-09 0 8.83703e-09 0 8.89209e-09 0 8.95511e-09 0
318.653 8.32243e-11 8.3213e-11 1.12796e-14 0.000135533 0.000528234 1.13033e-14 0 6.03607e-13 0 2.23549e-11 0 1.39971e-10 0 2.66728e-10 0 3.76228e-10 0 4.73355e-10 0 5.61033e-10 0 9.17709e-10 0 1.42407e-09 0 1.80417e-09 0 2.11416e-09 0 2.37989e-09 0 2.61535e-09 0 2.82772e-09 0 3.01906e-09 0 3.19725e-09 0 3.36119e-09 0 3.51501e-09 0 3.66067e-09 0 3.79771e-09 0 3.92839e-09 0 4.0524e-09 0 4.17219e-09 0 4.2849e-09 0 4.39303e-09 0 4.49918e-09 0 4.60053e-09 0 4.69973e-09 0 4.79395e-09 0 4.88309e-09 0 4.97265e-09 0 5.05983e-09 0 5.14174e-09 0 5.22683e-09 0 5.30657e-09 0 5.38089e-09 0 5.45546e-09 0 5.5303e-09 0 5.60538e-09 0 5.67492e-09 0 5.74466e-09 0 5.80877e-09 0 5.8789e-09 0 5.94337e-09 0 6.008e-09 0 6.06691e-09 0 6.13185e-09 0 6.19104e-09 0 6.25035e-09 0 6.3098e-09 0 6.36341e-09 0 6.42311e-09 0 6.47694e-09 0 6.53087e-09 0 6.5849e-09 0 6.63903e-09 0 6.68723e-09 0 6.74155e-09 0 6.78992e-09 0 6.84139e-09 0 6.89294e-09 0 6.94154e-09 0 6.98717e-09 0 7.03286e-09 0 7.08167e-09 0 7.12444e-09 0 7.17339e-09 0
335.009 7.70332e-11 7.7024e-11 9.25198e-15 0.000120104 0.000488401 1.67767e-14 0 7.37757e-13 0 2.29134e-11 0 1.31345e-10 0 2.42802e-10 0 3.37067e-10 0 4.19655e-10 0 4.9358e-10 0 7.89993e-10 0 1.20324e-09 0 1.50975e-09 0 1.75804e-09 0 1.96992e-09 0 2.15704e-09 0 2.32536e-09 0 2.47668e-09 0 2.61736e-09 0 2.74658e-09 0 2.86766e-09 0 2.98219e-09 0 3.08983e-09 0 3.19236e-09 0 3.28959e-09 0 3.38344e-09 0 3.47166e-09 0 3.55625e-09 0 3.63924e-09 0 3.71844e-09 0 3.79591e-09 0 3.86946e-09 0 3.939e-09 0 4.00885e-09 0 4.07681e-09 0 4.14063e-09 0 4.20691e-09 0 4.269e-09 0 4.32685e-09 0 4.38488e-09 0 4.44309e-09 0 4.50148e-09 0 4.55554e-09 0 4.60974e-09 0 4.65956e-09 0 4.71404e-09 0 4.76411e-09 0 4.81429e-09 0 4.86002e-09 0 4.91042e-09 0 4.95635e-09 0 5.00236e-09 0 5.04847e-09 0 5.09005e-09 0 5.13633e-09 0 5.17806e-09 0 5.21986e-09 0 5.26173e-09 0 5.30367e-09 0 5.34101e-09 0 5.38308e-09 0 5.42054e-09 0 5.46039e-09 0 5.5003e-09 0 5.53792e-09 0 5.57324e-09 0 5.6086e-09 0 5.64637e-09 0 5.67946e-09 0 5.71732e-09 0
352.205 7.1055e-11 7.10474e-11 7.58488e-15 0.000106747 0.000451547 2.39536e-14 0 8.75713e-13 0 2.3008e-11 0 1.21296e-10 0 2.17879e-10 0 2.97952e-10 0 3.67302e-10 0 4.28886e-10 0 6.72528e-10 0 1.00653e-09 0 1.25153e-09 0 1.44877e-09 0 1.61638e-09 0 1.76394e-09 0 1.89636e-09 0 2.01517e-09 0 2.12544e-09 0 2.22658e-09 0 2.32124e-09 0 2.41068e-09 0 2.49466e-09 0 2.57458e-09 0 2.65032e-09 0 2.72336e-09 0 2.79198e-09 0 2.85774e-09 0 2.92222e-09 0 2.98371e-09 0 3.04384e-09 0 3.10089e-09 0 3.15482e-09 0 3.20896e-09 0 3.26162e-09 0 3.31105e-09 0 3.36237e-09 0 3.41043e-09 0 3.45519e-09 0 3.50008e-09 0 3.5451e-09 0 3.59024e-09 0 3.63202e-09 0 3.67391e-09 0 3.71239e-09 0 3.75447e-09 0 3.79313e-09 0 3.83188e-09 0 3.86717e-09 0 3.90607e-09 0 3.9415e-09 0 3.977e-09 0 4.01256e-09 0 4.04462e-09 0 4.08031e-09 0 4.11247e-09 0 4.14469e-09 0 4.17696e-09 0 4.20928e-09 0 4.23804e-09 0 4.27045e-09 0 4.2993e-09 0 4.32999e-09 0 4.36072e-09 0 4.38969e-09 0 4.41687e-09 0 4.44409e-09 0 4.47316e-09 0 4.49862e-09 0 4.52775e-09 0
370.284 6.61644e-11 6.61581e-11 6.21732e-15 9.39679e-05 0.000414973 3.33873e-14 0 1.02394e-12 0 2.29478e-11 0 1.11752e-10 0 1.95363e-10 0 2.63398e-10 0 3.21688e-10 0 3.73071e-10 0 5.73835e-10 0 8.44793e-10 0 1.04152e-09 0 1.19899e-09 0 1.3323e-09 0 1.44933e-09 0 1.55411e-09 0 1.64795e-09 0 1.73492e-09 0 1.81458e-09 0 1.88906e-09 0 1.95935e-09 0 2.0253e-09 0 2.08802e-09 0 2.1474e-09 0 2.20463e-09 0 2.25837e-09 0 2.30984e-09 0 2.36028e-09 0 2.40836e-09 0 2.45535e-09 0 2.49993e-09 0 2.54204e-09 0 2.5843e-09 0 2.62539e-09 0 2.66396e-09 0 2.70398e-09 0 2.74144e-09 0 2.77633e-09 0 2.81131e-09 0 2.84638e-09 0 2.88153e-09 0 2.91407e-09 0 2.94667e-09 0 2.97662e-09 0 3.00936e-09 0 3.03944e-09 0 3.06957e-09 0 3.09702e-09 0 3.12726e-09 0 3.15481e-09 0 3.1824e-09 0 3.21003e-09 0 3.23494e-09 0 3.26266e-09 0 3.28765e-09 0 3.31267e-09 0 3.33772e-09 0 3.36281e-09 0 3.38515e-09 0 3.4103e-09 0 3.43269e-09 0 3.45651e-09 0 3.48035e-09 0 3.50282e-09 0 3.52391e-09 0 3.54502e-09 0 3.56757e-09 0 3.58731e-09 0 3.6099e-09 0
389.291 6.14406e-11 6.14355e-11 5.09583e-15 8.29392e-05 0.000381725 4.49501e-14 0 1.16644e-12 0 2.24762e-11 0 1.01534e-10 0 1.73012e-10 0 2.30163e-10 0 2.78639e-10 0 3.21076e-10 0 4.84989e-10 0 7.03036e-10 0 8.59854e-10 0 9.84725e-10 0 1.09006e-09 0 1.18229e-09 0 1.2647e-09 0 1.33838e-09 0 1.40657e-09 0 1.46896e-09 0 1.52723e-09 0 1.58217e-09 0 1.63368e-09 0 1.68262e-09 0 1.72894e-09 0 1.77355e-09 0 1.81542e-09 0 1.85549e-09 0 1.89475e-09 0 1.93215e-09 0 1.96869e-09 0 2.00334e-09 0 2.03606e-09 0 2.06889e-09 0 2.1008e-09 0 2.13074e-09 0 2.1618e-09 0 2.19087e-09 0 2.21793e-09 0 2.24505e-09 0 2.27224e-09 0 2.29949e-09 0 2.3247e-09 0 2.34996e-09 0 2.37316e-09 0 2.39852e-09 0 2.42181e-09 0 2.44514e-09 0 2.46639e-09 0 2.48979e-09 0 2.51111e-09 0 2.53245e-09 0 2.55383e-09 0 2.5731e-09 0 2.59453e-09 0 2.61385e-09 0 2.6332e-09 0 2.65257e-09 0 2.67196e-09 0 2.68922e-09 0 2.70866e-09 0 2.72596e-09 0 2.74436e-09 0 2.76278e-09 0 2.78014e-09 0 2.79643e-09 0 2.81273e-09 0 2.83014e-09 0 2.84538e-09 0 2.86282e-09 0
409.273 5.74878e-11 5.74837e-11 4.18043e-15 7.27185e-05 0.000351503 5.91547e-14 0 1.30952e-12 0 2.18605e-11 0 9.1976e-11 0 1.52983e-10 0 2.00969e-10 0 2.41291e-10 0 2.76366e-10 0 4.10402e-10 0 5.86338e-10 0 7.1177e-10 0 8.11168e-10 0 8.94741e-10 0 9.67744e-10 0 1.03285e-09 0 1.09098e-09 0 1.1447e-09 0 1.1938e-09 0 1.23961e-09 0 1.28278e-09 0 1.32321e-09 0 1.36161e-09 0 1.39792e-09 0 1.43288e-09 0 1.46567e-09 0 1.49704e-09 0 1.52775e-09 0 1.55701e-09 0 1.58559e-09 0 1.61267e-09 0 1.63824e-09 0 1.66388e-09 0 1.6888e-09 0 1.71217e-09 0 1.73641e-09 0 1.75909e-09 0 1.7802e-09 0 1.80136e-09 0 1.82256e-09 0 1.8438e-09 0 1.86345e-09 0 1.88314e-09 0 1.90122e-09 0 1.92097e-09 0 1.93911e-09 0 1.95728e-09 0 1.97382e-09 0 1.99204e-09 0 2.00864e-09 0 2.02525e-09 0 2.04188e-09 0 2.05688e-09 0 2.07355e-09 0 2.08858e-09 0 2.10363e-09 0 2.11869e-09 0 2.13378e-09 0 2.1472e-09 0 2.16231e-09 0 2.17576e-09 0 2.19006e-09 0 2.20438e-09 0 2.21786e-09 0 2.23052e-09 0 2.24319e-09 0 2.25671e-09 0 2.26856e-09 0 2.2821e-09 0
430.281 5.3201e-11 5.31975e-11 3.42815e-15 6.44377e-05 0.000324968 7.4805e-14 0 1.42373e-12 0 2.07402e-11 0 8.15885e-11 0 1.32649e-10 0 1.72202e-10 0 2.05149e-10 0 2.33639e-10 0 3.41445e-10 0 4.81216e-10 0 5.80069e-10 0 6.58056e-10 0 7.23433e-10 0 7.80416e-10 0 8.31149e-10 0 8.76377e-10 0 9.18131e-10 0 9.56257e-10 0 9.91797e-10 0 1.02526e-09 0 1.05658e-09 0 1.08631e-09 0 1.11441e-09 0 1.14144e-09 0 1.16679e-09 0 1.19103e-09 0 1.21476e-09 0 1.23735e-09 0 1.25941e-09 0 1.2803e-09 0 1.30003e-09 0 1.31981e-09 0 1.33902e-09 0 1.35703e-09 0 1.37571e-09 0 1.39319e-09 0 1.40945e-09 0 1.42574e-09 0 1.44206e-09 0 1.45842e-09 0 1.47354e-09 0 1.48869e-09 0 1.5026e-09 0 1.5178e-09 0 1.53175e-09 0 1.54572e-09 0 1.55844e-09 0 1.57245e-09 0 1.58521e-09 0 1.59798e-09 0 1.61076e-09 0 1.62228e-09 0 1.6351e-09 0 1.64664e-09 0 1.6582e-09 0 1.66977e-09 0 1.68136e-09 0 1.69166e-09 0 1.70327e-09 0 1.71359e-09 0 1.72457e-09 0 1.73556e-09 0 1.74592e-09 0 1.75563e-09 0 1.76535e-09 0 1.77573e-09 0 1.78482e-09 0 1.79521e-09 0
452.368 4.89858e-11 4.8983e-11 2.81106e-15 5.73853e-05 0.000300856 9.15703e-14 0 1.50957e-12 0 1.93235e-11 0 7.13356e-11 0 1.13517e-10 0 1.45729e-10 0 1.72345e-10 0 1.95235e-10 0 2.81065e-10 0 3.91088e-10 0 4.68328e-10 0 5.29017e-10 0 5.79755e-10 0 6.2389e-10 0 6.63122e-10 0 6.98053e-10 0 7.30266e-10 0 7.59654e-10 0 7.87028e-10 0 8.12782e-10 0 8.36876e-10 0 8.59731e-10 0 8.81321e-10 0 9.02085e-10 0 9.21546e-10 0 9.40149e-10 0 9.58352e-10 0 9.75677e-10 0 9.92586e-10 0 1.0086e-09 0 1.02371e-09 0 1.03887e-09 0 1.05358e-09 0 1.06737e-09 0 1.08167e-09 0 1.09505e-09 0 1.10749e-09 0 1.11995e-09 0 1.13244e-09 0 1.14495e-09 0 1.15651e-09 0 1.16809e-09 0 1.17873e-09 0 1.19034e-09 0 1.201e-09 0 1.21168e-09 0 1.2214e-09 0 1.2321e-09 0 1.24184e-09 0 1.2516e-09 0 1.26136e-09 0 1.27016e-09 0 1.27994e-09 0 1.28876e-09 0 1.29758e-09 0 1.30641e-09 0 1.31525e-09 0 1.32311e-09 0 1.33197e-09 0 1.33985e-09 0 1.34822e-09 0 1.35661e-09 0 1.36451e-09 0 1.37192e-09 0 1.37933e-09 0 1.38724e-09 0 1.39417e-09 0 1.4021e-09 0
475.588 4.51428e-11 4.51405e-11 2.30363e-15 5.10299e-05 0.000277519 1.09296e-13 0 1.57172e-12 0 1.77969e-11 0 6.18733e-11 0 9.64898e-11 0 1.22578e-10 0 1.43972e-10 0 1.62278e-10 0 2.30347e-10 0 3.16695e-10 0 3.76905e-10 0 4.24037e-10 0 4.63343e-10 0 4.97471e-10 0 5.27764e-10 0 5.54705e-10 0 5.79526e-10 0 6.02151e-10 0 6.2321e-10 0 6.43012e-10 0 6.61526e-10 0 6.79079e-10 0 6.95653e-10 0 7.11587e-10 0 7.26514e-10 0 7.4078e-10 0 7.54733e-10 0 7.6801e-10 0 7.80964e-10 0 7.9323e-10 0 8.04802e-10 0 8.164e-10 0 8.27661e-10 0 8.38216e-10 0 8.49156e-10 0 8.59386e-10 0 8.68902e-10 0 8.78433e-10 0 8.8798e-10 0 8.97541e-10 0 9.06379e-10 0 9.1523e-10 0 9.23354e-10 0 9.32228e-10 0 9.40373e-10 0 9.48528e-10 0 9.55949e-10 0 9.64122e-10 0 9.7156e-10 0 9.79006e-10 0 9.86459e-10 0 9.93173e-10 0 1.00064e-09 0 1.00737e-09 0 1.0141e-09 0 1.02084e-09 0 1.02758e-09 0 1.03358e-09 0 1.04034e-09 0 1.04635e-09 0 1.05274e-09 0 1.05913e-09 0 1.06515e-09 0 1.0708e-09 0 1.07645e-09 0 1.08249e-09 0 1.08777e-09 0 1.09381e-09 0
500 4.18604e-11 4.18585e-11 1.88733e-15 4.50863e-05 0.000255018 1.28045e-13 0 1.61711e-12 0 1.63006e-11 0 5.35515e-11 0 8.19396e-11 0 1.03072e-10 0 1.20282e-10 0 1.3494e-10 0 1.89023e-10 0 2.56974e-10 0 3.04061e-10 0 3.40796e-10 0 3.71361e-10 0 3.97856e-10 0 4.21342e-10 0 4.42208e-10 0 4.61414e-10 0 4.78909e-10 0 4.95182e-10 0 5.10474e-10 0 5.24765e-10 0 5.38307e-10 0 5.51089e-10 0 5.63373e-10 0 5.74877e-10 0 5.85867e-10 0 5.96613e-10 0 6.06836e-10 0 6.16808e-10 0 6.26247e-10 0 6.35151e-10 0 6.44073e-10 0 6.52734e-10 0 6.6085e-10 0 6.69261e-10 0 6.77125e-10 0 6.84438e-10 0 6.91762e-10 0 6.99097e-10 0 7.06442e-10 0 7.13231e-10 0 7.20029e-10 0 7.26267e-10 0 7.33081e-10 0 7.39334e-10 0 7.45594e-10 0 7.5129e-10 0 7.57563e-10 0 7.63271e-10 0 7.68984e-10 0 7.74703e-10 0 7.79854e-10 0 7.85582e-10 0 7.90742e-10 0 7.95906e-10 0 8.01074e-10 0 8.06246e-10 0 8.10847e-10 0 8.16026e-10 0 8.20633e-10 0 8.25531e-10 0 8.30433e-10 0 8.3505e-10 0 8.3938e-10 0 8.43713e-10 0 8.48338e-10 0 8.52387e-10 0 8.57017e-10 0
525.665 3.90353e-11 3.90337e-11 1.54615e-15 3.96091e-05 0.000233783 1.47334e-13 0 1.64468e-12 0 1.48487e-11 0 4.62452e-11 0 6.95065e-11 0 8.66259e-11 0 1.00479e-10 0 1.12227e-10 0 1.55267e-10 0 2.08869e-10 0 2.45802e-10 0 2.74524e-10 0 2.98374e-10 0 3.19016e-10 0 3.37292e-10 0 3.53513e-10 0 3.68432e-10 0 3.82012e-10 0 3.94637e-10 0 4.06494e-10 0 4.1757e-10 0 4.28061e-10 0 4.3796e-10 0 4.47469e-10 0 4.56372e-10 0 4.64875e-10 0 4.73187e-10 0 4.81092e-10 0 4.88801e-10 0 4.96097e-10 0 5.02978e-10 0 5.09871e-10 0 5.16561e-10 0 5.2283e-10 0 5.29325e-10 0 5.35397e-10 0 5.41042e-10 0 5.46696e-10 0 5.52357e-10 0 5.58025e-10 0 5.63263e-10 0 5.68507e-10 0 5.7332e-10 0 5.78575e-10 0 5.83398e-10 0 5.88225e-10 0 5.92618e-10 0 5.97454e-10 0 6.01854e-10 0 6.06259e-10 0 6.10667e-10 0 6.14637e-10 0 6.19052e-10 0 6.23028e-10 0 6.27007e-10 0 6.30989e-10 0 6.34974e-10 0 6.38518e-10 0 6.42508e-10 0 6.46057e-10 0 6.4983e-10 0 6.53605e-10 0 6.5716e-10 0 6.60495e-10 0 6.63832e-10 0 6.67393e-10 0 6.70511e-10 0 6.74076e-10 0
552.648 3.66065e-11 3.66052e-11 1.26699e-15 3.46112e-05 0.000214025 1.66702e-13 0 1.65497e-12 0 1.34609e-11 0 3.98656e-11 0 5.89198e-11 0 7.27957e-11 0 8.39584e-11 0 9.33865e-11 0 1.27705e-10 0 1.70101e-10 0 1.99161e-10 0 2.21697e-10 0 2.40374e-10 0 2.56516e-10 0 2.70793e-10 0 2.83453e-10 0 2.95089e-10 0 3.05673e-10 0 3.15508e-10 0 3.24741e-10 0 3.33361e-10 0 3.41523e-10 0 3.49222e-10 0 3.56615e-10 0 3.63535e-10 0 3.70143e-10 0 3.766e-10 0 3.8274e-10 0 3.88726e-10 0 3.94391e-10 0 3.99732e-10 0 4.05082e-10 0 4.10273e-10 0 4.15137e-10 0 4.20175e-10 0 4.24885e-10 0 4.29263e-10 0 4.33647e-10 0 4.38036e-10 0 4.4243e-10 0 4.46491e-10 0 4.50555e-10 0 4.54285e-10 0 4.58358e-10 0 4.62094e-10 0 4.65834e-10 0 4.69237e-10 0 4.72984e-10 0 4.76392e-10 0 4.79803e-10 0 4.83217e-10 0 4.86292e-10 0 4.8971e-10 0 4.92789e-10 0 4.9587e-10 0 4.98952e-10 0 5.02037e-10 0 5.04781e-10 0 5.07869e-10 0 5.10616e-10 0 5.13536e-10 0 5.16458e-10 0 5.19209e-10 0 5.2179e-10 0 5.24372e-10 0 5.27127e-10 0 5.29539e-10 0 5.32297e-10 0
581.015 3.43971e-11 3.43961e-11 1.03871e-15 3.01975e-05 0.000196177 1.84997e-13 0 1.64302e-12 0 1.21068e-11 0 3.41961e-11 0 4.97492e-11 0 6.09656e-11 0 6.99398e-11 0 7.7492e-11 0 1.04819e-10 0 1.38328e-10 0 1.61187e-10 0 1.78868e-10 0 1.93497e-10 0 2.06124e-10 0 2.1728e-10 0 2.27166e-10 0 2.36245e-10 0 2.445e-10 0 2.52166e-10 0 2.5936e-10 0 2.66074e-10 0 2.72429e-10 0 2.78421e-10 0 2.84174e-10 0 2.89557e-10 0 2.94696e-10 0 2.99717e-10 0 3.0449e-10 0 3.09143e-10 0 3.13545e-10 0 3.17695e-10 0 3.21851e-10 0 3.25883e-10 0 3.2966e-10 0 3.33573e-10 0 3.37229e-10 0 3.40629e-10 0 3.44031e-10 0 3.47438e-10 0 3.50848e-10 0 3.53999e-10 0 3.57153e-10 0 3.60047e-10 0 3.63206e-10 0 3.66105e-10 0 3.69006e-10 0 3.71645e-10 0 3.7455e-10 0 3.77193e-10 0 3.79838e-10 0 3.82485e-10 0 3.84869e-10 0 3.87519e-10 0 3.89906e-10 0 3.92294e-10 0 3.94683e-10 0 3.97074e-10 0 3.992e-10 0 4.01594e-10 0 4.03722e-10 0 4.05985e-10 0 4.08249e-10 0 4.10381e-10 0 4.1238e-10 0 4.14381e-10 0 4.16515e-10 0 4.18384e-10 0 4.2052e-10 0
610.839 3.22227e-11 3.22219e-11 8.51736e-16 2.64327e-05 0.000180367 2.00564e-13 0 1.60249e-12 0 1.07551e-11 0 2.90532e-11 0 4.16456e-11 0 5.06455e-11 0 5.78104e-11 0 6.38197e-11 0 8.54454e-11 0 1.11785e-10 0 1.29675e-10 0 1.4348e-10 0 1.54883e-10 0 1.64715e-10 0 1.73394e-10 0 1.81079e-10 0 1.88133e-10 0 1.94543e-10 0 2.00492e-10 0 2.06074e-10 0 2.11281e-10 0 2.16208e-10 0 2.20853e-10 0 2.25311e-10 0 2.29481e-10 0 2.33461e-10 0 2.3735e-10 0 2.41045e-10 0 2.44647e-10 0 2.48054e-10 0 2.51266e-10 0 2.54482e-10 0 2.57601e-10 0 2.60523e-10 0 2.6355e-10 0 2.66377e-10 0 2.69006e-10 0 2.71637e-10 0 2.74271e-10 0 2.76907e-10 0 2.79343e-10 0 2.8178e-10 0 2.84017e-10 0 2.86458e-10 0 2.88698e-10 0 2.9094e-10 0 2.92979e-10 0 2.95223e-10 0 2.97265e-10 0 2.99308e-10 0 3.01353e-10 0 3.03194e-10 0 3.05241e-10 0 3.07084e-10 0 3.08928e-10 0 3.10773e-10 0 3.12619e-10 0 3.14261e-10 0 3.16109e-10 0 3.17752e-10 0 3.19499e-10 0 3.21246e-10 0 3.22892e-10 0 3.24435e-10 0 3.25979e-10 0 3.27627e-10 0 3.29069e-10 0 3.30718e-10 0
642.193 2.99771e-11 2.99764e-11 6.98416e-16 2.32983e-05 0.000166426 2.11813e-13 0 1.53072e-12 0 9.40528e-12 0 2.43633e-11 0 3.44406e-11 0 4.15835e-11 0 4.7244e-11 0 5.1977e-11 0 6.89247e-11 0 8.94388e-11 0 1.03317e-10 0 1.14003e-10 0 1.22818e-10 0 1.3041e-10 0 1.37106e-10 0 1.43031e-10 0 1.48467e-10 0 1.53403e-10 0 1.57984e-10 0 1.6228e-10 0 1.66286e-10 0 1.70076e-10 0 1.73648e-10 0 1.77075e-10 0 1.80281e-10 0 1.83339e-10 0 1.86327e-10 0 1.89166e-10 0 1.91933e-10 0 1.94549e-10 0 1.97015e-10 0 1.99484e-10 0 2.01879e-10 0 2.04122e-10 0 2.06445e-10 0 2.08615e-10 0 2.10632e-10 0 2.1265e-10 0 2.14671e-10 0 2.16693e-10 0 2.18562e-10 0 2.20431e-10 0 2.22146e-10 0 2.24019e-10 0 2.25736e-10 0 2.27455e-10 0 2.29019e-10 0 2.30739e-10 0 2.32305e-10 0 2.33871e-10 0 2.35438e-10 0 2.36849e-10 0 2.38418e-10 0 2.39831e-10 0 2.41244e-10 0 2.42658e-10 0 2.44073e-10 0 2.45331e-10 0 2.46747e-10 0 2.48006e-10 0 2.49344e-10 0 2.50683e-10 0 2.51944e-10 0 2.53126e-10 0 2.54309e-10 0 2.55571e-10 0 2.56675e-10 0 2.57938e-10 0
675.157 2.77023e-11 2.77018e-11 5.72589e-16 2.06693e-05 0.000153832 2.18168e-13 0 1.43341e-12 0 8.10278e-12 0 2.01779e-11 0 2.81542e-11 0 3.3765e-11 0 3.81926e-11 0 4.18843e-11 0 5.50433e-11 0 7.08815e-11 0 8.15578e-11 0 8.97622e-11 0 9.65208e-11 0 1.02336e-10 0 1.07462e-10 0 1.11995e-10 0 1.16151e-10 0 1.19924e-10 0 1.23424e-10 0 1.26705e-10 0 1.29764e-10 0 1.32657e-10 0 1.35382e-10 0 1.37997e-10 0 1.40443e-10 0 1.42776e-10 0 1.45054e-10 0 1.47219e-10 0 1.49328e-10 0 1.51322e-10 0 1.53202e-10 0 1.55083e-10 0 1.56908e-10 0 1.58617e-10 0 1.60386e-10 0 1.62039e-10 0 1.63576e-10 0 1.65113e-10 0 1.66652e-10 0 1.68192e-10 0 1.69615e-10 0 1.71038e-10 0 1.72344e-10 0 1.73769e-10 0 1.75077e-10 0 1.76385e-10 0 1.77575e-10 0 1.78885e-10 0 1.80076e-10 0 1.81268e-10 0 1.82461e-10 0 1.83534e-10 0 1.84728e-10 0 1.85803e-10 0 1.86878e-10 0 1.87954e-10 0 1.8903e-10 0 1.89987e-10 0 1.91064e-10 0 1.92022e-10 0 1.9304e-10 0 1.94058e-10 0 1.95017e-10 0 1.95916e-10 0 1.96816e-10 0 1.97775e-10 0 1.98616e-10 0 1.99576e-10 0
709.813 2.55358e-11 2.55353e-11 4.69354e-16 1.83802e-05 0.000142082 2.20281e-13 0 1.32232e-12 0 6.90911e-12 0 1.65797e-11 0 2.28521e-11 0 2.72337e-11 0 3.06779e-11 0 3.35422e-11 0 4.37097e-11 0 5.58842e-11 0 6.40638e-11 0 7.03383e-11 0 7.5501e-11 0 7.99394e-11 0 8.38488e-11 0 8.73039e-11 0 9.04705e-11 0 9.33444e-11 0 9.60091e-11 0 9.85062e-11 0 1.00834e-10 0 1.03035e-10 0 1.05108e-10 0 1.07097e-10 0 1.08956e-10 0 1.1073e-10 0 1.12461e-10 0 1.14106e-10 0 1.15709e-10 0 1.17224e-10 0 1.18652e-10 0 1.20082e-10 0 1.21468e-10 0 1.22765e-10 0 1.24109e-10 0 1.25364e-10 0 1.26531e-10 0 1.27698e-10 0 1.28866e-10 0 1.30035e-10 0 1.31115e-10 0 1.32196e-10 0 1.33187e-10 0 1.34268e-10 0 1.35261e-10 0 1.36253e-10 0 1.37156e-10 0 1.3815e-10 0 1.39054e-10 0 1.39958e-10 0 1.40863e-10 0 1.41677e-10 0 1.42583e-10 0 1.43398e-10 0 1.44214e-10 0 1.4503e-10 0 1.45846e-10 0 1.46572e-10 0 1.47388e-10 0 1.48115e-10 0 1.48887e-10 0 1.49659e-10 0 1.50386e-10 0 1.51068e-10 0 1.5175e-10 0 1.52477e-10 0 1.53114e-10 0 1.53842e-10 0
746.248 2.35728e-11 2.35724e-11 3.84596e-16 1.63153e-05 0.000130928 2.19087e-13 0 1.20727e-12 0 5.85674e-12 0 1.35738e-11 0 1.84955e-11 0 2.19115e-11 0 2.45872e-11 0 2.68072e-11 0 3.46575e-11 0 4.40134e-11 0 5.02803e-11 0 5.50799e-11 0 5.90247e-11 0 6.24134e-11 0 6.53963e-11 0 6.80313e-11 0 7.04454e-11 0 7.26354e-11 0 7.46654e-11 0 7.65673e-11 0 7.83397e-11 0 8.00153e-11 0 8.15933e-11 0 8.31067e-11 0 8.45213e-11 0 8.58706e-11 0 8.71878e-11 0 8.8439e-11 0 8.96578e-11 0 9.08101e-11 0 9.18957e-11 0 9.29823e-11 0 9.40359e-11 0 9.50224e-11 0 9.60437e-11 0 9.69976e-11 0 9.78841e-11 0 9.87711e-11 0 9.96587e-11 0 1.00547e-10 0 1.01367e-10 0 1.02188e-10 0 1.02941e-10 0 1.03763e-10 0 1.04516e-10 0 1.0527e-10 0 1.05956e-10 0 1.06711e-10 0 1.07397e-10 0 1.08084e-10 0 1.08771e-10 0 1.09389e-10 0 1.10077e-10 0 1.10696e-10 0 1.11315e-10 0 1.11934e-10 0 1.12554e-10 0 1.13105e-10 0 1.13725e-10 0 1.14276e-10 0 1.14862e-10 0 1.15448e-10 0 1.16e-10 0 1.16518e-10 0 1.17035e-10 0 1.17588e-10 0 1.18071e-10 0 1.18623e-10 0
784.553 2.18147e-11 2.18143e-11 3.1509e-16 1.4444e-05 0.000120438 2.1504e-13 0 1.0927e-12 0 4.94284e-12 0 1.10877e-11 0 1.49461e-11 0 1.76083e-11 0 1.9687e-11 0 2.14079e-11 0 2.74722e-11 0 3.46685e-11 0 3.94758e-11 0 4.3152e-11 0 4.61705e-11 0 4.87617e-11 0 5.10413e-11 0 5.30541e-11 0 5.48975e-11 0 5.65692e-11 0 5.81184e-11 0 5.95694e-11 0 6.09214e-11 0 6.21993e-11 0 6.34025e-11 0 6.45562e-11 0 6.56346e-11 0 6.6663e-11 0 6.76668e-11 0 6.86202e-11 0 6.95488e-11 0 7.04267e-11 0 7.12536e-11 0 7.20813e-11 0 7.28837e-11 0 7.3635e-11 0 7.44127e-11 0 7.51391e-11 0 7.5814e-11 0 7.64893e-11 0 7.71651e-11 0 7.78412e-11 0 7.84657e-11 0 7.90905e-11 0 7.96635e-11 0 8.02888e-11 0 8.08624e-11 0 8.14362e-11 0 8.19581e-11 0 8.25323e-11 0 8.30546e-11 0 8.35771e-11 0 8.40998e-11 0 8.45704e-11 0 8.50934e-11 0 8.55643e-11 0 8.60354e-11 0 8.65066e-11 0 8.6978e-11 0 8.73971e-11 0 8.78687e-11 0 8.82881e-11 0 8.87338e-11 0 8.91796e-11 0 8.95993e-11 0 8.99929e-11 0 9.03865e-11 0 9.08066e-11 0 9.11742e-11 0 9.15944e-11 0
824.824 2.02287e-11 2.02284e-11 2.58116e-16 1.27599e-05 0.000110638 2.08374e-13 0 9.80631e-13 0 4.15307e-12 0 9.03486e-12 0 1.20566e-11 0 1.41303e-11 0 1.57447e-11 0 1.70786e-11 0 2.17643e-11 0 2.7303e-11 0 3.09937e-11 0 3.38123e-11 0 3.61246e-11 0 3.81082e-11 0 3.98524e-11 0 4.13919e-11 0 4.28012e-11 0 4.4079e-11 0 4.52628e-11 0 4.63714e-11 0 4.74041e-11 0 4.838e-11 0 4.92987e-11 0 5.01796e-11 0 5.10028e-11 0 5.17877e-11 0 5.25538e-11 0 5.32814e-11 0 5.39899e-11 0 5.46597e-11 0 5.52906e-11 0 5.5922e-11 0 5.65341e-11 0 5.71071e-11 0 5.77002e-11 0 5.82542e-11 0 5.87689e-11 0 5.92838e-11 0 5.97991e-11 0 6.03146e-11 0 6.07907e-11 0 6.1267e-11 0 6.17038e-11 0 6.21805e-11 0 6.26177e-11 0 6.30551e-11 0 6.34529e-11 0 6.38906e-11 0 6.42886e-11 0 6.46868e-11 0 6.50852e-11 0 6.54438e-11 0 6.58424e-11 0 6.62012e-11 0 6.65602e-11 0 6.69192e-11 0 6.72784e-11 0 6.75977e-11 0 6.79571e-11 0 6.82766e-11 0 6.86161e-11 0 6.89558e-11 0 6.92755e-11 0 6.95753e-11 0 6.98752e-11 0 7.01952e-11 0 7.04752e-11 0 7.07953e-11 0
867.163 1.87797e-11 1.87795e-11 2.11477e-16 1.12609e-05 0.00010155 1.99318e-13 0 8.72353e-13 0 3.47237e-12 0 7.3399e-12 0 9.70244e-12 0 1.13158e-11 0 1.25684e-11 0 1.36016e-11 0 1.72203e-11 0 2.14827e-11 0 2.43165e-11 0 2.6478e-11 0 2.82498e-11 0 2.97688e-11 0 3.11039e-11 0 3.22819e-11 0 3.33599e-11 0 3.43371e-11 0 3.52422e-11 0 3.60896e-11 0 3.68788e-11 0 3.76245e-11 0 3.83265e-11 0 3.89994e-11 0 3.96282e-11 0 4.02277e-11 0 4.08127e-11 0 4.13683e-11 0 4.19093e-11 0 4.24207e-11 0 4.29023e-11 0 4.33843e-11 0 4.38515e-11 0 4.42889e-11 0 4.47416e-11 0 4.51643e-11 0 4.55571e-11 0 4.59501e-11 0 4.63432e-11 0 4.67366e-11 0 4.70998e-11 0 4.74632e-11 0 4.77965e-11 0 4.81602e-11 0 4.84937e-11 0 4.88273e-11 0 4.91307e-11 0 4.94646e-11 0 4.97682e-11 0 5.00719e-11 0 5.03757e-11 0 5.06492e-11 0 5.09532e-11 0 5.12268e-11 0 5.15006e-11 0 5.17744e-11 0 5.20483e-11 0 5.22918e-11 0 5.25658e-11 0 5.28094e-11 0 5.30683e-11 0 5.33273e-11 0 5.3571e-11 0 5.37996e-11 0 5.40283e-11 0 5.42722e-11 0 5.44857e-11 0 5.47297e-11 0
911.674 1.74942e-11 1.7494e-11 1.73232e-16 9.90225e-06 9.30161e-05 1.88769e-13 0 7.71414e-13 0 2.89661e-12 0 5.9599e-12 0 7.80861e-12 0 9.06543e-12 0 1.00388e-11 0 1.08403e-11 0 1.36404e-11 0 1.69279e-11 0 1.91091e-11 0 2.07709e-11 0 2.21322e-11 0 2.32986e-11 0 2.43234e-11 0 2.52272e-11 0 2.60541e-11 0 2.68035e-11 0 2.74975e-11 0 2.81471e-11 0 2.8752e-11 0 2.93235e-11 0 2.98614e-11 0 3.0377e-11 0 3.08587e-11 0 3.13179e-11 0 3.1766e-11 0 3.21915e-11 0 3.26058e-11 0 3.29974e-11 0 3.33662e-11 0 3.37352e-11 0 3.40929e-11 0 3.44277e-11 0 3.47742e-11 0 3.50978e-11 0 3.53985e-11 0 3.56993e-11 0 3.60002e-11 0 3.63012e-11 0 3.65792e-11 0 3.68573e-11 0 3.71123e-11 0 3.73906e-11 0 3.76458e-11 0 3.79011e-11 0 3.81332e-11 0 3.83887e-11 0 3.8621e-11 0 3.88533e-11 0 3.90857e-11 0 3.9295e-11 0 3.95275e-11 0 3.97369e-11 0 3.99462e-11 0 4.01557e-11 0 4.03652e-11 0 4.05514e-11 0 4.0761e-11 0 4.09473e-11 0 4.11454e-11 0 4.13434e-11 0 4.15299e-11 0 4.17047e-11 0 4.18796e-11 0 4.20661e-11 0 4.22294e-11 0 4.2416e-11 0
958.471 1.63867e-11 1.63866e-11 1.41887e-16 8.65867e-06 8.50109e-05 1.77505e-13 0 6.79882e-13 0 2.41668e-12 0 4.84822e-12 0 6.29943e-12 0 7.28197e-12 0 8.04121e-12 0 8.66547e-12 0 1.08411e-11 0 1.3388e-11 0 1.50746e-11 0 1.63584e-11 0 1.74092e-11 0 1.83093e-11 0 1.90997e-11 0 1.97966e-11 0 2.0434e-11 0 2.10116e-11 0 2.15463e-11 0 2.20468e-11 0 2.25128e-11 0 2.2953e-11 0 2.33672e-11 0 2.37642e-11 0 2.41351e-11 0 2.44887e-11 0 2.48337e-11 0 2.51612e-11 0 2.54801e-11 0 2.57815e-11 0 2.60653e-11 0 2.63493e-11 0 2.66246e-11 0 2.68822e-11 0 2.71489e-11 0 2.73979e-11 0 2.76292e-11 0 2.78606e-11 0 2.80921e-11 0 2.83236e-11 0 2.85375e-11 0 2.87514e-11 0 2.89476e-11 0 2.91616e-11 0 2.93579e-11 0 2.95543e-11 0 2.97328e-11 0 2.99293e-11 0 3.01079e-11 0 3.02866e-11 0 3.04653e-11 0 3.06262e-11 0 3.0805e-11 0 3.0966e-11 0 3.1127e-11 0 3.12881e-11 0 3.14491e-11 0 3.15924e-11 0 3.17535e-11 0 3.18968e-11 0 3.2049e-11 0 3.22013e-11 0 3.23446e-11 0 3.2479e-11 0 3.26135e-11 0 3.27569e-11 0 3.28824e-11 0 3.30259e-11 0
1007.67 1.54145e-11 1.54144e-11 1.16224e-16 7.53994e-06 7.766e-05 1.65628e-13 0 5.96764e-13 0 2.0147e-12 0 3.94701e-12 0 5.08857e-12 0 5.85857e-12 0 6.45236e-12 0 6.93992e-12 0 8.6355e-12 0 1.06151e-11 0 1.19238e-11 0 1.2919e-11 0 1.37331e-11 0 1.44301e-11 0 1.5042e-11 0 1.55813e-11 0 1.60746e-11 0 1.65214e-11 0 1.6935e-11 0 1.7322e-11 0 1.76824e-11 0 1.80227e-11 0 1.8343e-11 0 1.86498e-11 0 1.89365e-11 0 1.92098e-11 0 1.94764e-11 0 1.97295e-11 0 1.99759e-11 0 2.02088e-11 0 2.04281e-11 0 2.06475e-11 0 2.08601e-11 0 2.10591e-11 0 2.12651e-11 0 2.14575e-11 0 2.16361e-11 0 2.18148e-11 0 2.19936e-11 0 2.21725e-11 0 2.23376e-11 0 2.25028e-11 0 2.26543e-11 0 2.28196e-11 0 2.29712e-11 0 2.31228e-11 0 2.32607e-11 0 2.34123e-11 0 2.35503e-11 0 2.36882e-11 0 2.38262e-11 0 2.39504e-11 0 2.40885e-11 0 2.42128e-11 0 2.43371e-11 0 2.44614e-11 0 2.45857e-11 0 2.46963e-11 0 2.48207e-11 0 2.49313e-11 0 2.50488e-11 0 2.51663e-11 0 2.5277e-11 0 2.53807e-11 0 2.54845e-11 0 2.55952e-11 0 2.56921e-11 0 2.58028e-11 0
1059.39 1.45242e-11 1.45241e-11 9.52449e-17 6.55767e-06 7.10099e-05 1.53062e-13 0 5.20585e-13 0 1.67447e-12 0 3.2083e-12 0 4.10602e-12 0 4.70948e-12 0 5.17398e-12 0 5.5549e-12 0 6.87704e-12 0 8.41688e-12 0 9.4333e-12 0 1.02056e-11 0 1.08371e-11 0 1.13774e-11 0 1.18517e-11 0 1.22696e-11 0 1.26517e-11 0 1.29978e-11 0 1.33181e-11 0 1.36178e-11 0 1.38968e-11 0 1.41602e-11 0 1.44081e-11 0 1.46457e-11 0 1.48675e-11 0 1.5079e-11 0 1.52853e-11 0 1.54811e-11 0 1.56718e-11 0 1.5852e-11 0 1.60216e-11 0 1.61914e-11 0 1.63559e-11 0 1.65098e-11 0 1.66692e-11 0 1.68179e-11 0 1.69561e-11 0 1.70943e-11 0 1.72326e-11 0 1.73709e-11 0 1.74987e-11 0 1.76264e-11 0 1.77436e-11 0 1.78714e-11 0 1.79886e-11 0 1.81058e-11 0 1.82124e-11 0 1.83297e-11 0 1.84363e-11 0 1.8543e-11 0 1.86497e-11 0 1.87457e-11 0 1.88525e-11 0 1.89486e-11 0 1.90446e-11 0 1.91408e-11 0 1.92369e-11 0 1.93224e-11 0 1.94185e-11 0 1.9504e-11 0 1.95948e-11 0 1.96857e-11 0 1.97712e-11 0 1.98514e-11 0 1.99316e-11 0 2.00172e-11 0 2.00921e-11 0 2.01777e-11 0
1113.77 1.36768e-11 1.36767e-11 7.80482e-17 5.70663e-06 6.49929e-05 1.39857e-13 0 4.50511e-13 0 1.3847e-12 0 2.59832e-12 0 3.30259e-12 0 3.77453e-12 0 4.13719e-12 0 4.43426e-12 0 5.46351e-12 0 6.65959e-12 0 7.44801e-12 0 8.04661e-12 0 8.5358e-12 0 8.95427e-12 0 9.32143e-12 0 9.64491e-12 0 9.94063e-12 0 1.02084e-11 0 1.04562e-11 0 1.0688e-11 0 1.09038e-11 0 1.11076e-11 0 1.12993e-11 0 1.1483e-11 0 1.16545e-11 0 1.1818e-11 0 1.19775e-11 0 1.21289e-11 0 1.22763e-11 0 1.24156e-11 0 1.25467e-11 0 1.26779e-11 0 1.28051e-11 0 1.2924e-11 0 1.30472e-11 0 1.31621e-11 0 1.32689e-11 0 1.33757e-11 0 1.34826e-11 0 1.35895e-11 0 1.36881e-11 0 1.37869e-11 0 1.38774e-11 0 1.39761e-11 0 1.40667e-11 0 1.41572e-11 0 1.42396e-11 0 1.43302e-11 0 1.44126e-11 0 1.4495e-11 0 1.45774e-11 0 1.46516e-11 0 1.4734e-11 0 1.48083e-11 0 1.48825e-11 0 1.49567e-11 0 1.5031e-11 0 1.5097e-11 0 1.51713e-11 0 1.52373e-11 0 1.53075e-11 0 1.53776e-11 0 1.54437e-11 0 1.55056e-11 0 1.55676e-11 0 1.56337e-11 0 1.56915e-11 0 1.57576e-11 0
1170.94 1.28888e-11 1.28888e-11 6.3964e-17 4.96275e-06 5.95301e-05 1.26606e-13 0 3.87479e-13 0 1.14123e-12 0 2.09997e-12 0 2.65201e-12 0 3.02089e-12 0 3.30391e-12 0 3.53552e-12 0 4.33665e-12 0 5.26577e-12 0 5.87743e-12 0 6.34152e-12 0 6.72061e-12 0 7.0448e-12 0 7.32916e-12 0 7.57964e-12 0 7.80857e-12 0 8.01585e-12 0 8.20765e-12 0 8.38706e-12 0 8.55405e-12 0 8.71171e-12 0 8.86002e-12 0 9.00213e-12 0 9.13484e-12 0 9.26131e-12 0 9.38468e-12 0 9.50178e-12 0 9.61578e-12 0 9.72348e-12 0 9.8249e-12 0 9.92635e-12 0 1.00247e-11 0 1.01167e-11 0 1.02119e-11 0 1.03008e-11 0 1.03833e-11 0 1.04659e-11 0 1.05485e-11 0 1.06312e-11 0 1.07074e-11 0 1.07838e-11 0 1.08537e-11 0 1.09301e-11 0 1.10001e-11 0 1.10701e-11 0 1.11337e-11 0 1.12038e-11 0 1.12675e-11 0 1.13312e-11 0 1.13949e-11 0 1.14522e-11 0 1.15159e-11 0 1.15733e-11 0 1.16307e-11 0 1.1688e-11 0 1.17454e-11 0 1.17964e-11 0 1.18538e-11 0 1.19049e-11 0 1.19591e-11 0 1.20133e-11 0 1.20644e-11 0 1.21122e-11 0 1.21601e-11 0 1.22112e-11 0 1.22559e-11 0 1.23069e-11 0
1231.05 1.21411e-11 1.2141e-11 5.24199e-17 4.31756e-06 5.45795e-05 1.13476e-13 0 3.3096e-13 0 9.36527e-13 0 1.69196e-12 0 2.12384e-12 0 2.41169e-12 0 2.63224e-12 0 2.81255e-12 0 3.43532e-12 0 4.15628e-12 0 4.63036e-12 0 4.98984e-12 0 5.28336e-12 0 5.53429e-12 0 5.75435e-12 0 5.94815e-12 0 6.12525e-12 0 6.28558e-12 0 6.43392e-12 0 6.57267e-12 0 6.70179e-12 0 6.82369e-12 0 6.93836e-12 0 7.04822e-12 0 7.15081e-12 0 7.24857e-12 0 7.34393e-12 0 7.43445e-12 0 7.52255e-12 0 7.60579e-12 0 7.68417e-12 0 7.76257e-12 0 7.83855e-12 0 7.90964e-12 0 7.98321e-12 0 8.0519e-12 0 8.11569e-12 0 8.17951e-12 0 8.24333e-12 0 8.30717e-12 0 8.36612e-12 0 8.42508e-12 0 8.47913e-12 0 8.53811e-12 0 8.59219e-12 0 8.64627e-12 0 8.69545e-12 0 8.74955e-12 0 8.79875e-12 0 8.84795e-12 0 8.89716e-12 0 8.94145e-12 0 8.99067e-12 0 9.03498e-12 0 9.07929e-12 0 9.12361e-12 0 9.16794e-12 0 9.20734e-12 0 9.25168e-12 0 9.29109e-12 0 9.33297e-12 0 9.37486e-12 0 9.41429e-12 0 9.45125e-12 0 9.48822e-12 0 9.52766e-12 0 9.56217e-12 0 9.60162e-12 0
1294.24 1.14097e-11 1.14096e-11 4.29807e-17 3.76704e-06 5.0195e-05 1.0056e-13 0 2.80295e-13 0 7.63932e-13 0 1.35659e-12 0 1.69322e-12 0 1.91706e-12 0 2.08834e-12 0 2.22825e-12 0 2.71086e-12 0 3.26864e-12 0 3.63504e-12 0 3.91271e-12 0 4.13935e-12 0 4.33305e-12 0 4.50288e-12 0 4.65242e-12 0 4.78906e-12 0 4.91274e-12 0 5.02716e-12 0 5.13418e-12 0 5.23376e-12 0 5.32776e-12 0 5.41619e-12 0 5.5009e-12 0 5.58e-12 0 5.65537e-12 0 5.72889e-12 0 5.79867e-12 0 5.86658e-12 0 5.93075e-12 0 5.99117e-12 0 6.0516e-12 0 6.11016e-12 0 6.16496e-12 0 6.22166e-12 0 6.2746e-12 0 6.32377e-12 0 6.37294e-12 0 6.42213e-12 0 6.47133e-12 0 6.51676e-12 0 6.56219e-12 0 6.60385e-12 0 6.64929e-12 0 6.69096e-12 0 6.73264e-12 0 6.77053e-12 0 6.81222e-12 0 6.85013e-12 0 6.88804e-12 0 6.92595e-12 0 6.96008e-12 0 6.998e-12 0 7.03214e-12 0 7.06628e-12 0 7.10043e-12 0 7.13458e-12 0 7.16493e-12 0 7.19909e-12 0 7.22946e-12 0 7.26172e-12 0 7.29399e-12 0 7.32437e-12 0 7.35284e-12 0 7.38132e-12 0 7.41171e-12 0 7.43829e-12 0 7.46868e-12 0
1360.67 1.06435e-11 1.06435e-11 3.52441e-17 3.31132e-06 4.63289e-05 8.77149e-14 0 2.34293e-13 0 6.16458e-13 0 1.07717e-12 0 1.33731e-12 0 1.50992e-12 0 1.64184e-12 0 1.74953e-12 0 2.12052e-12 0 2.54865e-12 0 2.82961e-12 0 3.04243e-12 0 3.21608e-12 0 3.36446e-12 0 3.49452e-12 0 3.60903e-12 0 3.71365e-12 0 3.80833e-12 0 3.89592e-12 0 3.97783e-12 0 4.05405e-12 0 4.126e-12 0 4.19366e-12 0 4.25849e-12 0 4.31901e-12 0 4.37669e-12 0 4.43294e-12 0 4.48632e-12 0 4.53829e-12 0 4.58738e-12 0 4.63359e-12 0 4.67983e-12 0 4.72462e-12 0 4.76654e-12 0 4.80992e-12 0 4.85041e-12 0 4.88802e-12 0 4.92563e-12 0 4.96326e-12 0 5.00089e-12 0 5.03563e-12 0 5.07038e-12 0 5.10223e-12 0 5.13699e-12 0 5.16886e-12 0 5.20073e-12 0 5.22971e-12 0 5.26159e-12 0 5.29058e-12 0 5.31957e-12 0 5.34857e-12 0 5.37467e-12 0 5.40367e-12 0 5.42977e-12 0 5.45588e-12 0 5.48199e-12 0 5.5081e-12 0 5.53131e-12 0 5.55743e-12 0 5.58065e-12 0 5.60532e-12 0 5.63e-12 0 5.65322e-12 0 5.67499e-12 0 5.69677e-12 0 5.72e-12 0 5.74033e-12 0 5.76356e-12 0
1430.51 9.84732e-12 9.84729e-12 2.88951e-17 2.93431e-06 4.2876e-05 7.528e-14 0 1.93188e-13 0 4.9179e-13 0 8.46407e-13 0 1.04556e-12 0 1.17745e-12 0 1.27814e-12 0 1.36028e-12 0 1.64295e-12 0 1.96871e-12 0 2.18231e-12 0 2.34402e-12 0 2.47594e-12 0 2.58862e-12 0 2.68739e-12 0 2.77433e-12 0 2.85375e-12 0 2.92563e-12 0 2.99211e-12 0 3.05428e-12 0 3.11212e-12 0 3.16671e-12 0 3.21806e-12 0 3.26725e-12 0 3.31318e-12 0 3.35693e-12 0 3.39961e-12 0 3.44011e-12 0 3.47953e-12 0 3.51678e-12 0 3.55184e-12 0 3.58691e-12 0 3.62089e-12 0 3.65268e-12 0 3.68559e-12 0 3.7163e-12 0 3.74482e-12 0 3.77336e-12 0 3.80189e-12 0 3.83043e-12 0 3.85678e-12 0 3.88314e-12 0 3.9073e-12 0 3.93366e-12 0 3.95783e-12 0 3.982e-12 0 4.00398e-12 0 4.02815e-12 0 4.05013e-12 0 4.07212e-12 0 4.09411e-12 0 4.1139e-12 0 4.13589e-12 0 4.15569e-12 0 4.17548e-12 0 4.19528e-12 0 4.21508e-12 0 4.23268e-12 0 4.25249e-12 0 4.27009e-12 0 4.2888e-12 0 4.30751e-12 0 4.32512e-12 0 4.34163e-12 0 4.35814e-12 0 4.37575e-12 0 4.39117e-12 0 4.40878e-12 0
1503.94 9.05395e-12 9.05392e-12 2.36851e-17 2.616e-06 3.9755e-05 6.37266e-14 0 1.57504e-13 0 3.88722e-13 0 6.59572e-13 0 8.10937e-13 0 9.10999e-13 0 9.87325e-13 0 1.04954e-12 0 1.26345e-12 0 1.50966e-12 0 1.67098e-12 0 1.79306e-12 0 1.89262e-12 0 1.97765e-12 0 2.05216e-12 0 2.11774e-12 0 2.17765e-12 0 2.23185e-12 0 2.28199e-12 0 2.32887e-12 0 2.37248e-12 0 2.41365e-12 0 2.45236e-12 0 2.48945e-12 0 2.52407e-12 0 2.55706e-12 0 2.58923e-12 0 2.61976e-12 0 2.64948e-12 0 2.67755e-12 0 2.70398e-12 0 2.73041e-12 0 2.75602e-12 0 2.77999e-12 0 2.80479e-12 0 2.82793e-12 0 2.84943e-12 0 2.87093e-12 0 2.89244e-12 0 2.91395e-12 0 2.93381e-12 0 2.95367e-12 0 2.97187e-12 0 2.99174e-12 0 3.00995e-12 0 3.02817e-12 0 3.04473e-12 0 3.06295e-12 0 3.07951e-12 0 3.09608e-12 0 3.11264e-12 0 3.12756e-12 0 3.14413e-12 0 3.15904e-12 0 3.17396e-12 0 3.18888e-12 0 3.2038e-12 0 3.21706e-12 0 3.23198e-12 0 3.24525e-12 0 3.25934e-12 0 3.27344e-12 0 3.2867e-12 0 3.29914e-12 0 3.31158e-12 0 3.32485e-12 0 3.33647e-12 0 3.34974e-12 0
1581.14 8.18208e-12 8.18206e-12 1.94131e-17 2.37264e-06 3.70085e-05 5.26512e-14 0 1.25617e-13 0 3.01147e-13 0 5.04202e-13 0 6.17172e-13 0 6.91734e-13 0 7.48559e-13 0 7.94856e-13 0 9.53874e-13 0 1.13671e-12 0 1.25642e-12 0 1.34697e-12 0 1.4208e-12 0 1.48385e-12 0 1.53909e-12 0 1.5877e-12 0 1.6321e-12 0 1.67228e-12 0 1.70944e-12 0 1.74417e-12 0 1.77649e-12 0 1.807e-12 0 1.83568e-12 0 1.86316e-12 0 1.88881e-12 0 1.91325e-12 0 1.93708e-12 0 1.9597e-12 0 1.98171e-12 0 2.00251e-12 0 2.02208e-12 0 2.04166e-12 0 2.06064e-12 0 2.07839e-12 0 2.09675e-12 0 2.1139e-12 0 2.12982e-12 0 2.14575e-12 0 2.16168e-12 0 2.17761e-12 0 2.19231e-12 0 2.20702e-12 0 2.22051e-12 0 2.23522e-12 0 2.24871e-12 0 2.2622e-12 0 2.27446e-12 0 2.28795e-12 0 2.30022e-12 0 2.31249e-12 0 2.32476e-12 0 2.3358e-12 0 2.34807e-12 0 2.35911e-12 0 2.37016e-12 0 2.38121e-12 0 2.39226e-12 0 2.40208e-12 0 2.41313e-12 0 2.42295e-12 0 2.43338e-12 0 2.44382e-12 0 2.45365e-12 0 2.46286e-12 0 2.47207e-12 0 2.48189e-12 0 2.49049e-12 0 2.50032e-12 0
1662.3 7.3641e-12 7.36408e-12 1.58985e-17 2.15892e-06 3.42087e-05 4.30379e-14 0 9.93348e-14 0 2.31741e-13 0 3.83162e-13 0 4.67064e-13 0 5.2236e-13 0 5.64469e-13 0 5.98759e-13 0 7.1644e-13 0 8.51608e-13 0 9.4005e-13 0 1.00693e-12 0 1.06145e-12 0 1.10799e-12 0 1.14877e-12 0 1.18466e-12 0 1.21743e-12 0 1.24707e-12 0 1.27449e-12 0 1.30013e-12 0 1.32397e-12 0 1.34648e-12 0 1.36765e-12 0 1.38792e-12 0 1.40684e-12 0 1.42487e-12 0 1.44245e-12 0 1.45914e-12 0 1.47538e-12 0 1.49072e-12 0 1.50516e-12 0 1.5196e-12 0 1.53359e-12 0 1.54669e-12 0 1.56023e-12 0 1.57288e-12 0 1.58462e-12 0 1.59637e-12 0 1.60812e-12 0 1.61987e-12 0 1.63071e-12 0 1.64156e-12 0 1.65151e-12 0 1.66236e-12 0 1.6723e-12 0 1.68225e-12 0 1.6913e-12 0 1.70125e-12 0 1.71029e-12 0 1.71934e-12 0 1.72839e-12 0 1.73653e-12 0 1.74558e-12 0 1.75373e-12 0 1.76187e-12 0 1.77002e-12 0 1.77816e-12 0 1.78541e-12 0 1.79355e-12 0 1.8008e-12 0 1.80849e-12 0 1.81619e-12 0 1.82343e-12 0 1.83023e-12 0 1.83702e-12 0 1.84426e-12 0 1.8506e-12 0 1.85785e-12 0
1747.63 6.72998e-12 6.72997e-12 1.3012e-17 1.93344e-06 3.12922e-05 3.55003e-14 0 7.94295e-14 0 1.80628e-13 0 2.95156e-13 0 3.58381e-13 0 3.99995e-13 0 4.31662e-13 0 4.57437e-13 0 5.45829e-13 0 6.47264e-13 0 7.13595e-13 0 7.63742e-13 0 8.04608e-13 0 8.39494e-13 0 8.70053e-13 0 8.96942e-13 0 9.21496e-13 0 9.4371e-13 0 9.64252e-13 0 9.83457e-13 0 1.00132e-12 0 1.01818e-12 0 1.03403e-12 0 1.04922e-12 0 1.06339e-12 0 1.0769e-12 0 1.09006e-12 0 1.10256e-12 0 1.11472e-12 0 1.12621e-12 0 1.13703e-12 0 1.14784e-12 0 1.15832e-12 0 1.16813e-12 0 1.17827e-12 0 1.18774e-12 0 1.19654e-12 0 1.20533e-12 0 1.21413e-12 0 1.22293e-12 0 1.23105e-12 0 1.23917e-12 0 1.24662e-12 0 1.25474e-12 0 1.26219e-12 0 1.26964e-12 0 1.27641e-12 0 1.28386e-12 0 1.29064e-12 0 1.29741e-12 0 1.30419e-12 0 1.31028e-12 0 1.31706e-12 0 1.32316e-12 0 1.32926e-12 0 1.33535e-12 0 1.34145e-12 0 1.34688e-12 0 1.35298e-12 0 1.3584e-12 0 1.36416e-12 0 1.36992e-12 0 1.37535e-12 0 1.38043e-12 0 1.38552e-12 0 1.39094e-12 0 1.39569e-12 0 1.40111e-12 0
1837.33 6.25804e-12 6.25803e-12 1.06482e-17 1.70152e-06 2.84448e-05 2.96216e-14 0 6.43714e-14 0 1.42918e-13 0 2.30966e-13 0 2.7941e-13 0 3.11257e-13 0 3.35476e-13 0 3.5518e-13 0 4.22709e-13 0 5.00137e-13 0 5.50743e-13 0 5.88991e-13 0 6.20154e-13 0 6.46754e-13 0 6.70052e-13 0 6.9055e-13 0 7.09267e-13 0 7.26199e-13 0 7.41856e-13 0 7.56493e-13 0 7.70108e-13 0 7.82956e-13 0 7.95037e-13 0 8.06608e-13 0 8.1741e-13 0 8.277e-13 0 8.37735e-13 0 8.47257e-13 0 8.56524e-13 0 8.65277e-13 0 8.73517e-13 0 8.81758e-13 0 8.89743e-13 0 8.97214e-13 0 9.04943e-13 0 9.12158e-13 0 9.18858e-13 0 9.2556e-13 0 9.32261e-13 0 9.38964e-13 0 9.45152e-13 0 9.5134e-13 0 9.57013e-13 0 9.63202e-13 0 9.68876e-13 0 9.74551e-13 0 9.7971e-13 0 9.85385e-13 0 9.90545e-13 0 9.95705e-13 0 1.00087e-12 0 1.00551e-12 0 1.01067e-12 0 1.01532e-12 0 1.01996e-12 0 1.02461e-12 0 1.02926e-12 0 1.03339e-12 0 1.03803e-12 0 1.04216e-12 0 1.04655e-12 0 1.05094e-12 0 1.05507e-12 0 1.05895e-12 0 1.06282e-12 0 1.06695e-12 0 1.07057e-12 0 1.0747e-12 0
1931.64 5.90805e-12 5.90805e-12 8.71335e-18 1.47483e-06 2.57222e-05 2.49566e-14 0 5.27706e-14 0 1.14557e-13 0 1.83217e-13 0 2.20878e-13 0 2.4561e-13 0 2.64407e-13 0 2.79694e-13 0 3.32053e-13 0 3.92042e-13 0 4.31232e-13 0 4.60844e-13 0 4.84967e-13 0 5.05555e-13 0 5.23585e-13 0 5.39448e-13 0 5.53931e-13 0 5.67033e-13 0 5.79147e-13 0 5.90471e-13 0 6.01004e-13 0 6.10944e-13 0 6.20291e-13 0 6.29242e-13 0 6.37598e-13 0 6.45558e-13 0 6.5332e-13 0 6.60686e-13 0 6.67854e-13 0 6.74625e-13 0 6.80998e-13 0 6.87372e-13 0 6.93548e-13 0 6.99327e-13 0 7.05305e-13 0 7.10885e-13 0 7.16067e-13 0 7.2125e-13 0 7.26434e-13 0 7.31617e-13 0 7.36403e-13 0 7.41189e-13 0 7.45576e-13 0 7.50363e-13 0 7.54751e-13 0 7.5914e-13 0 7.63129e-13 0 7.67518e-13 0 7.71509e-13 0 7.75499e-13 0 7.7949e-13 0 7.83082e-13 0 7.87074e-13 0 7.90666e-13 0 7.94259e-13 0 7.97851e-13 0 8.01444e-13 0 8.04638e-13 0 8.08231e-13 0 8.11426e-13 0 8.1482e-13 0 8.18214e-13 0 8.21408e-13 0 8.24404e-13 0 8.27399e-13 0 8.30594e-13 0 8.3339e-13 0 8.36585e-13 0
2030.79 5.59245e-12 5.59245e-12 7.46467e-18 1.33478e-06 2.29337e-05 2.0974e-14 0 4.32263e-14 0 9.18783e-14 0 1.45516e-13 0 1.74857e-13 0 1.94105e-13 0 2.08727e-13 0 2.20614e-13 0 2.61306e-13 0 3.07896e-13 0 3.3832e-13 0 3.61302e-13 0 3.80022e-13 0 3.95996e-13 0 4.09986e-13 0 4.22292e-13 0 4.33528e-13 0 4.43691e-13 0 4.53088e-13 0 4.61871e-13 0 4.70041e-13 0 4.77751e-13 0 4.85e-13 0 4.91942e-13 0 4.98423e-13 0 5.04596e-13 0 5.10616e-13 0 5.16328e-13 0 5.21887e-13 0 5.27137e-13 0 5.3208e-13 0 5.37023e-13 0 5.41812e-13 0 5.46293e-13 0 5.50929e-13 0 5.55256e-13 0 5.59274e-13 0 5.63293e-13 0 5.67312e-13 0 5.71332e-13 0 5.75043e-13 0 5.78753e-13 0 5.82155e-13 0 5.85867e-13 0 5.89269e-13 0 5.92672e-13 0 5.95766e-13 0 5.99169e-13 0 6.02262e-13 0 6.05357e-13 0 6.08451e-13 0 6.11236e-13 0 6.1433e-13 0 6.17116e-13 0 6.19901e-13 0 6.22687e-13 0 6.25472e-13 0 6.27949e-13 0 6.30735e-13 0 6.33211e-13 0 6.35842e-13 0 6.38474e-13 0 6.40951e-13 0 6.43273e-13 0 6.45595e-13 0 6.48072e-13 0 6.50239e-13 0 6.52717e-13 0
2135.03 5.05969e-12 5.05968e-12 6.75355e-18 1.33478e-06 2.07489e-05 1.67667e-14 0 3.37339e-14 0 7.0296e-14 0 1.10316e-13 0 1.32151e-13 0 1.46464e-13 0 1.57331e-13 0 1.66163e-13 0 1.9638e-13 0 2.30957e-13 0 2.53527e-13 0 2.70573e-13 0 2.84455e-13 0 2.96301e-13 0 3.06673e-13 0 3.15797e-13 0 3.24127e-13 0 3.31662e-13 0 3.38628e-13 0 3.45139e-13 0 3.51195e-13 0 3.5691e-13 0 3.62283e-13 0 3.67429e-13 0 3.72232e-13 0 3.76808e-13 0 3.8127e-13 0 3.85503e-13 0 3.89623e-13 0 3.93515e-13 0 3.97178e-13 0 4.00841e-13 0 4.04391e-13 0 4.07711e-13 0 4.11147e-13 0 4.14354e-13 0 4.17332e-13 0 4.2031e-13 0 4.23288e-13 0 4.26267e-13 0 4.29017e-13 0 4.31767e-13 0 4.34288e-13 0 4.37038e-13 0 4.3956e-13 0 4.42081e-13 0 4.44374e-13 0 4.46895e-13 0 4.49188e-13 0 4.51481e-13 0 4.53774e-13 0 4.55837e-13 0 4.58131e-13 0 4.60194e-13 0 4.62258e-13 0 4.64322e-13 0 4.66387e-13 0 4.68222e-13 0 4.70286e-13 0 4.72121e-13 0 4.74071e-13 0 4.76021e-13 0 4.77856e-13 0 4.79576e-13 0 4.81297e-13 0 4.83132e-13 0 4.84739e-13 0 4.86574e-13 0
2244.63 4.57768e-12 4.57767e-12 6.11018e-18 1.33478e-06 1.87723e-05 1.33428e-14 0 2.62465e-14 0 5.36859e-14 0 8.35237e-14 0 9.97669e-14 0 1.10405e-13 0 1.18479e-13 0 1.25039e-13 0 1.47472e-13 0 1.73128e-13 0 1.89869e-13 0 2.0251e-13 0 2.12804e-13 0 2.21587e-13 0 2.29276e-13 0 2.36041e-13 0 2.42216e-13 0 2.47801e-13 0 2.52964e-13 0 2.57791e-13 0 2.62279e-13 0 2.66515e-13 0 2.70498e-13 0 2.74311e-13 0 2.77871e-13 0 2.81262e-13 0 2.84569e-13 0 2.87707e-13 0 2.9076e-13 0 2.93644e-13 0 2.96358e-13 0 2.99073e-13 0 3.01704e-13 0 3.04164e-13 0 3.0671e-13 0 3.09087e-13 0 3.11294e-13 0 3.13501e-13 0 3.15708e-13 0 3.17915e-13 0 3.19953e-13 0 3.21991e-13 0 3.23859e-13 0 3.25897e-13 0 3.27765e-13 0 3.29633e-13 0 3.31332e-13 0 3.33201e-13 0 3.34899e-13 0 3.36598e-13 0 3.38297e-13 0 3.39826e-13 0 3.41525e-13 0 3.43055e-13 0 3.44584e-13 0 3.46113e-13 0 3.47643e-13 0 3.49002e-13 0 3.50532e-13 0 3.51892e-13 0 3.53336e-13 0 3.54781e-13 0 3.56141e-13 0 3.57416e-13 0 3.58691e-13 0 3.60051e-13 0 3.61241e-13 0 3.62601e-13 0
2359.84 4.14159e-12 4.14159e-12 5.5281e-18 1.33478e-06 1.69839e-05 1.05732e-14 0 2.03631e-14 0 4.09309e-14 0 6.31634e-14 0 7.52413e-14 0 8.31456e-14 0 8.91424e-14 0 9.40133e-14 0 1.10664e-13 0 1.29697e-13 0 1.42113e-13 0 1.51486e-13 0 1.59118e-13 0 1.65629e-13 0 1.7133e-13 0 1.76344e-13 0 1.80921e-13 0 1.8506e-13 0 1.88888e-13 0 1.92465e-13 0 1.95792e-13 0 1.98931e-13 0 2.01882e-13 0 2.04709e-13 0 2.07347e-13 0 2.0986e-13 0 2.12311e-13 0 2.14636e-13 0 2.16898e-13 0 2.19035e-13 0 2.21047e-13 0 2.23059e-13 0 2.25008e-13 0 2.26831e-13 0 2.28718e-13 0 2.30479e-13 0 2.32114e-13 0 2.33749e-13 0 2.35385e-13 0 2.3702e-13 0 2.3853e-13 0 2.4004e-13 0 2.41424e-13 0 2.42935e-13 0 2.44319e-13 0 2.45703e-13 0 2.46962e-13 0 2.48346e-13 0 2.49605e-13 0 2.50864e-13 0 2.52123e-13 0 2.53256e-13 0 2.54515e-13 0 2.55648e-13 0 2.56781e-13 0 2.57914e-13 0 2.59047e-13 0 2.60055e-13 0 2.61188e-13 0 2.62195e-13 0 2.63266e-13 0 2.64336e-13 0 2.65343e-13 0 2.66288e-13 0 2.67233e-13 0 2.6824e-13 0 2.69122e-13 0 2.70129e-13 0
2480.97 3.74705e-12 3.74704e-12 5.00146e-18 1.33478e-06 1.5366e-05 8.3452e-15 0 1.57564e-14 0 3.11562e-14 0 4.77123e-14 0 5.66896e-14 0 6.25608e-14 0 6.70135e-14 0 7.06295e-14 0 8.29858e-14 0 9.71032e-14 0 1.06309e-13 0 1.13259e-13 0 1.18917e-13 0 1.23743e-13 0 1.27969e-13 0 1.31685e-13 0 1.35077e-13 0 1.38146e-13 0 1.40982e-13 0 1.43633e-13 0 1.46098e-13 0 1.48425e-13 0 1.50612e-13 0 1.52707e-13 0 1.54662e-13 0 1.56524e-13 0 1.5834e-13 0 1.60063e-13 0 1.61739e-13 0 1.63323e-13 0 1.64813e-13 0 1.66304e-13 0 1.67748e-13 0 1.691e-13 0 1.70497e-13 0 1.71802e-13 0 1.73014e-13 0 1.74226e-13 0 1.75437e-13 0 1.76649e-13 0 1.77768e-13 0 1.78887e-13 0 1.79912e-13 0 1.81031e-13 0 1.82057e-13 0 1.83082e-13 0 1.84015e-13 0 1.85041e-13 0 1.85973e-13 0 1.86906e-13 0 1.87839e-13 0 1.88678e-13 0 1.89611e-13 0 1.9045e-13 0 1.9129e-13 0 1.92129e-13 0 1.92969e-13 0 1.93715e-13 0 1.94555e-13 0 1.95301e-13 0 1.96094e-13 0 1.96887e-13 0 1.97634e-13 0 1.98333e-13 0 1.99033e-13 0 1.9978e-13 0 2.00433e-13 0 2.01179e-13 0
2608.32 3.39009e-12 3.39008e-12 4.52501e-18 1.33478e-06 1.39021e-05 6.56219e-15 0 1.21615e-14 0 2.36801e-14 0 3.60027e-14 0 4.26731e-14 0 4.7033e-14 0 5.03384e-14 0 5.30221e-14 0 6.21897e-14 0 7.26595e-14 0 7.94853e-14 0 8.46372e-14 0 8.88311e-14 0 9.24085e-14 0 9.55403e-14 0 9.82946e-14 0 1.00809e-13 0 1.03083e-13 0 1.05184e-13 0 1.07149e-13 0 1.08976e-13 0 1.107e-13 0 1.12321e-13 0 1.13873e-13 0 1.15322e-13 0 1.16701e-13 0 1.18047e-13 0 1.19324e-13 0 1.20566e-13 0 1.21739e-13 0 1.22844e-13 0 1.23948e-13 0 1.25018e-13 0 1.26019e-13 0 1.27055e-13 0 1.28022e-13 0 1.2892e-13 0 1.29817e-13 0 1.30715e-13 0 1.31613e-13 0 1.32442e-13 0 1.33271e-13 0 1.34031e-13 0 1.3486e-13 0 1.35619e-13 0 1.36379e-13 0 1.3707e-13 0 1.3783e-13 0 1.38521e-13 0 1.39212e-13 0 1.39903e-13 0 1.40525e-13 0 1.41216e-13 0 1.41838e-13 0 1.4246e-13 0 1.43082e-13 0 1.43704e-13 0 1.44257e-13 0 1.44879e-13 0 1.45432e-13 0 1.46019e-13 0 1.46607e-13 0 1.4716e-13 0 1.47678e-13 0 1.48197e-13 0 1.4875e-13 0 1.49234e-13 0 1.49787e-13 0
2742.21 3.06713e-12 3.06713e-12 4.09393e-18 1.33478e-06 1.25778e-05 5.1421e-15 0 9.36475e-15 0 1.79723e-14 0 2.71396e-14 0 3.20943e-14 0 3.53311e-14 0 3.77843e-14 0 3.97757e-14 0 4.65762e-14 0 5.43398e-14 0 5.94e-14 0 6.32189e-14 0 6.63274e-14 0 6.89788e-14 0 7.12998e-14 0 7.3341e-14 0 7.52042e-14 0 7.68891e-14 0 7.84467e-14 0 7.99025e-14 0 8.12563e-14 0 8.25337e-14 0 8.37346e-14 0 8.48846e-14 0 8.5958e-14 0 8.69805e-14 0 8.79774e-14 0 8.89233e-14 0 8.98438e-14 0 9.07131e-14 0 9.15314e-14 0 9.23498e-14 0 9.31426e-14 0 9.38843e-14 0 9.46517e-14 0 9.53679e-14 0 9.6033e-14 0 9.66982e-14 0 9.73633e-14 0 9.80285e-14 0 9.86426e-14 0 9.92567e-14 0 9.98196e-14 0 1.00434e-13 0 1.00997e-13 0 1.0156e-13 0 1.02072e-13 0 1.02635e-13 0 1.03147e-13 0 1.03658e-13 0 1.0417e-13 0 1.04631e-13 0 1.05143e-13 0 1.05604e-13 0 1.06064e-13 0 1.06525e-13 0 1.06986e-13 0 1.07396e-13 0 1.07856e-13 0 1.08266e-13 0 1.08701e-13 0 1.09137e-13 0 1.09546e-13 0 1.0993e-13 0 1.10314e-13 0 1.10724e-13 0 1.11082e-13 0 1.11492e-13 0
2882.97 2.77495e-12 2.77494e-12 3.70393e-18 1.33478e-06 1.13796e-05 4.01614e-15 0 7.19532e-15 0 1.36222e-14 0 2.04392e-14 0 2.41185e-14 0 2.65209e-14 0 2.83412e-14 0 2.98186e-14 0 3.48624e-14 0 4.06186e-14 0 4.43697e-14 0 4.72002e-14 0 4.9504e-14 0 5.14689e-14 0 5.3189e-14 0 5.47016e-14 0 5.60822e-14 0 5.73307e-14 0 5.84849e-14 0 5.95636e-14 0 6.05667e-14 0 6.15132e-14 0 6.2403e-14 0 6.3255e-14 0 6.40503e-14 0 6.48079e-14 0 6.55465e-14 0 6.62474e-14 0 6.69293e-14 0 6.75734e-14 0 6.81797e-14 0 6.87859e-14 0 6.93733e-14 0 6.99228e-14 0 7.04913e-14 0 7.1022e-14 0 7.15147e-14 0 7.20075e-14 0 7.25003e-14 0 7.29931e-14 0 7.3448e-14 0 7.3903e-14 0 7.432e-14 0 7.4775e-14 0 7.5192e-14 0 7.56091e-14 0 7.59883e-14 0 7.64054e-14 0 7.67846e-14 0 7.71639e-14 0 7.75431e-14 0 7.78844e-14 0 7.82636e-14 0 7.8605e-14 0 7.89463e-14 0 7.92877e-14 0 7.9629e-14 0 7.99325e-14 0 8.02738e-14 0 8.05773e-14 0 8.08997e-14 0 8.12221e-14 0 8.15256e-14 0 8.18101e-14 0 8.20946e-14 0 8.23981e-14 0 8.26636e-14 0 8.29671e-14 0
3030.95 2.51059e-12 2.51059e-12 3.35108e-18 1.33478e-06 1.02955e-05 3.12708e-15 0 5.51702e-15 0 1.0312e-14 0 1.53793e-14 0 1.81107e-14 0 1.98934e-14 0 2.12439e-14 0 2.23398e-14 0 2.60802e-14 0 3.03476e-14 0 3.31279e-14 0 3.52256e-14 0 3.69329e-14 0 3.8389e-14 0 3.96636e-14 0 4.07844e-14 0 4.18074e-14 0 4.27325e-14 0 4.35877e-14 0 4.43869e-14 0 4.51301e-14 0 4.58314e-14 0 4.64907e-14 0 4.71219e-14 0 4.77112e-14 0 4.82724e-14 0 4.88196e-14 0 4.93389e-14 0 4.98441e-14 0 5.03213e-14 0 5.07704e-14 0 5.12196e-14 0 5.16547e-14 0 5.20618e-14 0 5.2483e-14 0 5.28761e-14 0 5.32411e-14 0 5.36062e-14 0 5.39713e-14 0 5.43364e-14 0 5.46734e-14 0 5.50104e-14 0 5.53193e-14 0 5.56564e-14 0 5.59654e-14 0 5.62743e-14 0 5.65552e-14 0 5.68642e-14 0 5.71451e-14 0 5.74261e-14 0 5.7707e-14 0 5.79598e-14 0 5.82408e-14 0 5.84936e-14 0 5.87465e-14 0 5.89993e-14 0 5.92522e-14 0 5.9477e-14 0 5.97299e-14 0 5.99547e-14 0 6.01935e-14 0 6.04323e-14 0 6.06571e-14 0 6.08679e-14 0 6.10786e-14 0 6.13035e-14 0 6.15002e-14 0 6.1725e-14 0
3186.53 2.27142e-12 2.27142e-12 3.03184e-18 1.33478e-06 9.3147e-06 2.42783e-15 0 4.22198e-15 0 7.79693e-15 0 1.15623e-14 0 1.35896e-14 0 1.49123e-14 0 1.5914e-14 0 1.67267e-14 0 1.95002e-14 0 2.26635e-14 0 2.47241e-14 0 2.62787e-14 0 2.75439e-14 0 2.86229e-14 0 2.95673e-14 0 3.03978e-14 0 3.11557e-14 0 3.18412e-14 0 3.24748e-14 0 3.30669e-14 0 3.36176e-14 0 3.41371e-14 0 3.46255e-14 0 3.50932e-14 0 3.55298e-14 0 3.59455e-14 0 3.6351e-14 0 3.67356e-14 0 3.71099e-14 0 3.74634e-14 0 3.77962e-14 0 3.81289e-14 0 3.84513e-14 0 3.87529e-14 0 3.90649e-14 0 3.93561e-14 0 3.96265e-14 0 3.98969e-14 0 4.01674e-14 0 4.04378e-14 0 4.06875e-14 0 4.09371e-14 0 4.1166e-14 0 4.14157e-14 0 4.16446e-14 0 4.18735e-14 0 4.20815e-14 0 4.23104e-14 0 4.25185e-14 0 4.27266e-14 0 4.29347e-14 0 4.3122e-14 0 4.33301e-14 0 4.35174e-14 0 4.37047e-14 0 4.38921e-14 0 4.40794e-14 0 4.42459e-14 0 4.44332e-14 0 4.45997e-14 0 4.47766e-14 0 4.49536e-14 0 4.51201e-14 0 4.52762e-14 0 4.54323e-14 0 4.55988e-14 0 4.57446e-14 0 4.59111e-14 0
3350.09 2.05504e-12 2.05503e-12 2.74301e-18 1.33478e-06 8.42734e-06 1.87984e-15 0 3.22502e-15 0 5.88869e-15 0 8.68573e-15 0 1.01901e-14 0 1.11712e-14 0 1.19142e-14 0 1.25169e-14 0 1.45731e-14 0 1.69178e-14 0 1.84449e-14 0 1.95969e-14 0 2.05343e-14 0 2.13338e-14 0 2.20336e-14 0 2.26489e-14 0 2.32104e-14 0 2.37183e-14 0 2.41877e-14 0 2.46264e-14 0 2.50343e-14 0 2.54192e-14 0 2.57811e-14 0 2.61276e-14 0 2.6451e-14 0 2.6759e-14 0 2.70593e-14 0 2.73443e-14 0 2.76216e-14 0 2.78834e-14 0 2.81299e-14 0 2.83764e-14 0 2.86152e-14 0 2.88386e-14 0 2.90698e-14 0 2.92855e-14 0 2.94858e-14 0 2.96861e-14 0 2.98865e-14 0 3.00868e-14 0 3.02718e-14 0 3.04567e-14 0 3.06262e-14 0 3.08112e-14 0 3.09807e-14 0 3.11503e-14 0 3.13044e-14 0 3.1474e-14 0 3.16281e-14 0 3.17823e-14 0 3.19364e-14 0 3.20752e-14 0 3.22293e-14 0 3.23681e-14 0 3.25068e-14 0 3.26456e-14 0 3.27843e-14 0 3.29077e-14 0 3.30464e-14 0 3.31698e-14 0 3.33008e-14 0 3.34319e-14 0 3.35552e-14 0 3.36708e-14 0 3.37865e-14 0 3.39098e-14 0 3.40178e-14 0 3.41411e-14 0
3522.05 1.85927e-12 1.85926e-12 2.4817e-18 1.33478e-06 7.62452e-06 1.45185e-15 0 2.45926e-15 0 4.44281e-15 0 6.51996e-15 0 7.63611e-15 0 8.36377e-15 0 8.91467e-15 0 9.36155e-15 0 1.08859e-14 0 1.26236e-14 0 1.37553e-14 0 1.46089e-14 0 1.53035e-14 0 1.58959e-14 0 1.64143e-14 0 1.68702e-14 0 1.72862e-14 0 1.76625e-14 0 1.80102e-14 0 1.83352e-14 0 1.86374e-14 0 1.89226e-14 0 1.91906e-14 0 1.94473e-14 0 1.96869e-14 0 1.99151e-14 0 2.01376e-14 0 2.03487e-14 0 2.05541e-14 0 2.07481e-14 0 2.09307e-14 0 2.11133e-14 0 2.12902e-14 0 2.14557e-14 0 2.16269e-14 0 2.17867e-14 0 2.19351e-14 0 2.20835e-14 0 2.22319e-14 0 2.23803e-14 0 2.25173e-14 0 2.26543e-14 0 2.27798e-14 0 2.29168e-14 0 2.30424e-14 0 2.3168e-14 0 2.32822e-14 0 2.34078e-14 0 2.3522e-14 0 2.36362e-14 0 2.37503e-14 0 2.38531e-14 0 2.39673e-14 0 2.40701e-14 0 2.41728e-14 0 2.42756e-14 0 2.43784e-14 0 2.44698e-14 0 2.45725e-14 0 2.46639e-14 0 2.4761e-14 0 2.4858e-14 0 2.49494e-14 0 2.50351e-14 0 2.51207e-14 0 2.52121e-14 0 2.5292e-14 0 2.53834e-14 0
3702.84 1.68214e-12 1.68214e-12 2.24528e-18 1.33478e-06 6.89817e-06 1.11862e-15 0 1.8723e-15 0 3.34861e-15 0 4.89074e-15 0 5.71869e-15 0 6.25829e-15 0 6.66676e-15 0 6.99806e-15 0 8.12796e-15 0 9.41579e-15 0 1.02543e-14 0 1.08868e-14 0 1.14015e-14 0 1.18403e-14 0 1.22244e-14 0 1.25622e-14 0 1.28704e-14 0 1.31491e-14 0 1.34067e-14 0 1.36475e-14 0 1.38714e-14 0 1.40826e-14 0 1.42812e-14 0 1.44713e-14 0 1.46488e-14 0 1.48178e-14 0 1.49827e-14 0 1.5139e-14 0 1.52912e-14 0 1.54349e-14 0 1.55702e-14 0 1.57054e-14 0 1.58365e-14 0 1.5959e-14 0 1.60859e-14 0 1.62042e-14 0 1.63142e-14 0 1.64241e-14 0 1.6534e-14 0 1.66439e-14 0 1.67454e-14 0 1.68469e-14 0 1.69399e-14 0 1.70414e-14 0 1.71344e-14 0 1.72274e-14 0 1.7312e-14 0 1.74051e-14 0 1.74896e-14 0 1.75742e-14 0 1.76588e-14 0 1.77349e-14 0 1.78195e-14 0 1.78956e-14 0 1.79717e-14 0 1.80479e-14 0 1.8124e-14 0 1.81917e-14 0 1.82678e-14 0 1.83355e-14 0 1.84074e-14 0 1.84793e-14 0 1.85469e-14 0 1.86104e-14 0 1.86738e-14 0 1.87415e-14 0 1.88007e-14 0 1.88684e-14 0
3892.91 1.5219e-12 1.52189e-12 2.03139e-18 1.33478e-06 6.24103e-06 8.59956e-16 0 1.42326e-15 0 2.52154e-15 0 3.66619e-15 0 4.28026e-15 0 4.68036e-15 0 4.98319e-15 0 5.22878e-15 0 6.06624e-15 0 7.02058e-15 0 7.64191e-15 0 8.11053e-15 0 8.49182e-15 0 8.81695e-15 0 9.1015e-15 0 9.35171e-15 0 9.58005e-15 0 9.78652e-15 0 9.97737e-15 0 1.01557e-14 0 1.03216e-14 0 1.04781e-14 0 1.06252e-14 0 1.0766e-14 0 1.08975e-14 0 1.10227e-14 0 1.11448e-14 0 1.12606e-14 0 1.13733e-14 0 1.14798e-14 0 1.15799e-14 0 1.16801e-14 0 1.17772e-14 0 1.1868e-14 0 1.1962e-14 0 1.20496e-14 0 1.21311e-14 0 1.22125e-14 0 1.22939e-14 0 1.23753e-14 0 1.24505e-14 0 1.25257e-14 0 1.25946e-14 0 1.26697e-14 0 1.27386e-14 0 1.28075e-14 0 1.28702e-14 0 1.29391e-14 0 1.30017e-14 0 1.30644e-14 0 1.3127e-14 0 1.31834e-14 0 1.32461e-14 0 1.33025e-14 0 1.33588e-14 0 1.34152e-14 0 1.34716e-14 0 1.35217e-14 0 1.35781e-14 0 1.36283e-14 0 1.36815e-14 0 1.37348e-14 0 1.37849e-14 0 1.38319e-14 0 1.38789e-14 0 1.3929e-14 0 1.39729e-14 0 1.4023e-14 0
4092.73 1.37691e-12 1.37691e-12 1.83787e-18 1.33478e-06 5.64647e-06 6.59711e-16 0 1.08038e-15 0 1.89707e-15 0 2.74649e-15 0 3.20187e-15 0 3.4985e-15 0 3.72298e-15 0 3.90502e-15 0 4.52568e-15 0 5.23284e-15 0 5.6932e-15 0 6.04039e-15 0 6.32287e-15 0 6.56373e-15 0 6.77453e-15 0 6.95988e-15 0 7.12904e-15 0 7.28199e-15 0 7.42336e-15 0 7.55548e-15 0 7.67834e-15 0 7.79425e-15 0 7.90321e-15 0 8.00755e-15 0 8.10493e-15 0 8.19768e-15 0 8.28811e-15 0 8.37391e-15 0 8.4574e-15 0 8.53624e-15 0 8.61046e-15 0 8.68467e-15 0 8.75657e-15 0 8.82384e-15 0 8.89342e-15 0 8.95836e-15 0 9.01867e-15 0 9.07898e-15 0 9.13929e-15 0 9.19961e-15 0 9.25528e-15 0 9.31096e-15 0 9.36199e-15 0 9.41767e-15 0 9.46871e-15 0 9.51975e-15 0 9.56615e-15 0 9.61719e-15 0 9.66359e-15 0 9.70999e-15 0 9.75639e-15 0 9.79816e-15 0 9.84456e-15 0 9.88633e-15 0 9.92809e-15 0 9.96986e-15 0 1.00116e-14 0 1.00487e-14 0 1.00905e-14 0 1.01276e-14 0 1.01671e-14 0 1.02065e-14 0 1.02437e-14 0 1.02785e-14 0 1.03133e-14 0 1.03504e-14 0 1.03829e-14 0 1.042e-14 0
4302.81 1.24574e-12 1.24574e-12 1.66279e-18 1.33478e-06 5.10857e-06 5.05098e-16 0 8.18996e-16 0 1.42607e-15 0 2.05629e-15 0 2.39395e-15 0 2.61384e-15 0 2.78023e-15 0 2.91515e-15 0 3.3751e-15 0 3.89908e-15 0 4.24015e-15 0 4.49737e-15 0 4.70664e-15 0 4.88507e-15 0 5.04123e-15 0 5.17853e-15 0 5.30384e-15 0 5.41714e-15 0 5.52186e-15 0 5.61973e-15 0 5.71074e-15 0 5.7966e-15 0 5.87731e-15 0 5.95459e-15 0 6.02672e-15 0 6.09543e-15 0 6.16241e-15 0 6.22597e-15 0 6.2878e-15 0 6.34621e-15 0 6.40118e-15 0 6.45615e-15 0 6.50941e-15 0 6.55923e-15 0 6.61077e-15 0 6.65887e-15 0 6.70354e-15 0 6.74822e-15 0 6.79289e-15 0 6.83756e-15 0 6.8788e-15 0 6.92004e-15 0 6.95784e-15 0 6.99908e-15 0 7.03688e-15 0 7.07469e-15 0 7.10905e-15 0 7.14686e-15 0 7.18123e-15 0 7.2156e-15 0 7.24997e-15 0 7.2809e-15 0 7.31527e-15 0 7.3462e-15 0 7.37714e-15 0 7.40807e-15 0 7.43901e-15 0 7.4665e-15 0 7.49744e-15 0 7.52494e-15 0 7.55416e-15 0 7.58337e-15 0 7.61087e-15 0 7.63665e-15 0 7.66243e-15 0 7.68993e-15 0 7.714e-15 0 7.7415e-15 0
4523.68 1.12707e-12 1.12707e-12 1.50438e-18 1.33478e-06 4.6219e-06 3.86002e-16 0 6.20064e-16 0 1.07116e-15 0 1.53867e-15 0 1.789e-15 0 1.95199e-15 0 2.07531e-15 0 2.1753e-15 0 2.51614e-15 0 2.90436e-15 0 3.15705e-15 0 3.3476e-15 0 3.50262e-15 0 3.6348e-15 0 3.75048e-15 0 3.85219e-15 0 3.94501e-15 0 4.02893e-15 0 4.10651e-15 0 4.179e-15 0 4.24641e-15 0 4.31001e-15 0 4.36979e-15 0 4.42704e-15 0 4.48047e-15 0 4.53136e-15 0 4.58097e-15 0 4.62805e-15 0 4.67385e-15 0 4.71711e-15 0 4.75783e-15 0 4.79854e-15 0 4.83799e-15 0 4.87489e-15 0 4.91307e-15 0 4.9487e-15 0 4.98179e-15 0 5.01487e-15 0 5.04796e-15 0 5.08105e-15 0 5.11159e-15 0 5.14214e-15 0 5.17014e-15 0 5.20068e-15 0 5.22868e-15 0 5.25668e-15 0 5.28214e-15 0 5.31014e-15 0 5.33559e-15 0 5.36105e-15 0 5.38651e-15 0 5.40942e-15 0 5.43487e-15 0 5.45779e-15 0 5.4807e-15 0 5.50361e-15 0 5.52652e-15 0 5.54689e-15 0 5.5698e-15 0 5.59017e-15 0 5.61181e-15 0 5.63345e-15 0 5.65381e-15 0 5.67291e-15 0 5.692e-15 0 5.71237e-15 0 5.73019e-15 0 5.75056e-15 0
4755.88 1.0197e-12 1.0197e-12 1.36107e-18 1.33478e-06 4.1816e-06 2.94475e-16 0 4.68894e-16 0 8.03979e-16 0 1.15073e-15 0 1.3363e-15 0 1.45711e-15 0 1.54851e-15 0 1.6226e-15 0 1.87516e-15 0 2.16279e-15 0 2.34998e-15 0 2.49114e-15 0 2.60598e-15 0 2.7039e-15 0 2.78958e-15 0 2.86492e-15 0 2.93368e-15 0 2.99584e-15 0 3.05331e-15 0 3.107e-15 0 3.15693e-15 0 3.20404e-15 0 3.24832e-15 0 3.29072e-15 0 3.3303e-15 0 3.36799e-15 0 3.40474e-15 0 3.43961e-15 0 3.47354e-15 0 3.50558e-15 0 3.53574e-15 0 3.5659e-15 0 3.59511e-15 0 3.62244e-15 0 3.65072e-15 0 3.67711e-15 0 3.70162e-15 0 3.72612e-15 0 3.75063e-15 0 3.77514e-15 0 3.79776e-15 0 3.82039e-15 0 3.84112e-15 0 3.86375e-15 0 3.88449e-15 0 3.90522e-15 0 3.92408e-15 0 3.94482e-15 0 3.96367e-15 0 3.98253e-15 0 4.00138e-15 0 4.01835e-15 0 4.03721e-15 0 4.05417e-15 0 4.07114e-15 0 4.08811e-15 0 4.10508e-15 0 4.12017e-15 0 4.13714e-15 0 4.15222e-15 0 4.16825e-15 0 4.18428e-15 0 4.19936e-15 0 4.21351e-15 0 4.22765e-15 0 4.24274e-15 0 4.25594e-15 0 4.27102e-15 0
5000 9.22557e-13 9.22556e-13 1.23141e-18 1.33478e-06 3.78324e-06 2.24281e-16 0 3.54179e-16 0 6.03017e-16 0 8.60165e-16 0 9.97718e-16 0 1.08725e-15 0 1.15498e-15 0 1.20989e-15 0 1.39701e-15 0 1.61011e-15 0 1.74878e-15 0 1.85335e-15 0 1.93841e-15 0 2.01094e-15 0 2.07442e-15 0 2.13022e-15 0 2.18115e-15 0 2.2272e-15 0 2.26976e-15 0 2.30953e-15 0 2.34651e-15 0 2.38141e-15 0 2.41421e-15 0 2.44561e-15 0 2.47492e-15 0 2.50284e-15 0 2.53006e-15 0 2.55589e-15 0 2.58102e-15 0 2.60475e-15 0 2.62709e-15 0 2.64942e-15 0 2.67106e-15 0 2.69131e-15 0 2.71225e-15 0 2.7318e-15 0 2.74995e-15 0 2.7681e-15 0 2.78625e-15 0 2.8044e-15 0 2.82116e-15 0 2.83792e-15 0 2.85327e-15 0 2.87003e-15 0 2.88539e-15 0 2.90075e-15 0 2.91472e-15 0 2.93008e-15 0 2.94404e-15 0 2.95801e-15 0 2.97197e-15 0 2.98454e-15 0 2.9985e-15 0 3.01107e-15 0 3.02364e-15 0 3.03621e-15 0 3.04878e-15 0 3.05995e-15 0 3.07252e-15 0 3.08369e-15 0 3.09556e-15 0 3.10743e-15 0 3.11861e-15 0 3.12908e-15 0 3.13955e-15 0 3.15073e-15 0 3.1605e-15 0 3.17168e-15 0
