# 1.3335e-05 0 103 : grain size, compostion index, size index
# Heating and cooling timescale: 0.00824432 169670
# Ratio of heating to cooling to determine stochastic cutoff: 100
# Equilibrium emission is recorded even for those grains in the stochastic regime.
# Emission spectrum was computed for: 
# Type: ISRF
# Scales: 0.25 0.5 1 1.5 2 2.5 3 3.5 4 4.5 5 5.5 6 6.5 7 7.5 8 8.5 9 9.5 10 10.5 11 11.5 12 12.5 13 13.5 14 14.5 15 15.5 16 16.5 17 17.5 18 18.5 19 19.5 20
# StochasticallyHeated: 0 0 0 0 0 0 0 0 0 0 0 0 0 0 0 0 0 0 0 0 0 0 0 0 0 0 0 0 0 0 0 0 0 0 0 0 0 0 0 0 0
# Temperature: -1
# Wavelength  CExt  CAbs  CSca  Albedo G EqEm1 StEm1 EqEm2 StEm2 EqEm3 StEm3 EqEm4 StEm4 EqEm5 StEm5 EqEm6 StEm6 EqEm7 StEm7 EqEm8 StEm8 EqEm9 StEm9 EqEm10 StEm10 EqEm11 StEm11 EqEm12 StEm12 EqEm13 StEm13 EqEm14 StEm14 EqEm15 StEm15 EqEm16 StEm16 EqEm17 StEm17 EqEm18 StEm18 EqEm19 StEm19 EqEm20 StEm20 EqEm21 StEm21 EqEm22 StEm22 EqEm23 StEm23 EqEm24 StEm24 EqEm25 StEm25 EqEm26 StEm26 EqEm27 StEm27 EqEm28 StEm28 EqEm29 StEm29 EqEm30 StEm30 EqEm31 StEm31 EqEm32 StEm32 EqEm33 StEm33 EqEm34 StEm34 EqEm35 StEm35 EqEm36 StEm36 EqEm37 StEm37 EqEm38 StEm38 EqEm39 StEm39 EqEm40 StEm40 EqEm41 StEm41
0.05 3.47805e-10 1.4933e-10 1.98475e-10 0.570651 0.00576547 0 0 0 0 0 0 0 0 0 0 0 0 0 0 0 0 0 0 0 0 0 0 0 0 0 0 0 0 0 0 0 0 0 0 0 0 0 0 0 0 0 0 0 0 0 0 0 0 0 0 0 0 0 0 0 0 0 0 0 0 0 0 0 0 0 0 0 0 0 0 0 0 0 0 0 0 0 0 0 0 0 0
0.0525665 3.84428e-10 1.65054e-10 2.19374e-10 0.570651 0.00637255 0 0 0 0 0 0 0 0 0 0 0 0 0 0 0 0 0 0 0 0 0 0 0 0 0 0 0 0 0 0 0 0 0 0 0 0 0 0 0 0 0 0 0 0 0 0 0 0 0 0 0 0 0 0 0 0 0 0 0 0 0 0 0 0 0 0 0 0 0 0 0 0 0 0 0 0 0 0 0 0 0 0
0.0552647 4.24906e-10 1.82433e-10 2.42473e-10 0.570651 0.00704355 0 0 0 0 0 0 0 0 0 0 0 0 0 0 0 0 0 0 0 0 0 0 0 0 0 0 0 0 0 0 0 0 0 0 0 0 0 0 0 0 0 0 0 0 0 0 0 0 0 0 0 0 0 0 0 0 0 0 0 0 0 0 0 0 0 0 0 0 0 0 0 0 0 0 0 0 0 0 0 0 0 0
0.0581015 4.69646e-10 2.01642e-10 2.68004e-10 0.570651 0.0077852 0 0 0 0 0 0 0 0 0 0 0 0 0 0 0 0 0 0 0 0 0 0 0 0 0 0 0 0 0 0 0 0 0 0 0 0 0 0 0 0 0 0 0 0 0 0 0 0 0 0 0 0 0 0 0 0 0 0 0 0 0 0 0 0 0 0 0 0 0 0 0 0 0 0 0 0 0 0 0 0 0 0
0.0610839 5.19098e-10 2.22874e-10 2.96224e-10 0.570651 0.00860494 0 0 0 0 0 0 0 0 0 0 0 0 0 0 0 0 0 0 0 0 0 0 0 0 0 0 0 0 0 0 0 0 0 0 0 0 0 0 0 0 0 0 0 0 0 0 0 0 0 0 0 0 0 0 0 0 0 0 0 0 0 0 0 0 0 0 0 0 0 0 0 0 0 0 0 0 0 0 0 0 0 0
0.0642193 5.73756e-10 2.46342e-10 3.27414e-10 0.570651 0.009511 0 0 0 0 0 0 0 0 0 0 0 0 0 0 0 0 0 0 0 0 0 0 0 0 0 0 0 0 0 0 0 0 0 0 0 0 0 0 0 0 0 0 0 0 0 0 0 0 0 0 0 0 0 0 0 0 0 0 0 0 0 0 0 0 0 0 0 0 0 0 0 0 0 0 0 0 0 0 0 0 0 0
0.0675157 6.3417e-10 2.72281e-10 3.6189e-10 0.570651 0.0105125 0 0 0 0 0 0 0 0 0 0 0 0 0 0 0 0 0 0 0 0 0 0 0 0 0 0 0 0 0 0 0 0 0 0 0 0 0 0 0 0 0 0 0 0 0 0 0 0 0 0 0 0 0 0 0 0 0 0 0 0 0 0 0 0 0 0 0 0 0 0 0 0 0 0 0 0 0 0 0 0 0 0
0.0709813 7.00945e-10 3.0095e-10 3.99995e-10 0.570651 0.0116194 0 0 0 0 0 0 0 0 0 0 0 0 0 0 0 0 0 0 0 0 0 0 0 0 0 0 0 0 0 0 0 0 0 0 0 0 0 0 0 0 0 0 0 0 0 0 0 0 0 0 0 0 0 0 0 0 0 0 0 0 0 0 0 0 0 0 0 0 0 0 0 0 0 0 0 0 0 0 0 0 0 0
0.0746248 7.74751e-10 3.32639e-10 4.42112e-10 0.570651 0.0128428 0 0 0 0 0 0 0 0 0 0 0 0 0 0 0 0 0 0 0 0 0 0 0 0 0 0 0 0 0 0 0 0 0 0 0 0 0 0 0 0 0 0 0 0 0 0 0 0 0 0 0 0 0 0 0 0 0 0 0 0 0 0 0 0 0 0 0 0 0 0 0 0 0 0 0 0 0 0 0 0 0 0
0.0784553 8.56329e-10 3.67664e-10 4.88665e-10 0.570651 0.0141951 0 0 0 0 0 0 0 0 0 0 0 0 0 0 0 0 0 0 0 0 0 0 0 0 0 0 0 0 0 0 0 0 0 0 0 0 0 0 0 0 0 0 0 0 0 0 0 0 0 0 0 0 0 0 0 0 0 0 0 0 0 0 0 0 0 0 0 0 0 0 0 0 0 0 0 0 0 0 0 0 0 0
0.0824824 9.46496e-10 4.06377e-10 5.40119e-10 0.570651 0.0156898 0 0 0 0 0 0 0 0 0 0 0 0 0 0 0 0 0 0 0 0 0 0 0 0 0 0 0 0 0 0 0 0 0 0 0 0 0 0 0 0 0 0 0 0 0 0 0 0 0 0 0 0 0 0 0 0 0 0 0 0 0 0 0 0 0 0 0 0 0 0 0 0 0 0 0 0 0 0 0 0 0 0
0.0867162 1.04616e-09 4.49167e-10 5.96991e-10 0.570651 0.0173419 0 0 0 0 0 0 0 0 0 0 0 0 0 0 0 0 0 0 0 0 0 0 0 0 0 0 0 0 0 0 0 0 0 0 0 0 0 0 0 0 0 0 0 0 0 0 0 0 0 0 0 0 0 0 0 0 0 0 0 0 0 0 0 0 0 0 0 0 0 0 0 0 0 0 0 0 0 0 0 0 0 0
0.0911674 1.15631e-09 4.96462e-10 6.59851e-10 0.570651 0.0191679 0 0 0 0 0 0 0 0 0 0 0 0 0 0 0 0 0 0 0 0 0 0 0 0 0 0 0 0 0 0 0 0 0 0 0 0 0 0 0 0 0 0 0 0 0 0 0 0 0 0 0 0 0 0 0 0 0 0 0 0 0 0 0 0 0 0 0 0 0 0 0 0 0 0 0 0 0 0 0 0 0 0
0.095847 1.27807e-09 5.48737e-10 7.2933e-10 0.570651 0.0211862 0 0 0 0 0 0 0 0 0 0 0 0 0 0 0 0 0 0 0 0 0 0 0 0 0 0 0 0 0 0 0 0 0 0 0 0 0 0 0 0 0 0 0 0 0 0 0 0 0 0 0 0 0 0 0 0 0 0 0 0 0 0 0 0 0 0 0 0 0 0 0 0 0 0 0 0 0 0 0 0 0 0
0.100767 1.38973e-09 6.01088e-10 7.88643e-10 0.567479 0.0235692 0 0 0 0 0 0 0 0 0 0 0 0 0 0 0 0 0 0 0 0 0 0 0 0 0 0 0 0 0 0 0 0 0 0 0 0 0 0 0 0 0 0 0 0 0 0 0 0 0 0 0 0 0 0 0 0 0 0 0 0 0 0 0 0 0 0 0 0 0 0 0 0 0 0 0 0 0 0 0 0 0 0
0.105939 1.38599e-09 6.25696e-10 7.60294e-10 0.548557 0.0256046 0 0 0 0 0 0 0 0 0 0 0 0 0 0 0 0 0 0 0 0 0 0 0 0 0 0 0 0 0 0 0 0 0 0 0 0 0 0 0 0 0 0 0 0 0 0 0 0 0 0 0 0 0 0 0 0 0 0 0 0 0 0 0 0 0 0 0 0 0 0 0 0 0 0 0 0 0 0 0 0 0 0
0.111377 1.39031e-09 6.3507e-10 7.55244e-10 0.543218 0.0289403 0 0 0 0 0 0 0 0 0 0 0 0 0 0 0 0 0 0 0 0 0 0 0 0 0 0 0 0 0 0 0 0 0 0 0 0 0 0 0 0 0 0 0 0 0 0 0 0 0 0 0 0 0 0 0 0 0 0 0 0 0 0 0 0 0 0 0 0 0 0 0 0 0 0 0 0 0 0 0 0 0 0
0.117094 1.39175e-09 6.58755e-10 7.32991e-10 0.52667 0.0274507 0 0 0 0 0 0 0 0 0 0 0 0 0 0 0 0 0 0 0 0 0 0 0 0 0 0 0 0 0 0 0 0 0 0 0 0 0 0 0 0 0 0 0 0 0 0 0 0 0 0 0 0 0 0 0 0 0 0 0 0 0 0 0 0 0 0 0 0 0 0 0 0 0 0 0 0 0 0 0 0 0 0
0.123105 1.39984e-09 6.90535e-10 7.09302e-10 0.506703 0.0236555 0 0 0 0 0 0 0 0 0 0 0 0 0 0 0 0 0 0 0 0 0 0 0 0 0 0 0 0 0 0 0 0 0 0 0 0 0 0 0 0 0 0 0 0 0 0 0 0 0 0 0 0 0 0 0 0 0 0 0 0 0 0 0 0 0 0 0 0 0 0 0 0 0 0 0 0 0 0 0 0 0 0
0.129424 1.41829e-09 7.19085e-10 6.99201e-10 0.49299 0.0199126 0 0 0 0 0 0 0 0 0 0 0 0 0 0 0 0 0 0 0 0 0 0 0 0 0 0 0 0 0 0 0 0 0 0 0 0 0 0 0 0 0 0 0 0 0 0 0 0 0 0 0 0 0 0 0 0 0 0 0 0 0 0 0 0 0 0 0 0 0 0 0 0 0 0 0 0 0 0 0 0 0 0
0.136067 1.41072e-09 7.44743e-10 6.65973e-10 0.472082 0.0168557 0 0 0 0 0 0 0 0 0 0 0 0 0 0 0 0 0 0 0 0 0 0 0 0 0 0 0 0 0 0 0 0 0 0 0 0 0 0 0 0 0 0 0 0 0 0 0 0 0 0 0 0 0 0 0 0 0 0 0 0 0 0 0 0 0 0 0 0 0 0 0 0 0 0 0 0 0 0 0 0 0 0
0.143051 1.4171e-09 7.57879e-10 6.59222e-10 0.465191 0.0143876 0 0 0 0 0 0 0 0 0 0 0 0 0 0 0 0 0 0 0 0 0 0 0 0 0 0 0 0 0 0 0 0 0 0 0 0 0 0 0 0 0 0 0 0 0 0 0 0 0 0 0 0 0 0 0 0 0 0 0 0 0 0 0 0 0 0 0 0 0 0 0 0 0 0 0 0 0 0 0 0 0 0
0.150394 1.45021e-09 7.56412e-10 6.93795e-10 0.478411 0.0122986 0 0 0 0 0 0 0 0 0 0 0 0 0 0 0 0 0 0 0 0 0 0 0 0 0 0 0 0 0 0 0 0 0 0 0 0 0 0 0 0 0 0 0 0 0 0 0 0 0 0 0 0 0 0 0 0 0 0 0 0 0 0 0 0 0 0 0 0 0 0 0 0 0 0 0 0 0 0 0 0 0 0
0.158114 1.41899e-09 7.42733e-10 6.76258e-10 0.476576 0.01055 0 0 0 0 0 0 0 0 0 0 0 0 0 0 0 0 0 0 0 0 0 0 0 0 0 0 0 0 0 0 0 0 0 0 0 0 0 0 0 0 0 0 0 0 0 0 0 0 0 0 0 0 0 0 0 0 0 0 0 0 0 0 0 0 0 0 0 0 0 0 0 0 0 0 0 0 0 0 0 0 0 0
0.16623 1.32718e-09 7.25792e-10 6.01389e-10 0.453133 0.00908216 0 0 0 0 0 0 0 0 0 0 0 0 0 0 0 0 0 0 0 0 0 0 0 0 0 0 0 0 0 0 0 0 0 0 0 0 0 0 0 0 0 0 0 0 0 0 0 0 0 0 0 0 0 0 0 0 0 0 0 0 0 0 0 0 0 0 0 0 0 0 0 0 0 0 0 0 0 0 0 0 0 0
0.174762 1.25754e-09 7.10211e-10 5.47325e-10 0.435236 0.00782097 0 0 0 0 0 0 0 0 0 0 0 0 0 0 0 0 0 0 0 0 0 0 0 0 0 0 0 0 0 0 0 0 0 0 0 0 0 0 0 0 0 0 0 0 0 0 0 0 0 0 0 0 0 0 0 0 0 0 0 0 0 0 0 0 0 0 0 0 0 0 0 0 0 0 0 0 0 0 0 0 0 0
0.183733 1.24482e-09 6.96019e-10 5.48802e-10 0.440868 0.00667218 0 0 0 0 0 0 0 0 0 0 0 0 0 0 0 0 0 0 0 0 0 0 0 0 0 0 0 0 0 0 0 0 0 0 0 0 0 0 0 0 0 0 0 0 0 0 0 0 0 0 0 0 0 0 0 0 0 0 0 0 0 0 0 0 0 0 0 0 0 0 0 0 0 0 0 0 0 0 0 0 0 0
0.193164 1.29697e-09 6.86054e-10 6.10917e-10 0.471034 0.00556038 0 0 0 0 0 0 0 0 0 0 0 0 0 0 0 0 0 0 0 0 0 0 0 0 0 0 0 0 0 0 0 0 0 0 0 0 0 0 0 0 0 0 0 0 0 0 0 0 0 0 0 0 0 0 0 0 0 0 0 0 0 0 0 0 0 0 0 0 0 0 0 0 0 0 0 0 0 0 0 0 0 0
0.203079 1.39233e-09 6.85351e-10 7.06975e-10 0.507766 0.00446034 0 0 0 0 0 0 0 0 0 0 0 0 0 0 0 0 0 0 0 0 0 0 0 0 0 0 0 0 0 0 0 0 0 0 0 0 0 0 0 0 0 0 0 0 0 0 0 0 0 0 0 0 0 0 0 0 0 0 0 0 0 0 0 0 0 0 0 0 0 0 0 0 0 0 0 0 0 0 0 0 0 0
0.213503 1.5021e-09 6.95077e-10 8.07028e-10 0.537265 0.00342932 0 0 0 0 0 0 0 0 0 0 0 0 0 0 0 0 0 0 0 0 0 0 0 0 0 0 0 0 0 0 0 0 0 0 0 0 0 0 0 0 0 0 0 0 0 0 0 0 0 0 0 0 0 0 0 0 0 0 0 0 0 0 0 0 0 0 0 0 0 0 0 0 0 0 0 0 0 0 0 0 0 0
0.224463 1.59737e-09 7.05941e-10 8.91433e-10 0.558062 0.00254317 0 0 0 0 0 0 0 0 0 0 0 0 0 0 0 0 0 0 0 0 0 0 0 0 0 0 0 0 0 0 0 0 0 0 0 0 0 0 0 0 0 0 0 0 0 0 0 0 0 0 0 0 0 0 0 0 0 0 0 0 0 0 0 0 0 0 0 0 0 0 0 0 0 0 0 0 0 0 0 0 0 0
0.235984 1.65419e-09 7.06512e-10 9.47681e-10 0.572896 0.00182186 0 0 0 0 0 0 0 0 0 0 0 0 0 0 0 0 0 0 0 0 0 0 0 0 0 0 0 0 0 0 0 0 0 0 0 0 0 0 0 0 0 0 0 0 0 0 0 0 0 0 0 0 0 0 0 0 0 0 0 0 0 0 0 0 0 0 0 0 0 0 0 0 0 0 0 0 0 0 0 0 0 0
0.248097 1.66702e-09 6.96796e-10 9.70225e-10 0.582011 0.00138916 0 0 0 0 0 0 0 0 0 0 0 0 0 0 0 0 0 0 0 0 0 0 0 0 0 0 0 0 0 0 0 0 0 0 0 0 0 0 0 0 0 0 0 0 0 0 0 0 0 0 0 0 0 0 0 0 0 0 0 0 0 0 0 0 0 0 0 0 0 0 0 0 0 0 0 0 0 0 0 0 0 0
0.260832 1.64551e-09 6.83993e-10 9.6152e-10 0.584328 0.00141961 0 0 0 0 0 0 0 0 0 0 0 0 0 0 0 0 0 0 0 0 0 0 0 0 0 0 0 0 0 0 0 0 0 0 0 0 0 0 0 0 0 0 0 0 0 0 0 0 0 0 0 0 0 0 0 0 0 0 0 0 0 0 0 0 0 0 0 0 0 0 0 0 0 0 0 0 0 0 0 0 0 0
0.274221 1.61783e-09 6.86628e-10 9.31205e-10 0.575588 0.00187131 0 0 0 0 0 0 0 0 0 0 0 0 0 0 0 0 0 0 0 0 0 0 0 0 0 0 0 0 0 0 0 0 0 0 0 0 0 0 0 0 0 0 0 0 0 0 0 0 0 0 0 0 0 0 0 0 0 0 0 0 0 0 0 0 0 0 0 0 0 0 0 0 0 0 0 0 0 0 0 0 0 0
0.288297 1.60189e-09 7.11442e-10 8.90445e-10 0.555873 0.00251556 0 0 0 0 0 0 0 0 0 0 0 0 0 0 0 0 0 0 0 0 0 0 0 0 0 0 0 0 0 0 0 0 0 0 0 0 0 0 0 0 0 0 0 0 0 0 0 0 0 0 0 0 0 0 0 0 0 0 0 0 0 0 0 0 0 0 0 0 0 0 0 0 0 0 0 0 0 0 0 0 0 0
0.303095 1.5992e-09 7.47244e-10 8.5196e-10 0.53274 0.0028362 0 0 0 0 0 0 0 0 0 0 0 0 0 0 0 0 0 0 0 0 0 0 0 0 0 0 0 0 0 0 0 0 0 0 0 0 0 0 0 0 0 0 0 0 0 0 0 0 0 0 0 0 0 0 0 0 0 0 0 0 0 0 0 0 0 0 0 0 0 0 0 0 0 0 0 0 0 0 0 0 0 0
0.318653 1.60401e-09 7.82401e-10 8.21613e-10 0.512223 0.00297223 0 0 0 0 0 0 0 0 0 0 0 0 0 0 0 0 0 0 0 0 0 0 0 0 0 0 0 0 0 0 0 0 0 0 0 0 0 0 0 0 0 0 0 0 0 0 0 0 0 0 0 0 0 0 0 0 0 0 0 0 0 0 0 0 0 0 0 0 0 0 0 0 0 0 0 0 0 0 0 0 0 0
0.335009 1.61168e-09 8.11582e-10 8.00103e-10 0.496439 0.00293231 0 0 0 0 0 0 0 0 0 0 0 0 0 0 0 0 0 0 0 0 0 0 0 0 0 0 0 0 0 0 0 0 0 0 0 0 0 0 0 0 0 0 0 0 0 0 0 0 0 0 0 0 0 0 0 0 0 0 0 0 0 0 0 0 0 0 0 0 0 0 0 0 0 0 0 0 0 0 0 0 0 0
0.352205 1.62239e-09 8.32492e-10 7.899e-10 0.486874 0.00278811 0 0 0 0 0 0 0 0 0 0 0 0 0 0 0 0 0 0 0 0 0 0 0 0 0 0 0 0 0 0 0 0 0 0 0 0 0 0 0 0 0 0 0 0 0 0 0 0 0 0 0 0 0 0 0 0 0 0 0 0 0 0 0 0 0 0 0 0 0 0 0 0 0 0 0 0 0 0 0 0 0 0
0.370284 1.6397e-09 8.47991e-10 7.91709e-10 0.482838 0.00261033 0 0 0 0 0 0 0 0 0 0 0 0 0 0 0 0 0 0 0 0 0 0 0 0 0 0 0 0 0 0 0 0 0 0 0 0 0 0 0 0 0 0 0 0 0 0 0 0 0 0 0 0 0 0 0 0 0 0 0 0 0 0 0 0 0 0 0 0 0 0 0 0 0 0 0 0 0 0 0 0 0 0
0.389291 1.66439e-09 8.63303e-10 8.01088e-10 0.48131 0.00243645 0 0 0 0 0 0 0 0 0 0 0 0 0 0 0 0 0 0 0 0 0 0 0 0 0 0 0 0 0 0 0 0 0 0 0 0 0 0 0 0 0 0 0 0 0 0 0 0 0 0 0 0 0 0 0 0 0 0 0 0 0 0 0 0 0 0 0 0 0 0 0 0 0 0 0 0 0 0 0 0 0 0
0.409273 1.69193e-09 8.80372e-10 8.1156e-10 0.479665 0.00226652 0 0 0 0 0 0 0 0 0 0 0 0 0 0 0 0 0 0 0 0 0 0 0 0 0 0 0 0 0 0 0 0 0 0 0 0 0 0 0 0 0 0 0 0 0 0 0 0 0 0 0 0 0 0 0 0 0 0 0 0 0 0 0 0 0 0 0 0 0 0 0 0 0 0 0 0 0 0 0 0 0 0
0.430281 1.71631e-09 8.97424e-10 8.18889e-10 0.477121 0.00210471 0 0 0 0 0 0 0 0 0 0 0 0 0 0 0 0 0 0 0 0 0 0 0 0 0 0 0 0 0 0 0 0 0 0 0 0 0 0 0 0 0 0 0 0 0 0 0 0 0 0 0 0 0 0 0 0 0 0 0 0 0 0 0 0 0 0 0 0 0 0 0 0 0 0 0 0 0 0 0 0 0 0
0.452368 1.73238e-09 9.11e-10 8.2138e-10 0.474134 0.00193723 0 0 0 0 0 0 0 0 0 0 0 0 0 0 0 0 0 0 0 0 0 0 0 0 0 0 0 0 0 0 0 0 0 0 0 0 0 0 0 0 0 0 0 0 0 0 0 0 0 0 0 0 0 0 0 0 0 0 0 0 0 0 0 0 0 0 0 0 0 0 0 0 0 0 0 0 0 0 0 0 0 0
0.475588 1.73818e-09 9.18144e-10 8.20039e-10 0.471779 0.00177642 0 0 0 0 0 0 0 0 0 0 0 0 0 0 0 0 0 0 0 0 0 0 0 0 0 0 0 0 0 0 0 0 0 0 0 0 0 0 0 0 0 0 0 0 0 0 0 0 0 0 0 0 0 0 0 0 0 0 0 0 0 0 0 0 0 0 0 0 0 0 0 0 0 0 0 0 0 0 0 0 0 0
0.5 1.73624e-09 9.18082e-10 8.1816e-10 0.471225 0.00162159 0 0 0 0 0 0 0 0 0 0 0 0 0 0 0 0 0 0 0 0 0 0 0 0 0 0 0 0 0 0 0 0 0 0 0 0 0 0 0 0 0 0 0 0 0 0 0 0 0 0 0 0 0 0 0 0 0 0 0 0 0 0 0 0 0 0 0 0 0 0 0 0 0 0 0 0 0 0 0 0 0 0
0.525665 1.73301e-09 9.13205e-10 8.19808e-10 0.473054 0.0014751 0 0 0 0 0 0 0 0 0 0 0 0 0 0 0 0 0 0 0 0 0 0 0 0 0 0 0 0 0 0 0 0 0 0 0 0 0 0 0 0 0 0 0 0 0 0 0 0 0 0 0 0 0 0 0 0 0 0 0 0 0 0 0 0 0 0 0 0 0 0 0 0 0 0 0 0 0 0 0 0 0 0
0.552648 1.73527e-09 9.07785e-10 8.27488e-10 0.476863 0.00134175 0 0 0 0 0 0 0 0 0 0 0 0 0 0 0 0 0 0 0 0 0 0 0 0 0 0 0 0 0 0 0 0 0 0 0 0 0 0 0 0 0 0 0 0 0 0 0 0 0 0 0 0 0 0 0 0 0 0 0 0 0 0 0 0 0 0 0 0 0 0 0 0 0 0 0 0 0 0 0 0 0 0
0.581015 1.74704e-09 9.0626e-10 8.40779e-10 0.48126 0.00121775 0 0 0 0 0 0 0 0 0 0 0 0 0 0 0 0 0 0 0 0 0 0 0 0 0 0 0 0 0 0 0 0 0 0 0 0 0 0 0 0 0 0 0 0 0 0 0 0 0 0 0 0 0 0 0 0 0 0 0 0 0 0 0 0 0 0 0 0 0 0 0 0 0 0 0 0 0 0 0 0 0 0
0.610839 1.7676e-09 9.11291e-10 8.56305e-10 0.484446 0.00110516 0 0 0 0 0 0 0 0 0 0 0 0 0 0 0 0 0 0 0 0 0 0 0 0 0 0 0 0 0 0 0 0 0 0 0 0 0 0 0 0 0 0 0 0 0 0 0 0 0 0 0 0 0 0 0 0 0 0 0 0 0 0 0 0 0 0 0 0 0 0 0 0 0 0 0 0 0 0 0 0 0 0
0.642193 1.79261e-09 9.2329e-10 8.69315e-10 0.484945 0.00100302 0 0 0 0 0 0 0 0 0 0 0 0 0 0 0 0 0 0 0 0 0 0 0 0 0 0 0 0 0 0 0 0 0 0 0 0 0 0 0 0 0 0 0 0 0 0 0 0 0 0 0 0 0 0 0 0 0 0 0 0 0 0 0 0 0 0 0 0 0 0 0 0 0 0 0 0 0 0 0 0 0 0
0.675157 1.81547e-09 9.40266e-10 8.75205e-10 0.482082 0.000910957 0 0 0 0 0 0 0 0 0 0 0 0 0 0 0 0 0 0 0 0 0 0 0 0 0 0 0 0 0 0 0 0 0 0 0 0 0 0 0 0 0 0 0 0 0 0 0 0 0 0 0 0 0 0 0 0 0 0 0 0 0 0 0 0 0 0 0 0 0 0 0 0 0 0 0 0 0 0 0 0 0 0
0.709813 1.82923e-09 9.58635e-10 8.70592e-10 0.475934 0.00082817 0 0 0 0 0 0 0 0 0 0 0 0 0 0 0 0 0 0 0 0 0 0 0 0 0 0 0 0 0 0 0 0 0 0 0 0 0 0 0 0 0 0 0 0 0 0 0 0 0 0 0 0 0 0 0 0 0 0 0 0 0 0 0 0 0 0 0 0 0 0 0 0 0 0 0 0 0 0 0 0 0 0
0.746248 1.82762e-09 9.74326e-10 8.53291e-10 0.466887 0.000754183 0 0 0 0 0 0 0 0 0 0 0 0 0 0 0 0 0 0 0 0 0 0 0 0 0 0 0 0 0 0 0 0 0 0 0 0 0 0 0 0 0 0 0 0 0 0 0 0 0 0 0 0 0 0 0 0 0 0 0 0 0 0 0 0 0 0 0 0 0 0 0 0 0 0 0 0 0 0 0 0 0 0
0.784553 1.8066e-09 9.83597e-10 8.23e-10 0.455553 0.000686995 0 0 0 0 0 0 0 0 0 0 0 0 0 0 0 0 0 0 0 0 0 0 0 0 0 0 0 0 0 0 0 0 0 0 0 0 0 0 0 0 0 0 0 0 0 0 0 0 0 0 0 0 0 0 0 0 0 0 0 0 0 0 0 0 0 0 0 0 0 0 0 0 0 0 0 0 0 0 0 0 0 0
0.824824 1.76409e-09 9.8367e-10 7.80417e-10 0.442391 0.000626788 0 0 0 0 0 0 0 0 0 0 0 0 0 0 0 0 0 0 0 0 0 0 0 0 0 0 0 0 0 0 0 0 0 0 0 0 0 0 0 0 0 0 0 0 0 0 0 0 0 0 0 0 0 0 0 0 0 0 0 0 0 0 0 0 0 0 0 0 0 0 0 0 0 0 0 0 0 0 0 0 0 0
0.867162 1.70005e-09 9.72824e-10 7.27226e-10 0.427767 0.000572518 0 0 0 0 0 0 0 0 0 0 0 0 0 0 0 0 0 0 0 0 0 0 0 0 0 0 0 0 0 0 0 0 0 0 0 0 0 0 0 0 0 0 0 0 0 0 0 0 0 0 0 0 0 0 0 0 0 0 0 0 0 0 0 0 0 0 0 0 0 0 0 0 0 0 0 0 0 0 0 0 0 0
0.911674 1.61696e-09 9.50877e-10 6.66086e-10 0.411936 0.000523427 0 0 0 0 0 0 0 0 0 0 0 0 0 0 0 0 0 0 0 0 0 0 0 0 0 0 0 0 0 0 0 0 0 0 0 0 0 0 0 0 0 0 0 0 0 0 0 0 0 0 0 0 0 0 0 0 0 0 0 0 0 0 0 0 0 0 0 0 0 0 0 0 0 0 0 0 0 0 0 0 0 0
0.95847 1.51805e-09 9.18255e-10 5.99799e-10 0.395111 0.00047944 0 0 0 0 0 0 0 0 0 0 0 0 0 0 0 0 0 0 0 0 0 0 0 0 0 0 0 0 0 0 0 0 0 0 0 0 0 0 0 0 0 0 0 0 0 0 0 0 0 0 0 0 0 0 0 0 0 0 0 0 0 0 0 0 0 0 0 0 0 0 0 0 0 0 0 0 0 0 0 0 0 0
1.00767 1.40802e-09 8.76508e-10 5.31513e-10 0.377489 0.0004395 0 0 0 0 0 0 0 0 0 0 0 0 0 0 0 0 0 0 0 0 0 0 0 0 0 0 0 0 0 0 0 0 0 0 0 0 0 0 0 0 0 0 0 0 0 0 0 0 0 0 0 0 0 0 0 0 0 0 0 0 0 0 0 0 0 0 0 0 0 0 0 0 0 0 0 0 0 0 0 0 0 0
1.05939 1.29166e-09 8.276e-10 4.64061e-10 0.359275 0.000403275 0 0 0 0 0 0 0 0 0 0 0 0 0 0 0 0 0 0 0 0 0 0 0 0 0 0 0 0 0 0 0 0 0 0 0 0 0 0 0 0 0 0 0 0 0 0 0 0 0 0 0 0 0 0 0 0 0 0 0 0 0 0 0 0 0 0 0 0 0 0 0 0 0 0 0 0 0 0 0 0 0 0
1.11377 1.17311e-09 7.73507e-10 3.99606e-10 0.340637 0.000370298 0 0 0 0 0 0 0 0 0 0 0 0 0 0 0 0 0 0 0 0 0 0 0 0 0 0 0 0 0 0 0 0 0 0 0 0 0 0 0 0 0 0 0 0 0 0 0 0 0 0 0 0 0 0 0 0 0 0 0 0 0 0 0 0 0 0 0 0 0 0 0 0 0 0 0 0 0 0 0 0 0 0
1.17094 1.05708e-09 7.16834e-10 3.40249e-10 0.321875 0.000339515 0 0 0 0 0 0 0 0 0 0 0 0 0 0 0 0 0 0 0 0 0 0 0 0 0 0 0 0 0 0 0 0 0 0 0 0 0 0 0 0 0 0 0 0 0 0 0 0 0 0 0 0 0 0 0 0 0 0 0 0 0 0 0 0 0 0 0 0 0 0 0 0 0 0 0 0 0 0 0 0 0 0
1.23105 9.45882e-10 6.59156e-10 2.86726e-10 0.303131 0.000311294 0 0 0 0 0 0 0 0 0 0 0 0 0 0 0 0 0 0 0 0 0 0 0 0 0 0 0 0 0 0 0 0 0 0 0 0 0 0 0 0 0 0 0 0 0 0 0 0 0 0 0 0 0 0 0 0 0 0 0 0 0 0 0 0 0 0 0 0 0 0 0 0 0 0 0 0 0 0 0 0 0 0
1.29424 8.41931e-10 6.02303e-10 2.39628e-10 0.284617 0.000285362 0 0 0 0 0 0 0 0 0 0 0 0 0 0 0 0 0 0 0 0 0 0 0 0 0 0 0 0 0 0 0 0 0 0 0 0 0 0 0 0 0 0 0 0 0 0 0 0 0 0 0 0 0 0 0 0 0 0 0 0 0 0 0 0 0 0 0 0 0 0 0 0 0 0 0 0 0 0 0 0 0 0
1.36067 7.46385e-10 5.47467e-10 1.98918e-10 0.266509 0.000261742 0 0 0 0 0 0 0 0 0 0 0 0 0 0 0 0 0 0 0 0 0 0 0 0 0 0 0 0 0 0 0 0 0 0 0 0 0 0 0 0 0 0 0 0 0 0 0 0 0 0 0 0 0 0 0 0 0 0 0 0 0 0 0 0 0 0 0 0 0 0 0 0 0 0 0 0 0 0 0 0 0 0
1.43051 6.59545e-10 4.95383e-10 1.64162e-10 0.248902 0.000240209 0 0 0 0 0 0 0 0 0 0 0 0 0 0 0 0 0 0 0 0 0 0 0 0 0 0 0 0 0 0 0 0 0 0 0 0 0 0 0 0 0 0 0 0 0 0 0 0 0 0 0 0 0 0 0 0 0 0 0 0 0 0 0 0 0 0 0 0 0 0 0 0 0 0 0 0 0 0 0 0 0 0
1.50394 5.81672e-10 4.4674e-10 1.34932e-10 0.231973 0.000220279 0 0 0 0 0 0 0 0 0 0 0 0 0 0 0 0 0 0 0 0 0 0 0 0 0 0 0 0 0 0 0 0 0 0 0 0 0 0 0 0 0 0 0 0 0 0 0 0 0 0 0 0 0 0 0 0 0 0 0 0 0 0 0 0 0 0 0 0 0 0 0 0 0 0 0 0 0 0 0 0 0 0
1.58114 5.12324e-10 4.01776e-10 1.10548e-10 0.215777 0.000201732 0 0 0 0 0 0 0 0 0 0 0 0 0 0 0 0 0 0 0 0 0 0 0 0 0 0 0 0 0 0 0 0 0 0 0 0 0 0 0 0 0 0 0 0 0 0 0 0 0 0 0 0 0 0 0 0 0 0 0 0 0 0 0 0 0 0 0 0 0 0 0 0 0 0 0 0 0 0 0 0 0 0
1.6623 4.5087e-10 3.60523e-10 9.03467e-11 0.200383 0.000184534 0 0 0 0 0 0 0 0 0 0 0 0 0 0 0 0 0 0 0 0 0 0 0 0 0 0 0 0 0 0 0 0 0 0 0 0 0 0 0 0 0 0 0 0 0 0 0 0 0 0 0 0 0 0 0 0 0 0 0 0 0 0 0 0 0 0 0 0 0 0 0 0 0 0 0 0 0 0 0 0 0 0
1.74763 3.96676e-10 3.22966e-10 7.37092e-11 0.185817 0.000169005 0 0 0 0 0 0 0 0 0 0 0 0 0 0 0 0 0 0 0 0 0 0 0 0 0 0 0 0 0 0 0 0 0 0 0 0 0 0 0 0 0 0 0 0 0 0 0 0 0 0 0 0 0 0 0 0 0 0 0 0 0 0 0 0 0 0 0 0 0 0 0 0 0 0 0 0 0 0 0 0 0 0
1.83733 3.48987e-10 2.88924e-10 6.00626e-11 0.172105 0.000154804 0 0 0 0 0 0 0 0 0 0 0 0 0 0 0 0 0 0 0 0 0 0 0 0 0 0 0 0 0 0 0 0 0 0 0 0 0 0 0 0 0 0 0 0 0 0 0 0 0 0 0 0 0 0 0 0 0 0 0 0 0 0 0 0 0 0 0 0 0 0 0 0 0 0 0 0 0 0 0 0 0 0
1.93164 3.07075e-10 2.58179e-10 4.88957e-11 0.159231 0.000141793 0 0 0 0 0 0 0 0 0 0 0 0 0 0 0 0 0 0 0 0 0 0 0 0 0 0 0 0 0 0 0 0 0 0 0 0 0 0 0 0 0 0 0 0 0 0 0 0 0 0 0 0 0 0 0 0 0 0 0 0 0 0 0 0 0 0 0 0 0 0 0 0 0 0 0 0 0 0 0 0 0 0
2.03079 2.70304e-10 2.30519e-10 3.97848e-11 0.147185 0.000129725 0 0 0 0 0 0 0 0 0 0 0 0 0 0 0 0 0 0 0 0 0 0 0 0 0 0 0 0 0 0 0 0 0 0 0 0 0 0 0 0 0 0 0 0 0 0 0 0 0 0 0 0 0 0 0 0 0 0 0 0 0 0 0 0 0 0 0 0 0 0 0 0 0 0 0 0 0 0 0 0 0 0
2.13503 2.38064e-10 2.05696e-10 3.2368e-11 0.135964 0.000118657 0 0 0 0 0 0 0 0 0 0 0 0 0 0 0 0 0 0 0 0 0 0 0 0 0 0 0 0 0 0 0 0 0 0 0 0 0 0 0 0 0 0 0 0 0 0 0 0 0 0 0 0 0 0 0 0 0 0 0 0 0 0 0 0 0 0 0 0 0 0 0 0 0 0 0 0 0 0 0 0 0 0
2.24463 2.09787e-10 1.83457e-10 2.63295e-11 0.125506 0.000108569 0 0 0 0 0 0 0 0 0 0 0 0 0 0 0 0 0 0 0 0 0 0 0 0 0 0 0 0 0 0 0 0 0 0 0 0 0 0 0 0 0 0 0 0 0 0 0 0 0 0 0 0 0 0 0 0 0 0 0 0 0 0 0 0 0 0 0 0 0 0 0 0 0 0 0 0 0 0 0 0 0 0
2.35984 1.84979e-10 1.63559e-10 2.142e-11 0.115797 9.92926e-05 0 0 0 0 0 0 0 0 0 0 0 0 0 0 0 0 0 0 0 0 0 0 0 0 0 0 0 0 0 0 0 0 0 0 0 0 0 0 0 0 0 0 0 0 0 0 0 0 0 0 0 0 0 0 0 0 0 0 0 0 0 0 0 0 0 0 0 0 0 0 0 0 0 0 0 0 0 0 0 0 0 0
2.48097 1.6322e-10 1.45791e-10 1.74288e-11 0.106781 9.07218e-05 0 0 0 0 0 0 0 0 0 0 0 0 0 0 0 0 0 0 0 0 0 0 0 0 0 0 0 0 0 0 0 0 0 0 0 0 0 0 0 0 0 0 0 0 0 0 0 0 0 0 0 0 0 0 0 0 0 0 0 0 0 0 0 0 0 0 0 0 0 0 0 0 0 0 0 0 0 0 0 0 0 0
2.60832 1.4412e-10 1.29936e-10 1.41843e-11 0.0984199 8.27967e-05 0 0 0 0 0 0 0 0 0 0 0 0 0 0 0 0 0 0 0 0 0 0 0 0 0 0 0 0 0 0 0 0 0 0 0 0 0 0 0 0 0 0 0 0 0 0 0 0 0 0 0 0 0 0 0 0 0 0 0 0 0 0 0 0 0 0 0 0 0 0 0 0 0 0 0 0 0 0 0 0 0 0
2.74221 1.27367e-10 1.15818e-10 1.15484e-11 0.090671 7.55862e-05 0 0 0 0 0 0 0 0 0 0 0 0 0 0 0 0 0 0 0 0 0 0 0 0 0 0 0 0 0 0 0 0 0 0 0 0 0 0 0 0 0 0 0 0 0 0 0 0 0 0 0 0 0 0 0 0 0 0 0 0 0 0 0 0 0 0 0 0 0 0 0 0 0 0 0 0 0 0 0 0 0 0
2.88297 1.12629e-10 1.03225e-10 9.40359e-12 0.0834917 6.90729e-05 0 0 0 0 0 0 0 0 0 0 0 0 0 0 0 0 0 0 0 0 0 0 0 0 0 0 0 0 0 0 0 0 0 0 0 0 0 0 0 0 0 0 0 0 0 0 0 0 0 0 0 0 0 0 0 0 0 0 0 0 0 0 0 0 0 0 0 0 0 0 0 0 0 0 0 0 0 0 0 0 0 0
3.03095 9.96987e-11 9.20372e-11 7.66145e-12 0.076846 6.31538e-05 0 0 0 0 0 0 0 0 0 0 0 0 0 0 0 0 0 0 0 0 0 0 0 0 0 0 0 0 0 0 0 0 0 0 0 0 0 0 0 0 0 0 0 0 0 0 0 0 0 0 0 0 0 0 0 0 0 0 0 0 0 0 0 0 0 0 0 0 0 0 0 0 0 0 0 0 0 0 0 0 0 0
3.18653 8.83214e-11 8.20785e-11 6.24288e-12 0.0706837 5.76567e-05 0 0 0 0 0 0 0 0 0 0 0 0 0 0 0 0 0 0 0 0 0 0 0 0 0 0 0 0 0 0 0 0 0 0 0 0 0 0 0 0 0 0 0 0 0 0 0 0 0 0 0 0 0 0 0 0 0 0 0 0 0 0 0 0 0 0 0 0 0 0 0 0 0 0 0 0 0 0 0 0 0 0
3.35009 7.83197e-11 7.32311e-11 5.08865e-12 0.0649728 5.2603e-05 0 0 0 0 0 0 0 0 0 0 0 0 0 0 0 0 0 0 0 0 0 0 0 0 0 0 0 0 0 0 0 0 0 0 0 0 0 0 0 0 0 0 0 0 0 0 0 0 0 0 0 0 0 0 0 0 0 0 0 0 0 0 0 0 0 0 0 0 0 0 0 0 0 0 0 0 0 0 0 0 0 0
3.52205 6.95268e-11 6.53774e-11 4.14948e-12 0.0596816 4.80102e-05 0 0 0 0 0 0 0 0 0 0 0 0 0 0 0 0 0 0 0 0 0 0 0 0 0 0 0 0 0 0 0 0 0 0 0 0 0 0 0 0 0 0 0 0 0 0 0 0 0 0 0 0 0 0 0 0 0 0 0 0 0 0 0 0 0 0 0 0 0 0 0 0 0 0 0 0 0 0 0 0 0 0
3.70284 6.17883e-11 5.84039e-11 3.38448e-12 0.0547754 4.38066e-05 0 0 0 0 0 0 0 0 0 0 0 0 0 0 0 0 0 0 0 0 0 0 0 0 0 0 0 0 0 0 0 0 0 0 0 0 0 0 0 0 0 0 0 0 0 0 0 0 0 0 0 0 0 0 0 0 0 0 0 0 0 0 0 0 0 0 0 0 0 0 0 0 0 0 1.4013e-45 0 1.4013e-45 0 2.8026e-45 0 4.2039e-45 0
3.89291 5.49781e-11 5.22168e-11 2.76126e-12 0.0502248 3.9926e-05 0 0 0 0 0 0 0 0 0 0 0 0 0 0 0 0 0 0 0 0 0 0 0 0 0 0 0 0 0 0 0 0 0 0 0 0 0 0 0 0 0 0 0 0 0 0 0 0 0 0 0 0 0 0 0 0 0 0 1.4013e-45 0 1.4013e-45 0 2.8026e-45 0 7.00649e-45 0 1.12104e-44 0 2.24208e-44 0 3.78351e-44 0 6.5861e-44 0 1.12104e-43 0 1.90577e-43 0 3.09687e-43 0 5.01665e-43 0
4.09273 4.89842e-11 4.67306e-11 2.25363e-12 0.0460073 3.62643e-05 0 0 0 0 0 0 0 0 0 0 0 0 0 0 0 0 0 0 0 0 0 0 0 0 0 0 0 0 0 0 0 0 0 0 0 0 0 0 0 0 0 0 0 0 0 0 1.4013e-45 0 2.8026e-45 0 7.00649e-45 0 1.54143e-44 0 3.22299e-44 0 6.30584e-44 0 1.21913e-43 0 2.34017e-43 0 4.44212e-43 0 8.08549e-43 0 1.41391e-42 0 2.53915e-42 0 4.24593e-42 0 7.29236e-42 0 1.2068e-41 0 1.98676e-41 0 3.15586e-41 0 4.99129e-41 0
4.30281 4.37045e-11 4.18648e-11 1.83975e-12 0.0420952 3.29535e-05 0 0 0 0 0 0 0 0 0 0 0 0 0 0 0 0 0 0 0 0 0 0 0 0 0 0 0 0 0 0 0 0 0 0 0 0 1.4013e-45 0 4.2039e-45 0 1.26117e-44 0 3.08286e-44 0 7.42688e-44 0 1.75162e-43 0 3.95166e-43 0 8.49187e-43 0 1.74322e-42 0 3.54108e-42 0 6.89159e-42 0 1.28639e-41 0 2.38235e-41 0 4.37808e-41 0 7.73783e-41 0 1.31688e-40 0 2.29764e-40 0 3.74801e-40 0 6.26919e-40 0 1.01219e-39 0 1.62631e-39 0 2.52568e-39 0 3.90616e-39 0
4.52368 3.90554e-11 3.75529e-11 1.50242e-12 0.0384691 2.99416e-05 0 0 0 0 0 0 0 0 0 0 0 0 0 0 0 0 0 0 0 0 0 0 0 0 0 0 0 0 1.4013e-45 0 5.60519e-45 0 2.10195e-44 0 6.72623e-44 0 1.98984e-43 0 5.35296e-43 0 1.41251e-42 0 3.41637e-42 0 7.85708e-42 0 1.78217e-41 0 3.85693e-41 0 7.97997e-41 0 1.5812e-40 0 3.1028e-40 0 5.8443e-40 0 1.05818e-39 0 1.90165e-39 0 3.39243e-39 0 5.83137e-39 0 9.66993e-39 0 1.64194e-38 0 2.61517e-38 0 4.26581e-38 0 6.72818e-38 0 1.05629e-37 0 1.60555e-37 0 2.4308e-37 0
4.75588 3.49579e-11 3.37306e-11 1.22727e-12 0.035107 2.71796e-05 0 0 0 0 0 0 0 0 0 0 0 0 0 0 0 0 0 0 0 0 0 0 1.4013e-45 0 1.12104e-44 0 4.90454e-44 0 2.03188e-43 0 7.14662e-43 0 2.35418e-42 0 7.0177e-42 0 1.97135e-41 0 5.05729e-41 0 1.274e-40 0 2.9502e-40 0 6.5149e-40 0 1.41972e-39 0 2.95889e-39 0 5.90846e-39 0 1.1323e-38 0 2.14998e-38 0 3.92634e-38 0 6.906e-38 0 1.20606e-37 0 2.09159e-37 0 3.50146e-37 0 5.66471e-37 0 9.37313e-37 0 1.45934e-36 0 2.32426e-36 0 3.58524e-36 0 5.50603e-36 0 8.19978e-36 0 1.21656e-35 0
5 3.13413e-11 3.03387e-11 1.00259e-12 0.0319894 2.45398e-05 0 0 0 0 0 0 0 0 0 0 0 0 0 0 0 0 0 0 5.60519e-45 0 4.2039e-44 0 2.46629e-43 0 1.24996e-42 0 5.16799e-42 0 1.97835e-41 0 6.55724e-41 0 2.03771e-40 0 5.75737e-40 0 1.53773e-39 0 3.76763e-39 0 9.07266e-39 0 2.01655e-38 0 4.28417e-38 0 8.98764e-38 0 1.80718e-37 0 3.48884e-37 0 6.47705e-37 0 1.19194e-36 0 2.11367e-36 0 3.61661e-36 0 6.14642e-36 0 1.03766e-35 0 1.69396e-35 0 2.67688e-35 0 4.32174e-35 0 6.58483e-35 0 1.02519e-34 0 1.54827e-34 0 2.32846e-34 0 3.40085e-34 0 4.94941e-34 0
5.25665 2.81521e-11 2.73328e-11 8.19305e-13 0.0291029 2.21678e-05 0 0 0 0 0 0 0 0 0 0 0 0 0 0 7.00649e-45 0 7.70714e-44 0 6.61413e-43 0 4.40989e-42 0 2.34942e-41 0 1.09855e-40 0 4.23688e-40 0 1.51884e-39 0 4.74819e-39 0 1.39606e-38 0 3.74941e-38 0 9.54525e-38 0 2.23859e-37 0 5.16423e-37 0 1.10394e-36 0 2.2606e-36 0 4.57396e-36 0 8.88866e-36 0 1.66176e-35 0 2.99327e-35 0 5.34675e-35 0 9.21991e-35 0 1.53675e-34 0 2.54494e-34 0 4.188e-34 0 6.67516e-34 0 1.03154e-33 0 1.62689e-33 0 2.42837e-33 0 3.69988e-33 0 5.47632e-33 0 8.07345e-33 0 1.15756e-32 0 1.65407e-32 0
5.52648 2.53354e-11 2.46658e-11 6.69672e-13 0.0264322 2.00489e-05 0 0 0 0 0 0 0 0 0 0 1.4013e-45 0 4.34403e-44 0 7.2307e-43 0 7.68332e-42 0 5.90353e-41 0 3.5864e-40 0 1.76087e-39 0 7.63631e-39 0 2.75734e-38 0 9.28718e-38 0 2.7462e-37 0 7.66021e-37 0 1.96043e-36 0 4.76827e-36 0 1.07269e-35 0 2.37564e-35 0 4.8934e-35 0 9.67594e-35 0 1.89155e-34 0 3.55855e-34 0 6.45266e-34 0 1.12938e-33 0 1.96101e-33 0 3.29279e-33 0 5.35312e-33 0 8.64941e-33 0 1.38916e-32 0 2.16433e-32 0 3.27431e-32 0 5.05045e-32 0 7.39254e-32 0 1.10341e-31 0 1.60223e-31 0 2.31774e-31 0 3.2652e-31 0 4.58512e-31 0
5.81015 2.28463e-11 2.22988e-11 5.47468e-13 0.0239631 1.8115e-05 0 0 0 0 0 0 0 0 2.8026e-45 0 1.69557e-43 0 4.40708e-42 0 6.3193e-41 0 5.98886e-40 0 4.16524e-39 0 2.31702e-38 0 1.05259e-37 0 4.2492e-37 0 1.44108e-36 0 4.57439e-36 0 1.2829e-35 0 3.40369e-35 0 8.32022e-35 0 1.93775e-34 0 4.19006e-34 0 8.92621e-34 0 1.7749e-33 0 3.39469e-33 0 6.42261e-33 0 1.17157e-32 0 2.06354e-32 0 3.51434e-32 0 5.93999e-32 0 9.72478e-32 0 1.5439e-31 0 2.43682e-31 0 3.82423e-31 0 5.83059e-31 0 8.64431e-31 0 1.30543e-30 0 1.87559e-30 0 2.74529e-30 0 3.9144e-30 0 5.56131e-30 0 7.7047e-30 0 1.06414e-29 0
6.10839 2.06441e-11 2.01963e-11 4.47788e-13 0.0216908 1.63023e-05 0 0 0 0 0 0 1.4013e-45 0 3.26503e-43 0 1.57366e-41 0 3.47622e-40 0 4.37635e-39 0 3.7162e-38 0 2.3511e-37 0 1.20275e-36 0 5.07468e-36 0 1.91367e-35 0 6.1144e-35 0 1.83445e-34 0 4.89214e-34 0 1.23756e-33 0 2.896e-33 0 6.47196e-33 0 1.34774e-32 0 2.76705e-32 0 5.32046e-32 0 9.85884e-32 0 1.80807e-31 0 3.20278e-31 0 5.48744e-31 0 9.10563e-31 0 1.50011e-30 0 2.39753e-30 0 3.72136e-30 0 5.74421e-30 0 8.8185e-30 0 1.3171e-29 0 1.91553e-29 0 2.83511e-29 0 4.00193e-29 0 5.74967e-29 0 8.05745e-29 0 1.12529e-28 0 1.53437e-28 0 2.08605e-28 0
6.42193 1.85739e-11 1.82087e-11 3.65249e-13 0.0196646 1.48144e-05 0 0 0 0 0 0 1.93379e-43 0 2.85571e-41 0 1.14136e-39 0 2.16774e-38 0 2.4116e-37 0 1.84474e-36 0 1.06658e-35 0 5.03829e-35 0 1.98149e-34 0 7.00333e-34 0 2.11427e-33 0 6.01195e-33 0 1.52831e-32 0 3.69486e-32 0 8.29474e-32 0 1.78233e-31 0 3.581e-31 0 7.09844e-31 0 1.322e-30 0 2.37701e-30 0 4.23215e-30 0 7.29034e-30 0 1.21667e-29 0 1.96959e-29 0 3.16667e-29 0 4.94654e-29 0 7.51479e-29 0 1.13564e-28 0 1.70732e-28 0 2.50055e-28 0 3.57076e-28 0 5.18475e-28 0 7.19647e-28 0 1.0158e-27 0 1.40026e-27 0 1.92394e-27 0 2.58394e-27 0 3.46071e-27 0
6.75157 1.69596e-11 1.66605e-11 2.99097e-13 0.0176359 1.32279e-05 0 0 0 0 1.54143e-44 0 1.73649e-41 0 2.00676e-39 0 6.69905e-38 0 1.10198e-36 0 1.0899e-35 0 7.54873e-35 0 4.00611e-34 0 1.75425e-33 0 6.45305e-33 0 2.14441e-32 0 6.13387e-32 0 1.65741e-31 0 4.02571e-31 0 9.32206e-31 0 2.01173e-30 0 4.16425e-30 0 8.08645e-30 0 1.55027e-29 0 2.80086e-29 0 4.89383e-29 0 8.47126e-29 0 1.42103e-28 0 2.31296e-28 0 3.65727e-28 0 5.74534e-28 0 8.78126e-28 0 1.30709e-27 0 1.93586e-27 0 2.85301e-27 0 4.10139e-27 0 5.75576e-27 0 8.20658e-27 0 1.12099e-26 0 1.5559e-26 0 2.11143e-26 0 2.85642e-26 0 3.78146e-26 0 4.99283e-26 0
7.09813 1.54311e-11 1.51865e-11 2.44669e-13 0.0158555 1.18448e-05 0 0 0 0 1.47417e-42 0 1.22512e-39 0 1.12276e-37 0 3.15807e-36 0 4.53109e-35 0 4.00707e-34 0 2.5251e-33 0 1.2352e-32 0 5.03261e-32 0 1.73719e-31 0 5.44409e-31 0 1.47934e-30 0 3.80792e-30 0 8.8569e-30 0 1.96855e-29 0 4.09161e-29 0 8.17399e-29 0 1.53668e-28 0 2.85386e-28 0 5.00927e-28 0 8.51725e-28 0 1.43537e-27 0 2.34774e-27 0 3.73153e-27 0 5.76978e-27 0 8.86626e-27 0 1.32735e-26 0 1.93776e-26 0 2.81541e-26 0 4.07143e-26 0 5.75015e-26 0 7.93716e-26 0 1.11225e-25 0 1.49634e-25 0 2.0439e-25 0 2.73262e-25 0 3.64264e-25 0 4.7567e-25 0 6.19584e-25 0
7.46248 1.40727e-11 1.38725e-11 2.00142e-13 0.014222 1.05694e-05 0 0 1.4013e-45 0 1.15662e-40 0 6.91982e-38 0 5.08634e-36 0 1.21559e-34 0 1.5314e-33 0 1.21757e-32 0 7.01317e-32 0 3.17476e-31 0 1.20776e-30 0 3.92433e-30 0 1.16312e-29 0 3.01002e-29 0 7.39844e-29 0 1.65134e-28 0 3.52993e-28 0 7.07944e-28 0 1.36731e-27 0 2.49247e-27 0 4.49111e-27 0 7.66947e-27 0 1.27068e-26 0 2.08753e-26 0 3.33339e-26 0 5.17961e-26 0 7.84023e-26 0 1.17978e-25 0 1.73177e-25 0 2.48189e-25 0 3.5408e-25 0 5.02904e-25 0 6.98389e-25 0 9.48961e-25 0 1.30807e-24 0 1.73448e-24 0 2.33338e-24 0 3.07573e-24 0 4.04288e-24 0 5.211e-24 0 6.70056e-24 0
7.84553 1.28657e-11 1.2702e-11 1.63735e-13 0.0127264 9.34187e-06 0 0 8.54792e-44 0 7.22672e-39 0 3.16424e-36 0 1.88564e-34 0 3.8596e-33 0 4.29658e-32 0 3.08722e-31 0 1.63252e-30 0 6.86496e-30 0 2.44668e-29 0 7.5054e-29 0 2.10957e-28 0 5.21168e-28 0 1.22597e-27 0 2.63118e-27 0 5.41965e-27 0 1.05063e-26 0 1.96498e-26 0 3.47849e-26 0 6.09016e-26 0 1.0132e-25 0 1.63779e-25 0 2.62621e-25 0 4.09882e-25 0 6.23339e-25 0 9.24626e-25 0 1.36387e-24 0 1.96483e-24 0 2.76685e-24 0 3.87945e-24 0 5.41644e-24 0 7.40224e-24 0 9.90862e-24 0 1.34459e-23 0 1.75851e-23 0 2.3317e-23 0 3.03234e-23 0 3.933e-23 0 5.00694e-23 0 6.35962e-23 0
8.24824 1.17916e-11 1.16577e-11 1.33963e-13 0.0113608 8.19911e-06 0 0 7.43389e-42 0 3.63803e-37 0 1.18368e-34 0 5.77766e-33 0 1.02052e-31 0 1.00996e-30 0 6.59074e-30 0 3.21301e-29 0 1.25961e-28 0 4.21916e-28 0 1.22534e-27 0 3.27463e-27 0 7.74051e-27 0 1.74636e-26 0 3.61086e-26 0 7.17975e-26 0 1.34757e-25 0 2.44447e-25 0 4.20831e-25 0 7.16918e-25 0 1.16343e-24 0 1.83705e-24 0 2.8786e-24 0 4.39614e-24 0 6.5501e-24 0 9.5308e-24 0 1.37941e-23 0 1.95211e-23 0 2.70338e-23 0 3.72842e-23 0 5.12144e-23 0 6.89316e-23 0 9.09672e-23 0 1.21616e-22 0 1.56983e-22 0 2.05305e-22 0 2.63592e-22 0 3.3757e-22 0 4.24711e-22 0 5.33189e-22 0
8.67162 1.08349e-11 1.07253e-11 1.09614e-13 0.0101167 7.20916e-06 5.60519e-45 0 5.16363e-40 0 1.49152e-35 0 3.65875e-33 0 1.4771e-31 0 2.26774e-30 0 2.00666e-29 0 1.19489e-28 0 5.3916e-28 0 1.9773e-27 0 6.24353e-27 0 1.72129e-26 0 4.38446e-26 0 9.93762e-26 0 2.15473e-25 0 4.29999e-25 0 8.26785e-25 0 1.50482e-24 0 2.65149e-24 0 4.44523e-24 0 7.37836e-24 0 1.16941e-23 0 1.80576e-23 0 2.76819e-23 0 4.14103e-23 0 6.05103e-23 0 8.64486e-23 0 1.22881e-22 0 1.70974e-22 0 2.33039e-22 0 3.16396e-22 0 4.27924e-22 0 5.67666e-22 0 7.39057e-22 0 9.7415e-22 0 1.24187e-21 0 1.60299e-21 0 2.03314e-21 0 2.57248e-21 0 3.20046e-21 0 3.97354e-21 0
9.11674 9.9834e-12 9.8937e-12 8.96968e-14 0.0089846 6.32492e-06 5.11474e-43 0 2.87632e-38 0 5.0318e-34 0 9.43521e-32 0 3.17991e-30 0 4.27251e-29 0 3.39885e-28 0 1.85505e-27 0 7.77669e-27 0 2.67667e-26 0 7.99049e-26 0 2.09649e-25 0 5.10188e-25 0 1.11108e-24 0 2.31978e-24 0 4.4758e-24 0 8.33553e-24 0 1.47342e-23 0 2.52534e-23 0 4.12827e-23 0 6.68482e-23 0 1.03593e-22 0 1.56607e-22 0 2.3512e-22 0 3.44875e-22 0 4.94698e-22 0 6.94552e-22 0 9.70451e-22 0 1.32867e-21 0 1.78381e-21 0 2.38598e-21 0 3.1798e-21 0 4.16039e-21 0 5.34718e-21 0 6.95371e-21 0 8.76029e-21 0 1.11676e-20 0 1.40009e-20 0 1.75127e-20 0 2.15567e-20 0 2.64825e-20 0
9.5847 9.22363e-12 9.15022e-12 7.34044e-14 0.0079583 5.52644e-06 3.93667e-41 0 1.29894e-36 0 1.41033e-32 0 2.04818e-30 0 5.8136e-29 0 6.88062e-28 0 4.94655e-27 0 2.48509e-26 0 9.71384e-26 0 3.14762e-25 0 8.9078e-25 0 2.22965e-24 0 5.19536e-24 0 1.08925e-23 0 2.19392e-23 0 4.09929e-23 0 7.40603e-23 0 1.27321e-22 0 2.12554e-22 0 3.39231e-22 0 5.36534e-22 0 8.13859e-22 0 1.20578e-21 0 1.77472e-21 0 2.55493e-21 0 3.60087e-21 0 4.97253e-21 0 6.83523e-21 0 9.21584e-21 0 1.21961e-20 0 1.60831e-20 0 2.11356e-20 0 2.72929e-20 0 3.46512e-20 0 4.44877e-20 0 5.54172e-20 0 6.98135e-20 0 8.65645e-20 0 1.071e-19 0 1.30501e-19 0 1.58719e-19 0
10.0767 8.54696e-12 8.48688e-12 6.0079e-14 0.00702928 4.78203e-06 2.4209e-39 0 4.80646e-35 0 3.31524e-31 0 3.77577e-29 0 9.10199e-28 0 9.5482e-27 0 6.23405e-26 0 2.89456e-25 0 1.05858e-24 0 3.23883e-24 0 8.71198e-24 0 2.08511e-23 0 4.66199e-23 0 9.42727e-23 0 1.83498e-22 0 3.32555e-22 0 5.83713e-22 0 9.77291e-22 0 1.59121e-21 0 2.48223e-21 0 3.83903e-21 0 5.70609e-21 0 8.29321e-21 0 1.19781e-20 0 1.69399e-20 0 2.34782e-20 0 3.19146e-20 0 4.31936e-20 0 5.73938e-20 0 7.4922e-20 0 9.7475e-20 0 1.26399e-19 0 1.61197e-19 0 2.02286e-19 0 2.5656e-19 0 3.16181e-19 0 3.93852e-19 0 4.83252e-19 0 5.91712e-19 0 7.14075e-19 0 8.60214e-19 0
10.5939 7.94601e-12 7.89685e-12 4.91589e-14 0.00618662 4.06995e-06 1.20218e-37 0 1.47225e-33 0 6.59554e-30 0 5.96121e-28 0 1.23022e-26 0 1.15062e-25 0 6.8548e-25 0 2.95291e-24 0 1.01367e-23 0 2.93663e-23 0 7.52657e-23 0 1.72625e-22 0 3.71095e-22 0 7.25052e-22 0 1.36613e-21 0 2.40501e-21 0 4.10698e-21 0 6.70532e-21 0 1.06607e-20 0 1.62732e-20 0 2.4638e-20 0 3.59186e-20 0 5.12597e-20 0 7.27185e-20 0 1.01116e-19 0 1.37928e-19 0 1.847e-19 0 2.46309e-19 0 3.22774e-19 0 4.15903e-19 0 5.3419e-19 0 6.8397e-19 0 8.61975e-19 0 1.06976e-18 0 1.34113e-18 0 1.63601e-18 0 2.01617e-18 0 2.44923e-18 0 2.96943e-18 0 3.55076e-18 0 4.23873e-18 0
11.1377 7.43856e-12 7.39837e-12 4.0184e-14 0.00540213 3.40803e-06 4.88989e-36 0 3.78196e-32 0 1.12387e-28 0 8.15262e-27 0 1.45131e-25 0 1.21703e-24 0 6.64545e-24 0 2.66571e-23 0 8.61605e-23 0 2.36976e-22 0 5.80091e-22 0 1.27762e-21 0 2.64579e-21 0 5.00307e-21 0 9.13958e-21 0 1.56516e-20 0 2.60386e-20 0 4.15069e-20 0 6.45143e-20 0 9.64657e-20 0 1.43124e-19 0 2.04849e-19 0 2.87308e-19 0 4.00684e-19 0 5.48259e-19 0 7.36605e-19 0 9.72432e-19 0 1.2787e-18 0 1.65369e-18 0 2.10461e-18 0 2.67036e-18 0 3.37808e-18 0 4.20942e-18 0 5.16935e-18 0 6.40951e-18 0 7.74332e-18 0 9.44576e-18 0 1.13662e-17 0 1.36513e-17 0 1.61819e-17 0 1.91509e-17 0
11.7094 6.75371e-12 6.7205e-12 3.32149e-14 0.00491801 2.82232e-06 1.5847e-34 0 7.91622e-31 0 1.59204e-27 0 9.36897e-26 0 1.44911e-24 0 1.09535e-23 0 5.5053e-23 0 2.06355e-22 0 6.29846e-22 0 1.64884e-21 0 3.86355e-21 0 8.18748e-21 0 1.63632e-20 0 2.99944e-20 0 5.32052e-20 0 8.87523e-20 0 1.44028e-19 0 2.2442e-19 0 3.41386e-19 0 5.00532e-19 0 7.2846e-19 0 1.02453e-18 0 1.4134e-18 0 1.9394e-18 0 2.61337e-18 0 3.4609e-18 0 4.50738e-18 0 5.84827e-18 0 7.46895e-18 0 9.39432e-18 0 1.17819e-17 0 1.47343e-17 0 1.81642e-17 0 2.20838e-17 0 2.70959e-17 0 3.24338e-17 0 3.91826e-17 0 4.67247e-17 0 5.56188e-17 0 6.53841e-17 0 7.67467e-17 0
12.3105 6.41547e-12 6.38843e-12 2.70383e-14 0.00421454 2.20615e-06 4.45888e-33 0 1.46966e-29 0 2.03875e-26 0 9.83325e-25 0 1.33056e-23 0 9.11164e-23 0 4.23242e-22 0 1.48732e-21 0 4.29896e-21 0 1.07375e-20 0 2.41354e-20 0 4.93053e-20 0 9.5264e-20 0 1.69532e-19 0 2.92424e-19 0 4.75761e-19 0 7.5403e-19 0 1.14974e-18 0 1.71352e-18 0 2.46582e-18 0 3.52353e-18 0 4.87376e-18 0 6.61886e-18 0 8.94286e-18 0 1.18764e-17 0 1.55138e-17 0 1.99458e-17 0 2.55525e-17 0 3.22462e-17 0 4.01071e-17 0 4.97471e-17 0 6.15378e-17 0 7.50916e-17 0 9.04287e-17 0 1.0985e-16 0 1.30341e-16 0 1.56015e-16 0 1.84454e-16 0 2.17705e-16 0 2.53915e-16 0 2.95718e-16 0
12.9424 6.03085e-12 6.00872e-12 2.21259e-14 0.00366879 1.60871e-06 1.03934e-31 0 2.30667e-28 0 2.24761e-25 0 8.97155e-24 0 1.06898e-22 0 6.664e-22 0 2.87185e-21 0 9.49138e-21 0 2.60485e-20 0 6.22171e-20 0 1.34428e-19 0 2.65205e-19 0 4.96194e-19 0 8.58525e-19 0 1.44196e-18 0 2.29092e-18 0 3.55013e-18 0 5.30286e-18 0 7.75067e-18 0 1.09571e-17 0 1.53866e-17 0 2.09483e-17 0 2.80271e-17 0 3.73156e-17 0 4.88748e-17 0 6.30162e-17 0 8.00308e-17 0 1.01294e-16 0 1.26386e-16 0 1.5553e-16 0 1.90895e-16 0 2.337e-16 0 2.82414e-16 0 3.37024e-16 0 4.05535e-16 0 4.7718e-16 0 5.66184e-16 0 6.63937e-16 0 7.77308e-16 0 8.99811e-16 0 1.04018e-15 0
13.6067 5.67827e-12 5.66015e-12 1.81193e-14 0.003191 1.1081e-06 2.04914e-30 0 3.12193e-27 0 2.17389e-24 0 7.24784e-23 0 7.65194e-22 0 4.36247e-21 0 1.75059e-20 0 5.45763e-20 0 1.42577e-19 0 3.26375e-19 0 6.79142e-19 0 1.29612e-18 0 2.35196e-18 0 3.96194e-18 0 6.48803e-18 0 1.00775e-17 0 1.52862e-17 0 2.23901e-17 0 3.21246e-17 0 4.46531e-17 0 6.16739e-17 0 8.27114e-17 0 1.09099e-16 0 1.4324e-16 0 1.85156e-16 0 2.35785e-16 0 2.95973e-16 0 3.70327e-16 0 4.57093e-16 0 5.56829e-16 0 6.76638e-16 0 8.2022e-16 0 9.82075e-16 0 1.1619e-15 0 1.38552e-15 0 1.6174e-15 0 1.90312e-15 0 2.21442e-15 0 2.57266e-15 0 2.95691e-15 0 3.39408e-15 0
14.3051 5.35781e-12 5.34297e-12 1.4838e-14 0.00276942 6.74396e-07 3.44749e-29 0 3.67244e-26 0 1.85768e-23 0 5.21897e-22 0 4.91103e-21 0 2.57173e-20 0 9.64304e-20 0 2.84396e-19 0 7.08936e-19 0 1.55852e-18 0 3.1291e-18 0 5.78628e-18 0 1.01988e-17 0 1.67483e-17 0 2.67742e-17 0 4.07023e-17 0 6.04967e-17 0 8.69754e-17 0 1.22609e-16 0 1.67708e-16 0 2.28011e-16 0 3.01437e-16 0 3.92267e-16 0 5.0822e-16 0 6.48757e-16 0 8.16459e-16 0 1.01356e-15 0 1.25439e-15 0 1.53245e-15 0 1.84892e-15 0 2.22547e-15 0 2.67249e-15 0 3.17184e-15 0 3.72196e-15 0 4.4003e-15 0 5.09807e-15 0 5.9512e-15 0 6.87361e-15 0 7.92736e-15 0 9.04966e-15 0 1.03179e-14 0
15.0394 5.06681e-12 5.05466e-12 1.21526e-14 0.00239847 2.84373e-07 4.98888e-28 0 3.78131e-25 0 1.41136e-22 0 3.36918e-21 0 2.8417e-20 0 1.37254e-19 0 4.82489e-19 0 1.34978e-18 0 3.21796e-18 0 6.80743e-18 0 1.32102e-17 0 2.37058e-17 0 4.06432e-17 0 6.51463e-17 0 1.01786e-16 0 1.51604e-16 0 2.21014e-16 0 3.12167e-16 0 4.32745e-16 0 5.82937e-16 0 7.80747e-16 0 1.0182e-15 0 1.30807e-15 0 1.67344e-15 0 2.11088e-15 0 2.62689e-15 0 3.2268e-15 0 3.95214e-15 0 4.78127e-15 0 5.71603e-15 0 6.81815e-15 0 8.11482e-15 0 9.55085e-15 0 1.11202e-14 0 1.30398e-14 0 1.49994e-14 0 1.73777e-14 0 1.99305e-14 0 2.28264e-14 0 2.589e-14 0 2.933e-14 0
15.8114 4.80277e-12 4.79281e-12 9.95603e-15 0.00207298 -8.11128e-08 6.25676e-27 0 3.43079e-24 0 9.58989e-22 0 1.96077e-20 0 1.49028e-19 0 6.66529e-19 0 2.20357e-18 0 5.8626e-18 0 1.33963e-17 0 2.73212e-17 0 5.13297e-17 0 8.95189e-17 0 1.49492e-16 0 2.34161e-16 0 3.57974e-16 0 5.22908e-16 0 7.48413e-16 0 1.03941e-15 0 1.4181e-15 0 1.88269e-15 0 2.48583e-15 0 3.2001e-15 0 4.06117e-15 0 5.13342e-15 0 6.4023e-15 0 7.88272e-15 0 9.58618e-15 0 1.16254e-14 0 1.39341e-14 0 1.65137e-14 0 1.95289e-14 0 2.30461e-14 0 2.69095e-14 0 3.10992e-14 0 3.61854e-14 0 4.13397e-14 0 4.75516e-14 0 5.41731e-14 0 6.16349e-14 0 6.94787e-14 0 7.82323e-14 0
16.623 4.56226e-12 4.55411e-12 8.15654e-15 0.00178783 -4.4917e-07 6.84778e-26 0 2.75971e-23 0 5.8592e-21 0 1.03386e-19 0 7.11698e-19 0 2.9586e-18 0 9.22654e-18 0 2.34021e-17 0 5.136e-17 0 1.01165e-16 0 1.84301e-16 0 3.12809e-16 0 5.09458e-16 0 7.80711e-16 0 1.16903e-15 0 1.67635e-15 0 2.35765e-15 0 3.22225e-15 0 4.33005e-15 0 5.66965e-15 0 7.3851e-15 0 9.39058e-15 0 1.17795e-14 0 1.47202e-14 0 1.81619e-14 0 2.21355e-14 0 2.66631e-14 0 3.20319e-14 0 3.80551e-14 0 4.47277e-14 0 5.24632e-14 0 6.14135e-14 0 7.11681e-14 0 8.16696e-14 0 9.43263e-14 0 1.07064e-13 0 1.22313e-13 0 1.38461e-13 0 1.56543e-13 0 1.75436e-13 0 1.96398e-13 0
17.4762 4.34296e-12 4.33627e-12 6.6845e-15 0.00153916 -8.02956e-07 6.58449e-25 0 1.97986e-22 0 3.23591e-20 0 4.96313e-19 0 3.10944e-18 0 1.20576e-17 0 3.55711e-17 0 8.62138e-17 0 1.82088e-16 0 3.46985e-16 0 6.13889e-16 0 1.01537e-15 0 1.61477e-15 0 2.4235e-15 0 3.55811e-15 0 5.0132e-15 0 6.93421e-15 0 9.33368e-15 0 1.23629e-14 0 1.5976e-14 0 2.0543e-14 0 2.5817e-14 0 3.20283e-14 0 3.9591e-14 0 4.83489e-14 0 5.83607e-14 0 6.96619e-14 0 8.29425e-14 0 9.77135e-14 0 1.13944e-13 0 1.32613e-13 0 1.54048e-13 0 1.77236e-13 0 2.02027e-13 0 2.317e-13 0 2.61367e-13 0 2.96659e-13 0 3.33796e-13 0 3.75133e-13 0 4.18076e-13 0 4.65457e-13 0
18.3733 4.14227e-12 4.1368e-12 5.47843e-15 0.00132257 -1.13801e-06 5.59751e-24 0 1.27384e-21 0 1.62335e-19 0 2.1791e-18 0 1.24823e-17 0 4.53039e-17 0 1.26775e-16 0 2.94266e-16 0 5.99227e-16 0 1.10649e-15 0 1.90384e-15 0 3.07253e-15 0 4.77689e-15 0 7.02856e-15 0 1.01275e-14 0 1.40322e-14 0 1.91042e-14 0 2.53445e-14 0 3.31125e-14 0 4.22574e-14 0 5.36744e-14 0 6.67058e-14 0 8.18883e-14 0 1.00182e-13 0 1.21155e-13 0 1.44906e-13 0 1.71477e-13 0 2.02436e-13 0 2.36587e-13 0 2.73823e-13 0 3.16335e-13 0 3.64787e-13 0 4.16834e-13 0 4.7211e-13 0 5.37842e-13 0 6.03149e-13 0 6.80369e-13 0 7.61146e-13 0 8.50544e-13 0 9.42905e-13 0 1.04428e-12 0
19.3164 3.95807e-12 3.95358e-12 4.49081e-15 0.0011346 -1.47999e-06 4.2321e-23 0 7.3891e-21 0 7.4319e-19 0 8.78815e-18 0 4.62281e-17 0 1.57548e-16 0 4.19268e-16 0 9.33993e-16 0 1.83702e-15 0 3.29206e-15 0 5.51623e-15 0 8.69679e-15 0 1.32328e-14 0 1.91066e-14 0 2.70441e-14 0 3.68794e-14 0 4.94589e-14 0 6.47152e-14 0 8.34535e-14 0 1.05241e-13 0 1.32123e-13 0 1.62467e-13 0 1.97458e-13 0 2.39203e-13 0 2.86609e-13 0 3.39811e-13 0 3.9883e-13 0 4.67036e-13 0 5.41686e-13 0 6.22483e-13 0 7.14077e-13 0 8.17741e-13 0 9.28348e-13 0 1.04508e-12 0 1.18304e-12 0 1.31928e-12 0 1.47946e-12 0 1.64607e-12 0 1.82946e-12 0 2.01793e-12 0 2.22377e-12 0
20.3079 3.78828e-12 3.7846e-12 3.68167e-15 0.000971856 -1.86705e-06 2.86191e-22 0 3.88353e-20 0 3.11864e-18 0 3.26877e-17 0 1.58559e-16 0 5.08978e-16 0 1.29129e-15 0 2.76625e-15 0 5.26404e-15 0 9.16859e-15 0 1.49807e-14 0 2.30991e-14 0 3.4434e-14 0 4.8835e-14 0 6.79599e-14 0 9.12823e-14 0 1.20677e-13 0 1.55842e-13 0 1.98487e-13 0 2.47488e-13 0 3.07272e-13 0 3.74047e-13 0 4.50299e-13 0 5.40413e-13 0 6.41822e-13 0 7.5466e-13 0 8.78835e-13 0 1.02123e-12 0 1.17591e-12 0 1.34217e-12 0 1.52937e-12 0 1.73984e-12 0 1.96298e-12 0 2.19707e-12 0 2.47208e-12 0 2.74214e-12 0 3.05792e-12 0 3.38461e-12 0 3.74233e-12 0 4.10817e-12 0 4.5058e-12 0
21.3503 3.63117e-12 3.62815e-12 3.0188e-15 0.000831359 -2.15061e-06 1.74033e-21 0 1.85816e-19 0 1.20455e-17 0 1.1257e-16 0 5.05526e-16 0 1.53293e-15 0 3.71625e-15 0 7.67043e-15 0 1.41451e-14 0 2.39785e-14 0 3.82509e-14 0 5.77461e-14 0 8.44207e-14 0 1.17702e-13 0 1.61175e-13 0 2.13391e-13 0 2.78288e-13 0 3.54922e-13 0 4.46735e-13 0 5.51054e-13 0 6.7698e-13 0 8.16224e-13 0 9.73755e-13 0 1.15826e-12 0 1.36411e-12 0 1.5913e-12 0 1.8394e-12 0 2.12182e-12 0 2.42644e-12 0 2.75168e-12 0 3.11556e-12 0 3.52207e-12 0 3.95043e-12 0 4.39728e-12 0 4.91929e-12 0 5.42915e-12 0 6.02222e-12 0 6.63264e-12 0 7.29777e-12 0 7.97478e-12 0 8.70729e-12 0
22.4463 3.48517e-12 3.48269e-12 2.47534e-15 0.000710249 -2.37695e-06 9.56519e-21 0 8.13029e-19 0 4.29923e-17 0 3.60247e-16 0 1.5034e-15 0 4.31847e-15 0 1.00262e-14 0 1.99749e-14 0 3.57514e-14 0 5.90635e-14 0 9.20949e-14 0 1.36265e-13 0 1.9555e-13 0 2.68253e-13 0 3.61738e-13 0 4.72413e-13 0 6.08149e-13 0 7.66461e-13 0 9.53958e-13 0 1.16472e-12 0 1.41658e-12 0 1.69242e-12 0 2.00174e-12 0 2.36094e-12 0 2.7584e-12 0 3.1937e-12 0 3.66562e-12 0 4.19904e-12 0 4.77054e-12 0 5.37685e-12 0 6.05108e-12 0 6.79978e-12 0 7.58416e-12 0 8.39798e-12 0 9.34359e-12 0 1.02625e-11 0 1.13261e-11 0 1.24154e-11 0 1.35969e-11 0 1.4794e-11 0 1.60838e-11 0
23.5984 3.34892e-12 3.34689e-12 2.03038e-15 0.000606279 -2.58374e-06 4.77467e-20 0 3.26704e-18 0 1.42331e-16 0 1.07507e-15 0 4.18423e-15 0 1.14156e-14 0 2.54357e-14 0 4.89978e-14 0 8.52398e-14 0 1.37412e-13 0 2.09663e-13 0 3.04342e-13 0 4.29117e-13 0 5.79643e-13 0 7.70318e-13 0 9.92973e-13 0 1.26261e-12 0 1.57342e-12 0 1.93751e-12 0 2.34264e-12 0 2.8221e-12 0 3.34246e-12 0 3.92108e-12 0 4.58758e-12 0 5.31935e-12 0 6.11488e-12 0 6.97138e-12 0 7.93305e-12 0 8.95679e-12 0 1.00364e-11 0 1.12299e-11 0 1.25477e-11 0 1.39207e-11 0 1.5338e-11 0 1.69764e-11 0 1.85607e-11 0 2.03859e-11 0 2.22467e-11 0 2.42558e-11 0 2.62829e-11 0 2.84578e-11 0
24.8097 3.22112e-12 3.21945e-12 1.6658e-15 0.000517149 -2.86643e-06 2.17453e-19 0 1.21053e-17 0 4.38623e-16 0 3.00159e-15 0 1.09324e-14 0 2.83999e-14 0 6.0852e-14 0 1.13529e-13 0 1.92235e-13 0 3.02752e-13 0 4.52508e-13 0 6.45007e-13 0 8.94322e-13 0 1.19043e-12 0 1.56021e-12 0 1.9864e-12 0 2.49635e-12 0 3.07761e-12 0 3.75144e-12 0 4.494e-12 0 5.36478e-12 0 6.30171e-12 0 7.3352e-12 0 8.51651e-12 0 9.80387e-12 0 1.11937e-11 0 1.26801e-11 0 1.43385e-11 0 1.60932e-11 0 1.7933e-11 0 1.99559e-11 0 2.21772e-11 0 2.44795e-11 0 2.68443e-11 0 2.9565e-11 0 3.21837e-11 0 3.5187e-11 0 3.82354e-11 0 4.15128e-11 0 4.48062e-11 0 4.8326e-11 0
26.0832 3.10031e-12 3.09895e-12 1.36666e-15 0.000440815 -3.05466e-06 9.07409e-19 0 4.1513e-17 0 1.26235e-15 0 7.86428e-15 0 2.68915e-14 0 6.66766e-14 0 1.37649e-13 0 2.49104e-13 0 4.11092e-13 0 6.33233e-13 0 9.2807e-13 0 1.30018e-12 0 1.7742e-12 0 2.32888e-12 0 3.01225e-12 0 3.79013e-12 0 4.71029e-12 0 5.74801e-12 0 6.93912e-12 0 8.23967e-12 0 9.75154e-12 0 1.13649e-11 0 1.31311e-11 0 1.5135e-11 0 1.73035e-11 0 1.9629e-11 0 2.21007e-11 0 2.48417e-11 0 2.7725e-11 0 3.07317e-11 0 3.40202e-11 0 3.76127e-11 0 4.13177e-11 0 4.51057e-11 0 4.94435e-11 0 5.36003e-11 0 5.83475e-11 0 6.31457e-11 0 6.82836e-11 0 7.34267e-11 0 7.8903e-11 0
27.4221 2.98579e-12 2.98467e-12 1.12165e-15 0.000375663 -3.20272e-06 3.48404e-18 0 1.3225e-16 0 3.40397e-15 0 1.93944e-14 0 6.24544e-14 0 1.48138e-13 0 2.95186e-13 0 5.18952e-13 0 8.35724e-13 0 1.26046e-12 0 1.81317e-12 0 2.49869e-12 0 3.35831e-12 0 4.35008e-12 0 5.55629e-12 0 6.91317e-12 0 8.50084e-12 0 1.02733e-11 0 1.22886e-11 0 1.44699e-11 0 1.69847e-11 0 1.96474e-11 0 2.25411e-11 0 2.58016e-11 0 2.93062e-11 0 3.30407e-11 0 3.69863e-11 0 4.13369e-11 0 4.5888e-11 0 5.06095e-11 0 5.57477e-11 0 6.13333e-11 0 6.70665e-11 0 7.29022e-11 0 7.95557e-11 0 8.59049e-11 0 9.31265e-11 0 1.00397e-10 0 1.08152e-10 0 1.15886e-10 0 1.24092e-10 0
28.8297 2.87647e-12 2.87555e-12 9.20599e-16 0.000320045 -3.26258e-06 1.23559e-17 0 3.92716e-16 0 8.62576e-15 0 4.51432e-14 0 1.37303e-13 0 3.12228e-13 0 6.01563e-13 0 1.02884e-12 0 1.61876e-12 0 2.39294e-12 0 3.38169e-12 0 4.58783e-12 0 6.0778e-12 0 7.77386e-12 0 9.81149e-12 0 1.2078e-11 0 1.47026e-11 0 1.76046e-11 0 2.08748e-11 0 2.43849e-11 0 2.83997e-11 0 3.26192e-11 0 3.71733e-11 0 4.22705e-11 0 4.77144e-11 0 5.34805e-11 0 5.95383e-11 0 6.61812e-11 0 7.3094e-11 0 8.02301e-11 0 8.79594e-11 0 9.63223e-11 0 1.04868e-10 0 1.13529e-10 0 1.23363e-10 0 1.3271e-10 0 1.43301e-10 0 1.53922e-10 0 1.6521e-10 0 1.76429e-10 0 1.88293e-10 0
30.3095 2.77146e-12 2.7707e-12 7.55735e-16 0.000272685 -3.28645e-06 4.06226e-17 0 1.09051e-15 0 2.05987e-14 0 9.94353e-14 0 2.86447e-13 0 6.25769e-13 0 1.16767e-12 0 1.94539e-12 0 2.99384e-12 0 4.34202e-12 0 6.03337e-12 0 8.06429e-12 0 1.05376e-11 0 1.33172e-11 0 1.66179e-11 0 2.02501e-11 0 2.44151e-11 0 2.89782e-11 0 3.40765e-11 0 3.95055e-11 0 4.56687e-11 0 5.21003e-11 0 5.89966e-11 0 6.66667e-11 0 7.48087e-11 0 8.33833e-11 0 9.23431e-11 0 1.02117e-10 0 1.12238e-10 0 1.22637e-10 0 1.33849e-10 0 1.45926e-10 0 1.58215e-10 0 1.7062e-10 0 1.84649e-10 0 1.97932e-10 0 2.12928e-10 0 2.27913e-10 0 2.43784e-10 0 2.59504e-10 0 2.76075e-10 0
31.8653 2.67017e-12 2.66955e-12 6.20552e-16 0.000232402 -3.23407e-06 1.24254e-16 0 2.84061e-15 0 4.64849e-14 0 2.07793e-13 0 5.68459e-13 0 1.19536e-12 0 2.1636e-12 0 3.51595e-12 0 5.29814e-12 0 7.54577e-12 0 1.0318e-11 0 1.35972e-11 0 1.75369e-11 0 2.19109e-11 0 2.70475e-11 0 3.26429e-11 0 3.8999e-11 0 4.59022e-11 0 5.35525e-11 0 6.16379e-11 0 7.07515e-11 0 8.0198e-11 0 9.02639e-11 0 1.01392e-10 0 1.13137e-10 0 1.25438e-10 0 1.38227e-10 0 1.52109e-10 0 1.66414e-10 0 1.81047e-10 0 1.96758e-10 0 2.13609e-10 0 2.30684e-10 0 2.47856e-10 0 2.67203e-10 0 2.85455e-10 0 3.05989e-10 0 3.26437e-10 0 3.48023e-10 0 3.69337e-10 0 3.91736e-10 0
33.5009 2.57183e-12 2.57132e-12 5.09606e-16 0.00019815 -3.17253e-06 3.5475e-16 0 6.9609e-15 0 9.93798e-14 0 4.1292e-13 0 1.07546e-12 0 2.1809e-12 0 3.83471e-12 0 6.08558e-12 0 8.98852e-12 0 1.25826e-11 0 1.69445e-11 0 2.20308e-11 0 2.80633e-11 0 3.46836e-11 0 4.23765e-11 0 5.06756e-11 0 6.00194e-11 0 7.00835e-11 0 8.1151e-11 0 9.27642e-11 0 1.05765e-10 0 1.19156e-10 0 1.33339e-10 0 1.4893e-10 0 1.65295e-10 0 1.82346e-10 0 1.99986e-10 0 2.19045e-10 0 2.38596e-10 0 2.5851e-10 0 2.79804e-10 0 3.02551e-10 0 3.25511e-10 0 3.48518e-10 0 3.74347e-10 0 3.9863e-10 0 4.25858e-10 0 4.52884e-10 0 4.81324e-10 0 5.09321e-10 0 5.3866e-10 0
35.2205 2.47595e-12 2.47553e-12 4.18593e-16 0.000169063 -2.99477e-06 9.48382e-16 0 1.6092e-14 0 2.01775e-13 0 7.82052e-13 0 1.94387e-12 0 3.80817e-12 0 6.51398e-12 0 1.0107e-11 0 1.46467e-11 0 2.01692e-11 0 2.67692e-11 0 3.43615e-11 0 4.32562e-11 0 5.29106e-11 0 6.40172e-11 0 7.58888e-11 0 8.91421e-11 0 1.03305e-10 0 1.18765e-10 0 1.34877e-10 0 1.52799e-10 0 1.71145e-10 0 1.90469e-10 0 2.11594e-10 0 2.33652e-10 0 2.56523e-10 0 2.80073e-10 0 3.05403e-10 0 3.31277e-10 0 3.57525e-10 0 3.85482e-10 0 4.15232e-10 0 4.45151e-10 0 4.75028e-10 0 5.08455e-10 0 5.39778e-10 0 5.7479e-10 0 6.09434e-10 0 6.45782e-10 0 6.81463e-10 0 7.18749e-10 0
37.0284 2.3821e-12 2.38176e-12 3.43877e-16 0.000144359 -2.81568e-06 2.3812e-15 0 3.51873e-14 0 3.89963e-13 0 1.4147e-12 0 3.36348e-12 0 6.37646e-12 0 1.0625e-11 0 1.61358e-11 0 2.29636e-11 0 3.11319e-11 0 4.0752e-11 0 5.16763e-11 0 6.4326e-11 0 7.79129e-11 0 9.33948e-11 0 1.09799e-10 0 1.27964e-10 0 1.47231e-10 0 1.68117e-10 0 1.89742e-10 0 2.13649e-10 0 2.3798e-10 0 2.6347e-10 0 2.91194e-10 0 3.19996e-10 0 3.4972e-10 0 3.80193e-10 0 4.12829e-10 0 4.4603e-10 0 4.79582e-10 0 5.15186e-10 0 5.52936e-10 0 5.90767e-10 0 6.28421e-10 0 6.70412e-10 0 7.09639e-10 0 7.53354e-10 0 7.96482e-10 0 8.41603e-10 0 8.85774e-10 0 9.31813e-10 0
38.9291 2.28986e-12 2.28957e-12 2.82563e-16 0.000123398 -2.57283e-06 5.63106e-15 0 7.29586e-14 0 7.18971e-13 0 2.44922e-12 0 5.58198e-12 0 1.02569e-11 0 1.66701e-11 0 2.48051e-11 0 3.46983e-11 0 4.63469e-11 0 5.98763e-11 0 7.50519e-11 0 9.24302e-11 0 1.10911e-10 0 1.31778e-10 0 1.53705e-10 0 1.77801e-10 0 2.03175e-10 0 2.30499e-10 0 2.58617e-10 0 2.89519e-10 0 3.20797e-10 0 3.53397e-10 0 3.8868e-10 0 4.25163e-10 0 4.62646e-10 0 5.0091e-10 0 5.41728e-10 0 5.83089e-10 0 6.24735e-10 0 6.68773e-10 0 7.15303e-10 0 7.61779e-10 0 8.07893e-10 0 8.59159e-10 0 9.06909e-10 0 9.5997e-10 0 1.01217e-09 0 1.06664e-09 0 1.11982e-09 0 1.17512e-09 0
40.9273 2.19894e-12 2.19871e-12 2.32205e-16 0.000105599 -2.31134e-06 1.25761e-14 0 1.43786e-13 0 1.26718e-12 0 4.06598e-12 0 8.9014e-12 0 1.58776e-11 0 2.52005e-11 0 3.67777e-11 0 5.06099e-11 0 6.66516e-11 0 8.50382e-11 0 1.05422e-10 0 1.28519e-10 0 1.52849e-10 0 1.80085e-10 0 2.08477e-10 0 2.3945e-10 0 2.71847e-10 0 3.06512e-10 0 3.41976e-10 0 3.80735e-10 0 4.1976e-10 0 4.60237e-10 0 5.03841e-10 0 5.48725e-10 0 5.94643e-10 0 6.41333e-10 0 6.90945e-10 0 7.41034e-10 0 7.91291e-10 0 8.44258e-10 0 9.00038e-10 0 9.55576e-10 0 1.01052e-09 0 1.07142e-09 0 1.12799e-09 0 1.19067e-09 0 1.25218e-09 0 1.31619e-09 0 1.37854e-09 0 1.44321e-09 0
43.0281 2.10898e-12 2.10879e-12 1.90841e-16 9.04898e-05 -1.96729e-06 2.65922e-14 0 2.69935e-13 0 2.13913e-12 0 6.48399e-12 0 1.36622e-11 0 2.36907e-11 0 3.67626e-11 0 5.26704e-11 0 7.13589e-11 0 9.27226e-11 0 1.16902e-10 0 1.43412e-10 0 1.73149e-10 0 2.04192e-10 0 2.38659e-10 0 2.74318e-10 0 3.12951e-10 0 3.53097e-10 0 3.95798e-10 0 4.39238e-10 0 4.86465e-10 0 5.33778e-10 0 5.82627e-10 0 6.35014e-10 0 6.88708e-10 0 7.43419e-10 0 7.98838e-10 0 8.5751e-10 0 9.16538e-10 0 9.75569e-10 0 1.03758e-09 0 1.10269e-09 0 1.16732e-09 0 1.23107e-09 0 1.30154e-09 0 1.36682e-09 0 1.43898e-09 0 1.5096e-09 0 1.58292e-09 0 1.65416e-09 0 1.72789e-09 0
45.2368 2.02001e-12 2.01985e-12 1.56878e-16 7.76618e-05 -1.58386e-06 5.33716e-14 0 4.8381e-13 0 3.46545e-12 0 9.95066e-12 0 2.02175e-11 0 3.41281e-11 0 5.18351e-11 0 7.29727e-11 0 9.741e-11 0 1.24965e-10 0 1.55781e-10 0 1.89209e-10 0 2.26351e-10 0 2.64792e-10 0 3.0714e-10 0 3.50639e-10 0 3.97456e-10 0 4.45809e-10 0 4.96945e-10 0 5.4869e-10 0 6.04664e-10 0 6.60474e-10 0 7.17843e-10 0 7.79108e-10 0 8.41646e-10 0 9.05124e-10 0 9.6919e-10 0 1.03678e-09 0 1.10456e-09 0 1.17212e-09 0 1.24289e-09 0 1.31696e-09 0 1.39028e-09 0 1.46241e-09 0 1.54193e-09 0 1.61541e-09 0 1.69643e-09 0 1.77553e-09 0 1.85746e-09 0 1.93689e-09 0 2.01893e-09 0
47.5588 1.9319e-12 1.93177e-12 1.28972e-16 6.67589e-05 -9.5563e-07 1.01912e-13 0 8.29558e-13 0 5.39738e-12 0 1.47201e-11 0 2.88905e-11 0 4.75377e-11 0 7.07437e-11 0 9.79428e-11 0 1.28911e-10 0 1.63378e-10 0 2.01487e-10 0 2.42411e-10 0 2.87471e-10 0 3.33728e-10 0 3.84308e-10 0 4.35909e-10 0 4.91097e-10 0 5.47765e-10 0 6.07368e-10 0 6.67378e-10 0 7.31982e-10 0 7.96106e-10 0 8.61747e-10 0 9.31564e-10 0 1.00256e-09 0 1.07435e-09 0 1.14656e-09 0 1.2225e-09 0 1.2984e-09 0 1.37384e-09 0 1.45262e-09 0 1.53486e-09 0 1.61603e-09 0 1.69568e-09 0 1.78328e-09 0 1.86402e-09 0 1.95284e-09 0 2.03937e-09 0 2.12878e-09 0 2.21529e-09 0 2.30446e-09 0
50 1.84462e-12 1.84451e-12 1.0604e-16 5.7486e-05 -3.42364e-07 1.8555e-13 0 1.3634e-12 0 8.09558e-12 0 2.10233e-11 0 3.99253e-11 0 6.41169e-11 0 9.35824e-11 0 1.27521e-10 0 1.65606e-10 0 2.0747e-10 0 2.53258e-10 0 3.01961e-10 0 3.55122e-10 0 4.09273e-10 0 4.68069e-10 0 5.27662e-10 0 5.9102e-10 0 6.55713e-10 0 7.23409e-10 0 7.91237e-10 0 8.63929e-10 0 9.35771e-10 0 1.00902e-09 0 1.08663e-09 0 1.16526e-09 0 1.2445e-09 0 1.32395e-09 0 1.40722e-09 0 1.49021e-09 0 1.57246e-09 0 1.65812e-09 0 1.74729e-09 0 1.83508e-09 0 1.92102e-09 0 2.01531e-09 0 2.10201e-09 0 2.19719e-09 0 2.28969e-09 0 2.38509e-09 0 2.47721e-09 0 2.57197e-09 0
52.5665 1.75815e-12 1.75806e-12 8.71907e-17 4.95923e-05 3.3123e-07 3.22798e-13 0 2.15181e-12 0 1.17127e-11 0 2.9032e-11 0 5.34349e-11 0 8.38506e-11 0 1.20146e-10 0 1.61264e-10 0 2.06773e-10 0 2.5621e-10 0 3.09725e-10 0 3.6613e-10 0 4.27196e-10 0 4.88939e-10 0 5.55529e-10 0 6.22607e-10 0 6.93518e-10 0 7.65543e-10 0 8.4054e-10 0 9.15342e-10 0 9.9516e-10 0 1.07373e-09 0 1.15353e-09 0 1.23778e-09 0 1.32283e-09 0 1.40826e-09 0 1.49365e-09 0 1.58289e-09 0 1.67156e-09 0 1.7592e-09 0 1.85025e-09 0 1.94479e-09 0 2.03763e-09 0 2.12831e-09 0 2.22757e-09 0 2.31864e-09 0 2.41841e-09 0 2.51517e-09 0 2.61477e-09 0 2.71075e-09 0 2.8093e-09 0
55.2648 1.67262e-12 1.67255e-12 7.16921e-17 4.28623e-05 9.40075e-07 5.37683e-13 0 3.26719e-12 0 1.6372e-11 0 3.88217e-11 0 6.93567e-11 0 1.06468e-10 0 1.49899e-10 0 1.98329e-10 0 2.51231e-10 0 3.08058e-10 0 3.68972e-10 0 4.32621e-10 0 5.00992e-10 0 5.69638e-10 0 6.43201e-10 0 7.16869e-10 0 7.94327e-10 0 8.72608e-10 0 9.53739e-10 0 1.03431e-09 0 1.11993e-09 0 1.20388e-09 0 1.28884e-09 0 1.37823e-09 0 1.46818e-09 0 1.55824e-09 0 1.64799e-09 0 1.74153e-09 0 1.83421e-09 0 1.92559e-09 0 2.02028e-09 0 2.11836e-09 0 2.21446e-09 0 2.30811e-09 0 2.4104e-09 0 2.50407e-09 0 2.60647e-09 0 2.70559e-09 0 2.80742e-09 0 2.90538e-09 0 3.00579e-09 0
58.1015 1.5882e-12 1.58814e-12 5.89525e-17 3.7119e-05 1.47083e-06 8.59223e-13 0 4.78072e-12 0 2.21436e-11 0 5.03403e-11 0 8.74234e-11 0 1.31423e-10 0 1.8197e-10 0 2.37496e-10 0 2.97394e-10 0 3.61053e-10 0 4.28658e-10 0 4.98717e-10 0 5.73417e-10 0 6.47918e-10 0 7.27271e-10 0 8.06296e-10 0 8.88961e-10 0 9.72106e-10 0 1.0579e-09 0 1.14274e-09 0 1.23256e-09 0 1.32029e-09 0 1.40879e-09 0 1.50159e-09 0 1.59467e-09 0 1.6876e-09 0 1.77995e-09 0 1.87593e-09 0 1.97079e-09 0 2.06409e-09 0 2.16054e-09 0 2.26022e-09 0 2.35766e-09 0 2.45244e-09 0 2.55574e-09 0 2.65014e-09 0 2.75315e-09 0 2.85268e-09 0 2.95474e-09 0 3.05275e-09 0 3.15305e-09 0
61.0839 1.50499e-12 1.50494e-12 4.84785e-17 3.22119e-05 1.90194e-06 1.31965e-12 0 6.75235e-12 0 2.90207e-11 0 6.33817e-11 0 1.07146e-10 0 1.57899e-10 0 2.15185e-10 0 2.77221e-10 0 3.43351e-10 0 4.12924e-10 0 4.86156e-10 0 5.61454e-10 0 6.41175e-10 0 7.20181e-10 0 8.03848e-10 0 8.86728e-10 0 9.73005e-10 0 1.05939e-09 0 1.14815e-09 0 1.23559e-09 0 1.3278e-09 0 1.41757e-09 0 1.50783e-09 0 1.60217e-09 0 1.69652e-09 0 1.79046e-09 0 1.88355e-09 0 1.98006e-09 0 2.07521e-09 0 2.16858e-09 0 2.26489e-09 0 2.3642e-09 0 2.46109e-09 0 2.55513e-09 0 2.65743e-09 0 2.75075e-09 0 2.85239e-09 0 2.95043e-09 0 3.05079e-09 0 3.14701e-09 0 3.24533e-09 0
64.2193 1.42323e-12 1.42319e-12 3.98622e-17 2.80083e-05 2.23813e-06 1.95155e-12 0 9.2206e-12 0 3.69061e-11 0 7.7588e-11 0 1.27844e-10 0 1.8487e-10 0 2.48167e-10 0 3.15786e-10 0 3.87057e-10 0 4.61319e-10 0 5.38831e-10 0 6.17939e-10 0 7.01132e-10 0 7.83084e-10 0 8.69397e-10 0 9.54468e-10 0 1.04262e-09 0 1.1305e-09 0 1.22043e-09 0 1.3087e-09 0 1.40146e-09 0 1.49147e-09 0 1.58168e-09 0 1.67571e-09 0 1.76947e-09 0 1.86257e-09 0 1.9546e-09 0 2.04978e-09 0 2.1434e-09 0 2.23506e-09 0 2.32942e-09 0 2.42652e-09 0 2.52105e-09 0 2.61264e-09 0 2.71209e-09 0 2.80265e-09 0 2.90112e-09 0 2.99593e-09 0 3.09284e-09 0 3.18561e-09 0 3.28025e-09 0
67.5157 1.34305e-12 1.34302e-12 3.27747e-17 2.44033e-05 2.45994e-06 2.78348e-12 0 1.21911e-11 0 4.56016e-11 0 9.24545e-11 0 1.48673e-10 0 2.11158e-10 0 2.79415e-10 0 3.51397e-10 0 4.26457e-10 0 5.03953e-10 0 5.84194e-10 0 6.65511e-10 0 7.50485e-10 0 8.33713e-10 0 9.20914e-10 0 1.00645e-09 0 1.0947e-09 0 1.18231e-09 0 1.27164e-09 0 1.359e-09 0 1.4505e-09 0 1.53901e-09 0 1.62746e-09 0 1.71939e-09 0 1.81082e-09 0 1.90137e-09 0 1.99067e-09 0 2.08281e-09 0 2.17324e-09 0 2.2616e-09 0 2.35238e-09 0 2.4456e-09 0 2.5362e-09 0 2.62382e-09 0 2.71879e-09 0 2.80513e-09 0 2.89885e-09 0 2.98896e-09 0 3.08091e-09 0 3.16881e-09 0 3.25836e-09 0
70.9813 1.26475e-12 1.26472e-12 2.69479e-17 2.13069e-05 2.59306e-06 3.83555e-12 0 1.56303e-11 0 5.48199e-11 0 1.07377e-10 0 1.68715e-10 0 2.3556e-10 0 3.0748e-10 0 3.824e-10 0 4.5973e-10 0 5.38878e-10 0 6.20209e-10 0 7.02079e-10 0 7.87114e-10 0 8.69951e-10 0 9.56317e-10 0 1.04065e-09 0 1.12729e-09 0 1.21299e-09 0 1.30003e-09 0 1.38488e-09 0 1.47348e-09 0 1.55892e-09 0 1.64407e-09 0 1.73233e-09 0 1.81989e-09 0 1.9064e-09 0 1.99152e-09 0 2.07917e-09 0 2.165e-09 0 2.24871e-09 0 2.33454e-09 0 2.42252e-09 0 2.50787e-09 0 2.59028e-09 0 2.67945e-09 0 2.76039e-09 0 2.84813e-09 0 2.93234e-09 0 3.01817e-09 0 3.10009e-09 0 3.18344e-09 0
74.6248 1.18843e-12 1.1884e-12 2.21543e-17 1.86417e-05 2.64385e-06 5.11381e-12 0 1.9458e-11 0 6.4191e-11 0 1.21676e-10 0 1.87018e-10 0 2.56904e-10 0 3.3102e-10 0 4.07332e-10 0 4.8534e-10 0 5.64523e-10 0 6.45306e-10 0 7.26109e-10 0 8.09556e-10 0 8.90428e-10 0 9.74351e-10 0 1.05595e-09 0 1.13945e-09 0 1.22173e-09 0 1.30503e-09 0 1.38598e-09 0 1.47024e-09 0 1.55127e-09 0 1.63181e-09 0 1.7151e-09 0 1.79752e-09 0 1.87876e-09 0 1.95853e-09 0 2.0405e-09 0 2.12062e-09 0 2.1986e-09 0 2.27843e-09 0 2.3601e-09 0 2.4392e-09 0 2.51546e-09 0 2.59785e-09 0 2.67252e-09 0 2.75333e-09 0 2.83081e-09 0 2.90965e-09 0 2.98481e-09 0 3.06118e-09 0
78.4553 1.11447e-12 1.11445e-12 1.82135e-17 1.63428e-05 2.62444e-06 6.60788e-12 0 2.35553e-11 0 7.33116e-11 0 1.34699e-10 0 2.02745e-10 0 2.74238e-10 0 3.49027e-10 0 4.25184e-10 0 5.02321e-10 0 5.80009e-10 0 6.58726e-10 0 7.36989e-10 0 8.17374e-10 0 8.949e-10 0 9.74995e-10 0 1.05255e-09 0 1.13163e-09 0 1.20928e-09 0 1.28764e-09 0 1.36355e-09 0 1.44235e-09 0 1.51793e-09 0 1.59287e-09 0 1.67017e-09 0 1.7465e-09 0 1.82158e-09 0 1.89515e-09 0 1.97059e-09 0 2.0442e-09 0 2.11572e-09 0 2.18881e-09 0 2.26347e-09 0 2.33566e-09 0 2.40515e-09 0 2.48011e-09 0 2.54796e-09 0 2.6213e-09 0 2.6915e-09 0 2.76286e-09 0 2.8308e-09 0 2.89976e-09 0
82.4824 1.04286e-12 1.04285e-12 1.49711e-17 1.43558e-05 2.53124e-06 8.28597e-12 0 2.77606e-11 0 8.17456e-11 0 1.4581e-10 0 2.15145e-10 0 2.8677e-10 0 3.60728e-10 0 4.35254e-10 0 5.10082e-10 0 5.84887e-10 0 6.60194e-10 0 7.34638e-10 0 8.1071e-10 0 8.83738e-10 0 9.5887e-10 0 1.03135e-09 0 1.10497e-09 0 1.17704e-09 0 1.24954e-09 0 1.31958e-09 0 1.3921e-09 0 1.46147e-09 0 1.53009e-09 0 1.60073e-09 0 1.67032e-09 0 1.73863e-09 0 1.80545e-09 0 1.87384e-09 0 1.94045e-09 0 2.00506e-09 0 2.07098e-09 0 2.13822e-09 0 2.20314e-09 0 2.26553e-09 0 2.33276e-09 0 2.39352e-09 0 2.45911e-09 0 2.52183e-09 0 2.58549e-09 0 2.64604e-09 0 2.70742e-09 0
86.7162 9.73924e-13 9.73911e-13 1.23045e-17 1.26339e-05 2.35108e-06 1.00984e-11 0 3.18944e-11 0 8.9102e-11 0 1.54518e-10 0 2.23724e-10 0 2.94076e-10 0 3.6583e-10 0 4.37417e-10 0 5.08705e-10 0 5.7947e-10 0 6.50274e-10 0 7.1989e-10 0 7.90682e-10 0 8.58346e-10 0 9.27684e-10 0 9.94327e-10 0 1.06181e-09 0 1.12765e-09 0 1.1937e-09 0 1.25734e-09 0 1.32306e-09 0 1.38578e-09 0 1.44769e-09 0 1.51128e-09 0 1.57381e-09 0 1.63507e-09 0 1.69487e-09 0 1.75599e-09 0 1.81541e-09 0 1.87296e-09 0 1.93159e-09 0 1.99131e-09 0 2.04888e-09 0 2.10414e-09 0 2.1636e-09 0 2.21728e-09 0 2.27516e-09 0 2.33042e-09 0 2.38647e-09 0 2.43971e-09 0 2.49363e-09 0
91.1674 9.07703e-13 9.07693e-13 1.01116e-17 1.11397e-05 2.12537e-06 1.19766e-11 0 3.5763e-11 0 9.50326e-11 0 1.6045e-10 0 2.2818e-10 0 2.9599e-10 0 3.64346e-10 0 4.31904e-10 0 4.98654e-10 0 5.64476e-10 0 6.29953e-10 0 6.94003e-10 0 7.58837e-10 0 8.20551e-10 0 8.83556e-10 0 9.43905e-10 0 1.00482e-09 0 1.06408e-09 0 1.12337e-09 0 1.18036e-09 0 1.23906e-09 0 1.29496e-09 0 1.35003e-09 0 1.40648e-09 0 1.46187e-09 0 1.51605e-09 0 1.56885e-09 0 1.62272e-09 0 1.67502e-09 0 1.72559e-09 0 1.77705e-09 0 1.82938e-09 0 1.87976e-09 0 1.92807e-09 0 1.97999e-09 0 2.02679e-09 0 2.07721e-09 0 2.1253e-09 0 2.17401e-09 0 2.22024e-09 0 2.26701e-09 0
95.847 8.44356e-13 8.44348e-13 8.30834e-18 9.83985e-06 1.89022e-06 1.38411e-11 0 3.91836e-11 0 9.92858e-11 0 1.63424e-10 0 2.28481e-10 0 2.9268e-10 0 3.56684e-10 0 4.19378e-10 0 4.80866e-10 0 5.41119e-10 0 6.0073e-10 0 6.5876e-10 0 7.17247e-10 0 7.72703e-10 0 8.2912e-10 0 8.82984e-10 0 9.37192e-10 0 9.89789e-10 0 1.04227e-09 0 1.09259e-09 0 1.14432e-09 0 1.19347e-09 0 1.2418e-09 0 1.29125e-09 0 1.33968e-09 0 1.38697e-09 0 1.43299e-09 0 1.47987e-09 0 1.52531e-09 0 1.5692e-09 0 1.61379e-09 0 1.65908e-09 0 1.70263e-09 0 1.74434e-09 0 1.78911e-09 0 1.82944e-09 0 1.87282e-09 0 1.91416e-09 0 1.95599e-09 0 1.99566e-09 0 2.03575e-09 0
100.767 7.83929e-13 7.83922e-13 6.82452e-18 8.70554e-06 1.6551e-06 1.56054e-11 0 4.1994e-11 0 1.01706e-10 0 1.63415e-10 0 2.24802e-10 0 2.84556e-10 0 3.43507e-10 0 4.00768e-10 0 4.56536e-10 0 5.10861e-10 0 5.64329e-10 0 6.16144e-10 0 6.68154e-10 0 7.17288e-10 0 7.67108e-10 0 8.1453e-10 0 8.62122e-10 0 9.08179e-10 0 9.54028e-10 0 9.97889e-10 0 1.04288e-09 0 1.08555e-09 0 1.12743e-09 0 1.1702e-09 0 1.21202e-09 0 1.2528e-09 0 1.29242e-09 0 1.33271e-09 0 1.37173e-09 0 1.40936e-09 0 1.44754e-09 0 1.48628e-09 0 1.52349e-09 0 1.55908e-09 0 1.59725e-09 0 1.63159e-09 0 1.66849e-09 0 1.70363e-09 0 1.73915e-09 0 1.7728e-09 0 1.80679e-09 0
105.939 7.26597e-13 7.26591e-13 5.60615e-18 7.71562e-06 1.37427e-06 1.71884e-11 0 4.40774e-11 0 1.02266e-10 0 1.60594e-10 0 2.17558e-10 0 2.72292e-10 0 3.25761e-10 0 3.77283e-10 0 4.27134e-10 0 4.75423e-10 0 5.2272e-10 0 5.68359e-10 0 6.13994e-10 0 6.56957e-10 0 7.00386e-10 0 7.41605e-10 0 7.82864e-10 0 8.22696e-10 0 8.62259e-10 0 9.00027e-10 0 9.38695e-10 0 9.75298e-10 0 1.01116e-09 0 1.04773e-09 0 1.08343e-09 0 1.11818e-09 0 1.1519e-09 0 1.18616e-09 0 1.21928e-09 0 1.25118e-09 0 1.28352e-09 0 1.31629e-09 0 1.34774e-09 0 1.37778e-09 0 1.40997e-09 0 1.4389e-09 0 1.46997e-09 0 1.49952e-09 0 1.52937e-09 0 1.55762e-09 0 1.58614e-09 0
111.377 6.72258e-13 6.72254e-13 4.6035e-18 6.84782e-06 1.10267e-06 1.85129e-11 0 4.53487e-11 0 1.01014e-10 0 1.55218e-10 0 2.07238e-10 0 2.56614e-10 0 3.044e-10 0 3.50103e-10 0 3.94049e-10 0 4.36396e-10 0 4.77683e-10 0 5.17363e-10 0 5.56896e-10 0 5.93995e-10 0 6.31386e-10 0 6.6678e-10 0 7.02121e-10 0 7.36163e-10 0 7.69904e-10 0 8.02051e-10 0 8.34903e-10 0 8.65947e-10 0 8.96314e-10 0 9.2723e-10 0 9.57371e-10 0 9.86671e-10 0 1.01506e-09 0 1.04387e-09 0 1.07169e-09 0 1.09846e-09 0 1.12556e-09 0 1.15299e-09 0 1.17929e-09 0 1.2044e-09 0 1.23127e-09 0 1.2554e-09 0 1.28129e-09 0 1.30589e-09 0 1.33072e-09 0 1.35421e-09 0 1.37789e-09 0
117.094 6.20953e-13 6.2095e-13 3.77954e-18 6.08667e-06 8.33532e-07 1.95204e-11 0 4.5781e-11 0 9.81079e-11 0 1.47678e-10 0 1.94473e-10 0 2.38379e-10 0 2.80499e-10 0 3.20499e-10 0 3.58739e-10 0 3.95404e-10 0 4.31e-10 0 4.6508e-10 0 4.9892e-10 0 5.3058e-10 0 5.62403e-10 0 5.9245e-10 0 6.22384e-10 0 6.51156e-10 0 6.79617e-10 0 7.06685e-10 0 7.34298e-10 0 7.6035e-10 0 7.85795e-10 0 8.11664e-10 0 8.36849e-10 0 8.613e-10 0 8.84965e-10 0 9.08946e-10 0 9.32079e-10 0 9.54317e-10 0 9.7681e-10 0 9.99557e-10 0 1.02134e-09 0 1.04212e-09 0 1.06433e-09 0 1.08427e-09 0 1.10564e-09 0 1.12593e-09 0 1.1464e-09 0 1.16574e-09 0 1.18524e-09 0
123.105 5.72723e-13 5.7272e-13 3.10295e-18 5.41789e-06 5.82899e-07 2.01739e-11 0 4.53985e-11 0 9.37831e-11 0 1.38439e-10 0 1.79943e-10 0 2.18463e-10 0 2.55112e-10 0 2.89686e-10 0 3.22558e-10 0 3.53931e-10 0 3.84265e-10 0 4.13207e-10 0 4.41853e-10 0 4.68579e-10 0 4.95372e-10 0 5.20612e-10 0 5.45702e-10 0 5.69771e-10 0 5.93536e-10 0 6.16099e-10 0 6.3908e-10 0 6.60729e-10 0 6.81844e-10 0 7.03282e-10 0 7.24127e-10 0 7.4434e-10 0 7.63881e-10 0 7.83662e-10 0 8.02723e-10 0 8.21029e-10 0 8.39528e-10 0 8.58218e-10 0 8.76099e-10 0 8.93142e-10 0 9.11351e-10 0 9.27677e-10 0 9.45168e-10 0 9.61763e-10 0 9.78488e-10 0 9.94285e-10 0 1.01019e-09 0
129.424 5.274e-13 5.27398e-13 2.54643e-18 4.82828e-06 3.6334e-07 2.04514e-11 0 4.4253e-11 0 8.82911e-11 0 1.27944e-10 0 1.64261e-10 0 1.97625e-10 0 2.29121e-10 0 2.5865e-10 0 2.86582e-10 0 3.13124e-10 0 3.38691e-10 0 3.63004e-10 0 3.86997e-10 0 4.09323e-10 0 4.31652e-10 0 4.5264e-10 0 4.73462e-10 0 4.934e-10 0 5.13052e-10 0 5.31681e-10 0 5.50626e-10 0 5.68448e-10 0 5.85809e-10 0 6.03412e-10 0 6.20509e-10 0 6.37068e-10 0 6.53061e-10 0 6.69233e-10 0 6.84802e-10 0 6.99741e-10 0 7.14824e-10 0 7.3005e-10 0 7.44605e-10 0 7.58467e-10 0 7.73267e-10 0 7.86526e-10 0 8.00721e-10 0 8.14181e-10 0 8.27738e-10 0 8.40534e-10 0 8.53413e-10 0
136.067 4.85039e-13 4.85037e-13 2.08977e-18 4.30847e-06 1.7447e-07 2.03615e-11 0 4.24491e-11 0 8.19459e-11 0 1.1669e-10 0 1.48074e-10 0 1.76629e-10 0 2.03391e-10 0 2.28335e-10 0 2.51817e-10 0 2.74041e-10 0 2.95373e-10 0 3.15596e-10 0 3.35498e-10 0 3.53971e-10 0 3.72406e-10 0 3.89698e-10 0 4.06822e-10 0 4.2319e-10 0 4.39299e-10 0 4.54545e-10 0 4.7003e-10 0 4.84577e-10 0 4.98731e-10 0 5.13066e-10 0 5.26973e-10 0 5.40429e-10 0 5.53412e-10 0 5.66528e-10 0 5.79144e-10 0 5.91239e-10 0 6.03441e-10 0 6.15748e-10 0 6.27505e-10 0 6.38694e-10 0 6.50632e-10 0 6.6132e-10 0 6.72755e-10 0 6.83591e-10 0 6.94498e-10 0 7.04787e-10 0 7.15138e-10 0
143.051 4.45482e-13 4.4548e-13 1.71453e-18 3.8487e-06 1.30088e-08 1.9925e-11 0 4.00986e-11 0 7.50295e-11 0 1.05088e-10 0 1.31889e-10 0 1.56056e-10 0 1.7855e-10 0 1.99404e-10 0 2.18946e-10 0 2.37372e-10 0 2.55e-10 0 2.71664e-10 0 2.88021e-10 0 3.03169e-10 0 3.18254e-10 0 3.32378e-10 0 3.46341e-10 0 3.59665e-10 0 3.72758e-10 0 3.85134e-10 0 3.97687e-10 0 4.09467e-10 0 4.20914e-10 0 4.32496e-10 0 4.4372e-10 0 4.5457e-10 0 4.65029e-10 0 4.75587e-10 0 4.85732e-10 0 4.95452e-10 0 5.05251e-10 0 5.15127e-10 0 5.24554e-10 0 5.33521e-10 0 5.43081e-10 0 5.51635e-10 0 5.60781e-10 0 5.69444e-10 0 5.78158e-10 0 5.86374e-10 0 5.94635e-10 0
150.394 4.08656e-13 4.08655e-13 1.40649e-18 3.44174e-06 -1.27557e-07 1.91822e-11 0 3.73339e-11 0 6.78232e-11 0 9.3521e-11 0 1.16156e-10 0 1.36395e-10 0 1.55114e-10 0 1.72379e-10 0 1.88492e-10 0 2.0363e-10 0 2.18068e-10 0 2.31681e-10 0 2.45011e-10 0 2.57329e-10 0 2.69572e-10 0 2.81015e-10 0 2.92309e-10 0 3.03072e-10 0 3.13633e-10 0 3.23602e-10 0 3.33703e-10 0 3.4317e-10 0 3.5236e-10 0 3.6165e-10 0 3.70644e-10 0 3.79331e-10 0 3.87697e-10 0 3.96136e-10 0 4.04239e-10 0 4.11997e-10 0 4.19812e-10 0 4.27683e-10 0 4.35192e-10 0 4.4233e-10 0 4.49936e-10 0 4.56737e-10 0 4.64006e-10 0 4.70886e-10 0 4.77803e-10 0 4.84323e-10 0 4.90874e-10 0
158.114 3.74464e-13 3.74463e-13 1.15368e-18 3.08088e-06 -2.26762e-07 1.81845e-11 0 3.42883e-11 0 6.05747e-11 0 8.2302e-11 0 1.01223e-10 0 1.18008e-10 0 1.3344e-10 0 1.47606e-10 0 1.60775e-10 0 1.73107e-10 0 1.84837e-10 0 1.95867e-10 0 2.06645e-10 0 2.16585e-10 0 2.26447e-10 0 2.35649e-10 0 2.44718e-10 0 2.53348e-10 0 2.61806e-10 0 2.69781e-10 0 2.77852e-10 0 2.85408e-10 0 2.92737e-10 0 3.00139e-10 0 3.07298e-10 0 3.14207e-10 0 3.20857e-10 0 3.27558e-10 0 3.33989e-10 0 3.40142e-10 0 3.46336e-10 0 3.52571e-10 0 3.58515e-10 0 3.64162e-10 0 3.70176e-10 0 3.75551e-10 0 3.81293e-10 0 3.86725e-10 0 3.92184e-10 0 3.97327e-10 0 4.02493e-10 0
166.23 3.42767e-13 3.42766e-13 9.46155e-19 2.76034e-06 -3.29291e-07 1.69881e-11 0 3.1086e-11 0 5.34869e-11 0 7.16668e-11 0 8.73303e-11 0 1.01124e-10 0 1.13736e-10 0 1.25262e-10 0 1.35938e-10 0 1.45905e-10 0 1.5536e-10 0 1.64232e-10 0 1.72882e-10 0 1.80845e-10 0 1.88733e-10 0 1.96082e-10 0 2.03315e-10 0 2.10188e-10 0 2.16917e-10 0 2.23255e-10 0 2.29662e-10 0 2.35656e-10 0 2.41463e-10 0 2.47323e-10 0 2.52988e-10 0 2.58449e-10 0 2.63702e-10 0 2.68993e-10 0 2.74066e-10 0 2.78917e-10 0 2.83797e-10 0 2.88708e-10 0 2.93386e-10 0 2.97829e-10 0 3.02557e-10 0 3.06782e-10 0 3.11292e-10 0 3.15557e-10 0 3.19842e-10 0 3.23876e-10 0 3.27928e-10 0
174.763 3.13437e-13 3.13437e-13 7.75777e-19 2.47506e-06 -4.22877e-07 1.56519e-11 0 2.78398e-11 0 4.67226e-11 0 6.17865e-11 0 7.46367e-11 0 8.58756e-11 0 9.60988e-11 0 1.05404e-10 0 1.13994e-10 0 1.21991e-10 0 1.29558e-10 0 1.36643e-10 0 1.43539e-10 0 1.49876e-10 0 1.56143e-10 0 1.61975e-10 0 1.67706e-10 0 1.73147e-10 0 1.78468e-10 0 1.83474e-10 0 1.8853e-10 0 1.93255e-10 0 1.97831e-10 0 2.02444e-10 0 2.069e-10 0 2.11193e-10 0 2.15319e-10 0 2.19472e-10 0 2.23453e-10 0 2.27257e-10 0 2.31082e-10 0 2.34928e-10 0 2.38591e-10 0 2.42067e-10 0 2.45766e-10 0 2.49069e-10 0 2.52594e-10 0 2.55926e-10 0 2.59271e-10 0 2.6242e-10 0 2.65581e-10 0
183.733 2.86348e-13 2.86347e-13 6.35972e-19 2.22097e-06 -4.92039e-07 1.4233e-11 0 2.46463e-11 0 4.04017e-11 0 5.27707e-11 0 6.32246e-11 0 7.23095e-11 0 8.05341e-11 0 8.79916e-11 0 9.48547e-11 0 1.01227e-10 0 1.07244e-10 0 1.12866e-10 0 1.18328e-10 0 1.2334e-10 0 1.2829e-10 0 1.3289e-10 0 1.37405e-10 0 1.41687e-10 0 1.4587e-10 0 1.49802e-10 0 1.5377e-10 0 1.57476e-10 0 1.61061e-10 0 1.64673e-10 0 1.68159e-10 0 1.71517e-10 0 1.74741e-10 0 1.77985e-10 0 1.81093e-10 0 1.8406e-10 0 1.87043e-10 0 1.90041e-10 0 1.92895e-10 0 1.95602e-10 0 1.98481e-10 0 2.01051e-10 0 2.03793e-10 0 2.06383e-10 0 2.08984e-10 0 2.1143e-10 0 2.13885e-10 0
193.164 2.61386e-13 2.61385e-13 5.21311e-19 1.99441e-06 -5.39364e-07 1.27842e-11 0 2.15838e-11 0 3.46058e-11 0 4.46768e-11 0 5.31154e-11 0 6.04057e-11 0 6.69765e-11 0 7.29135e-11 0 7.83617e-11 0 8.34081e-11 0 8.81631e-11 0 9.2598e-11 0 9.68997e-11 0 1.00841e-10 0 1.04729e-10 0 1.08337e-10 0 1.11876e-10 0 1.15228e-10 0 1.18499e-10 0 1.21572e-10 0 1.24671e-10 0 1.27562e-10 0 1.30357e-10 0 1.33172e-10 0 1.35887e-10 0 1.385e-10 0 1.41008e-10 0 1.4353e-10 0 1.45944e-10 0 1.48249e-10 0 1.50565e-10 0 1.52891e-10 0 1.55104e-10 0 1.57203e-10 0 1.59435e-10 0 1.61426e-10 0 1.63549e-10 0 1.65555e-10 0 1.67567e-10 0 1.6946e-10 0 1.71359e-10 0
203.079 2.38435e-13 2.38435e-13 4.27338e-19 1.79226e-06 -5.85724e-07 1.13508e-11 0 1.87112e-11 0 2.938e-11 0 3.75166e-11 0 4.428e-11 0 5.00912e-11 0 5.53073e-11 0 6.00052e-11 0 6.43047e-11 0 6.82784e-11 0 7.20154e-11 0 7.5495e-11 0 7.88651e-11 0 8.19489e-11 0 8.49869e-11 0 8.78035e-11 0 9.0563e-11 0 9.31746e-11 0 9.57214e-11 0 9.81116e-11 0 1.0052e-10 0 1.02766e-10 0 1.04936e-10 0 1.07119e-10 0 1.09224e-10 0 1.11249e-10 0 1.13192e-10 0 1.15144e-10 0 1.17012e-10 0 1.18795e-10 0 1.20585e-10 0 1.22383e-10 0 1.24093e-10 0 1.25714e-10 0 1.27437e-10 0 1.28973e-10 0 1.30611e-10 0 1.32158e-10 0 1.33709e-10 0 1.35168e-10 0 1.36631e-10 0
213.503 2.17317e-13 2.17317e-13 3.50183e-19 1.61139e-06 -6.05336e-07 9.96682e-12 0 1.60635e-11 0 2.47314e-11 0 3.12568e-11 0 3.66407e-11 0 4.12433e-11 0 4.5359e-11 0 4.90546e-11 0 5.24287e-11 0 5.55407e-11 0 5.8462e-11 0 6.11781e-11 0 6.3805e-11 0 6.62058e-11 0 6.85684e-11 0 7.07566e-11 0 7.28985e-11 0 7.49239e-11 0 7.68975e-11 0 7.87484e-11 0 8.06122e-11 0 8.23491e-11 0 8.40263e-11 0 8.57131e-11 0 8.73383e-11 0 8.89008e-11 0 9.03993e-11 0 9.19046e-11 0 9.33444e-11 0 9.47178e-11 0 9.60965e-11 0 9.74804e-11 0 9.87962e-11 0 1.00043e-10 0 1.01368e-10 0 1.02549e-10 0 1.03808e-10 0 1.04996e-10 0 1.06188e-10 0 1.07308e-10 0 1.08431e-10 0
224.463 1.97962e-13 1.97962e-13 2.86993e-19 1.44974e-06 -6.38683e-07 8.66251e-12 0 1.36679e-11 0 2.06572e-11 0 2.58559e-11 0 3.01158e-11 0 3.37405e-11 0 3.69705e-11 0 3.98628e-11 0 4.24976e-11 0 4.4923e-11 0 4.71962e-11 0 4.93067e-11 0 5.13453e-11 0 5.32064e-11 0 5.5036e-11 0 5.6729e-11 0 5.83847e-11 0 5.99493e-11 0 6.14727e-11 0 6.29006e-11 0 6.43374e-11 0 6.56756e-11 0 6.69672e-11 0 6.82654e-11 0 6.95158e-11 0 7.07172e-11 0 7.1869e-11 0 7.30256e-11 0 7.41314e-11 0 7.51858e-11 0 7.62438e-11 0 7.73056e-11 0 7.83148e-11 0 7.92708e-11 0 8.02862e-11 0 8.11913e-11 0 8.21556e-11 0 8.30657e-11 0 8.39782e-11 0 8.48357e-11 0 8.56952e-11 0
235.984 1.8021e-13 1.8021e-13 2.35147e-19 1.30485e-06 -6.56459e-07 7.45539e-12 0 1.15302e-11 0 1.71258e-11 0 2.12415e-11 0 2.45927e-11 0 2.74319e-11 0 2.99538e-11 0 3.22064e-11 0 3.4254e-11 0 3.61358e-11 0 3.78969e-11 0 3.95297e-11 0 4.11051e-11 0 4.25418e-11 0 4.39529e-11 0 4.52576e-11 0 4.65326e-11 0 4.77365e-11 0 4.8908e-11 0 5.00054e-11 0 5.1109e-11 0 5.21363e-11 0 5.31274e-11 0 5.41231e-11 0 5.50817e-11 0 5.60023e-11 0 5.68846e-11 0 5.77702e-11 0 5.86167e-11 0 5.94235e-11 0 6.02329e-11 0 6.10448e-11 0 6.18163e-11 0 6.2547e-11 0 6.33228e-11 0 6.40141e-11 0 6.47506e-11 0 6.54454e-11 0 6.61419e-11 0 6.67963e-11 0 6.74521e-11 0
248.097 1.63962e-13 1.63962e-13 1.92652e-19 1.17498e-06 -6.80426e-07 6.3581e-12 0 9.64969e-12 0 1.41002e-11 0 1.734e-11 0 1.99625e-11 0 2.21756e-11 0 2.41356e-11 0 2.58821e-11 0 2.74668e-11 0 2.89207e-11 0 3.02795e-11 0 3.15379e-11 0 3.27508e-11 0 3.38558e-11 0 3.49403e-11 0 3.59421e-11 0 3.69205e-11 0 3.78437e-11 0 3.87416e-11 0 3.95821e-11 0 4.0427e-11 0 4.12132e-11 0 4.19712e-11 0 4.27325e-11 0 4.34651e-11 0 4.41685e-11 0 4.48422e-11 0 4.55183e-11 0 4.61643e-11 0 4.67799e-11 0 4.73972e-11 0 4.80163e-11 0 4.86044e-11 0 4.91613e-11 0 4.97524e-11 0 5.0279e-11 0 5.08399e-11 0 5.13689e-11 0 5.18991e-11 0 5.23971e-11 0 5.28961e-11 0
260.832 1.49097e-13 1.49097e-13 1.57816e-19 1.05848e-06 -6.75331e-07 5.37557e-12 0 8.01526e-12 0 1.15334e-11 0 1.40701e-11 0 1.61124e-11 0 1.78296e-11 0 1.93463e-11 0 2.06949e-11 0 2.19164e-11 0 2.30355e-11 0 2.40801e-11 0 2.50464e-11 0 2.59768e-11 0 2.68238e-11 0 2.76544e-11 0 2.84212e-11 0 2.91695e-11 0 2.98753e-11 0 3.05612e-11 0 3.12031e-11 0 3.1848e-11 0 3.24477e-11 0 3.30258e-11 0 3.36062e-11 0 3.41644e-11 0 3.47002e-11 0 3.52133e-11 0 3.5728e-11 0 3.62196e-11 0 3.6688e-11 0 3.71576e-11 0 3.76283e-11 0 3.80755e-11 0 3.84987e-11 0 3.89479e-11 0 3.9348e-11 0 3.9774e-11 0 4.01758e-11 0 4.05783e-11 0 4.09564e-11 0 4.13352e-11 0
274.221 1.35521e-13 1.35521e-13 1.29283e-19 9.53964e-07 -6.79421e-07 4.50839e-12 0 6.61122e-12 0 9.37684e-12 0 1.13534e-11 0 1.29369e-11 0 1.42639e-11 0 1.54329e-11 0 1.64704e-11 0 1.74087e-11 0 1.82671e-11 0 1.90674e-11 0 1.9807e-11 0 2.05186e-11 0 2.11658e-11 0 2.18e-11 0 2.23851e-11 0 2.29558e-11 0 2.34938e-11 0 2.40164e-11 0 2.45052e-11 0 2.49961e-11 0 2.54524e-11 0 2.58921e-11 0 2.63334e-11 0 2.67576e-11 0 2.71648e-11 0 2.75545e-11 0 2.79454e-11 0 2.83186e-11 0 2.86741e-11 0 2.90304e-11 0 2.93876e-11 0 2.97267e-11 0 3.00476e-11 0 3.03882e-11 0 3.06915e-11 0 3.10143e-11 0 3.13187e-11 0 3.16237e-11 0 3.19101e-11 0 3.21969e-11 0
288.297 1.23134e-13 1.23134e-13 1.05905e-19 8.60084e-07 -6.73336e-07 3.75262e-12 0 5.4175e-12 0 7.58042e-12 0 9.1137e-12 0 1.03365e-11 0 1.13581e-11 0 1.2256e-11 0 1.30515e-11 0 1.37698e-11 0 1.44262e-11 0 1.50375e-11 0 1.56019e-11 0 1.61445e-11 0 1.66377e-11 0 1.71206e-11 0 1.75659e-11 0 1.8e-11 0 1.8409e-11 0 1.88062e-11 0 1.91774e-11 0 1.95502e-11 0 1.98965e-11 0 2.02302e-11 0 2.05649e-11 0 2.08866e-11 0 2.11952e-11 0 2.14906e-11 0 2.17868e-11 0 2.20695e-11 0 2.23387e-11 0 2.26085e-11 0 2.28788e-11 0 2.31355e-11 0 2.33783e-11 0 2.3636e-11 0 2.38654e-11 0 2.41095e-11 0 2.43397e-11 0 2.45703e-11 0 2.47867e-11 0 2.50035e-11 0
303.095 1.11831e-13 1.1183e-13 8.67388e-20 7.75627e-07 -6.48052e-07 3.10122e-12 0 4.41179e-12 0 6.09524e-12 0 7.27974e-12 0 8.22046e-12 0 9.00413e-12 0 9.69154e-12 0 1.02995e-11 0 1.08477e-11 0 1.13482e-11 0 1.18138e-11 0 1.22434e-11 0 1.2656e-11 0 1.30308e-11 0 1.33976e-11 0 1.37356e-11 0 1.4065e-11 0 1.43752e-11 0 1.46762e-11 0 1.49576e-11 0 1.52399e-11 0 1.55023e-11 0 1.57548e-11 0 1.60081e-11 0 1.62516e-11 0 1.6485e-11 0 1.67084e-11 0 1.69323e-11 0 1.7146e-11 0 1.73494e-11 0 1.75533e-11 0 1.77575e-11 0 1.79514e-11 0 1.81347e-11 0 1.83293e-11 0 1.85024e-11 0 1.86867e-11 0 1.88604e-11 0 1.90344e-11 0 1.91977e-11 0 1.93612e-11 0
318.653 1.0153e-13 1.0153e-13 7.10375e-20 6.99671e-07 -6.70421e-07 2.54584e-12 0 3.57208e-12 0 4.87663e-12 0 5.78826e-12 0 6.50948e-12 0 7.10876e-12 0 7.63342e-12 0 8.09674e-12 0 8.51404e-12 0 8.89457e-12 0 9.24832e-12 0 9.57442e-12 0 9.88744e-12 0 1.01716e-11 0 1.04496e-11 0 1.07056e-11 0 1.0955e-11 0 1.11897e-11 0 1.14174e-11 0 1.16302e-11 0 1.18436e-11 0 1.20419e-11 0 1.22327e-11 0 1.2424e-11 0 1.26079e-11 0 1.27841e-11 0 1.29527e-11 0 1.31216e-11 0 1.32829e-11 0 1.34363e-11 0 1.35901e-11 0 1.37441e-11 0 1.38902e-11 0 1.40285e-11 0 1.4175e-11 0 1.43055e-11 0 1.44444e-11 0 1.45753e-11 0 1.47063e-11 0 1.48293e-11 0 1.49524e-11 0
335.009 9.21527e-14 9.21526e-14 5.81837e-20 6.31384e-07 -6.18088e-07 2.07695e-12 0 2.87669e-12 0 3.88362e-12 0 4.58284e-12 0 5.13409e-12 0 5.59105e-12 0 5.99041e-12 0 6.3426e-12 0 6.65945e-12 0 6.94812e-12 0 7.21625e-12 0 7.46326e-12 0 7.70022e-12 0 7.91521e-12 0 8.1254e-12 0 8.31893e-12 0 8.50734e-12 0 8.68463e-12 0 8.85658e-12 0 9.01717e-12 0 9.17823e-12 0 9.32777e-12 0 9.47168e-12 0 9.61594e-12 0 9.7545e-12 0 9.88732e-12 0 1.00144e-11 0 1.01416e-11 0 1.02631e-11 0 1.03786e-11 0 1.04944e-11 0 1.06103e-11 0 1.07203e-11 0 1.08244e-11 0 1.09347e-11 0 1.10329e-11 0 1.11373e-11 0 1.12357e-11 0 1.13343e-11 0 1.14268e-11 0 1.15194e-11 0
352.205 8.36152e-14 8.36152e-14 4.76523e-20 5.69899e-07 -6.16815e-07 1.68446e-12 0 2.3049e-12 0 3.07923e-12 0 3.61383e-12 0 4.03395e-12 0 4.38146e-12 0 4.68468e-12 0 4.95175e-12 0 5.19178e-12 0 5.41027e-12 0 5.61308e-12 0 5.79978e-12 0 5.97879e-12 0 6.14113e-12 0 6.29977e-12 0 6.44577e-12 0 6.58786e-12 0 6.72152e-12 0 6.85111e-12 0 6.97211e-12 0 7.09343e-12 0 7.20603e-12 0 7.31438e-12 0 7.42297e-12 0 7.52724e-12 0 7.62718e-12 0 7.72274e-12 0 7.81847e-12 0 7.9098e-12 0 7.99668e-12 0 8.0837e-12 0 8.17085e-12 0 8.25352e-12 0 8.3317e-12 0 8.41458e-12 0 8.48834e-12 0 8.5668e-12 0 8.64073e-12 0 8.71475e-12 0 8.7842e-12 0 8.85373e-12 0
370.284 7.58461e-14 7.5846e-14 3.90252e-20 5.14532e-07 -5.93318e-07 1.35859e-12 0 1.83794e-12 0 2.43138e-12 0 2.83893e-12 0 3.15826e-12 0 3.42188e-12 0 3.65158e-12 0 3.85365e-12 0 4.0351e-12 0 4.20014e-12 0 4.35323e-12 0 4.49408e-12 0 4.62906e-12 0 4.75141e-12 0 4.87093e-12 0 4.98089e-12 0 5.08786e-12 0 5.18845e-12 0 5.28596e-12 0 5.37698e-12 0 5.46821e-12 0 5.55288e-12 0 5.63432e-12 0 5.71593e-12 0 5.79428e-12 0 5.86936e-12 0 5.94114e-12 0 6.01304e-12 0 6.08161e-12 0 6.14685e-12 0 6.21217e-12 0 6.27758e-12 0 6.33963e-12 0 6.39829e-12 0 6.46048e-12 0 6.51582e-12 0 6.57468e-12 0 6.63013e-12 0 6.68564e-12 0 6.73773e-12 0 6.78986e-12 0
389.291 6.87876e-14 6.87876e-14 3.19596e-20 4.64612e-07 -5.89899e-07 1.09022e-12 0 1.4592e-12 0 1.91263e-12 0 2.22253e-12 0 2.4647e-12 0 2.66426e-12 0 2.83791e-12 0 2.99052e-12 0 3.12743e-12 0 3.25188e-12 0 3.36724e-12 0 3.47333e-12 0 3.57495e-12 0 3.66702e-12 0 3.75693e-12 0 3.83962e-12 0 3.92004e-12 0 3.99564e-12 0 4.0689e-12 0 4.13727e-12 0 4.20579e-12 0 4.26936e-12 0 4.33051e-12 0 4.39176e-12 0 4.45056e-12 0 4.50689e-12 0 4.56074e-12 0 4.61467e-12 0 4.6661e-12 0 4.71502e-12 0 4.764e-12 0 4.81304e-12 0 4.85955e-12 0 4.90352e-12 0 4.95013e-12 0 4.9916e-12 0 5.03571e-12 0 5.07725e-12 0 5.11884e-12 0 5.15786e-12 0 5.19691e-12 0
409.273 6.23679e-14 6.23679e-14 2.61705e-20 4.19615e-07 -5.61303e-07 8.7058e-13 0 1.15361e-12 0 1.49906e-12 0 1.73412e-12 0 1.91736e-12 0 2.06811e-12 0 2.19913e-12 0 2.31417e-12 0 2.41729e-12 0 2.51097e-12 0 2.59776e-12 0 2.67753e-12 0 2.75391e-12 0 2.82309e-12 0 2.89062e-12 0 2.95271e-12 0 3.01308e-12 0 3.06982e-12 0 3.12479e-12 0 3.17607e-12 0 3.22746e-12 0 3.27513e-12 0 3.32097e-12 0 3.36688e-12 0 3.41095e-12 0 3.45317e-12 0 3.49351e-12 0 3.53392e-12 0 3.57244e-12 0 3.60908e-12 0 3.64576e-12 0 3.68248e-12 0 3.7173e-12 0 3.75022e-12 0 3.78511e-12 0 3.81615e-12 0 3.84916e-12 0 3.88026e-12 0 3.91137e-12 0 3.94057e-12 0 3.96979e-12 0
430.281 5.65376e-14 5.65376e-14 2.14302e-20 3.79043e-07 -5.00672e-07 6.92074e-13 0 9.08493e-13 0 1.17102e-12 0 1.34892e-12 0 1.4873e-12 0 1.60098e-12 0 1.69966e-12 0 1.78624e-12 0 1.86379e-12 0 1.9342e-12 0 1.9994e-12 0 2.0593e-12 0 2.11664e-12 0 2.16855e-12 0 2.2192e-12 0 2.26577e-12 0 2.31103e-12 0 2.35355e-12 0 2.39475e-12 0 2.43318e-12 0 2.47167e-12 0 2.50738e-12 0 2.54171e-12 0 2.57608e-12 0 2.60908e-12 0 2.64067e-12 0 2.67087e-12 0 2.70111e-12 0 2.72994e-12 0 2.75735e-12 0 2.78479e-12 0 2.81226e-12 0 2.83831e-12 0 2.86293e-12 0 2.88902e-12 0 2.91223e-12 0 2.93691e-12 0 2.96016e-12 0 2.98342e-12 0 3.00525e-12 0 3.02709e-12 0
452.368 5.12409e-14 5.12409e-14 1.7547e-20 3.4244e-07 -5.08152e-07 5.47821e-13 0 7.12821e-13 0 9.11842e-13 0 1.04622e-12 0 1.15053e-12 0 1.2361e-12 0 1.31031e-12 0 1.37536e-12 0 1.4336e-12 0 1.48645e-12 0 1.53536e-12 0 1.58029e-12 0 1.62326e-12 0 1.66217e-12 0 1.70012e-12 0 1.735e-12 0 1.76889e-12 0 1.80073e-12 0 1.83157e-12 0 1.86033e-12 0 1.88913e-12 0 1.91584e-12 0 1.94152e-12 0 1.96724e-12 0 1.99191e-12 0 2.01554e-12 0 2.03812e-12 0 2.06072e-12 0 2.08227e-12 0 2.10276e-12 0 2.12327e-12 0 2.1438e-12 0 2.16326e-12 0 2.18166e-12 0 2.20115e-12 0 2.21849e-12 0 2.23693e-12 0 2.2543e-12 0 2.27167e-12 0 2.28797e-12 0 2.30428e-12 0
475.588 4.64353e-14 4.64353e-14 1.43678e-20 3.09416e-07 -5.00825e-07 4.31942e-13 0 5.57416e-13 0 7.0798e-13 0 8.09298e-13 0 8.878e-13 0 9.5212e-13 0 1.00785e-12 0 1.05667e-12 0 1.10035e-12 0 1.13997e-12 0 1.17662e-12 0 1.21027e-12 0 1.24246e-12 0 1.27158e-12 0 1.29998e-12 0 1.32608e-12 0 1.35144e-12 0 1.37525e-12 0 1.39831e-12 0 1.41982e-12 0 1.44135e-12 0 1.46132e-12 0 1.48051e-12 0 1.49973e-12 0 1.51817e-12 0 1.53582e-12 0 1.55269e-12 0 1.56957e-12 0 1.58567e-12 0 1.60097e-12 0 1.61629e-12 0 1.63161e-12 0 1.64615e-12 0 1.65988e-12 0 1.67444e-12 0 1.68738e-12 0 1.70114e-12 0 1.7141e-12 0 1.72707e-12 0 1.73924e-12 0 1.75141e-12 0
500 4.2072e-14 4.2072e-14 1.17635e-20 2.79604e-07 -4.52101e-07 3.39296e-13 0 4.34477e-13 0 5.48153e-13 0 6.24415e-13 0 6.83404e-13 0 7.31682e-13 0 7.7348e-13 0 8.10069e-13 0 8.4279e-13 0 8.72451e-13 0 8.99886e-13 0 9.25064e-13 0 9.49139e-13 0 9.70918e-13 0 9.92156e-13 0 1.01166e-12 0 1.03061e-12 0 1.04841e-12 0 1.06564e-12 0 1.0817e-12 0 1.09779e-12 0 1.1127e-12 0 1.12703e-12 0 1.14138e-12 0 1.15514e-12 0 1.16832e-12 0 1.18091e-12 0 1.19351e-12 0 1.20552e-12 0 1.21694e-12 0 1.22837e-12 0 1.23981e-12 0 1.25065e-12 0 1.2609e-12 0 1.27175e-12 0 1.28141e-12 0 1.29167e-12 0 1.30134e-12 0 1.31101e-12 0 1.32008e-12 0 1.32916e-12 0
525.665 3.81157e-14 3.81157e-14 9.63196e-21 2.52703e-07 -5.0172e-07 2.65611e-13 0 3.37658e-13 0 4.23337e-13 0 4.80656e-13 0 5.24924e-13 0 5.61118e-13 0 5.9243e-13 0 6.19823e-13 0 6.4431e-13 0 6.66497e-13 0 6.87012e-13 0 7.05835e-13 0 7.23827e-13 0 7.40101e-13 0 7.55966e-13 0 7.70536e-13 0 7.84687e-13 0 7.97974e-13 0 8.10836e-13 0 8.22827e-13 0 8.34832e-13 0 8.4596e-13 0 8.56654e-13 0 8.67358e-13 0 8.77627e-13 0 8.87457e-13 0 8.96849e-13 0 9.06247e-13 0 9.15205e-13 0 9.23721e-13 0 9.32243e-13 0 9.4077e-13 0 9.48854e-13 0 9.56492e-13 0 9.64585e-13 0 9.71783e-13 0 9.79434e-13 0 9.86639e-13 0 9.93848e-13 0 1.00061e-12 0 1.00737e-12 0
552.648 3.45256e-14 3.45256e-14 7.88591e-21 2.28407e-07 -4.27581e-07 2.07242e-13 0 2.61667e-13 0 3.26135e-13 0 3.69156e-13 0 4.02335e-13 0 4.29437e-13 0 4.52867e-13 0 4.73355e-13 0 4.9166e-13 0 5.08241e-13 0 5.23567e-13 0 5.37625e-13 0 5.51059e-13 0 5.63208e-13 0 5.7505e-13 0 5.85923e-13 0 5.96482e-13 0 6.06394e-13 0 6.15989e-13 0 6.24932e-13 0 6.33885e-13 0 6.42183e-13 0 6.50157e-13 0 6.58138e-13 0 6.65793e-13 0 6.7312e-13 0 6.8012e-13 0 6.87125e-13 0 6.93801e-13 0 7.00147e-13 0 7.06497e-13 0 7.12851e-13 0 7.18874e-13 0 7.24565e-13 0 7.30594e-13 0 7.35956e-13 0 7.41656e-13 0 7.47023e-13 0 7.52392e-13 0 7.57428e-13 0 7.62466e-13 0
581.015 3.12701e-14 3.12701e-14 6.45601e-21 2.0646e-07 -3.88278e-07 1.61207e-13 0 2.02244e-13 0 2.50681e-13 0 2.8293e-13 0 3.07769e-13 0 3.28042e-13 0 3.45558e-13 0 3.60866e-13 0 3.74538e-13 0 3.86919e-13 0 3.98359e-13 0 4.0885e-13 0 4.18874e-13 0 4.27936e-13 0 4.36768e-13 0 4.44876e-13 0 4.5275e-13 0 4.6014e-13 0 4.67292e-13 0 4.73958e-13 0 4.8063e-13 0 4.86814e-13 0 4.92755e-13 0 4.98702e-13 0 5.04405e-13 0 5.09864e-13 0 5.15078e-13 0 5.20296e-13 0 5.25268e-13 0 5.29994e-13 0 5.34723e-13 0 5.39455e-13 0 5.4394e-13 0 5.48177e-13 0 5.52666e-13 0 5.56658e-13 0 5.60902e-13 0 5.64897e-13 0 5.68894e-13 0 5.72643e-13 0 5.76393e-13 0
610.839 2.83192e-14 2.83192e-14 5.28556e-21 1.86643e-07 -3.48085e-07 1.25041e-13 0 1.55933e-13 0 1.92278e-13 0 2.16424e-13 0 2.35002e-13 0 2.50153e-13 0 2.63235e-13 0 2.74664e-13 0 2.84868e-13 0 2.94105e-13 0 3.02638e-13 0 3.10462e-13 0 3.17936e-13 0 3.24691e-13 0 3.31274e-13 0 3.37317e-13 0 3.43184e-13 0 3.4869e-13 0 3.54018e-13 0 3.58983e-13 0 3.63953e-13 0 3.68559e-13 0 3.72984e-13 0 3.77412e-13 0 3.81658e-13 0 3.85723e-13 0 3.89605e-13 0 3.93489e-13 0 3.97191e-13 0 4.00709e-13 0 4.04229e-13 0 4.07751e-13 0 4.11088e-13 0 4.14242e-13 0 4.17583e-13 0 4.20554e-13 0 4.23712e-13 0 4.26685e-13 0 4.29659e-13 0 4.32448e-13 0 4.35238e-13 0
642.193 2.56439e-14 2.56438e-14 4.32721e-21 1.68743e-07 -3.77441e-07 9.67279e-14 0 1.19947e-13 0 1.47184e-13 0 1.65245e-13 0 1.79126e-13 0 1.90439e-13 0 2.00203e-13 0 2.08729e-13 0 2.16339e-13 0 2.23225e-13 0 2.29586e-13 0 2.35417e-13 0 2.40985e-13 0 2.46018e-13 0 2.50922e-13 0 2.55422e-13 0 2.59791e-13 0 2.63891e-13 0 2.67859e-13 0 2.71555e-13 0 2.75255e-13 0 2.78683e-13 0 2.81977e-13 0 2.85272e-13 0 2.88433e-13 0 2.91457e-13 0 2.94346e-13 0 2.97236e-13 0 2.9999e-13 0 3.02608e-13 0 3.05227e-13 0 3.07847e-13 0 3.1033e-13 0 3.12676e-13 0 3.15161e-13 0 3.17371e-13 0 3.19719e-13 0 3.2193e-13 0 3.24142e-13 0 3.26217e-13 0 3.28292e-13 0
675.157 2.32202e-14 2.32202e-14 3.54255e-21 1.52563e-07 -3.25834e-07 7.46404e-14 0 9.20689e-14 0 1.12459e-13 0 1.25956e-13 0 1.3632e-13 0 1.44761e-13 0 1.52042e-13 0 1.58399e-13 0 1.6407e-13 0 1.69201e-13 0 1.7394e-13 0 1.78283e-13 0 1.8243e-13 0 1.86177e-13 0 1.89828e-13 0 1.93178e-13 0 1.9643e-13 0 1.99482e-13 0 2.02434e-13 0 2.05185e-13 0 2.07938e-13 0 2.10489e-13 0 2.12939e-13 0 2.15391e-13 0 2.17742e-13 0 2.19992e-13 0 2.2214e-13 0 2.2429e-13 0 2.26338e-13 0 2.28285e-13 0 2.30232e-13 0 2.32181e-13 0 2.34027e-13 0 2.35772e-13 0 2.37619e-13 0 2.39262e-13 0 2.41009e-13 0 2.42653e-13 0 2.44297e-13 0 2.45839e-13 0 2.47382e-13 0
709.813 2.10227e-14 2.10227e-14 2.90004e-21 1.37948e-07 -1.62157e-07 5.74575e-14 0 7.05224e-14 0 8.577e-14 0 9.58474e-14 0 1.03579e-13 0 1.09872e-13 0 1.15299e-13 0 1.20034e-13 0 1.24258e-13 0 1.28079e-13 0 1.31607e-13 0 1.3484e-13 0 1.37926e-13 0 1.40715e-13 0 1.43432e-13 0 1.45924e-13 0 1.48344e-13 0 1.50614e-13 0 1.5281e-13 0 1.54856e-13 0 1.56903e-13 0 1.588e-13 0 1.60622e-13 0 1.62445e-13 0 1.64193e-13 0 1.65866e-13 0 1.67463e-13 0 1.69061e-13 0 1.70584e-13 0 1.72031e-13 0 1.73479e-13 0 1.74927e-13 0 1.76299e-13 0 1.77596e-13 0 1.78969e-13 0 1.8019e-13 0 1.81488e-13 0 1.8271e-13 0 1.83932e-13 0 1.85078e-13 0 1.86224e-13 0
746.248 1.90328e-14 1.90328e-14 2.37413e-21 1.24739e-07 -2.52075e-07 4.41349e-14 0 5.39181e-14 0 6.53106e-14 0 7.28293e-14 0 7.85931e-14 0 8.32824e-14 0 8.73244e-14 0 9.08505e-14 0 9.39952e-14 0 9.68392e-14 0 9.94644e-14 0 1.0187e-13 0 1.04166e-13 0 1.0624e-13 0 1.08261e-13 0 1.10115e-13 0 1.11914e-13 0 1.13602e-13 0 1.15235e-13 0 1.16756e-13 0 1.18278e-13 0 1.19688e-13 0 1.21043e-13 0 1.22398e-13 0 1.23697e-13 0 1.2494e-13 0 1.26128e-13 0 1.27315e-13 0 1.28447e-13 0 1.29522e-13 0 1.30598e-13 0 1.31674e-13 0 1.32694e-13 0 1.33657e-13 0 1.34678e-13 0 1.35585e-13 0 1.36549e-13 0 1.37457e-13 0 1.38365e-13 0 1.39216e-13 0 1.40068e-13 0
784.553 1.72296e-14 1.72296e-14 1.94352e-21 1.12801e-07 -2.33451e-07 3.38299e-14 0 4.11479e-14 0 4.96524e-14 0 5.5258e-14 0 5.95522e-14 0 6.30441e-14 0 6.60531e-14 0 6.86772e-14 0 7.1017e-14 0 7.31327e-14 0 7.50853e-14 0 7.68741e-14 0 7.85816e-14 0 8.01241e-14 0 8.16263e-14 0 8.30044e-14 0 8.43418e-14 0 8.55964e-14 0 8.681e-14 0 8.79405e-14 0 8.90717e-14 0 9.01195e-14 0 9.1126e-14 0 9.21329e-14 0 9.30982e-14 0 9.4022e-14 0 9.49041e-14 0 9.57865e-14 0 9.66271e-14 0 9.7426e-14 0 9.82252e-14 0 9.90245e-14 0 9.9782e-14 0 1.00498e-13 0 1.01256e-13 0 1.01929e-13 0 1.02646e-13 0 1.0332e-13 0 1.03994e-13 0 1.04626e-13 0 1.05259e-13 0
824.824 1.55968e-14 1.55968e-14 1.59095e-21 1.02005e-07 -3.13421e-07 2.58813e-14 0 3.13503e-14 0 3.76945e-14 0 4.18712e-14 0 4.50687e-14 0 4.76678e-14 0 4.99067e-14 0 5.18587e-14 0 5.35989e-14 0 5.51722e-14 0 5.6624e-14 0 5.79538e-14 0 5.92231e-14 0 6.03696e-14 0 6.1486e-14 0 6.25102e-14 0 6.35039e-14 0 6.44362e-14 0 6.53379e-14 0 6.61778e-14 0 6.70182e-14 0 6.77967e-14 0 6.85443e-14 0 6.92922e-14 0 7.00093e-14 0 7.06954e-14 0 7.13506e-14 0 7.2006e-14 0 7.26303e-14 0 7.32236e-14 0 7.38171e-14 0 7.44107e-14 0 7.49733e-14 0 7.55047e-14 0 7.60675e-14 0 7.65678e-14 0 7.70996e-14 0 7.76002e-14 0 7.81009e-14 0 7.85704e-14 0 7.90399e-14 0
867.163 1.4118e-14 1.4118e-14 1.30232e-21 9.22454e-08 -3.55983e-07 1.97641e-14 0 2.38477e-14 0 2.85771e-14 0 3.16873e-14 0 3.4067e-14 0 3.60006e-14 0 3.76657e-14 0 3.91172e-14 0 4.04109e-14 0 4.15803e-14 0 4.26594e-14 0 4.36476e-14 0 4.45908e-14 0 4.54426e-14 0 4.62721e-14 0 4.70329e-14 0 4.77712e-14 0 4.84636e-14 0 4.91334e-14 0 4.97572e-14 0 5.03814e-14 0 5.09595e-14 0 5.15147e-14 0 5.20702e-14 0 5.26027e-14 0 5.31121e-14 0 5.35986e-14 0 5.40852e-14 0 5.45488e-14 0 5.49893e-14 0 5.54299e-14 0 5.58707e-14 0 5.62883e-14 0 5.66828e-14 0 5.71006e-14 0 5.74721e-14 0 5.78668e-14 0 5.82384e-14 0 5.86101e-14 0 5.89586e-14 0 5.93071e-14 0
911.674 1.2778e-14 1.2778e-14 1.06611e-21 8.34334e-08 -2.95786e-07 1.50659e-14 0 1.81126e-14 0 2.16357e-14 0 2.39504e-14 0 2.57206e-14 0 2.71583e-14 0 2.83961e-14 0 2.9475e-14 0 3.04363e-14 0 3.13053e-14 0 3.21069e-14 0 3.2841e-14 0 3.35416e-14 0 3.41743e-14 0 3.47903e-14 0 3.53554e-14 0 3.59036e-14 0 3.64178e-14 0 3.69151e-14 0 3.73783e-14 0 3.78417e-14 0 3.82709e-14 0 3.86831e-14 0 3.90954e-14 0 3.94907e-14 0 3.98689e-14 0 4.023e-14 0 4.05912e-14 0 4.09353e-14 0 4.12623e-14 0 4.15893e-14 0 4.19164e-14 0 4.22264e-14 0 4.25192e-14 0 4.28293e-14 0 4.31049e-14 0 4.33979e-14 0 4.36737e-14 0 4.39495e-14 0 4.42081e-14 0 4.44668e-14 0
958.471 1.15656e-14 1.15656e-14 8.72684e-22 7.54549e-08 -1.54118e-07 1.1467e-14 0 1.37386e-14 0 1.63619e-14 0 1.80839e-14 0 1.94002e-14 0 2.04689e-14 0 2.13889e-14 0 2.21905e-14 0 2.29047e-14 0 2.35502e-14 0 2.41456e-14 0 2.46909e-14 0 2.52111e-14 0 2.5681e-14 0 2.61384e-14 0 2.65579e-14 0 2.69649e-14 0 2.73467e-14 0 2.77159e-14 0 2.80598e-14 0 2.84037e-14 0 2.87224e-14 0 2.90283e-14 0 2.93344e-14 0 2.96278e-14 0 2.99085e-14 0 3.01765e-14 0 3.04446e-14 0 3.06999e-14 0 3.09426e-14 0 3.11853e-14 0 3.1428e-14 0 3.16581e-14 0 3.18753e-14 0 3.21054e-14 0 3.231e-14 0 3.25274e-14 0 3.2732e-14 0 3.29367e-14 0 3.31286e-14 0 3.33205e-14 0
1007.67 1.04675e-14 1.04675e-14 7.14349e-22 6.82445e-08 -7.16995e-08 8.71418e-15 0 1.04068e-14 0 1.2359e-14 0 1.36395e-14 0 1.46178e-14 0 1.5412e-14 0 1.60954e-14 0 1.66908e-14 0 1.72213e-14 0 1.77006e-14 0 1.81428e-14 0 1.85476e-14 0 1.89338e-14 0 1.92826e-14 0 1.96222e-14 0 1.99336e-14 0 2.02357e-14 0 2.0519e-14 0 2.07931e-14 0 2.10483e-14 0 2.13035e-14 0 2.154e-14 0 2.1767e-14 0 2.19942e-14 0 2.22119e-14 0 2.24202e-14 0 2.2619e-14 0 2.28179e-14 0 2.30074e-14 0 2.31875e-14 0 2.33675e-14 0 2.35476e-14 0 2.37183e-14 0 2.38795e-14 0 2.40502e-14 0 2.4202e-14 0 2.43632e-14 0 2.4515e-14 0 2.46669e-14 0 2.48092e-14 0 2.49516e-14 0
1059.39 9.47342e-15 9.47342e-15 5.84778e-22 6.17283e-08 -1.80885e-07 6.61288e-15 0 7.87334e-15 0 9.3255e-15 0 1.02773e-14 0 1.10042e-14 0 1.15942e-14 0 1.21017e-14 0 1.25439e-14 0 1.29377e-14 0 1.32936e-14 0 1.36218e-14 0 1.39223e-14 0 1.4209e-14 0 1.44679e-14 0 1.47199e-14 0 1.4951e-14 0 1.51752e-14 0 1.53854e-14 0 1.55888e-14 0 1.57781e-14 0 1.59675e-14 0 1.6143e-14 0 1.63114e-14 0 1.648e-14 0 1.66415e-14 0 1.6796e-14 0 1.69435e-14 0 1.70911e-14 0 1.72317e-14 0 1.73652e-14 0 1.74988e-14 0 1.76324e-14 0 1.7759e-14 0 1.78786e-14 0 1.80052e-14 0 1.81178e-14 0 1.82374e-14 0 1.835e-14 0 1.84626e-14 0 1.85682e-14 0 1.86738e-14 0
1113.77 8.57273e-15 8.57273e-15 4.78581e-22 5.5826e-08 -2.71832e-07 5.01113e-15 0 5.9492e-15 0 7.02885e-15 0 7.73604e-15 0 8.27595e-15 0 8.714e-15 0 9.09083e-15 0 9.41904e-15 0 9.71138e-15 0 9.97549e-15 0 1.02191e-14 0 1.04421e-14 0 1.06548e-14 0 1.08469e-14 0 1.10338e-14 0 1.12053e-14 0 1.13716e-14 0 1.15276e-14 0 1.16785e-14 0 1.18189e-14 0 1.19594e-14 0 1.20896e-14 0 1.22145e-14 0 1.23395e-14 0 1.24593e-14 0 1.25739e-14 0 1.26834e-14 0 1.27928e-14 0 1.28971e-14 0 1.29961e-14 0 1.30952e-14 0 1.31943e-14 0 1.32882e-14 0 1.33768e-14 0 1.34707e-14 0 1.35542e-14 0 1.36429e-14 0 1.37264e-14 0 1.381e-14 0 1.38883e-14 0 1.39666e-14 0
1170.94 7.75777e-15 7.75777e-15 3.91736e-22 5.0496e-08 -3.43772e-07 3.79271e-15 0 4.49055e-15 0 5.29297e-15 0 5.81826e-15 0 6.21916e-15 0 6.54437e-15 0 6.82408e-15 0 7.06767e-15 0 7.28462e-15 0 7.4806e-15 0 7.66133e-15 0 7.82677e-15 0 7.98461e-15 0 8.1271e-15 0 8.26581e-15 0 8.393e-15 0 8.51638e-15 0 8.63208e-15 0 8.74396e-15 0 8.84815e-15 0 8.95237e-15 0 9.04889e-15 0 9.14157e-15 0 9.23426e-15 0 9.32311e-15 0 9.40811e-15 0 9.48927e-15 0 9.57043e-15 0 9.64774e-15 0 9.7212e-15 0 9.79467e-15 0 9.86814e-15 0 9.93776e-15 0 1.00035e-14 0 1.00732e-14 0 1.01351e-14 0 1.02008e-14 0 1.02628e-14 0 1.03247e-14 0 1.03827e-14 0 1.04408e-14 0
1231.05 7.02067e-15 7.02067e-15 3.20677e-22 4.56762e-08 -3.76555e-08 2.86737e-15 0 3.38632e-15 0 3.98254e-15 0 4.37264e-15 0 4.67028e-15 0 4.91167e-15 0 5.11926e-15 0 5.30002e-15 0 5.461e-15 0 5.60641e-15 0 5.7405e-15 0 5.86324e-15 0 5.98033e-15 0 6.08603e-15 0 6.18892e-15 0 6.28327e-15 0 6.37478e-15 0 6.4606e-15 0 6.54358e-15 0 6.62085e-15 0 6.69814e-15 0 6.76973e-15 0 6.83846e-15 0 6.9072e-15 0 6.97309e-15 0 7.03613e-15 0 7.09631e-15 0 7.1565e-15 0 7.21383e-15 0 7.2683e-15 0 7.32278e-15 0 7.37726e-15 0 7.42888e-15 0 7.47764e-15 0 7.52928e-15 0 7.57518e-15 0 7.62395e-15 0 7.66986e-15 0 7.71578e-15 0 7.75882e-15 0 7.80188e-15 0
1294.24 6.35389e-15 6.35389e-15 2.62542e-22 4.13199e-08 -2.65852e-07 2.16551e-15 0 2.5513e-15 0 2.99421e-15 0 3.28385e-15 0 3.50478e-15 0 3.68393e-15 0 3.83798e-15 0 3.97211e-15 0 4.09154e-15 0 4.19942e-15 0 4.29889e-15 0 4.38994e-15 0 4.47679e-15 0 4.55519e-15 0 4.63151e-15 0 4.70148e-15 0 4.76936e-15 0 4.833e-15 0 4.89454e-15 0 4.95185e-15 0 5.00917e-15 0 5.06225e-15 0 5.11322e-15 0 5.1642e-15 0 5.21306e-15 0 5.2598e-15 0 5.30443e-15 0 5.34906e-15 0 5.39157e-15 0 5.43196e-15 0 5.47235e-15 0 5.51275e-15 0 5.55103e-15 0 5.58718e-15 0 5.62547e-15 0 5.6595e-15 0 5.69566e-15 0 5.7297e-15 0 5.76374e-15 0 5.79566e-15 0 5.82758e-15 0
1360.67 5.74947e-15 5.74947e-15 2.149e-22 3.73774e-08 -1.46449e-07 1.6335e-15 0 1.92015e-15 0 2.24902e-15 0 2.464e-15 0 2.62793e-15 0 2.76085e-15 0 2.87512e-15 0 2.97461e-15 0 3.0632e-15 0 3.14321e-15 0 3.21698e-15 0 3.2845e-15 0 3.3489e-15 0 3.40704e-15 0 3.46363e-15 0 3.51551e-15 0 3.56584e-15 0 3.61303e-15 0 3.65866e-15 0 3.70115e-15 0 3.74364e-15 0 3.783e-15 0 3.82078e-15 0 3.85858e-15 0 3.8948e-15 0 3.92945e-15 0 3.96253e-15 0 3.99562e-15 0 4.02713e-15 0 4.05708e-15 0 4.08702e-15 0 4.11697e-15 0 4.14534e-15 0 4.17214e-15 0 4.20052e-15 0 4.22575e-15 0 4.25255e-15 0 4.27778e-15 0 4.30302e-15 0 4.32668e-15 0 4.35034e-15 0
1430.51 5.20281e-15 5.20281e-15 1.75918e-22 3.38122e-08 8.06988e-08 1.23105e-15 0 1.44399e-15 0 1.68814e-15 0 1.84767e-15 0 1.9693e-15 0 2.0679e-15 0 2.15266e-15 0 2.22645e-15 0 2.29215e-15 0 2.35148e-15 0 2.40619e-15 0 2.45626e-15 0 2.50401e-15 0 2.54712e-15 0 2.58908e-15 0 2.62755e-15 0 2.66486e-15 0 2.69985e-15 0 2.73368e-15 0 2.76518e-15 0 2.79669e-15 0 2.82586e-15 0 2.85388e-15 0 2.88189e-15 0 2.90875e-15 0 2.93443e-15 0 2.95896e-15 0 2.98348e-15 0 3.00684e-15 0 3.02904e-15 0 3.05124e-15 0 3.07344e-15 0 3.09447e-15 0 3.11433e-15 0 3.13537e-15 0 3.15407e-15 0 3.17394e-15 0 3.19264e-15 0 3.21134e-15 0 3.22888e-15 0 3.24642e-15 0
1503.94 4.70775e-15 4.70775e-15 1.43991e-22 3.05859e-08 -7.18512e-08 9.26825e-16 0 1.08495e-15 0 1.26616e-15 0 1.38451e-15 0 1.47473e-15 0 1.54786e-15 0 1.61072e-15 0 1.66544e-15 0 1.71416e-15 0 1.75815e-15 0 1.79871e-15 0 1.83583e-15 0 1.87124e-15 0 1.9032e-15 0 1.9343e-15 0 1.96282e-15 0 1.99048e-15 0 2.01641e-15 0 2.04149e-15 0 2.06484e-15 0 2.08819e-15 0 2.10982e-15 0 2.13058e-15 0 2.15135e-15 0 2.17125e-15 0 2.19029e-15 0 2.20847e-15 0 2.22665e-15 0 2.24396e-15 0 2.26041e-15 0 2.27687e-15 0 2.29332e-15 0 2.30891e-15 0 2.32363e-15 0 2.33922e-15 0 2.35308e-15 0 2.36781e-15 0 2.38167e-15 0 2.39553e-15 0 2.40852e-15 0 2.42152e-15 0
1581.14 4.25995e-15 4.25995e-15 1.1788e-22 2.76716e-08 3.97363e-07 6.97204e-16 0 8.14604e-16 0 9.49065e-16 0 1.03686e-15 0 1.10378e-15 0 1.15801e-15 0 1.20462e-15 0 1.2452e-15 0 1.28132e-15 0 1.31393e-15 0 1.344e-15 0 1.37152e-15 0 1.39777e-15 0 1.42146e-15 0 1.44452e-15 0 1.46566e-15 0 1.48616e-15 0 1.50539e-15 0 1.52397e-15 0 1.54128e-15 0 1.55859e-15 0 1.57462e-15 0 1.59001e-15 0 1.6054e-15 0 1.62016e-15 0 1.63427e-15 0 1.64774e-15 0 1.66121e-15 0 1.67405e-15 0 1.68624e-15 0 1.69843e-15 0 1.71063e-15 0 1.72218e-15 0 1.73309e-15 0 1.74464e-15 0 1.75492e-15 0 1.76583e-15 0 1.7761e-15 0 1.78637e-15 0 1.79601e-15 0 1.80564e-15 0
1662.3 3.85465e-15 3.85465e-15 9.64897e-23 2.5032e-08 3.42415e-09 5.24031e-16 0 6.11171e-16 0 7.10929e-16 0 7.76048e-16 0 8.25671e-16 0 8.65883e-16 0 9.00443e-16 0 9.30524e-16 0 9.57301e-16 0 9.81481e-16 0 1.00377e-15 0 1.02417e-15 0 1.04363e-15 0 1.06119e-15 0 1.07828e-15 0 1.09395e-15 0 1.10914e-15 0 1.12339e-15 0 1.13717e-15 0 1.15e-15 0 1.16283e-15 0 1.17471e-15 0 1.18611e-15 0 1.19752e-15 0 1.20845e-15 0 1.21891e-15 0 1.2289e-15 0 1.23888e-15 0 1.24839e-15 0 1.25743e-15 0 1.26646e-15 0 1.2755e-15 0 1.28406e-15 0 1.29215e-15 0 1.30071e-15 0 1.30832e-15 0 1.31641e-15 0 1.32402e-15 0 1.33164e-15 0 1.33877e-15 0 1.34591e-15 0
1747.63 3.48802e-15 3.48802e-15 7.89886e-23 2.26457e-08 -7.9774e-08 3.93578e-16 0 4.58247e-16 0 5.32249e-16 0 5.80542e-16 0 6.17338e-16 0 6.47152e-16 0 6.72775e-16 0 6.95075e-16 0 7.14925e-16 0 7.32849e-16 0 7.49372e-16 0 7.64493e-16 0 7.78914e-16 0 7.91931e-16 0 8.04598e-16 0 8.16211e-16 0 8.27475e-16 0 8.38036e-16 0 8.48246e-16 0 8.57753e-16 0 8.67261e-16 0 8.76066e-16 0 8.84519e-16 0 8.92973e-16 0 9.01076e-16 0 9.08827e-16 0 9.16226e-16 0 9.23625e-16 0 9.30673e-16 0 9.37369e-16 0 9.44065e-16 0 9.50762e-16 0 9.57106e-16 0 9.63099e-16 0 9.69444e-16 0 9.75085e-16 0 9.81078e-16 0 9.86719e-16 0 9.9236e-16 0 9.97649e-16 0 1.00294e-15 0
1837.33 3.15592e-15 3.15592e-15 6.46558e-23 2.04872e-08 8.24733e-07 2.95354e-16 0 3.43333e-16 0 3.98214e-16 0 4.34021e-16 0 4.613e-16 0 4.83401e-16 0 5.02393e-16 0 5.18922e-16 0 5.33634e-16 0 5.46919e-16 0 5.59164e-16 0 5.70371e-16 0 5.81058e-16 0 5.90704e-16 0 6.00091e-16 0 6.08698e-16 0 6.17044e-16 0 6.2487e-16 0 6.32436e-16 0 6.39481e-16 0 6.46527e-16 0 6.53051e-16 0 6.59315e-16 0 6.65579e-16 0 6.71583e-16 0 6.77326e-16 0 6.82809e-16 0 6.88292e-16 0 6.93514e-16 0 6.98475e-16 0 7.03437e-16 0 7.08399e-16 0 7.131e-16 0 7.1754e-16 0 7.22241e-16 0 7.2642e-16 0 7.30861e-16 0 7.3504e-16 0 7.3922e-16 0 7.43139e-16 0 7.47057e-16 0
1931.64 2.85577e-15 2.85577e-15 5.29318e-23 1.8535e-08 -3.19468e-07 2.21516e-16 0 2.5711e-16 0 2.97811e-16 0 3.2436e-16 0 3.44584e-16 0 3.60967e-16 0 3.75046e-16 0 3.87297e-16 0 3.98202e-16 0 4.08048e-16 0 4.17124e-16 0 4.2543e-16 0 4.3335e-16 0 4.40499e-16 0 4.47456e-16 0 4.53834e-16 0 4.6002e-16 0 4.65819e-16 0 4.71426e-16 0 4.76647e-16 0 4.81868e-16 0 4.86703e-16 0 4.91345e-16 0 4.95987e-16 0 5.00436e-16 0 5.04692e-16 0 5.08754e-16 0 5.12817e-16 0 5.16687e-16 0 5.20363e-16 0 5.2404e-16 0 5.27717e-16 0 5.312e-16 0 5.3449e-16 0 5.37974e-16 0 5.4107e-16 0 5.44361e-16 0 5.47458e-16 0 5.50555e-16 0 5.53458e-16 0 5.56362e-16 0
2030.79 2.58398e-15 2.58398e-15 4.33297e-23 1.67686e-08 4.32233e-07 1.66018e-16 0 1.92418e-16 0 2.22597e-16 0 2.42278e-16 0 2.57269e-16 0 2.69412e-16 0 2.79847e-16 0 2.88927e-16 0 2.97008e-16 0 3.04305e-16 0 3.11031e-16 0 3.17186e-16 0 3.23055e-16 0 3.28353e-16 0 3.33508e-16 0 3.38234e-16 0 3.42818e-16 0 3.47115e-16 0 3.5127e-16 0 3.55138e-16 0 3.59007e-16 0 3.62589e-16 0 3.66028e-16 0 3.69468e-16 0 3.72764e-16 0 3.75918e-16 0 3.78928e-16 0 3.81938e-16 0 3.84805e-16 0 3.87529e-16 0 3.90253e-16 0 3.92978e-16 0 3.95558e-16 0 3.97996e-16 0 4.00577e-16 0 4.02871e-16 0 4.05309e-16 0 4.07604e-16 0 4.09898e-16 0 4.1205e-16 0 4.14201e-16 0
2135.03 2.33807e-15 2.33807e-15 3.547e-23 1.51706e-08 -6.09317e-07 1.24348e-16 0 1.43927e-16 0 1.66301e-16 0 1.80891e-16 0 1.92002e-16 0 2.01002e-16 0 2.08735e-16 0 2.15464e-16 0 2.21453e-16 0 2.2686e-16 0 2.31844e-16 0 2.36405e-16 0 2.40754e-16 0 2.4468e-16 0 2.485e-16 0 2.52001e-16 0 2.55398e-16 0 2.58582e-16 0 2.6166e-16 0 2.64526e-16 0 2.67393e-16 0 2.70047e-16 0 2.72596e-16 0 2.75144e-16 0 2.77587e-16 0 2.79923e-16 0 2.82153e-16 0 2.84384e-16 0 2.86508e-16 0 2.88526e-16 0 2.90544e-16 0 2.92563e-16 0 2.94475e-16 0 2.96281e-16 0 2.98193e-16 0 2.99893e-16 0 3.01699e-16 0 3.03399e-16 0 3.05099e-16 0 3.06693e-16 0 3.08287e-16 0
2244.63 2.11539e-15 2.11539e-15 2.90311e-23 1.37238e-08 -1.74812e-07 9.30753e-17 0 1.07592e-16 0 1.24177e-16 0 1.3499e-16 0 1.43224e-16 0 1.49894e-16 0 1.55624e-16 0 1.6061e-16 0 1.65048e-16 0 1.69054e-16 0 1.72747e-16 0 1.76126e-16 0 1.79348e-16 0 1.82257e-16 0 1.85087e-16 0 1.87681e-16 0 1.90198e-16 0 1.92557e-16 0 1.94837e-16 0 1.96961e-16 0 1.99084e-16 0 2.01051e-16 0 2.02939e-16 0 2.04827e-16 0 2.06636e-16 0 2.08367e-16 0 2.10019e-16 0 2.11672e-16 0 2.13245e-16 0 2.1474e-16 0 2.16236e-16 0 2.17731e-16 0 2.19147e-16 0 2.20485e-16 0 2.21902e-16 0 2.23161e-16 0 2.24499e-16 0 2.25758e-16 0 2.27018e-16 0 2.28198e-16 0 2.29379e-16 0
2359.84 1.91401e-15 1.91401e-15 2.37652e-23 1.24165e-08 -1.48946e-07 6.96327e-17 0 8.03954e-17 0 9.26892e-17 0 1.00703e-16 0 1.06805e-16 0 1.11747e-16 0 1.15993e-16 0 1.19688e-16 0 1.22976e-16 0 1.25945e-16 0 1.28681e-16 0 1.31185e-16 0 1.33572e-16 0 1.35727e-16 0 1.37824e-16 0 1.39746e-16 0 1.4161e-16 0 1.43358e-16 0 1.45048e-16 0 1.46621e-16 0 1.48194e-16 0 1.49651e-16 0 1.5105e-16 0 1.52448e-16 0 1.53789e-16 0 1.55071e-16 0 1.56295e-16 0 1.57519e-16 0 1.58685e-16 0 1.59793e-16 0 1.609e-16 0 1.62008e-16 0 1.63057e-16 0 1.64049e-16 0 1.65098e-16 0 1.66031e-16 0 1.67022e-16 0 1.67955e-16 0 1.68888e-16 0 1.69763e-16 0 1.70637e-16 0
2480.97 1.73184e-15 1.73184e-15 1.94542e-23 1.12333e-08 -5.57623e-07 5.20685e-17 0 6.00474e-17 0 6.91596e-17 0 7.50986e-17 0 7.96205e-17 0 8.32827e-17 0 8.6429e-17 0 8.91666e-17 0 9.16029e-17 0 9.38024e-17 0 9.58297e-17 0 9.76847e-17 0 9.94536e-17 0 1.0105e-16 0 1.02604e-16 0 1.04028e-16 0 1.05409e-16 0 1.06704e-16 0 1.07956e-16 0 1.09121e-16 0 1.10287e-16 0 1.11366e-16 0 1.12402e-16 0 1.13439e-16 0 1.14432e-16 0 1.15382e-16 0 1.16288e-16 0 1.17195e-16 0 1.18059e-16 0 1.18879e-16 0 1.197e-16 0 1.20521e-16 0 1.21298e-16 0 1.22032e-16 0 1.2281e-16 0 1.23501e-16 0 1.24235e-16 0 1.24926e-16 0 1.25617e-16 0 1.26265e-16 0 1.26913e-16 0
2608.32 1.56694e-15 1.56694e-15 1.5924e-23 1.01625e-08 -6.9818e-07 3.8914e-17 0 4.48283e-17 0 5.15815e-17 0 5.59824e-17 0 5.9333e-17 0 6.20466e-17 0 6.43777e-17 0 6.6406e-17 0 6.8211e-17 0 6.98406e-17 0 7.13425e-17 0 7.27168e-17 0 7.40273e-17 0 7.52101e-17 0 7.6361e-17 0 7.7416e-17 0 7.84392e-17 0 7.93985e-17 0 8.03258e-17 0 8.11893e-17 0 8.20527e-17 0 8.28523e-17 0 8.36199e-17 0 8.43875e-17 0 8.51232e-17 0 8.5827e-17 0 8.64987e-17 0 8.71705e-17 0 8.78103e-17 0 8.84181e-17 0 8.9026e-17 0 8.96339e-17 0 9.02098e-17 0 9.07537e-17 0 9.13296e-17 0 9.18415e-17 0 9.23855e-17 0 9.28974e-17 0 9.34094e-17 0 9.38894e-17 0 9.43694e-17 0
2742.21 1.41771e-15 1.41771e-15 1.30343e-23 9.19396e-09 4.25973e-09 2.90684e-17 0 3.34519e-17 0 3.84563e-17 0 4.17172e-17 0 4.41998e-17 0 4.62102e-17 0 4.79373e-17 0 4.94399e-17 0 5.07771e-17 0 5.19844e-17 0 5.3097e-17 0 5.41151e-17 0 5.5086e-17 0 5.59621e-17 0 5.68147e-17 0 5.75963e-17 0 5.83542e-17 0 5.90648e-17 0 5.97518e-17 0 6.03914e-17 0 6.1031e-17 0 6.16233e-17 0 6.21919e-17 0 6.27605e-17 0 6.33055e-17 0 6.38268e-17 0 6.43244e-17 0 6.4822e-17 0 6.52959e-17 0 6.57462e-17 0 6.61965e-17 0 6.66467e-17 0 6.70733e-17 0 6.74762e-17 0 6.79028e-17 0 6.8282e-17 0 6.86849e-17 0 6.90642e-17 0 6.94434e-17 0 6.97989e-17 0 7.01545e-17 0
2882.97 1.28269e-15 1.28269e-15 1.06686e-23 8.31738e-09 -3.77804e-08 2.17044e-17 0 2.49531e-17 0 2.86614e-17 0 3.10775e-17 0 3.29168e-17 0 3.44063e-17 0 3.56858e-17 0 3.6799e-17 0 3.77896e-17 0 3.86839e-17 0 3.95082e-17 0 4.02624e-17 0 4.09816e-17 0 4.16307e-17 0 4.22622e-17 0 4.28412e-17 0 4.34026e-17 0 4.3929e-17 0 4.44379e-17 0 4.49117e-17 0 4.53855e-17 0 4.58242e-17 0 4.62454e-17 0 4.66666e-17 0 4.70703e-17 0 4.74565e-17 0 4.7825e-17 0 4.81936e-17 0 4.85447e-17 0 4.88782e-17 0 4.92117e-17 0 4.95453e-17 0 4.98613e-17 0 5.01597e-17 0 5.04757e-17 0 5.07566e-17 0 5.1055e-17 0 5.13359e-17 0 5.16168e-17 0 5.18802e-17 0 5.21435e-17 0
3030.95 1.16054e-15 1.16054e-15 8.73315e-24 7.52507e-09 1.44354e-06 1.61993e-17 0 1.86068e-17 0 2.13545e-17 0 2.31447e-17 0 2.45073e-17 0 2.56108e-17 0 2.65587e-17 0 2.73834e-17 0 2.81172e-17 0 2.87797e-17 0 2.93904e-17 0 2.9949e-17 0 3.04818e-17 0 3.09626e-17 0 3.14304e-17 0 3.18593e-17 0 3.22752e-17 0 3.26651e-17 0 3.30421e-17 0 3.3393e-17 0 3.3744e-17 0 3.4069e-17 0 3.4381e-17 0 3.4693e-17 0 3.4992e-17 0 3.5278e-17 0 3.55511e-17 0 3.58241e-17 0 3.60841e-17 0 3.63312e-17 0 3.65782e-17 0 3.68253e-17 0 3.70593e-17 0 3.72804e-17 0 3.75144e-17 0 3.77225e-17 0 3.79436e-17 0 3.81516e-17 0 3.83597e-17 0 3.85548e-17 0 3.87498e-17 0
3186.53 1.05003e-15 1.05003e-15 7.14849e-24 6.80786e-09 1.29194e-06 1.20859e-17 0 1.38699e-17 0 1.59058e-17 0 1.72321e-17 0 1.82417e-17 0 1.90591e-17 0 1.97613e-17 0 2.03723e-17 0 2.09159e-17 0 2.14067e-17 0 2.1859e-17 0 2.22729e-17 0 2.26675e-17 0 2.30237e-17 0 2.33702e-17 0 2.36879e-17 0 2.3996e-17 0 2.42848e-17 0 2.4564e-17 0 2.4824e-17 0 2.5084e-17 0 2.53247e-17 0 2.55558e-17 0 2.57869e-17 0 2.60084e-17 0 2.62203e-17 0 2.64225e-17 0 2.66248e-17 0 2.68174e-17 0 2.70004e-17 0 2.71833e-17 0 2.73663e-17 0 2.75397e-17 0 2.77034e-17 0 2.78768e-17 0 2.80309e-17 0 2.81947e-17 0 2.83488e-17 0 2.85029e-17 0 2.86474e-17 0 2.87919e-17 0
3350.09 9.50037e-16 9.50037e-16 5.85133e-24 6.15906e-09 -2.45696e-07 9.01342e-18 0 1.03354e-17 0 1.18438e-17 0 1.28264e-17 0 1.35742e-17 0 1.41798e-17 0 1.47e-17 0 1.51526e-17 0 1.55553e-17 0 1.59188e-17 0 1.62539e-17 0 1.65604e-17 0 1.68528e-17 0 1.71166e-17 0 1.73733e-17 0 1.76086e-17 0 1.78368e-17 0 1.80507e-17 0 1.82576e-17 0 1.84501e-17 0 1.86427e-17 0 1.8821e-17 0 1.89922e-17 0 1.91634e-17 0 1.93274e-17 0 1.94844e-17 0 1.96342e-17 0 1.9784e-17 0 1.99266e-17 0 2.00622e-17 0 2.01977e-17 0 2.03333e-17 0 2.04617e-17 0 2.05829e-17 0 2.07114e-17 0 2.08255e-17 0 2.09468e-17 0 2.10609e-17 0 2.11751e-17 0 2.12821e-17 0 2.13891e-17 0
3522.05 8.59549e-16 8.59549e-16 4.78963e-24 5.57227e-09 1.49069e-06 6.71957e-18 0 7.69907e-18 0 8.81658e-18 0 9.54448e-18 0 1.00985e-17 0 1.05471e-17 0 1.09324e-17 0 1.12676e-17 0 1.15659e-17 0 1.18352e-17 0 1.20834e-17 0 1.23105e-17 0 1.2527e-17 0 1.27224e-17 0 1.29126e-17 0 1.30869e-17 0 1.32559e-17 0 1.34144e-17 0 1.35676e-17 0 1.37102e-17 0 1.38528e-17 0 1.39849e-17 0 1.41117e-17 0 1.42385e-17 0 1.436e-17 0 1.44762e-17 0 1.45872e-17 0 1.46982e-17 0 1.48038e-17 0 1.49042e-17 0 1.50046e-17 0 1.5105e-17 0 1.52001e-17 0 1.52899e-17 0 1.53851e-17 0 1.54696e-17 0 1.55594e-17 0 1.5644e-17 0 1.57285e-17 0 1.58078e-17 0 1.58871e-17 0
3702.84 7.77695e-16 7.77695e-16 3.92048e-24 5.04115e-09 -1.751e-06 5.0079e-18 0 5.73363e-18 0 6.56153e-18 0 7.10076e-18 0 7.51116e-18 0 7.84347e-18 0 8.1289e-18 0 8.37721e-18 0 8.59818e-18 0 8.79764e-18 0 8.98148e-18 0 9.14968e-18 0 9.31007e-18 0 9.45481e-18 0 9.59565e-18 0 9.72476e-18 0 9.84996e-18 0 9.96734e-18 0 1.00808e-17 0 1.01865e-17 0 1.02921e-17 0 1.03899e-17 0 1.04838e-17 0 1.05778e-17 0 1.06678e-17 0 1.07539e-17 0 1.0836e-17 0 1.09182e-17 0 1.09965e-17 0 1.10708e-17 0 1.11452e-17 0 1.12196e-17 0 1.129e-17 0 1.13565e-17 0 1.1427e-17 0 1.14896e-17 0 1.15561e-17 0 1.16188e-17 0 1.16814e-17 0 1.17401e-17 0 1.17988e-17 0
3892.91 7.03617e-16 7.03617e-16 3.20907e-24 4.56082e-09 5.96458e-07 3.73096e-18 0 4.26862e-18 0 4.88194e-18 0 5.28138e-18 0 5.58539e-18 0 5.83153e-18 0 6.04296e-18 0 6.22688e-18 0 6.39055e-18 0 6.5383e-18 0 6.67447e-18 0 6.79905e-18 0 6.91785e-18 0 7.02506e-18 0 7.12937e-18 0 7.225e-18 0 7.31773e-18 0 7.40467e-18 0 7.48871e-18 0 7.56696e-18 0 7.64521e-18 0 7.71767e-18 0 7.78722e-18 0 7.85678e-18 0 7.92345e-18 0 7.98721e-18 0 8.04808e-18 0 8.10895e-18 0 8.16692e-18 0 8.22199e-18 0 8.27707e-18 0 8.33214e-18 0 8.38432e-18 0 8.43359e-18 0 8.48577e-18 0 8.53215e-18 0 8.58143e-18 0 8.62781e-18 0 8.67419e-18 0 8.71768e-18 0 8.76116e-18 0
4092.73 6.36597e-16 6.36597e-16 2.62661e-24 4.12602e-09 -6.48458e-07 2.77878e-18 0 3.17711e-18 0 3.63144e-18 0 3.92732e-18 0 4.15251e-18 0 4.33483e-18 0 4.49144e-18 0 4.62767e-18 0 4.7489e-18 0 4.85833e-18 0 4.95919e-18 0 5.05147e-18 0 5.13946e-18 0 5.21886e-18 0 5.29613e-18 0 5.36695e-18 0 5.43564e-18 0 5.50003e-18 0 5.56228e-18 0 5.62023e-18 0 5.67819e-18 0 5.73185e-18 0 5.78337e-18 0 5.83489e-18 0 5.88426e-18 0 5.93149e-18 0 5.97657e-18 0 6.02166e-18 0 6.06459e-18 0 6.10538e-18 0 6.14617e-18 0 6.18696e-18 0 6.22561e-18 0 6.2621e-18 0 6.30075e-18 0 6.3351e-18 0 6.3716e-18 0 6.40595e-18 0 6.4403e-18 0 6.47251e-18 0 6.50471e-18 0
4302.81 5.75941e-16 5.75941e-16 2.14995e-24 3.73294e-09 -3.4202e-07 2.06895e-18 0 2.36403e-18 0 2.70057e-18 0 2.91973e-18 0 3.08653e-18 0 3.22157e-18 0 3.33756e-18 0 3.43846e-18 0 3.52825e-18 0 3.6093e-18 0 3.684e-18 0 3.75235e-18 0 3.81752e-18 0 3.87633e-18 0 3.93355e-18 0 3.98601e-18 0 4.03688e-18 0 4.08457e-18 0 4.13067e-18 0 4.1736e-18 0 4.21652e-18 0 4.25627e-18 0 4.29442e-18 0 4.33258e-18 0 4.36915e-18 0 4.40412e-18 0 4.43751e-18 0 4.4709e-18 0 4.5027e-18 0 4.53291e-18 0 4.56312e-18 0 4.59333e-18 0 4.62195e-18 0 4.64898e-18 0 4.6776e-18 0 4.70304e-18 0 4.73007e-18 0 4.75552e-18 0 4.78096e-18 0 4.80481e-18 0 4.82866e-18 0
4523.68 5.21088e-16 5.21088e-16 1.75981e-24 3.37718e-09 5.57705e-06 1.54009e-18 0 1.75869e-18 0 2.00798e-18 0 2.17032e-18 0 2.29387e-18 0 2.39389e-18 0 2.47981e-18 0 2.55455e-18 0 2.62105e-18 0 2.68108e-18 0 2.73641e-18 0 2.78703e-18 0 2.8353e-18 0 2.87886e-18 0 2.92124e-18 0 2.9601e-18 0 2.99777e-18 0 3.0331e-18 0 3.06724e-18 0 3.09903e-18 0 3.13082e-18 0 3.16026e-18 0 3.18852e-18 0 3.21678e-18 0 3.24387e-18 0 3.26977e-18 0 3.2945e-18 0 3.31923e-18 0 3.34278e-18 0 3.36516e-18 0 3.38753e-18 0 3.40991e-18 0 3.4311e-18 0 3.45112e-18 0 3.47232e-18 0 3.49116e-18 0 3.51119e-18 0 3.53003e-18 0 3.54887e-18 0 3.56654e-18 0 3.5842e-18 0
4755.88 4.71435e-16 4.71435e-16 1.44038e-24 3.0553e-09 2.33096e-06 1.14607e-18 0 1.30799e-18 0 1.49265e-18 0 1.61289e-18 0 1.70439e-18 0 1.77848e-18 0 1.84211e-18 0 1.89746e-18 0 1.94672e-18 0 1.99118e-18 0 2.03216e-18 0 2.06965e-18 0 2.1054e-18 0 2.13766e-18 0 2.16905e-18 0 2.19782e-18 0 2.22573e-18 0 2.25189e-18 0 2.27718e-18 0 2.30072e-18 0 2.32427e-18 0 2.34607e-18 0 2.367e-18 0 2.38793e-18 0 2.40799e-18 0 2.42717e-18 0 2.44549e-18 0 2.4638e-18 0 2.48124e-18 0 2.49781e-18 0 2.51439e-18 0 2.53096e-18 0 2.54666e-18 0 2.56148e-18 0 2.57718e-18 0 2.59114e-18 0 2.60596e-18 0 2.61992e-18 0 2.63387e-18 0 2.64696e-18 0 2.66004e-18 0
5000 4.26522e-16 4.26522e-16 1.17896e-24 2.76412e-09 -5.87882e-07 8.5266e-19 0 9.72602e-19 0 1.10938e-18 0 1.19844e-18 0 1.26621e-18 0 1.32108e-18 0 1.36821e-18 0 1.40921e-18 0 1.44569e-18 0 1.47862e-18 0 1.50897e-18 0 1.53673e-18 0 1.56321e-18 0 1.5871e-18 0 1.61035e-18 0 1.63166e-18 0 1.65233e-18 0 1.6717e-18 0 1.69043e-18 0 1.70787e-18 0 1.72531e-18 0 1.74146e-18 0 1.75696e-18 0 1.77246e-18 0 1.78731e-18 0 1.80152e-18 0 1.81509e-18 0 1.82865e-18 0 1.84157e-18 0 1.85384e-18 0 1.86611e-18 0 1.87839e-18 0 1.89001e-18 0 1.90099e-18 0 1.91262e-18 0 1.92296e-18 0 1.93394e-18 0 1.94427e-18 0 1.95461e-18 0 1.9643e-18 0 1.97399e-18 0
