# 1.70049e-06 0 37 : grain size, compostion index, size index
# Heating and cooling timescale: 3.93852 4772.48
# Ratio of heating to cooling to determine stochastic cutoff: 100
# Equilibrium emission is recorded even for those grains in the stochastic regime.
# Emission spectrum was computed for: 
# Type: ISRF
# Scales: 0.0001 0.001 0.01 0.05 0.1 0.15 0.2 0.25 0.5 1 1.5 2 2.5 3 3.5 4 4.5 5 5.5 6 6.5 7 7.5 8 8.5 9 9.5 10 10.5 11 11.5 12 12.5 13 13.5 14 14.5 15 15.5 16 16.5 17 17.5 18 18.5 19 19.5 20 20.5 21 21.5 22 22.5 23 23.5 24 24.5 25 25.5 26 26.5 27 27.5 28 28.5 29 29.5 30
# StochasticallyHeated: 1 1 1 1 1 1 1 1 1 1 1 1 0 0 0 0 0 0 0 0 0 0 0 0 0 0 0 0 0 0 0 0 0 0 0 0 0 0 0 0 0 0 0 0 0 0 0 0 0 0 0 0 0 0 0 0 0 0 0 0 0 0 0 0 0 0 0 0
# Temperature: -1
# Wavelength  CExt  CAbs  CSca  Albedo G EqEm1 StEm1 EqEm2 StEm2 EqEm3 StEm3 EqEm4 StEm4 EqEm5 StEm5 EqEm6 StEm6 EqEm7 StEm7 EqEm8 StEm8 EqEm9 StEm9 EqEm10 StEm10 EqEm11 StEm11 EqEm12 StEm12 EqEm13 StEm13 EqEm14 StEm14 EqEm15 StEm15 EqEm16 StEm16 EqEm17 StEm17 EqEm18 StEm18 EqEm19 StEm19 EqEm20 StEm20 EqEm21 StEm21 EqEm22 StEm22 EqEm23 StEm23 EqEm24 StEm24 EqEm25 StEm25 EqEm26 StEm26 EqEm27 StEm27 EqEm28 StEm28 EqEm29 StEm29 EqEm30 StEm30 EqEm31 StEm31 EqEm32 StEm32 EqEm33 StEm33 EqEm34 StEm34 EqEm35 StEm35 EqEm36 StEm36 EqEm37 StEm37 EqEm38 StEm38 EqEm39 StEm39 EqEm40 StEm40 EqEm41 StEm41 EqEm42 StEm42 EqEm43 StEm43 EqEm44 StEm44 EqEm45 StEm45 EqEm46 StEm46 EqEm47 StEm47 EqEm48 StEm48 EqEm49 StEm49 EqEm50 StEm50 EqEm51 StEm51 EqEm52 StEm52 EqEm53 StEm53 EqEm54 StEm54 EqEm55 StEm55 EqEm56 StEm56 EqEm57 StEm57 EqEm58 StEm58 EqEm59 StEm59 EqEm60 StEm60 EqEm61 StEm61 EqEm62 StEm62 EqEm63 StEm63 EqEm64 StEm64 EqEm65 StEm65 EqEm66 StEm66 EqEm67 StEm67 EqEm68 StEm68
0.05 1.34202e-11 7.45169e-12 5.96848e-12 0.444739 0.599753 0 0 0 0 0 0 0 0 0 0 0 0 0 0 0 0 0 0 0 0 0 0 0 0 0 0 0 0 0 0 0 0 0 0 0 0 0 0 0 0 0 0 0 0 0 0 0 0 0 0 0 0 0 0 0 0 0 0 0 0 0 0 0 0 0 0 0 0 0 0 0 0 0 0 0 0 0 0 0 0 0 0 0 0 0 0 0 0 0 0 0 0 0 0 0 0 0 0 0 0 0 0 0 0 0 0 0 0 0 0 0 0 0 0 0 0 0 0 0 0 0 0 0 0 0 0 0 0 0 0 0 0 0 0 0 0
0.0525665 1.44065e-11 8.10906e-12 6.2974e-12 0.437123 0.574862 0 0 0 0 0 0 0 0 0 0 0 0 0 0 0 0 0 0 0 0 0 0 0 0 0 0 0 0 0 0 0 0 0 0 0 0 0 0 0 0 0 0 0 0 0 0 0 0 0 0 0 0 0 0 0 0 0 0 0 0 0 0 0 0 0 0 0 0 0 0 0 0 0 0 0 0 0 0 0 0 0 0 0 0 0 0 0 0 0 0 0 0 0 0 0 0 0 0 0 0 0 0 0 0 0 0 0 0 0 0 0 0 0 0 0 0 0 0 0 0 0 0 0 0 0 0 0 0 0 0 0 0 0 0 0 0
0.0552647 1.5458e-11 8.84267e-12 6.61535e-12 0.427956 0.551889 0 0 0 0 0 0 0 0 0 0 0 0 0 0 0 0 0 0 0 0 0 0 0 0 0 0 0 0 0 0 0 0 0 0 0 0 0 0 0 0 0 0 0 0 0 0 0 0 0 0 0 0 0 0 0 0 0 0 0 0 0 0 0 0 0 0 0 0 0 0 0 0 0 0 0 0 0 0 0 0 0 0 0 0 0 0 0 0 0 0 0 0 0 0 0 0 0 0 0 0 0 0 0 0 0 0 0 0 0 0 0 0 0 0 0 0 0 0 0 0 0 0 0 0 0 0 0 0 0 0 0 0 0 0 0 0
0.0581015 1.66464e-11 9.81721e-12 6.82915e-12 0.410249 0.529463 0 0 0 0 0 0 0 0 0 0 0 0 0 0 0 0 0 0 0 0 0 0 0 0 0 0 0 0 0 0 0 0 0 0 0 0 0 0 0 0 0 0 0 0 0 0 0 0 0 0 0 0 0 0 0 0 0 0 0 0 0 0 0 0 0 0 0 0 0 0 0 0 0 0 0 0 0 0 0 0 0 0 0 0 0 0 0 0 0 0 0 0 0 0 0 0 0 0 0 0 0 0 0 0 0 0 0 0 0 0 0 0 0 0 0 0 0 0 0 0 0 0 0 0 0 0 0 0 0 0 0 0 0 0 0 0
0.0610839 1.81532e-11 1.10401e-11 7.11307e-12 0.391836 0.503308 0 0 0 0 0 0 0 0 0 0 0 0 0 0 0 0 0 0 0 0 0 0 0 0 0 0 0 0 0 0 0 0 0 0 0 0 0 0 0 0 0 0 0 0 0 0 0 0 0 0 0 0 0 0 0 0 0 0 0 0 0 0 0 0 0 0 0 0 0 0 0 0 0 0 0 0 0 0 0 0 0 0 0 0 0 0 0 0 0 0 0 0 0 0 0 0 0 0 0 0 0 0 0 0 0 0 0 0 0 0 0 0 0 0 0 0 0 0 0 0 0 0 0 0 0 0 0 0 0 0 0 0 0 0 0 0
0.0642193 1.99307e-11 1.21357e-11 7.795e-12 0.391105 0.476106 0 0 0 0 0 0 0 0 0 0 0 0 0 0 0 0 0 0 0 0 0 0 0 0 0 0 0 0 0 0 0 0 0 0 0 0 0 0 0 0 0 0 0 0 0 0 0 0 0 0 0 0 0 0 0 0 0 0 0 0 0 0 0 0 0 0 0 0 0 0 0 0 0 0 0 0 0 0 0 0 0 0 0 0 0 0 0 0 0 0 0 0 0 0 0 0 0 0 0 0 0 0 0 0 0 0 0 0 0 0 0 0 0 0 0 0 0 0 0 0 0 0 0 0 0 0 0 0 0 0 0 0 0 0 0 0
0.0675157 2.26862e-11 1.38083e-11 8.87787e-12 0.391334 0.454744 0 0 0 0 0 0 0 0 0 0 0 0 0 0 0 0 0 0 0 0 0 0 0 0 0 0 0 0 0 0 0 0 0 0 0 0 0 0 0 0 0 0 0 0 0 0 0 0 0 0 0 0 0 0 0 0 0 0 0 0 0 0 0 0 0 0 0 0 0 0 0 0 0 0 0 0 0 0 0 0 0 0 0 0 0 0 0 0 0 0 0 0 0 0 0 0 0 0 0 0 0 0 0 0 0 0 0 0 0 0 0 0 0 0 0 0 0 0 0 0 0 0 0 0 0 0 0 0 0 0 0 0 0 0 0 0
0.0709813 2.54745e-11 1.57177e-11 9.75682e-12 0.383003 0.435899 0 0 0 0 0 0 0 0 0 0 0 0 0 0 0 0 0 0 0 0 0 0 0 0 0 0 0 0 0 0 0 0 0 0 0 0 0 0 0 0 0 0 0 0 0 0 0 0 0 0 0 0 0 0 0 0 0 0 0 0 0 0 0 0 0 0 0 0 0 0 0 0 0 0 0 0 0 0 0 0 0 0 0 0 0 0 0 0 0 0 0 0 0 0 0 0 0 0 0 0 0 0 0 0 0 0 0 0 0 0 0 0 0 0 0 0 0 0 0 0 0 0 0 0 0 0 0 0 0 0 0 0 0 0 0 0
0.0746248 2.69347e-11 1.67148e-11 1.02199e-11 0.379432 0.408051 0 0 0 0 0 0 0 0 0 0 0 0 0 0 0 0 0 0 0 0 0 0 0 0 0 0 0 0 0 0 0 0 0 0 0 0 0 0 0 0 0 0 0 0 0 0 0 0 0 0 0 0 0 0 0 0 0 0 0 0 0 0 0 0 0 0 0 0 0 0 0 0 0 0 0 0 0 0 0 0 0 0 0 0 0 0 0 0 0 0 0 0 0 0 0 0 0 0 0 0 0 0 0 0 0 0 0 0 0 0 0 0 0 0 0 0 0 0 0 0 0 0 0 0 0 0 0 0 0 0 0 0 0 0 0 0
0.0784553 2.70542e-11 1.67194e-11 1.03347e-11 0.382001 0.368172 0 0 0 0 0 0 0 0 0 0 0 0 0 0 0 0 0 0 0 0 0 0 0 0 0 0 0 0 0 0 0 0 0 0 0 0 0 0 0 0 0 0 0 0 0 0 0 0 0 0 0 0 0 0 0 0 0 0 0 0 0 0 0 0 0 0 0 0 0 0 0 0 0 0 0 0 0 0 0 0 0 0 0 0 0 0 0 0 0 0 0 0 0 0 0 0 0 0 0 0 0 0 0 0 0 0 0 0 0 0 0 0 0 0 0 0 0 0 0 0 0 0 0 0 0 0 0 0 0 0 0 0 0 0 0 0
0.0824824 2.65743e-11 1.63493e-11 1.02249e-11 0.384768 0.321539 0 0 0 0 0 0 0 0 0 0 0 0 0 0 0 0 0 0 0 0 0 0 0 0 0 0 0 0 0 0 0 0 0 0 0 0 0 0 0 0 0 0 0 0 0 0 0 0 0 0 0 0 0 0 0 0 0 0 0 0 0 0 0 0 0 0 0 0 0 0 0 0 0 0 0 0 0 0 0 0 0 0 0 0 0 0 0 0 0 0 0 0 0 0 0 0 0 0 0 0 0 0 0 0 0 0 0 0 0 0 0 0 0 0 0 0 0 0 0 0 0 0 0 0 0 0 0 0 0 0 0 0 0 0 0 0
0.0867162 2.66955e-11 1.63366e-11 1.03589e-11 0.388038 0.281069 0 0 0 0 0 0 0 0 0 0 0 0 0 0 0 0 0 0 0 0 0 0 0 0 0 0 0 0 0 0 0 0 0 0 0 0 0 0 0 0 0 0 0 0 0 0 0 0 0 0 0 0 0 0 0 0 0 0 0 0 0 0 0 0 0 0 0 0 0 0 0 0 0 0 0 0 0 0 0 0 0 0 0 0 0 0 0 0 0 0 0 0 0 0 0 0 0 0 0 0 0 0 0 0 0 0 0 0 0 0 0 0 0 0 0 0 0 0 0 0 0 0 0 0 0 0 0 0 0 0 0 0 0 0 0 0
0.0911674 2.74509e-11 1.65453e-11 1.09056e-11 0.397278 0.24487 0 0 0 0 0 0 0 0 0 0 0 0 0 0 0 0 0 0 0 0 0 0 0 0 0 0 0 0 0 0 0 0 0 0 0 0 0 0 0 0 0 0 0 0 0 0 0 0 0 0 0 0 0 0 0 0 0 0 0 0 0 0 0 0 0 0 0 0 0 0 0 0 0 0 0 0 0 0 0 0 0 0 0 0 0 0 0 0 0 0 0 0 0 0 0 0 0 0 0 0 0 0 0 0 0 0 0 0 0 0 0 0 0 0 0 0 0 0 0 0 0 0 0 0 0 0 0 0 0 0 0 0 0 0 0 0
0.095847 2.81581e-11 1.66074e-11 1.15507e-11 0.410209 0.214987 0 0 0 0 0 0 0 0 0 0 0 0 0 0 0 0 0 0 0 0 0 0 0 0 0 0 0 0 0 0 0 0 0 0 0 0 0 0 0 0 0 0 0 0 0 0 0 0 0 0 0 0 0 0 0 0 0 0 0 0 0 0 0 0 0 0 0 0 0 0 0 0 0 0 0 0 0 0 0 0 0 0 0 0 0 0 0 0 0 0 0 0 0 0 0 0 0 0 0 0 0 0 0 0 0 0 0 0 0 0 0 0 0 0 0 0 0 0 0 0 0 0 0 0 0 0 0 0 0 0 0 0 0 0 0 0
0.100767 2.78735e-11 1.64019e-11 1.14717e-11 0.411561 0.205821 0 0 0 0 0 0 0 0 0 0 0 0 0 0 0 0 0 0 0 0 0 0 0 0 0 0 0 0 0 0 0 0 0 0 0 0 0 0 0 0 0 0 0 0 0 0 0 0 0 0 0 0 0 0 0 0 0 0 0 0 0 0 0 0 0 0 0 0 0 0 0 0 0 0 0 0 0 0 0 0 0 0 0 0 0 0 0 0 0 0 0 0 0 0 0 0 0 0 0 0 0 0 0 0 0 0 0 0 0 0 0 0 0 0 0 0 0 0 0 0 0 0 0 0 0 0 0 0 0 0 0 0 0 0 0 0
0.105939 2.62274e-11 1.52156e-11 1.10118e-11 0.419859 0.220271 0 0 0 0 0 0 0 0 0 0 0 0 0 0 0 0 0 0 0 0 0 0 0 0 0 0 0 0 0 0 0 0 0 0 0 0 0 0 0 0 0 0 0 0 0 0 0 0 0 0 0 0 0 0 0 0 0 0 0 0 0 0 0 0 0 0 0 0 0 0 0 0 0 0 0 0 0 0 0 0 0 0 0 0 0 0 0 0 0 0 0 0 0 0 0 0 0 0 0 0 0 0 0 0 0 0 0 0 0 0 0 0 0 0 0 0 0 0 0 0 0 0 0 0 0 0 0 0 0 0 0 0 0 0 0 0
0.111377 2.13315e-11 1.24433e-11 8.88827e-12 0.416673 0.220242 0 0 0 0 0 0 0 0 0 0 0 0 0 0 0 0 0 0 0 0 0 0 0 0 0 0 0 0 0 0 0 0 0 0 0 0 0 0 0 0 0 0 0 0 0 0 0 0 0 0 0 0 0 0 0 0 0 0 0 0 0 0 0 0 0 0 0 0 0 0 0 0 0 0 0 0 0 0 0 0 0 0 0 0 0 0 0 0 0 0 0 0 0 0 0 0 0 0 0 0 0 0 0 0 0 0 0 0 0 0 0 0 0 0 0 0 0 0 0 0 0 0 0 0 0 0 0 0 0 0 0 0 0 0 0 0
0.117094 1.6446e-11 1.00238e-11 6.42214e-12 0.3905 0.225001 0 0 0 0 0 0 0 0 0 0 0 0 0 0 0 0 0 0 0 0 0 0 0 0 0 0 0 0 0 0 0 0 0 0 0 0 0 0 0 0 0 0 0 0 0 0 0 0 0 0 0 0 0 0 0 0 0 0 0 0 0 0 0 0 0 0 0 0 0 0 0 0 0 0 0 0 0 0 0 0 0 0 0 0 0 0 0 0 0 0 0 0 0 0 0 0 0 0 0 0 0 0 0 0 0 0 0 0 0 0 0 0 0 0 0 0 0 0 0 0 0 0 0 0 0 0 0 0 0 0 0 0 0 0 0 0
0.123105 1.14834e-11 7.1241e-12 4.35931e-12 0.379618 0.207418 0 0 0 0 0 0 0 0 0 0 0 0 0 0 0 0 0 0 0 0 0 0 0 0 0 0 0 0 0 0 0 0 0 0 0 0 0 0 0 0 0 0 0 0 0 0 0 0 0 0 0 0 0 0 0 0 0 0 0 0 0 0 0 0 0 0 0 0 0 0 0 0 0 0 0 0 0 0 0 0 0 0 0 0 0 0 0 0 0 0 0 0 0 0 0 0 0 0 0 0 0 0 0 0 0 0 0 0 0 0 0 0 0 0 0 0 0 0 0 0 0 0 0 0 0 0 0 0 0 0 0 0 0 0 0 0
0.129424 7.83986e-12 5.08464e-12 2.75522e-12 0.351437 0.17148 0 0 0 0 0 0 0 0 0 0 0 0 0 0 0 0 0 0 0 0 0 0 0 0 0 0 0 0 0 0 0 0 0 0 0 0 0 0 0 0 0 0 0 0 0 0 0 0 0 0 0 0 0 0 0 0 0 0 0 0 0 0 0 0 0 0 0 0 0 0 0 0 0 0 0 0 0 0 0 0 0 0 0 0 0 0 0 0 0 0 0 0 0 0 0 0 0 0 0 0 0 0 0 0 0 0 0 0 0 0 0 0 0 0 0 0 0 0 0 0 0 0 0 0 0 0 0 0 0 0 0 0 0 0 0 0
0.136067 5.97797e-12 4.23284e-12 1.74513e-12 0.291927 0.142007 0 0 0 0 0 0 0 0 0 0 0 0 0 0 0 0 0 0 0 0 0 0 0 0 0 0 0 0 0 0 0 0 0 0 0 0 0 0 0 0 0 0 0 0 0 0 0 0 0 0 0 0 0 0 0 0 0 0 0 0 0 0 0 0 0 0 0 0 0 0 0 0 0 0 0 0 0 0 0 0 0 0 0 0 0 0 0 0 0 0 0 0 0 0 0 0 0 0 0 0 0 0 0 0 0 0 0 0 0 0 0 0 0 0 0 0 0 0 0 0 0 0 0 0 0 0 0 0 0 0 0 0 0 0 0 0
0.143051 5.04257e-12 3.91587e-12 1.1267e-12 0.223437 0.119948 0 0 0 0 0 0 0 0 0 0 0 0 0 0 0 0 0 0 0 0 0 0 0 0 0 0 0 0 0 0 0 0 0 0 0 0 0 0 0 0 0 0 0 0 0 0 0 0 0 0 0 0 0 0 0 0 0 0 0 0 0 0 0 0 0 0 0 0 0 0 0 0 0 0 0 0 0 0 0 0 0 0 0 0 0 0 0 0 0 0 0 0 0 0 0 0 0 0 0 0 0 0 0 0 0 0 0 0 0 0 0 0 0 0 0 0 0 0 0 0 0 0 0 0 0 0 0 0 0 0 0 0 0 0 0 0
0.150394 4.80929e-12 4.06109e-12 7.48207e-13 0.155575 0.102236 0 0 0 0 0 0 0 0 0 0 0 0 0 0 0 0 0 0 0 0 0 0 0 0 0 0 0 0 0 0 0 0 0 0 0 0 0 0 0 0 0 0 0 0 0 0 0 0 0 0 0 0 0 0 0 0 0 0 0 0 0 0 0 0 0 0 0 0 0 0 0 0 0 0 0 0 0 0 0 0 0 0 0 0 0 0 0 0 0 0 0 0 0 0 0 0 0 0 0 0 0 0 0 0 0 0 0 0 0 0 0 0 0 0 0 0 0 0 0 0 0 0 0 0 0 0 0 0 0 0 0 0 0 0 0 0
0.158114 5.07093e-12 4.5284e-12 5.4253e-13 0.106988 0.0879156 0 0 0 0 0 0 0 0 0 0 0 0 0 0 0 0 0 0 0 0 0 0 0 0 0 0 0 0 0 0 0 0 0 0 0 0 0 0 0 0 0 0 0 0 0 0 0 0 0 0 0 0 0 0 0 0 0 0 0 0 0 0 0 0 0 0 0 0 0 0 0 0 0 0 0 0 0 0 0 0 0 0 0 0 0 0 0 0 0 0 0 0 0 0 0 0 0 0 0 0 0 0 0 0 0 0 0 0 0 0 0 0 0 0 0 0 0 0 0 0 0 0 0 0 0 0 0 0 0 0 0 0 0 0 0 0
0.16623 5.73862e-12 5.26739e-12 4.71233e-13 0.082116 0.0762317 0 0 0 0 0 0 0 0 0 0 0 0 0 0 0 0 0 0 0 0 0 0 0 0 0 0 0 0 0 0 0 0 0 0 0 0 0 0 0 0 0 0 0 0 0 0 0 0 0 0 0 0 0 0 0 0 0 0 0 0 0 0 0 0 0 0 0 0 0 0 0 0 0 0 0 0 0 0 0 0 0 0 0 0 0 0 0 0 0 0 0 0 0 0 0 0 0 0 0 0 0 0 0 0 0 0 0 0 0 0 0 0 0 0 0 0 0 0 0 0 0 0 0 0 0 0 0 0 0 0 0 0 0 0 0 0
0.174762 6.90592e-12 6.38619e-12 5.19734e-13 0.0752591 0.0663056 0 0 0 0 0 0 0 0 0 0 0 0 0 0 0 0 0 0 0 0 0 0 0 0 0 0 0 0 0 0 0 0 0 0 0 0 0 0 0 0 0 0 0 0 0 0 0 0 0 0 0 0 0 0 0 0 0 0 0 0 0 0 0 0 0 0 0 0 0 0 0 0 0 0 0 0 0 0 0 0 0 0 0 0 0 0 0 0 0 0 0 0 0 0 0 0 0 0 0 0 0 0 0 0 0 0 0 0 0 0 0 0 0 0 0 0 0 0 0 0 0 0 0 0 0 0 0 0 0 0 0 0 0 0 0 0
0.183733 8.63772e-12 7.96284e-12 6.74875e-13 0.0781312 0.0572586 0 0 0 0 0 0 0 0 0 0 0 0 0 0 0 0 0 0 0 0 0 0 0 0 0 0 0 0 0 0 0 0 0 0 0 0 0 0 0 0 0 0 0 0 0 0 0 0 0 0 0 0 0 0 0 0 0 0 0 0 0 0 0 0 0 0 0 0 0 0 0 0 0 0 0 0 0 0 0 0 0 0 0 0 0 0 0 0 0 0 0 0 0 0 0 0 0 0 0 0 0 0 0 0 0 0 0 0 0 0 0 0 0 0 0 0 0 0 0 0 0 0 0 0 0 0 0 0 0 0 0 0 0 0 0 0
0.193164 1.14213e-11 1.04241e-11 9.97233e-13 0.0873133 0.0483997 0 0 0 0 0 0 0 0 0 0 0 0 0 0 0 0 0 0 0 0 0 0 0 0 0 0 0 0 0 0 0 0 0 0 0 0 0 0 0 0 0 0 0 0 0 0 0 0 0 0 0 0 0 0 0 0 0 0 0 0 0 0 0 0 0 0 0 0 0 0 0 0 0 0 0 0 0 0 0 0 0 0 0 0 0 0 0 0 0 0 0 0 0 0 0 0 0 0 0 0 0 0 0 0 0 0 0 0 0 0 0 0 0 0 0 0 0 0 0 0 0 0 0 0 0 0 0 0 0 0 0 0 0 0 0 0
0.203079 1.54114e-11 1.38756e-11 1.53584e-12 0.0996563 0.0392038 0 0 0 0 0 0 0 0 0 0 0 0 0 0 0 0 0 0 0 0 0 0 0 0 0 0 0 0 0 0 0 0 0 0 0 0 0 0 0 0 0 0 0 0 0 0 0 0 0 0 0 0 0 0 0 0 0 0 0 0 0 0 0 0 0 0 0 0 0 0 0 0 0 0 0 0 0 0 0 0 0 0 0 0 0 0 0 0 0 0 0 0 0 0 0 0 0 0 0 0 0 0 0 0 0 0 0 0 0 0 0 0 0 0 0 0 0 0 0 0 0 0 0 0 0 0 0 0 0 0 0 0 0 0 0 0
0.213503 1.92072e-11 1.70323e-11 2.17486e-12 0.113231 0.0301876 0 0 0 0 0 0 0 0 0 0 0 0 0 0 0 0 0 0 0 0 0 0 0 0 0 0 0 0 0 0 0 0 0 0 0 0 0 0 0 0 0 0 0 0 0 0 0 0 0 0 0 0 0 0 0 0 0 0 0 0 0 0 0 0 0 0 0 0 0 0 0 0 0 0 0 0 0 0 0 0 0 0 0 0 0 0 0 0 0 0 0 0 0 0 0 0 0 0 0 0 0 0 0 0 0 0 0 0 0 0 0 0 0 0 0 0 0 0 0 0 0 0 0 0 0 0 0 0 0 0 0 0 0 0 0 0
0.224463 1.84683e-11 1.61943e-11 2.27405e-12 0.123132 0.0226255 0 0 0 0 0 0 0 0 0 0 0 0 0 0 0 0 0 0 0 0 0 0 0 0 0 0 0 0 0 0 0 0 0 0 0 0 0 0 0 0 0 0 0 0 0 0 0 0 0 0 0 0 0 0 0 0 0 0 0 0 0 0 0 0 0 0 0 0 0 0 0 0 0 0 0 0 0 0 0 0 0 0 0 0 0 0 0 0 0 0 0 0 0 0 0 0 0 0 0 0 0 0 0 0 0 0 0 0 0 0 0 0 0 0 0 0 0 0 0 0 0 0 0 0 0 0 0 0 0 0 0 0 0 0 0 0
0.235984 1.39548e-11 1.2229e-11 1.72583e-12 0.123673 0.0167493 0 0 0 0 0 0 0 0 0 0 0 0 0 0 0 0 0 0 0 0 0 0 0 0 0 0 0 0 0 0 0 0 0 0 0 0 0 0 0 0 0 0 0 0 0 0 0 0 0 0 0 0 0 0 0 0 0 0 0 0 0 0 0 0 0 0 0 0 0 0 0 0 0 0 0 0 0 0 0 0 0 0 0 0 0 0 0 0 0 0 0 0 0 0 0 0 0 0 0 0 0 0 0 0 0 0 0 0 0 0 0 0 0 0 0 0 0 0 0 0 0 0 0 0 0 0 0 0 0 0 0 0 0 0 0 0
0.248097 9.95585e-12 8.82612e-12 1.12973e-12 0.113474 0.0128057 0 0 0 0 0 0 0 0 0 0 0 0 0 0 0 0 0 0 0 0 0 0 0 0 0 0 0 0 0 0 0 0 0 0 0 0 0 0 0 0 0 0 0 0 0 0 0 0 0 0 0 0 0 0 0 0 0 0 0 0 0 0 0 0 0 0 0 0 0 0 0 0 0 0 0 0 0 0 0 0 0 0 0 0 0 0 0 0 0 0 0 0 0 0 0 0 0 0 0 0 0 0 0 0 0 0 0 0 0 0 0 0 0 0 0 0 0 0 0 0 0 0 0 0 0 0 0 0 0 0 0 0 0 0 0 0
0.260832 7.7179e-12 6.95721e-12 7.60689e-13 0.0985616 0.0117408 0 0 0 0 0 0 0 0 0 0 0 0 0 0 0 0 0 0 0 0 0 0 0 0 0 0 0 0 0 0 0 0 0 0 0 0 0 0 0 0 0 0 0 0 0 0 0 0 0 0 0 0 0 0 0 0 0 0 0 0 0 0 0 0 0 0 0 0 0 0 0 0 0 0 0 0 0 0 0 0 0 0 0 0 0 0 0 0 0 0 0 0 0 0 0 0 0 0 0 0 0 0 0 0 0 0 0 0 0 0 0 0 0 0 0 0 0 0 0 0 0 0 0 0 0 0 0 0 0 0 0 0 0 0 0 0
0.274221 6.30095e-12 5.76362e-12 5.37331e-13 0.0852777 0.0135873 0 0 0 0 0 0 0 0 0 0 0 0 0 0 0 0 0 0 0 0 0 0 0 0 0 0 0 0 0 0 0 0 0 0 0 0 0 0 0 0 0 0 0 0 0 0 0 0 0 0 0 0 0 0 0 0 0 0 0 0 0 0 0 0 0 0 0 0 0 0 0 0 0 0 0 0 0 0 0 0 0 0 0 0 0 0 0 0 0 0 0 0 0 0 0 0 0 0 0 0 0 0 0 0 0 0 0 0 0 0 0 0 0 0 0 0 0 0 0 0 0 0 0 0 0 0 0 0 0 0 0 0 0 0 0 0
0.288297 5.36213e-12 4.96893e-12 3.93203e-13 0.0733295 0.0179318 0 0 0 0 0 0 0 0 0 0 0 0 0 0 0 0 0 0 0 0 0 0 0 0 0 0 0 0 0 0 0 0 0 0 0 0 0 0 0 0 0 0 0 0 0 0 0 0 0 0 0 0 0 0 0 0 0 0 0 0 0 0 0 0 0 0 0 0 0 0 0 0 0 0 0 0 0 0 0 0 0 0 0 0 0 0 0 0 0 0 0 0 0 0 0 0 0 0 0 0 0 0 0 0 0 0 0 0 0 0 0 0 0 0 0 0 0 0 0 0 0 0 0 0 0 0 0 0 0 0 0 0 0 0 0 0
0.303095 4.6336e-12 4.33457e-12 2.99025e-13 0.0645342 0.0206146 0 0 0 0 0 0 0 0 0 0 0 0 0 0 0 0 0 0 0 0 0 0 0 0 0 0 0 0 0 0 0 0 0 0 0 0 0 0 0 0 0 0 0 0 0 0 0 0 0 0 0 0 0 0 0 0 0 0 0 0 0 0 0 0 0 0 0 0 0 0 0 0 0 0 0 0 0 0 0 0 0 0 0 0 0 0 0 0 0 0 0 0 0 0 0 0 0 0 0 0 0 0 0 0 0 0 0 0 0 0 0 0 0 0 0 0 0 0 0 0 0 0 0 0 0 0 0 0 0 0 0 0 0 0 0 0
0.318653 4.00852e-12 3.77821e-12 2.30317e-13 0.0574568 0.0220992 0 0 0 0 0 0 0 0 0 0 0 0 0 0 0 0 0 0 0 0 0 0 0 0 0 0 0 0 0 0 0 0 0 0 0 0 0 0 0 0 0 0 0 0 0 0 0 0 0 0 0 0 0 0 0 0 0 0 0 0 0 0 0 0 0 0 0 0 0 0 0 0 0 0 0 0 0 0 0 0 0 0 0 0 0 0 0 0 0 0 0 0 0 0 0 0 0 0 0 0 0 0 0 0 0 0 0 0 0 0 0 0 0 0 0 0 0 0 0 0 0 0 0 0 0 0 0 0 0 0 0 0 0 0 0 0
0.335009 3.51364e-12 3.33391e-12 1.79737e-13 0.051154 0.0222103 0 0 0 0 0 0 0 0 0 0 0 0 0 0 0 0 0 0 0 0 0 0 0 0 0 0 0 0 0 0 0 0 0 0 0 0 0 0 0 0 0 0 0 0 0 0 0 0 0 0 0 0 0 0 0 0 0 0 0 0 0 0 0 0 0 0 0 0 0 0 0 0 0 0 0 0 0 0 0 0 0 0 0 0 0 0 0 0 0 0 0 0 0 0 0 0 0 0 0 0 0 0 0 0 0 0 0 0 0 0 0 0 0 0 0 0 0 0 0 0 0 0 0 0 0 0 0 0 0 0 0 0 0 0 0 0
0.352205 3.12754e-12 2.98534e-12 1.42201e-13 0.0454673 0.0213855 0 0 0 0 0 0 0 0 0 0 0 0 0 0 0 0 0 0 0 0 0 0 0 0 0 0 0 0 0 0 0 0 0 0 0 0 0 0 0 0 0 0 0 0 0 0 0 0 0 0 0 0 0 0 0 0 0 0 0 0 0 0 0 0 0 0 0 0 0 0 0 0 0 0 0 0 0 0 0 0 0 0 0 0 0 0 0 0 0 0 0 0 0 0 0 0 0 0 0 0 0 0 0 0 0 0 0 0 0 0 0 0 0 0 0 0 0 0 0 0 0 0 0 0 0 0 0 0 0 0 0 0 0 0 0 0
0.370284 2.81043e-12 2.69681e-12 1.13624e-13 0.0404293 0.0201963 0 0 0 0 0 0 0 0 0 0 0 0 0 0 0 0 0 0 0 0 0 0 0 0 0 0 0 0 0 0 0 0 0 0 0 0 0 0 0 0 0 0 0 0 0 0 0 0 0 0 0 0 0 0 0 0 0 0 0 0 0 0 0 0 0 0 0 0 0 0 0 0 0 0 0 0 0 0 0 0 0 0 0 0 0 0 0 0 0 0 0 0 0 0 0 0 0 0 0 0 0 0 0 0 0 0 0 0 0 0 0 0 0 0 0 0 0 0 0 0 0 0 0 0 0 0 0 0 0 0 0 0 0 0 0 0
0.389291 2.52742e-12 2.43584e-12 9.15752e-14 0.0362327 0.0189723 0 0 0 0 0 0 0 0 0 0 0 0 0 0 0 0 0 0 0 0 0 0 0 0 0 0 0 0 0 0 0 0 0 0 0 0 0 0 0 0 0 0 0 0 0 0 0 0 0 0 0 0 0 0 0 0 0 0 0 0 0 0 0 0 0 0 0 0 0 0 0 0 0 0 0 0 0 0 0 0 0 0 0 0 0 0 0 0 0 0 0 0 0 0 0 0 0 0 0 0 0 0 0 0 0 0 0 0 0 0 0 0 0 0 0 0 0 0 0 0 0 0 0 0 0 0 0 0 0 0 0 0 0 0 0 0
0.409273 2.26831e-12 2.19423e-12 7.40743e-14 0.0326562 0.0177436 0 0 0 0 0 0 0 0 0 0 0 0 0 0 0 0 0 0 0 0 0 0 0 0 0 0 0 0 0 0 0 0 0 0 0 0 0 0 0 0 0 0 0 0 0 0 0 0 0 0 0 0 0 0 0 0 0 0 0 0 0 0 0 0 0 0 0 0 0 0 0 0 0 0 0 0 0 0 0 0 0 0 0 0 0 0 0 0 0 0 0 0 0 0 0 0 0 0 0 0 0 0 0 0 0 0 0 0 0 0 0 0 0 0 0 0 0 0 0 0 0 0 0 0 0 0 0 0 0 0 0 0 0 0 0 0
0.430281 2.02921e-12 1.9692e-12 6.00058e-14 0.029571 0.0165514 0 0 0 0 0 0 0 0 0 0 0 0 0 0 0 0 0 0 0 0 0 0 0 0 0 0 0 0 0 0 0 0 0 0 0 0 0 0 0 0 0 0 0 0 0 0 0 0 0 0 0 0 0 0 0 0 0 0 0 0 0 0 0 0 0 0 0 0 0 0 0 0 0 0 0 0 0 0 0 0 0 0 0 0 0 0 0 0 0 0 0 0 0 0 0 0 0 0 0 0 0 0 0 0 0 0 0 0 0 0 0 0 0 0 0 0 0 0 0 0 0 0 0 0 0 0 0 0 0 0 0 0 0 0 0 0
0.452368 1.82533e-12 1.77671e-12 4.86208e-14 0.0266367 0.015284 0 0 0 0 0 0 0 0 0 0 0 0 0 0 0 0 0 0 0 0 0 0 0 0 0 0 0 0 0 0 0 0 0 0 0 0 0 0 0 0 0 0 0 0 0 0 0 0 0 0 0 0 0 0 0 0 0 0 0 0 0 0 0 0 0 0 0 0 0 0 0 0 0 0 0 0 0 0 0 0 0 0 0 0 0 0 0 0 0 0 0 0 0 0 0 0 0 0 0 0 0 0 0 0 0 0 0 0 0 0 0 0 0 0 0 0 0 0 0 0 0 0 0 0 0 0 0 0 0 0 0 0 0 0 0 0
0.475588 1.64475e-12 1.60531e-12 3.94366e-14 0.0239773 0.0140525 0 0 0 0 0 0 0 0 0 0 0 0 0 0 0 0 0 0 0 0 0 0 0 0 0 0 0 0 0 0 0 0 0 0 0 0 0 0 0 0 0 0 0 0 0 0 0 0 0 0 0 0 0 0 0 0 0 0 0 0 0 0 0 0 0 0 0 0 0 0 0 0 0 0 0 0 0 0 0 0 0 0 0 0 0 0 0 0 0 0 0 0 0 0 0 0 0 0 0 0 0 0 0 0 0 0 0 0 0 0 0 0 0 0 0 0 0 0 0 0 0 0 0 0 0 0 0 0 0 0 0 0 0 0 0 0
0.5 1.4932e-12 1.46111e-12 3.20837e-14 0.0214866 0.0128557 0 0 0 0 0 0 0 0 0 0 0 0 0 0 0 0 0 0 0 0 0 0 0 0 0 0 0 0 0 0 0 0 0 0 0 0 0 0 0 0 0 0 0 0 0 0 0 0 0 0 0 0 0 0 0 0 0 0 0 0 0 0 0 0 0 0 0 0 0 0 0 0 0 0 0 0 0 0 0 0 0 0 0 0 0 0 0 0 0 0 0 0 0 0 0 0 0 0 0 0 0 0 0 0 0 0 0 0 0 0 0 0 0 0 0 0 0 0 0 0 0 0 0 0 0 0 0 0 0 0 0 0 0 0 0 0
0.525665 1.36377e-12 1.33763e-12 2.61378e-14 0.0191659 0.0117143 0 0 0 0 0 0 0 0 0 0 0 0 0 0 0 0 0 0 0 0 0 0 0 0 0 0 0 0 0 0 0 0 0 0 0 0 0 0 0 0 0 0 0 0 0 0 0 0 0 0 0 0 0 0 0 0 0 0 0 0 0 0 0 0 0 0 0 0 0 0 0 0 0 0 0 0 0 0 0 0 0 0 0 0 0 0 0 0 0 0 0 0 0 0 0 0 0 0 0 0 0 0 0 0 0 0 0 0 0 0 0 0 0 0 0 0 0 0 0 0 0 0 0 0 0 0 0 0 0 0 0 0 0 0 0 0
0.552648 1.24497e-12 1.22366e-12 2.13077e-14 0.0171151 0.0106703 0 0 0 0 0 0 0 0 0 0 0 0 0 0 0 0 0 0 0 0 0 0 0 0 0 0 0 0 0 0 0 0 0 0 0 0 0 0 0 0 0 0 0 0 0 0 0 0 0 0 0 0 0 0 0 0 0 0 0 0 0 0 0 0 0 0 0 0 0 0 0 0 0 0 0 0 0 0 0 0 0 0 0 0 0 0 0 0 0 0 0 0 0 0 0 0 0 0 0 0 0 0 0 0 0 0 0 0 0 0 0 0 0 0 0 0 0 0 0 0 0 0 0 0 0 0 0 0 0 0 0 0 0 0 0 0
0.581015 1.14695e-12 1.12949e-12 1.74607e-14 0.0152235 0.00969275 0 0 0 0 0 0 0 0 0 0 0 0 0 0 0 0 0 0 0 0 0 0 0 0 0 0 0 0 0 0 0 0 0 0 0 0 0 0 0 0 0 0 0 0 0 0 0 0 0 0 0 0 0 0 0 0 0 0 0 0 0 0 0 0 0 0 0 0 0 0 0 0 0 0 0 0 0 0 0 0 0 0 0 0 0 0 0 0 0 0 0 0 0 0 0 0 0 0 0 0 0 0 0 0 0 0 0 0 0 0 0 0 0 0 0 0 0 0 0 0 0 0 0 0 0 0 0 0 0 0 0 0 0 0 0 0
0.610839 1.05585e-12 1.04154e-12 1.43156e-14 0.0135583 0.0088055 0 0 0 0 0 0 0 0 0 0 0 0 0 0 0 0 0 0 0 0 0 0 0 0 0 0 0 0 0 0 0 0 0 0 0 0 0 0 0 0 0 0 0 0 0 0 0 0 0 0 0 0 0 0 0 0 0 0 0 0 0 0 0 0 0 0 0 0 0 0 0 0 0 0 0 0 0 0 0 0 0 0 0 0 0 0 0 0 0 0 0 0 0 0 0 0 0 0 0 0 0 0 0 0 0 0 0 0 0 0 0 0 0 0 0 0 0 0 0 0 0 0 0 0 0 0 0 0 0 0 0 0 0 0 0 0
0.642193 9.70913e-13 9.59175e-13 1.17373e-14 0.0120889 0.00799913 0 0 0 0 0 0 0 0 0 0 0 0 0 0 0 0 0 0 0 0 0 0 0 0 0 0 0 0 0 0 0 0 0 0 0 0 0 0 0 0 0 0 0 0 0 0 0 0 0 0 0 0 0 0 0 0 0 0 0 0 0 0 0 0 0 0 0 0 0 0 0 0 0 0 0 0 0 0 0 0 0 0 0 0 0 0 0 0 0 0 0 0 0 0 0 0 0 0 0 0 0 0 0 0 0 0 0 0 0 0 0 0 0 0 0 0 0 0 0 0 0 0 0 0 0 0 0 0 0 0 0 0 0 0 0 0
0.675157 8.93779e-13 8.84143e-13 9.63627e-15 0.0107815 0.00726889 0 0 0 0 0 0 0 0 0 0 0 0 0 0 0 0 0 0 0 0 0 0 0 0 0 0 0 0 0 0 0 0 0 0 0 0 0 0 0 0 0 0 0 0 0 0 0 0 0 0 0 0 0 0 0 0 0 0 0 0 0 0 0 0 0 0 0 0 0 0 0 0 0 0 0 0 0 0 0 0 0 0 0 0 0 0 0 0 0 0 0 0 0 0 0 0 0 0 0 0 0 0 0 0 0 0 0 0 0 0 0 0 0 0 0 0 0 0 0 0 0 0 0 0 0 0 0 0 0 0 0 0 0 0 0 0
0.709813 8.23754e-13 8.15827e-13 7.92625e-15 0.00962211 0.00661262 0 0 0 0 0 0 0 0 0 0 0 0 0 0 0 0 0 0 0 0 0 0 0 0 0 0 0 0 0 0 0 0 0 0 0 0 0 0 0 0 0 0 0 0 0 0 0 0 0 0 0 0 0 0 0 0 0 0 0 0 0 0 0 0 0 0 0 0 0 0 0 0 0 0 0 0 0 0 0 0 0 0 0 0 0 0 0 0 0 0 0 0 0 0 0 0 0 0 0 0 0 0 0 0 0 0 0 0 0 0 0 0 0 0 0 0 0 0 0 0 0 0 0 0 0 0 0 0 0 0 0 0 0 0 0 0
0.746248 7.59085e-13 7.52563e-13 6.52178e-15 0.00859164 0.00602573 0 0 0 0 0 0 0 0 0 0 0 0 0 0 0 0 0 0 0 0 0 0 0 0 0 0 0 0 0 0 0 0 0 0 0 0 0 0 0 0 0 0 0 0 0 0 0 0 0 0 0 0 0 0 0 0 0 0 0 0 0 0 0 0 0 0 0 0 0 0 0 0 0 0 0 0 0 0 0 0 0 0 0 0 0 0 0 0 0 0 0 0 0 0 0 0 0 0 0 0 0 0 0 0 0 0 0 0 0 0 0 0 0 0 0 0 0 0 0 0 0 0 0 0 0 0 0 0 0 0 0 0 0 0 0 0
0.784553 6.98676e-13 6.93311e-13 5.36519e-15 0.00767909 0.00549212 0 0 0 0 0 0 0 0 0 0 0 0 0 0 0 0 0 0 0 0 0 0 0 0 0 0 0 0 0 0 0 0 0 0 0 0 0 0 0 0 0 0 0 0 0 0 0 0 0 0 0 0 0 0 0 0 0 0 0 0 0 0 0 0 0 0 0 0 0 0 0 0 0 0 0 0 0 0 0 0 0 0 0 0 0 0 0 0 0 0 0 0 0 0 0 0 0 0 0 0 0 0 0 0 0 0 0 0 0 0 0 0 0 0 0 0 0 0 0 0 0 0 0 0 0 0 0 0 0 0 0 0 0 0 0 0
0.824824 6.42959e-13 6.38546e-13 4.41325e-15 0.00686397 0.00501293 0 0 0 0 0 0 0 0 0 0 0 0 0 0 0 0 0 0 0 0 0 0 0 0 0 0 0 0 0 0 0 0 0 0 0 0 0 0 0 0 0 0 0 0 0 0 0 0 0 0 0 0 0 0 0 0 0 0 0 0 0 0 0 0 0 0 0 0 0 0 0 0 0 0 0 0 0 0 0 0 0 0 0 0 0 0 0 0 0 0 0 0 0 0 0 0 0 0 0 0 0 0 0 0 0 0 0 0 0 0 0 0 0 0 0 0 0 0 0 0 0 0 0 0 0 0 0 0 0 0 0 0 0 0 0 0
0.867162 5.91486e-13 5.87854e-13 3.63197e-15 0.00614042 0.00458145 0 0 0 0 0 0 0 0 0 0 0 0 0 0 0 0 0 0 0 0 0 0 0 0 0 0 0 0 0 0 0 0 0 0 0 0 0 0 0 0 0 0 0 0 0 0 0 0 0 0 0 0 0 0 0 0 0 0 0 0 0 0 0 0 0 0 0 0 0 0 0 0 0 0 0 0 0 0 0 0 0 0 0 0 0 0 0 0 0 0 0 0 0 0 0 0 0 0 0 0 0 0 0 0 0 0 0 0 0 0 0 0 0 0 0 0 0 0 0 0 0 0 0 0 0 0 0 0 0 0 0 0 0 0 0 0
0.911674 5.43666e-13 5.40678e-13 2.98771e-15 0.00549549 0.00419085 0 0 0 0 0 0 0 0 0 0 0 0 0 0 0 0 0 0 0 0 0 0 0 0 0 0 0 0 0 0 0 0 0 0 0 0 0 0 0 0 0 0 0 0 0 0 0 0 0 0 0 0 0 0 0 0 0 0 0 0 0 0 0 0 0 0 0 0 0 0 0 0 0 0 0 0 0 0 0 0 0 0 0 0 0 0 0 0 0 0 0 0 0 0 0 0 0 0 0 0 0 0 0 0 0 0 0 0 0 0 0 0 0 0 0 0 0 0 0 0 0 0 0 0 0 0 0 0 0 0 0 0 0 0 0 0
0.95847 4.99731e-13 4.97275e-13 2.45591e-15 0.00491446 0.00384076 0 0 0 0 0 0 0 0 0 0 0 0 0 0 0 0 0 0 0 0 0 0 0 0 0 0 0 0 0 0 0 0 0 0 0 0 0 0 0 0 0 0 0 0 0 0 0 0 0 0 0 0 0 0 0 0 0 0 0 0 0 0 0 0 0 0 0 0 0 0 0 0 0 0 0 0 0 0 0 0 0 0 0 0 0 0 0 0 0 0 0 0 0 0 0 0 0 0 0 0 0 0 0 0 0 0 0 0 0 0 0 0 0 0 0 0 0 0 0 0 0 0 0 0 0 0 0 0 0 0 0 0 0 0 0 0
1.00767 4.58996e-13 4.56977e-13 2.01909e-15 0.00439892 0.00352259 0 0 0 0 0 0 0 0 0 0 0 0 0 0 0 0 0 0 0 0 0 0 0 0 0 0 0 0 0 0 0 0 0 0 0 0 0 0 0 0 0 0 0 0 0 0 0 0 0 0 0 0 0 0 0 0 0 0 0 0 0 0 0 0 0 0 0 0 0 0 0 0 0 0 0 0 0 0 0 0 0 0 0 0 0 0 0 0 0 0 0 0 0 0 0 0 0 0 0 0 0 0 0 0 0 0 0 0 0 0 0 0 0 0 0 0 0 0 0 0 0 0 0 0 0 0 0 0 0 0 0 0 0 0 0 0
1.05939 4.22122e-13 4.20462e-13 1.6594e-15 0.00393109 0.00323394 0 0 0 0 0 0 0 0 0 0 0 0 0 0 0 0 0 0 0 0 0 0 0 0 0 0 0 0 0 0 0 0 0 0 0 0 0 0 0 0 0 0 0 0 0 0 0 0 0 0 0 0 0 0 0 0 0 0 0 0 0 0 0 0 0 0 0 0 0 0 0 0 0 0 0 0 0 0 0 0 0 0 0 0 0 0 0 0 0 0 0 0 0 0 0 0 0 0 0 0 0 0 0 0 0 0 0 0 0 0 0 0 0 0 0 0 0 0 0 0 0 0 0 0 0 0 0 0 0 0 0 0 0 0 0 0
1.11377 3.87853e-13 3.8649e-13 1.36347e-15 0.00351542 0.00297089 0 0 0 0 0 0 0 0 0 0 0 0 0 0 0 0 0 0 0 0 0 0 0 0 0 0 0 0 0 0 0 0 0 0 0 0 0 0 0 0 0 0 0 0 0 0 0 0 0 0 0 0 0 0 0 0 0 0 0 0 0 0 0 0 0 0 0 0 0 0 0 0 0 0 0 0 0 0 0 0 0 0 0 0 0 0 0 0 0 0 0 0 0 0 0 0 0 0 0 0 0 0 0 0 0 0 0 0 0 0 0 0 0 0 0 0 0 0 0 0 0 0 0 0 0 0 0 0 0 0 0 0 0 0 0 0
1.17094 3.57531e-13 3.56411e-13 1.11989e-15 0.00313229 0.00272514 0 0 0 0 0 0 0 0 0 0 0 0 0 0 0 0 0 0 0 0 0 0 0 0 0 0 0 0 0 0 0 0 0 0 0 0 0 0 0 0 0 0 0 0 0 0 0 0 0 0 0 0 0 0 0 0 0 0 0 0 0 0 0 0 0 0 0 0 0 0 0 0 0 0 0 0 0 0 0 0 0 0 0 0 0 0 0 0 0 0 0 0 0 0 0 0 0 0 0 0 0 0 0 0 0 0 0 0 0 0 0 0 0 0 0 0 0 0 0 0 0 0 0 0 0 0 0 0 0 0 0 0 0 0 0 0
1.23105 3.29703e-13 3.28783e-13 9.20327e-16 0.00279138 0.00249994 0 0 0 0 0 0 0 0 0 0 0 0 0 0 0 0 0 0 0 0 0 0 0 0 0 0 0 0 0 0 0 0 0 0 0 0 0 0 0 0 0 0 0 0 0 0 0 0 0 0 0 0 0 0 0 0 0 0 0 0 0 0 0 0 0 0 0 0 0 0 0 0 0 0 0 0 0 0 0 0 0 0 0 0 0 0 0 0 0 0 0 0 0 0 0 0 0 0 0 0 0 0 0 0 0 0 0 0 0 0 0 0 0 0 0 0 0 0 0 0 0 0 0 0 0 0 0 0 0 0 0 0 0 0 0 0
1.29424 3.04051e-13 3.03295e-13 7.5661e-16 0.00248843 0.00229251 0 0 0 0 0 0 0 0 0 0 0 0 0 0 0 0 0 0 0 0 0 0 0 0 0 0 0 0 0 0 0 0 0 0 0 0 0 0 0 0 0 0 0 0 0 0 0 0 0 0 0 0 0 0 0 0 0 0 0 0 0 0 0 0 0 0 0 0 0 0 0 0 0 0 0 0 0 0 0 0 0 0 0 0 0 0 0 0 0 0 0 0 0 0 0 0 0 0 0 0 0 0 0 0 0 0 0 0 0 0 0 0 0 0 0 0 0 0 0 0 0 0 0 0 0 0 0 0 0 0 0 0 0 0 0 0
1.36067 2.80439e-13 2.79817e-13 6.21687e-16 0.00221684 0.00210347 0 0 0 0 0 0 0 0 0 0 0 0 0 0 0 0 0 0 0 0 0 0 0 0 0 0 0 0 0 0 0 0 0 0 0 0 0 0 0 0 0 0 0 0 0 0 0 0 0 0 0 0 0 0 0 0 0 0 0 0 0 0 0 0 0 0 0 0 0 0 0 0 0 0 0 0 0 0 0 0 0 0 0 0 0 0 0 0 0 0 0 0 0 0 0 0 0 0 0 0 0 0 0 0 0 0 0 0 0 0 0 0 0 0 0 0 0 0 0 0 0 0 0 0 0 0 0 0 0 0 0 0 0 0 0 0
1.43051 2.58723e-13 2.58213e-13 5.10612e-16 0.00197358 0.00193116 0 0 0 0 0 0 0 0 0 0 0 0 0 0 0 0 0 0 0 0 0 0 0 0 0 0 0 0 0 0 0 0 0 0 0 0 0 0 0 0 0 0 0 0 0 0 0 0 0 0 0 0 0 0 0 0 0 0 0 0 0 0 0 0 0 0 0 0 0 0 0 0 0 0 0 0 0 0 0 0 0 0 0 0 0 0 0 0 0 0 0 0 0 0 0 0 0 0 0 0 0 0 0 0 0 0 0 0 0 0 0 0 0 0 0 0 0 0 0 0 0 0 0 0 0 0 0 0 0 0 0 0 0 0 0 0
1.50394 2.39057e-13 2.38637e-13 4.19556e-16 0.00175505 0.00177179 0 0 0 0 0 0 0 0 0 0 0 0 0 0 0 0 0 0 0 0 0 0 0 0 0 0 0 0 0 0 0 0 0 0 0 0 0 0 0 0 0 0 0 0 0 0 0 0 0 0 0 0 0 0 0 0 0 0 0 0 0 0 0 0 0 0 0 0 0 0 0 0 0 0 0 0 0 0 0 0 0 0 0 0 0 0 0 0 0 0 0 0 0 0 0 0 0 0 0 0 0 0 0 0 0 0 0 0 0 0 0 0 0 0 0 0 0 0 0 0 0 0 0 0 0 0 0 0 0 0 0 0 0 0 0 0
1.58114 2.21155e-13 2.2081e-13 3.44757e-16 0.00155889 0.00162304 0 0 0 0 0 0 0 0 0 0 0 0 0 0 0 0 0 0 0 0 0 0 0 0 0 0 0 0 0 0 0 0 0 0 0 0 0 0 0 0 0 0 0 0 0 0 0 0 0 0 0 0 0 0 0 0 0 0 0 0 0 0 0 0 0 0 0 0 0 0 0 0 0 0 0 0 0 0 0 0 0 0 0 0 0 0 0 0 0 0 0 0 0 0 0 0 0 0 0 0 0 0 0 0 0 0 0 0 0 0 0 0 0 0 0 0 0 0 0 0 0 0 0 0 0 0 0 0 0 0 0 0 0 0 0 0
1.6623 2.04655e-13 2.04372e-13 2.83333e-16 0.00138444 0.00148492 0 0 0 0 0 0 0 0 0 0 0 0 0 0 0 0 0 0 0 0 0 0 0 0 0 0 0 0 0 0 0 0 0 0 0 0 0 0 0 0 0 0 0 0 0 0 0 0 0 0 0 0 0 0 0 0 0 0 0 0 0 0 0 0 0 0 0 0 0 0 0 0 0 0 0 0 0 0 0 0 0 0 0 0 0 0 0 0 0 0 0 0 0 0 0 0 0 0 0 0 0 0 0 0 0 0 0 0 0 0 0 0 0 0 0 0 0 0 0 0 0 0 0 0 0 0 0 0 0 0 0 0 0 0 0 0
1.74763 1.8918e-13 1.88947e-13 2.32887e-16 0.00123103 0.00136042 0 0 0 0 0 0 0 0 0 0 0 0 0 0 0 0 0 0 0 0 0 0 0 0 0 0 0 0 0 0 0 0 0 0 0 0 0 0 0 0 0 0 0 0 0 0 0 0 0 0 0 0 0 0 0 0 0 0 0 0 0 0 0 0 0 0 0 0 0 0 0 0 0 0 0 0 0 0 0 0 0 0 0 0 0 0 0 0 0 0 0 0 0 0 0 0 0 0 0 0 0 0 0 0 0 0 0 0 0 0 0 0 0 0 0 0 0 0 0 0 0 0 0 0 0 0 0 0 0 0 0 0 0 0 0 0
1.83733 1.74928e-13 1.74737e-13 1.91407e-16 0.0010942 0.00124658 0 0 0 0 0 0 0 0 0 0 0 0 0 0 0 0 0 0 0 0 0 0 0 0 0 0 0 0 0 0 0 0 0 0 0 0 0 0 0 0 0 0 0 0 0 0 0 0 0 0 0 0 0 0 0 0 0 0 0 0 0 0 0 0 0 0 0 0 0 0 0 0 0 0 0 0 0 0 0 0 0 0 0 0 0 0 0 0 0 0 0 0 0 0 0 0 0 0 0 0 0 0 0 0 0 0 0 0 0 0 0 0 0 0 0 0 0 0 0 0 0 0 0 0 0 0 0 0 0 0 0 0 0 0 0 0
1.93164 1.61757e-13 1.616e-13 1.57261e-16 0.000972206 0.00114201 0 0 0 0 0 0 0 0 0 0 0 0 0 0 0 0 0 0 0 0 0 0 0 0 0 0 0 0 0 0 0 0 0 0 0 0 0 0 0 0 0 0 0 0 0 0 0 0 0 0 0 0 0 0 0 0 0 0 0 0 0 0 0 0 0 0 0 0 0 0 0 0 0 0 0 0 0 0 0 0 0 0 0 0 0 0 0 0 0 0 0 0 0 0 0 0 0 0 0 0 0 0 0 0 0 0 0 0 0 0 0 0 0 0 0 0 0 0 0 0 0 0 0 0 0 0 0 0 0 0 0 0 0 0 0 0
2.03079 1.49708e-13 1.49579e-13 1.29179e-16 0.000862873 0.00104491 0 0 0 0 0 0 0 0 0 0 0 0 0 0 0 0 0 0 0 0 0 0 0 0 0 0 0 0 0 0 0 0 0 0 0 0 0 0 0 0 0 0 0 0 0 0 0 0 0 0 0 0 0 0 0 0 0 0 0 0 0 0 0 0 0 0 0 0 0 0 0 0 0 0 0 0 0 0 0 0 0 0 0 0 0 0 0 0 0 0 0 0 0 0 0 0 0 0 0 0 0 0 0 0 0 0 0 0 0 0 0 0 0 0 0 0 0 0 0 0 0 0 0 0 0 0 0 0 0 0 0 0 0 0 0 0
2.13503 1.38522e-13 1.38416e-13 1.06198e-16 0.000766649 0.000956036 0 0 0 0 0 0 0 0 0 0 0 0 0 0 0 0 0 0 0 0 0 0 0 0 0 0 0 0 0 0 0 0 0 0 0 0 0 0 0 0 0 0 0 0 0 0 0 0 0 0 0 0 0 0 0 0 0 0 0 0 0 0 0 0 0 0 0 0 0 0 0 0 0 0 0 0 0 0 0 0 0 0 0 0 0 0 0 0 0 0 0 0 0 0 0 0 0 0 0 0 0 0 0 0 0 0 0 0 0 0 0 0 0 0 0 0 0 0 0 0 0 0 0 0 0 0 0 0 0 0 0 0 0 0 0 0
2.24463 1.28105e-13 1.28017e-13 8.72672e-17 0.000681217 0.000875024 0 0 0 0 0 0 0 0 0 0 0 0 0 0 0 0 0 0 0 0 0 0 0 0 0 0 0 0 0 0 0 0 0 0 0 0 0 0 0 0 0 0 0 0 0 0 0 0 0 0 0 0 0 0 0 0 0 0 0 0 0 0 0 0 0 0 0 0 0 0 0 0 0 0 0 0 0 0 0 0 0 0 0 0 0 0 0 0 0 0 0 0 0 0 0 0 0 0 0 0 0 0 0 0 0 0 0 0 0 0 0 0 0 0 0 0 0 0 0 0 0 0 0 0 0 0 0 0 0 0 0 0 0 0 0 0
2.35984 1.18571e-13 1.185e-13 7.16853e-17 0.000604575 0.000800324 0 0 0 0 0 0 0 0 0 0 0 0 0 0 0 0 0 0 0 0 0 0 0 0 0 0 0 0 0 0 0 0 0 0 0 0 0 0 0 0 0 0 0 0 0 0 0 0 0 0 0 0 0 0 0 0 0 0 0 0 0 0 0 0 0 0 0 0 0 0 0 0 0 0 0 0 0 0 0 0 0 0 0 0 0 0 0 0 0 0 0 0 0 0 0 0 0 0 0 0 0 0 0 0 0 0 0 0 0 0 0 0 0 0 0 0 0 0 0 0 0 0 0 0 0 0 0 0 0 0 0 0 0 0 0 0
2.48097 1.0979e-13 1.09731e-13 5.88763e-17 0.000536262 0.000731301 0 0 0 0 0 0 0 0 0 0 0 0 0 0 0 0 0 0 0 0 0 0 0 0 0 0 0 0 0 0 0 0 0 0 0 0 0 0 0 0 0 0 0 0 0 0 0 0 0 0 0 0 0 0 0 0 0 0 0 0 0 0 0 0 0 0 0 0 0 0 0 0 0 0 0 0 0 0 0 0 0 0 0 0 0 0 0 0 0 0 0 0 0 0 0 0 0 0 0 0 0 0 0 0 0 0 0 0 0 0 0 0 0 0 0 0 0 0 0 0 0 0 0 0 0 0 0 0 0 0 0 0 0 0 0 0
2.60832 1.01615e-13 1.01566e-13 4.83976e-17 0.000476286 0.000667576 0 0 0 0 0 0 0 0 0 0 0 0 0 0 0 0 0 0 0 0 0 0 0 0 0 0 0 0 0 0 0 0 0 0 0 0 0 0 0 0 0 0 0 0 0 0 0 0 0 0 0 0 0 0 0 0 0 0 0 0 0 0 0 0 0 0 0 0 0 0 0 0 0 0 0 0 0 0 0 0 0 0 0 0 0 0 0 0 0 0 0 0 0 0 0 0 0 0 0 0 0 0 0 0 0 0 0 0 0 0 0 0 0 0 0 0 0 0 0 0 0 0 0 0 0 0 0 0 0 0 0 0 0 0 0 0
2.74221 9.39346e-14 9.38948e-14 3.9771e-17 0.000423391 0.000609562 0 0 0 0 0 0 0 0 0 0 0 0 0 0 0 0 0 0 0 0 0 0 0 0 0 0 0 0 0 0 0 0 0 0 0 0 0 0 0 0 0 0 0 0 0 0 0 0 0 0 0 0 0 0 0 0 0 0 0 0 0 0 0 0 0 0 0 0 0 0 0 0 0 0 0 0 0 0 0 0 0 0 0 0 0 0 0 0 0 0 0 0 0 0 0 0 0 0 0 0 0 0 0 0 0 0 0 0 0 0 0 0 0 0 0 0 0 0 0 0 0 0 0 0 0 0 0 0 0 0 0 0 0 0 0 0
2.88297 8.68437e-14 8.68111e-14 3.26572e-17 0.000376046 0.000557067 0 0 0 0 0 0 0 0 0 0 0 0 0 0 0 0 0 0 0 0 0 0 0 0 0 0 0 0 0 0 0 0 0 0 0 0 0 0 0 0 0 0 0 0 0 0 0 0 0 0 0 0 0 0 0 0 0 0 0 0 0 0 0 0 0 0 0 0 0 0 0 0 0 0 0 0 0 0 0 0 0 0 0 0 0 0 0 0 0 0 0 0 0 0 0 0 0 0 0 0 0 0 0 0 0 0 0 0 0 0 0 0 0 0 0 0 0 0 0 0 0 0 0 0 0 0 0 0 0 0 0 0 0 0 0 0
3.03095 8.02176e-14 8.01908e-14 2.68209e-17 0.000334352 0.000509381 0 0 0 0 0 0 0 0 0 0 0 0 0 0 0 0 0 0 0 0 0 0 0 0 0 0 0 0 0 0 0 0 0 0 0 0 0 0 0 0 0 0 0 0 0 0 0 0 0 0 0 0 0 0 0 0 0 0 0 0 0 0 0 0 0 0 0 0 0 0 0 0 0 0 0 0 0 0 0 0 0 0 0 0 0 0 0 0 0 0 0 0 0 0 0 0 0 0 0 0 0 0 0 0 0 0 0 0 0 0 0 0 0 0 0 0 0 0 0 0 0 0 0 0 0 0 0 0 0 0 0 0 0 0 0 0
3.18653 7.41278e-14 7.41058e-14 2.20316e-17 0.000297211 0.000465123 0 0 0 0 0 0 0 0 0 0 0 0 0 0 0 0 0 0 0 0 0 0 0 0 0 0 0 0 0 0 0 0 0 0 0 0 0 0 0 0 0 0 0 0 0 0 0 0 0 0 0 0 0 0 0 0 0 0 0 0 0 0 0 0 0 0 0 0 0 0 0 0 0 0 0 0 0 0 0 0 0 0 0 0 0 0 0 0 0 0 0 0 0 0 0 0 0 0 0 0 0 0 0 0 0 0 0 0 0 0 0 0 0 0 0 0 0 0 0 0 0 0 0 0 0 0 0 0 0 0 0 0 0 0 0 0
3.35009 6.85259e-14 6.85078e-14 1.80917e-17 0.000264013 0.000424421 0 0 0 0 0 0 0 0 0 0 0 0 0 0 0 0 0 0 0 0 0 0 0 0 0 0 0 0 0 0 0 0 0 0 0 0 0 0 0 0 0 0 0 0 0 0 0 0 0 0 0 0 0 0 0 0 0 0 0 0 0 0 0 0 0 0 0 0 0 0 0 0 0 0 0 0 0 0 0 0 0 0 0 0 0 0 0 0 0 0 0 0 0 0 0 0 0 0 0 0 0 0 0 0 0 0 0 0 0 0 0 0 0 0 0 0 0 0 0 0 0 0 0 0 0 0 0 0 0 0 0 0 0 0 0 0
3.52205 6.32605e-14 6.32456e-14 1.48495e-17 0.000234736 0.000387378 0 0 0 0 0 0 0 0 0 0 0 0 0 0 0 0 0 0 0 0 0 0 0 0 0 0 0 0 0 0 0 0 0 0 0 0 0 0 0 0 0 0 0 0 0 0 0 0 0 0 0 0 0 0 0 0 0 0 0 0 0 0 0 0 0 0 0 0 0 0 0 0 0 0 0 0 0 0 0 0 0 0 0 0 0 0 0 0 0 0 0 0 0 0 0 0 0 0 0 0 0 0 0 0 0 0 0 0 0 0 0 0 0 0 0 0 0 0 0 0 0 0 0 0 0 0 0 0 0 0 0 0 0 0 0 0
3.70284 5.84352e-14 5.8423e-14 1.21937e-17 0.000208671 0.000353505 0 0 0 0 0 0 0 0 0 0 0 0 0 0 0 0 0 0 0 0 0 0 0 0 0 0 0 0 0 0 0 0 0 0 0 0 0 0 0 0 0 0 0 0 0 0 0 0 0 0 0 0 0 0 0 0 0 0 0 0 0 0 0 0 0 0 0 0 0 0 0 0 0 0 0 0 0 0 0 0 0 0 0 0 0 0 0 0 0 0 0 0 0 0 0 0 0 0 0 0 0 0 0 0 0 0 0 0 0 0 0 0 0 0 0 0 0 0 0 0 0 0 0 0 0 0 0 0 0 0 0 0 0 0 0 0
3.89291 5.4014e-14 5.4004e-14 1.00093e-17 0.00018531 0.000322233 0 0 0 0 0 0 0 0 0 0 0 0 0 0 0 0 0 0 0 0 0 0 0 0 0 0 0 0 0 0 0 0 0 0 0 0 0 0 0 0 0 0 0 0 0 0 0 0 0 0 0 0 0 0 0 0 0 0 0 0 0 0 0 0 0 0 0 0 0 0 0 0 0 0 0 0 0 0 0 0 0 0 0 0 0 0 0 0 0 0 0 0 0 0 0 0 0 0 0 0 0 0 0 0 0 0 0 0 0 0 0 0 1.4013e-45 0 1.4013e-45 0 1.4013e-45 0 1.4013e-45 0 2.8026e-45 0 4.2039e-45 0 4.2039e-45 0 5.60519e-45 0 8.40779e-45 0 9.80909e-45 0 1.26117e-44 0 1.68156e-44 0
4.09273 4.99392e-14 4.9931e-14 8.2152e-18 0.000164504 0.000292704 0 0 0 0 0 0 0 0 0 0 0 0 0 0 0 0 0 0 0 0 0 0 0 0 0 0 0 0 0 0 0 0 0 0 0 0 0 0 0 0 0 0 0 0 0 0 0 0 0 0 0 0 0 0 0 0 0 0 0 0 0 0 0 0 0 0 0 0 0 0 0 0 0 0 0 0 0 0 0 0 0 0 0 0 0 0 1.4013e-45 0 1.4013e-45 0 1.4013e-45 0 2.8026e-45 0 4.2039e-45 0 5.60519e-45 0 8.40779e-45 0 1.26117e-44 0 1.68156e-44 0 2.38221e-44 0 3.22299e-44 0 4.48416e-44 0 6.02558e-44 0 8.12753e-44 0 1.10703e-43 0 1.44334e-43 0 1.87774e-43 0 2.52234e-43 0 3.29305e-43 0 4.16186e-43 0 5.40901e-43 0 7.00649e-43 0 8.81417e-43 0 1.14066e-42 0 1.43213e-42 0
4.30281 4.61333e-14 4.61266e-14 6.74133e-18 0.000146127 0.000266002 0 0 0 0 0 0 0 0 0 0 0 0 0 0 0 0 0 0 0 0 0 0 0 0 0 0 0 0 0 0 0 0 0 0 0 0 0 0 0 0 0 0 0 0 0 0 0 0 0 0 0 0 0 0 0 0 0 0 0 0 0 0 0 0 0 0 1.4013e-45 0 1.4013e-45 0 2.8026e-45 0 4.2039e-45 0 5.60519e-45 0 9.80909e-45 0 1.54143e-44 0 2.52234e-44 0 3.78351e-44 0 5.60519e-44 0 8.54792e-44 0 1.27518e-43 0 1.86373e-43 0 2.69049e-43 0 3.82554e-43 0 5.42303e-43 0 7.553e-43 0 1.05097e-42 0 1.45735e-42 0 1.98704e-42 0 2.7031e-42 0 3.61675e-42 0 4.83168e-42 0 6.44177e-42 0 8.57314e-42 0 1.10731e-41 0 1.42792e-41 0 1.89119e-41 0 2.43167e-41 0 3.03689e-41 0 3.89463e-41 0 4.98764e-41 0 6.20733e-41 0 7.92911e-41 0 9.8458e-41 0
4.52368 4.26073e-14 4.26018e-14 5.53359e-18 0.000129874 0.000241703 0 0 0 0 0 0 0 0 0 0 0 0 0 0 0 0 0 0 0 0 0 0 0 0 0 0 0 0 0 0 0 0 0 0 0 0 0 0 0 0 0 0 0 0 0 0 0 0 0 0 0 0 0 0 1.4013e-45 0 2.8026e-45 0 5.60519e-45 0 1.12104e-44 0 2.10195e-44 0 3.92364e-44 0 7.00649e-44 0 1.1911e-43 0 2.00386e-43 0 3.30706e-43 0 5.31092e-43 0 8.51989e-43 0 1.31722e-42 0 2.02908e-42 0 3.0184e-42 0 4.47575e-42 0 6.61553e-42 0 9.74463e-42 0 1.38911e-41 0 1.97485e-41 0 2.75958e-41 0 3.84656e-41 0 5.27281e-41 0 7.21206e-41 0 9.84258e-41 0 1.32176e-40 0 1.77149e-40 0 2.33716e-40 0 3.07808e-40 0 4.04691e-40 0 5.31158e-40 0 6.77463e-40 0 8.62893e-40 0 1.12724e-39 0 1.43172e-39 0 1.76879e-39 0 2.24096e-39 0 2.83548e-39 0 3.49134e-39 0 4.40682e-39 0 5.4145e-39 0
4.75588 3.93509e-14 3.93464e-14 4.54049e-18 0.000115385 0.00021942 0 0 0 0 0 0 0 0 0 0 0 0 0 0 0 0 0 0 0 0 0 0 0 0 0 0 0 0 0 0 0 0 0 0 0 0 0 0 0 0 0 0 1.4013e-45 0 1.4013e-45 0 5.60519e-45 0 1.26117e-44 0 3.08286e-44 0 6.5861e-44 0 1.38729e-43 0 2.71852e-43 0 5.29691e-43 0 9.86514e-43 0 1.76564e-42 0 3.13891e-42 0 5.36557e-42 0 8.97812e-42 0 1.4708e-41 0 2.36035e-41 0 3.71302e-41 0 5.81441e-41 0 8.80128e-41 0 1.3271e-40 0 1.93662e-40 0 2.81697e-40 0 4.08441e-40 0 5.90346e-40 0 8.27136e-40 0 1.15587e-39 0 1.589e-39 0 2.17933e-39 0 2.94175e-39 0 3.96255e-39 0 5.32645e-39 0 7.05061e-39 0 9.31543e-39 0 1.21248e-38 0 1.57554e-38 0 2.04395e-38 0 2.64731e-38 0 3.33663e-38 0 4.2e-38 0 5.41554e-38 0 6.79849e-38 0 8.31284e-38 0 1.04109e-37 0 1.30224e-37 0 1.58725e-37 0 1.98081e-37 0 2.4094e-37 0
5 3.64049e-14 3.64012e-14 3.72456e-18 0.000102309 0.000198098 0 0 0 0 0 0 0 0 0 0 0 0 0 0 0 0 0 0 0 0 0 0 0 7.00649e-45 0 0 0 0 0 0 0 0 0 0 0 0 1.4013e-45 0 7.00649e-45 0 2.38221e-44 0 6.86636e-44 0 1.84971e-43 0 4.56823e-43 0 1.0762e-42 0 2.41023e-42 0 4.98862e-42 0 1.02057e-41 0 1.93744e-41 0 3.64492e-41 0 6.58947e-41 0 1.1464e-40 0 1.98072e-40 0 3.29926e-40 0 5.383e-40 0 8.60809e-40 0 1.34992e-39 0 2.07712e-39 0 3.18225e-39 0 4.72041e-39 0 6.97642e-39 0 9.99448e-39 0 1.42742e-38 0 2.03245e-38 0 2.88527e-38 0 3.97654e-38 0 5.4669e-38 0 7.39962e-38 0 9.99329e-38 0 1.32933e-37 0 1.76475e-37 0 2.33816e-37 0 3.05293e-37 0 3.97912e-37 0 5.11294e-37 0 6.55949e-37 0 8.40218e-37 0 1.07459e-36 0 1.33918e-36 0 1.66686e-36 0 2.12277e-36 0 2.63543e-36 0 3.19098e-36 0 3.95269e-36 0 4.89045e-36 0 5.90345e-36 0 7.28795e-36 0 8.78048e-36 0
5.25665 3.36916e-14 3.36885e-14 3.05596e-18 9.07039e-05 0.000178975 0 0 0 0 0 0 0 0 0 0 0 0 0 0 0 0 0 0 0 1.4013e-45 0 3.08286e-44 0 3.08286e-43 0 0 0 0 0 0 1.4013e-45 0 9.80909e-45 0 4.34403e-44 0 1.75162e-43 0 6.02558e-43 0 1.87213e-42 0 5.10493e-42 0 1.31722e-41 0 3.12097e-41 0 7.04293e-41 0 1.51716e-40 0 3.03011e-40 0 5.98623e-40 0 1.10141e-39 0 2.00913e-39 0 3.52873e-39 0 5.97538e-39 0 1.00522e-38 0 1.63317e-38 0 2.60172e-38 0 4.06619e-38 0 6.23803e-38 0 9.39864e-38 0 1.41023e-37 0 2.05199e-37 0 2.9754e-37 0 4.18842e-37 0 5.87873e-37 0 8.22735e-37 0 1.14815e-36 0 1.55781e-36 0 2.10863e-36 0 2.81222e-36 0 3.74263e-36 0 4.90964e-36 0 6.42827e-36 0 8.40077e-36 0 1.08269e-35 0 1.39302e-35 0 1.76817e-35 0 2.241e-35 0 2.83605e-35 0 3.58383e-35 0 4.41851e-35 0 5.44122e-35 0 6.84814e-35 0 8.41268e-35 0 1.00914e-34 0 1.23703e-34 0 1.51469e-34 0 1.81171e-34 0 2.21371e-34 0 2.64291e-34 0
5.52648 3.1021e-14 3.10185e-14 2.50722e-18 8.08235e-05 0.000161867 0 0 0 0 0 0 0 0 0 0 0 0 0 0 0 0 0 0 0 6.5861e-44 0 1.35085e-42 0 1.24814e-41 0 0 1.4013e-45 0 2.10195e-44 0 1.44334e-43 0 7.62306e-43 0 3.29726e-42 0 1.22782e-41 0 3.97506e-41 0 1.16791e-40 0 3.03258e-40 0 7.47119e-40 0 1.69715e-39 0 3.68072e-39 0 7.63727e-39 0 1.47469e-38 0 2.81811e-38 0 5.03299e-38 0 8.91532e-38 0 1.52337e-37 0 2.51411e-37 0 4.12333e-37 0 6.5423e-37 0 1.01879e-36 0 1.55792e-36 0 2.34061e-36 0 3.45665e-36 0 5.08484e-36 0 7.26457e-36 0 1.03443e-35 0 1.43204e-35 0 1.97697e-35 0 2.72176e-35 0 3.73697e-35 0 4.99535e-35 0 6.66243e-35 0 8.76146e-35 0 1.14986e-34 0 1.48854e-34 0 1.9235e-34 0 2.48109e-34 0 3.15827e-34 0 4.01381e-34 0 5.03579e-34 0 6.30898e-34 0 7.89293e-34 0 9.86073e-34 0 1.20337e-33 0 1.46691e-33 0 1.82559e-33 0 2.22025e-33 0 2.63974e-33 0 3.20386e-33 0 3.88438e-33 0 4.60564e-33 0 5.5728e-33 0 6.59596e-33 0
5.81015 2.87049e-14 2.87028e-14 2.05573e-18 7.16159e-05 0.000146248 0 0 0 0 0 0 0 0 0 0 0 0 0 0 0 0 0 2.38221e-44 0 2.60782e-42 0 4.94925e-41 0 4.31084e-40 1.26117e-44 0 1.75162e-43 0 1.57226e-42 0 1.00501e-41 0 4.91015e-41 0 1.97898e-40 0 6.90991e-40 0 2.11232e-39 0 5.88811e-39 0 1.4593e-38 0 3.44037e-38 0 7.50826e-38 0 1.56796e-37 0 3.13952e-37 0 5.87047e-37 0 1.08692e-36 0 1.88699e-36 0 3.25055e-36 0 5.41084e-36 0 8.71406e-36 0 1.39507e-35 0 2.16416e-35 0 3.29801e-35 0 4.93975e-35 0 7.27544e-35 0 1.05419e-34 0 1.52179e-34 0 2.1366e-34 0 2.99034e-34 0 4.07454e-34 0 5.53713e-34 0 7.50508e-34 0 1.01462e-33 0 1.3372e-33 0 1.75856e-33 0 2.28188e-33 0 2.95526e-33 0 3.77781e-33 0 4.82097e-33 0 6.14168e-33 0 7.72639e-33 0 9.70514e-33 0 1.20421e-32 0 1.49216e-32 0 1.84648e-32 0 2.2819e-32 0 2.7578e-32 0 3.32942e-32 0 4.0995e-32 0 4.93832e-32 0 5.82195e-32 0 6.99961e-32 0 8.40695e-32 0 9.88542e-32 0 1.18505e-31 0 1.39113e-31 0
6.10839 2.71026e-14 2.71009e-14 1.68508e-18 6.2174e-05 0.000131605 0 0 0 0 0 0 0 0 0 0 0 1.4013e-45 0 4.2039e-45 0 1.4013e-44 0 8.99634e-43 0 8.97209e-41 0 1.57714e-39 3.92364e-44 1.29616e-38 9.69699e-43 0 1.21969e-41 0 9.82661e-41 0 5.73537e-40 0 2.59321e-39 0 9.76397e-39 0 3.20734e-38 0 9.28408e-38 0 2.4616e-37 0 5.83635e-37 0 1.31952e-36 0 2.77206e-36 0 5.5845e-36 0 1.08091e-35 0 1.96033e-35 0 3.52203e-35 0 5.95207e-35 0 9.98444e-35 0 1.62116e-34 0 2.55081e-34 0 3.99093e-34 0 6.05978e-34 0 9.04664e-34 0 1.32854e-33 0 1.92008e-33 0 2.73221e-33 0 3.87406e-33 0 5.34983e-33 0 7.36561e-33 0 9.88567e-33 0 1.32346e-32 0 1.76739e-32 0 2.35444e-32 0 3.06144e-32 0 3.97263e-32 0 5.08968e-32 0 6.50894e-32 0 8.22143e-32 0 1.03674e-31 0 1.30524e-31 0 1.62373e-31 0 2.01699e-31 0 2.47645e-31 0 3.03666e-31 0 3.71884e-31 0 4.54851e-31 0 5.44652e-31 0 6.51526e-31 0 7.94111e-31 0 9.47944e-31 0 1.10862e-30 0 1.32093e-30 0 1.57239e-30 0 1.83435e-30 0 2.17961e-30 0 2.53869e-30 0
6.42193 2.47128e-14 2.47115e-14 1.38127e-18 5.58926e-05 0.000119621 0 0 0 0 0 0 0 0 0 4.2039e-45 0 2.94273e-44 0 1.37327e-43 0 4.76441e-43 0 2.86916e-41 0 2.55147e-39 4.34403e-44 4.16189e-38 2.76616e-42 3.23104e-37 5.90465e-41 0 6.55953e-40 0 4.77271e-39 0 2.55575e-38 0 1.0735e-37 0 3.78859e-37 0 1.17429e-36 0 3.22726e-36 0 8.15898e-36 0 1.85462e-35 0 4.02933e-35 0 8.16355e-35 0 1.58931e-34 0 2.9786e-34 0 5.24721e-34 0 9.16154e-34 0 1.5091e-33 0 2.46834e-33 0 3.91408e-33 0 6.02379e-33 0 9.22093e-33 0 1.37184e-32 0 2.00833e-32 0 2.8945e-32 0 4.10875e-32 0 5.74678e-32 0 8.01076e-32 0 1.08894e-31 0 1.47602e-31 0 1.95276e-31 0 2.57731e-31 0 3.39356e-31 0 4.45789e-31 0 5.7227e-31 0 7.3321e-31 0 9.28083e-31 0 1.17271e-30 0 1.46445e-30 0 1.82592e-30 0 2.27309e-30 0 2.79776e-30 0 3.43876e-30 0 4.18e-30 0 5.0748e-30 0 6.15365e-30 0 7.45289e-30 0 8.84615e-30 0 1.04898e-29 0 1.26625e-29 0 1.49854e-29 0 1.73919e-29 0 2.05461e-29 0 2.42502e-29 0 2.80782e-29 0 3.30833e-29 0 3.82478e-29 0
6.75157 2.27635e-14 2.27624e-14 1.13239e-18 4.97458e-05 0.000106803 0 0 0 0 0 0 0 5.60519e-45 0 1.27518e-43 0 9.64093e-43 0 4.34683e-42 0 1.45679e-41 0 7.94703e-40 8.40779e-45 6.31314e-38 3.05203e-42 9.57061e-37 1.58886e-40 7.02667e-36 2.92074e-39 0 2.88483e-38 0 1.90516e-37 0 9.39946e-37 0 3.68091e-36 0 1.22149e-35 0 3.58265e-35 0 9.37183e-35 0 2.26444e-34 0 4.94502e-34 0 1.03441e-33 0 2.02473e-33 0 3.81567e-33 0 6.93514e-33 0 1.18841e-32 0 2.01924e-32 0 3.24604e-32 0 5.18332e-32 0 8.03632e-32 0 1.21103e-31 0 1.81565e-31 0 2.64933e-31 0 3.80704e-31 0 5.38984e-31 0 7.52113e-31 0 1.03487e-30 0 1.41935e-30 0 1.90069e-30 0 2.53834e-30 0 3.31263e-30 0 4.31326e-30 0 5.60352e-30 0 7.26357e-30 0 9.2114e-30 0 1.166e-29 0 1.45901e-29 0 1.82265e-29 0 2.25152e-29 0 2.77719e-29 0 3.42055e-29 0 4.16759e-29 0 5.0711e-29 0 6.10574e-29 0 7.34289e-29 0 8.82052e-29 0 1.05834e-28 0 1.24572e-28 0 1.46494e-28 0 1.75219e-28 0 2.05663e-28 0 2.36961e-28 0 2.77669e-28 0 3.25086e-28 0 3.73718e-28 0 4.36823e-28 0 5.0145e-28 0
7.09813 2.11117e-14 2.11108e-14 9.2783e-19 4.39486e-05 9.56283e-05 0 0 0 0 0 0 0 1.68156e-43 0 3.80312e-42 0 2.73337e-41 0 1.1884e-40 0 3.86886e-40 0 1.91515e-38 6.3619e-43 1.36252e-36 1.7284e-40 1.92259e-35 7.41855e-39 1.3364e-34 1.18302e-37 0 1.04486e-36 0 6.29276e-36 0 2.8719e-35 0 1.05215e-34 0 3.2929e-34 0 9.16379e-34 0 2.28721e-33 0 5.29341e-33 0 1.11271e-32 0 2.24521e-32 0 4.25295e-32 0 7.77067e-32 0 1.37174e-31 0 2.28961e-31 0 3.79092e-31 0 5.9545e-31 0 9.29342e-31 0 1.41035e-30 0 2.08319e-30 0 3.0621e-30 0 4.38642e-30 0 6.19262e-30 0 8.61968e-30 0 1.1834e-29 0 1.60312e-29 0 2.16508e-29 0 2.85826e-29 0 3.76364e-29 0 4.84826e-29 0 6.23191e-29 0 7.99332e-29 0 1.02309e-28 0 1.28249e-28 0 1.60482e-28 0 1.98625e-28 0 2.45448e-28 0 3.00091e-28 0 3.6638e-28 0 4.46688e-28 0 5.39021e-28 0 6.49624e-28 0 7.75105e-28 0 9.23799e-28 0 1.09981e-27 0 1.30793e-27 0 1.52729e-27 0 1.78191e-27 0 2.11276e-27 0 2.46053e-27 0 2.81544e-27 0 3.27366e-27 0 3.80331e-27 0 4.34262e-27 0 5.03738e-27 0 5.74382e-27 0
7.46248 2.03201e-14 2.03194e-14 7.6e-19 3.74013e-05 8.53377e-05 0 0 0 0 0 1.12104e-44 0 4.82467e-42 0 1.01575e-40 0 6.96126e-40 0 2.92168e-39 0 9.24564e-39 1.4013e-45 4.16264e-37 3.97184e-41 2.65865e-35 8.20929e-39 3.49695e-34 2.93269e-37 2.30378e-33 4.08525e-36 0 3.2441e-35 0 1.78981e-34 0 7.58479e-34 0 2.60806e-33 0 7.72019e-33 0 2.04372e-32 0 4.87819e-32 0 1.08367e-31 0 2.19679e-31 0 4.2833e-31 0 7.86443e-31 0 1.39526e-30 0 2.39562e-30 0 3.89982e-30 0 6.29993e-30 0 9.67969e-30 0 1.47827e-29 0 2.19816e-29 0 3.1856e-29 0 4.59529e-29 0 6.46821e-29 0 8.97916e-29 0 1.22982e-28 0 1.6625e-28 0 2.21901e-28 0 2.95321e-28 0 3.84621e-28 0 4.99694e-28 0 6.35788e-28 0 8.0728e-28 0 1.02294e-27 0 1.29362e-27 0 1.60381e-27 0 1.98506e-27 0 2.43142e-27 0 2.97369e-27 0 3.6002e-27 0 4.35286e-27 0 5.25587e-27 0 6.28436e-27 0 7.50516e-27 0 8.87798e-27 0 1.04908e-26 0 1.23837e-26 0 1.4603e-26 0 1.69237e-26 0 1.95969e-26 0 2.30431e-26 0 2.66372e-26 0 3.02795e-26 0 3.49494e-26 0 4.03076e-26 0 4.57263e-26 0 5.26589e-26 0 5.96603e-26 0
7.84553 1.92657e-14 1.9265e-14 6.22758e-19 3.23248e-05 7.5429e-05 0 0 0 0 0 3.26503e-43 0 1.18773e-40 0 2.3228e-39 0 1.52012e-38 0 6.16443e-38 0 1.89752e-37 1.37327e-43 7.78766e-36 1.96864e-39 4.4758e-34 3.13649e-37 5.49538e-33 9.40985e-36 3.43484e-32 1.15261e-34 0 8.27224e-34 0 4.19877e-33 0 1.65821e-32 0 5.36817e-32 0 1.50704e-31 0 3.80432e-31 0 8.70293e-31 0 1.85942e-30 0 3.64156e-30 0 6.87257e-30 0 1.22496e-29 0 2.11326e-29 0 3.53392e-29 0 5.61759e-29 0 8.86484e-29 0 1.3338e-28 0 1.99528e-28 0 2.91002e-28 0 4.14154e-28 0 5.86833e-28 0 8.12337e-28 0 1.10977e-27 0 1.49681e-27 0 1.99387e-27 0 2.62405e-27 0 3.44388e-27 0 4.42776e-27 0 5.67942e-27 0 7.14176e-27 0 8.96301e-27 0 1.12269e-26 0 1.40358e-26 0 1.72197e-26 0 2.10923e-26 0 2.55806e-26 0 3.09798e-26 0 3.71582e-26 0 4.4512e-26 0 5.32537e-26 0 6.31214e-26 0 7.47328e-26 0 8.76806e-26 0 1.02768e-25 0 1.20333e-25 0 1.4076e-25 0 1.61959e-25 0 1.86203e-25 0 2.17223e-25 0 2.49334e-25 0 2.81659e-25 0 3.22829e-25 0 3.69739e-25 0 4.16869e-25 0 4.76774e-25 0 5.36883e-25 0
8.24824 1.70008e-14 1.70003e-14 5.10129e-19 3.00062e-05 6.61937e-05 0 0 0 1.4013e-44 0 7.58383e-42 0 2.37411e-39 0 4.32125e-38 0 2.70373e-37 0 1.0603e-36 0 3.17697e-36 8.23963e-42 1.19115e-34 7.39559e-38 6.17423e-33 9.19869e-36 7.08606e-32 2.33746e-34 4.20643e-31 2.53349e-33 0 1.65146e-32 0 7.74323e-32 0 2.85967e-31 0 8.74164e-31 0 2.33348e-30 0 5.63016e-30 0 1.23698e-29 0 2.5467e-29 0 4.82652e-29 0 8.83078e-29 0 1.5302e-28 0 2.57049e-28 0 4.19195e-28 0 6.51451e-28 0 1.00538e-27 0 1.48281e-27 0 2.175e-27 0 3.11423e-27 0 4.35645e-27 0 6.06871e-27 0 8.26842e-27 0 1.11251e-26 0 1.47875e-26 0 1.94243e-26 0 2.5223e-26 0 3.26668e-26 0 4.14872e-26 0 5.25721e-26 0 6.5373e-26 0 8.11392e-26 0 1.00522e-25 0 1.2431e-25 0 1.50993e-25 0 1.83128e-25 0 2.20014e-25 0 2.63971e-25 0 3.13818e-25 0 3.72624e-25 0 4.41918e-25 0 5.19475e-25 0 6.09984e-25 0 7.10105e-25 0 8.25871e-25 0 9.59601e-25 0 1.11394e-24 0 1.27295e-24 0 1.45357e-24 0 1.68302e-24 0 1.91884e-24 0 2.15475e-24 0 2.45332e-24 0 2.79126e-24 0 3.12867e-24 0 3.55489e-24 0 3.97993e-24 0
8.67162 1.56179e-14 1.56174e-14 4.17593e-19 2.67382e-05 5.81922e-05 0 2.8026e-45 0 3.3491e-43 0 1.60069e-40 0 4.33195e-38 0 7.35299e-37 0 4.40375e-36 1.4013e-45 1.67153e-35 2.38221e-44 4.87837e-35 4.13354e-40 1.67446e-33 2.37902e-36 7.84508e-32 2.33818e-34 8.42737e-31 5.07338e-33 4.75587e-30 4.89487e-32 0 2.91166e-31 0 1.26599e-30 0 4.38653e-30 0 1.26971e-29 0 3.2307e-29 0 7.46685e-29 0 1.57866e-28 0 3.13756e-28 0 5.76359e-28 0 1.02388e-27 0 1.72719e-27 0 2.82885e-27 0 4.50442e-27 0 6.85104e-27 0 1.03515e-26 0 1.49803e-26 0 2.15661e-26 0 3.03425e-26 0 4.17557e-26 0 5.72335e-26 0 7.68101e-26 0 1.01861e-25 0 1.33525e-25 0 1.73074e-25 0 2.21893e-25 0 2.83772e-25 0 3.56212e-25 0 4.462e-25 0 5.48973e-25 0 6.74221e-25 0 8.26594e-25 0 1.01165e-24 0 1.2172e-24 0 1.4624e-24 0 1.74128e-24 0 2.07069e-24 0 2.441e-24 0 2.87421e-24 0 3.38044e-24 0 3.94246e-24 0 4.59321e-24 0 5.30759e-24 0 6.12752e-24 0 7.06775e-24 0 8.14498e-24 0 9.2472e-24 0 1.04911e-23 0 1.20605e-23 0 1.36627e-23 0 1.52558e-23 0 1.726e-23 0 1.95142e-23 0 2.17516e-23 0 2.45611e-23 0 2.73465e-23 0
9.11674 1.40602e-14 1.40599e-14 3.4184e-19 2.43126e-05 5.10464e-05 0 5.46506e-44 0 7.02051e-42 0 2.90156e-39 0 6.82614e-37 0 1.08265e-35 1.4013e-45 6.21382e-35 5.88545e-44 2.28474e-34 1.5064e-42 6.49918e-34 1.65136e-38 2.0464e-32 6.22783e-35 8.68436e-31 4.89254e-33 8.74309e-30 9.13493e-32 4.69517e-29 7.89013e-31 0 4.30203e-30 0 1.741e-29 0 5.67729e-29 0 1.56023e-28 0 3.79295e-28 0 8.41501e-28 0 1.71526e-27 0 3.29662e-27 0 5.87863e-27 0 1.01542e-26 0 1.66975e-26 0 2.66968e-26 0 4.15551e-26 0 6.19228e-26 0 9.16951e-26 0 1.30325e-25 0 1.8431e-25 0 2.5503e-25 0 3.45529e-25 0 4.66373e-25 0 6.1697e-25 0 8.06988e-25 0 1.04396e-24 0 1.33613e-24 0 1.69236e-24 0 2.13848e-24 0 2.65475e-24 0 3.28903e-24 0 4.00585e-24 0 4.87066e-24 0 5.91231e-24 0 7.16493e-24 0 8.54319e-24 0 1.01726e-23 0 1.20098e-23 0 1.41615e-23 0 1.65605e-23 0 1.93446e-23 0 2.25722e-23 0 2.6128e-23 0 3.02145e-23 0 3.46683e-23 0 3.97442e-23 0 4.55242e-23 0 5.21007e-23 0 5.87858e-23 0 6.6284e-23 0 7.56827e-23 0 8.52161e-23 0 9.46416e-23 0 1.06432e-22 0 1.19613e-22 0 1.32622e-22 0 1.48867e-22 0 1.64882e-22 0
9.5847 1.29979e-14 1.29976e-14 2.79717e-19 2.15202e-05 4.46101e-05 0 1.11543e-42 0 1.31461e-40 0 4.75465e-38 0 9.78031e-36 0 1.45233e-34 6.02558e-44 7.99724e-34 3.68261e-42 2.85074e-33 7.98754e-41 7.90885e-33 5.56091e-37 2.28893e-31 1.40289e-33 8.8164e-30 8.90613e-32 8.32905e-29 1.44144e-30 4.26031e-28 1.12062e-29 0 5.62449e-29 0 2.12602e-28 0 6.54402e-28 0 1.71181e-27 0 3.98483e-27 0 8.50334e-27 0 1.67404e-26 0 3.11638e-26 0 5.40247e-26 0 9.08602e-26 0 1.45825e-25 0 2.27871e-25 0 3.47114e-25 0 5.07272e-25 0 7.36906e-25 0 1.02953e-24 0 1.43157e-24 0 1.9497e-24 0 2.60268e-24 0 3.46187e-24 0 4.5176e-24 0 5.832e-24 0 7.45033e-24 0 9.42126e-24 0 1.17962e-23 0 1.47364e-23 0 1.81019e-23 0 2.21935e-23 0 2.67715e-23 0 3.22419e-23 0 3.87686e-23 0 4.65436e-23 0 5.50222e-23 0 6.49606e-23 0 7.60734e-23 0 8.89835e-23 0 1.03266e-22 0 1.19715e-22 0 1.38641e-22 0 1.59339e-22 0 1.82957e-22 0 2.08521e-22 0 2.37462e-22 0 2.70199e-22 0 3.07202e-22 0 3.44582e-22 0 3.86263e-22 0 4.38187e-22 0 4.90534e-22 0 5.42007e-22 0 6.06043e-22 0 6.77228e-22 0 7.4711e-22 0 8.33905e-22 0 9.19022e-22 0
10.0767 1.21006e-14 1.21004e-14 2.28783e-19 1.89068e-05 3.85976e-05 0 2.06551e-41 0 2.17213e-39 0 6.93918e-37 0 1.25539e-34 9.80909e-45 1.7488e-33 3.6658e-42 9.24923e-33 1.85254e-40 3.19892e-32 3.45816e-39 8.66077e-32 1.56301e-35 2.30827e-30 2.68995e-32 8.08571e-29 1.39443e-30 7.17673e-28 1.97002e-29 3.4997e-27 1.38563e-28 0 6.42784e-28 0 2.27695e-27 0 6.63425e-27 0 1.65582e-26 0 3.69872e-26 0 7.60605e-26 0 1.44868e-25 0 2.61626e-25 0 4.41526e-25 0 7.23959e-25 0 1.13538e-24 0 1.73593e-24 0 2.59055e-24 0 3.71635e-24 0 5.30114e-24 0 7.28626e-24 0 9.96986e-24 0 1.3375e-23 0 1.76045e-23 0 2.30921e-23 0 2.97451e-23 0 3.79238e-23 0 4.78714e-23 0 5.98457e-23 0 7.41137e-23 0 9.15861e-23 0 1.11378e-22 0 1.35202e-22 0 1.61604e-22 0 1.92867e-22 0 2.29831e-22 0 2.73472e-22 0 3.20658e-22 0 3.7552e-22 0 4.36382e-22 0 5.06548e-22 0 5.83593e-22 0 6.71689e-22 0 7.72322e-22 0 8.81615e-22 0 1.00549e-21 0 1.13868e-21 0 1.28852e-21 0 1.45695e-21 0 1.64612e-21 0 1.8361e-21 0 2.04675e-21 0 2.30764e-21 0 2.56912e-21 0 2.82491e-21 0 3.14148e-21 0 3.49149e-21 0 3.83335e-21 0 4.25579e-21 0 4.66797e-21 0
10.5939 1.1327e-14 1.13268e-14 1.86984e-19 1.65078e-05 3.28354e-05 0 3.51285e-40 0 3.19014e-38 0 9.04901e-36 0 1.44787e-33 6.92241e-43 1.89572e-32 1.82567e-40 9.64042e-32 7.61926e-39 3.23745e-31 1.23291e-37 8.55871e-31 3.69478e-34 2.1045e-29 4.41965e-31 6.71709e-28 1.88941e-29 5.608e-27 2.34556e-28 2.60953e-26 1.49989e-27 0 6.45568e-27 0 2.14987e-26 0 5.94531e-26 0 1.41906e-25 0 3.04788e-25 0 6.05089e-25 0 1.11679e-24 0 1.9595e-24 0 3.22348e-24 0 5.15937e-24 0 7.91558e-24 0 1.18542e-23 0 1.73477e-23 0 2.4452e-23 0 3.42797e-23 0 4.63903e-23 0 6.25119e-23 0 8.26679e-23 0 1.07359e-22 0 1.38972e-22 0 1.76812e-22 0 2.2277e-22 0 2.78024e-22 0 3.43799e-22 0 4.21343e-22 0 5.15322e-22 0 6.20728e-22 0 7.46401e-22 0 8.84422e-22 0 1.04644e-21 0 1.23637e-21 0 1.4587e-21 0 1.69715e-21 0 1.97225e-21 0 2.27516e-21 0 2.62182e-21 0 2.99979e-21 0 3.429e-21 0 3.91596e-21 0 4.44132e-21 0 5.03294e-21 0 5.66515e-21 0 6.37203e-21 0 7.16184e-21 0 8.04368e-21 0 8.92428e-21 0 9.89554e-21 0 1.10917e-20 0 1.2284e-20 0 1.34445e-20 0 1.48739e-20 0 1.6446e-20 0 1.79741e-20 0 1.98533e-20 0 2.16781e-20 0
11.1377 1.08241e-14 1.08239e-14 1.52706e-19 1.4108e-05 2.74942e-05 0 5.63048e-39 0 4.26866e-37 0 1.07583e-34 1.4013e-45 1.53008e-32 3.76151e-41 1.8864e-31 7.55326e-39 9.23329e-31 2.62729e-37 3.01292e-30 3.71104e-36 7.78198e-30 7.52334e-33 1.76852e-28 6.36706e-30 5.15286e-27 2.26594e-28 4.05127e-26 2.48748e-27 1.80045e-25 1.45288e-26 0 5.82322e-26 0 1.82862e-25 0 4.81191e-25 0 1.10078e-24 0 2.27764e-24 0 4.37286e-24 0 7.8329e-24 0 1.33714e-23 0 2.14684e-23 0 3.35814e-23 0 5.04555e-23 0 7.40858e-23 0 1.06422e-22 0 1.47511e-22 0 2.03415e-22 0 2.71244e-22 0 3.60222e-22 0 4.69914e-22 0 6.02532e-22 0 7.70185e-22 0 9.6844e-22 0 1.20648e-21 0 1.48952e-21 0 1.82291e-21 0 2.212e-21 0 2.67891e-21 0 3.19768e-21 0 3.81062e-21 0 4.47801e-21 0 5.25502e-21 0 6.15845e-21 0 7.20747e-21 0 8.32389e-21 0 9.60248e-21 0 1.10003e-20 0 1.25889e-20 0 1.43093e-20 0 1.62503e-20 0 1.84381e-20 0 2.07836e-20 0 2.34087e-20 0 2.61974e-20 0 2.92976e-20 0 3.27417e-20 0 3.65653e-20 0 4.03631e-20 0 4.45307e-20 0 4.96362e-20 0 5.46983e-20 0 5.96029e-20 0 6.56151e-20 0 7.21954e-20 0 7.85619e-20 0 8.63552e-20 0 9.38885e-20 0
11.7094 1.00505e-14 1.00504e-14 1.25874e-19 1.25242e-05 2.27629e-05 0 8.1092e-38 0 5.00027e-36 0 1.11554e-33 1.26117e-43 1.41624e-31 1.61e-39 1.64691e-30 2.49554e-37 7.76638e-30 7.29929e-36 2.4642e-29 9.05987e-35 6.2217e-29 1.26643e-31 1.30903e-27 7.71214e-29 3.48798e-26 2.30538e-27 2.58536e-25 2.2514e-26 1.0983e-24 1.20643e-25 0 4.51852e-25 0 1.34182e-24 0 3.368e-24 0 7.39956e-24 0 1.47766e-23 0 2.74804e-23 0 4.78433e-23 0 7.95673e-23 0 1.2483e-22 0 1.91043e-22 0 2.8139e-22 0 4.05499e-22 0 5.72278e-22 0 7.80688e-22 0 1.0598e-21 0 1.39347e-21 0 1.82512e-21 0 2.35019e-21 0 2.9771e-21 0 3.76013e-21 0 4.67546e-21 0 5.76248e-21 0 7.04155e-21 0 8.53308e-21 0 1.0257e-20 0 1.23065e-20 0 1.45632e-20 0 1.72068e-20 0 2.00617e-20 0 2.33596e-20 0 2.71642e-20 0 3.15481e-20 0 3.61796e-20 0 4.14468e-20 0 4.7166e-20 0 5.36232e-20 0 6.05716e-20 0 6.83617e-20 0 7.70884e-20 0 8.63883e-20 0 9.67365e-20 0 1.07667e-19 0 1.19753e-19 0 1.33106e-19 0 1.47851e-19 0 1.62422e-19 0 1.78335e-19 0 1.97731e-19 0 2.16866e-19 0 2.35322e-19 0 2.57847e-19 0 2.82384e-19 0 3.06021e-19 0 3.34829e-19 0 3.62554e-19 0
12.3105 9.58529e-15 9.58518e-15 1.02348e-19 1.06776e-05 1.77898e-05 0 1.10309e-36 0 5.46719e-35 0 1.07181e-32 7.24471e-42 1.2187e-30 5.79928e-38 1.33882e-29 7.02703e-36 6.08829e-29 1.74304e-34 1.8796e-28 1.91312e-33 4.64148e-28 1.8777e-30 9.05605e-27 8.36115e-28 2.21056e-25 2.11734e-26 1.54641e-24 1.85003e-25 6.28501e-24 9.13338e-25 0 3.2072e-24 0 9.03119e-24 0 2.16725e-23 0 4.58199e-23 0 8.84621e-23 0 1.59607e-22 0 2.70453e-22 0 4.38752e-22 0 6.73371e-22 0 1.00936e-21 0 1.45885e-21 0 2.06511e-21 0 2.86586e-21 0 3.85071e-21 0 5.14997e-21 0 6.68152e-21 0 8.63671e-21 0 1.0985e-20 0 1.37555e-20 0 1.71764e-20 0 2.11317e-20 0 2.57803e-20 0 3.11958e-20 0 3.74507e-20 0 4.46143e-20 0 5.30547e-20 0 6.22697e-20 0 7.29765e-20 0 8.44492e-20 0 9.76033e-20 0 1.12667e-19 0 1.29898e-19 0 1.47975e-19 0 1.68396e-19 0 1.90427e-19 0 2.15146e-19 0 2.41582e-19 0 2.71047e-19 0 3.0386e-19 0 3.38628e-19 0 3.77103e-19 0 4.17526e-19 0 4.61987e-19 0 5.10859e-19 0 5.64546e-19 0 6.17343e-19 0 6.7474e-19 0 7.44362e-19 0 8.12723e-19 0 8.78381e-19 0 9.58171e-19 0 1.04471e-18 0 1.12772e-18 0 1.22847e-18 0 1.32504e-18 0
12.9424 9.1472e-15 9.14711e-15 8.35715e-20 9.1363e-06 1.29472e-05 0 1.36872e-35 0 5.47326e-34 0 9.34136e-32 3.35052e-40 9.53583e-30 1.72934e-36 9.91057e-29 1.6579e-34 4.34982e-28 3.51566e-33 1.30747e-27 3.43276e-32 3.15934e-27 2.40686e-29 5.72551e-26 7.95745e-27 1.28248e-24 1.72096e-25 8.47646e-24 1.35269e-24 3.29868e-23 6.17723e-24 0 2.04012e-23 0 5.46163e-23 0 1.25581e-22 0 2.55973e-22 0 4.78574e-22 0 8.38937e-22 0 1.38544e-21 0 2.19511e-21 0 3.2992e-21 0 4.84858e-21 0 6.88289e-21 0 9.57933e-21 0 1.30827e-20 0 1.73269e-20 0 2.28465e-20 0 2.92664e-20 0 3.73594e-20 0 4.69624e-20 0 5.81645e-20 0 7.18467e-20 0 8.75012e-20 0 1.05718e-19 0 1.26741e-19 0 1.50801e-19 0 1.78118e-19 0 2.10031e-19 0 2.44591e-19 0 2.84435e-19 0 3.26813e-19 0 3.75058e-19 0 4.29921e-19 0 4.92238e-19 0 5.57183e-19 0 6.30089e-19 0 7.08259e-19 0 7.9544e-19 0 8.88142e-19 0 9.9088e-19 0 1.10466e-18 0 1.22456e-18 0 1.35655e-18 0 1.49451e-18 0 1.64551e-18 0 1.81067e-18 0 1.99121e-18 0 2.16795e-18 0 2.35925e-18 0 2.59024e-18 0 2.81602e-18 0 3.03199e-18 0 3.2934e-18 0 3.57572e-18 0 3.84546e-18 0 4.17155e-18 0 4.48287e-18 0
13.6067 8.79252e-15 8.79245e-15 6.82417e-20 7.76133e-06 8.90624e-06 0 1.54722e-34 0 5.07355e-33 0 7.46883e-31 1.27568e-38 6.85579e-29 4.33747e-35 6.74946e-28 3.32783e-33 2.86154e-27 6.07921e-32 8.3794e-27 5.31088e-31 1.98227e-26 2.70415e-28 3.34187e-25 6.73518e-26 6.88033e-24 1.25362e-24 4.30098e-23 8.90995e-24 1.60398e-22 3.77804e-23 0 1.17705e-22 0 3.00318e-22 0 6.63025e-22 0 1.30527e-21 0 2.36693e-21 0 4.03705e-21 0 6.50557e-21 0 1.00785e-20 0 1.48494e-20 0 2.14166e-20 0 2.98867e-20 0 4.09292e-20 0 5.50538e-20 0 7.19204e-20 0 9.35594e-20 0 1.18409e-19 0 1.49362e-19 0 1.85669e-19 0 2.27568e-19 0 2.78215e-19 0 3.35589e-19 0 4.0173e-19 0 4.77369e-19 0 5.63193e-19 0 6.59827e-19 0 7.71812e-19 0 8.92151e-19 0 1.02986e-18 0 1.17531e-18 0 1.33978e-18 0 1.52555e-18 0 1.73517e-18 0 1.95226e-18 0 2.1945e-18 0 2.4527e-18 0 2.73904e-18 0 3.04184e-18 0 3.37562e-18 0 3.7433e-18 0 4.12879e-18 0 4.55101e-18 0 4.99021e-18 0 5.46863e-18 0 5.98948e-18 0 6.55621e-18 0 7.10855e-18 0 7.70394e-18 0 8.41973e-18 0 9.11635e-18 0 9.78019e-18 0 1.05806e-17 0 1.14415e-17 0 1.2261e-17 0 1.3248e-17 0 1.41868e-17 0
14.3051 8.54814e-15 8.54808e-15 5.56794e-20 6.51363e-06 5.4035e-06 0 1.59186e-33 0 4.38242e-32 0 5.5244e-30 4.05495e-37 4.56414e-28 9.26955e-34 4.26141e-27 5.75378e-32 1.74655e-26 9.12091e-31 4.98545e-26 7.16801e-30 1.15516e-25 2.69217e-27 1.81441e-24 5.12181e-25 3.43897e-23 8.26503e-24 2.03528e-22 5.33788e-23 7.27972e-22 2.10925e-22 0 6.21672e-22 0 1.51526e-21 0 3.21841e-21 0 6.12984e-21 0 1.07973e-20 0 1.7942e-20 0 2.82472e-20 0 4.28354e-20 0 6.19296e-20 0 8.77357e-20 0 1.20458e-19 0 1.62452e-19 0 2.15374e-19 0 2.7771e-19 0 3.56656e-19 0 4.46224e-19 0 5.56522e-19 0 6.84492e-19 0 8.30664e-19 0 1.00562e-18 0 1.20195e-18 0 1.42626e-18 0 1.68058e-18 0 1.96678e-18 0 2.28651e-18 0 2.65417e-18 0 3.04638e-18 0 3.49206e-18 0 3.95961e-18 0 4.48493e-18 0 5.07454e-18 0 5.73566e-18 0 6.41621e-18 0 7.17126e-18 0 7.97162e-18 0 8.8544e-18 0 9.78304e-18 0 1.08015e-17 0 1.19177e-17 0 1.30822e-17 0 1.43516e-17 0 1.5666e-17 0 1.70914e-17 0 1.86363e-17 0 2.03098e-17 0 2.19341e-17 0 2.3678e-17 0 2.5766e-17 0 2.77897e-17 0 2.97112e-17 0 3.20196e-17 0 3.4493e-17 0 3.68389e-17 0 3.96541e-17 0 4.23223e-17 0
15.0394 8.42041e-15 8.42037e-15 4.5403e-20 5.39202e-06 2.25247e-06 0 1.49014e-32 0 3.53484e-31 1.26117e-44 3.80127e-29 1.08813e-35 2.82832e-27 1.7051e-32 2.50717e-26 8.65185e-31 9.94117e-26 1.1984e-29 2.7677e-25 8.51622e-29 6.28412e-25 2.39466e-26 9.2096e-24 3.52597e-24 1.60945e-22 4.9674e-23 9.02706e-22 2.92887e-22 3.09921e-21 1.08224e-21 0 3.02578e-21 0 7.06107e-21 0 1.44562e-20 0 2.66808e-20 0 4.57152e-20 0 7.41052e-20 0 1.14111e-19 0 1.69562e-19 0 2.40773e-19 0 3.3535e-19 0 4.53355e-19 0 6.02539e-19 0 7.87905e-19 0 1.00342e-18 0 1.27302e-18 0 1.57539e-18 0 1.94372e-18 0 2.36663e-18 0 2.84501e-18 0 3.41224e-18 0 4.04305e-18 0 4.75766e-18 0 5.5613e-18 0 6.45861e-18 0 7.4535e-18 0 8.58926e-18 0 9.79238e-18 0 1.11504e-17 0 1.2566e-17 0 1.41468e-17 0 1.59104e-17 0 1.7876e-17 0 1.98879e-17 0 2.21078e-17 0 2.44486e-17 0 2.70172e-17 0 2.97057e-17 0 3.26399e-17 0 3.58404e-17 0 3.91639e-17 0 4.27702e-17 0 4.6488e-17 0 5.05025e-17 0 5.48352e-17 0 5.9509e-17 0 6.40273e-17 0 6.88603e-17 0 7.4624e-17 0 8.01886e-17 0 8.54537e-17 0 9.1757e-17 0 9.84866e-17 0 1.04847e-16 0 1.12455e-16 0 1.19641e-16 0
15.8114 8.43768e-15 8.43764e-15 3.70223e-20 4.38774e-06 -7.02669e-07 0 1.27458e-31 0 2.67119e-30 7.58102e-43 2.45107e-28 2.49704e-34 1.64327e-26 2.73211e-31 1.38447e-25 1.14444e-29 5.31478e-25 1.3943e-28 1.44401e-24 9.00366e-28 3.21423e-24 1.92241e-25 4.40147e-23 2.21835e-23 7.10281e-22 2.74655e-22 3.7792e-21 1.48503e-21 1.24643e-20 5.14809e-21 0 1.36886e-20 0 3.06495e-20 0 6.05917e-20 0 1.08534e-19 0 1.81137e-19 0 2.86783e-19 0 4.32395e-19 0 6.30205e-19 0 8.79683e-19 0 1.20557e-18 0 1.60598e-18 0 2.10501e-18 0 2.71678e-18 0 3.41929e-18 0 4.28788e-18 0 5.25142e-18 0 6.4131e-18 0 7.73376e-18 0 9.21383e-18 0 1.09532e-17 0 1.28711e-17 0 1.50261e-17 0 1.74309e-17 0 2.00961e-17 0 2.303e-17 0 2.63562e-17 0 2.98563e-17 0 3.37819e-17 0 3.78492e-17 0 4.23648e-17 0 4.73736e-17 0 5.29244e-17 0 5.8575e-17 0 6.47778e-17 0 7.12853e-17 0 7.83913e-17 0 8.57938e-17 0 9.38357e-17 0 1.02567e-16 0 1.11594e-16 0 1.21347e-16 0 1.31359e-16 0 1.42127e-16 0 1.53702e-16 0 1.66137e-16 0 1.78114e-16 0 1.90879e-16 0 2.06046e-16 0 2.20634e-16 0 2.34392e-16 0 2.50808e-16 0 2.68274e-16 0 2.8473e-16 0 3.04346e-16 0 3.22816e-16 0
16.623 8.60228e-15 8.60225e-15 3.0183e-20 3.50872e-06 -3.6783e-06 0 9.98252e-31 0 1.88974e-29 3.9099e-41 1.48556e-27 4.94276e-33 8.98076e-26 3.84294e-30 7.19885e-25 1.34141e-28 2.67752e-24 1.44648e-27 7.10331e-24 8.52756e-27 1.55076e-23 1.40126e-24 1.98698e-22 1.28239e-22 2.96519e-21 1.40419e-21 1.49812e-20 6.99178e-21 4.75039e-20 2.28106e-20 0 5.78247e-20 0 1.24476e-19 0 2.38026e-19 0 4.14397e-19 0 6.74527e-19 0 1.04424e-18 0 1.5432e-18 0 2.20819e-18 0 3.03255e-18 0 4.09253e-18 0 5.37599e-18 0 6.954e-18 0 8.86394e-18 0 1.10314e-17 0 1.36816e-17 0 1.65911e-17 0 2.00645e-17 0 2.39762e-17 0 2.83215e-17 0 3.33849e-17 0 3.89227e-17 0 4.50975e-17 0 5.19371e-17 0 5.94637e-17 0 6.76934e-17 0 7.69615e-17 0 8.66528e-17 0 9.74568e-17 0 1.08586e-16 0 1.20874e-16 0 1.34429e-16 0 1.4937e-16 0 1.64501e-16 0 1.81029e-16 0 1.98287e-16 0 2.17043e-16 0 2.36494e-16 0 2.57533e-16 0 2.80277e-16 0 3.0369e-16 0 3.28884e-16 0 3.54645e-16 0 3.82242e-16 0 4.11794e-16 0 4.43424e-16 0 4.73776e-16 0 5.06019e-16 0 5.4419e-16 0 5.80777e-16 0 6.15172e-16 0 6.56085e-16 0 6.99472e-16 0 7.40221e-16 0 7.88649e-16 0 8.34106e-16 0
17.4762 8.89144e-15 8.89141e-15 2.45943e-20 2.76607e-06 -6.53873e-06 0 7.15504e-30 0 1.24654e-28 1.66738e-39 8.45453e-27 8.47776e-32 4.61399e-25 4.76255e-29 3.52268e-24 1.39768e-27 1.27037e-23 1.34194e-26 3.29264e-23 7.25485e-26 7.05328e-23 9.29275e-24 8.46753e-22 6.82143e-22 1.17019e-20 6.64558e-21 5.61944e-20 3.05955e-20 1.7145e-19 9.42179e-20 0 2.28237e-19 0 4.73263e-19 0 8.76787e-19 0 1.48569e-18 0 2.36147e-18 0 3.57864e-18 0 5.18868e-18 0 7.2958e-18 0 9.86549e-18 0 1.31204e-17 0 1.7007e-17 0 2.17244e-17 0 2.73649e-17 0 3.36946e-17 0 4.13524e-17 0 4.96763e-17 0 5.95212e-17 0 7.05095e-17 0 8.26137e-17 0 9.66048e-17 0 1.11788e-16 0 1.28595e-16 0 1.47081e-16 0 1.67286e-16 0 1.89237e-16 0 2.13802e-16 0 2.39335e-16 0 2.67636e-16 0 2.96628e-16 0 3.28472e-16 0 3.63418e-16 0 4.01737e-16 0 4.40354e-16 0 4.82338e-16 0 5.25974e-16 0 5.73193e-16 0 6.2195e-16 0 6.74467e-16 0 7.31004e-16 0 7.88974e-16 0 8.51108e-16 0 9.14401e-16 0 9.81957e-16 0 1.05403e-15 0 1.1309e-15 0 1.20441e-15 0 1.28225e-15 0 1.37409e-15 0 1.46182e-15 0 1.54405e-15 0 1.64157e-15 0 1.74466e-15 0 1.8412e-15 0 1.9556e-15 0 2.06267e-15 0
18.3733 9.36377e-15 9.36375e-15 2.00296e-20 2.13906e-06 -9.24756e-06 0 4.73379e-29 0 7.70635e-28 5.96837e-38 4.55073e-26 1.276e-30 2.24578e-24 5.26215e-28 1.63494e-23 1.30942e-26 5.72104e-23 1.12575e-25 1.44947e-22 5.60473e-25 3.04794e-22 5.66464e-23 3.43288e-21 3.3714e-21 4.39943e-20 2.93899e-20 2.00997e-19 1.25587e-19 5.90532e-19 3.66077e-19 0 8.49306e-19 0 1.69948e-18 0 3.05516e-18 0 5.0453e-18 0 7.83995e-18 0 1.16422e-17 0 1.65766e-17 0 2.29238e-17 0 3.05445e-17 0 4.00604e-17 0 5.12738e-17 0 6.47178e-17 0 8.06075e-17 0 9.82493e-17 0 1.19379e-16 0 1.42131e-16 0 1.68802e-16 0 1.98317e-16 0 2.30571e-16 0 2.67568e-16 0 3.07423e-16 0 3.51232e-16 0 3.99096e-16 0 4.51079e-16 0 5.07206e-16 0 5.69643e-16 0 6.34168e-16 0 7.05298e-16 0 7.77786e-16 0 8.57006e-16 0 9.43514e-16 0 1.03791e-15 0 1.13259e-15 0 1.23507e-15 0 1.34112e-15 0 1.45539e-15 0 1.57291e-15 0 1.69899e-15 0 1.83418e-15 0 1.97227e-15 0 2.11974e-15 0 2.26941e-15 0 2.42861e-15 0 2.59787e-15 0 2.77776e-15 0 2.94924e-15 0 3.13026e-15 0 3.34314e-15 0 3.54586e-15 0 3.73532e-15 0 3.95939e-15 0 4.19555e-15 0 4.41608e-15 0 4.67668e-15 0 4.9199e-15 0
19.3164 1.00528e-14 1.00528e-14 1.63331e-20 1.62472e-06 -1.20114e-05 0 2.9038e-28 0 4.47152e-27 1.81115e-36 2.3227e-25 1.69851e-29 1.0389e-23 5.22026e-27 7.22051e-23 1.11033e-25 2.4535e-22 8.59406e-25 6.07968e-22 3.95616e-24 1.25548e-21 3.19167e-22 1.3283e-20 1.55601e-20 1.58072e-19 1.22035e-19 6.87725e-19 4.85777e-19 1.94728e-18 1.34394e-18 0 2.99244e-18 0 5.78856e-18 0 1.01123e-17 0 1.62955e-17 0 2.47827e-17 0 3.60982e-17 0 5.05189e-17 0 6.87654e-17 0 9.03506e-17 0 1.1694e-16 0 1.4788e-16 0 1.84544e-16 0 2.27403e-16 0 2.74508e-16 0 3.30387e-16 0 3.90017e-16 0 4.59331e-16 0 5.35417e-16 0 6.17934e-16 0 7.11894e-16 0 8.12407e-16 0 9.22161e-16 0 1.04131e-15 0 1.16993e-15 0 1.30799e-15 0 1.4607e-15 0 1.61766e-15 0 1.78979e-15 0 1.96433e-15 0 2.15418e-15 0 2.36052e-15 0 2.58461e-15 0 2.80839e-15 0 3.04958e-15 0 3.29815e-15 0 3.56492e-15 0 3.83819e-15 0 4.13027e-15 0 4.44229e-15 0 4.75984e-15 0 5.09774e-15 0 5.43954e-15 0 5.80189e-15 0 6.18587e-15 0 6.59263e-15 0 6.97917e-15 0 7.38601e-15 0 7.86303e-15 0 8.31588e-15 0 8.73798e-15 0 9.23583e-15 0 9.75906e-15 0 1.02464e-14 0 1.08207e-14 0 1.13553e-14 0
20.3079 1.09804e-14 1.09804e-14 1.33273e-20 1.21373e-06 -1.51462e-05 0 1.65498e-27 0 2.43412e-26 4.69225e-35 1.12414e-24 2.00951e-28 4.57036e-23 4.66936e-26 3.03637e-22 8.55444e-25 1.00265e-21 5.99163e-24 2.4313e-21 2.56004e-23 4.93261e-21 1.66685e-21 4.90831e-20 6.72163e-20 5.43096e-19 4.76734e-19 2.25223e-18 1.77393e-18 6.15087e-18 4.66983e-18 0 9.99941e-18 0 1.87296e-17 0 3.18405e-17 0 5.01279e-17 0 7.46913e-17 0 1.06815e-16 0 1.47053e-16 0 1.97175e-16 0 2.55638e-16 0 3.26728e-16 0 4.08467e-16 0 5.04256e-16 0 6.15062e-16 0 7.35672e-16 0 8.77453e-16 0 1.02746e-15 0 1.20044e-15 0 1.38885e-15 0 1.59172e-15 0 1.82112e-15 0 2.06489e-15 0 2.3294e-15 0 2.61481e-15 0 2.92113e-15 0 3.2481e-15 0 3.60782e-15 0 3.97564e-15 0 4.37701e-15 0 4.78209e-15 0 5.2207e-15 0 5.69527e-15 0 6.20839e-15 0 6.71863e-15 0 7.26633e-15 0 7.8286e-15 0 8.42974e-15 0 9.04326e-15 0 9.69665e-15 0 1.03922e-14 0 1.10976e-14 0 1.18457e-14 0 1.25999e-14 0 1.3397e-14 0 1.4239e-14 0 1.51282e-14 0 1.59707e-14 0 1.6855e-14 0 1.78888e-14 0 1.88674e-14 0 1.97773e-14 0 2.08476e-14 0 2.19695e-14 0 2.30117e-14 0 2.42369e-14 0 2.53745e-14 0
21.3503 1.2223e-14 1.22229e-14 1.08863e-20 8.90642e-07 -1.74399e-05 0 8.81455e-27 0 1.24782e-25 1.04856e-33 5.17792e-24 2.13065e-27 1.92004e-22 3.7945e-25 1.22096e-21 6.03153e-24 3.92112e-21 3.84156e-23 9.30946e-21 1.52903e-22 1.85628e-20 8.11923e-21 1.7393e-19 2.7334e-19 1.79168e-18 1.76183e-18 7.08897e-18 6.14842e-18 1.86881e-17 1.54384e-17 0 3.18517e-17 0 5.78601e-17 0 9.58472e-17 0 1.4759e-16 0 2.1567e-16 0 3.03087e-16 0 4.108e-16 0 5.42986e-16 0 6.95113e-16 0 8.77838e-16 0 1.08555e-15 0 1.32641e-15 0 1.60226e-15 0 1.89977e-15 0 2.24649e-15 0 2.61036e-15 0 3.02674e-15 0 3.47696e-15 0 3.9584e-15 0 4.49922e-15 0 5.07027e-15 0 5.68619e-15 0 6.34699e-15 0 7.05227e-15 0 7.80114e-15 0 8.62078e-15 0 9.45476e-15 0 1.03605e-14 0 1.12705e-14 0 1.22516e-14 0 1.33087e-14 0 1.44468e-14 0 1.55739e-14 0 1.67792e-14 0 1.80119e-14 0 1.9325e-14 0 2.06605e-14 0 2.2078e-14 0 2.35817e-14 0 2.51017e-14 0 2.67086e-14 0 2.83238e-14 0 3.00255e-14 0 3.18178e-14 0 3.37049e-14 0 3.5488e-14 0 3.73545e-14 0 3.95306e-14 0 4.15849e-14 0 4.34901e-14 0 4.57259e-14 0 4.80634e-14 0 5.02297e-14 0 5.27703e-14 0 5.51237e-14 0
22.4463 1.38554e-14 1.38553e-14 8.92116e-21 6.43878e-07 -1.9268e-05 0 4.40149e-26 2.52234e-44 6.03416e-25 2.036e-32 2.27262e-23 2.03574e-26 7.71539e-22 2.815e-24 4.70263e-21 3.90931e-23 1.46992e-20 2.27468e-22 3.41868e-20 8.46328e-22 6.70234e-20 3.70179e-20 5.91996e-19 1.04963e-18 5.68442e-18 6.17714e-18 2.14786e-17 2.02808e-17 5.47018e-17 4.86858e-17 0 9.6956e-17 0 1.71066e-16 0 2.76479e-16 0 4.16855e-16 0 5.97966e-16 0 8.26492e-16 0 1.10371e-15 0 1.43912e-15 0 1.82023e-15 0 2.27267e-15 0 2.78143e-15 0 3.36548e-15 0 4.02806e-15 0 4.73646e-15 0 5.55523e-15 0 6.40788e-15 0 7.37651e-15 0 8.41658e-15 0 9.5215e-15 0 1.07549e-14 0 1.20495e-14 0 1.34378e-14 0 1.49191e-14 0 1.64918e-14 0 1.81534e-14 0 1.99631e-14 0 2.17959e-14 0 2.37775e-14 0 2.57599e-14 0 2.78884e-14 0 3.01724e-14 0 3.26216e-14 0 3.5038e-14 0 3.76125e-14 0 4.02362e-14 0 4.30216e-14 0 4.58448e-14 0 4.88316e-14 0 5.199e-14 0 5.51727e-14 0 5.8527e-14 0 6.18886e-14 0 6.54203e-14 0 6.91295e-14 0 7.30238e-14 0 7.66936e-14 0 8.05257e-14 0 8.49815e-14 0 8.91768e-14 0 9.30586e-14 0 9.76036e-14 0 1.02344e-13 0 1.06727e-13 0 1.11855e-13 0 1.16595e-13 0
23.5984 1.59374e-14 1.59374e-14 7.35444e-21 4.61457e-07 -2.09399e-05 0 2.06151e-25 1.64653e-42 2.75044e-24 3.44969e-31 9.49081e-23 1.75704e-25 2.96206e-21 1.90993e-23 1.73294e-20 2.33267e-22 5.27608e-20 1.24547e-21 1.20266e-19 4.346e-21 2.31909e-19 1.5807e-19 1.93301e-18 3.80672e-18 1.73227e-17 2.05456e-17 6.25669e-17 6.36515e-17 1.54065e-16 1.46406e-16 0 2.81919e-16 0 4.83808e-16 0 7.63821e-16 0 1.12878e-15 0 1.59092e-15 0 2.16446e-15 0 2.84991e-15 0 3.66815e-15 0 4.58665e-15 0 5.66498e-15 0 6.8651e-15 0 8.22969e-15 0 9.76389e-15 0 1.13906e-14 0 1.3256e-14 0 1.51844e-14 0 1.73599e-14 0 1.96805e-14 0 2.21305e-14 0 2.4849e-14 0 2.7686e-14 0 3.07119e-14 0 3.39239e-14 0 3.7317e-14 0 4.08847e-14 0 4.47523e-14 0 4.86518e-14 0 5.285e-14 0 5.70328e-14 0 6.15066e-14 0 6.62886e-14 0 7.13969e-14 0 7.64184e-14 0 8.17499e-14 0 8.71651e-14 0 9.2895e-14 0 9.86846e-14 0 1.0479e-13 0 1.11227e-13 0 1.17694e-13 0 1.24491e-13 0 1.31282e-13 0 1.38399e-13 0 1.45852e-13 0 1.53657e-13 0 1.60993e-13 0 1.68635e-13 0 1.77499e-13 0 1.85824e-13 0 1.9351e-13 0 2.02489e-13 0 2.11832e-13 0 2.20452e-13 0 2.30516e-13 0 2.39797e-13 0
24.8097 1.84875e-14 1.84874e-14 6.11525e-21 3.30779e-07 -2.32329e-05 0 9.03483e-25 8.70052e-41 1.17777e-23 5.10618e-30 3.75588e-22 1.36918e-24 1.08222e-20 1.1838e-22 6.08597e-20 1.27953e-21 1.80616e-19 6.29521e-21 4.03704e-19 2.06666e-20 7.65939e-19 6.30704e-19 6.03083e-18 1.30037e-17 5.05008e-17 6.4638e-17 1.74521e-16 1.89496e-16 4.15842e-16 4.18493e-16 0 7.80476e-16 0 1.30454e-15 0 2.01416e-15 0 2.92031e-15 0 4.04756e-15 0 5.42456e-15 0 7.04715e-15 0 8.95937e-15 0 1.10812e-14 0 1.35461e-14 0 1.62625e-14 0 1.93232e-14 0 2.2735e-14 0 2.63238e-14 0 3.04089e-14 0 3.46023e-14 0 3.93023e-14 0 4.42838e-14 0 4.95121e-14 0 5.52807e-14 0 6.12678e-14 0 6.76207e-14 0 7.43308e-14 0 8.13858e-14 0 8.87701e-14 0 9.67398e-14 0 1.04741e-13 0 1.1332e-13 0 1.21835e-13 0 1.30909e-13 0 1.40572e-13 0 1.50857e-13 0 1.60932e-13 0 1.71594e-13 0 1.82388e-13 0 1.93774e-13 0 2.05244e-13 0 2.17305e-13 0 2.29983e-13 0 2.42684e-13 0 2.55995e-13 0 2.69263e-13 0 2.83127e-13 0 2.97612e-13 0 3.12741e-13 0 3.26927e-13 0 3.41672e-13 0 3.58733e-13 0 3.74718e-13 0 3.89445e-13 0 4.06614e-13 0 4.2444e-13 0 4.40852e-13 0 4.59974e-13 0 4.77573e-13 0
26.0832 2.14805e-14 2.14805e-14 5.15067e-21 2.39784e-07 -2.47527e-05 0 3.69374e-24 3.77602e-39 4.71999e-23 6.60422e-29 1.402e-21 9.61945e-24 3.74583e-20 6.68969e-22 2.02771e-19 6.4373e-21 5.87002e-19 2.93009e-20 1.28711e-18 9.07681e-20 2.40352e-18 2.34427e-18 1.78943e-17 4.16949e-17 1.40183e-16 1.91647e-16 4.63958e-16 5.33099e-16 1.07062e-15 1.13265e-15 0 2.04905e-15 0 3.34009e-15 0 5.04875e-15 0 7.18855e-15 0 9.80583e-15 0 1.29553e-14 0 1.66168e-14 0 2.08795e-14 0 2.55578e-14 0 3.09379e-14 0 3.6812e-14 0 4.33736e-14 0 5.06282e-14 0 5.82021e-14 0 6.67623e-14 0 7.54913e-14 0 8.52136e-14 0 9.54566e-14 0 1.06147e-13 0 1.17878e-13 0 1.2999e-13 0 1.42779e-13 0 1.56224e-13 0 1.70296e-13 0 1.84962e-13 0 2.00723e-13 0 2.16483e-13 0 2.33317e-13 0 2.49962e-13 0 2.67637e-13 0 2.86395e-13 0 3.06292e-13 0 3.25718e-13 0 3.46211e-13 0 3.66896e-13 0 3.8865e-13 0 4.105e-13 0 4.33413e-13 0 4.57431e-13 0 4.81428e-13 0 5.06512e-13 0 5.3145e-13 0 5.57447e-13 0 5.84541e-13 0 6.1277e-13 0 6.39179e-13 0 6.66569e-13 0 6.9819e-13 0 7.27751e-13 0 7.54932e-13 0 7.86555e-13 0 8.19318e-13 0 8.49424e-13 0 8.84433e-13 0 9.1659e-13 0
27.4221 2.47001e-14 2.47001e-14 4.39822e-21 1.78065e-07 -2.59597e-05 0 1.39686e-23 1.34257e-37 1.75437e-22 7.42389e-28 4.8884e-21 6.05153e-23 1.21627e-19 3.42117e-21 6.34648e-19 2.94757e-20 1.79335e-18 1.24597e-19 3.85923e-18 3.65244e-19 7.09513e-18 8.0485e-18 4.99929e-17 1.24382e-16 3.6683e-16 5.3068e-16 1.16386e-15 1.40426e-15 2.60312e-15 2.87577e-15 0 5.05407e-15 0 8.04425e-15 0 1.19166e-14 0 1.6677e-14 0 2.24066e-14 0 2.92034e-14 0 3.70045e-14 0 4.59818e-14 0 5.57317e-14 0 6.68373e-14 0 7.88554e-14 0 9.21699e-14 0 1.06777e-13 0 1.21918e-13 0 1.38915e-13 0 1.56139e-13 0 1.75208e-13 0 1.95184e-13 0 2.1592e-13 0 2.38559e-13 0 2.61818e-13 0 2.86263e-13 0 3.11846e-13 0 3.38508e-13 0 3.66179e-13 0 3.95799e-13 0 4.25304e-13 0 4.56702e-13 0 4.87641e-13 0 5.20384e-13 0 5.55018e-13 0 5.91632e-13 0 6.2727e-13 0 6.64752e-13 0 7.02475e-13 0 7.42037e-13 0 7.81666e-13 0 8.2311e-13 0 8.66438e-13 0 9.09619e-13 0 9.54643e-13 0 9.99296e-13 0 1.04574e-12 0 1.09403e-12 0 1.14422e-12 0 1.19108e-12 0 1.23958e-12 0 1.29545e-12 0 1.34756e-12 0 1.39539e-12 0 1.45094e-12 0 1.50836e-12 0 1.56104e-12 0 1.62217e-12 0 1.67822e-12 0
28.8297 2.76625e-14 2.76625e-14 3.81897e-21 1.38056e-07 -2.64325e-05 0 4.82525e-23 3.8843e-36 5.9696e-22 7.18338e-27 1.57033e-20 3.37114e-22 3.65377e-19 1.56506e-20 1.84021e-18 1.21382e-19 5.07898e-18 4.78224e-19 1.07309e-17 1.33016e-18 1.9429e-17 2.52034e-17 1.29675e-16 3.40758e-16 8.92285e-16 1.35444e-15 2.71652e-15 3.41775e-15 5.89383e-15 6.75848e-15 0 1.15552e-14 0 1.79791e-14 0 2.61277e-14 0 3.597e-14 0 4.76363e-14 0 6.12882e-14 0 7.67678e-14 0 9.43854e-14 0 1.1333e-13 0 1.34712e-13 0 1.57657e-13 0 1.82879e-13 0 2.10344e-13 0 2.38622e-13 0 2.70163e-13 0 3.01931e-13 0 3.36904e-13 0 3.73343e-13 0 4.10976e-13 0 4.51861e-13 0 4.93669e-13 0 5.37414e-13 0 5.83e-13 0 6.30315e-13 0 6.79229e-13 0 7.31389e-13 0 7.83156e-13 0 8.38053e-13 0 8.91968e-13 0 9.48844e-13 0 1.00881e-12 0 1.07202e-12 0 1.13335e-12 0 1.19768e-12 0 1.26223e-12 0 1.32976e-12 0 1.39722e-12 0 1.4676e-12 0 1.54098e-12 0 1.61395e-12 0 1.68984e-12 0 1.76494e-12 0 1.84287e-12 0 1.92373e-12 0 2.00759e-12 0 2.08571e-12 0 2.16641e-12 0 2.25918e-12 0 2.34555e-12 0 2.42467e-12 0 2.51638e-12 0 2.61103e-12 0 2.69768e-12 0 2.79808e-12 0 2.88997e-12 0
30.3095 3.00268e-14 3.00268e-14 3.35693e-21 1.11798e-07 -2.664e-05 0 1.52012e-22 9.18026e-35 1.85598e-21 5.98988e-26 4.63542e-20 1.6626e-21 1.01268e-18 6.39977e-20 4.92915e-18 4.49112e-19 1.32957e-17 1.65484e-18 2.75903e-17 4.37863e-18 4.92079e-17 7.18651e-17 3.11357e-16 8.55629e-16 2.01147e-15 3.17935e-15 5.8819e-15 7.66818e-15 1.23895e-14 1.46671e-14 0 2.44288e-14 0 3.71978e-14 0 5.30793e-14 0 7.19424e-14 0 9.3978e-14 0 1.19432e-13 0 1.47961e-13 0 1.80092e-13 0 2.14316e-13 0 2.52611e-13 0 2.93375e-13 0 3.37852e-13 0 3.85947e-13 0 4.35143e-13 0 4.89683e-13 0 5.44302e-13 0 6.04109e-13 0 6.66099e-13 0 7.29812e-13 0 7.98709e-13 0 8.68847e-13 0 9.41925e-13 0 1.01777e-12 0 1.09619e-12 0 1.17695e-12 0 1.26276e-12 0 1.34763e-12 0 1.43733e-12 0 1.52515e-12 0 1.61751e-12 0 1.71461e-12 0 1.81663e-12 0 1.91536e-12 0 2.01862e-12 0 2.12198e-12 0 2.22982e-12 0 2.33729e-12 0 2.44913e-12 0 2.56548e-12 0 2.68089e-12 0 2.80067e-12 0 2.91893e-12 0 3.0414e-12 0 3.16818e-12 0 3.29941e-12 0 3.42142e-12 0 3.54722e-12 0 3.69156e-12 0 3.82568e-12 0 3.94832e-12 0 4.09025e-12 0 4.23644e-12 0 4.37007e-12 0 4.52463e-12 0 4.66585e-12 0
31.8653 3.07154e-14 3.07154e-14 2.94944e-21 9.60249e-08 -2.62012e-05 1.4013e-45 4.25991e-22 1.7378e-33 5.14102e-21 4.20921e-25 1.2253e-19 7.08968e-21 2.52298e-18 2.28349e-19 1.18822e-17 1.45705e-18 3.13401e-17 5.03759e-18 6.38957e-17 1.27108e-17 1.12284e-16 1.81979e-16 6.7407e-16 1.91984e-15 4.0934e-15 6.69094e-15 1.15083e-14 1.54587e-14 2.35534e-14 2.86466e-14 0 4.65385e-14 0 6.94245e-14 0 9.73602e-14 0 1.30015e-13 0 1.67637e-13 0 2.10563e-13 0 2.58147e-13 0 3.11204e-13 0 3.67212e-13 0 4.29367e-13 0 4.95027e-13 0 5.66159e-13 0 6.42566e-13 0 7.20241e-13 0 8.05856e-13 0 8.91127e-13 0 9.84022e-13 0 1.07983e-12 0 1.17786e-12 0 1.28338e-12 0 1.39036e-12 0 1.50137e-12 0 1.61614e-12 0 1.73436e-12 0 1.85569e-12 0 1.98416e-12 0 2.1108e-12 0 2.24423e-12 0 2.37446e-12 0 2.51104e-12 0 2.65421e-12 0 2.80422e-12 0 2.94898e-12 0 3.10001e-12 0 3.25081e-12 0 3.40776e-12 0 3.5638e-12 0 3.72582e-12 0 3.89399e-12 0 4.06043e-12 0 4.2328e-12 0 4.40263e-12 0 4.57815e-12 0 4.7595e-12 0 4.94684e-12 0 5.12068e-12 0 5.29961e-12 0 5.50453e-12 0 5.69458e-12 0 5.86809e-12 0 6.06855e-12 0 6.27469e-12 0 6.4628e-12 0 6.68002e-12 0 6.87819e-12 0
33.5009 3.01095e-14 3.01095e-14 2.58699e-21 8.59194e-08 -2.57224e-05 5.88545e-44 1.08307e-21 2.70061e-32 1.29374e-20 2.54866e-24 2.95586e-19 2.66924e-20 5.75682e-18 7.25662e-19 2.62614e-17 4.22973e-18 6.77636e-17 1.37644e-17 1.35776e-16 3.31957e-17 2.35143e-16 4.17348e-16 1.34035e-15 3.92449e-15 7.66022e-15 1.28686e-14 2.0726e-14 2.85404e-14 4.12502e-14 5.13192e-14 0 8.142e-14 0 1.19111e-13 0 1.64304e-13 0 2.16336e-13 0 2.75495e-13 0 3.42211e-13 0 4.15392e-13 0 4.96219e-13 0 5.80811e-13 0 6.73956e-13 0 7.71639e-13 0 8.76753e-13 0 9.88944e-13 0 1.10233e-12 0 1.22662e-12 0 1.34977e-12 0 1.48328e-12 0 1.62033e-12 0 1.75994e-12 0 1.9096e-12 0 2.0607e-12 0 2.2169e-12 0 2.37781e-12 0 2.54296e-12 0 2.71189e-12 0 2.89018e-12 0 3.06537e-12 0 3.2494e-12 0 3.42851e-12 0 3.61583e-12 0 3.81166e-12 0 4.01629e-12 0 4.21326e-12 0 4.41824e-12 0 4.62244e-12 0 4.83446e-12 0 5.0448e-12 0 5.26271e-12 0 5.48841e-12 0 5.71131e-12 0 5.94169e-12 0 6.16824e-12 0 6.40192e-12 0 6.6429e-12 0 6.89137e-12 0 7.12153e-12 0 7.35802e-12 0 7.62839e-12 0 7.8787e-12 0 8.10688e-12 0 8.37007e-12 0 8.64029e-12 0 8.8865e-12 0 9.17037e-12 0 9.42895e-12 0
35.2205 2.76318e-14 2.76318e-14 2.21548e-21 8.01786e-08 -2.42644e-05 2.76196e-42 2.44761e-21 3.39142e-31 2.8972e-20 1.30577e-23 6.37101e-19 8.70294e-20 1.1775e-17 2.01364e-18 5.20803e-17 1.07692e-17 1.31526e-16 3.30831e-17 2.59065e-16 7.64302e-17 4.4225e-16 8.49187e-16 2.39538e-15 7.15763e-15 1.28995e-14 2.21481e-14 3.3622e-14 4.7247e-14 6.51263e-14 8.2557e-14 0 1.28061e-13 0 1.83895e-13 0 2.49717e-13 0 3.2441e-13 0 4.08277e-13 0 5.01806e-13 0 6.0338e-13 0 7.14556e-13 0 8.29966e-13 0 9.561e-13 0 1.08747e-12 0 1.22792e-12 0 1.37693e-12 0 1.52669e-12 0 1.68999e-12 0 1.85099e-12 0 2.02473e-12 0 2.2023e-12 0 2.38241e-12 0 2.57473e-12 0 2.76814e-12 0 2.96737e-12 0 3.17187e-12 0 3.38108e-12 0 3.59438e-12 0 3.81879e-12 0 4.03865e-12 0 4.26895e-12 0 4.49247e-12 0 4.72563e-12 0 4.96875e-12 0 5.22215e-12 0 5.46547e-12 0 5.7181e-12 0 5.96919e-12 0 6.22934e-12 0 6.48686e-12 0 6.75311e-12 0 7.0283e-12 0 7.29954e-12 0 7.57934e-12 0 7.85397e-12 0 8.13672e-12 0 8.42779e-12 0 8.72736e-12 0 9.00439e-12 0 9.28858e-12 0 9.61294e-12 0 9.91274e-12 0 1.01856e-11 0 1.04999e-11 0 1.08221e-11 0 1.11152e-11 0 1.14527e-11 0 1.17596e-11 0
37.0284 2.44565e-14 2.44565e-14 1.87399e-21 7.66253e-08 -2.28152e-05 1.01177e-40 5.07884e-21 3.57108e-30 5.96322e-20 5.86046e-23 1.26665e-18 2.54119e-19 2.22825e-17 5.04361e-18 9.56378e-17 2.48535e-17 2.36478e-16 7.22794e-17 4.57995e-16 1.60294e-16 7.70815e-16 1.58343e-15 3.97008e-15 1.20272e-14 2.01698e-14 3.52192e-14 5.06944e-14 7.24026e-14 9.56466e-14 1.23112e-13 0 1.86919e-13 0 2.63715e-13 0 3.52796e-13 0 4.52503e-13 0 5.63127e-13 0 6.85195e-13 0 8.16509e-13 0 9.59003e-13 0 1.10578e-12 0 1.26506e-12 0 1.42987e-12 0 1.605e-12 0 1.78973e-12 0 1.97441e-12 0 2.17478e-12 0 2.37141e-12 0 2.58266e-12 0 2.79765e-12 0 3.01486e-12 0 3.2459e-12 0 3.47743e-12 0 3.71507e-12 0 3.9582e-12 0 4.20613e-12 0 4.45815e-12 0 4.72251e-12 0 4.98077e-12 0 5.25056e-12 0 5.51173e-12 0 5.78349e-12 0 6.06615e-12 0 6.36005e-12 0 6.64161e-12 0 6.9333e-12 0 7.22258e-12 0 7.52167e-12 0 7.81715e-12 0 8.12203e-12 0 8.43654e-12 0 8.74595e-12 0 9.06453e-12 0 9.37667e-12 0 9.69749e-12 0 1.00272e-11 0 1.03659e-11 0 1.06786e-11 0 1.0999e-11 0 1.1364e-11 0 1.17009e-11 0 1.2007e-11 0 1.23592e-11 0 1.27196e-11 0 1.30471e-11 0 1.34236e-11 0 1.37656e-11 0
38.9291 2.09718e-14 2.09718e-14 1.55679e-21 7.42323e-08 -2.08472e-05 2.95745e-39 9.74574e-21 3.18903e-29 1.13603e-19 2.32551e-22 2.33826e-18 6.69955e-19 3.92575e-17 1.14919e-17 1.63633e-16 5.23866e-17 3.96276e-16 1.44614e-16 7.54802e-16 3.08479e-16 1.25264e-15 2.72485e-15 6.1395e-15 1.87463e-14 2.9463e-14 5.20893e-14 7.14785e-14 1.03381e-13 1.31466e-13 1.7129e-13 0 2.54819e-13 0 3.5352e-13 0 4.66265e-13 0 5.90817e-13 0 7.27445e-13 0 8.76693e-13 0 1.0358e-12 0 1.20705e-12 0 1.38215e-12 0 1.57089e-12 0 1.76494e-12 0 1.96998e-12 0 2.18506e-12 0 2.39901e-12 0 2.63003e-12 0 2.85573e-12 0 3.09719e-12 0 3.34194e-12 0 3.58828e-12 0 3.84937e-12 0 4.11009e-12 0 4.37682e-12 0 4.64885e-12 0 4.92542e-12 0 5.20573e-12 0 5.49893e-12 0 5.78459e-12 0 6.08224e-12 0 6.36966e-12 0 6.66804e-12 0 6.97766e-12 0 7.29885e-12 0 7.60587e-12 0 7.92327e-12 0 8.2374e-12 0 8.56154e-12 0 8.88115e-12 0 9.21031e-12 0 9.54924e-12 0 9.88207e-12 0 1.02242e-11 0 1.05588e-11 0 1.09021e-11 0 1.12544e-11 0 1.16157e-11 0 1.19488e-11 0 1.22895e-11 0 1.26771e-11 0 1.30343e-11 0 1.33585e-11 0 1.37309e-11 0 1.41116e-11 0 1.4457e-11 0 1.48535e-11 0 1.52133e-11 0
40.9273 1.7667e-14 1.7667e-14 1.2808e-21 7.24968e-08 -1.87446e-05 7.0617e-38 1.75786e-20 2.46497e-28 2.03585e-19 8.30996e-22 4.07193e-18 1.62263e-18 6.54028e-17 2.42269e-17 2.64917e-16 1.02556e-16 6.28524e-16 2.69414e-16 1.17762e-15 5.53823e-16 1.92741e-15 4.3984e-15 8.99606e-15 2.75407e-14 4.08304e-14 7.28011e-14 9.57088e-14 1.39732e-13 1.71739e-13 2.25881e-13 0 3.29578e-13 0 4.49985e-13 0 5.85528e-13 0 7.33412e-13 0 8.9389e-13 0 1.06752e-12 0 1.25103e-12 0 1.44701e-12 0 1.646e-12 0 1.85911e-12 0 2.07693e-12 0 2.3058e-12 0 2.54465e-12 0 2.78109e-12 0 3.03525e-12 0 3.28251e-12 0 3.54598e-12 0 3.81201e-12 0 4.07882e-12 0 4.36063e-12 0 4.6411e-12 0 4.92715e-12 0 5.218e-12 0 5.51285e-12 0 5.81087e-12 0 6.12176e-12 0 6.42389e-12 0 6.7379e-12 0 7.04043e-12 0 7.35377e-12 0 7.67821e-12 0 8.01403e-12 0 8.33435e-12 0 8.66484e-12 0 8.9913e-12 0 9.32752e-12 0 9.65842e-12 0 9.99862e-12 0 1.03483e-11 0 1.06911e-11 0 1.10428e-11 0 1.13863e-11 0 1.17382e-11 0 1.20987e-11 0 1.24679e-11 0 1.28078e-11 0 1.31549e-11 0 1.35493e-11 0 1.39122e-11 0 1.42411e-11 0 1.46185e-11 0 1.50037e-11 0 1.53528e-11 0 1.57531e-11 0 1.61158e-11 0
43.0281 1.47812e-14 1.47812e-14 1.0449e-21 7.06907e-08 -1.595e-05 1.40508e-36 3.02003e-20 1.67757e-27 3.47736e-19 2.71491e-21 6.77545e-18 3.66196e-18 1.04332e-16 4.79149e-17 4.10893e-16 1.89032e-16 9.55278e-16 4.73714e-16 1.7609e-15 9.40129e-16 2.84281e-15 6.74797e-15 1.26449e-14 3.86328e-14 5.43481e-14 9.73886e-14 1.23212e-13 1.81068e-13 2.15871e-13 2.85918e-13 0 4.09552e-13 0 5.5074e-13 0 7.07478e-13 0 8.76473e-13 0 1.05798e-12 0 1.25258e-12 0 1.45659e-12 0 1.67284e-12 0 1.89095e-12 0 2.12313e-12 0 2.35908e-12 0 2.60571e-12 0 2.86183e-12 0 3.11421e-12 0 3.38433e-12 0 3.64606e-12 0 3.92389e-12 0 4.20341e-12 0 4.48279e-12 0 4.7769e-12 0 5.0687e-12 0 5.36542e-12 0 5.66626e-12 0 5.9704e-12 0 6.27701e-12 0 6.59604e-12 0 6.90531e-12 0 7.22601e-12 0 7.53429e-12 0 7.85291e-12 0 8.18211e-12 0 8.52214e-12 0 8.84585e-12 0 9.17918e-12 0 9.50785e-12 0 9.84573e-12 0 1.01777e-11 0 1.05184e-11 0 1.0868e-11 0 1.12102e-11 0 1.15607e-11 0 1.19025e-11 0 1.22522e-11 0 1.26098e-11 0 1.29756e-11 0 1.33118e-11 0 1.36548e-11 0 1.40439e-11 0 1.44014e-11 0 1.47252e-11 0 1.50961e-11 0 1.54742e-11 0 1.58165e-11 0 1.62086e-11 0 1.65634e-11 0
45.2368 1.23214e-14 1.23214e-14 8.49577e-22 6.89511e-08 -1.29282e-05 2.35719e-35 4.96851e-20 1.01438e-26 5.69106e-19 8.16814e-21 1.08261e-17 7.74933e-18 1.60113e-16 8.94327e-17 6.13379e-16 3.29959e-16 1.39767e-15 7.90605e-16 2.53513e-15 1.51739e-15 4.03758e-15 9.89215e-15 1.71277e-14 5.20086e-14 6.98012e-14 1.25321e-13 1.53201e-13 2.26051e-13 2.62282e-13 3.49076e-13 0 4.91324e-13 0 6.51216e-13 0 8.26384e-13 0 1.01313e-12 0 1.21176e-12 0 1.42287e-12 0 1.64246e-12 0 1.87361e-12 0 2.10526e-12 0 2.35042e-12 0 2.59824e-12 0 2.85598e-12 0 3.12237e-12 0 3.38374e-12 0 3.66235e-12 0 3.93125e-12 0 4.21569e-12 0 4.50085e-12 0 4.78495e-12 0 5.0831e-12 0 5.37802e-12 0 5.67706e-12 0 5.97944e-12 0 6.28434e-12 0 6.59094e-12 0 6.90919e-12 0 7.217e-12 0 7.53546e-12 0 7.84094e-12 0 8.15603e-12 0 8.48094e-12 0 8.81586e-12 0 9.13409e-12 0 9.4612e-12 0 9.78316e-12 0 1.01136e-11 0 1.04377e-11 0 1.07698e-11 0 1.111e-11 0 1.14425e-11 0 1.17826e-11 0 1.21137e-11 0 1.2452e-11 0 1.27975e-11 0 1.31503e-11 0 1.34743e-11 0 1.38043e-11 0 1.41782e-11 0 1.45214e-11 0 1.48317e-11 0 1.51869e-11 0 1.55486e-11 0 1.58756e-11 0 1.62497e-11 0 1.65878e-11 0
47.5588 1.03358e-14 1.03358e-14 6.89052e-22 6.66663e-08 -7.75303e-06 3.39518e-34 7.92229e-20 5.53516e-26 9.03173e-19 2.29457e-20 1.68067e-17 1.55771e-17 2.39103e-16 1.59535e-16 8.91309e-16 5.52253e-16 1.99091e-15 1.26797e-15 3.55389e-15 2.35735e-15 5.58464e-15 1.40238e-14 2.26107e-14 6.7992e-14 8.74851e-14 1.56948e-13 1.86076e-13 2.75064e-13 3.1153e-13 4.15847e-13 0 5.75618e-13 0 7.52521e-13 0 9.43897e-13 0 1.14575e-12 0 1.35845e-12 0 1.58266e-12 0 1.81416e-12 0 2.05622e-12 0 2.29734e-12 0 2.55112e-12 0 2.80634e-12 0 3.07051e-12 0 3.34233e-12 0 3.60793e-12 0 3.88995e-12 0 4.16116e-12 0 4.44704e-12 0 4.73271e-12 0 5.01644e-12 0 5.31333e-12 0 5.60616e-12 0 5.90229e-12 0 6.20094e-12 0 6.50134e-12 0 6.80271e-12 0 7.1148e-12 0 7.41599e-12 0 7.72694e-12 0 8.02462e-12 0 8.33107e-12 0 8.64646e-12 0 8.97096e-12 0 9.27873e-12 0 9.59454e-12 0 9.90486e-12 0 1.02228e-11 0 1.05342e-11 0 1.08528e-11 0 1.11787e-11 0 1.14967e-11 0 1.18215e-11 0 1.21373e-11 0 1.24595e-11 0 1.27881e-11 0 1.31233e-11 0 1.34306e-11 0 1.37434e-11 0 1.40973e-11 0 1.44217e-11 0 1.47147e-11 0 1.50497e-11 0 1.53905e-11 0 1.56982e-11 0 1.60499e-11 0 1.63675e-11 0
50 8.67006e-15 8.67006e-15 5.58952e-22 6.44693e-08 -2.80012e-06 4.20461e-33 1.21895e-19 2.72293e-25 1.38375e-18 6.00257e-20 2.52314e-17 2.96389e-17 3.45741e-16 2.70958e-16 1.25444e-15 8.82783e-16 2.74714e-15 1.94626e-15 4.82669e-15 3.51048e-15 7.48476e-15 1.91424e-14 2.89449e-14 8.59245e-14 1.06467e-13 1.90405e-13 2.19661e-13 3.24683e-13 3.59913e-13 4.81056e-13 0 6.55396e-13 0 8.45681e-13 0 1.04908e-12 0 1.26144e-12 0 1.48324e-12 0 1.71521e-12 0 1.95304e-12 0 2.20014e-12 0 2.44488e-12 0 2.7011e-12 0 2.95753e-12 0 3.22177e-12 0 3.4925e-12 0 3.756e-12 0 4.03474e-12 0 4.30188e-12 0 4.58256e-12 0 4.86215e-12 0 5.13902e-12 0 5.42792e-12 0 5.71211e-12 0 5.99875e-12 0 6.28714e-12 0 6.57653e-12 0 6.86619e-12 0 7.16551e-12 0 7.45376e-12 0 7.75077e-12 0 8.03454e-12 0 8.32615e-12 0 8.62571e-12 0 8.93338e-12 0 9.22468e-12 0 9.52311e-12 0 9.81589e-12 0 1.01154e-11 0 1.04083e-11 0 1.07075e-11 0 1.10132e-11 0 1.1311e-11 0 1.16148e-11 0 1.19098e-11 0 1.22103e-11 0 1.25165e-11 0 1.28284e-11 0 1.3114e-11 0 1.34044e-11 0 1.37325e-11 0 1.4033e-11 0 1.43041e-11 0 1.46137e-11 0 1.49283e-11 0 1.52121e-11 0 1.55362e-11 0 1.58285e-11 0
52.5665 7.32874e-15 7.32874e-15 4.53146e-22 6.18313e-08 2.66414e-06 4.54503e-32 1.82713e-19 1.22311e-24 2.06617e-18 1.47871e-19 3.69716e-17 5.39385e-17 4.88463e-16 4.42605e-16 1.7253e-15 1.36121e-15 3.70477e-15 2.8874e-15 6.40776e-15 5.06017e-15 9.80701e-15 2.53998e-14 3.62536e-14 1.05953e-13 1.26937e-13 2.25841e-13 2.5429e-13 3.75205e-13 4.08071e-13 5.45344e-13 0 7.31851e-13 0 9.32657e-13 0 1.14487e-12 0 1.36429e-12 0 1.59154e-12 0 1.82744e-12 0 2.0677e-12 0 2.3158e-12 0 2.5602e-12 0 2.8148e-12 0 3.06842e-12 0 3.32864e-12 0 3.59418e-12 0 3.85166e-12 0 4.12309e-12 0 4.38235e-12 0 4.65392e-12 0 4.92362e-12 0 5.18997e-12 0 5.46714e-12 0 5.73908e-12 0 6.01272e-12 0 6.28737e-12 0 6.56237e-12 0 6.83703e-12 0 7.12026e-12 0 7.39248e-12 0 7.67242e-12 0 7.93941e-12 0 8.21329e-12 0 8.49416e-12 0 8.78213e-12 0 9.05434e-12 0 9.33278e-12 0 9.60553e-12 0 9.88416e-12 0 1.01562e-11 0 1.04338e-11 0 1.07169e-11 0 1.09925e-11 0 1.12732e-11 0 1.15454e-11 0 1.18224e-11 0 1.21042e-11 0 1.2391e-11 0 1.26533e-11 0 1.29197e-11 0 1.32204e-11 0 1.34955e-11 0 1.37434e-11 0 1.40263e-11 0 1.43134e-11 0 1.45722e-11 0 1.48673e-11 0 1.51333e-11 0
55.2648 6.23029e-15 6.23029e-15 3.6744e-22 5.89764e-08 7.59885e-06 4.30989e-31 2.66739e-19 5.03079e-24 3.00582e-18 3.43486e-19 5.28496e-17 9.39372e-17 6.73761e-16 6.95544e-16 2.31701e-15 2.02493e-15 4.87905e-15 4.14046e-15 8.30838e-15 7.06009e-15 1.25521e-14 3.27541e-14 4.4392e-14 1.27428e-13 1.48153e-13 2.61764e-13 2.8845e-13 4.24241e-13 4.53692e-13 6.05463e-13 0 8.0095e-13 0 1.00871e-12 0 1.2259e-12 0 1.4484e-12 0 1.67702e-12 0 1.91265e-12 0 2.15111e-12 0 2.39595e-12 0 2.63587e-12 0 2.88463e-12 0 3.13134e-12 0 3.38344e-12 0 3.63972e-12 0 3.88733e-12 0 4.14748e-12 0 4.3952e-12 0 4.65391e-12 0 4.91012e-12 0 5.16247e-12 0 5.42441e-12 0 5.68078e-12 0 5.93815e-12 0 6.19591e-12 0 6.45344e-12 0 6.71014e-12 0 6.97432e-12 0 7.22774e-12 0 7.48789e-12 0 7.73557e-12 0 7.98922e-12 0 8.24893e-12 0 8.51476e-12 0 8.76566e-12 0 9.02192e-12 0 9.27259e-12 0 9.5283e-12 0 9.77766e-12 0 1.00317e-11 0 1.02905e-11 0 1.05421e-11 0 1.0798e-11 0 1.1046e-11 0 1.1298e-11 0 1.15541e-11 0 1.18144e-11 0 1.20522e-11 0 1.22935e-11 0 1.25656e-11 0 1.28142e-11 0 1.30381e-11 0 1.32933e-11 0 1.3552e-11 0 1.37851e-11 0 1.40506e-11 0 1.42897e-11 0
58.1015 5.32894e-15 5.32894e-15 2.98356e-22 5.59879e-08 1.19039e-05 3.61078e-30 3.80035e-19 1.90425e-23 4.26895e-18 7.55038e-19 7.38337e-17 1.57006e-16 9.08796e-16 1.05427e-15 3.04303e-15 2.91326e-15 6.28449e-15 5.75242e-15 1.05378e-14 9.55646e-15 1.57177e-14 4.11352e-14 5.32249e-14 1.49765e-13 1.69538e-13 2.97024e-13 3.21113e-13 4.70175e-13 4.95391e-13 6.59472e-13 0 8.60566e-13 0 1.07166e-12 0 1.29008e-12 0 1.51188e-12 0 1.73805e-12 0 1.96959e-12 0 2.2025e-12 0 2.44033e-12 0 2.67224e-12 0 2.9116e-12 0 3.14801e-12 0 3.38865e-12 0 3.63237e-12 0 3.86707e-12 0 4.11288e-12 0 4.34624e-12 0 4.58927e-12 0 4.82931e-12 0 5.06514e-12 0 5.30933e-12 0 5.54779e-12 0 5.78665e-12 0 6.02536e-12 0 6.26339e-12 0 6.50019e-12 0 6.74343e-12 0 6.97634e-12 0 7.21503e-12 0 7.44191e-12 0 7.67389e-12 0 7.91104e-12 0 8.15341e-12 0 8.38183e-12 0 8.6148e-12 0 8.84238e-12 0 9.07424e-12 0 9.30004e-12 0 9.52982e-12 0 9.76361e-12 0 9.99056e-12 0 1.02212e-11 0 1.04444e-11 0 1.0671e-11 0 1.0901e-11 0 1.11346e-11 0 1.13477e-11 0 1.15638e-11 0 1.18072e-11 0 1.20294e-11 0 1.22293e-11 0 1.24569e-11 0 1.26876e-11 0 1.2895e-11 0 1.31313e-11 0 1.33438e-11 0
61.0839 4.58184e-15 4.58184e-15 2.42357e-22 5.28952e-08 1.53884e-05 2.68727e-29 5.28765e-19 6.65631e-23 5.92249e-18 1.57389e-18 1.00855e-16 2.52203e-16 1.19898e-15 1.54314e-15 3.90914e-15 4.05771e-15 7.91852e-15 7.75045e-15 1.30763e-14 1.25606e-14 1.92593e-14 5.03475e-14 6.24995e-14 1.72098e-13 1.90261e-13 3.30099e-13 3.50898e-13 5.1095e-13 5.31348e-13 7.0493e-13 0 9.08019e-13 0 1.11872e-12 0 1.33461e-12 0 1.55201e-12 0 1.7721e-12 0 1.99598e-12 0 2.21989e-12 0 2.44734e-12 0 2.6681e-12 0 2.89497e-12 0 3.11816e-12 0 3.3445e-12 0 3.57295e-12 0 3.79224e-12 0 4.02122e-12 0 4.23799e-12 0 4.46315e-12 0 4.68496e-12 0 4.90237e-12 0 5.12697e-12 0 5.34582e-12 0 5.56457e-12 0 5.78276e-12 0 5.99991e-12 0 6.21553e-12 0 6.43663e-12 0 6.64799e-12 0 6.86423e-12 0 7.06945e-12 0 7.27897e-12 0 7.49284e-12 0 7.71111e-12 0 7.91653e-12 0 8.12576e-12 0 8.32989e-12 0 8.53759e-12 0 8.73962e-12 0 8.94497e-12 0 9.15366e-12 0 9.35601e-12 0 9.56145e-12 0 9.76e-12 0 9.96139e-12 0 1.01656e-11 0 1.03728e-11 0 1.05617e-11 0 1.07529e-11 0 1.09682e-11 0 1.11645e-11 0 1.1341e-11 0 1.15418e-11 0 1.17451e-11 0 1.19278e-11 0 1.21357e-11 0 1.23226e-11 0
64.2193 3.95755e-15 3.95755e-15 1.9695e-22 4.97656e-08 1.81047e-05 1.78624e-28 7.19041e-19 2.15618e-22 8.03247e-18 3.11804e-18 1.34781e-16 3.89952e-16 1.54782e-15 2.18403e-15 4.91379e-15 5.47816e-15 9.76393e-15 1.01382e-14 1.58817e-14 1.60474e-14 2.31016e-14 6.01085e-14 7.19073e-14 1.93499e-13 2.09483e-13 3.59536e-13 3.76546e-13 5.44777e-13 5.60051e-13 7.39894e-13 0 9.41365e-13 0 1.14807e-12 0 1.35789e-12 0 1.56752e-12 0 1.77829e-12 0 1.99138e-12 0 2.20334e-12 0 2.41759e-12 0 2.62461e-12 0 2.83651e-12 0 3.04418e-12 0 3.25405e-12 0 3.46518e-12 0 3.66723e-12 0 3.8776e-12 0 4.07622e-12 0 4.282e-12 0 4.48425e-12 0 4.68203e-12 0 4.8859e-12 0 5.08414e-12 0 5.28191e-12 0 5.47879e-12 0 5.67437e-12 0 5.86825e-12 0 6.06671e-12 0 6.25612e-12 0 6.44961e-12 0 6.63297e-12 0 6.8199e-12 0 7.01046e-12 0 7.20466e-12 0 7.38718e-12 0 7.57286e-12 0 7.75379e-12 0 7.93767e-12 0 8.11633e-12 0 8.29771e-12 0 8.48185e-12 0 8.66019e-12 0 8.84107e-12 0 9.01571e-12 0 9.19267e-12 0 9.37198e-12 0 9.55364e-12 0 9.71915e-12 0 9.88659e-12 0 1.00749e-11 0 1.02464e-11 0 1.04005e-11 0 1.05758e-11 0 1.0753e-11 0 1.09121e-11 0 1.10931e-11 0 1.12556e-11 0
67.5157 3.43595e-15 3.43595e-15 1.60174e-22 4.66172e-08 1.99147e-05 1.06715e-27 9.57496e-19 6.50182e-22 1.06705e-17 5.88998e-18 1.76526e-16 5.81907e-16 1.95829e-15 2.99619e-15 6.05323e-15 7.18532e-15 1.18002e-14 1.29038e-14 1.89088e-14 1.99723e-14 2.71694e-14 7.0139e-14 8.11893e-14 2.13265e-13 2.26648e-13 3.84465e-13 3.97426e-13 5.70864e-13 5.80998e-13 7.63839e-13 0 9.60492e-13 0 1.16012e-12 0 1.36098e-12 0 1.56015e-12 0 1.7591e-12 0 1.95907e-12 0 2.15696e-12 0 2.35605e-12 0 2.54762e-12 0 2.74294e-12 0 2.93367e-12 0 3.1258e-12 0 3.31847e-12 0 3.50232e-12 0 3.69323e-12 0 3.87302e-12 0 4.05885e-12 0 4.24107e-12 0 4.41887e-12 0 4.60179e-12 0 4.77929e-12 0 4.95604e-12 0 5.13168e-12 0 5.30586e-12 0 5.47825e-12 0 5.65443e-12 0 5.82231e-12 0 5.99356e-12 0 6.15561e-12 0 6.32061e-12 0 6.48858e-12 0 6.65954e-12 0 6.82001e-12 0 6.98308e-12 0 7.14178e-12 0 7.30289e-12 0 7.45925e-12 0 7.61784e-12 0 7.77866e-12 0 7.93427e-12 0 8.09192e-12 0 8.244e-12 0 8.39796e-12 0 8.55381e-12 0 8.71156e-12 0 8.85517e-12 0 9.00033e-12 0 9.16345e-12 0 9.3119e-12 0 9.44518e-12 0 9.59661e-12 0 9.74961e-12 0 9.88695e-12 0 1.0043e-11 0 1.0183e-11 0
70.9813 2.99608e-15 2.99608e-15 1.30394e-22 4.35215e-08 2.09918e-05 5.75693e-27 1.24919e-18 1.83047e-21 1.38902e-17 1.06277e-17 2.26658e-16 8.39054e-16 2.42854e-15 3.98802e-15 7.30892e-15 9.16405e-15 1.39798e-14 1.59936e-14 2.20727e-14 2.42322e-14 3.1335e-14 8.00379e-14 8.99781e-14 2.30509e-13 2.41014e-13 4.03779e-13 4.1264e-13 5.881e-13 5.93319e-13 7.75817e-13 0 9.64734e-13 0 1.15459e-12 0 1.34401e-12 0 1.5305e-12 0 1.71563e-12 0 1.9007e-12 0 2.08294e-12 0 2.26548e-12 0 2.44041e-12 0 2.61812e-12 0 2.79107e-12 0 2.96473e-12 0 3.13838e-12 0 3.30362e-12 0 3.47477e-12 0 3.63556e-12 0 3.80137e-12 0 3.96361e-12 0 4.1216e-12 0 4.28381e-12 0 4.44093e-12 0 4.59711e-12 0 4.75204e-12 0 4.90544e-12 0 5.05702e-12 0 5.21169e-12 0 5.35888e-12 0 5.5088e-12 0 5.65049e-12 0 5.79457e-12 0 5.94106e-12 0 6.08997e-12 0 6.22959e-12 0 6.3713e-12 0 6.50907e-12 0 6.64878e-12 0 6.78423e-12 0 6.92147e-12 0 7.06051e-12 0 7.19491e-12 0 7.33096e-12 0 7.46207e-12 0 7.59469e-12 0 7.72882e-12 0 7.86447e-12 0 7.98786e-12 0 8.11249e-12 0 8.25242e-12 0 8.37967e-12 0 8.49383e-12 0 8.62344e-12 0 8.75431e-12 0 8.87169e-12 0 9.00494e-12 0 9.12445e-12 0
74.6248 2.62249e-15 2.62249e-15 1.0618e-22 4.04882e-08 2.14073e-05 2.81749e-26 1.59781e-18 4.82599e-21 1.77301e-17 1.83526e-17 2.85457e-16 1.1706e-15 2.95316e-15 5.15615e-15 8.65318e-15 1.13767e-14 1.62415e-14 1.93226e-14 2.52725e-14 2.86883e-14 3.54541e-14 8.93881e-14 9.79204e-14 2.4449e-13 2.52002e-13 4.16725e-13 4.21637e-13 5.9594e-13 5.96675e-13 7.75632e-13 0 9.54335e-13 0 1.13222e-12 0 1.30828e-12 0 1.48045e-12 0 1.65036e-12 0 1.81933e-12 0 1.98495e-12 0 2.15013e-12 0 2.30784e-12 0 2.46749e-12 0 2.62237e-12 0 2.77743e-12 0 2.93203e-12 0 3.07878e-12 0 3.2304e-12 0 3.37252e-12 0 3.51877e-12 0 3.66157e-12 0 3.80036e-12 0 3.9426e-12 0 4.08013e-12 0 4.2166e-12 0 4.35178e-12 0 4.4854e-12 0 4.61725e-12 0 4.7516e-12 0 4.87927e-12 0 5.00914e-12 0 5.13173e-12 0 5.25624e-12 0 5.38267e-12 0 5.51105e-12 0 5.63129e-12 0 5.75319e-12 0 5.87159e-12 0 5.99153e-12 0 6.1077e-12 0 6.2253e-12 0 6.34433e-12 0 6.45928e-12 0 6.57553e-12 0 6.68748e-12 0 6.80061e-12 0 6.91495e-12 0 7.03048e-12 0 7.13549e-12 0 7.24147e-12 0 7.36038e-12 0 7.46844e-12 0 7.56531e-12 0 7.67522e-12 0 7.78612e-12 0 7.88553e-12 0 7.9983e-12 0 8.09937e-12 0
78.4553 2.3034e-15 2.3034e-15 8.64813e-23 3.75452e-08 2.12468e-05 1.25667e-25 2.00527e-18 1.19513e-20 2.22087e-17 3.039e-17 3.5284e-16 1.58245e-15 3.52303e-15 6.48349e-15 1.00501e-14 1.37632e-14 1.85137e-14 2.27793e-14 2.83966e-14 3.31743e-14 3.93754e-14 9.77889e-14 1.04701e-13 2.54661e-13 2.59223e-13 4.22931e-13 4.2422e-13 5.9438e-13 5.9122e-13 7.63755e-13 0 9.30307e-13 0 1.09459e-12 0 1.25598e-12 0 1.41278e-12 0 1.56666e-12 0 1.71895e-12 0 1.86754e-12 0 2.01517e-12 0 2.1556e-12 0 2.2973e-12 0 2.43435e-12 0 2.57117e-12 0 2.70722e-12 0 2.83605e-12 0 2.96885e-12 0 3.09306e-12 0 3.22062e-12 0 3.34493e-12 0 3.46553e-12 0 3.58892e-12 0 3.70801e-12 0 3.82601e-12 0 3.94271e-12 0 4.0579e-12 0 4.1714e-12 0 4.2869e-12 0 4.39652e-12 0 4.50789e-12 0 4.61288e-12 0 4.7194e-12 0 4.82745e-12 0 4.93705e-12 0 5.03958e-12 0 5.14342e-12 0 5.24419e-12 0 5.34617e-12 0 5.44486e-12 0 5.54466e-12 0 5.6456e-12 0 5.74299e-12 0 5.84141e-12 0 5.9361e-12 0 6.03172e-12 0 6.12828e-12 0 6.22579e-12 0 6.31434e-12 0 6.40366e-12 0 6.50379e-12 0 6.59472e-12 0 6.67619e-12 0 6.76857e-12 0 6.86172e-12 0 6.94516e-12 0 7.03976e-12 0 7.12449e-12 0
82.4824 2.03025e-15 2.03025e-15 7.05005e-23 3.47251e-08 2.04923e-05 5.13272e-25 2.47219e-18 2.78923e-20 2.73299e-17 4.83658e-17 4.28466e-16 2.07648e-15 4.1269e-15 7.94153e-15 1.14614e-14 1.62501e-14 2.07254e-14 2.6242e-14 3.13418e-14 3.75223e-14 4.29654e-14 1.04923e-13 1.10099e-13 2.60788e-13 2.62583e-13 4.22546e-13 4.20665e-13 5.84099e-13 5.77729e-13 7.41467e-13 0 8.94564e-13 0 1.04429e-12 0 1.19031e-12 0 1.33132e-12 0 1.46899e-12 0 1.60458e-12 0 1.73635e-12 0 1.86676e-12 0 1.99039e-12 0 2.11475e-12 0 2.23468e-12 0 2.3541e-12 0 2.47255e-12 0 2.58445e-12 0 2.69955e-12 0 2.80699e-12 0 2.91711e-12 0 3.02423e-12 0 3.12798e-12 0 3.23395e-12 0 3.33607e-12 0 3.4371e-12 0 3.53687e-12 0 3.63523e-12 0 3.73201e-12 0 3.83037e-12 0 3.9236e-12 0 4.01822e-12 0 4.10732e-12 0 4.19762e-12 0 4.28913e-12 0 4.38184e-12 0 4.46849e-12 0 4.55617e-12 0 4.64117e-12 0 4.72712e-12 0 4.81022e-12 0 4.8942e-12 0 4.97905e-12 0 5.06086e-12 0 5.14347e-12 0 5.22288e-12 0 5.30303e-12 0 5.3839e-12 0 5.46549e-12 0 5.53955e-12 0 5.6142e-12 0 5.69784e-12 0 5.77373e-12 0 5.84169e-12 0 5.9187e-12 0 5.99631e-12 0 6.06578e-12 0 6.14451e-12 0 6.21498e-12 0
86.7162 1.79619e-15 1.79619e-15 5.74957e-23 3.20098e-08 1.90318e-05 1.92874e-24 2.99776e-18 6.15494e-20 3.30821e-17 7.41539e-17 5.11717e-16 2.64975e-15 4.75169e-15 9.49164e-15 1.28475e-14 1.87549e-14 2.28094e-14 2.95868e-14 3.40159e-14 4.15731e-14 4.61122e-14 1.10565e-13 1.13987e-13 2.62891e-13 2.62214e-13 4.1608e-13 4.11563e-13 5.66197e-13 5.57338e-13 7.10486e-13 0 8.49441e-13 0 9.84229e-13 0 1.11479e-12 0 1.24016e-12 0 1.36194e-12 0 1.48136e-12 0 1.59695e-12 0 1.71094e-12 0 1.81866e-12 0 1.9267e-12 0 2.0306e-12 0 2.1338e-12 0 2.23593e-12 0 2.3322e-12 0 2.43102e-12 0 2.52308e-12 0 2.61727e-12 0 2.70874e-12 0 2.79719e-12 0 2.88738e-12 0 2.97418e-12 0 3.05992e-12 0 3.14449e-12 0 3.22774e-12 0 3.30957e-12 0 3.39262e-12 0 3.47126e-12 0 3.55098e-12 0 3.62597e-12 0 3.7019e-12 0 3.77876e-12 0 3.85656e-12 0 3.9292e-12 0 4.00265e-12 0 4.07378e-12 0 4.14566e-12 0 4.21509e-12 0 4.2852e-12 0 4.35599e-12 0 4.42418e-12 0 4.49299e-12 0 4.5591e-12 0 4.62576e-12 0 4.69299e-12 0 4.76077e-12 0 4.82225e-12 0 4.88418e-12 0 4.95352e-12 0 5.01641e-12 0 5.07269e-12 0 5.13643e-12 0 5.20063e-12 0 5.25807e-12 0 5.32312e-12 0 5.38132e-12 0
91.1674 1.59395e-15 1.59395e-15 4.68943e-23 2.94201e-08 1.72033e-05 6.69186e-24 3.57635e-18 1.28705e-19 3.93997e-17 1.09669e-16 6.01125e-16 3.29101e-15 5.37789e-15 1.10768e-14 1.41564e-14 2.11716e-14 2.46812e-14 3.26645e-14 3.6307e-14 4.51425e-14 4.86818e-14 1.14468e-13 1.16202e-13 2.60942e-13 2.58159e-13 4.03896e-13 3.97315e-13 5.41482e-13 5.30848e-13 6.72063e-13 0 7.96614e-13 0 9.165e-13 0 1.03189e-12 0 1.14208e-12 0 1.24861e-12 0 1.35265e-12 0 1.45297e-12 0 1.55157e-12 0 1.64447e-12 0 1.73738e-12 0 1.82651e-12 0 1.91483e-12 0 2.00203e-12 0 2.08407e-12 0 2.16811e-12 0 2.24627e-12 0 2.3261e-12 0 2.40349e-12 0 2.47821e-12 0 2.5543e-12 0 2.62742e-12 0 2.69956e-12 0 2.77062e-12 0 2.84049e-12 0 2.90907e-12 0 2.97862e-12 0 3.04439e-12 0 3.111e-12 0 3.1736e-12 0 3.23692e-12 0 3.30096e-12 0 3.36572e-12 0 3.42614e-12 0 3.48717e-12 0 3.54623e-12 0 3.60586e-12 0 3.66343e-12 0 3.72151e-12 0 3.78011e-12 0 3.83652e-12 0 3.8934e-12 0 3.94801e-12 0 4.00305e-12 0 4.05851e-12 0 4.1144e-12 0 4.16506e-12 0 4.21606e-12 0 4.27314e-12 0 4.32487e-12 0 4.37114e-12 0 4.42352e-12 0 4.47624e-12 0 4.52339e-12 0 4.57676e-12 0 4.62449e-12 0
95.847 1.41844e-15 1.41844e-15 3.82516e-23 2.69673e-08 1.53134e-05 2.15186e-23 4.20053e-18 2.5568e-19 4.61973e-17 1.56714e-16 6.94935e-16 3.9832e-15 5.98578e-15 1.26354e-14 1.53412e-14 2.33992e-14 2.6272e-14 3.53458e-14 3.81315e-14 4.80836e-14 5.05839e-14 1.16523e-13 1.16709e-13 2.55204e-13 2.50727e-13 3.86748e-13 3.78673e-13 5.11207e-13 4.99462e-13 6.27921e-13 0 7.38238e-13 0 8.43652e-13 0 9.44495e-13 0 1.0403e-12 0 1.13252e-12 0 1.22222e-12 0 1.30841e-12 0 1.39286e-12 0 1.4722e-12 0 1.55134e-12 0 1.62708e-12 0 1.70196e-12 0 1.77574e-12 0 1.84501e-12 0 1.91585e-12 0 1.98162e-12 0 2.04869e-12 0 2.11361e-12 0 2.1762e-12 0 2.23985e-12 0 2.30094e-12 0 2.36113e-12 0 2.42034e-12 0 2.47851e-12 0 2.53554e-12 0 2.59331e-12 0 2.64789e-12 0 2.70311e-12 0 2.75495e-12 0 2.80735e-12 0 2.8603e-12 0 2.91379e-12 0 2.96366e-12 0 3.014e-12 0 3.06268e-12 0 3.11178e-12 0 3.15916e-12 0 3.20692e-12 0 3.25508e-12 0 3.30141e-12 0 3.34809e-12 0 3.39289e-12 0 3.438e-12 0 3.48344e-12 0 3.52919e-12 0 3.57065e-12 0 3.61236e-12 0 3.65902e-12 0 3.70128e-12 0 3.73906e-12 0 3.78181e-12 0 3.82482e-12 0 3.86326e-12 0 3.90675e-12 0 3.94563e-12 0
100.767 1.26636e-15 1.26636e-15 3.12301e-23 2.46614e-08 1.34134e-05 6.44083e-23 4.86365e-18 4.84031e-19 5.33979e-17 2.16866e-16 7.91544e-16 4.70671e-15 6.55955e-15 1.41126e-14 1.63701e-14 2.5361e-14 2.75433e-14 3.75465e-14 3.9454e-14 5.03171e-14 5.17944e-14 1.16795e-13 1.15629e-13 2.46258e-13 2.40506e-13 3.65774e-13 3.56734e-13 4.77037e-13 4.64764e-13 5.80199e-13 0 6.76873e-13 0 7.68615e-13 0 8.55879e-13 0 9.38383e-13 0 1.01746e-12 0 1.0941e-12 0 1.1675e-12 0 1.2392e-12 0 1.30637e-12 0 1.37322e-12 0 1.43705e-12 0 1.50002e-12 0 1.56195e-12 0 1.61999e-12 0 1.67924e-12 0 1.73415e-12 0 1.79008e-12 0 1.84413e-12 0 1.89617e-12 0 1.94903e-12 0 1.99969e-12 0 2.04956e-12 0 2.09856e-12 0 2.14664e-12 0 2.19373e-12 0 2.24139e-12 0 2.28637e-12 0 2.33184e-12 0 2.3745e-12 0 2.41757e-12 0 2.46106e-12 0 2.50496e-12 0 2.54586e-12 0 2.58711e-12 0 2.62697e-12 0 2.66716e-12 0 2.7059e-12 0 2.74493e-12 0 2.78426e-12 0 2.82208e-12 0 2.86016e-12 0 2.89668e-12 0 2.93344e-12 0 2.97044e-12 0 3.00768e-12 0 3.04141e-12 0 3.07532e-12 0 3.11324e-12 0 3.14756e-12 0 3.17823e-12 0 3.21292e-12 0 3.24781e-12 0 3.27898e-12 0 3.31422e-12 0 3.34571e-12 0
105.939 1.13742e-15 1.13742e-15 2.5495e-23 2.24148e-08 1.11451e-05 1.80606e-22 5.57162e-18 8.77859e-19 6.10612e-17 2.91941e-16 8.91371e-16 5.45225e-15 7.10187e-15 1.54953e-14 1.72602e-14 2.70611e-14 2.85405e-14 3.93049e-14 4.03593e-14 5.19281e-14 5.24461e-14 1.15702e-13 1.13405e-13 2.35305e-13 2.28661e-13 3.42913e-13 3.33348e-13 4.41567e-13 4.29215e-13 5.32064e-13 0 6.16183e-13 0 6.95494e-13 0 7.70528e-13 0 8.41145e-13 0 9.08566e-13 0 9.73676e-13 0 1.03584e-12 0 1.09639e-12 0 1.15299e-12 0 1.20917e-12 0 1.26271e-12 0 1.31542e-12 0 1.36717e-12 0 1.41557e-12 0 1.46492e-12 0 1.51058e-12 0 1.55702e-12 0 1.60184e-12 0 1.64495e-12 0 1.68867e-12 0 1.73053e-12 0 1.77168e-12 0 1.81209e-12 0 1.85169e-12 0 1.89044e-12 0 1.92962e-12 0 1.96657e-12 0 2.00389e-12 0 2.03887e-12 0 2.07416e-12 0 2.10977e-12 0 2.14569e-12 0 2.17913e-12 0 2.21283e-12 0 2.24538e-12 0 2.27817e-12 0 2.30976e-12 0 2.34157e-12 0 2.3736e-12 0 2.40439e-12 0 2.43537e-12 0 2.46506e-12 0 2.49493e-12 0 2.52499e-12 0 2.55522e-12 0 2.58258e-12 0 2.61009e-12 0 2.64082e-12 0 2.66864e-12 0 2.69348e-12 0 2.72156e-12 0 2.74979e-12 0 2.775e-12 0 2.8035e-12 0 2.82895e-12 0
111.377 1.02631e-15 1.02631e-15 2.08106e-23 2.02771e-08 8.92854e-06 4.75408e-22 6.31051e-18 1.52672e-18 6.90288e-17 3.82387e-16 9.91612e-16 6.19056e-15 7.5905e-15 1.67197e-14 1.79686e-14 2.84169e-14 2.92086e-14 4.05311e-14 4.07874e-14 5.28277e-14 5.24797e-14 1.13219e-13 1.10025e-13 2.22504e-13 2.15319e-13 3.18457e-13 3.08747e-13 4.0516e-13 3.93098e-13 4.83894e-13 0 5.56522e-13 0 6.24583e-13 0 6.88646e-13 0 7.48679e-13 0 8.05783e-13 0 8.6075e-13 0 9.13078e-13 0 9.63914e-13 0 1.01131e-12 0 1.05827e-12 0 1.10293e-12 0 1.14681e-12 0 1.18981e-12 0 1.22998e-12 0 1.27087e-12 0 1.30865e-12 0 1.34702e-12 0 1.38401e-12 0 1.41954e-12 0 1.45554e-12 0 1.48997e-12 0 1.52378e-12 0 1.55695e-12 0 1.58942e-12 0 1.62118e-12 0 1.65325e-12 0 1.68347e-12 0 1.71397e-12 0 1.74254e-12 0 1.77134e-12 0 1.80038e-12 0 1.82966e-12 0 1.85689e-12 0 1.88432e-12 0 1.91079e-12 0 1.93745e-12 0 1.96311e-12 0 1.98894e-12 0 2.01494e-12 0 2.0399e-12 0 2.06502e-12 0 2.08908e-12 0 2.11327e-12 0 2.1376e-12 0 2.16206e-12 0 2.18419e-12 0 2.20642e-12 0 2.23125e-12 0 2.25372e-12 0 2.27377e-12 0 2.29644e-12 0 2.3192e-12 0 2.33953e-12 0 2.3625e-12 0 2.38301e-12 0
117.094 9.34758e-16 9.34758e-16 1.6994e-23 1.81801e-08 6.75537e-06 1.1843e-21 7.10553e-18 2.56414e-18 7.75694e-17 4.90423e-16 1.09561e-15 6.93074e-15 8.05215e-15 1.78338e-14 1.85703e-14 2.95378e-14 2.96847e-14 4.14087e-14 4.09462e-14 5.32816e-14 5.21789e-14 1.10055e-13 1.06176e-13 2.09372e-13 2.01914e-13 2.9458e-13 2.84983e-13 3.70529e-13 3.58977e-13 4.38843e-13 0 5.01408e-13 0 5.59701e-13 0 6.1431e-13 0 6.65278e-13 0 7.13591e-13 0 7.59953e-13 0 8.03968e-13 0 8.46624e-13 0 8.86306e-13 0 9.25542e-13 0 9.62782e-13 0 9.99318e-13 0 1.03506e-12 0 1.0684e-12 0 1.10228e-12 0 1.13356e-12 0 1.16528e-12 0 1.19582e-12 0 1.22513e-12 0 1.25479e-12 0 1.28313e-12 0 1.31094e-12 0 1.33818e-12 0 1.36484e-12 0 1.39089e-12 0 1.41717e-12 0 1.44192e-12 0 1.46688e-12 0 1.49024e-12 0 1.51378e-12 0 1.53749e-12 0 1.56138e-12 0 1.58359e-12 0 1.60595e-12 0 1.62752e-12 0 1.64922e-12 0 1.6701e-12 0 1.69111e-12 0 1.71224e-12 0 1.73253e-12 0 1.75293e-12 0 1.77245e-12 0 1.79208e-12 0 1.81181e-12 0 1.83164e-12 0 1.84957e-12 0 1.86758e-12 0 1.88768e-12 0 1.90586e-12 0 1.92208e-12 0 1.94041e-12 0 1.95882e-12 0 1.97524e-12 0 1.9938e-12 0 2.01036e-12 0
123.105 8.62167e-16 8.62167e-16 1.38887e-23 1.6109e-08 4.73548e-06 2.80981e-21 7.98493e-18 4.18127e-18 8.69812e-17 6.1879e-16 1.20683e-15 7.68469e-15 8.51065e-15 1.8884e-14 1.91268e-14 3.05192e-14 3.0076e-14 4.20887e-14 4.09926e-14 5.34989e-14 5.17516e-14 1.06701e-13 1.02314e-13 1.96836e-13 1.89294e-13 2.72494e-13 2.63167e-13 3.39066e-13 3.28134e-13 3.98412e-13 0 4.52397e-13 0 5.02426e-13 0 5.49084e-13 0 5.92467e-13 0 6.33456e-13 0 6.72677e-13 0 7.09817e-13 0 7.45727e-13 0 7.79066e-13 0 8.11966e-13 0 8.43139e-13 0 8.73673e-13 0 9.035e-13 0 9.31281e-13 0 9.5948e-13 0 9.85475e-13 0 1.01181e-12 0 1.03714e-12 0 1.06142e-12 0 1.08598e-12 0 1.10941e-12 0 1.13238e-12 0 1.15488e-12 0 1.17686e-12 0 1.19833e-12 0 1.21998e-12 0 1.24035e-12 0 1.26087e-12 0 1.28007e-12 0 1.2994e-12 0 1.31887e-12 0 1.33847e-12 0 1.35668e-12 0 1.375e-12 0 1.39266e-12 0 1.41043e-12 0 1.42751e-12 0 1.44469e-12 0 1.46197e-12 0 1.47854e-12 0 1.4952e-12 0 1.51114e-12 0 1.52715e-12 0 1.54324e-12 0 1.5594e-12 0 1.57401e-12 0 1.58869e-12 0 1.60506e-12 0 1.61985e-12 0 1.63305e-12 0 1.64796e-12 0 1.66293e-12 0 1.67628e-12 0 1.69136e-12 0 1.70481e-12 0
129.424 8.03509e-16 8.03509e-16 1.13607e-23 1.41389e-08 2.91928e-06 6.35427e-21 8.9413e-18 6.61905e-18 9.71704e-17 7.67495e-16 1.32308e-15 8.42921e-15 8.94783e-15 1.98267e-14 1.9602e-14 3.13046e-14 3.03316e-14 4.25047e-14 4.08623e-14 5.34048e-14 5.11213e-14 1.03033e-13 9.8297e-14 1.84606e-13 1.77136e-13 2.51676e-13 2.42745e-13 3.09981e-13 2.99747e-13 3.6152e-13 0 4.08108e-13 0 4.51065e-13 0 4.90959e-13 0 5.27922e-13 0 5.62739e-13 0 5.95965e-13 0 6.27353e-13 0 6.57637e-13 0 6.85697e-13 0 7.1334e-13 0 7.39489e-13 0 7.65064e-13 0 7.90012e-13 0 8.13218e-13 0 8.36744e-13 0 8.58407e-13 0 8.80332e-13 0 9.01399e-13 0 9.21572e-13 0 9.41951e-13 0 9.61387e-13 0 9.80425e-13 0 9.99049e-13 0 1.01724e-12 0 1.03499e-12 0 1.05288e-12 0 1.06969e-12 0 1.08663e-12 0 1.10246e-12 0 1.1184e-12 0 1.13443e-12 0 1.15057e-12 0 1.16555e-12 0 1.18062e-12 0 1.19513e-12 0 1.20973e-12 0 1.22376e-12 0 1.23786e-12 0 1.25203e-12 0 1.26563e-12 0 1.27928e-12 0 1.29234e-12 0 1.30546e-12 0 1.31863e-12 0 1.33186e-12 0 1.34382e-12 0 1.35582e-12 0 1.3692e-12 0 1.38129e-12 0 1.39208e-12 0 1.40426e-12 0 1.41648e-12 0 1.42737e-12 0 1.43968e-12 0 1.45065e-12 0
136.067 7.4792e-16 7.4792e-16 9.30043e-24 1.24351e-08 1.38958e-06 1.35772e-20 9.86721e-18 1.00741e-17 1.06958e-16 9.26206e-16 1.42775e-15 9.05048e-15 9.25512e-15 2.04211e-14 1.97703e-14 3.15373e-14 3.01152e-14 4.21925e-14 4.01144e-14 5.24323e-14 4.97468e-14 9.80208e-14 9.31272e-14 1.70842e-13 1.63646e-13 2.29561e-13 2.21204e-13 2.80028e-13 2.70638e-13 3.24288e-13 0 3.64059e-13 0 4.00557e-13 0 4.3432e-13 0 4.655e-13 0 4.94787e-13 0 5.22665e-13 0 5.48942e-13 0 5.74244e-13 0 5.97646e-13 0 6.20663e-13 0 6.42402e-13 0 6.63635e-13 0 6.8432e-13 0 7.03537e-13 0 7.22998e-13 0 7.40899e-13 0 7.58998e-13 0 7.76373e-13 0 7.92995e-13 0 8.09774e-13 0 8.25762e-13 0 8.41412e-13 0 8.5671e-13 0 8.71643e-13 0 8.86202e-13 0 9.00864e-13 0 9.14642e-13 0 9.28509e-13 0 9.41464e-13 0 9.54496e-13 0 9.67604e-13 0 9.80786e-13 0 9.93021e-13 0 1.00532e-12 0 1.01716e-12 0 1.02907e-12 0 1.0405e-12 0 1.05199e-12 0 1.06353e-12 0 1.0746e-12 0 1.08571e-12 0 1.09634e-12 0 1.107e-12 0 1.11771e-12 0 1.12846e-12 0 1.13817e-12 0 1.14792e-12 0 1.15878e-12 0 1.1686e-12 0 1.17735e-12 0 1.18723e-12 0 1.19713e-12 0 1.20597e-12 0 1.21594e-12 0 1.22483e-12 0
143.051 6.78425e-16 6.78425e-16 7.62476e-24 1.12389e-08 9.79297e-08 2.68174e-20 1.04763e-17 1.441e-17 1.13243e-16 1.06247e-15 1.48036e-15 9.2904e-15 9.19423e-15 2.01507e-14 1.91584e-14 3.04728e-14 2.87394e-14 4.02006e-14 3.78638e-14 4.94385e-14 4.65588e-14 8.97068e-14 8.49434e-14 1.5232e-13 1.45716e-13 2.01889e-13 1.94412e-13 2.4404e-13 2.35785e-13 2.80734e-13 0 3.13525e-13 0 3.43483e-13 0 3.71097e-13 0 3.96519e-13 0 4.20334e-13 0 4.42951e-13 0 4.64226e-13 0 4.84672e-13 0 5.03551e-13 0 5.22092e-13 0 5.39578e-13 0 5.56636e-13 0 5.73232e-13 0 5.88635e-13 0 6.04216e-13 0 6.18534e-13 0 6.32997e-13 0 6.46869e-13 0 6.6013e-13 0 6.73505e-13 0 6.8624e-13 0 6.98697e-13 0 7.10865e-13 0 7.22737e-13 0 7.34302e-13 0 7.45943e-13 0 7.56876e-13 0 7.67874e-13 0 7.78143e-13 0 7.88468e-13 0 7.98847e-13 0 8.09281e-13 0 8.1896e-13 0 8.28685e-13 0 8.38047e-13 0 8.47452e-13 0 8.56485e-13 0 8.65556e-13 0 8.74665e-13 0 8.83394e-13 0 8.92157e-13 0 9.00534e-13 0 9.0894e-13 0 9.17377e-13 0 9.25844e-13 0 9.3349e-13 0 9.41159e-13 0 9.49709e-13 0 9.57428e-13 0 9.6431e-13 0 9.72074e-13 0 9.79862e-13 0 9.86804e-13 0 9.94635e-13 0 1.00162e-12 0
150.394 6.03163e-16 6.03163e-16 6.24921e-24 1.03607e-08 -1.05463e-06 4.93739e-20 1.07689e-17 1.95185e-17 1.1605e-16 1.16662e-15 1.48402e-15 9.17894e-15 8.8279e-15 1.91763e-14 1.79513e-14 2.84268e-14 2.65298e-14 3.70063e-14 3.45829e-14 4.50623e-14 4.21772e-14 7.94884e-14 7.50693e-14 1.31676e-13 1.25852e-13 1.72286e-13 1.6584e-13 2.06475e-13 1.99467e-13 2.36033e-13 0 2.62309e-13 0 2.86218e-13 0 3.08181e-13 0 3.28343e-13 0 3.47184e-13 0 3.65038e-13 0 3.818e-13 0 3.97881e-13 0 4.12708e-13 0 4.27247e-13 0 4.40942e-13 0 4.54285e-13 0 4.67253e-13 0 4.79275e-13 0 4.91425e-13 0 5.0258e-13 0 5.13839e-13 0 5.24628e-13 0 5.34935e-13 0 5.45322e-13 0 5.55206e-13 0 5.64867e-13 0 5.74299e-13 0 5.83495e-13 0 5.92449e-13 0 6.01457e-13 0 6.09912e-13 0 6.18413e-13 0 6.26347e-13 0 6.3432e-13 0 6.42332e-13 0 6.50382e-13 0 6.57847e-13 0 6.65344e-13 0 6.72559e-13 0 6.79803e-13 0 6.86759e-13 0 6.93742e-13 0 7.00751e-13 0 7.07466e-13 0 7.14204e-13 0 7.20643e-13 0 7.27104e-13 0 7.33586e-13 0 7.40088e-13 0 7.45958e-13 0 7.51845e-13 0 7.58406e-13 0 7.64328e-13 0 7.69606e-13 0 7.7556e-13 0 7.81529e-13 0 7.86849e-13 0 7.9285e-13 0 7.98197e-13 0
158.114 5.28215e-16 5.28215e-16 5.11425e-24 9.68215e-09 -1.86927e-06 8.53653e-20 1.07758e-17 2.5202e-17 1.15736e-16 1.23372e-15 1.44617e-15 8.7801e-15 8.23747e-15 1.77017e-14 1.63539e-14 2.57496e-14 2.3821e-14 3.31014e-14 3.0734e-14 3.99315e-14 3.71879e-14 6.85798e-14 6.46369e-14 1.10986e-13 1.06015e-13 1.43455e-13 1.38063e-13 1.70534e-13 1.64755e-13 1.93796e-13 0 2.14377e-13 0 2.33031e-13 0 2.50112e-13 0 2.65751e-13 0 2.80332e-13 0 2.94122e-13 0 3.07045e-13 0 3.19424e-13 0 3.3082e-13 0 3.4198e-13 0 3.52481e-13 0 3.62699e-13 0 3.7262e-13 0 3.81809e-13 0 3.91087e-13 0 3.99599e-13 0 4.08182e-13 0 4.16402e-13 0 4.24248e-13 0 4.3215e-13 0 4.39665e-13 0 4.47006e-13 0 4.54168e-13 0 4.61148e-13 0 4.6794e-13 0 4.7477e-13 0 4.81177e-13 0 4.87616e-13 0 4.93623e-13 0 4.99657e-13 0 5.05718e-13 0 5.11806e-13 0 5.17448e-13 0 5.23113e-13 0 5.28562e-13 0 5.34032e-13 0 5.39283e-13 0 5.44552e-13 0 5.49839e-13 0 5.54902e-13 0 5.59982e-13 0 5.64834e-13 0 5.69702e-13 0 5.74584e-13 0 5.7948e-13 0 5.83899e-13 0 5.88329e-13 0 5.93266e-13 0 5.9772e-13 0 6.01689e-13 0 6.06166e-13 0 6.10653e-13 0 6.14651e-13 0 6.19159e-13 0 6.23176e-13 0
166.23 4.61907e-16 4.61907e-16 4.18277e-24 9.05542e-09 -2.65998e-06 1.40832e-19 1.06453e-17 3.14959e-17 1.13918e-16 1.27521e-15 1.38935e-15 8.25011e-15 7.57664e-15 1.6081e-14 1.46928e-14 2.29768e-14 2.11022e-14 2.91866e-14 2.69569e-14 3.48982e-14 3.23704e-14 5.84394e-14 5.49987e-14 9.25148e-14 8.83446e-14 1.18213e-13 1.13772e-13 1.3946e-13 1.34759e-13 1.57602e-13 0 1.73581e-13 0 1.88013e-13 0 2.01189e-13 0 2.13223e-13 0 2.24419e-13 0 2.34988e-13 0 2.44876e-13 0 2.54334e-13 0 2.63029e-13 0 2.71534e-13 0 2.79527e-13 0 2.87298e-13 0 2.94836e-13 0 3.0181e-13 0 3.08847e-13 0 3.15297e-13 0 3.21797e-13 0 3.28017e-13 0 3.33951e-13 0 3.39924e-13 0 3.456e-13 0 3.51142e-13 0 3.56546e-13 0 3.6181e-13 0 3.6693e-13 0 3.72075e-13 0 3.76901e-13 0 3.81748e-13 0 3.86268e-13 0 3.90807e-13 0 3.95364e-13 0 3.99939e-13 0 4.04178e-13 0 4.08433e-13 0 4.12524e-13 0 4.1663e-13 0 4.20569e-13 0 4.24521e-13 0 4.28486e-13 0 4.32282e-13 0 4.36089e-13 0 4.39725e-13 0 4.43371e-13 0 4.47026e-13 0 4.50692e-13 0 4.53999e-13 0 4.57315e-13 0 4.61008e-13 0 4.6434e-13 0 4.67308e-13 0 4.70654e-13 0 4.74008e-13 0 4.76996e-13 0 4.80365e-13 0 4.83365e-13 0
174.763 4.0452e-16 4.0452e-16 3.42233e-24 8.46021e-09 -3.42609e-06 2.22842e-19 1.04176e-17 3.82683e-17 1.11039e-16 1.29347e-15 1.3203e-15 7.64383e-15 6.89283e-15 1.44298e-14 1.30632e-14 2.02708e-14 1.85074e-14 2.54601e-14 2.34168e-14 3.01882e-14 2.79143e-14 4.93593e-14 4.64068e-14 7.65335e-14 7.3079e-14 9.67391e-14 9.31202e-14 1.13309e-13 1.09522e-13 1.2738e-13 0 1.39721e-13 0 1.5083e-13 0 1.60946e-13 0 1.70163e-13 0 1.78722e-13 0 1.86788e-13 0 1.94322e-13 0 2.01518e-13 0 2.08126e-13 0 2.14583e-13 0 2.20645e-13 0 2.26532e-13 0 2.32237e-13 0 2.37513e-13 0 2.42831e-13 0 2.47702e-13 0 2.52608e-13 0 2.57299e-13 0 2.61772e-13 0 2.66272e-13 0 2.70546e-13 0 2.74716e-13 0 2.78781e-13 0 2.82739e-13 0 2.86586e-13 0 2.90451e-13 0 2.94074e-13 0 2.97713e-13 0 3.01104e-13 0 3.04508e-13 0 3.07925e-13 0 3.11354e-13 0 3.1453e-13 0 3.17717e-13 0 3.2078e-13 0 3.23853e-13 0 3.26802e-13 0 3.29758e-13 0 3.32724e-13 0 3.35562e-13 0 3.38408e-13 0 3.41125e-13 0 3.43849e-13 0 3.4658e-13 0 3.49317e-13 0 3.51787e-13 0 3.54262e-13 0 3.57018e-13 0 3.59504e-13 0 3.61718e-13 0 3.64214e-13 0 3.66715e-13 0 3.68943e-13 0 3.71454e-13 0 3.7369e-13 0
183.733 3.58268e-16 3.58268e-16 2.79879e-24 7.812e-09 -3.90683e-06 3.42235e-19 1.0202e-17 4.57148e-17 1.08274e-16 1.30142e-15 1.25376e-15 7.05734e-15 6.26631e-15 1.29246e-14 1.16126e-14 1.78671e-14 1.62364e-14 2.22026e-14 2.03546e-14 2.6118e-14 2.40941e-14 4.17522e-14 3.92316e-14 6.3483e-14 6.06259e-14 7.94291e-14 7.64807e-14 9.24077e-14 8.93542e-14 1.03371e-13 0 1.1295e-13 0 1.21547e-13 0 1.29355e-13 0 1.36455e-13 0 1.43036e-13 0 1.49227e-13 0 1.55003e-13 0 1.60512e-13 0 1.65566e-13 0 1.70498e-13 0 1.75124e-13 0 1.79614e-13 0 1.83961e-13 0 1.87977e-13 0 1.92023e-13 0 1.95727e-13 0 1.99454e-13 0 2.03017e-13 0 2.06412e-13 0 2.09825e-13 0 2.13065e-13 0 2.16226e-13 0 2.19305e-13 0 2.22302e-13 0 2.25214e-13 0 2.28138e-13 0 2.30878e-13 0 2.33628e-13 0 2.36191e-13 0 2.38763e-13 0 2.41344e-13 0 2.43933e-13 0 2.4633e-13 0 2.48734e-13 0 2.51045e-13 0 2.53363e-13 0 2.55586e-13 0 2.57814e-13 0 2.60049e-13 0 2.62187e-13 0 2.6433e-13 0 2.66377e-13 0 2.68427e-13 0 2.70483e-13 0 2.72543e-13 0 2.74401e-13 0 2.76262e-13 0 2.78335e-13 0 2.80205e-13 0 2.81869e-13 0 2.83745e-13 0 2.85625e-13 0 2.87299e-13 0 2.89185e-13 0 2.90865e-13 0
193.164 3.17885e-16 3.17885e-16 2.2883e-24 7.19851e-09 -4.35945e-06 5.06371e-19 9.90826e-18 5.32624e-17 1.04667e-16 1.28795e-15 1.17901e-15 6.43717e-15 5.64211e-15 1.1455e-14 1.02299e-14 1.55969e-14 1.41219e-14 1.91869e-14 1.75473e-14 2.24022e-14 2.06317e-14 3.50583e-14 3.29337e-14 5.23309e-14 4.9991e-14 6.48505e-14 6.24687e-14 7.4969e-14 7.25255e-14 8.34758e-14 0 9.08817e-14 0 9.75096e-14 0 1.03515e-13 0 1.08966e-13 0 1.14009e-13 0 1.18747e-13 0 1.23161e-13 0 1.27367e-13 0 1.3122e-13 0 1.34978e-13 0 1.385e-13 0 1.41914e-13 0 1.45218e-13 0 1.48268e-13 0 1.51339e-13 0 1.54148e-13 0 1.56974e-13 0 1.59674e-13 0 1.62244e-13 0 1.64828e-13 0 1.6728e-13 0 1.6967e-13 0 1.71998e-13 0 1.74262e-13 0 1.76462e-13 0 1.7867e-13 0 1.80738e-13 0 1.82813e-13 0 1.84747e-13 0 1.86686e-13 0 1.88631e-13 0 1.90583e-13 0 1.92389e-13 0 1.942e-13 0 1.9594e-13 0 1.97685e-13 0 1.99358e-13 0 2.01035e-13 0 2.02716e-13 0 2.04325e-13 0 2.05936e-13 0 2.07475e-13 0 2.09016e-13 0 2.10561e-13 0 2.12109e-13 0 2.13505e-13 0 2.14903e-13 0 2.1646e-13 0 2.17863e-13 0 2.19113e-13 0 2.20521e-13 0 2.21932e-13 0 2.23188e-13 0 2.24603e-13 0 2.25863e-13 0
203.079 2.83138e-16 2.83138e-16 1.87133e-24 6.60927e-09 -4.72999e-06 7.24646e-19 9.56605e-18 6.07253e-17 1.00545e-16 1.25739e-15 1.10057e-15 5.81652e-15 5.04386e-15 1.0073e-14 8.95295e-15 1.35197e-14 1.22081e-14 1.64739e-14 1.50405e-14 1.90991e-14 1.75705e-14 2.92957e-14 2.75217e-14 4.29764e-14 4.1073e-14 5.27798e-14 5.08664e-14 6.06517e-14 5.87055e-14 6.72404e-14 0 7.29575e-14 0 7.80607e-14 0 8.2675e-14 0 8.6855e-14 0 9.0717e-14 0 9.43403e-14 0 9.77118e-14 0 1.00921e-13 0 1.03858e-13 0 1.0672e-13 0 1.094e-13 0 1.11996e-13 0 1.14506e-13 0 1.16823e-13 0 1.19153e-13 0 1.21284e-13 0 1.23427e-13 0 1.25472e-13 0 1.27419e-13 0 1.29375e-13 0 1.31231e-13 0 1.33039e-13 0 1.34799e-13 0 1.36511e-13 0 1.38173e-13 0 1.39841e-13 0 1.41402e-13 0 1.42969e-13 0 1.44428e-13 0 1.45891e-13 0 1.47359e-13 0 1.4883e-13 0 1.50192e-13 0 1.51557e-13 0 1.52868e-13 0 1.54182e-13 0 1.55443e-13 0 1.56705e-13 0 1.57971e-13 0 1.59182e-13 0 1.60394e-13 0 1.61552e-13 0 1.62712e-13 0 1.63873e-13 0 1.65037e-13 0 1.66087e-13 0 1.67138e-13 0 1.68308e-13 0 1.69363e-13 0 1.70302e-13 0 1.7136e-13 0 1.72419e-13 0 1.73362e-13 0 1.74425e-13 0 1.75371e-13 0
213.503 2.53918e-16 2.53918e-16 1.53094e-24 6.02928e-09 -4.92623e-06 1.00784e-18 9.21192e-18 6.80382e-17 9.62998e-17 1.21569e-15 1.02325e-15 5.22584e-15 4.49241e-15 8.82038e-15 7.81135e-15 1.16791e-14 1.0526e-14 1.41037e-14 1.28626e-14 1.62426e-14 1.49339e-14 2.44479e-14 2.29743e-14 3.52837e-14 3.37398e-14 4.29665e-14 4.14321e-14 4.90986e-14 4.75501e-14 5.42101e-14 0 5.8632e-14 0 6.25696e-14 0 6.61229e-14 0 6.93364e-14 0 7.23013e-14 0 7.50794e-14 0 7.76616e-14 0 8.01169e-14 0 8.23624e-14 0 8.45485e-14 0 8.65939e-14 0 8.85744e-14 0 9.0488e-14 0 9.22528e-14 0 9.40274e-14 0 9.56491e-14 0 9.72787e-14 0 9.88341e-14 0 1.00314e-13 0 1.018e-13 0 1.03209e-13 0 1.04582e-13 0 1.05917e-13 0 1.07216e-13 0 1.08476e-13 0 1.09741e-13 0 1.10924e-13 0 1.12112e-13 0 1.13217e-13 0 1.14325e-13 0 1.15436e-13 0 1.1655e-13 0 1.1758e-13 0 1.18613e-13 0 1.19605e-13 0 1.20599e-13 0 1.21552e-13 0 1.22506e-13 0 1.23463e-13 0 1.24378e-13 0 1.25294e-13 0 1.26168e-13 0 1.27044e-13 0 1.27922e-13 0 1.288e-13 0 1.29593e-13 0 1.30386e-13 0 1.31269e-13 0 1.32065e-13 0 1.32773e-13 0 1.33571e-13 0 1.3437e-13 0 1.35082e-13 0 1.35883e-13 0 1.36596e-13 0
224.463 2.27588e-16 2.27588e-16 1.25221e-24 5.50211e-09 -5.1165e-06 1.35459e-18 8.78598e-18 7.4452e-17 9.13137e-17 1.15639e-15 9.40911e-16 4.63723e-15 3.95895e-15 7.63906e-15 6.74756e-15 9.98634e-15 8.98953e-15 1.19577e-14 1.08995e-14 1.3685e-14 1.25804e-14 2.02351e-14 1.90249e-14 2.87587e-14 2.7518e-14 3.47428e-14 3.35227e-14 3.94928e-14 3.82702e-14 4.34372e-14 0 4.68399e-14 0 4.98632e-14 0 5.25865e-14 0 5.50457e-14 0 5.73116e-14 0 5.94324e-14 0 6.14017e-14 0 6.32724e-14 0 6.49819e-14 0 6.6645e-14 0 6.81999e-14 0 6.97046e-14 0 7.11577e-14 0 7.2497e-14 0 7.38431e-14 0 7.50726e-14 0 7.63076e-14 0 7.74859e-14 0 7.86065e-14 0 7.97313e-14 0 8.07974e-14 0 8.18358e-14 0 8.28458e-14 0 8.38274e-14 0 8.478e-14 0 8.57354e-14 0 8.66295e-14 0 8.75259e-14 0 8.83603e-14 0 8.91967e-14 0 9.0035e-14 0 9.08752e-14 0 9.16525e-14 0 9.24313e-14 0 9.31792e-14 0 9.39285e-14 0 9.46466e-14 0 9.5366e-14 0 9.60867e-14 0 9.67758e-14 0 9.7466e-14 0 9.81244e-14 0 9.87839e-14 0 9.94444e-14 0 1.00106e-13 0 1.00702e-13 0 1.01299e-13 0 1.01963e-13 0 1.02562e-13 0 1.03095e-13 0 1.03695e-13 0 1.04296e-13 0 1.04831e-13 0 1.05433e-13 0 1.0597e-13 0
235.984 2.03853e-16 2.03853e-16 1.02402e-24 5.02332e-09 -5.2993e-06 1.76213e-18 8.30137e-18 7.96504e-17 8.57398e-17 1.083e-15 8.55915e-16 4.06635e-15 3.45309e-15 6.54673e-15 5.77268e-15 8.45574e-15 7.60713e-15 1.00444e-14 9.15467e-15 1.14275e-14 1.05073e-14 1.66167e-14 1.56334e-14 2.32778e-14 2.22895e-14 2.7912e-14 2.69493e-14 3.15715e-14 3.06132e-14 3.45999e-14 0 3.72057e-14 0 3.95163e-14 0 4.15941e-14 0 4.34678e-14 0 4.51921e-14 0 4.68043e-14 0 4.82999e-14 0 4.97196e-14 0 5.10159e-14 0 5.22761e-14 0 5.34537e-14 0 5.45926e-14 0 5.56918e-14 0 5.67044e-14 0 5.77218e-14 0 5.86506e-14 0 5.95832e-14 0 6.04726e-14 0 6.13182e-14 0 6.21667e-14 0 6.29706e-14 0 6.37534e-14 0 6.45146e-14 0 6.52541e-14 0 6.59717e-14 0 6.66911e-14 0 6.73642e-14 0 6.80389e-14 0 6.86668e-14 0 6.9296e-14 0 6.99266e-14 0 7.05585e-14 0 7.11429e-14 0 7.17284e-14 0 7.22905e-14 0 7.28536e-14 0 7.33931e-14 0 7.39335e-14 0 7.44748e-14 0 7.49923e-14 0 7.55106e-14 0 7.60049e-14 0 7.64999e-14 0 7.69957e-14 0 7.74921e-14 0 7.79394e-14 0 7.83873e-14 0 7.88856e-14 0 7.93347e-14 0 7.97343e-14 0 8.01844e-14 0 8.0635e-14 0 8.1036e-14 0 8.14876e-14 0 8.18894e-14 0
248.097 1.82502e-16 1.82502e-16 8.37866e-25 4.59099e-09 -5.47587e-06 2.22244e-18 7.7739e-18 8.34115e-17 7.97564e-17 9.99535e-16 7.70631e-16 3.52642e-15 2.98278e-15 5.55589e-15 4.8942e-15 7.09487e-15 6.38225e-15 8.36465e-15 7.62597e-15 9.46371e-15 8.70605e-15 1.35463e-14 1.27549e-14 1.8721e-14 1.79399e-14 2.22911e-14 2.15369e-14 2.5097e-14 2.43507e-14 2.74116e-14 0 2.93985e-14 0 3.11569e-14 0 3.27358e-14 0 3.41578e-14 0 3.5465e-14 0 3.66861e-14 0 3.78178e-14 0 3.88913e-14 0 3.98708e-14 0 4.08225e-14 0 4.17112e-14 0 4.25703e-14 0 4.33991e-14 0 4.41623e-14 0 4.49287e-14 0 4.56281e-14 0 4.63301e-14 0 4.69994e-14 0 4.76355e-14 0 4.82735e-14 0 4.88779e-14 0 4.94662e-14 0 5.00382e-14 0 5.05937e-14 0 5.11326e-14 0 5.16728e-14 0 5.2178e-14 0 5.26844e-14 0 5.31555e-14 0 5.36276e-14 0 5.41005e-14 0 5.45744e-14 0 5.50126e-14 0 5.54515e-14 0 5.58728e-14 0 5.62948e-14 0 5.66991e-14 0 5.71039e-14 0 5.75094e-14 0 5.7897e-14 0 5.82851e-14 0 5.86552e-14 0 5.90259e-14 0 5.93969e-14 0 5.97685e-14 0 6.01033e-14 0 6.04384e-14 0 6.08113e-14 0 6.11472e-14 0 6.14462e-14 0 6.17828e-14 0 6.21198e-14 0 6.24197e-14 0 6.27573e-14 0 6.30578e-14 0
260.832 1.64365e-16 1.64365e-16 6.85591e-25 4.17115e-09 -5.49608e-06 2.73932e-18 7.26447e-18 8.61485e-17 7.3998e-17 9.15675e-16 6.91435e-16 3.04587e-15 2.56925e-15 4.70184e-15 4.14048e-15 5.94031e-15 5.3455e-15 6.95406e-15 6.34383e-15 7.8267e-15 7.20557e-15 1.10387e-14 1.04032e-14 1.50625e-14 1.44457e-14 1.78172e-14 1.72263e-14 1.99729e-14 1.93914e-14 2.17459e-14 0 2.32645e-14 0 2.46063e-14 0 2.58094e-14 0 2.68916e-14 0 2.78855e-14 0 2.8813e-14 0 2.96721e-14 0 3.04863e-14 0 3.12288e-14 0 3.19499e-14 0 3.26229e-14 0 3.32731e-14 0 3.39001e-14 0 3.44772e-14 0 3.50565e-14 0 3.55851e-14 0 3.61154e-14 0 3.66208e-14 0 3.7101e-14 0 3.75826e-14 0 3.80386e-14 0 3.84824e-14 0 3.89137e-14 0 3.93326e-14 0 3.97388e-14 0 4.01459e-14 0 4.05266e-14 0 4.09081e-14 0 4.12629e-14 0 4.16184e-14 0 4.19745e-14 0 4.23312e-14 0 4.26611e-14 0 4.29914e-14 0 4.33084e-14 0 4.36259e-14 0 4.393e-14 0 4.42345e-14 0 4.45394e-14 0 4.48309e-14 0 4.51227e-14 0 4.54009e-14 0 4.56795e-14 0 4.59584e-14 0 4.62376e-14 0 4.64892e-14 0 4.6741e-14 0 4.70211e-14 0 4.72735e-14 0 4.7498e-14 0 4.77508e-14 0 4.80039e-14 0 4.8229e-14 0 4.84826e-14 0 4.87082e-14 0
274.221 1.48043e-16 1.48043e-16 5.60861e-25 3.7885e-09 -5.4888e-06 3.28498e-18 6.73638e-18 8.73227e-17 6.80948e-17 8.28353e-16 6.14802e-16 2.60632e-15 2.19477e-15 3.94671e-15 3.47625e-15 4.9363e-15 4.44514e-15 5.74035e-15 5.24122e-15 6.42899e-15 5.92448e-15 8.94226e-15 8.43586e-15 1.20571e-14 1.15729e-14 1.41742e-14 1.37139e-14 1.58245e-14 1.53736e-14 1.71781e-14 0 1.83352e-14 0 1.9356e-14 0 2.027e-14 0 2.10914e-14 0 2.1845e-14 0 2.25478e-14 0 2.31982e-14 0 2.38142e-14 0 2.43757e-14 0 2.49207e-14 0 2.54291e-14 0 2.59201e-14 0 2.63934e-14 0 2.68288e-14 0 2.72658e-14 0 2.76643e-14 0 2.80641e-14 0 2.84449e-14 0 2.88067e-14 0 2.91694e-14 0 2.95128e-14 0 2.98469e-14 0 3.01715e-14 0 3.04867e-14 0 3.07923e-14 0 3.10985e-14 0 3.13848e-14 0 3.16717e-14 0 3.19385e-14 0 3.22057e-14 0 3.24733e-14 0 3.27414e-14 0 3.29891e-14 0 3.32373e-14 0 3.34754e-14 0 3.37138e-14 0 3.39422e-14 0 3.41708e-14 0 3.43997e-14 0 3.46185e-14 0 3.48375e-14 0 3.50463e-14 0 3.52554e-14 0 3.54646e-14 0 3.56741e-14 0 3.58628e-14 0 3.60517e-14 0 3.62618e-14 0 3.6451e-14 0 3.66194e-14 0 3.6809e-14 0 3.69987e-14 0 3.71675e-14 0 3.73576e-14 0 3.75266e-14 0
288.297 1.33186e-16 1.33186e-16 4.58766e-25 3.44455e-09 -5.47616e-06 3.83304e-18 6.19295e-18 8.68421e-17 6.209e-17 7.39558e-16 5.4125e-16 2.20789e-15 1.8578e-15 3.28339e-15 2.89396e-15 4.06793e-15 3.66686e-15 4.70103e-15 4.29697e-15 5.24071e-15 4.8349e-15 7.195e-15 6.79469e-15 9.5931e-15 9.21563e-15 1.12124e-14 1.08559e-14 1.247e-14 1.21225e-14 1.3499e-14 0 1.43771e-14 0 1.51505e-14 0 1.58423e-14 0 1.64633e-14 0 1.70326e-14 0 1.75631e-14 0 1.80538e-14 0 1.85183e-14 0 1.89414e-14 0 1.93519e-14 0 1.97347e-14 0 2.01042e-14 0 2.04603e-14 0 2.07878e-14 0 2.11163e-14 0 2.14158e-14 0 2.17162e-14 0 2.20023e-14 0 2.2274e-14 0 2.25463e-14 0 2.28041e-14 0 2.30548e-14 0 2.32984e-14 0 2.35348e-14 0 2.37641e-14 0 2.39937e-14 0 2.42084e-14 0 2.44234e-14 0 2.46234e-14 0 2.48237e-14 0 2.50242e-14 0 2.5225e-14 0 2.54107e-14 0 2.55965e-14 0 2.57749e-14 0 2.59534e-14 0 2.61244e-14 0 2.62956e-14 0 2.6467e-14 0 2.66307e-14 0 2.67946e-14 0 2.69509e-14 0 2.71073e-14 0 2.72639e-14 0 2.74206e-14 0 2.75618e-14 0 2.77031e-14 0 2.78602e-14 0 2.80017e-14 0 2.81276e-14 0 2.82694e-14 0 2.84113e-14 0 2.85375e-14 0 2.86795e-14 0 2.88059e-14 0
303.095 1.19854e-16 1.19854e-16 3.75504e-25 3.13302e-09 -5.44526e-06 4.36375e-18 5.65434e-18 8.49332e-17 5.61936e-17 6.53018e-16 4.72614e-16 1.8553e-15 1.5611e-15 2.71243e-15 2.39326e-15 3.33076e-15 3.0061e-15 3.82656e-15 3.50209e-15 4.24738e-15 3.9234e-15 5.76029e-15 5.44576e-15 7.5999e-15 7.30705e-15 8.83464e-15 8.55973e-15 9.79035e-15 9.52343e-15 1.05706e-14 0 1.12352e-14 0 1.18199e-14 0 1.23423e-14 0 1.28109e-14 0 1.32401e-14 0 1.36398e-14 0 1.40092e-14 0 1.43588e-14 0 1.46771e-14 0 1.49857e-14 0 1.52734e-14 0 1.5551e-14 0 1.58184e-14 0 1.60643e-14 0 1.63109e-14 0 1.65357e-14 0 1.6761e-14 0 1.69756e-14 0 1.71793e-14 0 1.73835e-14 0 1.75767e-14 0 1.77646e-14 0 1.79471e-14 0 1.81242e-14 0 1.82959e-14 0 1.84679e-14 0 1.86286e-14 0 1.87896e-14 0 1.89393e-14 0 1.90892e-14 0 1.92393e-14 0 1.93895e-14 0 1.95284e-14 0 1.96675e-14 0 1.98009e-14 0 1.99344e-14 0 2.00623e-14 0 2.01903e-14 0 2.03184e-14 0 2.04408e-14 0 2.05634e-14 0 2.06802e-14 0 2.07971e-14 0 2.09141e-14 0 2.10312e-14 0 2.11367e-14 0 2.12422e-14 0 2.13596e-14 0 2.14654e-14 0 2.15594e-14 0 2.16653e-14 0 2.17712e-14 0 2.18655e-14 0 2.19716e-14 0 2.2066e-14 0
318.653 1.08231e-16 1.08231e-16 3.07285e-25 2.83917e-09 -5.32345e-06 4.86851e-18 5.14514e-18 8.20212e-17 5.06527e-17 5.7244e-16 4.10756e-16 1.55214e-15 1.30687e-15 2.23316e-15 1.97309e-15 2.71938e-15 2.45785e-15 3.10698e-15 2.84749e-15 3.43463e-15 3.17694e-15 4.60485e-15 4.35828e-15 6.01585e-15 5.78893e-15 6.95769e-15 6.74586e-15 7.68446e-15 7.47956e-15 8.27655e-15 0 8.78016e-15 0 9.22267e-15 0 9.61765e-15 0 9.97161e-15 0 1.02956e-14 0 1.05972e-14 0 1.08758e-14 0 1.11392e-14 0 1.1379e-14 0 1.16114e-14 0 1.1828e-14 0 1.20369e-14 0 1.22381e-14 0 1.2423e-14 0 1.26084e-14 0 1.27774e-14 0 1.29468e-14 0 1.3108e-14 0 1.3261e-14 0 1.34144e-14 0 1.35595e-14 0 1.37005e-14 0 1.38376e-14 0 1.39705e-14 0 1.40994e-14 0 1.42284e-14 0 1.4349e-14 0 1.44697e-14 0 1.4582e-14 0 1.46944e-14 0 1.4807e-14 0 1.49196e-14 0 1.50238e-14 0 1.5128e-14 0 1.5228e-14 0 1.5328e-14 0 1.54239e-14 0 1.55198e-14 0 1.56158e-14 0 1.57075e-14 0 1.57993e-14 0 1.58868e-14 0 1.59743e-14 0 1.6062e-14 0 1.61497e-14 0 1.62286e-14 0 1.63077e-14 0 1.63956e-14 0 1.64747e-14 0 1.65451e-14 0 1.66244e-14 0 1.67037e-14 0 1.67742e-14 0 1.68536e-14 0 1.69243e-14 0
335.009 9.76041e-17 9.76041e-17 2.51397e-25 2.57568e-09 -5.21326e-06 5.30361e-18 4.64511e-18 7.7902e-17 4.52676e-17 4.96087e-16 3.53734e-16 1.2872e-15 1.0851e-15 1.8243e-15 1.61448e-15 2.20411e-15 1.99531e-15 2.50525e-15 2.29947e-15 2.75888e-15 2.55552e-15 3.65922e-15 3.46721e-15 4.73647e-15 4.56162e-15 5.4519e-15 5.28951e-15 6.00241e-15 5.84587e-15 6.45007e-15 0 6.83029e-15 0 7.16401e-15 0 7.46163e-15 0 7.72814e-15 0 7.97196e-15 0 8.19873e-15 0 8.40814e-15 0 8.60608e-15 0 8.78617e-15 0 8.96065e-15 0 9.1232e-15 0 9.27995e-15 0 9.43086e-15 0 9.56953e-15 0 9.70854e-15 0 9.83519e-15 0 9.96209e-15 0 1.00829e-14 0 1.01975e-14 0 1.03124e-14 0 1.0421e-14 0 1.05267e-14 0 1.06292e-14 0 1.07287e-14 0 1.08252e-14 0 1.09217e-14 0 1.1012e-14 0 1.11023e-14 0 1.11863e-14 0 1.12704e-14 0 1.13545e-14 0 1.14388e-14 0 1.15166e-14 0 1.15945e-14 0 1.16693e-14 0 1.17441e-14 0 1.18157e-14 0 1.18874e-14 0 1.19591e-14 0 1.20277e-14 0 1.20962e-14 0 1.21616e-14 0 1.2227e-14 0 1.22925e-14 0 1.2358e-14 0 1.2417e-14 0 1.2476e-14 0 1.25416e-14 0 1.26008e-14 0 1.26533e-14 0 1.27125e-14 0 1.27717e-14 0 1.28244e-14 0 1.28836e-14 0 1.29364e-14 0
352.205 8.79175e-17 8.79175e-17 2.05717e-25 2.33988e-09 -5.0998e-06 5.64856e-18 4.16286e-18 7.28382e-17 4.01251e-17 4.25335e-16 3.01987e-16 1.05883e-15 8.94064e-16 1.47955e-15 1.31178e-15 1.77446e-15 1.6091e-15 2.00711e-15 1.84514e-15 2.2024e-15 2.04305e-15 2.89175e-15 2.74313e-15 3.71076e-15 3.57672e-15 4.25216e-15 4.12825e-15 4.6677e-15 4.54862e-15 5.00501e-15 0 5.29115e-15 0 5.54205e-15 0 5.76562e-15 0 5.96568e-15 0 6.14861e-15 0 6.31866e-15 0 6.47561e-15 0 6.62392e-15 0 6.7588e-15 0 6.88944e-15 0 7.0111e-15 0 7.1284e-15 0 7.24129e-15 0 7.34501e-15 0 7.44895e-15 0 7.54363e-15 0 7.63849e-15 0 7.72877e-15 0 7.81444e-15 0 7.90024e-15 0 7.9814e-15 0 8.06028e-15 0 8.13688e-15 0 8.21117e-15 0 8.28316e-15 0 8.35524e-15 0 8.42259e-15 0 8.49001e-15 0 8.55267e-15 0 8.61541e-15 0 8.6782e-15 0 8.74105e-15 0 8.79912e-15 0 8.85723e-15 0 8.91298e-15 0 8.96877e-15 0 9.02217e-15 0 9.07561e-15 0 9.1291e-15 0 9.18019e-15 0 9.23131e-15 0 9.28004e-15 0 9.32879e-15 0 9.37758e-15 0 9.4264e-15 0 9.47036e-15 0 9.51435e-15 0 9.56326e-15 0 9.6073e-15 0 9.64646e-15 0 9.69055e-15 0 9.73466e-15 0 9.77389e-15 0 9.81804e-15 0 9.85731e-15 0
370.284 7.94518e-17 7.94518e-17 1.68388e-25 2.11938e-09 -4.92426e-06 5.91408e-18 3.72101e-18 6.73935e-17 3.5442e-17 3.62589e-16 2.56791e-16 8.68116e-16 7.34522e-16 1.19706e-15 1.06343e-15 1.42575e-15 1.2952e-15 1.60534e-15 1.47819e-15 1.75562e-15 1.63104e-15 2.28339e-15 2.16848e-15 2.90638e-15 2.80365e-15 3.31646e-15 3.22189e-15 3.63046e-15 3.53985e-15 3.88496e-15 0 4.1006e-15 0 4.2895e-15 0 4.45771e-15 0 4.60814e-15 0 4.7456e-15 0 4.87334e-15 0 4.99118e-15 0 5.1025e-15 0 5.2037e-15 0 5.30169e-15 0 5.39293e-15 0 5.48087e-15 0 5.56548e-15 0 5.64321e-15 0 5.72109e-15 0 5.79201e-15 0 5.86306e-15 0 5.93066e-15 0 5.9948e-15 0 6.05903e-15 0 6.11978e-15 0 6.17881e-15 0 6.23613e-15 0 6.29172e-15 0 6.34558e-15 0 6.3995e-15 0 6.44987e-15 0 6.50029e-15 0 6.54716e-15 0 6.59407e-15 0 6.64102e-15 0 6.688e-15 0 6.73141e-15 0 6.77486e-15 0 6.81652e-15 0 6.85822e-15 0 6.89813e-15 0 6.93807e-15 0 6.97803e-15 0 7.0162e-15 0 7.0544e-15 0 7.0908e-15 0 7.12722e-15 0 7.16367e-15 0 7.20013e-15 0 7.23297e-15 0 7.26582e-15 0 7.30235e-15 0 7.33523e-15 0 7.36448e-15 0 7.3974e-15 0 7.43034e-15 0 7.45963e-15 0 7.49259e-15 0 7.52191e-15 0
389.291 7.17457e-17 7.17457e-17 1.37799e-25 1.92066e-09 -4.74479e-06 6.06876e-18 3.30522e-18 6.15012e-17 3.10764e-17 3.06254e-16 2.16682e-16 7.06844e-16 5.99464e-16 9.62601e-16 8.56936e-16 1.13908e-15 1.03669e-15 1.27709e-15 1.17787e-15 1.39224e-15 1.29539e-15 1.79475e-15 1.70632e-15 2.26706e-15 2.18865e-15 2.57677e-15 2.50486e-15 2.8134e-15 2.74468e-15 3.00492e-15 0 3.16702e-15 0 3.30891e-15 0 3.43517e-15 0 3.54801e-15 0 3.65109e-15 0 3.74683e-15 0 3.83512e-15 0 3.91849e-15 0 3.99427e-15 0 4.06762e-15 0 4.1359e-15 0 4.2017e-15 0 4.26499e-15 0 4.32312e-15 0 4.38136e-15 0 4.43438e-15 0 4.48749e-15 0 4.53802e-15 0 4.58595e-15 0 4.63394e-15 0 4.67933e-15 0 4.72343e-15 0 4.76624e-15 0 4.80776e-15 0 4.84798e-15 0 4.88824e-15 0 4.92585e-15 0 4.96349e-15 0 4.99848e-15 0 5.03349e-15 0 5.06853e-15 0 5.1036e-15 0 5.13599e-15 0 5.16841e-15 0 5.1995e-15 0 5.23061e-15 0 5.26038e-15 0 5.29017e-15 0 5.31999e-15 0 5.34846e-15 0 5.37695e-15 0 5.4041e-15 0 5.43126e-15 0 5.45844e-15 0 5.48563e-15 0 5.51011e-15 0 5.53461e-15 0 5.56184e-15 0 5.58636e-15 0 5.60816e-15 0 5.6327e-15 0 5.65725e-15 0 5.67909e-15 0 5.70366e-15 0 5.72551e-15 0
409.273 6.47005e-17 6.47005e-17 1.12738e-25 1.74246e-09 -4.58146e-06 6.10593e-18 2.9169e-18 5.53624e-17 2.70396e-17 2.56272e-16 1.81383e-16 5.71451e-16 4.85884e-16 7.69168e-16 6.86227e-16 9.04656e-16 8.24882e-16 1.0102e-15 9.33261e-16 1.09803e-15 1.02319e-15 1.40373e-15 1.33604e-15 1.76052e-15 1.70092e-15 1.99364e-15 1.93918e-15 2.17142e-15 2.11949e-15 2.31511e-15 0 2.43661e-15 0 2.54289e-15 0 2.63739e-15 0 2.72182e-15 0 2.7989e-15 0 2.87047e-15 0 2.93645e-15 0 2.99874e-15 0 3.05533e-15 0 3.1101e-15 0 3.16107e-15 0 3.21018e-15 0 3.25741e-15 0 3.30078e-15 0 3.34422e-15 0 3.38377e-15 0 3.42337e-15 0 3.46105e-15 0 3.49678e-15 0 3.53256e-15 0 3.56639e-15 0 3.59925e-15 0 3.63116e-15 0 3.66209e-15 0 3.69206e-15 0 3.72205e-15 0 3.75007e-15 0 3.77811e-15 0 3.80416e-15 0 3.83024e-15 0 3.85633e-15 0 3.88245e-15 0 3.90657e-15 0 3.9307e-15 0 3.95385e-15 0 3.97701e-15 0 3.99917e-15 0 4.02135e-15 0 4.04354e-15 0 4.06473e-15 0 4.08593e-15 0 4.10613e-15 0 4.12635e-15 0 4.14657e-15 0 4.1668e-15 0 4.18502e-15 0 4.20325e-15 0 4.2235e-15 0 4.24175e-15 0 4.25797e-15 0 4.27622e-15 0 4.29448e-15 0 4.31072e-15 0 4.329e-15 0 4.34525e-15 0
430.281 5.8519e-17 5.8519e-17 9.22845e-26 1.577e-09 -4.3738e-06 6.0548e-18 2.56951e-18 4.94036e-17 2.34517e-17 2.1347e-16 1.51315e-16 4.60848e-16 3.92919e-16 6.13527e-16 5.48588e-16 7.17489e-16 6.55455e-16 7.98187e-16 7.38615e-16 8.65182e-16 8.07417e-16 1.09745e-15 1.04564e-15 1.36719e-15 1.32188e-15 1.54286e-15 1.5016e-15 1.6766e-15 1.63733e-15 1.78456e-15 0 1.87578e-15 0 1.9555e-15 0 2.02636e-15 0 2.08963e-15 0 2.14737e-15 0 2.20097e-15 0 2.25036e-15 0 2.29698e-15 0 2.33932e-15 0 2.3803e-15 0 2.41842e-15 0 2.45514e-15 0 2.49045e-15 0 2.52287e-15 0 2.55534e-15 0 2.5849e-15 0 2.61449e-15 0 2.64264e-15 0 2.66933e-15 0 2.69606e-15 0 2.72132e-15 0 2.74587e-15 0 2.76969e-15 0 2.79279e-15 0 2.81516e-15 0 2.83755e-15 0 2.85847e-15 0 2.8794e-15 0 2.89884e-15 0 2.91831e-15 0 2.93778e-15 0 2.95726e-15 0 2.97526e-15 0 2.99327e-15 0 3.01054e-15 0 3.02782e-15 0 3.04435e-15 0 3.06089e-15 0 3.07744e-15 0 3.09325e-15 0 3.10907e-15 0 3.12413e-15 0 3.13921e-15 0 3.15429e-15 0 3.16938e-15 0 3.18296e-15 0 3.19655e-15 0 3.21166e-15 0 3.22526e-15 0 3.23735e-15 0 3.25096e-15 0 3.26458e-15 0 3.27668e-15 0 3.29031e-15 0 3.30242e-15 0
452.368 5.29124e-17 5.29124e-17 7.5538e-26 1.4276e-09 -4.15979e-06 5.90368e-18 2.2529e-18 4.359e-17 2.02129e-17 1.76513e-16 1.25427e-16 3.69656e-16 3.16075e-16 4.87083e-16 4.36509e-16 5.66576e-16 5.18564e-16 6.28081e-16 5.82157e-16 6.79029e-16 6.34626e-16 8.55031e-16 8.15512e-16 1.05851e-15 1.02416e-15 1.19064e-15 1.15945e-15 1.29106e-15 1.26144e-15 1.37205e-15 0 1.44041e-15 0 1.50013e-15 0 1.55318e-15 0 1.60053e-15 0 1.64373e-15 0 1.68381e-15 0 1.72074e-15 0 1.75558e-15 0 1.78722e-15 0 1.81783e-15 0 1.84631e-15 0 1.87374e-15 0 1.90011e-15 0 1.92431e-15 0 1.94855e-15 0 1.97061e-15 0 1.9927e-15 0 2.0137e-15 0 2.03362e-15 0 2.05356e-15 0 2.07241e-15 0 2.09072e-15 0 2.10849e-15 0 2.12572e-15 0 2.14241e-15 0 2.1591e-15 0 2.1747e-15 0 2.1903e-15 0 2.2048e-15 0 2.21931e-15 0 2.23383e-15 0 2.24835e-15 0 2.26177e-15 0 2.27519e-15 0 2.28806e-15 0 2.30094e-15 0 2.31326e-15 0 2.32559e-15 0 2.33792e-15 0 2.3497e-15 0 2.36149e-15 0 2.37271e-15 0 2.38394e-15 0 2.39518e-15 0 2.40642e-15 0 2.41654e-15 0 2.42666e-15 0 2.43791e-15 0 2.44804e-15 0 2.45705e-15 0 2.46719e-15 0 2.47733e-15 0 2.48635e-15 0 2.49649e-15 0 2.50552e-15 0
475.588 4.77778e-17 4.77778e-17 6.18146e-26 1.2938e-09 -3.95613e-06 5.65878e-18 1.96474e-18 3.80103e-17 1.72974e-17 1.44792e-16 1.03224e-16 2.94696e-16 2.52727e-16 3.8458e-16 3.45426e-16 4.45103e-16 4.08145e-16 4.91792e-16 4.56568e-16 5.30389e-16 4.96421e-16 6.63289e-16 6.3327e-16 8.16304e-16 7.90357e-16 9.15403e-16 8.919e-16 9.90609e-16 9.68329e-16 1.0512e-15 0 1.10231e-15 0 1.14693e-15 0 1.18655e-15 0 1.2219e-15 0 1.25414e-15 0 1.28404e-15 0 1.31159e-15 0 1.33757e-15 0 1.36116e-15 0 1.38398e-15 0 1.4052e-15 0 1.42564e-15 0 1.44529e-15 0 1.46332e-15 0 1.48138e-15 0 1.49781e-15 0 1.51426e-15 0 1.5299e-15 0 1.54474e-15 0 1.55958e-15 0 1.57361e-15 0 1.58724e-15 0 1.60047e-15 0 1.61329e-15 0 1.62571e-15 0 1.63814e-15 0 1.64974e-15 0 1.66135e-15 0 1.67214e-15 0 1.68294e-15 0 1.69374e-15 0 1.70454e-15 0 1.71452e-15 0 1.72451e-15 0 1.73408e-15 0 1.74366e-15 0 1.75282e-15 0 1.76199e-15 0 1.77116e-15 0 1.77992e-15 0 1.78869e-15 0 1.79703e-15 0 1.80539e-15 0 1.81374e-15 0 1.8221e-15 0 1.82962e-15 0 1.83715e-15 0 1.84551e-15 0 1.85304e-15 0 1.85974e-15 0 1.86728e-15 0 1.87481e-15 0 1.88152e-15 0 1.88906e-15 0 1.89576e-15 0
500 4.30876e-17 4.30876e-17 5.05777e-26 1.17383e-09 -3.78202e-06 5.33706e-18 1.70512e-18 3.27799e-17 1.47015e-17 1.17886e-16 8.43743e-17 2.33596e-16 2.00931e-16 3.02097e-16 2.71948e-16 3.47996e-16 3.19687e-16 3.83307e-16 3.56416e-16 4.12446e-16 3.86575e-16 5.12478e-16 4.89761e-16 6.27219e-16 6.07683e-16 7.01349e-16 6.83696e-16 7.57532e-16 7.40823e-16 8.02753e-16 0 8.40876e-16 0 8.74141e-16 0 9.03665e-16 0 9.29997e-16 0 9.54005e-16 0 9.76268e-16 0 9.96772e-16 0 1.01611e-15 0 1.03366e-15 0 1.05064e-15 0 1.06642e-15 0 1.08163e-15 0 1.09624e-15 0 1.10964e-15 0 1.12307e-15 0 1.13528e-15 0 1.14751e-15 0 1.15913e-15 0 1.17016e-15 0 1.18119e-15 0 1.19161e-15 0 1.20174e-15 0 1.21157e-15 0 1.22109e-15 0 1.23032e-15 0 1.23955e-15 0 1.24817e-15 0 1.25679e-15 0 1.2648e-15 0 1.27282e-15 0 1.28084e-15 0 1.28887e-15 0 1.29628e-15 0 1.30369e-15 0 1.3108e-15 0 1.31791e-15 0 1.32471e-15 0 1.33152e-15 0 1.33833e-15 0 1.34483e-15 0 1.35133e-15 0 1.35753e-15 0 1.36373e-15 0 1.36993e-15 0 1.37613e-15 0 1.38171e-15 0 1.3873e-15 0 1.39351e-15 0 1.39909e-15 0 1.40406e-15 0 1.40966e-15 0 1.41525e-15 0 1.42022e-15 0 1.42582e-15 0 1.43079e-15 0
525.665 3.90965e-17 3.90965e-17 4.14095e-26 1.05916e-09 -3.53376e-06 4.9934e-18 1.48404e-18 2.81804e-17 1.25037e-17 9.60052e-17 6.90228e-17 1.8552e-16 1.60062e-16 2.37895e-16 2.14627e-16 2.72833e-16 2.51088e-16 2.99644e-16 2.79051e-16 3.21731e-16 3.01963e-16 3.9735e-16 3.80094e-16 4.83794e-16 4.69022e-16 5.39519e-16 5.26199e-16 5.817e-16 5.69111e-16 6.15625e-16 0 6.44207e-16 0 6.69135e-16 0 6.91251e-16 0 7.10971e-16 0 7.28944e-16 0 7.45608e-16 0 7.60951e-16 0 7.75418e-16 0 7.8855e-16 0 8.01247e-16 0 8.13053e-16 0 8.24419e-16 0 8.35343e-16 0 8.45367e-16 0 8.554e-16 0 8.6453e-16 0 8.73668e-16 0 8.82356e-16 0 8.90592e-16 0 8.98835e-16 0 9.06625e-16 0 9.14191e-16 0 9.21532e-16 0 9.28648e-16 0 9.35538e-16 0 9.42432e-16 0 9.48869e-16 0 9.5531e-16 0 9.61294e-16 0 9.6728e-16 0 9.73269e-16 0 9.7926e-16 0 9.84793e-16 0 9.90328e-16 0 9.95634e-16 0 1.00094e-15 0 1.00602e-15 0 1.0111e-15 0 1.01619e-15 0 1.02104e-15 0 1.02589e-15 0 1.03052e-15 0 1.03515e-15 0 1.03977e-15 0 1.0444e-15 0 1.04857e-15 0 1.05274e-15 0 1.05737e-15 0 1.06154e-15 0 1.06525e-15 0 1.06942e-15 0 1.0736e-15 0 1.07731e-15 0 1.08148e-15 0 1.0852e-15 0
552.648 3.54291e-17 3.54291e-17 3.38939e-26 9.56669e-10 -3.31935e-06 4.60372e-18 1.28619e-18 2.39846e-17 1.0565e-17 7.7657e-17 5.61067e-17 1.4657e-16 1.26839e-16 1.86459e-16 1.68587e-16 2.12958e-16 1.9633e-16 2.33248e-16 2.17543e-16 2.49938e-16 2.34892e-16 3.06936e-16 2.93871e-16 3.7189e-16 3.60753e-16 4.13678e-16 4.03655e-16 4.45274e-16 4.35815e-16 4.70667e-16 0 4.9205e-16 0 5.10691e-16 0 5.27224e-16 0 5.4196e-16 0 5.55389e-16 0 5.67836e-16 0 5.79295e-16 0 5.90098e-16 0 5.99902e-16 0 6.0938e-16 0 6.18192e-16 0 6.26674e-16 0 6.34826e-16 0 6.42305e-16 0 6.49791e-16 0 6.56602e-16 0 6.63419e-16 0 6.69899e-16 0 6.76042e-16 0 6.8219e-16 0 6.87999e-16 0 6.93641e-16 0 6.99115e-16 0 7.04421e-16 0 7.09558e-16 0 7.14698e-16 0 7.19497e-16 0 7.24299e-16 0 7.28759e-16 0 7.33221e-16 0 7.37685e-16 0 7.42151e-16 0 7.46275e-16 0 7.504e-16 0 7.54354e-16 0 7.5831e-16 0 7.62096e-16 0 7.65882e-16 0 7.69669e-16 0 7.73286e-16 0 7.76903e-16 0 7.80349e-16 0 7.83797e-16 0 7.87245e-16 0 7.90693e-16 0 7.93798e-16 0 7.96904e-16 0 8.00355e-16 0 8.03462e-16 0 8.06225e-16 0 8.09333e-16 0 8.12442e-16 0 8.15206e-16 0 8.18316e-16 0 8.21082e-16 0
581.015 3.2062e-17 3.2062e-17 2.77353e-26 8.65051e-10 -3.10047e-06 4.18521e-18 1.11027e-18 2.02187e-17 8.86933e-18 6.24073e-17 4.53263e-17 1.15214e-16 1.00003e-16 1.45479e-16 1.31814e-16 1.65511e-16 1.52847e-16 1.80816e-16 1.68886e-16 1.93388e-16 1.81979e-16 2.36229e-16 2.2637e-16 2.84911e-16 2.76538e-16 3.16173e-16 3.08652e-16 3.39787e-16 3.32697e-16 3.58752e-16 0 3.74714e-16 0 3.88624e-16 0 4.00956e-16 0 4.11947e-16 0 4.21959e-16 0 4.31238e-16 0 4.39779e-16 0 4.47829e-16 0 4.55134e-16 0 4.62196e-16 0 4.6876e-16 0 4.75079e-16 0 4.8115e-16 0 4.8672e-16 0 4.92294e-16 0 4.97366e-16 0 5.02441e-16 0 5.07266e-16 0 5.11839e-16 0 5.16415e-16 0 5.2074e-16 0 5.24939e-16 0 5.29013e-16 0 5.32962e-16 0 5.36785e-16 0 5.4061e-16 0 5.44181e-16 0 5.47754e-16 0 5.51073e-16 0 5.54393e-16 0 5.57714e-16 0 5.61037e-16 0 5.64105e-16 0 5.67174e-16 0 5.70116e-16 0 5.73058e-16 0 5.75874e-16 0 5.78691e-16 0 5.81508e-16 0 5.84198e-16 0 5.86888e-16 0 5.89452e-16 0 5.92015e-16 0 5.9458e-16 0 5.97145e-16 0 5.99454e-16 0 6.01763e-16 0 6.0433e-16 0 6.06641e-16 0 6.08695e-16 0 6.11006e-16 0 6.13318e-16 0 6.15373e-16 0 6.17686e-16 0 6.19742e-16 0
610.839 2.8979e-17 2.8979e-17 2.27001e-26 7.83331e-10 -2.92026e-06 3.75469e-18 9.54934e-19 1.68918e-17 7.39983e-18 4.98485e-17 3.64045e-17 9.01417e-17 7.84716e-17 1.13027e-16 1.02621e-16 1.28121e-16 1.18514e-16 1.39633e-16 1.30603e-16 1.49078e-16 1.40456e-16 1.81193e-16 1.73776e-16 2.17595e-16 2.11317e-16 2.40932e-16 2.35302e-16 2.58543e-16 2.53242e-16 2.72679e-16 0 2.84571e-16 0 2.94931e-16 0 3.04113e-16 0 3.12294e-16 0 3.19746e-16 0 3.2665e-16 0 3.33004e-16 0 3.38993e-16 0 3.44426e-16 0 3.49678e-16 0 3.54559e-16 0 3.59257e-16 0 3.63771e-16 0 3.67912e-16 0 3.72056e-16 0 3.75826e-16 0 3.79598e-16 0 3.83184e-16 0 3.86583e-16 0 3.89983e-16 0 3.93197e-16 0 3.96317e-16 0 3.99345e-16 0 4.02278e-16 0 4.05119e-16 0 4.0796e-16 0 4.10614e-16 0 4.13268e-16 0 4.15733e-16 0 4.18199e-16 0 4.20666e-16 0 4.23134e-16 0 4.25413e-16 0 4.27692e-16 0 4.29877e-16 0 4.32063e-16 0 4.34154e-16 0 4.36246e-16 0 4.38338e-16 0 4.40335e-16 0 4.42333e-16 0 4.44237e-16 0 4.4614e-16 0 4.48044e-16 0 4.49949e-16 0 4.51663e-16 0 4.53378e-16 0 4.55284e-16 0 4.56999e-16 0 4.58524e-16 0 4.60241e-16 0 4.61957e-16 0 4.63483e-16 0 4.652e-16 0 4.66726e-16 0
642.193 2.61607e-17 2.61607e-17 1.85839e-26 7.10373e-10 -2.73807e-06 3.3264e-18 8.18512e-19 1.3993e-17 6.13676e-18 3.95889e-17 2.90763e-17 7.02118e-17 6.12988e-17 8.74607e-17 7.95683e-17 9.88027e-17 9.15393e-17 1.07438e-16 1.00625e-16 1.14514e-16 1.08019e-16 1.38531e-16 1.32966e-16 1.6569e-16 1.60995e-16 1.83075e-16 1.78871e-16 1.96185e-16 1.92229e-16 2.06701e-16 0 2.15544e-16 0 2.23246e-16 0 2.3007e-16 0 2.36149e-16 0 2.41685e-16 0 2.46813e-16 0 2.51532e-16 0 2.55979e-16 0 2.60014e-16 0 2.63913e-16 0 2.67537e-16 0 2.71024e-16 0 2.74374e-16 0 2.77448e-16 0 2.80523e-16 0 2.83321e-16 0 2.8612e-16 0 2.8878e-16 0 2.91302e-16 0 2.93825e-16 0 2.96209e-16 0 2.98524e-16 0 3.0077e-16 0 3.02946e-16 0 3.05053e-16 0 3.07161e-16 0 3.09129e-16 0 3.11097e-16 0 3.12926e-16 0 3.14755e-16 0 3.16585e-16 0 3.18415e-16 0 3.20104e-16 0 3.21795e-16 0 3.23415e-16 0 3.25036e-16 0 3.26586e-16 0 3.28137e-16 0 3.29688e-16 0 3.31169e-16 0 3.32651e-16 0 3.34062e-16 0 3.35473e-16 0 3.36885e-16 0 3.38297e-16 0 3.39568e-16 0 3.40839e-16 0 3.42252e-16 0 3.43524e-16 0 3.44654e-16 0 3.45926e-16 0 3.47198e-16 0 3.4833e-16 0 3.49602e-16 0 3.50734e-16 0
675.157 2.35846e-17 2.35846e-17 1.52099e-26 6.4491e-10 -2.55141e-06 2.91158e-18 6.99142e-19 1.14971e-17 5.05873e-18 3.12651e-17 2.30959e-17 5.44483e-17 4.76705e-17 6.7408e-17 6.1444e-17 7.59055e-17 7.04334e-17 8.2365e-17 7.7242e-17 8.76525e-17 8.27756e-17 1.05569e-16 1.01406e-16 1.25787e-16 1.22284e-16 1.38711e-16 1.35578e-16 1.48449e-16 1.45504e-16 1.56257e-16 0 1.6282e-16 0 1.68534e-16 0 1.73597e-16 0 1.78105e-16 0 1.8221e-16 0 1.86013e-16 0 1.89511e-16 0 1.92807e-16 0 1.95797e-16 0 1.98687e-16 0 2.01372e-16 0 2.03956e-16 0 2.06439e-16 0 2.08716e-16 0 2.10994e-16 0 2.13067e-16 0 2.1514e-16 0 2.17111e-16 0 2.18979e-16 0 2.20847e-16 0 2.22613e-16 0 2.24327e-16 0 2.2599e-16 0 2.27602e-16 0 2.29162e-16 0 2.30723e-16 0 2.3218e-16 0 2.33637e-16 0 2.34991e-16 0 2.36345e-16 0 2.377e-16 0 2.39055e-16 0 2.40306e-16 0 2.41557e-16 0 2.42757e-16 0 2.43956e-16 0 2.45104e-16 0 2.46252e-16 0 2.474e-16 0 2.48497e-16 0 2.49593e-16 0 2.50638e-16 0 2.51682e-16 0 2.52727e-16 0 2.53772e-16 0 2.54713e-16 0 2.55654e-16 0 2.56699e-16 0 2.5764e-16 0 2.58477e-16 0 2.59419e-16 0 2.6036e-16 0 2.61197e-16 0 2.62139e-16 0 2.62976e-16 0
709.813 2.12876e-17 2.12876e-17 1.24455e-26 5.84637e-10 -2.38998e-06 2.52583e-18 5.96643e-19 9.39701e-18 4.15622e-18 2.46226e-17 1.82952e-17 4.21539e-17 3.70079e-17 5.18866e-17 4.73843e-17 5.82517e-17 5.41321e-17 6.30833e-17 5.92332e-17 6.70346e-17 6.33739e-17 8.04029e-17 7.7288e-17 9.54588e-17 9.28448e-17 1.05071e-16 1.02736e-16 1.12309e-16 1.10116e-16 1.1811e-16 0 1.22984e-16 0 1.27227e-16 0 1.30985e-16 0 1.34331e-16 0 1.37377e-16 0 1.40198e-16 0 1.42794e-16 0 1.45239e-16 0 1.47457e-16 0 1.496e-16 0 1.51592e-16 0 1.53508e-16 0 1.55349e-16 0 1.57037e-16 0 1.58727e-16 0 1.60263e-16 0 1.618e-16 0 1.63261e-16 0 1.64646e-16 0 1.66031e-16 0 1.6734e-16 0 1.68611e-16 0 1.69843e-16 0 1.71038e-16 0 1.72194e-16 0 1.73351e-16 0 1.7443e-16 0 1.75511e-16 0 1.76514e-16 0 1.77517e-16 0 1.78521e-16 0 1.79525e-16 0 1.80452e-16 0 1.81379e-16 0 1.82268e-16 0 1.83157e-16 0 1.84007e-16 0 1.84858e-16 0 1.85709e-16 0 1.86521e-16 0 1.87333e-16 0 1.88107e-16 0 1.88881e-16 0 1.89655e-16 0 1.90429e-16 0 1.91126e-16 0 1.91823e-16 0 1.92597e-16 0 1.93295e-16 0 1.93914e-16 0 1.94612e-16 0 1.95309e-16 0 1.95929e-16 0 1.96627e-16 0 1.97247e-16 0
746.248 1.93218e-17 1.93218e-17 1.01889e-26 5.2733e-10 -2.20768e-06 2.18248e-18 5.10923e-19 7.67701e-18 3.41876e-18 1.9427e-17 1.45191e-17 3.27303e-17 2.88112e-17 4.00692e-17 3.66582e-17 4.48576e-17 4.17443e-17 4.84877e-17 4.55826e-17 5.14537e-17 4.86947e-17 6.14748e-17 5.91341e-17 7.27411e-17 7.07815e-17 7.99259e-17 7.81775e-17 8.53325e-17 8.36917e-17 8.96638e-17 0 9.33024e-17 0 9.64687e-17 0 9.92727e-17 0 1.01769e-16 0 1.04041e-16 0 1.06145e-16 0 1.08081e-16 0 1.09904e-16 0 1.11558e-16 0 1.13156e-16 0 1.14641e-16 0 1.16069e-16 0 1.17441e-16 0 1.187e-16 0 1.19959e-16 0 1.21104e-16 0 1.2225e-16 0 1.23339e-16 0 1.2437e-16 0 1.25403e-16 0 1.26378e-16 0 1.27325e-16 0 1.28243e-16 0 1.29133e-16 0 1.29995e-16 0 1.30856e-16 0 1.31661e-16 0 1.32466e-16 0 1.33213e-16 0 1.33961e-16 0 1.34708e-16 0 1.35456e-16 0 1.36147e-16 0 1.36837e-16 0 1.37499e-16 0 1.38161e-16 0 1.38795e-16 0 1.39428e-16 0 1.40062e-16 0 1.40667e-16 0 1.41272e-16 0 1.41848e-16 0 1.42425e-16 0 1.43001e-16 0 1.43578e-16 0 1.44097e-16 0 1.44616e-16 0 1.45193e-16 0 1.45712e-16 0 1.46173e-16 0 1.46693e-16 0 1.47212e-16 0 1.47674e-16 0 1.48193e-16 0 1.48655e-16 0
784.553 1.75148e-17 1.75148e-17 8.34084e-27 4.76217e-10 -2.04816e-06 1.86648e-18 4.35972e-19 6.22832e-18 2.79657e-18 1.52543e-17 1.14667e-17 2.53168e-17 2.23426e-17 3.0836e-17 2.82597e-17 3.44293e-17 3.20833e-17 3.71502e-17 3.49642e-17 3.93717e-17 3.72977e-17 4.68676e-17 4.5113e-17 5.52817e-17 5.38157e-17 6.0642e-17 5.93354e-17 6.46734e-17 6.34481e-17 6.79018e-17 0 7.06132e-17 0 7.29721e-17 0 7.50607e-17 0 7.69198e-17 0 7.86119e-17 0 8.01787e-17 0 8.16198e-17 0 8.29772e-17 0 8.42083e-17 0 8.53977e-17 0 8.65028e-17 0 8.7566e-17 0 8.85871e-17 0 8.95237e-17 0 9.04606e-17 0 9.13127e-17 0 9.21652e-17 0 9.29753e-17 0 9.3743e-17 0 9.4511e-17 0 9.52366e-17 0 9.5941e-17 0 9.66243e-17 0 9.72863e-17 0 9.79272e-17 0 9.85683e-17 0 9.91667e-17 0 9.97653e-17 0 1.00321e-16 0 1.00877e-16 0 1.01433e-16 0 1.0199e-16 0 1.02503e-16 0 1.03017e-16 0 1.03509e-16 0 1.04002e-16 0 1.04473e-16 0 1.04944e-16 0 1.05415e-16 0 1.05865e-16 0 1.06315e-16 0 1.06744e-16 0 1.07172e-16 0 1.07601e-16 0 1.0803e-16 0 1.08416e-16 0 1.08802e-16 0 1.09231e-16 0 1.09617e-16 0 1.0996e-16 0 1.10346e-16 0 1.10732e-16 0 1.11075e-16 0 1.11462e-16 0 1.11805e-16 0
824.824 1.58555e-17 1.58555e-17 6.82615e-27 4.30522e-10 -1.87849e-06 1.58063e-18 3.70627e-19 5.01947e-18 2.27513e-18 1.19226e-17 9.01362e-18 1.95102e-17 1.72608e-17 2.36501e-17 2.17101e-17 2.63402e-17 2.45773e-17 2.8375e-17 2.67345e-17 3.00351e-17 2.84801e-17 3.56305e-17 3.43181e-17 4.19021e-17 4.08078e-17 4.58938e-17 4.49194e-17 4.88945e-17 4.79811e-17 5.12965e-17 0 5.33134e-17 0 5.50678e-17 0 5.66209e-17 0 5.80032e-17 0 5.92611e-17 0 6.04258e-17 0 6.14969e-17 0 6.25058e-17 0 6.34207e-17 0 6.43046e-17 0 6.51258e-17 0 6.59158e-17 0 6.66745e-17 0 6.73704e-17 0 6.80665e-17 0 6.86995e-17 0 6.93328e-17 0 6.99346e-17 0 7.05049e-17 0 7.10754e-17 0 7.16143e-17 0 7.21376e-17 0 7.26451e-17 0 7.31368e-17 0 7.36128e-17 0 7.40889e-17 0 7.45334e-17 0 7.49779e-17 0 7.53908e-17 0 7.58038e-17 0 7.62168e-17 0 7.66299e-17 0 7.70113e-17 0 7.73927e-17 0 7.77583e-17 0 7.8124e-17 0 7.84738e-17 0 7.88237e-17 0 7.91736e-17 0 7.95076e-17 0 7.98417e-17 0 8.01599e-17 0 8.04782e-17 0 8.07965e-17 0 8.11149e-17 0 8.14014e-17 0 8.1688e-17 0 8.20064e-17 0 8.2293e-17 0 8.25478e-17 0 8.28345e-17 0 8.31212e-17 0 8.33761e-17 0 8.36629e-17 0 8.39178e-17 0
867.163 1.43347e-17 1.43347e-17 5.58589e-27 3.89677e-10 -1.73427e-06 1.32616e-18 3.13845e-19 4.01982e-18 1.84109e-18 9.27765e-18 7.05352e-18 1.49824e-17 1.32867e-17 1.80801e-17 1.66234e-17 2.00895e-17 1.87682e-17 2.16079e-17 2.03798e-17 2.28459e-17 2.16828e-17 2.70142e-17 2.60348e-17 3.16802e-17 3.08649e-17 3.46475e-17 3.39221e-17 3.6877e-17 3.61975e-17 3.86612e-17 0 4.0159e-17 0 4.14616e-17 0 4.26146e-17 0 4.36406e-17 0 4.45743e-17 0 4.54387e-17 0 4.62336e-17 0 4.69822e-17 0 4.76611e-17 0 4.83169e-17 0 4.89261e-17 0 4.95122e-17 0 5.00751e-17 0 5.05913e-17 0 5.11076e-17 0 5.15772e-17 0 5.20469e-17 0 5.24933e-17 0 5.29163e-17 0 5.33394e-17 0 5.37391e-17 0 5.41271e-17 0 5.45035e-17 0 5.48682e-17 0 5.52212e-17 0 5.55743e-17 0 5.59039e-17 0 5.62335e-17 0 5.65397e-17 0 5.68459e-17 0 5.71521e-17 0 5.74584e-17 0 5.77412e-17 0 5.80241e-17 0 5.82951e-17 0 5.85663e-17 0 5.88256e-17 0 5.9085e-17 0 5.93445e-17 0 5.95921e-17 0 5.98398e-17 0 6.00757e-17 0 6.03117e-17 0 6.05477e-17 0 6.07837e-17 0 6.09961e-17 0 6.12086e-17 0 6.14446e-17 0 6.16571e-17 0 6.1846e-17 0 6.20586e-17 0 6.22711e-17 0 6.246e-17 0 6.26726e-17 0 6.28616e-17 0
911.674 1.29452e-17 1.29452e-17 4.5736e-27 3.53304e-10 -1.60112e-06 1.1031e-18 2.6472e-19 3.20066e-18 1.48244e-18 7.1906e-18 5.49692e-18 1.14687e-17 1.01939e-17 1.37816e-17 1.26905e-17 1.52795e-17 1.42915e-17 1.64105e-17 1.54931e-17 1.7332e-17 1.64639e-17 2.04318e-17 1.97023e-17 2.38976e-17 2.32913e-17 2.61e-17 2.55609e-17 2.77541e-17 2.72494e-17 2.90774e-17 0 3.01881e-17 0 3.11539e-17 0 3.20087e-17 0 3.27692e-17 0 3.34613e-17 0 3.41019e-17 0 3.46909e-17 0 3.52457e-17 0 3.57487e-17 0 3.62346e-17 0 3.6686e-17 0 3.71203e-17 0 3.75373e-17 0 3.79197e-17 0 3.83022e-17 0 3.865e-17 0 3.8998e-17 0 3.93286e-17 0 3.96419e-17 0 3.99553e-17 0 4.02514e-17 0 4.05388e-17 0 4.08176e-17 0 4.10876e-17 0 4.13491e-17 0 4.16106e-17 0 4.18547e-17 0 4.20988e-17 0 4.23255e-17 0 4.25523e-17 0 4.27791e-17 0 4.30059e-17 0 4.32153e-17 0 4.34247e-17 0 4.36255e-17 0 4.38262e-17 0 4.40183e-17 0 4.42104e-17 0 4.44025e-17 0 4.45859e-17 0 4.47693e-17 0 4.4944e-17 0 4.51187e-17 0 4.52934e-17 0 4.54681e-17 0 4.56254e-17 0 4.57827e-17 0 4.59575e-17 0 4.61148e-17 0 4.62547e-17 0 4.6412e-17 0 4.65694e-17 0 4.67093e-17 0 4.68667e-17 0 4.70066e-17 0
958.471 1.16748e-17 1.16748e-17 3.74372e-27 3.20666e-10 -1.46821e-06 9.09873e-19 2.22306e-19 2.53387e-18 1.18758e-18 5.55051e-18 4.26592e-18 8.75016e-18 7.79466e-18 1.04732e-17 9.658e-18 1.15875e-17 1.08505e-17 1.24281e-17 1.17444e-17 1.31127e-17 1.24662e-17 1.54135e-17 1.48712e-17 1.79832e-17 1.75332e-17 1.9615e-17 1.92152e-17 2.08402e-17 2.04659e-17 2.18201e-17 0 2.26423e-17 0 2.33573e-17 0 2.39899e-17 0 2.45528e-17 0 2.50649e-17 0 2.55389e-17 0 2.59747e-17 0 2.63852e-17 0 2.67573e-17 0 2.71168e-17 0 2.74507e-17 0 2.77719e-17 0 2.80804e-17 0 2.83633e-17 0 2.86462e-17 0 2.89035e-17 0 2.91608e-17 0 2.94054e-17 0 2.96371e-17 0 2.98689e-17 0 3.00878e-17 0 3.03004e-17 0 3.05065e-17 0 3.07062e-17 0 3.08996e-17 0 3.10929e-17 0 3.12734e-17 0 3.14539e-17 0 3.16216e-17 0 3.17893e-17 0 3.1957e-17 0 3.21247e-17 0 3.22795e-17 0 3.24344e-17 0 3.25828e-17 0 3.27312e-17 0 3.28732e-17 0 3.30152e-17 0 3.31573e-17 0 3.32929e-17 0 3.34285e-17 0 3.35576e-17 0 3.36868e-17 0 3.38159e-17 0 3.39451e-17 0 3.40614e-17 0 3.41777e-17 0 3.43069e-17 0 3.44232e-17 0 3.45266e-17 0 3.46429e-17 0 3.47593e-17 0 3.48627e-17 0 3.4979e-17 0 3.50825e-17 0
1007.67 1.05261e-17 1.05261e-17 3.06359e-27 2.91046e-10 -1.32474e-06 7.45316e-19 1.86024e-19 1.99719e-18 9.47647e-19 4.2724e-18 3.30074e-18 6.66191e-18 5.94692e-18 7.94405e-18 7.33586e-18 8.77209e-18 8.22302e-18 9.39632e-18 8.88745e-18 9.90445e-18 9.42353e-18 1.16109e-17 1.12082e-17 1.35149e-17 1.31811e-17 1.47232e-17 1.44268e-17 1.56301e-17 1.53528e-17 1.63552e-17 0 1.69637e-17 0 1.74926e-17 0 1.79606e-17 0 1.83769e-17 0 1.87557e-17 0 1.91063e-17 0 1.94286e-17 0 1.97321e-17 0 2.00073e-17 0 2.02731e-17 0 2.052e-17 0 2.07575e-17 0 2.09856e-17 0 2.11947e-17 0 2.14039e-17 0 2.15941e-17 0 2.17843e-17 0 2.19651e-17 0 2.21364e-17 0 2.23077e-17 0 2.24696e-17 0 2.26267e-17 0 2.27791e-17 0 2.29267e-17 0 2.30696e-17 0 2.32125e-17 0 2.3346e-17 0 2.34794e-17 0 2.36033e-17 0 2.37272e-17 0 2.38512e-17 0 2.39751e-17 0 2.40896e-17 0 2.4204e-17 0 2.43137e-17 0 2.44234e-17 0 2.45284e-17 0 2.46333e-17 0 2.47383e-17 0 2.48385e-17 0 2.49387e-17 0 2.50341e-17 0 2.51296e-17 0 2.5225e-17 0 2.53205e-17 0 2.54064e-17 0 2.54924e-17 0 2.55879e-17 0 2.56738e-17 0 2.57502e-17 0 2.58362e-17 0 2.59221e-17 0 2.59986e-17 0 2.60845e-17 0 2.6161e-17 0
1059.39 9.53537e-18 9.53537e-18 2.50766e-27 2.62986e-10 -1.25403e-06 6.09592e-19 1.55855e-19 1.57553e-18 7.57098e-19 3.29626e-18 2.55947e-18 5.08722e-18 4.55036e-18 6.04505e-18 5.58961e-18 6.6629e-18 6.25226e-18 7.12837e-18 6.7481e-18 7.5071e-18 7.14793e-18 8.77809e-18 8.47777e-18 1.0195e-17 9.94636e-18 1.10936e-17 1.0873e-17 1.17679e-17 1.15616e-17 1.2307e-17 0 1.27592e-17 0 1.31522e-17 0 1.35e-17 0 1.38093e-17 0 1.40908e-17 0 1.43512e-17 0 1.45907e-17 0 1.48161e-17 0 1.50206e-17 0 1.5218e-17 0 1.54014e-17 0 1.55778e-17 0 1.57472e-17 0 1.59025e-17 0 1.60578e-17 0 1.61991e-17 0 1.63404e-17 0 1.64746e-17 0 1.66019e-17 0 1.67291e-17 0 1.68493e-17 0 1.69659e-17 0 1.70791e-17 0 1.71887e-17 0 1.72948e-17 0 1.7401e-17 0 1.75e-17 0 1.75991e-17 0 1.76911e-17 0 1.77831e-17 0 1.78751e-17 0 1.79672e-17 0 1.80521e-17 0 1.81371e-17 0 1.82186e-17 0 1.83e-17 0 1.83779e-17 0 1.84559e-17 0 1.85338e-17 0 1.86082e-17 0 1.86826e-17 0 1.87534e-17 0 1.88243e-17 0 1.88952e-17 0 1.8966e-17 0 1.90298e-17 0 1.90936e-17 0 1.91645e-17 0 1.92283e-17 0 1.9285e-17 0 1.93489e-17 0 1.94127e-17 0 1.94694e-17 0 1.95332e-17 0 1.959e-17 0
1113.77 8.62743e-18 8.62743e-18 2.05306e-27 2.37969e-10 -1.15318e-06 4.95074e-19 1.29942e-19 1.23691e-18 6.02087e-19 2.53439e-18 1.9775e-18 3.87377e-18 3.47162e-18 4.58796e-18 4.24764e-18 5.04815e-18 4.74166e-18 5.39464e-18 5.11102e-18 5.67644e-18 5.4087e-18 6.62156e-18 6.398e-18 7.67433e-18 7.48945e-18 8.34171e-18 8.17772e-18 8.84229e-18 8.68898e-18 9.24243e-18 0 9.57805e-18 0 9.86974e-18 0 1.01278e-17 0 1.03573e-17 0 1.05661e-17 0 1.07593e-17 0 1.0937e-17 0 1.11042e-17 0 1.12559e-17 0 1.14023e-17 0 1.15384e-17 0 1.16692e-17 0 1.17949e-17 0 1.191e-17 0 1.20253e-17 0 1.213e-17 0 1.22348e-17 0 1.23344e-17 0 1.24287e-17 0 1.25231e-17 0 1.26122e-17 0 1.26987e-17 0 1.27826e-17 0 1.28639e-17 0 1.29426e-17 0 1.30213e-17 0 1.30948e-17 0 1.31682e-17 0 1.32365e-17 0 1.33047e-17 0 1.33729e-17 0 1.34412e-17 0 1.35042e-17 0 1.35672e-17 0 1.36276e-17 0 1.3688e-17 0 1.37457e-17 0 1.38035e-17 0 1.38613e-17 0 1.39165e-17 0 1.39716e-17 0 1.40242e-17 0 1.40767e-17 0 1.41292e-17 0 1.41818e-17 0 1.42291e-17 0 1.42764e-17 0 1.43289e-17 0 1.43763e-17 0 1.44183e-17 0 1.44656e-17 0 1.45129e-17 0 1.4555e-17 0 1.46023e-17 0 1.46444e-17 0
1170.94 7.7954e-18 7.7954e-18 1.68037e-27 2.15559e-10 -1.07639e-06 3.99324e-19 1.07776e-19 9.66473e-19 4.76601e-19 1.94188e-18 1.52232e-18 2.94128e-18 2.64077e-18 3.47274e-18 3.219e-18 3.81486e-18 3.58658e-18 4.0723e-18 3.8612e-18 4.28161e-18 4.08242e-18 4.98319e-18 4.81708e-18 5.76412e-18 5.62688e-18 6.25893e-18 6.13726e-18 6.62999e-18 6.51627e-18 6.92654e-18 0 7.17524e-18 0 7.39137e-18 0 7.58256e-18 0 7.75261e-18 0 7.90728e-18 0 8.05042e-18 0 8.18201e-18 0 8.3059e-18 0 8.41822e-18 0 8.52669e-18 0 8.62745e-18 0 8.72435e-18 0 8.8174e-18 0 8.90271e-18 0 8.98804e-18 0 9.06562e-18 0 9.14323e-18 0 9.21696e-18 0 9.28682e-18 0 9.35669e-18 0 9.42269e-18 0 9.48676e-18 0 9.54889e-18 0 9.60909e-18 0 9.66735e-18 0 9.72562e-18 0 9.78001e-18 0 9.83441e-18 0 9.88492e-18 0 9.93545e-18 0 9.98597e-18 0 1.00365e-17 0 1.00831e-17 0 1.01298e-17 0 1.01745e-17 0 1.02192e-17 0 1.0262e-17 0 1.03048e-17 0 1.03475e-17 0 1.03884e-17 0 1.04292e-17 0 1.04681e-17 0 1.0507e-17 0 1.05459e-17 0 1.05848e-17 0 1.06198e-17 0 1.06548e-17 0 1.06938e-17 0 1.07288e-17 0 1.07599e-17 0 1.07949e-17 0 1.083e-17 0 1.08611e-17 0 1.08961e-17 0 1.09273e-17 0
1231.05 7.0448e-18 7.0448e-18 1.37502e-27 1.95183e-10 -9.88859e-07 3.2049e-19 8.90524e-20 7.5289e-19 3.76143e-19 1.4852e-18 1.16958e-18 2.23043e-18 2.00605e-18 2.62576e-18 2.43668e-18 2.88001e-18 2.71007e-18 3.07125e-18 2.91419e-18 3.22668e-18 3.07854e-18 3.74738e-18 3.62398e-18 4.3266e-18 4.22474e-18 4.69345e-18 4.60318e-18 4.96848e-18 4.88413e-18 5.18825e-18 0 5.37255e-18 0 5.53269e-18 0 5.67434e-18 0 5.80032e-18 0 5.91491e-18 0 6.02095e-18 0 6.11842e-18 0 6.21019e-18 0 6.29338e-18 0 6.37373e-18 0 6.44836e-18 0 6.52013e-18 0 6.58904e-18 0 6.65222e-18 0 6.71542e-18 0 6.77288e-18 0 6.83035e-18 0 6.88495e-18 0 6.93669e-18 0 6.98843e-18 0 7.03731e-18 0 7.08475e-18 0 7.13076e-18 0 7.17534e-18 0 7.21849e-18 0 7.26163e-18 0 7.30191e-18 0 7.34219e-18 0 7.37959e-18 0 7.417e-18 0 7.45441e-18 0 7.49183e-18 0 7.52637e-18 0 7.56091e-18 0 7.59401e-18 0 7.62712e-18 0 7.65879e-18 0 7.69046e-18 0 7.72214e-18 0 7.75237e-18 0 7.78261e-18 0 7.81141e-18 0 7.84021e-18 0 7.86901e-18 0 7.89782e-18 0 7.92374e-18 0 7.94967e-18 0 7.97848e-18 0 8.0044e-18 0 8.02745e-18 0 8.05338e-18 0 8.07932e-18 0 8.10237e-18 0 8.1283e-18 0 8.15135e-18 0
1294.24 6.38303e-18 6.38303e-18 1.12578e-27 1.76371e-10 -8.94014e-07 2.56642e-19 7.34735e-20 5.86278e-19 2.96725e-19 1.13675e-18 8.99078e-19 1.69348e-18 1.52565e-18 1.98816e-18 1.84699e-18 2.17752e-18 2.05076e-18 2.31989e-18 2.20279e-18 2.43556e-18 2.32517e-18 2.82291e-18 2.73104e-18 3.25352e-18 3.17774e-18 3.52614e-18 3.45902e-18 3.73049e-18 3.66779e-18 3.89376e-18 0 4.03066e-18 0 4.14961e-18 0 4.25481e-18 0 4.34838e-18 0 4.43347e-18 0 4.51222e-18 0 4.5846e-18 0 4.65275e-18 0 4.71452e-18 0 4.77418e-18 0 4.82959e-18 0 4.88288e-18 0 4.93405e-18 0 4.98096e-18 0 5.02788e-18 0 5.07054e-18 0 5.1132e-18 0 5.15374e-18 0 5.19215e-18 0 5.23056e-18 0 5.26685e-18 0 5.30207e-18 0 5.33623e-18 0 5.36932e-18 0 5.40135e-18 0 5.43338e-18 0 5.46328e-18 0 5.49318e-18 0 5.52095e-18 0 5.54871e-18 0 5.57649e-18 0 5.60426e-18 0 5.6299e-18 0 5.65554e-18 0 5.68011e-18 0 5.70469e-18 0 5.72819e-18 0 5.7517e-18 0 5.77521e-18 0 5.79766e-18 0 5.8201e-18 0 5.84148e-18 0 5.86286e-18 0 5.88424e-18 0 5.90562e-18 0 5.92486e-18 0 5.9441e-18 0 5.96548e-18 0 5.98473e-18 0 6.00184e-18 0 6.02108e-18 0 6.04033e-18 0 6.05744e-18 0 6.07669e-18 0 6.0938e-18 0
1360.67 5.77818e-18 5.77818e-18 9.21594e-28 1.59495e-10 -7.62306e-07 2.04398e-19 6.03162e-20 4.54849e-19 2.33181e-19 8.67754e-19 6.89185e-19 1.283e-18 1.15768e-18 1.50235e-18 1.39712e-18 1.6432e-18 1.54878e-18 1.74905e-18 1.66188e-18 1.83504e-18 1.75287e-18 2.12283e-18 2.05452e-18 2.4426e-18 2.3863e-18 2.64498e-18 2.59513e-18 2.79665e-18 2.75009e-18 2.91782e-18 0 3.0194e-18 0 3.10766e-18 0 3.18571e-18 0 3.25513e-18 0 3.31826e-18 0 3.37668e-18 0 3.43037e-18 0 3.48092e-18 0 3.52675e-18 0 3.571e-18 0 3.6121e-18 0 3.65163e-18 0 3.68958e-18 0 3.72437e-18 0 3.75917e-18 0 3.79081e-18 0 3.82246e-18 0 3.85253e-18 0 3.88101e-18 0 3.9095e-18 0 3.93641e-18 0 3.96253e-18 0 3.98787e-18 0 4.01241e-18 0 4.03616e-18 0 4.05992e-18 0 4.08209e-18 0 4.10426e-18 0 4.12485e-18 0 4.14545e-18 0 4.16604e-18 0 4.18664e-18 0 4.20565e-18 0 4.22467e-18 0 4.24289e-18 0 4.26111e-18 0 4.27854e-18 0 4.29598e-18 0 4.31341e-18 0 4.33006e-18 0 4.3467e-18 0 4.36255e-18 0 4.3784e-18 0 4.39426e-18 0 4.41011e-18 0 4.42438e-18 0 4.43865e-18 0 4.4545e-18 0 4.46877e-18 0 4.48146e-18 0 4.49573e-18 0 4.51e-18 0 4.52269e-18 0 4.53696e-18 0 4.54965e-18 0
1430.51 5.22371e-18 5.22371e-18 7.54247e-28 1.44389e-10 -7.38291e-07 1.61883e-19 4.92446e-20 3.51489e-19 1.82487e-19 6.60442e-19 5.26631e-19 9.69559e-19 8.7618e-19 1.13255e-18 1.05425e-18 1.23714e-18 1.16694e-18 1.31571e-18 1.25093e-18 1.37952e-18 1.31848e-18 1.59301e-18 1.54231e-18 1.83011e-18 1.78835e-18 1.98012e-18 1.94315e-18 2.09252e-18 2.058e-18 2.18231e-18 0 2.25758e-18 0 2.32297e-18 0 2.3808e-18 0 2.43222e-18 0 2.47899e-18 0 2.52226e-18 0 2.56204e-18 0 2.59949e-18 0 2.63343e-18 0 2.66621e-18 0 2.69665e-18 0 2.72592e-18 0 2.75403e-18 0 2.77981e-18 0 2.80558e-18 0 2.82901e-18 0 2.85245e-18 0 2.87472e-18 0 2.89582e-18 0 2.91692e-18 0 2.93685e-18 0 2.95619e-18 0 2.97495e-18 0 2.99313e-18 0 3.01072e-18 0 3.02831e-18 0 3.04473e-18 0 3.06115e-18 0 3.0764e-18 0 3.09165e-18 0 3.1069e-18 0 3.12215e-18 0 3.13623e-18 0 3.15031e-18 0 3.16381e-18 0 3.1773e-18 0 3.19021e-18 0 3.20312e-18 0 3.21603e-18 0 3.22836e-18 0 3.24068e-18 0 3.25242e-18 0 3.26416e-18 0 3.2759e-18 0 3.28764e-18 0 3.2982e-18 0 3.30877e-18 0 3.32051e-18 0 3.33108e-18 0 3.34047e-18 0 3.35104e-18 0 3.36161e-18 0 3.371e-18 0 3.38157e-18 0 3.39096e-18 0
1503.94 4.71819e-18 4.71819e-18 6.17235e-28 1.3082e-10 -6.81193e-07 1.27585e-19 4.00031e-20 2.70704e-19 1.423e-19 5.01431e-19 4.01366e-19 7.31207e-19 6.61734e-19 8.5216e-19 7.9399e-19 9.29731e-19 8.77606e-19 9.87985e-19 9.39901e-19 1.03528e-18 9.89993e-19 1.19348e-18 1.15588e-18 1.36909e-18 1.33814e-18 1.48016e-18 1.45277e-18 1.56337e-18 1.5378e-18 1.62984e-18 0 1.68555e-18 0 1.73395e-18 0 1.77675e-18 0 1.81481e-18 0 1.84942e-18 0 1.88145e-18 0 1.91088e-18 0 1.93859e-18 0 1.96371e-18 0 1.98796e-18 0 2.01049e-18 0 2.03215e-18 0 2.05295e-18 0 2.07202e-18 0 2.09109e-18 0 2.10843e-18 0 2.12577e-18 0 2.14225e-18 0 2.15786e-18 0 2.17347e-18 0 2.18821e-18 0 2.20253e-18 0 2.21641e-18 0 2.22985e-18 0 2.24287e-18 0 2.25588e-18 0 2.26803e-18 0 2.28018e-18 0 2.29146e-18 0 2.30275e-18 0 2.31403e-18 0 2.32531e-18 0 2.33573e-18 0 2.34615e-18 0 2.35613e-18 0 2.36611e-18 0 2.37566e-18 0 2.38521e-18 0 2.39476e-18 0 2.40388e-18 0 2.413e-18 0 2.42168e-18 0 2.43037e-18 0 2.43905e-18 0 2.44774e-18 0 2.45555e-18 0 2.46337e-18 0 2.47205e-18 0 2.47987e-18 0 2.48682e-18 0 2.49464e-18 0 2.50246e-18 0 2.50941e-18 0 2.51722e-18 0 2.52417e-18 0
1581.14 4.28094e-18 4.28094e-18 5.05395e-28 1.18057e-10 -6.80279e-07 1.00632e-19 3.25094e-20 2.08947e-19 1.11179e-19 3.81875e-19 3.06785e-19 5.53363e-19 5.01471e-19 6.43497e-19 6.00102e-19 7.01271e-19 6.62409e-19 7.44646e-19 7.08809e-19 7.79856e-19 7.46109e-19 8.97582e-19 8.69589e-19 1.02821e-18 1.00518e-18 1.11082e-18 1.09044e-18 1.1727e-18 1.15368e-18 1.22211e-18 0 1.26354e-18 0 1.29952e-18 0 1.33133e-18 0 1.35963e-18 0 1.38536e-18 0 1.40916e-18 0 1.43104e-18 0 1.45164e-18 0 1.4703e-18 0 1.48833e-18 0 1.50508e-18 0 1.52118e-18 0 1.53664e-18 0 1.55081e-18 0 1.56498e-18 0 1.57787e-18 0 1.59076e-18 0 1.603e-18 0 1.6146e-18 0 1.6262e-18 0 1.63716e-18 0 1.6478e-18 0 1.65812e-18 0 1.66811e-18 0 1.67778e-18 0 1.68745e-18 0 1.69648e-18 0 1.70551e-18 0 1.71389e-18 0 1.72228e-18 0 1.73066e-18 0 1.73905e-18 0 1.74679e-18 0 1.75453e-18 0 1.76195e-18 0 1.76937e-18 0 1.77646e-18 0 1.78356e-18 0 1.79066e-18 0 1.79743e-18 0 1.80421e-18 0 1.81066e-18 0 1.81712e-18 0 1.82357e-18 0 1.83002e-18 0 1.83583e-18 0 1.84164e-18 0 1.84809e-18 0 1.8539e-18 0 1.85906e-18 0 1.86487e-18 0 1.87068e-18 0 1.87585e-18 0 1.88166e-18 0 1.88682e-18 0
1662.3 3.87928e-18 3.87928e-18 4.13701e-28 1.06644e-10 -5.90678e-07 7.89954e-20 2.62794e-20 1.60726e-19 8.65384e-20 2.90059e-19 2.33837e-19 4.17824e-19 3.79134e-19 4.84886e-19 4.52568e-19 5.2785e-19 4.98923e-19 5.60097e-19 5.3343e-19 5.86269e-19 5.61164e-19 6.73751e-19 6.5294e-19 7.70789e-19 7.53675e-19 8.32137e-19 8.16997e-19 8.78085e-19 8.63955e-19 9.14777e-19 0 9.45531e-19 0 9.72244e-19 0 9.95866e-19 0 1.01687e-18 0 1.03597e-18 0 1.05364e-18 0 1.06988e-18 0 1.08517e-18 0 1.09903e-18 0 1.11241e-18 0 1.12484e-18 0 1.13679e-18 0 1.14826e-18 0 1.15878e-18 0 1.1693e-18 0 1.17887e-18 0 1.18843e-18 0 1.19752e-18 0 1.20613e-18 0 1.21474e-18 0 1.22287e-18 0 1.23077e-18 0 1.23843e-18 0 1.24584e-18 0 1.25302e-18 0 1.2602e-18 0 1.2669e-18 0 1.2736e-18 0 1.27982e-18 0 1.28604e-18 0 1.29227e-18 0 1.29849e-18 0 1.30424e-18 0 1.30998e-18 0 1.31549e-18 0 1.32099e-18 0 1.32626e-18 0 1.33153e-18 0 1.33679e-18 0 1.34182e-18 0 1.34685e-18 0 1.35164e-18 0 1.35643e-18 0 1.36122e-18 0 1.366e-18 0 1.37032e-18 0 1.37463e-18 0 1.37942e-18 0 1.38373e-18 0 1.38756e-18 0 1.39187e-18 0 1.39618e-18 0 1.40001e-18 0 1.40432e-18 0 1.40816e-18 0
1747.63 3.51062e-18 3.51062e-18 3.38549e-28 9.64356e-11 -5.27699e-07 6.17243e-20 2.11307e-20 1.23216e-19 6.71096e-20 2.19741e-19 1.77739e-19 3.14764e-19 2.85971e-19 3.64579e-19 3.40551e-19 3.96478e-19 3.74982e-19 4.20415e-19 4.00605e-19 4.3984e-19 4.21194e-19 5.0475e-19 4.89302e-19 5.76727e-19 5.64028e-19 6.22221e-19 6.1099e-19 6.56291e-19 6.45811e-19 6.83496e-19 0 7.06297e-19 0 7.26102e-19 0 7.43613e-19 0 7.59183e-19 0 7.73342e-19 0 7.86441e-19 0 7.9848e-19 0 8.09813e-19 0 8.20085e-19 0 8.30004e-19 0 8.39215e-19 0 8.48074e-19 0 8.56578e-19 0 8.64375e-19 0 8.72173e-19 0 8.79262e-19 0 8.86352e-19 0 8.93088e-19 0 8.9947e-19 0 9.05852e-19 0 9.1188e-19 0 9.17731e-19 0 9.23405e-19 0 9.28902e-19 0 9.34222e-19 0 9.39543e-19 0 9.44509e-19 0 9.49475e-19 0 9.54086e-19 0 9.58698e-19 0 9.6331e-19 0 9.67922e-19 0 9.72179e-19 0 9.76437e-19 0 9.80517e-19 0 9.84598e-19 0 9.88501e-19 0 9.92404e-19 0 9.96308e-19 0 1.00003e-18 0 1.00376e-18 0 1.00731e-18 0 1.01086e-18 0 1.01441e-18 0 1.01796e-18 0 1.02115e-18 0 1.02435e-18 0 1.02789e-18 0 1.03109e-18 0 1.03393e-18 0 1.03712e-18 0 1.04032e-18 0 1.04316e-18 0 1.04635e-18 0 1.04919e-18 0
1837.33 3.17324e-18 3.17324e-18 2.7712e-28 8.73303e-11 -4.73796e-07 4.80238e-20 1.6905e-20 9.41681e-20 5.18634e-20 1.66072e-19 1.34754e-19 2.36633e-19 2.15239e-19 2.73583e-19 2.55746e-19 2.97234e-19 2.81284e-19 3.14978e-19 3.00283e-19 3.29375e-19 3.15546e-19 3.77473e-19 3.66021e-19 4.30791e-19 4.21381e-19 4.64485e-19 4.56164e-19 4.89716e-19 4.81952e-19 5.09861e-19 0 5.26744e-19 0 5.41408e-19 0 5.54374e-19 0 5.65902e-19 0 5.76384e-19 0 5.86082e-19 0 5.94995e-19 0 6.03385e-19 0 6.1099e-19 0 6.18333e-19 0 6.25152e-19 0 6.3171e-19 0 6.38006e-19 0 6.43778e-19 0 6.4955e-19 0 6.54798e-19 0 6.60047e-19 0 6.65033e-19 0 6.69757e-19 0 6.74482e-19 0 6.78944e-19 0 6.83275e-19 0 6.87475e-19 0 6.91544e-19 0 6.95482e-19 0 6.99421e-19 0 7.03096e-19 0 7.06772e-19 0 7.10186e-19 0 7.136e-19 0 7.17013e-19 0 7.20427e-19 0 7.23579e-19 0 7.2673e-19 0 7.2975e-19 0 7.32771e-19 0 7.3566e-19 0 7.38549e-19 0 7.41439e-19 0 7.44197e-19 0 7.46955e-19 0 7.49582e-19 0 7.52209e-19 0 7.54835e-19 0 7.57463e-19 0 7.59827e-19 0 7.62191e-19 0 7.64819e-19 0 7.67183e-19 0 7.69285e-19 0 7.7165e-19 0 7.74014e-19 0 7.76116e-19 0 7.78481e-19 0 7.80583e-19 0
1931.64 2.86486e-18 2.86486e-18 2.26885e-28 7.91959e-11 -4.4714e-07 3.72119e-20 1.34573e-20 7.17526e-20 3.99463e-20 1.25217e-19 1.01912e-19 1.77534e-19 1.61663e-19 2.04902e-19 1.91681e-19 2.22413e-19 2.10596e-19 2.35549e-19 2.24663e-19 2.46204e-19 2.35962e-19 2.81797e-19 2.73319e-19 3.21241e-19 3.14278e-19 3.46164e-19 3.40008e-19 3.64825e-19 3.59082e-19 3.79723e-19 0 3.92209e-19 0 4.03053e-19 0 4.12641e-19 0 4.21165e-19 0 4.28916e-19 0 4.36087e-19 0 4.42678e-19 0 4.48881e-19 0 4.54504e-19 0 4.59934e-19 0 4.64976e-19 0 4.69824e-19 0 4.74479e-19 0 4.78747e-19 0 4.83015e-19 0 4.86895e-19 0 4.90775e-19 0 4.94462e-19 0 4.97955e-19 0 5.01447e-19 0 5.04746e-19 0 5.07949e-19 0 5.11054e-19 0 5.14062e-19 0 5.16974e-19 0 5.19885e-19 0 5.22603e-19 0 5.25321e-19 0 5.27844e-19 0 5.30368e-19 0 5.32892e-19 0 5.35416e-19 0 5.37745e-19 0 5.40075e-19 0 5.42308e-19 0 5.44541e-19 0 5.46677e-19 0 5.48813e-19 0 5.50949e-19 0 5.52988e-19 0 5.55027e-19 0 5.56969e-19 0 5.58911e-19 0 5.60853e-19 0 5.62795e-19 0 5.64543e-19 0 5.66291e-19 0 5.68233e-19 0 5.69981e-19 0 5.71535e-19 0 5.73283e-19 0 5.75031e-19 0 5.76585e-19 0 5.78333e-19 0 5.79887e-19 0
2030.79 2.60266e-18 2.60266e-18 1.85704e-28 7.13516e-11 -4.37226e-07 2.8936e-20 1.07406e-20 5.49223e-20 3.08961e-20 9.49026e-20 7.74618e-20 1.33923e-19 1.2208e-19 1.54316e-19 1.44458e-19 1.67361e-19 1.58552e-19 1.77143e-19 1.69031e-19 1.85079e-19 1.77447e-19 2.11578e-19 2.05265e-19 2.40939e-19 2.35755e-19 2.59488e-19 2.54905e-19 2.73375e-19 2.691e-19 2.84462e-19 0 2.93752e-19 0 3.01821e-19 0 3.08955e-19 0 3.15297e-19 0 3.21064e-19 0 3.264e-19 0 3.31303e-19 0 3.35919e-19 0 3.40102e-19 0 3.44141e-19 0 3.47893e-19 0 3.515e-19 0 3.54963e-19 0 3.58138e-19 0 3.61313e-19 0 3.642e-19 0 3.67086e-19 0 3.69829e-19 0 3.72427e-19 0 3.75026e-19 0 3.7748e-19 0 3.79862e-19 0 3.82172e-19 0 3.8441e-19 0 3.86576e-19 0 3.88742e-19 0 3.90764e-19 0 3.92785e-19 0 3.94663e-19 0 3.9654e-19 0 3.98418e-19 0 4.00295e-19 0 4.02028e-19 0 4.03761e-19 0 4.05422e-19 0 4.07083e-19 0 4.08672e-19 0 4.10261e-19 0 4.1185e-19 0 4.13367e-19 0 4.14884e-19 0 4.16328e-19 0 4.17773e-19 0 4.19218e-19 0 4.20662e-19 0 4.21962e-19 0 4.23263e-19 0 4.24707e-19 0 4.26008e-19 0 4.27164e-19 0 4.28464e-19 0 4.29764e-19 0 4.3092e-19 0 4.32221e-19 0 4.33376e-19 0
2135.03 2.40325e-18 2.40325e-18 1.51958e-28 6.32302e-11 -2.33715e-07 2.28117e-20 8.68227e-21 4.26615e-20 2.42406e-20 7.3033e-20 5.97749e-20 1.02605e-19 9.36257e-20 1.18048e-19 1.10579e-19 1.27923e-19 1.21251e-19 1.35327e-19 1.29184e-19 1.41333e-19 1.35554e-19 1.61384e-19 1.56605e-19 1.83596e-19 1.79673e-19 1.97626e-19 1.94159e-19 2.08129e-19 2.04895e-19 2.16514e-19 0 2.2354e-19 0 2.29642e-19 0 2.35037e-19 0 2.39834e-19 0 2.44195e-19 0 2.48229e-19 0 2.51937e-19 0 2.55427e-19 0 2.5859e-19 0 2.61645e-19 0 2.64481e-19 0 2.67209e-19 0 2.69828e-19 0 2.72228e-19 0 2.74629e-19 0 2.76812e-19 0 2.78995e-19 0 2.81068e-19 0 2.83033e-19 0 2.84998e-19 0 2.86853e-19 0 2.88654e-19 0 2.90401e-19 0 2.92093e-19 0 2.93731e-19 0 2.95369e-19 0 2.96897e-19 0 2.98426e-19 0 2.99845e-19 0 3.01265e-19 0 3.02684e-19 0 3.04104e-19 0 3.05414e-19 0 3.06724e-19 0 3.0798e-19 0 3.09236e-19 0 3.10437e-19 0 3.11639e-19 0 3.1284e-19 0 3.13987e-19 0 3.15134e-19 0 3.16226e-19 0 3.17318e-19 0 3.1841e-19 0 3.19502e-19 0 3.20486e-19 0 3.21469e-19 0 3.22561e-19 0 3.23544e-19 0 3.24418e-19 0 3.25401e-19 0 3.26384e-19 0 3.27258e-19 0 3.28241e-19 0 3.29115e-19 0
2244.63 2.21706e-18 2.21706e-18 1.24417e-28 5.61182e-11 -2.50571e-07 1.79239e-20 6.98813e-21 3.30573e-20 1.89653e-20 5.60969e-20 4.60331e-20 7.84823e-20 7.16823e-20 9.0163e-20 8.45103e-20 9.76304e-20 9.25824e-20 1.03229e-19 9.85818e-20 1.07769e-19 1.03398e-19 1.22926e-19 1.19312e-19 1.39712e-19 1.36747e-19 1.50314e-19 1.47693e-19 1.5825e-19 1.55805e-19 1.64585e-19 0 1.69893e-19 0 1.74503e-19 0 1.78579e-19 0 1.82203e-19 0 1.85497e-19 0 1.88545e-19 0 1.91346e-19 0 1.93983e-19 0 1.96372e-19 0 1.9868e-19 0 2.00822e-19 0 2.02883e-19 0 2.04861e-19 0 2.06675e-19 0 2.08488e-19 0 2.10137e-19 0 2.11786e-19 0 2.13352e-19 0 2.14836e-19 0 2.1632e-19 0 2.17722e-19 0 2.19083e-19 0 2.20402e-19 0 2.2168e-19 0 2.22917e-19 0 2.24154e-19 0 2.25309e-19 0 2.26463e-19 0 2.27536e-19 0 2.28608e-19 0 2.2968e-19 0 2.30752e-19 0 2.31742e-19 0 2.32732e-19 0 2.3368e-19 0 2.34629e-19 0 2.35536e-19 0 2.36444e-19 0 2.37351e-19 0 2.38217e-19 0 2.39084e-19 0 2.39909e-19 0 2.40734e-19 0 2.41559e-19 0 2.42384e-19 0 2.43126e-19 0 2.43869e-19 0 2.44694e-19 0 2.45436e-19 0 2.46096e-19 0 2.46839e-19 0 2.47582e-19 0 2.48242e-19 0 2.48984e-19 0 2.49644e-19 0
2359.84 2.04306e-18 2.04306e-18 1.01854e-28 4.98537e-11 -2.43259e-07 1.40365e-20 5.60015e-21 2.55513e-20 1.47953e-20 4.30023e-20 3.53753e-20 5.9925e-20 5.47825e-20 6.87493e-20 6.44768e-20 7.43892e-20 7.05748e-20 7.86168e-20 7.51061e-20 8.2045e-20 7.87436e-20 9.34882e-20 9.07596e-20 1.06159e-19 1.03921e-19 1.14161e-19 1.12183e-19 1.20151e-19 1.18306e-19 1.24932e-19 0 1.28938e-19 0 1.32417e-19 0 1.35492e-19 0 1.38227e-19 0 1.40713e-19 0 1.43013e-19 0 1.45126e-19 0 1.47116e-19 0 1.48919e-19 0 1.5066e-19 0 1.52277e-19 0 1.53832e-19 0 1.55324e-19 0 1.56693e-19 0 1.58061e-19 0 1.59305e-19 0 1.60549e-19 0 1.61731e-19 0 1.62851e-19 0 1.63971e-19 0 1.65029e-19 0 1.66055e-19 0 1.67051e-19 0 1.68015e-19 0 1.68948e-19 0 1.69882e-19 0 1.70753e-19 0 1.71624e-19 0 1.72433e-19 0 1.73242e-19 0 1.74051e-19 0 1.7486e-19 0 1.75607e-19 0 1.76354e-19 0 1.77069e-19 0 1.77785e-19 0 1.7847e-19 0 1.79154e-19 0 1.79839e-19 0 1.80493e-19 0 1.81146e-19 0 1.81769e-19 0 1.82391e-19 0 1.83013e-19 0 1.83636e-19 0 1.84196e-19 0 1.84756e-19 0 1.85379e-19 0 1.85939e-19 0 1.86437e-19 0 1.86997e-19 0 1.87558e-19 0 1.88056e-19 0 1.88616e-19 0 1.89114e-19 0
2480.97 1.88055e-18 1.88055e-18 8.33592e-29 4.4327e-11 -3.25967e-07 1.09564e-20 4.46873e-21 1.97007e-20 1.15093e-20 3.28984e-20 2.71274e-20 4.56741e-20 4.17906e-20 5.23318e-20 4.9107e-20 5.6586e-20 5.37076e-20 5.97746e-20 5.71257e-20 6.236e-20 5.98693e-20 7.09888e-20 6.89309e-20 8.0542e-20 7.88539e-20 8.65742e-20 8.50826e-20 9.10891e-20 8.96982e-20 9.4693e-20 0 9.77126e-20 0 1.00335e-19 0 1.02653e-19 0 1.04714e-19 0 1.06588e-19 0 1.08321e-19 0 1.09914e-19 0 1.11414e-19 0 1.12773e-19 0 1.14085e-19 0 1.15304e-19 0 1.16476e-19 0 1.176e-19 0 1.18632e-19 0 1.19663e-19 0 1.20601e-19 0 1.21538e-19 0 1.22429e-19 0 1.23273e-19 0 1.24117e-19 0 1.24914e-19 0 1.25688e-19 0 1.26438e-19 0 1.27165e-19 0 1.27868e-19 0 1.28571e-19 0 1.29228e-19 0 1.29885e-19 0 1.30494e-19 0 1.31104e-19 0 1.31714e-19 0 1.32323e-19 0 1.32886e-19 0 1.33449e-19 0 1.33988e-19 0 1.34528e-19 0 1.35044e-19 0 1.3556e-19 0 1.36076e-19 0 1.36568e-19 0 1.37061e-19 0 1.3753e-19 0 1.37999e-19 0 1.38468e-19 0 1.38937e-19 0 1.39359e-19 0 1.39781e-19 0 1.4025e-19 0 1.40673e-19 0 1.41048e-19 0 1.4147e-19 0 1.41892e-19 0 1.42268e-19 0 1.4269e-19 0 1.43065e-19 0
2608.32 1.72903e-18 1.72903e-18 6.8219e-29 3.94551e-11 -4.00465e-07 8.52571e-21 3.55131e-21 1.51538e-20 8.92851e-21 2.51201e-20 2.07601e-20 3.47525e-20 3.18236e-20 3.97693e-20 3.73383e-20 4.29743e-20 4.0805e-20 4.53763e-20 4.33802e-20 4.73237e-20 4.5447e-20 5.38226e-20 5.22723e-20 6.10165e-20 5.97451e-20 6.55586e-20 6.44353e-20 6.8958e-20 6.79106e-20 7.16714e-20 0 7.39448e-20 0 7.59191e-20 0 7.76644e-20 0 7.9216e-20 0 8.06267e-20 0 8.19317e-20 0 8.3131e-20 0 8.42598e-20 0 8.52829e-20 0 8.62708e-20 0 8.71881e-20 0 8.80702e-20 0 8.89171e-20 0 8.96934e-20 0 9.04698e-20 0 9.11756e-20 0 9.18814e-20 0 9.2552e-20 0 9.31873e-20 0 9.38226e-20 0 9.44226e-20 0 9.5005e-20 0 9.55698e-20 0 9.61169e-20 0 9.66464e-20 0 9.71759e-20 0 9.76701e-20 0 9.81643e-20 0 9.86233e-20 0 9.90822e-20 0 9.95412e-20 0 1e-19 0 1.00424e-19 0 1.00847e-19 0 1.01253e-19 0 1.01659e-19 0 1.02048e-19 0 1.02436e-19 0 1.02825e-19 0 1.03195e-19 0 1.03566e-19 0 1.03919e-19 0 1.04272e-19 0 1.04625e-19 0 1.04979e-19 0 1.05296e-19 0 1.05614e-19 0 1.05967e-19 0 1.06285e-19 0 1.06568e-19 0 1.06885e-19 0 1.07203e-19 0 1.07486e-19 0 1.07804e-19 0 1.08086e-19 0
2742.21 1.5881e-18 1.5881e-18 5.58572e-29 3.51723e-11 -2.73338e-07 6.61519e-21 2.81134e-21 1.16307e-20 6.90872e-21 1.91468e-20 1.58573e-20 2.64005e-20 2.41943e-20 3.01766e-20 2.83461e-20 3.25885e-20 3.09554e-20 3.43959e-20 3.28934e-20 3.58612e-20 3.44487e-20 4.07504e-20 3.95839e-20 4.6162e-20 4.52054e-20 4.95784e-20 4.87333e-20 5.21352e-20 5.13473e-20 5.4176e-20 0 5.58858e-20 0 5.73706e-20 0 5.86832e-20 0 5.98501e-20 0 6.0911e-20 0 6.18924e-20 0 6.27943e-20 0 6.36433e-20 0 6.44127e-20 0 6.51555e-20 0 6.58454e-20 0 6.65088e-20 0 6.71456e-20 0 6.77294e-20 0 6.83133e-20 0 6.8844e-20 0 6.93748e-20 0 6.98791e-20 0 7.03568e-20 0 7.08346e-20 0 7.12858e-20 0 7.17238e-20 0 7.21485e-20 0 7.25599e-20 0 7.29581e-20 0 7.33562e-20 0 7.37279e-20 0 7.40995e-20 0 7.44446e-20 0 7.47897e-20 0 7.51349e-20 0 7.548e-20 0 7.57986e-20 0 7.61171e-20 0 7.64225e-20 0 7.67278e-20 0 7.70198e-20 0 7.73119e-20 0 7.76039e-20 0 7.78827e-20 0 7.81615e-20 0 7.8427e-20 0 7.86925e-20 0 7.89581e-20 0 7.92236e-20 0 7.94625e-20 0 7.97015e-20 0 7.99671e-20 0 8.0206e-20 0 8.04185e-20 0 8.06574e-20 0 8.08964e-20 0 8.11089e-20 0 8.13479e-20 0 8.15603e-20 0
2882.97 1.45691e-18 1.45691e-18 4.57232e-29 3.13836e-11 -3.33922e-07 5.11769e-21 2.21688e-21 8.90613e-21 5.33161e-21 1.45659e-20 1.20879e-20 2.00211e-20 1.83615e-20 2.28595e-20 2.14831e-20 2.46722e-20 2.34445e-20 2.60305e-20 2.4901e-20 2.71316e-20 2.60699e-20 3.08053e-20 2.99287e-20 3.4871e-20 3.41523e-20 3.74375e-20 3.68026e-20 3.93582e-20 3.87663e-20 4.08912e-20 0 4.21756e-20 0 4.32909e-20 0 4.42768e-20 0 4.51533e-20 0 4.59502e-20 0 4.66874e-20 0 4.73648e-20 0 4.80025e-20 0 4.85804e-20 0 4.91384e-20 0 4.96565e-20 0 5.01548e-20 0 5.06331e-20 0 5.10716e-20 0 5.15101e-20 0 5.19088e-20 0 5.23075e-20 0 5.26862e-20 0 5.3045e-20 0 5.34038e-20 0 5.37428e-20 0 5.40717e-20 0 5.43907e-20 0 5.46997e-20 0 5.49987e-20 0 5.52978e-20 0 5.55769e-20 0 5.58561e-20 0 5.61153e-20 0 5.63745e-20 0 5.66337e-20 0 5.68929e-20 0 5.71321e-20 0 5.73714e-20 0 5.76007e-20 0 5.78301e-20 0 5.80494e-20 0 5.82687e-20 0 5.84881e-20 0 5.86975e-20 0 5.89069e-20 0 5.91063e-20 0 5.93057e-20 0 5.95051e-20 0 5.97045e-20 0 5.9884e-20 0 6.00635e-20 0 6.02629e-20 0 6.04424e-20 0 6.0602e-20 0 6.07814e-20 0 6.09609e-20 0 6.11205e-20 0 6.13e-20 0 6.14595e-20 0
3030.95 1.33493e-18 1.33493e-18 3.74176e-29 2.80295e-11 -1.89689e-07 3.94786e-21 1.7415e-21 6.80437e-21 4.10379e-21 1.106e-20 9.19617e-21 1.51569e-20 1.39103e-20 1.72878e-20 1.62542e-20 1.86484e-20 1.77266e-20 1.96678e-20 1.88199e-20 2.04942e-20 1.96972e-20 2.32511e-20 2.25931e-20 2.63017e-20 2.57624e-20 2.82274e-20 2.7751e-20 2.96684e-20 2.92242e-20 3.08185e-20 0 3.17821e-20 0 3.26188e-20 0 3.33585e-20 0 3.4016e-20 0 3.46139e-20 0 3.51669e-20 0 3.56751e-20 0 3.61535e-20 0 3.6587e-20 0 3.70056e-20 0 3.73943e-20 0 3.77681e-20 0 3.81269e-20 0 3.84558e-20 0 3.87848e-20 0 3.90838e-20 0 3.93829e-20 0 3.9667e-20 0 3.99362e-20 0 4.02054e-20 0 4.04596e-20 0 4.07063e-20 0 4.09456e-20 0 4.11774e-20 0 4.14018e-20 0 4.16261e-20 0 4.18355e-20 0 4.20449e-20 0 4.22393e-20 0 4.24337e-20 0 4.26282e-20 0 4.28226e-20 0 4.30021e-20 0 4.31816e-20 0 4.33536e-20 0 4.35256e-20 0 4.36902e-20 0 4.38547e-20 0 4.40193e-20 0 4.41763e-20 0 4.43334e-20 0 4.4483e-20 0 4.46326e-20 0 4.47821e-20 0 4.49317e-20 0 4.50664e-20 0 4.5201e-20 0 4.53506e-20 0 4.54852e-20 0 4.56049e-20 0 4.57396e-20 0 4.58742e-20 0 4.59939e-20 0 4.61285e-20 0 4.62482e-20 0
3186.53 1.22179e-18 1.22179e-18 3.06288e-29 2.50687e-11 -1.15424e-07 3.03731e-21 1.36317e-21 5.18766e-21 3.151e-21 8.38317e-21 6.98319e-21 1.14562e-20 1.05209e-20 1.30539e-20 1.22787e-20 1.4074e-20 1.33827e-20 1.48381e-20 1.42024e-20 1.54576e-20 1.486e-20 1.7524e-20 1.70308e-20 1.98104e-20 1.94061e-20 2.12535e-20 2.08964e-20 2.23334e-20 2.20005e-20 2.31953e-20 0 2.39174e-20 0 2.45444e-20 0 2.50986e-20 0 2.55914e-20 0 2.60393e-20 0 2.64537e-20 0 2.68346e-20 0 2.7193e-20 0 2.75178e-20 0 2.78315e-20 0 2.81228e-20 0 2.84028e-20 0 2.86717e-20 0 2.89182e-20 0 2.91647e-20 0 2.93888e-20 0 2.96128e-20 0 2.98257e-20 0 3.00274e-20 0 3.02291e-20 0 3.04196e-20 0 3.06045e-20 0 3.07838e-20 0 3.09575e-20 0 3.11256e-20 0 3.12937e-20 0 3.14506e-20 0 3.16075e-20 0 3.17531e-20 0 3.18988e-20 0 3.20445e-20 0 3.21902e-20 0 3.23247e-20 0 3.24592e-20 0 3.25881e-20 0 3.2717e-20 0 3.28402e-20 0 3.29635e-20 0 3.30868e-20 0 3.32045e-20 0 3.33222e-20 0 3.34343e-20 0 3.35463e-20 0 3.36584e-20 0 3.37705e-20 0 3.38714e-20 0 3.39723e-20 0 3.40844e-20 0 3.41852e-20 0 3.42749e-20 0 3.43758e-20 0 3.44767e-20 0 3.45663e-20 0 3.46672e-20 0 3.47569e-20 0
3350.09 1.11697e-18 1.11697e-18 2.50764e-29 2.24504e-11 4.89834e-08 2.33071e-21 1.06334e-21 3.94687e-21 2.41362e-21 6.34307e-21 5.29298e-21 8.64519e-21 7.9444e-21 9.84168e-21 9.26104e-21 1.06055e-20 1.00878e-20 1.11777e-20 1.07015e-20 1.16415e-20 1.1194e-20 1.31885e-20 1.28192e-20 1.49e-20 1.45974e-20 1.59803e-20 1.5713e-20 1.67886e-20 1.65394e-20 1.74337e-20 0 1.79742e-20 0 1.84435e-20 0 1.88583e-20 0 1.92271e-20 0 1.95624e-20 0 1.98726e-20 0 2.01576e-20 0 2.04259e-20 0 2.0669e-20 0 2.09038e-20 0 2.11218e-20 0 2.13314e-20 0 2.15326e-20 0 2.17171e-20 0 2.19016e-20 0 2.20693e-20 0 2.2237e-20 0 2.23963e-20 0 2.25473e-20 0 2.26982e-20 0 2.28408e-20 0 2.29792e-20 0 2.31134e-20 0 2.32434e-20 0 2.33692e-20 0 2.3495e-20 0 2.36124e-20 0 2.37298e-20 0 2.38389e-20 0 2.39479e-20 0 2.40569e-20 0 2.4166e-20 0 2.42666e-20 0 2.43673e-20 0 2.44637e-20 0 2.45602e-20 0 2.46525e-20 0 2.47447e-20 0 2.4837e-20 0 2.49251e-20 0 2.50132e-20 0 2.5097e-20 0 2.51809e-20 0 2.52648e-20 0 2.53487e-20 0 2.54242e-20 0 2.54997e-20 0 2.55836e-20 0 2.56591e-20 0 2.57262e-20 0 2.58017e-20 0 2.58772e-20 0 2.59443e-20 0 2.60198e-20 0 2.60869e-20 0
3522.05 1.01984e-18 1.01984e-18 2.0525e-29 2.01258e-11 -2.66575e-07 1.78378e-21 8.26581e-22 2.99643e-21 1.84426e-21 4.79064e-21 4.00416e-21 6.51288e-21 5.98853e-21 7.40772e-21 6.97337e-21 7.97889e-21 7.59165e-21 8.40674e-21 8.05064e-21 8.75353e-21 8.41886e-21 9.9102e-21 9.63404e-21 1.11898e-20 1.09635e-20 1.19973e-20 1.17975e-20 1.26016e-20 1.24153e-20 1.30839e-20 0 1.34879e-20 0 1.38387e-20 0 1.41488e-20 0 1.44245e-20 0 1.46751e-20 0 1.4907e-20 0 1.512e-20 0 1.53205e-20 0 1.55023e-20 0 1.56778e-20 0 1.58407e-20 0 1.59974e-20 0 1.61478e-20 0 1.62857e-20 0 1.64236e-20 0 1.6549e-20 0 1.66743e-20 0 1.67934e-20 0 1.69063e-20 0 1.70191e-20 0 1.71256e-20 0 1.72291e-20 0 1.73294e-20 0 1.74265e-20 0 1.75206e-20 0 1.76146e-20 0 1.77024e-20 0 1.77902e-20 0 1.78716e-20 0 1.79532e-20 0 1.80347e-20 0 1.81162e-20 0 1.81914e-20 0 1.82666e-20 0 1.83387e-20 0 1.84108e-20 0 1.84798e-20 0 1.85488e-20 0 1.86177e-20 0 1.86836e-20 0 1.87494e-20 0 1.88121e-20 0 1.88748e-20 0 1.89375e-20 0 1.90002e-20 0 1.90566e-20 0 1.9113e-20 0 1.91757e-20 0 1.92322e-20 0 1.92823e-20 0 1.93388e-20 0 1.93952e-20 0 1.94454e-20 0 1.95018e-20 0 1.9552e-20 0
3702.84 9.29966e-19 9.29966e-19 1.67952e-29 1.806e-11 2.45471e-07 1.36169e-21 6.40374e-22 2.27007e-21 1.40581e-21 3.61155e-21 3.02338e-21 4.89821e-21 4.50642e-21 5.56654e-21 5.24207e-21 5.9931e-21 5.70385e-21 6.3126e-21 6.04663e-21 6.57155e-21 6.3216e-21 7.43522e-21 7.229e-21 8.39059e-21 8.22163e-21 8.99352e-21 8.8443e-21 9.44465e-21 9.30555e-21 9.80468e-21 0 1.01063e-20 0 1.03682e-20 0 1.05997e-20 0 1.08055e-20 0 1.09926e-20 0 1.11657e-20 0 1.13248e-20 0 1.14745e-20 0 1.16101e-20 0 1.17411e-20 0 1.18628e-20 0 1.19797e-20 0 1.2092e-20 0 1.2195e-20 0 1.22979e-20 0 1.23915e-20 0 1.24851e-20 0 1.2574e-20 0 1.26582e-20 0 1.27424e-20 0 1.2822e-20 0 1.28992e-20 0 1.29741e-20 0 1.30466e-20 0 1.31168e-20 0 1.3187e-20 0 1.32525e-20 0 1.3318e-20 0 1.33789e-20 0 1.34397e-20 0 1.35006e-20 0 1.35614e-20 0 1.36176e-20 0 1.36737e-20 0 1.37275e-20 0 1.37814e-20 0 1.38328e-20 0 1.38843e-20 0 1.39358e-20 0 1.3985e-20 0 1.40341e-20 0 1.40809e-20 0 1.41277e-20 0 1.41745e-20 0 1.42213e-20 0 1.42634e-20 0 1.43056e-20 0 1.43524e-20 0 1.43945e-20 0 1.44319e-20 0 1.44741e-20 0 1.45162e-20 0 1.45536e-20 0 1.45958e-20 0 1.46332e-20 0
3892.91 8.47107e-19 8.47107e-19 1.37513e-29 1.62333e-11 -2.13419e-07 1.0371e-21 4.94605e-22 1.7166e-21 1.06931e-21 2.71837e-21 2.27906e-21 3.6785e-21 3.3861e-21 4.1771e-21 3.93499e-21 4.4953e-21 4.27949e-21 4.73362e-21 4.53519e-21 4.92678e-21 4.74031e-21 5.57096e-21 5.41713e-21 6.28349e-21 6.15746e-21 6.73314e-21 6.62185e-21 7.06958e-21 6.96584e-21 7.33808e-21 0 7.56301e-21 0 7.75831e-21 0 7.93096e-21 0 8.08444e-21 0 8.22397e-21 0 8.35303e-21 0 8.47164e-21 0 8.58328e-21 0 8.68445e-21 0 8.78214e-21 0 8.87285e-21 0 8.96007e-21 0 9.04381e-21 0 9.12057e-21 0 9.19733e-21 0 9.26712e-21 0 9.3369e-21 0 9.4032e-21 0 9.46601e-21 0 9.52882e-21 0 9.58814e-21 0 9.64572e-21 0 9.70155e-21 0 9.75564e-21 0 9.80799e-21 0 9.86033e-21 0 9.90919e-21 0 9.95804e-21 0 1.00034e-20 0 1.00488e-20 0 1.00941e-20 0 1.01395e-20 0 1.01814e-20 0 1.02233e-20 0 1.02634e-20 0 1.03035e-20 0 1.03419e-20 0 1.03803e-20 0 1.04187e-20 0 1.04554e-20 0 1.0492e-20 0 1.05269e-20 0 1.05618e-20 0 1.05967e-20 0 1.06316e-20 0 1.0663e-20 0 1.06944e-20 0 1.07293e-20 0 1.07607e-20 0 1.07887e-20 0 1.08201e-20 0 1.08515e-20 0 1.08794e-20 0 1.09108e-20 0 1.09387e-20 0
4092.73 7.70649e-19 7.70649e-19 1.12575e-29 1.46078e-11 -2.05526e-07 7.87981e-22 3.80815e-22 1.29546e-21 8.11484e-22 2.04248e-21 1.71483e-21 2.75799e-21 2.54006e-21 3.12946e-21 2.94906e-21 3.36652e-21 3.20572e-21 3.54406e-21 3.39621e-21 3.68794e-21 3.54902e-21 4.16779e-21 4.05319e-21 4.69851e-21 4.60463e-21 5.03342e-21 4.95052e-21 5.284e-21 5.20673e-21 5.48397e-21 0 5.6515e-21 0 5.79696e-21 0 5.92554e-21 0 6.03984e-21 0 6.14376e-21 0 6.23989e-21 0 6.32822e-21 0 6.41136e-21 0 6.48671e-21 0 6.55946e-21 0 6.62702e-21 0 6.69198e-21 0 6.75434e-21 0 6.81151e-21 0 6.86868e-21 0 6.92065e-21 0 6.97262e-21 0 7.022e-21 0 7.06878e-21 0 7.11555e-21 0 7.15973e-21 0 7.20261e-21 0 7.24419e-21 0 7.28447e-21 0 7.32346e-21 0 7.36244e-21 0 7.39882e-21 0 7.43521e-21 0 7.469e-21 0 7.50278e-21 0 7.53657e-21 0 7.57036e-21 0 7.60154e-21 0 7.63273e-21 0 7.66262e-21 0 7.69251e-21 0 7.7211e-21 0 7.74969e-21 0 7.77828e-21 0 7.80557e-21 0 7.83286e-21 0 7.85885e-21 0 7.88485e-21 0 7.91084e-21 0 7.93683e-21 0 7.96022e-21 0 7.98362e-21 0 8.00961e-21 0 8.033e-21 0 8.0538e-21 0 8.07719e-21 0 8.10058e-21 0 8.12138e-21 0 8.14477e-21 0 8.16557e-21 0
4302.81 7.00177e-19 7.00177e-19 9.21334e-30 1.31586e-11 -2.01689e-07 5.97275e-22 2.92303e-22 9.75691e-22 6.1443e-22 1.53194e-21 1.28792e-21 2.06442e-21 1.90222e-21 2.34081e-21 2.20656e-21 2.51717e-21 2.39752e-21 2.64925e-21 2.53925e-21 2.75629e-21 2.65293e-21 3.11325e-21 3.028e-21 3.50803e-21 3.4382e-21 3.75715e-21 3.69548e-21 3.94353e-21 3.88605e-21 4.09227e-21 0 4.21688e-21 0 4.32507e-21 0 4.42071e-21 0 4.50573e-21 0 4.58302e-21 0 4.65452e-21 0 4.72022e-21 0 4.78206e-21 0 4.8381e-21 0 4.89221e-21 0 4.94246e-21 0 4.99078e-21 0 5.03716e-21 0 5.07968e-21 0 5.1222e-21 0 5.16085e-21 0 5.19951e-21 0 5.23623e-21 0 5.27102e-21 0 5.30581e-21 0 5.33867e-21 0 5.37056e-21 0 5.40149e-21 0 5.43145e-21 0 5.46044e-21 0 5.48944e-21 0 5.5165e-21 0 5.54356e-21 0 5.56869e-21 0 5.59382e-21 0 5.61895e-21 0 5.64408e-21 0 5.66727e-21 0 5.69047e-21 0 5.7127e-21 0 5.73493e-21 0 5.75619e-21 0 5.77746e-21 0 5.79872e-21 0 5.81902e-21 0 5.83932e-21 0 5.85865e-21 0 5.87798e-21 0 5.89731e-21 0 5.91664e-21 0 5.93404e-21 0 5.95144e-21 0 5.97077e-21 0 5.98817e-21 0 6.00364e-21 0 6.02103e-21 0 6.03843e-21 0 6.0539e-21 0 6.0713e-21 0 6.08676e-21 0
4523.68 6.35348e-19 6.35348e-19 7.54004e-30 1.18676e-11 -4.72609e-07 4.51693e-22 2.23704e-22 7.3344e-22 4.64214e-22 1.14707e-21 9.65584e-22 1.54281e-21 1.42225e-21 1.74818e-21 1.64841e-21 1.87922e-21 1.79031e-21 1.97736e-21 1.89562e-21 2.05689e-21 1.98008e-21 2.32208e-21 2.25874e-21 2.61537e-21 2.56349e-21 2.80043e-21 2.75462e-21 2.93889e-21 2.89619e-21 3.04939e-21 0 3.14195e-21 0 3.22232e-21 0 3.29337e-21 0 3.35652e-21 0 3.41394e-21 0 3.46705e-21 0 3.51585e-21 0 3.56179e-21 0 3.60342e-21 0 3.64361e-21 0 3.68094e-21 0 3.71683e-21 0 3.75128e-21 0 3.78287e-21 0 3.81445e-21 0 3.84317e-21 0 3.87188e-21 0 3.89916e-21 0 3.925e-21 0 3.95084e-21 0 3.97525e-21 0 3.99894e-21 0 4.02191e-21 0 4.04417e-21 0 4.06571e-21 0 4.08724e-21 0 4.10735e-21 0 4.12745e-21 0 4.14611e-21 0 4.16478e-21 0 4.18345e-21 0 4.20211e-21 0 4.21934e-21 0 4.23657e-21 0 4.25309e-21 0 4.2696e-21 0 4.28539e-21 0 4.30119e-21 0 4.31698e-21 0 4.33206e-21 0 4.34714e-21 0 4.3615e-21 0 4.37586e-21 0 4.39022e-21 0 4.40458e-21 0 4.4175e-21 0 4.43042e-21 0 4.44478e-21 0 4.45771e-21 0 4.46919e-21 0 4.48212e-21 0 4.49504e-21 0 4.50653e-21 0 4.51945e-21 0 4.53094e-21 0
4755.88 5.75879e-19 5.75879e-19 6.17373e-30 1.07205e-11 3.03359e-07 3.40889e-22 1.70743e-22 5.50381e-22 3.50029e-22 8.57582e-22 7.22775e-22 1.15135e-21 1.06185e-21 1.30379e-21 1.22973e-21 1.40104e-21 1.33504e-21 1.47387e-21 1.4132e-21 1.53289e-21 1.47589e-21 1.72969e-21 1.68268e-21 1.94733e-21 1.90883e-21 2.08465e-21 2.05066e-21 2.18739e-21 2.15571e-21 2.26938e-21 0 2.33807e-21 0 2.3977e-21 0 2.45042e-21 0 2.49728e-21 0 2.53988e-21 0 2.57929e-21 0 2.61551e-21 0 2.64959e-21 0 2.68048e-21 0 2.7103e-21 0 2.738e-21 0 2.76463e-21 0 2.79019e-21 0 2.81363e-21 0 2.83707e-21 0 2.85837e-21 0 2.87968e-21 0 2.89992e-21 0 2.91909e-21 0 2.93827e-21 0 2.95638e-21 0 2.97396e-21 0 2.991e-21 0 3.00751e-21 0 3.02349e-21 0 3.03947e-21 0 3.05439e-21 0 3.0693e-21 0 3.08315e-21 0 3.097e-21 0 3.11085e-21 0 3.1247e-21 0 3.13749e-21 0 3.15027e-21 0 3.16253e-21 0 3.17478e-21 0 3.1865e-21 0 3.19822e-21 0 3.20994e-21 0 3.22112e-21 0 3.23231e-21 0 3.24297e-21 0 3.25362e-21 0 3.26427e-21 0 3.27493e-21 0 3.28452e-21 0 3.29411e-21 0 3.30476e-21 0 3.31435e-21 0 3.32287e-21 0 3.33246e-21 0 3.34205e-21 0 3.35058e-21 0 3.36017e-21 0 3.36869e-21 0
5000 5.21287e-19 5.21287e-19 5.05359e-30 9.69446e-12 2.61477e-07 2.56692e-22 1.29952e-22 4.12221e-22 2.63363e-22 6.40054e-22 5.40062e-22 8.57829e-22 7.91474e-22 9.70813e-22 9.15914e-22 1.04289e-21 9.93976e-22 1.09687e-21 1.0519e-21 1.14061e-21 1.09836e-21 1.28646e-21 1.25162e-21 1.44774e-21 1.41921e-21 1.54951e-21 1.52432e-21 1.62565e-21 1.60216e-21 1.6864e-21 0 1.7373e-21 0 1.78149e-21 0 1.82055e-21 0 1.85528e-21 0 1.88685e-21 0 1.91605e-21 0 1.94288e-21 0 1.96814e-21 0 1.99103e-21 0 2.01313e-21 0 2.03365e-21 0 2.05339e-21 0 2.07233e-21 0 2.0897e-21 0 2.10706e-21 0 2.12285e-21 0 2.13864e-21 0 2.15363e-21 0 2.16784e-21 0 2.18205e-21 0 2.19547e-21 0 2.2085e-21 0 2.22113e-21 0 2.23336e-21 0 2.2452e-21 0 2.25705e-21 0 2.2681e-21 0 2.27915e-21 0 2.28941e-21 0 2.29968e-21 0 2.30994e-21 0 2.3202e-21 0 2.32967e-21 0 2.33915e-21 0 2.34823e-21 0 2.35731e-21 0 2.36599e-21 0 2.37467e-21 0 2.38336e-21 0 2.39165e-21 0 2.39994e-21 0 2.40783e-21 0 2.41573e-21 0 2.42362e-21 0 2.43152e-21 0 2.43862e-21 0 2.44573e-21 0 2.45362e-21 0 2.46073e-21 0 2.46704e-21 0 2.47415e-21 0 2.48125e-21 0 2.48757e-21 0 2.49468e-21 0 2.50099e-21 0
