# 2.58365e-06 1 41 : grain size, compostion index, size index
# Heating and cooling timescale: 10.0676 73828.5
# Ratio of heating to cooling to determine stochastic cutoff: 100
# Equilibrium emission is recorded even for those grains in the stochastic regime.
# Emission spectrum was computed for: 
# Type: ISRF
# Scales: 0.25 0.5 1 1.5 2 2.5 3 3.5 4 4.5 5 5.5 6 6.5 7 7.5 8 8.5 9 9.5 10 10.5 11 11.5 12 12.5 13 13.5 14 14.5 15 15.5 16 16.5 17 17.5 18 18.5 19 19.5 20
# StochasticallyHeated: 1 0 0 0 0 0 0 0 0 0 0 0 0 0 0 0 0 0 0 0 0 0 0 0 0 0 0 0 0 0 0 0 0 0 0 0 0 0 0 0 0
# Temperature: -1
# Wavelength  CExt  CAbs  CSca  Albedo G EqEm1 StEm1 EqEm2 StEm2 EqEm3 StEm3 EqEm4 StEm4 EqEm5 StEm5 EqEm6 StEm6 EqEm7 StEm7 EqEm8 StEm8 EqEm9 StEm9 EqEm10 StEm10 EqEm11 StEm11 EqEm12 StEm12 EqEm13 StEm13 EqEm14 StEm14 EqEm15 StEm15 EqEm16 StEm16 EqEm17 StEm17 EqEm18 StEm18 EqEm19 StEm19 EqEm20 StEm20 EqEm21 StEm21 EqEm22 StEm22 EqEm23 StEm23 EqEm24 StEm24 EqEm25 StEm25 EqEm26 StEm26 EqEm27 StEm27 EqEm28 StEm28 EqEm29 StEm29 EqEm30 StEm30 EqEm31 StEm31 EqEm32 StEm32 EqEm33 StEm33 EqEm34 StEm34 EqEm35 StEm35 EqEm36 StEm36 EqEm37 StEm37 EqEm38 StEm38 EqEm39 StEm39 EqEm40 StEm40 EqEm41 StEm41
0.05 3.55969e-11 2.19414e-11 1.36555e-11 0.383614 0.798249 0 0 0 0 0 0 0 0 0 0 0 0 0 0 0 0 0 0 0 0 0 0 0 0 0 0 0 0 0 0 0 0 0 0 0 0 0 0 0 0 0 0 0 0 0 0 0 0 0 0 0 0 0 0 0 0 0 0 0 0 0 0 0 0 0 0 0 0 0 0 0 0 0 0 0 0 0 0 0 0 0 0
0.0525665 3.63427e-11 2.24344e-11 1.39083e-11 0.382698 0.782958 0 0 0 0 0 0 0 0 0 0 0 0 0 0 0 0 0 0 0 0 0 0 0 0 0 0 0 0 0 0 0 0 0 0 0 0 0 0 0 0 0 0 0 0 0 0 0 0 0 0 0 0 0 0 0 0 0 0 0 0 0 0 0 0 0 0 0 0 0 0 0 0 0 0 0 0 0 0 0 0 0 0
0.0552647 3.73383e-11 2.28964e-11 1.44419e-11 0.386785 0.764636 0 0 0 0 0 0 0 0 0 0 0 0 0 0 0 0 0 0 0 0 0 0 0 0 0 0 0 0 0 0 0 0 0 0 0 0 0 0 0 0 0 0 0 0 0 0 0 0 0 0 0 0 0 0 0 0 0 0 0 0 0 0 0 0 0 0 0 0 0 0 0 0 0 0 0 0 0 0 0 0 0 0
0.0581015 3.91402e-11 2.36157e-11 1.55245e-11 0.396638 0.742586 0 0 0 0 0 0 0 0 0 0 0 0 0 0 0 0 0 0 0 0 0 0 0 0 0 0 0 0 0 0 0 0 0 0 0 0 0 0 0 0 0 0 0 0 0 0 0 0 0 0 0 0 0 0 0 0 0 0 0 0 0 0 0 0 0 0 0 0 0 0 0 0 0 0 0 0 0 0 0 0 0 0
0.0610839 4.17806e-11 2.48503e-11 1.69303e-11 0.405219 0.720247 0 0 0 0 0 0 0 0 0 0 0 0 0 0 0 0 0 0 0 0 0 0 0 0 0 0 0 0 0 0 0 0 0 0 0 0 0 0 0 0 0 0 0 0 0 0 0 0 0 0 0 0 0 0 0 0 0 0 0 0 0 0 0 0 0 0 0 0 0 0 0 0 0 0 0 0 0 0 0 0 0 0
0.0642193 4.46396e-11 2.64148e-11 1.82248e-11 0.408265 0.700794 0 0 0 0 0 0 0 0 0 0 0 0 0 0 0 0 0 0 0 0 0 0 0 0 0 0 0 0 0 0 0 0 0 0 0 0 0 0 0 0 0 0 0 0 0 0 0 0 0 0 0 0 0 0 0 0 0 0 0 0 0 0 0 0 0 0 0 0 0 0 0 0 0 0 0 0 0 0 0 0 0 0
0.0675157 4.73591e-11 2.80531e-11 1.9306e-11 0.407652 0.683943 0 0 0 0 0 0 0 0 0 0 0 0 0 0 0 0 0 0 0 0 0 0 0 0 0 0 0 0 0 0 0 0 0 0 0 0 0 0 0 0 0 0 0 0 0 0 0 0 0 0 0 0 0 0 0 0 0 0 0 0 0 0 0 0 0 0 0 0 0 0 0 0 0 0 0 0 0 0 0 0 0 0
0.0709813 4.978e-11 2.95933e-11 2.01867e-11 0.405519 0.668662 0 0 0 0 0 0 0 0 0 0 0 0 0 0 0 0 0 0 0 0 0 0 0 0 0 0 0 0 0 0 0 0 0 0 0 0 0 0 0 0 0 0 0 0 0 0 0 0 0 0 0 0 0 0 0 0 0 0 0 0 0 0 0 0 0 0 0 0 0 0 0 0 0 0 0 0 0 0 0 0 0 0
0.0746248 5.17975e-11 3.09219e-11 2.08756e-11 0.403023 0.654391 0 0 0 0 0 0 0 0 0 0 0 0 0 0 0 0 0 0 0 0 0 0 0 0 0 0 0 0 0 0 0 0 0 0 0 0 0 0 0 0 0 0 0 0 0 0 0 0 0 0 0 0 0 0 0 0 0 0 0 0 0 0 0 0 0 0 0 0 0 0 0 0 0 0 0 0 0 0 0 0 0 0
0.0784553 5.32692e-11 3.19816e-11 2.12876e-11 0.399622 0.641517 0 0 0 0 0 0 0 0 0 0 0 0 0 0 0 0 0 0 0 0 0 0 0 0 0 0 0 0 0 0 0 0 0 0 0 0 0 0 0 0 0 0 0 0 0 0 0 0 0 0 0 0 0 0 0 0 0 0 0 0 0 0 0 0 0 0 0 0 0 0 0 0 0 0 0 0 0 0 0 0 0 0
0.0824824 5.39532e-11 3.27303e-11 2.12228e-11 0.393357 0.630576 0 0 0 0 0 0 0 0 0 0 0 0 0 0 0 0 0 0 0 0 0 0 0 0 0 0 0 0 0 0 0 0 0 0 0 0 0 0 0 0 0 0 0 0 0 0 0 0 0 0 0 0 0 0 0 0 0 0 0 0 0 0 0 0 0 0 0 0 0 0 0 0 0 0 0 0 0 0 0 0 0 0
0.0867162 5.35288e-11 3.30206e-11 2.05082e-11 0.383124 0.61249 0 0 0 0 0 0 0 0 0 0 0 0 0 0 0 0 0 0 0 0 0 0 0 0 0 0 0 0 0 0 0 0 0 0 0 0 0 0 0 0 0 0 0 0 0 0 0 0 0 0 0 0 0 0 0 0 0 0 0 0 0 0 0 0 0 0 0 0 0 0 0 0 0 0 0 0 0 0 0 0 0 0
0.0911674 5.46594e-11 3.36204e-11 2.1039e-11 0.384911 0.586793 0 0 0 0 0 0 0 0 0 0 0 0 0 0 0 0 0 0 0 0 0 0 0 0 0 0 0 0 0 0 0 0 0 0 0 0 0 0 0 0 0 0 0 0 0 0 0 0 0 0 0 0 0 0 0 0 0 0 0 0 0 0 0 0 0 0 0 0 0 0 0 0 0 0 0 0 0 0 0 0 0 0
0.095847 5.59505e-11 3.4057e-11 2.18935e-11 0.391301 0.560024 0 0 0 0 0 0 0 0 0 0 0 0 0 0 0 0 0 0 0 0 0 0 0 0 0 0 0 0 0 0 0 0 0 0 0 0 0 0 0 0 0 0 0 0 0 0 0 0 0 0 0 0 0 0 0 0 0 0 0 0 0 0 0 0 0 0 0 0 0 0 0 0 0 0 0 0 0 0 0 0 0 0
0.100767 5.66232e-11 3.41149e-11 2.25083e-11 0.39751 0.529161 0 0 0 0 0 0 0 0 0 0 0 0 0 0 0 0 0 0 0 0 0 0 0 0 0 0 0 0 0 0 0 0 0 0 0 0 0 0 0 0 0 0 0 0 0 0 0 0 0 0 0 0 0 0 0 0 0 0 0 0 0 0 0 0 0 0 0 0 0 0 0 0 0 0 0 0 0 0 0 0 0 0
0.105939 5.68866e-11 3.38556e-11 2.3031e-11 0.404858 0.498041 0 0 0 0 0 0 0 0 0 0 0 0 0 0 0 0 0 0 0 0 0 0 0 0 0 0 0 0 0 0 0 0 0 0 0 0 0 0 0 0 0 0 0 0 0 0 0 0 0 0 0 0 0 0 0 0 0 0 0 0 0 0 0 0 0 0 0 0 0 0 0 0 0 0 0 0 0 0 0 0 0 0
0.111377 5.66482e-11 3.35417e-11 2.31065e-11 0.407894 0.468186 0 0 0 0 0 0 0 0 0 0 0 0 0 0 0 0 0 0 0 0 0 0 0 0 0 0 0 0 0 0 0 0 0 0 0 0 0 0 0 0 0 0 0 0 0 0 0 0 0 0 0 0 0 0 0 0 0 0 0 0 0 0 0 0 0 0 0 0 0 0 0 0 0 0 0 0 0 0 0 0 0 0
0.117094 5.65106e-11 3.33072e-11 2.32034e-11 0.410603 0.440565 0 0 0 0 0 0 0 0 0 0 0 0 0 0 0 0 0 0 0 0 0 0 0 0 0 0 0 0 0 0 0 0 0 0 0 0 0 0 0 0 0 0 0 0 0 0 0 0 0 0 0 0 0 0 0 0 0 0 0 0 0 0 0 0 0 0 0 0 0 0 0 0 0 0 0 0 0 0 0 0 0 0
0.123105 5.6234e-11 3.303e-11 2.3204e-11 0.412633 0.415985 0 0 0 0 0 0 0 0 0 0 0 0 0 0 0 0 0 0 0 0 0 0 0 0 0 0 0 0 0 0 0 0 0 0 0 0 0 0 0 0 0 0 0 0 0 0 0 0 0 0 0 0 0 0 0 0 0 0 0 0 0 0 0 0 0 0 0 0 0 0 0 0 0 0 0 0 0 0 0 0 0 0
0.129424 5.55898e-11 3.25373e-11 2.30525e-11 0.41469 0.394014 0 0 0 0 0 0 0 0 0 0 0 0 0 0 0 0 0 0 0 0 0 0 0 0 0 0 0 0 0 0 0 0 0 0 0 0 0 0 0 0 0 0 0 0 0 0 0 0 0 0 0 0 0 0 0 0 0 0 0 0 0 0 0 0 0 0 0 0 0 0 0 0 0 0 0 0 0 0 0 0 0 0
0.136067 5.4459e-11 3.16661e-11 2.27929e-11 0.418533 0.37423 0 0 0 0 0 0 0 0 0 0 0 0 0 0 0 0 0 0 0 0 0 0 0 0 0 0 0 0 0 0 0 0 0 0 0 0 0 0 0 0 0 0 0 0 0 0 0 0 0 0 0 0 0 0 0 0 0 0 0 0 0 0 0 0 0 0 0 0 0 0 0 0 0 0 0 0 0 0 0 0 0 0
0.143051 5.32078e-11 3.03182e-11 2.28896e-11 0.430192 0.359396 0 0 0 0 0 0 0 0 0 0 0 0 0 0 0 0 0 0 0 0 0 0 0 0 0 0 0 0 0 0 0 0 0 0 0 0 0 0 0 0 0 0 0 0 0 0 0 0 0 0 0 0 0 0 0 0 0 0 0 0 0 0 0 0 0 0 0 0 0 0 0 0 0 0 0 0 0 0 0 0 0 0
0.150394 4.86677e-11 2.60589e-11 2.26088e-11 0.464554 0.356206 0 0 0 0 0 0 0 0 0 0 0 0 0 0 0 0 0 0 0 0 0 0 0 0 0 0 0 0 0 0 0 0 0 0 0 0 0 0 0 0 0 0 0 0 0 0 0 0 0 0 0 0 0 0 0 0 0 0 0 0 0 0 0 0 0 0 0 0 0 0 0 0 0 0 0 0 0 0 0 0 0 0
0.158114 3.80264e-11 1.81999e-11 1.98265e-11 0.521387 0.332332 0 0 0 0 0 0 0 0 0 0 0 0 0 0 0 0 0 0 0 0 0 0 0 0 0 0 0 0 0 0 0 0 0 0 0 0 0 0 0 0 0 0 0 0 0 0 0 0 0 0 0 0 0 0 0 0 0 0 0 0 0 0 0 0 0 0 0 0 0 0 0 0 0 0 0 0 0 0 0 0 0 0
0.16623 2.69538e-11 1.11159e-11 1.58379e-11 0.587594 0.284945 0 0 0 0 0 0 0 0 0 0 0 0 0 0 0 0 0 0 0 0 0 0 0 0 0 0 0 0 0 0 0 0 0 0 0 0 0 0 0 0 0 0 0 0 0 0 0 0 0 0 0 0 0 0 0 0 0 0 0 0 0 0 0 0 0 0 0 0 0 0 0 0 0 0 0 0 0 0 0 0 0 0
0.174762 1.90454e-11 6.84579e-12 1.21996e-11 0.640555 0.23954 0 0 0 0 0 0 0 0 0 0 0 0 0 0 0 0 0 0 0 0 0 0 0 0 0 0 0 0 0 0 0 0 0 0 0 0 0 0 0 0 0 0 0 0 0 0 0 0 0 0 0 0 0 0 0 0 0 0 0 0 0 0 0 0 0 0 0 0 0 0 0 0 0 0 0 0 0 0 0 0 0 0
0.183733 1.34681e-11 4.18809e-12 9.28e-12 0.689036 0.203199 0 0 0 0 0 0 0 0 0 0 0 0 0 0 0 0 0 0 0 0 0 0 0 0 0 0 0 0 0 0 0 0 0 0 0 0 0 0 0 0 0 0 0 0 0 0 0 0 0 0 0 0 0 0 0 0 0 0 0 0 0 0 0 0 0 0 0 0 0 0 0 0 0 0 0 0 0 0 0 0 0 0
0.193164 9.69577e-12 2.64647e-12 7.0493e-12 0.727049 0.175063 0 0 0 0 0 0 0 0 0 0 0 0 0 0 0 0 0 0 0 0 0 0 0 0 0 0 0 0 0 0 0 0 0 0 0 0 0 0 0 0 0 0 0 0 0 0 0 0 0 0 0 0 0 0 0 0 0 0 0 0 0 0 0 0 0 0 0 0 0 0 0 0 0 0 0 0 0 0 0 0 0 0
0.203079 7.09818e-12 1.72698e-12 5.3712e-12 0.756701 0.152743 0 0 0 0 0 0 0 0 0 0 0 0 0 0 0 0 0 0 0 0 0 0 0 0 0 0 0 0 0 0 0 0 0 0 0 0 0 0 0 0 0 0 0 0 0 0 0 0 0 0 0 0 0 0 0 0 0 0 0 0 0 0 0 0 0 0 0 0 0 0 0 0 0 0 0 0 0 0 0 0 0 0
0.213503 5.30687e-12 1.20707e-12 4.0998e-12 0.772546 0.134416 0 0 0 0 0 0 0 0 0 0 0 0 0 0 0 0 0 0 0 0 0 0 0 0 0 0 0 0 0 0 0 0 0 0 0 0 0 0 0 0 0 0 0 0 0 0 0 0 0 0 0 0 0 0 0 0 0 0 0 0 0 0 0 0 0 0 0 0 0 0 0 0 0 0 0 0 0 0 0 0 0 0
0.224463 4.11999e-12 9.68715e-13 3.15127e-12 0.764874 0.119163 0 0 0 0 0 0 0 0 0 0 0 0 0 0 0 0 0 0 0 0 0 0 0 0 0 0 0 0 0 0 0 0 0 0 0 0 0 0 0 0 0 0 0 0 0 0 0 0 0 0 0 0 0 0 0 0 0 0 0 0 0 0 0 0 0 0 0 0 0 0 0 0 0 0 0 0 0 0 0 0 0 0
0.235984 3.33277e-12 8.82378e-13 2.45039e-12 0.735242 0.106301 0 0 0 0 0 0 0 0 0 0 0 0 0 0 0 0 0 0 0 0 0 0 0 0 0 0 0 0 0 0 0 0 0 0 0 0 0 0 0 0 0 0 0 0 0 0 0 0 0 0 0 0 0 0 0 0 0 0 0 0 0 0 0 0 0 0 0 0 0 0 0 0 0 0 0 0 0 0 0 0 0 0
0.248097 2.77175e-12 8.46051e-13 1.92569e-12 0.694759 0.0952349 0 0 0 0 0 0 0 0 0 0 0 0 0 0 0 0 0 0 0 0 0 0 0 0 0 0 0 0 0 0 0 0 0 0 0 0 0 0 0 0 0 0 0 0 0 0 0 0 0 0 0 0 0 0 0 0 0 0 0 0 0 0 0 0 0 0 0 0 0 0 0 0 0 0 0 0 0 0 0 0 0 0
0.260832 2.32296e-12 7.99531e-13 1.52343e-12 0.655814 0.0855301 0 0 0 0 0 0 0 0 0 0 0 0 0 0 0 0 0 0 0 0 0 0 0 0 0 0 0 0 0 0 0 0 0 0 0 0 0 0 0 0 0 0 0 0 0 0 0 0 0 0 0 0 0 0 0 0 0 0 0 0 0 0 0 0 0 0 0 0 0 0 0 0 0 0 0 0 0 0 0 0 0 0
0.274221 1.96322e-12 7.52495e-13 1.21072e-12 0.616703 0.0769417 0 0 0 0 0 0 0 0 0 0 0 0 0 0 0 0 0 0 0 0 0 0 0 0 0 0 0 0 0 0 0 0 0 0 0 0 0 0 0 0 0 0 0 0 0 0 0 0 0 0 0 0 0 0 0 0 0 0 0 0 0 0 0 0 0 0 0 0 0 0 0 0 0 0 0 0 0 0 0 0 0 0
0.288297 1.67472e-12 7.07793e-13 9.6693e-13 0.577367 0.0693226 0 0 0 0 0 0 0 0 0 0 0 0 0 0 0 0 0 0 0 0 0 0 0 0 0 0 0 0 0 0 0 0 0 0 0 0 0 0 0 0 0 0 0 0 0 0 0 0 0 0 0 0 0 0 0 0 0 0 0 0 0 0 0 0 0 0 0 0 0 0 0 0 0 0 0 0 0 0 0 0 0 0
0.303095 1.44114e-12 6.66417e-13 7.74724e-13 0.537577 0.0625182 0 0 0 0 0 0 0 0 0 0 0 0 0 0 0 0 0 0 0 0 0 0 0 0 0 0 0 0 0 0 0 0 0 0 0 0 0 0 0 0 0 0 0 0 0 0 0 0 0 0 0 0 0 0 0 0 0 0 0 0 0 0 0 0 0 0 0 0 0 0 0 0 0 0 0 0 0 0 0 0 0 0
0.318653 1.24973e-12 6.27624e-13 6.22104e-13 0.497792 0.0564167 0 0 0 0 0 0 0 0 0 0 0 0 0 0 0 0 0 0 0 0 0 0 0 0 0 0 0 0 0 0 0 0 0 0 0 0 0 0 0 0 0 0 0 0 0 0 0 0 0 0 0 0 0 0 0 0 0 0 0 0 0 0 0 0 0 0 0 0 0 0 0 0 0 0 0 0 0 0 0 0 0 0
0.335009 1.09237e-12 5.91429e-13 5.0094e-13 0.458581 0.0509461 0 0 0 0 0 0 0 0 0 0 0 0 0 0 0 0 0 0 0 0 0 0 0 0 0 0 0 0 0 0 0 0 0 0 0 0 0 0 0 0 0 0 0 0 0 0 0 0 0 0 0 0 0 0 0 0 0 0 0 0 0 0 0 0 0 0 0 0 0 0 0 0 0 0 0 0 0 0 0 0 0 0
0.352205 9.62024e-13 5.57836e-13 4.04188e-13 0.420144 0.0460275 0 0 0 0 0 0 0 0 0 0 0 0 0 0 0 0 0 0 0 0 0 0 0 0 0 0 0 0 0 0 0 0 0 0 0 0 0 0 0 0 0 0 0 0 0 0 0 0 0 0 0 0 0 0 0 0 0 0 0 0 0 0 0 0 0 0 0 0 0 0 0 0 0 0 0 0 0 0 0 0 0 0
0.370284 8.52962e-13 5.26406e-13 3.26556e-13 0.38285 0.0415944 0 0 0 0 0 0 0 0 0 0 0 0 0 0 0 0 0 0 0 0 0 0 0 0 0 0 0 0 0 0 0 0 0 0 0 0 0 0 0 0 0 0 0 0 0 0 0 0 0 0 0 0 0 0 0 0 0 0 0 0 0 0 0 0 0 0 0 0 0 0 0 0 0 0 0 0 0 0 0 0 0 0
0.389291 7.61412e-13 4.97124e-13 2.64288e-13 0.347102 0.0375997 0 0 0 0 0 0 0 0 0 0 0 0 0 0 0 0 0 0 0 0 0 0 0 0 0 0 0 0 0 0 0 0 0 0 0 0 0 0 0 0 0 0 0 0 0 0 0 0 0 0 0 0 0 0 0 0 0 0 0 0 0 0 0 0 0 0 0 0 0 0 0 0 0 0 0 0 0 0 0 0 0 0
0.409273 6.8389e-13 4.69559e-13 2.14331e-13 0.3134 0.0340027 0 0 0 0 0 0 0 0 0 0 0 0 0 0 0 0 0 0 0 0 0 0 0 0 0 0 0 0 0 0 0 0 0 0 0 0 0 0 0 0 0 0 0 0 0 0 0 0 0 0 0 0 0 0 0 0 0 0 0 0 0 0 0 0 0 0 0 0 0 0 0 0 0 0 0 0 0 0 0 0 0 0
0.430281 6.17544e-13 4.43635e-13 1.73909e-13 0.281613 0.0307508 0 0 0 0 0 0 0 0 0 0 0 0 0 0 0 0 0 0 0 0 0 0 0 0 0 0 0 0 0 0 0 0 0 0 0 0 0 0 0 0 0 0 0 0 0 0 0 0 0 0 0 0 0 0 0 0 0 0 0 0 0 0 0 0 0 0 0 0 0 0 0 0 0 0 0 0 0 0 0 0 0 0
0.452368 5.60697e-13 4.19376e-13 1.41321e-13 0.252045 0.027816 0 0 0 0 0 0 0 0 0 0 0 0 0 0 0 0 0 0 0 0 0 0 0 0 0 0 0 0 0 0 0 0 0 0 0 0 0 0 0 0 0 0 0 0 0 0 0 0 0 0 0 0 0 0 0 0 0 0 0 0 0 0 0 0 0 0 0 0 0 0 0 0 0 0 0 0 0 0 0 0 0 0
0.475588 5.11524e-13 3.96616e-13 1.14908e-13 0.224639 0.0251623 0 0 0 0 0 0 0 0 0 0 0 0 0 0 0 0 0 0 0 0 0 0 0 0 0 0 0 0 0 0 0 0 0 0 0 0 0 0 0 0 0 0 0 0 0 0 0 0 0 0 0 0 0 0 0 0 0 0 0 0 0 0 0 0 0 0 0 0 0 0 0 0 0 0 0 0 0 0 0 0 0 0
0.5 4.68945e-13 3.75392e-13 9.35538e-14 0.199498 0.022767 0 0 0 0 0 0 0 0 0 0 0 0 0 0 0 0 0 0 0 0 0 0 0 0 0 0 0 0 0 0 0 0 0 0 0 0 0 0 0 0 0 0 0 0 0 0 0 0 0 0 0 0 0 0 0 0 0 0 0 0 0 0 0 0 0 0 0 0 0 0 0 0 0 0 0 0 0 0 0 0 0 0
0.525665 4.31726e-13 3.55536e-13 7.61902e-14 0.176478 0.020599 0 0 0 0 0 0 0 0 0 0 0 0 0 0 0 0 0 0 0 0 0 0 0 0 0 0 0 0 0 0 0 0 0 0 0 0 0 0 0 0 0 0 0 0 0 0 0 0 0 0 0 0 0 0 0 0 0 0 0 0 0 0 0 0 0 0 0 0 0 0 0 0 0 0 0 0 0 0 0 0 0 0
0.552648 3.99004e-13 3.36961e-13 6.20428e-14 0.155494 0.018635 0 0 0 0 0 0 0 0 0 0 0 0 0 0 0 0 0 0 0 0 0 0 0 0 0 0 0 0 0 0 0 0 0 0 0 0 0 0 0 0 0 0 0 0 0 0 0 0 0 0 0 0 0 0 0 0 0 0 0 0 0 0 0 0 0 0 0 0 0 0 0 0 0 0 0 0 0 0 0 0 0 0
0.581015 3.70003e-13 3.19374e-13 5.06283e-14 0.136832 0.0168648 0 0 0 0 0 0 0 0 0 0 0 0 0 0 0 0 0 0 0 0 0 0 0 0 0 0 0 0 0 0 0 0 0 0 0 0 0 0 0 0 0 0 0 0 0 0 0 0 0 0 0 0 0 0 0 0 0 0 0 0 0 0 0 0 0 0 0 0 0 0 0 0 0 0 0 0 0 0 0 0 0 0
0.610839 3.44233e-13 3.02908e-13 4.13247e-14 0.120049 0.0152628 0 0 0 0 0 0 0 0 0 0 0 0 0 0 0 0 0 0 0 0 0 0 0 0 0 0 0 0 0 0 0 0 0 0 0 0 0 0 0 0 0 0 0 0 0 0 0 0 0 0 0 0 0 0 0 0 0 0 0 0 0 0 0 0 0 0 0 0 0 0 0 0 0 0 0 0 0 0 0 0 0 0
0.642193 3.2118e-13 2.87457e-13 3.37226e-14 0.104996 0.0138109 0 0 0 0 0 0 0 0 0 0 0 0 0 0 0 0 0 0 0 0 0 0 0 0 0 0 0 0 0 0 0 0 0 0 0 0 0 0 0 0 0 0 0 0 0 0 0 0 0 0 0 0 0 0 0 0 0 0 0 0 0 0 0 0 0 0 0 0 0 0 0 0 0 0 0 0 0 0 0 0 0 0
0.675157 3.00491e-13 2.72963e-13 2.75275e-14 0.0916086 0.012497 0 0 0 0 0 0 0 0 0 0 0 0 0 0 0 0 0 0 0 0 0 0 0 0 0 0 0 0 0 0 0 0 0 0 0 0 0 0 0 0 0 0 0 0 0 0 0 0 0 0 0 0 0 0 0 0 0 0 0 0 0 0 0 0 0 0 0 0 0 0 0 0 0 0 0 0 0 0 0 0 0 0
0.709813 2.81872e-13 2.59377e-13 2.24954e-14 0.079807 0.0113105 0 0 0 0 0 0 0 0 0 0 0 0 0 0 0 0 0 0 0 0 0 0 0 0 0 0 0 0 0 0 0 0 0 0 0 0 0 0 0 0 0 0 0 0 0 0 0 0 0 0 0 0 0 0 0 0 0 0 0 0 0 0 0 0 0 0 0 0 0 0 0 0 0 0 0 0 0 0 0 0 0 0
0.746248 2.6499e-13 2.46607e-13 1.83831e-14 0.0693727 0.0102359 0 0 0 0 0 0 0 0 0 0 0 0 0 0 0 0 0 0 0 0 0 0 0 0 0 0 0 0 0 0 0 0 0 0 0 0 0 0 0 0 0 0 0 0 0 0 0 0 0 0 0 0 0 0 0 0 0 0 0 0 0 0 0 0 0 0 0 0 0 0 0 0 0 0 0 0 0 0 0 0 0 0
0.784553 2.49594e-13 2.34575e-13 1.50191e-14 0.0601742 0.0092623 0 0 0 0 0 0 0 0 0 0 0 0 0 0 0 0 0 0 0 0 0 0 0 0 0 0 0 0 0 0 0 0 0 0 0 0 0 0 0 0 0 0 0 0 0 0 0 0 0 0 0 0 0 0 0 0 0 0 0 0 0 0 0 0 0 0 0 0 0 0 0 0 0 0 0 0 0 0 0 0 0 0
0.824824 2.35396e-13 2.2312e-13 1.22765e-14 0.0521525 0.00838166 0 0 0 0 0 0 0 0 0 0 0 0 0 0 0 0 0 0 0 0 0 0 0 0 0 0 0 0 0 0 0 0 0 0 0 0 0 0 0 0 0 0 0 0 0 0 0 0 0 0 0 0 0 0 0 0 0 0 0 0 0 0 0 0 0 0 0 0 0 0 0 0 0 0 0 0 0 0 0 0 0 0
0.867162 2.22302e-13 2.12258e-13 1.00439e-14 0.0451816 0.00758624 0 0 0 0 0 0 0 0 0 0 0 0 0 0 0 0 0 0 0 0 0 0 0 0 0 0 0 0 0 0 0 0 0 0 0 0 0 0 0 0 0 0 0 0 0 0 0 0 0 0 0 0 0 0 0 0 0 0 0 0 0 0 0 0 0 0 0 0 0 0 0 0 0 0 0 0 0 0 0 0 0 0
0.911674 2.10184e-13 2.01968e-13 8.216e-15 0.0390896 0.00686561 0 0 0 0 0 0 0 0 0 0 0 0 0 0 0 0 0 0 0 0 0 0 0 0 0 0 0 0 0 0 0 0 0 0 0 0 0 0 0 0 0 0 0 0 0 0 0 0 0 0 0 0 0 0 0 0 0 0 0 0 0 0 0 0 0 0 0 0 0 0 0 0 0 0 0 0 0 0 0 0 0 0
0.95847 1.98887e-13 1.92166e-13 6.72038e-15 0.03379 0.00621299 0 0 0 0 0 0 0 0 0 0 0 0 0 0 0 0 0 0 0 0 0 0 0 0 0 0 0 0 0 0 0 0 0 0 0 0 0 0 0 0 0 0 0 0 0 0 0 0 0 0 0 0 0 0 0 0 0 0 0 0 0 0 0 0 0 0 0 0 0 0 0 0 0 0 0 0 0 0 0 0 0 0
1.00767 1.88415e-13 1.82916e-13 5.49868e-15 0.0291839 0.00562268 0 0 0 0 0 0 0 0 0 0 0 0 0 0 0 0 0 0 0 0 0 0 0 0 0 0 0 0 0 0 0 0 0 0 0 0 0 0 0 0 0 0 0 0 0 0 0 0 0 0 0 0 0 0 0 0 0 0 0 0 0 0 0 0 0 0 0 0 0 0 0 0 0 0 0 0 0 0 0 0 0 0
1.05939 1.78721e-13 1.74221e-13 4.49973e-15 0.0251774 0.00508852 0 0 0 0 0 0 0 0 0 0 0 0 0 0 0 0 0 0 0 0 0 0 0 0 0 0 0 0 0 0 0 0 0 0 0 0 0 0 0 0 0 0 0 0 0 0 0 0 0 0 0 0 0 0 0 0 0 0 0 0 0 0 0 0 0 0 0 0 0 0 0 0 0 0 0 0 0 0 0 0 0 0
1.11377 1.6967e-13 1.65989e-13 3.68138e-15 0.0216973 0.00460463 0 0 0 0 0 0 0 0 0 0 0 0 0 0 0 0 0 0 0 0 0 0 0 0 0 0 0 0 0 0 0 0 0 0 0 0 0 0 0 0 0 0 0 0 0 0 0 0 0 0 0 0 0 0 0 0 0 0 0 0 0 0 0 0 0 0 0 0 0 0 0 0 0 0 0 0 0 0 0 0 0 0
1.17094 1.61168e-13 1.58157e-13 3.01077e-15 0.018681 0.00416624 0 0 0 0 0 0 0 0 0 0 0 0 0 0 0 0 0 0 0 0 0 0 0 0 0 0 0 0 0 0 0 0 0 0 0 0 0 0 0 0 0 0 0 0 0 0 0 0 0 0 0 0 0 0 0 0 0 0 0 0 0 0 0 0 0 0 0 0 0 0 0 0 0 0 0 0 0 0 0 0 0 0
1.23105 1.532e-13 1.50736e-13 2.46364e-15 0.0160812 0.00377009 0 0 0 0 0 0 0 0 0 0 0 0 0 0 0 0 0 0 0 0 0 0 0 0 0 0 0 0 0 0 0 0 0 0 0 0 0 0 0 0 0 0 0 0 0 0 0 0 0 0 0 0 0 0 0 0 0 0 0 0 0 0 0 0 0 0 0 0 0 0 0 0 0 0 0 0 0 0 0 0 0 0
1.29424 1.46074e-13 1.44059e-13 2.01524e-15 0.013796 0.00341124 0 0 0 0 0 0 0 0 0 0 0 0 0 0 0 0 0 0 0 0 0 0 0 0 0 0 0 0 0 0 0 0 0 0 0 0 0 0 0 0 0 0 0 0 0 0 0 0 0 0 0 0 0 0 0 0 0 0 0 0 0 0 0 0 0 0 0 0 0 0 0 0 0 0 0 0 0 0 0 0 0 0
1.36067 1.3946e-13 1.3781e-13 1.64915e-15 0.0118253 0.00308668 0 0 0 0 0 0 0 0 0 0 0 0 0 0 0 0 0 0 0 0 0 0 0 0 0 0 0 0 0 0 0 0 0 0 0 0 0 0 0 0 0 0 0 0 0 0 0 0 0 0 0 0 0 0 0 0 0 0 0 0 0 0 0 0 0 0 0 0 0 0 0 0 0 0 0 0 0 0 0 0 0 0
1.43051 1.3323e-13 1.31881e-13 1.34858e-15 0.0101222 0.00279249 0 0 0 0 0 0 0 0 0 0 0 0 0 0 0 0 0 0 0 0 0 0 0 0 0 0 0 0 0 0 0 0 0 0 0 0 0 0 0 0 0 0 0 0 0 0 0 0 0 0 0 0 0 0 0 0 0 0 0 0 0 0 0 0 0 0 0 0 0 0 0 0 0 0 0 0 0 0 0 0 0 0
1.50394 1.27357e-13 1.26254e-13 1.10361e-15 0.00866547 0.00252681 0 0 0 0 0 0 0 0 0 0 0 0 0 0 0 0 0 0 0 0 0 0 0 0 0 0 0 0 0 0 0 0 0 0 0 0 0 0 0 0 0 0 0 0 0 0 0 0 0 0 0 0 0 0 0 0 0 0 0 0 0 0 0 0 0 0 0 0 0 0 0 0 0 0 0 0 0 0 0 0 0 0
1.58114 1.21783e-13 1.2088e-13 9.02898e-16 0.00741401 0.00228618 0 0 0 0 0 0 0 0 0 0 0 0 0 0 0 0 0 0 0 0 0 0 0 0 0 0 0 0 0 0 0 0 0 0 0 0 0 0 0 0 0 0 0 0 0 0 0 0 0 0 0 0 0 0 0 0 0 0 0 0 0 0 0 0 0 0 0 0 0 0 0 0 0 0 0 0 0 0 0 0 0 0
1.6623 1.16479e-13 1.15741e-13 7.38083e-16 0.00633661 0.00206802 0 0 0 0 0 0 0 0 0 0 0 0 0 0 0 0 0 0 0 0 0 0 0 0 0 0 0 0 0 0 0 0 0 0 0 0 0 0 0 0 0 0 0 0 0 0 0 0 0 0 0 0 0 0 0 0 0 0 0 0 0 0 0 0 0 0 0 0 0 0 0 0 0 0 0 0 0 0 0 0 0 0
1.74763 1.11514e-13 1.10911e-13 6.0351e-16 0.00541195 0.0018708 0 0 0 0 0 0 0 0 0 0 0 0 0 0 0 0 0 0 0 0 0 0 0 0 0 0 0 0 0 0 0 0 0 0 0 0 0 0 0 0 0 0 0 0 0 0 0 0 0 0 0 0 0 0 0 0 0 0 0 0 0 0 0 0 0 0 0 0 0 0 0 0 0 0 0 0 0 0 0 0 0 0
1.83733 1.06999e-13 1.06506e-13 4.93371e-16 0.00461099 0.00169232 0 0 0 0 0 0 0 0 0 0 0 0 0 0 0 0 0 0 0 0 0 0 0 0 0 0 0 0 0 0 0 0 0 0 0 0 0 0 0 0 0 0 0 0 0 0 0 0 0 0 0 0 0 0 0 0 0 0 0 0 0 0 0 0 0 0 0 0 0 0 0 0 0 0 0 0 0 0 0 0 0 0
1.93164 1.02798e-13 1.02395e-13 4.03166e-16 0.00392192 0.00153067 0 0 0 0 0 0 0 0 0 0 0 0 0 0 0 0 0 0 0 0 0 0 0 0 0 0 0 0 0 0 0 0 0 0 0 0 0 0 0 0 0 0 0 0 0 0 0 0 0 0 0 0 0 0 0 0 0 0 0 0 0 0 0 0 0 0 0 0 0 0 0 0 0 0 0 0 0 0 0 0 0 0
2.03079 9.88484e-14 9.8519e-14 3.29408e-16 0.00333246 0.00138437 0 0 0 0 0 0 0 0 0 0 0 0 0 0 0 0 0 0 0 0 0 0 0 0 0 0 0 0 0 0 0 0 0 0 0 0 0 0 0 0 0 0 0 0 0 0 0 0 0 0 0 0 0 0 0 0 0 0 0 0 0 0 0 0 0 0 0 0 0 0 0 0 0 0 0 0 0 0 0 0 0 0
2.13503 9.5121e-14 9.48519e-14 2.69157e-16 0.00282963 0.00125212 0 0 0 0 0 0 0 0 0 0 0 0 0 0 0 0 0 0 0 0 0 0 0 0 0 0 0 0 0 0 0 0 0 0 0 0 0 0 0 0 0 0 0 0 0 0 0 0 0 0 0 0 0 0 0 0 0 0 0 0 0 0 0 0 0 0 0 0 0 0 0 0 0 0 0 0 0 0 0 0 0 0
2.24463 9.16592e-14 9.14394e-14 2.19789e-16 0.00239789 0.00113233 0 0 0 0 0 0 0 0 0 0 0 0 0 0 0 0 0 0 0 0 0 0 0 0 0 0 0 0 0 0 0 0 0 0 0 0 0 0 0 0 0 0 0 0 0 0 0 0 0 0 0 0 0 0 0 0 0 0 0 0 0 0 0 0 0 0 0 0 0 0 0 0 0 0 0 0 0 0 0 0 0 0
2.35984 8.83629e-14 8.81835e-14 1.79387e-16 0.00203012 0.00102385 0 0 0 0 0 0 0 0 0 0 0 0 0 0 0 0 0 0 0 0 0 0 0 0 0 0 0 0 0 0 0 0 0 0 0 0 0 0 0 0 0 0 0 0 0 0 0 0 0 0 0 0 0 0 0 0 0 0 0 0 0 0 0 0 0 0 0 0 0 0 0 0 0 0 0 0 0 0 0 0 0 0
2.48097 8.52549e-14 8.51086e-14 1.46272e-16 0.00171571 0.000925564 0 0 0 0 0 0 0 0 0 0 0 0 0 0 0 0 0 0 0 0 0 0 0 0 0 0 0 0 0 0 0 0 0 0 0 0 0 0 0 0 0 0 0 0 0 0 0 0 0 0 0 0 0 0 0 0 0 0 0 0 0 0 0 0 0 0 0 0 0 0 0 0 0 0 0 0 0 0 0 0 0 0
2.60832 8.23863e-14 8.2267e-14 1.19308e-16 0.00144816 0.0008368 0 0 0 0 0 0 0 0 0 0 0 0 0 0 0 0 0 0 0 0 0 0 0 0 0 0 0 0 0 0 0 0 0 0 0 0 0 0 0 0 0 0 0 0 0 0 0 0 0 0 0 0 0 0 0 0 0 0 0 0 0 0 0 0 0 0 0 0 0 0 0 0 0 0 0 0 0 0 0 0 0 0
2.74221 7.9669e-14 7.95717e-14 9.72671e-17 0.00122089 0.000756451 0 0 0 0 0 0 0 0 0 0 0 0 0 0 0 0 0 0 0 0 0 0 0 0 0 0 0 0 0 0 0 0 0 0 0 0 0 0 0 0 0 0 0 0 0 0 0 0 0 0 0 0 0 0 0 0 0 0 0 0 0 0 0 0 0 0 0 0 0 0 0 0 0 0 0 0 0 0 0 0 0 0
2.88297 7.71506e-14 7.70715e-14 7.91627e-17 0.00102608 0.000683547 0 0 0 0 0 0 0 0 0 0 0 0 0 0 0 0 0 0 0 0 0 0 0 0 0 0 0 0 0 0 0 0 0 0 0 0 0 0 0 0 0 0 0 0 0 0 0 0 0 0 0 0 0 0 0 0 0 0 0 0 0 0 0 0 0 0 0 0 0 0 0 0 0 0 0 0 0 0 0 0 0 0
3.03095 7.47751e-14 7.47107e-14 6.44187e-17 0.0008615 0.000617666 0 0 0 0 0 0 0 0 0 0 0 0 0 0 0 0 0 0 0 0 0 0 0 0 0 0 0 0 0 0 0 0 0 0 0 0 0 0 0 0 0 0 0 0 0 0 0 0 0 0 0 0 0 0 0 0 0 0 0 0 0 0 0 0 0 0 0 0 0 0 0 0 0 0 0 0 0 0 0 0 0 0
3.18653 7.27021e-14 7.26497e-14 5.2395e-17 0.000720681 0.00055808 0 0 0 0 0 0 0 0 0 0 0 0 0 0 0 0 0 0 0 0 0 0 0 0 0 0 0 0 0 0 0 0 0 0 0 0 0 0 0 0 0 0 0 0 0 0 0 0 0 0 0 0 0 0 0 0 0 0 0 0 0 0 0 0 0 0 0 0 0 0 0 0 0 0 0 0 0 0 0 0 0 0
3.35009 7.07449e-14 7.07023e-14 4.25595e-17 0.000601591 0.000504092 0 0 0 0 0 0 0 0 0 0 0 0 0 0 0 0 0 0 0 0 0 0 0 0 0 0 0 0 0 0 0 0 0 0 0 0 0 0 0 0 0 0 0 0 0 0 0 0 0 0 0 0 0 0 0 0 0 0 0 0 0 0 0 0 0 0 0 0 0 0 0 0 0 0 0 0 0 0 0 0 0 0
3.52205 6.86262e-14 6.85916e-14 3.45093e-17 0.000502859 0.000455157 0 0 0 0 0 0 0 0 0 0 0 0 0 0 0 0 0 0 0 0 0 0 0 0 0 0 0 0 0 0 0 0 0 0 0 0 0 0 0 0 0 0 0 0 0 0 0 0 0 0 0 0 0 0 0 0 0 0 0 0 0 0 0 0 0 0 0 0 0 0 0 0 0 0 0 0 0 0 0 0 0 0
3.70284 6.65423e-14 6.65144e-14 2.79654e-17 0.000420264 0.000410947 0 0 0 0 0 0 0 0 0 0 0 0 0 0 0 0 0 0 0 0 0 0 0 0 0 0 0 0 0 0 0 0 0 0 0 0 0 0 0 0 0 0 0 0 0 0 0 0 0 0 0 0 0 0 0 0 0 0 0 0 0 0 0 0 0 0 0 0 0 0 0 0 0 0 0 0 0 0 0 0 0 0
3.89291 6.45302e-14 6.45076e-14 2.26171e-17 0.000350489 0.000370883 0 0 0 0 0 0 0 0 0 0 0 0 0 0 0 0 0 0 0 0 0 0 0 0 0 0 0 0 0 0 0 0 0 0 0 0 0 0 0 0 0 0 0 0 0 0 0 0 0 0 0 0 0 0 0 0 0 0 0 0 0 0 0 0 0 0 0 0 0 0 0 0 0 0 0 0 0 0 0 0 0 0
4.09273 6.26255e-14 6.26073e-14 1.82421e-17 0.000291288 0.00033454 0 0 0 0 0 0 0 0 0 0 0 0 0 0 0 0 0 0 0 0 0 0 0 0 0 0 0 0 0 0 0 0 0 0 0 0 0 0 0 0 0 0 0 0 0 0 0 0 0 0 0 0 0 0 0 0 0 0 0 0 0 0 0 0 0 0 0 0 0 0 0 0 0 0 0 0 0 0 0 0 0 0
4.30281 6.06339e-14 6.06192e-14 1.46719e-17 0.000241975 0.000301601 0 0 0 0 0 0 0 0 0 0 0 0 0 0 0 0 0 0 0 0 0 0 0 0 0 0 0 0 0 0 0 0 0 0 0 0 0 0 0 0 0 0 0 0 0 0 0 0 0 0 0 0 0 0 0 0 0 0 0 0 0 0 0 0 0 0 0 0 0 0 0 0 0 0 0 0 0 0 0 0 0 0
4.52368 5.8801e-14 5.87893e-14 1.17689e-17 0.000200148 0.000271789 0 0 0 0 0 0 0 0 0 0 0 0 0 0 0 0 0 0 0 0 0 0 0 0 0 0 0 0 0 0 0 0 0 0 0 0 0 0 0 0 0 0 0 0 0 0 0 0 0 0 0 0 0 0 0 0 0 0 0 0 0 0 0 0 0 0 0 0 0 0 0 0 0 0 0 0 0 0 0 0 0 0
4.75588 5.72111e-14 5.72017e-14 9.40129e-18 0.000164326 0.000244738 0 0 0 0 0 0 0 0 0 0 0 0 0 0 0 0 0 0 0 0 0 0 0 0 0 0 0 0 0 0 0 0 0 0 0 0 0 0 0 0 0 0 0 0 0 0 0 0 0 0 0 0 0 0 0 0 0 0 0 0 0 0 0 0 0 0 0 0 0 0 0 0 0 0 0 0 0 0 0 0 0 0
5 5.60167e-14 5.60092e-14 7.46342e-18 0.000133236 0.000220138 0 0 0 0 0 0 0 0 0 0 0 0 0 0 0 0 0 0 0 0 0 0 0 0 0 0 0 0 0 0 0 0 0 0 0 0 0 0 0 0 0 0 0 0 0 0 0 0 0 0 0 0 0 0 0 0 0 0 0 0 0 0 0 0 0 0 0 0 0 0 0 0 0 0 0 0 1.4013e-45 0 1.4013e-45 0 1.4013e-45 0
5.25665 5.53654e-14 5.53595e-14 5.88704e-18 0.000106331 0.000197811 0 0 0 0 0 0 0 0 0 0 0 0 0 0 0 0 0 0 0 0 0 0 0 0 0 0 0 0 0 0 0 0 0 0 0 0 0 0 0 0 0 0 0 0 0 0 0 0 0 0 0 0 0 0 0 0 0 0 1.4013e-45 0 1.4013e-45 0 2.8026e-45 0 5.60519e-45 0 8.40779e-45 0 1.26117e-44 0 2.10195e-44 0 3.08286e-44 0 4.90454e-44 0 7.42688e-44 0 1.09301e-43 0 1.65353e-43 0
5.52648 5.51813e-14 5.51767e-14 4.6127e-18 8.35918e-05 0.000177578 0 0 0 0 0 0 0 0 0 0 0 0 0 0 0 0 0 0 0 0 0 0 0 0 0 0 0 0 0 0 0 0 0 0 0 0 0 0 0 0 0 0 0 0 1.4013e-45 0 2.8026e-45 0 5.60519e-45 0 9.80909e-45 0 1.82169e-44 0 3.22299e-44 0 5.74532e-44 0 9.80909e-44 0 1.66755e-43 0 2.76056e-43 0 4.54021e-43 0 7.16064e-43 0 1.12384e-42 0 1.75723e-42 0 2.63584e-42 0 4.01192e-42 0 5.97374e-42 0 8.70627e-42 0 1.28779e-41 0
5.81015 5.57391e-14 5.57356e-14 3.57107e-18 6.40676e-05 0.000159128 0 0 0 0 0 0 0 0 0 0 0 0 0 0 0 0 0 0 0 0 0 0 0 0 0 0 0 0 0 0 0 0 1.4013e-45 0 1.4013e-45 0 5.60519e-45 0 1.26117e-44 0 2.66247e-44 0 5.88545e-44 0 1.20512e-43 0 2.42425e-43 0 4.59626e-43 0 8.66002e-43 0 1.55684e-42 0 2.72272e-42 0 4.73218e-42 0 7.86829e-42 0 1.30097e-41 0 2.10013e-41 0 3.37321e-41 0 5.20064e-41 0 7.98474e-41 0 1.22081e-40 0 1.79522e-40 0 2.67683e-40 0 3.90926e-40 0 5.59442e-40 0 8.1179e-40 0
6.10839 5.68015e-14 5.67988e-14 2.72933e-18 4.80503e-05 0.000142358 0 0 0 0 0 0 0 0 0 0 0 0 0 0 0 0 0 0 0 0 0 0 0 0 1.4013e-45 0 2.8026e-45 0 9.80909e-45 0 2.8026e-44 0 7.84727e-44 0 2.00386e-43 0 4.73639e-43 0 1.0832e-42 0 2.29533e-42 0 4.80365e-42 0 9.55826e-42 0 1.84607e-41 0 3.40025e-41 0 6.21069e-41 0 1.08445e-40 0 1.84628e-40 0 3.12307e-40 0 5.06582e-40 0 8.17279e-40 0 1.28889e-39 0 2.02282e-39 0 3.05353e-39 0 4.59099e-39 0 6.87538e-39 0 9.92171e-39 0 1.45084e-38 0 2.08e-38 0 2.92498e-38 0 4.16791e-38 0
6.42193 5.76407e-14 5.76386e-14 2.04821e-18 3.55342e-05 0.0001271 0 0 0 0 0 0 0 0 0 0 0 0 0 0 0 0 0 0 1.4013e-45 0 4.2039e-45 0 2.10195e-44 0 8.12753e-44 0 2.76056e-43 0 8.56193e-43 0 2.3766e-42 0 6.19234e-42 0 1.51859e-41 0 3.44818e-41 0 7.56407e-41 0 1.54513e-40 0 3.11991e-40 0 6.00201e-40 0 1.12259e-39 0 2.00689e-39 0 3.55947e-39 0 6.04826e-39 0 1.00332e-38 0 1.65416e-38 0 2.62052e-38 0 4.13016e-38 0 6.37021e-38 0 9.77997e-38 0 1.44694e-37 0 2.13259e-37 0 3.13137e-37 0 4.43861e-37 0 6.37121e-37 0 8.97486e-37 0 1.24125e-36 0 1.73838e-36 0
6.75157 5.7787e-14 5.77855e-14 1.48016e-18 2.5614e-05 0.000113008 0 0 0 0 0 0 0 0 0 0 0 0 0 0 1.4013e-45 0 1.26117e-44 0 8.26766e-44 0 4.07778e-43 0 1.7236e-42 0 6.25119e-42 0 2.01128e-41 0 5.90619e-41 0 1.56005e-40 0 3.87865e-40 0 9.10532e-40 0 1.98626e-39 0 4.19325e-39 0 8.27208e-39 0 1.61395e-38 0 3.00727e-38 0 5.4553e-38 0 9.47989e-38 0 1.63499e-37 0 2.70719e-37 0 4.38121e-37 0 7.04908e-37 0 1.09191e-36 0 1.68314e-36 0 2.54166e-36 0 3.82131e-36 0 5.5465e-36 0 8.02143e-36 0 1.15594e-35 0 1.61083e-35 0 2.27175e-35 0 3.14702e-35 0 4.28406e-35 0 5.902e-35 0
7.09813 5.87098e-14 5.87088e-14 9.91237e-19 1.68837e-05 9.97437e-05 0 0 0 0 0 0 0 0 0 0 1.4013e-45 0 1.4013e-44 0 1.45735e-43 0 1.10983e-42 0 6.35209e-42 0 2.92339e-41 0 1.1504e-40 0 3.91851e-40 0 1.19093e-39 0 3.31797e-39 0 8.35813e-39 0 1.98765e-38 0 4.47568e-38 0 9.39859e-38 0 1.91307e-37 0 3.65081e-37 0 6.89435e-37 0 1.24618e-36 0 2.19582e-36 0 3.71419e-36 0 6.23762e-36 0 1.0077e-35 0 1.59293e-35 0 2.5041e-35 0 3.79689e-35 0 5.7304e-35 0 8.48093e-35 0 1.24995e-34 0 1.78155e-34 0 2.53051e-34 0 3.58214e-34 0 4.91157e-34 0 6.81148e-34 0 9.28691e-34 0 1.24534e-33 0 1.68903e-33 0
7.46248 7.23362e-14 7.23356e-14 5.58518e-19 7.72114e-06 8.68161e-05 0 0 0 0 0 0 0 0 2.8026e-45 0 8.68805e-44 0 1.36206e-42 0 1.31316e-41 0 9.08083e-41 0 4.77047e-40 0 2.03774e-39 0 7.50019e-39 0 2.40634e-38 0 6.92709e-38 0 1.83574e-37 0 4.42037e-37 0 1.00767e-36 0 2.18086e-36 0 4.41672e-36 0 8.68358e-36 0 1.60566e-35 0 2.93952e-35 0 5.16191e-35 0 8.84743e-35 0 1.45861e-34 0 2.38837e-34 0 3.76914e-34 0 5.82639e-34 0 8.95907e-34 0 1.3311e-33 0 1.96898e-33 0 2.85882e-33 0 4.13438e-33 0 5.79166e-33 0 8.0867e-33 0 1.12548e-32 0 1.51958e-32 0 2.074e-32 0 2.78526e-32 0 3.6818e-32 0 4.91982e-32 0
7.84553 1.40578e-13 1.40577e-13 2.79134e-19 1.98562e-06 7.4505e-05 0 0 0 0 0 0 5.60519e-45 0 4.55422e-43 0 1.27238e-41 0 1.73569e-40 0 1.49821e-39 0 9.42755e-39 0 4.56732e-38 0 1.81745e-37 0 6.27703e-37 0 1.90248e-36 0 5.20109e-36 0 1.31428e-35 0 3.03182e-35 0 6.63883e-35 0 1.38366e-34 0 2.70731e-34 0 5.14994e-34 0 9.24109e-34 0 1.64257e-33 0 2.8062e-33 0 4.68489e-33 0 7.5374e-33 0 1.20483e-32 0 1.85949e-32 0 2.81395e-32 0 4.23697e-32 0 6.17461e-32 0 8.9606e-32 0 1.27755e-31 0 1.81458e-31 0 2.50047e-31 0 3.43489e-31 0 4.70401e-31 0 6.25876e-31 0 8.41355e-31 0 1.11374e-30 0 1.45232e-30 0 1.91339e-30 0
8.24824 2.92426e-13 2.92425e-13 3.41095e-19 1.16643e-06 6.40295e-05 0 0 0 0 1.4013e-45 0 9.34666e-43 0 6.68097e-41 0 1.58806e-39 0 1.9069e-38 0 1.48158e-37 0 8.52213e-37 0 3.82256e-36 0 1.4219e-35 0 4.62253e-35 0 1.32719e-34 0 3.45448e-34 0 8.34299e-34 0 1.84762e-33 0 3.89387e-33 0 7.82972e-33 0 1.4826e-32 0 2.73308e-32 0 4.76624e-32 0 8.23721e-32 0 1.37094e-31 0 2.2322e-31 0 3.5089e-31 0 5.4819e-31 0 8.28316e-31 0 1.22838e-30 0 1.81299e-30 0 2.59396e-30 0 3.69654e-30 0 5.17981e-30 0 7.23225e-30 0 9.81115e-30 0 1.32702e-29 0 1.78964e-29 0 2.34818e-29 0 3.11135e-29 0 4.06263e-29 0 5.22944e-29 0 6.79753e-29 0
8.67162 4.46324e-13 4.46324e-13 6.13541e-19 1.37465e-06 5.57447e-05 0 0 0 0 2.42425e-43 0 9.96127e-41 0 5.77693e-39 0 1.17637e-37 0 1.25112e-36 0 8.79475e-36 0 4.64462e-35 0 1.93612e-34 0 6.75448e-34 0 2.07303e-33 0 5.6532e-33 0 1.4043e-32 0 3.24864e-32 0 6.92043e-32 0 1.40636e-31 0 2.73306e-31 0 5.01635e-31 0 8.97527e-31 0 1.52328e-30 0 2.5632e-30 0 4.16121e-30 0 6.61602e-30 0 1.01729e-29 0 1.55505e-29 0 2.3028e-29 0 3.34995e-29 0 4.85116e-29 0 6.82055e-29 0 9.553e-29 0 1.31675e-28 0 1.80878e-28 0 2.4175e-28 0 3.22197e-28 0 4.28221e-28 0 5.54464e-28 0 7.24643e-28 0 9.33952e-28 0 1.18746e-27 0 1.52389e-27 0
9.11674 6.58019e-13 6.58018e-13 1.19645e-18 1.81825e-06 4.7508e-05 0 5.60519e-45 0 0 2.68209e-41 0 8.22833e-39 0 3.91382e-37 0 6.87929e-36 0 6.51883e-35 0 4.16623e-34 0 2.02854e-33 0 7.8867e-33 0 2.58858e-32 0 7.52134e-32 0 1.95305e-31 0 4.64071e-31 0 1.03049e-30 0 2.11563e-30 0 4.15303e-30 0 7.81323e-30 0 1.39217e-29 0 2.42112e-29 0 4.00435e-29 0 6.56902e-29 0 1.04151e-28 0 1.61886e-28 0 2.43744e-28 0 3.64951e-28 0 5.30179e-28 0 7.5728e-28 0 1.07699e-27 0 1.48923e-27 0 2.05181e-27 0 2.78419e-27 0 3.76573e-27 0 4.96224e-27 0 6.52141e-27 0 8.54783e-27 0 1.09291e-26 0 1.4098e-26 0 1.79464e-26 0 2.25518e-26 0 2.85908e-26 0
9.5847 7.40379e-13 7.40378e-13 1.70194e-18 2.29874e-06 4.25477e-05 0 3.29305e-43 6.5861e-44 0 1.81489e-39 0 4.20989e-37 0 1.65832e-35 0 2.53412e-34 0 2.15164e-33 0 1.25607e-32 0 5.66095e-32 0 2.05972e-31 0 6.3793e-31 0 1.75951e-30 0 4.36088e-30 0 9.93333e-30 0 2.12147e-29 0 4.20515e-29 0 7.9874e-29 0 1.45704e-28 0 2.52397e-28 0 4.27243e-28 0 6.89479e-28 0 1.10406e-27 0 1.71153e-27 0 2.60362e-27 0 3.8426e-27 0 5.64115e-27 0 8.04704e-27 0 1.12956e-26 0 1.57906e-26 0 2.1492e-26 0 2.91513e-26 0 3.89714e-26 0 5.19389e-26 0 6.7526e-26 0 8.75671e-26 0 1.13271e-25 0 1.43098e-25 0 1.8231e-25 0 2.29358e-25 0 2.85018e-25 0 3.5718e-25 0
10.0767 6.63381e-13 6.63379e-13 1.6366e-18 2.46706e-06 4.04094e-05 0 1.44404e-41 4.69996e-42 0 7.90941e-38 0 1.40629e-35 0 4.62997e-34 0 6.19331e-33 0 4.73708e-32 0 2.53713e-31 0 1.06241e-30 0 3.62934e-30 0 1.0637e-29 0 2.79206e-29 0 6.62008e-29 0 1.44853e-28 0 2.98114e-28 0 5.71502e-28 0 1.05205e-27 0 1.86362e-27 0 3.14283e-27 0 5.18502e-27 0 8.17427e-27 0 1.2792e-26 0 1.94103e-26 0 2.89288e-26 0 4.18914e-26 0 6.03568e-26 0 8.4618e-26 0 1.16828e-25 0 1.60669e-25 0 2.15413e-25 0 2.87866e-25 0 3.79422e-25 0 4.98631e-25 0 6.40019e-25 0 8.19505e-25 0 1.04682e-24 0 1.30747e-24 0 1.64616e-24 0 2.04789e-24 0 2.51802e-24 0 3.12096e-24 0
10.5939 5.56502e-13 5.565e-13 1.48391e-18 2.6665e-06 3.97121e-05 8.40779e-45 4.96566e-40 2.52017e-40 0 2.6373e-36 0 3.64117e-34 0 1.01077e-32 0 1.19126e-31 0 8.24997e-31 0 4.07099e-30 0 1.58959e-29 0 5.1141e-29 0 1.4222e-28 0 3.56127e-28 0 8.09537e-28 0 1.7049e-27 0 3.38725e-27 0 6.29048e-27 0 1.124e-26 0 1.93624e-26 0 3.18304e-26 0 5.12456e-26 0 7.90137e-26 0 1.20975e-25 0 1.79866e-25 0 2.62897e-25 0 3.73877e-25 0 5.2916e-25 0 7.29725e-25 0 9.91755e-25 0 1.34287e-24 0 1.77483e-24 0 2.33844e-24 0 3.0409e-24 0 3.94335e-24 0 5.00018e-24 0 6.32562e-24 0 7.98421e-24 0 9.86456e-24 0 1.2281e-23 0 1.51161e-23 0 1.83996e-23 0 2.25676e-23 0
11.1377 4.37492e-13 4.37491e-13 1.17447e-18 2.68454e-06 4.07009e-05 5.29691e-43 1.35236e-38 1.02121e-38 0 6.80117e-35 0 7.38205e-33 0 1.74227e-31 0 1.82037e-30 0 1.14703e-29 0 5.23569e-29 0 1.91283e-28 0 5.81277e-28 0 1.53776e-27 0 3.68186e-27 0 8.04058e-27 0 1.63289e-26 0 3.13725e-26 0 5.65274e-26 0 9.81823e-26 0 1.64701e-25 0 2.64264e-25 0 4.15676e-25 0 6.27508e-25 0 9.40983e-25 0 1.37222e-24 0 1.96885e-24 0 2.75226e-24 0 3.82984e-24 0 5.19923e-24 0 6.96111e-24 0 9.2871e-24 0 1.21085e-23 0 1.57403e-23 0 2.02078e-23 0 2.58745e-23 0 3.24308e-23 0 4.05591e-23 0 5.06151e-23 0 6.1893e-23 0 7.62346e-23 0 9.28864e-23 0 1.11984e-22 0 1.35989e-22 0
11.7094 3.49328e-13 3.49327e-13 9.22938e-19 2.64204e-06 4.09402e-05 2.87434e-41 3.18289e-37 3.42495e-37 0 1.48405e-33 0 1.28131e-31 0 2.59156e-30 0 2.41464e-29 0 1.39071e-28 0 5.89441e-28 0 2.02148e-27 0 5.81846e-27 0 1.46786e-26 0 3.36784e-26 0 7.07961e-26 0 1.38885e-25 0 2.58466e-25 0 4.52511e-25 0 7.6506e-25 0 1.25138e-24 0 1.96203e-24 0 3.01869e-24 0 4.46632e-24 0 6.56631e-24 0 9.40079e-24 0 1.32525e-23 0 1.82252e-23 0 2.4955e-23 0 3.3376e-23 0 4.4054e-23 0 5.79527e-23 0 7.45862e-23 0 9.57235e-23 0 1.21403e-22 0 1.53582e-22 0 1.90386e-22 0 2.35519e-22 0 2.9075e-22 0 3.52059e-22 0 4.29247e-22 0 5.17987e-22 0 6.18809e-22 0 7.44365e-22 0
12.3105 2.72777e-13 2.72776e-13 7.07507e-19 2.59372e-06 4.07275e-05 1.22697e-39 6.274e-36 9.24581e-36 0 2.6618e-32 0 1.84863e-30 0 3.22847e-29 0 2.69751e-28 0 1.42633e-27 0 5.63382e-27 0 1.81928e-26 0 4.97304e-26 0 1.19916e-25 0 2.64201e-25 0 5.35598e-25 0 1.01671e-24 0 1.83558e-24 0 3.12698e-24 0 5.15296e-24 0 8.22843e-24 0 1.26211e-23 0 1.9014e-23 0 2.75994e-23 0 3.98198e-23 0 5.60187e-23 0 7.76578e-23 0 1.05148e-22 0 1.41783e-22 0 1.86955e-22 0 2.43445e-22 0 3.15992e-22 0 4.01708e-22 0 5.09307e-22 0 6.38484e-22 0 7.98502e-22 0 9.79529e-22 0 1.19921e-21 0 1.46529e-21 0 1.75777e-21 0 2.12251e-21 0 2.53792e-21 0 3.00569e-21 0 3.58308e-21 0
12.9424 2.1289e-13 2.1289e-13 5.27219e-19 2.47648e-06 3.89796e-05 4.25367e-38 1.06524e-34 2.0729e-34 0 4.04496e-31 0 2.28387e-29 0 3.46874e-28 0 2.6129e-27 0 1.2737e-26 0 4.70461e-26 0 1.43471e-25 0 3.73391e-25 0 8.62494e-25 0 1.82837e-24 0 3.58083e-24 0 6.58798e-24 0 1.15558e-23 0 1.91803e-23 0 3.08458e-23 0 4.8143e-23 0 7.23174e-23 0 1.0679e-22 0 1.52214e-22 0 2.15715e-22 0 2.98454e-22 0 4.07196e-22 0 5.43245e-22 0 7.21904e-22 0 9.39131e-22 0 1.20724e-21 0 1.54717e-21 0 1.94394e-21 0 2.43624e-21 0 3.02062e-21 0 3.73663e-21 0 4.53826e-21 0 5.50145e-21 0 6.65665e-21 0 7.91472e-21 0 9.46947e-21 0 1.12244e-20 0 1.31838e-20 0 1.55822e-20 0
13.6067 1.70127e-13 1.70127e-13 3.77545e-19 2.21919e-06 3.5431e-05 1.2394e-36 1.6056e-33 3.99e-33 0 5.37851e-30 0 2.49396e-28 0 3.31669e-27 0 2.26381e-26 0 1.0214e-25 0 3.53954e-25 0 1.02222e-24 0 2.539e-24 0 5.62994e-24 0 1.15048e-23 0 2.18045e-23 0 3.89393e-23 0 6.64541e-23 0 1.07605e-22 0 1.69083e-22 0 2.58224e-22 0 3.80258e-22 0 5.50934e-22 0 7.71808e-22 0 1.07533e-21 0 1.46438e-21 0 1.96786e-21 0 2.58865e-21 0 3.39256e-21 0 4.35709e-21 0 5.53272e-21 0 7.00522e-21 0 8.70415e-21 0 1.07889e-20 0 1.32372e-20 0 1.62057e-20 0 1.94965e-20 0 2.34133e-20 0 2.80673e-20 0 3.30909e-20 0 3.92461e-20 0 4.61347e-20 0 5.37645e-20 0 6.30287e-20 0
14.3051 1.56251e-13 1.56251e-13 2.59037e-19 1.65782e-06 3.03531e-05 3.43979e-35 2.42548e-32 7.46497e-32 0 7.07805e-29 0 2.72138e-27 0 3.1896e-26 0 1.98219e-25 0 8.30911e-25 0 2.70989e-24 0 7.43123e-24 0 1.76558e-23 0 3.76567e-23 0 7.4313e-23 0 1.36513e-22 0 2.36985e-22 0 3.94022e-22 0 6.23178e-22 0 9.57846e-22 0 1.43289e-21 0 2.07057e-21 0 2.94612e-21 0 4.05986e-21 0 5.5656e-21 0 7.46581e-21 0 9.88894e-21 0 1.28356e-20 0 1.6601e-20 0 2.10619e-20 0 2.64347e-20 0 3.30868e-20 0 4.06775e-20 0 4.98945e-20 0 6.06086e-20 0 7.34712e-20 0 8.75961e-20 0 1.04258e-19 0 1.2388e-19 0 1.44884e-19 0 1.70408e-19 0 1.98744e-19 0 2.29888e-19 0 2.67416e-19 0
15.0394 1.73889e-13 1.73889e-13 1.92723e-19 1.10831e-06 2.57021e-05 9.67536e-34 3.89323e-31 1.44299e-30 0 9.7905e-28 0 3.14993e-26 0 3.27384e-25 0 1.86093e-24 0 7.27361e-24 0 2.23914e-23 0 5.84521e-23 0 1.3313e-22 0 2.73635e-22 0 5.22372e-22 0 9.31527e-22 0 1.57415e-21 0 2.55308e-21 0 3.94854e-21 0 5.94299e-21 0 8.71732e-21 0 1.23724e-20 0 1.73035e-20 0 2.34745e-20 0 3.1689e-20 0 4.1903e-20 0 5.47467e-20 0 7.01606e-20 0 8.96106e-20 0 1.12377e-19 0 1.39487e-19 0 1.72685e-19 0 2.10172e-19 0 2.55237e-19 0 3.07114e-19 0 3.68809e-19 0 4.35954e-19 0 5.14486e-19 0 6.06191e-19 0 7.03569e-19 0 8.20987e-19 0 9.50336e-19 0 1.09147e-18 0 1.26031e-18 0
15.8114 2.00714e-13 2.00714e-13 1.59719e-19 7.95752e-07 2.20461e-05 2.38161e-32 5.71427e-30 2.4861e-29 0 1.22691e-26 0 3.33203e-25 0 3.08903e-24 0 1.61305e-23 0 5.8988e-23 0 1.71891e-22 0 4.28179e-22 0 9.36806e-22 0 1.85895e-21 0 3.43847e-21 0 5.96095e-21 0 9.8184e-21 0 1.55527e-20 0 2.35468e-20 0 3.47401e-20 0 5.00133e-20 0 6.978e-20 0 9.60064e-20 0 1.2832e-19 0 1.70704e-19 0 2.22667e-19 0 2.87144e-19 0 3.6356e-19 0 4.58831e-19 0 5.69075e-19 0 6.98949e-19 0 8.56326e-19 0 1.03227e-18 0 1.24177e-18 0 1.48073e-18 0 1.76237e-18 0 2.06628e-18 0 2.41885e-18 0 2.82727e-18 0 3.25766e-18 0 3.77279e-18 0 4.33612e-18 0 4.94653e-18 0 5.67174e-18 0
16.623 2.30668e-13 2.30668e-13 1.46037e-19 6.33102e-07 1.90564e-05 4.9658e-31 7.39993e-29 3.69194e-28 0 1.34602e-25 0 3.11127e-24 0 2.58722e-23 0 1.24627e-22 0 4.27793e-22 0 1.18316e-21 0 2.8188e-21 0 5.93591e-21 0 1.13913e-20 0 2.04471e-20 0 3.45076e-20 0 5.54701e-20 0 8.59154e-20 0 1.27468e-19 0 1.84525e-19 0 2.60966e-19 0 3.58234e-19 0 4.85255e-19 0 6.3946e-19 0 8.38902e-19 0 1.08016e-18 0 1.37575e-18 0 1.72191e-18 0 2.14859e-18 0 2.63697e-18 0 3.20643e-18 0 3.88964e-18 0 4.64625e-18 0 5.53901e-18 0 6.54839e-18 0 7.72792e-18 0 8.99045e-18 0 1.04439e-17 0 1.21147e-17 0 1.38626e-17 0 1.594e-17 0 1.8196e-17 0 2.06245e-17 0 2.34908e-17 0
17.4762 2.54367e-13 2.54367e-13 1.42691e-19 5.60965e-07 1.66637e-05 8.51935e-30 8.18878e-28 4.58654e-27 0 1.25373e-24 0 2.486e-23 0 1.86416e-22 0 8.31622e-22 0 2.6878e-21 0 7.07354e-21 0 1.61529e-20 0 3.28006e-20 0 6.09743e-20 0 1.06365e-19 0 1.74979e-19 0 2.74831e-19 0 4.16678e-19 0 6.06411e-19 0 8.62136e-19 0 1.19882e-18 0 1.62039e-18 0 2.16266e-18 0 2.81178e-18 0 3.64018e-18 0 4.62957e-18 0 5.82724e-18 0 7.21399e-18 0 8.90479e-18 0 1.08201e-17 0 1.30318e-17 0 1.56601e-17 0 1.85446e-17 0 2.19191e-17 0 2.57024e-17 0 3.00878e-17 0 3.47457e-17 0 4.00685e-17 0 4.61431e-17 0 5.24545e-17 0 5.99053e-17 0 6.79433e-17 0 7.65416e-17 0 8.66269e-17 0
18.3733 2.62564e-13 2.62564e-13 1.40786e-19 5.36196e-07 1.48433e-05 1.18204e-28 7.59008e-27 4.68131e-26 0 9.73007e-24 0 1.66752e-22 0 1.13327e-21 0 4.69968e-21 0 1.43438e-20 0 3.60069e-20 0 7.89751e-20 0 1.54918e-19 0 2.79396e-19 0 4.74324e-19 0 7.61565e-19 0 1.17007e-18 0 1.73829e-18 0 2.48389e-18 0 3.47121e-18 0 4.74973e-18 0 6.32624e-18 0 8.32517e-18 0 1.06861e-17 0 1.36611e-17 0 1.71714e-17 0 2.13722e-17 0 2.61839e-17 0 3.19903e-17 0 3.85031e-17 0 4.5954e-17 0 5.47292e-17 0 6.42773e-17 0 7.53558e-17 0 8.76784e-17 0 1.01852e-16 0 1.16796e-16 0 1.33754e-16 0 1.52974e-16 0 1.72812e-16 0 1.96084e-16 0 2.21031e-16 0 2.47558e-16 0 2.78489e-16 0
19.3164 2.50358e-13 2.50358e-13 1.33104e-19 5.31653e-07 1.3625e-05 1.31825e-27 5.8416e-26 3.89855e-25 0 6.24439e-23 0 9.31535e-22 0 5.76536e-21 0 2.23049e-20 0 6.4467e-20 0 1.54719e-19 0 3.26582e-19 0 6.19895e-19 0 1.08626e-18 0 1.79707e-18 0 2.8194e-18 0 4.24185e-18 0 6.18121e-18 0 8.67989e-18 0 1.19335e-17 0 1.60807e-17 0 2.11205e-17 0 2.74239e-17 0 3.47746e-17 0 4.39259e-17 0 5.45998e-17 0 6.72348e-17 0 8.15595e-17 0 9.86759e-17 0 1.17695e-16 0 1.39263e-16 0 1.64447e-16 0 1.91626e-16 0 2.22916e-16 0 2.57458e-16 0 2.96897e-16 0 3.3819e-16 0 3.84739e-16 0 4.37149e-16 0 4.90909e-16 0 5.53591e-16 0 6.20384e-16 0 6.91006e-16 0 7.72887e-16 0
20.3079 2.23721e-13 2.23721e-13 1.17299e-19 5.24312e-07 1.29289e-05 1.20707e-26 3.80413e-25 2.70393e-24 0 3.38023e-22 0 4.41926e-21 0 2.50223e-20 0 9.06178e-20 0 2.48682e-19 0 5.71857e-19 0 1.16385e-18 0 2.14108e-18 0 3.6505e-18 0 5.89264e-18 0 9.04383e-18 0 1.3338e-17 0 1.9082e-17 0 2.63553e-17 0 3.56754e-17 0 4.73787e-17 0 6.14047e-17 0 7.87208e-17 0 9.86703e-17 0 1.23223e-16 0 1.51548e-16 0 1.84731e-16 0 2.21985e-16 0 2.66085e-16 0 3.14652e-16 0 3.69267e-16 0 4.3252e-16 0 5.00255e-16 0 5.77659e-16 0 6.62493e-16 0 7.58678e-16 0 8.58721e-16 0 9.70785e-16 0 1.09617e-15 0 1.22403e-15 0 1.37224e-15 0 1.52928e-15 0 1.69442e-15 0 1.88487e-15 0
21.3503 1.99828e-13 1.99828e-13 9.9509e-20 4.97972e-07 1.22498e-05 9.74143e-26 2.24512e-24 1.67548e-23 0 1.65465e-21 0 1.90811e-20 0 9.92698e-20 0 3.37611e-19 0 8.81946e-19 0 1.94728e-18 0 3.82798e-18 0 6.83566e-18 0 1.1355e-17 0 1.79057e-17 0 2.69122e-17 0 3.89448e-17 0 5.47507e-17 0 7.44363e-17 0 9.9281e-17 0 1.30036e-16 0 1.66412e-16 0 2.10768e-16 0 2.61283e-16 0 3.22779e-16 0 3.92985e-16 0 4.74424e-16 0 5.65011e-16 0 6.71292e-16 0 7.87348e-16 0 9.16816e-16 0 1.0656e-15 0 1.22376e-15 0 1.40322e-15 0 1.59856e-15 0 1.81858e-15 0 2.04597e-15 0 2.29916e-15 0 2.58077e-15 0 2.8663e-15 0 3.1955e-15 0 3.5424e-15 0 3.90533e-15 0 4.32174e-15 0
22.4463 1.7872e-13 1.7872e-13 8.38126e-20 4.6896e-07 1.16013e-05 6.98393e-25 1.20783e-23 9.34261e-23 0 7.37317e-21 0 7.54579e-20 0 3.62201e-19 0 1.16036e-18 0 2.89241e-18 0 6.14398e-18 0 1.16858e-17 0 2.02851e-17 0 3.28716e-17 0 5.06953e-17 0 7.46942e-17 0 1.06157e-16 0 1.4678e-16 0 1.96585e-16 0 2.58538e-16 0 3.34196e-16 0 4.22562e-16 0 5.29054e-16 0 6.49011e-16 0 7.9353e-16 0 9.56888e-16 0 1.14461e-15 0 1.35159e-15 0 1.59237e-15 0 1.85318e-15 0 2.14193e-15 0 2.47132e-15 0 2.819e-15 0 3.21087e-15 0 3.63466e-15 0 4.10896e-15 0 4.59622e-15 0 5.13567e-15 0 5.73227e-15 0 6.33396e-15 0 7.02402e-15 0 7.74746e-15 0 8.50064e-15 0 9.36062e-15 0
23.5984 1.6022e-13 1.6022e-13 6.9722e-20 4.35163e-07 1.09673e-05 4.4788e-24 5.95258e-23 4.71751e-22 0 3.00795e-20 0 2.74793e-19 0 1.22177e-18 0 3.69783e-18 0 8.81546e-18 0 1.80493e-17 0 3.32689e-17 0 5.62161e-17 0 8.89754e-17 0 1.34348e-16 0 1.94237e-16 0 2.71358e-16 0 3.69308e-16 0 4.87614e-16 0 6.32764e-16 0 8.07747e-16 0 1.0097e-15 0 1.25036e-15 0 1.51863e-15 0 1.83866e-15 0 2.197e-15 0 2.60513e-15 0 3.05133e-15 0 3.56626e-15 0 4.11975e-15 0 4.72811e-15 0 5.41725e-15 0 6.1398e-15 0 6.949e-15 0 7.81869e-15 0 8.7862e-15 0 9.7745e-15 0 1.08627e-14 0 1.20597e-14 0 1.32608e-14 0 1.46314e-14 0 1.60613e-14 0 1.75431e-14 0 1.92272e-14 0
24.8097 1.44193e-13 1.44193e-13 5.80618e-20 4.02667e-07 1.0343e-05 2.58749e-23 2.70163e-22 2.1711e-21 0 1.13014e-19 0 9.26747e-19 0 3.83096e-18 0 1.09846e-17 0 2.50992e-17 0 4.96227e-17 0 8.87752e-17 0 1.46215e-16 0 2.26289e-16 0 3.34878e-16 0 4.75523e-16 0 6.53569e-16 0 8.762e-16 0 1.1413e-15 0 1.46231e-15 0 1.84457e-15 0 2.28076e-15 0 2.79505e-15 0 3.36269e-15 0 4.03349e-15 0 4.77786e-15 0 5.61849e-15 0 6.53022e-15 0 7.57435e-15 0 8.68847e-15 0 9.90467e-15 0 1.12732e-14 0 1.26989e-14 0 1.4286e-14 0 1.59816e-14 0 1.78572e-14 0 1.97627e-14 0 2.185e-14 0 2.41343e-14 0 2.64152e-14 0 2.90059e-14 0 3.16959e-14 0 3.44713e-14 0 3.76117e-14 0
26.0832 1.29516e-13 1.29516e-13 4.79628e-20 3.70324e-07 9.75976e-06 1.34591e-22 1.12668e-21 9.0968e-21 0 3.90424e-19 0 2.88901e-18 0 1.1143e-17 0 3.03488e-17 0 6.66035e-17 0 1.27369e-16 0 2.21484e-16 0 3.5601e-16 0 5.39355e-16 0 7.83045e-16 0 1.09304e-15 0 1.47915e-15 0 1.95483e-15 0 2.51361e-15 0 3.18188e-15 0 3.9684e-15 0 4.85622e-15 0 5.89248e-15 0 7.02545e-15 0 8.3524e-15 0 9.81235e-15 0 1.14478e-14 0 1.32082e-14 0 1.52095e-14 0 1.73302e-14 0 1.96301e-14 0 2.22016e-14 0 2.48644e-14 0 2.78115e-14 0 3.09427e-14 0 3.43873e-14 0 3.78688e-14 0 4.16636e-14 0 4.57964e-14 0 4.9904e-14 0 5.45486e-14 0 5.935e-14 0 6.42828e-14 0 6.98413e-14 0
27.4221 1.16156e-13 1.16156e-13 3.96177e-20 3.41072e-07 9.21819e-06 6.33793e-22 4.33433e-21 3.48722e-20 0 1.2457e-18 0 8.35966e-18 0 3.0187e-17 0 7.82912e-17 0 1.65349e-16 0 3.06353e-16 0 5.18524e-16 0 8.14375e-16 0 1.20901e-15 0 1.7236e-15 0 2.36708e-15 0 3.15628e-15 0 4.11489e-15 0 5.22658e-15 0 6.54039e-15 0 8.06961e-15 0 9.77809e-15 0 1.17531e-14 0 1.38931e-14 0 1.63783e-14 0 1.90904e-14 0 2.21052e-14 0 2.53269e-14 0 2.89642e-14 0 3.27931e-14 0 3.69198e-14 0 4.1506e-14 0 4.62279e-14 0 5.14251e-14 0 5.69175e-14 0 6.29286e-14 0 6.89741e-14 0 7.55331e-14 0 8.2643e-14 0 8.96785e-14 0 9.76001e-14 0 1.05754e-13 0 1.14098e-13 0 1.23463e-13 0
28.8297 1.04584e-13 1.04584e-13 3.27181e-20 3.12841e-07 8.67973e-06 2.72966e-21 1.55163e-20 1.23498e-19 0 3.70489e-18 0 2.2656e-17 0 7.68401e-17 0 1.90228e-16 0 3.87355e-16 0 6.96393e-16 0 1.14879e-15 0 1.76492e-15 0 2.57011e-15 0 3.60113e-15 0 4.86955e-15 0 6.40251e-15 0 8.23967e-15 0 1.03442e-14 0 1.28035e-14 0 1.56359e-14 0 1.87695e-14 0 2.23589e-14 0 2.6215e-14 0 3.0657e-14 0 3.54672e-14 0 4.07754e-14 0 4.64087e-14 0 5.27272e-14 0 5.93367e-14 0 6.6418e-14 0 7.42429e-14 0 8.22552e-14 0 9.1028e-14 0 1.00252e-13 0 1.10298e-13 0 1.20354e-13 0 1.31216e-13 0 1.42938e-13 0 1.54489e-13 0 1.67442e-13 0 1.80722e-13 0 1.94259e-13 0 2.09396e-13 0
30.3095 9.41221e-14 9.4122e-14 2.70056e-20 2.86921e-07 8.17072e-06 1.07543e-20 5.16296e-20 4.03926e-19 0 1.02636e-17 0 5.74526e-17 0 1.83577e-16 0 4.34794e-16 0 8.55147e-16 0 1.49399e-15 0 2.40504e-15 0 3.61826e-15 0 5.17317e-15 0 7.13004e-15 0 9.50044e-15 0 1.23254e-14 0 1.5668e-14 0 1.94526e-14 0 2.38279e-14 0 2.88166e-14 0 3.42846e-14 0 4.04935e-14 0 4.71099e-14 0 5.46729e-14 0 6.28028e-14 0 7.17122e-14 0 8.11056e-14 0 9.15755e-14 0 1.02462e-13 0 1.14061e-13 0 1.26807e-13 0 1.39791e-13 0 1.53936e-13 0 1.68738e-13 0 1.84783e-13 0 2.00773e-13 0 2.17971e-13 0 2.36453e-13 0 2.54594e-13 0 2.74857e-13 0 2.95553e-13 0 3.16574e-13 0 3.39993e-13 0
31.8653 8.49003e-14 8.49003e-14 2.22008e-20 2.61493e-07 7.66669e-06 3.90328e-20 1.60608e-19 1.22819e-18 0 2.6648e-17 0 1.37137e-16 0 4.14031e-16 0 9.40186e-16 0 1.78908e-15 0 3.04163e-15 0 4.78392e-15 0 7.05509e-15 0 9.91239e-15 0 1.34497e-14 0 1.76716e-14 0 2.26368e-14 0 2.84405e-14 0 3.49393e-14 0 4.23762e-14 0 5.07746e-14 0 5.98989e-14 0 7.0174e-14 0 8.1039e-14 0 9.33679e-14 0 1.06528e-13 0 1.20855e-13 0 1.35867e-13 0 1.52499e-13 0 1.69695e-13 0 1.87918e-13 0 2.0784e-13 0 2.28033e-13 0 2.49929e-13 0 2.72736e-13 0 2.97348e-13 0 3.21772e-13 0 3.47935e-13 0 3.75941e-13 0 4.03325e-13 0 4.33801e-13 0 4.64815e-13 0 4.96206e-13 0 5.3106e-13 0
33.5009 7.64473e-14 7.64473e-14 1.82809e-20 2.39131e-07 7.20004e-06 1.30522e-19 4.6657e-19 3.4705e-18 0 6.47951e-17 0 3.07819e-16 0 8.80526e-16 0 1.92103e-15 0 3.54247e-15 0 5.86854e-15 0 9.0283e-15 0 1.30643e-14 0 1.80531e-14 0 2.41332e-14 0 3.1289e-14 0 3.95985e-14 0 4.91996e-14 0 5.98378e-14 0 7.18937e-14 0 8.53851e-14 0 9.99194e-14 0 1.16158e-13 0 1.33204e-13 0 1.52411e-13 0 1.72777e-13 0 1.94811e-13 0 2.1776e-13 0 2.43043e-13 0 2.69042e-13 0 2.96453e-13 0 3.26272e-13 0 3.56355e-13 0 3.88828e-13 0 4.22505e-13 0 4.58693e-13 0 4.94461e-13 0 5.32628e-13 0 5.73329e-13 0 6.12982e-13 0 6.5696e-13 0 7.01559e-13 0 7.46553e-13 0 7.96348e-13 0
35.2205 6.9445e-14 6.9445e-14 1.50198e-20 2.16283e-07 6.7134e-06 4.07981e-19 1.28283e-18 9.24244e-18 0 1.4958e-16 0 6.58545e-16 0 1.78956e-15 0 3.75835e-15 0 6.72657e-15 0 1.08721e-14 0 1.63778e-14 0 2.32756e-14 0 3.16599e-14 0 4.17269e-14 0 5.34179e-14 0 6.68314e-14 0 8.216e-14 0 9.89745e-14 0 1.17855e-13 0 1.388e-13 0 1.61185e-13 0 1.86009e-13 0 2.11882e-13 0 2.40846e-13 0 2.71363e-13 0 3.04181e-13 0 3.3817e-13 0 3.75415e-13 0 4.13517e-13 0 4.53494e-13 0 4.9678e-13 0 5.40252e-13 0 5.86978e-13 0 6.35236e-13 0 6.86883e-13 0 7.37735e-13 0 7.91801e-13 0 8.49247e-13 0 9.05024e-13 0 9.66679e-13 0 1.029e-12 0 1.09167e-12 0 1.16082e-12 0
37.0284 6.29738e-14 6.29738e-14 1.23443e-20 1.96023e-07 6.26259e-06 1.18393e-18 3.31224e-18 2.30308e-17 0 3.25359e-16 0 1.33243e-15 0 3.44834e-15 0 6.98436e-15 0 1.21501e-14 0 1.91832e-14 0 2.83253e-14 0 3.95701e-14 0 5.30215e-14 0 6.89453e-14 0 8.72043e-14 0 1.07915e-13 0 1.31336e-13 0 1.56782e-13 0 1.85105e-13 0 2.16269e-13 0 2.49321e-13 0 2.85712e-13 0 3.23392e-13 0 3.65306e-13 0 4.09203e-13 0 4.5614e-13 0 5.04494e-13 0 5.57208e-13 0 6.1087e-13 0 6.66915e-13 0 7.27327e-13 0 7.87741e-13 0 8.52413e-13 0 9.18942e-13 0 9.8987e-13 0 1.05945e-12 0 1.13318e-12 0 1.21124e-12 0 1.28679e-12 0 1.37004e-12 0 1.45392e-12 0 1.53803e-12 0 1.63056e-12 0
38.9291 5.69779e-14 5.69779e-14 1.01562e-20 1.78249e-07 5.8479e-06 3.19938e-18 8.0481e-18 5.38414e-17 0 6.68376e-16 0 2.55511e-15 0 6.31264e-15 0 1.23527e-14 0 2.09159e-14 0 3.22948e-14 0 4.67868e-14 0 6.43023e-14 0 8.49389e-14 0 1.09041e-13 0 1.36346e-13 0 1.66981e-13 0 2.01281e-13 0 2.38212e-13 0 2.78974e-13 0 3.23474e-13 0 3.7033e-13 0 4.2157e-13 0 4.7429e-13 0 5.32582e-13 0 5.93284e-13 0 6.5784e-13 0 7.24005e-13 0 7.95784e-13 0 8.68515e-13 0 9.44143e-13 0 1.02532e-12 0 1.10617e-12 0 1.19238e-12 0 1.28073e-12 0 1.37459e-12 0 1.46634e-12 0 1.56323e-12 0 1.6655e-12 0 1.76416e-12 0 1.87255e-12 0 1.98145e-12 0 2.09033e-12 0 2.20977e-12 0
40.9273 5.14285e-14 5.14285e-14 8.36635e-21 1.62679e-07 5.46685e-06 8.07702e-18 1.84458e-17 1.18424e-16 0 1.29998e-15 0 4.65468e-15 0 1.10031e-14 0 2.08367e-14 0 3.43857e-14 0 5.19784e-14 0 7.39525e-14 0 1.00072e-13 0 1.30404e-13 0 1.65379e-13 0 2.04547e-13 0 2.48039e-13 0 2.96275e-13 0 3.47762e-13 0 4.04141e-13 0 4.65234e-13 0 5.29117e-13 0 5.98529e-13 0 6.69515e-13 0 7.4756e-13 0 8.28387e-13 0 9.13904e-13 0 1.00113e-12 0 1.09531e-12 0 1.19033e-12 0 1.28872e-12 0 1.39389e-12 0 1.49824e-12 0 1.6091e-12 0 1.72231e-12 0 1.84216e-12 0 1.95893e-12 0 2.08186e-12 0 2.2112e-12 0 2.33562e-12 0 2.47192e-12 0 2.60845e-12 0 2.74461e-12 0 2.89358e-12 0
43.0281 4.63914e-14 4.63914e-14 6.87499e-21 1.48195e-07 5.10042e-06 1.9145e-17 4.00463e-17 2.46211e-16 0 2.40437e-15 0 8.08927e-15 0 1.83354e-14 0 3.36564e-14 0 5.41993e-14 0 8.02929e-14 0 1.12287e-13 0 1.4972e-13 0 1.92594e-13 0 2.41431e-13 0 2.95528e-13 0 3.55008e-13 0 4.20383e-13 0 4.89593e-13 0 5.64807e-13 0 6.45734e-13 0 7.29803e-13 0 8.20589e-13 0 9.12902e-13 0 1.01385e-12 0 1.11785e-12 0 1.22734e-12 0 1.33851e-12 0 1.45803e-12 0 1.57808e-12 0 1.70191e-12 0 1.83377e-12 0 1.96411e-12 0 2.10211e-12 0 2.24255e-12 0 2.39072e-12 0 2.53466e-12 0 2.68572e-12 0 2.8442e-12 0 2.99622e-12 0 3.16229e-12 0 3.32822e-12 0 3.49326e-12 0 3.67337e-12 0
45.2368 4.17495e-14 4.17495e-14 5.64749e-21 1.35271e-07 4.75795e-06 4.26627e-17 8.2402e-17 4.8433e-16 0 4.23171e-15 0 1.34183e-14 0 2.92232e-14 0 5.20746e-14 0 8.19311e-14 0 1.19069e-13 0 1.63811e-13 0 2.15372e-13 0 2.73662e-13 0 3.3929e-13 0 4.11235e-13 0 4.896e-13 0 5.74996e-13 0 6.64696e-13 0 7.61479e-13 0 8.64912e-13 0 9.71694e-13 0 1.08633e-12 0 1.20227e-12 0 1.32839e-12 0 1.45769e-12 0 1.59319e-12 0 1.73016e-12 0 1.87679e-12 0 2.02349e-12 0 2.17423e-12 0 2.33417e-12 0 2.49171e-12 0 2.65795e-12 0 2.82659e-12 0 3.00396e-12 0 3.17574e-12 0 3.35552e-12 0 3.54359e-12 0 3.72351e-12 0 3.91956e-12 0 4.11493e-12 0 4.30879e-12 0 4.51984e-12 0
47.5588 3.76366e-14 3.76366e-14 4.63378e-21 1.23119e-07 4.42464e-06 9.00024e-17 1.61716e-16 9.07472e-16 0 7.13256e-15 0 2.13775e-14 0 4.48213e-14 0 7.76484e-14 0 1.19494e-13 0 1.70518e-13 0 2.30966e-13 0 2.99635e-13 0 3.76304e-13 0 4.61677e-13 0 5.54344e-13 0 6.54383e-13 0 7.62512e-13 0 8.75248e-13 0 9.96056e-13 0 1.12434e-12 0 1.25599e-12 0 1.39655e-12 0 1.53796e-12 0 1.69104e-12 0 1.84724e-12 0 2.01021e-12 0 2.17426e-12 0 2.34917e-12 0 2.52352e-12 0 2.70201e-12 0 2.89074e-12 0 3.07602e-12 0 3.27092e-12 0 3.46802e-12 0 3.6747e-12 0 3.8743e-12 0 4.08264e-12 0 4.3e-12 0 4.50742e-12 0 4.73287e-12 0 4.957e-12 0 5.17888e-12 0 5.41988e-12 0
50 3.38159e-14 3.38159e-14 3.80453e-21 1.12507e-07 4.11723e-06 1.79339e-16 3.01812e-16 1.61531e-15 0 1.14802e-14 0 3.26127e-14 0 6.59501e-14 0 1.11228e-13 0 1.67604e-13 0 2.35055e-13 0 3.137e-13 0 4.01827e-13 0 4.99062e-13 0 6.06204e-13 0 7.2141e-13 0 8.44728e-13 0 9.76987e-13 0 1.11391e-12 0 1.25968e-12 0 1.41353e-12 0 1.57054e-12 0 1.73727e-12 0 1.90419e-12 0 2.08405e-12 0 2.26676e-12 0 2.45658e-12 0 2.6469e-12 0 2.84906e-12 0 3.04982e-12 0 3.25467e-12 0 3.47054e-12 0 3.68181e-12 0 3.90336e-12 0 4.12677e-12 0 4.36038e-12 0 4.58536e-12 0 4.8196e-12 0 5.06336e-12 0 5.29541e-12 0 5.54705e-12 0 5.79663e-12 0 6.04316e-12 0 6.31036e-12 0
52.5665 3.0418e-14 3.0418e-14 3.11956e-21 1.02556e-07 3.81993e-06 3.3994e-16 5.3917e-16 2.75027e-15 0 1.77618e-14 0 4.79497e-14 0 9.36876e-14 0 1.54027e-13 0 2.27497e-13 0 3.13825e-13 0 4.12965e-13 0 5.22623e-13 0 6.42257e-13 0 7.72769e-13 0 9.11851e-13 0 1.05953e-12 0 1.21675e-12 0 1.37842e-12 0 1.54948e-12 0 1.72897e-12 0 1.91115e-12 0 2.10366e-12 0 2.29549e-12 0 2.50126e-12 0 2.70941e-12 0 2.92479e-12 0 3.13993e-12 0 3.36762e-12 0 3.59297e-12 0 3.82215e-12 0 4.0629e-12 0 4.29782e-12 0 4.54346e-12 0 4.79047e-12 0 5.04807e-12 0 5.29552e-12 0 5.55252e-12 0 5.81932e-12 0 6.07272e-12 0 6.3469e-12 0 6.61824e-12 0 6.88571e-12 0 7.17499e-12 0
55.2648 2.73422e-14 2.73422e-14 2.55623e-21 9.34903e-08 3.53817e-06 6.1335e-16 9.22069e-16 4.48076e-15 0 2.64186e-14 0 6.79439e-14 0 1.28483e-13 0 2.06166e-13 0 2.98763e-13 0 4.05713e-13 0 5.26772e-13 0 6.5903e-13 0 8.01781e-13 0 9.56035e-13 0 1.11902e-12 0 1.29076e-12 0 1.47232e-12 0 1.65782e-12 0 1.85294e-12 0 2.05655e-12 0 2.26216e-12 0 2.47839e-12 0 2.69289e-12 0 2.92202e-12 0 3.15286e-12 0 3.39081e-12 0 3.62764e-12 0 3.87743e-12 0 4.12383e-12 0 4.37366e-12 0 4.63531e-12 0 4.8899e-12 0 5.15538e-12 0 5.42164e-12 0 5.69859e-12 0 5.96399e-12 0 6.23898e-12 0 6.52382e-12 0 6.79375e-12 0 7.08521e-12 0 7.37304e-12 0 7.6562e-12 0 7.96186e-12 0
58.1015 2.45657e-14 2.45657e-14 2.0955e-21 8.53021e-08 3.2725e-06 1.05615e-15 1.51275e-15 7.00168e-15 0 3.78564e-14 0 9.29717e-14 0 1.70426e-13 0 2.67228e-13 0 3.80299e-13 0 5.0878e-13 0 6.52225e-13 0 8.07107e-13 0 9.72578e-13 0 1.14977e-12 0 1.33549e-12 0 1.52975e-12 0 1.73375e-12 0 1.94091e-12 0 2.1576e-12 0 2.38254e-12 0 2.60859e-12 0 2.84523e-12 0 3.07898e-12 0 3.32767e-12 0 3.57726e-12 0 3.83361e-12 0 4.08788e-12 0 4.35519e-12 0 4.61805e-12 0 4.88378e-12 0 5.1613e-12 0 5.43059e-12 0 5.71068e-12 0 5.99088e-12 0 6.28163e-12 0 6.55961e-12 0 6.847e-12 0 7.14402e-12 0 7.42492e-12 0 7.72761e-12 0 8.02593e-12 0 8.31887e-12 0 8.63448e-12 0
61.0839 2.20727e-14 2.20727e-14 1.71649e-21 7.77654e-08 3.02041e-06 1.7405e-15 2.38648e-15 1.05206e-14 0 5.23834e-14 0 1.23127e-13 0 2.19124e-13 0 3.36124e-13 0 4.70178e-13 0 6.20148e-13 0 7.85413e-13 0 9.61866e-13 0 1.14856e-12 0 1.34678e-12 0 1.55292e-12 0 1.76706e-12 0 1.99051e-12 0 2.21611e-12 0 2.45083e-12 0 2.69328e-12 0 2.93579e-12 0 3.18858e-12 0 3.43727e-12 0 3.70085e-12 0 3.96442e-12 0 4.2342e-12 0 4.50091e-12 0 4.78044e-12 0 5.0545e-12 0 5.33079e-12 0 5.61855e-12 0 5.89705e-12 0 6.18601e-12 0 6.4744e-12 0 6.77295e-12 0 7.05775e-12 0 7.35158e-12 0 7.65462e-12 0 7.94066e-12 0 8.2483e-12 0 8.55092e-12 0 8.84755e-12 0 9.16658e-12 0
64.2193 1.98193e-14 1.98193e-14 1.40541e-21 7.09109e-08 2.78334e-06 2.74891e-15 3.62379e-15 1.52188e-14 0 7.00639e-14 0 1.57955e-13 0 2.73306e-13 0 4.1057e-13 0 5.64982e-13 0 7.35189e-13 0 9.20436e-13 0 1.11613e-12 0 1.32128e-12 0 1.53731e-12 0 1.76034e-12 0 1.9905e-12 0 2.22921e-12 0 2.4689e-12 0 2.71703e-12 0 2.97209e-12 0 3.22612e-12 0 3.48982e-12 0 3.74826e-12 0 4.02117e-12 0 4.29312e-12 0 4.57058e-12 0 4.84403e-12 0 5.12978e-12 0 5.40915e-12 0 5.69004e-12 0 5.98185e-12 0 6.26357e-12 0 6.5552e-12 0 6.84558e-12 0 7.14553e-12 0 7.43107e-12 0 7.72509e-12 0 8.02772e-12 0 8.31283e-12 0 8.61892e-12 0 8.91947e-12 0 9.21358e-12 0 9.52935e-12 0
67.5157 1.78048e-14 1.78048e-14 1.1505e-21 6.4617e-08 2.56008e-06 4.17428e-15 5.31143e-15 2.12576e-14 0 9.08351e-14 0 1.96815e-13 0 3.3155e-13 0 4.88269e-13 0 6.61515e-13 0 8.49811e-13 0 1.05234e-12 0 1.26413e-12 0 1.48421e-12 0 1.71417e-12 0 1.94993e-12 0 2.1917e-12 0 2.44101e-12 0 2.69005e-12 0 2.94661e-12 0 3.20916e-12 0 3.46955e-12 0 3.7388e-12 0 4.00171e-12 0 4.2784e-12 0 4.55321e-12 0 4.8327e-12 0 5.10736e-12 0 5.39357e-12 0 5.67263e-12 0 5.95251e-12 0 6.24255e-12 0 6.52192e-12 0 6.81047e-12 0 7.09717e-12 0 7.3927e-12 0 7.67347e-12 0 7.96202e-12 0 8.25848e-12 0 8.53728e-12 0 8.83607e-12 0 9.12897e-12 0 9.41511e-12 0 9.72184e-12 0
70.9813 1.59961e-14 1.59961e-14 9.41979e-22 5.88882e-08 2.35101e-06 6.10366e-15 7.52324e-15 2.87083e-14 0 1.14276e-13 0 2.38433e-13 0 3.91562e-13 0 5.65857e-13 0 7.55354e-13 0 9.58575e-13 0 1.1747e-12 0 1.39856e-12 0 1.62924e-12 0 1.86849e-12 0 2.11217e-12 0 2.36056e-12 0 2.61532e-12 0 2.86853e-12 0 3.12819e-12 0 3.39278e-12 0 3.65415e-12 0 3.92342e-12 0 4.18544e-12 0 4.46028e-12 0 4.73241e-12 0 5.00836e-12 0 5.27878e-12 0 5.55981e-12 0 5.83314e-12 0 6.10661e-12 0 6.38936e-12 0 6.66111e-12 0 6.94118e-12 0 7.2189e-12 0 7.50459e-12 0 7.77551e-12 0 8.05344e-12 0 8.33847e-12 0 8.60608e-12 0 8.89241e-12 0 9.17263e-12 0 9.44597e-12 0 9.73853e-12 0
74.6248 1.43808e-14 1.43808e-14 7.70815e-22 5.36004e-08 2.15503e-06 8.61507e-15 1.03198e-14 3.75705e-14 0 1.39799e-13 0 2.814e-13 0 4.51071e-13 0 6.40247e-13 0 8.42697e-13 0 1.05706e-12 0 1.28261e-12 0 1.51409e-12 0 1.75076e-12 0 1.99449e-12 0 2.24117e-12 0 2.4912e-12 0 2.74631e-12 0 2.99868e-12 0 3.25635e-12 0 3.51785e-12 0 3.77519e-12 0 4.03938e-12 0 4.29561e-12 0 4.56355e-12 0 4.82805e-12 0 5.09552e-12 0 5.35693e-12 0 5.62792e-12 0 5.89084e-12 0 6.15331e-12 0 6.42408e-12 0 6.68376e-12 0 6.95088e-12 0 7.21522e-12 0 7.48666e-12 0 7.74359e-12 0 8.00672e-12 0 8.27612e-12 0 8.52865e-12 0 8.79842e-12 0 9.06203e-12 0 9.31881e-12 0 9.59324e-12 0
78.4553 1.29247e-14 1.29247e-14 6.30628e-22 4.87926e-08 1.97304e-06 1.17469e-14 1.37159e-14 4.76746e-14 0 1.66375e-13 0 3.23652e-13 0 5.0699e-13 0 7.07428e-13 0 9.18728e-13 0 1.13977e-12 0 1.36999e-12 0 1.60422e-12 0 1.84189e-12 0 2.08503e-12 0 2.32965e-12 0 2.57625e-12 0 2.82663e-12 0 3.0732e-12 0 3.32392e-12 0 3.57738e-12 0 3.82593e-12 0 4.08023e-12 0 4.32611e-12 0 4.58247e-12 0 4.83481e-12 0 5.08931e-12 0 5.33743e-12 0 5.59402e-12 0 5.84241e-12 0 6.08982e-12 0 6.34454e-12 0 6.58834e-12 0 6.83864e-12 0 7.08589e-12 0 7.33931e-12 0 7.57879e-12 0 7.82365e-12 0 8.07395e-12 0 8.30821e-12 0 8.55811e-12 0 8.80194e-12 0 9.03912e-12 0 9.29226e-12 0
82.4824 1.16202e-14 1.16202e-14 5.16131e-22 4.44166e-08 1.80437e-06 1.55097e-14 1.76994e-14 5.87849e-14 0 1.93006e-13 0 3.63463e-13 0 5.57023e-13 0 7.64717e-13 0 9.80557e-13 0 1.20376e-12 0 1.434e-12 0 1.66632e-12 0 1.90037e-12 0 2.13829e-12 0 2.3763e-12 0 2.61501e-12 0 2.85625e-12 0 3.09282e-12 0 3.33242e-12 0 3.57376e-12 0 3.80961e-12 0 4.05017e-12 0 4.28206e-12 0 4.52316e-12 0 4.75986e-12 0 4.99798e-12 0 5.22957e-12 0 5.46853e-12 0 5.69934e-12 0 5.92878e-12 0 6.16453e-12 0 6.38975e-12 0 6.62056e-12 0 6.84816e-12 0 7.08105e-12 0 7.30076e-12 0 7.52508e-12 0 7.75402e-12 0 7.968e-12 0 8.19593e-12 0 8.41803e-12 0 8.63378e-12 0 8.86377e-12 0
86.7162 1.04553e-14 1.04553e-14 4.22358e-22 4.03964e-08 1.648e-06 1.9868e-14 2.22139e-14 7.05616e-14 0 2.18612e-13 0 3.99167e-13 0 5.99138e-13 0 8.09931e-13 0 1.02603e-12 0 1.24707e-12 0 1.473e-12 0 1.69918e-12 0 1.9255e-12 0 2.15419e-12 0 2.38172e-12 0 2.60884e-12 0 2.83733e-12 0 3.06049e-12 0 3.28569e-12 0 3.51172e-12 0 3.73191e-12 0 3.95581e-12 0 4.17105e-12 0 4.39424e-12 0 4.6128e-12 0 4.83215e-12 0 5.045e-12 0 5.26415e-12 0 5.4754e-12 0 5.68499e-12 0 5.89994e-12 0 6.10492e-12 0 6.31462e-12 0 6.52108e-12 0 6.73199e-12 0 6.93067e-12 0 7.13321e-12 0 7.33965e-12 0 7.53232e-12 0 7.73728e-12 0 7.93675e-12 0 8.13027e-12 0 8.33631e-12 0
91.1674 9.4087e-15 9.4087e-15 3.45531e-22 3.67246e-08 1.50344e-06 2.47161e-14 2.71348e-14 8.25135e-14 0 2.41918e-13 0 4.28942e-13 0 6.31214e-13 0 8.40857e-13 0 1.05302e-12 0 1.26779e-12 0 1.4854e-12 0 1.70164e-12 0 1.91662e-12 0 2.13261e-12 0 2.34642e-12 0 2.55885e-12 0 2.77168e-12 0 2.97874e-12 0 3.18696e-12 0 3.39526e-12 0 3.59757e-12 0 3.80269e-12 0 3.99936e-12 0 4.20278e-12 0 4.40151e-12 0 4.6005e-12 0 4.79318e-12 0 4.99117e-12 0 5.18164e-12 0 5.37028e-12 0 5.56339e-12 0 5.74724e-12 0 5.93502e-12 0 6.1196e-12 0 6.30789e-12 0 6.485e-12 0 6.66531e-12 0 6.84883e-12 0 7.0199e-12 0 7.20166e-12 0 7.37832e-12 0 7.54952e-12 0 7.73158e-12 0
95.847 8.46738e-15 8.46738e-15 2.82628e-22 3.33784e-08 1.37036e-06 2.98992e-14 3.22964e-14 9.41137e-14 0 2.61824e-13 0 4.51459e-13 0 6.5197e-13 0 8.56476e-13 0 1.06091e-12 0 1.26583e-12 0 1.47175e-12 0 1.67494e-12 0 1.8757e-12 0 2.07633e-12 0 2.27396e-12 0 2.46947e-12 0 2.66456e-12 0 2.85368e-12 0 3.04322e-12 0 3.23226e-12 0 3.41531e-12 0 3.60043e-12 0 3.77746e-12 0 3.96014e-12 0 4.1382e-12 0 4.31611e-12 0 4.48805e-12 0 4.66437e-12 0 4.83368e-12 0 5.00108e-12 0 5.17216e-12 0 5.33478e-12 0 5.50062e-12 0 5.6634e-12 0 5.8292e-12 0 5.98496e-12 0 6.14332e-12 0 6.30429e-12 0 6.45417e-12 0 6.61322e-12 0 6.76763e-12 0 6.9171e-12 0 7.07588e-12 0
100.767 7.62604e-15 7.62604e-15 2.3132e-22 3.03329e-08 1.24805e-06 3.52448e-14 3.75254e-14 1.04903e-13 0 2.77638e-13 0 4.66194e-13 0 6.61323e-13 0 8.57324e-13 0 1.05099e-12 0 1.24331e-12 0 1.43506e-12 0 1.62299e-12 0 1.80762e-12 0 1.99117e-12 0 2.17115e-12 0 2.34847e-12 0 2.52475e-12 0 2.69504e-12 0 2.86518e-12 0 3.03436e-12 0 3.19775e-12 0 3.36256e-12 0 3.51979e-12 0 3.68168e-12 0 3.83914e-12 0 3.99614e-12 0 4.14758e-12 0 4.30261e-12 0 4.45122e-12 0 4.59791e-12 0 4.74758e-12 0 4.88964e-12 0 5.03431e-12 0 5.17611e-12 0 5.32035e-12 0 5.45567e-12 0 5.59309e-12 0 5.73262e-12 0 5.86236e-12 0 5.99991e-12 0 6.1333e-12 0 6.26229e-12 0 6.39917e-12 0
105.939 6.88145e-15 6.88145e-15 1.89253e-22 2.75019e-08 1.13565e-06 4.05837e-14 4.2661e-14 1.14534e-13 0 2.89089e-13 0 4.73337e-13 0 6.60151e-13 0 8.45102e-13 0 1.02584e-12 0 1.20374e-12 0 1.37979e-12 0 1.55126e-12 0 1.71878e-12 0 1.88453e-12 0 2.04635e-12 0 2.20515e-12 0 2.36245e-12 0 2.51393e-12 0 2.66482e-12 0 2.81445e-12 0 2.95857e-12 0 3.1036e-12 0 3.24166e-12 0 3.38351e-12 0 3.52119e-12 0 3.65821e-12 0 3.79015e-12 0 3.92497e-12 0 4.05401e-12 0 4.18117e-12 0 4.31074e-12 0 4.43354e-12 0 4.55843e-12 0 4.68068e-12 0 4.80488e-12 0 4.92125e-12 0 5.0393e-12 0 5.15902e-12 0 5.27023e-12 0 5.388e-12 0 5.5021e-12 0 5.61232e-12 0 5.72918e-12 0
111.377 6.19804e-15 6.19804e-15 1.54809e-22 2.4977e-08 1.0329e-06 4.55336e-14 4.73265e-14 1.22164e-13 0 2.94758e-13 0 4.71197e-13 0 6.46656e-13 0 8.17994e-13 0 9.83689e-13 0 1.14541e-12 0 1.30434e-12 0 1.4582e-12 0 1.60774e-12 0 1.75502e-12 0 1.89823e-12 0 2.03824e-12 0 2.17648e-12 0 2.30918e-12 0 2.441e-12 0 2.57137e-12 0 2.69665e-12 0 2.82242e-12 0 2.9419e-12 0 3.06441e-12 0 3.1831e-12 0 3.30101e-12 0 3.41435e-12 0 3.52998e-12 0 3.64048e-12 0 3.74923e-12 0 3.85987e-12 0 3.96459e-12 0 4.07096e-12 0 4.17495e-12 0 4.28047e-12 0 4.37924e-12 0 4.47932e-12 0 4.5807e-12 0 4.67479e-12 0 4.77433e-12 0 4.87067e-12 0 4.96365e-12 0 5.06214e-12 0
117.094 5.58178e-15 5.58178e-15 1.26668e-22 2.26931e-08 9.38817e-07 4.9923e-14 5.13746e-14 1.27651e-13 0 2.95083e-13 0 4.61109e-13 0 6.23199e-13 0 7.79436e-13 0 9.29037e-13 0 1.07389e-12 0 1.21531e-12 0 1.35144e-12 0 1.4831e-12 0 1.61221e-12 0 1.73727e-12 0 1.85912e-12 0 1.97903e-12 0 2.09382e-12 0 2.20754e-12 0 2.31973e-12 0 2.4273e-12 0 2.53506e-12 0 2.63722e-12 0 2.74178e-12 0 2.8429e-12 0 2.94318e-12 0 3.03943e-12 0 3.13747e-12 0 3.23103e-12 0 3.32297e-12 0 3.41639e-12 0 3.50471e-12 0 3.59431e-12 0 3.6818e-12 0 3.77049e-12 0 3.85341e-12 0 3.93734e-12 0 4.02229e-12 0 4.10105e-12 0 4.18429e-12 0 4.26479e-12 0 4.34241e-12 0 4.42456e-12 0
123.105 5.03307e-15 5.03307e-15 1.03665e-22 2.05967e-08 8.53065e-07 5.36224e-14 5.47008e-14 1.30983e-13 0 2.90714e-13 0 4.44577e-13 0 5.92194e-13 0 7.32736e-13 0 8.66054e-13 0 9.94179e-13 0 1.11848e-12 0 1.23749e-12 0 1.35208e-12 0 1.46398e-12 0 1.57197e-12 0 1.67685e-12 0 1.77976e-12 0 1.878e-12 0 1.97508e-12 0 2.07064e-12 0 2.16206e-12 0 2.25347e-12 0 2.33997e-12 0 2.42833e-12 0 2.51365e-12 0 2.59813e-12 0 2.67908e-12 0 2.76144e-12 0 2.83991e-12 0 2.91694e-12 0 2.99511e-12 0 3.06891e-12 0 3.14371e-12 0 3.21667e-12 0 3.29055e-12 0 3.35956e-12 0 3.42934e-12 0 3.4999e-12 0 3.56526e-12 0 3.63428e-12 0 3.70097e-12 0 3.76523e-12 0 3.83319e-12 0
129.424 4.54608e-15 4.54608e-15 8.48284e-23 1.86597e-08 7.74569e-07 5.65115e-14 5.72081e-14 1.32172e-13 0 2.82234e-13 0 4.22856e-13 0 5.55557e-13 0 6.80433e-13 0 7.97849e-13 0 9.09893e-13 0 1.01795e-12 0 1.12089e-12 0 1.21958e-12 0 1.31558e-12 0 1.40791e-12 0 1.49731e-12 0 1.58477e-12 0 1.66807e-12 0 1.75018e-12 0 1.83084e-12 0 1.90784e-12 0 1.98468e-12 0 2.05728e-12 0 2.13132e-12 0 2.20268e-12 0 2.27325e-12 0 2.34078e-12 0 2.40938e-12 0 2.47467e-12 0 2.53868e-12 0 2.60356e-12 0 2.66475e-12 0 2.7267e-12 0 2.78707e-12 0 2.84814e-12 0 2.90513e-12 0 2.9627e-12 0 3.02087e-12 0 3.07471e-12 0 3.13152e-12 0 3.18636e-12 0 3.23917e-12 0 3.29497e-12 0
136.067 4.09516e-15 4.09516e-15 6.94007e-23 1.6947e-08 7.03372e-07 5.82377e-14 5.85629e-14 1.30702e-13 0 2.69044e-13 0 3.95338e-13 0 5.12667e-13 0 6.21871e-13 0 7.23696e-13 0 8.20218e-13 0 9.12789e-13 0 1.00056e-12 0 1.08436e-12 0 1.16558e-12 0 1.24345e-12 0 1.31863e-12 0 1.39199e-12 0 1.46168e-12 0 1.53024e-12 0 1.59744e-12 0 1.66148e-12 0 1.72527e-12 0 1.78544e-12 0 1.84671e-12 0 1.90568e-12 0 1.96391e-12 0 2.01956e-12 0 2.07602e-12 0 2.12969e-12 0 2.18225e-12 0 2.23547e-12 0 2.28562e-12 0 2.33633e-12 0 2.38571e-12 0 2.43561e-12 0 2.48213e-12 0 2.5291e-12 0 2.57651e-12 0 2.62036e-12 0 2.66659e-12 0 2.71119e-12 0 2.75411e-12 0 2.79942e-12 0
143.051 3.7038e-15 3.7038e-15 5.67965e-23 1.53347e-08 6.38089e-07 5.9141e-14 5.91273e-14 1.27627e-13 0 2.5373e-13 0 3.66032e-13 0 4.68831e-13 0 5.63523e-13 0 6.51126e-13 0 7.33647e-13 0 8.12377e-13 0 8.86693e-13 0 9.57372e-13 0 1.02565e-12 0 1.09091e-12 0 1.15375e-12 0 1.21491e-12 0 1.27289e-12 0 1.32981e-12 0 1.38549e-12 0 1.43846e-12 0 1.49114e-12 0 1.54074e-12 0 1.59119e-12 0 1.63968e-12 0 1.68749e-12 0 1.73313e-12 0 1.77938e-12 0 1.8233e-12 0 1.86626e-12 0 1.90973e-12 0 1.95064e-12 0 1.99197e-12 0 2.03218e-12 0 2.07278e-12 0 2.11061e-12 0 2.14876e-12 0 2.18725e-12 0 2.22282e-12 0 2.2603e-12 0 2.29642e-12 0 2.33117e-12 0 2.36783e-12 0
150.394 3.33629e-15 3.33629e-15 4.64834e-23 1.39326e-08 5.78849e-07 5.87616e-14 5.84544e-14 1.22176e-13 0 2.35009e-13 0 3.33162e-13 0 4.21765e-13 0 5.02587e-13 0 5.76808e-13 0 6.46312e-13 0 7.12298e-13 0 7.74325e-13 0 8.33105e-13 0 8.8971e-13 0 9.43661e-13 0 9.95471e-13 0 1.04579e-12 0 1.09339e-12 0 1.14003e-12 0 1.18557e-12 0 1.22883e-12 0 1.27178e-12 0 1.31217e-12 0 1.35318e-12 0 1.39255e-12 0 1.43133e-12 0 1.46831e-12 0 1.50574e-12 0 1.54124e-12 0 1.57594e-12 0 1.61101e-12 0 1.64399e-12 0 1.67729e-12 0 1.70965e-12 0 1.7423e-12 0 1.77269e-12 0 1.80333e-12 0 1.83421e-12 0 1.86274e-12 0 1.89277e-12 0 1.9217e-12 0 1.94951e-12 0 1.97884e-12 0
158.114 3.02587e-15 3.02587e-15 3.80329e-23 1.25692e-08 5.25137e-07 5.78013e-14 5.72523e-14 1.1601e-13 0 2.16278e-13 0 3.01585e-13 0 3.77588e-13 0 4.46282e-13 0 5.08929e-13 0 5.67271e-13 0 6.22407e-13 0 6.74032e-13 0 7.2279e-13 0 7.69606e-13 0 8.14108e-13 0 8.56743e-13 0 8.98065e-13 0 9.37073e-13 0 9.75228e-13 0 1.01243e-12 0 1.0477e-12 0 1.08267e-12 0 1.11552e-12 0 1.14883e-12 0 1.18077e-12 0 1.2122e-12 0 1.24212e-12 0 1.27239e-12 0 1.30108e-12 0 1.32908e-12 0 1.35737e-12 0 1.38394e-12 0 1.41075e-12 0 1.43678e-12 0 1.46303e-12 0 1.48745e-12 0 1.51205e-12 0 1.53683e-12 0 1.5597e-12 0 1.58376e-12 0 1.60694e-12 0 1.62919e-12 0 1.65265e-12 0
166.23 2.73253e-15 2.73253e-15 3.11135e-23 1.13863e-08 4.75901e-07 5.57124e-14 5.49814e-14 1.08134e-13 0 1.95712e-13 0 2.68677e-13 0 3.32886e-13 0 3.90422e-13 0 4.42553e-13 0 4.90851e-13 0 5.36299e-13 0 5.78698e-13 0 6.18616e-13 0 6.56838e-13 0 6.93083e-13 0 7.2773e-13 0 7.61243e-13 0 7.92822e-13 0 8.23658e-13 0 8.53674e-13 0 8.82097e-13 0 9.10243e-13 0 9.36641e-13 0 9.63384e-13 0 9.88998e-13 0 1.01417e-12 0 1.03812e-12 0 1.06232e-12 0 1.08523e-12 0 1.10759e-12 0 1.13014e-12 0 1.15132e-12 0 1.17267e-12 0 1.19338e-12 0 1.21426e-12 0 1.23366e-12 0 1.2532e-12 0 1.27286e-12 0 1.29101e-12 0 1.31009e-12 0 1.32845e-12 0 1.34608e-12 0 1.36464e-12 0
174.763 2.45554e-15 2.45554e-15 2.54711e-23 1.03729e-08 4.31509e-07 5.26298e-14 5.17784e-14 9.89593e-14 0 1.74155e-13 0 2.35578e-13 0 2.89007e-13 0 3.36498e-13 0 3.79266e-13 0 4.18699e-13 0 4.55655e-13 0 4.90016e-13 0 5.22271e-13 0 5.53077e-13 0 5.82221e-13 0 6.10024e-13 0 6.36867e-13 0 6.62117e-13 0 6.86737e-13 0 7.10666e-13 0 7.33295e-13 0 7.55677e-13 0 7.76644e-13 0 7.97863e-13 0 8.18164e-13 0 8.38096e-13 0 8.57044e-13 0 8.76172e-13 0 8.94268e-13 0 9.11909e-13 0 9.29694e-13 0 9.46382e-13 0 9.63193e-13 0 9.79496e-13 0 9.95912e-13 0 1.01116e-12 0 1.02651e-12 0 1.04195e-12 0 1.05619e-12 0 1.07115e-12 0 1.08554e-12 0 1.09935e-12 0 1.1139e-12 0
183.733 2.22517e-15 2.22517e-15 2.08473e-23 9.3689e-09 3.90616e-07 4.9418e-14 4.84924e-14 9.01674e-14 0 1.5453e-13 0 2.06136e-13 0 2.50539e-13 0 2.89711e-13 0 3.24788e-13 0 3.56983e-13 0 3.87044e-13 0 4.14904e-13 0 4.40986e-13 0 4.65837e-13 0 4.89297e-13 0 5.11635e-13 0 5.33164e-13 0 5.53385e-13 0 5.73071e-13 0 5.92181e-13 0 6.10229e-13 0 6.2806e-13 0 6.44746e-13 0 6.61616e-13 0 6.7774e-13 0 6.93557e-13 0 7.08581e-13 0 7.23736e-13 0 7.38061e-13 0 7.52016e-13 0 7.66076e-13 0 7.7926e-13 0 7.92532e-13 0 8.05396e-13 0 8.18342e-13 0 8.30362e-13 0 8.42451e-13 0 8.54607e-13 0 8.65809e-13 0 8.7758e-13 0 8.88896e-13 0 8.99748e-13 0 9.11171e-13 0
193.164 2.00837e-15 2.00837e-15 1.70589e-23 8.49391e-09 3.55249e-07 4.55902e-14 4.46403e-14 8.08484e-14 0 1.35129e-13 0 1.77898e-13 0 2.14326e-13 0 2.46236e-13 0 2.74658e-13 0 3.00637e-13 0 3.24808e-13 0 3.47145e-13 0 3.68003e-13 0 3.87831e-13 0 4.06514e-13 0 4.24271e-13 0 4.41358e-13 0 4.57383e-13 0 4.72964e-13 0 4.88069e-13 0 5.0232e-13 0 5.16384e-13 0 5.29532e-13 0 5.42812e-13 0 5.55495e-13 0 5.67925e-13 0 5.79722e-13 0 5.91614e-13 0 6.02847e-13 0 6.13783e-13 0 6.24793e-13 0 6.35111e-13 0 6.45493e-13 0 6.55549e-13 0 6.65664e-13 0 6.75051e-13 0 6.84487e-13 0 6.93971e-13 0 7.02706e-13 0 7.11881e-13 0 7.20698e-13 0 7.2915e-13 0 7.38043e-13 0
203.079 1.80977e-15 1.80977e-15 1.39618e-23 7.71467e-09 3.20359e-07 4.14515e-14 4.05166e-14 7.15554e-14 0 1.16799e-13 0 1.51869e-13 0 1.81456e-13 0 2.07204e-13 0 2.30026e-13 0 2.50803e-13 0 2.70073e-13 0 2.87831e-13 0 3.04375e-13 0 3.2007e-13 0 3.3483e-13 0 3.48837e-13 0 3.62295e-13 0 3.749e-13 0 3.8714e-13 0 3.98993e-13 0 4.10164e-13 0 4.21177e-13 0 4.31464e-13 0 4.41845e-13 0 4.51751e-13 0 4.61453e-13 0 4.70654e-13 0 4.79922e-13 0 4.88671e-13 0 4.97184e-13 0 5.05749e-13 0 5.13771e-13 0 5.21839e-13 0 5.29649e-13 0 5.37501e-13 0 5.44785e-13 0 5.52104e-13 0 5.59456e-13 0 5.66226e-13 0 5.73333e-13 0 5.80159e-13 0 5.86701e-13 0 5.93582e-13 0
213.503 1.63763e-15 1.63763e-15 1.14314e-23 6.98042e-09 2.90743e-07 3.73855e-14 3.64911e-14 6.29142e-14 0 1.00425e-13 0 1.29059e-13 0 1.53004e-13 0 1.73714e-13 0 1.91986e-13 0 2.08562e-13 0 2.23888e-13 0 2.37977e-13 0 2.51074e-13 0 2.63475e-13 0 2.75118e-13 0 2.86149e-13 0 2.96734e-13 0 3.06635e-13 0 3.16239e-13 0 3.2553e-13 0 3.34277e-13 0 3.42893e-13 0 3.50935e-13 0 3.59043e-13 0 3.66775e-13 0 3.74341e-13 0 3.81513e-13 0 3.88732e-13 0 3.95543e-13 0 4.02165e-13 0 4.08826e-13 0 4.1506e-13 0 4.21327e-13 0 4.27392e-13 0 4.33486e-13 0 4.39136e-13 0 4.44811e-13 0 4.5051e-13 0 4.55755e-13 0 4.6126e-13 0 4.66545e-13 0 4.71609e-13 0 4.76932e-13 0
224.463 1.47463e-15 1.47463e-15 9.35745e-24 6.34564e-09 2.64202e-07 3.31673e-14 3.23382e-14 5.4489e-14 0 8.51635e-14 0 1.08246e-13 0 1.2739e-13 0 1.43854e-13 0 1.58318e-13 0 1.71395e-13 0 1.83453e-13 0 1.94511e-13 0 2.0477e-13 0 2.14467e-13 0 2.23557e-13 0 2.32158e-13 0 2.404e-13 0 2.481e-13 0 2.55562e-13 0 2.62773e-13 0 2.69557e-13 0 2.76233e-13 0 2.82459e-13 0 2.88732e-13 0 2.94709e-13 0 3.00556e-13 0 3.06093e-13 0 3.11664e-13 0 3.16918e-13 0 3.22023e-13 0 3.27155e-13 0 3.31957e-13 0 3.36781e-13 0 3.41447e-13 0 3.46134e-13 0 3.50478e-13 0 3.5484e-13 0 3.59218e-13 0 3.63246e-13 0 3.67472e-13 0 3.71528e-13 0 3.75413e-13 0 3.79496e-13 0
235.984 1.33245e-15 1.33245e-15 7.65798e-24 5.7473e-09 2.38513e-07 2.92056e-14 2.84519e-14 4.69034e-14 0 7.18664e-14 0 9.0402e-14 0 1.05657e-13 0 1.18708e-13 0 1.30129e-13 0 1.40422e-13 0 1.49889e-13 0 1.58552e-13 0 1.66574e-13 0 1.74144e-13 0 1.8123e-13 0 1.87926e-13 0 1.94335e-13 0 2.00318e-13 0 2.06109e-13 0 2.117e-13 0 2.16955e-13 0 2.22123e-13 0 2.2694e-13 0 2.31789e-13 0 2.36407e-13 0 2.40921e-13 0 2.45195e-13 0 2.49492e-13 0 2.53541e-13 0 2.57475e-13 0 2.61427e-13 0 2.65124e-13 0 2.68836e-13 0 2.72425e-13 0 2.76029e-13 0 2.79368e-13 0 2.82719e-13 0 2.86082e-13 0 2.89175e-13 0 2.92419e-13 0 2.95532e-13 0 2.98512e-13 0 3.01643e-13 0
248.097 1.19894e-15 1.19894e-15 6.27254e-24 5.23175e-09 2.15985e-07 2.53461e-14 2.46772e-14 3.98426e-14 0 5.99169e-14 0 7.46384e-14 0 8.66689e-14 0 9.69107e-14 0 1.05841e-13 0 1.13866e-13 0 1.2123e-13 0 1.27955e-13 0 1.34171e-13 0 1.40029e-13 0 1.45505e-13 0 1.50673e-13 0 1.55614e-13 0 1.60222e-13 0 1.64679e-13 0 1.68978e-13 0 1.73016e-13 0 1.76984e-13 0 1.8068e-13 0 1.84399e-13 0 1.87938e-13 0 1.91395e-13 0 1.94667e-13 0 1.97955e-13 0 2.01052e-13 0 2.0406e-13 0 2.0708e-13 0 2.09904e-13 0 2.12738e-13 0 2.15478e-13 0 2.18228e-13 0 2.20775e-13 0 2.2333e-13 0 2.25894e-13 0 2.28251e-13 0 2.30722e-13 0 2.33093e-13 0 2.35362e-13 0 2.37746e-13 0
260.832 1.06695e-15 1.06695e-15 5.13531e-24 4.81309e-09 1.96099e-07 2.15437e-14 2.09668e-14 3.31887e-14 0 4.90398e-14 0 6.05308e-14 0 6.98597e-14 0 7.77658e-14 0 8.46361e-14 0 9.07942e-14 0 9.64322e-14 0 1.01572e-13 0 1.06315e-13 0 1.10778e-13 0 1.14946e-13 0 1.18875e-13 0 1.22628e-13 0 1.26124e-13 0 1.29503e-13 0 1.3276e-13 0 1.35817e-13 0 1.38819e-13 0 1.41614e-13 0 1.44424e-13 0 1.47097e-13 0 1.49707e-13 0 1.52176e-13 0 1.54656e-13 0 1.56991e-13 0 1.59257e-13 0 1.61533e-13 0 1.63659e-13 0 1.65793e-13 0 1.67854e-13 0 1.69923e-13 0 1.71839e-13 0 1.7376e-13 0 1.75686e-13 0 1.77458e-13 0 1.79314e-13 0 1.81095e-13 0 1.82798e-13 0 1.84587e-13 0
274.221 9.47978e-16 9.47978e-16 4.20182e-24 4.4324e-09 1.77864e-07 1.81152e-14 1.76262e-14 2.73814e-14 0 3.97949e-14 0 4.86979e-14 0 5.58819e-14 0 6.19449e-14 0 6.71974e-14 0 7.18938e-14 0 7.61849e-14 0 8.00899e-14 0 8.36889e-14 0 8.70711e-14 0 9.02254e-14 0 9.31964e-14 0 9.60315e-14 0 9.86707e-14 0 1.01219e-13 0 1.03675e-13 0 1.05977e-13 0 1.08238e-13 0 1.1034e-13 0 1.12454e-13 0 1.14463e-13 0 1.16424e-13 0 1.18278e-13 0 1.20139e-13 0 1.21892e-13 0 1.23592e-13 0 1.25298e-13 0 1.26892e-13 0 1.28491e-13 0 1.30035e-13 0 1.31584e-13 0 1.33018e-13 0 1.34456e-13 0 1.35898e-13 0 1.37223e-13 0 1.38612e-13 0 1.39943e-13 0 1.41217e-13 0 1.42554e-13 0
288.297 8.46518e-16 8.46518e-16 3.43651e-24 4.05959e-09 1.60652e-07 1.5177e-14 1.47661e-14 2.25333e-14 0 3.22433e-14 0 3.91386e-14 0 4.46714e-14 0 4.9323e-14 0 5.33412e-14 0 5.6926e-14 0 6.01954e-14 0 6.3166e-14 0 6.59001e-14 0 6.84666e-14 0 7.08577e-14 0 7.31076e-14 0 7.5253e-14 0 7.72486e-14 0 7.91744e-14 0 8.10284e-14 0 8.27663e-14 0 8.44712e-14 0 8.60562e-14 0 8.76489e-14 0 8.91623e-14 0 9.06388e-14 0 9.2034e-14 0 9.34345e-14 0 9.47522e-14 0 9.60303e-14 0 9.73125e-14 0 9.851e-14 0 9.9711e-14 0 1.00871e-13 0 1.02034e-13 0 1.0311e-13 0 1.04189e-13 0 1.05271e-13 0 1.06264e-13 0 1.07305e-13 0 1.08303e-13 0 1.09258e-13 0 1.1026e-13 0
303.095 7.54497e-16 7.54497e-16 2.81227e-24 3.72735e-09 1.45833e-07 1.25883e-14 1.2248e-14 1.83778e-14 0 2.59155e-14 0 3.12193e-14 0 3.54532e-14 0 3.90001e-14 0 4.20561e-14 0 4.47768e-14 0 4.72539e-14 0 4.95015e-14 0 5.15676e-14 0 5.35049e-14 0 5.53081e-14 0 5.70035e-14 0 5.86189e-14 0 6.01204e-14 0 6.15685e-14 0 6.29618e-14 0 6.42672e-14 0 6.55471e-14 0 6.67365e-14 0 6.79311e-14 0 6.90659e-14 0 7.01725e-14 0 7.12177e-14 0 7.22666e-14 0 7.32532e-14 0 7.42098e-14 0 7.51692e-14 0 7.6065e-14 0 7.69631e-14 0 7.78303e-14 0 7.86995e-14 0 7.95038e-14 0 8.03099e-14 0 8.11178e-14 0 8.18598e-14 0 8.26372e-14 0 8.33822e-14 0 8.40947e-14 0 8.48424e-14 0
318.653 6.79292e-16 6.79292e-16 2.30082e-24 3.38709e-09 1.29914e-07 1.04662e-14 1.01848e-14 1.50398e-14 0 2.09192e-14 0 2.50214e-14 0 2.82804e-14 0 3.10018e-14 0 3.33409e-14 0 3.54194e-14 0 3.7309e-14 0 3.90211e-14 0 4.05932e-14 0 4.2066e-14 0 4.34356e-14 0 4.47223e-14 0 4.59474e-14 0 4.70855e-14 0 4.81824e-14 0 4.92373e-14 0 5.02251e-14 0 5.11932e-14 0 5.20925e-14 0 5.29953e-14 0 5.38526e-14 0 5.46883e-14 0 5.54775e-14 0 5.62691e-14 0 5.70135e-14 0 5.7735e-14 0 5.84585e-14 0 5.91338e-14 0 5.98108e-14 0 6.04642e-14 0 6.11191e-14 0 6.17249e-14 0 6.23319e-14 0 6.29401e-14 0 6.34987e-14 0 6.40838e-14 0 6.46444e-14 0 6.51804e-14 0 6.57429e-14 0
335.009 6.07637e-16 6.07637e-16 1.88185e-24 3.09699e-09 1.20605e-07 8.58348e-15 8.35463e-15 1.21522e-14 0 1.66864e-14 0 1.98254e-14 0 2.23083e-14 0 2.43754e-14 0 2.61482e-14 0 2.77208e-14 0 2.91484e-14 0 3.04404e-14 0 3.16256e-14 0 3.27348e-14 0 3.37655e-14 0 3.47332e-14 0 3.56539e-14 0 3.65088e-14 0 3.73323e-14 0 3.81238e-14 0 3.88647e-14 0 3.95905e-14 0 4.02645e-14 0 4.09409e-14 0 4.15829e-14 0 4.22086e-14 0 4.27992e-14 0 4.33915e-14 0 4.39483e-14 0 4.44879e-14 0 4.50289e-14 0 4.55337e-14 0 4.60395e-14 0 4.65277e-14 0 4.70169e-14 0 4.74694e-14 0 4.79226e-14 0 4.83767e-14 0 4.87937e-14 0 4.92303e-14 0 4.96487e-14 0 5.00486e-14 0 5.04682e-14 0
352.205 5.42019e-16 5.42019e-16 1.53947e-24 2.84025e-09 1.08393e-07 6.97222e-15 6.78838e-15 9.73411e-15 0 1.32054e-14 0 1.55913e-14 0 1.7471e-14 0 1.90317e-14 0 2.03674e-14 0 2.15504e-14 0 2.26229e-14 0 2.35925e-14 0 2.44811e-14 0 2.5312e-14 0 2.60836e-14 0 2.68076e-14 0 2.7496e-14 0 2.81348e-14 0 2.87499e-14 0 2.93409e-14 0 2.98938e-14 0 3.04353e-14 0 3.09379e-14 0 3.14422e-14 0 3.19206e-14 0 3.23868e-14 0 3.28267e-14 0 3.32678e-14 0 3.36823e-14 0 3.4084e-14 0 3.44865e-14 0 3.4862e-14 0 3.52383e-14 0 3.56014e-14 0 3.59651e-14 0 3.63015e-14 0 3.66384e-14 0 3.69758e-14 0 3.72857e-14 0 3.761e-14 0 3.79208e-14 0 3.82178e-14 0 3.85294e-14 0
370.284 4.89888e-16 4.89888e-16 1.2598e-24 2.5716e-09 9.46457e-08 5.70191e-15 5.55355e-15 7.85686e-15 0 1.05384e-14 0 1.23695e-14 0 1.38066e-14 0 1.49969e-14 0 1.60138e-14 0 1.69131e-14 0 1.77274e-14 0 1.84628e-14 0 1.91362e-14 0 1.97655e-14 0 2.03495e-14 0 2.0897e-14 0 2.14174e-14 0 2.19001e-14 0 2.23647e-14 0 2.28108e-14 0 2.32281e-14 0 2.36366e-14 0 2.40156e-14 0 2.43958e-14 0 2.47564e-14 0 2.51077e-14 0 2.54391e-14 0 2.57713e-14 0 2.60834e-14 0 2.63858e-14 0 2.66888e-14 0 2.69714e-14 0 2.72545e-14 0 2.75276e-14 0 2.78012e-14 0 2.80541e-14 0 2.83074e-14 0 2.85611e-14 0 2.8794e-14 0 2.90378e-14 0 2.92713e-14 0 2.94945e-14 0 2.97286e-14 0
389.291 4.40291e-16 4.40291e-16 1.03064e-24 2.34082e-09 8.68895e-08 4.60925e-15 4.49111e-15 6.27354e-15 0 8.32563e-15 0 9.71838e-15 0 1.08079e-14 0 1.17081e-14 0 1.24759e-14 0 1.3154e-14 0 1.37674e-14 0 1.43208e-14 0 1.48272e-14 0 1.53001e-14 0 1.57386e-14 0 1.61496e-14 0 1.654e-14 0 1.6902e-14 0 1.72502e-14 0 1.75845e-14 0 1.78971e-14 0 1.8203e-14 0 1.84867e-14 0 1.87713e-14 0 1.90411e-14 0 1.93039e-14 0 1.95517e-14 0 1.98001e-14 0 2.00334e-14 0 2.02594e-14 0 2.04858e-14 0 2.0697e-14 0 2.09084e-14 0 2.11124e-14 0 2.13167e-14 0 2.15056e-14 0 2.16947e-14 0 2.18841e-14 0 2.20579e-14 0 2.22398e-14 0 2.2414e-14 0 2.25805e-14 0 2.27552e-14 0
409.273 3.97179e-16 3.97179e-16 8.42957e-25 2.12236e-09 8.26671e-08 3.71878e-15 3.62503e-15 5.00341e-15 0 6.57409e-15 0 7.63421e-15 0 8.46092e-15 0 9.14262e-15 0 9.72311e-15 0 1.02352e-14 0 1.06979e-14 0 1.11151e-14 0 1.14965e-14 0 1.18524e-14 0 1.21824e-14 0 1.24914e-14 0 1.27849e-14 0 1.30568e-14 0 1.33184e-14 0 1.35694e-14 0 1.3804e-14 0 1.40335e-14 0 1.42464e-14 0 1.44598e-14 0 1.46621e-14 0 1.48591e-14 0 1.50449e-14 0 1.5231e-14 0 1.54058e-14 0 1.55751e-14 0 1.57446e-14 0 1.59027e-14 0 1.60611e-14 0 1.62138e-14 0 1.63667e-14 0 1.6508e-14 0 1.66495e-14 0 1.67912e-14 0 1.69213e-14 0 1.70573e-14 0 1.71877e-14 0 1.73122e-14 0 1.74428e-14 0
430.281 3.59833e-16 3.59833e-16 6.89804e-25 1.91702e-09 6.92458e-08 2.99741e-15 2.92319e-15 3.98939e-15 0 5.19292e-15 0 6.0011e-15 0 6.62957e-15 0 7.14681e-15 0 7.58663e-15 0 7.97418e-15 0 8.32407e-15 0 8.63927e-15 0 8.92727e-15 0 9.1959e-15 0 9.44476e-15 0 9.67777e-15 0 9.89894e-15 0 1.01038e-14 0 1.03008e-14 0 1.04898e-14 0 1.06664e-14 0 1.08391e-14 0 1.09992e-14 0 1.11597e-14 0 1.13119e-14 0 1.146e-14 0 1.15996e-14 0 1.17395e-14 0 1.18708e-14 0 1.1998e-14 0 1.21254e-14 0 1.22441e-14 0 1.2363e-14 0 1.24777e-14 0 1.25925e-14 0 1.26986e-14 0 1.28048e-14 0 1.29112e-14 0 1.30087e-14 0 1.31109e-14 0 1.32086e-14 0 1.3302e-14 0 1.34e-14 0
452.368 3.25097e-16 3.25097e-16 5.64445e-25 1.73623e-09 6.37081e-08 2.3974e-15 2.33914e-15 3.15856e-15 0 4.0755e-15 0 4.68838e-15 0 5.16375e-15 0 5.5543e-15 0 5.88597e-15 0 6.17793e-15 0 6.4413e-15 0 6.67839e-15 0 6.89489e-15 0 7.09673e-15 0 7.28363e-15 0 7.45855e-15 0 7.62453e-15 0 7.77823e-15 0 7.92596e-15 0 8.06766e-15 0 8.20002e-15 0 8.32945e-15 0 8.44944e-15 0 8.56966e-15 0 8.68361e-15 0 8.79449e-15 0 8.89903e-15 0 9.00374e-15 0 9.10205e-15 0 9.19722e-15 0 9.29251e-15 0 9.38135e-15 0 9.4703e-15 0 9.55606e-15 0 9.64191e-15 0 9.72125e-15 0 9.80066e-15 0 9.88016e-15 0 9.9531e-15 0 1.00294e-14 0 1.01025e-14 0 1.01723e-14 0 1.02455e-14 0
475.588 2.96042e-16 2.96042e-16 4.61806e-25 1.55994e-09 5.82353e-08 1.92374e-15 1.87789e-15 2.51047e-15 0 3.21272e-15 0 3.68011e-15 0 4.04177e-15 0 4.33844e-15 0 4.59008e-15 0 4.81139e-15 0 5.01087e-15 0 5.19034e-15 0 5.35414e-15 0 5.50677e-15 0 5.64805e-15 0 5.78022e-15 0 5.90559e-15 0 6.02166e-15 0 6.13318e-15 0 6.24012e-15 0 6.34e-15 0 6.43765e-15 0 6.52814e-15 0 6.61881e-15 0 6.70472e-15 0 6.78831e-15 0 6.8671e-15 0 6.94601e-15 0 7.02009e-15 0 7.09179e-15 0 7.16358e-15 0 7.23049e-15 0 7.29748e-15 0 7.36206e-15 0 7.42671e-15 0 7.48644e-15 0 7.54623e-15 0 7.60607e-15 0 7.66097e-15 0 7.71841e-15 0 7.77341e-15 0 7.82594e-15 0 7.88102e-15 0
500 2.68413e-16 2.68413e-16 3.77769e-25 1.40742e-09 5.33184e-08 1.53027e-15 1.49454e-15 1.97924e-15 0 2.51342e-15 0 2.86757e-15 0 3.14101e-15 0 3.36499e-15 0 3.55477e-15 0 3.72154e-15 0 3.87176e-15 0 4.00683e-15 0 4.13004e-15 0 4.24481e-15 0 4.351e-15 0 4.45031e-15 0 4.54448e-15 0 4.63164e-15 0 4.71537e-15 0 4.79564e-15 0 4.87059e-15 0 4.94385e-15 0 5.01174e-15 0 5.07974e-15 0 5.14416e-15 0 5.20684e-15 0 5.26591e-15 0 5.32506e-15 0 5.38058e-15 0 5.43431e-15 0 5.4881e-15 0 5.53823e-15 0 5.58842e-15 0 5.63679e-15 0 5.68521e-15 0 5.72995e-15 0 5.77472e-15 0 5.81953e-15 0 5.86063e-15 0 5.90364e-15 0 5.94481e-15 0 5.98414e-15 0 6.02536e-15 0
525.665 2.45238e-16 2.45238e-16 3.09255e-25 1.26104e-09 4.98332e-08 1.22167e-15 1.19372e-15 1.56691e-15 0 1.97546e-15 0 2.24535e-15 0 2.45334e-15 0 2.62347e-15 0 2.76749e-15 0 2.89395e-15 0 3.00779e-15 0 3.11009e-15 0 3.20337e-15 0 3.29023e-15 0 3.37056e-15 0 3.44567e-15 0 3.51687e-15 0 3.58276e-15 0 3.64604e-15 0 3.70669e-15 0 3.76331e-15 0 3.81864e-15 0 3.86991e-15 0 3.92125e-15 0 3.96988e-15 0 4.01719e-15 0 4.06178e-15 0 4.10641e-15 0 4.14831e-15 0 4.18885e-15 0 4.22943e-15 0 4.26724e-15 0 4.3051e-15 0 4.34158e-15 0 4.37809e-15 0 4.41183e-15 0 4.44558e-15 0 4.47937e-15 0 4.51036e-15 0 4.54278e-15 0 4.57381e-15 0 4.60345e-15 0 4.63452e-15 0
552.648 2.23567e-16 2.23567e-16 2.53093e-25 1.13207e-09 4.4097e-08 9.6942e-16 9.47698e-16 1.23364e-15 0 1.54477e-15 0 1.74965e-15 0 1.90725e-15 0 2.03601e-15 0 2.14491e-15 0 2.24046e-15 0 2.32644e-15 0 2.40366e-15 0 2.47405e-15 0 2.53956e-15 0 2.60013e-15 0 2.65675e-15 0 2.71041e-15 0 2.76006e-15 0 2.80772e-15 0 2.8534e-15 0 2.89604e-15 0 2.9377e-15 0 2.9763e-15 0 3.01494e-15 0 3.05155e-15 0 3.08715e-15 0 3.12069e-15 0 3.15428e-15 0 3.18579e-15 0 3.21628e-15 0 3.2468e-15 0 3.27525e-15 0 3.30371e-15 0 3.33114e-15 0 3.3586e-15 0 3.38396e-15 0 3.40933e-15 0 3.43473e-15 0 3.45802e-15 0 3.48239e-15 0 3.50571e-15 0 3.52799e-15 0 3.55133e-15 0
581.015 2.04779e-16 2.04779e-16 2.0708e-25 1.01123e-09 3.99678e-08 7.70138e-16 7.5324e-16 9.72852e-16 0 1.21047e-15 0 1.36648e-15 0 1.4863e-15 0 1.58409e-15 0 1.66672e-15 0 1.73918e-15 0 1.80435e-15 0 1.86285e-15 0 1.91616e-15 0 1.96576e-15 0 2.01161e-15 0 2.05445e-15 0 2.09505e-15 0 2.13259e-15 0 2.16864e-15 0 2.20318e-15 0 2.23541e-15 0 2.26691e-15 0 2.29607e-15 0 2.32528e-15 0 2.35293e-15 0 2.37983e-15 0 2.40517e-15 0 2.43054e-15 0 2.45434e-15 0 2.47737e-15 0 2.50041e-15 0 2.52189e-15 0 2.54338e-15 0 2.56409e-15 0 2.58481e-15 0 2.60396e-15 0 2.62311e-15 0 2.64228e-15 0 2.65986e-15 0 2.67825e-15 0 2.69585e-15 0 2.71265e-15 0 2.73027e-15 0
610.839 1.87396e-16 1.87396e-16 1.69475e-25 9.04367e-10 3.09588e-08 6.09198e-16 5.96109e-16 7.64249e-16 0 9.45255e-16 0 1.06377e-15 0 1.15466e-15 0 1.22877e-15 0 1.29134e-15 0 1.34618e-15 0 1.39548e-15 0 1.43972e-15 0 1.48001e-15 0 1.5175e-15 0 1.55214e-15 0 1.5845e-15 0 1.61516e-15 0 1.64351e-15 0 1.67072e-15 0 1.69679e-15 0 1.72111e-15 0 1.74488e-15 0 1.76688e-15 0 1.78892e-15 0 1.80978e-15 0 1.83006e-15 0 1.84918e-15 0 1.8683e-15 0 1.88625e-15 0 1.90361e-15 0 1.92099e-15 0 1.93718e-15 0 1.95338e-15 0 1.96899e-15 0 1.98461e-15 0 1.99904e-15 0 2.01347e-15 0 2.02792e-15 0 2.04116e-15 0 2.05502e-15 0 2.06828e-15 0 2.08094e-15 0 2.09422e-15 0
642.193 1.71994e-16 1.71994e-16 1.38748e-25 8.06702e-10 3.12439e-08 4.8179e-16 4.71652e-16 6.00507e-16 0 7.38578e-16 0 8.28764e-16 0 8.97832e-16 0 9.54093e-16 0 1.00157e-15 0 1.04316e-15 0 1.08052e-15 0 1.11405e-15 0 1.14457e-15 0 1.17296e-15 0 1.19918e-15 0 1.22368e-15 0 1.24688e-15 0 1.26834e-15 0 1.28893e-15 0 1.30865e-15 0 1.32705e-15 0 1.34502e-15 0 1.36166e-15 0 1.37832e-15 0 1.39409e-15 0 1.40943e-15 0 1.42387e-15 0 1.43833e-15 0 1.4519e-15 0 1.46502e-15 0 1.47815e-15 0 1.49038e-15 0 1.50262e-15 0 1.51442e-15 0 1.52622e-15 0 1.53712e-15 0 1.54802e-15 0 1.55893e-15 0 1.56894e-15 0 1.5794e-15 0 1.58942e-15 0 1.59898e-15 0 1.60901e-15 0
675.157 1.58136e-16 1.58136e-16 1.13562e-25 7.18132e-10 3.47142e-08 3.80567e-16 3.72724e-16 4.71466e-16 0 5.76822e-16 0 6.45487e-16 0 6.98008e-16 0 7.40756e-16 0 7.76809e-16 0 8.08374e-16 0 8.36722e-16 0 8.62148e-16 0 8.85294e-16 0 9.06812e-16 0 9.26689e-16 0 9.45252e-16 0 9.62831e-16 0 9.79082e-16 0 9.94677e-16 0 1.00961e-15 0 1.02354e-15 0 1.03715e-15 0 1.04975e-15 0 1.06236e-15 0 1.0743e-15 0 1.08591e-15 0 1.09684e-15 0 1.10778e-15 0 1.11805e-15 0 1.12797e-15 0 1.13791e-15 0 1.14716e-15 0 1.15642e-15 0 1.16535e-15 0 1.17427e-15 0 1.18252e-15 0 1.19076e-15 0 1.19902e-15 0 1.20658e-15 0 1.2145e-15 0 1.22207e-15 0 1.2293e-15 0 1.23688e-15 0
709.813 1.45663e-16 1.45663e-16 9.29247e-26 6.37944e-10 1.86124e-08 3.00332e-16 2.94269e-16 3.69949e-16 0 4.50388e-16 0 5.02707e-16 0 5.42682e-16 0 5.75193e-16 0 6.02598e-16 0 6.26581e-16 0 6.48113e-16 0 6.67419e-16 0 6.84989e-16 0 7.0132e-16 0 7.16403e-16 0 7.30486e-16 0 7.43821e-16 0 7.56147e-16 0 7.67973e-16 0 7.79298e-16 0 7.89862e-16 0 8.00178e-16 0 8.09729e-16 0 8.19287e-16 0 8.28336e-16 0 8.37133e-16 0 8.45418e-16 0 8.53709e-16 0 8.61486e-16 0 8.69008e-16 0 8.76535e-16 0 8.83546e-16 0 8.90561e-16 0 8.97319e-16 0 9.04081e-16 0 9.10325e-16 0 9.16572e-16 0 9.22821e-16 0 9.28552e-16 0 9.34545e-16 0 9.4028e-16 0 9.45757e-16 0 9.51496e-16 0
746.248 1.34291e-16 1.34291e-16 7.60775e-26 5.66514e-10 2.51783e-08 2.36601e-16 2.31921e-16 2.89889e-16 0 3.51285e-16 0 3.91145e-16 0 4.2157e-16 0 4.46297e-16 0 4.6713e-16 0 4.85355e-16 0 5.01712e-16 0 5.16375e-16 0 5.29715e-16 0 5.42113e-16 0 5.53561e-16 0 5.64249e-16 0 5.74368e-16 0 5.83719e-16 0 5.92691e-16 0 6.01281e-16 0 6.09293e-16 0 6.17116e-16 0 6.24359e-16 0 6.31607e-16 0 6.38468e-16 0 6.45137e-16 0 6.51418e-16 0 6.57703e-16 0 6.63598e-16 0 6.693e-16 0 6.75004e-16 0 6.80318e-16 0 6.85634e-16 0 6.90756e-16 0 6.9588e-16 0 7.00611e-16 0 7.05344e-16 0 7.1008e-16 0 7.14422e-16 0 7.18963e-16 0 7.23308e-16 0 7.27456e-16 0 7.31804e-16 0
784.553 1.23951e-16 1.23951e-16 6.22795e-26 5.02451e-10 2.32412e-08 1.86157e-16 1.82547e-16 2.26938e-16 0 2.73805e-16 0 3.04182e-16 0 3.27346e-16 0 3.46162e-16 0 3.62007e-16 0 3.75863e-16 0 3.88296e-16 0 3.99438e-16 0 4.09573e-16 0 4.18991e-16 0 4.27685e-16 0 4.35801e-16 0 4.43484e-16 0 4.50584e-16 0 4.57394e-16 0 4.63915e-16 0 4.69996e-16 0 4.75933e-16 0 4.81429e-16 0 4.86929e-16 0 4.92135e-16 0 4.97195e-16 0 5.0196e-16 0 5.06728e-16 0 5.112e-16 0 5.15525e-16 0 5.19852e-16 0 5.23882e-16 0 5.27914e-16 0 5.31798e-16 0 5.35684e-16 0 5.39272e-16 0 5.42861e-16 0 5.46452e-16 0 5.49744e-16 0 5.53188e-16 0 5.56482e-16 0 5.59628e-16 0 5.62924e-16 0
824.824 1.14495e-16 1.14495e-16 5.09744e-26 4.4521e-10 2.54138e-08 1.46243e-16 1.43462e-16 1.7744e-16 0 2.13209e-16 0 2.36357e-16 0 2.53995e-16 0 2.68313e-16 0 2.80366e-16 0 2.90903e-16 0 3.00355e-16 0 3.08823e-16 0 3.16526e-16 0 3.23681e-16 0 3.30286e-16 0 3.36451e-16 0 3.42286e-16 0 3.47678e-16 0 3.5285e-16 0 3.57801e-16 0 3.62417e-16 0 3.66925e-16 0 3.71097e-16 0 3.75272e-16 0 3.79223e-16 0 3.83064e-16 0 3.8668e-16 0 3.90299e-16 0 3.93692e-16 0 3.96974e-16 0 4.00258e-16 0 4.03316e-16 0 4.06375e-16 0 4.09322e-16 0 4.1227e-16 0 4.14992e-16 0 4.17715e-16 0 4.20439e-16 0 4.22937e-16 0 4.25549e-16 0 4.28047e-16 0 4.30434e-16 0 4.32934e-16 0
867.163 1.05655e-16 1.05655e-16 4.17183e-26 3.94856e-10 2.02285e-08 1.14524e-16 1.12388e-16 1.3834e-16 0 1.65587e-16 0 1.83196e-16 0 1.96604e-16 0 2.07482e-16 0 2.16636e-16 0 2.24636e-16 0 2.31811e-16 0 2.38238e-16 0 2.44082e-16 0 2.49511e-16 0 2.54522e-16 0 2.59198e-16 0 2.63623e-16 0 2.67712e-16 0 2.71634e-16 0 2.75388e-16 0 2.78888e-16 0 2.82305e-16 0 2.85468e-16 0 2.88633e-16 0 2.91628e-16 0 2.94539e-16 0 2.9728e-16 0 3.00022e-16 0 3.02594e-16 0 3.05081e-16 0 3.07569e-16 0 3.09886e-16 0 3.12204e-16 0 3.14437e-16 0 3.16671e-16 0 3.18734e-16 0 3.20797e-16 0 3.2286e-16 0 3.24752e-16 0 3.26731e-16 0 3.28624e-16 0 3.30432e-16 0 3.32326e-16 0
911.674 9.73878e-17 9.73878e-17 3.41638e-26 3.50802e-10 1.39578e-08 8.94039e-17 8.77671e-17 1.07546e-16 0 1.28263e-16 0 1.41635e-16 0 1.51809e-16 0 1.6006e-16 0 1.67001e-16 0 1.73065e-16 0 1.78503e-16 0 1.83373e-16 0 1.87801e-16 0 1.91913e-16 0 1.95708e-16 0 1.9925e-16 0 2.02601e-16 0 2.05697e-16 0 2.08667e-16 0 2.11509e-16 0 2.14159e-16 0 2.16746e-16 0 2.1914e-16 0 2.21535e-16 0 2.23802e-16 0 2.26005e-16 0 2.2808e-16 0 2.30155e-16 0 2.32101e-16 0 2.33984e-16 0 2.35866e-16 0 2.3762e-16 0 2.39374e-16 0 2.41063e-16 0 2.42753e-16 0 2.44314e-16 0 2.45875e-16 0 2.47436e-16 0 2.48867e-16 0 2.50364e-16 0 2.51796e-16 0 2.53164e-16 0 2.54597e-16 0
958.471 8.98815e-17 8.98815e-17 2.79726e-26 3.11217e-10 2.07098e-08 6.97489e-17 6.84951e-17 8.35743e-17 0 9.93341e-17 0 1.09495e-16 0 1.17221e-16 0 1.23484e-16 0 1.28751e-16 0 1.33352e-16 0 1.37477e-16 0 1.4117e-16 0 1.44528e-16 0 1.47646e-16 0 1.50523e-16 0 1.53208e-16 0 1.55748e-16 0 1.58095e-16 0 1.60345e-16 0 1.62499e-16 0 1.64507e-16 0 1.66467e-16 0 1.68281e-16 0 1.70096e-16 0 1.71813e-16 0 1.73483e-16 0 1.75054e-16 0 1.76626e-16 0 1.78101e-16 0 1.79526e-16 0 1.80952e-16 0 1.8228e-16 0 1.83609e-16 0 1.84889e-16 0 1.86169e-16 0 1.8735e-16 0 1.88532e-16 0 1.89715e-16 0 1.90799e-16 0 1.91932e-16 0 1.93017e-16 0 1.94052e-16 0 1.95137e-16 0
1007.67 8.28333e-17 8.28333e-17 2.28969e-26 2.76422e-10 1.23653e-09 5.4239e-17 5.32812e-17 6.47509e-17 0 7.67145e-17 0 8.44199e-17 0 9.02756e-17 0 9.5021e-17 0 9.90104e-17 0 1.02495e-16 0 1.05617e-16 0 1.08413e-16 0 1.10955e-16 0 1.13314e-16 0 1.15492e-16 0 1.17523e-16 0 1.19446e-16 0 1.21221e-16 0 1.22923e-16 0 1.24553e-16 0 1.26072e-16 0 1.27555e-16 0 1.28927e-16 0 1.30299e-16 0 1.31598e-16 0 1.32861e-16 0 1.34049e-16 0 1.35238e-16 0 1.36353e-16 0 1.37431e-16 0 1.38509e-16 0 1.39514e-16 0 1.40518e-16 0 1.41486e-16 0 1.42454e-16 0 1.43347e-16 0 1.44241e-16 0 1.45135e-16 0 1.45954e-16 0 1.46811e-16 0 1.47631e-16 0 1.48414e-16 0 1.49234e-16 0
1059.39 7.66264e-17 7.66264e-17 1.87448e-26 2.44626e-10 1.58417e-08 4.22662e-17 4.15326e-17 5.0283e-17 0 5.93938e-17 0 6.52563e-17 0 6.97093e-17 0 7.33167e-17 0 7.63486e-17 0 7.8996e-17 0 8.13684e-17 0 8.34923e-17 0 8.54226e-17 0 8.72148e-17 0 8.88684e-17 0 9.04109e-17 0 9.18704e-17 0 9.32183e-17 0 9.45108e-17 0 9.57478e-17 0 9.69009e-17 0 9.80264e-17 0 9.90679e-17 0 1.0011e-16 0 1.01096e-16 0 1.02054e-16 0 1.02956e-16 0 1.03858e-16 0 1.04704e-16 0 1.05522e-16 0 1.06341e-16 0 1.07103e-16 0 1.07865e-16 0 1.08599e-16 0 1.09333e-16 0 1.10011e-16 0 1.1069e-16 0 1.11368e-16 0 1.1199e-16 0 1.1264e-16 0 1.13262e-16 0 1.13856e-16 0 1.14478e-16 0
1113.77 7.07263e-17 7.07263e-17 1.53491e-26 2.17021e-10 1.88153e-08 3.28109e-17 3.22509e-17 3.89071e-17 0 4.58262e-17 0 5.02746e-17 0 5.36519e-17 0 5.6387e-17 0 5.86853e-17 0 6.06918e-17 0 6.24896e-17 0 6.40989e-17 0 6.55614e-17 0 6.6919e-17 0 6.81716e-17 0 6.934e-17 0 7.04454e-17 0 7.14662e-17 0 7.24451e-17 0 7.33818e-17 0 7.4255e-17 0 7.51072e-17 0 7.58958e-17 0 7.66847e-17 0 7.74312e-17 0 7.81565e-17 0 7.88394e-17 0 7.95225e-17 0 8.0163e-17 0 8.07824e-17 0 8.14019e-17 0 8.19787e-17 0 8.25557e-17 0 8.31115e-17 0 8.36673e-17 0 8.41805e-17 0 8.46938e-17 0 8.52071e-17 0 8.56778e-17 0 8.61699e-17 0 8.66407e-17 0 8.70901e-17 0 8.75611e-17 0
1170.94 6.5112e-17 6.5112e-17 1.25648e-26 1.92973e-10 1.48943e-08 2.53672e-17 2.49413e-17 2.99882e-17 0 3.52266e-17 0 3.8592e-17 0 4.11459e-17 0 4.32137e-17 0 4.49508e-17 0 4.64672e-17 0 4.78256e-17 0 4.90415e-17 0 5.01463e-17 0 5.11719e-17 0 5.2118e-17 0 5.30006e-17 0 5.38354e-17 0 5.46064e-17 0 5.53456e-17 0 5.60529e-17 0 5.67123e-17 0 5.73558e-17 0 5.79513e-17 0 5.85469e-17 0 5.91105e-17 0 5.96582e-17 0 6.01737e-17 0 6.06894e-17 0 6.1173e-17 0 6.16405e-17 0 6.21082e-17 0 6.25437e-17 0 6.29792e-17 0 6.33987e-17 0 6.38183e-17 0 6.42057e-17 0 6.45931e-17 0 6.49806e-17 0 6.53359e-17 0 6.57073e-17 0 6.60627e-17 0 6.64019e-17 0 6.67573e-17 0
1231.05 5.99266e-17 5.99266e-17 1.02848e-26 1.71623e-10 2.72554e-08 1.95794e-17 1.92558e-17 2.30792e-17 0 2.70424e-17 0 2.95867e-17 0 3.15168e-17 0 3.30791e-17 0 3.43914e-17 0 3.55367e-17 0 3.65626e-17 0 3.74808e-17 0 3.8315e-17 0 3.90894e-17 0 3.98037e-17 0 4.04699e-17 0 4.11001e-17 0 4.16821e-17 0 4.224e-17 0 4.27739e-17 0 4.32716e-17 0 4.37573e-17 0 4.42067e-17 0 4.46562e-17 0 4.50816e-17 0 4.54948e-17 0 4.58839e-17 0 4.62731e-17 0 4.6638e-17 0 4.69908e-17 0 4.73436e-17 0 4.76722e-17 0 4.80009e-17 0 4.83174e-17 0 4.8634e-17 0 4.89263e-17 0 4.92186e-17 0 4.95109e-17 0 4.9779e-17 0 5.00592e-17 0 5.03273e-17 0 5.05832e-17 0 5.08514e-17 0
1294.24 5.54286e-17 5.54286e-17 8.42257e-27 1.51954e-10 2.81991e-08 1.51673e-17 1.49204e-17 1.78298e-17 0 2.08419e-17 0 2.27744e-17 0 2.42399e-17 0 2.54259e-17 0 2.64218e-17 0 2.7291e-17 0 2.80694e-17 0 2.87661e-17 0 2.9399e-17 0 2.99864e-17 0 3.05283e-17 0 3.10336e-17 0 3.15116e-17 0 3.1953e-17 0 3.23762e-17 0 3.27811e-17 0 3.31586e-17 0 3.35269e-17 0 3.38677e-17 0 3.42086e-17 0 3.45311e-17 0 3.48445e-17 0 3.51395e-17 0 3.54346e-17 0 3.57113e-17 0 3.59788e-17 0 3.62463e-17 0 3.64955e-17 0 3.67447e-17 0 3.69846e-17 0 3.72247e-17 0 3.74462e-17 0 3.76679e-17 0 3.78895e-17 0 3.80927e-17 0 3.83052e-17 0 3.85084e-17 0 3.87024e-17 0 3.89057e-17 0
1360.67 5.11976e-17 5.11976e-17 6.89644e-27 1.34702e-10 5.95934e-09 1.17187e-17 1.15307e-17 1.37405e-17 0 1.60258e-17 0 1.74912e-17 0 1.86021e-17 0 1.95009e-17 0 2.02556e-17 0 2.09141e-17 0 2.15039e-17 0 2.20316e-17 0 2.2511e-17 0 2.29559e-17 0 2.33663e-17 0 2.37491e-17 0 2.41111e-17 0 2.44454e-17 0 2.47658e-17 0 2.50724e-17 0 2.53582e-17 0 2.56371e-17 0 2.58952e-17 0 2.61533e-17 0 2.63975e-17 0 2.66348e-17 0 2.68581e-17 0 2.70815e-17 0 2.7291e-17 0 2.74935e-17 0 2.76961e-17 0 2.78847e-17 0 2.80733e-17 0 2.8255e-17 0 2.84367e-17 0 2.86045e-17 0 2.87722e-17 0 2.894e-17 0 2.90938e-17 0 2.92546e-17 0 2.94085e-17 0 2.95554e-17 0 2.97092e-17 0
1430.51 4.71732e-17 4.71732e-17 5.64544e-27 1.19675e-10 2.61939e-08 9.02138e-18 8.87872e-18 1.05523e-17 0 1.22813e-17 0 1.33894e-17 0 1.42292e-17 0 1.49085e-17 0 1.54789e-17 0 1.59765e-17 0 1.64221e-17 0 1.68208e-17 0 1.7183e-17 0 1.75191e-17 0 1.78291e-17 0 1.81182e-17 0 1.83917e-17 0 1.86442e-17 0 1.88862e-17 0 1.91178e-17 0 1.93336e-17 0 1.95443e-17 0 1.97391e-17 0 1.99341e-17 0 2.01185e-17 0 2.02977e-17 0 2.04663e-17 0 2.0635e-17 0 2.07932e-17 0 2.09461e-17 0 2.10991e-17 0 2.12415e-17 0 2.13839e-17 0 2.15211e-17 0 2.16583e-17 0 2.1785e-17 0 2.19116e-17 0 2.20383e-17 0 2.21545e-17 0 2.22759e-17 0 2.2392e-17 0 2.25029e-17 0 2.26191e-17 0
1503.94 4.33777e-17 4.33777e-17 4.621e-27 1.06529e-10 -2.47014e-08 6.92331e-18 6.81531e-18 8.07971e-18 0 9.38482e-18 0 1.02209e-17 0 1.08543e-17 0 1.13667e-17 0 1.17967e-17 0 1.21719e-17 0 1.25079e-17 0 1.28085e-17 0 1.30815e-17 0 1.33349e-17 0 1.35685e-17 0 1.37865e-17 0 1.39925e-17 0 1.41828e-17 0 1.43653e-17 0 1.45398e-17 0 1.47025e-17 0 1.48612e-17 0 1.50081e-17 0 1.51549e-17 0 1.52939e-17 0 1.54289e-17 0 1.5556e-17 0 1.56832e-17 0 1.58024e-17 0 1.59176e-17 0 1.60328e-17 0 1.61401e-17 0 1.62475e-17 0 1.63508e-17 0 1.64542e-17 0 1.65496e-17 0 1.66451e-17 0 1.67405e-17 0 1.6828e-17 0 1.69195e-17 0 1.7007e-17 0 1.70906e-17 0 1.71781e-17 0
1581.14 4.02227e-17 4.02227e-17 3.78436e-27 9.40852e-11 4.40718e-08 5.35224e-18 5.26985e-18 6.2328e-18 0 7.22595e-18 0 7.86188e-18 0 8.34361e-18 0 8.73317e-18 0 9.06015e-18 0 9.34537e-18 0 9.60074e-18 0 9.82921e-18 0 1.00367e-17 0 1.02293e-17 0 1.04069e-17 0 1.05725e-17 0 1.07291e-17 0 1.08737e-17 0 1.10124e-17 0 1.1145e-17 0 1.12686e-17 0 1.13892e-17 0 1.15008e-17 0 1.16124e-17 0 1.1718e-17 0 1.18206e-17 0 1.19171e-17 0 1.20137e-17 0 1.21043e-17 0 1.21918e-17 0 1.22794e-17 0 1.23609e-17 0 1.24425e-17 0 1.2521e-17 0 1.25995e-17 0 1.2672e-17 0 1.27445e-17 0 1.2817e-17 0 1.28835e-17 0 1.2953e-17 0 1.30195e-17 0 1.3083e-17 0 1.31495e-17 0
1662.3 3.72251e-17 3.72251e-17 3.09833e-27 8.32324e-11 1.11145e-08 4.12566e-18 4.06295e-18 4.79468e-18 0 5.5488e-18 0 6.03148e-18 0 6.39705e-18 0 6.69263e-18 0 6.9407e-18 0 7.15708e-18 0 7.35079e-18 0 7.52409e-18 0 7.6815e-18 0 7.82755e-18 0 7.96225e-18 0 8.08784e-18 0 8.20662e-18 0 8.31629e-18 0 8.42142e-18 0 8.52199e-18 0 8.61572e-18 0 8.70719e-18 0 8.7918e-18 0 8.87643e-18 0 8.9565e-18 0 9.03429e-18 0 9.10752e-18 0 9.18075e-18 0 9.24941e-18 0 9.31579e-18 0 9.38218e-18 0 9.444e-18 0 9.50582e-18 0 9.56536e-18 0 9.6249e-18 0 9.67987e-18 0 9.73484e-18 0 9.78981e-18 0 9.84021e-18 0 9.8929e-18 0 9.94331e-18 0 9.99143e-18 0 1.00418e-17 0
1747.63 3.43733e-17 3.43733e-17 2.53598e-27 7.37777e-11 1.8223e-08 3.17008e-18 3.12248e-18 3.67709e-18 0 4.24828e-18 0 4.61376e-18 0 4.89051e-18 0 5.11424e-18 0 5.30199e-18 0 5.46575e-18 0 5.61235e-18 0 5.74349e-18 0 5.8626e-18 0 5.97311e-18 0 6.07503e-18 0 6.17005e-18 0 6.25992e-18 0 6.3429e-18 0 6.42243e-18 0 6.49852e-18 0 6.56943e-18 0 6.63863e-18 0 6.70264e-18 0 6.76666e-18 0 6.82723e-18 0 6.88608e-18 0 6.94147e-18 0 6.99687e-18 0 7.04881e-18 0 7.09903e-18 0 7.14925e-18 0 7.19601e-18 0 7.24277e-18 0 7.28781e-18 0 7.33284e-18 0 7.37442e-18 0 7.416e-18 0 7.45758e-18 0 7.49571e-18 0 7.53556e-18 0 7.57369e-18 0 7.61008e-18 0 7.64821e-18 0
1837.33 3.16633e-17 3.16633e-17 2.07624e-27 6.55726e-11 4.1735e-08 2.42783e-18 2.3918e-18 2.81104e-18 0 3.24256e-18 0 3.51857e-18 0 3.72754e-18 0 3.89646e-18 0 4.0382e-18 0 4.16182e-18 0 4.27248e-18 0 4.37146e-18 0 4.46136e-18 0 4.54478e-18 0 4.6217e-18 0 4.69342e-18 0 4.76124e-18 0 4.82386e-18 0 4.88388e-18 0 4.9413e-18 0 4.99482e-18 0 5.04703e-18 0 5.09534e-18 0 5.14365e-18 0 5.18936e-18 0 5.23376e-18 0 5.27556e-18 0 5.31737e-18 0 5.35656e-18 0 5.39445e-18 0 5.43234e-18 0 5.46762e-18 0 5.50291e-18 0 5.53689e-18 0 5.57087e-18 0 5.60225e-18 0 5.63362e-18 0 5.66499e-18 0 5.69376e-18 0 5.72383e-18 0 5.75259e-18 0 5.78005e-18 0 5.80882e-18 0
1931.64 2.90876e-17 2.90876e-17 1.70023e-27 5.8452e-11 3.68611e-08 1.85279e-18 1.8256e-18 2.14158e-18 0 2.46662e-18 0 2.67447e-18 0 2.83181e-18 0 2.95898e-18 0 3.06568e-18 0 3.15874e-18 0 3.24203e-18 0 3.31654e-18 0 3.3842e-18 0 3.44698e-18 0 3.50487e-18 0 3.55885e-18 0 3.60989e-18 0 3.65702e-18 0 3.70219e-18 0 3.7454e-18 0 3.78567e-18 0 3.82496e-18 0 3.86131e-18 0 3.89767e-18 0 3.93206e-18 0 3.96548e-18 0 3.99693e-18 0 4.02839e-18 0 4.05788e-18 0 4.08639e-18 0 4.1149e-18 0 4.14145e-18 0 4.168e-18 0 4.19357e-18 0 4.21914e-18 0 4.24274e-18 0 4.26635e-18 0 4.28996e-18 0 4.3116e-18 0 4.33422e-18 0 4.35587e-18 0 4.37653e-18 0 4.39817e-18 0
2030.79 2.67436e-17 2.67436e-17 1.39188e-27 5.20455e-11 -1.60195e-08 1.41402e-18 1.3935e-18 1.63179e-18 0 1.87679e-18 0 2.03342e-18 0 2.15197e-18 0 2.24778e-18 0 2.32817e-18 0 2.39826e-18 0 2.46101e-18 0 2.51713e-18 0 2.56809e-18 0 2.61538e-18 0 2.65898e-18 0 2.69963e-18 0 2.73808e-18 0 2.77357e-18 0 2.80759e-18 0 2.84013e-18 0 2.87046e-18 0 2.90005e-18 0 2.92742e-18 0 2.9548e-18 0 2.9807e-18 0 3.00587e-18 0 3.02955e-18 0 3.05324e-18 0 3.07545e-18 0 3.09692e-18 0 3.11839e-18 0 3.13838e-18 0 3.15837e-18 0 3.17763e-18 0 3.19688e-18 0 3.21466e-18 0 3.23243e-18 0 3.25021e-18 0 3.2665e-18 0 3.28354e-18 0 3.29984e-18 0 3.31539e-18 0 3.33169e-18 0
2135.03 2.4751e-17 2.4751e-17 1.13909e-27 4.60218e-11 9.18871e-08 1.0855e-18 1.0699e-18 1.25076e-18 0 1.43663e-18 0 1.55543e-18 0 1.64533e-18 0 1.71798e-18 0 1.77893e-18 0 1.83208e-18 0 1.87965e-18 0 1.9222e-18 0 1.96084e-18 0 1.99669e-18 0 2.02974e-18 0 2.06056e-18 0 2.0897e-18 0 2.11661e-18 0 2.1424e-18 0 2.16706e-18 0 2.19005e-18 0 2.21249e-18 0 2.23324e-18 0 2.25399e-18 0 2.27362e-18 0 2.2927e-18 0 2.31065e-18 0 2.3286e-18 0 2.34544e-18 0 2.36171e-18 0 2.37799e-18 0 2.39314e-18 0 2.40829e-18 0 2.42288e-18 0 2.43748e-18 0 2.45095e-18 0 2.46442e-18 0 2.4779e-18 0 2.49025e-18 0 2.50316e-18 0 2.51551e-18 0 2.5273e-18 0 2.53966e-18 0
2244.63 2.28585e-17 2.28585e-17 9.32756e-28 4.08056e-11 -6.97721e-08 8.30963e-19 8.19146e-19 9.56097e-19 0 1.09679e-18 0 1.18669e-18 0 1.25472e-18 0 1.30969e-18 0 1.3558e-18 0 1.39601e-18 0 1.432e-18 0 1.46419e-18 0 1.49342e-18 0 1.52053e-18 0 1.54554e-18 0 1.56885e-18 0 1.59089e-18 0 1.61125e-18 0 1.63075e-18 0 1.64941e-18 0 1.6668e-18 0 1.68377e-18 0 1.69946e-18 0 1.71516e-18 0 1.73001e-18 0 1.74443e-18 0 1.75801e-18 0 1.77159e-18 0 1.78432e-18 0 1.79663e-18 0 1.80894e-18 0 1.8204e-18 0 1.83186e-18 0 1.8429e-18 0 1.85394e-18 0 1.86413e-18 0 1.87432e-18 0 1.88451e-18 0 1.89385e-18 0 1.90361e-18 0 1.91295e-18 0 1.92187e-18 0 1.93121e-18 0
2359.84 2.10583e-17 2.10583e-17 7.63695e-28 3.62657e-11 7.85361e-08 6.3412e-19 6.25188e-19 7.28619e-19 0 8.34834e-19 0 9.02693e-19 0 9.54036e-19 0 9.95521e-19 0 1.03032e-18 0 1.06066e-18 0 1.08782e-18 0 1.11211e-18 0 1.13416e-18 0 1.15463e-18 0 1.17349e-18 0 1.19108e-18 0 1.20771e-18 0 1.22307e-18 0 1.23778e-18 0 1.25186e-18 0 1.26498e-18 0 1.27778e-18 0 1.28962e-18 0 1.30147e-18 0 1.31267e-18 0 1.32355e-18 0 1.3338e-18 0 1.34404e-18 0 1.35365e-18 0 1.36293e-18 0 1.37222e-18 0 1.38086e-18 0 1.38951e-18 0 1.39784e-18 0 1.40616e-18 0 1.41385e-18 0 1.42154e-18 0 1.42922e-18 0 1.43627e-18 0 1.44364e-18 0 1.45069e-18 0 1.45741e-18 0 1.46446e-18 0
2480.97 1.93546e-17 1.93546e-17 6.25111e-28 3.22977e-11 9.30299e-08 4.82478e-19 4.75744e-19 5.53666e-19 0 6.33658e-19 0 6.84755e-19 0 7.23412e-19 0 7.54645e-19 0 7.80843e-19 0 8.03685e-19 0 8.24128e-19 0 8.42411e-19 0 8.59013e-19 0 8.74415e-19 0 8.88616e-19 0 9.01855e-19 0 9.14374e-19 0 9.25932e-19 0 9.37009e-19 0 9.47605e-19 0 9.5748e-19 0 9.67114e-19 0 9.76027e-19 0 9.8494e-19 0 9.93372e-19 0 1.00156e-18 0 1.00927e-18 0 1.01698e-18 0 1.02421e-18 0 1.0312e-18 0 1.03819e-18 0 1.0447e-18 0 1.0512e-18 0 1.05747e-18 0 1.06374e-18 0 1.06952e-18 0 1.07531e-18 0 1.08109e-18 0 1.0864e-18 0 1.09194e-18 0 1.09725e-18 0 1.10231e-18 0 1.10761e-18 0
2608.32 1.79044e-17 1.79044e-17 5.11677e-28 2.85782e-11 5.26575e-08 3.6927e-19 3.64162e-19 4.23239e-19 0 4.83868e-19 0 5.2259e-19 0 5.51882e-19 0 5.75548e-19 0 5.95398e-19 0 6.12704e-19 0 6.28192e-19 0 6.42044e-19 0 6.54621e-19 0 6.6629e-19 0 6.77048e-19 0 6.87078e-19 0 6.96562e-19 0 7.05317e-19 0 7.13708e-19 0 7.21735e-19 0 7.29215e-19 0 7.36514e-19 0 7.43265e-19 0 7.50017e-19 0 7.56405e-19 0 7.6261e-19 0 7.6845e-19 0 7.74291e-19 0 7.79767e-19 0 7.85061e-19 0 7.90354e-19 0 7.95283e-19 0 8.00213e-19 0 8.04959e-19 0 8.09706e-19 0 8.14088e-19 0 8.1847e-19 0 8.22852e-19 0 8.2687e-19 0 8.31069e-19 0 8.35087e-19 0 8.38922e-19 0 8.42939e-19 0
2742.21 1.65338e-17 1.65338e-17 4.19047e-28 2.53449e-11 1.49749e-08 2.81973e-19 2.78105e-19 3.22811e-19 0 3.68679e-19 0 3.97969e-19 0 4.20125e-19 0 4.38024e-19 0 4.53037e-19 0 4.66125e-19 0 4.77838e-19 0 4.88313e-19 0 4.97825e-19 0 5.06649e-19 0 5.14784e-19 0 5.22369e-19 0 5.2954e-19 0 5.36161e-19 0 5.42506e-19 0 5.48576e-19 0 5.54233e-19 0 5.59751e-19 0 5.64857e-19 0 5.69962e-19 0 5.74792e-19 0 5.79484e-19 0 5.839e-19 0 5.88316e-19 0 5.92457e-19 0 5.9646e-19 0 6.00463e-19 0 6.04189e-19 0 6.07916e-19 0 6.11506e-19 0 6.15095e-19 0 6.18408e-19 0 6.21721e-19 0 6.25035e-19 0 6.28072e-19 0 6.31248e-19 0 6.34285e-19 0 6.37185e-19 0 6.40223e-19 0
2882.97 1.52299e-17 1.52299e-17 3.43096e-28 2.25277e-11 9.38208e-08 2.14663e-19 2.11742e-19 2.45485e-19 0 2.80096e-19 0 3.02195e-19 0 3.1891e-19 0 3.32413e-19 0 3.43738e-19 0 3.53612e-19 0 3.62447e-19 0 3.70349e-19 0 3.77524e-19 0 3.84179e-19 0 3.90316e-19 0 3.96037e-19 0 4.01446e-19 0 4.0644e-19 0 4.11226e-19 0 4.15804e-19 0 4.20071e-19 0 4.24233e-19 0 4.28084e-19 0 4.31935e-19 0 4.35577e-19 0 4.39116e-19 0 4.42447e-19 0 4.45778e-19 0 4.48901e-19 0 4.5192e-19 0 4.54939e-19 0 4.5775e-19 0 4.60561e-19 0 4.63268e-19 0 4.65975e-19 0 4.68474e-19 0 4.70973e-19 0 4.73472e-19 0 4.75762e-19 0 4.78157e-19 0 4.80448e-19 0 4.82635e-19 0 4.84926e-19 0
3030.95 1.40231e-17 1.40231e-17 2.80833e-28 2.00265e-11 1.21636e-09 1.63271e-19 1.61066e-19 1.86522e-19 0 2.12626e-19 0 2.29291e-19 0 2.41896e-19 0 2.52077e-19 0 2.60617e-19 0 2.68061e-19 0 2.74723e-19 0 2.80681e-19 0 2.8609e-19 0 2.91109e-19 0 2.95735e-19 0 3.00048e-19 0 3.04127e-19 0 3.07892e-19 0 3.115e-19 0 3.14952e-19 0 3.18168e-19 0 3.21306e-19 0 3.24209e-19 0 3.27112e-19 0 3.29859e-19 0 3.32527e-19 0 3.35038e-19 0 3.37549e-19 0 3.39903e-19 0 3.42179e-19 0 3.44455e-19 0 3.46574e-19 0 3.48693e-19 0 3.50734e-19 0 3.52775e-19 0 3.54659e-19 0 3.56543e-19 0 3.58426e-19 0 3.60153e-19 0 3.61959e-19 0 3.63686e-19 0 3.65334e-19 0 3.67062e-19 0
3186.53 1.3002e-17 1.3002e-17 2.2991e-28 1.76826e-11 -4.67619e-08 1.24992e-19 1.23317e-19 1.42652e-19 0 1.62476e-19 0 1.75132e-19 0 1.84702e-19 0 1.92433e-19 0 1.98917e-19 0 2.04569e-19 0 2.09627e-19 0 2.1415e-19 0 2.18257e-19 0 2.22067e-19 0 2.25579e-19 0 2.28854e-19 0 2.3195e-19 0 2.34808e-19 0 2.37547e-19 0 2.40168e-19 0 2.4261e-19 0 2.44992e-19 0 2.47196e-19 0 2.494e-19 0 2.51484e-19 0 2.5351e-19 0 2.55416e-19 0 2.57322e-19 0 2.5911e-19 0 2.60837e-19 0 2.62565e-19 0 2.64174e-19 0 2.65783e-19 0 2.67332e-19 0 2.68881e-19 0 2.70311e-19 0 2.71741e-19 0 2.73171e-19 0 2.74482e-19 0 2.75853e-19 0 2.77164e-19 0 2.78415e-19 0 2.79726e-19 0
3350.09 1.20314e-17 1.20314e-17 1.88257e-28 1.56472e-11 -5.98481e-08 9.54551e-20 9.41847e-20 1.08841e-19 0 1.23866e-19 0 1.33456e-19 0 1.40708e-19 0 1.46566e-19 0 1.51479e-19 0 1.55761e-19 0 1.59594e-19 0 1.63021e-19 0 1.66133e-19 0 1.69019e-19 0 1.7168e-19 0 1.74161e-19 0 1.76507e-19 0 1.78673e-19 0 1.80748e-19 0 1.82733e-19 0 1.84583e-19 0 1.86388e-19 0 1.88058e-19 0 1.89728e-19 0 1.91307e-19 0 1.92842e-19 0 1.94286e-19 0 1.9573e-19 0 1.97084e-19 0 1.98393e-19 0 1.99702e-19 0 2.00921e-19 0 2.02139e-19 0 2.03313e-19 0 2.04487e-19 0 2.0557e-19 0 2.06654e-19 0 2.07737e-19 0 2.0873e-19 0 2.09769e-19 0 2.10762e-19 0 2.1171e-19 0 2.12703e-19 0
3522.05 1.11079e-17 1.11079e-17 1.5411e-28 1.38739e-11 9.1747e-08 7.27021e-20 7.1741e-20 8.28249e-20 0 9.4185e-20 0 1.01436e-19 0 1.06918e-19 0 1.11347e-19 0 1.15061e-19 0 1.18298e-19 0 1.21196e-19 0 1.23786e-19 0 1.26138e-19 0 1.2832e-19 0 1.30332e-19 0 1.32208e-19 0 1.33981e-19 0 1.35618e-19 0 1.37187e-19 0 1.38687e-19 0 1.40086e-19 0 1.4145e-19 0 1.42712e-19 0 1.43974e-19 0 1.45168e-19 0 1.46328e-19 0 1.4742e-19 0 1.48511e-19 0 1.49535e-19 0 1.50524e-19 0 1.51513e-19 0 1.52435e-19 0 1.53356e-19 0 1.54243e-19 0 1.5513e-19 0 1.55949e-19 0 1.56768e-19 0 1.57587e-19 0 1.58338e-19 0 1.59122e-19 0 1.59873e-19 0 1.6059e-19 0 1.6134e-19 0
3702.84 1.02293e-17 1.02293e-17 1.26124e-28 1.23297e-11 1.1622e-07 5.52098e-20 5.44846e-20 6.28449e-20 0 7.14122e-20 0 7.68798e-20 0 8.10143e-20 0 8.43536e-20 0 8.7154e-20 0 8.95951e-20 0 9.17796e-20 0 9.37329e-20 0 9.55065e-20 0 9.71517e-20 0 9.86684e-20 0 1.00082e-19 0 1.01419e-19 0 1.02654e-19 0 1.03836e-19 0 1.04968e-19 0 1.06022e-19 0 1.07051e-19 0 1.08002e-19 0 1.08954e-19 0 1.09854e-19 0 1.10729e-19 0 1.11552e-19 0 1.12375e-19 0 1.13146e-19 0 1.13892e-19 0 1.14638e-19 0 1.15333e-19 0 1.16027e-19 0 1.16696e-19 0 1.17365e-19 0 1.17982e-19 0 1.186e-19 0 1.19217e-19 0 1.19783e-19 0 1.20375e-19 0 1.20941e-19 0 1.21481e-19 0 1.22047e-19 0
3892.91 9.39483e-18 9.39483e-18 1.03283e-28 1.09935e-11 -2.76754e-07 4.17978e-20 4.12522e-20 4.75408e-20 0 5.39842e-20 0 5.8096e-20 0 6.12052e-20 0 6.37164e-20 0 6.58222e-20 0 6.76578e-20 0 6.93004e-20 0 7.07693e-20 0 7.21029e-20 0 7.334e-20 0 7.44805e-20 0 7.55437e-20 0 7.65491e-20 0 7.74771e-20 0 7.83664e-20 0 7.92172e-20 0 8.001e-20 0 8.07834e-20 0 8.14989e-20 0 8.22144e-20 0 8.28912e-20 0 8.35487e-20 0 8.41675e-20 0 8.47864e-20 0 8.53666e-20 0 8.59275e-20 0 8.64883e-20 0 8.70105e-20 0 8.75328e-20 0 8.80356e-20 0 8.85385e-20 0 8.90027e-20 0 8.94669e-20 0 8.99312e-20 0 9.03567e-20 0 9.08016e-20 0 9.12272e-20 0 9.16334e-20 0 9.20589e-20 0
4092.73 8.65339e-18 8.65339e-18 8.45633e-29 9.77227e-12 -1.15523e-07 3.17241e-20 3.13124e-20 3.6056e-20 0 4.09159e-20 0 4.4017e-20 0 4.63619e-20 0 4.82556e-20 0 4.98437e-20 0 5.1228e-20 0 5.24667e-20 0 5.35744e-20 0 5.45801e-20 0 5.5513e-20 0 5.6373e-20 0 5.71748e-20 0 5.79329e-20 0 5.86327e-20 0 5.93033e-20 0 5.99449e-20 0 6.05427e-20 0 6.11259e-20 0 6.16654e-20 0 6.2205e-20 0 6.27153e-20 0 6.32111e-20 0 6.36778e-20 0 6.41444e-20 0 6.45819e-20 0 6.50049e-20 0 6.54278e-20 0 6.58216e-20 0 6.62153e-20 0 6.65945e-20 0 6.69737e-20 0 6.73238e-20 0 6.76738e-20 0 6.80239e-20 0 6.83447e-20 0 6.86802e-20 0 6.90011e-20 0 6.93074e-20 0 6.96283e-20 0
4302.81 8.00793e-18 8.00793e-18 6.92165e-29 8.64349e-12 1.13504e-08 2.41833e-20 2.38712e-20 2.74661e-20 0 3.11487e-20 0 3.34985e-20 0 3.52751e-20 0 3.671e-20 0 3.79132e-20 0 3.89621e-20 0 3.99006e-20 0 4.07398e-20 0 4.15017e-20 0 4.22085e-20 0 4.28601e-20 0 4.34675e-20 0 4.40419e-20 0 4.4572e-20 0 4.50801e-20 0 4.55662e-20 0 4.60191e-20 0 4.64609e-20 0 4.68697e-20 0 4.72784e-20 0 4.76651e-20 0 4.80407e-20 0 4.83942e-20 0 4.87478e-20 0 4.90792e-20 0 4.93996e-20 0 4.972e-20 0 5.00183e-20 0 5.03167e-20 0 5.06039e-20 0 5.08912e-20 0 5.11564e-20 0 5.14216e-20 0 5.16868e-20 0 5.19299e-20 0 5.2184e-20 0 5.24271e-20 0 5.26592e-20 0 5.29023e-20 0
4523.68 7.39403e-18 7.39403e-18 5.66526e-29 7.66194e-12 2.52463e-07 1.83877e-20 1.81517e-20 2.08699e-20 0 2.36541e-20 0 2.54305e-20 0 2.67736e-20 0 2.78583e-20 0 2.87678e-20 0 2.95607e-20 0 3.02701e-20 0 3.09045e-20 0 3.14805e-20 0 3.20147e-20 0 3.25073e-20 0 3.29665e-20 0 3.34006e-20 0 3.38014e-20 0 3.41855e-20 0 3.45528e-20 0 3.48952e-20 0 3.52292e-20 0 3.55382e-20 0 3.58471e-20 0 3.61394e-20 0 3.64233e-20 0 3.66906e-20 0 3.69578e-20 0 3.72083e-20 0 3.74505e-20 0 3.76927e-20 0 3.79182e-20 0 3.81437e-20 0 3.83608e-20 0 3.8578e-20 0 3.87784e-20 0 3.89789e-20 0 3.91793e-20 0 3.93631e-20 0 3.95552e-20 0 3.97389e-20 0 3.99143e-20 0 4.00981e-20 0
4755.88 6.81084e-18 6.81084e-18 4.63926e-29 6.81158e-12 2.29281e-07 1.39434e-20 1.37654e-20 1.58156e-20 0 1.79154e-20 0 1.92551e-20 0 2.0268e-20 0 2.1086e-20 0 2.1772e-20 0 2.23699e-20 0 2.29049e-20 0 2.33833e-20 0 2.38176e-20 0 2.42205e-20 0 2.45919e-20 0 2.49382e-20 0 2.52656e-20 0 2.55678e-20 0 2.58574e-20 0 2.61345e-20 0 2.63926e-20 0 2.66445e-20 0 2.68775e-20 0 2.71104e-20 0 2.73308e-20 0 2.75449e-20 0 2.77465e-20 0 2.7948e-20 0 2.81369e-20 0 2.83195e-20 0 2.85021e-20 0 2.86722e-20 0 2.88422e-20 0 2.9006e-20 0 2.91697e-20 0 2.93209e-20 0 2.9472e-20 0 2.96232e-20 0 2.97617e-20 0 2.99066e-20 0 3.00451e-20 0 3.01774e-20 0 3.0316e-20 0
5000 6.26034e-18 6.26034e-18 3.79803e-29 6.06681e-12 -4.81101e-07 1.05478e-20 1.04137e-20 1.19568e-20 0 1.35371e-20 0 1.45453e-20 0 1.53076e-20 0 1.59231e-20 0 1.64393e-20 0 1.68892e-20 0 1.72918e-20 0 1.76518e-20 0 1.79786e-20 0 1.82818e-20 0 1.85613e-20 0 1.88218e-20 0 1.90682e-20 0 1.92956e-20 0 1.95135e-20 0 1.9722e-20 0 1.99163e-20 0 2.01058e-20 0 2.02811e-20 0 2.04564e-20 0 2.06222e-20 0 2.07833e-20 0 2.0935e-20 0 2.10866e-20 0 2.12288e-20 0 2.13662e-20 0 2.15036e-20 0 2.16315e-20 0 2.17595e-20 0 2.18827e-20 0 2.20059e-20 0 2.21196e-20 0 2.22334e-20 0 2.23471e-20 0 2.24514e-20 0 2.25604e-20 0 2.26646e-20 0 2.27641e-20 0 2.28684e-20 0
