# 3.5481e-07 0 40 : grain size, compostion index, size index
# Heating and cooling timescale: 900.317 1330.01
# Ratio of heating to cooling to determine stochastic cutoff: 100
# Equilibrium emission is recorded even for those grains in the stochastic regime.
# Emission spectrum was computed for: 
# Type: ISRF
# Scales: 0.25 0.5 1 1.5 2 2.5 3 3.5 4 4.5 5 5.5 6 6.5 7 7.5 8 8.5 9 9.5 10 10.5 11 11.5 12 12.5 13 13.5 14 14.5 15 15.5 16 16.5 17 17.5 18 18.5 19 19.5 20
# StochasticallyHeated: 1 1 1 1 1 1 1 1 1 1 1 1 1 1 1 1 1 1 1 1 1 1 1 1 1 1 1 1 1 1 1 1 1 1 1 1 1 1 1 1 1
# Temperature: -1
# Wavelength  CExt  CAbs  CSca  Albedo G EqEm1 StEm1 EqEm2 StEm2 EqEm3 StEm3 EqEm4 StEm4 EqEm5 StEm5 EqEm6 StEm6 EqEm7 StEm7 EqEm8 StEm8 EqEm9 StEm9 EqEm10 StEm10 EqEm11 StEm11 EqEm12 StEm12 EqEm13 StEm13 EqEm14 StEm14 EqEm15 StEm15 EqEm16 StEm16 EqEm17 StEm17 EqEm18 StEm18 EqEm19 StEm19 EqEm20 StEm20 EqEm21 StEm21 EqEm22 StEm22 EqEm23 StEm23 EqEm24 StEm24 EqEm25 StEm25 EqEm26 StEm26 EqEm27 StEm27 EqEm28 StEm28 EqEm29 StEm29 EqEm30 StEm30 EqEm31 StEm31 EqEm32 StEm32 EqEm33 StEm33 EqEm34 StEm34 EqEm35 StEm35 EqEm36 StEm36 EqEm37 StEm37 EqEm38 StEm38 EqEm39 StEm39 EqEm40 StEm40 EqEm41 StEm41
0.05 5.63054e-14 5.5911e-14 3.9445e-16 0.00700555 0.00207552 0 0 0 0 0 0 0 0 0 0 0 0 0 0 0 0 0 0 0 0 0 0 0 0 0 0 0 0 0 0 0 0 0 0 0 0 0 0 0 0 0 0 0 0 0 0 0 0 0 0 0 0 0 0 0 0 0 0 0 0 0 0 0 0 0 0 0 0 0 0 0 0 0 0 0 0 0 0 0 0 0 0
0.0525665 6.22341e-14 6.17981e-14 4.35984e-16 0.00700555 0.00229406 0 0 0 0 0 0 0 0 0 0 0 0 0 0 0 0 0 0 0 0 0 0 0 0 0 0 0 0 0 0 0 0 0 0 0 0 0 0 0 0 0 0 0 0 0 0 0 0 0 0 0 0 0 0 0 0 0 0 0 0 0 0 0 0 0 0 0 0 0 0 0 0 0 0 0 0 0 0 0 0 0 0
0.0552647 6.87871e-14 6.83052e-14 4.81891e-16 0.00700555 0.00253561 0 0 0 0 0 0 0 0 0 0 0 0 0 0 0 0 0 0 0 0 0 0 0 0 0 0 0 0 0 0 0 0 0 0 0 0 0 0 0 0 0 0 0 0 0 0 0 0 0 0 0 0 0 0 0 0 0 0 0 0 0 0 0 0 0 0 0 0 0 0 0 0 0 0 0 0 0 0 0 0 0 0
0.0581015 7.603e-14 7.54974e-14 5.32632e-16 0.00700555 0.0028026 0 0 0 0 0 0 0 0 0 0 0 0 0 0 0 0 0 0 0 0 0 0 0 0 0 0 0 0 0 0 0 0 0 0 0 0 0 0 0 0 0 0 0 0 0 0 0 0 0 0 0 0 0 0 0 0 0 0 0 0 0 0 0 0 0 0 0 0 0 0 0 0 0 0 0 0 0 0 0 0 0 0
0.0610839 8.40356e-14 8.34469e-14 5.88715e-16 0.00700555 0.0030977 0 0 0 0 0 0 0 0 0 0 0 0 0 0 0 0 0 0 0 0 0 0 0 0 0 0 0 0 0 0 0 0 0 0 0 0 0 0 0 0 0 0 0 0 0 0 0 0 0 0 0 0 0 0 0 0 0 0 0 0 0 0 0 0 0 0 0 0 0 0 0 0 0 0 0 0 0 0 0 0 0 0
0.0642193 9.28841e-14 9.22334e-14 6.50704e-16 0.00700555 0.00342387 0 0 0 0 0 0 0 0 0 0 0 0 0 0 0 0 0 0 0 0 0 0 0 0 0 0 0 0 0 0 0 0 0 0 0 0 0 0 0 0 0 0 0 0 0 0 0 0 0 0 0 0 0 0 0 0 0 0 0 0 0 0 0 0 0 0 0 0 0 0 0 0 0 0 0 0 0 0 0 0 0 0
0.0675157 1.02664e-13 1.01945e-13 7.1922e-16 0.00700555 0.00378439 0 0 0 0 0 0 0 0 0 0 0 0 0 0 0 0 0 0 0 0 0 0 0 0 0 0 0 0 0 0 0 0 0 0 0 0 0 0 0 0 0 0 0 0 0 0 0 0 0 0 0 0 0 0 0 0 0 0 0 0 0 0 0 0 0 0 0 0 0 0 0 0 0 0 0 0 0 0 0 0 0 0
0.0709813 1.13474e-13 1.1268e-13 7.9495e-16 0.00700555 0.00418287 0 0 0 0 0 0 0 0 0 0 0 0 0 0 0 0 0 0 0 0 0 0 0 0 0 0 0 0 0 0 0 0 0 0 0 0 0 0 0 0 0 0 0 0 0 0 0 0 0 0 0 0 0 0 0 0 0 0 0 0 0 0 0 0 0 0 0 0 0 0 0 0 0 0 0 0 0 0 0 0 0 0
0.0746248 1.25423e-13 1.24544e-13 8.78655e-16 0.00700555 0.0046233 0 0 0 0 0 0 0 0 0 0 0 0 0 0 0 0 0 0 0 0 0 0 0 0 0 0 0 0 0 0 0 0 0 0 0 0 0 0 0 0 0 0 0 0 0 0 0 0 0 0 0 0 0 0 0 0 0 0 0 0 0 0 0 0 0 0 0 0 0 0 0 0 0 0 0 0 0 0 0 0 0 0
0.0784553 1.38629e-13 1.37658e-13 9.71173e-16 0.00700555 0.00511011 0 0 0 0 0 0 0 0 0 0 0 0 0 0 0 0 0 0 0 0 0 0 0 0 0 0 0 0 0 0 0 0 0 0 0 0 0 0 0 0 0 0 0 0 0 0 0 0 0 0 0 0 0 0 0 0 0 0 0 0 0 0 0 0 0 0 0 0 0 0 0 0 0 0 0 0 0 0 0 0 0 0
0.0824824 1.53226e-13 1.52153e-13 1.07343e-15 0.00700555 0.00564818 0 0 0 0 0 0 0 0 0 0 0 0 0 0 0 0 0 0 0 0 0 0 0 0 0 0 0 0 0 0 0 0 0 0 0 0 0 0 0 0 0 0 0 0 0 0 0 0 0 0 0 0 0 0 0 0 0 0 0 0 0 0 0 0 0 0 0 0 0 0 0 0 0 0 0 0 0 0 0 0 0 0
0.0867162 1.6936e-13 1.68174e-13 1.18646e-15 0.00700555 0.00624291 0 0 0 0 0 0 0 0 0 0 0 0 0 0 0 0 0 0 0 0 0 0 0 0 0 0 0 0 0 0 0 0 0 0 0 0 0 0 0 0 0 0 0 0 0 0 0 0 0 0 0 0 0 0 0 0 0 0 0 0 0 0 0 0 0 0 0 0 0 0 0 0 0 0 0 0 0 0 0 0 0 0
0.0911674 1.87193e-13 1.85882e-13 1.31139e-15 0.00700555 0.00690026 0 0 0 0 0 0 0 0 0 0 0 0 0 0 0 0 0 0 0 0 0 0 0 0 0 0 0 0 0 0 0 0 0 0 0 0 0 0 0 0 0 0 0 0 0 0 0 0 0 0 0 0 0 0 0 0 0 0 0 0 0 0 0 0 0 0 0 0 0 0 0 0 0 0 0 0 0 0 0 0 0 0
0.095847 2.06904e-13 2.05454e-13 1.44947e-15 0.00700555 0.00762683 0 0 0 0 0 0 0 0 0 0 0 0 0 0 0 0 0 0 0 0 0 0 0 0 0 0 0 0 0 0 0 0 0 0 0 0 0 0 0 0 0 0 0 0 0 0 0 0 0 0 0 0 0 0 0 0 0 0 0 0 0 0 0 0 0 0 0 0 0 0 0 0 0 0 0 0 0 0 0 0 0 0
0.100767 2.20928e-13 2.19449e-13 1.47865e-15 0.00669291 0.00848074 0 0 0 0 0 0 0 0 0 0 0 0 0 0 0 0 0 0 0 0 0 0 0 0 0 0 0 0 0 0 0 0 0 0 0 0 0 0 0 0 0 0 0 0 0 0 0 0 0 0 0 0 0 0 0 0 0 0 0 0 0 0 0 0 0 0 0 0 0 0 0 0 0 0 0 0 0 0 0 0 0 0
0.105939 1.93155e-13 1.92169e-13 9.86321e-16 0.00510636 0.00918167 0 0 0 0 0 0 0 0 0 0 0 0 0 0 0 0 0 0 0 0 0 0 0 0 0 0 0 0 0 0 0 0 0 0 0 0 0 0 0 0 0 0 0 0 0 0 0 0 0 0 0 0 0 0 0 0 0 0 0 0 0 0 0 0 0 0 0 0 0 0 0 0 0 0 0 0 0 0 0 0 0 0
0.111377 1.6668e-13 1.65911e-13 7.69365e-16 0.00461582 0.010432 0 0 0 0 0 0 0 0 0 0 0 0 0 0 0 0 0 0 0 0 0 0 0 0 0 0 0 0 0 0 0 0 0 0 0 0 0 0 0 0 0 0 0 0 0 0 0 0 0 0 0 0 0 0 0 0 0 0 0 0 0 0 0 0 0 0 0 0 0 0 0 0 0 0 0 0 0 0 0 0 0 0
0.117094 1.42055e-13 1.41538e-13 5.16406e-16 0.00363526 0.00972774 0 0 0 0 0 0 0 0 0 0 0 0 0 0 0 0 0 0 0 0 0 0 0 0 0 0 0 0 0 0 0 0 0 0 0 0 0 0 0 0 0 0 0 0 0 0 0 0 0 0 0 0 0 0 0 0 0 0 0 0 0 0 0 0 0 0 0 0 0 0 0 0 0 0 0 0 0 0 0 0 0 0
0.123105 1.20399e-13 1.20075e-13 3.23868e-16 0.00268995 0.0083617 0 0 0 0 0 0 0 0 0 0 0 0 0 0 0 0 0 0 0 0 0 0 0 0 0 0 0 0 0 0 0 0 0 0 0 0 0 0 0 0 0 0 0 0 0 0 0 0 0 0 0 0 0 0 0 0 0 0 0 0 0 0 0 0 0 0 0 0 0 0 0 0 0 0 0 0 0 0 0 0 0 0
0.129424 1.01542e-13 1.01334e-13 2.07286e-16 0.00204138 0.00703914 0 0 0 0 0 0 0 0 0 0 0 0 0 0 0 0 0 0 0 0 0 0 0 0 0 0 0 0 0 0 0 0 0 0 0 0 0 0 0 0 0 0 0 0 0 0 0 0 0 0 0 0 0 0 0 0 0 0 0 0 0 0 0 0 0 0 0 0 0 0 0 0 0 0 0 0 0 0 0 0 0 0
0.136067 8.8351e-14 8.82164e-14 1.34594e-16 0.0015234 0.00595723 0 0 0 0 0 0 0 0 0 0 0 0 0 0 0 0 0 0 0 0 0 0 0 0 0 0 0 0 0 0 0 0 0 0 0 0 0 0 0 0 0 0 0 0 0 0 0 0 0 0 0 0 0 0 0 0 0 0 0 0 0 0 0 0 0 0 0 0 0 0 0 0 0 0 0 0 0 0 0 0 0 0
0.143051 8.03954e-14 8.03077e-14 8.77207e-17 0.00109112 0.00508182 0 0 0 0 0 0 0 0 0 0 0 0 0 0 0 0 0 0 0 0 0 0 0 0 0 0 0 0 0 0 0 0 0 0 0 0 0 0 0 0 0 0 0 0 0 0 0 0 0 0 0 0 0 0 0 0 0 0 0 0 0 0 0 0 0 0 0 0 0 0 0 0 0 0 0 0 0 0 0 0 0 0
0.150394 7.61099e-14 7.60525e-14 5.73929e-17 0.00075408 0.00434039 0 0 0 0 0 0 0 0 0 0 0 0 0 0 0 0 0 0 0 0 0 0 0 0 0 0 0 0 0 0 0 0 0 0 0 0 0 0 0 0 0 0 0 0 0 0 0 0 0 0 0 0 0 0 0 0 0 0 0 0 0 0 0 0 0 0 0 0 0 0 0 0 0 0 0 0 0 0 0 0 0 0
0.158114 7.53451e-14 7.53064e-14 3.87183e-17 0.000513879 0.00371986 0 0 0 0 0 0 0 0 0 0 0 0 0 0 0 0 0 0 0 0 0 0 0 0 0 0 0 0 0 0 0 0 0 0 0 0 0 0 0 0 0 0 0 0 0 0 0 0 0 0 0 0 0 0 0 0 0 0 0 0 0 0 0 0 0 0 0 0 0 0 0 0 0 0 0 0 0 0 0 0 0 0
0.16623 7.82874e-14 7.82582e-14 2.91948e-17 0.000372918 0.003199 0 0 0 0 0 0 0 0 0 0 0 0 0 0 0 0 0 0 0 0 0 0 0 0 0 0 0 0 0 0 0 0 0 0 0 0 0 0 0 0 0 0 0 0 0 0 0 0 0 0 0 0 0 0 0 0 0 0 0 0 0 0 0 0 0 0 0 0 0 0 0 0 0 0 0 0 0 0 0 0 0 0
0.174762 8.56431e-14 8.56164e-14 2.67047e-17 0.000311814 0.00275177 0 0 0 0 0 0 0 0 0 0 0 0 0 0 0 0 0 0 0 0 0 0 0 0 0 0 0 0 0 0 0 0 0 0 0 0 0 0 0 0 0 0 0 0 0 0 0 0 0 0 0 0 0 0 0 0 0 0 0 0 0 0 0 0 0 0 0 0 0 0 0 0 0 0 0 0 0 0 0 0 0 0
0.183733 9.87264e-14 9.86957e-14 3.07027e-17 0.000310987 0.00234494 0 0 0 0 0 0 0 0 0 0 0 0 0 0 0 0 0 0 0 0 0 0 0 0 0 0 0 0 0 0 0 0 0 0 0 0 0 0 0 0 0 0 0 0 0 0 0 0 0 0 0 0 0 0 0 0 0 0 0 0 0 0 0 0 0 0 0 0 0 0 0 0 0 0 0 0 0 0 0 0 0 0
0.193164 1.21747e-13 1.21702e-13 4.49614e-17 0.000369302 0.00195227 0 0 0 0 0 0 0 0 0 0 0 0 0 0 0 0 0 0 0 0 0 0 0 0 0 0 0 0 0 0 0 0 0 0 0 0 0 0 0 0 0 0 0 0 0 0 0 0 0 0 0 0 0 0 0 0 0 0 0 0 0 0 0 0 0 0 0 0 0 0 0 0 0 0 0 0 0 0 0 0 0 0
0.203079 1.58752e-13 1.5868e-13 7.23193e-17 0.000455548 0.00156562 0 0 0 0 0 0 0 0 0 0 0 0 0 0 0 0 0 0 0 0 0 0 0 0 0 0 0 0 0 0 0 0 0 0 0 0 0 0 0 0 0 0 0 0 0 0 0 0 0 0 0 0 0 0 0 0 0 0 0 0 0 0 0 0 0 0 0 0 0 0 0 0 0 0 0 0 0 0 0 0 0 0
0.213503 1.95243e-13 1.95138e-13 1.05174e-16 0.00053868 0.00120392 0 0 0 0 0 0 0 0 0 0 0 0 0 0 0 0 0 0 0 0 0 0 0 0 0 0 0 0 0 0 0 0 0 0 0 0 0 0 0 0 0 0 0 0 0 0 0 0 0 0 0 0 0 0 0 0 0 0 0 0 0 0 0 0 0 0 0 0 0 0 0 0 0 0 0 0 0 0 0 0 0 0
0.224463 1.87376e-13 1.87257e-13 1.18941e-16 0.000634774 0.000891808 0 0 0 0 0 0 0 0 0 0 0 0 0 0 0 0 0 0 0 0 0 0 0 0 0 0 0 0 0 0 0 0 0 0 0 0 0 0 0 0 0 0 0 0 0 0 0 0 0 0 0 0 0 0 0 0 0 0 0 0 0 0 0 0 0 0 0 0 0 0 0 0 0 0 0 0 0 0 0 0 0 0
0.235984 1.45294e-13 1.4519e-13 1.04301e-16 0.000717861 0.000637272 0 0 0 0 0 0 0 0 0 0 0 0 0 0 0 0 0 0 0 0 0 0 0 0 0 0 0 0 0 0 0 0 0 0 0 0 0 0 0 0 0 0 0 0 0 0 0 0 0 0 0 0 0 0 0 0 0 0 0 0 0 0 0 0 0 0 0 0 0 0 0 0 0 0 0 0 0 0 0 0 0 0
0.248097 1.10066e-13 1.09987e-13 7.94202e-17 0.000721569 0.000487223 0 0 0 0 0 0 0 0 0 0 0 0 0 0 0 0 0 0 0 0 0 0 0 0 0 0 0 0 0 0 0 0 0 0 0 0 0 0 0 0 0 0 0 0 0 0 0 0 0 0 0 0 0 0 0 0 0 0 0 0 0 0 0 0 0 0 0 0 0 0 0 0 0 0 0 0 0 0 0 0 0 0
0.260832 8.84106e-14 8.83534e-14 5.71346e-17 0.000646242 0.000504243 0 0 0 0 0 0 0 0 0 0 0 0 0 0 0 0 0 0 0 0 0 0 0 0 0 0 0 0 0 0 0 0 0 0 0 0 0 0 0 0 0 0 0 0 0 0 0 0 0 0 0 0 0 0 0 0 0 0 0 0 0 0 0 0 0 0 0 0 0 0 0 0 0 0 0 0 0 0 0 0 0 0
0.274221 7.53731e-14 7.53326e-14 4.04237e-17 0.000536315 0.000670999 0 0 0 0 0 0 0 0 0 0 0 0 0 0 0 0 0 0 0 0 0 0 0 0 0 0 0 0 0 0 0 0 0 0 0 0 0 0 0 0 0 0 0 0 0 0 0 0 0 0 0 0 0 0 0 0 0 0 0 0 0 0 0 0 0 0 0 0 0 0 0 0 0 0 0 0 0 0 0 0 0 0
0.288297 6.71543e-14 6.71256e-14 2.87006e-17 0.000427383 0.000900257 0 0 0 0 0 0 0 0 0 0 0 0 0 0 0 0 0 0 0 0 0 0 0 0 0 0 0 0 0 0 0 0 0 0 0 0 0 0 0 0 0 0 0 0 0 0 0 0 0 0 0 0 0 0 0 0 0 0 0 0 0 0 0 0 0 0 0 0 0 0 0 0 0 0 0 0 0 0 0 0 0 0
0.303095 6.14898e-14 6.14691e-14 2.07267e-17 0.000337076 0.00101162 0 0 0 0 0 0 0 0 0 0 0 0 0 0 0 0 0 0 0 0 0 0 0 0 0 0 0 0 0 0 0 0 0 0 0 0 0 0 0 0 0 0 0 0 0 0 0 0 0 0 0 0 0 0 0 0 0 0 0 0 0 0 0 0 0 0 0 0 0 0 0 0 0 0 0 0 0 0 0 0 0 0
0.318653 5.46426e-14 5.46273e-14 1.53256e-17 0.00028047 0.0010572 0 0 0 0 0 0 0 0 0 0 0 0 0 0 0 0 0 0 0 0 0 0 0 0 0 0 0 0 0 0 0 0 0 0 0 0 0 0 0 0 0 0 0 0 0 0 0 0 0 0 0 0 0 0 0 0 0 0 0 0 0 0 0 0 0 0 0 0 0 0 0 0 0 0 0 0 0 0 0 0 0 0
0.335009 4.81472e-14 4.81356e-14 1.16393e-17 0.000241744 0.00104089 0 0 0 0 0 0 0 0 0 0 0 0 0 0 0 0 0 0 0 0 0 0 0 0 0 0 0 0 0 0 0 0 0 0 0 0 0 0 0 0 0 0 0 0 0 0 0 0 0 0 0 0 0 0 0 0 0 0 0 0 0 0 0 0 0 0 0 0 0 0 0 0 0 0 0 0 0 0 0 0 0 0
0.352205 4.21657e-14 4.21566e-14 9.07538e-18 0.000215231 0.000988403 0 0 0 0 0 0 0 0 0 0 0 0 0 0 0 0 0 0 0 0 0 0 0 0 0 0 0 0 0 0 0 0 0 0 0 0 0 0 0 0 0 0 0 0 0 0 0 0 0 0 0 0 0 0 0 0 0 0 0 0 0 0 0 0 0 0 0 0 0 0 0 0 0 0 0 0 0 0 0 0 0 0
0.370284 3.66955e-14 3.66882e-14 7.24231e-18 0.000197362 0.000924539 0 0 0 0 0 0 0 0 0 0 0 0 0 0 0 0 0 0 0 0 0 0 0 0 0 0 0 0 0 0 0 0 0 0 0 0 0 0 0 0 0 0 0 0 0 0 0 0 0 0 0 0 0 0 0 0 0 0 0 0 0 0 0 0 0 0 0 0 0 0 0 0 0 0 0 0 0 0 0 0 0 0
0.389291 3.17142e-14 3.17083e-14 5.88246e-18 0.000185483 0.000862367 0 0 0 0 0 0 0 0 0 0 0 0 0 0 0 0 0 0 0 0 0 0 0 0 0 0 0 0 0 0 0 0 0 0 0 0 0 0 0 0 0 0 0 0 0 0 0 0 0 0 0 0 0 0 0 0 0 0 0 0 0 0 0 0 0 0 0 0 0 0 0 0 0 0 0 0 0 0 0 0 0 0
0.409273 2.72166e-14 2.72117e-14 4.82933e-18 0.000177441 0.000801776 0 0 0 0 0 0 0 0 0 0 0 0 0 0 0 0 0 0 0 0 0 0 0 0 0 0 0 0 0 0 0 0 0 0 0 0 0 0 0 0 0 0 0 0 0 0 0 0 0 0 0 0 0 0 0 0 0 0 0 0 0 0 0 0 0 0 0 0 0 0 0 0 0 0 0 0 0 0 0 0 0 0
0.430281 2.31848e-14 2.31808e-14 3.98368e-18 0.000171823 0.00074419 0 0 0 0 0 0 0 0 0 0 0 0 0 0 0 0 0 0 0 0 0 0 0 0 0 0 0 0 0 0 0 0 0 0 0 0 0 0 0 0 0 0 0 0 0 0 0 0 0 0 0 0 0 0 0 0 0 0 0 0 0 0 0 0 0 0 0 0 0 0 0 0 0 0 0 0 0 0 0 0 0 0
0.452368 1.95975e-14 1.95942e-14 3.28872e-18 0.000167813 0.000684728 0 0 0 0 0 0 0 0 0 0 0 0 0 0 0 0 0 0 0 0 0 0 0 0 0 0 0 0 0 0 0 0 0 0 0 0 0 0 0 0 0 0 0 0 0 0 0 0 0 0 0 0 0 0 0 0 0 0 0 0 0 0 0 0 0 0 0 0 0 0 0 0 0 0 0 0 0 0 0 0 0 0
0.475588 1.64345e-14 1.64318e-14 2.71192e-18 0.000165014 0.000627712 0 0 0 0 0 0 0 0 0 0 0 0 0 0 0 0 0 0 0 0 0 0 0 0 0 0 0 0 0 0 0 0 0 0 0 0 0 0 0 0 0 0 0 0 0 0 0 0 0 0 0 0 0 0 0 0 0 0 0 0 0 0 0 0 0 0 0 0 0 0 0 0 0 0 0 0 0 0 0 0 0 0
0.5 1.36696e-14 1.36673e-14 2.23334e-18 0.00016338 0.000572874 0 0 0 0 0 0 0 0 0 0 0 0 0 0 0 0 0 0 0 0 0 0 0 0 0 0 0 0 0 0 0 0 0 0 0 0 0 0 0 0 0 0 0 0 0 0 0 0 0 0 0 0 0 0 0 0 0 0 0 0 0 0 0 0 0 0 0 0 0 0 0 0 0 0 0 0 0 0 0 0 0 0
0.525665 1.12753e-14 1.12734e-14 1.83768e-18 0.000162983 0.00052103 0 0 0 0 0 0 0 0 0 0 0 0 0 0 0 0 0 0 0 0 0 0 0 0 0 0 0 0 0 0 0 0 0 0 0 0 0 0 0 0 0 0 0 0 0 0 0 0 0 0 0 0 0 0 0 0 0 0 0 0 0 0 0 0 0 0 0 0 0 0 0 0 0 0 0 0 0 0 0 0 0 0
0.552648 9.22212e-15 9.22061e-15 1.51216e-18 0.000163971 0.000473855 0 0 0 0 0 0 0 0 0 0 0 0 0 0 0 0 0 0 0 0 0 0 0 0 0 0 0 0 0 0 0 0 0 0 0 0 0 0 0 0 0 0 0 0 0 0 0 0 0 0 0 0 0 0 0 0 0 0 0 0 0 0 0 0 0 0 0 0 0 0 0 0 0 0 0 0 0 0 0 0 0 0
0.581015 7.47791e-15 7.47666e-15 1.24542e-18 0.000166546 0.000430016 0 0 0 0 0 0 0 0 0 0 0 0 0 0 0 0 0 0 0 0 0 0 0 0 0 0 0 0 0 0 0 0 0 0 0 0 0 0 0 0 0 0 0 0 0 0 0 0 0 0 0 0 0 0 0 0 0 0 0 0 0 0 0 0 0 0 0 0 0 0 0 0 0 0 0 0 0 0 0 0 0 0
0.610839 6.01206e-15 6.01103e-15 1.02715e-18 0.000170848 0.000390216 0 0 0 0 0 0 0 0 0 0 0 0 0 0 0 0 0 0 0 0 0 0 0 0 0 0 0 0 0 0 0 0 0 0 0 0 0 0 0 0 0 0 0 0 0 0 0 0 0 0 0 0 0 0 0 0 0 0 0 0 0 0 0 0 0 0 0 0 0 0 0 0 0 0 0 0 0 0 0 0 0 0
0.642193 4.79312e-15 4.79228e-15 8.4875e-19 0.000177077 0.000354122 0 0 0 0 0 0 0 0 0 0 0 0 0 0 0 0 0 0 0 0 0 0 0 0 0 0 0 0 0 0 0 0 0 0 0 0 0 0 0 0 0 0 0 0 0 0 0 0 0 0 0 0 0 0 0 0 0 0 0 0 0 0 0 0 0 0 0 0 0 0 0 0 0 0 0 0 0 0 0 0 0 0
0.675157 3.79037e-15 3.78966e-15 7.02813e-19 0.000185421 0.000321594 0 0 0 0 0 0 0 0 0 0 0 0 0 0 0 0 0 0 0 0 0 0 0 0 0 0 0 0 0 0 0 0 0 0 0 0 0 0 0 0 0 0 0 0 0 0 0 0 0 0 0 0 0 0 0 0 0 0 0 0 0 0 0 0 0 0 0 0 0 0 0 0 0 0 0 0 0 0 0 0 0 0
0.709813 2.97493e-15 2.97435e-15 5.83204e-19 0.000196039 0.000292349 0 0 0 0 0 0 0 0 0 0 0 0 0 0 0 0 0 0 0 0 0 0 0 0 0 0 0 0 0 0 0 0 0 0 0 0 0 0 0 0 0 0 0 0 0 0 0 0 0 0 0 0 0 0 0 0 0 0 0 0 0 0 0 0 0 0 0 0 0 0 0 0 0 0 0 0 0 0 0 0 0 0
0.746248 2.31824e-15 2.31775e-15 4.84887e-19 0.000209162 0.000266214 0 0 0 0 0 0 0 0 0 0 0 0 0 0 0 0 0 0 0 0 0 0 0 0 0 0 0 0 0 0 0 0 0 0 0 0 0 0 0 0 0 0 0 0 0 0 0 0 0 0 0 0 0 0 0 0 0 0 0 0 0 0 0 0 0 0 0 0 0 0 0 0 0 0 0 0 0 0 0 0 0 0
0.784553 1.79299e-15 1.79258e-15 4.03786e-19 0.000225203 0.000242485 0 0 0 0 0 0 0 0 0 0 0 0 0 0 0 0 0 0 0 0 0 0 0 0 0 0 0 0 0 0 0 0 0 0 0 0 0 0 0 0 0 0 0 0 0 0 0 0 0 0 0 0 0 0 0 0 0 0 0 0 0 0 0 0 0 0 0 0 0 0 0 0 0 0 0 0 0 0 0 0 0 0
0.824824 1.36967e-15 1.36933e-15 3.36698e-19 0.000245825 0.000221221 0 0 0 0 0 0 0 0 0 0 0 0 0 0 0 0 0 0 0 0 0 0 0 0 0 0 0 0 0 0 0 0 0 0 0 0 0 0 0 0 0 0 0 0 0 0 0 0 0 0 0 0 0 0 0 0 0 0 0 0 0 0 0 0 0 0 0 0 0 0 0 0 0 0 0 0 0 0 0 0 0 0
0.867162 1.05686e-15 1.05658e-15 2.81007e-19 0.000265887 0.000202056 0 0 0 0 0 0 0 0 0 0 0 0 0 0 0 0 0 0 0 0 0 0 0 0 0 0 0 0 0 0 0 0 0 0 0 0 0 0 0 0 0 0 0 0 0 0 0 0 0 0 0 0 0 0 0 0 0 0 0 0 0 0 0 0 0 0 0 0 0 0 0 0 0 0 0 0 0 0 0 0 0 0
0.911674 8.81647e-16 8.81412e-16 2.34663e-19 0.000266164 0.000184723 0 0 0 0 0 0 0 0 0 0 0 0 0 0 0 0 0 0 0 0 0 0 0 0 0 0 0 0 0 0 0 0 0 0 0 0 0 0 0 0 0 0 0 0 0 0 0 0 0 0 0 0 0 0 0 0 0 0 0 0 0 0 0 0 0 0 0 0 0 0 0 0 0 0 0 0 0 0 0 0 0 0
0.95847 8.66905e-16 8.66709e-16 1.95979e-19 0.000226067 0.000169189 0 0 0 0 0 0 0 0 0 0 0 0 0 0 0 0 0 0 0 0 0 0 0 0 0 0 0 0 0 0 0 0 0 0 0 0 0 0 0 0 0 0 0 0 0 0 0 0 0 0 0 0 0 0 0 0 0 0 0 0 0 0 0 0 0 0 0 0 0 0 0 0 0 0 0 0 0 0 0 0 0 0
1.00767 1.51239e-15 1.51223e-15 1.63659e-19 0.000108212 0.000155087 0 0 0 0 0 0 0 0 0 0 0 0 0 0 0 0 0 0 0 0 0 0 0 0 0 0 0 0 0 0 0 0 0 0 0 0 0 0 0 0 0 0 0 0 0 0 0 0 0 0 0 0 0 0 0 0 0 0 0 0 0 0 0 0 0 0 0 0 0 0 0 0 0 0 0 0 0 0 0 0 0 0
1.05939 3.49173e-15 3.4916e-15 1.36613e-19 3.91247e-05 0.000142298 0 0 0 0 0 0 0 0 0 0 0 0 0 0 0 0 0 0 0 0 0 0 0 0 0 0 0 0 0 0 0 0 0 0 0 0 0 0 0 0 0 0 0 0 0 0 0 0 0 0 0 0 0 0 0 0 0 0 0 0 0 0 0 0 0 0 0 0 0 0 0 0 0 0 0 0 0 0 0 0 0 0
1.11377 9.94278e-16 9.94164e-16 1.13915e-19 0.000114571 0.000130655 0 0 0 0 0 0 0 0 0 0 0 0 0 0 0 0 0 0 0 0 0 0 0 0 0 0 0 0 0 0 0 0 0 0 0 0 0 0 0 0 0 0 0 0 0 0 0 0 0 0 0 0 0 0 0 0 0 0 0 0 0 0 0 0 0 0 0 0 0 0 0 0 0 0 0 0 0 0 0 0 0 0
1.17094 6.85577e-16 6.85482e-16 9.4956e-20 0.000138505 0.000119788 0 0 0 0 0 0 0 0 0 0 0 0 0 0 0 0 0 0 0 0 0 0 0 0 0 0 0 0 0 0 0 0 0 0 0 0 0 0 0 0 0 0 0 0 0 0 0 1.4013e-45 0 1.4013e-45 0 1.4013e-45 0 1.4013e-45 0 1.4013e-45 0 1.4013e-45 0 2.8026e-45 0 2.8026e-45 0 2.8026e-45 0 4.2039e-45 0 4.2039e-45 0 4.2039e-45 0 5.60519e-45 0 5.60519e-45 0 7.00649e-45 0 8.40779e-45 0 9.80909e-45 0 1.12104e-44
1.23105 9.35114e-16 9.35035e-16 7.90503e-20 8.45355e-05 0.000109826 0 0 0 0 0 0 0 0 0 0 0 0 0 0 0 0 0 0 0 1.4013e-45 0 1.4013e-45 0 1.4013e-45 0 2.8026e-45 0 2.8026e-45 0 4.2039e-45 0 7.00649e-45 0 8.40779e-45 0 1.12104e-44 0 1.4013e-44 0 1.82169e-44 0 2.38221e-44 0 2.94273e-44 0 3.50325e-44 0 4.34403e-44 0 5.32493e-44 0 6.44597e-44 0 7.70714e-44 0 9.10844e-44 0 1.079e-43 0 1.27518e-43 0 1.49939e-43 0 1.75162e-43 0 2.03188e-43 0 2.35418e-43 0 2.70451e-43 0 3.11088e-43 0 3.5593e-43 0 4.06377e-43 0 4.61027e-43 0 5.24086e-43 0 5.91348e-43
1.29424 8.34463e-16 8.34397e-16 6.57534e-20 7.87973e-05 0.000100673 0 0 0 0 0 0 0 0 0 1.4013e-45 0 2.8026e-45 0 5.60519e-45 0 9.80909e-45 0 1.68156e-44 0 2.8026e-44 0 4.2039e-44 0 6.30584e-44 0 8.96831e-44 0 1.26117e-43 0 1.70958e-43 0 2.29813e-43 0 3.0268e-43 0 3.92364e-43 0 5.03066e-43 0 6.3619e-43 0 7.97339e-43 0 9.86514e-43 0 1.21212e-42 0 1.47837e-42 0 1.78666e-42 0 2.14399e-42 0 2.56157e-42 0 3.03661e-42 0 3.58032e-42 0 4.19969e-42 0 4.90875e-42 0 5.70469e-42 0 6.60152e-42 0 7.60905e-42 0 8.7441e-42 0 1.00039e-41 0 1.14066e-41 0 1.29634e-41 0 1.46884e-41 0 1.66096e-41 0 1.87129e-41
1.36067 4.16991e-16 4.16937e-16 5.46332e-20 0.000131018 9.23369e-05 0 0 0 0 0 2.8026e-45 0 8.40779e-45 0 2.38221e-44 0 5.32493e-44 0 1.06499e-43 0 1.90577e-43 0 3.16693e-43 0 5.01665e-43 0 7.59504e-43 0 1.11123e-42 0 1.57646e-42 0 2.18462e-42 0 2.95674e-42 0 3.93344e-42 0 5.14136e-42 0 6.63235e-42 0 8.43442e-42 0 1.06022e-41 0 1.3203e-41 0 1.62691e-41 0 1.98732e-41 0 2.41051e-41 0 2.89999e-41 0 3.46541e-41 0 4.11856e-41 0 4.86265e-41 0 5.71029e-41 0 6.67158e-41 0 7.76417e-41 0 8.98905e-41 0 1.03641e-40 0 1.19025e-40 0 1.36279e-40 0 1.55389e-40 0 1.76594e-40 0 2.00065e-40 0 2.25975e-40 0 2.54675e-40 0 2.86075e-40
1.43051 2.41066e-16 2.41021e-16 4.53344e-20 0.000188058 8.47377e-05 0 1.4013e-45 0 5.60519e-45 0 4.62428e-44 0 1.73761e-43 0 4.69435e-43 0 1.03276e-42 0 1.99545e-42 0 3.52006e-42 0 5.80138e-42 0 9.05939e-42 0 1.35828e-41 0 1.96742e-41 0 2.7656e-41 0 3.79808e-41 0 5.10255e-41 0 6.73772e-41 0 8.74803e-41 0 1.12077e-40 0 1.41678e-40 0 1.77078e-40 0 2.19235e-40 0 2.68726e-40 0 3.26617e-40 0 3.94166e-40 0 4.72012e-40 0 5.61526e-40 0 6.64333e-40 0 7.81101e-40 0 9.13579e-40 0 1.06325e-39 0 1.23243e-39 0 1.42164e-39 0 1.63328e-39 0 1.86924e-39 0 2.1326e-39 0 2.42366e-39 0 2.74561e-39 0 3.10081e-39 0 3.49175e-39 0 3.92288e-39 0 4.39374e-39
1.50394 1.63094e-16 1.63057e-16 3.75828e-20 0.000230436 7.77038e-05 0 1.82169e-44 0 1.20512e-43 0 9.66896e-43 0 3.5579e-42 0 9.31863e-42 0 2.00694e-41 0 3.81167e-41 0 6.62492e-41 0 1.07775e-40 0 1.66408e-40 0 2.46864e-40 0 3.54107e-40 0 4.93529e-40 0 6.72187e-40 0 8.96399e-40 0 1.17512e-39 0 1.51579e-39 0 1.92951e-39 0 2.42483e-39 0 3.01383e-39 0 3.71068e-39 0 4.52524e-39 0 5.47333e-39 0 6.57317e-39 0 7.83592e-39 0 9.28153e-39 0 1.09332e-38 0 1.28029e-38 0 1.49158e-38 0 1.72938e-38 0 1.99691e-38 0 2.29528e-38 0 2.62784e-38 0 2.99737e-38 0 3.40806e-38 0 3.86082e-38 0 4.36006e-38 0 4.90915e-38 0 5.5117e-38 0 6.1737e-38 0 6.89515e-38
1.58114 1.20241e-16 1.2021e-16 3.1128e-20 0.00025888 7.11597e-05 0 4.00771e-43 0 2.57278e-42 0 1.9457e-41 0 6.89649e-41 0 1.75783e-40 0 3.70854e-40 0 6.92436e-40 0 1.18607e-39 0 1.90509e-39 0 2.90924e-39 0 4.27171e-39 0 6.07039e-39 0 8.38991e-39 0 1.13363e-38 0 1.50085e-38 0 1.95384e-38 0 2.5042e-38 0 3.16801e-38 0 3.95852e-38 0 4.89333e-38 0 5.99272e-38 0 7.272e-38 0 8.7538e-38 0 1.04637e-37 0 1.24192e-37 0 1.46482e-37 0 1.7183e-37 0 2.00422e-37 0 2.32608e-37 0 2.68698e-37 0 3.0913e-37 0 3.54084e-37 0 4.04019e-37 0 4.5932e-37 0 5.20551e-37 0 5.87872e-37 0 6.61875e-37 0 7.43026e-37 0 8.31817e-37 0 9.2904e-37 0 1.03475e-36
1.6623 9.23276e-17 9.23018e-17 2.57542e-20 0.000278944 6.50914e-05 0 8.28308e-42 0 5.01258e-41 0 3.56706e-40 0 1.21904e-39 0 3.02674e-39 0 6.25819e-39 0 1.14922e-38 0 1.94078e-38 0 3.07893e-38 0 4.65114e-38 0 6.76174e-38 0 9.52221e-38 0 1.30533e-37 0 1.75016e-37 0 2.30077e-37 0 2.97508e-37 0 3.78939e-37 0 4.76525e-37 0 5.92112e-37 0 7.28064e-37 0 8.87061e-37 0 1.07122e-36 0 1.28354e-36 0 1.52734e-36 0 1.80502e-36 0 2.12022e-36 0 2.47711e-36 0 2.87821e-36 0 3.32802e-36 0 3.83057e-36 0 4.39139e-36 0 5.013e-36 0 5.70116e-36 0 6.46082e-36 0 7.29902e-36 0 8.21802e-36 0 9.22522e-36 0 1.03265e-35 0 1.1528e-35 0 1.28396e-35 0 1.42621e-35
1.74763 7.05231e-17 7.05019e-17 2.12898e-20 0.000301883 5.96123e-05 0 1.47737e-40 0 8.49969e-40 0 5.71402e-39 0 1.88577e-38 0 4.56534e-38 0 9.25628e-38 0 1.67251e-37 0 2.7858e-37 0 4.36659e-37 0 6.52684e-37 0 9.39735e-37 0 1.31179e-36 0 1.78391e-36 0 2.37399e-36 0 3.09938e-36 0 3.98166e-36 0 5.04071e-36 0 6.30214e-36 0 7.78827e-36 0 9.52705e-36 0 1.15499e-35 0 1.38821e-35 0 1.65585e-35 0 1.96176e-35 0 2.30878e-35 0 2.70109e-35 0 3.14343e-35 0 3.63879e-35 0 4.19227e-35 0 4.80846e-35 0 5.49358e-35 0 6.25056e-35 0 7.08588e-35 0 8.00509e-35 0 9.01602e-35 0 1.01213e-34 0 1.13291e-34 0 1.26459e-34 0 1.40788e-34 0 1.56382e-34 0 1.73254e-34
1.83733 4.55864e-17 4.55688e-17 1.75836e-20 0.000385721 5.46018e-05 0 1.94499e-39 0 1.07045e-38 0 6.82936e-38 0 2.18065e-37 0 5.15327e-37 0 1.02526e-36 0 1.82379e-36 0 2.99745e-36 0 4.64378e-36 0 6.86992e-36 0 9.79906e-36 0 1.35624e-35 0 1.83004e-35 0 2.41776e-35 0 3.13538e-35 0 4.00246e-35 0 5.03712e-35 0 6.26231e-35 0 7.69813e-35 0 9.36946e-35 0 1.1304e-34 0 1.35244e-34 0 1.60611e-34 0 1.89476e-34 0 2.2209e-34 0 2.58815e-34 0 3.0006e-34 0 3.46083e-34 0 3.97322e-34 0 4.54171e-34 0 5.17159e-34 0 5.86537e-34 0 6.62852e-34 0 7.46576e-34 0 8.38365e-34 0 9.38441e-34 0 1.04749e-33 0 1.16606e-33 0 1.29472e-33 0 1.43437e-33 0 1.58509e-33
1.93164 2.74015e-17 2.73869e-17 1.45103e-20 0.000529544 5.00113e-05 0 2.08615e-38 0 1.1042e-37 0 6.71651e-37 0 2.07933e-36 0 4.80259e-36 0 9.3835e-36 0 1.64427e-35 0 2.66781e-35 0 4.08674e-35 0 5.98569e-35 0 8.46077e-35 0 1.16138e-34 0 1.5553e-34 0 2.04037e-34 0 2.62876e-34 0 3.33518e-34 0 4.17326e-34 0 5.16008e-34 0 6.3106e-34 0 7.64316e-34 0 9.17813e-34 0 1.0932e-33 0 1.29271e-33 0 1.51878e-33 0 1.77319e-33 0 2.05857e-33 0 2.37786e-33 0 2.73288e-33 0 3.12678e-33 0 3.56234e-33 0 4.04332e-33 0 4.57145e-33 0 5.15062e-33 0 5.78413e-33 0 6.47658e-33 0 7.22948e-33 0 8.04763e-33 0 8.93482e-33 1.4013e-45 9.89501e-33 1.4013e-45 1.09344e-32 1.4013e-45 1.20535e-32
2.03079 3.5268e-17 3.5256e-17 1.19638e-20 0.000339226 4.5754e-05 0 4.22181e-37 0 2.15796e-36 0 1.25682e-35 0 3.78055e-35 0 8.54553e-35 0 1.64115e-34 0 2.83473e-34 0 4.54283e-34 0 6.88394e-34 0 9.98584e-34 0 1.39921e-33 0 1.90539e-33 0 2.53304e-33 0 3.30051e-33 0 4.22548e-33 0 5.3292e-33 0 6.63125e-33 0 8.15605e-33 0 9.92483e-33 0 1.19636e-32 0 1.43011e-32 0 1.69604e-32 0 1.99726e-32 0 2.33717e-32 0 2.71824e-32 0 3.14411e-32 0 3.61881e-32 0 4.14485e-32 1.4013e-45 4.72652e-32 1.4013e-45 5.36761e-32 2.8026e-45 6.07326e-32 4.2039e-45 6.84577e-32 7.00649e-45 7.6904e-32 1.12104e-44 8.6116e-32 1.82169e-44 9.6156e-32 2.8026e-44 1.07043e-31 4.34403e-44 1.18842e-31 6.5861e-44 1.31603e-31 9.66896e-44 1.4538e-31 1.45735e-43 1.60253e-31 2.08793e-43 1.7623e-31
2.13503 3.45653e-17 3.45554e-17 9.85925e-21 0.000285236 4.18497e-05 0 5.7652e-36 0 2.85345e-35 0 1.59694e-34 0 4.67687e-34 0 1.03594e-33 0 1.95731e-33 0 3.33484e-33 0 5.28154e-33 0 7.92056e-33 0 1.13835e-32 0 1.58169e-32 0 2.13738e-32 0 2.82145e-32 0 3.65223e-32 0 4.64727e-32 0 5.82757e-32 0 7.21234e-32 0 8.82548e-32 0 1.06876e-31 0 1.28239e-31 0 1.5262e-31 1.4013e-45 1.80242e-31 1.4013e-45 2.11402e-31 4.2039e-45 2.46423e-31 7.00649e-45 2.85539e-31 1.4013e-44 3.29095e-31 2.52234e-44 3.77473e-31 4.48416e-44 4.30903e-31 7.84727e-44 4.8979e-31 1.30321e-43 5.54488e-31 2.18603e-43 6.25477e-31 3.61535e-43 7.02966e-31 5.64723e-43 7.87443e-31 9.01035e-43 8.79319e-31 1.39429e-42 9.79171e-31 2.09074e-42 1.08717e-30 3.12349e-42 1.2039e-30 4.65091e-42 1.32984e-30 6.72063e-42 1.46545e-30 9.93521e-42 1.61151e-30 1.39051e-41 1.76803e-30
2.24463 3.1307e-17 3.12989e-17 8.11912e-21 0.000259339 3.82912e-05 0 6.49184e-35 0 3.11486e-34 0 1.67962e-33 0 4.79759e-33 0 1.04261e-32 0 1.93972e-32 0 3.26213e-32 0 5.10848e-32 0 7.58519e-32 0 1.08049e-31 0 1.48922e-31 0 1.9976e-31 0 2.61904e-31 0 3.36883e-31 0 4.26143e-31 0 5.31417e-31 1.4013e-45 6.54271e-31 2.8026e-45 7.96658e-31 7.00649e-45 9.6024e-31 1.54143e-44 1.14706e-30 3.36312e-44 1.35934e-30 7.14662e-44 1.59884e-30 1.42932e-43 1.86794e-30 2.83062e-43 2.16923e-30 5.19882e-43 2.50454e-30 9.51482e-43 2.87658e-30 1.7264e-42 3.28837e-30 2.93852e-42 3.74171e-30 4.97181e-42 4.23975e-30 8.13314e-42 4.78526e-30 1.32325e-41 5.38199e-30 2.14146e-41 6.03149e-30 3.27021e-41 6.73759e-30 5.10493e-41 7.50341e-30 7.73026e-41 8.33347e-30 1.13647e-40 9.22891e-30 1.66497e-40 1.01944e-29 2.43089e-40 1.12334e-29 3.45018e-40 1.23495e-29 5.00471e-40 1.35487e-29 6.88997e-40 1.48309e-29
2.35984 2.79236e-17 2.79169e-17 6.68242e-21 0.000239311 3.50186e-05 0 6.46989e-34 0 3.00819e-33 0 1.56546e-32 0 4.36718e-32 0 9.32115e-32 0 1.7089e-31 0 2.83853e-31 0 4.39755e-31 0 6.46771e-31 0 9.13482e-31 0 1.2493e-30 0 1.66392e-30 1.4013e-45 2.1673e-30 2.8026e-45 2.77079e-30 9.80909e-45 3.48505e-30 2.8026e-44 4.32278e-30 7.70714e-44 5.29538e-30 1.96182e-43 6.41706e-30 4.59626e-43 7.69976e-30 1.00333e-42 9.15819e-30 2.158e-42 1.08084e-29 4.45333e-42 1.26628e-29 8.58435e-42 1.47383e-29 1.6384e-41 1.70535e-29 2.93166e-41 1.96209e-29 5.20484e-41 2.24598e-29 9.17052e-41 2.55916e-29 1.52105e-40 2.90284e-29 2.50771e-40 3.27925e-29 4.00509e-40 3.6903e-29 6.36327e-40 4.13862e-29 1.00581e-39 4.62523e-29 1.50459e-39 5.15279e-29 2.29817e-39 5.72346e-29 3.41027e-39 6.34035e-29 4.92014e-39 7.00419e-29 7.07507e-39 7.71819e-29 1.01407e-38 8.4847e-29 1.41487e-38 9.30621e-29 2.01543e-38 1.01867e-28 2.73166e-38 1.11262e-28
2.48097 2.48974e-17 2.48919e-17 5.49673e-21 0.000220775 3.19954e-05 0 5.83628e-33 0 2.62464e-32 0 1.31888e-31 0 3.59687e-31 0 7.5459e-31 0 1.36419e-30 0 2.23923e-30 0 3.43352e-30 0 5.00396e-30 0 7.00976e-30 2.8026e-45 9.51549e-30 1.54143e-44 1.2587e-29 6.30584e-44 1.62917e-29 2.10195e-43 2.0706e-29 6.474e-43 2.5901e-29 1.82449e-42 3.19613e-29 4.66212e-42 3.89622e-29 1.13407e-41 4.69976e-29 2.55821e-41 5.61455e-29 5.37104e-41 6.65021e-29 1.11337e-40 7.81723e-29 2.21795e-40 9.12357e-29 4.14005e-40 1.05803e-28 7.65644e-40 1.21992e-28 1.33162e-39 1.39884e-28 2.29886e-39 1.59602e-28 3.93992e-39 1.81284e-28 6.37542e-39 2.05005e-28 1.02575e-38 2.30906e-28 1.60121e-38 2.59109e-28 2.48714e-38 2.8978e-28 3.8444e-38 3.22982e-28 5.63886e-38 3.58881e-28 8.43669e-38 3.97614e-28 1.22803e-37 4.39376e-28 1.74031e-37 4.84208e-28 2.45854e-37 5.32312e-28 3.46242e-37 5.83832e-28 4.75301e-37 6.38924e-28 6.65452e-37 6.97838e-28 8.88647e-37 7.60562e-28
2.60832 2.22964e-17 2.22919e-17 4.51945e-21 0.000202698 2.92e-05 0 4.82193e-32 0 2.09103e-31 0 1.0141e-30 0 2.70505e-30 0 5.58113e-30 0 9.95447e-30 0 1.6154e-29 1.4013e-45 2.4525e-29 7.00649e-45 3.54292e-29 4.76441e-44 4.924e-29 2.43826e-43 6.63623e-29 1.03416e-42 8.72055e-29 3.81153e-42 1.12186e-28 1.19769e-41 1.41775e-28 3.49358e-41 1.76405e-28 9.36502e-41 2.16595e-28 2.28562e-40 2.62797e-28 5.32374e-40 3.15581e-28 1.15412e-39 3.75412e-28 2.33697e-39 4.42868e-28 4.67499e-39 5.18575e-28 9.00483e-39 6.03001e-28 1.63041e-38 6.96803e-28 2.92604e-38 8.00686e-28 4.95336e-38 9.15111e-28 8.32634e-38 1.04081e-27 1.38997e-37 1.17859e-27 2.19695e-37 1.32887e-27 3.45358e-37 1.49249e-27 5.27515e-37 1.67014e-27 8.0195e-37 1.86281e-27 1.21351e-36 2.07082e-27 1.74696e-36 2.29515e-27 2.56283e-36 2.53657e-27 3.66267e-36 2.79623e-27 5.10296e-36 3.07432e-27 7.08837e-36 3.372e-27 9.81723e-36 3.69011e-27 1.32697e-35 4.02951e-27 1.82756e-35 4.39165e-27 2.40631e-35 4.77641e-27
2.74221 2.01061e-17 2.01024e-17 3.71465e-21 0.000184752 2.66568e-05 0 3.68158e-31 0 1.53382e-30 0 7.16962e-30 0 1.87067e-29 0 3.79696e-29 0 6.68361e-29 5.60519e-45 1.07264e-28 6.44597e-44 1.61286e-28 5.04467e-43 2.31018e-28 2.89368e-42 3.18622e-28 1.36529e-41 4.26433e-28 5.39556e-41 5.56794e-28 1.86691e-40 7.1207e-28 5.54764e-40 8.94934e-28 1.53586e-39 1.10781e-27 3.92358e-39 1.35362e-27 9.16764e-39 1.63487e-27 2.049e-38 1.95475e-27 4.27729e-38 2.3158e-27 8.36782e-38 2.72122e-27 1.61822e-37 3.17447e-27 3.01878e-37 3.67806e-27 5.30964e-37 4.23561e-27 9.2608e-37 4.85096e-27 1.52794e-36 5.52656e-27 2.50407e-36 6.26638e-27 4.07692e-36 7.07482e-27 6.30146e-36 7.95406e-27 9.68945e-36 8.9086e-27 1.44971e-35 9.94218e-27 2.1593e-35 1.10601e-26 3.20202e-35 1.22639e-26 4.52833e-35 1.35589e-26 6.52004e-35 1.49491e-26 9.15707e-35 1.64407e-26 1.2553e-34 1.80345e-26 1.71595e-34 1.97368e-26 2.33906e-34 2.15518e-26 3.11547e-34 2.34841e-26 4.22424e-34 2.55413e-26 5.48775e-34 2.77227e-26
2.88297 1.83138e-17 1.83107e-17 3.05127e-21 0.000166611 2.43595e-05 0 2.6192e-30 0 1.04451e-29 0 4.69695e-29 0 1.1984e-28 0 2.39314e-28 2.24208e-44 4.15819e-28 3.75548e-43 6.6011e-28 3.79331e-42 9.83265e-28 2.71067e-41 1.39671e-27 1.42626e-40 1.91202e-27 6.23841e-40 2.54168e-27 2.30548e-39 3.29807e-27 7.508e-39 4.19362e-27 2.11552e-38 5.2424e-27 5.57274e-38 6.45698e-27 1.35991e-37 7.85259e-27 3.04854e-37 9.44211e-27 6.55122e-37 1.1242e-26 1.3193e-36 1.32653e-26 2.4978e-36 1.55282e-26 4.67733e-36 1.80486e-26 8.46392e-36 2.0839e-26 1.44821e-35 2.39177e-26 2.45821e-35 2.73042e-26 3.95785e-35 3.10106e-26 6.33179e-35 3.50569e-26 1.00664e-34 3.94652e-26 1.52318e-34 4.42461e-26 2.29344e-34 4.9422e-26 3.36454e-34 5.50114e-26 4.91484e-34 6.10408e-26 7.14935e-34 6.75174e-26 9.94104e-34 7.44675e-26 1.40609e-33 8.19109e-26 1.94231e-33 8.9878e-26 2.62194e-33 9.83721e-26 3.5298e-33 1.07424e-25 4.73934e-33 1.17055e-25 6.22475e-33 1.27286e-25 8.31556e-33 1.38156e-25 1.06657e-32 1.49659e-25
3.03095 1.70787e-17 1.70762e-17 2.50608e-21 0.000146737 2.22717e-05 0 1.76649e-29 0 6.72319e-29 0 2.90247e-28 0 7.23793e-28 4.48416e-44 1.42191e-27 1.38448e-42 2.43891e-27 2.06075e-41 3.8303e-27 1.85753e-40 5.65274e-27 1.20598e-39 7.96423e-27 5.85122e-39 1.08232e-26 2.38141e-38 1.42921e-26 8.25665e-38 1.84328e-26 2.53824e-37 2.33066e-26 6.79923e-37 2.89833e-26 1.70834e-36 3.55243e-26 3.99117e-36 4.30042e-26 8.60128e-36 5.14854e-26 1.78063e-35 6.10482e-26 3.46538e-35 7.17546e-26 6.35961e-35 8.36837e-26 1.15497e-34 9.69209e-26 2.03033e-34 1.11525e-25 3.38406e-34 1.27584e-25 5.59767e-34 1.45192e-25 8.80539e-34 1.64403e-25 1.37674e-33 1.85314e-25 2.13979e-33 2.08029e-25 3.17296e-33 2.32596e-25 4.68297e-33 2.5912e-25 6.74271e-33 2.8769e-25 9.66901e-33 3.18428e-25 1.381e-32 3.51366e-25 1.88959e-32 3.86627e-25 2.62784e-32 4.24303e-25 3.57316e-32 4.64536e-25 4.75329e-32 5.07338e-25 6.30693e-32 5.52851e-25 8.34714e-32 6.01173e-25 1.08183e-31 6.52402e-25 1.42492e-31 7.06718e-25 1.80555e-31 7.64086e-25
3.18653 1.92675e-17 1.92654e-17 2.0573e-21 0.000106775 2.03329e-05 0 1.3376e-28 0 4.8504e-28 0 2.00667e-27 3.92364e-44 4.88794e-27 3.25522e-42 9.44487e-27 8.47898e-41 1.59918e-26 1.10665e-39 2.48474e-26 8.9599e-39 3.63343e-26 5.30934e-38 5.07805e-26 2.38484e-37 6.85138e-26 9.06325e-37 8.98842e-26 2.95727e-36 1.15234e-25 8.6061e-36 1.44903e-25 2.19705e-35 1.79275e-25 5.27739e-35 2.18684e-25 1.18291e-34 2.63541e-25 2.45547e-34 3.14181e-25 4.90586e-34 3.71042e-25 9.24219e-34 4.34454e-25 1.64657e-33 5.04844e-25 2.90447e-33 5.82672e-25 4.96709e-33 6.68246e-25 8.07497e-33 7.62038e-25 1.30328e-32 8.64548e-25 2.00528e-32 9.76059e-25 3.06762e-32 1.09708e-24 4.66626e-32 1.22817e-24 6.78749e-32 1.36956e-24 9.82907e-32 1.52182e-24 1.39026e-31 1.6854e-24 1.95884e-31 1.86095e-24 2.74949e-31 2.04862e-24 3.70492e-31 2.24906e-24 5.07009e-31 2.46274e-24 6.79133e-31 2.6904e-24 8.90933e-31 2.93209e-24 1.16593e-30 3.18854e-24 1.52212e-30 3.46026e-24 1.94793e-30 3.74775e-24 2.5314e-30 4.05195e-24 3.17074e-30 4.37263e-24
3.35009 3.57082e-17 3.57066e-17 1.68837e-21 4.72824e-05 1.85505e-05 0 1.54591e-27 0 5.34005e-27 8.40779e-45 2.1146e-26 4.62008e-42 5.02864e-26 3.12211e-40 9.55526e-26 6.93699e-39 1.59697e-25 7.98667e-38 2.45491e-25 5.83866e-37 3.55717e-25 3.17192e-36 4.93189e-25 1.324e-35 6.60694e-25 4.71414e-35 8.61209e-25 1.45189e-34 1.09762e-24 4.0105e-34 1.37275e-24 9.78045e-34 1.68985e-24 2.2509e-33 2.05166e-24 4.85038e-33 2.46161e-24 9.71564e-33 2.92244e-24 1.87662e-32 3.43779e-24 3.42773e-32 4.01031e-24 5.93699e-32 4.64351e-24 1.01863e-31 5.34117e-24 1.69698e-31 6.10573e-24 2.69409e-31 6.94104e-24 4.24775e-31 7.85115e-24 6.39967e-31 8.8383e-24 9.58893e-31 9.90656e-24 1.42904e-30 1.10605e-23 2.04098e-30 1.23018e-23 2.90262e-30 1.36352e-23 4.03666e-30 1.5064e-23 5.59314e-30 1.65937e-23 7.72181e-30 1.82253e-23 1.02547e-29 1.99638e-23 1.382e-29 2.1813e-23 1.82494e-29 2.37789e-23 2.36256e-29 2.58616e-23 3.05144e-29 2.8067e-23 3.93215e-29 3.0399e-23 4.97191e-29 3.28615e-23 6.37905e-29 3.54619e-23 7.9028e-29 3.81983e-23
3.52205 1.40716e-17 1.40702e-17 1.38529e-21 9.84457e-05 1.69307e-05 0 3.53072e-27 0 1.16333e-26 2.25609e-43 4.4076e-26 9.43116e-41 1.02294e-25 5.18793e-39 1.91117e-25 9.90754e-38 3.15274e-25 1.01239e-36 4.79496e-25 6.71606e-36 6.88506e-25 3.35922e-35 9.47046e-25 1.30769e-34 1.25979e-24 4.37615e-34 1.63171e-24 1.27576e-33 2.06759e-24 3.35345e-33 2.5721e-24 7.82978e-33 3.15058e-24 1.73011e-32 3.80754e-24 3.59098e-32 4.54857e-24 6.95311e-32 5.37811e-24 1.30054e-31 6.3021e-24 2.30665e-31 7.32477e-24 3.8895e-31 8.45181e-24 6.49978e-31 9.68931e-24 1.05617e-30 1.10411e-23 1.63934e-30 1.25134e-23 2.52791e-30 1.41126e-23 3.7331e-30 1.58423e-23 5.48413e-30 1.77089e-23 8.01534e-30 1.97197e-23 1.12502e-29 2.18772e-23 1.57269e-29 2.41889e-23 2.15219e-29 2.66601e-23 2.93495e-29 2.92994e-23 3.98864e-29 3.2108e-23 5.22411e-29 3.50941e-23 6.93858e-29 3.82635e-23 9.03892e-29 4.16257e-23 1.15552e-28 4.51803e-23 1.47392e-28 4.89368e-23 1.87595e-28 5.2901e-23 2.34499e-28 5.70792e-23 2.97227e-28 6.1483e-23 3.64394e-28 6.61087e-23
3.70284 1.2587e-17 1.25858e-17 1.13635e-21 9.02802e-05 1.54482e-05 0 1.70167e-26 0 5.36132e-26 1.14612e-41 1.9445e-25 3.56013e-39 4.40414e-25 1.61035e-37 8.09004e-25 2.66287e-36 1.31728e-24 2.42913e-35 1.98221e-24 1.46925e-34 2.82066e-24 6.79335e-34 3.84945e-24 2.47475e-33 5.08507e-24 7.80742e-33 6.54503e-24 2.16022e-32 8.24606e-24 5.4166e-32 1.02044e-23 1.2134e-31 1.24386e-23 2.57939e-31 1.49642e-23 5.16622e-31 1.78007e-23 9.68564e-31 2.09629e-23 1.7571e-30 2.44715e-23 3.03042e-30 2.83407e-23 4.98123e-30 3.25899e-23 8.11808e-30 3.724e-23 1.28824e-29 4.23034e-23 1.95708e-29 4.78013e-23 2.95472e-29 5.37558e-23 4.28113e-29 6.01778e-23 6.17222e-29 6.70894e-23 8.8554e-29 7.45152e-23 1.22252e-28 8.24631e-23 1.68127e-28 9.09576e-23 2.26582e-28 1.00017e-22 3.04345e-28 1.0967e-22 4.07461e-28 1.1992e-22 5.26686e-28 1.30793e-22 6.8991e-28 1.42309e-22 8.87219e-28 1.54501e-22 1.12068e-27 1.67364e-22 1.4126e-27 1.80931e-22 1.77686e-27 1.95222e-22 2.19705e-27 2.10255e-22 2.75272e-27 2.26071e-22 3.34137e-27 2.42654e-22
3.89291 1.18758e-17 1.18748e-17 9.31871e-22 7.84683e-05 1.40796e-05 0 8.04397e-26 1.68156e-44 2.43137e-25 4.96944e-40 8.45281e-25 1.16647e-37 1.86885e-24 4.38028e-36 3.37565e-24 6.31601e-35 5.42576e-24 5.17211e-34 8.0788e-24 2.86516e-33 1.13937e-23 1.22934e-32 1.54289e-23 4.20441e-32 2.02415e-23 1.25406e-31 2.5892e-23 3.30164e-31 3.24378e-23 7.91529e-31 3.99342e-23 1.70468e-30 4.84451e-23 3.49273e-30 5.80223e-23 6.76227e-30 6.87323e-23 1.22948e-29 8.0625e-23 2.16651e-29 9.37703e-23 3.63839e-29 1.08215e-22 5.83721e-29 1.24024e-22 9.28893e-29 1.41268e-22 1.44118e-28 1.59987e-22 2.14517e-28 1.80251e-22 3.17421e-28 2.02136e-22 4.51664e-28 2.25674e-22 6.39647e-28 2.50939e-22 9.01682e-28 2.78014e-22 1.22536e-27 3.06922e-22 1.65916e-27 3.37744e-22 2.20368e-27 3.70539e-22 2.91765e-27 4.05403e-22 3.85094e-27 4.42342e-22 4.91576e-27 4.81445e-22 6.35487e-27 5.22776e-22 8.07257e-27 5.66439e-22 1.00812e-26 6.1242e-22 1.25643e-26 6.60825e-22 1.56282e-26 7.11714e-22 1.91247e-26 7.65151e-22 2.36993e-26 8.21265e-22 2.84963e-26 8.80003e-22
4.09273 1.15136e-17 1.15129e-17 7.64093e-22 6.63642e-05 1.27882e-05 0 3.63526e-25 9.78106e-43 1.05805e-24 1.81441e-38 3.5329e-24 3.26258e-36 7.62923e-24 1.02639e-34 1.35544e-23 1.29917e-33 2.15102e-23 9.60075e-33 3.16964e-23 4.892e-32 4.43098e-23 1.95491e-31 5.95453e-23 6.29632e-31 7.7591e-23 1.78045e-30 9.86481e-23 4.47109e-30 1.22905e-22 1.02709e-29 1.50541e-22 2.13068e-29 1.81768e-22 4.21532e-29 2.16752e-22 7.90223e-29 2.55711e-22 1.39541e-28 2.98804e-22 2.39182e-28 3.46259e-22 3.91638e-28 3.98223e-22 6.13985e-28 4.54908e-22 9.55141e-28 5.16539e-22 1.45046e-27 5.83241e-22 2.11746e-27 6.55241e-22 3.07384e-27 7.32777e-22 4.29914e-27 8.1595e-22 5.98589e-27 9.04996e-22 8.29777e-27 1.00018e-21 1.11088e-26 1.10156e-21 1.48206e-26 1.2094e-21 1.94137e-26 1.32389e-21 2.53538e-26 1.44533e-21 3.30134e-26 1.57373e-21 4.16426e-26 1.70937e-21 5.3163e-26 1.85244e-21 6.67485e-26 2.00329e-21 8.24572e-26 2.16184e-21 1.01669e-25 2.32844e-21 1.25121e-25 2.50327e-21 1.51612e-25 2.68653e-21 1.85921e-25 2.87863e-21 2.21551e-25 3.07937e-21
4.30281 1.14811e-17 1.14804e-17 6.26412e-22 5.45605e-05 1.16207e-05 1.4013e-45 1.57361e-24 4.91211e-41 4.42697e-24 5.63814e-37 1.42321e-23 7.86813e-35 3.00446e-23 2.09168e-33 5.25265e-23 2.339e-32 8.23245e-23 1.56768e-31 1.2008e-22 7.37753e-31 1.66422e-22 2.75535e-30 2.21974e-22 8.38178e-30 2.87331e-22 2.25287e-29 3.63135e-22 5.40876e-29 4.49979e-22 1.19305e-28 5.48429e-22 2.38834e-28 6.59149e-22 4.57025e-28 7.82657e-22 8.30872e-28 9.19639e-22 1.42702e-27 1.07058e-21 2.38248e-27 1.2362e-21 3.80829e-27 1.41695e-21 5.84075e-27 1.61347e-21 8.89219e-27 1.82648e-21 1.32309e-26 2.05634e-21 1.89617e-26 2.30375e-21 2.70296e-26 2.56945e-21 3.719e-26 2.85373e-21 5.09512e-26 3.15732e-21 6.95124e-26 3.48103e-21 9.17451e-26 3.82503e-21 1.20689e-25 4.19011e-21 1.56022e-25 4.57684e-21 2.01122e-25 4.98615e-21 2.5853e-25 5.41801e-21 3.22429e-25 5.87332e-21 4.06749e-25 6.35265e-21 5.05049e-25 6.85702e-21 6.17503e-25 7.3862e-21 7.53628e-25 7.94121e-21 9.18117e-25 8.52261e-21 1.10213e-24 9.13097e-21 1.33813e-24 9.76756e-21 1.58098e-24 1.04317e-20
4.52368 1.18945e-17 1.18939e-17 5.13517e-22 4.31728e-05 1.05585e-05 8.82818e-44 6.59958e-24 2.09049e-39 1.80118e-23 1.52019e-35 5.59027e-23 1.66694e-33 1.15491e-22 3.77561e-32 1.98805e-22 3.75257e-31 3.07847e-22 2.29201e-30 4.44607e-22 1.00007e-29 6.11039e-22 3.5023e-29 8.09068e-22 1.00908e-28 1.04053e-21 2.5844e-28 1.30742e-21 5.94496e-28 1.61154e-21 1.26164e-27 1.95462e-21 2.44149e-27 2.33872e-21 4.52626e-27 2.76537e-21 7.99206e-27 3.2367e-21 1.33686e-26 3.75416e-21 2.1768e-26 4.31993e-21 3.40074e-26 4.93532e-21 5.10791e-26 5.60232e-21 7.61852e-26 6.3231e-21 1.11179e-25 7.09865e-21 1.5656e-25 7.93114e-21 2.19345e-25 8.82278e-21 2.97131e-25 9.77436e-21 4.00867e-25 1.07881e-20 5.38668e-25 1.18664e-20 7.01387e-25 1.30097e-20 9.10393e-25 1.42203e-20 1.16226e-24 1.55e-20 1.47976e-24 1.68516e-20 1.87896e-24 1.82748e-20 2.31824e-24 1.97722e-20 2.89151e-24 2.13457e-20 3.55256e-24 2.29982e-20 4.30115e-24 2.47289e-20 5.19851e-24 2.65409e-20 6.2724e-24 2.84357e-20 7.46265e-24 3.0415e-20 8.97525e-24 3.24827e-20 1.05181e-23 3.46365e-20
4.75588 1.31211e-17 1.31207e-17 4.20913e-22 3.2079e-05 9.58444e-06 5.3922e-42 2.75298e-23 7.80559e-38 7.31407e-23 3.67719e-34 2.19769e-22 3.20578e-32 4.44862e-22 6.23508e-31 7.54532e-22 5.53973e-30 1.1549e-21 3.09746e-29 1.6521e-21 1.25771e-28 2.25217e-21 4.14313e-28 2.96102e-21 1.1336e-27 3.78431e-21 2.77303e-27 4.72817e-21 6.12464e-27 5.79814e-21 1.25289e-26 6.99946e-21 2.34765e-26 8.33846e-21 4.22307e-26 9.81977e-21 7.25257e-26 1.14499e-20 1.18307e-25 1.32331e-20 1.88107e-25 1.51762e-20 2.87541e-25 1.72829e-20 4.23393e-25 1.95593e-20 6.19291e-25 2.20119e-20 8.87224e-25 2.46436e-20 1.22866e-24 2.74609e-20 1.69328e-24 3.04706e-20 2.26002e-24 3.36747e-20 3.0048e-24 3.70799e-20 3.9799e-24 4.06936e-20 5.11577e-24 4.45166e-20 6.5562e-24 4.85561e-20 8.27077e-24 5.28171e-20 1.04067e-23 5.73081e-20 1.3061e-23 6.20278e-20 1.595e-23 6.69845e-20 1.96808e-23 7.21829e-20 2.39383e-23 7.76324e-20 2.87133e-23 8.33297e-20 3.43842e-23 8.92843e-20 4.11085e-23 9.55005e-20 4.84961e-23 1.01983e-19 5.78026e-23 1.08744e-19 6.72163e-23 1.15776e-19
5 1.6902e-17 1.69017e-17 3.44923e-22 2.04072e-05 8.65348e-06 3.12225e-40 1.25513e-22 2.83086e-36 3.25612e-22 8.82455e-33 9.49829e-22 6.18546e-31 1.88632e-21 1.04076e-29 3.15483e-21 8.31152e-29 4.77564e-21 4.27268e-28 6.76936e-21 1.62017e-27 9.15625e-21 5.03537e-27 1.19563e-20 1.31166e-26 1.51884e-20 3.07148e-26 1.88733e-20 6.52637e-26 2.30297e-20 1.28922e-25 2.76748e-20 2.34279e-25 3.28301e-20 4.09523e-25 3.85108e-20 6.84975e-25 4.4739e-20 1.09098e-24 5.15283e-20 1.69582e-24 5.89016e-20 2.53908e-24 6.6871e-20 3.66873e-24 7.54566e-20 5.26747e-24 8.46805e-20 7.41511e-24 9.45512e-20 1.01068e-23 1.0509e-19 1.37122e-23 1.16321e-19 1.80456e-23 1.28248e-19 2.36611e-23 1.40895e-19 3.09123e-23 1.54285e-19 3.92506e-23 1.68421e-19 4.96966e-23 1.83326e-19 6.19862e-23 1.99016e-19 7.71245e-23 2.1552e-19 9.57275e-23 2.32832e-19 1.15767e-22 2.50978e-19 1.41387e-22 2.69975e-19 1.70337e-22 2.89854e-19 2.02507e-22 3.10602e-19 2.40378e-22 3.3225e-19 2.84892e-22 3.54812e-19 3.33389e-22 3.78304e-19 3.93975e-22 4.02764e-19 4.54776e-22 4.28166e-19
5.25665 4.36776e-17 4.36774e-17 2.82657e-22 6.47143e-06 7.81702e-06 2.9749e-38 1.07678e-21 1.72864e-34 2.7352e-21 3.6383e-31 7.76654e-21 2.07236e-29 1.51526e-20 3.03798e-28 2.50098e-20 2.1921e-27 3.74631e-20 1.04032e-26 5.26416e-20 3.69627e-26 7.06731e-20 1.0869e-25 9.16839e-20 2.70196e-25 1.15793e-19 6.06964e-25 1.43133e-19 1.2431e-24 1.73821e-19 2.37535e-24 2.07966e-19 4.19244e-24 2.45704e-19 7.13132e-24 2.87129e-19 1.16321e-23 3.32382e-19 1.81106e-23 3.81545e-19 2.75513e-23 4.34767e-19 4.04464e-23 4.92117e-19 5.74004e-23 5.53723e-19 8.09716e-23 6.19726e-19 1.12098e-22 6.90172e-19 1.50496e-22 7.652e-19 2.01165e-22 8.44953e-19 2.61211e-22 9.29457e-19 3.37995e-22 1.01885e-18 4.35852e-22 1.1133e-18 5.47004e-22 1.2128e-18 6.84648e-22 1.3175e-18 8.44792e-22 1.42749e-18 1.03995e-21 1.54297e-18 1.27725e-21 1.66387e-18 1.53036e-21 1.79038e-18 1.85089e-21 1.92258e-18 2.20968e-21 2.06067e-18 2.60491e-21 2.20456e-18 3.06628e-21 2.35445e-18 3.60408e-21 2.51042e-18 4.18536e-21 2.67256e-18 4.9058e-21 2.84111e-18 5.62335e-21 3.01591e-18
5.52648 3.81838e-17 3.81836e-17 2.31597e-22 6.06532e-06 7.0698e-06 7.94275e-37 2.93805e-21 3.02287e-33 7.32523e-21 4.37886e-30 2.02973e-20 2.04745e-28 3.89543e-20 2.63269e-27 6.35051e-20 1.72492e-26 9.41883e-20 7.58674e-26 1.31258e-19 2.53379e-25 1.7497e-19 7.06849e-25 2.25576e-19 1.68076e-24 2.83313e-19 3.62936e-24 3.4845e-19 7.17747e-24 4.21222e-19 1.32881e-23 5.01843e-19 2.28116e-23 5.90594e-19 3.7809e-23 6.87654e-19 6.02157e-23 7.93314e-19 9.17476e-23 9.07731e-19 1.36744e-22 1.03121e-18 1.97018e-22 1.16387e-18 2.74864e-22 1.30598e-18 3.81277e-22 1.45783e-18 5.19526e-22 1.61948e-18 6.87528e-22 1.79123e-18 9.06073e-22 1.97336e-18 1.16162e-21 2.1659e-18 1.48429e-21 2.36915e-18 1.89041e-21 2.58343e-18 2.34634e-21 2.8087e-18 2.90475e-21 3.04528e-18 3.54759e-21 3.29335e-18 4.32306e-21 3.55328e-18 5.25649e-21 3.82495e-18 6.24281e-21 4.1087e-18 7.48054e-21 4.40472e-18 8.85371e-21 4.7134e-18 1.03538e-20 5.03453e-18 1.2091e-20 5.3685e-18 1.41e-20 5.71548e-18 1.62549e-20 6.07565e-18 1.89058e-20 6.44949e-18 2.15271e-20 6.83661e-18
5.81015 6.50582e-17 6.5058e-17 1.8976e-22 2.91677e-06 6.38785e-06 3.45518e-35 1.4724e-20 8.79238e-32 3.61085e-20 8.92726e-29 9.78594e-20 3.45973e-27 1.84983e-19 3.92711e-26 2.98109e-19 2.34739e-25 4.38045e-19 9.60423e-25 6.05697e-19 3.02419e-24 8.01981e-19 8.02435e-24 1.02782e-18 1.82904e-23 1.28407e-18 3.80385e-23 1.57173e-18 7.27623e-23 1.89167e-18 1.30719e-22 2.24464e-18 2.18561e-22 2.63172e-18 3.53425e-22 3.05352e-18 5.5023e-22 3.51115e-18 8.21297e-22 4.00515e-18 1.20047e-21 4.53666e-18 1.69905e-21 5.1061e-18 2.33215e-21 5.71445e-18 3.18376e-21 6.36277e-18 4.27314e-21 7.05128e-18 5.57814e-21 7.78104e-18 7.25286e-21 8.55313e-18 9.18634e-21 9.3676e-18 1.15984e-20 1.02255e-17 1.45985e-20 1.11281e-17 1.79292e-20 1.20751e-17 2.19661e-20 1.30678e-17 2.65668e-20 1.41067e-17 3.2063e-20 1.51933e-17 3.86157e-20 1.6327e-17 4.5478e-20 1.75091e-17 5.40156e-20 1.87402e-17 6.34071e-20 2.00219e-17 7.35857e-20 2.13532e-17 8.52837e-20 2.27355e-17 9.87105e-20 2.41695e-17 1.13009e-19 2.56558e-17 1.30473e-19 2.71962e-17 1.47624e-19 2.87891e-17
6.10839 2.33341e-16 2.33341e-16 1.55513e-22 6.66461e-07 5.74867e-06 2.66826e-33 1.46737e-19 4.63006e-30 3.54604e-19 3.35277e-27 9.41945e-19 1.08687e-25 1.75587e-18 1.09572e-24 2.79948e-18 6.00204e-24 4.07789e-18 2.29246e-23 5.59728e-18 6.82539e-23 7.36411e-18 1.72678e-22 9.38494e-18 3.78077e-22 1.16659e-17 7.58673e-22 1.42142e-17 1.406e-21 1.70362e-17 2.45467e-21 2.01373e-17 4.00247e-21 2.35253e-17 6.32213e-21 2.72047e-17 9.63217e-21 3.11836e-17 1.40989e-20 3.54656e-17 2.02297e-20 4.00593e-17 2.815e-20 4.49675e-17 3.80464e-20 5.01973e-17 5.11561e-20 5.57567e-17 6.76805e-20 6.16467e-17 8.72078e-20 6.78752e-17 1.11946e-19 7.44503e-17 1.40162e-19 8.13716e-17 1.74962e-19 8.86472e-17 2.17758e-19 9.62861e-17 2.64771e-19 1.04286e-16 3.21185e-19 1.12655e-16 3.84865e-19 1.21399e-16 4.60243e-19 1.30528e-16 5.49292e-19 1.40036e-16 6.4176e-19 1.49934e-16 7.55862e-19 1.60225e-16 8.80364e-19 1.70921e-16 1.01429e-18 1.82015e-16 1.16709e-18 1.93516e-16 1.34123e-18 2.0543e-16 1.52541e-18 2.1776e-16 1.74882e-18 2.30521e-16 1.96681e-18 2.43699e-16
6.42193 1.47619e-16 1.47619e-16 1.27084e-22 8.60894e-07 5.22391e-06 3.0907e-32 2.44254e-19 3.72613e-29 5.82597e-19 1.95635e-26 1.51972e-18 5.35131e-25 2.7968e-18 4.8193e-24 4.41493e-18 2.42953e-23 6.37891e-18 8.6918e-23 8.69543e-18 2.45358e-22 1.13718e-17 5.93238e-22 1.44156e-17 1.25013e-21 1.78339e-17 2.42472e-21 2.16356e-17 4.36024e-21 2.58281e-17 7.40803e-21 3.04175e-17 1.17943e-20 3.54138e-17 1.82185e-20 4.08217e-17 2.71922e-20 4.66514e-17 3.90687e-20 5.2907e-17 5.50777e-20 5.95991e-17 7.54152e-20 6.67305e-17 1.0044e-19 7.43099e-17 1.3311e-19 8.23473e-17 1.73717e-19 9.08432e-17 2.21085e-19 9.98072e-17 2.80361e-19 1.0925e-16 3.47195e-19 1.19169e-16 4.2873e-19 1.29575e-16 5.27928e-19 1.40479e-16 6.35808e-19 1.51878e-16 7.64039e-19 1.63781e-16 9.07474e-19 1.76195e-16 1.07577e-18 1.89133e-16 1.27287e-18 2.02586e-16 1.4759e-18 2.16567e-16 1.72447e-18 2.31082e-16 1.99362e-18 2.46144e-16 2.28107e-18 2.61742e-16 2.6068e-18 2.7789e-16 2.97547e-18 2.94593e-16 3.36287e-18 3.11855e-16 3.82976e-18 3.29695e-16 4.28251e-18 3.48093e-16
6.75157 1.19731e-16 1.19731e-16 1.0422e-22 8.70451e-07 4.66457e-06 3.93406e-31 4.94794e-19 3.35432e-28 1.16649e-18 1.29713e-25 2.99318e-18 3.01881e-24 5.44399e-18 2.44206e-23 8.51488e-18 1.13761e-22 1.22097e-17 3.82431e-22 1.65365e-17 1.02622e-21 2.15045e-17 2.37655e-21 2.71243e-17 4.82912e-21 3.34051e-17 9.06833e-21 4.036e-17 1.58465e-20 4.79989e-17 2.62354e-20 5.63307e-17 4.08314e-20 6.53699e-17 6.1747e-20 7.51226e-17 9.03767e-20 8.56044e-17 1.27572e-19 9.68198e-17 1.76856e-19 1.08786e-16 2.38474e-19 1.21504e-16 3.13193e-19 1.34989e-16 4.09399e-19 1.49254e-16 5.2739e-19 1.643e-16 6.63339e-19 1.8014e-16 8.31489e-19 1.96791e-16 1.01901e-18 2.14248e-16 1.24542e-18 2.32526e-16 1.51808e-18 2.51643e-16 1.81177e-18 2.7159e-16 2.15773e-18 2.92384e-16 2.54137e-18 3.14032e-16 2.98776e-18 3.36556e-16 3.50626e-18 3.5994e-16 4.03624e-18 3.84203e-16 4.68032e-18 4.09352e-16 5.37263e-18 4.35411e-16 6.107e-18 4.62357e-16 6.93372e-18 4.90213e-16 7.86338e-18 5.18986e-16 8.83423e-18 5.4868e-16 9.99707e-18 5.79327e-16 1.11181e-17 6.10891e-16
7.09813 1.40968e-16 1.40968e-16 8.53688e-23 6.05588e-07 4.17683e-06 6.27755e-30 1.38435e-18 3.85002e-27 3.2297e-18 1.11305e-24 8.1647e-18 2.22143e-23 1.46904e-17 1.62265e-22 2.2782e-17 7.0119e-22 3.24377e-17 2.2217e-21 4.36677e-17 5.68123e-21 5.64869e-17 1.26283e-20 7.0913e-17 2.47874e-20 8.6962e-17 4.51366e-20 1.04659e-16 7.67537e-20 1.24023e-16 1.23983e-19 1.45068e-16 1.88838e-19 1.67825e-16 2.79861e-19 1.92303e-16 4.02073e-19 2.18534e-16 5.5808e-19 2.46524e-16 7.61438e-19 2.76309e-16 1.01185e-18 3.07889e-16 1.31132e-18 3.41292e-16 1.69185e-18 3.76549e-16 2.15267e-18 4.13654e-16 2.67743e-18 4.52636e-16 3.31932e-18 4.93529e-16 4.02772e-18 5.36319e-16 4.87464e-18 5.81037e-16 5.88467e-18 6.27721e-16 6.96275e-18 6.76347e-16 8.22184e-18 7.2695e-16 9.6066e-18 7.79545e-16 1.12051e-17 8.34176e-16 1.30473e-17 8.90804e-16 1.49166e-17 9.4947e-16 1.71724e-17 1.01019e-15 1.95801e-17 1.07301e-15 2.21177e-17 1.13787e-15 2.49566e-17 1.20483e-15 2.81295e-17 1.2739e-15 3.14233e-17 1.34509e-15 3.53455e-17 1.41846e-15 3.91056e-17 1.49393e-15
7.46248 3.43716e-16 3.43716e-16 6.99162e-23 2.03412e-07 3.72705e-06 1.80436e-28 7.64911e-18 8.08893e-26 1.76788e-17 1.77331e-23 4.40915e-17 3.05791e-22 7.85491e-17 2.027e-21 1.20858e-16 8.15515e-21 1.70954e-16 2.44247e-20 2.28841e-16 5.96591e-20 2.94553e-16 1.27538e-19 3.68139e-16 2.4223e-19 4.49643e-16 4.28368e-19 5.39159e-16 7.09791e-19 6.36744e-16 1.12002e-18 7.42444e-16 1.67121e-18 8.56378e-16 2.42964e-18 9.78564e-16 3.42943e-18 1.10913e-15 4.68447e-18 1.24809e-15 6.29522e-18 1.39559e-15 8.25017e-18 1.5516e-15 1.05574e-17 1.71624e-15 1.34527e-17 1.88963e-15 1.69168e-17 2.07172e-15 2.08177e-17 2.26264e-15 2.55392e-17 2.46252e-15 3.06983e-17 2.67127e-15 3.68088e-17 2.88903e-15 4.4029e-17 3.11596e-15 5.1669e-17 3.35192e-15 6.05193e-17 3.59707e-15 7.01769e-17 3.85144e-15 8.12413e-17 4.11524e-15 9.38977e-17 4.38826e-15 1.06651e-16 4.67068e-15 1.21938e-16 4.96255e-15 1.38147e-16 5.26407e-15 1.55125e-16 5.57499e-15 1.74007e-16 5.89551e-15 1.94987e-16 6.22567e-15 2.16645e-16 6.56551e-15 2.4229e-16 6.9153e-15 2.66745e-16 7.27466e-15
7.84553 4.21069e-16 4.21069e-16 5.72573e-23 1.35981e-07 3.29418e-06 2.28199e-27 2.02956e-17 7.59314e-25 4.65134e-17 1.27945e-22 1.14587e-16 1.91993e-21 2.02288e-16 1.1604e-20 3.08983e-16 4.36183e-20 4.34392e-16 1.23824e-19 5.7842e-16 2.89546e-19 7.41048e-16 5.96446e-19 9.22311e-16 1.09788e-18 1.12224e-15 1.88824e-18 1.34097e-15 3.05255e-18 1.57858e-15 4.71072e-18 1.83512e-15 6.89298e-18 2.11079e-15 9.83972e-18 2.40558e-15 1.3657e-17 2.71974e-15 1.8373e-17 3.05323e-15 2.43369e-17 3.40634e-15 3.14762e-17 3.77897e-15 3.97969e-17 4.17133e-15 5.01143e-17 4.58365e-15 6.23176e-17 5.01579e-15 7.59148e-17 5.46797e-15 9.22074e-17 5.94046e-15 1.09843e-16 6.43303e-15 1.30545e-16 6.94593e-15 1.54792e-16 7.47947e-15 1.80239e-16 8.03333e-15 2.09488e-16 8.6078e-15 2.41168e-16 9.20296e-15 2.77203e-16 9.81917e-15 3.18131e-16 1.0456e-14 3.591e-16 1.11138e-14 4.07895e-16 1.17925e-14 4.5931e-16 1.24928e-14 5.12847e-16 1.32138e-14 5.72056e-16 1.39562e-14 6.37473e-16 1.47198e-14 7.04647e-16 1.55048e-14 7.83768e-16 1.63118e-14 8.58835e-16 1.71398e-14
8.24824 1.5945e-16 1.5945e-16 4.68871e-23 2.94055e-07 2.89117e-06 7.86353e-27 1.59441e-17 1.97054e-24 3.62632e-17 2.58509e-22 8.83405e-17 3.39866e-21 1.54652e-16 1.88141e-20 2.34632e-16 6.62928e-20 3.27992e-16 1.78846e-19 4.34588e-16 4.01217e-19 5.54345e-16 7.97829e-19 6.87226e-16 1.42547e-18 8.332e-16 2.38759e-18 9.92318e-16 3.77034e-18 1.16458e-15 5.69646e-18 1.34998e-15 8.18188e-18 1.54861e-15 1.14784e-17 1.76044e-15 1.56784e-17 1.9856e-15 2.07893e-17 2.22401e-15 2.7162e-17 2.47585e-15 3.46917e-17 2.74101e-15 4.33629e-17 3.0196e-15 5.39937e-17 3.31176e-15 6.64311e-17 3.61734e-15 8.01497e-17 3.93649e-15 9.64314e-17 4.26933e-15 1.13898e-16 4.6157e-15 1.34227e-16 4.97573e-15 1.5784e-16 5.34961e-15 1.82427e-16 5.73709e-15 2.1048e-16 6.13835e-15 2.4065e-16 6.5534e-15 2.74734e-16 6.98248e-15 3.13184e-16 7.42525e-15 3.51431e-16 7.88192e-15 3.96709e-16 8.35251e-15 4.44132e-16 8.83728e-15 4.93238e-16 9.33582e-15 5.47255e-16 9.84838e-15 6.06621e-16 1.0375e-14 6.67272e-16 1.09156e-14 7.3835e-16 1.14706e-14 8.05462e-16 1.20394e-14
8.67162 1.59029e-16 1.59028e-16 3.83946e-23 2.41432e-07 2.54219e-06 6.32946e-26 3.16637e-17 1.21117e-23 7.15213e-17 1.25226e-21 1.72461e-16 1.45178e-20 2.99599e-16 7.39248e-20 4.51701e-16 2.44944e-19 6.28089e-16 6.2956e-19 8.28374e-16 1.3577e-18 1.0523e-15 2.61071e-18 1.29971e-15 4.5342e-18 1.57045e-15 7.40572e-18 1.86451e-15 1.14367e-17 2.18183e-15 1.69345e-17 2.52231e-15 2.38971e-17 2.88606e-15 3.29757e-17 3.27292e-15 4.43612e-17 3.68307e-15 5.80173e-17 4.11633e-15 7.48188e-17 4.57292e-15 9.44247e-17 5.05262e-15 1.16748e-16 5.55554e-15 1.43821e-16 6.08188e-15 1.75169e-16 6.63133e-15 2.09414e-16 7.20408e-15 2.4969e-16 7.80031e-15 2.92528e-16 8.41968e-15 3.41988e-16 9.06237e-15 3.98981e-16 9.72867e-15 4.57882e-16 1.04181e-14 5.24618e-16 1.11309e-14 5.95906e-16 1.18671e-14 6.75919e-16 1.2627e-14 7.65606e-16 1.341e-14 8.54283e-16 1.42165e-14 9.58659e-16 1.50463e-14 1.06736e-15 1.59e-14 1.17932e-15 1.67768e-14 1.30185e-15 1.76771e-14 1.43584e-15 1.86008e-14 1.57206e-15 1.9548e-14 1.73094e-15 2.05191e-14 1.88027e-15 2.15132e-14
9.11674 4.23988e-17 4.23987e-17 3.14389e-23 7.41504e-07 2.23038e-06 1.21495e-25 1.61662e-17 1.79883e-23 3.62883e-17 1.48293e-21 8.66885e-17 1.52535e-20 1.49528e-16 7.17374e-20 2.24134e-16 2.24192e-19 3.10118e-16 5.50268e-19 4.07236e-16 1.143e-18 5.15321e-16 2.12881e-18 6.34249e-16 3.59893e-18 7.63906e-16 5.73901e-18 9.04256e-16 8.67671e-18 1.05522e-15 1.26039e-17 1.21673e-15 1.74893e-17 1.3888e-15 2.37572e-17 1.57133e-15 3.15004e-17 1.76436e-15 4.06611e-17 1.9678e-15 5.17892e-17 2.1817e-15 6.46219e-17 2.40594e-15 7.90755e-17 2.64056e-15 9.64262e-17 2.8856e-15 1.16318e-16 3.14092e-15 1.37851e-16 3.40658e-15 1.62958e-16 3.68262e-15 1.89446e-16 3.96888e-15 2.19794e-16 4.26543e-15 2.545e-16 4.57235e-15 2.90115e-16 4.88943e-15 3.30198e-16 5.21675e-15 3.72741e-16 5.55429e-15 4.20197e-16 5.90219e-15 4.73066e-16 6.26017e-15 5.25043e-16 6.62834e-15 5.85885e-16 7.00668e-15 6.48905e-16 7.39535e-15 7.13488e-16 7.79401e-15 7.83827e-16 8.20282e-15 8.60374e-16 8.62175e-15 9.37843e-16 9.05078e-15 1.02778e-15 9.49013e-15 1.11195e-15 9.93935e-15
9.5847 2.36103e-17 2.36103e-17 2.57418e-23 1.09028e-06 1.94886e-06 4.36976e-25 1.66118e-17 5.06897e-23 3.70769e-17 3.36897e-21 8.78163e-17 3.09259e-20 1.50481e-16 1.34857e-19 2.24344e-16 3.98644e-19 3.08971e-16 9.36483e-19 4.04078e-16 1.87703e-18 5.09458e-16 3.39137e-18 6.24952e-16 5.58828e-18 7.50415e-16 8.71057e-18 8.85774e-16 1.29062e-17 1.03093e-15 1.84091e-17 1.18577e-15 2.51394e-17 1.3503e-15 3.36421e-17 1.52438e-15 4.39968e-17 1.70804e-15 5.60882e-17 1.90114e-15 7.05996e-17 2.10373e-15 8.71462e-17 2.31568e-15 1.05592e-16 2.53698e-15 1.2752e-16 2.76766e-15 1.52424e-16 3.00756e-15 1.79149e-16 3.25671e-15 2.10055e-16 3.51516e-15 2.42408e-16 3.78271e-15 2.79208e-16 4.05942e-15 3.2099e-16 4.34534e-15 3.63577e-16 4.64026e-15 4.11204e-16 4.94424e-15 4.61445e-16 5.25726e-15 5.1716e-16 5.57939e-15 5.78869e-16 5.9104e-15 6.39209e-16 6.25035e-15 7.09473e-16 6.59923e-15 7.81876e-16 6.95714e-15 8.5572e-16 7.32379e-15 9.35776e-16 7.69929e-15 1.0225e-15 8.0836e-15 1.10988e-15 8.4767e-15 1.2109e-15 8.87875e-15 1.30504e-15 9.28937e-15
10.0767 1.75851e-17 1.75851e-17 2.10785e-23 1.19866e-06 1.68633e-06 1.89578e-24 2.20394e-17 1.74363e-22 4.89365e-17 9.4416e-21 1.14995e-16 7.7779e-20 1.95856e-16 3.15636e-19 2.90519e-16 8.84948e-19 3.9837e-16 1.99399e-18 5.18995e-16 3.86322e-18 6.52082e-16 6.78127e-18 7.97387e-16 1.09049e-17 9.54687e-16 1.66334e-17 1.12385e-15 2.41767e-17 1.30471e-15 3.38922e-17 1.49712e-15 4.55843e-17 1.70101e-15 6.01402e-17 1.91621e-15 7.76271e-17 2.1427e-15 9.77947e-17 2.38032e-15 1.21721e-16 2.62906e-15 1.48713e-16 2.88875e-15 1.78509e-16 3.15936e-15 2.13602e-16 3.4409e-15 2.53104e-16 3.73316e-15 2.95145e-16 4.03614e-15 3.43382e-16 4.34987e-15 3.9351e-16 4.67411e-15 4.50131e-16 5.0089e-15 5.1398e-16 5.35427e-15 5.78641e-16 5.70998e-15 6.50518e-16 6.07606e-15 7.25902e-16 6.45245e-15 8.09032e-16 6.83926e-15 9.00598e-16 7.23616e-15 9.89671e-16 7.64323e-15 1.09288e-15 8.06043e-15 1.19871e-15 8.48786e-15 1.30615e-15 8.92516e-15 1.42213e-15 9.37245e-15 1.54721e-15 9.82968e-15 1.67273e-15 1.02968e-14 1.81723e-15 1.0774e-14 1.95135e-15 1.12607e-14
10.5939 1.72094e-17 1.72094e-17 1.72533e-23 1.00255e-06 1.43527e-06 9.79544e-24 3.71542e-17 7.22464e-22 8.2106e-17 3.21935e-20 1.91541e-16 2.3926e-19 3.24379e-16 9.06762e-19 4.78886e-16 2.41749e-18 6.53977e-16 5.23533e-18 8.48903e-16 9.82083e-18 1.06309e-15 1.67718e-17 1.29607e-15 2.63523e-17 1.54744e-15 3.93752e-17 1.81692e-15 5.61965e-17 2.1042e-15 7.74908e-17 2.40898e-15 1.02726e-16 2.73113e-15 1.33707e-16 3.07031e-15 1.70448e-16 3.42646e-15 2.12322e-16 3.79928e-15 2.61461e-16 4.18872e-15 3.16331e-16 4.59447e-15 3.7634e-16 5.01646e-15 4.46397e-16 5.45465e-15 5.24584e-16 5.9087e-15 6.07146e-16 6.37857e-15 7.01175e-16 6.86426e-15 7.98205e-16 7.36541e-15 9.07085e-16 7.882e-15 1.02906e-15 8.41409e-15 1.15184e-15 8.96126e-15 1.28754e-15 9.52355e-15 1.42907e-15 1.01008e-14 1.58432e-15 1.06932e-14 1.75442e-15 1.13003e-14 1.91909e-15 1.1922e-14 2.10898e-15 1.25583e-14 2.30279e-15 1.32094e-14 2.4987e-15 1.38747e-14 2.70929e-15 1.45544e-14 2.93548e-15 1.52482e-14 3.16156e-15 1.59563e-14 3.42079e-15 1.66787e-14 3.66053e-15 1.74148e-14
11.1377 5.91365e-17 5.91365e-17 1.41069e-23 2.38548e-07 1.20174e-06 1.61861e-22 2.13036e-16 9.67703e-21 4.68729e-16 3.58249e-19 1.08612e-15 2.41411e-18 1.82963e-15 8.57293e-18 2.68911e-15 2.17875e-17 3.65808e-15 4.54363e-17 4.73202e-15 8.26548e-17 5.90739e-15 1.37515e-16 7.18133e-15 2.11353e-16 8.55129e-15 3.09669e-16 1.00155e-14 4.34352e-16 1.15719e-14 5.89617e-16 1.32188e-14 7.70944e-16 1.4955e-14 9.90621e-16 1.67788e-14 1.24795e-15 1.86893e-14 1.53795e-15 2.06849e-14 1.87473e-15 2.27651e-14 2.24717e-15 2.49281e-14 2.65089e-15 2.71733e-14 3.11825e-15 2.95002e-14 3.63566e-15 3.1907e-14 4.17794e-15 3.43933e-14 4.79118e-15 3.69589e-14 5.41979e-15 3.96019e-14 6.12075e-15 4.23219e-14 6.90118e-15 4.5119e-14 7.68216e-15 4.79912e-14 8.54063e-15 5.09383e-14 9.43131e-15 5.39596e-14 1.04034e-14 5.70556e-14 1.14631e-14 6.02236e-14 1.24842e-14 6.34641e-14 1.36565e-14 6.67763e-14 1.48476e-14 7.01607e-14 1.60467e-14 7.36147e-14 1.73304e-14 7.71388e-14 1.8704e-14 8.07324e-14 2.00716e-14 8.43948e-14 2.1634e-14 8.81271e-14 2.30737e-14 9.19258e-14
11.7094 3.21331e-17 3.21331e-17 1.16634e-23 3.62973e-07 9.95377e-07 3.86956e-22 1.87396e-16 1.89461e-20 4.10653e-16 5.88011e-19 9.45592e-16 3.60996e-18 1.58499e-15 1.20505e-17 2.31974e-15 2.92621e-17 3.14401e-15 5.88729e-17 4.05362e-15 1.04014e-16 5.0453e-15 1.68803e-16 6.11639e-15 2.54054e-16 7.26451e-15 3.65356e-16 8.48791e-15 5.04064e-16 9.78479e-15 6.74114e-16 1.11534e-14 8.69963e-16 1.25926e-14 1.10426e-15 1.41008e-14 1.3755e-15 1.56772e-14 1.67794e-15 1.73202e-14 2.0257e-15 1.90293e-14 2.40674e-15 2.08029e-14 2.81632e-15 2.26404e-14 3.28669e-15 2.45412e-14 3.80343e-15 2.65037e-14 4.34116e-15 2.85275e-14 4.94518e-15 3.06123e-14 5.56043e-15 3.27565e-14 6.2424e-15 3.49596e-14 6.99722e-15 3.72217e-14 7.74841e-15 3.95409e-14 8.56984e-15 4.19172e-14 9.41784e-15 4.43498e-14 1.03389e-14 4.68389e-14 1.13382e-14 4.93826e-14 1.22969e-14 5.19809e-14 1.33927e-14 5.46332e-14 1.45015e-14 5.73398e-14 1.56133e-14 6.00986e-14 1.67992e-14 6.29099e-14 1.80632e-14 6.57731e-14 1.93173e-14 6.86877e-14 2.0745e-14 7.16544e-14 2.2056e-14 7.46705e-14
12.3105 3.13382e-17 3.13382e-17 9.49568e-24 3.03006e-07 7.7809e-07 1.52575e-21 2.87475e-16 6.17783e-20 6.27604e-16 1.6213e-18 1.43669e-15 9.10964e-18 2.39685e-15 2.8671e-17 3.49395e-15 6.66702e-17 4.71881e-15 1.29634e-16 6.0648e-15 2.22755e-16 7.52671e-15 3.53061e-16 9.10026e-15 5.20866e-16 1.07816e-14 7.35889e-16 1.2568e-14 9.99442e-16 1.44564e-14 1.31777e-15 1.6444e-14 1.67958e-15 1.85291e-14 2.10723e-15 2.0709e-14 2.59685e-15 2.29823e-14 3.13725e-15 2.53466e-14 3.75278e-15 2.78009e-14 4.42132e-15 3.03428e-14 5.13419e-15 3.29711e-14 5.94667e-15 3.5685e-14 6.83274e-15 3.84821e-14 7.74857e-15 4.13616e-14 8.77072e-15 4.43227e-14 9.80561e-15 4.73632e-14 1.09462e-14 5.04825e-14 1.22016e-14 5.36801e-14 1.34445e-14 5.69537e-14 1.47968e-14 6.03028e-14 1.61862e-14 6.37264e-14 1.76884e-14 6.72246e-14 1.9311e-14 7.07946e-14 2.08608e-14 7.44363e-14 2.26254e-14 7.81489e-14 2.44036e-14 8.19326e-14 2.618e-14 8.57845e-14 2.80679e-14 8.97048e-14 3.00731e-14 9.36927e-14 3.20559e-14 9.77474e-14 3.43053e-14 1.0187e-13 3.63644e-14 1.06056e-13
12.9424 2.47973e-17 2.47973e-17 7.77115e-24 3.13387e-07 5.67536e-07 4.50387e-21 3.48155e-16 1.52216e-19 7.57424e-16 3.40569e-18 1.7243e-15 1.75891e-17 2.86386e-15 5.23447e-17 4.1588e-15 1.16807e-16 5.59777e-15 2.19865e-16 7.17256e-15 3.67948e-16 8.87664e-15 5.70218e-16 1.07047e-14 8.25416e-16 1.26518e-14 1.14665e-15 1.47146e-14 1.53421e-15 1.68891e-14 1.99575e-15 1.91721e-14 2.51375e-15 2.15611e-14 3.11906e-15 2.40529e-14 3.80477e-15 2.66458e-14 4.5543e-15 2.93366e-14 5.40041e-15 3.21241e-14 6.31174e-15 3.50054e-14 7.27612e-15 3.79791e-14 8.36733e-15 4.10438e-14 9.5491e-15 4.41969e-14 1.07627e-14 4.74372e-14 1.2109e-14 5.07639e-14 1.34643e-14 5.41741e-14 1.495e-14 5.76672e-14 1.65764e-14 6.12424e-14 1.81786e-14 6.48971e-14 1.99136e-14 6.86306e-14 2.16883e-14 7.24418e-14 2.35987e-14 7.63304e-14 2.56532e-14 8.02935e-14 2.76079e-14 8.43308e-14 2.98247e-14 8.84414e-14 3.20501e-14 9.26252e-14 3.42653e-14 9.68791e-14 3.66116e-14 1.01203e-13 3.90953e-14 1.05597e-13 4.15431e-14 1.10059e-13 4.43113e-14 1.14589e-13 4.68375e-14 1.19185e-13
13.6067 1.78188e-17 1.78188e-17 6.36406e-24 3.57155e-07 3.90859e-07 1.11843e-20 3.73077e-16 3.183e-19 8.08979e-16 6.11901e-18 1.83204e-15 2.91679e-17 3.02986e-15 8.23022e-17 4.38373e-15 1.76599e-16 5.88131e-15 3.22302e-16 7.51361e-15 5.25987e-16 9.27349e-15 7.97886e-16 1.1155e-14 1.1343e-15 1.31531e-14 1.55067e-15 1.52635e-14 2.0455e-15 1.74824e-14 2.62689e-15 1.98058e-14 3.27164e-15 2.22313e-14 4.01691e-15 2.47553e-14 4.85269e-15 2.73757e-14 5.75789e-15 3.00894e-14 6.77105e-15 3.28948e-14 7.85365e-15 3.57889e-14 8.99098e-15 3.87701e-14 1.02691e-14 4.18369e-14 1.16441e-14 4.49866e-14 1.30475e-14 4.82178e-14 1.45954e-14 5.15295e-14 1.61451e-14 5.49189e-14 1.78352e-14 5.83851e-14 1.96761e-14 6.19274e-14 2.14809e-14 6.5543e-14 2.34266e-14 6.92312e-14 2.54083e-14 7.29907e-14 2.75325e-14 7.68213e-14 2.98079e-14 8.07198e-14 3.19643e-14 8.46862e-14 3.44009e-14 8.87192e-14 3.68381e-14 9.28188e-14 3.9256e-14 9.6982e-14 4.18086e-14 1.01209e-13 4.4502e-14 1.05498e-13 4.71484e-14 1.09849e-13 5.01319e-14 1.14262e-13 5.28467e-14 1.18733e-13
14.3051 1.29758e-17 1.29758e-17 5.21169e-24 4.01646e-07 2.38155e-07 2.61706e-20 3.95247e-16 6.32473e-19 8.54395e-16 1.05245e-17 1.92525e-15 4.64851e-17 3.17099e-15 1.24688e-16 4.57165e-15 2.57757e-16 6.11404e-15 4.56805e-16 7.78847e-15 7.27875e-16 9.58724e-15 1.0819e-15 1.1504e-14 1.51188e-15 1.35332e-14 2.03552e-15 1.56703e-14 2.64901e-15 1.79112e-14 3.36064e-15 2.02517e-14 4.14086e-15 2.26889e-14 5.03346e-15 2.52193e-14 6.02489e-15 2.78405e-14 7.0893e-15 3.05493e-14 8.27101e-15 3.33439e-14 9.52422e-15 3.62212e-14 1.08317e-14 3.91794e-14 1.22915e-14 4.22169e-14 1.3852e-14 4.53309e-14 1.54356e-14 4.85201e-14 1.71725e-14 5.17832e-14 1.89025e-14 5.51176e-14 2.078e-14 5.8522e-14 2.28152e-14 6.19958e-14 2.48013e-14 6.55362e-14 2.69336e-14 6.91424e-14 2.90963e-14 7.28131e-14 3.14056e-14 7.65478e-14 3.38694e-14 8.03438e-14 3.6196e-14 8.42007e-14 3.88157e-14 8.81172e-14 4.1427e-14 9.20932e-14 4.40093e-14 9.61259e-14 4.6727e-14 1.00215e-13 4.95859e-14 1.0436e-13 5.23866e-14 1.08559e-13 5.55351e-14 1.12814e-13 5.83919e-14 1.17119e-13
15.0394 9.21075e-18 9.21075e-18 4.2682e-24 4.63393e-07 1.00632e-07 5.57008e-20 3.98675e-16 1.15227e-18 8.5926e-16 1.67146e-17 1.92695e-15 6.86608e-17 3.16123e-15 1.75508e-16 4.54188e-15 3.50176e-16 6.05547e-15 6.03492e-16 7.69213e-15 9.39982e-16 9.44402e-15 1.3704e-15 1.13047e-14 1.88399e-15 1.32684e-14 2.49996e-15 1.53306e-14 3.21184e-15 1.74871e-14 4.02762e-15 1.97337e-14 4.91236e-15 2.20674e-14 5.91462e-15 2.44847e-14 7.01774e-15 2.69832e-14 8.19221e-15 2.95597e-14 9.4861e-15 3.22123e-14 1.08484e-14 3.49381e-14 1.22605e-14 3.77351e-14 1.38271e-14 4.06019e-14 1.5492e-14 4.35357e-14 1.71721e-14 4.65351e-14 1.90052e-14 4.95988e-14 2.0822e-14 5.27243e-14 2.27845e-14 5.59105e-14 2.49022e-14 5.91565e-14 2.696e-14 6.24598e-14 2.91602e-14 6.58197e-14 3.13831e-14 6.92347e-14 3.37478e-14 7.27044e-14 3.62614e-14 7.62263e-14 3.86268e-14 7.97999e-14 4.12814e-14 8.34241e-14 4.39188e-14 8.70986e-14 4.65188e-14 9.08209e-14 4.92472e-14 9.45909e-14 5.2109e-14 9.84074e-14 5.49048e-14 1.0227e-13 5.80389e-14 1.06178e-13 6.08753e-14 1.10129e-13
15.8114 9.63725e-18 9.63725e-18 3.49646e-24 3.62807e-07 -2.84707e-08 1.63613e-19 5.79613e-16 2.91927e-18 1.24569e-15 3.71624e-17 2.78063e-15 1.42481e-16 4.54415e-15 3.47894e-16 6.50678e-15 6.71102e-16 8.64888e-15 1.12625e-15 1.0956e-14 1.71666e-15 1.34168e-14 2.45707e-15 1.60216e-14 3.32585e-15 1.87623e-14 4.35268e-15 2.16322e-14 5.52415e-15 2.46251e-14 6.8511e-15 2.77351e-14 8.27545e-15 3.09579e-14 9.87395e-15 3.42882e-14 1.16181e-14 3.77228e-14 1.34604e-14 4.1257e-14 1.54752e-14 4.4888e-14 1.75821e-14 4.86119e-14 1.97522e-14 5.24259e-14 2.21458e-14 5.63277e-14 2.46749e-14 6.03135e-14 2.72137e-14 6.43815e-14 2.99699e-14 6.85297e-14 3.26889e-14 7.27547e-14 3.5613e-14 7.70549e-14 3.87544e-14 8.14291e-14 4.17945e-14 8.58738e-14 4.50326e-14 9.0388e-14 4.82919e-14 9.49698e-14 5.17468e-14 9.96184e-14 5.54064e-14 1.04331e-13 5.88389e-14 1.09106e-13 6.26788e-14 1.13942e-13 6.64819e-14 1.18839e-13 7.02203e-14 1.23794e-13 7.41322e-14 1.28806e-13 7.82241e-14 1.33874e-13 8.22109e-14 1.38996e-13 8.66686e-14 1.44173e-13 9.06926e-14 1.49402e-13
16.623 1.52281e-17 1.52281e-17 2.86424e-24 1.88089e-07 -1.58221e-07 6.81735e-19 1.24572e-15 1.05675e-17 2.66994e-15 1.18811e-16 5.93299e-15 4.26595e-16 9.65921e-15 9.97185e-16 1.37852e-14 1.86289e-15 1.82686e-14 3.04827e-15 2.30784e-14 4.55163e-15 2.819e-14 6.40172e-15 3.35831e-14 8.5381e-15 3.92399e-14 1.10284e-14 4.51463e-14 1.38346e-14 5.1289e-14 1.69784e-14 5.76556e-14 2.03199e-14 6.42369e-14 2.40368e-14 7.1022e-14 2.8059e-14 7.80036e-14 3.22756e-14 8.51724e-14 3.68548e-14 9.25224e-14 4.16123e-14 1.00045e-13 4.64836e-14 1.07736e-13 5.18262e-14 1.15588e-13 5.74409e-14 1.23596e-13 6.30487e-14 1.31754e-13 6.91082e-14 1.40059e-13 7.50589e-14 1.48504e-13 8.14319e-14 1.57086e-13 8.82501e-14 1.65802e-13 9.48226e-14 1.74646e-13 1.01797e-13 1.83614e-13 1.08794e-13 1.92704e-13 1.16184e-13 2.01913e-13 1.23987e-13 2.11235e-13 1.31282e-13 2.2067e-13 1.39419e-13 2.30213e-13 1.47453e-13 2.39863e-13 1.55329e-13 2.49616e-13 1.63549e-13 2.59469e-13 1.72125e-13 2.6942e-13 1.80459e-13 2.79466e-13 1.89754e-13 2.89608e-13 1.98125e-13 2.9984e-13
17.4762 1.38019e-17 1.38019e-17 2.34703e-24 1.70051e-07 -2.83339e-07 1.53514e-18 1.50475e-15 2.08154e-17 3.21651e-15 2.07951e-16 7.11601e-15 7.01481e-16 1.15421e-14 1.57315e-15 1.64184e-14 2.85056e-15 2.16937e-14 4.5536e-15 2.73307e-14 6.66759e-15 3.32998e-14 9.22287e-15 3.95765e-14 1.2129e-14 4.61399e-14 1.5472e-14 5.29729e-14 1.91953e-14 6.00597e-14 2.3323e-14 6.73859e-14 2.76694e-14 7.49402e-14 3.24634e-14 8.27103e-14 3.76104e-14 9.06874e-14 4.29677e-14 9.88607e-14 4.8747e-14 1.07223e-13 5.47144e-14 1.15765e-13 6.079e-14 1.24481e-13 6.7418e-14 1.33364e-13 7.43475e-14 1.42406e-13 8.12356e-14 1.51602e-13 8.86449e-14 1.60947e-13 9.58905e-14 1.70435e-13 1.03619e-13 1.80061e-13 1.11855e-13 1.89822e-13 1.19765e-13 1.99711e-13 1.2813e-13 2.09726e-13 1.36492e-13 2.19861e-13 1.45297e-13 2.30115e-13 1.54563e-13 2.40481e-13 1.63202e-13 2.50958e-13 1.72809e-13 2.61541e-13 1.82268e-13 2.7223e-13 1.91517e-13 2.83019e-13 2.01145e-13 2.93906e-13 2.11164e-13 3.04888e-13 2.20878e-13 3.15962e-13 2.31687e-13 3.27129e-13 2.41398e-13 3.38382e-13
18.3733 7.39745e-18 7.39744e-18 1.92323e-24 2.59986e-07 -4.01015e-07 1.93163e-18 1.0542e-15 2.30611e-17 2.24753e-15 2.05899e-16 4.95065e-15 6.54525e-16 8.00035e-15 1.4111e-15 1.13432e-14 2.48377e-15 1.49436e-14 3.87797e-15 1.87755e-14 5.57355e-15 2.28184e-14 7.58839e-15 2.70554e-14 9.84692e-15 3.14721e-14 1.24126e-14 3.60567e-14 1.52383e-14 4.07985e-14 1.83399e-14 4.56877e-14 2.15769e-14 5.07165e-14 2.51185e-14 5.58768e-14 2.88927e-14 6.11624e-14 3.27943e-14 6.65664e-14 3.69768e-14 7.20839e-14 4.127e-14 7.77087e-14 4.56176e-14 8.34365e-14 5.03363e-14 8.92632e-14 5.52457e-14 9.51838e-14 6.01035e-14 1.01195e-13 6.53065e-14 1.07293e-13 7.0374e-14 1.13474e-13 7.57588e-14 1.19735e-13 8.14756e-14 1.26074e-13 8.69466e-14 1.32487e-13 9.27132e-14 1.38971e-13 9.84596e-14 1.45524e-13 1.04492e-13 1.52145e-13 1.10821e-13 1.58829e-13 1.16704e-13 1.65575e-13 1.2323e-13 1.72382e-13 1.29638e-13 1.79247e-13 1.35887e-13 1.86168e-13 1.42377e-13 1.93143e-13 1.49115e-13 2.00171e-13 1.55633e-13 2.07251e-13 1.62868e-13 2.14381e-13 1.69355e-13 2.21558e-13
19.3164 5.91915e-18 5.91915e-18 1.57625e-24 2.66297e-07 -5.2142e-07 3.4382e-18 1.08235e-15 3.63669e-17 2.30158e-15 2.91783e-16 5.0478e-15 8.76615e-16 8.12739e-15 1.82033e-15 1.14858e-14 3.11685e-15 1.50868e-14 4.7617e-15 1.8904e-14 6.72355e-15 2.29166e-14 9.01724e-15 2.71076e-14 1.15531e-14 3.14625e-14 1.43996e-14 3.59697e-14 1.75016e-14 4.06183e-14 2.08742e-14 4.53988e-14 2.43644e-14 5.03035e-14 2.81539e-14 5.53245e-14 3.21636e-14 6.04556e-14 3.62819e-14 6.56902e-14 4.06701e-14 7.10235e-14 4.51493e-14 7.64496e-14 4.96622e-14 8.19644e-14 5.45367e-14 8.75638e-14 5.95843e-14 9.32431e-14 6.45575e-14 9.89991e-14 6.98624e-14 1.04829e-13 7.50093e-14 1.10728e-13 8.04587e-14 1.16694e-13 8.62234e-14 1.22725e-13 9.17218e-14 1.28816e-13 9.7499e-14 1.34967e-13 1.03239e-13 1.41174e-13 1.09246e-13 1.47436e-13 1.15531e-13 1.5375e-13 1.21358e-13 1.60115e-13 1.27804e-13 1.66527e-13 1.34117e-13 1.72987e-13 1.4026e-13 1.79491e-13 1.46625e-13 1.86039e-13 1.53217e-13 1.92628e-13 1.59581e-13 1.99258e-13 1.6663e-13 2.05927e-13 1.72937e-13 2.12633e-13
20.3079 4.85613e-18 4.85613e-18 1.29204e-24 2.66064e-07 -6.58058e-07 5.96118e-18 1.11938e-15 5.61944e-17 2.3742e-15 4.0728e-16 5.1846e-15 1.15962e-15 8.31699e-15 2.32361e-15 1.17154e-14 3.87549e-15 1.53429e-14 5.79945e-15 1.91725e-14 8.05208e-15 2.31832e-14 1.06453e-14 2.73578e-14 1.34751e-14 3.16819e-14 1.66155e-14 3.61438e-14 2.00034e-14 4.07328e-14 2.36537e-14 4.54394e-14 2.7401e-14 5.02561e-14 3.14402e-14 5.51751e-14 3.56852e-14 6.01905e-14 4.00183e-14 6.52958e-14 4.46092e-14 7.04863e-14 4.92703e-14 7.57565e-14 5.39437e-14 8.11023e-14 5.89682e-14 8.652e-14 6.41483e-14 9.2005e-14 6.9231e-14 9.75543e-14 7.46317e-14 1.03165e-13 7.98525e-14 1.08833e-13 8.5361e-14 1.14557e-13 9.11686e-14 1.20333e-13 9.66902e-14 1.26159e-13 1.02474e-13 1.32033e-13 1.08204e-13 1.37953e-13 1.14186e-13 1.43916e-13 1.20425e-13 1.49921e-13 1.26196e-13 1.55966e-13 1.32563e-13 1.62049e-13 1.38785e-13 1.68168e-13 1.44825e-13 1.74323e-13 1.51069e-13 1.80511e-13 1.57523e-13 1.86731e-13 1.6374e-13 1.92982e-13 1.70612e-13 1.99263e-13 1.76749e-13 2.05572e-13
21.3503 4.2137e-18 4.2137e-18 1.05918e-24 2.51366e-07 -7.58e-07 1.04113e-17 1.20386e-15 8.79614e-17 2.54682e-15 5.78753e-16 5.53752e-15 1.56578e-15 8.85034e-15 3.03278e-15 1.24258e-14 4.93351e-15 1.62248e-14 7.23885e-15 2.02189e-14 9.89084e-15 2.43862e-14 1.28993e-14 2.87088e-14 1.61413e-14 3.31717e-14 1.97006e-14 3.77629e-14 2.35037e-14 4.24715e-14 2.75662e-14 4.72878e-14 3.1705e-14 5.22041e-14 3.61353e-14 5.72127e-14 4.07615e-14 6.23076e-14 4.5456e-14 6.74824e-14 5.04028e-14 7.27323e-14 5.53999e-14 7.80521e-14 6.0387e-14 8.34376e-14 6.57254e-14 8.88851e-14 7.12059e-14 9.43904e-14 7.65624e-14 9.99504e-14 8.2233e-14 1.05562e-13 8.76957e-14 1.11222e-13 9.34407e-14 1.16929e-13 9.94779e-14 1.22678e-13 1.05201e-13 1.28469e-13 1.11178e-13 1.34299e-13 1.17084e-13 1.40166e-13 1.23232e-13 1.46068e-13 1.29629e-13 1.52003e-13 1.3553e-13 1.57969e-13 1.42028e-13 1.63966e-13 1.48361e-13 1.69991e-13 1.54496e-13 1.76043e-13 1.60826e-13 1.8212e-13 1.67355e-13 1.88223e-13 1.73632e-13 1.94348e-13 1.80557e-13 2.00496e-13 1.8673e-13 2.06665e-13
22.4463 3.69809e-18 3.69809e-18 8.68343e-25 2.34809e-07 -8.37238e-07 1.7558e-17 1.28849e-15 1.33664e-16 2.71883e-15 8.02171e-16 5.88578e-15 2.06729e-15 9.37193e-15 3.87698e-15 1.31146e-14 6.15875e-15 1.70727e-14 8.86905e-15 2.12168e-14 1.1935e-14 2.5524e-14 1.53647e-14 2.99761e-14 1.90171e-14 3.45577e-14 2.29859e-14 3.92565e-14 2.71879e-14 4.40616e-14 3.16401e-14 4.89633e-14 3.61429e-14 5.39539e-14 4.09312e-14 5.90259e-14 4.59007e-14 6.41731e-14 5.09155e-14 6.93894e-14 5.61726e-14 7.46702e-14 6.14576e-14 8.00103e-14 6.67088e-14 8.54057e-14 7.23067e-14 9.08529e-14 7.80304e-14 9.63478e-14 8.36039e-14 1.01888e-13 8.94837e-14 1.07469e-13 9.5129e-14 1.1309e-13 1.01048e-13 1.18748e-13 1.07248e-13 1.24439e-13 1.13109e-13 1.30163e-13 1.19214e-13 1.35917e-13 1.2523e-13 1.41699e-13 1.31478e-13 1.47508e-13 1.37962e-13 1.53341e-13 1.4393e-13 1.59198e-13 1.50486e-13 1.65077e-13 1.56863e-13 1.70976e-13 1.63027e-13 1.76895e-13 1.69374e-13 1.82832e-13 1.75909e-13 1.88785e-13 1.82179e-13 1.94755e-13 1.89084e-13 2.0074e-13 1.95228e-13 2.06738e-13
23.5984 3.26542e-18 3.26542e-18 7.1209e-25 2.1807e-07 -9.10605e-07 2.8506e-17 1.36617e-15 1.96533e-16 2.87523e-15 1.08067e-15 6.19695e-15 2.65921e-15 9.83027e-15 4.8363e-15 1.37099e-14 7.51104e-15 1.77936e-14 1.06256e-14 2.2051e-14 1.4093e-14 2.64588e-14 1.79205e-14 3.09985e-14 2.19508e-14 3.5655e-14 2.62875e-14 4.04157e-14 3.08394e-14 4.527e-14 3.56248e-14 5.02084e-14 4.04314e-14 5.52233e-14 4.55107e-14 6.03073e-14 5.07517e-14 6.54547e-14 5.60124e-14 7.06595e-14 6.15002e-14 7.59173e-14 6.6992e-14 8.12233e-14 7.24259e-14 8.65737e-14 7.81955e-14 9.19652e-14 8.40725e-14 9.7394e-14 8.9775e-14 1.02857e-13 9.57708e-14 1.08353e-13 1.0151e-13 1.13878e-13 1.07508e-13 1.19429e-13 1.13775e-13 1.25006e-13 1.19681e-13 1.30606e-13 1.25818e-13 1.36228e-13 1.31851e-13 1.41868e-13 1.381e-13 1.47527e-13 1.44572e-13 1.53203e-13 1.50515e-13 1.58894e-13 1.57029e-13 1.64598e-13 1.63352e-13 1.70316e-13 1.69453e-13 1.76046e-13 1.75724e-13 1.81786e-13 1.82167e-13 1.87536e-13 1.88338e-13 1.93295e-13 1.95123e-13 1.99063e-13 2.0115e-13 2.04837e-13
24.8097 2.89699e-18 2.89698e-18 5.84107e-25 2.01626e-07 -1.01069e-06 4.45886e-17 1.43393e-15 2.79759e-16 3.00986e-15 1.41547e-15 6.45819e-15 3.33325e-15 1.02056e-14 5.88772e-15 1.41851e-14 8.94954e-15 1.83537e-14 1.2448e-14 2.26809e-14 1.62841e-14 2.71434e-14 2.04653e-14 3.17228e-14 2.4821e-14 3.64042e-14 2.94643e-14 4.11755e-14 3.4298e-14 4.60262e-14 3.93423e-14 5.09474e-14 4.43756e-14 5.59316e-14 4.96629e-14 6.09721e-14 5.50884e-14 6.60633e-14 6.0507e-14 7.11998e-14 6.6133e-14 7.63773e-14 7.17386e-14 8.15916e-14 7.72632e-14 8.68391e-14 8.31071e-14 9.21168e-14 8.90381e-14 9.74213e-14 9.47737e-14 1.0275e-13 1.00785e-13 1.08101e-13 1.06522e-13 1.13472e-13 1.12502e-13 1.18861e-13 1.18731e-13 1.24265e-13 1.24587e-13 1.29684e-13 1.30657e-13 1.35115e-13 1.3661e-13 1.40558e-13 1.42762e-13 1.46011e-13 1.4912e-13 1.51472e-13 1.54945e-13 1.56942e-13 1.61318e-13 1.62417e-13 1.67492e-13 1.67899e-13 1.73438e-13 1.73385e-13 1.79538e-13 1.78875e-13 1.85795e-13 1.84368e-13 1.91778e-13 1.89864e-13 1.98345e-13 1.95361e-13 2.04169e-13 2.00859e-13
26.0832 2.58069e-18 2.58069e-18 4.79094e-25 1.85646e-07 -1.07687e-06 6.72918e-17 1.4899e-15 3.85996e-16 3.11895e-15 1.80435e-15 6.6619e-15 4.07502e-15 1.04867e-14 7.0008e-15 1.45256e-14 1.04262e-14 1.87358e-14 1.42702e-14 2.30869e-14 1.84247e-14 2.75561e-14 2.28988e-14 3.21256e-14 2.75122e-14 3.6781e-14 3.23869e-14 4.15107e-14 3.74217e-14 4.63049e-14 4.26391e-14 5.11552e-14 4.78127e-14 5.60547e-14 5.32166e-14 6.09971e-14 5.87328e-14 6.59774e-14 6.42154e-14 7.09906e-14 6.98828e-14 7.6033e-14 7.55063e-14 8.11006e-14 8.10276e-14 8.61905e-14 8.68471e-14 9.12999e-14 9.27331e-14 9.64259e-14 9.84072e-14 1.01567e-13 1.04336e-13 1.0672e-13 1.09978e-13 1.11883e-13 1.15844e-13 1.17056e-13 1.21938e-13 1.22235e-13 1.27652e-13 1.27421e-13 1.33562e-13 1.32612e-13 1.39345e-13 1.37806e-13 1.45309e-13 1.43002e-13 1.51458e-13 1.482e-13 1.57082e-13 1.53399e-13 1.63222e-13 1.58597e-13 1.6916e-13 1.63794e-13 1.74868e-13 1.6899e-13 1.80714e-13 1.74184e-13 1.86701e-13 1.79374e-13 1.92417e-13 1.84561e-13 1.98681e-13 1.89745e-13 2.04227e-13 1.94923e-13
27.4221 2.30835e-18 2.30835e-18 3.93104e-25 1.70297e-07 -1.12868e-06 9.8173e-17 1.53337e-15 5.171e-16 3.20115e-15 2.24189e-15 6.80586e-15 4.86579e-15 1.0671e-14 8.14141e-15 1.47293e-14 1.18915e-14 1.89385e-14 1.60283e-14 2.3269e-14 2.04384e-14 2.76991e-14 2.51334e-14 3.22117e-14 2.99279e-14 3.67933e-14 3.49515e-14 4.14332e-14 4.01016e-14 4.61222e-14 4.54028e-14 5.08527e-14 5.06284e-14 5.56186e-14 5.60573e-14 6.04141e-14 6.15713e-14 6.52348e-14 6.70269e-14 7.00764e-14 7.26426e-14 7.49356e-14 7.8193e-14 7.98091e-14 8.36229e-14 8.46943e-14 8.93268e-14 8.95888e-14 9.5077e-14 9.44904e-14 1.00603e-13 9.93973e-14 1.06362e-13 1.04308e-13 1.11826e-13 1.0922e-13 1.17493e-13 1.14133e-13 1.23366e-13 1.19046e-13 1.2886e-13 1.23957e-13 1.3453e-13 1.28865e-13 1.40065e-13 1.3377e-13 1.45763e-13 1.38671e-13 1.51626e-13 1.43567e-13 1.56978e-13 1.48457e-13 1.62811e-13 1.5334e-13 1.68441e-13 1.58217e-13 1.73844e-13 1.63087e-13 1.7937e-13 1.67949e-13 1.85019e-13 1.72803e-13 1.90405e-13 1.77649e-13 1.96298e-13 1.82485e-13 2.01508e-13 1.87313e-13
28.8297 2.07276e-18 2.07276e-18 3.22579e-25 1.55628e-07 -1.15027e-06 1.38683e-16 1.56365e-15 6.7356e-16 3.25525e-15 2.71842e-15 6.88822e-15 5.68105e-15 1.07567e-14 9.26969e-15 1.47948e-14 1.32915e-14 1.89616e-14 1.76564e-14 2.3229e-14 2.22491e-14 2.75765e-14 2.70856e-14 3.19882e-14 3.19792e-14 3.64519e-14 3.70658e-14 4.09576e-14 4.22435e-14 4.54973e-14 4.75395e-14 5.00643e-14 5.27305e-14 5.46529e-14 5.8096e-14 5.92586e-14 6.35198e-14 6.38773e-14 6.8863e-14 6.85056e-14 7.4341e-14 7.31406e-14 7.97351e-14 7.77796e-14 8.49942e-14 8.24206e-14 9.05008e-14 8.70615e-14 9.60349e-14 9.17008e-14 1.01338e-13 9.63369e-14 1.06849e-13 1.00969e-13 1.12066e-13 1.05595e-13 1.17463e-13 1.10214e-13 1.23042e-13 1.14826e-13 1.28251e-13 1.1943e-13 1.33614e-13 1.24024e-13 1.3884e-13 1.2861e-13 1.44209e-13 1.33185e-13 1.49722e-13 1.37749e-13 1.54746e-13 1.42303e-13 1.60213e-13 1.46845e-13 1.65481e-13 1.51376e-13 1.70528e-13 1.55894e-13 1.75681e-13 1.60401e-13 1.80943e-13 1.64895e-13 1.85951e-13 1.69376e-13 1.91423e-13 1.73844e-13 1.96255e-13 1.783e-13
30.3095 1.86804e-18 1.86804e-18 2.6475e-25 1.41726e-07 -1.15864e-06 1.89989e-16 1.58045e-15 8.54226e-16 3.28081e-15 3.22058e-15 6.90879e-15 6.49266e-15 1.07445e-14 1.03439e-14 1.47245e-14 1.45733e-14 1.88099e-14 1.9093e-14 2.29746e-14 2.37898e-14 2.71996e-14 2.8685e-14 3.14707e-14 3.35946e-14 3.57769e-14 3.86593e-14 4.01093e-14 4.37801e-14 4.44612e-14 4.89864e-14 4.88267e-14 5.40622e-14 5.32011e-14 5.92831e-14 5.75807e-14 6.45371e-14 6.19621e-14 6.96918e-14 6.63426e-14 7.49564e-14 7.07199e-14 8.01221e-14 7.50921e-14 8.51423e-14 7.94574e-14 9.03827e-14 8.38145e-14 9.56338e-14 8.8162e-14 1.00652e-13 9.24991e-14 1.05854e-13 9.68247e-14 1.10766e-13 1.01138e-13 1.15835e-13 1.05439e-13 1.21065e-13 1.09726e-13 1.25937e-13 1.13999e-13 1.30943e-13 1.18258e-13 1.35812e-13 1.22503e-13 1.40805e-13 1.26732e-13 1.45923e-13 1.30947e-13 1.50579e-13 1.35146e-13 1.55637e-13 1.39329e-13 1.60503e-13 1.43497e-13 1.65158e-13 1.47649e-13 1.69905e-13 1.51785e-13 1.74744e-13 1.55906e-13 1.79345e-13 1.6001e-13 1.84364e-13 1.64099e-13 1.8879e-13 1.68172e-13
31.8653 1.68951e-18 1.68951e-18 2.1734e-25 1.2864e-07 -1.13975e-06 2.52806e-16 1.58395e-15 1.05623e-15 3.27842e-15 3.7324e-15 6.86964e-15 7.27143e-15 1.06388e-14 1.13245e-14 1.45258e-14 1.56904e-14 1.84946e-14 2.02877e-14 2.25213e-14 2.5009e-14 2.65889e-14 2.98816e-14 3.06849e-14 3.4728e-14 3.47998e-14 3.96915e-14 3.89262e-14 4.4678e-14 4.30584e-14 4.97188e-14 4.71916e-14 5.46083e-14 5.13222e-14 5.96146e-14 5.54471e-14 6.4631e-14 5.95638e-14 6.95335e-14 6.36703e-14 7.45225e-14 6.77649e-14 7.94014e-14 7.18463e-14 8.41283e-14 7.59134e-14 8.90483e-14 7.9965e-14 9.39645e-14 8.40006e-14 9.86509e-14 8.80195e-14 1.03496e-13 9.2021e-14 1.08061e-13 9.6005e-14 1.12763e-13 9.99711e-14 1.17603e-13 1.03919e-13 1.22102e-13 1.07848e-13 1.26718e-13 1.11759e-13 1.31198e-13 1.15651e-13 1.35784e-13 1.19524e-13 1.40478e-13 1.23379e-13 1.44741e-13 1.27215e-13 1.49364e-13 1.31032e-13 1.53806e-13 1.34831e-13 1.58049e-13 1.38611e-13 1.6237e-13 1.42373e-13 1.66768e-13 1.46116e-13 1.70945e-13 1.49841e-13 1.75496e-13 1.53547e-13 1.79504e-13 1.57236e-13
33.5009 1.53311e-18 1.53311e-18 1.78451e-25 1.16398e-07 -1.11816e-06 3.27182e-16 1.57447e-15 1.27481e-15 3.24897e-15 4.23566e-15 6.77342e-15 7.98777e-15 1.04448e-14 1.21743e-14 1.42073e-14 1.6602e-14 1.80281e-14 2.11995e-14 2.18859e-14 2.58683e-14 2.57662e-14 3.0642e-14 2.96582e-14 3.53525e-14 3.35541e-14 4.0144e-14 3.74479e-14 4.49284e-14 4.13351e-14 4.97389e-14 4.52121e-14 5.43824e-14 4.90761e-14 5.91161e-14 5.29251e-14 6.38403e-14 5.67571e-14 6.84401e-14 6.05711e-14 7.31052e-14 6.43657e-14 7.76527e-14 6.81404e-14 8.20459e-14 7.18945e-14 8.66059e-14 7.56272e-14 9.11505e-14 7.93387e-14 9.54719e-14 8.30284e-14 9.99298e-14 8.66962e-14 1.04121e-13 9.03421e-14 1.08428e-13 9.3966e-14 1.12853e-13 9.75678e-14 1.16959e-13 1.01148e-13 1.21163e-13 1.04706e-13 1.25238e-13 1.08243e-13 1.29402e-13 1.11758e-13 1.33656e-13 1.15252e-13 1.37514e-13 1.18725e-13 1.41693e-13 1.22176e-13 1.45701e-13 1.25607e-13 1.49525e-13 1.29018e-13 1.53414e-13 1.32408e-13 1.57368e-13 1.35778e-13 1.61118e-13 1.39128e-13 1.65199e-13 1.42458e-13 1.6879e-13 1.4577e-13
35.2205 1.3954e-18 1.3954e-18 1.46554e-25 1.05026e-07 -1.05584e-06 4.12355e-16 1.55253e-15 1.50348e-15 3.19375e-15 4.71116e-15 6.62365e-15 8.61392e-15 1.01691e-14 1.28619e-14 1.37791e-14 1.72768e-14 1.74248e-14 2.18005e-14 2.10879e-14 2.63455e-14 2.47562e-14 3.09517e-14 2.84209e-14 3.54629e-14 3.2076e-14 4.00219e-14 3.57169e-14 4.45481e-14 3.93403e-14 4.90756e-14 4.29438e-14 5.34261e-14 4.65256e-14 5.78426e-14 5.00843e-14 6.22335e-14 5.36189e-14 6.64937e-14 5.71288e-14 7.08005e-14 6.06135e-14 7.49861e-14 6.40729e-14 7.90186e-14 6.75066e-14 8.31934e-14 7.09145e-14 8.73436e-14 7.4297e-14 9.12809e-14 7.7654e-14 9.53337e-14 8.09856e-14 9.91359e-14 8.42922e-14 1.03036e-13 8.75739e-14 1.07035e-13 9.08308e-14 1.1074e-13 9.40637e-14 1.14526e-13 9.72725e-14 1.1819e-13 1.00458e-13 1.21929e-13 1.03619e-13 1.25742e-13 1.06758e-13 1.29196e-13 1.09874e-13 1.32931e-13 1.12968e-13 1.36509e-13 1.1604e-13 1.39919e-13 1.1909e-13 1.43382e-13 1.22119e-13 1.46899e-13 1.25126e-13 1.50231e-13 1.28114e-13 1.53852e-13 1.3108e-13 1.57035e-13 1.34027e-13
37.0284 1.27365e-18 1.27365e-18 1.20373e-25 9.45101e-08 -9.92689e-07 5.06722e-16 1.51902e-15 1.7345e-15 3.11481e-15 5.14057e-15 6.42541e-15 9.12674e-15 9.82044e-15 1.33643e-14 1.32546e-14 1.7696e-14 1.67032e-14 2.20786e-14 2.0151e-14 2.64377e-14 2.35883e-14 3.08184e-14 2.70086e-14 3.50783e-14 3.04074e-14 3.9357e-14 3.37816e-14 4.35818e-14 3.71291e-14 4.77872e-14 4.04487e-14 5.18107e-14 4.37392e-14 5.58793e-14 4.70004e-14 5.99097e-14 5.02317e-14 6.38072e-14 5.34333e-14 6.77353e-14 5.66051e-14 7.1542e-14 5.97474e-14 7.51999e-14 6.28605e-14 7.89776e-14 6.59446e-14 8.27242e-14 6.90002e-14 8.62708e-14 7.20278e-14 8.9914e-14 7.50275e-14 9.33252e-14 7.80003e-14 9.68181e-14 8.09463e-14 1.00393e-13 8.38659e-14 1.03699e-13 8.67599e-14 1.07073e-13 8.96287e-14 1.10332e-13 9.24727e-14 1.13654e-13 9.52921e-14 1.17037e-13 9.80879e-14 1.20096e-13 1.0086e-13 1.23401e-13 1.0361e-13 1.26563e-13 1.06336e-13 1.29572e-13 1.09041e-13 1.32625e-13 1.11724e-13 1.35722e-13 1.14386e-13 1.38652e-13 1.17027e-13 1.41834e-13 1.19648e-13 1.44628e-13 1.22248e-13
38.9291 1.16546e-18 1.16546e-18 9.88945e-26 8.48544e-08 -9.06922e-07 6.07796e-16 1.47493e-15 1.95923e-15 3.01442e-15 5.50706e-15 6.1841e-15 9.50799e-15 9.40818e-15 1.36668e-14 1.26475e-14 1.78517e-14 1.58817e-14 2.20353e-14 1.90989e-14 2.61566e-14 2.22919e-14 3.02655e-14 2.54562e-14 3.42344e-14 2.85891e-14 3.81975e-14 3.16888e-14 4.20905e-14 3.47545e-14 4.59479e-14 3.77857e-14 4.96233e-14 4.07824e-14 5.33262e-14 4.37448e-14 5.69817e-14 4.66732e-14 6.05058e-14 4.95681e-14 6.40471e-14 5.243e-14 6.74698e-14 5.52597e-14 7.07507e-14 5.80577e-14 7.41311e-14 6.08246e-14 7.74763e-14 6.35613e-14 8.06364e-14 6.62684e-14 8.38762e-14 6.89463e-14 8.69043e-14 7.15962e-14 8.99994e-14 7.42184e-14 9.3162e-14 7.68134e-14 9.60818e-14 7.93823e-14 9.90573e-14 8.19255e-14 1.01928e-13 8.44435e-14 1.04848e-13 8.69367e-14 1.0782e-13 8.94062e-14 1.10503e-13 9.18523e-14 1.13398e-13 9.42755e-14 1.16165e-13 9.6676e-14 1.18795e-13 9.90548e-14 1.2146e-13 1.01412e-13 1.24161e-13 1.03749e-13 1.26714e-13 1.06065e-13 1.29484e-13 1.08361e-13 1.31913e-13 1.10637e-13
40.9273 1.06891e-18 1.06891e-18 8.12599e-26 7.60213e-08 -8.15302e-07 7.12359e-16 1.42147e-15 2.16885e-15 2.89525e-15 5.79692e-15 5.90601e-15 9.74618e-15 8.94279e-15 1.37647e-14 1.1973e-14 1.77483e-14 1.49806e-14 2.16858e-14 1.79572e-14 2.55296e-14 2.08979e-14 2.9333e-14 2.38004e-14 3.29834e-14 2.66635e-14 3.66084e-14 2.94866e-14 4.01521e-14 3.227e-14 4.3648e-14 3.50143e-14 4.69661e-14 3.772e-14 5.02974e-14 4.03881e-14 5.35754e-14 4.30192e-14 5.67261e-14 4.56146e-14 5.98837e-14 4.8175e-14 6.29279e-14 5.07017e-14 6.58391e-14 5.31953e-14 6.88321e-14 5.56568e-14 7.17877e-14 5.80873e-14 7.45744e-14 6.04877e-14 7.7426e-14 6.28584e-14 8.00867e-14 6.52008e-14 8.2802e-14 6.75156e-14 8.5572e-14 6.98031e-14 8.81255e-14 7.20647e-14 9.07241e-14 7.43007e-14 9.32275e-14 7.6512e-14 9.57715e-14 7.86989e-14 9.83561e-14 8.08625e-14 1.00688e-13 8.30033e-14 1.032e-13 8.51217e-14 1.05598e-13 8.72181e-14 1.07876e-13 8.92936e-14 1.10182e-13 9.13485e-14 1.12516e-13 9.33831e-14 1.1472e-13 9.53981e-14 1.1711e-13 9.73935e-14 1.19203e-13 9.93705e-14
43.0281 9.82249e-19 9.82248e-19 6.67778e-26 6.79846e-08 -6.94773e-07 8.16539e-16 1.35982e-15 2.35466e-15 2.75992e-15 5.99951e-15 5.59711e-15 9.83556e-15 8.43418e-15 1.36606e-14 1.12452e-14 1.73992e-14 1.40187e-14 2.10548e-14 1.67493e-14 2.45929e-14 1.94347e-14 2.80689e-14 2.20743e-14 3.1385e-14 2.46684e-14 3.4661e-14 2.72177e-14 3.78487e-14 2.97233e-14 4.09805e-14 3.21867e-14 4.39423e-14 3.46089e-14 4.6906e-14 3.69915e-14 4.98134e-14 3.93356e-14 5.26002e-14 4.16429e-14 5.53858e-14 4.39143e-14 5.8065e-14 4.61514e-14 6.06216e-14 4.83553e-14 6.32446e-14 5.05269e-14 6.58297e-14 5.26676e-14 6.82626e-14 5.47784e-14 7.0748e-14 5.68599e-14 7.30631e-14 5.89136e-14 7.54222e-14 6.09402e-14 7.78252e-14 6.29403e-14 8.00372e-14 6.49152e-14 8.22854e-14 6.68654e-14 8.44484e-14 6.87917e-14 8.66439e-14 7.06945e-14 8.88717e-14 7.2575e-14 9.08792e-14 7.44336e-14 9.30402e-14 7.6271e-14 9.51005e-14 7.80874e-14 9.70553e-14 7.9884e-14 9.90326e-14 8.1661e-14 1.01032e-13 8.34189e-14 1.02919e-13 8.51584e-14 1.04962e-13 8.68794e-14 1.06751e-13 8.85831e-14
45.2368 9.04241e-19 9.04241e-19 5.48894e-26 6.07022e-08 -5.57617e-07 9.16332e-16 1.29157e-15 2.50952e-15 2.61181e-15 6.10984e-15 5.2649e-15 9.77939e-15 7.89438e-15 1.33688e-14 1.0481e-14 1.68302e-14 1.30177e-14 2.01806e-14 1.5502e-14 2.3397e-14 1.7934e-14 2.65357e-14 2.03147e-14 2.95131e-14 2.26456e-14 3.244e-14 2.49286e-14 3.52756e-14 2.71655e-14 3.80508e-14 2.93585e-14 4.06663e-14 3.1509e-14 4.32754e-14 3.36193e-14 4.58275e-14 3.56907e-14 4.82674e-14 3.77251e-14 5.07004e-14 3.97239e-14 5.30351e-14 4.16887e-14 5.52584e-14 4.36207e-14 5.75352e-14 4.55212e-14 5.97748e-14 4.73917e-14 6.18789e-14 4.9233e-14 6.4025e-14 5.10462e-14 6.6021e-14 5.28327e-14 6.8052e-14 5.45931e-14 7.01179e-14 5.63282e-14 7.20172e-14 5.80393e-14 7.39449e-14 5.9727e-14 7.57976e-14 6.13921e-14 7.76758e-14 6.3035e-14 7.95797e-14 6.4657e-14 8.12934e-14 6.62584e-14 8.31363e-14 6.78399e-14 8.48915e-14 6.94018e-14 8.65554e-14 7.09452e-14 8.82368e-14 7.24704e-14 8.99359e-14 7.3978e-14 9.15376e-14 7.54683e-14 9.32707e-14 7.69417e-14 9.47869e-14 7.8399e-14
47.5588 8.33633e-19 8.33633e-19 4.51259e-26 5.41317e-08 -3.38205e-07 1.00754e-15 1.21802e-15 2.62721e-15 2.45373e-15 6.12601e-15 4.91556e-15 9.58489e-15 7.33328e-15 1.29072e-14 9.69416e-15 1.60705e-14 1.19952e-14 1.91031e-14 1.42369e-14 2.19921e-14 1.64212e-14 2.47935e-14 1.85506e-14 2.74366e-14 2.06278e-14 3.0023e-14 2.26554e-14 3.25185e-14 2.46361e-14 3.49518e-14 2.65722e-14 3.72377e-14 2.8466e-14 3.95114e-14 3.03198e-14 4.17294e-14 3.21354e-14 4.38447e-14 3.39148e-14 4.59492e-14 3.56594e-14 4.79645e-14 3.73712e-14 4.98799e-14 3.90516e-14 5.18378e-14 4.07016e-14 5.37604e-14 4.2323e-14 5.55637e-14 4.39167e-14 5.74003e-14 4.54838e-14 5.9106e-14 4.70256e-14 6.08392e-14 4.8543e-14 6.25999e-14 5.00366e-14 6.42165e-14 5.15078e-14 6.58556e-14 5.29572e-14 6.7429e-14 5.43855e-14 6.90225e-14 5.57933e-14 7.06359e-14 5.71817e-14 7.20868e-14 5.85511e-14 7.36456e-14 5.99022e-14 7.51289e-14 6.12352e-14 7.65337e-14 6.25514e-14 7.79522e-14 6.38508e-14 7.93844e-14 6.51341e-14 8.07335e-14 6.64017e-14 8.2192e-14 6.76538e-14 8.34671e-14 6.88914e-14
50 7.69476e-19 7.69476e-19 3.70998e-26 4.82144e-08 -1.20565e-07 1.08637e-15 1.14064e-15 2.70373e-15 2.28877e-15 6.05112e-15 4.55577e-15 9.2657e-15 6.7613e-15 1.23005e-14 8.89891e-15 1.51558e-14 1.09694e-14 1.78681e-14 1.29757e-14 2.04335e-14 1.49216e-14 2.29062e-14 1.68107e-14 2.52274e-14 1.86468e-14 2.74889e-14 2.0433e-14 2.96626e-14 2.21725e-14 3.17749e-14 2.38683e-14 3.37532e-14 2.55226e-14 3.57154e-14 2.71382e-14 3.76249e-14 2.87169e-14 3.94416e-14 3.02609e-14 4.12453e-14 3.17718e-14 4.29691e-14 3.32515e-14 4.46045e-14 3.47015e-14 4.62733e-14 3.6123e-14 4.79094e-14 3.75177e-14 4.94417e-14 3.88866e-14 5.09999e-14 4.02306e-14 5.24452e-14 4.15512e-14 5.39121e-14 4.28492e-14 5.54003e-14 4.41253e-14 5.67651e-14 4.53808e-14 5.81474e-14 4.66162e-14 5.9473e-14 4.78324e-14 6.08141e-14 4.90298e-14 6.21706e-14 5.02096e-14 6.33894e-14 5.13721e-14 6.46977e-14 5.25179e-14 6.59415e-14 5.36475e-14 6.71186e-14 5.47617e-14 6.83062e-14 5.58608e-14 6.95043e-14 5.69454e-14 7.06321e-14 5.80159e-14 7.18505e-14 5.90725e-14 7.2915e-14 6.01161e-14
52.5665 7.10961e-19 7.10961e-19 3.05076e-26 4.29104e-08 1.16191e-07 1.1496e-15 1.06084e-15 2.73714e-15 2.11991e-15 5.89202e-15 4.19178e-15 8.83946e-15 6.18811e-15 1.15771e-14 8.10823e-15 1.41237e-14 9.95637e-15 1.65222e-14 1.17377e-14 1.87753e-14 1.34572e-14 2.09349e-14 1.51198e-14 2.29525e-14 1.67297e-14 2.49102e-14 1.82908e-14 2.67851e-14 1.98065e-14 2.86012e-14 2.12799e-14 3.02972e-14 2.27138e-14 3.19752e-14 2.41107e-14 3.36041e-14 2.54727e-14 3.51506e-14 2.68022e-14 3.66829e-14 2.81006e-14 3.81446e-14 2.937e-14 3.95291e-14 3.06117e-14 4.09396e-14 3.18271e-14 4.23203e-14 3.30178e-14 4.36116e-14 3.41847e-14 4.4923e-14 3.53289e-14 4.61379e-14 3.64517e-14 4.73694e-14 3.75539e-14 4.86174e-14 3.86362e-14 4.97607e-14 3.96998e-14 5.09175e-14 4.07453e-14 5.20257e-14 4.17734e-14 5.31458e-14 4.27846e-14 5.42779e-14 4.37799e-14 5.52941e-14 4.47598e-14 5.6384e-14 4.57247e-14 5.74193e-14 4.66751e-14 5.83984e-14 4.76118e-14 5.93855e-14 4.85351e-14 6.03806e-14 4.94454e-14 6.13167e-14 5.03432e-14 6.23273e-14 5.12287e-14 6.32097e-14 5.21026e-14
55.2648 6.57359e-19 6.57359e-19 2.50872e-26 3.81636e-08 3.31698e-07 1.19473e-15 9.79889e-16 2.72743e-15 1.94979e-15 5.65827e-15 3.82908e-15 8.32584e-15 5.622e-15 1.07656e-14 7.33317e-15 1.30111e-14 8.96972e-15 1.51091e-14 1.05386e-14 1.70672e-14 1.20461e-14 1.89342e-14 1.34976e-14 2.06707e-14 1.48981e-14 2.23491e-14 1.62517e-14 2.39511e-14 1.75619e-14 2.54982e-14 1.88322e-14 2.69392e-14 2.00653e-14 2.83614e-14 2.12639e-14 2.97389e-14 2.24301e-14 3.10441e-14 2.3566e-14 3.2335e-14 2.46734e-14 3.35642e-14 2.57542e-14 3.47266e-14 2.68096e-14 3.59092e-14 2.78411e-14 3.70651e-14 2.88501e-14 3.81447e-14 2.98376e-14 3.92398e-14 3.08045e-14 4.02531e-14 3.17522e-14 4.12792e-14 3.26814e-14 4.23178e-14 3.35927e-14 4.32685e-14 3.44874e-14 4.42293e-14 3.53658e-14 4.5149e-14 3.62288e-14 4.60778e-14 3.70768e-14 4.70157e-14 3.79106e-14 4.78569e-14 3.87308e-14 4.87584e-14 3.95378e-14 4.96142e-14 4.03319e-14 5.04228e-14 4.1114e-14 5.12376e-14 4.18843e-14 5.20584e-14 4.26432e-14 5.28301e-14 4.33911e-14 5.36627e-14 4.41282e-14 5.43891e-14 4.48553e-14
58.1015 6.08105e-19 6.08105e-19 2.06326e-26 3.39293e-08 5.18739e-07 1.22031e-15 8.99048e-16 2.67678e-15 1.78096e-15 5.36211e-15 3.47289e-15 7.74656e-15 5.07076e-15 9.89597e-15 6.5838e-15 1.18544e-14 8.02162e-15 1.36704e-14 9.39257e-15 1.53552e-14 1.07038e-14 1.69535e-14 1.19612e-14 1.8434e-14 1.317e-14 1.98599e-14 1.43345e-14 2.12165e-14 1.54585e-14 2.25229e-14 1.65454e-14 2.37367e-14 1.75978e-14 2.4932e-14 1.86184e-14 2.60874e-14 1.96094e-14 2.718e-14 2.05728e-14 2.82587e-14 2.15103e-14 2.92842e-14 2.24237e-14 3.02527e-14 2.33143e-14 3.12365e-14 2.41834e-14 3.21968e-14 2.50322e-14 3.30927e-14 2.58619e-14 3.40004e-14 2.66733e-14 3.48394e-14 2.74676e-14 3.5688e-14 2.82454e-14 3.65463e-14 2.90075e-14 3.7331e-14 2.97548e-14 3.81235e-14 3.04878e-14 3.88815e-14 3.12072e-14 3.96463e-14 3.19135e-14 4.04179e-14 3.26074e-14 4.11095e-14 3.32893e-14 4.18502e-14 3.39597e-14 4.25528e-14 3.46188e-14 4.32162e-14 3.52675e-14 4.38843e-14 3.59059e-14 4.4557e-14 3.65344e-14 4.51889e-14 3.71534e-14 4.58704e-14 3.7763e-14 4.64646e-14 3.83639e-14
61.0839 5.62748e-19 5.62748e-19 1.69695e-26 3.01547e-08 6.69454e-07 1.22597e-15 8.19482e-16 2.58919e-15 1.61579e-15 5.01738e-15 3.1279e-15 7.12371e-15 4.54118e-15 8.99662e-15 5.86881e-15 1.06871e-14 7.12232e-15 1.22435e-14 8.31111e-15 1.36794e-14 9.44283e-15 1.50353e-14 1.05238e-14 1.62862e-14 1.15593e-14 1.7487e-14 1.25537e-14 1.86261e-14 1.35107e-14 1.97202e-14 1.44337e-14 2.07344e-14 1.53252e-14 2.1731e-14 1.6188e-14 2.26924e-14 1.7024e-14 2.36e-14 1.78353e-14 2.44946e-14 1.86233e-14 2.53439e-14 1.93898e-14 2.61447e-14 2.0136e-14 2.69573e-14 2.08631e-14 2.77494e-14 2.15724e-14 2.84876e-14 2.22647e-14 2.92347e-14 2.29409e-14 2.99245e-14 2.3602e-14 3.06216e-14 2.42488e-14 3.1326e-14 2.48818e-14 3.19695e-14 2.55018e-14 3.26188e-14 2.61095e-14 3.32392e-14 2.67053e-14 3.38649e-14 2.72897e-14 3.44957e-14 2.78633e-14 3.50606e-14 2.84266e-14 3.56653e-14 2.89799e-14 3.62384e-14 2.95236e-14 3.67794e-14 3.00582e-14 3.73237e-14 3.0584e-14 3.78715e-14 3.11012e-14 3.83859e-14 3.16103e-14 3.89402e-14 3.21114e-14 3.94234e-14 3.26049e-14
64.2193 5.2079e-19 5.2079e-19 1.39562e-26 2.67981e-08 7.90827e-07 1.21205e-15 7.4204e-16 2.46944e-15 1.45599e-15 4.63729e-15 2.79739e-15 6.47678e-15 4.03788e-15 8.09153e-15 5.19383e-15 9.53613e-15 6.27823e-15 1.08573e-14 7.30111e-15 1.20698e-14 8.27044e-15 1.32098e-14 9.19262e-15 1.42578e-14 1.00729e-14 1.52606e-14 1.09156e-14 1.62092e-14 1.17244e-14 1.71181e-14 1.25025e-14 1.79588e-14 1.32523e-14 1.87833e-14 1.39764e-14 1.95773e-14 1.46766e-14 2.03256e-14 1.53548e-14 2.10621e-14 1.60125e-14 2.17603e-14 1.66512e-14 2.24178e-14 1.7272e-14 2.30841e-14 1.78761e-14 2.3733e-14 1.84646e-14 2.4337e-14 1.90384e-14 2.49477e-14 1.95981e-14 2.55111e-14 2.01448e-14 2.60799e-14 2.06789e-14 2.66542e-14 2.12012e-14 2.71783e-14 2.17123e-14 2.77069e-14 2.22127e-14 2.82116e-14 2.2703e-14 2.87201e-14 2.31834e-14 2.92325e-14 2.36546e-14 2.96911e-14 2.41169e-14 3.01816e-14 2.45707e-14 3.06463e-14 2.50163e-14 3.10846e-14 2.54541e-14 3.15255e-14 2.58844e-14 3.19689e-14 2.63075e-14 3.23851e-14 2.67236e-14 3.28334e-14 2.71329e-14 3.32239e-14 2.75358e-14
67.5157 4.81923e-19 4.81923e-19 1.14784e-26 2.38179e-08 8.721e-07 1.18006e-15 6.67604e-16 2.32376e-15 1.30328e-15 4.23586e-15 2.48461e-15 5.82497e-15 3.56529e-15 7.2032e-15 4.56417e-15 8.42603e-15 5.49518e-15 9.53747e-15 6.36871e-15 1.05525e-14 7.19275e-15 1.15029e-14 7.97366e-15 1.23736e-14 8.71655e-15 1.32044e-14 9.42553e-15 1.39883e-14 1.01041e-14 1.47376e-14 1.07553e-14 1.54293e-14 1.13814e-14 1.61065e-14 1.19848e-14 1.67575e-14 1.25672e-14 1.73701e-14 1.31303e-14 1.79722e-14 1.36755e-14 1.85423e-14 1.42041e-14 1.90785e-14 1.47172e-14 1.96213e-14 1.52158e-14 2.01494e-14 1.57009e-14 2.06404e-14 1.61732e-14 2.11364e-14 1.66335e-14 2.15936e-14 1.70826e-14 2.20548e-14 1.7521e-14 2.25201e-14 1.79491e-14 2.29444e-14 1.83678e-14 2.3372e-14 1.87773e-14 2.378e-14 1.91781e-14 2.41909e-14 1.95706e-14 2.46046e-14 1.99553e-14 2.49747e-14 2.03324e-14 2.53703e-14 2.07024e-14 2.57449e-14 2.10653e-14 2.6098e-14 2.14217e-14 2.6453e-14 2.17718e-14 2.68099e-14 2.21158e-14 2.71447e-14 2.24539e-14 2.75051e-14 2.27862e-14 2.7819e-14 2.31133e-14
70.9813 4.45873e-19 4.45873e-19 9.44063e-27 2.11734e-08 9.13431e-07 1.13222e-15 5.9687e-16 2.15875e-15 1.15901e-15 3.82595e-15 2.19193e-15 5.18469e-15 3.12648e-15 6.34988e-15 3.98326e-15 7.37571e-15 4.77669e-15 8.30271e-15 5.51719e-15 9.14537e-15 6.21264e-15 9.93147e-15 6.86914e-15 1.06494e-14 7.4916e-15 1.13325e-14 8.08387e-15 1.19755e-14 8.64923e-15 1.25889e-14 9.19046e-15 1.3154e-14 9.70975e-15 1.37063e-14 1.02092e-14 1.42365e-14 1.06903e-14 1.47347e-14 1.11547e-14 1.52238e-14 1.16036e-14 1.56862e-14 1.20383e-14 1.61207e-14 1.24596e-14 1.65601e-14 1.28685e-14 1.69871e-14 1.32658e-14 1.73839e-14 1.36522e-14 1.77843e-14 1.40284e-14 1.81531e-14 1.4395e-14 1.85248e-14 1.47526e-14 1.88995e-14 1.51014e-14 1.92411e-14 1.54423e-14 1.9585e-14 1.57754e-14 1.9913e-14 1.61012e-14 2.02431e-14 1.64199e-14 2.05753e-14 1.67321e-14 2.08722e-14 1.7038e-14 2.11895e-14 1.73378e-14 2.14898e-14 1.76317e-14 2.17728e-14 1.79202e-14 2.20571e-14 1.82033e-14 2.23428e-14 1.84814e-14 2.26106e-14 1.87546e-14 2.28989e-14 1.9023e-14 2.31499e-14 1.92869e-14
74.6248 4.12365e-19 4.12365e-19 7.76418e-27 1.88284e-08 9.29757e-07 1.07113e-15 5.30322e-16 1.98083e-15 1.02407e-15 3.41855e-15 1.92081e-15 4.56895e-15 2.7231e-15 5.54511e-15 3.45262e-15 6.39832e-15 4.12387e-15 7.16517e-15 4.74708e-15 7.85929e-15 5.3298e-15 8.50455e-15 5.87782e-15 9.0921e-15 6.39572e-15 9.64975e-15 6.88708e-15 1.01735e-14 7.3549e-15 1.06722e-14 7.80171e-15 1.11308e-14 8.2295e-15 1.15784e-14 8.64013e-15 1.20073e-14 9.03503e-15 1.24099e-14 9.41559e-15 1.28046e-14 9.78288e-15 1.31775e-14 1.0138e-14 1.35274e-14 1.04818e-14 1.3881e-14 1.0815e-14 1.42242e-14 1.11384e-14 1.45429e-14 1.14526e-14 1.48643e-14 1.17582e-14 1.516e-14 1.20557e-14 1.5458e-14 1.23455e-14 1.57581e-14 1.26281e-14 1.60314e-14 1.2904e-14 1.63066e-14 1.31733e-14 1.65688e-14 1.34366e-14 1.68325e-14 1.3694e-14 1.70978e-14 1.39459e-14 1.73348e-14 1.41925e-14 1.75879e-14 1.44341e-14 1.78274e-14 1.46708e-14 1.80529e-14 1.4903e-14 1.82794e-14 1.51308e-14 1.85069e-14 1.53543e-14 1.87202e-14 1.55739e-14 1.89496e-14 1.57894e-14 1.91492e-14 1.60013e-14
78.4553 3.8118e-19 3.8118e-19 6.38544e-27 1.67518e-08 9.23167e-07 9.99758e-16 4.68316e-16 1.79618e-15 8.99083e-16 3.02304e-15 1.67212e-15 3.98798e-15 2.35592e-15 4.79872e-15 2.97261e-15 5.5026e-15 3.53644e-15 6.13205e-15 4.05723e-15 6.69954e-15 4.54209e-15 7.22538e-15 4.9964e-15 7.70289e-15 5.42437e-15 8.15504e-15 5.82927e-15 8.57885e-15 6.21381e-15 8.98161e-15 6.58025e-15 9.35144e-15 6.93038e-15 9.71182e-15 7.26585e-15 1.00568e-14 7.5879e-15 1.03801e-14 7.89779e-15 1.06968e-14 8.19643e-15 1.09956e-14 8.48479e-15 1.12758e-14 8.7636e-15 1.15587e-14 9.0335e-15 1.18331e-14 9.29519e-15 1.20876e-14 9.54918e-15 1.23441e-14 9.7959e-15 1.258e-14 1.00359e-14 1.28175e-14 1.02696e-14 1.30565e-14 1.04971e-14 1.32742e-14 1.07191e-14 1.34931e-14 1.09357e-14 1.37016e-14 1.11473e-14 1.39112e-14 1.1354e-14 1.4122e-14 1.15561e-14 1.43102e-14 1.17539e-14 1.45111e-14 1.19475e-14 1.47011e-14 1.21371e-14 1.488e-14 1.2323e-14 1.50596e-14 1.25052e-14 1.52399e-14 1.2684e-14 1.54088e-14 1.28595e-14 1.55905e-14 1.30317e-14 1.57485e-14 1.32008e-14
82.4824 3.52139e-19 3.52139e-19 5.25105e-27 1.49119e-08 8.89877e-07 9.21188e-16 4.11087e-16 1.61042e-15 7.84422e-16 2.64696e-15 1.4462e-15 3.44919e-15 2.0249e-15 4.11705e-15 2.54254e-15 4.69326e-15 3.01285e-15 5.20615e-15 3.44505e-15 5.66685e-15 3.84574e-15 6.09245e-15 4.21985e-15 6.47796e-15 4.57117e-15 6.8422e-15 4.90265e-15 7.18297e-15 5.21671e-15 7.50628e-15 5.51534e-15 7.8027e-15 5.80011e-15 8.09117e-15 6.07248e-15 8.36696e-15 6.33353e-15 8.6252e-15 6.58434e-15 8.87782e-15 6.82572e-15 9.11597e-15 7.05849e-15 9.33912e-15 7.28327e-15 9.56418e-15 7.50064e-15 9.78235e-15 7.71117e-15 9.98457e-15 7.9153e-15 1.01882e-14 8.11341e-15 1.03754e-14 8.30596e-15 1.05637e-14 8.49324e-15 1.07532e-14 8.67554e-15 1.09256e-14 8.8532e-15 1.10989e-14 9.02645e-15 1.12639e-14 9.19552e-15 1.14297e-14 9.3606e-15 1.15963e-14 9.52195e-15 1.17451e-14 9.67973e-15 1.19038e-14 9.83411e-15 1.20538e-14 9.9852e-15 1.2195e-14 1.01332e-14 1.23367e-14 1.02783e-14 1.24789e-14 1.04205e-14 1.26121e-14 1.05601e-14 1.27553e-14 1.06969e-14 1.28799e-14 1.08314e-14
86.7162 3.25085e-19 3.25085e-19 4.31772e-27 1.32818e-08 8.27647e-07 8.38408e-16 3.58738e-16 1.42836e-15 6.80192e-16 2.29587e-15 1.24287e-15 2.95726e-15 1.72923e-15 3.50318e-15 2.16075e-15 3.97146e-15 2.55038e-15 4.38646e-15 2.90667e-15 4.75798e-15 3.23562e-15 5.10023e-15 3.54169e-15 5.40953e-15 3.82826e-15 5.70118e-15 4.09793e-15 5.97355e-15 4.35283e-15 6.23157e-15 4.59471e-15 6.46781e-15 4.82494e-15 6.69742e-15 5.04476e-15 6.9167e-15 5.25512e-15 7.12181e-15 5.45694e-15 7.32227e-15 5.65092e-15 7.51109e-15 5.83775e-15 7.68787e-15 6.01796e-15 7.86603e-15 6.19204e-15 8.03861e-15 6.36049e-15 8.19848e-15 6.52366e-15 8.35938e-15 6.68188e-15 8.50717e-15 6.83552e-15 8.65579e-15 6.98486e-15 8.80523e-15 7.1301e-15 8.94114e-15 7.27155e-15 9.0777e-15 7.4094e-15 9.20768e-15 7.54384e-15 9.33823e-15 7.67501e-15 9.46934e-15 7.80316e-15 9.58636e-15 7.9284e-15 9.71118e-15 8.05087e-15 9.82909e-15 8.17067e-15 9.94003e-15 8.28799e-15 1.00513e-14 8.40291e-15 1.0163e-14 8.51553e-15 1.02676e-14 8.62595e-15 1.038e-14 8.73423e-15 1.04777e-14 8.84053e-15
91.1674 2.9988e-19 2.9988e-19 3.54984e-27 1.18375e-08 7.53847e-07 7.54157e-16 3.1126e-16 1.25391e-15 5.86268e-16 1.9735e-15 1.06148e-15 2.51447e-15 1.46748e-15 2.95747e-15 1.8248e-15 3.33542e-15 2.14546e-15 3.66903e-15 2.43726e-15 3.96675e-15 2.70561e-15 4.24031e-15 2.95444e-15 4.48699e-15 3.18675e-15 4.71917e-15 3.40481e-15 4.93566e-15 3.61047e-15 5.14045e-15 3.80524e-15 5.32771e-15 3.99029e-15 5.50952e-15 4.16669e-15 5.68296e-15 4.33525e-15 5.84504e-15 4.49675e-15 6.00331e-15 4.65178e-15 6.15227e-15 4.80092e-15 6.29163e-15 4.94463e-15 6.43198e-15 5.08331e-15 6.56786e-15 5.21737e-15 6.69364e-15 5.34712e-15 6.82016e-15 5.47283e-15 6.93631e-15 5.59481e-15 7.05306e-15 5.71328e-15 7.1704e-15 5.82842e-15 7.27706e-15 5.94048e-15 7.3842e-15 6.04962e-15 7.48611e-15 6.156e-15 7.58844e-15 6.25973e-15 7.69118e-15 6.36102e-15 7.78283e-15 6.45995e-15 7.88056e-15 6.55665e-15 7.97286e-15 6.65119e-15 8.05967e-15 6.74373e-15 8.14674e-15 6.83434e-15 8.23408e-15 6.9231e-15 8.31583e-15 7.01009e-15 8.40367e-15 7.09536e-15 8.48001e-15 7.17904e-15
95.847 2.76399e-19 2.76399e-19 2.91819e-27 1.05579e-08 6.61004e-07 6.70815e-16 2.6855e-16 1.09e-15 5.02334e-16 1.68187e-15 9.01044e-16 2.12106e-15 1.23772e-15 2.47807e-15 1.53166e-15 2.78114e-15 1.79387e-15 3.04768e-15 2.03136e-15 3.28484e-15 2.24892e-15 3.50224e-15 2.45e-15 3.6979e-15 2.63721e-15 3.88174e-15 2.81251e-15 4.0529e-15 2.97749e-15 4.21459e-15 3.13344e-15 4.36228e-15 3.28136e-15 4.50552e-15 3.42214e-15 4.64203e-15 3.55648e-15 4.76949e-15 3.68503e-15 4.89386e-15 3.80827e-15 5.01082e-15 3.92671e-15 5.12018e-15 4.04073e-15 5.23024e-15 4.15064e-15 5.33673e-15 4.2568e-15 5.43525e-15 4.35946e-15 5.5343e-15 4.45885e-15 5.62519e-15 4.55522e-15 5.71651e-15 4.64875e-15 5.80824e-15 4.73959e-15 5.89159e-15 4.82795e-15 5.97528e-15 4.91395e-15 6.05486e-15 4.99773e-15 6.13474e-15 5.07938e-15 6.21491e-15 5.15907e-15 6.2864e-15 5.23686e-15 6.36261e-15 5.31286e-15 6.43456e-15 5.38714e-15 6.50222e-15 5.45981e-15 6.57006e-15 5.53093e-15 6.63809e-15 5.60058e-15 6.70175e-15 5.66881e-15 6.77013e-15 5.73567e-15 6.82955e-15 5.80125e-15
100.767 2.54522e-19 2.54522e-19 2.39816e-27 9.42222e-09 5.88111e-07 5.90327e-16 2.30417e-16 9.38667e-16 4.27913e-16 1.42161e-15 7.60266e-16 1.77565e-15 1.03764e-15 2.06149e-15 1.27791e-15 2.30303e-15 1.49099e-15 2.51473e-15 1.6831e-15 2.70259e-15 1.85843e-15 2.87442e-15 2.01998e-15 3.02879e-15 2.16998e-15 3.1736e-15 2.31011e-15 3.30825e-15 2.44173e-15 3.43529e-15 2.56591e-15 3.55121e-15 2.68351e-15 3.66352e-15 2.79528e-15 3.77047e-15 2.90179e-15 3.87025e-15 3.00358e-15 3.96753e-15 3.10107e-15 4.05896e-15 3.19466e-15 4.14439e-15 3.28466e-15 4.23033e-15 3.37135e-15 4.31342e-15 3.45501e-15 4.39027e-15 3.53585e-15 4.46749e-15 3.61406e-15 4.53831e-15 3.68984e-15 4.60944e-15 3.76333e-15 4.68086e-15 3.83467e-15 4.74573e-15 3.90403e-15 4.81084e-15 3.97149e-15 4.87274e-15 4.03718e-15 4.93484e-15 4.10116e-15 4.99714e-15 4.16358e-15 5.0527e-15 4.22448e-15 5.11189e-15 4.28396e-15 5.16777e-15 4.34206e-15 5.22029e-15 4.39889e-15 5.27295e-15 4.45448e-15 5.32574e-15 4.50889e-15 5.37512e-15 4.56218e-15 5.42816e-15 4.61438e-15 5.47423e-15 4.66557e-15
105.939 2.34198e-19 2.34198e-19 1.97108e-27 8.41632e-09 4.84739e-07 5.14331e-16 1.96666e-16 8.01314e-16 3.62513e-16 1.19249e-15 6.3785e-16 1.47606e-15 8.64979e-16 1.70356e-15 1.0602e-15 1.89499e-15 1.23235e-15 2.06224e-15 1.38687e-15 2.2103e-15 1.52738e-15 2.34545e-15 1.65646e-15 2.46665e-15 1.77601e-15 2.5802e-15 1.88745e-15 2.68564e-15 1.99192e-15 2.78501e-15 2.09032e-15 2.8756e-15 2.18336e-15 2.96329e-15 2.27166e-15 3.04672e-15 2.3557e-15 3.12451e-15 2.43593e-15 3.2003e-15 2.51269e-15 3.27148e-15 2.5863e-15 3.33796e-15 2.65703e-15 3.40479e-15 2.7251e-15 3.46939e-15 2.79074e-15 3.52909e-15 2.85412e-15 3.58906e-15 2.9154e-15 3.64405e-15 2.97473e-15 3.69924e-15 3.03224e-15 3.75464e-15 3.08804e-15 3.80495e-15 3.14224e-15 3.85542e-15 3.19495e-15 3.90339e-15 3.24624e-15 3.9515e-15 3.29618e-15 3.99976e-15 3.34487e-15 4.04277e-15 3.39237e-15 4.0886e-15 3.43873e-15 4.13184e-15 3.484e-15 4.17247e-15 3.52826e-15 4.2132e-15 3.57154e-15 4.25402e-15 3.6139e-15 4.29221e-15 3.65536e-15 4.33321e-15 3.69596e-15 4.36881e-15 3.73577e-15
111.377 2.15272e-19 2.15272e-19 1.61936e-27 7.52236e-09 3.9495e-07 4.43777e-16 1.66962e-16 6.78243e-16 3.05383e-16 9.92841e-16 5.32062e-16 1.21854e-15 7.16898e-16 1.39856e-15 8.74565e-16 1.54945e-15 1.01283e-15 1.68089e-15 1.13641e-15 1.79699e-15 1.2484e-15 1.90277e-15 1.35098e-15 1.9975e-15 1.44576e-15 2.08612e-15 1.53392e-15 2.16831e-15 1.61641e-15 2.2457e-15 1.69399e-15 2.31619e-15 1.76724e-15 2.38436e-15 1.83666e-15 2.44918e-15 1.90266e-15 2.50957e-15 1.9656e-15 2.56838e-15 2.02575e-15 2.62358e-15 2.08339e-15 2.6751e-15 2.13872e-15 2.72688e-15 2.19193e-15 2.77689e-15 2.24321e-15 2.8231e-15 2.29268e-15 2.8695e-15 2.34048e-15 2.91202e-15 2.38674e-15 2.9547e-15 2.43156e-15 2.99752e-15 2.47501e-15 3.03638e-15 2.5172e-15 3.07537e-15 2.55821e-15 3.1124e-15 2.59809e-15 3.14955e-15 2.63691e-15 3.18679e-15 2.67475e-15 3.21997e-15 2.71164e-15 3.25532e-15 2.74763e-15 3.28867e-15 2.78277e-15 3.32e-15 2.8171e-15 3.35139e-15 2.85067e-15 3.38285e-15 2.88351e-15 3.41228e-15 2.91565e-15 3.44386e-15 2.94711e-15 3.47129e-15 2.97795e-15
117.094 1.97703e-19 1.97703e-19 1.33016e-27 6.72809e-09 2.85623e-07 3.79444e-16 1.41028e-16 5.6954e-16 2.55889e-16 8.20906e-16 4.41407e-16 9.99512e-16 5.90953e-16 1.14122e-15 7.17575e-16 1.25956e-15 8.28026e-16 1.36238e-15 9.26331e-16 1.453e-15 1.01513e-15 1.53544e-15 1.09624e-15 1.60915e-15 1.17101e-15 1.67803e-15 1.24043e-15 1.74185e-15 1.30527e-15 1.80188e-15 1.36615e-15 1.85651e-15 1.42355e-15 1.90931e-15 1.4779e-15 1.95948e-15 1.5295e-15 2.00619e-15 1.57866e-15 2.05165e-15 1.6256e-15 2.0943e-15 1.67055e-15 2.13409e-15 1.71366e-15 2.17406e-15 1.75508e-15 2.21265e-15 1.79498e-15 2.2483e-15 1.83344e-15 2.28407e-15 1.87059e-15 2.31685e-15 1.90651e-15 2.34973e-15 1.9413e-15 2.38271e-15 1.97501e-15 2.41264e-15 2.00773e-15 2.44266e-15 2.03951e-15 2.47116e-15 2.07041e-15 2.49974e-15 2.10048e-15 2.52839e-15 2.12977e-15 2.55392e-15 2.15832e-15 2.58109e-15 2.18616e-15 2.60673e-15 2.21333e-15 2.63081e-15 2.23988e-15 2.65494e-15 2.26583e-15 2.67911e-15 2.2912e-15 2.70171e-15 2.31603e-15 2.72597e-15 2.34032e-15 2.74703e-15 2.36412e-15
123.105 1.81415e-19 1.81415e-19 1.09261e-27 6.02273e-09 2.00716e-07 3.21676e-16 1.18541e-16 4.74701e-16 2.13314e-16 6.74333e-16 3.64281e-16 8.14927e-16 4.84604e-16 9.25925e-16 5.85751e-16 1.01832e-15 6.73524e-16 1.09839e-15 7.51339e-16 1.16884e-15 8.21404e-16 1.23282e-15 8.85243e-16 1.28995e-15 9.43961e-16 1.34328e-15 9.9837e-16 1.39265e-15 1.04911e-15 1.43905e-15 1.09668e-15 1.48123e-15 1.14148e-15 1.52198e-15 1.18385e-15 1.56068e-15 1.22403e-15 1.59669e-15 1.26228e-15 1.63171e-15 1.29876e-15 1.66456e-15 1.33367e-15 1.69519e-15 1.36713e-15 1.72594e-15 1.39926e-15 1.75563e-15 1.43018e-15 1.78303e-15 1.45998e-15 1.81053e-15 1.48874e-15 1.83571e-15 1.51654e-15 1.86097e-15 1.54344e-15 1.8863e-15 1.5695e-15 1.90928e-15 1.59479e-15 1.93232e-15 1.61934e-15 1.95419e-15 1.6432e-15 1.97612e-15 1.6664e-15 1.99809e-15 1.689e-15 2.01766e-15 1.71102e-15 2.0385e-15 1.73249e-15 2.05815e-15 1.75343e-15 2.07661e-15 1.77389e-15 2.0951e-15 1.79388e-15 2.11362e-15 1.81342e-15 2.13093e-15 1.83253e-15 2.14951e-15 1.85123e-15 2.16564e-15 1.86955e-15
129.424 1.66301e-19 1.66301e-19 8.97073e-28 5.39426e-09 1.25477e-07 2.70462e-16 9.91479e-17 3.92804e-16 1.76904e-16 5.50431e-16 2.99056e-16 6.60538e-16 3.95334e-16 7.47074e-16 4.75703e-16 8.18885e-16 5.45101e-16 8.80988e-16 6.06393e-16 9.35525e-16 6.61415e-16 9.84985e-16 7.11425e-16 1.0291e-15 7.57328e-16 1.07024e-15 7.99788e-16 1.10828e-15 8.39323e-16 1.14401e-15 8.76342e-16 1.17648e-15 9.11159e-16 1.20782e-15 9.44048e-16 1.23756e-15 9.75215e-16 1.26523e-15 1.00485e-15 1.29212e-15 1.03311e-15 1.31733e-15 1.06011e-15 1.34083e-15 1.08598e-15 1.36442e-15 1.11081e-15 1.38718e-15 1.13469e-15 1.40819e-15 1.15769e-15 1.42926e-15 1.17987e-15 1.44855e-15 1.20131e-15 1.46789e-15 1.22204e-15 1.48729e-15 1.24212e-15 1.50487e-15 1.26159e-15 1.5225e-15 1.28049e-15 1.53924e-15 1.29885e-15 1.55601e-15 1.3167e-15 1.57282e-15 1.33408e-15 1.58778e-15 1.351e-15 1.60371e-15 1.3675e-15 1.61873e-15 1.38359e-15 1.63284e-15 1.39931e-15 1.64696e-15 1.41465e-15 1.66111e-15 1.42965e-15 1.67434e-15 1.44432e-15 1.68853e-15 1.45867e-15 1.70084e-15 1.47273e-15
136.067 1.52324e-19 1.52324e-19 7.3653e-28 4.83527e-09 6.34331e-08 2.25675e-16 8.25441e-17 3.22882e-16 1.45998e-16 4.46692e-16 2.4431e-16 5.32529e-16 3.20956e-16 5.99711e-16 3.84505e-16 6.55306e-16 4.39119e-16 7.03287e-16 4.8718e-16 7.45355e-16 5.30202e-16 7.83457e-16 5.69214e-16 8.17405e-16 6.04953e-16 8.49033e-16 6.37956e-16 8.78259e-16 6.68641e-16 9.05687e-16 6.97338e-16 9.30594e-16 7.24297e-16 9.54625e-16 7.49737e-16 9.77418e-16 7.73824e-16 9.98608e-16 7.9671e-16 1.0192e-15 8.1851e-16 1.0385e-15 8.39335e-16 1.05648e-15 8.59271e-16 1.07452e-15 8.78391e-16 1.09192e-15 8.96771e-16 1.10798e-15 9.14466e-16 1.12408e-15 9.31524e-16 1.13882e-15 9.48e-16 1.15359e-15 9.63931e-16 1.1684e-15 9.79349e-16 1.18183e-15 9.94297e-16 1.19528e-15 1.0088e-15 1.20805e-15 1.02289e-15 1.22085e-15 1.03658e-15 1.23367e-15 1.0499e-15 1.24508e-15 1.06287e-15 1.25723e-15 1.07552e-15 1.26868e-15 1.08784e-15 1.27943e-15 1.09988e-15 1.2902e-15 1.11163e-15 1.30098e-15 1.12311e-15 1.31106e-15 1.13434e-15 1.32187e-15 1.14532e-15 1.33125e-15 1.15607e-15
143.051 1.394e-19 1.394e-19 6.04566e-28 4.3369e-09 -3.01976e-09 1.86939e-16 6.84055e-17 2.63724e-16 1.19914e-16 3.60492e-16 1.98627e-16 4.27119e-16 2.59341e-16 4.79066e-16 3.09354e-16 5.21946e-16 3.52139e-16 5.58883e-16 3.89663e-16 5.91222e-16 4.23162e-16 6.20476e-16 4.53472e-16 6.46516e-16 4.81188e-16 6.70755e-16 5.06742e-16 6.93138e-16 5.3047e-16 7.14129e-16 5.52634e-16 7.3318e-16 5.73434e-16 7.51552e-16 5.93044e-16 7.68969e-16 6.11595e-16 7.85154e-16 6.29207e-16 8.00878e-16 6.45972e-16 8.15605e-16 6.61978e-16 8.29325e-16 6.77291e-16 8.43086e-16 6.91969e-16 8.56355e-16 7.06072e-16 8.68596e-16 7.19643e-16 8.80867e-16 7.32719e-16 8.92097e-16 7.45344e-16 9.03352e-16 7.57547e-16 9.1463e-16 7.69353e-16 9.24855e-16 7.80795e-16 9.35099e-16 7.91892e-16 9.4482e-16 8.02668e-16 9.54559e-16 8.13136e-16 9.64314e-16 8.23322e-16 9.72998e-16 8.33238e-16 9.82239e-16 8.429e-16 9.90949e-16 8.52316e-16 9.99125e-16 8.61507e-16 1.00731e-15 8.7048e-16 1.01551e-15 8.79247e-16 1.02317e-15 8.87816e-16 1.03139e-15 8.96195e-16 1.03852e-15 9.04397e-16
150.394 1.27471e-19 1.27471e-19 4.9616e-28 3.89232e-09 -5.14625e-08 1.53802e-16 5.64385e-17 2.14129e-16 9.80375e-17 2.89419e-16 1.60746e-16 3.40929e-16 2.08616e-16 3.80951e-16 2.47802e-16 4.1391e-16 2.8118e-16 4.42253e-16 3.10359e-16 4.67034e-16 3.36341e-16 4.89427e-16 3.59802e-16 5.09342e-16 3.81219e-16 5.27865e-16 4.00936e-16 5.44958e-16 4.1922e-16 5.60979e-16 4.36281e-16 5.75512e-16 4.52276e-16 5.89519e-16 4.67343e-16 6.02794e-16 4.81585e-16 6.15125e-16 4.95098e-16 6.27099e-16 5.07951e-16 6.38312e-16 5.20215e-16 6.48754e-16 5.31942e-16 6.59224e-16 5.43177e-16 6.69319e-16 5.53967e-16 6.78628e-16 5.64346e-16 6.87958e-16 5.74342e-16 6.96494e-16 5.83989e-16 7.05048e-16 5.9331e-16 7.13618e-16 6.02326e-16 7.21386e-16 6.1106e-16 7.29167e-16 6.19529e-16 7.36551e-16 6.2775e-16 7.43945e-16 6.35735e-16 7.51351e-16 6.43502e-16 7.57944e-16 6.51061e-16 7.64958e-16 6.58424e-16 7.71568e-16 6.656e-16 7.77773e-16 6.72602e-16 7.83985e-16 6.79436e-16 7.90204e-16 6.86112e-16 7.96015e-16 6.92636e-16 8.02247e-16 6.99014e-16 8.07655e-16 7.05257e-16
158.114 1.16475e-19 1.16475e-19 4.07156e-28 3.49565e-09 -7.24202e-08 1.25731e-16 4.63655e-17 1.72892e-16 7.97965e-17 2.31226e-16 1.29518e-16 2.70904e-16 1.67093e-16 3.01634e-16 1.97668e-16 3.26888e-16 2.23604e-16 3.4857e-16 2.46208e-16 3.67504e-16 2.66288e-16 3.84598e-16 2.84384e-16 3.99786e-16 3.00876e-16 4.13904e-16 3.16039e-16 4.26923e-16 3.30084e-16 4.3912e-16 3.43175e-16 4.50178e-16 3.55438e-16 4.60832e-16 3.6698e-16 4.70925e-16 3.77882e-16 4.80297e-16 3.88218e-16 4.89395e-16 3.98045e-16 4.97911e-16 4.07416e-16 5.05841e-16 4.16372e-16 5.13789e-16 4.24948e-16 5.21451e-16 4.33181e-16 5.28515e-16 4.41097e-16 5.35593e-16 4.48719e-16 5.42068e-16 4.56072e-16 5.48555e-16 4.63174e-16 5.55053e-16 4.7004e-16 5.60942e-16 4.76691e-16 5.6684e-16 4.83138e-16 5.72435e-16 4.89395e-16 5.78039e-16 4.9547e-16 5.8365e-16 5.01378e-16 5.88644e-16 5.07127e-16 5.93957e-16 5.12726e-16 5.98963e-16 5.18181e-16 6.03662e-16 5.23502e-16 6.08365e-16 5.28696e-16 6.13074e-16 5.33768e-16 6.17473e-16 5.38724e-16 6.22191e-16 5.43568e-16 6.26284e-16 5.48309e-16
166.23 1.06353e-19 1.06353e-19 3.34045e-28 3.1409e-09 -1.23142e-07 1.02169e-16 3.79329e-17 1.3887e-16 6.46727e-17 1.83892e-16 1.0392e-16 2.14354e-16 1.33291e-16 2.37877e-16 1.57053e-16 2.5717e-16 1.77133e-16 2.73712e-16 1.94581e-16 2.88141e-16 2.10047e-16 3.01155e-16 2.23959e-16 3.1271e-16 2.3662e-16 3.23444e-16 2.48246e-16 3.33338e-16 2.59002e-16 3.42601e-16 2.69018e-16 3.50996e-16 2.78393e-16 3.59081e-16 2.8721e-16 3.66738e-16 2.95533e-16 3.73845e-16 3.03419e-16 3.80743e-16 3.10912e-16 3.87198e-16 3.18054e-16 3.93207e-16 3.24876e-16 3.99229e-16 3.31407e-16 4.05031e-16 3.37674e-16 4.10381e-16 3.43696e-16 4.1574e-16 3.49493e-16 4.20641e-16 3.55084e-16 4.25551e-16 3.60483e-16 4.30468e-16 3.65701e-16 4.34924e-16 3.70754e-16 4.39386e-16 3.7565e-16 4.43619e-16 3.80401e-16 4.47857e-16 3.85013e-16 4.521e-16 3.89497e-16 4.55876e-16 3.9386e-16 4.59893e-16 3.98108e-16 4.63677e-16 4.02245e-16 4.67229e-16 4.06281e-16 4.70784e-16 4.10219e-16 4.74342e-16 4.14065e-16 4.77666e-16 4.17822e-16 4.81231e-16 4.21493e-16 4.84324e-16 4.25086e-16
174.763 9.70352e-20 9.70352e-20 2.73995e-28 2.82367e-09 -1.63268e-07 8.25469e-17 3.09052e-17 1.10982e-16 5.21929e-17 1.45604e-16 8.30344e-17 1.68914e-16 1.05899e-16 1.86867e-16 1.24297e-16 2.01566e-16 1.39786e-16 2.14152e-16 1.5321e-16 2.25119e-16 1.65083e-16 2.35003e-16 1.75746e-16 2.43773e-16 1.85435e-16 2.51915e-16 1.94322e-16 2.59415e-16 2.02536e-16 2.66435e-16 2.10179e-16 2.72794e-16 2.17326e-16 2.78917e-16 2.24043e-16 2.84713e-16 2.3038e-16 2.90091e-16 2.36381e-16 2.9531e-16 2.4208e-16 3.00192e-16 2.47509e-16 3.04736e-16 2.52694e-16 3.09289e-16 2.57654e-16 3.13675e-16 2.62412e-16 3.17717e-16 2.66984e-16 3.21767e-16 2.71383e-16 3.2547e-16 2.75624e-16 3.29179e-16 2.79718e-16 3.32893e-16 2.83675e-16 3.36257e-16 2.87505e-16 3.39626e-16 2.91215e-16 3.42822e-16 2.94815e-16 3.46021e-16 2.98308e-16 3.49224e-16 3.01705e-16 3.52074e-16 3.05008e-16 3.55105e-16 3.08224e-16 3.57961e-16 3.11356e-16 3.6064e-16 3.1441e-16 3.63322e-16 3.1739e-16 3.66007e-16 3.20299e-16 3.68514e-16 3.23141e-16 3.71203e-16 3.25918e-16 3.73535e-16 3.28635e-16
183.733 8.8473e-20 8.8473e-20 2.24696e-28 2.53972e-09 -1.71796e-07 6.63378e-17 2.50799e-17 8.82824e-17 4.19516e-17 1.14818e-16 6.60873e-17 1.32604e-16 8.38197e-17 1.4627e-16 9.80148e-17 1.5744e-16 1.09924e-16 1.66993e-16 1.20218e-16 1.7531e-16 1.29306e-16 1.828e-16 1.37455e-16 1.89442e-16 1.4485e-16 1.95604e-16 1.51625e-16 2.01278e-16 1.57881e-16 2.06587e-16 1.63697e-16 2.11395e-16 1.69133e-16 2.16021e-16 1.74238e-16 2.204e-16 1.79051e-16 2.24463e-16 1.83607e-16 2.28403e-16 1.87932e-16 2.3209e-16 1.9205e-16 2.35519e-16 1.95981e-16 2.38955e-16 1.9974e-16 2.42265e-16 2.03346e-16 2.45314e-16 2.06808e-16 2.48369e-16 2.10139e-16 2.51162e-16 2.1335e-16 2.53958e-16 2.16448e-16 2.56758e-16 2.19442e-16 2.59295e-16 2.22339e-16 2.61834e-16 2.25146e-16 2.64243e-16 2.27867e-16 2.66654e-16 2.30509e-16 2.69067e-16 2.33076e-16 2.71215e-16 2.35572e-16 2.73498e-16 2.38002e-16 2.7565e-16 2.40368e-16 2.77668e-16 2.42675e-16 2.79688e-16 2.44926e-16 2.8171e-16 2.47123e-16 2.83598e-16 2.49269e-16 2.85623e-16 2.51365e-16 2.87379e-16 2.53416e-16
193.164 8.06182e-20 8.06182e-20 1.84252e-28 2.28549e-09 -1.77613e-07 5.30473e-17 2.02753e-17 6.9922e-17 3.35906e-17 9.01983e-17 5.24049e-17 1.03734e-16 6.61087e-17 1.14111e-16 7.70254e-17 1.22581e-16 8.61541e-17 1.29816e-16 9.40266e-17 1.36111e-16 1.00963e-16 1.41775e-16 1.07174e-16 1.46795e-16 1.12804e-16 1.5145e-16 1.17957e-16 1.55735e-16 1.22711e-16 1.59743e-16 1.27127e-16 1.6337e-16 1.31251e-16 1.66861e-16 1.35122e-16 1.70163e-16 1.3877e-16 1.73227e-16 1.42222e-16 1.76197e-16 1.45497e-16 1.78976e-16 1.48614e-16 1.8156e-16 1.51588e-16 1.84149e-16 1.54432e-16 1.86642e-16 1.57158e-16 1.88939e-16 1.59776e-16 1.91239e-16 1.62294e-16 1.93342e-16 1.6472e-16 1.95447e-16 1.6706e-16 1.97555e-16 1.69321e-16 1.99465e-16 1.71509e-16 2.01376e-16 1.73627e-16 2.03189e-16 1.75682e-16 2.05003e-16 1.77675e-16 2.06819e-16 1.79612e-16 2.08434e-16 1.81495e-16 2.10152e-16 1.83328e-16 2.1177e-16 1.85113e-16 2.13289e-16 1.86853e-16 2.14808e-16 1.8855e-16 2.16328e-16 1.90206e-16 2.17748e-16 1.91823e-16 2.19271e-16 1.93404e-16 2.20591e-16 1.94949e-16
203.079 7.34234e-20 7.34234e-20 1.51085e-28 2.05772e-09 -1.85336e-07 4.22246e-17 1.63317e-17 5.51584e-17 2.67979e-17 7.06102e-17 4.14108e-17 8.08872e-17 5.1967e-17 8.87499e-17 6.03374e-17 9.51587e-17 6.73156e-17 1.00629e-16 7.33201e-17 1.05383e-16 7.86021e-17 1.09659e-16 8.33247e-17 1.13446e-16 8.76009e-17 1.16957e-16 9.15108e-17 1.20188e-16 9.51154e-17 1.23208e-16 9.84615e-17 1.25941e-16 1.01585e-16 1.2857e-16 1.04515e-16 1.31057e-16 1.07274e-16 1.33364e-16 1.09884e-16 1.356e-16 1.12359e-16 1.37691e-16 1.14714e-16 1.39635e-16 1.16961e-16 1.41583e-16 1.19108e-16 1.43458e-16 1.21166e-16 1.45186e-16 1.23142e-16 1.46916e-16 1.25041e-16 1.48497e-16 1.26871e-16 1.5008e-16 1.28636e-16 1.51665e-16 1.30341e-16 1.531e-16 1.3199e-16 1.54536e-16 1.33587e-16 1.55899e-16 1.35135e-16 1.57262e-16 1.36637e-16 1.58626e-16 1.38096e-16 1.5984e-16 1.39515e-16 1.61131e-16 1.40895e-16 1.62347e-16 1.42239e-16 1.63487e-16 1.43549e-16 1.64628e-16 1.44827e-16 1.6577e-16 1.46074e-16 1.66837e-16 1.47291e-16 1.6798e-16 1.4848e-16 1.68971e-16 1.49644e-16
213.503 6.68263e-20 6.68263e-20 1.23841e-28 1.85318e-09 -2.33459e-07 3.34587e-17 1.31062e-17 4.33406e-17 2.12999e-17 5.50843e-17 3.26085e-17 6.28687e-17 4.07137e-17 6.88134e-17 4.71128e-17 7.3653e-17 5.24324e-17 7.77797e-17 5.70003e-17 8.13643e-17 6.10122e-17 8.45863e-17 6.45946e-17 8.74389e-17 6.78351e-17 9.00823e-17 7.07955e-17 9.25136e-17 7.35227e-17 9.47859e-17 7.60527e-17 9.68417e-17 7.84127e-17 9.88189e-17 8.06258e-17 1.00689e-16 8.27092e-17 1.02422e-16 8.46787e-17 1.04103e-16 8.6546e-17 1.05674e-16 8.83222e-17 1.07135e-16 9.00159e-17 1.08598e-16 9.16344e-17 1.10006e-16 9.31851e-17 1.11304e-16 9.46733e-17 1.12603e-16 9.61038e-17 1.1379e-16 9.74818e-17 1.14979e-16 9.88107e-17 1.16168e-16 1.00094e-16 1.17245e-16 1.01335e-16 1.18324e-16 1.02537e-16 1.19346e-16 1.03701e-16 1.20369e-16 1.04831e-16 1.21393e-16 1.05929e-16 1.22304e-16 1.06995e-16 1.23272e-16 1.08033e-16 1.24184e-16 1.09044e-16 1.25039e-16 1.10029e-16 1.25895e-16 1.10989e-16 1.26752e-16 1.11926e-16 1.27552e-16 1.12841e-16 1.28409e-16 1.13735e-16 1.29153e-16 1.14609e-16
224.463 6.07985e-20 6.07985e-20 1.01525e-28 1.66987e-09 -2.18624e-07 2.64071e-17 1.04825e-17 3.3937e-17 1.6874e-17 4.28428e-17 2.55975e-17 4.87278e-17 3.18035e-17 5.32145e-17 3.66833e-17 5.68631e-17 4.0729e-17 5.99717e-17 4.41965e-17 6.26702e-17 4.72374e-17 6.50946e-17 4.99497e-17 6.72401e-17 5.24007e-17 6.92275e-17 5.46381e-17 7.10548e-17 5.66978e-17 7.27622e-17 5.86075e-17 7.43066e-17 6.0388e-17 7.57915e-17 6.20568e-17 7.71955e-17 6.36272e-17 7.8497e-17 6.51112e-17 7.97584e-17 6.65177e-17 8.09376e-17 6.78552e-17 8.20339e-17 6.91303e-17 8.31317e-17 7.03484e-17 8.41884e-17 7.15152e-17 8.51617e-17 7.26348e-17 8.6136e-17 7.37107e-17 8.70265e-17 7.47468e-17 8.79177e-17 7.5746e-17 8.88097e-17 7.67105e-17 8.96175e-17 7.76434e-17 9.04258e-17 7.85464e-17 9.11922e-17 7.94215e-17 9.19591e-17 8.02703e-17 9.27266e-17 8.10947e-17 9.34092e-17 8.1896e-17 9.41349e-17 8.26756e-17 9.48183e-17 8.34342e-17 9.54594e-17 8.41737e-17 9.61008e-17 8.48947e-17 9.67426e-17 8.55982e-17 9.73419e-17 8.62851e-17 9.79843e-17 8.69558e-17 9.85413e-17 8.76117e-17
235.984 5.52848e-20 5.52848e-20 8.32045e-29 1.50501e-09 -2.31107e-07 2.07602e-17 8.3552e-18 2.64828e-17 1.33228e-17 3.32215e-17 2.00309e-17 3.76621e-17 2.47695e-17 4.10423e-17 2.84814e-17 4.37884e-17 3.15512e-17 4.61264e-17 3.41775e-17 4.81547e-17 3.64777e-17 4.99761e-17 3.8527e-17 5.15874e-17 4.03774e-17 5.30795e-17 4.20652e-17 5.4451e-17 4.3618e-17 5.57321e-17 4.5057e-17 5.68908e-17 4.63979e-17 5.80045e-17 4.76542e-17 5.90574e-17 4.8836e-17 6.00332e-17 4.99524e-17 6.09789e-17 5.10102e-17 6.18628e-17 5.20158e-17 6.26845e-17 5.29742e-17 6.35071e-17 5.38896e-17 6.42989e-17 5.47663e-17 6.50282e-17 5.56073e-17 6.57581e-17 5.64153e-17 6.64251e-17 5.71934e-17 6.70926e-17 5.79435e-17 6.77607e-17 5.86675e-17 6.83657e-17 5.93677e-17 6.8971e-17 6.00454e-17 6.95449e-17 6.0702e-17 7.01191e-17 6.13388e-17 7.06937e-17 6.19573e-17 7.12047e-17 6.25584e-17 7.1748e-17 6.3143e-17 7.22596e-17 6.3712e-17 7.27395e-17 6.42665e-17 7.32196e-17 6.48071e-17 7.36999e-17 6.53345e-17 7.41484e-17 6.58495e-17 7.46292e-17 6.63523e-17 7.5046e-17 6.68439e-17
248.097 5.0249e-20 5.0249e-20 6.8183e-29 1.3569e-09 -2.28769e-07 1.6262e-17 6.63791e-18 2.06009e-17 1.04858e-17 2.56899e-17 1.5629e-17 2.90348e-17 1.92381e-17 3.15775e-17 2.20551e-17 3.36412e-17 2.43795e-17 3.53971e-17 2.63649e-17 3.69196e-17 2.81015e-17 3.82862e-17 2.96472e-17 3.94948e-17 3.10417e-17 4.06136e-17 3.23129e-17 4.16417e-17 3.34817e-17 4.26019e-17 3.45642e-17 4.34701e-17 3.55726e-17 4.43045e-17 3.6517e-17 4.50931e-17 3.74051e-17 4.58239e-17 3.82438e-17 4.65321e-17 3.90382e-17 4.71939e-17 3.97932e-17 4.78091e-17 4.05126e-17 4.84249e-17 4.11997e-17 4.90176e-17 4.18574e-17 4.95634e-17 4.24883e-17 5.01096e-17 4.30944e-17 5.06087e-17 4.36779e-17 5.11082e-17 4.42404e-17 5.16081e-17 4.47833e-17 5.20607e-17 4.53082e-17 5.25135e-17 4.58161e-17 5.29428e-17 4.63083e-17 5.33723e-17 4.67854e-17 5.38021e-17 4.72489e-17 5.41843e-17 4.76992e-17 5.45906e-17 4.81372e-17 5.49732e-17 4.85634e-17 5.53321e-17 4.89788e-17 5.56911e-17 4.93837e-17 5.60502e-17 4.97787e-17 5.63856e-17 5.01642e-17 5.6745e-17 5.05407e-17 5.70567e-17 5.09088e-17
260.832 4.5653e-20 4.5653e-20 5.58667e-29 1.22373e-09 -2.44501e-07 1.26954e-17 5.25694e-18 1.59781e-17 8.22788e-18 1.98143e-17 1.21604e-17 2.23299e-17 1.49028e-17 2.42398e-17 1.70363e-17 2.57887e-17 1.87928e-17 2.71056e-17 2.02909e-17 2.82471e-17 2.15998e-17 2.92712e-17 2.27638e-17 3.01767e-17 2.38131e-17 3.10146e-17 2.4769e-17 3.17845e-17 2.56474e-17 3.25033e-17 2.64607e-17 3.31531e-17 2.7218e-17 3.37775e-17 2.79269e-17 3.43677e-17 2.85934e-17 3.49145e-17 2.92226e-17 3.54442e-17 2.98184e-17 3.59392e-17 3.03846e-17 3.63993e-17 3.0924e-17 3.68599e-17 3.1439e-17 3.73031e-17 3.1932e-17 3.77111e-17 3.24047e-17 3.81195e-17 3.28588e-17 3.84927e-17 3.32959e-17 3.88661e-17 3.37172e-17 3.92397e-17 3.41237e-17 3.9578e-17 3.45168e-17 3.99164e-17 3.48971e-17 4.02373e-17 3.52655e-17 4.05583e-17 3.56227e-17 4.08794e-17 3.59696e-17 4.1165e-17 3.63067e-17 4.14686e-17 3.66344e-17 4.17545e-17 3.69534e-17 4.20226e-17 3.72641e-17 4.22908e-17 3.75671e-17 4.25591e-17 3.78626e-17 4.28096e-17 3.8151e-17 4.30782e-17 3.84327e-17 4.3311e-17 3.8708e-17
274.221 4.14646e-20 4.14646e-20 4.57751e-29 1.10396e-09 -1.95187e-07 9.88038e-18 4.15088e-18 1.23593e-17 6.43795e-18 1.52466e-17 9.43734e-18 1.7136e-17 1.15168e-17 1.85688e-17 1.31295e-17 1.97298e-17 1.44547e-17 2.07166e-17 1.55833e-17 2.15714e-17 1.65683e-17 2.23381e-17 1.74435e-17 2.30157e-17 1.8232e-17 2.36427e-17 1.89499e-17 2.42186e-17 1.96093e-17 2.47563e-17 2.02195e-17 2.52422e-17 2.07875e-17 2.57091e-17 2.13191e-17 2.61503e-17 2.18187e-17 2.6559e-17 2.22902e-17 2.6955e-17 2.27367e-17 2.73249e-17 2.31608e-17 2.76687e-17 2.35648e-17 2.80129e-17 2.39504e-17 2.8344e-17 2.43194e-17 2.86489e-17 2.46733e-17 2.8954e-17 2.50132e-17 2.92327e-17 2.53403e-17 2.95116e-17 2.56555e-17 2.97907e-17 2.59597e-17 3.00433e-17 2.62537e-17 3.02961e-17 2.65382e-17 3.05357e-17 2.68138e-17 3.07754e-17 2.70809e-17 3.10152e-17 2.73403e-17 3.12284e-17 2.75924e-17 3.14551e-17 2.78375e-17 3.16685e-17 2.80759e-17 3.18687e-17 2.83082e-17 3.20689e-17 2.85347e-17 3.22692e-17 2.87556e-17 3.24562e-17 2.89712e-17 3.26567e-17 2.91817e-17 3.28305e-17 2.93874e-17
288.297 3.76478e-20 3.76478e-20 3.75038e-29 9.96176e-10 -2.23172e-07 7.66687e-18 3.26795e-18 9.53546e-18 5.02352e-18 1.17054e-17 7.30576e-18 1.31226e-17 8.87933e-18 1.41962e-17 1.00962e-17 1.50656e-17 1.10944e-17 1.58041e-17 1.19433e-17 1.64436e-17 1.26836e-17 1.7017e-17 1.33408e-17 1.75237e-17 1.39325e-17 1.79924e-17 1.4471e-17 1.84228e-17 1.49654e-17 1.88246e-17 1.54227e-17 1.91877e-17 1.58482e-17 1.95365e-17 1.62464e-17 1.9866e-17 1.66205e-17 2.01713e-17 1.69735e-17 2.0467e-17 1.73076e-17 2.07432e-17 1.7625e-17 2.09999e-17 1.79272e-17 2.12569e-17 1.82156e-17 2.15041e-17 1.84917e-17 2.17317e-17 1.87563e-17 2.19594e-17 1.90105e-17 2.21674e-17 1.9255e-17 2.23756e-17 1.94907e-17 2.25839e-17 1.97181e-17 2.27724e-17 1.99378e-17 2.2961e-17 2.01504e-17 2.31398e-17 2.03564e-17 2.33187e-17 2.0556e-17 2.34976e-17 2.07498e-17 2.36567e-17 2.09381e-17 2.38258e-17 2.11212e-17 2.39851e-17 2.12993e-17 2.41344e-17 2.14728e-17 2.42838e-17 2.1642e-17 2.44332e-17 2.18069e-17 2.45727e-17 2.1968e-17 2.47222e-17 2.21251e-17 2.48518e-17 2.22788e-17
303.095 3.41694e-20 3.41694e-20 3.07217e-29 8.99101e-10 -2.44317e-07 5.93242e-18 2.56539e-18 7.33856e-18 3.90926e-18 8.96702e-18 5.64186e-18 1.00287e-17 6.83035e-18 1.08323e-17 7.74702e-18 1.14826e-17 8.49765e-18 1.20347e-17 9.13533e-18 1.25127e-17 9.69085e-18 1.29411e-17 1.01837e-17 1.33196e-17 1.06272e-17 1.36696e-17 1.10306e-17 1.3991e-17 1.14008e-17 1.4291e-17 1.17432e-17 1.4562e-17 1.20616e-17 1.48224e-17 1.23595e-17 1.50683e-17 1.26393e-17 1.52961e-17 1.29033e-17 1.55168e-17 1.31531e-17 1.57229e-17 1.33904e-17 1.59144e-17 1.36162e-17 1.61061e-17 1.38318e-17 1.62905e-17 1.40381e-17 1.64602e-17 1.42358e-17 1.66301e-17 1.44256e-17 1.67853e-17 1.46083e-17 1.69405e-17 1.47843e-17 1.70958e-17 1.49541e-17 1.72364e-17 1.51182e-17 1.73771e-17 1.5277e-17 1.75104e-17 1.54307e-17 1.76437e-17 1.55798e-17 1.77771e-17 1.57244e-17 1.78958e-17 1.5865e-17 1.80218e-17 1.60016e-17 1.81406e-17 1.61346e-17 1.82519e-17 1.62641e-17 1.83632e-17 1.63903e-17 1.84746e-17 1.65134e-17 1.85786e-17 1.66336e-17 1.869e-17 1.67509e-17 1.87867e-17 1.68655e-17
318.653 3.10041e-20 3.10041e-20 2.51653e-29 8.11675e-10 -2.16895e-07 4.57857e-18 2.00844e-18 5.63518e-18 3.03458e-18 6.85581e-18 4.34723e-18 7.65036e-18 5.24337e-18 8.25121e-18 5.93287e-18 8.73719e-18 6.4966e-18 9.14963e-18 6.97498e-18 9.50656e-18 7.39138e-18 9.82643e-18 7.76058e-18 1.01089e-17 8.09263e-18 1.03701e-17 8.39451e-18 1.061e-17 8.67147e-18 1.08337e-17 8.9275e-18 1.10359e-17 9.16559e-18 1.12301e-17 9.38825e-18 1.14135e-17 9.59735e-18 1.15834e-17 9.79459e-18 1.17479e-17 9.98122e-18 1.19016e-17 1.01584e-17 1.20444e-17 1.03271e-17 1.21873e-17 1.04881e-17 1.23248e-17 1.06421e-17 1.24513e-17 1.07897e-17 1.25779e-17 1.09314e-17 1.26936e-17 1.10678e-17 1.28093e-17 1.11991e-17 1.29251e-17 1.13258e-17 1.30298e-17 1.14483e-17 1.31346e-17 1.15667e-17 1.3234e-17 1.16814e-17 1.33334e-17 1.17926e-17 1.34328e-17 1.19005e-17 1.35211e-17 1.20054e-17 1.36151e-17 1.21073e-17 1.37035e-17 1.22065e-17 1.37865e-17 1.2303e-17 1.38694e-17 1.23972e-17 1.39524e-17 1.2489e-17 1.40299e-17 1.25786e-17 1.41129e-17 1.2666e-17 1.41849e-17 1.27515e-17
335.009 2.81259e-20 2.81259e-20 2.06146e-29 7.32939e-10 -2.77935e-07 3.52526e-18 1.56836e-18 4.31819e-18 2.35006e-18 5.23214e-18 3.3427e-18 5.82621e-18 4.01736e-18 6.2751e-18 4.53529e-18 6.63799e-18 4.95814e-18 6.94584e-18 5.31661e-18 7.21219e-18 5.6284e-18 7.45082e-18 5.90469e-18 7.66154e-18 6.15306e-18 7.85635e-18 6.37877e-18 8.03518e-18 6.58578e-18 8.20202e-18 6.7771e-18 8.35274e-18 6.95496e-18 8.49749e-18 7.12125e-18 8.6342e-18 7.27739e-18 8.76081e-18 7.42465e-18 8.88343e-18 7.56396e-18 8.99794e-18 7.69622e-18 9.10434e-18 7.82211e-18 9.21081e-18 7.94222e-18 9.31323e-18 8.05712e-18 9.4075e-18 8.16724e-18 9.50182e-18 8.27294e-18 9.58798e-18 8.37464e-18 9.67417e-18 8.47261e-18 9.76039e-18 8.5671e-18 9.83843e-18 8.65841e-18 9.9165e-18 8.74673e-18 9.99049e-18 8.83226e-18 1.00645e-17 8.91514e-18 1.01385e-17 8.9956e-18 1.02044e-17 9.07375e-18 1.02743e-17 9.14974e-18 1.03402e-17 9.22364e-18 1.04019e-17 9.29563e-18 1.04637e-17 9.36579e-18 1.05255e-17 9.43421e-18 1.05832e-17 9.50098e-18 1.0645e-17 9.56614e-18 1.06986e-17 9.62984e-18
352.205 2.55082e-20 2.55082e-20 1.68856e-29 6.61967e-10 -2.53463e-07 2.70805e-18 1.22161e-18 3.30236e-18 1.81575e-18 3.98597e-18 2.56506e-18 4.42974e-18 3.07225e-18 4.76482e-18 3.46079e-18 5.03558e-18 3.77759e-18 5.26521e-18 4.04592e-18 5.46381e-18 4.27915e-18 5.64172e-18 4.48571e-18 5.79878e-18 4.67131e-18 5.94397e-18 4.83992e-18 6.07723e-18 4.99451e-18 6.20154e-18 5.13735e-18 6.31383e-18 5.27011e-18 6.42166e-18 5.39421e-18 6.5235e-18 5.51071e-18 6.6178e-18 5.62057e-18 6.70912e-18 5.72448e-18 6.79441e-18 5.82312e-18 6.87364e-18 5.917e-18 6.95292e-18 6.00656e-18 7.02918e-18 6.09222e-18 7.09938e-18 6.17432e-18 7.16961e-18 6.25311e-18 7.23375e-18 6.32891e-18 7.29792e-18 6.40193e-18 7.36211e-18 6.47235e-18 7.4202e-18 6.54039e-18 7.47832e-18 6.6062e-18 7.53339e-18 6.66993e-18 7.58848e-18 6.73169e-18 7.64358e-18 6.79163e-18 7.69258e-18 6.84985e-18 7.74465e-18 6.90646e-18 7.79367e-18 6.96151e-18 7.83963e-18 7.01514e-18 7.88561e-18 7.06739e-18 7.93159e-18 7.11835e-18 7.97452e-18 7.16808e-18 8.02053e-18 7.21662e-18 8.06041e-18 7.26406e-18
370.284 2.31297e-20 2.31297e-20 1.38303e-29 5.97947e-10 -2.37485e-07 2.07591e-18 9.49245e-19 2.52086e-18 1.39991e-18 3.03172e-18 1.96462e-18 3.36295e-18 2.34541e-18 3.61291e-18 2.63656e-18 3.81479e-18 2.87367e-18 3.98595e-18 3.07433e-18 4.13396e-18 3.24863e-18 4.26651e-18 3.40293e-18 4.38352e-18 3.54151e-18 4.49166e-18 3.66737e-18 4.59091e-18 3.78274e-18 4.68348e-18 3.8893e-18 4.76709e-18 3.98832e-18 4.84738e-18 4.08087e-18 4.9232e-18 4.16774e-18 4.9934e-18 4.24964e-18 5.06138e-18 4.3271e-18 5.12486e-18 4.40062e-18 5.18384e-18 4.47059e-18 5.24284e-18 4.53733e-18 5.29961e-18 4.60116e-18 5.35185e-18 4.66232e-18 5.40411e-18 4.72102e-18 5.45184e-18 4.77749e-18 5.49959e-18 4.83188e-18 5.54735e-18 4.88433e-18 5.59058e-18 4.93501e-18 5.63383e-18 4.98402e-18 5.6748e-18 5.03148e-18 5.71579e-18 5.07746e-18 5.75679e-18 5.1221e-18 5.79324e-18 5.16545e-18 5.83198e-18 5.2076e-18 5.86844e-18 5.24859e-18 5.90264e-18 5.28851e-18 5.93684e-18 5.32742e-18 5.97105e-18 5.36535e-18 6.00299e-18 5.40237e-18 6.03721e-18 5.4385e-18 6.06687e-18 5.47381e-18
389.291 2.09686e-20 2.09686e-20 1.13268e-29 5.4018e-10 -2.2882e-07 1.58815e-18 7.35897e-19 1.92094e-18 1.07707e-18 2.30239e-18 1.50202e-18 2.54944e-18 1.78756e-18 2.73577e-18 2.0055e-18 2.8862e-18 2.1828e-18 3.01371e-18 2.33272e-18 3.12394e-18 2.46287e-18 3.22264e-18 2.57804e-18 3.30976e-18 2.68144e-18 3.39027e-18 2.77532e-18 3.46414e-18 2.86134e-18 3.53304e-18 2.94079e-18 3.59527e-18 3.0146e-18 3.65502e-18 3.08358e-18 3.71144e-18 3.14831e-18 3.76368e-18 3.20933e-18 3.81426e-18 3.26704e-18 3.86149e-18 3.32181e-18 3.90537e-18 3.37392e-18 3.94926e-18 3.42362e-18 3.99149e-18 3.47115e-18 4.03035e-18 3.5167e-18 4.06922e-18 3.56041e-18 4.10473e-18 3.60245e-18 4.14025e-18 3.64294e-18 4.17577e-18 3.68199e-18 4.20792e-18 3.71971e-18 4.24008e-18 3.75619e-18 4.27056e-18 3.79152e-18 4.30104e-18 3.82575e-18 4.33153e-18 3.85897e-18 4.35864e-18 3.89123e-18 4.38745e-18 3.92259e-18 4.41457e-18 3.9531e-18 4.43999e-18 3.98281e-18 4.46543e-18 4.01175e-18 4.49087e-18 4.03998e-18 4.51461e-18 4.06753e-18 4.54006e-18 4.09441e-18 4.56211e-18 4.12068e-18
409.273 1.90055e-20 1.90055e-20 9.27649e-30 4.88095e-10 -1.47457e-07 1.21269e-18 5.69219e-19 1.46136e-18 8.27029e-19 1.74595e-18 1.14636e-18 1.93009e-18 1.36023e-18 2.06889e-18 1.5232e-18 2.18092e-18 1.65565e-18 2.27585e-18 1.76757e-18 2.3579e-18 1.86468e-18 2.43137e-18 1.95058e-18 2.49619e-18 2.02767e-18 2.5561e-18 2.09765e-18 2.61106e-18 2.16176e-18 2.66232e-18 2.22095e-18 2.70861e-18 2.27593e-18 2.75305e-18 2.32731e-18 2.79501e-18 2.37552e-18 2.83387e-18 2.42095e-18 2.87148e-18 2.46392e-18 2.90661e-18 2.50469e-18 2.93924e-18 2.54348e-18 2.97188e-18 2.58048e-18 3.00327e-18 2.61586e-18 3.03217e-18 2.64975e-18 3.06107e-18 2.68228e-18 3.08747e-18 2.71357e-18 3.11388e-18 2.7437e-18 3.14029e-18 2.77275e-18 3.16419e-18 2.80082e-18 3.1881e-18 2.82796e-18 3.21076e-18 2.85424e-18 3.23342e-18 2.8797e-18 3.25608e-18 2.90441e-18 3.27624e-18 2.92841e-18 3.29765e-18 2.95174e-18 3.31781e-18 2.97443e-18 3.33671e-18 2.99653e-18 3.35561e-18 3.01806e-18 3.37452e-18 3.03905e-18 3.39217e-18 3.05954e-18 3.41108e-18 3.07953e-18 3.42748e-18 3.09907e-18
430.281 1.72235e-20 1.72235e-20 7.597e-30 4.41083e-10 -2.24501e-07 9.24387e-19 4.39364e-19 1.11004e-18 6.33857e-19 1.32222e-18 8.73512e-19 1.45939e-18 1.03354e-18 1.56274e-18 1.15531e-18 1.64613e-18 1.25418e-18 1.71677e-18 1.33767e-18 1.77782e-18 1.41008e-18 1.83247e-18 1.4741e-18 1.88069e-18 1.53154e-18 1.92524e-18 1.58367e-18 1.96612e-18 1.63142e-18 2.00423e-18 1.6755e-18 2.03865e-18 1.71644e-18 2.0717e-18 1.75468e-18 2.1029e-18 1.79056e-18 2.13178e-18 1.82438e-18 2.15975e-18 1.85636e-18 2.18586e-18 1.8867e-18 2.21011e-18 1.91556e-18 2.23438e-18 1.94308e-18 2.25772e-18 1.9694e-18 2.27919e-18 1.99462e-18 2.30068e-18 2.01881e-18 2.3203e-18 2.04208e-18 2.33992e-18 2.0645e-18 2.35955e-18 2.0861e-18 2.37732e-18 2.10698e-18 2.39508e-18 2.12716e-18 2.41192e-18 2.14671e-18 2.42876e-18 2.16564e-18 2.4456e-18 2.18402e-18 2.46058e-18 2.20186e-18 2.47649e-18 2.21921e-18 2.49147e-18 2.23608e-18 2.50552e-18 2.25251e-18 2.51956e-18 2.26851e-18 2.53361e-18 2.28412e-18 2.54673e-18 2.29935e-18 2.56078e-18 2.31421e-18 2.57296e-18 2.32874e-18
452.368 1.56056e-20 1.56056e-20 6.22073e-30 3.98621e-10 -2.20191e-07 7.03435e-19 3.38429e-19 8.41936e-19 4.8492e-19 1.00002e-18 6.64563e-19 1.10214e-18 7.84188e-19 1.17905e-18 8.75089e-19 1.24108e-18 9.48833e-19 1.29363e-18 1.01107e-18 1.33903e-18 1.06503e-18 1.37966e-18 1.11271e-18 1.41551e-18 1.15549e-18 1.44863e-18 1.1943e-18 1.47902e-18 1.22984e-18 1.50735e-18 1.26265e-18 1.53294e-18 1.29311e-18 1.5575e-18 1.32157e-18 1.58068e-18 1.34826e-18 1.60215e-18 1.37342e-18 1.62293e-18 1.3972e-18 1.64233e-18 1.41977e-18 1.66036e-18 1.44123e-18 1.67838e-18 1.4617e-18 1.69572e-18 1.48127e-18 1.71168e-18 1.50002e-18 1.72764e-18 1.51801e-18 1.74222e-18 1.53531e-18 1.7568e-18 1.55197e-18 1.77138e-18 1.56804e-18 1.78458e-18 1.58356e-18 1.79778e-18 1.59856e-18 1.81029e-18 1.61309e-18 1.8228e-18 1.62716e-18 1.83531e-18 1.64082e-18 1.84643e-18 1.65408e-18 1.85826e-18 1.66697e-18 1.86938e-18 1.67951e-18 1.87981e-18 1.69172e-18 1.89025e-18 1.70362e-18 1.90068e-18 1.71522e-18 1.91043e-18 1.72653e-18 1.92086e-18 1.73758e-18 1.92991e-18 1.74837e-18
475.588 1.41387e-20 1.41387e-20 5.094e-30 3.60286e-10 -2.22475e-07 5.3451e-19 2.60195e-19 6.37769e-19 3.70382e-19 7.55497e-19 5.04904e-19 8.31489e-19 5.94257e-19 8.88697e-19 6.62071e-19 9.34831e-19 7.17043e-19 9.73898e-19 7.63414e-19 1.00765e-18 8.03598e-19 1.03786e-18 8.39103e-19 1.0645e-18 8.70944e-19 1.08912e-18 8.99825e-19 1.1117e-18 9.2627e-19 1.13275e-18 9.50675e-19 1.15176e-18 9.73336e-19 1.17001e-18 9.945e-19 1.18724e-18 1.01435e-18 1.20319e-18 1.03306e-18 1.21863e-18 1.05074e-18 1.23304e-18 1.06752e-18 1.24643e-18 1.08348e-18 1.25982e-18 1.0987e-18 1.2727e-18 1.11325e-18 1.28456e-18 1.12718e-18 1.29641e-18 1.14056e-18 1.30724e-18 1.15341e-18 1.31807e-18 1.1658e-18 1.3289e-18 1.17774e-18 1.33871e-18 1.18927e-18 1.34851e-18 1.20042e-18 1.3578e-18 1.21121e-18 1.36709e-18 1.22167e-18 1.37638e-18 1.23182e-18 1.38465e-18 1.24168e-18 1.39342e-18 1.25126e-18 1.40169e-18 1.26057e-18 1.40944e-18 1.26964e-18 1.41718e-18 1.27848e-18 1.42493e-18 1.2871e-18 1.43217e-18 1.29551e-18 1.43992e-18 1.30371e-18 1.44664e-18 1.31173e-18
500 1.28073e-20 1.28073e-20 4.17107e-30 3.25679e-10 -2.06815e-07 4.05537e-19 1.99661e-19 4.82468e-19 2.82426e-19 5.70088e-19 3.83055e-19 6.26609e-19 4.4974e-19 6.69144e-19 5.00293e-19 7.03437e-19 5.41244e-19 7.32472e-19 5.75772e-19 7.57553e-19 6.05681e-19 7.79997e-19 6.32101e-19 7.99795e-19 6.55789e-19 8.18083e-19 6.77271e-19 8.34857e-19 6.96938e-19 8.50497e-19 7.15085e-19 8.64617e-19 7.31933e-19 8.78171e-19 7.47667e-19 8.90966e-19 7.62425e-19 9.0281e-19 7.7633e-19 9.14277e-19 7.89474e-19 9.24982e-19 8.01942e-19 9.34925e-19 8.13803e-19 9.4487e-19 8.2511e-19 9.54436e-19 8.35921e-19 9.63238e-19 8.46276e-19 9.72042e-19 8.56211e-19 9.80082e-19 8.65765e-19 9.88123e-19 8.74965e-19 9.96166e-19 8.83834e-19 1.00344e-18 8.92401e-19 1.01072e-18 9.00684e-19 1.01762e-18 9.08703e-19 1.02452e-18 9.16472e-19 1.03142e-18 9.2401e-19 1.03755e-18 9.31331e-19 1.04407e-18 9.38446e-19 1.0502e-18 9.45365e-19 1.05596e-18 9.52103e-19 1.06171e-18 9.58667e-19 1.06746e-18 9.65067e-19 1.07283e-18 9.71312e-19 1.07859e-18 9.77406e-19 1.08357e-18 9.83361e-19
525.665 1.16007e-20 1.16007e-20 3.4154e-30 2.94412e-10 -1.86923e-07 3.07287e-19 1.5295e-19 3.64574e-19 2.15045e-19 4.29761e-19 2.90257e-19 4.71785e-19 3.39994e-19 5.03401e-19 3.77659e-19 5.28884e-19 4.08151e-19 5.50458e-19 4.33848e-19 5.69091e-19 4.56101e-19 5.85764e-19 4.75753e-19 6.00469e-19 4.93369e-19 6.14053e-19 5.09342e-19 6.26511e-19 5.23963e-19 6.38126e-19 5.37453e-19 6.48612e-19 5.49976e-19 6.58677e-19 5.6167e-19 6.68178e-19 5.72637e-19 6.76973e-19 5.8297e-19 6.85487e-19 5.92736e-19 6.93435e-19 6.02e-19 7.00818e-19 6.10812e-19 7.08202e-19 6.19212e-19 7.15304e-19 6.27243e-19 7.21839e-19 6.34935e-19 7.28375e-19 6.42315e-19 7.34344e-19 6.49412e-19 7.40313e-19 6.56245e-19 7.46284e-19 6.62832e-19 7.51687e-19 6.69195e-19 7.57091e-19 6.75347e-19 7.62211e-19 6.81303e-19 7.67332e-19 6.87072e-19 7.72453e-19 6.92671e-19 7.77006e-19 6.98107e-19 7.81844e-19 7.0339e-19 7.86398e-19 7.08528e-19 7.90667e-19 7.13532e-19 7.94938e-19 7.18406e-19 7.99208e-19 7.23159e-19 8.03194e-19 7.27795e-19 8.07466e-19 7.3232e-19 8.11168e-19 7.36742e-19
552.648 1.05062e-20 1.05062e-20 2.79646e-30 2.66172e-10 -2.75743e-07 2.32531e-19 1.16964e-19 2.75167e-19 1.63496e-19 3.2364e-19 2.19662e-19 3.54873e-19 2.56731e-19 3.78363e-19 2.84777e-19 3.97294e-19 3.07469e-19 4.13317e-19 3.26585e-19 4.27156e-19 3.43133e-19 4.39537e-19 3.57744e-19 4.50456e-19 3.70839e-19 4.60542e-19 3.82711e-19 4.69792e-19 3.93577e-19 4.78415e-19 4.036e-19 4.862e-19 4.12905e-19 4.93672e-19 4.21592e-19 5.00725e-19 4.2974e-19 5.07254e-19 4.37415e-19 5.13573e-19 4.44669e-19 5.19473e-19 4.51549e-19 5.24953e-19 4.58094e-19 5.30434e-19 4.64332e-19 5.35705e-19 4.70297e-19 5.40555e-19 4.76009e-19 5.45407e-19 4.81489e-19 5.49837e-19 4.86758e-19 5.54267e-19 4.91832e-19 5.58699e-19 4.96723e-19 5.62709e-19 5.01448e-19 5.66719e-19 5.06015e-19 5.70519e-19 5.10437e-19 5.74319e-19 5.1472e-19 5.7812e-19 5.18876e-19 5.81498e-19 5.22912e-19 5.85089e-19 5.26835e-19 5.88468e-19 5.30649e-19 5.91636e-19 5.34363e-19 5.94805e-19 5.37981e-19 5.97974e-19 5.41509e-19 6.00932e-19 5.44951e-19 6.04102e-19 5.4831e-19 6.06849e-19 5.51592e-19
581.015 9.51398e-21 9.51398e-21 2.2895e-30 2.40646e-10 -5.54428e-08 1.75749e-19 8.92993e-20 2.07465e-19 1.24133e-19 2.43496e-19 1.66044e-19 2.66701e-19 1.93655e-19 2.84148e-19 2.14528e-19 2.98206e-19 2.31407e-19 3.10104e-19 2.45621e-19 3.20379e-19 2.57923e-19 3.2957e-19 2.68782e-19 3.37677e-19 2.78512e-19 3.45163e-19 2.87333e-19 3.52029e-19 2.95405e-19 3.5843e-19 3.0285e-19 3.64208e-19 3.09761e-19 3.69753e-19 3.16213e-19 3.74988e-19 3.22264e-19 3.79833e-19 3.27963e-19 3.84523e-19 3.3335e-19 3.88902e-19 3.38459e-19 3.92968e-19 3.43318e-19 3.97036e-19 3.4795e-19 4.00947e-19 3.52378e-19 4.04546e-19 3.56619e-19 4.08146e-19 3.60687e-19 4.11433e-19 3.64599e-19 4.14721e-19 3.68365e-19 4.18009e-19 3.71996e-19 4.20985e-19 3.75503e-19 4.2396e-19 3.78893e-19 4.2678e-19 3.82175e-19 4.29599e-19 3.85354e-19 4.32419e-19 3.88439e-19 4.34926e-19 3.91435e-19 4.3759e-19 3.94346e-19 4.40097e-19 3.97177e-19 4.42448e-19 3.99933e-19 4.44799e-19 4.02619e-19 4.4715e-19 4.05237e-19 4.49345e-19 4.07791e-19 4.51696e-19 4.10284e-19 4.53735e-19 4.12719e-19
610.839 8.61493e-21 8.61493e-21 1.87453e-30 2.17591e-10 -1.00642e-07 1.32686e-19 6.80752e-20 1.5627e-19 9.41274e-20 1.83043e-19 1.2538e-19 2.00279e-19 1.45937e-19 2.13234e-19 1.61464e-19 2.23672e-19 1.74014e-19 2.32505e-19 1.84579e-19 2.40131e-19 1.93721e-19 2.46954e-19 2.01789e-19 2.5297e-19 2.09018e-19 2.58527e-19 2.15569e-19 2.63622e-19 2.21564e-19 2.68372e-19 2.27093e-19 2.7266e-19 2.32225e-19 2.76775e-19 2.37016e-19 2.80659e-19 2.41508e-19 2.84254e-19 2.4574e-19 2.87734e-19 2.49739e-19 2.90983e-19 2.53531e-19 2.94e-19 2.57138e-19 2.97018e-19 2.60577e-19 2.9992e-19 2.63863e-19 3.02591e-19 2.67011e-19 3.05261e-19 2.70031e-19 3.077e-19 2.72934e-19 3.10139e-19 2.75729e-19 3.12579e-19 2.78424e-19 3.14786e-19 2.81026e-19 3.16994e-19 2.83542e-19 3.19085e-19 2.85978e-19 3.21177e-19 2.88337e-19 3.23269e-19 2.90627e-19 3.25129e-19 2.92849e-19 3.27105e-19 2.9501e-19 3.28965e-19 2.9711e-19 3.30709e-19 2.99156e-19 3.32453e-19 3.01149e-19 3.34197e-19 3.03091e-19 3.35825e-19 3.04987e-19 3.37569e-19 3.06836e-19 3.39081e-19 3.08643e-19
642.193 7.80012e-21 7.80012e-21 1.53471e-30 1.96755e-10 -2.57557e-07 1.00067e-19 5.18191e-20 1.17597e-19 7.12862e-20 1.37485e-19 9.45764e-20 1.50283e-19 1.09873e-19 1.59901e-19 1.21419e-19 1.67648e-19 1.30747e-19 1.74204e-19 1.38597e-19 1.79864e-19 1.45388e-19 1.84926e-19 1.5138e-19 1.89391e-19 1.56749e-19 1.93514e-19 1.61614e-19 1.97294e-19 1.66065e-19 2.00818e-19 1.7017e-19 2.04e-19 1.73979e-19 2.07053e-19 1.77536e-19 2.09934e-19 1.8087e-19 2.12602e-19 1.84011e-19 2.15183e-19 1.86979e-19 2.17593e-19 1.89794e-19 2.19832e-19 1.92471e-19 2.2207e-19 1.95022e-19 2.24223e-19 1.97461e-19 2.26204e-19 1.99797e-19 2.28185e-19 2.02038e-19 2.29994e-19 2.04192e-19 2.31803e-19 2.06267e-19 2.33613e-19 2.08266e-19 2.3525e-19 2.10197e-19 2.36888e-19 2.12064e-19 2.38439e-19 2.13871e-19 2.39991e-19 2.15621e-19 2.41542e-19 2.1732e-19 2.42922e-19 2.18969e-19 2.44387e-19 2.20572e-19 2.45767e-19 2.2213e-19 2.4706e-19 2.23648e-19 2.48354e-19 2.25126e-19 2.49648e-19 2.26568e-19 2.50855e-19 2.27974e-19 2.52149e-19 2.29346e-19 2.5327e-19 2.30686e-19
675.157 7.06203e-21 7.06203e-21 1.25646e-30 1.77917e-10 -3.6361e-07 7.53936e-20 3.9391e-20 8.84191e-20 5.39261e-20 1.03189e-19 7.12728e-20 1.12689e-19 8.26502e-20 1.19827e-19 9.12324e-20 1.25577e-19 9.81634e-20 1.30442e-19 1.03995e-19 1.34641e-19 1.09038e-19 1.38398e-19 1.13488e-19 1.4171e-19 1.17474e-19 1.44769e-19 1.21085e-19 1.47573e-19 1.24389e-19 1.50188e-19 1.27437e-19 1.52547e-19 1.30264e-19 1.54812e-19 1.32903e-19 1.5695e-19 1.35378e-19 1.58928e-19 1.37709e-19 1.60843e-19 1.39911e-19 1.62631e-19 1.42e-19 1.64291e-19 1.43986e-19 1.65951e-19 1.4588e-19 1.67548e-19 1.47689e-19 1.69017e-19 1.49422e-19 1.70487e-19 1.51085e-19 1.71829e-19 1.52683e-19 1.7317e-19 1.54222e-19 1.74512e-19 1.55705e-19 1.75727e-19 1.57138e-19 1.76941e-19 1.58523e-19 1.78092e-19 1.59864e-19 1.79242e-19 1.61162e-19 1.80393e-19 1.62422e-19 1.81416e-19 1.63645e-19 1.82503e-19 1.64834e-19 1.83526e-19 1.6599e-19 1.84485e-19 1.67116e-19 1.85445e-19 1.68213e-19 1.86404e-19 1.69282e-19 1.873e-19 1.70325e-19 1.88259e-19 1.71342e-19 1.89091e-19 1.72337e-19
709.813 6.39309e-21 6.39309e-21 1.02863e-30 1.60897e-10 -3.99227e-07 5.6748e-20 2.99028e-20 6.64232e-20 4.0747e-20 7.7388e-20 5.36596e-20 8.44388e-20 6.21183e-20 8.97358e-20 6.84952e-20 9.40017e-20 7.36432e-20 9.76105e-20 7.79735e-20 1.00726e-19 8.1718e-20 1.03512e-19 8.50212e-20 1.05969e-19 8.79796e-20 1.08238e-19 9.066e-20 1.10318e-19 9.31121e-20 1.12257e-19 9.53733e-20 1.14008e-19 9.74714e-20 1.15687e-19 9.94298e-20 1.17273e-19 1.01266e-19 1.1874e-19 1.02995e-19 1.2016e-19 1.04629e-19 1.21486e-19 1.06179e-19 1.22717e-19 1.07652e-19 1.23948e-19 1.09057e-19 1.25132e-19 1.10399e-19 1.26222e-19 1.11685e-19 1.27311e-19 1.12918e-19 1.28306e-19 1.14103e-19 1.29301e-19 1.15245e-19 1.30296e-19 1.16345e-19 1.31197e-19 1.17408e-19 1.32097e-19 1.18435e-19 1.32951e-19 1.19429e-19 1.33804e-19 1.20392e-19 1.34657e-19 1.21327e-19 1.35416e-19 1.22234e-19 1.36222e-19 1.23116e-19 1.3698e-19 1.23973e-19 1.37692e-19 1.24808e-19 1.38403e-19 1.25621e-19 1.39114e-19 1.26414e-19 1.39778e-19 1.27188e-19 1.4049e-19 1.27942e-19 1.41106e-19 1.2868e-19
746.248 5.78729e-21 5.78729e-21 8.42102e-31 1.45509e-10 2.26268e-07 4.26766e-20 2.26719e-20 4.98613e-20 3.07571e-20 5.79999e-20 4.03647e-20 6.32317e-20 4.66513e-20 6.71615e-20 5.13881e-20 7.03261e-20 5.52108e-20 7.3003e-20 5.84256e-20 7.53138e-20 6.12051e-20 7.73805e-20 6.36566e-20 7.92026e-20 6.58521e-20 8.08852e-20 6.78411e-20 8.2428e-20 6.96605e-20 8.38659e-20 7.13381e-20 8.51638e-20 7.28947e-20 8.64094e-20 7.43476e-20 8.75849e-20 7.57096e-20 8.8673e-20 7.69924e-20 8.97261e-20 7.82045e-20 9.07091e-20 7.93539e-20 9.1622e-20 8.04469e-20 9.2535e-20 8.14886e-20 9.3413e-20 8.24843e-20 9.42208e-20 8.34378e-20 9.50287e-20 8.43524e-20 9.57664e-20 8.52317e-20 9.65042e-20 8.60782e-20 9.72421e-20 8.68942e-20 9.79097e-20 8.76822e-20 9.85774e-20 8.8444e-20 9.92099e-20 8.91814e-20 9.98425e-20 8.98956e-20 1.00475e-19 9.05886e-20 1.01038e-19 9.12615e-20 1.01635e-19 9.19154e-20 1.02198e-19 9.25511e-20 1.02725e-19 9.31702e-20 1.03252e-19 9.37733e-20 1.0378e-19 9.43612e-20 1.04272e-19 9.49348e-20 1.04799e-19 9.54944e-20 1.05256e-19 9.60413e-20
784.553 5.23859e-21 5.23859e-21 6.89384e-31 1.31597e-10 -9.89753e-09 3.20675e-20 1.71689e-20 3.74014e-20 2.31934e-20 4.34408e-20 3.03387e-20 4.73222e-20 3.50093e-20 5.02372e-20 3.85268e-20 5.25843e-20 4.13647e-20 5.45697e-20 4.37508e-20 5.62834e-20 4.58135e-20 5.7816e-20 4.76326e-20 5.91672e-20 4.92615e-20 6.04149e-20 5.07372e-20 6.15588e-20 5.20869e-20 6.2625e-20 5.33314e-20 6.35874e-20 5.4486e-20 6.45109e-20 5.55636e-20 6.53826e-20 5.65739e-20 6.61893e-20 5.75253e-20 6.69701e-20 5.84242e-20 6.76989e-20 5.92767e-20 6.83757e-20 6.00873e-20 6.90526e-20 6.08598e-20 6.97036e-20 6.15982e-20 7.03025e-20 6.23053e-20 7.09015e-20 6.29835e-20 7.14484e-20 6.36356e-20 7.19953e-20 6.42633e-20 7.25424e-20 6.48684e-20 7.30373e-20 6.54527e-20 7.35323e-20 6.60176e-20 7.40012e-20 6.65643e-20 7.44702e-20 6.70939e-20 7.49392e-20 6.76078e-20 7.53561e-20 6.81067e-20 7.57991e-20 6.85915e-20 7.62161e-20 6.90629e-20 7.6607e-20 6.95219e-20 7.69979e-20 6.99691e-20 7.73889e-20 7.0405e-20 7.77538e-20 7.08302e-20 7.81448e-20 7.12452e-20 7.84837e-20 7.16506e-20
824.824 4.74175e-21 4.74175e-21 5.64348e-31 1.19017e-10 -3.67908e-07 2.40773e-20 1.2987e-20 2.80362e-20 1.74736e-20 3.25171e-20 2.27857e-20 3.53962e-20 2.62547e-20 3.75582e-20 2.88662e-20 3.92988e-20 3.09725e-20 4.07711e-20 3.27432e-20 4.20418e-20 3.42737e-20 4.31782e-20 3.56232e-20 4.41801e-20 3.68316e-20 4.51052e-20 3.79262e-20 4.59534e-20 3.89274e-20 4.67439e-20 3.98504e-20 4.74574e-20 4.07067e-20 4.8142e-20 4.15059e-20 4.87883e-20 4.22552e-20 4.93863e-20 4.29607e-20 4.99652e-20 4.36273e-20 5.05055e-20 4.42595e-20 5.10072e-20 4.48606e-20 5.1509e-20 4.54334e-20 5.19916e-20 4.59809e-20 5.24356e-20 4.65052e-20 5.28796e-20 4.70081e-20 5.3285e-20 4.74916e-20 5.36905e-20 4.7957e-20 5.4096e-20 4.84057e-20 5.44629e-20 4.88389e-20 5.48298e-20 4.92577e-20 5.51775e-20 4.96631e-20 5.55251e-20 5.00557e-20 5.58728e-20 5.04367e-20 5.61818e-20 5.08066e-20 5.65102e-20 5.1166e-20 5.68193e-20 5.15155e-20 5.7109e-20 5.18558e-20 5.73988e-20 5.21873e-20 5.76886e-20 5.25105e-20 5.79591e-20 5.28258e-20 5.82489e-20 5.31334e-20 5.85001e-20 5.3434e-20
867.163 4.29185e-21 4.29185e-21 4.61992e-31 1.07644e-10 -2.81759e-07 1.80646e-20 9.81321e-21 2.10024e-20 1.31527e-20 2.43264e-20 1.71005e-20 2.64617e-20 1.96764e-20 2.8065e-20 2.16147e-20 2.93556e-20 2.31777e-20 3.04473e-20 2.44915e-20 3.13894e-20 2.56268e-20 3.2232e-20 2.66279e-20 3.29748e-20 2.75242e-20 3.36606e-20 2.8336e-20 3.42894e-20 2.90785e-20 3.48754e-20 2.9763e-20 3.54043e-20 3.0398e-20 3.59119e-20 3.09907e-20 3.63909e-20 3.15462e-20 3.68342e-20 3.20694e-20 3.72633e-20 3.25637e-20 3.76638e-20 3.30324e-20 3.80358e-20 3.3478e-20 3.84078e-20 3.39028e-20 3.87655e-20 3.43087e-20 3.90946e-20 3.46974e-20 3.94237e-20 3.50703e-20 3.97242e-20 3.54287e-20 4.00248e-20 3.57738e-20 4.03253e-20 3.61064e-20 4.05973e-20 3.64276e-20 4.08692e-20 3.6738e-20 4.11269e-20 3.70386e-20 4.13846e-20 3.73296e-20 4.16423e-20 3.76121e-20 4.18714e-20 3.78863e-20 4.21147e-20 3.81527e-20 4.23438e-20 3.84118e-20 4.25586e-20 3.86641e-20 4.27734e-20 3.89098e-20 4.29882e-20 3.91494e-20 4.31887e-20 3.93831e-20 4.34035e-20 3.96111e-20 4.35897e-20 3.98339e-20
911.674 3.88438e-21 3.88438e-21 3.78182e-31 9.73595e-11 -3.28755e-08 1.35437e-20 7.40726e-21 1.57233e-20 9.89177e-21 1.81887e-20 1.28246e-20 1.9772e-20 1.47368e-20 2.09608e-20 1.61751e-20 2.19177e-20 1.73348e-20 2.2727e-20 1.83093e-20 2.34254e-20 1.91514e-20 2.405e-20 1.98938e-20 2.46006e-20 2.05585e-20 2.5109e-20 2.11605e-20 2.55751e-20 2.1711e-20 2.60095e-20 2.22186e-20 2.64015e-20 2.26894e-20 2.67777e-20 2.31288e-20 2.71328e-20 2.35407e-20 2.74614e-20 2.39286e-20 2.77795e-20 2.4295e-20 2.80763e-20 2.46425e-20 2.8352e-20 2.49729e-20 2.86277e-20 2.52878e-20 2.88928e-20 2.55887e-20 2.91367e-20 2.58769e-20 2.93807e-20 2.61533e-20 2.96034e-20 2.6419e-20 2.98261e-20 2.66748e-20 3.00489e-20 2.69213e-20 3.02505e-20 2.71594e-20 3.0452e-20 2.73895e-20 3.0643e-20 2.76123e-20 3.0834e-20 2.7828e-20 3.1025e-20 2.80374e-20 3.11947e-20 2.82406e-20 3.13751e-20 2.84381e-20 3.15449e-20 2.86302e-20 3.17041e-20 2.88172e-20 3.18633e-20 2.89993e-20 3.20224e-20 2.91769e-20 3.2171e-20 2.93501e-20 3.23302e-20 2.95191e-20 3.24682e-20 2.96843e-20
958.471 3.51554e-21 3.51554e-21 3.09585e-31 8.80619e-11 5.05891e-09 1.01477e-20 5.58584e-21 1.17645e-20 7.43348e-21 1.35928e-20 9.61167e-21 1.47668e-20 1.10309e-20 1.56481e-20 1.2098e-20 1.63574e-20 1.29582e-20 1.69574e-20 1.3681e-20 1.74751e-20 1.43055e-20 1.79381e-20 1.48561e-20 1.83462e-20 1.53489e-20 1.8723e-20 1.57953e-20 1.90685e-20 1.62035e-20 1.93905e-20 1.65798e-20 1.9681e-20 1.69289e-20 1.99599e-20 1.72546e-20 2.0223e-20 1.756e-20 2.04666e-20 1.78475e-20 2.07023e-20 1.81192e-20 2.09223e-20 1.83767e-20 2.11266e-20 1.86216e-20 2.1331e-20 1.8855e-20 2.15274e-20 1.90781e-20 2.17082e-20 1.92917e-20 2.1889e-20 1.94966e-20 2.20541e-20 1.96935e-20 2.22192e-20 1.98831e-20 2.23842e-20 2.00659e-20 2.25336e-20 2.02423e-20 2.2683e-20 2.04129e-20 2.28245e-20 2.0578e-20 2.29661e-20 2.07379e-20 2.31076e-20 2.08931e-20 2.32334e-20 2.10437e-20 2.33671e-20 2.11901e-20 2.34929e-20 2.13325e-20 2.36109e-20 2.1471e-20 2.37288e-20 2.1606e-20 2.38468e-20 2.17377e-20 2.39569e-20 2.1866e-20 2.40749e-20 2.19913e-20 2.41771e-20 2.21137e-20
1007.67 3.18155e-21 3.18155e-21 2.5341e-31 7.965e-11 7.24894e-07 7.59835e-21 4.20834e-21 8.79749e-21 5.58181e-21 1.01531e-20 7.19909e-21 1.10234e-20 8.25215e-21 1.16767e-20 9.04377e-21 1.22026e-20 9.68173e-21 1.26472e-20 1.02177e-20 1.3031e-20 1.06808e-20 1.33741e-20 1.1089e-20 1.36766e-20 1.14544e-20 1.39559e-20 1.17853e-20 1.42119e-20 1.20879e-20 1.44505e-20 1.23669e-20 1.46659e-20 1.26256e-20 1.48725e-20 1.28671e-20 1.50676e-20 1.30935e-20 1.5248e-20 1.33066e-20 1.54227e-20 1.35079e-20 1.55858e-20 1.36989e-20 1.57372e-20 1.38804e-20 1.58886e-20 1.40534e-20 1.60342e-20 1.42187e-20 1.61682e-20 1.4377e-20 1.63021e-20 1.45289e-20 1.64245e-20 1.46748e-20 1.65468e-20 1.48153e-20 1.66691e-20 1.49508e-20 1.67798e-20 1.50816e-20 1.68905e-20 1.5208e-20 1.69954e-20 1.53304e-20 1.71003e-20 1.54489e-20 1.72051e-20 1.55639e-20 1.72984e-20 1.56755e-20 1.73974e-20 1.5784e-20 1.74907e-20 1.58895e-20 1.75781e-20 1.59922e-20 1.76655e-20 1.60922e-20 1.77529e-20 1.61898e-20 1.78345e-20 1.62849e-20 1.79219e-20 1.63777e-20 1.79977e-20 1.64684e-20
1059.39 2.87935e-21 2.87935e-21 2.07451e-31 7.2048e-11 2.91455e-07 5.68642e-21 3.16792e-21 6.57569e-21 4.1886e-21 7.58077e-21 5.38917e-21 8.22596e-21 6.17045e-21 8.71022e-21 6.7576e-21 9.09997e-21 7.2307e-21 9.42955e-21 7.62813e-21 9.71397e-21 7.97147e-21 9.96828e-21 8.27411e-21 1.01925e-20 8.545e-21 1.03994e-20 8.79032e-21 1.05892e-20 9.01464e-21 1.0766e-20 9.22142e-21 1.09256e-20 9.41324e-21 1.10788e-20 9.59222e-21 1.12233e-20 9.76e-21 1.13571e-20 9.91797e-21 1.14865e-20 1.00672e-20 1.16073e-20 1.02087e-20 1.17195e-20 1.03433e-20 1.18317e-20 1.04715e-20 1.19396e-20 1.0594e-20 1.20389e-20 1.07113e-20 1.21382e-20 1.08239e-20 1.22288e-20 1.09321e-20 1.23195e-20 1.10362e-20 1.24101e-20 1.11366e-20 1.24922e-20 1.12335e-20 1.25742e-20 1.13272e-20 1.26519e-20 1.14179e-20 1.27296e-20 1.15057e-20 1.28073e-20 1.15909e-20 1.28764e-20 1.16737e-20 1.29498e-20 1.17541e-20 1.30189e-20 1.18322e-20 1.30837e-20 1.19084e-20 1.31485e-20 1.19825e-20 1.32132e-20 1.20548e-20 1.32737e-20 1.21253e-20 1.33385e-20 1.21941e-20 1.33946e-20 1.22613e-20
1113.77 2.60541e-21 2.60541e-21 1.69781e-31 6.51648e-11 -3.11395e-07 4.25263e-21 2.3824e-21 4.91193e-21 3.14057e-21 5.65693e-21 4.03147e-21 6.13511e-21 4.61093e-21 6.49398e-21 5.0463e-21 6.78281e-21 5.39706e-21 7.02704e-21 5.69168e-21 7.23779e-21 5.94618e-21 7.42624e-21 6.1705e-21 7.59235e-21 6.37128e-21 7.74571e-21 6.5531e-21 7.88631e-21 6.71935e-21 8.01733e-21 6.87259e-21 8.13559e-21 7.01474e-21 8.24905e-21 7.14738e-21 8.35614e-21 7.27171e-21 8.45524e-21 7.38878e-21 8.55115e-21 7.49937e-21 8.64067e-21 7.60423e-21 8.7238e-21 7.70393e-21 8.80694e-21 7.79894e-21 8.88688e-21 7.88974e-21 8.96043e-21 7.97668e-21 9.03399e-21 8.06006e-21 9.10115e-21 8.14022e-21 9.16831e-21 8.21739e-21 9.23548e-21 8.29176e-21 9.29625e-21 8.36358e-21 9.35702e-21 8.433e-21 9.41459e-21 8.5002e-21 9.47217e-21 8.56528e-21 9.52975e-21 8.62842e-21 9.58093e-21 8.68972e-21 9.63532e-21 8.74929e-21 9.6865e-21 8.80721e-21 9.73449e-21 8.8636e-21 9.78248e-21 8.91854e-21 9.83047e-21 8.97209e-21 9.87526e-21 9.02433e-21 9.92325e-21 9.07529e-21 9.96484e-21 9.1251e-21
1170.94 2.3577e-21 2.3577e-21 1.38978e-31 5.89463e-11 5.4061e-07 3.17899e-21 1.79042e-21 3.66779e-21 2.35347e-21 4.22001e-21 3.01451e-21 4.5744e-21 3.44426e-21 4.84036e-21 3.76708e-21 5.0544e-21 4.02711e-21 5.23538e-21 4.24552e-21 5.39156e-21 4.43417e-21 5.5312e-21 4.60044e-21 5.65429e-21 4.74925e-21 5.76793e-21 4.884e-21 5.87211e-21 5.00722e-21 5.96919e-21 5.12079e-21 6.05681e-21 5.22614e-21 6.14089e-21 5.32443e-21 6.22023e-21 5.41657e-21 6.29366e-21 5.50332e-21 6.36473e-21 5.58528e-21 6.43106e-21 5.66298e-21 6.49265e-21 5.73686e-21 6.55425e-21 5.80726e-21 6.61348e-21 5.87455e-21 6.66798e-21 5.93897e-21 6.72247e-21 6.00076e-21 6.77223e-21 6.06016e-21 6.82199e-21 6.11734e-21 6.87176e-21 6.17245e-21 6.91678e-21 6.22566e-21 6.96181e-21 6.27711e-21 7.00447e-21 6.32689e-21 7.04713e-21 6.37512e-21 7.08979e-21 6.4219e-21 7.12771e-21 6.46733e-21 7.168e-21 6.51146e-21 7.20592e-21 6.55438e-21 7.24148e-21 6.59616e-21 7.27703e-21 6.63687e-21 7.31259e-21 6.67654e-21 7.34577e-21 6.71525e-21 7.38133e-21 6.75302e-21 7.41214e-21 6.78992e-21
1231.05 2.13357e-21 2.13357e-21 1.13763e-31 5.33206e-11 8.73212e-08 2.37534e-21 1.34458e-21 2.7377e-21 1.76264e-21 3.147e-21 2.25305e-21 3.40965e-21 2.57174e-21 3.60675e-21 2.81108e-21 3.76536e-21 3.00385e-21 3.89947e-21 3.16575e-21 4.0152e-21 3.30558e-21 4.11867e-21 3.42881e-21 4.20988e-21 3.5391e-21 4.29408e-21 3.63897e-21 4.37127e-21 3.73029e-21 4.44321e-21 3.81446e-21 4.50813e-21 3.89252e-21 4.57043e-21 3.96537e-21 4.62922e-21 4.03365e-21 4.68363e-21 4.09793e-21 4.73628e-21 4.15866e-21 4.78543e-21 4.21625e-21 4.83106e-21 4.27099e-21 4.8767e-21 4.32316e-21 4.92059e-21 4.37302e-21 4.96096e-21 4.42076e-21 5.00134e-21 4.46654e-21 5.03821e-21 4.51055e-21 5.07508e-21 4.55292e-21 5.11195e-21 4.59376e-21 5.14531e-21 4.63319e-21 5.17867e-21 4.67131e-21 5.21028e-21 4.7082e-21 5.24188e-21 4.74393e-21 5.27349e-21 4.77859e-21 5.30158e-21 4.81225e-21 5.33144e-21 4.84496e-21 5.35953e-21 4.87675e-21 5.38587e-21 4.90771e-21 5.41222e-21 4.93787e-21 5.43856e-21 4.96727e-21 5.46315e-21 4.99595e-21 5.48949e-21 5.02393e-21 5.51232e-21 5.05127e-21
1294.24 1.93088e-21 1.93088e-21 9.3143e-32 4.82386e-11 6.0508e-07 1.77417e-21 1.00913e-21 2.04279e-21 1.31949e-21 2.34617e-21 1.68328e-21 2.54083e-21 1.9196e-21 2.68689e-21 2.09705e-21 2.80444e-21 2.23995e-21 2.90382e-21 2.35996e-21 2.98958e-21 2.4636e-21 3.06625e-21 2.55494e-21 3.13384e-21 2.63668e-21 3.19623e-21 2.7107e-21 3.25343e-21 2.77837e-21 3.30673e-21 2.84075e-21 3.35484e-21 2.89861e-21 3.401e-21 2.95259e-21 3.44456e-21 3.00319e-21 3.48487e-21 3.05083e-21 3.52389e-21 3.09583e-21 3.5603e-21 3.1385e-21 3.59412e-21 3.17907e-21 3.62794e-21 3.21773e-21 3.66045e-21 3.25468e-21 3.69037e-21 3.29005e-21 3.72029e-21 3.32398e-21 3.7476e-21 3.35659e-21 3.77492e-21 3.38799e-21 3.80224e-21 3.41825e-21 3.82696e-21 3.44747e-21 3.85168e-21 3.47571e-21 3.87509e-21 3.50305e-21 3.89851e-21 3.52952e-21 3.92193e-21 3.55521e-21 3.94275e-21 3.58015e-21 3.96486e-21 3.60438e-21 3.98568e-21 3.62794e-21 4.0052e-21 3.65088e-21 4.02472e-21 3.67323e-21 4.04423e-21 3.69501e-21 4.06245e-21 3.71626e-21 4.08197e-21 3.73699e-21 4.09888e-21 3.75725e-21
1360.67 1.74721e-21 1.74721e-21 7.62425e-32 4.36367e-11 7.38526e-07 1.32442e-21 7.56778e-22 1.52352e-21 9.87097e-22 1.74834e-21 1.2569e-21 1.89258e-21 1.4321e-21 2.00081e-21 1.56363e-21 2.0879e-21 1.66954e-21 2.16153e-21 1.75848e-21 2.22507e-21 1.83529e-21 2.28188e-21 1.90297e-21 2.33195e-21 1.96355e-21 2.37818e-21 2.0184e-21 2.42056e-21 2.06854e-21 2.46005e-21 2.11476e-21 2.49569e-21 2.15763e-21 2.52989e-21 2.19763e-21 2.56216e-21 2.23512e-21 2.59202e-21 2.27042e-21 2.62093e-21 2.30376e-21 2.64791e-21 2.33538e-21 2.67296e-21 2.36544e-21 2.69801e-21 2.39408e-21 2.7221e-21 2.42145e-21 2.74426e-21 2.44766e-21 2.76643e-21 2.4728e-21 2.78667e-21 2.49696e-21 2.8069e-21 2.52022e-21 2.82714e-21 2.54264e-21 2.84545e-21 2.56429e-21 2.86376e-21 2.58521e-21 2.88111e-21 2.60546e-21 2.89846e-21 2.62508e-21 2.91581e-21 2.64411e-21 2.93123e-21 2.66259e-21 2.94762e-21 2.68054e-21 2.96304e-21 2.69799e-21 2.9775e-21 2.71499e-21 2.99196e-21 2.73155e-21 3.00641e-21 2.74768e-21 3.01991e-21 2.76343e-21 3.03437e-21 2.77879e-21 3.0469e-21 2.7938e-21
1430.51 1.58102e-21 1.58102e-21 6.24134e-32 3.94767e-11 1.10892e-06 9.88292e-22 5.67178e-22 1.13584e-21 7.38073e-22 1.30244e-21 9.38142e-22 1.40932e-21 1.06802e-21 1.48951e-21 1.1655e-21 1.55404e-21 1.244e-21 1.6086e-21 1.30991e-21 1.65567e-21 1.36683e-21 1.69776e-21 1.41699e-21 1.73486e-21 1.46187e-21 1.76911e-21 1.50251e-21 1.8005e-21 1.53967e-21 1.82976e-21 1.57391e-21 1.85616e-21 1.60568e-21 1.8815e-21 1.63531e-21 1.90541e-21 1.66309e-21 1.92753e-21 1.68924e-21 1.94895e-21 1.71395e-21 1.96893e-21 1.73737e-21 1.98749e-21 1.75964e-21 2.00605e-21 1.78086e-21 2.0239e-21 1.80114e-21 2.04032e-21 1.82056e-21 2.05674e-21 1.83918e-21 2.07173e-21 1.85709e-21 2.08672e-21 1.87432e-21 2.10171e-21 1.89093e-21 2.11528e-21 1.90697e-21 2.12884e-21 1.92247e-21 2.1417e-21 1.93747e-21 2.15455e-21 1.952e-21 2.1674e-21 1.9661e-21 2.17882e-21 1.97979e-21 2.19096e-21 1.99309e-21 2.20239e-21 2.00602e-21 2.2131e-21 2.01862e-21 2.22381e-21 2.03088e-21 2.23452e-21 2.04284e-21 2.24452e-21 2.0545e-21 2.25523e-21 2.06588e-21 2.26451e-21 2.077e-21
1503.94 1.4305e-21 1.4305e-21 5.10871e-32 3.57128e-11 4.67439e-07 7.37121e-22 4.2479e-22 8.4646e-22 5.51558e-22 9.69899e-22 6.99888e-22 1.04908e-21 7.96147e-22 1.10849e-21 8.68393e-22 1.15629e-21 9.2656e-22 1.19671e-21 9.75397e-22 1.23158e-21 1.01757e-21 1.26276e-21 1.05473e-21 1.29024e-21 1.08799e-21 1.31561e-21 1.1181e-21 1.33887e-21 1.14562e-21 1.36054e-21 1.171e-21 1.3801e-21 1.19453e-21 1.39887e-21 1.21648e-21 1.41658e-21 1.23706e-21 1.43297e-21 1.25644e-21 1.44883e-21 1.27474e-21 1.46364e-21 1.29209e-21 1.47738e-21 1.30859e-21 1.49113e-21 1.32431e-21 1.50435e-21 1.33933e-21 1.51651e-21 1.35372e-21 1.52868e-21 1.36751e-21 1.53978e-21 1.38077e-21 1.55089e-21 1.39354e-21 1.56199e-21 1.40584e-21 1.57204e-21 1.41772e-21 1.58209e-21 1.42921e-21 1.59161e-21 1.44032e-21 1.60113e-21 1.45109e-21 1.61065e-21 1.46153e-21 1.61911e-21 1.47167e-21 1.6281e-21 1.48152e-21 1.63656e-21 1.4911e-21 1.6445e-21 1.50043e-21 1.65243e-21 1.50952e-21 1.66037e-21 1.51837e-21 1.66777e-21 1.52701e-21 1.6757e-21 1.53544e-21 1.68258e-21 1.54368e-21
1581.14 1.29445e-21 1.29445e-21 4.18198e-32 3.23069e-11 -1.1245e-06 5.49648e-22 3.18004e-22 6.30674e-22 4.12037e-22 7.2214e-22 5.22008e-22 7.80809e-22 5.93356e-22 8.24826e-22 6.46898e-22 8.60243e-22 6.90003e-22 8.90186e-22 7.26192e-22 9.16022e-22 7.57442e-22 9.39121e-22 7.84978e-22 9.59481e-22 8.09618e-22 9.78276e-22 8.31928e-22 9.95506e-22 8.52324e-22 1.01156e-21 8.71122e-22 1.02605e-21 8.88557e-22 1.03995e-21 9.04824e-22 1.05308e-21 9.2007e-22 1.06522e-21 9.34424e-22 1.07697e-21 9.47984e-22 1.08794e-21 9.6084e-22 1.09812e-21 9.73062e-22 1.1083e-21 9.84709e-22 1.1181e-21 9.9584e-22 1.12711e-21 1.0065e-21 1.13612e-21 1.01672e-21 1.14434e-21 1.02654e-21 1.15257e-21 1.036e-21 1.1608e-21 1.04511e-21 1.16824e-21 1.05392e-21 1.17569e-21 1.06242e-21 1.18274e-21 1.07066e-21 1.18979e-21 1.07863e-21 1.19684e-21 1.08637e-21 1.20311e-21 1.09388e-21 1.20977e-21 1.10118e-21 1.21604e-21 1.10828e-21 1.22192e-21 1.11519e-21 1.2278e-21 1.12192e-21 1.23367e-21 1.12848e-21 1.23916e-21 1.13488e-21 1.24504e-21 1.14112e-21 1.25013e-21 1.14722e-21
1662.3 1.17124e-21 1.17124e-21 3.42331e-32 2.92281e-11 -1.55361e-06 4.09679e-22 2.37914e-22 4.69716e-22 3.07649e-22 5.37481e-22 3.89167e-22 5.80946e-22 4.42041e-22 6.13554e-22 4.81717e-22 6.39791e-22 5.13655e-22 6.61972e-22 5.40468e-22 6.81111e-22 5.63621e-22 6.98222e-22 5.84022e-22 7.13304e-22 6.02277e-22 7.27227e-22 6.18805e-22 7.3999e-22 6.33915e-22 7.51883e-22 6.47841e-22 7.62617e-22 6.60757e-22 7.72916e-22 6.72808e-22 7.82635e-22 6.84102e-22 7.91629e-22 6.94736e-22 8.00333e-22 7.04781e-22 8.08457e-22 7.14305e-22 8.16001e-22 7.23358e-22 8.23545e-22 7.31986e-22 8.30799e-22 7.40231e-22 8.37473e-22 7.48126e-22 8.44147e-22 7.55697e-22 8.50241e-22 7.62975e-22 8.56335e-22 7.6998e-22 8.62429e-22 7.76732e-22 8.67943e-22 7.83252e-22 8.73457e-22 7.89554e-22 8.7868e-22 7.95654e-22 8.83904e-22 8.01561e-22 8.89128e-22 8.07293e-22 8.93771e-22 8.12857e-22 8.98705e-22 8.18264e-22 9.03348e-22 8.2352e-22 9.07702e-22 8.28639e-22 9.12055e-22 8.33624e-22 9.16409e-22 8.38485e-22 9.20472e-22 8.43225e-22 9.24826e-22 8.47851e-22 9.28599e-22 8.52371e-22
1747.63 1.05981e-21 1.05981e-21 2.80247e-32 2.64431e-11 -1.43634e-07 3.05273e-22 1.77916e-22 3.49759e-22 2.29628e-22 3.99967e-22 2.90053e-22 4.32168e-22 3.29238e-22 4.56326e-22 3.58637e-22 4.75763e-22 3.82303e-22 4.92195e-22 4.0217e-22 5.06374e-22 4.19324e-22 5.19049e-22 4.34439e-22 5.30222e-22 4.47964e-22 5.40536e-22 4.60209e-22 5.49991e-22 4.71403e-22 5.58801e-22 4.8172e-22 5.66752e-22 4.91289e-22 5.74382e-22 5.00217e-22 5.81581e-22 5.08584e-22 5.88244e-22 5.16462e-22 5.94692e-22 5.23903e-22 6.0071e-22 5.30959e-22 6.06298e-22 5.37666e-22 6.11886e-22 5.44057e-22 6.1726e-22 5.50165e-22 6.22204e-22 5.56014e-22 6.27148e-22 5.61622e-22 6.31662e-22 5.67014e-22 6.36176e-22 5.72204e-22 6.4069e-22 5.77205e-22 6.44775e-22 5.82035e-22 6.48859e-22 5.86704e-22 6.52729e-22 5.91222e-22 6.56598e-22 5.95598e-22 6.60468e-22 5.99844e-22 6.63907e-22 6.03966e-22 6.67562e-22 6.07971e-22 6.71002e-22 6.11865e-22 6.74226e-22 6.15657e-22 6.77451e-22 6.1935e-22 6.80676e-22 6.2295e-22 6.83686e-22 6.26462e-22 6.86911e-22 6.29889e-22 6.89706e-22 6.33237e-22
1837.33 9.58917e-22 9.58917e-22 2.29389e-32 2.39217e-11 -3.17941e-07 2.27388e-22 1.32974e-22 2.60347e-22 1.71314e-22 2.97542e-22 2.16097e-22 3.21397e-22 2.45133e-22 3.39292e-22 2.66916e-22 3.5369e-22 2.8445e-22 3.65863e-22 2.99168e-22 3.76365e-22 3.11876e-22 3.85755e-22 3.23074e-22 3.9403e-22 3.33093e-22 4.0167e-22 3.42164e-22 4.08673e-22 3.50457e-22 4.152e-22 3.58099e-22 4.21089e-22 3.65188e-22 4.2674e-22 3.71801e-22 4.32073e-22 3.77999e-22 4.37008e-22 3.83835e-22 4.41784e-22 3.89347e-22 4.46242e-22 3.94573e-22 4.50381e-22 3.99541e-22 4.5452e-22 4.04276e-22 4.58501e-22 4.088e-22 4.62163e-22 4.13132e-22 4.65825e-22 4.17287e-22 4.69168e-22 4.2128e-22 4.72512e-22 4.25125e-22 4.75855e-22 4.2883e-22 4.78881e-22 4.32407e-22 4.81906e-22 4.35865e-22 4.84772e-22 4.39212e-22 4.87638e-22 4.42454e-22 4.90504e-22 4.45599e-22 4.93052e-22 4.48652e-22 4.95759e-22 4.51619e-22 4.98307e-22 4.54503e-22 5.00695e-22 4.57311e-22 5.03084e-22 4.60047e-22 5.05473e-22 4.62714e-22 5.07702e-22 4.65315e-22 5.10091e-22 4.67853e-22 5.12161e-22 4.70333e-22
1931.64 8.67703e-22 8.67703e-22 1.87798e-32 2.16432e-11 -4.91476e-08 1.6934e-22 9.93485e-23 1.9376e-22 1.27774e-22 2.21317e-22 1.60965e-22 2.3899e-22 1.82481e-22 2.52247e-22 1.98622e-22 2.62913e-22 2.11612e-22 2.71931e-22 2.22517e-22 2.79711e-22 2.31933e-22 2.86666e-22 2.40228e-22 2.92797e-22 2.47651e-22 2.98456e-22 2.54371e-22 3.03644e-22 2.60515e-22 3.08479e-22 2.66177e-22 3.12842e-22 2.71428e-22 3.17028e-22 2.76327e-22 3.20978e-22 2.80919e-22 3.24634e-22 2.85242e-22 3.28172e-22 2.89325e-22 3.31474e-22 2.93197e-22 3.3454e-22 2.96878e-22 3.37606e-22 3.00385e-22 3.40555e-22 3.03737e-22 3.43267e-22 3.06946e-22 3.4598e-22 3.10023e-22 3.48457e-22 3.12982e-22 3.50934e-22 3.15829e-22 3.5341e-22 3.18574e-22 3.55651e-22 3.21224e-22 3.57892e-22 3.23786e-22 3.60015e-22 3.26265e-22 3.62139e-22 3.28666e-22 3.64262e-22 3.30996e-22 3.66149e-22 3.33258e-22 3.68154e-22 3.35456e-22 3.70041e-22 3.37592e-22 3.71811e-22 3.39673e-22 3.7358e-22 3.41699e-22 3.75349e-22 3.43674e-22 3.77001e-22 3.45601e-22 3.7877e-22 3.47482e-22 3.80304e-22 3.49319e-22
2030.79 7.85109e-22 7.85109e-22 1.53731e-32 1.95808e-11 -3.20997e-07 1.26068e-22 7.41885e-23 1.44159e-22 9.52598e-23 1.64574e-22 1.19856e-22 1.77665e-22 1.35798e-22 1.87485e-22 1.47757e-22 1.95386e-22 1.57381e-22 2.02066e-22 1.65459e-22 2.07829e-22 1.72434e-22 2.12981e-22 1.7858e-22 2.17522e-22 1.84079e-22 2.21714e-22 1.89057e-22 2.25557e-22 1.93608e-22 2.29138e-22 1.97802e-22 2.32369e-22 2.01692e-22 2.3547e-22 2.05321e-22 2.38396e-22 2.08722e-22 2.41104e-22 2.11924e-22 2.43725e-22 2.14949e-22 2.4617e-22 2.17817e-22 2.48442e-22 2.20543e-22 2.50713e-22 2.23141e-22 2.52897e-22 2.25624e-22 2.54906e-22 2.28001e-22 2.56915e-22 2.30281e-22 2.5875e-22 2.32472e-22 2.60584e-22 2.34581e-22 2.62419e-22 2.36614e-22 2.64079e-22 2.38577e-22 2.65739e-22 2.40475e-22 2.67311e-22 2.42311e-22 2.68884e-22 2.4409e-22 2.70456e-22 2.45816e-22 2.71854e-22 2.47491e-22 2.73339e-22 2.49119e-22 2.74737e-22 2.50701e-22 2.76048e-22 2.52242e-22 2.77358e-22 2.53743e-22 2.78669e-22 2.55207e-22 2.79892e-22 2.56634e-22 2.81203e-22 2.58027e-22 2.82338e-22 2.59387e-22
2135.03 7.10383e-22 7.10383e-22 1.25844e-32 1.7715e-11 6.103e-07 9.38289e-23 5.53778e-23 1.07232e-22 7.09964e-23 1.22355e-22 8.9223e-23 1.32052e-22 1.01035e-22 1.39326e-22 1.09894e-22 1.45179e-22 1.17024e-22 1.50127e-22 1.23009e-22 1.54396e-22 1.28176e-22 1.58212e-22 1.32728e-22 1.61576e-22 1.36801e-22 1.64681e-22 1.40489e-22 1.67527e-22 1.4386e-22 1.7018e-22 1.46967e-22 1.72573e-22 1.49849e-22 1.7487e-22 1.52537e-22 1.77037e-22 1.55056e-22 1.79043e-22 1.57428e-22 1.80984e-22 1.59669e-22 1.82796e-22 1.61793e-22 1.84478e-22 1.63813e-22 1.8616e-22 1.65737e-22 1.87778e-22 1.67576e-22 1.89266e-22 1.69337e-22 1.90754e-22 1.71025e-22 1.92113e-22 1.72649e-22 1.93472e-22 1.74211e-22 1.94831e-22 1.75717e-22 1.9606e-22 1.77171e-22 1.9729e-22 1.78576e-22 1.98455e-22 1.79937e-22 1.99619e-22 1.81254e-22 2.00784e-22 1.82532e-22 2.01819e-22 1.83773e-22 2.0292e-22 1.84979e-22 2.03955e-22 1.86151e-22 2.04926e-22 1.87293e-22 2.05896e-22 1.88404e-22 2.06867e-22 1.89488e-22 2.07773e-22 1.90546e-22 2.08744e-22 1.91577e-22 2.09585e-22 1.92585e-22
2244.63 6.42722e-22 6.42722e-22 1.03004e-32 1.60262e-11 -1.08704e-06 6.98122e-23 4.13176e-23 7.97405e-23 5.28928e-23 9.09423e-23 6.63974e-23 9.81252e-23 7.51479e-23 1.03513e-22 8.17108e-23 1.07848e-22 8.69924e-23 1.11513e-22 9.14255e-23 1.14675e-22 9.52529e-23 1.17501e-22 9.8625e-23 1.19993e-22 1.01642e-22 1.22292e-22 1.04374e-22 1.24401e-22 1.06871e-22 1.26365e-22 1.09172e-22 1.28138e-22 1.11306e-22 1.29839e-22 1.13297e-22 1.31444e-22 1.15163e-22 1.3293e-22 1.1692e-22 1.34367e-22 1.1858e-22 1.35709e-22 1.20153e-22 1.36955e-22 1.21649e-22 1.38201e-22 1.23074e-22 1.39399e-22 1.24436e-22 1.40501e-22 1.2574e-22 1.41604e-22 1.26991e-22 1.4261e-22 1.28193e-22 1.43616e-22 1.2935e-22 1.44623e-22 1.30466e-22 1.45533e-22 1.31543e-22 1.46444e-22 1.32584e-22 1.47307e-22 1.33591e-22 1.48169e-22 1.34567e-22 1.49032e-22 1.35514e-22 1.49799e-22 1.36433e-22 1.50614e-22 1.37326e-22 1.5138e-22 1.38194e-22 1.52099e-22 1.39039e-22 1.52818e-22 1.39863e-22 1.53537e-22 1.40666e-22 1.54208e-22 1.41449e-22 1.54927e-22 1.42213e-22 1.5555e-22 1.42959e-22
2359.84 5.81546e-22 5.81546e-22 8.43186e-33 1.4499e-11 3.40163e-06 5.19344e-23 3.08179e-23 5.92893e-23 3.93965e-23 6.75871e-23 4.94028e-23 7.29078e-23 5.58857e-23 7.68989e-23 6.07476e-23 8.01098e-23 6.46602e-23 8.28242e-23 6.79442e-23 8.51662e-23 7.07794e-23 8.72599e-23 7.32773e-23 8.91053e-23 7.55122e-23 9.08087e-23 7.75355e-23 9.23703e-23 7.93851e-23 9.38254e-23 8.10897e-23 9.51386e-23 8.26706e-23 9.63985e-23 8.41455e-23 9.75875e-23 8.55277e-23 9.86878e-23 8.68291e-23 9.97526e-23 8.80583e-23 1.00746e-22 8.92238e-23 1.01669e-22 9.03317e-23 1.02592e-22 9.13874e-23 1.0348e-22 9.23963e-23 1.04296e-22 9.33623e-23 1.05112e-22 9.42887e-23 1.05858e-22 9.51792e-23 1.06603e-22 9.60363e-23 1.07349e-22 9.68624e-23 1.08023e-22 9.76601e-23 1.08698e-22 9.84312e-23 1.09337e-22 9.91775e-23 1.09976e-22 9.99002e-23 1.10615e-22 1.00601e-22 1.11182e-22 1.01282e-22 1.11786e-22 1.01944e-22 1.12354e-22 1.02587e-22 1.12886e-22 1.03213e-22 1.13419e-22 1.03823e-22 1.13951e-22 1.04417e-22 1.14448e-22 1.04997e-22 1.14981e-22 1.05563e-22 1.15442e-22 1.06116e-22
2480.97 5.2618e-22 5.2618e-22 6.90229e-33 1.31177e-11 1.91238e-07 3.86253e-23 2.29778e-23 4.40735e-23 2.9335e-23 5.022e-23 3.67487e-23 5.41611e-23 4.15514e-23 5.71173e-23 4.5153e-23 5.94956e-23 4.80513e-23 6.15061e-23 5.04839e-23 6.32408e-23 5.2584e-23 6.47916e-23 5.44343e-23 6.61584e-23 5.60897e-23 6.74201e-23 5.75884e-23 6.85767e-23 5.89584e-23 6.96545e-23 6.0221e-23 7.06271e-23 6.1392e-23 7.15603e-23 6.24844e-23 7.2441e-23 6.35083e-23 7.32559e-23 6.44722e-23 7.40446e-23 6.53827e-23 7.47807e-23 6.62459e-23 7.54642e-23 6.70665e-23 7.61478e-23 6.78485e-23 7.6805e-23 6.85957e-23 7.74097e-23 6.93112e-23 7.80144e-23 6.99974e-23 7.85665e-23 7.06569e-23 7.91186e-23 7.12918e-23 7.96707e-23 7.19037e-23 8.01702e-23 7.24945e-23 8.06698e-23 7.30657e-23 8.1143e-23 7.36184e-23 8.16163e-23 7.41537e-23 8.20895e-23 7.46731e-23 8.25102e-23 7.51773e-23 8.29572e-23 7.56672e-23 8.33779e-23 7.61435e-23 8.37723e-23 7.66073e-23 8.41666e-23 7.70591e-23 8.4561e-23 7.74994e-23 8.49291e-23 7.7929e-23 8.53235e-23 7.83481e-23 8.56653e-23 7.87577e-23
2608.32 4.76065e-22 4.76065e-22 5.64987e-33 1.18678e-11 -2.11039e-06 2.87197e-23 1.71258e-23 3.27553e-23 2.18364e-23 3.73079e-23 2.73288e-23 4.0227e-23 3.08864e-23 4.24165e-23 3.35543e-23 4.4178e-23 3.57012e-23 4.56671e-23 3.7503e-23 4.69519e-23 3.90585e-23 4.81005e-23 4.0429e-23 4.91128e-23 4.16551e-23 5.00473e-23 4.27652e-23 5.09039e-23 4.37799e-23 5.17021e-23 4.47151e-23 5.24225e-23 4.55823e-23 5.31137e-23 4.63915e-23 5.37659e-23 4.71498e-23 5.43695e-23 4.78637e-23 5.49536e-23 4.85381e-23 5.54988e-23 4.91774e-23 5.6005e-23 4.97852e-23 5.65113e-23 5.03644e-23 5.6998e-23 5.09178e-23 5.74459e-23 5.14477e-23 5.78937e-23 5.19559e-23 5.83026e-23 5.24444e-23 5.87115e-23 5.29147e-23 5.91205e-23 5.33678e-23 5.94904e-23 5.38055e-23 5.98604e-23 5.42284e-23 6.02109e-23 5.46378e-23 6.05614e-23 5.50343e-23 6.09119e-23 5.54189e-23 6.12235e-23 5.57924e-23 6.15545e-23 5.61552e-23 6.18661e-23 5.6508e-23 6.21582e-23 5.68515e-23 6.24503e-23 5.71861e-23 6.27423e-23 5.75123e-23 6.3015e-23 5.78304e-23 6.33071e-23 5.81408e-23 6.35602e-23 5.84441e-23
2742.21 4.30738e-22 4.30738e-22 4.62471e-33 1.07367e-11 -1.47441e-06 2.13509e-23 1.27606e-23 2.43401e-23 1.62509e-23 2.77123e-23 2.03199e-23 2.98744e-23 2.29554e-23 3.14961e-23 2.49316e-23 3.28008e-23 2.65218e-23 3.39038e-23 2.78565e-23 3.48554e-23 2.90087e-23 3.57061e-23 3.00238e-23 3.64558e-23 3.0932e-23 3.7148e-23 3.17542e-23 3.77824e-23 3.25058e-23 3.83736e-23 3.31984e-23 3.89072e-23 3.38408e-23 3.94191e-23 3.44401e-23 3.99022e-23 3.50018e-23 4.03492e-23 3.55305e-23 4.07818e-23 3.603e-23 4.11856e-23 3.65036e-23 4.15606e-23 3.69537e-23 4.19355e-23 3.73827e-23 4.22961e-23 3.77926e-23 4.26278e-23 3.81851e-23 4.29595e-23 3.85615e-23 4.32623e-23 3.89233e-23 4.35652e-23 3.92716e-23 4.3868e-23 3.96073e-23 4.4142e-23 3.99314e-23 4.44161e-23 4.02447e-23 4.46757e-23 4.05479e-23 4.49352e-23 4.08415e-23 4.51948e-23 4.11264e-23 4.54256e-23 4.1403e-23 4.56708e-23 4.16718e-23 4.59015e-23 4.19331e-23 4.61179e-23 4.21875e-23 4.63342e-23 4.24353e-23 4.65505e-23 4.26768e-23 4.67525e-23 4.29125e-23 4.69688e-23 4.31424e-23 4.71563e-23 4.3367e-23
2882.97 3.89694e-22 3.89694e-22 3.78523e-33 9.71335e-12 5.51994e-06 1.58684e-23 9.50435e-24 1.80824e-23 1.20903e-23 2.058e-23 1.51044e-23 2.21812e-23 1.70565e-23 2.33823e-23 1.85203e-23 2.43486e-23 1.96981e-23 2.51655e-23 2.06866e-23 2.58702e-23 2.15399e-23 2.65002e-23 2.22917e-23 2.70555e-23 2.29644e-23 2.75681e-23 2.35733e-23 2.8038e-23 2.413e-23 2.84758e-23 2.4643e-23 2.8871e-23 2.51187e-23 2.92501e-23 2.55626e-23 2.96078e-23 2.59785e-23 2.99389e-23 2.63702e-23 3.02593e-23 2.67401e-23 3.05583e-23 2.70908e-23 3.0836e-23 2.74242e-23 3.11137e-23 2.77419e-23 3.13807e-23 2.80455e-23 3.16264e-23 2.83361e-23 3.1872e-23 2.86149e-23 3.20963e-23 2.88829e-23 3.23206e-23 2.91408e-23 3.25449e-23 2.93894e-23 3.27478e-23 2.96294e-23 3.29507e-23 2.98614e-23 3.3143e-23 3.0086e-23 3.33352e-23 3.03035e-23 3.35275e-23 3.05144e-23 3.36984e-23 3.07193e-23 3.388e-23 3.09183e-23 3.40509e-23 3.11118e-23 3.42111e-23 3.13002e-23 3.43713e-23 3.14838e-23 3.45315e-23 3.16627e-23 3.4681e-23 3.18372e-23 3.48413e-23 3.20074e-23 3.49801e-23 3.21738e-23
3030.95 3.52596e-22 3.52596e-22 3.09856e-33 8.78783e-12 -3.38573e-06 1.17928e-23 7.07773e-24 1.34327e-23 8.99369e-24 1.52827e-23 1.12266e-23 1.64687e-23 1.26726e-23 1.73583e-23 1.37569e-23 1.8074e-23 1.46293e-23 1.8679e-23 1.53615e-23 1.9201e-23 1.59936e-23 1.96676e-23 1.65505e-23 2.00789e-23 1.70487e-23 2.04586e-23 1.74997e-23 2.08066e-23 1.7912e-23 2.11309e-23 1.8292e-23 2.14236e-23 1.86443e-23 2.17044e-23 1.89731e-23 2.19693e-23 1.92812e-23 2.22145e-23 1.95713e-23 2.24519e-23 1.98452e-23 2.26733e-23 2.0105e-23 2.2879e-23 2.03519e-23 2.30847e-23 2.05872e-23 2.32824e-23 2.08121e-23 2.34644e-23 2.10274e-23 2.36463e-23 2.12339e-23 2.38124e-23 2.14323e-23 2.39785e-23 2.16234e-23 2.41447e-23 2.18075e-23 2.4295e-23 2.19853e-23 2.44453e-23 2.21571e-23 2.45877e-23 2.23234e-23 2.47301e-23 2.24845e-23 2.48724e-23 2.26408e-23 2.4999e-23 2.27925e-23 2.51335e-23 2.29399e-23 2.52601e-23 2.30832e-23 2.53787e-23 2.32228e-23 2.54974e-23 2.33587e-23 2.56161e-23 2.34912e-23 2.57268e-23 2.36205e-23 2.58455e-23 2.37466e-23 2.59483e-23 2.38698e-23
3186.53 3.19016e-22 3.19016e-22 2.53636e-33 7.95058e-12 -5.08402e-06 8.76203e-24 5.269e-24 9.97672e-24 6.68845e-24 1.13469e-23 8.34252e-24 1.22253e-23 9.41362e-24 1.28842e-23 1.02167e-23 1.34143e-23 1.08629e-23 1.38624e-23 1.14052e-23 1.4249e-23 1.18734e-23 1.45946e-23 1.22858e-23 1.48992e-23 1.26548e-23 1.51804e-23 1.29889e-23 1.54381e-23 1.32942e-23 1.56783e-23 1.35757e-23 1.58951e-23 1.38366e-23 1.6103e-23 1.40801e-23 1.62993e-23 1.43083e-23 1.64809e-23 1.45231e-23 1.66566e-23 1.47261e-23 1.68207e-23 1.49185e-23 1.6973e-23 1.51013e-23 1.71253e-23 1.52756e-23 1.72718e-23 1.54422e-23 1.74065e-23 1.56016e-23 1.75413e-23 1.57545e-23 1.76643e-23 1.59015e-23 1.77873e-23 1.6043e-23 1.79104e-23 1.61794e-23 1.80217e-23 1.6311e-23 1.8133e-23 1.64383e-23 1.82384e-23 1.65615e-23 1.83439e-23 1.66808e-23 1.84494e-23 1.67965e-23 1.85431e-23 1.69089e-23 1.86427e-23 1.70181e-23 1.87364e-23 1.71242e-23 1.88243e-23 1.72276e-23 1.89122e-23 1.73282e-23 1.90001e-23 1.74264e-23 1.90821e-23 1.75221e-23 1.917e-23 1.76155e-23 1.92462e-23 1.77068e-23
3350.09 2.88632e-22 2.88632e-22 2.07606e-33 7.19273e-12 2.53772e-06 6.50911e-24 3.92147e-24 7.40879e-24 4.97303e-24 8.4236e-24 6.19828e-24 9.07422e-24 6.99164e-24 9.56221e-24 7.58647e-24 9.9548e-24 8.06508e-24 1.02867e-23 8.46674e-24 1.0573e-23 8.81349e-24 1.08289e-23 9.11896e-24 1.10545e-23 9.39227e-24 1.12628e-23 9.63968e-24 1.14537e-23 9.86585e-24 1.16316e-23 1.00743e-23 1.17921e-23 1.02676e-23 1.19461e-23 1.04479e-23 1.20915e-23 1.06169e-23 1.2226e-23 1.0776e-23 1.23561e-23 1.09263e-23 1.24776e-23 1.10688e-23 1.25904e-23 1.12042e-23 1.27032e-23 1.13333e-23 1.28117e-23 1.14567e-23 1.29115e-23 1.15748e-23 1.30113e-23 1.1688e-23 1.31024e-23 1.17969e-23 1.31935e-23 1.19017e-23 1.32847e-23 1.20026e-23 1.33671e-23 1.21002e-23 1.34495e-23 1.21944e-23 1.35276e-23 1.22857e-23 1.36057e-23 1.2374e-23 1.36839e-23 1.24597e-23 1.37533e-23 1.25429e-23 1.3827e-23 1.26238e-23 1.38965e-23 1.27024e-23 1.39616e-23 1.2779e-23 1.40266e-23 1.28535e-23 1.40917e-23 1.29262e-23 1.41525e-23 1.29971e-23 1.42176e-23 1.30663e-23 1.4274e-23 1.31339e-23
3522.05 2.61147e-22 2.61147e-22 1.69944e-33 6.50757e-12 2.31051e-07 4.83482e-24 2.9179e-24 5.50119e-24 3.69693e-24 6.25282e-24 4.60451e-24 6.73469e-24 5.19216e-24 7.09612e-24 5.63274e-24 7.38689e-24 5.98723e-24 7.63268e-24 6.28473e-24 7.84474e-24 6.54155e-24 8.03431e-24 6.76781e-24 8.2014e-24 6.97023e-24 8.35563e-24 7.15348e-24 8.49702e-24 7.32099e-24 8.62876e-24 7.47536e-24 8.74765e-24 7.61852e-24 8.86173e-24 7.75208e-24 8.96938e-24 7.87725e-24 9.06899e-24 7.99509e-24 9.16539e-24 8.1064e-24 9.25537e-24 8.21193e-24 9.33892e-24 8.31226e-24 9.42247e-24 8.40785e-24 9.50281e-24 8.4992e-24 9.57672e-24 8.58667e-24 9.65063e-24 8.67055e-24 9.71811e-24 8.75117e-24 9.7856e-24 8.82878e-24 9.85308e-24 8.90358e-24 9.91414e-24 8.97581e-24 9.9752e-24 9.04562e-24 1.0033e-23 9.11318e-24 1.00909e-23 9.17862e-24 1.01487e-23 9.24211e-24 1.02001e-23 9.30374e-24 1.02548e-23 9.36363e-24 1.03062e-23 9.42185e-24 1.03544e-23 9.47855e-24 1.04026e-23 9.53377e-24 1.04508e-23 9.58759e-24 1.04958e-23 9.6401e-24 1.0544e-23 9.69133e-24 1.05858e-23 9.74139e-24
3702.84 2.36268e-22 2.36268e-22 1.39101e-33 5.88741e-12 -3.60394e-06 3.59049e-24 2.17055e-24 4.08402e-24 2.74762e-24 4.64069e-24 3.41986e-24 4.99757e-24 3.8551e-24 5.26524e-24 4.18142e-24 5.48058e-24 4.44396e-24 5.66261e-24 4.6643e-24 5.81966e-24 4.8545e-24 5.96006e-24 5.02207e-24 6.0838e-24 5.17199e-24 6.19803e-24 5.3077e-24 6.30273e-24 5.43176e-24 6.4003e-24 5.54609e-24 6.48835e-24 5.65211e-24 6.57283e-24 5.75103e-24 6.65256e-24 5.84373e-24 6.72633e-24 5.931e-24 6.79772e-24 6.01344e-24 6.86436e-24 6.09159e-24 6.92624e-24 6.16589e-24 6.98811e-24 6.23669e-24 7.04761e-24 6.30434e-24 7.10235e-24 6.36912e-24 7.15708e-24 6.43124e-24 7.20706e-24 6.49095e-24 7.25704e-24 6.54843e-24 7.30702e-24 6.60382e-24 7.35223e-24 6.65731e-24 7.39745e-24 6.70901e-24 7.44029e-24 6.75905e-24 7.48313e-24 6.80751e-24 7.52597e-24 6.85453e-24 7.56405e-24 6.90018e-24 7.60451e-24 6.94453e-24 7.64258e-24 6.98765e-24 7.67828e-24 7.02963e-24 7.71398e-24 7.07053e-24 7.74968e-24 7.11039e-24 7.783e-24 7.14928e-24 7.8187e-24 7.18722e-24 7.84964e-24 7.22429e-24
3892.91 2.13765e-22 2.13765e-22 1.1386e-33 5.32642e-12 4.19857e-06 2.66612e-24 1.61431e-24 3.03166e-24 2.04178e-24 3.44394e-24 2.53971e-24 3.70826e-24 2.86209e-24 3.9065e-24 3.10377e-24 4.06599e-24 3.29822e-24 4.2008e-24 3.46141e-24 4.31712e-24 3.60229e-24 4.4211e-24 3.72639e-24 4.51274e-24 3.83742e-24 4.59734e-24 3.93794e-24 4.67488e-24 4.02982e-24 4.74714e-24 4.11449e-24 4.81235e-24 4.19302e-24 4.87492e-24 4.26627e-24 4.93396e-24 4.33493e-24 4.9886e-24 4.39957e-24 5.04148e-24 4.46062e-24 5.09083e-24 4.5185e-24 5.13665e-24 4.57353e-24 5.18248e-24 4.62596e-24 5.22654e-24 4.67607e-24 5.26708e-24 4.72404e-24 5.30762e-24 4.77005e-24 5.34463e-24 4.81427e-24 5.38165e-24 4.85684e-24 5.41866e-24 4.89786e-24 5.45215e-24 4.93748e-24 5.48564e-24 4.97577e-24 5.51736e-24 5.01283e-24 5.54909e-24 5.04872e-24 5.58082e-24 5.08354e-24 5.60902e-24 5.11735e-24 5.63898e-24 5.1502e-24 5.66718e-24 5.18213e-24 5.69362e-24 5.21323e-24 5.72006e-24 5.24351e-24 5.7465e-24 5.27304e-24 5.77118e-24 5.30184e-24 5.79762e-24 5.32994e-24 5.82053e-24 5.35739e-24
4092.73 1.93403e-22 1.93403e-22 9.31965e-34 4.81876e-12 -7.58684e-06 1.97945e-24 1.20035e-24 2.25017e-24 1.51699e-24 2.55552e-24 1.8858e-24 2.75127e-24 2.12456e-24 2.89809e-24 2.30356e-24 3.01621e-24 2.44758e-24 3.11605e-24 2.56844e-24 3.20219e-24 2.67278e-24 3.2792e-24 2.76469e-24 3.34707e-24 2.84692e-24 3.40973e-24 2.92136e-24 3.46716e-24 2.98941e-24 3.52067e-24 3.05212e-24 3.56897e-24 3.11028e-24 3.6153e-24 3.16454e-24 3.65903e-24 3.21538e-24 3.6995e-24 3.26325e-24 3.73865e-24 3.30847e-24 3.7752e-24 3.35134e-24 3.80914e-24 3.39209e-24 3.84308e-24 3.43092e-24 3.87571e-24 3.46803e-24 3.90573e-24 3.50356e-24 3.93576e-24 3.53763e-24 3.96317e-24 3.57038e-24 3.99058e-24 3.60191e-24 4.01799e-24 3.63229e-24 4.04279e-24 3.66163e-24 4.0676e-24 3.68999e-24 4.09109e-24 3.71743e-24 4.11459e-24 3.74402e-24 4.13809e-24 3.7698e-24 4.15897e-24 3.79484e-24 4.18116e-24 3.81917e-24 4.20205e-24 3.84282e-24 4.22163e-24 3.86585e-24 4.24121e-24 3.88828e-24 4.26079e-24 3.91014e-24 4.27906e-24 3.93147e-24 4.29865e-24 3.95228e-24 4.31562e-24 3.97262e-24
4302.81 1.74977e-22 1.74977e-22 7.62816e-34 4.35951e-12 1.0909e-06 1.46942e-24 8.92343e-25 1.66992e-24 1.12688e-24 1.89606e-24 1.40005e-24 2.04103e-24 1.57688e-24 2.14977e-24 1.70945e-24 2.23724e-24 1.81612e-24 2.31119e-24 1.90563e-24 2.37498e-24 1.9829e-24 2.43201e-24 2.05097e-24 2.48228e-24 2.11187e-24 2.52868e-24 2.167e-24 2.57121e-24 2.21739e-24 2.61084e-24 2.26384e-24 2.64661e-24 2.30691e-24 2.68092e-24 2.34709e-24 2.71331e-24 2.38475e-24 2.74327e-24 2.4202e-24 2.77227e-24 2.45368e-24 2.79934e-24 2.48543e-24 2.82448e-24 2.51561e-24 2.84961e-24 2.54437e-24 2.87378e-24 2.57185e-24 2.89601e-24 2.59816e-24 2.91824e-24 2.6234e-24 2.93855e-24 2.64765e-24 2.95885e-24 2.671e-24 2.97915e-24 2.6935e-24 2.99751e-24 2.71523e-24 3.01588e-24 2.73623e-24 3.03328e-24 2.75656e-24 3.05068e-24 2.77624e-24 3.06808e-24 2.79534e-24 3.08355e-24 2.81388e-24 3.09999e-24 2.8319e-24 3.11545e-24 2.84941e-24 3.12995e-24 2.86647e-24 3.14446e-24 2.88308e-24 3.15896e-24 2.89927e-24 3.17249e-24 2.91507e-24 3.18699e-24 2.93048e-24 3.19956e-24 2.94554e-24
4523.68 1.58309e-22 1.58309e-22 6.24383e-34 3.94407e-12 4.27891e-06 1.09069e-24 6.63255e-25 1.23918e-24 8.36981e-25 1.40667e-24 1.0393e-24 1.51403e-24 1.17027e-24 1.59456e-24 1.26846e-24 1.65934e-24 1.34745e-24 1.71411e-24 1.41375e-24 1.76135e-24 1.47097e-24 1.80359e-24 1.52139e-24 1.84082e-24 1.56649e-24 1.87518e-24 1.60732e-24 1.90668e-24 1.64464e-24 1.93603e-24 1.67904e-24 1.96252e-24 1.71093e-24 1.98793e-24 1.74069e-24 2.01191e-24 1.76858e-24 2.03411e-24 1.79484e-24 2.05558e-24 1.81964e-24 2.07563e-24 1.84315e-24 2.09424e-24 1.8655e-24 2.11286e-24 1.8868e-24 2.13076e-24 1.90715e-24 2.14722e-24 1.92664e-24 2.16369e-24 1.94533e-24 2.17872e-24 1.96329e-24 2.19376e-24 1.98058e-24 2.20879e-24 1.99724e-24 2.22239e-24 2.01334e-24 2.236e-24 2.02889e-24 2.24888e-24 2.04394e-24 2.26177e-24 2.05852e-24 2.27466e-24 2.07267e-24 2.28611e-24 2.0864e-24 2.29828e-24 2.09974e-24 2.30974e-24 2.11271e-24 2.32048e-24 2.12534e-24 2.33122e-24 2.13764e-24 2.34196e-24 2.14964e-24 2.35198e-24 2.16134e-24 2.36272e-24 2.17275e-24 2.37203e-24 2.1839e-24
4755.88 1.43223e-22 1.43223e-22 5.11041e-34 3.56814e-12 -1.82137e-06 8.09452e-25 4.92873e-25 9.19426e-25 6.21545e-25 1.04346e-24 7.71388e-25 1.12297e-24 8.68385e-25 1.18261e-24 9.411e-25 1.23058e-24 9.99603e-25 1.27114e-24 1.0487e-24 1.30613e-24 1.09108e-24 1.33741e-24 1.12841e-24 1.36498e-24 1.16182e-24 1.39042e-24 1.19205e-24 1.41375e-24 1.21969e-24 1.43549e-24 1.24517e-24 1.4551e-24 1.26879e-24 1.47392e-24 1.29083e-24 1.49168e-24 1.31148e-24 1.50812e-24 1.33092e-24 1.52402e-24 1.34929e-24 1.53887e-24 1.3667e-24 1.55265e-24 1.38325e-24 1.56644e-24 1.39903e-24 1.57969e-24 1.4141e-24 1.59189e-24 1.42853e-24 1.60408e-24 1.44237e-24 1.61521e-24 1.45567e-24 1.62635e-24 1.46848e-24 1.63748e-24 1.48082e-24 1.64756e-24 1.49274e-24 1.65763e-24 1.50425e-24 1.66717e-24 1.5154e-24 1.67672e-24 1.5262e-24 1.68626e-24 1.53667e-24 1.69474e-24 1.54684e-24 1.70376e-24 1.55672e-24 1.71224e-24 1.56633e-24 1.72019e-24 1.57568e-24 1.72815e-24 1.58479e-24 1.7361e-24 1.59367e-24 1.74352e-24 1.60234e-24 1.75147e-24 1.61079e-24 1.75837e-24 1.61905e-24
5000 1.29583e-22 1.29583e-22 4.18288e-34 3.22794e-12 -3.2271e-06 6.00707e-25 3.6622e-25 6.82156e-25 4.61528e-25 7.74017e-25 5.7251e-25 8.32906e-25 6.4435e-25 8.77074e-25 6.98206e-25 9.12605e-25 7.41535e-25 9.42641e-25 7.77895e-25 9.68554e-25 8.09283e-25 9.91719e-25 8.36935e-25 1.01214e-24 8.61673e-25 1.03098e-24 8.84067e-25 1.04826e-24 9.04538e-25 1.06436e-24 9.23403e-25 1.07888e-24 9.40898e-25 1.09282e-24 9.5722e-25 1.10598e-24 9.72516e-25 1.11815e-24 9.86916e-25 1.12993e-24 1.00052e-24 1.14092e-24 1.01341e-24 1.15113e-24 1.02567e-24 1.16134e-24 1.03735e-24 1.17116e-24 1.04852e-24 1.18019e-24 1.0592e-24 1.18922e-24 1.06945e-24 1.19746e-24 1.07931e-24 1.20571e-24 1.08879e-24 1.21396e-24 1.09793e-24 1.22142e-24 1.10676e-24 1.22888e-24 1.11529e-24 1.23594e-24 1.12354e-24 1.24301e-24 1.13154e-24 1.25008e-24 1.1393e-24 1.25636e-24 1.14683e-24 1.26304e-24 1.15414e-24 1.26932e-24 1.16126e-24 1.27521e-24 1.16819e-24 1.2811e-24 1.17493e-24 1.28699e-24 1.18151e-24 1.29249e-24 1.18793e-24 1.29838e-24 1.19419e-24 1.30348e-24 1.2003e-24
