# 1e-06 1 58 : grain size, compostion index, size index
# Heating and cooling timescale: 55.2891 6739.33
# Ratio of heating to cooling to determine stochastic cutoff: 100
# Equilibrium emission is recorded even for those grains in the stochastic regime.
# Emission spectrum was computed for: 
# Type: ISRF
# Scales: 0.0001 0.001 0.01 0.05 0.1 0.15 0.2 0.25 0.5 1 1.5 2 2.5 3 3.5 4 4.5 5 5.5 6 6.5 7 7.5 8 8.5 9 9.5 10 10.5 11 11.5 12 12.5 13 13.5 14 14.5 15 15.5 16 16.5 17 17.5 18 18.5 19 19.5 20 20.5 21 21.5 22 22.5 23 23.5 24 24.5 25 25.5 26 26.5 27 27.5 28 28.5 29 29.5 30
# StochasticallyHeated: 1 1 1 1 1 1 1 1 1 1 1 1 1 1 1 1 1 1 1 1 1 1 1 1 1 1 1 1 1 1 1 1 1 1 1 1 1 1 1 1 1 1 1 1 1 1 1 1 1 1 1 1 1 1 1 1 1 0 0 0 0 0 0 0 0 0 0 0
# Temperature: -1
# Wavelength  CExt  CAbs  CSca  Albedo G EqEm1 StEm1 EqEm2 StEm2 EqEm3 StEm3 EqEm4 StEm4 EqEm5 StEm5 EqEm6 StEm6 EqEm7 StEm7 EqEm8 StEm8 EqEm9 StEm9 EqEm10 StEm10 EqEm11 StEm11 EqEm12 StEm12 EqEm13 StEm13 EqEm14 StEm14 EqEm15 StEm15 EqEm16 StEm16 EqEm17 StEm17 EqEm18 StEm18 EqEm19 StEm19 EqEm20 StEm20 EqEm21 StEm21 EqEm22 StEm22 EqEm23 StEm23 EqEm24 StEm24 EqEm25 StEm25 EqEm26 StEm26 EqEm27 StEm27 EqEm28 StEm28 EqEm29 StEm29 EqEm30 StEm30 EqEm31 StEm31 EqEm32 StEm32 EqEm33 StEm33 EqEm34 StEm34 EqEm35 StEm35 EqEm36 StEm36 EqEm37 StEm37 EqEm38 StEm38 EqEm39 StEm39 EqEm40 StEm40 EqEm41 StEm41 EqEm42 StEm42 EqEm43 StEm43 EqEm44 StEm44 EqEm45 StEm45 EqEm46 StEm46 EqEm47 StEm47 EqEm48 StEm48 EqEm49 StEm49 EqEm50 StEm50 EqEm51 StEm51 EqEm52 StEm52 EqEm53 StEm53 EqEm54 StEm54 EqEm55 StEm55 EqEm56 StEm56 EqEm57 StEm57 EqEm58 StEm58 EqEm59 StEm59 EqEm60 StEm60 EqEm61 StEm61 EqEm62 StEm62 EqEm63 StEm63 EqEm64 StEm64 EqEm65 StEm65 EqEm66 StEm66 EqEm67 StEm67 EqEm68 StEm68
0.05 8.62248e-13 7.86003e-13 7.6245e-14 0.0884259 0.0176729 0 0 0 0 0 0 0 0 0 0 0 0 0 0 0 0 0 0 0 0 0 0 0 0 0 0 0 0 0 0 0 0 0 0 0 0 0 0 0 0 0 0 0 0 0 0 0 0 0 0 0 0 0 0 0 0 0 0 0 0 0 0 0 0 0 0 0 0 0 0 0 0 0 0 0 0 0 0 0 0 0 0 0 0 0 0 0 0 0 0 0 0 0 0 0 0 0 0 0 0 0 0 0 0 0 0 0 0 0 0 0 0 0 0 0 0 0 0 0 0 0 0 0 0 0 0 0 0 0 0 0 0 0 0 0 0
0.0525665 9.53038e-13 8.68765e-13 8.42733e-14 0.0884259 0.0195338 0 0 0 0 0 0 0 0 0 0 0 0 0 0 0 0 0 0 0 0 0 0 0 0 0 0 0 0 0 0 0 0 0 0 0 0 0 0 0 0 0 0 0 0 0 0 0 0 0 0 0 0 0 0 0 0 0 0 0 0 0 0 0 0 0 0 0 0 0 0 0 0 0 0 0 0 0 0 0 0 0 0 0 0 0 0 0 0 0 0 0 0 0 0 0 0 0 0 0 0 0 0 0 0 0 0 0 0 0 0 0 0 0 0 0 0 0 0 0 0 0 0 0 0 0 0 0 0 0 0 0 0 0 0 0 0
0.0552647 1.05339e-12 9.60242e-13 9.31468e-14 0.0884259 0.0215906 0 0 0 0 0 0 0 0 0 0 0 0 0 0 0 0 0 0 0 0 0 0 0 0 0 0 0 0 0 0 0 0 0 0 0 0 0 0 0 0 0 0 0 0 0 0 0 0 0 0 0 0 0 0 0 0 0 0 0 0 0 0 0 0 0 0 0 0 0 0 0 0 0 0 0 0 0 0 0 0 0 0 0 0 0 0 0 0 0 0 0 0 0 0 0 0 0 0 0 0 0 0 0 0 0 0 0 0 0 0 0 0 0 0 0 0 0 0 0 0 0 0 0 0 0 0 0 0 0 0 0 0 0 0 0 0
0.0581015 1.16431e-12 1.06135e-12 1.02955e-13 0.0884259 0.023864 0 0 0 0 0 0 0 0 0 0 0 0 0 0 0 0 0 0 0 0 0 0 0 0 0 0 0 0 0 0 0 0 0 0 0 0 0 0 0 0 0 0 0 0 0 0 0 0 0 0 0 0 0 0 0 0 0 0 0 0 0 0 0 0 0 0 0 0 0 0 0 0 0 0 0 0 0 0 0 0 0 0 0 0 0 0 0 0 0 0 0 0 0 0 0 0 0 0 0 0 0 0 0 0 0 0 0 0 0 0 0 0 0 0 0 0 0 0 0 0 0 0 0 0 0 0 0 0 0 0 0 0 0 0 0 0
0.0610839 1.2869e-12 1.17311e-12 1.13795e-13 0.0884259 0.0263768 0 0 0 0 0 0 0 0 0 0 0 0 0 0 0 0 0 0 0 0 0 0 0 0 0 0 0 0 0 0 0 0 0 0 0 0 0 0 0 0 0 0 0 0 0 0 0 0 0 0 0 0 0 0 0 0 0 0 0 0 0 0 0 0 0 0 0 0 0 0 0 0 0 0 0 0 0 0 0 0 0 0 0 0 0 0 0 0 0 0 0 0 0 0 0 0 0 0 0 0 0 0 0 0 0 0 0 0 0 0 0 0 0 0 0 0 0 0 0 0 0 0 0 0 0 0 0 0 0 0 0 0 0 0 0 0
0.0642193 1.42241e-12 1.29663e-12 1.25777e-13 0.0884259 0.0291541 0 0 0 0 0 0 0 0 0 0 0 0 0 0 0 0 0 0 0 0 0 0 0 0 0 0 0 0 0 0 0 0 0 0 0 0 0 0 0 0 0 0 0 0 0 0 0 0 0 0 0 0 0 0 0 0 0 0 0 0 0 0 0 0 0 0 0 0 0 0 0 0 0 0 0 0 0 0 0 0 0 0 0 0 0 0 0 0 0 0 0 0 0 0 0 0 0 0 0 0 0 0 0 0 0 0 0 0 0 0 0 0 0 0 0 0 0 0 0 0 0 0 0 0 0 0 0 0 0 0 0 0 0 0 0 0
0.0675157 1.57218e-12 1.43316e-12 1.39021e-13 0.0884259 0.0322239 0 0 0 0 0 0 0 0 0 0 0 0 0 0 0 0 0 0 0 0 0 0 0 0 0 0 0 0 0 0 0 0 0 0 0 0 0 0 0 0 0 0 0 0 0 0 0 0 0 0 0 0 0 0 0 0 0 0 0 0 0 0 0 0 0 0 0 0 0 0 0 0 0 0 0 0 0 0 0 0 0 0 0 0 0 0 0 0 0 0 0 0 0 0 0 0 0 0 0 0 0 0 0 0 0 0 0 0 0 0 0 0 0 0 0 0 0 0 0 0 0 0 0 0 0 0 0 0 0 0 0 0 0 0 0 0
0.0709813 1.73772e-12 1.58406e-12 1.53659e-13 0.0884259 0.0356169 0 0 0 0 0 0 0 0 0 0 0 0 0 0 0 0 0 0 0 0 0 0 0 0 0 0 0 0 0 0 0 0 0 0 0 0 0 0 0 0 0 0 0 0 0 0 0 0 0 0 0 0 0 0 0 0 0 0 0 0 0 0 0 0 0 0 0 0 0 0 0 0 0 0 0 0 0 0 0 0 0 0 0 0 0 0 0 0 0 0 0 0 0 0 0 0 0 0 0 0 0 0 0 0 0 0 0 0 0 0 0 0 0 0 0 0 0 0 0 0 0 0 0 0 0 0 0 0 0 0 0 0 0 0 0 0
0.0746248 1.92069e-12 1.75085e-12 1.69839e-13 0.0884259 0.0393672 0 0 0 0 0 0 0 0 0 0 0 0 0 0 0 0 0 0 0 0 0 0 0 0 0 0 0 0 0 0 0 0 0 0 0 0 0 0 0 0 0 0 0 0 0 0 0 0 0 0 0 0 0 0 0 0 0 0 0 0 0 0 0 0 0 0 0 0 0 0 0 0 0 0 0 0 0 0 0 0 0 0 0 0 0 0 0 0 0 0 0 0 0 0 0 0 0 0 0 0 0 0 0 0 0 0 0 0 0 0 0 0 0 0 0 0 0 0 0 0 0 0 0 0 0 0 0 0 0 0 0 0 0 0 0 0
0.0784553 2.12293e-12 1.93521e-12 1.87722e-13 0.0884259 0.0435124 0 0 0 0 0 0 0 0 0 0 0 0 0 0 0 0 0 0 0 0 0 0 0 0 0 0 0 0 0 0 0 0 0 0 0 0 0 0 0 0 0 0 0 0 0 0 0 0 0 0 0 0 0 0 0 0 0 0 0 0 0 0 0 0 0 0 0 0 0 0 0 0 0 0 0 0 0 0 0 0 0 0 0 0 0 0 0 0 0 0 0 0 0 0 0 0 0 0 0 0 0 0 0 0 0 0 0 0 0 0 0 0 0 0 0 0 0 0 0 0 0 0 0 0 0 0 0 0 0 0 0 0 0 0 0 0
0.0824824 2.34647e-12 2.13898e-12 2.07488e-13 0.0884259 0.0480941 0 0 0 0 0 0 0 0 0 0 0 0 0 0 0 0 0 0 0 0 0 0 0 0 0 0 0 0 0 0 0 0 0 0 0 0 0 0 0 0 0 0 0 0 0 0 0 0 0 0 0 0 0 0 0 0 0 0 0 0 0 0 0 0 0 0 0 0 0 0 0 0 0 0 0 0 0 0 0 0 0 0 0 0 0 0 0 0 0 0 0 0 0 0 0 0 0 0 0 0 0 0 0 0 0 0 0 0 0 0 0 0 0 0 0 0 0 0 0 0 0 0 0 0 0 0 0 0 0 0 0 0 0 0 0 0
0.0867162 2.59354e-12 2.3642e-12 2.29336e-13 0.0884259 0.0531582 0 0 0 0 0 0 0 0 0 0 0 0 0 0 0 0 0 0 0 0 0 0 0 0 0 0 0 0 0 0 0 0 0 0 0 0 0 0 0 0 0 0 0 0 0 0 0 0 0 0 0 0 0 0 0 0 0 0 0 0 0 0 0 0 0 0 0 0 0 0 0 0 0 0 0 0 0 0 0 0 0 0 0 0 0 0 0 0 0 0 0 0 0 0 0 0 0 0 0 0 0 0 0 0 0 0 0 0 0 0 0 0 0 0 0 0 0 0 0 0 0 0 0 0 0 0 0 0 0 0 0 0 0 0 0 0
0.0911674 2.86663e-12 2.61314e-12 2.53484e-13 0.0884259 0.0587555 0 0 0 0 0 0 0 0 0 0 0 0 0 0 0 0 0 0 0 0 0 0 0 0 0 0 0 0 0 0 0 0 0 0 0 0 0 0 0 0 0 0 0 0 0 0 0 0 0 0 0 0 0 0 0 0 0 0 0 0 0 0 0 0 0 0 0 0 0 0 0 0 0 0 0 0 0 0 0 0 0 0 0 0 0 0 0 0 0 0 0 0 0 0 0 0 0 0 0 0 0 0 0 0 0 0 0 0 0 0 0 0 0 0 0 0 0 0 0 0 0 0 0 0 0 0 0 0 0 0 0 0 0 0 0 0
0.095847 3.16847e-12 2.8883e-12 2.80175e-13 0.0884259 0.0649421 0 0 0 0 0 0 0 0 0 0 0 0 0 0 0 0 0 0 0 0 0 0 0 0 0 0 0 0 0 0 0 0 0 0 0 0 0 0 0 0 0 0 0 0 0 0 0 0 0 0 0 0 0 0 0 0 0 0 0 0 0 0 0 0 0 0 0 0 0 0 0 0 0 0 0 0 0 0 0 0 0 0 0 0 0 0 0 0 0 0 0 0 0 0 0 0 0 0 0 0 0 0 0 0 0 0 0 0 0 0 0 0 0 0 0 0 0 0 0 0 0 0 0 0 0 0 0 0 0 0 0 0 0 0 0 0
0.100767 3.4091e-12 3.11007e-12 2.99032e-13 0.0877159 0.0702709 0 0 0 0 0 0 0 0 0 0 0 0 0 0 0 0 0 0 0 0 0 0 0 0 0 0 0 0 0 0 0 0 0 0 0 0 0 0 0 0 0 0 0 0 0 0 0 0 0 0 0 0 0 0 0 0 0 0 0 0 0 0 0 0 0 0 0 0 0 0 0 0 0 0 0 0 0 0 0 0 0 0 0 0 0 0 0 0 0 0 0 0 0 0 0 0 0 0 0 0 0 0 0 0 0 0 0 0 0 0 0 0 0 0 0 0 0 0 0 0 0 0 0 0 0 0 0 0 0 0 0 0 0 0 0 0
0.105939 3.13317e-12 2.87132e-12 2.61844e-13 0.0835715 0.068286 0 0 0 0 0 0 0 0 0 0 0 0 0 0 0 0 0 0 0 0 0 0 0 0 0 0 0 0 0 0 0 0 0 0 0 0 0 0 0 0 0 0 0 0 0 0 0 0 0 0 0 0 0 0 0 0 0 0 0 0 0 0 0 0 0 0 0 0 0 0 0 0 0 0 0 0 0 0 0 0 0 0 0 0 0 0 0 0 0 0 0 0 0 0 0 0 0 0 0 0 0 0 0 0 0 0 0 0 0 0 0 0 0 0 0 0 0 0 0 0 0 0 0 0 0 0 0 0 0 0 0 0 0 0 0 0
0.111377 2.82156e-12 2.59594e-12 2.25626e-13 0.0799648 0.0649973 0 0 0 0 0 0 0 0 0 0 0 0 0 0 0 0 0 0 0 0 0 0 0 0 0 0 0 0 0 0 0 0 0 0 0 0 0 0 0 0 0 0 0 0 0 0 0 0 0 0 0 0 0 0 0 0 0 0 0 0 0 0 0 0 0 0 0 0 0 0 0 0 0 0 0 0 0 0 0 0 0 0 0 0 0 0 0 0 0 0 0 0 0 0 0 0 0 0 0 0 0 0 0 0 0 0 0 0 0 0 0 0 0 0 0 0 0 0 0 0 0 0 0 0 0 0 0 0 0 0 0 0 0 0 0 0
0.117094 2.49619e-12 2.3035e-12 1.92695e-13 0.0771955 0.0612183 0 0 0 0 0 0 0 0 0 0 0 0 0 0 0 0 0 0 0 0 0 0 0 0 0 0 0 0 0 0 0 0 0 0 0 0 0 0 0 0 0 0 0 0 0 0 0 0 0 0 0 0 0 0 0 0 0 0 0 0 0 0 0 0 0 0 0 0 0 0 0 0 0 0 0 0 0 0 0 0 0 0 0 0 0 0 0 0 0 0 0 0 0 0 0 0 0 0 0 0 0 0 0 0 0 0 0 0 0 0 0 0 0 0 0 0 0 0 0 0 0 0 0 0 0 0 0 0 0 0 0 0 0 0 0 0
0.123105 2.14211e-12 1.9809e-12 1.61216e-13 0.0752604 0.05738 0 0 0 0 0 0 0 0 0 0 0 0 0 0 0 0 0 0 0 0 0 0 0 0 0 0 0 0 0 0 0 0 0 0 0 0 0 0 0 0 0 0 0 0 0 0 0 0 0 0 0 0 0 0 0 0 0 0 0 0 0 0 0 0 0 0 0 0 0 0 0 0 0 0 0 0 0 0 0 0 0 0 0 0 0 0 0 0 0 0 0 0 0 0 0 0 0 0 0 0 0 0 0 0 0 0 0 0 0 0 0 0 0 0 0 0 0 0 0 0 0 0 0 0 0 0 0 0 0 0 0 0 0 0 0 0
0.129424 1.79902e-12 1.66698e-12 1.32043e-13 0.073397 0.0536979 0 0 0 0 0 0 0 0 0 0 0 0 0 0 0 0 0 0 0 0 0 0 0 0 0 0 0 0 0 0 0 0 0 0 0 0 0 0 0 0 0 0 0 0 0 0 0 0 0 0 0 0 0 0 0 0 0 0 0 0 0 0 0 0 0 0 0 0 0 0 0 0 0 0 0 0 0 0 0 0 0 0 0 0 0 0 0 0 0 0 0 0 0 0 0 0 0 0 0 0 0 0 0 0 0 0 0 0 0 0 0 0 0 0 0 0 0 0 0 0 0 0 0 0 0 0 0 0 0 0 0 0 0 0 0 0
0.136067 1.48048e-12 1.37115e-12 1.09336e-13 0.0738519 0.0503484 0 0 0 0 0 0 0 0 0 0 0 0 0 0 0 0 0 0 0 0 0 0 0 0 0 0 0 0 0 0 0 0 0 0 0 0 0 0 0 0 0 0 0 0 0 0 0 0 0 0 0 0 0 0 0 0 0 0 0 0 0 0 0 0 0 0 0 0 0 0 0 0 0 0 0 0 0 0 0 0 0 0 0 0 0 0 0 0 0 0 0 0 0 0 0 0 0 0 0 0 0 0 0 0 0 0 0 0 0 0 0 0 0 0 0 0 0 0 0 0 0 0 0 0 0 0 0 0 0 0 0 0 0 0 0 0
0.143051 1.1352e-12 1.04721e-12 8.79912e-14 0.0775119 0.0477994 0 0 0 0 0 0 0 0 0 0 0 0 0 0 0 0 0 0 0 0 0 0 0 0 0 0 0 0 0 0 0 0 0 0 0 0 0 0 0 0 0 0 0 0 0 0 0 0 0 0 0 0 0 0 0 0 0 0 0 0 0 0 0 0 0 0 0 0 0 0 0 0 0 0 0 0 0 0 0 0 0 0 0 0 0 0 0 0 0 0 0 0 0 0 0 0 0 0 0 0 0 0 0 0 0 0 0 0 0 0 0 0 0 0 0 0 0 0 0 0 0 0 0 0 0 0 0 0 0 0 0 0 0 0 0 0
0.150394 8.0299e-13 7.35029e-13 6.79609e-14 0.0846348 0.0456309 0 0 0 0 0 0 0 0 0 0 0 0 0 0 0 0 0 0 0 0 0 0 0 0 0 0 0 0 0 0 0 0 0 0 0 0 0 0 0 0 0 0 0 0 0 0 0 0 0 0 0 0 0 0 0 0 0 0 0 0 0 0 0 0 0 0 0 0 0 0 0 0 0 0 0 0 0 0 0 0 0 0 0 0 0 0 0 0 0 0 0 0 0 0 0 0 0 0 0 0 0 0 0 0 0 0 0 0 0 0 0 0 0 0 0 0 0 0 0 0 0 0 0 0 0 0 0 0 0 0 0 0 0 0 0 0
0.158114 5.33312e-13 4.82699e-13 5.06133e-14 0.0949037 0.0417751 0 0 0 0 0 0 0 0 0 0 0 0 0 0 0 0 0 0 0 0 0 0 0 0 0 0 0 0 0 0 0 0 0 0 0 0 0 0 0 0 0 0 0 0 0 0 0 0 0 0 0 0 0 0 0 0 0 0 0 0 0 0 0 0 0 0 0 0 0 0 0 0 0 0 0 0 0 0 0 0 0 0 0 0 0 0 0 0 0 0 0 0 0 0 0 0 0 0 0 0 0 0 0 0 0 0 0 0 0 0 0 0 0 0 0 0 0 0 0 0 0 0 0 0 0 0 0 0 0 0 0 0 0 0 0 0
0.16623 3.48261e-13 3.11305e-13 3.69567e-14 0.106118 0.0371291 0 0 0 0 0 0 0 0 0 0 0 0 0 0 0 0 0 0 0 0 0 0 0 0 0 0 0 0 0 0 0 0 0 0 0 0 0 0 0 0 0 0 0 0 0 0 0 0 0 0 0 0 0 0 0 0 0 0 0 0 0 0 0 0 0 0 0 0 0 0 0 0 0 0 0 0 0 0 0 0 0 0 0 0 0 0 0 0 0 0 0 0 0 0 0 0 0 0 0 0 0 0 0 0 0 0 0 0 0 0 0 0 0 0 0 0 0 0 0 0 0 0 0 0 0 0 0 0 0 0 0 0 0 0 0 0
0.174762 2.46419e-13 2.19211e-13 2.7208e-14 0.110414 0.0327413 0 0 0 0 0 0 0 0 0 0 0 0 0 0 0 0 0 0 0 0 0 0 0 0 0 0 0 0 0 0 0 0 0 0 0 0 0 0 0 0 0 0 0 0 0 0 0 0 0 0 0 0 0 0 0 0 0 0 0 0 0 0 0 0 0 0 0 0 0 0 0 0 0 0 0 0 0 0 0 0 0 0 0 0 0 0 0 0 0 0 0 0 0 0 0 0 0 0 0 0 0 0 0 0 0 0 0 0 0 0 0 0 0 0 0 0 0 0 0 0 0 0 0 0 0 0 0 0 0 0 0 0 0 0 0 0
0.183733 1.74658e-13 1.54535e-13 2.01227e-14 0.115212 0.0288755 0 0 0 0 0 0 0 0 0 0 0 0 0 0 0 0 0 0 0 0 0 0 0 0 0 0 0 0 0 0 0 0 0 0 0 0 0 0 0 0 0 0 0 0 0 0 0 0 0 0 0 0 0 0 0 0 0 0 0 0 0 0 0 0 0 0 0 0 0 0 0 0 0 0 0 0 0 0 0 0 0 0 0 0 0 0 0 0 0 0 0 0 0 0 0 0 0 0 0 0 0 0 0 0 0 0 0 0 0 0 0 0 0 0 0 0 0 0 0 0 0 0 0 0 0 0 0 0 0 0 0 0 0 0 0 0
0.193164 1.30827e-13 1.15791e-13 1.50351e-14 0.114924 0.0255463 0 0 0 0 0 0 0 0 0 0 0 0 0 0 0 0 0 0 0 0 0 0 0 0 0 0 0 0 0 0 0 0 0 0 0 0 0 0 0 0 0 0 0 0 0 0 0 0 0 0 0 0 0 0 0 0 0 0 0 0 0 0 0 0 0 0 0 0 0 0 0 0 0 0 0 0 0 0 0 0 0 0 0 0 0 0 0 0 0 0 0 0 0 0 0 0 0 0 0 0 0 0 0 0 0 0 0 0 0 0 0 0 0 0 0 0 0 0 0 0 0 0 0 0 0 0 0 0 0 0 0 0 0 0 0 0
0.203079 1.17556e-13 1.06162e-13 1.13939e-14 0.0969228 0.0226717 0 0 0 0 0 0 0 0 0 0 0 0 0 0 0 0 0 0 0 0 0 0 0 0 0 0 0 0 0 0 0 0 0 0 0 0 0 0 0 0 0 0 0 0 0 0 0 0 0 0 0 0 0 0 0 0 0 0 0 0 0 0 0 0 0 0 0 0 0 0 0 0 0 0 0 0 0 0 0 0 0 0 0 0 0 0 0 0 0 0 0 0 0 0 0 0 0 0 0 0 0 0 0 0 0 0 0 0 0 0 0 0 0 0 0 0 0 0 0 0 0 0 0 0 0 0 0 0 0 0 0 0 0 0 0 0
0.213503 1.0986e-13 1.01073e-13 8.78738e-15 0.0799867 0.0201663 0 0 0 0 0 0 0 0 0 0 0 0 0 0 0 0 0 0 0 0 0 0 0 0 0 0 0 0 0 0 0 0 0 0 0 0 0 0 0 0 0 0 0 0 0 0 0 0 0 0 0 0 0 0 0 0 0 0 0 0 0 0 0 0 0 0 0 0 0 0 0 0 0 0 0 0 0 0 0 0 0 0 0 0 0 0 0 0 0 0 0 0 0 0 0 0 0 0 0 0 0 0 0 0 0 0 0 0 0 0 0 0 0 0 0 0 0 0 0 0 0 0 0 0 0 0 0 0 0 0 0 0 0 0 0 0
0.224463 1.0195e-13 9.50513e-14 6.89914e-15 0.0676715 0.0179908 0 0 0 0 0 0 0 0 0 0 0 0 0 0 0 0 0 0 0 0 0 0 0 0 0 0 0 0 0 0 0 0 0 0 0 0 0 0 0 0 0 0 0 0 0 0 0 0 0 0 0 0 0 0 0 0 0 0 0 0 0 0 0 0 0 0 0 0 0 0 0 0 0 0 0 0 0 0 0 0 0 0 0 0 0 0 0 0 0 0 0 0 0 0 0 0 0 0 0 0 0 0 0 0 0 0 0 0 0 0 0 0 0 0 0 0 0 0 0 0 0 0 0 0 0 0 0 0 0 0 0 0 0 0 0 0
0.235984 9.5795e-14 9.03426e-14 5.45237e-15 0.0569171 0.0161057 0 0 0 0 0 0 0 0 0 0 0 0 0 0 0 0 0 0 0 0 0 0 0 0 0 0 0 0 0 0 0 0 0 0 0 0 0 0 0 0 0 0 0 0 0 0 0 0 0 0 0 0 0 0 0 0 0 0 0 0 0 0 0 0 0 0 0 0 0 0 0 0 0 0 0 0 0 0 0 0 0 0 0 0 0 0 0 0 0 0 0 0 0 0 0 0 0 0 0 0 0 0 0 0 0 0 0 0 0 0 0 0 0 0 0 0 0 0 0 0 0 0 0 0 0 0 0 0 0 0 0 0 0 0 0 0
0.248097 9.05057e-14 8.61734e-14 4.33226e-15 0.0478673 0.0144575 0 0 0 0 0 0 0 0 0 0 0 0 0 0 0 0 0 0 0 0 0 0 0 0 0 0 0 0 0 0 0 0 0 0 0 0 0 0 0 0 0 0 0 0 0 0 0 0 0 0 0 0 0 0 0 0 0 0 0 0 0 0 0 0 0 0 0 0 0 0 0 0 0 0 0 0 0 0 0 0 0 0 0 0 0 0 0 0 0 0 0 0 0 0 0 0 0 0 0 0 0 0 0 0 0 0 0 0 0 0 0 0 0 0 0 0 0 0 0 0 0 0 0 0 0 0 0 0 0 0 0 0 0 0 0 0
0.260832 8.60237e-14 8.25595e-14 3.46424e-15 0.0402708 0.0129993 0 0 0 0 0 0 0 0 0 0 0 0 0 0 0 0 0 0 0 0 0 0 0 0 0 0 0 0 0 0 0 0 0 0 0 0 0 0 0 0 0 0 0 0 0 0 0 0 0 0 0 0 0 0 0 0 0 0 0 0 0 0 0 0 0 0 0 0 0 0 0 0 0 0 0 0 0 0 0 0 0 0 0 0 0 0 0 0 0 0 0 0 0 0 0 0 0 0 0 0 0 0 0 0 0 0 0 0 0 0 0 0 0 0 0 0 0 0 0 0 0 0 0 0 0 0 0 0 0 0 0 0 0 0 0 0
0.274221 8.18146e-14 7.90339e-14 2.78076e-15 0.0339885 0.0117001 0 0 0 0 0 0 0 0 0 0 0 0 0 0 0 0 0 0 0 0 0 0 0 0 0 0 0 0 0 0 0 0 0 0 0 0 0 0 0 0 0 0 0 0 0 0 0 0 0 0 0 0 0 0 0 0 0 0 0 0 0 0 0 0 0 0 0 0 0 0 0 0 0 0 0 0 0 0 0 0 0 0 0 0 0 0 0 0 0 0 0 0 0 0 0 0 0 0 0 0 0 0 0 0 0 0 0 0 0 0 0 0 0 0 0 0 0 0 0 0 0 0 0 0 0 0 0 0 0 0 0 0 0 0 0 0
0.288297 7.7792e-14 7.55519e-14 2.24007e-15 0.0287957 0.010542 0 0 0 0 0 0 0 0 0 0 0 0 0 0 0 0 0 0 0 0 0 0 0 0 0 0 0 0 0 0 0 0 0 0 0 0 0 0 0 0 0 0 0 0 0 0 0 0 0 0 0 0 0 0 0 0 0 0 0 0 0 0 0 0 0 0 0 0 0 0 0 0 0 0 0 0 0 0 0 0 0 0 0 0 0 0 0 0 0 0 0 0 0 0 0 0 0 0 0 0 0 0 0 0 0 0 0 0 0 0 0 0 0 0 0 0 0 0 0 0 0 0 0 0 0 0 0 0 0 0 0 0 0 0 0 0
0.303095 7.39537e-14 7.21449e-14 1.80882e-15 0.0244589 0.00950562 0 0 0 0 0 0 0 0 0 0 0 0 0 0 0 0 0 0 0 0 0 0 0 0 0 0 0 0 0 0 0 0 0 0 0 0 0 0 0 0 0 0 0 0 0 0 0 0 0 0 0 0 0 0 0 0 0 0 0 0 0 0 0 0 0 0 0 0 0 0 0 0 0 0 0 0 0 0 0 0 0 0 0 0 0 0 0 0 0 0 0 0 0 0 0 0 0 0 0 0 0 0 0 0 0 0 0 0 0 0 0 0 0 0 0 0 0 0 0 0 0 0 0 0 0 0 0 0 0 0 0 0 0 0 0 0
0.318653 7.02797e-14 6.88154e-14 1.46429e-15 0.0208351 0.00857484 0 0 0 0 0 0 0 0 0 0 0 0 0 0 0 0 0 0 0 0 0 0 0 0 0 0 0 0 0 0 0 0 0 0 0 0 0 0 0 0 0 0 0 0 0 0 0 0 0 0 0 0 0 0 0 0 0 0 0 0 0 0 0 0 0 0 0 0 0 0 0 0 0 0 0 0 0 0 0 0 0 0 0 0 0 0 0 0 0 0 0 0 0 0 0 0 0 0 0 0 0 0 0 0 0 0 0 0 0 0 0 0 0 0 0 0 0 0 0 0 0 0 0 0 0 0 0 0 0 0 0 0 0 0 0 0
0.335009 6.67733e-14 6.55857e-14 1.18765e-15 0.0177862 0.00773848 0 0 0 0 0 0 0 0 0 0 0 0 0 0 0 0 0 0 0 0 0 0 0 0 0 0 0 0 0 0 0 0 0 0 0 0 0 0 0 0 0 0 0 0 0 0 0 0 0 0 0 0 0 0 0 0 0 0 0 0 0 0 0 0 0 0 0 0 0 0 0 0 0 0 0 0 0 0 0 0 0 0 0 0 0 0 0 0 0 0 0 0 0 0 0 0 0 0 0 0 0 0 0 0 0 0 0 0 0 0 0 0 0 0 0 0 0 0 0 0 0 0 0 0 0 0 0 0 0 0 0 0 0 0 0 0
0.352205 6.34375e-14 6.24727e-14 9.64845e-16 0.0152094 0.00698652 0 0 0 0 0 0 0 0 0 0 0 0 0 0 0 0 0 0 0 0 0 0 0 0 0 0 0 0 0 0 0 0 0 0 0 0 0 0 0 0 0 0 0 0 0 0 0 0 0 0 0 0 0 0 0 0 0 0 0 0 0 0 0 0 0 0 0 0 0 0 0 0 0 0 0 0 0 0 0 0 0 0 0 0 0 0 0 0 0 0 0 0 0 0 0 0 0 0 0 0 0 0 0 0 0 0 0 0 0 0 0 0 0 0 0 0 0 0 0 0 0 0 0 0 0 0 0 0 0 0 0 0 0 0 0 0
0.370284 6.02568e-14 5.94715e-14 7.85319e-16 0.0130329 0.00630974 0 0 0 0 0 0 0 0 0 0 0 0 0 0 0 0 0 0 0 0 0 0 0 0 0 0 0 0 0 0 0 0 0 0 0 0 0 0 0 0 0 0 0 0 0 0 0 0 0 0 0 0 0 0 0 0 0 0 0 0 0 0 0 0 0 0 0 0 0 0 0 0 0 0 0 0 0 0 0 0 0 0 0 0 0 0 0 0 0 0 0 0 0 0 0 0 0 0 0 0 0 0 0 0 0 0 0 0 0 0 0 0 0 0 0 0 0 0 0 0 0 0 0 0 0 0 0 0 0 0 0 0 0 0 0 0
0.389291 5.72345e-14 5.65948e-14 6.39702e-16 0.0111769 0.00570018 0 0 0 0 0 0 0 0 0 0 0 0 0 0 0 0 0 0 0 0 0 0 0 0 0 0 0 0 0 0 0 0 0 0 0 0 0 0 0 0 0 0 0 0 0 0 0 0 0 0 0 0 0 0 0 0 0 0 0 0 0 0 0 0 0 0 0 0 0 0 0 0 0 0 0 0 0 0 0 0 0 0 0 0 0 0 0 0 0 0 0 0 0 0 0 0 0 0 0 0 0 0 0 0 0 0 0 0 0 0 0 0 0 0 0 0 0 0 0 0 0 0 0 0 0 0 0 0 0 0 0 0 0 0 0 0
0.409273 5.43569e-14 5.38351e-14 5.21802e-16 0.00959956 0.00515047 0 0 0 0 0 0 0 0 0 0 0 0 0 0 0 0 0 0 0 0 0 0 0 0 0 0 0 0 0 0 0 0 0 0 0 0 0 0 0 0 0 0 0 0 0 0 0 0 0 0 0 0 0 0 0 0 0 0 0 0 0 0 0 0 0 0 0 0 0 0 0 0 0 0 0 0 0 0 0 0 0 0 0 0 0 0 0 0 0 0 0 0 0 0 0 0 0 0 0 0 0 0 0 0 0 0 0 0 0 0 0 0 0 0 0 0 0 0 0 0 0 0 0 0 0 0 0 0 0 0 0 0 0 0 0 0
0.430281 5.1627e-14 5.12011e-14 4.25916e-16 0.00824986 0.00465429 0 0 0 0 0 0 0 0 0 0 0 0 0 0 0 0 0 0 0 0 0 0 0 0 0 0 0 0 0 0 0 0 0 0 0 0 0 0 0 0 0 0 0 0 0 0 0 0 0 0 0 0 0 0 0 0 0 0 0 0 0 0 0 0 0 0 0 0 0 0 0 0 0 0 0 0 0 0 0 0 0 0 0 0 0 0 0 0 0 0 0 0 0 0 0 0 0 0 0 0 0 0 0 0 0 0 0 0 0 0 0 0 0 0 0 0 0 0 0 0 0 0 0 0 0 0 0 0 0 0 0 0 0 0 0 0
0.452368 4.90334e-14 4.86855e-14 3.47909e-16 0.00709535 0.00420769 0 0 0 0 0 0 0 0 0 0 0 0 0 0 0 0 0 0 0 0 0 0 0 0 0 0 0 0 0 0 0 0 0 0 0 0 0 0 0 0 0 0 0 0 0 0 0 0 0 0 0 0 0 0 0 0 0 0 0 0 0 0 0 0 0 0 0 0 0 0 0 0 0 0 0 0 0 0 0 0 0 0 0 0 0 0 0 0 0 0 0 0 0 0 0 0 0 0 0 0 0 0 0 0 0 0 0 0 0 0 0 0 0 0 0 0 0 0 0 0 0 0 0 0 0 0 0 0 0 0 0 0 0 0 0 0
0.475588 4.65693e-14 4.6285e-14 2.84345e-16 0.00610584 0.00380404 0 0 0 0 0 0 0 0 0 0 0 0 0 0 0 0 0 0 0 0 0 0 0 0 0 0 0 0 0 0 0 0 0 0 0 0 0 0 0 0 0 0 0 0 0 0 0 0 0 0 0 0 0 0 0 0 0 0 0 0 0 0 0 0 0 0 0 0 0 0 0 0 0 0 0 0 0 0 0 0 0 0 0 0 0 0 0 0 0 0 0 0 0 0 0 0 0 0 0 0 0 0 0 0 0 0 0 0 0 0 0 0 0 0 0 0 0 0 0 0 0 0 0 0 0 0 0 0 0 0 0 0 0 0 0 0
0.5 4.42278e-14 4.39953e-14 2.32539e-16 0.00525775 0.00343925 0 0 0 0 0 0 0 0 0 0 0 0 0 0 0 0 0 0 0 0 0 0 0 0 0 0 0 0 0 0 0 0 0 0 0 0 0 0 0 0 0 0 0 0 0 0 0 0 0 0 0 0 0 0 0 0 0 0 0 0 0 0 0 0 0 0 0 0 0 0 0 0 0 0 0 0 0 0 0 0 0 0 0 0 0 0 0 0 0 0 0 0 0 0 0 0 0 0 0 0 0 0 0 0 0 0 0 0 0 0 0 0 0 0 0 0 0 0 0 0 0 0 0 0 0 0 0 0 0 0 0 0 0 0 0 0
0.525665 4.20048e-14 4.18145e-14 1.90299e-16 0.00453041 0.00310965 0 0 0 0 0 0 0 0 0 0 0 0 0 0 0 0 0 0 0 0 0 0 0 0 0 0 0 0 0 0 0 0 0 0 0 0 0 0 0 0 0 0 0 0 0 0 0 0 0 0 0 0 0 0 0 0 0 0 0 0 0 0 0 0 0 0 0 0 0 0 0 0 0 0 0 0 0 0 0 0 0 0 0 0 0 0 0 0 0 0 0 0 0 0 0 0 0 0 0 0 0 0 0 0 0 0 0 0 0 0 0 0 0 0 0 0 0 0 0 0 0 0 0 0 0 0 0 0 0 0 0 0 0 0 0 0
0.552648 3.98905e-14 3.97347e-14 1.55824e-16 0.0039063 0.00281205 0 0 0 0 0 0 0 0 0 0 0 0 0 0 0 0 0 0 0 0 0 0 0 0 0 0 0 0 0 0 0 0 0 0 0 0 0 0 0 0 0 0 0 0 0 0 0 0 0 0 0 0 0 0 0 0 0 0 0 0 0 0 0 0 0 0 0 0 0 0 0 0 0 0 0 0 0 0 0 0 0 0 0 0 0 0 0 0 0 0 0 0 0 0 0 0 0 0 0 0 0 0 0 0 0 0 0 0 0 0 0 0 0 0 0 0 0 0 0 0 0 0 0 0 0 0 0 0 0 0 0 0 0 0 0 0
0.581015 3.78919e-14 3.77643e-14 1.2755e-16 0.00336617 0.00254361 0 0 0 0 0 0 0 0 0 0 0 0 0 0 0 0 0 0 0 0 0 0 0 0 0 0 0 0 0 0 0 0 0 0 0 0 0 0 0 0 0 0 0 0 0 0 0 0 0 0 0 0 0 0 0 0 0 0 0 0 0 0 0 0 0 0 0 0 0 0 0 0 0 0 0 0 0 0 0 0 0 0 0 0 0 0 0 0 0 0 0 0 0 0 0 0 0 0 0 0 0 0 0 0 0 0 0 0 0 0 0 0 0 0 0 0 0 0 0 0 0 0 0 0 0 0 0 0 0 0 0 0 0 0 0 0
0.610839 3.59964e-14 3.5892e-14 1.04428e-16 0.00290106 0.00230061 0 0 0 0 0 0 0 0 0 0 0 0 0 0 0 0 0 0 0 0 0 0 0 0 0 0 0 0 0 0 0 0 0 0 0 0 0 0 0 0 0 0 0 0 0 0 0 0 0 0 0 0 0 0 0 0 0 0 0 0 0 0 0 0 0 0 0 0 0 0 0 0 0 0 0 0 0 0 0 0 0 0 0 0 0 0 0 0 0 0 0 0 0 0 0 0 0 0 0 0 0 0 0 0 0 0 0 0 0 0 0 0 0 0 0 0 0 0 0 0 0 0 0 0 0 0 0 0 0 0 0 0 0 0 0 0
0.642193 3.41797e-14 3.40941e-14 8.55483e-17 0.0025029 0.00208067 0 0 0 0 0 0 0 0 0 0 0 0 0 0 0 0 0 0 0 0 0 0 0 0 0 0 0 0 0 0 0 0 0 0 0 0 0 0 0 0 0 0 0 0 0 0 0 0 0 0 0 0 0 0 0 0 0 0 0 0 0 0 0 0 0 0 0 0 0 0 0 0 0 0 0 0 0 0 0 0 0 0 0 0 0 0 0 0 0 0 0 0 0 0 0 0 0 0 0 0 0 0 0 0 0 0 0 0 0 0 0 0 0 0 0 0 0 0 0 0 0 0 0 0 0 0 0 0 0 0 0 0 0 0 0 0
0.675157 3.24654e-14 3.23953e-14 7.00801e-17 0.00215861 0.00188225 0 0 0 0 0 0 0 0 0 0 0 0 0 0 0 0 0 0 0 0 0 0 0 0 0 0 0 0 0 0 0 0 0 0 0 0 0 0 0 0 0 0 0 0 0 0 0 0 0 0 0 0 0 0 0 0 0 0 0 0 0 0 0 0 0 0 0 0 0 0 0 0 0 0 0 0 0 0 0 0 0 0 0 0 0 0 0 0 0 0 0 0 0 0 0 0 0 0 0 0 0 0 0 0 0 0 0 0 0 0 0 0 0 0 0 0 0 0 0 0 0 0 0 0 0 0 0 0 0 0 0 0 0 0 0 0
0.709813 3.085e-14 3.07926e-14 5.73991e-17 0.00186059 0.0017028 0 0 0 0 0 0 0 0 0 0 0 0 0 0 0 0 0 0 0 0 0 0 0 0 0 0 0 0 0 0 0 0 0 0 0 0 0 0 0 0 0 0 0 0 0 0 0 0 0 0 0 0 0 0 0 0 0 0 0 0 0 0 0 0 0 0 0 0 0 0 0 0 0 0 0 0 0 0 0 0 0 0 0 0 0 0 0 0 0 0 0 0 0 0 0 0 0 0 0 0 0 0 0 0 0 0 0 0 0 0 0 0 0 0 0 0 0 0 0 0 0 0 0 0 0 0 0 0 0 0 0 0 0 0 0 0
0.746248 2.93203e-14 2.92733e-14 4.70225e-17 0.00160375 0.00154036 0 0 0 0 0 0 0 0 0 0 0 0 0 0 0 0 0 0 0 0 0 0 0 0 0 0 0 0 0 0 0 0 0 0 0 0 0 0 0 0 0 0 0 0 0 0 0 0 0 0 0 0 0 0 0 0 0 0 0 0 0 0 0 0 0 0 0 0 0 0 0 0 0 0 0 0 0 0 0 0 0 0 0 0 0 0 0 0 0 0 0 0 0 0 0 0 0 0 0 0 0 0 0 0 0 0 0 0 0 0 0 0 0 0 0 0 0 0 0 0 0 0 0 0 0 0 0 0 0 0 0 0 0 0 0 0
0.784553 2.78692e-14 2.78307e-14 3.85094e-17 0.00138179 0.00139331 0 0 0 0 0 0 0 0 0 0 0 0 0 0 0 0 0 0 0 0 0 0 0 0 0 0 0 0 0 0 0 0 0 0 0 0 0 0 0 0 0 0 0 0 0 0 0 0 0 0 0 0 0 0 0 0 0 0 0 0 0 0 0 0 0 0 0 0 0 0 0 0 0 0 0 0 0 0 0 0 0 0 0 0 0 0 0 0 0 0 0 0 0 0 0 0 0 0 0 0 0 0 0 0 0 0 0 0 0 0 0 0 0 0 0 0 0 0 0 0 0 0 0 0 0 0 0 0 0 0 0 0 0 0 0 0
0.824824 2.64938e-14 2.64623e-14 3.15416e-17 0.00119053 0.0012606 0 0 0 0 0 0 0 0 0 0 0 0 0 0 0 0 0 0 0 0 0 0 0 0 0 0 0 0 0 0 0 0 0 0 0 0 0 0 0 0 0 0 0 0 0 0 0 0 0 0 0 0 0 0 0 0 0 0 0 0 0 0 0 0 0 0 0 0 0 0 0 0 0 0 0 0 0 0 0 0 0 0 0 0 0 0 0 0 0 0 0 0 0 0 0 0 0 0 0 0 0 0 0 0 0 0 0 0 0 0 0 0 0 0 0 0 0 0 0 0 0 0 0 0 0 0 0 0 0 0 0 0 0 0 0 0
0.867162 2.51828e-14 2.51569e-14 2.58325e-17 0.0010258 0.00114059 0 0 0 0 0 0 0 0 0 0 0 0 0 0 0 0 0 0 0 0 0 0 0 0 0 0 0 0 0 0 0 0 0 0 0 0 0 0 0 0 0 0 0 0 0 0 0 0 0 0 0 0 0 0 0 0 0 0 0 0 0 0 0 0 0 0 0 0 0 0 0 0 0 0 0 0 0 0 0 0 0 0 0 0 0 0 0 0 0 0 0 0 0 0 0 0 0 0 0 0 0 0 0 0 0 0 0 0 0 0 0 0 0 0 0 0 0 0 0 0 0 0 0 0 0 0 0 0 0 0 0 0 0 0 0 0
0.911674 2.39575e-14 2.39364e-14 2.11464e-17 0.000882662 0.00103195 0 0 0 0 0 0 0 0 0 0 0 0 0 0 0 0 0 0 0 0 0 0 0 0 0 0 0 0 0 0 0 0 0 0 0 0 0 0 0 0 0 0 0 0 0 0 0 0 0 0 0 0 0 0 0 0 0 0 0 0 0 0 0 0 0 0 0 0 0 0 0 0 0 0 0 0 0 0 0 0 0 0 0 0 0 0 0 0 0 0 0 0 0 0 0 0 0 0 0 0 0 0 0 0 0 0 0 0 0 0 0 0 0 0 0 0 0 0 0 0 0 0 0 0 0 0 0 0 0 0 0 0 0 0 0 0
0.95847 2.28075e-14 2.27902e-14 1.72964e-17 0.000758363 0.000933619 0 0 0 0 0 0 0 0 0 0 0 0 0 0 0 0 0 0 0 0 0 0 0 0 0 0 0 0 0 0 0 0 0 0 0 0 0 0 0 0 0 0 0 0 0 0 0 0 0 0 0 0 0 0 0 0 0 0 0 0 0 0 0 0 0 0 0 0 0 0 0 0 0 0 0 0 0 0 0 0 0 0 0 0 0 0 0 0 0 0 0 0 0 0 0 0 0 0 0 0 0 0 0 0 0 0 0 0 0 0 0 0 0 0 0 0 0 0 0 0 0 0 0 0 0 0 0 0 0 0 0 0 0 0 0 0
1.00767 2.17186e-14 2.17045e-14 1.41128e-17 0.000649804 0.000844735 0 0 0 0 0 0 0 0 0 0 0 0 0 0 0 0 0 0 0 0 0 0 0 0 0 0 0 0 0 0 0 0 0 0 0 0 0 0 0 0 0 0 0 0 0 0 0 0 0 0 0 0 0 0 0 0 0 0 0 0 0 0 0 0 0 0 0 0 0 0 0 0 0 0 0 0 0 0 0 0 0 0 0 0 0 0 0 0 0 0 0 0 0 0 0 0 0 0 0 0 0 0 0 0 0 0 0 0 0 0 0 0 0 0 0 0 0 0 0 0 0 0 0 0 0 0 0 0 0 0 0 0 0 0 0 0
1.05939 2.11456e-14 2.11341e-14 1.15171e-17 0.000544655 0.000764347 0 0 0 0 0 0 0 0 0 0 0 0 0 0 0 0 0 0 0 0 0 0 0 0 0 0 0 0 0 0 0 0 0 0 0 0 0 0 0 0 0 0 0 0 0 0 0 0 0 0 0 0 0 0 0 0 0 0 0 0 0 0 0 0 0 0 0 0 0 0 0 0 0 0 0 0 0 0 0 0 0 0 0 0 0 0 0 0 0 0 0 0 0 0 0 0 0 0 0 0 0 0 0 0 0 0 0 0 0 0 0 0 0 0 0 0 0 0 0 0 0 0 0 0 0 0 0 0 0 0 0 0 0 0 0 0
1.11377 2.06669e-14 2.06575e-14 9.41307e-18 0.000455466 0.000691558 0 0 0 0 0 0 0 0 0 0 0 0 0 0 0 0 0 0 0 0 0 0 0 0 0 0 0 0 0 0 0 0 0 0 0 0 0 0 0 0 0 0 0 0 0 0 0 0 0 0 0 0 0 0 0 0 0 0 0 0 0 0 0 0 0 0 0 0 0 0 0 0 0 0 0 0 0 0 0 0 0 0 0 0 0 0 0 0 0 0 0 0 0 0 0 0 0 0 0 0 0 0 0 0 0 0 0 0 0 0 0 0 0 0 0 0 0 0 0 0 0 0 0 0 0 0 0 0 0 0 0 0 0 0 0 0
1.17094 2.02774e-14 2.02697e-14 7.70892e-18 0.000380174 0.000625649 0 0 0 0 0 0 0 0 0 0 0 0 0 0 0 0 0 0 0 0 0 0 0 0 0 0 0 0 0 0 0 0 0 0 0 0 0 0 0 0 0 0 0 0 0 0 0 0 0 0 0 0 0 0 0 0 0 0 0 0 0 0 0 0 0 0 0 0 0 0 0 0 0 0 0 0 0 0 0 0 0 0 0 0 0 0 0 0 0 0 0 0 0 0 0 0 0 0 0 0 0 0 0 0 0 0 0 0 0 0 0 0 0 0 0 0 0 0 0 0 0 0 0 0 0 0 0 0 0 0 0 0 0 0 0 0
1.23105 1.99314e-14 1.99251e-14 6.31122e-18 0.000316647 0.000566029 0 0 0 0 0 0 0 0 0 0 0 0 0 0 0 0 0 0 0 0 0 0 0 0 0 0 0 0 0 0 0 0 0 0 0 0 0 0 0 0 0 0 0 0 0 0 0 0 0 0 0 0 0 0 0 0 0 0 0 0 0 0 0 0 0 0 0 0 0 0 0 0 0 0 0 0 0 0 0 0 0 0 0 0 0 0 0 0 0 0 0 0 0 0 0 0 0 0 0 0 0 0 0 0 0 0 0 0 0 0 0 0 0 0 0 0 0 0 0 0 0 0 0 0 0 0 0 0 0 0 0 0 0 0 0 0
1.29424 1.95557e-14 1.95506e-14 5.16955e-18 0.000264349 0.000512108 0 0 0 0 0 0 0 0 0 0 0 0 0 0 0 0 0 0 0 0 0 0 0 0 0 0 0 0 0 0 0 0 0 0 0 0 0 0 0 0 0 0 0 0 0 0 0 0 0 0 0 0 0 0 0 0 0 0 0 0 0 0 0 0 0 0 0 0 0 0 0 0 0 0 0 0 0 0 0 0 0 0 0 0 0 0 0 0 0 0 0 0 0 0 0 0 0 0 0 0 0 0 0 0 0 0 0 0 0 0 0 0 0 0 0 0 0 0 0 0 0 0 0 0 0 0 0 0 0 0 0 0 0 0 0 0
1.36067 1.91344e-14 1.91301e-14 4.25259e-18 0.000222249 0.000463358 0 0 0 0 0 0 0 0 0 0 0 0 0 0 0 0 0 0 0 0 0 0 0 0 0 0 0 0 0 0 0 0 0 0 0 0 0 0 0 0 0 0 0 0 0 0 0 0 0 0 0 0 0 0 0 0 0 0 0 0 0 0 0 0 0 0 0 0 0 0 0 0 0 0 0 0 0 0 0 0 0 0 0 0 0 0 0 0 0 0 0 0 0 0 0 0 0 0 0 0 0 0 0 0 0 0 0 0 0 0 0 0 0 0 0 0 0 0 0 0 0 0 0 0 0 0 0 0 0 0 0 0 0 0 0 0
1.43051 1.86837e-14 1.86803e-14 3.46017e-18 0.000185197 0.000419157 0 0 0 0 0 0 0 0 0 0 0 0 0 0 0 0 0 0 0 0 0 0 0 0 0 0 0 0 0 0 0 0 0 0 0 0 0 0 0 0 0 0 0 0 0 0 0 0 0 0 0 0 0 0 0 0 0 0 0 0 0 0 0 0 0 0 0 0 0 0 0 0 0 0 0 0 0 0 0 0 0 0 0 0 0 0 0 0 0 0 0 0 0 0 0 0 0 0 0 0 0 0 0 0 0 0 0 0 0 0 0 0 0 0 0 0 0 0 0 0 0 0 0 0 0 0 0 0 0 0 0 0 0 0 0 0
1.50394 1.82201e-14 1.82173e-14 2.82829e-18 0.000155229 0.000379188 0 0 0 0 0 0 0 0 0 0 0 0 0 0 0 0 0 0 0 0 0 0 0 0 0 0 0 0 0 0 0 0 0 0 0 0 0 0 0 0 0 0 0 0 0 0 0 0 0 0 0 0 0 0 0 0 0 0 0 0 0 0 0 0 0 0 0 0 0 0 0 0 0 0 0 0 0 0 0 0 0 0 0 0 0 0 0 0 0 0 0 0 0 0 0 0 0 0 0 0 0 0 0 0 0 0 0 0 0 0 0 0 0 0 0 0 0 0 0 0 0 0 0 0 0 0 0 0 0 0 0 0 0 0 0 0
1.58114 1.77719e-14 1.77696e-14 2.31436e-18 0.000130225 0.000343075 0 0 0 0 0 0 0 0 0 0 0 0 0 0 0 0 0 0 0 0 0 0 0 0 0 0 0 0 0 0 0 0 0 0 0 0 0 0 0 0 0 0 0 0 0 0 0 0 0 0 0 0 0 0 0 0 0 0 0 0 0 0 0 0 0 0 0 0 0 0 0 0 0 0 0 0 0 0 0 0 0 0 0 0 0 0 0 0 0 0 0 0 0 0 0 0 0 0 0 0 0 0 0 0 0 0 0 0 0 0 0 0 0 0 0 0 0 0 0 0 0 0 0 0 0 0 0 0 0 0 0 0 0 0 0 0
1.6623 1.73628e-14 1.73609e-14 1.89362e-18 0.000109062 0.000310343 0 0 0 0 0 0 0 0 0 0 0 0 0 0 0 0 0 0 0 0 0 0 0 0 0 0 0 0 0 0 0 0 0 0 0 0 0 0 0 0 0 0 0 0 0 0 0 0 0 0 0 0 0 0 0 0 0 0 0 0 0 0 0 0 0 0 0 0 0 0 0 0 0 0 0 0 0 0 0 0 0 0 0 0 0 0 0 0 0 0 0 0 0 0 0 0 0 0 0 0 0 0 0 0 0 0 0 0 0 0 0 0 0 0 0 0 0 0 0 0 0 0 0 0 0 0 0 0 0 0 0 0 0 0 0 0
1.74763 1.7016e-14 1.70144e-14 1.54922e-18 9.10448e-05 0.000280712 0 0 0 0 0 0 0 0 0 0 0 0 0 0 0 0 0 0 0 0 0 0 0 0 0 0 0 0 0 0 0 0 0 0 0 0 0 0 0 0 0 0 0 0 0 0 0 0 0 0 0 0 0 0 0 0 0 0 0 0 0 0 0 0 0 0 0 0 0 0 0 0 0 0 0 0 0 0 0 0 0 0 0 0 0 0 0 0 0 0 0 0 0 0 0 0 0 0 0 0 0 0 0 0 0 0 0 0 0 0 0 0 0 0 0 0 0 0 0 0 0 0 0 0 0 0 0 0 0 0 0 0 0 0 0 0
1.83733 1.6757e-14 1.67557e-14 1.2669e-18 7.56044e-05 0.000253878 0 0 0 0 0 0 0 0 0 0 0 0 0 0 0 0 0 0 0 0 0 0 0 0 0 0 0 0 0 0 0 0 0 0 0 0 0 0 0 0 0 0 0 0 0 0 0 0 0 0 0 0 0 0 0 0 0 0 0 0 0 0 0 0 0 0 0 0 0 0 0 0 0 0 0 0 0 0 0 0 0 0 0 0 0 0 0 0 0 0 0 0 0 0 0 0 0 0 0 0 0 0 0 0 0 0 0 0 0 0 0 0 0 0 0 0 0 0 0 0 0 0 0 0 0 0 0 0 0 0 0 0 0 0 0 0
1.93164 1.65973e-14 1.65963e-14 1.03568e-18 6.24006e-05 0.000229637 0 0 0 0 0 0 0 0 0 0 0 0 0 0 0 0 0 0 0 0 0 0 0 0 0 0 0 0 0 0 0 0 0 0 0 0 0 0 0 0 0 0 0 0 0 0 0 0 0 0 0 0 0 0 0 0 0 0 0 0 0 0 0 0 0 0 0 0 0 0 0 0 0 0 0 0 0 0 0 0 0 0 0 0 0 0 0 0 0 0 0 0 0 0 0 0 0 0 0 0 0 0 0 0 0 0 0 0 0 0 0 0 0 0 0 0 0 0 0 0 0 0 0 0 0 0 0 0 0 0 0 0 0 0 0 0
2.03079 1.65353e-14 1.65345e-14 8.4709e-19 5.12291e-05 0.000207706 0 0 0 0 0 0 0 0 0 0 0 0 0 0 0 0 0 0 0 0 0 0 0 0 0 0 0 0 0 0 0 0 0 0 0 0 0 0 0 0 0 0 0 0 0 0 0 0 0 0 0 0 0 0 0 0 0 0 0 0 0 0 0 0 0 0 0 0 0 0 0 0 0 0 0 0 0 0 0 0 0 0 0 0 0 0 0 0 0 0 0 0 0 0 0 0 0 0 0 0 0 0 0 0 0 0 0 0 0 0 0 0 0 0 0 0 0 0 0 0 0 0 0 0 0 0 0 0 0 0 0 0 0 0 0 0
2.13503 1.65485e-14 1.65478e-14 6.93521e-19 4.19084e-05 0.000187833 0 0 0 0 0 0 0 0 0 0 0 0 0 0 0 0 0 0 0 0 0 0 0 0 0 0 0 0 0 0 0 0 0 0 0 0 0 0 0 0 0 0 0 0 0 0 0 0 0 0 0 0 0 0 0 0 0 0 0 0 0 0 0 0 0 0 0 0 0 0 0 0 0 0 0 0 0 0 0 0 0 0 0 0 0 0 0 0 0 0 0 0 0 0 0 0 0 0 0 0 0 0 0 0 0 0 0 0 0 0 0 0 0 0 0 0 0 0 0 0 0 0 0 0 0 0 0 0 0 0 0 0 0 0 0 0
2.24463 1.65811e-14 1.65805e-14 5.68305e-19 3.42743e-05 0.000169833 0 0 0 0 0 0 0 0 0 0 0 0 0 0 0 0 0 0 0 0 0 0 0 0 0 0 0 0 0 0 0 0 0 0 0 0 0 0 0 0 0 0 0 0 0 0 0 0 0 0 0 0 0 0 0 0 0 0 0 0 0 0 0 0 0 0 0 0 0 0 0 0 0 0 0 0 0 0 0 0 0 0 0 0 0 0 0 0 0 0 0 0 0 0 0 0 0 0 0 0 0 0 0 0 0 0 0 0 0 0 0 0 0 0 0 0 0 0 0 0 0 0 0 0 0 0 0 0 0 0 0 0 0 0 0 0
2.35984 1.6618e-14 1.66175e-14 4.65959e-19 2.80394e-05 0.000153574 0 0 0 0 0 0 0 0 0 0 0 0 0 0 0 0 0 0 0 0 0 0 0 0 0 0 0 0 0 0 0 0 0 0 0 0 0 0 0 0 0 0 0 0 0 0 0 0 0 0 0 0 0 0 0 0 0 0 0 0 0 0 0 0 0 0 0 0 0 0 0 0 0 0 0 0 0 0 0 0 0 0 0 0 0 0 0 0 0 0 0 0 0 0 0 0 0 0 0 0 0 0 0 0 0 0 0 0 0 0 0 0 0 0 0 0 0 0 0 0 0 0 0 0 0 0 0 0 0 0 0 0 0 0 0 0
2.48097 1.66815e-14 1.66811e-14 3.82188e-19 2.2911e-05 0.000138841 0 0 0 0 0 0 0 0 0 0 0 0 0 0 0 0 0 0 0 0 0 0 0 0 0 0 0 0 0 0 0 0 0 0 0 0 0 0 0 0 0 0 0 0 0 0 0 0 0 0 0 0 0 0 0 0 0 0 0 0 0 0 0 0 0 0 0 0 0 0 0 0 0 0 0 0 0 0 0 0 0 0 0 0 0 0 0 0 0 0 0 0 0 0 0 0 0 0 0 0 0 0 0 0 0 0 0 0 0 0 0 0 0 0 0 0 0 0 0 0 0 0 0 0 0 0 0 0 0 0 0 0 0 0 0 0
2.60832 1.67738e-14 1.67734e-14 3.13665e-19 1.86997e-05 0.000125507 0 0 0 0 0 0 0 0 0 0 0 0 0 0 0 0 0 0 0 0 0 0 0 0 0 0 0 0 0 0 0 0 0 0 0 0 0 0 0 0 0 0 0 0 0 0 0 0 0 0 0 0 0 0 0 0 0 0 0 0 0 0 0 0 0 0 0 0 0 0 0 0 0 0 0 0 0 0 0 0 0 0 0 0 0 0 0 0 0 0 0 0 0 0 0 0 0 0 0 0 0 0 0 0 0 0 0 0 0 0 0 0 0 0 0 0 0 0 0 0 0 0 0 0 0 0 0 0 0 0 0 0 0 0 0 0
2.74221 1.69168e-14 1.69165e-14 2.57631e-19 1.52293e-05 0.000113442 0 0 0 0 0 0 0 0 0 0 0 0 0 0 0 0 0 0 0 0 0 0 0 0 0 0 0 0 0 0 0 0 0 0 0 0 0 0 0 0 0 0 0 0 0 0 0 0 0 0 0 0 0 0 0 0 0 0 0 0 0 0 0 0 0 0 0 0 0 0 0 0 0 0 0 0 0 0 0 0 0 0 0 0 0 0 0 0 0 0 0 0 0 0 0 0 0 0 0 0 0 0 0 0 0 0 0 0 0 0 0 0 0 0 0 0 0 0 0 0 0 0 0 0 0 0 0 0 0 0 0 0 0 0 0 0
2.88297 1.71127e-14 1.71125e-14 2.1196e-19 1.23861e-05 0.000102517 0 0 0 0 0 0 0 0 0 0 0 0 0 0 0 0 0 0 0 0 0 0 0 0 0 0 0 0 0 0 0 0 0 0 0 0 0 0 0 0 0 0 0 0 0 0 0 0 0 0 0 0 0 0 0 0 0 0 0 0 0 0 0 0 0 0 0 0 0 0 0 0 0 0 0 0 0 0 0 0 0 0 0 0 0 0 0 0 0 0 0 0 0 0 0 0 0 0 0 0 0 0 0 0 0 0 0 0 0 0 0 0 0 0 0 0 0 0 0 0 0 0 0 0 0 0 0 0 0 0 0 0 0 0 0 0
3.03095 1.73582e-14 1.73581e-14 1.75061e-19 1.00852e-05 9.26358e-05 0 0 0 0 0 0 0 0 0 0 0 0 0 0 0 0 0 0 0 0 0 0 0 0 0 0 0 0 0 0 0 0 0 0 0 0 0 0 0 0 0 0 0 0 0 0 0 0 0 0 0 0 0 0 0 0 0 0 0 0 0 0 0 0 0 0 0 0 0 0 0 0 0 0 0 0 0 0 0 0 0 0 0 0 0 0 0 0 0 0 0 0 0 0 0 0 0 0 0 0 0 0 0 0 0 0 0 0 0 0 0 0 0 0 0 0 0 0 0 0 0 0 0 0 0 0 0 0 0 0 0 0 0 0 0 0
3.18653 1.74414e-14 1.74412e-14 1.44926e-19 8.30931e-06 8.36912e-05 0 0 0 0 0 0 0 0 0 0 0 0 0 0 0 0 0 0 0 0 0 0 0 0 0 0 0 0 0 0 0 0 0 0 0 0 0 0 0 0 0 0 0 0 0 0 0 0 0 0 0 0 0 0 0 0 0 0 0 0 0 0 0 0 0 0 0 0 0 0 0 0 0 0 0 0 0 0 0 0 0 0 0 0 0 0 0 0 0 0 0 0 0 0 0 0 0 0 0 0 0 0 0 0 0 0 0 0 0 0 0 0 0 0 0 0 0 0 0 0 0 0 0 0 0 0 0 0 0 0 0 0 0 0 0 0
3.35009 1.78819e-14 1.78817e-14 1.18492e-19 6.62636e-06 7.55893e-05 0 0 0 0 0 0 0 0 0 0 0 0 0 0 0 0 0 0 0 0 0 0 0 0 0 0 0 0 0 0 0 0 0 0 0 0 0 0 0 0 0 0 0 0 0 0 0 0 0 0 0 0 0 0 0 0 0 0 0 0 0 0 0 0 0 0 0 0 0 0 0 0 0 0 0 0 0 0 0 0 0 0 0 0 0 0 0 0 0 0 0 0 0 0 0 0 0 0 0 0 0 0 0 0 0 0 0 0 0 0 0 0 0 0 0 0 0 0 0 0 0 0 0 0 0 0 0 0 0 0 0 0 0 0 0 0
3.52205 1.78178e-14 1.78177e-14 1.03103e-19 5.7865e-06 6.82555e-05 0 0 0 0 0 0 0 0 0 0 0 0 0 0 0 0 0 0 0 0 0 0 0 0 0 0 0 0 0 0 0 0 0 0 0 0 0 0 0 0 0 0 0 0 0 0 0 0 0 0 0 0 0 0 0 0 0 0 0 0 0 0 0 0 0 0 0 0 0 0 0 0 0 0 0 0 0 0 0 0 0 0 0 0 0 0 0 0 0 0 0 0 0 0 0 0 0 0 0 0 0 0 0 0 0 0 0 0 0 0 0 0 0 0 0 0 0 0 0 0 0 0 0 0 0 0 0 0 0 0 0 0 0 0 0 0
3.70284 1.66325e-14 1.66324e-14 8.38727e-20 5.04269e-06 6.16228e-05 0 0 0 0 0 0 0 0 0 0 0 0 0 0 0 0 0 0 0 0 0 0 0 0 0 0 0 0 0 0 0 0 0 0 0 0 0 0 0 0 0 0 0 0 0 0 0 0 0 0 0 0 0 0 0 0 0 0 0 0 0 0 0 0 0 0 0 0 0 0 0 0 0 0 0 0 0 0 0 0 0 0 0 0 0 0 0 0 0 0 0 0 0 0 0 0 0 0 0 0 0 0 0 0 0 0 0 0 0 0 0 0 0 0 0 0 0 0 0 0 0 0 0 0 0 0 0 0 0 0 0 0 0 0 0 0
3.89291 1.62937e-14 1.62937e-14 6.87272e-20 4.21801e-06 5.56119e-05 0 0 0 0 0 0 0 0 0 0 0 0 0 0 0 0 0 0 0 0 0 0 0 0 0 0 0 0 0 0 0 0 0 0 0 0 0 0 0 0 0 0 0 0 0 0 0 0 0 0 0 0 0 0 0 0 0 0 0 0 0 0 0 0 0 0 0 0 0 0 0 0 0 0 0 0 0 0 0 0 0 0 0 0 0 0 0 0 0 0 0 0 0 0 0 0 0 0 0 0 0 0 0 0 0 0 0 0 0 0 0 0 0 0 0 0 0 0 0 0 0 0 0 0 0 0 0 0 0 0 0 0 0 0 0 0
4.09273 1.60277e-14 1.60277e-14 5.63557e-20 3.51615e-06 5.01608e-05 0 0 0 0 0 0 0 0 0 0 0 0 0 0 0 0 0 0 0 0 0 0 0 0 0 0 0 0 0 0 0 0 0 0 0 0 0 0 0 0 0 0 0 0 0 0 0 0 0 0 0 0 0 0 0 0 0 0 0 0 0 0 0 0 0 0 0 0 0 0 0 0 0 0 0 0 0 0 0 0 0 0 0 0 0 0 0 0 0 0 0 0 0 0 0 0 0 0 0 1.4013e-45 0 1.4013e-45 0 1.4013e-45 0 1.4013e-45 0 1.4013e-45 0 1.4013e-45 0 2.8026e-45 0 2.8026e-45 0 0 0 0 0 0 0 0 0 0 0 0 0 0 0 0 0 0 0 0 0 0
4.30281 1.58355e-14 1.58355e-14 4.62306e-20 2.91943e-06 4.52213e-05 0 0 0 0 0 0 0 0 0 0 0 0 0 0 0 0 0 0 0 0 0 0 0 0 0 0 0 0 0 0 0 0 0 0 0 0 0 0 0 0 0 0 0 0 0 0 0 0 0 0 0 0 0 0 0 0 0 0 0 0 0 0 0 0 0 1.4013e-45 0 1.4013e-45 0 1.4013e-45 0 1.4013e-45 0 2.8026e-45 0 2.8026e-45 0 4.2039e-45 0 5.60519e-45 0 7.00649e-45 0 8.40779e-45 0 1.12104e-44 0 1.4013e-44 0 1.82169e-44 0 2.24208e-44 0 2.52234e-44 0 3.08286e-44 0 3.64338e-44 0 4.34403e-44 0 5.32493e-44 0 6.30584e-44 0 7.56701e-44 0 8.96831e-44 0 1.06499e-43 0 1.24716e-43 0 1.47136e-43 0 0 0 0 0 0 0 0 0 0 0 0 0 0 0 0 0 0 0 0 0 0
4.52368 1.57229e-14 1.57229e-14 3.79646e-20 2.4146e-06 4.07512e-05 0 0 0 0 0 0 0 0 0 0 0 0 0 0 0 0 0 0 0 0 0 0 0 0 0 0 0 0 0 0 0 0 0 0 0 0 0 0 0 0 0 0 0 1.4013e-45 0 1.4013e-45 0 1.4013e-45 0 2.8026e-45 0 4.2039e-45 0 5.60519e-45 0 8.40779e-45 0 1.26117e-44 0 1.68156e-44 0 2.38221e-44 0 3.22299e-44 0 4.2039e-44 0 5.60519e-44 0 7.42688e-44 0 9.66896e-44 0 1.24716e-43 0 1.59748e-43 0 2.01787e-43 0 2.55036e-43 0 3.19496e-43 0 3.9937e-43 0 4.94658e-43 0 6.09565e-43 0 8.26766e-43 0 1.00893e-42 0 1.11403e-42 0 1.34665e-42 0 1.6213e-42 0 1.945e-42 0 2.32335e-42 0 2.76476e-42 0 3.28044e-42 0 3.87739e-42 0 4.56823e-42 0 5.36697e-42 0 6.28482e-42 0 0 0 0 0 0 0 0 0 0 0 0 0 0 0 0 0 0 0 0 0 0
4.75588 1.56689e-14 1.56688e-14 3.12286e-20 1.99304e-06 3.66961e-05 0 0 0 0 0 0 0 0 0 0 0 0 0 0 0 0 0 0 0 0 0 0 0 0 0 0 0 0 0 0 0 1.4013e-45 0 2.8026e-45 0 4.2039e-45 0 7.00649e-45 0 1.26117e-44 0 2.24208e-44 0 3.50325e-44 0 5.60519e-44 0 8.54792e-44 0 1.28919e-43 0 1.87774e-43 0 2.70451e-43 0 3.82554e-43 0 5.33895e-43 0 7.3428e-43 0 9.96323e-43 0 1.33684e-42 0 1.77545e-42 0 2.34437e-42 0 3.05343e-42 0 3.94185e-42 0 5.05028e-42 0 6.42075e-42 0 8.10371e-42 0 1.01636e-41 0 1.26649e-41 0 1.56903e-41 0 1.93295e-41 0 2.3689e-41 0 3.178e-41 0 3.85693e-41 0 4.25406e-41 0 5.1174e-41 0 6.13054e-41 0 7.31548e-41 0 8.69674e-41 0 1.03022e-40 0 1.21612e-40 0 1.43092e-40 0 1.67831e-40 0 1.96253e-40 0 2.28815e-40 0 0 0 0 0 0 0 0 0 0 0 0 0 0 0 0 0 0 0 0 0 0
5 1.56303e-14 1.56303e-14 2.57399e-20 1.64679e-06 3.30088e-05 0 0 0 0 0 0 0 0 0 0 0 0 0 0 0 0 0 0 0 0 0 0 0 1.4013e-45 0 2.8026e-45 0 8.40779e-45 0 2.10195e-44 0 4.48416e-44 0 9.10844e-44 0 1.7236e-43 0 3.11088e-43 0 5.33895e-43 0 8.81417e-43 0 1.4069e-42 0 2.18462e-42 0 3.30847e-42 0 4.91155e-42 0 7.1256e-42 0 1.01538e-41 0 1.42344e-41 0 1.96658e-41 0 2.68054e-41 0 3.60904e-41 0 4.80393e-41 0 6.3291e-41 0 8.29232e-41 0 1.07219e-40 0 1.37469e-40 0 1.74927e-40 0 2.20926e-40 0 2.77083e-40 0 3.45347e-40 0 4.27749e-40 0 5.26836e-40 0 6.45278e-40 0 7.8639e-40 0 1.04366e-39 0 1.25987e-39 0 1.38909e-39 0 1.66242e-39 0 1.98152e-39 0 2.3529e-39 0 2.78369e-39 0 3.28198e-39 0 3.85628e-39 0 4.51674e-39 0 5.27397e-39 0 6.1401e-39 0 7.12802e-39 0 0 0 0 0 0 0 0 0 0 0 0 1.4013e-45 0 1.4013e-45 0 1.4013e-45 0 1.4013e-45 0 2.8026e-45 0
5.25665 1.55688e-14 1.55687e-14 2.12392e-20 1.36422e-06 2.9658e-05 0 0 0 0 0 0 0 0 0 0 0 0 0 0 0 0 0 0 0 1.4013e-45 0 8.40779e-45 0 3.50325e-44 0 1.17709e-43 0 3.22299e-43 0 7.72115e-43 0 1.66474e-42 0 3.30987e-42 0 6.16992e-42 0 1.09427e-41 0 1.85098e-41 0 3.01587e-41 0 4.75825e-41 0 7.29894e-41 0 1.09331e-40 0 1.606e-40 0 2.30652e-40 0 3.25548e-40 0 4.52241e-40 0 6.19371e-40 0 8.37151e-40 0 1.11811e-39 0 1.47676e-39 0 1.93109e-39 0 2.51091e-39 0 3.22387e-39 0 4.10543e-39 0 5.18969e-39 0 6.5125e-39 0 8.11727e-39 0 1.00559e-38 0 1.2382e-38 0 1.51628e-38 0 1.8468e-38 0 2.23835e-38 0 2.93988e-38 0 3.5304e-38 0 3.89083e-38 0 4.63314e-38 0 5.49546e-38 1.4013e-45 6.49416e-38 1.4013e-45 7.64708e-38 1.4013e-45 8.97439e-38 2.8026e-45 1.04971e-37 4.2039e-45 1.22405e-37 5.60519e-45 1.42303e-37 7.00649e-45 1.64965e-37 9.80909e-45 1.90703e-37 1.4013e-44 0 1.96182e-44 0 2.66247e-44 0 3.64338e-44 0 4.76441e-44 0 6.30584e-44 0 8.40779e-44 0 1.09301e-43 0 1.45735e-43 0 1.87774e-43 0 2.41023e-43 0
5.52648 1.54859e-14 1.54859e-14 1.75251e-20 1.13168e-06 2.66252e-05 0 0 0 0 0 0 0 0 0 0 0 0 0 0 0 0 0 1.4013e-45 0 3.78351e-44 0 2.83062e-43 0 1.23314e-42 0 3.99931e-42 0 1.07045e-41 0 2.50132e-41 0 5.28598e-41 0 1.0321e-40 0 1.89227e-40 0 3.30457e-40 0 5.51206e-40 0 8.86526e-40 0 1.38175e-39 0 2.09547e-39 0 3.10482e-39 0 4.51328e-39 0 6.41916e-39 0 8.97634e-39 0 1.23595e-38 0 1.67836e-38 0 2.25004e-38 0 2.98167e-38 0 3.9084e-38 0 5.07363e-38 0 6.54849e-38 0 8.35062e-38 0 1.05639e-37 0 1.32681e-37 0 1.65464e-37 0 2.04991e-37 1.4013e-45 2.52451e-37 1.4013e-45 3.09067e-37 2.8026e-45 3.76361e-37 4.2039e-45 4.55902e-37 7.00649e-45 5.49618e-37 1.12104e-44 7.14624e-37 1.68156e-44 8.53803e-37 2.66247e-44 9.4054e-37 3.92364e-44 1.11452e-36 5.74532e-44 1.31566e-36 8.26766e-44 1.54749e-36 1.17709e-43 1.81387e-36 1.66755e-43 2.11915e-36 2.34017e-43 2.4678e-36 3.27904e-43 2.8652e-36 4.58225e-43 3.31685e-36 6.38992e-43 3.82902e-36 8.56193e-43 4.4083e-36 1.1883e-42 0 1.58767e-42 0 2.11736e-42 0 2.81801e-42 0 3.74427e-42 0 4.79384e-42 0 6.34788e-42 0 8.10511e-42 0 1.06961e-41 0 1.36164e-41 0 1.73116e-41 0
5.81015 1.53718e-14 1.53718e-14 1.44436e-20 9.39618e-07 2.38607e-05 0 0 0 0 0 0 0 0 0 0 0 0 0 1.4013e-45 0 2.8026e-45 0 5.60519e-44 0 1.27378e-42 0 8.87022e-42 0 3.72241e-41 0 1.17067e-40 0 3.05276e-40 0 6.97604e-40 0 1.44531e-39 0 2.77244e-39 0 5.00206e-39 0 8.60612e-39 0 1.4161e-38 0 2.2489e-38 0 3.46387e-38 0 5.19486e-38 0 7.61613e-38 0 1.0959e-37 0 1.54397e-37 0 2.13958e-37 0 2.92064e-37 0 3.93333e-37 0 5.23132e-37 0 6.8795e-37 1.4013e-45 8.9515e-37 1.4013e-45 1.15378e-36 4.2039e-45 1.47853e-36 7.00649e-45 1.87291e-36 1.26117e-44 2.35409e-36 2.24208e-44 2.93818e-36 3.78351e-44 3.64194e-36 6.16571e-44 4.48536e-36 1.02295e-43 5.49209e-36 1.61149e-43 6.68619e-36 2.57839e-43 8.09762e-36 3.96567e-43 9.75692e-36 6.08164e-43 1.17014e-35 9.26258e-43 1.5066e-35 1.38168e-42 1.7911e-35 2.0515e-42 1.97214e-35 2.98056e-42 2.32585e-35 4.316e-42 2.73282e-35 6.11947e-42 3.19974e-35 8.65162e-42 3.73379e-35 1.19825e-41 4.34307e-35 1.65549e-41 5.0359e-35 2.28187e-41 5.8222e-35 3.13793e-41 6.71206e-35 4.30507e-41 7.717e-35 5.69165e-41 8.84899e-35 7.77538e-41 0 1.0241e-40 0 1.34648e-40 0 1.76728e-40 0 2.3156e-40 0 2.9292e-40 0 3.82587e-40 0 4.82634e-40 0 6.28412e-40 0 7.90603e-40 0 9.93416e-40 0
6.10839 1.5243e-14 1.5243e-14 1.188e-20 7.79374e-07 2.13481e-05 0 0 0 0 0 0 0 0 0 4.2039e-45 0 1.54143e-44 0 4.48416e-44 0 1.06499e-43 0 1.75302e-42 0 3.63427e-41 0 2.40461e-40 0 9.71707e-40 0 2.96529e-39 0 7.54001e-39 0 1.68591e-38 0 3.42634e-38 0 6.46023e-38 0 1.14749e-37 0 1.94586e-37 0 3.15968e-37 0 4.95641e-37 0 7.54648e-37 0 1.11956e-36 0 1.62456e-36 0 2.3146e-36 1.4013e-45 3.23096e-36 2.8026e-45 4.43808e-36 5.60519e-45 6.00744e-36 1.26117e-44 8.02536e-36 2.52234e-44 1.05913e-35 5.04467e-44 1.38247e-35 9.66896e-44 1.78598e-35 1.80768e-43 2.28607e-35 3.3491e-43 2.9092e-35 5.91348e-43 3.66135e-35 1.01594e-42 4.57316e-35 1.73341e-42 5.67303e-35 2.88247e-42 6.99028e-35 4.58785e-42 8.55971e-35 7.40446e-42 1.04222e-34 1.14486e-41 1.26191e-34 1.79604e-41 1.52017e-34 2.70296e-41 1.82219e-34 4.05227e-41 2.17428e-34 6.05263e-41 2.77293e-34 8.84654e-41 3.2806e-34 1.28872e-40 3.6105e-34 1.83839e-40 4.23834e-34 2.61485e-40 4.95738e-34 3.64451e-40 5.77863e-34 5.06652e-40 6.71372e-34 6.90601e-40 7.77591e-34 9.39202e-40 8.9786e-34 1.27444e-39 1.03378e-33 1.72549e-39 1.18697e-33 2.33108e-39 1.35928e-33 3.04013e-39 1.55259e-33 4.09038e-39 0 5.31546e-39 0 6.89597e-39 0 8.9317e-39 0 1.15495e-38 0 1.44432e-38 0 1.86201e-38 0 2.32244e-38 0 2.98521e-38 0 3.71382e-38 0 4.61478e-38 0
6.42193 1.50951e-14 1.50951e-14 9.73526e-21 6.44929e-07 1.90559e-05 0 0 0 0 0 0 0 1.12104e-44 0 1.14906e-43 0 4.70836e-43 0 1.33824e-42 0 3.07865e-42 0 4.69757e-41 0 8.98922e-40 0 5.65981e-39 0 2.20485e-38 0 6.53426e-38 0 1.62127e-37 0 3.54914e-37 0 7.07934e-37 0 1.3126e-36 0 2.29628e-36 0 3.83945e-36 0 6.1546e-36 0 9.5392e-36 1.4013e-45 1.43618e-35 5.60519e-45 2.10825e-35 1.54143e-44 3.02875e-35 3.92364e-44 4.27388e-35 9.3887e-44 5.91253e-35 2.14399e-43 8.05208e-35 4.6383e-43 1.08104e-34 9.65495e-43 1.43284e-34 1.91137e-42 1.87674e-34 3.74287e-42 2.43195e-34 6.97426e-42 3.11986e-34 1.26313e-41 3.96654e-34 2.26968e-41 5.01371e-34 3.89449e-41 6.27017e-34 6.5138e-41 7.78384e-34 1.08287e-40 9.59847e-34 1.7567e-40 1.1759e-33 2.73249e-40 1.43185e-33 4.30832e-40 1.73388e-33 6.5218e-40 2.08822e-33 1.00087e-39 2.50256e-33 1.47646e-39 2.98461e-33 2.17021e-39 3.54371e-33 3.17859e-39 4.47781e-33 4.5605e-39 5.2726e-33 6.52259e-39 5.80011e-33 9.1447e-39 6.77795e-33 1.27852e-38 7.89279e-33 1.75332e-38 9.16049e-33 2.39853e-38 1.05976e-32 3.22029e-38 1.22231e-32 4.31427e-38 1.4056e-32 5.76759e-38 1.6119e-32 7.69422e-38 1.84347e-32 1.0243e-37 2.1029e-32 1.31866e-37 2.39284e-32 1.74869e-37 0 2.24355e-37 0 2.87389e-37 0 3.67556e-37 0 4.69357e-37 0 5.8058e-37 0 7.39256e-37 0 9.12162e-37 0 1.15819e-36 0 1.42559e-36 0 1.75274e-36 0
6.75157 1.49886e-14 1.49886e-14 7.91543e-21 5.28096e-07 1.69433e-05 0 0 0 0 0 4.2039e-45 0 3.40516e-43 0 3.13751e-42 0 1.24533e-41 0 3.44047e-41 0 7.73951e-41 0 1.09894e-39 0 1.94603e-38 0 1.16764e-37 0 4.38962e-37 0 1.26441e-36 0 3.06334e-36 0 6.56933e-36 0 1.28673e-35 0 2.34717e-35 1.4013e-45 4.04585e-35 2.8026e-45 6.67267e-35 1.4013e-44 1.05628e-34 4.76441e-44 1.61814e-34 1.52742e-43 2.40969e-34 4.37205e-43 3.50111e-34 1.17289e-42 4.98094e-34 2.88808e-42 6.96316e-34 6.70521e-42 9.54886e-34 1.47052e-41 1.2896e-33 3.05511e-41 1.71758e-33 6.1475e-41 2.25916e-33 1.17642e-40 2.93734e-33 2.22948e-40 3.77946e-33 4.0295e-40 4.81556e-33 7.08938e-40 6.0822e-33 1.23791e-39 7.63758e-33 2.06886e-39 9.49289e-33 3.37448e-39 1.17144e-32 5.47236e-39 1.43616e-32 8.67034e-39 1.74954e-32 1.31987e-38 2.11872e-32 2.03528e-38 2.55198e-32 3.0192e-38 3.05758e-32 4.53753e-38 3.64574e-32 6.56783e-38 4.32658e-32 9.474e-38 5.11233e-32 1.36199e-37 6.40214e-32 1.91999e-37 7.50376e-32 2.69847e-37 8.25064e-32 3.72137e-37 9.59915e-32 5.11841e-37 1.11298e-31 6.9118e-37 1.28629e-31 9.31177e-37 1.48192e-31 1.23235e-36 1.70228e-31 1.62759e-36 1.94974e-31 2.14524e-36 2.22715e-31 2.82186e-36 2.53732e-31 3.70453e-36 2.88347e-31 4.71066e-36 3.26886e-31 6.16136e-36 0 7.80934e-36 0 9.88323e-36 0 1.24892e-35 0 1.57591e-35 0 1.92922e-35 0 2.42767e-35 0 2.9649e-35 0 3.72095e-35 0 4.53382e-35 0 5.51834e-35 0
7.09813 1.47474e-14 1.47474e-14 6.43181e-21 4.36132e-07 1.4954e-05 0 0 0 0 0 1.079e-43 0 8.61518e-42 0 7.44272e-41 0 2.84483e-40 0 7.64839e-40 0 1.68404e-39 0 2.23008e-38 0 3.6631e-37 0 2.0975e-36 0 7.61729e-36 0 2.13427e-35 0 5.05235e-35 0 1.06199e-34 1.4013e-45 2.0436e-34 1.26117e-44 3.66914e-34 6.72623e-44 6.23408e-34 2.85865e-43 1.01454e-33 1.08601e-42 1.58651e-33 3.48363e-42 2.40291e-33 1.0385e-41 3.54042e-33 2.8295e-41 5.09269e-33 7.23182e-41 7.17677e-33 1.70495e-40 9.94192e-33 3.79804e-40 1.35179e-32 8.01623e-40 1.81081e-32 1.60701e-39 2.39306e-32 3.12514e-39 3.12419e-32 5.79394e-39 4.03301e-32 1.06429e-38 5.15357e-32 1.86878e-38 6.52282e-32 3.19842e-38 8.18576e-32 5.43495e-38 1.02137e-31 8.85826e-38 1.26187e-31 1.41075e-37 1.54812e-31 2.23443e-37 1.88724e-31 3.46155e-37 2.28646e-31 5.16242e-37 2.7542e-31 7.79406e-37 3.30018e-31 1.13415e-36 3.93402e-31 1.67093e-36 4.66766e-31 2.37531e-36 5.51274e-31 3.36561e-36 6.4833e-31 4.75344e-36 8.04853e-31 6.58948e-36 9.39105e-31 9.10865e-36 1.03209e-30 1.23658e-35 1.19562e-30 1.67455e-35 1.38044e-30 2.22835e-35 1.58882e-30 2.95873e-35 1.82306e-30 3.86247e-35 2.08584e-30 5.03243e-35 2.37978e-30 6.54415e-35 2.70799e-30 8.49375e-35 3.07357e-30 1.10034e-34 3.48e-30 1.38286e-34 3.93085e-30 1.78518e-34 0 2.23663e-34 0 2.79824e-34 0 3.4959e-34 0 4.36138e-34 0 5.28669e-34 0 6.5784e-34 0 7.95613e-34 0 9.87482e-34 0 1.19165e-33 0 1.43657e-33 0
7.46248 1.45521e-14 1.4552e-14 5.0976e-21 3.50301e-07 1.30176e-05 0 0 0 1.82169e-44 0 2.76897e-42 0 1.91719e-40 0 1.55341e-39 0 5.72038e-39 0 1.49732e-38 0 3.22819e-38 0 3.99413e-37 0 6.09895e-36 0 3.33721e-35 0 1.1719e-34 0 3.19641e-34 1.4013e-45 7.39809e-34 2.10195e-44 1.52506e-33 1.68156e-43 2.88457e-33 9.83712e-43 5.09968e-33 4.70696e-42 8.54398e-33 1.86793e-41 1.37253e-32 6.65869e-41 2.12092e-32 2.01703e-40 3.17694e-32 5.70003e-40 4.63253e-32 1.4789e-39 6.59888e-32 3.61059e-39 9.21373e-32 8.16317e-39 1.26511e-31 1.74873e-38 1.7059e-31 3.55873e-38 2.26709e-31 6.89599e-38 2.97341e-31 1.29821e-37 3.85369e-31 2.33539e-37 4.94006e-31 4.16438e-37 6.27029e-31 7.11396e-37 7.88495e-31 1.18603e-36 9.83334e-31 1.96387e-36 1.21936e-30 3.12541e-36 1.49768e-30 4.86566e-36 1.82701e-30 7.53541e-36 2.21495e-30 1.14269e-35 2.66915e-30 1.67123e-35 3.19847e-30 2.47294e-35 3.81312e-30 3.53318e-35 4.52307e-30 5.10785e-35 5.34076e-30 7.13741e-35 6.27814e-30 9.94248e-35 7.34961e-30 1.38076e-34 9.04723e-30 1.88381e-34 1.051e-29 2.56315e-34 1.1545e-29 3.42816e-34 1.33182e-29 4.5741e-34 1.53139e-29 6.00253e-34 1.75547e-29 7.86039e-34 2.00633e-29 1.01287e-33 2.28665e-29 1.30273e-33 2.59898e-29 1.67248e-33 2.94641e-29 2.14327e-33 3.33194e-29 2.74167e-33 3.75897e-29 3.4074e-33 4.23096e-29 4.3442e-33 0 5.38322e-33 0 6.66166e-33 0 8.2326e-33 0 1.01604e-32 0 1.22009e-32 0 1.50208e-32 0 1.79988e-32 0 2.21049e-32 0 2.64316e-32 0 3.15746e-32 0
7.84553 1.43485e-14 1.43485e-14 3.85837e-21 2.68904e-07 1.11705e-05 0 4.2039e-45 0 4.37205e-43 0 6.17006e-41 0 3.75551e-39 0 2.85771e-38 0 1.01426e-37 0 2.58575e-37 0 5.46075e-37 0 6.32263e-36 0 8.99319e-35 0 4.70846e-34 0 1.6003e-33 9.80909e-45 4.25227e-33 1.55544e-43 9.62849e-33 1.58207e-42 1.94757e-32 1.10955e-41 3.62249e-32 5.97626e-41 6.30873e-32 2.64906e-40 1.04263e-31 9.82833e-40 1.65389e-31 3.29275e-39 2.52625e-31 9.44893e-39 3.74345e-31 2.53816e-38 5.40369e-31 6.28583e-38 7.62451e-31 1.46919e-37 1.05503e-30 3.19198e-37 1.43619e-30 6.58826e-37 1.92095e-30 1.29502e-36 2.5332e-30 2.42969e-36 3.29794e-30 4.4349e-36 4.24406e-30 7.75262e-36 5.40351e-30 1.34393e-35 6.81369e-30 2.23657e-35 8.51426e-30 3.63687e-35 1.05535e-29 5.8756e-35 1.30079e-29 9.14101e-35 1.58859e-29 1.39265e-34 1.92721e-29 2.11122e-34 2.32386e-29 3.13709e-34 2.78579e-29 4.50375e-34 3.32134e-29 6.53794e-34 3.94003e-29 9.1797e-34 4.65114e-29 1.30342e-33 5.46622e-29 1.79182e-33 6.39624e-29 2.45595e-33 7.45438e-29 3.35645e-33 9.10142e-29 4.51035e-33 1.05277e-28 6.0453e-33 1.15585e-28 7.97149e-33 1.32793e-28 1.04874e-32 1.5208e-28 1.35811e-32 1.73649e-28 1.7552e-32 1.977e-28 2.23388e-32 2.2447e-28 2.83808e-32 2.54186e-28 3.59943e-32 2.87118e-28 4.55713e-32 3.23527e-28 5.7598e-32 3.63711e-28 7.08281e-32 4.07968e-28 8.92365e-32 0 1.09428e-31 0 1.34014e-31 0 1.63913e-31 0 2.00229e-31 0 2.38302e-31 0 2.90415e-31 0 3.44933e-31 0 4.19395e-31 0 4.97128e-31 0 5.88725e-31 0
8.24824 1.59937e-14 1.59937e-14 2.83877e-21 1.77493e-07 9.60144e-06 0 1.28919e-43 0 1.03416e-41 0 1.35439e-39 0 7.35151e-38 0 5.26598e-37 0 1.80272e-36 0 4.47832e-36 0 9.26763e-36 0 1.00563e-34 0 1.33493e-33 0 6.69561e-33 2.66247e-44 2.20456e-32 7.80523e-43 5.71084e-32 1.15159e-41 1.26583e-31 1.04771e-40 2.51363e-31 6.68296e-40 4.5997e-31 3.3155e-39 7.89424e-31 1.36658e-38 1.28743e-30 4.75579e-38 2.01726e-30 1.50199e-37 3.04669e-30 4.0939e-37 4.46742e-30 1.0479e-36 6.38555e-30 2.48277e-36 8.92678e-30 5.56735e-36 1.22443e-29 1.1646e-35 1.65285e-29 2.32019e-35 2.19334e-29 4.41265e-35 2.87067e-29 8.02844e-35 3.71043e-29 1.423e-34 4.74195e-29 2.42062e-34 5.99742e-29 4.08496e-34 7.51436e-29 6.63123e-34 9.33209e-29 1.053e-33 1.14984e-28 1.66182e-33 1.40897e-28 2.5302e-33 1.71114e-28 3.77638e-33 2.0647e-28 5.60976e-33 2.47659e-28 8.17599e-33 2.95378e-28 1.15324e-32 3.50422e-28 1.64393e-32 4.13694e-28 2.27026e-32 4.86067e-28 3.16882e-32 5.68632e-28 4.28902e-32 6.62409e-28 5.78894e-32 7.68625e-28 7.79176e-32 9.31054e-28 1.03205e-31 1.07246e-27 1.36363e-31 1.17683e-27 1.774e-31 1.34662e-27 2.30286e-31 1.53618e-27 2.94477e-31 1.74734e-27 3.75842e-31 1.98188e-27 4.72742e-31 2.24195e-27 5.93628e-31 2.52957e-27 7.44189e-31 2.84716e-27 9.31406e-31 3.19702e-27 1.16383e-30 3.5818e-27 1.41678e-30 4.00411e-27 1.76499e-30 0 2.14289e-30 0 2.59852e-30 0 3.14717e-30 0 3.80706e-30 0 4.49261e-30 0 5.42247e-30 0 6.38651e-30 0 7.69145e-30 0 9.04164e-30 0 1.06195e-29 0
8.67162 1.94252e-14 1.94252e-14 2.46153e-21 1.26718e-07 8.35602e-06 0 3.4528e-42 0 2.32327e-40 0 2.83249e-38 0 1.39021e-36 0 9.40561e-36 0 3.10923e-35 0 7.53138e-35 0 1.52798e-34 0 1.55619e-33 0 1.93139e-32 2.94273e-44 9.29134e-32 2.28692e-42 2.96618e-31 5.79031e-41 7.49608e-31 7.49203e-40 1.62742e-30 6.11964e-39 3.17416e-30 3.56584e-38 5.71689e-30 1.63599e-37 9.67285e-30 6.29267e-37 1.55721e-29 2.06054e-36 2.41092e-29 6.15233e-36 3.60143e-29 1.59679e-35 5.22701e-29 3.90395e-35 7.39991e-29 8.86806e-35 1.02518e-28 1.91169e-34 1.39419e-28 3.85743e-34 1.86668e-28 7.43067e-34 2.45808e-28 1.36954e-33 3.1936e-28 2.42e-33 4.09889e-28 4.17111e-33 5.20318e-28 6.91367e-33 6.53823e-28 1.1373e-32 8.14101e-28 1.80305e-32 1.00497e-27 2.79923e-32 1.23109e-27 4.32033e-32 1.49994e-27 6.44427e-32 1.81172e-27 9.432e-32 2.17457e-27 1.3743e-31 2.59505e-27 1.96648e-31 3.0797e-27 2.72757e-31 3.63597e-27 3.8214e-31 4.2723e-27 5.1948e-31 4.99671e-27 7.13381e-31 5.81937e-27 9.514e-31 6.74955e-27 1.26545e-30 7.79848e-27 1.67873e-30 9.37454e-27 2.19324e-30 1.07543e-26 2.85875e-30 1.17939e-26 3.67159e-30 1.34429e-26 4.70582e-30 1.52768e-26 5.94574e-30 1.73117e-26 7.49871e-30 1.95634e-26 9.32699e-30 2.2051e-26 1.15825e-29 2.47921e-26 1.43608e-29 2.78081e-26 1.77777e-29 3.1119e-26 2.19737e-29 3.47477e-26 2.64939e-29 3.87169e-26 3.26531e-29 0 3.92709e-29 0 4.71745e-29 0 5.66031e-29 0 6.78381e-29 0 7.94094e-29 0 9.49689e-29 0 1.10963e-28 0 1.32428e-28 0 1.54451e-28 0 1.79986e-28 0
9.11674 2.66643e-14 2.66643e-14 2.928e-21 1.0981e-07 7.12909e-06 0 9.81245e-41 0 5.22291e-39 0 5.88143e-37 0 2.64174e-35 0 1.69484e-34 0 5.41856e-34 0 1.28089e-33 0 2.54915e-33 0 2.44082e-32 5.60519e-45 2.83725e-31 2.85585e-42 1.31061e-30 1.81512e-40 4.06018e-30 3.92387e-39 1.00169e-29 4.48051e-38 2.13121e-29 3.30309e-37 4.08478e-29 1.76597e-36 7.24411e-29 7.52144e-36 1.2088e-28 2.70888e-35 1.92164e-28 8.37114e-35 2.94065e-28 2.36945e-34 4.34594e-28 5.86995e-34 6.24492e-28 1.37383e-33 8.75866e-28 2.9982e-33 1.20279e-27 6.22534e-33 1.62214e-27 1.21383e-32 2.15464e-27 2.26457e-32 2.81603e-27 4.05104e-32 3.63251e-27 6.96204e-32 4.63036e-27 1.1685e-31 5.83928e-27 1.88961e-31 7.2913e-27 3.03378e-31 9.02359e-27 4.70268e-31 1.1074e-26 7.14577e-31 1.3489e-26 1.07976e-30 1.63436e-26 1.57944e-30 1.96364e-26 2.26912e-30 2.34482e-26 3.24603e-30 2.78425e-26 4.56419e-30 3.28823e-26 6.23035e-30 3.86389e-26 8.58636e-30 4.51928e-26 1.14986e-29 5.26195e-26 1.55479e-29 6.10155e-26 2.0446e-29 7.04675e-26 2.68189e-29 8.10803e-26 3.50902e-29 9.67498e-26 4.52504e-29 1.10548e-25 5.82228e-29 1.21156e-25 7.38695e-29 1.37571e-25 9.3537e-29 1.55756e-25 1.16841e-28 1.75859e-25 1.45699e-28 1.98022e-25 1.79302e-28 2.22417e-25 2.2032e-28 2.49205e-25 2.70315e-28 2.78575e-25 3.31163e-28 3.10707e-25 4.05112e-28 3.45805e-25 4.84007e-28 3.84071e-25 5.90471e-28 0 7.0377e-28 0 8.37876e-28 0 9.96434e-28 0 1.1837e-27 0 1.375e-27 0 1.63011e-27 0 1.89023e-27 0 2.23648e-27 0 2.58889e-27 0 2.99445e-27 0
9.5847 3.25028e-14 3.25028e-14 4.0611e-21 1.24946e-07 6.37999e-06 0 2.31353e-39 0 9.38065e-38 0 9.58306e-36 0 3.97589e-34 0 2.429e-33 0 7.52437e-33 0 1.73764e-32 0 3.39459e-32 0 3.06148e-31 5.32493e-43 3.33906e-30 1.99742e-40 1.48268e-29 1.03641e-38 4.46094e-29 1.92829e-37 1.07509e-28 1.955e-36 2.24288e-28 1.30732e-35 4.22632e-28 6.44018e-35 7.38314e-28 2.55558e-34 1.21547e-27 8.64585e-34 1.90866e-27 2.52859e-33 2.88779e-27 6.80269e-33 4.2235e-27 1.61225e-32 6.01023e-27 3.61992e-32 8.35302e-27 7.60464e-32 1.13728e-26 1.52366e-31 1.52138e-26 2.87558e-31 2.00516e-26 5.20391e-31 2.60154e-26 9.04854e-31 3.33244e-26 1.51449e-30 4.21953e-26 2.47845e-30 5.28715e-26 3.91498e-30 6.56128e-26 6.14191e-30 8.07206e-26 9.31904e-30 9.84974e-26 1.3874e-29 1.19315e-25 2.0546e-29 1.43784e-25 2.95012e-29 1.7186e-25 4.164e-29 2.04193e-25 5.85348e-29 2.41281e-25 8.09466e-29 2.83608e-25 1.0883e-28 3.31727e-25 1.47654e-28 3.86255e-25 1.94934e-28 4.47768e-25 2.59727e-28 5.17005e-25 3.37013e-28 5.94617e-25 4.36242e-28 6.81395e-25 5.63341e-28 8.07314e-25 7.1749e-28 9.18864e-25 9.11889e-28 1.00633e-24 1.14358e-27 1.13844e-24 1.43146e-27 1.28424e-24 1.76878e-27 1.44482e-24 2.182e-27 1.62122e-24 2.65817e-27 1.81471e-24 3.23358e-27 2.02643e-24 3.92793e-27 2.25777e-24 4.76465e-27 2.51003e-24 5.77152e-27 2.78466e-24 6.83588e-27 3.08311e-24 8.25895e-27 0 9.75968e-27 0 1.15209e-26 0 1.35856e-26 0 1.60038e-26 0 1.84546e-26 0 2.16976e-26 0 2.49786e-26 0 2.93126e-26 0 3.36899e-26 0 3.86916e-26 0
10.0767 3.14605e-14 3.14605e-14 4.46782e-21 1.42013e-07 6.05819e-06 0 3.98838e-38 0 1.22266e-36 0 1.10314e-34 0 4.25267e-33 0 2.484e-32 0 7.47024e-32 0 1.68732e-31 0 3.23831e-31 1.4013e-45 2.75654e-30 3.20365e-41 2.82613e-29 8.9911e-39 1.20765e-28 3.84715e-37 3.53161e-28 6.20569e-36 8.31952e-28 5.61888e-35 1.70276e-27 3.42446e-34 3.15588e-27 1.56062e-33 5.43292e-27 5.78979e-33 8.82727e-27 1.8456e-32 1.36966e-26 5.12217e-32 2.04948e-26 1.31302e-31 2.96711e-26 2.98349e-31 4.18249e-26 6.43935e-31 5.7614e-26 1.30461e-30 7.77892e-26 2.52672e-30 1.03239e-25 4.62302e-30 1.35041e-25 8.12742e-30 1.73959e-25 1.37554e-29 2.21318e-25 2.24511e-29 2.7841e-25 3.5868e-29 3.46675e-25 5.54069e-29 4.27639e-25 8.50331e-29 5.23067e-25 1.2642e-28 6.34706e-25 1.8459e-28 7.64712e-25 2.68168e-28 9.16679e-25 3.78312e-28 1.09015e-24 5.25064e-28 1.28892e-24 7.2593e-28 1.51579e-24 9.88111e-28 1.77348e-24 1.30942e-27 2.06507e-24 1.75027e-27 2.39402e-24 2.2796e-27 2.76345e-24 2.99505e-27 3.1775e-24 3.83716e-27 3.63969e-24 4.90476e-27 4.15435e-24 6.2552e-27 4.8884e-24 7.87329e-27 5.54275e-24 9.89005e-27 6.06573e-24 1.22666e-26 6.83715e-24 1.51871e-26 7.68542e-24 1.8573e-26 8.61635e-24 2.26783e-26 9.63535e-24 2.73624e-26 1.07492e-23 3.29685e-26 1.19638e-23 3.96694e-26 1.32867e-23 4.76681e-26 1.47244e-23 5.72034e-26 1.62846e-23 6.71951e-26 1.79748e-23 8.04374e-26 0 9.42819e-26 0 1.10398e-25 0 1.2914e-25 0 1.50914e-25 0 1.72818e-25 0 2.01587e-25 0 2.30481e-25 0 2.68366e-25 0 3.06353e-25 0 3.49465e-25 0
10.5939 2.67861e-14 2.67861e-14 3.966e-21 1.48062e-07 5.95781e-06 0 5.47663e-37 0 1.29717e-35 0 1.00153e-33 0 3.59546e-32 0 2.01491e-31 0 5.89414e-31 0 1.30373e-30 0 2.46022e-30 5.74532e-44 1.98105e-29 1.36804e-39 1.91288e-28 2.91562e-37 7.87472e-28 1.03851e-35 2.24008e-27 1.46251e-34 5.16139e-27 1.18916e-33 1.03691e-26 6.63526e-33 1.89107e-26 2.80804e-32 3.20939e-26 9.77169e-32 5.14815e-26 2.9435e-31 7.89547e-26 7.77204e-31 1.16876e-25 1.90279e-30 1.67537e-25 4.15377e-30 2.3399e-25 8.63469e-30 3.19543e-25 1.69011e-29 4.27937e-25 3.16937e-29 5.6357e-25 5.63031e-29 7.31748e-25 9.62934e-29 9.36086e-25 1.58839e-28 1.18303e-24 2.53126e-28 1.47877e-24 3.9525e-28 1.83014e-24 5.97733e-28 2.24435e-24 8.98357e-28 2.72971e-24 1.30999e-27 3.29431e-24 1.87774e-27 3.94822e-24 2.67864e-27 4.70849e-24 3.71587e-27 5.57196e-24 5.07542e-27 6.55649e-24 6.90694e-27 7.67477e-24 9.26102e-27 8.93906e-24 1.21049e-26 1.03632e-23 1.59528e-26 1.19627e-23 2.0511e-26 1.37513e-23 2.65915e-26 1.57476e-23 3.36586e-26 1.79668e-23 4.25107e-26 2.04281e-23 5.35753e-26 2.38792e-23 6.6681e-26 2.69753e-23 8.28339e-26 2.94962e-23 1.01664e-25 3.31297e-23 1.24563e-25 3.7111e-23 1.50845e-25 4.14649e-23 1.824e-25 4.62143e-23 2.18065e-25 5.13879e-23 2.60363e-25 5.70115e-23 3.10464e-25 6.3116e-23 3.69734e-25 6.97294e-23 4.39761e-25 7.68836e-23 5.12529e-25 8.46097e-23 6.0817e-25 0 7.0734e-25 0 8.21892e-25 0 9.54088e-25 0 1.1065e-24 0 1.25875e-24 0 1.4573e-24 0 1.65532e-24 0 1.91314e-24 0 2.16987e-24 0 2.45937e-24 0
11.1377 2.23783e-14 2.23783e-14 3.33309e-21 1.48943e-07 6.10161e-06 0 6.59977e-36 0 1.25773e-34 0 8.06695e-33 0 2.69245e-31 0 1.45158e-30 0 4.1376e-30 0 8.97289e-30 0 1.66632e-29 3.237e-42 1.27222e-28 4.67734e-38 1.15923e-27 7.67252e-36 4.60246e-27 2.2954e-34 1.27454e-26 2.84094e-33 2.87407e-26 2.0853e-32 5.67029e-26 1.06987e-31 1.01803e-25 4.21976e-31 1.70389e-25 1.3817e-30 2.6993e-25 3.94389e-30 4.09305e-25 9.93136e-30 5.99558e-25 2.32745e-29 8.5118e-25 4.89076e-29 1.17814e-24 9.8099e-29 1.59537e-24 1.8582e-28 2.11962e-24 3.37924e-28 2.77046e-24 5.83705e-28 3.57138e-24 9.72476e-28 4.53774e-24 1.56541e-27 5.69771e-24 2.43851e-27 7.07796e-24 3.72573e-27 8.70773e-24 5.52174e-27 1.06175e-23 8.1354e-27 1.28426e-23 1.16466e-26 1.54167e-23 1.64033e-26 1.83822e-23 2.29974e-26 2.18117e-23 3.13967e-26 2.56877e-23 4.22362e-26 3.00858e-23 5.66194e-26 3.50579e-23 7.48376e-26 4.06535e-23 9.65485e-26 4.69288e-23 1.25535e-25 5.39462e-23 1.59436e-25 6.17604e-23 2.04098e-25 7.04459e-23 2.55384e-25 8.00629e-23 3.18894e-25 9.06872e-23 3.97381e-25 1.05335e-22 4.89332e-25 1.18562e-22 6.01466e-25 1.29527e-22 7.30846e-25 1.4498e-22 8.86629e-25 1.61853e-22 1.06371e-24 1.80242e-22 1.27435e-24 2.00233e-22 1.5103e-24 2.21938e-22 1.78772e-24 2.45455e-22 2.11348e-24 2.70901e-22 2.49558e-24 2.98384e-22 2.94321e-24 3.28021e-22 3.40468e-24 3.59931e-22 4.00641e-24 0 4.62546e-24 0 5.3353e-24 0 6.14851e-24 0 7.07934e-24 0 8.00288e-24 0 9.19919e-24 0 1.03844e-23 0 1.19173e-23 0 1.34336e-23 0 1.51331e-23 0
11.7094 1.79711e-14 1.79711e-14 2.60628e-21 1.45027e-07 6.1382e-06 0 6.79284e-35 0 1.09137e-33 0 5.69541e-32 0 1.75805e-30 0 9.13479e-30 0 2.54084e-29 0 5.40805e-29 4.2039e-45 9.89133e-29 1.39925e-40 7.17676e-28 1.26683e-36 6.18316e-27 1.61999e-34 2.37016e-26 4.10557e-33 6.39451e-26 4.49399e-32 1.41205e-25 2.99275e-31 2.7372e-25 1.41763e-30 4.83984e-25 5.22902e-30 7.99162e-25 1.61583e-29 1.25074e-24 4.38195e-29 1.87569e-24 1.0548e-28 2.71955e-24 2.37127e-28 3.82471e-24 4.80543e-28 5.24759e-24 9.31668e-28 7.04773e-24 1.71058e-27 9.29133e-24 3.02127e-27 1.20553e-23 5.0813e-27 1.54316e-23 8.25727e-27 1.94776e-23 1.29865e-26 2.43022e-23 1.97966e-26 3.0007e-23 2.9627e-26 3.67023e-23 4.30735e-26 4.45025e-23 6.22725e-26 5.35397e-23 8.7601e-26 6.39384e-23 1.21333e-25 7.58554e-23 1.67325e-25 8.95666e-23 2.24992e-25 1.04988e-22 2.98317e-25 1.22405e-22 3.94225e-25 1.42003e-22 5.14024e-25 1.63961e-22 6.5495e-25 1.8848e-22 8.4074e-25 2.15783e-22 1.05539e-24 2.4606e-22 1.33484e-24 2.79579e-22 1.65208e-24 3.16547e-22 2.04067e-24 3.57232e-22 2.51576e-24 4.12396e-22 3.06657e-24 4.62541e-22 3.73151e-24 5.04834e-22 4.49126e-24 5.63158e-22 5.39743e-24 6.26622e-22 6.41811e-24 6.95555e-22 7.62153e-24 7.70248e-22 8.95808e-24 8.5108e-22 1.05166e-23 9.38384e-22 1.23318e-23 1.03256e-21 1.44435e-23 1.13395e-21 1.68976e-23 1.24297e-21 1.94085e-23 1.36e-21 2.26579e-23 0 2.59761e-23 0 2.97543e-23 0 3.40528e-23 0 3.89391e-23 0 4.37562e-23 0 4.99562e-23 0 5.60595e-23 0 6.39038e-23 0 7.1615e-23 0 8.02071e-23 0
12.3105 1.4436e-14 1.4436e-14 1.94208e-21 1.34531e-07 6.10539e-06 0 6.2026e-34 0 8.77442e-33 0 3.69759e-31 0 1.04708e-29 0 5.24767e-29 0 1.42588e-28 9.80909e-45 2.98131e-28 2.81661e-43 5.37422e-28 4.92065e-39 3.71354e-27 2.85531e-35 3.03099e-26 2.88129e-33 1.12295e-25 6.23598e-32 2.95381e-25 6.07328e-31 6.39114e-25 3.68687e-30 1.21784e-24 1.61871e-29 2.12158e-24 5.60211e-29 3.45733e-24 1.63834e-28 5.34728e-24 4.23176e-28 7.93314e-24 9.7588e-28 1.1388e-23 2.10879e-27 1.58695e-23 4.12863e-27 2.15877e-23 7.74992e-27 2.87614e-23 1.38133e-26 3.76317e-23 2.3729e-26 4.84775e-23 3.89082e-26 6.16303e-23 6.17458e-26 7.72875e-23 9.49863e-26 9.58378e-23 1.41847e-25 1.17637e-22 2.08147e-25 1.43071e-22 2.97137e-25 1.72534e-22 4.21917e-25 2.06483e-22 5.83718e-25 2.45341e-22 7.95732e-25 2.89646e-22 1.08027e-24 3.40363e-22 1.43172e-24 3.9714e-22 1.87236e-24 4.60966e-22 2.44087e-24 5.32465e-22 3.14165e-24 6.12224e-22 3.95589e-24 7.00908e-22 5.01652e-24 7.99251e-22 6.22779e-24 9.07871e-22 7.78696e-24 1.02765e-21 9.53782e-24 1.15924e-21 1.16604e-23 1.30353e-21 1.42288e-23 1.49596e-21 1.71773e-23 1.67207e-21 2.07026e-23 1.82312e-21 2.46933e-23 2.02704e-21 2.94105e-23 2.24819e-21 3.46776e-23 2.48762e-21 4.08357e-23 2.74621e-21 4.76197e-23 3.02517e-21 5.54683e-23 3.32553e-21 6.45386e-23 3.64853e-21 7.50096e-23 3.99527e-21 8.70846e-23 4.36698e-21 9.93505e-23 4.76486e-21 1.15111e-22 0 1.3109e-22 0 1.49165e-22 0 1.69594e-22 0 1.92664e-22 0 2.15269e-22 0 2.44186e-22 0 2.72481e-22 0 3.08629e-22 0 3.43952e-22 0 3.83093e-22 0
12.9424 1.31265e-14 1.31265e-14 1.4123e-21 1.07592e-07 5.83981e-06 0 5.69285e-33 0 7.34687e-32 0 2.51517e-30 0 6.47165e-29 0 3.12793e-28 7.00649e-45 8.30796e-28 5.8294e-43 1.70752e-27 1.48608e-41 3.03541e-27 1.60894e-37 2.00131e-26 6.11526e-34 1.55034e-25 4.92617e-32 5.5573e-25 9.17552e-31 1.42624e-24 7.99624e-30 3.02542e-24 4.44508e-29 5.66961e-24 1.8156e-28 9.73507e-24 5.91395e-28 1.5662e-23 1.64125e-27 2.39459e-23 4.04736e-27 3.51546e-23 8.96045e-27 4.99759e-23 1.86478e-26 6.90226e-23 3.5331e-26 9.31124e-23 6.43122e-26 1.23086e-22 1.11439e-25 1.59864e-22 1.86444e-25 2.04502e-22 2.98418e-25 2.58254e-22 4.63019e-25 3.21826e-22 6.9746e-25 3.96671e-22 1.02135e-24 4.84098e-22 1.47093e-24 5.85509e-22 2.06363e-24 7.02335e-22 2.8805e-24 8.36232e-22 3.92249e-24 9.887e-22 5.2669e-24 1.16168e-21 7.04433e-24 1.3587e-21 9.20859e-24 1.57827e-21 1.1886e-23 1.82398e-21 1.52956e-23 2.09801e-21 1.94459e-23 2.4024e-21 2.42118e-23 2.73945e-21 3.03494e-23 3.1117e-21 3.72816e-23 3.52123e-21 4.61096e-23 3.97108e-21 5.59206e-23 4.4635e-21 6.76978e-23 5.0014e-21 8.18108e-23 5.70716e-21 9.78595e-23 6.35757e-21 1.16873e-22 6.92445e-21 1.38208e-22 7.67419e-21 1.6321e-22 8.48464e-21 1.90898e-22 9.35922e-21 2.23011e-22 1.03008e-20 2.58115e-22 1.13134e-20 2.98426e-22 1.24005e-20 3.44668e-22 1.35659e-20 3.97658e-22 1.48134e-20 4.5832e-22 1.61469e-20 5.19522e-22 1.75701e-20 5.97623e-22 0 6.76279e-22 0 7.64688e-22 0 8.63982e-22 0 9.75417e-22 0 1.08397e-21 0 1.22204e-21 0 1.35637e-21 0 1.52699e-21 0 1.69278e-21 0 1.87551e-21 0
13.6067 1.27407e-14 1.27407e-14 1.09809e-21 8.61878e-08 5.31109e-06 0 4.96748e-32 0 6.00678e-31 0 1.69877e-29 0 3.93482e-28 1.4013e-45 1.83232e-27 4.83448e-43 4.75846e-27 3.10752e-41 9.61761e-27 6.7705e-40 1.68674e-26 4.65721e-36 1.06283e-25 1.18363e-32 7.8277e-25 7.6957e-31 2.71744e-24 1.24267e-29 6.80926e-24 9.74329e-29 1.41685e-23 4.9811e-28 2.61242e-23 1.89945e-27 4.42293e-23 5.84044e-27 7.02732e-23 1.54205e-26 1.06241e-22 3.6388e-26 1.54383e-22 7.74931e-26 2.174e-22 1.55604e-25 2.97647e-22 2.85758e-25 3.98273e-22 5.05168e-25 5.22477e-22 8.52165e-25 6.73726e-22 1.39034e-24 8.55983e-22 2.17482e-24 1.07394e-21 3.30281e-24 1.33008e-21 4.8766e-24 1.62979e-21 7.00948e-24 1.97783e-21 9.91673e-24 2.37925e-21 1.36845e-23 2.83919e-21 1.87929e-23 3.36358e-21 2.52081e-23 3.9577e-21 3.33645e-23 4.62845e-21 4.3995e-23 5.38875e-21 5.67643e-23 6.23224e-21 7.2361e-23 7.172e-21 9.19792e-23 8.21557e-21 1.15574e-22 9.36993e-21 1.42368e-22 1.0643e-20 1.76499e-22 1.20434e-20 2.14648e-22 1.35781e-20 2.62734e-22 1.52576e-20 3.1565e-22 1.70893e-20 3.78579e-22 1.90831e-20 4.53292e-22 2.16569e-20 5.37492e-22 2.40457e-20 6.36384e-22 2.61603e-20 7.46415e-22 2.89017e-20 8.74319e-22 3.18555e-20 1.01485e-21 3.50331e-20 1.1766e-21 3.84437e-20 1.35213e-21 4.21002e-20 1.55226e-21 4.60139e-20 1.78022e-21 5.01978e-20 2.03962e-21 5.46633e-20 2.33452e-21 5.9423e-20 2.63012e-21 6.44893e-20 3.00489e-21 0 3.37992e-21 0 3.79891e-21 0 4.26669e-21 0 4.78855e-21 0 5.29413e-21 0 5.93362e-21 0 6.55239e-21 0 7.33409e-21 0 8.08955e-21 0 8.91809e-21 0
14.3051 1.26745e-14 1.26745e-14 8.61522e-22 6.79728e-08 4.55101e-06 0 3.97264e-31 0 4.58821e-30 0 1.09701e-28 0 2.27088e-27 6.86636e-44 1.01728e-26 2.63528e-41 2.58278e-26 1.38068e-39 5.13458e-26 2.58801e-38 8.88656e-26 1.1564e-34 5.35821e-25 2.00424e-31 3.75763e-24 1.06282e-29 1.26454e-23 1.49825e-28 3.09579e-23 1.06235e-27 6.322e-23 5.01522e-27 1.14738e-22 1.79148e-26 1.91608e-22 5.21449e-26 3.0075e-22 1.31304e-25 4.49729e-22 2.9712e-25 6.47027e-22 6.0983e-25 9.02756e-22 1.18354e-24 1.22551e-21 2.10996e-24 1.62685e-21 3.62769e-24 2.11835e-21 5.96527e-24 2.71246e-21 9.50274e-24 3.42336e-21 1.45433e-23 4.26776e-21 2.16404e-23 5.25397e-21 3.13499e-23 6.40099e-21 4.42701e-23 7.7253e-21 6.15795e-23 9.24433e-21 8.36506e-23 1.09755e-20 1.13111e-22 1.29393e-20 1.49563e-22 1.51532e-20 1.95266e-22 1.76408e-20 2.54027e-22 2.04469e-20 3.23705e-22 2.35466e-20 4.07785e-22 2.69852e-20 5.12306e-22 3.07875e-20 6.36587e-22 3.49764e-20 7.76227e-22 3.95775e-20 9.52277e-22 4.46194e-20 1.14709e-21 5.01242e-20 1.39027e-21 5.61261e-20 1.65539e-21 6.26483e-20 1.96787e-21 6.97228e-20 2.33559e-21 7.87101e-20 2.7465e-21 8.71112e-20 3.22512e-21 9.46608e-20 3.7534e-21 1.04259e-19 4.36275e-21 1.1457e-19 5.02726e-21 1.25627e-19 5.7866e-21 1.37458e-19 6.60486e-21 1.50106e-19 7.53152e-21 1.63603e-19 8.57998e-21 1.77992e-19 9.76514e-21 1.93306e-19 1.11036e-20 2.09584e-19 1.24369e-20 2.26864e-19 1.4117e-20 0 1.57879e-20 0 1.76441e-20 0 1.97047e-20 0 2.19906e-20 0 2.41935e-20 0 2.69653e-20 0 2.96335e-20 0 3.29867e-20 0 3.62108e-20 0 3.973e-20 0
15.0394 1.32935e-14 1.32935e-14 6.95256e-22 5.23004e-08 3.85348e-06 0 3.00857e-30 0 3.36356e-29 0 6.97368e-28 0 1.28522e-26 4.3202e-42 5.52877e-26 1.22901e-39 1.37183e-25 5.30736e-38 2.6825e-25 8.62194e-37 4.58224e-25 2.55584e-33 2.64633e-24 3.07781e-30 1.76948e-23 1.34448e-28 5.77734e-23 1.66562e-27 1.38273e-22 1.07331e-26 2.77265e-22 4.69718e-26 4.95522e-22 1.57675e-25 8.1651e-22 4.35621e-25 1.26648e-21 1.04856e-24 1.87372e-21 2.27999e-24 2.66962e-21 4.51817e-24 3.69133e-21 8.48941e-24 4.96963e-21 1.47132e-23 6.54619e-21 2.46362e-23 8.46217e-21 3.95392e-23 1.07615e-20 6.15706e-23 1.34939e-20 9.22922e-23 1.6718e-20 1.34691e-22 2.04609e-20 1.91624e-22 2.47884e-20 2.66077e-22 2.97568e-20 3.64196e-22 3.54249e-20 4.87386e-22 4.18512e-20 6.49401e-22 4.91043e-20 8.47049e-22 5.7242e-20 1.09158e-21 6.63429e-20 1.40194e-21 7.6561e-20 1.76547e-21 8.78004e-20 2.19911e-21 1.00216e-19 2.73216e-21 1.13888e-19 3.35915e-21 1.2889e-19 4.05653e-21 1.45304e-19 4.92714e-21 1.63223e-19 5.88141e-21 1.82715e-19 7.06169e-21 2.03891e-19 8.33695e-21 2.26821e-19 9.82734e-21 2.51608e-19 1.15666e-20 2.82601e-19 1.34943e-20 3.11784e-19 1.57221e-20 3.38391e-19 1.81624e-20 3.71586e-19 2.09565e-20 4.07133e-19 2.3982e-20 4.4514e-19 2.74154e-20 4.85691e-19 3.10906e-20 5.28911e-19 3.52261e-20 5.74904e-19 3.98753e-20 6.23798e-19 4.50976e-20 6.75694e-19 5.09583e-20 7.30708e-19 5.67622e-20 7.88952e-19 6.40327e-20 0 7.12218e-20 0 7.91646e-20 0 8.79344e-20 0 9.76108e-20 0 1.0689e-19 0 1.18507e-19 0 1.29634e-19 0 1.4355e-19 0 1.56864e-19 0 1.71332e-19 0
15.8114 1.46072e-14 1.46072e-14 6.06203e-22 4.15002e-08 3.30575e-06 0 2.15393e-29 0 2.35266e-28 0 4.335e-27 9.80909e-45 7.11361e-26 2.28302e-40 2.93384e-25 4.92874e-38 7.11078e-25 1.77099e-36 1.36752e-24 2.5109e-35 2.30567e-24 5.03783e-32 1.27623e-23 4.29081e-29 8.14594e-23 1.55871e-27 2.58244e-22 1.70773e-26 6.04599e-22 1.00476e-25 1.19097e-21 4.09143e-25 2.09677e-21 1.29456e-24 3.41027e-21 3.40346e-24 5.22874e-21 7.84839e-24 7.65565e-21 1.64304e-23 1.08045e-20 3.14902e-23 1.48088e-20 5.73743e-23 1.97762e-20 9.68027e-23 2.58538e-20 1.5806e-22 3.31845e-20 2.47882e-22 4.19201e-20 3.77746e-22 5.22313e-20 5.55149e-22 6.43197e-20 7.95365e-22 7.82699e-20 1.11225e-21 9.43066e-20 1.51985e-21 1.12617e-19 2.04867e-21 1.33395e-19 2.70291e-21 1.56833e-19 3.55129e-21 1.83158e-19 4.57244e-21 2.12554e-19 5.81991e-21 2.45279e-19 7.38391e-21 2.81852e-19 9.19448e-21 3.21915e-19 1.13307e-20 3.65987e-19 1.39288e-20 4.14323e-19 1.69533e-20 4.67154e-19 2.02853e-20 5.24739e-19 2.44061e-20 5.8737e-19 2.88823e-20 6.55252e-19 3.43701e-20 7.28737e-19 4.02494e-20 8.08042e-19 4.70653e-20 8.93479e-19 5.4956e-20 9.98637e-19 6.36344e-20 1.09839e-18 7.35888e-20 1.19061e-18 8.44142e-20 1.30358e-18 9.67224e-20 1.42419e-18 1.09959e-19 1.55277e-18 1.24883e-19 1.68955e-18 1.40758e-19 1.83492e-18 1.58511e-19 1.98919e-18 1.78349e-19 2.15275e-18 2.00498e-19 2.32588e-18 2.25207e-19 2.50893e-18 2.49539e-19 2.70222e-18 2.7985e-19 0 3.09657e-19 0 3.42418e-19 0 3.78405e-19 0 4.17909e-19 0 4.55611e-19 0 5.0259e-19 0 5.47377e-19 0 6.03126e-19 0 6.5622e-19 0 7.13661e-19 0
16.623 1.60673e-14 1.60673e-14 5.74538e-22 3.57582e-08 2.85721e-06 0 1.39932e-28 0 1.50282e-27 0 2.51552e-26 6.54406e-43 3.68962e-25 9.87463e-39 1.45718e-24 1.63975e-36 3.4482e-24 4.94668e-35 6.52092e-24 6.1617e-34 1.08515e-23 8.52861e-31 5.7595e-23 5.22522e-28 3.51267e-22 1.59278e-26 1.08204e-21 1.55256e-25 2.4794e-21 8.37752e-25 4.80008e-21 3.18533e-24 8.32808e-21 9.52748e-24 1.3374e-20 2.38935e-23 2.02752e-20 5.2896e-23 2.93859e-20 1.06813e-22 4.10902e-20 1.98316e-22 5.58379e-20 3.50896e-22 7.3981e-20 5.77108e-22 9.60054e-20 9.20017e-22 1.22377e-19 1.41149e-21 1.53586e-19 2.10717e-21 1.90182e-19 3.0391e-21 2.32815e-19 4.27837e-21 2.8173e-19 5.88578e-21 3.37644e-19 7.92102e-21 4.01142e-19 1.05226e-20 4.72825e-19 1.36963e-20 5.53284e-19 1.77571e-20 6.43218e-19 2.25826e-20 7.43183e-19 2.84071e-20 8.53972e-19 3.56246e-20 9.77225e-19 4.38875e-20 1.1117e-18 5.35352e-20 1.25903e-18 6.51508e-20 1.41997e-18 7.85408e-20 1.59521e-18 9.31572e-20 1.78551e-18 1.11074e-19 1.99173e-18 1.30369e-19 2.21445e-18 1.53828e-19 2.45473e-18 1.78758e-19 2.71316e-18 2.07439e-19 2.99067e-18 2.4039e-19 3.32696e-18 2.76366e-19 3.64833e-18 3.17339e-19 3.94947e-18 3.6159e-19 4.31185e-18 4.11569e-19 4.69759e-18 4.64973e-19 5.10763e-18 5.24809e-19 5.54261e-18 5.88074e-19 6.00362e-18 6.58417e-19 6.49152e-18 7.36566e-19 7.00741e-18 8.2332e-19 7.55206e-18 9.1955e-19 8.12643e-18 1.01381e-18 8.7314e-18 1.13061e-18 0 1.24487e-18 0 1.36983e-18 0 1.50642e-18 0 1.65564e-18 0 1.79741e-18 0 1.97327e-18 0 2.14018e-18 0 2.34701e-18 0 2.54312e-18 0 2.75442e-18 0
17.4762 1.69297e-14 1.69297e-14 5.63482e-22 3.32835e-08 2.49825e-06 0 7.92992e-28 0 8.41087e-27 0 1.30289e-25 3.57836e-41 1.71966e-24 3.3783e-37 6.50062e-24 4.37074e-35 1.50133e-23 1.11648e-33 2.79146e-23 1.22958e-32 4.58469e-23 1.19556e-29 2.33404e-22 5.35444e-27 1.36137e-21 1.38136e-25 4.07743e-21 1.20481e-24 9.14909e-21 5.98747e-24 1.74154e-20 2.13286e-23 2.97872e-20 6.04721e-23 4.72452e-20 1.44997e-22 7.08401e-20 3.08782e-22 1.01659e-19 6.02494e-22 1.40871e-19 1.08534e-21 1.89836e-19 1.86761e-21 2.49586e-19 2.99789e-21 3.21563e-19 4.6716e-21 4.07132e-19 7.01896e-21 5.07713e-19 1.02754e-20 6.24901e-19 1.45572e-20 7.60575e-19 2.01539e-20 9.15359e-19 2.72974e-20 1.09132e-18 3.62077e-20 1.29009e-18 4.74373e-20 1.51334e-18 6.09556e-20 1.76272e-18 7.80322e-20 2.04015e-18 9.80797e-20 2.34713e-18 1.22002e-19 2.68587e-18 1.51318e-19 3.06104e-18 1.84526e-19 3.46875e-18 2.22917e-19 3.91367e-18 2.68695e-19 4.39783e-18 3.20975e-19 4.92302e-18 3.77549e-19 5.49126e-18 4.46313e-19 6.10486e-18 5.19764e-19 6.76528e-18 6.08356e-19 7.47532e-18 7.01783e-19 8.23653e-18 8.08486e-19 9.05127e-18 9.30194e-19 1.00236e-17 1.06215e-18 1.09597e-17 1.21141e-18 1.18483e-17 1.37157e-18 1.28993e-17 1.5513e-18 1.40149e-17 1.74219e-18 1.51974e-17 1.9548e-18 1.64483e-17 2.17831e-18 1.77705e-17 2.42545e-18 1.91661e-17 2.69852e-18 2.06378e-17 3e-18 2.21877e-17 3.33261e-18 2.3818e-17 3.65676e-18 2.55309e-17 4.0564e-18 0 4.44538e-18 0 4.86882e-18 0 5.32954e-18 0 5.83051e-18 0 6.30443e-18 0 6.88977e-18 0 7.44296e-18 0 8.12559e-18 0 8.77012e-18 0 9.46186e-18 0
18.3733 1.68696e-14 1.68696e-14 5.42234e-22 3.21427e-08 2.22548e-06 0 3.88692e-27 0 4.08419e-26 0 5.94415e-25 1.50864e-39 7.1211e-24 9.11021e-36 2.57738e-23 9.29554e-34 5.80891e-23 2.02704e-32 1.06183e-22 1.98563e-31 1.72118e-22 1.37985e-28 8.40731e-22 4.58707e-26 4.69323e-21 1.00974e-24 1.36759e-20 7.92313e-24 3.0064e-20 3.64102e-23 5.62898e-20 1.219e-22 9.49458e-20 3.28473e-22 1.48781e-19 7.54676e-22 2.20699e-19 1.5489e-21 3.13666e-19 2.92517e-21 4.30835e-19 5.12016e-21 5.75866e-19 8.58018e-21 7.51436e-19 1.34583e-20 9.61358e-19 2.05227e-20 1.20917e-18 3.02279e-20 1.49854e-18 4.34362e-20 1.83357e-18 6.04987e-20 2.21911e-18 8.24383e-20 2.65651e-18 1.10017e-19 3.15107e-18 1.43929e-19 3.70686e-18 1.86097e-19 4.32802e-18 2.3622e-19 5.01855e-18 2.98772e-19 5.78325e-18 3.71361e-19 6.62567e-18 4.57042e-19 7.55124e-18 5.60935e-19 8.5719e-18 6.77444e-19 9.6768e-18 8.10869e-19 1.08779e-17 9.68516e-19 1.21799e-17 1.14696e-18 1.35871e-17 1.33847e-18 1.51043e-17 1.56938e-18 1.67369e-17 1.81411e-18 1.8488e-17 2.10706e-18 2.03645e-17 2.41376e-18 2.23698e-17 2.76161e-18 2.45094e-17 3.15566e-18 2.70245e-17 3.58004e-18 2.94641e-17 4.05701e-18 3.18087e-17 4.56561e-18 3.45358e-17 5.13296e-18 3.74223e-17 5.732e-18 4.04736e-17 6.39545e-18 4.36927e-17 7.08913e-18 4.7086e-17 7.85212e-18 5.06586e-17 8.69076e-18 5.44165e-17 9.61187e-18 5.83639e-17 1.06229e-17 6.25059e-17 1.16034e-17 6.68471e-17 1.28065e-17 0 1.39719e-17 0 1.5235e-17 0 1.66032e-17 0 1.80844e-17 0 1.94798e-17 0 2.11964e-17 0 2.28121e-17 0 2.47978e-17 0 2.66652e-17 0 2.8662e-17 0
19.3164 1.58941e-14 1.58941e-14 4.99121e-22 3.14028e-08 2.04276e-06 0 1.65456e-26 0 1.72609e-25 0 2.38898e-24 4.9482e-38 2.62243e-23 1.95338e-34 9.09781e-23 1.59023e-32 2.00134e-22 2.98326e-31 3.59676e-22 2.61421e-30 5.7544e-22 1.31984e-27 2.69782e-21 3.30449e-25 1.44244e-20 6.25494e-24 4.09171e-20 4.43842e-23 8.81664e-20 1.89329e-22 1.62436e-19 5.97553e-22 2.70285e-19 1.5341e-21 4.18564e-19 3.38436e-21 6.14413e-19 6.70647e-21 8.65021e-19 1.22783e-20 1.17796e-18 2.09123e-20 1.562e-18 3.41717e-20 2.0233e-18 5.24343e-20 2.57082e-18 7.83273e-20 3.21275e-18 1.13208e-19 3.95749e-18 1.59821e-19 4.81444e-18 2.19029e-19 5.79473e-18 2.93984e-19 6.90089e-18 3.86842e-19 8.14497e-18 4.99489e-19 9.53606e-18 6.37777e-19 1.10832e-17 8.00181e-19 1.27951e-17 1.00053e-18 1.46823e-17 1.23048e-18 1.67524e-17 1.49911e-18 1.90172e-17 1.82157e-18 2.15041e-17 2.17975e-18 2.41861e-17 2.58626e-18 2.70905e-17 3.06239e-18 3.02273e-17 3.59681e-18 3.36054e-17 4.16584e-18 3.72346e-17 4.84671e-18 4.11266e-17 5.563e-18 4.52875e-17 6.41431e-18 4.97319e-17 7.29935e-18 5.44662e-17 8.29655e-18 5.95021e-17 9.41884e-18 6.53346e-17 1.06199e-17 7.10344e-17 1.19615e-17 7.6577e-17 1.33837e-17 8.2921e-17 1.4961e-17 8.96173e-17 1.66172e-17 9.66766e-17 1.84417e-17 1.04104e-16 2.03394e-17 1.11914e-16 2.24164e-17 1.20115e-16 2.46879e-17 1.2872e-16 2.71706e-17 1.37737e-16 2.98821e-17 1.47175e-16 3.25e-17 1.57045e-16 3.56974e-17 0 3.87807e-17 0 4.21082e-17 0 4.56974e-17 0 4.95669e-17 0 5.31983e-17 0 5.76479e-17 0 6.18201e-17 0 6.6928e-17 0 7.17134e-17 0 7.68122e-17 0
20.3079 1.44908e-14 1.44908e-14 4.3469e-22 2.99977e-08 1.93825e-06 0 6.28493e-26 0 6.52004e-25 0 8.66345e-24 1.30451e-36 8.79762e-23 3.43716e-33 2.93067e-22 2.25728e-31 6.29543e-22 3.66989e-30 1.1126e-21 2.89253e-29 1.75713e-21 1.07765e-26 7.91056e-21 2.06041e-24 4.05399e-20 3.37846e-23 1.12012e-19 2.17858e-22 2.36682e-19 8.65773e-22 4.29246e-19 2.58341e-21 7.04826e-19 6.33398e-21 1.07898e-18 1.34438e-20 1.56772e-18 2.57655e-20 2.18692e-18 4.57996e-20 2.95317e-18 7.60033e-20 3.88563e-18 1.21251e-19 4.99717e-18 1.82203e-19 6.30704e-18 2.66897e-19 7.83248e-18 3.78875e-19 9.59106e-18 5.25946e-19 1.16024e-17 7.09785e-19 1.38899e-17 9.39092e-19 1.64575e-17 1.21926e-18 1.93302e-17 1.55479e-18 2.25266e-17 1.9617e-18 2.60645e-17 2.43412e-18 2.99613e-17 3.01055e-18 3.42384e-17 3.66526e-18 3.891e-17 4.42258e-18 4.40002e-17 5.32301e-18 4.95659e-17 6.31408e-18 5.55463e-17 7.42933e-18 6.19985e-17 8.7248e-18 6.89416e-17 1.01672e-17 7.63924e-17 1.16916e-17 8.43699e-17 1.35023e-17 9.28964e-17 1.53938e-17 1.01983e-16 1.76266e-17 1.11657e-16 1.99325e-17 1.21931e-16 2.25144e-17 1.32826e-16 2.54021e-17 1.45263e-16 2.84739e-17 1.57506e-16 3.18853e-17 1.69546e-16 3.54811e-17 1.83115e-16 3.94476e-17 1.97398e-16 4.35905e-17 2.12417e-16 4.81311e-17 2.28178e-16 5.28308e-17 2.44707e-16 5.79498e-17 2.62021e-16 6.3522e-17 2.80145e-16 6.95835e-17 2.99089e-16 7.61732e-17 3.18872e-16 8.25076e-17 3.39511e-16 9.02105e-17 0 9.76067e-17 0 1.05557e-16 0 1.14097e-16 0 1.23269e-16 0 1.31844e-16 0 1.42312e-16 0 1.52092e-16 0 1.64021e-16 0 1.75158e-16 0 1.86983e-16 0
21.3503 1.3345e-14 1.3345e-14 3.74787e-22 2.80845e-08 1.83636e-06 0 2.23249e-25 0 2.30573e-24 1.54143e-44 2.96328e-23 2.9119e-35 2.80917e-22 5.22293e-32 9.00589e-22 2.79619e-30 1.89054e-21 3.96739e-29 3.2869e-21 2.82718e-28 5.12539e-21 7.88893e-26 2.21719e-20 1.16708e-23 1.08997e-19 1.66939e-22 2.93507e-19 9.8286e-22 6.08444e-19 3.65144e-21 1.08664e-18 1.03293e-20 1.76131e-18 2.42404e-20 2.66614e-18 4.95939e-20 3.8353e-18 9.2077e-20 5.30224e-18 1.59139e-19 7.10157e-18 2.57636e-19 9.27326e-18 4.0175e-19 1.18428e-17 5.91821e-19 1.48496e-17 8.50909e-19 1.83283e-17 1.18743e-18 2.23138e-17 1.62218e-18 2.68454e-17 2.15738e-18 3.197e-17 2.81561e-18 3.76919e-17 3.60933e-18 4.40616e-17 4.54826e-18 5.11144e-17 5.67383e-18 5.88845e-17 6.96644e-18 6.74047e-17 8.52724e-18 7.67162e-17 1.02824e-17 8.6844e-17 1.22937e-17 9.7835e-17 1.46634e-17 1.09803e-16 1.72491e-17 1.22617e-16 2.01353e-17 1.36392e-16 2.34615e-17 1.51161e-16 2.71367e-17 1.66956e-16 3.09932e-17 1.83811e-16 3.55425e-17 2.01767e-16 4.02631e-17 2.20841e-16 4.57991e-17 2.41087e-16 5.14806e-17 2.62522e-16 5.78042e-17 2.85186e-16 6.48351e-17 3.10694e-16 7.22715e-17 3.35986e-16 8.04844e-17 3.61124e-16 8.90948e-17 3.89035e-16 9.85436e-17 4.18339e-16 1.08363e-16 4.49071e-16 1.19073e-16 4.81241e-16 1.30107e-16 5.14894e-16 1.42071e-16 5.5006e-16 1.55035e-16 5.86782e-16 1.69075e-16 6.25076e-16 1.84271e-16 6.64975e-16 1.98818e-16 7.06503e-16 2.16434e-16 0 2.3328e-16 0 2.51317e-16 0 2.70622e-16 0 2.91273e-16 0 3.10514e-16 0 3.33921e-16 0 3.55712e-16 0 3.82201e-16 0 4.06844e-16 0 4.32928e-16 0
22.4463 1.21589e-14 1.21589e-14 3.23669e-22 2.662e-08 1.7392e-06 0 7.29005e-25 0 7.50216e-24 8.29569e-43 9.38001e-23 5.43689e-34 8.37052e-22 6.76438e-31 2.58916e-21 2.98181e-29 5.31672e-21 3.71687e-28 9.09815e-21 2.4065e-27 1.40124e-20 5.10085e-25 5.8295e-20 5.91254e-23 2.75141e-19 7.42703e-22 7.22499e-19 4.01013e-21 1.47007e-18 1.39734e-20 2.58638e-18 3.75718e-20 4.13957e-18 8.4575e-20 6.1978e-18 1.6709e-19 8.82923e-18 3.00991e-19 1.20997e-17 5.06496e-19 1.60766e-17 8.00925e-19 2.08381e-17 1.22214e-18 2.64309e-17 1.76661e-18 3.29306e-17 2.49537e-18 4.04021e-17 3.42605e-18 4.89103e-17 4.60965e-18 5.85284e-17 6.04578e-18 6.93445e-17 7.78845e-18 8.136e-17 9.86368e-18 9.46695e-17 1.22901e-17 1.09336e-16 1.51669e-17 1.25421e-16 1.84366e-17 1.42981e-16 2.23455e-17 1.62091e-16 2.66998e-17 1.82792e-16 3.16453e-17 2.05169e-16 3.74217e-17 2.29437e-16 4.36729e-17 2.55329e-16 5.05967e-17 2.83061e-16 5.85164e-17 3.12694e-16 6.72038e-17 3.44277e-16 7.62581e-17 3.77869e-16 8.68685e-17 4.1354e-16 9.78088e-17 4.51315e-16 1.10559e-16 4.91288e-16 1.23567e-16 5.33486e-16 1.37963e-16 5.77973e-16 1.53879e-16 6.27355e-16 1.70621e-16 6.76669e-16 1.89015e-16 7.26175e-16 2.082e-16 7.80362e-16 2.2915e-16 8.37107e-16 2.50818e-16 8.96466e-16 2.74343e-16 9.5845e-16 2.9847e-16 1.02313e-15 3.24518e-16 1.09056e-15 3.52625e-16 1.16081e-15 3.82934e-16 1.2339e-15 4.15601e-16 1.30988e-15 4.46749e-16 1.38878e-15 4.84321e-16 0 5.20111e-16 0 5.58293e-16 0 5.99009e-16 0 6.42409e-16 0 6.82709e-16 0 7.31572e-16 0 7.76912e-16 0 8.31845e-16 0 8.82782e-16 0 9.36534e-16 0
23.5984 1.08179e-14 1.08179e-14 2.7357e-22 2.52886e-08 1.64427e-06 0 2.16756e-24 0 2.22404e-23 3.47382e-41 2.71766e-22 8.44992e-33 2.29989e-21 7.42378e-30 6.88239e-21 2.72019e-28 1.38403e-20 2.99777e-27 2.33261e-20 1.77175e-26 3.54979e-20 2.89122e-24 1.42173e-19 2.65726e-22 6.4487e-19 2.94995e-21 1.65233e-18 1.46691e-20 3.30142e-18 4.80925e-20 5.72408e-18 1.23215e-19 9.0494e-18 2.66587e-19 1.34047e-17 5.0946e-19 1.89154e-17 8.9173e-19 2.57012e-17 1.46292e-18 3.38833e-17 2.26214e-18 4.36025e-17 3.38133e-18 5.49375e-17 4.8006e-18 6.80221e-17 6.66754e-18 8.29685e-17 9.0137e-18 9.98879e-17 1.19532e-17 1.18906e-16 1.5471e-17 1.40177e-16 1.96855e-17 1.63688e-16 2.46449e-17 1.89605e-16 3.03794e-17 2.18032e-16 3.71075e-17 2.49068e-16 4.46791e-17 2.82805e-16 5.36462e-17 3.19368e-16 6.35449e-17 3.58817e-16 7.46927e-17 4.01294e-16 8.76068e-17 4.47181e-16 1.01473e-16 4.95967e-16 1.16719e-16 5.4804e-16 1.34033e-16 6.03489e-16 1.52895e-16 6.62394e-16 1.72427e-16 7.24844e-16 1.95173e-16 7.90953e-16 2.18484e-16 8.60746e-16 2.45493e-16 9.3438e-16 2.7289e-16 1.01189e-15 3.03047e-16 1.09337e-15 3.36211e-16 1.18262e-15 3.70917e-16 1.27235e-15 4.08854e-16 1.36329e-15 4.48233e-16 1.46147e-15 4.91032e-16 1.56404e-15 5.35098e-16 1.67106e-15 5.82729e-16 1.78254e-15 6.31373e-16 1.8986e-15 6.83677e-16 2.0193e-15 7.39883e-16 2.14477e-15 8.00251e-16 2.27501e-15 8.65053e-16 2.41011e-15 9.2661e-16 2.5501e-15 1.00059e-15 0 1.07079e-15 0 1.14543e-15 0 1.22475e-15 0 1.30901e-15 0 1.387e-15 0 1.48127e-15 0 1.56846e-15 0 1.67377e-15 0 1.77111e-15 0 1.87354e-15 0
24.8097 9.60404e-15 9.60404e-15 2.27686e-22 2.37074e-08 1.55088e-06 0 6.01667e-24 0 6.15823e-23 1.18808e-39 7.38086e-22 1.12579e-31 5.96212e-21 7.104e-29 1.73073e-20 2.18332e-27 3.4127e-20 2.1401e-26 5.66884e-20 1.15975e-25 8.52839e-20 1.47574e-23 3.29235e-19 1.08769e-21 1.43667e-18 1.07361e-20 3.59421e-18 4.93655e-20 7.05531e-18 1.52729e-19 1.20598e-17 3.7373e-19 1.88384e-17 7.78698e-19 2.76155e-17 1.44181e-18 3.86094e-17 2.45562e-18 5.20245e-17 3.93234e-18 6.80667e-17 5.95261e-18 8.69763e-17 8.72474e-18 1.08876e-16 1.21767e-17 1.3399e-16 1.66431e-17 1.62501e-16 2.21706e-17 1.94587e-16 2.89985e-17 2.30454e-16 3.70629e-17 2.70354e-16 4.66079e-17 3.14242e-16 5.77131e-17 3.6239e-16 7.04192e-17 4.14961e-16 8.51789e-17 4.72103e-16 1.01634e-16 5.33959e-16 1.20946e-16 6.00722e-16 1.42084e-16 6.72473e-16 1.65697e-16 7.49441e-16 1.92838e-16 8.32265e-16 2.21763e-16 9.20025e-16 2.53345e-16 1.01338e-15 2.88969e-16 1.11245e-15 3.27522e-16 1.21735e-15 3.672e-16 1.32822e-15 4.13133e-16 1.44522e-15 4.59936e-16 1.56837e-15 5.13861e-16 1.69793e-15 5.68265e-16 1.83391e-15 6.27842e-16 1.97647e-15 6.93027e-16 2.13062e-15 7.60907e-16 2.28662e-15 8.34754e-16 2.44612e-15 9.11054e-16 2.6161e-15 9.93611e-16 2.79323e-15 1.07825e-15 2.9776e-15 1.16935e-15 3.16921e-15 1.26201e-15 3.36821e-15 1.36125e-15 3.57472e-15 1.46749e-15 3.78889e-15 1.58116e-15 4.01073e-15 1.70272e-15 4.24033e-15 1.81777e-15 4.47776e-15 1.95555e-15 0 2.08584e-15 0 2.2239e-15 0 2.37014e-15 0 2.52499e-15 0 2.66788e-15 0 2.84006e-15 0 2.99885e-15 0 3.19006e-15 0 3.36628e-15 0 3.5512e-15 0
26.0832 8.55062e-15 8.55062e-15 1.88546e-22 2.20506e-08 1.46329e-06 0 1.57197e-23 0 1.60559e-22 3.36818e-38 1.89291e-21 1.30184e-30 1.46771e-20 5.99643e-28 4.1438e-20 1.55911e-26 8.02207e-20 1.36707e-25 1.31439e-19 6.82163e-25 1.95587e-19 6.85138e-23 7.28793e-19 4.09349e-21 3.06306e-18 3.61316e-20 7.48715e-18 1.54211e-19 1.44461e-17 4.51507e-19 2.43533e-17 1.05761e-18 3.76002e-17 2.12604e-18 5.45623e-17 3.81987e-18 7.55988e-17 6.33885e-18 1.01042e-16 9.92013e-18 1.31221e-16 1.47158e-17 1.66527e-16 2.117e-17 2.07138e-16 2.90689e-17 2.53409e-16 3.91298e-17 3.0562e-16 5.1401e-17 3.64045e-16 6.63554e-17 4.28999e-16 8.37986e-17 5.00879e-16 1.04207e-16 5.79564e-16 1.27697e-16 6.65482e-16 1.54305e-16 7.58874e-16 1.8492e-16 8.59949e-16 2.18749e-16 9.6891e-16 2.58114e-16 1.08605e-15 3.00849e-16 1.21146e-15 3.48223e-16 1.34548e-15 4.02272e-16 1.48916e-15 4.59466e-16 1.64089e-15 5.21497e-16 1.80175e-15 5.91019e-16 1.9719e-15 6.65787e-16 2.1515e-15 7.42289e-16 2.34072e-15 8.30349e-16 2.53982e-15 9.19588e-16 2.74877e-15 1.02186e-15 2.96796e-15 1.12451e-15 3.19738e-15 1.23637e-15 3.43725e-15 1.35816e-15 3.69341e-15 1.48441e-15 3.95429e-15 1.62112e-15 4.2232e-15 1.76176e-15 4.50628e-15 1.91328e-15 4.80053e-15 2.06799e-15 5.10611e-15 2.23384e-15 5.42293e-15 2.4019e-15 5.75124e-15 2.58123e-15 6.09118e-15 2.77249e-15 6.44295e-15 2.97638e-15 6.80653e-15 3.19363e-15 7.18205e-15 3.39855e-15 7.56957e-15 3.64313e-15 0 3.87364e-15 0 4.11714e-15 0 4.37426e-15 0 4.64565e-15 0 4.89538e-15 0 5.19543e-15 0 5.47135e-15 0 5.80268e-15 0 6.10717e-15 0 6.42586e-15 0
27.4221 7.62347e-15 7.62347e-15 1.55837e-22 2.04418e-08 1.38198e-06 0 3.87196e-23 0 3.9477e-22 7.97753e-37 4.58858e-21 1.31399e-29 3.43167e-20 4.48636e-27 9.4462e-20 9.94929e-26 1.79772e-19 7.84641e-25 2.90772e-19 3.61979e-24 4.28215e-19 2.90291e-22 1.5424e-18 1.42044e-20 6.25163e-18 1.1273e-19 1.49408e-17 4.48224e-19 2.83494e-17 1.24528e-18 4.71528e-17 2.79821e-18 7.19793e-17 5.4365e-18 1.03424e-16 9.4923e-18 1.42045e-16 1.53672e-17 1.88353e-16 2.3529e-17 2.42848e-16 3.42379e-17 3.06129e-16 4.83876e-17 3.78432e-16 6.54212e-17 4.60292e-16 8.67952e-17 5.52114e-16 1.12506e-16 6.5429e-16 1.43438e-16 7.67277e-16 1.79092e-16 8.91669e-16 2.20352e-16 1.0272e-15 2.67356e-16 1.17451e-15 3.20091e-16 1.33393e-15 3.80226e-16 1.50573e-15 4.46108e-16 1.6902e-15 5.22153e-16 1.88773e-15 6.04068e-16 2.09841e-15 6.94216e-16 2.32275e-15 7.96337e-16 2.56234e-15 9.03675e-16 2.81456e-15 1.01936e-15 3.08106e-15 1.14821e-15 3.36204e-15 1.28597e-15 3.65772e-15 1.42614e-15 3.96829e-15 1.58661e-15 4.29411e-15 1.74839e-15 4.63508e-15 1.93286e-15 4.99173e-15 2.1171e-15 5.36405e-15 2.31695e-15 5.75228e-15 2.53355e-15 6.16196e-15 2.75705e-15 6.58172e-15 2.99806e-15 7.01764e-15 3.24494e-15 7.47123e-15 3.50986e-15 7.94159e-15 3.77929e-15 8.42893e-15 4.06705e-15 8.93305e-15 4.35756e-15 9.45429e-15 4.66647e-15 9.99281e-15 4.99478e-15 1.05489e-14 5.34355e-15 1.11225e-14 5.71388e-15 1.17136e-14 6.0621e-15 1.23225e-14 6.47634e-15 0 6.86553e-15 0 7.27541e-15 0 7.70693e-15 0 8.16107e-15 0 8.57781e-15 0 9.07717e-15 0 9.53513e-15 0 1.00836e-14 0 1.05862e-14 0 1.1111e-14 0
28.8297 6.79831e-15 6.79831e-15 1.28415e-22 1.88892e-08 1.30133e-06 0 9.00656e-23 0 9.16848e-22 1.59069e-35 1.05263e-20 1.16402e-28 7.62457e-20 2.98934e-26 2.05092e-19 5.69851e-25 3.84182e-19 4.06304e-24 6.13922e-19 1.73958e-23 8.95297e-19 1.12623e-21 3.12216e-18 4.55744e-20 1.22201e-17 3.269e-19 2.85752e-17 1.21508e-18 5.33484e-17 3.2115e-18 8.75808e-17 6.93673e-18 1.32226e-16 1.3047e-17 1.88171e-16 2.2169e-17 2.56239e-16 3.50553e-17 3.37162e-16 5.25691e-17 4.31656e-16 7.5107e-17 5.40591e-16 1.04369e-16 6.64241e-16 1.39047e-16 8.03367e-16 1.81947e-16 9.5852e-16 2.32875e-16 1.13022e-15 2.93401e-16 1.31909e-15 3.62382e-16 1.52597e-15 4.41377e-16 1.75034e-15 5.30497e-16 1.99312e-15 6.29579e-16 2.25472e-15 7.41596e-16 2.53549e-15 8.63331e-16 2.83573e-15 1.00276e-15 3.15602e-15 1.15185e-15 3.49637e-15 1.31479e-15 3.85749e-15 1.49812e-15 4.24174e-15 1.68959e-15 4.64497e-15 1.8947e-15 5.06965e-15 2.12184e-15 5.516e-15 2.36329e-15 5.98427e-15 2.60769e-15 6.47467e-15 2.88606e-15 6.98765e-15 3.1653e-15 7.523e-15 3.48216e-15 8.08144e-15 3.79717e-15 8.66286e-15 4.13735e-15 9.26753e-15 4.50443e-15 9.89842e-15 4.8816e-15 1.05485e-14 5.28665e-15 1.12283e-14 5.69993e-15 1.19278e-14 6.1417e-15 1.26516e-14 6.58931e-15 1.33998e-14 7.06567e-15 1.4172e-14 7.54492e-15 1.49687e-14 8.05281e-15 1.57901e-14 8.5908e-15 1.66365e-14 9.16043e-15 1.75077e-14 9.76329e-15 1.84039e-14 1.03284e-14 1.9325e-14 1.09986e-14 0 1.16264e-14 0 1.22857e-14 0 1.29778e-14 0 1.37042e-14 0 1.4369e-14 0 1.51636e-14 0 1.58903e-14 0 1.67585e-14 0 1.75521e-14 0 1.83788e-14 0
30.3095 6.0677e-15 6.0677e-15 1.05658e-22 1.74133e-08 1.22486e-06 0 1.9852e-22 0 2.01814e-21 2.69452e-34 2.29213e-20 9.11404e-28 1.61371e-19 1.78517e-25 4.25053e-19 2.94687e-24 7.84646e-19 1.90897e-23 1.23978e-18 7.61299e-23 1.79143e-18 4.02076e-21 6.05818e-18 1.35812e-19 2.29288e-17 8.84818e-19 5.25e-17 3.08464e-18 9.64884e-17 7.77499e-18 1.56408e-16 1.6174e-17 2.33619e-16 2.94971e-17 3.29371e-16 4.88396e-17 4.44797e-16 7.55202e-17 5.80883e-16 1.11032e-16 7.38584e-16 1.55895e-16 9.19097e-16 2.13181e-16 1.12268e-15 2.80063e-16 1.35034e-15 3.61689e-16 1.60279e-15 4.57384e-16 1.88064e-15 5.69799e-16 2.18472e-15 6.96545e-16 2.51615e-15 8.40255e-16 2.87396e-15 1.00089e-15 3.25942e-15 1.17793e-15 3.67301e-15 1.37647e-15 4.11508e-15 1.59057e-15 4.58599e-15 1.834e-15 5.08644e-15 2.09246e-15 5.61632e-15 2.37308e-15 6.17657e-15 2.6868e-15 6.77057e-15 3.01245e-15 7.39197e-15 3.3593e-15 8.04435e-15 3.74128e-15 8.7279e-15 4.14515e-15 9.44288e-15 4.55189e-15 1.01895e-14 5.01292e-15 1.09683e-14 5.4732e-15 1.17788e-14 5.99312e-15 1.2622e-14 6.5077e-15 1.34976e-14 7.06107e-15 1.44059e-14 7.65571e-15 1.53434e-14 8.26425e-15 1.63145e-14 8.9152e-15 1.73364e-14 9.57688e-15 1.83772e-14 1.02816e-14 1.94516e-14 1.09931e-14 2.05598e-14 1.17477e-14 2.17011e-14 1.25044e-14 2.28761e-14 1.33038e-14 2.4085e-14 1.41478e-14 2.53282e-14 1.50387e-14 2.66053e-14 1.59786e-14 2.79163e-14 1.68571e-14 2.92613e-14 1.7896e-14 0 1.88663e-14 0 1.98825e-14 0 2.09464e-14 0 2.20601e-14 0 2.30768e-14 0 2.4289e-14 0 2.5395e-14 0 2.6713e-14 0 2.79149e-14 0 2.9164e-14 0
31.8653 5.41625e-15 5.41625e-15 8.67847e-23 1.6023e-08 1.14962e-06 0 4.15422e-22 1.4013e-45 4.21806e-21 3.90585e-33 4.74518e-20 6.34104e-27 3.25694e-19 9.599e-25 8.41644e-19 1.38183e-23 1.53282e-18 8.17102e-23 2.3966e-18 3.0458e-22 3.43321e-18 1.32538e-20 1.12773e-17 3.76998e-19 4.13316e-17 2.24138e-18 9.27371e-17 7.35167e-18 1.67872e-16 1.77125e-17 2.68799e-16 3.5552e-17 3.97333e-16 6.29629e-17 5.55116e-16 1.01715e-16 7.43599e-16 1.5397e-16 9.64009e-16 2.22151e-16 1.21753e-15 3.06787e-16 1.5057e-15 4.13158e-16 1.82864e-15 5.35595e-16 2.18763e-15 6.83115e-16 2.58345e-15 8.54008e-16 3.01682e-15 1.05255e-15 3.48869e-15 1.27412e-15 4.00049e-15 1.52298e-15 4.55059e-15 1.7987e-15 5.14061e-15 2.10011e-15 5.77107e-15 2.43548e-15 6.44225e-15 2.79451e-15 7.15449e-15 3.19987e-15 7.90861e-15 3.6274e-15 8.70425e-15 4.08866e-15 9.54261e-15 4.60122e-15 1.04283e-14 5.13016e-15 1.13521e-14 5.69049e-15 1.23189e-14 6.30431e-15 1.33288e-14 6.94999e-15 1.43821e-14 7.59714e-15 1.54789e-14 8.32729e-15 1.66197e-14 9.05298e-15 1.78039e-14 9.86913e-15 1.90326e-14 1.06735e-14 2.03053e-14 1.1535e-14 2.16222e-14 1.24572e-14 2.29675e-14 1.33973e-14 2.43679e-14 1.43991e-14 2.58502e-14 1.54138e-14 2.7345e-14 1.64908e-14 2.88847e-14 1.75745e-14 3.04694e-14 1.87201e-14 3.20981e-14 1.98653e-14 3.37714e-14 2.10713e-14 3.54894e-14 2.2341e-14 3.72528e-14 2.36771e-14 3.90606e-14 2.50826e-14 4.09129e-14 2.63925e-14 4.28097e-14 2.79374e-14 0 2.93762e-14 0 3.08793e-14 0 3.24491e-14 0 3.4088e-14 0 3.55807e-14 0 3.73561e-14 0 3.89724e-14 0 4.08938e-14 0 4.26421e-14 0 4.44551e-14 0
33.5009 4.83725e-15 4.83725e-15 7.1233e-23 1.47259e-08 1.07929e-06 0 8.27696e-22 5.74532e-44 8.39514e-21 4.88382e-32 9.36429e-20 3.94445e-26 6.28263e-19 4.67318e-24 1.59551e-18 5.90599e-23 2.86982e-18 3.20207e-22 4.44336e-18 1.11932e-21 6.31408e-18 4.05127e-20 2.01782e-17 9.78585e-19 7.17165e-17 5.33306e-18 1.57803e-16 1.65067e-17 2.81498e-16 3.80985e-17 4.45404e-16 7.39128e-17 6.51765e-16 1.27298e-16 9.02567e-16 2.00887e-16 1.19951e-15 2.97996e-16 1.54399e-15 4.22328e-16 1.93731e-15 5.74109e-16 2.38132e-15 7.62012e-16 2.87583e-15 9.75391e-16 3.42231e-15 1.22936e-15 4.02154e-15 1.52024e-15 4.67418e-15 1.85464e-15 5.38128e-15 2.22422e-15 6.14454e-15 2.63559e-15 6.96134e-15 3.08755e-15 7.83369e-15 3.57777e-15 8.76202e-15 4.1192e-15 9.74644e-15 4.69482e-15 1.07872e-14 5.34039e-15 1.18851e-14 6.01695e-15 1.30394e-14 6.74255e-15 1.42516e-14 7.54417e-15 1.55279e-14 8.36686e-15 1.6855e-14 9.23386e-15 1.82398e-14 1.01789e-14 1.9682e-14 1.11681e-14 2.11819e-14 1.2155e-14 2.27393e-14 1.32637e-14 2.43549e-14 1.43608e-14 2.60275e-14 1.55897e-14 2.77585e-14 1.67959e-14 2.95471e-14 1.8083e-14 3.13934e-14 1.94554e-14 3.3261e-14 2.08494e-14 3.52141e-14 2.23298e-14 3.72922e-14 2.3824e-14 3.93687e-14 2.54047e-14 4.15029e-14 2.69902e-14 4.36949e-14 2.86611e-14 4.5943e-14 3.03263e-14 4.8248e-14 3.2075e-14 5.06101e-14 3.39107e-14 5.30297e-14 3.5837e-14 5.55057e-14 3.78575e-14 5.80379e-14 3.97358e-14 6.06261e-14 4.19449e-14 0 4.39972e-14 0 4.61359e-14 0 4.8364e-14 0 5.06846e-14 0 5.27936e-14 0 5.52963e-14 0 5.75696e-14 0 6.02661e-14 0 6.27143e-14 0 6.52479e-14 0
35.2205 4.32148e-15 4.32148e-15 5.84142e-23 1.35172e-08 1.00656e-06 0 1.57361e-21 2.3696e-42 1.59454e-20 5.30487e-31 1.76512e-19 2.2054e-25 1.16021e-18 2.06952e-23 2.90001e-18 2.3108e-22 5.15665e-18 1.1536e-21 7.91195e-18 3.79353e-21 1.11586e-17 1.15234e-19 3.47488e-17 2.38267e-18 1.19939e-16 1.19533e-17 2.59009e-16 3.50119e-17 4.5554e-16 7.7576e-17 7.12523e-16 1.45709e-16 1.03246e-15 2.44377e-16 1.4175e-15 3.77154e-16 1.86942e-15 5.48802e-16 2.38956e-15 7.64647e-16 2.97918e-15 1.02399e-15 3.64032e-15 1.34047e-15 4.37215e-15 1.69528e-15 5.1762e-15 2.11267e-15 6.0531e-15 2.58561e-15 7.00328e-15 3.12389e-15 8.0277e-15 3.7133e-15 9.12827e-15 4.36378e-15 1.0301e-14 5.07274e-15 1.15482e-14 5.83601e-15 1.28702e-14 6.67312e-15 1.42666e-14 7.55721e-15 1.57375e-14 8.54247e-15 1.72837e-14 9.56882e-15 1.89038e-14 1.06633e-14 2.05996e-14 1.18658e-14 2.23787e-14 1.30934e-14 2.42235e-14 1.43808e-14 2.61427e-14 1.57773e-14 2.81357e-14 1.72324e-14 3.02025e-14 1.86779e-14 3.23429e-14 2.02948e-14 3.45573e-14 2.18885e-14 3.6844e-14 2.36664e-14 3.92046e-14 2.54049e-14 4.16379e-14 2.72533e-14 4.41435e-14 2.92171e-14 4.66548e-14 3.1205e-14 4.92923e-14 3.33089e-14 5.21116e-14 3.54256e-14 5.49046e-14 3.76577e-14 5.77692e-14 3.98898e-14 6.07053e-14 4.22352e-14 6.37105e-14 4.45661e-14 6.67858e-14 4.70071e-14 6.99311e-14 4.95625e-14 7.3147e-14 5.22368e-14 7.64316e-14 5.50344e-14 7.97849e-14 5.76285e-14 8.32061e-14 6.06719e-14 0 6.34922e-14 0 6.64244e-14 0 6.94722e-14 0 7.26392e-14 0 7.55112e-14 0 7.89122e-14 0 8.1995e-14 0 8.56439e-14 0 8.895e-14 0 9.23647e-14 0
37.0284 3.8646e-15 3.8646e-15 4.78664e-23 1.23859e-08 9.38946e-07 0 2.86324e-21 8.07246e-41 2.89879e-20 5.04373e-30 3.18696e-19 1.11489e-24 2.05632e-18 8.38136e-23 5.06593e-18 8.31848e-22 8.91323e-18 3.83923e-21 1.35611e-17 1.19122e-20 1.8992e-17 3.06298e-19 5.77209e-17 5.46261e-18 1.93754e-16 2.53296e-17 4.1095e-16 7.03991e-17 7.12964e-16 1.50041e-16 1.10278e-15 2.73277e-16 1.58277e-15 4.46903e-16 2.15493e-15 6.75257e-16 2.82072e-15 9.64745e-16 3.58109e-15 1.32259e-15 4.43693e-15 1.74609e-15 5.3902e-15 2.2559e-15 6.43907e-15 2.82048e-15 7.5849e-15 3.47734e-15 8.82786e-15 4.214e-15 1.01679e-14 5.04449e-15 1.16057e-14 5.94589e-15 1.31432e-14 6.93262e-15 1.47747e-14 7.99991e-15 1.65027e-14 9.14083e-15 1.83269e-14 1.03838e-14 2.02467e-14 1.16883e-14 2.22615e-14 1.31333e-14 2.43721e-14 1.463e-14 2.65762e-14 1.62174e-14 2.88757e-14 1.79523e-14 3.12802e-14 1.97146e-14 3.37665e-14 2.15541e-14 3.63453e-14 2.35404e-14 3.90158e-14 2.5601e-14 4.17777e-14 2.76396e-14 4.46302e-14 2.99108e-14 4.75738e-14 3.21407e-14 5.06058e-14 3.46191e-14 5.37282e-14 3.70339e-14 5.6939e-14 3.95923e-14 6.02377e-14 4.23013e-14 6.35151e-14 4.50344e-14 6.69705e-14 4.79178e-14 7.06797e-14 5.08099e-14 7.43247e-14 5.38505e-14 7.80554e-14 5.68822e-14 8.18716e-14 6.0059e-14 8.577e-14 6.32075e-14 8.97516e-14 6.64962e-14 9.38162e-14 6.99301e-14 9.79646e-14 7.35145e-14 1.02194e-13 7.72546e-14 1.06504e-13 8.07143e-14 1.10894e-13 8.47637e-14 0 8.85073e-14 0 9.23909e-14 0 9.64187e-14 0 1.00595e-13 0 1.04374e-13 0 1.08841e-13 0 1.12882e-13 0 1.17655e-13 0 1.21971e-13 0 1.2642e-13 0
38.9291 3.4564e-15 3.4564e-15 3.92002e-23 1.13413e-08 8.76748e-07 0 4.99235e-21 2.27401e-39 5.05034e-20 4.22129e-29 5.51802e-19 5.11665e-24 3.50108e-18 3.11509e-22 8.51167e-18 2.76399e-21 1.48306e-17 1.18388e-20 2.2389e-17 3.47573e-20 3.1151e-17 7.62693e-19 9.25363e-17 1.18172e-17 3.02504e-16 5.0841e-17 6.30618e-16 1.34424e-16 1.07974e-15 2.76106e-16 1.6521e-15 4.88378e-16 2.3493e-15 7.79715e-16 3.17256e-15 1.15462e-15 4.12246e-15 1.62113e-15 5.19905e-15 2.18848e-15 6.40236e-15 2.85032e-15 7.73391e-15 3.63676e-15 9.19032e-15 4.4976e-15 1.07724e-14 5.48866e-15 1.24797e-14 6.5893e-15 1.43111e-14 7.81894e-15 1.62668e-14 9.14242e-15 1.83487e-14 1.058e-14 2.05486e-14 1.21238e-14 2.28692e-14 1.3763e-14 2.53097e-14 1.55374e-14 2.78684e-14 1.73886e-14 3.05443e-14 1.94275e-14 3.33378e-14 2.15276e-14 3.62455e-14 2.37438e-14 3.92694e-14 2.61537e-14 4.24211e-14 2.85902e-14 4.56709e-14 3.1122e-14 4.90321e-14 3.3844e-14 5.25031e-14 3.6656e-14 5.60832e-14 3.94271e-14 5.97712e-14 4.25027e-14 6.35674e-14 4.55114e-14 6.74679e-14 4.88433e-14 7.14753e-14 5.20785e-14 7.55865e-14 5.5495e-14 7.98007e-14 5.91009e-14 8.39532e-14 6.27274e-14 8.83469e-14 6.65417e-14 9.3081e-14 7.03562e-14 9.76981e-14 7.43552e-14 1.02414e-13 7.83315e-14 1.07229e-13 8.24871e-14 1.12138e-13 8.6595e-14 1.17143e-13 9.08753e-14 1.22242e-13 9.53335e-14 1.27438e-13 9.99757e-14 1.32725e-13 1.04808e-13 1.38105e-13 1.09268e-13 1.43574e-13 1.14475e-13 0 1.19279e-13 0 1.24252e-13 0 1.29399e-13 0 1.34725e-13 0 1.39535e-13 0 1.45209e-13 0 1.50332e-13 0 1.56372e-13 0 1.61824e-13 0 1.67434e-13 0
40.9273 3.093e-15 3.093e-15 3.21002e-23 1.03784e-08 8.19503e-07 0 8.36231e-21 5.35001e-38 8.45337e-20 3.13077e-28 9.18421e-19 2.14286e-23 5.7389e-18 1.06746e-21 1.3784e-17 8.51392e-21 2.38025e-17 3.39668e-20 3.56747e-17 9.46141e-20 4.93354e-17 1.78555e-18 1.4345e-16 2.42007e-17 4.573e-16 9.69591e-17 9.37647e-16 2.44476e-16 1.58511e-15 4.84809e-16 2.40002e-15 8.33986e-16 3.38217e-15 1.30142e-15 4.53115e-15 1.89059e-15 5.84588e-15 2.61085e-15 7.32478e-15 3.47329e-15 8.96636e-15 4.4657e-15 1.07712e-14 5.63047e-15 1.27337e-14 6.89139e-15 1.48539e-14 8.32855e-15 1.71299e-14 9.90985e-15 1.95595e-14 1.16613e-14 2.2142e-14 1.35315e-14 2.48787e-14 1.5548e-14 2.77588e-14 1.76985e-14 3.07849e-14 1.99674e-14 3.39553e-14 2.24088e-14 3.72671e-14 2.49411e-14 4.07184e-14 2.77151e-14 4.43095e-14 3.05577e-14 4.80353e-14 3.35426e-14 5.18981e-14 3.67732e-14 5.59111e-14 4.00244e-14 6.00377e-14 4.33887e-14 6.4294e-14 4.69909e-14 6.86774e-14 5.06972e-14 7.31868e-14 5.43362e-14 7.78201e-14 5.83604e-14 8.25777e-14 6.22833e-14 8.74545e-14 6.66129e-14 9.2453e-14 7.0803e-14 9.75696e-14 7.52142e-14 1.02803e-13 7.98555e-14 1.07919e-13 8.45095e-14 1.1335e-13 8.93903e-14 1.19222e-13 9.42578e-14 1.24908e-13 9.93467e-14 1.30704e-13 1.04394e-13 1.36611e-13 1.09655e-13 1.42622e-13 1.14843e-13 1.48739e-13 1.20236e-13 1.54962e-13 1.2584e-13 1.6129e-13 1.31662e-13 1.67719e-13 1.37707e-13 1.74248e-13 1.43275e-13 1.80877e-13 1.49763e-13 0 1.55735e-13 0 1.61905e-13 0 1.68278e-13 0 1.74859e-13 0 1.80792e-13 0 1.87778e-13 0 1.94074e-13 0 2.01484e-13 0 2.08159e-13 0 2.15018e-13 0
43.0281 2.76917e-15 2.76917e-15 2.62679e-23 9.48586e-09 7.64682e-07 0 1.34822e-20 1.06049e-36 1.362e-19 2.06977e-27 1.47216e-18 8.22591e-23 9.07198e-18 3.38588e-21 2.15488e-17 2.44017e-20 3.69047e-17 9.09926e-20 5.49437e-17 2.41093e-19 7.55553e-17 3.94195e-18 2.15328e-16 4.70431e-17 6.70255e-16 1.76127e-16 1.3526e-15 4.24487e-16 2.2586e-15 8.14108e-16 3.38501e-15 1.36385e-15 4.72846e-15 2.08253e-15 6.28573e-15 2.97066e-15 8.05305e-15 4.03823e-15 1.00263e-14 5.29785e-15 1.22017e-14 6.72851e-15 1.45783e-14 8.38801e-15 1.71477e-14 1.01657e-14 1.99084e-14 1.21726e-14 2.28567e-14 1.43613e-14 2.5989e-14 1.67658e-14 2.93032e-14 1.93138e-14 3.27997e-14 2.2042e-14 3.64647e-14 2.49326e-14 4.03007e-14 2.79637e-14 4.43044e-14 3.12065e-14 4.84718e-14 3.45519e-14 5.28001e-14 3.81977e-14 5.72887e-14 4.19152e-14 6.19312e-14 4.58005e-14 6.67296e-14 4.99868e-14 7.16988e-14 5.41817e-14 7.67955e-14 5.8505e-14 8.20379e-14 6.31159e-14 8.74224e-14 6.78421e-14 9.29476e-14 7.24661e-14 9.86106e-14 7.7562e-14 1.04411e-13 8.25131e-14 1.10344e-13 8.79599e-14 1.1641e-13 9.32148e-14 1.22607e-13 9.87305e-14 1.2893e-13 1.04517e-13 1.35068e-13 1.10303e-13 1.41602e-13 1.16354e-13 1.48687e-13 1.22372e-13 1.55502e-13 1.28649e-13 1.62437e-13 1.34857e-13 1.69491e-13 1.41314e-13 1.76656e-13 1.47667e-13 1.83935e-13 1.54255e-13 1.91326e-13 1.61086e-13 1.9883e-13 1.68166e-13 2.06442e-13 1.75503e-13 2.1416e-13 1.82247e-13 2.21982e-13 1.90088e-13 0 1.97291e-13 0 2.04718e-13 0 2.12375e-13 0 2.20268e-13 0 2.27372e-13 0 2.35721e-13 0 2.43232e-13 0 2.52057e-13 0 2.59994e-13 0 2.68136e-13 0
45.2368 2.4808e-15 2.4808e-15 2.1493e-23 8.66375e-09 7.13268e-07 0 2.09645e-20 1.78626e-35 2.1166e-19 1.22678e-26 2.27708e-18 2.90718e-22 1.38552e-17 9.98009e-21 3.25772e-17 6.53137e-20 5.53689e-17 2.28393e-19 8.19255e-17 5.77033e-19 1.1207e-16 8.23147e-18 3.13459e-16 8.7034e-17 9.53866e-16 3.05511e-16 1.89572e-15 7.05363e-16 3.12797e-15 1.31045e-15 4.64162e-15 2.14075e-15 6.42835e-15 3.20196e-15 8.48071e-15 4.48896e-15 1.0791e-14 6.01138e-15 1.33517e-14 7.78261e-15 1.61557e-14 9.76958e-15 1.91999e-14 1.20487e-14 2.24722e-14 1.44658e-14 2.59693e-14 1.717e-14 2.96854e-14 2.00944e-14 3.36146e-14 2.32821e-14 3.77533e-14 2.66358e-14 4.21007e-14 3.02028e-14 4.66399e-14 3.39587e-14 5.13724e-14 3.78744e-14 5.6294e-14 4.20406e-14 6.13988e-14 4.63167e-14 6.6683e-14 5.09537e-14 7.21452e-14 5.56596e-14 7.77774e-14 6.05564e-14 8.35814e-14 6.58098e-14 8.95734e-14 7.10525e-14 9.57033e-14 7.64349e-14 1.01992e-13 8.21541e-14 1.08434e-13 8.79952e-14 1.15028e-13 9.36906e-14 1.2177e-13 9.99469e-14 1.2866e-13 1.06006e-13 1.3569e-13 1.12652e-13 1.42863e-13 1.19044e-13 1.50174e-13 1.25735e-13 1.57619e-13 1.32734e-13 1.64796e-13 1.39714e-13 1.72457e-13 1.46995e-13 1.80785e-13 1.54218e-13 1.88746e-13 1.61732e-13 1.96832e-13 1.69148e-13 2.05042e-13 1.76842e-13 2.13368e-13 1.84396e-13 2.2181e-13 1.92213e-13 2.30369e-13 2.003e-13 2.39044e-13 2.08666e-13 2.47829e-13 2.17317e-13 2.56723e-13 2.25251e-13 2.65723e-13 2.3446e-13 0 2.42903e-13 0 2.51593e-13 0 2.60536e-13 0 2.69738e-13 0 2.78006e-13 0 2.87707e-13 0 2.96421e-13 0 3.06642e-13 0 3.15819e-13 0 3.2522e-13 0
47.5588 2.22481e-15 2.22481e-15 1.75832e-23 7.90324e-09 6.63261e-07 1.4013e-45 3.15115e-20 2.57825e-34 3.17969e-19 6.55689e-26 3.4061e-18 9.50196e-22 2.0486e-17 2.74472e-20 4.7721e-17 1.63883e-19 8.05415e-17 5.39098e-19 1.18493e-16 1.30177e-18 1.61308e-16 1.631e-17 4.43332e-16 1.53695e-16 1.32037e-15 5.07425e-16 2.58575e-15 1.12464e-15 4.21742e-15 2.02717e-15 6.19793e-15 3.23317e-15 8.51195e-15 4.74177e-15 1.11462e-14 6.53892e-15 1.40878e-14 8.63262e-15 1.73244e-14 1.10362e-14 2.08453e-14 1.37008e-14 2.46438e-14 1.6725e-14 2.87044e-14 1.99018e-14 3.30206e-14 2.34253e-14 3.75846e-14 2.72054e-14 4.23879e-14 3.12954e-14 4.74248e-14 3.55689e-14 5.26932e-14 4.00855e-14 5.81728e-14 4.48131e-14 6.38644e-14 4.97149e-14 6.97621e-14 5.49031e-14 7.58584e-14 6.02022e-14 8.21483e-14 6.59215e-14 8.86296e-14 7.16999e-14 9.52924e-14 7.76873e-14 1.02139e-13 8.40846e-14 1.09185e-13 9.04442e-14 1.16376e-13 9.69492e-14 1.23733e-13 1.03837e-13 1.31251e-13 1.10847e-13 1.38928e-13 1.17661e-13 1.46758e-13 1.25123e-13 1.54742e-13 1.32327e-13 1.6287e-13 1.40206e-13 1.71146e-13 1.47763e-13 1.79563e-13 1.55652e-13 1.88118e-13 1.63883e-13 1.9631e-13 1.7207e-13 2.05077e-13 1.80588e-13 2.14627e-13 1.89019e-13 2.23705e-13 1.97769e-13 2.32908e-13 2.06385e-13 2.42236e-13 2.15305e-13 2.51679e-13 2.24044e-13 2.61239e-13 2.33069e-13 2.70914e-13 2.42387e-13 2.80706e-13 2.52007e-13 2.90607e-13 2.61934e-13 3.00615e-13 2.71023e-13 3.10727e-13 2.81552e-13 0 2.91187e-13 0 3.01088e-13 0 3.11259e-13 0 3.21707e-13 0 3.31079e-13 0 3.42059e-13 0 3.51906e-13 0 3.63439e-13 0 3.73778e-13 0 3.84352e-13 0
50 1.99448e-15 1.99448e-15 1.43806e-23 7.21019e-09 6.17076e-07 4.06377e-44 4.57973e-20 3.2086e-33 4.61886e-19 3.17179e-25 4.92832e-18 2.8791e-21 2.93293e-17 7.05709e-20 6.77399e-17 3.86164e-19 1.13594e-16 1.19856e-18 1.66243e-16 2.77224e-18 2.25294e-16 3.07005e-17 6.09116e-16 2.5929e-16 1.7774e-15 8.07558e-16 3.43165e-15 1.72164e-15 5.53441e-15 3.01525e-15 8.05674e-15 4.70071e-15 1.09741e-14 6.76637e-15 1.42657e-14 9.1856e-15 1.79121e-14 1.19634e-14 2.18955e-14 1.5112e-14 2.62002e-14 1.85637e-14 3.08162e-14 2.24417e-14 3.57231e-14 2.64785e-14 4.09119e-14 3.09193e-14 4.63717e-14 3.56474e-14 5.20914e-14 4.07271e-14 5.80632e-14 4.60002e-14 6.42834e-14 5.15397e-14 7.07285e-14 5.73055e-14 7.73983e-14 6.32523e-14 8.42853e-14 6.95156e-14 9.13804e-14 7.58828e-14 9.86772e-14 8.27245e-14 1.06173e-13 8.96075e-14 1.13856e-13 9.67109e-14 1.21728e-13 1.04271e-13 1.29806e-13 1.11759e-13 1.3803e-13 1.19392e-13 1.46423e-13 1.27446e-13 1.54978e-13 1.35617e-13 1.63692e-13 1.43535e-13 1.72562e-13 1.5218e-13 1.81584e-13 1.60503e-13 1.9075e-13 1.6958e-13 2.00063e-13 1.78263e-13 2.09515e-13 1.87304e-13 2.19103e-13 1.96714e-13 2.28229e-13 2.06049e-13 2.38015e-13 2.15741e-13 2.48698e-13 2.2531e-13 2.58797e-13 2.3522e-13 2.69017e-13 2.44957e-13 2.79359e-13 2.55017e-13 2.89811e-13 2.64852e-13 3.00374e-13 2.74991e-13 3.1105e-13 2.85439e-13 3.21837e-13 2.96204e-13 3.32726e-13 3.07292e-13 3.43718e-13 3.17426e-13 3.54808e-13 3.29145e-13 0 3.3985e-13 0 3.50832e-13 0 3.62096e-13 0 3.73648e-13 0 3.83995e-13 0 3.96099e-13 0 4.06938e-13 0 4.19613e-13 0 4.30959e-13 0 4.42549e-13 0
52.5665 1.78934e-15 1.78934e-15 1.17614e-23 6.57303e-09 5.72718e-07 1.50499e-42 6.45372e-20 3.47181e-32 6.50583e-19 1.397e-24 6.91679e-18 8.12651e-21 4.07672e-17 1.70387e-19 9.34244e-17 8.58113e-19 1.55741e-16 2.52008e-18 2.26817e-16 5.59507e-18 3.06105e-16 5.50977e-17 8.15003e-16 4.19306e-16 2.33226e-15 1.23546e-15 4.4414e-15 2.53831e-15 7.08461e-15 4.32558e-15 1.02183e-14 6.59886e-15 1.38063e-14 9.33121e-15 1.78191e-14 1.24798e-14 2.22294e-14 1.60455e-14 2.7013e-14 2.00385e-14 3.2149e-14 2.43695e-14 3.76231e-14 2.91888e-14 4.34104e-14 3.41622e-14 4.94987e-14 3.95909e-14 5.58742e-14 4.5329e-14 6.25232e-14 5.14526e-14 6.94356e-14 5.777e-14 7.66059e-14 6.43685e-14 8.40079e-14 7.11999e-14 9.16404e-14 7.82107e-14 9.94944e-14 8.556e-14 1.07559e-13 9.2998e-14 1.15827e-13 1.00956e-13 1.24295e-13 1.08931e-13 1.32949e-13 1.17129e-13 1.41792e-13 1.25822e-13 1.5084e-13 1.34402e-13 1.60029e-13 1.43118e-13 1.69384e-13 1.52288e-13 1.78897e-13 1.6156e-13 1.88565e-13 1.7052e-13 1.98382e-13 1.80275e-13 2.08347e-13 1.89641e-13 2.1845e-13 1.99829e-13 2.28694e-13 2.09549e-13 2.3907e-13 2.19646e-13 2.49575e-13 2.30129e-13 2.59516e-13 2.40506e-13 2.70198e-13 2.51253e-13 2.81878e-13 2.61843e-13 2.92863e-13 2.72786e-13 3.03962e-13 2.83516e-13 3.15174e-13 2.94581e-13 3.26487e-13 3.05377e-13 3.37903e-13 3.16486e-13 3.49423e-13 3.27913e-13 3.61045e-13 3.39666e-13 3.72761e-13 3.5175e-13 3.8457e-13 3.62775e-13 3.96468e-13 3.75503e-13 0 3.87111e-13 0 3.99001e-13 0 4.11177e-13 0 4.23644e-13 0 4.34796e-13 0 4.47823e-13 0 4.59471e-13 0 4.73074e-13 0 4.85234e-13 0 4.97638e-13 0
55.2648 1.60646e-15 1.60646e-15 9.6172e-24 5.98657e-09 5.30221e-07 4.57216e-41 8.83182e-20 3.28851e-31 8.89934e-19 5.62793e-24 9.43046e-18 2.14412e-20 5.50952e-17 3.8749e-19 1.25361e-16 1.80338e-18 2.07849e-16 5.02475e-18 3.01351e-16 1.07299e-17 4.05127e-16 9.44981e-17 1.06326e-15 6.5131e-16 2.98648e-15 1.82043e-15 5.61177e-15 3.61095e-15 8.85578e-15 5.9954e-15 1.26571e-14 8.95957e-15 1.69663e-14 1.24569e-14 2.17434e-14 1.64254e-14 2.69527e-14 2.08608e-14 3.25633e-14 2.57711e-14 3.85484e-14 3.10431e-14 4.48896e-14 3.68559e-14 5.15575e-14 4.28057e-14 5.85367e-14 4.9252e-14 6.58107e-14 5.6019e-14 7.33631e-14 6.31946e-14 8.11816e-14 7.05537e-14 8.92594e-14 7.81984e-14 9.75677e-14 8.60728e-14 1.06105e-13 9.41156e-14 1.1486e-13 1.02509e-13 1.23821e-13 1.10968e-13 1.32979e-13 1.19982e-13 1.42332e-13 1.2898e-13 1.51864e-13 1.38197e-13 1.61577e-13 1.47936e-13 1.71487e-13 1.57515e-13 1.81529e-13 1.67217e-13 1.91727e-13 1.77392e-13 2.02073e-13 1.87651e-13 2.12565e-13 1.97537e-13 2.23195e-13 2.08271e-13 2.33963e-13 2.18551e-13 2.44857e-13 2.29704e-13 2.5588e-13 2.4032e-13 2.67026e-13 2.51322e-13 2.78288e-13 2.62718e-13 2.88889e-13 2.73974e-13 3.00299e-13 2.85608e-13 3.12793e-13 2.97046e-13 3.24488e-13 3.08843e-13 3.36285e-13 3.20388e-13 3.48183e-13 3.3227e-13 3.60169e-13 3.43843e-13 3.72247e-13 3.5573e-13 3.84416e-13 3.67938e-13 3.96676e-13 3.8047e-13 4.09017e-13 3.93335e-13 4.21439e-13 4.05053e-13 4.33938e-13 4.1856e-13 0 4.30858e-13 0 4.43437e-13 0 4.56299e-13 0 4.69451e-13 0 4.81198e-13 0 4.94901e-13 0 5.07139e-13 0 5.2141e-13 0 5.34151e-13 0 5.47132e-13 0
58.1015 1.44241e-15 1.44241e-15 7.86497e-24 5.45265e-09 4.90582e-07 1.15503e-39 1.17476e-19 2.74294e-30 1.18328e-18 2.08164e-23 1.25015e-17 5.30239e-20 7.24547e-17 8.31976e-19 1.63791e-16 3.59196e-18 2.70216e-16 9.51986e-18 3.90161e-16 1.95895e-17 5.22646e-16 1.55139e-16 1.35332e-15 9.73094e-16 3.73377e-15 2.5867e-15 6.92515e-15 4.96217e-15 1.08137e-14 8.03744e-15 1.53175e-14 1.17779e-14 2.03725e-14 1.6114e-14 2.59277e-14 2.09626e-14 3.19385e-14 2.63144e-14 3.83673e-14 3.21746e-14 4.51818e-14 3.8406e-14 5.23593e-14 4.52171e-14 5.98665e-14 5.21344e-14 6.7685e-14 5.95762e-14 7.57959e-14 6.73372e-14 8.41807e-14 7.5517e-14 9.28253e-14 8.38589e-14 1.01721e-13 9.24797e-14 1.10839e-13 1.01317e-13 1.20174e-13 1.10302e-13 1.29717e-13 1.19639e-13 1.39454e-13 1.29011e-13 1.49375e-13 1.38961e-13 1.59478e-13 1.48855e-13 1.69747e-13 1.58956e-13 1.80182e-13 1.69593e-13 1.90801e-13 1.80023e-13 2.01536e-13 1.90555e-13 2.12413e-13 2.01568e-13 2.23423e-13 2.12641e-13 2.34563e-13 2.23283e-13 2.45826e-13 2.34809e-13 2.57211e-13 2.45821e-13 2.68708e-13 2.57739e-13 2.80319e-13 2.69057e-13 2.92037e-13 2.8076e-13 3.03855e-13 2.92857e-13 3.14922e-13 3.0478e-13 3.26854e-13 3.17078e-13 3.39935e-13 3.29146e-13 3.52125e-13 3.41567e-13 3.64401e-13 3.53702e-13 3.76764e-13 3.66169e-13 3.892e-13 3.7829e-13 4.01712e-13 3.9072e-13 4.14301e-13 4.03464e-13 4.26966e-13 4.16526e-13 4.39698e-13 4.29911e-13 4.52495e-13 4.42086e-13 4.65355e-13 4.56097e-13 0 4.68836e-13 0 4.81847e-13 0 4.95133e-13 0 5.08698e-13 0 5.208e-13 0 5.34898e-13 0 5.47472e-13 0 5.62118e-13 0 5.75176e-13 0 5.88464e-13 0
61.0839 1.29625e-15 1.29625e-15 6.43123e-24 4.96141e-09 4.52819e-07 2.45119e-38 1.52223e-19 2.02883e-29 1.53273e-18 7.10421e-23 1.61496e-17 1.23391e-19 9.29212e-17 1.69257e-18 2.08818e-16 6.80385e-18 3.42934e-16 1.71944e-17 4.93274e-16 3.41569e-17 6.58585e-16 2.44511e-16 1.6838e-15 1.40216e-15 4.56607e-15 3.55352e-15 8.36147e-15 6.60345e-15 1.29215e-14 1.0447e-14 1.81423e-14 1.50259e-14 2.39439e-14 2.02456e-14 3.02647e-14 2.60013e-14 3.70513e-14 3.22791e-14 4.42599e-14 3.90822e-14 5.1853e-14 4.625e-14 5.98044e-14 5.402e-14 6.80775e-14 6.18527e-14 7.66513e-14 7.02228e-14 8.55054e-14 7.88978e-14 9.46194e-14 8.79882e-14 1.03978e-13 9.72094e-14 1.13571e-13 1.06692e-13 1.23369e-13 1.16367e-13 1.33368e-13 1.26163e-13 1.43556e-13 1.36301e-13 1.53919e-13 1.46439e-13 1.64448e-13 1.57162e-13 1.75139e-13 1.67788e-13 1.85977e-13 1.78601e-13 1.96963e-13 1.89952e-13 2.08112e-13 2.01047e-13 2.19358e-13 2.1222e-13 2.30727e-13 2.2387e-13 2.42209e-13 2.35554e-13 2.53803e-13 2.46753e-13 2.655e-13 2.58855e-13 2.77302e-13 2.70389e-13 2.89195e-13 2.82844e-13 3.01185e-13 2.94647e-13 3.13263e-13 3.06825e-13 3.25423e-13 3.19388e-13 3.36756e-13 3.31745e-13 3.48991e-13 3.44465e-13 3.62419e-13 3.56925e-13 3.74879e-13 3.69726e-13 3.87408e-13 3.8221e-13 4.00007e-13 3.95014e-13 4.12662e-13 4.07443e-13 4.25377e-13 4.20169e-13 4.38152e-13 4.33194e-13 4.50988e-13 4.46525e-13 4.63873e-13 4.60164e-13 4.76808e-13 4.72552e-13 4.8979e-13 4.86788e-13 0 4.99713e-13 0 5.12896e-13 0 5.2634e-13 0 5.40048e-13 0 5.52263e-13 0 5.66475e-13 0 5.79135e-13 0 5.93864e-13 0 6.0698e-13 0 6.20313e-13 0
64.2193 1.16513e-15 1.16513e-15 5.25876e-24 4.51346e-09 4.1742e-07 4.40451e-37 1.92292e-19 1.3377e-28 1.93556e-18 2.24446e-22 2.0344e-17 2.70834e-19 1.16292e-16 3.26919e-18 2.59938e-16 1.22786e-17 4.25112e-16 2.96565e-17 6.09337e-16 5.69716e-17 8.11039e-16 3.70462e-16 2.04884e-15 1.95079e-15 5.46372e-15 4.72447e-15 9.88051e-15 8.51778e-15 1.51131e-14 1.31771e-14 2.10348e-14 1.86193e-14 2.75507e-14 2.47248e-14 3.45886e-14 3.13684e-14 4.20878e-14 3.85331e-14 4.9999e-14 4.62208e-14 5.82806e-14 5.42502e-14 6.69035e-14 6.28857e-14 7.5829e-14 7.15297e-14 8.50346e-14 8.07079e-14 9.44986e-14 9.01642e-14 1.042e-13 1.00019e-13 1.14122e-13 1.09965e-13 1.24254e-13 1.20145e-13 1.34568e-13 1.30487e-13 1.45058e-13 1.40914e-13 1.55713e-13 1.51665e-13 1.66519e-13 1.62376e-13 1.77467e-13 1.73666e-13 1.88554e-13 1.84818e-13 1.99762e-13 1.96129e-13 2.11097e-13 2.07968e-13 2.22569e-13 2.19508e-13 2.34117e-13 2.31096e-13 2.45765e-13 2.43148e-13 2.57504e-13 2.55204e-13 2.69333e-13 2.66733e-13 2.81244e-13 2.79162e-13 2.93237e-13 2.90982e-13 3.05302e-13 3.03718e-13 3.17442e-13 3.15762e-13 3.2965e-13 3.28165e-13 3.41921e-13 3.40934e-13 3.53304e-13 3.53469e-13 3.6561e-13 3.66351e-13 3.79127e-13 3.78945e-13 3.9162e-13 3.91863e-13 4.04165e-13 4.0444e-13 4.16761e-13 4.17318e-13 4.29395e-13 4.298e-13 4.42072e-13 4.4256e-13 4.54791e-13 4.55601e-13 4.67554e-13 4.68928e-13 4.80351e-13 4.82545e-13 4.93181e-13 4.94894e-13 5.06041e-13 5.09067e-13 0 5.21917e-13 0 5.35007e-13 0 5.48339e-13 0 5.61917e-13 0 5.74e-13 0 5.88044e-13 0 6.0054e-13 0 6.1506e-13 0 6.27977e-13 0 6.41092e-13 0
67.5157 1.04808e-15 1.04808e-15 4.29972e-24 4.10246e-09 3.8399e-07 6.75981e-36 2.37259e-19 7.91132e-28 2.3875e-18 6.59302e-22 2.50392e-17 5.62625e-19 1.42294e-16 6.01369e-18 3.16519e-16 2.11733e-17 5.15678e-16 4.89851e-17 7.36757e-16 9.11504e-17 9.77823e-16 5.40936e-16 2.44212e-15 2.62656e-15 6.40697e-15 6.09223e-15 1.14436e-14 1.06722e-14 1.7327e-14 1.61621e-14 2.39086e-14 2.24549e-14 3.10795e-14 2.94081e-14 3.8759e-14 3.68792e-14 4.688e-14 4.48501e-14 5.53895e-14 5.33226e-14 6.42432e-14 6.20983e-14 7.341e-14 7.14661e-14 8.28506e-14 8.07803e-14 9.25413e-14 9.06102e-14 1.0246e-13 1.00681e-13 1.12586e-13 1.11122e-13 1.22903e-13 1.21608e-13 1.334e-13 1.32293e-13 1.44049e-13 1.43103e-13 1.54845e-13 1.53961e-13 1.65778e-13 1.65114e-13 1.76833e-13 1.76188e-13 1.88003e-13 1.87821e-13 1.99284e-13 1.99276e-13 2.1066e-13 2.10861e-13 2.22137e-13 2.22952e-13 2.33723e-13 2.34704e-13 2.45363e-13 2.46476e-13 2.57078e-13 2.58688e-13 2.68859e-13 2.70875e-13 2.80707e-13 2.82503e-13 2.92615e-13 2.95012e-13 3.04583e-13 3.06882e-13 3.166e-13 3.19647e-13 3.28671e-13 3.31693e-13 3.4079e-13 3.44076e-13 3.5295e-13 3.568e-13 3.64183e-13 3.69269e-13 3.7634e-13 3.8206e-13 3.89703e-13 3.94544e-13 4.02008e-13 4.07329e-13 4.14346e-13 4.19756e-13 4.26718e-13 4.32461e-13 4.3911e-13 4.44758e-13 4.51528e-13 4.5731e-13 4.63971e-13 4.70121e-13 4.76442e-13 4.83195e-13 4.88929e-13 4.96533e-13 5.01434e-13 5.08615e-13 5.13955e-13 5.22463e-13 0 5.35002e-13 0 5.4776e-13 0 5.60738e-13 0 5.73939e-13 0 5.85675e-13 0 5.993e-13 0 6.1141e-13 0 6.25466e-13 0 6.37956e-13 0 6.50625e-13 0
70.9813 9.42993e-16 9.42993e-16 3.51614e-24 3.7287e-09 3.52426e-07 8.92491e-35 2.86145e-19 4.21687e-27 2.8787e-18 1.80612e-21 3.01321e-17 1.10859e-18 1.70345e-16 1.0555e-17 3.77261e-16 3.49475e-17 6.12502e-16 7.7608e-17 8.72463e-16 1.40098e-16 1.15481e-15 7.62185e-16 2.8528e-15 3.42609e-15 7.36519e-15 7.62691e-15 1.29944e-14 1.29999e-14 1.94777e-14 1.92924e-14 2.66468e-14 2.63772e-14 3.43816e-14 3.40931e-14 4.25949e-14 4.22847e-14 5.12157e-14 5.09352e-14 6.01888e-14 6.00481e-14 6.94688e-14 6.94128e-14 7.90239e-14 7.93384e-14 8.88156e-14 8.91443e-14 9.88201e-14 9.94335e-14 1.09016e-13 1.09919e-13 1.19384e-13 1.20735e-13 1.29907e-13 1.31549e-13 1.40575e-13 1.42521e-13 1.51363e-13 1.53578e-13 1.62266e-13 1.64642e-13 1.73274e-13 1.75968e-13 1.84373e-13 1.87177e-13 1.95558e-13 1.98915e-13 2.06825e-13 2.10439e-13 2.1816e-13 2.22061e-13 2.29567e-13 2.34157e-13 2.41056e-13 2.45884e-13 2.52574e-13 2.57602e-13 2.64143e-13 2.6973e-13 2.75754e-13 2.81804e-13 2.87408e-13 2.93301e-13 2.99099e-13 3.05642e-13 3.10828e-13 3.17331e-13 3.22585e-13 3.29875e-13 3.34374e-13 3.41691e-13 3.46191e-13 3.53816e-13 3.5803e-13 3.66252e-13 3.68922e-13 3.78419e-13 3.80721e-13 3.90878e-13 3.93698e-13 4.0302e-13 4.05607e-13 4.15435e-13 4.17532e-13 4.27484e-13 4.29472e-13 4.39785e-13 4.41417e-13 4.51674e-13 4.53372e-13 4.63794e-13 4.65336e-13 4.76147e-13 4.77312e-13 4.88736e-13 4.8929e-13 5.01564e-13 5.01271e-13 5.13168e-13 5.13254e-13 5.26452e-13 0 5.38466e-13 0 5.50676e-13 0 5.63083e-13 0 5.75688e-13 0 5.86883e-13 0 5.99865e-13 0 6.11392e-13 0 6.24758e-13 0 6.36623e-13 0 6.48647e-13 0
74.6248 8.49065e-16 8.49065e-16 2.87524e-24 3.38636e-09 3.22756e-07 1.02172e-33 3.37929e-19 2.03715e-26 3.3989e-18 4.63249e-21 3.55167e-17 2.07834e-18 1.99864e-16 1.77264e-17 4.40898e-16 5.53594e-17 7.13533e-16 1.1824e-16 1.01353e-15 2.0738e-16 1.33812e-15 1.03867e-15 3.27088e-15 4.33858e-15 8.31157e-15 9.28819e-15 1.44857e-14 1.54247e-14 2.14965e-14 2.24541e-14 2.91596e-14 3.02349e-14 3.7347e-14 3.85931e-14 4.59681e-14 4.73657e-14 5.49501e-14 5.65399e-14 6.42379e-14 6.61226e-14 7.37867e-14 7.58964e-14 8.35653e-14 8.61855e-14 9.35371e-14 9.6289e-14 1.0368e-13 1.06833e-13 1.13973e-13 1.17522e-13 1.24399e-13 1.28498e-13 1.34942e-13 1.39423e-13 1.45593e-13 1.50464e-13 1.5633e-13 1.61547e-13 1.67148e-13 1.726e-13 1.78039e-13 1.83877e-13 1.8899e-13 1.95002e-13 1.99997e-13 2.06619e-13 2.11057e-13 2.1799e-13 2.22157e-13 2.29428e-13 2.33302e-13 2.41302e-13 2.44502e-13 2.52785e-13 2.55708e-13 2.64233e-13 2.6694e-13 2.76054e-13 2.78192e-13 2.87799e-13 2.89464e-13 2.98958e-13 3.00752e-13 3.10914e-13 3.12056e-13 3.22215e-13 3.23369e-13 3.34323e-13 3.34694e-13 3.45706e-13 3.46028e-13 3.57367e-13 3.57365e-13 3.69308e-13 3.67756e-13 3.80971e-13 3.79023e-13 3.92896e-13 3.9142e-13 4.04499e-13 4.0276e-13 4.16345e-13 4.141e-13 4.27827e-13 4.2544e-13 4.39532e-13 4.3677e-13 4.5083e-13 4.48096e-13 4.62332e-13 4.59417e-13 4.74042e-13 4.70736e-13 4.8596e-13 4.82044e-13 4.98088e-13 4.93342e-13 5.09047e-13 5.0463e-13 5.21577e-13 0 5.32897e-13 0 5.44388e-13 0 5.56052e-13 0 5.67891e-13 0 5.78393e-13 0 5.90562e-13 0 6.01355e-13 0 6.13858e-13 0 6.24946e-13 0 6.36173e-13 0
78.4553 7.65003e-16 7.65003e-16 2.3513e-24 3.07358e-09 2.9524e-07 1.02123e-32 3.91231e-19 8.96221e-26 3.93426e-18 1.11601e-20 4.10509e-17 3.71614e-18 2.30082e-16 2.8546e-17 5.05764e-16 8.43276e-17 8.16101e-16 1.73561e-16 1.15617e-15 2.9617e-16 1.52275e-15 1.37117e-15 3.68397e-15 5.34133e-15 9.21445e-15 1.10178e-14 1.58643e-14 1.78497e-14 2.33082e-14 2.55124e-14 3.13512e-14 3.38579e-14 3.98616e-14 4.27061e-14 4.87484e-14 5.18927e-14 5.79399e-14 6.14112e-14 6.73829e-14 7.12734e-14 7.70348e-14 8.12607e-14 8.68667e-14 9.17072e-14 9.6845e-14 1.01906e-13 1.06949e-13 1.12494e-13 1.17162e-13 1.23177e-13 1.27466e-13 1.34096e-13 1.37849e-13 1.4492e-13 1.48303e-13 1.55817e-13 1.58809e-13 1.66718e-13 1.69363e-13 1.77551e-13 1.79958e-13 1.8857e-13 1.90583e-13 1.99409e-13 2.01236e-13 2.10695e-13 2.11914e-13 2.21712e-13 2.22607e-13 2.32766e-13 2.33319e-13 2.44213e-13 2.44058e-13 2.55257e-13 2.54784e-13 2.66243e-13 2.65515e-13 2.77564e-13 2.76243e-13 2.88788e-13 2.86972e-13 2.99432e-13 2.97697e-13 3.10815e-13 3.0842e-13 3.21555e-13 3.19133e-13 3.33041e-13 3.29842e-13 3.43822e-13 3.40542e-13 3.54848e-13 3.51229e-13 3.6612e-13 3.6099e-13 3.77114e-13 3.71581e-13 3.88337e-13 3.83241e-13 3.99242e-13 3.93872e-13 4.1036e-13 4.0449e-13 4.21121e-13 4.15095e-13 4.32078e-13 4.25678e-13 4.42639e-13 4.36244e-13 4.53379e-13 4.46795e-13 4.64299e-13 4.57331e-13 4.754e-13 4.67846e-13 4.86684e-13 4.7834e-13 4.96868e-13 4.88813e-13 5.08501e-13 0 5.18997e-13 0 5.29642e-13 0 5.40436e-13 0 5.5138e-13 0 5.6108e-13 0 5.72308e-13 0 5.82257e-13 0 5.93773e-13 0 6.03975e-13 0 6.14297e-13 0
82.4824 6.89416e-16 6.89416e-16 1.92318e-24 2.78959e-09 2.70996e-07 8.96769e-32 4.44348e-19 3.60556e-25 4.46769e-18 2.53194e-20 4.65597e-17 6.34929e-18 2.60055e-16 4.41516e-17 5.69836e-16 1.2371e-16 9.1697e-16 2.45799e-16 1.29582e-15 4.08637e-16 1.70269e-15 1.75547e-15 4.07757e-15 6.39916e-15 1.00387e-14 1.27415e-14 1.70733e-14 2.01619e-14 2.48359e-14 2.83195e-14 3.3127e-14 3.70681e-14 4.18158e-14 4.62288e-14 5.08144e-14 5.56422e-14 6.00548e-14 6.53104e-14 6.94878e-14 7.52507e-14 7.90747e-14 8.52491e-14 8.87895e-14 9.56434e-14 9.86031e-14 1.05736e-13 1.08498e-13 1.16161e-13 1.18458e-13 1.26632e-13 1.28471e-13 1.37289e-13 1.38526e-13 1.47813e-13 1.48615e-13 1.58368e-13 1.58725e-13 1.68891e-13 1.68851e-13 1.79317e-13 1.7899e-13 1.89889e-13 1.89131e-13 2.00259e-13 1.99274e-13 2.11028e-13 2.09417e-13 2.21514e-13 2.19551e-13 2.3201e-13 2.29682e-13 2.42853e-13 2.39817e-13 2.53292e-13 2.49921e-13 2.63654e-13 2.60009e-13 2.74311e-13 2.70078e-13 2.84855e-13 2.8013e-13 2.94837e-13 2.90162e-13 3.05492e-13 3.00174e-13 3.15529e-13 3.10163e-13 3.26245e-13 3.20132e-13 3.36287e-13 3.30079e-13 3.46541e-13 3.4e-13 3.57009e-13 3.49029e-13 3.67203e-13 3.58835e-13 3.77596e-13 3.69633e-13 3.8768e-13 3.7945e-13 3.97947e-13 3.89242e-13 4.07871e-13 3.99011e-13 4.17964e-13 4.08749e-13 4.27682e-13 4.1846e-13 4.37552e-13 4.28146e-13 4.47576e-13 4.37808e-13 4.57754e-13 4.47441e-13 4.68089e-13 4.57045e-13 4.77407e-13 4.6662e-13 4.88038e-13 0 4.97621e-13 0 5.07331e-13 0 5.17166e-13 0 5.2713e-13 0 5.35952e-13 0 5.46156e-13 0 5.5519e-13 0 5.65636e-13 0 5.74883e-13 0 5.8423e-13 0
86.7162 6.21593e-16 6.21593e-16 1.57298e-24 2.53056e-09 2.47351e-07 6.96405e-31 4.95785e-19 1.33262e-24 4.98422e-18 5.42705e-20 5.18909e-17 1.03918e-17 2.8898e-16 6.57344e-17 6.31398e-16 1.75147e-16 1.01342e-15 3.36529e-16 1.42867e-15 5.4576e-16 1.87294e-15 2.18349e-15 4.43996e-15 7.47243e-15 1.07579e-14 1.43868e-14 1.80733e-14 2.22614e-14 2.60306e-14 3.07546e-14 3.44325e-14 3.97307e-14 4.31538e-14 4.90191e-14 5.2113e-14 5.84704e-14 6.12478e-14 6.80967e-14 7.0515e-14 7.79219e-14 7.98809e-14 8.77409e-14 8.93236e-14 9.78898e-14 9.88189e-14 1.07693e-13 1.08352e-13 1.17772e-13 1.17912e-13 1.2785e-13 1.27487e-13 1.38067e-13 1.3707e-13 1.48118e-13 1.46655e-13 1.58165e-13 1.56231e-13 1.68148e-13 1.65798e-13 1.7801e-13 1.75349e-13 1.87982e-13 1.8488e-13 1.97738e-13 1.9439e-13 2.07844e-13 2.03878e-13 2.1766e-13 2.13339e-13 2.27462e-13 2.22777e-13 2.37567e-13 2.32198e-13 2.47275e-13 2.41574e-13 2.56892e-13 2.50919e-13 2.66764e-13 2.60229e-13 2.76513e-13 2.69509e-13 2.85726e-13 2.78755e-13 2.95545e-13 2.87968e-13 3.04779e-13 2.97147e-13 3.14621e-13 3.06293e-13 3.23831e-13 3.15407e-13 3.33222e-13 3.24484e-13 3.42795e-13 3.3272e-13 3.52105e-13 3.41669e-13 3.61583e-13 3.51525e-13 3.70768e-13 3.60463e-13 3.80108e-13 3.69367e-13 3.89126e-13 3.7824e-13 3.98286e-13 3.87074e-13 4.07095e-13 3.95875e-13 4.16032e-13 4.04643e-13 4.251e-13 4.13382e-13 4.34297e-13 4.22085e-13 4.43625e-13 4.30754e-13 4.52027e-13 4.39388e-13 4.61605e-13 0 4.70229e-13 0 4.78959e-13 0 4.87794e-13 0 4.96736e-13 0 5.04648e-13 0 5.1379e-13 0 5.21877e-13 0 5.31221e-13 0 5.39486e-13 0 5.47834e-13 0
91.1674 5.60813e-16 5.60813e-16 1.2866e-24 2.29417e-09 2.25156e-07 4.81247e-30 5.44124e-19 4.54473e-24 5.46965e-18 1.10228e-19 5.69006e-17 1.63305e-17 3.16097e-16 9.44032e-17 6.88834e-16 2.39782e-16 1.10288e-15 4.46261e-16 1.55112e-15 7.06833e-16 2.02884e-15 2.64284e-15 4.76048e-15 8.51733e-15 1.13499e-14 1.58828e-14 1.88343e-14 2.40586e-14 2.68589e-14 3.27181e-14 3.52357e-14 4.17432e-14 4.38492e-14 5.0978e-14 5.26269e-14 6.02875e-14 6.15146e-14 6.96943e-14 7.04762e-14 7.92292e-14 7.94837e-14 8.87e-14 8.85202e-14 9.8435e-14 9.75668e-14 1.07792e-13 1.06612e-13 1.1737e-13 1.15649e-13 1.26908e-13 1.24668e-13 1.36539e-13 1.33665e-13 1.45981e-13 1.42637e-13 1.55388e-13 1.51574e-13 1.64707e-13 1.60479e-13 1.73887e-13 1.69348e-13 1.83145e-13 1.78176e-13 1.92179e-13 1.86964e-13 2.01514e-13 1.95714e-13 2.10561e-13 2.04419e-13 2.19576e-13 2.13087e-13 2.2885e-13 2.21722e-13 2.37741e-13 2.30301e-13 2.46534e-13 2.38837e-13 2.55542e-13 2.47327e-13 2.64423e-13 2.55775e-13 2.72803e-13 2.6418e-13 2.81718e-13 2.72543e-13 2.9009e-13 2.80862e-13 2.99e-13 2.8914e-13 3.07326e-13 2.97378e-13 3.15804e-13 3.05572e-13 3.24435e-13 3.12983e-13 3.32817e-13 3.21042e-13 3.4134e-13 3.29919e-13 3.49589e-13 3.37948e-13 3.57968e-13 3.45937e-13 3.66048e-13 3.53891e-13 3.74246e-13 3.61801e-13 3.82122e-13 3.69673e-13 3.90105e-13 3.77508e-13 3.98196e-13 3.8531e-13 4.06394e-13 3.93071e-13 4.147e-13 4.00795e-13 4.22175e-13 4.08481e-13 4.30687e-13 0 4.38345e-13 0 4.4609e-13 0 4.53922e-13 0 4.61842e-13 0 4.68843e-13 0 4.76927e-13 0 4.84073e-13 0 4.92323e-13 0 4.99614e-13 0 5.06973e-13 0
95.847 5.06241e-16 5.06241e-16 1.05245e-24 2.07895e-09 2.05399e-07 2.97593e-29 5.87935e-19 1.4356e-23 5.90964e-18 2.12684e-19 6.14436e-17 2.46864e-17 3.40637e-16 1.30992e-16 7.40502e-16 3.17914e-16 1.18275e-15 5.73998e-16 1.65953e-15 8.88971e-16 2.16566e-15 3.11661e-15 5.02871e-15 9.48671e-15 1.17946e-14 1.7161e-14 1.93312e-14 2.5474e-14 2.72962e-14 3.41281e-14 3.5517e-14 4.3029e-14 4.38916e-14 5.204e-14 5.23588e-14 6.10438e-14 6.08739e-14 7.00734e-14 6.94084e-14 7.91658e-14 7.79411e-14 8.81449e-14 8.64599e-14 9.73264e-14 9.49515e-14 1.0611e-13 1.03408e-13 1.15063e-13 1.11826e-13 1.23944e-13 1.20199e-13 1.3288e-13 1.28524e-13 1.4161e-13 1.36802e-13 1.50281e-13 1.45026e-13 1.58847e-13 1.53198e-13 1.67262e-13 1.61318e-13 1.75726e-13 1.69381e-13 1.83967e-13 1.77391e-13 1.92463e-13 1.85348e-13 2.00678e-13 1.9325e-13 2.08849e-13 2.01103e-13 2.17236e-13 2.0891e-13 2.25263e-13 2.16655e-13 2.33187e-13 2.24347e-13 2.41291e-13 2.31986e-13 2.49268e-13 2.39576e-13 2.56782e-13 2.47115e-13 2.64765e-13 2.54607e-13 2.7225e-13 2.62048e-13 2.80206e-13 2.69444e-13 2.87629e-13 2.76794e-13 2.95179e-13 2.84095e-13 3.02855e-13 2.9068e-13 3.103e-13 2.97845e-13 3.17862e-13 3.05737e-13 3.25172e-13 3.12858e-13 3.32589e-13 3.19937e-13 3.39734e-13 3.26976e-13 3.46975e-13 3.3397e-13 3.53925e-13 3.40924e-13 3.60963e-13 3.47838e-13 3.68088e-13 3.54716e-13 3.75301e-13 3.61553e-13 3.82603e-13 3.6835e-13 3.89168e-13 3.75108e-13 3.96637e-13 0 4.03351e-13 0 4.10136e-13 0 4.16991e-13 0 4.23917e-13 0 4.30036e-13 0 4.37096e-13 0 4.43331e-13 0 4.50525e-13 0 4.56878e-13 0 4.63285e-13 0
100.767 4.57159e-16 4.57159e-16 8.6077e-25 1.88287e-09 1.87819e-07 1.65554e-28 6.25992e-19 4.21563e-23 6.29193e-18 3.90781e-19 6.53955e-17 3.59624e-17 3.61937e-16 1.75893e-16 7.84981e-16 4.08803e-16 1.25079e-15 7.17113e-16 1.75078e-15 1.08715e-15 2.27936e-15 3.58505e-15 5.2362e-15 1.03358e-14 1.20781e-14 1.81646e-14 1.95509e-14 2.64501e-14 2.73357e-14 3.49352e-14 3.52806e-14 4.35532e-14 4.33001e-14 5.21899e-14 5.13459e-14 6.07474e-14 5.93832e-14 6.92683e-14 6.73919e-14 7.77952e-14 7.53575e-14 8.61695e-14 8.32728e-14 9.46904e-14 9.11298e-14 1.02806e-13 9.89243e-14 1.11045e-13 1.06655e-13 1.19187e-13 1.1432e-13 1.27352e-13 1.21918e-13 1.35303e-13 1.29451e-13 1.43178e-13 1.36915e-13 1.50935e-13 1.44314e-13 1.58537e-13 1.51648e-13 1.66165e-13 1.58915e-13 1.73575e-13 1.66117e-13 1.81198e-13 1.73259e-13 1.88554e-13 1.80338e-13 1.95855e-13 1.87359e-13 2.03337e-13 1.94327e-13 2.10485e-13 2.01228e-13 2.17528e-13 2.08072e-13 2.2472e-13 2.14858e-13 2.31788e-13 2.2159e-13 2.38437e-13 2.28268e-13 2.45491e-13 2.34894e-13 2.52095e-13 2.41467e-13 2.59106e-13 2.47992e-13 2.65639e-13 2.54468e-13 2.72274e-13 2.60894e-13 2.79013e-13 2.66674e-13 2.85542e-13 2.72966e-13 2.92165e-13 2.79897e-13 2.98562e-13 2.86136e-13 3.05044e-13 2.92333e-13 3.11283e-13 2.98488e-13 3.17599e-13 3.04598e-13 3.23656e-13 3.10667e-13 3.29784e-13 3.16696e-13 3.35982e-13 3.22688e-13 3.42251e-13 3.28639e-13 3.48591e-13 3.3455e-13 3.54286e-13 3.40423e-13 3.60761e-13 0 3.66577e-13 0 3.72449e-13 0 3.78377e-13 0 3.84362e-13 0 3.89646e-13 0 3.95738e-13 0 4.01116e-13 0 4.07314e-13 0 4.12785e-13 0 4.183e-13 0
105.939 4.13061e-16 4.13061e-16 7.04303e-25 1.70508e-09 1.69825e-07 8.32987e-28 6.57513e-19 1.1551e-22 6.6087e-18 6.85492e-19 6.86771e-17 5.05861e-17 3.79574e-16 2.28966e-16 8.21359e-16 5.10689e-16 1.30554e-15 8.71596e-16 1.82288e-15 1.29479e-15 2.36743e-15 4.02823e-15 5.37841e-15 1.10291e-14 1.2197e-14 1.88581e-14 1.94979e-14 2.69625e-14 2.69955e-14 3.51338e-14 3.45626e-14 4.33347e-14 4.21321e-14 5.14747e-14 4.96689e-14 5.9476e-14 5.71489e-14 6.73894e-14 6.456e-14 7.52616e-14 7.1894e-14 8.29528e-14 7.91486e-14 9.0742e-14 8.63205e-14 9.81297e-14 9.34089e-14 1.05601e-13 1.00415e-13 1.12959e-13 1.0734e-13 1.20313e-13 1.14184e-13 1.27454e-13 1.2095e-13 1.34506e-13 1.27639e-13 1.41436e-13 1.34252e-13 1.4821e-13 1.40792e-13 1.54993e-13 1.47259e-13 1.61567e-13 1.53656e-13 1.68316e-13 1.59987e-13 1.74817e-13 1.6625e-13 1.81257e-13 1.72451e-13 1.87845e-13 1.78594e-13 1.94128e-13 1.8467e-13 2.0031e-13 1.90686e-13 2.06613e-13 1.96642e-13 2.12798e-13 2.02542e-13 2.18608e-13 2.08387e-13 2.24763e-13 2.14179e-13 2.30519e-13 2.19918e-13 2.36622e-13 2.25607e-13 2.42301e-13 2.31248e-13 2.48064e-13 2.36838e-13 2.53909e-13 2.41854e-13 2.59566e-13 2.47316e-13 2.65299e-13 2.53333e-13 2.7083e-13 2.58738e-13 2.7643e-13 2.64101e-13 2.81813e-13 2.69423e-13 2.8726e-13 2.74701e-13 2.92477e-13 2.79939e-13 2.97751e-13 2.85138e-13 3.03081e-13 2.903e-13 3.08467e-13 2.95423e-13 3.1391e-13 3.00508e-13 3.18796e-13 3.05556e-13 3.24346e-13 0 3.29326e-13 0 3.34352e-13 0 3.39422e-13 0 3.44538e-13 0 3.4905e-13 0 3.5425e-13 0 3.58836e-13 0 3.6412e-13 0 3.6878e-13 0 3.73475e-13 0
111.377 3.73375e-16 3.73375e-16 5.76144e-25 1.54307e-09 1.56332e-07 3.80886e-27 6.81843e-19 2.96297e-22 6.85337e-18 1.15048e-18 7.12213e-17 6.88182e-17 3.93176e-16 2.89354e-16 8.48825e-16 6.20594e-16 1.34573e-15 1.03189e-15 1.87409e-15 1.50359e-15 2.42769e-15 4.42585e-15 5.45194e-15 1.15374e-14 1.21512e-14 1.9219e-14 1.91825e-14 2.70055e-14 2.6301e-14 3.4741e-14 3.34072e-14 4.24171e-14 4.04527e-14 4.9967e-14 4.74161e-14 5.73326e-14 5.42832e-14 6.45707e-14 6.10495e-14 7.17309e-14 6.77127e-14 7.8692e-14 7.42747e-14 8.57107e-14 8.07365e-14 9.23411e-14 8.71e-14 9.90228e-14 9.33693e-14 1.05581e-13 9.95465e-14 1.12116e-13 1.05635e-13 1.18444e-13 1.11637e-13 1.24676e-13 1.17556e-13 1.30786e-13 1.23395e-13 1.36745e-13 1.29158e-13 1.42698e-13 1.34844e-13 1.48457e-13 1.40457e-13 1.54358e-13 1.46002e-13 1.60031e-13 1.51478e-13 1.65642e-13 1.56892e-13 1.71373e-13 1.62245e-13 1.76829e-13 1.67532e-13 1.82189e-13 1.72759e-13 1.87647e-13 1.77927e-13 1.92994e-13 1.8304e-13 1.98012e-13 1.88098e-13 2.0332e-13 1.93105e-13 2.08279e-13 1.98059e-13 2.13529e-13 2.02965e-13 2.18411e-13 2.07823e-13 2.23358e-13 2.12633e-13 2.28371e-13 2.16938e-13 2.33217e-13 2.21628e-13 2.38124e-13 2.26795e-13 2.42853e-13 2.31427e-13 2.47636e-13 2.36018e-13 2.52231e-13 2.4057e-13 2.56875e-13 2.45081e-13 2.6132e-13 2.49554e-13 2.6581e-13 2.5399e-13 2.70344e-13 2.58391e-13 2.74922e-13 2.62755e-13 2.79544e-13 2.67083e-13 2.8369e-13 2.71376e-13 2.88397e-13 0 2.92618e-13 0 2.96873e-13 0 3.01164e-13 0 3.0549e-13 0 3.09304e-13 0 3.13696e-13 0 3.17567e-13 0 3.22025e-13 0 3.25953e-13 0 3.29909e-13 0
117.094 3.3767e-16 3.3767e-16 4.71357e-25 1.39591e-09 1.40449e-07 1.59036e-26 6.98758e-19 7.13889e-22 7.02369e-18 1.85159e-18 7.30045e-17 9.07023e-17 4.026e-16 3.55545e-16 8.67054e-16 7.34678e-16 1.37086e-15 1.19164e-15 1.90379e-15 1.70476e-15 2.45946e-15 4.76063e-15 5.45709e-15 1.18444e-14 1.19496e-14 1.92473e-14 1.86285e-14 2.6603e-14 2.52953e-14 3.38086e-14 3.18792e-14 4.08827e-14 3.83505e-14 4.77806e-14 4.47002e-14 5.44623e-14 5.09235e-14 6.09885e-14 5.70226e-14 6.74105e-14 6.30004e-14 7.36249e-14 6.88624e-14 7.98645e-14 7.4613e-14 8.57369e-14 8.02564e-14 9.16347e-14 8.57986e-14 9.74058e-14 9.12435e-14 1.03139e-13 9.65951e-14 1.08676e-13 1.01858e-13 1.14117e-13 1.07036e-13 1.19437e-13 1.12132e-13 1.24616e-13 1.17151e-13 1.29779e-13 1.22094e-13 1.34764e-13 1.26965e-13 1.39863e-13 1.31768e-13 1.44757e-13 1.36503e-13 1.49589e-13 1.41176e-13 1.54516e-13 1.4579e-13 1.59201e-13 1.50341e-13 1.63797e-13 1.54834e-13 1.6847e-13 1.5927e-13 1.73043e-13 1.63654e-13 1.77328e-13 1.67985e-13 1.81856e-13 1.72267e-13 1.86082e-13 1.76499e-13 1.9055e-13 1.80685e-13 1.94701e-13 1.84826e-13 1.98903e-13 1.88922e-13 2.03156e-13 1.9258e-13 2.07265e-13 1.96566e-13 2.1142e-13 2.00957e-13 2.15421e-13 2.04887e-13 2.19465e-13 2.08778e-13 2.23346e-13 2.12633e-13 2.27266e-13 2.16449e-13 2.31015e-13 2.20231e-13 2.34798e-13 2.23978e-13 2.38616e-13 2.27693e-13 2.42468e-13 2.31374e-13 2.46355e-13 2.35023e-13 2.49838e-13 2.38639e-13 2.5379e-13 0 2.57331e-13 0 2.609e-13 0 2.64496e-13 0 2.68118e-13 0 2.71311e-13 0 2.74984e-13 0 2.78221e-13 0 2.81945e-13 0 2.85226e-13 0 2.88528e-13 0
123.105 3.05561e-16 3.05561e-16 3.85695e-25 1.26225e-09 1.27084e-07 6.09122e-26 7.08334e-19 1.62071e-21 7.12043e-18 2.86377e-18 7.4033e-17 1.16011e-16 4.07856e-16 4.25415e-16 8.76052e-16 8.48461e-16 1.38098e-15 1.3441e-15 1.91212e-15 1.88957e-15 2.46308e-15 5.01909e-15 5.39672e-15 1.1946e-14 1.16067e-14 1.89606e-14 1.78677e-14 2.57996e-14 2.40307e-14 3.24107e-14 3.00529e-14 3.88354e-14 3.5922e-14 4.50493e-14 4.16406e-14 5.10278e-14 4.72117e-14 5.68339e-14 5.26435e-14 6.25187e-14 5.79428e-14 6.79957e-14 6.31181e-14 7.34732e-14 6.81766e-14 7.86101e-14 7.31242e-14 8.37529e-14 7.79683e-14 8.87704e-14 8.2714e-14 9.37417e-14 8.73661e-14 9.85302e-14 9.19299e-14 1.03225e-13 9.64098e-14 1.07806e-13 1.00811e-13 1.12255e-13 1.05135e-13 1.16684e-13 1.09387e-13 1.20951e-13 1.13568e-13 1.25309e-13 1.17685e-13 1.29485e-13 1.21737e-13 1.33603e-13 1.25731e-13 1.37794e-13 1.29667e-13 1.41774e-13 1.33544e-13 1.45673e-13 1.37367e-13 1.49633e-13 1.41137e-13 1.53503e-13 1.44858e-13 1.57126e-13 1.4853e-13 1.6095e-13 1.52156e-13 1.64514e-13 1.55736e-13 1.6828e-13 1.59274e-13 1.71773e-13 1.6277e-13 1.75307e-13 1.66224e-13 1.78881e-13 1.69302e-13 1.8233e-13 1.72658e-13 1.85815e-13 1.76354e-13 1.89168e-13 1.79656e-13 1.92554e-13 1.82923e-13 1.95801e-13 1.86158e-13 1.99078e-13 1.89357e-13 2.0221e-13 1.92525e-13 2.05368e-13 1.95661e-13 2.08553e-13 1.98769e-13 2.11764e-13 2.01845e-13 2.15002e-13 2.04892e-13 2.17902e-13 2.07911e-13 2.2119e-13 0 2.24134e-13 0 2.27099e-13 0 2.30085e-13 0 2.33092e-13 0 2.3574e-13 0 2.38786e-13 0 2.41468e-13 0 2.44552e-13 0 2.47267e-13 0 2.49999e-13 0
129.424 2.76652e-16 2.76652e-16 3.15519e-25 1.14049e-09 1.15553e-07 2.14906e-25 7.1078e-19 3.47697e-21 7.14566e-18 4.26472e-18 7.43259e-17 1.442e-16 4.09016e-16 4.9629e-16 8.75958e-16 9.57027e-16 1.37635e-15 1.48245e-15 1.89959e-15 2.04973e-15 2.43938e-15 5.19152e-15 5.27494e-15 1.18468e-14 1.11392e-14 1.83875e-14 1.69341e-14 2.46509e-14 2.25601e-14 3.06298e-14 2.80009e-14 3.63846e-14 3.32597e-14 4.19079e-14 3.83488e-14 4.71881e-14 4.32779e-14 5.22884e-14 4.80597e-14 5.72587e-14 5.27043e-14 6.20274e-14 5.72223e-14 6.67789e-14 6.16229e-14 7.12202e-14 6.59132e-14 7.56532e-14 7.01015e-14 7.99662e-14 7.41936e-14 8.42286e-14 7.81951e-14 8.83246e-14 8.21113e-14 9.23313e-14 8.59475e-14 9.62334e-14 8.97082e-14 1.00016e-13 9.33972e-14 1.03774e-13 9.70167e-14 1.0739e-13 1.00571e-13 1.11077e-13 1.04065e-13 1.14604e-13 1.07498e-13 1.18076e-13 1.10877e-13 1.21607e-13 1.14203e-13 1.24954e-13 1.17475e-13 1.2823e-13 1.20697e-13 1.31553e-13 1.23871e-13 1.34797e-13 1.26999e-13 1.37829e-13 1.30083e-13 1.41028e-13 1.33125e-13 1.44006e-13 1.36125e-13 1.47149e-13 1.39087e-13 1.50063e-13 1.42012e-13 1.53007e-13 1.44898e-13 1.55982e-13 1.47466e-13 1.58851e-13 1.50265e-13 1.61747e-13 1.53349e-13 1.64532e-13 1.56099e-13 1.67341e-13 1.58818e-13 1.70034e-13 1.61508e-13 1.72749e-13 1.64166e-13 1.75342e-13 1.66797e-13 1.77955e-13 1.69399e-13 1.80589e-13 1.71976e-13 1.83242e-13 1.74525e-13 1.85916e-13 1.77049e-13 1.8831e-13 1.79547e-13 1.91022e-13 0 1.93449e-13 0 1.95892e-13 0 1.98351e-13 0 2.00825e-13 0 2.03003e-13 0 2.05507e-13 0 2.07711e-13 0 2.10244e-13 0 2.12473e-13 0 2.14714e-13 0
136.067 2.50573e-16 2.50573e-16 2.58206e-25 1.03046e-09 1.0661e-07 7.0114e-25 7.06447e-19 7.06742e-21 7.10284e-18 6.12561e-18 7.39159e-17 1.74411e-16 4.06221e-16 5.65129e-16 8.67084e-16 1.05542e-15 1.35754e-15 1.60034e-15 1.86712e-15 2.17808e-15 2.3898e-15 5.27271e-15 5.09729e-15 1.15603e-14 1.05663e-14 1.75662e-14 1.58635e-14 2.32205e-14 2.09372e-14 2.8554e-14 2.57943e-14 3.36413e-14 3.04514e-14 3.84885e-14 3.49284e-14 4.30946e-14 3.92405e-14 4.75211e-14 4.34034e-14 5.18157e-14 4.74298e-14 5.59202e-14 5.13317e-14 5.99954e-14 5.51193e-14 6.37928e-14 5.88008e-14 6.75723e-14 6.23846e-14 7.124e-14 6.58771e-14 7.4856e-14 6.92842e-14 7.8323e-14 7.26111e-14 8.17075e-14 7.58636e-14 8.49975e-14 7.90459e-14 8.81812e-14 8.21619e-14 9.13389e-14 8.5214e-14 9.43723e-14 8.82066e-14 9.74602e-14 9.11433e-14 1.00411e-13 9.40255e-14 1.03311e-13 9.68579e-14 1.06257e-13 9.96418e-14 1.09046e-13 1.02377e-13 1.11772e-13 1.05068e-13 1.14535e-13 1.07716e-13 1.17229e-13 1.10322e-13 1.19745e-13 1.12889e-13 1.22396e-13 1.15419e-13 1.24862e-13 1.17911e-13 1.27462e-13 1.2037e-13 1.2987e-13 1.22795e-13 1.32302e-13 1.25186e-13 1.34757e-13 1.27309e-13 1.37123e-13 1.29625e-13 1.39509e-13 1.32176e-13 1.41801e-13 1.34447e-13 1.44113e-13 1.3669e-13 1.46326e-13 1.38908e-13 1.48557e-13 1.41099e-13 1.50686e-13 1.43265e-13 1.52831e-13 1.45407e-13 1.5499e-13 1.47526e-13 1.57165e-13 1.49621e-13 1.59355e-13 1.51694e-13 1.61315e-13 1.53745e-13 1.63533e-13 0 1.65518e-13 0 1.67514e-13 0 1.69523e-13 0 1.71543e-13 0 1.7332e-13 0 1.75363e-13 0 1.77159e-13 0 1.79223e-13 0 1.81039e-13 0 1.82864e-13 0
143.051 2.27111e-16 2.27111e-16 2.11261e-25 9.30213e-10 9.48743e-08 2.12417e-24 6.9616e-19 1.36515e-20 7.00024e-18 8.50409e-18 7.28847e-17 2.05613e-16 3.99889e-16 6.29085e-16 8.50338e-16 1.13962e-15 1.32609e-15 1.69332e-15 1.81702e-15 2.27029e-15 2.31752e-15 5.26482e-15 4.87304e-15 1.11129e-14 9.91384e-15 1.65501e-14 1.47001e-14 2.15872e-14 1.92239e-14 2.62854e-14 2.3512e-14 3.07285e-14 2.75916e-14 3.49329e-14 3.14885e-14 3.89057e-14 3.52216e-14 4.27054e-14 3.88089e-14 4.63764e-14 4.22645e-14 4.98721e-14 4.56009e-14 5.33315e-14 4.88293e-14 5.65456e-14 5.1958e-14 5.97361e-14 5.49956e-14 6.28247e-14 5.79486e-14 6.58628e-14 6.08227e-14 6.87697e-14 6.36233e-14 7.1602e-14 6.6356e-14 7.43503e-14 6.90248e-14 7.70054e-14 7.16336e-14 7.96347e-14 7.41847e-14 8.21569e-14 7.66824e-14 8.47208e-14 7.91298e-14 8.71671e-14 8.15285e-14 8.95693e-14 8.38828e-14 9.20056e-14 8.61936e-14 9.43102e-14 8.84619e-14 9.65603e-14 9.06907e-14 9.88378e-14 9.28808e-14 1.01057e-13 9.50352e-14 1.03127e-13 9.71547e-14 1.05306e-13 9.92412e-14 1.07332e-13 1.01296e-13 1.09466e-13 1.0332e-13 1.11441e-13 1.05315e-13 1.13433e-13 1.07281e-13 1.15444e-13 1.09023e-13 1.17379e-13 1.10924e-13 1.1933e-13 1.13017e-13 1.21203e-13 1.14878e-13 1.2309e-13 1.16716e-13 1.24896e-13 1.18531e-13 1.26715e-13 1.20323e-13 1.2845e-13 1.22093e-13 1.30197e-13 1.23843e-13 1.31955e-13 1.25573e-13 1.33724e-13 1.27282e-13 1.35504e-13 1.28972e-13 1.37097e-13 1.30644e-13 1.38899e-13 0 1.4051e-13 0 1.4213e-13 0 1.43759e-13 0 1.45396e-13 0 1.46837e-13 0 1.48491e-13 0 1.49945e-13 0 1.51615e-13 0 1.53084e-13 0 1.54559e-13 0
150.394 2.05894e-16 2.05894e-16 1.72887e-25 8.39688e-10 8.71287e-08 5.99482e-24 6.80307e-19 2.51099e-20 6.84167e-18 1.14251e-17 7.12678e-17 2.36456e-16 3.90184e-16 6.85047e-16 8.2612e-16 1.20558e-15 1.28275e-15 1.75712e-15 1.75054e-15 2.32248e-15 2.22441e-15 5.1705e-15 4.6085e-15 1.05276e-14 9.20006e-15 1.53823e-14 1.34748e-14 1.98118e-14 1.74629e-14 2.38997e-14 2.12071e-14 2.77346e-14 2.47426e-14 3.13401e-14 2.80989e-14 3.4729e-14 3.12975e-14 3.79556e-14 3.43575e-14 4.10608e-14 3.72937e-14 4.40075e-14 4.01188e-14 4.69147e-14 4.28441e-14 4.96082e-14 4.54778e-14 5.22754e-14 4.80283e-14 5.48515e-14 5.0502e-14 5.73801e-14 5.29045e-14 5.97948e-14 5.52407e-14 6.21434e-14 5.75162e-14 6.44184e-14 5.97347e-14 6.6613e-14 6.18997e-14 6.8783e-14 6.40136e-14 7.08618e-14 6.60803e-14 7.29722e-14 6.81027e-14 7.49833e-14 7.00823e-14 7.69559e-14 7.20227e-14 7.89542e-14 7.39251e-14 8.08424e-14 7.57904e-14 8.26842e-14 7.76213e-14 8.45465e-14 7.94187e-14 8.63592e-14 8.1185e-14 8.80492e-14 8.2921e-14 8.98266e-14 8.46286e-14 9.14771e-14 8.63084e-14 9.32149e-14 8.79621e-14 9.48217e-14 8.95907e-14 9.64417e-14 9.11942e-14 9.80749e-14 9.26131e-14 9.9646e-14 9.41614e-14 1.01229e-13 9.58665e-14 1.02748e-13 9.73803e-14 1.04277e-13 9.88739e-14 1.0574e-13 1.00348e-13 1.07212e-13 1.01803e-13 1.08615e-13 1.03239e-13 1.10027e-13 1.04658e-13 1.11448e-13 1.0606e-13 1.12877e-13 1.07445e-13 1.14314e-13 1.08813e-13 1.15599e-13 1.10165e-13 1.17052e-13 0 1.18351e-13 0 1.19656e-13 0 1.20968e-13 0 1.22286e-13 0 1.23444e-13 0 1.24775e-13 0 1.25944e-13 0 1.27286e-13 0 1.28466e-13 0 1.29651e-13 0
158.114 1.86757e-16 1.86757e-16 1.41498e-25 7.57663e-10 7.90809e-08 1.582e-23 6.59856e-19 4.40994e-20 6.63684e-18 1.48824e-17 6.9162e-17 2.65665e-16 3.7762e-16 7.30771e-16 7.95589e-16 1.25113e-15 1.22949e-15 1.79042e-15 1.67058e-15 2.33465e-15 2.11445e-15 5.00008e-15 4.31416e-15 9.83868e-15 8.45034e-15 1.41183e-14 1.22271e-14 1.79673e-14 1.5706e-14 2.14843e-14 1.89421e-14 2.47587e-14 2.19756e-14 2.78186e-14 2.48384e-14 3.06803e-14 2.75531e-14 3.33935e-14 3.01391e-14 3.59951e-14 3.26112e-14 3.84559e-14 3.4982e-14 4.08768e-14 3.72623e-14 4.31139e-14 3.94601e-14 4.53241e-14 4.15834e-14 4.74541e-14 4.36382e-14 4.95409e-14 4.56297e-14 5.153e-14 4.75627e-14 5.34613e-14 4.94421e-14 5.53293e-14 5.12714e-14 5.71286e-14 5.30539e-14 5.89054e-14 5.47919e-14 6.06053e-14 5.64887e-14 6.23289e-14 5.8147e-14 6.39696e-14 5.97683e-14 6.55771e-14 6.13556e-14 6.72038e-14 6.291e-14 6.87394e-14 6.44326e-14 7.02358e-14 6.59257e-14 7.17476e-14 6.739e-14 7.32177e-14 6.88276e-14 7.45872e-14 7.02395e-14 7.60265e-14 7.16269e-14 7.7362e-14 7.29907e-14 7.8767e-14 7.43323e-14 8.00653e-14 7.56525e-14 8.13733e-14 7.69514e-14 8.26911e-14 7.80991e-14 8.3958e-14 7.93516e-14 8.52337e-14 8.07309e-14 8.64568e-14 8.19539e-14 8.76877e-14 8.31598e-14 8.88644e-14 8.43496e-14 9.00481e-14 8.55226e-14 9.1176e-14 8.66803e-14 9.23102e-14 8.78232e-14 9.34506e-14 8.8952e-14 9.45972e-14 9.00663e-14 9.575e-14 9.11667e-14 9.67799e-14 9.22538e-14 9.79443e-14 0 9.89845e-14 0 1.00029e-13 0 1.01079e-13 0 1.02134e-13 0 1.0306e-13 0 1.04124e-13 0 1.05058e-13 0 1.0613e-13 0 1.07072e-13 0 1.08018e-13 0
166.23 1.69499e-16 1.69499e-16 1.15806e-25 6.83227e-10 7.13862e-08 3.91689e-23 6.35636e-19 7.41238e-20 6.394e-18 1.88262e-17 6.66495e-17 2.91973e-16 3.6264e-16 7.64499e-16 7.59779e-16 1.27509e-15 1.16808e-15 1.79323e-15 1.5798e-15 2.30843e-15 1.99126e-15 4.76545e-15 3.99935e-15 9.07818e-15 7.68598e-15 1.2806e-14 1.09885e-14 1.61138e-14 1.39933e-14 1.9108e-14 1.67633e-14 2.18758e-14 1.93418e-14 2.44478e-14 2.17615e-14 2.68418e-14 2.4045e-14 2.91027e-14 2.62115e-14 3.12631e-14 2.82753e-14 3.33005e-14 3.02482e-14 3.52994e-14 3.21406e-14 3.71422e-14 3.39599e-14 3.89588e-14 3.57135e-14 4.07061e-14 3.7407e-14 4.24147e-14 3.90451e-14 4.40405e-14 4.06322e-14 4.56168e-14 4.21728e-14 4.71391e-14 4.36701e-14 4.86034e-14 4.5127e-14 5.00476e-14 4.65455e-14 5.14277e-14 4.79287e-14 5.28254e-14 4.92788e-14 5.41545e-14 5.05972e-14 5.54553e-14 5.18867e-14 5.67704e-14 5.3148e-14 5.80107e-14 5.43825e-14 5.92183e-14 5.55918e-14 6.04373e-14 5.67767e-14 6.16217e-14 5.79391e-14 6.27243e-14 5.90797e-14 6.38821e-14 6.01997e-14 6.49557e-14 6.12998e-14 6.60845e-14 6.23811e-14 6.71267e-14 6.34445e-14 6.81762e-14 6.449e-14 6.92328e-14 6.54125e-14 7.02481e-14 6.64194e-14 7.12698e-14 6.75281e-14 7.22488e-14 6.85101e-14 7.32336e-14 6.94778e-14 7.41745e-14 7.0432e-14 7.51205e-14 7.13722e-14 7.60215e-14 7.22997e-14 7.69271e-14 7.32149e-14 7.78372e-14 7.41183e-14 7.87519e-14 7.50097e-14 7.96711e-14 7.58896e-14 8.04919e-14 7.67584e-14 8.14196e-14 0 8.22479e-14 0 8.30798e-14 0 8.39151e-14 0 8.47539e-14 0 8.54906e-14 0 8.63359e-14 0 8.70783e-14 0 8.79299e-14 0 8.86779e-14 0 8.94285e-14 0
174.763 1.53898e-16 1.53898e-16 9.47742e-26 6.15826e-10 6.54112e-08 9.12575e-23 6.08288e-19 1.19478e-19 6.11956e-18 2.3157e-17 6.3794e-17 3.14177e-16 3.45603e-16 7.84979e-16 7.19558e-16 1.27713e-15 1.10005e-15 1.76666e-15 1.48049e-15 2.24661e-15 1.85799e-15 4.47887e-15 3.67196e-15 8.27448e-15 6.92392e-15 1.14849e-14 9.78291e-15 1.42976e-14 1.23532e-14 1.68212e-14 1.47023e-14 1.91386e-14 1.68743e-14 2.12805e-14 1.89015e-14 2.32657e-14 2.0806e-14 2.51334e-14 2.26059e-14 2.69124e-14 2.43146e-14 2.85854e-14 2.59433e-14 3.02227e-14 2.75013e-14 3.17286e-14 2.89956e-14 3.32103e-14 3.04329e-14 3.46327e-14 3.18181e-14 3.60213e-14 3.31556e-14 3.73405e-14 3.44493e-14 3.86177e-14 3.57031e-14 3.98494e-14 3.69199e-14 4.10328e-14 3.81022e-14 4.21985e-14 3.9252e-14 4.33112e-14 4.03717e-14 4.4437e-14 4.14635e-14 4.55064e-14 4.25285e-14 4.65521e-14 4.3569e-14 4.76084e-14 4.45858e-14 4.86036e-14 4.558e-14 4.95719e-14 4.65532e-14 5.05485e-14 4.75059e-14 5.14968e-14 4.84398e-14 5.23789e-14 4.93554e-14 5.33045e-14 5.02538e-14 5.41623e-14 5.11357e-14 5.50635e-14 5.20019e-14 5.58952e-14 5.28531e-14 5.67322e-14 5.36896e-14 5.75744e-14 5.44266e-14 5.83831e-14 5.52313e-14 5.91966e-14 5.61172e-14 5.99756e-14 5.6901e-14 6.07589e-14 5.76729e-14 6.15069e-14 5.84337e-14 6.22587e-14 5.9183e-14 6.29743e-14 5.99218e-14 6.36933e-14 6.06504e-14 6.44156e-14 6.13693e-14 6.51411e-14 6.20784e-14 6.587e-14 6.2778e-14 6.65206e-14 6.34684e-14 6.72556e-14 0 6.79117e-14 0 6.85703e-14 0 6.92314e-14 0 6.9895e-14 0 7.04777e-14 0 7.1146e-14 0 7.17328e-14 0 7.24057e-14 0 7.29966e-14 0 7.35892e-14 0
183.733 1.39855e-16 1.39855e-16 7.75547e-26 5.54535e-10 5.59637e-08 2.00763e-22 5.78828e-19 1.85148e-19 5.82369e-18 2.77485e-17 6.06991e-17 3.31512e-16 3.27096e-16 7.92218e-16 6.76284e-16 1.25885e-15 1.02767e-15 1.71428e-15 1.37591e-15 2.15489e-15 1.71894e-15 4.15629e-15 3.34173e-15 7.45875e-15 6.18314e-15 1.01956e-14 8.63579e-15 1.25648e-14 1.08154e-14 1.4673e-14 1.27909e-14 1.65969e-14 1.46058e-14 1.83663e-14 1.6291e-14 1.99995e-14 1.78673e-14 2.15308e-14 1.93516e-14 2.2985e-14 2.07562e-14 2.4349e-14 2.20912e-14 2.56807e-14 2.33651e-14 2.69031e-14 2.45842e-14 2.81035e-14 2.57544e-14 2.92539e-14 2.688e-14 3.03751e-14 2.79651e-14 3.14388e-14 2.90129e-14 3.24672e-14 3.00269e-14 3.34577e-14 3.10097e-14 3.44083e-14 3.19634e-14 3.53437e-14 3.28897e-14 3.62356e-14 3.37909e-14 3.71371e-14 3.46685e-14 3.79927e-14 3.55239e-14 3.88285e-14 3.63588e-14 3.96721e-14 3.71737e-14 4.04664e-14 3.79701e-14 4.12385e-14 3.87488e-14 4.20167e-14 3.95107e-14 4.27718e-14 4.02569e-14 4.34738e-14 4.09879e-14 4.421e-14 4.17048e-14 4.48917e-14 4.2408e-14 4.56076e-14 4.30982e-14 4.62679e-14 4.37762e-14 4.6932e-14 4.44419e-14 4.75999e-14 4.50278e-14 4.82409e-14 4.56676e-14 4.88854e-14 4.63719e-14 4.95023e-14 4.69943e-14 5.01223e-14 4.76071e-14 5.07141e-14 4.82107e-14 5.13086e-14 4.8805e-14 5.18743e-14 4.93905e-14 5.24424e-14 4.99678e-14 5.3013e-14 5.05372e-14 5.35859e-14 5.10985e-14 5.41611e-14 5.16521e-14 5.46744e-14 5.21983e-14 5.52541e-14 0 5.57714e-14 0 5.62905e-14 0 5.68113e-14 0 5.7334e-14 0 5.77929e-14 0 5.83189e-14 0 5.87807e-14 0 5.93101e-14 0 5.97748e-14 0 6.02408e-14 0
193.164 1.27107e-16 1.27107e-16 6.34766e-26 4.99395e-10 5.35e-08 4.1792e-22 5.47469e-19 2.76167e-19 5.5085e-18 3.24098e-17 5.73858e-17 3.431e-16 3.07273e-16 7.85952e-16 6.30415e-16 1.22123e-15 9.51812e-16 1.63849e-15 1.26742e-15 2.03711e-15 1.576e-15 3.80795e-15 3.01309e-15 6.64846e-15 5.47138e-15 8.95756e-15 7.55576e-15 1.09342e-14 9.38754e-15 1.26796e-14 1.10346e-14 1.42632e-14 1.25385e-14 1.57128e-14 1.3928e-14 1.70457e-14 1.52224e-14 1.82914e-14 1.64371e-14 1.94712e-14 1.7583e-14 2.05751e-14 1.86693e-14 2.16505e-14 1.97034e-14 2.26357e-14 2.0691e-14 2.36015e-14 2.1637e-14 2.45256e-14 2.25456e-14 2.54249e-14 2.34199e-14 2.62769e-14 2.42629e-14 2.70996e-14 2.50777e-14 2.78911e-14 2.58663e-14 2.86499e-14 2.66307e-14 2.93957e-14 2.73723e-14 3.01063e-14 2.8093e-14 3.08238e-14 2.87943e-14 3.15042e-14 2.9477e-14 3.21683e-14 3.01428e-14 3.28381e-14 3.07922e-14 3.34683e-14 3.14262e-14 3.40805e-14 3.20458e-14 3.46971e-14 3.26514e-14 3.5295e-14 3.32442e-14 3.58504e-14 3.38246e-14 3.64327e-14 3.43934e-14 3.69715e-14 3.49509e-14 3.75371e-14 3.54979e-14 3.80584e-14 3.60348e-14 3.85825e-14 3.65618e-14 3.91094e-14 3.70251e-14 3.96148e-14 3.75309e-14 4.01227e-14 3.80878e-14 4.06087e-14 3.85795e-14 4.10969e-14 3.90634e-14 4.15626e-14 3.95397e-14 4.20304e-14 4.00085e-14 4.24753e-14 4.04703e-14 4.2922e-14 4.09253e-14 4.33703e-14 4.1374e-14 4.38204e-14 4.1816e-14 4.42722e-14 4.22519e-14 4.46752e-14 4.26818e-14 4.51301e-14 0 4.55359e-14 0 4.5943e-14 0 4.63515e-14 0 4.67612e-14 0 4.71207e-14 0 4.75329e-14 0 4.78945e-14 0 4.8309e-14 0 4.86727e-14 0 4.90374e-14 0
203.079 1.15576e-16 1.15576e-16 5.19632e-26 4.49602e-10 4.82505e-08 8.25707e-22 5.15052e-19 3.9739e-19 5.18241e-18 3.6957e-17 5.39414e-17 3.48756e-16 2.86658e-16 7.67454e-16 5.8317e-16 1.16742e-15 8.7448e-16 1.54434e-15 1.15785e-15 1.90016e-15 1.43282e-15 3.44815e-15 2.69349e-15 5.86595e-15 4.8011e-15 7.7962e-15 6.55737e-15 9.43132e-15 8.08432e-15 1.08647e-14 9.44685e-15 1.21582e-14 1.06837e-14 1.33371e-14 1.18212e-14 1.44173e-14 1.28767e-14 1.54238e-14 1.38639e-14 1.63746e-14 1.47926e-14 1.72622e-14 1.56708e-14 1.81251e-14 1.65049e-14 1.89143e-14 1.72999e-14 1.96866e-14 1.80601e-14 2.04246e-14 1.8789e-14 2.11417e-14 1.94893e-14 2.18203e-14 2.01637e-14 2.24747e-14 2.08146e-14 2.31037e-14 2.14439e-14 2.3706e-14 2.20531e-14 2.42975e-14 2.26436e-14 2.48606e-14 2.32169e-14 2.54287e-14 2.37741e-14 2.5967e-14 2.43162e-14 2.6492e-14 2.48444e-14 2.70211e-14 2.53592e-14 2.75186e-14 2.58614e-14 2.80015e-14 2.63518e-14 2.84877e-14 2.68309e-14 2.89588e-14 2.72995e-14 2.93963e-14 2.7758e-14 2.98545e-14 2.82071e-14 3.02785e-14 2.8647e-14 3.07232e-14 2.90784e-14 3.11329e-14 2.95016e-14 3.15447e-14 2.99167e-14 3.19583e-14 3.02813e-14 3.2355e-14 3.06795e-14 3.27535e-14 3.11178e-14 3.31346e-14 3.15044e-14 3.35173e-14 3.18847e-14 3.38823e-14 3.2259e-14 3.42487e-14 3.26272e-14 3.45971e-14 3.29897e-14 3.49468e-14 3.33468e-14 3.52976e-14 3.36987e-14 3.56497e-14 3.40454e-14 3.6003e-14 3.4387e-14 3.63181e-14 3.47239e-14 3.66736e-14 0 3.69907e-14 0 3.73087e-14 0 3.76276e-14 0 3.79475e-14 0 3.82281e-14 0 3.85497e-14 0 3.88318e-14 0 3.9155e-14 0 3.94386e-14 0 3.97229e-14 0
213.503 1.05178e-16 1.05178e-16 4.25229e-26 4.04295e-10 4.526e-08 1.55296e-21 4.82291e-19 5.52822e-19 4.85259e-18 4.12079e-17 5.04414e-17 3.48626e-16 2.65711e-16 7.38468e-16 5.35626e-16 1.10091e-15 7.97421e-16 1.43701e-15 1.04964e-15 1.75076e-15 1.2925e-15 3.08911e-15 2.38876e-15 5.12781e-15 4.18075e-15 6.72803e-15 5.6491e-15 8.07036e-15 6.91265e-15 9.23921e-15 8.03198e-15 1.02886e-14 9.04248e-15 1.12412e-14 9.96764e-15 1.21112e-14 1.0823e-14 1.29196e-14 1.16205e-14 1.36814e-14 1.23688e-14 1.43911e-14 1.30747e-14 1.50798e-14 1.37438e-14 1.57086e-14 1.43803e-14 1.6323e-14 1.49879e-14 1.69092e-14 1.55696e-14 1.74783e-14 1.61277e-14 1.8016e-14 1.66644e-14 1.85341e-14 1.71818e-14 1.90316e-14 1.76815e-14 1.95075e-14 1.81648e-14 1.99745e-14 1.86327e-14 2.04187e-14 1.90866e-14 2.08665e-14 1.95274e-14 2.12904e-14 1.99559e-14 2.17037e-14 2.03731e-14 2.21199e-14 2.07793e-14 2.25109e-14 2.11753e-14 2.28904e-14 2.15619e-14 2.32721e-14 2.19392e-14 2.36418e-14 2.23081e-14 2.39849e-14 2.26688e-14 2.43442e-14 2.30219e-14 2.46764e-14 2.33676e-14 2.50247e-14 2.37064e-14 2.53455e-14 2.40387e-14 2.56677e-14 2.43644e-14 2.59913e-14 2.46502e-14 2.63014e-14 2.49624e-14 2.66129e-14 2.5306e-14 2.69107e-14 2.56089e-14 2.72096e-14 2.59066e-14 2.74945e-14 2.61996e-14 2.77805e-14 2.64876e-14 2.80524e-14 2.67712e-14 2.83251e-14 2.70504e-14 2.85987e-14 2.73254e-14 2.88732e-14 2.75963e-14 2.91485e-14 2.78632e-14 2.93939e-14 2.81262e-14 2.96709e-14 0 2.99178e-14 0 3.01653e-14 0 3.04135e-14 0 3.06624e-14 0 3.08806e-14 0 3.11307e-14 0 3.13501e-14 0 3.16013e-14 0 3.18217e-14 0 3.20426e-14 0
224.463 9.57258e-17 9.57258e-17 3.48135e-26 3.6368e-10 4.20501e-08 2.78508e-21 4.493e-19 7.44207e-19 4.52015e-18 4.49477e-17 4.68992e-17 3.42772e-16 2.44572e-16 7.00272e-16 4.88178e-16 1.02422e-15 7.21327e-16 1.32008e-15 9.43747e-16 1.59334e-15 1.15627e-15 2.73774e-15 2.1009e-15 4.44055e-15 3.61144e-15 5.75606e-15 4.82923e-15 6.84952e-15 5.86691e-15 7.79572e-15 6.77982e-15 8.64121e-15 7.59965e-15 9.40591e-15 8.34712e-15 1.01021e-14 9.03583e-15 1.07474e-14 9.67606e-15 1.13541e-14 1.02753e-14 1.19183e-14 1.08392e-14 1.24648e-14 1.13728e-14 1.29629e-14 1.18795e-14 1.3449e-14 1.23625e-14 1.39123e-14 1.28241e-14 1.43614e-14 1.32665e-14 1.47854e-14 1.36913e-14 1.51935e-14 1.41005e-14 1.55849e-14 1.44953e-14 1.59591e-14 1.48767e-14 1.6326e-14 1.52456e-14 1.66747e-14 1.56032e-14 1.7026e-14 1.59501e-14 1.73583e-14 1.62872e-14 1.76821e-14 1.66151e-14 1.8008e-14 1.69341e-14 1.8314e-14 1.7245e-14 1.86107e-14 1.75482e-14 1.89091e-14 1.78441e-14 1.91979e-14 1.81331e-14 1.94659e-14 1.84156e-14 1.97463e-14 1.8692e-14 2.00055e-14 1.89625e-14 2.02771e-14 1.92274e-14 2.05272e-14 1.94871e-14 2.07783e-14 1.97416e-14 2.10304e-14 1.99647e-14 2.12719e-14 2.02084e-14 2.15144e-14 2.04766e-14 2.17461e-14 2.07129e-14 2.19786e-14 2.09451e-14 2.22002e-14 2.11734e-14 2.24225e-14 2.13979e-14 2.26338e-14 2.16187e-14 2.28457e-14 2.18361e-14 2.30582e-14 2.20503e-14 2.32713e-14 2.22611e-14 2.3485e-14 2.24687e-14 2.36755e-14 2.26732e-14 2.38904e-14 0 2.40819e-14 0 2.42739e-14 0 2.44663e-14 0 2.46592e-14 0 2.48284e-14 0 2.50222e-14 0 2.51921e-14 0 2.53867e-14 0 2.55573e-14 0 2.57283e-14 0
235.984 8.71914e-17 8.71914e-17 2.84951e-26 3.26811e-10 3.71192e-08 4.77715e-21 4.16802e-19 9.71711e-19 4.19235e-18 4.80449e-17 4.33926e-17 3.31986e-16 2.23714e-16 6.55366e-16 4.41876e-16 9.41351e-16 6.47822e-16 1.19882e-15 8.42343e-16 1.43426e-15 1.02677e-15 2.40338e-15 1.83416e-15 3.81401e-15 3.09789e-15 4.88775e-15 4.10089e-15 5.77269e-15 4.94756e-15 6.53399e-15 5.68757e-15 7.21131e-15 6.34885e-15 7.8218e-15 6.94938e-15 8.37603e-15 7.50092e-15 8.88851e-15 8.01222e-15 9.36937e-15 8.48965e-15 9.81567e-15 8.93805e-15 1.02473e-14 9.36154e-15 1.06402e-14 9.76301e-15 1.10232e-14 1.01451e-14 1.13877e-14 1.05099e-14 1.17407e-14 1.0859e-14 1.20736e-14 1.11939e-14 1.23937e-14 1.15161e-14 1.27005e-14 1.18266e-14 1.29936e-14 1.21264e-14 1.32807e-14 1.24162e-14 1.35534e-14 1.26967e-14 1.3828e-14 1.29688e-14 1.40875e-14 1.32329e-14 1.43403e-14 1.34896e-14 1.45945e-14 1.37393e-14 1.48331e-14 1.39825e-14 1.50644e-14 1.42195e-14 1.52969e-14 1.44506e-14 1.55218e-14 1.46763e-14 1.57303e-14 1.48967e-14 1.59485e-14 1.51123e-14 1.61501e-14 1.53232e-14 1.63612e-14 1.55297e-14 1.65556e-14 1.5732e-14 1.67506e-14 1.59302e-14 1.69463e-14 1.61038e-14 1.71338e-14 1.62934e-14 1.7322e-14 1.65021e-14 1.75017e-14 1.66858e-14 1.7682e-14 1.68663e-14 1.78539e-14 1.70437e-14 1.80262e-14 1.72181e-14 1.81899e-14 1.73896e-14 1.8354e-14 1.75583e-14 1.85186e-14 1.77245e-14 1.86836e-14 1.7888e-14 1.88491e-14 1.80491e-14 1.89965e-14 1.82077e-14 1.91628e-14 0 1.93109e-14 0 1.94594e-14 0 1.96082e-14 0 1.97573e-14 0 1.9888e-14 0 2.00377e-14 0 2.0169e-14 0 2.03193e-14 0 2.04511e-14 0 2.05832e-14 0
248.097 7.94634e-17 7.94634e-17 2.33234e-26 2.93511e-10 3.55325e-08 7.85268e-21 3.85031e-19 1.23221e-18 3.87146e-18 5.03684e-17 3.99483e-17 3.16933e-16 2.0334e-16 6.05635e-16 3.97192e-16 8.55148e-16 5.77626e-16 1.07676e-15 7.46347e-16 1.27752e-15 9.05081e-16 2.09066e-15 1.58969e-15 3.25016e-15 2.63919e-15 4.1206e-15 3.45975e-15 4.83234e-15 4.14627e-15 5.44134e-15 4.74259e-15 5.98098e-15 5.27299e-15 6.46581e-15 5.75289e-15 6.90482e-15 6.19229e-15 7.30987e-15 6.59859e-15 7.68921e-15 6.97714e-15 8.04069e-15 7.33199e-15 8.38015e-15 7.66655e-15 8.68873e-15 7.98324e-15 8.98914e-15 8.28424e-15 9.27474e-15 8.57122e-15 9.55106e-15 8.84558e-15 9.81143e-15 9.10848e-15 1.00616e-14 9.36119e-15 1.03012e-14 9.60451e-15 1.05298e-14 9.83921e-15 1.07537e-14 1.00659e-14 1.09662e-14 1.02852e-14 1.11801e-14 1.04978e-14 1.13821e-14 1.07039e-14 1.15787e-14 1.09043e-14 1.17764e-14 1.10989e-14 1.19618e-14 1.12884e-14 1.21415e-14 1.1473e-14 1.2322e-14 1.16529e-14 1.24965e-14 1.18286e-14 1.26583e-14 1.2e-14 1.28275e-14 1.21676e-14 1.29838e-14 1.23315e-14 1.31474e-14 1.24919e-14 1.3298e-14 1.2649e-14 1.3449e-14 1.28029e-14 1.36005e-14 1.29375e-14 1.37456e-14 1.30846e-14 1.38912e-14 1.32465e-14 1.40302e-14 1.33889e-14 1.41697e-14 1.35287e-14 1.43025e-14 1.36662e-14 1.44357e-14 1.38012e-14 1.45622e-14 1.3934e-14 1.4689e-14 1.40646e-14 1.48161e-14 1.41932e-14 1.49435e-14 1.43197e-14 1.50712e-14 1.44443e-14 1.5185e-14 1.45669e-14 1.53133e-14 0 1.54275e-14 0 1.5542e-14 0 1.56568e-14 0 1.57718e-14 0 1.58725e-14 0 1.59879e-14 0 1.60891e-14 0 1.62049e-14 0 1.63064e-14 0 1.64081e-14 0
260.832 7.2436e-17 7.2436e-17 1.90916e-26 2.63565e-10 2.9437e-08 1.23923e-20 3.54139e-19 1.51922e-18 3.55894e-18 5.18224e-17 3.65847e-17 2.98351e-16 1.83602e-16 5.5284e-16 3.54474e-16 7.68057e-16 5.11246e-16 9.56794e-16 6.56372e-16 1.12627e-15 7.91863e-16 1.80243e-15 1.36775e-15 2.74828e-15 2.23299e-15 3.44924e-15 2.89983e-15 4.01821e-15 3.45305e-15 4.50263e-15 3.93079e-15 4.93026e-15 4.35385e-15 5.31333e-15 4.7353e-15 5.65936e-15 5.08356e-15 5.97798e-15 5.40483e-15 6.27584e-15 5.70353e-15 6.55142e-15 5.98304e-15 6.81721e-15 6.24614e-15 7.05853e-15 6.49484e-15 7.2932e-15 6.73091e-15 7.51609e-15 6.95574e-15 7.73153e-15 7.17043e-15 7.93437e-15 7.37597e-15 8.1291e-15 7.57336e-15 8.31546e-15 7.76327e-15 8.49323e-15 7.9463e-15 8.66716e-15 8.12295e-15 8.83215e-15 8.29376e-15 8.99807e-15 8.45918e-15 9.15479e-15 8.61953e-15 9.30721e-15 8.77526e-15 9.46038e-15 8.9265e-15 9.604e-15 9.07365e-15 9.74308e-15 9.21693e-15 9.88275e-15 9.35652e-15 1.00178e-14 9.4927e-15 1.01429e-14 9.62562e-15 1.02737e-14 9.75548e-15 1.03944e-14 9.88242e-15 1.05208e-14 1.00066e-14 1.06371e-14 1.01282e-14 1.07537e-14 1.02472e-14 1.08706e-14 1.03513e-14 1.09826e-14 1.0465e-14 1.10949e-14 1.05902e-14 1.12021e-14 1.07002e-14 1.13096e-14 1.08083e-14 1.1412e-14 1.09144e-14 1.15146e-14 1.10186e-14 1.1612e-14 1.11211e-14 1.17097e-14 1.12219e-14 1.18076e-14 1.13211e-14 1.19057e-14 1.14187e-14 1.2004e-14 1.15148e-14 1.20916e-14 1.16093e-14 1.21903e-14 0 1.22782e-14 0 1.23662e-14 0 1.24545e-14 0 1.25429e-14 0 1.26204e-14 0 1.2709e-14 0 1.27868e-14 0 1.28758e-14 0 1.29537e-14 0 1.30319e-14 0
274.221 6.60776e-17 6.60776e-17 1.56278e-26 2.36507e-10 2.89183e-08 1.88214e-20 3.24554e-19 1.82457e-18 3.25891e-18 5.24031e-17 3.33482e-17 2.77298e-16 1.64785e-16 4.99069e-16 3.14293e-16 6.82817e-16 4.49477e-16 8.42044e-16 5.73365e-16 9.83847e-16 6.88154e-16 1.5417e-15 1.16915e-15 2.30823e-15 1.87792e-15 2.86952e-15 2.41673e-15 3.32204e-15 2.86018e-15 3.70554e-15 3.24103e-15 4.04291e-15 3.5769e-15 4.34431e-15 3.87875e-15 4.61596e-15 4.15362e-15 4.86561e-15 4.40661e-15 5.09864e-15 4.64138e-15 5.31393e-15 4.86069e-15 5.5213e-15 5.06683e-15 5.70938e-15 5.26143e-15 5.89209e-15 5.44593e-15 6.06548e-15 5.62145e-15 6.23292e-15 5.78891e-15 6.39046e-15 5.94907e-15 6.54158e-15 6.10276e-15 6.68612e-15 6.25051e-15 6.82391e-15 6.39281e-15 6.95865e-15 6.53005e-15 7.08639e-15 6.66267e-15 7.2148e-15 6.79104e-15 7.33601e-15 6.9154e-15 7.45386e-15 7.03611e-15 7.57222e-15 7.15328e-15 7.68317e-15 7.26724e-15 7.79057e-15 7.37814e-15 7.89837e-15 7.48614e-15 8.00256e-15 7.59147e-15 8.09907e-15 7.69423e-15 8.19992e-15 7.79459e-15 8.293e-15 7.89265e-15 8.39042e-15 7.98856e-15 8.47998e-15 8.08242e-15 8.56979e-15 8.17428e-15 8.65985e-15 8.25457e-15 8.74604e-15 8.3423e-15 8.83245e-15 8.43882e-15 8.91495e-15 8.52364e-15 8.99764e-15 8.6069e-15 9.07637e-15 8.68868e-15 9.15528e-15 8.76898e-15 9.2302e-15 8.84791e-15 9.30526e-15 8.92552e-15 9.38048e-15 9.00188e-15 9.45584e-15 9.07697e-15 9.53135e-15 9.15087e-15 9.5986e-15 9.22361e-15 9.67439e-15 0 9.74188e-15 0 9.80948e-15 0 9.8772e-15 0 9.94503e-15 0 1.00045e-14 0 1.00725e-14 0 1.01321e-14 0 1.02004e-14 0 1.02602e-14 0 1.032e-14 0
288.297 6.03012e-17 6.03012e-17 1.27944e-26 2.12176e-10 1.58139e-08 2.75553e-20 2.96358e-19 2.13666e-18 2.97199e-18 5.21108e-17 3.02484e-17 2.54562e-16 1.46974e-16 4.45692e-16 2.76807e-16 6.01031e-16 3.92483e-16 7.34142e-16 4.9744e-16 8.51776e-16 5.93963e-16 1.30853e-15 9.92859e-16 1.92579e-15 1.56978e-15 2.37278e-15 2.00269e-15 2.73089e-15 2.35629e-15 3.03309e-15 2.65842e-15 3.2981e-15 2.92384e-15 3.53425e-15 3.16166e-15 3.74666e-15 3.37768e-15 3.94154e-15 3.57609e-15 4.12317e-15 3.75989e-15 4.29075e-15 3.93131e-15 4.45199e-15 4.09223e-15 4.59808e-15 4.24395e-15 4.73987e-15 4.38765e-15 4.87431e-15 4.52421e-15 5.00404e-15 4.65437e-15 5.12601e-15 4.77877e-15 5.24294e-15 4.89805e-15 5.35471e-15 5.01263e-15 5.46119e-15 5.12292e-15 5.56527e-15 5.22921e-15 5.6639e-15 5.33188e-15 5.76298e-15 5.43119e-15 5.85648e-15 5.52736e-15 5.94735e-15 5.62066e-15 6.03858e-15 5.71118e-15 6.12405e-15 5.79918e-15 6.20677e-15 5.88479e-15 6.28977e-15 5.96812e-15 6.36996e-15 6.04936e-15 6.44421e-15 6.12859e-15 6.52179e-15 6.20595e-15 6.59336e-15 6.28151e-15 6.66825e-15 6.35538e-15 6.73709e-15 6.42766e-15 6.8061e-15 6.49838e-15 6.87528e-15 6.56014e-15 6.94147e-15 6.62765e-15 7.00782e-15 6.70191e-15 7.07115e-15 6.76713e-15 7.13461e-15 6.83114e-15 7.19503e-15 6.89401e-15 7.25556e-15 6.95571e-15 7.31302e-15 7.01635e-15 7.37059e-15 7.07596e-15 7.42826e-15 7.13461e-15 7.48603e-15 7.19226e-15 7.54391e-15 7.24899e-15 7.59545e-15 7.30482e-15 7.65352e-15 0 7.70522e-15 0 7.75701e-15 0 7.80887e-15 0 7.86081e-15 0 7.90632e-15 0 7.9584e-15 0 8.00403e-15 0 8.05626e-15 0 8.10202e-15 0 8.14783e-15 0
303.095 5.50607e-17 5.50607e-17 1.04736e-26 1.90219e-10 2.39618e-08 3.89651e-20 2.69768e-19 2.44325e-18 2.70002e-18 5.1013e-17 2.73076e-17 2.31013e-16 1.30304e-16 3.9406e-16 2.42242e-16 5.24199e-16 3.4051e-16 6.34553e-16 4.28792e-16 7.31376e-16 5.09389e-16 1.10278e-15 8.38031e-16 1.59701e-15 1.30492e-15 1.95124e-15 1.65095e-15 2.23339e-15 1.93159e-15 2.47055e-15 2.17023e-15 2.67793e-15 2.37912e-15 2.86229e-15 2.56576e-15 3.0278e-15 2.7349e-15 3.17942e-15 2.88996e-15 3.32053e-15 3.03335e-15 3.45058e-15 3.16691e-15 3.57557e-15 3.29212e-15 3.68872e-15 3.41004e-15 3.79844e-15 3.5216e-15 3.90239e-15 3.62754e-15 4.00264e-15 3.72843e-15 4.09682e-15 3.82477e-15 4.18705e-15 3.91708e-15 4.27326e-15 4.0057e-15 4.35535e-15 4.09095e-15 4.43555e-15 4.17307e-15 4.51151e-15 4.25234e-15 4.5878e-15 4.32898e-15 4.65975e-15 4.40316e-15 4.72965e-15 4.4751e-15 4.7998e-15 4.54486e-15 4.86551e-15 4.61265e-15 4.92907e-15 4.67858e-15 4.99284e-15 4.74273e-15 5.05443e-15 4.80525e-15 5.11144e-15 4.8662e-15 5.17098e-15 4.92569e-15 5.22591e-15 4.98378e-15 5.28336e-15 5.04056e-15 5.33616e-15 5.0961e-15 5.38908e-15 5.15042e-15 5.44212e-15 5.19785e-15 5.49285e-15 5.24967e-15 5.5437e-15 5.30669e-15 5.59222e-15 5.35675e-15 5.64083e-15 5.40586e-15 5.6871e-15 5.45408e-15 5.73346e-15 5.5014e-15 5.77745e-15 5.5479e-15 5.82152e-15 5.5936e-15 5.86566e-15 5.63855e-15 5.90987e-15 5.68273e-15 5.95415e-15 5.7262e-15 5.99358e-15 5.76896e-15 6.03799e-15 0 6.07753e-15 0 6.11713e-15 0 6.15678e-15 0 6.19648e-15 0 6.23127e-15 0 6.27107e-15 0 6.30595e-15 0 6.34585e-15 0 6.38081e-15 0 6.4158e-15 0
318.653 5.02895e-17 5.02895e-17 8.57433e-27 1.70499e-10 2.37235e-08 5.32947e-20 2.44846e-19 2.73055e-18 2.4432e-18 4.91874e-17 2.45308e-17 2.07319e-16 1.14811e-16 3.45046e-16 2.10621e-16 4.53127e-16 2.93493e-16 5.43884e-16 3.67222e-16 6.2298e-16 4.34052e-16 9.22985e-16 7.03057e-16 1.31652e-15 1.07874e-15 1.59591e-15 1.35394e-15 1.81726e-15 1.57566e-15 2.00264e-15 1.76334e-15 2.1643e-15 1.92707e-15 2.30772e-15 2.07299e-15 2.43625e-15 2.20493e-15 2.55382e-15 2.32568e-15 2.66311e-15 2.43718e-15 2.76372e-15 2.54088e-15 2.86033e-15 2.63799e-15 2.9477e-15 2.72936e-15 3.03237e-15 2.81572e-15 3.11253e-15 2.89765e-15 3.18978e-15 2.97562e-15 3.26231e-15 3.05002e-15 3.33177e-15 3.12127e-15 3.39809e-15 3.18962e-15 3.46122e-15 3.25534e-15 3.52286e-15 3.31861e-15 3.58122e-15 3.37965e-15 3.63981e-15 3.43865e-15 3.69505e-15 3.49573e-15 3.7487e-15 3.55105e-15 3.80252e-15 3.60469e-15 3.85292e-15 3.65678e-15 3.90166e-15 3.70743e-15 3.95053e-15 3.7567e-15 3.99773e-15 3.8047e-15 4.04141e-15 3.85148e-15 4.08702e-15 3.89713e-15 4.12908e-15 3.94169e-15 4.17306e-15 3.98524e-15 4.21348e-15 4.02782e-15 4.25397e-15 4.06946e-15 4.29455e-15 4.10579e-15 4.33336e-15 4.1455e-15 4.37225e-15 4.18918e-15 4.40935e-15 4.22751e-15 4.44652e-15 4.26512e-15 4.48189e-15 4.30203e-15 4.51732e-15 4.33825e-15 4.55093e-15 4.37383e-15 4.5846e-15 4.4088e-15 4.61832e-15 4.44318e-15 4.65209e-15 4.47697e-15 4.68591e-15 4.51021e-15 4.71601e-15 4.54291e-15 4.74992e-15 0 4.7801e-15 0 4.81033e-15 0 4.84059e-15 0 4.87088e-15 0 4.89743e-15 0 4.92779e-15 0 4.95439e-15 0 4.98483e-15 0 5.01149e-15 0 5.03818e-15 0
335.009 4.59765e-17 4.59765e-17 7.0207e-27 1.52702e-10 1.78243e-08 7.0672e-20 2.2187e-19 2.98801e-18 2.20384e-18 4.67836e-17 2.19434e-17 1.84236e-16 1.00617e-16 2.9959e-16 1.82098e-16 3.88687e-16 2.51545e-16 4.62824e-16 3.12741e-16 5.27034e-16 3.67827e-16 7.68042e-16 5.86817e-16 1.08002e-15 8.87711e-16 1.29957e-15 1.1057e-15 1.47266e-15 1.28024e-15 1.61714e-15 1.42736e-15 1.74283e-15 1.55532e-15 1.85411e-15 1.66907e-15 1.95368e-15 1.77173e-15 2.04464e-15 1.86552e-15 2.1291e-15 1.952e-15 2.20678e-15 2.03234e-15 2.28129e-15 2.10749e-15 2.34863e-15 2.17813e-15 2.41384e-15 2.24484e-15 2.47554e-15 2.30808e-15 2.53496e-15 2.36821e-15 2.59073e-15 2.42556e-15 2.6441e-15 2.48045e-15 2.69505e-15 2.53308e-15 2.74351e-15 2.58365e-15 2.79082e-15 2.63231e-15 2.83559e-15 2.67924e-15 2.88052e-15 2.72458e-15 2.92288e-15 2.76843e-15 2.96399e-15 2.81091e-15 3.00523e-15 2.85208e-15 3.04383e-15 2.89206e-15 3.08115e-15 2.93092e-15 3.11857e-15 2.9687e-15 3.15469e-15 3.0055e-15 3.18811e-15 3.04136e-15 3.223e-15 3.07633e-15 3.25517e-15 3.11047e-15 3.2888e-15 3.14382e-15 3.3197e-15 3.17642e-15 3.35065e-15 3.2083e-15 3.38167e-15 3.2361e-15 3.41132e-15 3.26649e-15 3.44103e-15 3.29991e-15 3.46937e-15 3.32923e-15 3.49775e-15 3.35799e-15 3.52476e-15 3.38621e-15 3.55181e-15 3.4139e-15 3.57747e-15 3.4411e-15 3.60317e-15 3.46782e-15 3.6289e-15 3.49409e-15 3.65467e-15 3.51991e-15 3.68047e-15 3.5453e-15 3.70343e-15 3.57027e-15 3.7293e-15 0 3.75232e-15 0 3.77536e-15 0 3.79844e-15 0 3.82153e-15 0 3.84177e-15 0 3.86491e-15 0 3.88519e-15 0 3.90838e-15 0 3.9287e-15 0 3.94903e-15 0
352.205 4.2049e-17 4.2049e-17 5.74771e-27 1.36691e-10 1.69925e-09 9.09451e-20 2.00775e-19 3.20312e-18 1.98073e-18 4.39006e-17 1.95351e-17 1.62124e-16 8.76602e-17 2.57922e-16 1.56486e-16 3.30824e-16 2.14297e-16 3.90974e-16 2.64765e-16 4.42767e-16 3.09887e-16 6.35301e-16 4.87144e-16 8.81498e-16 7.26958e-16 1.05336e-15 8.98903e-16 1.18823e-15 1.03577e-15 1.30048e-15 1.1507e-15 1.39789e-15 1.25036e-15 1.48399e-15 1.33875e-15 1.56092e-15 1.41839e-15 1.63111e-15 1.49103e-15 1.69622e-15 1.55792e-15 1.75604e-15 1.62e-15 1.81338e-15 1.678e-15 1.86516e-15 1.73248e-15 1.91528e-15 1.78388e-15 1.96266e-15 1.83258e-15 2.00827e-15 1.87886e-15 2.05106e-15 1.92296e-15 2.09199e-15 1.96515e-15 2.13104e-15 2.00558e-15 2.16818e-15 2.04442e-15 2.20442e-15 2.08177e-15 2.2387e-15 2.11778e-15 2.27309e-15 2.15255e-15 2.3055e-15 2.18617e-15 2.33696e-15 2.21873e-15 2.36849e-15 2.25027e-15 2.39801e-15 2.28089e-15 2.42654e-15 2.31064e-15 2.45513e-15 2.33956e-15 2.48273e-15 2.36772e-15 2.50826e-15 2.39516e-15 2.53491e-15 2.42191e-15 2.55947e-15 2.44802e-15 2.58515e-15 2.47352e-15 2.60874e-15 2.49844e-15 2.63236e-15 2.5228e-15 2.65602e-15 2.54404e-15 2.67865e-15 2.56725e-15 2.70131e-15 2.59279e-15 2.72292e-15 2.61518e-15 2.74457e-15 2.63713e-15 2.76516e-15 2.65868e-15 2.78578e-15 2.67982e-15 2.80534e-15 2.70057e-15 2.82492e-15 2.72096e-15 2.84453e-15 2.741e-15 2.86417e-15 2.7607e-15 2.88382e-15 2.78006e-15 2.90132e-15 2.79911e-15 2.92102e-15 0 2.93855e-15 0 2.9561e-15 0 2.97367e-15 0 2.99126e-15 0 3.00666e-15 0 3.02428e-15 0 3.03971e-15 0 3.05736e-15 0 3.07282e-15 0 3.0883e-15 0
370.284 3.84751e-17 3.84751e-17 4.70575e-27 1.22306e-10 1.3924e-08 1.13755e-19 1.81648e-19 3.36759e-18 1.7742e-18 4.06768e-17 1.73103e-17 1.41366e-16 7.59402e-17 2.20304e-16 1.33702e-16 2.79551e-16 1.81523e-16 3.2805e-16 2.22893e-16 3.69587e-16 2.59639e-16 5.22622e-16 4.0236e-16 7.16112e-16 5.92639e-16 8.50175e-16 7.27745e-16 9.54951e-16 8.3471e-16 1.0419e-15 9.24195e-16 1.11721e-15 1.00159e-15 1.18366e-15 1.0701e-15 1.24295e-15 1.1317e-15 1.29699e-15 1.18782e-15 1.34707e-15 1.23944e-15 1.39304e-15 1.28729e-15 1.43708e-15 1.33197e-15 1.47682e-15 1.37389e-15 1.51526e-15 1.41342e-15 1.55158e-15 1.45084e-15 1.58653e-15 1.48638e-15 1.6193e-15 1.52023e-15 1.65064e-15 1.5526e-15 1.68052e-15 1.5836e-15 1.70893e-15 1.61337e-15 1.73664e-15 1.64199e-15 1.76285e-15 1.66957e-15 1.78914e-15 1.69619e-15 1.8139e-15 1.72192e-15 1.83793e-15 1.74683e-15 1.86201e-15 1.77096e-15 1.88454e-15 1.79438e-15 1.90632e-15 1.81712e-15 1.92814e-15 1.83923e-15 1.9492e-15 1.86074e-15 1.96868e-15 1.8817e-15 1.989e-15 1.90214e-15 2.00773e-15 1.92207e-15 2.02731e-15 1.94154e-15 2.04529e-15 1.96056e-15 2.06329e-15 1.97915e-15 2.08133e-15 1.99535e-15 2.09856e-15 2.01306e-15 2.11583e-15 2.03254e-15 2.13229e-15 2.04962e-15 2.14878e-15 2.06636e-15 2.16446e-15 2.08279e-15 2.18016e-15 2.0989e-15 2.19505e-15 2.11472e-15 2.20996e-15 2.13026e-15 2.22489e-15 2.14553e-15 2.23983e-15 2.16053e-15 2.25479e-15 2.17529e-15 2.2681e-15 2.18979e-15 2.28309e-15 0 2.29643e-15 0 2.30978e-15 0 2.32314e-15 0 2.33652e-15 0 2.34823e-15 0 2.36163e-15 0 2.37336e-15 0 2.38678e-15 0 2.39853e-15 0 2.4103e-15 0
389.291 3.51989e-17 3.51989e-17 3.85332e-27 1.09473e-10 9.1314e-09 1.38405e-19 1.64415e-19 3.4735e-18 1.58309e-18 3.72173e-17 1.52584e-17 1.22133e-16 6.53813e-17 1.86667e-16 1.13524e-16 2.34484e-16 1.5282e-16 2.7334e-16 1.86516e-16 3.06455e-16 2.16258e-16 4.27455e-16 3.3053e-16 5.78858e-16 4.80786e-16 6.83041e-16 5.86503e-16 7.64156e-16 6.69781e-16 8.31297e-16 7.39215e-16 8.89337e-16 7.99121e-16 9.40476e-16 8.52042e-16 9.86052e-16 8.99563e-16 1.02755e-15 9.42794e-16 1.06596e-15 9.82514e-16 1.10121e-15 1.0193e-15 1.13494e-15 1.05361e-15 1.16537e-15 1.08579e-15 1.19478e-15 1.11611e-15 1.22257e-15 1.14479e-15 1.24929e-15 1.17202e-15 1.27433e-15 1.19794e-15 1.29826e-15 1.22272e-15 1.32108e-15 1.24644e-15 1.34277e-15 1.2692e-15 1.36392e-15 1.29108e-15 1.38391e-15 1.31216e-15 1.40396e-15 1.3325e-15 1.42285e-15 1.35215e-15 1.44116e-15 1.37117e-15 1.45952e-15 1.38959e-15 1.47669e-15 1.40746e-15 1.49328e-15 1.42481e-15 1.5099e-15 1.44167e-15 1.52594e-15 1.45808e-15 1.54077e-15 1.47406e-15 1.55624e-15 1.48963e-15 1.5705e-15 1.50483e-15 1.5854e-15 1.51966e-15 1.59908e-15 1.53415e-15 1.61278e-15 1.54831e-15 1.62649e-15 1.56065e-15 1.6396e-15 1.57414e-15 1.65273e-15 1.58897e-15 1.66525e-15 1.60197e-15 1.67779e-15 1.61471e-15 1.68971e-15 1.62721e-15 1.70164e-15 1.63947e-15 1.71296e-15 1.65151e-15 1.72429e-15 1.66333e-15 1.73564e-15 1.67495e-15 1.74699e-15 1.68636e-15 1.75835e-15 1.69758e-15 1.76847e-15 1.70861e-15 1.77985e-15 0 1.78998e-15 0 1.80012e-15 0 1.81027e-15 0 1.82042e-15 0 1.82932e-15 0 1.83949e-15 0 1.8484e-15 0 1.85858e-15 0 1.86751e-15 0 1.87643e-15 0
409.273 3.22447e-17 3.22447e-17 3.15515e-27 9.78502e-11 1.12071e-08 1.64272e-19 1.49332e-19 3.52361e-18 1.40952e-18 3.36987e-17 1.33998e-17 1.04758e-16 5.60351e-17 1.5721e-16 9.59539e-17 1.95611e-16 1.28089e-16 2.26606e-16 1.55408e-16 2.529e-16 1.79378e-16 3.4825e-16 2.70528e-16 4.6642e-16 3.88827e-16 5.47224e-16 4.71354e-16 6.09917e-16 5.36059e-16 6.61688e-16 5.89841e-16 7.06364e-16 6.36137e-16 7.45673e-16 6.76963e-16 7.80669e-16 7.13569e-16 8.125e-16 7.46832e-16 8.41948e-16 7.77363e-16 8.68944e-16 8.0561e-16 8.94769e-16 8.31942e-16 9.18048e-16 8.56615e-16 9.4054e-16 8.79852e-16 9.61777e-16 9.01824e-16 9.82192e-16 9.22671e-16 1.00132e-15 9.42508e-16 1.01959e-15 9.61457e-16 1.03701e-15 9.79594e-16 1.05356e-15 9.96994e-16 1.06969e-15 1.01371e-15 1.08494e-15 1.02981e-15 1.10023e-15 1.04534e-15 1.11462e-15 1.06034e-15 1.12858e-15 1.07486e-15 1.14257e-15 1.08891e-15 1.15565e-15 1.10254e-15 1.16828e-15 1.11578e-15 1.18094e-15 1.12863e-15 1.19315e-15 1.14114e-15 1.20444e-15 1.15332e-15 1.21622e-15 1.16519e-15 1.22707e-15 1.17677e-15 1.23841e-15 1.18807e-15 1.24881e-15 1.19911e-15 1.25923e-15 1.20989e-15 1.26967e-15 1.21928e-15 1.27964e-15 1.22955e-15 1.28962e-15 1.24084e-15 1.29914e-15 1.25073e-15 1.30867e-15 1.26043e-15 1.31773e-15 1.26994e-15 1.32681e-15 1.27927e-15 1.33541e-15 1.28843e-15 1.34402e-15 1.29742e-15 1.35264e-15 1.30625e-15 1.36126e-15 1.31493e-15 1.3699e-15 1.32346e-15 1.37758e-15 1.33185e-15 1.38623e-15 0 1.39392e-15 0 1.40162e-15 0 1.40933e-15 0 1.41704e-15 0 1.4238e-15 0 1.43152e-15 0 1.43828e-15 0 1.44601e-15 0 1.45279e-15 0 1.45956e-15 0
430.281 2.95519e-17 2.95519e-17 2.58302e-27 8.74062e-11 8.23408e-09 1.90274e-19 1.362e-19 3.51552e-18 1.25144e-18 3.01892e-17 1.17142e-17 8.91765e-17 4.77718e-17 1.31543e-16 8.06807e-17 1.62219e-16 1.06816e-16 1.86824e-16 1.28853e-16 2.07609e-16 1.48077e-16 2.82456e-16 2.20469e-16 3.74404e-16 3.13279e-16 4.36915e-16 3.77512e-16 4.8526e-16 4.27656e-16 5.25096e-16 4.69215e-16 5.59419e-16 5.04914e-16 5.89582e-16 5.36344e-16 6.16406e-16 5.64488e-16 6.40785e-16 5.90034e-16 6.63322e-16 6.1346e-16 6.8397e-16 6.35117e-16 7.03711e-16 6.5529e-16 7.21497e-16 6.74181e-16 7.38674e-16 6.91963e-16 7.54885e-16 7.08768e-16 7.70464e-16 7.24705e-16 7.85054e-16 7.39864e-16 7.98991e-16 7.54338e-16 8.12269e-16 7.68188e-16 8.24882e-16 7.8147e-16 8.37175e-16 7.94228e-16 8.48792e-16 8.0651e-16 8.60435e-16 8.18355e-16 8.71394e-16 8.29793e-16 8.82021e-16 8.4086e-16 8.92668e-16 8.51569e-16 9.02622e-16 8.61955e-16 9.12237e-16 8.72037e-16 9.21867e-16 8.8183e-16 9.31155e-16 8.91356e-16 9.3974e-16 9.00629e-16 9.48696e-16 9.09665e-16 9.56946e-16 9.18476e-16 9.65565e-16 9.27075e-16 9.73477e-16 9.35475e-16 9.81397e-16 9.4368e-16 9.89326e-16 9.50823e-16 9.96904e-16 9.58632e-16 1.00449e-15 9.67221e-16 1.01172e-15 9.74745e-16 1.01896e-15 9.82118e-16 1.02584e-15 9.8935e-16 1.03273e-15 9.9644e-16 1.03927e-15 1.0034e-15 1.0458e-15 1.01023e-15 1.05235e-15 1.01695e-15 1.0589e-15 1.02354e-15 1.06545e-15 1.03002e-15 1.07128e-15 1.03639e-15 1.07785e-15 0 1.08369e-15 0 1.08953e-15 0 1.09538e-15 0 1.10123e-15 0 1.10636e-15 0 1.11222e-15 0 1.11735e-15 0 1.12321e-15 0 1.12835e-15 0 1.13349e-15 0
452.368 2.70868e-17 2.70868e-17 2.115e-27 7.80823e-11 -1.425e-08 2.15267e-19 1.24895e-19 3.4514e-18 1.10782e-18 2.67652e-17 1.0191e-17 7.53476e-17 4.05037e-17 1.09361e-16 6.7474e-17 1.33737e-16 8.86128e-17 1.53177e-16 1.06296e-16 1.69533e-16 1.21638e-16 2.28059e-16 1.78882e-16 2.99377e-16 2.51432e-16 3.47608e-16 3.01273e-16 3.84799e-16 3.40026e-16 4.15385e-16 3.7206e-16 4.41699e-16 3.99523e-16 4.64797e-16 4.23666e-16 4.85321e-16 4.4526e-16 5.03959e-16 4.6484e-16 5.21177e-16 4.82779e-16 5.36942e-16 4.99351e-16 5.52008e-16 5.14779e-16 5.65575e-16 5.29218e-16 5.78673e-16 5.42802e-16 5.9103e-16 5.55634e-16 6.029e-16 5.67798e-16 6.14014e-16 5.79363e-16 6.24627e-16 5.90403e-16 6.34736e-16 6.00962e-16 6.44336e-16 6.11086e-16 6.5369e-16 6.20807e-16 6.62528e-16 6.30164e-16 6.71384e-16 6.39185e-16 6.79719e-16 6.47895e-16 6.87799e-16 6.5632e-16 6.95893e-16 6.6447e-16 7.03459e-16 6.72373e-16 7.10766e-16 6.80044e-16 7.18083e-16 6.87493e-16 7.2514e-16 6.94738e-16 7.31662e-16 7.0179e-16 7.38464e-16 7.0866e-16 7.4473e-16 7.15358e-16 7.51275e-16 7.21894e-16 7.57282e-16 7.28278e-16 7.63295e-16 7.34513e-16 7.69315e-16 7.3994e-16 7.75066e-16 7.45872e-16 7.80823e-16 7.52397e-16 7.86311e-16 7.58112e-16 7.91804e-16 7.63711e-16 7.97027e-16 7.69203e-16 8.02254e-16 7.74587e-16 8.07211e-16 7.7987e-16 8.12171e-16 7.85058e-16 8.17134e-16 7.90154e-16 8.22102e-16 7.9516e-16 8.27073e-16 8.00078e-16 8.31495e-16 8.04913e-16 8.36473e-16 0 8.40901e-16 0 8.45332e-16 0 8.49765e-16 0 8.54202e-16 0 8.58086e-16 0 8.62527e-16 0 8.66416e-16 0 8.70862e-16 0 8.74755e-16 0 8.7865e-16 0
475.588 2.48408e-17 2.48408e-17 1.73177e-27 6.97149e-11 -3.46428e-09 2.38259e-19 1.15352e-19 3.33852e-18 9.78457e-19 2.35081e-17 8.82726e-18 6.3246e-17 3.41733e-17 9.04123e-17 5.61617e-17 1.09697e-16 7.31774e-17 1.24995e-16 8.73045e-17 1.3782e-16 9.94968e-17 1.83441e-16 1.44597e-16 2.38624e-16 2.01145e-16 2.75761e-16 2.39728e-16 3.04322e-16 2.69616e-16 3.27769e-16 2.94262e-16 3.47914e-16 3.15354e-16 3.65579e-16 3.3387e-16 3.81262e-16 3.50413e-16 3.95494e-16 3.65399e-16 4.08633e-16 3.79119e-16 4.20658e-16 3.91785e-16 4.32144e-16 4.0357e-16 4.42483e-16 4.14593e-16 4.52461e-16 4.24958e-16 4.61871e-16 4.34746e-16 4.70908e-16 4.4402e-16 4.79365e-16 4.52836e-16 4.87441e-16 4.61247e-16 4.95131e-16 4.69291e-16 5.02432e-16 4.77e-16 5.09544e-16 4.84401e-16 5.16263e-16 4.91523e-16 5.22994e-16 4.98388e-16 5.29328e-16 5.05014e-16 5.35467e-16 5.11423e-16 5.41616e-16 5.17621e-16 5.47364e-16 5.23631e-16 5.52913e-16 5.29462e-16 5.5847e-16 5.35124e-16 5.63828e-16 5.40631e-16 5.68779e-16 5.45989e-16 5.73943e-16 5.51209e-16 5.78698e-16 5.56298e-16 5.83666e-16 5.61263e-16 5.88224e-16 5.66111e-16 5.92787e-16 5.70846e-16 5.97354e-16 5.74966e-16 6.01717e-16 5.7947e-16 6.06084e-16 5.84424e-16 6.10247e-16 5.88762e-16 6.14413e-16 5.93012e-16 6.18374e-16 5.9718e-16 6.22338e-16 6.01265e-16 6.26096e-16 6.05274e-16 6.29856e-16 6.0921e-16 6.3362e-16 6.13077e-16 6.37385e-16 6.16874e-16 6.41154e-16 6.20605e-16 6.44506e-16 6.24273e-16 6.48279e-16 0 6.51635e-16 0 6.54992e-16 0 6.58352e-16 0 6.61714e-16 0 6.64657e-16 0 6.68022e-16 0 6.70968e-16 0 6.74337e-16 0 6.77286e-16 0 6.80237e-16 0
500 2.27989e-17 2.27989e-17 1.41791e-27 6.2192e-11 1.14792e-08 2.58336e-19 1.07428e-19 3.18508e-18 8.62657e-19 2.04712e-17 7.61501e-18 5.27756e-17 2.87028e-17 7.43755e-17 4.65451e-17 8.95749e-17 6.01836e-17 1.01573e-16 7.14253e-17 1.11598e-16 8.10796e-17 1.47069e-16 1.16502e-16 1.89684e-16 1.60472e-16 2.18237e-16 1.90282e-16 2.40142e-16 2.13296e-16 2.58095e-16 2.32231e-16 2.73502e-16 2.4841e-16 2.86999e-16 2.62595e-16 2.98972e-16 2.75254e-16 3.09831e-16 2.86714e-16 3.19851e-16 2.97197e-16 3.29016e-16 3.06869e-16 3.37767e-16 3.15864e-16 3.45641e-16 3.24272e-16 3.53238e-16 3.32177e-16 3.604e-16 3.39637e-16 3.67276e-16 3.46704e-16 3.7371e-16 3.53419e-16 3.79851e-16 3.59824e-16 3.85698e-16 3.65948e-16 3.91248e-16 3.71816e-16 3.96654e-16 3.77447e-16 4.0176e-16 3.82865e-16 4.06874e-16 3.88087e-16 4.11686e-16 3.93126e-16 4.16349e-16 3.97998e-16 4.21019e-16 4.0271e-16 4.25383e-16 4.07278e-16 4.29597e-16 4.1171e-16 4.33815e-16 4.16012e-16 4.37882e-16 4.20196e-16 4.4164e-16 4.24266e-16 4.45559e-16 4.28231e-16 4.49167e-16 4.32095e-16 4.52936e-16 4.35865e-16 4.56395e-16 4.39547e-16 4.59856e-16 4.43141e-16 4.6332e-16 4.46268e-16 4.6663e-16 4.49688e-16 4.69942e-16 4.53448e-16 4.73099e-16 4.5674e-16 4.76258e-16 4.59965e-16 4.79261e-16 4.63127e-16 4.82267e-16 4.66227e-16 4.85116e-16 4.69268e-16 4.87966e-16 4.72254e-16 4.90819e-16 4.75187e-16 4.93674e-16 4.78067e-16 4.9653e-16 4.80896e-16 4.9907e-16 4.83678e-16 5.0193e-16 0 5.04473e-16 0 5.07017e-16 0 5.09563e-16 0 5.1211e-16 0 5.1434e-16 0 5.1689e-16 0 5.19122e-16 0 5.21673e-16 0 5.23907e-16 0 5.26142e-16 0
525.665 2.09254e-17 2.09254e-17 1.16107e-27 5.54859e-11 1.27298e-08 2.74481e-19 1.00834e-19 2.99705e-18 7.58806e-19 1.76707e-17 6.53805e-18 4.3764e-17 2.39853e-17 6.08549e-17 3.8388e-17 7.27845e-17 4.92677e-17 8.21591e-17 5.81742e-17 8.99688e-17 6.57872e-17 1.17464e-16 9.35078e-17 1.50292e-16 1.27598e-16 1.72198e-16 1.50575e-16 1.88967e-16 1.68258e-16 2.02691e-16 1.82776e-16 2.14455e-16 1.95163e-16 2.24751e-16 2.0601e-16 2.33879e-16 2.15683e-16 2.42153e-16 2.24431e-16 2.49783e-16 2.3243e-16 2.5676e-16 2.39805e-16 2.63419e-16 2.46659e-16 2.69408e-16 2.53065e-16 2.75185e-16 2.59085e-16 2.80629e-16 2.64764e-16 2.85855e-16 2.70142e-16 2.90744e-16 2.7525e-16 2.9541e-16 2.80122e-16 2.9985e-16 2.84778e-16 3.04065e-16 2.89239e-16 3.0817e-16 2.93519e-16 3.12046e-16 2.97637e-16 3.15927e-16 3.01604e-16 3.19579e-16 3.05431e-16 3.23117e-16 3.09132e-16 3.2666e-16 3.1271e-16 3.29971e-16 3.16178e-16 3.33167e-16 3.19543e-16 3.36366e-16 3.22809e-16 3.3945e-16 3.25984e-16 3.423e-16 3.29073e-16 3.45271e-16 3.32081e-16 3.48007e-16 3.35013e-16 3.50864e-16 3.37873e-16 3.53486e-16 3.40666e-16 3.56109e-16 3.43392e-16 3.58735e-16 3.45763e-16 3.61243e-16 3.48356e-16 3.63753e-16 3.51208e-16 3.66145e-16 3.53704e-16 3.68538e-16 3.56149e-16 3.70813e-16 3.58546e-16 3.7309e-16 3.60896e-16 3.75248e-16 3.63201e-16 3.77408e-16 3.65464e-16 3.79569e-16 3.67687e-16 3.8173e-16 3.69869e-16 3.83894e-16 3.72013e-16 3.85817e-16 3.74121e-16 3.87983e-16 0 3.89908e-16 0 3.91835e-16 0 3.93763e-16 0 3.95691e-16 0 3.97379e-16 0 3.99309e-16 0 4.00999e-16 0 4.02931e-16 0 4.04622e-16 0 4.06313e-16 0
552.648 1.92234e-17 1.92234e-17 9.50719e-28 4.94562e-11 -7.36211e-09 2.86321e-19 9.54349e-20 2.78597e-18 6.66643e-19 1.5141e-17 5.59208e-18 3.61106e-17 1.99621e-17 4.95853e-17 3.1541e-17 5.89212e-17 4.01889e-17 6.62271e-17 4.72224e-17 7.22967e-17 5.3208e-17 9.35689e-17 7.48481e-17 1.18823e-16 1.01231e-16 1.35613e-16 1.18916e-16 1.4844e-16 1.32488e-16 1.58923e-16 1.4361e-16 1.679e-16 1.53086e-16 1.75751e-16 1.61376e-16 1.82707e-16 1.68761e-16 1.89008e-16 1.75436e-16 1.94817e-16 1.81535e-16 2.00126e-16 1.87156e-16 2.05191e-16 1.92379e-16 2.09746e-16 1.97257e-16 2.14138e-16 2.01839e-16 2.18276e-16 2.06161e-16 2.22247e-16 2.10252e-16 2.25961e-16 2.14138e-16 2.29505e-16 2.17842e-16 2.32878e-16 2.21382e-16 2.36078e-16 2.24773e-16 2.39194e-16 2.28026e-16 2.42136e-16 2.31154e-16 2.45083e-16 2.34167e-16 2.47854e-16 2.37075e-16 2.50539e-16 2.39885e-16 2.53227e-16 2.42602e-16 2.55738e-16 2.45235e-16 2.58162e-16 2.47789e-16 2.60589e-16 2.50268e-16 2.62928e-16 2.52678e-16 2.65089e-16 2.55022e-16 2.67342e-16 2.57305e-16 2.69416e-16 2.59529e-16 2.71582e-16 2.61699e-16 2.73569e-16 2.63817e-16 2.75558e-16 2.65885e-16 2.77548e-16 2.67683e-16 2.79449e-16 2.6965e-16 2.81351e-16 2.71812e-16 2.83163e-16 2.73704e-16 2.84977e-16 2.75558e-16 2.86701e-16 2.77376e-16 2.88426e-16 2.79157e-16 2.90061e-16 2.80904e-16 2.91697e-16 2.8262e-16 2.93334e-16 2.84304e-16 2.94972e-16 2.85958e-16 2.9661e-16 2.87583e-16 2.98067e-16 2.8918e-16 2.99707e-16 0 3.01166e-16 0 3.02625e-16 0 3.04084e-16 0 3.05545e-16 0 3.06823e-16 0 3.08284e-16 0 3.09564e-16 0 3.11026e-16 0 3.12307e-16 0 3.13587e-16 0
581.015 1.76693e-17 1.76693e-17 7.78393e-28 4.40534e-11 -2.69806e-08 2.93401e-19 9.09426e-20 2.55922e-18 5.84839e-19 1.28794e-17 4.76333e-18 2.96469e-17 1.65431e-17 4.02324e-17 2.58126e-17 4.75164e-17 3.26612e-17 5.31951e-17 3.8197e-17 5.79008e-17 4.28887e-17 7.4325e-17 5.97382e-17 9.37228e-17 8.01159e-17 1.06576e-16 9.37077e-17 1.16377e-16 1.0411e-16 1.24377e-16 1.12621e-16 1.31222e-16 1.19862e-16 1.37204e-16 1.26191e-16 1.42501e-16 1.31825e-16 1.47297e-16 1.36915e-16 1.51716e-16 1.41562e-16 1.55754e-16 1.45843e-16 1.59605e-16 1.49819e-16 1.63067e-16 1.53532e-16 1.66404e-16 1.57018e-16 1.69548e-16 1.60305e-16 1.72564e-16 1.63416e-16 1.75385e-16 1.6637e-16 1.78075e-16 1.69185e-16 1.80636e-16 1.71875e-16 1.83065e-16 1.74451e-16 1.8543e-16 1.76922e-16 1.87662e-16 1.79297e-16 1.89898e-16 1.81586e-16 1.92e-16 1.83793e-16 1.94037e-16 1.85927e-16 1.96075e-16 1.87989e-16 1.9798e-16 1.89987e-16 1.99818e-16 1.91925e-16 2.01658e-16 1.93806e-16 2.03432e-16 1.95635e-16 2.0507e-16 1.97413e-16 2.06778e-16 1.99144e-16 2.0835e-16 2.00831e-16 2.09992e-16 2.02477e-16 2.11498e-16 2.04083e-16 2.13005e-16 2.05651e-16 2.14513e-16 2.07015e-16 2.15953e-16 2.08506e-16 2.17395e-16 2.10145e-16 2.18768e-16 2.1158e-16 2.20142e-16 2.12985e-16 2.21448e-16 2.14363e-16 2.22755e-16 2.15713e-16 2.23993e-16 2.17037e-16 2.25233e-16 2.18337e-16 2.26472e-16 2.19613e-16 2.27713e-16 2.20867e-16 2.28953e-16 2.22098e-16 2.30057e-16 2.23308e-16 2.31299e-16 0 2.32403e-16 0 2.33508e-16 0 2.34613e-16 0 2.35719e-16 0 2.36687e-16 0 2.37793e-16 0 2.38762e-16 0 2.39869e-16 0 2.40838e-16 0 2.41808e-16 0
610.839 1.62481e-17 1.62481e-17 6.37328e-28 3.92248e-11 -2.451e-09 2.95597e-19 8.71039e-20 2.32454e-18 5.12356e-19 1.08801e-17 4.04069e-18 2.42248e-17 1.36524e-17 3.25126e-17 2.10433e-17 3.81799e-17 2.64477e-17 4.25828e-17 3.0791e-17 4.62228e-17 3.44577e-17 5.88796e-17 4.7545e-17 7.37575e-17 6.32551e-17 8.35856e-17 7.36856e-17 9.10672e-17 8.16494e-17 9.71672e-17 8.81541e-17 1.02382e-16 9.36826e-17 1.06937e-16 9.85104e-17 1.10967e-16 1.02805e-16 1.14615e-16 1.06682e-16 1.17975e-16 1.10221e-16 1.21045e-16 1.13479e-16 1.23971e-16 1.16504e-16 1.26601e-16 1.19328e-16 1.29136e-16 1.21978e-16 1.31523e-16 1.24477e-16 1.33813e-16 1.26842e-16 1.35954e-16 1.29086e-16 1.37996e-16 1.31225e-16 1.39939e-16 1.33268e-16 1.41782e-16 1.35223e-16 1.43576e-16 1.37099e-16 1.4527e-16 1.38903e-16 1.46965e-16 1.4064e-16 1.48559e-16 1.42315e-16 1.50104e-16 1.43934e-16 1.51649e-16 1.45499e-16 1.53094e-16 1.47015e-16 1.54487e-16 1.48485e-16 1.55882e-16 1.49912e-16 1.57226e-16 1.51298e-16 1.58468e-16 1.52647e-16 1.59762e-16 1.5396e-16 1.60954e-16 1.55239e-16 1.62198e-16 1.56487e-16 1.63339e-16 1.57705e-16 1.64481e-16 1.58893e-16 1.65623e-16 1.59927e-16 1.66714e-16 1.61057e-16 1.67806e-16 1.62299e-16 1.68846e-16 1.63387e-16 1.69887e-16 1.64452e-16 1.70876e-16 1.65495e-16 1.71866e-16 1.66518e-16 1.72804e-16 1.67522e-16 1.73743e-16 1.68507e-16 1.74681e-16 1.69474e-16 1.75621e-16 1.70423e-16 1.7656e-16 1.71356e-16 1.77396e-16 1.72273e-16 1.78336e-16 0 1.79172e-16 0 1.80009e-16 0 1.80845e-16 0 1.81682e-16 0 1.82415e-16 0 1.83253e-16 0 1.83986e-16 0 1.84824e-16 0 1.85557e-16 0 1.86291e-16 0
642.193 1.49462e-17 1.49462e-17 5.21855e-28 3.49157e-11 1.02097e-08 2.93022e-19 8.3677e-20 2.08881e-18 4.4821e-19 9.13098e-18 3.41347e-18 1.97047e-17 1.12205e-17 2.61731e-17 1.70905e-17 3.05709e-17 2.13409e-17 3.39767e-17 2.47382e-17 3.67863e-17 2.75959e-17 4.65224e-17 3.77371e-17 5.79176e-17 4.98274e-17 6.54241e-17 5.78206e-17 7.11296e-17 6.39099e-17 7.57768e-17 6.88764e-17 7.97466e-17 7.30932e-17 8.32118e-17 7.67725e-17 8.62769e-17 8.00434e-17 8.90499e-17 8.29947e-17 9.16034e-17 8.56872e-17 9.39348e-17 8.81655e-17 9.61573e-17 9.04653e-17 9.81543e-17 9.26116e-17 1.00078e-16 9.46258e-17 1.0189e-16 9.65241e-17 1.03628e-16 9.832e-17 1.05253e-16 1.00024e-16 1.06802e-16 1.01648e-16 1.08275e-16 1.03199e-16 1.09673e-16 1.04684e-16 1.11034e-16 1.06107e-16 1.12318e-16 1.07476e-16 1.13603e-16 1.08794e-16 1.14812e-16 1.10064e-16 1.15983e-16 1.11292e-16 1.17154e-16 1.12479e-16 1.18249e-16 1.13629e-16 1.19305e-16 1.14744e-16 1.20362e-16 1.15825e-16 1.2138e-16 1.16877e-16 1.22321e-16 1.17899e-16 1.23302e-16 1.18894e-16 1.24204e-16 1.19864e-16 1.25147e-16 1.2081e-16 1.26011e-16 1.21732e-16 1.26876e-16 1.22633e-16 1.27742e-16 1.23416e-16 1.28568e-16 1.24273e-16 1.29395e-16 1.25214e-16 1.30183e-16 1.26038e-16 1.30971e-16 1.26845e-16 1.3172e-16 1.27635e-16 1.32469e-16 1.2841e-16 1.33179e-16 1.2917e-16 1.3389e-16 1.29916e-16 1.34601e-16 1.30649e-16 1.35312e-16 1.31368e-16 1.36023e-16 1.32074e-16 1.36656e-16 1.32768e-16 1.37367e-16 0 1.38e-16 0 1.38634e-16 0 1.39267e-16 0 1.399e-16 0 1.40455e-16 0 1.41089e-16 0 1.41644e-16 0 1.42278e-16 0 1.42833e-16 0 1.43388e-16 0
675.157 1.37552e-17 1.37552e-17 4.27325e-28 3.10664e-11 -1.74064e-09 2.86086e-19 8.0467e-20 1.85832e-18 3.91586e-19 7.61711e-18 2.87231e-18 1.59626e-17 9.18678e-18 2.09973e-17 1.38324e-17 2.44023e-17 1.71652e-17 2.70316e-17 1.98155e-17 2.91964e-17 2.20373e-17 3.66746e-17 2.98801e-17 4.53929e-17 3.9171e-17 5.11214e-17 4.52896e-17 5.54694e-17 4.99413e-17 5.90077e-17 5.37304e-17 6.20281e-17 5.69443e-17 6.46632e-17 5.97466e-17 6.69929e-17 6.22364e-17 6.91e-17 6.44817e-17 7.10396e-17 6.65294e-17 7.28101e-17 6.84135e-17 7.44974e-17 7.01614e-17 7.60133e-17 7.17921e-17 7.74735e-17 7.33221e-17 7.88484e-17 7.47638e-17 8.01668e-17 7.61273e-17 8.1399e-17 7.7421e-17 8.2574e-17 7.86536e-17 8.36916e-17 7.98306e-17 8.47515e-17 8.09571e-17 8.5783e-17 8.20373e-17 8.67566e-17 8.30754e-17 8.7731e-17 8.4075e-17 8.86471e-17 8.50389e-17 8.95344e-17 8.59702e-17 9.04224e-17 8.687e-17 9.12517e-17 8.77418e-17 9.20521e-17 8.8587e-17 9.28529e-17 8.9407e-17 9.36246e-17 9.02039e-17 9.43373e-17 9.09788e-17 9.50801e-17 9.17332e-17 9.57639e-17 9.2468e-17 9.64778e-17 9.31846e-17 9.71325e-17 9.3884e-17 9.77876e-17 9.45665e-17 9.84429e-17 9.51598e-17 9.90688e-17 9.58085e-17 9.96949e-17 9.65219e-17 1.00291e-16 9.71459e-17 1.00888e-16 9.7757e-17 1.01455e-16 9.8356e-17 1.02023e-16 9.89429e-17 1.02561e-16 9.95186e-17 1.03099e-16 1.00084e-16 1.03637e-16 1.00638e-16 1.04175e-16 1.01183e-16 1.04713e-16 1.01718e-16 1.05192e-16 1.02243e-16 1.05731e-16 0 1.0621e-16 0 1.06689e-16 0 1.07169e-16 0 1.07648e-16 0 1.08068e-16 0 1.08548e-16 0 1.08968e-16 0 1.09448e-16 0 1.09868e-16 0 1.10288e-16 0
709.813 1.26658e-17 1.26658e-17 3.49875e-28 2.76237e-11 2.62552e-08 2.7533e-19 7.7303e-20 1.63787e-18 3.41663e-19 6.31891e-18 2.40778e-18 1.28826e-17 7.49468e-18 1.67919e-17 1.11595e-17 1.94231e-17 1.37657e-17 2.14495e-17 1.58283e-17 2.31149e-17 1.7552e-17 2.88517e-17 2.36066e-17 3.55158e-17 3.07373e-17 3.98844e-17 3.54166e-17 4.31961e-17 3.89675e-17 4.58888e-17 4.18564e-17 4.81859e-17 4.43047e-17 5.0189e-17 4.64379e-17 5.19593e-17 4.83323e-17 5.35599e-17 5.00399e-17 5.50329e-17 5.15966e-17 5.63771e-17 5.30285e-17 5.76579e-17 5.43565e-17 5.88083e-17 5.55951e-17 5.99162e-17 5.6757e-17 6.09593e-17 5.78516e-17 6.19594e-17 5.88867e-17 6.2894e-17 5.98687e-17 6.37851e-17 6.08041e-17 6.46325e-17 6.16972e-17 6.54362e-17 6.25518e-17 6.62182e-17 6.33712e-17 6.69562e-17 6.41586e-17 6.76948e-17 6.49168e-17 6.83892e-17 6.56477e-17 6.90616e-17 6.63539e-17 6.97345e-17 6.70362e-17 7.0363e-17 6.76971e-17 7.09694e-17 6.83379e-17 7.15762e-17 6.89595e-17 7.21608e-17 6.95635e-17 7.27008e-17 7.01508e-17 7.32635e-17 7.07225e-17 7.37815e-17 7.12795e-17 7.43223e-17 7.18225e-17 7.48182e-17 7.23524e-17 7.53143e-17 7.28696e-17 7.58107e-17 7.33191e-17 7.62846e-17 7.38105e-17 7.67588e-17 7.4351e-17 7.72106e-17 7.48237e-17 7.76625e-17 7.52866e-17 7.8092e-17 7.57404e-17 7.85216e-17 7.61849e-17 7.89288e-17 7.6621e-17 7.93361e-17 7.70489e-17 7.97435e-17 7.7469e-17 8.0151e-17 7.78815e-17 8.05587e-17 7.82866e-17 8.09212e-17 7.86846e-17 8.13291e-17 0 8.16917e-17 0 8.20545e-17 0 8.24174e-17 0 8.27803e-17 0 8.3098e-17 0 8.34611e-17 0 8.37789e-17 0 8.41422e-17 0 8.44602e-17 0 8.47782e-17 0
746.248 1.16731e-17 1.16731e-17 2.86469e-28 2.4541e-11 3.36659e-08 2.61501e-19 7.40795e-20 1.43147e-18 2.97784e-19 5.21673e-18 2.01168e-18 1.03645e-17 6.09564e-18 1.33945e-17 8.97912e-18 1.5425e-17 1.10128e-17 1.69849e-17 1.26152e-17 1.82649e-17 1.39503e-17 2.26625e-17 1.86188e-17 2.77544e-17 2.40876e-17 3.10854e-17 2.76647e-17 3.36075e-17 3.03745e-17 3.56567e-17 3.25767e-17 3.74038e-17 3.44415e-17 3.89267e-17 3.60654e-17 4.02721e-17 3.75068e-17 4.14881e-17 3.88055e-17 4.26069e-17 3.99891e-17 4.36277e-17 4.10774e-17 4.46001e-17 4.20866e-17 4.54734e-17 4.30276e-17 4.63143e-17 4.39101e-17 4.71059e-17 4.47414e-17 4.78647e-17 4.55274e-17 4.85738e-17 4.62729e-17 4.92498e-17 4.69829e-17 4.98926e-17 4.76608e-17 5.05021e-17 4.83094e-17 5.10952e-17 4.89311e-17 5.16548e-17 4.95286e-17 5.22149e-17 5.01038e-17 5.27414e-17 5.06582e-17 5.32512e-17 5.11939e-17 5.37614e-17 5.17114e-17 5.42378e-17 5.22126e-17 5.46975e-17 5.26986e-17 5.51574e-17 5.31699e-17 5.56005e-17 5.36279e-17 5.60098e-17 5.40733e-17 5.64363e-17 5.45067e-17 5.68288e-17 5.49289e-17 5.72386e-17 5.53406e-17 5.76144e-17 5.57423e-17 5.79903e-17 5.61343e-17 5.83664e-17 5.6475e-17 5.87255e-17 5.68475e-17 5.90848e-17 5.72571e-17 5.9427e-17 5.76154e-17 5.97694e-17 5.79662e-17 6.00948e-17 5.83101e-17 6.04202e-17 5.86469e-17 6.07287e-17 5.89774e-17 6.10372e-17 5.93016e-17 6.13458e-17 5.96199e-17 6.16545e-17 5.99324e-17 6.19632e-17 6.02393e-17 6.22378e-17 6.05409e-17 6.25467e-17 0 6.28214e-17 0 6.30962e-17 0 6.3371e-17 0 6.36458e-17 0 6.38864e-17 0 6.41614e-17 0 6.44021e-17 0 6.46772e-17 0 6.49179e-17 0 6.51588e-17 0
784.553 1.07578e-17 1.07578e-17 2.34568e-28 2.18044e-11 7.46138e-08 2.45057e-19 7.06358e-20 1.24009e-18 2.5897e-19 4.28356e-18 1.67373e-18 8.30684e-18 4.93884e-18 1.06496e-17 7.19998e-18 1.22131e-17 8.78244e-18 1.34117e-17 1.00241e-17 1.43938e-17 1.10559e-17 1.77597e-17 1.46486e-17 2.16455e-17 1.88364e-17 2.41827e-17 2.15673e-17 2.61017e-17 2.36331e-17 2.76598e-17 2.53101e-17 2.89876e-17 2.67292e-17 3.01444e-17 2.79643e-17 3.11662e-17 2.90601e-17 3.20894e-17 3.00471e-17 3.29386e-17 3.09463e-17 3.37132e-17 3.17729e-17 3.44511e-17 3.25391e-17 3.51135e-17 3.32536e-17 3.57514e-17 3.39234e-17 3.63518e-17 3.45543e-17 3.69272e-17 3.51507e-17 3.74649e-17 3.57163e-17 3.79774e-17 3.6255e-17 3.84647e-17 3.67691e-17 3.89268e-17 3.72611e-17 3.93763e-17 3.77326e-17 3.98005e-17 3.81856e-17 4.0225e-17 3.86217e-17 4.06239e-17 3.90421e-17 4.10103e-17 3.94482e-17 4.13969e-17 3.98405e-17 4.17578e-17 4.02205e-17 4.21061e-17 4.05888e-17 4.24546e-17 4.0946e-17 4.27903e-17 4.12931e-17 4.31003e-17 4.16306e-17 4.34233e-17 4.19591e-17 4.37207e-17 4.2279e-17 4.40311e-17 4.25909e-17 4.43157e-17 4.28953e-17 4.46004e-17 4.31923e-17 4.48853e-17 4.34504e-17 4.51572e-17 4.37326e-17 4.54293e-17 4.40429e-17 4.56885e-17 4.43143e-17 4.59478e-17 4.458e-17 4.61941e-17 4.48405e-17 4.64406e-17 4.50957e-17 4.66741e-17 4.53459e-17 4.69077e-17 4.55915e-17 4.71414e-17 4.58326e-17 4.73751e-17 4.60693e-17 4.76089e-17 4.63017e-17 4.78167e-17 4.653e-17 4.80506e-17 0 4.82586e-17 0 4.84666e-17 0 4.86746e-17 0 4.88827e-17 0 4.90648e-17 0 4.92729e-17 0 4.94551e-17 0 4.96634e-17 0 4.98456e-17 0 5.00279e-17 0
824.824 9.92385e-18 9.92385e-18 1.92054e-28 1.93528e-11 -3.44076e-08 2.26977e-19 6.69964e-20 1.06646e-18 2.24895e-19 3.50298e-18 1.38828e-18 6.64059e-18 3.99095e-18 8.4496e-18 5.76031e-18 9.65249e-18 6.98963e-18 1.05728e-17 7.95047e-18 1.13258e-17 8.74693e-18 1.39011e-17 1.15095e-17 1.68662e-17 1.4715e-17 1.87987e-17 1.67998e-17 2.02591e-17 1.83745e-17 2.14441e-17 1.96517e-17 2.24534e-17 2.07318e-17 2.33325e-17 2.16714e-17 2.41087e-17 2.25046e-17 2.48098e-17 2.32548e-17 2.54547e-17 2.39382e-17 2.60428e-17 2.45662e-17 2.66028e-17 2.51483e-17 2.71057e-17 2.56909e-17 2.75897e-17 2.61995e-17 2.80452e-17 2.66785e-17 2.84818e-17 2.71312e-17 2.88897e-17 2.75605e-17 2.92785e-17 2.79693e-17 2.96481e-17 2.83595e-17 2.99985e-17 2.87328e-17 3.03395e-17 2.90905e-17 3.06611e-17 2.94342e-17 3.0983e-17 2.97651e-17 3.12855e-17 3.0084e-17 3.15784e-17 3.0392e-17 3.18715e-17 3.06895e-17 3.21452e-17 3.09777e-17 3.24092e-17 3.1257e-17 3.26733e-17 3.15279e-17 3.29278e-17 3.17911e-17 3.31627e-17 3.2047e-17 3.34076e-17 3.2296e-17 3.3633e-17 3.25386e-17 3.38682e-17 3.2775e-17 3.40839e-17 3.30058e-17 3.42997e-17 3.32309e-17 3.45155e-17 3.34265e-17 3.47216e-17 3.36405e-17 3.49278e-17 3.38757e-17 3.51242e-17 3.40814e-17 3.53206e-17 3.42828e-17 3.55073e-17 3.44802e-17 3.5694e-17 3.46736e-17 3.5871e-17 3.48632e-17 3.6048e-17 3.50493e-17 3.6225e-17 3.5232e-17 3.64021e-17 3.54114e-17 3.65792e-17 3.55875e-17 3.67366e-17 3.57605e-17 3.69138e-17 0 3.70713e-17 0 3.72289e-17 0 3.73865e-17 0 3.75441e-17 0 3.7682e-17 0 3.78397e-17 0 3.79777e-17 0 3.81354e-17 0 3.82735e-17 0 3.84115e-17 0
867.163 9.15588e-18 9.15588e-18 1.57259e-28 1.71757e-11 5.65136e-08 2.07758e-19 6.30955e-20 9.1017e-19 1.9482e-19 2.85156e-18 1.14716e-18 5.29179e-18 3.21434e-18 6.68602e-18 4.59509e-18 7.60999e-18 5.54792e-18 8.31558e-18 6.29e-18 8.89222e-18 6.9037e-18 1.08605e-17 9.02477e-18 1.31211e-17 1.14758e-17 1.45922e-17 1.30659e-17 1.57029e-17 1.42654e-17 1.66036e-17 1.52375e-17 1.73705e-17 1.60591e-17 1.80383e-17 1.67734e-17 1.86276e-17 1.74067e-17 1.916e-17 1.79767e-17 1.96494e-17 1.84958e-17 2.00957e-17 1.89727e-17 2.05207e-17 1.94147e-17 2.09022e-17 1.98266e-17 2.12694e-17 2.02127e-17 2.16149e-17 2.05762e-17 2.19461e-17 2.09198e-17 2.22554e-17 2.12455e-17 2.25502e-17 2.15557e-17 2.28305e-17 2.18517e-17 2.30962e-17 2.21348e-17 2.33547e-17 2.24062e-17 2.35985e-17 2.26669e-17 2.38425e-17 2.29178e-17 2.40719e-17 2.31596e-17 2.42939e-17 2.33931e-17 2.4516e-17 2.36187e-17 2.47235e-17 2.38372e-17 2.49236e-17 2.4049e-17 2.51237e-17 2.42543e-17 2.53166e-17 2.44539e-17 2.54946e-17 2.46478e-17 2.56802e-17 2.48366e-17 2.5851e-17 2.50205e-17 2.60292e-17 2.51997e-17 2.61927e-17 2.53746e-17 2.63561e-17 2.55452e-17 2.65197e-17 2.56935e-17 2.66758e-17 2.58556e-17 2.6832e-17 2.60338e-17 2.69808e-17 2.61897e-17 2.71296e-17 2.63423e-17 2.72711e-17 2.64919e-17 2.74125e-17 2.66384e-17 2.75465e-17 2.67821e-17 2.76806e-17 2.69231e-17 2.78147e-17 2.70616e-17 2.79488e-17 2.71974e-17 2.8083e-17 2.73309e-17 2.82022e-17 2.7462e-17 2.83364e-17 0 2.84558e-17 0 2.85751e-17 0 2.86944e-17 0 2.88138e-17 0 2.89183e-17 0 2.90377e-17 0 2.91422e-17 0 2.92616e-17 0 2.93662e-17 0 2.94707e-17 0
911.674 8.4542e-18 8.4542e-18 1.28754e-28 1.52296e-11 2.36899e-08 1.88177e-19 5.89985e-20 7.7174e-19 1.68415e-19 2.31288e-18 9.45063e-19 4.20728e-18 2.58241e-18 5.28069e-18 3.65789e-18 5.98989e-18 4.39539e-18 6.53055e-18 4.96786e-18 6.97192e-18 5.44027e-18 8.47579e-18 7.06773e-18 1.01992e-17 8.94124e-18 1.13191e-17 1.01539e-17 1.2164e-17 1.10676e-17 1.28488e-17 1.18075e-17 1.34316e-17 1.24326e-17 1.39389e-17 1.29758e-17 1.43866e-17 1.34572e-17 1.47908e-17 1.38904e-17 1.51625e-17 1.42848e-17 1.55013e-17 1.46471e-17 1.58239e-17 1.49828e-17 1.61134e-17 1.52956e-17 1.63921e-17 1.55888e-17 1.66543e-17 1.58648e-17 1.69056e-17 1.61256e-17 1.71403e-17 1.63728e-17 1.73639e-17 1.66082e-17 1.75766e-17 1.68328e-17 1.77781e-17 1.70477e-17 1.79742e-17 1.72536e-17 1.81591e-17 1.74514e-17 1.83442e-17 1.76418e-17 1.85181e-17 1.78252e-17 1.86865e-17 1.80024e-17 1.88549e-17 1.81735e-17 1.90122e-17 1.83392e-17 1.91639e-17 1.84999e-17 1.93157e-17 1.86556e-17 1.94619e-17 1.88069e-17 1.95969e-17 1.89541e-17 1.97376e-17 1.90972e-17 1.98671e-17 1.92366e-17 2.00022e-17 1.93725e-17 2.01261e-17 1.95051e-17 2.02501e-17 1.96345e-17 2.0374e-17 1.97469e-17 2.04924e-17 1.98699e-17 2.06108e-17 2.0005e-17 2.07236e-17 2.01232e-17 2.08364e-17 2.02389e-17 2.09436e-17 2.03523e-17 2.10508e-17 2.04634e-17 2.11524e-17 2.05723e-17 2.1254e-17 2.06792e-17 2.13556e-17 2.07841e-17 2.14572e-17 2.08871e-17 2.15589e-17 2.09883e-17 2.16493e-17 2.10876e-17 2.1751e-17 0 2.18414e-17 0 2.19318e-17 0 2.20223e-17 0 2.21127e-17 0 2.21919e-17 0 2.22824e-17 0 2.23616e-17 0 2.24521e-17 0 2.25313e-17 0 2.26105e-17 0
958.471 7.80707e-18 7.80707e-18 1.05432e-28 1.35046e-11 -2.02537e-08 1.68644e-19 5.47093e-20 6.49938e-19 1.45145e-19 1.86836e-18 7.75747e-19 3.33561e-18 2.06841e-18 4.16071e-18 2.90411e-18 4.70433e-18 3.47381e-18 5.11814e-18 3.91469e-18 5.45561e-18 4.27779e-18 6.60359e-18 5.52494e-18 7.91651e-18 6.95566e-18 8.76855e-18 7.87979e-18 9.41092e-18 8.57536e-18 9.9313e-18 9.13826e-18 1.03741e-17 9.61351e-18 1.07593e-17 1.00264e-17 1.10993e-17 1.03922e-17 1.14061e-17 1.07213e-17 1.16882e-17 1.10208e-17 1.19454e-17 1.1296e-17 1.21902e-17 1.15508e-17 1.24099e-17 1.17883e-17 1.26213e-17 1.20108e-17 1.28202e-17 1.22203e-17 1.30108e-17 1.24182e-17 1.31888e-17 1.26058e-17 1.33585e-17 1.27844e-17 1.35197e-17 1.29549e-17 1.36726e-17 1.31179e-17 1.38213e-17 1.32741e-17 1.39615e-17 1.34241e-17 1.41018e-17 1.35685e-17 1.42337e-17 1.37076e-17 1.43614e-17 1.3842e-17 1.44891e-17 1.39718e-17 1.46083e-17 1.40975e-17 1.47233e-17 1.42193e-17 1.48384e-17 1.43374e-17 1.49492e-17 1.44521e-17 1.50516e-17 1.45636e-17 1.51582e-17 1.46722e-17 1.52563e-17 1.47779e-17 1.53588e-17 1.48809e-17 1.54527e-17 1.49815e-17 1.55466e-17 1.50795e-17 1.56406e-17 1.51648e-17 1.57303e-17 1.52579e-17 1.582e-17 1.53604e-17 1.59055e-17 1.545e-17 1.5991e-17 1.55377e-17 1.60722e-17 1.56236e-17 1.61534e-17 1.57078e-17 1.62304e-17 1.57904e-17 1.63074e-17 1.58714e-17 1.63844e-17 1.59509e-17 1.64614e-17 1.6029e-17 1.65385e-17 1.61056e-17 1.6607e-17 1.61809e-17 1.6684e-17 0 1.67525e-17 0 1.68211e-17 0 1.68896e-17 0 1.69581e-17 0 1.70181e-17 0 1.70867e-17 0 1.71466e-17 0 1.72152e-17 0 1.72752e-17 0 1.73352e-17 0
1007.67 7.21633e-18 7.21633e-18 8.63174e-29 1.19614e-11 5.6797e-08 1.49761e-19 5.03389e-20 5.44347e-19 1.24783e-19 1.50483e-18 6.35067e-19 2.63982e-18 1.65332e-18 3.27367e-18 2.30182e-18 3.69023e-18 2.7415e-18 4.00688e-18 3.08079e-18 4.26487e-18 3.35972e-18 5.14122e-18 4.31515e-18 6.14164e-18 5.40774e-18 6.79012e-18 6.11214e-18 7.2787e-18 6.6418e-18 7.67433e-18 7.07018e-18 8.01084e-18 7.43168e-18 8.30359e-18 7.74565e-18 8.56182e-18 8.02373e-18 8.79493e-18 8.27386e-18 9.00916e-18 8.50147e-18 9.20444e-18 8.71051e-18 9.3903e-18 8.90411e-18 9.55709e-18 9.08448e-18 9.7176e-18 9.25348e-18 9.8686e-18 9.41255e-18 1.00133e-17 9.56284e-18 1.01484e-17 9.70529e-18 1.02771e-17 9.84089e-18 1.03995e-17 9.97027e-18 1.05155e-17 1.0094e-17 1.06283e-17 1.02126e-17 1.07347e-17 1.03264e-17 1.08412e-17 1.0436e-17 1.09412e-17 1.05416e-17 1.10381e-17 1.06436e-17 1.1135e-17 1.07421e-17 1.12255e-17 1.08375e-17 1.13127e-17 1.09299e-17 1.14e-17 1.10195e-17 1.14841e-17 1.11066e-17 1.15617e-17 1.11912e-17 1.16426e-17 1.12735e-17 1.1717e-17 1.13537e-17 1.17947e-17 1.14319e-17 1.18659e-17 1.15082e-17 1.19372e-17 1.15826e-17 1.20084e-17 1.16472e-17 1.20765e-17 1.17179e-17 1.21445e-17 1.17956e-17 1.22093e-17 1.18636e-17 1.22742e-17 1.19301e-17 1.23358e-17 1.19953e-17 1.23974e-17 1.20591e-17 1.24558e-17 1.21218e-17 1.25142e-17 1.21832e-17 1.25726e-17 1.22435e-17 1.2631e-17 1.23027e-17 1.26894e-17 1.23609e-17 1.27413e-17 1.2418e-17 1.27997e-17 0 1.28517e-17 0 1.29036e-17 0 1.29556e-17 0 1.30076e-17 0 1.3053e-17 0 1.3105e-17 0 1.31505e-17 0 1.32025e-17 0 1.3248e-17 0 1.32935e-17 0
1059.39 6.6708e-18 6.6708e-18 7.06869e-29 1.05965e-11 -4.79058e-09 1.31741e-19 4.59129e-20 4.53183e-19 1.06896e-19 1.2077e-18 5.18116e-19 2.08397e-18 1.31787e-18 2.57025e-18 1.82006e-18 2.88909e-18 2.15882e-18 3.13115e-18 2.41956e-18 3.32821e-18 2.63356e-18 3.99669e-18 3.36473e-18 4.75855e-18 4.19845e-18 5.25185e-18 4.73503e-18 5.62331e-18 5.13815e-18 5.92398e-18 5.46399e-18 6.17965e-18 5.73886e-18 6.40202e-18 5.97751e-18 6.59814e-18 6.18883e-18 6.77514e-18 6.37887e-18 6.9378e-18 6.55177e-18 7.08605e-18 6.71053e-18 7.22714e-18 6.85756e-18 7.35373e-18 6.99452e-18 7.47556e-18 7.12284e-18 7.59014e-18 7.2436e-18 7.69993e-18 7.35769e-18 7.80245e-18 7.46582e-18 7.90014e-18 7.56875e-18 7.99299e-18 7.66694e-18 8.08099e-18 7.76085e-18 8.16659e-18 7.85082e-18 8.24732e-18 7.93723e-18 8.32809e-18 8.02039e-18 8.40398e-18 8.10052e-18 8.47745e-18 8.17789e-18 8.55095e-18 8.25261e-18 8.61957e-18 8.32496e-18 8.68575e-18 8.39507e-18 8.75195e-18 8.46306e-18 8.81572e-18 8.52911e-18 8.87459e-18 8.5933e-18 8.93594e-18 8.65577e-18 8.99239e-18 8.7166e-18 9.0513e-18 8.77589e-18 9.10532e-18 8.83374e-18 9.15934e-18 8.89018e-18 9.21338e-18 8.9392e-18 9.26497e-18 8.99281e-18 9.31657e-18 9.05175e-18 9.36572e-18 9.10328e-18 9.41488e-18 9.15373e-18 9.46159e-18 9.20317e-18 9.50831e-18 9.2516e-18 9.55257e-18 9.29909e-18 9.59685e-18 9.34568e-18 9.64112e-18 9.39143e-18 9.6854e-18 9.43632e-18 9.72969e-18 9.4804e-18 9.76907e-18 9.52371e-18 9.81337e-18 0 9.85275e-18 0 9.89214e-18 0 9.93153e-18 0 9.97093e-18 0 1.00054e-17 0 1.00448e-17 0 1.00793e-17 0 1.01187e-17 0 1.01532e-17 0 1.01877e-17 0
1113.77 6.17094e-18 6.17094e-18 5.78623e-29 9.37658e-12 2.80406e-08 1.14936e-19 4.15367e-20 3.75411e-19 9.12884e-20 9.66619e-19 4.21571e-19 1.64239e-18 1.04839e-18 2.01524e-18 1.43679e-18 2.2592e-18 1.69757e-18 2.44421e-18 1.89781e-18 2.5947e-18 2.0619e-18 3.1046e-18 2.62128e-18 3.68484e-18 3.25742e-18 4.06019e-18 3.66621e-18 4.34267e-18 3.97307e-18 4.57125e-18 4.22098e-18 4.76556e-18 4.43003e-18 4.93453e-18 4.61148e-18 5.08354e-18 4.77212e-18 5.218e-18 4.91655e-18 5.34154e-18 5.04794e-18 5.45413e-18 5.16857e-18 5.56127e-18 5.28027e-18 5.65741e-18 5.38431e-18 5.7499e-18 5.48177e-18 5.83691e-18 5.57349e-18 5.92025e-18 5.66013e-18 5.99808e-18 5.74225e-18 6.07224e-18 5.8204e-18 6.14272e-18 5.89496e-18 6.20952e-18 5.96626e-18 6.27449e-18 6.03457e-18 6.33577e-18 6.10017e-18 6.39706e-18 6.1633e-18 6.45467e-18 6.22412e-18 6.51043e-18 6.28286e-18 6.5662e-18 6.33957e-18 6.61827e-18 6.39449e-18 6.6685e-18 6.44771e-18 6.71873e-18 6.49931e-18 6.76712e-18 6.54944e-18 6.81179e-18 6.59816e-18 6.85834e-18 6.64556e-18 6.90117e-18 6.69173e-18 6.94587e-18 6.73673e-18 6.98686e-18 6.78062e-18 7.02785e-18 6.82345e-18 7.06885e-18 6.86065e-18 7.10799e-18 6.90133e-18 7.14714e-18 6.94605e-18 7.18443e-18 6.98516e-18 7.22172e-18 7.02344e-18 7.25716e-18 7.06095e-18 7.2926e-18 7.0977e-18 7.32618e-18 7.13373e-18 7.35976e-18 7.16908e-18 7.39335e-18 7.20379e-18 7.42695e-18 7.23784e-18 7.46054e-18 7.27129e-18 7.49041e-18 7.30415e-18 7.52401e-18 0 7.55389e-18 0 7.58377e-18 0 7.61365e-18 0 7.64353e-18 0 7.66968e-18 0 7.69957e-18 0 7.72573e-18 0 7.75562e-18 0 7.78179e-18 0 7.80795e-18 0
1170.94 5.7107e-18 5.7107e-18 4.73782e-29 8.29639e-12 -7.59981e-08 9.94661e-20 3.72639e-20 3.09442e-19 7.76781e-20 7.71467e-19 3.42017e-19 1.29193e-18 8.32173e-19 1.57759e-18 1.13214e-18 1.76415e-18 1.33267e-18 1.90547e-18 1.48631e-18 2.02035e-18 1.61204e-18 2.40917e-18 2.03974e-18 2.85102e-18 2.52497e-18 3.13659e-18 2.83633e-18 3.35141e-18 3.06989e-18 3.52518e-18 3.25849e-18 3.67286e-18 3.41748e-18 3.80126e-18 3.55544e-18 3.91447e-18 3.67755e-18 4.01662e-18 3.78733e-18 4.11047e-18 3.88717e-18 4.19598e-18 3.97883e-18 4.27736e-18 4.0637e-18 4.35036e-18 4.14273e-18 4.4206e-18 4.21677e-18 4.48667e-18 4.28644e-18 4.54995e-18 4.35224e-18 4.60904e-18 4.4146e-18 4.66535e-18 4.47396e-18 4.71886e-18 4.53058e-18 4.76957e-18 4.58472e-18 4.81889e-18 4.63658e-18 4.8654e-18 4.6864e-18 4.91193e-18 4.73432e-18 4.95566e-18 4.7805e-18 4.99798e-18 4.8251e-18 5.04032e-18 4.86815e-18 5.07984e-18 4.90984e-18 5.11796e-18 4.95024e-18 5.15608e-18 4.98941e-18 5.19281e-18 5.02746e-18 5.22671e-18 5.06444e-18 5.26204e-18 5.10043e-18 5.29454e-18 5.13547e-18 5.32847e-18 5.16962e-18 5.35957e-18 5.20294e-18 5.39067e-18 5.23544e-18 5.42179e-18 5.26368e-18 5.45149e-18 5.29455e-18 5.4812e-18 5.32849e-18 5.50949e-18 5.35817e-18 5.53779e-18 5.38722e-18 5.56468e-18 5.41569e-18 5.59157e-18 5.44358e-18 5.61705e-18 5.47092e-18 5.64253e-18 5.49775e-18 5.66802e-18 5.52408e-18 5.69351e-18 5.54993e-18 5.719e-18 5.57531e-18 5.74166e-18 5.60024e-18 5.76716e-18 0 5.78982e-18 0 5.81249e-18 0 5.83516e-18 0 5.85784e-18 0 5.87768e-18 0 5.90035e-18 0 5.9202e-18 0 5.94288e-18 0 5.96272e-18 0 5.98257e-18 0
1231.05 5.28861e-18 5.28861e-18 3.8794e-29 7.3354e-12 -1.2611e-07 8.54572e-20 3.3169e-20 2.53972e-19 6.58731e-20 6.14306e-19 2.76797e-19 1.01484e-18 6.59412e-19 1.23362e-18 8.90853e-19 1.37626e-18 1.04496e-18 1.48421e-18 1.16279e-18 1.57191e-18 1.2591e-18 1.86842e-18 1.58608e-18 2.20496e-18 1.95622e-18 2.4223e-18 2.19343e-18 2.58572e-18 2.37125e-18 2.71787e-18 2.51478e-18 2.83016e-18 2.63573e-18 2.92778e-18 2.74067e-18 3.01383e-18 2.83353e-18 3.09146e-18 2.91699e-18 3.16278e-18 2.9929e-18 3.22777e-18 3.06258e-18 3.2896e-18 3.12708e-18 3.34507e-18 3.18715e-18 3.39844e-18 3.24342e-18 3.44862e-18 3.29636e-18 3.4967e-18 3.34637e-18 3.54159e-18 3.39375e-18 3.58436e-18 3.43885e-18 3.625e-18 3.48186e-18 3.66352e-18 3.523e-18 3.70098e-18 3.5624e-18 3.73631e-18 3.60024e-18 3.77165e-18 3.63665e-18 3.80486e-18 3.67173e-18 3.837e-18 3.7056e-18 3.86915e-18 3.7383e-18 3.89916e-18 3.76997e-18 3.92811e-18 3.80065e-18 3.95706e-18 3.8304e-18 3.98495e-18 3.8593e-18 4.01069e-18 3.88739e-18 4.03752e-18 3.91471e-18 4.0622e-18 3.94132e-18 4.08796e-18 3.96726e-18 4.11157e-18 3.99256e-18 4.13519e-18 4.01725e-18 4.15882e-18 4.03868e-18 4.18137e-18 4.06213e-18 4.20392e-18 4.0879e-18 4.22541e-18 4.11044e-18 4.24689e-18 4.1325e-18 4.26731e-18 4.15412e-18 4.28772e-18 4.17529e-18 4.30707e-18 4.19605e-18 4.32641e-18 4.21642e-18 4.34576e-18 4.23642e-18 4.36511e-18 4.25604e-18 4.38446e-18 4.27531e-18 4.40167e-18 4.29424e-18 4.42102e-18 0 4.43823e-18 0 4.45544e-18 0 4.47265e-18 0 4.48986e-18 0 4.50492e-18 0 4.52214e-18 0 4.5372e-18 0 4.55442e-18 0 4.56948e-18 0 4.58455e-18 0
1294.24 4.89963e-18 4.89963e-18 3.17711e-29 6.48439e-12 -8.48517e-08 7.29014e-20 2.92898e-20 2.07546e-19 5.56493e-20 4.8797e-19 2.23415e-19 7.95896e-19 5.21507e-19 9.63366e-19 6.99871e-19 1.07237e-18 8.18201e-19 1.1548e-18 9.0851e-19 1.22173e-18 9.82235e-19 1.44782e-18 1.23211e-18 1.70414e-18 1.51441e-18 1.86955e-18 1.69511e-18 1.99387e-18 1.83049e-18 2.09438e-18 1.93972e-18 2.17977e-18 2.03175e-18 2.25399e-18 2.11157e-18 2.31941e-18 2.18219e-18 2.37842e-18 2.24566e-18 2.43263e-18 2.30338e-18 2.48202e-18 2.35635e-18 2.52901e-18 2.40539e-18 2.57116e-18 2.45105e-18 2.61171e-18 2.49382e-18 2.64985e-18 2.53405e-18 2.68638e-18 2.57206e-18 2.72049e-18 2.60807e-18 2.75298e-18 2.64234e-18 2.78386e-18 2.67502e-18 2.81312e-18 2.70628e-18 2.84158e-18 2.73622e-18 2.86842e-18 2.76497e-18 2.89526e-18 2.79263e-18 2.92049e-18 2.81928e-18 2.9449e-18 2.84502e-18 2.96932e-18 2.86986e-18 2.99212e-18 2.89392e-18 3.01411e-18 2.91723e-18 3.0361e-18 2.93983e-18 3.05728e-18 2.96178e-18 3.07683e-18 2.98312e-18 3.09721e-18 3.00388e-18 3.11595e-18 3.02409e-18 3.13552e-18 3.04379e-18 3.15345e-18 3.06301e-18 3.17139e-18 3.08176e-18 3.18933e-18 3.09804e-18 3.20646e-18 3.11585e-18 3.22359e-18 3.13542e-18 3.2399e-18 3.15254e-18 3.25622e-18 3.16929e-18 3.27172e-18 3.18571e-18 3.28722e-18 3.20179e-18 3.30191e-18 3.21756e-18 3.31661e-18 3.23303e-18 3.3313e-18 3.24822e-18 3.34599e-18 3.26312e-18 3.36069e-18 3.27775e-18 3.37375e-18 3.29213e-18 3.38845e-18 0 3.40152e-18 0 3.41458e-18 0 3.42765e-18 0 3.44072e-18 0 3.45216e-18 0 3.46523e-18 0 3.47666e-18 0 3.48974e-18 0 3.50118e-18 0 3.51262e-18 0
1360.67 4.5408e-18 4.5408e-18 2.60149e-29 5.72913e-12 -2.34397e-08 6.17744e-20 2.56646e-20 1.68917e-19 4.68284e-20 3.86719e-19 1.79858e-19 6.23232e-19 4.11673e-19 7.51354e-19 5.48984e-19 8.34631e-19 6.39772e-19 8.97556e-19 7.08944e-19 9.48621e-19 7.65353e-19 1.12098e-18 9.5624e-19 1.31618e-18 1.1715e-18 1.44207e-18 1.30914e-18 1.53665e-18 1.41221e-18 1.6131e-18 1.49534e-18 1.67804e-18 1.56535e-18 1.73447e-18 1.62607e-18 1.78421e-18 1.67979e-18 1.82908e-18 1.72806e-18 1.87029e-18 1.77194e-18 1.90783e-18 1.81222e-18 1.94354e-18 1.8495e-18 1.97558e-18 1.88422e-18 2.0064e-18 1.91673e-18 2.03538e-18 1.94731e-18 2.06314e-18 1.9762e-18 2.08906e-18 2.00357e-18 2.11375e-18 2.02962e-18 2.13722e-18 2.05446e-18 2.15945e-18 2.07821e-18 2.18107e-18 2.10096e-18 2.20147e-18 2.12281e-18 2.22186e-18 2.14383e-18 2.24103e-18 2.16409e-18 2.25958e-18 2.18364e-18 2.27813e-18 2.20252e-18 2.29545e-18 2.2208e-18 2.31215e-18 2.23851e-18 2.32886e-18 2.25568e-18 2.34495e-18 2.27236e-18 2.35981e-18 2.28857e-18 2.37528e-18 2.30434e-18 2.38952e-18 2.3197e-18 2.40438e-18 2.33466e-18 2.41801e-18 2.34926e-18 2.43163e-18 2.36351e-18 2.44526e-18 2.37588e-18 2.45827e-18 2.3894e-18 2.47128e-18 2.40428e-18 2.48367e-18 2.41728e-18 2.49607e-18 2.43001e-18 2.50784e-18 2.44248e-18 2.51962e-18 2.45469e-18 2.53078e-18 2.46667e-18 2.54193e-18 2.47842e-18 2.55309e-18 2.48996e-18 2.56426e-18 2.50128e-18 2.57542e-18 2.51239e-18 2.58534e-18 2.52331e-18 2.5965e-18 0 2.60643e-18 0 2.61635e-18 0 2.62628e-18 0 2.6362e-18 0 2.64489e-18 0 2.65481e-18 0 2.6635e-18 0 2.67343e-18 0 2.68212e-18 0 2.6908e-18 0
1430.51 4.21183e-18 4.21183e-18 2.13014e-29 5.05751e-12 3.19303e-08 5.20442e-20 2.23326e-20 1.37025e-19 3.92709e-20 3.05974e-19 1.44505e-19 4.87579e-19 3.24566e-19 5.85603e-19 4.30225e-19 6.49235e-19 4.99869e-19 6.97282e-19 5.52849e-19 7.36255e-19 5.96012e-19 8.67701e-19 7.41862e-19 1.01643e-18 9.06066e-19 1.11229e-18 1.01096e-18 1.18429e-18 1.08946e-18 1.24248e-18 1.15276e-18 1.29189e-18 1.20606e-18 1.33483e-18 1.25228e-18 1.37267e-18 1.29316e-18 1.4068e-18 1.32989e-18 1.43815e-18 1.36328e-18 1.4667e-18 1.39392e-18 1.49387e-18 1.42229e-18 1.51823e-18 1.44869e-18 1.54167e-18 1.47342e-18 1.56371e-18 1.49669e-18 1.58482e-18 1.51866e-18 1.60453e-18 1.53948e-18 1.6233e-18 1.55928e-18 1.64115e-18 1.57818e-18 1.65805e-18 1.59624e-18 1.67449e-18 1.61354e-18 1.69e-18 1.63016e-18 1.70551e-18 1.64614e-18 1.72008e-18 1.66154e-18 1.73418e-18 1.67641e-18 1.74829e-18 1.69077e-18 1.76145e-18 1.70466e-18 1.77415e-18 1.71813e-18 1.78685e-18 1.73119e-18 1.79908e-18 1.74387e-18 1.81038e-18 1.75619e-18 1.82214e-18 1.76818e-18 1.83297e-18 1.77986e-18 1.84426e-18 1.79124e-18 1.85462e-18 1.80234e-18 1.86498e-18 1.81317e-18 1.87534e-18 1.82257e-18 1.88523e-18 1.83285e-18 1.89512e-18 1.84416e-18 1.90454e-18 1.85404e-18 1.91396e-18 1.86372e-18 1.92291e-18 1.8732e-18 1.93186e-18 1.88249e-18 1.94034e-18 1.89159e-18 1.94882e-18 1.90052e-18 1.95731e-18 1.90929e-18 1.96579e-18 1.9179e-18 1.97427e-18 1.92635e-18 1.98181e-18 1.93465e-18 1.9903e-18 0 1.99784e-18 0 2.00538e-18 0 2.01293e-18 0 2.02047e-18 0 2.02707e-18 0 2.03462e-18 0 2.04122e-18 0 2.04877e-18 0 2.05537e-18 0 2.06197e-18 0
1503.94 3.90694e-18 3.90694e-18 1.74424e-29 4.46447e-12 -4.32597e-10 4.35774e-20 1.92897e-20 1.10731e-19 3.27953e-20 2.41539e-19 1.15792e-19 3.80846e-19 2.55401e-19 4.55795e-19 3.36612e-19 5.04389e-19 3.89989e-19 5.41059e-19 4.30538e-19 5.70791e-19 4.63543e-19 6.71001e-19 5.74925e-19 7.84294e-19 7.00134e-19 8.57275e-19 7.80046e-19 9.12075e-19 8.39827e-19 9.5635e-19 8.88015e-19 9.93947e-19 9.28585e-19 1.02661e-18 9.63756e-19 1.0554e-18 9.94862e-19 1.08136e-18 1.02281e-18 1.1052e-18 1.04821e-18 1.12691e-18 1.07152e-18 1.14757e-18 1.0931e-18 1.1661e-18 1.11319e-18 1.18393e-18 1.13199e-18 1.20069e-18 1.14969e-18 1.21674e-18 1.1664e-18 1.23172e-18 1.18223e-18 1.246e-18 1.19729e-18 1.25957e-18 1.21166e-18 1.27242e-18 1.2254e-18 1.28492e-18 1.23855e-18 1.29671e-18 1.25119e-18 1.3085e-18 1.26334e-18 1.31957e-18 1.27505e-18 1.3303e-18 1.28635e-18 1.34102e-18 1.29727e-18 1.35103e-18 1.30784e-18 1.36068e-18 1.31807e-18 1.37034e-18 1.328e-18 1.37964e-18 1.33764e-18 1.38822e-18 1.34701e-18 1.39716e-18 1.35613e-18 1.40539e-18 1.365e-18 1.41398e-18 1.37365e-18 1.42185e-18 1.38209e-18 1.42973e-18 1.39032e-18 1.4376e-18 1.39747e-18 1.44512e-18 1.40529e-18 1.45263e-18 1.41388e-18 1.45979e-18 1.4214e-18 1.46696e-18 1.42875e-18 1.47376e-18 1.43596e-18 1.48056e-18 1.44302e-18 1.48701e-18 1.44994e-18 1.49346e-18 1.45673e-18 1.4999e-18 1.46339e-18 1.50635e-18 1.46993e-18 1.5128e-18 1.47636e-18 1.51853e-18 1.48267e-18 1.52498e-18 0 1.53071e-18 0 1.53644e-18 0 1.54218e-18 0 1.54791e-18 0 1.55293e-18 0 1.55866e-18 0 1.56368e-18 0 1.56941e-18 0 1.57443e-18 0 1.57945e-18 0
1581.14 3.62787e-18 3.62787e-18 1.42816e-29 3.93663e-12 2.97059e-08 3.6313e-20 1.65598e-20 8.92493e-20 2.73005e-20 1.90451e-19 9.26374e-20 2.97322e-19 2.00805e-19 3.54648e-19 2.63221e-19 3.91777e-19 3.04138e-19 4.19779e-19 3.35181e-19 4.42474e-19 3.60429e-19 5.1892e-19 4.4553e-19 6.05282e-19 5.41065e-19 6.60887e-19 6.0199e-19 7.02629e-19 6.47548e-19 7.36348e-19 6.84262e-19 7.64977e-19 7.15166e-19 7.89848e-19 7.41954e-19 8.11763e-19 7.65643e-19 8.31526e-19 7.86924e-19 8.49675e-19 8.06268e-19 8.66207e-19 8.24016e-19 8.81932e-19 8.40441e-19 8.96035e-19 8.55733e-19 9.09601e-19 8.70051e-19 9.22357e-19 8.83521e-19 9.34573e-19 8.96239e-19 9.45978e-19 9.08289e-19 9.56842e-19 9.19755e-19 9.67166e-19 9.3069e-19 9.76948e-19 9.41145e-19 9.8646e-19 9.51159e-19 9.9543e-19 9.60773e-19 1.0044e-18 9.70023e-19 1.01283e-18 9.78934e-19 1.02099e-18 9.87537e-19 1.02915e-18 9.95843e-19 1.03677e-18 1.00388e-18 1.04411e-18 1.01167e-18 1.05146e-18 1.01923e-18 1.05853e-18 1.02656e-18 1.06506e-18 1.03369e-18 1.07187e-18 1.04063e-18 1.07813e-18 1.04738e-18 1.08466e-18 1.05397e-18 1.09065e-18 1.06039e-18 1.09664e-18 1.06665e-18 1.10263e-18 1.07209e-18 1.10835e-18 1.07804e-18 1.11407e-18 1.08458e-18 1.11952e-18 1.09029e-18 1.12497e-18 1.09589e-18 1.13014e-18 1.10137e-18 1.13532e-18 1.10674e-18 1.14022e-18 1.11201e-18 1.14513e-18 1.11718e-18 1.15003e-18 1.12225e-18 1.15494e-18 1.12722e-18 1.15984e-18 1.13211e-18 1.1642e-18 1.13691e-18 1.16911e-18 0 1.17347e-18 0 1.17783e-18 0 1.18219e-18 0 1.18656e-18 0 1.19037e-18 0 1.19473e-18 0 1.19855e-18 0 1.20291e-18 0 1.20673e-18 0 1.21055e-18 0
1662.3 3.36818e-18 3.36818e-18 1.16955e-29 3.47234e-12 -2.11557e-08 3.00891e-20 1.41174e-20 7.16779e-20 2.26285e-20 1.49835e-19 7.39151e-20 2.31737e-19 1.57573e-19 2.75551e-19 2.05488e-19 3.03902e-19 2.36824e-19 3.25272e-19 2.60571e-19 3.42586e-19 2.7987e-19 4.00874e-19 3.44849e-19 4.66678e-19 4.17704e-19 5.09027e-19 4.64132e-19 5.40811e-19 4.98837e-19 5.66482e-19 5.26798e-19 5.88275e-19 5.50331e-19 6.07206e-19 5.70726e-19 6.23885e-19 5.8876e-19 6.38926e-19 6.0496e-19 6.52737e-19 6.19684e-19 6.65317e-19 6.33192e-19 6.77283e-19 6.45693e-19 6.88015e-19 6.57331e-19 6.98337e-19 6.68228e-19 7.08042e-19 6.78477e-19 7.17337e-19 6.88156e-19 7.26014e-19 6.97325e-19 7.3428e-19 7.0605e-19 7.42134e-19 7.14371e-19 7.49576e-19 7.22325e-19 7.56813e-19 7.29944e-19 7.63637e-19 7.37259e-19 7.70462e-19 7.44297e-19 7.76874e-19 7.51077e-19 7.83081e-19 7.57622e-19 7.89288e-19 7.63941e-19 7.95082e-19 7.70058e-19 8.0067e-19 7.75985e-19 8.06258e-19 7.81732e-19 8.1164e-19 7.87313e-19 8.16608e-19 7.92736e-19 8.21784e-19 7.98013e-19 8.26547e-19 8.03151e-19 8.31516e-19 8.08158e-19 8.36072e-19 8.13043e-19 8.40629e-19 8.17807e-19 8.45185e-19 8.21945e-19 8.49535e-19 8.26469e-19 8.53886e-19 8.31444e-19 8.58029e-19 8.35792e-19 8.62173e-19 8.40049e-19 8.6611e-19 8.4422e-19 8.70047e-19 8.48305e-19 8.73777e-19 8.5231e-19 8.77507e-19 8.56239e-19 8.81237e-19 8.60097e-19 8.84968e-19 8.63882e-19 8.88699e-19 8.67598e-19 8.92015e-19 8.71249e-19 8.95747e-19 0 8.99064e-19 0 9.02381e-19 0 9.05698e-19 0 9.09015e-19 0 9.11918e-19 0 9.15236e-19 0 9.18139e-19 0 9.21456e-19 0 9.2436e-19 0 9.27263e-19 0
1747.63 3.13051e-18 3.13051e-18 9.57683e-30 3.05919e-12 -1.68203e-07 2.48312e-20 1.19705e-20 5.74448e-20 1.87005e-20 1.17782e-19 5.88995e-20 1.80568e-19 1.23576e-19 2.14074e-19 1.60365e-19 2.35735e-19 1.84373e-19 2.52055e-19 2.02547e-19 2.65274e-19 2.17307e-19 3.09752e-19 2.66954e-19 3.59934e-19 3.22557e-19 3.92216e-19 3.57967e-19 4.1644e-19 3.84427e-19 4.36001e-19 4.05741e-19 4.52606e-19 4.23677e-19 4.67029e-19 4.39219e-19 4.79736e-19 4.52961e-19 4.91193e-19 4.65304e-19 5.01714e-19 4.76522e-19 5.11296e-19 4.86814e-19 5.20411e-19 4.96337e-19 5.28585e-19 5.05202e-19 5.36446e-19 5.13503e-19 5.43838e-19 5.2131e-19 5.50917e-19 5.28683e-19 5.57526e-19 5.35667e-19 5.6382e-19 5.42312e-19 5.69802e-19 5.48649e-19 5.75469e-19 5.54708e-19 5.8098e-19 5.6051e-19 5.86177e-19 5.66081e-19 5.91374e-19 5.71441e-19 5.96257e-19 5.76604e-19 6.00983e-19 5.81589e-19 6.0571e-19 5.86401e-19 6.10121e-19 5.9106e-19 6.14376e-19 5.95573e-19 6.18632e-19 5.99949e-19 6.2273e-19 6.04199e-19 6.26513e-19 6.08329e-19 6.30454e-19 6.12348e-19 6.3408e-19 6.1626e-19 6.37864e-19 6.20073e-19 6.41333e-19 6.23792e-19 6.44802e-19 6.2742e-19 6.48272e-19 6.3057e-19 6.51584e-19 6.34015e-19 6.54896e-19 6.37803e-19 6.58051e-19 6.41114e-19 6.61206e-19 6.44356e-19 6.64203e-19 6.47531e-19 6.67201e-19 6.50642e-19 6.70041e-19 6.53691e-19 6.72881e-19 6.56683e-19 6.75721e-19 6.5962e-19 6.78561e-19 6.62502e-19 6.81402e-19 6.65332e-19 6.83927e-19 6.68112e-19 6.86768e-19 0 6.89293e-19 0 6.91818e-19 0 6.94344e-19 0 6.96869e-19 0 6.99079e-19 0 7.01605e-19 0 7.03815e-19 0 7.06341e-19 0 7.08551e-19 0 7.10762e-19 0
1837.33 2.90986e-18 2.90986e-18 7.84211e-30 2.69501e-12 1.563e-07 2.03952e-20 1.00887e-20 4.59038e-20 1.53945e-20 9.24254e-20 4.68306e-20 1.40527e-19 9.67672e-20 1.6614e-19 1.24993e-19 1.82685e-19 1.43377e-19 1.95145e-19 1.57279e-19 2.05234e-19 1.68563e-19 2.39168e-19 2.06484e-19 2.77431e-19 2.4891e-19 3.02037e-19 2.75913e-19 3.20496e-19 2.96085e-19 3.35402e-19 3.1233e-19 3.48053e-19 3.25999e-19 3.59041e-19 3.37843e-19 3.68721e-19 3.48313e-19 3.77449e-19 3.57717e-19 3.85462e-19 3.66264e-19 3.92761e-19 3.74104e-19 3.99703e-19 3.81359e-19 4.05929e-19 3.88112e-19 4.11916e-19 3.94434e-19 4.17546e-19 4.00381e-19 4.22937e-19 4.05997e-19 4.2797e-19 4.11316e-19 4.32764e-19 4.16377e-19 4.37319e-19 4.21204e-19 4.41635e-19 4.25818e-19 4.45832e-19 4.30237e-19 4.49789e-19 4.34481e-19 4.53747e-19 4.38562e-19 4.57465e-19 4.42494e-19 4.61064e-19 4.4629e-19 4.64663e-19 4.49955e-19 4.68023e-19 4.53503e-19 4.71263e-19 4.5694e-19 4.74503e-19 4.60272e-19 4.77623e-19 4.63509e-19 4.80504e-19 4.66654e-19 4.83505e-19 4.69713e-19 4.86266e-19 4.72693e-19 4.89147e-19 4.75596e-19 4.91788e-19 4.78428e-19 4.9443e-19 4.81191e-19 4.97072e-19 4.83589e-19 4.99594e-19 4.86213e-19 5.02115e-19 4.89097e-19 5.04517e-19 4.91618e-19 5.0692e-19 4.94086e-19 5.09202e-19 4.96504e-19 5.11484e-19 4.98872e-19 5.13646e-19 5.01195e-19 5.15809e-19 5.03473e-19 5.17971e-19 5.05709e-19 5.20133e-19 5.07903e-19 5.22296e-19 5.10058e-19 5.24219e-19 5.12174e-19 5.26381e-19 0 5.28304e-19 0 5.30227e-19 0 5.32149e-19 0 5.34072e-19 0 5.35755e-19 0 5.37678e-19 0 5.3936e-19 0 5.41283e-19 0 5.42966e-19 0 5.44649e-19 0
1931.64 2.70734e-18 2.70734e-18 6.42206e-30 2.37209e-12 -4.16244e-08 1.66918e-20 8.46135e-21 3.6613e-20 1.26365e-20 7.24725e-20 3.71885e-20 1.09335e-19 7.57322e-20 1.28924e-19 9.73924e-20 1.41569e-19 1.11474e-19 1.51088e-19 1.22113e-19 1.58794e-19 1.30744e-19 1.847e-19 1.59725e-19 2.13897e-19 1.9212e-19 2.32667e-19 2.12727e-19 2.46746e-19 2.28117e-19 2.58112e-19 2.40509e-19 2.67759e-19 2.50934e-19 2.76137e-19 2.59966e-19 2.83517e-19 2.67951e-19 2.90171e-19 2.75121e-19 2.96281e-19 2.81638e-19 3.01845e-19 2.87616e-19 3.07137e-19 2.93147e-19 3.11883e-19 2.98295e-19 3.16447e-19 3.03116e-19 3.20738e-19 3.07649e-19 3.24848e-19 3.1193e-19 3.28684e-19 3.15985e-19 3.32338e-19 3.19843e-19 3.3581e-19 3.23522e-19 3.39099e-19 3.2704e-19 3.42298e-19 3.30408e-19 3.45314e-19 3.33642e-19 3.48331e-19 3.36754e-19 3.51165e-19 3.39751e-19 3.53907e-19 3.42644e-19 3.5665e-19 3.45437e-19 3.59211e-19 3.48141e-19 3.6168e-19 3.50761e-19 3.6415e-19 3.53301e-19 3.66528e-19 3.55767e-19 3.68723e-19 3.58164e-19 3.7101e-19 3.60497e-19 3.73114e-19 3.62767e-19 3.7531e-19 3.6498e-19 3.77323e-19 3.67138e-19 3.79336e-19 3.69244e-19 3.81349e-19 3.71072e-19 3.83271e-19 3.73071e-19 3.85193e-19 3.75269e-19 3.87023e-19 3.77191e-19 3.88854e-19 3.79071e-19 3.90593e-19 3.80914e-19 3.92332e-19 3.82719e-19 3.9398e-19 3.84489e-19 3.95628e-19 3.86225e-19 3.97276e-19 3.87929e-19 3.98924e-19 3.89601e-19 4.00572e-19 3.91243e-19 4.02037e-19 3.92856e-19 4.03685e-19 0 4.0515e-19 0 4.06615e-19 0 4.0808e-19 0 4.09545e-19 0 4.10828e-19 0 4.12293e-19 0 4.13575e-19 0 4.1504e-19 0 4.16323e-19 0 4.17605e-19 0
2030.79 2.51564e-18 2.51564e-18 5.25948e-30 2.09072e-12 2.92661e-07 1.35854e-20 7.0482e-21 2.90876e-20 1.03206e-20 5.66619e-20 2.94313e-20 8.48585e-20 5.91081e-20 9.98146e-20 7.56963e-20 1.09463e-19 8.64626e-20 1.16723e-19 9.45907e-20 1.226e-19 1.01181e-19 1.42348e-19 1.23294e-19 1.64594e-19 1.47991e-19 1.78891e-19 1.63694e-19 1.89613e-19 1.75418e-19 1.98268e-19 1.84856e-19 2.05614e-19 1.92796e-19 2.11993e-19 1.99674e-19 2.17611e-19 2.05755e-19 2.22677e-19 2.11215e-19 2.27328e-19 2.16176e-19 2.31564e-19 2.20728e-19 2.35593e-19 2.24939e-19 2.39205e-19 2.28858e-19 2.4268e-19 2.32528e-19 2.45946e-19 2.3598e-19 2.49074e-19 2.39238e-19 2.51994e-19 2.42325e-19 2.54776e-19 2.45262e-19 2.57418e-19 2.48063e-19 2.59922e-19 2.5074e-19 2.62357e-19 2.53304e-19 2.64652e-19 2.55766e-19 2.66948e-19 2.58134e-19 2.69105e-19 2.60415e-19 2.71193e-19 2.62618e-19 2.73281e-19 2.64744e-19 2.75229e-19 2.66802e-19 2.77109e-19 2.68796e-19 2.78988e-19 2.70729e-19 2.80798e-19 2.72606e-19 2.82469e-19 2.74431e-19 2.84209e-19 2.76206e-19 2.85811e-19 2.77934e-19 2.87482e-19 2.79618e-19 2.89014e-19 2.81261e-19 2.90546e-19 2.82863e-19 2.92078e-19 2.84255e-19 2.93541e-19 2.85776e-19 2.95003e-19 2.87449e-19 2.96396e-19 2.88911e-19 2.97789e-19 2.90343e-19 2.99113e-19 2.91745e-19 3.00436e-19 2.93119e-19 3.0169e-19 2.94466e-19 3.02944e-19 2.95787e-19 3.04198e-19 2.97084e-19 3.05452e-19 2.98356e-19 3.06707e-19 2.99606e-19 3.07821e-19 3.00833e-19 3.09076e-19 0 3.10191e-19 0 3.11306e-19 0 3.12421e-19 0 3.13536e-19 0 3.14511e-19 0 3.15626e-19 0 3.16602e-19 0 3.17717e-19 0 3.18693e-19 0 3.19669e-19 0
2135.03 2.3321e-18 2.3321e-18 4.3066e-30 1.84666e-12 -4.14704e-07 1.09876e-20 5.82698e-21 2.29983e-20 8.37958e-21 4.4131e-20 2.31919e-20 6.56373e-20 4.5964e-20 7.70259e-20 5.86305e-20 8.43683e-20 6.68391e-20 8.98919e-20 7.30317e-20 9.43613e-20 7.80505e-20 1.09377e-19 9.4879e-20 1.26285e-19 1.13659e-19 1.37148e-19 1.25595e-19 1.45294e-19 1.34504e-19 1.51869e-19 1.41676e-19 1.57448e-19 1.47708e-19 1.62293e-19 1.52933e-19 1.66561e-19 1.57552e-19 1.70409e-19 1.617e-19 1.73941e-19 1.65468e-19 1.77158e-19 1.68925e-19 1.80217e-19 1.72124e-19 1.82961e-19 1.751e-19 1.85599e-19 1.77887e-19 1.8808e-19 1.80509e-19 1.90455e-19 1.82983e-19 1.92672e-19 1.85328e-19 1.94784e-19 1.87558e-19 1.96791e-19 1.89685e-19 1.98692e-19 1.91718e-19 2.00541e-19 1.93665e-19 2.02284e-19 1.95534e-19 2.04027e-19 1.97333e-19 2.05665e-19 1.99065e-19 2.0725e-19 2.00737e-19 2.08835e-19 2.02352e-19 2.10315e-19 2.03914e-19 2.11742e-19 2.05428e-19 2.13169e-19 2.06896e-19 2.14543e-19 2.08322e-19 2.15812e-19 2.09707e-19 2.17133e-19 2.11055e-19 2.18349e-19 2.12367e-19 2.19618e-19 2.13646e-19 2.20781e-19 2.14893e-19 2.21944e-19 2.1611e-19 2.23107e-19 2.17166e-19 2.24218e-19 2.18321e-19 2.25328e-19 2.19592e-19 2.26386e-19 2.20702e-19 2.27443e-19 2.21789e-19 2.28448e-19 2.22853e-19 2.29453e-19 2.23896e-19 2.30405e-19 2.24919e-19 2.31357e-19 2.25922e-19 2.32309e-19 2.26907e-19 2.33261e-19 2.27873e-19 2.34214e-19 2.28822e-19 2.3506e-19 2.29753e-19 2.36012e-19 0 2.36859e-19 0 2.37705e-19 0 2.38551e-19 0 2.39398e-19 0 2.40139e-19 0 2.40985e-19 0 2.41726e-19 0 2.42573e-19 0 2.43313e-19 0 2.44054e-19 0
2244.63 2.16078e-18 2.16078e-18 3.52624e-30 1.63193e-12 1.53954e-07 8.84865e-21 4.7911e-21 1.81317e-20 6.77657e-21 3.43039e-20 1.82306e-20 5.06906e-20 3.56778e-20 5.9355e-20 4.5339e-20 6.49382e-20 5.15913e-20 6.91371e-20 5.6305e-20 7.2534e-20 6.01236e-20 8.39427e-20 7.292e-20 9.67843e-20 8.71907e-20 1.05033e-19 9.62564e-20 1.11218e-19 1.03022e-19 1.16209e-19 1.08468e-19 1.20445e-19 1.13048e-19 1.24122e-19 1.17015e-19 1.27362e-19 1.20521e-19 1.30282e-19 1.23669e-19 1.32963e-19 1.2653e-19 1.35405e-19 1.29154e-19 1.37727e-19 1.31582e-19 1.39809e-19 1.33841e-19 1.41811e-19 1.35957e-19 1.43694e-19 1.37946e-19 1.45496e-19 1.39824e-19 1.47179e-19 1.41604e-19 1.48782e-19 1.43296e-19 1.50304e-19 1.4491e-19 1.51747e-19 1.46453e-19 1.5315e-19 1.47931e-19 1.54473e-19 1.4935e-19 1.55796e-19 1.50715e-19 1.57039e-19 1.52029e-19 1.58241e-19 1.53298e-19 1.59444e-19 1.54523e-19 1.60567e-19 1.55709e-19 1.6165e-19 1.56858e-19 1.62733e-19 1.57972e-19 1.63775e-19 1.59054e-19 1.64738e-19 1.60105e-19 1.65741e-19 1.61128e-19 1.66663e-19 1.62123e-19 1.67626e-19 1.63094e-19 1.68509e-19 1.6404e-19 1.69391e-19 1.64963e-19 1.70274e-19 1.65765e-19 1.71117e-19 1.66642e-19 1.71959e-19 1.67606e-19 1.72762e-19 1.68448e-19 1.73564e-19 1.69273e-19 1.74327e-19 1.70081e-19 1.75089e-19 1.70872e-19 1.75811e-19 1.71648e-19 1.76534e-19 1.72409e-19 1.77256e-19 1.73156e-19 1.77979e-19 1.73889e-19 1.78701e-19 1.74609e-19 1.79343e-19 1.75316e-19 1.80066e-19 0 1.80708e-19 0 1.8135e-19 0 1.81993e-19 0 1.82635e-19 0 1.83197e-19 0 1.83839e-19 0 1.84401e-19 0 1.85043e-19 0 1.85606e-19 0 1.86168e-19 0
2359.84 2.00284e-18 2.00284e-18 2.88733e-30 1.44162e-12 2.87314e-08 7.104e-21 3.92264e-21 1.42692e-20 5.46431e-21 2.66399e-20 1.43103e-20 3.91252e-20 2.76709e-20 4.57177e-20 3.50388e-20 4.99638e-20 3.98012e-20 5.31562e-20 4.33893e-20 5.57385e-20 4.6295e-20 6.44088e-20 5.60268e-20 7.41646e-20 6.6873e-20 8.04299e-20 7.37608e-20 8.51267e-20 7.89003e-20 8.89172e-20 8.30364e-20 9.21334e-20 8.65146e-20 9.4926e-20 8.95273e-20 9.73856e-20 9.21899e-20 9.96028e-20 9.45806e-20 1.01638e-19 9.67529e-20 1.03492e-19 9.87452e-20 1.05255e-19 1.00588e-19 1.06836e-19 1.02304e-19 1.08356e-19 1.0391e-19 1.09785e-19 1.0542e-19 1.11153e-19 1.06846e-19 1.12431e-19 1.08197e-19 1.13648e-19 1.09482e-19 1.14804e-19 1.10708e-19 1.15899e-19 1.11879e-19 1.16964e-19 1.13001e-19 1.17968e-19 1.14078e-19 1.18972e-19 1.15114e-19 1.19916e-19 1.16112e-19 1.20829e-19 1.17075e-19 1.21742e-19 1.18005e-19 1.22594e-19 1.18906e-19 1.23416e-19 1.19778e-19 1.24238e-19 1.20623e-19 1.25029e-19 1.21445e-19 1.2576e-19 1.22243e-19 1.26521e-19 1.23019e-19 1.27222e-19 1.23775e-19 1.27952e-19 1.24511e-19 1.28622e-19 1.2523e-19 1.29292e-19 1.2593e-19 1.29962e-19 1.26539e-19 1.30602e-19 1.27204e-19 1.31241e-19 1.27936e-19 1.3185e-19 1.28576e-19 1.3246e-19 1.29202e-19 1.33038e-19 1.29815e-19 1.33617e-19 1.30416e-19 1.34165e-19 1.31004e-19 1.34714e-19 1.31582e-19 1.35262e-19 1.32149e-19 1.3581e-19 1.32706e-19 1.36359e-19 1.33252e-19 1.36846e-19 1.33789e-19 1.37394e-19 0 1.37882e-19 0 1.38369e-19 0 1.38857e-19 0 1.39344e-19 0 1.39771e-19 0 1.40258e-19 0 1.40685e-19 0 1.41173e-19 0 1.41599e-19 0 1.42026e-19 0
2480.97 1.85596e-18 1.85596e-18 2.36452e-30 1.27402e-12 1.72223e-07 5.68318e-21 3.19675e-21 1.12036e-20 4.39114e-21 2.06567e-20 1.12107e-20 3.01632e-20 2.14308e-20 3.51766e-20 2.70457e-20 3.84042e-20 3.06708e-20 4.08304e-20 3.34006e-20 4.27925e-20 3.56104e-20 4.93789e-20 4.3008e-20 5.67876e-20 5.1248e-20 6.15446e-20 5.64791e-20 6.51103e-20 6.03817e-20 6.79878e-20 6.35221e-20 7.04292e-20 6.61627e-20 7.25489e-20 6.84498e-20 7.44158e-20 7.0471e-20 7.60987e-20 7.22857e-20 7.76437e-20 7.39346e-20 7.90506e-20 7.54469e-20 8.03885e-20 7.6846e-20 8.15882e-20 7.81481e-20 8.27419e-20 7.93671e-20 8.38265e-20 8.05135e-20 8.48651e-20 8.15958e-20 8.58346e-20 8.2621e-20 8.6758e-20 8.35963e-20 8.76352e-20 8.45263e-20 8.84664e-20 8.54153e-20 8.92746e-20 8.62667e-20 9.00366e-20 8.7084e-20 9.07987e-20 8.78703e-20 9.15146e-20 8.86276e-20 9.22075e-20 8.93587e-20 9.29004e-20 9.00645e-20 9.35472e-20 9.07477e-20 9.41709e-20 9.14096e-20 9.47946e-20 9.20513e-20 9.53953e-20 9.26745e-20 9.59498e-20 9.328e-20 9.65274e-20 9.38691e-20 9.70588e-20 9.44427e-20 9.76133e-20 9.50016e-20 9.81217e-20 9.55469e-20 9.86301e-20 9.60787e-20 9.91385e-20 9.65404e-20 9.96238e-20 9.70454e-20 1.00109e-19 9.76006e-20 1.00571e-19 9.80858e-20 1.01034e-19 9.85609e-20 1.01473e-19 9.90263e-20 1.01912e-19 9.94821e-20 1.02328e-19 9.9929e-20 1.02744e-19 1.00367e-19 1.0316e-19 1.00798e-19 1.03576e-19 1.0122e-19 1.03992e-19 1.01635e-19 1.04362e-19 1.02042e-19 1.04778e-19 0 1.05148e-19 0 1.05518e-19 0 1.05888e-19 0 1.06258e-19 0 1.06581e-19 0 1.06951e-19 0 1.07275e-19 0 1.07645e-19 0 1.07969e-19 0 1.08292e-19 0
2608.32 1.72003e-18 1.72003e-18 1.9361e-30 1.12562e-12 2.40167e-07 4.53302e-21 2.59472e-21 8.78062e-21 3.51847e-21 1.59999e-20 8.76897e-21 2.32364e-20 1.65816e-20 2.70486e-20 2.08591e-20 2.95017e-20 2.3618e-20 3.13454e-20 2.56944e-20 3.28362e-20 2.73748e-20 3.78393e-20 3.29975e-20 4.34656e-20 3.92573e-20 4.70775e-20 4.323e-20 4.97846e-20 4.61934e-20 5.1969e-20 4.85778e-20 5.38223e-20 5.05826e-20 5.54314e-20 5.23189e-20 5.68484e-20 5.38533e-20 5.81259e-20 5.52309e-20 5.92985e-20 5.64825e-20 6.03664e-20 5.76305e-20 6.13818e-20 5.86925e-20 6.22924e-20 5.96808e-20 6.3168e-20 6.06061e-20 6.39912e-20 6.14762e-20 6.47795e-20 6.22977e-20 6.55153e-20 6.30758e-20 6.62161e-20 6.3816e-20 6.68819e-20 6.45219e-20 6.75127e-20 6.51966e-20 6.8126e-20 6.58428e-20 6.87043e-20 6.64631e-20 6.92827e-20 6.70599e-20 6.9826e-20 6.76347e-20 7.03519e-20 6.81895e-20 7.08777e-20 6.87251e-20 7.13686e-20 6.92437e-20 7.18419e-20 6.9746e-20 7.23153e-20 7.0233e-20 7.27711e-20 7.07059e-20 7.31919e-20 7.11655e-20 7.36302e-20 7.16126e-20 7.40335e-20 7.20479e-20 7.44543e-20 7.2472e-20 7.48401e-20 7.28858e-20 7.52259e-20 7.32894e-20 7.56117e-20 7.36398e-20 7.598e-20 7.4023e-20 7.63483e-20 7.44444e-20 7.6699e-20 7.48126e-20 7.70498e-20 7.51731e-20 7.7383e-20 7.55263e-20 7.77163e-20 7.58722e-20 7.8032e-20 7.62113e-20 7.83477e-20 7.6544e-20 7.86635e-20 7.68706e-20 7.89792e-20 7.71911e-20 7.92949e-20 7.75057e-20 7.95756e-20 7.78148e-20 7.98914e-20 0 8.01721e-20 0 8.04527e-20 0 8.07334e-20 0 8.10141e-20 0 8.12597e-20 0 8.15405e-20 0 8.17861e-20 0 8.20668e-20 0 8.23124e-20 0 8.25581e-20 0
2742.21 1.59379e-18 1.59379e-18 1.58533e-30 9.94691e-13 2.91527e-07 3.60459e-21 2.09755e-21 6.86798e-21 2.81067e-21 1.2377e-20 6.84719e-21 1.78828e-20 1.28143e-20 2.07803e-20 1.60712e-20 2.26442e-20 1.81697e-20 2.40447e-20 1.97485e-20 2.51771e-20 2.10258e-20 2.89765e-20 2.5298e-20 3.32479e-20 3.00519e-20 3.59897e-20 3.30682e-20 3.80444e-20 3.53178e-20 3.97023e-20 3.71277e-20 4.11088e-20 3.86494e-20 4.23299e-20 3.99673e-20 4.34053e-20 4.11318e-20 4.43747e-20 4.21773e-20 4.52646e-20 4.31272e-20 4.60749e-20 4.39984e-20 4.68455e-20 4.48043e-20 4.75365e-20 4.55544e-20 4.82009e-20 4.62565e-20 4.88256e-20 4.69168e-20 4.94237e-20 4.75401e-20 4.9982e-20 4.81306e-20 5.05138e-20 4.86923e-20 5.1019e-20 4.92279e-20 5.14976e-20 4.97399e-20 5.1963e-20 5.02302e-20 5.24018e-20 5.0701e-20 5.28406e-20 5.11538e-20 5.32529e-20 5.15899e-20 5.36519e-20 5.20109e-20 5.40509e-20 5.24173e-20 5.44233e-20 5.28108e-20 5.47824e-20 5.31919e-20 5.51416e-20 5.35614e-20 5.54874e-20 5.39203e-20 5.58067e-20 5.4269e-20 5.61393e-20 5.46082e-20 5.64452e-20 5.49385e-20 5.67645e-20 5.52603e-20 5.70572e-20 5.55743e-20 5.73499e-20 5.58805e-20 5.76427e-20 5.61464e-20 5.79221e-20 5.64371e-20 5.82015e-20 5.67568e-20 5.84676e-20 5.70362e-20 5.87338e-20 5.73097e-20 5.89866e-20 5.75777e-20 5.92394e-20 5.78401e-20 5.9479e-20 5.80974e-20 5.97185e-20 5.83499e-20 5.99581e-20 5.85976e-20 6.01976e-20 5.88408e-20 6.04372e-20 5.90795e-20 6.06501e-20 5.9314e-20 6.08897e-20 0 6.11026e-20 0 6.13156e-20 0 6.15285e-20 0 6.17415e-20 0 6.19278e-20 0 6.21408e-20 0 6.23272e-20 0 6.25401e-20 0 6.27265e-20 0 6.29128e-20 0
2882.97 1.47701e-18 1.47701e-18 1.29796e-30 8.78777e-13 6.99597e-07 2.85894e-21 1.68968e-21 5.36352e-21 2.23941e-21 9.56555e-21 5.33935e-21 1.37539e-20 9.8946e-21 1.59561e-20 1.23738e-20 1.73722e-20 1.39699e-20 1.84361e-20 1.51702e-20 1.92962e-20 1.6141e-20 2.21815e-20 1.93869e-20 2.54245e-20 2.29973e-20 2.75058e-20 2.52875e-20 2.90655e-20 2.69953e-20 3.03239e-20 2.83693e-20 3.13914e-20 2.95243e-20 3.23182e-20 3.05246e-20 3.31344e-20 3.14085e-20 3.38701e-20 3.2202e-20 3.45454e-20 3.2923e-20 3.51604e-20 3.35842e-20 3.57452e-20 3.41958e-20 3.62696e-20 3.47651e-20 3.67738e-20 3.52979e-20 3.72478e-20 3.5799e-20 3.77017e-20 3.62721e-20 3.81254e-20 3.67202e-20 3.85289e-20 3.71465e-20 3.89123e-20 3.75529e-20 3.92755e-20 3.79415e-20 3.96287e-20 3.83136e-20 3.99616e-20 3.86708e-20 4.02946e-20 3.90144e-20 4.06075e-20 3.93454e-20 4.09102e-20 3.96649e-20 4.1213e-20 3.99733e-20 4.14956e-20 4.02718e-20 4.17681e-20 4.05611e-20 4.20406e-20 4.08415e-20 4.23031e-20 4.11138e-20 4.25453e-20 4.13784e-20 4.27977e-20 4.16358e-20 4.30299e-20 4.18864e-20 4.32722e-20 4.21306e-20 4.34943e-20 4.23688e-20 4.37164e-20 4.26012e-20 4.39385e-20 4.28029e-20 4.41505e-20 4.30236e-20 4.43625e-20 4.32662e-20 4.45645e-20 4.34782e-20 4.47664e-20 4.36857e-20 4.49582e-20 4.3889e-20 4.51501e-20 4.40882e-20 4.53318e-20 4.42834e-20 4.55136e-20 4.4475e-20 4.56954e-20 4.4663e-20 4.58771e-20 4.48475e-20 4.60589e-20 4.50286e-20 4.62205e-20 4.52066e-20 4.64022e-20 0 4.65638e-20 0 4.67254e-20 0 4.6887e-20 0 4.70486e-20 0 4.719e-20 0 4.73516e-20 0 4.7493e-20 0 4.76546e-20 0 4.7796e-20 0 4.79374e-20 0
3030.95 1.36897e-18 1.36897e-18 1.06282e-30 7.76363e-13 6.84168e-07 2.26208e-21 1.35663e-21 4.18248e-21 1.77987e-21 7.38639e-21 4.15826e-21 1.05722e-20 7.63418e-21 1.22458e-20 9.52101e-21 1.33217e-20 1.07348e-20 1.41299e-20 1.16473e-20 1.47831e-20 1.23851e-20 1.69743e-20 1.48512e-20 1.94367e-20 1.75933e-20 2.10168e-20 1.93322e-20 2.22007e-20 2.06288e-20 2.31559e-20 2.16719e-20 2.39663e-20 2.25487e-20 2.46697e-20 2.33081e-20 2.52892e-20 2.3979e-20 2.58476e-20 2.45813e-20 2.63602e-20 2.51286e-20 2.6827e-20 2.56304e-20 2.72708e-20 2.60947e-20 2.76688e-20 2.65267e-20 2.80515e-20 2.69312e-20 2.84112e-20 2.73115e-20 2.87557e-20 2.76705e-20 2.90772e-20 2.80106e-20 2.93835e-20 2.83342e-20 2.96744e-20 2.86427e-20 2.99501e-20 2.89375e-20 3.02181e-20 2.92199e-20 3.04708e-20 2.9491e-20 3.07235e-20 2.97518e-20 3.0961e-20 3.0003e-20 3.11907e-20 3.02455e-20 3.14205e-20 3.04795e-20 3.1635e-20 3.07061e-20 3.18418e-20 3.09256e-20 3.20486e-20 3.11384e-20 3.22477e-20 3.13451e-20 3.24316e-20 3.15459e-20 3.26231e-20 3.17412e-20 3.27993e-20 3.19314e-20 3.29832e-20 3.21168e-20 3.31517e-20 3.22975e-20 3.33203e-20 3.24739e-20 3.34888e-20 3.2627e-20 3.36497e-20 3.27944e-20 3.38106e-20 3.29785e-20 3.39639e-20 3.31394e-20 3.41171e-20 3.32969e-20 3.42627e-20 3.34512e-20 3.44083e-20 3.36023e-20 3.45462e-20 3.37505e-20 3.46841e-20 3.38959e-20 3.48221e-20 3.40386e-20 3.496e-20 3.41786e-20 3.50979e-20 3.4316e-20 3.52205e-20 3.4451e-20 3.53585e-20 0 3.54811e-20 0 3.56037e-20 0 3.57263e-20 0 3.5849e-20 0 3.59563e-20 0 3.60789e-20 0 3.61862e-20 0 3.63088e-20 0 3.64161e-20 0 3.65234e-20 0
3186.53 1.26873e-18 1.26873e-18 8.70199e-31 6.8588e-13 -2.99499e-07 1.78542e-21 1.08563e-21 3.25632e-21 1.41102e-21 5.69786e-21 3.23384e-21 8.12024e-21 5.88454e-21 9.39183e-21 7.32002e-21 1.02091e-20 8.24282e-21 1.08229e-20 8.93628e-21 1.1319e-20 9.49693e-21 1.29828e-20 1.13702e-20 1.48521e-20 1.34523e-20 1.60515e-20 1.47725e-20 1.69501e-20 1.57568e-20 1.76751e-20 1.65485e-20 1.82901e-20 1.72141e-20 1.8824e-20 1.77904e-20 1.92941e-20 1.82996e-20 1.97179e-20 1.87568e-20 2.01069e-20 1.91721e-20 2.04611e-20 1.9553e-20 2.0798e-20 1.99053e-20 2.11e-20 2.02332e-20 2.13904e-20 2.05401e-20 2.16634e-20 2.08287e-20 2.19248e-20 2.11012e-20 2.21688e-20 2.13593e-20 2.24012e-20 2.16048e-20 2.2622e-20 2.18389e-20 2.28312e-20 2.20627e-20 2.30345e-20 2.2277e-20 2.32263e-20 2.24827e-20 2.34181e-20 2.26806e-20 2.35982e-20 2.28712e-20 2.37726e-20 2.30552e-20 2.39469e-20 2.32328e-20 2.41097e-20 2.34048e-20 2.42666e-20 2.35713e-20 2.44235e-20 2.37328e-20 2.45747e-20 2.38896e-20 2.47142e-20 2.4042e-20 2.48595e-20 2.41902e-20 2.49932e-20 2.43346e-20 2.51327e-20 2.44752e-20 2.52606e-20 2.46124e-20 2.53885e-20 2.47462e-20 2.55164e-20 2.48624e-20 2.56385e-20 2.49894e-20 2.57606e-20 2.51291e-20 2.58768e-20 2.52512e-20 2.59931e-20 2.53707e-20 2.61036e-20 2.54878e-20 2.62141e-20 2.56025e-20 2.63187e-20 2.57149e-20 2.64234e-20 2.58252e-20 2.6528e-20 2.59335e-20 2.66327e-20 2.60397e-20 2.67374e-20 2.6144e-20 2.68304e-20 2.62465e-20 2.69351e-20 0 2.70281e-20 0 2.71212e-20 0 2.72142e-20 0 2.73072e-20 0 2.73886e-20 0 2.74817e-20 0 2.75631e-20 0 2.76562e-20 0 2.77376e-20 0 2.7819e-20 0
3350.09 1.17583e-18 1.17583e-18 7.12482e-31 6.05939e-13 4.33214e-07 1.40604e-21 8.66116e-22 2.53165e-21 1.11598e-21 4.39141e-21 2.51171e-21 6.23291e-21 4.53214e-21 7.19892e-21 5.62393e-21 7.81964e-21 6.32534e-21 8.28576e-21 6.85227e-21 8.66247e-21 7.27821e-21 9.92565e-21 8.70094e-21 1.13447e-20 1.02818e-20 1.2255e-20 1.1284e-20 1.2937e-20 1.20312e-20 1.34873e-20 1.26321e-20 1.3954e-20 1.31372e-20 1.43592e-20 1.35746e-20 1.4716e-20 1.39611e-20 1.50376e-20 1.4308e-20 1.53328e-20 1.46232e-20 1.56016e-20 1.49123e-20 1.58572e-20 1.51797e-20 1.60863e-20 1.54285e-20 1.63067e-20 1.56614e-20 1.65139e-20 1.58804e-20 1.67123e-20 1.60872e-20 1.68974e-20 1.62831e-20 1.70738e-20 1.64694e-20 1.72413e-20 1.6647e-20 1.74e-20 1.68168e-20 1.75543e-20 1.69794e-20 1.76998e-20 1.71356e-20 1.78454e-20 1.72857e-20 1.79821e-20 1.74304e-20 1.81144e-20 1.757e-20 1.82467e-20 1.77047e-20 1.83701e-20 1.78352e-20 1.84892e-20 1.79616e-20 1.86083e-20 1.80841e-20 1.8723e-20 1.82031e-20 1.88288e-20 1.83188e-20 1.89391e-20 1.84312e-20 1.90406e-20 1.85407e-20 1.91464e-20 1.86475e-20 1.92435e-20 1.87516e-20 1.93405e-20 1.88531e-20 1.94375e-20 1.89413e-20 1.95302e-20 1.90377e-20 1.96228e-20 1.91437e-20 1.9711e-20 1.92363e-20 1.97993e-20 1.9327e-20 1.98831e-20 1.94158e-20 1.99669e-20 1.95028e-20 2.00463e-20 1.95881e-20 2.01257e-20 1.96718e-20 2.02052e-20 1.9754e-20 2.02846e-20 1.98346e-20 2.0364e-20 1.99137e-20 2.04346e-20 1.99915e-20 2.0514e-20 0 2.05846e-20 0 2.06552e-20 0 2.07258e-20 0 2.07964e-20 0 2.08581e-20 0 2.09287e-20 0 2.09905e-20 0 2.10611e-20 0 2.11229e-20 0 2.11847e-20 0
3522.05 1.08929e-18 1.08929e-18 5.83451e-31 5.35627e-13 -6.78818e-07 1.1045e-21 6.88736e-22 1.96481e-21 8.80321e-22 3.38031e-21 1.94769e-21 4.77937e-21 3.4864e-21 5.51283e-21 4.31625e-21 5.98403e-21 4.84908e-21 6.33782e-21 5.24924e-21 6.62373e-21 5.57266e-21 7.58231e-21 6.65267e-21 8.65897e-21 7.8524e-21 9.34962e-21 8.61282e-21 9.86703e-21 9.17968e-21 1.02844e-20 9.63559e-21 1.06385e-20 1.00188e-20 1.09458e-20 1.03506e-20 1.12165e-20 1.06438e-20 1.14604e-20 1.0907e-20 1.16844e-20 1.11461e-20 1.18882e-20 1.13653e-20 1.20821e-20 1.15682e-20 1.2256e-20 1.17569e-20 1.24231e-20 1.19336e-20 1.25803e-20 1.20997e-20 1.27307e-20 1.22566e-20 1.28712e-20 1.24051e-20 1.30049e-20 1.25464e-20 1.3132e-20 1.26812e-20 1.32524e-20 1.281e-20 1.33694e-20 1.29333e-20 1.34798e-20 1.30517e-20 1.35902e-20 1.31656e-20 1.36938e-20 1.32753e-20 1.37942e-20 1.33812e-20 1.38945e-20 1.34835e-20 1.39882e-20 1.35824e-20 1.40785e-20 1.36783e-20 1.41688e-20 1.37712e-20 1.42558e-20 1.38615e-20 1.43361e-20 1.39492e-20 1.44197e-20 1.40345e-20 1.44967e-20 1.41176e-20 1.4577e-20 1.41985e-20 1.46506e-20 1.42775e-20 1.47242e-20 1.43545e-20 1.47978e-20 1.44213e-20 1.4868e-20 1.44944e-20 1.49383e-20 1.45748e-20 1.50052e-20 1.46451e-20 1.50721e-20 1.47139e-20 1.51357e-20 1.47813e-20 1.51993e-20 1.48473e-20 1.52595e-20 1.4912e-20 1.53197e-20 1.49754e-20 1.538e-20 1.50377e-20 1.54402e-20 1.50989e-20 1.55004e-20 1.51589e-20 1.5554e-20 1.52179e-20 1.56142e-20 0 1.56677e-20 0 1.57213e-20 0 1.57748e-20 0 1.58284e-20 0 1.58752e-20 0 1.59288e-20 0 1.59756e-20 0 1.60291e-20 0 1.6076e-20 0 1.61229e-20 0
3702.84 1.00952e-18 1.00952e-18 4.77683e-31 4.73177e-13 1.57518e-06 8.66263e-22 5.46435e-22 1.52359e-21 6.93245e-22 2.60101e-21 1.50922e-21 3.66418e-21 2.68107e-21 4.22123e-21 3.31194e-21 4.57903e-21 3.7168e-21 4.84765e-21 4.02077e-21 5.06471e-21 4.26641e-21 5.79239e-21 5.08651e-21 6.60958e-21 5.99728e-21 7.13375e-21 6.57447e-21 7.52642e-21 7.0047e-21 7.84318e-21 7.3507e-21 8.11186e-21 7.64153e-21 8.34509e-21 7.89335e-21 8.55047e-21 8.11583e-21 8.73558e-21 8.31556e-21 8.9055e-21 8.49699e-21 9.06021e-21 8.66337e-21 9.20733e-21 8.81728e-21 9.33923e-21 8.96051e-21 9.46607e-21 9.09457e-21 9.58531e-21 9.22064e-21 9.69948e-21 9.33966e-21 9.80604e-21 9.45238e-21 9.90753e-21 9.55962e-21 1.0004e-20 9.66186e-21 1.00953e-20 9.7596e-21 1.01841e-20 9.85319e-21 1.02679e-20 9.94304e-21 1.03516e-20 1.00295e-20 1.04303e-20 1.01127e-20 1.05064e-20 1.01931e-20 1.05826e-20 1.02706e-20 1.06536e-20 1.03457e-20 1.07221e-20 1.04185e-20 1.07907e-20 1.0489e-20 1.08567e-20 1.05575e-20 1.09176e-20 1.0624e-20 1.0981e-20 1.06887e-20 1.10394e-20 1.07518e-20 1.11003e-20 1.08132e-20 1.11562e-20 1.08731e-20 1.1212e-20 1.09315e-20 1.12679e-20 1.09822e-20 1.13212e-20 1.10377e-20 1.13745e-20 1.10987e-20 1.14253e-20 1.1152e-20 1.1476e-20 1.12042e-20 1.15243e-20 1.12553e-20 1.15725e-20 1.13054e-20 1.16182e-20 1.13545e-20 1.16639e-20 1.14027e-20 1.17096e-20 1.14499e-20 1.17553e-20 1.14963e-20 1.1801e-20 1.15419e-20 1.18416e-20 1.15866e-20 1.18873e-20 0 1.1928e-20 0 1.19686e-20 0 1.20092e-20 0 1.20498e-20 0 1.20854e-20 0 1.2126e-20 0 1.21615e-20 0 1.22022e-20 0 1.22377e-20 0 1.22733e-20 0
3892.91 9.35604e-19 9.35604e-19 3.91091e-31 4.18009e-13 -1.11123e-06 6.78156e-22 4.32442e-22 1.18006e-21 5.44839e-22 1.99989e-21 1.16819e-21 2.80768e-21 2.06033e-21 3.23071e-21 2.53984e-21 3.50238e-21 2.84741e-21 3.70631e-21 3.0783e-21 3.87109e-21 3.26484e-21 4.42345e-21 3.88752e-21 5.04369e-21 4.57889e-21 5.44148e-21 5.01697e-21 5.73947e-21 5.34349e-21 5.97985e-21 5.60608e-21 6.18374e-21 5.82679e-21 6.36072e-21 6.01788e-21 6.51656e-21 6.18672e-21 6.65703e-21 6.33827e-21 6.78596e-21 6.47595e-21 6.90336e-21 6.60221e-21 7.01499e-21 6.719e-21 7.11508e-21 6.82768e-21 7.21132e-21 6.92941e-21 7.3018e-21 7.02507e-21 7.38842e-21 7.11538e-21 7.46928e-21 7.20091e-21 7.54629e-21 7.28228e-21 7.61945e-21 7.35986e-21 7.68876e-21 7.43402e-21 7.75615e-21 7.50503e-21 7.81969e-21 7.57321e-21 7.88324e-21 7.63879e-21 7.94293e-21 7.70195e-21 8.0007e-21 7.76292e-21 8.05847e-21 7.82177e-21 8.11239e-21 7.87875e-21 8.16438e-21 7.93394e-21 8.21638e-21 7.98745e-21 8.26645e-21 8.03941e-21 8.31267e-21 8.0899e-21 8.36082e-21 8.13901e-21 8.40512e-21 8.18683e-21 8.45134e-21 8.23343e-21 8.49371e-21 8.27888e-21 8.53608e-21 8.32322e-21 8.57846e-21 8.36171e-21 8.6189e-21 8.40381e-21 8.65935e-21 8.45009e-21 8.69787e-21 8.49054e-21 8.7364e-21 8.53013e-21 8.773e-21 8.56893e-21 8.80959e-21 8.60692e-21 8.84426e-21 8.64417e-21 8.87894e-21 8.68071e-21 8.91361e-21 8.71658e-21 8.94828e-21 8.75177e-21 8.98296e-21 8.78633e-21 9.01378e-21 8.82027e-21 9.04845e-21 0 9.07927e-21 0 9.11009e-21 0 9.14092e-21 0 9.17174e-21 0 9.19871e-21 0 9.22953e-21 0 9.2565e-21 0 9.28732e-21 0 9.3143e-21 0 9.34127e-21 0
4092.73 8.671e-19 8.671e-19 3.20191e-31 3.69266e-13 -3.92379e-07 5.29971e-22 3.41418e-22 9.12968e-22 4.27396e-22 1.53662e-21 9.03287e-22 2.15027e-21 1.58226e-21 2.4715e-21 1.94666e-21 2.67775e-21 2.18029e-21 2.83256e-21 2.35564e-21 2.95765e-21 2.49729e-21 3.37691e-21 2.97004e-21 3.84763e-21 3.49482e-21 4.14951e-21 3.82731e-21 4.37564e-21 4.07511e-21 4.55805e-21 4.27438e-21 4.71276e-21 4.44187e-21 4.84706e-21 4.58688e-21 4.96531e-21 4.715e-21 5.0719e-21 4.83e-21 5.16973e-21 4.93448e-21 5.25881e-21 5.03028e-21 5.34351e-21 5.1189e-21 5.41945e-21 5.20136e-21 5.49248e-21 5.27855e-21 5.56113e-21 5.35114e-21 5.62686e-21 5.41966e-21 5.68821e-21 5.48457e-21 5.74664e-21 5.5463e-21 5.80215e-21 5.60517e-21 5.85474e-21 5.66144e-21 5.90587e-21 5.71533e-21 5.95409e-21 5.76705e-21 6.0023e-21 5.81681e-21 6.04759e-21 5.86474e-21 6.09142e-21 5.911e-21 6.13525e-21 5.95565e-21 6.17616e-21 5.99888e-21 6.21562e-21 6.04076e-21 6.25507e-21 6.08136e-21 6.29306e-21 6.12078e-21 6.32813e-21 6.15909e-21 6.36466e-21 6.19636e-21 6.39827e-21 6.23264e-21 6.43334e-21 6.26799e-21 6.46549e-21 6.30248e-21 6.49763e-21 6.33612e-21 6.52978e-21 6.36532e-21 6.56047e-21 6.39726e-21 6.59116e-21 6.43238e-21 6.62039e-21 6.46307e-21 6.64962e-21 6.49311e-21 6.67738e-21 6.52254e-21 6.70515e-21 6.55137e-21 6.73146e-21 6.57963e-21 6.75776e-21 6.60736e-21 6.78407e-21 6.63457e-21 6.81038e-21 6.66127e-21 6.83668e-21 6.68749e-21 6.86007e-21 6.71325e-21 6.88638e-21 0 6.90976e-21 0 6.93315e-21 0 6.95653e-21 0 6.97992e-21 0 7.00038e-21 0 7.02376e-21 0 7.04423e-21 0 7.06761e-21 0 7.08808e-21 0 7.10854e-21 0
4302.81 8.03619e-19 8.03619e-19 2.62141e-31 3.26201e-13 -9.96024e-08 4.13492e-22 2.68954e-22 7.05593e-22 3.34674e-22 1.17989e-21 6.97783e-22 1.64601e-21 1.21437e-21 1.88991e-21 1.49125e-21 2.04649e-21 1.6687e-21 2.16401e-21 1.80185e-21 2.25896e-21 1.90941e-21 2.57717e-21 2.2683e-21 2.93441e-21 2.66662e-21 3.1635e-21 2.91896e-21 3.3351e-21 3.10701e-21 3.47352e-21 3.25824e-21 3.59091e-21 3.38534e-21 3.69282e-21 3.49537e-21 3.78255e-21 3.59259e-21 3.86342e-21 3.67986e-21 3.93766e-21 3.75913e-21 4.00525e-21 3.83183e-21 4.06952e-21 3.89907e-21 4.12714e-21 3.96165e-21 4.18255e-21 4.02022e-21 4.23464e-21 4.07529e-21 4.28451e-21 4.12729e-21 4.33106e-21 4.17653e-21 4.37539e-21 4.22338e-21 4.41751e-21 4.26805e-21 4.45742e-21 4.31074e-21 4.49621e-21 4.35162e-21 4.53279e-21 4.39087e-21 4.56937e-21 4.42863e-21 4.60374e-21 4.46499e-21 4.63699e-21 4.50009e-21 4.67025e-21 4.53397e-21 4.70129e-21 4.56677e-21 4.73122e-21 4.59855e-21 4.76116e-21 4.62935e-21 4.78998e-21 4.65926e-21 4.81659e-21 4.68833e-21 4.84431e-21 4.7166e-21 4.86981e-21 4.74413e-21 4.89642e-21 4.77096e-21 4.92081e-21 4.79712e-21 4.9452e-21 4.82265e-21 4.96959e-21 4.84481e-21 4.99288e-21 4.86904e-21 5.01616e-21 4.89568e-21 5.03834e-21 4.91897e-21 5.06051e-21 4.94176e-21 5.08158e-21 4.96409e-21 5.10265e-21 4.98596e-21 5.12261e-21 5.00741e-21 5.14257e-21 5.02844e-21 5.16252e-21 5.04909e-21 5.18248e-21 5.06935e-21 5.20244e-21 5.08924e-21 5.22019e-21 5.10878e-21 5.24015e-21 0 5.25789e-21 0 5.27563e-21 0 5.29337e-21 0 5.31112e-21 0 5.32664e-21 0 5.34438e-21 0 5.35991e-21 0 5.37765e-21 0 5.39318e-21 0 5.4087e-21 0
4523.68 7.44789e-19 7.44789e-19 2.14627e-31 2.88171e-13 2.94332e-07 3.22116e-22 2.11427e-22 5.44783e-22 2.61627e-22 9.05405e-22 5.38535e-22 1.25943e-21 9.31469e-22 1.4446e-21 1.14182e-21 1.56346e-21 1.27658e-21 1.65266e-21 1.37768e-21 1.72473e-21 1.45935e-21 1.96625e-21 1.73179e-21 2.23735e-21 2.03411e-21 2.4112e-21 2.22561e-21 2.54141e-21 2.36831e-21 2.64644e-21 2.48307e-21 2.73552e-21 2.57951e-21 2.81284e-21 2.66301e-21 2.88093e-21 2.73678e-21 2.9423e-21 2.803e-21 2.99862e-21 2.86315e-21 3.04991e-21 2.91831e-21 3.09867e-21 2.96934e-21 3.14239e-21 3.01681e-21 3.18444e-21 3.06126e-21 3.22396e-21 3.10305e-21 3.2618e-21 3.1425e-21 3.29712e-21 3.17986e-21 3.33076e-21 3.21541e-21 3.36271e-21 3.2493e-21 3.39299e-21 3.28169e-21 3.42242e-21 3.31271e-21 3.45018e-21 3.34249e-21 3.47793e-21 3.37114e-21 3.50401e-21 3.39873e-21 3.52924e-21 3.42536e-21 3.55447e-21 3.45107e-21 3.57802e-21 3.47595e-21 3.60073e-21 3.50006e-21 3.62345e-21 3.52343e-21 3.64532e-21 3.54613e-21 3.6655e-21 3.56818e-21 3.68653e-21 3.58964e-21 3.70588e-21 3.61052e-21 3.72607e-21 3.63088e-21 3.74458e-21 3.65073e-21 3.76308e-21 3.67009e-21 3.78159e-21 3.68691e-21 3.79925e-21 3.70529e-21 3.81692e-21 3.72551e-21 3.83375e-21 3.74317e-21 3.85057e-21 3.76047e-21 3.86655e-21 3.77741e-21 3.88254e-21 3.79401e-21 3.89768e-21 3.81028e-21 3.91283e-21 3.82623e-21 3.92797e-21 3.8419e-21 3.94311e-21 3.85727e-21 3.95826e-21 3.87237e-21 3.97172e-21 3.88719e-21 3.98686e-21 0 4.00032e-21 0 4.01378e-21 0 4.02724e-21 0 4.0407e-21 0 4.05248e-21 0 4.06595e-21 0 4.07772e-21 0 4.09119e-21 0 4.10296e-21 0 4.11474e-21 0
4755.88 6.9015e-19 6.9015e-19 1.75708e-31 2.54593e-13 -1.25235e-06 2.50527e-22 1.65848e-22 4.20159e-22 2.04162e-22 6.94249e-22 4.15196e-22 9.63055e-22 7.13951e-22 1.1036e-21 8.73705e-22 1.19381e-21 9.76023e-22 1.26151e-21 1.05277e-21 1.3162e-21 1.11476e-21 1.49946e-21 1.32153e-21 1.70516e-21 1.55093e-21 1.83706e-21 1.69623e-21 1.93584e-21 1.80451e-21 2.01553e-21 1.89157e-21 2.08311e-21 1.96474e-21 2.14177e-21 2.02809e-21 2.19342e-21 2.08406e-21 2.23998e-21 2.1343e-21 2.28271e-21 2.17993e-21 2.32161e-21 2.22178e-21 2.35861e-21 2.26048e-21 2.39177e-21 2.2965e-21 2.42367e-21 2.33022e-21 2.45365e-21 2.36192e-21 2.48236e-21 2.39185e-21 2.50915e-21 2.42019e-21 2.53467e-21 2.44716e-21 2.55891e-21 2.47287e-21 2.58188e-21 2.49744e-21 2.60421e-21 2.52098e-21 2.62526e-21 2.54357e-21 2.64632e-21 2.5653e-21 2.6661e-21 2.58623e-21 2.68524e-21 2.60643e-21 2.70438e-21 2.62593e-21 2.72224e-21 2.64481e-21 2.73947e-21 2.6631e-21 2.7567e-21 2.68083e-21 2.77329e-21 2.69805e-21 2.7886e-21 2.71477e-21 2.80456e-21 2.73105e-21 2.81923e-21 2.74689e-21 2.83455e-21 2.76233e-21 2.84859e-21 2.77739e-21 2.86263e-21 2.79208e-21 2.87666e-21 2.80484e-21 2.89007e-21 2.81879e-21 2.90347e-21 2.83412e-21 2.91623e-21 2.84752e-21 2.92899e-21 2.86064e-21 2.94112e-21 2.87349e-21 2.95324e-21 2.88608e-21 2.96473e-21 2.89842e-21 2.97622e-21 2.91053e-21 2.9877e-21 2.92241e-21 2.99919e-21 2.93407e-21 3.01068e-21 2.94552e-21 3.02089e-21 2.95677e-21 3.03238e-21 0 3.04259e-21 0 3.0528e-21 0 3.06301e-21 0 3.07322e-21 0 3.08216e-21 0 3.09237e-21 0 3.10131e-21 0 3.11152e-21 0 3.12045e-21 0 3.12939e-21 0
5000 6.39624e-19 6.39624e-19 1.43857e-31 2.24909e-13 -1.65358e-06 1.94613e-22 1.29874e-22 3.2381e-22 1.59105e-22 5.32125e-22 3.19891e-22 7.36239e-22 5.47025e-22 8.42931e-22 6.6836e-22 9.114e-22 7.46049e-22 9.62781e-22 8.04317e-22 1.00429e-21 8.5137e-22 1.14336e-21 1.00831e-21 1.29946e-21 1.18241e-21 1.39954e-21 1.29267e-21 1.4745e-21 1.37484e-21 1.53496e-21 1.4409e-21 1.58624e-21 1.49642e-21 1.63075e-21 1.54449e-21 1.66994e-21 1.58695e-21 1.70526e-21 1.62507e-21 1.73768e-21 1.6597e-21 1.7672e-21 1.69145e-21 1.79527e-21 1.72082e-21 1.82044e-21 1.74815e-21 1.84463e-21 1.77373e-21 1.86738e-21 1.79778e-21 1.88916e-21 1.82049e-21 1.90949e-21 1.84199e-21 1.92885e-21 1.86245e-21 1.94724e-21 1.88196e-21 1.96467e-21 1.90061e-21 1.98161e-21 1.91846e-21 1.99759e-21 1.9356e-21 2.01356e-21 1.95209e-21 2.02857e-21 1.96797e-21 2.04309e-21 1.9833e-21 2.05761e-21 1.99809e-21 2.07117e-21 2.01242e-21 2.08424e-21 2.02629e-21 2.09731e-21 2.03974e-21 2.1099e-21 2.0528e-21 2.12151e-21 2.0655e-21 2.13362e-21 2.07784e-21 2.14475e-21 2.08987e-21 2.15637e-21 2.10158e-21 2.16702e-21 2.11301e-21 2.17767e-21 2.12415e-21 2.18833e-21 2.13383e-21 2.19849e-21 2.14441e-21 2.20866e-21 2.15604e-21 2.21834e-21 2.16621e-21 2.22803e-21 2.17617e-21 2.23723e-21 2.18592e-21 2.24642e-21 2.19547e-21 2.25514e-21 2.20483e-21 2.26386e-21 2.21402e-21 2.27257e-21 2.22303e-21 2.28129e-21 2.23188e-21 2.29e-21 2.24057e-21 2.29775e-21 2.2491e-21 2.30646e-21 0 2.31421e-21 0 2.32196e-21 0 2.3297e-21 0 2.33745e-21 0 2.34423e-21 0 2.35198e-21 0 2.35876e-21 0 2.3665e-21 0 2.37328e-21 0 2.38006e-21 0
