# 1.77828e-05 2 54 : grain size, compostion index, size index
# Heating and cooling timescale: 0.0033462 234370
# Ratio of heating to cooling to determine stochastic cutoff: 100
# Equilibrium emission is recorded even for those grains in the stochastic regime.
# Emission spectrum was computed for: 
# Type: ISRF
# Scales: 0.0001 0.001 0.01 0.05 0.1 0.15 0.2 0.25 0.5 1 1.5 2 2.5 3 3.5 4 4.5 5 5.5 6 6.5 7 7.5 8 8.5 9 9.5 10 10.5 11 11.5 12 12.5 13 13.5 14 14.5 15 15.5 16 16.5 17 17.5 18 18.5 19 19.5 20 20.5 21 21.5 22 22.5 23 23.5 24 24.5 25 25.5 26 26.5 27 27.5 28 28.5 29 29.5 30
# StochasticallyHeated: 0 0 0 0 0 0 0 0 0 0 0 0 0 0 0 0 0 0 0 0 0 0 0 0 0 0 0 0 0 0 0 0 0 0 0 0 0 0 0 0 0 0 0 0 0 0 0 0 0 0 0 0 0 0 0 0 0 0 0 0 0 0 0 0 0 0 0 0
# Temperature: -1
# Wavelength  CExt  CAbs  CSca  Albedo G EqEm1 StEm1 EqEm2 StEm2 EqEm3 StEm3 EqEm4 StEm4 EqEm5 StEm5 EqEm6 StEm6 EqEm7 StEm7 EqEm8 StEm8 EqEm9 StEm9 EqEm10 StEm10 EqEm11 StEm11 EqEm12 StEm12 EqEm13 StEm13 EqEm14 StEm14 EqEm15 StEm15 EqEm16 StEm16 EqEm17 StEm17 EqEm18 StEm18 EqEm19 StEm19 EqEm20 StEm20 EqEm21 StEm21 EqEm22 StEm22 EqEm23 StEm23 EqEm24 StEm24 EqEm25 StEm25 EqEm26 StEm26 EqEm27 StEm27 EqEm28 StEm28 EqEm29 StEm29 EqEm30 StEm30 EqEm31 StEm31 EqEm32 StEm32 EqEm33 StEm33 EqEm34 StEm34 EqEm35 StEm35 EqEm36 StEm36 EqEm37 StEm37 EqEm38 StEm38 EqEm39 StEm39 EqEm40 StEm40 EqEm41 StEm41 EqEm42 StEm42 EqEm43 StEm43 EqEm44 StEm44 EqEm45 StEm45 EqEm46 StEm46 EqEm47 StEm47 EqEm48 StEm48 EqEm49 StEm49 EqEm50 StEm50 EqEm51 StEm51 EqEm52 StEm52 EqEm53 StEm53 EqEm54 StEm54 EqEm55 StEm55 EqEm56 StEm56 EqEm57 StEm57 EqEm58 StEm58 EqEm59 StEm59 EqEm60 StEm60 EqEm61 StEm61 EqEm62 StEm62 EqEm63 StEm63 EqEm64 StEm64 EqEm65 StEm65 EqEm66 StEm66 EqEm67 StEm67 EqEm68 StEm68
0.05 1.97903e-09 9.49207e-10 1.02983e-09 0.520368 0.967611 0 0 0 0 0 0 0 0 0 0 0 0 0 0 0 0 0 0 0 0 0 0 0 0 0 0 0 0 0 0 0 0 0 0 0 0 0 0 0 0 0 0 0 0 0 0 0 0 0 0 0 0 0 0 0 0 0 0 0 0 0 0 0 0 0 0 0 0 0 0 0 0 0 0 0 0 0 0 0 0 0 0 0 0 0 0 0 0 0 0 0 0 0 0 0 0 0 0 0 0 0 0 0 0 0 0 0 0 0 0 0 0 0 0 0 0 0 0 0 0 0 0 0 0 0 0 0 0 0 0 0 0 0 0 0 0
0.0525665 1.98961e-09 9.57025e-10 1.03258e-09 0.518988 0.964882 0 0 0 0 0 0 0 0 0 0 0 0 0 0 0 0 0 0 0 0 0 0 0 0 0 0 0 0 0 0 0 0 0 0 0 0 0 0 0 0 0 0 0 0 0 0 0 0 0 0 0 0 0 0 0 0 0 0 0 0 0 0 0 0 0 0 0 0 0 0 0 0 0 0 0 0 0 0 0 0 0 0 0 0 0 0 0 0 0 0 0 0 0 0 0 0 0 0 0 0 0 0 0 0 0 0 0 0 0 0 0 0 0 0 0 0 0 0 0 0 0 0 0 0 0 0 0 0 0 0 0 0 0 0 0 0
0.0552647 2.00034e-09 9.64354e-10 1.03598e-09 0.517904 0.962081 0 0 0 0 0 0 0 0 0 0 0 0 0 0 0 0 0 0 0 0 0 0 0 0 0 0 0 0 0 0 0 0 0 0 0 0 0 0 0 0 0 0 0 0 0 0 0 0 0 0 0 0 0 0 0 0 0 0 0 0 0 0 0 0 0 0 0 0 0 0 0 0 0 0 0 0 0 0 0 0 0 0 0 0 0 0 0 0 0 0 0 0 0 0 0 0 0 0 0 0 0 0 0 0 0 0 0 0 0 0 0 0 0 0 0 0 0 0 0 0 0 0 0 0 0 0 0 0 0 0 0 0 0 0 0 0
0.0581015 2.01148e-09 9.71404e-10 1.04008e-09 0.517071 0.95914 0 0 0 0 0 0 0 0 0 0 0 0 0 0 0 0 0 0 0 0 0 0 0 0 0 0 0 0 0 0 0 0 0 0 0 0 0 0 0 0 0 0 0 0 0 0 0 0 0 0 0 0 0 0 0 0 0 0 0 0 0 0 0 0 0 0 0 0 0 0 0 0 0 0 0 0 0 0 0 0 0 0 0 0 0 0 0 0 0 0 0 0 0 0 0 0 0 0 0 0 0 0 0 0 0 0 0 0 0 0 0 0 0 0 0 0 0 0 0 0 0 0 0 0 0 0 0 0 0 0 0 0 0 0 0 0
0.0610839 2.02339e-09 9.78524e-10 1.04486e-09 0.516393 0.956018 0 0 0 0 0 0 0 0 0 0 0 0 0 0 0 0 0 0 0 0 0 0 0 0 0 0 0 0 0 0 0 0 0 0 0 0 0 0 0 0 0 0 0 0 0 0 0 0 0 0 0 0 0 0 0 0 0 0 0 0 0 0 0 0 0 0 0 0 0 0 0 0 0 0 0 0 0 0 0 0 0 0 0 0 0 0 0 0 0 0 0 0 0 0 0 0 0 0 0 0 0 0 0 0 0 0 0 0 0 0 0 0 0 0 0 0 0 0 0 0 0 0 0 0 0 0 0 0 0 0 0 0 0 0 0 0
0.0642193 2.03625e-09 9.86149e-10 1.0501e-09 0.515702 0.952742 0 0 0 0 0 0 0 0 0 0 0 0 0 0 0 0 0 0 0 0 0 0 0 0 0 0 0 0 0 0 0 0 0 0 0 0 0 0 0 0 0 0 0 0 0 0 0 0 0 0 0 0 0 0 0 0 0 0 0 0 0 0 0 0 0 0 0 0 0 0 0 0 0 0 0 0 0 0 0 0 0 0 0 0 0 0 0 0 0 0 0 0 0 0 0 0 0 0 0 0 0 0 0 0 0 0 0 0 0 0 0 0 0 0 0 0 0 0 0 0 0 0 0 0 0 0 0 0 0 0 0 0 0 0 0 0
0.0675157 2.04956e-09 9.94364e-10 1.05519e-09 0.51484 0.949447 0 0 0 0 0 0 0 0 0 0 0 0 0 0 0 0 0 0 0 0 0 0 0 0 0 0 0 0 0 0 0 0 0 0 0 0 0 0 0 0 0 0 0 0 0 0 0 0 0 0 0 0 0 0 0 0 0 0 0 0 0 0 0 0 0 0 0 0 0 0 0 0 0 0 0 0 0 0 0 0 0 0 0 0 0 0 0 0 0 0 0 0 0 0 0 0 0 0 0 0 0 0 0 0 0 0 0 0 0 0 0 0 0 0 0 0 0 0 0 0 0 0 0 0 0 0 0 0 0 0 0 0 0 0 0 0
0.0709813 2.06302e-09 1.00302e-09 1.06e-09 0.513809 0.946174 0 0 0 0 0 0 0 0 0 0 0 0 0 0 0 0 0 0 0 0 0 0 0 0 0 0 0 0 0 0 0 0 0 0 0 0 0 0 0 0 0 0 0 0 0 0 0 0 0 0 0 0 0 0 0 0 0 0 0 0 0 0 0 0 0 0 0 0 0 0 0 0 0 0 0 0 0 0 0 0 0 0 0 0 0 0 0 0 0 0 0 0 0 0 0 0 0 0 0 0 0 0 0 0 0 0 0 0 0 0 0 0 0 0 0 0 0 0 0 0 0 0 0 0 0 0 0 0 0 0 0 0 0 0 0 0
0.0746248 2.07673e-09 1.01163e-09 1.0651e-09 0.512875 0.942779 0 0 0 0 0 0 0 0 0 0 0 0 0 0 0 0 0 0 0 0 0 0 0 0 0 0 0 0 0 0 0 0 0 0 0 0 0 0 0 0 0 0 0 0 0 0 0 0 0 0 0 0 0 0 0 0 0 0 0 0 0 0 0 0 0 0 0 0 0 0 0 0 0 0 0 0 0 0 0 0 0 0 0 0 0 0 0 0 0 0 0 0 0 0 0 0 0 0 0 0 0 0 0 0 0 0 0 0 0 0 0 0 0 0 0 0 0 0 0 0 0 0 0 0 0 0 0 0 0 0 0 0 0 0 0 0
0.0784553 2.0914e-09 1.02014e-09 1.07126e-09 0.512222 0.939059 0 0 0 0 0 0 0 0 0 0 0 0 0 0 0 0 0 0 0 0 0 0 0 0 0 0 0 0 0 0 0 0 0 0 0 0 0 0 0 0 0 0 0 0 0 0 0 0 0 0 0 0 0 0 0 0 0 0 0 0 0 0 0 0 0 0 0 0 0 0 0 0 0 0 0 0 0 0 0 0 0 0 0 0 0 0 0 0 0 0 0 0 0 0 0 0 0 0 0 0 0 0 0 0 0 0 0 0 0 0 0 0 0 0 0 0 0 0 0 0 0 0 0 0 0 0 0 0 0 0 0 0 0 0 0 0
0.0824824 2.10814e-09 1.02905e-09 1.07908e-09 0.511865 0.934871 0 0 0 0 0 0 0 0 0 0 0 0 0 0 0 0 0 0 0 0 0 0 0 0 0 0 0 0 0 0 0 0 0 0 0 0 0 0 0 0 0 0 0 0 0 0 0 0 0 0 0 0 0 0 0 0 0 0 0 0 0 0 0 0 0 0 0 0 0 0 0 0 0 0 0 0 0 0 0 0 0 0 0 0 0 0 0 0 0 0 0 0 0 0 0 0 0 0 0 0 0 0 0 0 0 0 0 0 0 0 0 0 0 0 0 0 0 0 0 0 0 0 0 0 0 0 0 0 0 0 0 0 0 0 0 0
0.0867162 2.12698e-09 1.0394e-09 1.08758e-09 0.511326 0.930503 0 0 0 0 0 0 0 0 0 0 0 0 0 0 0 0 0 0 0 0 0 0 0 0 0 0 0 0 0 0 0 0 0 0 0 0 0 0 0 0 0 0 0 0 0 0 0 0 0 0 0 0 0 0 0 0 0 0 0 0 0 0 0 0 0 0 0 0 0 0 0 0 0 0 0 0 0 0 0 0 0 0 0 0 0 0 0 0 0 0 0 0 0 0 0 0 0 0 0 0 0 0 0 0 0 0 0 0 0 0 0 0 0 0 0 0 0 0 0 0 0 0 0 0 0 0 0 0 0 0 0 0 0 0 0 0
0.0911674 2.14711e-09 1.05143e-09 1.09567e-09 0.510302 0.926284 0 0 0 0 0 0 0 0 0 0 0 0 0 0 0 0 0 0 0 0 0 0 0 0 0 0 0 0 0 0 0 0 0 0 0 0 0 0 0 0 0 0 0 0 0 0 0 0 0 0 0 0 0 0 0 0 0 0 0 0 0 0 0 0 0 0 0 0 0 0 0 0 0 0 0 0 0 0 0 0 0 0 0 0 0 0 0 0 0 0 0 0 0 0 0 0 0 0 0 0 0 0 0 0 0 0 0 0 0 0 0 0 0 0 0 0 0 0 0 0 0 0 0 0 0 0 0 0 0 0 0 0 0 0 0 0
0.095847 2.1677e-09 1.06492e-09 1.10278e-09 0.508732 0.922403 0 0 0 0 0 0 0 0 0 0 0 0 0 0 0 0 0 0 0 0 0 0 0 0 0 0 0 0 0 0 0 0 0 0 0 0 0 0 0 0 0 0 0 0 0 0 0 0 0 0 0 0 0 0 0 0 0 0 0 0 0 0 0 0 0 0 0 0 0 0 0 0 0 0 0 0 0 0 0 0 0 0 0 0 0 0 0 0 0 0 0 0 0 0 0 0 0 0 0 0 0 0 0 0 0 0 0 0 0 0 0 0 0 0 0 0 0 0 0 0 0 0 0 0 0 0 0 0 0 0 0 0 0 0 0 0
0.100767 2.1884e-09 1.07942e-09 1.10897e-09 0.506752 0.918843 0 0 0 0 0 0 0 0 0 0 0 0 0 0 0 0 0 0 0 0 0 0 0 0 0 0 0 0 0 0 0 0 0 0 0 0 0 0 0 0 0 0 0 0 0 0 0 0 0 0 0 0 0 0 0 0 0 0 0 0 0 0 0 0 0 0 0 0 0 0 0 0 0 0 0 0 0 0 0 0 0 0 0 0 0 0 0 0 0 0 0 0 0 0 0 0 0 0 0 0 0 0 0 0 0 0 0 0 0 0 0 0 0 0 0 0 0 0 0 0 0 0 0 0 0 0 0 0 0 0 0 0 0 0 0 0
0.105939 2.20935e-09 1.0949e-09 1.11446e-09 0.504427 0.91558 0 0 0 0 0 0 0 0 0 0 0 0 0 0 0 0 0 0 0 0 0 0 0 0 0 0 0 0 0 0 0 0 0 0 0 0 0 0 0 0 0 0 0 0 0 0 0 0 0 0 0 0 0 0 0 0 0 0 0 0 0 0 0 0 0 0 0 0 0 0 0 0 0 0 0 0 0 0 0 0 0 0 0 0 0 0 0 0 0 0 0 0 0 0 0 0 0 0 0 0 0 0 0 0 0 0 0 0 0 0 0 0 0 0 0 0 0 0 0 0 0 0 0 0 0 0 0 0 0 0 0 0 0 0 0 0
0.111377 2.23035e-09 1.11134e-09 1.11901e-09 0.501719 0.912704 0 0 0 0 0 0 0 0 0 0 0 0 0 0 0 0 0 0 0 0 0 0 0 0 0 0 0 0 0 0 0 0 0 0 0 0 0 0 0 0 0 0 0 0 0 0 0 0 0 0 0 0 0 0 0 0 0 0 0 0 0 0 0 0 0 0 0 0 0 0 0 0 0 0 0 0 0 0 0 0 0 0 0 0 0 0 0 0 0 0 0 0 0 0 0 0 0 0 0 0 0 0 0 0 0 0 0 0 0 0 0 0 0 0 0 0 0 0 0 0 0 0 0 0 0 0 0 0 0 0 0 0 0 0 0 0
0.117094 2.25068e-09 1.1284e-09 1.12227e-09 0.498638 0.910287 0 0 0 0 0 0 0 0 0 0 0 0 0 0 0 0 0 0 0 0 0 0 0 0 0 0 0 0 0 0 0 0 0 0 0 0 0 0 0 0 0 0 0 0 0 0 0 0 0 0 0 0 0 0 0 0 0 0 0 0 0 0 0 0 0 0 0 0 0 0 0 0 0 0 0 0 0 0 0 0 0 0 0 0 0 0 0 0 0 0 0 0 0 0 0 0 0 0 0 0 0 0 0 0 0 0 0 0 0 0 0 0 0 0 0 0 0 0 0 0 0 0 0 0 0 0 0 0 0 0 0 0 0 0 0 0
0.123105 2.26944e-09 1.14571e-09 1.12373e-09 0.495156 0.90842 0 0 0 0 0 0 0 0 0 0 0 0 0 0 0 0 0 0 0 0 0 0 0 0 0 0 0 0 0 0 0 0 0 0 0 0 0 0 0 0 0 0 0 0 0 0 0 0 0 0 0 0 0 0 0 0 0 0 0 0 0 0 0 0 0 0 0 0 0 0 0 0 0 0 0 0 0 0 0 0 0 0 0 0 0 0 0 0 0 0 0 0 0 0 0 0 0 0 0 0 0 0 0 0 0 0 0 0 0 0 0 0 0 0 0 0 0 0 0 0 0 0 0 0 0 0 0 0 0 0 0 0 0 0 0 0
0.129424 2.28637e-09 1.16218e-09 1.12419e-09 0.491692 0.906658 0 0 0 0 0 0 0 0 0 0 0 0 0 0 0 0 0 0 0 0 0 0 0 0 0 0 0 0 0 0 0 0 0 0 0 0 0 0 0 0 0 0 0 0 0 0 0 0 0 0 0 0 0 0 0 0 0 0 0 0 0 0 0 0 0 0 0 0 0 0 0 0 0 0 0 0 0 0 0 0 0 0 0 0 0 0 0 0 0 0 0 0 0 0 0 0 0 0 0 0 0 0 0 0 0 0 0 0 0 0 0 0 0 0 0 0 0 0 0 0 0 0 0 0 0 0 0 0 0 0 0 0 0 0 0 0
0.136067 2.30368e-09 1.17758e-09 1.12611e-09 0.488829 0.9042 0 0 0 0 0 0 0 0 0 0 0 0 0 0 0 0 0 0 0 0 0 0 0 0 0 0 0 0 0 0 0 0 0 0 0 0 0 0 0 0 0 0 0 0 0 0 0 0 0 0 0 0 0 0 0 0 0 0 0 0 0 0 0 0 0 0 0 0 0 0 0 0 0 0 0 0 0 0 0 0 0 0 0 0 0 0 0 0 0 0 0 0 0 0 0 0 0 0 0 0 0 0 0 0 0 0 0 0 0 0 0 0 0 0 0 0 0 0 0 0 0 0 0 0 0 0 0 0 0 0 0 0 0 0 0 0
0.143051 2.32344e-09 1.19446e-09 1.12898e-09 0.485908 0.901776 0 0 0 0 0 0 0 0 0 0 0 0 0 0 0 0 0 0 0 0 0 0 0 0 0 0 0 0 0 0 0 0 0 0 0 0 0 0 0 0 0 0 0 0 0 0 0 0 0 0 0 0 0 0 0 0 0 0 0 0 0 0 0 0 0 0 0 0 0 0 0 0 0 0 0 0 0 0 0 0 0 0 0 0 0 0 0 0 0 0 0 0 0 0 0 0 0 0 0 0 0 0 0 0 0 0 0 0 0 0 0 0 0 0 0 0 0 0 0 0 0 0 0 0 0 0 0 0 0 0 0 0 0 0 0 0
0.150394 2.34061e-09 1.21131e-09 1.1293e-09 0.482481 0.90001 0 0 0 0 0 0 0 0 0 0 0 0 0 0 0 0 0 0 0 0 0 0 0 0 0 0 0 0 0 0 0 0 0 0 0 0 0 0 0 0 0 0 0 0 0 0 0 0 0 0 0 0 0 0 0 0 0 0 0 0 0 0 0 0 0 0 0 0 0 0 0 0 0 0 0 0 0 0 0 0 0 0 0 0 0 0 0 0 0 0 0 0 0 0 0 0 0 0 0 0 0 0 0 0 0 0 0 0 0 0 0 0 0 0 0 0 0 0 0 0 0 0 0 0 0 0 0 0 0 0 0 0 0 0 0 0
0.158114 2.35666e-09 1.22721e-09 1.12945e-09 0.479259 0.898016 0 0 0 0 0 0 0 0 0 0 0 0 0 0 0 0 0 0 0 0 0 0 0 0 0 0 0 0 0 0 0 0 0 0 0 0 0 0 0 0 0 0 0 0 0 0 0 0 0 0 0 0 0 0 0 0 0 0 0 0 0 0 0 0 0 0 0 0 0 0 0 0 0 0 0 0 0 0 0 0 0 0 0 0 0 0 0 0 0 0 0 0 0 0 0 0 0 0 0 0 0 0 0 0 0 0 0 0 0 0 0 0 0 0 0 0 0 0 0 0 0 0 0 0 0 0 0 0 0 0 0 0 0 0 0 0
0.16623 2.37181e-09 1.24222e-09 1.12959e-09 0.476256 0.895709 0 0 0 0 0 0 0 0 0 0 0 0 0 0 0 0 0 0 0 0 0 0 0 0 0 0 0 0 0 0 0 0 0 0 0 0 0 0 0 0 0 0 0 0 0 0 0 0 0 0 0 0 0 0 0 0 0 0 0 0 0 0 0 0 0 0 0 0 0 0 0 0 0 0 0 0 0 0 0 0 0 0 0 0 0 0 0 0 0 0 0 0 0 0 0 0 0 0 0 0 0 0 0 0 0 0 0 0 0 0 0 0 0 0 0 0 0 0 0 0 0 0 0 0 0 0 0 0 0 0 0 0 0 0 0 0
0.174762 2.38632e-09 1.25586e-09 1.13046e-09 0.473725 0.892548 0 0 0 0 0 0 0 0 0 0 0 0 0 0 0 0 0 0 0 0 0 0 0 0 0 0 0 0 0 0 0 0 0 0 0 0 0 0 0 0 0 0 0 0 0 0 0 0 0 0 0 0 0 0 0 0 0 0 0 0 0 0 0 0 0 0 0 0 0 0 0 0 0 0 0 0 0 0 0 0 0 0 0 0 0 0 0 0 0 0 0 0 0 0 0 0 0 0 0 0 0 0 0 0 0 0 0 0 0 0 0 0 0 0 0 0 0 0 0 0 0 0 0 0 0 0 0 0 0 0 0 0 0 0 0 0
0.183733 2.40267e-09 1.2697e-09 1.13297e-09 0.471548 0.888871 0 0 0 0 0 0 0 0 0 0 0 0 0 0 0 0 0 0 0 0 0 0 0 0 0 0 0 0 0 0 0 0 0 0 0 0 0 0 0 0 0 0 0 0 0 0 0 0 0 0 0 0 0 0 0 0 0 0 0 0 0 0 0 0 0 0 0 0 0 0 0 0 0 0 0 0 0 0 0 0 0 0 0 0 0 0 0 0 0 0 0 0 0 0 0 0 0 0 0 0 0 0 0 0 0 0 0 0 0 0 0 0 0 0 0 0 0 0 0 0 0 0 0 0 0 0 0 0 0 0 0 0 0 0 0 0
0.193164 2.4154e-09 1.28179e-09 1.13361e-09 0.469326 0.884725 0 0 0 0 0 0 0 0 0 0 0 0 0 0 0 0 0 0 0 0 0 0 0 0 0 0 0 0 0 0 0 0 0 0 0 0 0 0 0 0 0 0 0 0 0 0 0 0 0 0 0 0 0 0 0 0 0 0 0 0 0 0 0 0 0 0 0 0 0 0 0 0 0 0 0 0 0 0 0 0 0 0 0 0 0 0 0 0 0 0 0 0 0 0 0 0 0 0 0 0 0 0 0 0 0 0 0 0 0 0 0 0 0 0 0 0 0 0 0 0 0 0 0 0 0 0 0 0 0 0 0 0 0 0 0 0
0.203079 2.43475e-09 1.29456e-09 1.14019e-09 0.468299 0.878275 0 0 0 0 0 0 0 0 0 0 0 0 0 0 0 0 0 0 0 0 0 0 0 0 0 0 0 0 0 0 0 0 0 0 0 0 0 0 0 0 0 0 0 0 0 0 0 0 0 0 0 0 0 0 0 0 0 0 0 0 0 0 0 0 0 0 0 0 0 0 0 0 0 0 0 0 0 0 0 0 0 0 0 0 0 0 0 0 0 0 0 0 0 0 0 0 0 0 0 0 0 0 0 0 0 0 0 0 0 0 0 0 0 0 0 0 0 0 0 0 0 0 0 0 0 0 0 0 0 0 0 0 0 0 0 0
0.213503 2.4591e-09 1.30981e-09 1.14929e-09 0.467363 0.872051 0 0 0 0 0 0 0 0 0 0 0 0 0 0 0 0 0 0 0 0 0 0 0 0 0 0 0 0 0 0 0 0 0 0 0 0 0 0 0 0 0 0 0 0 0 0 0 0 0 0 0 0 0 0 0 0 0 0 0 0 0 0 0 0 0 0 0 0 0 0 0 0 0 0 0 0 0 0 0 0 0 0 0 0 0 0 0 0 0 0 0 0 0 0 0 0 0 0 0 0 0 0 0 0 0 0 0 0 0 0 0 0 0 0 0 0 0 0 0 0 0 0 0 0 0 0 0 0 0 0 0 0 0 0 0 0
0.224463 2.48387e-09 1.32557e-09 1.15829e-09 0.466327 0.865813 0 0 0 0 0 0 0 0 0 0 0 0 0 0 0 0 0 0 0 0 0 0 0 0 0 0 0 0 0 0 0 0 0 0 0 0 0 0 0 0 0 0 0 0 0 0 0 0 0 0 0 0 0 0 0 0 0 0 0 0 0 0 0 0 0 0 0 0 0 0 0 0 0 0 0 0 0 0 0 0 0 0 0 0 0 0 0 0 0 0 0 0 0 0 0 0 0 0 0 0 0 0 0 0 0 0 0 0 0 0 0 0 0 0 0 0 0 0 0 0 0 0 0 0 0 0 0 0 0 0 0 0 0 0 0 0
0.235984 2.51331e-09 1.34332e-09 1.17e-09 0.46552 0.859077 0 0 0 0 0 0 0 0 0 0 0 0 0 0 0 0 0 0 0 0 0 0 0 0 0 0 0 0 0 0 0 0 0 0 0 0 0 0 0 0 0 0 0 0 0 0 0 0 0 0 0 0 0 0 0 0 0 0 0 0 0 0 0 0 0 0 0 0 0 0 0 0 0 0 0 0 0 0 0 0 0 0 0 0 0 0 0 0 0 0 0 0 0 0 0 0 0 0 0 0 0 0 0 0 0 0 0 0 0 0 0 0 0 0 0 0 0 0 0 0 0 0 0 0 0 0 0 0 0 0 0 0 0 0 0 0
0.248097 2.54116e-09 1.36043e-09 1.18073e-09 0.464641 0.852482 0 0 0 0 0 0 0 0 0 0 0 0 0 0 0 0 0 0 0 0 0 0 0 0 0 0 0 0 0 0 0 0 0 0 0 0 0 0 0 0 0 0 0 0 0 0 0 0 0 0 0 0 0 0 0 0 0 0 0 0 0 0 0 0 0 0 0 0 0 0 0 0 0 0 0 0 0 0 0 0 0 0 0 0 0 0 0 0 0 0 0 0 0 0 0 0 0 0 0 0 0 0 0 0 0 0 0 0 0 0 0 0 0 0 0 0 0 0 0 0 0 0 0 0 0 0 0 0 0 0 0 0 0 0 0 0
0.260832 2.56977e-09 1.37669e-09 1.19308e-09 0.464275 0.845119 0 0 0 0 0 0 0 0 0 0 0 0 0 0 0 0 0 0 0 0 0 0 0 0 0 0 0 0 0 0 0 0 0 0 0 0 0 0 0 0 0 0 0 0 0 0 0 0 0 0 0 0 0 0 0 0 0 0 0 0 0 0 0 0 0 0 0 0 0 0 0 0 0 0 0 0 0 0 0 0 0 0 0 0 0 0 0 0 0 0 0 0 0 0 0 0 0 0 0 0 0 0 0 0 0 0 0 0 0 0 0 0 0 0 0 0 0 0 0 0 0 0 0 0 0 0 0 0 0 0 0 0 0 0 0 0
0.274221 2.60345e-09 1.39496e-09 1.20849e-09 0.464189 0.837624 0 0 0 0 0 0 0 0 0 0 0 0 0 0 0 0 0 0 0 0 0 0 0 0 0 0 0 0 0 0 0 0 0 0 0 0 0 0 0 0 0 0 0 0 0 0 0 0 0 0 0 0 0 0 0 0 0 0 0 0 0 0 0 0 0 0 0 0 0 0 0 0 0 0 0 0 0 0 0 0 0 0 0 0 0 0 0 0 0 0 0 0 0 0 0 0 0 0 0 0 0 0 0 0 0 0 0 0 0 0 0 0 0 0 0 0 0 0 0 0 0 0 0 0 0 0 0 0 0 0 0 0 0 0 0 0
0.288297 2.64252e-09 1.41567e-09 1.22686e-09 0.464274 0.830052 0 0 0 0 0 0 0 0 0 0 0 0 0 0 0 0 0 0 0 0 0 0 0 0 0 0 0 0 0 0 0 0 0 0 0 0 0 0 0 0 0 0 0 0 0 0 0 0 0 0 0 0 0 0 0 0 0 0 0 0 0 0 0 0 0 0 0 0 0 0 0 0 0 0 0 0 0 0 0 0 0 0 0 0 0 0 0 0 0 0 0 0 0 0 0 0 0 0 0 0 0 0 0 0 0 0 0 0 0 0 0 0 0 0 0 0 0 0 0 0 0 0 0 0 0 0 0 0 0 0 0 0 0 0 0 0
0.303095 2.68005e-09 1.43428e-09 1.24577e-09 0.46483 0.821811 0 0 0 0 0 0 0 0 0 0 0 0 0 0 0 0 0 0 0 0 0 0 0 0 0 0 0 0 0 0 0 0 0 0 0 0 0 0 0 0 0 0 0 0 0 0 0 0 0 0 0 0 0 0 0 0 0 0 0 0 0 0 0 0 0 0 0 0 0 0 0 0 0 0 0 0 0 0 0 0 0 0 0 0 0 0 0 0 0 0 0 0 0 0 0 0 0 0 0 0 0 0 0 0 0 0 0 0 0 0 0 0 0 0 0 0 0 0 0 0 0 0 0 0 0 0 0 0 0 0 0 0 0 0 0 0
0.318653 2.71872e-09 1.44934e-09 1.26938e-09 0.466903 0.812193 0 0 0 0 0 0 0 0 0 0 0 0 0 0 0 0 0 0 0 0 0 0 0 0 0 0 0 0 0 0 0 0 0 0 0 0 0 0 0 0 0 0 0 0 0 0 0 0 0 0 0 0 0 0 0 0 0 0 0 0 0 0 0 0 0 0 0 0 0 0 0 0 0 0 0 0 0 0 0 0 0 0 0 0 0 0 0 0 0 0 0 0 0 0 0 0 0 0 0 0 0 0 0 0 0 0 0 0 0 0 0 0 0 0 0 0 0 0 0 0 0 0 0 0 0 0 0 0 0 0 0 0 0 0 0 0
0.335009 2.76376e-09 1.46369e-09 1.30007e-09 0.4704 0.802543 0 0 0 0 0 0 0 0 0 0 0 0 0 0 0 0 0 0 0 0 0 0 0 0 0 0 0 0 0 0 0 0 0 0 0 0 0 0 0 0 0 0 0 0 0 0 0 0 0 0 0 0 0 0 0 0 0 0 0 0 0 0 0 0 0 0 0 0 0 0 0 0 0 0 0 0 0 0 0 0 0 0 0 0 0 0 0 0 0 0 0 0 0 0 0 0 0 0 0 0 0 0 0 0 0 0 0 0 0 0 0 0 0 0 0 0 0 0 0 0 0 0 0 0 0 0 0 0 0 0 0 0 0 0 0 0
0.352205 2.81972e-09 1.48173e-09 1.338e-09 0.474514 0.793737 0 0 0 0 0 0 0 0 0 0 0 0 0 0 0 0 0 0 0 0 0 0 0 0 0 0 0 0 0 0 0 0 0 0 0 0 0 0 0 0 0 0 0 0 0 0 0 0 0 0 0 0 0 0 0 0 0 0 0 0 0 0 0 0 0 0 0 0 0 0 0 0 0 0 0 0 0 0 0 0 0 0 0 0 0 0 0 0 0 0 0 0 0 0 0 0 0 0 0 0 0 0 0 0 0 0 0 0 0 0 0 0 0 0 0 0 0 0 0 0 0 0 0 0 0 0 0 0 0 0 0 0 0 0 0 0
0.370284 2.88156e-09 1.50118e-09 1.38038e-09 0.479039 0.784706 0 0 0 0 0 0 0 0 0 0 0 0 0 0 0 0 0 0 0 0 0 0 0 0 0 0 0 0 0 0 0 0 0 0 0 0 0 0 0 0 0 0 0 0 0 0 0 0 0 0 0 0 0 0 0 0 0 0 0 0 0 0 0 0 0 0 0 0 0 0 0 0 0 0 0 0 0 0 0 0 0 0 0 0 0 0 0 0 0 0 0 0 0 0 0 0 0 0 0 0 0 0 0 0 0 0 0 0 0 0 0 0 0 0 0 0 0 0 0 0 0 0 0 0 0 0 0 0 0 0 0 0 0 0 0 0
0.389291 2.93658e-09 1.51184e-09 1.42474e-09 0.48517 0.773211 0 0 0 0 0 0 0 0 0 0 0 0 0 0 0 0 0 0 0 0 0 0 0 0 0 0 0 0 0 0 0 0 0 0 0 0 0 0 0 0 0 0 0 0 0 0 0 0 0 0 0 0 0 0 0 0 0 0 0 0 0 0 0 0 0 0 0 0 0 0 0 0 0 0 0 0 0 0 0 0 0 0 0 0 0 0 0 0 0 0 0 0 0 0 0 0 0 0 0 0 0 0 0 0 0 0 0 0 0 0 0 0 0 0 0 0 0 0 0 0 0 0 0 0 0 0 0 0 0 0 0 0 0 0 0 0
0.409273 2.9816e-09 1.50691e-09 1.47469e-09 0.494596 0.758487 0 0 0 0 0 0 0 0 0 0 0 0 0 0 0 0 0 0 0 0 0 0 0 0 0 0 0 0 0 0 0 0 0 0 0 0 0 0 0 0 0 0 0 0 0 0 0 0 0 0 0 0 0 0 0 0 0 0 0 0 0 0 0 0 0 0 0 0 0 0 0 0 0 0 0 0 0 0 0 0 0 0 0 0 0 0 0 0 0 0 0 0 0 0 0 0 0 0 0 0 0 0 0 0 0 0 0 0 0 0 0 0 0 0 0 0 0 0 0 0 0 0 0 0 0 0 0 0 0 0 0 0 0 0 0 0
0.430281 3.02905e-09 1.49233e-09 1.53672e-09 0.507326 0.743279 0 0 0 0 0 0 0 0 0 0 0 0 0 0 0 0 0 0 0 0 0 0 0 0 0 0 0 0 0 0 0 0 0 0 0 0 0 0 0 0 0 0 0 0 0 0 0 0 0 0 0 0 0 0 0 0 0 0 0 0 0 0 0 0 0 0 0 0 0 0 0 0 0 0 0 0 0 0 0 0 0 0 0 0 0 0 0 0 0 0 0 0 0 0 0 0 0 0 0 0 0 0 0 0 0 0 0 0 0 0 0 0 0 0 0 0 0 0 0 0 0 0 0 0 0 0 0 0 0 0 0 0 0 0 0 0
0.452368 3.09134e-09 1.48179e-09 1.60955e-09 0.520665 0.731358 0 0 0 0 0 0 0 0 0 0 0 0 0 0 0 0 0 0 0 0 0 0 0 0 0 0 0 0 0 0 0 0 0 0 0 0 0 0 0 0 0 0 0 0 0 0 0 0 0 0 0 0 0 0 0 0 0 0 0 0 0 0 0 0 0 0 0 0 0 0 0 0 0 0 0 0 0 0 0 0 0 0 0 0 0 0 0 0 0 0 0 0 0 0 0 0 0 0 0 0 0 0 0 0 0 0 0 0 0 0 0 0 0 0 0 0 0 0 0 0 0 0 0 0 0 0 0 0 0 0 0 0 0 0 0 0
0.475588 3.16404e-09 1.48039e-09 1.68364e-09 0.532118 0.722185 0 0 0 0 0 0 0 0 0 0 0 0 0 0 0 0 0 0 0 0 0 0 0 0 0 0 0 0 0 0 0 0 0 0 0 0 0 0 0 0 0 0 0 0 0 0 0 0 0 0 0 0 0 0 0 0 0 0 0 0 0 0 0 0 0 0 0 0 0 0 0 0 0 0 0 0 0 0 0 0 0 0 0 0 0 0 0 0 0 0 0 0 0 0 0 0 0 0 0 0 0 0 0 0 0 0 0 0 0 0 0 0 0 0 0 0 0 0 0 0 0 0 0 0 0 0 0 0 0 0 0 0 0 0 0 0
0.5 3.21458e-09 1.47288e-09 1.7417e-09 0.541813 0.710924 0 0 0 0 0 0 0 0 0 0 0 0 0 0 0 0 0 0 0 0 0 0 0 0 0 0 0 0 0 0 0 0 0 0 0 0 0 0 0 0 0 0 0 0 0 0 0 0 0 0 0 0 0 0 0 0 0 0 0 0 0 0 0 0 0 0 0 0 0 0 0 0 0 0 0 0 0 0 0 0 0 0 0 0 0 0 0 0 0 0 0 0 0 0 0 0 0 0 0 0 0 0 0 0 0 0 0 0 0 0 0 0 0 0 0 0 0 0 0 0 0 0 0 0 0 0 0 0 0 0 0 0 0 0 0 0
0.525665 3.20306e-09 1.43349e-09 1.76957e-09 0.552462 0.691589 0 0 0 0 0 0 0 0 0 0 0 0 0 0 0 0 0 0 0 0 0 0 0 0 0 0 0 0 0 0 0 0 0 0 0 0 0 0 0 0 0 0 0 0 0 0 0 0 0 0 0 0 0 0 0 0 0 0 0 0 0 0 0 0 0 0 0 0 0 0 0 0 0 0 0 0 0 0 0 0 0 0 0 0 0 0 0 0 0 0 0 0 0 0 0 0 0 0 0 0 0 0 0 0 0 0 0 0 0 0 0 0 0 0 0 0 0 0 0 0 0 0 0 0 0 0 0 0 0 0 0 0 0 0 0 0
0.552648 3.12379e-09 1.35368e-09 1.77011e-09 0.566655 0.662611 0 0 0 0 0 0 0 0 0 0 0 0 0 0 0 0 0 0 0 0 0 0 0 0 0 0 0 0 0 0 0 0 0 0 0 0 0 0 0 0 0 0 0 0 0 0 0 0 0 0 0 0 0 0 0 0 0 0 0 0 0 0 0 0 0 0 0 0 0 0 0 0 0 0 0 0 0 0 0 0 0 0 0 0 0 0 0 0 0 0 0 0 0 0 0 0 0 0 0 0 0 0 0 0 0 0 0 0 0 0 0 0 0 0 0 0 0 0 0 0 0 0 0 0 0 0 0 0 0 0 0 0 0 0 0 0
0.581015 3.01304e-09 1.25775e-09 1.75529e-09 0.582565 0.630383 0 0 0 0 0 0 0 0 0 0 0 0 0 0 0 0 0 0 0 0 0 0 0 0 0 0 0 0 0 0 0 0 0 0 0 0 0 0 0 0 0 0 0 0 0 0 0 0 0 0 0 0 0 0 0 0 0 0 0 0 0 0 0 0 0 0 0 0 0 0 0 0 0 0 0 0 0 0 0 0 0 0 0 0 0 0 0 0 0 0 0 0 0 0 0 0 0 0 0 0 0 0 0 0 0 0 0 0 0 0 0 0 0 0 0 0 0 0 0 0 0 0 0 0 0 0 0 0 0 0 0 0 0 0 0 0
0.610839 2.91262e-09 1.18151e-09 1.73111e-09 0.594348 0.604072 0 0 0 0 0 0 0 0 0 0 0 0 0 0 0 0 0 0 0 0 0 0 0 0 0 0 0 0 0 0 0 0 0 0 0 0 0 0 0 0 0 0 0 0 0 0 0 0 0 0 0 0 0 0 0 0 0 0 0 0 0 0 0 0 0 0 0 0 0 0 0 0 0 0 0 0 0 0 0 0 0 0 0 0 0 0 0 0 0 0 0 0 0 0 0 0 0 0 0 0 0 0 0 0 0 0 0 0 0 0 0 0 0 0 0 0 0 0 0 0 0 0 0 0 0 0 0 0 0 0 0 0 0 0 0 0
0.642193 2.83191e-09 1.13833e-09 1.69357e-09 0.598033 0.58776 0 0 0 0 0 0 0 0 0 0 0 0 0 0 0 0 0 0 0 0 0 0 0 0 0 0 0 0 0 0 0 0 0 0 0 0 0 0 0 0 0 0 0 0 0 0 0 0 0 0 0 0 0 0 0 0 0 0 0 0 0 0 0 0 0 0 0 0 0 0 0 0 0 0 0 0 0 0 0 0 0 0 0 0 0 0 0 0 0 0 0 0 0 0 0 0 0 0 0 0 0 0 0 0 0 0 0 0 0 0 0 0 0 0 0 0 0 0 0 0 0 0 0 0 0 0 0 0 0 0 0 0 0 0 0 0
0.675157 2.7489e-09 1.11548e-09 1.63342e-09 0.594208 0.579283 0 0 0 0 0 0 0 0 0 0 0 0 0 0 0 0 0 0 0 0 0 0 0 0 0 0 0 0 0 0 0 0 0 0 0 0 0 0 0 0 0 0 0 0 0 0 0 0 0 0 0 0 0 0 0 0 0 0 0 0 0 0 0 0 0 0 0 0 0 0 0 0 0 0 0 0 0 0 0 0 0 0 0 0 0 0 0 0 0 0 0 0 0 0 0 0 0 0 0 0 0 0 0 0 0 0 0 0 0 0 0 0 0 0 0 0 0 0 0 0 0 0 0 0 0 0 0 0 0 0 0 0 0 0 0 0
0.709813 2.62944e-09 1.0902e-09 1.53924e-09 0.585386 0.572939 0 0 0 0 0 0 0 0 0 0 0 0 0 0 0 0 0 0 0 0 0 0 0 0 0 0 0 0 0 0 0 0 0 0 0 0 0 0 0 0 0 0 0 0 0 0 0 0 0 0 0 0 0 0 0 0 0 0 0 0 0 0 0 0 0 0 0 0 0 0 0 0 0 0 0 0 0 0 0 0 0 0 0 0 0 0 0 0 0 0 0 0 0 0 0 0 0 0 0 0 0 0 0 0 0 0 0 0 0 0 0 0 0 0 0 0 0 0 0 0 0 0 0 0 0 0 0 0 0 0 0 0 0 0 0 0
0.746248 2.45739e-09 1.04411e-09 1.41328e-09 0.575113 0.560986 0 0 0 0 0 0 0 0 0 0 0 0 0 0 0 0 0 0 0 0 0 0 0 0 0 0 0 0 0 0 0 0 0 0 0 0 0 0 0 0 0 0 0 0 0 0 0 0 0 0 0 0 0 0 0 0 0 0 0 0 0 0 0 0 0 0 0 0 0 0 0 0 0 0 0 0 0 0 0 0 0 0 0 0 0 0 0 0 0 0 0 0 0 0 0 0 0 0 0 0 0 0 0 0 0 0 0 0 0 0 0 0 0 0 0 0 0 0 0 0 0 0 0 0 0 0 0 0 0 0 0 0 0 0 0 0
0.784553 2.23915e-09 9.7474e-10 1.26441e-09 0.564682 0.537039 0 0 0 0 0 0 0 0 0 0 0 0 0 0 0 0 0 0 0 0 0 0 0 0 0 0 0 0 0 0 0 0 0 0 0 0 0 0 0 0 0 0 0 0 0 0 0 0 0 0 0 0 0 0 0 0 0 0 0 0 0 0 0 0 0 0 0 0 0 0 0 0 0 0 0 0 0 0 0 0 0 0 0 0 0 0 0 0 0 0 0 0 0 0 0 0 0 0 0 0 0 0 0 0 0 0 0 0 0 0 0 0 0 0 0 0 0 0 0 0 0 0 0 0 0 0 0 0 0 0 0 0 0 0 0 0
0.824824 2.00869e-09 8.95052e-10 1.11364e-09 0.55441 0.499836 0 0 0 0 0 0 0 0 0 0 0 0 0 0 0 0 0 0 0 0 0 0 0 0 0 0 0 0 0 0 0 0 0 0 0 0 0 0 0 0 0 0 0 0 0 0 0 0 0 0 0 0 0 0 0 0 0 0 0 0 0 0 0 0 0 0 0 0 0 0 0 0 0 0 0 0 0 0 0 0 0 0 0 0 0 0 0 0 0 0 0 0 0 0 0 0 0 0 0 0 0 0 0 0 0 0 0 0 0 0 0 0 0 0 0 0 0 0 0 0 0 0 0 0 0 0 0 0 0 0 0 0 0 0 0 0
0.867162 1.79636e-09 8.18076e-10 9.7828e-10 0.544591 0.454371 0 0 0 0 0 0 0 0 0 0 0 0 0 0 0 0 0 0 0 0 0 0 0 0 0 0 0 0 0 0 0 0 0 0 0 0 0 0 0 0 0 0 0 0 0 0 0 0 0 0 0 0 0 0 0 0 0 0 0 0 0 0 0 0 0 0 0 0 0 0 0 0 0 0 0 0 0 0 0 0 0 0 0 0 0 0 0 0 0 0 0 0 0 0 0 0 0 0 0 0 0 0 0 0 0 0 0 0 0 0 0 0 0 0 0 0 0 0 0 0 0 0 0 0 0 0 0 0 0 0 0 0 0 0 0 0
0.911674 1.60465e-09 7.45846e-10 8.58802e-10 0.535197 0.406646 0 0 0 0 0 0 0 0 0 0 0 0 0 0 0 0 0 0 0 0 0 0 0 0 0 0 0 0 0 0 0 0 0 0 0 0 0 0 0 0 0 0 0 0 0 0 0 0 0 0 0 0 0 0 0 0 0 0 0 0 0 0 0 0 0 0 0 0 0 0 0 0 0 0 0 0 0 0 0 0 0 0 0 0 0 0 0 0 0 0 0 0 0 0 0 0 0 0 0 0 0 0 0 0 0 0 0 0 0 0 0 0 0 0 0 0 0 0 0 0 0 0 0 0 0 0 0 0 0 0 0 0 0 0 0 0
0.95847 1.42776e-09 6.77973e-10 7.49788e-10 0.525149 0.360474 0 0 0 0 0 0 0 0 0 0 0 0 0 0 0 0 0 0 0 0 0 0 0 0 0 0 0 0 0 0 0 0 0 0 0 0 0 0 0 0 0 0 0 0 0 0 0 0 0 0 0 0 0 0 0 0 0 0 0 0 0 0 0 0 0 0 0 0 0 0 0 0 0 0 0 0 0 0 0 0 0 0 0 0 0 0 0 0 0 0 0 0 0 0 0 0 0 0 0 0 0 0 0 0 0 0 0 0 0 0 0 0 0 0 0 0 0 0 0 0 0 0 0 0 0 0 0 0 0 0 0 0 0 0 0 0
1.00767 1.26629e-09 6.17056e-10 6.49229e-10 0.512704 0.318165 0 0 0 0 0 0 0 0 0 0 0 0 0 0 0 0 0 0 0 0 0 0 0 0 0 0 0 0 0 0 0 0 0 0 0 0 0 0 0 0 0 0 0 0 0 0 0 0 0 0 0 0 0 0 0 0 0 0 0 0 0 0 0 0 0 0 0 0 0 0 0 0 0 0 0 0 0 0 0 0 0 0 0 0 0 0 0 0 0 0 0 0 0 0 0 0 0 0 0 0 0 0 0 0 0 0 0 0 0 0 0 0 0 0 0 0 0 0 0 0 0 0 0 0 0 0 0 0 0 0 0 0 0 0 0 0
1.05939 1.12209e-09 5.64517e-10 5.57572e-10 0.496905 0.280802 0 0 0 0 0 0 0 0 0 0 0 0 0 0 0 0 0 0 0 0 0 0 0 0 0 0 0 0 0 0 0 0 0 0 0 0 0 0 0 0 0 0 0 0 0 0 0 0 0 0 0 0 0 0 0 0 0 0 0 0 0 0 0 0 0 0 0 0 0 0 0 0 0 0 0 0 0 0 0 0 0 0 0 0 0 0 0 0 0 0 0 0 0 0 0 0 0 0 0 0 0 0 0 0 0 0 0 0 0 0 0 0 0 0 0 0 0 0 0 0 0 0 0 0 0 0 0 0 0 0 0 0 0 0 0 0
1.11377 9.943e-10 5.20483e-10 4.73817e-10 0.476533 0.24818 0 0 0 0 0 0 0 0 0 0 0 0 0 0 0 0 0 0 0 0 0 0 0 0 0 0 0 0 0 0 0 0 0 0 0 0 0 0 0 0 0 0 0 0 0 0 0 0 0 0 0 0 0 0 0 0 0 0 0 0 0 0 0 0 0 0 0 0 0 0 0 0 0 0 0 0 0 0 0 0 0 0 0 0 0 0 0 0 0 0 0 0 0 0 0 0 0 0 0 0 0 0 0 0 0 0 0 0 0 0 0 0 0 0 0 0 0 0 0 0 0 0 0 0 0 0 0 0 0 0 0 0 0 0 0 0
1.17094 8.82806e-10 4.83228e-10 3.99578e-10 0.452622 0.219994 0 0 0 0 0 0 0 0 0 0 0 0 0 0 0 0 0 0 0 0 0 0 0 0 0 0 0 0 0 0 0 0 0 0 0 0 0 0 0 0 0 0 0 0 0 0 0 0 0 0 0 0 0 0 0 0 0 0 0 0 0 0 0 0 0 0 0 0 0 0 0 0 0 0 0 0 0 0 0 0 0 0 0 0 0 0 0 0 0 0 0 0 0 0 0 0 0 0 0 0 0 0 0 0 0 0 0 0 0 0 0 0 0 0 0 0 0 0 0 0 0 0 0 0 0 0 0 0 0 0 0 0 0 0 0 0
1.23105 7.85641e-10 4.49466e-10 3.36175e-10 0.427899 0.195833 0 0 0 0 0 0 0 0 0 0 0 0 0 0 0 0 0 0 0 0 0 0 0 0 0 0 0 0 0 0 0 0 0 0 0 0 0 0 0 0 0 0 0 0 0 0 0 0 0 0 0 0 0 0 0 0 0 0 0 0 0 0 0 0 0 0 0 0 0 0 0 0 0 0 0 0 0 0 0 0 0 0 0 0 0 0 0 0 0 0 0 0 0 0 0 0 0 0 0 0 0 0 0 0 0 0 0 0 0 0 0 0 0 0 0 0 0 0 0 0 0 0 0 0 0 0 0 0 0 0 0 0 0 0 0 0
1.29424 6.98891e-10 4.18913e-10 2.79978e-10 0.400603 0.174632 0 0 0 0 0 0 0 0 0 0 0 0 0 0 0 0 0 0 0 0 0 0 0 0 0 0 0 0 0 0 0 0 0 0 0 0 0 0 0 0 0 0 0 0 0 0 0 0 0 0 0 0 0 0 0 0 0 0 0 0 0 0 0 0 0 0 0 0 0 0 0 0 0 0 0 0 0 0 0 0 0 0 0 0 0 0 0 0 0 0 0 0 0 0 0 0 0 0 0 0 0 0 0 0 0 0 0 0 0 0 0 0 0 0 0 0 0 0 0 0 0 0 0 0 0 0 0 0 0 0 0 0 0 0 0 0
1.36067 6.25952e-10 3.9329e-10 2.32661e-10 0.371692 0.156236 0 0 0 0 0 0 0 0 0 0 0 0 0 0 0 0 0 0 0 0 0 0 0 0 0 0 0 0 0 0 0 0 0 0 0 0 0 0 0 0 0 0 0 0 0 0 0 0 0 0 0 0 0 0 0 0 0 0 0 0 0 0 0 0 0 0 0 0 0 0 0 0 0 0 0 0 0 0 0 0 0 0 0 0 0 0 0 0 0 0 0 0 0 0 0 0 0 0 0 0 0 0 0 0 0 0 0 0 0 0 0 0 0 0 0 0 0 0 0 0 0 0 0 0 0 0 0 0 0 0 0 0 0 0 0 0
1.43051 5.62998e-10 3.69976e-10 1.93022e-10 0.342846 0.140156 0 0 0 0 0 0 0 0 0 0 0 0 0 0 0 0 0 0 0 0 0 0 0 0 0 0 0 0 0 0 0 0 0 0 0 0 0 0 0 0 0 0 0 0 0 0 0 0 0 0 0 0 0 0 0 0 0 0 0 0 0 0 0 0 0 0 0 0 0 0 0 0 0 0 0 0 0 0 0 0 0 0 0 0 0 0 0 0 0 0 0 0 0 0 0 0 0 0 0 0 0 0 0 0 0 0 0 0 0 0 0 0 0 0 0 0 0 0 0 0 0 0 0 0 0 0 0 0 0 0 0 0 0 0 0 0
1.50394 5.07617e-10 3.47996e-10 1.59621e-10 0.314452 0.125954 0 0 0 0 0 0 0 0 0 0 0 0 0 0 0 0 0 0 0 0 0 0 0 0 0 0 0 0 0 0 0 0 0 0 0 0 0 0 0 0 0 0 0 0 0 0 0 0 0 0 0 0 0 0 0 0 0 0 0 0 0 0 0 0 0 0 0 0 0 0 0 0 0 0 0 0 0 0 0 0 0 0 0 0 0 0 0 0 0 0 0 0 0 0 0 0 0 0 0 0 0 0 0 0 0 0 0 0 0 0 0 0 0 0 0 0 0 0 0 0 0 0 0 0 0 0 0 0 0 0 0 0 0 0 0 0
1.58114 4.60466e-10 3.28999e-10 1.31466e-10 0.285507 0.113305 0 0 0 0 0 0 0 0 0 0 0 0 0 0 0 0 0 0 0 0 0 0 0 0 0 0 0 0 0 0 0 0 0 0 0 0 0 0 0 0 0 0 0 0 0 0 0 0 0 0 0 0 0 0 0 0 0 0 0 0 0 0 0 0 0 0 0 0 0 0 0 0 0 0 0 0 0 0 0 0 0 0 0 0 0 0 0 0 0 0 0 0 0 0 0 0 0 0 0 0 0 0 0 0 0 0 0 0 0 0 0 0 0 0 0 0 0 0 0 0 0 0 0 0 0 0 0 0 0 0 0 0 0 0 0 0
1.6623 4.2205e-10 3.13693e-10 1.08356e-10 0.256739 0.102095 0 0 0 0 0 0 0 0 0 0 0 0 0 0 0 0 0 0 0 0 0 0 0 0 0 0 0 0 0 0 0 0 0 0 0 0 0 0 0 0 0 0 0 0 0 0 0 0 0 0 0 0 0 0 0 0 0 0 0 0 0 0 0 0 0 0 0 0 0 0 0 0 0 0 0 0 0 0 0 0 0 0 0 0 0 0 0 0 0 0 0 0 0 0 0 0 0 0 0 0 0 0 0 0 0 0 0 0 0 0 0 0 0 0 0 0 0 0 0 0 0 0 0 0 0 0 0 0 0 0 0 0 0 0 0 0
1.74763 3.86921e-10 2.97504e-10 8.94165e-11 0.231098 0.0921565 0 0 0 0 0 0 0 0 0 0 0 0 0 0 0 0 0 0 0 0 0 0 0 0 0 0 0 0 0 0 0 0 0 0 0 0 0 0 0 0 0 0 0 0 0 0 0 0 0 0 0 0 0 0 0 0 0 0 0 0 0 0 0 0 0 0 0 0 0 0 0 0 0 0 0 0 0 0 0 0 0 0 0 0 0 0 0 0 0 0 0 0 0 0 0 0 0 0 0 0 0 0 0 0 0 0 0 0 0 0 0 0 0 0 0 0 0 0 0 0 0 0 0 0 0 0 0 0 0 0 0 0 0 0 0 0
1.83733 3.57169e-10 2.83756e-10 7.34134e-11 0.205542 0.0831481 0 0 0 0 0 0 0 0 0 0 0 0 0 0 0 0 0 0 0 0 0 0 0 0 0 0 0 0 0 0 0 0 0 0 0 0 0 0 0 0 0 0 0 0 0 0 0 0 0 0 0 0 0 0 0 0 0 0 0 0 0 0 0 0 0 0 0 0 0 0 0 0 0 0 0 0 0 0 0 0 0 0 0 0 0 0 0 0 0 0 0 0 0 0 0 0 0 0 0 0 0 0 0 0 0 0 0 0 0 0 0 0 0 0 0 0 0 0 0 0 0 0 0 0 0 0 0 0 0 0 0 0 0 0 0 0
1.93164 3.33879e-10 2.73323e-10 6.05559e-11 0.181371 0.0751357 0 0 0 0 0 0 0 0 0 0 0 0 0 0 0 0 0 0 0 0 0 0 0 0 0 0 0 0 0 0 0 0 0 0 0 0 0 0 0 0 0 0 0 0 0 0 0 0 0 0 0 0 0 0 0 0 0 0 0 0 0 0 0 0 0 0 0 0 0 0 0 0 0 0 0 0 0 0 0 0 0 0 0 0 0 0 0 0 0 0 0 0 0 0 0 0 0 0 0 0 0 0 0 0 0 0 0 0 0 0 0 0 0 0 0 0 0 0 0 0 0 0 0 0 0 0 0 0 0 0 0 0 0 0 0 0
2.03079 3.10002e-10 2.59995e-10 5.00074e-11 0.161313 0.0680004 0 0 0 0 0 0 0 0 0 0 0 0 0 0 0 0 0 0 0 0 0 0 0 0 0 0 0 0 0 0 0 0 0 0 0 0 0 0 0 0 0 0 0 0 0 0 0 0 0 0 0 0 0 0 0 0 0 0 0 0 0 0 0 0 0 0 0 0 0 0 0 0 0 0 0 0 0 0 0 0 0 0 0 0 0 0 0 0 0 0 0 0 0 0 0 0 0 0 0 0 0 0 0 0 0 0 0 0 0 0 0 0 0 0 0 0 0 0 0 0 0 0 0 0 0 0 0 0 0 0 0 0 0 0 0 0
2.13503 2.89798e-10 2.488e-10 4.09975e-11 0.141469 0.0614382 0 0 0 0 0 0 0 0 0 0 0 0 0 0 0 0 0 0 0 0 0 0 0 0 0 0 0 0 0 0 0 0 0 0 0 0 0 0 0 0 0 0 0 0 0 0 0 0 0 0 0 0 0 0 0 0 0 0 0 0 0 0 0 0 0 0 0 0 0 0 0 0 0 0 0 0 0 0 0 0 0 0 0 0 0 0 0 0 0 0 0 0 0 0 0 0 0 0 0 0 0 0 0 0 0 0 0 0 0 0 0 0 0 0 0 0 0 0 0 0 0 0 0 0 0 0 0 0 0 0 0 0 0 0 0 0
2.24463 2.73654e-10 2.39768e-10 3.3886e-11 0.123828 0.0556236 0 0 0 0 0 0 0 0 0 0 0 0 0 0 0 0 0 0 0 0 0 0 0 0 0 0 0 0 0 0 0 0 0 0 0 0 0 0 0 0 0 0 0 0 0 0 0 0 0 0 0 0 0 0 0 0 0 0 0 0 0 0 0 0 0 0 0 0 0 0 0 0 0 0 0 0 0 0 0 0 0 0 0 0 0 0 0 0 0 0 0 0 0 0 0 0 0 0 0 0 0 0 0 0 0 0 0 0 0 0 0 0 0 0 0 0 0 0 0 0 0 0 0 0 0 0 0 0 0 0 0 0 0 0 0 0
2.35984 2.56935e-10 2.29112e-10 2.78236e-11 0.10829 0.0503132 0 0 0 0 0 0 0 0 0 0 0 0 0 0 0 0 0 0 0 0 0 0 0 0 0 0 0 0 0 0 0 0 0 0 0 0 0 0 0 0 0 0 0 0 0 0 0 0 0 0 0 0 0 0 0 0 0 0 0 0 0 0 0 0 0 0 0 0 0 0 0 0 0 0 0 0 0 0 0 0 0 0 0 0 0 0 0 0 0 0 0 0 0 0 0 0 0 0 0 0 0 0 0 0 0 0 0 0 0 0 0 0 0 0 0 0 0 0 0 0 0 0 0 0 0 0 0 0 0 0 0 0 0 0 0 0
2.48097 2.44601e-10 2.21735e-10 2.28659e-11 0.0934825 0.0454884 0 0 0 0 0 0 0 0 0 0 0 0 0 0 0 0 0 0 0 0 0 0 0 0 0 0 0 0 0 0 0 0 0 0 0 0 0 0 0 0 0 0 0 0 0 0 0 0 0 0 0 0 0 0 0 0 0 0 0 0 0 0 0 0 0 0 0 0 0 0 0 0 0 0 0 0 0 0 0 0 0 0 0 0 0 0 0 0 0 0 0 0 0 0 0 0 0 0 0 0 0 0 0 0 0 0 0 0 0 0 0 0 0 0 0 0 0 0 0 0 0 0 0 0 0 0 0 0 0 0 0 0 0 0 0 0
2.60832 2.33738e-10 2.14937e-10 1.88012e-11 0.0804371 0.0411287 0 0 0 0 0 0 0 0 0 0 0 0 0 0 0 0 0 0 0 0 0 0 0 0 0 0 0 0 0 0 0 0 0 0 0 0 0 0 0 0 0 0 0 0 0 0 0 0 0 0 0 0 0 0 0 0 0 0 0 0 0 0 0 0 0 0 0 0 0 0 0 0 0 0 0 0 0 0 0 0 0 0 0 0 0 0 0 0 0 0 0 0 0 0 0 0 0 0 0 0 0 0 0 0 0 0 0 0 0 0 0 0 0 0 0 0 0 0 0 0 0 0 0 0 0 0 0 0 0 0 0 0 0 0 0 0
2.74221 2.25495e-10 2.09976e-10 1.5519e-11 0.0688222 0.0371994 0 0 0 0 0 0 0 0 0 0 0 0 0 0 0 0 0 0 0 0 0 0 0 0 0 0 0 0 0 0 0 0 0 0 0 0 0 0 0 0 0 0 0 0 0 0 0 0 0 0 0 0 0 0 0 0 0 0 0 0 0 0 0 0 0 0 0 0 0 0 0 0 0 0 0 0 0 0 0 0 0 0 0 0 0 0 0 0 0 0 0 0 0 0 0 0 0 0 0 0 0 0 0 0 0 0 0 0 0 0 0 0 0 0 0 0 0 0 0 0 0 0 0 0 0 0 0 0 0 0 0 0 0 0 0 0
2.88297 2.19686e-10 2.06819e-10 1.28676e-11 0.0585725 0.0336546 0 0 0 0 0 0 0 0 0 0 0 0 0 0 0 0 0 0 0 0 0 0 0 0 0 0 0 0 0 0 0 0 0 0 0 0 0 0 0 0 0 0 0 0 0 0 0 0 0 0 0 0 0 0 0 0 0 0 0 0 0 0 0 0 0 0 0 0 0 0 0 0 0 0 0 0 0 0 0 0 0 0 0 0 0 0 0 0 0 0 0 0 0 0 0 0 0 0 0 0 0 0 0 0 0 0 0 0 0 0 0 0 0 0 0 0 0 0 0 0 0 0 0 0 0 0 0 0 0 0 0 0 0 0 0 0
3.03095 2.11223e-10 2.00536e-10 1.06866e-11 0.0505939 0.0305047 0 0 0 0 0 0 0 0 0 0 0 0 0 0 0 0 0 0 0 0 0 0 0 0 0 0 0 0 0 0 0 0 0 0 0 0 0 0 0 0 0 0 0 0 0 0 0 0 0 0 0 0 0 0 0 0 0 0 0 0 0 0 0 0 0 0 0 0 0 0 0 0 0 0 0 0 0 0 0 0 0 0 0 0 0 0 0 0 0 0 0 0 0 0 0 0 0 0 0 0 0 0 0 0 0 0 0 0 0 0 0 0 0 0 0 0 0 0 0 0 0 0 0 0 0 0 0 0 0 0 0 0 0 0 0 0
3.18653 2.03592e-10 1.94741e-10 8.85059e-12 0.0434722 0.027622 0 0 0 0 0 0 0 0 0 0 0 0 0 0 0 0 0 0 0 0 0 0 0 0 0 0 0 0 0 0 0 0 0 0 0 0 0 0 0 0 0 0 0 0 0 0 0 0 0 0 0 0 0 0 0 0 0 0 0 0 0 0 0 0 0 0 0 0 0 0 0 0 0 0 0 0 0 0 0 0 0 0 0 0 0 0 0 0 0 0 0 0 0 0 0 0 0 0 0 0 0 0 0 0 0 0 0 0 0 0 0 0 0 0 0 0 0 0 0 0 0 0 0 0 0 0 0 0 0 0 0 0 0 0 0 0
3.35009 2.00813e-10 1.93463e-10 7.3499e-12 0.0366008 0.0249566 0 0 0 0 0 0 0 0 0 0 0 0 0 0 0 0 0 0 0 0 0 0 0 0 0 0 0 0 0 0 0 0 0 0 0 0 0 0 0 0 0 0 0 0 0 0 0 0 0 0 0 0 0 0 0 0 0 0 0 0 0 0 0 0 0 0 0 0 0 0 0 0 0 0 0 0 0 0 0 0 0 0 0 0 0 0 0 0 0 0 0 0 0 0 0 0 0 0 0 0 0 0 0 0 0 0 0 0 0 0 0 0 0 0 0 0 0 0 0 0 0 0 0 0 0 0 0 0 0 0 0 0 0 0 0 0
3.52205 1.93499e-10 1.87311e-10 6.18773e-12 0.0319781 0.0227043 0 0 0 0 0 0 0 0 0 0 0 0 0 0 0 0 0 0 0 0 0 0 0 0 0 0 0 0 0 0 0 0 0 0 0 0 0 0 0 0 0 0 0 0 0 0 0 0 0 0 0 0 0 0 0 0 0 0 0 0 0 0 0 0 0 0 0 0 0 0 0 0 0 0 0 0 0 0 0 0 0 0 0 0 0 0 0 0 0 0 0 0 0 0 0 0 0 0 0 0 0 0 0 0 0 0 0 0 0 0 0 0 0 0 0 0 0 0 0 0 0 0 0 0 0 0 0 0 0 0 0 0 0 0 0 0
3.70284 1.86086e-10 1.80976e-10 5.10994e-12 0.0274601 0.0205473 0 0 0 0 0 0 0 0 0 0 0 0 0 0 0 0 0 0 0 0 0 0 0 0 0 0 0 0 0 0 0 0 0 0 0 0 0 0 0 0 0 0 0 0 0 0 0 0 0 0 0 0 0 0 0 0 0 0 0 0 0 0 0 0 0 0 0 0 0 0 0 0 0 0 0 0 0 0 0 0 0 0 0 0 0 0 0 0 0 0 0 0 0 0 0 0 0 0 0 0 0 0 0 0 0 0 0 0 0 0 0 0 0 0 0 0 0 0 0 0 0 0 0 0 0 0 0 0 0 0 0 0 0 0 0 0
3.89291 1.80975e-10 1.76727e-10 4.24733e-12 0.0234692 0.0185984 0 0 0 0 0 0 0 0 0 0 0 0 0 0 0 0 0 0 0 0 0 0 0 0 0 0 0 0 0 0 0 0 0 0 0 0 0 0 0 0 0 0 0 0 0 0 0 0 0 0 0 0 0 0 0 0 0 0 0 0 0 0 0 0 0 0 0 0 0 0 0 0 0 0 0 0 0 0 0 0 0 0 0 0 0 0 0 0 0 0 0 0 0 0 0 0 0 0 0 0 0 0 0 0 0 0 0 0 0 0 0 0 0 0 0 0 0 0 0 0 0 0 0 0 0 0 0 0 0 0 0 0 0 0 0 0
4.09273 1.77168e-10 1.73624e-10 3.54338e-12 0.0200001 0.0168315 0 0 0 0 0 0 0 0 0 0 0 0 0 0 0 0 0 0 0 0 0 0 0 0 0 0 0 0 0 0 0 0 0 0 0 0 0 0 0 0 0 0 0 0 0 0 0 0 0 0 0 0 0 0 0 0 0 0 0 0 0 0 0 0 0 0 0 0 0 0 0 0 0 0 0 0 0 0 0 0 0 0 0 0 0 0 0 0 0 0 0 0 0 0 0 0 0 0 0 0 0 0 0 0 0 0 0 0 0 0 0 0 0 0 0 0 0 0 0 0 0 0 0 0 0 0 0 0 0 0 0 0 0 0 0 0
4.30281 1.71174e-10 1.68239e-10 2.93405e-12 0.0171408 0.0152299 0 0 0 0 0 0 0 0 0 0 0 0 0 0 0 0 0 0 0 0 0 0 0 0 0 0 0 0 0 0 0 0 0 0 0 0 0 0 0 0 0 0 0 0 0 0 0 0 0 0 0 0 0 0 0 0 0 0 0 0 0 0 0 0 0 0 0 0 0 0 0 0 0 0 0 0 0 0 0 0 0 0 0 0 0 0 0 0 0 0 0 0 0 0 0 0 0 0 0 0 0 0 0 0 0 0 0 0 0 0 0 0 0 0 0 0 0 0 0 0 0 0 1.4013e-45 0 1.4013e-45 0 1.4013e-45 0 1.4013e-45 0 2.8026e-45 0 4.2039e-45 0 5.60519e-45 0
4.52368 1.69446e-10 1.66991e-10 2.45537e-12 0.0144905 0.0137597 0 0 0 0 0 0 0 0 0 0 0 0 0 0 0 0 0 0 0 0 0 0 0 0 0 0 0 0 0 0 0 0 0 0 0 0 0 0 0 0 0 0 0 0 0 0 0 0 0 0 0 0 0 0 0 0 0 0 0 0 0 0 0 0 0 0 0 0 0 0 0 0 0 0 0 0 0 0 0 0 0 0 0 0 0 0 0 0 0 0 0 0 0 0 1.4013e-45 0 1.4013e-45 0 1.4013e-45 0 2.8026e-45 0 4.2039e-45 0 7.00649e-45 0 9.80909e-45 0 1.26117e-44 0 1.82169e-44 0 2.66247e-44 0 3.64338e-44 0 5.04467e-44 0 7.00649e-44 0 9.52883e-44 0 1.28919e-43 0 1.75162e-43 0 2.38221e-43 0 3.09687e-43 0 4.18988e-43 0 5.45105e-43 0 7.07656e-43 0
4.75588 1.64072e-10 1.62007e-10 2.06543e-12 0.0125885 0.0125002 0 0 0 0 0 0 0 0 0 0 0 0 0 0 0 0 0 0 0 0 0 0 0 0 0 0 0 0 0 0 0 0 0 0 0 0 0 0 0 0 0 0 0 0 0 0 0 0 0 0 0 0 0 0 0 0 0 0 0 0 0 0 0 0 0 0 0 0 0 0 0 0 0 0 1.4013e-45 0 1.4013e-45 0 2.8026e-45 0 5.60519e-45 0 9.80909e-45 0 1.54143e-44 0 2.38221e-44 0 3.78351e-44 0 5.74532e-44 0 8.82818e-44 0 1.35926e-43 0 1.98984e-43 0 2.90069e-43 0 4.30199e-43 0 6.10966e-43 0 8.84219e-43 0 1.25136e-42 0 1.73341e-42 0 2.44246e-42 0 3.37012e-42 0 4.6383e-42 0 6.254e-42 0 8.4176e-42 0 1.13099e-41 0 1.51691e-41 0 2.03104e-41 0 2.7146e-41 0 3.494e-41 0 4.65511e-41 0 5.97528e-41 0 7.66006e-41 0
5 1.60236e-10 1.58513e-10 1.72269e-12 0.0107509 0.0113047 0 0 0 0 0 0 0 0 0 0 0 0 0 0 0 0 0 0 0 0 0 0 0 0 0 0 0 0 0 0 0 0 0 0 0 0 0 0 0 0 0 0 0 0 0 0 0 0 0 0 0 0 0 0 0 0 0 0 1.4013e-45 0 2.8026e-45 0 4.2039e-45 0 8.40779e-45 0 1.68156e-44 0 3.08286e-44 0 5.46506e-44 0 1.00893e-43 0 1.69557e-43 0 2.85865e-43 0 4.77843e-43 0 7.79122e-43 0 1.24015e-42 0 1.96462e-42 0 3.04082e-42 0 4.68734e-42 0 7.06114e-42 0 1.06008e-41 0 1.58613e-41 0 2.27739e-41 0 3.2611e-41 0 4.74564e-41 0 6.63515e-41 0 9.42766e-41 0 1.31192e-40 0 1.78872e-40 0 2.47827e-40 0 3.36515e-40 0 4.56047e-40 0 6.06011e-40 0 8.03918e-40 0 1.06466e-39 0 1.40762e-39 0 1.85796e-39 0 2.44837e-39 0 3.11284e-39 0 4.08957e-39 0 5.18575e-39 0 6.56776e-39 0
5.25665 1.56539e-10 1.5511e-10 1.429e-12 0.0091287 0.0102024 0 0 0 0 0 0 0 0 0 0 0 0 0 0 0 0 0 0 0 0 0 0 0 0 0 0 0 0 0 0 0 0 0 0 0 0 0 0 0 0 0 0 0 0 0 0 1.4013e-45 0 2.8026e-45 0 5.60519e-45 0 1.4013e-44 0 3.22299e-44 0 7.14662e-44 0 1.5134e-43 0 3.1249e-43 0 6.06762e-43 0 1.17008e-42 0 2.10335e-42 0 3.83255e-42 0 6.65757e-42 0 1.17275e-41 0 1.93337e-41 0 3.17156e-41 0 5.17654e-41 0 8.24706e-41 0 1.28321e-40 0 1.9886e-40 0 3.01229e-40 0 4.54654e-40 0 6.71271e-40 0 9.87924e-40 0 1.44936e-39 0 2.04458e-39 0 2.87697e-39 0 4.11055e-39 0 5.65393e-39 0 7.89691e-39 0 1.08133e-38 0 1.45216e-38 0 1.9802e-38 0 2.64897e-38 0 3.53702e-38 0 4.63532e-38 0 6.06484e-38 0 7.92249e-38 0 1.03327e-37 0 1.34549e-37 0 1.74932e-37 0 2.19816e-37 0 2.84965e-37 0 3.57183e-37 0 4.47185e-37 0
5.52648 1.54868e-10 1.53683e-10 1.18571e-12 0.00765627 0.00917635 0 0 0 0 0 0 0 0 0 0 0 0 0 0 0 0 0 0 0 0 0 0 0 0 0 0 0 0 0 0 0 0 0 0 0 0 0 0 1.4013e-45 0 4.2039e-45 0 1.4013e-44 0 4.34403e-44 0 1.20512e-43 0 3.13891e-43 0 7.86128e-43 0 1.81468e-42 0 4.04275e-42 0 8.5269e-42 0 1.74167e-41 0 3.44916e-41 0 6.49726e-41 0 1.21383e-40 0 2.11986e-40 0 3.75093e-40 0 6.34181e-40 0 1.0866e-39 0 1.7483e-39 0 2.79939e-39 0 4.46118e-39 0 6.94748e-39 0 1.05793e-38 0 1.60477e-38 0 2.38209e-38 0 3.52383e-38 0 5.10469e-38 0 7.37226e-38 0 1.06151e-37 0 1.47251e-37 0 2.03774e-37 0 2.86119e-37 0 3.87469e-37 0 5.32426e-37 0 7.1795e-37 0 9.50388e-37 0 1.27649e-36 0 1.68351e-36 0 2.21639e-36 0 2.86652e-36 0 3.70164e-36 0 4.77278e-36 0 6.14457e-36 0 7.89878e-36 0 1.01387e-35 0 1.25988e-35 0 1.61272e-35 0 1.99925e-35 0 2.47571e-35 0
5.81015 1.61048e-10 1.60017e-10 1.0309e-12 0.0064012 0.00824542 0 0 0 0 0 0 0 0 0 0 0 0 0 0 0 0 0 0 0 0 0 0 0 0 0 0 0 0 0 0 0 0 1.4013e-45 0 8.40779e-45 0 4.2039e-44 0 1.65353e-43 0 5.81539e-43 0 1.88895e-42 0 5.46226e-42 0 1.44628e-41 0 3.59909e-41 0 8.62247e-41 0 1.91082e-40 0 4.0948e-40 0 8.32702e-40 0 1.64254e-39 0 3.14622e-39 0 5.74607e-39 0 1.04124e-38 0 1.7696e-38 0 3.04513e-38 0 5.01818e-38 0 8.37502e-38 0 1.31658e-37 0 2.06022e-37 0 3.20935e-37 0 4.89104e-37 0 7.29649e-37 0 1.08452e-36 0 1.57909e-36 0 2.29171e-36 0 3.26028e-36 0 4.6248e-36 0 6.54166e-36 0 8.93063e-36 0 1.21642e-35 0 1.6799e-35 0 2.24153e-35 0 3.03269e-35 0 4.03018e-35 0 5.2624e-35 0 6.96698e-35 0 9.06516e-35 0 1.17754e-34 0 1.50393e-34 0 1.91799e-34 0 2.4425e-34 0 3.10597e-34 0 3.94404e-34 0 5.00117e-34 0 6.14909e-34 0 7.77686e-34 0 9.54021e-34 0 1.16911e-33 0
6.10839 1.52069e-10 1.51189e-10 8.80208e-13 0.00578822 0.00756878 0 0 0 0 0 0 0 0 0 0 0 0 0 0 0 0 0 0 0 0 0 0 0 0 0 0 0 0 4.2039e-45 0 3.08286e-44 0 2.03188e-43 0 1.0804e-42 0 4.71957e-42 0 1.76199e-41 0 5.81203e-41 0 1.7831e-40 0 4.89602e-40 0 1.23625e-39 0 2.94254e-39 0 6.75513e-39 0 1.43996e-38 0 2.97303e-38 0 5.8399e-38 0 1.11437e-37 0 2.06785e-37 0 3.66715e-37 0 6.4551e-37 0 1.06901e-36 0 1.79145e-36 0 2.88106e-36 0 4.68956e-36 0 7.21107e-36 0 1.10401e-35 0 1.68297e-35 0 2.51263e-35 0 3.67586e-35 0 5.35892e-35 0 7.66092e-35 0 1.09178e-34 0 1.52671e-34 0 2.12903e-34 0 2.96091e-34 0 3.98124e-34 0 5.34154e-34 0 7.26144e-34 0 9.55361e-34 0 1.27362e-33 0 1.6692e-33 0 2.15135e-33 0 2.80945e-33 0 3.60886e-33 0 4.62831e-33 0 5.84103e-33 0 7.36124e-33 0 9.26431e-33 0 1.16434e-32 0 1.46137e-32 0 1.8317e-32 0 2.22952e-32 0 2.78757e-32 0 3.38568e-32 0 4.10803e-32 0
6.42193 1.45484e-10 1.44741e-10 7.42798e-13 0.0051057 0.00689728 0 0 0 0 0 0 0 0 0 0 0 0 0 0 0 0 0 0 0 0 0 0 0 0 1.4013e-45 0 3.92364e-44 0 4.55422e-43 0 3.58032e-42 0 2.14118e-41 0 1.04677e-40 0 4.25368e-40 0 1.489e-39 0 4.63347e-39 0 1.3458e-38 0 3.5175e-38 0 8.489e-38 0 1.93681e-37 0 4.26949e-37 0 8.77085e-37 0 1.74791e-36 0 3.32208e-36 0 6.14232e-36 0 1.1059e-35 0 1.90711e-35 0 3.26558e-35 0 5.27646e-35 0 8.62219e-35 0 1.35485e-34 0 2.15348e-34 0 3.24253e-34 0 4.86212e-34 0 7.26091e-34 0 1.06303e-33 0 1.52654e-33 0 2.1849e-33 0 3.06943e-33 0 4.29934e-33 0 5.91444e-33 0 8.11497e-33 0 1.11054e-32 0 1.47181e-32 0 1.94655e-32 0 2.60682e-32 0 3.38407e-32 0 4.44853e-32 0 5.75371e-32 0 7.32436e-32 0 9.44109e-32 0 1.19801e-31 0 1.51788e-31 0 1.89396e-31 0 2.36008e-31 0 2.93706e-31 0 3.65034e-31 0 4.531e-31 0 5.61694e-31 0 6.77158e-31 0 8.37467e-31 0 1.00755e-30 0 1.21103e-30 0
6.75157 1.40653e-10 1.40045e-10 6.08253e-13 0.00432448 0.00620566 0 0 0 0 0 0 0 0 0 0 0 0 0 0 0 0 0 0 0 0 0 0 7.00649e-45 0 2.67648e-43 0 4.48416e-42 0 4.58785e-41 0 3.25815e-40 0 1.78553e-39 0 8.07839e-39 0 3.06554e-38 0 1.00942e-37 0 2.97175e-37 0 8.19366e-37 0 2.04342e-36 0 4.72388e-36 0 1.03523e-35 0 2.19567e-35 0 4.3548e-35 0 8.39119e-35 0 1.5456e-34 0 2.77324e-34 0 4.85178e-34 0 8.1472e-34 0 1.3589e-33 0 2.14485e-33 0 3.42183e-33 0 5.25956e-33 0 8.17282e-33 0 1.20625e-32 0 1.77333e-32 0 2.59688e-32 0 3.73182e-32 0 5.26516e-32 0 7.40514e-32 0 1.02318e-31 0 1.40978e-31 0 1.90941e-31 0 2.57967e-31 0 3.47665e-31 0 4.54469e-31 0 5.92915e-31 0 7.82789e-31 0 1.00332e-30 0 1.30142e-30 0 1.66224e-30 0 2.09121e-30 0 2.66236e-30 0 3.3393e-30 0 4.18229e-30 0 5.16241e-30 0 6.3642e-30 0 7.83597e-30 0 9.63615e-30 0 1.18354e-29 0 1.45188e-29 0 1.73443e-29 0 2.1229e-29 0 2.53109e-29 0 3.01505e-29 0
7.09813 1.40733e-10 1.40211e-10 5.21987e-13 0.00370906 0.00559696 0 0 0 0 0 0 0 0 0 0 0 0 0 0 0 0 0 0 0 0 9.80909e-45 0 9.48679e-43 0 2.81871e-41 0 4.11948e-40 0 3.76189e-39 0 2.42771e-38 0 1.2244e-37 0 5.14605e-37 0 1.82969e-36 0 5.68424e-36 0 1.58752e-35 0 4.16561e-35 0 9.93532e-35 0 2.20472e-34 0 4.65004e-34 0 9.507e-34 0 1.82357e-33 0 3.40307e-33 0 6.08407e-33 0 1.06093e-32 0 1.8061e-32 0 2.95704e-32 0 4.81049e-32 0 7.42541e-32 0 1.15792e-31 0 1.74283e-31 0 2.65052e-31 0 3.83833e-31 0 5.53762e-31 0 7.9597e-31 0 1.12377e-30 0 1.55909e-30 0 2.15655e-30 0 2.93307e-30 0 3.97855e-30 0 5.30934e-30 0 7.0685e-30 0 9.3885e-30 0 1.21132e-29 0 1.55994e-29 0 2.03175e-29 0 2.57277e-29 0 3.29506e-29 0 4.15863e-29 0 5.17353e-29 0 6.50932e-29 0 8.07459e-29 0 1.00025e-28 0 1.22203e-28 0 1.49119e-28 0 1.81749e-28 0 2.21257e-28 0 2.6904e-28 0 3.26764e-28 0 3.86981e-28 0 4.69004e-28 0 5.54402e-28 0 6.5479e-28 0
7.46248 1.3774e-10 1.37297e-10 4.42658e-13 0.00321373 0.00506265 0 0 0 0 0 0 0 0 0 0 0 0 0 0 0 0 0 0 1.4013e-45 0 1.17569e-42 0 9.0842e-41 0 2.28694e-39 0 2.9321e-38 0 2.4035e-37 0 1.41611e-36 0 6.59955e-36 0 2.58595e-35 0 8.64226e-35 0 2.54031e-34 0 6.74766e-34 0 1.68911e-33 0 3.86127e-33 0 8.2414e-33 0 1.67602e-32 0 3.30905e-32 0 6.14853e-32 0 1.11299e-31 0 1.93417e-31 0 3.28244e-31 0 5.44464e-31 0 8.70225e-31 0 1.38244e-30 0 2.08916e-30 0 3.18793e-30 0 4.70343e-30 0 7.00812e-30 0 9.96694e-30 0 1.41244e-29 0 1.99458e-29 0 2.76898e-29 0 3.78067e-29 0 5.1473e-29 0 6.89637e-29 0 9.21635e-29 0 1.21271e-28 0 1.59212e-28 0 2.08557e-28 0 2.65757e-28 0 3.38042e-28 0 4.3464e-28 0 5.44071e-28 0 6.88447e-28 0 8.59057e-28 0 1.05737e-27 0 1.31555e-27 0 1.61482e-27 0 1.97956e-27 0 2.39495e-27 0 2.8942e-27 0 3.49358e-27 0 4.21236e-27 0 5.0734e-27 0 6.10371e-27 0 7.16908e-27 0 8.60744e-27 0 1.0092e-26 0 1.18229e-26 0
7.84553 1.36007e-10 1.35628e-10 3.79416e-13 0.00278967 0.00457378 0 0 0 0 0 0 0 0 0 0 0 0 0 0 0 0 0 0 2.35418e-43 0 1.10871e-40 0 6.93009e-39 0 1.49042e-37 0 1.68709e-36 0 1.24794e-35 0 6.7428e-35 0 2.91489e-34 0 1.06849e-33 0 3.36661e-33 0 9.38835e-33 0 2.37762e-32 0 5.69103e-32 0 1.24949e-31 0 2.56996e-31 0 5.0484e-31 0 9.64167e-31 0 1.73814e-30 0 3.05647e-30 0 5.17018e-30 0 8.55055e-30 0 1.38368e-29 0 2.1615e-29 0 3.35702e-29 0 4.97193e-29 0 7.43191e-29 0 1.07587e-28 0 1.57214e-28 0 2.19778e-28 0 3.06196e-28 0 4.25169e-28 0 5.80864e-28 0 7.81125e-28 0 1.04758e-27 0 1.38365e-27 0 1.82313e-27 0 2.36698e-27 0 3.06649e-27 0 3.9643e-27 0 4.99215e-27 0 6.27584e-27 0 7.97078e-27 0 9.86881e-27 0 1.23449e-26 0 1.52387e-26 0 1.85673e-26 0 2.28557e-26 0 2.77757e-26 0 3.37126e-26 0 4.04093e-26 0 4.83836e-26 0 5.78694e-26 0 6.91412e-26 0 8.25214e-26 0 9.83878e-26 0 1.14657e-25 0 1.36437e-25 0 1.58731e-25 0 1.84524e-25 0
8.24824 1.32122e-10 1.318e-10 3.22351e-13 0.00243979 0.00414488 0 0 0 0 0 0 0 0 0 0 0 0 0 0 0 0 0 0 2.3277e-41 0 8.13499e-39 0 4.15522e-37 0 7.69309e-36 0 7.73532e-35 0 5.18924e-34 0 2.58214e-33 0 1.03925e-32 0 3.5754e-32 0 1.06515e-31 0 2.82528e-31 0 6.83773e-31 0 1.56839e-30 0 3.31375e-30 0 6.57994e-30 0 1.25064e-29 0 2.31426e-29 0 4.05367e-29 0 6.93451e-29 0 1.14329e-28 0 1.84491e-28 0 2.91616e-28 0 4.45731e-28 0 6.77543e-28 0 9.84419e-28 0 1.44289e-27 0 2.05139e-27 0 2.94263e-27 0 4.04692e-27 0 5.54765e-27 0 7.58073e-27 0 1.02002e-26 0 1.35199e-26 0 1.78738e-26 0 2.32893e-26 0 3.02759e-26 0 3.88096e-26 0 4.96473e-26 0 6.33835e-26 0 7.89238e-26 0 9.81161e-26 0 1.23169e-25 0 1.50916e-25 0 1.86729e-25 0 2.28142e-25 0 2.75307e-25 0 3.35473e-25 0 4.03825e-25 0 4.85527e-25 0 5.76846e-25 0 6.84635e-25 0 8.11733e-25 0 9.61452e-25 0 1.13764e-24 0 1.34478e-24 0 1.55548e-24 0 1.83532e-24 0 2.11948e-24 0 2.44584e-24 0
8.67162 1.26944e-10 1.26669e-10 2.74776e-13 0.00216455 0.00377655 0 0 0 0 0 0 0 0 0 0 0 0 0 0 0 0 5.32493e-44 0 1.79823e-39 0 4.72158e-37 0 1.99031e-35 0 3.19553e-34 0 2.87065e-33 0 1.75488e-32 0 8.07417e-32 0 3.03608e-31 0 9.83372e-31 0 2.77753e-30 0 7.02465e-30 0 1.6283e-29 0 3.58651e-29 0 7.30594e-29 0 1.40292e-28 0 2.58421e-28 0 4.64042e-28 0 7.90875e-28 0 1.31793e-27 0 2.12046e-27 0 3.34274e-27 0 5.16691e-27 0 7.73562e-27 0 1.15207e-26 0 1.64362e-26 0 2.36454e-26 0 3.30446e-26 0 4.65735e-26 0 6.30625e-26 0 8.5127e-26 0 1.14564e-25 0 1.51933e-25 0 1.98629e-25 0 2.5904e-25 0 3.33192e-25 0 4.27634e-25 0 5.41564e-25 0 6.84516e-25 0 8.63545e-25 0 1.06382e-24 0 1.30853e-24 0 1.62451e-24 0 1.97083e-24 0 2.4133e-24 0 2.91982e-24 0 3.49128e-24 0 4.21341e-24 0 5.02617e-24 0 5.98895e-24 0 7.05574e-24 0 8.30442e-24 0 9.76456e-24 0 1.14704e-23 0 1.34613e-23 0 1.57829e-23 0 1.81265e-23 0 2.12154e-23 0 2.43287e-23 0 2.78792e-23 0
9.11674 1.22216e-10 1.21983e-10 2.32847e-13 0.00190521 0.00343081 0 0 0 0 0 0 0 0 0 0 0 0 0 0 0 0 5.51551e-42 0 1.10995e-37 0 2.22038e-35 0 7.79704e-34 0 1.09317e-32 0 8.82218e-32 0 4.93689e-31 0 2.10834e-30 0 7.43142e-30 0 2.27278e-29 0 6.10213e-29 0 1.47493e-28 0 3.28137e-28 0 6.95426e-28 0 1.36826e-27 0 2.54502e-27 0 4.55021e-27 0 7.94052e-27 0 1.31854e-26 0 2.14313e-26 0 3.36902e-26 0 5.19429e-26 0 7.85995e-26 0 1.15379e-25 0 1.68526e-25 0 2.36294e-25 0 3.33954e-25 0 4.59139e-25 0 6.36364e-25 0 8.49006e-25 0 1.12939e-24 0 1.49806e-24 0 1.95951e-24 0 2.52845e-24 0 3.25498e-24 0 4.1356e-24 0 5.24354e-24 0 6.56438e-24 0 8.20277e-24 0 1.02314e-23 0 1.24766e-23 0 1.51923e-23 0 1.86627e-23 0 2.24286e-23 0 2.71938e-23 0 3.25968e-23 0 3.86379e-23 0 4.62036e-23 0 5.46436e-23 0 6.4556e-23 0 7.5449e-23 0 8.80977e-23 0 1.02772e-22 0 1.1978e-22 0 1.39477e-22 0 1.62266e-22 0 1.85105e-22 0 2.14991e-22 0 2.44896e-22 0 2.78776e-22 0
9.5847 1.17675e-10 1.17477e-10 1.98422e-13 0.00168619 0.00312034 0 0 0 0 0 0 0 0 0 0 0 0 0 0 1.12104e-44 0 4.45368e-40 0 5.52411e-36 0 8.53174e-34 0 2.51816e-32 0 3.1035e-31 0 2.26183e-30 0 1.16365e-29 0 4.62945e-29 0 1.53443e-28 0 4.44353e-28 0 1.13687e-27 0 2.63201e-27 0 5.63138e-27 0 1.15049e-26 0 2.19003e-26 0 3.95198e-26 0 6.86808e-26 0 1.1664e-25 0 1.88946e-25 0 2.99912e-25 0 4.61165e-25 0 6.96143e-25 0 1.03231e-24 0 1.48723e-24 0 2.13247e-24 0 2.94105e-24 0 4.08697e-24 0 5.53233e-24 0 7.54655e-24 0 9.92752e-24 0 1.30234e-23 0 1.7038e-23 0 2.19959e-23 0 2.80314e-23 0 3.56437e-23 0 4.47605e-23 0 5.60981e-23 0 6.94631e-23 0 8.58611e-23 0 1.05946e-22 0 1.2795e-22 0 1.54308e-22 0 1.87663e-22 0 2.23517e-22 0 2.68468e-22 0 3.18974e-22 0 3.74963e-22 0 4.44487e-22 0 5.21393e-22 0 6.1098e-22 0 7.0866e-22 0 8.21226e-22 0 9.50835e-22 0 1.09994e-21 0 1.27133e-21 0 1.46816e-21 0 1.66407e-21 0 1.91867e-21 0 2.17171e-21 0 2.45656e-21 0
10.0767 1.12734e-10 1.12567e-10 1.66776e-13 0.00147938 0.0028329 0 0 0 0 0 0 0 0 0 0 0 0 3.50325e-44 0 1.1855e-42 0 2.84701e-38 0 2.22879e-34 0 2.69141e-32 0 6.73367e-31 0 7.34118e-30 0 4.85577e-29 0 2.30616e-28 0 8.5766e-28 0 2.68116e-27 0 7.37156e-27 0 1.80145e-26 0 4.00313e-26 0 8.25275e-26 0 1.62824e-25 0 3.00356e-25 0 5.26604e-25 0 8.90811e-25 0 1.47423e-24 0 2.33254e-24 0 3.61983e-24 0 5.45039e-24 0 8.06377e-24 0 1.17299e-23 0 1.66005e-23 0 2.33876e-23 0 3.17533e-23 0 4.3422e-23 0 5.79157e-23 0 7.78132e-23 0 1.01002e-22 0 1.30755e-22 0 1.68832e-22 0 2.1526e-22 0 2.71097e-22 0 3.40698e-22 0 4.23108e-22 0 5.24466e-22 0 6.42676e-22 0 7.86213e-22 0 9.60224e-22 0 1.14901e-21 0 1.3731e-21 0 1.65403e-21 0 1.95329e-21 0 2.32522e-21 0 2.7395e-21 0 3.19503e-21 0 3.75612e-21 0 4.37181e-21 0 5.08349e-21 0 5.85366e-21 0 6.73483e-21 0 7.74215e-21 0 8.89276e-21 0 1.0206e-20 0 1.17036e-20 0 1.31844e-20 0 1.50963e-20 0 1.69842e-20 0 1.90967e-20 0
10.5939 1.0797e-10 1.0783e-10 1.39663e-13 0.00129354 0.00256912 0 0 0 0 0 0 0 0 0 0 3.92364e-44 0 3.50325e-42 0 9.9722e-41 0 1.46405e-36 0 7.3983e-33 0 7.06961e-31 0 1.51146e-29 0 1.46641e-28 0 8.84481e-28 0 3.893e-27 0 1.35787e-26 0 4.01513e-26 0 1.05073e-25 0 2.45814e-25 0 5.25354e-25 0 1.04547e-24 0 1.99536e-24 0 3.57237e-24 0 6.09394e-24 0 1.00474e-23 0 1.62238e-23 0 2.51008e-23 0 3.81265e-23 0 5.62715e-23 0 8.16758e-23 0 1.16655e-22 0 1.62318e-22 0 2.24886e-22 0 3.00802e-22 0 4.05104e-22 0 5.32777e-22 0 7.05571e-22 0 9.04247e-22 0 1.15596e-21 0 1.47407e-21 0 1.85727e-21 0 2.31284e-21 0 2.87438e-21 0 3.53211e-21 0 4.33257e-21 0 5.25667e-21 0 6.36773e-21 0 7.70153e-21 0 9.13531e-21 0 1.08224e-20 0 1.29186e-20 0 1.51326e-20 0 1.78614e-20 0 2.0876e-20 0 2.41651e-20 0 2.81853e-20 0 3.25631e-20 0 3.75862e-20 0 4.29836e-20 0 4.91166e-20 0 5.608e-20 0 6.39801e-20 0 7.29361e-20 0 8.30813e-20 0 9.30508e-20 0 1.05842e-19 0 1.18395e-19 0 1.32361e-19 0
11.1377 1.05341e-10 1.05224e-10 1.17649e-13 0.00111683 0.0023094 0 0 0 0 0 0 0 0 7.00649e-45 0 3.89701e-42 0 2.80829e-40 0 6.78696e-39 0 6.23741e-35 0 2.07853e-31 0 1.58978e-29 0 2.92686e-28 0 2.54143e-27 0 1.40413e-26 0 5.74883e-26 0 1.88653e-25 0 5.29073e-25 0 1.32102e-24 0 2.96485e-24 0 6.10582e-24 0 1.17493e-23 0 2.17279e-23 0 3.78096e-23 0 6.28376e-23 0 1.01105e-22 0 1.59482e-22 0 2.41542e-22 0 3.59475e-22 0 5.20566e-22 0 7.41961e-22 0 1.04144e-21 0 1.4259e-21 0 1.94434e-21 0 2.56404e-21 0 3.40328e-21 0 4.4164e-21 0 5.76908e-21 0 7.30454e-21 0 9.22656e-21 0 1.16269e-20 0 1.4485e-20 0 1.78459e-20 0 2.19446e-20 0 2.66961e-20 0 3.24212e-20 0 3.89667e-20 0 4.6763e-20 0 5.60354e-20 0 6.59156e-20 0 7.74455e-20 0 9.16504e-20 0 1.06532e-19 0 1.24728e-19 0 1.44673e-19 0 1.66275e-19 0 1.92486e-19 0 2.20821e-19 0 2.53105e-19 0 2.87561e-19 0 3.26458e-19 0 3.70336e-19 0 4.19796e-19 0 4.75508e-19 0 5.38216e-19 0 5.99475e-19 0 6.77606e-19 0 7.53836e-19 0 8.38184e-19 0
11.7094 1.02222e-10 1.02121e-10 1.00509e-13 0.000983243 0.00208709 0 0 0 0 0 0 0 0 6.9084e-43 0 3.04897e-40 0 1.7831e-38 0 3.68871e-37 0 2.1712e-33 0 4.86918e-30 0 3.0135e-28 0 4.81251e-27 0 3.76026e-26 0 1.91119e-25 0 7.30445e-25 0 2.26191e-24 0 6.03199e-24 0 1.44029e-23 0 3.10744e-23 0 6.1777e-23 0 1.15137e-22 0 2.06626e-22 0 3.49964e-22 0 5.67373e-22 0 8.91943e-22 0 1.37598e-21 0 2.04216e-21 0 2.98083e-21 0 4.23928e-21 0 5.93859e-21 0 8.1987e-21 0 1.10545e-20 0 1.48473e-20 0 1.93167e-20 0 2.52873e-20 0 3.24002e-20 0 4.17754e-20 0 5.22881e-20 0 6.52974e-20 0 8.13609e-20 0 1.00279e-19 0 1.22294e-19 0 1.48872e-19 0 1.79381e-19 0 2.15793e-19 0 2.57042e-19 0 3.05735e-19 0 3.63136e-19 0 4.23791e-19 0 4.94016e-19 0 5.79841e-19 0 6.69056e-19 0 7.77328e-19 0 8.95123e-19 0 1.02181e-18 0 1.17446e-18 0 1.33835e-18 0 1.52383e-18 0 1.72052e-18 0 1.94118e-18 0 2.18857e-18 0 2.46572e-18 0 2.77601e-18 0 3.12316e-18 0 3.46037e-18 0 3.88804e-18 0 4.30299e-18 0 4.75974e-18 0
12.3105 9.77347e-11 9.76497e-11 8.4973e-14 0.000869425 0.00189595 0 0 0 0 0 0 1.4013e-45 0 5.71281e-41 0 1.87394e-38 0 8.98476e-37 0 1.60313e-35 0 6.17638e-32 0 9.50372e-29 0 4.80878e-27 0 6.70788e-26 0 4.74066e-25 0 2.22562e-24 0 7.96719e-24 0 2.33467e-23 0 5.93489e-23 0 1.35815e-22 0 2.82225e-22 0 5.42561e-22 0 9.80925e-22 0 1.71082e-21 0 2.82404e-21 0 4.47169e-21 0 6.87618e-21 0 1.03855e-20 0 1.51195e-20 0 2.16652e-20 0 3.02866e-20 0 4.17344e-20 0 5.67176e-20 0 7.53661e-20 0 9.97765e-20 0 1.28155e-19 0 1.65574e-19 0 2.09595e-19 0 2.66911e-19 0 3.30437e-19 0 4.08198e-19 0 5.03184e-19 0 6.13889e-19 0 7.41441e-19 0 8.93949e-19 0 1.06739e-18 0 1.27253e-18 0 1.50288e-18 0 1.7725e-18 0 2.08767e-18 0 2.41807e-18 0 2.79774e-18 0 3.2582e-18 0 3.73334e-18 0 4.30585e-18 0 4.92431e-18 0 5.58505e-18 0 6.3759e-18 0 7.21942e-18 0 8.16803e-18 0 9.16782e-18 0 1.02829e-17 0 1.15257e-17 0 1.29099e-17 0 1.44506e-17 0 1.61644e-17 0 1.78202e-17 0 1.99091e-17 0 2.1925e-17 0 2.41332e-17 0
12.9424 9.49035e-11 9.48319e-11 7.15678e-14 0.000754111 0.00170333 0 0 0 0 0 0 1.21913e-43 0 3.81448e-39 0 9.42991e-37 0 3.7428e-35 0 5.80171e-34 0 1.49365e-30 0 1.6062e-27 0 6.71024e-26 0 8.23014e-25 0 5.28684e-24 0 2.30154e-23 0 7.7416e-23 0 2.15255e-22 0 5.22827e-22 0 1.14905e-21 0 2.30398e-21 0 4.29015e-21 0 7.53533e-21 0 1.27902e-20 0 2.06023e-20 0 3.18986e-20 0 4.80312e-20 0 7.10987e-20 0 1.01626e-19 0 1.43088e-19 0 1.96783e-19 0 2.66952e-19 0 3.57398e-19 0 4.68364e-19 0 6.11626e-19 0 7.76041e-19 0 9.90172e-19 0 1.23908e-18 0 1.55941e-18 0 1.91053e-18 0 2.33591e-18 0 2.8502e-18 0 3.44368e-18 0 4.12103e-18 0 4.92352e-18 0 5.8281e-18 0 6.88878e-18 0 8.06995e-18 0 9.44137e-18 0 1.10317e-17 0 1.26862e-17 0 1.4574e-17 0 1.68468e-17 0 1.91757e-17 0 2.19628e-17 0 2.49533e-17 0 2.81281e-17 0 3.19041e-17 0 3.59065e-17 0 4.03804e-17 0 4.50682e-17 0 5.02673e-17 0 5.60295e-17 0 6.2412e-17 0 6.9477e-17 0 7.72928e-17 0 8.48057e-17 0 9.42351e-17 0 1.0329e-16 0 1.13161e-16 0
13.6067 9.07756e-11 9.07147e-11 6.08697e-14 0.000670551 0.00154624 0 0 0 0 0 0 1.06821e-41 0 2.01581e-37 0 3.80786e-35 0 1.26274e-33 0 1.71221e-32 0 3.00419e-29 0 2.29755e-26 0 7.99949e-25 0 8.68117e-24 0 5.09247e-23 0 2.06329e-22 0 6.54111e-22 0 1.73018e-21 0 4.02418e-21 0 8.51064e-21 0 1.64949e-20 0 2.97963e-20 0 5.09152e-20 0 8.42179e-20 0 1.32536e-19 0 2.00872e-19 0 2.96478e-19 0 4.30542e-19 0 6.04761e-19 0 8.3739e-19 0 1.13385e-18 0 1.51542e-18 0 2.00017e-18 0 2.5868e-18 0 3.33432e-18 0 4.18175e-18 0 5.2725e-18 0 6.52607e-18 0 8.12148e-18 0 9.85201e-18 0 1.19279e-17 0 1.44133e-17 0 1.72544e-17 0 2.0468e-17 0 2.42423e-17 0 2.84609e-17 0 3.3367e-17 0 3.87874e-17 0 4.50325e-17 0 5.22194e-17 0 5.96431e-17 0 6.80558e-17 0 7.81145e-17 0 8.83525e-17 0 1.00526e-16 0 1.13504e-16 0 1.27199e-16 0 1.4339e-16 0 1.6045e-16 0 1.7941e-16 0 1.99168e-16 0 2.20962e-16 0 2.4499e-16 0 2.71464e-16 0 3.00616e-16 0 3.32697e-16 0 3.63386e-16 0 4.01717e-16 0 4.38348e-16 0 4.78105e-16 0
14.3051 8.71218e-11 8.70705e-11 5.13054e-14 0.000588893 0.00139684 0 0 0 0 0 0 7.43879e-40 0 8.68079e-36 0 1.26957e-33 0 3.54852e-32 0 4.23652e-31 0 5.16162e-28 0 2.85455e-25 0 8.35715e-24 0 8.07265e-23 0 4.34362e-22 0 1.64368e-21 0 4.92541e-21 0 1.24239e-20 0 2.77297e-20 0 5.6539e-20 0 1.06097e-19 0 1.86199e-19 0 3.09958e-19 0 5.00253e-19 0 7.70024e-19 0 1.1436e-18 0 1.65612e-18 0 2.36158e-18 0 3.26262e-18 0 4.44641e-18 0 5.93213e-18 0 7.81697e-18 0 1.01786e-17 0 1.29996e-17 0 1.65497e-17 0 2.05277e-17 0 2.55908e-17 0 3.1347e-17 0 3.85959e-17 0 4.63805e-17 0 5.56314e-17 0 6.66051e-17 0 7.90366e-17 0 9.29786e-17 0 1.09217e-16 0 1.27223e-16 0 1.48e-16 0 1.70782e-16 0 1.9684e-16 0 2.2661e-16 0 2.57152e-16 0 2.91538e-16 0 3.32384e-16 0 3.73694e-16 0 4.22511e-16 0 4.74238e-16 0 5.28511e-16 0 5.9231e-16 0 6.59151e-16 0 7.33034e-16 0 8.09619e-16 0 8.93672e-16 0 9.85871e-16 0 1.08695e-15 0 1.19769e-15 0 1.31896e-15 0 1.43443e-15 0 1.57799e-15 0 1.71456e-15 0 1.86216e-15 0
15.0394 8.43452e-11 8.43019e-11 4.33699e-14 0.000514195 0.00125337 0 0 0 0 0 0 4.18789e-38 0 3.09373e-34 0 3.54708e-32 0 8.42642e-31 0 8.91298e-30 0 7.67609e-27 0 3.11874e-24 0 7.74281e-23 0 6.69525e-22 0 3.31834e-21 0 1.1767e-20 0 3.34212e-20 0 8.05782e-20 0 1.72935e-19 0 3.40548e-19 0 6.1971e-19 0 1.05812e-18 0 1.71813e-18 0 2.70889e-18 0 4.08283e-18 0 5.94762e-18 0 8.45882e-18 0 1.18549e-17 0 1.61216e-17 0 2.16414e-17 0 2.84692e-17 0 3.70128e-17 0 4.75775e-17 0 6.00424e-17 0 7.5544e-17 0 9.27216e-17 0 1.14354e-16 0 1.38695e-16 0 1.69042e-16 0 2.01323e-16 0 2.39344e-16 0 2.84048e-16 0 3.34259e-16 0 3.90116e-16 0 4.54663e-16 0 5.25686e-16 0 6.07039e-16 0 6.95603e-16 0 7.96198e-16 0 9.10332e-16 0 1.02667e-15 0 1.15684e-15 0 1.3105e-15 0 1.46498e-15 0 1.64645e-15 0 1.83763e-15 0 2.03713e-15 0 2.27037e-15 0 2.51343e-15 0 2.78069e-15 0 3.05634e-15 0 3.35742e-15 0 3.68608e-15 0 4.04467e-15 0 4.4357e-15 0 4.86188e-15 0 5.26591e-15 0 5.76602e-15 0 6.23971e-15 0 6.74958e-15 0
15.8114 8.05912e-11 8.05543e-11 3.68813e-14 0.000457634 0.00113393 0 0 0 0 0 0 1.88502e-36 0 9.01421e-33 0 8.19915e-31 0 1.66867e-29 0 1.57303e-28 0 9.73977e-26 0 2.95131e-23 0 6.26366e-22 0 4.87477e-21 0 2.23444e-20 0 7.44857e-20 0 2.01045e-19 0 4.64333e-19 0 9.60066e-19 0 1.82906e-18 0 3.23254e-18 0 5.37708e-18 0 8.52683e-18 0 1.31483e-17 0 1.94241e-17 0 2.77808e-17 0 3.88368e-17 0 5.35394e-17 0 7.17242e-17 0 9.49076e-17 0 1.2319e-16 0 1.5812e-16 0 2.00777e-16 0 2.50516e-16 0 3.11679e-16 0 3.78742e-16 0 4.62346e-16 0 5.55502e-16 0 6.7054e-16 0 7.91803e-16 0 9.3342e-16 0 1.09854e-15 0 1.2825e-15 0 1.48556e-15 0 1.71846e-15 0 1.97287e-15 0 2.26223e-15 0 2.5751e-15 0 2.92813e-15 0 3.32605e-15 0 3.72913e-15 0 4.17755e-15 0 4.70372e-15 0 5.22962e-15 0 5.84403e-15 0 6.48774e-15 0 7.15596e-15 0 7.93319e-15 0 8.73897e-15 0 9.62064e-15 0 1.05257e-14 0 1.15096e-14 0 1.25788e-14 0 1.37401e-14 0 1.50007e-14 0 1.63685e-14 0 1.76598e-14 0 1.92515e-14 0 2.07529e-14 0 2.23627e-14 0
16.623 7.64521e-11 7.6421e-11 3.10878e-14 0.000406631 0.00102921 0 0 0 0 7.00649e-45 0 6.89472e-35 0 2.18009e-31 0 1.59103e-29 0 2.79504e-28 0 2.36146e-27 0 1.06828e-24 0 2.44904e-22 0 4.47744e-21 0 3.15245e-20 0 1.34146e-19 0 4.21651e-19 0 1.08423e-18 0 2.40384e-18 0 4.79706e-18 0 8.85596e-18 0 1.52221e-17 0 2.46995e-17 0 3.82959e-17 0 5.78165e-17 0 8.38008e-17 0 1.17778e-16 0 1.6198e-16 0 2.19828e-16 0 2.90318e-16 0 3.78941e-16 0 4.8564e-16 0 6.15792e-16 0 7.7285e-16 0 9.53948e-16 0 1.17426e-15 0 1.41341e-15 0 1.70869e-15 0 2.03465e-15 0 2.43353e-15 0 2.85039e-15 0 3.33331e-15 0 3.89189e-15 0 4.5094e-15 0 5.18604e-15 0 5.95657e-15 0 6.79248e-15 0 7.73687e-15 0 8.75137e-15 0 9.88889e-15 0 1.11631e-14 0 1.24462e-14 0 1.38658e-14 0 1.5522e-14 0 1.71684e-14 0 1.90817e-14 0 2.10757e-14 0 2.31354e-14 0 2.55194e-14 0 2.7979e-14 0 3.06576e-14 0 3.33946e-14 0 3.63574e-14 0 3.9563e-14 0 4.30295e-14 0 4.67764e-14 0 5.08246e-14 0 5.46311e-14 0 5.93047e-14 0 6.36958e-14 0 6.8387e-14 0
17.4762 7.36697e-11 7.36435e-11 2.61671e-14 0.000355195 0.00092201 0 0 0 0 7.00649e-43 0 2.11723e-33 0 4.51695e-30 0 2.67349e-28 0 4.08336e-27 0 3.10857e-26 0 1.04331e-23 0 1.83436e-21 0 2.91005e-20 0 1.86266e-19 0 7.38512e-19 0 2.19507e-18 0 5.39001e-18 0 1.14946e-17 0 2.21774e-17 0 3.97349e-17 0 6.6516e-17 0 1.05409e-16 0 1.59971e-16 0 2.36704e-16 0 3.36924e-16 0 4.65728e-16 0 6.30623e-16 0 8.43173e-16 0 1.09853e-15 0 1.41533e-15 0 1.79202e-15 0 2.24609e-15 0 2.78786e-15 0 3.40593e-15 0 4.15021e-15 0 4.95044e-15 0 5.92946e-15 0 7.00067e-15 0 8.30026e-15 0 9.64732e-15 0 1.11959e-14 0 1.29736e-14 0 1.49243e-14 0 1.70469e-14 0 1.94478e-14 0 2.20352e-14 0 2.49399e-14 0 2.80409e-14 0 3.14972e-14 0 3.53459e-14 0 3.92e-14 0 4.34412e-14 0 4.8363e-14 0 5.32301e-14 0 5.88578e-14 0 6.46936e-14 0 7.06936e-14 0 7.76058e-14 0 8.47041e-14 0 9.23999e-14 0 1.0023e-13 0 1.0867e-13 0 1.17765e-13 0 1.27559e-13 0 1.38103e-13 0 1.49447e-13 0 1.60075e-13 0 1.73074e-13 0 1.85242e-13 0 1.98196e-13 0
18.3733 7.03347e-11 7.03125e-11 2.21352e-14 0.000314713 0.000830249 0 0 0 0 5.16449e-41 0 5.37403e-32 0 7.88563e-29 0 3.82421e-27 0 5.113e-26 0 3.52515e-25 0 8.90652e-23 0 1.21665e-20 0 1.68644e-19 0 9.85919e-19 0 3.65474e-18 0 1.03003e-17 0 2.42071e-17 0 4.97493e-17 0 9.29545e-17 0 1.6187e-16 0 2.64238e-16 0 4.09433e-16 0 6.08839e-16 0 8.8381e-16 0 1.23651e-15 0 1.68242e-15 0 2.24463e-15 0 2.95892e-15 0 3.80555e-15 0 4.84276e-15 0 6.06139e-15 0 7.51395e-15 0 9.22848e-15 0 1.11648e-14 0 1.34739e-14 0 1.59341e-14 0 1.89179e-14 0 2.21552e-14 0 2.60506e-14 0 3.00568e-14 0 3.46289e-14 0 3.98395e-14 0 4.55176e-14 0 5.16549e-14 0 5.85519e-14 0 6.59387e-14 0 7.41807e-14 0 8.29286e-14 0 9.26232e-14 0 1.03357e-13 0 1.1405e-13 0 1.25757e-13 0 1.39273e-13 0 1.52573e-13 0 1.67878e-13 0 1.83674e-13 0 1.99841e-13 0 2.18384e-13 0 2.37342e-13 0 2.57809e-13 0 2.78547e-13 0 3.00814e-13 0 3.24712e-13 0 3.50349e-13 0 3.7784e-13 0 4.07305e-13 0 4.34809e-13 0 4.68329e-13 0 4.99595e-13 0 5.32771e-13 0
19.3164 6.69726e-11 6.69541e-11 1.85735e-14 0.00027733 0.000748362 0 0 0 0 3.03242e-39 0 1.145e-30 0 1.1769e-27 0 4.72218e-26 0 5.5628e-25 0 3.49025e-24 0 6.73109e-22 0 7.23237e-20 0 8.81738e-19 0 4.72899e-18 0 1.64438e-17 0 4.40579e-17 0 9.93113e-17 0 1.97047e-16 0 3.57106e-16 0 6.05245e-16 0 9.6465e-16 0 1.46309e-15 0 2.13392e-15 0 3.04181e-15 0 4.1865e-15 0 5.61123e-15 0 7.38167e-15 0 9.6003e-15 0 1.21965e-14 0 1.5339e-14 0 1.89897e-14 0 2.32948e-14 0 2.83245e-14 0 3.39503e-14 0 4.05976e-14 0 4.76189e-14 0 5.60641e-14 0 6.51535e-14 0 7.60055e-14 0 8.70839e-14 0 9.96395e-14 0 1.1385e-13 0 1.29233e-13 0 1.45755e-13 0 1.64209e-13 0 1.83855e-13 0 2.05651e-13 0 2.28654e-13 0 2.5401e-13 0 2.81934e-13 0 3.09608e-13 0 3.39765e-13 0 3.74412e-13 0 4.08344e-13 0 4.47213e-13 0 4.87148e-13 0 5.27849e-13 0 5.74334e-13 0 6.21661e-13 0 6.72547e-13 0 7.23907e-13 0 7.78846e-13 0 8.37589e-13 0 9.00372e-13 0 9.67446e-13 0 1.03908e-12 0 1.10571e-12 0 1.18664e-12 0 1.26187e-12 0 1.34145e-12 0
20.3079 6.45402e-11 6.45245e-11 1.56459e-14 0.00024242 0.000666549 0 0 0 0 1.45564e-37 0 2.09559e-29 0 1.53527e-26 0 5.14403e-25 0 5.37226e-24 0 3.08163e-23 0 4.59659e-21 0 3.9306e-19 0 4.24124e-18 0 2.0956e-17 0 6.85672e-17 0 1.75082e-16 0 3.79299e-16 0 7.27819e-16 0 1.28128e-15 0 2.11637e-15 0 3.2972e-15 0 4.90021e-15 0 7.01647e-15 0 9.83005e-15 0 1.33199e-14 0 1.75994e-14 0 2.28444e-14 0 2.93318e-14 0 3.68308e-14 0 4.58052e-14 0 5.61187e-14 0 6.81579e-14 0 8.20871e-14 0 9.75245e-14 0 1.15606e-13 0 1.34548e-13 0 1.57152e-13 0 1.81295e-13 0 2.09907e-13 0 2.3891e-13 0 2.71564e-13 0 3.08282e-13 0 3.47777e-13 0 3.89942e-13 0 4.36762e-13 0 4.86327e-13 0 5.41011e-13 0 5.98422e-13 0 6.61376e-13 0 7.30355e-13 0 7.98387e-13 0 8.72185e-13 0 9.56578e-13 0 1.03886e-12 0 1.13271e-12 0 1.22871e-12 0 1.32617e-12 0 1.43702e-12 0 1.54944e-12 0 1.66984e-12 0 1.79091e-12 0 1.91996e-12 0 2.05745e-12 0 2.20388e-12 0 2.35977e-12 0 2.52566e-12 0 2.67947e-12 0 2.8657e-12 0 3.03825e-12 0 3.22022e-12 0
21.3503 6.22907e-11 6.22773e-11 1.34061e-14 0.000215219 0.000588176 0 0 0 0 5.7122e-36 0 3.28652e-28 0 1.74478e-25 0 4.92488e-24 0 4.58675e-23 0 2.41596e-22 0 2.82239e-20 0 1.94228e-18 0 1.86598e-17 0 8.52802e-17 0 2.63343e-16 0 6.42346e-16 0 1.34004e-15 0 2.49081e-15 0 4.26549e-15 0 6.87502e-15 0 1.04816e-14 0 1.5279e-14 0 2.14975e-14 0 2.96261e-14 0 3.9553e-14 0 5.15547e-14 0 6.60723e-14 0 8.38063e-14 0 1.04069e-13 0 1.28057e-13 0 1.55342e-13 0 1.86886e-13 0 2.23045e-13 0 2.62771e-13 0 3.08913e-13 0 3.56875e-13 0 4.13682e-13 0 4.73918e-13 0 5.44799e-13 0 6.16169e-13 0 6.96019e-13 0 7.8525e-13 0 8.80652e-13 0 9.81922e-13 0 1.09375e-12 0 1.21149e-12 0 1.34073e-12 0 1.47572e-12 0 1.62302e-12 0 1.78363e-12 0 1.94131e-12 0 2.11162e-12 0 2.30552e-12 0 2.49378e-12 0 2.7076e-12 0 2.92544e-12 0 3.14573e-12 0 3.39534e-12 0 3.64751e-12 0 3.91661e-12 0 4.18626e-12 0 4.47269e-12 0 4.77682e-12 0 5.09964e-12 0 5.44217e-12 0 5.80547e-12 0 6.14127e-12 0 6.54658e-12 0 6.92097e-12 0 7.31469e-12 0
22.4463 5.91761e-11 5.91648e-11 1.13427e-14 0.000191677 0.000525464 0 0 0 0 1.8189e-34 0 4.37391e-27 0 1.70934e-24 0 4.0988e-23 0 3.42334e-22 0 1.66266e-21 0 1.53952e-19 0 8.61702e-18 0 7.41274e-17 0 3.14556e-16 0 9.19314e-16 0 2.14686e-15 0 4.32077e-15 0 7.79182e-15 0 1.29975e-14 0 2.04666e-14 0 3.05672e-14 0 4.37455e-14 0 6.0532e-14 0 8.21243e-14 0 1.08106e-13 0 1.39097e-13 0 1.7612e-13 0 2.20813e-13 0 2.71318e-13 0 3.30491e-13 0 3.97147e-13 0 4.73498e-13 0 5.60253e-13 0 6.54777e-13 0 7.63699e-13 0 8.76075e-13 0 1.00823e-12 0 1.1474e-12 0 1.31006e-12 0 1.4728e-12 0 1.6538e-12 0 1.85486e-12 0 2.0686e-12 0 2.29425e-12 0 2.54211e-12 0 2.80176e-12 0 3.08532e-12 0 3.38009e-12 0 3.70025e-12 0 4.04774e-12 0 4.3874e-12 0 4.75275e-12 0 5.16696e-12 0 5.56748e-12 0 6.02062e-12 0 6.48049e-12 0 6.94381e-12 0 7.46691e-12 0 7.99347e-12 0 8.55342e-12 0 9.11262e-12 0 9.70471e-12 0 1.03314e-11 0 1.09944e-11 0 1.16957e-11 0 1.24372e-11 0 1.31205e-11 0 1.39428e-11 0 1.47002e-11 0 1.54946e-11 0
23.5984 5.60102e-11 5.60006e-11 9.61908e-15 0.000171738 0.000468259 0 0 0 0 4.80208e-33 0 5.03638e-26 0 1.47071e-23 0 3.01986e-22 0 2.27391e-21 0 1.02239e-20 0 7.58899e-19 0 3.48989e-17 0 2.70272e-16 0 1.06874e-15 0 2.96414e-15 0 6.64132e-15 0 1.29176e-14 0 2.26337e-14 0 3.68238e-14 0 5.67133e-14 0 8.30597e-14 0 1.16806e-13 0 1.59086e-13 0 2.12643e-13 0 2.76184e-13 0 3.51013e-13 0 4.39349e-13 0 5.44791e-13 0 6.627e-13 0 7.99494e-13 0 9.52162e-13 0 1.12551e-12 0 1.32083e-12 0 1.53197e-12 0 1.77344e-12 0 2.02081e-12 0 2.30975e-12 0 2.61202e-12 0 2.96308e-12 0 3.31218e-12 0 3.69823e-12 0 4.12468e-12 0 4.57554e-12 0 5.04908e-12 0 5.5666e-12 0 6.1061e-12 0 6.69251e-12 0 7.29933e-12 0 7.95549e-12 0 8.66452e-12 0 9.35472e-12 0 1.00942e-11 0 1.09293e-11 0 1.17336e-11 0 1.26402e-11 0 1.35569e-11 0 1.44772e-11 0 1.55128e-11 0 1.65515e-11 0 1.76526e-11 0 1.87486e-11 0 1.99055e-11 0 2.11262e-11 0 2.24139e-11 0 2.37717e-11 0 2.52029e-11 0 2.65183e-11 0 2.80968e-11 0 2.95467e-11 0 3.10634e-11 0
24.8097 5.28333e-11 5.28252e-11 8.09285e-15 0.000153177 0.00041877 0 0 4.2039e-45 0 1.06093e-31 0 5.05358e-25 0 1.1185e-22 0 1.98161e-21 0 1.35206e-20 0 5.64891e-20 0 3.39784e-18 0 1.29615e-16 0 9.08324e-16 0 3.35862e-15 0 8.86249e-15 0 1.909e-14 0 3.59439e-14 0 6.12786e-14 0 9.73555e-14 0 1.46812e-13 0 2.11045e-13 0 2.91892e-13 0 3.91594e-13 0 5.16062e-13 0 6.6177e-13 0 8.3128e-13 0 1.02914e-12 0 1.2628e-12 0 1.52148e-12 0 1.8188e-12 0 2.14771e-12 0 2.51807e-12 0 2.93206e-12 0 3.37623e-12 0 3.88056e-12 0 4.39373e-12 0 4.98929e-12 0 5.60847e-12 0 6.3232e-12 0 7.02984e-12 0 7.80705e-12 0 8.66103e-12 0 9.55922e-12 0 1.04979e-11 0 1.15189e-11 0 1.25784e-11 0 1.37248e-11 0 1.49059e-11 0 1.61777e-11 0 1.75463e-11 0 1.88732e-11 0 2.02896e-11 0 2.18831e-11 0 2.34122e-11 0 2.51297e-11 0 2.68602e-11 0 2.85918e-11 0 3.05338e-11 0 3.24755e-11 0 3.4527e-11 0 3.6563e-11 0 3.87059e-11 0 4.09604e-11 0 4.33316e-11 0 4.58247e-11 0 4.84453e-11 0 5.08473e-11 0 5.37222e-11 0 5.63558e-11 0 5.9104e-11 0
26.0832 5.02798e-11 5.0273e-11 6.83541e-15 0.000135947 0.000368666 0 0 3.06884e-43 0 2.00271e-30 0 4.50283e-24 0 7.65647e-22 0 1.17885e-20 0 7.32351e-20 0 2.85345e-19 0 1.4052e-17 0 4.48722e-16 0 2.85942e-15 0 9.91905e-15 0 2.49627e-14 0 5.17929e-14 0 9.45524e-14 0 1.57052e-13 0 2.43938e-13 0 3.60553e-13 0 5.092e-13 0 6.932e-13 0 9.16732e-13 0 1.19194e-12 0 1.51004e-12 0 1.87582e-12 0 2.29822e-12 0 2.79198e-12 0 3.33345e-12 0 3.95028e-12 0 4.62694e-12 0 5.38285e-12 0 6.22142e-12 0 7.11473e-12 0 8.12211e-12 0 9.14059e-12 0 1.03154e-11 0 1.15295e-11 0 1.29229e-11 0 1.42929e-11 0 1.57921e-11 0 1.74309e-11 0 1.91461e-11 0 2.09303e-11 0 2.28621e-11 0 2.48579e-11 0 2.70082e-11 0 2.92144e-11 0 3.15806e-11 0 3.41166e-11 0 3.65663e-11 0 3.91719e-11 0 4.20925e-11 0 4.48856e-11 0 4.80122e-11 0 5.11518e-11 0 5.42836e-11 0 5.77849e-11 0 6.12748e-11 0 6.49511e-11 0 6.85891e-11 0 7.24072e-11 0 7.64132e-11 0 8.0615e-11 0 8.50208e-11 0 8.96391e-11 0 9.38615e-11 0 9.89024e-11 0 1.03509e-10 0 1.08304e-10 0
27.4221 4.74823e-11 4.74765e-11 5.80554e-15 0.000122268 0.000322451 0 0 2.07154e-41 0 3.2029e-29 0 3.52605e-23 0 4.66581e-21 0 6.2861e-20 0 3.57201e-19 0 1.30234e-18 0 5.30231e-17 0 1.42975e-15 0 8.32324e-15 0 2.71713e-14 0 6.53674e-14 0 1.30877e-13 0 2.32008e-13 0 3.75938e-13 0 5.71498e-13 0 8.28741e-13 0 1.15085e-12 0 1.54329e-12 0 2.01329e-12 0 2.58436e-12 0 3.23644e-12 0 3.97808e-12 0 4.82577e-12 0 5.80712e-12 0 6.87359e-12 0 8.07826e-12 0 9.38925e-12 0 1.08428e-11 0 1.24437e-11 0 1.41375e-11 0 1.60352e-11 0 1.79422e-11 0 2.0129e-11 0 2.23762e-11 0 2.49412e-11 0 2.745e-11 0 3.01818e-11 0 3.31538e-11 0 3.62497e-11 0 3.94557e-11 0 4.2912e-11 0 4.64677e-11 0 5.02832e-11 0 5.41827e-11 0 5.83488e-11 0 6.27971e-11 0 6.70787e-11 0 7.16174e-11 0 7.66875e-11 0 8.152e-11 0 8.69122e-11 0 9.23096e-11 0 9.76776e-11 0 1.03661e-10 0 1.09607e-10 0 1.15853e-10 0 1.22017e-10 0 1.28469e-10 0 1.35221e-10 0 1.42284e-10 0 1.49671e-10 0 1.57394e-10 0 1.64438e-10 0 1.72827e-10 0 1.80475e-10 0 1.8842e-10 0
28.8297 4.43273e-11 4.43224e-11 4.90449e-15 0.000110643 0.000283899 0 0 1.10931e-39 0 4.35681e-28 0 2.43182e-22 0 2.53503e-20 0 3.0081e-19 0 1.57031e-18 0 5.37485e-18 0 1.82605e-16 0 4.19229e-15 0 2.2394e-14 0 6.90021e-14 0 1.59037e-13 0 3.07809e-13 0 5.30617e-13 0 8.39768e-13 0 1.25077e-12 0 1.78115e-12 0 2.4341e-12 0 3.21771e-12 0 4.14349e-12 0 5.25435e-12 0 6.50824e-12 0 7.91943e-12 0 9.51681e-12 0 1.13491e-11 0 1.33232e-11 0 1.55352e-11 0 1.79243e-11 0 2.05542e-11 0 2.34308e-11 0 2.64548e-11 0 2.9822e-11 0 3.3186e-11 0 3.70223e-11 0 4.09434e-11 0 4.53955e-11 0 4.97286e-11 0 5.44249e-11 0 5.95105e-11 0 6.47846e-11 0 7.02232e-11 0 7.60622e-11 0 8.20452e-11 0 8.84406e-11 0 9.49524e-11 0 1.01884e-10 0 1.09259e-10 0 1.16333e-10 0 1.23808e-10 0 1.32131e-10 0 1.40039e-10 0 1.48835e-10 0 1.57614e-10 0 1.6632e-10 0 1.75996e-10 0 1.85586e-10 0 1.95632e-10 0 2.05519e-10 0 2.15843e-10 0 2.26619e-10 0 2.37865e-10 0 2.49596e-10 0 2.61831e-10 0 2.72965e-10 0 2.86195e-10 0 2.98229e-10 0 3.10702e-10 0
30.3095 4.14929e-11 4.14887e-11 4.13057e-15 9.95489e-05 0.000248171 0 0 4.82834e-38 0 5.15042e-27 0 1.50669e-21 0 1.25184e-19 0 1.31645e-18 0 6.33952e-18 0 2.04338e-17 0 5.84437e-16 0 1.15141e-14 0 5.66737e-14 0 1.65292e-13 0 3.65748e-13 0 6.8543e-13 0 1.15058e-12 0 1.78057e-12 0 2.60094e-12 0 3.64048e-12 0 4.89974e-12 0 6.38944e-12 0 8.12684e-12 0 1.01868e-11 0 1.24866e-11 0 1.50492e-11 0 1.79232e-11 0 2.11909e-11 0 2.4683e-11 0 2.85661e-11 0 3.27297e-11 0 3.72818e-11 0 4.22286e-11 0 4.73969e-11 0 5.3118e-11 0 5.88022e-11 0 6.52502e-11 0 7.18072e-11 0 7.92151e-11 0 8.6391e-11 0 9.4134e-11 0 1.02482e-10 0 1.11103e-10 0 1.19957e-10 0 1.29425e-10 0 1.39091e-10 0 1.49385e-10 0 1.59828e-10 0 1.70907e-10 0 1.82653e-10 0 1.93885e-10 0 2.05717e-10 0 2.18849e-10 0 2.3129e-10 0 2.45089e-10 0 2.58819e-10 0 2.72399e-10 0 2.87453e-10 0 3.02331e-10 0 3.17877e-10 0 3.3314e-10 0 3.49039e-10 0 3.65594e-10 0 3.82829e-10 0 4.00767e-10 0 4.19432e-10 0 4.36379e-10 0 4.56473e-10 0 4.74711e-10 0 4.93578e-10 0
31.8653 3.8034e-11 3.80305e-11 3.48468e-15 9.16202e-05 0.0002174 0 0 1.68547e-36 0 5.20395e-26 0 8.23443e-21 0 5.51363e-19 0 5.16897e-18 0 2.30529e-17 0 7.01779e-17 0 1.70405e-15 0 2.90251e-14 0 1.32169e-13 0 3.6585e-13 0 7.78743e-13 0 1.41533e-12 0 2.31647e-12 0 3.50922e-12 0 5.03206e-12 0 6.92858e-12 0 9.19096e-12 0 1.1831e-11 0 1.48724e-11 0 1.84376e-11 0 2.23767e-11 0 2.67243e-11 0 3.15575e-11 0 3.70072e-11 0 4.27858e-11 0 4.91648e-11 0 5.59578e-11 0 6.33365e-11 0 7.13053e-11 0 7.95825e-11 0 8.86936e-11 0 9.76987e-11 0 1.07863e-10 0 1.18148e-10 0 1.29713e-10 0 1.40866e-10 0 1.5285e-10 0 1.65716e-10 0 1.78949e-10 0 1.92488e-10 0 2.06913e-10 0 2.21584e-10 0 2.37155e-10 0 2.52899e-10 0 2.69545e-10 0 2.87138e-10 0 3.03907e-10 0 3.21522e-10 0 3.41015e-10 0 3.59429e-10 0 3.79797e-10 0 4.00008e-10 0 4.19946e-10 0 4.41991e-10 0 4.63724e-10 0 4.86377e-10 0 5.08565e-10 0 5.31624e-10 0 5.55581e-10 0 5.80466e-10 0 6.06307e-10 0 6.33136e-10 0 6.57445e-10 0 6.86209e-10 0 7.12261e-10 0 7.39162e-10 0
33.5009 3.49022e-11 3.48993e-11 2.89899e-15 8.30605e-05 0.000194389 0 0 4.87128e-35 0 4.62497e-25 0 4.07905e-20 0 2.22444e-18 0 1.86953e-17 0 7.75087e-17 0 2.23471e-16 0 4.64374e-15 0 6.88718e-14 0 2.91243e-13 0 7.67078e-13 0 1.57366e-12 0 2.77783e-12 0 4.43842e-12 0 6.58879e-12 0 9.28322e-12 0 1.25839e-11 0 1.64642e-11 0 2.09337e-11 0 2.60228e-11 0 3.19244e-11 0 3.83803e-11 0 4.54417e-11 0 5.32261e-11 0 6.19343e-11 0 7.10997e-11 0 8.11476e-11 0 9.17778e-11 0 1.03254e-10 0 1.15574e-10 0 1.283e-10 0 1.42234e-10 0 1.55937e-10 0 1.7133e-10 0 1.86835e-10 0 2.0419e-10 0 2.20855e-10 0 2.3869e-10 0 2.57763e-10 0 2.77304e-10 0 2.97224e-10 0 3.18373e-10 0 3.39809e-10 0 3.62483e-10 0 3.85336e-10 0 4.09424e-10 0 4.34802e-10 0 4.58922e-10 0 4.84187e-10 0 5.12069e-10 0 5.38336e-10 0 5.67312e-10 0 5.95992e-10 0 6.24215e-10 0 6.55343e-10 0 6.85958e-10 0 7.17793e-10 0 7.48906e-10 0 7.81169e-10 0 8.14616e-10 0 8.49284e-10 0 8.85208e-10 0 9.22426e-10 0 9.56083e-10 0 9.95828e-10 0 1.03176e-09 0 1.06879e-09 0
35.2205 3.22583e-11 3.22559e-11 2.41355e-15 7.48193e-05 0.000171153 0 0 1.18363e-33 0 3.66052e-24 0 1.85155e-19 0 8.30628e-18 0 6.29187e-17 0 2.43357e-16 0 6.66286e-16 0 1.19392e-14 0 1.55227e-13 0 6.11797e-13 0 1.53694e-12 0 3.04433e-12 0 5.22681e-12 0 8.16249e-12 0 1.18856e-11 0 1.64682e-11 0 2.19944e-11 0 2.84013e-11 0 3.56905e-11 0 4.38981e-11 0 5.33188e-11 0 6.35272e-11 0 7.45976e-11 0 8.67047e-11 0 1.00147e-10 0 1.14195e-10 0 1.29495e-10 0 1.45581e-10 0 1.62844e-10 0 1.81275e-10 0 2.00212e-10 0 2.20841e-10 0 2.41032e-10 0 2.6361e-10 0 2.86253e-10 0 3.1149e-10 0 3.35625e-10 0 3.61355e-10 0 3.88768e-10 0 4.16751e-10 0 4.45177e-10 0 4.75255e-10 0 5.05643e-10 0 5.37685e-10 0 5.6988e-10 0 6.03714e-10 0 6.39255e-10 0 6.7294e-10 0 7.08133e-10 0 7.46867e-10 0 7.83261e-10 0 8.23311e-10 0 8.62852e-10 0 9.01673e-10 0 9.44391e-10 0 9.86308e-10 0 1.0298e-09 0 1.07221e-09 0 1.1161e-09 0 1.16151e-09 0 1.20848e-09 0 1.25705e-09 0 1.30727e-09 0 1.3526e-09 0 1.40603e-09 0 1.45424e-09 0 1.50385e-09 0
37.0284 2.9625e-11 2.9623e-11 2.01641e-15 6.80646e-05 0.000148147 2.8026e-45 0 2.40652e-32 0 2.56071e-23 0 7.63283e-19 0 2.84384e-17 0 1.95139e-16 0 7.06521e-16 0 1.84156e-15 0 2.86621e-14 0 3.28784e-13 0 1.21191e-12 0 2.91063e-12 0 5.57608e-12 0 9.32423e-12 0 1.42478e-11 0 2.03694e-11 0 2.77772e-11 0 3.65779e-11 0 4.6647e-11 0 5.79687e-11 0 7.05827e-11 0 8.49201e-11 0 1.00317e-10 0 1.16878e-10 0 1.34854e-10 0 1.54668e-10 0 1.75238e-10 0 1.975e-10 0 2.20768e-10 0 2.456e-10 0 2.71969e-10 0 2.98927e-10 0 3.28152e-10 0 3.56628e-10 0 3.88333e-10 0 4.19996e-10 0 4.55143e-10 0 4.88624e-10 0 5.2419e-10 0 5.61946e-10 0 6.00353e-10 0 6.39241e-10 0 6.80256e-10 0 7.21565e-10 0 7.64991e-10 0 8.08497e-10 0 8.5409e-10 0 9.01848e-10 0 9.46993e-10 0 9.94041e-10 0 1.04569e-09 0 1.0941e-09 0 1.14725e-09 0 1.1996e-09 0 1.25088e-09 0 1.30718e-09 0 1.36231e-09 0 1.41939e-09 0 1.47494e-09 0 1.53231e-09 0 1.59155e-09 0 1.65271e-09 0 1.71583e-09 0 1.78097e-09 0 1.83966e-09 0 1.90872e-09 0 1.97092e-09 0 2.03481e-09 0
38.9291 2.72386e-11 2.72369e-11 1.67866e-15 6.1628e-05 0.000127984 1.8357e-43 0 4.15996e-31 0 1.60445e-22 0 2.89199e-18 0 9.03032e-17 0 5.64031e-16 0 1.9178e-15 0 4.77035e-15 0 6.49335e-14 0 6.61206e-13 0 2.28683e-12 0 5.26226e-12 0 9.7663e-12 0 1.59262e-11 0 2.38373e-11 0 3.34896e-11 0 4.49823e-11 0 5.84435e-11 0 7.36521e-11 0 9.05623e-11 0 1.09214e-10 0 1.30217e-10 0 1.52581e-10 0 1.76449e-10 0 2.02169e-10 0 2.30327e-10 0 2.59373e-10 0 2.90622e-10 0 3.23099e-10 0 3.57576e-10 0 3.94001e-10 0 4.3106e-10 0 4.71054e-10 0 5.09855e-10 0 5.52879e-10 0 5.95673e-10 0 6.42994e-10 0 6.87905e-10 0 7.3545e-10 0 7.8575e-10 0 8.36748e-10 0 8.88221e-10 0 9.42346e-10 0 9.96698e-10 0 1.05367e-09 0 1.11059e-09 0 1.17008e-09 0 1.23223e-09 0 1.29083e-09 0 1.35176e-09 0 1.41849e-09 0 1.48088e-09 0 1.54922e-09 0 1.61639e-09 0 1.68205e-09 0 1.75399e-09 0 1.82427e-09 0 1.8969e-09 0 1.96745e-09 0 2.04017e-09 0 2.11513e-09 0 2.19236e-09 0 2.27194e-09 0 2.3539e-09 0 2.42763e-09 0 2.51423e-09 0 2.5921e-09 0 2.67196e-09 0
40.9273 2.52938e-11 2.52924e-11 1.39655e-15 5.5213e-05 0.000108438 1.09862e-41 0 6.21693e-30 0 9.13268e-22 0 1.02019e-17 0 2.69289e-16 0 1.53807e-15 0 4.92634e-15 0 1.17206e-14 0 1.40445e-13 0 1.27693e-12 0 4.15673e-12 0 9.18373e-12 0 1.65373e-11 0 2.63316e-11 0 3.8643e-11 0 5.33967e-11 0 7.06953e-11 0 9.06848e-11 0 1.13e-10 0 1.37549e-10 0 1.64368e-10 0 1.94303e-10 0 2.25918e-10 0 2.59411e-10 0 2.95256e-10 0 3.34244e-10 0 3.74218e-10 0 4.16981e-10 0 4.61187e-10 0 5.07878e-10 0 5.5697e-10 0 6.0669e-10 0 6.60114e-10 0 7.11732e-10 0 7.68743e-10 0 8.25238e-10 0 8.87477e-10 0 9.4634e-10 0 1.00845e-09 0 1.07395e-09 0 1.14014e-09 0 1.20676e-09 0 1.2766e-09 0 1.34654e-09 0 1.41966e-09 0 1.49251e-09 0 1.56846e-09 0 1.6476e-09 0 1.72204e-09 0 1.79927e-09 0 1.88364e-09 0 1.96237e-09 0 2.04842e-09 0 2.1328e-09 0 2.21513e-09 0 2.30515e-09 0 2.39293e-09 0 2.48346e-09 0 2.57123e-09 0 2.66155e-09 0 2.75448e-09 0 2.85007e-09 0 2.94838e-09 0 3.04946e-09 0 3.14024e-09 0 3.24671e-09 0 3.34228e-09 0 3.44016e-09 0
43.0281 2.30359e-11 2.30348e-11 1.16187e-15 5.04371e-05 9.10879e-05 5.20589e-40 0 7.85965e-29 0 4.60976e-21 0 3.26676e-17 0 7.34937e-16 0 3.8553e-15 0 1.16661e-14 0 2.66055e-14 0 2.82402e-13 0 2.30528e-12 0 7.08406e-12 0 1.50571e-11 0 2.6346e-11 0 4.10076e-11 0 5.90641e-11 0 8.03361e-11 0 1.04915e-10 0 1.32954e-10 0 1.639e-10 0 1.97602e-10 0 2.34085e-10 0 2.74465e-10 0 3.16783e-10 0 3.613e-10 0 4.08633e-10 0 4.59801e-10 0 5.11959e-10 0 5.67456e-10 0 6.24535e-10 0 6.84533e-10 0 7.47326e-10 0 8.10648e-10 0 8.78405e-10 0 9.43617e-10 0 1.01538e-09 0 1.08623e-09 0 1.16401e-09 0 1.23733e-09 0 1.31445e-09 0 1.39553e-09 0 1.47723e-09 0 1.55921e-09 0 1.64493e-09 0 1.73054e-09 0 1.8198e-09 0 1.90852e-09 0 2.00078e-09 0 2.09669e-09 0 2.1867e-09 0 2.27988e-09 0 2.38146e-09 0 2.47604e-09 0 2.5792e-09 0 2.68016e-09 0 2.77847e-09 0 2.88577e-09 0 2.9902e-09 0 3.0977e-09 0 3.20175e-09 0 3.30864e-09 0 3.41843e-09 0 3.53117e-09 0 3.64693e-09 0 3.76577e-09 0 3.87232e-09 0 3.99709e-09 0 4.10893e-09 0 4.22331e-09 0
45.2368 2.10588e-11 2.10578e-11 9.66191e-16 4.58806e-05 7.44449e-05 2.01684e-38 0 8.66523e-28 0 2.12216e-20 0 9.75489e-17 0 1.88512e-15 0 9.12017e-15 0 2.61452e-14 0 5.72739e-14 0 5.41708e-13 0 3.99116e-12 0 1.16106e-11 0 2.37862e-11 0 4.04982e-11 0 6.16885e-11 0 8.72825e-11 0 1.16948e-10 0 1.5075e-10 0 1.88842e-10 0 2.30432e-10 0 2.75289e-10 0 3.23428e-10 0 3.76285e-10 0 4.31272e-10 0 4.88731e-10 0 5.49446e-10 0 6.14695e-10 0 6.80843e-10 0 7.50864e-10 0 8.22534e-10 0 8.97526e-10 0 9.75668e-10 0 1.05414e-09 0 1.13778e-09 0 1.21799e-09 0 1.30593e-09 0 1.39246e-09 0 1.48715e-09 0 1.57611e-09 0 1.66942e-09 0 1.76722e-09 0 1.86549e-09 0 1.96383e-09 0 2.06639e-09 0 2.16855e-09 0 2.27481e-09 0 2.38018e-09 0 2.48949e-09 0 2.60288e-09 0 2.70906e-09 0 2.81874e-09 0 2.93807e-09 0 3.04896e-09 0 3.16967e-09 0 3.28758e-09 0 3.40218e-09 0 3.52703e-09 0 3.64833e-09 0 3.77298e-09 0 3.89343e-09 0 4.01697e-09 0 4.14365e-09 0 4.27354e-09 0 4.40669e-09 0 4.54317e-09 0 4.66537e-09 0 4.80824e-09 0 4.93612e-09 0 5.06672e-09 0
47.5588 1.87255e-11 1.87247e-11 8.01104e-16 4.27814e-05 6.06274e-05 6.25278e-37 0 8.12885e-27 0 8.67491e-20 0 2.64177e-16 0 4.41792e-15 0 1.97903e-14 0 5.38903e-14 0 1.13618e-13 0 9.62972e-13 0 6.43578e-12 0 1.77711e-11 0 3.51542e-11 0 5.83182e-11 0 8.7026e-11 0 1.21063e-10 0 1.59909e-10 0 2.0359e-10 0 2.52244e-10 0 3.0482e-10 0 3.61009e-10 0 4.20814e-10 0 4.85982e-10 0 5.53303e-10 0 6.23202e-10 0 6.96629e-10 0 7.75099e-10 0 8.54235e-10 0 9.37597e-10 0 1.02253e-09 0 1.11101e-09 0 1.20283e-09 0 1.29468e-09 0 1.3922e-09 0 1.48539e-09 0 1.58723e-09 0 1.68711e-09 0 1.79606e-09 0 1.89811e-09 0 2.00484e-09 0 2.1164e-09 0 2.2282e-09 0 2.33978e-09 0 2.45586e-09 0 2.57122e-09 0 2.69092e-09 0 2.80934e-09 0 2.93194e-09 0 3.05881e-09 0 3.17739e-09 0 3.29963e-09 0 3.43237e-09 0 3.55548e-09 0 3.68924e-09 0 3.81966e-09 0 3.94621e-09 0 4.08383e-09 0 4.21731e-09 0 4.35426e-09 0 4.48638e-09 0 4.62168e-09 0 4.76022e-09 0 4.90204e-09 0 5.04722e-09 0 5.19579e-09 0 5.32863e-09 0 5.48374e-09 0 5.62238e-09 0 5.76379e-09 0
50 1.68059e-11 1.68053e-11 6.60982e-16 3.93303e-05 4.99579e-05 1.62511e-35 0 6.77699e-26 0 3.28191e-19 0 6.75572e-16 0 9.84617e-15 0 4.09928e-14 0 1.06298e-13 0 2.16095e-13 0 1.65004e-12 0 1.00508e-11 0 2.64105e-11 0 5.05332e-11 0 8.17844e-11 0 1.19682e-10 0 1.6383e-10 0 2.13478e-10 0 2.68605e-10 0 3.29333e-10 0 3.94315e-10 0 4.6316e-10 0 5.35863e-10 0 6.14513e-10 0 6.95221e-10 0 7.78515e-10 0 8.65522e-10 0 9.5801e-10 0 1.05082e-09 0 1.14814e-09 0 1.24685e-09 0 1.34927e-09 0 1.45513e-09 0 1.56062e-09 0 1.67225e-09 0 1.77855e-09 0 1.89434e-09 0 2.00756e-09 0 2.13068e-09 0 2.24568e-09 0 2.36563e-09 0 2.49067e-09 0 2.61566e-09 0 2.74011e-09 0 2.86926e-09 0 2.99731e-09 0 3.12988e-09 0 3.26076e-09 0 3.39597e-09 0 3.53561e-09 0 3.66586e-09 0 3.79989e-09 0 3.94515e-09 0 4.07963e-09 0 4.22549e-09 0 4.36746e-09 0 4.50498e-09 0 4.6543e-09 0 4.79889e-09 0 4.94701e-09 0 5.08968e-09 0 5.23558e-09 0 5.38475e-09 0 5.53725e-09 0 5.69312e-09 0 5.85242e-09 0 5.99466e-09 0 6.16052e-09 0 6.30858e-09 0 6.45942e-09 0
52.5665 1.52239e-11 1.52234e-11 5.44989e-16 3.57982e-05 4.00283e-05 3.57327e-34 0 5.05267e-25 0 1.15403e-18 0 1.63674e-15 0 2.09297e-14 0 8.12754e-14 0 2.01174e-13 0 3.95047e-13 0 2.73145e-12 0 1.52331e-11 0 3.81837e-11 0 7.07814e-11 0 1.11893e-10 0 1.60727e-10 0 2.16668e-10 0 2.78704e-10 0 3.46764e-10 0 4.20953e-10 0 4.99601e-10 0 5.82237e-10 0 6.68853e-10 0 7.61911e-10 0 8.56801e-10 0 9.54168e-10 0 1.05533e-09 0 1.16233e-09 0 1.2692e-09 0 1.38075e-09 0 1.49344e-09 0 1.6099e-09 0 1.72982e-09 0 1.8489e-09 0 1.97447e-09 0 2.09368e-09 0 2.22314e-09 0 2.34934e-09 0 2.48618e-09 0 2.61366e-09 0 2.74628e-09 0 2.88419e-09 0 3.02169e-09 0 3.15829e-09 0 3.29972e-09 0 3.43965e-09 0 3.58421e-09 0 3.72664e-09 0 3.87348e-09 0 4.02483e-09 0 4.16574e-09 0 4.31049e-09 0 4.46708e-09 0 4.6118e-09 0 4.76851e-09 0 4.92078e-09 0 5.06806e-09 0 5.22772e-09 0 5.38209e-09 0 5.53998e-09 0 5.69186e-09 0 5.84695e-09 0 6.00531e-09 0 6.16697e-09 0 6.33199e-09 0 6.50041e-09 0 6.6506e-09 0 6.82552e-09 0 6.98148e-09 0 7.14017e-09 0
55.2648 1.38438e-11 1.38433e-11 4.49194e-16 3.24474e-05 3.08864e-05 6.66755e-33 0 3.37023e-24 0 3.76616e-18 0 3.74783e-15 0 4.23181e-14 0 1.538e-13 0 3.64208e-13 0 6.92019e-13 0 4.35374e-12 0 2.23263e-11 0 5.35083e-11 0 9.62444e-11 0 1.48782e-10 0 2.09969e-10 0 2.78953e-10 0 3.54438e-10 0 4.36313e-10 0 5.24672e-10 0 6.17513e-10 0 7.14294e-10 0 8.15019e-10 0 9.22529e-10 0 1.0315e-09 0 1.1427e-09 0 1.25765e-09 0 1.37865e-09 0 1.49895e-09 0 1.62401e-09 0 1.74984e-09 0 1.87939e-09 0 2.01231e-09 0 2.14387e-09 0 2.28214e-09 0 2.41301e-09 0 2.55473e-09 0 2.69249e-09 0 2.84146e-09 0 2.97988e-09 0 3.12352e-09 0 3.27254e-09 0 3.42078e-09 0 3.56772e-09 0 3.71953e-09 0 3.86941e-09 0 4.02395e-09 0 4.1759e-09 0 4.33226e-09 0 4.49314e-09 0 4.64264e-09 0 4.79597e-09 0 4.96156e-09 0 5.11434e-09 0 5.27951e-09 0 5.43976e-09 0 5.59451e-09 0 5.76204e-09 0 5.92377e-09 0 6.08896e-09 0 6.24765e-09 0 6.40948e-09 0 6.5745e-09 0 6.74275e-09 0 6.91426e-09 0 7.08909e-09 0 7.24482e-09 0 7.42596e-09 0 7.58728e-09 0 7.75124e-09 0
58.1015 1.23413e-11 1.2341e-11 3.70977e-16 3.00597e-05 2.02524e-05 1.03962e-31 0 1.97524e-23 0 1.1183e-17 0 7.94458e-15 0 7.96926e-14 0 2.71947e-13 0 6.17447e-13 0 1.13699e-12 0 6.53889e-12 0 3.09596e-11 0 7.10996e-11 0 1.24272e-10 0 1.88067e-10 0 2.60985e-10 0 3.41953e-10 0 4.29436e-10 0 5.233e-10 0 6.23635e-10 0 7.28174e-10 0 8.36334e-10 0 9.48144e-10 0 1.06674e-09 0 1.18626e-09 0 1.3076e-09 0 1.43243e-09 0 1.56321e-09 0 1.6927e-09 0 1.82677e-09 0 1.96115e-09 0 2.09902e-09 0 2.24e-09 0 2.37907e-09 0 2.52481e-09 0 2.66234e-09 0 2.81086e-09 0 2.95486e-09 0 3.11017e-09 0 3.25411e-09 0 3.40316e-09 0 3.55742e-09 0 3.71054e-09 0 3.86199e-09 0 4.01815e-09 0 4.17202e-09 0 4.33037e-09 0 4.48578e-09 0 4.64541e-09 0 4.80936e-09 0 4.96146e-09 0 5.1172e-09 0 5.28513e-09 0 5.43983e-09 0 5.60682e-09 0 5.76859e-09 0 5.92459e-09 0 6.09324e-09 0 6.25582e-09 0 6.42166e-09 0 6.58076e-09 0 6.74281e-09 0 6.90785e-09 0 7.07591e-09 0 7.24703e-09 0 7.42124e-09 0 7.57624e-09 0 7.75633e-09 0 7.91653e-09 0 8.07919e-09 0
61.0839 1.09605e-11 1.09602e-11 3.05727e-16 2.78935e-05 1.09574e-05 1.38726e-30 0 1.03921e-22 0 3.08148e-17 0 1.58873e-14 0 1.42399e-13 0 4.57665e-13 0 9.98333e-13 0 1.78438e-12 0 9.42194e-12 0 4.13487e-11 0 9.11811e-11 0 1.55086e-10 0 2.3e-10 0 3.1411e-10 0 4.06168e-10 0 5.04438e-10 0 6.08794e-10 0 7.19336e-10 0 8.33588e-10 0 9.50957e-10 0 1.07151e-09 0 1.19863e-09 0 1.32603e-09 0 1.45474e-09 0 1.58654e-09 0 1.72403e-09 0 1.8596e-09 0 1.99944e-09 0 2.13911e-09 0 2.28192e-09 0 2.42747e-09 0 2.57062e-09 0 2.7202e-09 0 2.86096e-09 0 3.01258e-09 0 3.1592e-09 0 3.31696e-09 0 3.46283e-09 0 3.61354e-09 0 3.76918e-09 0 3.92335e-09 0 4.07553e-09 0 4.23214e-09 0 4.38617e-09 0 4.54439e-09 0 4.69939e-09 0 4.85835e-09 0 5.02131e-09 0 5.17227e-09 0 5.3266e-09 0 5.49276e-09 0 5.64559e-09 0 5.81034e-09 0 5.9697e-09 0 6.12318e-09 0 6.28888e-09 0 6.44841e-09 0 6.61092e-09 0 6.76664e-09 0 6.92507e-09 0 7.08622e-09 0 7.25013e-09 0 7.41684e-09 0 7.58635e-09 0 7.73701e-09 0 7.91187e-09 0 8.06725e-09 0 8.22487e-09 0
64.2193 9.6982e-12 9.69795e-12 2.52149e-16 2.59995e-05 7.38574e-07 1.59614e-29 0 4.93341e-22 0 7.90745e-17 0 3.0054e-14 0 2.42023e-13 0 7.34752e-13 0 1.54288e-12 0 2.68058e-12 0 1.30497e-11 0 5.32795e-11 0 1.13041e-10 0 1.87345e-10 0 2.72548e-10 0 3.66599e-10 0 4.68129e-10 0 5.75276e-10 0 6.87943e-10 0 8.06266e-10 0 9.27629e-10 0 1.05146e-09 0 1.17787e-09 0 1.31042e-09 0 1.44259e-09 0 1.57547e-09 0 1.71096e-09 0 1.85171e-09 0 1.98997e-09 0 2.13206e-09 0 2.2735e-09 0 2.41764e-09 0 2.56411e-09 0 2.70775e-09 0 2.85741e-09 0 2.9979e-09 0 3.14884e-09 0 3.29446e-09 0 3.45077e-09 0 3.59498e-09 0 3.74366e-09 0 3.8969e-09 0 4.04837e-09 0 4.19762e-09 0 4.35093e-09 0 4.50143e-09 0 4.65577e-09 0 4.80672e-09 0 4.96126e-09 0 5.11945e-09 0 5.26576e-09 0 5.41513e-09 0 5.57571e-09 0 5.7232e-09 0 5.88197e-09 0 6.03535e-09 0 6.18288e-09 0 6.34194e-09 0 6.4949e-09 0 6.65054e-09 0 6.79948e-09 0 6.95085e-09 0 7.10465e-09 0 7.26091e-09 0 7.41966e-09 0 7.5809e-09 0 7.72407e-09 0 7.89006e-09 0 8.03742e-09 0 8.18674e-09 0
67.5157 8.69522e-12 8.69502e-12 2.06578e-16 2.37577e-05 -3.3926e-06 1.62186e-28 0 2.1597e-21 0 1.92823e-16 0 5.4836e-14 0 3.9883e-13 0 1.1469e-12 0 2.32265e-12 0 3.92798e-12 0 1.77003e-11 0 6.74704e-11 0 1.37988e-10 0 2.2312e-10 0 3.18707e-10 0 4.22529e-10 0 5.3315e-10 0 6.48623e-10 0 7.68916e-10 0 8.94215e-10 0 1.0218e-09 0 1.15115e-09 0 1.28243e-09 0 1.41935e-09 0 1.55519e-09 0 1.69117e-09 0 1.82923e-09 0 1.9721e-09 0 2.11192e-09 0 2.25513e-09 0 2.39722e-09 0 2.54159e-09 0 2.68785e-09 0 2.8309e-09 0 2.97955e-09 0 3.11875e-09 0 3.26795e-09 0 3.41156e-09 0 3.56536e-09 0 3.70697e-09 0 3.85268e-09 0 4.00256e-09 0 4.15043e-09 0 4.29587e-09 0 4.445e-09 0 4.59116e-09 0 4.74079e-09 0 4.88691e-09 0 5.03628e-09 0 5.18893e-09 0 5.32992e-09 0 5.47366e-09 0 5.62798e-09 0 5.76952e-09 0 5.9217e-09 0 6.06852e-09 0 6.20957e-09 0 6.36147e-09 0 6.50736e-09 0 6.65564e-09 0 6.79738e-09 0 6.94128e-09 0 7.08733e-09 0 7.23557e-09 0 7.386e-09 0 7.53864e-09 0 7.67404e-09 0 7.83087e-09 0 7.96996e-09 0 8.11079e-09 0
70.9813 7.50924e-12 7.50907e-12 1.69023e-16 2.25087e-05 -8.44825e-06 1.39282e-27 0 8.32597e-21 0 4.26073e-16 0 9.19562e-14 0 6.07058e-13 0 1.65795e-12 0 3.2439e-12 0 5.34702e-12 0 2.23873e-11 0 7.99399e-11 0 1.57879e-10 0 2.49364e-10 0 3.50051e-10 0 4.57741e-10 0 5.71065e-10 0 6.88137e-10 0 8.09018e-10 0 9.33951e-10 0 1.06029e-09 0 1.18759e-09 0 1.31608e-09 0 1.44941e-09 0 1.58107e-09 0 1.7123e-09 0 1.84502e-09 0 1.98186e-09 0 2.1153e-09 0 2.25154e-09 0 2.38629e-09 0 2.52281e-09 0 2.66074e-09 0 2.79528e-09 0 2.93475e-09 0 3.06503e-09 0 3.20437e-09 0 3.3382e-09 0 3.48123e-09 0 3.61265e-09 0 3.74762e-09 0 3.8862e-09 0 4.02267e-09 0 4.15667e-09 0 4.29385e-09 0 4.42807e-09 0 4.56527e-09 0 4.69905e-09 0 4.8356e-09 0 4.97496e-09 0 5.10349e-09 0 5.23436e-09 0 5.37467e-09 0 5.50321e-09 0 5.64124e-09 0 5.77424e-09 0 5.90187e-09 0 6.03916e-09 0 6.17087e-09 0 6.30459e-09 0 6.43229e-09 0 6.56179e-09 0 6.6931e-09 0 6.82624e-09 0 6.96122e-09 0 7.09805e-09 0 7.2193e-09 0 7.35963e-09 0 7.48397e-09 0 7.60975e-09 0
74.6248 6.5603e-12 6.56016e-12 1.38173e-16 2.1062e-05 -1.18128e-05 1.06851e-26 0 2.98168e-20 0 8.9866e-16 0 1.49187e-13 0 8.98179e-13 0 2.3356e-12 0 4.42246e-12 0 7.11396e-12 0 2.7774e-11 0 9.32002e-11 0 1.78054e-10 0 2.75026e-10 0 3.79738e-10 0 4.90107e-10 0 6.04884e-10 0 7.22291e-10 0 8.42499e-10 0 9.6582e-10 0 1.08971e-09 0 1.21382e-09 0 1.33843e-09 0 1.46712e-09 0 1.59363e-09 0 1.71922e-09 0 1.84576e-09 0 1.97576e-09 0 2.10212e-09 0 2.23072e-09 0 2.35756e-09 0 2.4857e-09 0 2.61483e-09 0 2.74047e-09 0 2.87041e-09 0 2.99152e-09 0 3.12077e-09 0 3.24465e-09 0 3.37679e-09 0 3.49797e-09 0 3.6222e-09 0 3.74953e-09 0 3.87471e-09 0 3.99743e-09 0 4.12285e-09 0 4.24539e-09 0 4.37046e-09 0 4.49224e-09 0 4.61637e-09 0 4.74288e-09 0 4.8594e-09 0 4.97791e-09 0 5.1048e-09 0 5.22091e-09 0 5.34544e-09 0 5.4653e-09 0 5.5802e-09 0 5.70366e-09 0 5.82197e-09 0 5.94197e-09 0 6.05644e-09 0 6.17242e-09 0 6.28992e-09 0 6.40893e-09 0 6.52948e-09 0 6.65156e-09 0 6.75966e-09 0 6.88465e-09 0 6.9953e-09 0 7.10715e-09 0
78.4553 5.67397e-12 5.67386e-12 1.13012e-16 1.99176e-05 -1.62456e-05 7.20978e-26 0 9.74764e-20 0 1.7756e-15 0 2.2966e-13 0 1.26664e-12 0 3.14358e-12 0 5.76969e-12 0 9.0682e-12 0 3.31261e-11 0 1.04781e-10 0 1.93953e-10 0 2.93298e-10 0 3.98644e-10 0 5.08147e-10 0 6.2075e-10 0 7.34857e-10 0 8.50753e-10 0 9.68815e-10 0 1.08669e-09 0 1.20411e-09 0 1.32143e-09 0 1.44203e-09 0 1.56009e-09 0 1.67684e-09 0 1.79406e-09 0 1.91408e-09 0 2.03037e-09 0 2.14838e-09 0 2.26444e-09 0 2.3814e-09 0 2.49896e-09 0 2.61308e-09 0 2.73083e-09 0 2.84036e-09 0 2.95701e-09 0 3.0686e-09 0 3.1874e-09 0 3.29614e-09 0 3.40745e-09 0 3.52133e-09 0 3.63312e-09 0 3.74253e-09 0 3.85419e-09 0 3.96312e-09 0 4.07416e-09 0 4.18212e-09 0 4.29202e-09 0 4.40388e-09 0 4.50679e-09 0 4.61132e-09 0 4.72313e-09 0 4.82532e-09 0 4.93479e-09 0 5.04005e-09 0 5.14084e-09 0 5.24904e-09 0 5.35262e-09 0 5.45757e-09 0 5.5576e-09 0 5.65885e-09 0 5.76133e-09 0 5.86504e-09 0 5.97e-09 0 6.0762e-09 0 6.17015e-09 0 6.2787e-09 0 6.37471e-09 0 6.4717e-09 0
82.4824 5.32312e-12 5.32303e-12 9.21537e-17 1.7312e-05 -1.22622e-05 4.71536e-25 0 3.20003e-19 0 3.61066e-15 0 3.68319e-13 0 1.86889e-12 0 4.43694e-12 0 7.90561e-12 0 1.21539e-11 0 4.16771e-11 0 1.24624e-10 0 2.23857e-10 0 3.31758e-10 0 4.44224e-10 0 5.5959e-10 0 6.7696e-10 0 7.94843e-10 0 9.13664e-10 0 1.0339e-09 0 1.15324e-09 0 1.27149e-09 0 1.38909e-09 0 1.50944e-09 0 1.6268e-09 0 1.74242e-09 0 1.85812e-09 0 1.97621e-09 0 2.09029e-09 0 2.20574e-09 0 2.31898e-09 0 2.43282e-09 0 2.54696e-09 0 2.65753e-09 0 2.77136e-09 0 2.87704e-09 0 2.98937e-09 0 3.09663e-09 0 3.21061e-09 0 3.31478e-09 0 3.42122e-09 0 3.52995e-09 0 3.63652e-09 0 3.74068e-09 0 3.84682e-09 0 3.95024e-09 0 4.0555e-09 0 4.15772e-09 0 4.26166e-09 0 4.36731e-09 0 4.46439e-09 0 4.56291e-09 0 4.66815e-09 0 4.76424e-09 0 4.86707e-09 0 4.96584e-09 0 5.06033e-09 0 5.16166e-09 0 5.25858e-09 0 5.35668e-09 0 5.4501e-09 0 5.54459e-09 0 5.64014e-09 0 5.73675e-09 0 5.83444e-09 0 5.93321e-09 0 6.02052e-09 0 6.12132e-09 0 6.2104e-09 0 6.30033e-09 0
86.7162 4.63037e-12 4.63029e-12 7.57754e-17 1.63649e-05 -2.06846e-05 2.56919e-24 0 9.05129e-19 0 6.47572e-15 0 5.27055e-13 0 2.47046e-12 0 5.62269e-12 0 9.73978e-12 0 1.46626e-11 0 4.73444e-11 0 1.34202e-10 0 2.34273e-10 0 3.40602e-10 0 4.49626e-10 0 5.60064e-10 0 6.71286e-10 0 7.82052e-10 0 8.92893e-10 0 1.00435e-09 0 1.11435e-09 0 1.22281e-09 0 1.33018e-09 0 1.43962e-09 0 1.54592e-09 0 1.6503e-09 0 1.75442e-09 0 1.86036e-09 0 1.96242e-09 0 2.06543e-09 0 2.16622e-09 0 2.2673e-09 0 2.36843e-09 0 2.46618e-09 0 2.56662e-09 0 2.65968e-09 0 2.75843e-09 0 2.85255e-09 0 2.95241e-09 0 3.04351e-09 0 3.13646e-09 0 3.23128e-09 0 3.32407e-09 0 3.41464e-09 0 3.50681e-09 0 3.5965e-09 0 3.68768e-09 0 3.77611e-09 0 3.86592e-09 0 3.95711e-09 0 4.04081e-09 0 4.12565e-09 0 4.2162e-09 0 4.29878e-09 0 4.38708e-09 0 4.4718e-09 0 4.55278e-09 0 4.63954e-09 0 4.72245e-09 0 4.8063e-09 0 4.88608e-09 0 4.9667e-09 0 5.04817e-09 0 5.13048e-09 0 5.21364e-09 0 5.29765e-09 0 5.37186e-09 0 5.45747e-09 0 5.53308e-09 0 5.60935e-09 0
91.1674 4.00193e-12 4.00186e-12 6.1905e-17 1.54688e-05 -2.34488e-05 1.25623e-23 0 2.37226e-18 0 1.10038e-14 0 7.22488e-13 0 3.14048e-12 0 6.86633e-12 0 1.15793e-11 0 1.70872e-11 0 5.21053e-11 0 1.40378e-10 0 2.38489e-10 0 3.40469e-10 0 4.43417e-10 0 5.46462e-10 0 6.49242e-10 0 7.50782e-10 0 8.51696e-10 0 9.52557e-10 0 1.05157e-09 0 1.14875e-09 0 1.24454e-09 0 1.34179e-09 0 1.43592e-09 0 1.52804e-09 0 1.61965e-09 0 1.7126e-09 0 1.8019e-09 0 1.89181e-09 0 1.97958e-09 0 2.06741e-09 0 2.15509e-09 0 2.23967e-09 0 2.32642e-09 0 2.40665e-09 0 2.49164e-09 0 2.57251e-09 0 2.65817e-09 0 2.7362e-09 0 2.8157e-09 0 2.89668e-09 0 2.97583e-09 0 3.05297e-09 0 3.13139e-09 0 3.20759e-09 0 3.28498e-09 0 3.35994e-09 0 3.43599e-09 0 3.51313e-09 0 3.58385e-09 0 3.65547e-09 0 3.73184e-09 0 3.80141e-09 0 3.87574e-09 0 3.94698e-09 0 4.01502e-09 0 4.08786e-09 0 4.1574e-09 0 4.22768e-09 0 4.29449e-09 0 4.36196e-09 0 4.43007e-09 0 4.49885e-09 0 4.56828e-09 0 4.63837e-09 0 4.70023e-09 0 4.77156e-09 0 4.83451e-09 0 4.89797e-09 0
95.847 3.44715e-12 3.4471e-12 5.03492e-17 1.4606e-05 -2.11869e-05 5.55686e-23 0 5.79858e-18 0 1.78113e-14 0 9.53357e-13 0 3.85713e-12 0 8.11723e-12 0 1.3344e-11 0 1.93209e-11 0 5.57967e-11 0 1.43231e-10 0 2.37135e-10 0 3.32722e-10 0 4.278e-10 0 5.21893e-10 0 6.1489e-10 0 7.06067e-10 0 7.96095e-10 0 8.85563e-10 0 9.72954e-10 0 1.05833e-09 0 1.14216e-09 0 1.22695e-09 0 1.30874e-09 0 1.38854e-09 0 1.46766e-09 0 1.54773e-09 0 1.62447e-09 0 1.70154e-09 0 1.77661e-09 0 1.85157e-09 0 1.92626e-09 0 1.99817e-09 0 2.07179e-09 0 2.13977e-09 0 2.21166e-09 0 2.27996e-09 0 2.35219e-09 0 2.41789e-09 0 2.48475e-09 0 2.55276e-09 0 2.61914e-09 0 2.68376e-09 0 2.74937e-09 0 2.81306e-09 0 2.87766e-09 0 2.94018e-09 0 3.00353e-09 0 3.06771e-09 0 3.12651e-09 0 3.186e-09 0 3.24937e-09 0 3.30705e-09 0 3.36862e-09 0 3.42758e-09 0 3.48385e-09 0 3.54403e-09 0 3.60144e-09 0 3.65942e-09 0 3.7145e-09 0 3.77007e-09 0 3.82615e-09 0 3.88272e-09 0 3.93979e-09 0 3.99736e-09 0 4.04815e-09 0 4.10666e-09 0 4.15827e-09 0 4.21027e-09 0
100.767 3.05553e-12 3.05549e-12 4.1078e-17 1.34438e-05 -1.99093e-05 2.30688e-22 0 1.36929e-17 0 2.84184e-14 0 1.25246e-12 0 4.73303e-12 0 9.60524e-12 0 1.54116e-11 0 2.19152e-11 0 6.00976e-11 0 1.47344e-10 0 2.38033e-10 0 3.28531e-10 0 4.17289e-10 0 5.0419e-10 0 5.89336e-10 0 6.72215e-10 0 7.53545e-10 0 8.33935e-10 0 9.12085e-10 0 9.88114e-10 0 1.06248e-09 0 1.13743e-09 0 1.2095e-09 0 1.2796e-09 0 1.34894e-09 0 1.41891e-09 0 1.48582e-09 0 1.55286e-09 0 1.61804e-09 0 1.68298e-09 0 1.74757e-09 0 1.80965e-09 0 1.87309e-09 0 1.93157e-09 0 1.99333e-09 0 2.05192e-09 0 2.11379e-09 0 2.17e-09 0 2.22711e-09 0 2.28514e-09 0 2.34171e-09 0 2.39672e-09 0 2.45251e-09 0 2.5066e-09 0 2.56141e-09 0 2.6144e-09 0 2.66805e-09 0 2.72235e-09 0 2.77204e-09 0 2.82227e-09 0 2.87574e-09 0 2.92436e-09 0 2.97622e-09 0 3.02584e-09 0 3.07316e-09 0 3.12373e-09 0 3.17194e-09 0 3.22059e-09 0 3.26677e-09 0 3.31333e-09 0 3.36029e-09 0 3.40763e-09 0 3.45535e-09 0 3.50347e-09 0 3.54588e-09 0 3.59472e-09 0 3.63777e-09 0 3.68112e-09 0
105.939 2.71776e-12 2.71772e-12 3.35023e-17 1.23272e-05 -1.74119e-05 8.80387e-22 0 3.05549e-17 0 4.36749e-14 0 1.60001e-12 0 5.66645e-12 0 1.1109e-11 0 1.74179e-11 0 2.43463e-11 0 6.35593e-11 0 1.49173e-10 0 2.35435e-10 0 3.19905e-10 0 4.01655e-10 0 4.80882e-10 0 5.57873e-10 0 6.32304e-10 0 7.0492e-10 0 7.7633e-10 0 8.45437e-10 0 9.124e-10 0 9.77659e-10 0 1.04322e-09 0 1.10607e-09 0 1.16703e-09 0 1.22717e-09 0 1.28773e-09 0 1.34549e-09 0 1.40326e-09 0 1.45929e-09 0 1.51504e-09 0 1.57037e-09 0 1.62346e-09 0 1.67764e-09 0 1.72751e-09 0 1.78009e-09 0 1.8299e-09 0 1.88244e-09 0 1.9301e-09 0 1.97848e-09 0 2.02757e-09 0 2.07538e-09 0 2.12181e-09 0 2.16885e-09 0 2.21442e-09 0 2.26054e-09 0 2.30509e-09 0 2.35015e-09 0 2.39572e-09 0 2.43738e-09 0 2.47947e-09 0 2.52422e-09 0 2.56489e-09 0 2.60823e-09 0 2.64967e-09 0 2.68916e-09 0 2.73133e-09 0 2.77151e-09 0 2.81202e-09 0 2.85045e-09 0 2.88918e-09 0 2.9282e-09 0 2.96753e-09 0 3.00714e-09 0 3.04706e-09 0 3.08223e-09 0 3.1227e-09 0 3.15835e-09 0 3.19423e-09 0
111.377 2.4215e-12 2.42147e-12 2.73974e-17 1.13143e-05 -1.79286e-05 3.09654e-21 0 6.45066e-17 0 6.46709e-14 0 1.98723e-12 0 6.61647e-12 0 1.25523e-11 0 1.92537e-11 0 2.64762e-11 0 6.59615e-11 0 1.48518e-10 0 2.29269e-10 0 3.06938e-10 0 3.81162e-10 0 4.52404e-10 0 5.21099e-10 0 5.87082e-10 0 6.51101e-10 0 7.13754e-10 0 7.74129e-10 0 8.3241e-10 0 8.89015e-10 0 9.45704e-10 0 9.99891e-10 0 1.05232e-09 0 1.10392e-09 0 1.15575e-09 0 1.20509e-09 0 1.25433e-09 0 1.30201e-09 0 1.34936e-09 0 1.39628e-09 0 1.44123e-09 0 1.48702e-09 0 1.52912e-09 0 1.57344e-09 0 1.61538e-09 0 1.65956e-09 0 1.69959e-09 0 1.74017e-09 0 1.78131e-09 0 1.82132e-09 0 1.86015e-09 0 1.89945e-09 0 1.93748e-09 0 1.97593e-09 0 2.01305e-09 0 2.05055e-09 0 2.08844e-09 0 2.12307e-09 0 2.15801e-09 0 2.19514e-09 0 2.22886e-09 0 2.26476e-09 0 2.29907e-09 0 2.33173e-09 0 2.3666e-09 0 2.39979e-09 0 2.43324e-09 0 2.46495e-09 0 2.49689e-09 0 2.52905e-09 0 2.56144e-09 0 2.59405e-09 0 2.62689e-09 0 2.65581e-09 0 2.68907e-09 0 2.71836e-09 0 2.74782e-09 0
117.094 2.16507e-12 2.16504e-12 2.23322e-17 1.03148e-05 -1.38787e-05 1.00966e-20 0 1.29433e-16 0 9.26027e-14 0 2.40734e-12 0 7.55823e-12 0 1.38979e-11 0 2.08774e-11 0 2.82666e-11 0 6.73598e-11 0 1.45803e-10 0 2.20397e-10 0 2.90935e-10 0 3.57542e-10 0 4.20891e-10 0 4.81528e-10 0 5.39416e-10 0 5.9529e-10 0 6.49723e-10 0 7.01966e-10 0 7.52218e-10 0 8.00869e-10 0 8.4945e-10 0 8.9576e-10 0 9.40461e-10 0 9.84349e-10 0 1.02834e-09 0 1.07014e-09 0 1.11178e-09 0 1.15202e-09 0 1.19192e-09 0 1.23139e-09 0 1.26916e-09 0 1.30758e-09 0 1.34284e-09 0 1.37993e-09 0 1.41498e-09 0 1.45185e-09 0 1.48523e-09 0 1.51903e-09 0 1.55326e-09 0 1.58652e-09 0 1.61876e-09 0 1.65136e-09 0 1.68288e-09 0 1.71473e-09 0 1.74544e-09 0 1.77645e-09 0 1.80775e-09 0 1.83633e-09 0 1.86516e-09 0 1.89576e-09 0 1.92354e-09 0 1.95309e-09 0 1.98131e-09 0 2.00817e-09 0 2.03681e-09 0 2.06407e-09 0 2.09151e-09 0 2.11752e-09 0 2.1437e-09 0 2.17004e-09 0 2.19656e-09 0 2.22325e-09 0 2.25011e-09 0 2.27375e-09 0 2.30092e-09 0 2.32484e-09 0 2.34888e-09 0
123.105 1.89795e-12 1.89793e-12 1.8302e-17 9.64306e-06 -1.80059e-05 2.99333e-20 0 2.41803e-16 0 1.25507e-13 0 2.78297e-12 0 8.26309e-12 0 1.47492e-11 0 2.17211e-11 0 2.89779e-11 0 6.61981e-11 0 1.38023e-10 0 2.04515e-10 0 2.66389e-10 0 3.24156e-10 0 3.78625e-10 0 4.30403e-10 0 4.79549e-10 0 5.26752e-10 0 5.72541e-10 0 6.16322e-10 0 6.58293e-10 0 6.98805e-10 0 7.39146e-10 0 7.77505e-10 0 8.14445e-10 0 8.50636e-10 0 8.86843e-10 0 9.21174e-10 0 9.55317e-10 0 9.88265e-10 0 1.02088e-09 0 1.0531e-09 0 1.08387e-09 0 1.11514e-09 0 1.14381e-09 0 1.17393e-09 0 1.20236e-09 0 1.23223e-09 0 1.25924e-09 0 1.28657e-09 0 1.31421e-09 0 1.34105e-09 0 1.36705e-09 0 1.39331e-09 0 1.41868e-09 0 1.44429e-09 0 1.46897e-09 0 1.49386e-09 0 1.51898e-09 0 1.5419e-09 0 1.56499e-09 0 1.5895e-09 0 1.61172e-09 0 1.63536e-09 0 1.65791e-09 0 1.67936e-09 0 1.70222e-09 0 1.72396e-09 0 1.74585e-09 0 1.76657e-09 0 1.78742e-09 0 1.80839e-09 0 1.82949e-09 0 1.85072e-09 0 1.87206e-09 0 1.89084e-09 0 1.91242e-09 0 1.93141e-09 0 1.95048e-09 0
129.424 1.66719e-12 1.66718e-12 1.49044e-17 8.9398e-06 -1.2434e-05 8.2772e-20 0 4.30943e-16 0 1.64839e-13 0 3.14195e-12 0 8.84655e-12 0 1.53509e-11 0 2.21848e-11 0 2.91842e-11 0 6.40462e-11 0 1.28873e-10 0 1.87378e-10 0 2.40996e-10 0 2.90523e-10 0 3.36844e-10 0 3.80588e-10 0 4.21884e-10 0 4.61365e-10 0 4.99509e-10 0 5.3585e-10 0 5.70579e-10 0 6.04006e-10 0 6.37205e-10 0 6.68699e-10 0 6.98962e-10 0 7.28552e-10 0 7.58099e-10 0 7.86066e-10 0 8.13835e-10 0 8.4059e-10 0 8.67033e-10 0 8.93123e-10 0 9.18013e-10 0 9.43271e-10 0 9.664e-10 0 9.90669e-10 0 1.01355e-09 0 1.03757e-09 0 1.05927e-09 0 1.08121e-09 0 1.10338e-09 0 1.12488e-09 0 1.14569e-09 0 1.16669e-09 0 1.18697e-09 0 1.20742e-09 0 1.22712e-09 0 1.24697e-09 0 1.26699e-09 0 1.28524e-09 0 1.30362e-09 0 1.32311e-09 0 1.34077e-09 0 1.35955e-09 0 1.37745e-09 0 1.39447e-09 0 1.41261e-09 0 1.42984e-09 0 1.44718e-09 0 1.46359e-09 0 1.48009e-09 0 1.49668e-09 0 1.51336e-09 0 1.53014e-09 0 1.547e-09 0 1.56183e-09 0 1.57886e-09 0 1.59383e-09 0 1.60888e-09 0
136.067 1.48149e-12 1.48148e-12 1.2198e-17 8.23359e-06 -1.34847e-05 2.1627e-19 0 7.41444e-16 0 2.12141e-13 0 3.5017e-12 0 9.37406e-12 0 1.58353e-11 0 2.24784e-11 0 2.91787e-11 0 6.1639e-11 0 1.19916e-10 0 1.71255e-10 0 2.17633e-10 0 2.60042e-10 0 2.99402e-10 0 3.36345e-10 0 3.71042e-10 0 4.04071e-10 0 4.3586e-10 0 4.66045e-10 0 4.94806e-10 0 5.22416e-10 0 5.49771e-10 0 5.75662e-10 0 6.00491e-10 0 6.24724e-10 0 6.48878e-10 0 6.71703e-10 0 6.94331e-10 0 7.16102e-10 0 7.37589e-10 0 7.58763e-10 0 7.78938e-10 0 7.99388e-10 0 8.18093e-10 0 8.377e-10 0 8.56169e-10 0 8.75539e-10 0 8.93018e-10 0 9.10672e-10 0 9.285e-10 0 9.45778e-10 0 9.62485e-10 0 9.79337e-10 0 9.95592e-10 0 1.01198e-09 0 1.02774e-09 0 1.04363e-09 0 1.05963e-09 0 1.07422e-09 0 1.08889e-09 0 1.10445e-09 0 1.11854e-09 0 1.13351e-09 0 1.14778e-09 0 1.16133e-09 0 1.17576e-09 0 1.18947e-09 0 1.20326e-09 0 1.2163e-09 0 1.22941e-09 0 1.24258e-09 0 1.25582e-09 0 1.26913e-09 0 1.2825e-09 0 1.29426e-09 0 1.30776e-09 0 1.31962e-09 0 1.33153e-09 0
143.051 1.32433e-12 1.32432e-12 9.93432e-18 7.50141e-06 -6.20636e-06 5.32747e-19 0 1.22745e-15 0 2.66449e-13 0 3.83566e-12 0 9.78687e-12 0 1.6116e-11 0 2.24906e-11 0 2.88272e-11 0 5.87317e-11 0 1.10663e-10 0 1.55377e-10 0 1.95225e-10 0 2.31318e-10 0 2.64576e-10 0 2.9561e-10 0 3.24619e-10 0 3.5212e-10 0 3.78494e-10 0 4.0346e-10 0 4.27182e-10 0 4.49898e-10 0 4.72353e-10 0 4.93562e-10 0 5.13863e-10 0 5.33641e-10 0 5.53323e-10 0 5.71893e-10 0 5.90277e-10 0 6.0794e-10 0 6.25351e-10 0 6.42488e-10 0 6.58797e-10 0 6.7531e-10 0 6.904e-10 0 7.06202e-10 0 7.21073e-10 0 7.36655e-10 0 7.50704e-10 0 7.64882e-10 0 7.79188e-10 0 7.93042e-10 0 8.06429e-10 0 8.19923e-10 0 8.32929e-10 0 8.46033e-10 0 8.58631e-10 0 8.71317e-10 0 8.84091e-10 0 8.95722e-10 0 9.07425e-10 0 9.1982e-10 0 9.31041e-10 0 9.42955e-10 0 9.54306e-10 0 9.65083e-10 0 9.76555e-10 0 9.87447e-10 0 9.98393e-10 0 1.00875e-09 0 1.01915e-09 0 1.0296e-09 0 1.04009e-09 0 1.05064e-09 0 1.06123e-09 0 1.07054e-09 0 1.08122e-09 0 1.0906e-09 0 1.10003e-09 0
150.394 1.18646e-12 1.18645e-12 8.13466e-18 6.85624e-06 -7.78615e-06 1.23653e-18 0 1.95217e-15 0 3.25874e-13 0 4.11869e-12 0 1.00403e-11 0 1.61373e-11 0 2.2159e-11 0 2.80626e-11 0 5.52435e-11 0 1.00981e-10 0 1.39521e-10 0 1.73429e-10 0 2.03868e-10 0 2.31726e-10 0 2.57581e-10 0 2.81639e-10 0 3.04361e-10 0 3.26079e-10 0 3.46577e-10 0 3.66004e-10 0 3.84563e-10 0 4.0287e-10 0 4.20127e-10 0 4.36617e-10 0 4.52655e-10 0 4.68591e-10 0 4.83605e-10 0 4.98449e-10 0 5.12693e-10 0 5.26717e-10 0 5.40504e-10 0 5.53612e-10 0 5.66871e-10 0 5.78975e-10 0 5.91639e-10 0 6.03546e-10 0 6.16012e-10 0 6.27243e-10 0 6.38569e-10 0 6.49988e-10 0 6.61039e-10 0 6.7171e-10 0 6.82459e-10 0 6.92813e-10 0 7.03238e-10 0 7.13256e-10 0 7.23337e-10 0 7.33481e-10 0 7.42715e-10 0 7.51999e-10 0 7.61828e-10 0 7.70723e-10 0 7.80161e-10 0 7.89149e-10 0 7.97679e-10 0 8.06755e-10 0 8.15368e-10 0 8.24021e-10 0 8.32201e-10 0 8.40416e-10 0 8.48666e-10 0 8.56951e-10 0 8.6527e-10 0 8.73624e-10 0 8.80962e-10 0 8.8938e-10 0 8.96773e-10 0 9.04193e-10 0
158.114 1.03487e-12 1.03486e-12 6.64552e-18 6.42163e-06 -5.73195e-06 2.63494e-18 0 2.90355e-15 0 3.77531e-13 0 4.2162e-12 0 9.84187e-12 0 1.54581e-11 0 2.09029e-11 0 2.61714e-11 0 4.98689e-11 0 8.85762e-11 0 1.20532e-10 0 1.4831e-10 0 1.73038e-10 0 1.95526e-10 0 2.16291e-10 0 2.35532e-10 0 2.53638e-10 0 2.70892e-10 0 2.87131e-10 0 3.02485e-10 0 3.17121e-10 0 3.31529e-10 0 3.45087e-10 0 3.5802e-10 0 3.7058e-10 0 3.83042e-10 0 3.94767e-10 0 4.06345e-10 0 4.17443e-10 0 4.28357e-10 0 4.39075e-10 0 4.49255e-10 0 4.59543e-10 0 4.68927e-10 0 4.78736e-10 0 4.87952e-10 0 4.97592e-10 0 5.06272e-10 0 5.15018e-10 0 5.2383e-10 0 5.32352e-10 0 5.40577e-10 0 5.48856e-10 0 5.56827e-10 0 5.64847e-10 0 5.7255e-10 0 5.80298e-10 0 5.8809e-10 0 5.95179e-10 0 6.02304e-10 0 6.09843e-10 0 6.16662e-10 0 6.23895e-10 0 6.30779e-10 0 6.37311e-10 0 6.44257e-10 0 6.50847e-10 0 6.57464e-10 0 6.63718e-10 0 6.69996e-10 0 6.76298e-10 0 6.82625e-10 0 6.88976e-10 0 6.95351e-10 0 7.00948e-10 0 7.07368e-10 0 7.13005e-10 0 7.1866e-10 0
166.23 9.19084e-13 9.19078e-13 5.4255e-18 5.90316e-06 -1.41877e-06 5.40661e-18 0 4.23209e-15 0 4.33883e-13 0 4.30768e-12 0 9.64957e-12 0 1.48282e-11 0 1.97609e-11 0 2.44751e-11 0 4.52183e-11 0 7.81615e-11 0 1.0484e-10 0 1.27769e-10 0 1.48021e-10 0 1.66328e-10 0 1.83153e-10 0 1.98681e-10 0 2.13246e-10 0 2.27084e-10 0 2.40075e-10 0 2.52329e-10 0 2.63988e-10 0 2.75444e-10 0 2.86206e-10 0 2.96455e-10 0 3.06395e-10 0 3.16245e-10 0 3.255e-10 0 3.34629e-10 0 3.4337e-10 0 3.51957e-10 0 3.60382e-10 0 3.68377e-10 0 3.76449e-10 0 3.83805e-10 0 3.9149e-10 0 3.98704e-10 0 4.06245e-10 0 4.1303e-10 0 4.19862e-10 0 4.26742e-10 0 4.33391e-10 0 4.39804e-10 0 4.46256e-10 0 4.52465e-10 0 4.58709e-10 0 4.64702e-10 0 4.70727e-10 0 4.76785e-10 0 4.82292e-10 0 4.87826e-10 0 4.93678e-10 0 4.9897e-10 0 5.0458e-10 0 5.09918e-10 0 5.1498e-10 0 5.20362e-10 0 5.25465e-10 0 5.30588e-10 0 5.35428e-10 0 5.40285e-10 0 5.45159e-10 0 5.5005e-10 0 5.54959e-10 0 5.59885e-10 0 5.64208e-10 0 5.69166e-10 0 5.73517e-10 0 5.77881e-10 0
174.763 8.17334e-13 8.17329e-13 4.43368e-18 5.42456e-06 1.18977e-06 1.0534e-17 0 5.95586e-15 0 4.8708e-13 0 4.32407e-12 0 9.31457e-12 0 1.40193e-11 0 1.84264e-11 0 2.2589e-11 0 4.05304e-11 0 6.8279e-11 0 9.03468e-11 0 1.09114e-10 0 1.25567e-10 0 1.40358e-10 0 1.5389e-10 0 1.66334e-10 0 1.7797e-10 0 1.88995e-10 0 1.99321e-10 0 2.09041e-10 0 2.18271e-10 0 2.27325e-10 0 2.35817e-10 0 2.43893e-10 0 2.51715e-10 0 2.59456e-10 0 2.66723e-10 0 2.73881e-10 0 2.80729e-10 0 2.8745e-10 0 2.94038e-10 0 3.00284e-10 0 3.06586e-10 0 3.12325e-10 0 3.18315e-10 0 3.23935e-10 0 3.29805e-10 0 3.35083e-10 0 3.40395e-10 0 3.45741e-10 0 3.50905e-10 0 3.55882e-10 0 3.60888e-10 0 3.65702e-10 0 3.70541e-10 0 3.75183e-10 0 3.79849e-10 0 3.84537e-10 0 3.88798e-10 0 3.93077e-10 0 3.97601e-10 0 4.01689e-10 0 4.06022e-10 0 4.10144e-10 0 4.14051e-10 0 4.18204e-10 0 4.2214e-10 0 4.2609e-10 0 4.2982e-10 0 4.33563e-10 0 4.37318e-10 0 4.41085e-10 0 4.44863e-10 0 4.48654e-10 0 4.51981e-10 0 4.55794e-10 0 4.59141e-10 0 4.62496e-10 0
183.733 7.21446e-13 7.21442e-13 3.62001e-18 5.01771e-06 5.77255e-06 1.93679e-17 0 8.03624e-15 0 5.30088e-13 0 4.23123e-12 0 8.78216e-12 0 1.29602e-11 0 1.68125e-11 0 2.04109e-11 0 3.56216e-11 0 5.8568e-11 0 7.65083e-11 0 9.16141e-11 0 1.04767e-10 0 1.16529e-10 0 1.27246e-10 0 1.37068e-10 0 1.46225e-10 0 1.5488e-10 0 1.62968e-10 0 1.70566e-10 0 1.77769e-10 0 1.84823e-10 0 1.9143e-10 0 1.97705e-10 0 2.03775e-10 0 2.09775e-10 0 2.15401e-10 0 2.20939e-10 0 2.26231e-10 0 2.3142e-10 0 2.36503e-10 0 2.41318e-10 0 2.46172e-10 0 2.5059e-10 0 2.55198e-10 0 2.59518e-10 0 2.64028e-10 0 2.68081e-10 0 2.72157e-10 0 2.76258e-10 0 2.80216e-10 0 2.8403e-10 0 2.87863e-10 0 2.91548e-10 0 2.95251e-10 0 2.98802e-10 0 3.02368e-10 0 3.05951e-10 0 3.09205e-10 0 3.12473e-10 0 3.15926e-10 0 3.19046e-10 0 3.22351e-10 0 3.25493e-10 0 3.28472e-10 0 3.31636e-10 0 3.34634e-10 0 3.37642e-10 0 3.40482e-10 0 3.43331e-10 0 3.46188e-10 0 3.49053e-10 0 3.51927e-10 0 3.54809e-10 0 3.57337e-10 0 3.60235e-10 0 3.62777e-10 0 3.65325e-10 0
193.164 6.50832e-13 6.50829e-13 2.95555e-18 4.54119e-06 1.06959e-05 3.46871e-17 0 1.07231e-14 0 5.76528e-13 0 4.15969e-12 0 8.33455e-12 0 1.20721e-11 0 1.54671e-11 0 1.86052e-11 0 3.16303e-11 0 5.08245e-11 0 6.55935e-11 0 7.79138e-11 0 8.85725e-11 0 9.80586e-11 0 1.06668e-10 0 1.14534e-10 0 1.21847e-10 0 1.28743e-10 0 1.35175e-10 0 1.41206e-10 0 1.46914e-10 0 1.52495e-10 0 1.57716e-10 0 1.62668e-10 0 1.67454e-10 0 1.72179e-10 0 1.76605e-10 0 1.80958e-10 0 1.85114e-10 0 1.89186e-10 0 1.93171e-10 0 1.96944e-10 0 2.00745e-10 0 2.04201e-10 0 2.07805e-10 0 2.11181e-10 0 2.14704e-10 0 2.17868e-10 0 2.21048e-10 0 2.24246e-10 0 2.27332e-10 0 2.30303e-10 0 2.33289e-10 0 2.36157e-10 0 2.39038e-10 0 2.418e-10 0 2.44573e-10 0 2.47358e-10 0 2.49886e-10 0 2.52424e-10 0 2.55105e-10 0 2.57526e-10 0 2.60091e-10 0 2.62529e-10 0 2.64838e-10 0 2.67291e-10 0 2.69614e-10 0 2.71945e-10 0 2.74145e-10 0 2.7635e-10 0 2.78562e-10 0 2.8078e-10 0 2.83003e-10 0 2.85233e-10 0 2.87188e-10 0 2.89428e-10 0 2.91393e-10 0 2.93363e-10 0
203.079 5.90735e-13 5.90733e-13 2.41698e-18 4.09148e-06 1.24359e-05 5.97119e-17 0 1.39519e-14 0 6.17581e-13 0 4.04809e-12 0 7.84414e-12 0 1.11625e-11 0 1.41344e-11 0 1.68544e-11 0 2.79525e-11 0 4.39516e-11 0 5.60792e-11 0 6.61088e-11 0 7.47339e-11 0 8.23756e-11 0 8.92867e-11 0 9.55817e-11 0 1.0142e-10 0 1.06914e-10 0 1.12027e-10 0 1.16814e-10 0 1.21338e-10 0 1.25756e-10 0 1.29883e-10 0 1.33794e-10 0 1.37568e-10 0 1.41292e-10 0 1.44777e-10 0 1.482e-10 0 1.51467e-10 0 1.54665e-10 0 1.57793e-10 0 1.60752e-10 0 1.63731e-10 0 1.66439e-10 0 1.6926e-10 0 1.71902e-10 0 1.74658e-10 0 1.77131e-10 0 1.79616e-10 0 1.82113e-10 0 1.84522e-10 0 1.8684e-10 0 1.89169e-10 0 1.91405e-10 0 1.93651e-10 0 1.95802e-10 0 1.97962e-10 0 2.0013e-10 0 2.02098e-10 0 2.04072e-10 0 2.06157e-10 0 2.0804e-10 0 2.10033e-10 0 2.11928e-10 0 2.13722e-10 0 2.15627e-10 0 2.17431e-10 0 2.1924e-10 0 2.20947e-10 0 2.22658e-10 0 2.24374e-10 0 2.26093e-10 0 2.27817e-10 0 2.29545e-10 0 2.31061e-10 0 2.32797e-10 0 2.34319e-10 0 2.35844e-10 0
213.503 5.27076e-13 5.27074e-13 1.9757e-18 3.74841e-06 1.52825e-05 9.67464e-17 0 1.73208e-14 0 6.37275e-13 0 3.81323e-12 0 7.15841e-12 0 1.00174e-11 0 1.2544e-11 0 1.48351e-11 0 2.40341e-11 0 3.70254e-11 0 4.67363e-11 0 5.47026e-11 0 6.15154e-11 0 6.75263e-11 0 7.29445e-11 0 7.78661e-11 0 8.24203e-11 0 8.66969e-11 0 9.06706e-11 0 9.4385e-11 0 9.78903e-11 0 1.01309e-10 0 1.04499e-10 0 1.07518e-10 0 1.1043e-10 0 1.133e-10 0 1.15983e-10 0 1.18618e-10 0 1.2113e-10 0 1.23587e-10 0 1.25989e-10 0 1.2826e-10 0 1.30544e-10 0 1.3262e-10 0 1.34781e-10 0 1.36805e-10 0 1.38913e-10 0 1.40805e-10 0 1.42705e-10 0 1.44614e-10 0 1.46455e-10 0 1.48225e-10 0 1.50003e-10 0 1.5171e-10 0 1.53423e-10 0 1.55064e-10 0 1.5671e-10 0 1.58362e-10 0 1.59862e-10 0 1.61366e-10 0 1.62954e-10 0 1.64387e-10 0 1.65904e-10 0 1.67345e-10 0 1.6871e-10 0 1.70159e-10 0 1.7153e-10 0 1.72905e-10 0 1.74203e-10 0 1.75503e-10 0 1.76806e-10 0 1.78112e-10 0 1.79421e-10 0 1.80733e-10 0 1.81883e-10 0 1.832e-10 0 1.84355e-10 0 1.85512e-10 0
224.463 4.75375e-13 4.75373e-13 1.61538e-18 3.39811e-06 1.72199e-05 1.52031e-16 0 2.11287e-14 0 6.52049e-13 0 3.57819e-12 0 6.51835e-12 0 8.97816e-12 0 1.11249e-11 0 1.30546e-11 0 2.06872e-11 0 3.1261e-11 0 3.90624e-11 0 4.54144e-11 0 5.08187e-11 0 5.55684e-11 0 5.98365e-11 0 6.37038e-11 0 6.72747e-11 0 7.06217e-11 0 7.37267e-11 0 7.66249e-11 0 7.93564e-11 0 8.20175e-11 0 8.44976e-11 0 8.6843e-11 0 8.91028e-11 0 9.13281e-11 0 9.34075e-11 0 9.54473e-11 0 9.73906e-11 0 9.9291e-11 0 1.01147e-10 0 1.02901e-10 0 1.04665e-10 0 1.06266e-10 0 1.07933e-10 0 1.09492e-10 0 1.11117e-10 0 1.12574e-10 0 1.14037e-10 0 1.15506e-10 0 1.16922e-10 0 1.18283e-10 0 1.1965e-10 0 1.20962e-10 0 1.22278e-10 0 1.23538e-10 0 1.24802e-10 0 1.2607e-10 0 1.2722e-10 0 1.28374e-10 0 1.29592e-10 0 1.30691e-10 0 1.31854e-10 0 1.32958e-10 0 1.34004e-10 0 1.35113e-10 0 1.36164e-10 0 1.37216e-10 0 1.38209e-10 0 1.39204e-10 0 1.40202e-10 0 1.41201e-10 0 1.42202e-10 0 1.43205e-10 0 1.44084e-10 0 1.45091e-10 0 1.45974e-10 0 1.46858e-10 0
235.984 4.29241e-13 4.29239e-13 1.31988e-18 3.07491e-06 2.03997e-05 2.29961e-16 0 2.51173e-14 0 6.5583e-13 0 3.31519e-12 0 5.86986e-12 0 7.96458e-12 0 9.77127e-12 0 1.13821e-11 0 1.76646e-11 0 2.62132e-11 0 3.24442e-11 0 3.74824e-11 0 4.17483e-11 0 4.54842e-11 0 4.88318e-11 0 5.1858e-11 0 5.46467e-11 0 5.7256e-11 0 5.96731e-11 0 6.19262e-11 0 6.40473e-11 0 6.61114e-11 0 6.80333e-11 0 6.98492e-11 0 7.15973e-11 0 7.33175e-11 0 7.49237e-11 0 7.64984e-11 0 7.79976e-11 0 7.94628e-11 0 8.0893e-11 0 8.22439e-11 0 8.36016e-11 0 8.48338e-11 0 8.61159e-11 0 8.73147e-11 0 8.85632e-11 0 8.96825e-11 0 9.08059e-11 0 9.19335e-11 0 9.30198e-11 0 9.40643e-11 0 9.51123e-11 0 9.61178e-11 0 9.71264e-11 0 9.80919e-11 0 9.90602e-11 0 1.00031e-10 0 1.00912e-10 0 1.01795e-10 0 1.02727e-10 0 1.03567e-10 0 1.04457e-10 0 1.05301e-10 0 1.06101e-10 0 1.06949e-10 0 1.07751e-10 0 1.08556e-10 0 1.09314e-10 0 1.10074e-10 0 1.10836e-10 0 1.11598e-10 0 1.12363e-10 0 1.13128e-10 0 1.13799e-10 0 1.14567e-10 0 1.1524e-10 0 1.15915e-10 0
248.097 3.88598e-13 3.88597e-13 1.08048e-18 2.78045e-06 2.01295e-05 3.3594e-16 0 2.91792e-14 0 6.49967e-13 0 3.03936e-12 0 5.23853e-12 0 7.00792e-12 0 8.51721e-12 0 9.85259e-12 0 1.49933e-11 0 2.18721e-11 0 2.68297e-11 0 3.08125e-11 0 3.41699e-11 0 3.71004e-11 0 3.97195e-11 0 4.2082e-11 0 4.42551e-11 0 4.62853e-11 0 4.81633e-11 0 4.99118e-11 0 5.15561e-11 0 5.31546e-11 0 5.46416e-11 0 5.60455e-11 0 5.73959e-11 0 5.87239e-11 0 5.9963e-11 0 6.11771e-11 0 6.23323e-11 0 6.34607e-11 0 6.45617e-11 0 6.5601e-11 0 6.66452e-11 0 6.75924e-11 0 6.85775e-11 0 6.94984e-11 0 7.0457e-11 0 7.13161e-11 0 7.2178e-11 0 7.30429e-11 0 7.38759e-11 0 7.46766e-11 0 7.54797e-11 0 7.625e-11 0 7.70225e-11 0 7.77618e-11 0 7.85031e-11 0 7.92462e-11 0 7.99201e-11 0 8.05956e-11 0 8.13082e-11 0 8.1951e-11 0 8.26309e-11 0 8.32764e-11 0 8.38872e-11 0 8.45352e-11 0 8.51484e-11 0 8.57627e-11 0 8.63419e-11 0 8.69221e-11 0 8.75033e-11 0 8.80855e-11 0 8.86686e-11 0 8.92527e-11 0 8.97646e-11 0 9.03505e-11 0 9.08639e-11 0 9.13781e-11 0
260.832 3.47516e-13 3.47515e-13 8.83109e-19 2.5412e-06 2.30971e-05 4.67836e-16 0 3.26784e-14 0 6.25897e-13 0 2.71849e-12 0 4.56772e-12 0 6.02929e-12 0 7.26316e-12 0 8.34705e-12 0 1.24692e-11 0 1.78998e-11 0 2.1773e-11 0 2.4866e-11 0 2.74627e-11 0 2.97224e-11 0 3.1737e-11 0 3.35506e-11 0 3.52161e-11 0 3.67698e-11 0 3.82052e-11 0 3.95402e-11 0 4.07942e-11 0 4.20124e-11 0 4.31445e-11 0 4.42126e-11 0 4.52394e-11 0 4.62484e-11 0 4.71893e-11 0 4.81107e-11 0 4.8987e-11 0 4.98425e-11 0 5.06768e-11 0 5.14641e-11 0 5.22547e-11 0 5.29716e-11 0 5.37169e-11 0 5.44134e-11 0 5.51382e-11 0 5.57874e-11 0 5.64387e-11 0 5.7092e-11 0 5.7721e-11 0 5.83255e-11 0 5.89316e-11 0 5.95128e-11 0 6.00955e-11 0 6.06531e-11 0 6.1212e-11 0 6.17721e-11 0 6.228e-11 0 6.2789e-11 0 6.33259e-11 0 6.381e-11 0 6.4322e-11 0 6.4808e-11 0 6.52678e-11 0 6.57555e-11 0 6.62169e-11 0 6.66791e-11 0 6.71148e-11 0 6.75512e-11 0 6.79883e-11 0 6.84261e-11 0 6.88645e-11 0 6.93035e-11 0 6.96882e-11 0 7.01285e-11 0 7.05143e-11 0 7.09006e-11 0
274.221 3.18634e-13 3.18634e-13 7.22427e-19 2.26726e-06 2.32093e-05 6.45758e-16 0 3.66625e-14 0 6.08357e-13 0 2.4638e-12 0 4.0414e-12 0 5.26759e-12 0 6.29278e-12 0 7.18735e-12 0 1.05512e-11 0 1.49194e-11 0 1.80046e-11 0 2.04548e-11 0 2.25042e-11 0 2.42826e-11 0 2.58646e-11 0 2.72861e-11 0 2.85896e-11 0 2.98039e-11 0 3.09245e-11 0 3.19656e-11 0 3.29427e-11 0 3.3891e-11 0 3.47717e-11 0 3.56021e-11 0 3.63997e-11 0 3.71832e-11 0 3.79133e-11 0 3.8628e-11 0 3.93073e-11 0 3.99702e-11 0 4.06164e-11 0 4.1226e-11 0 4.18378e-11 0 4.23925e-11 0 4.2969e-11 0 4.35074e-11 0 4.40676e-11 0 4.45693e-11 0 4.50724e-11 0 4.55769e-11 0 4.60625e-11 0 4.65291e-11 0 4.69968e-11 0 4.74452e-11 0 4.78947e-11 0 4.83246e-11 0 4.87555e-11 0 4.91873e-11 0 4.95787e-11 0 4.99709e-11 0 5.03845e-11 0 5.07574e-11 0 5.11517e-11 0 5.15259e-11 0 5.18798e-11 0 5.22552e-11 0 5.26104e-11 0 5.2966e-11 0 5.33012e-11 0 5.36369e-11 0 5.39731e-11 0 5.43098e-11 0 5.46469e-11 0 5.49844e-11 0 5.52802e-11 0 5.56186e-11 0 5.59151e-11 0 5.62119e-11 0
288.297 2.8707e-13 2.8707e-13 5.90954e-19 2.05857e-06 2.38915e-05 8.4809e-16 0 3.95355e-14 0 5.72459e-13 0 2.16985e-12 0 3.47931e-12 0 4.48127e-12 0 5.31144e-12 0 6.03134e-12 0 8.71016e-12 0 1.21424e-11 0 1.4545e-11 0 1.64434e-11 0 1.80257e-11 0 1.93952e-11 0 2.0611e-11 0 2.17017e-11 0 2.27003e-11 0 2.36296e-11 0 2.44861e-11 0 2.52812e-11 0 2.60268e-11 0 2.67498e-11 0 2.74209e-11 0 2.80532e-11 0 2.86602e-11 0 2.92561e-11 0 2.98112e-11 0 3.03542e-11 0 3.08702e-11 0 3.13735e-11 0 3.18639e-11 0 3.23263e-11 0 3.27904e-11 0 3.32109e-11 0 3.36478e-11 0 3.40558e-11 0 3.44801e-11 0 3.486e-11 0 3.52408e-11 0 3.56227e-11 0 3.59901e-11 0 3.63431e-11 0 3.66968e-11 0 3.70359e-11 0 3.73757e-11 0 3.77007e-11 0 3.80263e-11 0 3.83526e-11 0 3.86483e-11 0 3.89445e-11 0 3.92568e-11 0 3.95384e-11 0 3.98361e-11 0 4.01185e-11 0 4.03857e-11 0 4.06689e-11 0 4.09369e-11 0 4.12052e-11 0 4.1458e-11 0 4.17112e-11 0 4.19647e-11 0 4.22185e-11 0 4.24727e-11 0 4.27271e-11 0 4.295e-11 0 4.32051e-11 0 4.34285e-11 0 4.36522e-11 0
303.095 2.59845e-13 2.59844e-13 4.83686e-19 1.86144e-06 2.38546e-05 1.0853e-15 0 4.19451e-14 0 5.33637e-13 0 1.89985e-12 0 2.9818e-12 0 3.79763e-12 0 4.46791e-12 0 5.0458e-12 0 7.17539e-12 0 9.87034e-12 0 1.17412e-11 0 1.32126e-11 0 1.44351e-11 0 1.54906e-11 0 1.64259e-11 0 1.72637e-11 0 1.80298e-11 0 1.87419e-11 0 1.93976e-11 0 2.00057e-11 0 2.05755e-11 0 2.11278e-11 0 2.164e-11 0 2.21223e-11 0 2.25851e-11 0 2.30392e-11 0 2.3462e-11 0 2.38754e-11 0 2.42681e-11 0 2.4651e-11 0 2.5024e-11 0 2.53755e-11 0 2.57282e-11 0 2.60477e-11 0 2.63795e-11 0 2.66893e-11 0 2.70115e-11 0 2.72998e-11 0 2.75888e-11 0 2.78785e-11 0 2.81572e-11 0 2.84248e-11 0 2.8693e-11 0 2.895e-11 0 2.92075e-11 0 2.94538e-11 0 2.97005e-11 0 2.99476e-11 0 3.01715e-11 0 3.03958e-11 0 3.06322e-11 0 3.08454e-11 0 3.10707e-11 0 3.12844e-11 0 3.14865e-11 0 3.17009e-11 0 3.19035e-11 0 3.21065e-11 0 3.22977e-11 0 3.24891e-11 0 3.26808e-11 0 3.28727e-11 0 3.30648e-11 0 3.32571e-11 0 3.34256e-11 0 3.36183e-11 0 3.37871e-11 0 3.39561e-11 0
318.653 2.31286e-13 2.31285e-13 3.95749e-19 1.71108e-06 2.49055e-05 1.32652e-15 0 4.28977e-14 0 4.82687e-13 0 1.61962e-12 0 2.49114e-12 0 3.13938e-12 0 3.6678e-12 0 4.12094e-12 0 5.77589e-12 0 7.84634e-12 0 9.27271e-12 0 1.03897e-11 0 1.1315e-11 0 1.21122e-11 0 1.28174e-11 0 1.34482e-11 0 1.40243e-11 0 1.45593e-11 0 1.50514e-11 0 1.55075e-11 0 1.59346e-11 0 1.63482e-11 0 1.67316e-11 0 1.70924e-11 0 1.74385e-11 0 1.77779e-11 0 1.80938e-11 0 1.84026e-11 0 1.86958e-11 0 1.89815e-11 0 1.92598e-11 0 1.9522e-11 0 1.9785e-11 0 2.00231e-11 0 2.02704e-11 0 2.05012e-11 0 2.07412e-11 0 2.09559e-11 0 2.11711e-11 0 2.13867e-11 0 2.15941e-11 0 2.17932e-11 0 2.19928e-11 0 2.21839e-11 0 2.23754e-11 0 2.25585e-11 0 2.27419e-11 0 2.29256e-11 0 2.30921e-11 0 2.32587e-11 0 2.34344e-11 0 2.35927e-11 0 2.37601e-11 0 2.39188e-11 0 2.4069e-11 0 2.42281e-11 0 2.43786e-11 0 2.45292e-11 0 2.46711e-11 0 2.48132e-11 0 2.49555e-11 0 2.50979e-11 0 2.52404e-11 0 2.53831e-11 0 2.5508e-11 0 2.5651e-11 0 2.57762e-11 0 2.59015e-11 0
335.009 2.06268e-13 2.06267e-13 3.23681e-19 1.56923e-06 2.61538e-05 1.58016e-15 0 4.31333e-14 0 4.31965e-13 0 1.37053e-12 0 2.06828e-12 0 2.58069e-12 0 2.99537e-12 0 3.34919e-12 0 4.63075e-12 0 6.2172e-12 0 7.30248e-12 0 8.14898e-12 0 8.84837e-12 0 9.44973e-12 0 9.98083e-12 0 1.04553e-11 0 1.08881e-11 0 1.12897e-11 0 1.16588e-11 0 1.20006e-11 0 1.23205e-11 0 1.26301e-11 0 1.2917e-11 0 1.31868e-11 0 1.34455e-11 0 1.36991e-11 0 1.3935e-11 0 1.41656e-11 0 1.43844e-11 0 1.45976e-11 0 1.48051e-11 0 1.50007e-11 0 1.51967e-11 0 1.53742e-11 0 1.55585e-11 0 1.57304e-11 0 1.59091e-11 0 1.6069e-11 0 1.62292e-11 0 1.63897e-11 0 1.65441e-11 0 1.66923e-11 0 1.68407e-11 0 1.69829e-11 0 1.71253e-11 0 1.72615e-11 0 1.73979e-11 0 1.75344e-11 0 1.76581e-11 0 1.7782e-11 0 1.79126e-11 0 1.80302e-11 0 1.81545e-11 0 1.82724e-11 0 1.83839e-11 0 1.85021e-11 0 1.86139e-11 0 1.87257e-11 0 1.88311e-11 0 1.89366e-11 0 1.90422e-11 0 1.91478e-11 0 1.92536e-11 0 1.93595e-11 0 1.94522e-11 0 1.95583e-11 0 1.96512e-11 0 1.97441e-11 0
352.205 1.86267e-13 1.86267e-13 2.64598e-19 1.42053e-06 2.72241e-05 1.85638e-15 0 4.31327e-14 0 3.86782e-13 0 1.16401e-12 0 1.72544e-12 0 2.13287e-12 0 2.46037e-12 0 2.73853e-12 0 3.73835e-12 0 4.96403e-12 0 5.79709e-12 0 6.44452e-12 0 6.97811e-12 0 7.43608e-12 0 7.83996e-12 0 8.20032e-12 0 8.52877e-12 0 8.8332e-12 0 9.11285e-12 0 9.37164e-12 0 9.61367e-12 0 9.84781e-12 0 1.00646e-11 0 1.02685e-11 0 1.04639e-11 0 1.06553e-11 0 1.08334e-11 0 1.10073e-11 0 1.11723e-11 0 1.13331e-11 0 1.14896e-11 0 1.16369e-11 0 1.17846e-11 0 1.19183e-11 0 1.20571e-11 0 1.21866e-11 0 1.23211e-11 0 1.24414e-11 0 1.2562e-11 0 1.26827e-11 0 1.27989e-11 0 1.29103e-11 0 1.30219e-11 0 1.31289e-11 0 1.32359e-11 0 1.33383e-11 0 1.34408e-11 0 1.35434e-11 0 1.36363e-11 0 1.37294e-11 0 1.38275e-11 0 1.39158e-11 0 1.40092e-11 0 1.40978e-11 0 1.41815e-11 0 1.42702e-11 0 1.43541e-11 0 1.44381e-11 0 1.45172e-11 0 1.45964e-11 0 1.46756e-11 0 1.47549e-11 0 1.48343e-11 0 1.49137e-11 0 1.49833e-11 0 1.50628e-11 0 1.51325e-11 0 1.52022e-11 0
370.284 1.74085e-13 1.74084e-13 2.16397e-19 1.24306e-06 2.62885e-05 2.20126e-15 0 4.38835e-14 0 3.54402e-13 0 1.01471e-12 0 1.47897e-12 0 1.81221e-12 0 2.0784e-12 0 2.30352e-12 0 3.10703e-12 0 4.08326e-12 0 4.74285e-12 0 5.25376e-12 0 5.67389e-12 0 6.03387e-12 0 6.35092e-12 0 6.6335e-12 0 6.89083e-12 0 7.12914e-12 0 7.34791e-12 0 7.55024e-12 0 7.73937e-12 0 7.92224e-12 0 8.09151e-12 0 8.25061e-12 0 8.40303e-12 0 8.55232e-12 0 8.69113e-12 0 8.82668e-12 0 8.95526e-12 0 9.08048e-12 0 9.20232e-12 0 9.31703e-12 0 9.432e-12 0 9.53605e-12 0 9.64403e-12 0 9.74474e-12 0 9.84937e-12 0 9.94295e-12 0 1.00367e-11 0 1.01306e-11 0 1.02208e-11 0 1.03074e-11 0 1.03942e-11 0 1.04772e-11 0 1.05604e-11 0 1.06399e-11 0 1.07195e-11 0 1.07992e-11 0 1.08714e-11 0 1.09436e-11 0 1.10198e-11 0 1.10884e-11 0 1.11608e-11 0 1.12296e-11 0 1.12945e-11 0 1.13634e-11 0 1.14285e-11 0 1.14936e-11 0 1.1555e-11 0 1.16164e-11 0 1.16778e-11 0 1.17393e-11 0 1.18009e-11 0 1.18625e-11 0 1.19164e-11 0 1.19781e-11 0 1.20321e-11 0 1.20862e-11 0
389.291 1.60285e-13 1.60285e-13 1.77277e-19 1.10601e-06 2.42888e-05 2.51095e-15 0 4.32779e-14 0 3.1652e-13 0 8.64643e-13 0 1.24043e-12 0 1.50742e-12 0 1.71947e-12 0 1.8981e-12 0 2.53153e-12 0 3.29483e-12 0 3.80774e-12 0 4.20383e-12 0 4.52886e-12 0 4.80694e-12 0 5.05156e-12 0 5.26937e-12 0 5.46755e-12 0 5.65096e-12 0 5.81922e-12 0 5.97475e-12 0 6.12006e-12 0 6.26051e-12 0 6.39045e-12 0 6.51254e-12 0 6.62947e-12 0 6.74396e-12 0 6.85038e-12 0 6.95428e-12 0 7.05281e-12 0 7.14874e-12 0 7.24206e-12 0 7.3299e-12 0 7.41792e-12 0 7.49757e-12 0 7.5802e-12 0 7.65727e-12 0 7.73732e-12 0 7.80891e-12 0 7.88059e-12 0 7.95238e-12 0 8.02139e-12 0 8.08762e-12 0 8.15392e-12 0 8.21742e-12 0 8.28099e-12 0 8.34174e-12 0 8.40255e-12 0 8.46343e-12 0 8.51857e-12 0 8.57376e-12 0 8.63191e-12 0 8.68429e-12 0 8.73963e-12 0 8.79211e-12 0 8.84171e-12 0 8.89427e-12 0 8.94395e-12 0 8.99367e-12 0 9.0405e-12 0 9.08737e-12 0 9.13427e-12 0 9.1812e-12 0 9.22816e-12 0 9.27516e-12 0 9.31631e-12 0 9.36336e-12 0 9.40456e-12 0 9.44579e-12 0
409.273 1.42904e-13 1.42904e-13 1.45092e-19 1.01531e-06 2.43413e-05 2.71134e-15 0 4.06975e-14 0 2.70986e-13 0 7.08203e-13 0 1.00097e-12 0 1.20703e-12 0 1.36981e-12 0 1.50644e-12 0 1.98807e-12 0 2.56408e-12 0 2.9492e-12 0 3.24578e-12 0 3.4887e-12 0 3.69624e-12 0 3.8786e-12 0 4.04084e-12 0 4.18834e-12 0 4.32475e-12 0 4.44983e-12 0 4.56539e-12 0 4.67331e-12 0 4.77757e-12 0 4.874e-12 0 4.96458e-12 0 5.05129e-12 0 5.13618e-12 0 5.21506e-12 0 5.29205e-12 0 5.36504e-12 0 5.4361e-12 0 5.50521e-12 0 5.57025e-12 0 5.63541e-12 0 5.69436e-12 0 5.75551e-12 0 5.81253e-12 0 5.87175e-12 0 5.9247e-12 0 5.97772e-12 0 6.03081e-12 0 6.08184e-12 0 6.13079e-12 0 6.17981e-12 0 6.22674e-12 0 6.27372e-12 0 6.31862e-12 0 6.36355e-12 0 6.40853e-12 0 6.44927e-12 0 6.49004e-12 0 6.53299e-12 0 6.57168e-12 0 6.61255e-12 0 6.6513e-12 0 6.68792e-12 0 6.72673e-12 0 6.76341e-12 0 6.80012e-12 0 6.83469e-12 0 6.86928e-12 0 6.90389e-12 0 6.93853e-12 0 6.97319e-12 0 7.00787e-12 0 7.03823e-12 0 7.07295e-12 0 7.10335e-12 0 7.13376e-12 0
430.281 1.28575e-13 1.28575e-13 1.18712e-19 9.23292e-07 2.41633e-05 2.89158e-15 0 3.80623e-14 0 2.31914e-13 0 5.81349e-13 0 8.1026e-13 0 9.69969e-13 0 1.09552e-12 0 1.20055e-12 0 1.56878e-12 0 2.00611e-12 0 2.29719e-12 0 2.52077e-12 0 2.70359e-12 0 2.85958e-12 0 2.99651e-12 0 3.11822e-12 0 3.22881e-12 0 3.33103e-12 0 3.4247e-12 0 3.5112e-12 0 3.59195e-12 0 3.66994e-12 0 3.74205e-12 0 3.80975e-12 0 3.87455e-12 0 3.93797e-12 0 3.99689e-12 0 4.05438e-12 0 4.10888e-12 0 4.16192e-12 0 4.2135e-12 0 4.26203e-12 0 4.31064e-12 0 4.35462e-12 0 4.40023e-12 0 4.44275e-12 0 4.48691e-12 0 4.52638e-12 0 4.56591e-12 0 4.60547e-12 0 4.6435e-12 0 4.67999e-12 0 4.71651e-12 0 4.75147e-12 0 4.78647e-12 0 4.81991e-12 0 4.85338e-12 0 4.88688e-12 0 4.91722e-12 0 4.94757e-12 0 4.97955e-12 0 5.00836e-12 0 5.03879e-12 0 5.06763e-12 0 5.09489e-12 0 5.12378e-12 0 5.15108e-12 0 5.17839e-12 0 5.20412e-12 0 5.22986e-12 0 5.25561e-12 0 5.28138e-12 0 5.30717e-12 0 5.33297e-12 0 5.35556e-12 0 5.38138e-12 0 5.40399e-12 0 5.42661e-12 0
452.368 1.15912e-13 1.15912e-13 9.71425e-20 8.38068e-07 2.38343e-05 3.02732e-15 0 3.51787e-14 0 1.97096e-13 0 4.75071e-13 0 6.53489e-13 0 7.76973e-13 0 8.73611e-13 0 9.54206e-13 0 1.23535e-12 0 1.56714e-12 0 1.78706e-12 0 1.95559e-12 0 2.09317e-12 0 2.21043e-12 0 2.31326e-12 0 2.40461e-12 0 2.48754e-12 0 2.56416e-12 0 2.63435e-12 0 2.69913e-12 0 2.75959e-12 0 2.81795e-12 0 2.8719e-12 0 2.92254e-12 0 2.97099e-12 0 3.01841e-12 0 3.06244e-12 0 3.10541e-12 0 3.14612e-12 0 3.18575e-12 0 3.22427e-12 0 3.26051e-12 0 3.29681e-12 0 3.32963e-12 0 3.36368e-12 0 3.39542e-12 0 3.42837e-12 0 3.45782e-12 0 3.48731e-12 0 3.51683e-12 0 3.5452e-12 0 3.57241e-12 0 3.59964e-12 0 3.62572e-12 0 3.65181e-12 0 3.67675e-12 0 3.7017e-12 0 3.72667e-12 0 3.74928e-12 0 3.77191e-12 0 3.79574e-12 0 3.81721e-12 0 3.83988e-12 0 3.86138e-12 0 3.88169e-12 0 3.90321e-12 0 3.92355e-12 0 3.9439e-12 0 3.96306e-12 0 3.98223e-12 0 4.00142e-12 0 4.02061e-12 0 4.03981e-12 0 4.05902e-12 0 4.07584e-12 0 4.09508e-12 0 4.11191e-12 0 4.12875e-12 0
475.588 1.04837e-13 1.04837e-13 7.94916e-20 7.58239e-07 2.33131e-05 3.11846e-15 0 3.21949e-14 0 1.66638e-13 0 3.87116e-13 0 5.25975e-13 0 6.21369e-13 0 6.95715e-13 0 7.57545e-13 0 9.72244e-13 0 1.22416e-12 0 1.39049e-12 0 1.51768e-12 0 1.62137e-12 0 1.70965e-12 0 1.78701e-12 0 1.85568e-12 0 1.91799e-12 0 1.97552e-12 0 2.0282e-12 0 2.07681e-12 0 2.12216e-12 0 2.16592e-12 0 2.20636e-12 0 2.24432e-12 0 2.28062e-12 0 2.31614e-12 0 2.34912e-12 0 2.3813e-12 0 2.41178e-12 0 2.44144e-12 0 2.47027e-12 0 2.4974e-12 0 2.52456e-12 0 2.54912e-12 0 2.57458e-12 0 2.59832e-12 0 2.62297e-12 0 2.645e-12 0 2.66704e-12 0 2.68911e-12 0 2.71032e-12 0 2.73066e-12 0 2.75102e-12 0 2.77051e-12 0 2.79001e-12 0 2.80864e-12 0 2.82729e-12 0 2.84595e-12 0 2.86284e-12 0 2.87974e-12 0 2.89755e-12 0 2.91358e-12 0 2.93052e-12 0 2.94657e-12 0 2.96174e-12 0 2.97781e-12 0 2.993e-12 0 3.0082e-12 0 3.0225e-12 0 3.03682e-12 0 3.05114e-12 0 3.06547e-12 0 3.07981e-12 0 3.09415e-12 0 3.1067e-12 0 3.12106e-12 0 3.13362e-12 0 3.14619e-12 0
500 9.51415e-14 9.51415e-14 6.50437e-20 6.83652e-07 2.25898e-05 3.16419e-15 0 2.91999e-14 0 1.40245e-13 0 3.14707e-13 0 4.22673e-13 0 4.9634e-13 0 5.53534e-13 0 6.00978e-13 0 7.65032e-13 0 9.56502e-13 0 1.08248e-12 0 1.17864e-12 0 1.25692e-12 0 1.32351e-12 0 1.38181e-12 0 1.43353e-12 0 1.48044e-12 0 1.52373e-12 0 1.56336e-12 0 1.59991e-12 0 1.634e-12 0 1.66689e-12 0 1.69727e-12 0 1.72578e-12 0 1.75304e-12 0 1.77971e-12 0 1.80447e-12 0 1.82862e-12 0 1.8515e-12 0 1.87375e-12 0 1.89538e-12 0 1.91573e-12 0 1.9361e-12 0 1.95452e-12 0 1.97362e-12 0 1.99142e-12 0 2.00989e-12 0 2.02641e-12 0 2.04293e-12 0 2.05948e-12 0 2.07537e-12 0 2.09061e-12 0 2.10587e-12 0 2.12047e-12 0 2.13508e-12 0 2.14904e-12 0 2.16301e-12 0 2.17698e-12 0 2.18964e-12 0 2.2023e-12 0 2.21563e-12 0 2.22764e-12 0 2.24032e-12 0 2.25234e-12 0 2.2637e-12 0 2.27573e-12 0 2.2871e-12 0 2.29848e-12 0 2.30919e-12 0 2.31991e-12 0 2.33063e-12 0 2.34135e-12 0 2.35208e-12 0 2.36282e-12 0 2.37221e-12 0 2.38295e-12 0 2.39236e-12 0 2.40176e-12 0
525.665 8.66808e-14 8.66807e-14 5.32186e-20 6.13961e-07 2.16775e-05 3.16705e-15 0 2.62773e-14 0 1.17613e-13 0 2.55468e-13 0 3.39406e-13 0 3.9632e-13 0 4.40354e-13 0 4.76795e-13 0 6.0232e-13 0 7.48115e-13 0 8.43739e-13 0 9.16595e-13 0 9.75842e-13 0 1.02619e-12 0 1.07024e-12 0 1.1093e-12 0 1.14471e-12 0 1.17738e-12 0 1.20726e-12 0 1.23483e-12 0 1.26052e-12 0 1.28531e-12 0 1.3082e-12 0 1.32967e-12 0 1.35021e-12 0 1.37029e-12 0 1.38893e-12 0 1.40711e-12 0 1.42433e-12 0 1.44108e-12 0 1.45736e-12 0 1.47267e-12 0 1.48799e-12 0 1.50185e-12 0 1.51621e-12 0 1.5296e-12 0 1.54349e-12 0 1.55591e-12 0 1.56833e-12 0 1.58077e-12 0 1.59272e-12 0 1.60418e-12 0 1.61564e-12 0 1.62662e-12 0 1.6376e-12 0 1.64809e-12 0 1.65858e-12 0 1.66909e-12 0 1.67859e-12 0 1.68811e-12 0 1.69812e-12 0 1.70714e-12 0 1.71667e-12 0 1.7257e-12 0 1.73423e-12 0 1.74327e-12 0 1.75181e-12 0 1.76035e-12 0 1.7684e-12 0 1.77644e-12 0 1.78449e-12 0 1.79255e-12 0 1.80061e-12 0 1.80866e-12 0 1.81572e-12 0 1.82379e-12 0 1.83084e-12 0 1.83791e-12 0
552.648 7.93283e-14 7.93283e-14 4.35494e-20 5.48977e-07 2.06061e-05 3.13155e-15 0 2.34919e-14 0 9.83828e-14 0 2.07266e-13 0 2.72577e-13 0 3.16607e-13 0 3.50564e-13 0 3.78605e-13 0 4.74858e-13 0 5.86161e-13 0 6.58951e-13 0 7.14321e-13 0 7.59299e-13 0 7.97491e-13 0 8.30888e-13 0 8.60482e-13 0 8.873e-13 0 9.12033e-13 0 9.34654e-13 0 9.55507e-13 0 9.74944e-13 0 9.93689e-13 0 1.011e-12 0 1.02723e-12 0 1.04276e-12 0 1.05793e-12 0 1.07202e-12 0 1.08575e-12 0 1.09876e-12 0 1.11141e-12 0 1.1237e-12 0 1.13526e-12 0 1.14683e-12 0 1.1573e-12 0 1.16814e-12 0 1.17824e-12 0 1.18873e-12 0 1.1981e-12 0 1.20748e-12 0 1.21687e-12 0 1.22588e-12 0 1.23453e-12 0 1.24318e-12 0 1.25146e-12 0 1.25974e-12 0 1.26766e-12 0 1.27557e-12 0 1.28349e-12 0 1.29066e-12 0 1.29784e-12 0 1.30539e-12 0 1.3122e-12 0 1.31938e-12 0 1.32619e-12 0 1.33262e-12 0 1.33944e-12 0 1.34587e-12 0 1.35231e-12 0 1.35838e-12 0 1.36445e-12 0 1.37051e-12 0 1.37658e-12 0 1.38266e-12 0 1.38873e-12 0 1.39405e-12 0 1.40013e-12 0 1.40545e-12 0 1.41077e-12 0
581.015 7.28252e-14 7.28252e-14 3.56431e-20 4.89433e-07 1.94527e-05 3.0573e-15 0 2.08476e-14 0 8.20096e-14 0 1.67886e-13 0 2.18689e-13 0 2.52759e-13 0 2.78958e-13 0 3.0055e-13 0 3.74429e-13 0 4.59516e-13 0 5.15015e-13 0 5.5717e-13 0 5.9138e-13 0 6.20407e-13 0 6.45775e-13 0 6.68245e-13 0 6.88599e-13 0 7.07363e-13 0 7.24521e-13 0 7.40334e-13 0 7.55069e-13 0 7.69277e-13 0 7.82395e-13 0 7.94695e-13 0 8.06454e-13 0 8.1795e-13 0 8.28618e-13 0 8.39018e-13 0 8.48867e-13 0 8.58445e-13 0 8.67751e-13 0 8.76501e-13 0 8.85259e-13 0 8.93175e-13 0 9.01382e-13 0 9.09028e-13 0 9.16963e-13 0 9.24053e-13 0 9.31148e-13 0 9.38247e-13 0 9.45066e-13 0 9.51605e-13 0 9.58148e-13 0 9.6441e-13 0 9.70675e-13 0 9.76659e-13 0 9.82645e-13 0 9.88634e-13 0 9.94056e-13 0 9.99479e-13 0 1.00519e-12 0 1.01033e-12 0 1.01576e-12 0 1.02091e-12 0 1.02577e-12 0 1.03092e-12 0 1.03579e-12 0 1.04066e-12 0 1.04524e-12 0 1.04983e-12 0 1.05441e-12 0 1.059e-12 0 1.06359e-12 0 1.06818e-12 0 1.0722e-12 0 1.07679e-12 0 1.08081e-12 0 1.08483e-12 0
610.839 6.71193e-14 6.71193e-14 2.91723e-20 4.34634e-07 1.82364e-05 2.95194e-15 0 1.83914e-14 0 6.82067e-14 0 1.35921e-13 0 1.75473e-13 0 2.0187e-13 0 2.22114e-13 0 2.38768e-13 0 2.95588e-13 0 3.60787e-13 0 4.03212e-13 0 4.35393e-13 0 4.61486e-13 0 4.83612e-13 0 5.02938e-13 0 5.20049e-13 0 5.35544e-13 0 5.49824e-13 0 5.62877e-13 0 5.74905e-13 0 5.86111e-13 0 5.96914e-13 0 6.06886e-13 0 6.16235e-13 0 6.25172e-13 0 6.33907e-13 0 6.42013e-13 0 6.49914e-13 0 6.57395e-13 0 6.6467e-13 0 6.71737e-13 0 6.78382e-13 0 6.85032e-13 0 6.91043e-13 0 6.97274e-13 0 7.03078e-13 0 7.09102e-13 0 7.14484e-13 0 7.19869e-13 0 7.25257e-13 0 7.30432e-13 0 7.35395e-13 0 7.4036e-13 0 7.45111e-13 0 7.49865e-13 0 7.54405e-13 0 7.58946e-13 0 7.6349e-13 0 7.67603e-13 0 7.71717e-13 0 7.7605e-13 0 7.79951e-13 0 7.8407e-13 0 7.87974e-13 0 7.91662e-13 0 7.95568e-13 0 7.99259e-13 0 8.0295e-13 0 8.06426e-13 0 8.09902e-13 0 8.1338e-13 0 8.16859e-13 0 8.20339e-13 0 8.23819e-13 0 8.26866e-13 0 8.30348e-13 0 8.33396e-13 0 8.36445e-13 0
642.193 6.1943e-14 6.1943e-14 2.38767e-20 3.85463e-07 1.70405e-05 2.81368e-15 0 1.60955e-14 0 5.64728e-14 0 1.09731e-13 0 1.40478e-13 0 1.60908e-13 0 1.76537e-13 0 1.89374e-13 0 2.33055e-13 0 2.83009e-13 0 3.15443e-13 0 3.40016e-13 0 3.59925e-13 0 3.76795e-13 0 3.91525e-13 0 4.04561e-13 0 4.16362e-13 0 4.27235e-13 0 4.37172e-13 0 4.46326e-13 0 4.54853e-13 0 4.63071e-13 0 4.70657e-13 0 4.77768e-13 0 4.84564e-13 0 4.91206e-13 0 4.97368e-13 0 5.03375e-13 0 5.09062e-13 0 5.14591e-13 0 5.19962e-13 0 5.25012e-13 0 5.30065e-13 0 5.34633e-13 0 5.39366e-13 0 5.43776e-13 0 5.48352e-13 0 5.52441e-13 0 5.56531e-13 0 5.60623e-13 0 5.64554e-13 0 5.68323e-13 0 5.72094e-13 0 5.75702e-13 0 5.79312e-13 0 5.82759e-13 0 5.86208e-13 0 5.89658e-13 0 5.9278e-13 0 5.95904e-13 0 5.99193e-13 0 6.02154e-13 0 6.05281e-13 0 6.08245e-13 0 6.11044e-13 0 6.14009e-13 0 6.16811e-13 0 6.19613e-13 0 6.22251e-13 0 6.24889e-13 0 6.27529e-13 0 6.30169e-13 0 6.32809e-13 0 6.35451e-13 0 6.37763e-13 0 6.40405e-13 0 6.42718e-13 0 6.45032e-13 0
675.157 5.70781e-14 5.70781e-14 1.95454e-20 3.42432e-07 1.59296e-05 2.64191e-15 0 1.39416e-14 0 4.64311e-14 0 8.81075e-14 0 1.1191e-13 0 1.27663e-13 0 1.39687e-13 0 1.49549e-13 0 1.83022e-13 0 2.21187e-13 0 2.45918e-13 0 2.64634e-13 0 2.79786e-13 0 2.92619e-13 0 3.03819e-13 0 3.13728e-13 0 3.22695e-13 0 3.30954e-13 0 3.38501e-13 0 3.45453e-13 0 3.51926e-13 0 3.58165e-13 0 3.63923e-13 0 3.69319e-13 0 3.74476e-13 0 3.79516e-13 0 3.84191e-13 0 3.88748e-13 0 3.93061e-13 0 3.97255e-13 0 4.01329e-13 0 4.05158e-13 0 4.0899e-13 0 4.12453e-13 0 4.16042e-13 0 4.19386e-13 0 4.22855e-13 0 4.25954e-13 0 4.29055e-13 0 4.32157e-13 0 4.35136e-13 0 4.37993e-13 0 4.4085e-13 0 4.43585e-13 0 4.46321e-13 0 4.48933e-13 0 4.51546e-13 0 4.5416e-13 0 4.56526e-13 0 4.58893e-13 0 4.61385e-13 0 4.63629e-13 0 4.65998e-13 0 4.68243e-13 0 4.70364e-13 0 4.7261e-13 0 4.74732e-13 0 4.76854e-13 0 4.78853e-13 0 4.80851e-13 0 4.8285e-13 0 4.8485e-13 0 4.8685e-13 0 4.88851e-13 0 4.90602e-13 0 4.92603e-13 0 4.94355e-13 0 4.96107e-13 0
709.813 5.22078e-14 5.22078e-14 1.60033e-20 3.06531e-07 1.49942e-05 2.43109e-15 0 1.18882e-14 0 3.76998e-14 0 6.99674e-14 0 8.82159e-14 0 1.00248e-13 0 1.09414e-13 0 1.16921e-13 0 1.42346e-13 0 1.71255e-13 0 1.89954e-13 0 2.04091e-13 0 2.15529e-13 0 2.25211e-13 0 2.33658e-13 0 2.41128e-13 0 2.47887e-13 0 2.54111e-13 0 2.59797e-13 0 2.65034e-13 0 2.6991e-13 0 2.74608e-13 0 2.78943e-13 0 2.83006e-13 0 2.86888e-13 0 2.90682e-13 0 2.94201e-13 0 2.9763e-13 0 3.00876e-13 0 3.04032e-13 0 3.07097e-13 0 3.09978e-13 0 3.12861e-13 0 3.15466e-13 0 3.18166e-13 0 3.20681e-13 0 3.2329e-13 0 3.25621e-13 0 3.27953e-13 0 3.30286e-13 0 3.32527e-13 0 3.34675e-13 0 3.36824e-13 0 3.3888e-13 0 3.40937e-13 0 3.42901e-13 0 3.44866e-13 0 3.46831e-13 0 3.4861e-13 0 3.50389e-13 0 3.52263e-13 0 3.5395e-13 0 3.5573e-13 0 3.57418e-13 0 3.59012e-13 0 3.607e-13 0 3.62295e-13 0 3.63891e-13 0 3.65393e-13 0 3.66895e-13 0 3.68397e-13 0 3.699e-13 0 3.71403e-13 0 3.72907e-13 0 3.74223e-13 0 3.75727e-13 0 3.77043e-13 0 3.7836e-13 0
746.248 4.75022e-14 4.75022e-14 1.31013e-20 2.75803e-07 1.4174e-05 2.19862e-15 0 1.00058e-14 0 3.03034e-14 0 5.5081e-14 0 6.89676e-14 0 7.8093e-14 0 8.50319e-14 0 9.07076e-14 0 1.09893e-13 0 1.31652e-13 0 1.45703e-13 0 1.56316e-13 0 1.64898e-13 0 1.72159e-13 0 1.78492e-13 0 1.84091e-13 0 1.89155e-13 0 1.93818e-13 0 1.98077e-13 0 2.01999e-13 0 2.0565e-13 0 2.09167e-13 0 2.12413e-13 0 2.15454e-13 0 2.1836e-13 0 2.21199e-13 0 2.23832e-13 0 2.26398e-13 0 2.28827e-13 0 2.31188e-13 0 2.33481e-13 0 2.35636e-13 0 2.37793e-13 0 2.39742e-13 0 2.41761e-13 0 2.43642e-13 0 2.45594e-13 0 2.47337e-13 0 2.49081e-13 0 2.50825e-13 0 2.52501e-13 0 2.54107e-13 0 2.55714e-13 0 2.57251e-13 0 2.58789e-13 0 2.60257e-13 0 2.61726e-13 0 2.63195e-13 0 2.64525e-13 0 2.65855e-13 0 2.67256e-13 0 2.68517e-13 0 2.69848e-13 0 2.71109e-13 0 2.72301e-13 0 2.73563e-13 0 2.74755e-13 0 2.75947e-13 0 2.77069e-13 0 2.78192e-13 0 2.79315e-13 0 2.80438e-13 0 2.81561e-13 0 2.82685e-13 0 2.83668e-13 0 2.84792e-13 0 2.85776e-13 0 2.8676e-13 0
784.553 4.31335e-14 4.31335e-14 1.07235e-20 2.48612e-07 1.34001e-05 1.9618e-15 0 8.34306e-15 0 2.41995e-14 0 4.31353e-14 0 5.36605e-14 0 6.05559e-14 0 6.57903e-14 0 7.00669e-14 0 8.44967e-14 0 1.00825e-13 0 1.11353e-13 0 1.19299e-13 0 1.2572e-13 0 1.31152e-13 0 1.35887e-13 0 1.40072e-13 0 1.43857e-13 0 1.47342e-13 0 1.50523e-13 0 1.53453e-13 0 1.5618e-13 0 1.58807e-13 0 1.6123e-13 0 1.63501e-13 0 1.65671e-13 0 1.6779e-13 0 1.69756e-13 0 1.71671e-13 0 1.73484e-13 0 1.75246e-13 0 1.76957e-13 0 1.78566e-13 0 1.80175e-13 0 1.81629e-13 0 1.83136e-13 0 1.84539e-13 0 1.85995e-13 0 1.87296e-13 0 1.88597e-13 0 1.89898e-13 0 1.91148e-13 0 1.92346e-13 0 1.93545e-13 0 1.94691e-13 0 1.95839e-13 0 1.96934e-13 0 1.98029e-13 0 1.99125e-13 0 2.00117e-13 0 2.01109e-13 0 2.02153e-13 0 2.03093e-13 0 2.04086e-13 0 2.05027e-13 0 2.05915e-13 0 2.06856e-13 0 2.07745e-13 0 2.08634e-13 0 2.09471e-13 0 2.10308e-13 0 2.11145e-13 0 2.11983e-13 0 2.1282e-13 0 2.13658e-13 0 2.14391e-13 0 2.15229e-13 0 2.15962e-13 0 2.16696e-13 0
824.824 3.92567e-14 3.92567e-14 8.77632e-21 2.23562e-07 1.26111e-05 1.73568e-15 0 6.92483e-15 0 1.92878e-14 0 3.37561e-14 0 4.17376e-14 0 4.69519e-14 0 5.09041e-14 0 5.41299e-14 0 6.49959e-14 0 7.72659e-14 0 8.51668e-14 0 9.11257e-14 0 9.59385e-14 0 1.00008e-13 0 1.03554e-13 0 1.06689e-13 0 1.09522e-13 0 1.12131e-13 0 1.14512e-13 0 1.16704e-13 0 1.18745e-13 0 1.20711e-13 0 1.22524e-13 0 1.24222e-13 0 1.25845e-13 0 1.2743e-13 0 1.28901e-13 0 1.30333e-13 0 1.31689e-13 0 1.33006e-13 0 1.34286e-13 0 1.35489e-13 0 1.36692e-13 0 1.37779e-13 0 1.38905e-13 0 1.39954e-13 0 1.41043e-13 0 1.42015e-13 0 1.42987e-13 0 1.4396e-13 0 1.44894e-13 0 1.4579e-13 0 1.46686e-13 0 1.47543e-13 0 1.484e-13 0 1.49218e-13 0 1.50037e-13 0 1.50856e-13 0 1.51597e-13 0 1.52338e-13 0 1.53119e-13 0 1.53821e-13 0 1.54563e-13 0 1.55266e-13 0 1.5593e-13 0 1.56633e-13 0 1.57297e-13 0 1.57961e-13 0 1.58586e-13 0 1.59212e-13 0 1.59837e-13 0 1.60463e-13 0 1.61088e-13 0 1.61714e-13 0 1.62262e-13 0 1.62888e-13 0 1.63436e-13 0 1.63983e-13 0
867.163 3.59006e-14 3.59006e-14 7.18413e-21 2.00112e-07 1.17939e-05 1.52737e-15 0 5.73814e-15 0 1.53859e-14 0 2.64686e-14 0 3.25404e-14 0 3.6497e-14 0 3.94918e-14 0 4.19338e-14 0 5.01474e-14 0 5.94048e-14 0 6.53585e-14 0 6.98458e-14 0 7.34684e-14 0 7.65303e-14 0 7.91982e-14 0 8.15555e-14 0 8.36864e-14 0 8.56474e-14 0 8.74377e-14 0 8.90854e-14 0 9.06191e-14 0 9.20962e-14 0 9.34586e-14 0 9.4735e-14 0 9.59542e-14 0 9.71451e-14 0 9.82496e-14 0 9.93256e-14 0 1.00344e-13 0 1.01334e-13 0 1.02295e-13 0 1.03198e-13 0 1.04101e-13 0 1.04918e-13 0 1.05764e-13 0 1.06552e-13 0 1.07369e-13 0 1.08099e-13 0 1.08829e-13 0 1.09559e-13 0 1.10261e-13 0 1.10933e-13 0 1.11605e-13 0 1.12249e-13 0 1.12892e-13 0 1.13507e-13 0 1.14121e-13 0 1.14736e-13 0 1.15292e-13 0 1.15849e-13 0 1.16435e-13 0 1.16962e-13 0 1.17519e-13 0 1.18046e-13 0 1.18544e-13 0 1.19072e-13 0 1.19571e-13 0 1.20069e-13 0 1.20538e-13 0 1.21008e-13 0 1.21477e-13 0 1.21947e-13 0 1.22416e-13 0 1.22886e-13 0 1.23297e-13 0 1.23767e-13 0 1.24178e-13 0 1.24589e-13 0
911.674 3.29978e-14 3.29977e-14 5.88034e-21 1.78204e-07 1.09653e-05 1.33793e-15 0 4.74996e-15 0 1.22897e-14 0 2.08042e-14 0 2.54397e-14 0 2.84534e-14 0 3.07316e-14 0 3.25877e-14 0 3.88222e-14 0 4.58368e-14 0 5.03431e-14 0 5.37374e-14 0 5.64765e-14 0 5.8791e-14 0 6.08072e-14 0 6.25883e-14 0 6.41981e-14 0 6.56793e-14 0 6.70314e-14 0 6.82757e-14 0 6.94338e-14 0 7.0549e-14 0 7.15776e-14 0 7.25412e-14 0 7.34615e-14 0 7.43605e-14 0 7.51941e-14 0 7.60062e-14 0 7.67747e-14 0 7.75216e-14 0 7.82469e-14 0 7.89284e-14 0 7.96102e-14 0 8.02263e-14 0 8.08645e-14 0 8.14589e-14 0 8.20755e-14 0 8.26262e-14 0 8.31771e-14 0 8.37281e-14 0 8.42572e-14 0 8.47644e-14 0 8.52717e-14 0 8.5757e-14 0 8.62424e-14 0 8.67059e-14 0 8.71695e-14 0 8.76332e-14 0 8.80527e-14 0 8.84724e-14 0 8.89142e-14 0 8.93119e-14 0 8.97318e-14 0 9.01297e-14 0 9.05055e-14 0 9.09034e-14 0 9.12793e-14 0 9.16553e-14 0 9.20092e-14 0 9.23631e-14 0 9.27171e-14 0 9.30712e-14 0 9.34252e-14 0 9.37794e-14 0 9.40893e-14 0 9.44435e-14 0 9.47535e-14 0 9.50635e-14 0
958.471 3.07226e-14 3.07226e-14 4.91763e-21 1.60066e-07 9.98624e-06 1.17646e-15 0 3.96025e-15 0 9.90909e-15 0 1.65227e-14 0 2.01026e-14 0 2.24252e-14 0 2.41789e-14 0 2.56066e-14 0 3.03961e-14 0 3.57766e-14 0 3.92297e-14 0 4.18292e-14 0 4.39261e-14 0 4.56975e-14 0 4.72402e-14 0 4.86028e-14 0 4.98342e-14 0 5.09671e-14 0 5.20011e-14 0 5.29526e-14 0 5.38381e-14 0 5.46908e-14 0 5.54771e-14 0 5.62137e-14 0 5.69172e-14 0 5.76044e-14 0 5.82415e-14 0 5.88622e-14 0 5.94496e-14 0 6.00204e-14 0 6.05746e-14 0 6.10954e-14 0 6.16164e-14 0 6.20871e-14 0 6.25748e-14 0 6.3029e-14 0 6.35001e-14 0 6.39209e-14 0 6.43417e-14 0 6.47627e-14 0 6.51669e-14 0 6.55543e-14 0 6.59419e-14 0 6.63126e-14 0 6.66835e-14 0 6.70375e-14 0 6.73916e-14 0 6.77458e-14 0 6.80663e-14 0 6.83869e-14 0 6.87243e-14 0 6.90281e-14 0 6.93488e-14 0 6.96527e-14 0 6.99397e-14 0 7.02436e-14 0 7.05307e-14 0 7.08179e-14 0 7.10882e-14 0 7.13585e-14 0 7.16288e-14 0 7.18992e-14 0 7.21696e-14 0 7.24401e-14 0 7.26767e-14 0 7.29472e-14 0 7.31839e-14 0 7.34207e-14 0
1007.67 2.77959e-14 2.77959e-14 4.44916e-21 1.60066e-07 9.03491e-06 9.96677e-16 0 3.19138e-15 0 7.73846e-15 0 1.27216e-14 0 1.54049e-14 0 1.71424e-14 0 1.8453e-14 0 1.95192e-14 0 2.3092e-14 0 2.71001e-14 0 2.96699e-14 0 3.16035e-14 0 3.31628e-14 0 3.44797e-14 0 3.56264e-14 0 3.6639e-14 0 3.7554e-14 0 3.83957e-14 0 3.91639e-14 0 3.98707e-14 0 4.05284e-14 0 4.11617e-14 0 4.17457e-14 0 4.22927e-14 0 4.28151e-14 0 4.33254e-14 0 4.37985e-14 0 4.42593e-14 0 4.46954e-14 0 4.51192e-14 0 4.55306e-14 0 4.59173e-14 0 4.6304e-14 0 4.66535e-14 0 4.70155e-14 0 4.73526e-14 0 4.77023e-14 0 4.80146e-14 0 4.8327e-14 0 4.86395e-14 0 4.89395e-14 0 4.9227e-14 0 4.95146e-14 0 4.97898e-14 0 5.0065e-14 0 5.03278e-14 0 5.05906e-14 0 5.08534e-14 0 5.10912e-14 0 5.13291e-14 0 5.15796e-14 0 5.1805e-14 0 5.20429e-14 0 5.22684e-14 0 5.24814e-14 0 5.27069e-14 0 5.292e-14 0 5.3133e-14 0 5.33336e-14 0 5.35342e-14 0 5.37347e-14 0 5.39354e-14 0 5.4136e-14 0 5.43367e-14 0 5.45122e-14 0 5.47129e-14 0 5.48886e-14 0 5.50642e-14 0
1059.39 2.51479e-14 2.51479e-14 4.02531e-21 1.60066e-07 8.1742e-06 8.37601e-16 0 2.5589e-15 0 6.02479e-15 0 9.77348e-15 0 1.17825e-14 0 1.30811e-14 0 1.40597e-14 0 1.48553e-14 0 1.75186e-14 0 2.05026e-14 0 2.24142e-14 0 2.3852e-14 0 2.5011e-14 0 2.59896e-14 0 2.68417e-14 0 2.75939e-14 0 2.82736e-14 0 2.88988e-14 0 2.94693e-14 0 2.99942e-14 0 3.04825e-14 0 3.09528e-14 0 3.13864e-14 0 3.17925e-14 0 3.21804e-14 0 3.25591e-14 0 3.29103e-14 0 3.32524e-14 0 3.35761e-14 0 3.38907e-14 0 3.41961e-14 0 3.4483e-14 0 3.47701e-14 0 3.50294e-14 0 3.52981e-14 0 3.55483e-14 0 3.58078e-14 0 3.60396e-14 0 3.62714e-14 0 3.65032e-14 0 3.67259e-14 0 3.69392e-14 0 3.71527e-14 0 3.73568e-14 0 3.7561e-14 0 3.7756e-14 0 3.7951e-14 0 3.8146e-14 0 3.83225e-14 0 3.84989e-14 0 3.86848e-14 0 3.8852e-14 0 3.90286e-14 0 3.91958e-14 0 3.93538e-14 0 3.95212e-14 0 3.96792e-14 0 3.98373e-14 0 3.9986e-14 0 4.01348e-14 0 4.02836e-14 0 4.04325e-14 0 4.05813e-14 0 4.07302e-14 0 4.08604e-14 0 4.10093e-14 0 4.11396e-14 0 4.12699e-14 0
1113.77 2.27522e-14 2.27522e-14 3.64185e-21 1.60066e-07 7.3955e-06 6.98606e-16 0 2.04212e-15 0 4.67713e-15 0 7.4931e-15 0 8.99568e-15 0 9.96543e-15 0 1.06956e-14 0 1.12888e-14 0 1.3273e-14 0 1.54935e-14 0 1.69149e-14 0 1.79835e-14 0 1.88448e-14 0 1.95718e-14 0 2.02046e-14 0 2.07633e-14 0 2.12681e-14 0 2.17323e-14 0 2.21559e-14 0 2.25456e-14 0 2.29081e-14 0 2.32572e-14 0 2.35791e-14 0 2.38805e-14 0 2.41684e-14 0 2.44495e-14 0 2.47101e-14 0 2.4964e-14 0 2.52042e-14 0 2.54377e-14 0 2.56643e-14 0 2.58773e-14 0 2.60903e-14 0 2.62827e-14 0 2.6482e-14 0 2.66677e-14 0 2.68602e-14 0 2.70322e-14 0 2.72042e-14 0 2.73762e-14 0 2.75414e-14 0 2.76997e-14 0 2.7858e-14 0 2.80095e-14 0 2.8161e-14 0 2.83056e-14 0 2.84502e-14 0 2.85949e-14 0 2.87258e-14 0 2.88567e-14 0 2.89946e-14 0 2.91186e-14 0 2.92496e-14 0 2.93737e-14 0 2.94909e-14 0 2.9615e-14 0 2.97322e-14 0 2.98495e-14 0 2.99598e-14 0 3.00702e-14 0 3.01806e-14 0 3.02909e-14 0 3.04013e-14 0 3.05117e-14 0 3.06083e-14 0 3.07188e-14 0 3.08154e-14 0 3.0912e-14 0
1170.94 2.05847e-14 2.05847e-14 3.29491e-21 1.60066e-07 6.69097e-06 5.78541e-16 0 1.62252e-15 0 3.62111e-15 0 5.73365e-15 0 6.85644e-15 0 7.58004e-15 0 8.12442e-15 0 8.56652e-15 0 1.00439e-14 0 1.16954e-14 0 1.2752e-14 0 1.3546e-14 0 1.41857e-14 0 1.47256e-14 0 1.51956e-14 0 1.56104e-14 0 1.59851e-14 0 1.63297e-14 0 1.66441e-14 0 1.69334e-14 0 1.72025e-14 0 1.74616e-14 0 1.77004e-14 0 1.79241e-14 0 1.81377e-14 0 1.83464e-14 0 1.85398e-14 0 1.87281e-14 0 1.89064e-14 0 1.90796e-14 0 1.92477e-14 0 1.94057e-14 0 1.95637e-14 0 1.97065e-14 0 1.98544e-14 0 1.99921e-14 0 2.01349e-14 0 2.02625e-14 0 2.03901e-14 0 2.05177e-14 0 2.06402e-14 0 2.07576e-14 0 2.0875e-14 0 2.09874e-14 0 2.10998e-14 0 2.1207e-14 0 2.13143e-14 0 2.14216e-14 0 2.15187e-14 0 2.16158e-14 0 2.17181e-14 0 2.18101e-14 0 2.19072e-14 0 2.19992e-14 0 2.20862e-14 0 2.21782e-14 0 2.22651e-14 0 2.23521e-14 0 2.24339e-14 0 2.25158e-14 0 2.25976e-14 0 2.26795e-14 0 2.27614e-14 0 2.28432e-14 0 2.29149e-14 0 2.29968e-14 0 2.30684e-14 0 2.31401e-14 0
1231.05 1.86237e-14 1.86237e-14 2.98102e-21 1.60066e-07 6.05356e-06 4.75917e-16 0 1.28382e-15 0 2.79644e-15 0 4.37937e-15 0 5.21766e-15 0 5.75721e-15 0 6.16283e-15 0 6.49209e-15 0 7.59155e-15 0 8.81946e-15 0 9.60448e-15 0 1.01942e-14 0 1.06693e-14 0 1.10702e-14 0 1.14191e-14 0 1.1727e-14 0 1.20051e-14 0 1.22609e-14 0 1.24942e-14 0 1.27089e-14 0 1.29086e-14 0 1.31008e-14 0 1.3278e-14 0 1.3444e-14 0 1.36025e-14 0 1.37573e-14 0 1.39007e-14 0 1.40405e-14 0 1.41727e-14 0 1.43012e-14 0 1.44259e-14 0 1.45431e-14 0 1.46603e-14 0 1.47662e-14 0 1.48759e-14 0 1.49781e-14 0 1.5084e-14 0 1.51786e-14 0 1.52733e-14 0 1.53679e-14 0 1.54588e-14 0 1.55458e-14 0 1.5633e-14 0 1.57163e-14 0 1.57996e-14 0 1.58792e-14 0 1.59587e-14 0 1.60383e-14 0 1.61103e-14 0 1.61823e-14 0 1.62581e-14 0 1.63264e-14 0 1.63984e-14 0 1.64666e-14 0 1.65311e-14 0 1.65994e-14 0 1.66638e-14 0 1.67283e-14 0 1.6789e-14 0 1.68497e-14 0 1.69104e-14 0 1.69711e-14 0 1.70318e-14 0 1.70925e-14 0 1.71456e-14 0 1.72063e-14 0 1.72595e-14 0 1.73126e-14 0
1294.24 1.68496e-14 1.68496e-14 2.69703e-21 1.60066e-07 5.47687e-06 3.89042e-16 0 1.01187e-15 0 2.15444e-15 0 3.33923e-15 0 3.96463e-15 0 4.36669e-15 0 4.66875e-15 0 4.91384e-15 0 5.73167e-15 0 6.64426e-15 0 7.22737e-15 0 7.6653e-15 0 8.01799e-15 0 8.31558e-15 0 8.57452e-15 0 8.80305e-15 0 9.00944e-15 0 9.19922e-15 0 9.37236e-15 0 9.53161e-15 0 9.67976e-15 0 9.82237e-15 0 9.95385e-15 0 1.0077e-14 0 1.01945e-14 0 1.03093e-14 0 1.04158e-14 0 1.05194e-14 0 1.06175e-14 0 1.07128e-14 0 1.08053e-14 0 1.08922e-14 0 1.09791e-14 0 1.10577e-14 0 1.1139e-14 0 1.12148e-14 0 1.12934e-14 0 1.13635e-14 0 1.14337e-14 0 1.15039e-14 0 1.15713e-14 0 1.16358e-14 0 1.17004e-14 0 1.17622e-14 0 1.1824e-14 0 1.1883e-14 0 1.1942e-14 0 1.2001e-14 0 1.20544e-14 0 1.21078e-14 0 1.2164e-14 0 1.22146e-14 0 1.2268e-14 0 1.23186e-14 0 1.23664e-14 0 1.2417e-14 0 1.24648e-14 0 1.25126e-14 0 1.25576e-14 0 1.26026e-14 0 1.26476e-14 0 1.26926e-14 0 1.27376e-14 0 1.27826e-14 0 1.2822e-14 0 1.2867e-14 0 1.29064e-14 0 1.29458e-14 0
1360.67 1.52444e-14 1.52444e-14 2.44011e-21 1.60066e-07 4.95512e-06 3.16155e-16 0 7.94635e-16 0 1.65613e-15 0 2.54205e-15 0 3.00831e-15 0 3.30773e-15 0 3.53255e-15 0 3.7149e-15 0 4.32299e-15 0 5.00101e-15 0 5.43402e-15 0 5.75912e-15 0 6.02091e-15 0 6.24176e-15 0 6.43391e-15 0 6.60347e-15 0 6.7566e-15 0 6.8974e-15 0 7.02584e-15 0 7.14397e-15 0 7.25387e-15 0 7.35965e-15 0 7.45717e-15 0 7.54849e-15 0 7.63569e-15 0 7.72083e-15 0 7.79976e-15 0 7.87663e-15 0 7.94937e-15 0 8.02003e-15 0 8.08864e-15 0 8.15309e-15 0 8.21756e-15 0 8.27579e-15 0 8.33612e-15 0 8.39229e-15 0 8.45055e-15 0 8.50258e-15 0 8.55461e-15 0 8.60665e-15 0 8.65661e-15 0 8.7045e-15 0 8.75239e-15 0 8.7982e-15 0 8.84402e-15 0 8.88776e-15 0 8.9315e-15 0 8.97525e-15 0 9.01483e-15 0 9.05442e-15 0 9.09609e-15 0 9.1336e-15 0 9.1732e-15 0 9.21071e-15 0 9.24615e-15 0 9.28367e-15 0 9.3191e-15 0 9.35454e-15 0 9.3879e-15 0 9.42126e-15 0 9.45462e-15 0 9.48799e-15 0 9.52135e-15 0 9.55472e-15 0 9.58392e-15 0 9.61729e-15 0 9.64649e-15 0 9.67569e-15 0
1430.51 1.37922e-14 1.37921e-14 2.20765e-21 1.60066e-07 4.48307e-06 2.55503e-16 0 6.21906e-16 0 1.2704e-15 0 1.93225e-15 0 2.27963e-15 0 2.5025e-15 0 2.66976e-15 0 2.80537e-15 0 3.25734e-15 0 3.76092e-15 0 4.08238e-15 0 4.32368e-15 0 4.51794e-15 0 4.68181e-15 0 4.82437e-15 0 4.95016e-15 0 5.06375e-15 0 5.16819e-15 0 5.26345e-15 0 5.35108e-15 0 5.43258e-15 0 5.51103e-15 0 5.58335e-15 0 5.65108e-15 0 5.71574e-15 0 5.77888e-15 0 5.83741e-15 0 5.89441e-15 0 5.94834e-15 0 6.00074e-15 0 6.05161e-15 0 6.0994e-15 0 6.1472e-15 0 6.19038e-15 0 6.2351e-15 0 6.27675e-15 0 6.31995e-15 0 6.35852e-15 0 6.3971e-15 0 6.43568e-15 0 6.47272e-15 0 6.50822e-15 0 6.54372e-15 0 6.57769e-15 0 6.61166e-15 0 6.64408e-15 0 6.67651e-15 0 6.70894e-15 0 6.73828e-15 0 6.76763e-15 0 6.79853e-15 0 6.82633e-15 0 6.85568e-15 0 6.88349e-15 0 6.90976e-15 0 6.93757e-15 0 6.96384e-15 0 6.99011e-15 0 7.01484e-15 0 7.03957e-15 0 7.0643e-15 0 7.08903e-15 0 7.11376e-15 0 7.1385e-15 0 7.16014e-15 0 7.18488e-15 0 7.20652e-15 0 7.22817e-15 0
1503.94 1.24783e-14 1.24783e-14 1.99734e-21 1.60066e-07 4.056e-06 2.05416e-16 0 4.85168e-16 0 9.72602e-16 0 1.46664e-15 0 1.72532e-15 0 1.89113e-15 0 2.0155e-15 0 2.11631e-15 0 2.45213e-15 0 2.82606e-15 0 3.06465e-15 0 3.2437e-15 0 3.38783e-15 0 3.5094e-15 0 3.61515e-15 0 3.70845e-15 0 3.7927e-15 0 3.87016e-15 0 3.94081e-15 0 4.00579e-15 0 4.06623e-15 0 4.1244e-15 0 4.17803e-15 0 4.22825e-15 0 4.27619e-15 0 4.32301e-15 0 4.36641e-15 0 4.40867e-15 0 4.44865e-15 0 4.4875e-15 0 4.52522e-15 0 4.56065e-15 0 4.59608e-15 0 4.6281e-15 0 4.66125e-15 0 4.69213e-15 0 4.72415e-15 0 4.75275e-15 0 4.78134e-15 0 4.80994e-15 0 4.8374e-15 0 4.86372e-15 0 4.89004e-15 0 4.91522e-15 0 4.9404e-15 0 4.96443e-15 0 4.98847e-15 0 5.01251e-15 0 5.03426e-15 0 5.05602e-15 0 5.07892e-15 0 5.09953e-15 0 5.12128e-15 0 5.1419e-15 0 5.16137e-15 0 5.18198e-15 0 5.20145e-15 0 5.22093e-15 0 5.23925e-15 0 5.25758e-15 0 5.27591e-15 0 5.29424e-15 0 5.31258e-15 0 5.33091e-15 0 5.34695e-15 0 5.36528e-15 0 5.38133e-15 0 5.39737e-15 0
1581.14 1.12895e-14 1.12895e-14 1.80706e-21 1.60066e-07 3.66961e-06 1.64344e-16 0 3.77358e-16 0 7.43229e-16 0 1.11173e-15 0 1.30425e-15 0 1.42756e-15 0 1.52001e-15 0 1.59493e-15 0 1.84436e-15 0 2.12194e-15 0 2.29899e-15 0 2.43183e-15 0 2.53875e-15 0 2.62892e-15 0 2.70735e-15 0 2.77654e-15 0 2.83902e-15 0 2.89646e-15 0 2.94885e-15 0 2.99703e-15 0 3.04184e-15 0 3.08498e-15 0 3.12474e-15 0 3.16197e-15 0 3.19752e-15 0 3.23222e-15 0 3.2644e-15 0 3.29573e-15 0 3.32537e-15 0 3.35417e-15 0 3.38213e-15 0 3.40839e-15 0 3.43466e-15 0 3.45839e-15 0 3.48297e-15 0 3.50586e-15 0 3.5296e-15 0 3.55079e-15 0 3.57199e-15 0 3.59319e-15 0 3.61354e-15 0 3.63305e-15 0 3.65256e-15 0 3.67122e-15 0 3.68988e-15 0 3.7077e-15 0 3.72552e-15 0 3.74333e-15 0 3.75946e-15 0 3.77558e-15 0 3.79255e-15 0 3.80783e-15 0 3.82395e-15 0 3.83923e-15 0 3.85366e-15 0 3.86894e-15 0 3.88337e-15 0 3.89781e-15 0 3.91139e-15 0 3.92497e-15 0 3.93856e-15 0 3.95214e-15 0 3.96573e-15 0 3.97932e-15 0 3.99121e-15 0 4.0048e-15 0 4.01668e-15 0 4.02858e-15 0
1662.3 1.0214e-14 1.0214e-14 1.63492e-21 1.60066e-07 3.32003e-06 1.30885e-16 0 2.92679e-16 0 5.66964e-16 0 8.41648e-16 0 9.84866e-16 0 1.07653e-15 0 1.14523e-15 0 1.20088e-15 0 1.3861e-15 0 1.59211e-15 0 1.72347e-15 0 1.82201e-15 0 1.90131e-15 0 1.96818e-15 0 2.02634e-15 0 2.07765e-15 0 2.12397e-15 0 2.16656e-15 0 2.2054e-15 0 2.24113e-15 0 2.27435e-15 0 2.30633e-15 0 2.3358e-15 0 2.36341e-15 0 2.38976e-15 0 2.41549e-15 0 2.43933e-15 0 2.46256e-15 0 2.48453e-15 0 2.50588e-15 0 2.5266e-15 0 2.54607e-15 0 2.56555e-15 0 2.58313e-15 0 2.60135e-15 0 2.61832e-15 0 2.63591e-15 0 2.65162e-15 0 2.66733e-15 0 2.68304e-15 0 2.69813e-15 0 2.71259e-15 0 2.72705e-15 0 2.74088e-15 0 2.75471e-15 0 2.76791e-15 0 2.78112e-15 0 2.79432e-15 0 2.80627e-15 0 2.81822e-15 0 2.8308e-15 0 2.84212e-15 0 2.85407e-15 0 2.8654e-15 0 2.87609e-15 0 2.88742e-15 0 2.89811e-15 0 2.90881e-15 0 2.91887e-15 0 2.92894e-15 0 2.93901e-15 0 2.94908e-15 0 2.95914e-15 0 2.96921e-15 0 2.97802e-15 0 2.98809e-15 0 2.99691e-15 0 3.00572e-15 0
1747.63 9.241e-15 9.241e-15 1.47917e-21 1.60066e-07 3.00374e-06 1.03791e-16 0 2.26402e-16 0 4.31794e-16 0 6.36419e-16 0 7.42913e-16 0 8.11027e-16 0 8.62059e-16 0 9.03388e-16 0 1.04089e-15 0 1.19376e-15 0 1.2912e-15 0 1.36428e-15 0 1.42309e-15 0 1.47267e-15 0 1.5158e-15 0 1.55384e-15 0 1.58819e-15 0 1.61976e-15 0 1.64855e-15 0 1.67504e-15 0 1.69966e-15 0 1.72337e-15 0 1.74522e-15 0 1.76568e-15 0 1.78521e-15 0 1.80428e-15 0 1.82196e-15 0 1.83917e-15 0 1.85546e-15 0 1.87128e-15 0 1.88664e-15 0 1.90107e-15 0 1.9155e-15 0 1.92854e-15 0 1.94204e-15 0 1.95462e-15 0 1.96766e-15 0 1.9793e-15 0 1.99094e-15 0 2.00259e-15 0 2.01377e-15 0 2.02448e-15 0 2.0352e-15 0 2.04545e-15 0 2.0557e-15 0 2.06548e-15 0 2.07527e-15 0 2.08506e-15 0 2.09391e-15 0 2.10277e-15 0 2.11209e-15 0 2.12048e-15 0 2.12934e-15 0 2.13773e-15 0 2.14565e-15 0 2.15404e-15 0 2.16197e-15 0 2.1699e-15 0 2.17736e-15 0 2.18482e-15 0 2.19228e-15 0 2.19974e-15 0 2.2072e-15 0 2.21466e-15 0 2.22119e-15 0 2.22865e-15 0 2.23518e-15 0 2.24171e-15 0
1837.33 8.36067e-15 8.36067e-15 1.33826e-21 1.60066e-07 2.7176e-06 8.19755e-17 0 1.747e-16 0 3.28345e-16 0 4.80695e-16 0 5.59852e-16 0 6.10451e-16 0 6.48349e-16 0 6.79034e-16 0 7.8109e-16 0 8.94498e-16 0 9.66767e-16 0 1.02096e-15 0 1.06457e-15 0 1.10133e-15 0 1.1333e-15 0 1.16151e-15 0 1.18697e-15 0 1.21037e-15 0 1.23172e-15 0 1.25135e-15 0 1.2696e-15 0 1.28717e-15 0 1.30337e-15 0 1.31853e-15 0 1.33301e-15 0 1.34714e-15 0 1.36025e-15 0 1.37301e-15 0 1.38508e-15 0 1.3968e-15 0 1.40819e-15 0 1.41888e-15 0 1.42958e-15 0 1.43924e-15 0 1.44924e-15 0 1.45856e-15 0 1.46822e-15 0 1.47685e-15 0 1.48548e-15 0 1.49411e-15 0 1.5024e-15 0 1.51034e-15 0 1.51828e-15 0 1.52587e-15 0 1.53347e-15 0 1.54072e-15 0 1.54797e-15 0 1.55523e-15 0 1.56179e-15 0 1.56835e-15 0 1.57526e-15 0 1.58147e-15 0 1.58804e-15 0 1.59425e-15 0 1.60013e-15 0 1.60635e-15 0 1.61222e-15 0 1.61809e-15 0 1.62362e-15 0 1.62915e-15 0 1.63468e-15 0 1.6402e-15 0 1.64573e-15 0 1.65126e-15 0 1.6561e-15 0 1.66163e-15 0 1.66647e-15 0 1.6713e-15 0
1931.64 7.56419e-15 7.56419e-15 1.21077e-21 1.60066e-07 2.45871e-06 6.45014e-17 0 1.3449e-16 0 2.49318e-16 0 3.6269e-16 0 4.21507e-16 0 4.59084e-16 0 4.8722e-16 0 5.09998e-16 0 5.85728e-16 0 6.69849e-16 0 7.23441e-16 0 7.63625e-16 0 7.95953e-16 0 8.23208e-16 0 8.46909e-16 0 8.67815e-16 0 8.86689e-16 0 9.04037e-16 0 9.19858e-16 0 9.34407e-16 0 9.47938e-16 0 9.6096e-16 0 9.72963e-16 0 9.84202e-16 0 9.94931e-16 0 1.00541e-15 0 1.01512e-15 0 1.02457e-15 0 1.03352e-15 0 1.04221e-15 0 1.05064e-15 0 1.05857e-15 0 1.06649e-15 0 1.07365e-15 0 1.08107e-15 0 1.08797e-15 0 1.09513e-15 0 1.10153e-15 0 1.10792e-15 0 1.11432e-15 0 1.12046e-15 0 1.12634e-15 0 1.13223e-15 0 1.13785e-15 0 1.14348e-15 0 1.14886e-15 0 1.15423e-15 0 1.1596e-15 0 1.16447e-15 0 1.16933e-15 0 1.17445e-15 0 1.17905e-15 0 1.18392e-15 0 1.18852e-15 0 1.19287e-15 0 1.19748e-15 0 1.20183e-15 0 1.20619e-15 0 1.21028e-15 0 1.21438e-15 0 1.21847e-15 0 1.22257e-15 0 1.22667e-15 0 1.23076e-15 0 1.23435e-15 0 1.23844e-15 0 1.24203e-15 0 1.24561e-15 0
2030.79 6.8436e-15 6.8436e-15 1.09542e-21 1.60066e-07 2.22448e-06 5.05731e-17 0 1.0331e-16 0 1.89054e-16 0 2.73383e-16 0 3.17073e-16 0 3.44971e-16 0 3.65855e-16 0 3.82759e-16 0 4.38944e-16 0 5.01332e-16 0 5.41069e-16 0 5.70861e-16 0 5.94826e-16 0 6.1503e-16 0 6.32598e-16 0 6.48094e-16 0 6.62082e-16 0 6.7494e-16 0 6.86666e-16 0 6.97448e-16 0 7.07476e-16 0 7.17127e-16 0 7.26023e-16 0 7.34351e-16 0 7.42303e-16 0 7.50065e-16 0 7.57261e-16 0 7.64268e-16 0 7.70896e-16 0 7.77336e-16 0 7.83587e-16 0 7.8946e-16 0 7.95333e-16 0 8.00638e-16 0 8.06133e-16 0 8.11249e-16 0 8.16556e-16 0 8.21293e-16 0 8.26032e-16 0 8.3077e-16 0 8.35319e-16 0 8.39679e-16 0 8.44039e-16 0 8.48209e-16 0 8.5238e-16 0 8.56361e-16 0 8.60343e-16 0 8.64325e-16 0 8.67927e-16 0 8.7153e-16 0 8.75322e-16 0 8.78736e-16 0 8.82339e-16 0 8.85753e-16 0 8.88977e-16 0 8.9239e-16 0 8.95615e-16 0 8.98839e-16 0 9.01874e-16 0 9.04908e-16 0 9.07943e-16 0 9.10978e-16 0 9.14013e-16 0 9.17049e-16 0 9.19704e-16 0 9.2274e-16 0 9.25396e-16 0 9.28052e-16 0
2135.03 6.19164e-15 6.19164e-15 9.91069e-22 1.60066e-07 2.01257e-06 3.9521e-17 0 7.91949e-17 0 1.43172e-16 0 2.05872e-16 0 2.38316e-16 0 2.59024e-16 0 2.74522e-16 0 2.87063e-16 0 3.2874e-16 0 3.75004e-16 0 4.04464e-16 0 4.26549e-16 0 4.44313e-16 0 4.59288e-16 0 4.72309e-16 0 4.83794e-16 0 4.94161e-16 0 5.0369e-16 0 5.1238e-16 0 5.20371e-16 0 5.27802e-16 0 5.34954e-16 0 5.41545e-16 0 5.47717e-16 0 5.53609e-16 0 5.59362e-16 0 5.64693e-16 0 5.69885e-16 0 5.74797e-16 0 5.79569e-16 0 5.84201e-16 0 5.88553e-16 0 5.92904e-16 0 5.96835e-16 0 6.00907e-16 0 6.04698e-16 0 6.08629e-16 0 6.1214e-16 0 6.1565e-16 0 6.19161e-16 0 6.22532e-16 0 6.25762e-16 0 6.28992e-16 0 6.32082e-16 0 6.35173e-16 0 6.38123e-16 0 6.41072e-16 0 6.44023e-16 0 6.46692e-16 0 6.49361e-16 0 6.52171e-16 0 6.547e-16 0 6.57369e-16 0 6.59898e-16 0 6.62287e-16 0 6.64816e-16 0 6.67205e-16 0 6.69594e-16 0 6.71842e-16 0 6.74091e-16 0 6.76339e-16 0 6.78588e-16 0 6.80837e-16 0 6.83085e-16 0 6.85053e-16 0 6.87302e-16 0 6.89269e-16 0 6.91237e-16 0
2244.63 5.6018e-15 5.6018e-15 8.96655e-22 1.60066e-07 1.82084e-06 3.07883e-17 0 6.0592e-17 0 1.08295e-16 0 1.54895e-16 0 1.78981e-16 0 1.94349e-16 0 2.05848e-16 0 2.15152e-16 0 2.46062e-16 0 2.80364e-16 0 3.02203e-16 0 3.18573e-16 0 3.3174e-16 0 3.42838e-16 0 3.52488e-16 0 3.60999e-16 0 3.68682e-16 0 3.75743e-16 0 3.82183e-16 0 3.88104e-16 0 3.93611e-16 0 3.98911e-16 0 4.03795e-16 0 4.08368e-16 0 4.12734e-16 0 4.16996e-16 0 4.20947e-16 0 4.24794e-16 0 4.28434e-16 0 4.31969e-16 0 4.35401e-16 0 4.38625e-16 0 4.4185e-16 0 4.44762e-16 0 4.47779e-16 0 4.50588e-16 0 4.53501e-16 0 4.56102e-16 0 4.58703e-16 0 4.61304e-16 0 4.63801e-16 0 4.66194e-16 0 4.68588e-16 0 4.70877e-16 0 4.73167e-16 0 4.75352e-16 0 4.77538e-16 0 4.79723e-16 0 4.81701e-16 0 4.83678e-16 0 4.8576e-16 0 4.87634e-16 0 4.89612e-16 0 4.91485e-16 0 4.93255e-16 0 4.95129e-16 0 4.96899e-16 0 4.98668e-16 0 5.00334e-16 0 5.02e-16 0 5.03666e-16 0 5.05332e-16 0 5.06997e-16 0 5.08663e-16 0 5.10121e-16 0 5.11787e-16 0 5.13245e-16 0 5.14703e-16 0
2359.84 5.06815e-15 5.06815e-15 8.11237e-22 1.60066e-07 1.64738e-06 2.39154e-17 0 4.62751e-17 0 8.18207e-17 0 1.16444e-16 0 1.34321e-16 0 1.45724e-16 0 1.54253e-16 0 1.61154e-16 0 1.84076e-16 0 2.09506e-16 0 2.25695e-16 0 2.37828e-16 0 2.47586e-16 0 2.55811e-16 0 2.62962e-16 0 2.69269e-16 0 2.74962e-16 0 2.80195e-16 0 2.84967e-16 0 2.89354e-16 0 2.93434e-16 0 2.97361e-16 0 3.0098e-16 0 3.04369e-16 0 3.07604e-16 0 3.10762e-16 0 3.13689e-16 0 3.16539e-16 0 3.19236e-16 0 3.21856e-16 0 3.24398e-16 0 3.26787e-16 0 3.29176e-16 0 3.31334e-16 0 3.33569e-16 0 3.3565e-16 0 3.37808e-16 0 3.39735e-16 0 3.41662e-16 0 3.43589e-16 0 3.45439e-16 0 3.47212e-16 0 3.48986e-16 0 3.50682e-16 0 3.52378e-16 0 3.53997e-16 0 3.55616e-16 0 3.57235e-16 0 3.587e-16 0 3.60166e-16 0 3.61708e-16 0 3.63096e-16 0 3.64561e-16 0 3.65949e-16 0 3.6726e-16 0 3.68648e-16 0 3.6996e-16 0 3.71271e-16 0 3.72505e-16 0 3.73739e-16 0 3.74973e-16 0 3.76207e-16 0 3.77441e-16 0 3.78675e-16 0 3.79755e-16 0 3.80989e-16 0 3.82069e-16 0 3.83149e-16 0
2480.97 4.58533e-15 4.58533e-15 7.33954e-22 1.60066e-07 1.49044e-06 1.85259e-17 0 3.52807e-17 0 6.17519e-17 0 8.74682e-17 0 1.00735e-16 0 1.09193e-16 0 1.1552e-16 0 1.20637e-16 0 1.37633e-16 0 1.56484e-16 0 1.68483e-16 0 1.77474e-16 0 1.84706e-16 0 1.90801e-16 0 1.961e-16 0 2.00774e-16 0 2.04992e-16 0 2.08869e-16 0 2.12405e-16 0 2.15656e-16 0 2.18679e-16 0 2.21589e-16 0 2.2427e-16 0 2.26781e-16 0 2.29177e-16 0 2.31517e-16 0 2.33686e-16 0 2.35798e-16 0 2.37796e-16 0 2.39736e-16 0 2.4162e-16 0 2.4339e-16 0 2.4516e-16 0 2.46758e-16 0 2.48414e-16 0 2.49956e-16 0 2.51555e-16 0 2.52982e-16 0 2.5441e-16 0 2.55838e-16 0 2.57208e-16 0 2.58522e-16 0 2.59836e-16 0 2.61092e-16 0 2.62349e-16 0 2.63548e-16 0 2.64748e-16 0 2.65947e-16 0 2.67033e-16 0 2.68118e-16 0 2.69261e-16 0 2.70289e-16 0 2.71374e-16 0 2.72403e-16 0 2.73374e-16 0 2.74402e-16 0 2.75374e-16 0 2.76345e-16 0 2.77259e-16 0 2.78173e-16 0 2.79087e-16 0 2.80002e-16 0 2.80916e-16 0 2.8183e-16 0 2.8263e-16 0 2.83544e-16 0 2.84344e-16 0 2.85145e-16 0
2608.32 4.14852e-15 4.14852e-15 6.64035e-22 1.60066e-07 1.34846e-06 1.43141e-17 0 2.68554e-17 0 4.65586e-17 0 6.56541e-17 0 7.54969e-17 0 8.17707e-17 0 8.64623e-17 0 9.02572e-17 0 1.02857e-16 0 1.1683e-16 0 1.25723e-16 0 1.32386e-16 0 1.37745e-16 0 1.42261e-16 0 1.46188e-16 0 1.49651e-16 0 1.52776e-16 0 1.55649e-16 0 1.58269e-16 0 1.60677e-16 0 1.62917e-16 0 1.65073e-16 0 1.6706e-16 0 1.6892e-16 0 1.70695e-16 0 1.72429e-16 0 1.74035e-16 0 1.756e-16 0 1.7708e-16 0 1.78518e-16 0 1.79913e-16 0 1.81225e-16 0 1.82536e-16 0 1.8372e-16 0 1.84947e-16 0 1.86089e-16 0 1.87273e-16 0 1.88331e-16 0 1.89389e-16 0 1.90446e-16 0 1.91462e-16 0 1.92435e-16 0 1.93408e-16 0 1.94339e-16 0 1.9527e-16 0 1.96158e-16 0 1.97047e-16 0 1.97936e-16 0 1.9874e-16 0 1.99544e-16 0 2.0039e-16 0 2.01152e-16 0 2.01956e-16 0 2.02718e-16 0 2.03437e-16 0 2.04199e-16 0 2.04918e-16 0 2.05638e-16 0 2.06315e-16 0 2.06992e-16 0 2.0767e-16 0 2.08347e-16 0 2.09024e-16 0 2.09701e-16 0 2.10294e-16 0 2.10971e-16 0 2.11564e-16 0 2.12156e-16 0
2742.21 3.75331e-15 3.75331e-15 6.00776e-22 1.60066e-07 1.22e-06 1.10333e-17 0 2.04113e-17 0 3.50698e-17 0 4.92455e-17 0 5.65469e-17 0 6.11995e-17 0 6.46783e-17 0 6.74919e-17 0 7.68325e-17 0 8.71887e-17 0 9.37784e-17 0 9.87161e-17 0 1.02687e-16 0 1.06033e-16 0 1.08943e-16 0 1.11508e-16 0 1.13824e-16 0 1.15953e-16 0 1.17893e-16 0 1.19678e-16 0 1.21337e-16 0 1.22934e-16 0 1.24406e-16 0 1.25784e-16 0 1.271e-16 0 1.28384e-16 0 1.29574e-16 0 1.30733e-16 0 1.3183e-16 0 1.32895e-16 0 1.33929e-16 0 1.349e-16 0 1.35871e-16 0 1.36749e-16 0 1.37657e-16 0 1.38504e-16 0 1.39381e-16 0 1.40164e-16 0 1.40948e-16 0 1.41731e-16 0 1.42484e-16 0 1.43205e-16 0 1.43925e-16 0 1.44615e-16 0 1.45305e-16 0 1.45963e-16 0 1.46621e-16 0 1.47279e-16 0 1.47875e-16 0 1.48471e-16 0 1.49098e-16 0 1.49662e-16 0 1.50257e-16 0 1.50822e-16 0 1.51355e-16 0 1.51919e-16 0 1.52452e-16 0 1.52985e-16 0 1.53487e-16 0 1.53988e-16 0 1.5449e-16 0 1.54992e-16 0 1.55493e-16 0 1.55995e-16 0 1.56434e-16 0 1.56936e-16 0 1.57375e-16 0 1.57814e-16 0
2882.97 3.39576e-15 3.39576e-15 5.43544e-22 1.60066e-07 1.10377e-06 8.48518e-18 0 1.54915e-17 0 2.63923e-17 0 3.69133e-17 0 4.23287e-17 0 4.57786e-17 0 4.83578e-17 0 5.04436e-17 0 5.73672e-17 0 6.50422e-17 0 6.99253e-17 0 7.3584e-17 0 7.65261e-17 0 7.90055e-17 0 8.1161e-17 0 8.3062e-17 0 8.47777e-17 0 8.63545e-17 0 8.77924e-17 0 8.91145e-17 0 9.03439e-17 0 9.15269e-17 0 9.26173e-17 0 9.36382e-17 0 9.46127e-17 0 9.55641e-17 0 9.64459e-17 0 9.73045e-17 0 9.81168e-17 0 9.89059e-17 0 9.96718e-17 0 1.00391e-16 0 1.01111e-16 0 1.01761e-16 0 1.02434e-16 0 1.03061e-16 0 1.03711e-16 0 1.04291e-16 0 1.04871e-16 0 1.05452e-16 0 1.06009e-16 0 1.06543e-16 0 1.07077e-16 0 1.07588e-16 0 1.08099e-16 0 1.08586e-16 0 1.09074e-16 0 1.09562e-16 0 1.10003e-16 0 1.10444e-16 0 1.10908e-16 0 1.11326e-16 0 1.11768e-16 0 1.12186e-16 0 1.1258e-16 0 1.12998e-16 0 1.13393e-16 0 1.13788e-16 0 1.1416e-16 0 1.14531e-16 0 1.14903e-16 0 1.15274e-16 0 1.15646e-16 0 1.16018e-16 0 1.16343e-16 0 1.16714e-16 0 1.1704e-16 0 1.17365e-16 0
3030.95 3.07226e-15 3.07226e-15 4.91763e-22 1.60066e-07 9.98624e-07 6.51169e-18 0 1.17418e-17 0 1.9845e-17 0 2.76519e-17 0 3.16678e-17 0 3.42256e-17 0 3.61376e-17 0 3.76838e-17 0 4.28153e-17 0 4.85029e-17 0 5.21212e-17 0 5.4832e-17 0 5.70118e-17 0 5.88488e-17 0 6.04457e-17 0 6.1854e-17 0 6.31251e-17 0 6.42933e-17 0 6.53585e-17 0 6.63379e-17 0 6.72487e-17 0 6.81251e-17 0 6.89329e-17 0 6.96891e-17 0 7.0411e-17 0 7.11158e-17 0 7.1769e-17 0 7.24051e-17 0 7.30068e-17 0 7.35913e-17 0 7.41587e-17 0 7.46917e-17 0 7.52247e-17 0 7.57062e-17 0 7.62048e-17 0 7.66691e-17 0 7.71506e-17 0 7.75805e-17 0 7.80104e-17 0 7.84404e-17 0 7.88531e-17 0 7.92487e-17 0 7.96442e-17 0 8.00226e-17 0 8.0401e-17 0 8.07622e-17 0 8.11234e-17 0 8.14846e-17 0 8.18114e-17 0 8.21382e-17 0 8.24822e-17 0 8.27918e-17 0 8.31187e-17 0 8.34283e-17 0 8.37207e-17 0 8.40304e-17 0 8.43228e-17 0 8.46153e-17 0 8.48905e-17 0 8.51658e-17 0 8.5441e-17 0 8.57163e-17 0 8.59915e-17 0 8.62668e-17 0 8.65077e-17 0 8.67829e-17 0 8.70238e-17 0 8.72647e-17 0
3186.53 2.77959e-15 2.77959e-15 4.44916e-22 1.60066e-07 9.03491e-07 4.98725e-18 0 8.88855e-18 0 1.491e-17 0 2.07019e-17 0 2.36796e-17 0 2.55758e-17 0 2.69931e-17 0 2.81391e-17 0 3.19422e-17 0 3.61567e-17 0 3.88376e-17 0 4.08461e-17 0 4.2461e-17 0 4.3822e-17 0 4.50051e-17 0 4.60484e-17 0 4.699e-17 0 4.78554e-17 0 4.86445e-17 0 4.93701e-17 0 5.00447e-17 0 5.0694e-17 0 5.12924e-17 0 5.18526e-17 0 5.23874e-17 0 5.29094e-17 0 5.33933e-17 0 5.38645e-17 0 5.43102e-17 0 5.47432e-17 0 5.51635e-17 0 5.55583e-17 0 5.59531e-17 0 5.63098e-17 0 5.66791e-17 0 5.70231e-17 0 5.73797e-17 0 5.76982e-17 0 5.80166e-17 0 5.83351e-17 0 5.86408e-17 0 5.89338e-17 0 5.92268e-17 0 5.95071e-17 0 5.97874e-17 0 6.00549e-17 0 6.03225e-17 0 6.059e-17 0 6.08321e-17 0 6.10742e-17 0 6.1329e-17 0 6.15584e-17 0 6.18005e-17 0 6.20298e-17 0 6.22464e-17 0 6.24758e-17 0 6.26924e-17 0 6.2909e-17 0 6.31129e-17 0 6.33168e-17 0 6.35206e-17 0 6.37245e-17 0 6.39284e-17 0 6.41323e-17 0 6.43107e-17 0 6.45146e-17 0 6.4693e-17 0 6.48714e-17 0
3350.09 2.51479e-15 2.51479e-15 4.02531e-22 1.60066e-07 8.1742e-07 3.81252e-18 0 6.72065e-18 0 1.11937e-17 0 1.549e-17 0 1.76976e-17 0 1.91032e-17 0 2.01536e-17 0 2.1003e-17 0 2.38213e-17 0 2.69441e-17 0 2.89304e-17 0 3.04184e-17 0 3.16148e-17 0 3.2623e-17 0 3.34995e-17 0 3.42724e-17 0 3.49699e-17 0 3.5611e-17 0 3.61956e-17 0 3.6733e-17 0 3.72328e-17 0 3.77138e-17 0 3.8157e-17 0 3.8572e-17 0 3.89681e-17 0 3.93548e-17 0 3.97133e-17 0 4.00623e-17 0 4.03924e-17 0 4.07132e-17 0 4.10245e-17 0 4.13169e-17 0 4.16094e-17 0 4.18736e-17 0 4.21472e-17 0 4.24019e-17 0 4.26661e-17 0 4.2902e-17 0 4.31379e-17 0 4.33738e-17 0 4.36003e-17 0 4.38173e-17 0 4.40343e-17 0 4.42419e-17 0 4.44495e-17 0 4.46477e-17 0 4.48459e-17 0 4.50441e-17 0 4.52234e-17 0 4.54027e-17 0 4.55914e-17 0 4.57613e-17 0 4.59406e-17 0 4.61105e-17 0 4.62709e-17 0 4.64408e-17 0 4.66013e-17 0 4.67617e-17 0 4.69127e-17 0 4.70637e-17 0 4.72148e-17 0 4.73658e-17 0 4.75168e-17 0 4.76678e-17 0 4.78e-17 0 4.7951e-17 0 4.80831e-17 0 4.82153e-17 0
3522.05 2.27522e-15 2.27522e-15 3.64185e-22 1.60066e-07 7.3955e-07 2.90937e-18 0 5.07584e-18 0 8.3977e-18 0 1.15841e-17 0 1.32206e-17 0 1.42624e-17 0 1.5041e-17 0 1.56704e-17 0 1.77588e-17 0 2.00726e-17 0 2.15442e-17 0 2.26465e-17 0 2.35329e-17 0 2.42798e-17 0 2.4929e-17 0 2.55016e-17 0 2.60183e-17 0 2.64932e-17 0 2.69262e-17 0 2.73243e-17 0 2.76946e-17 0 2.80508e-17 0 2.83791e-17 0 2.86865e-17 0 2.898e-17 0 2.92664e-17 0 2.95319e-17 0 2.97904e-17 0 3.0035e-17 0 3.02726e-17 0 3.05032e-17 0 3.07198e-17 0 3.09364e-17 0 3.11321e-17 0 3.13348e-17 0 3.15235e-17 0 3.17192e-17 0 3.18939e-17 0 3.20686e-17 0 3.22433e-17 0 3.24111e-17 0 3.25718e-17 0 3.27326e-17 0 3.28864e-17 0 3.30401e-17 0 3.31869e-17 0 3.33337e-17 0 3.34805e-17 0 3.36133e-17 0 3.37461e-17 0 3.38859e-17 0 3.40118e-17 0 3.41446e-17 0 3.42704e-17 0 3.43892e-17 0 3.45151e-17 0 3.46339e-17 0 3.47528e-17 0 3.48646e-17 0 3.49765e-17 0 3.50883e-17 0 3.52002e-17 0 3.5312e-17 0 3.54239e-17 0 3.55218e-17 0 3.56336e-17 0 3.57315e-17 0 3.58294e-17 0
3702.84 2.05847e-15 2.05847e-15 3.29491e-22 1.60066e-07 6.69097e-07 2.21648e-18 0 3.82954e-18 0 6.29582e-18 0 8.65867e-18 0 9.87175e-18 0 1.06439e-17 0 1.12208e-17 0 1.16873e-17 0 1.32347e-17 0 1.4949e-17 0 1.60392e-17 0 1.68558e-17 0 1.75124e-17 0 1.80657e-17 0 1.85467e-17 0 1.89708e-17 0 1.93535e-17 0 1.97053e-17 0 2.00261e-17 0 2.0321e-17 0 2.05952e-17 0 2.08591e-17 0 2.11023e-17 0 2.133e-17 0 2.15473e-17 0 2.17595e-17 0 2.19562e-17 0 2.21477e-17 0 2.23288e-17 0 2.25048e-17 0 2.26756e-17 0 2.28361e-17 0 2.29965e-17 0 2.31414e-17 0 2.32916e-17 0 2.34313e-17 0 2.35763e-17 0 2.37057e-17 0 2.38351e-17 0 2.39645e-17 0 2.40888e-17 0 2.42078e-17 0 2.43269e-17 0 2.44408e-17 0 2.45547e-17 0 2.46634e-17 0 2.47721e-17 0 2.48809e-17 0 2.49792e-17 0 2.50776e-17 0 2.51812e-17 0 2.52744e-17 0 2.53727e-17 0 2.54659e-17 0 2.5554e-17 0 2.56472e-17 0 2.57352e-17 0 2.58232e-17 0 2.5906e-17 0 2.59889e-17 0 2.60717e-17 0 2.61546e-17 0 2.62374e-17 0 2.63203e-17 0 2.63928e-17 0 2.64756e-17 0 2.65481e-17 0 2.66206e-17 0
3892.91 1.86237e-15 1.86237e-15 2.98102e-22 1.60066e-07 6.05356e-07 1.68598e-18 0 2.88639e-18 0 4.71702e-18 0 6.46898e-18 0 7.3681e-18 0 7.9403e-18 0 8.36783e-18 0 8.71346e-18 0 9.86002e-18 0 1.11301e-17 0 1.19377e-17 0 1.25427e-17 0 1.3029e-17 0 1.34389e-17 0 1.37952e-17 0 1.41093e-17 0 1.43929e-17 0 1.46534e-17 0 1.4891e-17 0 1.51095e-17 0 1.53126e-17 0 1.55081e-17 0 1.56882e-17 0 1.58569e-17 0 1.60178e-17 0 1.6175e-17 0 1.63207e-17 0 1.64625e-17 0 1.65967e-17 0 1.6727e-17 0 1.68536e-17 0 1.69724e-17 0 1.70912e-17 0 1.71986e-17 0 1.73098e-17 0 1.74133e-17 0 1.75207e-17 0 1.76165e-17 0 1.77124e-17 0 1.78082e-17 0 1.79003e-17 0 1.79885e-17 0 1.80767e-17 0 1.8161e-17 0 1.82454e-17 0 1.83259e-17 0 1.84064e-17 0 1.8487e-17 0 1.85598e-17 0 1.86327e-17 0 1.87094e-17 0 1.87784e-17 0 1.88513e-17 0 1.89203e-17 0 1.89855e-17 0 1.90545e-17 0 1.91197e-17 0 1.91849e-17 0 1.92463e-17 0 1.93076e-17 0 1.9369e-17 0 1.94304e-17 0 1.94917e-17 0 1.95531e-17 0 1.96068e-17 0 1.96681e-17 0 1.97218e-17 0 1.97755e-17 0
4092.73 1.68496e-15 1.68496e-15 2.69703e-22 1.60066e-07 5.47687e-07 1.28057e-18 0 2.17348e-18 0 3.53199e-18 0 4.83085e-18 0 5.4972e-18 0 5.92122e-18 0 6.23802e-18 0 6.49411e-18 0 7.34359e-18 0 8.28447e-18 0 8.88276e-18 0 9.33091e-18 0 9.69119e-18 0 9.99479e-18 0 1.02587e-17 0 1.04914e-17 0 1.07014e-17 0 1.08944e-17 0 1.10704e-17 0 1.12322e-17 0 1.13827e-17 0 1.15274e-17 0 1.16609e-17 0 1.17858e-17 0 1.1905e-17 0 1.20215e-17 0 1.21293e-17 0 1.22344e-17 0 1.23338e-17 0 1.24303e-17 0 1.2524e-17 0 1.26121e-17 0 1.27001e-17 0 1.27796e-17 0 1.2862e-17 0 1.29386e-17 0 1.30181e-17 0 1.30891e-17 0 1.31601e-17 0 1.32311e-17 0 1.32993e-17 0 1.33646e-17 0 1.34299e-17 0 1.34924e-17 0 1.35549e-17 0 1.36146e-17 0 1.36742e-17 0 1.37338e-17 0 1.37878e-17 0 1.38418e-17 0 1.38986e-17 0 1.39497e-17 0 1.40037e-17 0 1.40548e-17 0 1.41031e-17 0 1.41542e-17 0 1.42025e-17 0 1.42508e-17 0 1.42962e-17 0 1.43417e-17 0 1.43871e-17 0 1.44326e-17 0 1.4478e-17 0 1.45235e-17 0 1.45633e-17 0 1.46087e-17 0 1.46485e-17 0 1.46882e-17 0
4302.81 1.52444e-15 1.52444e-15 2.44011e-22 1.60066e-07 4.95512e-07 9.71308e-19 0 1.63521e-18 0 2.64317e-18 0 3.60601e-18 0 4.09983e-18 0 4.41402e-18 0 4.64875e-18 0 4.83849e-18 0 5.46785e-18 0 6.16486e-18 0 6.60806e-18 0 6.94002e-18 0 7.2069e-18 0 7.43178e-18 0 7.62726e-18 0 7.79963e-18 0 7.95519e-18 0 8.09815e-18 0 8.2285e-18 0 8.34835e-18 0 8.45979e-18 0 8.56703e-18 0 8.66586e-18 0 8.75838e-18 0 8.8467e-18 0 8.93293e-18 0 9.01284e-18 0 9.09065e-18 0 9.16426e-18 0 9.23577e-18 0 9.30518e-18 0 9.37038e-18 0 9.43558e-18 0 9.49447e-18 0 9.55547e-18 0 9.61226e-18 0 9.67115e-18 0 9.72374e-18 0 9.77632e-18 0 9.82891e-18 0 9.87939e-18 0 9.92777e-18 0 9.97615e-18 0 1.00224e-17 0 1.00687e-17 0 1.01129e-17 0 1.01571e-17 0 1.02012e-17 0 1.02412e-17 0 1.02812e-17 0 1.03233e-17 0 1.03611e-17 0 1.04011e-17 0 1.0439e-17 0 1.04747e-17 0 1.05126e-17 0 1.05484e-17 0 1.05841e-17 0 1.06178e-17 0 1.06514e-17 0 1.06851e-17 0 1.07188e-17 0 1.07524e-17 0 1.07861e-17 0 1.08155e-17 0 1.08492e-17 0 1.08787e-17 0 1.09081e-17 0
4523.68 1.37922e-15 1.37921e-15 2.20765e-22 1.60066e-07 4.48307e-07 7.35773e-19 0 1.22922e-18 0 1.97695e-18 0 2.69063e-18 0 3.05656e-18 0 3.28936e-18 0 3.46327e-18 0 3.60385e-18 0 4.0701e-18 0 4.58643e-18 0 4.91473e-18 0 5.16063e-18 0 5.35831e-18 0 5.52488e-18 0 5.66967e-18 0 5.79734e-18 0 5.91257e-18 0 6.01846e-18 0 6.11501e-18 0 6.20377e-18 0 6.28631e-18 0 6.36574e-18 0 6.43894e-18 0 6.50747e-18 0 6.57289e-18 0 6.63675e-18 0 6.69594e-18 0 6.75358e-18 0 6.8081e-18 0 6.86106e-18 0 6.91246e-18 0 6.96076e-18 0 7.00905e-18 0 7.05267e-18 0 7.09784e-18 0 7.13991e-18 0 7.18353e-18 0 7.22247e-18 0 7.26142e-18 0 7.30037e-18 0 7.33776e-18 0 7.37359e-18 0 7.40943e-18 0 7.4437e-18 0 7.47798e-18 0 7.5107e-18 0 7.54341e-18 0 7.57613e-18 0 7.60574e-18 0 7.63534e-18 0 7.6665e-18 0 7.69455e-18 0 7.72415e-18 0 7.7522e-18 0 7.77868e-18 0 7.80673e-18 0 7.83322e-18 0 7.85971e-18 0 7.88464e-18 0 7.90957e-18 0 7.9345e-18 0 7.95943e-18 0 7.98436e-18 0 8.00929e-18 0 8.03111e-18 0 8.05604e-18 0 8.07785e-18 0 8.09967e-18 0
4755.88 1.24783e-15 1.24783e-15 1.99734e-22 1.60066e-07 4.056e-07 5.56674e-19 0 9.23302e-19 0 1.4779e-18 0 2.00686e-18 0 2.278e-18 0 2.45048e-18 0 2.57933e-18 0 2.68348e-18 0 3.02888e-18 0 3.41137e-18 0 3.65455e-18 0 3.83669e-18 0 3.98312e-18 0 4.10649e-18 0 4.21374e-18 0 4.3083e-18 0 4.39365e-18 0 4.47208e-18 0 4.54359e-18 0 4.60934e-18 0 4.67047e-18 0 4.7293e-18 0 4.78352e-18 0 4.83428e-18 0 4.88273e-18 0 4.93003e-18 0 4.97387e-18 0 5.01656e-18 0 5.05694e-18 0 5.09616e-18 0 5.13424e-18 0 5.17e-18 0 5.20577e-18 0 5.23808e-18 0 5.27154e-18 0 5.30269e-18 0 5.335e-18 0 5.36385e-18 0 5.39269e-18 0 5.42154e-18 0 5.44923e-18 0 5.47577e-18 0 5.50231e-18 0 5.5277e-18 0 5.55308e-18 0 5.57732e-18 0 5.60155e-18 0 5.62578e-18 0 5.64771e-18 0 5.66963e-18 0 5.69271e-18 0 5.71348e-18 0 5.73541e-18 0 5.75618e-18 0 5.7758e-18 0 5.79657e-18 0 5.81619e-18 0 5.83581e-18 0 5.85427e-18 0 5.87274e-18 0 5.8912e-18 0 5.90966e-18 0 5.92813e-18 0 5.94659e-18 0 5.96275e-18 0 5.98122e-18 0 5.99737e-18 0 6.01353e-18 0
5000 1.12895e-15 1.12895e-15 1.80706e-22 1.60066e-07 3.66961e-07 4.20683e-19 0 6.93002e-19 0 1.10429e-18 0 1.4963e-18 0 1.6972e-18 0 1.82499e-18 0 1.92045e-18 0 1.9976e-18 0 2.25348e-18 0 2.5368e-18 0 2.71693e-18 0 2.85184e-18 0 2.96029e-18 0 3.05168e-18 0 3.13111e-18 0 3.20116e-18 0 3.26437e-18 0 3.32246e-18 0 3.37542e-18 0 3.42412e-18 0 3.4694e-18 0 3.51297e-18 0 3.55313e-18 0 3.59072e-18 0 3.62661e-18 0 3.66164e-18 0 3.69411e-18 0 3.72573e-18 0 3.75563e-18 0 3.78469e-18 0 3.81289e-18 0 3.83938e-18 0 3.86587e-18 0 3.88979e-18 0 3.91458e-18 0 3.93765e-18 0 3.96158e-18 0 3.98294e-18 0 4.00431e-18 0 4.02567e-18 0 4.04618e-18 0 4.06584e-18 0 4.0855e-18 0 4.1043e-18 0 4.1231e-18 0 4.14105e-18 0 4.15899e-18 0 4.17694e-18 0 4.19318e-18 0 4.20942e-18 0 4.22651e-18 0 4.2419e-18 0 4.25813e-18 0 4.27352e-18 0 4.28805e-18 0 4.30343e-18 0 4.31796e-18 0 4.33249e-18 0 4.34617e-18 0 4.35984e-18 0 4.37352e-18 0 4.38719e-18 0 4.40087e-18 0 4.41454e-18 0 4.42651e-18 0 4.44019e-18 0 4.45215e-18 0 4.46412e-18 0
