# 0.000188035 1 82 : grain size, compostion index, size index
# Heating and cooling timescale: 4.22344e-05 6.94428e+11
# Ratio of heating to cooling to determine stochastic cutoff: 100
# Equilibrium emission is recorded even for those grains in the stochastic regime.
# Emission spectrum was computed for: 
# Type: ISRF
# Scales: 0.25 0.5 1 1.5 2 2.5 3 3.5 4 4.5 5 5.5 6 6.5 7 7.5 8 8.5 9 9.5 10 10.5 11 11.5 12 12.5 13 13.5 14 14.5 15 15.5 16 16.5 17 17.5 18 18.5 19 19.5 20
# StochasticallyHeated: 0 0 0 0 0 0 0 0 0 0 0 0 0 0 0 0 0 0 0 0 0 0 0 0 0 0 0 0 0 0 0 0 0 0 0 0 0 0 0 0 0
# Temperature: -1
# Wavelength  CExt  CAbs  CSca  Albedo G EqEm1 StEm1 EqEm2 StEm2 EqEm3 StEm3 EqEm4 StEm4 EqEm5 StEm5 EqEm6 StEm6 EqEm7 StEm7 EqEm8 StEm8 EqEm9 StEm9 EqEm10 StEm10 EqEm11 StEm11 EqEm12 StEm12 EqEm13 StEm13 EqEm14 StEm14 EqEm15 StEm15 EqEm16 StEm16 EqEm17 StEm17 EqEm18 StEm18 EqEm19 StEm19 EqEm20 StEm20 EqEm21 StEm21 EqEm22 StEm22 EqEm23 StEm23 EqEm24 StEm24 EqEm25 StEm25 EqEm26 StEm26 EqEm27 StEm27 EqEm28 StEm28 EqEm29 StEm29 EqEm30 StEm30 EqEm31 StEm31 EqEm32 StEm32 EqEm33 StEm33 EqEm34 StEm34 EqEm35 StEm35 EqEm36 StEm36 EqEm37 StEm37 EqEm38 StEm38 EqEm39 StEm39 EqEm40 StEm40 EqEm41 StEm41
0.05 2.26685e-07 9.55523e-08 1.31133e-07 0.57848 0.932497 0 0 0 0 0 0 0 0 0 0 0 0 0 0 0 0 0 0 0 0 0 0 0 0 0 0 0 0 0 0 0 0 0 0 0 0 0 0 0 0 0 0 0 0 0 0 0 0 0 0 0 0 0 0 0 0 0 0 0 0 0 0 0 0 0 0 0 0 0 0 0 0 0 0 0 0 0 0 0 0 0 0
0.0525665 2.26914e-07 9.48138e-08 1.321e-07 0.58216 0.926811 0 0 0 0 0 0 0 0 0 0 0 0 0 0 0 0 0 0 0 0 0 0 0 0 0 0 0 0 0 0 0 0 0 0 0 0 0 0 0 0 0 0 0 0 0 0 0 0 0 0 0 0 0 0 0 0 0 0 0 0 0 0 0 0 0 0 0 0 0 0 0 0 0 0 0 0 0 0 0 0 0 0
0.0552647 2.27168e-07 9.35169e-08 1.33651e-07 0.588335 0.918129 0 0 0 0 0 0 0 0 0 0 0 0 0 0 0 0 0 0 0 0 0 0 0 0 0 0 0 0 0 0 0 0 0 0 0 0 0 0 0 0 0 0 0 0 0 0 0 0 0 0 0 0 0 0 0 0 0 0 0 0 0 0 0 0 0 0 0 0 0 0 0 0 0 0 0 0 0 0 0 0 0 0
0.0581015 2.27486e-07 9.15292e-08 1.35957e-07 0.597649 0.904647 0 0 0 0 0 0 0 0 0 0 0 0 0 0 0 0 0 0 0 0 0 0 0 0 0 0 0 0 0 0 0 0 0 0 0 0 0 0 0 0 0 0 0 0 0 0 0 0 0 0 0 0 0 0 0 0 0 0 0 0 0 0 0 0 0 0 0 0 0 0 0 0 0 0 0 0 0 0 0 0 0 0
0.0610839 2.27876e-07 8.95849e-08 1.38291e-07 0.606869 0.889539 0 0 0 0 0 0 0 0 0 0 0 0 0 0 0 0 0 0 0 0 0 0 0 0 0 0 0 0 0 0 0 0 0 0 0 0 0 0 0 0 0 0 0 0 0 0 0 0 0 0 0 0 0 0 0 0 0 0 0 0 0 0 0 0 0 0 0 0 0 0 0 0 0 0 0 0 0 0 0 0 0 0
0.0642193 2.28295e-07 8.83256e-08 1.39969e-07 0.613108 0.877259 0 0 0 0 0 0 0 0 0 0 0 0 0 0 0 0 0 0 0 0 0 0 0 0 0 0 0 0 0 0 0 0 0 0 0 0 0 0 0 0 0 0 0 0 0 0 0 0 0 0 0 0 0 0 0 0 0 0 0 0 0 0 0 0 0 0 0 0 0 0 0 0 0 0 0 0 0 0 0 0 0 0
0.0675157 2.28724e-07 8.774e-08 1.40984e-07 0.616394 0.868601 0 0 0 0 0 0 0 0 0 0 0 0 0 0 0 0 0 0 0 0 0 0 0 0 0 0 0 0 0 0 0 0 0 0 0 0 0 0 0 0 0 0 0 0 0 0 0 0 0 0 0 0 0 0 0 0 0 0 0 0 0 0 0 0 0 0 0 0 0 0 0 0 0 0 0 0 0 0 0 0 0 0
0.0709813 2.29156e-07 8.77017e-08 1.41454e-07 0.617283 0.863143 0 0 0 0 0 0 0 0 0 0 0 0 0 0 0 0 0 0 0 0 0 0 0 0 0 0 0 0 0 0 0 0 0 0 0 0 0 0 0 0 0 0 0 0 0 0 0 0 0 0 0 0 0 0 0 0 0 0 0 0 0 0 0 0 0 0 0 0 0 0 0 0 0 0 0 0 0 0 0 0 0 0
0.0746248 2.29583e-07 8.81173e-08 1.41465e-07 0.616185 0.86048 0 0 0 0 0 0 0 0 0 0 0 0 0 0 0 0 0 0 0 0 0 0 0 0 0 0 0 0 0 0 0 0 0 0 0 0 0 0 0 0 0 0 0 0 0 0 0 0 0 0 0 0 0 0 0 0 0 0 0 0 0 0 0 0 0 0 0 0 0 0 0 0 0 0 0 0 0 0 0 0 0 0
0.0784553 2.29984e-07 8.90336e-08 1.40951e-07 0.612871 0.861088 0 0 0 0 0 0 0 0 0 0 0 0 0 0 0 0 0 0 0 0 0 0 0 0 0 0 0 0 0 0 0 0 0 0 0 0 0 0 0 0 0 0 0 0 0 0 0 0 0 0 0 0 0 0 0 0 0 0 0 0 0 0 0 0 0 0 0 0 0 0 0 0 0 0 0 0 0 0 0 0 0 0
0.0824824 2.30325e-07 9.06372e-08 1.39688e-07 0.606481 0.866453 0 0 0 0 0 0 0 0 0 0 0 0 0 0 0 0 0 0 0 0 0 0 0 0 0 0 0 0 0 0 0 0 0 0 0 0 0 0 0 0 0 0 0 0 0 0 0 0 0 0 0 0 0 0 0 0 0 0 0 0 0 0 0 0 0 0 0 0 0 0 0 0 0 0 0 0 0 0 0 0 0 0
0.0867162 2.30592e-07 9.13589e-08 1.39233e-07 0.603807 0.869347 0 0 0 0 0 0 0 0 0 0 0 0 0 0 0 0 0 0 0 0 0 0 0 0 0 0 0 0 0 0 0 0 0 0 0 0 0 0 0 0 0 0 0 0 0 0 0 0 0 0 0 0 0 0 0 0 0 0 0 0 0 0 0 0 0 0 0 0 0 0 0 0 0 0 0 0 0 0 0 0 0 0
0.0911674 2.31007e-07 9.08003e-08 1.40207e-07 0.606937 0.863003 0 0 0 0 0 0 0 0 0 0 0 0 0 0 0 0 0 0 0 0 0 0 0 0 0 0 0 0 0 0 0 0 0 0 0 0 0 0 0 0 0 0 0 0 0 0 0 0 0 0 0 0 0 0 0 0 0 0 0 0 0 0 0 0 0 0 0 0 0 0 0 0 0 0 0 0 0 0 0 0 0 0
0.095847 2.3144e-07 9.10038e-08 1.40436e-07 0.606793 0.859755 0 0 0 0 0 0 0 0 0 0 0 0 0 0 0 0 0 0 0 0 0 0 0 0 0 0 0 0 0 0 0 0 0 0 0 0 0 0 0 0 0 0 0 0 0 0 0 0 0 0 0 0 0 0 0 0 0 0 0 0 0 0 0 0 0 0 0 0 0 0 0 0 0 0 0 0 0 0 0 0 0 0
0.100767 2.31814e-07 9.15557e-08 1.40258e-07 0.605046 0.859241 0 0 0 0 0 0 0 0 0 0 0 0 0 0 0 0 0 0 0 0 0 0 0 0 0 0 0 0 0 0 0 0 0 0 0 0 0 0 0 0 0 0 0 0 0 0 0 0 0 0 0 0 0 0 0 0 0 0 0 0 0 0 0 0 0 0 0 0 0 0 0 0 0 0 0 0 0 0 0 0 0 0
0.105939 2.32106e-07 9.27056e-08 1.394e-07 0.600589 0.86297 0 0 0 0 0 0 0 0 0 0 0 0 0 0 0 0 0 0 0 0 0 0 0 0 0 0 0 0 0 0 0 0 0 0 0 0 0 0 0 0 0 0 0 0 0 0 0 0 0 0 0 0 0 0 0 0 0 0 0 0 0 0 0 0 0 0 0 0 0 0 0 0 0 0 0 0 0 0 0 0 0 0
0.111377 2.32365e-07 9.38392e-08 1.38526e-07 0.596156 0.867834 0 0 0 0 0 0 0 0 0 0 0 0 0 0 0 0 0 0 0 0 0 0 0 0 0 0 0 0 0 0 0 0 0 0 0 0 0 0 0 0 0 0 0 0 0 0 0 0 0 0 0 0 0 0 0 0 0 0 0 0 0 0 0 0 0 0 0 0 0 0 0 0 0 0 0 0 0 0 0 0 0 0
0.117094 2.32648e-07 9.46541e-08 1.37994e-07 0.593145 0.870858 0 0 0 0 0 0 0 0 0 0 0 0 0 0 0 0 0 0 0 0 0 0 0 0 0 0 0 0 0 0 0 0 0 0 0 0 0 0 0 0 0 0 0 0 0 0 0 0 0 0 0 0 0 0 0 0 0 0 0 0 0 0 0 0 0 0 0 0 0 0 0 0 0 0 0 0 0 0 0 0 0 0
0.123105 2.3295e-07 9.52815e-08 1.37668e-07 0.590978 0.872736 0 0 0 0 0 0 0 0 0 0 0 0 0 0 0 0 0 0 0 0 0 0 0 0 0 0 0 0 0 0 0 0 0 0 0 0 0 0 0 0 0 0 0 0 0 0 0 0 0 0 0 0 0 0 0 0 0 0 0 0 0 0 0 0 0 0 0 0 0 0 0 0 0 0 0 0 0 0 0 0 0 0
0.129424 2.33267e-07 9.57565e-08 1.3751e-07 0.589498 0.873606 0 0 0 0 0 0 0 0 0 0 0 0 0 0 0 0 0 0 0 0 0 0 0 0 0 0 0 0 0 0 0 0 0 0 0 0 0 0 0 0 0 0 0 0 0 0 0 0 0 0 0 0 0 0 0 0 0 0 0 0 0 0 0 0 0 0 0 0 0 0 0 0 0 0 0 0 0 0 0 0 0 0
0.136067 2.33597e-07 9.60619e-08 1.37535e-07 0.58877 0.873283 0 0 0 0 0 0 0 0 0 0 0 0 0 0 0 0 0 0 0 0 0 0 0 0 0 0 0 0 0 0 0 0 0 0 0 0 0 0 0 0 0 0 0 0 0 0 0 0 0 0 0 0 0 0 0 0 0 0 0 0 0 0 0 0 0 0 0 0 0 0 0 0 0 0 0 0 0 0 0 0 0 0
0.143051 2.33933e-07 9.60936e-08 1.37839e-07 0.589226 0.870908 0 0 0 0 0 0 0 0 0 0 0 0 0 0 0 0 0 0 0 0 0 0 0 0 0 0 0 0 0 0 0 0 0 0 0 0 0 0 0 0 0 0 0 0 0 0 0 0 0 0 0 0 0 0 0 0 0 0 0 0 0 0 0 0 0 0 0 0 0 0 0 0 0 0 0 0 0 0 0 0 0 0
0.150394 2.34187e-07 9.66074e-08 1.3758e-07 0.587478 0.871957 0 0 0 0 0 0 0 0 0 0 0 0 0 0 0 0 0 0 0 0 0 0 0 0 0 0 0 0 0 0 0 0 0 0 0 0 0 0 0 0 0 0 0 0 0 0 0 0 0 0 0 0 0 0 0 0 0 0 0 0 0 0 0 0 0 0 0 0 0 0 0 0 0 0 0 0 0 0 0 0 0 0
0.158114 2.34435e-07 9.7774e-08 1.36661e-07 0.582937 0.878103 0 0 0 0 0 0 0 0 0 0 0 0 0 0 0 0 0 0 0 0 0 0 0 0 0 0 0 0 0 0 0 0 0 0 0 0 0 0 0 0 0 0 0 0 0 0 0 0 0 0 0 0 0 0 0 0 0 0 0 0 0 0 0 0 0 0 0 0 0 0 0 0 0 0 0 0 0 0 0 0 0 0
0.16623 2.3475e-07 9.91117e-08 1.35638e-07 0.577798 0.885626 0 0 0 0 0 0 0 0 0 0 0 0 0 0 0 0 0 0 0 0 0 0 0 0 0 0 0 0 0 0 0 0 0 0 0 0 0 0 0 0 0 0 0 0 0 0 0 0 0 0 0 0 0 0 0 0 0 0 0 0 0 0 0 0 0 0 0 0 0 0 0 0 0 0 0 0 0 0 0 0 0 0
0.174762 2.35128e-07 1.00366e-07 1.34763e-07 0.573146 0.892455 0 0 0 0 0 0 0 0 0 0 0 0 0 0 0 0 0 0 0 0 0 0 0 0 0 0 0 0 0 0 0 0 0 0 0 0 0 0 0 0 0 0 0 0 0 0 0 0 0 0 0 0 0 0 0 0 0 0 0 0 0 0 0 0 0 0 0 0 0 0 0 0 0 0 0 0 0 0 0 0 0 0
0.183733 2.35546e-07 1.01539e-07 1.34007e-07 0.568922 0.898546 0 0 0 0 0 0 0 0 0 0 0 0 0 0 0 0 0 0 0 0 0 0 0 0 0 0 0 0 0 0 0 0 0 0 0 0 0 0 0 0 0 0 0 0 0 0 0 0 0 0 0 0 0 0 0 0 0 0 0 0 0 0 0 0 0 0 0 0 0 0 0 0 0 0 0 0 0 0 0 0 0 0
0.193164 2.35998e-07 1.02605e-07 1.33393e-07 0.565228 0.903697 0 0 0 0 0 0 0 0 0 0 0 0 0 0 0 0 0 0 0 0 0 0 0 0 0 0 0 0 0 0 0 0 0 0 0 0 0 0 0 0 0 0 0 0 0 0 0 0 0 0 0 0 0 0 0 0 0 0 0 0 0 0 0 0 0 0 0 0 0 0 0 0 0 0 0 0 0 0 0 0 0 0
0.203079 2.36455e-07 1.03575e-07 1.3288e-07 0.561968 0.908001 0 0 0 0 0 0 0 0 0 0 0 0 0 0 0 0 0 0 0 0 0 0 0 0 0 0 0 0 0 0 0 0 0 0 0 0 0 0 0 0 0 0 0 0 0 0 0 0 0 0 0 0 0 0 0 0 0 0 0 0 0 0 0 0 0 0 0 0 0 0 0 0 0 0 0 0 0 0 0 0 0 0
0.213503 2.37077e-07 1.04379e-07 1.32698e-07 0.559726 0.911519 0 0 0 0 0 0 0 0 0 0 0 0 0 0 0 0 0 0 0 0 0 0 0 0 0 0 0 0 0 0 0 0 0 0 0 0 0 0 0 0 0 0 0 0 0 0 0 0 0 0 0 0 0 0 0 0 0 0 0 0 0 0 0 0 0 0 0 0 0 0 0 0 0 0 0 0 0 0 0 0 0 0
0.224463 2.37678e-07 1.04937e-07 1.32742e-07 0.558493 0.913893 0 0 0 0 0 0 0 0 0 0 0 0 0 0 0 0 0 0 0 0 0 0 0 0 0 0 0 0 0 0 0 0 0 0 0 0 0 0 0 0 0 0 0 0 0 0 0 0 0 0 0 0 0 0 0 0 0 0 0 0 0 0 0 0 0 0 0 0 0 0 0 0 0 0 0 0 0 0 0 0 0 0
0.235984 2.38119e-07 1.05504e-07 1.32615e-07 0.556929 0.915692 0 0 0 0 0 0 0 0 0 0 0 0 0 0 0 0 0 0 0 0 0 0 0 0 0 0 0 0 0 0 0 0 0 0 0 0 0 0 0 0 0 0 0 0 0 0 0 0 0 0 0 0 0 0 0 0 0 0 0 0 0 0 0 0 0 0 0 0 0 0 0 0 0 0 0 0 0 0 0 0 0 0
0.248097 2.39026e-07 1.06137e-07 1.32889e-07 0.555961 0.917432 0 0 0 0 0 0 0 0 0 0 0 0 0 0 0 0 0 0 0 0 0 0 0 0 0 0 0 0 0 0 0 0 0 0 0 0 0 0 0 0 0 0 0 0 0 0 0 0 0 0 0 0 0 0 0 0 0 0 0 0 0 0 0 0 0 0 0 0 0 0 0 0 0 0 0 0 0 0 0 0 0 0
0.260832 2.39422e-07 1.06653e-07 1.32768e-07 0.554538 0.918294 0 0 0 0 0 0 0 0 0 0 0 0 0 0 0 0 0 0 0 0 0 0 0 0 0 0 0 0 0 0 0 0 0 0 0 0 0 0 0 0 0 0 0 0 0 0 0 0 0 0 0 0 0 0 0 0 0 0 0 0 0 0 0 0 0 0 0 0 0 0 0 0 0 0 0 0 0 0 0 0 0 0
0.274221 2.38771e-07 1.07106e-07 1.31664e-07 0.551427 0.918144 0 0 0 0 0 0 0 0 0 0 0 0 0 0 0 0 0 0 0 0 0 0 0 0 0 0 0 0 0 0 0 0 0 0 0 0 0 0 0 0 0 0 0 0 0 0 0 0 0 0 0 0 0 0 0 0 0 0 0 0 0 0 0 0 0 0 0 0 0 0 0 0 0 0 0 0 0 0 0 0 0 0
0.288297 2.409e-07 1.07456e-07 1.33443e-07 0.553937 0.919255 0 0 0 0 0 0 0 0 0 0 0 0 0 0 0 0 0 0 0 0 0 0 0 0 0 0 0 0 0 0 0 0 0 0 0 0 0 0 0 0 0 0 0 0 0 0 0 0 0 0 0 0 0 0 0 0 0 0 0 0 0 0 0 0 0 0 0 0 0 0 0 0 0 0 0 0 0 0 0 0 0 0
0.303095 2.40548e-07 1.07838e-07 1.3271e-07 0.551699 0.918571 0 0 0 0 0 0 0 0 0 0 0 0 0 0 0 0 0 0 0 0 0 0 0 0 0 0 0 0 0 0 0 0 0 0 0 0 0 0 0 0 0 0 0 0 0 0 0 0 0 0 0 0 0 0 0 0 0 0 0 0 0 0 0 0 0 0 0 0 0 0 0 0 0 0 0 0 0 0 0 0 0 0
0.318653 2.41784e-07 1.08125e-07 1.33659e-07 0.552801 0.918733 0 0 0 0 0 0 0 0 0 0 0 0 0 0 0 0 0 0 0 0 0 0 0 0 0 0 0 0 0 0 0 0 0 0 0 0 0 0 0 0 0 0 0 0 0 0 0 0 0 0 0 0 0 0 0 0 0 0 0 0 0 0 0 0 0 0 0 0 0 0 0 0 0 0 0 0 0 0 0 0 0 0
0.335009 2.41659e-07 1.08377e-07 1.33282e-07 0.551528 0.917559 0 0 0 0 0 0 0 0 0 0 0 0 0 0 0 0 0 0 0 0 0 0 0 0 0 0 0 0 0 0 0 0 0 0 0 0 0 0 0 0 0 0 0 0 0 0 0 0 0 0 0 0 0 0 0 0 0 0 0 0 0 0 0 0 0 0 0 0 0 0 0 0 0 0 0 0 0 0 0 0 0 0
0.352205 2.44044e-07 1.08572e-07 1.35472e-07 0.555112 0.917657 0 0 0 0 0 0 0 0 0 0 0 0 0 0 0 0 0 0 0 0 0 0 0 0 0 0 0 0 0 0 0 0 0 0 0 0 0 0 0 0 0 0 0 0 0 0 0 0 0 0 0 0 0 0 0 0 0 0 0 0 0 0 0 0 0 0 0 0 0 0 0 0 0 0 0 0 0 0 0 0 0 0
0.370284 2.4147e-07 1.08689e-07 1.32781e-07 0.549887 0.914669 0 0 0 0 0 0 0 0 0 0 0 0 0 0 0 0 0 0 0 0 0 0 0 0 0 0 0 0 0 0 0 0 0 0 0 0 0 0 0 0 0 0 0 0 0 0 0 0 0 0 0 0 0 0 0 0 0 0 0 0 0 0 0 0 0 0 0 0 0 0 0 0 0 0 0 0 0 0 0 0 0 0
0.389291 2.46773e-07 1.08708e-07 1.38065e-07 0.559482 0.916255 0 0 0 0 0 0 0 0 0 0 0 0 0 0 0 0 0 0 0 0 0 0 0 0 0 0 0 0 0 0 0 0 0 0 0 0 0 0 0 0 0 0 0 0 0 0 0 0 0 0 0 0 0 0 0 0 0 0 0 0 0 0 0 0 0 0 0 0 0 0 0 0 0 0 0 0 0 0 0 0 0 0
0.409273 2.43988e-07 1.08773e-07 1.35216e-07 0.554189 0.912185 0 0 0 0 0 0 0 0 0 0 0 0 0 0 0 0 0 0 0 0 0 0 0 0 0 0 0 0 0 0 0 0 0 0 0 0 0 0 0 0 0 0 0 0 0 0 0 0 0 0 0 0 0 0 0 0 0 0 0 0 0 0 0 0 0 0 0 0 0 0 0 0 0 0 0 0 0 0 0 0 0 0
0.430281 2.43686e-07 1.08755e-07 1.34931e-07 0.553707 0.909409 0 0 0 0 0 0 0 0 0 0 0 0 0 0 0 0 0 0 0 0 0 0 0 0 0 0 0 0 0 0 0 0 0 0 0 0 0 0 0 0 0 0 0 0 0 0 0 0 0 0 0 0 0 0 0 0 0 0 0 0 0 0 0 0 0 0 0 0 0 0 0 0 0 0 0 0 0 0 0 0 0 0
0.452368 2.50411e-07 1.08472e-07 1.41939e-07 0.566824 0.910723 0 0 0 0 0 0 0 0 0 0 0 0 0 0 0 0 0 0 0 0 0 0 0 0 0 0 0 0 0 0 0 0 0 0 0 0 0 0 0 0 0 0 0 0 0 0 0 0 0 0 0 0 0 0 0 0 0 0 0 0 0 0 0 0 0 0 0 0 0 0 0 0 0 0 0 0 0 0 0 0 0 0
0.475588 2.47045e-07 1.08249e-07 1.38796e-07 0.561825 0.906376 0 0 0 0 0 0 0 0 0 0 0 0 0 0 0 0 0 0 0 0 0 0 0 0 0 0 0 0 0 0 0 0 0 0 0 0 0 0 0 0 0 0 0 0 0 0 0 0 0 0 0 0 0 0 0 0 0 0 0 0 0 0 0 0 0 0 0 0 0 0 0 0 0 0 0 0 0 0 0 0 0 0
0.5 2.43233e-07 1.08241e-07 1.34992e-07 0.55499 0.900551 0 0 0 0 0 0 0 0 0 0 0 0 0 0 0 0 0 0 0 0 0 0 0 0 0 0 0 0 0 0 0 0 0 0 0 0 0 0 0 0 0 0 0 0 0 0 0 0 0 0 0 0 0 0 0 0 0 0 0 0 0 0 0 0 0 0 0 0 0 0 0 0 0 0 0 0 0 0 0 0 0 0
0.525665 2.51117e-07 1.07966e-07 1.43151e-07 0.570058 0.90219 0 0 0 0 0 0 0 0 0 0 0 0 0 0 0 0 0 0 0 0 0 0 0 0 0 0 0 0 0 0 0 0 0 0 0 0 0 0 0 0 0 0 0 0 0 0 0 0 0 0 0 0 0 0 0 0 0 0 0 0 0 0 0 0 0 0 0 0 0 0 0 0 0 0 0 0 0 0 0 0 0 0
0.552648 2.56048e-07 1.07535e-07 1.48513e-07 0.580019 0.901188 0 0 0 0 0 0 0 0 0 0 0 0 0 0 0 0 0 0 0 0 0 0 0 0 0 0 0 0 0 0 0 0 0 0 0 0 0 0 0 0 0 0 0 0 0 0 0 0 0 0 0 0 0 0 0 0 0 0 0 0 0 0 0 0 0 0 0 0 0 0 0 0 0 0 0 0 0 0 0 0 0 0
0.581015 2.49769e-07 1.07385e-07 1.42384e-07 0.570061 0.892173 0 0 0 0 0 0 0 0 0 0 0 0 0 0 0 0 0 0 0 0 0 0 0 0 0 0 0 0 0 0 0 0 0 0 0 0 0 0 0 0 0 0 0 0 0 0 0 0 0 0 0 0 0 0 0 0 0 0 0 0 0 0 0 0 0 0 0 0 0 0 0 0 0 0 0 0 0 0 0 0 0 0
0.610839 2.4379e-07 1.06571e-07 1.37219e-07 0.562858 0.882286 0 0 0 0 0 0 0 0 0 0 0 0 0 0 0 0 0 0 0 0 0 0 0 0 0 0 0 0 0 0 0 0 0 0 0 0 0 0 0 0 0 0 0 0 0 0 0 0 0 0 0 0 0 0 0 0 0 0 0 0 0 0 0 0 0 0 0 0 0 0 0 0 0 0 0 0 0 0 0 0 0 0
0.642193 2.51237e-07 1.05638e-07 1.45598e-07 0.579526 0.883985 0 0 0 0 0 0 0 0 0 0 0 0 0 0 0 0 0 0 0 0 0 0 0 0 0 0 0 0 0 0 0 0 0 0 0 0 0 0 0 0 0 0 0 0 0 0 0 0 0 0 0 0 0 0 0 0 0 0 0 0 0 0 0 0 0 0 0 0 0 0 0 0 0 0 0 0 0 0 0 0 0 0
0.675157 2.63812e-07 1.05794e-07 1.58018e-07 0.59898 0.889973 0 0 0 0 0 0 0 0 0 0 0 0 0 0 0 0 0 0 0 0 0 0 0 0 0 0 0 0 0 0 0 0 0 0 0 0 0 0 0 0 0 0 0 0 0 0 0 0 0 0 0 0 0 0 0 0 0 0 0 0 0 0 0 0 0 0 0 0 0 0 0 0 0 0 0 0 0 0 0 0 0 0
0.709813 2.63843e-07 1.0522e-07 1.58623e-07 0.601202 0.886755 0 0 0 0 0 0 0 0 0 0 0 0 0 0 0 0 0 0 0 0 0 0 0 0 0 0 0 0 0 0 0 0 0 0 0 0 0 0 0 0 0 0 0 0 0 0 0 0 0 0 0 0 0 0 0 0 0 0 0 0 0 0 0 0 0 0 0 0 0 0 0 0 0 0 0 0 0 0 0 0 0 0
0.746248 2.52974e-07 1.04413e-07 1.48561e-07 0.587259 0.872808 0 0 0 0 0 0 0 0 0 0 0 0 0 0 0 0 0 0 0 0 0 0 0 0 0 0 0 0 0 0 0 0 0 0 0 0 0 0 0 0 0 0 0 0 0 0 0 0 0 0 0 0 0 0 0 0 0 0 0 0 0 0 0 0 0 0 0 0 0 0 0 0 0 0 0 0 0 0 0 0 0 0
0.784553 2.43654e-07 1.03642e-07 1.40012e-07 0.574634 0.856192 0 0 0 0 0 0 0 0 0 0 0 0 0 0 0 0 0 0 0 0 0 0 0 0 0 0 0 0 0 0 0 0 0 0 0 0 0 0 0 0 0 0 0 0 0 0 0 0 0 0 0 0 0 0 0 0 0 0 0 0 0 0 0 0 0 0 0 0 0 0 0 0 0 0 0 0 0 0 0 0 0 0
0.824824 2.46639e-07 1.02618e-07 1.44022e-07 0.583936 0.850367 0 0 0 0 0 0 0 0 0 0 0 0 0 0 0 0 0 0 0 0 0 0 0 0 0 0 0 0 0 0 0 0 0 0 0 0 0 0 0 0 0 0 0 0 0 0 0 0 0 0 0 0 0 0 0 0 0 0 0 0 0 0 0 0 0 0 0 0 0 0 0 0 0 0 0 0 0 0 0 0 0 0
0.867162 2.61185e-07 1.01964e-07 1.59221e-07 0.609611 0.856308 0 0 0 0 0 0 0 0 0 0 0 0 0 0 0 0 0 0 0 0 0 0 0 0 0 0 0 0 0 0 0 0 0 0 0 0 0 0 0 0 0 0 0 0 0 0 0 0 0 0 0 0 0 0 0 0 0 0 0 0 0 0 0 0 0 0 0 0 0 0 0 0 0 0 0 0 0 0 0 0 0 0
0.911674 2.76003e-07 1.01529e-07 1.74474e-07 0.632144 0.858061 0 0 0 0 0 0 0 0 0 0 0 0 0 0 0 0 0 0 0 0 0 0 0 0 0 0 0 0 0 0 0 0 0 0 0 0 0 0 0 0 0 0 0 0 0 0 0 0 0 0 0 0 0 0 0 0 0 0 0 0 0 0 0 0 0 0 0 0 0 0 0 0 0 0 0 0 0 0 0 0 0 0
0.95847 2.81503e-07 1.01166e-07 1.80337e-07 0.640621 0.849717 0 0 0 0 0 0 0 0 0 0 0 0 0 0 0 0 0 0 0 0 0 0 0 0 0 0 0 0 0 0 0 0 0 0 0 0 0 0 0 0 0 0 0 0 0 0 0 0 0 0 0 0 0 0 0 0 0 0 0 0 0 0 0 0 0 0 0 0 0 0 0 0 0 0 0 0 0 0 0 0 0 0
1.00767 2.74628e-07 1.0022e-07 1.74408e-07 0.63507 0.838739 0 0 0 0 0 0 0 0 0 0 0 0 0 0 0 0 0 0 0 0 0 0 0 0 0 0 0 0 0 0 0 0 0 0 0 0 0 0 0 0 0 0 0 0 0 0 0 0 0 0 0 0 0 0 0 0 0 0 0 0 0 0 0 0 0 0 0 0 0 0 0 0 0 0 0 0 0 0 0 0 0 0
1.05939 2.58807e-07 9.73157e-08 1.61492e-07 0.623984 0.815571 0 0 0 0 0 0 0 0 0 0 0 0 0 0 0 0 0 0 0 0 0 0 0 0 0 0 0 0 0 0 0 0 0 0 0 0 0 0 0 0 0 0 0 0 0 0 0 0 0 0 0 0 0 0 0 0 0 0 0 0 0 0 0 0 0 0 0 0 0 0 0 0 0 0 0 0 0 0 0 0 0 0
1.11377 2.43399e-07 9.46968e-08 1.48702e-07 0.61094 0.789845 0 0 0 0 0 0 0 0 0 0 0 0 0 0 0 0 0 0 0 0 0 0 0 0 0 0 0 0 0 0 0 0 0 0 0 0 0 0 0 0 0 0 0 0 0 0 0 0 0 0 0 0 0 0 0 0 0 0 0 0 0 0 0 0 0 0 0 0 0 0 0 0 0 0 0 0 0 0 0 0 0 0
1.17094 2.4033e-07 9.49583e-08 1.45372e-07 0.604884 0.787584 0 0 0 0 0 0 0 0 0 0 0 0 0 0 0 0 0 0 0 0 0 0 0 0 0 0 0 0 0 0 0 0 0 0 0 0 0 0 0 0 0 0 0 0 0 0 0 0 0 0 0 0 0 0 0 0 0 0 0 0 0 0 0 0 0 0 0 0 0 0 0 0 0 0 0 0 0 0 0 0 0 0
1.23105 2.54124e-07 9.3908e-08 1.60216e-07 0.630464 0.796587 0 0 0 0 0 0 0 0 0 0 0 0 0 0 0 0 0 0 0 0 0 0 0 0 0 0 0 0 0 0 0 0 0 0 0 0 0 0 0 0 0 0 0 0 0 0 0 0 0 0 0 0 0 0 0 0 0 0 0 0 0 0 0 0 0 0 0 0 0 0 0 0 0 0 0 0 0 0 0 0 0 0
1.29424 2.74855e-07 9.43088e-08 1.80547e-07 0.656878 0.818382 0 0 0 0 0 0 0 0 0 0 0 0 0 0 0 0 0 0 0 0 0 0 0 0 0 0 0 0 0 0 0 0 0 0 0 0 0 0 0 0 0 0 0 0 0 0 0 0 0 0 0 0 0 0 0 0 0 0 0 0 0 0 0 0 0 0 0 0 0 0 0 0 0 0 0 0 0 0 0 0 0 0
1.36067 2.92344e-07 9.36495e-08 1.98695e-07 0.67966 0.83166 0 0 0 0 0 0 0 0 0 0 0 0 0 0 0 0 0 0 0 0 0 0 0 0 0 0 0 0 0 0 0 0 0 0 0 0 0 0 0 0 0 0 0 0 0 0 0 0 0 0 0 0 0 0 0 0 0 0 0 0 0 0 0 0 0 0 0 0 0 0 0 0 0 0 0 0 0 0 0 0 0 0
1.43051 3.10516e-07 9.22171e-08 2.18299e-07 0.70302 0.842605 0 0 0 0 0 0 0 0 0 0 0 0 0 0 0 0 0 0 0 0 0 0 0 0 0 0 0 0 0 0 0 0 0 0 0 0 0 0 0 0 0 0 0 0 0 0 0 0 0 0 0 0 0 0 0 0 0 0 0 0 0 0 0 0 0 0 0 0 0 0 0 0 0 0 0 0 0 0 0 0 0 0
1.50394 3.16301e-07 9.26912e-08 2.2361e-07 0.706953 0.835807 0 0 0 0 0 0 0 0 0 0 0 0 0 0 0 0 0 0 0 0 0 0 0 0 0 0 0 0 0 0 0 0 0 0 0 0 0 0 0 0 0 0 0 0 0 0 0 0 0 0 0 0 0 0 0 0 0 0 0 0 0 0 0 0 0 0 0 0 0 0 0 0 0 0 0 0 0 0 0 0 0 0
1.58114 3.08052e-07 9.11532e-08 2.16899e-07 0.704098 0.825753 0 0 0 0 0 0 0 0 0 0 0 0 0 0 0 0 0 0 0 0 0 0 0 0 0 0 0 0 0 0 0 0 0 0 0 0 0 0 0 0 0 0 0 0 0 0 0 0 0 0 0 0 0 0 0 0 0 0 0 0 0 0 0 0 0 0 0 0 0 0 0 0 0 0 0 0 0 0 0 0 0 0
1.6623 2.98689e-07 9.15369e-08 2.07152e-07 0.693537 0.798041 0 0 0 0 0 0 0 0 0 0 0 0 0 0 0 0 0 0 0 0 0 0 0 0 0 0 0 0 0 0 0 0 0 0 0 0 0 0 0 0 0 0 0 0 0 0 0 0 0 0 0 0 0 0 0 0 0 0 0 0 0 0 0 0 0 0 0 0 0 0 0 0 0 0 0 0 0 0 0 0 0 0
1.74763 2.73844e-07 9.11444e-08 1.827e-07 0.667167 0.749664 0 0 0 0 0 0 0 0 0 0 0 0 0 0 0 0 0 0 0 0 0 0 0 0 0 0 0 0 0 0 0 0 0 0 0 0 0 0 0 0 0 0 0 0 0 0 0 0 0 0 0 0 0 0 0 0 0 0 0 0 0 0 0 0 0 0 0 0 0 0 0 0 0 0 0 0 0 0 0 0 0 0
1.83733 2.55777e-07 8.91905e-08 1.66586e-07 0.651296 0.69891 0 0 0 0 0 0 0 0 0 0 0 0 0 0 0 0 0 0 0 0 0 0 0 0 0 0 0 0 0 0 0 0 0 0 0 0 0 0 0 0 0 0 0 0 0 0 0 0 0 0 0 0 0 0 0 0 0 0 0 0 0 0 0 0 0 0 0 0 0 0 0 0 0 0 0 0 0 0 0 0 0 0
1.93164 2.40746e-07 9.04763e-08 1.50269e-07 0.624183 0.626786 0 0 0 0 0 0 0 0 0 0 0 0 0 0 0 0 0 0 0 0 0 0 0 0 0 0 0 0 0 0 0 0 0 0 0 0 0 0 0 0 0 0 0 0 0 0 0 0 0 0 0 0 0 0 0 0 0 0 0 0 0 0 0 0 0 0 0 0 0 0 0 0 0 0 0 0 0 0 0 0 0 0
2.03079 2.23735e-07 8.80534e-08 1.35681e-07 0.606438 0.53672 0 0 0 0 0 0 0 0 0 0 0 0 0 0 0 0 0 0 0 0 0 0 0 0 0 0 0 0 0 0 0 0 0 0 0 0 0 0 0 0 0 0 0 0 0 0 0 0 0 0 0 0 0 0 0 0 0 0 0 0 0 0 0 0 0 0 0 0 0 0 0 0 0 0 0 0 0 0 0 0 0 0
2.13503 2.37948e-07 8.63916e-08 1.51557e-07 0.636931 0.536338 0 0 0 0 0 0 0 0 0 0 0 0 0 0 0 0 0 0 0 0 0 0 0 0 0 0 0 0 0 0 0 0 0 0 0 0 0 0 0 0 0 0 0 0 0 0 0 0 0 0 0 0 0 0 0 0 0 0 0 0 0 0 0 0 0 0 0 0 0 0 0 0 0 0 0 0 0 0 0 0 0 0
2.24463 2.44567e-07 9.38471e-08 1.5072e-07 0.616272 0.500396 0 0 0 0 0 0 0 0 0 0 0 0 0 0 0 0 0 0 0 0 0 0 0 0 0 0 0 0 0 0 0 0 0 0 0 0 0 0 0 0 0 0 0 0 0 0 0 0 0 0 0 0 0 0 0 0 0 0 0 0 0 0 0 0 0 0 0 0 0 0 0 0 0 0 0 0 0 0 0 0 0 0
2.35984 2.49483e-07 7.93234e-08 1.70159e-07 0.682049 0.525941 0 0 0 0 0 0 0 0 0 0 0 0 0 0 0 0 0 0 0 0 0 0 0 0 0 0 0 0 0 0 0 0 0 0 0 0 0 0 0 0 0 0 0 0 0 0 0 0 0 0 0 0 0 0 0 0 0 0 0 0 0 0 0 0 0 0 0 0 0 0 0 0 0 0 0 0 0 0 0 0 0 0
2.48097 2.93391e-07 8.27989e-08 2.10592e-07 0.717787 0.574151 0 0 0 0 0 0 0 0 0 0 0 0 0 0 0 0 0 0 0 0 0 0 0 0 0 0 0 0 0 0 0 0 0 0 0 0 0 0 0 0 0 0 0 0 0 0 0 0 0 0 0 0 0 0 0 0 0 0 0 0 0 0 0 0 0 0 0 0 0 0 0 0 0 0 0 0 0 0 0 0 0 0
2.60832 3.16549e-07 8.87325e-08 2.27817e-07 0.719688 0.581641 0 0 0 0 0 0 0 0 0 0 0 0 0 0 0 0 0 0 0 0 0 0 0 0 0 0 0 0 0 0 0 0 0 0 0 0 0 0 0 0 0 0 0 0 0 0 0 0 0 0 0 0 0 0 0 0 0 0 0 0 0 0 0 0 0 0 0 0 0 0 0 0 0 0 0 0 0 0 0 0 0 0
2.74221 3.27653e-07 7.44313e-08 2.53222e-07 0.772835 0.629807 0 0 0 0 0 0 0 0 0 0 0 0 0 0 0 0 0 0 0 0 0 0 0 0 0 0 0 0 0 0 0 0 0 0 0 0 0 0 0 0 0 0 0 0 0 0 0 0 0 0 0 0 0 0 0 0 0 0 0 0 0 0 0 0 0 0 0 0 0 0 0 0 0 0 0 0 0 0 0 0 0 0
2.88297 3.81376e-07 7.48932e-08 3.06483e-07 0.803624 0.66517 0 0 0 0 0 0 0 0 0 0 0 0 0 0 0 0 0 0 0 0 0 0 0 0 0 0 0 0 0 0 0 0 0 0 0 0 0 0 0 0 0 0 0 0 0 0 0 0 0 0 0 0 0 0 0 0 0 0 0 0 0 0 0 0 0 0 0 0 0 0 0 0 0 0 0 0 0 0 0 0 0 0
3.03095 4.18248e-07 8.21903e-08 3.36057e-07 0.803489 0.665639 0 0 0 0 0 0 0 0 0 0 0 0 0 0 0 0 0 0 0 0 0 0 0 0 0 0 0 0 0 0 0 0 0 0 0 0 0 0 0 0 0 0 0 0 0 0 0 0 0 0 0 0 0 0 0 0 0 0 0 0 0 0 0 0 0 0 0 0 0 0 0 0 0 0 0 0 0 0 0 0 0 0
3.18653 4.06776e-07 7.32251e-08 3.33551e-07 0.819987 0.673019 0 0 0 0 0 0 0 0 0 0 0 0 0 0 0 0 0 0 0 0 0 0 0 0 0 0 0 0 0 0 0 0 0 0 0 0 0 0 0 0 0 0 0 0 0 0 0 0 0 0 0 0 0 0 0 0 0 0 0 0 0 0 0 0 0 0 0 0 0 0 0 0 0 0 0 0 0 0 0 0 0 0
3.35009 4.26058e-07 6.65867e-08 3.59471e-07 0.843714 0.707932 0 0 0 0 0 0 0 0 0 0 0 0 0 0 0 0 0 0 0 0 0 0 0 0 0 0 0 0 0 0 0 0 0 0 0 0 0 0 0 0 0 0 0 0 0 0 0 0 0 0 0 0 0 0 0 0 0 0 0 0 0 0 0 0 0 0 0 0 0 0 0 0 0 0 0 0 0 0 0 0 0 0
3.52205 4.63433e-07 6.90858e-08 3.94347e-07 0.850926 0.722462 0 0 0 0 0 0 0 0 0 0 0 0 0 0 0 0 0 0 0 0 0 0 0 0 0 0 0 0 0 0 0 0 0 0 0 0 0 0 0 0 0 0 0 0 0 0 0 0 0 0 0 0 0 0 0 0 0 0 0 0 0 0 0 0 0 0 0 0 0 0 0 0 0 0 0 0 0 0 0 0 0 0
3.70284 4.71759e-07 7.18887e-08 3.9987e-07 0.847616 0.712163 0 0 0 0 0 0 0 0 0 0 0 0 0 0 0 0 0 0 0 0 0 0 0 0 0 0 0 0 0 0 0 0 0 0 0 0 0 0 0 0 0 0 0 0 0 0 0 0 0 0 0 0 0 0 0 0 0 0 0 0 0 0 0 0 0 0 0 0 0 0 0 0 0 0 0 0 0 0 0 0 0 0
3.89291 4.39751e-07 6.47113e-08 3.7504e-07 0.852846 0.693471 0 0 0 0 0 0 0 0 0 0 0 0 0 0 0 0 0 0 0 0 0 0 0 0 0 0 0 0 0 0 0 0 0 0 0 0 0 0 0 0 0 0 0 0 0 0 0 0 0 0 0 0 0 0 0 0 0 0 0 0 0 0 0 0 0 0 0 0 0 0 0 0 0 0 0 0 0 0 0 0 0 0
4.09273 4.21358e-07 5.76396e-08 3.63718e-07 0.863205 0.69514 0 0 0 0 0 0 0 0 0 0 0 0 0 0 0 0 0 0 0 0 0 0 0 0 0 0 0 0 0 0 0 0 0 0 0 0 0 0 0 0 0 0 0 0 0 0 0 0 0 0 0 0 0 0 0 0 0 0 0 0 0 0 0 0 0 0 0 0 0 0 0 0 0 0 0 0 0 0 0 0 0 0
4.30281 4.23441e-07 5.65134e-08 3.66928e-07 0.866538 0.710375 0 0 0 0 0 0 0 0 0 0 0 0 0 0 0 0 0 0 0 0 0 0 0 0 0 0 0 0 0 0 0 0 0 0 0 0 0 0 0 0 0 0 0 0 0 0 0 0 0 0 0 0 0 0 0 0 0 0 0 0 0 0 0 0 0 0 0 0 0 0 0 0 0 0 0 0 0 0 0 0 0 0
4.52368 4.20677e-07 5.82365e-08 3.6244e-07 0.861565 0.720718 0 0 0 0 0 0 0 0 0 0 0 0 0 0 0 0 0 0 0 0 0 0 0 0 0 0 0 0 0 0 0 0 0 0 0 0 0 0 0 0 0 0 0 0 0 0 0 0 0 0 0 0 0 0 0 0 0 0 0 0 0 0 0 0 0 0 0 0 0 0 0 0 0 0 0 0 0 0 0 0 0 0
4.75588 3.9219e-07 5.74132e-08 3.34777e-07 0.853609 0.713879 0 0 0 0 0 0 0 0 0 0 0 0 0 0 0 0 0 0 0 0 0 0 0 0 0 0 0 0 0 0 0 0 0 0 0 0 0 0 0 0 0 0 0 0 0 0 0 0 0 0 0 0 0 0 0 0 0 0 0 0 0 0 0 0 0 0 0 0 0 0 0 0 0 0 0 0 0 0 0 0 0 0
5 3.45472e-07 5.21379e-08 2.93334e-07 0.849082 0.686443 0 0 0 0 0 0 0 0 0 0 0 0 0 0 0 0 0 0 0 0 0 0 0 0 0 0 0 0 0 0 0 0 0 0 0 0 0 0 0 0 0 0 0 0 0 0 0 0 0 0 0 0 0 0 0 0 0 0 0 0 0 0 0 0 0 0 0 0 0 0 0 0 0 0 0 0 0 0 0 0 0 0
5.25665 3.04988e-07 4.6674e-08 2.58314e-07 0.846964 0.652857 0 0 0 0 0 0 0 0 0 0 0 0 0 0 0 0 0 0 0 0 0 0 0 0 0 0 0 0 0 0 0 0 0 0 0 0 0 0 0 0 0 0 0 0 0 0 0 0 0 0 0 0 0 0 0 0 0 0 0 0 0 0 0 0 0 0 0 0 0 0 0 0 0 0 0 0 0 0 0 0 0 0
5.52648 2.76216e-07 4.39994e-08 2.32217e-07 0.840707 0.630947 0 0 0 0 0 0 0 0 0 0 0 0 0 0 0 0 0 0 0 0 0 0 0 0 0 0 0 0 0 0 0 0 0 0 0 0 0 0 0 0 0 0 0 0 0 0 0 0 0 0 0 0 0 0 0 0 0 0 0 0 0 0 0 0 0 0 0 0 0 0 0 0 0 0 0 0 0 0 0 0 0 0
5.81015 2.50408e-07 4.38813e-08 2.06526e-07 0.824761 0.626481 0 0 0 0 0 0 0 0 0 0 0 0 0 0 0 0 0 0 0 0 0 0 0 0 0 0 0 0 0 0 0 0 0 0 0 0 0 0 0 0 0 0 0 0 0 0 0 0 0 0 0 0 0 0 0 0 0 0 0 0 0 0 0 0 0 0 0 0 0 0 0 0 0 0 0 0 0 0 0 0 0 0
6.10839 2.20057e-07 4.44558e-08 1.75602e-07 0.797981 0.634078 0 0 0 0 0 0 0 0 0 0 0 0 0 0 0 0 0 0 0 0 0 0 0 0 0 0 0 0 0 0 0 0 0 0 0 0 0 0 0 0 0 0 0 0 0 0 0 0 0 0 0 0 0 0 0 0 0 0 0 0 0 0 0 0 0 0 0 0 0 0 0 0 0 0 0 0 0 0 0 0 0 0
6.42193 1.8302e-07 4.34033e-08 1.39617e-07 0.762849 0.639872 0 0 0 0 0 0 0 0 0 0 0 0 0 0 0 0 0 0 0 0 0 0 0 0 0 0 0 0 0 0 0 0 0 0 0 0 0 0 0 0 0 0 0 0 0 0 0 0 0 0 0 0 0 0 0 0 0 0 0 0 0 0 0 0 0 0 0 0 0 0 0 0 0 0 1.4013e-45 0 1.4013e-45 0 2.8026e-45 0 4.2039e-45 0
6.75157 1.43084e-07 3.9921e-08 1.03163e-07 0.720996 0.626972 0 0 0 0 0 0 0 0 0 0 0 0 0 0 0 0 0 0 0 0 0 0 0 0 0 0 0 0 0 0 0 0 0 0 0 0 0 0 0 0 0 0 0 0 0 0 0 0 0 0 0 0 0 0 0 0 1.4013e-45 0 2.8026e-45 0 4.2039e-45 0 7.00649e-45 0 1.26117e-44 0 2.38221e-44 0 3.92364e-44 0 6.44597e-44 0 1.05097e-43 0 1.70958e-43 0 2.70451e-43 0 4.24593e-43 0 6.45999e-43 0
7.09813 1.05303e-07 3.56762e-08 6.96268e-08 0.661204 0.584529 0 0 0 0 0 0 0 0 0 0 0 0 0 0 0 0 0 0 0 0 0 0 0 0 0 0 0 0 0 0 0 0 0 0 0 0 0 0 0 0 0 0 1.4013e-45 0 2.8026e-45 0 5.60519e-45 0 1.26117e-44 0 2.66247e-44 0 5.46506e-44 0 1.03696e-43 0 1.96182e-43 0 3.58732e-43 0 6.48801e-43 0 1.13085e-42 0 1.90156e-42 0 3.27904e-42 0 5.29551e-42 0 8.51569e-42 0 1.36346e-41 0 2.17355e-41 0 3.35261e-41 0 5.15187e-41 0 7.66819e-41 0
7.46248 7.55882e-08 3.69577e-08 3.86306e-08 0.511066 0.51642 0 0 0 0 0 0 0 0 0 0 0 0 0 0 0 0 0 0 0 0 0 0 0 0 0 0 0 0 0 0 0 0 1.4013e-45 0 5.60519e-45 0 1.54143e-44 0 3.78351e-44 0 9.66896e-44 0 2.21405e-43 0 4.89053e-43 0 1.06499e-42 0 2.15239e-42 0 4.31039e-42 0 8.29148e-42 0 1.53414e-41 0 2.81773e-41 0 4.98694e-41 0 8.76961e-41 0 1.48829e-40 0 2.44012e-40 0 4.09681e-40 0 6.46402e-40 0 1.01562e-39 0 1.5891e-39 0 2.47625e-39 0 3.73939e-39 0 5.62709e-39 0 8.21443e-39 0
7.84553 7.42228e-08 5.68061e-08 1.74167e-08 0.234654 0.450189 0 0 0 0 0 0 0 0 0 0 0 0 0 0 0 0 0 0 0 0 0 0 0 0 2.8026e-45 0 1.26117e-44 0 4.76441e-44 0 1.59748e-43 0 4.87652e-43 0 1.36066e-42 0 3.59433e-42 0 8.7413e-42 0 2.0934e-41 0 4.63774e-41 0 9.83754e-41 0 2.06357e-40 0 4.03062e-40 0 7.80236e-40 0 1.45369e-39 0 2.61018e-39 0 4.65399e-39 0 8.01036e-39 0 1.37033e-38 0 2.26631e-38 0 3.62709e-38 0 5.93753e-38 0 9.16206e-38 0 1.40812e-37 0 2.15561e-37 0 3.28705e-37 0 4.86488e-37 0 7.17613e-37 0 1.0284e-36 0
8.24824 1.0958e-07 9.2071e-08 1.75092e-08 0.159784 0.406577 0 0 0 0 0 0 0 0 0 0 0 0 0 0 0 0 0 0 5.60519e-45 0 3.64338e-44 0 1.89175e-43 0 8.49187e-43 0 3.28044e-42 0 1.14374e-41 0 3.61997e-41 0 1.04583e-40 0 2.7716e-40 0 6.98428e-40 0 1.62612e-39 0 3.7318e-39 0 7.95258e-39 0 1.62608e-38 0 3.28976e-38 0 6.21904e-38 0 1.16566e-37 0 2.1068e-37 0 3.6763e-37 0 6.3724e-37 0 1.06811e-36 0 1.77993e-36 0 2.8723e-36 0 4.4926e-36 0 7.1795e-36 0 1.08464e-35 0 1.63237e-35 0 2.44748e-35 0 3.65602e-35 0 5.30838e-35 0 7.68312e-35 0 1.08188e-34 0
8.67162 1.47455e-07 1.19617e-07 2.78378e-08 0.188788 0.372486 0 0 0 0 0 0 0 0 0 0 0 0 1.4013e-45 0 1.54143e-44 0 1.58347e-43 0 1.1841e-42 0 7.12981e-42 0 3.44789e-41 0 1.43445e-40 0 5.18962e-40 0 1.70242e-39 0 5.09365e-39 0 1.39732e-38 0 3.531e-38 0 8.50533e-38 0 1.90022e-37 0 4.18749e-37 0 8.60005e-37 0 1.69811e-36 0 3.31932e-36 0 6.08283e-36 0 1.10569e-35 0 1.94148e-35 0 3.29698e-35 0 5.56345e-35 0 9.09295e-35 0 1.47797e-34 0 2.32994e-34 0 3.56556e-34 0 5.56908e-34 0 8.24564e-34 0 1.21644e-33 0 1.78814e-33 0 2.61929e-33 0 3.73447e-33 0 5.30841e-33 0 7.35105e-33 0
9.11674 1.96951e-07 1.49831e-07 4.71192e-08 0.239244 0.33987 0 0 0 0 0 0 0 0 0 0 8.40779e-45 0 2.08793e-43 0 2.96234e-42 0 2.79447e-41 0 1.89999e-40 0 1.04778e-39 0 4.6913e-39 0 1.82054e-38 0 6.1856e-38 0 1.9148e-37 0 5.4306e-37 0 1.41813e-36 0 3.42501e-36 0 7.9034e-36 0 1.69778e-35 0 3.59979e-35 0 7.13781e-35 0 1.36334e-34 0 2.57914e-34 0 4.58869e-34 0 8.10109e-34 0 1.38391e-33 0 2.29014e-33 0 3.767e-33 0 6.0109e-33 0 9.54112e-33 0 1.47105e-32 0 2.2049e-32 0 3.36969e-32 0 4.8945e-32 0 7.08483e-32 0 1.02205e-31 0 1.46947e-31 0 2.05914e-31 0 2.87715e-31 0 3.92143e-31 0
9.5847 2.44717e-07 1.74143e-07 7.05739e-08 0.28839 0.309925 0 0 0 0 0 0 0 0 3.36312e-44 0 1.57506e-42 0 3.38021e-41 0 4.21093e-40 0 3.56012e-39 0 2.2043e-38 0 1.11837e-37 0 4.65395e-37 0 1.69034e-36 0 5.41033e-36 0 1.58491e-35 0 4.27194e-35 0 1.06449e-34 0 2.46257e-34 0 5.4552e-34 0 1.12893e-33 0 2.30741e-33 0 4.42484e-33 0 8.18873e-33 0 1.50165e-32 0 2.59756e-32 0 4.46034e-32 0 7.42297e-32 0 1.19854e-31 0 1.92412e-31 0 3.00101e-31 0 4.65726e-31 0 7.03037e-31 0 1.03314e-30 0 1.54656e-30 0 2.20582e-30 0 3.1358e-30 0 4.44347e-30 0 6.27638e-30 0 8.65129e-30 0 1.18923e-29 0 1.59655e-29 0
10.0767 2.65593e-07 1.82597e-07 8.2996e-08 0.312494 0.279011 0 0 0 0 0 0 3.78351e-44 0 5.30111e-42 0 2.07309e-40 0 3.83037e-39 0 4.21875e-38 0 3.2137e-37 0 1.82034e-36 0 8.53164e-36 0 3.31157e-35 0 1.12938e-34 0 3.41522e-34 0 9.49314e-34 0 2.43784e-33 0 5.80981e-33 0 1.29011e-32 0 2.74905e-32 0 5.49055e-32 0 1.08372e-31 0 2.01319e-31 0 3.61536e-31 0 6.43645e-31 0 1.08398e-30 0 1.81285e-30 0 2.94287e-30 0 4.64179e-30 0 7.28164e-30 0 1.11132e-29 0 1.68805e-29 0 2.49747e-29 0 3.60178e-29 0 5.28652e-29 0 7.41046e-29 0 1.03553e-28 0 1.44261e-28 0 2.0036e-28 0 2.71881e-28 0 3.67974e-28 0 4.86954e-28 0
10.5939 2.82814e-07 1.876e-07 9.52139e-08 0.336666 0.251689 0 0 0 0 5.60519e-45 0 5.70188e-42 0 6.38013e-40 0 2.08594e-38 0 3.34258e-37 0 3.27456e-36 0 2.25902e-35 0 1.1757e-34 0 5.11e-34 0 1.85637e-33 0 5.96287e-33 0 1.70833e-32 0 4.51737e-32 0 1.10786e-31 0 2.53061e-31 0 5.40472e-31 0 1.10991e-30 0 2.14316e-30 0 4.09202e-30 0 7.37518e-30 0 1.28714e-29 0 2.22787e-29 0 3.65775e-29 0 5.96552e-29 0 9.45767e-29 0 1.45893e-28 0 2.23889e-28 0 3.34717e-28 0 4.98149e-28 0 7.23051e-28 0 1.02429e-27 0 1.4755e-27 0 2.03448e-27 0 2.7969e-27 0 3.83381e-27 0 5.23997e-27 0 7.00525e-27 0 9.3421e-27 0 1.21948e-26 0
11.1377 2.82962e-07 1.85527e-07 9.74344e-08 0.344338 0.236852 0 0 0 0 8.11352e-43 0 6.50956e-40 0 5.78596e-38 0 1.59553e-36 0 2.23287e-35 0 1.9568e-34 0 1.22846e-33 0 5.89877e-33 0 2.38633e-32 0 8.13993e-32 0 2.46984e-31 0 6.7215e-31 0 1.69497e-30 0 3.97866e-30 0 8.72898e-30 0 1.79648e-29 0 3.56188e-29 0 6.66027e-29 0 1.23215e-28 0 2.15777e-28 0 3.6648e-28 0 6.17564e-28 0 9.89675e-28 0 1.576e-27 0 2.44298e-27 0 3.68961e-27 0 5.54493e-27 0 8.12858e-27 0 1.18649e-26 0 1.69112e-26 0 2.35528e-26 0 3.33288e-26 0 4.52399e-26 0 6.12347e-26 0 8.26541e-26 0 1.1126e-25 0 1.46648e-25 0 1.92838e-25 0 2.48469e-25 0
11.7094 2.74233e-07 1.79321e-07 9.49122e-08 0.3461 0.227204 0 0 0 0 9.82871e-41 0 5.69087e-38 0 4.06306e-36 0 9.52907e-35 0 1.17235e-33 0 9.24092e-33 0 5.3037e-32 0 2.3589e-31 0 8.9134e-31 0 2.86363e-30 0 8.23054e-30 0 2.13303e-29 0 5.14138e-29 0 1.15761e-28 0 2.44416e-28 0 4.85606e-28 0 9.31167e-28 0 1.68877e-27 0 3.03176e-27 0 5.16604e-27 0 8.5501e-27 0 1.40455e-26 0 2.19962e-26 0 3.42409e-26 0 5.19536e-26 0 7.69013e-26 0 1.13295e-25 0 1.63012e-25 0 2.33588e-25 0 3.27224e-25 0 4.48425e-25 0 6.23886e-25 0 8.34312e-25 0 1.11272e-24 0 1.4801e-24 0 1.96365e-24 0 2.55356e-24 0 3.31327e-24 0 4.21659e-24 0
12.3105 2.52861e-07 1.65265e-07 8.75958e-08 0.346419 0.223787 0 0 1.09301e-43 0 8.86157e-39 0 3.76103e-36 0 2.18011e-34 0 4.38305e-33 0 4.77052e-32 0 3.39973e-31 0 1.79167e-30 0 7.40873e-30 0 2.62355e-29 0 7.96187e-29 0 2.1734e-28 0 5.37672e-28 0 1.2415e-27 0 2.6867e-27 0 5.46939e-27 0 1.05084e-26 0 1.95198e-26 0 3.43869e-26 0 5.99946e-26 0 9.96033e-26 0 1.60843e-25 0 2.57896e-25 0 3.95134e-25 0 6.01946e-25 0 8.94927e-25 0 1.29954e-24 0 1.87868e-24 0 2.65549e-24 0 3.73894e-24 0 5.15223e-24 0 6.95278e-24 0 9.51858e-24 0 1.25497e-23 0 1.65038e-23 0 2.16491e-23 0 2.83281e-23 0 3.63689e-23 0 4.65927e-23 0 5.86018e-23 0
12.9424 2.15942e-07 1.41495e-07 7.4447e-08 0.344755 0.218224 0 0 1.25837e-41 0 5.86202e-37 0 1.85159e-34 0 8.80297e-33 0 1.52861e-31 0 1.48069e-30 0 9.58743e-30 0 4.65879e-29 0 1.79746e-28 0 5.98404e-28 0 1.72021e-27 0 4.47108e-27 0 1.05824e-26 0 2.34567e-26 0 4.88845e-26 0 9.6121e-26 0 1.78883e-25 0 3.22387e-25 0 5.52445e-25 0 9.38007e-25 0 1.51921e-24 0 2.39655e-24 0 3.75506e-24 0 5.63469e-24 0 8.40925e-24 0 1.22625e-23 0 1.74852e-23 0 2.48266e-23 0 3.45043e-23 0 4.77772e-23 0 6.48141e-23 0 8.61941e-23 0 1.16207e-22 0 1.51157e-22 0 1.96143e-22 0 2.53907e-22 0 3.27907e-22 0 4.15877e-22 0 5.26382e-22 0 6.54683e-22 0
13.6067 1.69018e-07 1.12093e-07 5.69256e-08 0.336801 0.200316 1.12104e-44 0 1.04001e-39 0 2.86663e-35 0 6.83648e-33 0 2.69176e-31 0 4.06609e-30 0 3.52531e-29 0 2.08366e-28 0 9.37296e-28 0 3.38559e-27 0 1.06284e-26 0 2.90176e-26 0 7.19847e-26 0 1.63359e-25 0 3.48296e-25 0 7.00297e-25 0 1.33227e-24 0 2.40532e-24 0 4.21203e-24 0 7.03045e-24 0 1.16325e-23 0 1.84019e-23 0 2.839e-23 0 4.35184e-23 0 6.40207e-23 0 9.36954e-23 0 1.34135e-22 0 1.87979e-22 0 2.62376e-22 0 3.58839e-22 0 4.89042e-22 0 6.53624e-22 0 8.57218e-22 0 1.13896e-21 0 1.46262e-21 0 1.87392e-21 0 2.39541e-21 0 3.05516e-21 0 3.83008e-21 0 4.79233e-21 0 5.89729e-21 0
14.3051 1.31458e-07 9.26156e-08 3.88425e-08 0.295474 0.169082 1.28219e-42 0 7.05831e-38 0 1.18097e-33 0 2.15588e-31 0 7.09485e-30 0 9.38672e-29 0 7.32379e-28 0 3.9691e-27 0 1.65904e-26 0 5.62837e-26 0 1.67093e-25 0 4.34367e-25 0 1.03079e-24 0 2.24748e-24 0 4.61794e-24 0 8.9737e-24 0 1.65442e-23 0 2.902e-23 0 4.94466e-23 0 8.04943e-23 0 1.29951e-22 0 2.01021e-22 0 3.03634e-22 0 4.55829e-22 0 6.58058e-22 0 9.45336e-22 0 1.32984e-21 0 1.83322e-21 0 2.51743e-21 0 3.39074e-21 0 4.55173e-21 0 5.99802e-21 0 7.76285e-21 0 1.01722e-20 0 1.29043e-20 0 1.63342e-20 0 2.0631e-20 0 2.60025e-20 0 3.22401e-20 0 3.9901e-20 0 4.86059e-20 0
15.0394 1.20609e-07 9.26513e-08 2.79572e-08 0.231801 0.1412 1.42944e-40 0 4.61998e-36 0 4.80806e-32 0 6.80681e-30 0 1.88878e-28 0 2.20289e-27 0 1.55472e-26 0 7.75844e-26 0 3.02421e-25 0 9.66573e-25 0 2.72105e-24 0 6.75116e-24 0 1.53592e-23 0 3.22378e-23 0 6.39511e-23 0 1.20305e-22 0 2.15272e-22 0 3.67387e-22 0 6.09906e-22 0 9.69525e-22 0 1.52903e-21 0 2.31542e-21 0 3.42763e-21 0 5.04463e-21 0 7.15329e-21 0 1.0096e-20 0 1.39677e-20 0 1.89554e-20 0 2.56301e-20 0 3.4023e-20 0 4.50205e-20 0 5.85317e-20 0 7.48059e-20 0 9.67379e-20 0 1.21303e-19 0 1.51788e-19 0 1.89544e-19 0 2.3621e-19 0 2.89814e-19 0 3.54965e-19 0 4.2826e-19 0
15.8114 1.22255e-07 9.95993e-08 2.2656e-08 0.185317 0.120258 1.34448e-38 0 2.61733e-34 0 1.73399e-30 0 1.92753e-28 0 4.54752e-27 0 4.70435e-26 0 3.01804e-25 0 1.39239e-24 0 5.07869e-24 0 1.53369e-23 0 4.1048e-23 0 9.7424e-23 0 2.12924e-22 0 4.31024e-22 0 8.26914e-22 0 1.50833e-21 0 2.62338e-21 0 4.36179e-21 0 7.06409e-21 0 1.0978e-20 0 1.69325e-20 0 2.51267e-20 0 3.64907e-20 0 5.27016e-20 0 7.34674e-20 0 1.0196e-19 0 1.38843e-19 0 1.85634e-19 0 2.47331e-19 0 3.23813e-19 0 4.22662e-19 0 5.42512e-19 0 6.85096e-19 0 8.74904e-19 0 1.08502e-18 0 1.34292e-18 0 1.65887e-18 0 2.04518e-18 0 2.48438e-18 0 3.0129e-18 0 3.60185e-18 0
16.623 1.30115e-07 1.09571e-07 2.05438e-08 0.15789 0.103379 1.02767e-36 0 1.2352e-32 0 5.32549e-29 0 4.70352e-27 0 9.5098e-26 0 8.77715e-25 0 5.14241e-24 0 2.20182e-23 0 7.53935e-23 0 2.15717e-22 0 5.50256e-22 0 1.25202e-21 0 2.63386e-21 0 5.15128e-21 0 9.57323e-21 0 1.69571e-20 0 2.87064e-20 0 4.65589e-20 0 7.36496e-20 0 1.12019e-19 0 1.69161e-19 0 2.46232e-19 0 3.51138e-19 0 4.9811e-19 0 6.83207e-19 0 9.33122e-19 0 1.25166e-18 0 1.64991e-18 0 2.16769e-18 0 2.80091e-18 0 3.60869e-18 0 4.57586e-18 0 5.71303e-18 0 7.20926e-18 0 8.84715e-18 0 1.08366e-17 0 1.32488e-17 0 1.6168e-17 0 1.94544e-17 0 2.33719e-17 0 2.76981e-17 0
17.4762 1.39422e-07 1.19122e-07 2.03006e-08 0.145605 0.0896434 6.23414e-35 0 4.73659e-31 0 1.35716e-27 0 9.63117e-26 0 1.68142e-24 0 1.3923e-23 0 7.48272e-23 0 2.98426e-22 0 9.62254e-22 0 2.61547e-21 0 6.37344e-21 0 1.39312e-20 0 2.82618e-20 0 5.34933e-20 0 9.64499e-20 0 1.66139e-19 0 2.74118e-19 0 4.34217e-19 0 6.71661e-19 0 1.00087e-18 0 1.48131e-18 0 2.11705e-18 0 2.96716e-18 0 4.13784e-18 0 5.58857e-18 0 7.51755e-18 0 9.94024e-18 0 1.29275e-17 0 1.67596e-17 0 2.13861e-17 0 2.7215e-17 0 3.41111e-17 0 4.21293e-17 0 5.25624e-17 0 6.38627e-17 0 7.74529e-17 0 9.37685e-17 0 1.13323e-16 0 1.35131e-16 0 1.60894e-16 0 1.89101e-16 0
18.3733 1.45259e-07 1.24612e-07 2.06475e-08 0.142143 0.0787176 2.95391e-33 0 1.45082e-29 0 2.81829e-26 0 1.62427e-24 0 2.46613e-23 0 1.84183e-22 0 9.11839e-22 0 3.39909e-21 0 1.03512e-20 0 2.67947e-20 0 6.25153e-20 0 1.31528e-19 0 2.57769e-19 0 4.72935e-19 0 8.28524e-19 0 1.38977e-18 0 2.23765e-18 0 3.46583e-18 0 5.2481e-18 0 7.66959e-18 0 1.1136e-17 0 1.56401e-17 0 2.15621e-17 0 2.95851e-17 0 3.93756e-17 0 5.22054e-17 0 6.80946e-17 0 8.74293e-17 0 1.11918e-16 0 1.41124e-16 0 1.77487e-16 0 2.20022e-16 0 2.68954e-16 0 3.31953e-16 0 3.99503e-16 0 4.79976e-16 0 5.75686e-16 0 6.89332e-16 0 8.14955e-16 0 9.62099e-16 0 1.12189e-15 0
19.3164 1.43098e-07 1.22753e-07 2.03447e-08 0.142174 0.0708234 1.08082e-31 0 3.50549e-28 0 4.70511e-25 0 2.22474e-23 0 2.95772e-22 0 2.00243e-21 0 9.16871e-21 0 3.20518e-20 0 9.24418e-20 0 2.28433e-19 0 5.11367e-19 0 1.03751e-18 0 1.96761e-18 0 3.50462e-18 0 5.97386e-18 0 9.77072e-18 0 1.53701e-17 0 2.33031e-17 0 3.45788e-17 0 4.96061e-17 0 7.07268e-17 0 9.76999e-17 0 1.32598e-16 0 1.79147e-16 0 2.35127e-16 0 3.07476e-16 0 3.95889e-16 0 5.02133e-16 0 6.35078e-16 0 7.9179e-16 0 9.84726e-16 0 1.20798e-15 0 1.46222e-15 0 1.78628e-15 0 2.13042e-15 0 2.53672e-15 0 3.01567e-15 0 3.57937e-15 0 4.19722e-15 0 4.91506e-15 0 5.68853e-15 0
20.3079 1.32049e-07 1.13446e-07 1.86024e-08 0.140875 0.0659554 3.0721e-30 0 6.71447e-27 0 6.34044e-24 0 2.48349e-22 0 2.9099e-21 0 1.79442e-20 0 7.6281e-20 0 2.50855e-19 0 6.87034e-19 0 1.62437e-18 0 3.49601e-18 0 6.85224e-18 0 1.25953e-17 0 2.18106e-17 0 3.62222e-17 0 5.78381e-17 0 8.89932e-17 0 1.32212e-16 0 1.92441e-16 0 2.71251e-16 0 3.80101e-16 0 5.16844e-16 0 6.91075e-16 0 9.20066e-16 0 1.19164e-15 0 1.53803e-15 0 1.956e-15 0 2.4523e-15 0 3.06621e-15 0 3.78188e-15 0 4.6536e-15 0 5.65197e-15 0 6.77803e-15 0 8.19966e-15 0 9.69561e-15 0 1.14467e-14 0 1.34935e-14 0 1.58824e-14 0 1.84797e-14 0 2.1474e-14 0 2.46766e-14 0
21.3503 1.19134e-07 1.03009e-07 1.61252e-08 0.135353 0.0618046 7.1696e-29 0 1.07651e-25 0 7.27561e-23 0 2.38253e-21 0 2.47555e-20 0 1.39683e-19 0 5.53286e-19 0 1.71678e-18 0 4.47617e-18 0 1.01477e-17 0 2.10379e-17 0 3.99018e-17 0 7.11966e-17 0 1.20027e-16 0 1.94459e-16 0 3.0349e-16 0 4.57246e-16 0 6.663e-16 0 9.52223e-16 0 1.31988e-15 0 1.81931e-15 0 2.43697e-15 0 3.2126e-15 0 4.21776e-15 0 5.39417e-15 0 6.87597e-15 0 8.64251e-15 0 1.07164e-14 0 1.32538e-14 0 1.61807e-14 0 1.97098e-14 0 2.37122e-14 0 2.81853e-14 0 3.37814e-14 0 3.9619e-14 0 4.63969e-14 0 5.42556e-14 0 6.33546e-14 0 7.31721e-14 0 8.44073e-14 0 9.63396e-14 0
22.4463 1.06706e-07 9.29388e-08 1.3767e-08 0.129019 0.0581125 1.40166e-27 0 1.47257e-24 0 7.24041e-22 0 1.99966e-20 0 1.85333e-19 0 9.61026e-19 0 3.55921e-18 0 1.04498e-17 0 2.60004e-17 0 5.66352e-17 0 1.13308e-16 0 2.08295e-16 0 3.613e-16 0 5.93762e-16 0 9.39574e-16 0 1.43486e-15 0 2.11896e-15 0 3.03152e-15 0 4.25753e-15 0 5.80804e-15 0 7.8813e-15 0 1.04074e-14 0 1.3536e-14 0 1.75365e-14 0 2.216e-14 0 2.79147e-14 0 3.46969e-14 0 4.25735e-14 0 5.21103e-14 0 6.30015e-14 0 7.60065e-14 0 9.06192e-14 0 1.06809e-13 0 1.26888e-13 0 1.47662e-13 0 1.71595e-13 0 1.99133e-13 0 2.30775e-13 0 2.64668e-13 0 3.03185e-13 0 3.43818e-13 0
23.5984 9.4874e-08 8.33492e-08 1.15248e-08 0.121475 0.0548072 2.31551e-26 0 1.73205e-23 0 6.29256e-21 0 1.47794e-19 0 1.22868e-18 0 5.87927e-18 0 2.04258e-17 0 5.68979e-17 0 1.35407e-16 0 2.83948e-16 0 5.49173e-16 0 9.7998e-16 0 1.65473e-15 0 2.65423e-15 0 4.10702e-15 0 6.14365e-15 0 8.90174e-15 0 1.25146e-14 0 1.72867e-14 0 2.32274e-14 0 3.10525e-14 0 4.04526e-14 0 5.19422e-14 0 6.64482e-14 0 8.30133e-14 0 1.03399e-13 0 1.27163e-13 0 1.5448e-13 0 1.87228e-13 0 2.24271e-13 0 2.68098e-13 0 3.16909e-13 0 3.70541e-13 0 4.36514e-13 0 5.04231e-13 0 5.81677e-13 0 6.70137e-13 0 7.71049e-13 0 8.78393e-13 0 9.99572e-13 0 1.1266e-12 0
24.8097 8.44013e-08 7.47788e-08 9.62253e-09 0.114009 0.051651 3.27896e-25 0 1.77556e-22 0 4.83727e-20 0 9.73864e-19 0 7.30087e-18 0 3.23642e-17 0 1.05807e-16 0 2.80355e-16 0 6.39539e-16 0 1.29349e-15 0 2.42241e-15 0 4.20219e-15 0 6.91638e-15 0 1.0841e-14 0 1.64211e-14 0 2.40859e-14 0 3.42727e-14 0 4.73879e-14 0 6.44337e-14 0 8.53369e-14 0 1.1248e-13 0 1.4465e-13 0 1.83482e-13 0 2.31917e-13 0 2.86601e-13 0 3.53174e-13 0 4.2998e-13 0 5.17407e-13 0 6.21233e-13 0 7.37615e-13 0 8.74109e-13 0 1.02485e-12 0 1.18917e-12 0 1.38974e-12 0 1.59407e-12 0 1.82612e-12 0 2.08934e-12 0 2.38756e-12 0 2.70269e-12 0 3.0562e-12 0 3.42451e-12 0
26.0832 7.46389e-08 6.66964e-08 7.94248e-09 0.106412 0.0488523 3.98535e-24 0 1.58709e-21 0 3.28825e-19 0 5.71745e-18 0 3.88475e-17 0 1.60132e-16 0 4.94096e-16 0 1.24837e-15 0 2.73537e-15 0 5.34537e-15 0 9.70862e-15 0 1.63948e-14 0 2.63356e-14 0 4.03836e-14 0 5.9942e-14 0 8.62918e-14 0 1.20691e-13 0 1.64257e-13 0 2.20017e-13 0 2.87423e-13 0 3.7377e-13 0 4.74804e-13 0 5.95312e-13 0 7.43906e-13 0 9.09858e-13 0 1.10983e-12 0 1.33827e-12 0 1.59589e-12 0 1.8991e-12 0 2.23605e-12 0 2.62795e-12 0 3.05729e-12 0 3.52184e-12 0 4.08463e-12 0 4.6539e-12 0 5.29613e-12 0 6.01981e-12 0 6.83437e-12 0 7.68976e-12 0 8.64353e-12 0 9.63154e-12 0
27.4221 6.58666e-08 5.93227e-08 6.54395e-09 0.0993515 0.0463051 4.20048e-23 0 1.24877e-20 0 1.99413e-18 0 3.01604e-17 0 1.86625e-16 0 7.17881e-16 0 2.09649e-15 0 5.06258e-15 0 1.06761e-14 0 2.01915e-14 0 3.56199e-14 0 5.86315e-14 0 9.20278e-14 0 1.38202e-13 0 2.01218e-13 0 2.84564e-13 0 3.91537e-13 0 5.24911e-13 0 6.93138e-13 0 8.93755e-13 0 1.14745e-12 0 1.44068e-12 0 1.7865e-12 0 2.20826e-12 0 2.67447e-12 0 3.23077e-12 0 3.86033e-12 0 4.56406e-12 0 5.38527e-12 0 6.29039e-12 0 7.33482e-12 0 8.47034e-12 0 9.69024e-12 0 1.11577e-11 0 1.2632e-11 0 1.42847e-11 0 1.61354e-11 0 1.82056e-11 0 2.03666e-11 0 2.27624e-11 0 2.52306e-11 0
28.8297 5.82514e-08 5.28687e-08 5.38263e-09 0.0924035 0.0437832 3.88382e-22 0 8.74365e-20 0 1.08991e-17 0 1.4437e-16 0 8.17266e-16 0 2.94361e-15 0 8.15825e-15 0 1.88704e-14 0 3.83708e-14 0 7.03468e-14 0 1.20707e-13 0 1.93912e-13 0 2.97737e-13 0 4.38337e-13 0 6.26605e-13 0 8.7128e-13 0 1.18028e-12 0 1.55984e-12 0 2.03198e-12 0 2.58779e-12 0 3.28204e-12 0 4.07526e-12 0 5.00066e-12 0 6.11761e-12 0 7.34017e-12 0 8.78554e-12 0 1.04067e-11 0 1.22036e-11 0 1.42835e-11 0 1.65581e-11 0 1.91631e-11 0 2.19748e-11 0 2.4975e-11 0 2.85598e-11 0 3.21382e-11 0 3.61256e-11 0 4.0564e-11 0 4.54994e-11 0 5.06222e-11 0 5.62706e-11 0 6.20596e-11 0
30.3095 5.14873e-08 4.70657e-08 4.42157e-09 0.0858769 0.0414077 3.16108e-21 0 5.46278e-19 0 5.38011e-17 0 6.28194e-16 0 3.26754e-15 0 1.10552e-14 0 2.91519e-14 0 6.47249e-14 0 1.27128e-13 0 2.26273e-13 0 3.78158e-13 0 5.93598e-13 0 8.92542e-13 0 1.28944e-12 0 1.81139e-12 0 2.47848e-12 0 3.30807e-12 0 4.31281e-12 0 5.54616e-12 0 6.9803e-12 0 8.75085e-12 0 1.07515e-11 0 1.30618e-11 0 1.58228e-11 0 1.88168e-11 0 2.23252e-11 0 2.6227e-11 0 3.05174e-11 0 3.54452e-11 0 4.07944e-11 0 4.68767e-11 0 5.33966e-11 0 6.03088e-11 0 6.85151e-11 0 7.66566e-11 0 8.56767e-11 0 9.56602e-11 0 1.06699e-10 0 1.18096e-10 0 1.30597e-10 0 1.43345e-10 0
31.8653 4.55294e-08 4.19151e-08 3.61424e-09 0.0793826 0.0390599 2.28215e-20 0 3.06672e-18 0 2.41394e-16 0 2.49988e-15 0 1.19973e-14 0 3.82457e-14 0 9.61887e-14 0 2.05407e-13 0 3.90366e-13 0 6.7552e-13 0 1.101e-12 0 1.69063e-12 0 2.49192e-12 0 3.53596e-12 0 4.88551e-12 0 6.58318e-12 0 8.66369e-12 0 1.11497e-11 0 1.41633e-11 0 1.76266e-11 0 2.1855e-11 0 2.65831e-11 0 3.19899e-11 0 3.83907e-11 0 4.52702e-11 0 5.32645e-11 0 6.20834e-11 0 7.1707e-11 0 8.26795e-11 0 9.45062e-11 0 1.07862e-10 0 1.22086e-10 0 1.37073e-10 0 1.54757e-10 0 1.722e-10 0 1.9142e-10 0 2.12579e-10 0 2.35849e-10 0 2.5975e-10 0 2.85838e-10 0 3.12317e-10 0
33.5009 4.02424e-08 3.72832e-08 2.95919e-09 0.0735341 0.0368713 1.46773e-19 0 1.55261e-17 0 9.87514e-16 0 9.12367e-15 0 4.05579e-14 0 1.22178e-13 0 2.9375e-13 0 6.04481e-13 0 1.11333e-12 0 1.87569e-12 0 2.98507e-12 0 4.48869e-12 0 6.49203e-12 0 9.05594e-12 0 1.23163e-11 0 1.63562e-11 0 2.12386e-11 0 2.69985e-11 0 3.38973e-11 0 4.1738e-11 0 5.12101e-11 0 6.16961e-11 0 7.35763e-11 0 8.75153e-11 0 1.02371e-10 0 1.19496e-10 0 1.38242e-10 0 1.58552e-10 0 1.81547e-10 0 2.06166e-10 0 2.33789e-10 0 2.63022e-10 0 2.93645e-10 0 3.29572e-10 0 3.64811e-10 0 4.0344e-10 0 4.45745e-10 0 4.92038e-10 0 5.39353e-10 0 5.90756e-10 0 6.42696e-10 0
35.2205 3.58155e-08 3.33989e-08 2.41659e-09 0.0674733 0.0345406 8.52653e-19 0 7.18372e-17 0 3.73058e-15 0 3.09212e-14 0 1.27799e-13 0 3.64808e-13 0 8.40326e-13 0 1.66936e-12 0 2.9843e-12 0 4.90139e-12 0 7.62535e-12 0 1.12402e-11 0 1.59666e-11 0 2.19132e-11 0 2.93585e-11 0 3.84521e-11 0 4.92976e-11 0 6.19369e-11 0 7.69043e-11 0 9.37358e-11 0 1.13865e-10 0 1.35939e-10 0 1.60728e-10 0 1.89565e-10 0 2.20052e-10 0 2.54931e-10 0 2.92834e-10 0 3.33614e-10 0 3.79481e-10 0 4.28274e-10 0 4.82683e-10 0 5.39924e-10 0 5.99553e-10 0 6.69126e-10 0 7.37007e-10 0 8.11051e-10 0 8.91748e-10 0 9.79622e-10 0 1.06902e-09 0 1.16571e-09 0 1.26299e-09 0
37.0284 3.1864e-08 2.98894e-08 1.97459e-09 0.0619693 0.0323623 4.46186e-18 0 3.02746e-16 0 1.29644e-14 0 9.69143e-14 0 3.73741e-13 0 1.0136e-12 0 2.24159e-12 0 4.3063e-12 0 7.48304e-12 0 1.1996e-11 0 1.82643e-11 0 2.64175e-11 0 3.6888e-11 0 4.98503e-11 0 6.58404e-11 0 8.51054e-11 0 1.07794e-10 0 1.3393e-10 0 1.64547e-10 0 1.98632e-10 0 2.39007e-10 0 2.82882e-10 0 3.31742e-10 0 3.88122e-10 0 4.47273e-10 0 5.14459e-10 0 5.86962e-10 0 6.64461e-10 0 7.51075e-10 0 8.42656e-10 0 9.44179e-10 0 1.05039e-09 0 1.16044e-09 0 1.28817e-09 0 1.41218e-09 0 1.54681e-09 0 1.69285e-09 0 1.85115e-09 0 2.01149e-09 0 2.18418e-09 0 2.35721e-09 0
38.9291 2.83299e-08 2.67142e-08 1.61568e-09 0.0570308 0.0303418 2.11322e-17 0 1.16704e-15 0 4.15999e-14 0 2.81886e-13 0 1.01774e-12 0 2.62892e-12 0 5.59292e-12 0 1.04074e-11 0 1.76035e-11 0 2.75772e-11 0 4.11344e-11 0 5.84341e-11 0 8.02752e-11 0 1.069e-10 0 1.39285e-10 0 1.77798e-10 0 2.22614e-10 0 2.73674e-10 0 3.32874e-10 0 3.9815e-10 0 4.74771e-10 0 5.57321e-10 0 6.48518e-10 0 7.52943e-10 0 8.61705e-10 0 9.84395e-10 0 1.11592e-09 0 1.25563e-09 0 1.41084e-09 0 1.574e-09 0 1.75387e-09 0 1.94103e-09 0 2.13399e-09 0 2.35685e-09 0 2.57216e-09 0 2.80487e-09 0 3.05621e-09 0 3.32745e-09 0 3.60102e-09 0 3.89447e-09 0 4.18738e-09 0
40.9273 2.51646e-08 2.38405e-08 1.32409e-09 0.0526172 0.0284705 9.10038e-17 0 4.1318e-15 0 1.23701e-13 0 7.63454e-13 0 2.58895e-12 0 6.3847e-12 0 1.30917e-11 0 2.36336e-11 0 3.89622e-11 0 5.97139e-11 0 8.73478e-11 0 1.21975e-10 0 1.64988e-10 0 2.16658e-10 0 2.78669e-10 0 3.51508e-10 0 4.35306e-10 0 5.29782e-10 0 6.38251e-10 0 7.56764e-10 0 8.94678e-10 0 1.04205e-09 0 1.20363e-09 0 1.38729e-09 0 1.57725e-09 0 1.79015e-09 0 2.01695e-09 0 2.25644e-09 0 2.52097e-09 0 2.79753e-09 0 3.10079e-09 0 3.41473e-09 0 3.73687e-09 0 4.10714e-09 0 4.46326e-09 0 4.84653e-09 0 5.25873e-09 0 5.70173e-09 0 6.14675e-09 0 6.62227e-09 0 7.09518e-09 0
43.0281 2.23419e-08 2.12593e-08 1.08262e-09 0.0484567 0.0266563 3.58222e-16 0 1.34998e-14 0 3.42361e-13 0 1.93332e-12 0 6.17662e-12 0 1.45757e-11 0 2.88573e-11 0 5.06136e-11 0 8.14291e-11 0 1.22224e-10 0 1.75497e-10 0 2.41106e-10 0 3.21354e-10 0 4.16419e-10 0 5.29064e-10 0 6.59827e-10 0 8.08641e-10 0 9.74751e-10 0 1.16369e-09 0 1.36835e-09 0 1.60455e-09 0 1.85499e-09 0 2.12759e-09 0 2.43529e-09 0 2.75147e-09 0 3.10362e-09 0 3.47651e-09 0 3.86806e-09 0 4.29821e-09 0 4.74555e-09 0 5.23362e-09 0 5.73642e-09 0 6.25002e-09 0 6.83769e-09 0 7.40047e-09 0 8.00371e-09 0 8.64988e-09 0 9.34159e-09 0 1.00338e-08 0 1.07708e-08 0 1.15012e-08 0
45.2368 1.98088e-08 1.89236e-08 8.85128e-10 0.0446837 0.0249469 1.29323e-15 0 4.08222e-14 0 8.8409e-13 0 4.58785e-12 0 1.38493e-11 0 3.134e-11 0 6.00129e-11 0 1.0241e-10 0 1.6098e-10 0 2.36886e-10 0 3.3418e-10 0 4.52046e-10 0 5.9411e-10 0 7.60183e-10 0 9.54595e-10 0 1.17776e-09 0 1.42913e-09 0 1.70706e-09 0 2.02039e-09 0 2.35699e-09 0 2.74245e-09 0 3.14812e-09 0 3.58666e-09 0 4.0784e-09 0 4.58053e-09 0 5.13648e-09 0 5.72183e-09 0 6.33317e-09 0 7.00132e-09 0 7.69271e-09 0 8.44344e-09 0 9.21326e-09 0 9.9962e-09 0 1.08882e-08 0 1.1739e-08 0 1.26474e-08 0 1.36168e-08 0 1.46505e-08 0 1.56813e-08 0 1.67749e-08 0 1.78552e-08 0
47.5588 1.75958e-08 1.68728e-08 7.23005e-10 0.0410896 0.0232642 4.31453e-15 0 1.15068e-13 0 2.1446e-12 0 1.02694e-11 0 2.93721e-11 0 6.38691e-11 0 1.18484e-10 0 1.96982e-10 0 3.02876e-10 0 4.37362e-10 0 6.06717e-10 0 8.08691e-10 0 1.04875e-09 0 1.32586e-09 0 1.64653e-09 0 2.01073e-09 0 2.41694e-09 0 2.86203e-09 0 3.3596e-09 0 3.88994e-09 0 4.49274e-09 0 5.12271e-09 0 5.79927e-09 0 6.55311e-09 0 7.31833e-09 0 8.1608e-09 0 9.04303e-09 0 9.95974e-09 0 1.09567e-08 0 1.19835e-08 0 1.30933e-08 0 1.42263e-08 0 1.53739e-08 0 1.66761e-08 0 1.79131e-08 0 1.92292e-08 0 2.06285e-08 0 2.21155e-08 0 2.35931e-08 0 2.51555e-08 0 2.66939e-08 0
50 1.55981e-08 1.50069e-08 5.91176e-10 0.0379005 0.0217014 1.32991e-14 0 3.02149e-13 0 4.88187e-12 0 2.16558e-11 0 5.88414e-11 0 1.23188e-10 0 2.21735e-10 0 3.59601e-10 0 5.41424e-10 0 7.67932e-10 0 1.0484e-09 0 1.37794e-09 0 1.76445e-09 0 2.20527e-09 0 2.70983e-09 0 3.27709e-09 0 3.9039e-09 0 4.58483e-09 0 5.33996e-09 0 6.13883e-09 0 7.04043e-09 0 7.97636e-09 0 8.97529e-09 0 1.00816e-08 0 1.11984e-08 0 1.24212e-08 0 1.36952e-08 0 1.50126e-08 0 1.64386e-08 0 1.79006e-08 0 1.9474e-08 0 2.10736e-08 0 2.26875e-08 0 2.45117e-08 0 2.62381e-08 0 2.80685e-08 0 3.0008e-08 0 3.20619e-08 0 3.40962e-08 0 3.62406e-08 0 3.83456e-08 0
52.5665 1.38473e-08 1.33645e-08 4.82864e-10 0.0348705 0.0201761 3.81602e-14 0 7.4436e-13 0 1.04991e-11 0 4.33062e-11 0 1.12063e-10 0 2.26298e-10 0 3.95809e-10 0 6.26931e-10 0 9.25251e-10 0 1.29013e-09 0 1.73475e-09 0 2.24981e-09 0 2.8463e-09 0 3.51888e-09 0 4.28071e-09 0 5.129e-09 0 6.05803e-09 0 7.05905e-09 0 8.16072e-09 0 9.31794e-09 0 1.06152e-08 0 1.19533e-08 0 1.3373e-08 0 1.49364e-08 0 1.6506e-08 0 1.82161e-08 0 1.99889e-08 0 2.18136e-08 0 2.378e-08 0 2.57875e-08 0 2.7939e-08 0 3.01176e-08 0 3.23075e-08 0 3.47736e-08 0 3.70994e-08 0 3.9557e-08 0 4.21526e-08 0 4.48923e-08 0 4.75975e-08 0 5.04406e-08 0 5.32236e-08 0
55.2648 1.22926e-08 1.18983e-08 3.94246e-10 0.0320719 0.0187201 1.0213e-13 0 1.7232e-12 0 2.13593e-11 0 8.22127e-11 0 2.03092e-10 0 3.96285e-10 0 6.74461e-10 0 1.04457e-09 0 1.51261e-09 0 2.07516e-09 0 2.75027e-09 0 3.52186e-09 0 4.40474e-09 0 5.38948e-09 0 6.49384e-09 0 7.71233e-09 0 9.03554e-09 0 1.04502e-08 0 1.19959e-08 0 1.36086e-08 0 1.54048e-08 0 1.72464e-08 0 1.91894e-08 0 2.13174e-08 0 2.34429e-08 0 2.57474e-08 0 2.81254e-08 0 3.05623e-08 0 3.31772e-08 0 3.58359e-08 0 3.86741e-08 0 4.15373e-08 0 4.44051e-08 0 4.76233e-08 0 5.06482e-08 0 5.38345e-08 0 5.71892e-08 0 6.07193e-08 0 6.41945e-08 0 6.78366e-08 0 7.13919e-08 0
58.1015 1.09157e-08 1.05936e-08 3.22125e-10 0.0295103 0.017339 2.55902e-13 0 3.76131e-12 0 4.123e-11 0 1.48589e-10 0 3.51208e-10 0 6.63294e-10 0 1.09997e-09 0 1.66758e-09 0 2.3715e-09 0 3.20363e-09 0 4.18789e-09 0 5.29843e-09 0 6.5547e-09 0 7.94147e-09 0 9.48208e-09 0 1.11671e-08 0 1.29823e-08 0 1.49087e-08 0 1.6999e-08 0 1.91658e-08 0 2.15647e-08 0 2.40099e-08 0 2.65759e-08 0 2.93719e-08 0 3.21509e-08 0 3.51502e-08 0 3.82313e-08 0 4.13756e-08 0 4.47361e-08 0 4.81396e-08 0 5.17592e-08 0 5.53977e-08 0 5.90297e-08 0 6.30919e-08 0 6.68978e-08 0 7.08949e-08 0 7.50908e-08 0 7.94931e-08 0 8.38148e-08 0 8.83317e-08 0 9.27296e-08 0
61.0839 9.69926e-09 9.4362e-09 2.63059e-10 0.0271216 0.0160207 6.02484e-13 0 7.76641e-12 0 7.57398e-11 0 2.56397e-10 0 5.81102e-10 0 1.06392e-09 0 1.72131e-09 0 2.55707e-09 0 3.57447e-09 0 4.75834e-09 0 6.13941e-09 0 7.67876e-09 0 9.40124e-09 0 1.1284e-08 0 1.33569e-08 0 1.56054e-08 0 1.80092e-08 0 2.05423e-08 0 2.32728e-08 0 2.60861e-08 0 2.91826e-08 0 3.23217e-08 0 3.55991e-08 0 3.91527e-08 0 4.26684e-08 0 4.64462e-08 0 5.03106e-08 0 5.42387e-08 0 5.84207e-08 0 6.26407e-08 0 6.71127e-08 0 7.15926e-08 0 7.60502e-08 0 8.10201e-08 0 8.56622e-08 0 9.05236e-08 0 9.56124e-08 0 1.00937e-07 0 1.06149e-07 0 1.11584e-07 0 1.16862e-07 0
64.2193 8.61859e-09 8.40381e-09 2.14782e-10 0.0249208 0.0147757 1.33606e-12 0 1.52017e-11 0 1.32649e-10 0 4.23094e-10 0 9.21353e-10 0 1.6378e-09 0 2.58825e-09 0 3.77137e-09 0 5.1864e-09 0 6.80837e-09 0 8.67583e-09 0 1.07333e-08 0 1.30117e-08 0 1.5479e-08 0 1.81723e-08 0 2.10707e-08 0 2.41468e-08 0 2.73668e-08 0 3.08161e-08 0 3.43494e-08 0 3.82169e-08 0 4.21172e-08 0 4.61697e-08 0 5.05431e-08 0 5.48508e-08 0 5.94604e-08 0 6.41569e-08 0 6.89126e-08 0 7.39574e-08 0 7.903e-08 0 8.43876e-08 0 8.97371e-08 0 9.50437e-08 0 1.00942e-07 0 1.06436e-07 0 1.12174e-07 0 1.18164e-07 0 1.24414e-07 0 1.30518e-07 0 1.36866e-07 0 1.43017e-07 0
67.5157 7.66687e-09 7.4915e-09 1.75374e-10 0.0228742 0.0135985 2.802e-12 0 2.83122e-11 0 2.22254e-10 0 6.69867e-10 0 1.40435e-09 0 2.42724e-09 0 3.75108e-09 0 5.36618e-09 0 7.26569e-09 0 9.41205e-09 0 1.18526e-08 0 1.45118e-08 0 1.74278e-08 0 2.05574e-08 0 2.39461e-08 0 2.75655e-08 0 3.13803e-08 0 3.53482e-08 0 3.95735e-08 0 4.38777e-08 0 4.85644e-08 0 5.32674e-08 0 5.81315e-08 0 6.33575e-08 0 6.84833e-08 0 7.39466e-08 0 7.94918e-08 0 8.50866e-08 0 9.10011e-08 0 9.69283e-08 0 1.03168e-07 0 1.0938e-07 0 1.15523e-07 0 1.22333e-07 0 1.28658e-07 0 1.35246e-07 0 1.42107e-07 0 1.49248e-07 0 1.56205e-07 0 1.63422e-07 0 1.70401e-07 0
70.9813 6.82525e-09 6.682e-09 1.43254e-10 0.0209888 0.0124938 5.57067e-12 0 5.02769e-11 0 3.56906e-10 0 1.01929e-09 0 2.06106e-09 0 3.46837e-09 0 5.24733e-09 0 7.37658e-09 0 9.84104e-09 0 1.25881e-08 0 1.56747e-08 0 1.90028e-08 0 2.26181e-08 0 2.64655e-08 0 3.05992e-08 0 3.49831e-08 0 3.95732e-08 0 4.43186e-08 0 4.93435e-08 0 5.44353e-08 0 5.99519e-08 0 6.54616e-08 0 7.1135e-08 0 7.72049e-08 0 8.31347e-08 0 8.94312e-08 0 9.57987e-08 0 1.02201e-07 0 1.08948e-07 0 1.15687e-07 0 1.2276e-07 0 1.2978e-07 0 1.36705e-07 0 1.44358e-07 0 1.51449e-07 0 1.58817e-07 0 1.6647e-07 0 1.74418e-07 0 1.82142e-07 0 1.90139e-07 0 1.97854e-07 0
74.6248 6.08354e-09 5.96656e-09 1.16973e-10 0.0192277 0.0114552 1.05323e-11 0 8.53762e-11 0 5.50762e-10 0 1.49437e-09 0 2.91957e-09 0 4.78981e-09 0 7.10153e-09 0 9.81855e-09 0 1.29158e-08 0 1.63238e-08 0 2.01099e-08 0 2.41516e-08 0 2.8503e-08 0 3.30967e-08 0 3.79961e-08 0 4.31566e-08 0 4.85262e-08 0 5.40456e-08 0 5.98587e-08 0 6.57197e-08 0 7.20397e-08 0 7.83234e-08 0 8.47669e-08 0 9.1633e-08 0 9.83153e-08 0 1.05385e-07 0 1.1251e-07 0 1.19652e-07 0 1.27152e-07 0 1.34623e-07 0 1.4244e-07 0 1.50178e-07 0 1.5779e-07 0 1.66182e-07 0 1.73936e-07 0 1.81976e-07 0 1.90308e-07 0 1.9894e-07 0 2.07312e-07 0 2.1596e-07 0 2.24287e-07 0
78.4553 5.42428e-09 5.32877e-09 9.55118e-11 0.0176082 0.0104896 1.89676e-11 0 1.3882e-10 0 8.1762e-10 0 2.11291e-09 0 3.99522e-09 0 6.39798e-09 0 9.30522e-09 0 1.26635e-08 0 1.64367e-08 0 2.05375e-08 0 2.50447e-08 0 2.98104e-08 0 3.4898e-08 0 4.02279e-08 0 4.58726e-08 0 5.17801e-08 0 5.78903e-08 0 6.41366e-08 0 7.06817e-08 0 7.72495e-08 0 8.42995e-08 0 9.12793e-08 0 9.84082e-08 0 1.05976e-07 0 1.13314e-07 0 1.21051e-07 0 1.28824e-07 0 1.3659e-07 0 1.44722e-07 0 1.52798e-07 0 1.61227e-07 0 1.69547e-07 0 1.77711e-07 0 1.8669e-07 0 1.94967e-07 0 2.0353e-07 0 2.12385e-07 0 2.21538e-07 0 2.30397e-07 0 2.3953e-07 0 2.48307e-07 0
82.4824 4.84121e-09 4.76317e-09 7.80325e-11 0.0161184 0.00959345 3.26355e-11 0 2.16733e-10 0 1.17064e-09 0 2.88816e-09 0 5.29389e-09 0 8.285e-09 0 1.18313e-08 0 1.58609e-08 0 2.03263e-08 0 2.51229e-08 0 3.03411e-08 0 3.58088e-08 0 4.1599e-08 0 4.76208e-08 0 5.3956e-08 0 6.05454e-08 0 6.73223e-08 0 7.42143e-08 0 8.14009e-08 0 8.85797e-08 0 9.62527e-08 0 1.03818e-07 0 1.11517e-07 0 1.19659e-07 0 1.27527e-07 0 1.35797e-07 0 1.44078e-07 0 1.52328e-07 0 1.60942e-07 0 1.69474e-07 0 1.78355e-07 0 1.87099e-07 0 1.95659e-07 0 2.05051e-07 0 2.1369e-07 0 2.22608e-07 0 2.3181e-07 0 2.41304e-07 0 2.50474e-07 0 2.5991e-07 0 2.68961e-07 0
86.7162 4.32637e-09 4.26261e-09 6.37522e-11 0.0147357 0.00876108 5.37878e-11 0 3.25667e-10 0 1.61998e-09 0 3.82437e-09 0 6.80558e-09 0 1.04204e-08 0 1.46242e-08 0 1.93264e-08 0 2.44695e-08 0 2.99326e-08 0 3.58183e-08 0 4.19326e-08 0 4.8358e-08 0 5.4994e-08 0 6.19315e-08 0 6.91052e-08 0 7.64435e-08 0 8.38695e-08 0 9.1577e-08 0 9.92433e-08 0 1.07404e-07 0 1.15419e-07 0 1.23546e-07 0 1.32111e-07 0 1.40362e-07 0 1.49006e-07 0 1.57637e-07 0 1.66211e-07 0 1.75141e-07 0 1.83961e-07 0 1.9312e-07 0 2.02115e-07 0 2.10902e-07 0 2.20521e-07 0 2.29349e-07 0 2.38445e-07 0 2.47813e-07 0 2.57457e-07 0 2.66756e-07 0 2.76307e-07 0 2.85452e-07 0
91.1674 3.86894e-09 3.81687e-09 5.20791e-11 0.0134608 0.00799223 8.50499e-11 0 4.71606e-10 0 2.16919e-09 0 4.9106e-09 0 8.49611e-09 0 1.27412e-08 0 1.75878e-08 0 2.29287e-08 0 2.86979e-08 0 3.47616e-08 0 4.1234e-08 0 4.79028e-08 0 5.486e-08 0 6.19981e-08 0 6.94156e-08 0 7.70432e-08 0 8.48059e-08 0 9.26243e-08 0 1.00704e-07 0 1.08707e-07 0 1.17193e-07 0 1.25498e-07 0 1.33889e-07 0 1.42704e-07 0 1.51169e-07 0 1.60012e-07 0 1.68817e-07 0 1.7754e-07 0 1.86601e-07 0 1.95531e-07 0 2.04779e-07 0 2.13843e-07 0 2.22677e-07 0 2.32328e-07 0 2.41168e-07 0 2.50257e-07 0 2.59601e-07 0 2.69204e-07 0 2.78445e-07 0 2.87921e-07 0 2.96979e-07 0
95.847 3.46186e-09 3.41932e-09 4.25414e-11 0.0122886 0.00728405 1.29271e-10 0 6.59304e-10 0 2.81481e-09 0 6.12298e-09 0 1.0314e-08 0 1.51643e-08 0 2.06059e-08 0 2.65179e-08 0 3.28287e-08 0 3.93949e-08 0 4.63423e-08 0 5.3445e-08 0 6.08036e-08 0 6.83062e-08 0 7.60581e-08 0 8.39874e-08 0 9.2018e-08 0 1.0007e-07 0 1.08356e-07 0 1.16532e-07 0 1.2517e-07 0 1.33593e-07 0 1.42077e-07 0 1.50962e-07 0 1.59468e-07 0 1.6833e-07 0 1.77129e-07 0 1.85825e-07 0 1.94837e-07 0 2.03696e-07 0 2.12851e-07 0 2.21803e-07 0 2.30512e-07 0 2.40006e-07 0 2.48686e-07 0 2.57594e-07 0 2.66736e-07 0 2.76114e-07 0 2.85124e-07 0 2.94347e-07 0 3.03151e-07 0
100.767 3.10148e-09 3.0667e-09 3.47765e-11 0.0112129 0.00663349 1.8937e-10 0 8.91969e-10 0 3.54762e-09 0 7.42975e-09 0 1.22006e-08 0 1.7604e-08 0 2.35657e-08 0 2.99559e-08 0 3.67006e-08 0 4.36512e-08 0 5.0944e-08 0 5.83448e-08 0 6.59617e-08 0 7.36817e-08 0 8.16147e-08 0 8.96888e-08 0 9.78281e-08 0 1.05955e-07 0 1.14284e-07 0 1.22473e-07 0 1.31093e-07 0 1.39472e-07 0 1.47885e-07 0 1.5667e-07 0 1.65057e-07 0 1.73771e-07 0 1.82402e-07 0 1.90911e-07 0 1.99708e-07 0 2.08338e-07 0 2.17237e-07 0 2.25921e-07 0 2.34352e-07 0 2.43526e-07 0 2.51897e-07 0 2.60474e-07 0 2.69261e-07 0 2.78261e-07 0 2.86892e-07 0 2.95715e-07 0 3.04124e-07 0
105.939 2.78505e-09 2.75662e-09 2.8421e-11 0.0102048 0.00603392 2.68155e-10 0 1.17102e-09 0 4.35392e-09 0 8.7952e-09 0 1.40975e-08 0 1.99801e-08 0 2.63686e-08 0 3.31289e-08 0 4.0188e-08 0 4.73965e-08 0 5.48999e-08 0 6.24611e-08 0 7.01944e-08 0 7.7988e-08 0 8.59554e-08 0 9.40258e-08 0 1.02126e-07 0 1.1018e-07 0 1.18405e-07 0 1.26462e-07 0 1.34916e-07 0 1.43108e-07 0 1.51308e-07 0 1.59847e-07 0 1.67977e-07 0 1.76404e-07 0 1.8473e-07 0 1.9292e-07 0 2.01368e-07 0 2.09638e-07 0 2.18149e-07 0 2.26438e-07 0 2.34471e-07 0 2.43196e-07 0 2.51143e-07 0 2.59273e-07 0 2.67589e-07 0 2.76091e-07 0 2.84234e-07 0 2.92545e-07 0 3.00456e-07 0
111.377 2.49737e-09 2.47414e-09 2.32252e-11 0.00929985 0.00548647 3.66317e-10 0 1.48861e-09 0 5.19105e-09 0 1.01325e-08 0 1.58714e-08 0 2.21148e-08 0 2.87936e-08 0 3.57751e-08 0 4.29913e-08 0 5.02967e-08 0 5.78436e-08 0 6.53979e-08 0 7.30782e-08 0 8.07769e-08 0 8.86087e-08 0 9.65059e-08 0 1.04399e-07 0 1.12218e-07 0 1.20173e-07 0 1.27941e-07 0 1.36065e-07 0 1.43913e-07 0 1.51749e-07 0 1.59885e-07 0 1.67613e-07 0 1.75604e-07 0 1.83481e-07 0 1.91213e-07 0 1.99172e-07 0 2.06948e-07 0 2.14934e-07 0 2.22698e-07 0 2.30209e-07 0 2.38353e-07 0 2.45759e-07 0 2.53323e-07 0 2.61049e-07 0 2.68936e-07 0 2.76479e-07 0 2.84166e-07 0 2.91474e-07 0
117.094 2.24001e-09 2.22102e-09 1.89862e-11 0.00847597 0.00498712 4.84392e-10 0 1.8382e-09 0 6.03099e-09 0 1.1394e-08 0 1.74608e-08 0 2.39391e-08 0 3.07704e-08 0 3.7829e-08 0 4.50544e-08 0 5.2309e-08 0 5.97498e-08 0 6.71507e-08 0 7.46327e-08 0 8.20943e-08 0 8.96496e-08 0 9.72353e-08 0 1.04787e-07 0 1.12241e-07 0 1.19799e-07 0 1.27155e-07 0 1.34826e-07 0 1.42215e-07 0 1.49573e-07 0 1.57195e-07 0 1.64416e-07 0 1.71867e-07 0 1.79195e-07 0 1.86373e-07 0 1.93748e-07 0 2.00939e-07 0 2.08312e-07 0 2.15466e-07 0 2.22376e-07 0 2.29856e-07 0 2.36648e-07 0 2.43576e-07 0 2.5064e-07 0 2.57842e-07 0 2.6472e-07 0 2.71721e-07 0 2.78367e-07 0
123.105 2.01238e-09 1.99685e-09 1.55257e-11 0.0077151 0.00453014 6.21844e-10 0 2.21107e-09 0 6.84564e-09 0 1.25378e-08 0 1.8818e-08 0 2.5406e-08 0 3.2259e-08 0 3.92622e-08 0 4.63652e-08 0 5.34414e-08 0 6.06498e-08 0 6.77764e-08 0 7.49425e-08 0 8.20546e-08 0 8.92242e-08 0 9.63933e-08 0 1.03504e-07 0 1.10497e-07 0 1.17566e-07 0 1.24425e-07 0 1.31558e-07 0 1.3841e-07 0 1.45217e-07 0 1.5225e-07 0 1.58899e-07 0 1.65744e-07 0 1.72463e-07 0 1.79032e-07 0 1.85768e-07 0 1.92324e-07 0 1.99035e-07 0 2.05536e-07 0 2.11805e-07 0 2.18581e-07 0 2.24724e-07 0 2.30981e-07 0 2.37353e-07 0 2.43841e-07 0 2.50028e-07 0 2.56319e-07 0 2.62283e-07 0
129.424 1.81154e-09 1.79884e-09 1.26951e-11 0.00700792 0.00411307 7.76539e-10 0 2.59532e-09 0 7.60421e-09 0 1.35222e-08 0 1.98977e-08 0 2.64739e-08 0 3.32265e-08 0 4.00551e-08 0 4.69208e-08 0 5.37099e-08 0 6.05813e-08 0 6.73359e-08 0 7.40934e-08 0 8.07692e-08 0 8.74708e-08 0 9.41462e-08 0 1.00743e-07 0 1.07211e-07 0 1.13728e-07 0 1.20034e-07 0 1.26574e-07 0 1.32841e-07 0 1.39051e-07 0 1.45453e-07 0 1.51493e-07 0 1.57699e-07 0 1.63778e-07 0 1.6971e-07 0 1.75783e-07 0 1.81684e-07 0 1.87713e-07 0 1.93545e-07 0 1.99161e-07 0 2.05222e-07 0 2.1071e-07 0 2.16291e-07 0 2.21968e-07 0 2.27741e-07 0 2.3324e-07 0 2.38824e-07 0 2.44112e-07 0
136.067 1.62688e-09 1.6165e-09 1.03793e-11 0.00637991 0.00373371 9.40479e-10 0 2.96347e-09 0 8.23928e-09 0 1.42462e-08 0 2.05724e-08 0 2.6994e-08 0 3.35072e-08 0 4.00285e-08 0 4.6531e-08 0 5.29158e-08 0 5.93384e-08 0 6.56178e-08 0 7.18696e-08 0 7.80189e-08 0 8.41677e-08 0 9.02698e-08 0 9.62802e-08 0 1.02154e-07 0 1.08056e-07 0 1.13752e-07 0 1.19644e-07 0 1.25276e-07 0 1.30845e-07 0 1.36574e-07 0 1.41967e-07 0 1.47498e-07 0 1.52906e-07 0 1.58175e-07 0 1.63559e-07 0 1.68783e-07 0 1.74112e-07 0 1.79259e-07 0 1.84208e-07 0 1.89542e-07 0 1.94365e-07 0 1.99266e-07 0 2.04243e-07 0 2.09298e-07 0 2.14108e-07 0 2.18987e-07 0 2.23603e-07 0
143.051 1.46727e-09 1.45878e-09 8.48914e-12 0.00578566 0.00338692 1.11362e-09 0 3.31791e-09 0 8.77607e-09 0 1.4775e-08 0 2.09581e-08 0 2.71395e-08 0 3.33363e-08 0 3.94825e-08 0 4.5563e-08 0 5.14936e-08 0 5.74248e-08 0 6.31939e-08 0 6.89116e-08 0 7.45124e-08 0 8.00916e-08 0 8.56094e-08 0 9.10269e-08 0 9.63061e-08 0 1.01596e-07 0 1.06688e-07 0 1.11943e-07 0 1.16954e-07 0 1.21899e-07 0 1.26976e-07 0 1.31747e-07 0 1.36629e-07 0 1.41396e-07 0 1.46032e-07 0 1.50762e-07 0 1.55344e-07 0 1.60012e-07 0 1.64514e-07 0 1.68837e-07 0 1.73491e-07 0 1.77693e-07 0 1.81958e-07 0 1.86285e-07 0 1.90674e-07 0 1.94846e-07 0 1.99073e-07 0 2.03069e-07 0
150.394 1.31835e-09 1.3114e-09 6.94389e-12 0.00526711 0.00307239 1.28053e-09 0 3.61734e-09 0 9.12514e-09 0 1.49783e-08 0 2.08887e-08 0 2.67127e-08 0 3.24868e-08 0 3.81628e-08 0 4.37364e-08 0 4.91384e-08 0 5.45112e-08 0 5.97119e-08 0 6.48439e-08 0 6.98515e-08 0 7.48221e-08 0 7.9722e-08 0 8.45182e-08 0 8.91792e-08 0 9.38375e-08 0 9.83108e-08 0 1.02917e-07 0 1.073e-07 0 1.11616e-07 0 1.16039e-07 0 1.20188e-07 0 1.24427e-07 0 1.28559e-07 0 1.32571e-07 0 1.36658e-07 0 1.40612e-07 0 1.44634e-07 0 1.48509e-07 0 1.52225e-07 0 1.5622e-07 0 1.59823e-07 0 1.63476e-07 0 1.67178e-07 0 1.7093e-07 0 1.74492e-07 0 1.78098e-07 0 1.81503e-07 0
158.114 1.1929e-09 1.18722e-09 5.67868e-12 0.0047604 0.00278498 1.44735e-09 0 3.88669e-09 0 9.3727e-09 0 1.50187e-08 0 2.061e-08 0 2.60445e-08 0 3.13761e-08 0 3.6573e-08 0 4.16402e-08 0 4.6522e-08 0 5.13524e-08 0 5.60065e-08 0 6.05805e-08 0 6.50272e-08 0 6.94262e-08 0 7.37493e-08 0 7.79689e-08 0 8.20588e-08 0 8.61366e-08 0 9.00435e-08 0 9.40574e-08 0 9.78699e-08 0 1.01617e-07 0 1.0545e-07 0 1.09039e-07 0 1.127e-07 0 1.16263e-07 0 1.19718e-07 0 1.23233e-07 0 1.26628e-07 0 1.30078e-07 0 1.33397e-07 0 1.36577e-07 0 1.39991e-07 0 1.43067e-07 0 1.46182e-07 0 1.49336e-07 0 1.52529e-07 0 1.55558e-07 0 1.58621e-07 0 1.61511e-07 0
166.23 1.07499e-09 1.07035e-09 4.64347e-12 0.00431953 0.00252442 1.59204e-09 0 4.07427e-09 0 9.41331e-09 0 1.47428e-08 0 1.9924e-08 0 2.48949e-08 0 2.97235e-08 0 3.43924e-08 0 3.89146e-08 0 4.32468e-08 0 4.75123e-08 0 5.16044e-08 0 5.56105e-08 0 5.94917e-08 0 6.33191e-08 0 6.70695e-08 0 7.07204e-08 0 7.42504e-08 0 7.77618e-08 0 8.11189e-08 0 8.45611e-08 0 8.78244e-08 0 9.10261e-08 0 9.42954e-08 0 9.73518e-08 0 1.00465e-07 0 1.0349e-07 0 1.0642e-07 0 1.09397e-07 0 1.12268e-07 0 1.15183e-07 0 1.17983e-07 0 1.20663e-07 0 1.23537e-07 0 1.26125e-07 0 1.28742e-07 0 1.3139e-07 0 1.34068e-07 0 1.36606e-07 0 1.3917e-07 0 1.41587e-07 0
174.763 9.64208e-10 9.60408e-10 3.79983e-12 0.00394088 0.00228881 1.70513e-09 0 4.16849e-09 0 9.24719e-09 0 1.41716e-08 0 1.8876e-08 0 2.3334e-08 0 2.7624e-08 0 3.17408e-08 0 3.57032e-08 0 3.9479e-08 0 4.31794e-08 0 4.67149e-08 0 5.01635e-08 0 5.34937e-08 0 5.67681e-08 0 5.99677e-08 0 6.30746e-08 0 6.60717e-08 0 6.90466e-08 0 7.18851e-08 0 7.479e-08 0 7.7539e-08 0 8.02317e-08 0 8.29769e-08 0 8.55395e-08 0 8.81462e-08 0 9.06756e-08 0 9.31218e-08 0 9.56044e-08 0 9.79966e-08 0 1.00421e-07 0 1.02749e-07 0 1.04974e-07 0 1.07358e-07 0 1.09503e-07 0 1.1167e-07 0 1.1386e-07 0 1.16073e-07 0 1.18169e-07 0 1.20285e-07 0 1.22278e-07 0
183.733 8.72229e-10 8.6912e-10 3.10891e-12 0.00356432 0.00207399 1.8039e-09 0 4.22228e-09 0 9.01165e-09 0 1.35291e-08 0 1.77736e-08 0 2.17494e-08 0 2.55414e-08 0 2.91544e-08 0 3.26114e-08 0 3.5889e-08 0 3.90871e-08 0 4.2131e-08 0 4.50901e-08 0 4.79387e-08 0 5.07317e-08 0 5.3454e-08 0 5.60911e-08 0 5.86294e-08 0 6.11439e-08 0 6.35387e-08 0 6.59851e-08 0 6.82963e-08 0 7.05567e-08 0 7.28577e-08 0 7.50027e-08 0 7.71817e-08 0 7.92933e-08 0 8.13331e-08 0 8.34008e-08 0 8.5391e-08 0 8.74063e-08 0 8.93387e-08 0 9.11842e-08 0 9.31602e-08 0 9.49352e-08 0 9.67279e-08 0 9.85382e-08 0 1.00366e-07 0 1.02095e-07 0 1.0384e-07 0 1.05482e-07 0
193.164 7.86014e-10 7.83471e-10 2.54309e-12 0.00323542 0.00187923 1.86377e-09 0 4.18585e-09 0 8.61228e-09 0 1.26793e-08 0 1.64412e-08 0 1.99263e-08 0 2.32227e-08 0 2.63424e-08 0 2.93106e-08 0 3.21116e-08 0 3.48334e-08 0 3.74147e-08 0 3.99159e-08 0 4.23168e-08 0 4.46648e-08 0 4.69477e-08 0 4.91543e-08 0 5.12739e-08 0 5.33697e-08 0 5.53621e-08 0 5.73942e-08 0 5.9311e-08 0 6.11828e-08 0 6.30857e-08 0 6.48571e-08 0 6.66545e-08 0 6.83942e-08 0 7.00728e-08 0 7.17727e-08 0 7.3407e-08 0 7.50604e-08 0 7.66442e-08 0 7.81555e-08 0 7.97721e-08 0 8.12232e-08 0 8.26875e-08 0 8.4165e-08 0 8.56556e-08 0 8.7065e-08 0 8.84858e-08 0 8.98223e-08 0
203.079 7.0729e-10 7.05209e-10 2.08075e-12 0.00294186 0.00170279 1.88694e-09 0 4.0748e-09 0 8.09718e-09 0 1.17022e-08 0 1.49877e-08 0 1.8e-08 0 2.08268e-08 0 2.34852e-08 0 2.60013e-08 0 2.8365e-08 0 3.06532e-08 0 3.28158e-08 0 3.49051e-08 0 3.69051e-08 0 3.88562e-08 0 4.0749e-08 0 4.25747e-08 0 4.43251e-08 0 4.60528e-08 0 4.76925e-08 0 4.93623e-08 0 5.0935e-08 0 5.24689e-08 0 5.4026e-08 0 5.54739e-08 0 5.69412e-08 0 5.83599e-08 0 5.97274e-08 0 6.11107e-08 0 6.24395e-08 0 6.37825e-08 0 6.50678e-08 0 6.62933e-08 0 6.76031e-08 0 6.87778e-08 0 6.99624e-08 0 7.11568e-08 0 7.2361e-08 0 7.34987e-08 0 7.46449e-08 0 7.57223e-08 0
213.503 6.39192e-10 6.37489e-10 1.70318e-12 0.00266458 0.00154284 1.88463e-09 0 3.92097e-09 0 7.53865e-09 0 1.07056e-08 0 1.35516e-08 0 1.61357e-08 0 1.85427e-08 0 2.07928e-08 0 2.29121e-08 0 2.48947e-08 0 2.6807e-08 0 2.86086e-08 0 3.03442e-08 0 3.20016e-08 0 3.36146e-08 0 3.51761e-08 0 3.66794e-08 0 3.81181e-08 0 3.95357e-08 0 4.08792e-08 0 4.22453e-08 0 4.35302e-08 0 4.47817e-08 0 4.60508e-08 0 4.72294e-08 0 4.84226e-08 0 4.9575e-08 0 5.06848e-08 0 5.18063e-08 0 5.28827e-08 0 5.39696e-08 0 5.5009e-08 0 5.59993e-08 0 5.70569e-08 0 5.80047e-08 0 5.89598e-08 0 5.99222e-08 0 6.08918e-08 0 6.18073e-08 0 6.27291e-08 0 6.3595e-08 0
224.463 5.74902e-10 5.73508e-10 1.39383e-12 0.00242447 0.00139788 1.84178e-09 0 3.69872e-09 0 6.89243e-09 0 9.62666e-09 0 1.20516e-08 0 1.42333e-08 0 1.62514e-08 0 1.81274e-08 0 1.98861e-08 0 2.1525e-08 0 2.31005e-08 0 2.45804e-08 0 2.60023e-08 0 2.73569e-08 0 2.86724e-08 0 2.99434e-08 0 3.11648e-08 0 3.23318e-08 0 3.348e-08 0 3.45665e-08 0 3.56697e-08 0 3.67062e-08 0 3.77145e-08 0 3.87357e-08 0 3.96832e-08 0 4.06414e-08 0 4.1566e-08 0 4.24556e-08 0 4.33538e-08 0 4.42152e-08 0 4.50842e-08 0 4.59147e-08 0 4.67053e-08 0 4.7549e-08 0 4.83047e-08 0 4.90657e-08 0 4.9832e-08 0 5.06036e-08 0 5.13317e-08 0 5.20644e-08 0 5.27523e-08 0
235.984 5.1892e-10 5.1778e-10 1.14043e-12 0.0021977 0.00126622 1.77744e-09 0 3.45181e-09 0 6.24461e-09 0 8.58586e-09 0 1.06367e-08 0 1.2466e-08 0 1.4147e-08 0 1.57016e-08 0 1.71527e-08 0 1.85e-08 0 1.9791e-08 0 2.10004e-08 0 2.21596e-08 0 2.32614e-08 0 2.43293e-08 0 2.53592e-08 0 2.63472e-08 0 2.72897e-08 0 2.82157e-08 0 2.90908e-08 0 2.99783e-08 0 3.08111e-08 0 3.16203e-08 0 3.24391e-08 0 3.3198e-08 0 3.39648e-08 0 3.4704e-08 0 3.54146e-08 0 3.61315e-08 0 3.68185e-08 0 3.75111e-08 0 3.81725e-08 0 3.88017e-08 0 3.94727e-08 0 4.00734e-08 0 4.06779e-08 0 4.12863e-08 0 4.18985e-08 0 4.24759e-08 0 4.30566e-08 0 4.36016e-08 0
248.097 4.66486e-10 4.65552e-10 9.33925e-13 0.00200204 0.00114778 1.68242e-09 0 3.16506e-09 0 5.56755e-09 0 7.5421e-09 0 9.25168e-09 0 1.07643e-08 0 1.21458e-08 0 1.34172e-08 0 1.45992e-08 0 1.56929e-08 0 1.67379e-08 0 1.77142e-08 0 1.86479e-08 0 1.95335e-08 0 2.03903e-08 0 2.12151e-08 0 2.20052e-08 0 2.27578e-08 0 2.34963e-08 0 2.41933e-08 0 2.48993e-08 0 2.55611e-08 0 2.62035e-08 0 2.68529e-08 0 2.74542e-08 0 2.80612e-08 0 2.86459e-08 0 2.92076e-08 0 2.97738e-08 0 3.0316e-08 0 3.08623e-08 0 3.13835e-08 0 3.18792e-08 0 3.24074e-08 0 3.288e-08 0 3.33553e-08 0 3.38334e-08 0 3.43143e-08 0 3.47676e-08 0 3.52233e-08 0 3.56508e-08 0
260.832 4.1478e-10 4.14015e-10 7.64462e-13 0.00184305 0.00103977 1.55242e-09 0 2.83385e-09 0 4.85448e-09 0 6.48449e-09 0 7.88044e-09 0 9.10623e-09 0 1.02195e-08 0 1.12393e-08 0 1.21838e-08 0 1.3055e-08 0 1.38851e-08 0 1.46588e-08 0 1.53971e-08 0 1.60961e-08 0 1.67712e-08 0 1.74201e-08 0 1.80407e-08 0 1.86311e-08 0 1.92097e-08 0 1.97551e-08 0 2.03071e-08 0 2.08239e-08 0 2.13251e-08 0 2.18313e-08 0 2.22997e-08 0 2.27721e-08 0 2.32268e-08 0 2.36632e-08 0 2.41029e-08 0 2.45237e-08 0 2.49473e-08 0 2.53513e-08 0 2.57352e-08 0 2.61442e-08 0 2.65098e-08 0 2.68774e-08 0 2.7247e-08 0 2.76185e-08 0 2.79686e-08 0 2.83203e-08 0 2.86501e-08 0
274.221 3.68247e-10 3.67621e-10 6.25395e-13 0.00169831 0.000941283 1.41077e-09 0 2.50289e-09 0 4.18138e-09 0 5.51189e-09 0 6.63975e-09 0 7.62316e-09 0 8.51153e-09 0 9.32188e-09 0 1.00698e-08 0 1.07576e-08 0 1.14113e-08 0 1.20192e-08 0 1.25982e-08 0 1.31454e-08 0 1.3673e-08 0 1.41794e-08 0 1.4663e-08 0 1.51226e-08 0 1.55724e-08 0 1.59961e-08 0 1.64243e-08 0 1.68249e-08 0 1.72131e-08 0 1.76048e-08 0 1.79669e-08 0 1.83319e-08 0 1.8683e-08 0 1.90198e-08 0 1.93588e-08 0 1.96831e-08 0 2.00093e-08 0 2.03203e-08 0 2.06157e-08 0 2.09301e-08 0 2.12111e-08 0 2.14935e-08 0 2.17773e-08 0 2.20624e-08 0 2.2331e-08 0 2.26007e-08 0 2.28535e-08 0
288.297 3.28599e-10 3.28088e-10 5.1141e-13 0.00155633 0.000851531 1.27192e-09 0 2.1965e-09 0 3.58366e-09 0 4.66531e-09 0 5.5735e-09 0 6.36018e-09 0 7.06731e-09 0 7.70981e-09 0 8.30084e-09 0 8.84293e-09 0 9.35691e-09 0 9.83391e-09 0 1.02874e-08 0 1.07152e-08 0 1.11271e-08 0 1.15219e-08 0 1.18986e-08 0 1.2256e-08 0 1.26055e-08 0 1.29344e-08 0 1.32665e-08 0 1.35769e-08 0 1.38774e-08 0 1.41805e-08 0 1.44604e-08 0 1.47424e-08 0 1.50134e-08 0 1.52732e-08 0 1.55347e-08 0 1.57845e-08 0 1.60358e-08 0 1.62752e-08 0 1.65025e-08 0 1.67443e-08 0 1.69604e-08 0 1.71773e-08 0 1.73953e-08 0 1.76142e-08 0 1.78203e-08 0 1.80272e-08 0 1.82211e-08 0
303.095 2.92691e-10 2.92272e-10 4.18457e-13 0.00142969 0.000770389 1.13064e-09 0 1.90336e-09 0 3.03676e-09 0 3.90705e-09 0 4.6313e-09 0 5.25482e-09 0 5.81271e-09 0 6.31774e-09 0 6.78093e-09 0 7.20468e-09 0 7.60557e-09 0 7.97691e-09 0 8.32932e-09 0 8.66132e-09 0 8.98052e-09 0 9.28609e-09 0 9.57725e-09 0 9.8533e-09 0 1.01229e-08 0 1.03764e-08 0 1.06322e-08 0 1.0871e-08 0 1.11021e-08 0 1.1335e-08 0 1.15499e-08 0 1.17663e-08 0 1.19742e-08 0 1.21733e-08 0 1.23736e-08 0 1.2565e-08 0 1.27573e-08 0 1.29404e-08 0 1.31142e-08 0 1.3299e-08 0 1.3464e-08 0 1.36297e-08 0 1.37961e-08 0 1.39631e-08 0 1.41203e-08 0 1.42781e-08 0 1.44259e-08 0
318.653 2.6336e-10 2.63017e-10 3.42313e-13 0.00129979 0.000696794 1.00354e-09 0 1.64917e-09 0 2.57634e-09 0 3.27811e-09 0 3.85729e-09 0 4.35309e-09 0 4.79482e-09 0 5.19333e-09 0 5.5578e-09 0 5.89046e-09 0 6.20453e-09 0 6.49494e-09 0 6.77011e-09 0 7.02898e-09 0 7.27756e-09 0 7.51525e-09 0 7.74148e-09 0 7.95576e-09 0 8.16488e-09 0 8.3613e-09 0 8.55935e-09 0 8.74416e-09 0 8.92285e-09 0 9.10277e-09 0 9.26876e-09 0 9.43576e-09 0 9.5961e-09 0 9.74963e-09 0 9.90397e-09 0 1.00513e-08 0 1.01994e-08 0 1.03403e-08 0 1.04739e-08 0 1.0616e-08 0 1.07429e-08 0 1.08702e-08 0 1.0998e-08 0 1.11262e-08 0 1.12468e-08 0 1.13679e-08 0 1.14812e-08 0
335.009 2.35453e-10 2.35173e-10 2.79946e-13 0.00118897 0.000630164 8.75323e-10 0 1.40613e-09 0 2.15345e-09 0 2.71156e-09 0 3.16864e-09 0 3.55786e-09 0 3.90326e-09 0 4.21388e-09 0 4.49724e-09 0 4.75531e-09 0 4.99851e-09 0 5.22301e-09 0 5.43542e-09 0 5.635e-09 0 5.82641e-09 0 6.00924e-09 0 6.18309e-09 0 6.34762e-09 0 6.50804e-09 0 6.6586e-09 0 6.8103e-09 0 6.95177e-09 0 7.08847e-09 0 7.22602e-09 0 7.35286e-09 0 7.48039e-09 0 7.60278e-09 0 7.71991e-09 0 7.83761e-09 0 7.94992e-09 0 8.06273e-09 0 8.17005e-09 0 8.2718e-09 0 8.37995e-09 0 8.47644e-09 0 8.57326e-09 0 8.6704e-09 0 8.76787e-09 0 8.85954e-09 0 8.95148e-09 0 9.03755e-09 0
352.205 2.09926e-10 2.09697e-10 2.2899e-13 0.00109081 0.000569922 7.53514e-10 0 1.18476e-09 0 1.7808e-09 0 2.22041e-09 0 2.57788e-09 0 2.88079e-09 0 3.14861e-09 0 3.38877e-09 0 3.60733e-09 0 3.80598e-09 0 3.99286e-09 0 4.16511e-09 0 4.32788e-09 0 4.48063e-09 0 4.62697e-09 0 4.76661e-09 0 4.89927e-09 0 5.02471e-09 0 5.14693e-09 0 5.26156e-09 0 5.37698e-09 0 5.48455e-09 0 5.58842e-09 0 5.6929e-09 0 5.78918e-09 0 5.88594e-09 0 5.97875e-09 0 6.06755e-09 0 6.15672e-09 0 6.2418e-09 0 6.3272e-09 0 6.40843e-09 0 6.48541e-09 0 6.56721e-09 0 6.64016e-09 0 6.71334e-09 0 6.78674e-09 0 6.86037e-09 0 6.92959e-09 0 6.999e-09 0 7.06396e-09 0
370.284 1.8965e-10 1.89462e-10 1.87373e-13 0.000987996 0.00051545 6.50852e-10 0 1.00285e-09 0 1.48107e-09 0 1.82971e-09 0 2.11134e-09 0 2.3489e-09 0 2.55824e-09 0 2.74545e-09 0 2.91545e-09 0 3.06968e-09 0 3.21454e-09 0 3.34788e-09 0 3.47372e-09 0 3.59169e-09 0 3.70459e-09 0 3.81223e-09 0 3.91441e-09 0 4.01095e-09 0 4.10494e-09 0 4.19304e-09 0 4.2817e-09 0 4.36427e-09 0 4.44397e-09 0 4.52408e-09 0 4.59788e-09 0 4.67202e-09 0 4.7431e-09 0 4.81107e-09 0 4.87931e-09 0 4.94438e-09 0 5.00969e-09 0 5.07178e-09 0 5.13061e-09 0 5.19309e-09 0 5.24881e-09 0 5.30468e-09 0 5.3607e-09 0 5.41688e-09 0 5.46969e-09 0 5.52263e-09 0 5.57216e-09 0
389.291 1.70381e-10 1.70228e-10 1.53277e-13 0.000899612 0.000466137 5.53901e-10 0 8.37361e-10 0 1.21635e-09 0 1.48969e-09 0 1.70914e-09 0 1.89349e-09 0 2.05543e-09 0 2.19989e-09 0 2.33081e-09 0 2.44938e-09 0 2.56059e-09 0 2.66282e-09 0 2.75919e-09 0 2.84944e-09 0 2.93574e-09 0 3.01795e-09 0 3.09592e-09 0 3.16955e-09 0 3.24119e-09 0 3.30829e-09 0 3.37578e-09 0 3.4386e-09 0 3.49921e-09 0 3.56011e-09 0 3.61618e-09 0 3.67249e-09 0 3.72645e-09 0 3.77803e-09 0 3.8298e-09 0 3.87915e-09 0 3.92867e-09 0 3.97572e-09 0 4.02029e-09 0 4.06762e-09 0 4.10981e-09 0 4.15211e-09 0 4.19451e-09 0 4.23702e-09 0 4.27697e-09 0 4.31701e-09 0 4.35447e-09 0
409.273 1.53642e-10 1.53517e-10 1.25355e-13 0.00081589 0.00042149 4.69043e-10 0 6.96474e-10 0 9.96064e-10 0 1.21e-09 0 1.38079e-09 0 1.52371e-09 0 1.64889e-09 0 1.76032e-09 0 1.8611e-09 0 1.95224e-09 0 2.03761e-09 0 2.11599e-09 0 2.1898e-09 0 2.25886e-09 0 2.32485e-09 0 2.38766e-09 0 2.44719e-09 0 2.50336e-09 0 2.55799e-09 0 2.60913e-09 0 2.66054e-09 0 2.70837e-09 0 2.7545e-09 0 2.80082e-09 0 2.84346e-09 0 2.88626e-09 0 2.92726e-09 0 2.96644e-09 0 3.00575e-09 0 3.04322e-09 0 3.08079e-09 0 3.11649e-09 0 3.15029e-09 0 3.18618e-09 0 3.21817e-09 0 3.25022e-09 0 3.28235e-09 0 3.31456e-09 0 3.34481e-09 0 3.37513e-09 0 3.40349e-09 0
430.281 1.39149e-10 1.39046e-10 1.02574e-13 0.00073715 0.000381163 3.95646e-10 0 5.77659e-10 0 8.14143e-10 0 9.81466e-10 0 1.11435e-09 0 1.22515e-09 0 1.32195e-09 0 1.40793e-09 0 1.48557e-09 0 1.55567e-09 0 1.62126e-09 0 1.68141e-09 0 1.73801e-09 0 1.79091e-09 0 1.84143e-09 0 1.88947e-09 0 1.93498e-09 0 1.9779e-09 0 2.01961e-09 0 2.05865e-09 0 2.09786e-09 0 2.13434e-09 0 2.1695e-09 0 2.20479e-09 0 2.23727e-09 0 2.26985e-09 0 2.30106e-09 0 2.33088e-09 0 2.36078e-09 0 2.38927e-09 0 2.41783e-09 0 2.44497e-09 0 2.47065e-09 0 2.49792e-09 0 2.52221e-09 0 2.54655e-09 0 2.57095e-09 0 2.59539e-09 0 2.61835e-09 0 2.64136e-09 0 2.66287e-09 0
452.368 1.25679e-10 1.25595e-10 8.39276e-14 0.000667795 0.000344689 3.30259e-10 0 4.74602e-10 0 6.59768e-10 0 7.89672e-10 0 8.92343e-10 0 9.77677e-10 0 1.05204e-09 0 1.11797e-09 0 1.17741e-09 0 1.23102e-09 0 1.2811e-09 0 1.327e-09 0 1.37014e-09 0 1.41044e-09 0 1.44889e-09 0 1.48544e-09 0 1.52004e-09 0 1.55265e-09 0 1.58433e-09 0 1.61397e-09 0 1.64373e-09 0 1.67139e-09 0 1.69805e-09 0 1.7248e-09 0 1.74941e-09 0 1.77409e-09 0 1.79773e-09 0 1.8203e-09 0 1.84293e-09 0 1.86448e-09 0 1.88609e-09 0 1.90661e-09 0 1.92603e-09 0 1.94664e-09 0 1.965e-09 0 1.98339e-09 0 2.00182e-09 0 2.02029e-09 0 2.03763e-09 0 2.055e-09 0 2.07124e-09 0
475.588 1.14415e-10 1.14346e-10 6.86622e-14 0.000600116 0.000311725 2.75857e-10 0 3.90559e-10 0 5.35977e-10 0 6.37198e-10 0 7.16847e-10 0 7.82849e-10 0 8.40242e-10 0 8.91033e-10 0 9.36758e-10 0 9.77944e-10 0 1.01639e-09 0 1.05159e-09 0 1.08465e-09 0 1.1155e-09 0 1.14493e-09 0 1.17288e-09 0 1.19933e-09 0 1.22424e-09 0 1.24844e-09 0 1.27105e-09 0 1.29376e-09 0 1.31487e-09 0 1.33519e-09 0 1.35559e-09 0 1.37434e-09 0 1.39314e-09 0 1.41114e-09 0 1.42832e-09 0 1.44555e-09 0 1.46195e-09 0 1.4784e-09 0 1.49401e-09 0 1.50878e-09 0 1.52445e-09 0 1.53841e-09 0 1.55239e-09 0 1.56639e-09 0 1.58042e-09 0 1.5936e-09 0 1.60679e-09 0 1.61912e-09 0
500 1.03711e-10 1.03655e-10 5.61648e-14 0.000541552 0.000281896 2.27858e-10 0 3.18116e-10 0 4.31308e-10 0 5.09531e-10 0 5.70834e-10 0 6.21495e-10 0 6.65457e-10 0 7.043e-10 0 7.39223e-10 0 7.70645e-10 0 7.99948e-10 0 8.26753e-10 0 8.51912e-10 0 8.75381e-10 0 8.97745e-10 0 9.18979e-10 0 9.39061e-10 0 9.57972e-10 0 9.76327e-10 0 9.93481e-10 0 1.0107e-09 0 1.02669e-09 0 1.04209e-09 0 1.05753e-09 0 1.07173e-09 0 1.08597e-09 0 1.09959e-09 0 1.11259e-09 0 1.12562e-09 0 1.13803e-09 0 1.15046e-09 0 1.16226e-09 0 1.17342e-09 0 1.18527e-09 0 1.19581e-09 0 1.20637e-09 0 1.21695e-09 0 1.22755e-09 0 1.2375e-09 0 1.24746e-09 0 1.25677e-09 0
525.665 9.47348e-11 9.46888e-11 4.59762e-14 0.000485315 0.00025501 1.88452e-10 0 2.59664e-10 0 3.48082e-10 0 4.08781e-10 0 4.56173e-10 0 4.9524e-10 0 5.29078e-10 0 5.58932e-10 0 5.85741e-10 0 6.09837e-10 0 6.3229e-10 0 6.52814e-10 0 6.72064e-10 0 6.9001e-10 0 7.07103e-10 0 7.23324e-10 0 7.38658e-10 0 7.53091e-10 0 7.67096e-10 0 7.80179e-10 0 7.93305e-10 0 8.05495e-10 0 8.1723e-10 0 8.28997e-10 0 8.3981e-10 0 8.50649e-10 0 8.61018e-10 0 8.70914e-10 0 8.8083e-10 0 8.90269e-10 0 8.99725e-10 0 9.08699e-10 0 9.17189e-10 0 9.26193e-10 0 9.34208e-10 0 9.42236e-10 0 9.50275e-10 0 9.58325e-10 0 9.65882e-10 0 9.73449e-10 0 9.8052e-10 0
552.648 8.63461e-11 8.63085e-11 3.76254e-14 0.000435752 0.000230669 1.54584e-10 0 2.10386e-10 0 2.79036e-10 0 3.25877e-10 0 3.62326e-10 0 3.92302e-10 0 4.18223e-10 0 4.4106e-10 0 4.61546e-10 0 4.79942e-10 0 4.9707e-10 0 5.12715e-10 0 5.27381e-10 0 5.41046e-10 0 5.54055e-10 0 5.66395e-10 0 5.78055e-10 0 5.89027e-10 0 5.99669e-10 0 6.09608e-10 0 6.19576e-10 0 6.28831e-10 0 6.37738e-10 0 6.46667e-10 0 6.5487e-10 0 6.63091e-10 0 6.70954e-10 0 6.78458e-10 0 6.85974e-10 0 6.93128e-10 0 7.00294e-10 0 7.07093e-10 0 7.13524e-10 0 7.20344e-10 0 7.26415e-10 0 7.32493e-10 0 7.38579e-10 0 7.44674e-10 0 7.50394e-10 0 7.56121e-10 0 7.61472e-10 0
581.015 7.90752e-11 7.90445e-11 3.07837e-14 0.000389296 0.000208632 1.26687e-10 0 1.70435e-10 0 2.23801e-10 0 2.60011e-10 0 2.881e-10 0 3.11152e-10 0 3.31054e-10 0 3.48568e-10 0 3.64262e-10 0 3.78344e-10 0 3.91445e-10 0 4.03405e-10 0 4.1461e-10 0 4.25045e-10 0 4.34975e-10 0 4.4439e-10 0 4.53284e-10 0 4.61649e-10 0 4.69761e-10 0 4.77334e-10 0 4.84928e-10 0 4.91976e-10 0 4.98759e-10 0 5.05556e-10 0 5.11799e-10 0 5.18055e-10 0 5.24037e-10 0 5.29745e-10 0 5.35462e-10 0 5.40901e-10 0 5.46349e-10 0 5.51518e-10 0 5.56406e-10 0 5.61589e-10 0 5.66202e-10 0 5.7082e-10 0 5.75444e-10 0 5.80073e-10 0 5.84418e-10 0 5.88767e-10 0 5.9283e-10 0
610.839 7.23507e-11 7.23255e-11 2.51926e-14 0.000348202 0.00018873 1.03181e-10 0 1.37312e-10 0 1.78625e-10 0 2.06514e-10 0 2.28086e-10 0 2.45756e-10 0 2.6099e-10 0 2.74381e-10 0 2.86369e-10 0 2.97117e-10 0 3.07111e-10 0 3.16229e-10 0 3.24767e-10 0 3.32715e-10 0 3.40275e-10 0 3.4744e-10 0 3.54207e-10 0 3.60569e-10 0 3.66737e-10 0 3.72494e-10 0 3.78264e-10 0 3.8362e-10 0 3.88772e-10 0 3.93934e-10 0 3.98675e-10 0 4.03424e-10 0 4.07965e-10 0 4.12297e-10 0 4.16635e-10 0 4.20762e-10 0 4.24895e-10 0 4.28815e-10 0 4.32523e-10 0 4.36453e-10 0 4.3995e-10 0 4.43452e-10 0 4.46957e-10 0 4.50465e-10 0 4.53758e-10 0 4.57054e-10 0 4.60133e-10 0
642.193 6.63943e-11 6.63737e-11 2.06245e-14 0.000310636 0.000170765 8.38659e-11 0 1.10477e-10 0 1.42459e-10 0 1.63948e-10 0 1.80527e-10 0 1.94083e-10 0 2.05755e-10 0 2.16004e-10 0 2.25172e-10 0 2.33386e-10 0 2.41019e-10 0 2.47979e-10 0 2.54494e-10 0 2.60556e-10 0 2.6632e-10 0 2.71782e-10 0 2.76937e-10 0 2.81784e-10 0 2.86481e-10 0 2.90864e-10 0 2.95256e-10 0 2.99332e-10 0 3.03252e-10 0 3.07179e-10 0 3.10785e-10 0 3.14397e-10 0 3.1785e-10 0 3.21143e-10 0 3.2444e-10 0 3.27577e-10 0 3.30718e-10 0 3.33697e-10 0 3.36514e-10 0 3.39499e-10 0 3.42156e-10 0 3.44815e-10 0 3.47477e-10 0 3.50142e-10 0 3.52642e-10 0 3.55144e-10 0 3.57481e-10 0
675.157 6.10361e-11 6.10192e-11 1.68802e-14 0.000276561 0.000154497 6.79688e-11 0 8.86844e-11 0 1.1342e-10 0 1.29968e-10 0 1.42705e-10 0 1.53103e-10 0 1.62046e-10 0 1.6989e-10 0 1.76903e-10 0 1.83181e-10 0 1.89013e-10 0 1.94327e-10 0 1.993e-10 0 2.03925e-10 0 2.08321e-10 0 2.12486e-10 0 2.16416e-10 0 2.20109e-10 0 2.23688e-10 0 2.27027e-10 0 2.30372e-10 0 2.33475e-10 0 2.3646e-10 0 2.39449e-10 0 2.42193e-10 0 2.44942e-10 0 2.47569e-10 0 2.50074e-10 0 2.52582e-10 0 2.54968e-10 0 2.57356e-10 0 2.59622e-10 0 2.61763e-10 0 2.64033e-10 0 2.66052e-10 0 2.68074e-10 0 2.70097e-10 0 2.72121e-10 0 2.74021e-10 0 2.75923e-10 0 2.77698e-10 0
709.813 5.62151e-11 5.62013e-11 1.38122e-14 0.000245703 0.000139768 5.49465e-11 0 7.10539e-11 0 9.01726e-11 0 1.02913e-10 0 1.12698e-10 0 1.20675e-10 0 1.27527e-10 0 1.33534e-10 0 1.38899e-10 0 1.437e-10 0 1.48157e-10 0 1.52217e-10 0 1.56015e-10 0 1.59546e-10 0 1.62901e-10 0 1.66078e-10 0 1.69076e-10 0 1.71893e-10 0 1.74621e-10 0 1.77166e-10 0 1.79716e-10 0 1.82081e-10 0 1.84355e-10 0 1.86632e-10 0 1.88722e-10 0 1.90816e-10 0 1.92816e-10 0 1.94723e-10 0 1.96633e-10 0 1.98449e-10 0 2.00267e-10 0 2.01991e-10 0 2.03621e-10 0 2.05348e-10 0 2.06884e-10 0 2.08422e-10 0 2.09961e-10 0 2.11501e-10 0 2.12946e-10 0 2.14392e-10 0 2.15743e-10 0
746.248 5.18205e-11 5.18092e-11 1.13079e-14 0.000218213 0.000126463 4.42758e-11 0 5.67762e-11 0 7.1533e-11 0 8.1332e-11 0 8.88427e-11 0 9.49573e-11 0 1.00205e-10 0 1.04801e-10 0 1.08904e-10 0 1.12574e-10 0 1.15979e-10 0 1.1908e-10 0 1.21979e-10 0 1.24674e-10 0 1.27234e-10 0 1.29657e-10 0 1.31944e-10 0 1.34091e-10 0 1.36171e-10 0 1.38111e-10 0 1.40054e-10 0 1.41856e-10 0 1.43588e-10 0 1.45323e-10 0 1.46915e-10 0 1.48509e-10 0 1.50032e-10 0 1.51484e-10 0 1.52938e-10 0 1.5432e-10 0 1.55704e-10 0 1.57016e-10 0 1.58256e-10 0 1.5957e-10 0 1.60739e-10 0 1.61909e-10 0 1.6308e-10 0 1.64252e-10 0 1.65351e-10 0 1.66451e-10 0 1.67478e-10 0
784.553 4.78259e-11 4.78166e-11 9.25678e-15 0.000193552 0.000114421 3.5582e-11 0 4.527e-11 0 5.665e-11 0 6.4182e-11 0 6.99448e-11 0 7.46307e-11 0 7.86487e-11 0 8.21654e-11 0 8.53029e-11 0 8.81078e-11 0 9.07092e-11 0 9.30775e-11 0 9.52909e-11 0 9.7348e-11 0 9.93015e-11 0 1.01151e-10 0 1.02894e-10 0 1.04532e-10 0 1.06118e-10 0 1.07597e-10 0 1.09078e-10 0 1.10452e-10 0 1.11772e-10 0 1.13093e-10 0 1.14306e-10 0 1.1552e-10 0 1.16681e-10 0 1.17787e-10 0 1.18894e-10 0 1.19946e-10 0 1.21e-10 0 1.21999e-10 0 1.22943e-10 0 1.23943e-10 0 1.24833e-10 0 1.25723e-10 0 1.26614e-10 0 1.27506e-10 0 1.28342e-10 0 1.29179e-10 0 1.29961e-10 0
824.824 4.41734e-11 4.41658e-11 7.57634e-15 0.000171514 0.00010353 2.85142e-11 0 3.60109e-11 0 4.4777e-11 0 5.05617e-11 0 5.49805e-11 0 5.85695e-11 0 6.16445e-11 0 6.43341e-11 0 6.67325e-11 0 6.88756e-11 0 7.08626e-11 0 7.26709e-11 0 7.43605e-11 0 7.59303e-11 0 7.74208e-11 0 7.88313e-11 0 8.01613e-11 0 8.14103e-11 0 8.26194e-11 0 8.37468e-11 0 8.48757e-11 0 8.59223e-11 0 8.69282e-11 0 8.79352e-11 0 8.88592e-11 0 8.97841e-11 0 9.06679e-11 0 9.15102e-11 0 9.23533e-11 0 9.31549e-11 0 9.39571e-11 0 9.47176e-11 0 9.54363e-11 0 9.61979e-11 0 9.68753e-11 0 9.7553e-11 0 9.82312e-11 0 9.89098e-11 0 9.95463e-11 0 1.00183e-10 0 1.00778e-10 0
867.163 4.07592e-11 4.0753e-11 6.2005e-15 0.000152125 9.36784e-05 2.27503e-11 0 2.85333e-11 0 3.52675e-11 0 3.96994e-11 0 4.30797e-11 0 4.58226e-11 0 4.81708e-11 0 5.02236e-11 0 5.20533e-11 0 5.36876e-11 0 5.52023e-11 0 5.65804e-11 0 5.78677e-11 0 5.90634e-11 0 6.01985e-11 0 6.12725e-11 0 6.2285e-11 0 6.32357e-11 0 6.41559e-11 0 6.50138e-11 0 6.58727e-11 0 6.66689e-11 0 6.74341e-11 0 6.82e-11 0 6.89028e-11 0 6.96062e-11 0 7.02781e-11 0 7.09186e-11 0 7.15596e-11 0 7.2169e-11 0 7.27787e-11 0 7.33568e-11 0 7.39031e-11 0 7.44819e-11 0 7.49967e-11 0 7.55117e-11 0 7.60271e-11 0 7.65427e-11 0 7.70263e-11 0 7.75102e-11 0 7.7962e-11 0
911.674 3.75673e-11 3.75622e-11 5.07761e-15 0.00013516 8.47842e-05 1.80739e-11 0 2.25213e-11 0 2.76808e-11 0 3.10681e-11 0 3.36481e-11 0 3.57397e-11 0 3.75291e-11 0 3.90926e-11 0 4.04856e-11 0 4.17293e-11 0 4.28817e-11 0 4.39299e-11 0 4.49088e-11 0 4.58179e-11 0 4.66807e-11 0 4.7497e-11 0 4.82663e-11 0 4.89886e-11 0 4.96877e-11 0 5.03393e-11 0 5.09917e-11 0 5.15963e-11 0 5.21773e-11 0 5.27589e-11 0 5.32924e-11 0 5.38264e-11 0 5.43365e-11 0 5.48226e-11 0 5.53091e-11 0 5.57715e-11 0 5.62343e-11 0 5.66729e-11 0 5.70874e-11 0 5.75266e-11 0 5.79171e-11 0 5.83079e-11 0 5.86988e-11 0 5.90899e-11 0 5.94568e-11 0 5.98238e-11 0 6.01665e-11 0
958.471 3.46694e-11 3.46653e-11 4.15739e-15 0.000119915 7.6741e-05 1.43342e-11 0 1.77528e-11 0 2.17052e-11 0 2.42942e-11 0 2.62637e-11 0 2.78591e-11 0 2.92232e-11 0 3.04145e-11 0 3.14754e-11 0 3.24224e-11 0 3.32995e-11 0 3.40972e-11 0 3.4842e-11 0 3.55335e-11 0 3.61897e-11 0 3.68104e-11 0 3.73954e-11 0 3.79445e-11 0 3.84759e-11 0 3.89712e-11 0 3.9467e-11 0 3.99264e-11 0 4.03679e-11 0 4.08098e-11 0 4.12151e-11 0 4.16207e-11 0 4.20082e-11 0 4.23774e-11 0 4.27469e-11 0 4.30981e-11 0 4.34495e-11 0 4.37826e-11 0 4.40974e-11 0 4.44308e-11 0 4.47273e-11 0 4.5024e-11 0 4.53208e-11 0 4.56177e-11 0 4.58962e-11 0 4.61748e-11 0 4.64349e-11 0
1007.67 3.19489e-11 3.19455e-11 3.40297e-15 0.000106513 6.9454e-05 1.13201e-11 0 1.394e-11 0 1.69594e-11 0 1.89332e-11 0 2.04331e-11 0 2.16471e-11 0 2.26846e-11 0 2.35902e-11 0 2.43964e-11 0 2.51159e-11 0 2.57821e-11 0 2.63878e-11 0 2.69533e-11 0 2.74782e-11 0 2.79763e-11 0 2.84473e-11 0 2.88912e-11 0 2.93078e-11 0 2.97109e-11 0 3.00866e-11 0 3.04626e-11 0 3.0811e-11 0 3.11458e-11 0 3.14809e-11 0 3.17882e-11 0 3.20957e-11 0 3.23895e-11 0 3.26694e-11 0 3.29494e-11 0 3.32156e-11 0 3.3482e-11 0 3.37344e-11 0 3.3973e-11 0 3.42257e-11 0 3.44504e-11 0 3.46752e-11 0 3.49001e-11 0 3.5125e-11 0 3.5336e-11 0 3.55471e-11 0 3.57441e-11 0
1059.39 2.95533e-11 2.95505e-11 2.78585e-15 9.42653e-05 6.28529e-05 8.95019e-12 0 1.09625e-11 0 1.32752e-11 0 1.47842e-11 0 1.59297e-11 0 1.68563e-11 0 1.76477e-11 0 1.83382e-11 0 1.89528e-11 0 1.95011e-11 0 2.00087e-11 0 2.04701e-11 0 2.09008e-11 0 2.13006e-11 0 2.16798e-11 0 2.20384e-11 0 2.23763e-11 0 2.26933e-11 0 2.30001e-11 0 2.3286e-11 0 2.35722e-11 0 2.38373e-11 0 2.4092e-11 0 2.43469e-11 0 2.45807e-11 0 2.48146e-11 0 2.5038e-11 0 2.52509e-11 0 2.54639e-11 0 2.56664e-11 0 2.58689e-11 0 2.60609e-11 0 2.62423e-11 0 2.64344e-11 0 2.66052e-11 0 2.67761e-11 0 2.69471e-11 0 2.71182e-11 0 2.72786e-11 0 2.7439e-11 0 2.75888e-11 0
1113.77 2.72765e-11 2.72742e-11 2.28116e-15 8.3631e-05 5.68835e-05 7.04328e-12 0 8.58348e-12 0 1.0349e-11 0 1.1499e-11 0 1.23713e-11 0 1.30763e-11 0 1.36783e-11 0 1.42033e-11 0 1.46705e-11 0 1.50872e-11 0 1.54728e-11 0 1.58233e-11 0 1.61504e-11 0 1.6454e-11 0 1.67419e-11 0 1.70142e-11 0 1.72707e-11 0 1.75114e-11 0 1.77442e-11 0 1.79612e-11 0 1.81784e-11 0 1.83795e-11 0 1.85728e-11 0 1.87662e-11 0 1.89436e-11 0 1.9121e-11 0 1.92905e-11 0 1.9452e-11 0 1.96136e-11 0 1.97671e-11 0 1.99208e-11 0 2.00664e-11 0 2.02039e-11 0 2.03496e-11 0 2.04792e-11 0 2.06088e-11 0 2.07384e-11 0 2.08681e-11 0 2.09897e-11 0 2.11114e-11 0 2.1225e-11 0
1170.94 2.51102e-11 2.51083e-11 1.86736e-15 7.43665e-05 5.14768e-05 5.51559e-12 0 6.68997e-12 0 8.03298e-12 0 8.90648e-12 0 9.56841e-12 0 1.01032e-11 0 1.05596e-11 0 1.09575e-11 0 1.13115e-11 0 1.16271e-11 0 1.19192e-11 0 1.21847e-11 0 1.24323e-11 0 1.26622e-11 0 1.28801e-11 0 1.30862e-11 0 1.32803e-11 0 1.34625e-11 0 1.36387e-11 0 1.38029e-11 0 1.39672e-11 0 1.41194e-11 0 1.42656e-11 0 1.44119e-11 0 1.4546e-11 0 1.46803e-11 0 1.48085e-11 0 1.49306e-11 0 1.50528e-11 0 1.51689e-11 0 1.52851e-11 0 1.53952e-11 0 1.54992e-11 0 1.56094e-11 0 1.57073e-11 0 1.58053e-11 0 1.59033e-11 0 1.60014e-11 0 1.60933e-11 0 1.61853e-11 0 1.62712e-11 0
1231.05 2.31095e-11 2.3108e-11 1.52848e-15 6.61409e-05 4.65915e-05 4.3087e-12 0 5.20292e-12 0 6.22336e-12 0 6.88614e-12 0 7.388e-12 0 7.79326e-12 0 8.13897e-12 0 8.44034e-12 0 8.70833e-12 0 8.94726e-12 0 9.16834e-12 0 9.36919e-12 0 9.55659e-12 0 9.73046e-12 0 9.89535e-12 0 1.00512e-11 0 1.0198e-11 0 1.03358e-11 0 1.0469e-11 0 1.05932e-11 0 1.07174e-11 0 1.08325e-11 0 1.0943e-11 0 1.10536e-11 0 1.1155e-11 0 1.12565e-11 0 1.13534e-11 0 1.14457e-11 0 1.15381e-11 0 1.16258e-11 0 1.17136e-11 0 1.17968e-11 0 1.18754e-11 0 1.19587e-11 0 1.20327e-11 0 1.21068e-11 0 1.21808e-11 0 1.22549e-11 0 1.23244e-11 0 1.23939e-11 0 1.24587e-11 0
1294.24 2.13742e-11 2.13729e-11 1.25172e-15 5.85621e-05 4.21726e-05 3.37577e-12 0 4.05936e-12 0 4.83794e-12 0 5.343e-12 0 5.72516e-12 0 6.03362e-12 0 6.29667e-12 0 6.52592e-12 0 6.72973e-12 0 6.91141e-12 0 7.07949e-12 0 7.23217e-12 0 7.3746e-12 0 7.50675e-12 0 7.63205e-12 0 7.75049e-12 0 7.86204e-12 0 7.9667e-12 0 8.06793e-12 0 8.16223e-12 0 8.25659e-12 0 8.344e-12 0 8.42795e-12 0 8.51194e-12 0 8.58897e-12 0 8.66603e-12 0 8.73961e-12 0 8.80971e-12 0 8.87984e-12 0 8.94648e-12 0 9.01315e-12 0 9.07632e-12 0 9.136e-12 0 9.19921e-12 0 9.25541e-12 0 9.31162e-12 0 9.36785e-12 0 9.42409e-12 0 9.47683e-12 0 9.52958e-12 0 9.57883e-12 0
1360.67 1.9742e-11 1.9741e-11 1.02491e-15 5.19149e-05 3.81695e-05 2.63616e-12 0 3.15755e-12 0 3.75035e-12 0 4.13445e-12 0 4.42491e-12 0 4.65925e-12 0 4.85903e-12 0 5.0331e-12 0 5.18783e-12 0 5.32573e-12 0 5.45329e-12 0 5.56915e-12 0 5.67722e-12 0 5.77747e-12 0 5.87253e-12 0 5.96237e-12 0 6.04699e-12 0 6.12636e-12 0 6.20313e-12 0 6.27465e-12 0 6.3462e-12 0 6.41249e-12 0 6.47614e-12 0 6.53983e-12 0 6.59823e-12 0 6.65665e-12 0 6.71244e-12 0 6.76558e-12 0 6.81874e-12 0 6.86926e-12 0 6.9198e-12 0 6.96768e-12 0 7.01292e-12 0 7.06083e-12 0 7.10343e-12 0 7.14604e-12 0 7.18865e-12 0 7.23128e-12 0 7.27125e-12 0 7.31123e-12 0 7.34855e-12 0
1430.51 1.81897e-11 1.81888e-11 8.38985e-16 4.61243e-05 3.45444e-05 2.04983e-12 0 2.4462e-12 0 2.89614e-12 0 3.18737e-12 0 3.40748e-12 0 3.58499e-12 0 3.73629e-12 0 3.86808e-12 0 3.9852e-12 0 4.08958e-12 0 4.18611e-12 0 4.27378e-12 0 4.35555e-12 0 4.4314e-12 0 4.50331e-12 0 4.57127e-12 0 4.63527e-12 0 4.69531e-12 0 4.75337e-12 0 4.80746e-12 0 4.86157e-12 0 4.91169e-12 0 4.95983e-12 0 5.00799e-12 0 5.05214e-12 0 5.09632e-12 0 5.13849e-12 0 5.17868e-12 0 5.21887e-12 0 5.25706e-12 0 5.29526e-12 0 5.33146e-12 0 5.36566e-12 0 5.40188e-12 0 5.43408e-12 0 5.46628e-12 0 5.4985e-12 0 5.53072e-12 0 5.56093e-12 0 5.59114e-12 0 5.61935e-12 0
1503.94 1.67257e-11 1.6725e-11 6.86737e-16 4.10587e-05 3.12632e-05 1.58803e-12 0 1.88853e-12 0 2.22914e-12 0 2.4494e-12 0 2.61579e-12 0 2.74993e-12 0 2.86423e-12 0 2.96378e-12 0 3.05223e-12 0 3.13105e-12 0 3.20393e-12 0 3.27012e-12 0 3.33184e-12 0 3.3891e-12 0 3.44337e-12 0 3.49466e-12 0 3.54296e-12 0 3.58827e-12 0 3.63209e-12 0 3.6729e-12 0 3.71372e-12 0 3.75154e-12 0 3.78786e-12 0 3.82419e-12 0 3.85751e-12 0 3.89083e-12 0 3.92265e-12 0 3.95296e-12 0 3.98328e-12 0 4.01208e-12 0 4.0409e-12 0 4.06821e-12 0 4.094e-12 0 4.12132e-12 0 4.1456e-12 0 4.16989e-12 0 4.19419e-12 0 4.21849e-12 0 4.24127e-12 0 4.26406e-12 0 4.28533e-12 0
1581.14 1.55088e-11 1.55083e-11 5.62398e-16 3.62631e-05 2.82957e-05 1.23862e-12 0 1.4682e-12 0 1.72807e-12 0 1.89599e-12 0 2.02277e-12 0 2.12495e-12 0 2.21199e-12 0 2.28779e-12 0 2.35513e-12 0 2.41512e-12 0 2.4706e-12 0 2.52097e-12 0 2.56795e-12 0 2.61151e-12 0 2.65281e-12 0 2.69184e-12 0 2.72859e-12 0 2.76305e-12 0 2.79639e-12 0 2.82743e-12 0 2.85849e-12 0 2.88726e-12 0 2.91488e-12 0 2.94251e-12 0 2.96785e-12 0 2.9932e-12 0 3.0174e-12 0 3.04045e-12 0 3.0635e-12 0 3.08541e-12 0 3.10733e-12 0 3.12809e-12 0 3.14771e-12 0 3.16848e-12 0 3.18695e-12 0 3.20542e-12 0 3.22389e-12 0 3.24237e-12 0 3.25969e-12 0 3.27702e-12 0 3.29319e-12 0
1662.3 1.43528e-11 1.43523e-11 4.60445e-16 3.20805e-05 2.5608e-05 9.62797e-13 0 1.13774e-12 0 1.33554e-12 0 1.46325e-12 0 1.55963e-12 0 1.63729e-12 0 1.70343e-12 0 1.76101e-12 0 1.81217e-12 0 1.85773e-12 0 1.89987e-12 0 1.93812e-12 0 1.97379e-12 0 2.00687e-12 0 2.03823e-12 0 2.06786e-12 0 2.09575e-12 0 2.12192e-12 0 2.14722e-12 0 2.17079e-12 0 2.19437e-12 0 2.2162e-12 0 2.23717e-12 0 2.25814e-12 0 2.27737e-12 0 2.29661e-12 0 2.31497e-12 0 2.33247e-12 0 2.34997e-12 0 2.36659e-12 0 2.38322e-12 0 2.39898e-12 0 2.41387e-12 0 2.42963e-12 0 2.44364e-12 0 2.45766e-12 0 2.47168e-12 0 2.4857e-12 0 2.49884e-12 0 2.51199e-12 0 2.52426e-12 0
1747.63 1.32529e-11 1.32525e-11 3.76873e-16 2.8437e-05 2.3174e-05 7.4565e-13 0 8.78588e-13 0 1.02873e-12 0 1.1256e-12 0 1.19868e-12 0 1.25755e-12 0 1.30768e-12 0 1.35132e-12 0 1.39008e-12 0 1.4246e-12 0 1.45652e-12 0 1.4855e-12 0 1.51252e-12 0 1.53757e-12 0 1.56132e-12 0 1.58376e-12 0 1.60489e-12 0 1.6247e-12 0 1.64386e-12 0 1.66171e-12 0 1.67956e-12 0 1.69609e-12 0 1.71197e-12 0 1.72785e-12 0 1.74241e-12 0 1.75697e-12 0 1.77088e-12 0 1.78412e-12 0 1.79737e-12 0 1.80996e-12 0 1.82254e-12 0 1.83447e-12 0 1.84574e-12 0 1.85767e-12 0 1.86828e-12 0 1.87889e-12 0 1.8895e-12 0 1.90011e-12 0 1.91006e-12 0 1.92002e-12 0 1.92931e-12 0
1837.33 1.22078e-11 1.22075e-11 3.0855e-16 2.52748e-05 2.09732e-05 5.75323e-13 0 6.76046e-13 0 7.89696e-13 0 8.62972e-13 0 9.18236e-13 0 9.62742e-13 0 1.00063e-12 0 1.03361e-12 0 1.06291e-12 0 1.08899e-12 0 1.11311e-12 0 1.135e-12 0 1.15541e-12 0 1.17434e-12 0 1.19228e-12 0 1.20923e-12 0 1.22519e-12 0 1.24016e-12 0 1.25463e-12 0 1.26811e-12 0 1.28159e-12 0 1.29408e-12 0 1.30607e-12 0 1.31806e-12 0 1.32905e-12 0 1.34005e-12 0 1.35055e-12 0 1.36055e-12 0 1.37056e-12 0 1.38006e-12 0 1.38957e-12 0 1.39857e-12 0 1.40708e-12 0 1.41609e-12 0 1.4241e-12 0 1.43211e-12 0 1.44012e-12 0 1.44814e-12 0 1.45565e-12 0 1.46316e-12 0 1.47018e-12 0
1931.64 1.12146e-11 1.12144e-11 2.52669e-16 2.25303e-05 1.8983e-05 4.42146e-13 0 5.1822e-13 0 6.0398e-13 0 6.59243e-13 0 7.00907e-13 0 7.34455e-13 0 7.63012e-13 0 7.87865e-13 0 8.09936e-13 0 8.29591e-13 0 8.4776e-13 0 8.64253e-13 0 8.79629e-13 0 8.93887e-13 0 9.07399e-13 0 9.20166e-13 0 9.32186e-13 0 9.43458e-13 0 9.54357e-13 0 9.64508e-13 0 9.74661e-13 0 9.84064e-13 0 9.93093e-13 0 1.00212e-12 0 1.0104e-12 0 1.01868e-12 0 1.02659e-12 0 1.03412e-12 0 1.04165e-12 0 1.04881e-12 0 1.05597e-12 0 1.06275e-12 0 1.06915e-12 0 1.07594e-12 0 1.08197e-12 0 1.088e-12 0 1.09403e-12 0 1.10006e-12 0 1.10572e-12 0 1.11138e-12 0 1.11666e-12 0
2030.79 1.03107e-11 1.03105e-11 2.06846e-16 2.00612e-05 1.71796e-05 3.39678e-13 0 3.97158e-13 0 4.61904e-13 0 5.03605e-13 0 5.35035e-13 0 5.60337e-13 0 5.81873e-13 0 6.00613e-13 0 6.17254e-13 0 6.32071e-13 0 6.45769e-13 0 6.58201e-13 0 6.69792e-13 0 6.80538e-13 0 6.90723e-13 0 7.00346e-13 0 7.09405e-13 0 7.179e-13 0 7.26114e-13 0 7.33763e-13 0 7.41415e-13 0 7.48501e-13 0 7.55304e-13 0 7.62109e-13 0 7.68348e-13 0 7.74589e-13 0 7.80546e-13 0 7.8622e-13 0 7.91896e-13 0 7.97288e-13 0 8.02681e-13 0 8.07791e-13 0 8.12617e-13 0 8.17728e-13 0 8.22271e-13 0 8.26815e-13 0 8.3136e-13 0 8.35905e-13 0 8.40166e-13 0 8.44427e-13 0 8.48405e-13 0
2135.03 9.54243e-12 9.54226e-12 1.69277e-16 1.77394e-05 1.55446e-05 2.62392e-13 0 3.06094e-13 0 3.55284e-13 0 3.8695e-13 0 4.10812e-13 0 4.30018e-13 0 4.46362e-13 0 4.60584e-13 0 4.73211e-13 0 4.84455e-13 0 4.94847e-13 0 5.0428e-13 0 5.13073e-13 0 5.21225e-13 0 5.28952e-13 0 5.36251e-13 0 5.43123e-13 0 5.49567e-13 0 5.55797e-13 0 5.61599e-13 0 5.67403e-13 0 5.72777e-13 0 5.77937e-13 0 5.83099e-13 0 5.8783e-13 0 5.92563e-13 0 5.97081e-13 0 6.01385e-13 0 6.05689e-13 0 6.09778e-13 0 6.13868e-13 0 6.17743e-13 0 6.21403e-13 0 6.25279e-13 0 6.28724e-13 0 6.3217e-13 0 6.35616e-13 0 6.39062e-13 0 6.42294e-13 0 6.45525e-13 0 6.48541e-13 0
2244.63 8.81272e-12 8.81258e-12 1.38614e-16 1.57289e-05 1.40678e-05 2.02052e-13 0 2.35196e-13 0 2.72479e-13 0 2.96469e-13 0 3.14543e-13 0 3.29087e-13 0 3.41464e-13 0 3.52232e-13 0 3.61792e-13 0 3.70304e-13 0 3.78171e-13 0 3.85311e-13 0 3.91967e-13 0 3.98138e-13 0 4.03986e-13 0 4.09511e-13 0 4.14712e-13 0 4.19589e-13 0 4.24304e-13 0 4.28695e-13 0 4.33087e-13 0 4.37154e-13 0 4.4106e-13 0 4.44965e-13 0 4.48546e-13 0 4.52127e-13 0 4.55546e-13 0 4.58803e-13 0 4.6206e-13 0 4.65154e-13 0 4.68249e-13 0 4.71181e-13 0 4.7395e-13 0 4.76883e-13 0 4.7949e-13 0 4.82097e-13 0 4.84705e-13 0 4.87313e-13 0 4.89757e-13 0 4.92203e-13 0 4.94485e-13 0
2359.84 8.11858e-12 8.11847e-12 1.13491e-16 1.39792e-05 1.27309e-05 1.55048e-13 0 1.80116e-13 0 2.08296e-13 0 2.26422e-13 0 2.40075e-13 0 2.51061e-13 0 2.60408e-13 0 2.68539e-13 0 2.75758e-13 0 2.82185e-13 0 2.88125e-13 0 2.93516e-13 0 2.98541e-13 0 3.032e-13 0 3.07615e-13 0 3.11785e-13 0 3.15712e-13 0 3.19393e-13 0 3.22953e-13 0 3.26267e-13 0 3.29582e-13 0 3.32652e-13 0 3.356e-13 0 3.38548e-13 0 3.41251e-13 0 3.43954e-13 0 3.46534e-13 0 3.48992e-13 0 3.51451e-13 0 3.53786e-13 0 3.56122e-13 0 3.58335e-13 0 3.60425e-13 0 3.62638e-13 0 3.64606e-13 0 3.66573e-13 0 3.68541e-13 0 3.70509e-13 0 3.72354e-13 0 3.742e-13 0 3.75922e-13 0
2480.97 7.46169e-12 7.4616e-12 9.28961e-17 1.24497e-05 1.15203e-05 1.18591e-13 0 1.37501e-13 0 1.58747e-13 0 1.72408e-13 0 1.82695e-13 0 1.90972e-13 0 1.98014e-13 0 2.04139e-13 0 2.09577e-13 0 2.14418e-13 0 2.18892e-13 0 2.22952e-13 0 2.26736e-13 0 2.30245e-13 0 2.3357e-13 0 2.3671e-13 0 2.39667e-13 0 2.42439e-13 0 2.4512e-13 0 2.47616e-13 0 2.50112e-13 0 2.52424e-13 0 2.54643e-13 0 2.56863e-13 0 2.58898e-13 0 2.60933e-13 0 2.62876e-13 0 2.64727e-13 0 2.66578e-13 0 2.68336e-13 0 2.70095e-13 0 2.71761e-13 0 2.73335e-13 0 2.75001e-13 0 2.76482e-13 0 2.77964e-13 0 2.79445e-13 0 2.80927e-13 0 2.82316e-13 0 2.83705e-13 0 2.85002e-13 0
2608.32 6.90254e-12 6.90246e-12 7.60388e-17 1.10161e-05 1.04256e-05 9.12166e-14 0 1.0557e-13 0 1.21688e-13 0 1.32049e-13 0 1.39851e-13 0 1.46126e-13 0 1.51465e-13 0 1.56108e-13 0 1.60231e-13 0 1.639e-13 0 1.67291e-13 0 1.70369e-13 0 1.73237e-13 0 1.75897e-13 0 1.78416e-13 0 1.80797e-13 0 1.83037e-13 0 1.85139e-13 0 1.8717e-13 0 1.89061e-13 0 1.90953e-13 0 1.92705e-13 0 1.94387e-13 0 1.96069e-13 0 1.97611e-13 0 1.99154e-13 0 2.00626e-13 0 2.02028e-13 0 2.03431e-13 0 2.04763e-13 0 2.06096e-13 0 2.07358e-13 0 2.08551e-13 0 2.09814e-13 0 2.10936e-13 0 2.12059e-13 0 2.13181e-13 0 2.14304e-13 0 2.15356e-13 0 2.16409e-13 0 2.17392e-13 0
2742.21 6.37409e-12 6.37402e-12 6.22731e-17 9.76973e-06 9.43652e-06 6.99797e-14 0 8.08526e-14 0 9.30578e-14 0 1.00901e-13 0 1.06805e-13 0 1.11555e-13 0 1.15595e-13 0 1.19108e-13 0 1.22227e-13 0 1.25004e-13 0 1.2757e-13 0 1.29898e-13 0 1.32068e-13 0 1.3408e-13 0 1.35986e-13 0 1.37787e-13 0 1.39482e-13 0 1.41071e-13 0 1.42608e-13 0 1.44039e-13 0 1.4547e-13 0 1.46795e-13 0 1.48067e-13 0 1.4934e-13 0 1.50506e-13 0 1.51673e-13 0 1.52787e-13 0 1.53847e-13 0 1.54908e-13 0 1.55916e-13 0 1.56924e-13 0 1.57879e-13 0 1.58781e-13 0 1.59736e-13 0 1.60585e-13 0 1.61434e-13 0 1.62283e-13 0 1.63132e-13 0 1.63928e-13 0 1.64724e-13 0 1.65467e-13 0
2882.97 5.87139e-12 5.87134e-12 5.09864e-17 8.68387e-06 8.54074e-06 5.35113e-14 0 6.17257e-14 0 7.09429e-14 0 7.68645e-14 0 8.13217e-14 0 8.49065e-14 0 8.79557e-14 0 9.06076e-14 0 9.29614e-14 0 9.50567e-14 0 9.69929e-14 0 9.87499e-14 0 1.00387e-13 0 1.01906e-13 0 1.03344e-13 0 1.04703e-13 0 1.05982e-13 0 1.07181e-13 0 1.0834e-13 0 1.0942e-13 0 1.105e-13 0 1.115e-13 0 1.12459e-13 0 1.13419e-13 0 1.143e-13 0 1.1518e-13 0 1.1602e-13 0 1.1682e-13 0 1.17621e-13 0 1.18381e-13 0 1.19141e-13 0 1.19862e-13 0 1.20542e-13 0 1.21263e-13 0 1.21903e-13 0 1.22544e-13 0 1.23184e-13 0 1.23825e-13 0 1.24425e-13 0 1.25026e-13 0 1.25587e-13 0
3030.95 5.40608e-12 5.40603e-12 4.17335e-17 7.71974e-06 7.72927e-06 4.08711e-14 0 4.70732e-14 0 5.403e-14 0 5.84983e-14 0 6.18611e-14 0 6.45656e-14 0 6.68658e-14 0 6.88662e-14 0 7.06417e-14 0 7.22221e-14 0 7.36825e-14 0 7.50077e-14 0 7.62428e-14 0 7.73877e-14 0 7.84726e-14 0 7.94974e-14 0 8.0462e-14 0 8.13664e-14 0 8.22408e-14 0 8.30549e-14 0 8.38692e-14 0 8.46232e-14 0 8.53471e-14 0 8.6071e-14 0 8.67347e-14 0 8.73985e-14 0 8.80321e-14 0 8.86355e-14 0 8.9239e-14 0 8.98124e-14 0 9.03858e-14 0 9.09291e-14 0 9.14422e-14 0 9.19855e-14 0 9.24685e-14 0 9.29515e-14 0 9.34345e-14 0 9.39175e-14 0 9.43704e-14 0 9.48232e-14 0 9.52459e-14 0
3186.53 5.01243e-12 5.0124e-12 3.41661e-17 6.81628e-06 6.99448e-06 3.14131e-14 0 3.61278e-14 0 4.14145e-14 0 4.48093e-14 0 4.7364e-14 0 4.94184e-14 0 5.11656e-14 0 5.2685e-14 0 5.40335e-14 0 5.52338e-14 0 5.6343e-14 0 5.73494e-14 0 5.82874e-14 0 5.91569e-14 0 5.99807e-14 0 6.07589e-14 0 6.14915e-14 0 6.21783e-14 0 6.28422e-14 0 6.34605e-14 0 6.40788e-14 0 6.46514e-14 0 6.52011e-14 0 6.57508e-14 0 6.62548e-14 0 6.67588e-14 0 6.72399e-14 0 6.76981e-14 0 6.81564e-14 0 6.85917e-14 0 6.90271e-14 0 6.94396e-14 0 6.98292e-14 0 7.02418e-14 0 7.06085e-14 0 7.09752e-14 0 7.1342e-14 0 7.17087e-14 0 7.20526e-14 0 7.23964e-14 0 7.27174e-14 0
3350.09 4.63822e-12 4.63819e-12 2.79761e-17 6.03164e-06 6.32994e-06 2.40798e-14 0 2.76562e-14 0 3.16652e-14 0 3.42392e-14 0 3.61759e-14 0 3.77332e-14 0 3.90575e-14 0 4.02092e-14 0 4.12314e-14 0 4.21411e-14 0 4.29817e-14 0 4.37445e-14 0 4.44554e-14 0 4.51144e-14 0 4.57387e-14 0 4.63285e-14 0 4.68836e-14 0 4.74041e-14 0 4.79073e-14 0 4.83758e-14 0 4.88444e-14 0 4.92783e-14 0 4.96948e-14 0 5.01114e-14 0 5.04933e-14 0 5.08752e-14 0 5.12398e-14 0 5.15871e-14 0 5.19343e-14 0 5.22642e-14 0 5.25942e-14 0 5.29067e-14 0 5.3202e-14 0 5.35146e-14 0 5.37924e-14 0 5.40703e-14 0 5.43482e-14 0 5.46261e-14 0 5.48867e-14 0 5.51472e-14 0 5.53904e-14 0
3522.05 4.2822e-12 4.28217e-12 2.29017e-17 5.34813e-06 5.72817e-06 1.84052e-14 0 2.11115e-14 0 2.41444e-14 0 2.60913e-14 0 2.75561e-14 0 2.87338e-14 0 2.97354e-14 0 3.06063e-14 0 3.13792e-14 0 3.20671e-14 0 3.27027e-14 0 3.32795e-14 0 3.3817e-14 0 3.43153e-14 0 3.47874e-14 0 3.52333e-14 0 3.5653e-14 0 3.60465e-14 0 3.6427e-14 0 3.67812e-14 0 3.71355e-14 0 3.74635e-14 0 3.77785e-14 0 3.80934e-14 0 3.83821e-14 0 3.86709e-14 0 3.89465e-14 0 3.9209e-14 0 3.94716e-14 0 3.9721e-14 0 3.99704e-14 0 4.02067e-14 0 4.04299e-14 0 4.06663e-14 0 4.08763e-14 0 4.10864e-14 0 4.12965e-14 0 4.15066e-14 0 4.17036e-14 0 4.19006e-14 0 4.20844e-14 0
3702.84 3.94346e-12 3.94344e-12 1.87427e-17 4.75285e-06 5.18324e-06 1.40238e-14 0 1.60663e-14 0 1.83547e-14 0 1.98234e-14 0 2.09283e-14 0 2.18167e-14 0 2.25721e-14 0 2.3229e-14 0 2.3812e-14 0 2.43308e-14 0 2.48102e-14 0 2.52451e-14 0 2.56505e-14 0 2.60263e-14 0 2.63823e-14 0 2.67186e-14 0 2.70351e-14 0 2.73319e-14 0 2.76188e-14 0 2.78859e-14 0 2.81531e-14 0 2.84004e-14 0 2.86379e-14 0 2.88754e-14 0 2.90932e-14 0 2.93109e-14 0 2.95188e-14 0 2.97167e-14 0 2.99147e-14 0 3.01028e-14 0 3.02909e-14 0 3.0469e-14 0 3.06373e-14 0 3.08156e-14 0 3.0974e-14 0 3.11324e-14 0 3.12908e-14 0 3.14492e-14 0 3.15977e-14 0 3.17463e-14 0 3.18849e-14 0
3892.91 3.62175e-12 3.62174e-12 1.53483e-17 4.23782e-06 4.69101e-06 1.06508e-14 0 1.21879e-14 0 1.39098e-14 0 1.50147e-14 0 1.58459e-14 0 1.65142e-14 0 1.70824e-14 0 1.75765e-14 0 1.80149e-14 0 1.84052e-14 0 1.87657e-14 0 1.90929e-14 0 1.93978e-14 0 1.96804e-14 0 1.99481e-14 0 2.0201e-14 0 2.04391e-14 0 2.06623e-14 0 2.0878e-14 0 2.10789e-14 0 2.12798e-14 0 2.14659e-14 0 2.16445e-14 0 2.18231e-14 0 2.19868e-14 0 2.21506e-14 0 2.23069e-14 0 2.24558e-14 0 2.26046e-14 0 2.27461e-14 0 2.28875e-14 0 2.30215e-14 0 2.31481e-14 0 2.32821e-14 0 2.34012e-14 0 2.35203e-14 0 2.36395e-14 0 2.37586e-14 0 2.38703e-14 0 2.3982e-14 0 2.40862e-14 0
4092.73 3.33592e-12 3.33591e-12 1.25666e-17 3.76706e-06 4.2453e-06 8.10816e-15 0 9.26824e-15 0 1.05674e-14 0 1.14011e-14 0 1.20281e-14 0 1.25322e-14 0 1.29608e-14 0 1.33335e-14 0 1.36642e-14 0 1.39586e-14 0 1.42305e-14 0 1.44773e-14 0 1.47072e-14 0 1.49204e-14 0 1.51223e-14 0 1.53131e-14 0 1.54926e-14 0 1.5661e-14 0 1.58237e-14 0 1.59752e-14 0 1.61267e-14 0 1.6267e-14 0 1.64017e-14 0 1.65365e-14 0 1.66599e-14 0 1.67834e-14 0 1.69013e-14 0 1.70136e-14 0 1.71259e-14 0 1.72325e-14 0 1.73392e-14 0 1.74403e-14 0 1.75357e-14 0 1.76368e-14 0 1.77266e-14 0 1.78165e-14 0 1.79063e-14 0 1.79962e-14 0 1.80804e-14 0 1.81646e-14 0 1.82432e-14 0
4302.81 3.08707e-12 3.08706e-12 1.02859e-17 3.33194e-06 3.84141e-06 6.19845e-15 0 7.07798e-15 0 8.06281e-15 0 8.69465e-15 0 9.16988e-15 0 9.55191e-15 0 9.87673e-15 0 1.01592e-14 0 1.04098e-14 0 1.06328e-14 0 1.08389e-14 0 1.10259e-14 0 1.12002e-14 0 1.13617e-14 0 1.15147e-14 0 1.16592e-14 0 1.17953e-14 0 1.19228e-14 0 1.20461e-14 0 1.21609e-14 0 1.22758e-14 0 1.23821e-14 0 1.24841e-14 0 1.25862e-14 0 1.26798e-14 0 1.27733e-14 0 1.28627e-14 0 1.29477e-14 0 1.30328e-14 0 1.31136e-14 0 1.31945e-14 0 1.3271e-14 0 1.33433e-14 0 1.34199e-14 0 1.3488e-14 0 1.35561e-14 0 1.36241e-14 0 1.36922e-14 0 1.3756e-14 0 1.38199e-14 0 1.38794e-14 0
4523.68 2.85041e-12 2.85041e-12 8.41886e-18 2.95356e-06 3.4759e-06 4.72572e-15 0 5.391e-15 0 6.1358e-15 0 6.6136e-15 0 6.97295e-15 0 7.26182e-15 0 7.50742e-15 0 7.72096e-15 0 7.91045e-15 0 8.07909e-15 0 8.2349e-15 0 8.37627e-15 0 8.50801e-15 0 8.63012e-15 0 8.74582e-15 0 8.85509e-15 0 8.95794e-15 0 9.05437e-15 0 9.14759e-15 0 9.23439e-15 0 9.32119e-15 0 9.40156e-15 0 9.47872e-15 0 9.55589e-15 0 9.62662e-15 0 9.69736e-15 0 9.76488e-15 0 9.8292e-15 0 9.89351e-15 0 9.95461e-15 0 1.00157e-14 0 1.00736e-14 0 1.01283e-14 0 1.01862e-14 0 1.02376e-14 0 1.02891e-14 0 1.03405e-14 0 1.0392e-14 0 1.04402e-14 0 1.04885e-14 0 1.05335e-14 0
4755.88 2.62558e-12 2.62558e-12 6.89418e-18 2.62577e-06 3.14586e-06 3.59266e-15 0 4.09464e-15 0 4.65654e-15 0 5.01697e-15 0 5.28803e-15 0 5.50591e-15 0 5.69116e-15 0 5.85223e-15 0 5.99515e-15 0 6.12234e-15 0 6.23986e-15 0 6.34648e-15 0 6.44584e-15 0 6.53794e-15 0 6.62519e-15 0 6.70761e-15 0 6.78518e-15 0 6.8579e-15 0 6.92821e-15 0 6.99366e-15 0 7.05913e-15 0 7.11974e-15 0 7.17793e-15 0 7.23613e-15 0 7.28947e-15 0 7.34282e-15 0 7.39374e-15 0 7.44224e-15 0 7.49075e-15 0 7.53683e-15 0 7.5829e-15 0 7.62656e-15 0 7.66779e-15 0 7.71145e-15 0 7.75025e-15 0 7.78906e-15 0 7.82787e-15 0 7.86668e-15 0 7.90306e-15 0 7.93944e-15 0 7.9734e-15 0
5000 2.41336e-12 2.41335e-12 5.64408e-18 2.33868e-06 2.84668e-06 2.72433e-15 0 3.10226e-15 0 3.52524e-15 0 3.79654e-15 0 4.00056e-15 0 4.16456e-15 0 4.30398e-15 0 4.42521e-15 0 4.53277e-15 0 4.6285e-15 0 4.71694e-15 0 4.79718e-15 0 4.87196e-15 0 4.94127e-15 0 5.00693e-15 0 5.06895e-15 0 5.12733e-15 0 5.18206e-15 0 5.23497e-15 0 5.28423e-15 0 5.33349e-15 0 5.37911e-15 0 5.4229e-15 0 5.46669e-15 0 5.50684e-15 0 5.54699e-15 0 5.58531e-15 0 5.62181e-15 0 5.65831e-15 0 5.69298e-15 0 5.72766e-15 0 5.76051e-15 0 5.79154e-15 0 5.82439e-15 0 5.85359e-15 0 5.8828e-15 0 5.912e-15 0 5.9412e-15 0 5.96858e-15 0 5.99596e-15 0 6.02152e-15 0
