# 0.00016604 0 86 : grain size, compostion index, size index
# Heating and cooling timescale: 2.38836e-05 1.25997e+07
# Ratio of heating to cooling to determine stochastic cutoff: 100
# Equilibrium emission is recorded even for those grains in the stochastic regime.
# Emission spectrum was computed for: 
# Type: ISRF
# Scales: 0.0001 0.001 0.01 0.05 0.1 0.15 0.2 0.25 0.5 1 1.5 2 2.5 3 3.5 4 4.5 5 5.5 6 6.5 7 7.5 8 8.5 9 9.5 10 10.5 11 11.5 12 12.5 13 13.5 14 14.5 15 15.5 16 16.5 17 17.5 18 18.5 19 19.5 20 20.5 21 21.5 22 22.5 23 23.5 24 24.5 25 25.5 26 26.5 27 27.5 28 28.5 29 29.5 30
# StochasticallyHeated: 0 0 0 0 0 0 0 0 0 0 0 0 0 0 0 0 0 0 0 0 0 0 0 0 0 0 0 0 0 0 0 0 0 0 0 0 0 0 0 0 0 0 0 0 0 0 0 0 0 0 0 0 0 0 0 0 0 0 0 0 0 0 0 0 0 0 0 0
# Temperature: -1
# Wavelength  CExt  CAbs  CSca  Albedo G EqEm1 StEm1 EqEm2 StEm2 EqEm3 StEm3 EqEm4 StEm4 EqEm5 StEm5 EqEm6 StEm6 EqEm7 StEm7 EqEm8 StEm8 EqEm9 StEm9 EqEm10 StEm10 EqEm11 StEm11 EqEm12 StEm12 EqEm13 StEm13 EqEm14 StEm14 EqEm15 StEm15 EqEm16 StEm16 EqEm17 StEm17 EqEm18 StEm18 EqEm19 StEm19 EqEm20 StEm20 EqEm21 StEm21 EqEm22 StEm22 EqEm23 StEm23 EqEm24 StEm24 EqEm25 StEm25 EqEm26 StEm26 EqEm27 StEm27 EqEm28 StEm28 EqEm29 StEm29 EqEm30 StEm30 EqEm31 StEm31 EqEm32 StEm32 EqEm33 StEm33 EqEm34 StEm34 EqEm35 StEm35 EqEm36 StEm36 EqEm37 StEm37 EqEm38 StEm38 EqEm39 StEm39 EqEm40 StEm40 EqEm41 StEm41 EqEm42 StEm42 EqEm43 StEm43 EqEm44 StEm44 EqEm45 StEm45 EqEm46 StEm46 EqEm47 StEm47 EqEm48 StEm48 EqEm49 StEm49 EqEm50 StEm50 EqEm51 StEm51 EqEm52 StEm52 EqEm53 StEm53 EqEm54 StEm54 EqEm55 StEm55 EqEm56 StEm56 EqEm57 StEm57 EqEm58 StEm58 EqEm59 StEm59 EqEm60 StEm60 EqEm61 StEm61 EqEm62 StEm62 EqEm63 StEm63 EqEm64 StEm64 EqEm65 StEm65 EqEm66 StEm66 EqEm67 StEm67 EqEm68 StEm68
0.05 3.27795e-07 7.27536e-08 2.55041e-07 0.778051 0.646508 0 0 0 0 0 0 0 0 0 0 0 0 0 0 0 0 0 0 0 0 0 0 0 0 0 0 0 0 0 0 0 0 0 0 0 0 0 0 0 0 0 0 0 0 0 0 0 0 0 0 0 0 0 0 0 0 0 0 0 0 0 0 0 0 0 0 0 0 0 0 0 0 0 0 0 0 0 0 0 0 0 0 0 0 0 0 0 0 0 0 0 0 0 0 0 0 0 0 0 0 0 0 0 0 0 0 0 0 0 0 0 0 0 0 0 0 0 0 0 0 0 0 0 0 0 0 0 0 0 0 0 0 0 0 0 0
0.0525665 3.82513e-07 7.27536e-08 3.0976e-07 0.809801 0.565125 0 0 0 0 0 0 0 0 0 0 0 0 0 0 0 0 0 0 0 0 0 0 0 0 0 0 0 0 0 0 0 0 0 0 0 0 0 0 0 0 0 0 0 0 0 0 0 0 0 0 0 0 0 0 0 0 0 0 0 0 0 0 0 0 0 0 0 0 0 0 0 0 0 0 0 0 0 0 0 0 0 0 0 0 0 0 0 0 0 0 0 0 0 0 0 0 0 0 0 0 0 0 0 0 0 0 0 0 0 0 0 0 0 0 0 0 0 0 0 0 0 0 0 0 0 0 0 0 0 0 0 0 0 0 0 0
0.0552647 3.9884e-07 7.27536e-08 3.26087e-07 0.817587 0.645416 0 0 0 0 0 0 0 0 0 0 0 0 0 0 0 0 0 0 0 0 0 0 0 0 0 0 0 0 0 0 0 0 0 0 0 0 0 0 0 0 0 0 0 0 0 0 0 0 0 0 0 0 0 0 0 0 0 0 0 0 0 0 0 0 0 0 0 0 0 0 0 0 0 0 0 0 0 0 0 0 0 0 0 0 0 0 0 0 0 0 0 0 0 0 0 0 0 0 0 0 0 0 0 0 0 0 0 0 0 0 0 0 0 0 0 0 0 0 0 0 0 0 0 0 0 0 0 0 0 0 0 0 0 0 0 0
0.0581015 4.4039e-07 7.27536e-08 3.67637e-07 0.834797 0.540652 0 0 0 0 0 0 0 0 0 0 0 0 0 0 0 0 0 0 0 0 0 0 0 0 0 0 0 0 0 0 0 0 0 0 0 0 0 0 0 0 0 0 0 0 0 0 0 0 0 0 0 0 0 0 0 0 0 0 0 0 0 0 0 0 0 0 0 0 0 0 0 0 0 0 0 0 0 0 0 0 0 0 0 0 0 0 0 0 0 0 0 0 0 0 0 0 0 0 0 0 0 0 0 0 0 0 0 0 0 0 0 0 0 0 0 0 0 0 0 0 0 0 0 0 0 0 0 0 0 0 0 0 0 0 0 0
0.0610839 4.62237e-07 7.27536e-08 3.89484e-07 0.842606 0.484899 0 0 0 0 0 0 0 0 0 0 0 0 0 0 0 0 0 0 0 0 0 0 0 0 0 0 0 0 0 0 0 0 0 0 0 0 0 0 0 0 0 0 0 0 0 0 0 0 0 0 0 0 0 0 0 0 0 0 0 0 0 0 0 0 0 0 0 0 0 0 0 0 0 0 0 0 0 0 0 0 0 0 0 0 0 0 0 0 0 0 0 0 0 0 0 0 0 0 0 0 0 0 0 0 0 0 0 0 0 0 0 0 0 0 0 0 0 0 0 0 0 0 0 0 0 0 0 0 0 0 0 0 0 0 0 0
0.0642193 4.58257e-07 7.27536e-08 3.85504e-07 0.841238 0.518243 0 0 0 0 0 0 0 0 0 0 0 0 0 0 0 0 0 0 0 0 0 0 0 0 0 0 0 0 0 0 0 0 0 0 0 0 0 0 0 0 0 0 0 0 0 0 0 0 0 0 0 0 0 0 0 0 0 0 0 0 0 0 0 0 0 0 0 0 0 0 0 0 0 0 0 0 0 0 0 0 0 0 0 0 0 0 0 0 0 0 0 0 0 0 0 0 0 0 0 0 0 0 0 0 0 0 0 0 0 0 0 0 0 0 0 0 0 0 0 0 0 0 0 0 0 0 0 0 0 0 0 0 0 0 0 0
0.0675157 4.99241e-07 7.27536e-08 4.26487e-07 0.854271 0.51712 0 0 0 0 0 0 0 0 0 0 0 0 0 0 0 0 0 0 0 0 0 0 0 0 0 0 0 0 0 0 0 0 0 0 0 0 0 0 0 0 0 0 0 0 0 0 0 0 0 0 0 0 0 0 0 0 0 0 0 0 0 0 0 0 0 0 0 0 0 0 0 0 0 0 0 0 0 0 0 0 0 0 0 0 0 0 0 0 0 0 0 0 0 0 0 0 0 0 0 0 0 0 0 0 0 0 0 0 0 0 0 0 0 0 0 0 0 0 0 0 0 0 0 0 0 0 0 0 0 0 0 0 0 0 0 0
0.0709813 5.6679e-07 7.27536e-08 4.94036e-07 0.871639 0.460566 0 0 0 0 0 0 0 0 0 0 0 0 0 0 0 0 0 0 0 0 0 0 0 0 0 0 0 0 0 0 0 0 0 0 0 0 0 0 0 0 0 0 0 0 0 0 0 0 0 0 0 0 0 0 0 0 0 0 0 0 0 0 0 0 0 0 0 0 0 0 0 0 0 0 0 0 0 0 0 0 0 0 0 0 0 0 0 0 0 0 0 0 0 0 0 0 0 0 0 0 0 0 0 0 0 0 0 0 0 0 0 0 0 0 0 0 0 0 0 0 0 0 0 0 0 0 0 0 0 0 0 0 0 0 0 0
0.0746248 5.30245e-07 7.27536e-08 4.57492e-07 0.862793 0.47036 0 0 0 0 0 0 0 0 0 0 0 0 0 0 0 0 0 0 0 0 0 0 0 0 0 0 0 0 0 0 0 0 0 0 0 0 0 0 0 0 0 0 0 0 0 0 0 0 0 0 0 0 0 0 0 0 0 0 0 0 0 0 0 0 0 0 0 0 0 0 0 0 0 0 0 0 0 0 0 0 0 0 0 0 0 0 0 0 0 0 0 0 0 0 0 0 0 0 0 0 0 0 0 0 0 0 0 0 0 0 0 0 0 0 0 0 0 0 0 0 0 0 0 0 0 0 0 0 0 0 0 0 0 0 0 0
0.0784553 4.91559e-07 7.27536e-08 4.18806e-07 0.851994 0.518136 0 0 0 0 0 0 0 0 0 0 0 0 0 0 0 0 0 0 0 0 0 0 0 0 0 0 0 0 0 0 0 0 0 0 0 0 0 0 0 0 0 0 0 0 0 0 0 0 0 0 0 0 0 0 0 0 0 0 0 0 0 0 0 0 0 0 0 0 0 0 0 0 0 0 0 0 0 0 0 0 0 0 0 0 0 0 0 0 0 0 0 0 0 0 0 0 0 0 0 0 0 0 0 0 0 0 0 0 0 0 0 0 0 0 0 0 0 0 0 0 0 0 0 0 0 0 0 0 0 0 0 0 0 0 0 0
0.0824824 7.69901e-07 7.27536e-08 6.97147e-07 0.905503 0.392697 0 0 0 0 0 0 0 0 0 0 0 0 0 0 0 0 0 0 0 0 0 0 0 0 0 0 0 0 0 0 0 0 0 0 0 0 0 0 0 0 0 0 0 0 0 0 0 0 0 0 0 0 0 0 0 0 0 0 0 0 0 0 0 0 0 0 0 0 0 0 0 0 0 0 0 0 0 0 0 0 0 0 0 0 0 0 0 0 0 0 0 0 0 0 0 0 0 0 0 0 0 0 0 0 0 0 0 0 0 0 0 0 0 0 0 0 0 0 0 0 0 0 0 0 0 0 0 0 0 0 0 0 0 0 0 0
0.0867162 3.63645e-07 7.27536e-08 2.90891e-07 0.799932 0.663129 0 0 0 0 0 0 0 0 0 0 0 0 0 0 0 0 0 0 0 0 0 0 0 0 0 0 0 0 0 0 0 0 0 0 0 0 0 0 0 0 0 0 0 0 0 0 0 0 0 0 0 0 0 0 0 0 0 0 0 0 0 0 0 0 0 0 0 0 0 0 0 0 0 0 0 0 0 0 0 0 0 0 0 0 0 0 0 0 0 0 0 0 0 0 0 0 0 0 0 0 0 0 0 0 0 0 0 0 0 0 0 0 0 0 0 0 0 0 0 0 0 0 0 0 0 0 0 0 0 0 0 0 0 0 0 0
0.0911674 3.17644e-07 7.27536e-08 2.44891e-07 0.770959 0.697607 0 0 0 0 0 0 0 0 0 0 0 0 0 0 0 0 0 0 0 0 0 0 0 0 0 0 0 0 0 0 0 0 0 0 0 0 0 0 0 0 0 0 0 0 0 0 0 0 0 0 0 0 0 0 0 0 0 0 0 0 0 0 0 0 0 0 0 0 0 0 0 0 0 0 0 0 0 0 0 0 0 0 0 0 0 0 0 0 0 0 0 0 0 0 0 0 0 0 0 0 0 0 0 0 0 0 0 0 0 0 0 0 0 0 0 0 0 0 0 0 0 0 0 0 0 0 0 0 0 0 0 0 0 0 0 0
0.095847 2.50467e-07 7.27536e-08 1.77713e-07 0.709528 0.808675 0 0 0 0 0 0 0 0 0 0 0 0 0 0 0 0 0 0 0 0 0 0 0 0 0 0 0 0 0 0 0 0 0 0 0 0 0 0 0 0 0 0 0 0 0 0 0 0 0 0 0 0 0 0 0 0 0 0 0 0 0 0 0 0 0 0 0 0 0 0 0 0 0 0 0 0 0 0 0 0 0 0 0 0 0 0 0 0 0 0 0 0 0 0 0 0 0 0 0 0 0 0 0 0 0 0 0 0 0 0 0 0 0 0 0 0 0 0 0 0 0 0 0 0 0 0 0 0 0 0 0 0 0 0 0 0
0.100767 2.08198e-07 7.27536e-08 1.35444e-07 0.650556 0.90109 0 0 0 0 0 0 0 0 0 0 0 0 0 0 0 0 0 0 0 0 0 0 0 0 0 0 0 0 0 0 0 0 0 0 0 0 0 0 0 0 0 0 0 0 0 0 0 0 0 0 0 0 0 0 0 0 0 0 0 0 0 0 0 0 0 0 0 0 0 0 0 0 0 0 0 0 0 0 0 0 0 0 0 0 0 0 0 0 0 0 0 0 0 0 0 0 0 0 0 0 0 0 0 0 0 0 0 0 0 0 0 0 0 0 0 0 0 0 0 0 0 0 0 0 0 0 0 0 0 0 0 0 0 0 0 0
0.105939 1.79027e-07 7.27536e-08 1.06274e-07 0.593618 0.914485 0 0 0 0 0 0 0 0 0 0 0 0 0 0 0 0 0 0 0 0 0 0 0 0 0 0 0 0 0 0 0 0 0 0 0 0 0 0 0 0 0 0 0 0 0 0 0 0 0 0 0 0 0 0 0 0 0 0 0 0 0 0 0 0 0 0 0 0 0 0 0 0 0 0 0 0 0 0 0 0 0 0 0 0 0 0 0 0 0 0 0 0 0 0 0 0 0 0 0 0 0 0 0 0 0 0 0 0 0 0 0 0 0 0 0 0 0 0 0 0 0 0 0 0 0 0 0 0 0 0 0 0 0 0 0 0
0.111377 1.797e-07 7.81903e-08 1.0151e-07 0.564884 0.930394 0 0 0 0 0 0 0 0 0 0 0 0 0 0 0 0 0 0 0 0 0 0 0 0 0 0 0 0 0 0 0 0 0 0 0 0 0 0 0 0 0 0 0 0 0 0 0 0 0 0 0 0 0 0 0 0 0 0 0 0 0 0 0 0 0 0 0 0 0 0 0 0 0 0 0 0 0 0 0 0 0 0 0 0 0 0 0 0 0 0 0 0 0 0 0 0 0 0 0 0 0 0 0 0 0 0 0 0 0 0 0 0 0 0 0 0 0 0 0 0 0 0 0 0 0 0 0 0 0 0 0 0 0 0 0 0
0.117094 1.80728e-07 7.98129e-08 1.00915e-07 0.55838 0.934279 0 0 0 0 0 0 0 0 0 0 0 0 0 0 0 0 0 0 0 0 0 0 0 0 0 0 0 0 0 0 0 0 0 0 0 0 0 0 0 0 0 0 0 0 0 0 0 0 0 0 0 0 0 0 0 0 0 0 0 0 0 0 0 0 0 0 0 0 0 0 0 0 0 0 0 0 0 0 0 0 0 0 0 0 0 0 0 0 0 0 0 0 0 0 0 0 0 0 0 0 0 0 0 0 0 0 0 0 0 0 0 0 0 0 0 0 0 0 0 0 0 0 0 0 0 0 0 0 0 0 0 0 0 0 0 0
0.123105 1.8098e-07 8.05628e-08 1.00418e-07 0.554854 0.937697 0 0 0 0 0 0 0 0 0 0 0 0 0 0 0 0 0 0 0 0 0 0 0 0 0 0 0 0 0 0 0 0 0 0 0 0 0 0 0 0 0 0 0 0 0 0 0 0 0 0 0 0 0 0 0 0 0 0 0 0 0 0 0 0 0 0 0 0 0 0 0 0 0 0 0 0 0 0 0 0 0 0 0 0 0 0 0 0 0 0 0 0 0 0 0 0 0 0 0 0 0 0 0 0 0 0 0 0 0 0 0 0 0 0 0 0 0 0 0 0 0 0 0 0 0 0 0 0 0 0 0 0 0 0 0 0
0.129424 1.81186e-07 8.122e-08 9.99662e-08 0.551732 0.940847 0 0 0 0 0 0 0 0 0 0 0 0 0 0 0 0 0 0 0 0 0 0 0 0 0 0 0 0 0 0 0 0 0 0 0 0 0 0 0 0 0 0 0 0 0 0 0 0 0 0 0 0 0 0 0 0 0 0 0 0 0 0 0 0 0 0 0 0 0 0 0 0 0 0 0 0 0 0 0 0 0 0 0 0 0 0 0 0 0 0 0 0 0 0 0 0 0 0 0 0 0 0 0 0 0 0 0 0 0 0 0 0 0 0 0 0 0 0 0 0 0 0 0 0 0 0 0 0 0 0 0 0 0 0 0 0
0.136067 1.81378e-07 8.17694e-08 9.96082e-08 0.549176 0.943468 0 0 0 0 0 0 0 0 0 0 0 0 0 0 0 0 0 0 0 0 0 0 0 0 0 0 0 0 0 0 0 0 0 0 0 0 0 0 0 0 0 0 0 0 0 0 0 0 0 0 0 0 0 0 0 0 0 0 0 0 0 0 0 0 0 0 0 0 0 0 0 0 0 0 0 0 0 0 0 0 0 0 0 0 0 0 0 0 0 0 0 0 0 0 0 0 0 0 0 0 0 0 0 0 0 0 0 0 0 0 0 0 0 0 0 0 0 0 0 0 0 0 0 0 0 0 0 0 0 0 0 0 0 0 0 0
0.143051 1.81559e-07 8.2175e-08 9.93842e-08 0.547393 0.945264 0 0 0 0 0 0 0 0 0 0 0 0 0 0 0 0 0 0 0 0 0 0 0 0 0 0 0 0 0 0 0 0 0 0 0 0 0 0 0 0 0 0 0 0 0 0 0 0 0 0 0 0 0 0 0 0 0 0 0 0 0 0 0 0 0 0 0 0 0 0 0 0 0 0 0 0 0 0 0 0 0 0 0 0 0 0 0 0 0 0 0 0 0 0 0 0 0 0 0 0 0 0 0 0 0 0 0 0 0 0 0 0 0 0 0 0 0 0 0 0 0 0 0 0 0 0 0 0 0 0 0 0 0 0 0 0
0.150394 1.81733e-07 8.24103e-08 9.93223e-08 0.54653 0.945979 0 0 0 0 0 0 0 0 0 0 0 0 0 0 0 0 0 0 0 0 0 0 0 0 0 0 0 0 0 0 0 0 0 0 0 0 0 0 0 0 0 0 0 0 0 0 0 0 0 0 0 0 0 0 0 0 0 0 0 0 0 0 0 0 0 0 0 0 0 0 0 0 0 0 0 0 0 0 0 0 0 0 0 0 0 0 0 0 0 0 0 0 0 0 0 0 0 0 0 0 0 0 0 0 0 0 0 0 0 0 0 0 0 0 0 0 0 0 0 0 0 0 0 0 0 0 0 0 0 0 0 0 0 0 0 0
0.158114 1.81922e-07 8.24437e-08 9.94783e-08 0.546818 0.945312 0 0 0 0 0 0 0 0 0 0 0 0 0 0 0 0 0 0 0 0 0 0 0 0 0 0 0 0 0 0 0 0 0 0 0 0 0 0 0 0 0 0 0 0 0 0 0 0 0 0 0 0 0 0 0 0 0 0 0 0 0 0 0 0 0 0 0 0 0 0 0 0 0 0 0 0 0 0 0 0 0 0 0 0 0 0 0 0 0 0 0 0 0 0 0 0 0 0 0 0 0 0 0 0 0 0 0 0 0 0 0 0 0 0 0 0 0 0 0 0 0 0 0 0 0 0 0 0 0 0 0 0 0 0 0 0
0.16623 1.82147e-07 8.22821e-08 9.98648e-08 0.548265 0.943174 0 0 0 0 0 0 0 0 0 0 0 0 0 0 0 0 0 0 0 0 0 0 0 0 0 0 0 0 0 0 0 0 0 0 0 0 0 0 0 0 0 0 0 0 0 0 0 0 0 0 0 0 0 0 0 0 0 0 0 0 0 0 0 0 0 0 0 0 0 0 0 0 0 0 0 0 0 0 0 0 0 0 0 0 0 0 0 0 0 0 0 0 0 0 0 0 0 0 0 0 0 0 0 0 0 0 0 0 0 0 0 0 0 0 0 0 0 0 0 0 0 0 0 0 0 0 0 0 0 0 0 0 0 0 0 0
0.174762 1.82438e-07 8.19466e-08 1.00492e-07 0.550825 0.939506 0 0 0 0 0 0 0 0 0 0 0 0 0 0 0 0 0 0 0 0 0 0 0 0 0 0 0 0 0 0 0 0 0 0 0 0 0 0 0 0 0 0 0 0 0 0 0 0 0 0 0 0 0 0 0 0 0 0 0 0 0 0 0 0 0 0 0 0 0 0 0 0 0 0 0 0 0 0 0 0 0 0 0 0 0 0 0 0 0 0 0 0 0 0 0 0 0 0 0 0 0 0 0 0 0 0 0 0 0 0 0 0 0 0 0 0 0 0 0 0 0 0 0 0 0 0 0 0 0 0 0 0 0 0 0 0
0.183733 1.82806e-07 8.14774e-08 1.01328e-07 0.554295 0.934415 0 0 0 0 0 0 0 0 0 0 0 0 0 0 0 0 0 0 0 0 0 0 0 0 0 0 0 0 0 0 0 0 0 0 0 0 0 0 0 0 0 0 0 0 0 0 0 0 0 0 0 0 0 0 0 0 0 0 0 0 0 0 0 0 0 0 0 0 0 0 0 0 0 0 0 0 0 0 0 0 0 0 0 0 0 0 0 0 0 0 0 0 0 0 0 0 0 0 0 0 0 0 0 0 0 0 0 0 0 0 0 0 0 0 0 0 0 0 0 0 0 0 0 0 0 0 0 0 0 0 0 0 0 0 0 0
0.193164 1.83263e-07 8.09324e-08 1.02331e-07 0.558381 0.928158 0 0 0 0 0 0 0 0 0 0 0 0 0 0 0 0 0 0 0 0 0 0 0 0 0 0 0 0 0 0 0 0 0 0 0 0 0 0 0 0 0 0 0 0 0 0 0 0 0 0 0 0 0 0 0 0 0 0 0 0 0 0 0 0 0 0 0 0 0 0 0 0 0 0 0 0 0 0 0 0 0 0 0 0 0 0 0 0 0 0 0 0 0 0 0 0 0 0 0 0 0 0 0 0 0 0 0 0 0 0 0 0 0 0 0 0 0 0 0 0 0 0 0 0 0 0 0 0 0 0 0 0 0 0 0 0
0.203079 1.838e-07 8.03664e-08 1.03434e-07 0.562751 0.92105 0 0 0 0 0 0 0 0 0 0 0 0 0 0 0 0 0 0 0 0 0 0 0 0 0 0 0 0 0 0 0 0 0 0 0 0 0 0 0 0 0 0 0 0 0 0 0 0 0 0 0 0 0 0 0 0 0 0 0 0 0 0 0 0 0 0 0 0 0 0 0 0 0 0 0 0 0 0 0 0 0 0 0 0 0 0 0 0 0 0 0 0 0 0 0 0 0 0 0 0 0 0 0 0 0 0 0 0 0 0 0 0 0 0 0 0 0 0 0 0 0 0 0 0 0 0 0 0 0 0 0 0 0 0 0 0
0.213503 1.84412e-07 7.98294e-08 1.04582e-07 0.567113 0.91347 0 0 0 0 0 0 0 0 0 0 0 0 0 0 0 0 0 0 0 0 0 0 0 0 0 0 0 0 0 0 0 0 0 0 0 0 0 0 0 0 0 0 0 0 0 0 0 0 0 0 0 0 0 0 0 0 0 0 0 0 0 0 0 0 0 0 0 0 0 0 0 0 0 0 0 0 0 0 0 0 0 0 0 0 0 0 0 0 0 0 0 0 0 0 0 0 0 0 0 0 0 0 0 0 0 0 0 0 0 0 0 0 0 0 0 0 0 0 0 0 0 0 0 0 0 0 0 0 0 0 0 0 0 0 0 0
0.224463 1.85082e-07 7.93772e-08 1.05705e-07 0.571125 0.905848 0 0 0 0 0 0 0 0 0 0 0 0 0 0 0 0 0 0 0 0 0 0 0 0 0 0 0 0 0 0 0 0 0 0 0 0 0 0 0 0 0 0 0 0 0 0 0 0 0 0 0 0 0 0 0 0 0 0 0 0 0 0 0 0 0 0 0 0 0 0 0 0 0 0 0 0 0 0 0 0 0 0 0 0 0 0 0 0 0 0 0 0 0 0 0 0 0 0 0 0 0 0 0 0 0 0 0 0 0 0 0 0 0 0 0 0 0 0 0 0 0 0 0 0 0 0 0 0 0 0 0 0 0 0 0 0
0.235984 1.85791e-07 7.90446e-08 1.06746e-07 0.57455 0.898572 0 0 0 0 0 0 0 0 0 0 0 0 0 0 0 0 0 0 0 0 0 0 0 0 0 0 0 0 0 0 0 0 0 0 0 0 0 0 0 0 0 0 0 0 0 0 0 0 0 0 0 0 0 0 0 0 0 0 0 0 0 0 0 0 0 0 0 0 0 0 0 0 0 0 0 0 0 0 0 0 0 0 0 0 0 0 0 0 0 0 0 0 0 0 0 0 0 0 0 0 0 0 0 0 0 0 0 0 0 0 0 0 0 0 0 0 0 0 0 0 0 0 0 0 0 0 0 0 0 0 0 0 0 0 0 0
0.248097 1.86531e-07 7.88613e-08 1.0767e-07 0.577221 0.891998 0 0 0 0 0 0 0 0 0 0 0 0 0 0 0 0 0 0 0 0 0 0 0 0 0 0 0 0 0 0 0 0 0 0 0 0 0 0 0 0 0 0 0 0 0 0 0 0 0 0 0 0 0 0 0 0 0 0 0 0 0 0 0 0 0 0 0 0 0 0 0 0 0 0 0 0 0 0 0 0 0 0 0 0 0 0 0 0 0 0 0 0 0 0 0 0 0 0 0 0 0 0 0 0 0 0 0 0 0 0 0 0 0 0 0 0 0 0 0 0 0 0 0 0 0 0 0 0 0 0 0 0 0 0 0 0
0.260832 1.87262e-07 7.88676e-08 1.08395e-07 0.578839 0.886598 0 0 0 0 0 0 0 0 0 0 0 0 0 0 0 0 0 0 0 0 0 0 0 0 0 0 0 0 0 0 0 0 0 0 0 0 0 0 0 0 0 0 0 0 0 0 0 0 0 0 0 0 0 0 0 0 0 0 0 0 0 0 0 0 0 0 0 0 0 0 0 0 0 0 0 0 0 0 0 0 0 0 0 0 0 0 0 0 0 0 0 0 0 0 0 0 0 0 0 0 0 0 0 0 0 0 0 0 0 0 0 0 0 0 0 0 0 0 0 0 0 0 0 0 0 0 0 0 0 0 0 0 0 0 0 0
0.274221 1.87974e-07 7.90503e-08 1.08924e-07 0.579462 0.882481 0 0 0 0 0 0 0 0 0 0 0 0 0 0 0 0 0 0 0 0 0 0 0 0 0 0 0 0 0 0 0 0 0 0 0 0 0 0 0 0 0 0 0 0 0 0 0 0 0 0 0 0 0 0 0 0 0 0 0 0 0 0 0 0 0 0 0 0 0 0 0 0 0 0 0 0 0 0 0 0 0 0 0 0 0 0 0 0 0 0 0 0 0 0 0 0 0 0 0 0 0 0 0 0 0 0 0 0 0 0 0 0 0 0 0 0 0 0 0 0 0 0 0 0 0 0 0 0 0 0 0 0 0 0 0 0
0.288297 1.88634e-07 7.94249e-08 1.0921e-07 0.578948 0.879965 0 0 0 0 0 0 0 0 0 0 0 0 0 0 0 0 0 0 0 0 0 0 0 0 0 0 0 0 0 0 0 0 0 0 0 0 0 0 0 0 0 0 0 0 0 0 0 0 0 0 0 0 0 0 0 0 0 0 0 0 0 0 0 0 0 0 0 0 0 0 0 0 0 0 0 0 0 0 0 0 0 0 0 0 0 0 0 0 0 0 0 0 0 0 0 0 0 0 0 0 0 0 0 0 0 0 0 0 0 0 0 0 0 0 0 0 0 0 0 0 0 0 0 0 0 0 0 0 0 0 0 0 0 0 0 0
0.303095 1.89237e-07 7.99209e-08 1.09317e-07 0.577669 0.878799 0 0 0 0 0 0 0 0 0 0 0 0 0 0 0 0 0 0 0 0 0 0 0 0 0 0 0 0 0 0 0 0 0 0 0 0 0 0 0 0 0 0 0 0 0 0 0 0 0 0 0 0 0 0 0 0 0 0 0 0 0 0 0 0 0 0 0 0 0 0 0 0 0 0 0 0 0 0 0 0 0 0 0 0 0 0 0 0 0 0 0 0 0 0 0 0 0 0 0 0 0 0 0 0 0 0 0 0 0 0 0 0 0 0 0 0 0 0 0 0 0 0 0 0 0 0 0 0 0 0 0 0 0 0 0 0
0.318653 1.89837e-07 8.03877e-08 1.0945e-07 0.576544 0.877625 0 0 0 0 0 0 0 0 0 0 0 0 0 0 0 0 0 0 0 0 0 0 0 0 0 0 0 0 0 0 0 0 0 0 0 0 0 0 0 0 0 0 0 0 0 0 0 0 0 0 0 0 0 0 0 0 0 0 0 0 0 0 0 0 0 0 0 0 0 0 0 0 0 0 0 0 0 0 0 0 0 0 0 0 0 0 0 0 0 0 0 0 0 0 0 0 0 0 0 0 0 0 0 0 0 0 0 0 0 0 0 0 0 0 0 0 0 0 0 0 0 0 0 0 0 0 0 0 0 0 0 0 0 0 0 0
0.335009 1.90442e-07 8.08342e-08 1.09608e-07 0.575544 0.876345 0 0 0 0 0 0 0 0 0 0 0 0 0 0 0 0 0 0 0 0 0 0 0 0 0 0 0 0 0 0 0 0 0 0 0 0 0 0 0 0 0 0 0 0 0 0 0 0 0 0 0 0 0 0 0 0 0 0 0 0 0 0 0 0 0 0 0 0 0 0 0 0 0 0 0 0 0 0 0 0 0 0 0 0 0 0 0 0 0 0 0 0 0 0 0 0 0 0 0 0 0 0 0 0 0 0 0 0 0 0 0 0 0 0 0 0 0 0 0 0 0 0 0 0 0 0 0 0 0 0 0 0 0 0 0 0
0.352205 1.91056e-07 8.12703e-08 1.09785e-07 0.574625 0.874957 0 0 0 0 0 0 0 0 0 0 0 0 0 0 0 0 0 0 0 0 0 0 0 0 0 0 0 0 0 0 0 0 0 0 0 0 0 0 0 0 0 0 0 0 0 0 0 0 0 0 0 0 0 0 0 0 0 0 0 0 0 0 0 0 0 0 0 0 0 0 0 0 0 0 0 0 0 0 0 0 0 0 0 0 0 0 0 0 0 0 0 0 0 0 0 0 0 0 0 0 0 0 0 0 0 0 0 0 0 0 0 0 0 0 0 0 0 0 0 0 0 0 0 0 0 0 0 0 0 0 0 0 0 0 0 0
0.370284 1.91688e-07 8.17026e-08 1.09985e-07 0.573773 0.873492 0 0 0 0 0 0 0 0 0 0 0 0 0 0 0 0 0 0 0 0 0 0 0 0 0 0 0 0 0 0 0 0 0 0 0 0 0 0 0 0 0 0 0 0 0 0 0 0 0 0 0 0 0 0 0 0 0 0 0 0 0 0 0 0 0 0 0 0 0 0 0 0 0 0 0 0 0 0 0 0 0 0 0 0 0 0 0 0 0 0 0 0 0 0 0 0 0 0 0 0 0 0 0 0 0 0 0 0 0 0 0 0 0 0 0 0 0 0 0 0 0 0 0 0 0 0 0 0 0 0 0 0 0 0 0 0
0.389291 1.92323e-07 8.21338e-08 1.1019e-07 0.572939 0.871946 0 0 0 0 0 0 0 0 0 0 0 0 0 0 0 0 0 0 0 0 0 0 0 0 0 0 0 0 0 0 0 0 0 0 0 0 0 0 0 0 0 0 0 0 0 0 0 0 0 0 0 0 0 0 0 0 0 0 0 0 0 0 0 0 0 0 0 0 0 0 0 0 0 0 0 0 0 0 0 0 0 0 0 0 0 0 0 0 0 0 0 0 0 0 0 0 0 0 0 0 0 0 0 0 0 0 0 0 0 0 0 0 0 0 0 0 0 0 0 0 0 0 0 0 0 0 0 0 0 0 0 0 0 0 0 0
0.409273 1.92978e-07 8.2567e-08 1.10411e-07 0.572143 0.870331 0 0 0 0 0 0 0 0 0 0 0 0 0 0 0 0 0 0 0 0 0 0 0 0 0 0 0 0 0 0 0 0 0 0 0 0 0 0 0 0 0 0 0 0 0 0 0 0 0 0 0 0 0 0 0 0 0 0 0 0 0 0 0 0 0 0 0 0 0 0 0 0 0 0 0 0 0 0 0 0 0 0 0 0 0 0 0 0 0 0 0 0 0 0 0 0 0 0 0 0 0 0 0 0 0 0 0 0 0 0 0 0 0 0 0 0 0 0 0 0 0 0 0 0 0 0 0 0 0 0 0 0 0 0 0 0
0.430281 1.93653e-07 8.30048e-08 1.10648e-07 0.571374 0.868656 0 0 0 0 0 0 0 0 0 0 0 0 0 0 0 0 0 0 0 0 0 0 0 0 0 0 0 0 0 0 0 0 0 0 0 0 0 0 0 0 0 0 0 0 0 0 0 0 0 0 0 0 0 0 0 0 0 0 0 0 0 0 0 0 0 0 0 0 0 0 0 0 0 0 0 0 0 0 0 0 0 0 0 0 0 0 0 0 0 0 0 0 0 0 0 0 0 0 0 0 0 0 0 0 0 0 0 0 0 0 0 0 0 0 0 0 0 0 0 0 0 0 0 0 0 0 0 0 0 0 0 0 0 0 0 0
0.452368 1.94336e-07 8.34483e-08 1.10888e-07 0.570598 0.86691 0 0 0 0 0 0 0 0 0 0 0 0 0 0 0 0 0 0 0 0 0 0 0 0 0 0 0 0 0 0 0 0 0 0 0 0 0 0 0 0 0 0 0 0 0 0 0 0 0 0 0 0 0 0 0 0 0 0 0 0 0 0 0 0 0 0 0 0 0 0 0 0 0 0 0 0 0 0 0 0 0 0 0 0 0 0 0 0 0 0 0 0 0 0 0 0 0 0 0 0 0 0 0 0 0 0 0 0 0 0 0 0 0 0 0 0 0 0 0 0 0 0 0 0 0 0 0 0 0 0 0 0 0 0 0 0
0.475588 1.95036e-07 8.39003e-08 1.11136e-07 0.569822 0.865108 0 0 0 0 0 0 0 0 0 0 0 0 0 0 0 0 0 0 0 0 0 0 0 0 0 0 0 0 0 0 0 0 0 0 0 0 0 0 0 0 0 0 0 0 0 0 0 0 0 0 0 0 0 0 0 0 0 0 0 0 0 0 0 0 0 0 0 0 0 0 0 0 0 0 0 0 0 0 0 0 0 0 0 0 0 0 0 0 0 0 0 0 0 0 0 0 0 0 0 0 0 0 0 0 0 0 0 0 0 0 0 0 0 0 0 0 0 0 0 0 0 0 0 0 0 0 0 0 0 0 0 0 0 0 0 0
0.5 1.95755e-07 8.43615e-08 1.11393e-07 0.569045 0.863245 0 0 0 0 0 0 0 0 0 0 0 0 0 0 0 0 0 0 0 0 0 0 0 0 0 0 0 0 0 0 0 0 0 0 0 0 0 0 0 0 0 0 0 0 0 0 0 0 0 0 0 0 0 0 0 0 0 0 0 0 0 0 0 0 0 0 0 0 0 0 0 0 0 0 0 0 0 0 0 0 0 0 0 0 0 0 0 0 0 0 0 0 0 0 0 0 0 0 0 0 0 0 0 0 0 0 0 0 0 0 0 0 0 0 0 0 0 0 0 0 0 0 0 0 0 0 0 0 0 0 0 0 0 0 0 0
0.525665 1.96483e-07 8.4832e-08 1.11651e-07 0.568247 0.861319 0 0 0 0 0 0 0 0 0 0 0 0 0 0 0 0 0 0 0 0 0 0 0 0 0 0 0 0 0 0 0 0 0 0 0 0 0 0 0 0 0 0 0 0 0 0 0 0 0 0 0 0 0 0 0 0 0 0 0 0 0 0 0 0 0 0 0 0 0 0 0 0 0 0 0 0 0 0 0 0 0 0 0 0 0 0 0 0 0 0 0 0 0 0 0 0 0 0 0 0 0 0 0 0 0 0 0 0 0 0 0 0 0 0 0 0 0 0 0 0 0 0 0 0 0 0 0 0 0 0 0 0 0 0 0 0
0.552648 1.9724e-07 8.53148e-08 1.11925e-07 0.567457 0.859349 0 0 0 0 0 0 0 0 0 0 0 0 0 0 0 0 0 0 0 0 0 0 0 0 0 0 0 0 0 0 0 0 0 0 0 0 0 0 0 0 0 0 0 0 0 0 0 0 0 0 0 0 0 0 0 0 0 0 0 0 0 0 0 0 0 0 0 0 0 0 0 0 0 0 0 0 0 0 0 0 0 0 0 0 0 0 0 0 0 0 0 0 0 0 0 0 0 0 0 0 0 0 0 0 0 0 0 0 0 0 0 0 0 0 0 0 0 0 0 0 0 0 0 0 0 0 0 0 0 0 0 0 0 0 0 0
0.581015 1.98009e-07 8.58089e-08 1.122e-07 0.566641 0.857307 0 0 0 0 0 0 0 0 0 0 0 0 0 0 0 0 0 0 0 0 0 0 0 0 0 0 0 0 0 0 0 0 0 0 0 0 0 0 0 0 0 0 0 0 0 0 0 0 0 0 0 0 0 0 0 0 0 0 0 0 0 0 0 0 0 0 0 0 0 0 0 0 0 0 0 0 0 0 0 0 0 0 0 0 0 0 0 0 0 0 0 0 0 0 0 0 0 0 0 0 0 0 0 0 0 0 0 0 0 0 0 0 0 0 0 0 0 0 0 0 0 0 0 0 0 0 0 0 0 0 0 0 0 0 0 0
0.610839 1.98794e-07 8.63164e-08 1.12477e-07 0.565799 0.855204 0 0 0 0 0 0 0 0 0 0 0 0 0 0 0 0 0 0 0 0 0 0 0 0 0 0 0 0 0 0 0 0 0 0 0 0 0 0 0 0 0 0 0 0 0 0 0 0 0 0 0 0 0 0 0 0 0 0 0 0 0 0 0 0 0 0 0 0 0 0 0 0 0 0 0 0 0 0 0 0 0 0 0 0 0 0 0 0 0 0 0 0 0 0 0 0 0 0 0 0 0 0 0 0 0 0 0 0 0 0 0 0 0 0 0 0 0 0 0 0 0 0 0 0 0 0 0 0 0 0 0 0 0 0 0 0
0.642193 1.99595e-07 8.6834e-08 1.12761e-07 0.56495 0.853043 0 0 0 0 0 0 0 0 0 0 0 0 0 0 0 0 0 0 0 0 0 0 0 0 0 0 0 0 0 0 0 0 0 0 0 0 0 0 0 0 0 0 0 0 0 0 0 0 0 0 0 0 0 0 0 0 0 0 0 0 0 0 0 0 0 0 0 0 0 0 0 0 0 0 0 0 0 0 0 0 0 0 0 0 0 0 0 0 0 0 0 0 0 0 0 0 0 0 0 0 0 0 0 0 0 0 0 0 0 0 0 0 0 0 0 0 0 0 0 0 0 0 0 0 0 0 0 0 0 0 0 0 0 0 0 0
0.675157 2.00428e-07 8.73788e-08 1.13049e-07 0.56404 0.850836 0 0 0 0 0 0 0 0 0 0 0 0 0 0 0 0 0 0 0 0 0 0 0 0 0 0 0 0 0 0 0 0 0 0 0 0 0 0 0 0 0 0 0 0 0 0 0 0 0 0 0 0 0 0 0 0 0 0 0 0 0 0 0 0 0 0 0 0 0 0 0 0 0 0 0 0 0 0 0 0 0 0 0 0 0 0 0 0 0 0 0 0 0 0 0 0 0 0 0 0 0 0 0 0 0 0 0 0 0 0 0 0 0 0 0 0 0 0 0 0 0 0 0 0 0 0 0 0 0 0 0 0 0 0 0 0
0.709813 2.01205e-07 8.78719e-08 1.13333e-07 0.563272 0.848089 0 0 0 0 0 0 0 0 0 0 0 0 0 0 0 0 0 0 0 0 0 0 0 0 0 0 0 0 0 0 0 0 0 0 0 0 0 0 0 0 0 0 0 0 0 0 0 0 0 0 0 0 0 0 0 0 0 0 0 0 0 0 0 0 0 0 0 0 0 0 0 0 0 0 0 0 0 0 0 0 0 0 0 0 0 0 0 0 0 0 0 0 0 0 0 0 0 0 0 0 0 0 0 0 0 0 0 0 0 0 0 0 0 0 0 0 0 0 0 0 0 0 0 0 0 0 0 0 0 0 0 0 0 0 0 0
0.746248 2.02789e-07 8.54542e-08 1.17335e-07 0.578605 0.828374 0 0 0 0 0 0 0 0 0 0 0 0 0 0 0 0 0 0 0 0 0 0 0 0 0 0 0 0 0 0 0 0 0 0 0 0 0 0 0 0 0 0 0 0 0 0 0 0 0 0 0 0 0 0 0 0 0 0 0 0 0 0 0 0 0 0 0 0 0 0 0 0 0 0 0 0 0 0 0 0 0 0 0 0 0 0 0 0 0 0 0 0 0 0 0 0 0 0 0 0 0 0 0 0 0 0 0 0 0 0 0 0 0 0 0 0 0 0 0 0 0 0 0 0 0 0 0 0 0 0 0 0 0 0 0 0
0.784553 2.02939e-07 8.13025e-08 1.21636e-07 0.599374 0.792519 0 0 0 0 0 0 0 0 0 0 0 0 0 0 0 0 0 0 0 0 0 0 0 0 0 0 0 0 0 0 0 0 0 0 0 0 0 0 0 0 0 0 0 0 0 0 0 0 0 0 0 0 0 0 0 0 0 0 0 0 0 0 0 0 0 0 0 0 0 0 0 0 0 0 0 0 0 0 0 0 0 0 0 0 0 0 0 0 0 0 0 0 0 0 0 0 0 0 0 0 0 0 0 0 0 0 0 0 0 0 0 0 0 0 0 0 0 0 0 0 0 0 0 0 0 0 0 0 0 0 0 0 0 0 0 0
0.824824 2.26294e-07 7.27536e-08 1.5354e-07 0.678499 0.759824 0 0 0 0 0 0 0 0 0 0 0 0 0 0 0 0 0 0 0 0 0 0 0 0 0 0 0 0 0 0 0 0 0 0 0 0 0 0 0 0 0 0 0 0 0 0 0 0 0 0 0 0 0 0 0 0 0 0 0 0 0 0 0 0 0 0 0 0 0 0 0 0 0 0 0 0 0 0 0 0 0 0 0 0 0 0 0 0 0 0 0 0 0 0 0 0 0 0 0 0 0 0 0 0 0 0 0 0 0 0 0 0 0 0 0 0 0 0 0 0 0 0 0 0 0 0 0 0 0 0 0 0 0 0 0 0
0.867162 2.48949e-07 7.27536e-08 1.76196e-07 0.707757 0.77863 0 0 0 0 0 0 0 0 0 0 0 0 0 0 0 0 0 0 0 0 0 0 0 0 0 0 0 0 0 0 0 0 0 0 0 0 0 0 0 0 0 0 0 0 0 0 0 0 0 0 0 0 0 0 0 0 0 0 0 0 0 0 0 0 0 0 0 0 0 0 0 0 0 0 0 0 0 0 0 0 0 0 0 0 0 0 0 0 0 0 0 0 0 0 0 0 0 0 0 0 0 0 0 0 0 0 0 0 0 0 0 0 0 0 0 0 0 0 0 0 0 0 0 0 0 0 0 0 0 0 0 0 0 0 0 0
0.911674 2.51416e-07 7.27536e-08 1.78662e-07 0.710624 0.772939 0 0 0 0 0 0 0 0 0 0 0 0 0 0 0 0 0 0 0 0 0 0 0 0 0 0 0 0 0 0 0 0 0 0 0 0 0 0 0 0 0 0 0 0 0 0 0 0 0 0 0 0 0 0 0 0 0 0 0 0 0 0 0 0 0 0 0 0 0 0 0 0 0 0 0 0 0 0 0 0 0 0 0 0 0 0 0 0 0 0 0 0 0 0 0 0 0 0 0 0 0 0 0 0 0 0 0 0 0 0 0 0 0 0 0 0 0 0 0 0 0 0 0 0 0 0 0 0 0 0 0 0 0 0 0 0
0.95847 2.41221e-07 7.27536e-08 1.68468e-07 0.698395 0.73914 0 0 0 0 0 0 0 0 0 0 0 0 0 0 0 0 0 0 0 0 0 0 0 0 0 0 0 0 0 0 0 0 0 0 0 0 0 0 0 0 0 0 0 0 0 0 0 0 0 0 0 0 0 0 0 0 0 0 0 0 0 0 0 0 0 0 0 0 0 0 0 0 0 0 0 0 0 0 0 0 0 0 0 0 0 0 0 0 0 0 0 0 0 0 0 0 0 0 0 0 0 0 0 0 0 0 0 0 0 0 0 0 0 0 0 0 0 0 0 0 0 0 0 0 0 0 0 0 0 0 0 0 0 0 0 0
1.00767 2.20091e-07 7.27536e-08 1.47338e-07 0.669439 0.707205 0 0 0 0 0 0 0 0 0 0 0 0 0 0 0 0 0 0 0 0 0 0 0 0 0 0 0 0 0 0 0 0 0 0 0 0 0 0 0 0 0 0 0 0 0 0 0 0 0 0 0 0 0 0 0 0 0 0 0 0 0 0 0 0 0 0 0 0 0 0 0 0 0 0 0 0 0 0 0 0 0 0 0 0 0 0 0 0 0 0 0 0 0 0 0 0 0 0 0 0 0 0 0 0 0 0 0 0 0 0 0 0 0 0 0 0 0 0 0 0 0 0 0 0 0 0 0 0 0 0 0 0 0 0 0 0
1.05939 2.04796e-07 7.27536e-08 1.32043e-07 0.644751 0.685009 0 0 0 0 0 0 0 0 0 0 0 0 0 0 0 0 0 0 0 0 0 0 0 0 0 0 0 0 0 0 0 0 0 0 0 0 0 0 0 0 0 0 0 0 0 0 0 0 0 0 0 0 0 0 0 0 0 0 0 0 0 0 0 0 0 0 0 0 0 0 0 0 0 0 0 0 0 0 0 0 0 0 0 0 0 0 0 0 0 0 0 0 0 0 0 0 0 0 0 0 0 0 0 0 0 0 0 0 0 0 0 0 0 0 0 0 0 0 0 0 0 0 0 0 0 0 0 0 0 0 0 0 0 0 0 0
1.11377 2.12548e-07 7.27536e-08 1.39795e-07 0.657708 0.689248 0 0 0 0 0 0 0 0 0 0 0 0 0 0 0 0 0 0 0 0 0 0 0 0 0 0 0 0 0 0 0 0 0 0 0 0 0 0 0 0 0 0 0 0 0 0 0 0 0 0 0 0 0 0 0 0 0 0 0 0 0 0 0 0 0 0 0 0 0 0 0 0 0 0 0 0 0 0 0 0 0 0 0 0 0 0 0 0 0 0 0 0 0 0 0 0 0 0 0 0 0 0 0 0 0 0 0 0 0 0 0 0 0 0 0 0 0 0 0 0 0 0 0 0 0 0 0 0 0 0 0 0 0 0 0 0
1.17094 2.31093e-07 7.27536e-08 1.58339e-07 0.685176 0.731129 0 0 0 0 0 0 0 0 0 0 0 0 0 0 0 0 0 0 0 0 0 0 0 0 0 0 0 0 0 0 0 0 0 0 0 0 0 0 0 0 0 0 0 0 0 0 0 0 0 0 0 0 0 0 0 0 0 0 0 0 0 0 0 0 0 0 0 0 0 0 0 0 0 0 0 0 0 0 0 0 0 0 0 0 0 0 0 0 0 0 0 0 0 0 0 0 0 0 0 0 0 0 0 0 0 0 0 0 0 0 0 0 0 0 0 0 0 0 0 0 0 0 0 0 0 0 0 0 0 0 0 0 0 0 0 0
1.23105 2.49853e-07 7.27536e-08 1.771e-07 0.708815 0.764695 0 0 0 0 0 0 0 0 0 0 0 0 0 0 0 0 0 0 0 0 0 0 0 0 0 0 0 0 0 0 0 0 0 0 0 0 0 0 0 0 0 0 0 0 0 0 0 0 0 0 0 0 0 0 0 0 0 0 0 0 0 0 0 0 0 0 0 0 0 0 0 0 0 0 0 0 0 0 0 0 0 0 0 0 0 0 0 0 0 0 0 0 0 0 0 0 0 0 0 0 0 0 0 0 0 0 0 0 0 0 0 0 0 0 0 0 0 0 0 0 0 0 0 0 0 0 0 0 0 0 0 0 0 0 0 0
1.29424 2.73429e-07 7.27536e-08 2.00676e-07 0.733921 0.792247 0 0 0 0 0 0 0 0 0 0 0 0 0 0 0 0 0 0 0 0 0 0 0 0 0 0 0 0 0 0 0 0 0 0 0 0 0 0 0 0 0 0 0 0 0 0 0 0 0 0 0 0 0 0 0 0 0 0 0 0 0 0 0 0 0 0 0 0 0 0 0 0 0 0 0 0 0 0 0 0 0 0 0 0 0 0 0 0 0 0 0 0 0 0 0 0 0 0 0 0 0 0 0 0 0 0 0 0 0 0 0 0 0 0 0 0 0 0 0 0 0 0 0 0 0 0 0 0 0 0 0 0 0 0 0 0
1.36067 2.86031e-07 7.27536e-08 2.13278e-07 0.745645 0.795594 0 0 0 0 0 0 0 0 0 0 0 0 0 0 0 0 0 0 0 0 0 0 0 0 0 0 0 0 0 0 0 0 0 0 0 0 0 0 0 0 0 0 0 0 0 0 0 0 0 0 0 0 0 0 0 0 0 0 0 0 0 0 0 0 0 0 0 0 0 0 0 0 0 0 0 0 0 0 0 0 0 0 0 0 0 0 0 0 0 0 0 0 0 0 0 0 0 0 0 0 0 0 0 0 0 0 0 0 0 0 0 0 0 0 0 0 0 0 0 0 0 0 0 0 0 0 0 0 0 0 0 0 0 0 0 0
1.43051 2.81372e-07 7.27536e-08 2.08618e-07 0.741432 0.799483 0 0 0 0 0 0 0 0 0 0 0 0 0 0 0 0 0 0 0 0 0 0 0 0 0 0 0 0 0 0 0 0 0 0 0 0 0 0 0 0 0 0 0 0 0 0 0 0 0 0 0 0 0 0 0 0 0 0 0 0 0 0 0 0 0 0 0 0 0 0 0 0 0 0 0 0 0 0 0 0 0 0 0 0 0 0 0 0 0 0 0 0 0 0 0 0 0 0 0 0 0 0 0 0 0 0 0 0 0 0 0 0 0 0 0 0 0 0 0 0 0 0 0 0 0 0 0 0 0 0 0 0 0 0 0 0
1.50394 2.80332e-07 7.27536e-08 2.07578e-07 0.740473 0.763169 0 0 0 0 0 0 0 0 0 0 0 0 0 0 0 0 0 0 0 0 0 0 0 0 0 0 0 0 0 0 0 0 0 0 0 0 0 0 0 0 0 0 0 0 0 0 0 0 0 0 0 0 0 0 0 0 0 0 0 0 0 0 0 0 0 0 0 0 0 0 0 0 0 0 0 0 0 0 0 0 0 0 0 0 0 0 0 0 0 0 0 0 0 0 0 0 0 0 0 0 0 0 0 0 0 0 0 0 0 0 0 0 0 0 0 0 0 0 0 0 0 0 0 0 0 0 0 0 0 0 0 0 0 0 0 0
1.58114 2.4959e-07 7.27536e-08 1.76836e-07 0.708507 0.739619 0 0 0 0 0 0 0 0 0 0 0 0 0 0 0 0 0 0 0 0 0 0 0 0 0 0 0 0 0 0 0 0 0 0 0 0 0 0 0 0 0 0 0 0 0 0 0 0 0 0 0 0 0 0 0 0 0 0 0 0 0 0 0 0 0 0 0 0 0 0 0 0 0 0 0 0 0 0 0 0 0 0 0 0 0 0 0 0 0 0 0 0 0 0 0 0 0 0 0 0 0 0 0 0 0 0 0 0 0 0 0 0 0 0 0 0 0 0 0 0 0 0 0 0 0 0 0 0 0 0 0 0 0 0 0 0
1.6623 2.39809e-07 7.27536e-08 1.67056e-07 0.696619 0.666554 0 0 0 0 0 0 0 0 0 0 0 0 0 0 0 0 0 0 0 0 0 0 0 0 0 0 0 0 0 0 0 0 0 0 0 0 0 0 0 0 0 0 0 0 0 0 0 0 0 0 0 0 0 0 0 0 0 0 0 0 0 0 0 0 0 0 0 0 0 0 0 0 0 0 0 0 0 0 0 0 0 0 0 0 0 0 0 0 0 0 0 0 0 0 0 0 0 0 0 0 0 0 0 0 0 0 0 0 0 0 0 0 0 0 0 0 0 0 0 0 0 0 0 0 0 0 0 0 0 0 0 0 0 0 0 0
1.74763 2.09937e-07 7.27536e-08 1.37184e-07 0.653451 0.610464 0 0 0 0 0 0 0 0 0 0 0 0 0 0 0 0 0 0 0 0 0 0 0 0 0 0 0 0 0 0 0 0 0 0 0 0 0 0 0 0 0 0 0 0 0 0 0 0 0 0 0 0 0 0 0 0 0 0 0 0 0 0 0 0 0 0 0 0 0 0 0 0 0 0 0 0 0 0 0 0 0 0 0 0 0 0 0 0 0 0 0 0 0 0 0 0 0 0 0 0 0 0 0 0 0 0 0 0 0 0 0 0 0 0 0 0 0 0 0 0 0 0 0 0 0 0 0 0 0 0 0 0 0 0 0 0
1.83733 1.96082e-07 7.27536e-08 1.23328e-07 0.628963 0.506705 0 0 0 0 0 0 0 0 0 0 0 0 0 0 0 0 0 0 0 0 0 0 0 0 0 0 0 0 0 0 0 0 0 0 0 0 0 0 0 0 0 0 0 0 0 0 0 0 0 0 0 0 0 0 0 0 0 0 0 0 0 0 0 0 0 0 0 0 0 0 0 0 0 0 0 0 0 0 0 0 0 0 0 0 0 0 0 0 0 0 0 0 0 0 0 0 0 0 0 0 0 0 0 0 0 0 0 0 0 0 0 0 0 0 0 0 0 0 0 0 0 0 0 0 0 0 0 0 0 0 0 0 0 0 0 0
1.93164 2.08725e-07 7.27536e-08 1.35972e-07 0.651439 0.42964 0 0 0 0 0 0 0 0 0 0 0 0 0 0 0 0 0 0 0 0 0 0 0 0 0 0 0 0 0 0 0 0 0 0 0 0 0 0 0 0 0 0 0 0 0 0 0 0 0 0 0 0 0 0 0 0 0 0 0 0 0 0 0 0 0 0 0 0 0 0 0 0 0 0 0 0 0 0 0 0 0 0 0 0 0 0 0 0 0 0 0 0 0 0 0 0 0 0 0 0 0 0 0 0 0 0 0 0 0 0 0 0 0 0 0 0 0 0 0 0 0 0 0 0 0 0 0 0 0 0 0 0 0 0 0 0
2.03079 1.87901e-07 7.27536e-08 1.15148e-07 0.612809 0.437819 0 0 0 0 0 0 0 0 0 0 0 0 0 0 0 0 0 0 0 0 0 0 0 0 0 0 0 0 0 0 0 0 0 0 0 0 0 0 0 0 0 0 0 0 0 0 0 0 0 0 0 0 0 0 0 0 0 0 0 0 0 0 0 0 0 0 0 0 0 0 0 0 0 0 0 0 0 0 0 0 0 0 0 0 0 0 0 0 0 0 0 0 0 0 0 0 0 0 0 0 0 0 0 0 0 0 0 0 0 0 0 0 0 0 0 0 0 0 0 0 0 0 0 0 0 0 0 0 0 0 0 0 0 0 0 0
2.13503 2.15041e-07 7.27536e-08 1.42288e-07 0.661676 0.424488 0 0 0 0 0 0 0 0 0 0 0 0 0 0 0 0 0 0 0 0 0 0 0 0 0 0 0 0 0 0 0 0 0 0 0 0 0 0 0 0 0 0 0 0 0 0 0 0 0 0 0 0 0 0 0 0 0 0 0 0 0 0 0 0 0 0 0 0 0 0 0 0 0 0 0 0 0 0 0 0 0 0 0 0 0 0 0 0 0 0 0 0 0 0 0 0 0 0 0 0 0 0 0 0 0 0 0 0 0 0 0 0 0 0 0 0 0 0 0 0 0 0 0 0 0 0 0 0 0 0 0 0 0 0 0 0
2.24463 2.40085e-07 7.27536e-08 1.67331e-07 0.696967 0.449231 0 0 0 0 0 0 0 0 0 0 0 0 0 0 0 0 0 0 0 0 0 0 0 0 0 0 0 0 0 0 0 0 0 0 0 0 0 0 0 0 0 0 0 0 0 0 0 0 0 0 0 0 0 0 0 0 0 0 0 0 0 0 0 0 0 0 0 0 0 0 0 0 0 0 0 0 0 0 0 0 0 0 0 0 0 0 0 0 0 0 0 0 0 0 0 0 0 0 0 0 0 0 0 0 0 0 0 0 0 0 0 0 0 0 0 0 0 0 0 0 0 0 0 0 0 0 0 0 0 0 0 0 0 0 0 0
2.35984 2.47575e-07 7.27536e-08 1.74821e-07 0.706135 0.505152 0 0 0 0 0 0 0 0 0 0 0 0 0 0 0 0 0 0 0 0 0 0 0 0 0 0 0 0 0 0 0 0 0 0 0 0 0 0 0 0 0 0 0 0 0 0 0 0 0 0 0 0 0 0 0 0 0 0 0 0 0 0 0 0 0 0 0 0 0 0 0 0 0 0 0 0 0 0 0 0 0 0 0 0 0 0 0 0 0 0 0 0 0 0 0 0 0 0 0 0 0 0 0 0 0 0 0 0 0 0 0 0 0 0 0 0 0 0 0 0 0 0 0 0 0 0 0 0 0 0 0 0 0 0 0 0
2.48097 2.78261e-07 7.27536e-08 2.05507e-07 0.738542 0.553076 0 0 0 0 0 0 0 0 0 0 0 0 0 0 0 0 0 0 0 0 0 0 0 0 0 0 0 0 0 0 0 0 0 0 0 0 0 0 0 0 0 0 0 0 0 0 0 0 0 0 0 0 0 0 0 0 0 0 0 0 0 0 0 0 0 0 0 0 0 0 0 0 0 0 0 0 0 0 0 0 0 0 0 0 0 0 0 0 0 0 0 0 0 0 0 0 0 0 0 0 0 0 0 0 0 0 0 0 0 0 0 0 0 0 0 0 0 0 0 0 0 0 0 0 0 0 0 0 0 0 0 0 0 0 0 0
2.60832 3.23488e-07 7.27536e-08 2.50735e-07 0.775096 0.587382 0 0 0 0 0 0 0 0 0 0 0 0 0 0 0 0 0 0 0 0 0 0 0 0 0 0 0 0 0 0 0 0 0 0 0 0 0 0 0 0 0 0 0 0 0 0 0 0 0 0 0 0 0 0 0 0 0 0 0 0 0 0 0 0 0 0 0 0 0 0 0 0 0 0 0 0 0 0 0 0 0 0 0 0 0 0 0 0 0 0 0 0 0 0 0 0 0 0 0 0 0 0 0 0 0 0 0 0 0 0 0 0 0 0 0 0 0 0 0 0 0 0 0 0 0 0 0 0 0 0 0 0 0 0 0 0
2.74221 3.46533e-07 7.27536e-08 2.73779e-07 0.790053 0.60371 0 0 0 0 0 0 0 0 0 0 0 0 0 0 0 0 0 0 0 0 0 0 0 0 0 0 0 0 0 0 0 0 0 0 0 0 0 0 0 0 0 0 0 0 0 0 0 0 0 0 0 0 0 0 0 0 0 0 0 0 0 0 0 0 0 0 0 0 0 0 0 0 0 0 0 0 0 0 0 0 0 0 0 0 0 0 0 0 0 0 0 0 0 0 0 0 0 0 0 0 0 0 0 0 0 0 0 0 0 0 0 0 0 0 0 0 0 0 0 0 0 0 0 0 0 0 0 0 0 0 0 0 0 0 0 0
2.88297 3.54218e-07 7.27536e-08 2.81465e-07 0.794608 0.612916 0 0 0 0 0 0 0 0 0 0 0 0 0 0 0 0 0 0 0 0 0 0 0 0 0 0 0 0 0 0 0 0 0 0 0 0 0 0 0 0 0 0 0 0 0 0 0 0 0 0 0 0 0 0 0 0 0 0 0 0 0 0 0 0 0 0 0 0 0 0 0 0 0 0 0 0 0 0 0 0 0 0 0 0 0 0 0 0 0 0 0 0 0 0 0 0 0 0 0 0 0 0 0 0 0 0 0 0 0 0 0 0 0 0 0 0 0 0 0 0 0 0 0 0 0 0 0 0 0 0 0 0 0 0 0 0
3.03095 3.39896e-07 3.40041e-08 3.05892e-07 0.899957 0.653728 0 0 0 0 0 0 0 0 0 0 0 0 0 0 0 0 0 0 0 0 0 0 0 0 0 0 0 0 0 0 0 0 0 0 0 0 0 0 0 0 0 0 0 0 0 0 0 0 0 0 0 0 0 0 0 0 0 0 0 0 0 0 0 0 0 0 0 0 0 0 0 0 0 0 0 0 0 0 0 0 0 0 0 0 0 0 0 0 0 0 0 0 0 0 0 0 0 0 0 0 0 0 0 0 0 0 0 0 0 0 0 0 0 0 0 0 0 0 0 0 0 0 0 0 0 0 0 0 0 0 0 0 0 0 0 0
3.18653 3.73735e-07 3.34593e-08 3.40276e-07 0.910473 0.682215 0 0 0 0 0 0 0 0 0 0 0 0 0 0 0 0 0 0 0 0 0 0 0 0 0 0 0 0 0 0 0 0 0 0 0 0 0 0 0 0 0 0 0 0 0 0 0 0 0 0 0 0 0 0 0 0 0 0 0 0 0 0 0 0 0 0 0 0 0 0 0 0 0 0 0 0 0 0 0 0 0 0 0 0 0 0 0 0 0 0 0 0 0 0 0 0 0 0 0 0 0 0 0 0 0 0 0 0 0 0 0 0 0 0 0 0 0 0 0 0 0 0 0 0 0 0 0 0 0 0 0 0 0 0 0 0
3.35009 3.83071e-07 5.30561e-08 3.30015e-07 0.861498 0.696567 0 0 0 0 0 0 0 0 0 0 0 0 0 0 0 0 0 0 0 0 0 0 0 0 0 0 0 0 0 0 0 0 0 0 0 0 0 0 0 0 0 0 0 0 0 0 0 0 0 0 0 0 0 0 0 0 0 0 0 0 0 0 0 0 0 0 0 0 0 0 0 0 0 0 0 0 0 0 0 0 0 0 0 0 0 0 0 0 0 0 0 0 0 0 0 0 0 0 0 0 0 0 0 0 0 0 0 0 0 0 0 0 0 0 0 0 0 0 0 0 0 0 0 0 0 0 0 0 0 0 0 0 0 0 0 0
3.52205 3.79792e-07 5.5504e-08 3.24288e-07 0.853857 0.662583 0 0 0 0 0 0 0 0 0 0 0 0 0 0 0 0 0 0 0 0 0 0 0 0 0 0 0 0 0 0 0 0 0 0 0 0 0 0 0 0 0 0 0 0 0 0 0 0 0 0 0 0 0 0 0 0 0 0 0 0 0 0 0 0 0 0 0 0 0 0 0 0 0 0 0 0 0 0 0 0 0 0 0 0 0 0 0 0 0 0 0 0 0 0 0 0 0 0 0 0 0 0 0 0 0 0 0 0 0 0 0 0 0 0 0 0 0 0 0 0 0 0 0 0 0 0 0 0 0 0 0 0 0 0 0 0
3.70284 3.64968e-07 3.20482e-08 3.32919e-07 0.912189 0.634698 0 0 0 0 0 0 0 0 0 0 0 0 0 0 0 0 0 0 0 0 0 0 0 0 0 0 0 0 0 0 0 0 0 0 0 0 0 0 0 0 0 0 0 0 0 0 0 0 0 0 0 0 0 0 0 0 0 0 0 0 0 0 0 0 0 0 0 0 0 0 0 0 0 0 0 0 0 0 0 0 0 0 0 0 0 0 0 0 0 0 0 0 0 0 0 0 0 0 0 0 0 0 0 0 0 0 0 0 0 0 0 0 0 0 0 0 0 0 0 0 0 0 0 0 0 0 0 0 0 0 0 0 0 0 0 0
3.89291 3.65679e-07 2.67929e-08 3.38886e-07 0.926731 0.648604 0 0 0 0 0 0 0 0 0 0 0 0 0 0 0 0 0 0 0 0 0 0 0 0 0 0 0 0 0 0 0 0 0 0 0 0 0 0 0 0 0 0 0 0 0 0 0 0 0 0 0 0 0 0 0 0 0 0 0 0 0 0 0 0 0 0 0 0 0 0 0 0 0 0 0 0 0 0 0 0 0 0 0 0 0 0 0 0 0 0 0 0 0 0 0 0 0 0 0 0 0 0 0 0 0 0 0 0 0 0 0 0 0 0 0 0 0 0 0 0 0 0 0 0 0 0 0 0 0 0 0 0 0 0 0 0
4.09273 3.79433e-07 2.73676e-08 3.52066e-07 0.927872 0.671101 0 0 0 0 0 0 0 0 0 0 0 0 0 0 0 0 0 0 0 0 0 0 0 0 0 0 0 0 0 0 0 0 0 0 0 0 0 0 0 0 0 0 0 0 0 0 0 0 0 0 0 0 0 0 0 0 0 0 0 0 0 0 0 0 0 0 0 0 0 0 0 0 0 0 0 0 0 0 0 0 0 0 0 0 0 0 0 0 0 0 0 0 0 0 0 0 0 0 0 0 0 0 0 0 0 0 0 0 0 0 0 0 0 0 0 0 0 0 0 0 0 0 0 0 0 0 0 0 0 0 0 0 0 0 0 0
4.30281 3.8516e-07 3.0772e-08 3.54388e-07 0.920106 0.684273 0 0 0 0 0 0 0 0 0 0 0 0 0 0 0 0 0 0 0 0 0 0 0 0 0 0 0 0 0 0 0 0 0 0 0 0 0 0 0 0 0 0 0 0 0 0 0 0 0 0 0 0 0 0 0 0 0 0 0 0 0 0 0 0 0 0 0 0 0 0 0 0 0 0 0 0 0 0 0 0 0 0 0 0 0 0 0 0 0 0 0 0 0 0 0 0 0 0 0 0 0 0 0 0 0 0 0 0 0 0 0 0 0 0 0 0 0 0 1.4013e-45 0 1.4013e-45 0 1.4013e-45 0 2.8026e-45 0 4.2039e-45 0 5.60519e-45 0 8.40779e-45 0 1.26117e-44 0 1.82169e-44 0
4.52368 3.64453e-07 3.21279e-08 3.32325e-07 0.911846 0.675611 0 0 0 0 0 0 0 0 0 0 0 0 0 0 0 0 0 0 0 0 0 0 0 0 0 0 0 0 0 0 0 0 0 0 0 0 0 0 0 0 0 0 0 0 0 0 0 0 0 0 0 0 0 0 0 0 0 0 0 0 0 0 0 0 0 0 0 0 0 0 0 0 0 0 0 0 0 0 0 0 0 0 0 0 0 0 0 0 0 0 0 0 0 0 0 0 1.4013e-45 0 1.4013e-45 0 2.8026e-45 0 4.2039e-45 0 7.00649e-45 0 1.12104e-44 0 1.68156e-44 0 2.8026e-44 0 4.2039e-44 0 6.86636e-44 0 1.05097e-43 0 1.59748e-43 0 2.34017e-43 0 3.5593e-43 0 5.17079e-43 0 7.80523e-43 0 1.12805e-42 0 1.62691e-42 0 2.33877e-42 0 3.35611e-42 0
4.75588 3.25066e-07 2.83913e-08 2.96674e-07 0.91266 0.64192 0 0 0 0 0 0 0 0 0 0 0 0 0 0 0 0 0 0 0 0 0 0 0 0 0 0 0 0 0 0 0 0 0 0 0 0 0 0 0 0 0 0 0 0 0 0 0 0 0 0 0 0 0 0 0 0 0 0 0 0 0 0 0 0 0 0 0 0 0 0 0 0 0 0 0 0 0 0 0 0 1.4013e-45 0 2.8026e-45 0 4.2039e-45 0 8.40779e-45 0 1.54143e-44 0 2.8026e-44 0 4.90454e-44 0 8.54792e-44 0 1.44334e-43 0 2.45227e-43 0 3.96567e-43 0 6.67018e-43 0 1.06779e-42 0 1.70258e-42 0 2.5938e-42 0 4.1044e-42 0 6.21055e-42 0 9.75584e-42 0 1.46576e-41 0 2.19555e-41 0 3.14984e-41 0 4.68987e-41 0 6.69288e-41 0 9.9076e-41 0 1.40662e-40 0 1.99223e-40 0 2.81491e-40 0 3.96794e-40 0
5 2.92396e-07 2.3005e-08 2.69391e-07 0.921322 0.598833 0 0 0 0 0 0 0 0 0 0 0 0 0 0 0 0 0 0 0 0 0 0 0 0 0 0 0 0 0 0 0 0 0 0 0 0 0 0 0 0 0 0 0 0 0 0 0 0 0 0 0 0 0 0 0 0 0 0 0 0 0 0 0 0 0 0 1.4013e-45 0 2.8026e-45 0 5.60519e-45 0 1.12104e-44 0 2.52234e-44 0 5.04467e-44 0 9.66896e-44 0 1.9478e-43 0 3.68541e-43 0 6.61413e-43 0 1.23454e-42 0 2.18883e-42 0 3.69382e-42 0 6.474e-42 0 1.0811e-41 0 1.79604e-41 0 2.96907e-41 0 4.68678e-41 0 7.67617e-41 0 1.20154e-40 0 1.8734e-40 0 2.79588e-40 0 4.32715e-40 0 6.41523e-40 0 9.85756e-40 0 1.45202e-39 0 2.13237e-39 0 3.00577e-39 0 4.38929e-39 0 6.15609e-39 0 8.94017e-39 0 1.24773e-38 0 1.73741e-38 0 2.41379e-38 0 3.34596e-38 0
5.25665 2.7441e-07 1.94138e-08 2.54996e-07 0.929253 0.564959 0 0 0 0 0 0 0 0 0 0 0 0 0 0 0 0 0 0 0 0 0 0 0 0 0 0 0 0 0 0 0 0 0 0 0 0 0 0 0 0 0 0 0 0 0 0 0 0 0 0 0 0 0 0 0 0 1.4013e-45 0 4.2039e-45 0 1.12104e-44 0 2.94273e-44 0 7.28675e-44 0 1.65353e-43 0 3.69943e-43 0 7.86128e-43 0 1.64793e-42 0 3.41917e-42 0 6.71923e-42 0 1.25248e-41 0 2.42032e-41 0 4.44268e-41 0 7.75843e-41 0 1.40469e-40 0 2.42252e-40 0 3.98549e-40 0 6.79663e-40 0 1.10681e-39 0 1.79381e-39 0 2.89354e-39 0 4.46687e-39 0 7.14188e-39 0 1.09373e-38 0 1.66872e-38 0 2.4422e-38 0 3.70001e-38 0 5.38101e-38 0 8.09679e-38 0 1.17032e-37 0 1.68673e-37 0 2.33808e-37 0 3.35173e-37 0 4.62388e-37 0 6.59381e-37 0 9.05407e-37 0 1.24052e-36 0 1.69601e-36 0 2.3138e-36 0
5.52648 2.66114e-07 1.82607e-08 2.47853e-07 0.93138 0.548154 0 0 0 0 0 0 0 0 0 0 0 0 0 0 0 0 0 0 0 0 0 0 0 0 0 0 0 0 0 0 0 0 0 0 0 0 0 0 0 0 0 0 0 0 0 0 1.4013e-45 0 2.8026e-45 0 9.80909e-45 0 3.22299e-44 0 9.80909e-44 0 2.69049e-43 0 7.20267e-43 0 1.80627e-42 0 4.45753e-42 0 1.03416e-41 0 2.26085e-41 0 4.88507e-41 0 9.98103e-41 0 2.01899e-40 0 4.04418e-40 0 7.68916e-40 0 1.3902e-39 0 2.60157e-39 0 4.63577e-39 0 7.87828e-39 0 1.38563e-38 0 2.32691e-38 0 3.73626e-38 0 6.2077e-38 0 9.87124e-38 0 1.56255e-37 0 2.46235e-37 0 3.72149e-37 0 5.81533e-37 0 8.72242e-37 0 1.30362e-36 0 1.87272e-36 0 2.78027e-36 0 3.97013e-36 0 5.85585e-36 0 8.31322e-36 0 1.17696e-35 0 1.60565e-35 0 2.26165e-35 0 3.07142e-35 0 4.30471e-35 0 5.82006e-35 0 7.85256e-35 0 1.05731e-34 0 1.42074e-34 0
5.81015 2.59765e-07 1.90092e-08 2.40756e-07 0.926822 0.548688 0 0 0 0 0 0 0 0 0 0 0 0 0 0 0 0 0 0 0 0 0 0 0 0 0 0 0 0 0 0 0 0 0 0 0 0 0 0 0 0 1.4013e-45 0 8.40779e-45 0 3.50325e-44 0 1.42932e-43 0 5.11474e-43 0 1.69137e-42 0 5.1778e-42 0 1.51144e-41 0 3.92672e-41 0 1.00228e-40 0 2.4026e-40 0 5.67295e-40 0 1.26297e-39 0 2.65779e-39 0 5.5305e-39 0 1.09125e-38 0 2.13277e-38 0 4.12963e-38 0 7.60914e-38 0 1.33653e-37 0 2.42575e-37 0 4.20227e-37 0 6.95903e-37 0 1.19067e-36 0 1.94954e-36 0 3.05878e-36 0 4.95766e-36 0 7.70696e-36 0 1.19291e-35 0 1.83856e-35 0 2.72325e-35 0 4.16372e-35 0 6.12276e-35 0 8.97306e-35 0 1.26643e-34 0 1.84424e-34 0 2.5881e-34 0 3.74564e-34 0 5.22727e-34 0 7.27604e-34 0 9.77683e-34 0 1.35428e-33 0 1.8119e-33 0 2.49793e-33 0 3.32789e-33 0 4.42488e-33 0 5.87201e-33 0 7.77738e-33 0
6.10839 2.47573e-07 2.10252e-08 2.26548e-07 0.915075 0.562278 0 0 0 0 0 0 0 0 0 0 0 0 0 0 0 0 0 0 0 0 0 0 0 0 0 0 0 0 0 0 0 0 0 0 1.4013e-45 0 8.40779e-45 0 5.60519e-44 0 3.04082e-43 0 1.44194e-42 0 6.0466e-42 0 2.2631e-41 0 7.61297e-41 0 2.37255e-40 0 6.87869e-40 0 1.9056e-39 0 4.72531e-39 0 1.15219e-38 0 2.64653e-38 0 5.9922e-38 0 1.28292e-37 0 2.60346e-37 0 5.22706e-37 0 9.97715e-37 0 1.8872e-36 0 3.53813e-36 0 6.32761e-36 0 1.08128e-35 0 1.90619e-35 0 3.21479e-35 0 5.19424e-35 0 8.65719e-35 0 1.38377e-34 0 2.12387e-34 0 3.36215e-34 0 5.11526e-34 0 7.75049e-34 0 1.16957e-33 0 1.69945e-33 0 2.54506e-33 0 3.67272e-33 0 5.28295e-33 0 7.33181e-33 0 1.04828e-32 0 1.44696e-32 0 2.05666e-32 0 2.82387e-32 0 3.86769e-32 0 5.1226e-32 0 6.9838e-32 0 9.21181e-32 0 1.25021e-31 0 1.64244e-31 0 2.15368e-31 0 2.81881e-31 0 3.68259e-31 0
6.42193 2.26293e-07 2.1896e-08 2.04397e-07 0.903241 0.577837 0 0 0 0 0 0 0 0 0 0 0 0 0 0 0 0 0 0 0 0 0 0 0 0 0 0 0 0 0 0 1.4013e-45 0 2.10195e-44 0 1.9478e-43 0 1.48678e-42 0 8.71047e-42 0 4.33618e-41 0 1.90502e-40 0 7.45124e-40 0 2.61497e-39 0 8.29088e-39 0 2.44433e-38 0 6.7279e-38 0 1.77337e-37 0 4.2067e-37 0 9.82052e-37 0 2.16599e-36 0 4.71234e-36 0 9.72096e-36 0 1.9057e-35 0 3.69812e-35 0 6.83947e-35 0 1.25406e-34 0 2.28007e-34 0 3.96358e-34 0 6.59816e-34 0 1.13144e-33 0 1.86009e-33 0 2.93583e-33 0 4.77259e-33 0 7.45581e-33 0 1.12066e-32 0 1.7347e-32 0 2.5857e-32 0 3.83909e-32 0 5.67808e-32 0 8.10137e-32 0 1.18956e-31 0 1.68616e-31 0 2.38275e-31 0 3.25434e-31 0 4.57244e-31 0 6.21288e-31 0 8.68047e-31 0 1.17355e-30 0 1.58286e-30 0 2.06786e-30 0 2.77684e-30 0 3.61354e-30 0 4.83165e-30 0 6.26347e-30 0 8.10513e-30 0 1.04698e-29 0 1.35008e-29 0
6.75157 1.9559e-07 2.23555e-08 1.73235e-07 0.885702 0.585902 0 0 0 0 0 0 0 0 0 0 0 0 0 0 0 0 0 0 0 0 0 0 0 0 0 0 0 0 1.68156e-44 0 2.84464e-43 0 3.30706e-42 0 2.76098e-41 0 1.90487e-40 0 1.02334e-39 0 4.7102e-39 0 1.92506e-38 0 7.04455e-38 0 2.32525e-37 0 6.96847e-37 0 1.94882e-36 0 5.1053e-36 0 1.28348e-35 0 2.91888e-35 0 6.53783e-35 0 1.38734e-34 0 2.90591e-34 0 5.78629e-34 0 1.09767e-33 0 2.06224e-33 0 3.70121e-33 0 6.58848e-33 0 1.16342e-32 0 1.96858e-32 0 3.19655e-32 0 5.33895e-32 0 8.56678e-32 0 1.32232e-31 0 2.09921e-31 0 3.20877e-31 0 4.72801e-31 0 7.16413e-31 0 1.04725e-30 0 1.52518e-30 0 2.21308e-30 0 3.10325e-30 0 4.47198e-30 0 6.23181e-30 0 8.65889e-30 0 1.16476e-29 0 1.60958e-29 0 2.15455e-29 0 2.96152e-29 0 3.9453e-29 0 5.24414e-29 0 6.76219e-29 0 8.95088e-29 0 1.14991e-28 0 1.51588e-28 0 1.94036e-28 0 2.47948e-28 0 3.16309e-28 0 4.02847e-28 0
7.09813 1.67733e-07 2.19588e-08 1.45774e-07 0.869085 0.574857 0 0 0 0 0 0 0 0 0 0 0 0 0 0 0 0 0 0 0 0 0 0 0 0 1.4013e-45 0 1.03696e-43 0 2.56578e-42 0 3.76179e-41 0 3.87469e-40 0 2.91673e-39 0 1.83126e-38 0 9.06263e-38 0 3.87171e-37 0 1.47726e-36 0 5.07408e-36 0 1.57999e-35 0 4.48795e-35 0 1.19365e-34 0 2.98335e-34 0 7.17011e-34 0 1.5665e-33 0 3.37325e-33 0 6.89992e-33 0 1.39401e-32 0 2.68398e-32 0 4.93486e-32 0 8.99026e-32 0 1.5681e-31 0 2.71387e-31 0 4.66105e-31 0 7.68681e-31 0 1.21898e-30 0 1.98561e-30 0 3.11336e-30 0 4.70483e-30 0 7.30237e-30 0 1.09332e-29 0 1.58077e-29 0 2.34716e-29 0 3.36807e-29 0 4.81592e-29 0 6.86215e-29 0 9.46482e-29 0 1.33982e-28 0 1.83707e-28 0 2.51188e-28 0 3.33033e-28 0 4.53004e-28 0 5.9781e-28 0 8.09052e-28 0 1.06282e-27 0 1.39322e-27 0 1.77436e-27 0 2.31673e-27 0 2.94009e-27 0 3.82388e-27 0 4.83599e-27 0 6.10614e-27 0 7.69757e-27 0 9.68845e-27 0
7.46248 1.4018e-07 1.74391e-08 1.22741e-07 0.875594 0.544626 0 0 0 0 0 0 0 0 0 0 0 0 0 0 0 0 0 0 0 0 0 0 2.8026e-45 0 2.63444e-43 0 1.1429e-41 0 2.42954e-40 0 3.12374e-39 0 2.87125e-38 0 1.95852e-37 0 1.12416e-36 0 5.14544e-36 0 2.04777e-35 0 7.3188e-35 0 2.36688e-34 0 6.97249e-34 0 1.88211e-33 0 4.77234e-33 0 1.14061e-32 0 2.62643e-32 0 5.5233e-32 0 1.14565e-31 0 2.26295e-31 0 4.41757e-31 0 8.23772e-31 0 1.47024e-30 0 2.60116e-30 0 4.41543e-30 0 7.43972e-30 0 1.24447e-29 0 2.0028e-29 0 3.10536e-29 0 4.93927e-29 0 7.57637e-29 0 1.12207e-28 0 1.70459e-28 0 2.50234e-28 0 3.55345e-28 0 5.17536e-28 0 7.29662e-28 0 1.02527e-27 0 1.43586e-27 0 1.94959e-27 0 2.71337e-27 0 3.6635e-27 0 4.93327e-27 0 6.45123e-27 0 8.64439e-27 0 1.12542e-26 0 1.50076e-26 0 1.94541e-26 0 2.51669e-26 0 3.16756e-26 0 4.08228e-26 0 5.12077e-26 0 6.57515e-26 0 8.22069e-26 0 1.02623e-25 0 1.27915e-25 0 1.592e-25 0
7.84553 1.18149e-07 1.53145e-08 1.02834e-07 0.870379 0.501977 0 0 0 0 0 0 0 0 0 0 0 0 0 0 0 0 0 0 0 0 0 0 3.30706e-43 0 3.00298e-41 0 1.0865e-39 0 1.98942e-38 0 2.258e-37 0 1.86244e-36 0 1.15672e-35 0 6.0964e-35 0 2.5907e-34 0 9.638e-34 0 3.23697e-33 0 9.88525e-33 0 2.76243e-32 0 7.10383e-32 0 1.72127e-31 0 3.94257e-31 0 8.7161e-31 0 1.76764e-30 0 3.53816e-30 0 6.7603e-30 0 1.2773e-29 0 2.31048e-29 0 4.00867e-29 0 6.89733e-29 0 1.14095e-28 0 1.87408e-28 0 3.05708e-28 0 4.80697e-28 0 7.29533e-28 0 1.13437e-27 0 1.70405e-27 0 2.4758e-27 0 3.68508e-27 0 5.30926e-27 0 7.41141e-27 0 1.05979e-26 0 1.46932e-26 0 2.03058e-26 0 2.79738e-26 0 3.74197e-26 0 5.12455e-26 0 6.8183e-26 0 9.04909e-26 0 1.16795e-25 0 1.54281e-25 0 1.98288e-25 0 2.6073e-25 0 3.33724e-25 0 4.26332e-25 0 5.30598e-25 0 6.75404e-25 0 8.37896e-25 0 1.06282e-24 0 1.3144e-24 0 1.62315e-24 0 2.00154e-24 0 2.4646e-24 0
8.24824 9.92489e-08 1.23789e-08 8.687e-08 0.875274 0.452662 0 0 0 0 0 0 0 0 0 0 0 0 0 0 0 0 0 0 0 0 9.52883e-44 0 3.3833e-41 0 2.46048e-39 0 7.47148e-38 0 1.18701e-36 0 1.19659e-35 0 8.90353e-35 0 5.05804e-34 0 2.45802e-33 0 9.73307e-33 0 3.39596e-32 0 1.07504e-31 0 3.10887e-31 0 8.26256e-31 0 2.02903e-30 0 4.70847e-30 0 1.03571e-29 0 2.20271e-29 0 4.31555e-29 0 8.35036e-29 0 1.54584e-28 0 2.83139e-28 0 4.97556e-28 0 8.40342e-28 0 1.40809e-27 0 2.27271e-27 0 3.6437e-27 0 5.80343e-27 0 8.92592e-27 0 1.32734e-26 0 2.01991e-26 0 2.97461e-26 0 4.24367e-26 0 6.19499e-26 0 8.76766e-26 0 1.20414e-25 0 1.69205e-25 0 2.30878e-25 0 3.1407e-25 0 4.25956e-25 0 5.61751e-25 0 7.57587e-25 0 9.94026e-25 0 1.30114e-24 0 1.65857e-24 0 2.16132e-24 0 2.74399e-24 0 3.56018e-24 0 4.5023e-24 0 5.68332e-24 0 6.99811e-24 0 8.80363e-24 0 1.08073e-23 0 1.35502e-23 0 1.65847e-23 0 2.02705e-23 0 2.47415e-23 0 3.01577e-23 0
8.67162 8.44879e-08 1.08322e-08 7.36557e-08 0.871789 0.403781 0 0 0 0 0 0 0 0 0 0 0 0 0 0 0 0 0 0 2.8026e-45 0 1.09413e-41 0 2.91686e-39 0 1.72071e-37 0 4.42301e-36 0 6.13941e-35 0 5.52867e-34 0 3.72978e-33 0 1.94657e-32 0 8.75688e-32 0 3.24215e-31 0 1.06426e-30 0 3.18476e-30 0 8.74455e-30 0 2.21576e-29 0 5.20772e-29 0 1.15982e-28 0 2.45488e-28 0 5.03212e-28 0 9.54046e-28 0 1.78748e-27 0 3.21102e-27 0 5.71011e-27 0 9.76186e-27 0 1.60707e-26 0 2.62581e-26 0 4.14025e-26 0 6.48657e-26 0 1.00992e-25 0 1.521e-25 0 2.21841e-25 0 3.30742e-25 0 4.77948e-25 0 6.70129e-25 0 9.60363e-25 0 1.33633e-24 0 1.80709e-24 0 2.49748e-24 0 3.35646e-24 0 4.49781e-24 0 6.01005e-24 0 7.8197e-24 0 1.03929e-23 0 1.34568e-23 0 1.73844e-23 0 2.18989e-23 0 2.81704e-23 0 3.53506e-23 0 4.5286e-23 0 5.66173e-23 0 7.06606e-23 0 8.61277e-23 0 1.07141e-22 0 1.30216e-22 0 1.61472e-22 0 1.95692e-22 0 2.36852e-22 0 2.86294e-22 0 3.45609e-22 0
9.11674 7.16588e-08 9.18455e-09 6.24742e-08 0.871829 0.358145 0 0 0 0 0 0 0 0 0 0 0 0 0 0 0 0 0 0 3.237e-43 0 9.47821e-40 0 1.92379e-37 0 9.3002e-36 0 2.04014e-34 0 2.49053e-33 0 2.01458e-32 0 1.23813e-31 0 5.961e-31 0 2.4918e-30 0 8.65449e-30 0 2.68073e-29 0 7.60396e-29 0 1.98739e-28 0 4.81232e-28 0 1.08482e-27 0 2.32339e-27 0 4.74095e-27 0 9.38351e-27 0 1.72433e-26 0 3.13314e-26 0 5.46965e-26 0 9.45704e-26 0 1.57497e-25 0 2.53049e-25 0 4.03666e-25 0 6.22486e-25 0 9.5411e-25 0 1.45373e-24 0 2.14605e-24 0 3.07293e-24 0 4.49294e-24 0 6.37699e-24 0 8.79482e-24 0 1.23844e-23 0 1.69569e-23 0 2.25951e-23 0 3.0738e-23 0 4.07181e-23 0 5.37898e-23 0 7.08649e-23 0 9.10252e-23 0 1.1931e-22 0 1.52547e-22 0 1.94622e-22 0 2.42415e-22 0 3.08028e-22 0 3.82277e-22 0 4.83832e-22 0 5.98335e-22 0 7.3871e-22 0 8.91748e-22 0 1.09756e-21 0 1.32129e-21 0 1.62132e-21 0 1.94657e-21 0 2.33413e-21 0 2.79538e-21 0 3.34366e-21 0
9.5847 6.09173e-08 8.09886e-09 5.28184e-08 0.867051 0.317495 0 0 0 0 0 0 0 0 0 0 0 0 0 0 0 0 0 0 3.39997e-41 0 6.7302e-38 0 1.05391e-35 0 4.21599e-34 0 7.95401e-33 0 8.59339e-32 0 6.27666e-31 0 3.5303e-30 0 1.57412e-29 0 6.13624e-29 0 2.00553e-28 0 5.87853e-28 0 1.5847e-27 0 3.95203e-27 0 9.16515e-27 0 1.98568e-26 0 4.09754e-26 0 8.075e-26 0 1.54585e-25 0 2.75752e-25 0 4.86649e-25 0 8.26764e-25 0 1.39177e-24 0 2.26084e-24 0 3.54933e-24 0 5.53429e-24 0 8.35574e-24 0 1.25429e-23 0 1.87221e-23 0 2.71177e-23 0 3.8155e-23 0 5.47616e-23 0 7.64073e-23 0 1.03736e-22 0 1.43655e-22 0 1.937e-22 0 2.54513e-22 0 3.41071e-22 0 4.45651e-22 0 5.8077e-22 0 7.549e-22 0 9.57881e-22 0 1.23905e-21 0 1.56533e-21 0 1.97346e-21 0 2.43186e-21 0 3.05415e-21 0 3.75059e-21 0 4.69268e-21 0 5.74336e-21 0 7.01822e-21 0 8.39466e-21 0 1.02279e-20 0 1.22018e-20 0 1.48236e-20 0 1.76392e-20 0 2.09645e-20 0 2.48872e-20 0 2.95093e-20 0
10.0767 5.17205e-08 7.25562e-09 4.44649e-08 0.859715 0.282045 0 0 0 0 0 0 0 0 0 0 0 0 0 0 0 0 2.8026e-45 0 2.83296e-39 0 3.87123e-36 0 4.73658e-34 0 1.58249e-32 0 2.58669e-31 0 2.48805e-30 0 1.64915e-29 0 8.52553e-29 0 3.53386e-28 0 1.28904e-27 0 3.97633e-27 0 1.10591e-26 0 2.84034e-26 0 6.77431e-26 0 1.50782e-25 0 3.14575e-25 0 6.26582e-25 0 1.19457e-24 0 2.21548e-24 0 3.84192e-24 0 6.59477e-24 0 1.09176e-23 0 1.79172e-23 0 2.8424e-23 0 4.36514e-23 0 6.66032e-23 0 9.85559e-23 0 1.45038e-22 0 2.12298e-22 0 3.01987e-22 0 4.17875e-22 0 5.89263e-22 0 8.08919e-22 0 1.08197e-21 0 1.4747e-21 0 1.95963e-21 0 2.54077e-21 0 3.35656e-21 0 4.32885e-21 0 5.56887e-21 0 7.14648e-21 0 8.96322e-21 0 1.14494e-20 0 1.43003e-20 0 1.7826e-20 0 2.17439e-20 0 2.70058e-20 0 3.2833e-20 0 4.06331e-20 0 4.92426e-20 0 5.9587e-20 0 7.06529e-20 0 8.52558e-20 0 1.00837e-19 0 1.21346e-19 0 1.43173e-19 0 1.68735e-19 0 1.98636e-19 0 2.33577e-19 0
10.5939 4.38174e-08 6.57309e-09 3.72443e-08 0.849989 0.25121 0 0 0 0 0 0 0 0 0 0 0 0 0 0 0 0 3.69943e-43 0 1.8899e-37 0 1.81533e-34 0 1.75649e-32 0 4.94448e-31 0 7.05147e-30 0 6.07288e-29 0 3.67022e-28 0 1.75113e-27 0 6.77168e-27 0 2.31885e-26 0 6.77024e-26 0 1.79123e-25 0 4.39341e-25 0 1.00431e-24 0 2.14973e-24 0 4.32679e-24 0 8.33314e-24 0 1.53944e-23 0 2.77025e-23 0 4.67656e-23 0 7.81846e-23 0 1.26288e-22 0 2.02301e-22 0 3.13783e-22 0 4.71895e-22 0 7.05315e-22 0 1.02391e-21 0 1.47866e-21 0 2.12448e-21 0 2.97046e-21 0 4.04571e-21 0 5.61009e-21 0 7.58313e-21 0 9.99983e-21 0 1.34249e-20 0 1.75937e-20 0 2.25237e-20 0 2.93538e-20 0 3.73895e-20 0 4.75119e-20 0 6.02335e-20 0 7.4715e-20 0 9.43054e-20 0 1.16515e-19 0 1.43688e-19 0 1.73576e-19 0 2.13311e-19 0 2.56877e-19 0 3.14611e-19 0 3.77712e-19 0 4.52822e-19 0 5.3247e-19 0 6.36656e-19 0 7.46865e-19 0 8.90677e-19 0 1.04244e-18 0 1.21874e-18 0 1.42333e-18 0 1.66051e-18 0
11.1377 3.70759e-08 6.03251e-09 3.10434e-08 0.837293 0.2244 0 0 0 0 0 0 0 0 0 0 0 0 0 0 0 0 3.79738e-41 0 1.02283e-35 0 7.02588e-33 0 5.43803e-31 0 1.30061e-29 0 1.62913e-28 0 1.26304e-27 0 6.99145e-27 0 3.09072e-26 0 1.11882e-25 0 3.60775e-25 0 9.9965e-25 0 2.52211e-24 0 5.92095e-24 0 1.29994e-23 0 2.68105e-23 0 5.21501e-23 0 9.72748e-23 0 1.74397e-22 0 3.04957e-22 0 5.01815e-22 0 8.18165e-22 0 1.29096e-21 0 2.02097e-21 0 3.06819e-21 0 4.52321e-21 0 6.62923e-21 0 9.45013e-21 0 1.34046e-20 0 1.89214e-20 0 2.60265e-20 0 3.4917e-20 0 4.76518e-20 0 6.34699e-20 0 8.25746e-20 0 1.09275e-19 0 1.41329e-19 0 1.78763e-19 0 2.29977e-19 0 2.89493e-19 0 3.63589e-19 0 4.55635e-19 0 5.59265e-19 0 6.97926e-19 0 8.53435e-19 0 1.04175e-18 0 1.24688e-18 0 1.51698e-18 0 1.8103e-18 0 2.19533e-18 0 2.61223e-18 0 3.10408e-18 0 3.62129e-18 0 4.29224e-18 0 4.99616e-18 0 5.90718e-18 0 6.86079e-18 0 7.96014e-18 0 9.22626e-18 0 1.0683e-17 0
11.7094 3.13057e-08 5.52581e-09 2.57799e-08 0.823489 0.201051 0 0 0 0 0 0 0 0 0 0 0 0 0 0 4.2039e-45 0 3.05764e-39 0 4.47281e-34 0 2.23342e-31 0 1.39796e-29 0 2.86343e-28 0 3.17027e-27 0 2.22397e-26 0 1.13239e-25 0 4.65558e-25 0 1.58269e-24 0 4.81999e-24 0 1.27071e-23 0 3.06437e-23 0 6.90037e-23 0 1.45791e-22 0 2.90243e-22 0 5.46518e-22 0 9.88851e-22 0 1.72302e-21 0 2.93184e-21 0 4.70852e-21 0 7.49578e-21 0 1.15669e-20 0 1.77158e-20 0 2.63531e-20 0 3.81211e-20 0 5.48374e-20 0 7.68305e-20 0 1.07136e-19 0 1.48706e-19 0 2.01386e-19 0 2.6633e-19 0 3.57989e-19 0 4.70197e-19 0 6.03919e-19 0 7.88338e-19 0 1.00686e-18 0 1.25902e-18 0 1.59992e-18 0 1.99146e-18 0 2.4735e-18 0 3.06572e-18 0 3.72553e-18 0 4.59921e-18 0 5.56903e-18 0 6.732e-18 0 7.98721e-18 0 9.6248e-18 0 1.13871e-17 0 1.36797e-17 0 1.61398e-17 0 1.90179e-17 0 2.20204e-17 0 2.58847e-17 0 2.99071e-17 0 3.50725e-17 0 4.04378e-17 0 4.65782e-17 0 5.35991e-17 0 6.16192e-17 0
12.3105 2.64151e-08 5.09688e-09 2.13182e-08 0.807047 0.180489 0 0 0 0 0 0 0 0 0 0 0 0 4.2039e-45 0 4.55422e-43 0 1.96827e-37 0 1.61099e-32 0 5.93933e-30 0 3.03773e-28 0 5.36925e-27 0 5.28616e-26 0 3.37183e-25 0 1.5857e-24 0 6.08446e-24 0 1.94849e-23 0 5.61997e-23 0 1.41313e-22 0 3.26444e-22 0 7.06526e-22 0 1.43921e-21 0 2.77049e-21 0 5.05802e-21 0 8.89065e-21 0 1.50771e-20 0 2.49976e-20 0 3.9228e-20 0 6.10478e-20 0 9.22301e-20 0 1.38349e-19 0 2.01849e-19 0 2.86769e-19 0 4.05259e-19 0 5.58521e-19 0 7.66287e-19 0 1.04672e-18 0 1.3967e-18 0 1.82207e-18 0 2.41404e-18 0 3.12877e-18 0 3.96977e-18 0 5.11503e-18 0 6.4553e-18 0 7.98437e-18 0 1.00283e-17 0 1.23497e-17 0 1.51776e-17 0 1.86154e-17 0 2.24075e-17 0 2.73793e-17 0 3.28443e-17 0 3.93372e-17 0 4.62839e-17 0 5.52677e-17 0 6.48528e-17 0 7.72148e-17 0 9.03686e-17 0 1.05633e-16 0 1.21439e-16 0 1.41627e-16 0 1.62485e-16 0 1.89073e-16 0 2.16486e-16 0 2.47644e-16 0 2.83026e-16 0 3.23168e-16 0
12.9424 2.23016e-08 4.71978e-09 1.75818e-08 0.788366 0.162399 0 0 0 0 0 0 0 0 0 0 1.4013e-45 0 5.87144e-43 0 4.45921e-41 0 1.02133e-35 0 4.81173e-31 0 1.32932e-28 0 5.61062e-27 0 8.61934e-26 0 7.5894e-25 0 4.42225e-24 0 1.92829e-23 0 6.92881e-23 0 2.09631e-22 0 5.74158e-22 0 1.38015e-21 0 3.06055e-21 0 6.37894e-21 0 1.25504e-20 0 2.33993e-20 0 4.14823e-20 0 7.09343e-20 0 1.17231e-19 0 1.89627e-19 0 2.91101e-19 0 4.43343e-19 0 6.56438e-19 0 9.65382e-19 0 1.38273e-18 0 1.93107e-18 0 2.68328e-18 0 3.64059e-18 0 4.91833e-18 0 6.61674e-18 0 8.70562e-18 0 1.12105e-17 0 1.465e-17 0 1.87486e-17 0 2.35132e-17 0 2.99241e-17 0 3.73383e-17 0 4.57058e-17 0 5.67706e-17 0 6.92055e-17 0 8.42001e-17 0 1.02247e-16 0 1.21967e-16 0 1.47578e-16 0 1.7547e-16 0 2.08315e-16 0 2.43163e-16 0 2.87858e-16 0 3.35154e-16 0 3.95655e-16 0 4.59514e-16 0 5.33056e-16 0 6.08655e-16 0 7.04529e-16 0 8.02887e-16 0 9.27376e-16 0 1.05484e-15 0 1.19876e-15 0 1.36113e-15 0 1.54415e-15 0
13.6067 1.88299e-08 4.36729e-09 1.44626e-08 0.768066 0.146341 0 0 0 0 0 0 0 0 0 0 2.07392e-43 0 5.57493e-41 0 3.42793e-39 0 4.29778e-34 0 1.19734e-29 0 2.51392e-27 0 8.83842e-26 0 1.18826e-24 0 9.40844e-24 0 5.03016e-23 0 2.0412e-22 0 6.89052e-22 0 1.97503e-21 0 5.14974e-21 0 1.186e-20 0 2.52971e-20 0 5.08682e-20 0 9.68293e-20 0 1.75123e-19 0 3.01899e-19 0 5.02898e-19 0 8.10985e-19 0 1.28137e-18 0 1.92632e-18 0 2.87412e-18 0 4.1748e-18 0 6.02509e-18 0 8.47978e-18 0 1.1651e-17 0 1.59314e-17 0 2.12956e-17 0 2.83503e-17 0 3.75919e-17 0 4.88014e-17 0 6.2072e-17 0 8.00636e-17 0 1.01236e-16 0 1.25567e-16 0 1.57933e-16 0 1.94945e-16 0 2.36288e-16 0 2.90401e-16 0 3.50602e-16 0 4.22502e-16 0 5.08219e-16 0 6.01038e-16 0 7.20509e-16 0 8.4947e-16 0 1.00007e-15 0 1.15858e-15 0 1.36028e-15 0 1.57206e-15 0 1.84087e-15 0 2.12242e-15 0 2.44432e-15 0 2.77297e-15 0 3.18691e-15 0 3.60873e-15 0 4.13904e-15 0 4.67843e-15 0 5.28365e-15 0 5.96221e-15 0 6.72236e-15 0
14.3051 1.59336e-08 4.05827e-09 1.18753e-08 0.745301 0.132052 0 0 0 0 0 0 0 0 7.00649e-45 0 2.04674e-41 0 4.1895e-39 0 2.10676e-37 0 1.48906e-32 0 2.5169e-28 0 4.07027e-26 0 1.20272e-24 0 1.42429e-23 0 1.01937e-22 0 5.02169e-22 0 1.90307e-21 0 6.05373e-21 0 1.64823e-20 0 4.10117e-20 0 9.06811e-20 0 1.86398e-19 0 3.62247e-19 0 6.68215e-19 0 1.17405e-18 0 1.97088e-18 0 3.20226e-18 0 5.04495e-18 0 7.79505e-18 0 1.14876e-17 0 1.68082e-17 0 2.39738e-17 0 3.39848e-17 0 4.70391e-17 0 6.36356e-17 0 8.56954e-17 0 1.12938e-16 0 1.48265e-16 0 1.93907e-16 0 2.48541e-16 0 3.12436e-16 0 3.98019e-16 0 4.9754e-16 0 6.10665e-16 0 7.59516e-16 0 9.27923e-16 0 1.1142e-15 0 1.35565e-15 0 1.62169e-15 0 1.93654e-15 0 2.30851e-15 0 2.70786e-15 0 3.21751e-15 0 3.76303e-15 0 4.39498e-15 0 5.05516e-15 0 5.8889e-15 0 6.75782e-15 0 7.85259e-15 0 8.99092e-15 0 1.02834e-14 0 1.15944e-14 0 1.3235e-14 0 1.48961e-14 0 1.69711e-14 0 1.90683e-14 0 2.14076e-14 0 2.40148e-14 0 2.69184e-14 0
15.0394 1.35159e-08 3.77875e-09 9.73711e-09 0.720421 0.119293 0 0 0 0 0 0 0 0 7.45491e-43 0 1.59315e-39 0 2.51482e-37 0 1.04445e-35 0 4.2798e-31 0 4.49729e-27 0 5.67372e-25 0 1.42105e-23 0 1.49154e-22 0 9.69703e-22 0 4.41921e-21 0 1.56927e-20 0 4.71771e-20 0 1.22317e-19 0 2.91104e-19 0 6.19202e-19 0 1.22879e-18 0 2.31182e-18 0 4.13887e-18 0 7.0746e-18 0 1.15795e-17 0 1.83736e-17 0 2.83112e-17 0 4.28246e-17 0 6.19273e-17 0 8.89412e-17 0 1.24678e-16 0 1.73755e-16 0 2.36712e-16 0 3.15539e-16 0 4.18794e-16 0 5.44539e-16 0 7.05437e-16 0 9.10587e-16 0 1.15309e-15 0 1.43342e-15 0 1.80461e-15 0 2.23139e-15 0 2.71148e-15 0 3.33668e-15 0 4.03686e-15 0 4.80414e-15 0 5.78948e-15 0 6.86534e-15 0 8.12753e-15 0 9.6059e-15 0 1.11802e-14 0 1.3173e-14 0 1.52891e-14 0 1.77219e-14 0 2.02452e-14 0 2.3409e-14 0 2.66832e-14 0 3.07794e-14 0 3.50091e-14 0 3.97801e-14 0 4.45895e-14 0 5.05711e-14 0 5.65905e-14 0 6.40643e-14 0 7.15728e-14 0 7.99005e-14 0 8.91299e-14 0 9.93513e-14 0
15.8114 1.15008e-08 3.52399e-09 7.97679e-09 0.693587 0.107871 0 0 0 0 0 0 0 0 6.72946e-41 0 9.8847e-38 0 1.21867e-35 0 4.21942e-34 0 1.0294e-29 0 6.88279e-26 0 6.85657e-24 0 1.46743e-22 0 1.3732e-21 0 8.14781e-21 0 3.44815e-20 0 1.15099e-19 0 3.27916e-19 0 8.11552e-19 0 1.85137e-18 0 3.79554e-18 0 7.28429e-18 0 1.3288e-17 0 2.31228e-17 0 3.85029e-17 0 6.15225e-17 0 9.54442e-17 0 1.43994e-16 0 2.13455e-16 0 3.03161e-16 0 4.27777e-16 0 5.8985e-16 0 8.08823e-16 0 1.08537e-15 0 1.42665e-15 0 1.8675e-15 0 2.3973e-15 0 3.06664e-15 0 3.90943e-15 0 4.89382e-15 0 6.01929e-15 0 7.49326e-15 0 9.16984e-15 0 1.10373e-14 0 1.34453e-14 0 1.61161e-14 0 1.9017e-14 0 2.27096e-14 0 2.67066e-14 0 3.13571e-14 0 3.67597e-14 0 4.24684e-14 0 4.96391e-14 0 5.71955e-14 0 6.58201e-14 0 7.47045e-14 0 8.5769e-14 0 9.71423e-14 0 1.11276e-13 0 1.25775e-13 0 1.42026e-13 0 1.58313e-13 0 1.7845e-13 0 1.98597e-13 0 2.23468e-13 0 2.48312e-13 0 2.75718e-13 0 3.05929e-13 0 3.3921e-13 0
16.623 9.82003e-09 3.29089e-09 6.52914e-09 0.66488 0.0976095 0 0 0 0 0 0 8.40779e-45 0 4.80382e-39 0 4.94251e-36 0 4.81708e-34 0 1.40279e-32 0 2.08986e-28 0 9.08941e-25 0 7.23288e-23 0 1.33292e-21 0 1.11831e-20 0 6.08295e-20 0 2.39921e-19 0 7.55082e-19 0 2.04403e-18 0 4.83978e-18 0 1.06051e-17 0 2.09929e-17 0 3.90269e-17 0 6.91339e-17 0 1.17091e-16 0 1.9018e-16 0 2.97008e-16 0 4.50996e-16 0 6.66881e-16 0 9.69754e-16 0 1.35391e-15 0 1.87859e-15 0 2.55003e-15 0 3.4432e-15 0 4.55462e-15 0 5.90735e-15 0 7.6318e-15 0 9.67816e-15 0 1.22324e-14 0 1.54104e-14 0 1.90803e-14 0 2.32324e-14 0 2.86138e-14 0 3.46725e-14 0 4.13575e-14 0 4.98975e-14 0 5.92825e-14 0 6.93903e-14 0 8.21494e-14 0 9.58463e-14 0 1.11658e-13 0 1.29884e-13 0 1.49e-13 0 1.72837e-13 0 1.97775e-13 0 2.26042e-13 0 2.54972e-13 0 2.90768e-13 0 3.27329e-13 0 3.72477e-13 0 4.18497e-13 0 4.69777e-13 0 5.20879e-13 0 5.83711e-13 0 6.4623e-13 0 7.22981e-13 0 7.99234e-13 0 8.8292e-13 0 9.74704e-13 0 1.0753e-12 0
17.4762 8.41981e-09 3.07722e-09 5.34259e-09 0.634527 0.0883775 0 0 0 0 0 0 9.64093e-43 0 2.74475e-37 0 2.01274e-34 0 1.56863e-32 0 3.87473e-31 0 3.61092e-27 0 1.04327e-23 0 6.7045e-22 0 1.0717e-20 0 8.10456e-20 0 4.05853e-19 0 1.49702e-18 0 4.45494e-18 0 1.14873e-17 0 2.60784e-17 0 5.49965e-17 0 1.05297e-16 0 1.89914e-16 0 3.2716e-16 0 5.40034e-16 0 8.566e-16 0 1.30897e-15 0 1.94749e-15 0 2.82525e-15 0 4.03396e-15 0 5.54094e-15 0 7.56627e-15 0 1.01185e-14 0 1.34637e-14 0 1.7568e-14 0 2.24983e-14 0 2.87046e-14 0 3.59816e-14 0 4.49607e-14 0 5.60065e-14 0 6.86248e-14 0 8.27589e-14 0 1.00897e-13 0 1.2112e-13 0 1.43234e-13 0 1.71234e-13 0 2.01736e-13 0 2.34325e-13 0 2.75134e-13 0 3.186e-13 0 3.68401e-13 0 4.25384e-13 0 4.84732e-13 0 5.58219e-13 0 6.34572e-13 0 7.20554e-13 0 8.08009e-13 0 9.15557e-13 0 1.02474e-12 0 1.15874e-12 0 1.29452e-12 0 1.44497e-12 0 1.59409e-12 0 1.77648e-12 0 1.957e-12 0 2.17747e-12 0 2.39537e-12 0 2.63335e-12 0 2.89309e-12 0 3.17642e-12 0
18.3733 7.25102e-09 2.88087e-09 4.37015e-09 0.602695 0.0800597 0 0 0 0 0 0 8.22758e-41 0 1.26894e-35 0 6.74264e-33 0 4.24815e-31 0 8.97266e-30 0 5.35175e-26 0 1.04786e-22 0 5.49543e-21 0 7.6725e-20 0 5.25647e-19 0 2.43318e-18 0 8.42085e-18 0 2.376e-17 0 5.84976e-17 0 1.2759e-16 0 2.59448e-16 0 4.81234e-16 0 8.43322e-16 0 1.4147e-15 0 2.27876e-15 0 3.53405e-15 0 5.2897e-15 0 7.71887e-15 0 1.09963e-14 0 1.54301e-14 0 2.08685e-14 0 2.80662e-14 0 3.70043e-14 0 4.85563e-14 0 6.25405e-14 0 7.91303e-14 0 9.97655e-14 0 1.23685e-13 0 1.52879e-13 0 1.88406e-13 0 2.28575e-13 0 2.73143e-13 0 3.29801e-13 0 3.92388e-13 0 4.60247e-13 0 5.45442e-13 0 6.37479e-13 0 7.35064e-13 0 8.56341e-13 0 9.84551e-13 0 1.13041e-12 0 1.29612e-12 0 1.46756e-12 0 1.67844e-12 0 1.89611e-12 0 2.13971e-12 0 2.38603e-12 0 2.68717e-12 0 2.99111e-12 0 3.36203e-12 0 3.73573e-12 0 4.14755e-12 0 4.5537e-12 0 5.04794e-12 0 5.53469e-12 0 6.12619e-12 0 6.70793e-12 0 7.34034e-12 0 8.02742e-12 0 8.77345e-12 0
19.3164 6.27368e-09 2.69971e-09 3.57397e-09 0.569676 0.072539 0 0 0 0 0 0 5.5711e-39 0 4.79515e-34 0 1.87555e-31 0 9.65263e-30 0 1.75666e-28 0 6.85369e-25 0 9.26856e-22 0 4.00635e-20 0 4.91794e-19 0 3.06716e-18 0 1.31742e-17 0 4.29122e-17 0 1.151e-16 0 2.71184e-16 0 5.69386e-16 0 1.11838e-15 0 2.01279e-15 0 3.43194e-15 0 5.61359e-15 0 8.83418e-15 0 1.34102e-14 0 1.96808e-14 0 2.81937e-14 0 3.94767e-14 0 5.44854e-14 0 7.26106e-14 0 9.62519e-14 0 1.25204e-13 0 1.62124e-13 0 2.06252e-13 0 2.57983e-13 0 3.21599e-13 0 3.94544e-13 0 4.82649e-13 0 5.88772e-13 0 7.07593e-13 0 8.38241e-13 0 1.00285e-12 0 1.18308e-12 0 1.37691e-12 0 1.61831e-12 0 1.87704e-12 0 2.14937e-12 0 2.4854e-12 0 2.83811e-12 0 3.23665e-12 0 3.68642e-12 0 4.1488e-12 0 4.71396e-12 0 5.29368e-12 0 5.93863e-12 0 6.58714e-12 0 7.37557e-12 0 8.16697e-12 0 9.12748e-12 0 1.009e-11 0 1.11452e-11 0 1.2181e-11 0 1.34353e-11 0 1.46647e-11 0 1.61517e-11 0 1.76073e-11 0 1.91827e-11 0 2.08868e-11 0 2.27291e-11 0
20.3079 5.45533e-09 2.53263e-09 2.9227e-09 0.535752 0.065747 0 0 0 0 0 0 3.02694e-37 0 1.49598e-32 0 4.37203e-30 0 1.85626e-28 0 2.93198e-27 0 7.63937e-24 0 7.26563e-21 0 2.61304e-19 0 2.83799e-18 0 1.61864e-17 0 6.47492e-17 0 1.99091e-16 0 5.08892e-16 0 1.14985e-15 0 2.32839e-15 0 4.42512e-15 0 7.73877e-15 0 1.28558e-14 0 2.05289e-14 0 3.15993e-14 0 4.69999e-14 0 6.7697e-14 0 9.52922e-14 0 1.31253e-13 0 1.78326e-13 0 2.34339e-13 0 3.06393e-13 0 3.93468e-13 0 5.03109e-13 0 6.32567e-13 0 7.82626e-13 0 9.65172e-13 0 1.17233e-12 0 1.42008e-12 0 1.71559e-12 0 2.0434e-12 0 2.40074e-12 0 2.84714e-12 0 3.33183e-12 0 3.84909e-12 0 4.48838e-12 0 5.1684e-12 0 5.87925e-12 0 6.75035e-12 0 7.65852e-12 0 8.67812e-12 0 9.82146e-12 0 1.09898e-11 0 1.24092e-11 0 1.38566e-11 0 1.54578e-11 0 1.70592e-11 0 1.8996e-11 0 2.09298e-11 0 2.32647e-11 0 2.55924e-11 0 2.8132e-11 0 3.06132e-11 0 3.36043e-11 0 3.6523e-11 0 4.0037e-11 0 4.34617e-11 0 4.71528e-11 0 5.11287e-11 0 5.54093e-11 0
21.3503 4.76849e-09 2.37826e-09 2.39023e-09 0.501255 0.0596053 0 0 0 0 0 0 1.33392e-35 0 3.88933e-31 0 8.61478e-29 0 3.0459e-27 0 4.20457e-26 0 7.46175e-23 0 5.07748e-20 0 1.53305e-18 0 1.48199e-17 0 7.76368e-17 0 2.90239e-16 0 8.44802e-16 0 2.06267e-15 0 4.4788e-15 0 8.76224e-15 0 1.61387e-14 0 2.7464e-14 0 4.45071e-14 0 6.9466e-14 0 1.04698e-13 0 1.52735e-13 0 2.1611e-13 0 2.99166e-13 0 4.05672e-13 0 5.42978e-13 0 7.04078e-13 0 9.08592e-13 0 1.15265e-12 0 1.45625e-12 0 1.81062e-12 0 2.21697e-12 0 2.70623e-12 0 3.25603e-12 0 3.90737e-12 0 4.67711e-12 0 5.52343e-12 0 6.43849e-12 0 7.57236e-12 0 8.79372e-12 0 1.00876e-11 0 1.16751e-11 0 1.33517e-11 0 1.50928e-11 0 1.72125e-11 0 1.94082e-11 0 2.18583e-11 0 2.45891e-11 0 2.73635e-11 0 3.0715e-11 0 3.41133e-11 0 3.78527e-11 0 4.15737e-11 0 4.60512e-11 0 5.04997e-11 0 5.58443e-11 0 6.11463e-11 0 6.69043e-11 0 7.25052e-11 0 7.92281e-11 0 8.57598e-11 0 9.35905e-11 0 1.0119e-10 0 1.09347e-10 0 1.181e-10 0 1.27486e-10 0
22.4463 4.19002e-09 2.23527e-09 1.95475e-09 0.466526 0.054039 0 0 0 0 0 0 4.81642e-34 0 8.50125e-30 0 1.44658e-27 0 4.29745e-26 0 5.21863e-25 0 6.42748e-22 0 3.18082e-19 0 8.13191e-18 0 7.03681e-17 0 3.40003e-16 0 1.19182e-15 0 3.29272e-15 0 7.69666e-15 0 1.60913e-14 0 3.04661e-14 0 5.44652e-14 0 9.03111e-14 0 1.42945e-13 0 2.1831e-13 0 3.22507e-13 0 4.61885e-13 0 6.42554e-13 0 8.75491e-13 0 1.16965e-12 0 1.54341e-12 0 1.97611e-12 0 2.51856e-12 0 3.15817e-12 0 3.94474e-12 0 4.85276e-12 0 5.88342e-12 0 7.11224e-12 0 8.48023e-12 0 1.00864e-11 0 1.19679e-11 0 1.40192e-11 0 1.62199e-11 0 1.89258e-11 0 2.18185e-11 0 2.48616e-11 0 2.85696e-11 0 3.24589e-11 0 3.64727e-11 0 4.13291e-11 0 4.6329e-11 0 5.18755e-11 0 5.80219e-11 0 6.42324e-11 0 7.16941e-11 0 7.92194e-11 0 8.74578e-11 0 9.56165e-11 0 1.05387e-10 0 1.15048e-10 0 1.266e-10 0 1.38008e-10 0 1.50341e-10 0 1.62289e-10 0 1.76571e-10 0 1.9039e-10 0 2.0689e-10 0 2.22838e-10 0 2.39893e-10 0 2.58122e-10 0 2.77598e-10 0
23.5984 3.70163e-09 2.10285e-09 1.59878e-09 0.431912 0.0490028 0 0 0 0 2.52234e-44 0 1.43898e-32 0 1.57569e-28 0 2.08646e-26 0 5.25251e-25 0 5.64639e-24 0 4.91321e-21 0 1.796e-18 0 3.91952e-17 0 3.05253e-16 0 1.36573e-15 0 4.50294e-15 0 1.18384e-14 0 2.65483e-14 0 5.35414e-14 0 9.82603e-14 0 1.70751e-13 0 2.76224e-13 0 4.27517e-13 0 6.39555e-13 0 9.2698e-13 0 1.30451e-12 0 1.78576e-12 0 2.39666e-12 0 3.15696e-12 0 4.10976e-12 0 5.19882e-12 0 6.54791e-12 0 8.12057e-12 0 1.00335e-11 0 1.22189e-11 0 1.46754e-11 0 1.7577e-11 0 2.07785e-11 0 2.45057e-11 0 2.8835e-11 0 3.35174e-11 0 3.85038e-11 0 4.45902e-11 0 5.10498e-11 0 5.78003e-11 0 6.59715e-11 0 7.44869e-11 0 8.32229e-11 0 9.37302e-11 0 1.04485e-10 0 1.1635e-10 0 1.29426e-10 0 1.4257e-10 0 1.5828e-10 0 1.74044e-10 0 1.91218e-10 0 2.08147e-10 0 2.28329e-10 0 2.48196e-10 0 2.71845e-10 0 2.95094e-10 0 3.20126e-10 0 3.44279e-10 0 3.73037e-10 0 4.00755e-10 0 4.33722e-10 0 4.65465e-10 0 4.99287e-10 0 5.35311e-10 0 5.73661e-10 0
24.8097 3.28768e-09 1.9798e-09 1.30788e-09 0.397812 0.0444374 0 0 0 0 2.33176e-42 0 3.58995e-31 0 2.49622e-27 0 2.60388e-25 0 5.59986e-24 0 5.36073e-23 0 3.35194e-20 0 9.18554e-18 0 1.72448e-16 0 1.21496e-15 0 5.0524e-15 0 1.57156e-14 0 3.94124e-14 0 8.49673e-14 0 1.65588e-13 0 2.95015e-13 0 4.99013e-13 0 7.88518e-13 0 1.19465e-12 0 1.75237e-12 0 2.4943e-12 0 3.45209e-12 0 4.6537e-12 0 6.15663e-12 0 8.00135e-12 0 1.02829e-11 0 1.28594e-11 0 1.6015e-11 0 1.96538e-11 0 2.40341e-11 0 2.89887e-11 0 3.45066e-11 0 4.09667e-11 0 4.80345e-11 0 5.61962e-11 0 6.56011e-11 0 7.56956e-11 0 8.637e-11 0 9.93087e-11 0 1.12947e-10 0 1.27109e-10 0 1.44145e-10 0 1.61788e-10 0 1.79787e-10 0 2.01314e-10 0 2.23227e-10 0 2.47274e-10 0 2.73637e-10 0 3.00006e-10 0 3.31369e-10 0 3.62686e-10 0 3.96647e-10 0 4.29981e-10 0 4.69544e-10 0 5.08324e-10 0 5.54292e-10 0 5.9929e-10 0 6.47547e-10 0 6.93934e-10 0 7.48959e-10 0 8.01799e-10 0 8.64415e-10 0 9.24484e-10 0 9.88272e-10 0 1.05598e-09 0 1.12781e-09 0
26.0832 2.94681e-09 1.86772e-09 1.07908e-09 0.366187 0.0403953 0 0 0 0 1.72585e-40 0 7.55447e-30 0 3.41041e-26 0 2.83532e-24 0 5.24926e-23 0 4.50035e-22 0 2.05495e-19 0 4.28141e-17 0 6.96565e-16 0 4.46136e-15 0 1.73055e-14 0 5.09279e-14 0 1.22113e-13 0 2.53566e-13 0 4.78323e-13 0 8.28495e-13 0 1.36588e-12 0 2.11062e-12 0 3.13351e-12 0 4.5112e-12 0 6.31144e-12 0 8.59749e-12 0 1.14223e-11 0 1.49061e-11 0 1.91262e-11 0 2.42808e-11 0 3.00349e-11 0 3.70065e-11 0 4.49632e-11 0 5.44468e-11 0 6.50726e-11 0 7.68027e-11 0 9.04204e-11 0 1.052e-10 0 1.22135e-10 0 1.41502e-10 0 1.62139e-10 0 1.83816e-10 0 2.09917e-10 0 2.37249e-10 0 2.65462e-10 0 2.99198e-10 0 3.33933e-10 0 3.69176e-10 0 4.11104e-10 0 4.53558e-10 0 4.99913e-10 0 5.50482e-10 0 6.00824e-10 0 6.60422e-10 0 7.19657e-10 0 7.83612e-10 0 8.46125e-10 0 9.20017e-10 0 9.9215e-10 0 1.07731e-09 0 1.16033e-09 0 1.24904e-09 0 1.334e-09 0 1.43442e-09 0 1.53052e-09 0 1.644e-09 0 1.75248e-09 0 1.86731e-09 0 1.98879e-09 0 2.11726e-09 0
27.4221 2.64521e-09 1.76135e-09 8.83855e-10 0.334135 0.0366469 0 0 0 0 1.01945e-38 0 1.34903e-28 0 4.03824e-25 0 2.70554e-23 0 4.34377e-22 0 3.35316e-21 0 1.13543e-18 0 1.82277e-16 0 2.58799e-15 0 1.51388e-14 0 5.49623e-14 0 1.53444e-13 0 3.52542e-13 0 7.06396e-13 0 1.29188e-12 0 2.17842e-12 0 3.5048e-12 0 5.30193e-12 0 7.72103e-12 0 1.09197e-11 0 1.50288e-11 0 2.01657e-11 0 2.64225e-11 0 3.4036e-11 0 4.31436e-11 0 5.41365e-11 0 6.62742e-11 0 8.08297e-11 0 9.72791e-11 0 1.16702e-10 0 1.38268e-10 0 1.61878e-10 0 1.89067e-10 0 2.1835e-10 0 2.5166e-10 0 2.89479e-10 0 3.29499e-10 0 3.71269e-10 0 4.21248e-10 0 4.7326e-10 0 5.26641e-10 0 5.90111e-10 0 6.55097e-10 0 7.20697e-10 0 7.98343e-10 0 8.7657e-10 0 9.6158e-10 0 1.05388e-09 0 1.14535e-09 0 1.25317e-09 0 1.35985e-09 0 1.47456e-09 0 1.58623e-09 0 1.71772e-09 0 1.84559e-09 0 1.99595e-09 0 2.142e-09 0 2.29747e-09 0 2.44587e-09 0 2.6207e-09 0 2.78743e-09 0 2.98366e-09 0 3.17064e-09 0 3.36793e-09 0 3.57602e-09 0 3.79542e-09 0
28.8297 2.38357e-09 1.66154e-09 7.22027e-10 0.302919 0.0332196 0 0 0 0 4.86212e-37 0 2.06205e-27 0 4.1759e-24 0 2.27854e-22 0 3.19452e-21 0 2.23181e-20 0 5.68661e-18 0 7.12428e-16 0 8.88618e-15 0 4.76858e-14 0 1.62563e-13 0 4.31655e-13 0 9.5227e-13 0 1.84442e-12 0 3.27516e-12 0 5.38362e-12 0 8.46278e-12 0 1.2546e-11 0 1.79382e-11 0 2.49437e-11 0 3.37991e-11 0 4.47053e-11 0 5.78082e-11 0 7.35505e-11 0 9.21584e-11 0 1.14366e-10 0 1.38631e-10 0 1.67447e-10 0 1.99709e-10 0 2.37463e-10 0 2.79027e-10 0 3.24166e-10 0 3.75755e-10 0 4.30912e-10 0 4.93218e-10 0 5.63473e-10 0 6.37331e-10 0 7.13951e-10 0 8.0508e-10 0 8.99358e-10 0 9.95593e-10 0 1.1094e-09 0 1.22531e-09 0 1.34174e-09 0 1.47889e-09 0 1.61641e-09 0 1.76517e-09 0 1.92597e-09 0 2.08465e-09 0 2.27088e-09 0 2.45439e-09 0 2.65092e-09 0 2.84155e-09 0 3.06515e-09 0 3.28179e-09 0 3.53562e-09 0 3.78127e-09 0 4.04187e-09 0 4.28982e-09 0 4.58098e-09 0 4.85778e-09 0 5.18252e-09 0 5.49097e-09 0 5.81548e-09 0 6.15675e-09 0 6.5155e-09 0
30.3095 2.15633e-09 1.5679e-09 5.88429e-10 0.272884 0.030089 0 0 0 0 1.89205e-35 0 2.71867e-26 0 3.7964e-23 0 1.70402e-21 0 2.10008e-20 0 1.33435e-19 0 2.59408e-17 0 2.56711e-15 0 2.8308e-14 0 1.39945e-13 0 4.4935e-13 0 1.13761e-12 0 2.41456e-12 0 4.52816e-12 0 7.81841e-12 0 1.25436e-11 0 1.92872e-11 0 2.80488e-11 0 3.94099e-11 0 5.3926e-11 0 7.19946e-11 0 9.39343e-11 0 1.19951e-10 0 1.50832e-10 0 1.86922e-10 0 2.29533e-10 0 2.75631e-10 0 3.29869e-10 0 3.90055e-10 0 4.59888e-10 0 5.36145e-10 0 6.18335e-10 0 7.11589e-10 0 8.10605e-10 0 9.21714e-10 0 1.04618e-09 0 1.17621e-09 0 1.31034e-09 0 1.46895e-09 0 1.63212e-09 0 1.79782e-09 0 1.99277e-09 0 2.19031e-09 0 2.38784e-09 0 2.61944e-09 0 2.85061e-09 0 3.09961e-09 0 3.3676e-09 0 3.631e-09 0 3.93888e-09 0 4.24107e-09 0 4.56347e-09 0 4.87506e-09 0 5.23928e-09 0 5.5909e-09 0 6.00147e-09 0 6.39742e-09 0 6.8161e-09 0 7.21325e-09 0 7.67817e-09 0 8.11882e-09 0 8.63424e-09 0 9.12235e-09 0 9.63442e-09 0 1.01714e-08 0 1.07344e-08 0
31.8653 1.96257e-09 1.48111e-09 4.81464e-10 0.245323 0.0272834 0 0 0 0 6.07198e-34 0 3.11638e-25 0 3.05572e-22 0 1.13908e-20 0 1.24183e-19 0 7.20918e-19 0 1.08357e-16 0 8.56823e-15 0 8.40345e-14 0 3.84255e-13 0 1.1655e-12 0 2.81983e-12 0 5.76915e-12 0 1.04921e-11 0 1.76392e-11 0 2.7654e-11 0 4.16373e-11 0 5.94547e-11 0 8.21611e-11 0 1.10716e-10 0 1.45742e-10 0 1.87701e-10 0 2.36844e-10 0 2.94507e-10 0 3.61172e-10 0 4.39079e-10 0 5.22573e-10 0 6.19941e-10 0 7.27079e-10 0 8.50385e-10 0 9.83993e-10 0 1.12696e-09 0 1.28806e-09 0 1.45799e-09 0 1.64747e-09 0 1.85841e-09 0 2.07748e-09 0 2.30221e-09 0 2.56652e-09 0 2.83699e-09 0 3.11029e-09 0 3.43027e-09 0 3.75296e-09 0 4.07419e-09 0 4.4492e-09 0 4.82191e-09 0 5.2217e-09 0 5.65025e-09 0 6.06982e-09 0 6.55839e-09 0 7.0361e-09 0 7.54394e-09 0 8.0331e-09 0 8.60293e-09 0 9.15123e-09 0 9.78932e-09 0 1.04027e-08 0 1.10492e-08 0 1.16607e-08 0 1.23745e-08 0 1.30491e-08 0 1.38359e-08 0 1.45788e-08 0 1.53562e-08 0 1.61693e-08 0 1.70194e-08 0
33.5009 1.79696e-09 1.40089e-09 3.9607e-10 0.220412 0.024776 0 0 0 0 1.6226e-32 0 3.12795e-24 0 2.19113e-21 0 6.84519e-20 0 6.64102e-19 0 3.53808e-18 0 4.16342e-16 0 2.65959e-14 0 2.33329e-13 0 9.90602e-13 0 2.84619e-12 0 6.5954e-12 0 1.30302e-11 0 2.30154e-11 0 3.77241e-11 0 5.78581e-11 0 8.5391e-11 0 1.19829e-10 0 1.62998e-10 0 2.16472e-10 0 2.81156e-10 0 3.57657e-10 0 4.46202e-10 0 5.48963e-10 0 6.66553e-10 0 8.02643e-10 0 9.47186e-10 0 1.11433e-09 0 1.29678e-09 0 1.50515e-09 0 1.72926e-09 0 1.96744e-09 0 2.23407e-09 0 2.51354e-09 0 2.82331e-09 0 3.16613e-09 0 3.52015e-09 0 3.88142e-09 0 4.30414e-09 0 4.7345e-09 0 5.16734e-09 0 5.67177e-09 0 6.17814e-09 0 6.68012e-09 0 7.2637e-09 0 7.84131e-09 0 8.45849e-09 0 9.1175e-09 0 9.76034e-09 0 1.05062e-08 0 1.12328e-08 0 1.20027e-08 0 1.27418e-08 0 1.36e-08 0 1.44233e-08 0 1.53783e-08 0 1.62934e-08 0 1.72552e-08 0 1.81623e-08 0 1.92183e-08 0 2.02135e-08 0 2.1371e-08 0 2.24612e-08 0 2.35989e-08 0 2.47859e-08 0 2.60238e-08 0
35.2205 1.65005e-09 1.3252e-09 3.24847e-10 0.196871 0.0224806 0 0 0 0 3.63918e-31 0 2.76402e-23 0 1.40613e-20 0 3.71334e-19 0 3.22428e-18 0 1.58304e-17 0 1.47596e-15 0 7.69654e-14 0 6.07297e-13 0 2.40256e-12 0 6.5563e-12 0 1.4582e-11 0 2.78668e-11 0 4.78733e-11 0 7.65977e-11 0 1.15051e-10 0 1.66604e-10 0 2.2996e-10 0 3.08141e-10 0 4.03601e-10 0 5.17552e-10 0 6.50684e-10 0 8.03053e-10 0 9.78051e-10 0 1.17635e-09 0 1.40374e-09 0 1.64319e-09 0 1.91788e-09 0 2.21543e-09 0 2.55276e-09 0 2.91306e-09 0 3.29348e-09 0 3.71667e-09 0 4.15762e-09 0 4.64358e-09 0 5.17836e-09 0 5.72767e-09 0 6.28543e-09 0 6.93489e-09 0 7.59287e-09 0 8.25171e-09 0 9.01615e-09 0 9.78018e-09 0 1.05346e-08 0 1.14081e-08 0 1.22694e-08 0 1.31862e-08 0 1.41616e-08 0 1.51097e-08 0 1.6206e-08 0 1.72704e-08 0 1.83944e-08 0 1.94702e-08 0 2.07156e-08 0 2.19066e-08 0 2.32841e-08 0 2.46002e-08 0 2.59795e-08 0 2.72769e-08 0 2.87833e-08 0 3.01992e-08 0 3.18419e-08 0 3.33851e-08 0 3.49916e-08 0 3.66636e-08 0 3.84033e-08 0
37.0284 1.51948e-09 1.25376e-09 2.65717e-10 0.174873 0.020381 0 0 9.80909e-45 0 6.90898e-30 0 2.16368e-22 0 8.1196e-20 0 1.82751e-18 0 1.4279e-17 0 6.48659e-17 0 4.8466e-15 0 2.0836e-13 0 1.48635e-12 0 5.49834e-12 0 1.42866e-11 0 3.05589e-11 0 5.65818e-11 0 9.46691e-11 0 1.48035e-10 0 2.17979e-10 0 3.09998e-10 0 4.21203e-10 0 5.56395e-10 0 7.19223e-10 0 9.11155e-10 0 1.1328e-09 0 1.38378e-09 0 1.66918e-09 0 1.9896e-09 0 2.35379e-09 0 2.73419e-09 0 3.16727e-09 0 3.63298e-09 0 4.1573e-09 0 4.71358e-09 0 5.29728e-09 0 5.94276e-09 0 6.61153e-09 0 7.34457e-09 0 8.14694e-09 0 8.9669e-09 0 9.79556e-09 0 1.07559e-08 0 1.17245e-08 0 1.26902e-08 0 1.38059e-08 0 1.49165e-08 0 1.60089e-08 0 1.72691e-08 0 1.85069e-08 0 1.982e-08 0 2.12121e-08 0 2.25607e-08 0 2.4115e-08 0 2.56191e-08 0 2.72026e-08 0 2.87138e-08 0 3.04582e-08 0 3.21215e-08 0 3.40398e-08 0 3.58674e-08 0 3.77776e-08 0 3.95701e-08 0 4.16458e-08 0 4.35922e-08 0 4.58448e-08 0 4.79556e-08 0 5.0148e-08 0 5.24247e-08 0 5.47881e-08 0
38.9291 1.40311e-09 1.1863e-09 2.16809e-10 0.15452 0.0184616 0 0 7.94536e-43 0 1.11936e-28 0 1.50929e-21 0 4.24059e-19 0 8.19832e-18 0 5.7939e-17 0 2.44454e-16 0 1.47962e-14 0 5.29395e-13 0 3.43103e-12 0 1.19069e-11 0 2.9529e-11 0 6.08604e-11 0 1.09348e-10 0 1.78414e-10 0 2.72964e-10 0 3.94413e-10 0 5.51351e-10 0 7.38007e-10 0 9.61722e-10 0 1.22768e-09 0 1.53745e-09 0 1.89123e-09 0 2.28778e-09 0 2.73449e-09 0 3.23157e-09 0 3.79185e-09 0 4.37256e-09 0 5.02893e-09 0 5.72986e-09 0 6.51378e-09 0 7.34024e-09 0 8.20232e-09 0 9.15028e-09 0 1.01271e-08 0 1.11924e-08 0 1.23524e-08 0 1.35321e-08 0 1.4719e-08 0 1.60885e-08 0 1.74635e-08 0 1.8829e-08 0 2.04004e-08 0 2.19583e-08 0 2.34852e-08 0 2.52404e-08 0 2.69583e-08 0 2.87746e-08 0 3.06937e-08 0 3.25471e-08 0 3.46764e-08 0 3.67306e-08 0 3.88868e-08 0 4.09389e-08 0 4.33011e-08 0 4.55474e-08 0 4.8131e-08 0 5.05858e-08 0 5.31452e-08 0 5.55409e-08 0 5.83087e-08 0 6.08979e-08 0 6.38873e-08 0 6.66822e-08 0 6.95788e-08 0 7.25801e-08 0 7.5689e-08 0
40.9273 1.29998e-09 1.12296e-09 1.77014e-10 0.136167 0.0167247 0 0 5.43774e-41 0 1.5602e-27 0 9.438e-21 0 2.01363e-18 0 3.36881e-17 0 2.16401e-16 0 8.51059e-16 0 4.21609e-14 0 1.26673e-12 0 7.49379e-12 0 2.44733e-11 0 5.8061e-11 0 1.15514e-10 0 2.01691e-10 0 3.2131e-10 0 4.81487e-10 0 6.83323e-10 0 9.39722e-10 0 1.24008e-09 0 1.59523e-09 0 2.01226e-09 0 2.49245e-09 0 3.03515e-09 0 3.63759e-09 0 4.31016e-09 0 5.0523e-09 0 5.88215e-09 0 6.73597e-09 0 7.69438e-09 0 8.71116e-09 0 9.84115e-09 0 1.10253e-08 0 1.22536e-08 0 1.35969e-08 0 1.49742e-08 0 1.64686e-08 0 1.80882e-08 0 1.97277e-08 0 2.13701e-08 0 2.32571e-08 0 2.51439e-08 0 2.70105e-08 0 2.91504e-08 0 3.1264e-08 0 3.33284e-08 0 3.56934e-08 0 3.80005e-08 0 4.04318e-08 0 4.29926e-08 0 4.54584e-08 0 4.82826e-08 0 5.09994e-08 0 5.38431e-08 0 5.65423e-08 0 5.96413e-08 0 6.25805e-08 0 6.59523e-08 0 6.91479e-08 0 7.24716e-08 0 7.55757e-08 0 7.91538e-08 0 8.24935e-08 0 8.63408e-08 0 8.99297e-08 0 9.36415e-08 0 9.74796e-08 0 1.01447e-07 0
43.0281 1.21039e-09 1.06458e-09 1.45814e-10 0.120469 0.015189 0 0 2.9854e-39 0 1.88669e-26 0 5.32462e-20 0 8.74324e-18 0 1.27477e-16 0 7.47784e-16 0 2.75069e-15 0 1.12626e-13 0 2.86591e-12 0 1.55448e-11 0 4.7916e-11 0 1.08982e-10 0 2.09662e-10 0 3.56249e-10 0 5.54774e-10 0 8.1508e-10 0 1.13715e-09 0 1.5397e-09 0 2.00449e-09 0 2.54706e-09 0 3.17669e-09 0 3.89386e-09 0 4.69631e-09 0 5.57893e-09 0 6.5559e-09 0 7.62536e-09 0 8.81217e-09 0 1.00247e-08 0 1.13769e-08 0 1.28025e-08 0 1.43774e-08 0 1.60182e-08 0 1.77112e-08 0 1.95533e-08 0 2.14327e-08 0 2.34624e-08 0 2.56521e-08 0 2.78589e-08 0 3.00606e-08 0 3.25802e-08 0 3.50895e-08 0 3.75628e-08 0 4.03881e-08 0 4.31687e-08 0 4.58758e-08 0 4.8967e-08 0 5.19728e-08 0 5.51309e-08 0 5.84472e-08 0 6.16314e-08 0 6.52681e-08 0 6.87566e-08 0 7.23984e-08 0 7.58464e-08 0 7.97953e-08 0 8.35313e-08 0 8.78068e-08 0 9.18489e-08 0 9.60434e-08 0 9.99522e-08 0 1.04448e-07 0 1.08636e-07 0 1.1345e-07 0 1.17931e-07 0 1.22556e-07 0 1.27329e-07 0 1.32254e-07 0
45.2368 1.12892e-09 1.00918e-09 1.19737e-10 0.106063 0.0137827 0 0 1.32798e-37 0 1.99024e-25 0 2.71989e-19 0 3.48154e-17 0 4.45361e-16 0 2.3963e-15 0 8.27159e-15 0 2.82534e-13 0 6.13857e-12 0 3.06576e-11 0 8.94465e-11 0 1.9544e-10 0 3.6417e-10 0 6.02972e-10 0 9.189e-10 0 1.32493e-09 0 1.81866e-09 0 2.42629e-09 0 3.1183e-09 0 3.91628e-09 0 4.83199e-09 0 5.86428e-09 0 7.00838e-09 0 8.25582e-09 0 9.62543e-09 0 1.11133e-08 0 1.27526e-08 0 1.44164e-08 0 1.62602e-08 0 1.81925e-08 0 2.0315e-08 0 2.25144e-08 0 2.47721e-08 0 2.72168e-08 0 2.96994e-08 0 3.23687e-08 0 3.52357e-08 0 3.81131e-08 0 4.09728e-08 0 4.42329e-08 0 4.74674e-08 0 5.06445e-08 0 5.42612e-08 0 5.78088e-08 0 6.12518e-08 0 6.51713e-08 0 6.8971e-08 0 7.29516e-08 0 7.71196e-08 0 8.11106e-08 0 8.56567e-08 0 9.00059e-08 0 9.45347e-08 0 9.88123e-08 0 1.037e-07 0 1.08313e-07 0 1.13579e-07 0 1.18547e-07 0 1.23691e-07 0 1.28475e-07 0 1.33966e-07 0 1.39069e-07 0 1.44925e-07 0 1.50364e-07 0 1.55968e-07 0 1.61741e-07 0 1.67686e-07 0
47.5588 1.05469e-09 9.56641e-10 9.80481e-11 0.092964 0.0124957 0 0 4.83566e-36 0 1.84376e-24 0 1.2641e-18 0 1.27679e-16 0 1.44216e-15 0 7.14763e-15 0 2.32241e-14 0 6.67653e-13 0 1.24816e-11 0 5.76285e-11 0 1.59573e-10 0 3.3561e-10 0 6.06638e-10 0 9.8001e-10 0 1.46308e-09 0 2.07221e-09 0 2.80076e-09 0 3.6843e-09 0 4.67746e-09 0 5.80943e-09 0 7.09464e-09 0 8.5293e-09 0 1.0105e-08 0 1.18088e-08 0 1.36651e-08 0 1.56671e-08 0 1.78577e-08 0 2.0067e-08 0 2.25009e-08 0 2.50373e-08 0 2.78081e-08 0 3.06644e-08 0 3.35823e-08 0 3.67274e-08 0 3.9907e-08 0 4.33115e-08 0 4.69528e-08 0 5.05927e-08 0 5.41971e-08 0 5.8291e-08 0 6.23384e-08 0 6.63008e-08 0 7.07969e-08 0 7.51927e-08 0 7.94464e-08 0 8.42746e-08 0 8.89416e-08 0 9.38175e-08 0 9.8909e-08 0 1.03772e-07 0 1.09297e-07 0 1.14569e-07 0 1.20045e-07 0 1.25207e-07 0 1.3109e-07 0 1.36631e-07 0 1.42943e-07 0 1.48884e-07 0 1.55022e-07 0 1.6072e-07 0 1.67247e-07 0 1.73302e-07 0 1.80235e-07 0 1.86664e-07 0 1.93276e-07 0 2.00074e-07 0 2.07063e-07 0
50 9.86901e-10 9.06811e-10 8.00894e-11 0.0811524 0.0113193 1.4013e-45 0 1.45559e-34 0 1.50954e-23 0 5.37009e-18 0 4.32971e-16 0 4.34458e-15 0 1.99139e-14 0 6.10866e-14 0 1.49054e-12 0 2.4153e-11 0 1.03491e-10 0 2.72663e-10 0 5.53019e-10 0 9.71139e-10 0 1.53254e-09 0 2.24364e-09 0 3.1242e-09 0 4.16095e-09 0 5.40079e-09 0 6.77722e-09 0 8.32875e-09 0 1.00725e-08 0 1.2001e-08 0 1.41009e-08 0 1.63536e-08 0 1.87898e-08 0 2.13993e-08 0 2.42361e-08 0 2.70798e-08 0 3.01951e-08 0 3.3424e-08 0 3.69332e-08 0 4.05329e-08 0 4.41933e-08 0 4.81214e-08 0 5.20759e-08 0 5.6293e-08 0 6.07857e-08 0 6.52598e-08 0 6.96745e-08 0 7.46717e-08 0 7.95952e-08 0 8.44002e-08 0 8.98355e-08 0 9.51333e-08 0 1.00245e-07 0 1.06032e-07 0 1.1161e-07 0 1.17422e-07 0 1.23476e-07 0 1.29243e-07 0 1.3578e-07 0 1.42002e-07 0 1.48452e-07 0 1.54517e-07 0 1.61415e-07 0 1.67898e-07 0 1.75268e-07 0 1.8219e-07 0 1.89328e-07 0 1.9594e-07 0 2.03502e-07 0 2.10504e-07 0 2.18507e-07 0 2.25915e-07 0 2.3352e-07 0 2.41326e-07 0 2.49337e-07 0
52.5665 9.24795e-10 8.59525e-10 6.527e-11 0.0705778 0.0102468 1.54143e-43 0 3.65573e-33 0 1.09885e-22 0 2.09434e-17 0 1.36283e-15 0 1.22189e-14 0 5.19947e-14 0 1.51002e-13 0 3.15239e-12 0 4.4587e-11 0 1.77945e-10 0 4.47167e-10 0 8.76169e-10 0 1.49689e-09 0 2.31019e-09 0 3.31975e-09 0 4.54854e-09 0 5.97377e-09 0 7.65568e-09 0 9.50089e-09 0 1.1559e-08 0 1.385e-08 0 1.63612e-08 0 1.90733e-08 0 2.19608e-08 0 2.50619e-08 0 2.83618e-08 0 3.19269e-08 0 3.54803e-08 0 3.93523e-08 0 4.33449e-08 0 4.76628e-08 0 5.20714e-08 0 5.65347e-08 0 6.13043e-08 0 6.6087e-08 0 7.11677e-08 0 7.656e-08 0 8.19106e-08 0 8.71729e-08 0 9.31097e-08 0 9.89401e-08 0 1.04613e-07 0 1.11011e-07 0 1.1723e-07 0 1.23214e-07 0 1.2997e-07 0 1.36465e-07 0 1.43216e-07 0 1.50231e-07 0 1.56898e-07 0 1.64437e-07 0 1.71598e-07 0 1.79003e-07 0 1.85952e-07 0 1.9384e-07 0 2.01239e-07 0 2.09632e-07 0 2.175e-07 0 2.25597e-07 0 2.33086e-07 0 2.41635e-07 0 2.49537e-07 0 2.58552e-07 0 2.66883e-07 0 2.75422e-07 0 2.84173e-07 0 2.93139e-07 0
55.2648 8.69761e-10 8.15961e-10 5.37996e-11 0.0618556 0.00930551 1.04817e-41 0 7.74063e-32 0 7.16418e-22 0 7.54185e-17 0 4.00254e-15 0 3.22417e-14 0 1.27831e-13 0 3.52413e-13 0 6.34277e-12 0 7.88266e-11 0 2.94038e-10 0 7.06396e-10 0 1.33938e-09 0 2.22921e-09 0 3.36827e-09 0 4.75529e-09 0 6.41602e-09 0 8.31502e-09 0 1.05278e-08 0 1.29283e-08 0 1.5579e-08 0 1.85027e-08 0 2.16804e-08 0 2.50857e-08 0 2.86853e-08 0 3.25256e-08 0 3.65866e-08 0 4.09483e-08 0 4.5272e-08 0 4.99592e-08 0 5.4769e-08 0 5.99465e-08 0 6.5209e-08 0 7.05148e-08 0 7.61622e-08 0 8.18035e-08 0 8.77747e-08 0 9.40893e-08 0 1.00334e-07 0 1.06455e-07 0 1.13341e-07 0 1.20081e-07 0 1.26622e-07 0 1.33977e-07 0 1.41106e-07 0 1.47949e-07 0 1.55655e-07 0 1.63046e-07 0 1.7071e-07 0 1.78654e-07 0 1.86187e-07 0 1.94687e-07 0 2.02743e-07 0 2.11057e-07 0 2.18843e-07 0 2.27665e-07 0 2.35923e-07 0 2.45274e-07 0 2.54022e-07 0 2.6301e-07 0 2.71308e-07 0 2.80765e-07 0 2.89492e-07 0 2.99432e-07 0 3.08602e-07 0 3.17987e-07 0 3.27591e-07 0 3.37415e-07 0
58.1015 8.18771e-10 7.74546e-10 4.42245e-11 0.0540133 0.00844423 5.71297e-40 0 1.39125e-30 0 4.19948e-21 0 2.51361e-16 0 1.09886e-14 0 7.99438e-14 0 2.96344e-13 0 7.77516e-13 0 1.21521e-11 0 1.3354e-10 0 4.6712e-10 0 1.0752e-09 0 1.97596e-09 0 3.20791e-09 0 4.75037e-09 0 6.59456e-09 0 8.76846e-09 0 1.12208e-08 0 1.40442e-08 0 1.70743e-08 0 2.03887e-08 0 2.40125e-08 0 2.79195e-08 0 3.20756e-08 0 3.6439e-08 0 4.10646e-08 0 4.59273e-08 0 5.11207e-08 0 5.62423e-08 0 6.17676e-08 0 6.74111e-08 0 7.34592e-08 0 7.95805e-08 0 8.57277e-08 0 9.2246e-08 0 9.87338e-08 0 1.05577e-07 0 1.1279e-07 0 1.19898e-07 0 1.26847e-07 0 1.34638e-07 0 1.42244e-07 0 1.49604e-07 0 1.5786e-07 0 1.65839e-07 0 1.73481e-07 0 1.82065e-07 0 1.90279e-07 0 1.98777e-07 0 2.07565e-07 0 2.15883e-07 0 2.25248e-07 0 2.34105e-07 0 2.43227e-07 0 2.51756e-07 0 2.614e-07 0 2.70411e-07 0 2.80597e-07 0 2.90108e-07 0 2.99865e-07 0 3.08858e-07 0 3.1909e-07 0 3.28517e-07 0 3.39239e-07 0 3.49115e-07 0 3.59207e-07 0 3.69519e-07 0 3.80053e-07 0
61.0839 7.71388e-10 7.35139e-10 3.62495e-11 0.0469925 0.00765632 2.52381e-38 0 2.13949e-29 0 2.22464e-20 0 7.7826e-16 0 2.82921e-14 0 1.86823e-13 0 6.49621e-13 0 1.626e-12 0 2.22213e-11 0 2.17223e-10 0 7.14778e-10 0 1.57963e-09 0 2.818e-09 0 4.46798e-09 0 6.49069e-09 0 8.86736e-09 0 1.16276e-08 0 1.47016e-08 0 1.82003e-08 0 2.19171e-08 0 2.59458e-08 0 3.03143e-08 0 3.49883e-08 0 3.99252e-08 0 4.5075e-08 0 5.05015e-08 0 5.6174e-08 0 6.22e-08 0 6.81134e-08 0 7.44637e-08 0 8.09213e-08 0 8.78126e-08 0 9.47591e-08 0 1.01709e-07 0 1.09052e-07 0 1.16335e-07 0 1.23992e-07 0 1.32037e-07 0 1.39941e-07 0 1.47644e-07 0 1.56258e-07 0 1.64644e-07 0 1.72737e-07 0 1.81792e-07 0 1.90523e-07 0 1.98865e-07 0 2.08214e-07 0 2.1714e-07 0 2.26355e-07 0 2.35865e-07 0 2.44847e-07 0 2.5494e-07 0 2.64467e-07 0 2.74261e-07 0 2.83401e-07 0 2.93719e-07 0 3.03343e-07 0 3.14203e-07 0 3.24326e-07 0 3.34693e-07 0 3.44235e-07 0 3.55075e-07 0 3.65047e-07 0 3.76373e-07 0 3.86788e-07 0 3.97417e-07 0 4.08263e-07 0 4.19327e-07 0
64.2193 7.27283e-10 6.97647e-10 2.96361e-11 0.040749 0.00693635 9.1297e-37 0 2.8366e-28 0 1.07029e-19 0 2.24656e-15 0 6.85277e-14 0 4.12674e-13 0 1.35024e-12 0 3.2316e-12 0 3.88704e-11 0 3.39949e-10 0 1.05542e-09 0 2.24385e-09 0 3.89142e-09 0 6.0326e-09 0 8.60532e-09 0 1.15786e-08 0 1.49833e-08 0 1.87286e-08 0 2.29453e-08 0 2.73817e-08 0 3.21491e-08 0 3.72778e-08 0 4.27254e-08 0 4.8441e-08 0 5.43663e-08 0 6.05744e-08 0 6.70293e-08 0 7.38517e-08 0 8.05154e-08 0 8.764e-08 0 9.48546e-08 0 1.02523e-07 0 1.10223e-07 0 1.17899e-07 0 1.25982e-07 0 1.33973e-07 0 1.42348e-07 0 1.51119e-07 0 1.59712e-07 0 1.68065e-07 0 1.77379e-07 0 1.86423e-07 0 1.9513e-07 0 2.04848e-07 0 2.14196e-07 0 2.23107e-07 0 2.33074e-07 0 2.42569e-07 0 2.52351e-07 0 2.62427e-07 0 2.71925e-07 0 2.82578e-07 0 2.92614e-07 0 3.02914e-07 0 3.1251e-07 0 3.23324e-07 0 3.33394e-07 0 3.44738e-07 0 3.55297e-07 0 3.66093e-07 0 3.76015e-07 0 3.87271e-07 0 3.97611e-07 0 4.09338e-07 0 4.20107e-07 0 4.31083e-07 0 4.42267e-07 0 4.53663e-07 0
67.5157 6.86148e-10 6.61977e-10 2.41705e-11 0.0352263 0.00627882 2.73082e-35 0 3.26591e-27 0 4.69851e-19 0 6.06676e-15 0 1.56615e-13 0 8.63981e-13 0 2.66793e-12 0 6.11893e-12 0 6.51834e-11 0 5.12802e-10 0 1.5064e-09 0 3.08685e-09 0 5.21141e-09 0 7.90783e-09 0 1.10864e-08 0 1.47023e-08 0 1.87877e-08 0 2.32296e-08 0 2.81791e-08 0 3.33385e-08 0 3.88376e-08 0 4.47092e-08 0 5.09029e-08 0 5.736e-08 0 6.40149e-08 0 7.09496e-08 0 7.81233e-08 0 8.56689e-08 0 9.30061e-08 0 1.00818e-07 0 1.08698e-07 0 1.17041e-07 0 1.25388e-07 0 1.33681e-07 0 1.42384e-07 0 1.50962e-07 0 1.59926e-07 0 1.69287e-07 0 1.78431e-07 0 1.87297e-07 0 1.97159e-07 0 2.06709e-07 0 2.15883e-07 0 2.26099e-07 0 2.35903e-07 0 2.45231e-07 0 2.55642e-07 0 2.65539e-07 0 2.75717e-07 0 2.8618e-07 0 2.96025e-07 0 3.07047e-07 0 3.17413e-07 0 3.28033e-07 0 3.37911e-07 0 3.49027e-07 0 3.59361e-07 0 3.70985e-07 0 3.81787e-07 0 3.92816e-07 0 4.02938e-07 0 4.14405e-07 0 4.24925e-07 0 4.36839e-07 0 4.47767e-07 0 4.5889e-07 0 4.7021e-07 0 4.8173e-07 0
70.9813 6.48647e-10 6.2877e-10 1.98776e-11 0.0306447 0.00569754 6.82486e-34 0 3.29169e-26 0 1.89265e-18 0 1.5394e-14 0 3.39075e-13 0 1.7209e-12 0 5.02941e-12 0 1.10769e-11 0 1.05127e-10 0 7.47808e-10 0 2.08416e-09 0 4.12379e-09 0 6.78629e-09 0 1.00901e-08 0 1.39144e-08 0 1.82002e-08 0 2.29808e-08 0 2.81214e-08 0 3.37931e-08 0 3.96538e-08 0 4.58518e-08 0 5.24226e-08 0 5.93083e-08 0 6.64435e-08 0 7.37564e-08 0 8.13375e-08 0 8.91418e-08 0 9.73133e-08 0 1.05226e-07 0 1.13617e-07 0 1.22048e-07 0 1.30943e-07 0 1.39811e-07 0 1.48594e-07 0 1.57783e-07 0 1.66813e-07 0 1.76222e-07 0 1.8602e-07 0 1.95568e-07 0 2.04801e-07 0 2.15046e-07 0 2.24945e-07 0 2.34432e-07 0 2.44974e-07 0 2.5507e-07 0 2.64656e-07 0 2.75334e-07 0 2.85466e-07 0 2.95866e-07 0 3.06538e-07 0 3.16563e-07 0 3.27767e-07 0 3.38286e-07 0 3.49046e-07 0 3.59039e-07 0 3.70267e-07 0 3.8069e-07 0 3.92397e-07 0 4.0326e-07 0 4.14336e-07 0 4.24488e-07 0 4.35974e-07 0 4.46499e-07 0 4.58403e-07 0 4.69307e-07 0 4.80393e-07 0 4.91662e-07 0 5.03117e-07 0
74.6248 6.13719e-10 5.97364e-10 1.63547e-11 0.0266485 0.00517072 1.43665e-32 0 2.92109e-25 0 7.02004e-18 0 3.67879e-14 0 6.96755e-13 0 3.2666e-12 0 9.05978e-12 0 1.91989e-11 0 1.63252e-10 0 1.05519e-09 0 2.79731e-09 0 5.3535e-09 0 8.59832e-09 0 1.25391e-08 0 1.70225e-08 0 2.19759e-08 0 2.74343e-08 0 3.3242e-08 0 3.95901e-08 0 4.60952e-08 0 5.29238e-08 0 6.01142e-08 0 6.76022e-08 0 7.5317e-08 0 8.31821e-08 0 9.12956e-08 0 9.96098e-08 0 1.08277e-07 0 1.16636e-07 0 1.25467e-07 0 1.34309e-07 0 1.43605e-07 0 1.52843e-07 0 1.61963e-07 0 1.71477e-07 0 1.80801e-07 0 1.9049e-07 0 2.00553e-07 0 2.10334e-07 0 2.1977e-07 0 2.30218e-07 0 2.40289e-07 0 2.49921e-07 0 2.60602e-07 0 2.7081e-07 0 2.80484e-07 0 2.91241e-07 0 3.01429e-07 0 3.11869e-07 0 3.22563e-07 0 3.32592e-07 0 3.43783e-07 0 3.54273e-07 0 3.64986e-07 0 3.74922e-07 0 3.8607e-07 0 3.96405e-07 0 4.07995e-07 0 4.18736e-07 0 4.29672e-07 0 4.39684e-07 0 4.50998e-07 0 4.61352e-07 0 4.73049e-07 0 4.8375e-07 0 4.94618e-07 0 5.05654e-07 0 5.16858e-07 0
78.4553 5.80827e-10 5.6741e-10 1.34164e-11 0.0230988 0.00468866 2.56754e-31 0 2.29559e-24 0 2.40619e-17 0 8.30044e-14 0 1.36179e-12 0 5.92058e-12 0 1.56227e-11 0 3.19147e-11 0 2.44448e-10 0 1.44242e-09 0 3.6461e-09 0 6.76029e-09 0 1.06096e-08 0 1.51899e-08 0 2.03158e-08 0 2.59026e-08 0 3.19883e-08 0 3.83988e-08 0 4.53436e-08 0 5.24039e-08 0 5.97633e-08 0 6.74629e-08 0 7.54336e-08 0 8.36009e-08 0 9.18855e-08 0 1.00392e-07 0 1.09071e-07 0 1.18081e-07 0 1.26737e-07 0 1.3585e-07 0 1.44942e-07 0 1.54471e-07 0 1.6391e-07 0 1.73202e-07 0 1.82869e-07 0 1.92316e-07 0 2.02109e-07 0 2.12255e-07 0 2.22092e-07 0 2.31563e-07 0 2.42025e-07 0 2.52088e-07 0 2.61694e-07 0 2.72324e-07 0 2.82465e-07 0 2.92058e-07 0 3.02706e-07 0 3.12774e-07 0 3.23073e-07 0 3.33606e-07 0 3.43469e-07 0 3.54457e-07 0 3.64742e-07 0 3.75231e-07 0 3.84945e-07 0 3.9583e-07 0 4.05907e-07 0 4.17193e-07 0 4.27639e-07 0 4.38261e-07 0 4.47975e-07 0 4.58938e-07 0 4.6896e-07 0 4.80269e-07 0 4.90604e-07 0 5.01088e-07 0 5.11723e-07 0 5.22509e-07 0
82.4824 5.49828e-10 5.38851e-10 1.09771e-11 0.0199646 0.00424815 3.92702e-30 0 1.60712e-23 0 7.65097e-17 0 1.77321e-13 0 2.53774e-12 0 1.02693e-11 0 2.58438e-11 0 5.09852e-11 0 3.53566e-10 0 1.9131e-09 0 4.62185e-09 0 8.31504e-09 0 1.27657e-08 0 1.79596e-08 0 2.36819e-08 0 2.98388e-08 0 3.6472e-08 0 4.3393e-08 0 5.08276e-08 0 5.83291e-08 0 6.60962e-08 0 7.41727e-08 0 8.24865e-08 0 9.09612e-08 0 9.95166e-08 0 1.08262e-07 0 1.17148e-07 0 1.26337e-07 0 1.35133e-07 0 1.44362e-07 0 1.5354e-07 0 1.63129e-07 0 1.72599e-07 0 1.81897e-07 0 1.91543e-07 0 2.00948e-07 0 2.10672e-07 0 2.20723e-07 0 2.30446e-07 0 2.39788e-07 0 2.50085e-07 0 2.5997e-07 0 2.69389e-07 0 2.79792e-07 0 2.89698e-07 0 2.99054e-07 0 3.09421e-07 0 3.19207e-07 0 3.29202e-07 0 3.39408e-07 0 3.48951e-07 0 3.59568e-07 0 3.6949e-07 0 3.79596e-07 0 3.88944e-07 0 3.99404e-07 0 4.09075e-07 0 4.19895e-07 0 4.29895e-07 0 4.40053e-07 0 4.49332e-07 0 4.59793e-07 0 4.69345e-07 0 4.80112e-07 0 4.89941e-07 0 4.99903e-07 0 5.09997e-07 0 5.20225e-07 0
86.7162 5.20591e-10 5.11632e-10 8.95912e-12 0.0172095 0.00384583 5.17951e-29 0 1.00797e-22 0 2.26511e-16 0 3.59614e-13 0 4.51958e-12 0 1.70825e-11 0 4.10959e-11 0 7.84293e-11 0 4.94815e-10 0 2.46555e-09 0 5.70548e-09 0 9.97457e-09 0 1.49965e-08 0 2.07497e-08 0 2.69945e-08 0 3.36316e-08 0 4.07079e-08 0 4.80245e-08 0 5.5821e-08 0 6.36317e-08 0 7.16677e-08 0 7.99752e-08 0 8.84812e-08 0 9.7109e-08 0 1.0578e-07 0 1.14606e-07 0 1.23539e-07 0 1.32741e-07 0 1.4152e-07 0 1.50702e-07 0 1.59805e-07 0 1.69287e-07 0 1.78626e-07 0 1.8777e-07 0 1.97235e-07 0 2.06439e-07 0 2.15935e-07 0 2.25728e-07 0 2.35181e-07 0 2.44245e-07 0 2.54217e-07 0 2.63771e-07 0 2.72858e-07 0 2.82878e-07 0 2.92402e-07 0 3.01382e-07 0 3.11318e-07 0 3.20683e-07 0 3.30233e-07 0 3.39971e-07 0 3.49064e-07 0 3.59166e-07 0 3.68594e-07 0 3.78184e-07 0 3.87044e-07 0 3.96947e-07 0 4.06092e-07 0 4.1631e-07 0 4.25744e-07 0 4.35316e-07 0 4.44049e-07 0 4.53886e-07 0 4.62859e-07 0 4.72963e-07 0 4.82178e-07 0 4.91507e-07 0 5.00952e-07 0 5.10513e-07 0
91.1674 4.93422e-10 4.86073e-10 7.34937e-12 0.0148947 0.00348668 5.93844e-28 0 5.69863e-22 0 6.27042e-16 0 6.94658e-13 0 7.71547e-12 0 2.73288e-11 0 6.29876e-11 0 1.16475e-10 0 6.71645e-10 0 3.09429e-09 0 6.87317e-09 0 1.16929e-08 0 1.72339e-08 0 2.34708e-08 0 3.01456e-08 0 3.71574e-08 0 4.45594e-08 0 5.21471e-08 0 6.0171e-08 0 6.8155e-08 0 7.63199e-08 0 8.47141e-08 0 9.32654e-08 0 1.01899e-07 0 1.10538e-07 0 1.19296e-07 0 1.28128e-07 0 1.37194e-07 0 1.45815e-07 0 1.54803e-07 0 1.63689e-07 0 1.72919e-07 0 1.81986e-07 0 1.90842e-07 0 1.99985e-07 0 2.08858e-07 0 2.17992e-07 0 2.27391e-07 0 2.36446e-07 0 2.45111e-07 0 2.54628e-07 0 2.63729e-07 0 2.7237e-07 0 2.81883e-07 0 2.9091e-07 0 2.99409e-07 0 3.08799e-07 0 3.17635e-07 0 3.26635e-07 0 3.35798e-07 0 3.44343e-07 0 3.53825e-07 0 3.62662e-07 0 3.71641e-07 0 3.79926e-07 0 3.89176e-07 0 3.97708e-07 0 4.07231e-07 0 4.16013e-07 0 4.24915e-07 0 4.33029e-07 0 4.42159e-07 0 4.50479e-07 0 4.59839e-07 0 4.68367e-07 0 4.76993e-07 0 4.85719e-07 0 4.94543e-07 0
95.847 4.68077e-10 4.62025e-10 6.05239e-12 0.0129303 0.00316475 5.95878e-27 0 2.91868e-21 0 1.62832e-15 0 1.28107e-12 0 1.26507e-11 0 4.21264e-11 0 9.32145e-11 0 1.67273e-10 0 8.85493e-10 0 3.78638e-09 0 8.08924e-09 0 1.34097e-08 0 1.9394e-08 0 2.60182e-08 0 3.30126e-08 0 4.02794e-08 0 4.78784e-08 0 5.56047e-08 0 6.37162e-08 0 7.17354e-08 0 7.98895e-08 0 8.82289e-08 0 9.66834e-08 0 1.05181e-07 0 1.1365e-07 0 1.22204e-07 0 1.30798e-07 0 1.39592e-07 0 1.47927e-07 0 1.56593e-07 0 1.65137e-07 0 1.73988e-07 0 1.8266e-07 0 1.91111e-07 0 1.99817e-07 0 2.08247e-07 0 2.16908e-07 0 2.25802e-07 0 2.34354e-07 0 2.42523e-07 0 2.5148e-07 0 2.6003e-07 0 2.68136e-07 0 2.77045e-07 0 2.85486e-07 0 2.93422e-07 0 3.02178e-07 0 3.10406e-07 0 3.18775e-07 0 3.27285e-07 0 3.35212e-07 0 3.43995e-07 0 3.52173e-07 0 3.60472e-07 0 3.68121e-07 0 3.76652e-07 0 3.84513e-07 0 3.93277e-07 0 4.01351e-07 0 4.09527e-07 0 4.16972e-07 0 4.25342e-07 0 4.32963e-07 0 4.41528e-07 0 4.49324e-07 0 4.57205e-07 0 4.65168e-07 0 4.73216e-07 0
100.767 4.44027e-10 4.39058e-10 4.96893e-12 0.0111906 0.00287002 5.2633e-26 0 1.3598e-20 0 3.97613e-15 0 2.25894e-12 0 1.99475e-11 0 6.26359e-11 0 1.33325e-10 0 2.32517e-10 0 1.1347e-09 0 4.51983e-09 0 9.30517e-09 0 1.505e-08 0 2.13785e-08 0 2.82734e-08 0 3.5461e-08 0 4.28504e-08 0 5.05088e-08 0 5.82353e-08 0 6.62914e-08 0 7.42074e-08 0 8.22128e-08 0 9.03598e-08 0 9.85815e-08 0 1.06811e-07 0 1.1498e-07 0 1.23202e-07 0 1.31436e-07 0 1.39833e-07 0 1.4777e-07 0 1.55999e-07 0 1.64091e-07 0 1.72453e-07 0 1.80627e-07 0 1.88574e-07 0 1.96745e-07 0 2.04639e-07 0 2.12735e-07 0 2.21033e-07 0 2.28997e-07 0 2.36592e-07 0 2.44905e-07 0 2.52828e-07 0 2.60328e-07 0 2.68559e-07 0 2.76347e-07 0 2.83659e-07 0 2.91715e-07 0 2.99275e-07 0 3.06956e-07 0 3.14757e-07 0 3.22014e-07 0 3.30047e-07 0 3.37517e-07 0 3.4509e-07 0 3.52063e-07 0 3.59831e-07 0 3.66982e-07 0 3.74947e-07 0 3.82278e-07 0 3.89694e-07 0 3.96442e-07 0 4.04021e-07 0 4.10915e-07 0 4.18657e-07 0 4.25699e-07 0 4.32811e-07 0 4.39992e-07 0 4.47243e-07 0
105.939 4.21204e-10 4.17136e-10 4.06837e-12 0.00965891 0.00260066 4.11793e-25 0 5.78962e-20 0 9.15717e-15 0 3.81701e-12 0 3.03054e-11 0 8.99895e-11 0 1.84613e-10 0 3.13338e-10 0 1.41525e-09 0 5.26968e-09 0 1.04736e-08 0 1.65477e-08 0 2.31079e-08 0 3.0148e-08 0 3.73985e-08 0 4.47786e-08 0 5.23626e-08 0 5.9958e-08 0 6.78261e-08 0 7.55126e-08 0 8.32461e-08 0 9.10794e-08 0 9.89505e-08 0 1.06798e-07 0 1.14559e-07 0 1.22344e-07 0 1.30116e-07 0 1.38019e-07 0 1.45467e-07 0 1.5317e-07 0 1.60726e-07 0 1.68515e-07 0 1.76113e-07 0 1.83484e-07 0 1.91047e-07 0 1.98341e-07 0 2.05807e-07 0 2.13445e-07 0 2.20764e-07 0 2.27733e-07 0 2.35349e-07 0 2.42596e-07 0 2.49447e-07 0 2.56955e-07 0 2.64048e-07 0 2.707e-07 0 2.7802e-07 0 2.84881e-07 0 2.91843e-07 0 2.98906e-07 0 3.0547e-07 0 3.12727e-07 0 3.19468e-07 0 3.26295e-07 0 3.32575e-07 0 3.39565e-07 0 3.45994e-07 0 3.53147e-07 0 3.59725e-07 0 3.66374e-07 0 3.72418e-07 0 3.79201e-07 0 3.85367e-07 0 3.92286e-07 0 3.98573e-07 0 4.04918e-07 0 4.11321e-07 0 4.17781e-07 0
111.377 3.99537e-10 3.96214e-10 3.32277e-12 0.00831655 0.00235476 2.87062e-24 0 2.26257e-19 0 1.99468e-14 0 6.19326e-12 0 4.44411e-11 0 1.25135e-10 0 2.47865e-10 0 4.09968e-10 0 1.72031e-09 0 6.00769e-09 0 1.15474e-08 0 1.78426e-08 0 2.45151e-08 0 3.15737e-08 0 3.87601e-08 0 4.60059e-08 0 5.33924e-08 0 6.07387e-08 0 6.83018e-08 0 7.565e-08 0 8.30072e-08 0 9.04264e-08 0 9.7851e-08 0 1.05225e-07 0 1.12494e-07 0 1.19761e-07 0 1.26994e-07 0 1.34329e-07 0 1.41224e-07 0 1.48337e-07 0 1.55298e-07 0 1.62459e-07 0 1.69428e-07 0 1.76176e-07 0 1.83087e-07 0 1.8974e-07 0 1.96538e-07 0 2.03482e-07 0 2.10124e-07 0 2.16439e-07 0 2.23331e-07 0 2.29879e-07 0 2.36061e-07 0 2.42827e-07 0 2.49212e-07 0 2.55192e-07 0 2.61764e-07 0 2.67918e-07 0 2.74155e-07 0 2.80476e-07 0 2.86343e-07 0 2.92825e-07 0 2.98839e-07 0 3.04924e-07 0 3.10517e-07 0 3.16736e-07 0 3.22451e-07 0 3.28804e-07 0 3.34641e-07 0 3.40537e-07 0 3.45892e-07 0 3.51897e-07 0 3.57352e-07 0 3.63468e-07 0 3.69021e-07 0 3.74622e-07 0 3.8027e-07 0 3.85964e-07 0
117.094 3.79126e-10 3.76408e-10 2.71846e-12 0.00717034 0.00213297 1.79385e-23 0 8.15339e-19 0 4.1225e-14 0 9.67237e-12 0 6.30395e-11 0 1.68755e-10 0 3.23296e-10 0 5.21756e-10 0 2.0414e-09 0 6.70728e-09 0 1.24884e-08 0 1.88928e-08 0 2.5561e-08 0 3.25198e-08 0 3.95276e-08 0 4.65303e-08 0 5.36147e-08 0 6.06143e-08 0 6.77786e-08 0 7.47033e-08 0 8.16048e-08 0 8.85352e-08 0 9.5444e-08 0 1.02281e-07 0 1.08999e-07 0 1.15696e-07 0 1.22342e-07 0 1.29063e-07 0 1.35366e-07 0 1.41854e-07 0 1.48189e-07 0 1.54692e-07 0 1.61008e-07 0 1.67113e-07 0 1.73354e-07 0 1.79352e-07 0 1.85471e-07 0 1.91711e-07 0 1.97671e-07 0 2.0333e-07 0 2.09496e-07 0 2.15348e-07 0 2.20865e-07 0 2.26897e-07 0 2.3258e-07 0 2.37899e-07 0 2.43737e-07 0 2.49198e-07 0 2.54727e-07 0 2.60324e-07 0 2.65515e-07 0 2.71243e-07 0 2.76554e-07 0 2.81923e-07 0 2.86853e-07 0 2.9233e-07 0 2.97359e-07 0 3.02946e-07 0 3.08074e-07 0 3.13249e-07 0 3.17947e-07 0 3.23212e-07 0 3.2799e-07 0 3.33344e-07 0 3.38202e-07 0 3.43098e-07 0 3.48032e-07 0 3.53004e-07 0
123.105 3.60131e-10 3.57891e-10 2.24067e-12 0.00622181 0.00193644 1.01088e-22 0 2.72179e-18 0 8.10996e-14 0 1.45768e-11 0 8.66952e-11 0 2.21188e-10 0 4.1051e-10 0 6.47208e-10 0 2.36917e-09 0 7.34583e-09 0 1.32701e-08 0 1.96762e-08 0 2.62341e-08 0 3.29901e-08 0 3.97237e-08 0 4.63956e-08 0 5.30969e-08 0 5.96768e-08 0 6.63745e-08 0 7.28166e-08 0 7.92093e-08 0 8.56035e-08 0 9.19545e-08 0 9.8219e-08 0 1.04355e-07 0 1.10454e-07 0 1.16492e-07 0 1.22582e-07 0 1.2828e-07 0 1.34132e-07 0 1.39835e-07 0 1.45678e-07 0 1.51342e-07 0 1.56807e-07 0 1.62385e-07 0 1.67737e-07 0 1.73189e-07 0 1.7874e-07 0 1.84035e-07 0 1.89055e-07 0 1.94519e-07 0 1.99697e-07 0 2.04574e-07 0 2.09898e-07 0 2.14911e-07 0 2.19596e-07 0 2.24734e-07 0 2.29534e-07 0 2.3439e-07 0 2.39302e-07 0 2.43853e-07 0 2.4887e-07 0 2.53517e-07 0 2.58211e-07 0 2.62518e-07 0 2.673e-07 0 2.71687e-07 0 2.76557e-07 0 2.81023e-07 0 2.85528e-07 0 2.89614e-07 0 2.94189e-07 0 2.9834e-07 0 3.02987e-07 0 3.07201e-07 0 3.11446e-07 0 3.15721e-07 0 3.20026e-07 0
129.424 3.42033e-10 3.40192e-10 1.84093e-12 0.00538234 0.00175635 5.15783e-22 0 8.43959e-18 0 1.52068e-13 0 2.12129e-11 0 1.15646e-10 0 2.81864e-10 0 5.07564e-10 0 7.82641e-10 0 2.68922e-09 0 7.8912e-09 0 1.38518e-08 0 2.01507e-08 0 2.64962e-08 0 3.29539e-08 0 3.93276e-08 0 4.55925e-08 0 5.18423e-08 0 5.79429e-08 0 6.41205e-08 0 7.00351e-08 0 7.58803e-08 0 8.1705e-08 0 8.74707e-08 0 9.31399e-08 0 9.86769e-08 0 1.04166e-07 0 1.09586e-07 0 1.1504e-07 0 1.20133e-07 0 1.25352e-07 0 1.30428e-07 0 1.3562e-07 0 1.40643e-07 0 1.45483e-07 0 1.50414e-07 0 1.55138e-07 0 1.59944e-07 0 1.64831e-07 0 1.69486e-07 0 1.73894e-07 0 1.78685e-07 0 1.83221e-07 0 1.87488e-07 0 1.92142e-07 0 1.96518e-07 0 2.00605e-07 0 2.05082e-07 0 2.09261e-07 0 2.13485e-07 0 2.17753e-07 0 2.21704e-07 0 2.26057e-07 0 2.30086e-07 0 2.34151e-07 0 2.37879e-07 0 2.42015e-07 0 2.45806e-07 0 2.50012e-07 0 2.53867e-07 0 2.57751e-07 0 2.61273e-07 0 2.65215e-07 0 2.68787e-07 0 2.72785e-07 0 2.76409e-07 0 2.80056e-07 0 2.83727e-07 0 2.87422e-07 0
136.067 3.24788e-10 3.2328e-10 1.50825e-12 0.0046438 0.00159171 2.39425e-21 0 2.43943e-17 0 2.7241e-13 0 2.98594e-11 0 1.49849e-10 0 3.49685e-10 0 6.11874e-10 0 9.23756e-10 0 2.98873e-09 0 8.32271e-09 0 1.42163e-08 0 2.031e-08 0 2.63561e-08 0 3.24385e-08 0 3.83865e-08 0 4.41888e-08 0 4.99402e-08 0 5.55232e-08 0 6.1149e-08 0 6.65118e-08 0 7.17915e-08 0 7.70343e-08 0 8.22072e-08 0 8.72785e-08 0 9.22181e-08 0 9.71029e-08 0 1.01914e-07 0 1.06746e-07 0 1.11248e-07 0 1.15853e-07 0 1.20324e-07 0 1.24889e-07 0 1.29298e-07 0 1.3354e-07 0 1.37855e-07 0 1.41984e-07 0 1.46179e-07 0 1.50438e-07 0 1.5449e-07 0 1.58323e-07 0 1.62485e-07 0 1.66421e-07 0 1.70119e-07 0 1.74148e-07 0 1.77934e-07 0 1.81465e-07 0 1.85331e-07 0 1.88936e-07 0 1.92576e-07 0 1.96252e-07 0 1.99652e-07 0 2.03395e-07 0 2.06856e-07 0 2.10347e-07 0 2.13545e-07 0 2.17091e-07 0 2.20339e-07 0 2.2394e-07 0 2.27238e-07 0 2.3056e-07 0 2.3357e-07 0 2.36936e-07 0 2.39986e-07 0 2.43397e-07 0 2.46486e-07 0 2.49594e-07 0 2.52721e-07 0 2.55867e-07 0
143.051 3.08361e-10 3.07129e-10 1.23262e-12 0.00399733 0.00144144 1.01584e-20 0 6.59553e-17 0 4.67249e-13 0 4.07204e-11 0 1.88879e-10 0 4.22908e-10 0 7.20072e-10 0 1.06548e-09 0 3.2556e-09 0 8.62597e-09 0 1.43579e-08 0 2.01631e-08 0 2.58406e-08 0 3.14902e-08 0 3.6967e-08 0 4.22717e-08 0 4.7498e-08 0 5.2545e-08 0 5.76072e-08 0 6.24132e-08 0 6.71275e-08 0 7.17935e-08 0 7.63833e-08 0 8.08706e-08 0 8.52303e-08 0 8.95314e-08 0 9.37587e-08 0 9.79951e-08 0 1.01934e-07 0 1.05957e-07 0 1.09856e-07 0 1.1383e-07 0 1.17664e-07 0 1.21346e-07 0 1.25086e-07 0 1.28661e-07 0 1.32288e-07 0 1.35966e-07 0 1.39462e-07 0 1.42765e-07 0 1.46347e-07 0 1.49731e-07 0 1.52908e-07 0 1.56366e-07 0 1.59612e-07 0 1.62637e-07 0 1.65946e-07 0 1.6903e-07 0 1.72141e-07 0 1.7528e-07 0 1.78181e-07 0 1.81373e-07 0 1.84322e-07 0 1.87294e-07 0 1.90016e-07 0 1.93031e-07 0 1.95792e-07 0 1.9885e-07 0 2.0165e-07 0 2.04468e-07 0 2.0702e-07 0 2.09873e-07 0 2.12456e-07 0 2.15343e-07 0 2.17957e-07 0 2.20585e-07 0 2.23228e-07 0 2.25885e-07 0
150.394 2.92746e-10 2.9174e-10 1.0057e-12 0.00343541 0.0013045 3.95705e-20 0 1.67363e-16 0 7.6908e-13 0 5.38898e-11 0 2.31927e-10 0 4.99265e-10 0 8.283e-10 0 1.20244e-09 0 3.47964e-09 0 8.79422e-09 0 1.42829e-08 0 1.97338e-08 0 2.4993e-08 0 3.01726e-08 0 3.51527e-08 0 3.9944e-08 0 4.46377e-08 0 4.91481e-08 0 5.36526e-08 0 5.79128e-08 0 6.20775e-08 0 6.61868e-08 0 7.02176e-08 0 7.41481e-08 0 7.79577e-08 0 8.17079e-08 0 8.53862e-08 0 8.90652e-08 0 9.24802e-08 0 9.59619e-08 0 9.9331e-08 0 1.0276e-07 0 1.06062e-07 0 1.0923e-07 0 1.12444e-07 0 1.15512e-07 0 1.18621e-07 0 1.21771e-07 0 1.24761e-07 0 1.27583e-07 0 1.30641e-07 0 1.33527e-07 0 1.36234e-07 0 1.39178e-07 0 1.41939e-07 0 1.4451e-07 0 1.4732e-07 0 1.49937e-07 0 1.52575e-07 0 1.55235e-07 0 1.57691e-07 0 1.60392e-07 0 1.62886e-07 0 1.65398e-07 0 1.67696e-07 0 1.70242e-07 0 1.72571e-07 0 1.75149e-07 0 1.77508e-07 0 1.79881e-07 0 1.82029e-07 0 1.8443e-07 0 1.86602e-07 0 1.89028e-07 0 1.91224e-07 0 1.93431e-07 0 1.95649e-07 0 1.97878e-07 0
158.114 2.78265e-10 2.77435e-10 8.29577e-13 0.00298125 0.00118446 1.42293e-19 0 4.00331e-16 0 1.21877e-12 0 6.93992e-11 0 2.78139e-10 0 5.76766e-10 0 9.33551e-10 0 1.33084e-09 0 3.65731e-09 0 8.83793e-09 0 1.40235e-08 0 1.90789e-08 0 2.38943e-08 0 2.8591e-08 0 3.3072e-08 0 3.73559e-08 0 4.15303e-08 0 4.55231e-08 0 4.94947e-08 0 5.32372e-08 0 5.68843e-08 0 6.04725e-08 0 6.39828e-08 0 6.73975e-08 0 7.06997e-08 0 7.39438e-08 0 7.71196e-08 0 8.02903e-08 0 8.32286e-08 0 8.62196e-08 0 8.91095e-08 0 9.20463e-08 0 9.48715e-08 0 9.75779e-08 0 1.00321e-07 0 1.02936e-07 0 1.05583e-07 0 1.08262e-07 0 1.10803e-07 0 1.13199e-07 0 1.15792e-07 0 1.18238e-07 0 1.20529e-07 0 1.2302e-07 0 1.25354e-07 0 1.27525e-07 0 1.29897e-07 0 1.32104e-07 0 1.34328e-07 0 1.36568e-07 0 1.38636e-07 0 1.40908e-07 0 1.43005e-07 0 1.45115e-07 0 1.47046e-07 0 1.49182e-07 0 1.51136e-07 0 1.53298e-07 0 1.55274e-07 0 1.57262e-07 0 1.5906e-07 0 1.61069e-07 0 1.62885e-07 0 1.64914e-07 0 1.66749e-07 0 1.68592e-07 0 1.70444e-07 0 1.72304e-07 0
166.23 2.64434e-10 2.63752e-10 6.82084e-13 0.00257941 0.0010745 4.73528e-19 0 9.04021e-16 0 1.86039e-12 0 8.69633e-11 0 3.25705e-10 0 6.51804e-10 0 1.03055e-09 0 1.44398e-09 0 3.77818e-09 0 8.74972e-09 0 1.35805e-08 0 1.82084e-08 0 2.25635e-08 0 2.67727e-08 0 3.07595e-08 0 3.45484e-08 0 3.82219e-08 0 4.17206e-08 0 4.51874e-08 0 4.84433e-08 0 5.16068e-08 0 5.47108e-08 0 5.77399e-08 0 6.06798e-08 0 6.3517e-08 0 6.62988e-08 0 6.90173e-08 0 7.17268e-08 0 7.42338e-08 0 7.67821e-08 0 7.92409e-08 0 8.17363e-08 0 8.41339e-08 0 8.6428e-08 0 8.87506e-08 0 9.09625e-08 0 9.31993e-08 0 9.54608e-08 0 9.76033e-08 0 9.96221e-08 0 1.01806e-07 0 1.03863e-07 0 1.05789e-07 0 1.07881e-07 0 1.0984e-07 0 1.11661e-07 0 1.13649e-07 0 1.15498e-07 0 1.17359e-07 0 1.19233e-07 0 1.20962e-07 0 1.22861e-07 0 1.24612e-07 0 1.26373e-07 0 1.27983e-07 0 1.29765e-07 0 1.31393e-07 0 1.33193e-07 0 1.34839e-07 0 1.36493e-07 0 1.37989e-07 0 1.39659e-07 0 1.41168e-07 0 1.42853e-07 0 1.44377e-07 0 1.45907e-07 0 1.47444e-07 0 1.48987e-07 0
174.763 2.51229e-10 2.5067e-10 5.59219e-13 0.00222593 0.000973931 1.46391e-18 0 1.93269e-15 0 2.74039e-12 0 1.06177e-10 0 3.72858e-10 0 7.21363e-10 0 1.11537e-09 0 1.53742e-09 0 3.8395e-09 0 8.54012e-09 0 1.2981e-08 0 1.71657e-08 0 2.10592e-08 0 2.47902e-08 0 2.83e-08 0 3.1617e-08 0 3.48181e-08 0 3.78544e-08 0 4.08525e-08 0 4.36593e-08 0 4.63789e-08 0 4.90406e-08 0 5.16321e-08 0 5.4142e-08 0 5.65595e-08 0 5.89257e-08 0 6.1234e-08 0 6.35312e-08 0 6.56535e-08 0 6.7808e-08 0 6.98841e-08 0 7.19887e-08 0 7.40083e-08 0 7.59386e-08 0 7.7891e-08 0 7.97485e-08 0 8.16252e-08 0 8.35208e-08 0 8.53151e-08 0 8.70045e-08 0 8.88303e-08 0 9.0549e-08 0 9.21573e-08 0 9.39027e-08 0 9.55357e-08 0 9.70535e-08 0 9.87089e-08 0 1.00247e-07 0 1.01795e-07 0 1.03353e-07 0 1.0479e-07 0 1.06366e-07 0 1.07819e-07 0 1.0928e-07 0 1.10615e-07 0 1.12091e-07 0 1.1344e-07 0 1.1493e-07 0 1.16292e-07 0 1.17661e-07 0 1.18897e-07 0 1.20277e-07 0 1.21525e-07 0 1.22916e-07 0 1.24174e-07 0 1.25437e-07 0 1.26705e-07 0 1.27977e-07 0
183.733 2.38624e-10 2.38167e-10 4.57291e-13 0.00191636 0.000882067 4.21925e-18 0 3.92212e-15 0 3.90208e-12 0 1.2647e-10 0 4.17732e-10 0 7.82626e-10 0 1.18473e-09 0 1.60778e-09 0 3.84149e-09 0 8.22392e-09 0 1.22555e-08 0 1.5996e-08 0 1.94391e-08 0 2.27122e-08 0 2.57715e-08 0 2.86479e-08 0 3.14115e-08 0 3.40231e-08 0 3.65932e-08 0 3.89923e-08 0 4.13109e-08 0 4.35748e-08 0 4.57743e-08 0 4.79002e-08 0 4.99443e-08 0 5.19416e-08 0 5.38871e-08 0 5.58204e-08 0 5.76041e-08 0 5.94126e-08 0 6.11533e-08 0 6.29157e-08 0 6.46053e-08 0 6.62186e-08 0 6.78487e-08 0 6.93981e-08 0 7.09623e-08 0 7.25409e-08 0 7.40338e-08 0 7.54385e-08 0 7.69555e-08 0 7.83824e-08 0 7.97169e-08 0 8.11641e-08 0 8.25173e-08 0 8.37742e-08 0 8.51444e-08 0 8.64169e-08 0 8.76968e-08 0 8.89841e-08 0 9.01705e-08 0 9.14716e-08 0 9.26706e-08 0 9.38755e-08 0 9.49761e-08 0 9.61923e-08 0 9.7303e-08 0 9.85304e-08 0 9.96512e-08 0 1.00777e-07 0 1.01794e-07 0 1.02928e-07 0 1.03953e-07 0 1.05096e-07 0 1.06129e-07 0 1.07165e-07 0 1.08205e-07 0 1.09249e-07 0
193.164 2.26599e-10 2.26226e-10 3.73043e-13 0.00164627 0.000798258 1.13763e-17 0 7.57468e-15 0 5.37993e-12 0 1.47141e-10 0 4.58517e-10 0 8.33201e-10 0 1.23616e-09 0 1.65295e-09 0 3.7871e-09 0 7.81904e-09 0 1.14362e-08 0 1.47434e-08 0 1.77574e-08 0 2.0601e-08 0 2.32431e-08 0 2.57152e-08 0 2.80806e-08 0 3.03082e-08 0 3.24935e-08 0 3.45279e-08 0 3.64893e-08 0 3.84003e-08 0 4.02531e-08 0 4.20408e-08 0 4.37567e-08 0 4.54308e-08 0 4.70591e-08 0 4.8675e-08 0 5.01642e-08 0 5.16721e-08 0 5.3122e-08 0 5.45885e-08 0 5.59929e-08 0 5.73326e-08 0 5.86851e-08 0 5.99697e-08 0 6.12654e-08 0 6.2572e-08 0 6.38068e-08 0 6.49679e-08 0 6.62209e-08 0 6.73987e-08 0 6.84995e-08 0 6.96926e-08 0 7.08076e-08 0 7.18427e-08 0 7.29704e-08 0 7.40172e-08 0 7.50696e-08 0 7.61274e-08 0 7.7102e-08 0 7.81703e-08 0 7.91542e-08 0 8.01427e-08 0 8.10452e-08 0 8.20421e-08 0 8.29521e-08 0 8.39574e-08 0 8.48749e-08 0 8.57961e-08 0 8.66281e-08 0 8.75558e-08 0 8.83938e-08 0 8.93281e-08 0 9.01719e-08 0 9.10185e-08 0 9.18677e-08 0 9.27197e-08 0
203.079 2.15413e-10 2.15106e-10 3.07154e-13 0.00142588 0.000724366 2.88261e-17 0 1.39733e-14 0 7.20274e-12 0 1.67623e-10 0 4.94216e-10 0 8.72396e-10 0 1.26982e-09 0 1.67429e-09 0 3.68633e-09 0 7.3544e-09 0 1.0568e-08 0 1.34664e-08 0 1.6083e-08 0 1.85343e-08 0 2.07994e-08 0 2.29091e-08 0 2.49201e-08 0 2.68077e-08 0 2.86542e-08 0 3.03689e-08 0 3.20183e-08 0 3.36221e-08 0 3.51742e-08 0 3.66692e-08 0 3.81019e-08 0 3.94978e-08 0 4.08536e-08 0 4.21975e-08 0 4.34344e-08 0 4.46857e-08 0 4.58876e-08 0 4.7102e-08 0 4.8264e-08 0 4.93715e-08 0 5.04887e-08 0 5.1549e-08 0 5.26176e-08 0 5.36944e-08 0 5.47114e-08 0 5.5667e-08 0 5.66977e-08 0 5.76659e-08 0 5.85703e-08 0 5.95501e-08 0 6.04651e-08 0 6.13141e-08 0 6.22387e-08 0 6.30966e-08 0 6.39586e-08 0 6.48247e-08 0 6.56222e-08 0 6.64961e-08 0 6.73007e-08 0 6.81086e-08 0 6.8846e-08 0 6.96602e-08 0 7.04032e-08 0 7.12237e-08 0 7.19723e-08 0 7.27236e-08 0 7.34019e-08 0 7.41582e-08 0 7.4841e-08 0 7.5602e-08 0 7.62892e-08 0 7.69784e-08 0 7.76696e-08 0 7.83628e-08 0
213.503 2.04767e-10 2.04515e-10 2.52721e-13 0.00123419 0.000657235 6.87771e-17 0 2.46513e-14 0 9.36743e-12 0 1.8697e-10 0 5.23013e-10 0 8.98144e-10 0 1.2838e-09 0 1.67033e-09 0 3.5415e-09 0 6.83995e-09 0 9.66599e-09 0 1.21822e-08 0 1.4434e-08 0 1.65298e-08 0 1.84563e-08 0 2.02431e-08 0 2.19404e-08 0 2.35286e-08 0 2.50781e-08 0 2.65136e-08 0 2.78916e-08 0 2.9229e-08 0 3.0521e-08 0 3.17636e-08 0 3.29527e-08 0 3.41097e-08 0 3.52321e-08 0 3.63433e-08 0 3.73651e-08 0 3.83977e-08 0 3.93885e-08 0 4.03888e-08 0 4.13451e-08 0 4.22558e-08 0 4.31739e-08 0 4.40444e-08 0 4.49213e-08 0 4.58044e-08 0 4.66378e-08 0 4.74205e-08 0 4.82641e-08 0 4.90562e-08 0 4.97957e-08 0 5.05964e-08 0 5.13438e-08 0 5.2037e-08 0 5.27916e-08 0 5.34914e-08 0 5.41942e-08 0 5.49002e-08 0 5.55499e-08 0 5.62616e-08 0 5.69166e-08 0 5.75741e-08 0 5.8174e-08 0 5.88362e-08 0 5.94403e-08 0 6.0107e-08 0 6.07152e-08 0 6.13254e-08 0 6.18762e-08 0 6.249e-08 0 6.30441e-08 0 6.36616e-08 0 6.42189e-08 0 6.47777e-08 0 6.5338e-08 0 6.58998e-08 0
224.463 1.94593e-10 1.94386e-10 2.07325e-13 0.00106543 0.000595807 1.54936e-16 0 4.16708e-14 0 1.18485e-11 0 2.04366e-10 0 5.4381e-10 0 9.09753e-10 0 1.27821e-09 0 1.6422e-09 0 3.35968e-09 0 6.29284e-09 0 8.75376e-09 0 1.09187e-08 0 1.28404e-08 0 1.4618e-08 0 1.62442e-08 0 1.77466e-08 0 1.91689e-08 0 2.04962e-08 0 2.17879e-08 0 2.29819e-08 0 2.4126e-08 0 2.52344e-08 0 2.63035e-08 0 2.73302e-08 0 2.83114e-08 0 2.9265e-08 0 3.0189e-08 0 3.11028e-08 0 3.19422e-08 0 3.27898e-08 0 3.36023e-08 0 3.4422e-08 0 3.5205e-08 0 3.59501e-08 0 3.67007e-08 0 3.7412e-08 0 3.8128e-08 0 3.88487e-08 0 3.95284e-08 0 4.01664e-08 0 4.08537e-08 0 4.14987e-08 0 4.21006e-08 0 4.2752e-08 0 4.33597e-08 0 4.39232e-08 0 4.45362e-08 0 4.51045e-08 0 4.56751e-08 0 4.6248e-08 0 4.67751e-08 0 4.73522e-08 0 4.78832e-08 0 4.8416e-08 0 4.89019e-08 0 4.94382e-08 0 4.99273e-08 0 5.04669e-08 0 5.0959e-08 0 5.14526e-08 0 5.1898e-08 0 5.23943e-08 0 5.28421e-08 0 5.3341e-08 0 5.37912e-08 0 5.42425e-08 0 5.46949e-08 0 5.51485e-08 0
235.984 1.84872e-10 1.84702e-10 1.69631e-13 0.00091756 0.000539682 3.30464e-16 0 6.7636e-14 0 1.45952e-11 0 2.19116e-10 0 5.56034e-10 0 9.07406e-10 0 1.25429e-09 0 1.59229e-09 0 3.1493e-09 0 5.73038e-09 0 7.85373e-09 0 9.70089e-09 0 1.1328e-08 0 1.28246e-08 0 1.41876e-08 0 1.54423e-08 0 1.66265e-08 0 1.77287e-08 0 1.87989e-08 0 1.97862e-08 0 2.07305e-08 0 2.16439e-08 0 2.25236e-08 0 2.33673e-08 0 2.41727e-08 0 2.49544e-08 0 2.57112e-08 0 2.64588e-08 0 2.7145e-08 0 2.78372e-08 0 2.85003e-08 0 2.91688e-08 0 2.98068e-08 0 3.04136e-08 0 3.10244e-08 0 3.1603e-08 0 3.2185e-08 0 3.27704e-08 0 3.33223e-08 0 3.38401e-08 0 3.43977e-08 0 3.49206e-08 0 3.54084e-08 0 3.59361e-08 0 3.64282e-08 0 3.68842e-08 0 3.73803e-08 0 3.78399e-08 0 3.83013e-08 0 3.87643e-08 0 3.91901e-08 0 3.96563e-08 0 4.0085e-08 0 4.05151e-08 0 4.09072e-08 0 4.13399e-08 0 4.17343e-08 0 4.21694e-08 0 4.25661e-08 0 4.29638e-08 0 4.33227e-08 0 4.37224e-08 0 4.4083e-08 0 4.44846e-08 0 4.4847e-08 0 4.52102e-08 0 4.55741e-08 0 4.59389e-08 0
248.097 1.75584e-10 1.75446e-10 1.38461e-13 0.000788574 0.000488499 6.69123e-16 0 1.05615e-13 0 1.75314e-11 0 2.30661e-10 0 5.59545e-10 0 8.919e-10 0 1.21394e-09 0 1.52372e-09 0 2.91884e-09 0 5.1678e-09 0 6.98418e-09 0 8.54786e-09 0 9.91554e-09 0 1.11669e-08 0 1.23018e-08 0 1.3343e-08 0 1.4323e-08 0 1.52329e-08 0 1.61146e-08 0 1.69264e-08 0 1.77016e-08 0 1.84503e-08 0 1.91705e-08 0 1.98603e-08 0 2.0518e-08 0 2.11558e-08 0 2.17726e-08 0 2.23814e-08 0 2.29397e-08 0 2.35024e-08 0 2.40412e-08 0 2.45838e-08 0 2.51015e-08 0 2.55935e-08 0 2.60885e-08 0 2.6557e-08 0 2.70281e-08 0 2.75018e-08 0 2.79481e-08 0 2.83665e-08 0 2.8817e-08 0 2.92393e-08 0 2.96331e-08 0 3.00588e-08 0 3.04558e-08 0 3.08235e-08 0 3.12233e-08 0 3.15937e-08 0 3.19653e-08 0 3.23381e-08 0 3.26809e-08 0 3.3056e-08 0 3.3401e-08 0 3.37469e-08 0 3.40622e-08 0 3.44099e-08 0 3.47269e-08 0 3.50765e-08 0 3.53951e-08 0 3.57145e-08 0 3.60026e-08 0 3.63234e-08 0 3.66128e-08 0 3.69351e-08 0 3.72258e-08 0 3.7517e-08 0 3.78089e-08 0 3.81013e-08 0
260.832 1.66887e-10 1.66773e-10 1.13702e-13 0.00068131 0.000442905 1.29076e-15 0 1.59125e-13 0 2.05806e-11 0 2.38865e-10 0 5.55196e-10 0 8.65449e-10 0 1.16082e-09 0 1.4415e-09 0 2.67916e-09 0 4.6227e-09 0 6.16561e-09 0 7.48101e-09 0 8.62399e-09 0 9.66469e-09 0 1.06049e-08 0 1.14648e-08 0 1.2272e-08 0 1.30199e-08 0 1.37431e-08 0 1.44079e-08 0 1.50418e-08 0 1.56531e-08 0 1.62404e-08 0 1.68023e-08 0 1.73376e-08 0 1.78561e-08 0 1.83571e-08 0 1.88512e-08 0 1.93039e-08 0 1.976e-08 0 2.01963e-08 0 2.06355e-08 0 2.10542e-08 0 2.14519e-08 0 2.18518e-08 0 2.22302e-08 0 2.26105e-08 0 2.29926e-08 0 2.33525e-08 0 2.36898e-08 0 2.40527e-08 0 2.43928e-08 0 2.47099e-08 0 2.50525e-08 0 2.53719e-08 0 2.56676e-08 0 2.59891e-08 0 2.62868e-08 0 2.65854e-08 0 2.68848e-08 0 2.71601e-08 0 2.74613e-08 0 2.77381e-08 0 2.80157e-08 0 2.82686e-08 0 2.85476e-08 0 2.88017e-08 0 2.9082e-08 0 2.93373e-08 0 2.95932e-08 0 2.9824e-08 0 3.0081e-08 0 3.03128e-08 0 3.05708e-08 0 3.08035e-08 0 3.10366e-08 0 3.12701e-08 0 3.15041e-08 0
274.221 1.58658e-10 1.58565e-10 9.36224e-14 0.000590089 0.000401936 2.37668e-15 0 2.31621e-13 0 2.36279e-11 0 2.4343e-10 0 5.43321e-10 0 8.29232e-10 0 1.09694e-09 0 1.34844e-09 0 2.43567e-09 0 4.10168e-09 0 5.40321e-09 0 6.50284e-09 0 7.45252e-09 0 8.31332e-09 0 9.08823e-09 0 9.79494e-09 0 1.04568e-08 0 1.10686e-08 0 1.16593e-08 0 1.22014e-08 0 1.27176e-08 0 1.32148e-08 0 1.36919e-08 0 1.41479e-08 0 1.45818e-08 0 1.50018e-08 0 1.54073e-08 0 1.58069e-08 0 1.61728e-08 0 1.65412e-08 0 1.68934e-08 0 1.72476e-08 0 1.75852e-08 0 1.79057e-08 0 1.82278e-08 0 1.85324e-08 0 1.88384e-08 0 1.91457e-08 0 1.94351e-08 0 1.97062e-08 0 1.99978e-08 0 2.02709e-08 0 2.05255e-08 0 2.08005e-08 0 2.10567e-08 0 2.12939e-08 0 2.15517e-08 0 2.17903e-08 0 2.20296e-08 0 2.22695e-08 0 2.249e-08 0 2.27311e-08 0 2.29528e-08 0 2.31749e-08 0 2.33773e-08 0 2.36004e-08 0 2.38037e-08 0 2.40278e-08 0 2.4232e-08 0 2.44366e-08 0 2.4621e-08 0 2.48264e-08 0 2.50115e-08 0 2.52176e-08 0 2.54034e-08 0 2.55895e-08 0 2.5776e-08 0 2.59627e-08 0
288.297 1.50789e-10 1.50713e-10 7.68577e-14 0.000509702 0.000364427 4.18441e-15 0 3.26093e-13 0 2.65439e-11 0 2.44208e-10 0 5.24505e-10 0 7.84667e-10 0 1.02448e-09 0 1.24735e-09 0 2.19322e-09 0 3.6098e-09 0 4.70005e-09 0 5.61349e-09 0 6.39794e-09 0 7.10601e-09 0 7.74135e-09 0 8.31923e-09 0 8.85923e-09 0 9.35752e-09 0 9.83775e-09 0 1.02779e-08 0 1.06964e-08 0 1.10991e-08 0 1.14851e-08 0 1.18536e-08 0 1.2204e-08 0 1.25429e-08 0 1.28699e-08 0 1.31919e-08 0 1.34865e-08 0 1.37829e-08 0 1.40662e-08 0 1.4351e-08 0 1.46222e-08 0 1.48796e-08 0 1.51381e-08 0 1.53825e-08 0 1.56279e-08 0 1.58743e-08 0 1.61062e-08 0 1.63234e-08 0 1.65569e-08 0 1.67756e-08 0 1.69793e-08 0 1.71993e-08 0 1.74043e-08 0 1.75939e-08 0 1.78e-08 0 1.79907e-08 0 1.81819e-08 0 1.83735e-08 0 1.85496e-08 0 1.87422e-08 0 1.89191e-08 0 1.90964e-08 0 1.92579e-08 0 1.94359e-08 0 1.9598e-08 0 1.97767e-08 0 1.99395e-08 0 2.01026e-08 0 2.02496e-08 0 2.04132e-08 0 2.05608e-08 0 2.07249e-08 0 2.08729e-08 0 2.10211e-08 0 2.11696e-08 0 2.13183e-08 0
303.095 1.43263e-10 1.432e-10 6.29254e-14 0.000439228 0.000330146 7.05948e-15 0 4.44754e-13 0 2.92097e-11 0 2.4135e-10 0 4.99832e-10 0 7.33743e-10 0 9.46207e-10 0 1.14168e-09 0 1.95706e-09 0 3.15246e-09 0 4.05978e-09 0 4.81409e-09 0 5.45851e-09 0 6.03795e-09 0 6.5563e-09 0 7.02664e-09 0 7.46525e-09 0 7.86927e-09 0 8.25807e-09 0 8.61391e-09 0 8.95189e-09 0 9.27674e-09 0 9.58784e-09 0 9.88462e-09 0 1.01666e-08 0 1.0439e-08 0 1.07017e-08 0 1.09603e-08 0 1.11967e-08 0 1.14344e-08 0 1.16615e-08 0 1.18897e-08 0 1.21069e-08 0 1.23129e-08 0 1.25198e-08 0 1.27153e-08 0 1.29115e-08 0 1.31084e-08 0 1.32937e-08 0 1.34672e-08 0 1.36536e-08 0 1.38282e-08 0 1.39907e-08 0 1.41663e-08 0 1.43297e-08 0 1.4481e-08 0 1.46452e-08 0 1.47972e-08 0 1.49496e-08 0 1.51022e-08 0 1.52425e-08 0 1.53958e-08 0 1.55367e-08 0 1.56778e-08 0 1.58063e-08 0 1.59479e-08 0 1.60769e-08 0 1.62191e-08 0 1.63485e-08 0 1.64782e-08 0 1.65951e-08 0 1.67251e-08 0 1.68423e-08 0 1.69728e-08 0 1.70904e-08 0 1.72081e-08 0 1.7326e-08 0 1.74441e-08 0
318.653 1.36066e-10 1.36015e-10 5.13954e-14 0.000377723 0.000298875 1.14361e-14 0 5.88538e-13 0 3.15169e-11 0 2.3516e-10 0 4.70509e-10 0 6.78458e-10 0 8.64747e-10 0 1.03452e-09 0 1.73144e-09 0 2.73307e-09 0 3.48357e-09 0 4.10306e-09 0 4.62976e-09 0 5.10168e-09 0 5.52267e-09 0 5.90381e-09 0 6.25858e-09 0 6.58486e-09 0 6.8984e-09 0 7.18501e-09 0 7.45695e-09 0 7.71807e-09 0 7.96791e-09 0 8.20606e-09 0 8.43215e-09 0 8.65049e-09 0 8.86086e-09 0 9.06778e-09 0 9.25691e-09 0 9.447e-09 0 9.62844e-09 0 9.81071e-09 0 9.98413e-09 0 1.01486e-08 0 1.03136e-08 0 1.04695e-08 0 1.0626e-08 0 1.07829e-08 0 1.09306e-08 0 1.10687e-08 0 1.12172e-08 0 1.13562e-08 0 1.14855e-08 0 1.16252e-08 0 1.17552e-08 0 1.18755e-08 0 1.20061e-08 0 1.21269e-08 0 1.2248e-08 0 1.23693e-08 0 1.24807e-08 0 1.26025e-08 0 1.27144e-08 0 1.28264e-08 0 1.29285e-08 0 1.30409e-08 0 1.31432e-08 0 1.3256e-08 0 1.33587e-08 0 1.34616e-08 0 1.35543e-08 0 1.36574e-08 0 1.37504e-08 0 1.38538e-08 0 1.3947e-08 0 1.40403e-08 0 1.41338e-08 0 1.42273e-08 0
335.009 1.29282e-10 1.2924e-10 4.2098e-14 0.000325628 0.00027077 1.7837e-14 0 7.57291e-13 0 3.34006e-11 0 2.26228e-10 0 4.38114e-10 0 6.21165e-10 0 7.83038e-10 0 9.2926e-10 0 1.52061e-09 0 2.35497e-09 0 2.97273e-09 0 3.47928e-09 0 3.90806e-09 0 4.29099e-09 0 4.63173e-09 0 4.93958e-09 0 5.22564e-09 0 5.48834e-09 0 5.74046e-09 0 5.97068e-09 0 6.18889e-09 0 6.39823e-09 0 6.59838e-09 0 6.78901e-09 0 6.96987e-09 0 7.14442e-09 0 7.31251e-09 0 7.47775e-09 0 7.62871e-09 0 7.78036e-09 0 7.92506e-09 0 8.07035e-09 0 8.20853e-09 0 8.33951e-09 0 8.47094e-09 0 8.59505e-09 0 8.71954e-09 0 8.8444e-09 0 8.9618e-09 0 9.07166e-09 0 9.18968e-09 0 9.3001e-09 0 9.40288e-09 0 9.51382e-09 0 9.61707e-09 0 9.71257e-09 0 9.81624e-09 0 9.91213e-09 0 1.00082e-08 0 1.01044e-08 0 1.01928e-08 0 1.02894e-08 0 1.03781e-08 0 1.04669e-08 0 1.05478e-08 0 1.06369e-08 0 1.0718e-08 0 1.08074e-08 0 1.08887e-08 0 1.09702e-08 0 1.10436e-08 0 1.11253e-08 0 1.11989e-08 0 1.12807e-08 0 1.13545e-08 0 1.14284e-08 0 1.15023e-08 0 1.15764e-08 0
352.205 1.22915e-10 1.22881e-10 3.46901e-14 0.000282228 0.000245763 2.68427e-14 0 9.49053e-13 0 3.4807e-11 0 2.15083e-10 0 4.03884e-10 0 5.63578e-10 0 7.03094e-10 0 8.28083e-10 0 1.32661e-09 0 2.01807e-09 0 2.52441e-09 0 2.93706e-09 0 3.28495e-09 0 3.59471e-09 0 3.86969e-09 0 4.11766e-09 0 4.34772e-09 0 4.55871e-09 0 4.76098e-09 0 4.94547e-09 0 5.12019e-09 0 5.28767e-09 0 5.44768e-09 0 5.59998e-09 0 5.74438e-09 0 5.88367e-09 0 6.01772e-09 0 6.14945e-09 0 6.26973e-09 0 6.39052e-09 0 6.50572e-09 0 6.62135e-09 0 6.73129e-09 0 6.83546e-09 0 6.93995e-09 0 7.03859e-09 0 7.13751e-09 0 7.2367e-09 0 7.32993e-09 0 7.41716e-09 0 7.51084e-09 0 7.59847e-09 0 7.68002e-09 0 7.76803e-09 0 7.84991e-09 0 7.92564e-09 0 8.00783e-09 0 8.08384e-09 0 8.15997e-09 0 8.23623e-09 0 8.30625e-09 0 8.38276e-09 0 8.453e-09 0 8.52334e-09 0 8.58737e-09 0 8.65791e-09 0 8.72212e-09 0 8.79284e-09 0 8.85722e-09 0 8.92168e-09 0 8.97976e-09 0 9.04437e-09 0 9.10258e-09 0 9.16733e-09 0 9.22568e-09 0 9.28408e-09 0 9.34255e-09 0 9.40107e-09 0
370.284 1.16827e-10 1.16798e-10 2.84946e-14 0.000243905 0.000222869 3.90082e-14 0 1.15885e-12 0 3.56661e-11 0 2.02036e-10 0 3.68493e-10 0 5.0652e-10 0 6.25749e-10 0 7.31745e-10 0 1.14912e-09 0 1.71893e-09 0 2.13194e-09 0 2.46666e-09 0 2.74779e-09 0 2.99742e-09 0 3.21855e-09 0 3.41762e-09 0 3.60204e-09 0 3.77097e-09 0 3.93274e-09 0 4.08015e-09 0 4.21965e-09 0 4.35326e-09 0 4.48083e-09 0 4.60218e-09 0 4.71716e-09 0 4.82802e-09 0 4.93467e-09 0 5.03941e-09 0 5.13502e-09 0 5.23099e-09 0 5.32249e-09 0 5.4143e-09 0 5.50156e-09 0 5.58422e-09 0 5.66711e-09 0 5.74534e-09 0 5.82376e-09 0 5.90238e-09 0 5.97627e-09 0 6.04537e-09 0 6.11958e-09 0 6.18898e-09 0 6.25355e-09 0 6.32321e-09 0 6.38802e-09 0 6.44795e-09 0 6.51298e-09 0 6.57311e-09 0 6.63332e-09 0 6.69364e-09 0 6.749e-09 0 6.80949e-09 0 6.86501e-09 0 6.9206e-09 0 6.97121e-09 0 7.02694e-09 0 7.07767e-09 0 7.13354e-09 0 7.1844e-09 0 7.23531e-09 0 7.28117e-09 0 7.33219e-09 0 7.37815e-09 0 7.42927e-09 0 7.47532e-09 0 7.52142e-09 0 7.56756e-09 0 7.61375e-09 0
389.291 1.11012e-10 1.10989e-10 2.33378e-14 0.000210226 0.000201932 5.48362e-14 0 1.38052e-12 0 3.59677e-11 0 1.87636e-10 0 3.32947e-10 0 4.51221e-10 0 5.52313e-10 0 6.41546e-10 0 9.88756e-10 0 1.45588e-09 0 1.7913e-09 0 2.06174e-09 0 2.2881e-09 0 2.48859e-09 0 2.66585e-09 0 2.82516e-09 0 2.97256e-09 0 3.10743e-09 0 3.23646e-09 0 3.35394e-09 0 3.46501e-09 0 3.57134e-09 0 3.67279e-09 0 3.76925e-09 0 3.8606e-09 0 3.94863e-09 0 4.03327e-09 0 4.11638e-09 0 4.1922e-09 0 4.26829e-09 0 4.34081e-09 0 4.41355e-09 0 4.48267e-09 0 4.54812e-09 0 4.61374e-09 0 4.67565e-09 0 4.73771e-09 0 4.79991e-09 0 4.85834e-09 0 4.91299e-09 0 4.97165e-09 0 5.02651e-09 0 5.07754e-09 0 5.13259e-09 0 5.18379e-09 0 5.23113e-09 0 5.28249e-09 0 5.32997e-09 0 5.37751e-09 0 5.42512e-09 0 5.46882e-09 0 5.51656e-09 0 5.56038e-09 0 5.60424e-09 0 5.64417e-09 0 5.68813e-09 0 5.72815e-09 0 5.77221e-09 0 5.81231e-09 0 5.85245e-09 0 5.88861e-09 0 5.92883e-09 0 5.96506e-09 0 6.00536e-09 0 6.04165e-09 0 6.07798e-09 0 6.11434e-09 0 6.15073e-09 0
409.273 1.05465e-10 1.05446e-10 1.90654e-14 0.000180775 0.000182815 7.46921e-14 0 1.60647e-12 0 3.57274e-11 0 1.72404e-10 0 2.98087e-10 0 3.98623e-10 0 4.83713e-10 0 5.58324e-10 0 8.45466e-10 0 1.22659e-09 0 1.4979e-09 0 1.71561e-09 0 1.89727e-09 0 2.0578e-09 0 2.19947e-09 0 2.32661e-09 0 2.44411e-09 0 2.55151e-09 0 2.65416e-09 0 2.74755e-09 0 2.83579e-09 0 2.92021e-09 0 3.00071e-09 0 3.07721e-09 0 3.14962e-09 0 3.21938e-09 0 3.28642e-09 0 3.35222e-09 0 3.41224e-09 0 3.47244e-09 0 3.52981e-09 0 3.58733e-09 0 3.64197e-09 0 3.6937e-09 0 3.74556e-09 0 3.79447e-09 0 3.84348e-09 0 3.8926e-09 0 3.93873e-09 0 3.98187e-09 0 4.02817e-09 0 4.07146e-09 0 4.11172e-09 0 4.15514e-09 0 4.19553e-09 0 4.23286e-09 0 4.27335e-09 0 4.31079e-09 0 4.34827e-09 0 4.38579e-09 0 4.42023e-09 0 4.45785e-09 0 4.49237e-09 0 4.52693e-09 0 4.55838e-09 0 4.59301e-09 0 4.62452e-09 0 4.65922e-09 0 4.69079e-09 0 4.7224e-09 0 4.75087e-09 0 4.78253e-09 0 4.81104e-09 0 4.84276e-09 0 4.87132e-09 0 4.89991e-09 0 4.92852e-09 0 4.95715e-09 0
430.281 1.00186e-10 1.00171e-10 1.55719e-14 0.000155429 0.000165494 9.87413e-14 0 1.82839e-12 0 3.49877e-11 0 1.56834e-10 0 2.64617e-10 0 3.49448e-10 0 4.20594e-10 0 4.82594e-10 0 7.18798e-10 0 1.02843e-09 0 1.24709e-09 0 1.42181e-09 0 1.56717e-09 0 1.69535e-09 0 1.80828e-09 0 1.90951e-09 0 2.00295e-09 0 2.08828e-09 0 2.16977e-09 0 2.24386e-09 0 2.31382e-09 0 2.38071e-09 0 2.44446e-09 0 2.50502e-09 0 2.56231e-09 0 2.61749e-09 0 2.6705e-09 0 2.7225e-09 0 2.76993e-09 0 2.81748e-09 0 2.86278e-09 0 2.9082e-09 0 2.95133e-09 0 2.99215e-09 0 3.03306e-09 0 3.07164e-09 0 3.1103e-09 0 3.14902e-09 0 3.18539e-09 0 3.21939e-09 0 3.25588e-09 0 3.28999e-09 0 3.32171e-09 0 3.35592e-09 0 3.38773e-09 0 3.41712e-09 0 3.44901e-09 0 3.47848e-09 0 3.50799e-09 0 3.53752e-09 0 3.56463e-09 0 3.59423e-09 0 3.6214e-09 0 3.64859e-09 0 3.67333e-09 0 3.70057e-09 0 3.72536e-09 0 3.75265e-09 0 3.77748e-09 0 3.80233e-09 0 3.82472e-09 0 3.84961e-09 0 3.87203e-09 0 3.89696e-09 0 3.91941e-09 0 3.94188e-09 0 3.96436e-09 0 3.98687e-09 0
452.368 9.52557e-11 9.52429e-11 1.28409e-14 0.000134804 0.000150236 1.26996e-13 0 2.0395e-12 0 3.38373e-11 0 1.41466e-10 0 2.33254e-10 0 3.04413e-10 0 3.63589e-10 0 4.14866e-10 0 6.08398e-10 0 8.59196e-10 0 1.03502e-09 0 1.17495e-09 0 1.29107e-09 0 1.39326e-09 0 1.48317e-09 0 1.56365e-09 0 1.63787e-09 0 1.70559e-09 0 1.77022e-09 0 1.82894e-09 0 1.88435e-09 0 1.93731e-09 0 1.98776e-09 0 2.03566e-09 0 2.08096e-09 0 2.12457e-09 0 2.16645e-09 0 2.20753e-09 0 2.24498e-09 0 2.28252e-09 0 2.31828e-09 0 2.35411e-09 0 2.38814e-09 0 2.42034e-09 0 2.4526e-09 0 2.48302e-09 0 2.51349e-09 0 2.54401e-09 0 2.57267e-09 0 2.59946e-09 0 2.62821e-09 0 2.65508e-09 0 2.68006e-09 0 2.70699e-09 0 2.73204e-09 0 2.75518e-09 0 2.78028e-09 0 2.80348e-09 0 2.8267e-09 0 2.84994e-09 0 2.87127e-09 0 2.89456e-09 0 2.91593e-09 0 2.93732e-09 0 2.95678e-09 0 2.9782e-09 0 2.9977e-09 0 3.01916e-09 0 3.03868e-09 0 3.05822e-09 0 3.07582e-09 0 3.09539e-09 0 3.11301e-09 0 3.1326e-09 0 3.15025e-09 0 3.16791e-09 0 3.18558e-09 0 3.20326e-09 0
475.588 9.05344e-11 9.05238e-11 1.05554e-14 0.00011659 0.000136268 1.58932e-13 0 2.22919e-12 0 3.23004e-11 0 1.26439e-10 0 2.04006e-10 0 2.63301e-10 0 3.12226e-10 0 3.54398e-10 0 5.12203e-10 0 7.14556e-10 0 8.55473e-10 0 9.67212e-10 0 1.05971e-09 0 1.14098e-09 0 1.21237e-09 0 1.27622e-09 0 1.33504e-09 0 1.38867e-09 0 1.43982e-09 0 1.48626e-09 0 1.53007e-09 0 1.57191e-09 0 1.61176e-09 0 1.64957e-09 0 1.68533e-09 0 1.71973e-09 0 1.75277e-09 0 1.78516e-09 0 1.81468e-09 0 1.84427e-09 0 1.87244e-09 0 1.90067e-09 0 1.92747e-09 0 1.95282e-09 0 1.97822e-09 0 2.00217e-09 0 2.02615e-09 0 2.05017e-09 0 2.07272e-09 0 2.0938e-09 0 2.11641e-09 0 2.13754e-09 0 2.15719e-09 0 2.17837e-09 0 2.19806e-09 0 2.21625e-09 0 2.23598e-09 0 2.25422e-09 0 2.27247e-09 0 2.29073e-09 0 2.30749e-09 0 2.32579e-09 0 2.34258e-09 0 2.35938e-09 0 2.37466e-09 0 2.39149e-09 0 2.4068e-09 0 2.42365e-09 0 2.43898e-09 0 2.45433e-09 0 2.46814e-09 0 2.4835e-09 0 2.49734e-09 0 2.51272e-09 0 2.52657e-09 0 2.54043e-09 0 2.5543e-09 0 2.56817e-09 0
500 8.60241e-11 8.60155e-11 8.65122e-15 0.000100567 0.000123489 1.93812e-13 0 2.3901e-12 0 3.04576e-11 0 1.12044e-10 0 1.77131e-10 0 2.26241e-10 0 2.6647e-10 0 3.00978e-10 0 4.29089e-10 0 5.91783e-10 0 7.04387e-10 0 7.93379e-10 0 8.66888e-10 0 9.31366e-10 0 9.87941e-10 0 1.03848e-09 0 1.08501e-09 0 1.1274e-09 0 1.1678e-09 0 1.20447e-09 0 1.23904e-09 0 1.27204e-09 0 1.30346e-09 0 1.33327e-09 0 1.36144e-09 0 1.38854e-09 0 1.41456e-09 0 1.44006e-09 0 1.4633e-09 0 1.48658e-09 0 1.50875e-09 0 1.53096e-09 0 1.55204e-09 0 1.57197e-09 0 1.59194e-09 0 1.61077e-09 0 1.62962e-09 0 1.6485e-09 0 1.66622e-09 0 1.68278e-09 0 1.70054e-09 0 1.71714e-09 0 1.73257e-09 0 1.7492e-09 0 1.76466e-09 0 1.77895e-09 0 1.79444e-09 0 1.80875e-09 0 1.82307e-09 0 1.83741e-09 0 1.85056e-09 0 1.86492e-09 0 1.8781e-09 0 1.89128e-09 0 1.90327e-09 0 1.91647e-09 0 1.92848e-09 0 1.9417e-09 0 1.95373e-09 0 1.96576e-09 0 1.9766e-09 0 1.98864e-09 0 1.99949e-09 0 2.01155e-09 0 2.02241e-09 0 2.03328e-09 0 2.04415e-09 0 2.05503e-09 0
525.665 8.17271e-11 8.172e-11 7.07177e-15 8.6529e-05 0.000111816 2.30618e-13 0 2.51648e-12 0 2.83919e-11 0 9.85015e-11 0 1.52764e-10 0 1.93216e-10 0 2.26132e-10 0 2.5424e-10 0 3.57838e-10 0 4.88238e-10 0 5.77985e-10 0 6.48699e-10 0 7.06992e-10 0 7.58049e-10 0 8.02797e-10 0 8.42738e-10 0 8.79478e-10 0 9.12928e-10 0 9.44792e-10 0 9.73697e-10 0 1.00094e-09 0 1.02693e-09 0 1.05167e-09 0 1.07513e-09 0 1.0973e-09 0 1.11862e-09 0 1.13908e-09 0 1.15914e-09 0 1.1774e-09 0 1.19571e-09 0 1.21313e-09 0 1.23057e-09 0 1.24713e-09 0 1.26279e-09 0 1.27848e-09 0 1.29326e-09 0 1.30806e-09 0 1.32288e-09 0 1.33679e-09 0 1.34978e-09 0 1.36372e-09 0 1.37675e-09 0 1.38885e-09 0 1.4019e-09 0 1.41403e-09 0 1.42523e-09 0 1.43738e-09 0 1.44861e-09 0 1.45984e-09 0 1.47108e-09 0 1.48139e-09 0 1.49265e-09 0 1.50298e-09 0 1.51331e-09 0 1.52271e-09 0 1.53306e-09 0 1.54247e-09 0 1.55283e-09 0 1.56225e-09 0 1.57168e-09 0 1.58017e-09 0 1.58961e-09 0 1.59811e-09 0 1.60756e-09 0 1.61606e-09 0 1.62457e-09 0 1.63309e-09 0 1.64161e-09 0
552.648 7.76431e-11 7.76374e-11 5.76769e-15 7.42846e-05 0.00010118 2.68119e-13 0 2.60453e-12 0 2.61837e-11 0 8.59603e-11 0 1.30934e-10 0 1.64089e-10 0 1.90901e-10 0 2.13703e-10 0 2.97186e-10 0 4.01416e-10 0 4.72784e-10 0 5.28861e-10 0 5.75004e-10 0 6.15365e-10 0 6.50703e-10 0 6.82218e-10 0 7.11187e-10 0 7.37548e-10 0 7.62645e-10 0 7.85401e-10 0 8.06837e-10 0 8.27289e-10 0 8.46744e-10 0 8.6519e-10 0 8.82616e-10 0 8.9937e-10 0 9.15446e-10 0 9.31197e-10 0 9.45543e-10 0 9.59914e-10 0 9.73589e-10 0 9.87285e-10 0 1.00028e-09 0 1.01257e-09 0 1.02487e-09 0 1.03647e-09 0 1.04808e-09 0 1.0597e-09 0 1.07061e-09 0 1.0808e-09 0 1.09173e-09 0 1.10194e-09 0 1.11143e-09 0 1.12166e-09 0 1.13116e-09 0 1.13995e-09 0 1.14947e-09 0 1.15826e-09 0 1.16706e-09 0 1.17587e-09 0 1.18395e-09 0 1.19277e-09 0 1.20086e-09 0 1.20895e-09 0 1.21631e-09 0 1.22442e-09 0 1.23179e-09 0 1.2399e-09 0 1.24728e-09 0 1.25466e-09 0 1.26131e-09 0 1.2687e-09 0 1.27535e-09 0 1.28275e-09 0 1.28941e-09 0 1.29607e-09 0 1.30273e-09 0 1.3094e-09 0
581.015 7.38434e-11 7.38387e-11 4.75404e-15 6.43799e-05 9.18276e-05 3.0525e-13 0 2.65508e-12 0 2.39301e-11 0 7.45806e-11 0 1.11694e-10 0 1.38774e-10 0 1.60549e-10 0 1.78997e-10 0 2.46131e-10 0 3.29326e-10 0 3.86025e-10 0 4.30463e-10 0 4.66968e-10 0 4.98861e-10 0 5.26757e-10 0 5.51618e-10 0 5.74455e-10 0 5.95225e-10 0 6.1499e-10 0 6.32905e-10 0 6.49774e-10 0 6.65864e-10 0 6.81165e-10 0 6.95668e-10 0 7.09367e-10 0 7.22534e-10 0 7.35166e-10 0 7.4754e-10 0 7.58808e-10 0 7.70094e-10 0 7.80831e-10 0 7.91584e-10 0 8.01785e-10 0 8.1143e-10 0 8.21088e-10 0 8.30187e-10 0 8.39295e-10 0 8.48414e-10 0 8.5697e-10 0 8.64964e-10 0 8.73536e-10 0 8.81544e-10 0 8.88985e-10 0 8.97005e-10 0 9.04459e-10 0 9.11343e-10 0 9.18807e-10 0 9.25701e-10 0 9.32599e-10 0 9.39502e-10 0 9.45833e-10 0 9.52744e-10 0 9.59083e-10 0 9.65426e-10 0 9.71194e-10 0 9.77543e-10 0 9.83318e-10 0 9.89673e-10 0 9.95453e-10 0 1.00124e-09 0 1.00644e-09 0 1.01223e-09 0 1.01744e-09 0 1.02324e-09 0 1.02845e-09 0 1.03367e-09 0 1.03889e-09 0 1.04411e-09 0
610.839 7.02171e-11 7.02132e-11 3.91101e-15 5.56989e-05 8.33036e-05 3.40254e-13 0 2.66473e-12 0 2.16588e-11 0 6.42773e-11 0 9.47464e-11 0 1.16767e-10 0 1.34382e-10 0 1.49255e-10 0 2.03074e-10 0 2.69317e-10 0 3.14269e-10 0 3.4942e-10 0 3.78252e-10 0 4.03414e-10 0 4.25404e-10 0 4.44987e-10 0 4.62966e-10 0 4.7931e-10 0 4.94856e-10 0 5.08942e-10 0 5.22202e-10 0 5.34845e-10 0 5.46865e-10 0 5.58256e-10 0 5.69012e-10 0 5.7935e-10 0 5.89265e-10 0 5.98976e-10 0 6.07817e-10 0 6.16672e-10 0 6.25095e-10 0 6.33529e-10 0 6.41528e-10 0 6.49092e-10 0 6.56663e-10 0 6.63797e-10 0 6.70937e-10 0 6.78084e-10 0 6.84791e-10 0 6.91055e-10 0 6.97772e-10 0 7.04047e-10 0 7.09877e-10 0 7.16161e-10 0 7.21999e-10 0 7.27392e-10 0 7.33238e-10 0 7.38638e-10 0 7.4404e-10 0 7.49446e-10 0 7.54404e-10 0 7.59816e-10 0 7.64779e-10 0 7.69745e-10 0 7.74261e-10 0 7.79232e-10 0 7.83753e-10 0 7.88727e-10 0 7.93252e-10 0 7.97779e-10 0 8.01854e-10 0 8.06384e-10 0 8.10463e-10 0 8.14997e-10 0 8.19078e-10 0 8.23162e-10 0 8.27246e-10 0 8.31332e-10 0
642.193 6.67498e-11 6.67466e-11 3.20664e-15 4.80397e-05 7.55009e-05 3.71682e-13 0 2.63484e-12 0 1.94219e-11 0 5.50452e-11 0 7.9937e-11 0 9.777e-11 0 1.11967e-10 0 1.23916e-10 0 1.66934e-10 0 2.19555e-10 0 2.55124e-10 0 2.82879e-10 0 3.05614e-10 0 3.25434e-10 0 3.42742e-10 0 3.58147e-10 0 3.72282e-10 0 3.85126e-10 0 3.97339e-10 0 4.08401e-10 0 4.18811e-10 0 4.28734e-10 0 4.38166e-10 0 4.47103e-10 0 4.55539e-10 0 4.63646e-10 0 4.7142e-10 0 4.79033e-10 0 4.85964e-10 0 4.92903e-10 0 4.99504e-10 0 5.06112e-10 0 5.1238e-10 0 5.18305e-10 0 5.24236e-10 0 5.29823e-10 0 5.35415e-10 0 5.41011e-10 0 5.46263e-10 0 5.51167e-10 0 5.56426e-10 0 5.61338e-10 0 5.65902e-10 0 5.7082e-10 0 5.7539e-10 0 5.79611e-10 0 5.84186e-10 0 5.88411e-10 0 5.92639e-10 0 5.96869e-10 0 6.00748e-10 0 6.04982e-10 0 6.08865e-10 0 6.1275e-10 0 6.16283e-10 0 6.20171e-10 0 6.23707e-10 0 6.27598e-10 0 6.31137e-10 0 6.34677e-10 0 6.37865e-10 0 6.41407e-10 0 6.44597e-10 0 6.48142e-10 0 6.51334e-10 0 6.54527e-10 0 6.57721e-10 0 6.60915e-10 0
675.157 6.34363e-11 6.34337e-11 2.62043e-15 4.13081e-05 6.83662e-05 3.98289e-13 0 2.56871e-12 0 1.72643e-11 0 4.68572e-11 0 6.71009e-11 0 8.14875e-11 0 9.28908e-11 0 1.0246e-10 0 1.36752e-10 0 1.78461e-10 0 2.06554e-10 0 2.28434e-10 0 2.46334e-10 0 2.61924e-10 0 2.7553e-10 0 2.87631e-10 0 2.98731e-10 0 3.08813e-10 0 3.18396e-10 0 3.27073e-10 0 3.35236e-10 0 3.43016e-10 0 3.5041e-10 0 3.57413e-10 0 3.64023e-10 0 3.70374e-10 0 3.76464e-10 0 3.82426e-10 0 3.87854e-10 0 3.93287e-10 0 3.98455e-10 0 4.03628e-10 0 4.08534e-10 0 4.13171e-10 0 4.17813e-10 0 4.22185e-10 0 4.2656e-10 0 4.30939e-10 0 4.35047e-10 0 4.38884e-10 0 4.42998e-10 0 4.4684e-10 0 4.50409e-10 0 4.54256e-10 0 4.57829e-10 0 4.6113e-10 0 4.64707e-10 0 4.68011e-10 0 4.71317e-10 0 4.74624e-10 0 4.77657e-10 0 4.80967e-10 0 4.84002e-10 0 4.87039e-10 0 4.898e-10 0 4.92839e-10 0 4.95603e-10 0 4.98644e-10 0 5.0141e-10 0 5.04177e-10 0 5.06668e-10 0 5.09436e-10 0 5.11929e-10 0 5.14699e-10 0 5.17193e-10 0 5.19688e-10 0 5.22183e-10 0 5.24679e-10 0
709.813 6.02705e-11 6.02684e-11 2.1357e-15 3.54353e-05 6.18581e-05 4.19076e-13 0 2.4709e-12 0 1.52201e-11 0 3.96626e-11 0 5.60575e-11 0 6.7623e-11 0 7.67533e-11 0 8.4395e-11 0 1.11663e-10 0 1.44657e-10 0 1.66807e-10 0 1.8403e-10 0 1.98103e-10 0 2.1035e-10 0 2.21032e-10 0 2.30527e-10 0 2.39233e-10 0 2.47138e-10 0 2.54649e-10 0 2.61448e-10 0 2.67843e-10 0 2.73937e-10 0 2.79726e-10 0 2.85209e-10 0 2.90384e-10 0 2.95355e-10 0 3.00121e-10 0 3.04786e-10 0 3.09032e-10 0 3.13283e-10 0 3.17325e-10 0 3.21371e-10 0 3.25208e-10 0 3.28834e-10 0 3.32464e-10 0 3.35882e-10 0 3.39303e-10 0 3.42726e-10 0 3.45937e-10 0 3.48937e-10 0 3.52152e-10 0 3.55155e-10 0 3.57944e-10 0 3.6095e-10 0 3.63743e-10 0 3.66322e-10 0 3.69117e-10 0 3.71698e-10 0 3.74281e-10 0 3.76864e-10 0 3.79234e-10 0 3.81819e-10 0 3.84191e-10 0 3.86563e-10 0 3.8872e-10 0 3.91093e-10 0 3.93252e-10 0 3.95627e-10 0 3.97787e-10 0 3.99948e-10 0 4.01893e-10 0 4.04055e-10 0 4.06001e-10 0 4.08165e-10 0 4.10112e-10 0 4.1206e-10 0 4.14008e-10 0 4.15957e-10 0
746.248 5.73053e-11 5.73035e-11 1.75674e-15 3.06558e-05 5.61043e-05 4.33802e-13 0 2.34919e-12 0 1.33275e-11 0 3.34288e-11 0 4.66688e-11 0 5.59456e-11 0 6.32423e-11 0 6.93343e-11 0 9.09885e-11 0 1.17067e-10 0 1.34523e-10 0 1.48074e-10 0 1.59135e-10 0 1.68755e-10 0 1.77139e-10 0 1.84589e-10 0 1.91417e-10 0 1.97615e-10 0 2.03502e-10 0 2.0883e-10 0 2.1384e-10 0 2.18613e-10 0 2.23147e-10 0 2.2744e-10 0 2.31492e-10 0 2.35383e-10 0 2.39113e-10 0 2.42764e-10 0 2.46087e-10 0 2.49413e-10 0 2.52575e-10 0 2.55741e-10 0 2.58742e-10 0 2.61578e-10 0 2.64417e-10 0 2.6709e-10 0 2.69765e-10 0 2.72442e-10 0 2.74953e-10 0 2.77298e-10 0 2.79812e-10 0 2.82159e-10 0 2.8434e-10 0 2.8669e-10 0 2.88872e-10 0 2.90888e-10 0 2.93073e-10 0 2.9509e-10 0 2.97109e-10 0 2.99128e-10 0 3.00979e-10 0 3.03e-10 0 3.04853e-10 0 3.06706e-10 0 3.08391e-10 0 3.10246e-10 0 3.11932e-10 0 3.13788e-10 0 3.15476e-10 0 3.17164e-10 0 3.18683e-10 0 3.20372e-10 0 3.21893e-10 0 3.23582e-10 0 3.25104e-10 0 3.26625e-10 0 3.28147e-10 0 3.29669e-10 0
784.553 5.44951e-11 5.44937e-11 1.44907e-15 2.65908e-05 5.09206e-05 4.41897e-13 0 2.20775e-12 0 1.159e-11 0 2.80467e-11 0 3.87056e-11 0 4.61276e-11 0 5.19458e-11 0 5.67927e-11 0 7.39601e-11 0 9.45461e-11 0 1.08289e-10 0 1.18942e-10 0 1.2763e-10 0 1.3518e-10 0 1.41757e-10 0 1.47599e-10 0 1.52951e-10 0 1.57808e-10 0 1.6242e-10 0 1.66593e-10 0 1.70516e-10 0 1.74253e-10 0 1.77803e-10 0 1.81163e-10 0 1.84334e-10 0 1.87378e-10 0 1.90297e-10 0 1.93153e-10 0 1.95752e-10 0 1.98354e-10 0 2.00827e-10 0 2.03303e-10 0 2.0565e-10 0 2.07867e-10 0 2.10087e-10 0 2.12177e-10 0 2.14268e-10 0 2.16361e-10 0 2.18324e-10 0 2.20157e-10 0 2.22121e-10 0 2.23956e-10 0 2.2566e-10 0 2.27497e-10 0 2.29203e-10 0 2.30778e-10 0 2.32485e-10 0 2.34061e-10 0 2.35638e-10 0 2.37216e-10 0 2.38662e-10 0 2.40241e-10 0 2.41688e-10 0 2.43136e-10 0 2.44453e-10 0 2.45902e-10 0 2.47219e-10 0 2.48669e-10 0 2.49987e-10 0 2.51305e-10 0 2.52492e-10 0 2.53811e-10 0 2.54999e-10 0 2.56318e-10 0 2.57506e-10 0 2.58695e-10 0 2.59883e-10 0 2.61072e-10 0
824.824 5.18076e-11 5.18065e-11 1.19175e-15 2.30034e-05 4.61765e-05 4.4314e-13 0 2.05129e-12 0 1.00095e-11 0 2.34202e-11 0 3.1973e-11 0 3.78946e-11 0 4.25223e-11 0 4.63697e-11 0 5.99531e-11 0 7.61778e-11 0 8.69828e-11 0 9.53475e-11 0 1.02163e-10 0 1.08083e-10 0 1.13237e-10 0 1.17814e-10 0 1.22005e-10 0 1.25807e-10 0 1.29417e-10 0 1.32682e-10 0 1.35752e-10 0 1.38676e-10 0 1.41452e-10 0 1.4408e-10 0 1.46559e-10 0 1.4894e-10 0 1.51222e-10 0 1.53455e-10 0 1.55486e-10 0 1.5752e-10 0 1.59453e-10 0 1.61387e-10 0 1.63221e-10 0 1.64954e-10 0 1.66688e-10 0 1.68321e-10 0 1.69955e-10 0 1.7159e-10 0 1.73123e-10 0 1.74555e-10 0 1.76089e-10 0 1.77522e-10 0 1.78853e-10 0 1.80287e-10 0 1.8162e-10 0 1.8285e-10 0 1.84183e-10 0 1.85414e-10 0 1.86645e-10 0 1.87877e-10 0 1.89006e-10 0 1.90239e-10 0 1.91369e-10 0 1.92499e-10 0 1.93527e-10 0 1.94658e-10 0 1.95687e-10 0 1.96818e-10 0 1.97847e-10 0 1.98876e-10 0 1.99803e-10 0 2.00832e-10 0 2.01759e-10 0 2.02789e-10 0 2.03717e-10 0 2.04644e-10 0 2.05572e-10 0 2.06499e-10 0
867.163 4.92389e-11 4.92379e-11 9.76539e-16 1.98327e-05 4.18337e-05 4.37827e-13 0 1.88549e-12 0 8.58842e-12 0 1.94704e-11 0 2.63122e-11 0 3.10247e-11 0 3.46972e-11 0 3.77448e-11 0 4.84729e-11 0 6.12415e-11 0 6.9726e-11 0 7.62866e-11 0 8.16283e-11 0 8.62649e-11 0 9.03002e-11 0 9.38819e-11 0 9.71613e-11 0 1.00135e-10 0 1.02959e-10 0 1.05512e-10 0 1.07912e-10 0 1.10197e-10 0 1.12367e-10 0 1.14421e-10 0 1.16358e-10 0 1.18218e-10 0 1.20001e-10 0 1.21745e-10 0 1.23332e-10 0 1.2492e-10 0 1.2643e-10 0 1.2794e-10 0 1.29372e-10 0 1.30726e-10 0 1.3208e-10 0 1.33355e-10 0 1.3463e-10 0 1.35906e-10 0 1.37103e-10 0 1.38221e-10 0 1.39419e-10 0 1.40537e-10 0 1.41576e-10 0 1.42696e-10 0 1.43735e-10 0 1.44695e-10 0 1.45736e-10 0 1.46696e-10 0 1.47657e-10 0 1.48619e-10 0 1.495e-10 0 1.50462e-10 0 1.51343e-10 0 1.52225e-10 0 1.53027e-10 0 1.5391e-10 0 1.54712e-10 0 1.55595e-10 0 1.56398e-10 0 1.57201e-10 0 1.57924e-10 0 1.58727e-10 0 1.5945e-10 0 1.60253e-10 0 1.60977e-10 0 1.617e-10 0 1.62424e-10 0 1.63147e-10 0
911.674 4.67848e-11 4.6784e-11 7.97018e-16 1.70359e-05 3.78605e-05 4.2652e-13 0 1.71554e-12 0 7.32409e-12 0 1.61193e-11 0 2.15773e-11 0 2.53187e-11 0 2.8227e-11 0 3.06364e-11 0 3.90953e-11 0 4.91305e-11 0 5.57853e-11 0 6.09255e-11 0 6.51078e-11 0 6.87362e-11 0 7.18928e-11 0 7.46937e-11 0 7.72575e-11 0 7.95821e-11 0 8.17884e-11 0 8.37834e-11 0 8.56583e-11 0 8.74433e-11 0 8.91379e-11 0 9.07418e-11 0 9.22546e-11 0 9.37069e-11 0 9.50985e-11 0 9.64602e-11 0 9.7699e-11 0 9.89386e-11 0 1.00117e-10 0 1.01296e-10 0 1.02414e-10 0 1.0347e-10 0 1.04526e-10 0 1.05521e-10 0 1.06516e-10 0 1.07512e-10 0 1.08446e-10 0 1.09318e-10 0 1.10252e-10 0 1.11125e-10 0 1.11935e-10 0 1.12808e-10 0 1.13619e-10 0 1.14368e-10 0 1.1518e-10 0 1.15929e-10 0 1.16678e-10 0 1.17428e-10 0 1.18115e-10 0 1.18865e-10 0 1.19553e-10 0 1.20241e-10 0 1.20866e-10 0 1.21554e-10 0 1.2218e-10 0 1.22868e-10 0 1.23494e-10 0 1.2412e-10 0 1.24684e-10 0 1.2531e-10 0 1.25874e-10 0 1.26501e-10 0 1.27064e-10 0 1.27628e-10 0 1.28193e-10 0 1.28757e-10 0
958.471 4.44714e-11 4.44708e-11 6.53232e-16 1.46888e-05 3.4307e-05 4.10268e-13 0 1.54703e-12 0 6.21424e-12 0 1.33019e-11 0 1.76476e-11 0 2.06137e-11 0 2.2914e-11 0 2.48167e-11 0 3.14806e-11 0 3.93632e-11 0 4.45809e-11 0 4.86071e-11 0 5.18809e-11 0 5.47199e-11 0 5.71888e-11 0 5.93789e-11 0 6.13831e-11 0 6.31999e-11 0 6.4924e-11 0 6.64827e-11 0 6.79474e-11 0 6.93417e-11 0 7.06653e-11 0 7.19178e-11 0 7.30991e-11 0 7.42331e-11 0 7.53196e-11 0 7.63828e-11 0 7.73498e-11 0 7.83175e-11 0 7.92372e-11 0 8.01575e-11 0 8.10297e-11 0 8.18539e-11 0 8.26784e-11 0 8.34548e-11 0 8.42314e-11 0 8.50084e-11 0 8.57371e-11 0 8.64174e-11 0 8.71465e-11 0 8.78273e-11 0 8.84596e-11 0 8.91407e-11 0 8.97734e-11 0 9.03576e-11 0 9.09906e-11 0 9.1575e-11 0 9.21596e-11 0 9.27444e-11 0 9.32805e-11 0 9.38655e-11 0 9.44018e-11 0 9.49383e-11 0 9.54261e-11 0 9.59628e-11 0 9.64507e-11 0 9.69876e-11 0 9.74758e-11 0 9.7964e-11 0 9.84035e-11 0 9.88919e-11 0 9.93315e-11 0 9.98201e-11 0 1.0026e-10 0 1.007e-10 0 1.0114e-10 0 1.01579e-10 0
1007.67 4.22935e-11 4.2293e-11 5.37412e-16 1.27067e-05 3.11254e-05 3.89965e-13 0 1.38352e-12 0 5.24808e-12 0 1.09448e-11 0 1.43994e-11 0 1.6748e-11 0 1.85655e-11 0 2.00668e-11 0 2.53131e-11 0 3.15023e-11 0 3.55924e-11 0 3.87457e-11 0 4.13082e-11 0 4.35294e-11 0 4.54604e-11 0 4.71729e-11 0 4.87398e-11 0 5.01599e-11 0 5.15072e-11 0 5.27253e-11 0 5.38696e-11 0 5.49589e-11 0 5.59928e-11 0 5.69711e-11 0 5.78937e-11 0 5.87793e-11 0 5.96278e-11 0 6.04579e-11 0 6.1213e-11 0 6.19685e-11 0 6.26865e-11 0 6.3405e-11 0 6.40859e-11 0 6.47292e-11 0 6.53728e-11 0 6.59788e-11 0 6.6585e-11 0 6.71914e-11 0 6.77601e-11 0 6.8291e-11 0 6.886e-11 0 6.93913e-11 0 6.98847e-11 0 7.04162e-11 0 7.09099e-11 0 7.13658e-11 0 7.18597e-11 0 7.23157e-11 0 7.27718e-11 0 7.32281e-11 0 7.36464e-11 0 7.41028e-11 0 7.45212e-11 0 7.49398e-11 0 7.53203e-11 0 7.5739e-11 0 7.61197e-11 0 7.65385e-11 0 7.69193e-11 0 7.73002e-11 0 7.7643e-11 0 7.8024e-11 0 7.83669e-11 0 7.8748e-11 0 7.9091e-11 0 7.94341e-11 0 7.97772e-11 0 8.01203e-11 0
1059.39 4.02103e-11 4.02099e-11 4.4066e-16 1.09589e-05 2.82139e-05 3.66235e-13 0 1.22672e-12 0 4.40945e-12 0 8.97382e-12 0 1.1714e-11 0 1.35701e-11 0 1.50037e-11 0 1.61864e-11 0 2.03112e-11 0 2.51655e-11 0 2.83685e-11 0 3.0836e-11 0 3.28401e-11 0 3.45767e-11 0 3.60859e-11 0 3.7424e-11 0 3.86481e-11 0 3.97573e-11 0 4.08096e-11 0 4.17607e-11 0 4.26543e-11 0 4.35047e-11 0 4.43118e-11 0 4.50754e-11 0 4.57956e-11 0 4.64868e-11 0 4.71489e-11 0 4.77967e-11 0 4.8386e-11 0 4.89755e-11 0 4.95358e-11 0 5.00963e-11 0 5.06276e-11 0 5.11295e-11 0 5.16316e-11 0 5.21043e-11 0 5.25772e-11 0 5.30502e-11 0 5.34938e-11 0 5.39079e-11 0 5.43518e-11 0 5.47661e-11 0 5.5151e-11 0 5.55655e-11 0 5.59506e-11 0 5.63061e-11 0 5.66913e-11 0 5.70469e-11 0 5.74026e-11 0 5.77584e-11 0 5.80846e-11 0 5.84405e-11 0 5.87668e-11 0 5.90931e-11 0 5.93899e-11 0 5.97163e-11 0 6.00132e-11 0 6.03397e-11 0 6.06366e-11 0 6.09336e-11 0 6.12009e-11 0 6.14979e-11 0 6.17653e-11 0 6.20624e-11 0 6.23299e-11 0 6.25973e-11 0 6.28648e-11 0 6.31324e-11 0
1113.77 3.82192e-11 3.82188e-11 3.60336e-16 9.42814e-06 2.5554e-05 3.40063e-13 0 1.07892e-12 0 3.68705e-12 0 7.33364e-12 0 9.50268e-12 0 1.09671e-11 0 1.20962e-11 0 1.30267e-11 0 1.62657e-11 0 2.00691e-11 0 2.25754e-11 0 2.45046e-11 0 2.60709e-11 0 2.74275e-11 0 2.86063e-11 0 2.96512e-11 0 3.06069e-11 0 3.14727e-11 0 3.22941e-11 0 3.30363e-11 0 3.37336e-11 0 3.43972e-11 0 3.50269e-11 0 3.56226e-11 0 3.61844e-11 0 3.67236e-11 0 3.72401e-11 0 3.77454e-11 0 3.82049e-11 0 3.86647e-11 0 3.91016e-11 0 3.95387e-11 0 3.9953e-11 0 4.03444e-11 0 4.07359e-11 0 4.11045e-11 0 4.14732e-11 0 4.1842e-11 0 4.21878e-11 0 4.25107e-11 0 4.28567e-11 0 4.31798e-11 0 4.34798e-11 0 4.3803e-11 0 4.41031e-11 0 4.43802e-11 0 4.46805e-11 0 4.49577e-11 0 4.5235e-11 0 4.55123e-11 0 4.57665e-11 0 4.60439e-11 0 4.62983e-11 0 4.65526e-11 0 4.67839e-11 0 4.70383e-11 0 4.72697e-11 0 4.75242e-11 0 4.77556e-11 0 4.7987e-11 0 4.81953e-11 0 4.84268e-11 0 4.86352e-11 0 4.88667e-11 0 4.90752e-11 0 4.92836e-11 0 4.9492e-11 0 4.97005e-11 0
1170.94 3.63164e-11 3.63161e-11 2.93894e-16 8.0926e-06 2.31261e-05 3.12383e-13 0 9.41724e-13 0 3.06905e-12 0 5.97462e-12 0 7.68836e-12 0 8.84195e-12 0 9.72997e-12 0 1.04609e-11 0 1.30015e-11 0 1.59788e-11 0 1.79382e-11 0 1.94455e-11 0 2.06687e-11 0 2.17278e-11 0 2.26479e-11 0 2.34633e-11 0 2.42089e-11 0 2.48845e-11 0 2.55251e-11 0 2.61041e-11 0 2.66479e-11 0 2.71653e-11 0 2.76564e-11 0 2.81209e-11 0 2.85589e-11 0 2.89793e-11 0 2.93819e-11 0 2.97758e-11 0 3.01341e-11 0 3.04925e-11 0 3.0833e-11 0 3.11737e-11 0 3.14966e-11 0 3.18017e-11 0 3.21068e-11 0 3.2394e-11 0 3.26814e-11 0 3.29688e-11 0 3.32383e-11 0 3.34899e-11 0 3.37595e-11 0 3.40112e-11 0 3.4245e-11 0 3.44968e-11 0 3.47307e-11 0 3.49466e-11 0 3.51806e-11 0 3.53965e-11 0 3.56126e-11 0 3.58286e-11 0 3.60267e-11 0 3.62428e-11 0 3.6441e-11 0 3.66391e-11 0 3.68193e-11 0 3.70175e-11 0 3.71977e-11 0 3.7396e-11 0 3.75763e-11 0 3.77566e-11 0 3.79188e-11 0 3.80992e-11 0 3.82615e-11 0 3.84418e-11 0 3.86042e-11 0 3.87665e-11 0 3.89289e-11 0 3.90913e-11 0
1231.05 3.45108e-11 3.45106e-11 2.39961e-16 6.95321e-06 2.09352e-05 2.84154e-13 0 8.16377e-13 0 2.54466e-12 0 4.85491e-12 0 6.20706e-12 0 7.11477e-12 0 7.8125e-12 0 8.3863e-12 0 1.03776e-11 0 1.27069e-11 0 1.42381e-11 0 1.54154e-11 0 1.63704e-11 0 1.7197e-11 0 1.7915e-11 0 1.85511e-11 0 1.91328e-11 0 1.96597e-11 0 2.01594e-11 0 2.06108e-11 0 2.10349e-11 0 2.14383e-11 0 2.18212e-11 0 2.21833e-11 0 2.25248e-11 0 2.28525e-11 0 2.31663e-11 0 2.34733e-11 0 2.37526e-11 0 2.40319e-11 0 2.42973e-11 0 2.45628e-11 0 2.48145e-11 0 2.50522e-11 0 2.529e-11 0 2.55138e-11 0 2.57377e-11 0 2.59616e-11 0 2.61716e-11 0 2.63677e-11 0 2.65778e-11 0 2.67739e-11 0 2.6956e-11 0 2.71522e-11 0 2.73344e-11 0 2.75026e-11 0 2.76849e-11 0 2.78532e-11 0 2.80215e-11 0 2.81898e-11 0 2.83441e-11 0 2.85125e-11 0 2.86668e-11 0 2.88212e-11 0 2.89615e-11 0 2.91159e-11 0 2.92563e-11 0 2.94108e-11 0 2.95512e-11 0 2.96916e-11 0 2.9818e-11 0 2.99585e-11 0 3.00849e-11 0 3.02254e-11 0 3.03518e-11 0 3.04783e-11 0 3.06048e-11 0 3.07312e-11 0
1294.24 3.28237e-11 3.28235e-11 1.97543e-16 6.01831e-06 1.89974e-05 2.56302e-13 0 7.03751e-13 0 2.10383e-12 0 3.93867e-12 0 5.00505e-12 0 5.71914e-12 0 6.26733e-12 0 6.71775e-12 0 8.27872e-12 0 1.01017e-11 0 1.12989e-11 0 1.22188e-11 0 1.29647e-11 0 1.36103e-11 0 1.41709e-11 0 1.46675e-11 0 1.51215e-11 0 1.55327e-11 0 1.59226e-11 0 1.6275e-11 0 1.66058e-11 0 1.69206e-11 0 1.72193e-11 0 1.75018e-11 0 1.77682e-11 0 1.80237e-11 0 1.82686e-11 0 1.8508e-11 0 1.87258e-11 0 1.89437e-11 0 1.91507e-11 0 1.93577e-11 0 1.9554e-11 0 1.97394e-11 0 1.99248e-11 0 2.00993e-11 0 2.02739e-11 0 2.04485e-11 0 2.06123e-11 0 2.07651e-11 0 2.0929e-11 0 2.10819e-11 0 2.12239e-11 0 2.13768e-11 0 2.15189e-11 0 2.165e-11 0 2.17921e-11 0 2.19233e-11 0 2.20545e-11 0 2.21858e-11 0 2.23061e-11 0 2.24373e-11 0 2.25576e-11 0 2.2678e-11 0 2.27874e-11 0 2.29078e-11 0 2.30172e-11 0 2.31376e-11 0 2.3247e-11 0 2.33565e-11 0 2.3455e-11 0 2.35645e-11 0 2.36631e-11 0 2.37726e-11 0 2.38711e-11 0 2.39697e-11 0 2.40683e-11 0 2.41669e-11 0
1360.67 3.12092e-11 3.12091e-11 1.62103e-16 5.19407e-06 1.72239e-05 2.29084e-13 0 6.02787e-13 0 1.73273e-12 0 3.18689e-12 0 4.02661e-12 0 4.58767e-12 0 5.01785e-12 0 5.37104e-12 0 6.59353e-12 0 8.01911e-12 0 8.95441e-12 0 9.67276e-12 0 1.02551e-11 0 1.07589e-11 0 1.11963e-11 0 1.15838e-11 0 1.1938e-11 0 1.22587e-11 0 1.25628e-11 0 1.28376e-11 0 1.30956e-11 0 1.33411e-11 0 1.3574e-11 0 1.37943e-11 0 1.4002e-11 0 1.42012e-11 0 1.43921e-11 0 1.45788e-11 0 1.47486e-11 0 1.49184e-11 0 1.50798e-11 0 1.52412e-11 0 1.53941e-11 0 1.55386e-11 0 1.56831e-11 0 1.58192e-11 0 1.59553e-11 0 1.60914e-11 0 1.6219e-11 0 1.63381e-11 0 1.64658e-11 0 1.6585e-11 0 1.66956e-11 0 1.68148e-11 0 1.69256e-11 0 1.70278e-11 0 1.71385e-11 0 1.72407e-11 0 1.7343e-11 0 1.74452e-11 0 1.7539e-11 0 1.76412e-11 0 1.7735e-11 0 1.78288e-11 0 1.7914e-11 0 1.80078e-11 0 1.80931e-11 0 1.81869e-11 0 1.82722e-11 0 1.83575e-11 0 1.84343e-11 0 1.85196e-11 0 1.85963e-11 0 1.86817e-11 0 1.87585e-11 0 1.88353e-11 0 1.89121e-11 0 1.89889e-11 0
1430.51 2.96655e-11 2.96654e-11 1.3264e-16 4.4712e-06 1.56037e-05 2.03011e-13 0 5.13214e-13 0 1.42199e-12 0 2.5722e-12 0 3.23253e-12 0 3.67283e-12 0 4.01005e-12 0 4.28672e-12 0 5.24329e-12 0 6.35725e-12 0 7.0875e-12 0 7.64811e-12 0 8.10242e-12 0 8.49542e-12 0 8.83655e-12 0 9.13869e-12 0 9.41485e-12 0 9.66492e-12 0 9.90201e-12 0 1.01162e-11 0 1.03173e-11 0 1.05086e-11 0 1.06902e-11 0 1.08618e-11 0 1.10237e-11 0 1.1179e-11 0 1.13277e-11 0 1.14732e-11 0 1.16055e-11 0 1.17378e-11 0 1.18635e-11 0 1.19893e-11 0 1.21085e-11 0 1.22211e-11 0 1.23337e-11 0 1.24397e-11 0 1.25457e-11 0 1.26517e-11 0 1.27511e-11 0 1.28439e-11 0 1.29434e-11 0 1.30362e-11 0 1.31225e-11 0 1.32153e-11 0 1.33015e-11 0 1.33812e-11 0 1.34674e-11 0 1.35471e-11 0 1.36267e-11 0 1.37063e-11 0 1.37794e-11 0 1.3859e-11 0 1.39321e-11 0 1.40051e-11 0 1.40715e-11 0 1.41446e-11 0 1.4211e-11 0 1.4284e-11 0 1.43505e-11 0 1.44169e-11 0 1.44767e-11 0 1.45431e-11 0 1.46029e-11 0 1.46694e-11 0 1.47292e-11 0 1.4789e-11 0 1.48488e-11 0 1.49087e-11 0
1503.94 2.81905e-11 2.81904e-11 1.08251e-16 3.83998e-06 1.4125e-05 1.7846e-13 0 4.34495e-13 0 1.16307e-12 0 2.07124e-12 0 2.58985e-12 0 2.935e-12 0 3.1991e-12 0 3.41563e-12 0 4.16352e-12 0 5.03339e-12 0 5.6032e-12 0 6.04046e-12 0 6.39472e-12 0 6.70111e-12 0 6.96703e-12 0 7.20252e-12 0 7.41774e-12 0 7.61262e-12 0 7.79736e-12 0 7.96425e-12 0 8.12094e-12 0 8.27e-12 0 8.41141e-12 0 8.54516e-12 0 8.67124e-12 0 8.79221e-12 0 8.90807e-12 0 9.02138e-12 0 9.12442e-12 0 9.22749e-12 0 9.32542e-12 0 9.42337e-12 0 9.51619e-12 0 9.60387e-12 0 9.69156e-12 0 9.77411e-12 0 9.85667e-12 0 9.93924e-12 0 1.00167e-11 0 1.00889e-11 0 1.01664e-11 0 1.02387e-11 0 1.03058e-11 0 1.03781e-11 0 1.04453e-11 0 1.05073e-11 0 1.05744e-11 0 1.06364e-11 0 1.06985e-11 0 1.07605e-11 0 1.08173e-11 0 1.08794e-11 0 1.09362e-11 0 1.09931e-11 0 1.10448e-11 0 1.11017e-11 0 1.11534e-11 0 1.12103e-11 0 1.1262e-11 0 1.13137e-11 0 1.13603e-11 0 1.1412e-11 0 1.14586e-11 0 1.15103e-11 0 1.15569e-11 0 1.16034e-11 0 1.165e-11 0 1.16966e-11 0
1581.14 2.67815e-11 2.67814e-11 8.81456e-17 3.29129e-06 1.27764e-05 1.55691e-13 0 3.659e-13 0 9.48288e-13 0 1.66416e-12 0 2.07098e-12 0 2.34128e-12 0 2.54792e-12 0 2.71724e-12 0 3.30152e-12 0 3.98036e-12 0 4.42472e-12 0 4.76559e-12 0 5.04169e-12 0 5.28044e-12 0 5.48763e-12 0 5.67109e-12 0 5.83874e-12 0 5.99054e-12 0 6.13443e-12 0 6.2644e-12 0 6.38644e-12 0 6.50252e-12 0 6.61264e-12 0 6.71679e-12 0 6.81496e-12 0 6.90915e-12 0 6.99936e-12 0 7.08759e-12 0 7.16781e-12 0 7.24806e-12 0 7.3243e-12 0 7.40056e-12 0 7.47282e-12 0 7.54108e-12 0 7.60935e-12 0 7.67361e-12 0 7.73788e-12 0 7.80216e-12 0 7.86243e-12 0 7.91869e-12 0 7.97898e-12 0 8.03525e-12 0 8.08751e-12 0 8.1438e-12 0 8.19607e-12 0 8.24432e-12 0 8.2966e-12 0 8.34487e-12 0 8.39313e-12 0 8.4414e-12 0 8.48566e-12 0 8.53394e-12 0 8.5782e-12 0 8.62246e-12 0 8.6627e-12 0 8.70697e-12 0 8.74722e-12 0 8.7915e-12 0 8.83175e-12 0 8.872e-12 0 8.90824e-12 0 8.9485e-12 0 8.98473e-12 0 9.025e-12 0 9.06124e-12 0 9.09748e-12 0 9.13373e-12 0 9.16997e-12 0
1662.3 2.54737e-11 2.54736e-11 7.26226e-17 2.85089e-06 1.15968e-05 1.35058e-13 0 3.07055e-13 0 7.72009e-13 0 1.33628e-12 0 1.65554e-12 0 1.86734e-12 0 2.02911e-12 0 2.16161e-12 0 2.61844e-12 0 3.14865e-12 0 3.49551e-12 0 3.7615e-12 0 3.9769e-12 0 4.16314e-12 0 4.32473e-12 0 4.4678e-12 0 4.59854e-12 0 4.7169e-12 0 4.82909e-12 0 4.93043e-12 0 5.02557e-12 0 5.11607e-12 0 5.20191e-12 0 5.2831e-12 0 5.35963e-12 0 5.43305e-12 0 5.50337e-12 0 5.57213e-12 0 5.63466e-12 0 5.69721e-12 0 5.75663e-12 0 5.81607e-12 0 5.87239e-12 0 5.92559e-12 0 5.97879e-12 0 6.02887e-12 0 6.07896e-12 0 6.12906e-12 0 6.17603e-12 0 6.21987e-12 0 6.26685e-12 0 6.3107e-12 0 6.35143e-12 0 6.39529e-12 0 6.43602e-12 0 6.47363e-12 0 6.51437e-12 0 6.55197e-12 0 6.58959e-12 0 6.6272e-12 0 6.66168e-12 0 6.6993e-12 0 6.73379e-12 0 6.76828e-12 0 6.79964e-12 0 6.83413e-12 0 6.86549e-12 0 6.89999e-12 0 6.93136e-12 0 6.96272e-12 0 6.99095e-12 0 7.02232e-12 0 7.05056e-12 0 7.08193e-12 0 7.11017e-12 0 7.13841e-12 0 7.16665e-12 0 7.19489e-12 0
1747.63 2.42225e-11 2.42224e-11 5.96376e-17 2.46208e-06 1.05165e-05 1.16368e-13 0 2.56457e-13 0 6.2671e-13 0 1.07084e-12 0 1.32112e-12 0 1.48693e-12 0 1.61348e-12 0 1.71708e-12 0 2.074e-12 0 2.48789e-12 0 2.75849e-12 0 2.96594e-12 0 3.1339e-12 0 3.2791e-12 0 3.40507e-12 0 3.5166e-12 0 3.6185e-12 0 3.71075e-12 0 3.79819e-12 0 3.87717e-12 0 3.95131e-12 0 4.02183e-12 0 4.08872e-12 0 4.15199e-12 0 4.21161e-12 0 4.26882e-12 0 4.32361e-12 0 4.37719e-12 0 4.42591e-12 0 4.47464e-12 0 4.52094e-12 0 4.56724e-12 0 4.61112e-12 0 4.65256e-12 0 4.69401e-12 0 4.73303e-12 0 4.77205e-12 0 4.81107e-12 0 4.84766e-12 0 4.88182e-12 0 4.91841e-12 0 4.95257e-12 0 4.9843e-12 0 5.01846e-12 0 5.05019e-12 0 5.07948e-12 0 5.11122e-12 0 5.14051e-12 0 5.16981e-12 0 5.19911e-12 0 5.22597e-12 0 5.25527e-12 0 5.28213e-12 0 5.309e-12 0 5.33342e-12 0 5.36029e-12 0 5.38472e-12 0 5.41159e-12 0 5.43602e-12 0 5.46045e-12 0 5.48244e-12 0 5.50687e-12 0 5.52886e-12 0 5.5533e-12 0 5.57529e-12 0 5.59728e-12 0 5.61928e-12 0 5.64127e-12 0
1837.33 2.30259e-11 2.30258e-11 4.8832e-17 2.12075e-06 9.52927e-06 9.96276e-14 0 2.13245e-13 0 5.07392e-13 0 8.56497e-13 0 1.05251e-12 0 1.1822e-12 0 1.28113e-12 0 1.36207e-12 0 1.64076e-12 0 1.96365e-12 0 2.17465e-12 0 2.33637e-12 0 2.46728e-12 0 2.58043e-12 0 2.67859e-12 0 2.76549e-12 0 2.84488e-12 0 2.91675e-12 0 2.98487e-12 0 3.04639e-12 0 3.10414e-12 0 3.15907e-12 0 3.21118e-12 0 3.26045e-12 0 3.3069e-12 0 3.35146e-12 0 3.39413e-12 0 3.43586e-12 0 3.4738e-12 0 3.51175e-12 0 3.5478e-12 0 3.58387e-12 0 3.61804e-12 0 3.65031e-12 0 3.68259e-12 0 3.71297e-12 0 3.74336e-12 0 3.77375e-12 0 3.80224e-12 0 3.82884e-12 0 3.85733e-12 0 3.88393e-12 0 3.90864e-12 0 3.93524e-12 0 3.95995e-12 0 3.98276e-12 0 4.00747e-12 0 4.03028e-12 0 4.05309e-12 0 4.0759e-12 0 4.09682e-12 0 4.11963e-12 0 4.14055e-12 0 4.16147e-12 0 4.18048e-12 0 4.2014e-12 0 4.22042e-12 0 4.24134e-12 0 4.26036e-12 0 4.27939e-12 0 4.29651e-12 0 4.31553e-12 0 4.33265e-12 0 4.35168e-12 0 4.3688e-12 0 4.38592e-12 0 4.40305e-12 0 4.42017e-12 0
1931.64 2.18821e-11 2.18821e-11 3.98781e-17 1.8224e-06 8.62811e-06 8.47859e-14 0 1.76574e-13 0 4.09753e-13 0 6.83826e-13 0 8.37202e-13 0 9.38567e-13 0 1.01584e-12 0 1.07904e-12 0 1.2965e-12 0 1.54827e-12 0 1.71272e-12 0 1.83873e-12 0 1.94071e-12 0 2.02886e-12 0 2.10531e-12 0 2.17299e-12 0 2.23482e-12 0 2.29079e-12 0 2.34384e-12 0 2.39174e-12 0 2.43671e-12 0 2.47948e-12 0 2.52005e-12 0 2.55842e-12 0 2.59458e-12 0 2.62927e-12 0 2.66249e-12 0 2.69498e-12 0 2.72452e-12 0 2.75406e-12 0 2.78213e-12 0 2.81021e-12 0 2.83681e-12 0 2.86193e-12 0 2.88706e-12 0 2.91071e-12 0 2.93437e-12 0 2.95802e-12 0 2.9802e-12 0 3.00091e-12 0 3.02309e-12 0 3.0438e-12 0 3.06302e-12 0 3.08373e-12 0 3.10296e-12 0 3.12072e-12 0 3.13995e-12 0 3.15771e-12 0 3.17546e-12 0 3.19322e-12 0 3.2095e-12 0 3.22726e-12 0 3.24354e-12 0 3.25982e-12 0 3.27462e-12 0 3.2909e-12 0 3.30571e-12 0 3.32199e-12 0 3.3368e-12 0 3.3516e-12 0 3.36493e-12 0 3.37973e-12 0 3.39306e-12 0 3.40787e-12 0 3.42119e-12 0 3.43452e-12 0 3.44785e-12 0 3.46118e-12 0
2030.79 2.07902e-11 2.07901e-11 3.24887e-17 1.5627e-06 7.80577e-06 7.17525e-14 0 1.45641e-13 0 3.30126e-13 0 5.45056e-13 0 6.64974e-13 0 7.44145e-13 0 8.04464e-13 0 8.53783e-13 0 1.02338e-12 0 1.2196e-12 0 1.34771e-12 0 1.44586e-12 0 1.52528e-12 0 1.59391e-12 0 1.65344e-12 0 1.70614e-12 0 1.75427e-12 0 1.79784e-12 0 1.83914e-12 0 1.87643e-12 0 1.91143e-12 0 1.94473e-12 0 1.9763e-12 0 2.00617e-12 0 2.03431e-12 0 2.06131e-12 0 2.08717e-12 0 2.11245e-12 0 2.13544e-12 0 2.15843e-12 0 2.18028e-12 0 2.20213e-12 0 2.22283e-12 0 2.24238e-12 0 2.26194e-12 0 2.28034e-12 0 2.29875e-12 0 2.31716e-12 0 2.33442e-12 0 2.35053e-12 0 2.36779e-12 0 2.38391e-12 0 2.39887e-12 0 2.41499e-12 0 2.42995e-12 0 2.44377e-12 0 2.45873e-12 0 2.47255e-12 0 2.48637e-12 0 2.50018e-12 0 2.51285e-12 0 2.52667e-12 0 2.53934e-12 0 2.55201e-12 0 2.56352e-12 0 2.57619e-12 0 2.58771e-12 0 2.60038e-12 0 2.6119e-12 0 2.62342e-12 0 2.63379e-12 0 2.64531e-12 0 2.65568e-12 0 2.6672e-12 0 2.67757e-12 0 2.68794e-12 0 2.69831e-12 0 2.70868e-12 0
2135.03 1.97693e-11 1.97693e-11 2.67001e-17 1.35058e-06 7.08027e-06 6.04691e-14 0 1.19816e-13 0 2.65671e-13 0 4.3423e-13 0 5.28021e-13 0 5.89883e-13 0 6.36992e-13 0 6.75497e-13 0 8.07842e-13 0 9.60868e-13 0 1.06074e-12 0 1.13723e-12 0 1.19913e-12 0 1.25261e-12 0 1.299e-12 0 1.34005e-12 0 1.37755e-12 0 1.4115e-12 0 1.44367e-12 0 1.47272e-12 0 1.49998e-12 0 1.52592e-12 0 1.55052e-12 0 1.57378e-12 0 1.5957e-12 0 1.61673e-12 0 1.63687e-12 0 1.65656e-12 0 1.67447e-12 0 1.69238e-12 0 1.70939e-12 0 1.72641e-12 0 1.74253e-12 0 1.75776e-12 0 1.77299e-12 0 1.78733e-12 0 1.80166e-12 0 1.816e-12 0 1.82944e-12 0 1.84199e-12 0 1.85543e-12 0 1.86798e-12 0 1.87963e-12 0 1.89218e-12 0 1.90384e-12 0 1.9146e-12 0 1.92625e-12 0 1.93701e-12 0 1.94777e-12 0 1.95853e-12 0 1.9684e-12 0 1.97916e-12 0 1.98902e-12 0 1.99889e-12 0 2.00786e-12 0 2.01772e-12 0 2.02669e-12 0 2.03656e-12 0 2.04553e-12 0 2.0545e-12 0 2.06258e-12 0 2.07155e-12 0 2.07962e-12 0 2.08859e-12 0 2.09667e-12 0 2.10474e-12 0 2.11282e-12 0 2.12089e-12 0
2244.63 1.87996e-11 1.87996e-11 2.19439e-17 1.16725e-06 6.42233e-06 5.07234e-14 0 9.82605e-14 0 2.13415e-13 0 3.45522e-13 0 4.18848e-13 0 4.67172e-13 0 5.03954e-13 0 5.34009e-13 0 6.37265e-13 0 7.5659e-13 0 8.3444e-13 0 8.94056e-13 0 9.42288e-13 0 9.83962e-13 0 1.0201e-12 0 1.05209e-12 0 1.0813e-12 0 1.10775e-12 0 1.13281e-12 0 1.15544e-12 0 1.17668e-12 0 1.19688e-12 0 1.21604e-12 0 1.23416e-12 0 1.25124e-12 0 1.26762e-12 0 1.2833e-12 0 1.29864e-12 0 1.31259e-12 0 1.32654e-12 0 1.33979e-12 0 1.35304e-12 0 1.3656e-12 0 1.37746e-12 0 1.38932e-12 0 1.40049e-12 0 1.41165e-12 0 1.42282e-12 0 1.43329e-12 0 1.44306e-12 0 1.45353e-12 0 1.4633e-12 0 1.47237e-12 0 1.48215e-12 0 1.49122e-12 0 1.4996e-12 0 1.50868e-12 0 1.51706e-12 0 1.52544e-12 0 1.53382e-12 0 1.5415e-12 0 1.54988e-12 0 1.55756e-12 0 1.56525e-12 0 1.57223e-12 0 1.57991e-12 0 1.5869e-12 0 1.59458e-12 0 1.60157e-12 0 1.60855e-12 0 1.61484e-12 0 1.62183e-12 0 1.62811e-12 0 1.6351e-12 0 1.64139e-12 0 1.64768e-12 0 1.65396e-12 0 1.66025e-12 0
2359.84 1.78723e-11 1.78722e-11 1.79805e-17 1.00606e-06 5.82063e-06 4.23483e-14 0 8.03167e-14 0 1.71087e-13 0 2.74529e-13 0 3.31815e-13 0 3.69539e-13 0 3.98242e-13 0 4.21689e-13 0 5.02208e-13 0 5.9521e-13 0 6.55868e-13 0 7.02311e-13 0 7.39882e-13 0 7.72341e-13 0 8.00488e-13 0 8.25399e-13 0 8.48153e-13 0 8.68746e-13 0 8.88261e-13 0 9.05882e-13 0 9.22423e-13 0 9.38154e-13 0 9.53073e-13 0 9.67181e-13 0 9.80476e-13 0 9.93231e-13 0 1.00544e-12 0 1.01739e-12 0 1.02825e-12 0 1.03911e-12 0 1.04942e-12 0 1.05974e-12 0 1.06952e-12 0 1.07875e-12 0 1.08799e-12 0 1.09668e-12 0 1.10537e-12 0 1.11407e-12 0 1.12222e-12 0 1.12982e-12 0 1.13798e-12 0 1.14558e-12 0 1.15265e-12 0 1.16026e-12 0 1.16732e-12 0 1.17385e-12 0 1.18091e-12 0 1.18744e-12 0 1.19396e-12 0 1.20048e-12 0 1.20646e-12 0 1.21299e-12 0 1.21897e-12 0 1.22495e-12 0 1.23039e-12 0 1.23637e-12 0 1.2418e-12 0 1.24779e-12 0 1.25322e-12 0 1.25866e-12 0 1.26356e-12 0 1.26899e-12 0 1.27389e-12 0 1.27933e-12 0 1.28422e-12 0 1.28912e-12 0 1.29401e-12 0 1.29891e-12 0
2480.97 1.69857e-11 1.69857e-11 1.4693e-17 8.65019e-07 5.27114e-06 3.51997e-14 0 6.54454e-14 0 1.3689e-13 0 2.17815e-13 0 2.62541e-13 0 2.91973e-13 0 3.14358e-13 0 3.3264e-13 0 3.95398e-13 0 4.67853e-13 0 5.15096e-13 0 5.51262e-13 0 5.80517e-13 0 6.0579e-13 0 6.27704e-13 0 6.47098e-13 0 6.64811e-13 0 6.80842e-13 0 6.96033e-13 0 7.09751e-13 0 7.22626e-13 0 7.34871e-13 0 7.46484e-13 0 7.57465e-13 0 7.67814e-13 0 7.77742e-13 0 7.87248e-13 0 7.96544e-13 0 8.04996e-13 0 8.13448e-13 0 8.21479e-13 0 8.2951e-13 0 8.37119e-13 0 8.44306e-13 0 8.51493e-13 0 8.58258e-13 0 8.65023e-13 0 8.71789e-13 0 8.78132e-13 0 8.84053e-13 0 8.90396e-13 0 8.96318e-13 0 9.01816e-13 0 9.07738e-13 0 9.13237e-13 0 9.18313e-13 0 9.23812e-13 0 9.28889e-13 0 9.33965e-13 0 9.39042e-13 0 9.43696e-13 0 9.48774e-13 0 9.53428e-13 0 9.58082e-13 0 9.62314e-13 0 9.66968e-13 0 9.712e-13 0 9.75855e-13 0 9.80087e-13 0 9.84319e-13 0 9.88128e-13 0 9.9236e-13 0 9.96169e-13 0 1.0004e-12 0 1.00421e-12 0 1.00802e-12 0 1.01183e-12 0 1.01564e-12 0
2608.32 1.61389e-11 1.61389e-11 1.19774e-17 7.42144e-07 4.76981e-06 2.91365e-14 0 5.31722e-14 0 1.0933e-13 0 1.7259e-13 0 2.07487e-13 0 2.30437e-13 0 2.47887e-13 0 2.62135e-13 0 3.11028e-13 0 3.67452e-13 0 4.04233e-13 0 4.32387e-13 0 4.55158e-13 0 4.74828e-13 0 4.91884e-13 0 5.06977e-13 0 5.20762e-13 0 5.33238e-13 0 5.4506e-13 0 5.55734e-13 0 5.65753e-13 0 5.75281e-13 0 5.84318e-13 0 5.92863e-13 0 6.00915e-13 0 6.0864e-13 0 6.16037e-13 0 6.2327e-13 0 6.29846e-13 0 6.36423e-13 0 6.42672e-13 0 6.4892e-13 0 6.54841e-13 0 6.60432e-13 0 6.66024e-13 0 6.71288e-13 0 6.76552e-13 0 6.81815e-13 0 6.86751e-13 0 6.91357e-13 0 6.96293e-13 0 7.009e-13 0 7.05178e-13 0 7.09785e-13 0 7.14063e-13 0 7.18012e-13 0 7.22291e-13 0 7.2624e-13 0 7.3019e-13 0 7.3414e-13 0 7.37761e-13 0 7.41711e-13 0 7.45332e-13 0 7.48953e-13 0 7.52245e-13 0 7.55866e-13 0 7.59158e-13 0 7.6278e-13 0 7.66072e-13 0 7.69365e-13 0 7.72328e-13 0 7.7562e-13 0 7.78584e-13 0 7.81876e-13 0 7.8484e-13 0 7.87803e-13 0 7.90767e-13 0 7.93731e-13 0
2742.21 1.5342e-11 1.5342e-11 9.81781e-18 6.3993e-07 4.32303e-06 2.40421e-14 0 4.31151e-14 0 8.72352e-14 0 1.36687e-13 0 1.63922e-13 0 1.81822e-13 0 1.95428e-13 0 2.06536e-13 0 2.4464e-13 0 2.88597e-13 0 3.17245e-13 0 3.3917e-13 0 3.56902e-13 0 3.72218e-13 0 3.85498e-13 0 3.9725e-13 0 4.07983e-13 0 4.17696e-13 0 4.269e-13 0 4.3521e-13 0 4.4301e-13 0 4.50428e-13 0 4.57463e-13 0 4.64115e-13 0 4.70383e-13 0 4.76397e-13 0 4.82155e-13 0 4.87786e-13 0 4.92905e-13 0 4.98025e-13 0 5.02888e-13 0 5.07753e-13 0 5.12361e-13 0 5.16714e-13 0 5.21067e-13 0 5.25164e-13 0 5.29261e-13 0 5.33359e-13 0 5.372e-13 0 5.40786e-13 0 5.44628e-13 0 5.48214e-13 0 5.51544e-13 0 5.5513e-13 0 5.5846e-13 0 5.61534e-13 0 5.64864e-13 0 5.67939e-13 0 5.71013e-13 0 5.74087e-13 0 5.76906e-13 0 5.7998e-13 0 5.82799e-13 0 5.85617e-13 0 5.8818e-13 0 5.90998e-13 0 5.93561e-13 0 5.96379e-13 0 5.98942e-13 0 6.01505e-13 0 6.03811e-13 0 6.06374e-13 0 6.0868e-13 0 6.11243e-13 0 6.1355e-13 0 6.15856e-13 0 6.18163e-13 0 6.2047e-13 0
2882.97 1.45904e-11 1.45904e-11 8.07533e-18 5.53469e-07 3.92237e-06 1.97789e-14 0 3.48928e-14 0 6.9539e-14 0 1.08196e-13 0 1.29453e-13 0 1.43417e-13 0 1.54029e-13 0 1.6269e-13 0 1.92394e-13 0 2.26648e-13 0 2.48968e-13 0 2.66049e-13 0 2.79861e-13 0 2.91792e-13 0 3.02136e-13 0 3.11289e-13 0 3.19648e-13 0 3.27213e-13 0 3.34381e-13 0 3.40853e-13 0 3.46928e-13 0 3.52705e-13 0 3.58183e-13 0 3.63364e-13 0 3.68245e-13 0 3.72928e-13 0 3.77413e-13 0 3.81797e-13 0 3.85784e-13 0 3.89771e-13 0 3.93558e-13 0 3.97346e-13 0 4.00935e-13 0 4.04324e-13 0 4.07714e-13 0 4.10905e-13 0 4.14095e-13 0 4.17286e-13 0 4.20277e-13 0 4.23069e-13 0 4.26061e-13 0 4.28853e-13 0 4.31446e-13 0 4.34239e-13 0 4.36832e-13 0 4.39225e-13 0 4.41819e-13 0 4.44212e-13 0 4.46606e-13 0 4.49e-13 0 4.51195e-13 0 4.53589e-13 0 4.55783e-13 0 4.57978e-13 0 4.59973e-13 0 4.62168e-13 0 4.64163e-13 0 4.66358e-13 0 4.68353e-13 0 4.70349e-13 0 4.72145e-13 0 4.7414e-13 0 4.75936e-13 0 4.77932e-13 0 4.79728e-13 0 4.81524e-13 0 4.8332e-13 0 4.85116e-13 0
3030.95 1.38716e-11 1.38716e-11 6.62136e-18 4.77333e-07 3.55572e-06 1.62148e-14 0 2.81685e-14 0 5.5345e-14 0 8.55426e-14 0 1.02125e-13 0 1.13014e-13 0 1.21286e-13 0 1.28036e-13 0 1.51181e-13 0 1.77865e-13 0 1.95248e-13 0 2.0855e-13 0 2.19305e-13 0 2.28595e-13 0 2.36649e-13 0 2.43776e-13 0 2.50284e-13 0 2.56174e-13 0 2.61755e-13 0 2.66794e-13 0 2.71523e-13 0 2.76021e-13 0 2.80286e-13 0 2.84319e-13 0 2.88119e-13 0 2.91765e-13 0 2.95256e-13 0 2.98669e-13 0 3.01773e-13 0 3.04876e-13 0 3.07825e-13 0 3.10774e-13 0 3.13567e-13 0 3.16206e-13 0 3.18845e-13 0 3.21328e-13 0 3.23812e-13 0 3.26296e-13 0 3.28624e-13 0 3.30798e-13 0 3.33127e-13 0 3.353e-13 0 3.37319e-13 0 3.39492e-13 0 3.41511e-13 0 3.43374e-13 0 3.45393e-13 0 3.47256e-13 0 3.4912e-13 0 3.50983e-13 0 3.52691e-13 0 3.54555e-13 0 3.56263e-13 0 3.57971e-13 0 3.59525e-13 0 3.61233e-13 0 3.62786e-13 0 3.64495e-13 0 3.66048e-13 0 3.67601e-13 0 3.68999e-13 0 3.70552e-13 0 3.7195e-13 0 3.73503e-13 0 3.74901e-13 0 3.76299e-13 0 3.77697e-13 0 3.79095e-13 0
3186.53 1.31845e-11 1.31845e-11 5.41433e-18 4.10659e-07 3.22076e-06 1.32494e-14 0 2.26869e-14 0 4.39825e-14 0 6.75569e-14 0 8.04864e-14 0 8.89724e-14 0 9.54178e-14 0 1.00677e-13 0 1.18705e-13 0 1.39483e-13 0 1.53017e-13 0 1.63371e-13 0 1.71744e-13 0 1.78975e-13 0 1.85244e-13 0 1.90791e-13 0 1.95857e-13 0 2.00441e-13 0 2.04785e-13 0 2.08706e-13 0 2.12387e-13 0 2.15887e-13 0 2.19207e-13 0 2.22346e-13 0 2.25303e-13 0 2.28141e-13 0 2.30857e-13 0 2.33514e-13 0 2.35929e-13 0 2.38345e-13 0 2.40639e-13 0 2.42934e-13 0 2.45108e-13 0 2.47161e-13 0 2.49215e-13 0 2.51148e-13 0 2.5308e-13 0 2.55013e-13 0 2.56826e-13 0 2.58517e-13 0 2.60329e-13 0 2.62021e-13 0 2.63591e-13 0 2.65283e-13 0 2.66854e-13 0 2.68304e-13 0 2.69875e-13 0 2.71325e-13 0 2.72775e-13 0 2.74225e-13 0 2.75554e-13 0 2.77004e-13 0 2.78334e-13 0 2.79663e-13 0 2.80872e-13 0 2.82201e-13 0 2.8341e-13 0 2.84739e-13 0 2.85948e-13 0 2.87156e-13 0 2.88244e-13 0 2.89453e-13 0 2.90541e-13 0 2.91749e-13 0 2.92837e-13 0 2.93925e-13 0 2.95013e-13 0 2.96101e-13 0
3350.09 1.25277e-11 1.25277e-11 4.41619e-18 3.52513e-07 2.91511e-06 1.07926e-14 0 1.82313e-14 0 3.49025e-14 0 5.32949e-14 0 6.3371e-14 0 6.99817e-14 0 7.50016e-14 0 7.90971e-14 0 9.31334e-14 0 1.09307e-13 0 1.1984e-13 0 1.27898e-13 0 1.34413e-13 0 1.4004e-13 0 1.44918e-13 0 1.49234e-13 0 1.53175e-13 0 1.56742e-13 0 1.60122e-13 0 1.63173e-13 0 1.66037e-13 0 1.6876e-13 0 1.71343e-13 0 1.73784e-13 0 1.76086e-13 0 1.78293e-13 0 1.80407e-13 0 1.82473e-13 0 1.84352e-13 0 1.86231e-13 0 1.88017e-13 0 1.89802e-13 0 1.91493e-13 0 1.93091e-13 0 1.94688e-13 0 1.96192e-13 0 1.97696e-13 0 1.99199e-13 0 2.00609e-13 0 2.01925e-13 0 2.03335e-13 0 2.04651e-13 0 2.05873e-13 0 2.07188e-13 0 2.0841e-13 0 2.09538e-13 0 2.1076e-13 0 2.11889e-13 0 2.13017e-13 0 2.14145e-13 0 2.15179e-13 0 2.16307e-13 0 2.17341e-13 0 2.18375e-13 0 2.19315e-13 0 2.2035e-13 0 2.2129e-13 0 2.22324e-13 0 2.23264e-13 0 2.24204e-13 0 2.25051e-13 0 2.25991e-13 0 2.26837e-13 0 2.27777e-13 0 2.28624e-13 0 2.2947e-13 0 2.30316e-13 0 2.31163e-13 0
3522.05 1.19059e-11 1.19059e-11 3.61045e-18 3.03249e-07 2.63999e-06 8.76977e-15 0 1.46268e-14 0 2.76723e-14 0 4.20203e-14 0 4.98726e-14 0 5.50226e-14 0 5.89326e-14 0 6.21221e-14 0 7.30515e-14 0 8.56419e-14 0 9.38403e-14 0 1.00112e-13 0 1.05183e-13 0 1.09562e-13 0 1.13358e-13 0 1.16717e-13 0 1.19784e-13 0 1.22559e-13 0 1.25189e-13 0 1.27564e-13 0 1.29792e-13 0 1.31911e-13 0 1.33921e-13 0 1.35821e-13 0 1.37612e-13 0 1.39329e-13 0 1.40974e-13 0 1.42582e-13 0 1.44044e-13 0 1.45506e-13 0 1.46895e-13 0 1.48284e-13 0 1.496e-13 0 1.50843e-13 0 1.52086e-13 0 1.53256e-13 0 1.54426e-13 0 1.55596e-13 0 1.56693e-13 0 1.57717e-13 0 1.58814e-13 0 1.59838e-13 0 1.60789e-13 0 1.61812e-13 0 1.62763e-13 0 1.63641e-13 0 1.64592e-13 0 1.65469e-13 0 1.66347e-13 0 1.67225e-13 0 1.68029e-13 0 1.68907e-13 0 1.69712e-13 0 1.70516e-13 0 1.71248e-13 0 1.72053e-13 0 1.72784e-13 0 1.73589e-13 0 1.7432e-13 0 1.75052e-13 0 1.7571e-13 0 1.76442e-13 0 1.771e-13 0 1.77832e-13 0 1.7849e-13 0 1.79149e-13 0 1.79807e-13 0 1.80466e-13 0
3702.84 1.13237e-11 1.13237e-11 2.97205e-18 2.62463e-07 2.39595e-06 7.11392e-15 0 1.1724e-14 0 2.19345e-14 0 3.31332e-14 0 3.92563e-14 0 4.32708e-14 0 4.63183e-14 0 4.8804e-14 0 5.73199e-14 0 6.71282e-14 0 7.35141e-14 0 7.83989e-14 0 8.23482e-14 0 8.57586e-14 0 8.87151e-14 0 9.13308e-14 0 9.37195e-14 0 9.5881e-14 0 9.79289e-14 0 9.97779e-14 0 1.01513e-13 0 1.03163e-13 0 1.04728e-13 0 1.06208e-13 0 1.07602e-13 0 1.0894e-13 0 1.10221e-13 0 1.11473e-13 0 1.12611e-13 0 1.1375e-13 0 1.14832e-13 0 1.15913e-13 0 1.16938e-13 0 1.17906e-13 0 1.18874e-13 0 1.19785e-13 0 1.20696e-13 0 1.21607e-13 0 1.22461e-13 0 1.23258e-13 0 1.24112e-13 0 1.2491e-13 0 1.2565e-13 0 1.26447e-13 0 1.27188e-13 0 1.27871e-13 0 1.28611e-13 0 1.29295e-13 0 1.29978e-13 0 1.30662e-13 0 1.31288e-13 0 1.31972e-13 0 1.32598e-13 0 1.33225e-13 0 1.33794e-13 0 1.34421e-13 0 1.3499e-13 0 1.35617e-13 0 1.36187e-13 0 1.36756e-13 0 1.37269e-13 0 1.37838e-13 0 1.38351e-13 0 1.38921e-13 0 1.39433e-13 0 1.39946e-13 0 1.40459e-13 0 1.40971e-13 0
3892.91 1.07668e-11 1.07668e-11 2.43877e-18 2.26509e-07 2.17241e-06 5.75557e-15 0 9.37942e-15 0 1.73647e-14 0 2.61006e-14 0 3.08731e-14 0 3.40012e-14 0 3.63754e-14 0 3.83118e-14 0 4.49448e-14 0 5.2583e-14 0 5.75554e-14 0 6.13588e-14 0 6.44336e-14 0 6.70888e-14 0 6.93905e-14 0 7.14269e-14 0 7.32865e-14 0 7.49692e-14 0 7.65635e-14 0 7.8003e-14 0 7.93539e-14 0 8.06386e-14 0 8.18568e-14 0 8.30087e-14 0 8.40941e-14 0 8.51353e-14 0 8.61323e-14 0 8.71071e-14 0 8.79934e-14 0 8.88797e-14 0 8.97217e-14 0 9.05637e-14 0 9.13614e-14 0 9.21148e-14 0 9.28683e-14 0 9.35774e-14 0 9.42866e-14 0 9.49958e-14 0 9.56607e-14 0 9.62812e-14 0 9.69461e-14 0 9.75667e-14 0 9.8143e-14 0 9.87636e-14 0 9.93399e-14 0 9.98718e-14 0 1.00448e-13 0 1.0098e-13 0 1.01512e-13 0 1.02044e-13 0 1.02532e-13 0 1.03064e-13 0 1.03551e-13 0 1.04039e-13 0 1.04483e-13 0 1.0497e-13 0 1.05414e-13 0 1.05901e-13 0 1.06345e-13 0 1.06788e-13 0 1.07187e-13 0 1.07631e-13 0 1.0803e-13 0 1.08473e-13 0 1.08872e-13 0 1.09271e-13 0 1.0967e-13 0 1.10069e-13 0
4092.73 1.0234e-11 1.0234e-11 1.99547e-18 1.94985e-07 1.96814e-06 4.64493e-15 0 7.48996e-15 0 1.37301e-14 0 2.05411e-14 0 2.42592e-14 0 2.66956e-14 0 2.85446e-14 0 3.00524e-14 0 3.52168e-14 0 4.11627e-14 0 4.50331e-14 0 4.79934e-14 0 5.03865e-14 0 5.2453e-14 0 5.42443e-14 0 5.58291e-14 0 5.72764e-14 0 5.85859e-14 0 5.98267e-14 0 6.09469e-14 0 6.19982e-14 0 6.29979e-14 0 6.39459e-14 0 6.48423e-14 0 6.5687e-14 0 6.64973e-14 0 6.72731e-14 0 6.80317e-14 0 6.87213e-14 0 6.9411e-14 0 7.00662e-14 0 7.07215e-14 0 7.13423e-14 0 7.19286e-14 0 7.25149e-14 0 7.30667e-14 0 7.36185e-14 0 7.41704e-14 0 7.46878e-14 0 7.51707e-14 0 7.56881e-14 0 7.6171e-14 0 7.66194e-14 0 7.71023e-14 0 7.75508e-14 0 7.79647e-14 0 7.84132e-14 0 7.88271e-14 0 7.92411e-14 0 7.96551e-14 0 8.00346e-14 0 8.04486e-14 0 8.0828e-14 0 8.12075e-14 0 8.15525e-14 0 8.1932e-14 0 8.2277e-14 0 8.26565e-14 0 8.30016e-14 0 8.33466e-14 0 8.36571e-14 0 8.40021e-14 0 8.43126e-14 0 8.46577e-14 0 8.49682e-14 0 8.52787e-14 0 8.55892e-14 0 8.58998e-14 0
4302.81 9.7246e-12 9.7246e-12 1.62867e-18 1.67479e-07 1.78183e-06 3.73979e-15 0 5.97085e-15 0 1.08438e-14 0 1.61514e-14 0 1.90469e-14 0 2.09438e-14 0 2.23831e-14 0 2.35568e-14 0 2.75762e-14 0 3.22032e-14 0 3.52148e-14 0 3.75181e-14 0 3.938e-14 0 4.09878e-14 0 4.23815e-14 0 4.36145e-14 0 4.47405e-14 0 4.57593e-14 0 4.67245e-14 0 4.7596e-14 0 4.84139e-14 0 4.91916e-14 0 4.99292e-14 0 5.06265e-14 0 5.12836e-14 0 5.1914e-14 0 5.25175e-14 0 5.31077e-14 0 5.36442e-14 0 5.41807e-14 0 5.46904e-14 0 5.52001e-14 0 5.56831e-14 0 5.61392e-14 0 5.65953e-14 0 5.70245e-14 0 5.74538e-14 0 5.78831e-14 0 5.82856e-14 0 5.86613e-14 0 5.90638e-14 0 5.94394e-14 0 5.97883e-14 0 6.01639e-14 0 6.05128e-14 0 6.08348e-14 0 6.11836e-14 0 6.15057e-14 0 6.18277e-14 0 6.21497e-14 0 6.24449e-14 0 6.2767e-14 0 6.30622e-14 0 6.33574e-14 0 6.36258e-14 0 6.3921e-14 0 6.41894e-14 0 6.44846e-14 0 6.4753e-14 0 6.50213e-14 0 6.52629e-14 0 6.55313e-14 0 6.57728e-14 0 6.60412e-14 0 6.62828e-14 0 6.65243e-14 0 6.67659e-14 0 6.70075e-14 0
4523.68 9.23968e-12 9.23968e-12 1.32786e-18 1.43713e-07 1.61232e-06 3.00492e-15 0 4.75298e-15 0 8.55645e-15 0 1.26914e-14 0 1.49457e-14 0 1.64223e-14 0 1.75425e-14 0 1.8456e-14 0 2.15838e-14 0 2.51839e-14 0 2.75269e-14 0 2.93188e-14 0 3.07673e-14 0 3.2018e-14 0 3.31022e-14 0 3.40613e-14 0 3.49372e-14 0 3.57297e-14 0 3.64806e-14 0 3.71585e-14 0 3.77947e-14 0 3.83996e-14 0 3.89733e-14 0 3.95158e-14 0 4.00269e-14 0 4.05172e-14 0 4.09867e-14 0 4.14457e-14 0 4.18631e-14 0 4.22804e-14 0 4.26769e-14 0 4.30734e-14 0 4.3449e-14 0 4.38038e-14 0 4.41585e-14 0 4.44925e-14 0 4.48264e-14 0 4.51603e-14 0 4.54734e-14 0 4.57655e-14 0 4.60786e-14 0 4.63708e-14 0 4.66421e-14 0 4.69344e-14 0 4.72057e-14 0 4.74562e-14 0 4.77275e-14 0 4.7978e-14 0 4.82285e-14 0 4.8479e-14 0 4.87086e-14 0 4.8959e-14 0 4.91887e-14 0 4.94183e-14 0 4.9627e-14 0 4.98566e-14 0 5.00654e-14 0 5.0295e-14 0 5.05038e-14 0 5.07125e-14 0 5.09004e-14 0 5.11092e-14 0 5.1297e-14 0 5.15058e-14 0 5.16937e-14 0 5.18816e-14 0 5.20695e-14 0 5.22573e-14 0
4755.88 8.78854e-12 8.78853e-12 1.09402e-18 1.24483e-07 1.46365e-06 2.41271e-15 0 3.78289e-15 0 6.75385e-15 0 9.97824e-15 0 1.17351e-14 0 1.28856e-14 0 1.37585e-14 0 1.44701e-14 0 1.69066e-14 0 1.97107e-14 0 2.15355e-14 0 2.2931e-14 0 2.4059e-14 0 2.5033e-14 0 2.58773e-14 0 2.66243e-14 0 2.73063e-14 0 2.79235e-14 0 2.85082e-14 0 2.90361e-14 0 2.95315e-14 0 3.00026e-14 0 3.04493e-14 0 3.08717e-14 0 3.12697e-14 0 3.16515e-14 0 3.20171e-14 0 3.23746e-14 0 3.26995e-14 0 3.30245e-14 0 3.33332e-14 0 3.3642e-14 0 3.39345e-14 0 3.42107e-14 0 3.4487e-14 0 3.4747e-14 0 3.5007e-14 0 3.5267e-14 0 3.55108e-14 0 3.57383e-14 0 3.59821e-14 0 3.62096e-14 0 3.64209e-14 0 3.66484e-14 0 3.68597e-14 0 3.70547e-14 0 3.7266e-14 0 3.7461e-14 0 3.76561e-14 0 3.78511e-14 0 3.80299e-14 0 3.8225e-14 0 3.84037e-14 0 3.85825e-14 0 3.87451e-14 0 3.89239e-14 0 3.90864e-14 0 3.92652e-14 0 3.94278e-14 0 3.95903e-14 0 3.97366e-14 0 3.98991e-14 0 4.00454e-14 0 4.0208e-14 0 4.03543e-14 0 4.05006e-14 0 4.06469e-14 0 4.07932e-14 0
5000 8.35647e-12 8.35647e-12 8.98383e-19 1.07507e-07 1.32741e-06 1.93323e-15 0 3.00615e-15 0 5.32529e-15 0 7.83835e-15 0 9.20696e-15 0 1.01031e-14 0 1.07828e-14 0 1.1337e-14 0 1.32342e-14 0 1.54174e-14 0 1.6838e-14 0 1.79244e-14 0 1.88026e-14 0 1.95608e-14 0 2.02181e-14 0 2.07995e-14 0 2.13305e-14 0 2.18109e-14 0 2.2266e-14 0 2.2677e-14 0 2.30626e-14 0 2.34293e-14 0 2.37771e-14 0 2.41059e-14 0 2.44157e-14 0 2.47129e-14 0 2.49974e-14 0 2.52757e-14 0 2.55286e-14 0 2.57816e-14 0 2.60219e-14 0 2.62622e-14 0 2.64899e-14 0 2.67049e-14 0 2.692e-14 0 2.71224e-14 0 2.73247e-14 0 2.75271e-14 0 2.77169e-14 0 2.7894e-14 0 2.80837e-14 0 2.82608e-14 0 2.84253e-14 0 2.86024e-14 0 2.87669e-14 0 2.89187e-14 0 2.90831e-14 0 2.92349e-14 0 2.93868e-14 0 2.95386e-14 0 2.96777e-14 0 2.98295e-14 0 2.99687e-14 0 3.01079e-14 0 3.02344e-14 0 3.03736e-14 0 3.05001e-14 0 3.06393e-14 0 3.07658e-14 0 3.08923e-14 0 3.10062e-14 0 3.11327e-14 0 3.12466e-14 0 3.13731e-14 0 3.1487e-14 0 3.16008e-14 0 3.17147e-14 0 3.18286e-14 0
